location,sex,year,motor_vehicle_road_injuries_deaths_rate_age_standardized
6,3,1980,7.65
6,3,1981,7.43
6,3,1982,7.27
6,3,1983,7.06
6,3,1984,6.86
6,3,1985,6.66
6,3,1986,6.49
6,3,1987,6.36
6,3,1988,6.34
6,3,1989,6.34
6,3,1990,6.32
6,3,1991,6.26
6,3,1992,6.2
6,3,1993,6.12
6,3,1994,6.05
6,3,1995,6
6,3,1996,5.96
6,3,1997,5.91
6,3,1998,5.84
6,3,1999,5.77
6,3,2000,5.69
6,3,2001,5.58
6,3,2002,5.43
6,3,2003,5.25
6,3,2004,5.01
6,3,2005,4.79
6,3,2006,4.59
6,3,2007,4.33
6,3,2008,4.12
6,3,2009,3.82
6,3,2010,3.57
6,3,2011,3.33
6,3,2012,3.11
6,3,2013,2.88
6,3,2014,2.76
6,3,2015,2.7
6,3,2016,2.7
6,3,2017,2.67
6,3,2018,2.7
6,3,2019,2.55
6,3,2020,2.43
6,3,2021,2.49
6,3,2022,2.55
6,3,2023,2.41
7,3,1980,9.29
7,3,1981,9.09
7,3,1982,8.89
7,3,1983,8.65
7,3,1984,8.44
7,3,1985,8.24
7,3,1986,8.1
7,3,1987,7.92
7,3,1988,7.83
7,3,1989,7.7
7,3,1990,7.56
7,3,1991,7.54
7,3,1992,7.44
7,3,1993,7.35
7,3,1994,7.26
7,3,1995,7.13
7,3,1996,7.1
7,3,1997,7.01
7,3,1998,6.92
7,3,1999,6.9
7,3,2000,6.87
7,3,2001,6.75
7,3,2002,6.7
7,3,2003,6.68
7,3,2004,6.72
7,3,2005,6.73
7,3,2006,6.76
7,3,2007,6.67
7,3,2008,6.77
7,3,2009,6.63
7,3,2010,6.66
7,3,2011,6.66
7,3,2012,6.6
7,3,2013,6.57
7,3,2014,6.46
7,3,2015,6.54
7,3,2016,6.54
7,3,2017,6.57
7,3,2018,6.86
7,3,2019,6.85
7,3,2020,6.89
7,3,2021,6.95
7,3,2022,7.08
7,3,2023,7.11
8,3,1980,28.23
8,3,1981,27.92
8,3,1982,26.7
8,3,1983,25.66
8,3,1984,26.02
8,3,1985,26.21
8,3,1986,27.77
8,3,1987,30.25
8,3,1988,31.74
8,3,1989,31.62
8,3,1990,29.63
8,3,1991,28
8,3,1992,27.75
8,3,1993,27.94
8,3,1994,27.31
8,3,1995,26.66
8,3,1996,24.6
8,3,1997,22.44
8,3,1998,20.32
8,3,1999,17.38
8,3,2000,12.57
8,3,2001,10.94
8,3,2002,10.66
8,3,2003,10.38
8,3,2004,9.97
8,3,2005,9.41
8,3,2006,8.62
8,3,2007,6.9
8,3,2008,4.03
8,3,2009,3.23
8,3,2010,2.98
8,3,2011,2.8
8,3,2012,2.56
8,3,2013,2.44
8,3,2014,2.43
8,3,2015,2.35
8,3,2016,2.31
8,3,2017,2.27
8,3,2018,2.26
8,3,2019,2.18
8,3,2020,2.14
8,3,2021,2.21
8,3,2022,2.21
8,3,2023,2.18
10,3,1980,12.25
10,3,1981,12.46
10,3,1982,12.72
10,3,1983,13.04
10,3,1984,13.28
10,3,1985,13.49
10,3,1986,13.67
10,3,1987,13.75
10,3,1988,13.92
10,3,1989,13.98
10,3,1990,13.91
10,3,1991,13.85
10,3,1992,13.69
10,3,1993,13.42
10,3,1994,13.02
10,3,1995,12.57
10,3,1996,11.96
10,3,1997,11.32
10,3,1998,10.86
10,3,1999,10.31
10,3,2000,9.53
10,3,2001,9.27
10,3,2002,8.71
10,3,2003,8.12
10,3,2004,7.73
10,3,2005,7.5
10,3,2006,7.08
10,3,2007,7.06
10,3,2008,6.87
10,3,2009,6.71
10,3,2010,6.49
10,3,2011,6.38
10,3,2012,6.26
10,3,2013,6.09
10,3,2014,5.87
10,3,2015,5.73
10,3,2016,5.64
10,3,2017,5.48
10,3,2018,5.4
10,3,2019,5.36
10,3,2020,5.4
10,3,2021,5.11
10,3,2022,5.22
10,3,2023,5.52
11,3,1980,7.14
11,3,1981,7.08
11,3,1982,6.99
11,3,1983,6.89
11,3,1984,6.77
11,3,1985,6.63
11,3,1986,6.51
11,3,1987,6.35
11,3,1988,6.21
11,3,1989,6.08
11,3,1990,5.94
11,3,1991,5.83
11,3,1992,5.72
11,3,1993,5.63
11,3,1994,5.58
11,3,1995,5.58
11,3,1996,5.64
11,3,1997,5.7
11,3,1998,5.75
11,3,1999,5.84
11,3,2000,5.93
11,3,2001,5.99
11,3,2002,6.02
11,3,2003,6.15
11,3,2004,6.45
11,3,2005,6.43
11,3,2006,6.57
11,3,2007,6.7
11,3,2008,6.78
11,3,2009,6.87
11,3,2010,6.97
11,3,2011,6.98
11,3,2012,6.66
11,3,2013,6.61
11,3,2014,6.51
11,3,2015,6.4
11,3,2016,6.33
11,3,2017,6.24
11,3,2018,6.18
11,3,2019,6.11
11,3,2020,6.18
11,3,2021,6.38
11,3,2022,5.68
11,3,2023,5.62
12,3,1980,7.7
12,3,1981,7.73
12,3,1982,7.79
12,3,1983,7.83
12,3,1984,7.88
12,3,1985,7.94
12,3,1986,7.98
12,3,1987,8.04
12,3,1988,8.12
12,3,1989,8.23
12,3,1990,8.37
12,3,1991,8.51
12,3,1992,8.72
12,3,1993,8.93
12,3,1994,9.07
12,3,1995,9.11
12,3,1996,9.08
12,3,1997,8.96
12,3,1998,8.86
12,3,1999,8.69
12,3,2000,8.32
12,3,2001,8.3
12,3,2002,8.14
12,3,2003,8.05
12,3,2004,7.99
12,3,2005,7.74
12,3,2006,7.7
12,3,2007,7.67
12,3,2008,7.71
12,3,2009,7.79
12,3,2010,7.86
12,3,2011,7.95
12,3,2012,8.08
12,3,2013,8.09
12,3,2014,8.11
12,3,2015,7.45
12,3,2016,7.55
12,3,2017,7.67
12,3,2018,7.83
12,3,2019,7.68
12,3,2020,7.73
12,3,2021,7.56
12,3,2022,7.83
12,3,2023,7.91
13,3,1980,15.74
13,3,1981,15.63
13,3,1982,15.46
13,3,1983,15.25
13,3,1984,14.97
13,3,1985,14.5
13,3,1986,14.14
13,3,1987,13.77
13,3,1988,13.48
13,3,1989,13.32
13,3,1990,13.16
13,3,1991,13.07
13,3,1992,12.93
13,3,1993,12.84
13,3,1994,12.91
13,3,1995,12.94
13,3,1996,13.04
13,3,1997,12.91
13,3,1998,13.01
13,3,1999,12.68
13,3,2000,12.42
13,3,2001,11.9
13,3,2002,11.65
13,3,2003,11.47
13,3,2004,11.22
13,3,2005,10.91
13,3,2006,10.67
13,3,2007,10.61
13,3,2008,10.61
13,3,2009,10.7
13,3,2010,10.6
13,3,2011,10.56
13,3,2012,10.29
13,3,2013,10.11
13,3,2014,9.94
13,3,2015,9.74
13,3,2016,9.46
13,3,2017,9.04
13,3,2018,8.54
13,3,2019,7.86
13,3,2020,7.32
13,3,2021,7.03
13,3,2022,7.72
13,3,2023,7.62
14,3,1980,2.24
14,3,1981,2.18
14,3,1982,2.18
14,3,1983,2.2
14,3,1984,2.23
14,3,1985,2.18
14,3,1986,2.19
14,3,1987,2.17
14,3,1988,2.15
14,3,1989,2.14
14,3,1990,2.15
14,3,1991,2.17
14,3,1992,2.16
14,3,1993,2.12
14,3,1994,2.05
14,3,1995,1.97
14,3,1996,1.96
14,3,1997,1.92
14,3,1998,1.85
14,3,1999,1.72
14,3,2000,1.68
14,3,2001,1.64
14,3,2002,1.59
14,3,2003,1.57
14,3,2004,1.57
14,3,2005,1.54
14,3,2006,1.54
14,3,2007,1.52
14,3,2008,1.52
14,3,2009,1.51
14,3,2010,1.49
14,3,2011,1.46
14,3,2012,1.43
14,3,2013,1.41
14,3,2014,1.38
14,3,2015,1.36
14,3,2016,1.34
14,3,2017,1.33
14,3,2018,1.31
14,3,2019,1.28
14,3,2020,1.21
14,3,2021,1.11
14,3,2022,1.12
14,3,2023,1.12
15,3,1980,10.1
15,3,1981,10
15,3,1982,9.91
15,3,1983,9.86
15,3,1984,9.78
15,3,1985,9.68
15,3,1986,9.68
15,3,1987,9.68
15,3,1988,9.69
15,3,1989,9.74
15,3,1990,9.78
15,3,1991,9.94
15,3,1992,9.95
15,3,1993,9.95
15,3,1994,9.89
15,3,1995,9.86
15,3,1996,9.77
15,3,1997,9.69
15,3,1998,9.64
15,3,1999,9.49
15,3,2000,9.4
15,3,2001,9.35
15,3,2002,9.05
15,3,2003,8.86
15,3,2004,8.57
15,3,2005,8.41
15,3,2006,7.88
15,3,2007,7.57
15,3,2008,7.69
15,3,2009,7.36
15,3,2010,7.03
15,3,2011,6.88
15,3,2012,6.46
15,3,2013,5.63
15,3,2014,5.65
15,3,2015,6.45
15,3,2016,6.39
15,3,2017,6.39
15,3,2018,5.52
15,3,2019,5.54
15,3,2020,5.66
15,3,2021,5.96
15,3,2022,5.63
15,3,2023,5.81
16,3,1980,4.73
16,3,1981,4.75
16,3,1982,4.81
16,3,1983,4.99
16,3,1984,5.15
16,3,1985,5.21
16,3,1986,5.28
16,3,1987,5.2
16,3,1988,5.09
16,3,1989,4.98
16,3,1990,4.83
16,3,1991,4.77
16,3,1992,4.74
16,3,1993,4.7
16,3,1994,4.64
16,3,1995,4.63
16,3,1996,4.68
16,3,1997,4.7
16,3,1998,4.68
16,3,1999,4.73
16,3,2000,4.78
16,3,2001,4.85
16,3,2002,4.9
16,3,2003,4.86
16,3,2004,4.85
16,3,2005,4.89
16,3,2006,4.89
16,3,2007,4.84
16,3,2008,4.88
16,3,2009,4.95
16,3,2010,4.99
16,3,2011,5.02
16,3,2012,5.01
16,3,2013,5.02
16,3,2014,5.09
16,3,2015,4.5
16,3,2016,4.68
16,3,2017,4.7
16,3,2018,4.6
16,3,2019,4.45
16,3,2020,4.18
16,3,2021,4.66
16,3,2022,4.73
16,3,2023,4.19
17,3,1980,6.28
17,3,1981,6.2
17,3,1982,6.34
17,3,1983,6.48
17,3,1984,6.69
17,3,1985,6.82
17,3,1986,6.86
17,3,1987,6.91
17,3,1988,7.22
17,3,1989,7.23
17,3,1990,7.37
17,3,1991,7.08
17,3,1992,6.69
17,3,1993,6.67
17,3,1994,6.85
17,3,1995,7.11
17,3,1996,7.72
17,3,1997,7.55
17,3,1998,7.51
17,3,1999,7.25
17,3,2000,6.81
17,3,2001,6.48
17,3,2002,6.04
17,3,2003,5.52
17,3,2004,5.57
17,3,2005,4.91
17,3,2006,4.81
17,3,2007,4.8
17,3,2008,4.65
17,3,2009,4.71
17,3,2010,4.69
17,3,2011,4.57
17,3,2012,4.44
17,3,2013,4.38
17,3,2014,4.36
17,3,2015,4.25
17,3,2016,4.15
17,3,2017,4.15
17,3,2018,4.14
17,3,2019,3.94
17,3,2020,3.86
17,3,2021,3.63
17,3,2022,4.76
17,3,2023,5.21
18,3,1980,12.84
18,3,1981,12.59
18,3,1982,12.09
18,3,1983,11.37
18,3,1984,10.29
18,3,1985,9.3
18,3,1986,8.74
18,3,1987,8.61
18,3,1988,8.73
18,3,1989,8.96
18,3,1990,9.12
18,3,1991,9.31
18,3,1992,9.59
18,3,1993,10.07
18,3,1994,10.76
18,3,1995,11.3
18,3,1996,10.55
18,3,1997,8.7
18,3,1998,8.01
18,3,1999,9.06
18,3,2000,9.69
18,3,2001,10.03
18,3,2002,9.56
18,3,2003,9.47
18,3,2004,9.07
18,3,2005,8.41
18,3,2006,7.77
18,3,2007,7.41
18,3,2008,7.53
18,3,2009,7.58
18,3,2010,7.78
18,3,2011,7.81
18,3,2012,8.02
18,3,2013,7.94
18,3,2014,8.01
18,3,2015,8.06
18,3,2016,8.06
18,3,2017,7.84
18,3,2018,7.44
18,3,2019,7.44
18,3,2020,7.37
18,3,2021,7.51
18,3,2022,7.71
18,3,2023,7.57
19,3,1980,8.4
19,3,1981,8.32
19,3,1982,8.18
19,3,1983,8.08
19,3,1984,8.03
19,3,1985,8.01
19,3,1986,7.97
19,3,1987,7.98
19,3,1988,7.9
19,3,1989,7.87
19,3,1990,7.9
19,3,1991,7.84
19,3,1992,7.87
19,3,1993,7.87
19,3,1994,7.7
19,3,1995,7.51
19,3,1996,7.3
19,3,1997,7.01
19,3,1998,6.75
19,3,1999,6.45
19,3,2000,6.36
19,3,2001,6.09
19,3,2002,5.6
19,3,2003,5.54
19,3,2004,4.96
19,3,2005,5.03
19,3,2006,4.89
19,3,2007,4.88
19,3,2008,4.82
19,3,2009,5.01
19,3,2010,5.12
19,3,2011,5.69
19,3,2012,5.89
19,3,2013,6.02
19,3,2014,6.13
19,3,2015,6.27
19,3,2016,6.33
19,3,2017,6.46
19,3,2018,6.58
19,3,2019,6.68
19,3,2020,6.79
19,3,2021,6.63
19,3,2022,6.39
19,3,2023,6.49
20,3,1980,13.31
20,3,1981,13.04
20,3,1982,12.79
20,3,1983,12.5
20,3,1984,12.24
20,3,1985,12
20,3,1986,11.77
20,3,1987,11.57
20,3,1988,11.46
20,3,1989,11.35
20,3,1990,11.23
20,3,1991,11.15
20,3,1992,11.06
20,3,1993,10.9
20,3,1994,10.74
20,3,1995,10.59
20,3,1996,10.44
20,3,1997,10.27
20,3,1998,10.11
20,3,1999,9.97
20,3,2000,9.84
20,3,2001,9.8
20,3,2002,9.66
20,3,2003,9.51
20,3,2004,9.36
20,3,2005,9.16
20,3,2006,8.97
20,3,2007,8.79
20,3,2008,8.6
20,3,2009,8.37
20,3,2010,8.45
20,3,2011,8.32
20,3,2012,8.09
20,3,2013,6.97
20,3,2014,6.94
20,3,2015,6.79
20,3,2016,6.7
20,3,2017,6.52
20,3,2018,6.39
20,3,2019,6.27
20,3,2020,6.19
20,3,2021,5.99
20,3,2022,5.95
20,3,2023,6.04
22,3,1980,8.05
22,3,1981,7.78
22,3,1982,7.85
22,3,1983,7.91
22,3,1984,7.89
22,3,1985,7.63
22,3,1986,7.48
22,3,1987,7.49
22,3,1988,7.46
22,3,1989,7.46
22,3,1990,7.45
22,3,1991,7.47
22,3,1992,7.55
22,3,1993,7.53
22,3,1994,7.57
22,3,1995,7.59
22,3,1996,7.52
22,3,1997,7.48
22,3,1998,7.6
22,3,1999,7.5
22,3,2000,7.36
22,3,2001,7.34
22,3,2002,7.39
22,3,2003,7.45
22,3,2004,7.48
22,3,2005,7.23
22,3,2006,6.97
22,3,2007,6.76
22,3,2008,6.53
22,3,2009,6.33
22,3,2010,6.16
22,3,2011,5.97
22,3,2012,5.72
22,3,2013,6.46
22,3,2014,6.39
22,3,2015,5.58
22,3,2016,5.5
22,3,2017,5.48
22,3,2018,5.48
22,3,2019,5.36
22,3,2020,5.39
22,3,2021,5.37
22,3,2022,5.52
22,3,2023,5.72
23,3,1980,4.87
23,3,1981,4.8
23,3,1982,4.77
23,3,1983,4.71
23,3,1984,4.67
23,3,1985,4.6
23,3,1986,4.55
23,3,1987,4.52
23,3,1988,4.48
23,3,1989,4.49
23,3,1990,4.42
23,3,1991,4.4
23,3,1992,4.25
23,3,1993,4.36
23,3,1994,4.5
23,3,1995,4.68
23,3,1996,4.64
23,3,1997,4.59
23,3,1998,4.59
23,3,1999,4.59
23,3,2000,4.56
23,3,2001,4.49
23,3,2002,4.44
23,3,2003,4.3
23,3,2004,4.15
23,3,2005,4.05
23,3,2006,3.96
23,3,2007,3.99
23,3,2008,4.03
23,3,2009,4.04
23,3,2010,4.08
23,3,2011,4.06
23,3,2012,3.96
23,3,2013,3.96
23,3,2014,3.9
23,3,2015,3.81
23,3,2016,3.76
23,3,2017,3.78
23,3,2018,3.44
23,3,2019,3.34
23,3,2020,3.45
23,3,2021,3.58
23,3,2022,3.39
23,3,2023,3.38
24,3,1980,18.2
24,3,1981,17.87
24,3,1982,17.56
24,3,1983,16.52
24,3,1984,16.03
24,3,1985,15.63
24,3,1986,15.24
24,3,1987,15.11
24,3,1988,14.89
24,3,1989,14.55
24,3,1990,14.36
24,3,1991,14.34
24,3,1992,14.36
24,3,1993,14.41
24,3,1994,14.89
24,3,1995,14.82
24,3,1996,14.8
24,3,1997,14.75
24,3,1998,14.73
24,3,1999,14.59
24,3,2000,14.64
24,3,2001,14.51
24,3,2002,14.38
24,3,2003,14.44
24,3,2004,14.22
24,3,2005,14.01
24,3,2006,13.61
24,3,2007,13.51
24,3,2008,13.15
24,3,2009,13
24,3,2010,12.91
24,3,2011,12.91
24,3,2012,12.64
24,3,2013,12.53
24,3,2014,12.35
24,3,2015,12.33
24,3,2016,12.19
24,3,2017,12.2
24,3,2018,12.22
24,3,2019,12.25
24,3,2020,12.4
24,3,2021,13.48
24,3,2022,12.9
24,3,2023,12.96
25,3,1980,12.7
25,3,1981,12.39
25,3,1982,11.92
25,3,1983,11.79
25,3,1984,11.37
25,3,1985,11.04
25,3,1986,10.84
25,3,1987,10.64
25,3,1988,10.44
25,3,1989,10.39
25,3,1990,10.22
25,3,1991,10.08
25,3,1992,9.98
25,3,1993,9.89
25,3,1994,9.78
25,3,1995,9.82
25,3,1996,9.8
25,3,1997,9.75
25,3,1998,9.75
25,3,1999,9.72
25,3,2000,10
25,3,2001,9.82
25,3,2002,9.75
25,3,2003,9.4
25,3,2004,9.14
25,3,2005,9
25,3,2006,8.66
25,3,2007,8.51
25,3,2008,8.1
25,3,2009,7.67
25,3,2010,7.36
25,3,2011,6.97
25,3,2012,6.73
25,3,2013,6.46
25,3,2014,6.24
25,3,2015,6.18
25,3,2016,5.94
25,3,2017,5.77
25,3,2018,5.79
25,3,2019,5.45
25,3,2020,5.41
25,3,2021,5.73
25,3,2022,5.18
25,3,2023,5.21
26,3,1980,13.18
26,3,1981,12.95
26,3,1982,12.42
26,3,1983,12.12
26,3,1984,11.83
26,3,1985,11.62
26,3,1986,11.4
26,3,1987,11.09
26,3,1988,10.86
26,3,1989,10.72
26,3,1990,10.59
26,3,1991,10.54
26,3,1992,10.5
26,3,1993,10.44
26,3,1994,10.44
26,3,1995,10.36
26,3,1996,10.45
26,3,1997,10.3
26,3,1998,10.27
26,3,1999,10.31
26,3,2000,10.17
26,3,2001,9.95
26,3,2002,9.82
26,3,2003,9.57
26,3,2004,9.4
26,3,2005,9.41
26,3,2006,9.43
26,3,2007,9.72
26,3,2008,9.71
26,3,2009,9.56
26,3,2010,10.02
26,3,2011,10.27
26,3,2012,10.24
26,3,2013,9.8
26,3,2014,9.9
26,3,2015,10.21
26,3,2016,9.85
26,3,2017,9.88
26,3,2018,9.82
26,3,2019,10.14
26,3,2020,9.86
26,3,2021,9.6
26,3,2022,9.85
26,3,2023,9.84
27,3,1980,8.02
27,3,1981,7.91
27,3,1982,7.83
27,3,1983,7.73
27,3,1984,7.71
27,3,1985,7.61
27,3,1986,7.55
27,3,1987,7.5
27,3,1988,7.44
27,3,1989,7.4
27,3,1990,7.36
27,3,1991,7.35
27,3,1992,7.32
27,3,1993,7.3
27,3,1994,7.31
27,3,1995,7.29
27,3,1996,7.28
27,3,1997,7.28
27,3,1998,7.25
27,3,1999,7.25
27,3,2000,7.19
27,3,2001,7.18
27,3,2002,7.08
27,3,2003,7.02
27,3,2004,6.87
27,3,2005,6.69
27,3,2006,6.55
27,3,2007,6.53
27,3,2008,6.48
27,3,2009,6.32
27,3,2010,6.16
27,3,2011,6.07
27,3,2012,5.97
27,3,2013,5.88
27,3,2014,5.84
27,3,2015,6.18
27,3,2016,6.08
27,3,2017,5.93
27,3,2018,5.78
27,3,2019,5.73
27,3,2020,5.71
27,3,2021,6.13
27,3,2022,5.86
27,3,2023,5.95
28,3,1980,9.33
28,3,1981,9.12
28,3,1982,8.85
28,3,1983,8.65
28,3,1984,8.35
28,3,1985,8.1
28,3,1986,7.99
28,3,1987,7.9
28,3,1988,7.73
28,3,1989,7.65
28,3,1990,7.57
28,3,1991,7.74
28,3,1992,7.59
28,3,1993,7.55
28,3,1994,7.55
28,3,1995,7.41
28,3,1996,7.39
28,3,1997,7.45
28,3,1998,7.42
28,3,1999,7.3
28,3,2000,7.27
28,3,2001,7.02
28,3,2002,6.94
28,3,2003,6.77
28,3,2004,6.57
28,3,2005,6.56
28,3,2006,6.54
28,3,2007,6.41
28,3,2008,6.14
28,3,2009,6.47
28,3,2010,6.37
28,3,2011,6.92
28,3,2012,7.08
28,3,2013,7.19
28,3,2014,7.48
28,3,2015,7.45
28,3,2016,7.21
28,3,2017,7.19
28,3,2018,6.33
28,3,2019,6.45
28,3,2020,6.59
28,3,2021,6.73
28,3,2022,6.94
28,3,2023,6.97
29,3,1980,10.21
29,3,1981,10.04
29,3,1982,9.79
29,3,1983,9.6
29,3,1984,9.31
29,3,1985,9.15
29,3,1986,8.96
29,3,1987,8.87
29,3,1988,8.67
29,3,1989,8.59
29,3,1990,8.54
29,3,1991,8.52
29,3,1992,8.57
29,3,1993,8.53
29,3,1994,8.45
29,3,1995,8.48
29,3,1996,8.43
29,3,1997,8.35
29,3,1998,8.26
29,3,1999,8.24
29,3,2000,8.06
29,3,2001,7.87
29,3,2002,7.49
29,3,2003,7.01
29,3,2004,6.38
29,3,2005,6.08
29,3,2006,5.44
29,3,2007,5.48
29,3,2008,5.37
29,3,2009,5.88
29,3,2010,6.23
29,3,2011,6.9
29,3,2012,6.67
29,3,2013,5.75
29,3,2014,5.65
29,3,2015,5.61
29,3,2016,5.47
29,3,2017,5.34
29,3,2018,5.2
29,3,2019,5.09
29,3,2020,5.13
29,3,2021,5.65
29,3,2022,5.28
29,3,2023,5.28
30,3,1980,6.5
30,3,1981,6.34
30,3,1982,6.29
30,3,1983,5.91
30,3,1984,5.76
30,3,1985,5.68
30,3,1986,5.57
30,3,1987,5.4
30,3,1988,5.35
30,3,1989,5.28
30,3,1990,5.32
30,3,1991,5.62
30,3,1992,5.82
30,3,1993,5.9
30,3,1994,6.17
30,3,1995,6
30,3,1996,6.01
30,3,1997,5.96
30,3,1998,5.9
30,3,1999,5.92
30,3,2000,5.58
30,3,2001,5.56
30,3,2002,5.09
30,3,2003,4.71
30,3,2004,4.59
30,3,2005,4.82
30,3,2006,4.83
30,3,2007,4.93
30,3,2008,4.97
30,3,2009,4.86
30,3,2010,4.82
30,3,2011,4.88
30,3,2012,4.86
30,3,2013,4.89
30,3,2014,4.89
30,3,2015,4.89
30,3,2016,4.86
30,3,2017,4.85
30,3,2018,4.85
30,3,2019,4.84
30,3,2020,4.85
30,3,2021,4.82
30,3,2022,4.84
30,3,2023,4.88
33,3,1980,4.24
33,3,1981,4.15
33,3,1982,4.21
33,3,1983,4.18
33,3,1984,4.18
33,3,1985,4.2
33,3,1986,4.3
33,3,1987,4.45
33,3,1988,4.7
33,3,1989,4.48
33,3,1990,4.57
33,3,1991,4.8
33,3,1992,4.89
33,3,1993,4.66
33,3,1994,4.53
33,3,1995,4.57
33,3,1996,4.45
33,3,1997,4.29
33,3,1998,4.11
33,3,1999,4.04
33,3,2000,3.99
33,3,2001,4.08
33,3,2002,4.13
33,3,2003,4.18
33,3,2004,4.23
33,3,2005,4.22
33,3,2006,4.24
33,3,2007,4.6
33,3,2008,4.45
33,3,2009,4.28
33,3,2010,4.34
33,3,2011,4.55
33,3,2012,5.11
33,3,2013,4.96
33,3,2014,4.75
33,3,2015,5.07
33,3,2016,4.83
33,3,2017,5.48
33,3,2018,6.67
33,3,2019,6.44
33,3,2020,6.15
33,3,2021,6.43
33,3,2022,6.65
33,3,2023,6.47
34,3,1980,4.95
34,3,1981,4.67
34,3,1982,4.56
34,3,1983,4.48
34,3,1984,4.41
34,3,1985,4.37
34,3,1986,4.35
34,3,1987,4.36
34,3,1988,4.34
34,3,1989,4.32
34,3,1990,4.37
34,3,1991,4.38
34,3,1992,4.27
34,3,1993,4.35
34,3,1994,4.27
34,3,1995,4.37
34,3,1996,4.33
34,3,1997,4.13
34,3,1998,3.94
34,3,1999,3.81
34,3,2000,3.71
34,3,2001,3.63
34,3,2002,3.67
34,3,2003,3.71
34,3,2004,3.7
34,3,2005,3.73
34,3,2006,3.7
34,3,2007,3.64
34,3,2008,3.54
34,3,2009,3.43
34,3,2010,3.43
34,3,2011,3.35
34,3,2012,3.28
34,3,2013,3.18
34,3,2014,3.09
34,3,2015,3.69
34,3,2016,3.66
34,3,2017,3.59
34,3,2018,3.55
34,3,2019,3.72
34,3,2020,3.82
34,3,2021,3.72
34,3,2022,3.65
34,3,2023,4
35,3,1980,7.19
35,3,1981,6.98
35,3,1982,6.85
35,3,1983,6.74
35,3,1984,6.67
35,3,1985,6.63
35,3,1986,6.54
35,3,1987,6.57
35,3,1988,6.81
35,3,1989,6.95
35,3,1990,7.21
35,3,1991,7.27
35,3,1992,7.05
35,3,1993,6.82
35,3,1994,6.5
35,3,1995,6.34
35,3,1996,6.18
35,3,1997,6.03
35,3,1998,5.89
35,3,1999,5.89
35,3,2000,5.77
35,3,2001,5.64
35,3,2002,6.28
35,3,2003,6.61
35,3,2004,6.59
35,3,2005,6.23
35,3,2006,6.52
35,3,2007,6.55
35,3,2008,7.21
35,3,2009,7.93
35,3,2010,8.01
35,3,2011,8.37
35,3,2012,8.5
35,3,2013,8.23
35,3,2014,10.41
35,3,2015,10.98
35,3,2016,10.68
35,3,2017,9.2
35,3,2018,8.29
35,3,2019,8.17
35,3,2020,8.47
35,3,2021,8.59
35,3,2022,8.73
35,3,2023,8.41
36,3,1980,16.25
36,3,1981,15.84
36,3,1982,15.84
36,3,1983,15.64
36,3,1984,15.46
36,3,1985,14.61
36,3,1986,14.3
36,3,1987,14.01
36,3,1988,14.32
36,3,1989,14.6
36,3,1990,15.21
36,3,1991,16.07
36,3,1992,15.34
36,3,1993,14.73
36,3,1994,12.89
36,3,1995,11.99
36,3,1996,11.18
36,3,1997,9.99
36,3,1998,9.05
36,3,1999,8.44
36,3,2000,8.42
36,3,2001,9.26
36,3,2002,9.82
36,3,2003,10.57
36,3,2004,12.02
36,3,2005,13.9
36,3,2006,16.75
36,3,2007,15.88
36,3,2008,14.27
36,3,2009,13.2
36,3,2010,12.19
36,3,2011,12.59
36,3,2012,11.86
36,3,2013,11.33
36,3,2014,10.25
36,3,2015,9.37
36,3,2016,9.5
36,3,2017,8.92
36,3,2018,8.38
36,3,2019,8.57
36,3,2020,8.76
36,3,2021,8.45
36,3,2022,8.19
36,3,2023,8.32
37,3,1980,6.97
37,3,1981,6.88
37,3,1982,6.75
37,3,1983,6.67
37,3,1984,6.62
37,3,1985,6.38
37,3,1986,6.27
37,3,1987,6.16
37,3,1988,6.15
37,3,1989,6.19
37,3,1990,6.15
37,3,1991,6.26
37,3,1992,6.4
37,3,1993,6.62
37,3,1994,6.77
37,3,1995,6.85
37,3,1996,6.81
37,3,1997,6.59
37,3,1998,6.46
37,3,1999,6.38
37,3,2000,6.48
37,3,2001,7.26
37,3,2002,8.17
37,3,2003,9.16
37,3,2004,9.72
37,3,2005,9.71
37,3,2006,10.09
37,3,2007,11.27
37,3,2008,11.53
37,3,2009,11.24
37,3,2010,10.71
37,3,2011,10.4
37,3,2012,10.28
37,3,2013,9.92
37,3,2014,8.49
37,3,2015,7.98
37,3,2016,7.5
37,3,2017,7.2
37,3,2018,6.33
37,3,2019,6.04
37,3,2020,5.22
37,3,2021,5.24
37,3,2022,5.47
37,3,2023,5.89
38,3,1980,8.29
38,3,1981,8.5
38,3,1982,8.61
38,3,1983,8.66
38,3,1984,8.53
38,3,1985,8.59
38,3,1986,8.44
38,3,1987,8.41
38,3,1988,8.22
38,3,1989,8.43
38,3,1990,8.61
38,3,1991,8.51
38,3,1992,8.41
38,3,1993,8.31
38,3,1994,8.1
38,3,1995,8.28
38,3,1996,8.35
38,3,1997,8.28
38,3,1998,8.35
38,3,1999,8.33
38,3,2000,8.42
38,3,2001,8.58
38,3,2002,8.91
38,3,2003,9.24
38,3,2004,9.5
38,3,2005,9.62
38,3,2006,9.69
38,3,2007,9.2
38,3,2008,9.52
38,3,2009,9.65
38,3,2010,9.78
38,3,2011,9.39
38,3,2012,8.97
38,3,2013,9.03
38,3,2014,8.3
38,3,2015,7.69
38,3,2016,7.24
38,3,2017,6.89
38,3,2018,6.73
38,3,2019,6.15
38,3,2020,5.89
38,3,2021,6.21
38,3,2022,6.33
38,3,2023,6.18
39,3,1980,8.51
39,3,1981,8.43
39,3,1982,8.38
39,3,1983,8.21
39,3,1984,8
39,3,1985,7.77
39,3,1986,7.63
39,3,1987,7.5
39,3,1988,7.49
39,3,1989,7.62
39,3,1990,7.85
39,3,1991,8.41
39,3,1992,8.4
39,3,1993,8.78
39,3,1994,8.58
39,3,1995,8.59
39,3,1996,7.91
39,3,1997,7.26
39,3,1998,6.62
39,3,1999,6.08
39,3,2000,5.49
39,3,2001,5.1
39,3,2002,4.84
39,3,2003,4.69
39,3,2004,4.5
39,3,2005,4.32
39,3,2006,4.09
39,3,2007,3.98
39,3,2008,3.84
39,3,2009,3.73
39,3,2010,3.76
39,3,2011,3.64
39,3,2012,3.47
39,3,2013,3.38
39,3,2014,3.37
39,3,2015,3.92
39,3,2016,3.91
39,3,2017,3.93
39,3,2018,3.88
39,3,2019,3.92
39,3,2020,3.37
39,3,2021,3.43
39,3,2022,3.83
39,3,2023,3.87
40,3,1980,8.19
40,3,1981,7.98
40,3,1982,7.99
40,3,1983,7.81
40,3,1984,7.8
40,3,1985,7.65
40,3,1986,7.62
40,3,1987,7.63
40,3,1988,7.54
40,3,1989,7.4
40,3,1990,7.45
40,3,1991,7.69
40,3,1992,7.2
40,3,1993,6.8
40,3,1994,6.73
40,3,1995,6.49
40,3,1996,4.82
40,3,1997,3.52
40,3,1998,3.3
40,3,1999,3.33
40,3,2000,3.2
40,3,2001,3.41
40,3,2002,4.04
40,3,2003,3.95
40,3,2004,4.48
40,3,2005,4.74
40,3,2006,5.16
40,3,2007,4.66
40,3,2008,4.34
40,3,2009,4.06
40,3,2010,3.38
40,3,2011,3.67
40,3,2012,2.98
40,3,2013,2.98
40,3,2014,2.72
40,3,2015,2.69
40,3,2016,3.22
40,3,2017,3.16
40,3,2018,2.91
40,3,2019,2.97
40,3,2020,2.94
40,3,2021,2.64
40,3,2022,2.6
40,3,2023,2.51
41,3,1980,4.38
41,3,1981,4.43
41,3,1982,4.48
41,3,1983,4.5
41,3,1984,4.55
41,3,1985,4.42
41,3,1986,4.33
41,3,1987,4.31
41,3,1988,4.34
41,3,1989,4.37
41,3,1990,4.42
41,3,1991,4.47
41,3,1992,4.59
41,3,1993,4.67
41,3,1994,4.8
41,3,1995,4.91
41,3,1996,4.95
41,3,1997,5.04
41,3,1998,5.09
41,3,1999,5.18
41,3,2000,5.27
41,3,2001,6.22
41,3,2002,6
41,3,2003,6.43
41,3,2004,6.47
41,3,2005,6.47
41,3,2006,7.3
41,3,2007,7.64
41,3,2008,7.9
41,3,2009,7.73
41,3,2010,7.42
41,3,2011,7.83
41,3,2012,6.36
41,3,2013,6.24
41,3,2014,5.71
41,3,2015,5.31
41,3,2016,4.95
41,3,2017,4.92
41,3,2018,5.13
41,3,2019,4.7
41,3,2020,4.47
41,3,2021,4.22
41,3,2022,4.23
41,3,2023,4.11
43,3,1980,3.6
43,3,1981,3.57
43,3,1982,3.58
43,3,1983,3.59
43,3,1984,3.57
43,3,1985,3.6
43,3,1986,3.67
43,3,1987,3.73
43,3,1988,3.87
43,3,1989,3.85
43,3,1990,4
43,3,1991,4.02
43,3,1992,4.01
43,3,1993,3.86
43,3,1994,3.68
43,3,1995,3.49
43,3,1996,3.42
43,3,1997,3.28
43,3,1998,3.17
43,3,1999,3.19
43,3,2000,3.25
43,3,2001,3.37
43,3,2002,3.48
43,3,2003,3.59
43,3,2004,3.55
43,3,2005,3.51
43,3,2006,3.41
43,3,2007,3.28
43,3,2008,3.16
43,3,2009,3.04
43,3,2010,2.91
43,3,2011,2.8
43,3,2012,2.75
43,3,2013,2.74
43,3,2014,2.73
43,3,2015,2.72
43,3,2016,2.67
43,3,2017,2.63
43,3,2018,2.59
43,3,2019,2.6
43,3,2020,2.61
43,3,2021,2.6
43,3,2022,2.55
43,3,2023,2.33
44,3,1980,4.16
44,3,1981,4.03
44,3,1982,3.91
44,3,1983,3.72
44,3,1984,3.56
44,3,1985,3.49
44,3,1986,3.29
44,3,1987,3.17
44,3,1988,3.14
44,3,1989,3.12
44,3,1990,3.25
44,3,1991,3.14
44,3,1992,3.09
44,3,1993,3.1
44,3,1994,3.02
44,3,1995,2.94
44,3,1996,2.88
44,3,1997,2.74
44,3,1998,2.67
44,3,1999,2.65
44,3,2000,2.57
44,3,2001,2.46
44,3,2002,2.47
44,3,2003,2.4
44,3,2004,2.35
44,3,2005,2.27
44,3,2006,2.26
44,3,2007,2.13
44,3,2008,2.08
44,3,2009,2.1
44,3,2010,2.06
44,3,2011,2.03
44,3,2012,1.99
44,3,2013,1.94
44,3,2014,1.98
44,3,2015,1.91
44,3,2016,1.79
44,3,2017,1.77
44,3,2018,1.71
44,3,2019,1.7
44,3,2020,1.61
44,3,2021,1.53
44,3,2022,1.53
44,3,2023,1.43
45,3,1980,5.2
45,3,1981,5.29
45,3,1982,5.33
45,3,1983,5.29
45,3,1984,5.36
45,3,1985,5.38
45,3,1986,5.37
45,3,1987,5.59
45,3,1988,5.83
45,3,1989,6.23
45,3,1990,6.51
45,3,1991,5.81
45,3,1992,6.05
45,3,1993,6.4
45,3,1994,6.69
45,3,1995,6.64
45,3,1996,5.91
45,3,1997,5.38
45,3,1998,5.65
45,3,1999,6.5
45,3,2000,6.64
45,3,2001,6.94
45,3,2002,6.99
45,3,2003,6.88
45,3,2004,6.77
45,3,2005,6.95
45,3,2006,7.39
45,3,2007,7.45
45,3,2008,7.54
45,3,2009,6.87
45,3,2010,5.86
45,3,2011,5.22
45,3,2012,4.79
45,3,2013,4.83
45,3,2014,4.88
45,3,2015,5.24
45,3,2016,5.36
45,3,2017,4.84
45,3,2018,4.62
45,3,2019,4.45
45,3,2020,4.12
45,3,2021,4.02
45,3,2022,3.94
45,3,2023,3.59
46,3,1980,7.03
46,3,1981,7.04
46,3,1982,7.1
46,3,1983,7.11
46,3,1984,7.24
46,3,1985,7.35
46,3,1986,7.32
46,3,1987,7.26
46,3,1988,7.67
46,3,1989,7.67
46,3,1990,7.71
46,3,1991,7.41
46,3,1992,6.7
46,3,1993,6.08
46,3,1994,5.97
46,3,1995,6.78
46,3,1996,6.61
46,3,1997,6.62
46,3,1998,6.58
46,3,1999,6.6
46,3,2000,6.75
46,3,2001,6.51
46,3,2002,6.52
46,3,2003,6.92
46,3,2004,6.69
46,3,2005,6.39
46,3,2006,6.24
46,3,2007,6.17
46,3,2008,5.92
46,3,2009,5.51
46,3,2010,4.97
46,3,2011,4.75
46,3,2012,4.26
46,3,2013,3.97
46,3,2014,3.73
46,3,2015,3.8
46,3,2016,3.74
46,3,2017,3.89
46,3,2018,3.43
46,3,2019,3.32
46,3,2020,3.14
46,3,2021,3.21
46,3,2022,3.2
46,3,2023,3.07
47,3,1980,7.32
47,3,1981,7.21
47,3,1982,7.17
47,3,1983,7.08
47,3,1984,7.06
47,3,1985,6.95
47,3,1986,6.8
47,3,1987,7.08
47,3,1988,7.56
47,3,1989,8.17
47,3,1990,9.18
47,3,1991,9.77
47,3,1992,10.26
47,3,1993,9.99
47,3,1994,7.9
47,3,1995,7.4
47,3,1996,7.26
47,3,1997,6.96
47,3,1998,6.66
47,3,1999,6.63
47,3,2000,6.47
47,3,2001,6.37
47,3,2002,6.32
47,3,2003,6.13
47,3,2004,5.8
47,3,2005,5.57
47,3,2006,5.31
47,3,2007,5.49
47,3,2008,5.19
47,3,2009,4.68
47,3,2010,4.16
47,3,2011,3.91
47,3,2012,3.68
47,3,2013,3.45
47,3,2014,3.55
47,3,2015,3.68
47,3,2016,3.35
47,3,2017,3.17
47,3,2018,3.17
47,3,2019,3.09
47,3,2020,2.96
47,3,2021,2.68
47,3,2022,2.7
47,3,2023,2.6
48,3,1980,5.01
48,3,1981,5.05
48,3,1982,4.95
48,3,1983,5.05
48,3,1984,5.43
48,3,1985,5.91
48,3,1986,6.06
48,3,1987,6.32
48,3,1988,6.94
48,3,1989,8.2
48,3,1990,9.52
48,3,1991,9.86
48,3,1992,9.41
48,3,1993,8.17
48,3,1994,7.38
48,3,1995,7
48,3,1996,6.18
48,3,1997,5.88
48,3,1998,5.72
48,3,1999,5.62
48,3,2000,5.51
48,3,2001,5.73
48,3,2002,6.23
48,3,2003,6.31
48,3,2004,6.31
48,3,2005,6.29
48,3,2006,6.34
48,3,2007,6.04
48,3,2008,5.13
48,3,2009,4.36
48,3,2010,3.79
48,3,2011,3.34
48,3,2012,2.99
48,3,2013,2.97
48,3,2014,2.92
48,3,2015,3.09
48,3,2016,3.05
48,3,2017,3.08
48,3,2018,3.06
48,3,2019,3.05
48,3,2020,2.8
48,3,2021,3.03
48,3,2022,3.04
48,3,2023,2.89
49,3,1980,4.89
49,3,1981,4.84
49,3,1982,4.84
49,3,1983,4.73
49,3,1984,4.82
49,3,1985,4.85
49,3,1986,4.85
49,3,1987,4.82
49,3,1988,4.81
49,3,1989,4.81
49,3,1990,4.87
49,3,1991,4.91
49,3,1992,4.87
49,3,1993,4.84
49,3,1994,4.78
49,3,1995,4.82
49,3,1996,4.82
49,3,1997,4.77
49,3,1998,4.67
49,3,1999,4.7
49,3,2000,4.71
49,3,2001,4.64
49,3,2002,4.59
49,3,2003,4.54
49,3,2004,4.54
49,3,2005,4.58
49,3,2006,4.5
49,3,2007,4.27
49,3,2008,4.24
49,3,2009,4.01
49,3,2010,3.87
49,3,2011,3.82
49,3,2012,3.71
49,3,2013,3.64
49,3,2014,3.46
49,3,2015,3.48
49,3,2016,3.39
49,3,2017,3.37
49,3,2018,3.38
49,3,2019,3.4
49,3,2020,3.13
49,3,2021,2.98
49,3,2022,3.16
49,3,2023,2.87
50,3,1980,3.62
50,3,1981,3.74
50,3,1982,3.76
50,3,1983,3.84
50,3,1984,3.88
50,3,1985,3.93
50,3,1986,3.94
50,3,1987,3.93
50,3,1988,3.92
50,3,1989,3.91
50,3,1990,3.75
50,3,1991,3.56
50,3,1992,3.54
50,3,1993,3.71
50,3,1994,3.78
50,3,1995,3.78
50,3,1996,3.84
50,3,1997,3.82
50,3,1998,3.67
50,3,1999,3.38
50,3,2000,3.33
50,3,2001,3.44
50,3,2002,3.66
50,3,2003,3.65
50,3,2004,3.75
50,3,2005,3.61
50,3,2006,3.79
50,3,2007,3.81
50,3,2008,3.53
50,3,2009,3.55
50,3,2010,3.45
50,3,2011,3.6
50,3,2012,3.04
50,3,2013,2.9
50,3,2014,2.76
50,3,2015,2.82
50,3,2016,2.68
50,3,2017,2.7
50,3,2018,2.5
50,3,2019,2.44
50,3,2020,2.46
50,3,2021,2.32
50,3,2022,2.44
50,3,2023,2.38
51,3,1980,4.18
51,3,1981,4.22
51,3,1982,4.28
51,3,1983,4.54
51,3,1984,4.25
51,3,1985,4.04
51,3,1986,3.84
51,3,1987,3.8
51,3,1988,4.19
51,3,1989,5.2
51,3,1990,6.4
51,3,1991,6.9
51,3,1992,6.49
51,3,1993,6.2
51,3,1994,6.2
51,3,1995,6.31
51,3,1996,6.33
51,3,1997,6.8
51,3,1998,8.15
51,3,1999,8.4
51,3,2000,8.01
51,3,2001,7.55
51,3,2002,7.31
51,3,2003,7.25
51,3,2004,7.03
51,3,2005,6.89
51,3,2006,6.76
51,3,2007,6.98
51,3,2008,6.79
51,3,2009,6.17
51,3,2010,5.65
51,3,2011,5.46
51,3,2012,4.8
51,3,2013,4.43
51,3,2014,4.15
51,3,2015,4.07
51,3,2016,4.21
51,3,2017,4.19
51,3,2018,4.33
51,3,2019,4.36
51,3,2020,4.22
51,3,2021,3.57
51,3,2022,3.22
51,3,2023,3
52,3,1980,6.09
52,3,1981,6.23
52,3,1982,6.24
52,3,1983,6.25
52,3,1984,6.36
52,3,1985,6.47
52,3,1986,6.67
52,3,1987,6.8
52,3,1988,7.05
52,3,1989,7.03
52,3,1990,8.26
52,3,1991,8.09
52,3,1992,7.58
52,3,1993,7.37
52,3,1994,7.43
52,3,1995,7.52
52,3,1996,7.41
52,3,1997,6.9
52,3,1998,6.51
52,3,1999,5.91
52,3,2000,5.66
52,3,2001,5.67
52,3,2002,5.51
52,3,2003,5.42
52,3,2004,5.65
52,3,2005,5.79
52,3,2006,5.99
52,3,2007,6.32
52,3,2008,6.54
52,3,2009,6.18
52,3,2010,5.2
52,3,2011,4.71
52,3,2012,4.54
52,3,2013,4.53
52,3,2014,4.47
52,3,2015,4.77
52,3,2016,4.81
52,3,2017,4.86
52,3,2018,4.68
52,3,2019,4.51
52,3,2020,4.24
52,3,2021,4.08
52,3,2022,4.21
52,3,2023,4.16
53,3,1980,7.45
53,3,1981,7.57
53,3,1982,7.68
53,3,1983,7.57
53,3,1984,7.52
53,3,1985,7.33
53,3,1986,7.22
53,3,1987,7.09
53,3,1988,6.9
53,3,1989,6.65
53,3,1990,6.52
53,3,1991,6.27
53,3,1992,6.11
53,3,1993,6.06
53,3,1994,6.01
53,3,1995,5.91
53,3,1996,5.82
53,3,1997,5.61
53,3,1998,5.4
53,3,1999,5.09
53,3,2000,4.82
53,3,2001,4.81
53,3,2002,4.66
53,3,2003,4.56
53,3,2004,4.59
53,3,2005,4.63
53,3,2006,4.67
53,3,2007,4.63
53,3,2008,4.52
53,3,2009,4.29
53,3,2010,4.05
53,3,2011,3.78
53,3,2012,3.55
53,3,2013,3.26
53,3,2014,3.09
53,3,2015,2.98
53,3,2016,2.89
53,3,2017,2.78
53,3,2018,2.75
53,3,2019,2.79
53,3,2020,2.69
53,3,2021,2.64
53,3,2022,2.7
53,3,2023,2.58
54,3,1980,7.62
54,3,1981,7.52
54,3,1982,7.61
54,3,1983,7.56
54,3,1984,7.57
54,3,1985,7.46
54,3,1986,7.37
54,3,1987,7.34
54,3,1988,7.37
54,3,1989,7.39
54,3,1990,7.38
54,3,1991,7.25
54,3,1992,6.99
54,3,1993,6.72
54,3,1994,6.44
54,3,1995,6.3
54,3,1996,6.33
54,3,1997,6.29
54,3,1998,6.26
54,3,1999,6.21
54,3,2000,6.03
54,3,2001,5.91
54,3,2002,5.65
54,3,2003,5.47
54,3,2004,5.29
54,3,2005,5.13
54,3,2006,4.9
54,3,2007,4.69
54,3,2008,4.49
54,3,2009,4.35
54,3,2010,4.13
54,3,2011,3.81
54,3,2012,3.55
54,3,2013,3.42
54,3,2014,3.28
54,3,2015,3.2
54,3,2016,3.2
54,3,2017,3.13
54,3,2018,3.01
54,3,2019,2.95
54,3,2020,2.98
54,3,2021,2.93
54,3,2022,2.99
54,3,2023,2.83
55,3,1980,10.33
55,3,1981,10.2
55,3,1982,10.06
55,3,1983,10
55,3,1984,9.87
55,3,1985,9.66
55,3,1986,10.48
55,3,1987,10.68
55,3,1988,10.84
55,3,1989,10.98
55,3,1990,11.29
55,3,1991,10.95
55,3,1992,10.88
55,3,1993,10.6
55,3,1994,10.43
55,3,1995,9.73
55,3,1996,9.13
55,3,1997,8.25
55,3,1998,7.69
55,3,1999,7.69
55,3,2000,7.29
55,3,2001,7.05
55,3,2002,6.86
55,3,2003,6.65
55,3,2004,6.71
55,3,2005,6.37
55,3,2006,6.28
55,3,2007,6.21
55,3,2008,5.43
55,3,2009,4.56
55,3,2010,3.84
55,3,2011,3.5
55,3,2012,3.32
55,3,2013,3.06
55,3,2014,2.9
55,3,2015,2.86
55,3,2016,2.74
55,3,2017,2.62
55,3,2018,2.47
55,3,2019,2.46
55,3,2020,2.32
55,3,2021,2.25
55,3,2022,2.25
55,3,2023,2.21
57,3,1980,6.34
57,3,1981,6.33
57,3,1982,6.38
57,3,1983,6.39
57,3,1984,6.35
57,3,1985,6.17
57,3,1986,6.09
57,3,1987,6
57,3,1988,5.97
57,3,1989,6.01
57,3,1990,6.29
57,3,1991,6.47
57,3,1992,6.56
57,3,1993,6.7
57,3,1994,6.77
57,3,1995,6.8
57,3,1996,6.95
57,3,1997,7.03
57,3,1998,7.14
57,3,1999,7.1
57,3,2000,7.3
57,3,2001,7.48
57,3,2002,7.85
57,3,2003,8
57,3,2004,7.58
57,3,2005,7.67
57,3,2006,7.67
57,3,2007,7.63
57,3,2008,7.15
57,3,2009,6.38
57,3,2010,6.05
57,3,2011,5.93
57,3,2012,5.55
57,3,2013,4.92
57,3,2014,4.52
57,3,2015,4.35
57,3,2016,3.88
57,3,2017,3.58
57,3,2018,3.43
57,3,2019,3.35
57,3,2020,3.09
57,3,2021,3.06
57,3,2022,3.18
57,3,2023,3.33
58,3,1980,9.22
58,3,1981,9.03
58,3,1982,9.1
58,3,1983,9
58,3,1984,8.89
58,3,1985,8.71
58,3,1986,8.87
58,3,1987,9.01
58,3,1988,9.11
58,3,1989,9.19
58,3,1990,9.46
58,3,1991,9.81
58,3,1992,9.9
58,3,1993,9.87
58,3,1994,9.8
58,3,1995,8.35
58,3,1996,7.71
58,3,1997,8.68
58,3,1998,9.13
58,3,1999,8.38
58,3,2000,7.67
58,3,2001,6.92
58,3,2002,7.15
58,3,2003,6.83
58,3,2004,6.63
58,3,2005,6.88
58,3,2006,7.17
58,3,2007,6.79
58,3,2008,5.66
58,3,2009,4.9
58,3,2010,4.33
58,3,2011,4.48
58,3,2012,4.2
58,3,2013,4.08
58,3,2014,3.72
58,3,2015,3.36
58,3,2016,3.09
58,3,2017,2.9
58,3,2018,2.88
58,3,2019,2.53
58,3,2020,2.53
58,3,2021,2.51
58,3,2022,2.38
58,3,2023,2.35
59,3,1980,8.54
59,3,1981,8.4
59,3,1982,8.44
59,3,1983,8.19
59,3,1984,7.94
59,3,1985,7.75
59,3,1986,7.65
59,3,1987,7.69
59,3,1988,7.78
59,3,1989,8.03
59,3,1990,8.5
59,3,1991,8.96
59,3,1992,9.39
59,3,1993,9.5
59,3,1994,9.53
59,3,1995,9.56
59,3,1996,9.75
59,3,1997,10.28
59,3,1998,11.24
59,3,1999,11.04
59,3,2000,10.76
59,3,2001,10.05
59,3,2002,10.06
59,3,2003,10.07
59,3,2004,9.69
59,3,2005,8.96
59,3,2006,8.75
59,3,2007,8.81
59,3,2008,7.45
59,3,2009,6.08
59,3,2010,5.24
59,3,2011,4.95
59,3,2012,4.92
59,3,2013,5.04
59,3,2014,5.16
59,3,2015,4.76
59,3,2016,4.33
59,3,2017,3.8
59,3,2018,3.82
59,3,2019,3.9
59,3,2020,3.89
59,3,2021,4.13
59,3,2022,4.38
59,3,2023,4.25
60,3,1980,7.65
60,3,1981,7.59
60,3,1982,7.65
60,3,1983,7.63
60,3,1984,7.5
60,3,1985,7.21
60,3,1986,7.25
60,3,1987,7.17
60,3,1988,7.28
60,3,1989,7.48
60,3,1990,7.91
60,3,1991,8.13
60,3,1992,8.33
60,3,1993,8.38
60,3,1994,7.13
60,3,1995,6.95
60,3,1996,7.41
60,3,1997,8
60,3,1998,9.24
60,3,1999,9.09
60,3,2000,8.55
60,3,2001,8.82
60,3,2002,9.36
60,3,2003,10.18
60,3,2004,10.5
60,3,2005,11.42
60,3,2006,12.22
60,3,2007,11.17
60,3,2008,8.63
60,3,2009,7.02
60,3,2010,5.89
60,3,2011,5.65
60,3,2012,5.78
60,3,2013,5.19
60,3,2014,5.11
60,3,2015,4.65
60,3,2016,4.15
60,3,2017,4.08
60,3,2018,3.81
60,3,2019,3.79
60,3,2020,3.75
60,3,2021,3.7
60,3,2022,3.56
60,3,2023,3.52
61,3,1980,9.42
61,3,1981,9.43
61,3,1982,9.58
61,3,1983,9.49
61,3,1984,9.56
61,3,1985,9.26
61,3,1986,9.07
61,3,1987,8.94
61,3,1988,8.87
61,3,1989,8.83
61,3,1990,8.98
61,3,1991,9.11
61,3,1992,8.74
61,3,1993,7.46
61,3,1994,6.64
61,3,1995,6.59
61,3,1996,6.16
61,3,1997,6.16
61,3,1998,6.03
61,3,1999,5.49
61,3,2000,5.33
61,3,2001,5.67
61,3,2002,6.03
61,3,2003,6.41
61,3,2004,6.44
61,3,2005,6.53
61,3,2006,6.63
61,3,2007,7.24
61,3,2008,7.25
61,3,2009,6.76
61,3,2010,6.48
61,3,2011,6.84
61,3,2012,6.69
61,3,2013,6.19
61,3,2014,5.91
61,3,2015,5.39
61,3,2016,5.17
61,3,2017,5.29
61,3,2018,4.94
61,3,2019,4.73
61,3,2020,4.3
61,3,2021,3.89
61,3,2022,4.08
61,3,2023,4.01
62,3,1980,8.74
62,3,1981,8.62
62,3,1982,8.42
62,3,1983,8.45
62,3,1984,9.18
62,3,1985,9.54
62,3,1986,8.55
62,3,1987,8.27
62,3,1988,8.69
62,3,1989,9.33
62,3,1990,9.8
62,3,1991,10.13
62,3,1992,10.54
62,3,1993,11.04
62,3,1994,10.68
62,3,1995,9.62
62,3,1996,8.58
62,3,1997,7.99
62,3,1998,8.26
62,3,1999,9.06
62,3,2000,9.36
62,3,2001,9.4
62,3,2002,9.91
62,3,2003,10.55
62,3,2004,10.63
62,3,2005,10.87
62,3,2006,11.31
62,3,2007,11.45
62,3,2008,10.8
62,3,2009,9.99
62,3,2010,9.8
62,3,2011,10.24
62,3,2012,10.71
62,3,2013,10.32
62,3,2014,10.11
62,3,2015,9.04
62,3,2016,8.04
62,3,2017,7.28
62,3,2018,6.82
62,3,2019,6.6
62,3,2020,6.43
62,3,2021,6.41
62,3,2022,6.46
62,3,2023,6.54
63,3,1980,6.44
63,3,1981,6.39
63,3,1982,6.42
63,3,1983,6.4
63,3,1984,6.37
63,3,1985,6.06
63,3,1986,5.83
63,3,1987,5.77
63,3,1988,5.9
63,3,1989,6.09
63,3,1990,6.35
63,3,1991,6.57
63,3,1992,6.77
63,3,1993,7.03
63,3,1994,7.26
63,3,1995,7.47
63,3,1996,7.43
63,3,1997,7.11
63,3,1998,6.91
63,3,1999,7
63,3,2000,7.29
63,3,2001,7.53
63,3,2002,7.71
63,3,2003,7.67
63,3,2004,8.17
63,3,2005,8.53
63,3,2006,8.94
63,3,2007,9.28
63,3,2008,8.2
63,3,2009,6.36
63,3,2010,5.46
63,3,2011,5.37
63,3,2012,5.35
63,3,2013,5.32
63,3,2014,5.1
63,3,2015,4.96
63,3,2016,4.92
63,3,2017,4.96
63,3,2018,4.96
63,3,2019,4.88
63,3,2020,4.91
63,3,2021,4.73
63,3,2022,4.92
63,3,2023,4.92
66,3,1980,14.52
66,3,1981,14.17
66,3,1982,13.77
66,3,1983,13.15
66,3,1984,12.73
66,3,1985,12.31
66,3,1986,11.81
66,3,1987,11.46
66,3,1988,11.23
66,3,1989,10.87
66,3,1990,10.6
66,3,1991,10.45
66,3,1992,10.26
66,3,1993,10.08
66,3,1994,9.87
66,3,1995,9.73
66,3,1996,9.53
66,3,1997,9.32
66,3,1998,9.19
66,3,1999,8.96
66,3,2000,8.62
66,3,2001,8.23
66,3,2002,7.94
66,3,2003,7.36
66,3,2004,6.86
66,3,2005,6.51
66,3,2006,6.1
66,3,2007,5.98
66,3,2008,5.33
66,3,2009,4.95
66,3,2010,4.63
66,3,2011,4.25
66,3,2012,3.96
66,3,2013,3.77
66,3,2014,3.66
66,3,2015,3.48
66,3,2016,3.37
66,3,2017,3.33
66,3,2018,3.13
66,3,2019,3.07
66,3,2020,2.98
66,3,2021,2.93
66,3,2022,2.86
66,3,2023,2.86
67,3,1980,3.76
67,3,1981,3.73
67,3,1982,3.68
67,3,1983,3.65
67,3,1984,3.57
67,3,1985,3.42
67,3,1986,3.39
67,3,1987,3.4
67,3,1988,3.67
67,3,1989,4.01
67,3,1990,4.24
67,3,1991,4.37
67,3,1992,4.36
67,3,1993,4.33
67,3,1994,4.07
67,3,1995,3.97
67,3,1996,3.78
67,3,1997,3.66
67,3,1998,3.48
67,3,1999,3.4
67,3,2000,3.23
67,3,2001,3.05
67,3,2002,2.82
67,3,2003,2.53
67,3,2004,2.33
67,3,2005,2.14
67,3,2006,1.9
67,3,2007,1.69
67,3,2008,1.45
67,3,2009,1.36
67,3,2010,1.31
67,3,2011,1.22
67,3,2012,1.13
67,3,2013,1.07
67,3,2014,1.02
67,3,2015,0.97
67,3,2016,0.92
67,3,2017,0.85
67,3,2018,0.8
67,3,2019,0.73
67,3,2020,0.64
67,3,2021,0.6
67,3,2022,0.59
67,3,2023,0.62
68,3,1980,15.19
68,3,1981,13.86
68,3,1982,13.36
68,3,1983,13.02
68,3,1984,11.98
68,3,1985,11.2
68,3,1986,11.03
68,3,1987,11.13
68,3,1988,11.29
68,3,1989,11.34
68,3,1990,11.5
68,3,1991,11.6
68,3,1992,11.39
68,3,1993,11.2
68,3,1994,11.16
68,3,1995,10.7
68,3,1996,10.2
68,3,1997,9.52
68,3,1998,8.64
68,3,1999,7.89
68,3,2000,7.16
68,3,2001,6.5
68,3,2002,5.99
68,3,2003,5.61
68,3,2004,5.15
68,3,2005,4.71
68,3,2006,4.33
68,3,2007,4.1
68,3,2008,3.95
68,3,2009,3.8
68,3,2010,3.67
68,3,2011,3.39
68,3,2012,3.11
68,3,2013,2.85
68,3,2014,2.62
68,3,2015,2.41
68,3,2016,2.22
68,3,2017,2.08
68,3,2018,1.96
68,3,2019,1.85
68,3,2020,1.78
68,3,2021,1.74
68,3,2022,1.76
68,3,2023,1.77
69,3,1980,2.36
69,3,1981,2.51
69,3,1982,2.56
69,3,1983,2.47
69,3,1984,2.32
69,3,1985,1.97
69,3,1986,1.58
69,3,1987,1.55
69,3,1988,1.62
69,3,1989,1.83
69,3,1990,1.96
69,3,1991,2.01
69,3,1992,1.95
69,3,1993,1.98
69,3,1994,1.88
69,3,1995,1.76
69,3,1996,1.74
69,3,1997,1.64
69,3,1998,1.41
69,3,1999,1.3
69,3,2000,1.22
69,3,2001,1.14
69,3,2002,1.05
69,3,2003,1.02
69,3,2004,0.96
69,3,2005,0.83
69,3,2006,0.83
69,3,2007,0.75
69,3,2008,0.7
69,3,2009,0.65
69,3,2010,0.62
69,3,2011,0.58
69,3,2012,0.59
69,3,2013,0.55
69,3,2014,0.48
69,3,2015,0.45
69,3,2016,0.42
69,3,2017,0.4
69,3,2018,0.35
69,3,2019,0.29
69,3,2020,0.27
69,3,2021,0.31
69,3,2022,0.33
69,3,2023,0.33
71,3,1980,15
71,3,1981,13.41
71,3,1982,13.5
71,3,1983,12.49
71,3,1984,12.24
71,3,1985,12.12
71,3,1986,11.8
71,3,1987,10.81
71,3,1988,11.51
71,3,1989,11.27
71,3,1990,9.89
71,3,1991,9.05
71,3,1992,8.48
71,3,1993,8.16
71,3,1994,7.87
71,3,1995,7.78
71,3,1996,7.67
71,3,1997,7.05
71,3,1998,6.77
71,3,1999,6.78
71,3,2000,6.74
71,3,2001,6.37
71,3,2002,6.12
71,3,2003,5.8
71,3,2004,5.54
71,3,2005,5.37
71,3,2006,5.24
71,3,2007,5.07
71,3,2008,4.81
71,3,2009,4.63
71,3,2010,4.21
71,3,2011,3.91
71,3,2012,3.65
71,3,2013,3.36
71,3,2014,3.31
71,3,2015,3.27
71,3,2016,3.25
71,3,2017,3.09
71,3,2018,2.98
71,3,2019,2.96
71,3,2020,2.83
71,3,2021,2.73
71,3,2022,2.71
71,3,2023,2.61
72,3,1980,13.51
72,3,1981,14.67
72,3,1982,14.83
72,3,1983,14.11
72,3,1984,14.61
72,3,1985,14.93
72,3,1986,15.76
72,3,1987,15.87
72,3,1988,15.29
72,3,1989,15.27
72,3,1990,14.81
72,3,1991,14.38
72,3,1992,13.53
72,3,1993,12.86
72,3,1994,13.02
72,3,1995,12.02
72,3,1996,11.09
72,3,1997,10.93
72,3,1998,10.62
72,3,1999,10.71
72,3,2000,10.31
72,3,2001,9.68
72,3,2002,9.29
72,3,2003,9.2
72,3,2004,8.78
72,3,2005,7.96
72,3,2006,7.42
72,3,2007,7.61
72,3,2008,6.95
72,3,2009,6.68
72,3,2010,6.22
72,3,2011,5.16
72,3,2012,4.78
72,3,2013,4.29
72,3,2014,4.53
72,3,2015,4.8
72,3,2016,5.03
72,3,2017,5.28
72,3,2018,5.15
72,3,2019,4.82
72,3,2020,4.68
72,3,2021,4.67
72,3,2022,4.78
72,3,2023,5.01
74,3,1980,9.92
74,3,1981,9.64
74,3,1982,9.16
74,3,1983,9.08
74,3,1984,8.93
74,3,1985,8.65
74,3,1986,8.47
74,3,1987,8.22
74,3,1988,7.94
74,3,1989,7.81
74,3,1990,7.93
74,3,1991,7.93
74,3,1992,7.66
74,3,1993,7.46
74,3,1994,7.28
74,3,1995,7.13
74,3,1996,6.85
74,3,1997,6.69
74,3,1998,6.58
74,3,1999,6.51
74,3,2000,6.39
74,3,2001,6.09
74,3,2002,5.92
74,3,2003,5.71
74,3,2004,5.59
74,3,2005,5.48
74,3,2006,5.3
74,3,2007,5.25
74,3,2008,5.32
74,3,2009,5.32
74,3,2010,5.26
74,3,2011,5.42
74,3,2012,5.29
74,3,2013,5.45
74,3,2014,5.22
74,3,2015,5.19
74,3,2016,5.13
74,3,2017,5.12
74,3,2018,5.13
74,3,2019,5.14
74,3,2020,5.03
74,3,2021,5.22
74,3,2022,5.28
74,3,2023,5.25
75,3,1980,12.05
75,3,1981,11.88
75,3,1982,11.69
75,3,1983,11.44
75,3,1984,10.61
75,3,1985,9.34
75,3,1986,8.95
75,3,1987,8.95
75,3,1988,9.2
75,3,1989,9.18
75,3,1990,9.21
75,3,1991,8.76
75,3,1992,8.48
75,3,1993,8.58
75,3,1994,8.5
75,3,1995,8.02
75,3,1996,7.5
75,3,1997,7.18
75,3,1998,6.71
75,3,1999,6.57
75,3,2000,5.97
75,3,2001,5.64
75,3,2002,5.01
75,3,2003,4.72
75,3,2004,4.39
75,3,2005,4.09
75,3,2006,3.81
75,3,2007,3.53
75,3,2008,3.33
75,3,2009,3.04
75,3,2010,2.76
75,3,2011,2.5
75,3,2012,2.44
75,3,2013,2.13
75,3,2014,1.98
75,3,2015,1.93
75,3,2016,1.85
75,3,2017,1.83
75,3,2018,1.67
75,3,2019,1.66
75,3,2020,1.63
75,3,2021,1.77
75,3,2022,1.82
75,3,2023,1.8
76,3,1980,11.55
76,3,1981,12.09
76,3,1982,11.91
76,3,1983,11.49
76,3,1984,9.79
76,3,1985,8.82
76,3,1986,8.28
76,3,1987,8.07
76,3,1988,7.77
76,3,1989,7.97
76,3,1990,8.52
76,3,1991,8.68
76,3,1992,8.49
76,3,1993,8.85
76,3,1994,8.98
76,3,1995,8.72
76,3,1996,8.25
76,3,1997,8.15
76,3,1998,8.01
76,3,1999,7.79
76,3,2000,7.55
76,3,2001,7.22
76,3,2002,6.42
76,3,2003,5.86
76,3,2004,5.45
76,3,2005,5.07
76,3,2006,4.82
76,3,2007,4.67
76,3,2008,4.32
76,3,2009,4.04
76,3,2010,3.83
76,3,2011,3.41
76,3,2012,3.13
76,3,2013,2.93
76,3,2014,2.77
76,3,2015,2.59
76,3,2016,2.42
76,3,2017,2.16
76,3,2018,2
76,3,2019,1.98
76,3,2020,1.82
76,3,2021,1.89
76,3,2022,1.87
76,3,2023,1.79
77,3,1980,10.69
77,3,1981,10.47
77,3,1982,10.54
77,3,1983,10.56
77,3,1984,10.49
77,3,1985,10.04
77,3,1986,9.83
77,3,1987,9.49
77,3,1988,9.32
77,3,1989,9.01
77,3,1990,8.78
77,3,1991,8.61
77,3,1992,8.5
77,3,1993,8.39
77,3,1994,8.27
77,3,1995,8.21
77,3,1996,8.08
77,3,1997,8.04
77,3,1998,7.92
77,3,1999,7.61
77,3,2000,7.33
77,3,2001,7.06
77,3,2002,6.84
77,3,2003,6.7
77,3,2004,6.48
77,3,2005,6.17
77,3,2006,5.83
77,3,2007,5.61
77,3,2008,5.33
77,3,2009,4.97
77,3,2010,4.71
77,3,2011,4.47
77,3,2012,4.14
77,3,2013,3.93
77,3,2014,3.7
77,3,2015,3.56
77,3,2016,3.49
77,3,2017,3.34
77,3,2018,3.09
77,3,2019,2.98
77,3,2020,2.92
77,3,2021,2.93
77,3,2022,2.92
77,3,2023,2.92
78,3,1980,8.2
78,3,1981,8.03
78,3,1982,7.71
78,3,1983,7.67
78,3,1984,7.64
78,3,1985,7.79
78,3,1986,7.81
78,3,1987,7.6
78,3,1988,7.5
78,3,1989,7.2
78,3,1990,6.94
78,3,1991,6.8
78,3,1992,6.62
78,3,1993,6.51
78,3,1994,6.34
78,3,1995,6.38
78,3,1996,6.24
78,3,1997,5.99
78,3,1998,5.98
78,3,1999,5.57
78,3,2000,5.23
78,3,2001,5.11
78,3,2002,4.93
78,3,2003,4.7
78,3,2004,4.15
78,3,2005,3.8
78,3,2006,3.49
78,3,2007,3.48
78,3,2008,3.3
78,3,2009,2.87
78,3,2010,2.46
78,3,2011,1.98
78,3,2012,1.7
78,3,2013,1.66
78,3,2014,1.62
78,3,2015,1.61
78,3,2016,1.55
78,3,2017,1.5
78,3,2018,1.41
78,3,2019,1.44
78,3,2020,1.24
78,3,2021,0.92
78,3,2022,0.91
78,3,2023,0.9
79,3,1980,6.9
79,3,1981,6.69
79,3,1982,6.65
79,3,1983,6.59
79,3,1984,6.44
79,3,1985,6.52
79,3,1986,6.84
79,3,1987,7.19
79,3,1988,7.64
79,3,1989,8
79,3,1990,7.67
79,3,1991,7.37
79,3,1992,7
79,3,1993,6.36
79,3,1994,5.86
79,3,1995,5.53
79,3,1996,5.22
79,3,1997,5.13
79,3,1998,5.04
79,3,1999,4.84
79,3,2000,4.46
79,3,2001,4.62
79,3,2002,4.5
79,3,2003,4.13
79,3,2004,3.85
79,3,2005,3.77
79,3,2006,3.48
79,3,2007,3.38
79,3,2008,3.1
79,3,2009,2.72
79,3,2010,2.55
79,3,2011,2.32
79,3,2012,2.08
79,3,2013,2.05
79,3,2014,1.92
79,3,2015,1.96
79,3,2016,1.85
79,3,2017,1.74
79,3,2018,1.67
79,3,2019,1.61
79,3,2020,1.56
79,3,2021,1.54
79,3,2022,1.44
79,3,2023,1.45
80,3,1980,11.73
80,3,1981,11.7
80,3,1982,11.72
80,3,1983,11.59
80,3,1984,11.83
80,3,1985,11.3
80,3,1986,11.07
80,3,1987,10.45
80,3,1988,10.53
80,3,1989,10.36
80,3,1990,9.78
80,3,1991,8.73
80,3,1992,8.06
80,3,1993,7.91
80,3,1994,7.56
80,3,1995,7.45
80,3,1996,7.34
80,3,1997,7.23
80,3,1998,7.35
80,3,1999,6.99
80,3,2000,6.23
80,3,2001,5.84
80,3,2002,5.33
80,3,2003,4.59
80,3,2004,4.09
80,3,2005,3.77
80,3,2006,3.41
80,3,2007,3.2
80,3,2008,3.06
80,3,2009,2.97
80,3,2010,2.83
80,3,2011,2.64
80,3,2012,2.44
80,3,2013,2.21
80,3,2014,2.13
80,3,2015,2.09
80,3,2016,2.04
80,3,2017,1.96
80,3,2018,1.72
80,3,2019,1.61
80,3,2020,1.42
80,3,2021,1.36
80,3,2022,1.54
80,3,2023,1.58
81,3,1980,11.52
81,3,1981,10.81
81,3,1982,10.42
81,3,1983,10.06
81,3,1984,9.25
81,3,1985,8.39
81,3,1986,8.23
81,3,1987,7.97
81,3,1988,7.99
81,3,1989,7.99
81,3,1990,8.62
81,3,1991,9
81,3,1992,8.78
81,3,1993,8.47
81,3,1994,8.19
81,3,1995,7.92
81,3,1996,7.6
81,3,1997,7.01
81,3,1998,6.15
81,3,1999,5.77
81,3,2000,5.41
81,3,2001,4.95
81,3,2002,4.68
81,3,2003,4.32
81,3,2004,3.8
81,3,2005,3.41
81,3,2006,3.16
81,3,2007,2.98
81,3,2008,2.78
81,3,2009,2.6
81,3,2010,2.44
81,3,2011,2.38
81,3,2012,2.18
81,3,2013,1.98
81,3,2014,1.89
81,3,2015,1.87
81,3,2016,1.8
81,3,2017,1.71
81,3,2018,1.65
81,3,2019,1.51
81,3,2020,1.28
81,3,2021,1.19
81,3,2022,1.21
81,3,2023,1.11
82,3,1980,12.34
82,3,1981,12.16
82,3,1982,13.11
82,3,1983,13.66
82,3,1984,13.89
82,3,1985,13.51
82,3,1986,13.07
82,3,1987,12.64
82,3,1988,12.55
82,3,1989,12.73
82,3,1990,12.96
82,3,1991,12.69
82,3,1992,12.26
82,3,1993,12.34
82,3,1994,12.71
82,3,1995,13.06
82,3,1996,12.97
82,3,1997,12.79
82,3,1998,12.37
82,3,1999,11.88
82,3,2000,11.58
82,3,2001,10.89
82,3,2002,10.11
82,3,2003,9.72
82,3,2004,9.87
82,3,2005,10.01
82,3,2006,9.86
82,3,2007,9.57
82,3,2008,9.23
82,3,2009,8.73
82,3,2010,7.81
82,3,2011,6.18
82,3,2012,4.75
82,3,2013,4.31
82,3,2014,4.12
82,3,2015,4.43
82,3,2016,4.13
82,3,2017,3.86
82,3,2018,3.55
82,3,2019,3.32
82,3,2020,3.06
82,3,2021,3.08
82,3,2022,3.12
82,3,2023,3.14
83,3,1980,8.94
83,3,1981,8.74
83,3,1982,8.57
83,3,1983,8.42
83,3,1984,8.88
83,3,1985,8.74
83,3,1986,8.75
83,3,1987,8.63
83,3,1988,8.62
83,3,1989,8.4
83,3,1990,8.01
83,3,1991,7.58
83,3,1992,7.18
83,3,1993,6.81
83,3,1994,6.46
83,3,1995,6.47
83,3,1996,6.19
83,3,1997,6.13
83,3,1998,6.21
83,3,1999,5.79
83,3,2000,5.31
83,3,2001,4.98
83,3,2002,4.82
83,3,2003,4.23
83,3,2004,3.79
83,3,2005,3.53
83,3,2006,3.48
83,3,2007,3.1
83,3,2008,2.85
83,3,2009,2.53
83,3,2010,2.29
83,3,2011,2.36
83,3,2012,2.11
83,3,2013,2.07
83,3,2014,1.89
83,3,2015,1.9
83,3,2016,1.93
83,3,2017,1.82
83,3,2018,1.75
83,3,2019,1.61
83,3,2020,1.51
83,3,2021,1.51
83,3,2022,1.64
83,3,2023,1.68
84,3,1980,8.99
84,3,1981,8.6
84,3,1982,8.25
84,3,1983,7.71
84,3,1984,7.31
84,3,1985,6.96
84,3,1986,6.67
84,3,1987,6.69
84,3,1988,6.77
84,3,1989,6.83
84,3,1990,6.83
84,3,1991,6.32
84,3,1992,6.03
84,3,1993,6.05
84,3,1994,6.11
84,3,1995,6.31
84,3,1996,6.5
84,3,1997,6.39
84,3,1998,6.5
84,3,1999,6.29
84,3,2000,6
84,3,2001,5.53
84,3,2002,4.97
84,3,2003,4.44
84,3,2004,4.04
84,3,2005,3.92
84,3,2006,3.7
84,3,2007,3.4
84,3,2008,3.06
84,3,2009,2.72
84,3,2010,2.46
84,3,2011,2.12
84,3,2012,1.9
84,3,2013,1.86
84,3,2014,1.7
84,3,2015,1.43
84,3,2016,1.38
84,3,2017,1.25
84,3,2018,1.07
84,3,2019,0.97
84,3,2020,0.96
84,3,2021,0.83
84,3,2022,0.86
84,3,2023,0.88
85,3,1980,7.73
85,3,1981,7.44
85,3,1982,7.45
85,3,1983,7.57
85,3,1984,7.38
85,3,1985,7.09
85,3,1986,7.07
85,3,1987,7.13
85,3,1988,6.76
85,3,1989,6.5
85,3,1990,6.13
85,3,1991,5.76
85,3,1992,5.88
85,3,1993,6.39
85,3,1994,6.69
85,3,1995,6.87
85,3,1996,6.56
85,3,1997,6.21
85,3,1998,5.92
85,3,1999,5.62
85,3,2000,5.25
85,3,2001,5.25
85,3,2002,5.09
85,3,2003,4.72
85,3,2004,4.5
85,3,2005,4.16
85,3,2006,3.87
85,3,2007,3.82
85,3,2008,3.33
85,3,2009,2.92
85,3,2010,2.68
85,3,2011,2.59
85,3,2012,2.3
85,3,2013,2.25
85,3,2014,2.1
85,3,2015,2.16
85,3,2016,2.25
85,3,2017,2.08
85,3,2018,1.95
85,3,2019,1.84
85,3,2020,1.7
85,3,2021,1.73
85,3,2022,1.74
85,3,2023,1.66
86,3,1980,8.71
86,3,1981,8.37
86,3,1982,8.1
86,3,1983,8.09
86,3,1984,7.94
86,3,1985,7.91
86,3,1986,8.22
86,3,1987,8.06
86,3,1988,8
86,3,1989,7.97
86,3,1990,8.39
86,3,1991,8.95
86,3,1992,8.95
86,3,1993,8.26
86,3,1994,7.99
86,3,1995,7.9
86,3,1996,7.55
86,3,1997,7.6
86,3,1998,7.69
86,3,1999,7.47
86,3,2000,7.07
86,3,2001,6.85
86,3,2002,6.55
86,3,2003,5.48
86,3,2004,4.83
86,3,2005,4.54
86,3,2006,4.33
86,3,2007,4.06
86,3,2008,3.76
86,3,2009,3.38
86,3,2010,3.19
86,3,2011,3.09
86,3,2012,2.97
86,3,2013,2.65
86,3,2014,2.58
86,3,2015,2.54
86,3,2016,2.57
86,3,2017,2.6
86,3,2018,2.49
86,3,2019,2.33
86,3,2020,2.07
86,3,2021,2.24
86,3,2022,2.17
86,3,2023,2.11
87,3,1980,14.11
87,3,1981,13.41
87,3,1982,13.13
87,3,1983,13.16
87,3,1984,12.74
87,3,1985,12.57
87,3,1986,12.65
87,3,1987,12.23
87,3,1988,12.07
87,3,1989,11.6
87,3,1990,11.53
87,3,1991,11.04
87,3,1992,10.36
87,3,1993,10.03
87,3,1994,9.59
87,3,1995,9.36
87,3,1996,9.07
87,3,1997,8.71
87,3,1998,8.38
87,3,1999,7.83
87,3,2000,7.38
87,3,2001,6.96
87,3,2002,6.53
87,3,2003,5.87
87,3,2004,5.23
87,3,2005,4.68
87,3,2006,4.44
87,3,2007,3.95
87,3,2008,3.62
87,3,2009,3.34
87,3,2010,3.05
87,3,2011,2.85
87,3,2012,2.67
87,3,2013,2.53
87,3,2014,2.46
87,3,2015,2.22
87,3,2016,2.22
87,3,2017,1.99
87,3,2018,1.9
87,3,2019,1.66
87,3,2020,1.44
87,3,2021,1.46
87,3,2022,1.49
87,3,2023,1.63
88,3,1980,4.01
88,3,1981,3.83
88,3,1982,3.75
88,3,1983,3.8
88,3,1984,3.82
88,3,1985,3.87
88,3,1986,3.76
88,3,1987,3.55
88,3,1988,3.49
88,3,1989,3.34
88,3,1990,3.22
88,3,1991,3.18
88,3,1992,3.13
88,3,1993,3.04
88,3,1994,3.03
88,3,1995,3.1
88,3,1996,3.05
88,3,1997,3.06
88,3,1998,2.94
88,3,1999,2.76
88,3,2000,2.6
88,3,2001,2.42
88,3,2002,2.33
88,3,2003,2.13
88,3,2004,2.04
88,3,2005,1.97
88,3,2006,1.82
88,3,2007,1.64
88,3,2008,1.58
88,3,2009,1.47
88,3,2010,1.37
88,3,2011,1.29
88,3,2012,1.19
88,3,2013,1.14
88,3,2014,1.02
88,3,2015,0.97
88,3,2016,0.97
88,3,2017,0.93
88,3,2018,0.87
88,3,2019,0.77
88,3,2020,0.7
88,3,2021,0.63
88,3,2022,0.6
88,3,2023,0.6
89,3,1980,6.12
89,3,1981,5.77
89,3,1982,5.52
89,3,1983,5.42
89,3,1984,5.37
89,3,1985,5.09
89,3,1986,4.99
89,3,1987,4.82
89,3,1988,4.61
89,3,1989,4.62
89,3,1990,4.49
89,3,1991,4.24
89,3,1992,4.2
89,3,1993,4.09
89,3,1994,4.12
89,3,1995,4.19
89,3,1996,4.29
89,3,1997,4.12
89,3,1998,4
89,3,1999,4
89,3,2000,3.9
89,3,2001,3.69
89,3,2002,3.58
89,3,2003,3.34
89,3,2004,2.88
89,3,2005,2.5
89,3,2006,2.29
89,3,2007,2.22
89,3,2008,2.09
89,3,2009,1.93
89,3,2010,1.78
89,3,2011,1.63
89,3,2012,1.54
89,3,2013,1.39
89,3,2014,1.31
89,3,2015,1.37
89,3,2016,1.36
89,3,2017,1.31
89,3,2018,1.33
89,3,2019,1.31
89,3,2020,1.23
89,3,2021,1.17
89,3,2022,1.32
89,3,2023,1.3
90,3,1980,5.04
90,3,1981,5.16
90,3,1982,5.25
90,3,1983,5.32
90,3,1984,5.47
90,3,1985,5.5
90,3,1986,4.98
90,3,1987,4.58
90,3,1988,4.28
90,3,1989,4.18
90,3,1990,4.32
90,3,1991,4.23
90,3,1992,4.12
90,3,1993,3.89
90,3,1994,4.1
90,3,1995,4.41
90,3,1996,4.72
90,3,1997,5.06
90,3,1998,5.33
90,3,1999,5.19
90,3,2000,4.95
90,3,2001,4.88
90,3,2002,4.8
90,3,2003,4.48
90,3,2004,4.06
90,3,2005,3.63
90,3,2006,3.27
90,3,2007,3.23
90,3,2008,3.29
90,3,2009,3
90,3,2010,2.73
90,3,2011,2.2
90,3,2012,2.06
90,3,2013,2.07
90,3,2014,1.69
90,3,2015,1.54
90,3,2016,1.35
90,3,2017,1.23
90,3,2018,1.17
90,3,2019,1.17
90,3,2020,1
90,3,2021,0.91
90,3,2022,0.98
90,3,2023,1.09
91,3,1980,5.05
91,3,1981,4.8
91,3,1982,5.01
91,3,1983,5.82
91,3,1984,8.54
91,3,1985,7.87
91,3,1986,7.56
91,3,1987,7.4
91,3,1988,7.62
91,3,1989,7.67
91,3,1990,7.3
91,3,1991,7.3
91,3,1992,6.88
91,3,1993,6.37
91,3,1994,6.13
91,3,1995,6.05
91,3,1996,6.3
91,3,1997,6.17
91,3,1998,5.7
91,3,1999,5.31
91,3,2000,4.85
91,3,2001,5.09
91,3,2002,6.28
91,3,2003,6.22
91,3,2004,5.83
91,3,2005,5.92
91,3,2006,5.4
91,3,2007,4.37
91,3,2008,3.82
91,3,2009,3.56
91,3,2010,3.25
91,3,2011,2.96
91,3,2012,2.52
91,3,2013,2.22
91,3,2014,2.05
91,3,2015,2
91,3,2016,1.97
91,3,2017,2.06
91,3,2018,2.07
91,3,2019,2.18
91,3,2020,2.11
91,3,2021,1.96
91,3,2022,2.05
91,3,2023,2.08
92,3,1980,10.18
92,3,1981,9.67
92,3,1982,9.16
92,3,1983,9.43
92,3,1984,10.07
92,3,1985,10.24
92,3,1986,10.65
92,3,1987,11.64
92,3,1988,12.64
92,3,1989,13.32
92,3,1990,12.98
92,3,1991,12.4
92,3,1992,11.37
92,3,1993,10.38
92,3,1994,9.68
92,3,1995,9.66
92,3,1996,9.49
92,3,1997,9.33
92,3,1998,9.33
92,3,1999,8.92
92,3,2000,8.38
92,3,2001,7.79
92,3,2002,7.41
92,3,2003,7.06
92,3,2004,6.34
92,3,2005,5.68
92,3,2006,5.03
92,3,2007,4.43
92,3,2008,3.74
92,3,2009,3.14
92,3,2010,2.81
92,3,2011,2.44
92,3,2012,2.13
92,3,2013,1.93
92,3,2014,2.01
92,3,2015,1.92
92,3,2016,1.88
92,3,2017,1.94
92,3,2018,1.86
92,3,2019,1.76
92,3,2020,1.6
92,3,2021,1.62
92,3,2022,1.69
92,3,2023,1.66
93,3,1980,6.29
93,3,1981,5.92
93,3,1982,5.57
93,3,1983,5.41
93,3,1984,5.62
93,3,1985,5.84
93,3,1986,5.94
93,3,1987,5.99
93,3,1988,6.07
93,3,1989,6.06
93,3,1990,5.78
93,3,1991,5.4
93,3,1992,5.21
93,3,1993,4.77
93,3,1994,4.84
93,3,1995,4.14
93,3,1996,3.92
93,3,1997,3.76
93,3,1998,3.69
93,3,1999,3.71
93,3,2000,3.72
93,3,2001,3.73
93,3,2002,3.51
93,3,2003,3.33
93,3,2004,2.93
93,3,2005,2.84
93,3,2006,2.69
93,3,2007,2.44
93,3,2008,2.15
93,3,2009,1.87
93,3,2010,1.67
93,3,2011,1.56
93,3,2012,1.52
93,3,2013,1.35
93,3,2014,1.3
93,3,2015,1.31
93,3,2016,1.28
93,3,2017,1.24
93,3,2018,1.28
93,3,2019,1.07
93,3,2020,0.99
93,3,2021,0.95
93,3,2022,1
93,3,2023,1.02
94,3,1980,6.97
94,3,1981,6.77
94,3,1982,6.66
94,3,1983,6.44
94,3,1984,6.14
94,3,1985,5.74
94,3,1986,5.84
94,3,1987,5.86
94,3,1988,5.92
94,3,1989,6.01
94,3,1990,6.1
94,3,1991,5.91
94,3,1992,5.64
94,3,1993,5.28
94,3,1994,4.89
94,3,1995,4.6
94,3,1996,4.24
94,3,1997,3.97
94,3,1998,3.77
94,3,1999,3.61
94,3,2000,3.33
94,3,2001,3.08
94,3,2002,2.9
94,3,2003,2.79
94,3,2004,2.51
94,3,2005,2.16
94,3,2006,2.05
94,3,2007,1.8
94,3,2008,1.66
94,3,2009,1.52
94,3,2010,1.42
94,3,2011,1.25
94,3,2012,1.16
94,3,2013,1.05
94,3,2014,1.03
94,3,2015,0.91
94,3,2016,0.91
94,3,2017,0.91
94,3,2018,0.84
94,3,2019,0.76
94,3,2020,0.67
94,3,2021,0.68
94,3,2022,0.68
94,3,2023,0.62
95,3,1980,4.06
95,3,1981,3.87
95,3,1982,4.03
95,3,1983,3.85
95,3,1984,3.71
95,3,1985,3.65
95,3,1986,3.61
95,3,1987,3.63
95,3,1988,3.59
95,3,1989,3.7
95,3,1990,3.83
95,3,1991,3.66
95,3,1992,3.57
95,3,1993,3.66
95,3,1994,3.62
95,3,1995,3.63
95,3,1996,3.7
95,3,1997,3.72
95,3,1998,3.58
95,3,1999,3.4
95,3,2000,3.35
95,3,2001,3.23
95,3,2002,3.23
95,3,2003,3.24
95,3,2004,3.09
95,3,2005,3.07
95,3,2006,3.01
95,3,2007,2.82
95,3,2008,2.5
95,3,2009,2.1
95,3,2010,1.79
95,3,2011,1.5
95,3,2012,1.37
95,3,2013,1.29
95,3,2014,1.26
95,3,2015,1.2
95,3,2016,1.16
95,3,2017,1.07
95,3,2018,1.01
95,3,2019,0.94
95,3,2020,0.83
95,3,2021,0.87
95,3,2022,0.88
95,3,2023,0.93
97,3,1980,9.27
97,3,1981,8.88
97,3,1982,8.33
97,3,1983,8.23
97,3,1984,7.78
97,3,1985,6.89
97,3,1986,7.03
97,3,1987,7.11
97,3,1988,7.11
97,3,1989,7.17
97,3,1990,7.19
97,3,1991,7.37
97,3,1992,7.79
97,3,1993,8.23
97,3,1994,8.62
97,3,1995,8.56
97,3,1996,8.56
97,3,1997,8.63
97,3,1998,9.1
97,3,1999,8.85
97,3,2000,8.29
97,3,2001,7.75
97,3,2002,7.01
97,3,2003,7.17
97,3,2004,7.12
97,3,2005,7.29
97,3,2006,7.75
97,3,2007,7.97
97,3,2008,8.11
97,3,2009,8.05
97,3,2010,8.28
97,3,2011,8.51
97,3,2012,8.18
97,3,2013,8.25
97,3,2014,7.77
97,3,2015,7.07
97,3,2016,6.3
97,3,2017,5.8
97,3,2018,5.02
97,3,2019,4.31
97,3,2020,3.43
97,3,2021,3.77
97,3,2022,4.62
97,3,2023,3.85
98,3,1980,7.88
98,3,1981,7.46
98,3,1982,6.9
98,3,1983,6.41
98,3,1984,6.11
98,3,1985,5.89
98,3,1986,5.58
98,3,1987,5.43
98,3,1988,5.51
98,3,1989,5.68
98,3,1990,5.64
98,3,1991,6.02
98,3,1992,6.6
98,3,1993,6.64
98,3,1994,6.93
98,3,1995,6.99
98,3,1996,6.84
98,3,1997,5.96
98,3,1998,5.59
98,3,1999,4.85
98,3,2000,4.71
98,3,2001,4.42
98,3,2002,4.19
98,3,2003,4.36
98,3,2004,4.44
98,3,2005,4.51
98,3,2006,4.83
98,3,2007,4.74
98,3,2008,4.76
98,3,2009,4.3
98,3,2010,4.23
98,3,2011,4.71
98,3,2012,4.47
98,3,2013,4.51
98,3,2014,4.19
98,3,2015,4.27
98,3,2016,4.45
98,3,2017,4.2
98,3,2018,4.23
98,3,2019,4.36
98,3,2020,4.12
98,3,2021,4.52
98,3,2022,4.93
98,3,2023,4.7
99,3,1980,7.5
99,3,1981,7.31
99,3,1982,6.8
99,3,1983,6.23
99,3,1984,5.64
99,3,1985,5.52
99,3,1986,5.7
99,3,1987,6.02
99,3,1988,6.4
99,3,1989,6.8
99,3,1990,6.48
99,3,1991,6.6
99,3,1992,7.08
99,3,1993,7.32
99,3,1994,7.49
99,3,1995,7.63
99,3,1996,7.66
99,3,1997,8.12
99,3,1998,8.29
99,3,1999,7.86
99,3,2000,6.92
99,3,2001,6.56
99,3,2002,5.79
99,3,2003,5.89
99,3,2004,6.15
99,3,2005,6.56
99,3,2006,6.99
99,3,2007,6.91
99,3,2008,7.38
99,3,2009,7.51
99,3,2010,7.85
99,3,2011,7.89
99,3,2012,7.9
99,3,2013,7.29
99,3,2014,6.82
99,3,2015,6.34
99,3,2016,5.99
99,3,2017,5.75
99,3,2018,5.62
99,3,2019,5.15
99,3,2020,4.63
99,3,2021,4.58
99,3,2022,5.2
99,3,2023,5
101,3,1980,14.65
101,3,1981,13.64
101,3,1982,12.06
101,3,1983,11.51
101,3,1984,11.31
101,3,1985,11.27
101,3,1986,10.96
101,3,1987,11.11
101,3,1988,11.23
101,3,1989,11.31
101,3,1990,10.5
101,3,1991,9.75
101,3,1992,9.37
101,3,1993,9.28
101,3,1994,8.84
101,3,1995,8.65
101,3,1996,8.33
101,3,1997,8.2
101,3,1998,7.73
101,3,1999,7.44
101,3,2000,6.6
101,3,2001,6.2
101,3,2002,6.22
101,3,2003,6.03
101,3,2004,5.96
101,3,2005,6.07
101,3,2006,6.16
101,3,2007,5.56
101,3,2008,4.93
101,3,2009,4.4
101,3,2010,4.17
101,3,2011,3.77
101,3,2012,3.62
101,3,2013,3.48
101,3,2014,3.25
101,3,2015,3.08
101,3,2016,2.96
101,3,2017,2.8
101,3,2018,2.65
101,3,2019,2.58
101,3,2020,2.64
101,3,2021,2.72
101,3,2022,2.73
101,3,2023,2.67
102,3,1980,15.67
102,3,1981,14.82
102,3,1982,13.41
102,3,1983,12.97
102,3,1984,13.06
102,3,1985,13.2
102,3,1986,13.81
102,3,1987,14.12
102,3,1988,14.34
102,3,1989,14.14
102,3,1990,13.63
102,3,1991,12.86
102,3,1992,12.3
102,3,1993,12.39
102,3,1994,12.62
102,3,1995,12.83
102,3,1996,12.75
102,3,1997,12.5
102,3,1998,12.34
102,3,1999,12.44
102,3,2000,12.38
102,3,2001,12.33
102,3,2002,12.39
102,3,2003,12.12
102,3,2004,11.71
102,3,2005,11.54
102,3,2006,11.18
102,3,2007,10.42
102,3,2008,9.39
102,3,2009,8.53
102,3,2010,7.98
102,3,2011,7.77
102,3,2012,7.64
102,3,2013,7.49
102,3,2014,7.46
102,3,2015,7.81
102,3,2016,8.19
102,3,2017,8.1
102,3,2018,7.7
102,3,2019,7.64
102,3,2020,8.42
102,3,2021,8.96
102,3,2022,8.67
102,3,2023,8.39
105,3,1980,6.25
105,3,1981,6.12
105,3,1982,6.03
105,3,1983,5.94
105,3,1984,5.98
105,3,1985,6.02
105,3,1986,6.06
105,3,1987,6.07
105,3,1988,6.12
105,3,1989,6.39
105,3,1990,6.01
105,3,1991,5.89
105,3,1992,6.03
105,3,1993,5.98
105,3,1994,6.11
105,3,1995,5.95
105,3,1996,5.88
105,3,1997,5.46
105,3,1998,5.21
105,3,1999,4.87
105,3,2000,4.72
105,3,2001,4.54
105,3,2002,4.4
105,3,2003,4.19
105,3,2004,3.89
105,3,2005,3.84
105,3,2006,3.52
105,3,2007,3.45
105,3,2008,3.36
105,3,2009,3.33
105,3,2010,3.42
105,3,2011,3.31
105,3,2012,3.1
105,3,2013,2.95
105,3,2014,2.97
105,3,2015,3.06
105,3,2016,3.05
105,3,2017,3.03
105,3,2018,2.84
105,3,2019,2.27
105,3,2020,1.9
105,3,2021,1.86
105,3,2022,1.95
105,3,2023,2.02
106,3,1980,16.15
106,3,1981,13.64
106,3,1982,13.36
106,3,1983,14.34
106,3,1984,13.68
106,3,1985,13.27
106,3,1986,13.28
106,3,1987,13.58
106,3,1988,13.42
106,3,1989,12.97
106,3,1990,13
106,3,1991,12.96
106,3,1992,12.71
106,3,1993,12.03
106,3,1994,11.92
106,3,1995,11.46
106,3,1996,11.52
106,3,1997,11.71
106,3,1998,11.62
106,3,1999,11.77
106,3,2000,11.87
106,3,2001,11.15
106,3,2002,11.12
106,3,2003,10.83
106,3,2004,10.46
106,3,2005,10.28
106,3,2006,9.09
106,3,2007,8.82
106,3,2008,8.75
106,3,2009,9
106,3,2010,9.1
106,3,2011,8.69
106,3,2012,7.67
106,3,2013,7.57
106,3,2014,7.6
106,3,2015,7.79
106,3,2016,7.87
106,3,2017,7.97
106,3,2018,7.95
106,3,2019,8.16
106,3,2020,8.3
106,3,2021,10.15
106,3,2022,8.42
106,3,2023,8.29
107,3,1980,7.95
107,3,1981,7.34
107,3,1982,7.3
107,3,1983,7.35
107,3,1984,7.34
107,3,1985,7.38
107,3,1986,7.73
107,3,1987,7.73
107,3,1988,7.89
107,3,1989,7.87
107,3,1990,7.69
107,3,1991,7.83
107,3,1992,8.07
107,3,1993,8
107,3,1994,8.04
107,3,1995,8.1
107,3,1996,8.11
107,3,1997,8.16
107,3,1998,8.33
107,3,1999,7.94
107,3,2000,7.78
107,3,2001,7.19
107,3,2002,7.43
107,3,2003,6.86
107,3,2004,6.62
107,3,2005,6.21
107,3,2006,5.61
107,3,2007,5.61
107,3,2008,4.97
107,3,2009,5.12
107,3,2010,5.43
107,3,2011,5.17
107,3,2012,4.77
107,3,2013,4.55
107,3,2014,4.41
107,3,2015,4.49
107,3,2016,4.45
107,3,2017,4.27
107,3,2018,4.09
107,3,2019,4.07
107,3,2020,4
107,3,2021,4.13
107,3,2022,4.02
107,3,2023,4.08
108,3,1980,11.53
108,3,1981,10.59
108,3,1982,10.93
108,3,1983,10.77
108,3,1984,10.83
108,3,1985,11.32
108,3,1986,11.78
108,3,1987,12.19
108,3,1988,12.2
108,3,1989,12.1
108,3,1990,12.07
108,3,1991,13.08
108,3,1992,13.4
108,3,1993,13.89
108,3,1994,15.36
108,3,1995,15.24
108,3,1996,16.06
108,3,1997,17.55
108,3,1998,17.19
108,3,1999,17.04
108,3,2000,16.57
108,3,2001,16.63
108,3,2002,15.95
108,3,2003,15.44
108,3,2004,13.61
108,3,2005,13.33
108,3,2006,12.4
108,3,2007,11.85
108,3,2008,11.47
108,3,2009,11.14
108,3,2010,11.1
108,3,2011,10.84
108,3,2012,10.21
108,3,2013,10.02
108,3,2014,10.3
108,3,2015,10.26
108,3,2016,10.46
108,3,2017,10.12
108,3,2018,10.46
108,3,2019,9.66
108,3,2020,10.44
108,3,2021,10.1
108,3,2022,9.79
108,3,2023,9.55
109,3,1980,6.62
109,3,1981,6.49
109,3,1982,6.51
109,3,1983,6.46
109,3,1984,6.44
109,3,1985,6.42
109,3,1986,6.53
109,3,1987,6.62
109,3,1988,6.71
109,3,1989,6.78
109,3,1990,6.65
109,3,1991,6.78
109,3,1992,6.87
109,3,1993,6.89
109,3,1994,7.1
109,3,1995,6.99
109,3,1996,6.78
109,3,1997,6.31
109,3,1998,5.8
109,3,1999,5.27
109,3,2000,5.05
109,3,2001,4.46
109,3,2002,4.16
109,3,2003,3.84
109,3,2004,3.57
109,3,2005,3.42
109,3,2006,3.14
109,3,2007,2.95
109,3,2008,2.98
109,3,2009,2.88
109,3,2010,2.76
109,3,2011,2.69
109,3,2012,2.55
109,3,2013,2.15
109,3,2014,2.35
109,3,2015,2.36
109,3,2016,2.31
109,3,2017,2.18
109,3,2018,2.14
109,3,2019,1.85
109,3,2020,1.73
109,3,2021,2.05
109,3,2022,1.64
109,3,2023,1.7
110,3,1980,7.24
110,3,1981,7.28
110,3,1982,7.27
110,3,1983,7.24
110,3,1984,7.11
110,3,1985,7.06
110,3,1986,7.06
110,3,1987,7.13
110,3,1988,7.22
110,3,1989,7.27
110,3,1990,7.34
110,3,1991,7.47
110,3,1992,7.57
110,3,1993,7.72
110,3,1994,7.75
110,3,1995,7.85
110,3,1996,7.73
110,3,1997,7.62
110,3,1998,7.59
110,3,1999,7.39
110,3,2000,7.29
110,3,2001,7.03
110,3,2002,6.94
110,3,2003,6.73
110,3,2004,6.58
110,3,2005,6.51
110,3,2006,6.68
110,3,2007,6.5
110,3,2008,6.5
110,3,2009,6.23
110,3,2010,6.21
110,3,2011,6.24
110,3,2012,6.14
110,3,2013,6.11
110,3,2014,6.08
110,3,2015,6.14
110,3,2016,6.03
110,3,2017,6.03
110,3,2018,6.02
110,3,2019,5.96
110,3,2020,6.04
110,3,2021,5.64
110,3,2022,5.25
110,3,2023,5.2
111,3,1980,21.06
111,3,1981,20.87
111,3,1982,20.68
111,3,1983,20.52
111,3,1984,20.32
111,3,1985,20.35
111,3,1986,20.23
111,3,1987,19.98
111,3,1988,20.05
111,3,1989,20.1
111,3,1990,19.99
111,3,1991,19.84
111,3,1992,19.58
111,3,1993,19.22
111,3,1994,18.86
111,3,1995,18.48
111,3,1996,18.35
111,3,1997,18.03
111,3,1998,17.79
111,3,1999,17.93
111,3,2000,18.31
111,3,2001,19
111,3,2002,19.48
111,3,2003,19.11
111,3,2004,18.63
111,3,2005,18.34
111,3,2006,18.19
111,3,2007,18.15
111,3,2008,18.36
111,3,2009,18.4
111,3,2010,18.47
111,3,2011,18.92
111,3,2012,18.98
111,3,2013,18.94
111,3,2014,18.76
111,3,2015,19.25
111,3,2016,19.8
111,3,2017,19.99
111,3,2018,20.36
111,3,2019,21.06
111,3,2020,22.11
111,3,2021,21.98
111,3,2022,21.58
111,3,2023,21.45
112,3,1980,7.44
112,3,1981,7.41
112,3,1982,7.52
112,3,1983,7.95
112,3,1984,7.9
112,3,1985,7.89
112,3,1986,8.28
112,3,1987,8.84
112,3,1988,8.72
112,3,1989,8.4
112,3,1990,8.07
112,3,1991,8
112,3,1992,7.76
112,3,1993,7.56
112,3,1994,7.6
112,3,1995,7.45
112,3,1996,7.08
112,3,1997,6.87
112,3,1998,6.65
112,3,1999,6.32
112,3,2000,6.24
112,3,2001,6.33
112,3,2002,6.2
112,3,2003,5.96
112,3,2004,5.76
112,3,2005,5.78
112,3,2006,5.29
112,3,2007,4.97
112,3,2008,4.81
112,3,2009,5.06
112,3,2010,5.21
112,3,2011,5.19
112,3,2012,4.61
112,3,2013,4.28
112,3,2014,4.25
112,3,2015,4.52
112,3,2016,4.65
112,3,2017,4.4
112,3,2018,4.21
112,3,2019,3.37
112,3,2020,3.01
112,3,2021,3.05
112,3,2022,3.02
112,3,2023,3.01
113,3,1980,9.3
113,3,1981,9.28
113,3,1982,9.19
113,3,1983,9.04
113,3,1984,8.82
113,3,1985,8.79
113,3,1986,8.42
113,3,1987,8.02
113,3,1988,8.06
113,3,1989,7.64
113,3,1990,7.48
113,3,1991,7.15
113,3,1992,7
113,3,1993,6.89
113,3,1994,7.32
113,3,1995,8.13
113,3,1996,8.86
113,3,1997,8.64
113,3,1998,8.37
113,3,1999,8.91
113,3,2000,8.07
113,3,2001,9.96
113,3,2002,10.57
113,3,2003,10.31
113,3,2004,10.34
113,3,2005,10.19
113,3,2006,9.88
113,3,2007,10.43
113,3,2008,9.62
113,3,2009,9.67
113,3,2010,9.02
113,3,2011,8.8
113,3,2012,7.82
113,3,2013,7.48
113,3,2014,7.48
113,3,2015,7.24
113,3,2016,6.91
113,3,2017,6.98
113,3,2018,6.78
113,3,2019,6.31
113,3,2020,7.28
113,3,2021,7.06
113,3,2022,6.96
113,3,2023,7.07
114,3,1980,24.06
114,3,1981,23.96
114,3,1982,23.79
114,3,1983,23.92
114,3,1984,23.39
114,3,1985,25.52
114,3,1986,25.41
114,3,1987,25.05
114,3,1988,24.64
114,3,1989,23.48
114,3,1990,23.92
114,3,1991,22.06
114,3,1992,22.09
114,3,1993,21.37
114,3,1994,20.13
114,3,1995,19.93
114,3,1996,19.3
114,3,1997,19.37
114,3,1998,17.48
114,3,1999,17.78
114,3,2000,17.24
114,3,2001,17.18
114,3,2002,16.68
114,3,2003,16.33
114,3,2004,16.45
114,3,2005,16.01
114,3,2006,15.87
114,3,2007,16.04
114,3,2008,16.05
114,3,2009,15.85
114,3,2010,15.57
114,3,2011,16.14
114,3,2012,16.32
114,3,2013,16.57
114,3,2014,16.62
114,3,2015,16.6
114,3,2016,16.81
114,3,2017,17.11
114,3,2018,17.58
114,3,2019,17.85
114,3,2020,17.72
114,3,2021,18.96
114,3,2022,19.23
114,3,2023,20.06
115,3,1980,1.85
115,3,1981,1.64
115,3,1982,1.67
115,3,1983,2.07
115,3,1984,2.02
115,3,1985,2
115,3,1986,1.9
115,3,1987,1.97
115,3,1988,1.73
115,3,1989,1.63
115,3,1990,1.52
115,3,1991,1.49
115,3,1992,1.47
115,3,1993,1.53
115,3,1994,1.59
115,3,1995,1.75
115,3,1996,2.19
115,3,1997,2.39
115,3,1998,2.47
115,3,1999,2.43
115,3,2000,2.43
115,3,2001,2.28
115,3,2002,2.05
115,3,2003,1.89
115,3,2004,1.8
115,3,2005,2.13
115,3,2006,1.77
115,3,2007,1.86
115,3,2008,2.28
115,3,2009,2.12
115,3,2010,2.12
115,3,2011,2.18
115,3,2012,1.88
115,3,2013,1.81
115,3,2014,1.98
115,3,2015,2.32
115,3,2016,2.75
115,3,2017,2.89
115,3,2018,3.18
115,3,2019,3.12
115,3,2020,3.09
115,3,2021,3.07
115,3,2022,2.75
115,3,2023,2.43
116,3,1980,14.32
116,3,1981,13.49
116,3,1982,13.57
116,3,1983,13.62
116,3,1984,14
116,3,1985,14.25
116,3,1986,14.4
116,3,1987,14.3
116,3,1988,14.23
116,3,1989,14.15
116,3,1990,13.63
116,3,1991,13.46
116,3,1992,13.31
116,3,1993,13.19
116,3,1994,13.35
116,3,1995,13.36
116,3,1996,13.4
116,3,1997,12.47
116,3,1998,11.53
116,3,1999,10.66
116,3,2000,10.52
116,3,2001,10.15
116,3,2002,10.19
116,3,2003,9.5
116,3,2004,8.9
116,3,2005,8.26
116,3,2006,7.57
116,3,2007,7.09
116,3,2008,6.83
116,3,2009,7.53
116,3,2010,7.7
116,3,2011,7.87
116,3,2012,7.09
116,3,2013,7.01
116,3,2014,6.69
116,3,2015,6.7
116,3,2016,6.72
116,3,2017,6.34
116,3,2018,6.65
116,3,2019,5.18
116,3,2020,4.73
116,3,2021,5.32
116,3,2022,4.67
116,3,2023,4.55
117,3,1980,1.93
117,3,1981,1.96
117,3,1982,1.98
117,3,1983,2.03
117,3,1984,2.05
117,3,1985,2.15
117,3,1986,2.23
117,3,1987,2.29
117,3,1988,2.34
117,3,1989,2.39
117,3,1990,2.46
117,3,1991,2.53
117,3,1992,2.66
117,3,1993,2.7
117,3,1994,3.01
117,3,1995,4.42
117,3,1996,5.41
117,3,1997,5.56
117,3,1998,5.37
117,3,1999,5.3
117,3,2000,5.23
117,3,2001,4.99
117,3,2002,5
117,3,2003,4.82
117,3,2004,4.65
117,3,2005,4.47
117,3,2006,4.23
117,3,2007,4.07
117,3,2008,3.99
117,3,2009,4.08
117,3,2010,4.18
117,3,2011,4.25
117,3,2012,4.03
117,3,2013,3.64
117,3,2014,3.7
117,3,2015,3.85
117,3,2016,3.89
117,3,2017,3.72
117,3,2018,3.66
117,3,2019,2.91
117,3,2020,2.43
117,3,2021,2.39
117,3,2022,2.33
117,3,2023,2.3
118,3,1980,12.94
118,3,1981,12.9
118,3,1982,12.79
118,3,1983,12.63
118,3,1984,12.39
118,3,1985,12.49
118,3,1986,12.92
118,3,1987,13.17
118,3,1988,13.12
118,3,1989,12.6
118,3,1990,12.83
118,3,1991,12.87
118,3,1992,12.74
118,3,1993,12.02
118,3,1994,12.17
118,3,1995,12.9
118,3,1996,12.9
118,3,1997,12.39
118,3,1998,11.78
118,3,1999,11.4
118,3,2000,10.4
118,3,2001,10.12
118,3,2002,10.47
118,3,2003,10.39
118,3,2004,10.41
118,3,2005,10.53
118,3,2006,10.65
118,3,2007,10.5
118,3,2008,10.46
118,3,2009,10.36
118,3,2010,10.26
118,3,2011,10.31
118,3,2012,10.32
118,3,2013,10.46
118,3,2014,10.61
118,3,2015,10.31
118,3,2016,10.28
118,3,2017,10.27
118,3,2018,10.29
118,3,2019,10.1
118,3,2020,9.9
118,3,2021,10.15
118,3,2022,9.52
118,3,2023,9.89
119,3,1980,11.59
119,3,1981,10.9
119,3,1982,11.18
119,3,1983,11.14
119,3,1984,11.31
119,3,1985,11.52
119,3,1986,11.47
119,3,1987,10.73
119,3,1988,9.9
119,3,1989,9.67
119,3,1990,9.33
119,3,1991,9.15
119,3,1992,9.16
119,3,1993,9.53
119,3,1994,9.44
119,3,1995,9.29
119,3,1996,9.57
119,3,1997,9.49
119,3,1998,9.45
119,3,1999,9.78
119,3,2000,9.6
119,3,2001,9.66
119,3,2002,9.88
119,3,2003,10.25
119,3,2004,9.85
119,3,2005,9.23
119,3,2006,9.35
119,3,2007,9.47
119,3,2008,9.48
119,3,2009,9.42
119,3,2010,9.13
119,3,2011,8.57
119,3,2012,8.12
119,3,2013,7.88
119,3,2014,7.75
119,3,2015,7.67
119,3,2016,7.27
119,3,2017,7.31
119,3,2018,7.54
119,3,2019,7.55
119,3,2020,7.89
119,3,2021,8.19
119,3,2022,7.53
119,3,2023,7.22
121,3,1980,23.71
121,3,1981,23.16
121,3,1982,22.46
121,3,1983,21.63
121,3,1984,21.2
121,3,1985,20.69
121,3,1986,20.38
121,3,1987,20.06
121,3,1988,19.8
121,3,1989,19.84
121,3,1990,19.8
121,3,1991,19.84
121,3,1992,19.92
121,3,1993,19.92
121,3,1994,19.87
121,3,1995,19.79
121,3,1996,19.81
121,3,1997,19.53
121,3,1998,19.4
121,3,1999,19.27
121,3,2000,19.12
121,3,2001,18.9
121,3,2002,18.75
121,3,2003,18.54
121,3,2004,18.51
121,3,2005,18.44
121,3,2006,18.45
121,3,2007,18.41
121,3,2008,18.27
121,3,2009,18.36
121,3,2010,18.46
121,3,2011,18.69
121,3,2012,18.59
121,3,2013,17.35
121,3,2014,17.53
121,3,2015,17.71
121,3,2016,18.06
121,3,2017,18.22
121,3,2018,17.41
121,3,2019,17.51
121,3,2020,20.99
121,3,2021,19.21
121,3,2022,15.91
121,3,2023,15.24
122,3,1980,7.64
122,3,1981,7.42
122,3,1982,7.09
122,3,1983,6.61
122,3,1984,6.53
122,3,1985,6.4
122,3,1986,6.34
122,3,1987,6.22
122,3,1988,6.58
122,3,1989,6.62
122,3,1990,6.87
122,3,1991,7.1
122,3,1992,7.28
122,3,1993,7.37
122,3,1994,7.33
122,3,1995,7.3
122,3,1996,7.53
122,3,1997,8.59
122,3,1998,7.76
122,3,1999,7.63
122,3,2000,7.76
122,3,2001,6.99
122,3,2002,6.65
122,3,2003,7.44
122,3,2004,7.51
122,3,2005,8.12
122,3,2006,9.05
122,3,2007,9.38
122,3,2008,9.9
122,3,2009,10.06
122,3,2010,10.1
122,3,2011,9.96
122,3,2012,9.24
122,3,2013,8.57
122,3,2014,8.41
122,3,2015,7.82
122,3,2016,7.58
122,3,2017,7.68
122,3,2018,7.79
122,3,2019,7.7
122,3,2020,7.58
122,3,2021,8.53
122,3,2022,9.74
122,3,2023,10.22
123,3,1980,6.5
123,3,1981,6.39
123,3,1982,6.63
123,3,1983,6.67
123,3,1984,7.02
123,3,1985,6.93
123,3,1986,6.93
123,3,1987,6.8
123,3,1988,6.42
123,3,1989,6.21
123,3,1990,5.83
123,3,1991,6.2
123,3,1992,6.41
123,3,1993,6.78
123,3,1994,7.22
123,3,1995,7.49
123,3,1996,7.94
123,3,1997,7.81
123,3,1998,7.54
123,3,1999,7.3
123,3,2000,6.44
123,3,2001,5.88
123,3,2002,5.48
123,3,2003,5.34
123,3,2004,5.18
123,3,2005,4.96
123,3,2006,4.77
123,3,2007,4.77
123,3,2008,4.99
123,3,2009,5.11
123,3,2010,5.18
123,3,2011,5.22
123,3,2012,5.05
123,3,2013,4.95
123,3,2014,4.78
123,3,2015,4.67
123,3,2016,4.74
123,3,2017,4.98
123,3,2018,5.2
123,3,2019,5.45
123,3,2020,5.38
123,3,2021,6.31
123,3,2022,6.12
123,3,2023,6.44
125,3,1980,4.58
125,3,1981,4.8
125,3,1982,4.64
125,3,1983,4.78
125,3,1984,4.51
125,3,1985,4.36
125,3,1986,4.33
125,3,1987,4.27
125,3,1988,4.32
125,3,1989,4.05
125,3,1990,3.89
125,3,1991,3.89
125,3,1992,4.05
125,3,1993,4.36
125,3,1994,4.6
125,3,1995,4.88
125,3,1996,4.48
125,3,1997,4.4
125,3,1998,4.18
125,3,1999,3.84
125,3,2000,3.51
125,3,2001,3.19
125,3,2002,3.1
125,3,2003,3.26
125,3,2004,3.15
125,3,2005,2.94
125,3,2006,2.78
125,3,2007,2.7
125,3,2008,2.62
125,3,2009,2.44
125,3,2010,2.23
125,3,2011,2.17
125,3,2012,2.04
125,3,2013,1.95
125,3,2014,2.02
125,3,2015,1.99
125,3,2016,2.05
125,3,2017,2.27
125,3,2018,2.1
125,3,2019,1.95
125,3,2020,1.74
125,3,2021,2
125,3,2022,2.13
125,3,2023,2.02
126,3,1980,4.68
126,3,1981,4.3
126,3,1982,4
126,3,1983,3.57
126,3,1984,3.76
126,3,1985,3.84
126,3,1986,3.88
126,3,1987,3.88
126,3,1988,3.87
126,3,1989,4.02
126,3,1990,4.29
126,3,1991,4.31
126,3,1992,4.35
126,3,1993,4.44
126,3,1994,4.63
126,3,1995,4.41
126,3,1996,4.31
126,3,1997,4.47
126,3,1998,4.64
126,3,1999,4.5
126,3,2000,4.44
126,3,2001,4.16
126,3,2002,4.19
126,3,2003,4.01
126,3,2004,3.77
126,3,2005,3.56
126,3,2006,3.35
126,3,2007,3.13
126,3,2008,2.91
126,3,2009,2.93
126,3,2010,2.92
126,3,2011,3.11
126,3,2012,3.31
126,3,2013,3.24
126,3,2014,3.29
126,3,2015,3.25
126,3,2016,3.04
126,3,2017,2.98
126,3,2018,2.84
126,3,2019,2.58
126,3,2020,2.32
126,3,2021,2.47
126,3,2022,2.79
126,3,2023,2.92
127,3,1980,15.96
127,3,1981,14.8
127,3,1982,13.47
127,3,1983,10.92
127,3,1984,9.75
127,3,1985,8.94
127,3,1986,8.64
127,3,1987,8.38
127,3,1988,8.52
127,3,1989,8.82
127,3,1990,8.82
127,3,1991,8.81
127,3,1992,8.67
127,3,1993,8.62
127,3,1994,8.49
127,3,1995,8.4
127,3,1996,8.41
127,3,1997,8.23
127,3,1998,8.01
127,3,1999,8.25
127,3,2000,8.02
127,3,2001,7.93
127,3,2002,7.86
127,3,2003,7.81
127,3,2004,7.89
127,3,2005,7.8
127,3,2006,7.5
127,3,2007,7.3
127,3,2008,6.85
127,3,2009,6.25
127,3,2010,5.87
127,3,2011,5.23
127,3,2012,5.47
127,3,2013,5.54
127,3,2014,5.53
127,3,2015,5.44
127,3,2016,5.79
127,3,2017,5.7
127,3,2018,5.59
127,3,2019,5.45
127,3,2020,5.44
127,3,2021,5.41
127,3,2022,5.12
127,3,2023,5.26
128,3,1980,4.26
128,3,1981,3.59
128,3,1982,3.42
128,3,1983,2.5
128,3,1984,2.32
128,3,1985,2.65
128,3,1986,3.07
128,3,1987,3.03
128,3,1988,2.9
128,3,1989,2.89
128,3,1990,2.71
128,3,1991,2.93
128,3,1992,3.06
128,3,1993,3.19
128,3,1994,3
128,3,1995,2.97
128,3,1996,2.88
128,3,1997,2.78
128,3,1998,2.75
128,3,1999,2.74
128,3,2000,2.89
128,3,2001,2.79
128,3,2002,2.8
128,3,2003,2.7
128,3,2004,2.76
128,3,2005,2.66
128,3,2006,2.68
128,3,2007,2.69
128,3,2008,2.81
128,3,2009,3.32
128,3,2010,3.89
128,3,2011,4.1
128,3,2012,4.03
128,3,2013,4
128,3,2014,4.07
128,3,2015,4.15
128,3,2016,4.4
128,3,2017,4.5
128,3,2018,4.41
128,3,2019,4.28
128,3,2020,4.06
128,3,2021,4.61
128,3,2022,4.55
128,3,2023,4.49
129,3,1980,7.53
129,3,1981,6.99
129,3,1982,6.64
129,3,1983,6.36
129,3,1984,6.07
129,3,1985,5.82
129,3,1986,5.66
129,3,1987,5.69
129,3,1988,5.48
129,3,1989,5.46
129,3,1990,5.44
129,3,1991,5.51
129,3,1992,5.53
129,3,1993,5.62
129,3,1994,5.67
129,3,1995,5.65
129,3,1996,5.75
129,3,1997,5.7
129,3,1998,5.65
129,3,1999,5.68
129,3,2000,5.64
129,3,2001,5.61
129,3,2002,5.6
129,3,2003,5.57
129,3,2004,5.58
129,3,2005,5.46
129,3,2006,5.37
129,3,2007,5.26
129,3,2008,5.18
129,3,2009,5.17
129,3,2010,5.23
129,3,2011,5.45
129,3,2012,5.99
129,3,2013,5.98
129,3,2014,6.05
129,3,2015,6.02
129,3,2016,6.03
129,3,2017,6.08
129,3,2018,6.11
129,3,2019,6.11
129,3,2020,5.77
129,3,2021,6.17
129,3,2022,5.73
129,3,2023,5.48
130,3,1980,10.95
130,3,1981,11
130,3,1982,9.72
130,3,1983,8.22
130,3,1984,7.52
130,3,1985,6.96
130,3,1986,6.66
130,3,1987,6.38
130,3,1988,6.15
130,3,1989,6.15
130,3,1990,6.3
130,3,1991,6.17
130,3,1992,5.94
130,3,1993,5.71
130,3,1994,5.64
130,3,1995,5.39
130,3,1996,5.52
130,3,1997,5.54
130,3,1998,5.66
130,3,1999,5.7
130,3,2000,5.68
130,3,2001,5.65
130,3,2002,5.8
130,3,2003,5.83
130,3,2004,5.94
130,3,2005,6.06
130,3,2006,6.21
130,3,2007,6.15
130,3,2008,6.32
130,3,2009,6.29
130,3,2010,6.14
130,3,2011,5.69
130,3,2012,5.31
130,3,2013,4.84
130,3,2014,4.61
130,3,2015,4.62
130,3,2016,4.59
130,3,2017,4.48
130,3,2018,4.25
130,3,2019,3.97
130,3,2020,3.71
130,3,2021,3.98
130,3,2022,4
130,3,2023,3.85
131,3,1980,10.85
131,3,1981,11.12
131,3,1982,11.22
131,3,1983,11.18
131,3,1984,11.1
131,3,1985,10.69
131,3,1986,10.06
131,3,1987,8.75
131,3,1988,8.16
131,3,1989,7.43
131,3,1990,6.8
131,3,1991,6.21
131,3,1992,5.93
131,3,1993,5.83
131,3,1994,5.7
131,3,1995,5.44
131,3,1996,5.26
131,3,1997,5.12
131,3,1998,5.22
131,3,1999,4.89
131,3,2000,4.81
131,3,2001,4.75
131,3,2002,4.72
131,3,2003,4.67
131,3,2004,4.62
131,3,2005,4.57
131,3,2006,4.53
131,3,2007,4.57
131,3,2008,4.48
131,3,2009,4.4
131,3,2010,4.41
131,3,2011,4.42
131,3,2012,4.32
131,3,2013,4.29
131,3,2014,4.26
131,3,2015,4.11
131,3,2016,4.14
131,3,2017,4.1
131,3,2018,4.12
131,3,2019,4.28
131,3,2020,4.06
131,3,2021,4.06
131,3,2022,3.95
131,3,2023,3.76
132,3,1980,9.55
132,3,1981,9.53
132,3,1982,9.26
132,3,1983,8.97
132,3,1984,8.88
132,3,1985,8.37
132,3,1986,8.23
132,3,1987,8.04
132,3,1988,7.89
132,3,1989,8.19
132,3,1990,8.38
132,3,1991,8.54
132,3,1992,8.7
132,3,1993,8.64
132,3,1994,8.69
132,3,1995,8.52
132,3,1996,8.59
132,3,1997,8.79
132,3,1998,8.85
132,3,1999,8.45
132,3,2000,7.48
132,3,2001,7.24
132,3,2002,7.15
132,3,2003,6.98
132,3,2004,7
132,3,2005,6.8
132,3,2006,7.15
132,3,2007,6.8
132,3,2008,6.49
132,3,2009,6.05
132,3,2010,5.96
132,3,2011,6.12
132,3,2012,6.08
132,3,2013,5.89
132,3,2014,5.61
132,3,2015,5.67
132,3,2016,5.71
132,3,2017,5.57
132,3,2018,4.94
132,3,2019,4.65
132,3,2020,4.31
132,3,2021,4.08
132,3,2022,4.04
132,3,2023,3.97
133,3,1980,9.83
133,3,1981,9.73
133,3,1982,9.48
133,3,1983,8.74
133,3,1984,8.17
133,3,1985,7.61
133,3,1986,7.67
133,3,1987,7.61
133,3,1988,7.41
133,3,1989,7
133,3,1990,6.84
133,3,1991,7.3
133,3,1992,7.8
133,3,1993,7.95
133,3,1994,7.83
133,3,1995,6.99
133,3,1996,6.25
133,3,1997,6.28
133,3,1998,6.7
133,3,1999,7.07
133,3,2000,7.11
133,3,2001,7.45
133,3,2002,7.22
133,3,2003,6.57
133,3,2004,6.57
133,3,2005,6.59
133,3,2006,7.03
133,3,2007,7.68
133,3,2008,7.84
133,3,2009,7.54
133,3,2010,6.6
133,3,2011,6.36
133,3,2012,6.24
133,3,2013,6.11
133,3,2014,5.81
133,3,2015,5.3
133,3,2016,4.93
133,3,2017,5.16
133,3,2018,5.74
133,3,2019,6.06
133,3,2020,5.69
133,3,2021,5.54
133,3,2022,5.4
133,3,2023,5.34
135,3,1980,4.7
135,3,1981,4.38
135,3,1982,4.36
135,3,1983,4.51
135,3,1984,4.75
135,3,1985,4.93
135,3,1986,5.16
135,3,1987,5.05
135,3,1988,4.95
135,3,1989,4.69
135,3,1990,4.47
135,3,1991,4.2
135,3,1992,4.24
135,3,1993,4.84
135,3,1994,5.02
135,3,1995,5.11
135,3,1996,6.43
135,3,1997,6.63
135,3,1998,6.33
135,3,1999,6.51
135,3,2000,6.64
135,3,2001,6.67
135,3,2002,6.77
135,3,2003,6.77
135,3,2004,6.9
135,3,2005,6.71
135,3,2006,6.63
135,3,2007,6.68
135,3,2008,6.72
135,3,2009,6.75
135,3,2010,7.11
135,3,2011,7.38
135,3,2012,7.43
135,3,2013,7.28
135,3,2014,7.08
135,3,2015,6.43
135,3,2016,6.03
135,3,2017,5.64
135,3,2018,5.17
135,3,2019,4.96
135,3,2020,5
135,3,2021,5
135,3,2022,5.17
135,3,2023,4.98
136,3,1980,3.49
136,3,1981,3.34
136,3,1982,3.24
136,3,1983,3.09
136,3,1984,3.01
136,3,1985,2.96
136,3,1986,2.94
136,3,1987,2.88
136,3,1988,2.86
136,3,1989,2.9
136,3,1990,2.95
136,3,1991,3.08
136,3,1992,3.19
136,3,1993,3.3
136,3,1994,3.42
136,3,1995,3.52
136,3,1996,3.6
136,3,1997,3.72
136,3,1998,3.82
136,3,1999,3.79
136,3,2000,3.77
136,3,2001,3.74
136,3,2002,3.71
136,3,2003,3.7
136,3,2004,3.79
136,3,2005,3.91
136,3,2006,3.92
136,3,2007,3.92
136,3,2008,4.03
136,3,2009,4.08
136,3,2010,4.12
136,3,2011,4.21
136,3,2012,4.13
136,3,2013,4.13
136,3,2014,4.16
136,3,2015,4.17
136,3,2016,4.17
136,3,2017,4.22
136,3,2018,4.24
136,3,2019,4.25
136,3,2020,4.36
136,3,2021,4.44
136,3,2022,3.63
136,3,2023,3.64
139,3,1980,25.71
139,3,1981,25.1
139,3,1982,24.69
139,3,1983,24.64
139,3,1984,24.48
139,3,1985,24.55
139,3,1986,24.25
139,3,1987,23.63
139,3,1988,23.07
139,3,1989,22.59
139,3,1990,22.16
139,3,1991,21.79
139,3,1992,21.36
139,3,1993,20.91
139,3,1994,20.37
139,3,1995,19.94
139,3,1996,19.54
139,3,1997,19.18
139,3,1998,18.86
139,3,1999,18.39
139,3,2000,18.02
139,3,2001,17.63
139,3,2002,17.33
139,3,2003,16.97
139,3,2004,16.57
139,3,2005,16.25
139,3,2006,15.9
139,3,2007,15.59
139,3,2008,15.38
139,3,2009,15.01
139,3,2010,14.79
139,3,2011,14.45
139,3,2012,13.85
139,3,2013,13.62
139,3,2014,13.3
139,3,2015,13.1
139,3,2016,12.94
139,3,2017,12.86
139,3,2018,12.77
139,3,2019,12.68
139,3,2020,11.96
139,3,2021,11.76
139,3,2022,11.47
139,3,2023,11.41
140,3,1980,25.05
140,3,1981,24.51
140,3,1982,23.74
140,3,1983,22.93
140,3,1984,22.03
140,3,1985,21.34
140,3,1986,20.64
140,3,1987,20.05
140,3,1988,19.59
140,3,1989,19.12
140,3,1990,18.56
140,3,1991,18.16
140,3,1992,17.92
140,3,1993,17.74
140,3,1994,17.55
140,3,1995,17.94
140,3,1996,18.52
140,3,1997,18.93
140,3,1998,18.88
140,3,1999,18.29
140,3,2000,18.09
140,3,2001,17.51
140,3,2002,17.56
140,3,2003,17.67
140,3,2004,17.35
140,3,2005,16.67
140,3,2006,15.4
140,3,2007,14.43
140,3,2008,13.7
140,3,2009,13.17
140,3,2010,12.5
140,3,2011,11.34
140,3,2012,10.3
140,3,2013,10.77
140,3,2014,10.54
140,3,2015,10.93
140,3,2016,11.02
140,3,2017,10.89
140,3,2018,10.44
140,3,2019,10.5
140,3,2020,10.02
140,3,2021,9.94
140,3,2022,9.86
140,3,2023,9.89
141,3,1980,9.82
141,3,1981,9.76
141,3,1982,9.84
141,3,1983,9.93
141,3,1984,10.1
141,3,1985,10.14
141,3,1986,10.04
141,3,1987,9.66
141,3,1988,9.36
141,3,1989,9.03
141,3,1990,8.62
141,3,1991,8.19
141,3,1992,7.92
141,3,1993,7.88
141,3,1994,7.89
141,3,1995,7.87
141,3,1996,7.84
141,3,1997,7.84
141,3,1998,7.76
141,3,1999,7.58
141,3,2000,7.47
141,3,2001,7.52
141,3,2002,7.58
141,3,2003,7.65
141,3,2004,7.56
141,3,2005,7.43
141,3,2006,7.4
141,3,2007,7.33
141,3,2008,7.25
141,3,2009,7.29
141,3,2010,7.36
141,3,2011,7.72
141,3,2012,7.86
141,3,2013,7.6
141,3,2014,7.62
141,3,2015,7.51
141,3,2016,7.39
141,3,2017,7.12
141,3,2018,6.88
141,3,2019,6.73
141,3,2020,6.68
141,3,2021,6.75
141,3,2022,7.94
141,3,2023,8.12
142,3,1980,44.08
142,3,1981,44.43
142,3,1982,42.88
142,3,1983,40.52
142,3,1984,38.12
142,3,1985,36
142,3,1986,33.9
142,3,1987,31.88
142,3,1988,30.24
142,3,1989,28.78
142,3,1990,27.41
142,3,1991,26.5
142,3,1992,26.27
142,3,1993,25.82
142,3,1994,25.26
142,3,1995,24.69
142,3,1996,24.26
142,3,1997,23.85
142,3,1998,23.44
142,3,1999,22.97
142,3,2000,22.54
142,3,2001,22.19
142,3,2002,21.75
142,3,2003,21.38
142,3,2004,19.85
142,3,2005,19.08
142,3,2006,18.35
142,3,2007,17.44
142,3,2008,16.55
142,3,2009,15.77
142,3,2010,14.84
142,3,2011,14.51
142,3,2012,13.86
142,3,2013,13.42
142,3,2014,13.22
142,3,2015,13.08
142,3,2016,12.84
142,3,2017,12.54
142,3,2018,12.27
142,3,2019,11.97
142,3,2020,12.03
142,3,2021,11.27
142,3,2022,10.52
142,3,2023,10.44
143,3,1980,11.84
143,3,1981,11.75
143,3,1982,11.67
143,3,1983,11.49
143,3,1984,11.4
143,3,1985,11.42
143,3,1986,11.35
143,3,1987,11.32
143,3,1988,11.41
143,3,1989,11.42
143,3,1990,11.54
143,3,1991,11.52
143,3,1992,11.7
143,3,1993,11.87
143,3,1994,12.04
143,3,1995,12.25
143,3,1996,12.46
143,3,1997,12.66
143,3,1998,12.74
143,3,1999,12.83
143,3,2000,12.92
143,3,2001,13.13
143,3,2002,13.04
143,3,2003,13.19
143,3,2004,13.01
143,3,2005,12.81
143,3,2006,12.8
143,3,2007,12.58
143,3,2008,12.32
143,3,2009,12.36
143,3,2010,12.38
143,3,2011,12.29
143,3,2012,12.14
143,3,2013,11.88
143,3,2014,11.75
143,3,2015,12.4
143,3,2016,12.43
143,3,2017,12.4
143,3,2018,10.29
143,3,2019,10.43
143,3,2020,10.93
143,3,2021,10.54
143,3,2022,10.2
143,3,2023,10.27
144,3,1980,17.79
144,3,1981,17.18
144,3,1982,16.48
144,3,1983,16.15
144,3,1984,15.83
144,3,1985,15.57
144,3,1986,15.39
144,3,1987,15.17
144,3,1988,15.03
144,3,1989,14.93
144,3,1990,14.88
144,3,1991,14.67
144,3,1992,14.51
144,3,1993,14.13
144,3,1994,13.82
144,3,1995,13.51
144,3,1996,13.17
144,3,1997,12.89
144,3,1998,12.58
144,3,1999,12.2
144,3,2000,11.88
144,3,2001,11.57
144,3,2002,11.19
144,3,2003,10.8
144,3,2004,10.5
144,3,2005,10.34
144,3,2006,10.07
144,3,2007,9.66
144,3,2008,9.3
144,3,2009,8.95
144,3,2010,8.56
144,3,2011,8.22
144,3,2012,7.72
144,3,2013,7.32
144,3,2014,7.02
144,3,2015,6.59
144,3,2016,6.4
144,3,2017,6.31
144,3,2018,6.24
144,3,2019,6.16
144,3,2020,6.1
144,3,2021,6.17
144,3,2022,5.9
144,3,2023,5.75
145,3,1980,20.06
145,3,1981,19.99
145,3,1982,19.74
145,3,1983,19.18
145,3,1984,19.2
145,3,1985,18.49
145,3,1986,16.99
145,3,1987,15.9
145,3,1988,15.56
145,3,1989,15.19
145,3,1990,15.53
145,3,1991,16.11
145,3,1992,16
145,3,1993,16.34
145,3,1994,15.32
145,3,1995,15.57
145,3,1996,17.9
145,3,1997,17.18
145,3,1998,17.33
145,3,1999,15.4
145,3,2000,15.45
145,3,2001,18.11
145,3,2002,17.47
145,3,2003,17.04
145,3,2004,14.48
145,3,2005,13.93
145,3,2006,13.56
145,3,2007,13.07
145,3,2008,12.84
145,3,2009,11.33
145,3,2010,10.69
145,3,2011,10.36
145,3,2012,10.09
145,3,2013,9.18
145,3,2014,8.43
145,3,2015,7.34
145,3,2016,7.3
145,3,2017,6.81
145,3,2018,6.79
145,3,2019,6.51
145,3,2020,5.87
145,3,2021,5.67
145,3,2022,6.11
145,3,2023,5.88
146,3,1980,6.82
146,3,1981,6.71
146,3,1982,6.64
146,3,1983,6.62
146,3,1984,6.53
146,3,1985,6.46
146,3,1986,6.4
146,3,1987,6.39
146,3,1988,6.36
146,3,1989,6.31
146,3,1990,6.46
146,3,1991,6.57
146,3,1992,6.61
146,3,1993,6.59
146,3,1994,6.6
146,3,1995,6.65
146,3,1996,6.61
146,3,1997,6.59
146,3,1998,6.53
146,3,1999,6.45
146,3,2000,6.35
146,3,2001,6.21
146,3,2002,6.01
146,3,2003,5.86
146,3,2004,5.74
146,3,2005,5.66
146,3,2006,5.6
146,3,2007,5.6
146,3,2008,5.59
146,3,2009,5.61
146,3,2010,5.62
146,3,2011,5.76
146,3,2012,5.84
146,3,2013,5.94
146,3,2014,6.04
146,3,2015,5.62
146,3,2016,5.31
146,3,2017,5.29
146,3,2018,5.77
146,3,2019,6.72
146,3,2020,7.47
146,3,2021,4.89
146,3,2022,5.55
146,3,2023,5.54
147,3,1980,30.19
147,3,1981,29.17
147,3,1982,28.03
147,3,1983,26.76
147,3,1984,25.43
147,3,1985,24.38
147,3,1986,23.56
147,3,1987,22.73
147,3,1988,21.99
147,3,1989,21.28
147,3,1990,20.73
147,3,1991,20.36
147,3,1992,19.94
147,3,1993,19.46
147,3,1994,18.98
147,3,1995,18.63
147,3,1996,18.55
147,3,1997,18.15
147,3,1998,18.07
147,3,1999,17.95
147,3,2000,17.68
147,3,2001,17.61
147,3,2002,17.3
147,3,2003,16.73
147,3,2004,16.47
147,3,2005,16.18
147,3,2006,16.29
147,3,2007,15.82
147,3,2008,15.03
147,3,2009,14.3
147,3,2010,13.69
147,3,2011,13.72
147,3,2012,13.58
147,3,2013,12.97
147,3,2014,12.78
147,3,2015,12.63
147,3,2016,12.11
147,3,2017,12.04
147,3,2018,11.84
147,3,2019,11.87
147,3,2020,12.17
147,3,2021,12.53
147,3,2022,11.74
147,3,2023,11.71
148,3,1980,29.36
148,3,1981,28.91
148,3,1982,28.84
148,3,1983,28.38
148,3,1984,28.16
148,3,1985,27.97
148,3,1986,27.68
148,3,1987,27.51
148,3,1988,27.3
148,3,1989,27.21
148,3,1990,27.29
148,3,1991,27.23
148,3,1992,27.05
148,3,1993,26.65
148,3,1994,26.3
148,3,1995,25.84
148,3,1996,25.47
148,3,1997,24.87
148,3,1998,24.51
148,3,1999,24.04
148,3,2000,23.74
148,3,2001,23.56
148,3,2002,23.27
148,3,2003,22.8
148,3,2004,22.22
148,3,2005,21.74
148,3,2006,21.37
148,3,2007,20.96
148,3,2008,20.52
148,3,2009,20.17
148,3,2010,19.88
148,3,2011,19.6
148,3,2012,19.44
148,3,2013,16.27
148,3,2014,16.35
148,3,2015,15.95
148,3,2016,16.09
148,3,2017,16.18
148,3,2018,16.97
148,3,2019,17.27
148,3,2020,17.52
148,3,2021,17.91
148,3,2022,17.57
148,3,2023,16.61
149,3,1980,12.1
149,3,1981,12.09
149,3,1982,11.79
149,3,1983,11.52
149,3,1984,11.42
149,3,1985,11.31
149,3,1986,11.14
149,3,1987,11.04
149,3,1988,10.88
149,3,1989,10.73
149,3,1990,10.58
149,3,1991,10.49
149,3,1992,10.41
149,3,1993,10.27
149,3,1994,10.16
149,3,1995,10.07
149,3,1996,9.94
149,3,1997,9.79
149,3,1998,9.59
149,3,1999,9.36
149,3,2000,9.15
149,3,2001,9.01
149,3,2002,8.69
149,3,2003,8.4
149,3,2004,8.16
149,3,2005,8.04
149,3,2006,7.81
149,3,2007,7.63
149,3,2008,7.38
149,3,2009,7.14
149,3,2010,6.95
149,3,2011,6.65
149,3,2012,6.03
149,3,2013,5.47
149,3,2014,5.07
149,3,2015,5.63
149,3,2016,5.54
149,3,2017,5.41
149,3,2018,5.24
149,3,2019,5.14
149,3,2020,4.86
149,3,2021,4.64
149,3,2022,4.56
149,3,2023,4.53
150,3,1980,17.41
150,3,1981,16.52
150,3,1982,16.26
150,3,1983,15.85
150,3,1984,15.39
150,3,1985,15.05
150,3,1986,14.8
150,3,1987,14.5
150,3,1988,14.27
150,3,1989,14.12
150,3,1990,13.94
150,3,1991,13.18
150,3,1992,13.06
150,3,1993,12.69
150,3,1994,12.51
150,3,1995,12.09
150,3,1996,11.64
150,3,1997,11.23
150,3,1998,10.82
150,3,1999,10.37
150,3,2000,10.06
150,3,2001,9.76
150,3,2002,9.71
150,3,2003,9.62
150,3,2004,9.54
150,3,2005,9.64
150,3,2006,9.66
150,3,2007,9.61
150,3,2008,9.9
150,3,2009,10.21
150,3,2010,10.34
150,3,2011,10.23
150,3,2012,10.02
150,3,2013,10.04
150,3,2014,10.42
150,3,2015,10.49
150,3,2016,10.23
150,3,2017,10.1
150,3,2018,9.78
150,3,2019,9.55
150,3,2020,9.51
150,3,2021,9.54
150,3,2022,8.64
150,3,2023,8.63
151,3,1980,38.52
151,3,1981,36.93
151,3,1982,34.94
151,3,1983,32.3
151,3,1984,30.54
151,3,1985,28.13
151,3,1986,26.03
151,3,1987,24.25
151,3,1988,22.93
151,3,1989,22.03
151,3,1990,20.97
151,3,1991,20.31
151,3,1992,20.11
151,3,1993,19.98
151,3,1994,19.82
151,3,1995,19.56
151,3,1996,19.21
151,3,1997,19.12
151,3,1998,19.16
151,3,1999,18.93
151,3,2000,18.84
151,3,2001,18.76
151,3,2002,19.11
151,3,2003,19.39
151,3,2004,19.36
151,3,2005,19.29
151,3,2006,18.93
151,3,2007,18.52
151,3,2008,17.42
151,3,2009,16.21
151,3,2010,14.89
151,3,2011,13.58
151,3,2012,12.26
151,3,2013,11.27
151,3,2014,10.58
151,3,2015,9.55
151,3,2016,8.9
151,3,2017,8.28
151,3,2018,7.72
151,3,2019,7.45
151,3,2020,6.9
151,3,2021,6.51
151,3,2022,6.42
151,3,2023,6.52
152,3,1980,59.97
152,3,1981,59.64
152,3,1982,58.43
152,3,1983,56.67
152,3,1984,54.65
152,3,1985,52.42
152,3,1986,50.28
152,3,1987,48.37
152,3,1988,46.66
152,3,1989,45.03
152,3,1990,43.66
152,3,1991,42.54
152,3,1992,41.31
152,3,1993,40.17
152,3,1994,39
152,3,1995,37.79
152,3,1996,36.47
152,3,1997,35.06
152,3,1998,33.74
152,3,1999,32.89
152,3,2000,32.68
152,3,2001,33.37
152,3,2002,34.04
152,3,2003,34.5
152,3,2004,35.14
152,3,2005,35.97
152,3,2006,36.65
152,3,2007,37.21
152,3,2008,38.3
152,3,2009,38.86
152,3,2010,38.83
152,3,2011,38.43
152,3,2012,37.23
152,3,2013,35.24
152,3,2014,33.85
152,3,2015,31.21
152,3,2016,29.14
152,3,2017,27.24
152,3,2018,25.61
152,3,2019,24.58
152,3,2020,24.24
152,3,2021,22.97
152,3,2022,22.59
152,3,2023,23.35
153,3,1980,11.04
153,3,1981,10.99
153,3,1982,10.91
153,3,1983,10.81
153,3,1984,10.87
153,3,1985,10.68
153,3,1986,10.56
153,3,1987,10.43
153,3,1988,10.32
153,3,1989,10.24
153,3,1990,10.14
153,3,1991,10.05
153,3,1992,9.99
153,3,1993,9.9
153,3,1994,9.75
153,3,1995,9.56
153,3,1996,9.4
153,3,1997,9.23
153,3,1998,8.97
153,3,1999,8.88
153,3,2000,8.86
153,3,2001,8.86
153,3,2002,8.74
153,3,2003,8.76
153,3,2004,8.48
153,3,2005,8.15
153,3,2006,7.87
153,3,2007,7.73
153,3,2008,7.46
153,3,2009,7.17
153,3,2010,6.89
153,3,2011,6.72
153,3,2012,6.34
153,3,2013,6.06
153,3,2014,5.72
153,3,2015,5.41
153,3,2016,5.17
153,3,2017,5.07
153,3,2018,5.63
153,3,2019,5.58
153,3,2020,5.43
153,3,2021,5.27
153,3,2022,5.52
153,3,2023,5.53
154,3,1980,14.99
154,3,1981,14.8
154,3,1982,14.56
154,3,1983,14.42
154,3,1984,14.31
154,3,1985,14.25
154,3,1986,14.01
154,3,1987,13.92
154,3,1988,13.83
154,3,1989,13.71
154,3,1990,13.56
154,3,1991,13.56
154,3,1992,13.43
154,3,1993,13.31
154,3,1994,13.23
154,3,1995,13.04
154,3,1996,12.93
154,3,1997,12.73
154,3,1998,12.59
154,3,1999,12.45
154,3,2000,12.24
154,3,2001,11.98
154,3,2002,11.85
154,3,2003,11.73
154,3,2004,11.73
154,3,2005,11.65
154,3,2006,11.5
154,3,2007,11.32
154,3,2008,11.43
154,3,2009,11.33
154,3,2010,11.18
154,3,2011,11.33
154,3,2012,10.88
154,3,2013,10.34
154,3,2014,10.25
154,3,2015,10.64
154,3,2016,10.52
154,3,2017,10.55
154,3,2018,9.78
154,3,2019,9.58
154,3,2020,8.97
154,3,2021,8.2
154,3,2022,8.78
154,3,2023,9.31
155,3,1980,14.01
155,3,1981,13.56
155,3,1982,13
155,3,1983,12.67
155,3,1984,12.63
155,3,1985,12.56
155,3,1986,12.34
155,3,1987,12.18
155,3,1988,12.2
155,3,1989,12.36
155,3,1990,12.43
155,3,1991,12.52
155,3,1992,12.61
155,3,1993,12.7
155,3,1994,12.72
155,3,1995,12.5
155,3,1996,12.04
155,3,1997,11.64
155,3,1998,11.18
155,3,1999,10.44
155,3,2000,9.92
155,3,2001,9.23
155,3,2002,8.7
155,3,2003,8.33
155,3,2004,8.17
155,3,2005,8.2
155,3,2006,8.08
155,3,2007,7.71
155,3,2008,7.14
155,3,2009,6.38
155,3,2010,6.03
155,3,2011,6.11
155,3,2012,6.1
155,3,2013,6.23
155,3,2014,6.35
155,3,2015,6.43
155,3,2016,6.59
155,3,2017,6.55
155,3,2018,6.44
155,3,2019,6.17
155,3,2020,6.06
155,3,2021,6.32
155,3,2022,6.19
155,3,2023,6
156,3,1980,30.18
156,3,1981,29.41
156,3,1982,27.94
156,3,1983,26.24
156,3,1984,24.47
156,3,1985,22.45
156,3,1986,20.78
156,3,1987,19.65
156,3,1988,18.86
156,3,1989,18.48
156,3,1990,18.5
156,3,1991,18.43
156,3,1992,18.14
156,3,1993,18.04
156,3,1994,18.04
156,3,1995,18.02
156,3,1996,18.26
156,3,1997,18.28
156,3,1998,18.6
156,3,1999,18.44
156,3,2000,18.45
156,3,2001,17.65
156,3,2002,16.51
156,3,2003,15.39
156,3,2004,14.31
156,3,2005,13.37
156,3,2006,12.62
156,3,2007,12.14
156,3,2008,12.09
156,3,2009,11.53
156,3,2010,10.56
156,3,2011,9.46
156,3,2012,8.94
156,3,2013,7.07
156,3,2014,6.81
156,3,2015,6.39
156,3,2016,6.01
156,3,2017,5.62
156,3,2018,5.25
156,3,2019,4.91
156,3,2020,4.16
156,3,2021,3.98
156,3,2022,4.01
156,3,2023,4.22
157,3,1980,18.71
157,3,1981,18.38
157,3,1982,18.07
157,3,1983,17.86
157,3,1984,17.57
157,3,1985,17.36
157,3,1986,17.18
157,3,1987,16.95
157,3,1988,16.84
157,3,1989,16.74
157,3,1990,16.71
157,3,1991,16.66
157,3,1992,16.56
157,3,1993,16.41
157,3,1994,16.32
157,3,1995,16.16
157,3,1996,15.96
157,3,1997,15.72
157,3,1998,15.42
157,3,1999,15.41
157,3,2000,15.34
157,3,2001,15.28
157,3,2002,15.35
157,3,2003,15.16
157,3,2004,15.22
157,3,2005,15.21
157,3,2006,15.18
157,3,2007,15.1
157,3,2008,15.3
157,3,2009,15.06
157,3,2010,14.66
157,3,2011,14.51
157,3,2012,14.11
157,3,2013,14.46
157,3,2014,14.45
157,3,2015,14.3
157,3,2016,14
157,3,2017,13.68
157,3,2018,13.38
157,3,2019,13.62
157,3,2020,13.87
157,3,2021,13.43
157,3,2022,13.53
157,3,2023,13.55
160,3,1980,10.77
160,3,1981,10.51
160,3,1982,9.83
160,3,1983,9.3
160,3,1984,9.22
160,3,1985,9.51
160,3,1986,9.95
160,3,1987,10.01
160,3,1988,10.01
160,3,1989,10.2
160,3,1990,10.65
160,3,1991,10.79
160,3,1992,11.03
160,3,1993,12.02
160,3,1994,12.93
160,3,1995,13.49
160,3,1996,13.38
160,3,1997,13
160,3,1998,12.49
160,3,1999,12.25
160,3,2000,11.95
160,3,2001,11.5
160,3,2002,10.55
160,3,2003,11.08
160,3,2004,11.75
160,3,2005,11.65
160,3,2006,11.6
160,3,2007,11.65
160,3,2008,11.63
160,3,2009,11.74
160,3,2010,11.84
160,3,2011,11.71
160,3,2012,11.79
160,3,2013,13.85
160,3,2014,13.73
160,3,2015,11.96
160,3,2016,11.88
160,3,2017,11.86
160,3,2018,11.78
160,3,2019,12.04
160,3,2020,11.89
160,3,2021,12.7
160,3,2022,11.92
160,3,2023,11.59
161,3,1980,1.95
161,3,1981,1.87
161,3,1982,1.84
161,3,1983,1.74
161,3,1984,1.76
161,3,1985,1.78
161,3,1986,1.83
161,3,1987,1.9
161,3,1988,1.91
161,3,1989,1.98
161,3,1990,1.95
161,3,1991,2.03
161,3,1992,1.89
161,3,1993,1.83
161,3,1994,1.77
161,3,1995,1.72
161,3,1996,1.71
161,3,1997,1.68
161,3,1998,1.66
161,3,1999,1.67
161,3,2000,1.63
161,3,2001,1.61
161,3,2002,1.59
161,3,2003,1.56
161,3,2004,1.5
161,3,2005,1.46
161,3,2006,1.38
161,3,2007,1.3
161,3,2008,1.2
161,3,2009,1.15
161,3,2010,1.11
161,3,2011,1.06
161,3,2012,1.06
161,3,2013,1.04
161,3,2014,0.98
161,3,2015,0.97
161,3,2016,0.97
161,3,2017,0.95
161,3,2018,0.95
161,3,2019,0.95
161,3,2020,0.92
161,3,2021,0.92
161,3,2022,0.96
161,3,2023,0.97
162,3,1980,3.52
162,3,1981,3.46
162,3,1982,3.34
162,3,1983,3.3
162,3,1984,3.22
162,3,1985,3.19
162,3,1986,3.16
162,3,1987,3.01
162,3,1988,3.05
162,3,1989,3.13
162,3,1990,3.33
162,3,1991,3.43
162,3,1992,3.54
162,3,1993,3.64
162,3,1994,3.67
162,3,1995,3.78
162,3,1996,3.84
162,3,1997,3.93
162,3,1998,3.83
162,3,1999,3.72
162,3,2000,3.83
162,3,2001,3.85
162,3,2002,3.87
162,3,2003,3.87
162,3,2004,3.84
162,3,2005,3.87
162,3,2006,3.79
162,3,2007,3.72
162,3,2008,3.64
162,3,2009,3.54
162,3,2010,3.52
162,3,2011,3.51
162,3,2012,3.46
162,3,2013,3.17
162,3,2014,3.14
162,3,2015,3.01
162,3,2016,2.99
162,3,2017,3.01
162,3,2018,3.02
162,3,2019,3
162,3,2020,3.05
162,3,2021,3.03
162,3,2022,3.02
162,3,2023,3.05
163,3,1980,4.35
163,3,1981,4.25
163,3,1982,4.26
163,3,1983,4.3
163,3,1984,4.4
163,3,1985,4.51
163,3,1986,4.67
163,3,1987,4.77
163,3,1988,4.85
163,3,1989,4.98
163,3,1990,5.04
163,3,1991,5.07
163,3,1992,5.04
163,3,1993,4.98
163,3,1994,4.93
163,3,1995,4.95
163,3,1996,5.07
163,3,1997,5.22
163,3,1998,5.27
163,3,1999,5.25
163,3,2000,5.2
163,3,2001,5.12
163,3,2002,5.01
163,3,2003,4.89
163,3,2004,4.67
163,3,2005,4.66
163,3,2006,4.79
163,3,2007,4.9
163,3,2008,4.94
163,3,2009,4.9
163,3,2010,4.86
163,3,2011,4.79
163,3,2012,4.64
163,3,2013,4.47
163,3,2014,4.31
163,3,2015,4.16
163,3,2016,4.1
163,3,2017,4.05
163,3,2018,3.96
163,3,2019,3.85
163,3,2020,3.86
163,3,2021,4.39
163,3,2022,3.77
163,3,2023,3.75
164,3,1980,3.3
164,3,1981,3.28
164,3,1982,3.25
164,3,1983,3.22
164,3,1984,3.21
164,3,1985,3.2
164,3,1986,3.21
164,3,1987,3.23
164,3,1988,3.25
164,3,1989,3.28
164,3,1990,3.29
164,3,1991,3.31
164,3,1992,3.3
164,3,1993,3.21
164,3,1994,3.15
164,3,1995,3.07
164,3,1996,3.01
164,3,1997,2.95
164,3,1998,2.87
164,3,1999,2.79
164,3,2000,2.72
164,3,2001,2.67
164,3,2002,2.64
164,3,2003,2.61
164,3,2004,2.57
164,3,2005,2.56
164,3,2006,2.53
164,3,2007,2.51
164,3,2008,2.52
164,3,2009,2.55
164,3,2010,2.56
164,3,2011,2.56
164,3,2012,2.51
164,3,2013,2.52
164,3,2014,2.5
164,3,2015,2.49
164,3,2016,2.46
164,3,2017,2.49
164,3,2018,2.48
164,3,2019,2.5
164,3,2020,2.49
164,3,2021,2.81
164,3,2022,2.66
164,3,2023,2.7
165,3,1980,4.08
165,3,1981,4.04
165,3,1982,3.99
165,3,1983,3.92
165,3,1984,3.86
165,3,1985,3.81
165,3,1986,3.78
165,3,1987,3.73
165,3,1988,3.7
165,3,1989,3.71
165,3,1990,3.71
165,3,1991,3.74
165,3,1992,3.73
165,3,1993,3.71
165,3,1994,3.68
165,3,1995,3.65
165,3,1996,3.65
165,3,1997,3.65
165,3,1998,3.66
165,3,1999,3.67
165,3,2000,3.71
165,3,2001,3.76
165,3,2002,3.8
165,3,2003,3.81
165,3,2004,3.77
165,3,2005,3.94
165,3,2006,3.93
165,3,2007,3.99
165,3,2008,4.12
165,3,2009,4.18
165,3,2010,4.25
165,3,2011,4.25
165,3,2012,4.25
165,3,2013,4.27
165,3,2014,4.29
165,3,2015,4.35
165,3,2016,4.33
165,3,2017,4.34
165,3,2018,4.43
165,3,2019,4.41
165,3,2020,4.59
165,3,2021,4.8
165,3,2022,4.53
165,3,2023,4.49
168,3,1980,40.12
168,3,1981,40.09
168,3,1982,39.9
168,3,1983,39.55
168,3,1984,38.64
168,3,1985,38.6
168,3,1986,39.24
168,3,1987,39.04
168,3,1988,38.9
168,3,1989,40.98
168,3,1990,40.17
168,3,1991,40.7
168,3,1992,41.7
168,3,1993,43.6
168,3,1994,45.47
168,3,1995,45.18
168,3,1996,41.58
168,3,1997,40.85
168,3,1998,44.01
168,3,1999,45.31
168,3,2000,44.59
168,3,2001,45.02
168,3,2002,44.53
168,3,2003,43.18
168,3,2004,42.25
168,3,2005,41.58
168,3,2006,41.62
168,3,2007,41.12
168,3,2008,41.04
168,3,2009,41.17
168,3,2010,41.91
168,3,2011,42.04
168,3,2012,40.81
168,3,2013,38.48
168,3,2014,39.13
168,3,2015,38.91
168,3,2016,37.42
168,3,2017,36.81
168,3,2018,36.15
168,3,2019,35.53
168,3,2020,34.62
168,3,2021,34.75
168,3,2022,35.53
168,3,2023,36.34
169,3,1980,57.15
169,3,1981,57.23
169,3,1982,56.59
169,3,1983,52.58
169,3,1984,51.7
169,3,1985,50.48
169,3,1986,50.93
169,3,1987,49.25
169,3,1988,45.52
169,3,1989,43.26
169,3,1990,40.34
169,3,1991,40.21
169,3,1992,39.5
169,3,1993,40.75
169,3,1994,41.35
169,3,1995,40.41
169,3,1996,41.75
169,3,1997,41.09
169,3,1998,42.02
169,3,1999,42.62
169,3,2000,41.32
169,3,2001,40.36
169,3,2002,39.45
169,3,2003,37.65
169,3,2004,36.08
169,3,2005,34.75
169,3,2006,34.16
169,3,2007,32.81
169,3,2008,31.15
169,3,2009,30.9
169,3,2010,31.28
169,3,2011,31.07
169,3,2012,29.98
169,3,2013,29.39
169,3,2014,28.3
169,3,2015,28.24
169,3,2016,28.08
169,3,2017,28.22
169,3,2018,27.95
169,3,2019,28.13
169,3,2020,27.96
169,3,2021,27.48
169,3,2022,29.47
169,3,2023,29.87
170,3,1980,40.14
170,3,1981,37.68
170,3,1982,38.42
170,3,1983,40.7
170,3,1984,38.52
170,3,1985,38.27
170,3,1986,36.52
170,3,1987,36.7
170,3,1988,35.8
170,3,1989,32.3
170,3,1990,30.92
170,3,1991,29.58
170,3,1992,29.25
170,3,1993,28.47
170,3,1994,30.67
170,3,1995,29.75
170,3,1996,29.25
170,3,1997,30.49
170,3,1998,26.98
170,3,1999,27.02
170,3,2000,25.89
170,3,2001,23.31
170,3,2002,22.48
170,3,2003,22.12
170,3,2004,21.18
170,3,2005,21.29
170,3,2006,20.9
170,3,2007,20.47
170,3,2008,21.05
170,3,2009,21.87
170,3,2010,22.04
170,3,2011,21.5
170,3,2012,21.5
170,3,2013,20.86
170,3,2014,20.66
170,3,2015,20.44
170,3,2016,20.58
170,3,2017,20.38
170,3,2018,20.26
170,3,2019,20.52
170,3,2020,20.46
170,3,2021,20.42
170,3,2022,21.9
170,3,2023,22.82
171,3,1980,34.04
171,3,1981,34.35
171,3,1982,34.54
171,3,1983,34.7
171,3,1984,35.01
171,3,1985,36.16
171,3,1986,34.87
171,3,1987,34.43
171,3,1988,34.3
171,3,1989,33.87
171,3,1990,33.86
171,3,1991,33.95
171,3,1992,33.5
171,3,1993,32.94
171,3,1994,31.64
171,3,1995,31.47
171,3,1996,31.11
171,3,1997,30.87
171,3,1998,31.26
171,3,1999,32.21
171,3,2000,32.86
171,3,2001,33.38
171,3,2002,33.99
171,3,2003,33.96
171,3,2004,33.47
171,3,2005,33.77
171,3,2006,34.11
171,3,2007,34.17
171,3,2008,34.63
171,3,2009,34.87
171,3,2010,35.14
171,3,2011,36.17
171,3,2012,37.67
171,3,2013,36.06
171,3,2014,36.76
171,3,2015,44.2
171,3,2016,44.66
171,3,2017,45.24
171,3,2018,45.82
171,3,2019,46.14
171,3,2020,47.03
171,3,2021,46.54
171,3,2022,48.82
171,3,2023,48.95
172,3,1980,44.03
172,3,1981,43.16
172,3,1982,40.99
172,3,1983,39.16
172,3,1984,37.85
172,3,1985,37.1
172,3,1986,33.71
172,3,1987,32.37
172,3,1988,34.67
172,3,1989,34.36
172,3,1990,33.55
172,3,1991,33.5
172,3,1992,33.09
172,3,1993,32.8
172,3,1994,31.4
172,3,1995,31.19
172,3,1996,30.58
172,3,1997,30.87
172,3,1998,30.58
172,3,1999,30.99
172,3,2000,31.19
172,3,2001,31.27
172,3,2002,30.73
172,3,2003,30.38
172,3,2004,29.9
172,3,2005,30.46
172,3,2006,30.11
172,3,2007,29.72
172,3,2008,29.97
172,3,2009,31.55
172,3,2010,31.14
172,3,2011,29.68
172,3,2012,28.66
172,3,2013,28.42
172,3,2014,28.34
172,3,2015,28.23
172,3,2016,25.42
172,3,2017,26.61
172,3,2018,29.68
172,3,2019,29.63
172,3,2020,29.33
172,3,2021,31.91
172,3,2022,33.85
172,3,2023,35.44
173,3,1980,25.44
173,3,1981,25.87
173,3,1982,27.29
173,3,1983,29.63
173,3,1984,28.16
173,3,1985,28.14
173,3,1986,27.87
173,3,1987,28
173,3,1988,26.86
173,3,1989,26.05
173,3,1990,23.67
173,3,1991,23.92
173,3,1992,23.36
173,3,1993,21.34
173,3,1994,20.81
173,3,1995,21.04
173,3,1996,20.19
173,3,1997,20.28
173,3,1998,19.66
173,3,1999,18.34
173,3,2000,18.01
173,3,2001,18.11
173,3,2002,18.36
173,3,2003,18.02
173,3,2004,18.12
173,3,2005,18.92
173,3,2006,19.1
173,3,2007,18.99
173,3,2008,18.38
173,3,2009,18.24
173,3,2010,17.59
173,3,2011,17.26
173,3,2012,17.07
173,3,2013,17.27
173,3,2014,17.6
173,3,2015,17.52
173,3,2016,17.06
173,3,2017,16.6
173,3,2018,16.39
173,3,2019,16.11
173,3,2020,15.5
173,3,2021,15.25
173,3,2022,16.18
173,3,2023,16.58
175,3,1980,23.71
175,3,1981,24.19
175,3,1982,24.59
175,3,1983,25.06
175,3,1984,25.59
175,3,1985,25.9
175,3,1986,26.11
175,3,1987,26.2
175,3,1988,26.21
175,3,1989,26.26
175,3,1990,26.28
175,3,1991,25.94
175,3,1992,25.63
175,3,1993,26.24
175,3,1994,25.69
175,3,1995,24.88
175,3,1996,24.98
175,3,1997,24.55
175,3,1998,23.87
175,3,1999,23.4
175,3,2000,22.87
175,3,2001,22.16
175,3,2002,21.54
175,3,2003,21.18
175,3,2004,21.19
175,3,2005,21.13
175,3,2006,21.18
175,3,2007,21.71
175,3,2008,22.33
175,3,2009,22.77
175,3,2010,23.21
175,3,2011,23.88
175,3,2012,24.02
175,3,2013,24.44
175,3,2014,24.53
175,3,2015,24.83
175,3,2016,25.27
175,3,2017,25.38
175,3,2018,23.98
175,3,2019,24.02
175,3,2020,24.44
175,3,2021,27.58
175,3,2022,26.9
175,3,2023,28.53
176,3,1980,13.15
176,3,1981,12.95
176,3,1982,12.76
176,3,1983,12.47
176,3,1984,12.29
176,3,1985,12.08
176,3,1986,11.84
176,3,1987,11.83
176,3,1988,11.72
176,3,1989,11.68
176,3,1990,11.72
176,3,1991,11.69
176,3,1992,11.67
176,3,1993,11.43
176,3,1994,11.19
176,3,1995,10.76
176,3,1996,10.69
176,3,1997,10.34
176,3,1998,10.26
176,3,1999,10.02
176,3,2000,10.19
176,3,2001,9.97
176,3,2002,9.87
176,3,2003,9.87
176,3,2004,9.39
176,3,2005,9.73
176,3,2006,8.97
176,3,2007,9.7
176,3,2008,9.39
176,3,2009,8.86
176,3,2010,8.72
176,3,2011,8.79
176,3,2012,8.64
176,3,2013,8.42
176,3,2014,8.96
176,3,2015,8.93
176,3,2016,8.78
176,3,2017,8.87
176,3,2018,10.33
176,3,2019,10.33
176,3,2020,11.24
176,3,2021,12.69
176,3,2022,10.83
176,3,2023,11
177,3,1980,12.67
177,3,1981,12.65
177,3,1982,12.49
177,3,1983,12.33
177,3,1984,12.2
177,3,1985,12.1
177,3,1986,11.8
177,3,1987,11.78
177,3,1988,11.63
177,3,1989,11.5
177,3,1990,11.17
177,3,1991,10.63
177,3,1992,10.84
177,3,1993,11.99
177,3,1994,10.55
177,3,1995,11.11
177,3,1996,10.77
177,3,1997,10.12
177,3,1998,10.11
177,3,1999,9.85
177,3,2000,9.62
177,3,2001,9.32
177,3,2002,9.12
177,3,2003,8.74
177,3,2004,9.18
177,3,2005,9.13
177,3,2006,9.07
177,3,2007,9.43
177,3,2008,9.66
177,3,2009,9.44
177,3,2010,9.79
177,3,2011,9.99
177,3,2012,10
177,3,2013,10.14
177,3,2014,9.94
177,3,2015,10.31
177,3,2016,10.48
177,3,2017,10.76
177,3,2018,10.61
177,3,2019,10.81
177,3,2020,10.54
177,3,2021,10.98
177,3,2022,10.74
177,3,2023,11.14
178,3,1980,25.4
178,3,1981,25.31
178,3,1982,25.18
178,3,1983,24.84
178,3,1984,24.31
178,3,1985,23.74
178,3,1986,23.14
178,3,1987,22.42
178,3,1988,21.58
178,3,1989,20.57
178,3,1990,19.52
178,3,1991,18.72
178,3,1992,18.32
178,3,1993,17.83
178,3,1994,17.38
178,3,1995,16.93
178,3,1996,16.87
178,3,1997,16.78
178,3,1998,16.61
178,3,1999,16.7
178,3,2000,16.66
178,3,2001,15.87
178,3,2002,16.27
178,3,2003,16.14
178,3,2004,16.31
178,3,2005,16.45
178,3,2006,16.65
178,3,2007,16.67
178,3,2008,16.78
178,3,2009,17
178,3,2010,17.11
178,3,2011,17.03
178,3,2012,17.85
178,3,2013,17.97
178,3,2014,18.23
178,3,2015,18.56
178,3,2016,18.65
178,3,2017,18.88
178,3,2018,19.13
178,3,2019,19.16
178,3,2020,19.66
178,3,2021,18.92
178,3,2022,20.39
178,3,2023,20.18
179,3,1980,13.04
179,3,1981,13.16
179,3,1982,13.31
179,3,1983,13.44
179,3,1984,13.69
179,3,1985,14.02
179,3,1986,14.35
179,3,1987,14.77
179,3,1988,15.12
179,3,1989,15.4
179,3,1990,15.56
179,3,1991,15.68
179,3,1992,15.74
179,3,1993,15.72
179,3,1994,15.6
179,3,1995,15.37
179,3,1996,15.15
179,3,1997,14.8
179,3,1998,14.33
179,3,1999,13.91
179,3,2000,13.45
179,3,2001,12.61
179,3,2002,12.22
179,3,2003,11.64
179,3,2004,11.29
179,3,2005,11.26
179,3,2006,11.3
179,3,2007,11.4
179,3,2008,11.65
179,3,2009,11.79
179,3,2010,11.94
179,3,2011,11.94
179,3,2012,12.13
179,3,2013,11.33
179,3,2014,11.6
179,3,2015,11.85
179,3,2016,12
179,3,2017,12.37
179,3,2018,12.8
179,3,2019,13.08
179,3,2020,13.09
179,3,2021,13.64
179,3,2022,14.63
179,3,2023,15.28
180,3,1980,13.12
180,3,1981,12.93
180,3,1982,12.75
180,3,1983,12.59
180,3,1984,12.46
180,3,1985,12.22
180,3,1986,12.01
180,3,1987,11.7
180,3,1988,11.38
180,3,1989,11.03
180,3,1990,10.72
180,3,1991,10.56
180,3,1992,10.45
180,3,1993,10.42
180,3,1994,10.43
180,3,1995,10.51
180,3,1996,10.64
180,3,1997,10.72
180,3,1998,10.83
180,3,1999,10.9
180,3,2000,11.06
180,3,2001,10.81
180,3,2002,10.81
180,3,2003,10.82
180,3,2004,11.04
180,3,2005,11.34
180,3,2006,11.55
180,3,2007,11.92
180,3,2008,12.34
180,3,2009,12.72
180,3,2010,13.08
180,3,2011,13.35
180,3,2012,13.32
180,3,2013,13.35
180,3,2014,13.27
180,3,2015,12.51
180,3,2016,12.57
180,3,2017,12.64
180,3,2018,12.67
180,3,2019,12.56
180,3,2020,13.09
180,3,2021,14.2
180,3,2022,12.39
180,3,2023,12.28
181,3,1980,16.11
181,3,1981,16.18
181,3,1982,15.79
181,3,1983,16.01
181,3,1984,16.12
181,3,1985,16.3
181,3,1986,16.22
181,3,1987,16.33
181,3,1988,16.89
181,3,1989,17.73
181,3,1990,18.36
181,3,1991,18.91
181,3,1992,19.33
181,3,1993,18.94
181,3,1994,18.81
181,3,1995,18.81
181,3,1996,17.84
181,3,1997,16.93
181,3,1998,16.05
181,3,1999,15.61
181,3,2000,15.07
181,3,2001,14.63
181,3,2002,14.17
181,3,2003,13.78
181,3,2004,13.52
181,3,2005,13.49
181,3,2006,13.55
181,3,2007,13.81
181,3,2008,14.04
181,3,2009,14.21
181,3,2010,14.44
181,3,2011,14.73
181,3,2012,14.91
181,3,2013,15.09
181,3,2014,15.13
181,3,2015,15.27
181,3,2016,15.59
181,3,2017,15.79
181,3,2018,16.08
181,3,2019,16.04
181,3,2020,15.62
181,3,2021,16.76
181,3,2022,17.61
181,3,2023,17.65
182,3,1980,19.38
182,3,1981,19.73
182,3,1982,20.15
182,3,1983,20.77
182,3,1984,21.3
182,3,1985,21.91
182,3,1986,22.31
182,3,1987,22.29
182,3,1988,21.66
182,3,1989,20.58
182,3,1990,19.41
182,3,1991,18.5
182,3,1992,17.72
182,3,1993,16.96
182,3,1994,16.15
182,3,1995,15.83
182,3,1996,15.58
182,3,1997,15.44
182,3,1998,15.33
182,3,1999,15.21
182,3,2000,15.35
182,3,2001,15.2
182,3,2002,15.09
182,3,2003,14.87
182,3,2004,14.99
182,3,2005,14.68
182,3,2006,14.37
182,3,2007,14.05
182,3,2008,14.21
182,3,2009,14.8
182,3,2010,15.65
182,3,2011,16.11
182,3,2012,16.2
182,3,2013,16.31
182,3,2014,16.45
182,3,2015,16.95
182,3,2016,17.35
182,3,2017,18.03
182,3,2018,18.49
182,3,2019,18.59
182,3,2020,18.56
182,3,2021,23.9
182,3,2022,20.19
182,3,2023,20.16
183,3,1980,4.85
183,3,1981,5.17
183,3,1982,4.12
183,3,1983,3.77
183,3,1984,3.21
183,3,1985,3.96
183,3,1986,5.25
183,3,1987,7.4
183,3,1988,9.57
183,3,1989,10.51
183,3,1990,11.7
183,3,1991,12.64
183,3,1992,11.39
183,3,1993,11.72
183,3,1994,10.52
183,3,1995,10.64
183,3,1996,9.45
183,3,1997,8.42
183,3,1998,8.21
183,3,1999,8.36
183,3,2000,7.89
183,3,2001,7.16
183,3,2002,7.4
183,3,2003,6.84
183,3,2004,6.55
183,3,2005,6
183,3,2006,5.79
183,3,2007,5.97
183,3,2008,6.34
183,3,2009,6.15
183,3,2010,6.41
183,3,2011,6.46
183,3,2012,6.15
183,3,2013,5.78
183,3,2014,5.66
183,3,2015,5.65
183,3,2016,5.61
183,3,2017,5.76
183,3,2018,5.72
183,3,2019,5.7
183,3,2020,5.37
183,3,2021,5.37
183,3,2022,5.37
183,3,2023,5.43
184,3,1980,8.54
184,3,1981,8.49
184,3,1982,8.46
184,3,1983,8.51
184,3,1984,8.49
184,3,1985,8.4
184,3,1986,8.41
184,3,1987,8.41
184,3,1988,8.27
184,3,1989,8.09
184,3,1990,8
184,3,1991,7.84
184,3,1992,7.69
184,3,1993,7.48
184,3,1994,7.35
184,3,1995,7.23
184,3,1996,7.09
184,3,1997,6.89
184,3,1998,6.78
184,3,1999,6.66
184,3,2000,6.57
184,3,2001,6.43
184,3,2002,6.36
184,3,2003,6.31
184,3,2004,6.3
184,3,2005,6.31
184,3,2006,6.3
184,3,2007,6.23
184,3,2008,6.21
184,3,2009,6.05
184,3,2010,5.97
184,3,2011,5.85
184,3,2012,5.7
184,3,2013,5.09
184,3,2014,4.93
184,3,2015,5.44
184,3,2016,5.45
184,3,2017,5.42
184,3,2018,5.5
184,3,2019,5.59
184,3,2020,5.54
184,3,2021,5.42
184,3,2022,5.23
184,3,2023,5.31
185,3,1980,15.75
185,3,1981,16.18
185,3,1982,16.67
185,3,1983,17.28
185,3,1984,17.83
185,3,1985,18.31
185,3,1986,19.02
185,3,1987,19.86
185,3,1988,20.91
185,3,1989,22.15
185,3,1990,23.7
185,3,1991,25.87
185,3,1992,26.69
185,3,1993,25.42
185,3,1994,27.26
185,3,1995,26.66
185,3,1996,28.36
185,3,1997,28.12
185,3,1998,25.99
185,3,1999,23.4
185,3,2000,20.5
185,3,2001,18.1
185,3,2002,15.98
185,3,2003,14.58
185,3,2004,13.94
185,3,2005,13.44
185,3,2006,12.98
185,3,2007,12.63
185,3,2008,12.31
185,3,2009,11.96
185,3,2010,11.77
185,3,2011,11.86
185,3,2012,12.01
185,3,2013,12.3
185,3,2014,12.38
185,3,2015,12.44
185,3,2016,12.56
185,3,2017,12.84
185,3,2018,13.21
185,3,2019,13.55
185,3,2020,13.87
185,3,2021,14.99
185,3,2022,16.06
185,3,2023,16.93
186,3,1980,6.08
186,3,1981,5.96
186,3,1982,5.85
186,3,1983,5.91
186,3,1984,6.06
186,3,1985,6.08
186,3,1986,6.31
186,3,1987,6.48
186,3,1988,6.61
186,3,1989,6.81
186,3,1990,6.92
186,3,1991,7.18
186,3,1992,7.44
186,3,1993,7.53
186,3,1994,7.42
186,3,1995,7.51
186,3,1996,7.66
186,3,1997,7.61
186,3,1998,7.63
186,3,1999,7.58
186,3,2000,7.49
186,3,2001,7.5
186,3,2002,7.54
186,3,2003,7.39
186,3,2004,7.38
186,3,2005,7.47
186,3,2006,7.39
186,3,2007,7.38
186,3,2008,7.36
186,3,2009,7.34
186,3,2010,7.27
186,3,2011,7.2
186,3,2012,7.45
186,3,2013,7.26
186,3,2014,7.15
186,3,2015,7.06
186,3,2016,7.02
186,3,2017,6.93
186,3,2018,6.65
186,3,2019,6.25
186,3,2020,6.13
186,3,2021,5.92
186,3,2022,5.53
186,3,2023,6.04
187,3,1980,6.95
187,3,1981,7.25
187,3,1982,7.29
187,3,1983,7.48
187,3,1984,7.71
187,3,1985,7.77
187,3,1986,7.85
187,3,1987,7.88
187,3,1988,7.92
187,3,1989,7.94
187,3,1990,7.89
187,3,1991,7.95
187,3,1992,8.2
187,3,1993,8.05
187,3,1994,8.32
187,3,1995,8.26
187,3,1996,8.28
187,3,1997,8.27
187,3,1998,8.22
187,3,1999,8.21
187,3,2000,8.34
187,3,2001,8.37
187,3,2002,8.47
187,3,2003,8.54
187,3,2004,8.76
187,3,2005,8.96
187,3,2006,8.75
187,3,2007,8.76
187,3,2008,8.8
187,3,2009,8.83
187,3,2010,8.75
187,3,2011,8.69
187,3,2012,8.48
187,3,2013,8.4
187,3,2014,8.35
187,3,2015,8.24
187,3,2016,8.26
187,3,2017,8.24
187,3,2018,6.74
187,3,2019,6.85
187,3,2020,6.52
187,3,2021,7.18
187,3,2022,6.66
187,3,2023,6.75
189,3,1980,14.36
189,3,1981,14.35
189,3,1982,14.12
189,3,1983,14.17
189,3,1984,14.02
189,3,1985,13.83
189,3,1986,13.54
189,3,1987,13.27
189,3,1988,12.89
189,3,1989,12.45
189,3,1990,12
189,3,1991,11.73
189,3,1992,11.56
189,3,1993,11.38
189,3,1994,11.21
189,3,1995,11.08
189,3,1996,10.98
189,3,1997,10.85
189,3,1998,10.7
189,3,1999,10.41
189,3,2000,10.22
189,3,2001,10.11
189,3,2002,10.12
189,3,2003,10.23
189,3,2004,10.37
189,3,2005,10.4
189,3,2006,10.58
189,3,2007,11.03
189,3,2008,11.44
189,3,2009,11.71
189,3,2010,11.85
189,3,2011,12.14
189,3,2012,12.69
189,3,2013,13.14
189,3,2014,13.15
189,3,2015,13.25
189,3,2016,13.18
189,3,2017,13.11
189,3,2018,12.98
189,3,2019,12.63
189,3,2020,12.41
189,3,2021,12.98
189,3,2022,11.6
189,3,2023,11.94
190,3,1980,15.97
190,3,1981,14.33
190,3,1982,16.24
190,3,1983,15.79
190,3,1984,15.08
190,3,1985,14.18
190,3,1986,13.56
190,3,1987,13.41
190,3,1988,13.09
190,3,1989,14.2
190,3,1990,14.65
190,3,1991,15.61
190,3,1992,16
190,3,1993,16.68
190,3,1994,17.36
190,3,1995,17.75
190,3,1996,18.09
190,3,1997,18.1
190,3,1998,18.25
190,3,1999,18.22
190,3,2000,18.56
190,3,2001,18.5
190,3,2002,18.42
190,3,2003,18
190,3,2004,18.26
190,3,2005,18.51
190,3,2006,18.72
190,3,2007,19.09
190,3,2008,19.58
190,3,2009,20.07
190,3,2010,20.55
190,3,2011,21.31
190,3,2012,21.92
190,3,2013,22.71
190,3,2014,23.33
190,3,2015,23.79
190,3,2016,23.97
190,3,2017,24.07
190,3,2018,24.17
190,3,2019,24
190,3,2020,23.57
190,3,2021,25.52
190,3,2022,24.66
190,3,2023,25.12
191,3,1980,18.38
191,3,1981,18.36
191,3,1982,18
191,3,1983,17.85
191,3,1984,17.68
191,3,1985,17.73
191,3,1986,17.39
191,3,1987,17.04
191,3,1988,16.56
191,3,1989,15.94
191,3,1990,15.46
191,3,1991,15.16
191,3,1992,15.05
191,3,1993,14.96
191,3,1994,14.99
191,3,1995,15.01
191,3,1996,14.96
191,3,1997,14.69
191,3,1998,14.34
191,3,1999,13.94
191,3,2000,13.55
191,3,2001,13.46
191,3,2002,13
191,3,2003,12.46
191,3,2004,12.07
191,3,2005,11.87
191,3,2006,11.9
191,3,2007,11.88
191,3,2008,12.25
191,3,2009,12.74
191,3,2010,12.97
191,3,2011,13.27
191,3,2012,12.93
191,3,2013,12.86
191,3,2014,12.84
191,3,2015,13.9
191,3,2016,14.05
191,3,2017,13.99
191,3,2018,13.74
191,3,2019,13.57
191,3,2020,13.84
191,3,2021,15.14
191,3,2022,13.4
191,3,2023,13.5
193,3,1980,38.79
193,3,1981,37.79
193,3,1982,36.92
193,3,1983,35.98
193,3,1984,35.2
193,3,1985,34.34
193,3,1986,33.38
193,3,1987,32.24
193,3,1988,28.69
193,3,1989,27.44
193,3,1990,25.57
193,3,1991,23.06
193,3,1992,20.82
193,3,1993,19
193,3,1994,17.97
193,3,1995,17.49
193,3,1996,17.58
193,3,1997,18.31
193,3,1998,19.71
193,3,1999,21.31
193,3,2000,23.06
193,3,2001,24.28
193,3,2002,22.59
193,3,2003,18.67
193,3,2004,15.43
193,3,2005,14.04
193,3,2006,14.33
193,3,2007,13.46
193,3,2008,13.3
193,3,2009,13.25
193,3,2010,13.19
193,3,2011,13.27
193,3,2012,13.04
193,3,2013,13.09
193,3,2014,13.21
193,3,2015,12.49
193,3,2016,12.54
193,3,2017,12.42
193,3,2018,12.62
193,3,2019,12.82
193,3,2020,12.87
193,3,2021,12.86
193,3,2022,12.7
193,3,2023,12.77
194,3,1980,44.75
194,3,1981,44.66
194,3,1982,44.41
194,3,1983,44.18
194,3,1984,43.93
194,3,1985,43.57
194,3,1986,43.19
194,3,1987,42.17
194,3,1988,40.96
194,3,1989,38.97
194,3,1990,36.6
194,3,1991,34.2
194,3,1992,31.51
194,3,1993,29.11
194,3,1994,26.97
194,3,1995,25.41
194,3,1996,24.6
194,3,1997,24.18
194,3,1998,24.08
194,3,1999,24.66
194,3,2000,26.52
194,3,2001,33.84
194,3,2002,40.54
194,3,2003,38.32
194,3,2004,37.4
194,3,2005,32.12
194,3,2006,25.87
194,3,2007,22.57
194,3,2008,22.21
194,3,2009,23.58
194,3,2010,25.03
194,3,2011,25.59
194,3,2012,25.42
194,3,2013,24.5
194,3,2014,24.81
194,3,2015,25.02
194,3,2016,23.96
194,3,2017,23.13
194,3,2018,22.45
194,3,2019,21.69
194,3,2020,20.54
194,3,2021,20.63
194,3,2022,21.58
194,3,2023,21.64
195,3,1980,47.63
195,3,1981,47.02
195,3,1982,46.5
195,3,1983,45.86
195,3,1984,45.33
195,3,1985,44.93
195,3,1986,44.59
195,3,1987,43.96
195,3,1988,43.62
195,3,1989,43.46
195,3,1990,43.14
195,3,1991,42.7
195,3,1992,41.33
195,3,1993,39.26
195,3,1994,36.8
195,3,1995,34.08
195,3,1996,31.86
195,3,1997,30.25
195,3,1998,29.07
195,3,1999,28.44
195,3,2000,28.08
195,3,2001,27.5
195,3,2002,27.74
195,3,2003,27.74
195,3,2004,26.64
195,3,2005,25.56
195,3,2006,24.81
195,3,2007,25.36
195,3,2008,26.22
195,3,2009,26.37
195,3,2010,26.36
195,3,2011,26.85
195,3,2012,27.26
195,3,2013,26.62
195,3,2014,25.84
195,3,2015,25.69
195,3,2016,25.64
195,3,2017,25.29
195,3,2018,25.18
195,3,2019,25.6
195,3,2020,25.55
195,3,2021,26.73
195,3,2022,24.85
195,3,2023,24.84
196,3,1980,34.48
196,3,1981,33.57
196,3,1982,32.25
196,3,1983,30.86
196,3,1984,29.76
196,3,1985,28.57
196,3,1986,27.15
196,3,1987,26.05
196,3,1988,25.01
196,3,1989,24.05
196,3,1990,23.48
196,3,1991,22.99
196,3,1992,22.46
196,3,1993,24.22
196,3,1994,25.91
196,3,1995,26.44
196,3,1996,28.84
196,3,1997,28.39
196,3,1998,28.59
196,3,1999,27.57
196,3,2000,25.96
196,3,2001,25.28
196,3,2002,25.22
196,3,2003,25.19
196,3,2004,24.32
196,3,2005,24.02
196,3,2006,24.5
196,3,2007,25.39
196,3,2008,25.5
196,3,2009,26
196,3,2010,26.33
196,3,2011,26.44
196,3,2012,26.69
196,3,2013,26.76
196,3,2014,26.68
196,3,2015,26.34
196,3,2016,26.11
196,3,2017,25.75
196,3,2018,25.69
196,3,2019,24.22
196,3,2020,21.94
196,3,2021,21.49
196,3,2022,23.92
196,3,2023,24.55
197,3,1980,68.94
197,3,1981,67.48
197,3,1982,66.12
197,3,1983,64.6
197,3,1984,63.45
197,3,1985,62.4
197,3,1986,61.16
197,3,1987,60.14
197,3,1988,59.89
197,3,1989,59.99
197,3,1990,60.08
197,3,1991,59.77
197,3,1992,58.87
197,3,1993,56.75
197,3,1994,53.25
197,3,1995,48.17
197,3,1996,42.84
197,3,1997,38.64
197,3,1998,35.15
197,3,1999,33.33
197,3,2000,32.72
197,3,2001,34.36
197,3,2002,36.33
197,3,2003,40.49
197,3,2004,44.71
197,3,2005,46.74
197,3,2006,45.15
197,3,2007,42.77
197,3,2008,41.55
197,3,2009,40.18
197,3,2010,37.98
197,3,2011,35.84
197,3,2012,33.25
197,3,2013,30.95
197,3,2014,29.15
197,3,2015,26.52
197,3,2016,25.42
197,3,2017,25.3
197,3,2018,26.47
197,3,2019,26.58
197,3,2020,26.76
197,3,2021,26.07
197,3,2022,25.95
197,3,2023,25.36
198,3,1980,21.57
198,3,1981,21.45
198,3,1982,21.2
198,3,1983,20.99
198,3,1984,20.63
198,3,1985,19.99
198,3,1986,19.12
198,3,1987,17.73
198,3,1988,15.93
198,3,1989,14.74
198,3,1990,13.8
198,3,1991,13.26
198,3,1992,12.94
198,3,1993,13.1
198,3,1994,13.78
198,3,1995,14.36
198,3,1996,15.07
198,3,1997,15.67
198,3,1998,16.13
198,3,1999,16.46
198,3,2000,16.66
198,3,2001,16.9
198,3,2002,17.02
198,3,2003,17.25
198,3,2004,16.85
198,3,2005,16.25
198,3,2006,15.78
198,3,2007,14.86
198,3,2008,15.19
198,3,2009,15.21
198,3,2010,15.2
198,3,2011,15.97
198,3,2012,15.78
198,3,2013,15.47
198,3,2014,14.84
198,3,2015,14.42
198,3,2016,14.11
198,3,2017,13.52
198,3,2018,13.23
198,3,2019,13
198,3,2020,12.45
198,3,2021,13.06
198,3,2022,11.65
198,3,2023,11.22
200,3,1980,22.6
200,3,1981,22.78
200,3,1982,22.86
200,3,1983,23.04
200,3,1984,23.15
200,3,1985,23.38
200,3,1986,23.57
200,3,1987,23.79
200,3,1988,23.97
200,3,1989,23.97
200,3,1990,23.99
200,3,1991,24.07
200,3,1992,23.97
200,3,1993,23.93
200,3,1994,23.66
200,3,1995,23.25
200,3,1996,22.93
200,3,1997,22.47
200,3,1998,22.08
200,3,1999,21.38
200,3,2000,21.09
200,3,2001,20.25
200,3,2002,19.57
200,3,2003,18.71
200,3,2004,17.98
200,3,2005,17.36
200,3,2006,17.26
200,3,2007,16.98
200,3,2008,17.93
200,3,2009,19.05
200,3,2010,19.41
200,3,2011,19.96
200,3,2012,20.3
200,3,2013,18.13
200,3,2014,18.29
200,3,2015,20.75
200,3,2016,20.62
200,3,2017,20.41
200,3,2018,20.02
200,3,2019,20.09
200,3,2020,19.97
200,3,2021,19.33
200,3,2022,18.34
200,3,2023,18.4
201,3,1980,14.73
201,3,1981,14.71
201,3,1982,14.83
201,3,1983,15.02
201,3,1984,15.55
201,3,1985,15.93
201,3,1986,16
201,3,1987,15.93
201,3,1988,15.73
201,3,1989,15.64
201,3,1990,15.51
201,3,1991,15.21
201,3,1992,14.98
201,3,1993,14.88
201,3,1994,14.65
201,3,1995,14.56
201,3,1996,14.46
201,3,1997,14.28
201,3,1998,14.2
201,3,1999,14.03
201,3,2000,14.08
201,3,2001,13.82
201,3,2002,13.71
201,3,2003,13.34
201,3,2004,13.27
201,3,2005,13.25
201,3,2006,13.16
201,3,2007,12.57
201,3,2008,12.19
201,3,2009,11.8
201,3,2010,11.53
201,3,2011,11.21
201,3,2012,11.27
201,3,2013,11.43
201,3,2014,11.48
201,3,2015,11.92
201,3,2016,12.15
201,3,2017,12.38
201,3,2018,10.28
201,3,2019,10.33
201,3,2020,9.98
201,3,2021,10.05
201,3,2022,11.18
201,3,2023,11.62
202,3,1980,27.64
202,3,1981,28.08
202,3,1982,28.15
202,3,1983,27.73
202,3,1984,27.83
202,3,1985,28.44
202,3,1986,27.97
202,3,1987,28.36
202,3,1988,28.57
202,3,1989,28.86
202,3,1990,28.49
202,3,1991,28.31
202,3,1992,27.58
202,3,1993,26.84
202,3,1994,26.17
202,3,1995,25.67
202,3,1996,25.43
202,3,1997,25.18
202,3,1998,25.22
202,3,1999,25.18
202,3,2000,25.43
202,3,2001,25.19
202,3,2002,25.29
202,3,2003,24.59
202,3,2004,24.26
202,3,2005,24.26
202,3,2006,24.69
202,3,2007,24.6
202,3,2008,25.42
202,3,2009,26.15
202,3,2010,26.89
202,3,2011,26.68
202,3,2012,26.58
202,3,2013,26.27
202,3,2014,26.11
202,3,2015,26.1
202,3,2016,25.95
202,3,2017,25.75
202,3,2018,25.9
202,3,2019,25.62
202,3,2020,25.25
202,3,2021,24.83
202,3,2022,25.27
202,3,2023,25.93
203,3,1980,3.09
203,3,1981,3.07
203,3,1982,3.05
203,3,1983,3.01
203,3,1984,2.98
203,3,1985,2.99
203,3,1986,3
203,3,1987,3.01
203,3,1988,3.05
203,3,1989,3.11
203,3,1990,3.16
203,3,1991,3.17
203,3,1992,3.17
203,3,1993,3.13
203,3,1994,3.18
203,3,1995,3.55
203,3,1996,3.04
203,3,1997,2.96
203,3,1998,2.9
203,3,1999,2.83
203,3,2000,2.74
203,3,2001,2.75
203,3,2002,2.7
203,3,2003,2.71
203,3,2004,2.72
203,3,2005,2.7
203,3,2006,2.83
203,3,2007,2.97
203,3,2008,2.92
203,3,2009,2.85
203,3,2010,2.88
203,3,2011,2.84
203,3,2012,2.88
203,3,2013,2.93
203,3,2014,2.95
203,3,2015,2.96
203,3,2016,2.99
203,3,2017,2.98
203,3,2018,3.4
203,3,2019,3.37
203,3,2020,3.32
203,3,2021,3.32
203,3,2022,3.41
203,3,2023,3.39
204,3,1980,17.26
204,3,1981,17.28
204,3,1982,17.28
204,3,1983,17.44
204,3,1984,17.67
204,3,1985,17.8
204,3,1986,17.58
204,3,1987,17.55
204,3,1988,17.31
204,3,1989,17.17
204,3,1990,17.79
204,3,1991,17.26
204,3,1992,17.11
204,3,1993,17.19
204,3,1994,16.53
204,3,1995,16.1
204,3,1996,16.37
204,3,1997,16.35
204,3,1998,16.31
204,3,1999,16.35
204,3,2000,16.57
204,3,2001,16.81
204,3,2002,16.88
204,3,2003,16.91
204,3,2004,16.87
204,3,2005,17.06
204,3,2006,17.26
204,3,2007,17.46
204,3,2008,17.62
204,3,2009,17.72
204,3,2010,18.02
204,3,2011,17.76
204,3,2012,17.42
204,3,2013,18.39
204,3,2014,18.08
204,3,2015,16.47
204,3,2016,15.98
204,3,2017,15.8
204,3,2018,15.8
204,3,2019,15.84
204,3,2020,15.87
204,3,2021,15.39
204,3,2022,16.84
204,3,2023,17.18
205,3,1980,14.16
205,3,1981,14.2
205,3,1982,14
205,3,1983,14.04
205,3,1984,13.86
205,3,1985,13.97
205,3,1986,13.79
205,3,1987,13.28
205,3,1988,12.99
205,3,1989,12.5
205,3,1990,12.06
205,3,1991,11.99
205,3,1992,11.99
205,3,1993,12.26
205,3,1994,12.52
205,3,1995,12.63
205,3,1996,13.04
205,3,1997,13.41
205,3,1998,13.6
205,3,1999,13.53
205,3,2000,13.54
205,3,2001,13.09
205,3,2002,12.76
205,3,2003,12.03
205,3,2004,11.78
205,3,2005,11.31
205,3,2006,11.35
205,3,2007,10.92
205,3,2008,10.74
205,3,2009,10.39
205,3,2010,9.82
205,3,2011,9.82
205,3,2012,10.39
205,3,2013,10.83
205,3,2014,10.96
205,3,2015,11.24
205,3,2016,11.55
205,3,2017,11.69
205,3,2018,11.64
205,3,2019,11.55
205,3,2020,11.74
205,3,2021,11.85
205,3,2022,12.92
205,3,2023,13.14
206,3,1980,11.31
206,3,1981,11.01
206,3,1982,10.72
206,3,1983,10.48
206,3,1984,10.29
206,3,1985,9.94
206,3,1986,9.99
206,3,1987,9.96
206,3,1988,10.05
206,3,1989,9.87
206,3,1990,10.88
206,3,1991,11.13
206,3,1992,11.65
206,3,1993,11.44
206,3,1994,11.14
206,3,1995,12.21
206,3,1996,11.39
206,3,1997,11.16
206,3,1998,11.65
206,3,1999,12.21
206,3,2000,11.23
206,3,2001,10.53
206,3,2002,10.15
206,3,2003,10.27
206,3,2004,11.01
206,3,2005,10.94
206,3,2006,10.45
206,3,2007,10.14
206,3,2008,9.4
206,3,2009,9.36
206,3,2010,9.1
206,3,2011,8.26
206,3,2012,8.26
206,3,2013,8.38
206,3,2014,9.1
206,3,2015,8.69
206,3,2016,9.37
206,3,2017,10.45
206,3,2018,10.47
206,3,2019,11.04
206,3,2020,10.7
206,3,2021,10.89
206,3,2022,10.98
206,3,2023,11
207,3,1980,11.53
207,3,1981,11.49
207,3,1982,11.46
207,3,1983,11.27
207,3,1984,11.11
207,3,1985,11
207,3,1986,10.87
207,3,1987,10.59
207,3,1988,10.35
207,3,1989,10.18
207,3,1990,10.05
207,3,1991,9.86
207,3,1992,9.77
207,3,1993,9.65
207,3,1994,9.5
207,3,1995,9.22
207,3,1996,8.92
207,3,1997,8.64
207,3,1998,8.49
207,3,1999,8.22
207,3,2000,8.09
207,3,2001,7.98
207,3,2002,7.95
207,3,2003,7.96
207,3,2004,7.96
207,3,2005,8.2
207,3,2006,8.33
207,3,2007,8.43
207,3,2008,8.67
207,3,2009,8.4
207,3,2010,8.81
207,3,2011,9.04
207,3,2012,9.06
207,3,2013,9.23
207,3,2014,9.5
207,3,2015,10.3
207,3,2016,10.56
207,3,2017,10.92
207,3,2018,11.32
207,3,2019,11.53
207,3,2020,11.35
207,3,2021,11.6
207,3,2022,12.21
207,3,2023,12.28
208,3,1980,17.29
208,3,1981,17.56
208,3,1982,18.34
208,3,1983,17.98
208,3,1984,18.3
208,3,1985,18.86
208,3,1986,19.84
208,3,1987,20.21
208,3,1988,20.53
208,3,1989,20.83
208,3,1990,21
208,3,1991,21.32
208,3,1992,21.69
208,3,1993,21.88
208,3,1994,21.93
208,3,1995,21.92
208,3,1996,21.56
208,3,1997,21.03
208,3,1998,20.46
208,3,1999,19.76
208,3,2000,18.88
208,3,2001,18.35
208,3,2002,17.5
208,3,2003,16.7
208,3,2004,16.17
208,3,2005,15.61
208,3,2006,15.49
208,3,2007,15.16
208,3,2008,14.77
208,3,2009,14.75
208,3,2010,14.62
208,3,2011,14.53
208,3,2012,14.69
208,3,2013,14.73
208,3,2014,14.63
208,3,2015,14.42
208,3,2016,14.36
208,3,2017,14.29
208,3,2018,14.34
208,3,2019,14.45
208,3,2020,14.1
208,3,2021,14.14
208,3,2022,15.11
208,3,2023,15.21
209,3,1980,13.99
209,3,1981,13.94
209,3,1982,13.86
209,3,1983,13.81
209,3,1984,13.98
209,3,1985,14.01
209,3,1986,14.14
209,3,1987,14.3
209,3,1988,14.44
209,3,1989,14.71
209,3,1990,14.89
209,3,1991,14.91
209,3,1992,14.84
209,3,1993,14.69
209,3,1994,14.63
209,3,1995,14.12
209,3,1996,14.92
209,3,1997,14.34
209,3,1998,13.18
209,3,1999,12.68
209,3,2000,12.42
209,3,2001,12.3
209,3,2002,12.25
209,3,2003,11.79
209,3,2004,11.38
209,3,2005,11.44
209,3,2006,10.83
209,3,2007,10.77
209,3,2008,10.85
209,3,2009,10.72
209,3,2010,10.78
209,3,2011,10.77
209,3,2012,10.75
209,3,2013,10.79
209,3,2014,10.76
209,3,2015,10.91
209,3,2016,11.34
209,3,2017,11.47
209,3,2018,9.99
209,3,2019,10.32
209,3,2020,10.19
209,3,2021,9.81
209,3,2022,10.73
209,3,2023,11.02
210,3,1980,14.88
210,3,1981,14.94
210,3,1982,14.97
210,3,1983,15.05
210,3,1984,15.07
210,3,1985,15.03
210,3,1986,14.97
210,3,1987,14.93
210,3,1988,14.86
210,3,1989,14.75
210,3,1990,14.98
210,3,1991,13.98
210,3,1992,12.52
210,3,1993,12.84
210,3,1994,13.05
210,3,1995,12.06
210,3,1996,12.66
210,3,1997,12.1
210,3,1998,12.55
210,3,1999,12.85
210,3,2000,12.78
210,3,2001,12.38
210,3,2002,12.12
210,3,2003,11.69
210,3,2004,11.68
210,3,2005,11.25
210,3,2006,11.48
210,3,2007,11.54
210,3,2008,11.69
210,3,2009,11.9
210,3,2010,11.87
210,3,2011,11.57
210,3,2012,12.03
210,3,2013,12.59
210,3,2014,12.37
210,3,2015,12.39
210,3,2016,12.46
210,3,2017,12.51
210,3,2018,14.34
210,3,2019,14.76
210,3,2020,14.88
210,3,2021,16.25
210,3,2022,15.57
210,3,2023,15.61
211,3,1980,14.82
211,3,1981,13.4
211,3,1982,14.91
211,3,1983,14.97
211,3,1984,15.21
211,3,1985,15.86
211,3,1986,16.52
211,3,1987,16.99
211,3,1988,17.77
211,3,1989,18.45
211,3,1990,19.07
211,3,1991,19.73
211,3,1992,20.25
211,3,1993,20.66
211,3,1994,20.88
211,3,1995,21.1
211,3,1996,21.05
211,3,1997,20.63
211,3,1998,20.29
211,3,1999,19.86
211,3,2000,19.42
211,3,2001,18.75
211,3,2002,18.32
211,3,2003,17.51
211,3,2004,16.93
211,3,2005,16.6
211,3,2006,16.57
211,3,2007,16.5
211,3,2008,16.64
211,3,2009,16.88
211,3,2010,16.91
211,3,2011,16.76
211,3,2012,16.51
211,3,2013,14.37
211,3,2014,14.07
211,3,2015,14.57
211,3,2016,15
211,3,2017,15.47
211,3,2018,15.61
211,3,2019,15.33
211,3,2020,14.72
211,3,2021,15.3
211,3,2022,15.8
211,3,2023,15.85
212,3,1980,9.76
212,3,1981,9.78
212,3,1982,9.79
212,3,1983,9.68
212,3,1984,10.06
212,3,1985,10.22
212,3,1986,10.4
212,3,1987,10.5
212,3,1988,10.68
212,3,1989,10.69
212,3,1990,10.77
212,3,1991,10.72
212,3,1992,10.74
212,3,1993,10.75
212,3,1994,10.12
212,3,1995,9.86
212,3,1996,9.91
212,3,1997,9.8
212,3,1998,9.89
212,3,1999,9.5
212,3,2000,9.53
212,3,2001,9.51
212,3,2002,9.47
212,3,2003,9.06
212,3,2004,9.2
212,3,2005,9.06
212,3,2006,9.23
212,3,2007,8.72
212,3,2008,8.41
212,3,2009,8.6
212,3,2010,8.46
212,3,2011,8.19
212,3,2012,8.19
212,3,2013,10.09
212,3,2014,9.6
212,3,2015,7.57
212,3,2016,7.39
212,3,2017,7.69
212,3,2018,7.66
212,3,2019,8.05
212,3,2020,7.78
212,3,2021,8.15
212,3,2022,8.63
212,3,2023,8.71
213,3,1980,13.46
213,3,1981,13.47
213,3,1982,13.6
213,3,1983,13.72
213,3,1984,13.79
213,3,1985,13.97
213,3,1986,14.03
213,3,1987,14.13
213,3,1988,14.41
213,3,1989,14.59
213,3,1990,14.88
213,3,1991,15.27
213,3,1992,15.52
213,3,1993,15.77
213,3,1994,16.09
213,3,1995,16.34
213,3,1996,16.7
213,3,1997,16.85
213,3,1998,17.04
213,3,1999,16.82
213,3,2000,16.95
213,3,2001,16.66
213,3,2002,16.87
213,3,2003,16.28
213,3,2004,16.02
213,3,2005,16.06
213,3,2006,16.35
213,3,2007,16.18
213,3,2008,15.72
213,3,2009,15.65
213,3,2010,15.64
213,3,2011,15.57
213,3,2012,15.38
213,3,2013,15.98
213,3,2014,16.02
213,3,2015,16.12
213,3,2016,16.24
213,3,2017,16.51
213,3,2018,16.11
213,3,2019,16.18
213,3,2020,16.28
213,3,2021,16.57
213,3,2022,16.7
213,3,2023,16.93
214,3,1980,19.23
214,3,1981,18.87
214,3,1982,18.53
214,3,1983,18.32
214,3,1984,17.92
214,3,1985,17.55
214,3,1986,17.05
214,3,1987,16.75
214,3,1988,16.33
214,3,1989,16.19
214,3,1990,15.91
214,3,1991,15.93
214,3,1992,15.48
214,3,1993,15.21
214,3,1994,14.96
214,3,1995,14.86
214,3,1996,14.98
214,3,1997,15.15
214,3,1998,15.47
214,3,1999,15.74
214,3,2000,16.26
214,3,2001,16.56
214,3,2002,16.87
214,3,2003,16.76
214,3,2004,16.68
214,3,2005,16.39
214,3,2006,16.27
214,3,2007,15.94
214,3,2008,15.69
214,3,2009,15.64
214,3,2010,15.76
214,3,2011,15.69
214,3,2012,15.67
214,3,2013,16.02
214,3,2014,15.82
214,3,2015,16.56
214,3,2016,16.13
214,3,2017,16.12
214,3,2018,13.83
214,3,2019,13.49
214,3,2020,13.37
214,3,2021,13.27
214,3,2022,13.84
214,3,2023,13.92
215,3,1980,10.34
215,3,1981,10.2
215,3,1982,10
215,3,1983,9.87
215,3,1984,9.94
215,3,1985,10.17
215,3,1986,10.05
215,3,1987,10.43
215,3,1988,11.06
215,3,1989,11.29
215,3,1990,11.47
215,3,1991,11.39
215,3,1992,11.36
215,3,1993,11.18
215,3,1994,11.09
215,3,1995,10.53
215,3,1996,10.71
215,3,1997,10.99
215,3,1998,11.41
215,3,1999,12.04
215,3,2000,12.18
215,3,2001,13.5
215,3,2002,13.82
215,3,2003,14.26
215,3,2004,14.85
215,3,2005,15.97
215,3,2006,17.09
215,3,2007,18.04
215,3,2008,18.38
215,3,2009,18.5
215,3,2010,19.03
215,3,2011,18.64
215,3,2012,18.23
215,3,2013,18.08
215,3,2014,18.88
215,3,2015,18.56
215,3,2016,18.04
215,3,2017,18.09
215,3,2018,17.68
215,3,2019,17.57
215,3,2020,18.77
215,3,2021,18.29
215,3,2022,16.98
215,3,2023,16.41
216,3,1980,11.87
216,3,1981,11.86
216,3,1982,11.79
216,3,1983,12.01
216,3,1984,12.3
216,3,1985,12.58
216,3,1986,12.4
216,3,1987,12.55
216,3,1988,12.98
216,3,1989,13.96
216,3,1990,13.59
216,3,1991,13.83
216,3,1992,13.89
216,3,1993,13.74
216,3,1994,13.75
216,3,1995,13.4
216,3,1996,13.47
216,3,1997,13.04
216,3,1998,12.79
216,3,1999,12.43
216,3,2000,11.47
216,3,2001,14.06
216,3,2002,13.83
216,3,2003,12.13
216,3,2004,12.63
216,3,2005,12.14
216,3,2006,11.52
216,3,2007,11.73
216,3,2008,11.62
216,3,2009,11.53
216,3,2010,10.64
216,3,2011,10.45
216,3,2012,9.77
216,3,2013,9.8
216,3,2014,10.36
216,3,2015,8.11
216,3,2016,8.43
216,3,2017,8.43
216,3,2018,10.17
216,3,2019,10.89
216,3,2020,10.34
216,3,2021,10.27
216,3,2022,11.6
216,3,2023,12.16
217,3,1980,15.03
217,3,1981,15.07
217,3,1982,15.17
217,3,1983,15.31
217,3,1984,15.48
217,3,1985,15.65
217,3,1986,15.7
217,3,1987,15.82
217,3,1988,15.81
217,3,1989,15.74
217,3,1990,15.73
217,3,1991,15.84
217,3,1992,15.8
217,3,1993,15.31
217,3,1994,15.06
217,3,1995,14.81
217,3,1996,14.33
217,3,1997,13.6
217,3,1998,13.47
217,3,1999,12.98
217,3,2000,12.63
217,3,2001,12.43
217,3,2002,12.44
217,3,2003,12.49
217,3,2004,13
217,3,2005,13.27
217,3,2006,13.85
217,3,2007,14.23
217,3,2008,14.18
217,3,2009,14.73
217,3,2010,15.48
217,3,2011,15.8
217,3,2012,16.93
217,3,2013,18.41
217,3,2014,18.81
217,3,2015,17.76
217,3,2016,17.95
217,3,2017,18.37
217,3,2018,18.24
217,3,2019,18.66
217,3,2020,18.31
217,3,2021,18.21
217,3,2022,18.4
217,3,2023,18.87
218,3,1980,16.4
218,3,1981,16.24
218,3,1982,16.07
218,3,1983,16.01
218,3,1984,15.92
218,3,1985,15.96
218,3,1986,15.94
218,3,1987,15.78
218,3,1988,15.86
218,3,1989,15.86
218,3,1990,15.93
218,3,1991,15.92
218,3,1992,15.97
218,3,1993,15.88
218,3,1994,15.82
218,3,1995,15.9
218,3,1996,16.09
218,3,1997,16.23
218,3,1998,16.67
218,3,1999,16.85
218,3,2000,17.42
218,3,2001,17.63
218,3,2002,17.9
218,3,2003,17.46
218,3,2004,17.15
218,3,2005,17.22
218,3,2006,17.42
218,3,2007,16.76
218,3,2008,17.07
218,3,2009,17.67
218,3,2010,18.26
218,3,2011,18.34
218,3,2012,17.94
218,3,2013,17.66
218,3,2014,17.21
218,3,2015,17.39
218,3,2016,17.94
218,3,2017,18.67
218,3,2018,18.79
218,3,2019,19.07
218,3,2020,18.66
218,3,2021,19.18
218,3,2022,20.12
218,3,2023,20.09
298,3,1980,7.3
298,3,1981,7.19
298,3,1982,6.99
298,3,1983,6.86
298,3,1984,6.69
298,3,1985,6.59
298,3,1986,6.68
298,3,1987,6.74
298,3,1988,6.64
298,3,1989,6.59
298,3,1990,6.27
298,3,1991,5.86
298,3,1992,5.89
298,3,1993,5.91
298,3,1994,5.85
298,3,1995,5.83
298,3,1996,5.76
298,3,1997,5.73
298,3,1998,5.65
298,3,1999,5.46
298,3,2000,5.18
298,3,2001,5.09
298,3,2002,4.82
298,3,2003,4.75
298,3,2004,4.7
298,3,2005,4.45
298,3,2006,4.27
298,3,2007,4.04
298,3,2008,3.89
298,3,2009,3.64
298,3,2010,3.49
298,3,2011,3.38
298,3,2012,3.26
298,3,2013,3.26
298,3,2014,3.26
298,3,2015,3.16
298,3,2016,3.37
298,3,2017,3.5
298,3,2018,3.47
298,3,2019,3.58
298,3,2020,3.64
298,3,2021,3.94
298,3,2022,3.63
298,3,2023,3.51
305,3,1980,5.35
305,3,1981,5.19
305,3,1982,4.91
305,3,1983,4.78
305,3,1984,4.63
305,3,1985,4.6
305,3,1986,4.6
305,3,1987,4.5
305,3,1988,4.29
305,3,1989,4.13
305,3,1990,3.81
305,3,1991,3.6
305,3,1992,3.52
305,3,1993,3.42
305,3,1994,3.31
305,3,1995,3.03
305,3,1996,2.9
305,3,1997,2.5
305,3,1998,2.15
305,3,1999,1.9
305,3,2000,1.73
305,3,2001,1.56
305,3,2002,1.58
305,3,2003,1.58
305,3,2004,1.42
305,3,2005,1.29
305,3,2006,1.04
305,3,2007,1
305,3,2008,1.01
305,3,2009,1
305,3,2010,1.03
305,3,2011,0.99
305,3,2012,0.79
305,3,2013,0.71
305,3,2014,0.69
305,3,2015,0.68
305,3,2016,0.68
305,3,2017,0.71
305,3,2018,0.7
305,3,2019,0.7
305,3,2020,0.68
305,3,2021,0.69
305,3,2022,0.71
305,3,2023,0.73
320,3,1980,17.69
320,3,1981,16.93
320,3,1982,16.46
320,3,1983,15.91
320,3,1984,15.5
320,3,1985,15.14
320,3,1986,14.89
320,3,1987,14.63
320,3,1988,14.52
320,3,1989,14.14
320,3,1990,13.75
320,3,1991,13.37
320,3,1992,13.07
320,3,1993,12.79
320,3,1994,12.49
320,3,1995,12.41
320,3,1996,12.34
320,3,1997,12.16
320,3,1998,11.84
320,3,1999,11.64
320,3,2000,11.48
320,3,2001,11.48
320,3,2002,11.26
320,3,2003,11.04
320,3,2004,10.8
320,3,2005,10.42
320,3,2006,10
320,3,2007,9.52
320,3,2008,9.03
320,3,2009,8.99
320,3,2010,8.67
320,3,2011,8.34
320,3,2012,8.1
320,3,2013,8.42
320,3,2014,8.21
320,3,2015,7.81
320,3,2016,7.44
320,3,2017,7.16
320,3,2018,7.05
320,3,2019,6.88
320,3,2020,7.05
320,3,2021,7.61
320,3,2022,7.19
320,3,2023,7.21
349,3,1980,6.15
349,3,1981,6.13
349,3,1982,6.15
349,3,1983,6.11
349,3,1984,6.09
349,3,1985,5.98
349,3,1986,6.04
349,3,1987,6.11
349,3,1988,6.19
349,3,1989,6.29
349,3,1990,6.24
349,3,1991,6.15
349,3,1992,6.14
349,3,1993,6.04
349,3,1994,5.91
349,3,1995,5.82
349,3,1996,5.69
349,3,1997,5.58
349,3,1998,5.54
349,3,1999,5.53
349,3,2000,5.51
349,3,2001,5.67
349,3,2002,5.11
349,3,2003,4.88
349,3,2004,4.41
349,3,2005,4.04
349,3,2006,3.93
349,3,2007,3.51
349,3,2008,3.47
349,3,2009,3.34
349,3,2010,3.07
349,3,2011,3.14
349,3,2012,2.56
349,3,2013,2.62
349,3,2014,2.7
349,3,2015,2.77
349,3,2016,2.77
349,3,2017,2.81
349,3,2018,2.91
349,3,2019,2.83
349,3,2020,2.98
349,3,2021,3.19
349,3,2022,3.1
349,3,2023,3.05
351,3,1980,13.53
351,3,1981,13.49
351,3,1982,13.49
351,3,1983,13.31
351,3,1984,13.26
351,3,1985,13.19
351,3,1986,13.05
351,3,1987,13.03
351,3,1988,13.09
351,3,1989,13.47
351,3,1990,13.46
351,3,1991,13.1
351,3,1992,13.22
351,3,1993,13.17
351,3,1994,12.42
351,3,1995,10.79
351,3,1996,10.32
351,3,1997,10.96
351,3,1998,10.95
351,3,1999,9.31
351,3,2000,7.86
351,3,2001,7.71
351,3,2002,6.68
351,3,2003,7.43
351,3,2004,8.28
351,3,2005,7.45
351,3,2006,5.3
351,3,2007,4.62
351,3,2008,4.27
351,3,2009,3.8
351,3,2010,4.59
351,3,2011,4.15
351,3,2012,3.59
351,3,2013,4.09
351,3,2014,4.17
351,3,2015,2.76
351,3,2016,3.87
351,3,2017,4.77
351,3,2018,4.26
351,3,2019,3.97
351,3,2020,4.06
351,3,2021,4.55
351,3,2022,3.35
351,3,2023,3.26
367,3,1980,4.21
367,3,1981,4.16
367,3,1982,4.11
367,3,1983,3.85
367,3,1984,3.83
367,3,1985,3.81
367,3,1986,3.81
367,3,1987,3.78
367,3,1988,3.71
367,3,1989,3.64
367,3,1990,3.57
367,3,1991,3.5
367,3,1992,3.4
367,3,1993,3.3
367,3,1994,3.17
367,3,1995,3.03
367,3,1996,2.9
367,3,1997,2.77
367,3,1998,2.51
367,3,1999,2.39
367,3,2000,2.28
367,3,2001,2.19
367,3,2002,2.13
367,3,2003,2.08
367,3,2004,2.05
367,3,2005,2.02
367,3,2006,1.99
367,3,2007,1.98
367,3,2008,1.97
367,3,2009,1.96
367,3,2010,1.94
367,3,2011,1.9
367,3,2012,1.86
367,3,2013,1.82
367,3,2014,1.79
367,3,2015,1.77
367,3,2016,1.74
367,3,2017,1.72
367,3,2018,1.69
367,3,2019,1.68
367,3,2020,1.67
367,3,2021,1.66
367,3,2022,1.66
367,3,2023,1.7
369,3,1980,32.92
369,3,1981,32.28
369,3,1982,31.72
369,3,1983,31.27
369,3,1984,30.85
369,3,1985,31.54
369,3,1986,31.06
369,3,1987,30.69
369,3,1988,30.36
369,3,1989,30.11
369,3,1990,30.28
369,3,1991,30.3
369,3,1992,31.14
369,3,1993,30.82
369,3,1994,31.12
369,3,1995,31.25
369,3,1996,31.49
369,3,1997,31.15
369,3,1998,31
369,3,1999,30.78
369,3,2000,30.66
369,3,2001,28.27
369,3,2002,28.08
369,3,2003,27.41
369,3,2004,26.9
369,3,2005,26.5
369,3,2006,26.61
369,3,2007,29.35
369,3,2008,28.97
369,3,2009,28.68
369,3,2010,28.42
369,3,2011,28.14
369,3,2012,27.52
369,3,2013,27
369,3,2014,26.4
369,3,2015,25.98
369,3,2016,25.57
369,3,2017,25.77
369,3,2018,25.94
369,3,2019,25.7
369,3,2020,26.51
369,3,2021,29.16
369,3,2022,26.43
369,3,2023,26.18
374,3,1980,10.96
374,3,1981,10.77
374,3,1982,10.61
374,3,1983,10.57
374,3,1984,10.26
374,3,1985,10
374,3,1986,9.75
374,3,1987,9.56
374,3,1988,9.39
374,3,1989,9.17
374,3,1990,8.92
374,3,1991,8.5
374,3,1992,8.55
374,3,1993,8.4
374,3,1994,8.26
374,3,1995,8.08
374,3,1996,7.93
374,3,1997,7.77
374,3,1998,7.67
374,3,1999,7.54
374,3,2000,7.44
374,3,2001,7.35
374,3,2002,7.28
374,3,2003,7.14
374,3,2004,7.01
374,3,2005,6.9
374,3,2006,6.76
374,3,2007,6.62
374,3,2008,6.47
374,3,2009,6.36
374,3,2010,6.23
374,3,2011,6.05
374,3,2012,5.88
374,3,2013,5.74
374,3,2014,5.62
374,3,2015,5.51
374,3,2016,5.4
374,3,2017,5.31
374,3,2018,5.26
374,3,2019,5.23
374,3,2020,5.07
374,3,2021,5.4
374,3,2022,5.34
374,3,2023,5.35
376,3,1980,17
376,3,1981,16.81
376,3,1982,15.9
376,3,1983,15.95
376,3,1984,15.76
376,3,1985,16.05
376,3,1986,15.13
376,3,1987,14.91
376,3,1988,14.84
376,3,1989,13.77
376,3,1990,13.12
376,3,1991,12.44
376,3,1992,12.33
376,3,1993,12.44
376,3,1994,12.72
376,3,1995,12.83
376,3,1996,12.68
376,3,1997,11.92
376,3,1998,11.22
376,3,1999,9.91
376,3,2000,9.08
376,3,2001,8.79
376,3,2002,8.62
376,3,2003,8.57
376,3,2004,8.8
376,3,2005,8.73
376,3,2006,8.31
376,3,2007,7.75
376,3,2008,7.12
376,3,2009,6.67
376,3,2010,6.8
376,3,2011,6.67
376,3,2012,6.72
376,3,2013,6.59
376,3,2014,6.61
376,3,2015,6.89
376,3,2016,6.23
376,3,2017,5.91
376,3,2018,5.75
376,3,2019,5.83
376,3,2020,6.18
376,3,2021,6.11
376,3,2022,5.63
376,3,2023,5.78
380,3,1980,8.73
380,3,1981,8.59
380,3,1982,8.45
380,3,1983,8.33
380,3,1984,8.17
380,3,1985,8.02
380,3,1986,7.86
380,3,1987,7.6
380,3,1988,7.46
380,3,1989,7.32
380,3,1990,7.18
380,3,1991,7.06
380,3,1992,6.93
380,3,1993,6.83
380,3,1994,6.76
380,3,1995,6.7
380,3,1996,6.64
380,3,1997,6.57
380,3,1998,6.52
380,3,1999,6.46
380,3,2000,6.42
380,3,2001,6.36
380,3,2002,6.29
380,3,2003,6.23
380,3,2004,6.14
380,3,2005,6.03
380,3,2006,5.91
380,3,2007,5.77
380,3,2008,5.64
380,3,2009,5.53
380,3,2010,5.43
380,3,2011,5.33
380,3,2012,5.26
380,3,2013,6.49
380,3,2014,6.51
380,3,2015,6.48
380,3,2016,6.43
380,3,2017,6.35
380,3,2018,6.35
380,3,2019,6.44
380,3,2020,6.52
380,3,2021,7
380,3,2022,6.57
380,3,2023,6.55
385,3,1980,9.29
385,3,1981,8.66
385,3,1982,8.38
385,3,1983,8.72
385,3,1984,9.06
385,3,1985,9.38
385,3,1986,9.77
385,3,1987,10.48
385,3,1988,10.32
385,3,1989,10.26
385,3,1990,9.86
385,3,1991,9.68
385,3,1992,9.86
385,3,1993,9.77
385,3,1994,9.93
385,3,1995,9.88
385,3,1996,9.36
385,3,1997,8.37
385,3,1998,7.5
385,3,1999,7.21
385,3,2000,6.87
385,3,2001,6.19
385,3,2002,6.4
385,3,2003,6.18
385,3,2004,5.85
385,3,2005,5.44
385,3,2006,5.18
385,3,2007,5.12
385,3,2008,4.61
385,3,2009,4.18
385,3,2010,4.17
385,3,2011,3.89
385,3,2012,3.69
385,3,2013,3.56
385,3,2014,3.53
385,3,2015,3.64
385,3,2016,3.32
385,3,2017,3.28
385,3,2018,3.56
385,3,2019,3.49
385,3,2020,3.37
385,3,2021,3.71
385,3,2022,3.2
385,3,2023,3.01
393,3,1980,10.38
393,3,1981,9.33
393,3,1982,9.12
393,3,1983,9.19
393,3,1984,9.06
393,3,1985,9.21
393,3,1986,9.42
393,3,1987,9.66
393,3,1988,9.57
393,3,1989,9.54
393,3,1990,9.01
393,3,1991,8.65
393,3,1992,8.74
393,3,1993,8.66
393,3,1994,8.76
393,3,1995,8.47
393,3,1996,8.34
393,3,1997,7.96
393,3,1998,7.74
393,3,1999,7.55
393,3,2000,7.36
393,3,2001,6.97
393,3,2002,6.95
393,3,2003,6.54
393,3,2004,6.12
393,3,2005,6.25
393,3,2006,5.67
393,3,2007,5.44
393,3,2008,5.4
393,3,2009,5.41
393,3,2010,5.67
393,3,2011,5.49
393,3,2012,5.07
393,3,2013,4.77
393,3,2014,4.89
393,3,2015,4.83
393,3,2016,4.69
393,3,2017,4.63
393,3,2018,4.53
393,3,2019,4.42
393,3,2020,4.46
393,3,2021,4.43
393,3,2022,4.13
393,3,2023,4.1
396,3,1980,6.58
396,3,1981,6.43
396,3,1982,6.35
396,3,1983,6.25
396,3,1984,6.25
396,3,1985,6.18
396,3,1986,6.12
396,3,1987,6.08
396,3,1988,5.98
396,3,1989,5.93
396,3,1990,5.98
396,3,1991,5.97
396,3,1992,5.79
396,3,1993,5.69
396,3,1994,5.61
396,3,1995,5.49
396,3,1996,5.3
396,3,1997,5.08
396,3,1998,4.87
396,3,1999,4.66
396,3,2000,4.5
396,3,2001,4.35
396,3,2002,4.14
396,3,2003,3.8
396,3,2004,3.52
396,3,2005,3.14
396,3,2006,2.93
396,3,2007,2.73
396,3,2008,2.44
396,3,2009,2.24
396,3,2010,1.75
396,3,2011,1.63
396,3,2012,1.5
396,3,2013,1.46
396,3,2014,1.41
396,3,2015,1.39
396,3,2016,1.37
396,3,2017,1.4
396,3,2018,1.37
396,3,2019,1.29
396,3,2020,1.3
396,3,2021,1.49
396,3,2022,1.36
396,3,2023,1.56
413,3,1980,6.69
413,3,1981,6.58
413,3,1982,6.46
413,3,1983,6.3
413,3,1984,6.16
413,3,1985,6.04
413,3,1986,5.94
413,3,1987,5.84
413,3,1988,5.74
413,3,1989,5.68
413,3,1990,5.64
413,3,1991,5.65
413,3,1992,5.63
413,3,1993,5.6
413,3,1994,5.54
413,3,1995,5.44
413,3,1996,5.31
413,3,1997,5.19
413,3,1998,5.06
413,3,1999,5
413,3,2000,4.9
413,3,2001,4.83
413,3,2002,4.78
413,3,2003,4.64
413,3,2004,4.59
413,3,2005,4.5
413,3,2006,4.39
413,3,2007,4.28
413,3,2008,4.18
413,3,2009,4.07
413,3,2010,3.95
413,3,2011,3.83
413,3,2012,3.71
413,3,2013,3.62
413,3,2014,3.55
413,3,2015,3.48
413,3,2016,3.41
413,3,2017,3.37
413,3,2018,3.36
413,3,2019,3.39
413,3,2020,3.31
413,3,2021,3.56
413,3,2022,3.61
413,3,2023,3.6
416,3,1980,23.91
416,3,1981,24.25
416,3,1982,23.99
416,3,1983,24.06
416,3,1984,24.04
416,3,1985,24.02
416,3,1986,23.92
416,3,1987,24.04
416,3,1988,24.11
416,3,1989,24.24
416,3,1990,23.92
416,3,1991,24.68
416,3,1992,24.92
416,3,1993,25.26
416,3,1994,25.49
416,3,1995,25.51
416,3,1996,25.57
416,3,1997,25.57
416,3,1998,25.59
416,3,1999,26.09
416,3,2000,26.2
416,3,2001,25.94
416,3,2002,25.68
416,3,2003,25.03
416,3,2004,24.34
416,3,2005,23.59
416,3,2006,22.98
416,3,2007,22.51
416,3,2008,22.05
416,3,2009,21.32
416,3,2010,20.61
416,3,2011,19.44
416,3,2012,18.73
416,3,2013,18.04
416,3,2014,17.36
416,3,2015,16.68
416,3,2016,15.59
416,3,2017,15.33
416,3,2018,14.86
416,3,2019,14.27
416,3,2020,14.56
416,3,2021,16.67
416,3,2022,16.16
416,3,2023,15.85
422,3,1980,11.83
422,3,1981,11.91
422,3,1982,11.67
422,3,1983,11.7
422,3,1984,11.7
422,3,1985,11.58
422,3,1986,11.48
422,3,1987,11.37
422,3,1988,11.26
422,3,1989,11.18
422,3,1990,10.96
422,3,1991,11.02
422,3,1992,11.1
422,3,1993,11.28
422,3,1994,11.08
422,3,1995,11.06
422,3,1996,10.7
422,3,1997,9.36
422,3,1998,8.94
422,3,1999,8.62
422,3,2000,8.45
422,3,2001,7.92
422,3,2002,7.69
422,3,2003,7.31
422,3,2004,6.76
422,3,2005,6.51
422,3,2006,5.81
422,3,2007,5.88
422,3,2008,5.69
422,3,2009,5.66
422,3,2010,5.92
422,3,2011,5.84
422,3,2012,5.65
422,3,2013,5.65
422,3,2014,5.43
422,3,2015,5.32
422,3,2016,5.36
422,3,2017,5.39
422,3,2018,4.99
422,3,2019,4.13
422,3,2020,3.93
422,3,2021,4.55
422,3,2022,4.43
422,3,2023,4.25
435,3,1980,19.99
435,3,1981,19.92
435,3,1982,19.94
435,3,1983,20.05
435,3,1984,19.73
435,3,1985,21.98
435,3,1986,22.32
435,3,1987,22.27
435,3,1988,21.8
435,3,1989,21.99
435,3,1990,20.44
435,3,1991,20.12
435,3,1992,20.36
435,3,1993,20.36
435,3,1994,20.31
435,3,1995,21.01
435,3,1996,20.45
435,3,1997,18.8
435,3,1998,18.48
435,3,1999,18.06
435,3,2000,17.96
435,3,2001,16.87
435,3,2002,16.47
435,3,2003,16.95
435,3,2004,17.41
435,3,2005,17.4
435,3,2006,18.2
435,3,2007,18.39
435,3,2008,18.44
435,3,2009,18.9
435,3,2010,19.24
435,3,2011,19.4
435,3,2012,19.78
435,3,2013,20.35
435,3,2014,21.01
435,3,2015,21.48
435,3,2016,21.8
435,3,2017,21.74
435,3,2018,21.88
435,3,2019,21.98
435,3,2020,22.25
435,3,2021,21.53
435,3,2022,23.49
435,3,2023,23.97
522,3,1980,28.87
522,3,1981,28.54
522,3,1982,28.12
522,3,1983,27.5
522,3,1984,27.09
522,3,1985,26.72
522,3,1986,26.67
522,3,1987,26.53
522,3,1988,26.26
522,3,1989,25.98
522,3,1990,25.69
522,3,1991,25.62
522,3,1992,25.45
522,3,1993,25.35
522,3,1994,24.8
522,3,1995,24.39
522,3,1996,23.94
522,3,1997,23.26
522,3,1998,22.71
522,3,1999,21.93
522,3,2000,21.47
522,3,2001,20.87
522,3,2002,20.7
522,3,2003,19.8
522,3,2004,19.35
522,3,2005,19.02
522,3,2006,18.79
522,3,2007,18.4
522,3,2008,18.39
522,3,2009,18.11
522,3,2010,18.28
522,3,2011,17.85
522,3,2012,16.98
522,3,2013,17.03
522,3,2014,17.15
522,3,2015,16.9
522,3,2016,16.75
522,3,2017,16.74
522,3,2018,16.77
522,3,2019,16.85
522,3,2020,17.1
522,3,2021,17.07
522,3,2022,16.71
522,3,2023,16.44
