location,sex,year,motorcyclist_road_injuries_deaths_rate_age_standardized
6,3,1980,3.23
6,3,1981,3.21
6,3,1982,3.2
6,3,1983,3.17
6,3,1984,3.11
6,3,1985,3.07
6,3,1986,3.08
6,3,1987,3.09
6,3,1988,3.15
6,3,1989,3.22
6,3,1990,3.3
6,3,1991,3.41
6,3,1992,3.56
6,3,1993,3.74
6,3,1994,3.97
6,3,1995,4.2
6,3,1996,4.44
6,3,1997,4.72
6,3,1998,4.95
6,3,1999,5.11
6,3,2000,5.22
6,3,2001,5.32
6,3,2002,5.36
6,3,2003,5.31
6,3,2004,5.23
6,3,2005,5.08
6,3,2006,4.89
6,3,2007,4.62
6,3,2008,4.24
6,3,2009,3.91
6,3,2010,3.61
6,3,2011,3.34
6,3,2012,3.1
6,3,2013,2.88
6,3,2014,2.74
6,3,2015,2.68
6,3,2016,2.69
6,3,2017,2.68
6,3,2018,2.78
6,3,2019,2.66
6,3,2020,2.55
6,3,2021,2.64
6,3,2022,2.71
6,3,2023,2.5
7,3,1980,2.76
7,3,1981,2.74
7,3,1982,2.73
7,3,1983,2.64
7,3,1984,2.56
7,3,1985,2.51
7,3,1986,2.48
7,3,1987,2.47
7,3,1988,2.45
7,3,1989,2.43
7,3,1990,2.38
7,3,1991,2.35
7,3,1992,2.32
7,3,1993,2.29
7,3,1994,2.29
7,3,1995,2.24
7,3,1996,2.23
7,3,1997,2.23
7,3,1998,2.22
7,3,1999,2.2
7,3,2000,2.17
7,3,2001,2.13
7,3,2002,2.13
7,3,2003,2.12
7,3,2004,2.14
7,3,2005,2.14
7,3,2006,2.17
7,3,2007,2.17
7,3,2008,2.19
7,3,2009,2.15
7,3,2010,2.14
7,3,2011,2.13
7,3,2012,2.12
7,3,2013,2.1
7,3,2014,2.12
7,3,2015,2.16
7,3,2016,2.18
7,3,2017,2.19
7,3,2018,2.32
7,3,2019,2.36
7,3,2020,2.35
7,3,2021,2.4
7,3,2022,2.46
7,3,2023,2.48
8,3,1980,0.27
8,3,1981,0.26
8,3,1982,0.23
8,3,1983,0.21
8,3,1984,0.19
8,3,1985,0.19
8,3,1986,0.21
8,3,1987,0.22
8,3,1988,0.21
8,3,1989,0.2
8,3,1990,0.21
8,3,1991,0.2
8,3,1992,0.26
8,3,1993,0.28
8,3,1994,0.28
8,3,1995,0.27
8,3,1996,0.22
8,3,1997,0.22
8,3,1998,0.23
8,3,1999,0.32
8,3,2000,0.94
8,3,2001,1.11
8,3,2002,0.99
8,3,2003,1.01
8,3,2004,1.64
8,3,2005,1.96
8,3,2006,2.26
8,3,2007,2.61
8,3,2008,3.37
8,3,2009,3.67
8,3,2010,3.77
8,3,2011,3.72
8,3,2012,3.87
8,3,2013,4.15
8,3,2014,4.2
8,3,2015,4.01
8,3,2016,3.96
8,3,2017,3.9
8,3,2018,3.8
8,3,2019,3.68
8,3,2020,3.63
8,3,2021,3.78
8,3,2022,3.86
8,3,2023,3.89
10,3,1980,8.65
10,3,1981,8.94
10,3,1982,9.25
10,3,1983,9.72
10,3,1984,10.1
10,3,1985,10.48
10,3,1986,10.84
10,3,1987,11.17
10,3,1988,11.45
10,3,1989,11.66
10,3,1990,11.78
10,3,1991,11.91
10,3,1992,12
10,3,1993,11.97
10,3,1994,11.87
10,3,1995,11.71
10,3,1996,11.31
10,3,1997,10.9
10,3,1998,10.56
10,3,1999,9.92
10,3,2000,9.17
10,3,2001,8.86
10,3,2002,8.44
10,3,2003,7.89
10,3,2004,7.64
10,3,2005,7.42
10,3,2006,7.22
10,3,2007,7.33
10,3,2008,7.28
10,3,2009,7.27
10,3,2010,7.24
10,3,2011,7.26
10,3,2012,7.37
10,3,2013,7.31
10,3,2014,7.23
10,3,2015,7.19
10,3,2016,7.2
10,3,2017,7
10,3,2018,6.92
10,3,2019,6.89
10,3,2020,6.86
10,3,2021,6.78
10,3,2022,7.01
10,3,2023,7.54
11,3,1980,2.87
11,3,1981,2.93
11,3,1982,2.98
11,3,1983,3.01
11,3,1984,3.03
11,3,1985,3.06
11,3,1986,3.09
11,3,1987,3.11
11,3,1988,3.11
11,3,1989,3.1
11,3,1990,3.1
11,3,1991,3.06
11,3,1992,3.01
11,3,1993,2.99
11,3,1994,2.98
11,3,1995,3.02
11,3,1996,3.09
11,3,1997,3.18
11,3,1998,3.28
11,3,1999,3.35
11,3,2000,3.43
11,3,2001,3.53
11,3,2002,3.64
11,3,2003,3.84
11,3,2004,4.18
11,3,2005,4.38
11,3,2006,4.66
11,3,2007,4.97
11,3,2008,5.27
11,3,2009,5.63
11,3,2010,5.89
11,3,2011,6.18
11,3,2012,6.33
11,3,2013,6.41
11,3,2014,6.47
11,3,2015,6.44
11,3,2016,6.54
11,3,2017,6.56
11,3,2018,6.65
11,3,2019,6.67
11,3,2020,6.84
11,3,2021,7.01
11,3,2022,6.33
11,3,2023,6.32
12,3,1980,3.08
12,3,1981,3.15
12,3,1982,3.23
12,3,1983,3.32
12,3,1984,3.4
12,3,1985,3.48
12,3,1986,3.57
12,3,1987,3.69
12,3,1988,3.76
12,3,1989,3.84
12,3,1990,3.94
12,3,1991,4.06
12,3,1992,4.25
12,3,1993,4.47
12,3,1994,4.66
12,3,1995,4.78
12,3,1996,4.78
12,3,1997,4.7
12,3,1998,4.63
12,3,1999,4.43
12,3,2000,4.18
12,3,2001,4.16
12,3,2002,4.15
12,3,2003,4.23
12,3,2004,4.33
12,3,2005,4.42
12,3,2006,4.58
12,3,2007,4.75
12,3,2008,4.92
12,3,2009,5.18
12,3,2010,5.4
12,3,2011,5.56
12,3,2012,5.72
12,3,2013,5.86
12,3,2014,5.97
12,3,2015,5.72
12,3,2016,5.86
12,3,2017,5.97
12,3,2018,6.09
12,3,2019,6.15
12,3,2020,6.26
12,3,2021,6.22
12,3,2022,6.48
12,3,2023,6.64
13,3,1980,6.31
13,3,1981,6.48
13,3,1982,6.58
13,3,1983,6.67
13,3,1984,6.65
13,3,1985,6.59
13,3,1986,6.52
13,3,1987,6.39
13,3,1988,6.23
13,3,1989,6.1
13,3,1990,5.98
13,3,1991,5.88
13,3,1992,5.84
13,3,1993,5.85
13,3,1994,5.95
13,3,1995,6.03
13,3,1996,6.14
13,3,1997,6.16
13,3,1998,6.1
13,3,1999,5.74
13,3,2000,5.53
13,3,2001,5.28
13,3,2002,5.16
13,3,2003,4.99
13,3,2004,4.88
13,3,2005,4.73
13,3,2006,4.61
13,3,2007,4.56
13,3,2008,4.56
13,3,2009,4.59
13,3,2010,4.61
13,3,2011,4.6
13,3,2012,4.62
13,3,2013,4.61
13,3,2014,4.59
13,3,2015,4.55
13,3,2016,4.51
13,3,2017,4.35
13,3,2018,4.18
13,3,2019,3.91
13,3,2020,3.69
13,3,2021,3.53
13,3,2022,3.97
13,3,2023,4.04
14,3,1980,0.64
14,3,1981,0.63
14,3,1982,0.64
14,3,1983,0.67
14,3,1984,0.69
14,3,1985,0.69
14,3,1986,0.72
14,3,1987,0.73
14,3,1988,0.74
14,3,1989,0.75
14,3,1990,0.77
14,3,1991,0.8
14,3,1992,0.82
14,3,1993,0.84
14,3,1994,0.84
14,3,1995,0.84
14,3,1996,0.86
14,3,1997,0.87
14,3,1998,0.88
14,3,1999,0.82
14,3,2000,0.82
14,3,2001,0.82
14,3,2002,0.82
14,3,2003,0.84
14,3,2004,0.87
14,3,2005,0.89
14,3,2006,0.94
14,3,2007,1
14,3,2008,1.06
14,3,2009,1.1
14,3,2010,1.12
14,3,2011,1.12
14,3,2012,1.11
14,3,2013,1.1
14,3,2014,1.1
14,3,2015,1.12
14,3,2016,1.13
14,3,2017,1.16
14,3,2018,1.18
14,3,2019,1.21
14,3,2020,1.16
14,3,2021,1.06
14,3,2022,1.09
14,3,2023,1.1
15,3,1980,3.71
15,3,1981,3.73
15,3,1982,3.79
15,3,1983,3.88
15,3,1984,3.97
15,3,1985,4.05
15,3,1986,4.2
15,3,1987,4.34
15,3,1988,4.46
15,3,1989,4.55
15,3,1990,4.65
15,3,1991,4.83
15,3,1992,4.91
15,3,1993,5.03
15,3,1994,5.13
15,3,1995,5.25
15,3,1996,5.32
15,3,1997,5.39
15,3,1998,5.53
15,3,1999,5.53
15,3,2000,5.55
15,3,2001,5.58
15,3,2002,5.54
15,3,2003,5.53
15,3,2004,5.67
15,3,2005,5.87
15,3,2006,5.88
15,3,2007,5.97
15,3,2008,6.23
15,3,2009,6.21
15,3,2010,6.23
15,3,2011,6.33
15,3,2012,6.37
15,3,2013,6.04
15,3,2014,6.22
15,3,2015,6.83
15,3,2016,6.93
15,3,2017,7.01
15,3,2018,6.5
15,3,2019,6.64
15,3,2020,6.83
15,3,2021,7.2
15,3,2022,6.88
15,3,2023,7.16
16,3,1980,1.15
16,3,1981,1.15
16,3,1982,1.19
16,3,1983,1.26
16,3,1984,1.33
16,3,1985,1.38
16,3,1986,1.43
16,3,1987,1.44
16,3,1988,1.44
16,3,1989,1.44
16,3,1990,1.43
16,3,1991,1.44
16,3,1992,1.45
16,3,1993,1.46
16,3,1994,1.45
16,3,1995,1.47
16,3,1996,1.52
16,3,1997,1.57
16,3,1998,1.62
16,3,1999,1.67
16,3,2000,1.73
16,3,2001,1.79
16,3,2002,1.86
16,3,2003,1.91
16,3,2004,1.97
16,3,2005,2.06
16,3,2006,2.16
16,3,2007,2.21
16,3,2008,2.29
16,3,2009,2.4
16,3,2010,2.5
16,3,2011,2.56
16,3,2012,2.66
16,3,2013,2.74
16,3,2014,2.87
16,3,2015,2.76
16,3,2016,3.04
16,3,2017,3.19
16,3,2018,3.23
16,3,2019,3.21
16,3,2020,3.08
16,3,2021,3.46
16,3,2022,3.61
16,3,2023,3.24
17,3,1980,1.55
17,3,1981,1.54
17,3,1982,1.62
17,3,1983,1.71
17,3,1984,1.79
17,3,1985,1.9
17,3,1986,2.01
17,3,1987,2.12
17,3,1988,2.31
17,3,1989,2.4
17,3,1990,2.55
17,3,1991,2.51
17,3,1992,2.41
17,3,1993,2.46
17,3,1994,2.58
17,3,1995,2.76
17,3,1996,3.07
17,3,1997,3.08
17,3,1998,3.14
17,3,1999,3.07
17,3,2000,2.95
17,3,2001,2.9
17,3,2002,2.78
17,3,2003,2.64
17,3,2004,2.74
17,3,2005,2.53
17,3,2006,2.58
17,3,2007,2.68
17,3,2008,2.64
17,3,2009,2.77
17,3,2010,2.83
17,3,2011,2.81
17,3,2012,2.79
17,3,2013,2.79
17,3,2014,2.81
17,3,2015,2.8
17,3,2016,2.8
17,3,2017,2.85
17,3,2018,2.89
17,3,2019,2.81
17,3,2020,2.83
17,3,2021,2.68
17,3,2022,3.61
17,3,2023,4.06
18,3,1980,18.52
18,3,1981,18.38
18,3,1982,18.03
18,3,1983,17.33
18,3,1984,15.98
18,3,1985,14.79
18,3,1986,14.29
18,3,1987,14.68
18,3,1988,15.44
18,3,1989,16.52
18,3,1990,17.46
18,3,1991,18.39
18,3,1992,19.53
18,3,1993,21.25
18,3,1994,23.7
18,3,1995,25.91
18,3,1996,24.89
18,3,1997,21.06
18,3,1998,19.69
18,3,1999,22.58
18,3,2000,24.86
18,3,2001,26.34
18,3,2002,26.33
18,3,2003,25.86
18,3,2004,24.88
18,3,2005,23.42
18,3,2006,21.77
18,3,2007,20.77
18,3,2008,18.81
18,3,2009,17.26
18,3,2010,16.44
18,3,2011,15.38
18,3,2012,14.66
18,3,2013,13.9
18,3,2014,13.68
18,3,2015,13.82
18,3,2016,14.05
18,3,2017,13.99
18,3,2018,13.77
18,3,2019,13.99
18,3,2020,13.69
18,3,2021,13.67
18,3,2022,14.07
18,3,2023,13.92
19,3,1980,2.62
19,3,1981,2.66
19,3,1982,2.69
19,3,1983,2.77
19,3,1984,2.84
19,3,1985,2.94
19,3,1986,3.04
19,3,1987,3.16
19,3,1988,3.25
19,3,1989,3.35
19,3,1990,3.48
19,3,1991,3.55
19,3,1992,3.69
19,3,1993,3.83
19,3,1994,3.87
19,3,1995,3.9
19,3,1996,3.92
19,3,1997,3.88
19,3,1998,3.89
19,3,1999,3.74
19,3,2000,3.75
19,3,2001,3.66
19,3,2002,3.44
19,3,2003,3.48
19,3,2004,3.16
19,3,2005,3.28
19,3,2006,3.27
19,3,2007,3.39
19,3,2008,3.42
19,3,2009,3.62
19,3,2010,3.74
19,3,2011,4.18
19,3,2012,4.45
19,3,2013,4.63
19,3,2014,4.68
19,3,2015,4.86
19,3,2016,5.05
19,3,2017,5.1
19,3,2018,5.16
19,3,2019,5.23
19,3,2020,5.39
19,3,2021,5.33
19,3,2022,5.17
19,3,2023,5.2
20,3,1980,7.04
20,3,1981,7.04
20,3,1982,7.06
20,3,1983,7.08
20,3,1984,7.11
20,3,1985,7.17
20,3,1986,7.26
20,3,1987,7.38
20,3,1988,7.47
20,3,1989,7.58
20,3,1990,7.73
20,3,1991,7.91
20,3,1992,8.08
20,3,1993,8.26
20,3,1994,8.5
20,3,1995,8.74
20,3,1996,9.01
20,3,1997,9.36
20,3,1998,9.73
20,3,1999,9.94
20,3,2000,10.15
20,3,2001,10.32
20,3,2002,10.54
20,3,2003,10.62
20,3,2004,10.7
20,3,2005,10.71
20,3,2006,10.78
20,3,2007,10.72
20,3,2008,10.61
20,3,2009,10.63
20,3,2010,10.83
20,3,2011,10.74
20,3,2012,10.8
20,3,2013,9.86
20,3,2014,9.95
20,3,2015,9.89
20,3,2016,9.88
20,3,2017,9.72
20,3,2018,9.65
20,3,2019,9.6
20,3,2020,9.56
20,3,2021,9.24
20,3,2022,9.28
20,3,2023,9.54
22,3,1980,1
22,3,1981,0.98
22,3,1982,1
22,3,1983,1.01
22,3,1984,1.02
22,3,1985,0.99
22,3,1986,0.98
22,3,1987,0.99
22,3,1988,1
22,3,1989,1
22,3,1990,1
22,3,1991,1
22,3,1992,1.01
22,3,1993,1.01
22,3,1994,1.02
22,3,1995,1.02
22,3,1996,1.01
22,3,1997,0.99
22,3,1998,1
22,3,1999,0.98
22,3,2000,0.95
22,3,2001,0.96
22,3,2002,0.94
22,3,2003,0.99
22,3,2004,1.05
22,3,2005,1.09
22,3,2006,1.2
22,3,2007,1.25
22,3,2008,1.26
22,3,2009,1.28
22,3,2010,1.28
22,3,2011,1.29
22,3,2012,1.26
22,3,2013,1.37
22,3,2014,1.38
22,3,2015,1.28
22,3,2016,1.3
22,3,2017,1.31
22,3,2018,1.33
22,3,2019,1.32
22,3,2020,1.32
22,3,2021,1.32
22,3,2022,1.37
22,3,2023,1.42
23,3,1980,0.5
23,3,1981,0.48
23,3,1982,0.48
23,3,1983,0.47
23,3,1984,0.46
23,3,1985,0.46
23,3,1986,0.45
23,3,1987,0.46
23,3,1988,0.46
23,3,1989,0.45
23,3,1990,0.46
23,3,1991,0.45
23,3,1992,0.44
23,3,1993,0.44
23,3,1994,0.45
23,3,1995,0.45
23,3,1996,0.5
23,3,1997,0.56
23,3,1998,0.64
23,3,1999,0.75
23,3,2000,0.91
23,3,2001,1.11
23,3,2002,1.38
23,3,2003,1.61
23,3,2004,1.82
23,3,2005,2.01
23,3,2006,2.14
23,3,2007,2.27
23,3,2008,2.32
23,3,2009,2.45
23,3,2010,2.56
23,3,2011,2.61
23,3,2012,2.67
23,3,2013,2.75
23,3,2014,2.83
23,3,2015,2.98
23,3,2016,3.01
23,3,2017,3.06
23,3,2018,2.99
23,3,2019,2.94
23,3,2020,3.02
23,3,2021,3.21
23,3,2022,3.1
23,3,2023,3.1
24,3,1980,0.79
24,3,1981,0.77
24,3,1982,0.77
24,3,1983,0.73
24,3,1984,0.73
24,3,1985,0.72
24,3,1986,0.74
24,3,1987,0.75
24,3,1988,0.76
24,3,1989,0.77
24,3,1990,0.77
24,3,1991,0.78
24,3,1992,0.8
24,3,1993,0.82
24,3,1994,0.89
24,3,1995,0.89
24,3,1996,0.91
24,3,1997,0.91
24,3,1998,0.92
24,3,1999,0.93
24,3,2000,0.91
24,3,2001,0.9
24,3,2002,0.89
24,3,2003,0.89
24,3,2004,0.87
24,3,2005,0.87
24,3,2006,0.89
24,3,2007,0.89
24,3,2008,0.89
24,3,2009,0.92
24,3,2010,0.91
24,3,2011,0.92
24,3,2012,0.97
24,3,2013,0.94
24,3,2014,0.98
24,3,2015,0.95
24,3,2016,0.98
24,3,2017,0.99
24,3,2018,1
24,3,2019,1.02
24,3,2020,1.07
24,3,2021,1.16
24,3,2022,1.13
24,3,2023,1.16
25,3,1980,1.43
25,3,1981,1.42
25,3,1982,1.41
25,3,1983,1.4
25,3,1984,1.36
25,3,1985,1.33
25,3,1986,1.36
25,3,1987,1.35
25,3,1988,1.35
25,3,1989,1.34
25,3,1990,1.31
25,3,1991,1.31
25,3,1992,1.3
25,3,1993,1.3
25,3,1994,1.31
25,3,1995,1.35
25,3,1996,1.37
25,3,1997,1.38
25,3,1998,1.41
25,3,1999,1.38
25,3,2000,1.46
25,3,2001,1.53
25,3,2002,1.49
25,3,2003,1.49
25,3,2004,1.43
25,3,2005,1.44
25,3,2006,1.39
25,3,2007,1.41
25,3,2008,1.45
25,3,2009,1.52
25,3,2010,1.53
25,3,2011,1.53
25,3,2012,1.52
25,3,2013,1.54
25,3,2014,1.59
25,3,2015,1.64
25,3,2016,1.64
25,3,2017,1.64
25,3,2018,1.71
25,3,2019,1.64
25,3,2020,1.6
25,3,2021,1.68
25,3,2022,1.55
25,3,2023,1.57
26,3,1980,1.39
26,3,1981,1.39
26,3,1982,1.37
26,3,1983,1.38
26,3,1984,1.37
26,3,1985,1.37
26,3,1986,1.38
26,3,1987,1.38
26,3,1988,1.38
26,3,1989,1.38
26,3,1990,1.38
26,3,1991,1.39
26,3,1992,1.41
26,3,1993,1.43
26,3,1994,1.46
26,3,1995,1.48
26,3,1996,1.52
26,3,1997,1.52
26,3,1998,1.54
26,3,1999,1.55
26,3,2000,1.54
26,3,2001,1.51
26,3,2002,1.51
26,3,2003,1.52
26,3,2004,1.53
26,3,2005,1.59
26,3,2006,1.63
26,3,2007,1.74
26,3,2008,1.78
26,3,2009,1.79
26,3,2010,1.91
26,3,2011,1.99
26,3,2012,2.01
26,3,2013,1.94
26,3,2014,1.97
26,3,2015,2.05
26,3,2016,2.01
26,3,2017,2.03
26,3,2018,2.03
26,3,2019,2.1
26,3,2020,2.06
26,3,2021,2.05
26,3,2022,2.1
26,3,2023,2.11
27,3,1980,0.99
27,3,1981,0.99
27,3,1982,0.99
27,3,1983,1
27,3,1984,1
27,3,1985,1.01
27,3,1986,1.03
27,3,1987,1.02
27,3,1988,1.02
27,3,1989,1.02
27,3,1990,1.02
27,3,1991,1.03
27,3,1992,1.03
27,3,1993,1.05
27,3,1994,1.07
27,3,1995,1.09
27,3,1996,1.12
27,3,1997,1.16
27,3,1998,1.19
27,3,1999,1.2
27,3,2000,1.21
27,3,2001,1.24
27,3,2002,1.25
27,3,2003,1.27
27,3,2004,1.3
27,3,2005,1.3
27,3,2006,1.33
27,3,2007,1.37
27,3,2008,1.38
27,3,2009,1.39
27,3,2010,1.39
27,3,2011,1.38
27,3,2012,1.26
27,3,2013,1.27
27,3,2014,1.3
27,3,2015,1.36
27,3,2016,1.34
27,3,2017,1.32
27,3,2018,1.3
27,3,2019,1.31
27,3,2020,1.28
27,3,2021,1.35
27,3,2022,1.31
27,3,2023,1.33
28,3,1980,0.95
28,3,1981,0.95
28,3,1982,0.93
28,3,1983,0.93
28,3,1984,0.92
28,3,1985,0.92
28,3,1986,0.93
28,3,1987,0.93
28,3,1988,0.92
28,3,1989,0.93
28,3,1990,0.93
28,3,1991,0.96
28,3,1992,0.96
28,3,1993,0.99
28,3,1994,1.01
28,3,1995,1.03
28,3,1996,1.06
28,3,1997,1.09
28,3,1998,1.11
28,3,1999,1.1
28,3,2000,1.11
28,3,2001,1.1
28,3,2002,1.1
28,3,2003,1.1
28,3,2004,1.1
28,3,2005,1.11
28,3,2006,1.13
28,3,2007,1.13
28,3,2008,1.1
28,3,2009,1.17
28,3,2010,1.17
28,3,2011,1.26
28,3,2012,1.3
28,3,2013,1.33
28,3,2014,1.39
28,3,2015,1.39
28,3,2016,1.37
28,3,2017,1.39
28,3,2018,1.34
28,3,2019,1.37
28,3,2020,1.4
28,3,2021,1.44
28,3,2022,1.48
28,3,2023,1.5
29,3,1980,0.88
29,3,1981,0.89
29,3,1982,0.89
29,3,1983,0.9
29,3,1984,0.9
29,3,1985,0.91
29,3,1986,0.93
29,3,1987,0.95
29,3,1988,0.95
29,3,1989,0.96
29,3,1990,0.98
29,3,1991,1.02
29,3,1992,1.07
29,3,1993,1.12
29,3,1994,1.14
29,3,1995,1.16
29,3,1996,1.16
29,3,1997,1.17
29,3,1998,1.18
29,3,1999,1.17
29,3,2000,1.16
29,3,2001,1.31
29,3,2002,1.45
29,3,2003,1.46
29,3,2004,1.25
29,3,2005,1.24
29,3,2006,1.17
29,3,2007,1.25
29,3,2008,1.17
29,3,2009,1.31
29,3,2010,1.12
29,3,2011,1.3
29,3,2012,1.16
29,3,2013,1.1
29,3,2014,1.1
29,3,2015,1.11
29,3,2016,1.13
29,3,2017,1.14
29,3,2018,1.11
29,3,2019,1.1
29,3,2020,1.12
29,3,2021,1.19
29,3,2022,1.13
29,3,2023,1.14
30,3,1980,0.82
30,3,1981,0.81
30,3,1982,0.82
30,3,1983,0.77
30,3,1984,0.75
30,3,1985,0.75
30,3,1986,0.75
30,3,1987,0.75
30,3,1988,0.75
30,3,1989,0.74
30,3,1990,0.75
30,3,1991,0.8
30,3,1992,0.85
30,3,1993,0.87
30,3,1994,0.93
30,3,1995,0.93
30,3,1996,0.97
30,3,1997,0.99
30,3,1998,1
30,3,1999,1.02
30,3,2000,0.99
30,3,2001,1
30,3,2002,0.95
30,3,2003,0.91
30,3,2004,0.93
30,3,2005,0.97
30,3,2006,1.01
30,3,2007,1.06
30,3,2008,1.07
30,3,2009,1.06
30,3,2010,1.07
30,3,2011,1.08
30,3,2012,1.08
30,3,2013,1.09
30,3,2014,1.09
30,3,2015,1.1
30,3,2016,1.11
30,3,2017,1.12
30,3,2018,1.13
30,3,2019,1.13
30,3,2020,1.15
30,3,2021,1.18
30,3,2022,1.18
30,3,2023,1.2
33,3,1980,2.04
33,3,1981,1.98
33,3,1982,1.94
33,3,1983,1.94
33,3,1984,1.94
33,3,1985,1.93
33,3,1986,1.98
33,3,1987,2.04
33,3,1988,2.13
33,3,1989,2.09
33,3,1990,2.13
33,3,1991,2.21
33,3,1992,2.14
33,3,1993,1.95
33,3,1994,1.86
33,3,1995,1.86
33,3,1996,1.76
33,3,1997,1.56
33,3,1998,1.41
33,3,1999,1.29
33,3,2000,1.18
33,3,2001,1.1
33,3,2002,1.01
33,3,2003,0.97
33,3,2004,0.93
33,3,2005,0.9
33,3,2006,0.89
33,3,2007,0.95
33,3,2008,0.93
33,3,2009,0.82
33,3,2010,0.67
33,3,2011,0.61
33,3,2012,0.7
33,3,2013,0.7
33,3,2014,0.68
33,3,2015,0.69
33,3,2016,0.63
33,3,2017,0.63
33,3,2018,0.65
33,3,2019,0.61
33,3,2020,0.55
33,3,2021,0.56
33,3,2022,0.53
33,3,2023,0.53
34,3,1980,0.68
34,3,1981,0.65
34,3,1982,0.63
34,3,1983,0.63
34,3,1984,0.62
34,3,1985,0.62
34,3,1986,0.62
34,3,1987,0.63
34,3,1988,0.63
34,3,1989,0.64
34,3,1990,0.64
34,3,1991,0.63
34,3,1992,0.59
34,3,1993,0.59
34,3,1994,0.58
34,3,1995,0.61
34,3,1996,0.61
34,3,1997,0.58
34,3,1998,0.55
34,3,1999,0.52
34,3,2000,0.5
34,3,2001,0.49
34,3,2002,0.49
34,3,2003,0.49
34,3,2004,0.48
34,3,2005,0.49
34,3,2006,0.5
34,3,2007,0.49
34,3,2008,0.49
34,3,2009,0.49
34,3,2010,0.49
34,3,2011,0.48
34,3,2012,0.49
34,3,2013,0.47
34,3,2014,0.46
34,3,2015,0.53
34,3,2016,0.53
34,3,2017,0.53
34,3,2018,0.54
34,3,2019,0.58
34,3,2020,0.6
34,3,2021,0.59
34,3,2022,0.6
34,3,2023,0.66
35,3,1980,0.81
35,3,1981,0.79
35,3,1982,0.75
35,3,1983,0.75
35,3,1984,0.74
35,3,1985,0.73
35,3,1986,0.72
35,3,1987,0.72
35,3,1988,0.75
35,3,1989,0.78
35,3,1990,0.82
35,3,1991,0.82
35,3,1992,0.77
35,3,1993,0.75
35,3,1994,0.72
35,3,1995,0.71
35,3,1996,0.69
35,3,1997,0.66
35,3,1998,0.66
35,3,1999,0.66
35,3,2000,0.64
35,3,2001,0.67
35,3,2002,0.96
35,3,2003,1.22
35,3,2004,1.27
35,3,2005,1.3
35,3,2006,1.66
35,3,2007,1.81
35,3,2008,1.76
35,3,2009,1.64
35,3,2010,1.58
35,3,2011,1.36
35,3,2012,1.31
35,3,2013,1.21
35,3,2014,1.19
35,3,2015,1.13
35,3,2016,1.09
35,3,2017,1.11
35,3,2018,1.15
35,3,2019,1.18
35,3,2020,1.07
35,3,2021,1.14
35,3,2022,1.17
35,3,2023,1.14
36,3,1980,1.33
36,3,1981,1.33
36,3,1982,1.34
36,3,1983,1.37
36,3,1984,1.31
36,3,1985,1.26
36,3,1986,1.26
36,3,1987,1.25
36,3,1988,1.33
36,3,1989,1.4
36,3,1990,1.49
36,3,1991,1.59
36,3,1992,1.49
36,3,1993,1.39
36,3,1994,1.22
36,3,1995,1.12
36,3,1996,0.97
36,3,1997,0.87
36,3,1998,0.76
36,3,1999,0.71
36,3,2000,0.67
36,3,2001,0.69
36,3,2002,0.7
36,3,2003,0.72
36,3,2004,0.81
36,3,2005,0.92
36,3,2006,1.07
36,3,2007,1.03
36,3,2008,0.88
36,3,2009,0.77
36,3,2010,0.72
36,3,2011,0.68
36,3,2012,0.68
36,3,2013,0.68
36,3,2014,0.67
36,3,2015,0.67
36,3,2016,0.61
36,3,2017,0.55
36,3,2018,0.58
36,3,2019,0.61
36,3,2020,0.58
36,3,2021,0.56
36,3,2022,0.55
36,3,2023,0.57
37,3,1980,1.56
37,3,1981,1.54
37,3,1982,1.51
37,3,1983,1.51
37,3,1984,1.48
37,3,1985,1.45
37,3,1986,1.44
37,3,1987,1.44
37,3,1988,1.48
37,3,1989,1.49
37,3,1990,1.54
37,3,1991,1.58
37,3,1992,1.61
37,3,1993,1.62
37,3,1994,1.61
37,3,1995,1.57
37,3,1996,1.48
37,3,1997,1.44
37,3,1998,1.33
37,3,1999,1.26
37,3,2000,1.22
37,3,2001,1.4
37,3,2002,1.62
37,3,2003,1.72
37,3,2004,1.78
37,3,2005,1.79
37,3,2006,2.17
37,3,2007,2.3
37,3,2008,2.07
37,3,2009,1.76
37,3,2010,1.49
37,3,2011,1.39
37,3,2012,1.49
37,3,2013,1.52
37,3,2014,1.3
37,3,2015,1.18
37,3,2016,1.06
37,3,2017,1.06
37,3,2018,0.97
37,3,2019,0.94
37,3,2020,0.8
37,3,2021,0.78
37,3,2022,0.83
37,3,2023,0.91
38,3,1980,2.59
38,3,1981,2.72
38,3,1982,2.85
38,3,1983,2.93
38,3,1984,2.95
38,3,1985,3.03
38,3,1986,3.13
38,3,1987,3.23
38,3,1988,3.3
38,3,1989,3.57
38,3,1990,3.79
38,3,1991,3.74
38,3,1992,3.8
38,3,1993,3.75
38,3,1994,3.82
38,3,1995,3.91
38,3,1996,3.88
38,3,1997,3.92
38,3,1998,3.98
38,3,1999,3.98
38,3,2000,3.96
38,3,2001,4.06
38,3,2002,4.18
38,3,2003,4.39
38,3,2004,4.54
38,3,2005,4.64
38,3,2006,4.48
38,3,2007,4.27
38,3,2008,4.23
38,3,2009,4.36
38,3,2010,4.33
38,3,2011,4.35
38,3,2012,4.38
38,3,2013,4.57
38,3,2014,4.25
38,3,2015,3.94
38,3,2016,3.69
38,3,2017,3.58
38,3,2018,3.54
38,3,2019,3.25
38,3,2020,3.03
38,3,2021,3.19
38,3,2022,3.29
38,3,2023,3.22
39,3,1980,2.82
39,3,1981,2.8
39,3,1982,2.75
39,3,1983,2.71
39,3,1984,2.62
39,3,1985,2.57
39,3,1986,2.52
39,3,1987,2.51
39,3,1988,2.55
39,3,1989,2.58
39,3,1990,2.73
39,3,1991,2.92
39,3,1992,2.82
39,3,1993,2.88
39,3,1994,2.74
39,3,1995,2.7
39,3,1996,2.34
39,3,1997,2.03
39,3,1998,1.69
39,3,1999,1.39
39,3,2000,1.13
39,3,2001,0.9
39,3,2002,0.75
39,3,2003,0.65
39,3,2004,0.59
39,3,2005,0.53
39,3,2006,0.48
39,3,2007,0.45
39,3,2008,0.43
39,3,2009,0.41
39,3,2010,0.39
39,3,2011,0.38
39,3,2012,0.38
39,3,2013,0.36
39,3,2014,0.36
39,3,2015,0.4
39,3,2016,0.4
39,3,2017,0.41
39,3,2018,0.41
39,3,2019,0.41
39,3,2020,0.34
39,3,2021,0.35
39,3,2022,0.4
39,3,2023,0.41
40,3,1980,2.88
40,3,1981,2.84
40,3,1982,2.82
40,3,1983,2.87
40,3,1984,2.82
40,3,1985,2.84
40,3,1986,2.88
40,3,1987,2.94
40,3,1988,2.97
40,3,1989,2.93
40,3,1990,2.98
40,3,1991,3.05
40,3,1992,2.82
40,3,1993,2.61
40,3,1994,2.58
40,3,1995,2.48
40,3,1996,1.77
40,3,1997,1.28
40,3,1998,1.19
40,3,1999,1.2
40,3,2000,1.13
40,3,2001,1.07
40,3,2002,1.15
40,3,2003,1.11
40,3,2004,1.18
40,3,2005,1.22
40,3,2006,1.22
40,3,2007,1.08
40,3,2008,0.91
40,3,2009,0.8
40,3,2010,0.71
40,3,2011,0.63
40,3,2012,0.55
40,3,2013,0.49
40,3,2014,0.45
40,3,2015,0.46
40,3,2016,0.48
40,3,2017,0.46
40,3,2018,0.44
40,3,2019,0.43
40,3,2020,0.42
40,3,2021,0.4
40,3,2022,0.39
40,3,2023,0.37
41,3,1980,0.55
41,3,1981,0.56
41,3,1982,0.56
41,3,1983,0.58
41,3,1984,0.57
41,3,1985,0.56
41,3,1986,0.55
41,3,1987,0.55
41,3,1988,0.56
41,3,1989,0.56
41,3,1990,0.56
41,3,1991,0.55
41,3,1992,0.55
41,3,1993,0.54
41,3,1994,0.54
41,3,1995,0.54
41,3,1996,0.53
41,3,1997,0.51
41,3,1998,0.47
41,3,1999,0.45
41,3,2000,0.43
41,3,2001,0.44
41,3,2002,0.42
41,3,2003,0.41
41,3,2004,0.42
41,3,2005,0.4
41,3,2006,0.42
41,3,2007,0.41
41,3,2008,0.41
41,3,2009,0.4
41,3,2010,0.35
41,3,2011,0.33
41,3,2012,0.34
41,3,2013,0.37
41,3,2014,0.37
41,3,2015,0.41
41,3,2016,0.44
41,3,2017,0.51
41,3,2018,0.56
41,3,2019,0.54
41,3,2020,0.5
41,3,2021,0.45
41,3,2022,0.46
41,3,2023,0.45
43,3,1980,0.55
43,3,1981,0.55
43,3,1982,0.57
43,3,1983,0.57
43,3,1984,0.57
43,3,1985,0.58
43,3,1986,0.6
43,3,1987,0.61
43,3,1988,0.64
43,3,1989,0.64
43,3,1990,0.69
43,3,1991,0.7
43,3,1992,0.72
43,3,1993,0.71
43,3,1994,0.72
43,3,1995,0.69
43,3,1996,0.7
43,3,1997,0.67
43,3,1998,0.65
43,3,1999,0.67
43,3,2000,0.69
43,3,2001,0.72
43,3,2002,0.74
43,3,2003,0.76
43,3,2004,0.75
43,3,2005,0.75
43,3,2006,0.74
43,3,2007,0.73
43,3,2008,0.71
43,3,2009,0.7
43,3,2010,0.68
43,3,2011,0.65
43,3,2012,0.65
43,3,2013,0.65
43,3,2014,0.65
43,3,2015,0.66
43,3,2016,0.65
43,3,2017,0.65
43,3,2018,0.65
43,3,2019,0.66
43,3,2020,0.67
43,3,2021,0.67
43,3,2022,0.67
43,3,2023,0.62
44,3,1980,0.82
44,3,1981,0.8
44,3,1982,0.79
44,3,1983,0.75
44,3,1984,0.71
44,3,1985,0.7
44,3,1986,0.66
44,3,1987,0.64
44,3,1988,0.65
44,3,1989,0.66
44,3,1990,0.69
44,3,1991,0.66
44,3,1992,0.67
44,3,1993,0.68
44,3,1994,0.67
44,3,1995,0.64
44,3,1996,0.63
44,3,1997,0.6
44,3,1998,0.6
44,3,1999,0.61
44,3,2000,0.61
44,3,2001,0.59
44,3,2002,0.62
44,3,2003,0.59
44,3,2004,0.61
44,3,2005,0.57
44,3,2006,0.59
44,3,2007,0.58
44,3,2008,0.58
44,3,2009,0.61
44,3,2010,0.59
44,3,2011,0.59
44,3,2012,0.57
44,3,2013,0.57
44,3,2014,0.57
44,3,2015,0.54
44,3,2016,0.53
44,3,2017,0.54
44,3,2018,0.51
44,3,2019,0.51
44,3,2020,0.49
44,3,2021,0.46
44,3,2022,0.47
44,3,2023,0.44
45,3,1980,0.83
45,3,1981,0.85
45,3,1982,0.86
45,3,1983,0.86
45,3,1984,0.87
45,3,1985,0.87
45,3,1986,0.87
45,3,1987,0.92
45,3,1988,0.98
45,3,1989,1.06
45,3,1990,1.13
45,3,1991,1.02
45,3,1992,1
45,3,1993,0.97
45,3,1994,1.14
45,3,1995,1.16
45,3,1996,1.08
45,3,1997,0.96
45,3,1998,0.97
45,3,1999,0.97
45,3,2000,0.98
45,3,2001,0.98
45,3,2002,0.97
45,3,2003,0.97
45,3,2004,0.98
45,3,2005,1.09
45,3,2006,1.25
45,3,2007,1.43
45,3,2008,1.34
45,3,2009,1.16
45,3,2010,1.04
45,3,2011,0.96
45,3,2012,0.96
45,3,2013,0.96
45,3,2014,0.94
45,3,2015,0.98
45,3,2016,0.97
45,3,2017,0.93
45,3,2018,0.95
45,3,2019,1.01
45,3,2020,0.95
45,3,2021,1
45,3,2022,0.99
45,3,2023,0.91
46,3,1980,1.07
46,3,1981,1.09
46,3,1982,1.11
46,3,1983,1.12
46,3,1984,1.14
46,3,1985,1.16
46,3,1986,1.07
46,3,1987,1.01
46,3,1988,1.09
46,3,1989,1.15
46,3,1990,1.21
46,3,1991,1.1
46,3,1992,1.01
46,3,1993,0.96
46,3,1994,1.13
46,3,1995,1.43
46,3,1996,1.44
46,3,1997,1.37
46,3,1998,1.37
46,3,1999,1.28
46,3,2000,1.31
46,3,2001,1.28
46,3,2002,1.38
46,3,2003,1.36
46,3,2004,1.41
46,3,2005,1.47
46,3,2006,1.56
46,3,2007,1.86
46,3,2008,1.81
46,3,2009,1.62
46,3,2010,1.47
46,3,2011,1.4
46,3,2012,1.29
46,3,2013,1.17
46,3,2014,1.15
46,3,2015,1.19
46,3,2016,1.1
46,3,2017,1.07
46,3,2018,1.07
46,3,2019,1.07
46,3,2020,1.06
46,3,2021,1.19
46,3,2022,1.19
46,3,2023,1.14
47,3,1980,0.49
47,3,1981,0.49
47,3,1982,0.49
47,3,1983,0.48
47,3,1984,0.47
47,3,1985,0.46
47,3,1986,0.45
47,3,1987,0.44
47,3,1988,0.49
47,3,1989,0.55
47,3,1990,0.6
47,3,1991,0.61
47,3,1992,0.6
47,3,1993,0.67
47,3,1994,1.18
47,3,1995,1.31
47,3,1996,1.32
47,3,1997,1.32
47,3,1998,1.28
47,3,1999,1.21
47,3,2000,1.17
47,3,2001,1.15
47,3,2002,1.21
47,3,2003,1.16
47,3,2004,1.1
47,3,2005,1.09
47,3,2006,1.08
47,3,2007,1.09
47,3,2008,1.09
47,3,2009,1.01
47,3,2010,0.91
47,3,2011,0.86
47,3,2012,0.82
47,3,2013,0.78
47,3,2014,0.82
47,3,2015,0.81
47,3,2016,0.74
47,3,2017,0.71
47,3,2018,0.74
47,3,2019,0.77
47,3,2020,0.74
47,3,2021,0.76
47,3,2022,0.78
47,3,2023,0.76
48,3,1980,2.15
48,3,1981,2.15
48,3,1982,2.18
48,3,1983,2.11
48,3,1984,2.14
48,3,1985,2
48,3,1986,1.86
48,3,1987,1.77
48,3,1988,1.92
48,3,1989,1.95
48,3,1990,2
48,3,1991,1.78
48,3,1992,1.59
48,3,1993,1.4
48,3,1994,1.45
48,3,1995,1.44
48,3,1996,1.37
48,3,1997,1.35
48,3,1998,1.3
48,3,1999,1.13
48,3,2000,1.07
48,3,2001,1.1
48,3,2002,1.1
48,3,2003,1.15
48,3,2004,1.14
48,3,2005,1.31
48,3,2006,1.36
48,3,2007,1.32
48,3,2008,1.27
48,3,2009,1.12
48,3,2010,0.99
48,3,2011,0.93
48,3,2012,0.87
48,3,2013,0.87
48,3,2014,0.84
48,3,2015,0.82
48,3,2016,0.82
48,3,2017,0.79
48,3,2018,0.8
48,3,2019,0.84
48,3,2020,0.8
48,3,2021,0.79
48,3,2022,0.7
48,3,2023,0.67
49,3,1980,0.37
49,3,1981,0.37
49,3,1982,0.38
49,3,1983,0.37
49,3,1984,0.39
49,3,1985,0.4
49,3,1986,0.4
49,3,1987,0.4
49,3,1988,0.4
49,3,1989,0.41
49,3,1990,0.41
49,3,1991,0.41
49,3,1992,0.41
49,3,1993,0.41
49,3,1994,0.41
49,3,1995,0.41
49,3,1996,0.41
49,3,1997,0.41
49,3,1998,0.4
49,3,1999,0.4
49,3,2000,0.4
49,3,2001,0.4
49,3,2002,0.38
49,3,2003,0.38
49,3,2004,0.4
49,3,2005,0.41
49,3,2006,0.4
49,3,2007,0.4
49,3,2008,0.4
49,3,2009,0.41
49,3,2010,0.4
49,3,2011,0.4
49,3,2012,0.38
49,3,2013,0.38
49,3,2014,0.37
49,3,2015,0.37
49,3,2016,0.37
49,3,2017,0.38
49,3,2018,0.38
49,3,2019,0.41
49,3,2020,0.38
49,3,2021,0.37
49,3,2022,0.39
49,3,2023,0.36
50,3,1980,0.92
50,3,1981,0.99
50,3,1982,1.02
50,3,1983,1.04
50,3,1984,1.07
50,3,1985,1.09
50,3,1986,1.11
50,3,1987,1.11
50,3,1988,1.11
50,3,1989,1.1
50,3,1990,1.05
50,3,1991,0.96
50,3,1992,0.96
50,3,1993,0.99
50,3,1994,1.01
50,3,1995,0.98
50,3,1996,0.98
50,3,1997,0.95
50,3,1998,0.9
50,3,1999,0.82
50,3,2000,0.82
50,3,2001,0.87
50,3,2002,0.93
50,3,2003,0.9
50,3,2004,0.92
50,3,2005,0.86
50,3,2006,0.86
50,3,2007,0.87
50,3,2008,0.91
50,3,2009,0.92
50,3,2010,0.92
50,3,2011,0.91
50,3,2012,0.86
50,3,2013,0.85
50,3,2014,0.83
50,3,2015,0.88
50,3,2016,0.85
50,3,2017,0.86
50,3,2018,0.83
50,3,2019,0.82
50,3,2020,0.82
50,3,2021,0.8
50,3,2022,0.84
50,3,2023,0.83
51,3,1980,1.09
51,3,1981,1.11
51,3,1982,1.12
51,3,1983,1.17
51,3,1984,1.19
51,3,1985,1.18
51,3,1986,1.13
51,3,1987,1.15
51,3,1988,1.34
51,3,1989,1.65
51,3,1990,1.74
51,3,1991,1.82
51,3,1992,1.65
51,3,1993,1.57
51,3,1994,1.57
51,3,1995,1.61
51,3,1996,1.62
51,3,1997,1.5
51,3,1998,1.2
51,3,1999,1.06
51,3,2000,0.98
51,3,2001,0.85
51,3,2002,0.8
51,3,2003,0.79
51,3,2004,0.81
51,3,2005,0.79
51,3,2006,0.79
51,3,2007,0.86
51,3,2008,0.98
51,3,2009,0.99
51,3,2010,1.01
51,3,2011,1.06
51,3,2012,1.02
51,3,2013,1.03
51,3,2014,0.98
51,3,2015,0.94
51,3,2016,1.05
51,3,2017,0.98
51,3,2018,1.04
51,3,2019,1.11
51,3,2020,1.08
51,3,2021,0.9
51,3,2022,0.75
51,3,2023,0.7
52,3,1980,1.1
52,3,1981,1.14
52,3,1982,1.14
52,3,1983,1.14
52,3,1984,1.14
52,3,1985,1.15
52,3,1986,1.19
52,3,1987,1.19
52,3,1988,1.24
52,3,1989,1.23
52,3,1990,1.44
52,3,1991,1.36
52,3,1992,1.27
52,3,1993,1.22
52,3,1994,1.24
52,3,1995,1.21
52,3,1996,1.16
52,3,1997,1.08
52,3,1998,1.01
52,3,1999,0.91
52,3,2000,0.87
52,3,2001,0.87
52,3,2002,0.86
52,3,2003,0.88
52,3,2004,0.92
52,3,2005,0.98
52,3,2006,1.04
52,3,2007,1.15
52,3,2008,1.25
52,3,2009,1.22
52,3,2010,1.11
52,3,2011,1.04
52,3,2012,0.97
52,3,2013,0.92
52,3,2014,0.91
52,3,2015,0.91
52,3,2016,0.93
52,3,2017,0.9
52,3,2018,0.87
52,3,2019,0.85
52,3,2020,0.82
52,3,2021,0.75
52,3,2022,0.76
52,3,2023,0.76
53,3,1980,1.34
53,3,1981,1.37
53,3,1982,1.4
53,3,1983,1.38
53,3,1984,1.38
53,3,1985,1.36
53,3,1986,1.36
53,3,1987,1.35
53,3,1988,1.34
53,3,1989,1.32
53,3,1990,1.31
53,3,1991,1.26
53,3,1992,1.25
53,3,1993,1.23
53,3,1994,1.24
53,3,1995,1.2
53,3,1996,1.18
53,3,1997,1.15
53,3,1998,1.13
53,3,1999,1.07
53,3,2000,1.03
53,3,2001,1.01
53,3,2002,1
53,3,2003,0.98
53,3,2004,1
53,3,2005,1.02
53,3,2006,1.05
53,3,2007,1.07
53,3,2008,1.09
53,3,2009,1.07
53,3,2010,1.05
53,3,2011,1
53,3,2012,0.96
53,3,2013,0.92
53,3,2014,0.88
53,3,2015,0.85
53,3,2016,0.82
53,3,2017,0.79
53,3,2018,0.79
53,3,2019,0.81
53,3,2020,0.77
53,3,2021,0.76
53,3,2022,0.79
53,3,2023,0.75
54,3,1980,1.18
54,3,1981,1.2
54,3,1982,1.22
54,3,1983,1.24
54,3,1984,1.24
54,3,1985,1.23
54,3,1986,1.24
54,3,1987,1.24
54,3,1988,1.27
54,3,1989,1.28
54,3,1990,1.27
54,3,1991,1.22
54,3,1992,1.16
54,3,1993,1.09
54,3,1994,1.03
54,3,1995,0.97
54,3,1996,0.94
54,3,1997,0.91
54,3,1998,0.9
54,3,1999,0.88
54,3,2000,0.88
54,3,2001,0.86
54,3,2002,0.84
54,3,2003,0.83
54,3,2004,0.83
54,3,2005,0.83
54,3,2006,0.82
54,3,2007,0.81
54,3,2008,0.79
54,3,2009,0.78
54,3,2010,0.75
54,3,2011,0.71
54,3,2012,0.67
54,3,2013,0.66
54,3,2014,0.64
54,3,2015,0.62
54,3,2016,0.63
54,3,2017,0.61
54,3,2018,0.6
54,3,2019,0.6
54,3,2020,0.6
54,3,2021,0.6
54,3,2022,0.63
54,3,2023,0.6
55,3,1980,2.32
55,3,1981,2.33
55,3,1982,2.31
55,3,1983,2.31
55,3,1984,2.25
55,3,1985,2.19
55,3,1986,2.02
55,3,1987,1.87
55,3,1988,1.97
55,3,1989,1.97
55,3,1990,2.15
55,3,1991,2.09
55,3,1992,1.92
55,3,1993,1.78
55,3,1994,1.91
55,3,1995,1.98
55,3,1996,1.92
55,3,1997,1.85
55,3,1998,1.74
55,3,1999,1.7
55,3,2000,1.71
55,3,2001,1.6
55,3,2002,1.45
55,3,2003,1.41
55,3,2004,1.46
55,3,2005,1.54
55,3,2006,1.63
55,3,2007,1.65
55,3,2008,1.53
55,3,2009,1.32
55,3,2010,1.17
55,3,2011,1.2
55,3,2012,1.05
55,3,2013,0.95
55,3,2014,0.86
55,3,2015,0.91
55,3,2016,0.9
55,3,2017,0.87
55,3,2018,0.83
55,3,2019,0.83
55,3,2020,0.87
55,3,2021,0.85
55,3,2022,0.86
55,3,2023,0.85
57,3,1980,1.87
57,3,1981,1.91
57,3,1982,1.93
57,3,1983,1.96
57,3,1984,1.92
57,3,1985,1.83
57,3,1986,1.84
57,3,1987,1.78
57,3,1988,1.85
57,3,1989,1.93
57,3,1990,2.03
57,3,1991,2.05
57,3,1992,2.04
57,3,1993,1.99
57,3,1994,1.96
57,3,1995,1.91
57,3,1996,1.85
57,3,1997,1.82
57,3,1998,1.78
57,3,1999,1.71
57,3,2000,1.69
57,3,2001,1.58
57,3,2002,1.55
57,3,2003,1.48
57,3,2004,1.37
57,3,2005,1.28
57,3,2006,1.22
57,3,2007,1.16
57,3,2008,1.1
57,3,2009,0.94
57,3,2010,0.86
57,3,2011,0.85
57,3,2012,0.78
57,3,2013,0.7
57,3,2014,0.63
57,3,2015,0.6
57,3,2016,0.54
57,3,2017,0.5
57,3,2018,0.48
57,3,2019,0.47
57,3,2020,0.44
57,3,2021,0.42
57,3,2022,0.44
57,3,2023,0.47
58,3,1980,1.36
58,3,1981,1.36
58,3,1982,1.4
58,3,1983,1.42
58,3,1984,1.43
58,3,1985,1.4
58,3,1986,1.47
58,3,1987,1.49
58,3,1988,1.56
58,3,1989,1.6
58,3,1990,1.59
58,3,1991,1.55
58,3,1992,1.46
58,3,1993,1.31
58,3,1994,1.19
58,3,1995,0.99
58,3,1996,1.03
58,3,1997,0.9
58,3,1998,0.69
58,3,1999,0.62
58,3,2000,0.61
58,3,2001,0.64
58,3,2002,0.63
58,3,2003,0.64
58,3,2004,0.58
58,3,2005,0.56
58,3,2006,0.57
58,3,2007,0.57
58,3,2008,0.53
58,3,2009,0.46
58,3,2010,0.44
58,3,2011,0.45
58,3,2012,0.44
58,3,2013,0.45
58,3,2014,0.41
58,3,2015,0.35
58,3,2016,0.31
58,3,2017,0.28
58,3,2018,0.27
58,3,2019,0.25
58,3,2020,0.25
58,3,2021,0.23
58,3,2022,0.24
58,3,2023,0.24
59,3,1980,2.62
59,3,1981,2.66
59,3,1982,2.76
59,3,1983,2.75
59,3,1984,2.72
59,3,1985,2.66
59,3,1986,2.76
59,3,1987,2.8
59,3,1988,2.9
59,3,1989,2.98
59,3,1990,3
59,3,1991,2.91
59,3,1992,2.79
59,3,1993,2.48
59,3,1994,2.22
59,3,1995,2.04
59,3,1996,1.9
59,3,1997,1.67
59,3,1998,1.35
59,3,1999,1.23
59,3,2000,1.15
59,3,2001,1.13
59,3,2002,1.17
59,3,2003,1.15
59,3,2004,1.08
59,3,2005,0.98
59,3,2006,1.02
59,3,2007,1.03
59,3,2008,1.01
59,3,2009,0.87
59,3,2010,0.84
59,3,2011,0.83
59,3,2012,0.85
59,3,2013,0.85
59,3,2014,0.85
59,3,2015,0.79
59,3,2016,0.7
59,3,2017,0.6
59,3,2018,0.58
59,3,2019,0.57
59,3,2020,0.6
59,3,2021,0.62
59,3,2022,0.66
59,3,2023,0.65
60,3,1980,1.4
60,3,1981,1.43
60,3,1982,1.46
60,3,1983,1.49
60,3,1984,1.47
60,3,1985,1.4
60,3,1986,1.45
60,3,1987,1.43
60,3,1988,1.47
60,3,1989,1.48
60,3,1990,1.5
60,3,1991,1.44
60,3,1992,1.38
60,3,1993,1.27
60,3,1994,1.01
60,3,1995,0.99
60,3,1996,1.07
60,3,1997,1.05
60,3,1998,0.85
60,3,1999,0.77
60,3,2000,0.74
60,3,2001,0.77
60,3,2002,0.85
60,3,2003,0.89
60,3,2004,0.88
60,3,2005,0.93
60,3,2006,1.02
60,3,2007,1.03
60,3,2008,1.01
60,3,2009,0.86
60,3,2010,0.79
60,3,2011,0.79
60,3,2012,0.81
60,3,2013,0.76
60,3,2014,0.74
60,3,2015,0.66
60,3,2016,0.6
60,3,2017,0.57
60,3,2018,0.54
60,3,2019,0.55
60,3,2020,0.56
60,3,2021,0.5
60,3,2022,0.54
60,3,2023,0.53
61,3,1980,2.75
61,3,1981,2.83
61,3,1982,2.89
61,3,1983,2.92
61,3,1984,2.93
61,3,1985,2.85
61,3,1986,2.93
61,3,1987,2.92
61,3,1988,3.02
61,3,1989,3.14
61,3,1990,3.25
61,3,1991,3.18
61,3,1992,3.01
61,3,1993,2.42
61,3,1994,2.09
61,3,1995,1.92
61,3,1996,1.65
61,3,1997,1.45
61,3,1998,1.08
61,3,1999,0.94
61,3,2000,1.02
61,3,2001,1.08
61,3,2002,1.11
61,3,2003,1.15
61,3,2004,1.14
61,3,2005,1.07
61,3,2006,1.13
61,3,2007,1.2
61,3,2008,1.21
61,3,2009,1.18
61,3,2010,1.11
61,3,2011,1.17
61,3,2012,1.19
61,3,2013,1.2
61,3,2014,1.18
61,3,2015,1.12
61,3,2016,0.92
61,3,2017,0.87
61,3,2018,0.77
61,3,2019,0.74
61,3,2020,0.69
61,3,2021,0.64
61,3,2022,0.68
61,3,2023,0.66
62,3,1980,1.39
62,3,1981,1.41
62,3,1982,1.36
62,3,1983,1.38
62,3,1984,1.47
62,3,1985,1.54
62,3,1986,1.41
62,3,1987,1.35
62,3,1988,1.48
62,3,1989,1.63
62,3,1990,1.68
62,3,1991,1.68
62,3,1992,1.67
62,3,1993,1.64
62,3,1994,1.52
62,3,1995,1.37
62,3,1996,1.15
62,3,1997,1.05
62,3,1998,1.06
62,3,1999,1.16
62,3,2000,1.23
62,3,2001,1.33
62,3,2002,1.38
62,3,2003,1.41
62,3,2004,1.36
62,3,2005,1.3
62,3,2006,1.29
62,3,2007,1.32
62,3,2008,1.28
62,3,2009,1.18
62,3,2010,1.2
62,3,2011,1.28
62,3,2012,1.36
62,3,2013,1.44
62,3,2014,1.36
62,3,2015,1.12
62,3,2016,0.91
62,3,2017,0.81
62,3,2018,0.75
62,3,2019,0.72
62,3,2020,0.71
62,3,2021,0.68
62,3,2022,0.71
62,3,2023,0.72
63,3,1980,1.58
63,3,1981,1.64
63,3,1982,1.65
63,3,1983,1.68
63,3,1984,1.66
63,3,1985,1.57
63,3,1986,1.58
63,3,1987,1.55
63,3,1988,1.68
63,3,1989,1.82
63,3,1990,1.92
63,3,1991,1.93
63,3,1992,1.94
63,3,1993,1.92
63,3,1994,1.94
63,3,1995,1.88
63,3,1996,1.72
63,3,1997,1.53
63,3,1998,1.39
63,3,1999,1.3
63,3,2000,1.23
63,3,2001,1.21
63,3,2002,1.23
63,3,2003,1.2
63,3,2004,1.24
63,3,2005,1.28
63,3,2006,1.31
63,3,2007,1.35
63,3,2008,1.16
63,3,2009,0.89
63,3,2010,0.75
63,3,2011,0.72
63,3,2012,0.73
63,3,2013,0.72
63,3,2014,0.7
63,3,2015,0.7
63,3,2016,0.68
63,3,2017,0.7
63,3,2018,0.68
63,3,2019,0.67
63,3,2020,0.69
63,3,2021,0.68
63,3,2022,0.71
63,3,2023,0.71
66,3,1980,5.32
66,3,1981,5.26
66,3,1982,5.09
66,3,1983,4.95
66,3,1984,4.92
66,3,1985,4.89
66,3,1986,4.83
66,3,1987,4.89
66,3,1988,4.65
66,3,1989,4.5
66,3,1990,4.28
66,3,1991,4.12
66,3,1992,4.09
66,3,1993,4.09
66,3,1994,4.03
66,3,1995,3.86
66,3,1996,3.76
66,3,1997,3.68
66,3,1998,3.57
66,3,1999,3.43
66,3,2000,3.27
66,3,2001,3.14
66,3,2002,3
66,3,2003,2.91
66,3,2004,2.82
66,3,2005,2.74
66,3,2006,2.78
66,3,2007,2.61
66,3,2008,2.71
66,3,2009,2.69
66,3,2010,2.71
66,3,2011,2.59
66,3,2012,2.5
66,3,2013,2.44
66,3,2014,2.39
66,3,2015,2.34
66,3,2016,2.29
66,3,2017,2.23
66,3,2018,2.2
66,3,2019,2.12
66,3,2020,2.11
66,3,2021,2.07
66,3,2022,1.97
66,3,2023,1.96
67,3,1980,2.49
67,3,1981,2.59
67,3,1982,2.81
67,3,1983,3.03
67,3,1984,3.06
67,3,1985,3.04
67,3,1986,2.9
67,3,1987,2.91
67,3,1988,2.93
67,3,1989,2.91
67,3,1990,2.75
67,3,1991,2.56
67,3,1992,2.49
67,3,1993,2.33
67,3,1994,2.25
67,3,1995,2.05
67,3,1996,1.87
67,3,1997,1.77
67,3,1998,1.72
67,3,1999,1.66
67,3,2000,1.61
67,3,2001,1.55
67,3,2002,1.46
67,3,2003,1.36
67,3,2004,1.28
67,3,2005,1.15
67,3,2006,1.05
67,3,2007,0.97
67,3,2008,0.91
67,3,2009,0.85
67,3,2010,0.83
67,3,2011,0.78
67,3,2012,0.73
67,3,2013,0.66
67,3,2014,0.62
67,3,2015,0.6
67,3,2016,0.58
67,3,2017,0.54
67,3,2018,0.52
67,3,2019,0.47
67,3,2020,0.45
67,3,2021,0.42
67,3,2022,0.41
67,3,2023,0.43
68,3,1980,8.24
68,3,1981,7.7
68,3,1982,7.58
68,3,1983,7.45
68,3,1984,6.95
68,3,1985,6.61
68,3,1986,6.54
68,3,1987,6.68
68,3,1988,6.78
68,3,1989,6.83
68,3,1990,6.88
68,3,1991,6.89
68,3,1992,6.84
68,3,1993,6.72
68,3,1994,6.8
68,3,1995,6.53
68,3,1996,6.25
68,3,1997,5.82
68,3,1998,5.18
68,3,1999,4.55
68,3,2000,3.98
68,3,2001,3.51
68,3,2002,3.16
68,3,2003,2.92
68,3,2004,2.72
68,3,2005,2.53
68,3,2006,2.41
68,3,2007,2.33
68,3,2008,2.27
68,3,2009,2.18
68,3,2010,2.06
68,3,2011,1.9
68,3,2012,1.76
68,3,2013,1.61
68,3,2014,1.49
68,3,2015,1.4
68,3,2016,1.31
68,3,2017,1.23
68,3,2018,1.18
68,3,2019,1.13
68,3,2020,1.11
68,3,2021,1.12
68,3,2022,1.13
68,3,2023,1.14
69,3,1980,4.82
69,3,1981,5.37
69,3,1982,6.08
69,3,1983,5.89
69,3,1984,5.72
69,3,1985,4.75
69,3,1986,4.03
69,3,1987,4.16
69,3,1988,4.23
69,3,1989,4.37
69,3,1990,4.22
69,3,1991,4.21
69,3,1992,4.04
69,3,1993,4.12
69,3,1994,3.95
69,3,1995,3.69
69,3,1996,3.42
69,3,1997,3.19
69,3,1998,2.81
69,3,1999,2.67
69,3,2000,2.56
69,3,2001,2.45
69,3,2002,2.37
69,3,2003,2.23
69,3,2004,2.18
69,3,2005,2.05
69,3,2006,2.05
69,3,2007,2
69,3,2008,1.88
69,3,2009,1.68
69,3,2010,1.62
69,3,2011,1.55
69,3,2012,1.34
69,3,2013,1.24
69,3,2014,1.23
69,3,2015,1.1
69,3,2016,1.02
69,3,2017,0.94
69,3,2018,0.93
69,3,2019,0.91
69,3,2020,0.88
69,3,2021,0.94
69,3,2022,0.98
69,3,2023,0.96
71,3,1980,3.41
71,3,1981,3.79
71,3,1982,3.43
71,3,1983,3.14
71,3,1984,2.96
71,3,1985,2.9
71,3,1986,2.85
71,3,1987,2.84
71,3,1988,2.39
71,3,1989,2.13
71,3,1990,1.84
71,3,1991,1.66
71,3,1992,1.42
71,3,1993,1.39
71,3,1994,1.32
71,3,1995,1.29
71,3,1996,1.25
71,3,1997,1.22
71,3,1998,1.25
71,3,1999,1.19
71,3,2000,1.23
71,3,2001,1.28
71,3,2002,1.25
71,3,2003,1.18
71,3,2004,1.22
71,3,2005,1.3
71,3,2006,1.29
71,3,2007,1.23
71,3,2008,1.24
71,3,2009,1.17
71,3,2010,1.1
71,3,2011,0.98
71,3,2012,0.93
71,3,2013,0.91
71,3,2014,0.91
71,3,2015,0.91
71,3,2016,0.93
71,3,2017,0.84
71,3,2018,0.82
71,3,2019,0.83
71,3,2020,0.8
71,3,2021,0.86
71,3,2022,0.92
71,3,2023,0.88
72,3,1980,3.44
72,3,1981,3.79
72,3,1982,3.76
72,3,1983,3.6
72,3,1984,3.86
72,3,1985,4.06
72,3,1986,3.87
72,3,1987,4.08
72,3,1988,4.14
72,3,1989,3.89
72,3,1990,3.4
72,3,1991,2.67
72,3,1992,2.5
72,3,1993,2.38
72,3,1994,2.17
72,3,1995,1.89
72,3,1996,1.65
72,3,1997,1.55
72,3,1998,1.39
72,3,1999,1.27
72,3,2000,1.05
72,3,2001,0.91
72,3,2002,0.92
72,3,2003,0.91
72,3,2004,0.86
72,3,2005,0.86
72,3,2006,0.96
72,3,2007,0.98
72,3,2008,1.1
72,3,2009,1.07
72,3,2010,1.04
72,3,2011,0.86
72,3,2012,0.85
72,3,2013,0.82
72,3,2014,0.91
72,3,2015,0.98
72,3,2016,0.91
72,3,2017,0.91
72,3,2018,0.91
72,3,2019,0.91
72,3,2020,0.88
72,3,2021,0.88
72,3,2022,0.91
72,3,2023,0.99
74,3,1980,2.27
74,3,1981,2.2
74,3,1982,2.22
74,3,1983,2.21
74,3,1984,2.09
74,3,1985,2.12
74,3,1986,2.1
74,3,1987,2.12
74,3,1988,2.15
74,3,1989,2.14
74,3,1990,2.13
74,3,1991,2.02
74,3,1992,1.97
74,3,1993,1.95
74,3,1994,1.99
74,3,1995,1.98
74,3,1996,2
74,3,1997,2.01
74,3,1998,1.98
74,3,1999,1.97
74,3,2000,1.94
74,3,2001,1.91
74,3,2002,1.88
74,3,2003,1.85
74,3,2004,1.84
74,3,2005,1.82
74,3,2006,1.87
74,3,2007,1.87
74,3,2008,1.95
74,3,2009,2.04
74,3,2010,2.06
74,3,2011,2.16
74,3,2012,2.14
74,3,2013,2.06
74,3,2014,2.03
74,3,2015,2.06
74,3,2016,2.06
74,3,2017,2.09
74,3,2018,2.01
74,3,2019,2.12
74,3,2020,2.05
74,3,2021,2.13
74,3,2022,2.15
74,3,2023,2.14
75,3,1980,3.47
75,3,1981,3.61
75,3,1982,3.46
75,3,1983,3.32
75,3,1984,2.95
75,3,1985,2.65
75,3,1986,2.48
75,3,1987,2.31
75,3,1988,2.12
75,3,1989,2.03
75,3,1990,1.97
75,3,1991,1.91
75,3,1992,1.73
75,3,1993,1.57
75,3,1994,1.53
75,3,1995,1.36
75,3,1996,1.29
75,3,1997,1.3
75,3,1998,1.24
75,3,1999,1.31
75,3,2000,1.46
75,3,2001,1.52
75,3,2002,1.71
75,3,2003,1.78
75,3,2004,1.71
75,3,2005,1.66
75,3,2006,1.55
75,3,2007,1.48
75,3,2008,1.38
75,3,2009,1.3
75,3,2010,1.13
75,3,2011,1.09
75,3,2012,1.04
75,3,2013,0.98
75,3,2014,0.94
75,3,2015,0.92
75,3,2016,0.86
75,3,2017,0.82
75,3,2018,0.84
75,3,2019,0.8
75,3,2020,0.76
75,3,2021,0.77
75,3,2022,0.79
75,3,2023,0.78
76,3,1980,1.65
76,3,1981,1.6
76,3,1982,1.64
76,3,1983,1.52
76,3,1984,1.37
76,3,1985,1.23
76,3,1986,1.17
76,3,1987,1.17
76,3,1988,1.14
76,3,1989,1.18
76,3,1990,1.27
76,3,1991,1.27
76,3,1992,1.26
76,3,1993,1.36
76,3,1994,1.4
76,3,1995,1.23
76,3,1996,1.05
76,3,1997,1.27
76,3,1998,1.69
76,3,1999,1.95
76,3,2000,2.1
76,3,2001,2.17
76,3,2002,2.08
76,3,2003,1.84
76,3,2004,1.75
76,3,2005,1.7
76,3,2006,1.68
76,3,2007,1.69
76,3,2008,1.53
76,3,2009,1.5
76,3,2010,1.36
76,3,2011,1.27
76,3,2012,1.17
76,3,2013,1.14
76,3,2014,1.01
76,3,2015,1.01
76,3,2016,0.92
76,3,2017,0.88
76,3,2018,0.85
76,3,2019,0.83
76,3,2020,0.73
76,3,2021,0.76
76,3,2022,0.75
76,3,2023,0.72
77,3,1980,4.59
77,3,1981,4.57
77,3,1982,4.65
77,3,1983,4.69
77,3,1984,4.74
77,3,1985,4.59
77,3,1986,4.53
77,3,1987,4.44
77,3,1988,4.34
77,3,1989,4.16
77,3,1990,4.09
77,3,1991,4.02
77,3,1992,3.96
77,3,1993,3.96
77,3,1994,3.94
77,3,1995,3.93
77,3,1996,3.87
77,3,1997,3.82
77,3,1998,3.82
77,3,1999,3.74
77,3,2000,3.63
77,3,2001,3.51
77,3,2002,3.42
77,3,2003,3.36
77,3,2004,3.31
77,3,2005,3.2
77,3,2006,3.12
77,3,2007,3.03
77,3,2008,2.9
77,3,2009,2.76
77,3,2010,2.63
77,3,2011,2.5
77,3,2012,2.42
77,3,2013,2.29
77,3,2014,2.18
77,3,2015,2.08
77,3,2016,2.02
77,3,2017,1.93
77,3,2018,1.82
77,3,2019,1.76
77,3,2020,1.7
77,3,2021,1.71
77,3,2022,1.77
77,3,2023,1.81
78,3,1980,1.74
78,3,1981,1.72
78,3,1982,1.64
78,3,1983,1.64
78,3,1984,1.61
78,3,1985,1.6
78,3,1986,1.6
78,3,1987,1.54
78,3,1988,1.56
78,3,1989,1.52
78,3,1990,1.46
78,3,1991,1.42
78,3,1992,1.4
78,3,1993,1.34
78,3,1994,1.34
78,3,1995,1.22
78,3,1996,1.12
78,3,1997,1.13
78,3,1998,1.19
78,3,1999,1.24
78,3,2000,1.31
78,3,2001,1.29
78,3,2002,1.27
78,3,2003,1.34
78,3,2004,1.26
78,3,2005,1.17
78,3,2006,1.13
78,3,2007,1.2
78,3,2008,1.09
78,3,2009,0.92
78,3,2010,0.79
78,3,2011,0.71
78,3,2012,0.63
78,3,2013,0.6
78,3,2014,0.59
78,3,2015,0.62
78,3,2016,0.58
78,3,2017,0.56
78,3,2018,0.57
78,3,2019,0.59
78,3,2020,0.5
78,3,2021,0.39
78,3,2022,0.39
78,3,2023,0.39
79,3,1980,0.94
79,3,1981,0.91
79,3,1982,0.9
79,3,1983,0.88
79,3,1984,0.85
79,3,1985,0.82
79,3,1986,0.87
79,3,1987,0.88
79,3,1988,0.96
79,3,1989,1
79,3,1990,0.95
79,3,1991,0.9
79,3,1992,0.85
79,3,1993,0.76
79,3,1994,0.69
79,3,1995,0.66
79,3,1996,0.62
79,3,1997,0.6
79,3,1998,0.61
79,3,1999,0.61
79,3,2000,0.65
79,3,2001,0.69
79,3,2002,0.73
79,3,2003,0.74
79,3,2004,0.72
79,3,2005,0.77
79,3,2006,0.75
79,3,2007,0.78
79,3,2008,0.71
79,3,2009,0.65
79,3,2010,0.58
79,3,2011,0.58
79,3,2012,0.54
79,3,2013,0.53
79,3,2014,0.5
79,3,2015,0.46
79,3,2016,0.44
79,3,2017,0.44
79,3,2018,0.45
79,3,2019,0.47
79,3,2020,0.44
79,3,2021,0.41
79,3,2022,0.38
79,3,2023,0.37
80,3,1980,1.36
80,3,1981,1.31
80,3,1982,1.31
80,3,1983,1.28
80,3,1984,1.26
80,3,1985,1.17
80,3,1986,1.11
80,3,1987,1.05
80,3,1988,1.1
80,3,1989,1.17
80,3,1990,1.23
80,3,1991,1.2
80,3,1992,1.2
80,3,1993,1.2
80,3,1994,1.19
80,3,1995,1.12
80,3,1996,1.11
80,3,1997,1.12
80,3,1998,1.1
80,3,1999,1.25
80,3,2000,2.01
80,3,2001,2.23
80,3,2002,2.17
80,3,2003,2
80,3,2004,1.89
80,3,2005,1.81
80,3,2006,1.72
80,3,2007,1.71
80,3,2008,1.64
80,3,2009,1.61
80,3,2010,1.51
80,3,2011,1.45
80,3,2012,1.31
80,3,2013,1.2
80,3,2014,1.18
80,3,2015,1.16
80,3,2016,1.12
80,3,2017,1.09
80,3,2018,1.04
80,3,2019,0.98
80,3,2020,0.87
80,3,2021,0.84
80,3,2022,0.94
80,3,2023,0.96
81,3,1980,2.15
81,3,1981,2.01
81,3,1982,1.93
81,3,1983,1.84
81,3,1984,1.63
81,3,1985,1.44
81,3,1986,1.4
81,3,1987,1.33
81,3,1988,1.35
81,3,1989,1.33
81,3,1990,1.43
81,3,1991,1.48
81,3,1992,1.46
81,3,1993,1.39
81,3,1994,1.39
81,3,1995,1.34
81,3,1996,1.29
81,3,1997,1.36
81,3,1998,1.45
81,3,1999,1.54
81,3,2000,1.56
81,3,2001,1.53
81,3,2002,1.51
81,3,2003,1.5
81,3,2004,1.4
81,3,2005,1.34
81,3,2006,1.25
81,3,2007,1.22
81,3,2008,1.12
81,3,2009,1.04
81,3,2010,0.96
81,3,2011,0.97
81,3,2012,0.9
81,3,2013,0.85
81,3,2014,0.86
81,3,2015,0.88
81,3,2016,0.83
81,3,2017,0.84
81,3,2018,0.85
81,3,2019,0.79
81,3,2020,0.72
81,3,2021,0.71
81,3,2022,0.73
81,3,2023,0.67
82,3,1980,1.56
82,3,1981,1.59
82,3,1982,1.78
82,3,1983,1.89
82,3,1984,2
82,3,1985,2.01
82,3,1986,2.03
82,3,1987,2.04
82,3,1988,2.05
82,3,1989,2.11
82,3,1990,1.9
82,3,1991,1.86
82,3,1992,1.84
82,3,1993,1.73
82,3,1994,1.6
82,3,1995,1.29
82,3,1996,1.12
82,3,1997,1.1
82,3,1998,1.09
82,3,1999,1.26
82,3,2000,1.32
82,3,2001,1.27
82,3,2002,1.21
82,3,2003,1.3
82,3,2004,1.31
82,3,2005,1.43
82,3,2006,1.51
82,3,2007,1.5
82,3,2008,1.45
82,3,2009,1.32
82,3,2010,1.29
82,3,2011,1.88
82,3,2012,2.42
82,3,2013,2.28
82,3,2014,2.13
82,3,2015,2.12
82,3,2016,2.02
82,3,2017,1.91
82,3,2018,1.83
82,3,2019,1.81
82,3,2020,1.72
82,3,2021,1.72
82,3,2022,1.76
82,3,2023,1.76
83,3,1980,0.81
83,3,1981,0.77
83,3,1982,0.76
83,3,1983,0.74
83,3,1984,0.79
83,3,1985,0.78
83,3,1986,0.78
83,3,1987,0.79
83,3,1988,0.76
83,3,1989,0.73
83,3,1990,0.7
83,3,1991,0.65
83,3,1992,0.58
83,3,1993,0.55
83,3,1994,0.49
83,3,1995,0.45
83,3,1996,0.44
83,3,1997,0.47
83,3,1998,0.46
83,3,1999,0.46
83,3,2000,0.47
83,3,2001,0.49
83,3,2002,0.48
83,3,2003,0.46
83,3,2004,0.45
83,3,2005,0.44
83,3,2006,0.45
83,3,2007,0.44
83,3,2008,0.4
83,3,2009,0.38
83,3,2010,0.34
83,3,2011,0.34
83,3,2012,0.33
83,3,2013,0.32
83,3,2014,0.3
83,3,2015,0.3
83,3,2016,0.31
83,3,2017,0.3
83,3,2018,0.3
83,3,2019,0.3
83,3,2020,0.28
83,3,2021,0.26
83,3,2022,0.28
83,3,2023,0.29
84,3,1980,1.73
84,3,1981,1.81
84,3,1982,1.79
84,3,1983,1.69
84,3,1984,1.69
84,3,1985,1.57
84,3,1986,1.49
84,3,1987,1.47
84,3,1988,1.37
84,3,1989,1.33
84,3,1990,1.28
84,3,1991,1.32
84,3,1992,1.29
84,3,1993,1.25
84,3,1994,1.22
84,3,1995,1.22
84,3,1996,1.19
84,3,1997,1.16
84,3,1998,1.08
84,3,1999,1.06
84,3,2000,1.1
84,3,2001,1.14
84,3,2002,1.12
84,3,2003,1.1
84,3,2004,1
84,3,2005,0.97
84,3,2006,0.93
84,3,2007,0.87
84,3,2008,0.81
84,3,2009,0.77
84,3,2010,0.66
84,3,2011,0.61
84,3,2012,0.56
84,3,2013,0.55
84,3,2014,0.49
84,3,2015,0.46
84,3,2016,0.43
84,3,2017,0.4
84,3,2018,0.37
84,3,2019,0.36
84,3,2020,0.37
84,3,2021,0.32
84,3,2022,0.32
84,3,2023,0.33
85,3,1980,0.55
85,3,1981,0.54
85,3,1982,0.53
85,3,1983,0.54
85,3,1984,0.53
85,3,1985,0.5
85,3,1986,0.5
85,3,1987,0.5
85,3,1988,0.47
85,3,1989,0.45
85,3,1990,0.43
85,3,1991,0.4
85,3,1992,0.41
85,3,1993,0.46
85,3,1994,0.49
85,3,1995,0.51
85,3,1996,0.52
85,3,1997,0.58
85,3,1998,0.81
85,3,1999,0.86
85,3,2000,0.95
85,3,2001,0.98
85,3,2002,1
85,3,2003,1
85,3,2004,0.92
85,3,2005,0.89
85,3,2006,0.84
85,3,2007,0.75
85,3,2008,0.77
85,3,2009,0.73
85,3,2010,0.71
85,3,2011,0.72
85,3,2012,0.66
85,3,2013,0.71
85,3,2014,0.68
85,3,2015,0.73
85,3,2016,0.71
85,3,2017,0.75
85,3,2018,0.73
85,3,2019,0.74
85,3,2020,0.76
85,3,2021,0.8
85,3,2022,0.81
85,3,2023,0.76
86,3,1980,4.7
86,3,1981,4.65
86,3,1982,4.52
86,3,1983,4.34
86,3,1984,3.93
86,3,1985,3.61
86,3,1986,3.3
86,3,1987,3.07
86,3,1988,2.98
86,3,1989,3.03
86,3,1990,3.04
86,3,1991,3
86,3,1992,2.87
86,3,1993,2.64
86,3,1994,2.57
86,3,1995,2.5
86,3,1996,2.46
86,3,1997,2.47
86,3,1998,2.17
86,3,1999,2.01
86,3,2000,1.9
86,3,2001,1.94
86,3,2002,1.97
86,3,2003,2.27
86,3,2004,2.28
86,3,2005,2.22
86,3,2006,2.23
86,3,2007,2.18
86,3,2008,1.98
86,3,2009,1.81
86,3,2010,1.72
86,3,2011,1.87
86,3,2012,1.76
86,3,2013,1.6
86,3,2014,1.53
86,3,2015,1.53
86,3,2016,1.46
86,3,2017,1.43
86,3,2018,1.35
86,3,2019,1.32
86,3,2020,1.19
86,3,2021,1.34
86,3,2022,1.28
86,3,2023,1.24
87,3,1980,2.51
87,3,1981,2.35
87,3,1982,2.29
87,3,1983,2.17
87,3,1984,1.85
87,3,1985,1.72
87,3,1986,1.64
87,3,1987,1.51
87,3,1988,1.48
87,3,1989,1.49
87,3,1990,1.41
87,3,1991,1.33
87,3,1992,1.27
87,3,1993,1.17
87,3,1994,1.13
87,3,1995,1.05
87,3,1996,0.98
87,3,1997,1
87,3,1998,0.96
87,3,1999,0.98
87,3,2000,1.04
87,3,2001,1.01
87,3,2002,1.01
87,3,2003,1.05
87,3,2004,1
87,3,2005,0.94
87,3,2006,0.9
87,3,2007,0.84
87,3,2008,0.77
87,3,2009,0.7
87,3,2010,0.63
87,3,2011,0.62
87,3,2012,0.58
87,3,2013,0.57
87,3,2014,0.55
87,3,2015,0.53
87,3,2016,0.51
87,3,2017,0.51
87,3,2018,0.5
87,3,2019,0.45
87,3,2020,0.42
87,3,2021,0.37
87,3,2022,0.37
87,3,2023,0.4
88,3,1980,1.72
88,3,1981,1.73
88,3,1982,1.65
88,3,1983,1.65
88,3,1984,1.53
88,3,1985,1.52
88,3,1986,1.36
88,3,1987,1.25
88,3,1988,1.23
88,3,1989,1.22
88,3,1990,1.2
88,3,1991,1.22
88,3,1992,1.11
88,3,1993,1.08
88,3,1994,1.09
88,3,1995,1.04
88,3,1996,1.04
88,3,1997,1.11
88,3,1998,1.06
88,3,1999,1.09
88,3,2000,1.17
88,3,2001,1.16
88,3,2002,1.21
88,3,2003,1.25
88,3,2004,1.24
88,3,2005,1.22
88,3,2006,1.19
88,3,2007,1.18
88,3,2008,1.14
88,3,2009,1.06
88,3,2010,0.95
88,3,2011,0.95
88,3,2012,0.85
88,3,2013,0.82
88,3,2014,0.76
88,3,2015,0.76
88,3,2016,0.79
88,3,2017,0.73
88,3,2018,0.76
88,3,2019,0.67
88,3,2020,0.63
88,3,2021,0.56
88,3,2022,0.53
88,3,2023,0.54
89,3,1980,3.17
89,3,1981,2.97
89,3,1982,2.78
89,3,1983,2.61
89,3,1984,2.45
89,3,1985,2.19
89,3,1986,2.19
89,3,1987,2.06
89,3,1988,2.06
89,3,1989,2.05
89,3,1990,2
89,3,1991,2.02
89,3,1992,1.96
89,3,1993,1.88
89,3,1994,1.86
89,3,1995,1.69
89,3,1996,1.46
89,3,1997,1.39
89,3,1998,1.34
89,3,1999,1.37
89,3,2000,1.4
89,3,2001,1.36
89,3,2002,1.38
89,3,2003,1.34
89,3,2004,1.21
89,3,2005,1.1
89,3,2006,1.02
89,3,2007,1.01
89,3,2008,0.94
89,3,2009,0.88
89,3,2010,0.81
89,3,2011,0.76
89,3,2012,0.7
89,3,2013,0.65
89,3,2014,0.67
89,3,2015,0.67
89,3,2016,0.64
89,3,2017,0.62
89,3,2018,0.61
89,3,2019,0.62
89,3,2020,0.59
89,3,2021,0.59
89,3,2022,0.6
89,3,2023,0.59
90,3,1980,1.96
90,3,1981,2.1
90,3,1982,2.14
90,3,1983,2.27
90,3,1984,2.34
90,3,1985,2.19
90,3,1986,2.71
90,3,1987,2.62
90,3,1988,2.43
90,3,1989,2.48
90,3,1990,1.98
90,3,1991,1.75
90,3,1992,1.61
90,3,1993,1.47
90,3,1994,1.36
90,3,1995,1.27
90,3,1996,0.84
90,3,1997,1.04
90,3,1998,1.11
90,3,1999,1.11
90,3,2000,1.09
90,3,2001,1.04
90,3,2002,1.12
90,3,2003,1.11
90,3,2004,1.08
90,3,2005,1.01
90,3,2006,0.97
90,3,2007,0.93
90,3,2008,0.83
90,3,2009,0.75
90,3,2010,0.58
90,3,2011,0.49
90,3,2012,0.52
90,3,2013,0.49
90,3,2014,0.45
90,3,2015,0.42
90,3,2016,0.42
90,3,2017,0.41
90,3,2018,0.34
90,3,2019,0.34
90,3,2020,0.35
90,3,2021,0.31
90,3,2022,0.36
90,3,2023,0.42
91,3,1980,0.93
91,3,1981,0.97
91,3,1982,1.06
91,3,1983,1.33
91,3,1984,1.61
91,3,1985,1.34
91,3,1986,1.15
91,3,1987,1.08
91,3,1988,1.04
91,3,1989,1.14
91,3,1990,1.13
91,3,1991,1.05
91,3,1992,0.94
91,3,1993,0.89
91,3,1994,0.89
91,3,1995,0.85
91,3,1996,0.91
91,3,1997,0.87
91,3,1998,0.89
91,3,1999,0.87
91,3,2000,0.94
91,3,2001,1.05
91,3,2002,1.66
91,3,2003,1.79
91,3,2004,1.75
91,3,2005,1.75
91,3,2006,1.65
91,3,2007,1.45
91,3,2008,1.3
91,3,2009,1.16
91,3,2010,1.05
91,3,2011,0.99
91,3,2012,0.86
91,3,2013,0.82
91,3,2014,0.81
91,3,2015,0.79
91,3,2016,0.74
91,3,2017,0.81
91,3,2018,0.98
91,3,2019,1.07
91,3,2020,1.06
91,3,2021,0.97
91,3,2022,1.01
91,3,2023,1.03
92,3,1980,2.24
92,3,1981,2.07
92,3,1982,1.93
92,3,1983,1.88
92,3,1984,1.71
92,3,1985,1.68
92,3,1986,1.69
92,3,1987,1.59
92,3,1988,1.69
92,3,1989,1.89
92,3,1990,2.07
92,3,1991,2.02
92,3,1992,1.76
92,3,1993,1.56
92,3,1994,1.69
92,3,1995,1.69
92,3,1996,1.6
92,3,1997,1.67
92,3,1998,1.73
92,3,1999,1.84
92,3,2000,1.91
92,3,2001,1.92
92,3,2002,1.86
92,3,2003,1.83
92,3,2004,1.76
92,3,2005,1.76
92,3,2006,1.71
92,3,2007,1.61
92,3,2008,1.33
92,3,2009,1.15
92,3,2010,0.98
92,3,2011,0.9
92,3,2012,0.79
92,3,2013,0.72
92,3,2014,0.63
92,3,2015,0.75
92,3,2016,0.79
92,3,2017,0.81
92,3,2018,0.82
92,3,2019,0.87
92,3,2020,0.82
92,3,2021,0.82
92,3,2022,0.84
92,3,2023,0.82
93,3,1980,1.3
93,3,1981,1.3
93,3,1982,1.31
93,3,1983,1.39
93,3,1984,1.35
93,3,1985,1.24
93,3,1986,1.21
93,3,1987,1.16
93,3,1988,1.12
93,3,1989,1.04
93,3,1990,0.96
93,3,1991,0.85
93,3,1992,0.81
93,3,1993,0.76
93,3,1994,0.73
93,3,1995,0.64
93,3,1996,0.64
93,3,1997,0.66
93,3,1998,0.65
93,3,1999,0.63
93,3,2000,0.68
93,3,2001,0.72
93,3,2002,0.73
93,3,2003,0.78
93,3,2004,0.78
93,3,2005,0.75
93,3,2006,0.75
93,3,2007,0.73
93,3,2008,0.66
93,3,2009,0.59
93,3,2010,0.53
93,3,2011,0.54
93,3,2012,0.51
93,3,2013,0.47
93,3,2014,0.45
93,3,2015,0.47
93,3,2016,0.45
93,3,2017,0.44
93,3,2018,0.44
93,3,2019,0.4
93,3,2020,0.36
93,3,2021,0.32
93,3,2022,0.32
93,3,2023,0.33
94,3,1980,2.89
94,3,1981,2.84
94,3,1982,2.79
94,3,1983,2.69
94,3,1984,2.53
94,3,1985,2.33
94,3,1986,2.37
94,3,1987,2.33
94,3,1988,2.36
94,3,1989,2.37
94,3,1990,2.38
94,3,1991,2.24
94,3,1992,2.13
94,3,1993,1.97
94,3,1994,1.8
94,3,1995,1.66
94,3,1996,1.44
94,3,1997,1.38
94,3,1998,1.31
94,3,1999,1.31
94,3,2000,1.31
94,3,2001,1.29
94,3,2002,1.27
94,3,2003,1.33
94,3,2004,1.28
94,3,2005,1.12
94,3,2006,1.05
94,3,2007,1.02
94,3,2008,0.98
94,3,2009,0.89
94,3,2010,0.82
94,3,2011,0.75
94,3,2012,0.7
94,3,2013,0.64
94,3,2014,0.63
94,3,2015,0.62
94,3,2016,0.6
94,3,2017,0.6
94,3,2018,0.56
94,3,2019,0.53
94,3,2020,0.53
94,3,2021,0.47
94,3,2022,0.46
94,3,2023,0.42
95,3,1980,2.15
95,3,1981,2.11
95,3,1982,2.37
95,3,1983,2.27
95,3,1984,2.21
95,3,1985,2.11
95,3,1986,2.07
95,3,1987,2.06
95,3,1988,2.02
95,3,1989,2.02
95,3,1990,1.91
95,3,1991,1.71
95,3,1992,1.46
95,3,1993,1.05
95,3,1994,0.96
95,3,1995,0.96
95,3,1996,1
95,3,1997,1.02
95,3,1998,1.05
95,3,1999,1.1
95,3,2000,1.14
95,3,2001,1.13
95,3,2002,1.15
95,3,2003,1.17
95,3,2004,1.13
95,3,2005,1.08
95,3,2006,1.12
95,3,2007,1.07
95,3,2008,0.97
95,3,2009,0.87
95,3,2010,0.72
95,3,2011,0.63
95,3,2012,0.55
95,3,2013,0.51
95,3,2014,0.51
95,3,2015,0.48
95,3,2016,0.46
95,3,2017,0.42
95,3,2018,0.4
95,3,2019,0.38
95,3,2020,0.34
95,3,2021,0.38
95,3,2022,0.39
95,3,2023,0.42
97,3,1980,1.52
97,3,1981,1.45
97,3,1982,1.37
97,3,1983,1.31
97,3,1984,1.2
97,3,1985,1.05
97,3,1986,1.04
97,3,1987,1
97,3,1988,0.98
97,3,1989,0.98
97,3,1990,0.96
97,3,1991,0.99
97,3,1992,1.05
97,3,1993,1.12
97,3,1994,1.21
97,3,1995,1.21
97,3,1996,1.21
97,3,1997,1.22
97,3,1998,1.25
97,3,1999,1.29
97,3,2000,1.52
97,3,2001,1.67
97,3,2002,1.62
97,3,2003,1.6
97,3,2004,1.57
97,3,2005,1.68
97,3,2006,1.96
97,3,2007,2.24
97,3,2008,2.42
97,3,2009,2.46
97,3,2010,2.59
97,3,2011,2.89
97,3,2012,3.35
97,3,2013,3.52
97,3,2014,3.38
97,3,2015,3.26
97,3,2016,3.29
97,3,2017,3.66
97,3,2018,3.77
97,3,2019,3.18
97,3,2020,2.64
97,3,2021,2.92
97,3,2022,3.77
97,3,2023,3.07
98,3,1980,0.4
98,3,1981,0.38
98,3,1982,0.35
98,3,1983,0.32
98,3,1984,0.3
98,3,1985,0.29
98,3,1986,0.28
98,3,1987,0.27
98,3,1988,0.27
98,3,1989,0.28
98,3,1990,0.27
98,3,1991,0.25
98,3,1992,0.23
98,3,1993,0.22
98,3,1994,0.22
98,3,1995,0.23
98,3,1996,0.29
98,3,1997,0.54
98,3,1998,0.61
98,3,1999,0.58
98,3,2000,0.64
98,3,2001,0.62
98,3,2002,0.58
98,3,2003,0.58
98,3,2004,0.58
98,3,2005,0.59
98,3,2006,0.63
98,3,2007,0.7
98,3,2008,0.76
98,3,2009,0.77
98,3,2010,0.77
98,3,2011,0.8
98,3,2012,0.88
98,3,2013,0.93
98,3,2014,0.94
98,3,2015,0.96
98,3,2016,1.03
98,3,2017,1.1
98,3,2018,1.11
98,3,2019,1.1
98,3,2020,1.05
98,3,2021,1.11
98,3,2022,1.25
98,3,2023,1.17
99,3,1980,1.34
99,3,1981,1.28
99,3,1982,1.17
99,3,1983,1.03
99,3,1984,0.92
99,3,1985,0.91
99,3,1986,0.93
99,3,1987,0.98
99,3,1988,1.04
99,3,1989,1.13
99,3,1990,1.06
99,3,1991,1.09
99,3,1992,1.16
99,3,1993,1.22
99,3,1994,1.29
99,3,1995,1.35
99,3,1996,1.4
99,3,1997,1.54
99,3,1998,1.6
99,3,1999,1.6
99,3,2000,1.6
99,3,2001,1.53
99,3,2002,1.36
99,3,2003,1.35
99,3,2004,1.4
99,3,2005,1.54
99,3,2006,1.78
99,3,2007,2.06
99,3,2008,2.31
99,3,2009,2.44
99,3,2010,2.52
99,3,2011,2.87
99,3,2012,3.3
99,3,2013,3.57
99,3,2014,3.79
99,3,2015,3.62
99,3,2016,3.52
99,3,2017,3.83
99,3,2018,3.9
99,3,2019,3.31
99,3,2020,3.04
99,3,2021,2.94
99,3,2022,3.28
99,3,2023,3.18
101,3,1980,1.95
101,3,1981,1.85
101,3,1982,1.59
101,3,1983,1.55
101,3,1984,1.51
101,3,1985,1.48
101,3,1986,1.44
101,3,1987,1.4
101,3,1988,1.19
101,3,1989,1.08
101,3,1990,1.06
101,3,1991,1.01
101,3,1992,0.89
101,3,1993,0.83
101,3,1994,0.71
101,3,1995,0.65
101,3,1996,0.57
101,3,1997,0.54
101,3,1998,0.59
101,3,1999,0.58
101,3,2000,0.65
101,3,2001,0.64
101,3,2002,0.65
101,3,2003,0.68
101,3,2004,0.74
101,3,2005,0.77
101,3,2006,0.73
101,3,2007,0.75
101,3,2008,0.74
101,3,2009,0.67
101,3,2010,0.61
101,3,2011,0.6
101,3,2012,0.62
101,3,2013,0.59
101,3,2014,0.57
101,3,2015,0.59
101,3,2016,0.59
101,3,2017,0.55
101,3,2018,0.55
101,3,2019,0.56
101,3,2020,0.64
101,3,2021,0.68
101,3,2022,0.66
101,3,2023,0.64
102,3,1980,2.15
102,3,1981,2.07
102,3,1982,1.89
102,3,1983,1.77
102,3,1984,1.84
102,3,1985,1.82
102,3,1986,1.79
102,3,1987,1.64
102,3,1988,1.49
102,3,1989,1.34
102,3,1990,1.28
102,3,1991,1.15
102,3,1992,1.02
102,3,1993,1.01
102,3,1994,0.97
102,3,1995,0.96
102,3,1996,0.92
102,3,1997,0.88
102,3,1998,0.9
102,3,1999,0.91
102,3,2000,1.02
102,3,2001,1.12
102,3,2002,1.19
102,3,2003,1.3
102,3,2004,1.38
102,3,2005,1.5
102,3,2006,1.6
102,3,2007,1.62
102,3,2008,1.59
102,3,2009,1.42
102,3,2010,1.34
102,3,2011,1.34
102,3,2012,1.36
102,3,2013,1.28
102,3,2014,1.26
102,3,2015,1.34
102,3,2016,1.44
102,3,2017,1.44
102,3,2018,1.36
102,3,2019,1.37
102,3,2020,1.58
102,3,2021,1.7
102,3,2022,1.71
102,3,2023,1.65
105,3,1980,0.94
105,3,1981,0.91
105,3,1982,0.88
105,3,1983,0.86
105,3,1984,0.83
105,3,1985,0.83
105,3,1986,0.82
105,3,1987,0.82
105,3,1988,0.81
105,3,1989,0.84
105,3,1990,0.78
105,3,1991,0.75
105,3,1992,0.76
105,3,1993,0.75
105,3,1994,0.76
105,3,1995,0.73
105,3,1996,0.7
105,3,1997,0.77
105,3,1998,0.86
105,3,1999,0.9
105,3,2000,0.93
105,3,2001,0.94
105,3,2002,0.91
105,3,2003,0.88
105,3,2004,0.86
105,3,2005,0.97
105,3,2006,1.07
105,3,2007,1.01
105,3,2008,0.99
105,3,2009,1
105,3,2010,0.96
105,3,2011,1.02
105,3,2012,1.1
105,3,2013,1.26
105,3,2014,1.36
105,3,2015,1.48
105,3,2016,1.51
105,3,2017,1.43
105,3,2018,1.33
105,3,2019,1.14
105,3,2020,1.07
105,3,2021,1.06
105,3,2022,1.11
105,3,2023,1.16
106,3,1980,2.38
106,3,1981,2.01
106,3,1982,2.02
106,3,1983,2.2
106,3,1984,2.13
106,3,1985,2.04
106,3,1986,2.07
106,3,1987,2.19
106,3,1988,2.19
106,3,1989,2.17
106,3,1990,2.18
106,3,1991,2.16
106,3,1992,2.08
106,3,1993,1.94
106,3,1994,1.94
106,3,1995,1.81
106,3,1996,1.82
106,3,1997,1.81
106,3,1998,1.81
106,3,1999,1.82
106,3,2000,2.08
106,3,2001,2.13
106,3,2002,2.12
106,3,2003,1.94
106,3,2004,1.92
106,3,2005,2.16
106,3,2006,2.33
106,3,2007,2.23
106,3,2008,2.16
106,3,2009,2.24
106,3,2010,2.2
106,3,2011,2.22
106,3,2012,2.36
106,3,2013,2.57
106,3,2014,2.77
106,3,2015,2.94
106,3,2016,2.98
106,3,2017,3.02
106,3,2018,3.04
106,3,2019,3.15
106,3,2020,3.25
106,3,2021,3.97
106,3,2022,3.36
106,3,2023,3.35
107,3,1980,1.06
107,3,1981,1
107,3,1982,1.02
107,3,1983,1.04
107,3,1984,1.04
107,3,1985,1.04
107,3,1986,1.1
107,3,1987,1.09
107,3,1988,1.11
107,3,1989,1.09
107,3,1990,1.07
107,3,1991,1.11
107,3,1992,1.14
107,3,1993,1.12
107,3,1994,1.11
107,3,1995,1.13
107,3,1996,1.13
107,3,1997,1.16
107,3,1998,1.22
107,3,1999,1.18
107,3,2000,1.16
107,3,2001,1.03
107,3,2002,1.01
107,3,2003,0.98
107,3,2004,0.97
107,3,2005,1.03
107,3,2006,1.08
107,3,2007,0.91
107,3,2008,0.94
107,3,2009,1.08
107,3,2010,1.12
107,3,2011,1.15
107,3,2012,1.23
107,3,2013,1.35
107,3,2014,1.32
107,3,2015,1.34
107,3,2016,1.33
107,3,2017,1.32
107,3,2018,1.35
107,3,2019,1.34
107,3,2020,1.34
107,3,2021,1.36
107,3,2022,1.33
107,3,2023,1.36
108,3,1980,1.38
108,3,1981,1.28
108,3,1982,1.36
108,3,1983,1.34
108,3,1984,1.35
108,3,1985,1.44
108,3,1986,1.51
108,3,1987,1.58
108,3,1988,1.58
108,3,1989,1.56
108,3,1990,1.63
108,3,1991,1.82
108,3,1992,1.88
108,3,1993,1.97
108,3,1994,2.2
108,3,1995,2.15
108,3,1996,2.22
108,3,1997,2.41
108,3,1998,2.63
108,3,1999,2.81
108,3,2000,2.87
108,3,2001,2.84
108,3,2002,2.78
108,3,2003,2.78
108,3,2004,2.66
108,3,2005,2.91
108,3,2006,3.17
108,3,2007,2.98
108,3,2008,2.88
108,3,2009,2.89
108,3,2010,2.72
108,3,2011,2.91
108,3,2012,3.23
108,3,2013,3.81
108,3,2014,4.23
108,3,2015,4.59
108,3,2016,4.62
108,3,2017,4.61
108,3,2018,4.61
108,3,2019,4.45
108,3,2020,4.66
108,3,2021,4.65
108,3,2022,4.45
108,3,2023,4.3
109,3,1980,1.94
109,3,1981,1.89
109,3,1982,1.9
109,3,1983,1.88
109,3,1984,1.88
109,3,1985,1.9
109,3,1986,1.96
109,3,1987,2.02
109,3,1988,2.08
109,3,1989,2.13
109,3,1990,2
109,3,1991,1.94
109,3,1992,1.91
109,3,1993,1.86
109,3,1994,1.91
109,3,1995,1.87
109,3,1996,1.8
109,3,1997,1.69
109,3,1998,1.8
109,3,1999,1.75
109,3,2000,1.72
109,3,2001,1.62
109,3,2002,1.55
109,3,2003,1.43
109,3,2004,1.47
109,3,2005,1.5
109,3,2006,1.45
109,3,2007,1.29
109,3,2008,1.21
109,3,2009,1.21
109,3,2010,1.13
109,3,2011,1.15
109,3,2012,1.17
109,3,2013,1.26
109,3,2014,1.37
109,3,2015,1.46
109,3,2016,1.57
109,3,2017,1.59
109,3,2018,1.52
109,3,2019,1.43
109,3,2020,1.49
109,3,2021,1.73
109,3,2022,1.41
109,3,2023,1.47
110,3,1980,2.02
110,3,1981,2.07
110,3,1982,2.08
110,3,1983,2.06
110,3,1984,2.05
110,3,1985,2.08
110,3,1986,2.12
110,3,1987,2.2
110,3,1988,2.27
110,3,1989,2.35
110,3,1990,2.42
110,3,1991,2.5
110,3,1992,2.58
110,3,1993,2.64
110,3,1994,2.71
110,3,1995,2.76
110,3,1996,2.79
110,3,1997,2.76
110,3,1998,2.78
110,3,1999,2.7
110,3,2000,2.65
110,3,2001,2.69
110,3,2002,2.66
110,3,2003,2.73
110,3,2004,2.76
110,3,2005,2.78
110,3,2006,2.91
110,3,2007,2.95
110,3,2008,3.13
110,3,2009,3.14
110,3,2010,3.25
110,3,2011,3.31
110,3,2012,3.4
110,3,2013,3.54
110,3,2014,3.56
110,3,2015,3.65
110,3,2016,3.77
110,3,2017,3.78
110,3,2018,3.75
110,3,2019,3.72
110,3,2020,3.71
110,3,2021,3.51
110,3,2022,3.29
110,3,2023,3.27
111,3,1980,1.79
111,3,1981,1.84
111,3,1982,1.88
111,3,1983,1.94
111,3,1984,1.98
111,3,1985,2.04
111,3,1986,2.08
111,3,1987,2.11
111,3,1988,2.15
111,3,1989,2.17
111,3,1990,2.17
111,3,1991,2.15
111,3,1992,2.12
111,3,1993,2.09
111,3,1994,2.08
111,3,1995,2.06
111,3,1996,2.04
111,3,1997,2.03
111,3,1998,2.01
111,3,1999,2.04
111,3,2000,2.14
111,3,2001,2.27
111,3,2002,2.37
111,3,2003,2.34
111,3,2004,2.31
111,3,2005,2.34
111,3,2006,2.4
111,3,2007,2.51
111,3,2008,2.65
111,3,2009,2.82
111,3,2010,2.99
111,3,2011,3.23
111,3,2012,3.42
111,3,2013,3.58
111,3,2014,3.8
111,3,2015,4.1
111,3,2016,4.44
111,3,2017,4.68
111,3,2018,4.88
111,3,2019,5.29
111,3,2020,5.61
111,3,2021,5.68
111,3,2022,5.67
111,3,2023,5.77
112,3,1980,1.38
112,3,1981,1.39
112,3,1982,1.38
112,3,1983,1.43
112,3,1984,1.41
112,3,1985,1.38
112,3,1986,1.41
112,3,1987,1.51
112,3,1988,1.51
112,3,1989,1.43
112,3,1990,1.4
112,3,1991,1.4
112,3,1992,1.35
112,3,1993,1.3
112,3,1994,1.29
112,3,1995,1.25
112,3,1996,1.22
112,3,1997,1.18
112,3,1998,1.17
112,3,1999,1.09
112,3,2000,1.06
112,3,2001,1.04
112,3,2002,1.03
112,3,2003,1
112,3,2004,1.01
112,3,2005,1.19
112,3,2006,1.29
112,3,2007,1.17
112,3,2008,1.14
112,3,2009,1.22
112,3,2010,1.14
112,3,2011,1.23
112,3,2012,1.31
112,3,2013,1.48
112,3,2014,1.56
112,3,2015,1.76
112,3,2016,1.76
112,3,2017,1.65
112,3,2018,1.57
112,3,2019,1.35
112,3,2020,1.38
112,3,2021,1.43
112,3,2022,1.46
112,3,2023,1.47
113,3,1980,1.18
113,3,1981,1.19
113,3,1982,1.17
113,3,1983,1.16
113,3,1984,1.14
113,3,1985,1.17
113,3,1986,1.15
113,3,1987,1.16
113,3,1988,1.2
113,3,1989,1.16
113,3,1990,1.16
113,3,1991,1.13
113,3,1992,1.12
113,3,1993,1.11
113,3,1994,1.18
113,3,1995,1.32
113,3,1996,1.48
113,3,1997,1.46
113,3,1998,1.46
113,3,1999,1.59
113,3,2000,1.61
113,3,2001,2.07
113,3,2002,2.09
113,3,2003,2.09
113,3,2004,2.14
113,3,2005,2.41
113,3,2006,2.7
113,3,2007,2.77
113,3,2008,2.67
113,3,2009,2.83
113,3,2010,2.55
113,3,2011,2.72
113,3,2012,2.96
113,3,2013,3.09
113,3,2014,3.45
113,3,2015,3.43
113,3,2016,3.45
113,3,2017,3.4
113,3,2018,3.13
113,3,2019,3.08
113,3,2020,3.62
113,3,2021,3.4
113,3,2022,3.43
113,3,2023,3.55
114,3,1980,4.73
114,3,1981,4.77
114,3,1982,4.78
114,3,1983,4.9
114,3,1984,4.87
114,3,1985,5.44
114,3,1986,5.57
114,3,1987,5.67
114,3,1988,5.71
114,3,1989,5.55
114,3,1990,5.76
114,3,1991,5.44
114,3,1992,5.5
114,3,1993,5.4
114,3,1994,5.18
114,3,1995,5.24
114,3,1996,5.2
114,3,1997,5.35
114,3,1998,4.93
114,3,1999,5.02
114,3,2000,4.93
114,3,2001,5
114,3,2002,4.94
114,3,2003,4.94
114,3,2004,5.14
114,3,2005,5.28
114,3,2006,5.38
114,3,2007,5.63
114,3,2008,5.79
114,3,2009,6
114,3,2010,6.09
114,3,2011,6.55
114,3,2012,6.96
114,3,2013,7.04
114,3,2014,7.1
114,3,2015,7.25
114,3,2016,7.53
114,3,2017,7.56
114,3,2018,7.69
114,3,2019,7.78
114,3,2020,7.73
114,3,2021,8.28
114,3,2022,8.43
114,3,2023,8.83
115,3,1980,0.35
115,3,1981,0.31
115,3,1982,0.32
115,3,1983,0.43
115,3,1984,0.41
115,3,1985,0.4
115,3,1986,0.37
115,3,1987,0.39
115,3,1988,0.34
115,3,1989,0.32
115,3,1990,0.31
115,3,1991,0.31
115,3,1992,0.31
115,3,1993,0.33
115,3,1994,0.35
115,3,1995,0.39
115,3,1996,0.52
115,3,1997,0.58
115,3,1998,0.6
115,3,1999,0.56
115,3,2000,0.55
115,3,2001,0.49
115,3,2002,0.44
115,3,2003,0.4
115,3,2004,0.39
115,3,2005,0.49
115,3,2006,0.48
115,3,2007,0.49
115,3,2008,0.62
115,3,2009,0.53
115,3,2010,0.54
115,3,2011,0.58
115,3,2012,0.6
115,3,2013,0.7
115,3,2014,0.83
115,3,2015,1.04
115,3,2016,1.26
115,3,2017,1.41
115,3,2018,1.53
115,3,2019,1.53
115,3,2020,1.54
115,3,2021,1.52
115,3,2022,1.35
115,3,2023,1.15
116,3,1980,1.61
116,3,1981,1.55
116,3,1982,1.54
116,3,1983,1.54
116,3,1984,1.55
116,3,1985,1.58
116,3,1986,1.59
116,3,1987,1.6
116,3,1988,1.59
116,3,1989,1.57
116,3,1990,1.52
116,3,1991,1.49
116,3,1992,1.45
116,3,1993,1.43
116,3,1994,1.47
116,3,1995,1.49
116,3,1996,1.49
116,3,1997,1.68
116,3,1998,1.83
116,3,1999,1.85
116,3,2000,1.95
116,3,2001,1.95
116,3,2002,1.93
116,3,2003,1.85
116,3,2004,1.83
116,3,2005,1.94
116,3,2006,2.14
116,3,2007,2
116,3,2008,1.88
116,3,2009,2.05
116,3,2010,1.96
116,3,2011,2.1
116,3,2012,2.24
116,3,2013,2.68
116,3,2014,2.83
116,3,2015,3.07
116,3,2016,3.15
116,3,2017,2.95
116,3,2018,3.07
116,3,2019,2.65
116,3,2020,2.83
116,3,2021,3.12
116,3,2022,2.76
116,3,2023,2.65
117,3,1980,0.28
117,3,1981,0.29
117,3,1982,0.29
117,3,1983,0.3
117,3,1984,0.3
117,3,1985,0.31
117,3,1986,0.33
117,3,1987,0.34
117,3,1988,0.35
117,3,1989,0.36
117,3,1990,0.37
117,3,1991,0.38
117,3,1992,0.4
117,3,1993,0.4
117,3,1994,0.45
117,3,1995,0.68
117,3,1996,0.86
117,3,1997,0.87
117,3,1998,0.85
117,3,1999,0.84
117,3,2000,0.81
117,3,2001,0.78
117,3,2002,0.78
117,3,2003,0.8
117,3,2004,0.81
117,3,2005,0.87
117,3,2006,0.99
117,3,2007,0.94
117,3,2008,0.9
117,3,2009,0.94
117,3,2010,0.89
117,3,2011,0.96
117,3,2012,1.08
117,3,2013,1.17
117,3,2014,1.29
117,3,2015,1.41
117,3,2016,1.42
117,3,2017,1.34
117,3,2018,1.34
117,3,2019,1.13
117,3,2020,1.06
117,3,2021,1.05
117,3,2022,1.02
117,3,2023,1.01
118,3,1980,1.71
118,3,1981,1.74
118,3,1982,1.73
118,3,1983,1.72
118,3,1984,1.71
118,3,1985,1.8
118,3,1986,1.96
118,3,1987,2.2
118,3,1988,2.36
118,3,1989,2.39
118,3,1990,2.58
118,3,1991,2.65
118,3,1992,2.66
118,3,1993,2.48
118,3,1994,2.54
118,3,1995,2.78
118,3,1996,2.77
118,3,1997,2.72
118,3,1998,2.63
118,3,1999,2.59
118,3,2000,2.42
118,3,2001,2.42
118,3,2002,2.6
118,3,2003,2.68
118,3,2004,2.8
118,3,2005,2.98
118,3,2006,3.2
118,3,2007,3.27
118,3,2008,3.33
118,3,2009,3.41
118,3,2010,3.42
118,3,2011,3.42
118,3,2012,3.43
118,3,2013,3.5
118,3,2014,3.41
118,3,2015,3.2
118,3,2016,3.07
118,3,2017,3.03
118,3,2018,2.95
118,3,2019,2.86
118,3,2020,2.71
118,3,2021,2.75
118,3,2022,2.65
118,3,2023,2.77
119,3,1980,0.86
119,3,1981,0.81
119,3,1982,0.83
119,3,1983,0.83
119,3,1984,0.83
119,3,1985,0.86
119,3,1986,0.86
119,3,1987,0.79
119,3,1988,0.71
119,3,1989,0.68
119,3,1990,0.65
119,3,1991,0.63
119,3,1992,0.64
119,3,1993,0.68
119,3,1994,0.66
119,3,1995,0.65
119,3,1996,0.67
119,3,1997,0.66
119,3,1998,0.67
119,3,1999,0.7
119,3,2000,0.73
119,3,2001,0.66
119,3,2002,0.69
119,3,2003,0.69
119,3,2004,0.73
119,3,2005,0.85
119,3,2006,1.06
119,3,2007,1.03
119,3,2008,0.99
119,3,2009,1.01
119,3,2010,0.94
119,3,2011,0.93
119,3,2012,0.95
119,3,2013,0.91
119,3,2014,0.9
119,3,2015,0.9
119,3,2016,0.89
119,3,2017,0.9
119,3,2018,0.9
119,3,2019,0.92
119,3,2020,0.96
119,3,2021,1.02
119,3,2022,0.92
119,3,2023,0.87
121,3,1980,2.74
121,3,1981,2.69
121,3,1982,2.62
121,3,1983,2.52
121,3,1984,2.43
121,3,1985,2.35
121,3,1986,2.3
121,3,1987,2.27
121,3,1988,2.22
121,3,1989,2.21
121,3,1990,2.19
121,3,1991,2.19
121,3,1992,2.19
121,3,1993,2.2
121,3,1994,2.23
121,3,1995,2.23
121,3,1996,2.23
121,3,1997,2.21
121,3,1998,2.17
121,3,1999,2.11
121,3,2000,2.08
121,3,2001,2.05
121,3,2002,2.02
121,3,2003,2.01
121,3,2004,2.03
121,3,2005,2.06
121,3,2006,2.11
121,3,2007,2.14
121,3,2008,2.21
121,3,2009,2.28
121,3,2010,2.37
121,3,2011,2.48
121,3,2012,2.59
121,3,2013,2.51
121,3,2014,2.67
121,3,2015,2.87
121,3,2016,3.07
121,3,2017,3.26
121,3,2018,3.48
121,3,2019,3.65
121,3,2020,4.28
121,3,2021,4.09
121,3,2022,3.42
121,3,2023,3.27
122,3,1980,4.13
122,3,1981,4.01
122,3,1982,3.85
122,3,1983,3.17
122,3,1984,2.88
122,3,1985,2.66
122,3,1986,2.51
122,3,1987,2.41
122,3,1988,2.46
122,3,1989,2.4
122,3,1990,2.46
122,3,1991,2.53
122,3,1992,2.53
122,3,1993,2.51
122,3,1994,2.43
122,3,1995,2.37
122,3,1996,2.4
122,3,1997,1.42
122,3,1998,1.14
122,3,1999,1.13
122,3,2000,1.3
122,3,2001,1.55
122,3,2002,1.6
122,3,2003,1.66
122,3,2004,1.7
122,3,2005,1.77
122,3,2006,1.81
122,3,2007,2.06
122,3,2008,2.41
122,3,2009,2.71
122,3,2010,2.86
122,3,2011,3.06
122,3,2012,3.24
122,3,2013,4.07
122,3,2014,4.49
122,3,2015,4.58
122,3,2016,4.26
122,3,2017,4.31
122,3,2018,4.06
122,3,2019,3.89
122,3,2020,3.85
122,3,2021,4.41
122,3,2022,4.85
122,3,2023,5.04
123,3,1980,0.38
123,3,1981,0.38
123,3,1982,0.4
123,3,1983,0.4
123,3,1984,0.42
123,3,1985,0.41
123,3,1986,0.42
123,3,1987,0.41
123,3,1988,0.39
123,3,1989,0.37
123,3,1990,0.35
123,3,1991,0.37
123,3,1992,0.37
123,3,1993,0.39
123,3,1994,0.42
123,3,1995,0.44
123,3,1996,0.48
123,3,1997,0.48
123,3,1998,0.47
123,3,1999,0.46
123,3,2000,0.43
123,3,2001,0.43
123,3,2002,0.43
123,3,2003,0.46
123,3,2004,0.48
123,3,2005,0.5
123,3,2006,0.53
123,3,2007,0.58
123,3,2008,0.65
123,3,2009,0.71
123,3,2010,0.77
123,3,2011,0.82
123,3,2012,0.87
123,3,2013,0.91
123,3,2014,0.95
123,3,2015,0.99
123,3,2016,1.08
123,3,2017,1.16
123,3,2018,1.24
123,3,2019,1.34
123,3,2020,1.33
123,3,2021,1.6
123,3,2022,1.65
123,3,2023,1.72
125,3,1980,1.98
125,3,1981,1.99
125,3,1982,2.04
125,3,1983,2.01
125,3,1984,1.94
125,3,1985,1.8
125,3,1986,1.75
125,3,1987,1.68
125,3,1988,1.74
125,3,1989,1.78
125,3,1990,1.96
125,3,1991,1.99
125,3,1992,2.15
125,3,1993,2.37
125,3,1994,2.57
125,3,1995,2.84
125,3,1996,3.04
125,3,1997,3.43
125,3,1998,3.7
125,3,1999,3.67
125,3,2000,3.36
125,3,2001,3.23
125,3,2002,3.01
125,3,2003,3.09
125,3,2004,3.18
125,3,2005,3.34
125,3,2006,3.72
125,3,2007,4.18
125,3,2008,4.56
125,3,2009,4.73
125,3,2010,4.72
125,3,2011,4.9
125,3,2012,5.13
125,3,2013,5.42
125,3,2014,5.71
125,3,2015,6.13
125,3,2016,6.38
125,3,2017,5.86
125,3,2018,5.88
125,3,2019,5.78
125,3,2020,5.66
125,3,2021,6.82
125,3,2022,8.64
125,3,2023,8.13
126,3,1980,2.69
126,3,1981,2.47
126,3,1982,2.24
126,3,1983,1.95
126,3,1984,2.02
126,3,1985,2.08
126,3,1986,2.09
126,3,1987,2.11
126,3,1988,2.06
126,3,1989,2.13
126,3,1990,2.26
126,3,1991,2.28
126,3,1992,2.29
126,3,1993,2.31
126,3,1994,2.42
126,3,1995,2.27
126,3,1996,2.24
126,3,1997,2.33
126,3,1998,2.37
126,3,1999,2.51
126,3,2000,2.4
126,3,2001,1.92
126,3,2002,2.01
126,3,2003,1.86
126,3,2004,1.62
126,3,2005,1.75
126,3,2006,1.97
126,3,2007,2.67
126,3,2008,2.89
126,3,2009,2.63
126,3,2010,2.19
126,3,2011,1.98
126,3,2012,2.18
126,3,2013,2.41
126,3,2014,2.7
126,3,2015,3.19
126,3,2016,4.38
126,3,2017,4.94
126,3,2018,4.98
126,3,2019,5.09
126,3,2020,4.68
126,3,2021,5.34
126,3,2022,6.15
126,3,2023,6.49
127,3,1980,2.56
127,3,1981,2.42
127,3,1982,2.19
127,3,1983,1.69
127,3,1984,1.45
127,3,1985,1.32
127,3,1986,1.26
127,3,1987,1.21
127,3,1988,1.21
127,3,1989,1.23
127,3,1990,1.22
127,3,1991,1.19
127,3,1992,1.16
127,3,1993,1.15
127,3,1994,1.15
127,3,1995,1.16
127,3,1996,1.19
127,3,1997,1.19
127,3,1998,1.15
127,3,1999,1.2
127,3,2000,1.18
127,3,2001,1.18
127,3,2002,1.2
127,3,2003,1.21
127,3,2004,1.24
127,3,2005,1.28
127,3,2006,1.26
127,3,2007,1.25
127,3,2008,1.21
127,3,2009,1.15
127,3,2010,1.11
127,3,2011,1.03
127,3,2012,1.13
127,3,2013,1.2
127,3,2014,1.27
127,3,2015,1.32
127,3,2016,1.47
127,3,2017,1.5
127,3,2018,1.47
127,3,2019,1.44
127,3,2020,1.42
127,3,2021,1.39
127,3,2022,1.31
127,3,2023,1.39
128,3,1980,1.68
128,3,1981,1.35
128,3,1982,1.33
128,3,1983,0.99
128,3,1984,0.91
128,3,1985,1.04
128,3,1986,1.19
128,3,1987,1.18
128,3,1988,1.12
128,3,1989,1.1
128,3,1990,1.01
128,3,1991,1.11
128,3,1992,1.16
128,3,1993,1.22
128,3,1994,1.15
128,3,1995,1.13
128,3,1996,1.09
128,3,1997,1.06
128,3,1998,1.04
128,3,1999,1.02
128,3,2000,1.09
128,3,2001,1.04
128,3,2002,1.03
128,3,2003,1.01
128,3,2004,1.06
128,3,2005,1.07
128,3,2006,1.16
128,3,2007,1.26
128,3,2008,1.36
128,3,2009,1.65
128,3,2010,1.69
128,3,2011,1.77
128,3,2012,1.78
128,3,2013,1.8
128,3,2014,1.82
128,3,2015,1.89
128,3,2016,1.98
128,3,2017,2
128,3,2018,1.97
128,3,2019,1.91
128,3,2020,1.87
128,3,2021,2.16
128,3,2022,2.4
128,3,2023,2.41
129,3,1980,2.22
129,3,1981,2.1
129,3,1982,2.02
129,3,1983,1.98
129,3,1984,1.93
129,3,1985,1.88
129,3,1986,1.85
129,3,1987,1.88
129,3,1988,1.8
129,3,1989,1.81
129,3,1990,1.84
129,3,1991,1.9
129,3,1992,1.93
129,3,1993,1.98
129,3,1994,2.01
129,3,1995,2.02
129,3,1996,2.03
129,3,1997,2
129,3,1998,1.96
129,3,1999,1.9
129,3,2000,1.84
129,3,2001,1.8
129,3,2002,1.76
129,3,2003,1.76
129,3,2004,1.76
129,3,2005,1.75
129,3,2006,1.76
129,3,2007,1.77
129,3,2008,1.81
129,3,2009,1.9
129,3,2010,2.01
129,3,2011,2.24
129,3,2012,2.63
129,3,2013,2.8
129,3,2014,3
129,3,2015,3.23
129,3,2016,3.43
129,3,2017,3.66
129,3,2018,3.91
129,3,2019,4.11
129,3,2020,4.02
129,3,2021,4.4
129,3,2022,4.14
129,3,2023,4.03
130,3,1980,4.42
130,3,1981,4.41
130,3,1982,4.01
130,3,1983,3.3
130,3,1984,3.09
130,3,1985,2.86
130,3,1986,2.65
130,3,1987,2.52
130,3,1988,2.47
130,3,1989,2.51
130,3,1990,2.37
130,3,1991,2.32
130,3,1992,2.22
130,3,1993,2.17
130,3,1994,2.04
130,3,1995,1.85
130,3,1996,1.73
130,3,1997,1.6
130,3,1998,1.29
130,3,1999,1.23
130,3,2000,1.22
130,3,2001,1.21
130,3,2002,1.22
130,3,2003,1.24
130,3,2004,1.31
130,3,2005,1.36
130,3,2006,1.41
130,3,2007,1.57
130,3,2008,1.61
130,3,2009,1.58
130,3,2010,1.52
130,3,2011,1.48
130,3,2012,1.51
130,3,2013,1.5
130,3,2014,1.58
130,3,2015,1.7
130,3,2016,1.87
130,3,2017,1.96
130,3,2018,1.96
130,3,2019,2.02
130,3,2020,2.01
130,3,2021,2.26
130,3,2022,2.35
130,3,2023,2.27
131,3,1980,3.35
131,3,1981,3.51
131,3,1982,3.56
131,3,1983,3.61
131,3,1984,3.59
131,3,1985,3.48
131,3,1986,3.27
131,3,1987,2.83
131,3,1988,2.57
131,3,1989,2.28
131,3,1990,2.05
131,3,1991,1.83
131,3,1992,1.73
131,3,1993,1.69
131,3,1994,1.66
131,3,1995,1.58
131,3,1996,1.53
131,3,1997,1.52
131,3,1998,1.55
131,3,1999,1.47
131,3,2000,1.48
131,3,2001,1.48
131,3,2002,1.49
131,3,2003,1.51
131,3,2004,1.57
131,3,2005,1.62
131,3,2006,1.71
131,3,2007,1.81
131,3,2008,1.92
131,3,2009,2.07
131,3,2010,2.24
131,3,2011,2.43
131,3,2012,2.62
131,3,2013,2.86
131,3,2014,3.09
131,3,2015,3.24
131,3,2016,3.49
131,3,2017,3.66
131,3,2018,3.92
131,3,2019,4.33
131,3,2020,4.31
131,3,2021,4.51
131,3,2022,4.57
131,3,2023,4.51
132,3,1980,0.47
132,3,1981,0.46
132,3,1982,0.45
132,3,1983,0.45
132,3,1984,0.43
132,3,1985,0.41
132,3,1986,0.4
132,3,1987,0.4
132,3,1988,0.39
132,3,1989,0.41
132,3,1990,0.43
132,3,1991,0.44
132,3,1992,0.45
132,3,1993,0.44
132,3,1994,0.45
132,3,1995,0.44
132,3,1996,0.44
132,3,1997,0.45
132,3,1998,0.45
132,3,1999,0.41
132,3,2000,0.41
132,3,2001,0.42
132,3,2002,0.38
132,3,2003,0.38
132,3,2004,0.42
132,3,2005,0.45
132,3,2006,0.52
132,3,2007,0.58
132,3,2008,0.62
132,3,2009,0.61
132,3,2010,0.62
132,3,2011,0.64
132,3,2012,0.72
132,3,2013,0.77
132,3,2014,0.77
132,3,2015,0.78
132,3,2016,0.83
132,3,2017,0.81
132,3,2018,0.81
132,3,2019,0.78
132,3,2020,0.79
132,3,2021,0.84
132,3,2022,0.84
132,3,2023,0.83
133,3,1980,2.72
133,3,1981,2.63
133,3,1982,2.48
133,3,1983,2.24
133,3,1984,2.02
133,3,1985,1.82
133,3,1986,1.82
133,3,1987,1.78
133,3,1988,1.69
133,3,1989,1.56
133,3,1990,1.51
133,3,1991,1.62
133,3,1992,1.76
133,3,1993,1.82
133,3,1994,1.8
133,3,1995,1.57
133,3,1996,1.36
133,3,1997,1.35
133,3,1998,1.4
133,3,1999,1.55
133,3,2000,1.68
133,3,2001,1.83
133,3,2002,1.84
133,3,2003,1.68
133,3,2004,1.59
133,3,2005,1.64
133,3,2006,2.04
133,3,2007,2.8
133,3,2008,3.06
133,3,2009,2.9
133,3,2010,2.69
133,3,2011,2.83
133,3,2012,3.37
133,3,2013,3.74
133,3,2014,3.39
133,3,2015,2.81
133,3,2016,2.39
133,3,2017,2.47
133,3,2018,2.48
133,3,2019,2.63
133,3,2020,2.44
133,3,2021,2.35
133,3,2022,2.26
133,3,2023,2.23
135,3,1980,4.3
135,3,1981,4.03
135,3,1982,4.03
135,3,1983,4.21
135,3,1984,4.46
135,3,1985,4.69
135,3,1986,4.98
135,3,1987,4.82
135,3,1988,4.35
135,3,1989,3.82
135,3,1990,3.3
135,3,1991,3.16
135,3,1992,3.12
135,3,1993,3.49
135,3,1994,3.58
135,3,1995,3.62
135,3,1996,4.31
135,3,1997,4.43
135,3,1998,4.15
135,3,1999,4.15
135,3,2000,4.36
135,3,2001,4.43
135,3,2002,4.62
135,3,2003,4.78
135,3,2004,5
135,3,2005,5.22
135,3,2006,5.41
135,3,2007,5.78
135,3,2008,6.14
135,3,2009,6.43
135,3,2010,6.98
135,3,2011,7.3
135,3,2012,7.57
135,3,2013,7.51
135,3,2014,7.47
135,3,2015,7.1
135,3,2016,6.91
135,3,2017,6.78
135,3,2018,6.44
135,3,2019,6.49
135,3,2020,6.77
135,3,2021,6.74
135,3,2022,6.98
135,3,2023,7.09
136,3,1980,4.46
136,3,1981,4.33
136,3,1982,4.27
136,3,1983,4.07
136,3,1984,4.02
136,3,1985,4.02
136,3,1986,4.02
136,3,1987,3.96
136,3,1988,3.99
136,3,1989,4.09
136,3,1990,4.24
136,3,1991,4.54
136,3,1992,4.7
136,3,1993,4.94
136,3,1994,5.23
136,3,1995,5.37
136,3,1996,5.39
136,3,1997,5.44
136,3,1998,5.35
136,3,1999,5.12
136,3,2000,4.99
136,3,2001,5.03
136,3,2002,5.08
136,3,2003,5.24
136,3,2004,5.52
136,3,2005,6.21
136,3,2006,6.89
136,3,2007,7.72
136,3,2008,8.5
136,3,2009,9.15
136,3,2010,9.85
136,3,2011,10.51
136,3,2012,10.96
136,3,2013,11.31
136,3,2014,11.93
136,3,2015,12.38
136,3,2016,12.68
136,3,2017,13.25
136,3,2018,13.47
136,3,2019,13.73
136,3,2020,14.3
136,3,2021,14.73
136,3,2022,12.13
136,3,2023,12.43
139,3,1980,1.34
139,3,1981,1.34
139,3,1982,1.34
139,3,1983,1.36
139,3,1984,1.36
139,3,1985,1.4
139,3,1986,1.41
139,3,1987,1.41
139,3,1988,1.39
139,3,1989,1.38
139,3,1990,1.37
139,3,1991,1.36
139,3,1992,1.35
139,3,1993,1.35
139,3,1994,1.35
139,3,1995,1.34
139,3,1996,1.33
139,3,1997,1.33
139,3,1998,1.32
139,3,1999,1.31
139,3,2000,1.29
139,3,2001,1.28
139,3,2002,1.26
139,3,2003,1.25
139,3,2004,1.23
139,3,2005,1.22
139,3,2006,1.23
139,3,2007,1.22
139,3,2008,1.21
139,3,2009,1.2
139,3,2010,1.19
139,3,2011,1.18
139,3,2012,1.17
139,3,2013,1.15
139,3,2014,1.14
139,3,2015,1.13
139,3,2016,1.14
139,3,2017,1.16
139,3,2018,1.16
139,3,2019,1.16
139,3,2020,1.13
139,3,2021,1.11
139,3,2022,1.1
139,3,2023,1.11
140,3,1980,0.6
140,3,1981,0.59
140,3,1982,0.56
140,3,1983,0.55
140,3,1984,0.54
140,3,1985,0.54
140,3,1986,0.53
140,3,1987,0.52
140,3,1988,0.52
140,3,1989,0.51
140,3,1990,0.5
140,3,1991,0.49
140,3,1992,0.49
140,3,1993,0.5
140,3,1994,0.5
140,3,1995,0.52
140,3,1996,0.55
140,3,1997,0.57
140,3,1998,0.57
140,3,1999,0.57
140,3,2000,0.54
140,3,2001,0.5
140,3,2002,0.5
140,3,2003,0.53
140,3,2004,0.58
140,3,2005,0.59
140,3,2006,0.59
140,3,2007,0.59
140,3,2008,0.57
140,3,2009,0.56
140,3,2010,0.55
140,3,2011,0.51
140,3,2012,0.47
140,3,2013,0.51
140,3,2014,0.51
140,3,2015,0.56
140,3,2016,0.57
140,3,2017,0.57
140,3,2018,0.57
140,3,2019,0.59
140,3,2020,0.57
140,3,2021,0.57
140,3,2022,0.58
140,3,2023,0.6
141,3,1980,0.57
141,3,1981,0.56
141,3,1982,0.56
141,3,1983,0.56
141,3,1984,0.58
141,3,1985,0.58
141,3,1986,0.58
141,3,1987,0.55
141,3,1988,0.55
141,3,1989,0.53
141,3,1990,0.51
141,3,1991,0.49
141,3,1992,0.47
141,3,1993,0.48
141,3,1994,0.49
141,3,1995,0.49
141,3,1996,0.49
141,3,1997,0.5
141,3,1998,0.5
141,3,1999,0.49
141,3,2000,0.48
141,3,2001,0.48
141,3,2002,0.49
141,3,2003,0.5
141,3,2004,0.5
141,3,2005,0.51
141,3,2006,0.53
141,3,2007,0.55
141,3,2008,0.58
141,3,2009,0.6
141,3,2010,0.65
141,3,2011,0.71
141,3,2012,0.77
141,3,2013,0.79
141,3,2014,0.84
141,3,2015,0.87
141,3,2016,0.91
141,3,2017,0.92
141,3,2018,0.91
141,3,2019,0.92
141,3,2020,0.94
141,3,2021,0.98
141,3,2022,1.18
141,3,2023,1.24
142,3,1980,3.52
142,3,1981,3.51
142,3,1982,3.45
142,3,1983,3.46
142,3,1984,3.46
142,3,1985,3.51
142,3,1986,3.54
142,3,1987,3.65
142,3,1988,3.77
142,3,1989,3.9
142,3,1990,4.06
142,3,1991,4.23
142,3,1992,4.37
142,3,1993,4.53
142,3,1994,4.63
142,3,1995,4.68
142,3,1996,4.68
142,3,1997,4.62
142,3,1998,4.57
142,3,1999,4.46
142,3,2000,4.33
142,3,2001,4.22
142,3,2002,4.15
142,3,2003,4.24
142,3,2004,4.39
142,3,2005,4.51
142,3,2006,4.59
142,3,2007,4.54
142,3,2008,4.42
142,3,2009,4.2
142,3,2010,4
142,3,2011,3.78
142,3,2012,3.6
142,3,2013,3.46
142,3,2014,3.35
142,3,2015,3.3
142,3,2016,3.23
142,3,2017,3.19
142,3,2018,3.13
142,3,2019,3.09
142,3,2020,3.15
142,3,2021,2.97
142,3,2022,2.82
142,3,2023,2.83
143,3,1980,1.42
143,3,1981,1.44
143,3,1982,1.43
143,3,1983,1.42
143,3,1984,1.42
143,3,1985,1.44
143,3,1986,1.45
143,3,1987,1.47
143,3,1988,1.49
143,3,1989,1.52
143,3,1990,1.56
143,3,1991,1.57
143,3,1992,1.58
143,3,1993,1.62
143,3,1994,1.66
143,3,1995,1.68
143,3,1996,1.73
143,3,1997,1.75
143,3,1998,1.81
143,3,1999,1.83
143,3,2000,1.84
143,3,2001,1.86
143,3,2002,1.86
143,3,2003,1.85
143,3,2004,1.86
143,3,2005,1.86
143,3,2006,1.88
143,3,2007,1.87
143,3,2008,1.88
143,3,2009,1.89
143,3,2010,1.93
143,3,2011,1.93
143,3,2012,1.91
143,3,2013,1.9
143,3,2014,1.9
143,3,2015,2.02
143,3,2016,2.08
143,3,2017,2.13
143,3,2018,1.93
143,3,2019,1.98
143,3,2020,2.13
143,3,2021,2.12
143,3,2022,2.06
143,3,2023,2.12
144,3,1980,2.21
144,3,1981,2.16
144,3,1982,2.09
144,3,1983,2.08
144,3,1984,2.08
144,3,1985,2.08
144,3,1986,2.1
144,3,1987,2.09
144,3,1988,2.08
144,3,1989,2.05
144,3,1990,2.04
144,3,1991,1.99
144,3,1992,1.93
144,3,1993,1.9
144,3,1994,1.86
144,3,1995,1.8
144,3,1996,1.77
144,3,1997,1.71
144,3,1998,1.68
144,3,1999,1.62
144,3,2000,1.55
144,3,2001,1.52
144,3,2002,1.48
144,3,2003,1.42
144,3,2004,1.4
144,3,2005,1.4
144,3,2006,1.39
144,3,2007,1.36
144,3,2008,1.33
144,3,2009,1.29
144,3,2010,1.26
144,3,2011,1.18
144,3,2012,1.13
144,3,2013,1.07
144,3,2014,1.04
144,3,2015,0.98
144,3,2016,0.97
144,3,2017,0.98
144,3,2018,0.99
144,3,2019,0.98
144,3,2020,0.98
144,3,2021,1
144,3,2022,0.98
144,3,2023,0.97
145,3,1980,1.2
145,3,1981,1.21
145,3,1982,1.17
145,3,1983,1.1
145,3,1984,1.1
145,3,1985,1.06
145,3,1986,0.97
145,3,1987,0.92
145,3,1988,0.9
145,3,1989,0.86
145,3,1990,0.89
145,3,1991,0.93
145,3,1992,0.92
145,3,1993,0.94
145,3,1994,0.91
145,3,1995,0.88
145,3,1996,0.86
145,3,1997,0.86
145,3,1998,0.73
145,3,1999,0.78
145,3,2000,0.72
145,3,2001,0.47
145,3,2002,0.46
145,3,2003,0.49
145,3,2004,0.71
145,3,2005,0.8
145,3,2006,0.84
145,3,2007,0.84
145,3,2008,0.82
145,3,2009,0.74
145,3,2010,0.67
145,3,2011,0.61
145,3,2012,0.58
145,3,2013,0.51
145,3,2014,0.49
145,3,2015,0.42
145,3,2016,0.43
145,3,2017,0.43
145,3,2018,0.4
145,3,2019,0.4
145,3,2020,0.36
145,3,2021,0.35
145,3,2022,0.37
145,3,2023,0.35
146,3,1980,0.56
146,3,1981,0.55
146,3,1982,0.54
146,3,1983,0.53
146,3,1984,0.53
146,3,1985,0.53
146,3,1986,0.53
146,3,1987,0.54
146,3,1988,0.55
146,3,1989,0.54
146,3,1990,0.56
146,3,1991,0.58
146,3,1992,0.58
146,3,1993,0.59
146,3,1994,0.6
146,3,1995,0.61
146,3,1996,0.62
146,3,1997,0.62
146,3,1998,0.63
146,3,1999,0.63
146,3,2000,0.62
146,3,2001,0.61
146,3,2002,0.6
146,3,2003,0.59
146,3,2004,0.59
146,3,2005,0.58
146,3,2006,0.58
146,3,2007,0.59
146,3,2008,0.6
146,3,2009,0.62
146,3,2010,0.65
146,3,2011,0.66
146,3,2012,0.69
146,3,2013,0.72
146,3,2014,0.75
146,3,2015,0.73
146,3,2016,0.72
146,3,2017,0.75
146,3,2018,0.84
146,3,2019,0.98
146,3,2020,1.09
146,3,2021,0.73
146,3,2022,0.84
146,3,2023,0.84
147,3,1980,1.59
147,3,1981,1.58
147,3,1982,1.55
147,3,1983,1.51
147,3,1984,1.46
147,3,1985,1.44
147,3,1986,1.42
147,3,1987,1.41
147,3,1988,1.4
147,3,1989,1.38
147,3,1990,1.39
147,3,1991,1.38
147,3,1992,1.39
147,3,1993,1.4
147,3,1994,1.41
147,3,1995,1.41
147,3,1996,1.44
147,3,1997,1.43
147,3,1998,1.45
147,3,1999,1.47
147,3,2000,1.45
147,3,2001,1.46
147,3,2002,1.43
147,3,2003,1.4
147,3,2004,1.42
147,3,2005,1.44
147,3,2006,1.47
147,3,2007,1.47
147,3,2008,1.39
147,3,2009,1.37
147,3,2010,1.33
147,3,2011,1.27
147,3,2012,1.27
147,3,2013,1.23
147,3,2014,1.2
147,3,2015,1.17
147,3,2016,1.16
147,3,2017,1.14
147,3,2018,1.15
147,3,2019,1.15
147,3,2020,1.16
147,3,2021,1.19
147,3,2022,1.14
147,3,2023,1.16
148,3,1980,1.04
148,3,1981,1.06
148,3,1982,1.08
148,3,1983,1.11
148,3,1984,1.13
148,3,1985,1.17
148,3,1986,1.2
148,3,1987,1.25
148,3,1988,1.29
148,3,1989,1.34
148,3,1990,1.4
148,3,1991,1.44
148,3,1992,1.49
148,3,1993,1.49
148,3,1994,1.51
148,3,1995,1.52
148,3,1996,1.51
148,3,1997,1.51
148,3,1998,1.5
148,3,1999,1.47
148,3,2000,1.46
148,3,2001,1.45
148,3,2002,1.43
148,3,2003,1.43
148,3,2004,1.39
148,3,2005,1.36
148,3,2006,1.34
148,3,2007,1.3
148,3,2008,1.28
148,3,2009,1.27
148,3,2010,1.25
148,3,2011,1.24
148,3,2012,1.23
148,3,2013,1.12
148,3,2014,1.13
148,3,2015,1.12
148,3,2016,1.15
148,3,2017,1.18
148,3,2018,1.25
148,3,2019,1.3
148,3,2020,1.33
148,3,2021,1.37
148,3,2022,1.37
148,3,2023,1.32
149,3,1980,0.5
149,3,1981,0.5
149,3,1982,0.49
149,3,1983,0.48
149,3,1984,0.48
149,3,1985,0.48
149,3,1986,0.48
149,3,1987,0.47
149,3,1988,0.47
149,3,1989,0.46
149,3,1990,0.45
149,3,1991,0.45
149,3,1992,0.44
149,3,1993,0.44
149,3,1994,0.44
149,3,1995,0.43
149,3,1996,0.43
149,3,1997,0.43
149,3,1998,0.42
149,3,1999,0.41
149,3,2000,0.39
149,3,2001,0.36
149,3,2002,0.35
149,3,2003,0.33
149,3,2004,0.32
149,3,2005,0.31
149,3,2006,0.31
149,3,2007,0.3
149,3,2008,0.29
149,3,2009,0.29
149,3,2010,0.29
149,3,2011,0.27
149,3,2012,0.25
149,3,2013,0.22
149,3,2014,0.2
149,3,2015,0.22
149,3,2016,0.22
149,3,2017,0.22
149,3,2018,0.22
149,3,2019,0.22
149,3,2020,0.21
149,3,2021,0.2
149,3,2022,0.2
149,3,2023,0.19
150,3,1980,1.84
150,3,1981,1.77
150,3,1982,1.75
150,3,1983,1.72
150,3,1984,1.7
150,3,1985,1.67
150,3,1986,1.64
150,3,1987,1.6
150,3,1988,1.57
150,3,1989,1.54
150,3,1990,1.53
150,3,1991,1.45
150,3,1992,1.45
150,3,1993,1.45
150,3,1994,1.48
150,3,1995,1.48
150,3,1996,1.49
150,3,1997,1.49
150,3,1998,1.5
150,3,1999,1.48
150,3,2000,1.47
150,3,2001,1.44
150,3,2002,1.42
150,3,2003,1.41
150,3,2004,1.38
150,3,2005,1.39
150,3,2006,1.39
150,3,2007,1.4
150,3,2008,1.36
150,3,2009,1.36
150,3,2010,1.33
150,3,2011,1.27
150,3,2012,1.17
150,3,2013,1.13
150,3,2014,1.1
150,3,2015,1.08
150,3,2016,1.06
150,3,2017,1.06
150,3,2018,1.08
150,3,2019,1.11
150,3,2020,1.13
150,3,2021,1.13
150,3,2022,1.06
150,3,2023,1.1
151,3,1980,1.99
151,3,1981,1.95
151,3,1982,1.84
151,3,1983,1.73
151,3,1984,1.69
151,3,1985,1.59
151,3,1986,1.51
151,3,1987,1.41
151,3,1988,1.35
151,3,1989,1.3
151,3,1990,1.26
151,3,1991,1.21
151,3,1992,1.21
151,3,1993,1.23
151,3,1994,1.25
151,3,1995,1.27
151,3,1996,1.28
151,3,1997,1.28
151,3,1998,1.32
151,3,1999,1.33
151,3,2000,1.35
151,3,2001,1.37
151,3,2002,1.41
151,3,2003,1.42
151,3,2004,1.37
151,3,2005,1.29
151,3,2006,1.23
151,3,2007,1.12
151,3,2008,1.03
151,3,2009,0.93
151,3,2010,0.85
151,3,2011,0.78
151,3,2012,0.71
151,3,2013,0.65
151,3,2014,0.62
151,3,2015,0.58
151,3,2016,0.56
151,3,2017,0.54
151,3,2018,0.51
151,3,2019,0.51
151,3,2020,0.47
151,3,2021,0.46
151,3,2022,0.47
151,3,2023,0.51
152,3,1980,3.34
152,3,1981,3.37
152,3,1982,3.32
152,3,1983,3.25
152,3,1984,3.15
152,3,1985,3.01
152,3,1986,2.9
152,3,1987,2.83
152,3,1988,2.74
152,3,1989,2.66
152,3,1990,2.62
152,3,1991,2.57
152,3,1992,2.49
152,3,1993,2.48
152,3,1994,2.46
152,3,1995,2.43
152,3,1996,2.41
152,3,1997,2.37
152,3,1998,2.4
152,3,1999,2.41
152,3,2000,2.42
152,3,2001,2.4
152,3,2002,2.38
152,3,2003,2.51
152,3,2004,2.69
152,3,2005,2.84
152,3,2006,2.99
152,3,2007,3.16
152,3,2008,3.2
152,3,2009,3.28
152,3,2010,3.3
152,3,2011,3.23
152,3,2012,3.12
152,3,2013,3.01
152,3,2014,2.89
152,3,2015,2.69
152,3,2016,2.56
152,3,2017,2.37
152,3,2018,2.2
152,3,2019,2.07
152,3,2020,2
152,3,2021,1.86
152,3,2022,1.89
152,3,2023,2.11
153,3,1980,1.09
153,3,1981,1.1
153,3,1982,1.09
153,3,1983,1.09
153,3,1984,1.12
153,3,1985,1.12
153,3,1986,1.13
153,3,1987,1.14
153,3,1988,1.14
153,3,1989,1.16
153,3,1990,1.17
153,3,1991,1.18
153,3,1992,1.18
153,3,1993,1.2
153,3,1994,1.22
153,3,1995,1.21
153,3,1996,1.21
153,3,1997,1.19
153,3,1998,1.19
153,3,1999,1.18
153,3,2000,1.17
153,3,2001,1.17
153,3,2002,1.16
153,3,2003,1.16
153,3,2004,1.14
153,3,2005,1.11
153,3,2006,1.08
153,3,2007,1.06
153,3,2008,1.04
153,3,2009,1.03
153,3,2010,1.01
153,3,2011,0.96
153,3,2012,0.93
153,3,2013,0.86
153,3,2014,0.81
153,3,2015,0.75
153,3,2016,0.73
153,3,2017,0.72
153,3,2018,0.78
153,3,2019,0.77
153,3,2020,0.75
153,3,2021,0.73
153,3,2022,0.77
153,3,2023,0.77
154,3,1980,2.1
154,3,1981,2.11
154,3,1982,2.11
154,3,1983,2.12
154,3,1984,2.13
154,3,1985,2.17
154,3,1986,2.17
154,3,1987,2.2
154,3,1988,2.22
154,3,1989,2.2
154,3,1990,2.2
154,3,1991,2.19
154,3,1992,2.19
154,3,1993,2.21
154,3,1994,2.25
154,3,1995,2.23
154,3,1996,2.23
154,3,1997,2.24
154,3,1998,2.23
154,3,1999,2.25
154,3,2000,2.22
154,3,2001,2.21
154,3,2002,2.21
154,3,2003,2.21
154,3,2004,2.2
154,3,2005,2.19
154,3,2006,2.21
154,3,2007,2.22
154,3,2008,2.19
154,3,2009,2.08
154,3,2010,1.97
154,3,2011,1.86
154,3,2012,1.7
154,3,2013,1.47
154,3,2014,1.36
154,3,2015,1.33
154,3,2016,1.25
154,3,2017,1.19
154,3,2018,1.08
154,3,2019,1
154,3,2020,0.89
154,3,2021,0.78
154,3,2022,0.85
154,3,2023,0.88
155,3,1980,0.87
155,3,1981,0.84
155,3,1982,0.79
155,3,1983,0.78
155,3,1984,0.79
155,3,1985,0.81
155,3,1986,0.81
155,3,1987,0.82
155,3,1988,0.83
155,3,1989,0.85
155,3,1990,0.86
155,3,1991,0.88
155,3,1992,0.89
155,3,1993,0.92
155,3,1994,0.95
155,3,1995,0.93
155,3,1996,0.91
155,3,1997,0.87
155,3,1998,0.84
155,3,1999,0.79
155,3,2000,0.74
155,3,2001,0.69
155,3,2002,0.65
155,3,2003,0.64
155,3,2004,0.66
155,3,2005,0.69
155,3,2006,0.7
155,3,2007,0.69
155,3,2008,0.65
155,3,2009,0.6
155,3,2010,0.59
155,3,2011,0.59
155,3,2012,0.63
155,3,2013,0.67
155,3,2014,0.7
155,3,2015,0.73
155,3,2016,0.78
155,3,2017,0.8
155,3,2018,0.82
155,3,2019,0.79
155,3,2020,0.8
155,3,2021,0.84
155,3,2022,0.86
155,3,2023,0.85
156,3,1980,4.91
156,3,1981,4.93
156,3,1982,4.83
156,3,1983,4.76
156,3,1984,4.7
156,3,1985,4.51
156,3,1986,4.4
156,3,1987,4.29
156,3,1988,4.16
156,3,1989,3.95
156,3,1990,3.82
156,3,1991,3.61
156,3,1992,3.45
156,3,1993,3.38
156,3,1994,3.34
156,3,1995,3.29
156,3,1996,3.3
156,3,1997,3.23
156,3,1998,3.24
156,3,1999,3.15
156,3,2000,3.08
156,3,2001,3.01
156,3,2002,2.9
156,3,2003,2.77
156,3,2004,2.56
156,3,2005,2.5
156,3,2006,2.38
156,3,2007,2.37
156,3,2008,2.14
156,3,2009,1.85
156,3,2010,1.6
156,3,2011,1.46
156,3,2012,1.27
156,3,2013,1.05
156,3,2014,0.95
156,3,2015,0.86
156,3,2016,0.81
156,3,2017,0.75
156,3,2018,0.71
156,3,2019,0.69
156,3,2020,0.63
156,3,2021,0.61
156,3,2022,0.64
156,3,2023,0.67
157,3,1980,0.97
157,3,1981,0.94
157,3,1982,0.92
157,3,1983,0.9
157,3,1984,0.89
157,3,1985,0.87
157,3,1986,0.87
157,3,1987,0.86
157,3,1988,0.87
157,3,1989,0.86
157,3,1990,0.88
157,3,1991,0.89
157,3,1992,0.9
157,3,1993,0.92
157,3,1994,0.94
157,3,1995,0.96
157,3,1996,0.97
157,3,1997,0.99
157,3,1998,1
157,3,1999,1.01
157,3,2000,1.04
157,3,2001,1.04
157,3,2002,1.07
157,3,2003,1.1
157,3,2004,1.15
157,3,2005,1.2
157,3,2006,1.25
157,3,2007,1.28
157,3,2008,1.35
157,3,2009,1.37
157,3,2010,1.37
157,3,2011,1.41
157,3,2012,1.43
157,3,2013,1.51
157,3,2014,1.49
157,3,2015,1.47
157,3,2016,1.41
157,3,2017,1.37
157,3,2018,1.32
157,3,2019,1.34
157,3,2020,1.34
157,3,2021,1.3
157,3,2022,1.28
157,3,2023,1.27
160,3,1980,0.6
160,3,1981,0.58
160,3,1982,0.52
160,3,1983,0.49
160,3,1984,0.48
160,3,1985,0.51
160,3,1986,0.54
160,3,1987,0.57
160,3,1988,0.58
160,3,1989,0.61
160,3,1990,0.68
160,3,1991,0.71
160,3,1992,0.77
160,3,1993,0.91
160,3,1994,1.05
160,3,1995,1.15
160,3,1996,1.18
160,3,1997,1.16
160,3,1998,1.14
160,3,1999,1.11
160,3,2000,1.07
160,3,2001,1.02
160,3,2002,0.92
160,3,2003,0.97
160,3,2004,1.06
160,3,2005,1.05
160,3,2006,1.09
160,3,2007,1.11
160,3,2008,1.15
160,3,2009,1.2
160,3,2010,1.26
160,3,2011,1.28
160,3,2012,1.29
160,3,2013,1.3
160,3,2014,1.32
160,3,2015,1.4
160,3,2016,1.4
160,3,2017,1.38
160,3,2018,1.36
160,3,2019,1.36
160,3,2020,1.3
160,3,2021,1.37
160,3,2022,1.26
160,3,2023,1.2
161,3,1980,0.91
161,3,1981,0.88
161,3,1982,0.88
161,3,1983,0.84
161,3,1984,0.86
161,3,1985,0.89
161,3,1986,0.94
161,3,1987,1
161,3,1988,1.01
161,3,1989,1.05
161,3,1990,1.05
161,3,1991,1.1
161,3,1992,1.07
161,3,1993,1.07
161,3,1994,1.09
161,3,1995,1.11
161,3,1996,1.15
161,3,1997,1.2
161,3,1998,1.27
161,3,1999,1.36
161,3,2000,1.39
161,3,2001,1.47
161,3,2002,1.55
161,3,2003,1.61
161,3,2004,1.65
161,3,2005,1.67
161,3,2006,1.67
161,3,2007,1.65
161,3,2008,1.62
161,3,2009,1.63
161,3,2010,1.64
161,3,2011,1.64
161,3,2012,1.68
161,3,2013,1.71
161,3,2014,1.7
161,3,2015,1.76
161,3,2016,1.81
161,3,2017,1.85
161,3,2018,1.9
161,3,2019,1.98
161,3,2020,1.91
161,3,2021,1.97
161,3,2022,2.21
161,3,2023,2.28
162,3,1980,0.57
162,3,1981,0.57
162,3,1982,0.57
162,3,1983,0.58
162,3,1984,0.59
162,3,1985,0.6
162,3,1986,0.61
162,3,1987,0.62
162,3,1988,0.65
162,3,1989,0.68
162,3,1990,0.73
162,3,1991,0.77
162,3,1992,0.83
162,3,1993,0.86
162,3,1994,0.89
162,3,1995,0.94
162,3,1996,0.97
162,3,1997,0.98
162,3,1998,0.97
162,3,1999,0.95
162,3,2000,0.95
162,3,2001,0.97
162,3,2002,0.99
162,3,2003,0.98
162,3,2004,0.97
162,3,2005,0.97
162,3,2006,0.98
162,3,2007,0.98
162,3,2008,0.97
162,3,2009,0.94
162,3,2010,0.93
162,3,2011,0.91
162,3,2012,0.89
162,3,2013,0.79
162,3,2014,0.78
162,3,2015,0.78
162,3,2016,0.78
162,3,2017,0.79
162,3,2018,0.79
162,3,2019,0.8
162,3,2020,0.81
162,3,2021,0.82
162,3,2022,0.82
162,3,2023,0.84
163,3,1980,2.16
163,3,1981,2.11
163,3,1982,2.15
163,3,1983,2.22
163,3,1984,2.35
163,3,1985,2.52
163,3,1986,2.72
163,3,1987,2.93
163,3,1988,3.1
163,3,1989,3.29
163,3,1990,3.44
163,3,1991,3.56
163,3,1992,3.65
163,3,1993,3.73
163,3,1994,3.81
163,3,1995,3.93
163,3,1996,4.11
163,3,1997,4.31
163,3,1998,4.46
163,3,1999,4.54
163,3,2000,4.57
163,3,2001,4.57
163,3,2002,4.55
163,3,2003,4.5
163,3,2004,4.39
163,3,2005,4.45
163,3,2006,4.81
163,3,2007,5.17
163,3,2008,5.4
163,3,2009,5.63
163,3,2010,5.83
163,3,2011,5.95
163,3,2012,6.02
163,3,2013,5.94
163,3,2014,5.84
163,3,2015,5.88
163,3,2016,6
163,3,2017,6.09
163,3,2018,6.1
163,3,2019,6.09
163,3,2020,6.23
163,3,2021,7.3
163,3,2022,6.34
163,3,2023,6.48
164,3,1980,1.21
164,3,1981,1.21
164,3,1982,1.21
164,3,1983,1.22
164,3,1984,1.24
164,3,1985,1.26
164,3,1986,1.28
164,3,1987,1.31
164,3,1988,1.34
164,3,1989,1.37
164,3,1990,1.38
164,3,1991,1.41
164,3,1992,1.43
164,3,1993,1.43
164,3,1994,1.44
164,3,1995,1.44
164,3,1996,1.45
164,3,1997,1.44
164,3,1998,1.45
164,3,1999,1.44
164,3,2000,1.42
164,3,2001,1.43
164,3,2002,1.44
164,3,2003,1.47
164,3,2004,1.5
164,3,2005,1.54
164,3,2006,1.59
164,3,2007,1.66
164,3,2008,1.77
164,3,2009,1.91
164,3,2010,2.02
164,3,2011,2.12
164,3,2012,2.2
164,3,2013,2.31
164,3,2014,2.41
164,3,2015,2.49
164,3,2016,2.59
164,3,2017,2.7
164,3,2018,2.79
164,3,2019,2.89
164,3,2020,2.94
164,3,2021,3.21
164,3,2022,3.09
164,3,2023,3.14
165,3,1980,1.58
165,3,1981,1.59
165,3,1982,1.59
165,3,1983,1.6
165,3,1984,1.64
165,3,1985,1.68
165,3,1986,1.72
165,3,1987,1.77
165,3,1988,1.82
165,3,1989,1.85
165,3,1990,1.9
165,3,1991,1.94
165,3,1992,1.97
165,3,1993,2.02
165,3,1994,2.03
165,3,1995,2.05
165,3,1996,2.09
165,3,1997,2.12
165,3,1998,2.19
165,3,1999,2.23
165,3,2000,2.27
165,3,2001,2.33
165,3,2002,2.44
165,3,2003,2.49
165,3,2004,2.59
165,3,2005,2.72
165,3,2006,2.81
165,3,2007,2.99
165,3,2008,3.18
165,3,2009,3.38
165,3,2010,3.68
165,3,2011,3.78
165,3,2012,3.92
165,3,2013,4.16
165,3,2014,4.39
165,3,2015,4.6
165,3,2016,4.83
165,3,2017,5.05
165,3,2018,5.21
165,3,2019,5.37
165,3,2020,5.54
165,3,2021,5.89
165,3,2022,5.67
165,3,2023,5.73
168,3,1980,2.3
168,3,1981,2.32
168,3,1982,2.31
168,3,1983,2.3
168,3,1984,2.26
168,3,1985,2.29
168,3,1986,2.4
168,3,1987,2.49
168,3,1988,2.58
168,3,1989,2.89
168,3,1990,3.05
168,3,1991,3.39
168,3,1992,3.87
168,3,1993,4.55
168,3,1994,5.34
168,3,1995,5.99
168,3,1996,6.21
168,3,1997,6.8
168,3,1998,8.02
168,3,1999,8.68
168,3,2000,8.86
168,3,2001,9.17
168,3,2002,8.79
168,3,2003,8.16
168,3,2004,7.71
168,3,2005,7.31
168,3,2006,7.11
168,3,2007,6.94
168,3,2008,6.96
168,3,2009,7.07
168,3,2010,7.14
168,3,2011,7.3
168,3,2012,7.35
168,3,2013,7.07
168,3,2014,7.47
168,3,2015,7.82
168,3,2016,7.76
168,3,2017,7.81
168,3,2018,7.73
168,3,2019,7.68
168,3,2020,7.46
168,3,2021,7.41
168,3,2022,7.56
168,3,2023,7.75
169,3,1980,11.75
169,3,1981,11.66
169,3,1982,11.13
169,3,1983,9.64
169,3,1984,8.8
169,3,1985,8.17
169,3,1986,7.88
169,3,1987,7.27
169,3,1988,6.44
169,3,1989,5.94
169,3,1990,5.53
169,3,1991,5.47
169,3,1992,5.4
169,3,1993,5.76
169,3,1994,6.1
169,3,1995,6.02
169,3,1996,6.3
169,3,1997,6.44
169,3,1998,6.85
169,3,1999,7.16
169,3,2000,7.24
169,3,2001,7.05
169,3,2002,6.94
169,3,2003,6.64
169,3,2004,6.4
169,3,2005,6.2
169,3,2006,6.13
169,3,2007,5.71
169,3,2008,5.28
169,3,2009,5.09
169,3,2010,4.98
169,3,2011,4.74
169,3,2012,4.35
169,3,2013,3.99
169,3,2014,3.56
169,3,2015,3.45
169,3,2016,3.33
169,3,2017,3.24
169,3,2018,3.14
169,3,2019,3.12
169,3,2020,3.05
169,3,2021,2.96
169,3,2022,3.1
169,3,2023,3.11
170,3,1980,2.88
170,3,1981,2.74
170,3,1982,2.82
170,3,1983,3.08
170,3,1984,2.96
170,3,1985,3.01
170,3,1986,2.97
170,3,1987,3.13
170,3,1988,3.16
170,3,1989,2.92
170,3,1990,2.88
170,3,1991,2.85
170,3,1992,2.87
170,3,1993,2.86
170,3,1994,3.13
170,3,1995,3.08
170,3,1996,3.07
170,3,1997,3.27
170,3,1998,2.94
170,3,1999,2.95
170,3,2000,2.85
170,3,2001,2.6
170,3,2002,2.53
170,3,2003,2.52
170,3,2004,2.42
170,3,2005,2.47
170,3,2006,2.44
170,3,2007,2.41
170,3,2008,2.66
170,3,2009,3
170,3,2010,3.33
170,3,2011,3.57
170,3,2012,3.97
170,3,2013,3.95
170,3,2014,3.99
170,3,2015,4.01
170,3,2016,4.03
170,3,2017,4
170,3,2018,3.98
170,3,2019,4.03
170,3,2020,4
170,3,2021,4.11
170,3,2022,4.32
170,3,2023,4.51
171,3,1980,2.05
171,3,1981,2.08
171,3,1982,2.1
171,3,1983,2.12
171,3,1984,2.14
171,3,1985,2.23
171,3,1986,2.17
171,3,1987,2.19
171,3,1988,2.21
171,3,1989,2.22
171,3,1990,2.28
171,3,1991,2.32
171,3,1992,2.36
171,3,1993,2.4
171,3,1994,2.39
171,3,1995,2.48
171,3,1996,2.57
171,3,1997,2.69
171,3,1998,2.87
171,3,1999,3.05
171,3,2000,3.23
171,3,2001,3.39
171,3,2002,3.57
171,3,2003,3.68
171,3,2004,3.75
171,3,2005,3.92
171,3,2006,4.05
171,3,2007,4.23
171,3,2008,4.45
171,3,2009,4.71
171,3,2010,5
171,3,2011,5.32
171,3,2012,5.76
171,3,2013,6.08
171,3,2014,6.43
171,3,2015,7.32
171,3,2016,7.77
171,3,2017,8.18
171,3,2018,8.33
171,3,2019,8.48
171,3,2020,8.69
171,3,2021,8.75
171,3,2022,9.13
171,3,2023,9.31
172,3,1980,3.31
172,3,1981,3.13
172,3,1982,2.81
172,3,1983,2.55
172,3,1984,2.37
172,3,1985,2.28
172,3,1986,2.06
172,3,1987,1.99
172,3,1988,2.17
172,3,1989,2.16
172,3,1990,2.11
172,3,1991,2.13
172,3,1992,2.15
172,3,1993,2.19
172,3,1994,2.16
172,3,1995,2.19
172,3,1996,2.19
172,3,1997,2.33
172,3,1998,2.4
172,3,1999,2.46
172,3,2000,2.56
172,3,2001,2.58
172,3,2002,2.64
172,3,2003,2.71
172,3,2004,2.76
172,3,2005,2.92
172,3,2006,3
172,3,2007,3.01
172,3,2008,3.04
172,3,2009,3.45
172,3,2010,3.46
172,3,2011,3.36
172,3,2012,3.34
172,3,2013,3.39
172,3,2014,3.53
172,3,2015,3.06
172,3,2016,3.24
172,3,2017,3.3
172,3,2018,3.78
172,3,2019,3.77
172,3,2020,3.48
172,3,2021,3.38
172,3,2022,3.69
172,3,2023,3.93
173,3,1980,1.8
173,3,1981,1.86
173,3,1982,1.98
173,3,1983,2.17
173,3,1984,2.06
173,3,1985,2.07
173,3,1986,2.1
173,3,1987,2.17
173,3,1988,2.1
173,3,1989,2.05
173,3,1990,1.86
173,3,1991,1.91
173,3,1992,1.88
173,3,1993,1.76
173,3,1994,1.74
173,3,1995,1.77
173,3,1996,1.72
173,3,1997,1.76
173,3,1998,1.74
173,3,1999,1.64
173,3,2000,1.62
173,3,2001,1.62
173,3,2002,1.69
173,3,2003,1.67
173,3,2004,1.66
173,3,2005,1.77
173,3,2006,1.79
173,3,2007,1.83
173,3,2008,1.8
173,3,2009,1.77
173,3,2010,1.74
173,3,2011,1.7
173,3,2012,1.69
173,3,2013,1.7
173,3,2014,1.77
173,3,2015,1.8
173,3,2016,1.8
173,3,2017,1.8
173,3,2018,1.76
173,3,2019,1.8
173,3,2020,1.75
173,3,2021,1.77
173,3,2022,1.91
173,3,2023,2
175,3,1980,2.67
175,3,1981,2.75
175,3,1982,2.83
175,3,1983,2.92
175,3,1984,3
175,3,1985,3.08
175,3,1986,3.18
175,3,1987,3.27
175,3,1988,3.32
175,3,1989,3.37
175,3,1990,3.46
175,3,1991,3.53
175,3,1992,3.6
175,3,1993,3.71
175,3,1994,3.67
175,3,1995,3.65
175,3,1996,3.78
175,3,1997,3.78
175,3,1998,3.73
175,3,1999,3.67
175,3,2000,3.61
175,3,2001,3.52
175,3,2002,3.47
175,3,2003,3.28
175,3,2004,3.21
175,3,2005,3.21
175,3,2006,3.07
175,3,2007,3.15
175,3,2008,3.18
175,3,2009,3.31
175,3,2010,3.36
175,3,2011,3.39
175,3,2012,3.4
175,3,2013,3.4
175,3,2014,3.41
175,3,2015,3.46
175,3,2016,3.52
175,3,2017,3.51
175,3,2018,3.39
175,3,2019,3.41
175,3,2020,3.46
175,3,2021,3.59
175,3,2022,3.45
175,3,2023,3.67
176,3,1980,0.84
176,3,1981,0.84
176,3,1982,0.83
176,3,1983,0.83
176,3,1984,0.83
176,3,1985,0.84
176,3,1986,0.84
176,3,1987,0.87
176,3,1988,0.87
176,3,1989,0.89
176,3,1990,0.91
176,3,1991,0.92
176,3,1992,0.93
176,3,1993,0.94
176,3,1994,0.94
176,3,1995,0.94
176,3,1996,0.95
176,3,1997,0.96
176,3,1998,1.02
176,3,1999,1.03
176,3,2000,1.08
176,3,2001,1.02
176,3,2002,0.95
176,3,2003,1.04
176,3,2004,0.88
176,3,2005,0.94
176,3,2006,0.88
176,3,2007,0.92
176,3,2008,0.89
176,3,2009,0.85
176,3,2010,0.85
176,3,2011,0.92
176,3,2012,0.9
176,3,2013,0.85
176,3,2014,0.99
176,3,2015,0.96
176,3,2016,0.92
176,3,2017,0.99
176,3,2018,1.16
176,3,2019,1.17
176,3,2020,1.31
176,3,2021,1.42
176,3,2022,1.22
176,3,2023,1.26
177,3,1980,1.46
177,3,1981,1.48
177,3,1982,1.48
177,3,1983,1.48
177,3,1984,1.48
177,3,1985,1.48
177,3,1986,1.47
177,3,1987,1.53
177,3,1988,1.54
177,3,1989,1.58
177,3,1990,1.6
177,3,1991,1.55
177,3,1992,1.62
177,3,1993,1.82
177,3,1994,1.63
177,3,1995,1.76
177,3,1996,1.76
177,3,1997,1.7
177,3,1998,1.74
177,3,1999,1.7
177,3,2000,1.65
177,3,2001,1.61
177,3,2002,1.58
177,3,2003,1.5
177,3,2004,1.57
177,3,2005,1.55
177,3,2006,1.55
177,3,2007,1.63
177,3,2008,1.69
177,3,2009,1.72
177,3,2010,1.79
177,3,2011,1.86
177,3,2012,1.94
177,3,2013,2.02
177,3,2014,2
177,3,2015,2.17
177,3,2016,2.28
177,3,2017,2.42
177,3,2018,2.44
177,3,2019,2.57
177,3,2020,2.57
177,3,2021,2.75
177,3,2022,2.72
177,3,2023,2.88
178,3,1980,2.63
178,3,1981,2.64
178,3,1982,2.63
178,3,1983,2.61
178,3,1984,2.59
178,3,1985,2.52
178,3,1986,2.47
178,3,1987,2.4
178,3,1988,2.31
178,3,1989,2.18
178,3,1990,2.07
178,3,1991,1.99
178,3,1992,1.95
178,3,1993,1.93
178,3,1994,1.92
178,3,1995,1.88
178,3,1996,1.91
178,3,1997,1.95
178,3,1998,1.97
178,3,1999,1.99
178,3,2000,1.99
178,3,2001,1.87
178,3,2002,1.89
178,3,2003,1.85
178,3,2004,1.85
178,3,2005,1.83
178,3,2006,1.82
178,3,2007,1.83
178,3,2008,1.84
178,3,2009,1.85
178,3,2010,1.86
178,3,2011,1.87
178,3,2012,1.91
178,3,2013,1.96
178,3,2014,2.02
178,3,2015,2.08
178,3,2016,2.11
178,3,2017,2.15
178,3,2018,2.19
178,3,2019,2.22
178,3,2020,2.3
178,3,2021,2.24
178,3,2022,2.43
178,3,2023,2.44
179,3,1980,1.6
179,3,1981,1.61
179,3,1982,1.63
179,3,1983,1.66
179,3,1984,1.68
179,3,1985,1.72
179,3,1986,1.77
179,3,1987,1.84
179,3,1988,1.88
179,3,1989,1.9
179,3,1990,1.91
179,3,1991,1.92
179,3,1992,1.92
179,3,1993,1.91
179,3,1994,1.91
179,3,1995,1.88
179,3,1996,1.85
179,3,1997,1.83
179,3,1998,1.78
179,3,1999,1.72
179,3,2000,1.66
179,3,2001,1.55
179,3,2002,1.5
179,3,2003,1.44
179,3,2004,1.41
179,3,2005,1.44
179,3,2006,1.47
179,3,2007,1.54
179,3,2008,1.61
179,3,2009,1.7
179,3,2010,1.78
179,3,2011,1.88
179,3,2012,1.98
179,3,2013,1.98
179,3,2014,2.14
179,3,2015,2.3
179,3,2016,2.43
179,3,2017,2.6
179,3,2018,2.78
179,3,2019,2.96
179,3,2020,3.05
179,3,2021,3.32
179,3,2022,3.56
179,3,2023,3.81
180,3,1980,1.27
180,3,1981,1.27
180,3,1982,1.28
180,3,1983,1.28
180,3,1984,1.29
180,3,1985,1.29
180,3,1986,1.3
180,3,1987,1.29
180,3,1988,1.28
180,3,1989,1.25
180,3,1990,1.23
180,3,1991,1.22
180,3,1992,1.22
180,3,1993,1.23
180,3,1994,1.25
180,3,1995,1.28
180,3,1996,1.32
180,3,1997,1.36
180,3,1998,1.39
180,3,1999,1.41
180,3,2000,1.44
180,3,2001,1.42
180,3,2002,1.43
180,3,2003,1.43
180,3,2004,1.5
180,3,2005,1.58
180,3,2006,1.67
180,3,2007,1.8
180,3,2008,1.94
180,3,2009,2.13
180,3,2010,2.34
180,3,2011,2.54
180,3,2012,2.72
180,3,2013,2.93
180,3,2014,3.16
180,3,2015,3.26
180,3,2016,3.54
180,3,2017,3.8
180,3,2018,4
180,3,2019,4.16
180,3,2020,4.45
180,3,2021,4.92
180,3,2022,4.39
180,3,2023,4.45
181,3,1980,1.53
181,3,1981,1.55
181,3,1982,1.51
181,3,1983,1.56
181,3,1984,1.57
181,3,1985,1.6
181,3,1986,1.62
181,3,1987,1.66
181,3,1988,1.75
181,3,1989,1.87
181,3,1990,1.98
181,3,1991,2.09
181,3,1992,2.2
181,3,1993,2.17
181,3,1994,2.18
181,3,1995,2.22
181,3,1996,2.12
181,3,1997,2.03
181,3,1998,1.94
181,3,1999,1.88
181,3,2000,1.81
181,3,2001,1.78
181,3,2002,1.72
181,3,2003,1.65
181,3,2004,1.62
181,3,2005,1.62
181,3,2006,1.64
181,3,2007,1.7
181,3,2008,1.76
181,3,2009,1.82
181,3,2010,1.91
181,3,2011,2.05
181,3,2012,2.17
181,3,2013,2.32
181,3,2014,2.45
181,3,2015,2.61
181,3,2016,2.86
181,3,2017,3.07
181,3,2018,3.29
181,3,2019,3.39
181,3,2020,3.38
181,3,2021,3.71
181,3,2022,3.86
181,3,2023,3.89
182,3,1980,2.04
182,3,1981,2.08
182,3,1982,2.15
182,3,1983,2.27
182,3,1984,2.37
182,3,1985,2.49
182,3,1986,2.61
182,3,1987,2.71
182,3,1988,2.68
182,3,1989,2.58
182,3,1990,2.48
182,3,1991,2.39
182,3,1992,2.33
182,3,1993,2.23
182,3,1994,2.12
182,3,1995,2.08
182,3,1996,2.05
182,3,1997,2.07
182,3,1998,2.1
182,3,1999,2.09
182,3,2000,2.11
182,3,2001,2.08
182,3,2002,2.05
182,3,2003,1.99
182,3,2004,1.98
182,3,2005,1.95
182,3,2006,1.86
182,3,2007,1.81
182,3,2008,1.88
182,3,2009,2
182,3,2010,2.19
182,3,2011,2.27
182,3,2012,2.42
182,3,2013,2.54
182,3,2014,2.69
182,3,2015,2.91
182,3,2016,3.11
182,3,2017,3.39
182,3,2018,3.59
182,3,2019,3.69
182,3,2020,3.75
182,3,2021,4.9
182,3,2022,4.02
182,3,2023,4.02
183,3,1980,0.01
183,3,1981,0.01
183,3,1982,0.01
183,3,1983,0.01
183,3,1984,0.01
183,3,1985,0.01
183,3,1986,0.01
183,3,1987,0.01
183,3,1988,0.02
183,3,1989,0.02
183,3,1990,0.02
183,3,1991,0.03
183,3,1992,0.03
183,3,1993,0.05
183,3,1994,0.06
183,3,1995,0.07
183,3,1996,0.1
183,3,1997,0.1
183,3,1998,0.09
183,3,1999,0.12
183,3,2000,0.96
183,3,2001,1.6
183,3,2002,1.86
183,3,2003,1.92
183,3,2004,1.95
183,3,2005,2.16
183,3,2006,2.19
183,3,2007,2.29
183,3,2008,2.41
183,3,2009,2.41
183,3,2010,2.61
183,3,2011,2.67
183,3,2012,2.79
183,3,2013,2.68
183,3,2014,2.79
183,3,2015,2.92
183,3,2016,3.11
183,3,2017,3.22
183,3,2018,3.34
183,3,2019,3.32
183,3,2020,2.91
183,3,2021,2.98
183,3,2022,2.9
183,3,2023,2.93
184,3,1980,0.96
184,3,1981,0.96
184,3,1982,0.98
184,3,1983,1.01
184,3,1984,1.03
184,3,1985,1.05
184,3,1986,1.08
184,3,1987,1.11
184,3,1988,1.11
184,3,1989,1.11
184,3,1990,1.13
184,3,1991,1.14
184,3,1992,1.15
184,3,1993,1.14
184,3,1994,1.16
184,3,1995,1.18
184,3,1996,1.18
184,3,1997,1.16
184,3,1998,1.12
184,3,1999,1.08
184,3,2000,1.04
184,3,2001,1.02
184,3,2002,0.99
184,3,2003,0.94
184,3,2004,0.9
184,3,2005,0.89
184,3,2006,0.86
184,3,2007,0.85
184,3,2008,0.85
184,3,2009,0.84
184,3,2010,0.84
184,3,2011,0.84
184,3,2012,0.84
184,3,2013,0.75
184,3,2014,0.74
184,3,2015,0.86
184,3,2016,0.87
184,3,2017,0.89
184,3,2018,0.95
184,3,2019,0.98
184,3,2020,0.97
184,3,2021,0.96
184,3,2022,0.9
184,3,2023,0.9
185,3,1980,7.85
185,3,1981,8.2
185,3,1982,8.6
185,3,1983,9.1
185,3,1984,9.59
185,3,1985,10.16
185,3,1986,10.82
185,3,1987,11.66
185,3,1988,12.46
185,3,1989,13.42
185,3,1990,14.6
185,3,1991,16.01
185,3,1992,17.87
185,3,1993,18.73
185,3,1994,19.93
185,3,1995,19.73
185,3,1996,20.53
185,3,1997,20.13
185,3,1998,18.89
185,3,1999,17.04
185,3,2000,15.13
185,3,2001,13.09
185,3,2002,11.85
185,3,2003,11.03
185,3,2004,10.84
185,3,2005,10.7
185,3,2006,10.63
185,3,2007,10.71
185,3,2008,10.6
185,3,2009,10.74
185,3,2010,10.8
185,3,2011,10.87
185,3,2012,11.18
185,3,2013,11.86
185,3,2014,12.53
185,3,2015,13.12
185,3,2016,13.73
185,3,2017,14.3
185,3,2018,15
185,3,2019,15.86
185,3,2020,16.37
185,3,2021,16.88
185,3,2022,18.33
185,3,2023,19.94
186,3,1980,0.64
186,3,1981,0.63
186,3,1982,0.63
186,3,1983,0.64
186,3,1984,0.67
186,3,1985,0.71
186,3,1986,0.76
186,3,1987,0.81
186,3,1988,0.86
186,3,1989,0.89
186,3,1990,0.92
186,3,1991,0.98
186,3,1992,1.02
186,3,1993,1.05
186,3,1994,1.04
186,3,1995,1.09
186,3,1996,1.13
186,3,1997,1.16
186,3,1998,1.18
186,3,1999,1.18
186,3,2000,1.18
186,3,2001,1.2
186,3,2002,1.16
186,3,2003,1.16
186,3,2004,1.16
186,3,2005,1.2
186,3,2006,1.18
186,3,2007,1.2
186,3,2008,1.23
186,3,2009,1.24
186,3,2010,1.24
186,3,2011,1.25
186,3,2012,1.28
186,3,2013,1.25
186,3,2014,1.2
186,3,2015,1.25
186,3,2016,1.24
186,3,2017,1.28
186,3,2018,1.21
186,3,2019,1.18
186,3,2020,1.19
186,3,2021,1.17
186,3,2022,1.13
186,3,2023,1.25
187,3,1980,0.49
187,3,1981,0.51
187,3,1982,0.5
187,3,1983,0.48
187,3,1984,0.48
187,3,1985,0.48
187,3,1986,0.48
187,3,1987,0.48
187,3,1988,0.48
187,3,1989,0.48
187,3,1990,0.48
187,3,1991,0.48
187,3,1992,0.5
187,3,1993,0.51
187,3,1994,0.52
187,3,1995,0.53
187,3,1996,0.54
187,3,1997,0.55
187,3,1998,0.56
187,3,1999,0.56
187,3,2000,0.57
187,3,2001,0.58
187,3,2002,0.58
187,3,2003,0.57
187,3,2004,0.58
187,3,2005,0.59
187,3,2006,0.59
187,3,2007,0.6
187,3,2008,0.61
187,3,2009,0.63
187,3,2010,0.63
187,3,2011,0.63
187,3,2012,0.62
187,3,2013,0.6
187,3,2014,0.59
187,3,2015,0.61
187,3,2016,0.63
187,3,2017,0.66
187,3,2018,0.62
187,3,2019,0.64
187,3,2020,0.62
187,3,2021,0.71
187,3,2022,0.64
187,3,2023,0.65
189,3,1980,1.63
189,3,1981,1.65
189,3,1982,1.65
189,3,1983,1.68
189,3,1984,1.68
189,3,1985,1.68
189,3,1986,1.67
189,3,1987,1.67
189,3,1988,1.65
189,3,1989,1.6
189,3,1990,1.57
189,3,1991,1.56
189,3,1992,1.55
189,3,1993,1.56
189,3,1994,1.56
189,3,1995,1.57
189,3,1996,1.58
189,3,1997,1.59
189,3,1998,1.6
189,3,1999,1.57
189,3,2000,1.56
189,3,2001,1.57
189,3,2002,1.6
189,3,2003,1.62
189,3,2004,1.65
189,3,2005,1.71
189,3,2006,1.79
189,3,2007,1.92
189,3,2008,2.17
189,3,2009,2.44
189,3,2010,2.69
189,3,2011,3.04
189,3,2012,3.48
189,3,2013,3.94
189,3,2014,4.32
189,3,2015,4.78
189,3,2016,5.17
189,3,2017,5.5
189,3,2018,5.67
189,3,2019,5.72
189,3,2020,5.78
189,3,2021,6.18
189,3,2022,5.7
189,3,2023,5.96
190,3,1980,0.91
190,3,1981,0.81
190,3,1982,0.94
190,3,1983,0.93
190,3,1984,0.89
190,3,1985,0.84
190,3,1986,0.82
190,3,1987,0.83
190,3,1988,0.82
190,3,1989,0.91
190,3,1990,0.96
190,3,1991,1.05
190,3,1992,1.11
190,3,1993,1.2
190,3,1994,1.3
190,3,1995,1.41
190,3,1996,1.51
190,3,1997,1.62
190,3,1998,1.73
190,3,1999,1.81
190,3,2000,1.95
190,3,2001,2.03
190,3,2002,2.13
190,3,2003,2.22
190,3,2004,2.38
190,3,2005,2.56
190,3,2006,2.74
190,3,2007,2.99
190,3,2008,3.29
190,3,2009,3.66
190,3,2010,3.95
190,3,2011,4.34
190,3,2012,4.68
190,3,2013,5.1
190,3,2014,5.53
190,3,2015,5.9
190,3,2016,6.24
190,3,2017,6.41
190,3,2018,6.53
190,3,2019,6.59
190,3,2020,6.53
190,3,2021,7.03
190,3,2022,6.88
190,3,2023,7.1
191,3,1980,1.8
191,3,1981,1.82
191,3,1982,1.81
191,3,1983,1.82
191,3,1984,1.82
191,3,1985,1.85
191,3,1986,1.83
191,3,1987,1.85
191,3,1988,1.82
191,3,1989,1.77
191,3,1990,1.73
191,3,1991,1.7
191,3,1992,1.7
191,3,1993,1.68
191,3,1994,1.68
191,3,1995,1.69
191,3,1996,1.68
191,3,1997,1.66
191,3,1998,1.62
191,3,1999,1.56
191,3,2000,1.51
191,3,2001,1.49
191,3,2002,1.46
191,3,2003,1.39
191,3,2004,1.33
191,3,2005,1.34
191,3,2006,1.34
191,3,2007,1.37
191,3,2008,1.44
191,3,2009,1.53
191,3,2010,1.61
191,3,2011,1.68
191,3,2012,1.71
191,3,2013,1.78
191,3,2014,1.83
191,3,2015,2.03
191,3,2016,2.12
191,3,2017,2.17
191,3,2018,2.2
191,3,2019,2.24
191,3,2020,2.32
191,3,2021,2.6
191,3,2022,2.29
191,3,2023,2.34
193,3,1980,1.26
193,3,1981,1.27
193,3,1982,1.29
193,3,1983,1.31
193,3,1984,1.33
193,3,1985,1.34
193,3,1986,1.35
193,3,1987,1.36
193,3,1988,1.24
193,3,1989,1.24
193,3,1990,1.21
193,3,1991,1.12
193,3,1992,1.05
193,3,1993,0.96
193,3,1994,0.91
193,3,1995,0.9
193,3,1996,0.91
193,3,1997,0.96
193,3,1998,1.05
193,3,1999,1.14
193,3,2000,1.21
193,3,2001,1.27
193,3,2002,1.17
193,3,2003,0.96
193,3,2004,0.8
193,3,2005,0.74
193,3,2006,0.74
193,3,2007,0.74
193,3,2008,0.73
193,3,2009,0.71
193,3,2010,0.72
193,3,2011,0.73
193,3,2012,0.72
193,3,2013,0.74
193,3,2014,0.74
193,3,2015,0.73
193,3,2016,0.74
193,3,2017,0.74
193,3,2018,0.76
193,3,2019,0.79
193,3,2020,0.78
193,3,2021,0.78
193,3,2022,0.78
193,3,2023,0.79
194,3,1980,1.23
194,3,1981,1.24
194,3,1982,1.27
194,3,1983,1.28
194,3,1984,1.29
194,3,1985,1.3
194,3,1986,1.32
194,3,1987,1.31
194,3,1988,1.29
194,3,1989,1.24
194,3,1990,1.18
194,3,1991,1.12
194,3,1992,1.05
194,3,1993,0.99
194,3,1994,0.93
194,3,1995,0.91
194,3,1996,0.89
194,3,1997,0.88
194,3,1998,0.9
194,3,1999,0.92
194,3,2000,0.99
194,3,2001,1.24
194,3,2002,1.44
194,3,2003,1.41
194,3,2004,1.4
194,3,2005,1.24
194,3,2006,1.02
194,3,2007,0.93
194,3,2008,0.93
194,3,2009,0.98
194,3,2010,1.05
194,3,2011,1.06
194,3,2012,1.06
194,3,2013,1.06
194,3,2014,1.07
194,3,2015,1.09
194,3,2016,1.04
194,3,2017,1.02
194,3,2018,1
194,3,2019,0.98
194,3,2020,0.92
194,3,2021,0.92
194,3,2022,0.95
194,3,2023,0.96
195,3,1980,1.95
195,3,1981,1.97
195,3,1982,1.97
195,3,1983,1.98
195,3,1984,1.99
195,3,1985,1.99
195,3,1986,2.01
195,3,1987,2.02
195,3,1988,2.02
195,3,1989,2.02
195,3,1990,2.02
195,3,1991,2.01
195,3,1992,2
195,3,1993,1.93
195,3,1994,1.85
195,3,1995,1.75
195,3,1996,1.67
195,3,1997,1.62
195,3,1998,1.61
195,3,1999,1.57
195,3,2000,1.54
195,3,2001,1.51
195,3,2002,1.53
195,3,2003,1.53
195,3,2004,1.47
195,3,2005,1.42
195,3,2006,1.36
195,3,2007,1.4
195,3,2008,1.44
195,3,2009,1.46
195,3,2010,1.47
195,3,2011,1.49
195,3,2012,1.53
195,3,2013,1.54
195,3,2014,1.51
195,3,2015,1.54
195,3,2016,1.55
195,3,2017,1.53
195,3,2018,1.53
195,3,2019,1.58
195,3,2020,1.57
195,3,2021,1.63
195,3,2022,1.52
195,3,2023,1.53
196,3,1980,1.34
196,3,1981,1.33
196,3,1982,1.31
196,3,1983,1.29
196,3,1984,1.27
196,3,1985,1.23
196,3,1986,1.21
196,3,1987,1.19
196,3,1988,1.13
196,3,1989,1.11
196,3,1990,1.08
196,3,1991,1.06
196,3,1992,1.05
196,3,1993,1.14
196,3,1994,1.25
196,3,1995,1.26
196,3,1996,1.37
196,3,1997,1.36
196,3,1998,1.37
196,3,1999,1.32
196,3,2000,1.22
196,3,2001,1.18
196,3,2002,1.17
196,3,2003,1.16
196,3,2004,1.1
196,3,2005,1.08
196,3,2006,1.1
196,3,2007,1.15
196,3,2008,1.15
196,3,2009,1.16
196,3,2010,1.17
196,3,2011,1.17
196,3,2012,1.19
196,3,2013,1.21
196,3,2014,1.22
196,3,2015,1.22
196,3,2016,1.23
196,3,2017,1.22
196,3,2018,1.26
196,3,2019,1.22
196,3,2020,1.1
196,3,2021,1.08
196,3,2022,1.24
196,3,2023,1.28
197,3,1980,2.31
197,3,1981,2.29
197,3,1982,2.28
197,3,1983,2.28
197,3,1984,2.26
197,3,1985,2.27
197,3,1986,2.3
197,3,1987,2.35
197,3,1988,2.4
197,3,1989,2.47
197,3,1990,2.56
197,3,1991,2.62
197,3,1992,2.7
197,3,1993,2.67
197,3,1994,2.57
197,3,1995,2.39
197,3,1996,2.19
197,3,1997,2.03
197,3,1998,1.89
197,3,1999,1.81
197,3,2000,1.77
197,3,2001,1.86
197,3,2002,1.96
197,3,2003,2.17
197,3,2004,2.36
197,3,2005,2.46
197,3,2006,2.36
197,3,2007,2.28
197,3,2008,2.24
197,3,2009,2.19
197,3,2010,2.1
197,3,2011,1.97
197,3,2012,1.84
197,3,2013,1.7
197,3,2014,1.63
197,3,2015,1.5
197,3,2016,1.45
197,3,2017,1.45
197,3,2018,1.55
197,3,2019,1.59
197,3,2020,1.56
197,3,2021,1.53
197,3,2022,1.51
197,3,2023,1.5
198,3,1980,1.06
198,3,1981,1.09
198,3,1982,1.13
198,3,1983,1.2
198,3,1984,1.24
198,3,1985,1.29
198,3,1986,1.36
198,3,1987,1.41
198,3,1988,1.38
198,3,1989,1.4
198,3,1990,1.41
198,3,1991,1.43
198,3,1992,1.43
198,3,1993,1.49
198,3,1994,1.55
198,3,1995,1.64
198,3,1996,1.65
198,3,1997,1.58
198,3,1998,1.49
198,3,1999,1.37
198,3,2000,1.3
198,3,2001,1.25
198,3,2002,1.19
198,3,2003,1.14
198,3,2004,1.07
198,3,2005,1.01
198,3,2006,0.96
198,3,2007,0.9
198,3,2008,0.89
198,3,2009,0.86
198,3,2010,0.85
198,3,2011,0.86
198,3,2012,0.85
198,3,2013,0.83
198,3,2014,0.8
198,3,2015,0.78
198,3,2016,0.75
198,3,2017,0.72
198,3,2018,0.71
198,3,2019,0.7
198,3,2020,0.67
198,3,2021,0.68
198,3,2022,0.64
198,3,2023,0.62
200,3,1980,6.61
200,3,1981,6.77
200,3,1982,6.9
200,3,1983,7.08
200,3,1984,7.23
200,3,1985,7.46
200,3,1986,7.72
200,3,1987,8.07
200,3,1988,8.25
200,3,1989,8.35
200,3,1990,8.55
200,3,1991,8.64
200,3,1992,8.7
200,3,1993,8.79
200,3,1994,8.75
200,3,1995,8.69
200,3,1996,8.58
200,3,1997,8.42
200,3,1998,8.27
200,3,1999,7.89
200,3,2000,7.67
200,3,2001,7.34
200,3,2002,6.85
200,3,2003,6.42
200,3,2004,6.05
200,3,2005,5.84
200,3,2006,5.75
200,3,2007,5.51
200,3,2008,6.06
200,3,2009,6.77
200,3,2010,7.03
200,3,2011,7.41
200,3,2012,7.75
200,3,2013,7.64
200,3,2014,8.11
200,3,2015,8.93
200,3,2016,9.26
200,3,2017,9.48
200,3,2018,9.44
200,3,2019,9.63
200,3,2020,9.53
200,3,2021,9.15
200,3,2022,8.69
200,3,2023,8.71
201,3,1980,1.77
201,3,1981,1.79
201,3,1982,1.83
201,3,1983,1.91
201,3,1984,2.11
201,3,1985,2.3
201,3,1986,2.44
201,3,1987,2.57
201,3,1988,2.64
201,3,1989,2.72
201,3,1990,2.8
201,3,1991,2.83
201,3,1992,2.89
201,3,1993,2.98
201,3,1994,2.98
201,3,1995,3.04
201,3,1996,3.12
201,3,1997,3.22
201,3,1998,3.34
201,3,1999,3.37
201,3,2000,3.44
201,3,2001,3.48
201,3,2002,3.52
201,3,2003,3.53
201,3,2004,3.57
201,3,2005,3.59
201,3,2006,3.52
201,3,2007,3.34
201,3,2008,3.27
201,3,2009,3.24
201,3,2010,3.21
201,3,2011,3.15
201,3,2012,3.21
201,3,2013,3.29
201,3,2014,3.39
201,3,2015,3.55
201,3,2016,3.73
201,3,2017,3.89
201,3,2018,3.66
201,3,2019,3.78
201,3,2020,3.72
201,3,2021,3.83
201,3,2022,4.3
201,3,2023,4.57
202,3,1980,3.42
202,3,1981,3.56
202,3,1982,3.66
202,3,1983,3.71
202,3,1984,3.81
202,3,1985,4.01
202,3,1986,4.08
202,3,1987,4.33
202,3,1988,4.51
202,3,1989,4.71
202,3,1990,4.85
202,3,1991,4.96
202,3,1992,4.9
202,3,1993,4.86
202,3,1994,4.83
202,3,1995,4.84
202,3,1996,4.92
202,3,1997,5.04
202,3,1998,5.24
202,3,1999,5.29
202,3,2000,5.42
202,3,2001,5.55
202,3,2002,5.68
202,3,2003,5.79
202,3,2004,5.97
202,3,2005,6.17
202,3,2006,6.56
202,3,2007,6.83
202,3,2008,7.28
202,3,2009,7.96
202,3,2010,8.62
202,3,2011,9.12
202,3,2012,9.29
202,3,2013,9.55
202,3,2014,9.78
202,3,2015,9.87
202,3,2016,10.03
202,3,2017,10.04
202,3,2018,10.18
202,3,2019,10.09
202,3,2020,9.9
202,3,2021,9.66
202,3,2022,9.81
202,3,2023,10.01
203,3,1980,0.37
203,3,1981,0.38
203,3,1982,0.38
203,3,1983,0.39
203,3,1984,0.39
203,3,1985,0.41
203,3,1986,0.42
203,3,1987,0.43
203,3,1988,0.45
203,3,1989,0.47
203,3,1990,0.49
203,3,1991,0.5
203,3,1992,0.51
203,3,1993,0.51
203,3,1994,0.51
203,3,1995,0.57
203,3,1996,0.5
203,3,1997,0.48
203,3,1998,0.47
203,3,1999,0.45
203,3,2000,0.44
203,3,2001,0.43
203,3,2002,0.41
203,3,2003,0.42
203,3,2004,0.43
203,3,2005,0.44
203,3,2006,0.46
203,3,2007,0.48
203,3,2008,0.48
203,3,2009,0.48
203,3,2010,0.5
203,3,2011,0.5
203,3,2012,0.51
203,3,2013,0.52
203,3,2014,0.55
203,3,2015,0.57
203,3,2016,0.58
203,3,2017,0.59
203,3,2018,0.69
203,3,2019,0.7
203,3,2020,0.69
203,3,2021,0.73
203,3,2022,0.75
203,3,2023,0.76
204,3,1980,1.1
204,3,1981,1.09
204,3,1982,1.09
204,3,1983,1.1
204,3,1984,1.12
204,3,1985,1.12
204,3,1986,1.11
204,3,1987,1.12
204,3,1988,1.1
204,3,1989,1.1
204,3,1990,1.17
204,3,1991,1.13
204,3,1992,1.15
204,3,1993,1.19
204,3,1994,1.18
204,3,1995,1.22
204,3,1996,1.32
204,3,1997,1.38
204,3,1998,1.46
204,3,1999,1.55
204,3,2000,1.67
204,3,2001,1.82
204,3,2002,1.97
204,3,2003,2.14
204,3,2004,2.32
204,3,2005,2.51
204,3,2006,2.68
204,3,2007,2.81
204,3,2008,2.95
204,3,2009,3.11
204,3,2010,3.3
204,3,2011,3.2
204,3,2012,3.1
204,3,2013,3.12
204,3,2014,3
204,3,2015,2.64
204,3,2016,2.39
204,3,2017,2.36
204,3,2018,2.35
204,3,2019,2.34
204,3,2020,2.33
204,3,2021,2.27
204,3,2022,2.45
204,3,2023,2.49
205,3,1980,1.04
205,3,1981,1.06
205,3,1982,1.07
205,3,1983,1.1
205,3,1984,1.11
205,3,1985,1.16
205,3,1986,1.19
205,3,1987,1.21
205,3,1988,1.25
205,3,1989,1.27
205,3,1990,1.31
205,3,1991,1.41
205,3,1992,1.51
205,3,1993,1.67
205,3,1994,1.84
205,3,1995,1.94
205,3,1996,2.12
205,3,1997,2.33
205,3,1998,2.53
205,3,1999,2.56
205,3,2000,2.62
205,3,2001,2.63
205,3,2002,2.63
205,3,2003,2.56
205,3,2004,2.52
205,3,2005,2.52
205,3,2006,2.51
205,3,2007,2.34
205,3,2008,2.31
205,3,2009,2.22
205,3,2010,2.06
205,3,2011,2.01
205,3,2012,1.98
205,3,2013,1.98
205,3,2014,1.93
205,3,2015,1.93
205,3,2016,1.99
205,3,2017,2
205,3,2018,2.04
205,3,2019,2.03
205,3,2020,2.02
205,3,2021,2.05
205,3,2022,2.21
205,3,2023,2.25
206,3,1980,0.9
206,3,1981,0.89
206,3,1982,0.87
206,3,1983,0.88
206,3,1984,0.88
206,3,1985,0.87
206,3,1986,0.9
206,3,1987,0.93
206,3,1988,0.96
206,3,1989,0.98
206,3,1990,1.13
206,3,1991,1.21
206,3,1992,1.32
206,3,1993,1.36
206,3,1994,1.38
206,3,1995,1.56
206,3,1996,1.51
206,3,1997,1.55
206,3,1998,1.68
206,3,1999,1.8
206,3,2000,1.71
206,3,2001,1.61
206,3,2002,1.55
206,3,2003,1.56
206,3,2004,1.66
206,3,2005,1.66
206,3,2006,1.58
206,3,2007,1.52
206,3,2008,1.42
206,3,2009,1.38
206,3,2010,1.41
206,3,2011,1.32
206,3,2012,1.34
206,3,2013,1.37
206,3,2014,1.51
206,3,2015,1.49
206,3,2016,1.63
206,3,2017,1.85
206,3,2018,1.9
206,3,2019,2.04
206,3,2020,2
206,3,2021,2.06
206,3,2022,2.09
206,3,2023,2.13
207,3,1980,0.9
207,3,1981,0.9
207,3,1982,0.9
207,3,1983,0.9
207,3,1984,0.88
207,3,1985,0.87
207,3,1986,0.86
207,3,1987,0.85
207,3,1988,0.83
207,3,1989,0.83
207,3,1990,0.85
207,3,1991,0.87
207,3,1992,0.9
207,3,1993,0.93
207,3,1994,0.95
207,3,1995,0.95
207,3,1996,0.94
207,3,1997,0.93
207,3,1998,0.93
207,3,1999,0.91
207,3,2000,0.91
207,3,2001,0.92
207,3,2002,0.94
207,3,2003,0.95
207,3,2004,0.97
207,3,2005,1.01
207,3,2006,1.06
207,3,2007,1.08
207,3,2008,1.14
207,3,2009,1.16
207,3,2010,1.26
207,3,2011,1.35
207,3,2012,1.41
207,3,2013,1.51
207,3,2014,1.65
207,3,2015,1.82
207,3,2016,1.95
207,3,2017,2.06
207,3,2018,2.18
207,3,2019,2.29
207,3,2020,2.31
207,3,2021,2.4
207,3,2022,2.56
207,3,2023,2.61
208,3,1980,1.78
208,3,1981,1.83
208,3,1982,1.97
208,3,1983,1.97
208,3,1984,2.07
208,3,1985,2.21
208,3,1986,2.43
208,3,1987,2.6
208,3,1988,2.77
208,3,1989,2.95
208,3,1990,3.13
208,3,1991,3.32
208,3,1992,3.53
208,3,1993,3.71
208,3,1994,3.82
208,3,1995,3.94
208,3,1996,3.99
208,3,1997,3.95
208,3,1998,3.88
208,3,1999,3.72
208,3,2000,3.51
208,3,2001,3.46
208,3,2002,3.34
208,3,2003,3.18
208,3,2004,3.1
208,3,2005,3.03
208,3,2006,2.99
208,3,2007,2.91
208,3,2008,2.84
208,3,2009,2.87
208,3,2010,2.87
208,3,2011,2.94
208,3,2012,3.05
208,3,2013,3.04
208,3,2014,3.01
208,3,2015,3
208,3,2016,3.06
208,3,2017,3.08
208,3,2018,3.14
208,3,2019,3.13
208,3,2020,3.04
208,3,2021,3.05
208,3,2022,3.19
208,3,2023,3.18
209,3,1980,1
209,3,1981,1.01
209,3,1982,1.01
209,3,1983,1.02
209,3,1984,1.05
209,3,1985,1.07
209,3,1986,1.11
209,3,1987,1.16
209,3,1988,1.2
209,3,1989,1.26
209,3,1990,1.32
209,3,1991,1.36
209,3,1992,1.38
209,3,1993,1.39
209,3,1994,1.39
209,3,1995,1.37
209,3,1996,1.43
209,3,1997,1.39
209,3,1998,1.3
209,3,1999,1.23
209,3,2000,1.19
209,3,2001,1.16
209,3,2002,1.13
209,3,2003,1.05
209,3,2004,0.97
209,3,2005,0.94
209,3,2006,0.87
209,3,2007,0.84
209,3,2008,0.84
209,3,2009,0.84
209,3,2010,0.86
209,3,2011,0.86
209,3,2012,0.85
209,3,2013,0.85
209,3,2014,0.84
209,3,2015,0.87
209,3,2016,0.92
209,3,2017,0.95
209,3,2018,0.87
209,3,2019,0.91
209,3,2020,0.92
209,3,2021,0.9
209,3,2022,0.99
209,3,2023,1.03
210,3,1980,1.16
210,3,1981,1.15
210,3,1982,1.13
210,3,1983,1.12
210,3,1984,1.1
210,3,1985,1.09
210,3,1986,1.08
210,3,1987,1.09
210,3,1988,1.11
210,3,1989,1.14
210,3,1990,1.17
210,3,1991,1.09
210,3,1992,0.99
210,3,1993,1.05
210,3,1994,1.1
210,3,1995,1.02
210,3,1996,1.09
210,3,1997,1.09
210,3,1998,1.19
210,3,1999,1.28
210,3,2000,1.33
210,3,2001,1.36
210,3,2002,1.39
210,3,2003,1.38
210,3,2004,1.38
210,3,2005,1.34
210,3,2006,1.38
210,3,2007,1.41
210,3,2008,1.44
210,3,2009,1.43
210,3,2010,1.34
210,3,2011,1.24
210,3,2012,1.29
210,3,2013,1.45
210,3,2014,1.51
210,3,2015,1.6
210,3,2016,1.71
210,3,2017,1.75
210,3,2018,1.96
210,3,2019,2.03
210,3,2020,2.04
210,3,2021,2.22
210,3,2022,2.08
210,3,2023,2.08
211,3,1980,1.15
211,3,1981,1.03
211,3,1982,1.18
211,3,1983,1.21
211,3,1984,1.28
211,3,1985,1.44
211,3,1986,1.63
211,3,1987,1.87
211,3,1988,2.18
211,3,1989,2.54
211,3,1990,2.96
211,3,1991,3.43
211,3,1992,3.9
211,3,1993,4.39
211,3,1994,4.81
211,3,1995,5.26
211,3,1996,5.37
211,3,1997,5.39
211,3,1998,5.44
211,3,1999,5.4
211,3,2000,5.41
211,3,2001,5.4
211,3,2002,5.22
211,3,2003,5.03
211,3,2004,4.94
211,3,2005,4.93
211,3,2006,4.98
211,3,2007,4.96
211,3,2008,5.1
211,3,2009,5.43
211,3,2010,5.63
211,3,2011,5.71
211,3,2012,5.8
211,3,2013,5.53
211,3,2014,5.62
211,3,2015,6.01
211,3,2016,6.24
211,3,2017,6.5
211,3,2018,6.62
211,3,2019,6.42
211,3,2020,6.14
211,3,2021,6.31
211,3,2022,6.24
211,3,2023,6.13
212,3,1980,1.03
212,3,1981,1.05
212,3,1982,1.06
212,3,1983,1.09
212,3,1984,1.16
212,3,1985,1.21
212,3,1986,1.26
212,3,1987,1.34
212,3,1988,1.4
212,3,1989,1.46
212,3,1990,1.54
212,3,1991,1.58
212,3,1992,1.63
212,3,1993,1.67
212,3,1994,1.59
212,3,1995,1.58
212,3,1996,1.59
212,3,1997,1.57
212,3,1998,1.58
212,3,1999,1.48
212,3,2000,1.45
212,3,2001,1.41
212,3,2002,1.36
212,3,2003,1.27
212,3,2004,1.25
212,3,2005,1.21
212,3,2006,1.21
212,3,2007,1.12
212,3,2008,1.06
212,3,2009,1.08
212,3,2010,1.05
212,3,2011,1.01
212,3,2012,1.04
212,3,2013,1.23
212,3,2014,1.2
212,3,2015,1.01
212,3,2016,1.02
212,3,2017,1.09
212,3,2018,1.1
212,3,2019,1.18
212,3,2020,1.16
212,3,2021,1.23
212,3,2022,1.31
212,3,2023,1.34
213,3,1980,1.17
213,3,1981,1.17
213,3,1982,1.19
213,3,1983,1.2
213,3,1984,1.21
213,3,1985,1.23
213,3,1986,1.25
213,3,1987,1.27
213,3,1988,1.3
213,3,1989,1.32
213,3,1990,1.42
213,3,1991,1.54
213,3,1992,1.66
213,3,1993,1.78
213,3,1994,1.91
213,3,1995,2.07
213,3,1996,2.26
213,3,1997,2.43
213,3,1998,2.61
213,3,1999,2.65
213,3,2000,2.74
213,3,2001,2.76
213,3,2002,2.86
213,3,2003,2.83
213,3,2004,2.81
213,3,2005,2.82
213,3,2006,2.87
213,3,2007,2.82
213,3,2008,2.66
213,3,2009,2.73
213,3,2010,2.78
213,3,2011,2.82
213,3,2012,2.85
213,3,2013,2.86
213,3,2014,2.81
213,3,2015,2.76
213,3,2016,2.73
213,3,2017,2.73
213,3,2018,2.65
213,3,2019,2.62
213,3,2020,2.55
213,3,2021,2.59
213,3,2022,2.63
213,3,2023,2.65
214,3,1980,2.24
214,3,1981,2.16
214,3,1982,2.08
214,3,1983,2.04
214,3,1984,1.96
214,3,1985,1.9
214,3,1986,1.84
214,3,1987,1.81
214,3,1988,1.75
214,3,1989,1.73
214,3,1990,1.7
214,3,1991,1.7
214,3,1992,1.68
214,3,1993,1.68
214,3,1994,1.69
214,3,1995,1.74
214,3,1996,1.83
214,3,1997,1.97
214,3,1998,2.16
214,3,1999,2.35
214,3,2000,2.63
214,3,2001,2.9
214,3,2002,3.19
214,3,2003,3.44
214,3,2004,3.6
214,3,2005,3.74
214,3,2006,3.89
214,3,2007,3.98
214,3,2008,4.07
214,3,2009,4.18
214,3,2010,4.34
214,3,2011,4.35
214,3,2012,4.34
214,3,2013,4.44
214,3,2014,4.37
214,3,2015,4.32
214,3,2016,4.06
214,3,2017,4.09
214,3,2018,3.76
214,3,2019,3.66
214,3,2020,3.64
214,3,2021,3.62
214,3,2022,3.78
214,3,2023,3.82
215,3,1980,0.92
215,3,1981,0.93
215,3,1982,0.93
215,3,1983,0.94
215,3,1984,0.97
215,3,1985,1.02
215,3,1986,1.03
215,3,1987,1.12
215,3,1988,1.19
215,3,1989,1.23
215,3,1990,1.28
215,3,1991,1.29
215,3,1992,1.3
215,3,1993,1.29
215,3,1994,1.3
215,3,1995,1.25
215,3,1996,1.3
215,3,1997,1.37
215,3,1998,1.5
215,3,1999,1.67
215,3,2000,1.81
215,3,2001,2.06
215,3,2002,2.21
215,3,2003,2.54
215,3,2004,3.2
215,3,2005,3.42
215,3,2006,4.2
215,3,2007,4.32
215,3,2008,4.54
215,3,2009,5.15
215,3,2010,5.12
215,3,2011,4.99
215,3,2012,5.17
215,3,2013,5.02
215,3,2014,5.09
215,3,2015,4.73
215,3,2016,4.2
215,3,2017,4.02
215,3,2018,4.12
215,3,2019,3.87
215,3,2020,4.24
215,3,2021,4.22
215,3,2022,3.86
215,3,2023,3.79
216,3,1980,0.62
216,3,1981,0.64
216,3,1982,0.64
216,3,1983,0.67
216,3,1984,0.7
216,3,1985,0.72
216,3,1986,0.73
216,3,1987,0.76
216,3,1988,0.8
216,3,1989,0.89
216,3,1990,0.88
216,3,1991,0.91
216,3,1992,0.94
216,3,1993,0.94
216,3,1994,0.97
216,3,1995,0.98
216,3,1996,1.01
216,3,1997,1.03
216,3,1998,1.04
216,3,1999,1.02
216,3,2000,0.97
216,3,2001,1.2
216,3,2002,1.2
216,3,2003,1.08
216,3,2004,1.13
216,3,2005,1.12
216,3,2006,1.07
216,3,2007,1.1
216,3,2008,1.1
216,3,2009,1.12
216,3,2010,1.05
216,3,2011,1.05
216,3,2012,1.03
216,3,2013,1.05
216,3,2014,1.14
216,3,2015,0.98
216,3,2016,1.04
216,3,2017,1.05
216,3,2018,1.14
216,3,2019,1.23
216,3,2020,1.17
216,3,2021,1.17
216,3,2022,1.33
216,3,2023,1.41
217,3,1980,2.36
217,3,1981,2.38
217,3,1982,2.4
217,3,1983,2.44
217,3,1984,2.47
217,3,1985,2.52
217,3,1986,2.55
217,3,1987,2.62
217,3,1988,2.65
217,3,1989,2.66
217,3,1990,2.68
217,3,1991,2.74
217,3,1992,2.75
217,3,1993,2.7
217,3,1994,2.7
217,3,1995,2.72
217,3,1996,2.68
217,3,1997,2.57
217,3,1998,2.58
217,3,1999,2.5
217,3,2000,2.45
217,3,2001,2.46
217,3,2002,2.54
217,3,2003,2.68
217,3,2004,2.9
217,3,2005,3.08
217,3,2006,3.4
217,3,2007,3.71
217,3,2008,3.93
217,3,2009,4.36
217,3,2010,4.86
217,3,2011,5.25
217,3,2012,5.97
217,3,2013,6.84
217,3,2014,7.42
217,3,2015,7.53
217,3,2016,8.17
217,3,2017,8.68
217,3,2018,8.76
217,3,2019,9.09
217,3,2020,8.95
217,3,2021,8.93
217,3,2022,9.07
217,3,2023,9.31
218,3,1980,1.24
218,3,1981,1.24
218,3,1982,1.23
218,3,1983,1.24
218,3,1984,1.26
218,3,1985,1.29
218,3,1986,1.33
218,3,1987,1.36
218,3,1988,1.41
218,3,1989,1.46
218,3,1990,1.54
218,3,1991,1.62
218,3,1992,1.7
218,3,1993,1.79
218,3,1994,1.9
218,3,1995,2.07
218,3,1996,2.3
218,3,1997,2.6
218,3,1998,3.02
218,3,1999,3.41
218,3,2000,3.96
218,3,2001,4.5
218,3,2002,5.07
218,3,2003,5.53
218,3,2004,5.94
218,3,2005,6.53
218,3,2006,6.82
218,3,2007,6.96
218,3,2008,7.39
218,3,2009,7.94
218,3,2010,8.49
218,3,2011,8.61
218,3,2012,8.52
218,3,2013,8.3
218,3,2014,8.22
218,3,2015,8.34
218,3,2016,8.88
218,3,2017,9.38
218,3,2018,9.55
218,3,2019,9.88
218,3,2020,9.69
218,3,2021,9.91
218,3,2022,10.43
218,3,2023,10.5
298,3,1980,1.01
298,3,1981,1
298,3,1982,1.04
298,3,1983,1.03
298,3,1984,1.05
298,3,1985,1.03
298,3,1986,1.07
298,3,1987,1.08
298,3,1988,1.05
298,3,1989,1.02
298,3,1990,1.02
298,3,1991,1.03
298,3,1992,1.03
298,3,1993,1.03
298,3,1994,0.99
298,3,1995,0.97
298,3,1996,0.95
298,3,1997,0.93
298,3,1998,0.97
298,3,1999,1
298,3,2000,1.03
298,3,2001,1.04
298,3,2002,1.01
298,3,2003,1.05
298,3,2004,1.07
298,3,2005,1.08
298,3,2006,1.12
298,3,2007,1.16
298,3,2008,1.15
298,3,2009,1.17
298,3,2010,1.19
298,3,2011,1.19
298,3,2012,1.17
298,3,2013,1.19
298,3,2014,1.21
298,3,2015,1.19
298,3,2016,1.2
298,3,2017,1.23
298,3,2018,1.28
298,3,2019,1.32
298,3,2020,1.39
298,3,2021,1.54
298,3,2022,1.44
298,3,2023,1.39
305,3,1980,11.34
305,3,1981,11.13
305,3,1982,10.81
305,3,1983,10.79
305,3,1984,10.6
305,3,1985,10.87
305,3,1986,11.23
305,3,1987,11.56
305,3,1988,11.77
305,3,1989,11.62
305,3,1990,11.02
305,3,1991,10.52
305,3,1992,10.7
305,3,1993,10.52
305,3,1994,10.3
305,3,1995,9.42
305,3,1996,9.41
305,3,1997,9.61
305,3,1998,9.77
305,3,1999,9.42
305,3,2000,9.14
305,3,2001,8.65
305,3,2002,8.13
305,3,2003,8.01
305,3,2004,7.84
305,3,2005,8.6
305,3,2006,8.4
305,3,2007,7.93
305,3,2008,8.25
305,3,2009,8.18
305,3,2010,7.65
305,3,2011,7.8
305,3,2012,7.65
305,3,2013,7.9
305,3,2014,8.19
305,3,2015,8.3
305,3,2016,8.65
305,3,2017,8.38
305,3,2018,8.34
305,3,2019,8.32
305,3,2020,8.09
305,3,2021,8.17
305,3,2022,8.46
305,3,2023,8.74
320,3,1980,7.62
320,3,1981,7.61
320,3,1982,7.87
320,3,1983,8.06
320,3,1984,8.26
320,3,1985,8.5
320,3,1986,8.77
320,3,1987,8.96
320,3,1988,9.15
320,3,1989,9.24
320,3,1990,9.15
320,3,1991,9.14
320,3,1992,9.23
320,3,1993,9.33
320,3,1994,9.41
320,3,1995,9.86
320,3,1996,10.26
320,3,1997,10.16
320,3,1998,9.74
320,3,1999,9.82
320,3,2000,10.02
320,3,2001,9.66
320,3,2002,9.44
320,3,2003,9.39
320,3,2004,9.35
320,3,2005,9.24
320,3,2006,9.15
320,3,2007,8.95
320,3,2008,8.73
320,3,2009,9.41
320,3,2010,9.5
320,3,2011,9.28
320,3,2012,9.35
320,3,2013,9.87
320,3,2014,9.98
320,3,2015,9.71
320,3,2016,9.85
320,3,2017,9.81
320,3,2018,9.95
320,3,2019,9.92
320,3,2020,10.25
320,3,2021,11.03
320,3,2022,10.51
320,3,2023,10.63
349,3,1980,1.28
349,3,1981,1.26
349,3,1982,1.24
349,3,1983,1.23
349,3,1984,1.2
349,3,1985,1.24
349,3,1986,1.23
349,3,1987,1.26
349,3,1988,1.27
349,3,1989,1.21
349,3,1990,1.19
349,3,1991,1.19
349,3,1992,1.15
349,3,1993,1.13
349,3,1994,1.13
349,3,1995,1.1
349,3,1996,1.1
349,3,1997,1.07
349,3,1998,1.07
349,3,1999,1.06
349,3,2000,1.02
349,3,2001,1.2
349,3,2002,0.98
349,3,2003,0.92
349,3,2004,0.84
349,3,2005,0.77
349,3,2006,0.76
349,3,2007,0.72
349,3,2008,0.64
349,3,2009,0.74
349,3,2010,0.66
349,3,2011,0.57
349,3,2012,0.68
349,3,2013,0.69
349,3,2014,0.65
349,3,2015,0.64
349,3,2016,0.65
349,3,2017,0.67
349,3,2018,0.67
349,3,2019,0.72
349,3,2020,0.75
349,3,2021,0.81
349,3,2022,0.78
349,3,2023,0.76
351,3,1980,0.93
351,3,1981,0.93
351,3,1982,0.91
351,3,1983,0.88
351,3,1984,0.87
351,3,1985,0.87
351,3,1986,0.86
351,3,1987,0.87
351,3,1988,0.89
351,3,1989,0.92
351,3,1990,0.94
351,3,1991,0.95
351,3,1992,0.96
351,3,1993,0.95
351,3,1994,0.93
351,3,1995,0.57
351,3,1996,0.44
351,3,1997,0.61
351,3,1998,0.72
351,3,1999,0.93
351,3,2000,1.47
351,3,2001,1.36
351,3,2002,0.99
351,3,2003,1.21
351,3,2004,1.33
351,3,2005,1.36
351,3,2006,2.19
351,3,2007,2.36
351,3,2008,1.95
351,3,2009,1.95
351,3,2010,2.01
351,3,2011,2.11
351,3,2012,2.02
351,3,2013,2.36
351,3,2014,2.05
351,3,2015,1.87
351,3,2016,1.39
351,3,2017,1.46
351,3,2018,1.94
351,3,2019,2.15
351,3,2020,2.01
351,3,2021,2.03
351,3,2022,1.96
351,3,2023,1.9
367,3,1980,1.35
367,3,1981,1.36
367,3,1982,1.38
367,3,1983,1.43
367,3,1984,1.42
367,3,1985,1.43
367,3,1986,1.45
367,3,1987,1.45
367,3,1988,1.45
367,3,1989,1.43
367,3,1990,1.43
367,3,1991,1.41
367,3,1992,1.4
367,3,1993,1.37
367,3,1994,1.35
367,3,1995,1.32
367,3,1996,1.27
367,3,1997,1.27
367,3,1998,1.26
367,3,1999,1.22
367,3,2000,1.18
367,3,2001,1.15
367,3,2002,1.13
367,3,2003,1.12
367,3,2004,1.12
367,3,2005,1.12
367,3,2006,1.13
367,3,2007,1.13
367,3,2008,1.13
367,3,2009,1.08
367,3,2010,1.05
367,3,2011,1.04
367,3,2012,1.01
367,3,2013,0.98
367,3,2014,0.97
367,3,2015,0.95
367,3,2016,0.94
367,3,2017,0.92
367,3,2018,0.92
367,3,2019,0.91
367,3,2020,0.9
367,3,2021,0.89
367,3,2022,0.89
367,3,2023,0.91
369,3,1980,16.63
369,3,1981,16.39
369,3,1982,16.14
369,3,1983,16.59
369,3,1984,16.82
369,3,1985,18.36
369,3,1986,18.49
369,3,1987,18.72
369,3,1988,18.88
369,3,1989,18.95
369,3,1990,19.97
369,3,1991,20.2
369,3,1992,21.8
369,3,1993,21.96
369,3,1994,23.08
369,3,1995,21.57
369,3,1996,22.44
369,3,1997,22.28
369,3,1998,22.35
369,3,1999,22.24
369,3,2000,22.23
369,3,2001,23.47
369,3,2002,23.85
369,3,2003,23.76
369,3,2004,23.66
369,3,2005,23.7
369,3,2006,24.63
369,3,2007,22.71
369,3,2008,23.44
369,3,2009,24.5
369,3,2010,25.7
369,3,2011,27.16
369,3,2012,26.21
369,3,2013,25.17
369,3,2014,24.06
369,3,2015,22.94
369,3,2016,21.78
369,3,2017,19.63
369,3,2018,19.65
369,3,2019,19
369,3,2020,19.41
369,3,2021,21.57
369,3,2022,19.19
369,3,2023,18.91
374,3,1980,1.81
374,3,1981,1.84
374,3,1982,1.86
374,3,1983,1.91
374,3,1984,1.9
374,3,1985,1.9
374,3,1986,1.91
374,3,1987,1.94
374,3,1988,1.96
374,3,1989,1.96
374,3,1990,1.96
374,3,1991,1.95
374,3,1992,1.97
374,3,1993,2
374,3,1994,2.02
374,3,1995,2.02
374,3,1996,2.02
374,3,1997,2.02
374,3,1998,2.04
374,3,1999,2.03
374,3,2000,2.02
374,3,2001,2.03
374,3,2002,2.04
374,3,2003,2.06
374,3,2004,2.08
374,3,2005,2.11
374,3,2006,2.13
374,3,2007,2.14
374,3,2008,2.14
374,3,2009,2.15
374,3,2010,2.15
374,3,2011,2.11
374,3,2012,2.07
374,3,2013,2.03
374,3,2014,2.01
374,3,2015,2
374,3,2016,1.99
374,3,2017,1.98
374,3,2018,1.98
374,3,2019,1.97
374,3,2020,1.94
374,3,2021,2.07
374,3,2022,2.02
374,3,2023,2.05
376,3,1980,1.88
376,3,1981,1.94
376,3,1982,1.81
376,3,1983,1.73
376,3,1984,1.56
376,3,1985,1.38
376,3,1986,1.39
376,3,1987,1.4
376,3,1988,1.37
376,3,1989,1.34
376,3,1990,1.33
376,3,1991,1.34
376,3,1992,1.37
376,3,1993,1.4
376,3,1994,1.45
376,3,1995,1.5
376,3,1996,1.58
376,3,1997,1.59
376,3,1998,1.45
376,3,1999,1.43
376,3,2000,1.35
376,3,2001,1.43
376,3,2002,1.46
376,3,2003,1.53
376,3,2004,1.61
376,3,2005,1.68
376,3,2006,1.73
376,3,2007,1.75
376,3,2008,1.8
376,3,2009,1.83
376,3,2010,1.73
376,3,2011,1.81
376,3,2012,1.72
376,3,2013,1.75
376,3,2014,1.73
376,3,2015,1.72
376,3,2016,1.71
376,3,2017,1.69
376,3,2018,1.71
376,3,2019,1.75
376,3,2020,1.76
376,3,2021,1.88
376,3,2022,1.68
376,3,2023,1.72
380,3,1980,3.65
380,3,1981,3.64
380,3,1982,3.61
380,3,1983,3.61
380,3,1984,3.6
380,3,1985,3.59
380,3,1986,3.58
380,3,1987,3.52
380,3,1988,3.51
380,3,1989,3.49
380,3,1990,3.48
380,3,1991,3.47
380,3,1992,3.47
380,3,1993,3.47
380,3,1994,3.47
380,3,1995,3.48
380,3,1996,3.49
380,3,1997,3.48
380,3,1998,3.5
380,3,1999,3.48
380,3,2000,3.46
380,3,2001,3.43
380,3,2002,3.38
380,3,2003,3.33
380,3,2004,3.28
380,3,2005,3.23
380,3,2006,3.18
380,3,2007,3.12
380,3,2008,3
380,3,2009,2.89
380,3,2010,2.79
380,3,2011,2.69
380,3,2012,2.61
380,3,2013,2.97
380,3,2014,2.95
380,3,2015,2.93
380,3,2016,2.91
380,3,2017,2.89
380,3,2018,2.9
380,3,2019,2.99
380,3,2020,3.09
380,3,2021,3.3
380,3,2022,3.07
380,3,2023,3.07
385,3,1980,0.75
385,3,1981,0.71
385,3,1982,0.68
385,3,1983,0.72
385,3,1984,0.75
385,3,1985,0.77
385,3,1986,0.81
385,3,1987,0.89
385,3,1988,0.87
385,3,1989,0.86
385,3,1990,0.83
385,3,1991,0.82
385,3,1992,0.83
385,3,1993,0.82
385,3,1994,0.83
385,3,1995,0.88
385,3,1996,0.93
385,3,1997,1.01
385,3,1998,1.11
385,3,1999,1.3
385,3,2000,1.4
385,3,2001,1.41
385,3,2002,1.4
385,3,2003,1.44
385,3,2004,1.52
385,3,2005,1.86
385,3,2006,2.1
385,3,2007,1.99
385,3,2008,1.92
385,3,2009,1.84
385,3,2010,1.74
385,3,2011,1.75
385,3,2012,1.87
385,3,2013,1.87
385,3,2014,1.98
385,3,2015,2.02
385,3,2016,1.92
385,3,2017,1.79
385,3,2018,2.06
385,3,2019,2.12
385,3,2020,2.5
385,3,2021,2.85
385,3,2022,2.77
385,3,2023,2.5
393,3,1980,1.58
393,3,1981,1.41
393,3,1982,1.36
393,3,1983,1.36
393,3,1984,1.33
393,3,1985,1.35
393,3,1986,1.39
393,3,1987,1.44
393,3,1988,1.44
393,3,1989,1.42
393,3,1990,1.35
393,3,1991,1.31
393,3,1992,1.33
393,3,1993,1.32
393,3,1994,1.34
393,3,1995,1.29
393,3,1996,1.27
393,3,1997,1.22
393,3,1998,1.21
393,3,1999,1.25
393,3,2000,1.3
393,3,2001,1.31
393,3,2002,1.33
393,3,2003,1.23
393,3,2004,1.2
393,3,2005,1.4
393,3,2006,1.55
393,3,2007,1.5
393,3,2008,1.43
393,3,2009,1.47
393,3,2010,1.42
393,3,2011,1.5
393,3,2012,1.66
393,3,2013,1.88
393,3,2014,2.04
393,3,2015,2.13
393,3,2016,2.09
393,3,2017,2.05
393,3,2018,2
393,3,2019,1.94
393,3,2020,1.96
393,3,2021,1.94
393,3,2022,1.8
393,3,2023,1.78
396,3,1980,4.22
396,3,1981,4.22
396,3,1982,4.28
396,3,1983,4.28
396,3,1984,4.26
396,3,1985,4.33
396,3,1986,4.36
396,3,1987,4.35
396,3,1988,4.41
396,3,1989,4.36
396,3,1990,4.02
396,3,1991,3.91
396,3,1992,3.94
396,3,1993,4.06
396,3,1994,4.05
396,3,1995,4.03
396,3,1996,4.05
396,3,1997,4.09
396,3,1998,4.1
396,3,1999,4.14
396,3,2000,4.18
396,3,2001,4.18
396,3,2002,4.08
396,3,2003,4.02
396,3,2004,3.9
396,3,2005,3.9
396,3,2006,3.75
396,3,2007,3.58
396,3,2008,3.47
396,3,2009,3.36
396,3,2010,3.27
396,3,2011,3.12
396,3,2012,2.98
396,3,2013,2.84
396,3,2014,2.79
396,3,2015,2.73
396,3,2016,2.62
396,3,2017,2.67
396,3,2018,2.61
396,3,2019,2.48
396,3,2020,2.49
396,3,2021,2.68
396,3,2022,1.97
396,3,2023,2.83
413,3,1980,0.8
413,3,1981,0.82
413,3,1982,0.82
413,3,1983,0.82
413,3,1984,0.83
413,3,1985,0.83
413,3,1986,0.84
413,3,1987,0.86
413,3,1988,0.88
413,3,1989,0.89
413,3,1990,0.91
413,3,1991,0.93
413,3,1992,0.94
413,3,1993,0.96
413,3,1994,0.97
413,3,1995,0.98
413,3,1996,0.99
413,3,1997,0.99
413,3,1998,0.99
413,3,1999,0.99
413,3,2000,0.99
413,3,2001,0.99
413,3,2002,1.01
413,3,2003,1.02
413,3,2004,1.04
413,3,2005,1.05
413,3,2006,1.06
413,3,2007,1.06
413,3,2008,1.06
413,3,2009,1.05
413,3,2010,1.04
413,3,2011,1.03
413,3,2012,1.02
413,3,2013,1.02
413,3,2014,1.02
413,3,2015,1.02
413,3,2016,1.03
413,3,2017,1.04
413,3,2018,1.05
413,3,2019,1.05
413,3,2020,1.03
413,3,2021,1.11
413,3,2022,1.11
413,3,2023,1.13
416,3,1980,3.64
416,3,1981,3.72
416,3,1982,3.74
416,3,1983,4.02
416,3,1984,4.25
416,3,1985,4.48
416,3,1986,4.72
416,3,1987,5.17
416,3,1988,5.62
416,3,1989,6.01
416,3,1990,6.48
416,3,1991,7.31
416,3,1992,7.93
416,3,1993,8.64
416,3,1994,9.32
416,3,1995,9.93
416,3,1996,10.51
416,3,1997,11.03
416,3,1998,11.65
416,3,1999,12.4
416,3,2000,12.9
416,3,2001,13.3
416,3,2002,13.73
416,3,2003,14.08
416,3,2004,14.36
416,3,2005,15.27
416,3,2006,16.78
416,3,2007,17.12
416,3,2008,17.6
416,3,2009,15.94
416,3,2010,14.31
416,3,2011,12.16
416,3,2012,10.78
416,3,2013,9.55
416,3,2014,8.47
416,3,2015,7.59
416,3,2016,6.53
416,3,2017,6.31
416,3,2018,5.96
416,3,2019,5.52
416,3,2020,5.65
416,3,2021,6.73
416,3,2022,6.61
416,3,2023,6.54
422,3,1980,1.02
422,3,1981,1.01
422,3,1982,0.98
422,3,1983,0.99
422,3,1984,1
422,3,1985,1.02
422,3,1986,1.04
422,3,1987,1.06
422,3,1988,1.07
422,3,1989,1.07
422,3,1990,1.08
422,3,1991,1.12
422,3,1992,1.17
422,3,1993,1.21
422,3,1994,1.21
422,3,1995,1.22
422,3,1996,1.52
422,3,1997,1.8
422,3,1998,2.12
422,3,1999,2.26
422,3,2000,2.48
422,3,2001,2.43
422,3,2002,2.33
422,3,2003,2.25
422,3,2004,2.22
422,3,2005,2.43
422,3,2006,2.64
422,3,2007,2.59
422,3,2008,2.48
422,3,2009,2.49
422,3,2010,2.43
422,3,2011,2.6
422,3,2012,3.06
422,3,2013,3.23
422,3,2014,3.67
422,3,2015,3.86
422,3,2016,3.99
422,3,2017,3.96
422,3,2018,3.89
422,3,2019,3.69
422,3,2020,3.76
422,3,2021,4.26
422,3,2022,4.27
422,3,2023,4.03
435,3,1980,2.54
435,3,1981,2.54
435,3,1982,2.53
435,3,1983,2.56
435,3,1984,2.52
435,3,1985,2.83
435,3,1986,2.91
435,3,1987,2.96
435,3,1988,2.93
435,3,1989,2.97
435,3,1990,2.79
435,3,1991,2.75
435,3,1992,2.82
435,3,1993,2.87
435,3,1994,2.9
435,3,1995,3.07
435,3,1996,3.04
435,3,1997,2.87
435,3,1998,2.89
435,3,1999,2.85
435,3,2000,2.85
435,3,2001,2.7
435,3,2002,2.66
435,3,2003,2.7
435,3,2004,2.75
435,3,2005,2.75
435,3,2006,2.87
435,3,2007,2.93
435,3,2008,3.01
435,3,2009,3.22
435,3,2010,3.4
435,3,2011,3.5
435,3,2012,3.6
435,3,2013,3.76
435,3,2014,3.91
435,3,2015,4.05
435,3,2016,4.15
435,3,2017,4.1
435,3,2018,4.04
435,3,2019,4.01
435,3,2020,4.05
435,3,2021,3.89
435,3,2022,4.2
435,3,2023,4.3
522,3,1980,1.7
522,3,1981,1.69
522,3,1982,1.67
522,3,1983,1.65
522,3,1984,1.65
522,3,1985,1.64
522,3,1986,1.66
522,3,1987,1.68
522,3,1988,1.68
522,3,1989,1.67
522,3,1990,1.7
522,3,1991,1.72
522,3,1992,1.74
522,3,1993,1.8
522,3,1994,1.81
522,3,1995,1.84
522,3,1996,1.87
522,3,1997,1.88
522,3,1998,1.9
522,3,1999,1.91
522,3,2000,1.93
522,3,2001,1.95
522,3,2002,2
522,3,2003,2.04
522,3,2004,2.11
522,3,2005,2.17
522,3,2006,2.23
522,3,2007,2.29
522,3,2008,2.42
522,3,2009,2.52
522,3,2010,2.69
522,3,2011,2.69
522,3,2012,2.73
522,3,2013,2.8
522,3,2014,2.95
522,3,2015,3.01
522,3,2016,3.11
522,3,2017,3.15
522,3,2018,3.2
522,3,2019,3.26
522,3,2020,3.33
522,3,2021,3.36
522,3,2022,3.33
522,3,2023,3.3
