location,sex,year,breast_cancer_deaths_rate_age_standardized
6,2,1980,11.38
6,2,1981,11.38
6,2,1982,11.27
6,2,1983,10.92
6,2,1984,10.53
6,2,1985,10.26
6,2,1986,10.16
6,2,1987,10.18
6,2,1988,10.33
6,2,1989,10.49
6,2,1990,10.65
6,2,1991,10.71
6,2,1992,10.72
6,2,1993,10.68
6,2,1994,10.64
6,2,1995,10.64
6,2,1996,10.64
6,2,1997,10.62
6,2,1998,10.56
6,2,1999,10.51
6,2,2000,10.43
6,2,2001,10.24
6,2,2002,9.88
6,2,2003,9.52
6,2,2004,9.12
6,2,2005,8.89
6,2,2006,8.71
6,2,2007,8.59
6,2,2008,8.37
6,2,2009,8.19
6,2,2010,8.02
6,2,2011,7.7
6,2,2012,7.34
6,2,2013,7
6,2,2014,6.89
6,2,2015,6.79
6,2,2016,6.81
6,2,2017,6.85
6,2,2018,6.65
6,2,2019,6.33
6,2,2020,6.14
6,2,2021,6.46
6,2,2022,6.85
6,2,2023,6.76
7,2,1980,7.91
7,2,1981,7.84
7,2,1982,7.77
7,2,1983,7.69
7,2,1984,7.66
7,2,1985,7.63
7,2,1986,7.61
7,2,1987,7.58
7,2,1988,7.59
7,2,1989,7.65
7,2,1990,7.72
7,2,1991,7.85
7,2,1992,7.95
7,2,1993,8.03
7,2,1994,8.12
7,2,1995,8.17
7,2,1996,8.24
7,2,1997,8.31
7,2,1998,8.44
7,2,1999,8.6
7,2,2000,8.74
7,2,2001,8.89
7,2,2002,9.05
7,2,2003,9.25
7,2,2004,9.53
7,2,2005,9.81
7,2,2006,10.04
7,2,2007,10.22
7,2,2008,10.4
7,2,2009,10.59
7,2,2010,10.84
7,2,2011,11.05
7,2,2012,11.34
7,2,2013,11.46
7,2,2014,11.65
7,2,2015,11.87
7,2,2016,12.12
7,2,2017,12.39
7,2,2018,12.8
7,2,2019,13.18
7,2,2020,13.31
7,2,2021,13.64
7,2,2022,14.45
7,2,2023,14.66
8,2,1980,7.17
8,2,1981,8.09
8,2,1982,8.24
8,2,1983,8.69
8,2,1984,9.02
8,2,1985,9.77
8,2,1986,9.96
8,2,1987,9.82
8,2,1988,10.35
8,2,1989,11.03
8,2,1990,11.39
8,2,1991,11.76
8,2,1992,11.97
8,2,1993,12.57
8,2,1994,12.59
8,2,1995,12.99
8,2,1996,13.16
8,2,1997,13.4
8,2,1998,12.96
8,2,1999,13.23
8,2,2000,13.39
8,2,2001,13.74
8,2,2002,13.88
8,2,2003,14.26
8,2,2004,13.71
8,2,2005,13.64
8,2,2006,13.57
8,2,2007,13.88
8,2,2008,13.33
8,2,2009,13.21
8,2,2010,13.57
8,2,2011,13.93
8,2,2012,13.93
8,2,2013,14.03
8,2,2014,14.01
8,2,2015,14.16
8,2,2016,14.06
8,2,2017,14.34
8,2,2018,14.03
8,2,2019,13.86
8,2,2020,13.51
8,2,2021,13.88
8,2,2022,13.89
8,2,2023,14.05
10,2,1980,8.94
10,2,1981,8.93
10,2,1982,8.91
10,2,1983,8.86
10,2,1984,8.84
10,2,1985,8.88
10,2,1986,8.88
10,2,1987,8.91
10,2,1988,9.03
10,2,1989,9.19
10,2,1990,9.36
10,2,1991,9.58
10,2,1992,9.87
10,2,1993,10.16
10,2,1994,10.39
10,2,1995,10.57
10,2,1996,10.58
10,2,1997,10.61
10,2,1998,10.78
10,2,1999,10.7
10,2,2000,10.66
10,2,2001,10.92
10,2,2002,11.11
10,2,2003,11.15
10,2,2004,11.34
10,2,2005,11.69
10,2,2006,11.86
10,2,2007,12.36
10,2,2008,12.62
10,2,2009,12.88
10,2,2010,13.2
10,2,2011,13.39
10,2,2012,13.78
10,2,2013,14.11
10,2,2014,14.28
10,2,2015,14.56
10,2,2016,14.83
10,2,2017,14.85
10,2,2018,15.11
10,2,2019,15.57
10,2,2020,15.98
10,2,2021,15.39
10,2,2022,16.55
10,2,2023,17.71
11,2,1980,9.15
11,2,1981,9.29
11,2,1982,9.39
11,2,1983,9.44
11,2,1984,9.51
11,2,1985,9.56
11,2,1986,9.64
11,2,1987,9.71
11,2,1988,9.82
11,2,1989,9.99
11,2,1990,10.1
11,2,1991,10.18
11,2,1992,10.27
11,2,1993,10.38
11,2,1994,10.5
11,2,1995,10.59
11,2,1996,10.72
11,2,1997,10.91
11,2,1998,10.97
11,2,1999,11.03
11,2,2000,11.06
11,2,2001,10.98
11,2,2002,11.03
11,2,2003,11.16
11,2,2004,12.53
11,2,2005,11.72
11,2,2006,12.03
11,2,2007,12.47
11,2,2008,13.01
11,2,2009,13.53
11,2,2010,14.02
11,2,2011,14.46
11,2,2012,14.65
11,2,2013,14.75
11,2,2014,14.91
11,2,2015,15.12
11,2,2016,15.37
11,2,2017,15.65
11,2,2018,15.98
11,2,2019,16.29
11,2,2020,17.04
11,2,2021,18.66
11,2,2022,17.43
11,2,2023,17.98
12,2,1980,8.7
12,2,1981,8.69
12,2,1982,8.68
12,2,1983,8.66
12,2,1984,8.63
12,2,1985,8.65
12,2,1986,8.71
12,2,1987,8.8
12,2,1988,8.93
12,2,1989,9.14
12,2,1990,9.4
12,2,1991,9.67
12,2,1992,9.95
12,2,1993,10.33
12,2,1994,10.7
12,2,1995,10.86
12,2,1996,11.12
12,2,1997,11.38
12,2,1998,11.75
12,2,1999,12
12,2,2000,12.14
12,2,2001,12.46
12,2,2002,12.74
12,2,2003,13.03
12,2,2004,13.3
12,2,2005,13.69
12,2,2006,14.1
12,2,2007,14.69
12,2,2008,15.25
12,2,2009,16.1
12,2,2010,16.95
12,2,2011,17.86
12,2,2012,18.43
12,2,2013,19.5
12,2,2014,20.44
12,2,2015,21.57
12,2,2016,22.45
12,2,2017,23.22
12,2,2018,23.94
12,2,2019,24.79
12,2,2020,25.81
12,2,2021,25.96
12,2,2022,28.53
12,2,2023,29.56
13,2,1980,11.36
13,2,1981,11.12
13,2,1982,10.79
13,2,1983,11.18
13,2,1984,11.55
13,2,1985,11.85
13,2,1986,12.19
13,2,1987,12.6
13,2,1988,13.19
13,2,1989,13.9
13,2,1990,14.51
13,2,1991,14.99
13,2,1992,15.23
13,2,1993,15.46
13,2,1994,15.98
13,2,1995,16.22
13,2,1996,16.56
13,2,1997,16.87
13,2,1998,17.49
13,2,1999,17.79
13,2,2000,17.99
13,2,2001,18.2
13,2,2002,18.39
13,2,2003,18.46
13,2,2004,18.48
13,2,2005,18.5
13,2,2006,18.42
13,2,2007,18.52
13,2,2008,18.72
13,2,2009,18.83
13,2,2010,19.17
13,2,2011,19.26
13,2,2012,19.48
13,2,2013,20.08
13,2,2014,20.42
13,2,2015,20.86
13,2,2016,21.33
13,2,2017,21.63
13,2,2018,21.72
13,2,2019,21.14
13,2,2020,20.94
13,2,2021,22.97
13,2,2022,24.03
13,2,2023,23.68
14,2,1980,9.32
14,2,1981,9.05
14,2,1982,8.73
14,2,1983,8.59
14,2,1984,8.55
14,2,1985,8.55
14,2,1986,8.61
14,2,1987,8.71
14,2,1988,8.86
14,2,1989,9.12
14,2,1990,9.37
14,2,1991,9.8
14,2,1992,10.2
14,2,1993,10.52
14,2,1994,10.74
14,2,1995,11.19
14,2,1996,11.71
14,2,1997,12.15
14,2,1998,12.32
14,2,1999,12.55
14,2,2000,12.78
14,2,2001,13.02
14,2,2002,13.17
14,2,2003,13.3
14,2,2004,13.55
14,2,2005,13.39
14,2,2006,13.39
14,2,2007,13.41
14,2,2008,13.35
14,2,2009,13.24
14,2,2010,13.15
14,2,2011,13.06
14,2,2012,12.88
14,2,2013,12.76
14,2,2014,12.62
14,2,2015,12.63
14,2,2016,12.63
14,2,2017,12.79
14,2,2018,12.91
14,2,2019,13.11
14,2,2020,13.09
14,2,2021,13.28
14,2,2022,13.47
14,2,2023,13.56
15,2,1980,14.23
15,2,1981,14.27
15,2,1982,14.3
15,2,1983,14.32
15,2,1984,14.37
15,2,1985,14.45
15,2,1986,14.63
15,2,1987,14.82
15,2,1988,15.06
15,2,1989,15.33
15,2,1990,15.66
15,2,1991,16.11
15,2,1992,16.42
15,2,1993,16.7
15,2,1994,16.94
15,2,1995,17.23
15,2,1996,17.37
15,2,1997,17.61
15,2,1998,17.97
15,2,1999,18.12
15,2,2000,18.3
15,2,2001,18.35
15,2,2002,18.35
15,2,2003,18.25
15,2,2004,18.3
15,2,2005,18.34
15,2,2006,18.12
15,2,2007,17.98
15,2,2008,20.54
15,2,2009,17.77
15,2,2010,17.75
15,2,2011,17.84
15,2,2012,17.7
15,2,2013,17.99
15,2,2014,18.46
15,2,2015,18.77
15,2,2016,19.26
15,2,2017,19.7
15,2,2018,20.15
15,2,2019,20.97
15,2,2020,21.77
15,2,2021,23.67
15,2,2022,23.52
15,2,2023,24.71
16,2,1980,15.88
16,2,1981,16.33
16,2,1982,16.55
16,2,1983,16.72
16,2,1984,17.18
16,2,1985,17.47
16,2,1986,17.84
16,2,1987,17.84
16,2,1988,17.81
16,2,1989,17.81
16,2,1990,17.74
16,2,1991,17.78
16,2,1992,18.05
16,2,1993,18.54
16,2,1994,19
16,2,1995,19.36
16,2,1996,19.76
16,2,1997,19.92
16,2,1998,20.04
16,2,1999,20.34
16,2,2000,20.72
16,2,2001,21.12
16,2,2002,21.34
16,2,2003,20.79
16,2,2004,20.31
16,2,2005,20.39
16,2,2006,20.18
16,2,2007,19.98
16,2,2008,20.18
16,2,2009,20.5
16,2,2010,20.7
16,2,2011,20.92
16,2,2012,21.39
16,2,2013,21.82
16,2,2014,22.08
16,2,2015,22.58
16,2,2016,23.11
16,2,2017,23.34
16,2,2018,23.56
16,2,2019,23.97
16,2,2020,23.54
16,2,2021,26.71
16,2,2022,26.12
16,2,2023,25.03
17,2,1980,9.97
17,2,1981,9.72
17,2,1982,10.09
17,2,1983,10.14
17,2,1984,10.41
17,2,1985,10.66
17,2,1986,10.91
17,2,1987,10.86
17,2,1988,11.15
17,2,1989,11.17
17,2,1990,11.31
17,2,1991,11.3
17,2,1992,11.24
17,2,1993,11.21
17,2,1994,11.42
17,2,1995,11.44
17,2,1996,11.91
17,2,1997,11.87
17,2,1998,12.13
17,2,1999,11.84
17,2,2000,11.54
17,2,2001,11.61
17,2,2002,11.44
17,2,2003,11.28
17,2,2004,13.47
17,2,2005,11.93
17,2,2006,12.35
17,2,2007,12.53
17,2,2008,12.73
17,2,2009,12.85
17,2,2010,13.01
17,2,2011,13.07
17,2,2012,13.06
17,2,2013,13.19
17,2,2014,13.29
17,2,2015,13.37
17,2,2016,13.47
17,2,2017,13.74
17,2,2018,13.67
17,2,2019,13.21
17,2,2020,13.38
17,2,2021,13.7
17,2,2022,16.78
17,2,2023,17.47
18,2,1980,12.08
18,2,1981,12.36
18,2,1982,12.78
18,2,1983,12.92
18,2,1984,12.61
18,2,1985,12.39
18,2,1986,12.52
18,2,1987,12.82
18,2,1988,13.22
18,2,1989,13.79
18,2,1990,14.27
18,2,1991,14.83
18,2,1992,15.45
18,2,1993,15.9
18,2,1994,16.5
18,2,1995,16.89
18,2,1996,16.11
18,2,1997,14.87
18,2,1998,15.77
18,2,1999,18.32
18,2,2000,19.94
18,2,2001,20.67
18,2,2002,20.48
18,2,2003,20.69
18,2,2004,20.94
18,2,2005,20.54
18,2,2006,20.48
18,2,2007,20.49
18,2,2008,20.13
18,2,2009,19.46
18,2,2010,19.17
18,2,2011,18.39
18,2,2012,17.53
18,2,2013,16.95
18,2,2014,16.47
18,2,2015,16.2
18,2,2016,15.93
18,2,2017,15.12
18,2,2018,14.68
18,2,2019,14.91
18,2,2020,14.79
18,2,2021,15.03
18,2,2022,15.78
18,2,2023,15.76
19,2,1980,9.39
19,2,1981,9.34
19,2,1982,9.23
19,2,1983,9.07
19,2,1984,8.94
19,2,1985,8.87
19,2,1986,8.84
19,2,1987,8.85
19,2,1988,8.96
19,2,1989,9.11
19,2,1990,9.3
19,2,1991,9.44
19,2,1992,9.66
19,2,1993,9.87
19,2,1994,10.02
19,2,1995,10.18
19,2,1996,10.31
19,2,1997,10.37
19,2,1998,10.52
19,2,1999,10.48
19,2,2000,10.76
19,2,2001,10.79
19,2,2002,10.61
19,2,2003,10.79
19,2,2004,10.32
19,2,2005,10.61
19,2,2006,10.67
19,2,2007,10.88
19,2,2008,10.76
19,2,2009,11.44
19,2,2010,11.78
19,2,2011,13
19,2,2012,13.74
19,2,2013,14.02
19,2,2014,14.27
19,2,2015,14.63
19,2,2016,15.03
19,2,2017,15.51
19,2,2018,15.91
19,2,2019,16.33
19,2,2020,17.05
19,2,2021,17.27
19,2,2022,17.76
19,2,2023,18.56
20,2,1980,6.92
20,2,1981,6.98
20,2,1982,7.01
20,2,1983,7.01
20,2,1984,7.02
20,2,1985,7.05
20,2,1986,7.08
20,2,1987,7.13
20,2,1988,7.23
20,2,1989,7.36
20,2,1990,7.5
20,2,1991,7.66
20,2,1992,7.83
20,2,1993,7.99
20,2,1994,8.13
20,2,1995,8.25
20,2,1996,8.32
20,2,1997,8.42
20,2,1998,8.54
20,2,1999,8.54
20,2,2000,8.56
20,2,2001,8.64
20,2,2002,8.77
20,2,2003,8.94
20,2,2004,9.14
20,2,2005,9.35
20,2,2006,9.55
20,2,2007,9.83
20,2,2008,10.12
20,2,2009,10.41
20,2,2010,10.74
20,2,2011,10.95
20,2,2012,11.14
20,2,2013,11.35
20,2,2014,11.58
20,2,2015,11.81
20,2,2016,12.07
20,2,2017,12.21
20,2,2018,12.37
20,2,2019,12.58
20,2,2020,12.72
20,2,2021,12.51
20,2,2022,12.96
20,2,2023,13.47
22,2,1980,28.63
22,2,1981,27.43
22,2,1982,27.39
22,2,1983,27.34
22,2,1984,27.53
22,2,1985,26.62
22,2,1986,25.88
22,2,1987,26.22
22,2,1988,26.63
22,2,1989,27.1
22,2,1990,27.65
22,2,1991,28.32
22,2,1992,29.02
22,2,1993,29.45
22,2,1994,29.94
22,2,1995,30.43
22,2,1996,30.88
22,2,1997,31.46
22,2,1998,32.66
22,2,1999,33.35
22,2,2000,33.72
22,2,2001,34.81
22,2,2002,35.12
22,2,2003,36.41
22,2,2004,37.37
22,2,2005,37.91
22,2,2006,38.2
22,2,2007,38.87
22,2,2008,39.2
22,2,2009,39.81
22,2,2010,40.11
22,2,2011,40.53
22,2,2012,40.63
22,2,2013,40.46
22,2,2014,40.37
22,2,2015,40.57
22,2,2016,40.6
22,2,2017,40.45
22,2,2018,40.94
22,2,2019,41.02
22,2,2020,41.37
22,2,2021,41.22
22,2,2022,44.04
22,2,2023,45.66
23,2,1980,10.95
23,2,1981,10.71
23,2,1982,10.43
23,2,1983,10.12
23,2,1984,9.84
23,2,1985,9.63
23,2,1986,9.48
23,2,1987,9.38
23,2,1988,9.35
23,2,1989,9.39
23,2,1990,9.45
23,2,1991,9.53
23,2,1992,9.62
23,2,1993,9.87
23,2,1994,10.32
23,2,1995,10.86
23,2,1996,11.15
23,2,1997,11.44
23,2,1998,11.84
23,2,1999,12.22
23,2,2000,12.6
23,2,2001,12.87
23,2,2002,13.13
23,2,2003,13.31
23,2,2004,13.46
23,2,2005,13.59
23,2,2006,13.66
23,2,2007,13.73
23,2,2008,13.79
23,2,2009,13.84
23,2,2010,13.86
23,2,2011,13.85
23,2,2012,13.87
23,2,2013,13.9
23,2,2014,13.9
23,2,2015,14.01
23,2,2016,14.13
23,2,2017,14.29
23,2,2018,14.85
23,2,2019,14.68
23,2,2020,14.87
23,2,2021,15.54
23,2,2022,16.06
23,2,2023,16.5
24,2,1980,30.47
24,2,1981,30.24
24,2,1982,29.85
24,2,1983,29.37
24,2,1984,28.91
24,2,1985,28.62
24,2,1986,28.45
24,2,1987,28.24
24,2,1988,28.14
24,2,1989,28.31
24,2,1990,28.52
24,2,1991,28.98
24,2,1992,29.35
24,2,1993,29.73
24,2,1994,30.15
24,2,1995,30.49
24,2,1996,30.82
24,2,1997,31.33
24,2,1998,32.07
24,2,1999,32.67
24,2,2000,34.01
24,2,2001,34.01
24,2,2002,34.86
24,2,2003,35.59
24,2,2004,36.24
24,2,2005,36.75
24,2,2006,37.2
24,2,2007,37.84
24,2,2008,38.51
24,2,2009,39.36
24,2,2010,40.23
24,2,2011,41.13
24,2,2012,42.07
24,2,2013,43.06
24,2,2014,43.89
24,2,2015,44.72
24,2,2016,45.63
24,2,2017,46.59
24,2,2018,47.45
24,2,2019,48.38
24,2,2020,50.1
24,2,2021,53.96
24,2,2022,54.74
24,2,2023,56.71
25,2,1980,23.18
25,2,1981,22.98
25,2,1982,22.72
25,2,1983,22.66
25,2,1984,22.4
25,2,1985,22.24
25,2,1986,22.15
25,2,1987,22.17
25,2,1988,22.34
25,2,1989,22.6
25,2,1990,22.81
25,2,1991,23.12
25,2,1992,23.23
25,2,1993,23.59
25,2,1994,24
25,2,1995,24.36
25,2,1996,24.74
25,2,1997,25.13
25,2,1998,25.63
25,2,1999,26
25,2,2000,27.62
25,2,2001,26.72
25,2,2002,27.18
25,2,2003,27.42
25,2,2004,27.67
25,2,2005,27.79
25,2,2006,27.76
25,2,2007,27.65
25,2,2008,27.49
25,2,2009,27.46
25,2,2010,27.53
25,2,2011,27.77
25,2,2012,28.03
25,2,2013,28.24
25,2,2014,28.36
25,2,2015,28.54
25,2,2016,28.73
25,2,2017,28.91
25,2,2018,28.87
25,2,2019,28.88
25,2,2020,29.31
25,2,2021,31.64
25,2,2022,29.62
25,2,2023,30.26
26,2,1980,17.78
26,2,1981,17.55
26,2,1982,17.04
26,2,1983,16.79
26,2,1984,16.48
26,2,1985,16.27
26,2,1986,16.14
26,2,1987,16.02
26,2,1988,15.98
26,2,1989,16.15
26,2,1990,16.26
26,2,1991,16.44
26,2,1992,16.65
26,2,1993,16.94
26,2,1994,17.24
26,2,1995,17.41
26,2,1996,17.85
26,2,1997,17.86
26,2,1998,17.87
26,2,1999,18.4
26,2,2000,18.46
26,2,2001,18.13
26,2,2002,18.07
26,2,2003,17.77
26,2,2004,17.4
26,2,2005,17.22
26,2,2006,17.16
26,2,2007,17.88
26,2,2008,18.03
26,2,2009,17.9
26,2,2010,18.99
26,2,2011,19.62
26,2,2012,19.74
26,2,2013,19.06
26,2,2014,19.41
26,2,2015,20.25
26,2,2016,19.67
26,2,2017,19.8
26,2,2018,19.72
26,2,2019,20.6
26,2,2020,20.02
26,2,2021,19.47
26,2,2022,22.22
26,2,2023,22.81
27,2,1980,9.86
27,2,1981,9.85
27,2,1982,9.78
27,2,1983,9.62
27,2,1984,9.11
27,2,1985,9.07
27,2,1986,9.06
27,2,1987,9.08
27,2,1988,9.16
27,2,1989,9.3
27,2,1990,9.43
27,2,1991,9.66
27,2,1992,9.86
27,2,1993,10.05
27,2,1994,10.26
27,2,1995,10.51
27,2,1996,10.8
27,2,1997,11.09
27,2,1998,11.41
27,2,1999,11.68
27,2,2000,11.92
27,2,2001,12.16
27,2,2002,12.34
27,2,2003,12.43
27,2,2004,12.49
27,2,2005,12.49
27,2,2006,12.47
27,2,2007,12.39
27,2,2008,12.3
27,2,2009,12.23
27,2,2010,12.04
27,2,2011,11.96
27,2,2012,11.85
27,2,2013,11.81
27,2,2014,11.77
27,2,2015,11.78
27,2,2016,11.86
27,2,2017,11.97
27,2,2018,12.09
27,2,2019,12.66
27,2,2020,12.42
27,2,2021,13.22
27,2,2022,13.62
27,2,2023,14.46
28,2,1980,20.29
28,2,1981,19.99
28,2,1982,19.65
28,2,1983,19.22
28,2,1984,18.24
28,2,1985,17.81
28,2,1986,17.66
28,2,1987,17.45
28,2,1988,17.06
28,2,1989,17.18
28,2,1990,17.17
28,2,1991,17.75
28,2,1992,17.63
28,2,1993,17.94
28,2,1994,18.38
28,2,1995,18.28
28,2,1996,18.58
28,2,1997,19.24
28,2,1998,19.61
28,2,1999,19.61
28,2,2000,20.35
28,2,2001,20
28,2,2002,19.87
28,2,2003,19.86
28,2,2004,19.69
28,2,2005,20.29
28,2,2006,20.84
28,2,2007,20.44
28,2,2008,20.07
28,2,2009,21.89
28,2,2010,21.8
28,2,2011,24.77
28,2,2012,26.29
28,2,2013,27.48
28,2,2014,29.47
28,2,2015,29.97
28,2,2016,29.3
28,2,2017,29.95
28,2,2018,30.26
28,2,2019,31.4
28,2,2020,32.35
28,2,2021,32.35
28,2,2022,35.58
28,2,2023,36.39
29,2,1980,23.7
29,2,1981,23.82
29,2,1982,23.83
29,2,1983,23.82
29,2,1984,23.7
29,2,1985,23.68
29,2,1986,23.68
29,2,1987,23.73
29,2,1988,23.97
29,2,1989,24.4
29,2,1990,24.81
29,2,1991,25.36
29,2,1992,25.78
29,2,1993,26.28
29,2,1994,26.72
29,2,1995,27.17
29,2,1996,27.53
29,2,1997,27.83
29,2,1998,28.29
29,2,1999,28.85
29,2,2000,29.33
29,2,2001,29.74
29,2,2002,30.06
29,2,2003,30.49
29,2,2004,31.18
29,2,2005,31.52
29,2,2006,31.76
29,2,2007,31.88
29,2,2008,32.13
29,2,2009,33.75
29,2,2010,32.87
29,2,2011,33.26
29,2,2012,33.68
29,2,2013,34.18
29,2,2014,34.57
29,2,2015,35.11
29,2,2016,35.8
29,2,2017,36.37
29,2,2018,36.91
29,2,2019,37.47
29,2,2020,39.21
29,2,2021,43.97
29,2,2022,42.5
29,2,2023,43.98
30,2,1980,12.73
30,2,1981,12.53
30,2,1982,12.4
30,2,1983,11.81
30,2,1984,11.49
30,2,1985,11.26
30,2,1986,11.11
30,2,1987,10.99
30,2,1988,11.02
30,2,1989,11.08
30,2,1990,11.29
30,2,1991,12.02
30,2,1992,12.55
30,2,1993,12.93
30,2,1994,14.01
30,2,1995,13.56
30,2,1996,14.02
30,2,1997,14.12
30,2,1998,14.31
30,2,1999,14.68
30,2,2000,13.71
30,2,2001,14.12
30,2,2002,12.69
30,2,2003,11.75
30,2,2004,11.78
30,2,2005,12.75
30,2,2006,13.16
30,2,2007,13.99
30,2,2008,14.58
30,2,2009,14.6
30,2,2010,14.86
30,2,2011,15.8
30,2,2012,16.25
30,2,2013,16.83
30,2,2014,17.4
30,2,2015,17.77
30,2,2016,18.12
30,2,2017,18.39
30,2,2018,18.63
30,2,2019,18.78
30,2,2020,19
30,2,2021,18.56
30,2,2022,19.88
30,2,2023,20.53
33,2,1980,19.37
33,2,1981,19.08
33,2,1982,18.44
33,2,1983,18.63
33,2,1984,19.5
33,2,1985,20.05
33,2,1986,20.55
33,2,1987,21.45
33,2,1988,19.92
33,2,1989,24.79
33,2,1990,27.74
33,2,1991,27.94
33,2,1992,28.77
33,2,1993,28.95
33,2,1994,28.49
33,2,1995,28.17
33,2,1996,28.73
33,2,1997,29.02
33,2,1998,30.1
33,2,1999,30.95
33,2,2000,30.49
33,2,2001,30.37
33,2,2002,30.86
33,2,2003,31.06
33,2,2004,30.35
33,2,2005,27.24
33,2,2006,26.34
33,2,2007,26.98
33,2,2008,26.95
33,2,2009,27.22
33,2,2010,27.05
33,2,2011,26.39
33,2,2012,25.77
33,2,2013,23.55
33,2,2014,22.56
33,2,2015,22.5
33,2,2016,21.35
33,2,2017,20.61
33,2,2018,19.8
33,2,2019,20.12
33,2,2020,19.31
33,2,2021,19.04
33,2,2022,17.88
33,2,2023,15.17
34,2,1980,16.51
34,2,1981,16.66
34,2,1982,16.93
34,2,1983,17.37
34,2,1984,17.73
34,2,1985,18.02
34,2,1986,18.12
34,2,1987,18.12
34,2,1988,17.81
34,2,1989,17.42
34,2,1990,17.11
34,2,1991,17.26
34,2,1992,17.72
34,2,1993,18.19
34,2,1994,18.23
34,2,1995,18.04
34,2,1996,17.72
34,2,1997,17.31
34,2,1998,16.91
34,2,1999,16.57
34,2,2000,16.03
34,2,2001,15.43
34,2,2002,15.24
34,2,2003,15.23
34,2,2004,15.07
34,2,2005,15.16
34,2,2006,15.37
34,2,2007,15.43
34,2,2008,15.49
34,2,2009,15.49
34,2,2010,15.4
34,2,2011,15.18
34,2,2012,14.93
34,2,2013,14.84
34,2,2014,14.84
34,2,2015,14.78
34,2,2016,14.92
34,2,2017,15.02
34,2,2018,15.14
34,2,2019,16.06
34,2,2020,17.05
34,2,2021,16.82
34,2,2022,14.07
34,2,2023,14.07
35,2,1980,21.67
35,2,1981,21.66
35,2,1982,21.19
35,2,1983,21.79
35,2,1984,23.26
35,2,1985,24.09
35,2,1986,24.83
35,2,1987,25.87
35,2,1988,26.78
35,2,1989,27.55
35,2,1990,27.11
35,2,1991,26.17
35,2,1992,25.77
35,2,1993,24.12
35,2,1994,22.94
35,2,1995,21.99
35,2,1996,22.03
35,2,1997,22.67
35,2,1998,24.24
35,2,1999,25.81
35,2,2000,26.4
35,2,2001,26.99
35,2,2002,27.09
35,2,2003,26.03
35,2,2004,24.77
35,2,2005,23.33
35,2,2006,24.05
35,2,2007,23.8
35,2,2008,25.19
35,2,2009,26.56
35,2,2010,28
35,2,2011,29.25
35,2,2012,29.61
35,2,2013,28.97
35,2,2014,29.06
35,2,2015,31.1
35,2,2016,32.55
35,2,2017,31.85
35,2,2018,30.03
35,2,2019,28.3
35,2,2020,28.43
35,2,2021,27.71
35,2,2022,26.25
35,2,2023,25.19
36,2,1980,18.74
36,2,1981,18.16
36,2,1982,18.11
36,2,1983,18.6
36,2,1984,20.07
36,2,1985,20.32
36,2,1986,20.17
36,2,1987,20.96
36,2,1988,21.29
36,2,1989,21.71
36,2,1990,20.76
36,2,1991,16.8
36,2,1992,16.42
36,2,1993,16.65
36,2,1994,17.3
36,2,1995,17.29
36,2,1996,17.94
36,2,1997,18.1
36,2,1998,18.04
36,2,1999,18.64
36,2,2000,18.66
36,2,2001,18.54
36,2,2002,18.75
36,2,2003,18.32
36,2,2004,17.85
36,2,2005,18.08
36,2,2006,18.38
36,2,2007,18.29
36,2,2008,18.75
36,2,2009,18.41
36,2,2010,18.53
36,2,2011,18.54
36,2,2012,18.47
36,2,2013,16.52
36,2,2014,14.79
36,2,2015,14.04
36,2,2016,13.49
36,2,2017,12.99
36,2,2018,12.71
36,2,2019,12.25
36,2,2020,12.52
36,2,2021,12.67
36,2,2022,10.42
36,2,2023,10.6
37,2,1980,15.3
37,2,1981,15.38
37,2,1982,15.81
37,2,1983,16.19
37,2,1984,16.95
37,2,1985,17
37,2,1986,17.24
37,2,1987,16.82
37,2,1988,16.9
37,2,1989,16.79
37,2,1990,16.84
37,2,1991,16.53
37,2,1992,17.27
37,2,1993,17.95
37,2,1994,18.85
37,2,1995,18.13
37,2,1996,17.61
37,2,1997,17.25
37,2,1998,16.34
37,2,1999,16.22
37,2,2000,13.78
37,2,2001,13.54
37,2,2002,13.62
37,2,2003,14.05
37,2,2004,13.55
37,2,2005,12.79
37,2,2006,13.16
37,2,2007,13.16
37,2,2008,13.04
37,2,2009,13.28
37,2,2010,12.73
37,2,2011,13.21
37,2,2012,12.41
37,2,2013,11.82
37,2,2014,12.33
37,2,2015,12.14
37,2,2016,11.53
37,2,2017,11.29
37,2,2018,11.48
37,2,2019,10.21
37,2,2020,8.89
37,2,2021,9.83
37,2,2022,9.86
37,2,2023,10.59
38,2,1980,4.38
38,2,1981,4.56
38,2,1982,4.69
38,2,1983,4.83
38,2,1984,4.92
38,2,1985,4.95
38,2,1986,5
38,2,1987,5.1
38,2,1988,5.19
38,2,1989,5.52
38,2,1990,5.86
38,2,1991,6.27
38,2,1992,6.61
38,2,1993,6.8
38,2,1994,7.01
38,2,1995,7.36
38,2,1996,7.76
38,2,1997,7.96
38,2,1998,8.02
38,2,1999,7.95
38,2,2000,7.86
38,2,2001,7.66
38,2,2002,7.37
38,2,2003,7.1
38,2,2004,6.87
38,2,2005,6.75
38,2,2006,6.68
38,2,2007,6.62
38,2,2008,6.59
38,2,2009,6.57
38,2,2010,6.51
38,2,2011,6.47
38,2,2012,6.48
38,2,2013,6.47
38,2,2014,6.39
38,2,2015,6.25
38,2,2016,6.02
38,2,2017,5.92
38,2,2018,5.82
38,2,2019,5.56
38,2,2020,5.49
38,2,2021,6.19
38,2,2022,5.94
38,2,2023,5.83
39,2,1980,12.47
39,2,1981,12.67
39,2,1982,13.01
39,2,1983,13.36
39,2,1984,13.53
39,2,1985,13.57
39,2,1986,13.74
39,2,1987,13.79
39,2,1988,14.06
39,2,1989,14.45
39,2,1990,14.83
39,2,1991,15.66
39,2,1992,16.11
39,2,1993,17.11
39,2,1994,16.63
39,2,1995,15.61
39,2,1996,14.37
39,2,1997,13.5
39,2,1998,13.06
39,2,1999,12.77
39,2,2000,12.63
39,2,2001,12.69
39,2,2002,12.76
39,2,2003,12.95
39,2,2004,12.73
39,2,2005,12.13
39,2,2006,11.42
39,2,2007,10.85
39,2,2008,10.36
39,2,2009,10.03
39,2,2010,9.77
39,2,2011,9.44
39,2,2012,9.3
39,2,2013,9.14
39,2,2014,9.3
39,2,2015,9.63
39,2,2016,9.94
39,2,2017,10.29
39,2,2018,10.42
39,2,2019,11.07
39,2,2020,10.63
39,2,2021,11.54
39,2,2022,13.67
39,2,2023,13.95
40,2,1980,12.07
40,2,1981,11.99
40,2,1982,12.21
40,2,1983,12.22
40,2,1984,12.42
40,2,1985,12.64
40,2,1986,13.13
40,2,1987,13.36
40,2,1988,13.11
40,2,1989,13.63
40,2,1990,13.64
40,2,1991,11.49
40,2,1992,11.24
40,2,1993,11.9
40,2,1994,13.6
40,2,1995,14.12
40,2,1996,14.29
40,2,1997,13.92
40,2,1998,13.12
40,2,1999,11.55
40,2,2000,10.04
40,2,2001,9.93
40,2,2002,9.9
40,2,2003,9.87
40,2,2004,9.76
40,2,2005,9.77
40,2,2006,10.45
40,2,2007,10.99
40,2,2008,10.66
40,2,2009,11.01
40,2,2010,11.81
40,2,2011,12.09
40,2,2012,12.61
40,2,2013,12.84
40,2,2014,13.05
40,2,2015,12.66
40,2,2016,12.68
40,2,2017,12.91
40,2,2018,12.97
40,2,2019,13.11
40,2,2020,13.18
40,2,2021,13.71
40,2,2022,13.5
40,2,2023,13.45
41,2,1980,12.34
41,2,1981,12.38
41,2,1982,12.52
41,2,1983,12.55
41,2,1984,12.79
41,2,1985,12.85
41,2,1986,13.49
41,2,1987,13.69
41,2,1988,13.75
41,2,1989,13.98
41,2,1990,14.13
41,2,1991,13.94
41,2,1992,13.97
41,2,1993,14.39
41,2,1994,14.32
41,2,1995,14.08
41,2,1996,13.82
41,2,1997,13.47
41,2,1998,13.28
41,2,1999,13.59
41,2,2000,13.43
41,2,2001,13.05
41,2,2002,12.62
41,2,2003,12.45
41,2,2004,11.05
41,2,2005,10.69
41,2,2006,11.01
41,2,2007,11.34
41,2,2008,11.63
41,2,2009,11.53
41,2,2010,11.68
41,2,2011,11.69
41,2,2012,11.8
41,2,2013,12.04
41,2,2014,12.03
41,2,2015,12.27
41,2,2016,12.53
41,2,2017,13.05
41,2,2018,12.83
41,2,2019,12.29
41,2,2020,11.47
41,2,2021,10.91
41,2,2022,11.39
41,2,2023,11.42
43,2,1980,9.16
43,2,1981,9.17
43,2,1982,9.2
43,2,1983,9.24
43,2,1984,9.26
43,2,1985,9.3
43,2,1986,9.2
43,2,1987,9.06
43,2,1988,9
43,2,1989,9.03
43,2,1990,9.09
43,2,1991,8.98
43,2,1992,8.93
43,2,1993,8.95
43,2,1994,9.11
43,2,1995,9.09
43,2,1996,9.19
43,2,1997,9.32
43,2,1998,9.55
43,2,1999,9.74
43,2,2000,9.94
43,2,2001,10.07
43,2,2002,10.3
43,2,2003,10.6
43,2,2004,10.71
43,2,2005,10.7
43,2,2006,10.58
43,2,2007,10.33
43,2,2008,10.33
43,2,2009,10.28
43,2,2010,10.16
43,2,2011,9.96
43,2,2012,9.97
43,2,2013,10.09
43,2,2014,10.26
43,2,2015,10.42
43,2,2016,10.51
43,2,2017,10.63
43,2,2018,10.56
43,2,2019,10.65
43,2,2020,10.37
43,2,2021,10.42
43,2,2022,10.74
43,2,2023,10.03
44,2,1980,15.33
44,2,1981,15.64
44,2,1982,15.88
44,2,1983,15.92
44,2,1984,15.87
44,2,1985,15.9
44,2,1986,15.58
44,2,1987,15.46
44,2,1988,15.37
44,2,1989,15.06
44,2,1990,15.06
44,2,1991,14.52
44,2,1992,13.96
44,2,1993,13.61
44,2,1994,13.41
44,2,1995,13.45
44,2,1996,13.79
44,2,1997,14.3
44,2,1998,14.95
44,2,1999,15.58
44,2,2000,16.23
44,2,2001,16.88
44,2,2002,17.54
44,2,2003,18.31
44,2,2004,18.91
44,2,2005,19.39
44,2,2006,19.47
44,2,2007,19.5
44,2,2008,19.65
44,2,2009,19.75
44,2,2010,19.62
44,2,2011,19.46
44,2,2012,19.44
44,2,2013,19.38
44,2,2014,19.46
44,2,2015,19.62
44,2,2016,19.6
44,2,2017,19.73
44,2,2018,19.73
44,2,2019,20.07
44,2,2020,20.2
44,2,2021,19.9
44,2,2022,20.18
44,2,2023,19.7
45,2,1980,15.57
45,2,1981,16.37
45,2,1982,16.63
45,2,1983,16.89
45,2,1984,17.36
45,2,1985,17.84
45,2,1986,17.81
45,2,1987,17.76
45,2,1988,18.63
45,2,1989,18.82
45,2,1990,18.65
45,2,1991,18.74
45,2,1992,18.61
45,2,1993,18.72
45,2,1994,18.93
45,2,1995,19.6
45,2,1996,19.99
45,2,1997,19.89
45,2,1998,19.33
45,2,1999,19.6
45,2,2000,20.07
45,2,2001,19.78
45,2,2002,19.72
45,2,2003,19.94
45,2,2004,19.89
45,2,2005,20.73
45,2,2006,20.43
45,2,2007,20.24
45,2,2008,20.22
45,2,2009,19.43
45,2,2010,18.84
45,2,2011,19.87
45,2,2012,20.44
45,2,2013,20.31
45,2,2014,20.55
45,2,2015,20.48
45,2,2016,20.04
45,2,2017,19.64
45,2,2018,19.55
45,2,2019,19.93
45,2,2020,19.98
45,2,2021,19.54
45,2,2022,18.82
45,2,2023,17.84
46,2,1980,21.76
46,2,1981,22.02
46,2,1982,22.38
46,2,1983,22.7
46,2,1984,22.99
46,2,1985,23.2
46,2,1986,23.5
46,2,1987,23.27
46,2,1988,24.02
46,2,1989,24.02
46,2,1990,24.57
46,2,1991,24.5
46,2,1992,24.24
46,2,1993,23.87
46,2,1994,23.84
46,2,1995,24.24
46,2,1996,23.14
46,2,1997,23.68
46,2,1998,23.83
46,2,1999,24.16
46,2,2000,24.01
46,2,2001,23.79
46,2,2002,23.28
46,2,2003,23.4
46,2,2004,23.31
46,2,2005,23.43
46,2,2006,22.73
46,2,2007,22.29
46,2,2008,22.27
46,2,2009,22.64
46,2,2010,23.14
46,2,2011,22.6
46,2,2012,23.47
46,2,2013,23.46
46,2,2014,23.41
46,2,2015,22.61
46,2,2016,21.75
46,2,2017,19.97
46,2,2018,18.61
46,2,2019,17.94
46,2,2020,17.48
46,2,2021,17.26
46,2,2022,17.5
46,2,2023,16.53
47,2,1980,23.11
47,2,1981,23.38
47,2,1982,23.52
47,2,1983,23.67
47,2,1984,24.23
47,2,1985,25.21
47,2,1986,25.96
47,2,1987,26.19
47,2,1988,25.87
47,2,1989,25.86
47,2,1990,26.29
47,2,1991,26.53
47,2,1992,26.26
47,2,1993,26.64
47,2,1994,26.93
47,2,1995,26.8
47,2,1996,26.01
47,2,1997,25.53
47,2,1998,25.41
47,2,1999,24.93
47,2,2000,24.42
47,2,2001,24.26
47,2,2002,24.42
47,2,2003,24.08
47,2,2004,24.11
47,2,2005,23.17
47,2,2006,22.34
47,2,2007,21.03
47,2,2008,20.3
47,2,2009,19.76
47,2,2010,19.48
47,2,2011,18.97
47,2,2012,18.32
47,2,2013,18.05
47,2,2014,17.33
47,2,2015,17.2
47,2,2016,17.23
47,2,2017,16.97
47,2,2018,16.86
47,2,2019,17.07
47,2,2020,17.33
47,2,2021,17.51
47,2,2022,17.2
47,2,2023,16.22
48,2,1980,23.37
48,2,1981,24.09
48,2,1982,24.56
48,2,1983,24.04
48,2,1984,24.33
48,2,1985,25.19
48,2,1986,25.68
48,2,1987,26.27
48,2,1988,26.11
48,2,1989,26.3
48,2,1990,26.47
48,2,1991,27.07
48,2,1992,27.45
48,2,1993,27.89
48,2,1994,28
48,2,1995,27.35
48,2,1996,27.94
48,2,1997,27.88
48,2,1998,27.99
48,2,1999,27.89
48,2,2000,27.3
48,2,2001,26.58
48,2,2002,26
48,2,2003,25.84
48,2,2004,25.4
48,2,2005,24.54
48,2,2006,23.77
48,2,2007,23.02
48,2,2008,23.06
48,2,2009,23.01
48,2,2010,22.21
48,2,2011,22.06
48,2,2012,21.77
48,2,2013,21.66
48,2,2014,21.41
48,2,2015,21.58
48,2,2016,21.45
48,2,2017,20.96
48,2,2018,20.65
48,2,2019,20.69
48,2,2020,20.9
48,2,2021,20.66
48,2,2022,20.25
48,2,2023,19.77
49,2,1980,20.81
49,2,1981,20.63
49,2,1982,20.73
49,2,1983,20.44
49,2,1984,20.75
49,2,1985,20.93
49,2,1986,20.98
49,2,1987,20.98
49,2,1988,21.05
49,2,1989,20.88
49,2,1990,20.96
49,2,1991,21.07
49,2,1992,20.79
49,2,1993,20.83
49,2,1994,21.07
49,2,1995,21.68
49,2,1996,22.12
49,2,1997,22.51
49,2,1998,22.63
49,2,1999,23.04
49,2,2000,23.24
49,2,2001,22.97
49,2,2002,22.68
49,2,2003,22.31
49,2,2004,22.37
49,2,2005,22.65
49,2,2006,22.64
49,2,2007,22.84
49,2,2008,23.02
49,2,2009,23.01
49,2,2010,23.01
49,2,2011,22.81
49,2,2012,22.65
49,2,2013,22.65
49,2,2014,22.57
49,2,2015,22.86
49,2,2016,23.16
49,2,2017,23.63
49,2,2018,24.26
49,2,2019,25.43
49,2,2020,24.58
49,2,2021,23.93
49,2,2022,24.69
49,2,2023,23.65
50,2,1980,25.23
50,2,1981,25.44
50,2,1982,25.59
50,2,1983,25.7
50,2,1984,25.79
50,2,1985,25.76
50,2,1986,25.61
50,2,1987,25.35
50,2,1988,25.1
50,2,1989,24.91
50,2,1990,24.76
50,2,1991,24.81
50,2,1992,24.68
50,2,1993,24.81
50,2,1994,25.13
50,2,1995,25.42
50,2,1996,25.85
50,2,1997,26.24
50,2,1998,26.5
50,2,1999,26.57
50,2,2000,26.95
50,2,2001,27.4
50,2,2002,27.71
50,2,2003,27.69
50,2,2004,27.66
50,2,2005,27.53
50,2,2006,27.43
50,2,2007,27.29
50,2,2008,26.99
50,2,2009,26.86
50,2,2010,27.13
50,2,2011,27.11
50,2,2012,27.22
50,2,2013,27.44
50,2,2014,27.67
50,2,2015,28.1
50,2,2016,28.13
50,2,2017,28.21
50,2,2018,27.98
50,2,2019,28.22
50,2,2020,27.48
50,2,2021,25
50,2,2022,25.91
50,2,2023,26.99
51,2,1980,18.75
51,2,1981,18.99
51,2,1982,18.65
51,2,1983,18.76
51,2,1984,19.09
51,2,1985,19.33
51,2,1986,19.68
51,2,1987,19.62
51,2,1988,19.8
51,2,1989,19.88
51,2,1990,20.51
51,2,1991,20.53
51,2,1992,21.02
51,2,1993,21.12
51,2,1994,21.15
51,2,1995,21.64
51,2,1996,22.04
51,2,1997,22.16
51,2,1998,22.06
51,2,1999,22.19
51,2,2000,21.94
51,2,2001,21.86
51,2,2002,21.69
51,2,2003,21.72
51,2,2004,21.48
51,2,2005,21.59
51,2,2006,21.39
51,2,2007,20.98
51,2,2008,20.74
51,2,2009,20.25
51,2,2010,19.84
51,2,2011,19.72
51,2,2012,19.72
51,2,2013,19.86
51,2,2014,20.01
51,2,2015,20.41
51,2,2016,20.4
51,2,2017,20.75
51,2,2018,20.98
51,2,2019,21
51,2,2020,20.76
51,2,2021,19.44
51,2,2022,19.56
51,2,2023,19.1
52,2,1980,14.59
52,2,1981,14.87
52,2,1982,15.32
52,2,1983,15.47
52,2,1984,15.68
52,2,1985,15.91
52,2,1986,16.27
52,2,1987,16.48
52,2,1988,17.2
52,2,1989,17.33
52,2,1990,17.42
52,2,1991,17.58
52,2,1992,17.55
52,2,1993,17.78
52,2,1994,18.19
52,2,1995,18.95
52,2,1996,19.01
52,2,1997,18.88
52,2,1998,19.22
52,2,1999,19.73
52,2,2000,19.85
52,2,2001,20.05
52,2,2002,20.11
52,2,2003,20.02
52,2,2004,20.14
52,2,2005,20.15
52,2,2006,19.69
52,2,2007,19.38
52,2,2008,19.16
52,2,2009,19.44
52,2,2010,19.37
52,2,2011,19.15
52,2,2012,19.05
52,2,2013,19.4
52,2,2014,19.76
52,2,2015,20.18
52,2,2016,20.21
52,2,2017,20.29
52,2,2018,19.89
52,2,2019,19.41
52,2,2020,19.04
52,2,2021,19.26
52,2,2022,19.11
52,2,2023,18.49
53,2,1980,25.51
53,2,1981,25.52
53,2,1982,25.49
53,2,1983,25.49
53,2,1984,25.55
53,2,1985,25.65
53,2,1986,25.54
53,2,1987,25.61
53,2,1988,26.03
53,2,1989,26.31
53,2,1990,26.84
53,2,1991,27.75
53,2,1992,28.13
53,2,1993,28.56
53,2,1994,28.98
53,2,1995,29.38
53,2,1996,30.08
53,2,1997,30.62
53,2,1998,31.22
53,2,1999,31.12
53,2,2000,30.97
53,2,2001,30.64
53,2,2002,30.18
53,2,2003,29.71
53,2,2004,29.73
53,2,2005,29.59
53,2,2006,29.53
53,2,2007,29.7
53,2,2008,29.85
53,2,2009,29.45
53,2,2010,29.35
53,2,2011,29.29
53,2,2012,29.33
53,2,2013,29.27
53,2,2014,29.14
53,2,2015,29.19
53,2,2016,28.98
53,2,2017,28.67
53,2,2018,28.24
53,2,2019,28.27
53,2,2020,27.98
53,2,2021,28.04
53,2,2022,27.98
53,2,2023,28.14
54,2,1980,18.8
54,2,1981,18.81
54,2,1982,19.01
54,2,1983,18.99
54,2,1984,19.29
54,2,1985,19.42
54,2,1986,19.87
54,2,1987,20
54,2,1988,20.33
54,2,1989,20.7
54,2,1990,20.79
54,2,1991,21
54,2,1992,21.17
54,2,1993,21.52
54,2,1994,22.06
54,2,1995,22.33
54,2,1996,22.42
54,2,1997,22.5
54,2,1998,22.63
54,2,1999,22.56
54,2,2000,22.48
54,2,2001,22.19
54,2,2002,21.64
54,2,2003,21.21
54,2,2004,20.92
54,2,2005,20.82
54,2,2006,20.79
54,2,2007,20.67
54,2,2008,20.59
54,2,2009,20.48
54,2,2010,20.74
54,2,2011,20.74
54,2,2012,20.91
54,2,2013,20.99
54,2,2014,21.04
54,2,2015,21.35
54,2,2016,21.42
54,2,2017,21.48
54,2,2018,21.22
54,2,2019,20.96
54,2,2020,20.94
54,2,2021,20.96
54,2,2022,20.64
54,2,2023,20.11
55,2,1980,24.12
55,2,1981,23.86
55,2,1982,23.71
55,2,1983,23.21
55,2,1984,24.22
55,2,1985,25.02
55,2,1986,25.35
55,2,1987,25.31
55,2,1988,25.41
55,2,1989,25.32
55,2,1990,25.93
55,2,1991,26.58
55,2,1992,27.55
55,2,1993,28.18
55,2,1994,27.05
55,2,1995,26.98
55,2,1996,26
55,2,1997,26.18
55,2,1998,26.43
55,2,1999,26.34
55,2,2000,25.52
55,2,2001,25.95
55,2,2002,26.19
55,2,2003,24.61
55,2,2004,24
55,2,2005,23.54
55,2,2006,23.15
55,2,2007,22.37
55,2,2008,22.66
55,2,2009,22.21
55,2,2010,21.38
55,2,2011,20.21
55,2,2012,19.54
55,2,2013,19.48
55,2,2014,18.92
55,2,2015,19.06
55,2,2016,18.52
55,2,2017,18.76
55,2,2018,18.72
55,2,2019,18.29
55,2,2020,18.79
55,2,2021,18.01
55,2,2022,18.29
55,2,2023,18.03
57,2,1980,11.78
57,2,1981,11.92
57,2,1982,11.73
57,2,1983,12.11
57,2,1984,13.01
57,2,1985,13.16
57,2,1986,13.42
57,2,1987,13.3
57,2,1988,13.35
57,2,1989,14.27
57,2,1990,15.28
57,2,1991,15.94
57,2,1992,17.32
57,2,1993,18.06
57,2,1994,18.57
57,2,1995,18.85
57,2,1996,19.21
57,2,1997,19.8
57,2,1998,20.68
57,2,1999,21.6
57,2,2000,21.4
57,2,2001,20.44
57,2,2002,17.8
57,2,2003,18.16
57,2,2004,20.41
57,2,2005,23.67
57,2,2006,20.45
57,2,2007,18.02
57,2,2008,16.69
57,2,2009,16.62
57,2,2010,16.36
57,2,2011,15.6
57,2,2012,15.45
57,2,2013,15.1
57,2,2014,14.2
57,2,2015,13.87
57,2,2016,13.74
57,2,2017,13.92
57,2,2018,14.02
57,2,2019,14.13
57,2,2020,13.55
57,2,2021,13.71
57,2,2022,14.76
57,2,2023,15.16
58,2,1980,19.15
58,2,1981,19.1
58,2,1982,18.53
58,2,1983,17
58,2,1984,18.21
58,2,1985,19.71
58,2,1986,20.43
58,2,1987,20.77
58,2,1988,21.42
58,2,1989,22.89
58,2,1990,23.79
58,2,1991,25.22
58,2,1992,25.09
58,2,1993,23.53
58,2,1994,20.86
58,2,1995,21.47
58,2,1996,22.23
58,2,1997,22.14
58,2,1998,21.78
58,2,1999,22.05
58,2,2000,22.55
58,2,2001,21.66
58,2,2002,21.32
58,2,2003,20.57
58,2,2004,20.34
58,2,2005,19.87
58,2,2006,18.87
58,2,2007,18.19
58,2,2008,18.69
58,2,2009,18.82
58,2,2010,18.3
58,2,2011,18.62
58,2,2012,18.45
58,2,2013,16.99
58,2,2014,16.8
58,2,2015,16.21
58,2,2016,16
58,2,2017,16.41
58,2,2018,15.94
58,2,2019,15.54
58,2,2020,15.15
58,2,2021,15.28
58,2,2022,14.84
58,2,2023,14.57
59,2,1980,19.02
59,2,1981,20.13
59,2,1982,19.82
59,2,1983,20.68
59,2,1984,21.55
59,2,1985,21.61
59,2,1986,22.83
59,2,1987,23.12
59,2,1988,22.7
59,2,1989,23.55
59,2,1990,24.38
59,2,1991,25.32
59,2,1992,26.12
59,2,1993,27.16
59,2,1994,26.95
59,2,1995,25.97
59,2,1996,22.46
59,2,1997,21.34
59,2,1998,20.85
59,2,1999,21.29
59,2,2000,21.7
59,2,2001,21.37
59,2,2002,21.69
59,2,2003,21.3
59,2,2004,21.78
59,2,2005,21.41
59,2,2006,21.44
59,2,2007,20.68
59,2,2008,21.7
59,2,2009,21.84
59,2,2010,21.1
59,2,2011,21.06
59,2,2012,20.23
59,2,2013,19.74
59,2,2014,19.54
59,2,2015,19.66
59,2,2016,19.43
59,2,2017,18.63
59,2,2018,18.21
59,2,2019,18.32
59,2,2020,18.63
59,2,2021,18.78
59,2,2022,18.83
59,2,2023,17.76
60,2,1980,15.78
60,2,1981,18.11
60,2,1982,18.89
60,2,1983,17.06
60,2,1984,17.57
60,2,1985,20.68
60,2,1986,22.31
60,2,1987,22.65
60,2,1988,22.69
60,2,1989,23.51
60,2,1990,23.92
60,2,1991,24.13
60,2,1992,24.42
60,2,1993,22.34
60,2,1994,21.36
60,2,1995,20.75
60,2,1996,21.46
60,2,1997,21.99
60,2,1998,20.99
60,2,1999,20.54
60,2,2000,20.74
60,2,2001,20.72
60,2,2002,21.16
60,2,2003,21.82
60,2,2004,21.4
60,2,2005,20.92
60,2,2006,19.87
60,2,2007,20.52
60,2,2008,21.11
60,2,2009,21.54
60,2,2010,20.73
60,2,2011,20
60,2,2012,19.5
60,2,2013,18.92
60,2,2014,18.33
60,2,2015,18.34
60,2,2016,17.56
60,2,2017,17
60,2,2018,17.16
60,2,2019,17.59
60,2,2020,17.18
60,2,2021,17.24
60,2,2022,17.46
60,2,2023,16.95
61,2,1980,18.26
61,2,1981,18.42
61,2,1982,19.05
61,2,1983,19.76
61,2,1984,21.18
61,2,1985,20.91
61,2,1986,20.81
61,2,1987,19.92
61,2,1988,19.49
61,2,1989,20.46
61,2,1990,20.38
61,2,1991,18.49
61,2,1992,18.94
61,2,1993,19.8
61,2,1994,19.75
61,2,1995,19.45
61,2,1996,18.93
61,2,1997,17.46
61,2,1998,16.75
61,2,1999,17.6
61,2,2000,17.19
61,2,2001,17.56
61,2,2002,17.87
61,2,2003,17.85
61,2,2004,17.62
61,2,2005,17.35
61,2,2006,18.24
61,2,2007,18.94
61,2,2008,19.91
61,2,2009,20.3
61,2,2010,19.1
61,2,2011,19.43
61,2,2012,18.62
61,2,2013,18.8
61,2,2014,18.36
61,2,2015,18.73
61,2,2016,18.38
61,2,2017,18.34
61,2,2018,17.42
61,2,2019,16.39
61,2,2020,14.56
61,2,2021,13.25
61,2,2022,14.1
61,2,2023,15.09
62,2,1980,12.22
62,2,1981,12.09
62,2,1982,11.89
62,2,1983,12.2
62,2,1984,13.51
62,2,1985,15.35
62,2,1986,14.95
62,2,1987,14.8
62,2,1988,15.05
62,2,1989,15.33
62,2,1990,15.93
62,2,1991,16.39
62,2,1992,17.36
62,2,1993,18.52
62,2,1994,19.17
62,2,1995,18.87
62,2,1996,18.83
62,2,1997,19.02
62,2,1998,19.23
62,2,1999,19.79
62,2,2000,20.08
62,2,2001,19.98
62,2,2002,20.28
62,2,2003,20.58
62,2,2004,20.62
62,2,2005,20.27
62,2,2006,19.8
62,2,2007,19.67
62,2,2008,19.84
62,2,2009,19.91
62,2,2010,19.98
62,2,2011,19.68
62,2,2012,19.27
62,2,2013,19.04
62,2,2014,18.79
62,2,2015,18.98
62,2,2016,18.41
62,2,2017,17.81
62,2,2018,17.47
62,2,2019,17.02
62,2,2020,16.64
62,2,2021,16.04
62,2,2022,15.05
62,2,2023,15.08
63,2,1980,14.24
63,2,1981,14.2
63,2,1982,14.42
63,2,1983,14.86
63,2,1984,15.63
63,2,1985,15.6
63,2,1986,15.54
63,2,1987,15.63
63,2,1988,16.19
63,2,1989,17.09
63,2,1990,18.1
63,2,1991,19.12
63,2,1992,20.13
63,2,1993,21.42
63,2,1994,22.27
63,2,1995,22.67
63,2,1996,22.39
63,2,1997,21.77
63,2,1998,21.5
63,2,1999,22
63,2,2000,22.5
63,2,2001,22.73
63,2,2002,23.37
63,2,2003,24.03
63,2,2004,23.48
63,2,2005,21.07
63,2,2006,20.44
63,2,2007,19.99
63,2,2008,20
63,2,2009,20.13
63,2,2010,19.88
63,2,2011,19.5
63,2,2012,19.67
63,2,2013,19.68
63,2,2014,18.09
63,2,2015,16.95
63,2,2016,16.58
63,2,2017,16.71
63,2,2018,16.21
63,2,2019,16.32
63,2,2020,16.78
63,2,2021,15.75
63,2,2022,15.46
63,2,2023,15.7
66,2,1980,20.2
66,2,1981,20.08
66,2,1982,19.51
66,2,1983,18.93
66,2,1984,18.34
66,2,1985,17.78
66,2,1986,17.14
66,2,1987,16.61
66,2,1988,16.23
66,2,1989,15.89
66,2,1990,15.68
66,2,1991,15.56
66,2,1992,15.53
66,2,1993,15.54
66,2,1994,15.54
66,2,1995,15.58
66,2,1996,15.59
66,2,1997,15.86
66,2,1998,15.93
66,2,1999,15.91
66,2,2000,15.99
66,2,2001,16.15
66,2,2002,16.31
66,2,2003,16.44
66,2,2004,16.59
66,2,2005,16.9
66,2,2006,17.04
66,2,2007,17.09
66,2,2008,17.15
66,2,2009,17.25
66,2,2010,17.43
66,2,2011,17.57
66,2,2012,17.7
66,2,2013,17.95
66,2,2014,17.87
66,2,2015,17.85
66,2,2016,17.94
66,2,2017,17.78
66,2,2018,17.6
66,2,2019,17.85
66,2,2020,17.88
66,2,2021,18.1
66,2,2022,18.19
66,2,2023,18.38
67,2,1980,6.95
67,2,1981,6.95
67,2,1982,6.76
67,2,1983,6.81
67,2,1984,6.99
67,2,1985,7.07
67,2,1986,7.1
67,2,1987,7.08
67,2,1988,7.32
67,2,1989,7.35
67,2,1990,7.46
67,2,1991,7.67
67,2,1992,7.85
67,2,1993,8.03
67,2,1994,8.22
67,2,1995,8.59
67,2,1996,8.68
67,2,1997,8.91
67,2,1998,9.06
67,2,1999,9.27
67,2,2000,9.32
67,2,2001,9.5
67,2,2002,9.41
67,2,2003,9.49
67,2,2004,9.74
67,2,2005,9.83
67,2,2006,9.86
67,2,2007,9.92
67,2,2008,10.05
67,2,2009,9.96
67,2,2010,10.24
67,2,2011,10.29
67,2,2012,10.14
67,2,2013,10.29
67,2,2014,10.28
67,2,2015,10.36
67,2,2016,10.48
67,2,2017,10.63
67,2,2018,10.68
67,2,2019,10.67
67,2,2020,10.41
67,2,2021,10.39
67,2,2022,10.9
67,2,2023,11.32
68,2,1980,5.85
68,2,1981,5.36
68,2,1982,5.42
68,2,1983,5.78
68,2,1984,5.6
68,2,1985,5.5
68,2,1986,5.56
68,2,1987,5.59
68,2,1988,5.48
68,2,1989,5.47
68,2,1990,5.53
68,2,1991,5.58
68,2,1992,5.51
68,2,1993,5.52
68,2,1994,5.67
68,2,1995,5.77
68,2,1996,5.92
68,2,1997,6.17
68,2,1998,6.18
68,2,1999,6.21
68,2,2000,6.17
68,2,2001,6.07
68,2,2002,6.15
68,2,2003,6.16
68,2,2004,6.16
68,2,2005,6.16
68,2,2006,6.11
68,2,2007,6.12
68,2,2008,6.13
68,2,2009,6.14
68,2,2010,6.19
68,2,2011,6.1
68,2,2012,6.13
68,2,2013,6.13
68,2,2014,6.07
68,2,2015,6.14
68,2,2016,6.16
68,2,2017,6.12
68,2,2018,6.22
68,2,2019,6.23
68,2,2020,6.3
68,2,2021,6.18
68,2,2022,6.28
68,2,2023,6.41
69,2,1980,18.1
69,2,1981,17.86
69,2,1982,15.8
69,2,1983,15.1
69,2,1984,15.17
69,2,1985,16.18
69,2,1986,17.01
69,2,1987,16.57
69,2,1988,16.25
69,2,1989,16.06
69,2,1990,16.28
69,2,1991,16.64
69,2,1992,16.23
69,2,1993,16.59
69,2,1994,16.39
69,2,1995,16.14
69,2,1996,16.33
69,2,1997,16.76
69,2,1998,16
69,2,1999,16.77
69,2,2000,16.48
69,2,2001,17.04
69,2,2002,16.81
69,2,2003,16.24
69,2,2004,15.74
69,2,2005,15.83
69,2,2006,16.41
69,2,2007,16.28
69,2,2008,16.2
69,2,2009,16.01
69,2,2010,15.46
69,2,2011,15.34
69,2,2012,14.99
69,2,2013,14.97
69,2,2014,14.3
69,2,2015,13.84
69,2,2016,13.74
69,2,2017,13.63
69,2,2018,13.27
69,2,2019,12.54
69,2,2020,12.17
69,2,2021,12.43
69,2,2022,12.44
69,2,2023,12.47
71,2,1980,24.44
71,2,1981,24.84
71,2,1982,25.57
71,2,1983,25.96
71,2,1984,26.55
71,2,1985,26.51
71,2,1986,26.09
71,2,1987,26.3
71,2,1988,26.75
71,2,1989,27
71,2,1990,26.5
71,2,1991,26.17
71,2,1992,25.68
71,2,1993,25.97
71,2,1994,25.76
71,2,1995,25.22
71,2,1996,24.65
71,2,1997,23.66
71,2,1998,22.92
71,2,1999,22.11
71,2,2000,21.46
71,2,2001,21.36
71,2,2002,21.48
71,2,2003,21.24
71,2,2004,20.62
71,2,2005,20.04
71,2,2006,19.28
71,2,2007,19.14
71,2,2008,19.21
71,2,2009,18.68
71,2,2010,18.43
71,2,2011,18.18
71,2,2012,17.48
71,2,2013,17.07
71,2,2014,16.72
71,2,2015,16.68
71,2,2016,16.35
71,2,2017,15.78
71,2,2018,15.76
71,2,2019,15.86
71,2,2020,15.01
71,2,2021,14.92
71,2,2022,14.7
71,2,2023,14.37
72,2,1980,30.19
72,2,1981,30.11
72,2,1982,30.21
72,2,1983,30.63
72,2,1984,30.51
72,2,1985,30.97
72,2,1986,30.99
72,2,1987,32.24
72,2,1988,32.83
72,2,1989,32.51
72,2,1990,32.04
72,2,1991,30.83
72,2,1992,29.74
72,2,1993,29.1
72,2,1994,28.58
72,2,1995,29.18
72,2,1996,30.43
72,2,1997,29.31
72,2,1998,28.2
72,2,1999,27.16
72,2,2000,26.2
72,2,2001,25.55
72,2,2002,24.99
72,2,2003,24.94
72,2,2004,24.13
72,2,2005,23.43
72,2,2006,22.21
72,2,2007,22.15
72,2,2008,21.48
72,2,2009,21.34
72,2,2010,20.85
72,2,2011,20.19
72,2,2012,19.45
72,2,2013,19.02
72,2,2014,18.86
72,2,2015,19.26
72,2,2016,19.15
72,2,2017,18.88
72,2,2018,18.7
72,2,2019,18.3
72,2,2020,17.66
72,2,2021,18.19
72,2,2022,19.04
72,2,2023,19.89
74,2,1980,19.14
74,2,1981,18.85
74,2,1982,18.58
74,2,1983,18.29
74,2,1984,18.1
74,2,1985,17.94
74,2,1986,17.83
74,2,1987,17.73
74,2,1988,17.61
74,2,1989,17.52
74,2,1990,17.38
74,2,1991,17.32
74,2,1992,17.29
74,2,1993,17.34
74,2,1994,17.35
74,2,1995,17.53
74,2,1996,17.77
74,2,1997,17.88
74,2,1998,18.06
74,2,1999,18.19
74,2,2000,18.33
74,2,2001,18.36
74,2,2002,18.41
74,2,2003,18.18
74,2,2004,18.04
74,2,2005,17.9
74,2,2006,17.69
74,2,2007,17.56
74,2,2008,17.45
74,2,2009,17.34
74,2,2010,17.42
74,2,2011,17.39
74,2,2012,17.37
74,2,2013,17.41
74,2,2014,17.43
74,2,2015,17.49
74,2,2016,17.57
74,2,2017,17.7
74,2,2018,17.98
74,2,2019,18.23
74,2,2020,18.06
74,2,2021,18.64
74,2,2022,19.26
74,2,2023,19.43
75,2,1980,26.1
75,2,1981,26.04
75,2,1982,26.07
75,2,1983,26.46
75,2,1984,26.89
75,2,1985,27.37
75,2,1986,27.43
75,2,1987,27.55
75,2,1988,27.61
75,2,1989,27.58
75,2,1990,27.54
75,2,1991,27.52
75,2,1992,27.4
75,2,1993,27.1
75,2,1994,26.8
75,2,1995,26.57
75,2,1996,25.67
75,2,1997,24.78
75,2,1998,24
75,2,1999,23.43
75,2,2000,23.49
75,2,2001,22.81
75,2,2002,22.57
75,2,2003,22.6
75,2,2004,22.14
75,2,2005,22.01
75,2,2006,21.79
75,2,2007,21.13
75,2,2008,20.77
75,2,2009,20.88
75,2,2010,20.29
75,2,2011,19.73
75,2,2012,19.8
75,2,2013,19.6
75,2,2014,19.28
75,2,2015,19.29
75,2,2016,18.7
75,2,2017,18.43
75,2,2018,18.38
75,2,2019,18.1
75,2,2020,17.94
75,2,2021,17.62
75,2,2022,18.01
75,2,2023,17.73
76,2,1980,36.51
76,2,1981,36.79
76,2,1982,37.19
76,2,1983,36.75
76,2,1984,36.47
76,2,1985,36.45
76,2,1986,36.83
76,2,1987,35.62
76,2,1988,35.59
76,2,1989,36.04
76,2,1990,35.49
76,2,1991,35.22
76,2,1992,34.3
76,2,1993,33.83
76,2,1994,33.79
76,2,1995,33.48
76,2,1996,32.55
76,2,1997,31.59
76,2,1998,31.79
76,2,1999,31.41
76,2,2000,30.12
76,2,2001,29.42
76,2,2002,29.18
76,2,2003,28.43
76,2,2004,27.72
76,2,2005,27.01
76,2,2006,26.59
76,2,2007,26.65
76,2,2008,26.6
76,2,2009,26.24
76,2,2010,25.91
76,2,2011,25.29
76,2,2012,24.7
76,2,2013,24.12
76,2,2014,23.17
76,2,2015,22.43
76,2,2016,22.24
76,2,2017,21.78
76,2,2018,21.27
76,2,2019,19.96
76,2,2020,19.59
76,2,2021,19.18
76,2,2022,20.26
76,2,2023,19.62
77,2,1980,26.37
77,2,1981,25.55
77,2,1982,24.81
77,2,1983,24.71
77,2,1984,24.55
77,2,1985,24.16
77,2,1986,23.61
77,2,1987,23.18
77,2,1988,23.27
77,2,1989,23.36
77,2,1990,23.26
77,2,1991,23.19
77,2,1992,23.43
77,2,1993,23.99
77,2,1994,24.49
77,2,1995,24.77
77,2,1996,24.8
77,2,1997,25.36
77,2,1998,25.75
77,2,1999,25.54
77,2,2000,25.08
77,2,2001,24.98
77,2,2002,24.99
77,2,2003,25.48
77,2,2004,25.92
77,2,2005,25.98
77,2,2006,25.83
77,2,2007,25.93
77,2,2008,25.68
77,2,2009,25.13
77,2,2010,24.93
77,2,2011,24.69
77,2,2012,24.29
77,2,2013,23.9
77,2,2014,23.73
77,2,2015,23.63
77,2,2016,23.51
77,2,2017,23.36
77,2,2018,23.13
77,2,2019,23.24
77,2,2020,23.83
77,2,2021,24.39
77,2,2022,23.3
77,2,2023,22.27
78,2,1980,49.82
78,2,1981,49.7
78,2,1982,49.76
78,2,1983,50.37
78,2,1984,51.27
78,2,1985,51.96
78,2,1986,52.45
78,2,1987,52.6
78,2,1988,53.02
78,2,1989,52.99
78,2,1990,51.74
78,2,1991,51.78
78,2,1992,51.83
78,2,1993,49.34
78,2,1994,40.63
78,2,1995,40.04
78,2,1996,38.89
78,2,1997,37.75
78,2,1998,36.45
78,2,1999,35.41
78,2,2000,34.92
78,2,2001,34.35
78,2,2002,34.12
78,2,2003,32.41
78,2,2004,31.27
78,2,2005,30.41
78,2,2006,29.97
78,2,2007,29.99
78,2,2008,28.59
78,2,2009,28.32
78,2,2010,27.77
78,2,2011,26.69
78,2,2012,25.32
78,2,2013,24.36
78,2,2014,23.93
78,2,2015,23.31
78,2,2016,23.16
78,2,2017,22.84
78,2,2018,22.09
78,2,2019,22.18
78,2,2020,22.01
78,2,2021,22.75
78,2,2022,22.98
78,2,2023,22.16
79,2,1980,20.15
79,2,1981,20.17
79,2,1982,20.22
79,2,1983,20.41
79,2,1984,20.59
79,2,1985,21.11
79,2,1986,22.08
79,2,1987,22.64
79,2,1988,23.55
79,2,1989,23.13
79,2,1990,23.01
79,2,1991,22.44
79,2,1992,22.79
79,2,1993,22.62
79,2,1994,22.31
79,2,1995,22.48
79,2,1996,21.43
79,2,1997,20.97
79,2,1998,20.79
79,2,1999,21.01
79,2,2000,20.55
79,2,2001,20.38
79,2,2002,19.8
79,2,2003,19.53
79,2,2004,19.3
79,2,2005,19.25
79,2,2006,19.37
79,2,2007,18.78
79,2,2008,18.25
79,2,2009,17.9
79,2,2010,18.27
79,2,2011,17.62
79,2,2012,17.78
79,2,2013,17.37
79,2,2014,16.68
79,2,2015,16.52
79,2,2016,16.97
79,2,2017,17.11
79,2,2018,16.56
79,2,2019,16.41
79,2,2020,16.65
79,2,2021,16.49
79,2,2022,16.67
79,2,2023,17.39
80,2,1980,27.24
80,2,1981,27.87
80,2,1982,27.83
80,2,1983,28.1
80,2,1984,27.42
80,2,1985,27.41
80,2,1986,27.52
80,2,1987,27.25
80,2,1988,27.32
80,2,1989,27.26
80,2,1990,27.03
80,2,1991,26.91
80,2,1992,26.86
80,2,1993,26.98
80,2,1994,26.57
80,2,1995,26.57
80,2,1996,26.45
80,2,1997,25.94
80,2,1998,26.01
80,2,1999,26.25
80,2,2000,26.05
80,2,2001,25.82
80,2,2002,25.82
80,2,2003,25.78
80,2,2004,24.56
80,2,2005,24.35
80,2,2006,23.93
80,2,2007,23.41
80,2,2008,23.41
80,2,2009,23.05
80,2,2010,22.57
80,2,2011,21.55
80,2,2012,21.39
80,2,2013,21.11
80,2,2014,20.76
80,2,2015,21
80,2,2016,20.79
80,2,2017,20.72
80,2,2018,20.48
80,2,2019,20.11
80,2,2020,19.77
80,2,2021,18.56
80,2,2022,20.18
80,2,2023,20.61
81,2,1980,28.26
81,2,1981,28.51
81,2,1982,28.64
81,2,1983,28.81
81,2,1984,28.58
81,2,1985,28.77
81,2,1986,29.34
81,2,1987,29.48
81,2,1988,29.56
81,2,1989,28.94
81,2,1990,28.79
81,2,1991,29.19
81,2,1992,28.95
81,2,1993,29.21
81,2,1994,28.74
81,2,1995,28.45
81,2,1996,28.3
81,2,1997,27.34
81,2,1998,26.61
81,2,1999,26.06
81,2,2000,25.53
81,2,2001,24.97
81,2,2002,24.71
81,2,2003,24.27
81,2,2004,23.95
81,2,2005,23.7
81,2,2006,23.13
81,2,2007,22.55
81,2,2008,22.57
81,2,2009,22.2
81,2,2010,22.09
81,2,2011,21.77
81,2,2012,21.47
81,2,2013,21.42
81,2,2014,20.85
81,2,2015,21.26
81,2,2016,21.35
81,2,2017,21.24
81,2,2018,21.4
81,2,2019,21.19
81,2,2020,21.51
81,2,2021,21.67
81,2,2022,22.11
81,2,2023,22.15
82,2,1980,21.18
82,2,1981,21.07
82,2,1982,21.43
82,2,1983,21.28
82,2,1984,21.52
82,2,1985,21.66
82,2,1986,22.19
82,2,1987,24.65
82,2,1988,24.94
82,2,1989,24.86
82,2,1990,25.49
82,2,1991,25.91
82,2,1992,26.23
82,2,1993,26.58
82,2,1994,26.6
82,2,1995,26.36
82,2,1996,26.05
82,2,1997,25.39
82,2,1998,24.84
82,2,1999,24.99
82,2,2000,25.51
82,2,2001,25.67
82,2,2002,25.54
82,2,2003,25.17
82,2,2004,25.31
82,2,2005,24.68
82,2,2006,24.14
82,2,2007,22.99
82,2,2008,23.12
82,2,2009,21.38
82,2,2010,20.81
82,2,2011,19.78
82,2,2012,20.18
82,2,2013,20.03
82,2,2014,20.56
82,2,2015,21.09
82,2,2016,21.24
82,2,2017,21.24
82,2,2018,20.77
82,2,2019,20.65
82,2,2020,20.58
82,2,2021,21.02
82,2,2022,20.37
82,2,2023,20.38
83,2,1980,24.83
83,2,1981,24.35
83,2,1982,25.56
83,2,1983,26.1
83,2,1984,27.04
83,2,1985,25.94
83,2,1986,24.9
83,2,1987,26.58
83,2,1988,26.93
83,2,1989,27.3
83,2,1990,27.67
83,2,1991,27.24
83,2,1992,27.61
83,2,1993,27.89
83,2,1994,27.93
83,2,1995,27.92
83,2,1996,26.24
83,2,1997,25.86
83,2,1998,25.22
83,2,1999,23.89
83,2,2000,22.69
83,2,2001,21.84
83,2,2002,21.83
83,2,2003,21.11
83,2,2004,21.01
83,2,2005,20.63
83,2,2006,20.65
83,2,2007,20.92
83,2,2008,20.43
83,2,2009,19.31
83,2,2010,17.96
83,2,2011,18.18
83,2,2012,19.08
83,2,2013,19.69
83,2,2014,19.58
83,2,2015,19.47
83,2,2016,19.01
83,2,2017,18.15
83,2,2018,17.8
83,2,2019,17.7
83,2,2020,17.2
83,2,2021,17.12
83,2,2022,17.72
83,2,2023,17.98
84,2,1980,33.3
84,2,1981,31.69
84,2,1982,32.53
84,2,1983,31.9
84,2,1984,31.75
84,2,1985,32.34
84,2,1986,32.34
84,2,1987,33.22
84,2,1988,33.65
84,2,1989,34.74
84,2,1990,33.46
84,2,1991,33.93
84,2,1992,33.67
84,2,1993,33.05
84,2,1994,32.6
84,2,1995,31.91
84,2,1996,31.65
84,2,1997,30.54
84,2,1998,30.06
84,2,1999,30.27
84,2,2000,30
84,2,2001,29.37
84,2,2002,27.82
84,2,2003,27.37
84,2,2004,27.27
84,2,2005,27
84,2,2006,26.3
84,2,2007,24.97
84,2,2008,25.28
84,2,2009,24.07
84,2,2010,23.14
84,2,2011,22.71
84,2,2012,22.49
84,2,2013,22.26
84,2,2014,21.96
84,2,2015,21.31
84,2,2016,21.43
84,2,2017,20.98
84,2,2018,20.67
84,2,2019,19.57
84,2,2020,19.67
84,2,2021,18.35
84,2,2022,19.95
84,2,2023,20.51
85,2,1980,33.01
85,2,1981,31.69
85,2,1982,31.82
85,2,1983,33.82
85,2,1984,32.74
85,2,1985,31.53
85,2,1986,31.22
85,2,1987,31.09
85,2,1988,30.78
85,2,1989,30.01
85,2,1990,30.02
85,2,1991,31.11
85,2,1992,31.94
85,2,1993,32.55
85,2,1994,32.72
85,2,1995,33.6
85,2,1996,32.71
85,2,1997,32.04
85,2,1998,32.49
85,2,1999,31.37
85,2,2000,30.48
85,2,2001,29.76
85,2,2002,28.92
85,2,2003,28.37
85,2,2004,27.64
85,2,2005,26.46
85,2,2006,25.78
85,2,2007,25.48
85,2,2008,25.22
85,2,2009,23.82
85,2,2010,22.8
85,2,2011,22.58
85,2,2012,22.16
85,2,2013,22.06
85,2,2014,21.36
85,2,2015,21.05
85,2,2016,20.86
85,2,2017,21.03
85,2,2018,20.86
85,2,2019,20.69
85,2,2020,20.27
85,2,2021,20.22
85,2,2022,20.22
85,2,2023,19.74
86,2,1980,27.33
86,2,1981,27.54
86,2,1982,27.44
86,2,1983,27.99
86,2,1984,27.72
86,2,1985,28.07
86,2,1986,27.99
86,2,1987,28.01
86,2,1988,28.12
86,2,1989,27.91
86,2,1990,27.74
86,2,1991,27.73
86,2,1992,26.92
86,2,1993,27.09
86,2,1994,26.8
86,2,1995,26.48
86,2,1996,26.15
86,2,1997,25.5
86,2,1998,24.96
86,2,1999,24.4
86,2,2000,24.32
86,2,2001,24.18
86,2,2002,23.61
86,2,2003,23.47
86,2,2004,22.01
86,2,2005,21.84
86,2,2006,21.5
86,2,2007,21.66
86,2,2008,21.6
86,2,2009,21.21
86,2,2010,20.52
86,2,2011,20.03
86,2,2012,19.94
86,2,2013,19.4
86,2,2014,19.29
86,2,2015,19.62
86,2,2016,19.13
86,2,2017,19.41
86,2,2018,19.1
86,2,2019,18.89
86,2,2020,18.92
86,2,2021,18.5
86,2,2022,18.61
86,2,2023,18.13
87,2,1980,33.32
87,2,1981,34.12
87,2,1982,34.77
87,2,1983,33.15
87,2,1984,33.95
87,2,1985,34.33
87,2,1986,33.74
87,2,1987,33.32
87,2,1988,34.23
87,2,1989,33.28
87,2,1990,33.64
87,2,1991,32.8
87,2,1992,30.86
87,2,1993,31.94
87,2,1994,32.13
87,2,1995,31.76
87,2,1996,29.22
87,2,1997,28.2
87,2,1998,27.07
87,2,1999,27.21
87,2,2000,27.65
87,2,2001,27.35
87,2,2002,26.12
87,2,2003,25.55
87,2,2004,24.49
87,2,2005,24
87,2,2006,24.25
87,2,2007,23.36
87,2,2008,23.89
87,2,2009,24.03
87,2,2010,23.97
87,2,2011,22.61
87,2,2012,21.45
87,2,2013,21.56
87,2,2014,21.42
87,2,2015,21.04
87,2,2016,20.26
87,2,2017,19.72
87,2,2018,19.15
87,2,2019,18.87
87,2,2020,18.31
87,2,2021,17.4
87,2,2022,17.54
87,2,2023,18.48
88,2,1980,38.89
88,2,1981,37.75
88,2,1982,39.2
88,2,1983,38.04
88,2,1984,38.48
88,2,1985,38.4
88,2,1986,36.04
88,2,1987,35.27
88,2,1988,36.05
88,2,1989,35.72
88,2,1990,35.33
88,2,1991,35.99
88,2,1992,35.64
88,2,1993,36.88
88,2,1994,36.76
88,2,1995,36.16
88,2,1996,34.18
88,2,1997,32.1
88,2,1998,32.73
88,2,1999,31.94
88,2,2000,32.36
88,2,2001,30.24
88,2,2002,28.2
88,2,2003,27.55
88,2,2004,27.01
88,2,2005,26.99
88,2,2006,26.99
88,2,2007,26.09
88,2,2008,25.01
88,2,2009,25.72
88,2,2010,24.71
88,2,2011,23.93
88,2,2012,22.89
88,2,2013,22.69
88,2,2014,22.15
88,2,2015,21.88
88,2,2016,21.07
88,2,2017,20.29
88,2,2018,21.12
88,2,2019,21.12
88,2,2020,21.17
88,2,2021,21.89
88,2,2022,21.66
88,2,2023,21
89,2,1980,34.39
89,2,1981,34.56
89,2,1982,34.42
89,2,1983,33.97
89,2,1984,33.64
89,2,1985,34.36
89,2,1986,34.54
89,2,1987,35.02
89,2,1988,35.41
89,2,1989,35.72
89,2,1990,35.65
89,2,1991,35.9
89,2,1992,35.65
89,2,1993,35.81
89,2,1994,35.15
89,2,1995,34.46
89,2,1996,34.62
89,2,1997,34.14
89,2,1998,33.8
89,2,1999,33.84
89,2,2000,32.7
89,2,2001,32.27
89,2,2002,31.92
89,2,2003,30.77
89,2,2004,29.54
89,2,2005,28.33
89,2,2006,27.59
89,2,2007,26.57
89,2,2008,26.32
89,2,2009,25.25
89,2,2010,25
89,2,2011,24.58
89,2,2012,24.07
89,2,2013,23.55
89,2,2014,22.62
89,2,2015,23.13
89,2,2016,22.68
89,2,2017,22.11
89,2,2018,21.61
89,2,2019,21.09
89,2,2020,20.74
89,2,2021,21.12
89,2,2022,21.14
89,2,2023,20.31
90,2,1980,23.9
90,2,1981,23.65
90,2,1982,23.71
90,2,1983,23.27
90,2,1984,23.92
90,2,1985,24.23
90,2,1986,24.89
90,2,1987,24.57
90,2,1988,25.14
90,2,1989,24.95
90,2,1990,24.85
90,2,1991,24.46
90,2,1992,25.2
90,2,1993,25.66
90,2,1994,25.92
90,2,1995,25.41
90,2,1996,25.4
90,2,1997,24.1
90,2,1998,23.43
90,2,1999,22.61
90,2,2000,22.72
90,2,2001,22.4
90,2,2002,21.69
90,2,2003,21.1
90,2,2004,20.24
90,2,2005,19.71
90,2,2006,19.1
90,2,2007,18.31
90,2,2008,17.61
90,2,2009,17.76
90,2,2010,17.42
90,2,2011,16.49
90,2,2012,16.4
90,2,2013,16.1
90,2,2014,15.85
90,2,2015,14.87
90,2,2016,14.87
90,2,2017,14.31
90,2,2018,14.61
90,2,2019,14
90,2,2020,13.29
90,2,2021,12.25
90,2,2022,12.6
90,2,2023,13.2
91,2,1980,21.75
91,2,1981,21.55
91,2,1982,22.38
91,2,1983,22.75
91,2,1984,23.08
91,2,1985,23.24
91,2,1986,23.26
91,2,1987,23.52
91,2,1988,23.68
91,2,1989,24.05
91,2,1990,24.55
91,2,1991,25.05
91,2,1992,25.19
91,2,1993,24.58
91,2,1994,24.03
91,2,1995,23.84
91,2,1996,24.03
91,2,1997,23.61
91,2,1998,23.33
91,2,1999,22.62
91,2,2000,22.31
91,2,2001,22.12
91,2,2002,21.36
91,2,2003,20.82
91,2,2004,19.76
91,2,2005,20.57
91,2,2006,20.6
91,2,2007,19.62
91,2,2008,19.28
91,2,2009,18.96
91,2,2010,18.84
91,2,2011,18.18
91,2,2012,18.37
91,2,2013,17.39
91,2,2014,16.68
91,2,2015,16.71
91,2,2016,17.07
91,2,2017,16.72
91,2,2018,16.7
91,2,2019,16.86
91,2,2020,16.69
91,2,2021,15.7
91,2,2022,16.86
91,2,2023,16.35
92,2,1980,19.82
92,2,1981,19.75
92,2,1982,20.25
92,2,1983,21.03
92,2,1984,21.85
92,2,1985,22.48
92,2,1986,23.01
92,2,1987,23.36
92,2,1988,23.72
92,2,1989,23.87
92,2,1990,23.93
92,2,1991,23.76
92,2,1992,23.46
92,2,1993,23.61
92,2,1994,23.08
92,2,1995,22.64
92,2,1996,21.76
92,2,1997,20.95
92,2,1998,20.53
92,2,1999,19.98
92,2,2000,19.37
92,2,2001,19.13
92,2,2002,18.76
92,2,2003,18.62
92,2,2004,17.95
92,2,2005,17.61
92,2,2006,17.29
92,2,2007,17.25
92,2,2008,16.97
92,2,2009,16.52
92,2,2010,16.18
92,2,2011,15.84
92,2,2012,15.63
92,2,2013,15.28
92,2,2014,14.72
92,2,2015,14.67
92,2,2016,14.4
92,2,2017,14.27
92,2,2018,14.33
92,2,2019,13.94
92,2,2020,14.06
92,2,2021,13.44
92,2,2022,14.24
92,2,2023,13.9
93,2,1980,23.51
93,2,1981,23.18
93,2,1982,23.08
93,2,1983,22.76
93,2,1984,22.62
93,2,1985,22.64
93,2,1986,22.32
93,2,1987,22.31
93,2,1988,22.74
93,2,1989,22.39
93,2,1990,22.13
93,2,1991,22.03
93,2,1992,22.07
93,2,1993,21.71
93,2,1994,20.88
93,2,1995,21.06
93,2,1996,20.97
93,2,1997,20.94
93,2,1998,21.06
93,2,1999,20.52
93,2,2000,20.49
93,2,2001,20.08
93,2,2002,19.83
93,2,2003,19.88
93,2,2004,19.94
93,2,2005,19.6
93,2,2006,18.96
93,2,2007,18.29
93,2,2008,18.14
93,2,2009,17.29
93,2,2010,17.35
93,2,2011,17.12
93,2,2012,17.12
93,2,2013,16.87
93,2,2014,16.3
93,2,2015,16.09
93,2,2016,15.84
93,2,2017,15.73
93,2,2018,15.37
93,2,2019,14.9
93,2,2020,14.75
93,2,2021,14.2
93,2,2022,14.4
93,2,2023,14.5
94,2,1980,29.81
94,2,1981,29.52
94,2,1982,29.1
94,2,1983,29.31
94,2,1984,28.96
94,2,1985,28.91
94,2,1986,28.91
94,2,1987,28.69
94,2,1988,28.44
94,2,1989,28.28
94,2,1990,28.22
94,2,1991,28.1
94,2,1992,27.89
94,2,1993,28
94,2,1994,28.25
94,2,1995,28.42
94,2,1996,27.35
94,2,1997,26.58
94,2,1998,25.4
94,2,1999,24.31
94,2,2000,24.4
94,2,2001,24.37
94,2,2002,24.09
94,2,2003,23.94
94,2,2004,23.04
94,2,2005,21.96
94,2,2006,21.4
94,2,2007,20.84
94,2,2008,21.28
94,2,2009,21.3
94,2,2010,20.64
94,2,2011,19.83
94,2,2012,19.34
94,2,2013,18.72
94,2,2014,18.44
94,2,2015,18.48
94,2,2016,18.03
94,2,2017,17.58
94,2,2018,17.51
94,2,2019,17.16
94,2,2020,16.31
94,2,2021,15.98
94,2,2022,16.87
94,2,2023,15.45
95,2,1980,36.09
95,2,1981,35.83
95,2,1982,36.01
95,2,1983,36.06
95,2,1984,36.55
95,2,1985,37.2
95,2,1986,37.28
95,2,1987,37.09
95,2,1988,37.32
95,2,1989,37.68
95,2,1990,36.54
95,2,1991,36.41
95,2,1992,35.85
95,2,1993,35.83
95,2,1994,34.75
95,2,1995,34.18
95,2,1996,33.1
95,2,1997,32.08
95,2,1998,31.47
95,2,1999,30.84
95,2,2000,29.86
95,2,2001,29.36
95,2,2002,28.77
95,2,2003,28.18
95,2,2004,27.05
95,2,2005,26.65
95,2,2006,25.98
95,2,2007,25.39
95,2,2008,25.02
95,2,2009,23.97
95,2,2010,23.43
95,2,2011,22.94
95,2,2012,22.68
95,2,2013,22.07
95,2,2014,21.41
95,2,2015,21.45
95,2,2016,21.18
95,2,2017,20.84
95,2,2018,20.78
95,2,2019,20.23
95,2,2020,20.24
95,2,2021,19.39
95,2,2022,19.54
95,2,2023,20.83
97,2,1980,27.93
97,2,1981,28.37
97,2,1982,28.08
97,2,1983,28.9
97,2,1984,29.6
97,2,1985,29.14
97,2,1986,28.92
97,2,1987,29.84
97,2,1988,30.55
97,2,1989,30.28
97,2,1990,30.81
97,2,1991,30.65
97,2,1992,30.83
97,2,1993,31.01
97,2,1994,30.52
97,2,1995,31.11
97,2,1996,31.45
97,2,1997,31.5
97,2,1998,31.73
97,2,1999,31.52
97,2,2000,30.77
97,2,2001,30.81
97,2,2002,30.73
97,2,2003,31.28
97,2,2004,30.52
97,2,2005,30.14
97,2,2006,29.56
97,2,2007,29.8
97,2,2008,28.53
97,2,2009,28.27
97,2,2010,28.32
97,2,2011,27.69
97,2,2012,27.37
97,2,2013,27.29
97,2,2014,26.57
97,2,2015,26.39
97,2,2016,26.53
97,2,2017,25.88
97,2,2018,24.86
97,2,2019,24.52
97,2,2020,23.1
97,2,2021,24.1
97,2,2022,25.93
97,2,2023,23.87
98,2,1980,16.95
98,2,1981,16.62
98,2,1982,16.83
98,2,1983,16.82
98,2,1984,16.8
98,2,1985,16.82
98,2,1986,16.6
98,2,1987,16.83
98,2,1988,16.8
98,2,1989,16.76
98,2,1990,17.49
98,2,1991,17.25
98,2,1992,16.77
98,2,1993,16.51
98,2,1994,16.43
98,2,1995,16.77
98,2,1996,16.57
98,2,1997,15.59
98,2,1998,15.75
98,2,1999,15.44
98,2,2000,15.44
98,2,2001,15.15
98,2,2002,15.06
98,2,2003,14.75
98,2,2004,14.67
98,2,2005,14.77
98,2,2006,14.35
98,2,2007,14.09
98,2,2008,14.21
98,2,2009,14.78
98,2,2010,14.59
98,2,2011,14.49
98,2,2012,14.28
98,2,2013,13.99
98,2,2014,13.93
98,2,2015,13.91
98,2,2016,13.65
98,2,2017,13.43
98,2,2018,13.26
98,2,2019,13.46
98,2,2020,12.81
98,2,2021,12.41
98,2,2022,12.84
98,2,2023,13.01
99,2,1980,34.1
99,2,1981,34.13
99,2,1982,33.01
99,2,1983,33.77
99,2,1984,34.72
99,2,1985,35.09
99,2,1986,35.52
99,2,1987,35.66
99,2,1988,37.08
99,2,1989,36.15
99,2,1990,36.23
99,2,1991,35.77
99,2,1992,35.3
99,2,1993,35.36
99,2,1994,35.43
99,2,1995,35.33
99,2,1996,35.17
99,2,1997,34.93
99,2,1998,35.44
99,2,1999,34.63
99,2,2000,34.66
99,2,2001,33.26
99,2,2002,33.47
99,2,2003,32.9
99,2,2004,32.96
99,2,2005,33.4
99,2,2006,32.91
99,2,2007,31.88
99,2,2008,30.91
99,2,2009,30.69
99,2,2010,30.22
99,2,2011,30.11
99,2,2012,29.23
99,2,2013,29.35
99,2,2014,28.81
99,2,2015,29.33
99,2,2016,29.54
99,2,2017,28.85
99,2,2018,29.77
99,2,2019,29.47
99,2,2020,27.03
99,2,2021,28.62
99,2,2022,32.09
99,2,2023,30.75
101,2,1980,27.97
101,2,1981,28.07
101,2,1982,28.09
101,2,1983,28.41
101,2,1984,28.96
101,2,1985,29.64
101,2,1986,29.95
101,2,1987,29.7
101,2,1988,29.66
101,2,1989,29.52
101,2,1990,29.34
101,2,1991,28.87
101,2,1992,28.55
101,2,1993,28.22
101,2,1994,28.18
101,2,1995,27.49
101,2,1996,27.08
101,2,1997,26.35
101,2,1998,25.23
101,2,1999,24.34
101,2,2000,24.16
101,2,2001,24
101,2,2002,23.68
101,2,2003,23.13
101,2,2004,22.31
101,2,2005,21.68
101,2,2006,20.91
101,2,2007,20.69
101,2,2008,20.16
101,2,2009,19.39
101,2,2010,19.08
101,2,2011,18.56
101,2,2012,18.1
101,2,2013,17.58
101,2,2014,17.44
101,2,2015,17.47
101,2,2016,17.46
101,2,2017,17.23
101,2,2018,16.96
101,2,2019,16.64
101,2,2020,16.47
101,2,2021,16.44
101,2,2022,16.67
101,2,2023,16.81
102,2,1980,28.24
102,2,1981,28.4
102,2,1982,28.39
102,2,1983,28.63
102,2,1984,28.99
102,2,1985,29.19
102,2,1986,29.19
102,2,1987,29.09
102,2,1988,29.27
102,2,1989,28.78
102,2,1990,28.3
102,2,1991,28
102,2,1992,27.39
102,2,1993,27.4
102,2,1994,26.95
102,2,1995,26.61
102,2,1996,25.85
102,2,1997,24.89
102,2,1998,24.22
102,2,1999,23.91
102,2,2000,23.56
102,2,2001,23.18
102,2,2002,22.85
102,2,2003,22.48
102,2,2004,21.76
102,2,2005,21.5
102,2,2006,20.9
102,2,2007,20.35
102,2,2008,20.24
102,2,2009,19.84
102,2,2010,19.57
102,2,2011,19.31
102,2,2012,19.01
102,2,2013,18.75
102,2,2014,18.52
102,2,2015,18.46
102,2,2016,18.24
102,2,2017,18.1
102,2,2018,17.76
102,2,2019,17.44
102,2,2020,17.53
102,2,2021,17.2
102,2,2022,17.05
102,2,2023,16.77
105,2,1980,27.28
105,2,1981,27.26
105,2,1982,27.23
105,2,1983,27.27
105,2,1984,27.01
105,2,1985,26.87
105,2,1986,26.4
105,2,1987,26.74
105,2,1988,26.12
105,2,1989,28.41
105,2,1990,28.95
105,2,1991,28.17
105,2,1992,28.29
105,2,1993,27.15
105,2,1994,28.19
105,2,1995,28.14
105,2,1996,27.87
105,2,1997,26.44
105,2,1998,25.77
105,2,1999,25.85
105,2,2000,27.74
105,2,2001,26.69
105,2,2002,27.26
105,2,2003,26.86
105,2,2004,27.05
105,2,2005,25.86
105,2,2006,24.89
105,2,2007,25.32
105,2,2008,24.7
105,2,2009,25.54
105,2,2010,26.22
105,2,2011,26.34
105,2,2012,26.51
105,2,2013,26.28
105,2,2014,26.41
105,2,2015,26.69
105,2,2016,27.39
105,2,2017,28
105,2,2018,27.69
105,2,2019,27.68
105,2,2020,27.79
105,2,2021,27.98
105,2,2022,29.18
105,2,2023,30.18
106,2,1980,39.2
106,2,1981,37.98
106,2,1982,37.81
106,2,1983,37.42
106,2,1984,36.73
106,2,1985,32.18
106,2,1986,30.86
106,2,1987,29.32
106,2,1988,28.9
106,2,1989,29.35
106,2,1990,32.35
106,2,1991,33.73
106,2,1992,33.21
106,2,1993,33.25
106,2,1994,32.94
106,2,1995,31.38
106,2,1996,32.41
106,2,1997,31.42
106,2,1998,32.14
106,2,1999,33.31
106,2,2000,34.81
106,2,2001,35.9
106,2,2002,36.6
106,2,2003,36.4
106,2,2004,37.55
106,2,2005,36.49
106,2,2006,36.84
106,2,2007,37.18
106,2,2008,37.16
106,2,2009,38.32
106,2,2010,40.34
106,2,2011,40.59
106,2,2012,40.32
106,2,2013,40.3
106,2,2014,39.93
106,2,2015,40.13
106,2,2016,40.68
106,2,2017,40.95
106,2,2018,41.13
106,2,2019,43.73
106,2,2020,42.63
106,2,2021,52.75
106,2,2022,43.81
106,2,2023,42.38
107,2,1980,32.9
107,2,1981,31.17
107,2,1982,29.02
107,2,1983,29.44
107,2,1984,29.92
107,2,1985,28.06
107,2,1986,30.17
107,2,1987,31.47
107,2,1988,31.97
107,2,1989,30.72
107,2,1990,30.84
107,2,1991,31.19
107,2,1992,30.86
107,2,1993,31.22
107,2,1994,30.34
107,2,1995,30.47
107,2,1996,30.26
107,2,1997,30.47
107,2,1998,31.19
107,2,1999,31.34
107,2,2000,31.45
107,2,2001,32.54
107,2,2002,32.02
107,2,2003,31.52
107,2,2004,31.17
107,2,2005,30.69
107,2,2006,30.04
107,2,2007,30.5
107,2,2008,30.14
107,2,2009,31.13
107,2,2010,31.59
107,2,2011,32.62
107,2,2012,32.49
107,2,2013,31.32
107,2,2014,31.63
107,2,2015,32.04
107,2,2016,32.52
107,2,2017,32.95
107,2,2018,33.38
107,2,2019,34
107,2,2020,35.12
107,2,2021,37.04
107,2,2022,37.47
107,2,2023,37.96
108,2,1980,9.32
108,2,1981,9.01
108,2,1982,8.7
108,2,1983,8.97
108,2,1984,9.36
108,2,1985,9.2
108,2,1986,9.05
108,2,1987,9.14
108,2,1988,8.96
108,2,1989,8.8
108,2,1990,9.31
108,2,1991,9.41
108,2,1992,9.45
108,2,1993,9.7
108,2,1994,10.08
108,2,1995,10.06
108,2,1996,10.76
108,2,1997,11.25
108,2,1998,12.1
108,2,1999,12.43
108,2,2000,12.79
108,2,2001,13.05
108,2,2002,13.14
108,2,2003,13.15
108,2,2004,13.13
108,2,2005,13.36
108,2,2006,13.15
108,2,2007,13.45
108,2,2008,13.54
108,2,2009,13.6
108,2,2010,13.53
108,2,2011,13.32
108,2,2012,13.77
108,2,2013,13.58
108,2,2014,13.63
108,2,2015,13.6
108,2,2016,13.22
108,2,2017,13.1
108,2,2018,13.06
108,2,2019,13.12
108,2,2020,13.09
108,2,2021,13.29
108,2,2022,12.59
108,2,2023,12.81
109,2,1980,18.7
109,2,1981,18.46
109,2,1982,18.25
109,2,1983,18.28
109,2,1984,18.75
109,2,1985,18.11
109,2,1986,18.51
109,2,1987,18.77
109,2,1988,18.51
109,2,1989,18.48
109,2,1990,18.58
109,2,1991,19.21
109,2,1992,19.55
109,2,1993,19.35
109,2,1994,19.46
109,2,1995,18.96
109,2,1996,19.32
109,2,1997,18.28
109,2,1998,17.53
109,2,1999,17.78
109,2,2000,17.62
109,2,2001,17.77
109,2,2002,17.93
109,2,2003,17.84
109,2,2004,17.95
109,2,2005,17.85
109,2,2006,18.05
109,2,2007,18.59
109,2,2008,18.79
109,2,2009,19.18
109,2,2010,19.27
109,2,2011,18.86
109,2,2012,19.06
109,2,2013,18.66
109,2,2014,18.99
109,2,2015,18.66
109,2,2016,18.37
109,2,2017,18.13
109,2,2018,18.49
109,2,2019,18.78
109,2,2020,19.31
109,2,2021,21.98
109,2,2022,17.9
109,2,2023,18.65
110,2,1980,18.06
110,2,1981,18.13
110,2,1982,18.12
110,2,1983,18.25
110,2,1984,18.41
110,2,1985,18.62
110,2,1986,18.94
110,2,1987,19.27
110,2,1988,19.66
110,2,1989,20.17
110,2,1990,20.66
110,2,1991,20.96
110,2,1992,21.12
110,2,1993,21.55
110,2,1994,21.94
110,2,1995,22.25
110,2,1996,22.42
110,2,1997,22.36
110,2,1998,22.45
110,2,1999,22.37
110,2,2000,22.55
110,2,2001,22.77
110,2,2002,23.07
110,2,2003,23.65
110,2,2004,23.82
110,2,2005,23.89
110,2,2006,24.12
110,2,2007,24.39
110,2,2008,24.81
110,2,2009,25.05
110,2,2010,25.34
110,2,2011,25.42
110,2,2012,25.51
110,2,2013,25.39
110,2,2014,25.38
110,2,2015,25.47
110,2,2016,25.82
110,2,2017,25.85
110,2,2018,25.61
110,2,2019,25.88
110,2,2020,26.61
110,2,2021,25.98
110,2,2022,25.29
110,2,2023,26.26
111,2,1980,15.31
111,2,1981,15.1
111,2,1982,14.96
111,2,1983,14.91
111,2,1984,14.63
111,2,1985,14.39
111,2,1986,14.46
111,2,1987,14.24
111,2,1988,14.06
111,2,1989,14.06
111,2,1990,13.94
111,2,1991,13.6
111,2,1992,13.22
111,2,1993,12.73
111,2,1994,12.51
111,2,1995,12.35
111,2,1996,12.26
111,2,1997,12.14
111,2,1998,12.07
111,2,1999,12.24
111,2,2000,12.6
111,2,2001,13.22
111,2,2002,13.64
111,2,2003,13.66
111,2,2004,13.73
111,2,2005,13.79
111,2,2006,13.98
111,2,2007,14.39
111,2,2008,14.89
111,2,2009,15.33
111,2,2010,15.75
111,2,2011,16.25
111,2,2012,16.53
111,2,2013,16.58
111,2,2014,16.69
111,2,2015,17.2
111,2,2016,17.67
111,2,2017,18.08
111,2,2018,18.36
111,2,2019,18.66
111,2,2020,18.96
111,2,2021,19.92
111,2,2022,20.71
111,2,2023,21.48
112,2,1980,26.52
112,2,1981,26.63
112,2,1982,26.62
112,2,1983,26.52
112,2,1984,26.44
112,2,1985,24.47
112,2,1986,24.58
112,2,1987,24.64
112,2,1988,24.83
112,2,1989,25.27
112,2,1990,25.06
112,2,1991,25
112,2,1992,24.58
112,2,1993,24.09
112,2,1994,24.33
112,2,1995,23.9
112,2,1996,24.65
112,2,1997,24.77
112,2,1998,24.82
112,2,1999,24.18
112,2,2000,24.01
112,2,2001,23.96
112,2,2002,24.73
112,2,2003,24.54
112,2,2004,23.6
112,2,2005,23.04
112,2,2006,23.73
112,2,2007,24.44
112,2,2008,24.52
112,2,2009,24.5
112,2,2010,24.9
112,2,2011,25.1
112,2,2012,25.38
112,2,2013,25.04
112,2,2014,24.65
112,2,2015,24.2
112,2,2016,24.12
112,2,2017,23.78
112,2,2018,23.77
112,2,2019,24.16
112,2,2020,24.03
112,2,2021,24.68
112,2,2022,24.97
112,2,2023,25.65
113,2,1980,19.56
113,2,1981,19.52
113,2,1982,19.36
113,2,1983,19.08
113,2,1984,18.75
113,2,1985,18.61
113,2,1986,18.19
113,2,1987,17.57
113,2,1988,17.78
113,2,1989,17.58
113,2,1990,19.17
113,2,1991,18.94
113,2,1992,18.6
113,2,1993,18.36
113,2,1994,17.56
113,2,1995,17.49
113,2,1996,19.15
113,2,1997,19.53
113,2,1998,18.54
113,2,1999,20.42
113,2,2000,24.03
113,2,2001,21.54
113,2,2002,21.5
113,2,2003,20.35
113,2,2004,20.35
113,2,2005,20.79
113,2,2006,20.35
113,2,2007,21.53
113,2,2008,21.7
113,2,2009,21.56
113,2,2010,21.7
113,2,2011,22.36
113,2,2012,23.06
113,2,2013,22.7
113,2,2014,22.68
113,2,2015,21.9
113,2,2016,20.5
113,2,2017,19.82
113,2,2018,20.8
113,2,2019,20.68
113,2,2020,23.56
113,2,2021,25.22
113,2,2022,25.27
113,2,2023,27.19
114,2,1980,17.99
114,2,1981,17.93
114,2,1982,17.85
114,2,1983,17.78
114,2,1984,17.32
114,2,1985,17.64
114,2,1986,17.34
114,2,1987,17
114,2,1988,16.71
114,2,1989,16.3
114,2,1990,16.33
114,2,1991,15.73
114,2,1992,15.99
114,2,1993,15.93
114,2,1994,15.52
114,2,1995,15.74
114,2,1996,15.75
114,2,1997,16.28
114,2,1998,15.65
114,2,1999,16.11
114,2,2000,16.22
114,2,2001,16.52
114,2,2002,16.61
114,2,2003,16.82
114,2,2004,17.16
114,2,2005,17.14
114,2,2006,17.34
114,2,2007,17.8
114,2,2008,18.03
114,2,2009,18.2
114,2,2010,18.29
114,2,2011,18.72
114,2,2012,19.23
114,2,2013,19.92
114,2,2014,20.19
114,2,2015,20.51
114,2,2016,20.99
114,2,2017,21.52
114,2,2018,22.39
114,2,2019,23.19
114,2,2020,22.96
114,2,2021,24.47
114,2,2022,26.27
114,2,2023,27.49
115,2,1980,19.91
115,2,1981,20.4
115,2,1982,20.81
115,2,1983,21.84
115,2,1984,23.88
115,2,1985,23.05
115,2,1986,21.28
115,2,1987,21.53
115,2,1988,21.56
115,2,1989,20.82
115,2,1990,20.03
115,2,1991,20.03
115,2,1992,19.89
115,2,1993,20.04
115,2,1994,20.35
115,2,1995,21.24
115,2,1996,23.04
115,2,1997,23.95
115,2,1998,24.54
115,2,1999,24.99
115,2,2000,25.6
115,2,2001,25.68
115,2,2002,24.02
115,2,2003,23.73
115,2,2004,22.8
115,2,2005,21.5
115,2,2006,21.2
115,2,2007,21.49
115,2,2008,22.55
115,2,2009,22.57
115,2,2010,23.3
115,2,2011,23.86
115,2,2012,24.98
115,2,2013,26.34
115,2,2014,27.18
115,2,2015,27.92
115,2,2016,28.31
115,2,2017,28.44
115,2,2018,28.39
115,2,2019,28.44
115,2,2020,28.59
115,2,2021,29.98
115,2,2022,28.64
115,2,2023,28.68
116,2,1980,26.44
116,2,1981,25.9
116,2,1982,25.96
116,2,1983,25.81
116,2,1984,25.68
116,2,1985,24.53
116,2,1986,24.76
116,2,1987,25.77
116,2,1988,26.67
116,2,1989,26.4
116,2,1990,28.38
116,2,1991,27.77
116,2,1992,27.23
116,2,1993,25.84
116,2,1994,25.88
116,2,1995,24.89
116,2,1996,24.95
116,2,1997,23.64
116,2,1998,22.62
116,2,1999,22.7
116,2,2000,23.03
116,2,2001,22.52
116,2,2002,22.9
116,2,2003,22.28
116,2,2004,22.15
116,2,2005,21.13
116,2,2006,20.93
116,2,2007,20.61
116,2,2008,20.52
116,2,2009,21.25
116,2,2010,21.84
116,2,2011,21.91
116,2,2012,22.23
116,2,2013,21.08
116,2,2014,20.46
116,2,2015,20.28
116,2,2016,19.05
116,2,2017,19.3
116,2,2018,19.8
116,2,2019,19.55
116,2,2020,19.45
116,2,2021,20.89
116,2,2022,20.49
116,2,2023,21.54
117,2,1980,23.74
117,2,1981,23.99
117,2,1982,24.22
117,2,1983,24.71
117,2,1984,25.46
117,2,1985,24.25
117,2,1986,22.87
117,2,1987,24.05
117,2,1988,24.63
117,2,1989,25.41
117,2,1990,26.09
117,2,1991,26.92
117,2,1992,27.73
117,2,1993,28.19
117,2,1994,28.75
117,2,1995,28.52
117,2,1996,28.57
117,2,1997,27.53
117,2,1998,26.59
117,2,1999,26.89
117,2,2000,27.72
117,2,2001,28.43
117,2,2002,27.92
117,2,2003,26.95
117,2,2004,27.03
117,2,2005,26.13
117,2,2006,25.51
117,2,2007,25.37
117,2,2008,26.11
117,2,2009,26.84
117,2,2010,27.7
117,2,2011,29.17
117,2,2012,30.53
117,2,2013,30.41
117,2,2014,29.44
117,2,2015,28.92
117,2,2016,28.41
117,2,2017,28.41
117,2,2018,28.57
117,2,2019,29.42
117,2,2020,28.7
117,2,2021,26.74
117,2,2022,27.34
117,2,2023,28.35
118,2,1980,13.92
118,2,1981,13.77
118,2,1982,13.84
118,2,1983,13.98
118,2,1984,14.14
118,2,1985,14.24
118,2,1986,14.57
118,2,1987,14.84
118,2,1988,15
118,2,1989,14.88
118,2,1990,15.08
118,2,1991,15.29
118,2,1992,15.57
118,2,1993,15.66
118,2,1994,16.02
118,2,1995,16.57
118,2,1996,17.1
118,2,1997,17.3
118,2,1998,17.19
118,2,1999,17.03
118,2,2000,16.22
118,2,2001,16.03
118,2,2002,16.53
118,2,2003,16.74
118,2,2004,16.92
118,2,2005,17.05
118,2,2006,17.2
118,2,2007,17.34
118,2,2008,17.52
118,2,2009,17.83
118,2,2010,18.11
118,2,2011,18.49
118,2,2012,18.64
118,2,2013,18.56
118,2,2014,18.43
118,2,2015,18.36
118,2,2016,18.24
118,2,2017,18.02
118,2,2018,17.8
118,2,2019,17.79
118,2,2020,17.76
118,2,2021,19.47
118,2,2022,17.8
118,2,2023,18.1
119,2,1980,28.91
119,2,1981,27.6
119,2,1982,26.72
119,2,1983,27.85
119,2,1984,29.65
119,2,1985,28.94
119,2,1986,30.72
119,2,1987,31.95
119,2,1988,30.79
119,2,1989,29.3
119,2,1990,29.71
119,2,1991,28.41
119,2,1992,28.37
119,2,1993,29.25
119,2,1994,29.97
119,2,1995,30.34
119,2,1996,30.19
119,2,1997,28.83
119,2,1998,27.27
119,2,1999,26.16
119,2,2000,26.43
119,2,2001,25.77
119,2,2002,26.78
119,2,2003,25.8
119,2,2004,26.54
119,2,2005,25.78
119,2,2006,25.46
119,2,2007,26.53
119,2,2008,26.05
119,2,2009,26.25
119,2,2010,26.94
119,2,2011,27.22
119,2,2012,26.92
119,2,2013,26.99
119,2,2014,27.16
119,2,2015,27.34
119,2,2016,27.25
119,2,2017,27.5
119,2,2018,27.78
119,2,2019,28.11
119,2,2020,28.59
119,2,2021,30.69
119,2,2022,30.48
119,2,2023,31.45
121,2,1980,8.9
121,2,1981,8.78
121,2,1982,8.59
121,2,1983,8.42
121,2,1984,8.32
121,2,1985,8.29
121,2,1986,8.28
121,2,1987,8.24
121,2,1988,8.3
121,2,1989,8.43
121,2,1990,8.6
121,2,1991,8.79
121,2,1992,8.93
121,2,1993,9.08
121,2,1994,9.29
121,2,1995,9.61
121,2,1996,9.99
121,2,1997,10.28
121,2,1998,10.69
121,2,1999,11.08
121,2,2000,11.44
121,2,2001,11.78
121,2,2002,12.01
121,2,2003,12.36
121,2,2004,12.78
121,2,2005,13.13
121,2,2006,13.53
121,2,2007,13.77
121,2,2008,14.04
121,2,2009,14.27
121,2,2010,14.54
121,2,2011,14.87
121,2,2012,15.16
121,2,2013,15.41
121,2,2014,15.53
121,2,2015,15.86
121,2,2016,16.25
121,2,2017,16.56
121,2,2018,17.02
121,2,2019,17.38
121,2,2020,17.61
121,2,2021,17
121,2,2022,17.18
121,2,2023,17.29
122,2,1980,7.49
122,2,1981,7.75
122,2,1982,8
122,2,1983,7.87
122,2,1984,7.7
122,2,1985,7.94
122,2,1986,8.38
122,2,1987,8.58
122,2,1988,8.63
122,2,1989,9.03
122,2,1990,9.2
122,2,1991,9.6
122,2,1992,9.43
122,2,1993,9.34
122,2,1994,9.94
122,2,1995,10.75
122,2,1996,11.97
122,2,1997,11.94
122,2,1998,11.99
122,2,1999,12.52
122,2,2000,12.78
122,2,2001,12.85
122,2,2002,12.3
122,2,2003,12.71
122,2,2004,12.12
122,2,2005,12.2
122,2,2006,12.7
122,2,2007,12.03
122,2,2008,11.91
122,2,2009,11.85
122,2,2010,11.53
122,2,2011,11.03
122,2,2012,11.27
122,2,2013,10.97
122,2,2014,10.53
122,2,2015,10.13
122,2,2016,10.28
122,2,2017,10.37
122,2,2018,10.68
122,2,2019,11.31
122,2,2020,10.89
122,2,2021,11.03
122,2,2022,10.74
122,2,2023,11
123,2,1980,8.61
123,2,1981,8.2
123,2,1982,8.88
123,2,1983,9.57
123,2,1984,10.05
123,2,1985,10.04
123,2,1986,10.17
123,2,1987,9.94
123,2,1988,9.36
123,2,1989,9.01
123,2,1990,8.74
123,2,1991,9.04
123,2,1992,9.23
123,2,1993,9.86
123,2,1994,10.39
123,2,1995,11.09
123,2,1996,11.89
123,2,1997,11.95
123,2,1998,12.04
123,2,1999,12.2
123,2,2000,11.81
123,2,2001,11.54
123,2,2002,11.37
123,2,2003,11.63
123,2,2004,11.75
123,2,2005,11.31
123,2,2006,10.87
123,2,2007,10.92
123,2,2008,11.09
123,2,2009,10.99
123,2,2010,10.88
123,2,2011,10.64
123,2,2012,10.38
123,2,2013,10.15
123,2,2014,9.89
123,2,2015,9.73
123,2,2016,10.09
123,2,2017,10.89
123,2,2018,11.56
123,2,2019,11.95
123,2,2020,11.77
123,2,2021,15.18
123,2,2022,13.81
123,2,2023,14.29
125,2,1980,14.57
125,2,1981,14.37
125,2,1982,14.56
125,2,1983,14.81
125,2,1984,15.23
125,2,1985,15.01
125,2,1986,15.22
125,2,1987,14.69
125,2,1988,14.68
125,2,1989,14.59
125,2,1990,14.64
125,2,1991,14.3
125,2,1992,14.13
125,2,1993,14.23
125,2,1994,14.09
125,2,1995,13.78
125,2,1996,13.44
125,2,1997,12.91
125,2,1998,12.36
125,2,1999,12.56
125,2,2000,12.67
125,2,2001,12.73
125,2,2002,12.92
125,2,2003,13.04
125,2,2004,12.79
125,2,2005,12.28
125,2,2006,12.08
125,2,2007,12.29
125,2,2008,12.19
125,2,2009,12.36
125,2,2010,12.52
125,2,2011,12.36
125,2,2012,12.41
125,2,2013,12.42
125,2,2014,12.61
125,2,2015,12.81
125,2,2016,13.24
125,2,2017,13.52
125,2,2018,13.62
125,2,2019,13.65
125,2,2020,13.38
125,2,2021,13.5
125,2,2022,13.19
125,2,2023,13.1
126,2,1980,14.39
126,2,1981,13.8
126,2,1982,14.12
126,2,1983,14.46
126,2,1984,15.43
126,2,1985,15.73
126,2,1986,15.37
126,2,1987,16.51
126,2,1988,16.15
126,2,1989,15.09
126,2,1990,15.07
126,2,1991,14.25
126,2,1992,14.99
126,2,1993,15.46
126,2,1994,16.24
126,2,1995,16.32
126,2,1996,16.35
126,2,1997,15.51
126,2,1998,15.31
126,2,1999,15.41
126,2,2000,15.13
126,2,2001,15.23
126,2,2002,15.41
126,2,2003,15.56
126,2,2004,15.33
126,2,2005,15
126,2,2006,15.39
126,2,2007,15.44
126,2,2008,15.6
126,2,2009,15.58
126,2,2010,15.51
126,2,2011,15.29
126,2,2012,15.69
126,2,2013,16.27
126,2,2014,16.22
126,2,2015,15.98
126,2,2016,15.77
126,2,2017,15.95
126,2,2018,15.66
126,2,2019,15.8
126,2,2020,15.74
126,2,2021,15.9
126,2,2022,17.14
126,2,2023,18.02
127,2,1980,7.54
127,2,1981,7.81
127,2,1982,8.14
127,2,1983,8.2
127,2,1984,8.36
127,2,1985,8.4
127,2,1986,8.34
127,2,1987,8.28
127,2,1988,8.28
127,2,1989,8.6
127,2,1990,8.48
127,2,1991,8.72
127,2,1992,8.76
127,2,1993,8.89
127,2,1994,9.03
127,2,1995,9.4
127,2,1996,9.73
127,2,1997,10.12
127,2,1998,10.39
127,2,1999,10.55
127,2,2000,10.78
127,2,2001,11.05
127,2,2002,11.17
127,2,2003,11.36
127,2,2004,11.43
127,2,2005,11.43
127,2,2006,11.48
127,2,2007,11.61
127,2,2008,11.74
127,2,2009,11.66
127,2,2010,11.73
127,2,2011,11.69
127,2,2012,12.35
127,2,2013,12.67
127,2,2014,13.07
127,2,2015,13.25
127,2,2016,13.18
127,2,2017,13.33
127,2,2018,13.67
127,2,2019,14.09
127,2,2020,14.49
127,2,2021,15.69
127,2,2022,15.96
127,2,2023,16.45
128,2,1980,6.04
128,2,1981,6.39
128,2,1982,6.41
128,2,1983,6.11
128,2,1984,6.57
128,2,1985,5.85
128,2,1986,5.59
128,2,1987,5.84
128,2,1988,6.24
128,2,1989,5.85
128,2,1990,6.12
128,2,1991,5.99
128,2,1992,6.68
128,2,1993,7.27
128,2,1994,7.23
128,2,1995,7.14
128,2,1996,6.81
128,2,1997,6.67
128,2,1998,7.2
128,2,1999,7.34
128,2,2000,7.91
128,2,2001,7.81
128,2,2002,7.96
128,2,2003,8.02
128,2,2004,8.4
128,2,2005,8.22
128,2,2006,8.44
128,2,2007,7.84
128,2,2008,8.23
128,2,2009,8.45
128,2,2010,8.87
128,2,2011,8.9
128,2,2012,9.21
128,2,2013,9.14
128,2,2014,8.94
128,2,2015,9.37
128,2,2016,9.31
128,2,2017,9.83
128,2,2018,9.77
128,2,2019,9.4
128,2,2020,9.42
128,2,2021,9.8
128,2,2022,9.96
128,2,2023,9.71
129,2,1980,7.29
129,2,1981,6.67
129,2,1982,6.45
129,2,1983,6.42
129,2,1984,6.18
129,2,1985,5.98
129,2,1986,5.79
129,2,1987,6.11
129,2,1988,6.2
129,2,1989,6.21
129,2,1990,6.45
129,2,1991,6.71
129,2,1992,6.72
129,2,1993,6.94
129,2,1994,7.1
129,2,1995,7.08
129,2,1996,7.45
129,2,1997,7.53
129,2,1998,7.65
129,2,1999,7.79
129,2,2000,7.94
129,2,2001,8.12
129,2,2002,8.29
129,2,2003,8.44
129,2,2004,8.51
129,2,2005,8.51
129,2,2006,8.52
129,2,2007,8.54
129,2,2008,8.57
129,2,2009,8.56
129,2,2010,8.62
129,2,2011,8.75
129,2,2012,8.89
129,2,2013,8.89
129,2,2014,8.91
129,2,2015,8.95
129,2,2016,8.92
129,2,2017,8.93
129,2,2018,9.01
129,2,2019,9.13
129,2,2020,8.72
129,2,2021,9.72
129,2,2022,9.86
129,2,2023,9.82
130,2,1980,10.96
130,2,1981,11
130,2,1982,10.75
130,2,1983,10.78
130,2,1984,10.81
130,2,1985,11.1
130,2,1986,11.28
130,2,1987,11.59
130,2,1988,11.43
130,2,1989,11.37
130,2,1990,11.41
130,2,1991,11.65
130,2,1992,12.01
130,2,1993,12.22
130,2,1994,12.4
130,2,1995,12.55
130,2,1996,12.62
130,2,1997,12.54
130,2,1998,12.52
130,2,1999,12.26
130,2,2000,12
130,2,2001,11.92
130,2,2002,12.09
130,2,2003,12.04
130,2,2004,12.15
130,2,2005,12.02
130,2,2006,12.1
130,2,2007,12.08
130,2,2008,12.19
130,2,2009,11.79
130,2,2010,12.09
130,2,2011,12.06
130,2,2012,12.11
130,2,2013,11.78
130,2,2014,11.98
130,2,2015,12.25
130,2,2016,12.46
130,2,2017,12.69
130,2,2018,12.86
130,2,2019,12.91
130,2,2020,12.88
130,2,2021,13.17
130,2,2022,12.34
130,2,2023,12.16
131,2,1980,7.68
131,2,1981,7.57
131,2,1982,7.46
131,2,1983,7.51
131,2,1984,7.53
131,2,1985,7.47
131,2,1986,7.48
131,2,1987,7.39
131,2,1988,7.33
131,2,1989,7.4
131,2,1990,7.58
131,2,1991,7.61
131,2,1992,7.79
131,2,1993,8.11
131,2,1994,8.27
131,2,1995,8.32
131,2,1996,8.35
131,2,1997,8.39
131,2,1998,9.47
131,2,1999,8.61
131,2,2000,8.84
131,2,2001,9.07
131,2,2002,9.34
131,2,2003,9.65
131,2,2004,9.78
131,2,2005,9.87
131,2,2006,10.04
131,2,2007,10.27
131,2,2008,10.54
131,2,2009,10.78
131,2,2010,10.97
131,2,2011,11.15
131,2,2012,11.36
131,2,2013,11.59
131,2,2014,11.9
131,2,2015,12.03
131,2,2016,12.13
131,2,2017,12.24
131,2,2018,12.58
131,2,2019,13.47
131,2,2020,13.38
131,2,2021,14.37
131,2,2022,13.54
131,2,2023,12.06
132,2,1980,11.66
132,2,1981,11.43
132,2,1982,11.38
132,2,1983,11.89
132,2,1984,12.13
132,2,1985,12.6
132,2,1986,11.9
132,2,1987,11.92
132,2,1988,12.28
132,2,1989,12.69
132,2,1990,12.85
132,2,1991,13.26
132,2,1992,13.64
132,2,1993,13.86
132,2,1994,13.82
132,2,1995,13.65
132,2,1996,12.66
132,2,1997,12.34
132,2,1998,12.4
132,2,1999,12.22
132,2,2000,13
132,2,2001,12.68
132,2,2002,12.07
132,2,2003,12.43
132,2,2004,12.89
132,2,2005,12.94
132,2,2006,12.96
132,2,2007,13.22
132,2,2008,13.48
132,2,2009,13.58
132,2,2010,13.93
132,2,2011,14.39
132,2,2012,14.73
132,2,2013,14.81
132,2,2014,14.84
132,2,2015,14.79
132,2,2016,14.84
132,2,2017,14.74
132,2,2018,14.8
132,2,2019,15.38
132,2,2020,14.87
132,2,2021,14.54
132,2,2022,14.69
132,2,2023,14.9
133,2,1980,12.67
133,2,1981,13.11
133,2,1982,13.36
133,2,1983,14.04
133,2,1984,13.78
133,2,1985,13.4
133,2,1986,14.05
133,2,1987,14.3
133,2,1988,14.56
133,2,1989,14.54
133,2,1990,15.16
133,2,1991,15.66
133,2,1992,16.18
133,2,1993,15.98
133,2,1994,16.43
133,2,1995,16.32
133,2,1996,15.87
133,2,1997,15.69
133,2,1998,15.5
133,2,1999,16.64
133,2,2000,15.55
133,2,2001,15.79
133,2,2002,16.21
133,2,2003,16.71
133,2,2004,16.94
133,2,2005,16.64
133,2,2006,16.25
133,2,2007,16.33
133,2,2008,16.41
133,2,2009,16.92
133,2,2010,17.16
133,2,2011,17.86
133,2,2012,18.29
133,2,2013,18.14
133,2,2014,18.57
133,2,2015,19.28
133,2,2016,19.72
133,2,2017,20.08
133,2,2018,21.47
133,2,2019,23.05
133,2,2020,23.47
133,2,2021,23.67
133,2,2022,24.41
133,2,2023,24.8
135,2,1980,14.92
135,2,1981,14.3
135,2,1982,14.33
135,2,1983,14.73
135,2,1984,15.04
135,2,1985,15.32
135,2,1986,15.41
135,2,1987,15.69
135,2,1988,15.77
135,2,1989,16.01
135,2,1990,16.15
135,2,1991,15.97
135,2,1992,16.28
135,2,1993,16.67
135,2,1994,16.7
135,2,1995,16.46
135,2,1996,16.26
135,2,1997,16.17
135,2,1998,16.31
135,2,1999,16.32
135,2,2000,16.18
135,2,2001,16.13
135,2,2002,16.11
135,2,2003,16.05
135,2,2004,16
135,2,2005,15.69
135,2,2006,15.68
135,2,2007,15.59
135,2,2008,15.72
135,2,2009,15.63
135,2,2010,15.82
135,2,2011,15.91
135,2,2012,15.81
135,2,2013,15.77
135,2,2014,15.74
135,2,2015,16.06
135,2,2016,16.18
135,2,2017,16.18
135,2,2018,16.29
135,2,2019,16.33
135,2,2020,15.87
135,2,2021,16.01
135,2,2022,16.43
135,2,2023,16.57
136,2,1980,12.5
136,2,1981,12.72
136,2,1982,12.69
136,2,1983,12.67
136,2,1984,12.61
136,2,1985,12.53
136,2,1986,12.72
136,2,1987,12.74
136,2,1988,12.66
136,2,1989,13.06
136,2,1990,13.38
136,2,1991,13.87
136,2,1992,14.44
136,2,1993,15.1
136,2,1994,15.7
136,2,1995,16
136,2,1996,16.36
136,2,1997,16.67
136,2,1998,16.96
136,2,1999,17.08
136,2,2000,17.06
136,2,2001,17.4
136,2,2002,17.9
136,2,2003,18.21
136,2,2004,18.61
136,2,2005,19.16
136,2,2006,19.26
136,2,2007,19.59
136,2,2008,19.5
136,2,2009,19.48
136,2,2010,19.74
136,2,2011,19.95
136,2,2012,20.21
136,2,2013,20.12
136,2,2014,20.45
136,2,2015,20.74
136,2,2016,20.94
136,2,2017,21.28
136,2,2018,21.68
136,2,2019,22.18
136,2,2020,22.23
136,2,2021,23.18
136,2,2022,20.94
136,2,2023,21.59
139,2,1980,6.61
139,2,1981,6.72
139,2,1982,6.88
139,2,1983,7.2
139,2,1984,7.59
139,2,1985,8.04
139,2,1986,8.34
139,2,1987,8.52
139,2,1988,8.67
139,2,1989,8.86
139,2,1990,9.02
139,2,1991,8.94
139,2,1992,9
139,2,1993,9.1
139,2,1994,9.13
139,2,1995,9.23
139,2,1996,9.25
139,2,1997,9.26
139,2,1998,9.35
139,2,1999,9.38
139,2,2000,9.46
139,2,2001,9.52
139,2,2002,9.65
139,2,2003,9.89
139,2,2004,10.23
139,2,2005,10.56
139,2,2006,10.77
139,2,2007,10.95
139,2,2008,11.12
139,2,2009,11.26
139,2,2010,11.36
139,2,2011,11.48
139,2,2012,11.55
139,2,2013,11.63
139,2,2014,11.66
139,2,2015,11.81
139,2,2016,11.9
139,2,2017,12.28
139,2,2018,12.64
139,2,2019,12.99
139,2,2020,12.35
139,2,2021,12.22
139,2,2022,12.6
139,2,2023,12.83
140,2,1980,18.56
140,2,1981,18.95
140,2,1982,19.36
140,2,1983,19.96
140,2,1984,20.71
140,2,1985,21.55
140,2,1986,22.38
140,2,1987,23.15
140,2,1988,23.68
140,2,1989,24.26
140,2,1990,24.89
140,2,1991,24.68
140,2,1992,24.93
140,2,1993,24.82
140,2,1994,24.55
140,2,1995,24.86
140,2,1996,25.14
140,2,1997,25.39
140,2,1998,25.47
140,2,1999,25
140,2,2000,25.31
140,2,2001,25.09
140,2,2002,25.02
140,2,2003,25.4
140,2,2004,25.44
140,2,2005,25.25
140,2,2006,24.95
140,2,2007,24.62
140,2,2008,24.37
140,2,2009,24.2
140,2,2010,24.3
140,2,2011,23.9
140,2,2012,23.85
140,2,2013,23.31
140,2,2014,22.73
140,2,2015,22.29
140,2,2016,22.17
140,2,2017,21.74
140,2,2018,20.76
140,2,2019,19.93
140,2,2020,18.75
140,2,2021,19.04
140,2,2022,18.39
140,2,2023,19.44
141,2,1980,5.4
141,2,1981,5.64
141,2,1982,6.03
141,2,1983,6.28
141,2,1984,6.6
141,2,1985,7.02
141,2,1986,7.6
141,2,1987,7.75
141,2,1988,7.77
141,2,1989,7.79
141,2,1990,7.9
141,2,1991,7.99
141,2,1992,8.16
141,2,1993,8.47
141,2,1994,8.61
141,2,1995,8.72
141,2,1996,8.88
141,2,1997,9.17
141,2,1998,9.56
141,2,1999,9.76
141,2,2000,10.1
141,2,2001,11
141,2,2002,12.26
141,2,2003,13.99
141,2,2004,15.38
141,2,2005,16.37
141,2,2006,17.22
141,2,2007,17.66
141,2,2008,18.06
141,2,2009,18.2
141,2,2010,18.03
141,2,2011,18.24
141,2,2012,18.35
141,2,2013,17.39
141,2,2014,17.83
141,2,2015,18.57
141,2,2016,18.38
141,2,2017,18.13
141,2,2018,17.92
141,2,2019,17.56
141,2,2020,17.64
141,2,2021,18.72
141,2,2022,22.55
141,2,2023,22.79
142,2,1980,6.71
142,2,1981,6.64
142,2,1982,6.61
142,2,1983,6.64
142,2,1984,6.72
142,2,1985,6.8
142,2,1986,6.89
142,2,1987,7.05
142,2,1988,7.26
142,2,1989,7.5
142,2,1990,7.66
142,2,1991,7.65
142,2,1992,7.82
142,2,1993,7.9
142,2,1994,7.96
142,2,1995,8.02
142,2,1996,8.08
142,2,1997,8.12
142,2,1998,8.18
142,2,1999,8.27
142,2,2000,8.41
142,2,2001,8.52
142,2,2002,8.62
142,2,2003,9.27
142,2,2004,8.83
142,2,2005,8.98
142,2,2006,9.11
142,2,2007,9.28
142,2,2008,9.41
142,2,2009,9.58
142,2,2010,9.7
142,2,2011,9.8
142,2,2012,9.81
142,2,2013,9.85
142,2,2014,9.98
142,2,2015,10.17
142,2,2016,10.42
142,2,2017,10.6
142,2,2018,10.48
142,2,2019,10.5
142,2,2020,10.3
142,2,2021,9.41
142,2,2022,9.09
142,2,2023,9.17
143,2,1980,12.08
143,2,1981,12.15
143,2,1982,12.36
143,2,1983,12.51
143,2,1984,12.88
143,2,1985,13.17
143,2,1986,13.5
143,2,1987,13.82
143,2,1988,14.14
143,2,1989,14.38
143,2,1990,14.74
143,2,1991,14.75
143,2,1992,15.07
143,2,1993,15.35
143,2,1994,15.52
143,2,1995,15.69
143,2,1996,15.88
143,2,1997,16.18
143,2,1998,16.62
143,2,1999,17.07
143,2,2000,17.48
143,2,2001,17.8
143,2,2002,18.09
143,2,2003,18.28
143,2,2004,18.68
143,2,2005,19.02
143,2,2006,19.4
143,2,2007,19.92
143,2,2008,20.47
143,2,2009,20.88
143,2,2010,21.64
143,2,2011,22.51
143,2,2012,23.06
143,2,2013,23.27
143,2,2014,23.71
143,2,2015,23.79
143,2,2016,24.02
143,2,2017,24.36
143,2,2018,25.01
143,2,2019,26.16
143,2,2020,26.81
143,2,2021,27.78
143,2,2022,28.99
143,2,2023,29.6
144,2,1980,12.27
144,2,1981,12.14
144,2,1982,12.05
144,2,1983,12.05
144,2,1984,12.33
144,2,1985,12.45
144,2,1986,12.31
144,2,1987,12.86
144,2,1988,13.24
144,2,1989,13.84
144,2,1990,14.26
144,2,1991,14.61
144,2,1992,15.15
144,2,1993,15.32
144,2,1994,15.72
144,2,1995,16.05
144,2,1996,16.32
144,2,1997,16.76
144,2,1998,17.19
144,2,1999,17.58
144,2,2000,18.25
144,2,2001,18.97
144,2,2002,19.36
144,2,2003,19.2
144,2,2004,20.22
144,2,2005,21.95
144,2,2006,23.05
144,2,2007,22.48
144,2,2008,22.08
144,2,2009,22.28
144,2,2010,22.5
144,2,2011,22.86
144,2,2012,22.84
144,2,2013,22.64
144,2,2014,22.51
144,2,2015,22.08
144,2,2016,21.89
144,2,2017,21.77
144,2,2018,21.58
144,2,2019,21.51
144,2,2020,22.06
144,2,2021,24.15
144,2,2022,21.49
144,2,2023,21.16
145,2,1980,16.98
145,2,1981,17.05
145,2,1982,16.2
145,2,1983,16.4
145,2,1984,17.15
145,2,1985,17.84
145,2,1986,19.4
145,2,1987,20.4
145,2,1988,20.19
145,2,1989,20.5
145,2,1990,20.85
145,2,1991,20.89
145,2,1992,19.85
145,2,1993,19.7
145,2,1994,18.09
145,2,1995,19.82
145,2,1996,20.85
145,2,1997,18.27
145,2,1998,20.28
145,2,1999,18.91
145,2,2000,19.04
145,2,2001,21.76
145,2,2002,18.97
145,2,2003,18.69
145,2,2004,18.11
145,2,2005,17.46
145,2,2006,17.71
145,2,2007,19.56
145,2,2008,19.73
145,2,2009,20.33
145,2,2010,20.56
145,2,2011,20.1
145,2,2012,20.05
145,2,2013,19.22
145,2,2014,19.92
145,2,2015,19.26
145,2,2016,19.25
145,2,2017,18.88
145,2,2018,18.84
145,2,2019,18.86
145,2,2020,17.75
145,2,2021,17.39
145,2,2022,17.98
145,2,2023,17.56
146,2,1980,11.83
146,2,1981,11.93
146,2,1982,11.95
146,2,1983,12.14
146,2,1984,12.23
146,2,1985,12.41
146,2,1986,12.54
146,2,1987,12.63
146,2,1988,12.62
146,2,1989,12.57
146,2,1990,12.52
146,2,1991,12.33
146,2,1992,12.47
146,2,1993,12.53
146,2,1994,12.77
146,2,1995,12.97
146,2,1996,13.15
146,2,1997,13.35
146,2,1998,13.39
146,2,1999,13.91
146,2,2000,14.13
146,2,2001,14.31
146,2,2002,14.28
146,2,2003,14.35
146,2,2004,14.4
146,2,2005,14.57
146,2,2006,15.05
146,2,2007,15.68
146,2,2008,16.37
146,2,2009,16.99
146,2,2010,17.53
146,2,2011,18.79
146,2,2012,20.16
146,2,2013,21.47
146,2,2014,22.06
146,2,2015,21.6
146,2,2016,20.18
146,2,2017,20.04
146,2,2018,21.95
146,2,2019,26.86
146,2,2020,31.37
146,2,2021,19.08
146,2,2022,23.35
146,2,2023,23.63
147,2,1980,8.37
147,2,1981,8.42
147,2,1982,8.39
147,2,1983,8.38
147,2,1984,8.37
147,2,1985,8.43
147,2,1986,8.59
147,2,1987,8.75
147,2,1988,8.97
147,2,1989,9.27
147,2,1990,9.6
147,2,1991,9.98
147,2,1992,10.3
147,2,1993,10.6
147,2,1994,10.82
147,2,1995,10.99
147,2,1996,11.21
147,2,1997,11.39
147,2,1998,11.82
147,2,1999,12.24
147,2,2000,12.47
147,2,2001,12.74
147,2,2002,12.94
147,2,2003,13.19
147,2,2004,13.6
147,2,2005,14.08
147,2,2006,14.35
147,2,2007,14.44
147,2,2008,14.47
147,2,2009,14.57
147,2,2010,14.65
147,2,2011,14.93
147,2,2012,14.99
147,2,2013,14.47
147,2,2014,14.42
147,2,2015,14.09
147,2,2016,13.59
147,2,2017,13.69
147,2,2018,13.81
147,2,2019,14.02
147,2,2020,14.78
147,2,2021,16.67
147,2,2022,14.56
147,2,2023,14.59
148,2,1980,9.12
148,2,1981,9.16
148,2,1982,9.36
148,2,1983,9.37
148,2,1984,9.51
148,2,1985,9.63
148,2,1986,9.62
148,2,1987,9.7
148,2,1988,9.7
148,2,1989,9.81
148,2,1990,9.95
148,2,1991,10.02
148,2,1992,10.01
148,2,1993,10.05
148,2,1994,10.08
148,2,1995,10.08
148,2,1996,10.18
148,2,1997,10.2
148,2,1998,10.39
148,2,1999,10.53
148,2,2000,10.73
148,2,2001,10.91
148,2,2002,11.01
148,2,2003,11.46
148,2,2004,11.84
148,2,2005,12.17
148,2,2006,12.49
148,2,2007,12.86
148,2,2008,13.24
148,2,2009,13.68
148,2,2010,14.1
148,2,2011,14.63
148,2,2012,15.14
148,2,2013,15.78
148,2,2014,16.3
148,2,2015,16.84
148,2,2016,17.54
148,2,2017,18.06
148,2,2018,18.98
148,2,2019,20.03
148,2,2020,21.37
148,2,2021,22.74
148,2,2022,22.95
148,2,2023,22.5
149,2,1980,13.57
149,2,1981,13.49
149,2,1982,13.45
149,2,1983,13.44
149,2,1984,13.53
149,2,1985,13.6
149,2,1986,13.71
149,2,1987,13.77
149,2,1988,13.88
149,2,1989,14.07
149,2,1990,14.21
149,2,1991,14.3
149,2,1992,14.47
149,2,1993,14.63
149,2,1994,14.83
149,2,1995,14.98
149,2,1996,15.08
149,2,1997,15.2
149,2,1998,15.39
149,2,1999,15.55
149,2,2000,15.73
149,2,2001,15.91
149,2,2002,16.07
149,2,2003,16.25
149,2,2004,16.48
149,2,2005,16.74
149,2,2006,17.02
149,2,2007,17.32
149,2,2008,17.7
149,2,2009,18.24
149,2,2010,18.82
149,2,2011,19.25
149,2,2012,19.44
149,2,2013,19.38
149,2,2014,19.66
149,2,2015,19.81
149,2,2016,19.99
149,2,2017,20.36
149,2,2018,20.41
149,2,2019,20.44
149,2,2020,19.77
149,2,2021,20.32
149,2,2022,20.86
149,2,2023,21.5
150,2,1980,6.26
150,2,1981,6.23
150,2,1982,6.17
150,2,1983,6.11
150,2,1984,6.07
150,2,1985,6.08
150,2,1986,6.13
150,2,1987,6.22
150,2,1988,6.35
150,2,1989,6.56
150,2,1990,6.77
150,2,1991,6.65
150,2,1992,6.89
150,2,1993,7.07
150,2,1994,7.42
150,2,1995,7.77
150,2,1996,7.96
150,2,1997,8.22
150,2,1998,8.51
150,2,1999,8.73
150,2,2000,9.01
150,2,2001,9.12
150,2,2002,9.32
150,2,2003,9.41
150,2,2004,9.41
150,2,2005,9.49
150,2,2006,9.66
150,2,2007,9.64
150,2,2008,9.8
150,2,2009,10
150,2,2010,10.18
150,2,2011,10.21
150,2,2012,10.1
150,2,2013,10.13
150,2,2014,10.23
150,2,2015,10.07
150,2,2016,9.95
150,2,2017,9.87
150,2,2018,9.67
150,2,2019,9.51
150,2,2020,9.3
150,2,2021,9.9
150,2,2022,9.36
150,2,2023,9.45
151,2,1980,27.11
151,2,1981,26.56
151,2,1982,25.96
151,2,1983,25.16
151,2,1984,24.59
151,2,1985,24.09
151,2,1986,23.73
151,2,1987,23.7
151,2,1988,23.79
151,2,1989,24.08
151,2,1990,24.42
151,2,1991,24.74
151,2,1992,25.62
151,2,1993,26.58
151,2,1994,27.01
151,2,1995,27.08
151,2,1996,26.71
151,2,1997,26.73
151,2,1998,26.66
151,2,1999,27.02
151,2,2000,27.69
151,2,2001,27.97
151,2,2002,28.24
151,2,2003,27.72
151,2,2004,26.72
151,2,2005,25.94
151,2,2006,25.34
151,2,2007,24.44
151,2,2008,23.6
151,2,2009,23.06
151,2,2010,22.54
151,2,2011,21.62
151,2,2012,20.57
151,2,2013,19.74
151,2,2014,19.46
151,2,2015,18.65
151,2,2016,17.81
151,2,2017,17.29
151,2,2018,16.75
151,2,2019,16.71
151,2,2020,16.37
151,2,2021,15.68
151,2,2022,15.65
151,2,2023,16.89
152,2,1980,11.39
152,2,1981,11.19
152,2,1982,10.81
152,2,1983,10.4
152,2,1984,10.02
152,2,1985,9.74
152,2,1986,9.53
152,2,1987,9.37
152,2,1988,9.23
152,2,1989,9.26
152,2,1990,9.39
152,2,1991,9.57
152,2,1992,9.81
152,2,1993,10.12
152,2,1994,10.4
152,2,1995,10.39
152,2,1996,10.3
152,2,1997,10.37
152,2,1998,10.48
152,2,1999,10.65
152,2,2000,10.99
152,2,2001,11.35
152,2,2002,11.79
152,2,2003,12.29
152,2,2004,12.78
152,2,2005,13.53
152,2,2006,14.42
152,2,2007,15.29
152,2,2008,16.27
152,2,2009,17.06
152,2,2010,17.72
152,2,2011,18.03
152,2,2012,18.04
152,2,2013,17.86
152,2,2014,17.99
152,2,2015,17.48
152,2,2016,17.13
152,2,2017,17.01
152,2,2018,16.7
152,2,2019,17
152,2,2020,18.26
152,2,2021,18.76
152,2,2022,18.72
152,2,2023,17.86
153,2,1980,6.05
153,2,1981,6.2
153,2,1982,6.33
153,2,1983,6.44
153,2,1984,6.68
153,2,1985,6.65
153,2,1986,6.81
153,2,1987,7
153,2,1988,7.24
153,2,1989,7.49
153,2,1990,7.71
153,2,1991,8
153,2,1992,8.32
153,2,1993,8.61
153,2,1994,8.8
153,2,1995,8.96
153,2,1996,9.16
153,2,1997,9.29
153,2,1998,9.24
153,2,1999,9.47
153,2,2000,9.99
153,2,2001,10.35
153,2,2002,10.45
153,2,2003,10.74
153,2,2004,10.58
153,2,2005,10.57
153,2,2006,10.47
153,2,2007,10.55
153,2,2008,10.7
153,2,2009,10.73
153,2,2010,10.92
153,2,2011,10.86
153,2,2012,10.58
153,2,2013,10.23
153,2,2014,10
153,2,2015,9.85
153,2,2016,9.86
153,2,2017,10.01
153,2,2018,10.02
153,2,2019,10.16
153,2,2020,9.96
153,2,2021,9.58
153,2,2022,10.23
153,2,2023,10.28
154,2,1980,16.85
154,2,1981,16.87
154,2,1982,17.04
154,2,1983,17.16
154,2,1984,17.39
154,2,1985,17.69
154,2,1986,17.86
154,2,1987,18.23
154,2,1988,18.55
154,2,1989,18.91
154,2,1990,19.3
154,2,1991,19.76
154,2,1992,19.97
154,2,1993,20.35
154,2,1994,20.72
154,2,1995,20.7
154,2,1996,20.95
154,2,1997,21.2
154,2,1998,21.63
154,2,1999,22.02
154,2,2000,22.09
154,2,2001,22.2
154,2,2002,22.19
154,2,2003,22.21
154,2,2004,22.08
154,2,2005,21.86
154,2,2006,21.65
154,2,2007,21.56
154,2,2008,21.49
154,2,2009,21.42
154,2,2010,21.31
154,2,2011,21.32
154,2,2012,21.34
154,2,2013,21.2
154,2,2014,21.24
154,2,2015,21.41
154,2,2016,21.61
154,2,2017,22.07
154,2,2018,22.36
154,2,2019,23.09
154,2,2020,22.43
154,2,2021,20.75
154,2,2022,23.71
154,2,2023,27.17
155,2,1980,10.81
155,2,1981,11.36
155,2,1982,11.65
155,2,1983,11.76
155,2,1984,11.87
155,2,1985,12.05
155,2,1986,12.28
155,2,1987,12.47
155,2,1988,12.85
155,2,1989,13.45
155,2,1990,13.91
155,2,1991,14.14
155,2,1992,14.42
155,2,1993,14.66
155,2,1994,14.79
155,2,1995,14.89
155,2,1996,14.74
155,2,1997,14.83
155,2,1998,14.96
155,2,1999,14.41
155,2,2000,14.7
155,2,2001,14.58
155,2,2002,14.74
155,2,2003,14.42
155,2,2004,14.1
155,2,2005,14.26
155,2,2006,14.47
155,2,2007,14.2
155,2,2008,13.29
155,2,2009,11.81
155,2,2010,11.33
155,2,2011,11.48
155,2,2012,11.54
155,2,2013,11.9
155,2,2014,12.27
155,2,2015,12.46
155,2,2016,12.63
155,2,2017,12.6
155,2,2018,12.33
155,2,2019,12.49
155,2,2020,12.71
155,2,2021,13.7
155,2,2022,13.24
155,2,2023,12.87
156,2,1980,34.04
156,2,1981,34.1
156,2,1982,33.72
156,2,1983,33.21
156,2,1984,32.93
156,2,1985,32.57
156,2,1986,31.63
156,2,1987,30.78
156,2,1988,30.08
156,2,1989,29.65
156,2,1990,29.68
156,2,1991,29.45
156,2,1992,28.8
156,2,1993,29.05
156,2,1994,29.13
156,2,1995,28.25
156,2,1996,28.08
156,2,1997,28.62
156,2,1998,30.18
156,2,1999,30.66
156,2,2000,32.04
156,2,2001,31.81
156,2,2002,29.91
156,2,2003,28.68
156,2,2004,29.54
156,2,2005,30.65
156,2,2006,29.87
156,2,2007,30.18
156,2,2008,29.13
156,2,2009,27.45
156,2,2010,25.47
156,2,2011,23.88
156,2,2012,22.41
156,2,2013,21.95
156,2,2014,21.66
156,2,2015,20.77
156,2,2016,20.11
156,2,2017,19.88
156,2,2018,19.87
156,2,2019,20.62
156,2,2020,20.12
156,2,2021,19.3
156,2,2022,18.55
156,2,2023,19.16
157,2,1980,4.73
157,2,1981,4.73
157,2,1982,4.74
157,2,1983,4.73
157,2,1984,4.74
157,2,1985,4.75
157,2,1986,4.77
157,2,1987,4.77
157,2,1988,4.77
157,2,1989,4.79
157,2,1990,4.81
157,2,1991,4.79
157,2,1992,4.8
157,2,1993,4.77
157,2,1994,4.79
157,2,1995,4.75
157,2,1996,4.73
157,2,1997,4.73
157,2,1998,4.72
157,2,1999,4.83
157,2,2000,4.9
157,2,2001,4.94
157,2,2002,4.97
157,2,2003,5.1
157,2,2004,5.32
157,2,2005,5.47
157,2,2006,5.61
157,2,2007,5.69
157,2,2008,5.93
157,2,2009,6.02
157,2,2010,6
157,2,2011,6.17
157,2,2012,6.18
157,2,2013,6.43
157,2,2014,6.62
157,2,2015,6.74
157,2,2016,6.74
157,2,2017,6.82
157,2,2018,6.72
157,2,2019,6.84
157,2,2020,6.83
157,2,2021,6.8
157,2,2022,7.4
157,2,2023,7.84
160,2,1980,4.04
160,2,1981,4.08
160,2,1982,4.11
160,2,1983,4.15
160,2,1984,4.17
160,2,1985,4.22
160,2,1986,4.28
160,2,1987,4.3
160,2,1988,4.31
160,2,1989,4.32
160,2,1990,4.34
160,2,1991,4.3
160,2,1992,4.3
160,2,1993,4.35
160,2,1994,4.29
160,2,1995,4.28
160,2,1996,4.26
160,2,1997,4.23
160,2,1998,4.17
160,2,1999,4.23
160,2,2000,4.24
160,2,2001,4.24
160,2,2002,4.1
160,2,2003,4.24
160,2,2004,4.45
160,2,2005,4.58
160,2,2006,4.72
160,2,2007,4.87
160,2,2008,5.05
160,2,2009,5.24
160,2,2010,5.37
160,2,2011,5.4
160,2,2012,5.44
160,2,2013,5.52
160,2,2014,5.6
160,2,2015,5.76
160,2,2016,5.8
160,2,2017,5.89
160,2,2018,5.96
160,2,2019,6.15
160,2,2020,6.32
160,2,2021,6.94
160,2,2022,6.71
160,2,2023,6.78
161,2,1980,6.85
161,2,1981,6.7
161,2,1982,6.61
161,2,1983,6.39
161,2,1984,6.39
161,2,1985,6.37
161,2,1986,6.66
161,2,1987,7.07
161,2,1988,7.62
161,2,1989,8.3
161,2,1990,8.59
161,2,1991,10
161,2,1992,9.54
161,2,1993,9.69
161,2,1994,9.77
161,2,1995,9.76
161,2,1996,10.06
161,2,1997,10.3
161,2,1998,10.69
161,2,1999,11.08
161,2,2000,11.08
161,2,2001,11.03
161,2,2002,10.82
161,2,2003,10.45
161,2,2004,9.87
161,2,2005,9.39
161,2,2006,9.05
161,2,2007,8.75
161,2,2008,8.42
161,2,2009,8.43
161,2,2010,8.44
161,2,2011,8.29
161,2,2012,8.37
161,2,2013,8.73
161,2,2014,9.08
161,2,2015,9.88
161,2,2016,10.34
161,2,2017,10.89
161,2,2018,11.41
161,2,2019,12.1
161,2,2020,12.67
161,2,2021,14.49
161,2,2022,15.24
161,2,2023,16.39
162,2,1980,8.47
162,2,1981,8.38
162,2,1982,8.29
162,2,1983,8.22
162,2,1984,8.15
162,2,1985,8.14
162,2,1986,8.2
162,2,1987,7.89
162,2,1988,8.12
162,2,1989,8.47
162,2,1990,9.45
162,2,1991,9.87
162,2,1992,10.18
162,2,1993,10.51
162,2,1994,10.65
162,2,1995,11.11
162,2,1996,11.45
162,2,1997,12
162,2,1998,11.88
162,2,1999,11.87
162,2,2000,12.1
162,2,2001,12.43
162,2,2002,12.6
162,2,2003,12.8
162,2,2004,12.84
162,2,2005,12.81
162,2,2006,12.71
162,2,2007,12.68
162,2,2008,12.64
162,2,2009,12.55
162,2,2010,12.67
162,2,2011,12.79
162,2,2012,12.95
162,2,2013,13.12
162,2,2014,13.32
162,2,2015,13.65
162,2,2016,13.99
162,2,2017,14.34
162,2,2018,14.59
162,2,2019,14.84
162,2,2020,15.34
162,2,2021,15.52
162,2,2022,15.94
162,2,2023,16.42
163,2,1980,7.25
163,2,1981,7.12
163,2,1982,7.13
163,2,1983,7.22
163,2,1984,7.4
163,2,1985,7.64
163,2,1986,7.92
163,2,1987,8.17
163,2,1988,8.43
163,2,1989,8.71
163,2,1990,8.91
163,2,1991,8.98
163,2,1992,8.77
163,2,1993,8.5
163,2,1994,8.34
163,2,1995,8.46
163,2,1996,8.88
163,2,1997,9.32
163,2,1998,9.61
163,2,1999,9.62
163,2,2000,9.6
163,2,2001,9.63
163,2,2002,9.64
163,2,2003,9.51
163,2,2004,9.39
163,2,2005,9.45
163,2,2006,9.71
163,2,2007,10.04
163,2,2008,10.06
163,2,2009,10.12
163,2,2010,10.33
163,2,2011,10.32
163,2,2012,10.52
163,2,2013,10.98
163,2,2014,11.63
163,2,2015,12.22
163,2,2016,12.65
163,2,2017,12.97
163,2,2018,13.12
163,2,2019,13.3
163,2,2020,13.76
163,2,2021,14.51
163,2,2022,14.98
163,2,2023,15.51
164,2,1980,6.01
164,2,1981,5.99
164,2,1982,5.94
164,2,1983,5.88
164,2,1984,5.84
164,2,1985,5.83
164,2,1986,5.86
164,2,1987,5.93
164,2,1988,6.07
164,2,1989,6.26
164,2,1990,6.44
164,2,1991,6.71
164,2,1992,6.86
164,2,1993,6.93
164,2,1994,7.08
164,2,1995,7.21
164,2,1996,7.38
164,2,1997,7.61
164,2,1998,7.78
164,2,1999,7.9
164,2,2000,8.01
164,2,2001,8.02
164,2,2002,8
164,2,2003,7.99
164,2,2004,7.93
164,2,2005,7.85
164,2,2006,7.74
164,2,2007,7.63
164,2,2008,7.53
164,2,2009,7.53
164,2,2010,7.4
164,2,2011,7.27
164,2,2012,7.2
164,2,2013,7.26
164,2,2014,7.37
164,2,2015,7.34
164,2,2016,7.53
164,2,2017,7.64
164,2,2018,7.75
164,2,2019,7.94
164,2,2020,8.1
164,2,2021,8.99
164,2,2022,9.27
164,2,2023,10.13
165,2,1980,20.51
165,2,1981,20.43
165,2,1982,20.28
165,2,1983,20.1
165,2,1984,19.98
165,2,1985,19.86
165,2,1986,19.83
165,2,1987,19.81
165,2,1988,19.95
165,2,1989,20.24
165,2,1990,20.56
165,2,1991,20.82
165,2,1992,20.89
165,2,1993,20.99
165,2,1994,20.9
165,2,1995,20.91
165,2,1996,21.04
165,2,1997,21.29
165,2,1998,21.77
165,2,1999,22.18
165,2,2000,22.76
165,2,2001,23.01
165,2,2002,23.26
165,2,2003,23.22
165,2,2004,23.43
165,2,2005,24.5
165,2,2006,23.74
165,2,2007,24.26
165,2,2008,24.84
165,2,2009,25.5
165,2,2010,25.97
165,2,2011,26.12
165,2,2012,26.38
165,2,2013,27.13
165,2,2014,27.61
165,2,2015,28.03
165,2,2016,28.46
165,2,2017,28.88
165,2,2018,29.09
165,2,2019,29.98
165,2,2020,32.18
165,2,2021,35.79
165,2,2022,34.15
165,2,2023,34.03
168,2,1980,11.19
168,2,1981,11.33
168,2,1982,11.45
168,2,1983,11.53
168,2,1984,11.47
168,2,1985,11.6
168,2,1986,11.84
168,2,1987,11.84
168,2,1988,11.81
168,2,1989,12.26
168,2,1990,11.95
168,2,1991,11.82
168,2,1992,11.7
168,2,1993,11.84
168,2,1994,11.99
168,2,1995,11.61
168,2,1996,10.47
168,2,1997,10.19
168,2,1998,11.12
168,2,1999,11.55
168,2,2000,11.54
168,2,2001,11.79
168,2,2002,11.96
168,2,2003,12.06
168,2,2004,12.3
168,2,2005,12.59
168,2,2006,13.65
168,2,2007,14.39
168,2,2008,15.14
168,2,2009,15.92
168,2,2010,16.53
168,2,2011,17.01
168,2,2012,17.34
168,2,2013,18.33
168,2,2014,19.56
168,2,2015,19.52
168,2,2016,18.5
168,2,2017,17.94
168,2,2018,18.08
168,2,2019,18.62
168,2,2020,18.78
168,2,2021,19.93
168,2,2022,22.64
168,2,2023,24.4
169,2,1980,17.17
169,2,1981,17.5
169,2,1982,17.76
169,2,1983,17.06
169,2,1984,17.26
169,2,1985,17.34
169,2,1986,17.84
169,2,1987,17.67
169,2,1988,16.65
169,2,1989,16.16
169,2,1990,15.27
169,2,1991,15.45
169,2,1992,15.37
169,2,1993,15.76
169,2,1994,15.97
169,2,1995,15.78
169,2,1996,16.4
169,2,1997,16.19
169,2,1998,16.67
169,2,1999,16.99
169,2,2000,16.57
169,2,2001,16.38
169,2,2002,16.4
169,2,2003,16.01
169,2,2004,15.75
169,2,2005,15.48
169,2,2006,15.29
169,2,2007,14.99
169,2,2008,14.63
169,2,2009,14.88
169,2,2010,15.78
169,2,2011,16.33
169,2,2012,16.24
169,2,2013,16.45
169,2,2014,16.47
169,2,2015,16.81
169,2,2016,17.34
169,2,2017,18.01
169,2,2018,18.18
169,2,2019,18.84
169,2,2020,18.94
169,2,2021,19.05
169,2,2022,22.21
169,2,2023,23.34
170,2,1980,22.66
170,2,1981,22.07
170,2,1982,22.81
170,2,1983,24.33
170,2,1984,23.68
170,2,1985,23.95
170,2,1986,23.31
170,2,1987,23.44
170,2,1988,22.81
170,2,1989,20.94
170,2,1990,20.11
170,2,1991,19.33
170,2,1992,19.5
170,2,1993,19.01
170,2,1994,20.63
170,2,1995,20.19
170,2,1996,19.88
170,2,1997,21.16
170,2,1998,19.47
170,2,1999,20.03
170,2,2000,19.96
170,2,2001,18.77
170,2,2002,18.74
170,2,2003,19.23
170,2,2004,19.09
170,2,2005,19.86
170,2,2006,20.39
170,2,2007,21
170,2,2008,22.2
170,2,2009,23.28
170,2,2010,23.42
170,2,2011,23.89
170,2,2012,24.31
170,2,2013,24.33
170,2,2014,24.54
170,2,2015,25.33
170,2,2016,26.46
170,2,2017,27.05
170,2,2018,27.84
170,2,2019,29.58
170,2,2020,30.56
170,2,2021,31.49
170,2,2022,37.54
170,2,2023,40.69
171,2,1980,14.46
171,2,1981,14.74
171,2,1982,15
171,2,1983,15.23
171,2,1984,15.55
171,2,1985,16.09
171,2,1986,15.79
171,2,1987,15.7
171,2,1988,15.66
171,2,1989,15.47
171,2,1990,15.34
171,2,1991,15.37
171,2,1992,15.07
171,2,1993,14.76
171,2,1994,14.24
171,2,1995,13.96
171,2,1996,13.65
171,2,1997,13.51
171,2,1998,13.62
171,2,1999,14.01
171,2,2000,14.14
171,2,2001,14.12
171,2,2002,14.42
171,2,2003,14.6
171,2,2004,14.88
171,2,2005,15.32
171,2,2006,15.89
171,2,2007,16.32
171,2,2008,16.8
171,2,2009,17.41
171,2,2010,18.12
171,2,2011,18.83
171,2,2012,19.65
171,2,2013,20.69
171,2,2014,21.97
171,2,2015,22.95
171,2,2016,24.11
171,2,2017,25.52
171,2,2018,27.42
171,2,2019,29.18
171,2,2020,30.79
171,2,2021,32.04
171,2,2022,38.06
171,2,2023,39.9
172,2,1980,16.97
172,2,1981,17.01
172,2,1982,16.71
172,2,1983,16.37
172,2,1984,16.18
172,2,1985,16.25
172,2,1986,15.38
172,2,1987,15.03
172,2,1988,15.96
172,2,1989,16.28
172,2,1990,16.43
172,2,1991,16.81
172,2,1992,17.02
172,2,1993,17.16
172,2,1994,16.63
172,2,1995,16.98
172,2,1996,17.06
172,2,1997,18.13
172,2,1998,18.55
172,2,1999,19.31
172,2,2000,19.95
172,2,2001,20.17
172,2,2002,19.91
172,2,2003,19.59
172,2,2004,19.75
172,2,2005,20.71
172,2,2006,21.18
172,2,2007,21.92
172,2,2008,23.07
172,2,2009,23.98
172,2,2010,22.89
172,2,2011,22.56
172,2,2012,24.85
172,2,2013,26.86
172,2,2014,29.41
172,2,2015,28.3
172,2,2016,28.4
172,2,2017,31.88
172,2,2018,33.63
172,2,2019,34.12
172,2,2020,34.51
172,2,2021,39.41
172,2,2022,46.61
172,2,2023,51.26
173,2,1980,18.14
173,2,1981,19.11
173,2,1982,20.37
173,2,1983,22.15
173,2,1984,21.83
173,2,1985,22.19
173,2,1986,22.2
173,2,1987,22.52
173,2,1988,22.25
173,2,1989,22.21
173,2,1990,21.37
173,2,1991,22.11
173,2,1992,22.17
173,2,1993,20.79
173,2,1994,20.66
173,2,1995,21.11
173,2,1996,20.43
173,2,1997,20.73
173,2,1998,20.51
173,2,1999,19.61
173,2,2000,19.82
173,2,2001,20.07
173,2,2002,20.75
173,2,2003,21.01
173,2,2004,21.77
173,2,2005,23.78
173,2,2006,24.79
173,2,2007,24.89
173,2,2008,24.83
173,2,2009,25.3
173,2,2010,25.14
173,2,2011,25.27
173,2,2012,27.31
173,2,2013,30.5
173,2,2014,32.28
173,2,2015,32.97
173,2,2016,32.57
173,2,2017,32.27
173,2,2018,32.09
173,2,2019,32.8
173,2,2020,33.91
173,2,2021,35.52
173,2,2022,41.18
173,2,2023,43.88
175,2,1980,13.23
175,2,1981,13.46
175,2,1982,13.67
175,2,1983,13.85
175,2,1984,13.98
175,2,1985,14.1
175,2,1986,14.07
175,2,1987,13.88
175,2,1988,13.58
175,2,1989,13.19
175,2,1990,12.82
175,2,1991,12.41
175,2,1992,12.09
175,2,1993,11.87
175,2,1994,11.53
175,2,1995,11.26
175,2,1996,11.04
175,2,1997,10.85
175,2,1998,10.52
175,2,1999,10.28
175,2,2000,10.12
175,2,2001,9.85
175,2,2002,9.6
175,2,2003,9.37
175,2,2004,9.52
175,2,2005,9.75
175,2,2006,10
175,2,2007,10.43
175,2,2008,10.98
175,2,2009,11.29
175,2,2010,11.63
175,2,2011,12.16
175,2,2012,12.71
175,2,2013,13
175,2,2014,13.45
175,2,2015,14.01
175,2,2016,14.45
175,2,2017,15.02
175,2,2018,15.39
175,2,2019,15.99
175,2,2020,16.13
175,2,2021,18.01
175,2,2022,18.64
175,2,2023,20.08
176,2,1980,6.8
176,2,1981,6.75
176,2,1982,6.66
176,2,1983,6.53
176,2,1984,6.43
176,2,1985,6.34
176,2,1986,6.3
176,2,1987,6.3
176,2,1988,6.31
176,2,1989,6.34
176,2,1990,6.41
176,2,1991,6.58
176,2,1992,6.72
176,2,1993,6.81
176,2,1994,6.87
176,2,1995,6.81
176,2,1996,6.97
176,2,1997,6.86
176,2,1998,7.1
176,2,1999,7
176,2,2000,7.47
176,2,2001,7.34
176,2,2002,7.73
176,2,2003,7.7
176,2,2004,7.31
176,2,2005,7.81
176,2,2006,7.39
176,2,2007,8.22
176,2,2008,8.21
176,2,2009,7.86
176,2,2010,7.79
176,2,2011,7.88
176,2,2012,7.71
176,2,2013,7.66
176,2,2014,8.15
176,2,2015,8.06
176,2,2016,8.04
176,2,2017,7.97
176,2,2018,7.71
176,2,2019,7.89
176,2,2020,7.92
176,2,2021,8.26
176,2,2022,8.05
176,2,2023,8.63
177,2,1980,16.22
177,2,1981,16.34
177,2,1982,16.47
177,2,1983,16.54
177,2,1984,16.58
177,2,1985,16.72
177,2,1986,16.67
177,2,1987,16.87
177,2,1988,16.93
177,2,1989,17.05
177,2,1990,16.95
177,2,1991,16.25
177,2,1992,16.26
177,2,1993,18.46
177,2,1994,16.08
177,2,1995,16.67
177,2,1996,16.01
177,2,1997,15.1
177,2,1998,14.85
177,2,1999,14.2
177,2,2000,13.74
177,2,2001,13.28
177,2,2002,12.94
177,2,2003,12.21
177,2,2004,12.74
177,2,2005,12.72
177,2,2006,12.9
177,2,2007,13.34
177,2,2008,13.7
177,2,2009,13.71
177,2,2010,14.11
177,2,2011,14.35
177,2,2012,14.73
177,2,2013,15.07
177,2,2014,15.02
177,2,2015,15.85
177,2,2016,16.19
177,2,2017,17.15
177,2,2018,17.12
177,2,2019,17.76
177,2,2020,17.14
177,2,2021,17.86
177,2,2022,19.18
177,2,2023,20.62
178,2,1980,13.27
178,2,1981,13.34
178,2,1982,13.38
178,2,1983,13.28
178,2,1984,13.12
178,2,1985,13.02
178,2,1986,13.04
178,2,1987,13.1
178,2,1988,13.16
178,2,1989,13.21
178,2,1990,13.36
178,2,1991,13.48
178,2,1992,13.72
178,2,1993,13.81
178,2,1994,13.82
178,2,1995,13.98
178,2,1996,14.13
178,2,1997,14.34
178,2,1998,14.49
178,2,1999,14.72
178,2,2000,14.91
178,2,2001,14.79
178,2,2002,15.19
178,2,2003,15.19
178,2,2004,15.42
178,2,2005,15.59
178,2,2006,15.95
178,2,2007,16.38
178,2,2008,16.81
178,2,2009,17.18
178,2,2010,17.49
178,2,2011,17.99
178,2,2012,18.55
178,2,2013,18.94
178,2,2014,19.35
178,2,2015,20.05
178,2,2016,20.51
178,2,2017,21.15
178,2,2018,21.96
178,2,2019,22.58
178,2,2020,22.89
178,2,2021,22.43
178,2,2022,26.14
178,2,2023,27
179,2,1980,9.12
179,2,1981,9.18
179,2,1982,9.22
179,2,1983,9.22
179,2,1984,9.28
179,2,1985,9.41
179,2,1986,9.54
179,2,1987,9.73
179,2,1988,9.91
179,2,1989,10.04
179,2,1990,10.2
179,2,1991,10.34
179,2,1992,10.51
179,2,1993,10.7
179,2,1994,10.84
179,2,1995,11.03
179,2,1996,11.31
179,2,1997,11.54
179,2,1998,11.75
179,2,1999,11.92
179,2,2000,12.12
179,2,2001,12.35
179,2,2002,12.49
179,2,2003,12.61
179,2,2004,12.89
179,2,2005,13.51
179,2,2006,14.37
179,2,2007,15.38
179,2,2008,16.51
179,2,2009,17.33
179,2,2010,18.28
179,2,2011,19
179,2,2012,19.44
179,2,2013,20.06
179,2,2014,20.5
179,2,2015,20.59
179,2,2016,21.02
179,2,2017,21.73
179,2,2018,22.62
179,2,2019,23.54
179,2,2020,23.45
179,2,2021,24.45
179,2,2022,29.19
179,2,2023,31.32
180,2,1980,14.96
180,2,1981,15.08
180,2,1982,15.2
180,2,1983,15.26
180,2,1984,15.32
180,2,1985,15.44
180,2,1986,15.46
180,2,1987,15.35
180,2,1988,15.24
180,2,1989,14.93
180,2,1990,14.66
180,2,1991,14.41
180,2,1992,14.23
180,2,1993,14.15
180,2,1994,14.12
180,2,1995,14.15
180,2,1996,14.28
180,2,1997,14.46
180,2,1998,14.77
180,2,1999,15.05
180,2,2000,15.58
180,2,2001,15.39
180,2,2002,15.49
180,2,2003,15.25
180,2,2004,15.62
180,2,2005,15.73
180,2,2006,15.82
180,2,2007,15.99
180,2,2008,16.44
180,2,2009,16.98
180,2,2010,17.62
180,2,2011,18.02
180,2,2012,18.33
180,2,2013,18.24
180,2,2014,18.02
180,2,2015,18.66
180,2,2016,19.21
180,2,2017,19.97
180,2,2018,20.61
180,2,2019,21.15
180,2,2020,21.24
180,2,2021,24.03
180,2,2022,24.36
180,2,2023,25.17
181,2,1980,21.55
181,2,1981,21.64
181,2,1982,21.8
181,2,1983,21.61
181,2,1984,22.06
181,2,1985,22.27
181,2,1986,22.15
181,2,1987,22.52
181,2,1988,22.98
181,2,1989,23.37
181,2,1990,24.15
181,2,1991,24.47
181,2,1992,24.59
181,2,1993,24.26
181,2,1994,24.4
181,2,1995,23.59
181,2,1996,23.04
181,2,1997,22.21
181,2,1998,21.61
181,2,1999,21.5
181,2,2000,20.92
181,2,2001,20.35
181,2,2002,19.54
181,2,2003,18.86
181,2,2004,18.36
181,2,2005,18.18
181,2,2006,18.26
181,2,2007,18.55
181,2,2008,18.84
181,2,2009,18.94
181,2,2010,19.07
181,2,2011,19.2
181,2,2012,19.32
181,2,2013,19.4
181,2,2014,19.45
181,2,2015,19.79
181,2,2016,20.24
181,2,2017,20.75
181,2,2018,21.57
181,2,2019,22.24
181,2,2020,21.27
181,2,2021,23.1
181,2,2022,28.42
181,2,2023,30.23
182,2,1980,12.51
182,2,1981,13
182,2,1982,13.58
182,2,1983,14.2
182,2,1984,14.83
182,2,1985,15.48
182,2,1986,15.96
182,2,1987,16.17
182,2,1988,15.82
182,2,1989,15.02
182,2,1990,14.01
182,2,1991,13.19
182,2,1992,12.53
182,2,1993,12.04
182,2,1994,11.49
182,2,1995,11.45
182,2,1996,11.4
182,2,1997,11.49
182,2,1998,11.59
182,2,1999,11.6
182,2,2000,12.09
182,2,2001,12.37
182,2,2002,12.82
182,2,2003,12.82
182,2,2004,13.23
182,2,2005,13.22
182,2,2006,12.57
182,2,2007,12.23
182,2,2008,12.43
182,2,2009,12.94
182,2,2010,14.02
182,2,2011,14.78
182,2,2012,15.28
182,2,2013,15.43
182,2,2014,15.6
182,2,2015,15.92
182,2,2016,16.22
182,2,2017,16.76
182,2,2018,17.54
182,2,2019,18.26
182,2,2020,18.21
182,2,2021,22.56
182,2,2022,22.75
182,2,2023,24.21
183,2,1980,16.49
183,2,1981,13.59
183,2,1982,10.79
183,2,1983,9.33
183,2,1984,10.24
183,2,1985,9.99
183,2,1986,11.11
183,2,1987,11.33
183,2,1988,10.54
183,2,1989,10.49
183,2,1990,11.45
183,2,1991,11
183,2,1992,12.98
183,2,1993,14.68
183,2,1994,15.16
183,2,1995,14.44
183,2,1996,14.58
183,2,1997,15.31
183,2,1998,16.16
183,2,1999,17.8
183,2,2000,18.38
183,2,2001,19.11
183,2,2002,19.25
183,2,2003,19.62
183,2,2004,19.71
183,2,2005,19.48
183,2,2006,18.18
183,2,2007,17.88
183,2,2008,18.59
183,2,2009,18.58
183,2,2010,18.29
183,2,2011,19.3
183,2,2012,19.69
183,2,2013,20.55
183,2,2014,20.13
183,2,2015,21.19
183,2,2016,21.71
183,2,2017,21.91
183,2,2018,21.4
183,2,2019,21.64
183,2,2020,22.33
183,2,2021,23.32
183,2,2022,23.99
183,2,2023,24.44
184,2,1980,9.3
184,2,1981,9.35
184,2,1982,9.37
184,2,1983,9.33
184,2,1984,9.29
184,2,1985,9.11
184,2,1986,9.13
184,2,1987,9.15
184,2,1988,9.12
184,2,1989,9.01
184,2,1990,8.95
184,2,1991,8.74
184,2,1992,8.64
184,2,1993,8.53
184,2,1994,8.41
184,2,1995,8.31
184,2,1996,8.23
184,2,1997,8.21
184,2,1998,8.25
184,2,1999,8.27
184,2,2000,8.32
184,2,2001,8.18
184,2,2002,8.33
184,2,2003,8.15
184,2,2004,8.09
184,2,2005,7.99
184,2,2006,7.86
184,2,2007,7.6
184,2,2008,7.7
184,2,2009,7.47
184,2,2010,7.25
184,2,2011,7.11
184,2,2012,7.06
184,2,2013,7
184,2,2014,6.81
184,2,2015,6.84
184,2,2016,6.87
184,2,2017,7
184,2,2018,7.16
184,2,2019,7.49
184,2,2020,7.69
184,2,2021,7.69
184,2,2022,8.58
184,2,2023,8.99
185,2,1980,15.62
185,2,1981,16.14
185,2,1982,16.65
185,2,1983,17.18
185,2,1984,17.76
185,2,1985,18.37
185,2,1986,18.88
185,2,1987,19.4
185,2,1988,19.89
185,2,1989,20.28
185,2,1990,20.73
185,2,1991,21.01
185,2,1992,21.29
185,2,1993,21.28
185,2,1994,24.81
185,2,1995,19.9
185,2,1996,19.11
185,2,1997,18.37
185,2,1998,17.54
185,2,1999,16.8
185,2,2000,16.17
185,2,2001,15.46
185,2,2002,15.26
185,2,2003,15.17
185,2,2004,15.73
185,2,2005,16.75
185,2,2006,18.04
185,2,2007,18.69
185,2,2008,19.02
185,2,2009,19.42
185,2,2010,19.54
185,2,2011,19.87
185,2,2012,20.11
185,2,2013,20.62
185,2,2014,20.75
185,2,2015,20.91
185,2,2016,20.91
185,2,2017,21.36
185,2,2018,22.07
185,2,2019,23.05
185,2,2020,23.47
185,2,2021,24.48
185,2,2022,28.65
185,2,2023,31.21
186,2,1980,12.33
186,2,1981,12.46
186,2,1982,12.49
186,2,1983,12.6
186,2,1984,12.62
186,2,1985,12.61
186,2,1986,12.9
186,2,1987,13.16
186,2,1988,13.6
186,2,1989,14.18
186,2,1990,14.79
186,2,1991,15.48
186,2,1992,16.14
186,2,1993,16.83
186,2,1994,17.48
186,2,1995,18.12
186,2,1996,18.86
186,2,1997,19.59
186,2,1998,20.36
186,2,1999,21.02
186,2,2000,21.57
186,2,2001,21.88
186,2,2002,22.05
186,2,2003,22.22
186,2,2004,22.34
186,2,2005,22.24
186,2,2006,21.9
186,2,2007,21.98
186,2,2008,21.87
186,2,2009,21.86
186,2,2010,21.7
186,2,2011,21.39
186,2,2012,21.16
186,2,2013,20.91
186,2,2014,20.48
186,2,2015,20.03
186,2,2016,19.85
186,2,2017,19.26
186,2,2018,18.94
186,2,2019,19.12
186,2,2020,18.39
186,2,2021,20.69
186,2,2022,20.07
186,2,2023,21.58
187,2,1980,4.11
187,2,1981,4.19
187,2,1982,4.24
187,2,1983,4.37
187,2,1984,4.48
187,2,1985,4.46
187,2,1986,4.46
187,2,1987,4.5
187,2,1988,4.52
187,2,1989,4.55
187,2,1990,4.57
187,2,1991,4.6
187,2,1992,4.75
187,2,1993,4.68
187,2,1994,4.75
187,2,1995,4.64
187,2,1996,4.64
187,2,1997,4.67
187,2,1998,4.71
187,2,1999,4.75
187,2,2000,4.89
187,2,2001,4.9
187,2,2002,4.95
187,2,2003,4.96
187,2,2004,5.06
187,2,2005,5.14
187,2,2006,5.19
187,2,2007,5.28
187,2,2008,5.29
187,2,2009,5.38
187,2,2010,5.44
187,2,2011,5.52
187,2,2012,5.57
187,2,2013,5.61
187,2,2014,5.75
187,2,2015,5.91
187,2,2016,6.09
187,2,2017,6.26
187,2,2018,6.43
187,2,2019,6.65
187,2,2020,6.12
187,2,2021,7.02
187,2,2022,7.21
187,2,2023,7.55
189,2,1980,15.91
189,2,1981,16.18
189,2,1982,16.26
189,2,1983,16.4
189,2,1984,16.41
189,2,1985,16.37
189,2,1986,16.25
189,2,1987,16.01
189,2,1988,15.81
189,2,1989,15.43
189,2,1990,15.05
189,2,1991,14.94
189,2,1992,15.08
189,2,1993,14.94
189,2,1994,14.96
189,2,1995,15.04
189,2,1996,15.21
189,2,1997,15.59
189,2,1998,15.69
189,2,1999,15.54
189,2,2000,15.62
189,2,2001,15.74
189,2,2002,15.94
189,2,2003,15.95
189,2,2004,16.03
189,2,2005,15.92
189,2,2006,16.05
189,2,2007,16.43
189,2,2008,16.63
189,2,2009,16.51
189,2,2010,16.72
189,2,2011,16.76
189,2,2012,17.01
189,2,2013,17.16
189,2,2014,16.75
189,2,2015,16.33
189,2,2016,15.78
189,2,2017,15.58
189,2,2018,15.25
189,2,2019,14.92
189,2,2020,15.02
189,2,2021,17.14
189,2,2022,14.85
189,2,2023,15.94
190,2,1980,17
190,2,1981,15.72
190,2,1982,17.44
190,2,1983,16.9
190,2,1984,15.96
190,2,1985,14.97
190,2,1986,14.34
190,2,1987,14.09
190,2,1988,13.95
190,2,1989,14.69
190,2,1990,15.07
190,2,1991,16.01
190,2,1992,16.24
190,2,1993,16.71
190,2,1994,17.17
190,2,1995,17.49
190,2,1996,17.79
190,2,1997,18.05
190,2,1998,18.45
190,2,1999,18.73
190,2,2000,19.67
190,2,2001,19.59
190,2,2002,19.7
190,2,2003,19.52
190,2,2004,19.6
190,2,2005,19.83
190,2,2006,20.17
190,2,2007,20.23
190,2,2008,20.57
190,2,2009,20.81
190,2,2010,20.62
190,2,2011,20.88
190,2,2012,22.1
190,2,2013,23.44
190,2,2014,23.8
190,2,2015,24.53
190,2,2016,24.8
190,2,2017,25.47
190,2,2018,26.4
190,2,2019,27.28
190,2,2020,27.73
190,2,2021,31.53
190,2,2022,33.03
190,2,2023,35.45
191,2,1980,21.42
191,2,1981,21.75
191,2,1982,21.87
191,2,1983,22.05
191,2,1984,22.19
191,2,1985,22.47
191,2,1986,22.38
191,2,1987,22.2
191,2,1988,21.81
191,2,1989,21.1
191,2,1990,20.41
191,2,1991,19.98
191,2,1992,19.54
191,2,1993,19.21
191,2,1994,18.95
191,2,1995,18.86
191,2,1996,18.97
191,2,1997,19.14
191,2,1998,19.35
191,2,1999,19.66
191,2,2000,19.98
191,2,2001,21.01
191,2,2002,20.87
191,2,2003,20.69
191,2,2004,20.76
191,2,2005,21.32
191,2,2006,21.95
191,2,2007,22.36
191,2,2008,23.62
191,2,2009,24.64
191,2,2010,25.1
191,2,2011,25.65
191,2,2012,25.71
191,2,2013,25.64
191,2,2014,25.77
191,2,2015,26.47
191,2,2016,27.22
191,2,2017,27.97
191,2,2018,28.43
191,2,2019,29.44
191,2,2020,30.58
191,2,2021,34.06
191,2,2022,35.9
191,2,2023,38.41
193,2,1980,9.77
193,2,1981,9.86
193,2,1982,10.01
193,2,1983,10.14
193,2,1984,10.3
193,2,1985,10.48
193,2,1986,10.66
193,2,1987,10.77
193,2,1988,10.34
193,2,1989,10.31
193,2,1990,9.93
193,2,1991,9.29
193,2,1992,8.71
193,2,1993,8.23
193,2,1994,8.19
193,2,1995,8.37
193,2,1996,8.86
193,2,1997,9.79
193,2,1998,11.29
193,2,1999,13.18
193,2,2000,15.29
193,2,2001,16.94
193,2,2002,16.93
193,2,2003,14.96
193,2,2004,12.83
193,2,2005,12.08
193,2,2006,14.09
193,2,2007,11.83
193,2,2008,11.81
193,2,2009,12.03
193,2,2010,11.85
193,2,2011,11.67
193,2,2012,11.65
193,2,2013,11.58
193,2,2014,11.71
193,2,2015,12.16
193,2,2016,12.71
193,2,2017,13.11
193,2,2018,13.65
193,2,2019,14.13
193,2,2020,14.61
193,2,2021,17.34
193,2,2022,16.65
193,2,2023,17.15
194,2,1980,15.61
194,2,1981,15.67
194,2,1982,15.7
194,2,1983,15.68
194,2,1984,15.65
194,2,1985,15.64
194,2,1986,15.68
194,2,1987,15.71
194,2,1988,15.8
194,2,1989,15.84
194,2,1990,15.87
194,2,1991,15.81
194,2,1992,15.55
194,2,1993,15.33
194,2,1994,15.05
194,2,1995,14.8
194,2,1996,14.92
194,2,1997,15.15
194,2,1998,15.12
194,2,1999,15.23
194,2,2000,15.55
194,2,2001,19.05
194,2,2002,22.04
194,2,2003,19.79
194,2,2004,17.94
194,2,2005,15.13
194,2,2006,12.61
194,2,2007,11.45
194,2,2008,11.63
194,2,2009,12.47
194,2,2010,13.08
194,2,2011,13.69
194,2,2012,13.97
194,2,2013,14.26
194,2,2014,14.56
194,2,2015,14.87
194,2,2016,15.03
194,2,2017,15.27
194,2,2018,15.49
194,2,2019,15.63
194,2,2020,15.34
194,2,2021,17.03
194,2,2022,18.57
194,2,2023,19.06
195,2,1980,17.99
195,2,1981,18.06
195,2,1982,18.1
195,2,1983,18.15
195,2,1984,18.26
195,2,1985,18.44
195,2,1986,18.72
195,2,1987,18.87
195,2,1988,19.03
195,2,1989,19.27
195,2,1990,19.42
195,2,1991,19.54
195,2,1992,19.35
195,2,1993,18.65
195,2,1994,17.83
195,2,1995,16.69
195,2,1996,15.8
195,2,1997,15.19
195,2,1998,14.88
195,2,1999,14.91
195,2,2000,15.11
195,2,2001,15.03
195,2,2002,15.39
195,2,2003,16.55
195,2,2004,16.56
195,2,2005,16.48
195,2,2006,16.73
195,2,2007,18.46
195,2,2008,20.9
195,2,2009,22.42
195,2,2010,23.56
195,2,2011,25
195,2,2012,26.49
195,2,2013,27.11
195,2,2014,26.49
195,2,2015,26.19
195,2,2016,26.17
195,2,2017,26.51
195,2,2018,28.04
195,2,2019,29.49
195,2,2020,29.2
195,2,2021,32.1
195,2,2022,31.58
195,2,2023,31.97
196,2,1980,15.63
196,2,1981,15.54
196,2,1982,15.42
196,2,1983,15.06
196,2,1984,14.66
196,2,1985,14.92
196,2,1986,14.24
196,2,1987,13.87
196,2,1988,14.37
196,2,1989,14.29
196,2,1990,14.89
196,2,1991,15.14
196,2,1992,14.95
196,2,1993,16.25
196,2,1994,16.85
196,2,1995,17.46
196,2,1996,18.52
196,2,1997,17.61
196,2,1998,17.73
196,2,1999,16.97
196,2,2000,16.2
196,2,2001,15.68
196,2,2002,15.21
196,2,2003,14.86
196,2,2004,14.35
196,2,2005,14.84
196,2,2006,15.72
196,2,2007,16.64
196,2,2008,17.73
196,2,2009,19.26
196,2,2010,20.46
196,2,2011,21.53
196,2,2012,22.24
196,2,2013,23.03
196,2,2014,23.64
196,2,2015,23.81
196,2,2016,23.65
196,2,2017,23.43
196,2,2018,23.35
196,2,2019,21.95
196,2,2020,19.98
196,2,2021,19.95
196,2,2022,21.46
196,2,2023,23.17
197,2,1980,20.77
197,2,1981,20.87
197,2,1982,20.9
197,2,1983,20.87
197,2,1984,20.91
197,2,1985,21.01
197,2,1986,21.21
197,2,1987,21.5
197,2,1988,21.99
197,2,1989,22.63
197,2,1990,23.28
197,2,1991,23.8
197,2,1992,24.18
197,2,1993,23.8
197,2,1994,22.88
197,2,1995,21.08
197,2,1996,19.1
197,2,1997,17.19
197,2,1998,15.57
197,2,1999,14.53
197,2,2000,14
197,2,2001,14.51
197,2,2002,14.77
197,2,2003,16.17
197,2,2004,18
197,2,2005,19.31
197,2,2006,19.55
197,2,2007,18.61
197,2,2008,17.99
197,2,2009,18
197,2,2010,18.03
197,2,2011,17.96
197,2,2012,17.6
197,2,2013,17.03
197,2,2014,16.3
197,2,2015,15.63
197,2,2016,15.5
197,2,2017,15.82
197,2,2018,16.27
197,2,2019,16.79
197,2,2020,18.89
197,2,2021,20.48
197,2,2022,20.37
197,2,2023,20.35
198,2,1980,11.77
198,2,1981,11.8
198,2,1982,11.75
198,2,1983,11.65
198,2,1984,11.54
198,2,1985,11.39
198,2,1986,11.17
198,2,1987,10.65
198,2,1988,9.95
198,2,1989,9.21
198,2,1990,8.62
198,2,1991,8.42
198,2,1992,9.03
198,2,1993,9.14
198,2,1994,9.8
198,2,1995,10.2
198,2,1996,10.74
198,2,1997,11.38
198,2,1998,11.86
198,2,1999,12.22
198,2,2000,12.44
198,2,2001,13.32
198,2,2002,14.26
198,2,2003,15.2
198,2,2004,15.56
198,2,2005,15.12
198,2,2006,14.59
198,2,2007,13.68
198,2,2008,14.16
198,2,2009,14.14
198,2,2010,14.06
198,2,2011,15.24
198,2,2012,15.59
198,2,2013,15.43
198,2,2014,15.17
198,2,2015,15.33
198,2,2016,15.41
198,2,2017,15.08
198,2,2018,15.23
198,2,2019,15.29
198,2,2020,15.16
198,2,2021,17.74
198,2,2022,15.04
198,2,2023,14.93
200,2,1980,10.63
200,2,1981,10.7
200,2,1982,10.74
200,2,1983,10.79
200,2,1984,10.85
200,2,1985,10.93
200,2,1986,11.09
200,2,1987,11.21
200,2,1988,11.44
200,2,1989,11.55
200,2,1990,11.67
200,2,1991,12
200,2,1992,12.07
200,2,1993,12.3
200,2,1994,12.39
200,2,1995,12.35
200,2,1996,12.43
200,2,1997,12.37
200,2,1998,12.48
200,2,1999,12.42
200,2,2000,12.57
200,2,2001,12.13
200,2,2002,11.91
200,2,2003,11.56
200,2,2004,11.18
200,2,2005,11.1
200,2,2006,11.29
200,2,2007,11.29
200,2,2008,12.32
200,2,2009,13.42
200,2,2010,13.77
200,2,2011,14.16
200,2,2012,14.39
200,2,2013,14.88
200,2,2014,15.05
200,2,2015,15.05
200,2,2016,15.28
200,2,2017,15.6
200,2,2018,15.84
200,2,2019,16.73
200,2,2020,16.91
200,2,2021,16.77
200,2,2022,17.26
200,2,2023,18.5
201,2,1980,16.61
201,2,1981,16.86
201,2,1982,17.21
201,2,1983,17.59
201,2,1984,17.83
201,2,1985,18.03
201,2,1986,17.92
201,2,1987,17.49
201,2,1988,17.03
201,2,1989,16.67
201,2,1990,16.48
201,2,1991,15.85
201,2,1992,15.49
201,2,1993,15.43
201,2,1994,15.24
201,2,1995,15.19
201,2,1996,15.13
201,2,1997,14.96
201,2,1998,14.93
201,2,1999,14.84
201,2,2000,15.02
201,2,2001,14.72
201,2,2002,15.06
201,2,2003,14.69
201,2,2004,15.02
201,2,2005,15.64
201,2,2006,16.52
201,2,2007,16.59
201,2,2008,17.01
201,2,2009,17.36
201,2,2010,17.58
201,2,2011,18.07
201,2,2012,18.46
201,2,2013,18.8
201,2,2014,18.69
201,2,2015,19.48
201,2,2016,19.77
201,2,2017,20.03
201,2,2018,19.94
201,2,2019,19.95
201,2,2020,18.99
201,2,2021,18.83
201,2,2022,23.2
201,2,2023,24.96
202,2,1980,22.55
202,2,1981,22.92
202,2,1982,23.04
202,2,1983,22.86
202,2,1984,23.08
202,2,1985,23.66
202,2,1986,23.75
202,2,1987,24.15
202,2,1988,24.43
202,2,1989,24.59
202,2,1990,24.46
202,2,1991,23.95
202,2,1992,23.23
202,2,1993,22.55
202,2,1994,21.74
202,2,1995,21.02
202,2,1996,20.64
202,2,1997,20.22
202,2,1998,20.14
202,2,1999,20.07
202,2,2000,20.54
202,2,2001,19.96
202,2,2002,20.1
202,2,2003,19.73
202,2,2004,19.69
202,2,2005,19.9
202,2,2006,20.64
202,2,2007,20.72
202,2,2008,21.82
202,2,2009,22.9
202,2,2010,23.81
202,2,2011,24.51
202,2,2012,25.3
202,2,2013,25.89
202,2,2014,25.67
202,2,2015,26.48
202,2,2016,27.14
202,2,2017,28.22
202,2,2018,29.77
202,2,2019,30.7
202,2,2020,32.04
202,2,2021,33.16
202,2,2022,35.62
202,2,2023,37.96
203,2,1980,13.96
203,2,1981,13.81
203,2,1982,13.3
203,2,1983,13.14
203,2,1984,12.96
203,2,1985,12.83
203,2,1986,12.74
203,2,1987,12.74
203,2,1988,12.74
203,2,1989,12.8
203,2,1990,12.83
203,2,1991,12.56
203,2,1992,12.05
203,2,1993,11.46
203,2,1994,11.33
203,2,1995,12.89
203,2,1996,10.12
203,2,1997,9.7
203,2,1998,9.4
203,2,1999,9.22
203,2,2000,9.16
203,2,2001,9.25
203,2,2002,9.36
203,2,2003,9.46
203,2,2004,9.54
203,2,2005,9.84
203,2,2006,10.28
203,2,2007,10.64
203,2,2008,10.81
203,2,2009,10.94
203,2,2010,11.07
203,2,2011,11.48
203,2,2012,11.79
203,2,2013,12.47
203,2,2014,13.16
203,2,2015,13.62
203,2,2016,14.25
203,2,2017,14.37
203,2,2018,15.04
203,2,2019,15.23
203,2,2020,14.5
203,2,2021,14.69
203,2,2022,17.92
203,2,2023,18.99
204,2,1980,14.85
204,2,1981,14.89
204,2,1982,14.96
204,2,1983,15.1
204,2,1984,15.28
204,2,1985,15.35
204,2,1986,15.34
204,2,1987,15.37
204,2,1988,15.31
204,2,1989,15.28
204,2,1990,15.75
204,2,1991,15.62
204,2,1992,15.36
204,2,1993,15.45
204,2,1994,14.83
204,2,1995,14.28
204,2,1996,14.34
204,2,1997,14.31
204,2,1998,14.14
204,2,1999,14.05
204,2,2000,14.2
204,2,2001,14.3
204,2,2002,14.33
204,2,2003,14.33
204,2,2004,14.41
204,2,2005,14.68
204,2,2006,14.84
204,2,2007,15.11
204,2,2008,15.33
204,2,2009,15.69
204,2,2010,16.11
204,2,2011,16.33
204,2,2012,16.38
204,2,2013,16.61
204,2,2014,16.7
204,2,2015,16.95
204,2,2016,17.22
204,2,2017,17.39
204,2,2018,17.75
204,2,2019,18.06
204,2,2020,18.01
204,2,2021,17.77
204,2,2022,20.7
204,2,2023,21.64
205,2,1980,27.84
205,2,1981,27.81
205,2,1982,27.58
205,2,1983,27.57
205,2,1984,27.48
205,2,1985,27.57
205,2,1986,27.25
205,2,1987,26.47
205,2,1988,25.74
205,2,1989,24.76
205,2,1990,23.92
205,2,1991,23.26
205,2,1992,23.22
205,2,1993,23.49
205,2,1994,23.82
205,2,1995,24.08
205,2,1996,24.68
205,2,1997,25.24
205,2,1998,25.7
205,2,1999,25.75
205,2,2000,26.24
205,2,2001,25.06
205,2,2002,25
205,2,2003,23.84
205,2,2004,23.72
205,2,2005,23.81
205,2,2006,24.45
205,2,2007,24.21
205,2,2008,24.65
205,2,2009,24.38
205,2,2010,24.1
205,2,2011,24.62
205,2,2012,26.42
205,2,2013,29.19
205,2,2014,30.81
205,2,2015,33.08
205,2,2016,35.16
205,2,2017,36.76
205,2,2018,37.85
205,2,2019,37.47
205,2,2020,38.09
205,2,2021,38.02
205,2,2022,44.47
205,2,2023,47.29
206,2,1980,10.11
206,2,1981,10.02
206,2,1982,9.9
206,2,1983,9.8
206,2,1984,9.71
206,2,1985,9.64
206,2,1986,9.71
206,2,1987,9.69
206,2,1988,9.76
206,2,1989,9.84
206,2,1990,10.33
206,2,1991,10.52
206,2,1992,11.04
206,2,1993,10.7
206,2,1994,10.13
206,2,1995,11.42
206,2,1996,10.3
206,2,1997,9.95
206,2,1998,10.66
206,2,1999,11.56
206,2,2000,10.49
206,2,2001,9.79
206,2,2002,9.8
206,2,2003,9.99
206,2,2004,11.14
206,2,2005,11.73
206,2,2006,11.46
206,2,2007,11.52
206,2,2008,10.96
206,2,2009,11.4
206,2,2010,11.41
206,2,2011,10.55
206,2,2012,10.86
206,2,2013,11.23
206,2,2014,12.32
206,2,2015,11.99
206,2,2016,13.23
206,2,2017,15.39
206,2,2018,15.52
206,2,2019,17.13
206,2,2020,16.56
206,2,2021,17.42
206,2,2022,19.87
206,2,2023,20.5
207,2,1980,15.4
207,2,1981,15.68
207,2,1982,15.96
207,2,1983,16.14
207,2,1984,16.38
207,2,1985,16.68
207,2,1986,17.05
207,2,1987,17.29
207,2,1988,17.55
207,2,1989,17.77
207,2,1990,17.89
207,2,1991,17.86
207,2,1992,17.93
207,2,1993,18.07
207,2,1994,18.18
207,2,1995,17.73
207,2,1996,17.36
207,2,1997,16.96
207,2,1998,16.76
207,2,1999,16.26
207,2,2000,16.01
207,2,2001,15.72
207,2,2002,15.68
207,2,2003,15.22
207,2,2004,15.18
207,2,2005,15.4
207,2,2006,15.85
207,2,2007,15.88
207,2,2008,15.64
207,2,2009,15.44
207,2,2010,15.29
207,2,2011,15.68
207,2,2012,15.71
207,2,2013,15.69
207,2,2014,15.42
207,2,2015,15.46
207,2,2016,15.77
207,2,2017,16.01
207,2,2018,17.01
207,2,2019,18.07
207,2,2020,18.7
207,2,2021,19.88
207,2,2022,22.78
207,2,2023,24.14
208,2,1980,10.48
208,2,1981,10.66
208,2,1982,10.98
208,2,1983,10.76
208,2,1984,10.84
208,2,1985,11.03
208,2,1986,11.41
208,2,1987,11.57
208,2,1988,11.68
208,2,1989,11.83
208,2,1990,11.93
208,2,1991,12.05
208,2,1992,12.2
208,2,1993,12.33
208,2,1994,12.43
208,2,1995,12.57
208,2,1996,12.51
208,2,1997,12.38
208,2,1998,12.32
208,2,1999,12.16
208,2,2000,11.99
208,2,2001,11.72
208,2,2002,11.53
208,2,2003,11.36
208,2,2004,11.14
208,2,2005,11.19
208,2,2006,11.58
208,2,2007,11.67
208,2,2008,11.85
208,2,2009,12.19
208,2,2010,12.51
208,2,2011,12.76
208,2,2012,13.15
208,2,2013,13.53
208,2,2014,13.79
208,2,2015,13.93
208,2,2016,14.15
208,2,2017,14.33
208,2,2018,14.73
208,2,2019,15.64
208,2,2020,15.56
208,2,2021,16.02
208,2,2022,19.33
208,2,2023,20.25
209,2,1980,14.08
209,2,1981,13.94
209,2,1982,13.74
209,2,1983,13.52
209,2,1984,13.51
209,2,1985,13.39
209,2,1986,13.4
209,2,1987,13.42
209,2,1988,13.51
209,2,1989,13.75
209,2,1990,13.91
209,2,1991,13.94
209,2,1992,13.91
209,2,1993,13.91
209,2,1994,14.16
209,2,1995,13.71
209,2,1996,15.43
209,2,1997,15
209,2,1998,13.58
209,2,1999,13.43
209,2,2000,13.31
209,2,2001,13.58
209,2,2002,13.9
209,2,2003,14.27
209,2,2004,14.73
209,2,2005,16.1
209,2,2006,15.72
209,2,2007,16.01
209,2,2008,17.12
209,2,2009,17.29
209,2,2010,17.87
209,2,2011,18.54
209,2,2012,19.52
209,2,2013,20.29
209,2,2014,20.52
209,2,2015,21.22
209,2,2016,22.29
209,2,2017,23.24
209,2,2018,24.3
209,2,2019,25.79
209,2,2020,24.49
209,2,2021,23.65
209,2,2022,28.63
209,2,2023,30.48
210,2,1980,14.72
210,2,1981,14.93
210,2,1982,15.2
210,2,1983,15.46
210,2,1984,15.7
210,2,1985,15.94
210,2,1986,16.15
210,2,1987,16.24
210,2,1988,16.23
210,2,1989,16.02
210,2,1990,16.14
210,2,1991,16.1
210,2,1992,15.45
210,2,1993,15.18
210,2,1994,15.09
210,2,1995,14.69
210,2,1996,15.47
210,2,1997,14.59
210,2,1998,15.01
210,2,1999,15.16
210,2,2000,15.62
210,2,2001,15.32
210,2,2002,15.53
210,2,2003,15.27
210,2,2004,15.55
210,2,2005,15.61
210,2,2006,16.8
210,2,2007,17.03
210,2,2008,18.03
210,2,2009,19.2
210,2,2010,20.23
210,2,2011,20.8
210,2,2012,22.45
210,2,2013,23.75
210,2,2014,23.6
210,2,2015,24
210,2,2016,24.23
210,2,2017,25.26
210,2,2018,26.49
210,2,2019,28.16
210,2,2020,28.67
210,2,2021,32.93
210,2,2022,35.19
210,2,2023,37.01
211,2,1980,15.69
211,2,1981,14.56
211,2,1982,15.94
211,2,1983,16.04
211,2,1984,16.1
211,2,1985,16.35
211,2,1986,16.55
211,2,1987,16.53
211,2,1988,16.54
211,2,1989,16.64
211,2,1990,16.64
211,2,1991,16.72
211,2,1992,16.79
211,2,1993,16.94
211,2,1994,16.95
211,2,1995,17.18
211,2,1996,17.34
211,2,1997,17.11
211,2,1998,17.16
211,2,1999,17.04
211,2,2000,17.09
211,2,2001,16.92
211,2,2002,17.11
211,2,2003,17.31
211,2,2004,17.77
211,2,2005,18.14
211,2,2006,19.03
211,2,2007,20.08
211,2,2008,20.82
211,2,2009,21.63
211,2,2010,22.28
211,2,2011,22.92
211,2,2012,22.76
211,2,2013,23.59
211,2,2014,24.29
211,2,2015,26.16
211,2,2016,27.92
211,2,2017,29.24
211,2,2018,30.29
211,2,2019,30.91
211,2,2020,29.92
211,2,2021,32.02
211,2,2022,36.85
211,2,2023,38.74
212,2,1980,11.87
212,2,1981,12.05
212,2,1982,12.17
212,2,1983,12.05
212,2,1984,12.68
212,2,1985,13.02
212,2,1986,13.38
212,2,1987,13.65
212,2,1988,13.99
212,2,1989,14.06
212,2,1990,14.22
212,2,1991,14.2
212,2,1992,14.47
212,2,1993,14.9
212,2,1994,14.17
212,2,1995,14.22
212,2,1996,14.75
212,2,1997,15.13
212,2,1998,15.98
212,2,1999,15.72
212,2,2000,16.44
212,2,2001,16.87
212,2,2002,17.5
212,2,2003,17.35
212,2,2004,18.43
212,2,2005,18.96
212,2,2006,20.41
212,2,2007,19.9
212,2,2008,19.73
212,2,2009,21.22
212,2,2010,21.26
212,2,2011,21.19
212,2,2012,22.06
212,2,2013,22.62
212,2,2014,21.77
212,2,2015,21.73
212,2,2016,21.33
212,2,2017,23.07
212,2,2018,23.48
212,2,2019,25.76
212,2,2020,24.54
212,2,2021,26.88
212,2,2022,32
212,2,2023,34.26
213,2,1980,14.76
213,2,1981,14.74
213,2,1982,14.98
213,2,1983,15.06
213,2,1984,15.14
213,2,1985,15.29
213,2,1986,15.45
213,2,1987,15.73
213,2,1988,16.15
213,2,1989,16.53
213,2,1990,16.81
213,2,1991,16.88
213,2,1992,16.83
213,2,1993,16.9
213,2,1994,16.92
213,2,1995,17.06
213,2,1996,17.16
213,2,1997,17.13
213,2,1998,17.17
213,2,1999,16.89
213,2,2000,17.15
213,2,2001,16.75
213,2,2002,17.04
213,2,2003,16.72
213,2,2004,16.6
213,2,2005,16.35
213,2,2006,16.87
213,2,2007,16.72
213,2,2008,16.87
213,2,2009,17
213,2,2010,17.02
213,2,2011,16.98
213,2,2012,17.17
213,2,2013,17.6
213,2,2014,17.64
213,2,2015,17.97
213,2,2016,18.34
213,2,2017,19.14
213,2,2018,19.83
213,2,2019,20.56
213,2,2020,19.87
213,2,2021,20.71
213,2,2022,23.3
213,2,2023,24.1
214,2,1980,20.27
214,2,1981,20.54
214,2,1982,20.81
214,2,1983,21.15
214,2,1984,21.37
214,2,1985,21.61
214,2,1986,21.73
214,2,1987,21.9
214,2,1988,22.04
214,2,1989,22.2
214,2,1990,22.32
214,2,1991,22.85
214,2,1992,22.18
214,2,1993,22.11
214,2,1994,21.88
214,2,1995,21.7
214,2,1996,21.73
214,2,1997,21.65
214,2,1998,21.8
214,2,1999,21.78
214,2,2000,22.24
214,2,2001,22.18
214,2,2002,22.56
214,2,2003,22.38
214,2,2004,22.59
214,2,2005,22.67
214,2,2006,22.86
214,2,2007,22.63
214,2,2008,23.02
214,2,2009,23.76
214,2,2010,24.74
214,2,2011,25.24
214,2,2012,26.44
214,2,2013,28.53
214,2,2014,28.94
214,2,2015,29.03
214,2,2016,28.74
214,2,2017,29.44
214,2,2018,29.86
214,2,2019,30.23
214,2,2020,30.85
214,2,2021,32.06
214,2,2022,36.49
214,2,2023,38.73
215,2,1980,10
215,2,1981,9.99
215,2,1982,9.99
215,2,1983,10.01
215,2,1984,10.16
215,2,1985,10.35
215,2,1986,10.46
215,2,1987,10.8
215,2,1988,10.9
215,2,1989,10.99
215,2,1990,11.06
215,2,1991,10.8
215,2,1992,10.77
215,2,1993,10.74
215,2,1994,10.7
215,2,1995,10.16
215,2,1996,10.16
215,2,1997,10.27
215,2,1998,10.7
215,2,1999,11.2
215,2,2000,10.82
215,2,2001,11.37
215,2,2002,11.74
215,2,2003,12
215,2,2004,12.33
215,2,2005,13.23
215,2,2006,14.09
215,2,2007,14.6
215,2,2008,14.97
215,2,2009,15.57
215,2,2010,16.69
215,2,2011,16.89
215,2,2012,16.98
215,2,2013,17.74
215,2,2014,19.2
215,2,2015,19.86
215,2,2016,20.47
215,2,2017,21.15
215,2,2018,21.72
215,2,2019,22.31
215,2,2020,24.08
215,2,2021,24.49
215,2,2022,24.47
215,2,2023,25.09
216,2,1980,8.36
216,2,1981,8.48
216,2,1982,8.62
216,2,1983,8.86
216,2,1984,9.17
216,2,1985,9.49
216,2,1986,9.59
216,2,1987,9.8
216,2,1988,10.18
216,2,1989,11
216,2,1990,10.94
216,2,1991,11.27
216,2,1992,11.39
216,2,1993,11.43
216,2,1994,11.46
216,2,1995,11.16
216,2,1996,11.42
216,2,1997,11.05
216,2,1998,11.09
216,2,1999,11.07
216,2,2000,10.44
216,2,2001,13.79
216,2,2002,13.75
216,2,2003,12.44
216,2,2004,12.91
216,2,2005,12.87
216,2,2006,12.64
216,2,2007,13.3
216,2,2008,14.14
216,2,2009,14.83
216,2,2010,13.8
216,2,2011,14.05
216,2,2012,13.4
216,2,2013,13.92
216,2,2014,14.8
216,2,2015,14.35
216,2,2016,15.45
216,2,2017,15.76
216,2,2018,15.75
216,2,2019,17.72
216,2,2020,16.81
216,2,2021,16.77
216,2,2022,21.78
216,2,2023,23.77
217,2,1980,11.68
217,2,1981,11.89
217,2,1982,12.16
217,2,1983,12.43
217,2,1984,12.77
217,2,1985,13.04
217,2,1986,13.28
217,2,1987,13.49
217,2,1988,13.64
217,2,1989,13.77
217,2,1990,13.89
217,2,1991,13.79
217,2,1992,13.96
217,2,1993,13.98
217,2,1994,14.07
217,2,1995,13.88
217,2,1996,13.41
217,2,1997,12.73
217,2,1998,12.62
217,2,1999,12.08
217,2,2000,11.95
217,2,2001,11.36
217,2,2002,11.22
217,2,2003,11.08
217,2,2004,10.96
217,2,2005,11.2
217,2,2006,11.72
217,2,2007,11.79
217,2,2008,11.93
217,2,2009,12.35
217,2,2010,13.17
217,2,2011,13.7
217,2,2012,14.67
217,2,2013,15.28
217,2,2014,15.71
217,2,2015,16.16
217,2,2016,16.43
217,2,2017,17.11
217,2,2018,17.47
217,2,2019,18.17
217,2,2020,18.31
217,2,2021,18.94
217,2,2022,20.58
217,2,2023,22.09
218,2,1980,15.91
218,2,1981,15.94
218,2,1982,16.01
218,2,1983,16.07
218,2,1984,16.03
218,2,1985,16.19
218,2,1986,16.2
218,2,1987,16.14
218,2,1988,16.28
218,2,1989,16.29
218,2,1990,16.38
218,2,1991,16.29
218,2,1992,16.14
218,2,1993,15.9
218,2,1994,15.58
218,2,1995,15.32
218,2,1996,15.04
218,2,1997,14.74
218,2,1998,14.8
218,2,1999,14.6
218,2,2000,14.87
218,2,2001,14.69
218,2,2002,14.66
218,2,2003,14.44
218,2,2004,14.44
218,2,2005,14.53
218,2,2006,14.94
218,2,2007,14.63
218,2,2008,15.37
218,2,2009,16.33
218,2,2010,17.23
218,2,2011,17.82
218,2,2012,17.95
218,2,2013,18.19
218,2,2014,18.14
218,2,2015,18.79
218,2,2016,19.95
218,2,2017,21.6
218,2,2018,22.47
218,2,2019,23.59
218,2,2020,23.62
218,2,2021,25.11
218,2,2022,28.4
218,2,2023,29.72
298,2,1980,26.75
298,2,1981,26.37
298,2,1982,25.86
298,2,1983,25.19
298,2,1984,24.56
298,2,1985,24.18
298,2,1986,24.03
298,2,1987,24.19
298,2,1988,24.41
298,2,1989,24.92
298,2,1990,25.31
298,2,1991,25.85
298,2,1992,26.42
298,2,1993,27.21
298,2,1994,28.05
298,2,1995,28.88
298,2,1996,29.65
298,2,1997,30.25
298,2,1998,31.27
298,2,1999,32.16
298,2,2000,32.67
298,2,2001,33.23
298,2,2002,32.95
298,2,2003,33.34
298,2,2004,33.52
298,2,2005,33.64
298,2,2006,33.76
298,2,2007,34.38
298,2,2008,34.89
298,2,2009,35.65
298,2,2010,35.9
298,2,2011,36.16
298,2,2012,36.5
298,2,2013,37.06
298,2,2014,37.07
298,2,2015,37.05
298,2,2016,36.8
298,2,2017,35.66
298,2,2018,35.2
298,2,2019,34.6
298,2,2020,34.77
298,2,2021,37.68
298,2,2022,36.46
298,2,2023,37.7
305,2,1980,32.16
305,2,1981,32.32
305,2,1982,32.23
305,2,1983,32.33
305,2,1984,32.71
305,2,1985,31.69
305,2,1986,32.55
305,2,1987,33.64
305,2,1988,34.47
305,2,1989,34.19
305,2,1990,33.92
305,2,1991,33.81
305,2,1992,34.04
305,2,1993,33.87
305,2,1994,33.44
305,2,1995,33.21
305,2,1996,33.57
305,2,1997,32.19
305,2,1998,31.16
305,2,1999,31.36
305,2,2000,30.13
305,2,2001,29.1
305,2,2002,29.6
305,2,2003,28.24
305,2,2004,27.27
305,2,2005,26.53
305,2,2006,25.38
305,2,2007,25.29
305,2,2008,24.61
305,2,2009,24.52
305,2,2010,23.99
305,2,2011,23.53
305,2,2012,23.32
305,2,2013,23.14
305,2,2014,22.09
305,2,2015,21.65
305,2,2016,21.53
305,2,2017,20.69
305,2,2018,20.83
305,2,2019,21.21
305,2,2020,21.98
305,2,2021,23.67
305,2,2022,25.15
305,2,2023,25.8
320,2,1980,34.62
320,2,1981,34.24
320,2,1982,33.46
320,2,1983,32.8
320,2,1984,31.92
320,2,1985,31.04
320,2,1986,30.26
320,2,1987,29.73
320,2,1988,29.88
320,2,1989,30.01
320,2,1990,29.94
320,2,1991,30.85
320,2,1992,31.32
320,2,1993,32
320,2,1994,32.83
320,2,1995,33.89
320,2,1996,35.2
320,2,1997,37.87
320,2,1998,38.34
320,2,1999,39.55
320,2,2000,40.99
320,2,2001,40.78
320,2,2002,40.6
320,2,2003,41.33
320,2,2004,41.99
320,2,2005,42.71
320,2,2006,43.56
320,2,2007,45.04
320,2,2008,45.8
320,2,2009,46.79
320,2,2010,47.86
320,2,2011,48.19
320,2,2012,49
320,2,2013,50.4
320,2,2014,51.27
320,2,2015,52.23
320,2,2016,51.8
320,2,2017,54.11
320,2,2018,54.74
320,2,2019,53.56
320,2,2020,53.5
320,2,2021,64.03
320,2,2022,62.96
320,2,2023,64.38
349,2,1980,31.85
349,2,1981,32.48
349,2,1982,33.05
349,2,1983,33.44
349,2,1984,33.7
349,2,1985,33.98
349,2,1986,34.33
349,2,1987,34.55
349,2,1988,34.75
349,2,1989,35.02
349,2,1990,35.12
349,2,1991,35.2
349,2,1992,35.47
349,2,1993,35.82
349,2,1994,36.32
349,2,1995,36.82
349,2,1996,37.02
349,2,1997,37.03
349,2,1998,37.22
349,2,1999,37.08
349,2,2000,36.7
349,2,2001,36.28
349,2,2002,35.8
349,2,2003,35.12
349,2,2004,33.96
349,2,2005,33.4
349,2,2006,32.94
349,2,2007,31.9
349,2,2008,30.68
349,2,2009,30.13
349,2,2010,29.52
349,2,2011,29.13
349,2,2012,28.93
349,2,2013,28.19
349,2,2014,27.75
349,2,2015,27.43
349,2,2016,27.35
349,2,2017,27.29
349,2,2018,27.27
349,2,2019,27.11
349,2,2020,29.49
349,2,2021,29.36
349,2,2022,27.74
349,2,2023,26.02
351,2,1980,14.73
351,2,1981,14.49
351,2,1982,14.24
351,2,1983,14.03
351,2,1984,13.74
351,2,1985,13.51
351,2,1986,13.27
351,2,1987,13
351,2,1988,12.79
351,2,1989,12.61
351,2,1990,12.3
351,2,1991,12.06
351,2,1992,11.9
351,2,1993,11.73
351,2,1994,11.64
351,2,1995,18.44
351,2,1996,19.54
351,2,1997,14.46
351,2,1998,15.39
351,2,1999,17.24
351,2,2000,18.69
351,2,2001,17.03
351,2,2002,14.06
351,2,2003,15.01
351,2,2004,14.27
351,2,2005,14.03
351,2,2006,14.28
351,2,2007,15.38
351,2,2008,15.11
351,2,2009,15.54
351,2,2010,17.99
351,2,2011,16.2
351,2,2012,16.37
351,2,2013,19.74
351,2,2014,19
351,2,2015,19.68
351,2,2016,19.11
351,2,2017,16.59
351,2,2018,15.39
351,2,2019,15.11
351,2,2020,14.79
351,2,2021,15.49
351,2,2022,17.98
351,2,2023,18.16
367,2,1980,38.74
367,2,1981,37.99
367,2,1982,37.01
367,2,1983,36.42
367,2,1984,36.05
367,2,1985,35.87
367,2,1986,35.94
367,2,1987,36.5
367,2,1988,36.55
367,2,1989,36.64
367,2,1990,36.51
367,2,1991,36.4
367,2,1992,36.12
367,2,1993,36.09
367,2,1994,36.06
367,2,1995,36.1
367,2,1996,36.04
367,2,1997,35.88
367,2,1998,35.82
367,2,1999,35.14
367,2,2000,34.41
367,2,2001,33.84
367,2,2002,33.26
367,2,2003,33.14
367,2,2004,32.94
367,2,2005,33.11
367,2,2006,33.05
367,2,2007,33.22
367,2,2008,33.43
367,2,2009,33.53
367,2,2010,33.81
367,2,2011,33.26
367,2,2012,33.19
367,2,2013,33.15
367,2,2014,32.9
367,2,2015,32.71
367,2,2016,32.46
367,2,2017,31.97
367,2,2018,31.46
367,2,2019,31.43
367,2,2020,31.9
367,2,2021,33.62
367,2,2022,35.89
367,2,2023,37
369,2,1980,54.19
369,2,1981,53.54
369,2,1982,52.66
369,2,1983,51.4
369,2,1984,50.26
369,2,1985,49.34
369,2,1986,48.6
369,2,1987,47.97
369,2,1988,47.64
369,2,1989,47.55
369,2,1990,47.52
369,2,1991,47.9
369,2,1992,48.15
369,2,1993,48.62
369,2,1994,48.91
369,2,1995,49.04
369,2,1996,49.21
369,2,1997,49.57
369,2,1998,50.39
369,2,1999,51.22
369,2,2000,51.86
369,2,2001,52.24
369,2,2002,52.63
369,2,2003,52.98
369,2,2004,53.4
369,2,2005,53.72
369,2,2006,53.98
369,2,2007,54.19
369,2,2008,54.82
369,2,2009,55.82
369,2,2010,56.97
369,2,2011,58.01
369,2,2012,59.03
369,2,2013,60.21
369,2,2014,61.35
369,2,2015,62.61
369,2,2016,64.1
369,2,2017,65.38
369,2,2018,66.73
369,2,2019,67.92
369,2,2020,71.47
369,2,2021,80.18
369,2,2022,75.36
369,2,2023,76.29
374,2,1980,27.58
374,2,1981,27.18
374,2,1982,26.68
374,2,1983,26.11
374,2,1984,25.53
374,2,1985,25.18
374,2,1986,24.89
374,2,1987,24.7
374,2,1988,24.7
374,2,1989,24.66
374,2,1990,24.7
374,2,1991,24.97
374,2,1992,25.12
374,2,1993,25.49
374,2,1994,25.91
374,2,1995,26.16
374,2,1996,26.46
374,2,1997,27.01
374,2,1998,27.69
374,2,1999,28.31
374,2,2000,28.56
374,2,2001,28.73
374,2,2002,28.75
374,2,2003,28.8
374,2,2004,28.45
374,2,2005,28.69
374,2,2006,28.58
374,2,2007,28.35
374,2,2008,28.39
374,2,2009,28.73
374,2,2010,29.03
374,2,2011,29.53
374,2,2012,29.97
374,2,2013,30.45
374,2,2014,30.82
374,2,2015,31.32
374,2,2016,31.76
374,2,2017,32.26
374,2,2018,32.61
374,2,2019,32.45
374,2,2020,27.25
374,2,2021,28.58
374,2,2022,33.21
374,2,2023,34.32
376,2,1980,30.64
376,2,1981,30.04
376,2,1982,29.32
376,2,1983,28.6
376,2,1984,27.87
376,2,1985,27.24
376,2,1986,26.79
376,2,1987,26.51
376,2,1988,26.43
376,2,1989,26.57
376,2,1990,26.97
376,2,1991,27.61
376,2,1992,28.2
376,2,1993,28.91
376,2,1994,29.61
376,2,1995,30.39
376,2,1996,31.14
376,2,1997,31.74
376,2,1998,32.36
376,2,1999,33.52
376,2,2000,33.98
376,2,2001,34.16
376,2,2002,34.13
376,2,2003,34.04
376,2,2004,33.94
376,2,2005,33.72
376,2,2006,33.7
376,2,2007,33.83
376,2,2008,33.83
376,2,2009,33.87
376,2,2010,33.36
376,2,2011,32.89
376,2,2012,32.6
376,2,2013,32.33
376,2,2014,31.9
376,2,2015,33.18
376,2,2016,33.04
376,2,2017,33.16
376,2,2018,33.15
376,2,2019,33.29
376,2,2020,33.66
376,2,2021,36.69
376,2,2022,35.94
376,2,2023,35.96
380,2,1980,47.61
380,2,1981,46.88
380,2,1982,45.96
380,2,1983,44.92
380,2,1984,43.84
380,2,1985,43
380,2,1986,42.26
380,2,1987,41.34
380,2,1988,41.11
380,2,1989,41.27
380,2,1990,42.2
380,2,1991,42.57
380,2,1992,42.94
380,2,1993,43.39
380,2,1994,44.11
380,2,1995,44.89
380,2,1996,45.8
380,2,1997,46.64
380,2,1998,47.8
380,2,1999,48.5
380,2,2000,48.95
380,2,2001,49.28
380,2,2002,49.41
380,2,2003,49.54
380,2,2004,49.53
380,2,2005,49.17
380,2,2006,48.77
380,2,2007,48.36
380,2,2008,47.98
380,2,2009,47.9
380,2,2010,47.83
380,2,2011,47.81
380,2,2012,48.25
380,2,2013,47.37
380,2,2014,47.86
380,2,2015,48.21
380,2,2016,48.51
380,2,2017,48.52
380,2,2018,49.14
380,2,2019,55.23
380,2,2020,57.34
380,2,2021,62.16
380,2,2022,59.04
380,2,2023,59.09
385,2,1980,16.8
385,2,1981,16.85
385,2,1982,16.17
385,2,1983,16.85
385,2,1984,17.46
385,2,1985,17.04
385,2,1986,17.24
385,2,1987,17.71
385,2,1988,17.18
385,2,1989,18
385,2,1990,18.72
385,2,1991,18.73
385,2,1992,19.02
385,2,1993,18.6
385,2,1994,18.56
385,2,1995,18.12
385,2,1996,18.15
385,2,1997,17.46
385,2,1998,17.29
385,2,1999,17.63
385,2,2000,17.43
385,2,2001,17.3
385,2,2002,17.88
385,2,2003,17.59
385,2,2004,17.54
385,2,2005,17.04
385,2,2006,17.19
385,2,2007,17.32
385,2,2008,17.26
385,2,2009,17.37
385,2,2010,17.2
385,2,2011,17.22
385,2,2012,17.26
385,2,2013,16.74
385,2,2014,16.59
385,2,2015,16.36
385,2,2016,15.54
385,2,2017,15.65
385,2,2018,14.79
385,2,2019,14.57
385,2,2020,14.53
385,2,2021,13.83
385,2,2022,13.34
385,2,2023,14.17
393,2,1980,38.37
393,2,1981,36.56
393,2,1982,35.71
393,2,1983,35.46
393,2,1984,35.17
393,2,1985,33.03
393,2,1986,32.62
393,2,1987,33.93
393,2,1988,33.7
393,2,1989,33.55
393,2,1990,34.08
393,2,1991,31.66
393,2,1992,30.45
393,2,1993,29.86
393,2,1994,30.53
393,2,1995,30.17
393,2,1996,29.76
393,2,1997,29.01
393,2,1998,28.52
393,2,1999,28.77
393,2,2000,28.98
393,2,2001,27.85
393,2,2002,29.04
393,2,2003,28.4
393,2,2004,27.7
393,2,2005,27.15
393,2,2006,28.02
393,2,2007,28.65
393,2,2008,28.32
393,2,2009,28.23
393,2,2010,28.2
393,2,2011,28.97
393,2,2012,29.17
393,2,2013,29.51
393,2,2014,28.71
393,2,2015,28.6
393,2,2016,28.04
393,2,2017,28.12
393,2,2018,28.25
393,2,2019,28.49
393,2,2020,29.39
393,2,2021,29.48
393,2,2022,29.01
393,2,2023,29.7
396,2,1980,23.68
396,2,1981,23.83
396,2,1982,23.81
396,2,1983,23.61
396,2,1984,23.35
396,2,1985,23.01
396,2,1986,22.46
396,2,1987,21.94
396,2,1988,21.38
396,2,1989,20.85
396,2,1990,20.29
396,2,1991,19.92
396,2,1992,19.49
396,2,1993,19.33
396,2,1994,19.34
396,2,1995,19.73
396,2,1996,20.07
396,2,1997,20.33
396,2,1998,20.77
396,2,1999,20.92
396,2,2000,20.77
396,2,2001,20.69
396,2,2002,20.58
396,2,2003,20.3
396,2,2004,19.2
396,2,2005,18.7
396,2,2006,18.03
396,2,2007,17.2
396,2,2008,16.47
396,2,2009,15.6
396,2,2010,15.07
396,2,2011,14.53
396,2,2012,13.94
396,2,2013,13.55
396,2,2014,13.16
396,2,2015,13.14
396,2,2016,13.13
396,2,2017,13.21
396,2,2018,13.35
396,2,2019,13.57
396,2,2020,13.15
396,2,2021,13.07
396,2,2022,13.53
396,2,2023,14.61
413,2,1980,18.52
413,2,1981,18.16
413,2,1982,17.7
413,2,1983,17.19
413,2,1984,16.7
413,2,1985,16.35
413,2,1986,16.1
413,2,1987,15.98
413,2,1988,16.02
413,2,1989,16.18
413,2,1990,16.38
413,2,1991,16.74
413,2,1992,17.05
413,2,1993,17.42
413,2,1994,17.8
413,2,1995,18.19
413,2,1996,18.64
413,2,1997,19.2
413,2,1998,19.82
413,2,1999,20.3
413,2,2000,20.7
413,2,2001,21.06
413,2,2002,21.45
413,2,2003,21.74
413,2,2004,22.12
413,2,2005,22.37
413,2,2006,22.48
413,2,2007,22.5
413,2,2008,22.53
413,2,2009,22.67
413,2,2010,22.89
413,2,2011,23.07
413,2,2012,23.3
413,2,2013,23.59
413,2,2014,23.84
413,2,2015,24.22
413,2,2016,24.57
413,2,2017,24.83
413,2,2018,25.04
413,2,2019,24.89
413,2,2020,20.7
413,2,2021,21.01
413,2,2022,24.84
413,2,2023,25.61
416,2,1980,25.76
416,2,1981,25.47
416,2,1982,25.04
416,2,1983,24.5
416,2,1984,23.98
416,2,1985,23.66
416,2,1986,23.43
416,2,1987,23.35
416,2,1988,23.52
416,2,1989,23.93
416,2,1990,24.86
416,2,1991,25.68
416,2,1992,26.26
416,2,1993,26.93
416,2,1994,27.8
416,2,1995,28.36
416,2,1996,28.95
416,2,1997,29.68
416,2,1998,30.76
416,2,1999,31.64
416,2,2000,32.43
416,2,2001,33.05
416,2,2002,33.6
416,2,2003,33.85
416,2,2004,34.07
416,2,2005,34.3
416,2,2006,34.69
416,2,2007,35
416,2,2008,35.2
416,2,2009,35.46
416,2,2010,35.6
416,2,2011,35.76
416,2,2012,36.02
416,2,2013,36.35
416,2,2014,36.57
416,2,2015,36.83
416,2,2016,37.65
416,2,2017,37.9
416,2,2018,38.32
416,2,2019,39.03
416,2,2020,39.71
416,2,2021,41.97
416,2,2022,40.1
416,2,2023,40.27
422,2,1980,32.47
422,2,1981,32.49
422,2,1982,32.52
422,2,1983,32.6
422,2,1984,32.65
422,2,1985,32.63
422,2,1986,32.82
422,2,1987,33.63
422,2,1988,33.85
422,2,1989,33.56
422,2,1990,33.3
422,2,1991,33.27
422,2,1992,32.99
422,2,1993,32.58
422,2,1994,32.23
422,2,1995,31.1
422,2,1996,30.15
422,2,1997,28.67
422,2,1998,27.52
422,2,1999,27.08
422,2,2000,26.79
422,2,2001,25.98
422,2,2002,25.62
422,2,2003,24.37
422,2,2004,24.49
422,2,2005,23.49
422,2,2006,22.99
422,2,2007,23.41
422,2,2008,23.21
422,2,2009,23.69
422,2,2010,23.62
422,2,2011,24.15
422,2,2012,24.41
422,2,2013,23.59
422,2,2014,22.18
422,2,2015,21.37
422,2,2016,20.93
422,2,2017,20.86
422,2,2018,20.42
422,2,2019,20.22
422,2,2020,19.59
422,2,2021,20.41
422,2,2022,20.46
422,2,2023,22.79
435,2,1980,15.75
435,2,1981,15.73
435,2,1982,15.91
435,2,1983,15.89
435,2,1984,15.7
435,2,1985,17.14
435,2,1986,17.4
435,2,1987,17.45
435,2,1988,17.32
435,2,1989,17.51
435,2,1990,17.32
435,2,1991,17.22
435,2,1992,17.43
435,2,1993,17.41
435,2,1994,17.4
435,2,1995,17.62
435,2,1996,17.22
435,2,1997,15.99
435,2,1998,16.09
435,2,1999,15.96
435,2,2000,16.16
435,2,2001,15.37
435,2,2002,15.22
435,2,2003,15.66
435,2,2004,16.03
435,2,2005,16.02
435,2,2006,16.96
435,2,2007,17.1
435,2,2008,17.19
435,2,2009,17.63
435,2,2010,17.94
435,2,2011,18.19
435,2,2012,18.56
435,2,2013,19.08
435,2,2014,19.83
435,2,2015,20.54
435,2,2016,20.91
435,2,2017,20.88
435,2,2018,21.43
435,2,2019,22.04
435,2,2020,21.88
435,2,2021,21.42
435,2,2022,25.98
435,2,2023,27.13
522,2,1980,8.81
522,2,1981,8.88
522,2,1982,8.86
522,2,1983,8.79
522,2,1984,8.82
522,2,1985,8.82
522,2,1986,8.86
522,2,1987,8.81
522,2,1988,8.75
522,2,1989,8.76
522,2,1990,8.75
522,2,1991,8.74
522,2,1992,8.69
522,2,1993,8.7
522,2,1994,8.52
522,2,1995,8.47
522,2,1996,8.41
522,2,1997,8.35
522,2,1998,8.39
522,2,1999,8.26
522,2,2000,8.19
522,2,2001,8.12
522,2,2002,8.08
522,2,2003,8.08
522,2,2004,8.16
522,2,2005,8.16
522,2,2006,8.27
522,2,2007,8.36
522,2,2008,8.55
522,2,2009,8.83
522,2,2010,8.96
522,2,2011,9.07
522,2,2012,9.14
522,2,2013,9.44
522,2,2014,9.77
522,2,2015,10.07
522,2,2016,10.43
522,2,2017,10.8
522,2,2018,11.07
522,2,2019,11.55
522,2,2020,12.46
522,2,2021,13.03
522,2,2022,13.32
522,2,2023,13.45
