location,sex,year,fire_heat_and_hot_substances_deaths_rate_age_standardized
6,3,1980,1.52
6,3,1981,1.53
6,3,1982,1.52
6,3,1983,1.51
6,3,1984,1.5
6,3,1985,1.51
6,3,1986,1.51
6,3,1987,1.56
6,3,1988,1.57
6,3,1989,1.6
6,3,1990,1.6
6,3,1991,1.6
6,3,1992,1.58
6,3,1993,1.55
6,3,1994,1.56
6,3,1995,1.45
6,3,1996,1.38
6,3,1997,1.31
6,3,1998,1.24
6,3,1999,1.18
6,3,2000,1.15
6,3,2001,1.04
6,3,2002,0.99
6,3,2003,1.02
6,3,2004,1.05
6,3,2005,1.03
6,3,2006,0.96
6,3,2007,0.93
6,3,2008,0.9
6,3,2009,0.87
6,3,2010,0.84
6,3,2011,0.8
6,3,2012,0.76
6,3,2013,0.72
6,3,2014,0.68
6,3,2015,0.65
6,3,2016,0.63
6,3,2017,0.61
6,3,2018,0.58
6,3,2019,0.55
6,3,2020,0.53
6,3,2021,0.51
6,3,2022,0.51
6,3,2023,0.54
7,3,1980,1.32
7,3,1981,1.33
7,3,1982,1.34
7,3,1983,1.36
7,3,1984,1.37
7,3,1985,1.38
7,3,1986,1.38
7,3,1987,1.38
7,3,1988,1.38
7,3,1989,1.39
7,3,1990,1.39
7,3,1991,1.4
7,3,1992,1.4
7,3,1993,1.59
7,3,1994,1.41
7,3,1995,1.4
7,3,1996,1.39
7,3,1997,1.38
7,3,1998,1.37
7,3,1999,1.37
7,3,2000,1.36
7,3,2001,1.35
7,3,2002,1.35
7,3,2003,1.34
7,3,2004,1.34
7,3,2005,1.34
7,3,2006,1.34
7,3,2007,1.34
7,3,2008,1.34
7,3,2009,1.35
7,3,2010,1.35
7,3,2011,1.34
7,3,2012,1.33
7,3,2013,1.3
7,3,2014,1.29
7,3,2015,1.27
7,3,2016,1.27
7,3,2017,1.25
7,3,2018,1.25
7,3,2019,1.24
7,3,2020,1.22
7,3,2021,1.21
7,3,2022,1.11
7,3,2023,1.12
8,3,1980,2.55
8,3,1981,2.6
8,3,1982,2.41
8,3,1983,2.25
8,3,1984,2.58
8,3,1985,2.27
8,3,1986,2.27
8,3,1987,2.18
8,3,1988,2.35
8,3,1989,2.51
8,3,1990,2.64
8,3,1991,2.28
8,3,1992,2.35
8,3,1993,2.9
8,3,1994,2.29
8,3,1995,2.1
8,3,1996,1.92
8,3,1997,1.56
8,3,1998,1.46
8,3,1999,1.26
8,3,2000,1.15
8,3,2001,0.9
8,3,2002,0.77
8,3,2003,0.94
8,3,2004,0.9
8,3,2005,0.9
8,3,2006,0.84
8,3,2007,0.75
8,3,2008,0.67
8,3,2009,0.62
8,3,2010,0.58
8,3,2011,0.62
8,3,2012,0.76
8,3,2013,0.61
8,3,2014,0.61
8,3,2015,0.58
8,3,2016,0.59
8,3,2017,0.56
8,3,2018,0.54
8,3,2019,0.52
8,3,2020,0.5
8,3,2021,0.51
8,3,2022,0.5
8,3,2023,0.41
10,3,1980,2.46
10,3,1981,2.39
10,3,1982,2.33
10,3,1983,2.31
10,3,1984,2.25
10,3,1985,2.2
10,3,1986,2.18
10,3,1987,2.16
10,3,1988,2.15
10,3,1989,2.14
10,3,1990,2.13
10,3,1991,2.12
10,3,1992,2.12
10,3,1993,2.11
10,3,1994,2.09
10,3,1995,2.08
10,3,1996,2.03
10,3,1997,1.99
10,3,1998,1.95
10,3,1999,1.88
10,3,2000,1.78
10,3,2001,1.75
10,3,2002,1.69
10,3,2003,1.6
10,3,2004,1.55
10,3,2005,1.49
10,3,2006,1.41
10,3,2007,1.39
10,3,2008,1.34
10,3,2009,1.31
10,3,2010,1.28
10,3,2011,1.27
10,3,2012,1.26
10,3,2013,1.24
10,3,2014,1.21
10,3,2015,1.18
10,3,2016,1.15
10,3,2017,1.13
10,3,2018,1.12
10,3,2019,1.1
10,3,2020,1.08
10,3,2021,1.08
10,3,2022,1.3
10,3,2023,1.31
11,3,1980,0.8
11,3,1981,0.8
11,3,1982,0.79
11,3,1983,0.79
11,3,1984,0.79
11,3,1985,0.79
11,3,1986,0.79
11,3,1987,0.79
11,3,1988,0.79
11,3,1989,0.79
11,3,1990,0.79
11,3,1991,0.85
11,3,1992,0.78
11,3,1993,0.77
11,3,1994,0.76
11,3,1995,0.74
11,3,1996,0.74
11,3,1997,0.94
11,3,1998,0.73
11,3,1999,0.74
11,3,2000,0.69
11,3,2001,0.69
11,3,2002,0.7
11,3,2003,0.66
11,3,2004,0.66
11,3,2005,0.65
11,3,2006,0.65
11,3,2007,0.66
11,3,2008,0.67
11,3,2009,0.68
11,3,2010,0.67
11,3,2011,0.67
11,3,2012,0.67
11,3,2013,0.66
11,3,2014,0.64
11,3,2015,0.63
11,3,2016,0.59
11,3,2017,0.58
11,3,2018,0.56
11,3,2019,0.55
11,3,2020,0.56
11,3,2021,0.6
11,3,2022,0.54
11,3,2023,0.56
12,3,1980,1.95
12,3,1981,1.9
12,3,1982,1.86
12,3,1983,1.82
12,3,1984,1.78
12,3,1985,1.74
12,3,1986,1.71
12,3,1987,1.69
12,3,1988,1.67
12,3,1989,1.65
12,3,1990,1.64
12,3,1991,1.63
12,3,1992,1.63
12,3,1993,1.62
12,3,1994,1.61
12,3,1995,1.59
12,3,1996,1.57
12,3,1997,1.55
12,3,1998,1.54
12,3,1999,1.51
12,3,2000,1.46
12,3,2001,1.44
12,3,2002,1.41
12,3,2003,1.37
12,3,2004,1.34
12,3,2005,1.32
12,3,2006,1.3
12,3,2007,1.29
12,3,2008,1.31
12,3,2009,1.33
12,3,2010,1.34
12,3,2011,1.35
12,3,2012,1.36
12,3,2013,1.37
12,3,2014,1.38
12,3,2015,1.4
12,3,2016,1.4
12,3,2017,1.4
12,3,2018,1.39
12,3,2019,1.39
12,3,2020,1.43
12,3,2021,1.52
12,3,2022,1.47
12,3,2023,1.48
13,3,1980,0.88
13,3,1981,0.87
13,3,1982,0.86
13,3,1983,0.85
13,3,1984,0.84
13,3,1985,0.84
13,3,1986,0.82
13,3,1987,0.8
13,3,1988,0.8
13,3,1989,1
13,3,1990,0.79
13,3,1991,0.78
13,3,1992,0.79
13,3,1993,0.79
13,3,1994,0.87
13,3,1995,0.83
13,3,1996,0.89
13,3,1997,0.83
13,3,1998,0.83
13,3,1999,0.89
13,3,2000,0.86
13,3,2001,0.84
13,3,2002,0.83
13,3,2003,0.84
13,3,2004,0.82
13,3,2005,0.8
13,3,2006,0.79
13,3,2007,0.77
13,3,2008,0.77
13,3,2009,0.76
13,3,2010,0.75
13,3,2011,0.74
13,3,2012,0.73
13,3,2013,0.71
13,3,2014,0.7
13,3,2015,0.69
13,3,2016,0.68
13,3,2017,0.76
13,3,2018,0.65
13,3,2019,0.62
13,3,2020,0.59
13,3,2021,0.6
13,3,2022,0.63
13,3,2023,0.52
14,3,1980,2.39
14,3,1981,2.32
14,3,1982,2.29
14,3,1983,2.21
14,3,1984,2.13
14,3,1985,2.02
14,3,1986,2.01
14,3,1987,1.96
14,3,1988,1.93
14,3,1989,1.91
14,3,1990,1.87
14,3,1991,1.83
14,3,1992,1.77
14,3,1993,1.68
14,3,1994,1.57
14,3,1995,1.46
14,3,1996,1.42
14,3,1997,1.33
14,3,1998,1.27
14,3,1999,1.19
14,3,2000,1.14
14,3,2001,1.07
14,3,2002,0.99
14,3,2003,0.93
14,3,2004,0.88
14,3,2005,0.81
14,3,2006,0.78
14,3,2007,0.75
14,3,2008,0.73
14,3,2009,0.71
14,3,2010,0.69
14,3,2011,0.67
14,3,2012,0.65
14,3,2013,0.63
14,3,2014,0.62
14,3,2015,0.61
14,3,2016,0.6
14,3,2017,0.59
14,3,2018,0.58
14,3,2019,0.58
14,3,2020,0.59
14,3,2021,0.57
14,3,2022,2.79
14,3,2023,0.55
15,3,1980,1.15
15,3,1981,1.18
15,3,1982,1.11
15,3,1983,1.1
15,3,1984,1.07
15,3,1985,1.05
15,3,1986,1.04
15,3,1987,1.02
15,3,1988,1.37
15,3,1989,1
15,3,1990,0.99
15,3,1991,1.08
15,3,1992,0.98
15,3,1993,0.97
15,3,1994,0.95
15,3,1995,0.94
15,3,1996,0.92
15,3,1997,0.9
15,3,1998,0.9
15,3,1999,0.88
15,3,2000,0.88
15,3,2001,0.86
15,3,2002,0.84
15,3,2003,0.83
15,3,2004,0.9
15,3,2005,0.82
15,3,2006,0.79
15,3,2007,0.77
15,3,2008,0.77
15,3,2009,0.74
15,3,2010,0.72
15,3,2011,0.71
15,3,2012,0.7
15,3,2013,0.74
15,3,2014,0.72
15,3,2015,0.71
15,3,2016,0.72
15,3,2017,0.75
15,3,2018,0.71
15,3,2019,0.71
15,3,2020,0.73
15,3,2021,0.75
15,3,2022,0.72
15,3,2023,0.77
16,3,1980,1.19
16,3,1981,1.19
16,3,1982,1.26
16,3,1983,1.29
16,3,1984,1.35
16,3,1985,1.38
16,3,1986,1.3
16,3,1987,1.27
16,3,1988,1.23
16,3,1989,1.18
16,3,1990,1.12
16,3,1991,1.06
16,3,1992,1.04
16,3,1993,1.01
16,3,1994,0.98
16,3,1995,0.98
16,3,1996,1.2
16,3,1997,0.96
16,3,1998,0.99
16,3,1999,0.89
16,3,2000,0.88
16,3,2001,0.99
16,3,2002,0.86
16,3,2003,0.89
16,3,2004,0.83
16,3,2005,0.82
16,3,2006,0.85
16,3,2007,0.8
16,3,2008,0.8
16,3,2009,0.8
16,3,2010,0.82
16,3,2011,0.81
16,3,2012,0.81
16,3,2013,0.77
16,3,2014,0.75
16,3,2015,0.74
16,3,2016,0.74
16,3,2017,0.75
16,3,2018,0.67
16,3,2019,0.63
16,3,2020,0.61
16,3,2021,0.64
16,3,2022,0.59
16,3,2023,0.64
17,3,1980,3.14
17,3,1981,3.08
17,3,1982,3.05
17,3,1983,3.16
17,3,1984,3.21
17,3,1985,3.16
17,3,1986,3.09
17,3,1987,3.05
17,3,1988,2.99
17,3,1989,3.06
17,3,1990,2.97
17,3,1991,2.85
17,3,1992,2.81
17,3,1993,2.72
17,3,1994,2.76
17,3,1995,2.74
17,3,1996,2.8
17,3,1997,2.83
17,3,1998,2.73
17,3,1999,2.67
17,3,2000,2.6
17,3,2001,2.47
17,3,2002,2.34
17,3,2003,2.23
17,3,2004,2.15
17,3,2005,2.01
17,3,2006,1.93
17,3,2007,1.85
17,3,2008,1.85
17,3,2009,1.79
17,3,2010,1.72
17,3,2011,1.66
17,3,2012,1.59
17,3,2013,1.52
17,3,2014,1.45
17,3,2015,1.41
17,3,2016,1.35
17,3,2017,1.3
17,3,2018,1.22
17,3,2019,1.17
17,3,2020,1.02
17,3,2021,0.95
17,3,2022,1.08
17,3,2023,1.27
18,3,1980,1.38
18,3,1981,1.33
18,3,1982,1.28
18,3,1983,1.21
18,3,1984,1.09
18,3,1985,1
18,3,1986,0.93
18,3,1987,0.89
18,3,1988,0.85
18,3,1989,0.85
18,3,1990,0.84
18,3,1991,0.87
18,3,1992,0.82
18,3,1993,0.82
18,3,1994,0.82
18,3,1995,0.83
18,3,1996,0.79
18,3,1997,0.9
18,3,1998,0.72
18,3,1999,0.76
18,3,2000,0.79
18,3,2001,0.81
18,3,2002,0.83
18,3,2003,0.85
18,3,2004,0.85
18,3,2005,0.84
18,3,2006,0.85
18,3,2007,0.85
18,3,2008,0.86
18,3,2009,0.95
18,3,2010,0.84
18,3,2011,0.84
18,3,2012,0.83
18,3,2013,0.86
18,3,2014,0.79
18,3,2015,0.77
18,3,2016,0.77
18,3,2017,0.71
18,3,2018,0.69
18,3,2019,0.68
18,3,2020,0.68
18,3,2021,0.68
18,3,2022,0.72
18,3,2023,0.6
19,3,1980,2.44
19,3,1981,2.4
19,3,1982,2.35
19,3,1983,2.29
19,3,1984,2.24
19,3,1985,2.19
19,3,1986,2.13
19,3,1987,2.09
19,3,1988,2.05
19,3,1989,2.03
19,3,1990,2.01
19,3,1991,1.98
19,3,1992,1.95
19,3,1993,1.93
19,3,1994,1.89
19,3,1995,1.83
19,3,1996,1.79
19,3,1997,1.73
19,3,1998,1.69
19,3,1999,1.64
19,3,2000,1.62
19,3,2001,1.57
19,3,2002,1.47
19,3,2003,1.46
19,3,2004,1.33
19,3,2005,1.34
19,3,2006,1.31
19,3,2007,1.3
19,3,2008,1.27
19,3,2009,1.3
19,3,2010,1.28
19,3,2011,1.33
19,3,2012,1.34
19,3,2013,1.32
19,3,2014,1.31
19,3,2015,1.28
19,3,2016,1.27
19,3,2017,1.26
19,3,2018,1.25
19,3,2019,1.24
19,3,2020,1.27
19,3,2021,1.32
19,3,2022,1.34
19,3,2023,1.3
20,3,1980,1.14
20,3,1981,1.15
20,3,1982,1.15
20,3,1983,1.15
20,3,1984,1.15
20,3,1985,1.15
20,3,1986,1.15
20,3,1987,1.15
20,3,1988,1.16
20,3,1989,1.17
20,3,1990,1.17
20,3,1991,1.17
20,3,1992,1.17
20,3,1993,1.15
20,3,1994,1.14
20,3,1995,1.11
20,3,1996,1.09
20,3,1997,1.07
20,3,1998,1.04
20,3,1999,1.01
20,3,2000,0.97
20,3,2001,0.94
20,3,2002,0.99
20,3,2003,0.89
20,3,2004,0.87
20,3,2005,0.83
20,3,2006,0.79
20,3,2007,0.76
20,3,2008,0.68
20,3,2009,0.66
20,3,2010,0.64
20,3,2011,0.65
20,3,2012,0.61
20,3,2013,0.6
20,3,2014,0.59
20,3,2015,0.59
20,3,2016,0.6
20,3,2017,0.59
20,3,2018,0.61
20,3,2019,0.6
20,3,2020,0.59
20,3,2021,0.56
20,3,2022,0.61
20,3,2023,0.67
22,3,1980,4.95
22,3,1981,4.97
22,3,1982,4.76
22,3,1983,4.57
22,3,1984,4.37
22,3,1985,4.32
22,3,1986,4.24
22,3,1987,4.11
22,3,1988,3.99
22,3,1989,3.89
22,3,1990,3.81
22,3,1991,3.74
22,3,1992,3.64
22,3,1993,3.56
22,3,1994,3.47
22,3,1995,3.4
22,3,1996,3.35
22,3,1997,3.31
22,3,1998,3.27
22,3,1999,3.25
22,3,2000,3.24
22,3,2001,3.16
22,3,2002,3.09
22,3,2003,3.09
22,3,2004,3.1
22,3,2005,3.17
22,3,2006,3.19
22,3,2007,3.22
22,3,2008,3.24
22,3,2009,3.18
22,3,2010,3.16
22,3,2011,3.11
22,3,2012,3.07
22,3,2013,3
22,3,2014,2.95
22,3,2015,2.91
22,3,2016,2.85
22,3,2017,2.78
22,3,2018,2.72
22,3,2019,2.7
22,3,2020,2.69
22,3,2021,2.76
22,3,2022,2.52
22,3,2023,2.34
23,3,1980,0.09
23,3,1981,0.09
23,3,1982,0.09
23,3,1983,0.09
23,3,1984,0.09
23,3,1985,0.09
23,3,1986,0.08
23,3,1987,0.08
23,3,1988,0.08
23,3,1989,0.08
23,3,1990,0.08
23,3,1991,0.08
23,3,1992,0.08
23,3,1993,0.09
23,3,1994,0.11
23,3,1995,0.14
23,3,1996,0.14
23,3,1997,0.14
23,3,1998,0.14
23,3,1999,0.15
23,3,2000,0.16
23,3,2001,0.16
23,3,2002,0.16
23,3,2003,0.15
23,3,2004,0.14
23,3,2005,0.13
23,3,2006,0.13
23,3,2007,0.13
23,3,2008,0.12
23,3,2009,0.12
23,3,2010,0.11
23,3,2011,0.1
23,3,2012,0.1
23,3,2013,0.09
23,3,2014,0.08
23,3,2015,0.08
23,3,2016,0.08
23,3,2017,0.07
23,3,2018,0.07
23,3,2019,0.07
23,3,2020,0.07
23,3,2021,0.07
23,3,2022,0.06
23,3,2023,0.07
24,3,1980,0.96
24,3,1981,0.94
24,3,1982,0.92
24,3,1983,0.93
24,3,1984,0.92
24,3,1985,0.91
24,3,1986,0.9
24,3,1987,0.89
24,3,1988,0.88
24,3,1989,0.89
24,3,1990,0.89
24,3,1991,0.89
24,3,1992,0.89
24,3,1993,0.88
24,3,1994,0.85
24,3,1995,0.84
24,3,1996,0.83
24,3,1997,0.82
24,3,1998,0.82
24,3,1999,0.81
24,3,2000,0.81
24,3,2001,0.81
24,3,2002,0.82
24,3,2003,0.82
24,3,2004,0.83
24,3,2005,0.83
24,3,2006,0.83
24,3,2007,0.83
24,3,2008,0.84
24,3,2009,0.85
24,3,2010,0.87
24,3,2011,0.87
24,3,2012,0.87
24,3,2013,0.86
24,3,2014,0.85
24,3,2015,0.83
24,3,2016,0.81
24,3,2017,0.8
24,3,2018,0.78
24,3,2019,0.76
24,3,2020,0.76
24,3,2021,0.76
24,3,2022,0.7
24,3,2023,0.69
25,3,1980,2.98
25,3,1981,2.91
25,3,1982,2.85
25,3,1983,2.79
25,3,1984,2.73
25,3,1985,2.65
25,3,1986,2.58
25,3,1987,2.51
25,3,1988,2.44
25,3,1989,2.38
25,3,1990,2.34
25,3,1991,2.3
25,3,1992,2.25
25,3,1993,2.2
25,3,1994,2.16
25,3,1995,2.12
25,3,1996,2.08
25,3,1997,2.04
25,3,1998,2
25,3,1999,1.96
25,3,2000,1.93
25,3,2001,1.88
25,3,2002,1.86
25,3,2003,1.79
25,3,2004,1.73
25,3,2005,1.7
25,3,2006,1.65
25,3,2007,1.6
25,3,2008,1.56
25,3,2009,1.53
25,3,2010,1.5
25,3,2011,1.5
25,3,2012,1.48
25,3,2013,1.46
25,3,2014,1.42
25,3,2015,1.37
25,3,2016,1.36
25,3,2017,1.34
25,3,2018,1.28
25,3,2019,1.25
25,3,2020,1.18
25,3,2021,1.13
25,3,2022,0.99
25,3,2023,0.95
26,3,1980,4.87
26,3,1981,4.84
26,3,1982,4.76
26,3,1983,4.73
26,3,1984,4.71
26,3,1985,4.7
26,3,1986,4.68
26,3,1987,4.62
26,3,1988,4.58
26,3,1989,4.57
26,3,1990,4.56
26,3,1991,4.56
26,3,1992,4.53
26,3,1993,4.52
26,3,1994,4.52
26,3,1995,4.49
26,3,1996,4.5
26,3,1997,4.84
26,3,1998,5.67
26,3,1999,4.54
26,3,2000,4.51
26,3,2001,4.44
26,3,2002,4.39
26,3,2003,4.29
26,3,2004,4.24
26,3,2005,4.31
26,3,2006,4.35
26,3,2007,4.36
26,3,2008,4.3
26,3,2009,4.2
26,3,2010,4.25
26,3,2011,4.28
26,3,2012,4.25
26,3,2013,4.13
26,3,2014,4.11
26,3,2015,4.15
26,3,2016,4.08
26,3,2017,4.09
26,3,2018,4.03
26,3,2019,4.13
26,3,2020,4.24
26,3,2021,4.75
26,3,2022,4.39
26,3,2023,4.15
27,3,1980,1.79
27,3,1981,1.77
27,3,1982,1.76
27,3,1983,1.75
27,3,1984,1.72
27,3,1985,1.7
27,3,1986,1.68
27,3,1987,1.65
27,3,1988,1.62
27,3,1989,1.61
27,3,1990,1.59
27,3,1991,1.58
27,3,1992,1.58
27,3,1993,1.57
27,3,1994,1.57
27,3,1995,1.57
27,3,1996,1.57
27,3,1997,1.57
27,3,1998,1.58
27,3,1999,1.63
27,3,2000,1.64
27,3,2001,1.64
27,3,2002,1.64
27,3,2003,1.63
27,3,2004,1.63
27,3,2005,1.63
27,3,2006,1.61
27,3,2007,1.6
27,3,2008,1.59
27,3,2009,1.58
27,3,2010,1.58
27,3,2011,1.56
27,3,2012,1.55
27,3,2013,1.53
27,3,2014,1.5
27,3,2015,1.46
27,3,2016,1.44
27,3,2017,1.41
27,3,2018,1.38
27,3,2019,1.31
27,3,2020,1.34
27,3,2021,1.3
27,3,2022,1.25
27,3,2023,1.36
28,3,1980,2.13
28,3,1981,2.1
28,3,1982,2.06
28,3,1983,2.03
28,3,1984,2.01
28,3,1985,1.98
28,3,1986,1.95
28,3,1987,1.93
28,3,1988,1.9
28,3,1989,1.86
28,3,1990,1.87
28,3,1991,1.88
28,3,1992,1.84
28,3,1993,1.84
28,3,1994,1.82
28,3,1995,1.8
28,3,1996,1.78
28,3,1997,1.77
28,3,1998,1.83
28,3,1999,1.86
28,3,2000,1.85
28,3,2001,1.81
28,3,2002,1.79
28,3,2003,1.75
28,3,2004,1.7
28,3,2005,1.7
28,3,2006,1.71
28,3,2007,1.73
28,3,2008,1.72
28,3,2009,1.77
28,3,2010,1.76
28,3,2011,1.83
28,3,2012,1.82
28,3,2013,1.85
28,3,2014,1.87
28,3,2015,1.91
28,3,2016,1.9
28,3,2017,1.9
28,3,2018,1.87
28,3,2019,1.86
28,3,2020,1.84
28,3,2021,1.83
28,3,2022,1.73
28,3,2023,1.69
29,3,1980,4.97
29,3,1981,4.87
29,3,1982,4.75
29,3,1983,4.64
29,3,1984,4.52
29,3,1985,4.41
29,3,1986,4.3
29,3,1987,4.21
29,3,1988,4.12
29,3,1989,4.06
29,3,1990,3.98
29,3,1991,3.91
29,3,1992,3.81
29,3,1993,3.77
29,3,1994,3.72
29,3,1995,3.61
29,3,1996,3.54
29,3,1997,3.48
29,3,1998,3.49
29,3,1999,3.66
29,3,2000,3.58
29,3,2001,3.42
29,3,2002,3.33
29,3,2003,3.26
29,3,2004,3.14
29,3,2005,3.03
29,3,2006,3.05
29,3,2007,3.03
29,3,2008,3.03
29,3,2009,3.04
29,3,2010,3
29,3,2011,2.95
29,3,2012,2.91
29,3,2013,2.87
29,3,2014,2.8
29,3,2015,2.73
29,3,2016,2.67
29,3,2017,2.61
29,3,2018,2.55
29,3,2019,2.47
29,3,2020,2.48
29,3,2021,2.42
29,3,2022,2.25
29,3,2023,2.12
30,3,1980,1.46
30,3,1981,1.43
30,3,1982,1.44
30,3,1983,1.36
30,3,1984,1.33
30,3,1985,1.32
30,3,1986,1.31
30,3,1987,1.28
30,3,1988,1.27
30,3,1989,1.25
30,3,1990,1.25
30,3,1991,1.28
30,3,1992,1.3
30,3,1993,1.31
30,3,1994,1.33
30,3,1995,1.3
30,3,1996,1.3
30,3,1997,1.29
30,3,1998,1.28
30,3,1999,1.32
30,3,2000,1.28
30,3,2001,1.28
30,3,2002,1.21
30,3,2003,1.16
30,3,2004,1.11
30,3,2005,1.12
30,3,2006,1.11
30,3,2007,1.14
30,3,2008,1.15
30,3,2009,1.13
30,3,2010,1.13
30,3,2011,1.13
30,3,2012,1.12
30,3,2013,1.12
30,3,2014,1.13
30,3,2015,1.12
30,3,2016,1.15
30,3,2017,1.14
30,3,2018,1.12
30,3,2019,1.1
30,3,2020,1.08
30,3,2021,1.08
30,3,2022,1.01
30,3,2023,1.01
33,3,1980,5.99
33,3,1981,5.92
33,3,1982,5.66
33,3,1983,5.64
33,3,1984,5.57
33,3,1985,5.43
33,3,1986,5.27
33,3,1987,5.36
33,3,1988,5.91
33,3,1989,6.02
33,3,1990,5.75
33,3,1991,5.72
33,3,1992,6.15
33,3,1993,6.86
33,3,1994,6.72
33,3,1995,5.81
33,3,1996,5.07
33,3,1997,4.62
33,3,1998,4.18
33,3,1999,3.59
33,3,2000,3.32
33,3,2001,3.36
33,3,2002,3.18
33,3,2003,3.18
33,3,2004,2.87
33,3,2005,2.3
33,3,2006,2.09
33,3,2007,2.07
33,3,2008,1.92
33,3,2009,1.79
33,3,2010,1.76
33,3,2011,1.75
33,3,2012,1.8
33,3,2013,1.78
33,3,2014,1.71
33,3,2015,1.6
33,3,2016,1.51
33,3,2017,1.43
33,3,2018,1.31
33,3,2019,1.34
33,3,2020,1.51
33,3,2021,1.5
33,3,2022,1.19
33,3,2023,1.55
34,3,1980,8.03
34,3,1981,7.83
34,3,1982,7.62
34,3,1983,7.48
34,3,1984,7.48
34,3,1985,7.43
34,3,1986,7.49
34,3,1987,7.53
34,3,1988,7.59
34,3,1989,7.63
34,3,1990,7.77
34,3,1991,7.99
34,3,1992,8.3
34,3,1993,8.39
34,3,1994,8.67
34,3,1995,8.27
34,3,1996,7.9
34,3,1997,7.44
34,3,1998,6.99
34,3,1999,6.57
34,3,2000,6.21
34,3,2001,5.88
34,3,2002,5.64
34,3,2003,5.5
34,3,2004,5.3
34,3,2005,5.23
34,3,2006,5.1
34,3,2007,4.95
34,3,2008,4.96
34,3,2009,4.93
34,3,2010,4.92
34,3,2011,4.86
34,3,2012,4.84
34,3,2013,4.82
34,3,2014,4.79
34,3,2015,4.86
34,3,2016,4.65
34,3,2017,4.63
34,3,2018,4.81
34,3,2019,4.54
34,3,2020,4.75
34,3,2021,4.58
34,3,2022,4.57
34,3,2023,4.42
35,3,1980,7.1
35,3,1981,6.82
35,3,1982,6.62
35,3,1983,6.52
35,3,1984,6.55
35,3,1985,6.44
35,3,1986,6.53
35,3,1987,6.61
35,3,1988,6.54
35,3,1989,7.09
35,3,1990,7.06
35,3,1991,6.9
35,3,1992,7.26
35,3,1993,7.17
35,3,1994,7.23
35,3,1995,7.6
35,3,1996,7.57
35,3,1997,7.3
35,3,1998,7.42
35,3,1999,7.36
35,3,2000,6.37
35,3,2001,6.02
35,3,2002,5.62
35,3,2003,4.63
35,3,2004,4.25
35,3,2005,3.9
35,3,2006,3.4
35,3,2007,3.32
35,3,2008,3.33
35,3,2009,3.16
35,3,2010,3.14
35,3,2011,3.25
35,3,2012,3.12
35,3,2013,3.07
35,3,2014,3.1
35,3,2015,2.99
35,3,2016,2.9
35,3,2017,3.76
35,3,2018,2.83
35,3,2019,2.6
35,3,2020,2.88
35,3,2021,2.84
35,3,2022,2.85
35,3,2023,3.34
36,3,1980,5.83
36,3,1981,5.75
36,3,1982,5.39
36,3,1983,5.28
36,3,1984,5.34
36,3,1985,5.22
36,3,1986,5.08
36,3,1987,5.04
36,3,1988,5.12
36,3,1989,5.45
36,3,1990,5.41
36,3,1991,4.51
36,3,1992,4.77
36,3,1993,5.55
36,3,1994,6.11
36,3,1995,6.56
36,3,1996,6.66
36,3,1997,6.53
36,3,1998,6.01
36,3,1999,5.4
36,3,2000,5.47
36,3,2001,5.47
36,3,2002,5.07
36,3,2003,5.06
36,3,2004,4.63
36,3,2005,4.39
36,3,2006,4
36,3,2007,3.68
36,3,2008,3.35
36,3,2009,3.03
36,3,2010,3.06
36,3,2011,3.06
36,3,2012,3.09
36,3,2013,2.84
36,3,2014,2.68
36,3,2015,2.49
36,3,2016,2.37
36,3,2017,2.32
36,3,2018,2.38
36,3,2019,2.31
36,3,2020,2.66
36,3,2021,2.88
36,3,2022,2.66
36,3,2023,2.49
37,3,1980,4.89
37,3,1981,4.72
37,3,1982,4.61
37,3,1983,4.49
37,3,1984,4.43
37,3,1985,4.2
37,3,1986,4.26
37,3,1987,4.23
37,3,1988,4.06
37,3,1989,4.59
37,3,1990,4.75
37,3,1991,4.82
37,3,1992,4.87
37,3,1993,5.55
37,3,1994,5.92
37,3,1995,6.13
37,3,1996,5.83
37,3,1997,5.57
37,3,1998,5.21
37,3,1999,4.62
37,3,2000,4.1
37,3,2001,3.91
37,3,2002,3.88
37,3,2003,3.88
37,3,2004,3.45
37,3,2005,3.24
37,3,2006,2.95
37,3,2007,2.73
37,3,2008,2.45
37,3,2009,2.2
37,3,2010,2.16
37,3,2011,2.11
37,3,2012,2.05
37,3,2013,1.92
37,3,2014,1.79
37,3,2015,1.61
37,3,2016,1.51
37,3,2017,1.46
37,3,2018,1.37
37,3,2019,1.19
37,3,2020,1
37,3,2021,0.88
37,3,2022,0.87
37,3,2023,0.94
38,3,1980,5.59
38,3,1981,5.63
38,3,1982,5.64
38,3,1983,5.62
38,3,1984,5.4
38,3,1985,5.53
38,3,1986,5.34
38,3,1987,5.13
38,3,1988,5.13
38,3,1989,5.09
38,3,1990,5.11
38,3,1991,5.18
38,3,1992,5.15
38,3,1993,4.98
38,3,1994,4.8
38,3,1995,4.78
38,3,1996,6.14
38,3,1997,4.63
38,3,1998,4.41
38,3,1999,4.21
38,3,2000,3.95
38,3,2001,3.72
38,3,2002,3.62
38,3,2003,3.54
38,3,2004,3.48
38,3,2005,3.41
38,3,2006,3.36
38,3,2007,3.26
38,3,2008,3.12
38,3,2009,3.14
38,3,2010,3.18
38,3,2011,3.17
38,3,2012,2.96
38,3,2013,2.76
38,3,2014,2.59
38,3,2015,2.44
38,3,2016,2.32
38,3,2017,2.33
38,3,2018,2.24
38,3,2019,2.17
38,3,2020,2.1
38,3,2021,2.04
38,3,2022,1.96
38,3,2023,1.83
39,3,1980,5.73
39,3,1981,5.55
39,3,1982,5.48
39,3,1983,5.41
39,3,1984,5.35
39,3,1985,5.25
39,3,1986,5.25
39,3,1987,5.34
39,3,1988,5.48
39,3,1989,5.66
39,3,1990,5.84
39,3,1991,6.02
39,3,1992,6.39
39,3,1993,6.45
39,3,1994,6.69
39,3,1995,6.54
39,3,1996,6.21
39,3,1997,5.8
39,3,1998,5.43
39,3,1999,5.1
39,3,2000,4.77
39,3,2001,4.5
39,3,2002,4.28
39,3,2003,4.02
39,3,2004,3.79
39,3,2005,3.53
39,3,2006,3.61
39,3,2007,3.05
39,3,2008,2.86
39,3,2009,2.67
39,3,2010,2.49
39,3,2011,2.32
39,3,2012,2.2
39,3,2013,2.08
39,3,2014,2.03
39,3,2015,1.96
39,3,2016,1.92
39,3,2017,1.85
39,3,2018,1.81
39,3,2019,1.79
39,3,2020,2.09
39,3,2021,2.14
39,3,2022,2.21
39,3,2023,2.06
40,3,1980,6.26
40,3,1981,6.19
40,3,1982,6.27
40,3,1983,6.28
40,3,1984,6.44
40,3,1985,6.44
40,3,1986,6.48
40,3,1987,6.15
40,3,1988,6.06
40,3,1989,6.94
40,3,1990,7.15
40,3,1991,6.84
40,3,1992,7.26
40,3,1993,8.01
40,3,1994,8.49
40,3,1995,8.48
40,3,1996,8.74
40,3,1997,9.01
40,3,1998,8.84
40,3,1999,7.82
40,3,2000,7
40,3,2001,6.73
40,3,2002,6.46
40,3,2003,6.43
40,3,2004,5.92
40,3,2005,5.49
40,3,2006,5.3
40,3,2007,4.8
40,3,2008,4.1
40,3,2009,3.48
40,3,2010,3.25
40,3,2011,3.07
40,3,2012,2.97
40,3,2013,3.03
40,3,2014,2.94
40,3,2015,2.79
40,3,2016,2.76
40,3,2017,2.74
40,3,2018,2.71
40,3,2019,2.7
40,3,2020,2.95
40,3,2021,2.83
40,3,2022,2.67
40,3,2023,2.52
41,3,1980,5.2
41,3,1981,5.12
41,3,1982,4.99
41,3,1983,4.83
41,3,1984,4.64
41,3,1985,4.51
41,3,1986,4.58
41,3,1987,4.53
41,3,1988,4.54
41,3,1989,4.91
41,3,1990,4.86
41,3,1991,4.84
41,3,1992,4.65
41,3,1993,4.88
41,3,1994,5.04
41,3,1995,5.34
41,3,1996,5.79
41,3,1997,5.68
41,3,1998,5.28
41,3,1999,4.78
41,3,2000,4.71
41,3,2001,4.63
41,3,2002,4.54
41,3,2003,4.28
41,3,2004,3.73
41,3,2005,3.47
41,3,2006,3.3
41,3,2007,2.88
41,3,2008,2.47
41,3,2009,2.32
41,3,2010,2.26
41,3,2011,2.23
41,3,2012,2.24
41,3,2013,2.22
41,3,2014,2.15
41,3,2015,2.15
41,3,2016,2.05
41,3,2017,2.04
41,3,2018,1.96
41,3,2019,1.75
41,3,2020,1.94
41,3,2021,1.92
41,3,2022,1.7
41,3,2023,1.52
43,3,1980,1.09
43,3,1981,1.07
43,3,1982,1.08
43,3,1983,1.08
43,3,1984,1.07
43,3,1985,1.05
43,3,1986,1.05
43,3,1987,1.05
43,3,1988,1.05
43,3,1989,0.97
43,3,1990,0.99
43,3,1991,1.05
43,3,1992,1.03
43,3,1993,1.01
43,3,1994,0.97
43,3,1995,0.96
43,3,1996,0.96
43,3,1997,0.94
43,3,1998,0.92
43,3,1999,0.88
43,3,2000,0.86
43,3,2001,0.82
43,3,2002,0.8
43,3,2003,0.79
43,3,2004,0.76
43,3,2005,0.72
43,3,2006,0.68
43,3,2007,0.62
43,3,2008,0.59
43,3,2009,0.55
43,3,2010,0.53
43,3,2011,0.51
43,3,2012,0.49
43,3,2013,0.48
43,3,2014,0.47
43,3,2015,0.46
43,3,2016,0.46
43,3,2017,0.45
43,3,2018,0.44
43,3,2019,0.45
43,3,2020,0.43
43,3,2021,0.43
43,3,2022,0.42
43,3,2023,0.37
44,3,1980,1.38
44,3,1981,1.36
44,3,1982,1.35
44,3,1983,1.36
44,3,1984,1.31
44,3,1985,1.18
44,3,1986,1.14
44,3,1987,1.11
44,3,1988,1.09
44,3,1989,1.07
44,3,1990,1.01
44,3,1991,1.04
44,3,1992,1.02
44,3,1993,1.01
44,3,1994,1
44,3,1995,0.99
44,3,1996,0.98
44,3,1997,0.96
44,3,1998,0.95
44,3,1999,0.95
44,3,2000,0.97
44,3,2001,0.98
44,3,2002,1
44,3,2003,1.02
44,3,2004,1.02
44,3,2005,1.06
44,3,2006,1.04
44,3,2007,1.08
44,3,2008,1.03
44,3,2009,1.01
44,3,2010,0.97
44,3,2011,0.92
44,3,2012,0.89
44,3,2013,0.86
44,3,2014,0.81
44,3,2015,0.8
44,3,2016,0.79
44,3,2017,0.76
44,3,2018,0.74
44,3,2019,0.74
44,3,2020,0.72
44,3,2021,0.7
44,3,2022,0.7
44,3,2023,0.64
45,3,1980,1.4
45,3,1981,1.43
45,3,1982,1.47
45,3,1983,1.54
45,3,1984,1.69
45,3,1985,1.82
45,3,1986,1.76
45,3,1987,1.78
45,3,1988,1.75
45,3,1989,1.7
45,3,1990,1.75
45,3,1991,1.77
45,3,1992,1.92
45,3,1993,1.93
45,3,1994,1.92
45,3,1995,1.83
45,3,1996,1.82
45,3,1997,1.77
45,3,1998,1.62
45,3,1999,1.48
45,3,2000,1.45
45,3,2001,1.49
45,3,2002,1.47
45,3,2003,1.44
45,3,2004,1.39
45,3,2005,1.45
45,3,2006,1.5
45,3,2007,1.52
45,3,2008,1.37
45,3,2009,1.28
45,3,2010,1.21
45,3,2011,1.27
45,3,2012,1.23
45,3,2013,1.1
45,3,2014,1.05
45,3,2015,1.08
45,3,2016,1.13
45,3,2017,1.19
45,3,2018,1.13
45,3,2019,1.14
45,3,2020,1.13
45,3,2021,1.24
45,3,2022,1.15
45,3,2023,1.11
46,3,1980,1.64
46,3,1981,1.61
46,3,1982,1.58
46,3,1983,1.6
46,3,1984,1.55
46,3,1985,1.46
46,3,1986,1.37
46,3,1987,1.4
46,3,1988,1.3
46,3,1989,1.28
46,3,1990,1.25
46,3,1991,1.25
46,3,1992,1.27
46,3,1993,1.25
46,3,1994,1.21
46,3,1995,1.17
46,3,1996,1.17
46,3,1997,1.11
46,3,1998,1.03
46,3,1999,0.96
46,3,2000,1.11
46,3,2001,0.94
46,3,2002,0.92
46,3,2003,0.92
46,3,2004,0.86
46,3,2005,0.88
46,3,2006,0.89
46,3,2007,1.15
46,3,2008,0.83
46,3,2009,0.78
46,3,2010,0.75
46,3,2011,0.79
46,3,2012,0.75
46,3,2013,0.66
46,3,2014,0.63
46,3,2015,0.64
46,3,2016,0.61
46,3,2017,0.66
46,3,2018,0.66
46,3,2019,0.65
46,3,2020,0.63
46,3,2021,0.66
46,3,2022,0.63
46,3,2023,0.61
47,3,1980,1.24
47,3,1981,1.21
47,3,1982,1.19
47,3,1983,1.2
47,3,1984,1.19
47,3,1985,1.16
47,3,1986,1.15
47,3,1987,1.11
47,3,1988,1.02
47,3,1989,1
47,3,1990,1.05
47,3,1991,1.05
47,3,1992,1.05
47,3,1993,0.99
47,3,1994,0.94
47,3,1995,0.92
47,3,1996,0.89
47,3,1997,0.86
47,3,1998,0.78
47,3,1999,0.72
47,3,2000,0.71
47,3,2001,0.69
47,3,2002,0.69
47,3,2003,0.69
47,3,2004,0.66
47,3,2005,0.66
47,3,2006,0.67
47,3,2007,0.64
47,3,2008,0.6
47,3,2009,0.56
47,3,2010,0.56
47,3,2011,0.57
47,3,2012,0.54
47,3,2013,0.49
47,3,2014,0.47
47,3,2015,0.46
47,3,2016,0.47
47,3,2017,0.48
47,3,2018,0.49
47,3,2019,0.49
47,3,2020,0.55
47,3,2021,0.52
47,3,2022,0.51
47,3,2023,0.49
48,3,1980,1.96
48,3,1981,2.02
48,3,1982,2.11
48,3,1983,2.39
48,3,1984,2.54
48,3,1985,2.62
48,3,1986,2.53
48,3,1987,2.56
48,3,1988,2.44
48,3,1989,2.37
48,3,1990,2.4
48,3,1991,2.48
48,3,1992,2.55
48,3,1993,2.6
48,3,1994,2.5
48,3,1995,2.35
48,3,1996,2.21
48,3,1997,2.08
48,3,1998,1.89
48,3,1999,1.77
48,3,2000,1.69
48,3,2001,1.69
48,3,2002,1.65
48,3,2003,1.66
48,3,2004,1.59
48,3,2005,1.6
48,3,2006,1.56
48,3,2007,1.52
48,3,2008,1.41
48,3,2009,1.31
48,3,2010,1.26
48,3,2011,1.26
48,3,2012,1.19
48,3,2013,1.05
48,3,2014,0.96
48,3,2015,0.95
48,3,2016,0.98
48,3,2017,1.07
48,3,2018,1.08
48,3,2019,1.04
48,3,2020,0.99
48,3,2021,1.06
48,3,2022,1.07
48,3,2023,1.06
49,3,1980,1.01
49,3,1981,0.99
49,3,1982,0.97
49,3,1983,1
49,3,1984,0.97
49,3,1985,0.94
49,3,1986,0.92
49,3,1987,0.92
49,3,1988,0.9
49,3,1989,0.88
49,3,1990,0.84
49,3,1991,0.82
49,3,1992,0.82
49,3,1993,0.8
49,3,1994,0.79
49,3,1995,0.78
49,3,1996,0.77
49,3,1997,0.76
49,3,1998,0.75
49,3,1999,0.73
49,3,2000,0.71
49,3,2001,0.69
49,3,2002,0.68
49,3,2003,0.66
49,3,2004,0.64
49,3,2005,0.62
49,3,2006,0.62
49,3,2007,0.67
49,3,2008,0.6
49,3,2009,0.6
49,3,2010,0.59
49,3,2011,0.57
49,3,2012,0.57
49,3,2013,0.54
49,3,2014,0.54
49,3,2015,0.53
49,3,2016,0.52
49,3,2017,0.5
49,3,2018,0.49
49,3,2019,0.48
49,3,2020,0.49
49,3,2021,1.13
49,3,2022,0.45
49,3,2023,0.43
50,3,1980,3.34
50,3,1981,3.31
50,3,1982,3.29
50,3,1983,3.3
50,3,1984,3.24
50,3,1985,3.13
50,3,1986,3
50,3,1987,2.87
50,3,1988,2.74
50,3,1989,2.63
50,3,1990,2.5
50,3,1991,2.4
50,3,1992,2.33
50,3,1993,2.27
50,3,1994,2.22
50,3,1995,2.13
50,3,1996,2.1
50,3,1997,2.06
50,3,1998,2.05
50,3,1999,2.04
50,3,2000,1.98
50,3,2001,1.93
50,3,2002,1.88
50,3,2003,1.86
50,3,2004,1.8
50,3,2005,1.76
50,3,2006,1.74
50,3,2007,1.71
50,3,2008,1.71
50,3,2009,1.74
50,3,2010,1.76
50,3,2011,1.76
50,3,2012,1.75
50,3,2013,1.74
50,3,2014,1.69
50,3,2015,1.67
50,3,2016,1.65
50,3,2017,1.6
50,3,2018,1.54
50,3,2019,1.51
50,3,2020,1.41
50,3,2021,1.44
50,3,2022,1.39
50,3,2023,1.35
51,3,1980,1.5
51,3,1981,1.38
51,3,1982,1.37
51,3,1983,1.41
51,3,1984,1.61
51,3,1985,1.68
51,3,1986,1.65
51,3,1987,1.72
51,3,1988,1.64
51,3,1989,1.64
51,3,1990,1.65
51,3,1991,1.88
51,3,1992,2.07
51,3,1993,1.83
51,3,1994,1.92
51,3,1995,1.75
51,3,1996,1.77
51,3,1997,1.73
51,3,1998,1.65
51,3,1999,1.61
51,3,2000,1.48
51,3,2001,1.45
51,3,2002,1.5
51,3,2003,1.55
51,3,2004,1.51
51,3,2005,1.62
51,3,2006,1.64
51,3,2007,1.59
51,3,2008,1.53
51,3,2009,1.56
51,3,2010,1.44
51,3,2011,1.48
51,3,2012,1.43
51,3,2013,1.27
51,3,2014,1.14
51,3,2015,1.08
51,3,2016,1.04
51,3,2017,1.07
51,3,2018,1.14
51,3,2019,1.16
51,3,2020,1.15
51,3,2021,1.13
51,3,2022,1.18
51,3,2023,1.07
52,3,1980,2.53
52,3,1981,2.52
52,3,1982,2.51
52,3,1983,2.69
52,3,1984,2.95
52,3,1985,3.07
52,3,1986,3.12
52,3,1987,3.25
52,3,1988,3.15
52,3,1989,2.92
52,3,1990,2.83
52,3,1991,2.91
52,3,1992,3.18
52,3,1993,3.19
52,3,1994,3.38
52,3,1995,3.43
52,3,1996,3.41
52,3,1997,3.2
52,3,1998,2.76
52,3,1999,2.46
52,3,2000,2.32
52,3,2001,2.27
52,3,2002,2.19
52,3,2003,2.17
52,3,2004,1.96
52,3,2005,1.96
52,3,2006,1.97
52,3,2007,1.98
52,3,2008,1.83
52,3,2009,1.7
52,3,2010,1.69
52,3,2011,1.69
52,3,2012,1.66
52,3,2013,1.5
52,3,2014,1.48
52,3,2015,1.67
52,3,2016,1.53
52,3,2017,1.61
52,3,2018,1.62
52,3,2019,1.62
52,3,2020,1.55
52,3,2021,1.49
52,3,2022,1.52
52,3,2023,1.35
53,3,1980,1.95
53,3,1981,1.97
53,3,1982,1.99
53,3,1983,2.03
53,3,1984,1.98
53,3,1985,1.91
53,3,1986,1.86
53,3,1987,1.81
53,3,1988,1.74
53,3,1989,1.66
53,3,1990,1.6
53,3,1991,1.53
53,3,1992,1.46
53,3,1993,1.41
53,3,1994,1.41
53,3,1995,1.41
53,3,1996,1.4
53,3,1997,1.39
53,3,1998,1.3
53,3,1999,1.3
53,3,2000,1.3
53,3,2001,1.25
53,3,2002,1.21
53,3,2003,1.2
53,3,2004,1.17
53,3,2005,1.15
53,3,2006,1.13
53,3,2007,1.1
53,3,2008,1.06
53,3,2009,1.02
53,3,2010,0.97
53,3,2011,0.93
53,3,2012,0.9
53,3,2013,0.86
53,3,2014,0.84
53,3,2015,0.83
53,3,2016,0.8
53,3,2017,0.79
53,3,2018,0.76
53,3,2019,0.77
53,3,2020,0.78
53,3,2021,0.78
53,3,2022,0.74
53,3,2023,0.64
54,3,1980,1.52
54,3,1981,1.52
54,3,1982,1.5
54,3,1983,1.53
54,3,1984,1.51
54,3,1985,1.49
54,3,1986,1.47
54,3,1987,1.46
54,3,1988,1.45
54,3,1989,1.47
54,3,1990,1.49
54,3,1991,1.46
54,3,1992,1.42
54,3,1993,1.36
54,3,1994,1.3
54,3,1995,1.27
54,3,1996,1.23
54,3,1997,1.24
54,3,1998,1.23
54,3,1999,1.2
54,3,2000,1.27
54,3,2001,1.15
54,3,2002,1.14
54,3,2003,1.14
54,3,2004,1.12
54,3,2005,1.14
54,3,2006,1.14
54,3,2007,1.34
54,3,2008,1.12
54,3,2009,1.09
54,3,2010,1.06
54,3,2011,1.04
54,3,2012,1.02
54,3,2013,0.99
54,3,2014,0.98
54,3,2015,1
54,3,2016,0.97
54,3,2017,0.98
54,3,2018,0.99
54,3,2019,0.97
54,3,2020,0.96
54,3,2021,0.98
54,3,2022,0.97
54,3,2023,0.94
55,3,1980,1.04
55,3,1981,1.02
55,3,1982,1.02
55,3,1983,1.01
55,3,1984,0.96
55,3,1985,0.91
55,3,1986,0.87
55,3,1987,0.87
55,3,1988,0.79
55,3,1989,0.74
55,3,1990,0.71
55,3,1991,0.76
55,3,1992,0.8
55,3,1993,0.78
55,3,1994,0.74
55,3,1995,0.72
55,3,1996,0.72
55,3,1997,0.68
55,3,1998,0.62
55,3,1999,0.56
55,3,2000,0.55
55,3,2001,0.56
55,3,2002,0.54
55,3,2003,0.55
55,3,2004,0.51
55,3,2005,0.5
55,3,2006,0.51
55,3,2007,0.5
55,3,2008,0.46
55,3,2009,0.42
55,3,2010,0.41
55,3,2011,0.42
55,3,2012,0.4
55,3,2013,0.36
55,3,2014,0.33
55,3,2015,0.34
55,3,2016,0.33
55,3,2017,0.35
55,3,2018,0.34
55,3,2019,0.34
55,3,2020,0.33
55,3,2021,0.33
55,3,2022,0.32
55,3,2023,0.31
57,3,1980,3.87
57,3,1981,3.82
57,3,1982,3.61
57,3,1983,3.7
57,3,1984,4.04
57,3,1985,3.97
57,3,1986,3.63
57,3,1987,3.54
57,3,1988,3.47
57,3,1989,3.58
57,3,1990,3.83
57,3,1991,4.3
57,3,1992,5.18
57,3,1993,5.94
57,3,1994,6.3
57,3,1995,6.91
57,3,1996,7.3
57,3,1997,7.99
57,3,1998,8.58
57,3,1999,9.25
57,3,2000,9.29
57,3,2001,9.61
57,3,2002,8.72
57,3,2003,8.79
57,3,2004,8.05
57,3,2005,7.54
57,3,2006,7.12
57,3,2007,6.83
57,3,2008,6.38
57,3,2009,6.17
57,3,2010,5.96
57,3,2011,6.03
57,3,2012,5.86
57,3,2013,6.19
57,3,2014,6.23
57,3,2015,5.89
57,3,2016,5.09
57,3,2017,4.23
57,3,2018,4.13
57,3,2019,4.19
57,3,2020,4.54
57,3,2021,4.36
57,3,2022,3.75
57,3,2023,3.63
58,3,1980,6.54
58,3,1981,6.51
58,3,1982,6.24
58,3,1983,6.38
58,3,1984,6.82
58,3,1985,6.76
58,3,1986,6.02
58,3,1987,6.07
58,3,1988,5.86
58,3,1989,5.85
58,3,1990,6.59
58,3,1991,7.4
58,3,1992,8.51
58,3,1993,10.05
58,3,1994,10.96
58,3,1995,11.45
58,3,1996,11.08
58,3,1997,10.4
58,3,1998,10.38
58,3,1999,10.15
58,3,2000,9.97
58,3,2001,10.5
58,3,2002,10.24
58,3,2003,10.01
58,3,2004,9.48
58,3,2005,8.74
58,3,2006,8.4
58,3,2007,7.68
58,3,2008,6.57
58,3,2009,5.93
58,3,2010,5.46
58,3,2011,5.23
58,3,2012,4.52
58,3,2013,3.98
58,3,2014,3.73
58,3,2015,3.34
58,3,2016,2.98
58,3,2017,2.71
58,3,2018,2.64
58,3,2019,2.32
58,3,2020,2.16
58,3,2021,2.16
58,3,2022,2.35
58,3,2023,2.24
59,3,1980,6.58
59,3,1981,6.38
59,3,1982,6.34
59,3,1983,6.59
59,3,1984,6.78
59,3,1985,6.47
59,3,1986,5.96
59,3,1987,5.88
59,3,1988,5.86
59,3,1989,6.21
59,3,1990,6.94
59,3,1991,7.99
59,3,1992,9.64
59,3,1993,12.42
59,3,1994,14.51
59,3,1995,13.77
59,3,1996,10.99
59,3,1997,9.4
59,3,1998,9.6
59,3,1999,9.91
59,3,2000,9.64
59,3,2001,9.98
59,3,2002,10.19
59,3,2003,9.96
59,3,2004,9.32
59,3,2005,8.92
59,3,2006,8.8
59,3,2007,7.77
59,3,2008,6.89
59,3,2009,6.34
59,3,2010,6.27
59,3,2011,5.77
59,3,2012,5.32
59,3,2013,4.97
59,3,2014,4.66
59,3,2015,4.22
59,3,2016,3.87
59,3,2017,3.57
59,3,2018,3.38
59,3,2019,3.11
59,3,2020,3.18
59,3,2021,3.57
59,3,2022,3.64
59,3,2023,3.55
60,3,1980,3.46
60,3,1981,3.35
60,3,1982,3.14
60,3,1983,3.18
60,3,1984,3.42
60,3,1985,3.33
60,3,1986,3.06
60,3,1987,3.07
60,3,1988,3.05
60,3,1989,3.04
60,3,1990,3.28
60,3,1991,3.73
60,3,1992,4.1
60,3,1993,4.45
60,3,1994,5.03
60,3,1995,5.41
60,3,1996,5.17
60,3,1997,4.44
60,3,1998,4.43
60,3,1999,4.29
60,3,2000,4.4
60,3,2001,4.67
60,3,2002,4.6
60,3,2003,4.69
60,3,2004,4.58
60,3,2005,4.64
60,3,2006,4.51
60,3,2007,4.13
60,3,2008,3.84
60,3,2009,3.44
60,3,2010,3.27
60,3,2011,2.93
60,3,2012,2.84
60,3,2013,2.61
60,3,2014,2.28
60,3,2015,2.02
60,3,2016,1.75
60,3,2017,1.54
60,3,2018,1.47
60,3,2019,1.46
60,3,2020,1.56
60,3,2021,1.55
60,3,2022,1.55
60,3,2023,1.52
61,3,1980,6.39
61,3,1981,6.16
61,3,1982,5.86
61,3,1983,5.97
61,3,1984,5.69
61,3,1985,5.35
61,3,1986,4.86
61,3,1987,4.51
61,3,1988,4.34
61,3,1989,4.31
61,3,1990,4.48
61,3,1991,4.47
61,3,1992,4.6
61,3,1993,4.98
61,3,1994,5.35
61,3,1995,5.73
61,3,1996,5.86
61,3,1997,5.52
61,3,1998,5.17
61,3,1999,4.96
61,3,2000,5
61,3,2001,5.07
61,3,2002,5.13
61,3,2003,5.1
61,3,2004,5.06
61,3,2005,5.14
61,3,2006,5.03
61,3,2007,4.65
61,3,2008,4.42
61,3,2009,4.3
61,3,2010,4.31
61,3,2011,3.99
61,3,2012,3.86
61,3,2013,3.51
61,3,2014,2.99
61,3,2015,2.42
61,3,2016,2.14
61,3,2017,1.92
61,3,2018,1.83
61,3,2019,1.82
61,3,2020,1.58
61,3,2021,1.45
61,3,2022,1.55
61,3,2023,1.37
62,3,1980,4.57
62,3,1981,4.46
62,3,1982,4.3
62,3,1983,4.28
62,3,1984,4.36
62,3,1985,4.07
62,3,1986,3.63
62,3,1987,3.59
62,3,1988,3.64
62,3,1989,3.74
62,3,1990,4.17
62,3,1991,4.61
62,3,1992,5.82
62,3,1993,6.97
62,3,1994,7.72
62,3,1995,7.5
62,3,1996,7.27
62,3,1997,6.62
62,3,1998,6.57
62,3,1999,7.47
62,3,2000,7.85
62,3,2001,8.42
62,3,2002,8.77
62,3,2003,8.91
62,3,2004,8.42
62,3,2005,8.23
62,3,2006,7.55
62,3,2007,6.81
62,3,2008,6.58
62,3,2009,6.29
62,3,2010,5.95
62,3,2011,5.4
62,3,2012,4.97
62,3,2013,4.47
62,3,2014,4.23
62,3,2015,3.99
62,3,2016,3.37
62,3,2017,2.92
62,3,2018,2.65
62,3,2019,2.38
62,3,2020,2.39
62,3,2021,2.29
62,3,2022,2.19
62,3,2023,2.12
63,3,1980,3.22
63,3,1981,3.17
63,3,1982,3.02
63,3,1983,2.97
63,3,1984,3.02
63,3,1985,2.9
63,3,1986,2.87
63,3,1987,2.93
63,3,1988,3.01
63,3,1989,3.23
63,3,1990,3.63
63,3,1991,4.12
63,3,1992,4.73
63,3,1993,5.29
63,3,1994,5.82
63,3,1995,6.55
63,3,1996,6.78
63,3,1997,6.46
63,3,1998,5.95
63,3,1999,6.41
63,3,2000,7.05
63,3,2001,7.59
63,3,2002,8.36
63,3,2003,8.42
63,3,2004,8.02
63,3,2005,6.38
63,3,2006,5.62
63,3,2007,5.55
63,3,2008,5.23
63,3,2009,4.31
63,3,2010,3.69
63,3,2011,3.56
63,3,2012,3.39
63,3,2013,3.23
63,3,2014,2.97
63,3,2015,2.7
63,3,2016,2.47
63,3,2017,2.36
63,3,2018,2.38
63,3,2019,2.38
63,3,2020,2.35
63,3,2021,2.24
63,3,2022,2.14
63,3,2023,2.18
66,3,1980,4.13
66,3,1981,4.02
66,3,1982,3.91
66,3,1983,3.74
66,3,1984,3.6
66,3,1985,3.43
66,3,1986,3.25
66,3,1987,3.04
66,3,1988,2.85
66,3,1989,2.7
66,3,1990,2.54
66,3,1991,2.42
66,3,1992,2.29
66,3,1993,2.17
66,3,1994,2.04
66,3,1995,1.91
66,3,1996,1.81
66,3,1997,1.73
66,3,1998,1.65
66,3,1999,1.59
66,3,2000,1.52
66,3,2001,1.46
66,3,2002,1.4
66,3,2003,1.37
66,3,2004,1.33
66,3,2005,1.28
66,3,2006,1.24
66,3,2007,1.21
66,3,2008,1.17
66,3,2009,1.14
66,3,2010,1.11
66,3,2011,1.09
66,3,2012,1.07
66,3,2013,1.07
66,3,2014,1.05
66,3,2015,1.04
66,3,2016,1.03
66,3,2017,1.01
66,3,2018,0.99
66,3,2019,0.97
66,3,2020,0.99
66,3,2021,1.03
66,3,2022,1.06
66,3,2023,0.77
67,3,1980,1.59
67,3,1981,1.47
67,3,1982,1.33
67,3,1983,1.32
67,3,1984,1.34
67,3,1985,1.23
67,3,1986,1.41
67,3,1987,1.08
67,3,1988,1.08
67,3,1989,1.02
67,3,1990,1.04
67,3,1991,1.01
67,3,1992,1.04
67,3,1993,1.02
67,3,1994,1.05
67,3,1995,1.08
67,3,1996,1.07
67,3,1997,1.03
67,3,1998,0.99
67,3,1999,1.01
67,3,2000,0.96
67,3,2001,1.08
67,3,2002,0.93
67,3,2003,0.92
67,3,2004,0.88
67,3,2005,0.91
67,3,2006,0.87
67,3,2007,0.83
67,3,2008,0.79
67,3,2009,0.75
67,3,2010,0.72
67,3,2011,0.71
67,3,2012,0.67
67,3,2013,0.69
67,3,2014,0.56
67,3,2015,0.51
67,3,2016,0.49
67,3,2017,0.5
67,3,2018,0.56
67,3,2019,0.5
67,3,2020,0.47
67,3,2021,0.47
67,3,2022,0.47
67,3,2023,0.51
68,3,1980,2.51
68,3,1981,2.31
68,3,1982,2.3
68,3,1983,2.33
68,3,1984,2.33
68,3,1985,2.19
68,3,1986,2.16
68,3,1987,2.15
68,3,1988,2.09
68,3,1989,2.07
68,3,1990,2.04
68,3,1991,2
68,3,1992,1.96
68,3,1993,1.93
68,3,1994,1.92
68,3,1995,1.87
68,3,1996,1.82
68,3,1997,1.78
68,3,1998,1.71
68,3,1999,1.8
68,3,2000,1.55
68,3,2001,1.45
68,3,2002,1.38
68,3,2003,2.24
68,3,2004,1.25
68,3,2005,1.19
68,3,2006,1.13
68,3,2007,1.07
68,3,2008,1.03
68,3,2009,0.99
68,3,2010,0.97
68,3,2011,0.91
68,3,2012,0.87
68,3,2013,0.83
68,3,2014,0.8
68,3,2015,0.78
68,3,2016,0.75
68,3,2017,0.77
68,3,2018,0.78
68,3,2019,0.7
68,3,2020,0.75
68,3,2021,0.68
68,3,2022,0.69
68,3,2023,0.68
69,3,1980,0.49
69,3,1981,0.47
69,3,1982,0.43
69,3,1983,0.41
69,3,1984,0.41
69,3,1985,0.36
69,3,1986,0.33
69,3,1987,0.31
69,3,1988,0.32
69,3,1989,0.31
69,3,1990,0.29
69,3,1991,0.28
69,3,1992,0.29
69,3,1993,0.29
69,3,1994,0.29
69,3,1995,0.29
69,3,1996,0.29
69,3,1997,0.27
69,3,1998,0.25
69,3,1999,0.24
69,3,2000,0.23
69,3,2001,0.23
69,3,2002,0.22
69,3,2003,0.22
69,3,2004,0.2
69,3,2005,0.2
69,3,2006,0.19
69,3,2007,0.17
69,3,2008,0.16
69,3,2009,0.15
69,3,2010,0.14
69,3,2011,0.13
69,3,2012,0.13
69,3,2013,0.12
69,3,2014,0.11
69,3,2015,0.1
69,3,2016,0.1
69,3,2017,0.1
69,3,2018,0.1
69,3,2019,0.09
69,3,2020,0.09
69,3,2021,0.09
69,3,2022,0.09
69,3,2023,0.08
71,3,1980,1.21
71,3,1981,1.26
71,3,1982,1.29
71,3,1983,1.81
71,3,1984,1.1
71,3,1985,1.18
71,3,1986,0.95
71,3,1987,0.85
71,3,1988,0.81
71,3,1989,0.84
71,3,1990,0.73
71,3,1991,0.98
71,3,1992,0.84
71,3,1993,0.77
71,3,1994,0.94
71,3,1995,0.77
71,3,1996,0.84
71,3,1997,0.65
71,3,1998,0.62
71,3,1999,0.57
71,3,2000,0.58
71,3,2001,0.44
71,3,2002,0.65
71,3,2003,0.57
71,3,2004,0.48
71,3,2005,0.49
71,3,2006,0.37
71,3,2007,0.37
71,3,2008,0.4
71,3,2009,0.98
71,3,2010,0.31
71,3,2011,0.39
71,3,2012,0.27
71,3,2013,0.27
71,3,2014,0.27
71,3,2015,0.23
71,3,2016,0.22
71,3,2017,0.21
71,3,2018,0.2
71,3,2019,0.28
71,3,2020,0.32
71,3,2021,0.24
71,3,2022,0.26
71,3,2023,0.24
72,3,1980,1.47
72,3,1981,1.55
72,3,1982,1.34
72,3,1983,1.09
72,3,1984,1.08
72,3,1985,1.23
72,3,1986,1.26
72,3,1987,1.1
72,3,1988,1.23
72,3,1989,1.18
72,3,1990,0.98
72,3,1991,0.97
72,3,1992,1.06
72,3,1993,1.14
72,3,1994,0.92
72,3,1995,0.94
72,3,1996,0.96
72,3,1997,0.84
72,3,1998,0.64
72,3,1999,0.61
72,3,2000,0.61
72,3,2001,0.68
72,3,2002,0.72
72,3,2003,0.56
72,3,2004,0.57
72,3,2005,0.53
72,3,2006,0.44
72,3,2007,0.47
72,3,2008,0.54
72,3,2009,0.5
72,3,2010,0.39
72,3,2011,0.32
72,3,2012,0.32
72,3,2013,0.38
72,3,2014,0.35
72,3,2015,0.33
72,3,2016,0.32
72,3,2017,0.31
72,3,2018,0.24
72,3,2019,0.2
72,3,2020,0.19
72,3,2021,0.19
72,3,2022,0.19
72,3,2023,0.2
74,3,1980,1.12
74,3,1981,1.1
74,3,1982,1.09
74,3,1983,1.08
74,3,1984,1.06
74,3,1985,1.04
74,3,1986,1.02
74,3,1987,1.01
74,3,1988,1.01
74,3,1989,0.99
74,3,1990,0.97
74,3,1991,0.96
74,3,1992,0.96
74,3,1993,0.94
74,3,1994,0.93
74,3,1995,0.91
74,3,1996,0.9
74,3,1997,0.89
74,3,1998,0.88
74,3,1999,0.86
74,3,2000,0.84
74,3,2001,0.81
74,3,2002,0.79
74,3,2003,0.78
74,3,2004,0.77
74,3,2005,0.75
74,3,2006,0.74
74,3,2007,0.72
74,3,2008,0.71
74,3,2009,0.7
74,3,2010,0.69
74,3,2011,0.66
74,3,2012,0.64
74,3,2013,0.62
74,3,2014,0.61
74,3,2015,0.59
74,3,2016,0.58
74,3,2017,0.56
74,3,2018,0.55
74,3,2019,0.53
74,3,2020,0.53
74,3,2021,0.5
74,3,2022,0.48
74,3,2023,0.46
75,3,1980,1.07
75,3,1981,1.1
75,3,1982,1.06
75,3,1983,1.02
75,3,1984,1
75,3,1985,0.98
75,3,1986,0.93
75,3,1987,0.87
75,3,1988,0.8
75,3,1989,0.78
75,3,1990,0.76
75,3,1991,0.78
75,3,1992,0.74
75,3,1993,0.72
75,3,1994,0.67
75,3,1995,0.63
75,3,1996,0.64
75,3,1997,0.63
75,3,1998,0.59
75,3,1999,0.56
75,3,2000,0.53
75,3,2001,0.5
75,3,2002,0.49
75,3,2003,0.48
75,3,2004,0.48
75,3,2005,0.47
75,3,2006,0.43
75,3,2007,0.41
75,3,2008,0.58
75,3,2009,0.42
75,3,2010,0.4
75,3,2011,0.37
75,3,2012,0.36
75,3,2013,0.34
75,3,2014,0.33
75,3,2015,0.33
75,3,2016,0.32
75,3,2017,0.33
75,3,2018,0.32
75,3,2019,0.31
75,3,2020,0.29
75,3,2021,0.29
75,3,2022,0.29
75,3,2023,0.29
76,3,1980,1.45
76,3,1981,1.5
76,3,1982,1.55
76,3,1983,1.36
76,3,1984,1.32
76,3,1985,1.3
76,3,1986,1.22
76,3,1987,1.17
76,3,1988,1.11
76,3,1989,1.09
76,3,1990,1.06
76,3,1991,1.07
76,3,1992,1.02
76,3,1993,0.98
76,3,1994,1.12
76,3,1995,0.92
76,3,1996,0.92
76,3,1997,0.9
76,3,1998,0.9
76,3,1999,0.89
76,3,2000,0.83
76,3,2001,0.79
76,3,2002,0.77
76,3,2003,0.75
76,3,2004,0.73
76,3,2005,0.69
76,3,2006,0.68
76,3,2007,0.67
76,3,2008,0.67
76,3,2009,0.67
76,3,2010,0.63
76,3,2011,0.59
76,3,2012,0.58
76,3,2013,0.54
76,3,2014,0.52
76,3,2015,0.5
76,3,2016,0.49
76,3,2017,0.48
76,3,2018,0.46
76,3,2019,0.45
76,3,2020,0.45
76,3,2021,0.46
76,3,2022,0.46
76,3,2023,0.44
77,3,1980,0.74
77,3,1981,0.75
77,3,1982,0.76
77,3,1983,0.76
77,3,1984,0.75
77,3,1985,0.74
77,3,1986,0.72
77,3,1987,0.71
77,3,1988,0.71
77,3,1989,0.69
77,3,1990,0.69
77,3,1991,0.68
77,3,1992,0.67
77,3,1993,0.67
77,3,1994,0.65
77,3,1995,0.65
77,3,1996,0.63
77,3,1997,0.62
77,3,1998,0.62
77,3,1999,0.6
77,3,2000,0.59
77,3,2001,0.57
77,3,2002,0.56
77,3,2003,0.55
77,3,2004,0.55
77,3,2005,0.56
77,3,2006,0.56
77,3,2007,0.54
77,3,2008,0.53
77,3,2009,0.52
77,3,2010,0.51
77,3,2011,0.49
77,3,2012,0.47
77,3,2013,0.46
77,3,2014,0.44
77,3,2015,0.43
77,3,2016,0.42
77,3,2017,0.41
77,3,2018,0.41
77,3,2019,0.4
77,3,2020,0.39
77,3,2021,0.64
77,3,2022,0.39
77,3,2023,0.38
78,3,1980,1.56
78,3,1981,1.61
78,3,1982,1.56
78,3,1983,1.53
78,3,1984,1.53
78,3,1985,1.57
78,3,1986,1.48
78,3,1987,1.47
78,3,1988,1.41
78,3,1989,1.43
78,3,1990,1.4
78,3,1991,1.43
78,3,1992,1.41
78,3,1993,1.39
78,3,1994,1.33
78,3,1995,1.29
78,3,1996,1.29
78,3,1997,1.24
78,3,1998,1.18
78,3,1999,1.16
78,3,2000,1.1
78,3,2001,1.06
78,3,2002,1.05
78,3,2003,1.03
78,3,2004,0.99
78,3,2005,0.97
78,3,2006,0.93
78,3,2007,0.91
78,3,2008,0.91
78,3,2009,0.86
78,3,2010,0.81
78,3,2011,0.74
78,3,2012,0.7
78,3,2013,0.67
78,3,2014,0.64
78,3,2015,0.63
78,3,2016,0.61
78,3,2017,0.63
78,3,2018,0.6
78,3,2019,0.57
78,3,2020,0.54
78,3,2021,0.53
78,3,2022,0.52
78,3,2023,0.51
79,3,1980,2.33
79,3,1981,2.39
79,3,1982,2.3
79,3,1983,2.26
79,3,1984,2.31
79,3,1985,2.4
79,3,1986,2.33
79,3,1987,2.33
79,3,1988,2.3
79,3,1989,2.28
79,3,1990,2.25
79,3,1991,2.26
79,3,1992,2.08
79,3,1993,2.05
79,3,1994,1.9
79,3,1995,1.83
79,3,1996,1.94
79,3,1997,1.96
79,3,1998,1.93
79,3,1999,1.87
79,3,2000,1.81
79,3,2001,1.67
79,3,2002,1.66
79,3,2003,1.67
79,3,2004,1.67
79,3,2005,1.62
79,3,2006,1.65
79,3,2007,1.57
79,3,2008,1.58
79,3,2009,1.53
79,3,2010,1.42
79,3,2011,1.31
79,3,2012,1.31
79,3,2013,1.19
79,3,2014,1.15
79,3,2015,1.1
79,3,2016,1.13
79,3,2017,1.13
79,3,2018,1.06
79,3,2019,1.01
79,3,2020,0.95
79,3,2021,0.9
79,3,2022,0.89
79,3,2023,0.91
80,3,1980,1.34
80,3,1981,1.39
80,3,1982,1.35
80,3,1983,1.45
80,3,1984,1.32
80,3,1985,1.45
80,3,1986,1.31
80,3,1987,1.12
80,3,1988,1.06
80,3,1989,1.18
80,3,1990,1.06
80,3,1991,1.18
80,3,1992,0.98
80,3,1993,0.97
80,3,1994,0.88
80,3,1995,0.83
80,3,1996,0.84
80,3,1997,0.78
80,3,1998,0.82
80,3,1999,0.76
80,3,2000,0.73
80,3,2001,0.71
80,3,2002,0.76
80,3,2003,0.79
80,3,2004,0.68
80,3,2005,0.74
80,3,2006,0.65
80,3,2007,0.63
80,3,2008,0.62
80,3,2009,0.62
80,3,2010,0.62
80,3,2011,0.57
80,3,2012,0.53
80,3,2013,0.5
80,3,2014,0.46
80,3,2015,0.47
80,3,2016,0.48
80,3,2017,0.46
80,3,2018,0.44
80,3,2019,0.42
80,3,2020,0.4
80,3,2021,0.39
80,3,2022,0.42
80,3,2023,0.42
81,3,1980,1.06
81,3,1981,1.06
81,3,1982,1.02
81,3,1983,0.97
81,3,1984,0.93
81,3,1985,0.91
81,3,1986,0.88
81,3,1987,0.87
81,3,1988,0.83
81,3,1989,0.86
81,3,1990,0.89
81,3,1991,0.91
81,3,1992,0.84
81,3,1993,0.79
81,3,1994,0.72
81,3,1995,0.7
81,3,1996,0.83
81,3,1997,0.67
81,3,1998,0.63
81,3,1999,0.6
81,3,2000,0.57
81,3,2001,0.55
81,3,2002,0.56
81,3,2003,0.54
81,3,2004,0.51
81,3,2005,0.49
81,3,2006,0.45
81,3,2007,0.43
81,3,2008,0.43
81,3,2009,0.44
81,3,2010,0.41
81,3,2011,0.39
81,3,2012,0.38
81,3,2013,0.37
81,3,2014,0.35
81,3,2015,0.34
81,3,2016,0.34
81,3,2017,0.34
81,3,2018,0.33
81,3,2019,0.32
81,3,2020,0.26
81,3,2021,0.25
81,3,2022,0.25
81,3,2023,0.26
82,3,1980,1.52
82,3,1981,1.58
82,3,1982,1.53
82,3,1983,1.65
82,3,1984,1.46
82,3,1985,1.59
82,3,1986,1.39
82,3,1987,1.32
82,3,1988,1.26
82,3,1989,1.23
82,3,1990,1.21
82,3,1991,1.22
82,3,1992,1.16
82,3,1993,1.1
82,3,1994,1.04
82,3,1995,1
82,3,1996,1
82,3,1997,0.99
82,3,1998,0.95
82,3,1999,0.9
82,3,2000,0.9
82,3,2001,0.87
82,3,2002,0.82
82,3,2003,0.8
82,3,2004,0.79
82,3,2005,0.77
82,3,2006,0.72
82,3,2007,1.42
82,3,2008,0.73
82,3,2009,0.7
82,3,2010,0.68
82,3,2011,0.66
82,3,2012,0.64
82,3,2013,0.59
82,3,2014,0.55
82,3,2015,0.56
82,3,2016,0.59
82,3,2017,0.62
82,3,2018,1.1
82,3,2019,0.58
82,3,2020,0.56
82,3,2021,0.55
82,3,2022,0.54
82,3,2023,0.68
83,3,1980,1.13
83,3,1981,1.12
83,3,1982,1.08
83,3,1983,1.05
83,3,1984,1.03
83,3,1985,1.03
83,3,1986,0.99
83,3,1987,0.95
83,3,1988,0.9
83,3,1989,0.89
83,3,1990,0.86
83,3,1991,0.86
83,3,1992,0.81
83,3,1993,0.77
83,3,1994,0.73
83,3,1995,0.71
83,3,1996,0.73
83,3,1997,0.72
83,3,1998,0.69
83,3,1999,0.65
83,3,2000,0.63
83,3,2001,0.59
83,3,2002,0.57
83,3,2003,0.56
83,3,2004,0.55
83,3,2005,0.53
83,3,2006,0.52
83,3,2007,0.51
83,3,2008,0.5
83,3,2009,0.49
83,3,2010,0.47
83,3,2011,0.44
83,3,2012,0.44
83,3,2013,0.43
83,3,2014,0.41
83,3,2015,0.4
83,3,2016,0.41
83,3,2017,0.41
83,3,2018,0.39
83,3,2019,0.38
83,3,2020,0.36
83,3,2021,0.34
83,3,2022,0.32
83,3,2023,0.31
84,3,1980,2.41
84,3,1981,2.36
84,3,1982,2.27
84,3,1983,2.24
84,3,1984,2.18
84,3,1985,2.19
84,3,1986,2.12
84,3,1987,1.95
84,3,1988,1.86
84,3,1989,1.84
84,3,1990,1.75
84,3,1991,1.74
84,3,1992,1.65
84,3,1993,1.62
84,3,1994,1.55
84,3,1995,1.48
84,3,1996,1.53
84,3,1997,1.48
84,3,1998,1.43
84,3,1999,1.43
84,3,2000,1.34
84,3,2001,1.24
84,3,2002,1.18
84,3,2003,1.11
84,3,2004,1.07
84,3,2005,1.04
84,3,2006,1
84,3,2007,0.97
84,3,2008,0.97
84,3,2009,0.96
84,3,2010,0.89
84,3,2011,0.83
84,3,2012,0.78
84,3,2013,0.73
84,3,2014,0.68
84,3,2015,0.66
84,3,2016,0.64
84,3,2017,0.64
84,3,2018,0.6
84,3,2019,0.58
84,3,2020,0.55
84,3,2021,0.52
84,3,2022,0.53
84,3,2023,0.53
85,3,1980,1.14
85,3,1981,1.12
85,3,1982,1.08
85,3,1983,1.08
85,3,1984,1.06
85,3,1985,1.04
85,3,1986,0.98
85,3,1987,0.94
85,3,1988,0.86
85,3,1989,0.82
85,3,1990,0.8
85,3,1991,0.8
85,3,1992,0.77
85,3,1993,0.74
85,3,1994,0.71
85,3,1995,0.68
85,3,1996,0.68
85,3,1997,0.68
85,3,1998,0.66
85,3,1999,0.64
85,3,2000,0.64
85,3,2001,0.6
85,3,2002,0.59
85,3,2003,0.55
85,3,2004,0.54
85,3,2005,0.53
85,3,2006,0.5
85,3,2007,0.49
85,3,2008,0.48
85,3,2009,0.46
85,3,2010,0.6
85,3,2011,0.41
85,3,2012,0.39
85,3,2013,0.37
85,3,2014,0.36
85,3,2015,0.35
85,3,2016,0.34
85,3,2017,0.35
85,3,2018,0.33
85,3,2019,0.32
85,3,2020,0.31
85,3,2021,0.3
85,3,2022,0.31
85,3,2023,0.3
86,3,1980,0.81
86,3,1981,0.81
86,3,1982,0.76
86,3,1983,0.88
86,3,1984,0.66
86,3,1985,0.7
86,3,1986,0.69
86,3,1987,0.67
86,3,1988,0.6
86,3,1989,0.74
86,3,1990,0.6
86,3,1991,0.63
86,3,1992,0.61
86,3,1993,0.6
86,3,1994,0.63
86,3,1995,0.56
86,3,1996,0.54
86,3,1997,0.63
86,3,1998,0.54
86,3,1999,0.5
86,3,2000,0.47
86,3,2001,0.43
86,3,2002,0.39
86,3,2003,0.38
86,3,2004,0.39
86,3,2005,0.39
86,3,2006,0.36
86,3,2007,0.34
86,3,2008,0.34
86,3,2009,0.34
86,3,2010,0.32
86,3,2011,0.33
86,3,2012,0.33
86,3,2013,0.33
86,3,2014,0.31
86,3,2015,0.32
86,3,2016,0.32
86,3,2017,0.34
86,3,2018,0.32
86,3,2019,0.33
86,3,2020,0.32
86,3,2021,0.34
86,3,2022,0.34
86,3,2023,0.33
87,3,1980,0.99
87,3,1981,1
87,3,1982,0.97
87,3,1983,0.93
87,3,1984,0.93
87,3,1985,0.91
87,3,1986,0.86
87,3,1987,0.83
87,3,1988,0.78
87,3,1989,0.77
87,3,1990,0.75
87,3,1991,0.76
87,3,1992,0.71
87,3,1993,0.67
87,3,1994,0.63
87,3,1995,0.59
87,3,1996,0.59
87,3,1997,0.57
87,3,1998,0.55
87,3,1999,0.52
87,3,2000,0.5
87,3,2001,0.47
87,3,2002,0.45
87,3,2003,0.44
87,3,2004,0.43
87,3,2005,0.41
87,3,2006,0.39
87,3,2007,0.37
87,3,2008,0.36
87,3,2009,0.35
87,3,2010,0.34
87,3,2011,0.31
87,3,2012,0.29
87,3,2013,0.28
87,3,2014,0.27
87,3,2015,0.26
87,3,2016,0.25
87,3,2017,0.25
87,3,2018,0.23
87,3,2019,0.23
87,3,2020,0.21
87,3,2021,0.2
87,3,2022,0.17
87,3,2023,0.17
88,3,1980,0.88
88,3,1981,0.89
88,3,1982,0.86
88,3,1983,0.82
88,3,1984,0.81
88,3,1985,0.8
88,3,1986,0.75
88,3,1987,0.71
88,3,1988,0.67
88,3,1989,0.65
88,3,1990,0.64
88,3,1991,0.64
88,3,1992,0.6
88,3,1993,0.57
88,3,1994,0.53
88,3,1995,0.51
88,3,1996,0.53
88,3,1997,0.52
88,3,1998,0.51
88,3,1999,0.49
88,3,2000,0.47
88,3,2001,0.45
88,3,2002,0.44
88,3,2003,0.43
88,3,2004,0.42
88,3,2005,0.41
88,3,2006,0.4
88,3,2007,0.39
88,3,2008,0.39
88,3,2009,0.38
88,3,2010,0.35
88,3,2011,0.33
88,3,2012,0.32
88,3,2013,0.3
88,3,2014,0.29
88,3,2015,0.28
88,3,2016,0.27
88,3,2017,0.28
88,3,2018,0.27
88,3,2019,0.27
88,3,2020,0.26
88,3,2021,0.25
88,3,2022,0.24
88,3,2023,0.23
89,3,1980,0.68
89,3,1981,0.68
89,3,1982,0.67
89,3,1983,0.65
89,3,1984,0.64
89,3,1985,0.64
89,3,1986,0.62
89,3,1987,0.6
89,3,1988,0.57
89,3,1989,0.59
89,3,1990,0.57
89,3,1991,0.58
89,3,1992,0.55
89,3,1993,0.54
89,3,1994,0.5
89,3,1995,0.47
89,3,1996,0.5
89,3,1997,0.48
89,3,1998,0.48
89,3,1999,0.46
89,3,2000,0.45
89,3,2001,0.47
89,3,2002,0.42
89,3,2003,0.4
89,3,2004,0.39
89,3,2005,0.46
89,3,2006,0.37
89,3,2007,0.35
89,3,2008,0.35
89,3,2009,0.34
89,3,2010,0.31
89,3,2011,0.29
89,3,2012,0.28
89,3,2013,0.28
89,3,2014,0.27
89,3,2015,0.27
89,3,2016,0.27
89,3,2017,0.28
89,3,2018,0.27
89,3,2019,0.26
89,3,2020,0.25
89,3,2021,0.24
89,3,2022,0.23
89,3,2023,0.22
90,3,1980,1.62
90,3,1981,1.55
90,3,1982,1.27
90,3,1983,1.17
90,3,1984,1.39
90,3,1985,1.47
90,3,1986,1.51
90,3,1987,1.44
90,3,1988,1.3
90,3,1989,1.43
90,3,1990,1.48
90,3,1991,1.41
90,3,1992,1.41
90,3,1993,1.27
90,3,1994,1.2
90,3,1995,1.23
90,3,1996,1.31
90,3,1997,1.26
90,3,1998,1.1
90,3,1999,1.11
90,3,2000,1.11
90,3,2001,1.08
90,3,2002,1.12
90,3,2003,1.07
90,3,2004,1.09
90,3,2005,1.12
90,3,2006,1.09
90,3,2007,1.17
90,3,2008,1.13
90,3,2009,0.98
90,3,2010,0.88
90,3,2011,0.69
90,3,2012,0.7
90,3,2013,0.84
90,3,2014,0.75
90,3,2015,0.63
90,3,2016,0.54
90,3,2017,0.42
90,3,2018,0.45
90,3,2019,0.44
90,3,2020,0.43
90,3,2021,0.46
90,3,2022,0.42
90,3,2023,0.43
91,3,1980,2.41
91,3,1981,2.34
91,3,1982,2.24
91,3,1983,2.17
91,3,1984,2.09
91,3,1985,2.52
91,3,1986,2.26
91,3,1987,1.74
91,3,1988,1.63
91,3,1989,1.6
91,3,1990,1.6
91,3,1991,1.61
91,3,1992,1.49
91,3,1993,1.45
91,3,1994,1.3
91,3,1995,1.28
91,3,1996,1.36
91,3,1997,1.33
91,3,1998,1.28
91,3,1999,1.25
91,3,2000,1.17
91,3,2001,1.04
91,3,2002,0.97
91,3,2003,1.32
91,3,2004,1.17
91,3,2005,0.88
91,3,2006,0.85
91,3,2007,0.86
91,3,2008,0.86
91,3,2009,0.83
91,3,2010,0.78
91,3,2011,0.72
91,3,2012,0.68
91,3,2013,0.66
91,3,2014,0.57
91,3,2015,0.54
91,3,2016,0.63
91,3,2017,1.38
91,3,2018,0.73
91,3,2019,0.56
91,3,2020,0.55
91,3,2021,0.53
91,3,2022,0.54
91,3,2023,0.54
92,3,1980,0.85
92,3,1981,0.81
92,3,1982,0.76
92,3,1983,1.07
92,3,1984,0.92
92,3,1985,0.76
92,3,1986,0.7
92,3,1987,0.67
92,3,1988,0.66
92,3,1989,0.68
92,3,1990,0.71
92,3,1991,0.68
92,3,1992,0.64
92,3,1993,0.59
92,3,1994,0.67
92,3,1995,0.51
92,3,1996,0.51
92,3,1997,0.49
92,3,1998,0.47
92,3,1999,0.47
92,3,2000,0.45
92,3,2001,0.43
92,3,2002,0.41
92,3,2003,0.48
92,3,2004,0.47
92,3,2005,0.47
92,3,2006,0.38
92,3,2007,0.35
92,3,2008,0.34
92,3,2009,0.32
92,3,2010,0.3
92,3,2011,0.28
92,3,2012,0.3
92,3,2013,0.25
92,3,2014,0.25
92,3,2015,0.25
92,3,2016,0.25
92,3,2017,0.3
92,3,2018,0.24
92,3,2019,0.24
92,3,2020,0.24
92,3,2021,0.24
92,3,2022,0.24
92,3,2023,0.27
93,3,1980,1.31
93,3,1981,1.29
93,3,1982,1.24
93,3,1983,1.2
93,3,1984,1.18
93,3,1985,1.2
93,3,1986,1.17
93,3,1987,1.17
93,3,1988,1.11
93,3,1989,1.1
93,3,1990,1.08
93,3,1991,1.09
93,3,1992,1.01
93,3,1993,0.97
93,3,1994,0.92
93,3,1995,0.87
93,3,1996,0.89
93,3,1997,0.87
93,3,1998,1.51
93,3,1999,0.8
93,3,2000,0.8
93,3,2001,0.79
93,3,2002,0.78
93,3,2003,0.75
93,3,2004,0.71
93,3,2005,0.69
93,3,2006,0.66
93,3,2007,0.66
93,3,2008,0.67
93,3,2009,0.67
93,3,2010,0.62
93,3,2011,0.57
93,3,2012,0.56
93,3,2013,0.54
93,3,2014,0.51
93,3,2015,0.51
93,3,2016,0.51
93,3,2017,0.52
93,3,2018,0.48
93,3,2019,0.46
93,3,2020,0.44
93,3,2021,0.4
93,3,2022,0.38
93,3,2023,0.38
94,3,1980,0.64
94,3,1981,0.65
94,3,1982,0.64
94,3,1983,0.62
94,3,1984,0.61
94,3,1985,0.59
94,3,1986,0.57
94,3,1987,0.55
94,3,1988,0.53
94,3,1989,0.53
94,3,1990,0.53
94,3,1991,0.55
94,3,1992,0.53
94,3,1993,0.51
94,3,1994,0.47
94,3,1995,0.46
94,3,1996,0.47
94,3,1997,0.45
94,3,1998,0.43
94,3,1999,0.4
94,3,2000,0.39
94,3,2001,0.37
94,3,2002,0.35
94,3,2003,0.34
94,3,2004,0.33
94,3,2005,0.32
94,3,2006,0.3
94,3,2007,0.28
94,3,2008,0.28
94,3,2009,0.27
94,3,2010,0.26
94,3,2011,0.25
94,3,2012,0.24
94,3,2013,0.23
94,3,2014,0.21
94,3,2015,0.21
94,3,2016,0.21
94,3,2017,0.21
94,3,2018,0.21
94,3,2019,0.2
94,3,2020,0.19
94,3,2021,0.19
94,3,2022,0.19
94,3,2023,0.18
95,3,1980,1.7
95,3,1981,1.59
95,3,1982,1.54
95,3,1983,1.49
95,3,1984,1.5
95,3,1985,1.56
95,3,1986,1.46
95,3,1987,1.37
95,3,1988,1.36
95,3,1989,1.23
95,3,1990,1.18
95,3,1991,1.11
95,3,1992,1.04
95,3,1993,1
95,3,1994,0.92
95,3,1995,0.89
95,3,1996,0.92
95,3,1997,0.89
95,3,1998,0.86
95,3,1999,0.82
95,3,2000,0.78
95,3,2001,0.74
95,3,2002,0.73
95,3,2003,0.7
95,3,2004,0.65
95,3,2005,0.58
95,3,2006,0.57
95,3,2007,0.53
95,3,2008,0.54
95,3,2009,0.53
95,3,2010,0.47
95,3,2011,0.45
95,3,2012,0.4
95,3,2013,0.41
95,3,2014,0.39
95,3,2015,0.38
95,3,2016,0.39
95,3,2017,0.45
95,3,2018,0.33
95,3,2019,0.32
95,3,2020,0.31
95,3,2021,0.3
95,3,2022,0.29
95,3,2023,0.29
97,3,1980,2.01
97,3,1981,1.84
97,3,1982,1.84
97,3,1983,1.89
97,3,1984,1.94
97,3,1985,1.85
97,3,1986,1.98
97,3,1987,2
97,3,1988,2.05
97,3,1989,2.01
97,3,1990,1.9
97,3,1991,1.9
97,3,1992,1.92
97,3,1993,1.92
97,3,1994,1.88
97,3,1995,1.86
97,3,1996,1.92
97,3,1997,1.91
97,3,1998,1.76
97,3,1999,1.77
97,3,2000,1.61
97,3,2001,1.55
97,3,2002,1.47
97,3,2003,1.42
97,3,2004,1.4
97,3,2005,1.55
97,3,2006,1.51
97,3,2007,1.59
97,3,2008,1.5
97,3,2009,1.45
97,3,2010,1.45
97,3,2011,1.41
97,3,2012,1.31
97,3,2013,1.25
97,3,2014,1.14
97,3,2015,1.05
97,3,2016,1.05
97,3,2017,1.03
97,3,2018,1.03
97,3,2019,0.98
97,3,2020,0.91
97,3,2021,0.98
97,3,2022,1.03
97,3,2023,0.92
98,3,1980,6
98,3,1981,5.77
98,3,1982,5.7
98,3,1983,5.8
98,3,1984,5.75
98,3,1985,5.52
98,3,1986,5.3
98,3,1987,5.08
98,3,1988,5.41
98,3,1989,5.5
98,3,1990,4.83
98,3,1991,4.38
98,3,1992,3.96
98,3,1993,3.81
98,3,1994,3.78
98,3,1995,3.71
98,3,1996,3.55
98,3,1997,3.41
98,3,1998,2.73
98,3,1999,2.59
98,3,2000,2.61
98,3,2001,2.54
98,3,2002,2.41
98,3,2003,2.38
98,3,2004,2.22
98,3,2005,2.22
98,3,2006,2.22
98,3,2007,2.41
98,3,2008,2.2
98,3,2009,2.36
98,3,2010,2.9
98,3,2011,2.06
98,3,2012,1.93
98,3,2013,1.89
98,3,2014,1.93
98,3,2015,1.61
98,3,2016,1.6
98,3,2017,1.64
98,3,2018,1.58
98,3,2019,1.57
98,3,2020,1.6
98,3,2021,1.6
98,3,2022,1.8
98,3,2023,1.92
99,3,1980,2.04
99,3,1981,1.89
99,3,1982,1.83
99,3,1983,1.84
99,3,1984,1.89
99,3,1985,1.72
99,3,1986,1.91
99,3,1987,1.99
99,3,1988,2.09
99,3,1989,2.03
99,3,1990,1.84
99,3,1991,1.79
99,3,1992,1.79
99,3,1993,1.81
99,3,1994,1.81
99,3,1995,1.79
99,3,1996,1.87
99,3,1997,1.76
99,3,1998,1.56
99,3,1999,1.59
99,3,2000,1.48
99,3,2001,1.41
99,3,2002,1.35
99,3,2003,1.33
99,3,2004,1.31
99,3,2005,1.34
99,3,2006,1.32
99,3,2007,1.37
99,3,2008,1.3
99,3,2009,1.32
99,3,2010,1.75
99,3,2011,1.31
99,3,2012,1.21
99,3,2013,1.2
99,3,2014,1.09
99,3,2015,1.03
99,3,2016,1.07
99,3,2017,1.04
99,3,2018,1.06
99,3,2019,1.02
99,3,2020,0.94
99,3,2021,0.9
99,3,2022,0.96
99,3,2023,0.91
101,3,1980,3.29
101,3,1981,2.61
101,3,1982,2.41
101,3,1983,2.17
101,3,1984,2.1
101,3,1985,1.99
101,3,1986,1.88
101,3,1987,1.76
101,3,1988,1.68
101,3,1989,1.79
101,3,1990,1.4
101,3,1991,1.31
101,3,1992,1.27
101,3,1993,1.23
101,3,1994,1.16
101,3,1995,1.09
101,3,1996,1.05
101,3,1997,1
101,3,1998,0.93
101,3,1999,0.93
101,3,2000,0.88
101,3,2001,0.85
101,3,2002,0.8
101,3,2003,0.76
101,3,2004,0.76
101,3,2005,0.73
101,3,2006,0.72
101,3,2007,0.72
101,3,2008,0.72
101,3,2009,0.65
101,3,2010,0.61
101,3,2011,0.57
101,3,2012,0.54
101,3,2013,0.57
101,3,2014,0.57
101,3,2015,0.54
101,3,2016,0.52
101,3,2017,0.49
101,3,2018,0.48
101,3,2019,0.47
101,3,2020,0.5
101,3,2021,0.63
101,3,2022,0.59
101,3,2023,0.57
102,3,1980,3.01
102,3,1981,2.65
102,3,1982,2.47
102,3,1983,2.33
102,3,1984,2.27
102,3,1985,2.22
102,3,1986,2.15
102,3,1987,2.09
102,3,1988,2.08
102,3,1989,1.97
102,3,1990,1.86
102,3,1991,1.76
102,3,1992,1.6
102,3,1993,1.65
102,3,1994,1.54
102,3,1995,1.45
102,3,1996,1.52
102,3,1997,1.29
102,3,1998,1.22
102,3,1999,1.24
102,3,2000,1.22
102,3,2001,1.25
102,3,2002,1.15
102,3,2003,1.24
102,3,2004,1.1
102,3,2005,1.09
102,3,2006,1.13
102,3,2007,1.16
102,3,2008,0.99
102,3,2009,0.92
102,3,2010,0.84
102,3,2011,0.85
102,3,2012,0.79
102,3,2013,0.82
102,3,2014,0.81
102,3,2015,0.78
102,3,2016,0.81
102,3,2017,0.84
102,3,2018,0.84
102,3,2019,0.76
102,3,2020,0.79
102,3,2021,0.86
102,3,2022,0.88
102,3,2023,0.88
105,3,1980,5.06
105,3,1981,4.86
105,3,1982,4.61
105,3,1983,4.42
105,3,1984,4.25
105,3,1985,4.02
105,3,1986,4.34
105,3,1987,4.4
105,3,1988,4.11
105,3,1989,3.87
105,3,1990,3.5
105,3,1991,3.64
105,3,1992,3.41
105,3,1993,3.48
105,3,1994,3.27
105,3,1995,2.98
105,3,1996,3.07
105,3,1997,3.12
105,3,1998,2.82
105,3,1999,2.62
105,3,2000,2.38
105,3,2001,2.38
105,3,2002,2.27
105,3,2003,2.05
105,3,2004,2.07
105,3,2005,2.05
105,3,2006,1.93
105,3,2007,1.62
105,3,2008,1.71
105,3,2009,1.77
105,3,2010,1.75
105,3,2011,1.67
105,3,2012,1.67
105,3,2013,1.74
105,3,2014,1.84
105,3,2015,1.96
105,3,2016,1.91
105,3,2017,1.66
105,3,2018,1.57
105,3,2019,1.71
105,3,2020,1.55
105,3,2021,1.71
105,3,2022,1.62
105,3,2023,1.52
106,3,1980,6.66
106,3,1981,6.28
106,3,1982,5.92
106,3,1983,5.36
106,3,1984,5.01
106,3,1985,4.65
106,3,1986,5.03
106,3,1987,5.55
106,3,1988,5.38
106,3,1989,5.2
106,3,1990,4.72
106,3,1991,4.43
106,3,1992,4.42
106,3,1993,4.36
106,3,1994,4.06
106,3,1995,3.59
106,3,1996,3.72
106,3,1997,3.74
106,3,1998,3.43
106,3,1999,3.28
106,3,2000,3.03
106,3,2001,3.09
106,3,2002,2.98
106,3,2003,2.7
106,3,2004,2.73
106,3,2005,2.67
106,3,2006,2.51
106,3,2007,2.11
106,3,2008,2.3
106,3,2009,2.42
106,3,2010,2.45
106,3,2011,2.38
106,3,2012,2.31
106,3,2013,2.39
106,3,2014,2.55
106,3,2015,2.69
106,3,2016,2.7
106,3,2017,2.67
106,3,2018,2.64
106,3,2019,2.64
106,3,2020,2.93
106,3,2021,3.22
106,3,2022,2.74
106,3,2023,2.47
107,3,1980,2.5
107,3,1981,2.33
107,3,1982,2.23
107,3,1983,2.12
107,3,1984,1.94
107,3,1985,1.89
107,3,1986,2.07
107,3,1987,2.15
107,3,1988,2.03
107,3,1989,1.9
107,3,1990,1.74
107,3,1991,1.86
107,3,1992,1.77
107,3,1993,1.83
107,3,1994,1.74
107,3,1995,1.56
107,3,1996,1.54
107,3,1997,1.48
107,3,1998,1.31
107,3,1999,1.25
107,3,2000,1.24
107,3,2001,1.27
107,3,2002,1.23
107,3,2003,1.14
107,3,2004,1.15
107,3,2005,1.12
107,3,2006,1.04
107,3,2007,0.88
107,3,2008,0.94
107,3,2009,0.95
107,3,2010,0.95
107,3,2011,0.9
107,3,2012,0.88
107,3,2013,0.89
107,3,2014,0.89
107,3,2015,0.88
107,3,2016,0.87
107,3,2017,0.87
107,3,2018,0.86
107,3,2019,0.87
107,3,2020,0.88
107,3,2021,0.9
107,3,2022,0.9
107,3,2023,0.87
108,3,1980,2.74
108,3,1981,2.63
108,3,1982,2.43
108,3,1983,2.25
108,3,1984,2.12
108,3,1985,2.19
108,3,1986,2.27
108,3,1987,2.35
108,3,1988,2.12
108,3,1989,1.93
108,3,1990,1.75
108,3,1991,1.85
108,3,1992,1.83
108,3,1993,1.79
108,3,1994,1.71
108,3,1995,1.59
108,3,1996,1.72
108,3,1997,1.82
108,3,1998,1.75
108,3,1999,1.72
108,3,2000,1.61
108,3,2001,1.62
108,3,2002,1.54
108,3,2003,1.36
108,3,2004,1.38
108,3,2005,1.35
108,3,2006,1.28
108,3,2007,1.08
108,3,2008,1.13
108,3,2009,1.15
108,3,2010,1.16
108,3,2011,1.08
108,3,2012,1.08
108,3,2013,1.1
108,3,2014,1.18
108,3,2015,1.26
108,3,2016,1.26
108,3,2017,1.21
108,3,2018,1.16
108,3,2019,1.13
108,3,2020,1.12
108,3,2021,1.09
108,3,2022,1.04
108,3,2023,1.1
109,3,1980,1.95
109,3,1981,1.87
109,3,1982,1.83
109,3,1983,1.76
109,3,1984,1.69
109,3,1985,1.67
109,3,1986,1.77
109,3,1987,1.84
109,3,1988,1.78
109,3,1989,1.67
109,3,1990,1.54
109,3,1991,1.63
109,3,1992,1.6
109,3,1993,1.68
109,3,1994,1.57
109,3,1995,1.41
109,3,1996,1.35
109,3,1997,1.32
109,3,1998,1.2
109,3,1999,1.1
109,3,2000,0.98
109,3,2001,0.96
109,3,2002,0.87
109,3,2003,0.78
109,3,2004,0.8
109,3,2005,0.77
109,3,2006,0.69
109,3,2007,0.58
109,3,2008,0.64
109,3,2009,0.67
109,3,2010,0.67
109,3,2011,0.63
109,3,2012,0.65
109,3,2013,0.69
109,3,2014,0.71
109,3,2015,0.76
109,3,2016,0.73
109,3,2017,0.66
109,3,2018,0.63
109,3,2019,0.69
109,3,2020,0.67
109,3,2021,0.82
109,3,2022,0.92
109,3,2023,0.9
110,3,1980,3.08
110,3,1981,2.92
110,3,1982,2.77
110,3,1983,2.65
110,3,1984,2.53
110,3,1985,2.47
110,3,1986,2.39
110,3,1987,2.31
110,3,1988,2.23
110,3,1989,2.18
110,3,1990,2.13
110,3,1991,2.06
110,3,1992,1.99
110,3,1993,1.92
110,3,1994,1.85
110,3,1995,1.77
110,3,1996,1.71
110,3,1997,1.64
110,3,1998,1.58
110,3,1999,1.53
110,3,2000,1.48
110,3,2001,1.44
110,3,2002,1.4
110,3,2003,1.37
110,3,2004,1.34
110,3,2005,1.3
110,3,2006,1.26
110,3,2007,1.24
110,3,2008,1.22
110,3,2009,1.22
110,3,2010,1.22
110,3,2011,1.22
110,3,2012,1.22
110,3,2013,1.21
110,3,2014,1.21
110,3,2015,1.2
110,3,2016,1.19
110,3,2017,1.18
110,3,2018,1.17
110,3,2019,1.17
110,3,2020,1.19
110,3,2021,1.28
110,3,2022,1.3
110,3,2023,1
111,3,1980,3.13
111,3,1981,3.08
111,3,1982,3.01
111,3,1983,2.91
111,3,1984,2.83
111,3,1985,2.75
111,3,1986,2.66
111,3,1987,2.59
111,3,1988,2.5
111,3,1989,2.38
111,3,1990,2.25
111,3,1991,2.1
111,3,1992,1.94
111,3,1993,1.82
111,3,1994,1.71
111,3,1995,1.61
111,3,1996,1.54
111,3,1997,1.48
111,3,1998,1.42
111,3,1999,1.38
111,3,2000,1.35
111,3,2001,1.34
111,3,2002,1.7
111,3,2003,1.32
111,3,2004,1.3
111,3,2005,2.96
111,3,2006,1.26
111,3,2007,1.24
111,3,2008,1.23
111,3,2009,1.2
111,3,2010,1.18
111,3,2011,1.16
111,3,2012,1.16
111,3,2013,1.16
111,3,2014,1.15
111,3,2015,1.14
111,3,2016,1.13
111,3,2017,1.12
111,3,2018,1.12
111,3,2019,1.1
111,3,2020,1.15
111,3,2021,1.14
111,3,2022,1.09
111,3,2023,0.95
112,3,1980,4.98
112,3,1981,4.74
112,3,1982,4.47
112,3,1983,4.21
112,3,1984,4
112,3,1985,3.73
112,3,1986,3.79
112,3,1987,4.3
112,3,1988,4.31
112,3,1989,4.04
112,3,1990,3.56
112,3,1991,3.65
112,3,1992,3.57
112,3,1993,3.46
112,3,1994,3.16
112,3,1995,2.8
112,3,1996,2.88
112,3,1997,2.75
112,3,1998,2.65
112,3,1999,2.55
112,3,2000,2.44
112,3,2001,2.34
112,3,2002,2.27
112,3,2003,1.98
112,3,2004,2
112,3,2005,1.98
112,3,2006,1.85
112,3,2007,1.53
112,3,2008,1.65
112,3,2009,1.7
112,3,2010,1.69
112,3,2011,1.62
112,3,2012,1.63
112,3,2013,1.67
112,3,2014,1.79
112,3,2015,1.89
112,3,2016,1.82
112,3,2017,1.6
112,3,2018,1.54
112,3,2019,1.71
112,3,2020,1.59
112,3,2021,1.78
112,3,2022,1.71
112,3,2023,1.34
113,3,1980,3.78
113,3,1981,3.65
113,3,1982,3.49
113,3,1983,3.4
113,3,1984,3.4
113,3,1985,3.3
113,3,1986,3.26
113,3,1987,3.26
113,3,1988,3.16
113,3,1989,3.36
113,3,1990,3.18
113,3,1991,3.26
113,3,1992,3.19
113,3,1993,3.3
113,3,1994,3.01
113,3,1995,2.79
113,3,1996,3.03
113,3,1997,3.07
113,3,1998,2.8
113,3,1999,2.63
113,3,2000,2.59
113,3,2001,2.59
113,3,2002,2.5
113,3,2003,2.26
113,3,2004,2.3
113,3,2005,2.24
113,3,2006,2.12
113,3,2007,1.85
113,3,2008,1.95
113,3,2009,2.04
113,3,2010,2.08
113,3,2011,1.96
113,3,2012,1.98
113,3,2013,2
113,3,2014,2.14
113,3,2015,2.22
113,3,2016,2.1
113,3,2017,1.8
113,3,2018,1.62
113,3,2019,1.84
113,3,2020,1.58
113,3,2021,1.7
113,3,2022,1.69
113,3,2023,1.66
114,3,1980,6.34
114,3,1981,6.33
114,3,1982,6.37
114,3,1983,6.44
114,3,1984,6.32
114,3,1985,6.69
114,3,1986,6.68
114,3,1987,6.61
114,3,1988,6.53
114,3,1989,6.35
114,3,1990,6.41
114,3,1991,6.12
114,3,1992,6.11
114,3,1993,6.01
114,3,1994,5.77
114,3,1995,5.69
114,3,1996,5.53
114,3,1997,5.5
114,3,1998,5.16
114,3,1999,5.15
114,3,2000,5
114,3,2001,4.91
114,3,2002,4.76
114,3,2003,4.68
114,3,2004,4.62
114,3,2005,4.51
114,3,2006,4.44
114,3,2007,4.43
114,3,2008,4.38
114,3,2009,4.32
114,3,2010,4.23
114,3,2011,4.32
114,3,2012,4.38
114,3,2013,4.4
114,3,2014,4.39
114,3,2015,4.36
114,3,2016,4.3
114,3,2017,4.27
114,3,2018,4.27
114,3,2019,4.29
114,3,2020,4.69
114,3,2021,4.64
114,3,2022,4.39
114,3,2023,4.33
115,3,1980,1.89
115,3,1981,1.36
115,3,1982,1.28
115,3,1983,1.33
115,3,1984,1.27
115,3,1985,1.23
115,3,1986,1.28
115,3,1987,1.32
115,3,1988,1.15
115,3,1989,1.03
115,3,1990,0.89
115,3,1991,0.94
115,3,1992,0.9
115,3,1993,0.85
115,3,1994,0.81
115,3,1995,0.8
115,3,1996,0.87
115,3,1997,0.88
115,3,1998,0.84
115,3,1999,0.81
115,3,2000,0.76
115,3,2001,0.76
115,3,2002,0.7
115,3,2003,0.61
115,3,2004,0.59
115,3,2005,0.57
115,3,2006,0.55
115,3,2007,0.52
115,3,2008,0.45
115,3,2009,0.49
115,3,2010,0.45
115,3,2011,0.46
115,3,2012,0.46
115,3,2013,0.48
115,3,2014,0.53
115,3,2015,0.53
115,3,2016,0.53
115,3,2017,0.52
115,3,2018,0.51
115,3,2019,0.51
115,3,2020,0.51
115,3,2021,0.51
115,3,2022,0.47
115,3,2023,0.36
116,3,1980,4.24
116,3,1981,3.87
116,3,1982,3.67
116,3,1983,3.5
116,3,1984,3.44
116,3,1985,3.69
116,3,1986,3.61
116,3,1987,3.61
116,3,1988,3.28
116,3,1989,3.01
116,3,1990,2.69
116,3,1991,2.81
116,3,1992,2.61
116,3,1993,2.65
116,3,1994,2.47
116,3,1995,2.22
116,3,1996,2.28
116,3,1997,2.29
116,3,1998,2.04
116,3,1999,1.86
116,3,2000,1.7
116,3,2001,1.75
116,3,2002,1.67
116,3,2003,1.49
116,3,2004,1.51
116,3,2005,1.52
116,3,2006,1.46
116,3,2007,1.37
116,3,2008,1.29
116,3,2009,1.31
116,3,2010,1.27
116,3,2011,1.2
116,3,2012,1.17
116,3,2013,1.2
116,3,2014,1.28
116,3,2015,1.36
116,3,2016,1.32
116,3,2017,1.15
116,3,2018,1.06
116,3,2019,1.18
116,3,2020,1.08
116,3,2021,1.12
116,3,2022,1.04
116,3,2023,0.86
117,3,1980,6.47
117,3,1981,6.11
117,3,1982,5.71
117,3,1983,5.23
117,3,1984,4.84
117,3,1985,4.53
117,3,1986,4.82
117,3,1987,5.06
117,3,1988,4.66
117,3,1989,4.09
117,3,1990,3.8
117,3,1991,3.68
117,3,1992,3.68
117,3,1993,3.78
117,3,1994,3.71
117,3,1995,3.55
117,3,1996,3.72
117,3,1997,3.76
117,3,1998,3.47
117,3,1999,3.23
117,3,2000,2.99
117,3,2001,2.99
117,3,2002,2.85
117,3,2003,2.59
117,3,2004,2.66
117,3,2005,2.53
117,3,2006,2.31
117,3,2007,1.94
117,3,2008,2.1
117,3,2009,2.21
117,3,2010,2.23
117,3,2011,2.14
117,3,2012,2.17
117,3,2013,2.23
117,3,2014,2.34
117,3,2015,2.46
117,3,2016,2.39
117,3,2017,2.07
117,3,2018,1.96
117,3,2019,2.12
117,3,2020,1.95
117,3,2021,2
117,3,2022,1.86
117,3,2023,1.42
118,3,1980,3.24
118,3,1981,3.12
118,3,1982,3.07
118,3,1983,3.02
118,3,1984,2.97
118,3,1985,2.87
118,3,1986,2.77
118,3,1987,2.69
118,3,1988,2.69
118,3,1989,2.74
118,3,1990,2.73
118,3,1991,2.72
118,3,1992,2.72
118,3,1993,2.79
118,3,1994,2.68
118,3,1995,2.46
118,3,1996,2.4
118,3,1997,2.37
118,3,1998,2.35
118,3,1999,2.33
118,3,2000,2.17
118,3,2001,2.09
118,3,2002,2.1
118,3,2003,2.06
118,3,2004,2.03
118,3,2005,1.97
118,3,2006,1.93
118,3,2007,1.88
118,3,2008,1.82
118,3,2009,1.76
118,3,2010,1.73
118,3,2011,1.68
118,3,2012,1.63
118,3,2013,1.64
118,3,2014,1.62
118,3,2015,1.61
118,3,2016,1.59
118,3,2017,1.55
118,3,2018,1.55
118,3,2019,1.55
118,3,2020,1.63
118,3,2021,1.7
118,3,2022,1.63
118,3,2023,1.42
119,3,1980,4.2
119,3,1981,3.97
119,3,1982,3.95
119,3,1983,3.7
119,3,1984,3.48
119,3,1985,3.37
119,3,1986,3.7
119,3,1987,3.78
119,3,1988,3.56
119,3,1989,3.28
119,3,1990,2.99
119,3,1991,3.19
119,3,1992,2.99
119,3,1993,3.08
119,3,1994,2.92
119,3,1995,2.6
119,3,1996,2.67
119,3,1997,2.68
119,3,1998,2.49
119,3,1999,2.39
119,3,2000,2.23
119,3,2001,2.26
119,3,2002,2.1
119,3,2003,1.91
119,3,2004,1.89
119,3,2005,1.79
119,3,2006,1.68
119,3,2007,1.43
119,3,2008,1.53
119,3,2009,1.52
119,3,2010,1.49
119,3,2011,1.38
119,3,2012,1.34
119,3,2013,1.35
119,3,2014,1.34
119,3,2015,1.33
119,3,2016,1.36
119,3,2017,1.34
119,3,2018,1.33
119,3,2019,1.32
119,3,2020,1.36
119,3,2021,1.46
119,3,2022,1.37
119,3,2023,1.34
121,3,1980,3.92
121,3,1981,3.76
121,3,1982,3.6
121,3,1983,3.45
121,3,1984,3.28
121,3,1985,3.13
121,3,1986,2.98
121,3,1987,2.85
121,3,1988,2.74
121,3,1989,2.62
121,3,1990,2.5
121,3,1991,2.4
121,3,1992,2.31
121,3,1993,2.25
121,3,1994,2.18
121,3,1995,2.14
121,3,1996,2.08
121,3,1997,2.04
121,3,1998,2
121,3,1999,2
121,3,2000,1.92
121,3,2001,1.87
121,3,2002,1.83
121,3,2003,1.78
121,3,2004,1.73
121,3,2005,1.69
121,3,2006,1.64
121,3,2007,1.61
121,3,2008,1.57
121,3,2009,1.53
121,3,2010,1.5
121,3,2011,1.46
121,3,2012,1.42
121,3,2013,1.38
121,3,2014,1.33
121,3,2015,1.3
121,3,2016,1.27
121,3,2017,1.24
121,3,2018,1.22
121,3,2019,1.2
121,3,2020,1.42
121,3,2021,1.41
121,3,2022,1.24
121,3,2023,1.18
122,3,1980,3.48
122,3,1981,3.33
122,3,1982,3.37
122,3,1983,3.26
122,3,1984,3
122,3,1985,2.83
122,3,1986,2.32
122,3,1987,2.69
122,3,1988,2.37
122,3,1989,2.22
122,3,1990,2.37
122,3,1991,2.48
122,3,1992,2.32
122,3,1993,2.29
122,3,1994,2.43
122,3,1995,2.42
122,3,1996,2.58
122,3,1997,2.52
122,3,1998,2.28
122,3,1999,2.28
122,3,2000,2.18
122,3,2001,2.09
122,3,2002,2
122,3,2003,2.06
122,3,2004,2.03
122,3,2005,2.14
122,3,2006,1.83
122,3,2007,1.39
122,3,2008,1.3
122,3,2009,1.24
122,3,2010,1.2
122,3,2011,1.16
122,3,2012,1.11
122,3,2013,1.07
122,3,2014,1.04
122,3,2015,0.9
122,3,2016,0.79
122,3,2017,0.77
122,3,2018,0.82
122,3,2019,0.99
122,3,2020,0.71
122,3,2021,0.76
122,3,2022,0.75
122,3,2023,0.73
123,3,1980,2.38
123,3,1981,2.4
123,3,1982,2.3
123,3,1983,2.29
123,3,1984,2.26
123,3,1985,2.26
123,3,1986,2.16
123,3,1987,2
123,3,1988,1.89
123,3,1989,1.77
123,3,1990,1.69
123,3,1991,1.61
123,3,1992,1.61
123,3,1993,1.6
123,3,1994,1.59
123,3,1995,1.58
123,3,1996,1.57
123,3,1997,1.53
123,3,1998,1.49
123,3,1999,1.41
123,3,2000,1.34
123,3,2001,2.56
123,3,2002,1.33
123,3,2003,1.19
123,3,2004,1.13
123,3,2005,1.04
123,3,2006,0.97
123,3,2007,0.9
123,3,2008,0.87
123,3,2009,0.86
123,3,2010,0.83
123,3,2011,0.79
123,3,2012,0.84
123,3,2013,0.74
123,3,2014,0.7
123,3,2015,0.66
123,3,2016,0.64
123,3,2017,0.64
123,3,2018,0.63
123,3,2019,0.6
123,3,2020,0.6
123,3,2021,0.63
123,3,2022,0.66
123,3,2023,1
125,3,1980,2.67
125,3,1981,2.5
125,3,1982,2.47
125,3,1983,2.37
125,3,1984,2.22
125,3,1985,2.19
125,3,1986,1.95
125,3,1987,1.89
125,3,1988,1.73
125,3,1989,1.55
125,3,1990,1.43
125,3,1991,1.49
125,3,1992,1.48
125,3,1993,1.41
125,3,1994,1.28
125,3,1995,1.2
125,3,1996,1.09
125,3,1997,1
125,3,1998,0.97
125,3,1999,0.96
125,3,2000,0.92
125,3,2001,0.89
125,3,2002,0.83
125,3,2003,0.77
125,3,2004,0.75
125,3,2005,0.74
125,3,2006,0.72
125,3,2007,0.68
125,3,2008,0.64
125,3,2009,0.59
125,3,2010,0.54
125,3,2011,0.51
125,3,2012,0.48
125,3,2013,0.46
125,3,2014,0.52
125,3,2015,0.48
125,3,2016,0.49
125,3,2017,0.5
125,3,2018,0.48
125,3,2019,0.46
125,3,2020,0.43
125,3,2021,0.44
125,3,2022,0.5
125,3,2023,0.46
126,3,1980,1.24
126,3,1981,1.21
126,3,1982,1.21
126,3,1983,1.16
126,3,1984,1.12
126,3,1985,1.01
126,3,1986,0.97
126,3,1987,0.95
126,3,1988,0.93
126,3,1989,0.87
126,3,1990,0.81
126,3,1991,0.84
126,3,1992,0.83
126,3,1993,0.79
126,3,1994,0.77
126,3,1995,0.76
126,3,1996,0.71
126,3,1997,0.69
126,3,1998,0.68
126,3,1999,0.67
126,3,2000,1.69
126,3,2001,0.59
126,3,2002,0.54
126,3,2003,0.52
126,3,2004,0.53
126,3,2005,0.52
126,3,2006,0.5
126,3,2007,0.46
126,3,2008,0.44
126,3,2009,0.42
126,3,2010,0.42
126,3,2011,0.42
126,3,2012,0.4
126,3,2013,0.39
126,3,2014,0.4
126,3,2015,0.4
126,3,2016,0.41
126,3,2017,0.42
126,3,2018,0.43
126,3,2019,0.39
126,3,2020,0.32
126,3,2021,0.32
126,3,2022,0.32
126,3,2023,0.3
127,3,1980,2.34
127,3,1981,2.47
127,3,1982,2.26
127,3,1983,2.09
127,3,1984,1.87
127,3,1985,1.72
127,3,1986,1.6
127,3,1987,1.56
127,3,1988,1.52
127,3,1989,1.44
127,3,1990,1.39
127,3,1991,1.32
127,3,1992,1.28
127,3,1993,1.23
127,3,1994,1.19
127,3,1995,1.13
127,3,1996,1.08
127,3,1997,1.04
127,3,1998,1.02
127,3,1999,0.96
127,3,2000,0.92
127,3,2001,0.89
127,3,2002,0.84
127,3,2003,0.83
127,3,2004,0.82
127,3,2005,0.81
127,3,2006,0.79
127,3,2007,0.77
127,3,2008,0.75
127,3,2009,0.74
127,3,2010,1.19
127,3,2011,0.68
127,3,2012,0.65
127,3,2013,0.64
127,3,2014,0.66
127,3,2015,0.68
127,3,2016,0.65
127,3,2017,0.63
127,3,2018,0.61
127,3,2019,0.6
127,3,2020,0.61
127,3,2021,0.6
127,3,2022,0.57
127,3,2023,0.54
128,3,1980,3.53
128,3,1981,3.65
128,3,1982,3.72
128,3,1983,3.71
128,3,1984,3.53
128,3,1985,3.31
128,3,1986,3
128,3,1987,2.97
128,3,1988,2.95
128,3,1989,2.86
128,3,1990,2.69
128,3,1991,2.77
128,3,1992,2.62
128,3,1993,2.53
128,3,1994,2.4
128,3,1995,2.2
128,3,1996,1.98
128,3,1997,1.78
128,3,1998,1.76
128,3,1999,1.68
128,3,2000,1.68
128,3,2001,1.56
128,3,2002,1.49
128,3,2003,1.41
128,3,2004,1.4
128,3,2005,1.35
128,3,2006,1.35
128,3,2007,1.27
128,3,2008,1.13
128,3,2009,0.98
128,3,2010,0.9
128,3,2011,0.99
128,3,2012,0.94
128,3,2013,0.89
128,3,2014,0.92
128,3,2015,0.92
128,3,2016,0.94
128,3,2017,1
128,3,2018,1.09
128,3,2019,0.89
128,3,2020,0.75
128,3,2021,0.8
128,3,2022,0.87
128,3,2023,0.91
129,3,1980,0.99
129,3,1981,1
129,3,1982,0.98
129,3,1983,0.93
129,3,1984,0.89
129,3,1985,0.87
129,3,1986,0.84
129,3,1987,0.81
129,3,1988,0.8
129,3,1989,0.78
129,3,1990,0.76
129,3,1991,0.76
129,3,1992,0.75
129,3,1993,0.73
129,3,1994,0.71
129,3,1995,0.71
129,3,1996,0.7
129,3,1997,0.68
129,3,1998,0.66
129,3,1999,0.65
129,3,2000,0.63
129,3,2001,0.62
129,3,2002,0.61
129,3,2003,2.2
129,3,2004,2.67
129,3,2005,0.57
129,3,2006,0.55
129,3,2007,0.53
129,3,2008,0.52
129,3,2009,0.51
129,3,2010,0.51
129,3,2011,0.51
129,3,2012,6
129,3,2013,0.48
129,3,2014,0.47
129,3,2015,0.46
129,3,2016,0.45
129,3,2017,0.43
129,3,2018,0.42
129,3,2019,0.41
129,3,2020,0.38
129,3,2021,0.36
129,3,2022,0.35
129,3,2023,0.31
130,3,1980,2.92
130,3,1981,2.84
130,3,1982,2.77
130,3,1983,2.57
130,3,1984,2.44
130,3,1985,2.1
130,3,1986,2.05
130,3,1987,2.01
130,3,1988,2
130,3,1989,1.82
130,3,1990,1.7
130,3,1991,1.71
130,3,1992,1.47
130,3,1993,1.39
130,3,1994,1.29
130,3,1995,1.27
130,3,1996,1.28
130,3,1997,1.25
130,3,1998,1.35
130,3,1999,1.21
130,3,2000,1.1
130,3,2001,1.02
130,3,2002,0.96
130,3,2003,0.9
130,3,2004,0.87
130,3,2005,0.95
130,3,2006,0.89
130,3,2007,0.87
130,3,2008,0.86
130,3,2009,0.92
130,3,2010,0.82
130,3,2011,0.8
130,3,2012,0.7
130,3,2013,0.66
130,3,2014,0.64
130,3,2015,0.65
130,3,2016,0.68
130,3,2017,0.72
130,3,2018,0.7
130,3,2019,0.7
130,3,2020,0.63
130,3,2021,0.64
130,3,2022,0.7
130,3,2023,0.71
131,3,1980,1.44
131,3,1981,1.42
131,3,1982,1.38
131,3,1983,1.34
131,3,1984,1.31
131,3,1985,1.28
131,3,1986,1.26
131,3,1987,1.24
131,3,1988,1.16
131,3,1989,1.07
131,3,1990,1.02
131,3,1991,1
131,3,1992,0.95
131,3,1993,0.94
131,3,1994,0.91
131,3,1995,0.88
131,3,1996,0.85
131,3,1997,0.81
131,3,1998,0.79
131,3,1999,0.75
131,3,2000,0.72
131,3,2001,0.7
131,3,2002,0.68
131,3,2003,0.66
131,3,2004,0.65
131,3,2005,0.64
131,3,2006,0.61
131,3,2007,0.6
131,3,2008,0.59
131,3,2009,0.58
131,3,2010,0.56
131,3,2011,0.56
131,3,2012,0.56
131,3,2013,0.55
131,3,2014,0.54
131,3,2015,0.52
131,3,2016,0.52
131,3,2017,0.5
131,3,2018,0.48
131,3,2019,0.47
131,3,2020,0.49
131,3,2021,0.48
131,3,2022,0.44
131,3,2023,0.43
132,3,1980,1.19
132,3,1981,1.17
132,3,1982,1.21
132,3,1983,1.15
132,3,1984,1.07
132,3,1985,0.97
132,3,1986,0.92
132,3,1987,0.91
132,3,1988,0.89
132,3,1989,0.86
132,3,1990,0.82
132,3,1991,0.8
132,3,1992,0.78
132,3,1993,0.71
132,3,1994,0.67
132,3,1995,0.68
132,3,1996,0.66
132,3,1997,0.65
132,3,1998,0.67
132,3,1999,0.64
132,3,2000,0.61
132,3,2001,0.58
132,3,2002,0.56
132,3,2003,0.54
132,3,2004,0.53
132,3,2005,0.55
132,3,2006,0.53
132,3,2007,0.65
132,3,2008,0.5
132,3,2009,0.47
132,3,2010,0.46
132,3,2011,0.47
132,3,2012,0.45
132,3,2013,0.43
132,3,2014,0.43
132,3,2015,0.43
132,3,2016,0.44
132,3,2017,0.44
132,3,2018,0.44
132,3,2019,0.43
132,3,2020,0.4
132,3,2021,0.34
132,3,2022,0.33
132,3,2023,0.32
133,3,1980,1.81
133,3,1981,1.85
133,3,1982,1.85
133,3,1983,1.69
133,3,1984,1.51
133,3,1985,1.36
133,3,1986,1.31
133,3,1987,1.35
133,3,1988,1.26
133,3,1989,1.18
133,3,1990,1.06
133,3,1991,1.07
133,3,1992,1.09
133,3,1993,1.07
133,3,1994,1.03
133,3,1995,0.96
133,3,1996,0.9
133,3,1997,0.87
133,3,1998,0.91
133,3,1999,0.88
133,3,2000,0.86
133,3,2001,0.83
133,3,2002,0.79
133,3,2003,0.78
133,3,2004,0.78
133,3,2005,0.84
133,3,2006,0.74
133,3,2007,0.74
133,3,2008,0.71
133,3,2009,0.68
133,3,2010,0.66
133,3,2011,0.68
133,3,2012,0.68
133,3,2013,0.65
133,3,2014,0.69
133,3,2015,0.71
133,3,2016,0.77
133,3,2017,0.77
133,3,2018,0.72
133,3,2019,0.66
133,3,2020,0.72
133,3,2021,0.78
133,3,2022,0.76
133,3,2023,0.75
135,3,1980,2.41
135,3,1981,2.26
135,3,1982,2.2
135,3,1983,2.19
135,3,1984,2.14
135,3,1985,2.01
135,3,1986,2.01
135,3,1987,1.85
135,3,1988,1.76
135,3,1989,1.68
135,3,1990,1.55
135,3,1991,1.53
135,3,1992,1.45
135,3,1993,1.44
135,3,1994,1.41
135,3,1995,1.44
135,3,1996,1.39
135,3,1997,1.35
135,3,1998,1.32
135,3,1999,1.18
135,3,2000,1.16
135,3,2001,1.1
135,3,2002,1.08
135,3,2003,1.01
135,3,2004,0.94
135,3,2005,0.87
135,3,2006,0.84
135,3,2007,0.83
135,3,2008,0.78
135,3,2009,0.73
135,3,2010,0.74
135,3,2011,0.76
135,3,2012,0.74
135,3,2013,0.94
135,3,2014,0.7
135,3,2015,0.66
135,3,2016,0.65
135,3,2017,0.61
135,3,2018,0.6
135,3,2019,0.59
135,3,2020,0.6
135,3,2021,0.61
135,3,2022,0.62
135,3,2023,0.59
136,3,1980,2.41
136,3,1981,2.27
136,3,1982,2.17
136,3,1983,2.13
136,3,1984,2.06
136,3,1985,1.94
136,3,1986,1.81
136,3,1987,1.72
136,3,1988,1.66
136,3,1989,1.6
136,3,1990,1.57
136,3,1991,1.47
136,3,1992,1.48
136,3,1993,1.47
136,3,1994,1.46
136,3,1995,1.46
136,3,1996,1.45
136,3,1997,1.4
136,3,1998,1.38
136,3,1999,1.37
136,3,2000,1.35
136,3,2001,1.3
136,3,2002,1.28
136,3,2003,1.28
136,3,2004,1.29
136,3,2005,1.25
136,3,2006,1.24
136,3,2007,1.36
136,3,2008,1.18
136,3,2009,1.17
136,3,2010,1.15
136,3,2011,1.1
136,3,2012,1.06
136,3,2013,1.06
136,3,2014,1.02
136,3,2015,1.01
136,3,2016,1.03
136,3,2017,0.97
136,3,2018,0.96
136,3,2019,0.95
136,3,2020,0.94
136,3,2021,0.94
136,3,2022,0.99
136,3,2023,1.05
139,3,1980,4.47
139,3,1981,4.36
139,3,1982,4.21
139,3,1983,4.01
139,3,1984,3.84
139,3,1985,3.63
139,3,1986,3.5
139,3,1987,3.46
139,3,1988,3.43
139,3,1989,3.4
139,3,1990,3.35
139,3,1991,3.26
139,3,1992,3.2
139,3,1993,3.13
139,3,1994,3.17
139,3,1995,2.99
139,3,1996,2.93
139,3,1997,2.9
139,3,1998,2.85
139,3,1999,2.82
139,3,2000,2.78
139,3,2001,2.73
139,3,2002,2.75
139,3,2003,2.57
139,3,2004,2.53
139,3,2005,2.47
139,3,2006,2.41
139,3,2007,2.38
139,3,2008,2.31
139,3,2009,2.27
139,3,2010,2.25
139,3,2011,2.25
139,3,2012,2.24
139,3,2013,2.23
139,3,2014,2.21
139,3,2015,2.24
139,3,2016,2.15
139,3,2017,2.12
139,3,2018,2.12
139,3,2019,2.11
139,3,2020,2.18
139,3,2021,2.43
139,3,2022,2.39
139,3,2023,2.18
140,3,1980,2
140,3,1981,1.94
140,3,1982,1.89
140,3,1983,1.86
140,3,1984,1.83
140,3,1985,1.76
140,3,1986,1.74
140,3,1987,1.79
140,3,1988,1.8
140,3,1989,1.82
140,3,1990,1.86
140,3,1991,1.88
140,3,1992,1.89
140,3,1993,1.88
140,3,1994,1.91
140,3,1995,1.93
140,3,1996,1.95
140,3,1997,1.98
140,3,1998,1.94
140,3,1999,1.91
140,3,2000,1.9
140,3,2001,1.88
140,3,2002,1.81
140,3,2003,1.73
140,3,2004,1.63
140,3,2005,1.56
140,3,2006,1.5
140,3,2007,1.43
140,3,2008,1.36
140,3,2009,1.3
140,3,2010,1.26
140,3,2011,1.23
140,3,2012,2.05
140,3,2013,2.23
140,3,2014,1.11
140,3,2015,1.09
140,3,2016,1.1
140,3,2017,1.11
140,3,2018,1.09
140,3,2019,1.1
140,3,2020,1.12
140,3,2021,1.09
140,3,2022,1.08
140,3,2023,0.95
141,3,1980,3.44
141,3,1981,3.52
141,3,1982,3.58
141,3,1983,3.64
141,3,1984,3.79
141,3,1985,3.89
141,3,1986,3.88
141,3,1987,3.82
141,3,1988,3.82
141,3,1989,3.73
141,3,1990,3.68
141,3,1991,3.5
141,3,1992,3.38
141,3,1993,3.42
141,3,1994,3.43
141,3,1995,3.35
141,3,1996,3.33
141,3,1997,3.32
141,3,1998,3.23
141,3,1999,3.13
141,3,2000,2.94
141,3,2001,2.86
141,3,2002,2.7
141,3,2003,2.35
141,3,2004,2.02
141,3,2005,1.85
141,3,2006,1.67
141,3,2007,1.57
141,3,2008,1.53
141,3,2009,1.53
141,3,2010,1.52
141,3,2011,1.54
141,3,2012,1.55
141,3,2013,1.48
141,3,2014,1.47
141,3,2015,1.46
141,3,2016,1.44
141,3,2017,1.39
141,3,2018,1.35
141,3,2019,1.31
141,3,2020,1.31
141,3,2021,1.36
141,3,2022,1.14
141,3,2023,1.07
142,3,1980,6.12
142,3,1981,5.94
142,3,1982,5.76
142,3,1983,5.59
142,3,1984,5.48
142,3,1985,5.36
142,3,1986,5.3
142,3,1987,5.23
142,3,1988,5.2
142,3,1989,5.16
142,3,1990,5.09
142,3,1991,4.97
142,3,1992,4.87
142,3,1993,4.78
142,3,1994,4.72
142,3,1995,4.64
142,3,1996,4.55
142,3,1997,4.48
142,3,1998,4.42
142,3,1999,4.4
142,3,2000,4.39
142,3,2001,4.39
142,3,2002,4.39
142,3,2003,4.2
142,3,2004,3.95
142,3,2005,3.84
142,3,2006,3.51
142,3,2007,3.32
142,3,2008,3.16
142,3,2009,3.02
142,3,2010,2.9
142,3,2011,2.78
142,3,2012,2.68
142,3,2013,2.6
142,3,2014,2.53
142,3,2015,2.47
142,3,2016,2.46
142,3,2017,2.49
142,3,2018,2.48
142,3,2019,2.53
142,3,2020,2.45
142,3,2021,2.61
142,3,2022,2.66
142,3,2023,2.58
143,3,1980,5.02
143,3,1981,4.43
143,3,1982,4.45
143,3,1983,4.47
143,3,1984,4.5
143,3,1985,4.54
143,3,1986,4.58
143,3,1987,4.58
143,3,1988,4.56
143,3,1989,4.61
143,3,1990,4.59
143,3,1991,4.58
143,3,1992,4.55
143,3,1993,4.52
143,3,1994,4.49
143,3,1995,4.46
143,3,1996,4.46
143,3,1997,4.46
143,3,1998,4.44
143,3,1999,4.44
143,3,2000,4.42
143,3,2001,4.4
143,3,2002,4.42
143,3,2003,4.45
143,3,2004,4.46
143,3,2005,4.56
143,3,2006,4.5
143,3,2007,4.48
143,3,2008,4.48
143,3,2009,4.38
143,3,2010,4.41
143,3,2011,4.23
143,3,2012,4.15
143,3,2013,4.04
143,3,2014,3.98
143,3,2015,3.89
143,3,2016,3.91
143,3,2017,3.86
143,3,2018,3.85
143,3,2019,3.9
143,3,2020,4.29
143,3,2021,4.9
143,3,2022,4.14
143,3,2023,4.21
144,3,1980,4.97
144,3,1981,4.85
144,3,1982,4.8
144,3,1983,4.69
144,3,1984,4.57
144,3,1985,4.46
144,3,1986,4.41
144,3,1987,4.3
144,3,1988,4.17
144,3,1989,4.08
144,3,1990,4
144,3,1991,3.97
144,3,1992,3.91
144,3,1993,3.94
144,3,1994,3.91
144,3,1995,3.92
144,3,1996,3.92
144,3,1997,3.88
144,3,1998,3.86
144,3,1999,3.84
144,3,2000,3.81
144,3,2001,3.78
144,3,2002,3.74
144,3,2003,3.66
144,3,2004,3.59
144,3,2005,3.46
144,3,2006,3.35
144,3,2007,3.21
144,3,2008,3.1
144,3,2009,2.97
144,3,2010,2.84
144,3,2011,2.76
144,3,2012,2.65
144,3,2013,2.51
144,3,2014,2.41
144,3,2015,2.29
144,3,2016,2.22
144,3,2017,2.12
144,3,2018,2.01
144,3,2019,1.97
144,3,2020,1.89
144,3,2021,1.83
144,3,2022,1.73
144,3,2023,1.66
145,3,1980,6.42
145,3,1981,5.67
145,3,1982,4.2
145,3,1983,3.7
145,3,1984,3.12
145,3,1985,2.79
145,3,1986,1.91
145,3,1987,1.74
145,3,1988,1.72
145,3,1989,1.75
145,3,1990,1.91
145,3,1991,2.12
145,3,1992,2.16
145,3,1993,2.22
145,3,1994,1.78
145,3,1995,0.94
145,3,1996,1.04
145,3,1997,2.45
145,3,1998,2.52
145,3,1999,2.69
145,3,2000,3
145,3,2001,2.97
145,3,2002,2.89
145,3,2003,2.69
145,3,2004,2.16
145,3,2005,1.85
145,3,2006,1.77
145,3,2007,1.67
145,3,2008,1.56
145,3,2009,3.51
145,3,2010,1.18
145,3,2011,1.1
145,3,2012,1.06
145,3,2013,0.93
145,3,2014,0.87
145,3,2015,0.74
145,3,2016,0.75
145,3,2017,0.69
145,3,2018,0.61
145,3,2019,0.57
145,3,2020,0.58
145,3,2021,0.56
145,3,2022,0.51
145,3,2023,0.47
146,3,1980,1.47
146,3,1981,1.45
146,3,1982,1.43
146,3,1983,1.43
146,3,1984,1.41
146,3,1985,1.4
146,3,1986,1.4
146,3,1987,1.4
146,3,1988,1.41
146,3,1989,1.42
146,3,1990,3
146,3,1991,1.37
146,3,1992,1.39
146,3,1993,1.42
146,3,1994,1.43
146,3,1995,1.44
146,3,1996,1.46
146,3,1997,1.49
146,3,1998,1.51
146,3,1999,1.52
146,3,2000,1.53
146,3,2001,1.56
146,3,2002,1.56
146,3,2003,1.57
146,3,2004,1.59
146,3,2005,1.62
146,3,2006,1.63
146,3,2007,1.68
146,3,2008,1.68
146,3,2009,1.71
146,3,2010,1.72
146,3,2011,1.77
146,3,2012,1.79
146,3,2013,1.79
146,3,2014,1.77
146,3,2015,1.73
146,3,2016,1.68
146,3,2017,1.63
146,3,2018,1.63
146,3,2019,1.72
146,3,2020,1.86
146,3,2021,1.62
146,3,2022,1.75
146,3,2023,1.68
147,3,1980,6.53
147,3,1981,6.19
147,3,1982,5.88
147,3,1983,5.62
147,3,1984,5.37
147,3,1985,5.08
147,3,1986,4.8
147,3,1987,4.55
147,3,1988,4.36
147,3,1989,4.23
147,3,1990,4.09
147,3,1991,3.95
147,3,1992,3.8
147,3,1993,3.68
147,3,1994,3.56
147,3,1995,3.43
147,3,1996,3.28
147,3,1997,3.26
147,3,1998,3.23
147,3,1999,3.18
147,3,2000,3.17
147,3,2001,3.19
147,3,2002,3.2
147,3,2003,3.16
147,3,2004,3.09
147,3,2005,3.06
147,3,2006,3
147,3,2007,3.06
147,3,2008,3.17
147,3,2009,3.25
147,3,2010,3.31
147,3,2011,3.37
147,3,2012,3.33
147,3,2013,3.25
147,3,2014,3.24
147,3,2015,3.15
147,3,2016,3.13
147,3,2017,3.15
147,3,2018,3.11
147,3,2019,3.12
147,3,2020,3.23
147,3,2021,3.45
147,3,2022,3.02
147,3,2023,2.58
148,3,1980,3.94
148,3,1981,3.88
148,3,1982,3.75
148,3,1983,3.68
148,3,1984,3.6
148,3,1985,3.52
148,3,1986,3.46
148,3,1987,3.39
148,3,1988,3.33
148,3,1989,3.28
148,3,1990,3.19
148,3,1991,3.15
148,3,1992,3.1
148,3,1993,3.06
148,3,1994,2.99
148,3,1995,2.92
148,3,1996,2.86
148,3,1997,2.94
148,3,1998,2.74
148,3,1999,2.68
148,3,2000,2.61
148,3,2001,2.55
148,3,2002,2.7
148,3,2003,2.4
148,3,2004,2.32
148,3,2005,2.25
148,3,2006,2.18
148,3,2007,2.13
148,3,2008,2.08
148,3,2009,2.05
148,3,2010,2.01
148,3,2011,1.97
148,3,2012,1.93
148,3,2013,1.92
148,3,2014,1.91
148,3,2015,1.98
148,3,2016,1.97
148,3,2017,1.92
148,3,2018,1.92
148,3,2019,1.85
148,3,2020,1.9
148,3,2021,1.83
148,3,2022,1.67
148,3,2023,1.56
149,3,1980,1.35
149,3,1981,1.32
149,3,1982,1.29
149,3,1983,1.28
149,3,1984,1.27
149,3,1985,1.26
149,3,1986,1.25
149,3,1987,1.24
149,3,1988,1.24
149,3,1989,1.24
149,3,1990,1.24
149,3,1991,1.25
149,3,1992,1.26
149,3,1993,1.28
149,3,1994,1.29
149,3,1995,1.3
149,3,1996,1.31
149,3,1997,1.33
149,3,1998,1.35
149,3,1999,1.36
149,3,2000,1.37
149,3,2001,1.37
149,3,2002,1.37
149,3,2003,1.32
149,3,2004,1.28
149,3,2005,1.25
149,3,2006,1.21
149,3,2007,1.16
149,3,2008,1.12
149,3,2009,1.09
149,3,2010,1.05
149,3,2011,1.04
149,3,2012,1.03
149,3,2013,0.99
149,3,2014,0.96
149,3,2015,0.9
149,3,2016,0.87
149,3,2017,0.84
149,3,2018,0.81
149,3,2019,0.79
149,3,2020,0.77
149,3,2021,0.75
149,3,2022,1.29
149,3,2023,0.76
150,3,1980,2.08
150,3,1981,1.95
150,3,1982,1.96
150,3,1983,1.92
150,3,1984,1.87
150,3,1985,1.84
150,3,1986,1.81
150,3,1987,1.78
150,3,1988,1.75
150,3,1989,1.72
150,3,1990,1.68
150,3,1991,1.6
150,3,1992,1.55
150,3,1993,1.48
150,3,1994,1.44
150,3,1995,1.37
150,3,1996,1.3
150,3,1997,1.24
150,3,1998,1.19
150,3,1999,1.14
150,3,2000,1.11
150,3,2001,1.07
150,3,2002,1.04
150,3,2003,1
150,3,2004,0.96
150,3,2005,0.92
150,3,2006,0.9
150,3,2007,0.89
150,3,2008,0.88
150,3,2009,0.87
150,3,2010,0.87
150,3,2011,0.85
150,3,2012,0.84
150,3,2013,0.82
150,3,2014,0.8
150,3,2015,0.77
150,3,2016,0.74
150,3,2017,0.74
150,3,2018,0.72
150,3,2019,0.74
150,3,2020,0.76
150,3,2021,0.76
150,3,2022,0.76
150,3,2023,0.71
151,3,1980,2.79
151,3,1981,2.78
151,3,1982,2.72
151,3,1983,2.63
151,3,1984,2.44
151,3,1985,2.33
151,3,1986,2.29
151,3,1987,2.25
151,3,1988,2.18
151,3,1989,2.12
151,3,1990,2.06
151,3,1991,2.01
151,3,1992,1.99
151,3,1993,1.97
151,3,1994,1.84
151,3,1995,1.68
151,3,1996,1.85
151,3,1997,2
151,3,1998,2.03
151,3,1999,2.09
151,3,2000,2.14
151,3,2001,2.21
151,3,2002,2.17
151,3,2003,2.07
151,3,2004,2.03
151,3,2005,1.98
151,3,2006,1.93
151,3,2007,1.88
151,3,2008,1.78
151,3,2009,1.66
151,3,2010,1.55
151,3,2011,1.43
151,3,2012,2.39
151,3,2013,1.23
151,3,2014,1.17
151,3,2015,1.07
151,3,2016,1.55
151,3,2017,0.99
151,3,2018,0.93
151,3,2019,0.88
151,3,2020,0.85
151,3,2021,0.86
151,3,2022,0.92
151,3,2023,0.91
152,3,1980,6.34
152,3,1981,6.2
152,3,1982,6.02
152,3,1983,5.82
152,3,1984,5.66
152,3,1985,5.52
152,3,1986,5.4
152,3,1987,5.28
152,3,1988,5.32
152,3,1989,5.37
152,3,1990,5.35
152,3,1991,5.37
152,3,1992,5.36
152,3,1993,5.33
152,3,1994,5.29
152,3,1995,5.25
152,3,1996,5.3
152,3,1997,7.54
152,3,1998,5.13
152,3,1999,5.38
152,3,2000,5.16
152,3,2001,5.14
152,3,2002,5.23
152,3,2003,5.65
152,3,2004,4.86
152,3,2005,4.72
152,3,2006,4.61
152,3,2007,4.75
152,3,2008,4.42
152,3,2009,4.32
152,3,2010,4.24
152,3,2011,4.14
152,3,2012,4.18
152,3,2013,4.05
152,3,2014,4.13
152,3,2015,4.04
152,3,2016,3.84
152,3,2017,3.77
152,3,2018,3.6
152,3,2019,3.5
152,3,2020,3.41
152,3,2021,3.22
152,3,2022,3.22
152,3,2023,2.98
153,3,1980,2.79
153,3,1981,2.77
153,3,1982,2.72
153,3,1983,2.7
153,3,1984,2.57
153,3,1985,2.62
153,3,1986,2.6
153,3,1987,2.57
153,3,1988,2.55
153,3,1989,2.54
153,3,1990,2.54
153,3,1991,2.52
153,3,1992,2.54
153,3,1993,2.49
153,3,1994,2.49
153,3,1995,2.49
153,3,1996,2.48
153,3,1997,2.47
153,3,1998,2.5
153,3,1999,2.56
153,3,2000,2.51
153,3,2001,2.36
153,3,2002,2.31
153,3,2003,2.14
153,3,2004,2.03
153,3,2005,1.92
153,3,2006,1.84
153,3,2007,1.78
153,3,2008,1.76
153,3,2009,1.7
153,3,2010,1.68
153,3,2011,1.68
153,3,2012,1.64
153,3,2013,1.6
153,3,2014,1.58
153,3,2015,1.56
153,3,2016,1.58
153,3,2017,1.61
153,3,2018,1.63
153,3,2019,1.65
153,3,2020,1.61
153,3,2021,1.55
153,3,2022,1.61
153,3,2023,1.45
154,3,1980,7.27
154,3,1981,7.12
154,3,1982,6.96
154,3,1983,6.77
154,3,1984,6.58
154,3,1985,6.43
154,3,1986,6.37
154,3,1987,6.27
154,3,1988,6.3
154,3,1989,6.08
154,3,1990,6.03
154,3,1991,6
154,3,1992,5.86
154,3,1993,5.72
154,3,1994,5.54
154,3,1995,5.5
154,3,1996,5.38
154,3,1997,5.26
154,3,1998,5.21
154,3,1999,5.17
154,3,2000,5.15
154,3,2001,5.1
154,3,2002,5.05
154,3,2003,5.05
154,3,2004,4.96
154,3,2005,4.9
154,3,2006,4.84
154,3,2007,4.78
154,3,2008,4.69
154,3,2009,4.61
154,3,2010,4.51
154,3,2011,4.41
154,3,2012,4.33
154,3,2013,4.22
154,3,2014,4.11
154,3,2015,4
154,3,2016,3.86
154,3,2017,3.79
154,3,2018,3.71
154,3,2019,3.64
154,3,2020,3.21
154,3,2021,3.32
154,3,2022,3.51
154,3,2023,3.3
155,3,1980,1.33
155,3,1981,1.3
155,3,1982,1.26
155,3,1983,1.34
155,3,1984,1.22
155,3,1985,1.22
155,3,1986,1.16
155,3,1987,1.14
155,3,1988,1.13
155,3,1989,1.14
155,3,1990,1.16
155,3,1991,1.13
155,3,1992,1.13
155,3,1993,1.14
155,3,1994,1.12
155,3,1995,1.1
155,3,1996,1.11
155,3,1997,1.05
155,3,1998,1.02
155,3,1999,0.99
155,3,2000,0.94
155,3,2001,0.9
155,3,2002,0.86
155,3,2003,0.78
155,3,2004,0.71
155,3,2005,0.67
155,3,2006,0.64
155,3,2007,0.61
155,3,2008,0.59
155,3,2009,0.56
155,3,2010,0.54
155,3,2011,0.53
155,3,2012,0.52
155,3,2013,0.53
155,3,2014,0.53
155,3,2015,0.52
155,3,2016,0.52
155,3,2017,0.5
155,3,2018,0.48
155,3,2019,0.46
155,3,2020,0.48
155,3,2021,0.47
155,3,2022,0.49
155,3,2023,0.43
156,3,1980,4.07
156,3,1981,4.05
156,3,1982,4
156,3,1983,3.92
156,3,1984,3.86
156,3,1985,3.82
156,3,1986,3.75
156,3,1987,3.69
156,3,1988,3.6
156,3,1989,3.54
156,3,1990,3.45
156,3,1991,3.39
156,3,1992,3.36
156,3,1993,3.32
156,3,1994,3.25
156,3,1995,3.18
156,3,1996,3.14
156,3,1997,3.09
156,3,1998,3.02
156,3,1999,2.92
156,3,2000,2.84
156,3,2001,3.32
156,3,2002,2.7
156,3,2003,2.63
156,3,2004,2.54
156,3,2005,2.39
156,3,2006,2.39
156,3,2007,2.29
156,3,2008,2.29
156,3,2009,1.87
156,3,2010,1.69
156,3,2011,1.53
156,3,2012,1.37
156,3,2013,1.25
156,3,2014,1.13
156,3,2015,1.01
156,3,2016,0.94
156,3,2017,0.87
156,3,2018,0.81
156,3,2019,0.79
156,3,2020,0.79
156,3,2021,0.81
156,3,2022,0.89
156,3,2023,1.02
157,3,1980,7.93
157,3,1981,7.71
157,3,1982,7.52
157,3,1983,7.37
157,3,1984,7.24
157,3,1985,7.07
157,3,1986,6.93
157,3,1987,6.76
157,3,1988,6.6
157,3,1989,6.49
157,3,1990,6.38
157,3,1991,6.26
157,3,1992,6.11
157,3,1993,5.94
157,3,1994,5.74
157,3,1995,5.5
157,3,1996,5.29
157,3,1997,5.07
157,3,1998,4.85
157,3,1999,4.68
157,3,2000,4.51
157,3,2001,4.32
157,3,2002,4.2
157,3,2003,3.98
157,3,2004,3.8
157,3,2005,3.62
157,3,2006,3.45
157,3,2007,3.4
157,3,2008,3.36
157,3,2009,3.23
157,3,2010,3.07
157,3,2011,2.97
157,3,2012,2.82
157,3,2013,2.81
157,3,2014,2.76
157,3,2015,2.7
157,3,2016,2.62
157,3,2017,2.52
157,3,2018,2.4
157,3,2019,2.35
157,3,2020,2.35
157,3,2021,2.55
157,3,2022,2.16
157,3,2023,2.11
160,3,1980,1.49
160,3,1981,1.48
160,3,1982,1.45
160,3,1983,1.42
160,3,1984,1.42
160,3,1985,1.45
160,3,1986,1.45
160,3,1987,1.43
160,3,1988,1.42
160,3,1989,1.41
160,3,1990,1.43
160,3,1991,1.42
160,3,1992,1.42
160,3,1993,1.44
160,3,1994,1.45
160,3,1995,1.45
160,3,1996,1.43
160,3,1997,1.42
160,3,1998,1.41
160,3,1999,1.42
160,3,2000,1.43
160,3,2001,1.44
160,3,2002,1.37
160,3,2003,1.47
160,3,2004,1.53
160,3,2005,1.53
160,3,2006,1.5
160,3,2007,1.47
160,3,2008,1.45
160,3,2009,1.42
160,3,2010,1.42
160,3,2011,1.38
160,3,2012,1.35
160,3,2013,1.35
160,3,2014,1.32
160,3,2015,1.31
160,3,2016,1.29
160,3,2017,1.28
160,3,2018,1.24
160,3,2019,1.24
160,3,2020,1.3
160,3,2021,1.28
160,3,2022,1.12
160,3,2023,1.41
161,3,1980,2.73
161,3,1981,2.69
161,3,1982,2.69
161,3,1983,2.74
161,3,1984,2.77
161,3,1985,2.83
161,3,1986,2.91
161,3,1987,2.93
161,3,1988,2.98
161,3,1989,3.01
161,3,1990,3.06
161,3,1991,3.1
161,3,1992,3.06
161,3,1993,3.03
161,3,1994,2.99
161,3,1995,2.97
161,3,1996,2.89
161,3,1997,2.81
161,3,1998,2.72
161,3,1999,2.66
161,3,2000,2.59
161,3,2001,2.49
161,3,2002,2.42
161,3,2003,2.33
161,3,2004,2.22
161,3,2005,2.14
161,3,2006,2.09
161,3,2007,2.09
161,3,2008,2.05
161,3,2009,2.03
161,3,2010,2.13
161,3,2011,1.91
161,3,2012,1.81
161,3,2013,1.8
161,3,2014,1.79
161,3,2015,1.83
161,3,2016,1.83
161,3,2017,1.85
161,3,2018,1.82
161,3,2019,1.9
161,3,2020,1.82
161,3,2021,1.97
161,3,2022,1.71
161,3,2023,2.22
162,3,1980,2.54
162,3,1981,2.52
162,3,1982,2.46
162,3,1983,2.43
162,3,1984,2.38
162,3,1985,2.36
162,3,1986,2.34
162,3,1987,2.17
162,3,1988,2.18
162,3,1989,2.22
162,3,1990,2.43
162,3,1991,2.44
162,3,1992,2.47
162,3,1993,2.47
162,3,1994,2.44
162,3,1995,2.47
162,3,1996,2.44
162,3,1997,2.45
162,3,1998,2.34
162,3,1999,2.13
162,3,2000,2.2
162,3,2001,2.11
162,3,2002,2.03
162,3,2003,1.98
162,3,2004,1.88
162,3,2005,1.79
162,3,2006,1.7
162,3,2007,1.62
162,3,2008,1.55
162,3,2009,1.48
162,3,2010,1.43
162,3,2011,1.37
162,3,2012,1.31
162,3,2013,1.27
162,3,2014,1.22
162,3,2015,1.19
162,3,2016,1.16
162,3,2017,1.14
162,3,2018,1.13
162,3,2019,1.13
162,3,2020,1.15
162,3,2021,1.17
162,3,2022,1.19
162,3,2023,1.82
163,3,1980,3.29
163,3,1981,3.21
163,3,1982,3.17
163,3,1983,3.15
163,3,1984,3.16
163,3,1985,3.17
163,3,1986,3.18
163,3,1987,3.18
163,3,1988,3.18
163,3,1989,3.19
163,3,1990,3.18
163,3,1991,3.15
163,3,1992,3.11
163,3,1993,3.04
163,3,1994,2.99
163,3,1995,3.05
163,3,1996,2.98
163,3,1997,3.02
163,3,1998,2.97
163,3,1999,2.92
163,3,2000,2.86
163,3,2001,2.8
163,3,2002,2.76
163,3,2003,2.72
163,3,2004,2.7
163,3,2005,2.67
163,3,2006,2.69
163,3,2007,2.72
163,3,2008,2.7
163,3,2009,2.67
163,3,2010,2.63
163,3,2011,2.57
163,3,2012,2.5
163,3,2013,2.53
163,3,2014,2.49
163,3,2015,2.46
163,3,2016,2.44
163,3,2017,2.42
163,3,2018,2.36
163,3,2019,2.33
163,3,2020,2.38
163,3,2021,2.5
163,3,2022,2.36
163,3,2023,2.8
164,3,1980,3.18
164,3,1981,3.16
164,3,1982,3.14
164,3,1983,3.11
164,3,1984,3.09
164,3,1985,3.06
164,3,1986,3.02
164,3,1987,2.99
164,3,1988,2.97
164,3,1989,2.95
164,3,1990,2.92
164,3,1991,3.14
164,3,1992,3.17
164,3,1993,2.74
164,3,1994,2.65
164,3,1995,2.55
164,3,1996,2.44
164,3,1997,2.37
164,3,1998,2.3
164,3,1999,2.41
164,3,2000,2.18
164,3,2001,2.15
164,3,2002,2.14
164,3,2003,2.18
164,3,2004,2.21
164,3,2005,2.29
164,3,2006,2.34
164,3,2007,2.35
164,3,2008,2.35
164,3,2009,2.36
164,3,2010,2.32
164,3,2011,2.27
164,3,2012,2.22
164,3,2013,2.23
164,3,2014,2.21
164,3,2015,2.17
164,3,2016,2.19
164,3,2017,2.09
164,3,2018,2.02
164,3,2019,1.98
164,3,2020,2.03
164,3,2021,1.98
164,3,2022,1.87
164,3,2023,1.93
165,3,1980,2.72
165,3,1981,2.68
165,3,1982,2.65
165,3,1983,2.62
165,3,1984,2.61
165,3,1985,2.61
165,3,1986,2.63
165,3,1987,2.64
165,3,1988,2.66
165,3,1989,2.68
165,3,1990,2.71
165,3,1991,2.72
165,3,1992,2.72
165,3,1993,2.71
165,3,1994,2.67
165,3,1995,2.64
165,3,1996,2.59
165,3,1997,2.56
165,3,1998,2.53
165,3,1999,2.52
165,3,2000,2.52
165,3,2001,2.51
165,3,2002,2.5
165,3,2003,2.54
165,3,2004,2.5
165,3,2005,2.54
165,3,2006,2.49
165,3,2007,2.47
165,3,2008,2.54
165,3,2009,2.58
165,3,2010,2.53
165,3,2011,2.47
165,3,2012,2.41
165,3,2013,2.39
165,3,2014,2.36
165,3,2015,2.32
165,3,2016,2.28
165,3,2017,2.23
165,3,2018,2.15
165,3,2019,2.11
165,3,2020,2.22
165,3,2021,2.16
165,3,2022,1.85
165,3,2023,1.99
168,3,1980,11.09
168,3,1981,11.1
168,3,1982,11.13
168,3,1983,11.13
168,3,1984,11.06
168,3,1985,11.06
168,3,1986,11.13
168,3,1987,11.07
168,3,1988,11.01
168,3,1989,11.16
168,3,1990,10.89
168,3,1991,10.73
168,3,1992,10.54
168,3,1993,10.43
168,3,1994,10.27
168,3,1995,9.92
168,3,1996,9.25
168,3,1997,8.87
168,3,1998,8.93
168,3,1999,8.75
168,3,2000,8.45
168,3,2001,8.14
168,3,2002,7.86
168,3,2003,7.58
168,3,2004,8.01
168,3,2005,7.29
168,3,2006,7.14
168,3,2007,6.95
168,3,2008,6.83
168,3,2009,6.61
168,3,2010,6.5
168,3,2011,6.32
168,3,2012,6.15
168,3,2013,6.01
168,3,2014,5.76
168,3,2015,5.68
168,3,2016,5.44
168,3,2017,5.24
168,3,2018,5.02
168,3,2019,4.93
168,3,2020,4.94
168,3,2021,4.69
168,3,2022,4.37
168,3,2023,5.32
169,3,1980,10
169,3,1981,10.05
169,3,1982,10.08
169,3,1983,9.94
169,3,1984,10.04
169,3,1985,10.05
169,3,1986,10.25
169,3,1987,10.26
169,3,1988,10.19
169,3,1989,10.21
169,3,1990,10.23
169,3,1991,10.43
169,3,1992,10.42
169,3,1993,10.63
169,3,1994,10.61
169,3,1995,10.34
169,3,1996,10.32
169,3,1997,9.99
169,3,1998,9.92
169,3,1999,9.82
169,3,2000,9.53
169,3,2001,9.33
169,3,2002,9.28
169,3,2003,9.05
169,3,2004,8.93
169,3,2005,8.85
169,3,2006,9.05
169,3,2007,9.11
169,3,2008,9.07
169,3,2009,9.16
169,3,2010,9.4
169,3,2011,9.43
169,3,2012,9.36
169,3,2013,9.45
169,3,2014,9.44
169,3,2015,9.51
169,3,2016,9.57
169,3,2017,9.77
169,3,2018,9.88
169,3,2019,10
169,3,2020,10.65
169,3,2021,11.11
169,3,2022,10.64
169,3,2023,10.5
170,3,1980,10.46
170,3,1981,10.04
170,3,1982,10.06
170,3,1983,10.32
170,3,1984,9.97
170,3,1985,9.85
170,3,1986,9.56
170,3,1987,9.63
170,3,1988,9.65
170,3,1989,9.32
170,3,1990,9.33
170,3,1991,9.19
170,3,1992,9.14
170,3,1993,9
170,3,1994,9.3
170,3,1995,9.06
170,3,1996,8.89
170,3,1997,8.95
170,3,1998,8.34
170,3,1999,8.3
170,3,2000,8.17
170,3,2001,7.71
170,3,2002,7.61
170,3,2003,7.66
170,3,2004,7.56
170,3,2005,7.76
170,3,2006,7.78
170,3,2007,7.8
170,3,2008,7.83
170,3,2009,7.74
170,3,2010,7.47
170,3,2011,7.16
170,3,2012,6.97
170,3,2013,6.71
170,3,2014,6.48
170,3,2015,6.24
170,3,2016,6
170,3,2017,5.77
170,3,2018,5.53
170,3,2019,5.39
170,3,2020,5.32
170,3,2021,5.28
170,3,2022,4.94
170,3,2023,5.66
171,3,1980,10.16
171,3,1981,10.13
171,3,1982,10.14
171,3,1983,10.13
171,3,1984,10.15
171,3,1985,10.29
171,3,1986,10.11
171,3,1987,10.03
171,3,1988,10.01
171,3,1989,9.92
171,3,1990,9.9
171,3,1991,9.92
171,3,1992,9.85
171,3,1993,9.7
171,3,1994,9.49
171,3,1995,9.4
171,3,1996,9.36
171,3,1997,9.16
171,3,1998,9.14
171,3,1999,9.1
171,3,2000,9.41
171,3,2001,9.11
171,3,2002,9.09
171,3,2003,9.13
171,3,2004,9.07
171,3,2005,9.1
171,3,2006,9.2
171,3,2007,9.24
171,3,2008,9.31
171,3,2009,9.39
171,3,2010,9.48
171,3,2011,9.56
171,3,2012,9.75
171,3,2013,10.02
171,3,2014,10.26
171,3,2015,10.3
171,3,2016,10.23
171,3,2017,10.07
171,3,2018,9.98
171,3,2019,9.83
171,3,2020,9.81
171,3,2021,9.93
171,3,2022,9.1
171,3,2023,9.48
172,3,1980,11.18
172,3,1981,11.09
172,3,1982,10.86
172,3,1983,10.76
172,3,1984,10.73
172,3,1985,10.62
172,3,1986,10.05
172,3,1987,9.78
172,3,1988,10.12
172,3,1989,10.05
172,3,1990,9.93
172,3,1991,9.79
172,3,1992,9.53
172,3,1993,9.34
172,3,1994,9.03
172,3,1995,8.89
172,3,1996,8.68
172,3,1997,8.4
172,3,1998,8.12
172,3,1999,7.91
172,3,2000,7.9
172,3,2001,7.57
172,3,2002,7.06
172,3,2003,6.78
172,3,2004,6.56
172,3,2005,6.37
172,3,2006,6.2
172,3,2007,5.95
172,3,2008,5.77
172,3,2009,5.72
172,3,2010,5.5
172,3,2011,5.18
172,3,2012,4.94
172,3,2013,4.71
172,3,2014,4.53
172,3,2015,4.26
172,3,2016,4.11
172,3,2017,4.06
172,3,2018,3.94
172,3,2019,3.82
172,3,2020,3.92
172,3,2021,3.86
172,3,2022,3.52
172,3,2023,4.29
173,3,1980,5.88
173,3,1981,5.82
173,3,1982,5.91
173,3,1983,6.08
173,3,1984,5.85
173,3,1985,5.73
173,3,1986,5.53
173,3,1987,5.4
173,3,1988,5.26
173,3,1989,5.14
173,3,1990,4.91
173,3,1991,4.85
173,3,1992,4.73
173,3,1993,4.5
173,3,1994,4.4
173,3,1995,4.35
173,3,1996,4.21
173,3,1997,4.12
173,3,1998,4.01
173,3,1999,3.85
173,3,2000,3.8
173,3,2001,3.72
173,3,2002,3.67
173,3,2003,3.62
173,3,2004,3.6
173,3,2005,3.7
173,3,2006,3.67
173,3,2007,3.65
173,3,2008,3.61
173,3,2009,3.57
173,3,2010,3.45
173,3,2011,3.42
173,3,2012,3.41
173,3,2013,3.46
173,3,2014,3.51
173,3,2015,3.54
173,3,2016,3.51
173,3,2017,3.46
173,3,2018,3.42
173,3,2019,3.4
173,3,2020,3.44
173,3,2021,3.42
173,3,2022,3.21
173,3,2023,2.96
175,3,1980,10.47
175,3,1981,10.5
175,3,1982,10.57
175,3,1983,10.63
175,3,1984,10.63
175,3,1985,10.61
175,3,1986,10.58
175,3,1987,10.53
175,3,1988,10.44
175,3,1989,10.36
175,3,1990,10.28
175,3,1991,10.21
175,3,1992,10.14
175,3,1993,10.11
175,3,1994,9.85
175,3,1995,9.67
175,3,1996,9.64
175,3,1997,9.51
175,3,1998,9.31
175,3,1999,9.15
175,3,2000,9.1
175,3,2001,8.94
175,3,2002,9.02
175,3,2003,9.05
175,3,2004,9.16
175,3,2005,9.12
175,3,2006,9.08
175,3,2007,9.07
175,3,2008,9.08
175,3,2009,9.17
175,3,2010,9.36
175,3,2011,9.48
175,3,2012,9.51
175,3,2013,9.55
175,3,2014,9.61
175,3,2015,9.58
175,3,2016,9.48
175,3,2017,9.47
175,3,2018,9.52
175,3,2019,9.62
175,3,2020,9.42
175,3,2021,9.61
175,3,2022,9.28
175,3,2023,9.37
176,3,1980,8.05
176,3,1981,7.93
176,3,1982,7.85
176,3,1983,7.74
176,3,1984,7.65
176,3,1985,7.56
176,3,1986,7.43
176,3,1987,7.4
176,3,1988,7.37
176,3,1989,7.37
176,3,1990,7.41
176,3,1991,7.42
176,3,1992,7.37
176,3,1993,7.26
176,3,1994,7.13
176,3,1995,6.93
176,3,1996,6.84
176,3,1997,6.58
176,3,1998,6.45
176,3,1999,6.19
176,3,2000,6.12
176,3,2001,5.89
176,3,2002,5.82
176,3,2003,5.62
176,3,2004,5.36
176,3,2005,5.44
176,3,2006,5.35
176,3,2007,5.66
176,3,2008,5.75
176,3,2009,5.7
176,3,2010,5.55
176,3,2011,5.6
176,3,2012,5.45
176,3,2013,5.3
176,3,2014,5.54
176,3,2015,5.47
176,3,2016,5.43
176,3,2017,5.45
176,3,2018,5.33
176,3,2019,5.33
176,3,2020,5.44
176,3,2021,5.62
176,3,2022,5.34
176,3,2023,5.29
177,3,1980,5.82
177,3,1981,5.79
177,3,1982,5.77
177,3,1983,5.74
177,3,1984,5.69
177,3,1985,5.67
177,3,1986,5.59
177,3,1987,5.55
177,3,1988,5.47
177,3,1989,5.41
177,3,1990,5.28
177,3,1991,5.05
177,3,1992,4.95
177,3,1993,5.06
177,3,1994,4.57
177,3,1995,4.53
177,3,1996,4.32
177,3,1997,4.05
177,3,1998,3.92
177,3,1999,3.73
177,3,2000,3.57
177,3,2001,3.43
177,3,2002,3.33
177,3,2003,3.19
177,3,2004,3.23
177,3,2005,3.16
177,3,2006,3.14
177,3,2007,3.19
177,3,2008,3.23
177,3,2009,3.25
177,3,2010,3.32
177,3,2011,3.35
177,3,2012,3.39
177,3,2013,3.42
177,3,2014,3.41
177,3,2015,3.49
177,3,2016,3.55
177,3,2017,3.61
177,3,2018,3.53
177,3,2019,3.55
177,3,2020,3.49
177,3,2021,3.5
177,3,2022,3.52
177,3,2023,3.01
178,3,1980,9.82
178,3,1981,9.73
178,3,1982,9.65
178,3,1983,9.58
178,3,1984,9.48
178,3,1985,9.39
178,3,1986,9.25
178,3,1987,9.11
178,3,1988,8.95
178,3,1989,8.83
178,3,1990,8.69
178,3,1991,8.54
178,3,1992,8.35
178,3,1993,8.14
178,3,1994,7.99
178,3,1995,7.93
178,3,1996,7.8
178,3,1997,7.67
178,3,1998,7.54
178,3,1999,7.46
178,3,2000,7.39
178,3,2001,7.28
178,3,2002,7.35
178,3,2003,7.38
178,3,2004,7.58
178,3,2005,7.66
178,3,2006,7.72
178,3,2007,7.8
178,3,2008,7.9
178,3,2009,7.89
178,3,2010,7.94
178,3,2011,7.93
178,3,2012,7.89
178,3,2013,7.91
178,3,2014,7.87
178,3,2015,7.8
178,3,2016,7.81
178,3,2017,7.76
178,3,2018,7.71
178,3,2019,7.73
178,3,2020,7.66
178,3,2021,7.79
178,3,2022,7.11
178,3,2023,7.62
179,3,1980,10.44
179,3,1981,10.42
179,3,1982,10.41
179,3,1983,10.33
179,3,1984,10.31
179,3,1985,10.4
179,3,1986,10.35
179,3,1987,10.31
179,3,1988,10.26
179,3,1989,10.2
179,3,1990,10.15
179,3,1991,10.11
179,3,1992,10.11
179,3,1993,10.05
179,3,1994,9.96
179,3,1995,9.89
179,3,1996,9.77
179,3,1997,9.67
179,3,1998,9.5
179,3,1999,9.33
179,3,2000,9.17
179,3,2001,9.03
179,3,2002,8.92
179,3,2003,8.69
179,3,2004,8.52
179,3,2005,8.53
179,3,2006,8.51
179,3,2007,8.52
179,3,2008,8.54
179,3,2009,8.45
179,3,2010,8.36
179,3,2011,8.29
179,3,2012,8.13
179,3,2013,7.96
179,3,2014,7.89
179,3,2015,7.79
179,3,2016,7.64
179,3,2017,7.54
179,3,2018,7.42
179,3,2019,7.52
179,3,2020,7.21
179,3,2021,6.98
179,3,2022,7.05
179,3,2023,7.18
180,3,1980,10.49
180,3,1981,10.46
180,3,1982,10.45
180,3,1983,10.4
180,3,1984,10.4
180,3,1985,10.39
180,3,1986,10.36
180,3,1987,10.31
180,3,1988,10.26
180,3,1989,10.27
180,3,1990,10.32
180,3,1991,10.35
180,3,1992,10.4
180,3,1993,10.45
180,3,1994,10.48
180,3,1995,10.49
180,3,1996,10.48
180,3,1997,10.49
180,3,1998,10.59
180,3,1999,10.43
180,3,2000,10.51
180,3,2001,10.65
180,3,2002,10.43
180,3,2003,10.38
180,3,2004,10.35
180,3,2005,10.24
180,3,2006,10.02
180,3,2007,9.85
180,3,2008,9.59
180,3,2009,9.54
180,3,2010,9.31
180,3,2011,9.21
180,3,2012,9.17
180,3,2013,9.07
180,3,2014,9.01
180,3,2015,8.94
180,3,2016,8.88
180,3,2017,8.89
180,3,2018,8.84
180,3,2019,8.68
180,3,2020,9.08
180,3,2021,9.18
180,3,2022,8.27
180,3,2023,8.34
181,3,1980,11.6
181,3,1981,11.62
181,3,1982,11.95
181,3,1983,12.01
181,3,1984,12.13
181,3,1985,12.22
181,3,1986,12.42
181,3,1987,12.54
181,3,1988,12.44
181,3,1989,12.52
181,3,1990,12.45
181,3,1991,12.36
181,3,1992,12.25
181,3,1993,12.25
181,3,1994,11.97
181,3,1995,11.89
181,3,1996,11.72
181,3,1997,11.53
181,3,1998,11.34
181,3,1999,11.11
181,3,2000,10.95
181,3,2001,10.74
181,3,2002,10.64
181,3,2003,10.51
181,3,2004,10.36
181,3,2005,10.39
181,3,2006,10.35
181,3,2007,10.34
181,3,2008,10.39
181,3,2009,10.38
181,3,2010,10.29
181,3,2011,10.3
181,3,2012,10.32
181,3,2013,10.24
181,3,2014,10.28
181,3,2015,10.34
181,3,2016,10.51
181,3,2017,10.35
181,3,2018,10.32
181,3,2019,10.28
181,3,2020,10.69
181,3,2021,10.59
181,3,2022,9.84
181,3,2023,9.9
182,3,1980,8.63
182,3,1981,8.65
182,3,1982,8.7
182,3,1983,8.76
182,3,1984,8.82
182,3,1985,8.89
182,3,1986,8.98
182,3,1987,8.95
182,3,1988,8.91
182,3,1989,8.83
182,3,1990,8.68
182,3,1991,8.52
182,3,1992,8.36
182,3,1993,8.23
182,3,1994,8.1
182,3,1995,8.02
182,3,1996,7.9
182,3,1997,7.84
182,3,1998,7.8
182,3,1999,7.91
182,3,2000,8.03
182,3,2001,7.92
182,3,2002,7.89
182,3,2003,7.81
182,3,2004,7.77
182,3,2005,7.53
182,3,2006,7.37
182,3,2007,7.2
182,3,2008,7.08
182,3,2009,7.16
182,3,2010,7.33
182,3,2011,7.47
182,3,2012,7.47
182,3,2013,7.36
182,3,2014,7.28
182,3,2015,7.28
182,3,2016,7.19
182,3,2017,7.22
182,3,2018,7.35
182,3,2019,7.38
182,3,2020,7.22
182,3,2021,6.46
182,3,2022,6.79
182,3,2023,6.74
183,3,1980,14.94
183,3,1981,12.64
183,3,1982,11.68
183,3,1983,13.1
183,3,1984,10.72
183,3,1985,10.89
183,3,1986,10.61
183,3,1987,10.95
183,3,1988,10.23
183,3,1989,10.33
183,3,1990,7.76
183,3,1991,6.82
183,3,1992,6.49
183,3,1993,6.59
183,3,1994,6.49
183,3,1995,6.26
183,3,1996,5.63
183,3,1997,4.65
183,3,1998,3.77
183,3,1999,3.7
183,3,2000,3.75
183,3,2001,3.58
183,3,2002,3.46
183,3,2003,3.25
183,3,2004,2.76
183,3,2005,2.19
183,3,2006,2.28
183,3,2007,2.14
183,3,2008,1.99
183,3,2009,2.07
183,3,2010,2.18
183,3,2011,2.04
183,3,2012,1.9
183,3,2013,1.77
183,3,2014,1.74
183,3,2015,1.79
183,3,2016,1.8
183,3,2017,1.67
183,3,2018,1.53
183,3,2019,1.36
183,3,2020,1.3
183,3,2021,1.29
183,3,2022,1.33
183,3,2023,1.36
184,3,1980,6.43
184,3,1981,6.34
184,3,1982,6.3
184,3,1983,6.27
184,3,1984,6.27
184,3,1985,6.27
184,3,1986,6.34
184,3,1987,6.29
184,3,1988,6.25
184,3,1989,6.18
184,3,1990,6.14
184,3,1991,6.09
184,3,1992,6.07
184,3,1993,6.01
184,3,1994,5.92
184,3,1995,5.89
184,3,1996,5.88
184,3,1997,5.85
184,3,1998,5.81
184,3,1999,5.79
184,3,2000,5.83
184,3,2001,5.73
184,3,2002,5.74
184,3,2003,5.59
184,3,2004,5.49
184,3,2005,5.39
184,3,2006,5.54
184,3,2007,5.51
184,3,2008,5.68
184,3,2009,5.27
184,3,2010,5.1
184,3,2011,4.86
184,3,2012,4.77
184,3,2013,4.65
184,3,2014,4.54
184,3,2015,4.49
184,3,2016,4.42
184,3,2017,4.39
184,3,2018,4.34
184,3,2019,4.48
184,3,2020,4.49
184,3,2021,4.83
184,3,2022,4.38
184,3,2023,4.43
185,3,1980,11.45
185,3,1981,11.35
185,3,1982,11.35
185,3,1983,11.38
185,3,1984,11.45
185,3,1985,11.59
185,3,1986,11.69
185,3,1987,11.78
185,3,1988,12
185,3,1989,12.31
185,3,1990,12.69
185,3,1991,12.97
185,3,1992,13.34
185,3,1993,13.68
185,3,1994,14.5
185,3,1995,13.72
185,3,1996,13.3
185,3,1997,13.18
185,3,1998,13.05
185,3,1999,12.69
185,3,2000,12.15
185,3,2001,11.51
185,3,2002,11.17
185,3,2003,10.81
185,3,2004,11
185,3,2005,10.92
185,3,2006,10.86
185,3,2007,10.71
185,3,2008,10.47
185,3,2009,10.18
185,3,2010,10.18
185,3,2011,10.13
185,3,2012,10.09
185,3,2013,10.13
185,3,2014,10.34
185,3,2015,10.36
185,3,2016,10.25
185,3,2017,10.19
185,3,2018,10.17
185,3,2019,10.25
185,3,2020,10.48
185,3,2021,10.64
185,3,2022,10.29
185,3,2023,10.15
186,3,1980,2.94
186,3,1981,2.98
186,3,1982,2.96
186,3,1983,2.91
186,3,1984,2.84
186,3,1985,2.84
186,3,1986,2.8
186,3,1987,2.78
186,3,1988,2.73
186,3,1989,2.71
186,3,1990,2.67
186,3,1991,2.59
186,3,1992,2.54
186,3,1993,2.46
186,3,1994,2.41
186,3,1995,2.29
186,3,1996,2.21
186,3,1997,2.14
186,3,1998,2.07
186,3,1999,2.02
186,3,2000,1.96
186,3,2001,1.93
186,3,2002,1.9
186,3,2003,1.85
186,3,2004,1.77
186,3,2005,1.7
186,3,2006,1.69
186,3,2007,1.66
186,3,2008,1.63
186,3,2009,1.63
186,3,2010,1.61
186,3,2011,1.58
186,3,2012,1.57
186,3,2013,1.56
186,3,2014,1.55
186,3,2015,1.54
186,3,2016,1.51
186,3,2017,1.47
186,3,2018,1.46
186,3,2019,1.4
186,3,2020,1.43
186,3,2021,1.55
186,3,2022,1.52
186,3,2023,1.5
187,3,1980,8.8
187,3,1981,8.94
187,3,1982,8.93
187,3,1983,8.9
187,3,1984,8.84
187,3,1985,8.84
187,3,1986,8.84
187,3,1987,8.77
187,3,1988,8.77
187,3,1989,8.77
187,3,1990,8.69
187,3,1991,8.74
187,3,1992,8.87
187,3,1993,8.8
187,3,1994,8.92
187,3,1995,8.87
187,3,1996,8.87
187,3,1997,8.9
187,3,1998,8.87
187,3,1999,8.87
187,3,2000,8.94
187,3,2001,8.9
187,3,2002,9.01
187,3,2003,8.85
187,3,2004,8.9
187,3,2005,8.93
187,3,2006,8.78
187,3,2007,8.8
187,3,2008,8.88
187,3,2009,8.85
187,3,2010,8.74
187,3,2011,8.67
187,3,2012,8.55
187,3,2013,8.51
187,3,2014,8.4
187,3,2015,8.23
187,3,2016,8.1
187,3,2017,7.91
187,3,2018,7.84
187,3,2019,7.85
187,3,2020,8.06
187,3,2021,7.45
187,3,2022,7.64
187,3,2023,7.67
189,3,1980,7.76
189,3,1981,7.76
189,3,1982,7.69
189,3,1983,7.65
189,3,1984,7.62
189,3,1985,7.59
189,3,1986,7.56
189,3,1987,7.5
189,3,1988,7.45
189,3,1989,7.43
189,3,1990,7.42
189,3,1991,7.4
189,3,1992,7.38
189,3,1993,7.32
189,3,1994,7.43
189,3,1995,7.17
189,3,1996,7.07
189,3,1997,6.98
189,3,1998,6.86
189,3,1999,6.68
189,3,2000,6.55
189,3,2001,6.48
189,3,2002,6.5
189,3,2003,6.53
189,3,2004,6.46
189,3,2005,6.34
189,3,2006,6.32
189,3,2007,6.31
189,3,2008,6.23
189,3,2009,6.27
189,3,2010,6.16
189,3,2011,6.1
189,3,2012,6.18
189,3,2013,6.13
189,3,2014,5.96
189,3,2015,6.03
189,3,2016,6
189,3,2017,5.95
189,3,2018,5.85
189,3,2019,5.72
189,3,2020,5.53
189,3,2021,5.42
189,3,2022,5.36
189,3,2023,5.37
190,3,1980,5.13
190,3,1981,4.85
190,3,1982,5.21
190,3,1983,5.18
190,3,1984,5.12
190,3,1985,5.01
190,3,1986,4.93
190,3,1987,4.87
190,3,1988,4.82
190,3,1989,5.06
190,3,1990,5.19
190,3,1991,5.37
190,3,1992,5.42
190,3,1993,5.49
190,3,1994,5.54
190,3,1995,5.52
190,3,1996,5.48
190,3,1997,5.41
190,3,1998,5.39
190,3,1999,5.34
190,3,2000,5.36
190,3,2001,5.48
190,3,2002,5.33
190,3,2003,5.27
190,3,2004,5.37
190,3,2005,5.41
190,3,2006,5.42
190,3,2007,5.36
190,3,2008,5.45
190,3,2009,5.36
190,3,2010,5.39
190,3,2011,5.44
190,3,2012,5.48
190,3,2013,5.63
190,3,2014,5.65
190,3,2015,5.55
190,3,2016,5.54
190,3,2017,5.45
190,3,2018,5.37
190,3,2019,5.28
190,3,2020,5.24
190,3,2021,5.23
190,3,2022,5.12
190,3,2023,5.2
191,3,1980,8.82
191,3,1981,8.86
191,3,1982,8.87
191,3,1983,8.88
191,3,1984,8.91
191,3,1985,8.99
191,3,1986,9.01
191,3,1987,8.97
191,3,1988,8.94
191,3,1989,8.93
191,3,1990,8.88
191,3,1991,8.84
191,3,1992,8.77
191,3,1993,8.66
191,3,1994,8.55
191,3,1995,8.43
191,3,1996,8.3
191,3,1997,8.16
191,3,1998,8.01
191,3,1999,7.87
191,3,2000,7.8
191,3,2001,7.76
191,3,2002,7.64
191,3,2003,7.57
191,3,2004,7.63
191,3,2005,7.64
191,3,2006,7.66
191,3,2007,7.61
191,3,2008,7.71
191,3,2009,7.75
191,3,2010,7.81
191,3,2011,7.88
191,3,2012,7.86
191,3,2013,7.9
191,3,2014,7.88
191,3,2015,7.89
191,3,2016,7.85
191,3,2017,7.95
191,3,2018,7.83
191,3,2019,7.77
191,3,2020,7.67
191,3,2021,7.5
191,3,2022,7.13
191,3,2023,7.09
193,3,1980,9.51
193,3,1981,9.4
193,3,1982,9.25
193,3,1983,9.1
193,3,1984,8.94
193,3,1985,8.79
193,3,1986,8.61
193,3,1987,8.43
193,3,1988,7.89
193,3,1989,7.85
193,3,1990,7.75
193,3,1991,7.4
193,3,1992,7.06
193,3,1993,6.73
193,3,1994,6.53
193,3,1995,6.44
193,3,1996,6.42
193,3,1997,6.51
193,3,1998,6.69
193,3,1999,6.77
193,3,2000,6.82
193,3,2001,6.84
193,3,2002,6.63
193,3,2003,6.15
193,3,2004,5.68
193,3,2005,5.46
193,3,2006,5.56
193,3,2007,5.31
193,3,2008,5.31
193,3,2009,5.31
193,3,2010,5.28
193,3,2011,5.22
193,3,2012,5.14
193,3,2013,5.09
193,3,2014,5.04
193,3,2015,5.02
193,3,2016,4.93
193,3,2017,4.85
193,3,2018,4.81
193,3,2019,4.75
193,3,2020,4.71
193,3,2021,4.59
193,3,2022,4.39
193,3,2023,4.14
194,3,1980,8.37
194,3,1981,8.17
194,3,1982,7.99
194,3,1983,7.81
194,3,1984,7.64
194,3,1985,7.48
194,3,1986,7.33
194,3,1987,7.22
194,3,1988,7.15
194,3,1989,7.03
194,3,1990,6.9
194,3,1991,6.76
194,3,1992,6.62
194,3,1993,6.49
194,3,1994,6.37
194,3,1995,6.26
194,3,1996,6.24
194,3,1997,6.29
194,3,1998,6.41
194,3,1999,6.58
194,3,2000,7
194,3,2001,7.98
194,3,2002,8.71
194,3,2003,8.32
194,3,2004,7.9
194,3,2005,7.18
194,3,2006,6.38
194,3,2007,6.01
194,3,2008,6.1
194,3,2009,6.31
194,3,2010,6.49
194,3,2011,6.64
194,3,2012,6.74
194,3,2013,6.81
194,3,2014,6.83
194,3,2015,6.76
194,3,2016,6.56
194,3,2017,6.42
194,3,2018,6.31
194,3,2019,6.2
194,3,2020,6
194,3,2021,5.66
194,3,2022,5.81
194,3,2023,6.23
195,3,1980,10.17
195,3,1981,10.06
195,3,1982,9.97
195,3,1983,9.79
195,3,1984,9.64
195,3,1985,9.47
195,3,1986,9.26
195,3,1987,8.99
195,3,1988,8.86
195,3,1989,8.84
195,3,1990,8.85
195,3,1991,8.84
195,3,1992,8.8
195,3,1993,8.69
195,3,1994,8.49
195,3,1995,8.22
195,3,1996,7.97
195,3,1997,7.79
195,3,1998,7.71
195,3,1999,7.64
195,3,2000,7.58
195,3,2001,7.36
195,3,2002,7.32
195,3,2003,7.2
195,3,2004,6.97
195,3,2005,6.87
195,3,2006,6.78
195,3,2007,6.9
195,3,2008,7
195,3,2009,7.01
195,3,2010,7.01
195,3,2011,7.02
195,3,2012,7
195,3,2013,7
195,3,2014,6.9
195,3,2015,6.81
195,3,2016,6.69
195,3,2017,6.55
195,3,2018,6.44
195,3,2019,6.38
195,3,2020,6.16
195,3,2021,5.53
195,3,2022,5.99
195,3,2023,6.27
196,3,1980,12.2
196,3,1981,11.72
196,3,1982,11.14
196,3,1983,10.6
196,3,1984,9.99
196,3,1985,9.38
196,3,1986,8.91
196,3,1987,8.39
196,3,1988,7.91
196,3,1989,7.53
196,3,1990,7.12
196,3,1991,6.79
196,3,1992,6.58
196,3,1993,6.42
196,3,1994,6.54
196,3,1995,6.32
196,3,1996,6.47
196,3,1997,6.56
196,3,1998,6.56
196,3,1999,6.1
196,3,2000,5.82
196,3,2001,5.63
196,3,2002,5.48
196,3,2003,5.45
196,3,2004,5.22
196,3,2005,5.14
196,3,2006,5.22
196,3,2007,5.32
196,3,2008,5.29
196,3,2009,5.26
196,3,2010,5.33
196,3,2011,5.27
196,3,2012,5.22
196,3,2013,5.15
196,3,2014,5.07
196,3,2015,4.97
196,3,2016,4.88
196,3,2017,4.78
196,3,2018,4.71
196,3,2019,4.61
196,3,2020,4.26
196,3,2021,4.29
196,3,2022,4.37
196,3,2023,4.17
197,3,1980,11.19
197,3,1981,11.02
197,3,1982,10.85
197,3,1983,10.63
197,3,1984,10.53
197,3,1985,10.39
197,3,1986,10.25
197,3,1987,10.1
197,3,1988,10.01
197,3,1989,9.94
197,3,1990,9.93
197,3,1991,9.88
197,3,1992,9.81
197,3,1993,9.68
197,3,1994,9.59
197,3,1995,9.47
197,3,1996,9.27
197,3,1997,8.99
197,3,1998,8.7
197,3,1999,8.51
197,3,2000,8.47
197,3,2001,8.61
197,3,2002,8.73
197,3,2003,8.91
197,3,2004,9.11
197,3,2005,9.21
197,3,2006,9.11
197,3,2007,9.1
197,3,2008,8.66
197,3,2009,8.54
197,3,2010,8.36
197,3,2011,8.13
197,3,2012,7.82
197,3,2013,7.48
197,3,2014,7.13
197,3,2015,6.79
197,3,2016,6.54
197,3,2017,6.5
197,3,2018,6.46
197,3,2019,6.34
197,3,2020,5.96
197,3,2021,5.78
197,3,2022,5.72
197,3,2023,6.03
198,3,1980,7.03
198,3,1981,6.87
198,3,1982,6.69
198,3,1983,6.48
198,3,1984,6.25
198,3,1985,5.96
198,3,1986,5.67
198,3,1987,5.34
198,3,1988,4.89
198,3,1989,4.71
198,3,1990,4.52
198,3,1991,4.35
198,3,1992,4.22
198,3,1993,4.1
198,3,1994,4.11
198,3,1995,4.12
198,3,1996,4.08
198,3,1997,4.11
198,3,1998,4.17
198,3,1999,4.25
198,3,2000,4.32
198,3,2001,4.39
198,3,2002,4.47
198,3,2003,4.51
198,3,2004,4.49
198,3,2005,4.48
198,3,2006,4.49
198,3,2007,4.46
198,3,2008,4.6
198,3,2009,4.7
198,3,2010,4.84
198,3,2011,5.1
198,3,2012,5.2
198,3,2013,5.2
198,3,2014,5.16
198,3,2015,5.12
198,3,2016,5.09
198,3,2017,5
198,3,2018,4.96
198,3,2019,4.9
198,3,2020,4.64
198,3,2021,4.31
198,3,2022,4.52
198,3,2023,4.13
200,3,1980,3.23
200,3,1981,3.26
200,3,1982,3.31
200,3,1983,3.36
200,3,1984,3.41
200,3,1985,3.44
200,3,1986,3.48
200,3,1987,3.5
200,3,1988,3.51
200,3,1989,3.55
200,3,1990,3.62
200,3,1991,3.71
200,3,1992,3.8
200,3,1993,3.88
200,3,1994,3.96
200,3,1995,4.03
200,3,1996,4.13
200,3,1997,4.21
200,3,1998,4.31
200,3,1999,4.37
200,3,2000,4.49
200,3,2001,4.46
200,3,2002,4.56
200,3,2003,4.48
200,3,2004,4.45
200,3,2005,4.42
200,3,2006,4.43
200,3,2007,4.39
200,3,2008,4.51
200,3,2009,4.51
200,3,2010,4.55
200,3,2011,4.56
200,3,2012,4.6
200,3,2013,4.69
200,3,2014,4.61
200,3,2015,4.58
200,3,2016,4.83
200,3,2017,4.47
200,3,2018,4.36
200,3,2019,4.39
200,3,2020,4.57
200,3,2021,4.67
200,3,2022,4.67
200,3,2023,4.98
201,3,1980,9.23
201,3,1981,9.06
201,3,1982,8.95
201,3,1983,8.87
201,3,1984,8.78
201,3,1985,8.66
201,3,1986,8.74
201,3,1987,8.7
201,3,1988,8.65
201,3,1989,8.58
201,3,1990,8.55
201,3,1991,8.43
201,3,1992,8.4
201,3,1993,8.43
201,3,1994,8.39
201,3,1995,8.35
201,3,1996,8.29
201,3,1997,8.2
201,3,1998,8.13
201,3,1999,8.06
201,3,2000,8.25
201,3,2001,8.04
201,3,2002,8.2
201,3,2003,7.99
201,3,2004,7.89
201,3,2005,7.83
201,3,2006,7.8
201,3,2007,7.42
201,3,2008,7.46
201,3,2009,7.35
201,3,2010,7.27
201,3,2011,7.13
201,3,2012,7.06
201,3,2013,7
201,3,2014,6.8
201,3,2015,6.91
201,3,2016,6.99
201,3,2017,6.96
201,3,2018,6.87
201,3,2019,6.84
201,3,2020,6.54
201,3,2021,6.66
201,3,2022,6.52
201,3,2023,6.79
202,3,1980,3.37
202,3,1981,3.37
202,3,1982,3.36
202,3,1983,3.31
202,3,1984,3.31
202,3,1985,3.35
202,3,1986,3.33
202,3,1987,3.39
202,3,1988,3.45
202,3,1989,3.53
202,3,1990,3.6
202,3,1991,3.67
202,3,1992,3.74
202,3,1993,3.8
202,3,1994,3.84
202,3,1995,3.89
202,3,1996,3.96
202,3,1997,4.05
202,3,1998,4.14
202,3,1999,4.2
202,3,2000,4.32
202,3,2001,4.31
202,3,2002,4.47
202,3,2003,4.41
202,3,2004,4.35
202,3,2005,4.3
202,3,2006,4.31
202,3,2007,4.24
202,3,2008,4.29
202,3,2009,4.36
202,3,2010,4.45
202,3,2011,4.48
202,3,2012,4.44
202,3,2013,4.41
202,3,2014,4.33
202,3,2015,4.27
202,3,2016,4.28
202,3,2017,4.23
202,3,2018,4.16
202,3,2019,4.05
202,3,2020,3.89
202,3,2021,3.81
202,3,2022,3.74
202,3,2023,4.28
203,3,1980,3.73
203,3,1981,3.66
203,3,1982,3.67
203,3,1983,3.59
203,3,1984,3.53
203,3,1985,3.42
203,3,1986,3.4
203,3,1987,3.36
203,3,1988,3.33
203,3,1989,3.33
203,3,1990,3.33
203,3,1991,3.35
203,3,1992,3.34
203,3,1993,3.34
203,3,1994,3.37
203,3,1995,3.55
203,3,1996,3.43
203,3,1997,3.48
203,3,1998,3.47
203,3,1999,3.45
203,3,2000,3.37
203,3,2001,3.26
203,3,2002,3.15
203,3,2003,3.03
203,3,2004,2.92
203,3,2005,2.84
203,3,2006,2.75
203,3,2007,2.68
203,3,2008,2.6
203,3,2009,2.54
203,3,2010,2.52
203,3,2011,2.49
203,3,2012,2.49
203,3,2013,2.55
203,3,2014,2.63
203,3,2015,2.6
203,3,2016,2.61
203,3,2017,2.52
203,3,2018,2.68
203,3,2019,2.59
203,3,2020,2.29
203,3,2021,2.2
203,3,2022,2.25
203,3,2023,2.55
204,3,1980,3.44
204,3,1981,3.46
204,3,1982,3.5
204,3,1983,3.53
204,3,1984,3.58
204,3,1985,3.62
204,3,1986,3.65
204,3,1987,3.69
204,3,1988,3.73
204,3,1989,3.81
204,3,1990,4.03
204,3,1991,4.08
204,3,1992,4.19
204,3,1993,4.33
204,3,1994,4.35
204,3,1995,4.41
204,3,1996,4.57
204,3,1997,4.7
204,3,1998,4.84
204,3,1999,4.95
204,3,2000,5.11
204,3,2001,5.24
204,3,2002,5.35
204,3,2003,5.33
204,3,2004,5.28
204,3,2005,5.25
204,3,2006,5.26
204,3,2007,5.31
204,3,2008,5.29
204,3,2009,5.24
204,3,2010,5.27
204,3,2011,5.24
204,3,2012,5.2
204,3,2013,5.27
204,3,2014,5.27
204,3,2015,5.27
204,3,2016,5.3
204,3,2017,5.3
204,3,2018,5.29
204,3,2019,5.31
204,3,2020,5.27
204,3,2021,5.45
204,3,2022,5.06
204,3,2023,5.13
205,3,1980,6.62
205,3,1981,6.52
205,3,1982,6.45
205,3,1983,6.4
205,3,1984,6.31
205,3,1985,6.24
205,3,1986,6.26
205,3,1987,6.19
205,3,1988,6.22
205,3,1989,6.22
205,3,1990,6.19
205,3,1991,6.15
205,3,1992,6.12
205,3,1993,6.13
205,3,1994,6.11
205,3,1995,6.08
205,3,1996,6.05
205,3,1997,6.02
205,3,1998,6
205,3,1999,5.93
205,3,2000,5.92
205,3,2001,5.74
205,3,2002,5.69
205,3,2003,5.53
205,3,2004,5.46
205,3,2005,5.45
205,3,2006,5.59
205,3,2007,5.56
205,3,2008,5.58
205,3,2009,5.49
205,3,2010,5.34
205,3,2011,5.23
205,3,2012,5.4
205,3,2013,5.61
205,3,2014,5.59
205,3,2015,5.64
205,3,2016,5.63
205,3,2017,5.62
205,3,2018,5.52
205,3,2019,5.49
205,3,2020,5.44
205,3,2021,5.31
205,3,2022,5.03
205,3,2023,5.2
206,3,1980,4.13
206,3,1981,4.02
206,3,1982,3.94
206,3,1983,3.86
206,3,1984,3.8
206,3,1985,3.64
206,3,1986,3.74
206,3,1987,3.77
206,3,1988,3.86
206,3,1989,3.81
206,3,1990,4.21
206,3,1991,4.27
206,3,1992,4.4
206,3,1993,4.32
206,3,1994,4.19
206,3,1995,4.46
206,3,1996,4.2
206,3,1997,4.1
206,3,1998,4.18
206,3,1999,4.3
206,3,2000,4.02
206,3,2001,3.81
206,3,2002,3.77
206,3,2003,3.75
206,3,2004,4.08
206,3,2005,4.09
206,3,2006,3.92
206,3,2007,3.82
206,3,2008,3.63
206,3,2009,3.59
206,3,2010,3.53
206,3,2011,3.31
206,3,2012,3.31
206,3,2013,3.39
206,3,2014,3.52
206,3,2015,3.39
206,3,2016,3.52
206,3,2017,3.75
206,3,2018,3.71
206,3,2019,3.82
206,3,2020,3.45
206,3,2021,3.3
206,3,2022,3.27
206,3,2023,3.21
207,3,1980,6.1
207,3,1981,6.07
207,3,1982,6.03
207,3,1983,5.98
207,3,1984,5.96
207,3,1985,5.94
207,3,1986,5.93
207,3,1987,5.92
207,3,1988,5.9
207,3,1989,5.87
207,3,1990,5.85
207,3,1991,5.83
207,3,1992,5.84
207,3,1993,5.84
207,3,1994,5.84
207,3,1995,5.8
207,3,1996,5.73
207,3,1997,5.69
207,3,1998,5.62
207,3,1999,5.53
207,3,2000,5.48
207,3,2001,5.43
207,3,2002,5.42
207,3,2003,5.42
207,3,2004,5.39
207,3,2005,5.45
207,3,2006,5.3
207,3,2007,5.16
207,3,2008,5.07
207,3,2009,4.98
207,3,2010,4.9
207,3,2011,4.89
207,3,2012,4.83
207,3,2013,4.87
207,3,2014,4.88
207,3,2015,5.45
207,3,2016,4.86
207,3,2017,4.89
207,3,2018,4.91
207,3,2019,4.93
207,3,2020,5
207,3,2021,5.06
207,3,2022,4.73
207,3,2023,5.64
208,3,1980,3.81
208,3,1981,3.82
208,3,1982,3.92
208,3,1983,3.91
208,3,1984,3.95
208,3,1985,4.02
208,3,1986,4.13
208,3,1987,4.19
208,3,1988,4.25
208,3,1989,4.32
208,3,1990,4.38
208,3,1991,4.48
208,3,1992,4.62
208,3,1993,4.73
208,3,1994,4.85
208,3,1995,4.94
208,3,1996,5.02
208,3,1997,5.13
208,3,1998,5.24
208,3,1999,5.33
208,3,2000,5.38
208,3,2001,5.46
208,3,2002,5.52
208,3,2003,5.5
208,3,2004,5.58
208,3,2005,5.53
208,3,2006,5.55
208,3,2007,5.53
208,3,2008,5.5
208,3,2009,5.42
208,3,2010,5.5
208,3,2011,5.5
208,3,2012,5.45
208,3,2013,5.54
208,3,2014,5.53
208,3,2015,5.47
208,3,2016,5.49
208,3,2017,5.5
208,3,2018,5.51
208,3,2019,5.55
208,3,2020,5.73
208,3,2021,5.74
208,3,2022,5.31
208,3,2023,5.37
209,3,1980,3.47
209,3,1981,3.48
209,3,1982,3.49
209,3,1983,3.5
209,3,1984,3.55
209,3,1985,3.58
209,3,1986,3.62
209,3,1987,3.67
209,3,1988,3.73
209,3,1989,3.81
209,3,1990,3.89
209,3,1991,3.96
209,3,1992,4.02
209,3,1993,4.09
209,3,1994,4.19
209,3,1995,4.23
209,3,1996,4.45
209,3,1997,4.49
209,3,1998,4.76
209,3,1999,4.51
209,3,2000,4.66
209,3,2001,4.78
209,3,2002,4.85
209,3,2003,4.84
209,3,2004,4.83
209,3,2005,4.85
209,3,2006,4.77
209,3,2007,4.93
209,3,2008,5.03
209,3,2009,5.02
209,3,2010,5.08
209,3,2011,5.09
209,3,2012,5.03
209,3,2013,5.13
209,3,2014,5.17
209,3,2015,5.16
209,3,2016,5.3
209,3,2017,5.33
209,3,2018,5.32
209,3,2019,5.41
209,3,2020,5.35
209,3,2021,5.42
209,3,2022,5.1
209,3,2023,5.22
210,3,1980,3.4
210,3,1981,3.42
210,3,1982,3.46
210,3,1983,3.51
210,3,1984,3.58
210,3,1985,3.64
210,3,1986,3.71
210,3,1987,3.77
210,3,1988,3.83
210,3,1989,3.89
210,3,1990,4.06
210,3,1991,4.16
210,3,1992,4.11
210,3,1993,4.26
210,3,1994,4.51
210,3,1995,4.53
210,3,1996,4.76
210,3,1997,4.73
210,3,1998,4.94
210,3,1999,5.07
210,3,2000,5.17
210,3,2001,5.12
210,3,2002,5.16
210,3,2003,5.06
210,3,2004,5.23
210,3,2005,5.18
210,3,2006,5.3
210,3,2007,5.28
210,3,2008,5.39
210,3,2009,5.49
210,3,2010,5.56
210,3,2011,5.52
210,3,2012,5.68
210,3,2013,5.73
210,3,2014,5.51
210,3,2015,5.39
210,3,2016,5.34
210,3,2017,5.31
210,3,2018,5.27
210,3,2019,6.07
210,3,2020,4.97
210,3,2021,4.74
210,3,2022,5.01
210,3,2023,5.16
211,3,1980,3.42
211,3,1981,3.25
211,3,1982,3.45
211,3,1983,3.47
211,3,1984,3.48
211,3,1985,3.52
211,3,1986,3.52
211,3,1987,3.54
211,3,1988,3.59
211,3,1989,3.65
211,3,1990,3.73
211,3,1991,3.81
211,3,1992,3.92
211,3,1993,4.02
211,3,1994,4.13
211,3,1995,4.25
211,3,1996,4.38
211,3,1997,4.49
211,3,1998,4.61
211,3,1999,4.71
211,3,2000,4.84
211,3,2001,4.86
211,3,2002,5.12
211,3,2003,5.08
211,3,2004,5.02
211,3,2005,5
211,3,2006,5.01
211,3,2007,4.96
211,3,2008,5.05
211,3,2009,5.08
211,3,2010,5.05
211,3,2011,5.03
211,3,2012,5.01
211,3,2013,5.08
211,3,2014,5.06
211,3,2015,5.12
211,3,2016,5.41
211,3,2017,5.49
211,3,2018,5.47
211,3,2019,5.42
211,3,2020,5.14
211,3,2021,5.08
211,3,2022,4.95
211,3,2023,4.91
212,3,1980,3.29
212,3,1981,3.34
212,3,1982,3.39
212,3,1983,3.39
212,3,1984,3.57
212,3,1985,3.68
212,3,1986,3.75
212,3,1987,3.82
212,3,1988,3.88
212,3,1989,3.95
212,3,1990,4.01
212,3,1991,4
212,3,1992,4.05
212,3,1993,4.09
212,3,1994,4.03
212,3,1995,4.04
212,3,1996,4.16
212,3,1997,4.2
212,3,1998,4.28
212,3,1999,4.23
212,3,2000,4.28
212,3,2001,4.27
212,3,2002,4.28
212,3,2003,4.1
212,3,2004,4.16
212,3,2005,4.13
212,3,2006,4.18
212,3,2007,4.04
212,3,2008,3.93
212,3,2009,3.99
212,3,2010,3.93
212,3,2011,3.85
212,3,2012,3.86
212,3,2013,3.89
212,3,2014,3.77
212,3,2015,3.7
212,3,2016,3.62
212,3,2017,3.63
212,3,2018,3.55
212,3,2019,3.6
212,3,2020,3.27
212,3,2021,3.15
212,3,2022,2.99
212,3,2023,3.2
213,3,1980,3.89
213,3,1981,3.95
213,3,1982,4.03
213,3,1983,4.08
213,3,1984,4.16
213,3,1985,4.24
213,3,1986,4.32
213,3,1987,4.38
213,3,1988,4.45
213,3,1989,4.52
213,3,1990,4.6
213,3,1991,4.71
213,3,1992,4.83
213,3,1993,4.97
213,3,1994,5.09
213,3,1995,5.25
213,3,1996,5.36
213,3,1997,5.54
213,3,1998,5.69
213,3,1999,5.8
213,3,2000,5.99
213,3,2001,6.07
213,3,2002,6.19
213,3,2003,6.12
213,3,2004,6.03
213,3,2005,6.21
213,3,2006,6.33
213,3,2007,6.35
213,3,2008,6.35
213,3,2009,6.5
213,3,2010,6.47
213,3,2011,6.59
213,3,2012,6.7
213,3,2013,6.95
213,3,2014,6.99
213,3,2015,6.88
213,3,2016,6.91
213,3,2017,6.96
213,3,2018,6.81
213,3,2019,6.88
213,3,2020,6.86
213,3,2021,7.17
213,3,2022,6.92
213,3,2023,6.93
214,3,1980,2.62
214,3,1981,2.65
214,3,1982,2.67
214,3,1983,2.7
214,3,1984,2.74
214,3,1985,2.78
214,3,1986,2.81
214,3,1987,2.86
214,3,1988,2.91
214,3,1989,2.98
214,3,1990,3.04
214,3,1991,3.13
214,3,1992,3.18
214,3,1993,3.24
214,3,1994,3.3
214,3,1995,3.37
214,3,1996,3.47
214,3,1997,3.56
214,3,1998,3.66
214,3,1999,3.74
214,3,2000,3.84
214,3,2001,3.91
214,3,2002,3.94
214,3,2003,3.86
214,3,2004,3.82
214,3,2005,3.77
214,3,2006,3.76
214,3,2007,3.78
214,3,2008,3.65
214,3,2009,3.64
214,3,2010,3.65
214,3,2011,3.59
214,3,2012,3.59
214,3,2013,3.65
214,3,2014,3.64
214,3,2015,3.56
214,3,2016,3.58
214,3,2017,3.52
214,3,2018,3.47
214,3,2019,3.41
214,3,2020,3.32
214,3,2021,3.3
214,3,2022,3.06
214,3,2023,3.33
215,3,1980,0.03
215,3,1981,0.03
215,3,1982,0.03
215,3,1983,0.03
215,3,1984,0.03
215,3,1985,0.03
215,3,1986,0.03
215,3,1987,0.02
215,3,1988,0.03
215,3,1989,0.03
215,3,1990,0.03
215,3,1991,0.03
215,3,1992,0.03
215,3,1993,0.03
215,3,1994,0.03
215,3,1995,0.02
215,3,1996,0.02
215,3,1997,0.02
215,3,1998,0.02
215,3,1999,0.02
215,3,2000,0.02
215,3,2001,0.02
215,3,2002,0.02
215,3,2003,0.02
215,3,2004,0.02
215,3,2005,0.02
215,3,2006,0.02
215,3,2007,0.02
215,3,2008,0.02
215,3,2009,0.02
215,3,2010,0.02
215,3,2011,0.02
215,3,2012,0.02
215,3,2013,0.02
215,3,2014,0.02
215,3,2015,0.01
215,3,2016,0.01
215,3,2017,0.01
215,3,2018,0.01
215,3,2019,0.01
215,3,2020,0.01
215,3,2021,0.01
215,3,2022,0.01
215,3,2023,0.01
216,3,1980,2.98
216,3,1981,2.99
216,3,1982,2.97
216,3,1983,2.98
216,3,1984,3.03
216,3,1985,3.09
216,3,1986,3.05
216,3,1987,3.09
216,3,1988,3.2
216,3,1989,3.45
216,3,1990,3.39
216,3,1991,3.43
216,3,1992,3.46
216,3,1993,3.47
216,3,1994,3.5
216,3,1995,3.47
216,3,1996,3.52
216,3,1997,3.48
216,3,1998,3.49
216,3,1999,3.46
216,3,2000,3.28
216,3,2001,3.74
216,3,2002,3.68
216,3,2003,3.42
216,3,2004,3.66
216,3,2005,3.6
216,3,2006,3.67
216,3,2007,3.61
216,3,2008,3.71
216,3,2009,3.76
216,3,2010,3.65
216,3,2011,3.71
216,3,2012,3.6
216,3,2013,3.75
216,3,2014,4.01
216,3,2015,3.91
216,3,2016,4.01
216,3,2017,4.18
216,3,2018,3.84
216,3,2019,3.91
216,3,2020,3.59
216,3,2021,3.35
216,3,2022,3.57
216,3,2023,3.1
217,3,1980,7.12
217,3,1981,7.03
217,3,1982,6.97
217,3,1983,6.91
217,3,1984,6.84
217,3,1985,6.75
217,3,1986,6.8
217,3,1987,6.83
217,3,1988,6.85
217,3,1989,6.85
217,3,1990,6.88
217,3,1991,6.94
217,3,1992,7.03
217,3,1993,7.01
217,3,1994,6.98
217,3,1995,6.95
217,3,1996,6.9
217,3,1997,6.82
217,3,1998,6.8
217,3,1999,6.69
217,3,2000,6.64
217,3,2001,6.55
217,3,2002,6.62
217,3,2003,6.64
217,3,2004,6.85
217,3,2005,6.94
217,3,2006,7.11
217,3,2007,7.18
217,3,2008,7.17
217,3,2009,7.16
217,3,2010,7.4
217,3,2011,7.44
217,3,2012,7.59
217,3,2013,7.77
217,3,2014,7.76
217,3,2015,7.69
217,3,2016,7.7
217,3,2017,7.87
217,3,2018,7.87
217,3,2019,8.01
217,3,2020,7.85
217,3,2021,8.04
217,3,2022,7.77
217,3,2023,8.01
218,3,1980,3.21
218,3,1981,3.23
218,3,1982,3.26
218,3,1983,3.3
218,3,1984,3.35
218,3,1985,3.41
218,3,1986,3.47
218,3,1987,3.54
218,3,1988,3.61
218,3,1989,3.67
218,3,1990,3.76
218,3,1991,3.84
218,3,1992,3.92
218,3,1993,3.98
218,3,1994,4.03
218,3,1995,4.07
218,3,1996,4.11
218,3,1997,4.17
218,3,1998,4.25
218,3,1999,4.29
218,3,2000,4.4
218,3,2001,4.46
218,3,2002,4.64
218,3,2003,4.57
218,3,2004,4.47
218,3,2005,4.41
218,3,2006,4.38
218,3,2007,4.24
218,3,2008,4.3
218,3,2009,4.38
218,3,2010,4.43
218,3,2011,4.46
218,3,2012,4.38
218,3,2013,4.34
218,3,2014,4.29
218,3,2015,4.26
218,3,2016,4.29
218,3,2017,4.33
218,3,2018,4.3
218,3,2019,4.36
218,3,2020,4.37
218,3,2021,4.35
218,3,2022,4.08
218,3,2023,4.21
298,3,1980,0.63
298,3,1981,0.62
298,3,1982,0.6
298,3,1983,0.59
298,3,1984,0.58
298,3,1985,0.57
298,3,1986,0.56
298,3,1987,0.55
298,3,1988,0.55
298,3,1989,0.55
298,3,1990,0.54
298,3,1991,0.54
298,3,1992,0.53
298,3,1993,0.53
298,3,1994,0.53
298,3,1995,0.53
298,3,1996,0.52
298,3,1997,0.52
298,3,1998,0.52
298,3,1999,0.51
298,3,2000,0.48
298,3,2001,0.43
298,3,2002,0.42
298,3,2003,0.42
298,3,2004,0.41
298,3,2005,0.41
298,3,2006,0.4
298,3,2007,0.39
298,3,2008,0.39
298,3,2009,0.38
298,3,2010,0.38
298,3,2011,0.37
298,3,2012,0.37
298,3,2013,0.36
298,3,2014,0.36
298,3,2015,0.35
298,3,2016,0.36
298,3,2017,0.34
298,3,2018,0.34
298,3,2019,0.34
298,3,2020,0.34
298,3,2021,0.35
298,3,2022,0.32
298,3,2023,0.31
305,3,1980,0.4
305,3,1981,0.39
305,3,1982,0.35
305,3,1983,0.34
305,3,1984,0.32
305,3,1985,0.32
305,3,1986,0.35
305,3,1987,0.36
305,3,1988,0.34
305,3,1989,0.31
305,3,1990,0.28
305,3,1991,0.28
305,3,1992,0.26
305,3,1993,0.27
305,3,1994,0.25
305,3,1995,0.23
305,3,1996,0.24
305,3,1997,0.24
305,3,1998,0.21
305,3,1999,0.19
305,3,2000,0.17
305,3,2001,0.17
305,3,2002,0.16
305,3,2003,0.14
305,3,2004,0.14
305,3,2005,0.14
305,3,2006,0.13
305,3,2007,0.11
305,3,2008,0.11
305,3,2009,0.12
305,3,2010,0.12
305,3,2011,0.11
305,3,2012,0.11
305,3,2013,0.11
305,3,2014,0.12
305,3,2015,0.13
305,3,2016,0.13
305,3,2017,0.11
305,3,2018,0.11
305,3,2019,0.11
305,3,2020,0.11
305,3,2021,0.11
305,3,2022,0.11
305,3,2023,0.1
320,3,1980,0.38
320,3,1981,0.38
320,3,1982,0.37
320,3,1983,0.36
320,3,1984,0.34
320,3,1985,0.33
320,3,1986,0.32
320,3,1987,0.31
320,3,1988,0.3
320,3,1989,0.29
320,3,1990,0.29
320,3,1991,0.29
320,3,1992,0.28
320,3,1993,0.27
320,3,1994,0.27
320,3,1995,0.27
320,3,1996,0.26
320,3,1997,0.26
320,3,1998,0.25
320,3,1999,0.25
320,3,2000,0.25
320,3,2001,0.23
320,3,2002,0.21
320,3,2003,0.2
320,3,2004,0.19
320,3,2005,0.2
320,3,2006,0.19
320,3,2007,0.19
320,3,2008,0.19
320,3,2009,0.19
320,3,2010,0.19
320,3,2011,0.19
320,3,2012,0.19
320,3,2013,0.18
320,3,2014,0.18
320,3,2015,0.17
320,3,2016,0.17
320,3,2017,0.17
320,3,2018,0.17
320,3,2019,0.17
320,3,2020,0.16
320,3,2021,0.16
320,3,2022,0.15
320,3,2023,0.14
349,3,1980,9.44
349,3,1981,9.46
349,3,1982,9.44
349,3,1983,9.42
349,3,1984,9.4
349,3,1985,9.32
349,3,1986,9.36
349,3,1987,9.34
349,3,1988,9.3
349,3,1989,9.36
349,3,1990,9.32
349,3,1991,9.25
349,3,1992,9.19
349,3,1993,9.18
349,3,1994,9.15
349,3,1995,9.18
349,3,1996,9.1
349,3,1997,9.05
349,3,1998,8.86
349,3,1999,8.55
349,3,2000,8.38
349,3,2001,7.95
349,3,2002,7.56
349,3,2003,7.04
349,3,2004,6.82
349,3,2005,6.66
349,3,2006,6.42
349,3,2007,6.17
349,3,2008,5.87
349,3,2009,5.59
349,3,2010,5.37
349,3,2011,5.23
349,3,2012,5.14
349,3,2013,4.94
349,3,2014,4.77
349,3,2015,4.71
349,3,2016,4.64
349,3,2017,4.6
349,3,2018,4.56
349,3,2019,4.51
349,3,2020,4.69
349,3,2021,4.83
349,3,2022,4.5
349,3,2023,4.28
351,3,1980,0.81
351,3,1981,0.78
351,3,1982,0.74
351,3,1983,0.72
351,3,1984,0.71
351,3,1985,0.69
351,3,1986,0.68
351,3,1987,0.67
351,3,1988,0.66
351,3,1989,0.65
351,3,1990,0.65
351,3,1991,0.64
351,3,1992,0.63
351,3,1993,0.62
351,3,1994,0.62
351,3,1995,0.81
351,3,1996,0.82
351,3,1997,0.65
351,3,1998,0.85
351,3,1999,0.74
351,3,2000,0.66
351,3,2001,0.21
351,3,2002,0.27
351,3,2003,0.32
351,3,2004,0.34
351,3,2005,0.44
351,3,2006,0.45
351,3,2007,0.43
351,3,2008,0.47
351,3,2009,0.38
351,3,2010,0.47
351,3,2011,0.44
351,3,2012,0.46
351,3,2013,0.44
351,3,2014,0.39
351,3,2015,0.29
351,3,2016,0.36
351,3,2017,0.23
351,3,2018,0.33
351,3,2019,0.41
351,3,2020,0.35
351,3,2021,0.38
351,3,2022,0.16
351,3,2023,0.17
367,3,1980,0.75
367,3,1981,0.73
367,3,1982,0.73
367,3,1983,0.72
367,3,1984,0.71
367,3,1985,0.69
367,3,1986,0.68
367,3,1987,0.65
367,3,1988,0.64
367,3,1989,0.63
367,3,1990,0.62
367,3,1991,0.6
367,3,1992,0.58
367,3,1993,0.58
367,3,1994,0.57
367,3,1995,0.56
367,3,1996,0.55
367,3,1997,0.53
367,3,1998,0.51
367,3,1999,0.49
367,3,2000,0.47
367,3,2001,0.46
367,3,2002,0.44
367,3,2003,0.44
367,3,2004,0.43
367,3,2005,0.43
367,3,2006,0.43
367,3,2007,0.43
367,3,2008,0.43
367,3,2009,0.43
367,3,2010,0.43
367,3,2011,0.43
367,3,2012,0.43
367,3,2013,0.43
367,3,2014,0.43
367,3,2015,0.43
367,3,2016,0.43
367,3,2017,0.43
367,3,2018,0.43
367,3,2019,0.43
367,3,2020,0.42
367,3,2021,0.43
367,3,2022,0.42
367,3,2023,0.42
369,3,1980,1.13
369,3,1981,1.11
369,3,1982,1.09
369,3,1983,1.08
369,3,1984,1.06
369,3,1985,1.04
369,3,1986,1.03
369,3,1987,1.02
369,3,1988,1.01
369,3,1989,1
369,3,1990,0.98
369,3,1991,0.99
369,3,1992,0.99
369,3,1993,0.99
369,3,1994,0.99
369,3,1995,1.01
369,3,1996,1.01
369,3,1997,1.02
369,3,1998,1.04
369,3,1999,1.05
369,3,2000,1.05
369,3,2001,1.05
369,3,2002,1.04
369,3,2003,1.02
369,3,2004,1
369,3,2005,0.98
369,3,2006,0.96
369,3,2007,0.95
369,3,2008,0.93
369,3,2009,0.92
369,3,2010,0.91
369,3,2011,0.89
369,3,2012,0.87
369,3,2013,0.86
369,3,2014,0.83
369,3,2015,0.82
369,3,2016,0.81
369,3,2017,0.81
369,3,2018,0.8
369,3,2019,0.81
369,3,2020,0.82
369,3,2021,0.85
369,3,2022,0.79
369,3,2023,0.75
374,3,1980,0.84
374,3,1981,0.82
374,3,1982,0.8
374,3,1983,0.79
374,3,1984,0.77
374,3,1985,0.76
374,3,1986,0.75
374,3,1987,0.74
374,3,1988,0.74
374,3,1989,0.74
374,3,1990,0.75
374,3,1991,0.67
374,3,1992,0.74
374,3,1993,0.72
374,3,1994,0.71
374,3,1995,0.7
374,3,1996,0.69
374,3,1997,0.68
374,3,1998,0.7
374,3,1999,0.69
374,3,2000,0.69
374,3,2001,0.67
374,3,2002,0.66
374,3,2003,0.64
374,3,2004,0.63
374,3,2005,0.61
374,3,2006,0.6
374,3,2007,0.58
374,3,2008,0.57
374,3,2009,0.57
374,3,2010,0.56
374,3,2011,0.55
374,3,2012,0.55
374,3,2013,0.54
374,3,2014,0.53
374,3,2015,0.52
374,3,2016,0.52
374,3,2017,0.51
374,3,2018,0.5
374,3,2019,0.48
374,3,2020,0.46
374,3,2021,0.45
374,3,2022,0.43
374,3,2023,0.37
376,3,1980,1.87
376,3,1981,1.84
376,3,1982,1.81
376,3,1983,1.77
376,3,1984,1.73
376,3,1985,1.68
376,3,1986,1.62
376,3,1987,1.57
376,3,1988,1.53
376,3,1989,1.52
376,3,1990,1.51
376,3,1991,1.49
376,3,1992,1.45
376,3,1993,1.42
376,3,1994,1.39
376,3,1995,1.35
376,3,1996,1.3
376,3,1997,1.27
376,3,1998,1.26
376,3,1999,1.24
376,3,2000,1.23
376,3,2001,1.21
376,3,2002,1.21
376,3,2003,1.2
376,3,2004,1.14
376,3,2005,1.07
376,3,2006,0.98
376,3,2007,0.89
376,3,2008,0.83
376,3,2009,0.77
376,3,2010,0.73
376,3,2011,0.69
376,3,2012,0.66
376,3,2013,0.64
376,3,2014,0.62
376,3,2015,0.59
376,3,2016,0.59
376,3,2017,0.58
376,3,2018,0.58
376,3,2019,0.57
376,3,2020,0.58
376,3,2021,0.6
376,3,2022,0.5
376,3,2023,0.42
380,3,1980,5.28
380,3,1981,5.23
380,3,1982,5.19
380,3,1983,5.16
380,3,1984,5.12
380,3,1985,5.08
380,3,1986,5.03
380,3,1987,5.04
380,3,1988,5
380,3,1989,4.99
380,3,1990,4.96
380,3,1991,4.96
380,3,1992,4.96
380,3,1993,4.98
380,3,1994,4.96
380,3,1995,4.98
380,3,1996,5.02
380,3,1997,5.05
380,3,1998,5.11
380,3,1999,5.16
380,3,2000,5.15
380,3,2001,5.13
380,3,2002,5.11
380,3,2003,5.09
380,3,2004,5.11
380,3,2005,5.11
380,3,2006,5.09
380,3,2007,5.07
380,3,2008,5.06
380,3,2009,5.04
380,3,2010,5.02
380,3,2011,5.02
380,3,2012,5.05
380,3,2013,5.1
380,3,2014,5.08
380,3,2015,5.08
380,3,2016,5.13
380,3,2017,5.14
380,3,2018,5.05
380,3,2019,4.78
380,3,2020,4.92
380,3,2021,5.01
380,3,2022,4.62
380,3,2023,4.51
385,3,1980,0.9
385,3,1981,0.84
385,3,1982,0.82
385,3,1983,0.76
385,3,1984,0.74
385,3,1985,0.74
385,3,1986,1.05
385,3,1987,0.89
385,3,1988,0.86
385,3,1989,0.82
385,3,1990,0.73
385,3,1991,0.77
385,3,1992,0.73
385,3,1993,0.76
385,3,1994,0.73
385,3,1995,0.68
385,3,1996,0.68
385,3,1997,0.66
385,3,1998,0.59
385,3,1999,0.52
385,3,2000,0.48
385,3,2001,0.48
385,3,2002,0.44
385,3,2003,0.39
385,3,2004,0.4
385,3,2005,0.39
385,3,2006,0.36
385,3,2007,0.31
385,3,2008,0.34
385,3,2009,0.34
385,3,2010,0.33
385,3,2011,0.32
385,3,2012,0.3
385,3,2013,0.31
385,3,2014,0.33
385,3,2015,0.34
385,3,2016,0.33
385,3,2017,0.3
385,3,2018,0.27
385,3,2019,0.3
385,3,2020,0.28
385,3,2021,0.29
385,3,2022,0.22
385,3,2023,0.21
393,3,1980,8.47
393,3,1981,7.9
393,3,1982,7.49
393,3,1983,6.99
393,3,1984,6.43
393,3,1985,6.1
393,3,1986,6.75
393,3,1987,6.96
393,3,1988,6.59
393,3,1989,6.09
393,3,1990,5.31
393,3,1991,5.44
393,3,1992,4.95
393,3,1993,5
393,3,1994,4.7
393,3,1995,4.23
393,3,1996,4.12
393,3,1997,3.97
393,3,1998,3.9
393,3,1999,3.63
393,3,2000,3.34
393,3,2001,3.38
393,3,2002,3.24
393,3,2003,2.87
393,3,2004,2.88
393,3,2005,2.83
393,3,2006,2.69
393,3,2007,2.3
393,3,2008,2.4
393,3,2009,2.54
393,3,2010,2.48
393,3,2011,2.34
393,3,2012,2.31
393,3,2013,2.34
393,3,2014,2.53
393,3,2015,2.69
393,3,2016,2.68
393,3,2017,2.59
393,3,2018,2.52
393,3,2019,2.46
393,3,2020,2.45
393,3,2021,2.56
393,3,2022,2.4
393,3,2023,2.07
396,3,1980,0.32
396,3,1981,0.31
396,3,1982,0.3
396,3,1983,0.29
396,3,1984,0.29
396,3,1985,0.28
396,3,1986,0.27
396,3,1987,0.26
396,3,1988,0.26
396,3,1989,0.25
396,3,1990,0.25
396,3,1991,0.24
396,3,1992,0.24
396,3,1993,0.23
396,3,1994,0.23
396,3,1995,0.23
396,3,1996,0.22
396,3,1997,0.21
396,3,1998,0.21
396,3,1999,0.21
396,3,2000,0.2
396,3,2001,0.2
396,3,2002,0.19
396,3,2003,0.19
396,3,2004,0.18
396,3,2005,0.17
396,3,2006,0.17
396,3,2007,0.16
396,3,2008,0.16
396,3,2009,0.15
396,3,2010,0.15
396,3,2011,0.14
396,3,2012,0.13
396,3,2013,0.13
396,3,2014,0.13
396,3,2015,0.12
396,3,2016,0.12
396,3,2017,0.12
396,3,2018,0.11
396,3,2019,0.11
396,3,2020,0.11
396,3,2021,0.11
396,3,2022,0.11
396,3,2023,0.12
413,3,1980,0.46
413,3,1981,0.45
413,3,1982,0.44
413,3,1983,0.43
413,3,1984,0.43
413,3,1985,0.43
413,3,1986,0.42
413,3,1987,0.42
413,3,1988,0.41
413,3,1989,0.41
413,3,1990,0.41
413,3,1991,0.41
413,3,1992,0.41
413,3,1993,0.41
413,3,1994,0.41
413,3,1995,0.41
413,3,1996,0.41
413,3,1997,0.41
413,3,1998,0.41
413,3,1999,0.43
413,3,2000,0.42
413,3,2001,0.42
413,3,2002,0.42
413,3,2003,0.4
413,3,2004,0.41
413,3,2005,0.4
413,3,2006,0.4
413,3,2007,0.39
413,3,2008,0.38
413,3,2009,0.37
413,3,2010,0.37
413,3,2011,0.36
413,3,2012,0.36
413,3,2013,0.36
413,3,2014,0.36
413,3,2015,0.35
413,3,2016,0.35
413,3,2017,0.35
413,3,2018,0.34
413,3,2019,0.33
413,3,2020,0.31
413,3,2021,0.3
413,3,2022,0.28
413,3,2023,0.28
416,3,1980,1.36
416,3,1981,1.4
416,3,1982,1.37
416,3,1983,1.33
416,3,1984,1.29
416,3,1985,1.26
416,3,1986,1.22
416,3,1987,1.18
416,3,1988,1.14
416,3,1989,1.11
416,3,1990,1.09
416,3,1991,1.04
416,3,1992,1.01
416,3,1993,0.98
416,3,1994,0.95
416,3,1995,0.92
416,3,1996,0.9
416,3,1997,0.88
416,3,1998,0.86
416,3,1999,0.88
416,3,2000,214.89
416,3,2001,0.83
416,3,2002,0.8
416,3,2003,0.78
416,3,2004,0.74
416,3,2005,0.73
416,3,2006,0.74
416,3,2007,0.74
416,3,2008,0.73
416,3,2009,0.73
416,3,2010,0.72
416,3,2011,0.72
416,3,2012,0.72
416,3,2013,0.72
416,3,2014,0.72
416,3,2015,0.72
416,3,2016,0.73
416,3,2017,0.72
416,3,2018,0.72
416,3,2019,0.72
416,3,2020,0.74
416,3,2021,0.7
416,3,2022,0.65
416,3,2023,0.64
422,3,1980,2.43
422,3,1981,2.4
422,3,1982,2.37
422,3,1983,2.3
422,3,1984,2.25
422,3,1985,2.21
422,3,1986,2.14
422,3,1987,1.97
422,3,1988,1.88
422,3,1989,1.84
422,3,1990,1.74
422,3,1991,1.68
422,3,1992,1.64
422,3,1993,1.63
422,3,1994,1.62
422,3,1995,1.41
422,3,1996,1.41
422,3,1997,1.43
422,3,1998,1.29
422,3,1999,1.19
422,3,2000,1.11
422,3,2001,1.1
422,3,2002,1.01
422,3,2003,0.91
422,3,2004,0.9
422,3,2005,0.86
422,3,2006,0.79
422,3,2007,0.66
422,3,2008,0.7
422,3,2009,0.72
422,3,2010,0.74
422,3,2011,0.71
422,3,2012,0.72
422,3,2013,0.73
422,3,2014,0.8
422,3,2015,0.82
422,3,2016,0.78
422,3,2017,0.68
422,3,2018,0.67
422,3,2019,0.61
422,3,2020,0.63
422,3,2021,0.71
422,3,2022,0.51
422,3,2023,0.49
435,3,1980,10.62
435,3,1981,10.64
435,3,1982,10.71
435,3,1983,10.77
435,3,1984,10.7
435,3,1985,11.28
435,3,1986,11.3
435,3,1987,11.23
435,3,1988,11.11
435,3,1989,11.16
435,3,1990,10.63
435,3,1991,10.55
435,3,1992,10.65
435,3,1993,10.68
435,3,1994,10.64
435,3,1995,10.93
435,3,1996,10.78
435,3,1997,10.36
435,3,1998,10.32
435,3,1999,10.18
435,3,2000,10.14
435,3,2001,9.77
435,3,2002,9.64
435,3,2003,9.71
435,3,2004,9.71
435,3,2005,9.56
435,3,2006,9.67
435,3,2007,9.6
435,3,2008,9.49
435,3,2009,9.48
435,3,2010,9.42
435,3,2011,9.35
435,3,2012,9.49
435,3,2013,9.72
435,3,2014,9.88
435,3,2015,10.01
435,3,2016,10.15
435,3,2017,10.18
435,3,2018,10.25
435,3,2019,10.92
435,3,2020,10.57
435,3,2021,10.86
435,3,2022,10.17
435,3,2023,9.98
522,3,1980,7.86
522,3,1981,7.76
522,3,1982,7.7
522,3,1983,7.66
522,3,1984,7.63
522,3,1985,7.59
522,3,1986,7.54
522,3,1987,7.48
522,3,1988,7.44
522,3,1989,7.39
522,3,1990,7.39
522,3,1991,7.43
522,3,1992,7.43
522,3,1993,7.4
522,3,1994,7.32
522,3,1995,7.42
522,3,1996,7.16
522,3,1997,7.02
522,3,1998,7.13
522,3,1999,6.69
522,3,2000,6.56
522,3,2001,6.35
522,3,2002,6.09
522,3,2003,5.66
522,3,2004,5.35
522,3,2005,5.14
522,3,2006,4.9
522,3,2007,4.7
522,3,2008,4.55
522,3,2009,4.36
522,3,2010,4.15
522,3,2011,3.95
522,3,2012,3.81
522,3,2013,3.71
522,3,2014,3.69
522,3,2015,3.51
522,3,2016,3.37
522,3,2017,3.19
522,3,2018,3.01
522,3,2019,2.87
522,3,2020,2.98
522,3,2021,2.78
522,3,2022,2.53
522,3,2023,3.8
