location,sex,year,poisonings_deaths_rate_age_standardized
6,3,1980,2.72
6,3,1981,2.58
6,3,1982,2.46
6,3,1983,2.35
6,3,1984,2.26
6,3,1985,2.14
6,3,1986,2.02
6,3,1987,1.93
6,3,1988,1.86
6,3,1989,1.8
6,3,1990,1.73
6,3,1991,1.66
6,3,1992,1.59
6,3,1993,1.54
6,3,1994,1.46
6,3,1995,1.45
6,3,1996,1.47
6,3,1997,1.47
6,3,1998,1.5
6,3,1999,1.53
6,3,2000,1.62
6,3,2001,1.72
6,3,2002,1.8
6,3,2003,1.94
6,3,2004,2
6,3,2005,2.06
6,3,2006,2.04
6,3,2007,2.04
6,3,2008,2.05
6,3,2009,2.01
6,3,2010,1.94
6,3,2011,1.86
6,3,2012,1.79
6,3,2013,1.67
6,3,2014,1.61
6,3,2015,1.57
6,3,2016,1.53
6,3,2017,1.45
6,3,2018,1.33
6,3,2019,1.19
6,3,2020,1.09
6,3,2021,1.08
6,3,2022,1.08
6,3,2023,1.01
7,3,1980,1.52
7,3,1981,1.47
7,3,1982,1.41
7,3,1983,1.37
7,3,1984,1.36
7,3,1985,1.32
7,3,1986,1.3
7,3,1987,1.26
7,3,1988,1.23
7,3,1989,1.2
7,3,1990,1.19
7,3,1991,1.2
7,3,1992,1.19
7,3,1993,1.18
7,3,1994,1.15
7,3,1995,1.15
7,3,1996,1.15
7,3,1997,1.14
7,3,1998,1.12
7,3,1999,1.13
7,3,2000,1.15
7,3,2001,1.15
7,3,2002,1.16
7,3,2003,1.18
7,3,2004,1.19
7,3,2005,1.23
7,3,2006,1.21
7,3,2007,1.2
7,3,2008,1.21
7,3,2009,1.2
7,3,2010,1.21
7,3,2011,1.21
7,3,2012,1.21
7,3,2013,1.2
7,3,2014,1.18
7,3,2015,1.17
7,3,2016,1.17
7,3,2017,1.17
7,3,2018,1.18
7,3,2019,1.16
7,3,2020,1.15
7,3,2021,1.15
7,3,2022,1.16
7,3,2023,1.15
8,3,1980,2.6
8,3,1981,2.68
8,3,1982,2.68
8,3,1983,2.78
8,3,1984,2.76
8,3,1985,2.76
8,3,1986,3
8,3,1987,3.24
8,3,1988,3.18
8,3,1989,2.97
8,3,1990,2.78
8,3,1991,2.6
8,3,1992,2.35
8,3,1993,2.14
8,3,1994,1.78
8,3,1995,1.6
8,3,1996,1.43
8,3,1997,1.23
8,3,1998,1.04
8,3,1999,0.99
8,3,2000,0.96
8,3,2001,0.86
8,3,2002,0.76
8,3,2003,0.7
8,3,2004,0.77
8,3,2005,0.79
8,3,2006,0.71
8,3,2007,0.63
8,3,2008,0.66
8,3,2009,0.69
8,3,2010,0.69
8,3,2011,0.69
8,3,2012,0.7
8,3,2013,0.68
8,3,2014,0.66
8,3,2015,0.64
8,3,2016,0.63
8,3,2017,0.58
8,3,2018,0.55
8,3,2019,0.52
8,3,2020,0.49
8,3,2021,0.49
8,3,2022,0.49
8,3,2023,0.48
10,3,1980,1.02
10,3,1981,1.02
10,3,1982,1.03
10,3,1983,1.03
10,3,1984,1.03
10,3,1985,1.03
10,3,1986,1.03
10,3,1987,1.01
10,3,1988,1.01
10,3,1989,1.01
10,3,1990,0.98
10,3,1991,0.97
10,3,1992,0.96
10,3,1993,0.94
10,3,1994,0.91
10,3,1995,0.87
10,3,1996,0.83
10,3,1997,0.79
10,3,1998,0.74
10,3,1999,0.72
10,3,2000,0.65
10,3,2001,0.62
10,3,2002,0.57
10,3,2003,0.53
10,3,2004,0.51
10,3,2005,0.49
10,3,2006,0.46
10,3,2007,0.45
10,3,2008,0.44
10,3,2009,0.43
10,3,2010,0.41
10,3,2011,0.41
10,3,2012,0.4
10,3,2013,0.4
10,3,2014,0.39
10,3,2015,0.39
10,3,2016,0.39
10,3,2017,0.39
10,3,2018,0.38
10,3,2019,0.38
10,3,2020,0.38
10,3,2021,0.36
10,3,2022,0.37
10,3,2023,0.39
11,3,1980,1.43
11,3,1981,1.41
11,3,1982,1.38
11,3,1983,1.34
11,3,1984,1.31
11,3,1985,1.26
11,3,1986,1.22
11,3,1987,1.17
11,3,1988,1.12
11,3,1989,1.08
11,3,1990,1.04
11,3,1991,1.01
11,3,1992,0.98
11,3,1993,0.95
11,3,1994,0.94
11,3,1995,0.93
11,3,1996,0.93
11,3,1997,0.94
11,3,1998,0.94
11,3,1999,0.96
11,3,2000,0.96
11,3,2001,0.98
11,3,2002,1.01
11,3,2003,1.02
11,3,2004,1.05
11,3,2005,1.03
11,3,2006,1.05
11,3,2007,1.04
11,3,2008,0.99
11,3,2009,0.94
11,3,2010,0.91
11,3,2011,0.89
11,3,2012,0.86
11,3,2013,0.83
11,3,2014,0.8
11,3,2015,0.77
11,3,2016,0.76
11,3,2017,0.76
11,3,2018,0.75
11,3,2019,0.73
11,3,2020,0.73
11,3,2021,0.74
11,3,2022,0.66
11,3,2023,0.65
12,3,1980,0.73
12,3,1981,0.74
12,3,1982,0.74
12,3,1983,0.74
12,3,1984,0.74
12,3,1985,0.74
12,3,1986,0.75
12,3,1987,0.74
12,3,1988,0.75
12,3,1989,0.76
12,3,1990,0.77
12,3,1991,0.78
12,3,1992,0.8
12,3,1993,0.82
12,3,1994,0.82
12,3,1995,0.81
12,3,1996,0.81
12,3,1997,0.8
12,3,1998,0.78
12,3,1999,0.78
12,3,2000,0.74
12,3,2001,0.72
12,3,2002,0.7
12,3,2003,0.67
12,3,2004,0.65
12,3,2005,0.63
12,3,2006,0.61
12,3,2007,0.6
12,3,2008,0.6
12,3,2009,0.59
12,3,2010,0.58
12,3,2011,0.6
12,3,2012,0.59
12,3,2013,0.6
12,3,2014,0.6
12,3,2015,0.61
12,3,2016,0.61
12,3,2017,0.62
12,3,2018,0.62
12,3,2019,0.62
12,3,2020,0.62
12,3,2021,0.61
12,3,2022,0.63
12,3,2023,0.63
13,3,1980,1.64
13,3,1981,1.6
13,3,1982,1.55
13,3,1983,1.5
13,3,1984,1.46
13,3,1985,1.39
13,3,1986,1.33
13,3,1987,1.28
13,3,1988,1.25
13,3,1989,1.24
13,3,1990,1.22
13,3,1991,1.21
13,3,1992,1.2
13,3,1993,1.19
13,3,1994,1.18
13,3,1995,1.18
13,3,1996,1.18
13,3,1997,1.16
13,3,1998,1.15
13,3,1999,1.13
13,3,2000,1.1
13,3,2001,1.05
13,3,2002,1.01
13,3,2003,0.95
13,3,2004,0.89
13,3,2005,0.83
13,3,2006,0.77
13,3,2007,0.74
13,3,2008,0.71
13,3,2009,0.69
13,3,2010,0.67
13,3,2011,0.65
13,3,2012,0.63
13,3,2013,0.61
13,3,2014,0.6
13,3,2015,0.58
13,3,2016,0.56
13,3,2017,0.55
13,3,2018,0.52
13,3,2019,0.48
13,3,2020,0.45
13,3,2021,0.45
13,3,2022,0.49
13,3,2023,0.48
14,3,1980,0.61
14,3,1981,0.6
14,3,1982,0.6
14,3,1983,0.59
14,3,1984,0.59
14,3,1985,0.57
14,3,1986,0.56
14,3,1987,0.54
14,3,1988,0.52
14,3,1989,0.51
14,3,1990,0.49
14,3,1991,0.49
14,3,1992,0.47
14,3,1993,0.46
14,3,1994,0.44
14,3,1995,0.41
14,3,1996,0.4
14,3,1997,0.38
14,3,1998,0.36
14,3,1999,0.34
14,3,2000,0.32
14,3,2001,0.31
14,3,2002,0.29
14,3,2003,0.28
14,3,2004,0.27
14,3,2005,0.26
14,3,2006,0.25
14,3,2007,0.24
14,3,2008,0.23
14,3,2009,0.22
14,3,2010,0.22
14,3,2011,0.21
14,3,2012,0.2
14,3,2013,0.2
14,3,2014,0.19
14,3,2015,0.19
14,3,2016,0.18
14,3,2017,0.18
14,3,2018,0.18
14,3,2019,0.17
14,3,2020,0.16
14,3,2021,0.15
14,3,2022,0.15
14,3,2023,0.15
15,3,1980,3.93
15,3,1981,3.9
15,3,1982,3.86
15,3,1983,3.79
15,3,1984,3.72
15,3,1985,3.65
15,3,1986,3.59
15,3,1987,3.54
15,3,1988,3.52
15,3,1989,3.55
15,3,1990,3.51
15,3,1991,3.63
15,3,1992,3.58
15,3,1993,3.55
15,3,1994,3.52
15,3,1995,3.48
15,3,1996,3.46
15,3,1997,3.45
15,3,1998,3.38
15,3,1999,3.37
15,3,2000,3.35
15,3,2001,3.27
15,3,2002,3.21
15,3,2003,3.14
15,3,2004,3.08
15,3,2005,2.98
15,3,2006,2.9
15,3,2007,2.79
15,3,2008,2.84
15,3,2009,2.55
15,3,2010,2.43
15,3,2011,2.42
15,3,2012,2.33
15,3,2013,2.35
15,3,2014,2.35
15,3,2015,2.32
15,3,2016,2.3
15,3,2017,2.3
15,3,2018,2.31
15,3,2019,2.3
15,3,2020,2.29
15,3,2021,2.38
15,3,2022,2.23
15,3,2023,2.29
16,3,1980,0.25
16,3,1981,0.25
16,3,1982,0.25
16,3,1983,0.26
16,3,1984,0.27
16,3,1985,0.26
16,3,1986,0.26
16,3,1987,0.26
16,3,1988,0.24
16,3,1989,0.23
16,3,1990,0.22
16,3,1991,0.21
16,3,1992,0.21
16,3,1993,0.2
16,3,1994,0.2
16,3,1995,0.2
16,3,1996,0.2
16,3,1997,0.2
16,3,1998,0.19
16,3,1999,0.19
16,3,2000,0.19
16,3,2001,0.19
16,3,2002,0.19
16,3,2003,0.19
16,3,2004,0.19
16,3,2005,0.19
16,3,2006,0.19
16,3,2007,0.18
16,3,2008,0.18
16,3,2009,0.18
16,3,2010,0.18
16,3,2011,0.18
16,3,2012,0.18
16,3,2013,0.18
16,3,2014,0.18
16,3,2015,0.18
16,3,2016,0.18
16,3,2017,0.18
16,3,2018,0.17
16,3,2019,0.16
16,3,2020,0.15
16,3,2021,0.17
16,3,2022,0.18
16,3,2023,0.16
17,3,1980,0.87
17,3,1981,0.86
17,3,1982,0.87
17,3,1983,0.87
17,3,1984,0.9
17,3,1985,0.9
17,3,1986,0.89
17,3,1987,0.88
17,3,1988,0.9
17,3,1989,0.88
17,3,1990,0.88
17,3,1991,0.85
17,3,1992,0.81
17,3,1993,0.81
17,3,1994,0.84
17,3,1995,0.88
17,3,1996,0.96
17,3,1997,1.09
17,3,1998,0.92
17,3,1999,0.86
17,3,2000,0.76
17,3,2001,0.69
17,3,2002,0.61
17,3,2003,0.52
17,3,2004,0.5
17,3,2005,0.42
17,3,2006,0.39
17,3,2007,0.36
17,3,2008,0.33
17,3,2009,0.3
17,3,2010,0.28
17,3,2011,0.26
17,3,2012,0.24
17,3,2013,0.22
17,3,2014,0.21
17,3,2015,0.2
17,3,2016,0.2
17,3,2017,0.19
17,3,2018,0.19
17,3,2019,0.17
17,3,2020,0.17
17,3,2021,0.16
17,3,2022,0.2
17,3,2023,0.22
18,3,1980,0.86
18,3,1981,0.85
18,3,1982,0.81
18,3,1983,0.75
18,3,1984,0.68
18,3,1985,0.61
18,3,1986,0.57
18,3,1987,0.55
18,3,1988,0.56
18,3,1989,0.56
18,3,1990,0.57
18,3,1991,0.58
18,3,1992,0.6
18,3,1993,0.62
18,3,1994,0.66
18,3,1995,0.69
18,3,1996,0.66
18,3,1997,0.56
18,3,1998,0.53
18,3,1999,0.6
18,3,2000,0.62
18,3,2001,0.61
18,3,2002,0.57
18,3,2003,0.53
18,3,2004,0.49
18,3,2005,0.45
18,3,2006,0.41
18,3,2007,0.38
18,3,2008,0.35
18,3,2009,0.33
18,3,2010,0.31
18,3,2011,0.31
18,3,2012,0.3
18,3,2013,0.29
18,3,2014,0.28
18,3,2015,0.28
18,3,2016,0.28
18,3,2017,0.27
18,3,2018,0.26
18,3,2019,0.25
18,3,2020,0.25
18,3,2021,0.25
18,3,2022,0.26
18,3,2023,0.26
19,3,1980,0.89
19,3,1981,0.89
19,3,1982,0.89
19,3,1983,0.87
19,3,1984,0.85
19,3,1985,0.84
19,3,1986,0.83
19,3,1987,0.82
19,3,1988,0.79
19,3,1989,0.78
19,3,1990,0.77
19,3,1991,0.76
19,3,1992,0.75
19,3,1993,0.74
19,3,1994,0.71
19,3,1995,0.69
19,3,1996,0.66
19,3,1997,0.63
19,3,1998,0.6
19,3,1999,0.58
19,3,2000,0.56
19,3,2001,0.54
19,3,2002,0.49
19,3,2003,0.48
19,3,2004,0.43
19,3,2005,0.42
19,3,2006,0.4
19,3,2007,0.39
19,3,2008,0.38
19,3,2009,0.38
19,3,2010,0.38
19,3,2011,0.42
19,3,2012,0.44
19,3,2013,0.44
19,3,2014,0.44
19,3,2015,0.44
19,3,2016,0.44
19,3,2017,0.45
19,3,2018,0.45
19,3,2019,0.45
19,3,2020,0.46
19,3,2021,0.45
19,3,2022,0.43
19,3,2023,0.43
20,3,1980,1.83
20,3,1981,2.17
20,3,1982,1.73
20,3,1983,1.68
20,3,1984,1.64
20,3,1985,1.6
20,3,1986,1.56
20,3,1987,1.51
20,3,1988,1.51
20,3,1989,1.49
20,3,1990,1.46
20,3,1991,1.45
20,3,1992,1.46
20,3,1993,1.46
20,3,1994,1.46
20,3,1995,1.46
20,3,1996,1.47
20,3,1997,1.46
20,3,1998,1.45
20,3,1999,1.47
20,3,2000,1.47
20,3,2001,1.45
20,3,2002,1.44
20,3,2003,1.44
20,3,2004,1.45
20,3,2005,1.45
20,3,2006,1.44
20,3,2007,1.43
20,3,2008,1.41
20,3,2009,1.37
20,3,2010,1.33
20,3,2011,1.32
20,3,2012,1.28
20,3,2013,1.26
20,3,2014,1.24
20,3,2015,1.21
20,3,2016,1.19
20,3,2017,1.16
20,3,2018,1.13
20,3,2019,1.09
20,3,2020,1.06
20,3,2021,0.99
20,3,2022,0.98
20,3,2023,0.98
22,3,1980,0.48
22,3,1981,0.46
22,3,1982,0.46
22,3,1983,0.46
22,3,1984,0.46
22,3,1985,0.45
22,3,1986,0.44
22,3,1987,0.44
22,3,1988,0.43
22,3,1989,0.43
22,3,1990,0.42
22,3,1991,0.42
22,3,1992,0.42
22,3,1993,0.42
22,3,1994,0.41
22,3,1995,0.41
22,3,1996,0.39
22,3,1997,0.39
22,3,1998,0.38
22,3,1999,0.37
22,3,2000,0.35
22,3,2001,0.35
22,3,2002,0.35
22,3,2003,0.34
22,3,2004,0.33
22,3,2005,0.3
22,3,2006,0.28
22,3,2007,0.27
22,3,2008,0.26
22,3,2009,0.26
22,3,2010,0.25
22,3,2011,0.24
22,3,2012,0.23
22,3,2013,0.23
22,3,2014,0.23
22,3,2015,0.24
22,3,2016,0.23
22,3,2017,0.23
22,3,2018,0.23
22,3,2019,0.22
22,3,2020,0.22
22,3,2021,0.22
22,3,2022,0.23
22,3,2023,0.24
23,3,1980,2.83
23,3,1981,2.78
23,3,1982,2.69
23,3,1983,2.64
23,3,1984,2.59
23,3,1985,2.5
23,3,1986,2.4
23,3,1987,2.31
23,3,1988,2.28
23,3,1989,2.19
23,3,1990,2.06
23,3,1991,1.97
23,3,1992,1.82
23,3,1993,1.75
23,3,1994,1.54
23,3,1995,1.35
23,3,1996,1.33
23,3,1997,1.28
23,3,1998,1.26
23,3,1999,1.3
23,3,2000,1.28
23,3,2001,1.26
23,3,2002,1.26
23,3,2003,1.3
23,3,2004,1.32
23,3,2005,1.35
23,3,2006,1.37
23,3,2007,1.46
23,3,2008,1.51
23,3,2009,1.51
23,3,2010,1.56
23,3,2011,1.57
23,3,2012,1.55
23,3,2013,1.55
23,3,2014,1.54
23,3,2015,1.5
23,3,2016,1.51
23,3,2017,1.51
23,3,2018,1.54
23,3,2019,1.48
23,3,2020,1.56
23,3,2021,1.61
23,3,2022,1.51
23,3,2023,1.51
24,3,1980,0.93
24,3,1981,0.91
24,3,1982,0.9
24,3,1983,0.88
24,3,1984,0.87
24,3,1985,0.85
24,3,1986,0.83
24,3,1987,0.82
24,3,1988,0.79
24,3,1989,0.78
24,3,1990,0.76
24,3,1991,0.75
24,3,1992,0.74
24,3,1993,0.72
24,3,1994,0.7
24,3,1995,0.68
24,3,1996,0.67
24,3,1997,0.66
24,3,1998,0.64
24,3,1999,0.63
24,3,2000,0.63
24,3,2001,0.61
24,3,2002,0.6
24,3,2003,0.59
24,3,2004,0.57
24,3,2005,0.55
24,3,2006,0.53
24,3,2007,0.52
24,3,2008,0.51
24,3,2009,0.5
24,3,2010,0.48
24,3,2011,0.48
24,3,2012,0.47
24,3,2013,0.46
24,3,2014,0.45
24,3,2015,0.45
24,3,2016,0.44
24,3,2017,0.43
24,3,2018,0.43
24,3,2019,0.42
24,3,2020,0.41
24,3,2021,0.44
24,3,2022,0.4
24,3,2023,0.4
25,3,1980,0.49
25,3,1981,0.48
25,3,1982,0.46
25,3,1983,0.45
25,3,1984,0.44
25,3,1985,0.42
25,3,1986,0.41
25,3,1987,0.39
25,3,1988,0.38
25,3,1989,0.37
25,3,1990,0.36
25,3,1991,0.35
25,3,1992,0.34
25,3,1993,0.33
25,3,1994,0.31
25,3,1995,0.3
25,3,1996,0.3
25,3,1997,0.29
25,3,1998,0.28
25,3,1999,0.28
25,3,2000,0.28
25,3,2001,0.26
25,3,2002,0.26
25,3,2003,0.26
25,3,2004,0.25
25,3,2005,0.25
25,3,2006,0.24
25,3,2007,0.24
25,3,2008,0.23
25,3,2009,0.23
25,3,2010,0.22
25,3,2011,0.22
25,3,2012,0.21
25,3,2013,0.21
25,3,2014,0.21
25,3,2015,0.2
25,3,2016,0.2
25,3,2017,0.19
25,3,2018,0.19
25,3,2019,0.18
25,3,2020,0.19
25,3,2021,0.2
25,3,2022,0.17
25,3,2023,0.17
26,3,1980,1.56
26,3,1981,1.53
26,3,1982,1.48
26,3,1983,1.43
26,3,1984,1.4
26,3,1985,1.37
26,3,1986,1.33
26,3,1987,1.29
26,3,1988,1.25
26,3,1989,1.23
26,3,1990,1.2
26,3,1991,1.19
26,3,1992,1.17
26,3,1993,1.14
26,3,1994,1.12
26,3,1995,1.08
26,3,1996,1.06
26,3,1997,1.04
26,3,1998,1.01
26,3,1999,1.01
26,3,2000,1
26,3,2001,0.96
26,3,2002,0.95
26,3,2003,0.91
26,3,2004,0.88
26,3,2005,0.86
26,3,2006,0.85
26,3,2007,0.85
26,3,2008,0.84
26,3,2009,0.81
26,3,2010,0.82
26,3,2011,0.82
26,3,2012,0.81
26,3,2013,0.77
26,3,2014,0.76
26,3,2015,0.76
26,3,2016,0.73
26,3,2017,0.73
26,3,2018,0.71
26,3,2019,0.71
26,3,2020,0.68
26,3,2021,0.65
26,3,2022,0.63
26,3,2023,0.62
27,3,1980,0.65
27,3,1981,0.64
27,3,1982,0.63
27,3,1983,0.61
27,3,1984,0.6
27,3,1985,0.59
27,3,1986,0.57
27,3,1987,0.56
27,3,1988,0.55
27,3,1989,0.54
27,3,1990,0.52
27,3,1991,0.52
27,3,1992,0.51
27,3,1993,0.51
27,3,1994,0.5
27,3,1995,0.49
27,3,1996,0.48
27,3,1997,0.47
27,3,1998,0.47
27,3,1999,0.47
27,3,2000,0.46
27,3,2001,0.44
27,3,2002,0.43
27,3,2003,0.42
27,3,2004,0.4
27,3,2005,0.39
27,3,2006,0.38
27,3,2007,0.36
27,3,2008,0.35
27,3,2009,0.34
27,3,2010,0.33
27,3,2011,0.32
27,3,2012,0.31
27,3,2013,0.31
27,3,2014,0.3
27,3,2015,0.29
27,3,2016,0.28
27,3,2017,0.28
27,3,2018,0.27
27,3,2019,0.27
27,3,2020,0.27
27,3,2021,0.28
27,3,2022,0.26
27,3,2023,0.26
28,3,1980,1.24
28,3,1981,1.2
28,3,1982,1.17
28,3,1983,1.14
28,3,1984,1.1
28,3,1985,1.06
28,3,1986,1.03
28,3,1987,1
28,3,1988,0.96
28,3,1989,0.93
28,3,1990,0.9
28,3,1991,0.91
28,3,1992,0.87
28,3,1993,0.86
28,3,1994,0.83
28,3,1995,0.79
28,3,1996,0.77
28,3,1997,0.76
28,3,1998,0.74
28,3,1999,0.72
28,3,2000,0.7
28,3,2001,0.67
28,3,2002,0.66
28,3,2003,0.64
28,3,2004,0.61
28,3,2005,0.59
28,3,2006,0.58
28,3,2007,0.55
28,3,2008,0.53
28,3,2009,0.53
28,3,2010,0.51
28,3,2011,0.54
28,3,2012,0.55
28,3,2013,0.55
28,3,2014,0.55
28,3,2015,0.54
28,3,2016,0.52
28,3,2017,0.52
28,3,2018,0.51
28,3,2019,0.51
28,3,2020,0.51
28,3,2021,0.51
28,3,2022,0.51
28,3,2023,0.5
29,3,1980,2.52
29,3,1981,2.42
29,3,1982,2.34
29,3,1983,2.24
29,3,1984,2.14
29,3,1985,2.06
29,3,1986,1.98
29,3,1987,1.92
29,3,1988,1.86
29,3,1989,1.83
29,3,1990,1.79
29,3,1991,1.78
29,3,1992,1.77
29,3,1993,1.73
29,3,1994,1.69
29,3,1995,1.66
29,3,1996,1.63
29,3,1997,1.61
29,3,1998,1.56
29,3,1999,1.59
29,3,2000,1.58
29,3,2001,1.55
29,3,2002,1.51
29,3,2003,1.48
29,3,2004,1.46
29,3,2005,1.45
29,3,2006,1.4
29,3,2007,1.39
29,3,2008,1.36
29,3,2009,1.4
29,3,2010,1.35
29,3,2011,1.35
29,3,2012,1.32
29,3,2013,1.3
29,3,2014,1.29
29,3,2015,1.27
29,3,2016,1.24
29,3,2017,1.23
29,3,2018,1.21
29,3,2019,1.18
29,3,2020,1.19
29,3,2021,1.26
29,3,2022,1.18
29,3,2023,1.18
30,3,1980,0.94
30,3,1981,0.91
30,3,1982,0.9
30,3,1983,0.84
30,3,1984,0.81
30,3,1985,0.79
30,3,1986,0.77
30,3,1987,0.75
30,3,1988,0.72
30,3,1989,0.7
30,3,1990,0.7
30,3,1991,0.72
30,3,1992,0.72
30,3,1993,0.72
30,3,1994,0.73
30,3,1995,0.68
30,3,1996,0.67
30,3,1997,0.66
30,3,1998,0.63
30,3,1999,0.63
30,3,2000,0.59
30,3,2001,0.57
30,3,2002,0.53
30,3,2003,0.49
30,3,2004,0.47
30,3,2005,0.47
30,3,2006,0.46
30,3,2007,0.46
30,3,2008,0.45
30,3,2009,0.44
30,3,2010,0.42
30,3,2011,0.42
30,3,2012,0.42
30,3,2013,0.42
30,3,2014,0.41
30,3,2015,0.41
30,3,2016,0.4
30,3,2017,0.39
30,3,2018,0.39
30,3,2019,0.38
30,3,2020,0.37
30,3,2021,0.36
30,3,2022,0.35
30,3,2023,0.34
33,3,1980,0.84
33,3,1981,0.81
33,3,1982,0.81
33,3,1983,0.79
33,3,1984,0.74
33,3,1985,0.74
33,3,1986,0.79
33,3,1987,0.86
33,3,1988,1.01
33,3,1989,1.03
33,3,1990,1.12
33,3,1991,1.59
33,3,1992,2.09
33,3,1993,2.67
33,3,1994,2.68
33,3,1995,2.45
33,3,1996,2.27
33,3,1997,2.09
33,3,1998,2.01
33,3,1999,2.22
33,3,2000,2.45
33,3,2001,2.53
33,3,2002,2.51
33,3,2003,2.34
33,3,2004,1.65
33,3,2005,0.65
33,3,2006,0.45
33,3,2007,0.45
33,3,2008,0.4
33,3,2009,0.39
33,3,2010,0.38
33,3,2011,0.39
33,3,2012,0.42
33,3,2013,0.41
33,3,2014,0.41
33,3,2015,0.37
33,3,2016,0.34
33,3,2017,0.33
33,3,2018,0.3
33,3,2019,0.29
33,3,2020,0.25
33,3,2021,0.26
33,3,2022,0.32
33,3,2023,0.28
34,3,1980,1.25
34,3,1981,1.14
34,3,1982,1.13
34,3,1983,1.1
34,3,1984,1.1
34,3,1985,1.09
34,3,1986,1.11
34,3,1987,1.15
34,3,1988,1.18
34,3,1989,1.23
34,3,1990,1.33
34,3,1991,1.46
34,3,1992,1.58
34,3,1993,1.73
34,3,1994,1.78
34,3,1995,1.86
34,3,1996,1.9
34,3,1997,1.85
34,3,1998,1.78
34,3,1999,1.75
34,3,2000,1.7
34,3,2001,1.62
34,3,2002,1.54
34,3,2003,1.41
34,3,2004,1.18
34,3,2005,1.14
34,3,2006,1.06
34,3,2007,0.94
34,3,2008,0.93
34,3,2009,0.92
34,3,2010,0.89
34,3,2011,0.91
34,3,2012,0.88
34,3,2013,0.87
34,3,2014,0.85
34,3,2015,0.84
34,3,2016,0.83
34,3,2017,0.82
34,3,2018,0.8
34,3,2019,0.82
34,3,2020,0.85
34,3,2021,0.82
34,3,2022,0.8
34,3,2023,0.91
35,3,1980,1.02
35,3,1981,0.96
35,3,1982,1
35,3,1983,0.97
35,3,1984,0.97
35,3,1985,0.95
35,3,1986,1.06
35,3,1987,1.1
35,3,1988,1.05
35,3,1989,1.05
35,3,1990,1.11
35,3,1991,1.53
35,3,1992,1.98
35,3,1993,2.23
35,3,1994,2.46
35,3,1995,2.41
35,3,1996,2.35
35,3,1997,2.42
35,3,1998,2.83
35,3,1999,3.15
35,3,2000,3.17
35,3,2001,2.58
35,3,2002,1.13
35,3,2003,0.59
35,3,2004,0.5
35,3,2005,0.53
35,3,2006,0.52
35,3,2007,0.53
35,3,2008,0.55
35,3,2009,0.55
35,3,2010,0.55
35,3,2011,0.61
35,3,2012,0.59
35,3,2013,0.55
35,3,2014,0.54
35,3,2015,0.49
35,3,2016,0.47
35,3,2017,0.5
35,3,2018,0.49
35,3,2019,0.46
35,3,2020,0.41
35,3,2021,0.4
35,3,2022,0.39
35,3,2023,0.36
36,3,1980,4.95
36,3,1981,4.67
36,3,1982,4.64
36,3,1983,4.47
36,3,1984,4.61
36,3,1985,4.28
36,3,1986,4.13
36,3,1987,3.93
36,3,1988,3.65
36,3,1989,3.79
36,3,1990,4.01
36,3,1991,4.35
36,3,1992,4.64
36,3,1993,5.05
36,3,1994,5.35
36,3,1995,5.36
36,3,1996,5.71
36,3,1997,5.63
36,3,1998,5.93
36,3,1999,5.81
36,3,2000,5.53
36,3,2001,5.43
36,3,2002,5.25
36,3,2003,5.13
36,3,2004,4.66
36,3,2005,4.79
36,3,2006,4.85
36,3,2007,4.4
36,3,2008,3.93
36,3,2009,3.56
36,3,2010,3.38
36,3,2011,3.23
36,3,2012,3.15
36,3,2013,2.94
36,3,2014,2.93
36,3,2015,2.55
36,3,2016,2.31
36,3,2017,2.12
36,3,2018,2.08
36,3,2019,1.83
36,3,2020,1.74
36,3,2021,1.6
36,3,2022,1.46
36,3,2023,1.48
37,3,1980,2.58
37,3,1981,2.51
37,3,1982,2.47
37,3,1983,2.3
37,3,1984,2.12
37,3,1985,1.93
37,3,1986,1.94
37,3,1987,1.93
37,3,1988,1.83
37,3,1989,2.05
37,3,1990,2.31
37,3,1991,3.06
37,3,1992,3.63
37,3,1993,4.86
37,3,1994,5.53
37,3,1995,5.77
37,3,1996,5.64
37,3,1997,5.23
37,3,1998,5.25
37,3,1999,5.66
37,3,2000,6.09
37,3,2001,6.11
37,3,2002,5.55
37,3,2003,4.29
37,3,2004,1.93
37,3,2005,1.56
37,3,2006,1.43
37,3,2007,1.43
37,3,2008,1.35
37,3,2009,1.17
37,3,2010,1.09
37,3,2011,1.06
37,3,2012,1.09
37,3,2013,1.01
37,3,2014,0.97
37,3,2015,0.9
37,3,2016,0.86
37,3,2017,0.79
37,3,2018,0.73
37,3,2019,0.6
37,3,2020,0.52
37,3,2021,0.51
37,3,2022,0.52
37,3,2023,0.54
38,3,1980,15.26
38,3,1981,15.6
38,3,1982,15.45
38,3,1983,15.43
38,3,1984,15.35
38,3,1985,15.1
38,3,1986,14.46
38,3,1987,14.36
38,3,1988,14.08
38,3,1989,14.31
38,3,1990,14.75
38,3,1991,15.06
38,3,1992,15.09
38,3,1993,15.17
38,3,1994,15.1
38,3,1995,14.49
38,3,1996,14.01
38,3,1997,12.64
38,3,1998,11.59
38,3,1999,10.39
38,3,2000,9.24
38,3,2001,7.96
38,3,2002,6.72
38,3,2003,5.67
38,3,2004,4.78
38,3,2005,4.4
38,3,2006,4.01
38,3,2007,3.63
38,3,2008,3.55
38,3,2009,3.58
38,3,2010,3.58
38,3,2011,3.45
38,3,2012,3.49
38,3,2013,3.38
38,3,2014,3.18
38,3,2015,2.98
38,3,2016,2.86
38,3,2017,2.67
38,3,2018,2.66
38,3,2019,2.43
38,3,2020,2.38
38,3,2021,2.62
38,3,2022,2.74
38,3,2023,2.65
39,3,1980,1.71
39,3,1981,1.65
39,3,1982,1.66
39,3,1983,1.62
39,3,1984,1.61
39,3,1985,1.55
39,3,1986,1.59
39,3,1987,1.63
39,3,1988,1.7
39,3,1989,1.9
39,3,1990,2.09
39,3,1991,2.52
39,3,1992,2.89
39,3,1993,4.18
39,3,1994,3.65
39,3,1995,3.86
39,3,1996,3.74
39,3,1997,3.43
39,3,1998,3.18
39,3,1999,2.99
39,3,2000,2.72
39,3,2001,2.6
39,3,2002,2.51
39,3,2003,2.33
39,3,2004,2.04
39,3,2005,1.78
39,3,2006,1.49
39,3,2007,1.27
39,3,2008,1.08
39,3,2009,0.93
39,3,2010,0.78
39,3,2011,0.67
39,3,2012,0.6
39,3,2013,0.52
39,3,2014,0.49
39,3,2015,0.45
39,3,2016,0.42
39,3,2017,0.43
39,3,2018,0.43
39,3,2019,0.44
39,3,2020,0.4
39,3,2021,0.41
39,3,2022,0.47
39,3,2023,0.48
40,3,1980,0.97
40,3,1981,0.92
40,3,1982,0.93
40,3,1983,0.87
40,3,1984,0.92
40,3,1985,0.88
40,3,1986,0.95
40,3,1987,0.92
40,3,1988,0.87
40,3,1989,0.88
40,3,1990,0.95
40,3,1991,1.24
40,3,1992,1.53
40,3,1993,2.09
40,3,1994,2.17
40,3,1995,2.26
40,3,1996,2.48
40,3,1997,2.5
40,3,1998,2.56
40,3,1999,2.79
40,3,2000,3.04
40,3,2001,3.1
40,3,2002,2.86
40,3,2003,2.21
40,3,2004,0.91
40,3,2005,0.75
40,3,2006,0.7
40,3,2007,0.64
40,3,2008,0.57
40,3,2009,0.51
40,3,2010,0.47
40,3,2011,0.48
40,3,2012,0.49
40,3,2013,0.47
40,3,2014,0.5
40,3,2015,0.47
40,3,2016,0.45
40,3,2017,0.45
40,3,2018,0.44
40,3,2019,0.42
40,3,2020,0.41
40,3,2021,0.4
40,3,2022,0.38
40,3,2023,0.36
41,3,1980,1.58
41,3,1981,1.55
41,3,1982,1.58
41,3,1983,1.44
41,3,1984,1.26
41,3,1985,1.14
41,3,1986,1.22
41,3,1987,1.22
41,3,1988,1.16
41,3,1989,1.18
41,3,1990,1.24
41,3,1991,1.56
41,3,1992,1.69
41,3,1993,1.99
41,3,1994,2.1
41,3,1995,2.2
41,3,1996,2.32
41,3,1997,2.23
41,3,1998,2.3
41,3,1999,2.49
41,3,2000,2.8
41,3,2001,2.84
41,3,2002,2.56
41,3,2003,1.98
41,3,2004,0.96
41,3,2005,0.83
41,3,2006,0.8
41,3,2007,0.74
41,3,2008,0.7
41,3,2009,0.66
41,3,2010,0.64
41,3,2011,0.67
41,3,2012,0.74
41,3,2013,0.74
41,3,2014,0.77
41,3,2015,0.71
41,3,2016,0.69
41,3,2017,0.73
41,3,2018,0.67
41,3,2019,0.57
41,3,2020,0.55
41,3,2021,0.51
41,3,2022,0.49
41,3,2023,0.47
43,3,1980,0.91
43,3,1981,0.88
43,3,1982,0.88
43,3,1983,0.88
43,3,1984,0.89
43,3,1985,0.92
43,3,1986,0.96
43,3,1987,1
43,3,1988,1.04
43,3,1989,0.97
43,3,1990,0.99
43,3,1991,1.04
43,3,1992,1
43,3,1993,0.96
43,3,1994,0.9
43,3,1995,0.86
43,3,1996,0.8
43,3,1997,0.73
43,3,1998,0.67
43,3,1999,0.64
43,3,2000,0.61
43,3,2001,0.6
43,3,2002,0.58
43,3,2003,0.56
43,3,2004,0.53
43,3,2005,0.49
43,3,2006,0.45
43,3,2007,0.4
43,3,2008,0.37
43,3,2009,0.35
43,3,2010,0.34
43,3,2011,0.32
43,3,2012,0.31
43,3,2013,0.31
43,3,2014,0.3
43,3,2015,0.3
43,3,2016,0.29
43,3,2017,0.28
43,3,2018,0.28
43,3,2019,0.28
43,3,2020,0.28
43,3,2021,0.27
43,3,2022,0.27
43,3,2023,0.25
44,3,1980,7.38
44,3,1981,7.02
44,3,1982,6.64
44,3,1983,6.28
44,3,1984,6.05
44,3,1985,5.97
44,3,1986,5.71
44,3,1987,5.44
44,3,1988,5.32
44,3,1989,5.29
44,3,1990,5.19
44,3,1991,4.92
44,3,1992,4.55
44,3,1993,4.4
44,3,1994,4.07
44,3,1995,3.92
44,3,1996,3.7
44,3,1997,3.37
44,3,1998,3.14
44,3,1999,2.98
44,3,2000,2.74
44,3,2001,2.64
44,3,2002,2.5
44,3,2003,2.4
44,3,2004,2.32
44,3,2005,2.24
44,3,2006,2.13
44,3,2007,2.02
44,3,2008,1.96
44,3,2009,1.94
44,3,2010,1.91
44,3,2011,1.87
44,3,2012,1.78
44,3,2013,1.72
44,3,2014,1.66
44,3,2015,1.62
44,3,2016,1.58
44,3,2017,1.56
44,3,2018,1.49
44,3,2019,1.46
44,3,2020,1.4
44,3,2021,1.34
44,3,2022,1.31
44,3,2023,1.24
45,3,1980,1.08
45,3,1981,1.1
45,3,1982,1.18
45,3,1983,1.4
45,3,1984,1.52
45,3,1985,1.63
45,3,1986,1.65
45,3,1987,1.68
45,3,1988,1.65
45,3,1989,1.63
45,3,1990,1.58
45,3,1991,1.61
45,3,1992,1.43
45,3,1993,1.53
45,3,1994,1.6
45,3,1995,1.6
45,3,1996,1.26
45,3,1997,1.07
45,3,1998,0.99
45,3,1999,1.01
45,3,2000,0.98
45,3,2001,0.97
45,3,2002,0.95
45,3,2003,0.92
45,3,2004,0.84
45,3,2005,0.76
45,3,2006,0.69
45,3,2007,0.61
45,3,2008,0.58
45,3,2009,0.54
45,3,2010,0.5
45,3,2011,0.45
45,3,2012,0.42
45,3,2013,0.39
45,3,2014,0.35
45,3,2015,0.34
45,3,2016,0.31
45,3,2017,0.31
45,3,2018,0.28
45,3,2019,0.27
45,3,2020,0.25
45,3,2021,0.28
45,3,2022,0.26
45,3,2023,0.24
46,3,1980,1.38
46,3,1981,1.33
46,3,1982,1.3
46,3,1983,1.27
46,3,1984,1.27
46,3,1985,1.24
46,3,1986,1.19
46,3,1987,1.19
46,3,1988,1.16
46,3,1989,1.11
46,3,1990,1.05
46,3,1991,1.01
46,3,1992,0.85
46,3,1993,0.88
46,3,1994,0.9
46,3,1995,0.87
46,3,1996,0.66
46,3,1997,0.53
46,3,1998,0.49
46,3,1999,0.51
46,3,2000,0.49
46,3,2001,0.51
46,3,2002,0.49
46,3,2003,0.5
46,3,2004,0.47
46,3,2005,0.44
46,3,2006,0.39
46,3,2007,0.36
46,3,2008,0.34
46,3,2009,0.32
46,3,2010,0.3
46,3,2011,0.26
46,3,2012,0.26
46,3,2013,0.23
46,3,2014,0.2
46,3,2015,0.2
46,3,2016,0.18
46,3,2017,0.17
46,3,2018,0.16
46,3,2019,0.14
46,3,2020,0.12
46,3,2021,0.12
46,3,2022,0.12
46,3,2023,0.11
47,3,1980,3.21
47,3,1981,3.07
47,3,1982,3.01
47,3,1983,2.96
47,3,1984,2.99
47,3,1985,2.93
47,3,1986,2.77
47,3,1987,2.79
47,3,1988,2.61
47,3,1989,2.55
47,3,1990,2.47
47,3,1991,2.49
47,3,1992,2.14
47,3,1993,2.09
47,3,1994,1.96
47,3,1995,1.77
47,3,1996,1.37
47,3,1997,1.09
47,3,1998,0.97
47,3,1999,1.01
47,3,2000,0.98
47,3,2001,1.05
47,3,2002,1.02
47,3,2003,0.99
47,3,2004,0.91
47,3,2005,0.86
47,3,2006,0.77
47,3,2007,0.71
47,3,2008,0.69
47,3,2009,0.66
47,3,2010,0.66
47,3,2011,0.59
47,3,2012,0.57
47,3,2013,0.53
47,3,2014,0.44
47,3,2015,0.44
47,3,2016,0.41
47,3,2017,0.38
47,3,2018,0.31
47,3,2019,0.29
47,3,2020,0.27
47,3,2021,0.28
47,3,2022,0.28
47,3,2023,0.27
48,3,1980,1.31
48,3,1981,1.28
48,3,1982,1.43
48,3,1983,1.64
48,3,1984,1.71
48,3,1985,1.79
48,3,1986,1.72
48,3,1987,1.69
48,3,1988,1.63
48,3,1989,1.58
48,3,1990,1.56
48,3,1991,1.57
48,3,1992,1.38
48,3,1993,1.43
48,3,1994,1.39
48,3,1995,1.29
48,3,1996,0.93
48,3,1997,0.74
48,3,1998,0.7
48,3,1999,0.73
48,3,2000,0.67
48,3,2001,0.71
48,3,2002,0.67
48,3,2003,0.71
48,3,2004,0.68
48,3,2005,0.66
48,3,2006,0.62
48,3,2007,0.55
48,3,2008,0.5
48,3,2009,0.46
48,3,2010,0.43
48,3,2011,0.37
48,3,2012,0.36
48,3,2013,0.32
48,3,2014,0.28
48,3,2015,0.28
48,3,2016,0.27
48,3,2017,0.25
48,3,2018,0.23
48,3,2019,0.23
48,3,2020,0.2
48,3,2021,0.21
48,3,2022,0.18
48,3,2023,0.17
49,3,1980,0.99
49,3,1981,0.96
49,3,1982,0.95
49,3,1983,0.9
49,3,1984,0.91
49,3,1985,0.91
49,3,1986,0.89
49,3,1987,0.86
49,3,1988,0.84
49,3,1989,0.82
49,3,1990,0.83
49,3,1991,0.84
49,3,1992,0.79
49,3,1993,0.77
49,3,1994,0.73
49,3,1995,0.72
49,3,1996,0.67
49,3,1997,0.63
49,3,1998,0.58
49,3,1999,0.56
49,3,2000,0.55
49,3,2001,0.52
49,3,2002,0.49
49,3,2003,0.46
49,3,2004,0.43
49,3,2005,0.41
49,3,2006,0.38
49,3,2007,0.35
49,3,2008,0.33
49,3,2009,0.32
49,3,2010,0.3
49,3,2011,0.28
49,3,2012,0.27
49,3,2013,0.25
49,3,2014,0.24
49,3,2015,0.23
49,3,2016,0.22
49,3,2017,0.22
49,3,2018,0.21
49,3,2019,0.21
49,3,2020,0.2
49,3,2021,0.19
49,3,2022,0.2
49,3,2023,0.19
50,3,1980,0.91
50,3,1981,0.91
50,3,1982,0.9
50,3,1983,0.9
50,3,1984,0.9
50,3,1985,0.89
50,3,1986,0.88
50,3,1987,0.87
50,3,1988,0.86
50,3,1989,0.85
50,3,1990,0.82
50,3,1991,0.81
50,3,1992,0.78
50,3,1993,0.79
50,3,1994,0.78
50,3,1995,0.79
50,3,1996,0.79
50,3,1997,0.77
50,3,1998,0.74
50,3,1999,0.68
50,3,2000,0.65
50,3,2001,0.65
50,3,2002,0.65
50,3,2003,0.62
50,3,2004,0.6
50,3,2005,0.57
50,3,2006,0.54
50,3,2007,0.5
50,3,2008,0.47
50,3,2009,0.45
50,3,2010,0.44
50,3,2011,0.42
50,3,2012,0.39
50,3,2013,0.37
50,3,2014,0.34
50,3,2015,0.33
50,3,2016,0.31
50,3,2017,0.3
50,3,2018,0.28
50,3,2019,0.27
50,3,2020,0.28
50,3,2021,0.26
50,3,2022,0.27
50,3,2023,0.27
51,3,1980,2.82
51,3,1981,2.79
51,3,1982,2.8
51,3,1983,2.87
51,3,1984,3.02
51,3,1985,3.36
51,3,1986,3.13
51,3,1987,3
51,3,1988,2.71
51,3,1989,2.69
51,3,1990,2.71
51,3,1991,2.74
51,3,1992,2.25
51,3,1993,2.12
51,3,1994,1.78
51,3,1995,1.69
51,3,1996,1.68
51,3,1997,1.45
51,3,1998,1.13
51,3,1999,0.98
51,3,2000,0.89
51,3,2001,0.92
51,3,2002,0.89
51,3,2003,0.91
51,3,2004,0.88
51,3,2005,0.89
51,3,2006,0.84
51,3,2007,0.73
51,3,2008,0.69
51,3,2009,0.67
51,3,2010,0.62
51,3,2011,0.52
51,3,2012,0.48
51,3,2013,0.45
51,3,2014,0.39
51,3,2015,0.32
51,3,2016,0.32
51,3,2017,0.33
51,3,2018,0.32
51,3,2019,0.3
51,3,2020,0.26
51,3,2021,0.28
51,3,2022,0.31
51,3,2023,0.29
52,3,1980,8.92
52,3,1981,8.17
52,3,1982,7.68
52,3,1983,7.37
52,3,1984,7.34
52,3,1985,7.31
52,3,1986,7.07
52,3,1987,6.64
52,3,1988,6.1
52,3,1989,5.36
52,3,1990,4.72
52,3,1991,4.69
52,3,1992,4.41
52,3,1993,4.29
52,3,1994,3.9
52,3,1995,3.81
52,3,1996,3.61
52,3,1997,3.37
52,3,1998,3.14
52,3,1999,2.93
52,3,2000,2.79
52,3,2001,2.82
52,3,2002,2.75
52,3,2003,2.69
52,3,2004,2.37
52,3,2005,2.2
52,3,2006,1.97
52,3,2007,1.76
52,3,2008,1.7
52,3,2009,1.62
52,3,2010,1.49
52,3,2011,1.39
52,3,2012,1.2
52,3,2013,1.08
52,3,2014,1
52,3,2015,1.01
52,3,2016,1.01
52,3,2017,0.97
52,3,2018,0.87
52,3,2019,0.82
52,3,2020,0.78
52,3,2021,0.76
52,3,2022,0.76
52,3,2023,0.72
53,3,1980,1.1
53,3,1981,1.09
53,3,1982,1.1
53,3,1983,1.07
53,3,1984,1.06
53,3,1985,1.03
53,3,1986,0.99
53,3,1987,0.96
53,3,1988,0.91
53,3,1989,0.86
53,3,1990,0.83
53,3,1991,0.8
53,3,1992,0.76
53,3,1993,0.75
53,3,1994,0.71
53,3,1995,0.71
53,3,1996,0.7
53,3,1997,0.67
53,3,1998,0.64
53,3,1999,0.61
53,3,2000,0.57
53,3,2001,0.56
53,3,2002,0.54
53,3,2003,0.51
53,3,2004,0.49
53,3,2005,0.47
53,3,2006,0.44
53,3,2007,0.4
53,3,2008,0.38
53,3,2009,0.35
53,3,2010,0.33
53,3,2011,0.31
53,3,2012,0.28
53,3,2013,0.27
53,3,2014,0.25
53,3,2015,0.24
53,3,2016,0.23
53,3,2017,0.22
53,3,2018,0.2
53,3,2019,0.2
53,3,2020,0.19
53,3,2021,0.19
53,3,2022,0.19
53,3,2023,0.18
54,3,1980,1.15
54,3,1981,1.11
54,3,1982,1.12
54,3,1983,1.1
54,3,1984,1.11
54,3,1985,1.1
54,3,1986,1.07
54,3,1987,1.06
54,3,1988,1.05
54,3,1989,1.04
54,3,1990,1.04
54,3,1991,1.04
54,3,1992,0.99
54,3,1993,0.96
54,3,1994,0.89
54,3,1995,0.85
54,3,1996,0.81
54,3,1997,0.76
54,3,1998,0.72
54,3,1999,0.7
54,3,2000,0.66
54,3,2001,0.65
54,3,2002,0.61
54,3,2003,0.59
54,3,2004,0.57
54,3,2005,0.55
54,3,2006,0.52
54,3,2007,0.48
54,3,2008,0.46
54,3,2009,0.43
54,3,2010,0.41
54,3,2011,0.37
54,3,2012,0.34
54,3,2013,0.32
54,3,2014,0.3
54,3,2015,0.28
54,3,2016,0.28
54,3,2017,0.27
54,3,2018,0.25
54,3,2019,0.24
54,3,2020,0.24
54,3,2021,0.24
54,3,2022,0.24
54,3,2023,0.23
55,3,1980,1.29
55,3,1981,1.22
55,3,1982,1.16
55,3,1983,1.11
55,3,1984,1.08
55,3,1985,1.03
55,3,1986,1
55,3,1987,1
55,3,1988,0.92
55,3,1989,0.89
55,3,1990,0.87
55,3,1991,0.85
55,3,1992,0.73
55,3,1993,0.74
55,3,1994,0.76
55,3,1995,0.74
55,3,1996,0.55
55,3,1997,0.43
55,3,1998,0.4
55,3,1999,0.42
55,3,2000,0.4
55,3,2001,0.41
55,3,2002,0.4
55,3,2003,0.39
55,3,2004,0.36
55,3,2005,0.33
55,3,2006,0.29
55,3,2007,0.25
55,3,2008,0.24
55,3,2009,0.22
55,3,2010,0.21
55,3,2011,0.17
55,3,2012,0.17
55,3,2013,0.15
55,3,2014,0.13
55,3,2015,0.13
55,3,2016,0.12
55,3,2017,0.11
55,3,2018,0.1
55,3,2019,0.09
55,3,2020,0.08
55,3,2021,0.07
55,3,2022,0.07
55,3,2023,0.07
57,3,1980,3.66
57,3,1981,3.45
57,3,1982,3.41
57,3,1983,3.33
57,3,1984,3.36
57,3,1985,3.28
57,3,1986,2.95
57,3,1987,2.95
57,3,1988,2.9
57,3,1989,3.17
57,3,1990,3.58
57,3,1991,4.02
57,3,1992,4.53
57,3,1993,5.34
57,3,1994,5.57
57,3,1995,5.7
57,3,1996,6.1
57,3,1997,6.32
57,3,1998,6.73
57,3,1999,6.58
57,3,2000,6.62
57,3,2001,6.83
57,3,2002,6.71
57,3,2003,6.74
57,3,2004,6.29
57,3,2005,5.66
57,3,2006,5.23
57,3,2007,4.83
57,3,2008,3.42
57,3,2009,3.34
57,3,2010,4.19
57,3,2011,3.06
57,3,2012,3.19
57,3,2013,3.24
57,3,2014,2.88
57,3,2015,2.55
57,3,2016,2.01
57,3,2017,1.53
57,3,2018,1.41
57,3,2019,1.36
57,3,2020,1.28
57,3,2021,1.24
57,3,2022,1.27
57,3,2023,1.28
58,3,1980,2.26
58,3,1981,2.17
58,3,1982,2.14
58,3,1983,2.07
58,3,1984,1.98
58,3,1985,1.94
58,3,1986,1.74
58,3,1987,1.76
58,3,1988,1.69
58,3,1989,1.85
58,3,1990,2.07
58,3,1991,2.36
58,3,1992,2.66
58,3,1993,2.9
58,3,1994,2.73
58,3,1995,2.59
58,3,1996,2.58
58,3,1997,2.5
58,3,1998,2.42
58,3,1999,2.24
58,3,2000,2.2
58,3,2001,2.12
58,3,2002,2.05
58,3,2003,2.02
58,3,2004,1.86
58,3,2005,1.67
58,3,2006,1.52
58,3,2007,1.34
58,3,2008,1.21
58,3,2009,1.11
58,3,2010,1.05
58,3,2011,0.94
58,3,2012,0.92
58,3,2013,0.79
58,3,2014,0.72
58,3,2015,0.69
58,3,2016,0.67
58,3,2017,0.65
58,3,2018,0.6
58,3,2019,0.57
58,3,2020,0.53
58,3,2021,0.56
58,3,2022,0.54
58,3,2023,0.53
59,3,1980,2.72
59,3,1981,2.7
59,3,1982,2.72
59,3,1983,2.89
59,3,1984,2.7
59,3,1985,2.23
59,3,1986,1.93
59,3,1987,1.93
59,3,1988,1.87
59,3,1989,2.07
59,3,1990,2.32
59,3,1991,2.69
59,3,1992,3.18
59,3,1993,3.83
59,3,1994,4.14
59,3,1995,3.67
59,3,1996,3.05
59,3,1997,3.05
59,3,1998,2.93
59,3,1999,2.58
59,3,2000,2.59
59,3,2001,2.54
59,3,2002,2.52
59,3,2003,2.48
59,3,2004,2.43
59,3,2005,2.39
59,3,2006,2.31
59,3,2007,2.15
59,3,2008,1.93
59,3,2009,1.73
59,3,2010,1.48
59,3,2011,1.22
59,3,2012,1.12
59,3,2013,1.02
59,3,2014,0.99
59,3,2015,0.93
59,3,2016,0.92
59,3,2017,0.85
59,3,2018,0.76
59,3,2019,0.71
59,3,2020,0.66
59,3,2021,0.72
59,3,2022,0.76
59,3,2023,0.73
60,3,1980,4.12
60,3,1981,3.79
60,3,1982,3.6
60,3,1983,3.48
60,3,1984,3.42
60,3,1985,3.3
60,3,1986,2.98
60,3,1987,2.92
60,3,1988,2.79
60,3,1989,2.99
60,3,1990,3.39
60,3,1991,3.77
60,3,1992,4.11
60,3,1993,4.65
60,3,1994,4.81
60,3,1995,4.75
60,3,1996,4.8
60,3,1997,4.75
60,3,1998,4.22
60,3,1999,3.95
60,3,2000,3.91
60,3,2001,4.07
60,3,2002,4.14
60,3,2003,4.3
60,3,2004,4.31
60,3,2005,4.43
60,3,2006,4.48
60,3,2007,4.37
60,3,2008,3.99
60,3,2009,3.57
60,3,2010,3.26
60,3,2011,2.7
60,3,2012,2.5
60,3,2013,2.33
60,3,2014,2.15
60,3,2015,2.01
60,3,2016,1.95
60,3,2017,1.88
60,3,2018,1.68
60,3,2019,1.39
60,3,2020,1.23
60,3,2021,1.13
60,3,2022,1.04
60,3,2023,1.02
61,3,1980,6.12
61,3,1981,5.78
61,3,1982,5.76
61,3,1983,5.66
61,3,1984,5.97
61,3,1985,5.89
61,3,1986,4.99
61,3,1987,4.74
61,3,1988,4.41
61,3,1989,4.42
61,3,1990,4.75
61,3,1991,5.86
61,3,1992,6.06
61,3,1993,6.59
61,3,1994,6.49
61,3,1995,6.72
61,3,1996,6.44
61,3,1997,6.32
61,3,1998,5.79
61,3,1999,5.69
61,3,2000,5.77
61,3,2001,6.1
61,3,2002,6.5
61,3,2003,6.78
61,3,2004,6.51
61,3,2005,6.15
61,3,2006,5.8
61,3,2007,5.32
61,3,2008,5.14
61,3,2009,5.06
61,3,2010,4.62
61,3,2011,4.14
61,3,2012,3.59
61,3,2013,3.29
61,3,2014,3.74
61,3,2015,3.81
61,3,2016,3.58
61,3,2017,3.26
61,3,2018,3.09
61,3,2019,2.8
61,3,2020,2.55
61,3,2021,2.3
61,3,2022,2.39
61,3,2023,2.35
62,3,1980,5.53
62,3,1981,5.18
62,3,1982,5.11
62,3,1983,5.02
62,3,1984,5.47
62,3,1985,5.72
62,3,1986,5.16
62,3,1987,5.02
62,3,1988,4.83
62,3,1989,4.8
62,3,1990,4.87
62,3,1991,5.06
62,3,1992,5.73
62,3,1993,7.09
62,3,1994,7.83
62,3,1995,7.19
62,3,1996,6.86
62,3,1997,6.44
62,3,1998,6.5
62,3,1999,6.68
62,3,2000,7.21
62,3,2001,7.33
62,3,2002,7.55
62,3,2003,7.7
62,3,2004,7.34
62,3,2005,6.89
62,3,2006,6.24
62,3,2007,5.45
62,3,2008,5.25
62,3,2009,5.04
62,3,2010,4.76
62,3,2011,4.39
62,3,2012,4.03
62,3,2013,3.65
62,3,2014,3.46
62,3,2015,3.33
62,3,2016,3.1
62,3,2017,2.78
62,3,2018,2.6
62,3,2019,2.44
62,3,2020,2.31
62,3,2021,2.33
62,3,2022,2.25
62,3,2023,2.23
63,3,1980,3.63
63,3,1981,3.43
63,3,1982,3.43
63,3,1983,3.35
63,3,1984,3.28
63,3,1985,3.09
63,3,1986,2.65
63,3,1987,2.66
63,3,1988,2.59
63,3,1989,2.75
63,3,1990,3.18
63,3,1991,3.84
63,3,1992,4.48
63,3,1993,5.04
63,3,1994,5.41
63,3,1995,6.1
63,3,1996,6.25
63,3,1997,5.75
63,3,1998,5.15
63,3,1999,5.25
63,3,2000,5.75
63,3,2001,6.06
63,3,2002,6.31
63,3,2003,6.44
63,3,2004,6.26
63,3,2005,5.28
63,3,2006,4.7
63,3,2007,4.29
63,3,2008,3.95
63,3,2009,3.19
63,3,2010,2.6
63,3,2011,2.44
63,3,2012,2.36
63,3,2013,2.1
63,3,2014,1.92
63,3,2015,1.6
63,3,2016,1.56
63,3,2017,1.58
63,3,2018,1.53
63,3,2019,1.51
63,3,2020,1.52
63,3,2021,1.43
63,3,2022,1.42
63,3,2023,1.41
66,3,1980,0.8
66,3,1981,0.77
66,3,1982,0.73
66,3,1983,0.69
66,3,1984,0.65
66,3,1985,0.62
66,3,1986,0.58
66,3,1987,0.54
66,3,1988,0.52
66,3,1989,0.49
66,3,1990,0.46
66,3,1991,0.45
66,3,1992,0.43
66,3,1993,0.42
66,3,1994,0.4
66,3,1995,0.38
66,3,1996,0.37
66,3,1997,0.36
66,3,1998,0.34
66,3,1999,0.33
66,3,2000,0.31
66,3,2001,0.3
66,3,2002,0.29
66,3,2003,0.29
66,3,2004,0.29
66,3,2005,0.28
66,3,2006,0.28
66,3,2007,0.27
66,3,2008,0.26
66,3,2009,0.26
66,3,2010,0.25
66,3,2011,0.24
66,3,2012,0.23
66,3,2013,0.22
66,3,2014,0.22
66,3,2015,0.21
66,3,2016,0.2
66,3,2017,0.19
66,3,2018,0.19
66,3,2019,0.18
66,3,2020,0.18
66,3,2021,0.18
66,3,2022,0.17
66,3,2023,0.18
67,3,1980,0.61
67,3,1981,0.57
67,3,1982,0.57
67,3,1983,0.58
67,3,1984,0.6
67,3,1985,0.58
67,3,1986,0.55
67,3,1987,0.49
67,3,1988,0.43
67,3,1989,0.38
67,3,1990,0.34
67,3,1991,0.31
67,3,1992,0.3
67,3,1993,0.29
67,3,1994,0.26
67,3,1995,0.23
67,3,1996,0.24
67,3,1997,0.22
67,3,1998,0.22
67,3,1999,0.24
67,3,2000,0.22
67,3,2001,0.22
67,3,2002,0.24
67,3,2003,0.31
67,3,2004,0.31
67,3,2005,0.34
67,3,2006,0.3
67,3,2007,0.28
67,3,2008,0.29
67,3,2009,0.3
67,3,2010,0.3
67,3,2011,0.28
67,3,2012,0.24
67,3,2013,0.2
67,3,2014,0.19
67,3,2015,0.18
67,3,2016,0.16
67,3,2017,0.15
67,3,2018,0.15
67,3,2019,0.14
67,3,2020,0.13
67,3,2021,0.13
67,3,2022,0.14
67,3,2023,0.14
68,3,1980,4.42
68,3,1981,3.99
68,3,1982,3.82
68,3,1983,3.82
68,3,1984,3.56
68,3,1985,3.36
68,3,1986,3.24
68,3,1987,3.06
68,3,1988,2.87
68,3,1989,2.65
68,3,1990,2.5
68,3,1991,2.39
68,3,1992,2.2
68,3,1993,2.05
68,3,1994,1.91
68,3,1995,1.74
68,3,1996,1.57
68,3,1997,1.41
68,3,1998,1.23
68,3,1999,1.09
68,3,2000,0.95
68,3,2001,0.84
68,3,2002,0.76
68,3,2003,0.7
68,3,2004,0.65
68,3,2005,0.61
68,3,2006,0.56
68,3,2007,0.52
68,3,2008,0.5
68,3,2009,0.48
68,3,2010,0.46
68,3,2011,0.43
68,3,2012,0.4
68,3,2013,0.36
68,3,2014,0.33
68,3,2015,0.3
68,3,2016,0.28
68,3,2017,0.27
68,3,2018,0.26
68,3,2019,0.25
68,3,2020,0.25
68,3,2021,0.24
68,3,2022,0.25
68,3,2023,0.25
69,3,1980,0.29
69,3,1981,0.27
69,3,1982,0.28
69,3,1983,0.29
69,3,1984,0.32
69,3,1985,0.38
69,3,1986,0.37
69,3,1987,0.34
69,3,1988,0.3
69,3,1989,0.25
69,3,1990,0.21
69,3,1991,0.19
69,3,1992,0.18
69,3,1993,0.16
69,3,1994,0.14
69,3,1995,0.11
69,3,1996,0.1
69,3,1997,0.09
69,3,1998,0.08
69,3,1999,0.07
69,3,2000,0.06
69,3,2001,0.06
69,3,2002,0.06
69,3,2003,0.06
69,3,2004,0.06
69,3,2005,0.07
69,3,2006,0.06
69,3,2007,0.06
69,3,2008,0.06
69,3,2009,0.05
69,3,2010,0.05
69,3,2011,0.05
69,3,2012,0.04
69,3,2013,0.04
69,3,2014,0.03
69,3,2015,0.03
69,3,2016,0.03
69,3,2017,0.03
69,3,2018,0.02
69,3,2019,0.02
69,3,2020,0.02
69,3,2021,0.02
69,3,2022,0.03
69,3,2023,0.03
71,3,1980,0.43
71,3,1981,0.43
71,3,1982,0.4
71,3,1983,0.37
71,3,1984,0.35
71,3,1985,0.29
71,3,1986,0.24
71,3,1987,0.23
71,3,1988,0.25
71,3,1989,0.24
71,3,1990,0.25
71,3,1991,0.25
71,3,1992,0.19
71,3,1993,0.23
71,3,1994,0.24
71,3,1995,0.26
71,3,1996,0.27
71,3,1997,0.23
71,3,1998,0.22
71,3,1999,0.23
71,3,2000,0.23
71,3,2001,0.15
71,3,2002,0.18
71,3,2003,0.25
71,3,2004,0.22
71,3,2005,0.18
71,3,2006,0.16
71,3,2007,0.18
71,3,2008,0.19
71,3,2009,0.17
71,3,2010,0.17
71,3,2011,0.16
71,3,2012,0.14
71,3,2013,0.11
71,3,2014,0.1
71,3,2015,0.11
71,3,2016,0.09
71,3,2017,0.09
71,3,2018,0.09
71,3,2019,0.11
71,3,2020,0.11
71,3,2021,0.1
71,3,2022,0.1
71,3,2023,0.1
72,3,1980,0.33
72,3,1981,0.28
72,3,1982,0.26
72,3,1983,0.23
72,3,1984,0.19
72,3,1985,0.26
72,3,1986,0.24
72,3,1987,0.23
72,3,1988,0.16
72,3,1989,0.13
72,3,1990,0.17
72,3,1991,0.17
72,3,1992,0.14
72,3,1993,0.15
72,3,1994,0.16
72,3,1995,0.2
72,3,1996,0.3
72,3,1997,0.22
72,3,1998,0.14
72,3,1999,0.16
72,3,2000,0.15
72,3,2001,0.08
72,3,2002,0.14
72,3,2003,0.24
72,3,2004,0.21
72,3,2005,0.13
72,3,2006,0.12
72,3,2007,0.2
72,3,2008,0.22
72,3,2009,0.18
72,3,2010,0.17
72,3,2011,0.13
72,3,2012,0.13
72,3,2013,0.13
72,3,2014,0.12
72,3,2015,0.14
72,3,2016,0.09
72,3,2017,0.09
72,3,2018,0.06
72,3,2019,0.1
72,3,2020,0.09
72,3,2021,0.09
72,3,2022,0.1
72,3,2023,0.1
74,3,1980,0.05
74,3,1981,0.05
74,3,1982,0.05
74,3,1983,0.04
74,3,1984,0.04
74,3,1985,0.04
74,3,1986,0.04
74,3,1987,0.04
74,3,1988,0.04
74,3,1989,0.04
74,3,1990,0.04
74,3,1991,0.04
74,3,1992,0.04
74,3,1993,0.04
74,3,1994,0.03
74,3,1995,0.03
74,3,1996,0.03
74,3,1997,0.03
74,3,1998,0.03
74,3,1999,0.03
74,3,2000,0.03
74,3,2001,0.03
74,3,2002,0.03
74,3,2003,0.03
74,3,2004,0.03
74,3,2005,0.03
74,3,2006,0.03
74,3,2007,0.03
74,3,2008,0.03
74,3,2009,0.03
74,3,2010,0.03
74,3,2011,0.02
74,3,2012,0.02
74,3,2013,0.03
74,3,2014,0.02
74,3,2015,0.02
74,3,2016,0.02
74,3,2017,0.02
74,3,2018,0.02
74,3,2019,0.02
74,3,2020,0.02
74,3,2021,0.02
74,3,2022,0.02
74,3,2023,0.02
75,3,1980,1.26
75,3,1981,1.26
75,3,1982,1.18
75,3,1983,1.03
75,3,1984,0.82
75,3,1985,0.75
75,3,1986,0.68
75,3,1987,0.7
75,3,1988,0.65
75,3,1989,0.6
75,3,1990,0.58
75,3,1991,0.58
75,3,1992,0.51
75,3,1993,0.48
75,3,1994,0.42
75,3,1995,0.39
75,3,1996,0.34
75,3,1997,0.3
75,3,1998,0.28
75,3,1999,0.25
75,3,2000,0.23
75,3,2001,0.23
75,3,2002,0.21
75,3,2003,0.2
75,3,2004,0.18
75,3,2005,0.19
75,3,2006,0.2
75,3,2007,0.2
75,3,2008,0.19
75,3,2009,0.18
75,3,2010,0.19
75,3,2011,0.18
75,3,2012,0.18
75,3,2013,0.17
75,3,2014,0.16
75,3,2015,0.17
75,3,2016,0.19
75,3,2017,0.19
75,3,2018,0.19
75,3,2019,0.19
75,3,2020,0.19
75,3,2021,0.19
75,3,2022,0.2
75,3,2023,0.19
76,3,1980,1.75
76,3,1981,1.76
76,3,1982,1.6
76,3,1983,1.44
76,3,1984,1.18
76,3,1985,1.09
76,3,1986,1.03
76,3,1987,1.06
76,3,1988,0.98
76,3,1989,0.89
76,3,1990,0.85
76,3,1991,0.85
76,3,1992,0.75
76,3,1993,0.73
76,3,1994,0.64
76,3,1995,0.6
76,3,1996,0.54
76,3,1997,0.48
76,3,1998,0.44
76,3,1999,0.4
76,3,2000,0.38
76,3,2001,0.37
76,3,2002,0.33
76,3,2003,0.3
76,3,2004,0.29
76,3,2005,0.28
76,3,2006,0.27
76,3,2007,0.27
76,3,2008,0.27
76,3,2009,0.26
76,3,2010,0.27
76,3,2011,0.24
76,3,2012,0.25
76,3,2013,0.24
76,3,2014,0.22
76,3,2015,0.21
76,3,2016,0.2
76,3,2017,0.21
76,3,2018,0.22
76,3,2019,0.21
76,3,2020,0.2
76,3,2021,0.2
76,3,2022,0.2
76,3,2023,0.19
77,3,1980,0.62
77,3,1981,0.6
77,3,1982,0.6
77,3,1983,0.59
77,3,1984,0.56
77,3,1985,0.54
77,3,1986,0.52
77,3,1987,0.5
77,3,1988,0.49
77,3,1989,0.47
77,3,1990,0.45
77,3,1991,0.44
77,3,1992,0.44
77,3,1993,0.42
77,3,1994,0.4
77,3,1995,0.39
77,3,1996,0.38
77,3,1997,0.37
77,3,1998,0.36
77,3,1999,0.34
77,3,2000,0.32
77,3,2001,0.31
77,3,2002,0.29
77,3,2003,0.29
77,3,2004,0.28
77,3,2005,0.27
77,3,2006,0.26
77,3,2007,0.25
77,3,2008,0.25
77,3,2009,0.24
77,3,2010,0.23
77,3,2011,0.23
77,3,2012,0.22
77,3,2013,0.22
77,3,2014,0.21
77,3,2015,0.21
77,3,2016,0.21
77,3,2017,0.2
77,3,2018,0.2
77,3,2019,0.2
77,3,2020,0.19
77,3,2021,0.19
77,3,2022,0.19
77,3,2023,0.19
78,3,1980,0.35
78,3,1981,0.35
78,3,1982,0.33
78,3,1983,0.29
78,3,1984,0.23
78,3,1985,0.22
78,3,1986,0.21
78,3,1987,0.22
78,3,1988,0.21
78,3,1989,0.19
78,3,1990,0.19
78,3,1991,0.18
78,3,1992,0.16
78,3,1993,0.17
78,3,1994,0.16
78,3,1995,0.15
78,3,1996,0.13
78,3,1997,0.12
78,3,1998,0.12
78,3,1999,0.1
78,3,2000,0.09
78,3,2001,0.09
78,3,2002,0.08
78,3,2003,0.08
78,3,2004,0.08
78,3,2005,0.07
78,3,2006,0.07
78,3,2007,0.07
78,3,2008,0.07
78,3,2009,0.06
78,3,2010,0.06
78,3,2011,0.06
78,3,2012,0.05
78,3,2013,0.05
78,3,2014,0.05
78,3,2015,0.05
78,3,2016,0.05
78,3,2017,0.05
78,3,2018,0.05
78,3,2019,0.05
78,3,2020,0.04
78,3,2021,0.04
78,3,2022,0.04
78,3,2023,0.03
79,3,1980,2.5
79,3,1981,2.46
79,3,1982,2.28
79,3,1983,2.02
79,3,1984,1.59
79,3,1985,1.52
79,3,1986,1.4
79,3,1987,1.43
79,3,1988,1.33
79,3,1989,1.26
79,3,1990,1.23
79,3,1991,1.18
79,3,1992,1.11
79,3,1993,1.05
79,3,1994,0.97
79,3,1995,0.88
79,3,1996,0.82
79,3,1997,0.78
79,3,1998,0.74
79,3,1999,0.67
79,3,2000,0.62
79,3,2001,0.57
79,3,2002,0.52
79,3,2003,0.48
79,3,2004,0.48
79,3,2005,0.47
79,3,2006,0.49
79,3,2007,0.47
79,3,2008,0.46
79,3,2009,0.45
79,3,2010,0.45
79,3,2011,0.41
79,3,2012,0.42
79,3,2013,0.4
79,3,2014,0.39
79,3,2015,0.36
79,3,2016,0.34
79,3,2017,0.36
79,3,2018,0.37
79,3,2019,0.36
79,3,2020,0.35
79,3,2021,0.3
79,3,2022,0.29
79,3,2023,0.3
80,3,1980,0.79
80,3,1981,0.78
80,3,1982,0.73
80,3,1983,0.67
80,3,1984,0.57
80,3,1985,0.53
80,3,1986,0.49
80,3,1987,0.5
80,3,1988,0.46
80,3,1989,0.42
80,3,1990,0.41
80,3,1991,0.4
80,3,1992,0.35
80,3,1993,0.34
80,3,1994,0.31
80,3,1995,0.3
80,3,1996,0.27
80,3,1997,0.25
80,3,1998,0.24
80,3,1999,0.22
80,3,2000,0.2
80,3,2001,0.2
80,3,2002,0.18
80,3,2003,0.17
80,3,2004,0.15
80,3,2005,0.15
80,3,2006,0.15
80,3,2007,0.14
80,3,2008,0.14
80,3,2009,0.14
80,3,2010,0.14
80,3,2011,0.13
80,3,2012,0.14
80,3,2013,0.13
80,3,2014,0.12
80,3,2015,0.12
80,3,2016,0.11
80,3,2017,0.11
80,3,2018,0.11
80,3,2019,0.11
80,3,2020,0.11
80,3,2021,0.1
80,3,2022,0.12
80,3,2023,0.12
81,3,1980,0.48
81,3,1981,0.46
81,3,1982,0.45
81,3,1983,0.43
81,3,1984,0.42
81,3,1985,0.42
81,3,1986,0.4
81,3,1987,0.4
81,3,1988,0.39
81,3,1989,0.37
81,3,1990,0.36
81,3,1991,0.35
81,3,1992,0.31
81,3,1993,0.29
81,3,1994,0.26
81,3,1995,0.23
81,3,1996,0.22
81,3,1997,0.19
81,3,1998,0.18
81,3,1999,0.16
81,3,2000,0.15
81,3,2001,0.15
81,3,2002,0.13
81,3,2003,0.13
81,3,2004,0.12
81,3,2005,0.12
81,3,2006,0.12
81,3,2007,0.12
81,3,2008,0.12
81,3,2009,0.12
81,3,2010,0.12
81,3,2011,0.11
81,3,2012,0.11
81,3,2013,0.11
81,3,2014,0.11
81,3,2015,0.1
81,3,2016,0.11
81,3,2017,0.12
81,3,2018,0.12
81,3,2019,0.1
81,3,2020,0.07
81,3,2021,0.06
81,3,2022,0.06
81,3,2023,0.05
82,3,1980,0.67
82,3,1981,0.68
82,3,1982,0.64
82,3,1983,0.58
82,3,1984,0.46
82,3,1985,0.42
82,3,1986,0.39
82,3,1987,0.42
82,3,1988,0.41
82,3,1989,0.38
82,3,1990,0.36
82,3,1991,0.37
82,3,1992,0.34
82,3,1993,0.32
82,3,1994,0.27
82,3,1995,0.26
82,3,1996,0.23
82,3,1997,0.22
82,3,1998,0.21
82,3,1999,0.2
82,3,2000,0.19
82,3,2001,0.18
82,3,2002,0.17
82,3,2003,0.15
82,3,2004,0.14
82,3,2005,0.14
82,3,2006,0.14
82,3,2007,0.14
82,3,2008,0.14
82,3,2009,0.13
82,3,2010,0.13
82,3,2011,0.13
82,3,2012,0.12
82,3,2013,0.12
82,3,2014,0.11
82,3,2015,0.11
82,3,2016,0.11
82,3,2017,0.11
82,3,2018,0.11
82,3,2019,0.11
82,3,2020,0.11
82,3,2021,0.11
82,3,2022,0.11
82,3,2023,0.1
83,3,1980,1.12
83,3,1981,1.08
83,3,1982,0.99
83,3,1983,0.92
83,3,1984,0.83
83,3,1985,0.78
83,3,1986,0.74
83,3,1987,0.72
83,3,1988,0.73
83,3,1989,0.71
83,3,1990,0.69
83,3,1991,0.65
83,3,1992,0.59
83,3,1993,0.55
83,3,1994,0.5
83,3,1995,0.46
83,3,1996,0.39
83,3,1997,0.36
83,3,1998,0.34
83,3,1999,0.31
83,3,2000,0.29
83,3,2001,0.28
83,3,2002,0.24
83,3,2003,0.22
83,3,2004,0.21
83,3,2005,0.21
83,3,2006,0.21
83,3,2007,0.21
83,3,2008,0.21
83,3,2009,0.2
83,3,2010,0.2
83,3,2011,0.19
83,3,2012,0.19
83,3,2013,0.2
83,3,2014,0.18
83,3,2015,0.18
83,3,2016,0.18
83,3,2017,0.19
83,3,2018,0.2
83,3,2019,0.18
83,3,2020,0.17
83,3,2021,0.15
83,3,2022,0.13
83,3,2023,0.14
84,3,1980,1.1
84,3,1981,1.06
84,3,1982,0.98
84,3,1983,0.86
84,3,1984,0.69
84,3,1985,0.63
84,3,1986,0.6
84,3,1987,0.62
84,3,1988,0.59
84,3,1989,0.54
84,3,1990,0.53
84,3,1991,0.52
84,3,1992,0.46
84,3,1993,0.45
84,3,1994,0.41
84,3,1995,0.39
84,3,1996,0.35
84,3,1997,0.32
84,3,1998,0.29
84,3,1999,0.28
84,3,2000,0.26
84,3,2001,0.25
84,3,2002,0.22
84,3,2003,0.19
84,3,2004,0.17
84,3,2005,0.18
84,3,2006,0.19
84,3,2007,0.18
84,3,2008,0.18
84,3,2009,0.17
84,3,2010,0.17
84,3,2011,0.15
84,3,2012,0.15
84,3,2013,0.15
84,3,2014,0.13
84,3,2015,0.13
84,3,2016,0.12
84,3,2017,0.12
84,3,2018,0.12
84,3,2019,0.12
84,3,2020,0.12
84,3,2021,0.1
84,3,2022,0.1
84,3,2023,0.11
85,3,1980,0.51
85,3,1981,0.49
85,3,1982,0.47
85,3,1983,0.41
85,3,1984,0.32
85,3,1985,0.29
85,3,1986,0.28
85,3,1987,0.29
85,3,1988,0.27
85,3,1989,0.24
85,3,1990,0.23
85,3,1991,0.22
85,3,1992,0.21
85,3,1993,0.2
85,3,1994,0.17
85,3,1995,0.16
85,3,1996,0.14
85,3,1997,0.14
85,3,1998,0.13
85,3,1999,0.12
85,3,2000,0.11
85,3,2001,0.11
85,3,2002,0.1
85,3,2003,0.09
85,3,2004,0.08
85,3,2005,0.08
85,3,2006,0.08
85,3,2007,0.08
85,3,2008,0.07
85,3,2009,0.07
85,3,2010,0.07
85,3,2011,0.07
85,3,2012,0.07
85,3,2013,0.06
85,3,2014,0.06
85,3,2015,0.06
85,3,2016,0.06
85,3,2017,0.06
85,3,2018,0.06
85,3,2019,0.06
85,3,2020,0.05
85,3,2021,0.05
85,3,2022,0.05
85,3,2023,0.05
86,3,1980,0.63
86,3,1981,0.66
86,3,1982,0.65
86,3,1983,0.64
86,3,1984,0.6
86,3,1985,0.56
86,3,1986,0.52
86,3,1987,0.5
86,3,1988,0.46
86,3,1989,0.49
86,3,1990,0.53
86,3,1991,0.61
86,3,1992,0.45
86,3,1993,0.42
86,3,1994,0.36
86,3,1995,0.36
86,3,1996,0.34
86,3,1997,0.27
86,3,1998,0.25
86,3,1999,0.23
86,3,2000,0.2
86,3,2001,0.2
86,3,2002,0.17
86,3,2003,0.16
86,3,2004,0.13
86,3,2005,0.13
86,3,2006,0.12
86,3,2007,0.13
86,3,2008,0.12
86,3,2009,0.12
86,3,2010,0.11
86,3,2011,0.1
86,3,2012,0.1
86,3,2013,0.09
86,3,2014,0.08
86,3,2015,0.08
86,3,2016,0.09
86,3,2017,0.09
86,3,2018,0.1
86,3,2019,0.09
86,3,2020,0.08
86,3,2021,0.08
86,3,2022,0.08
86,3,2023,0.08
87,3,1980,1.1
87,3,1981,1.08
87,3,1982,1
87,3,1983,0.88
87,3,1984,0.7
87,3,1985,0.65
87,3,1986,0.61
87,3,1987,0.64
87,3,1988,0.6
87,3,1989,0.55
87,3,1990,0.52
87,3,1991,0.51
87,3,1992,0.46
87,3,1993,0.42
87,3,1994,0.37
87,3,1995,0.34
87,3,1996,0.29
87,3,1997,0.26
87,3,1998,0.24
87,3,1999,0.21
87,3,2000,0.19
87,3,2001,0.18
87,3,2002,0.16
87,3,2003,0.15
87,3,2004,0.14
87,3,2005,0.14
87,3,2006,0.14
87,3,2007,0.13
87,3,2008,0.12
87,3,2009,0.12
87,3,2010,0.12
87,3,2011,0.11
87,3,2012,0.11
87,3,2013,0.11
87,3,2014,0.1
87,3,2015,0.1
87,3,2016,0.09
87,3,2017,0.09
87,3,2018,0.09
87,3,2019,0.08
87,3,2020,0.08
87,3,2021,0.06
87,3,2022,0.05
87,3,2023,0.06
88,3,1980,0.6
88,3,1981,0.6
88,3,1982,0.56
88,3,1983,0.49
88,3,1984,0.39
88,3,1985,0.35
88,3,1986,0.32
88,3,1987,0.34
88,3,1988,0.32
88,3,1989,0.3
88,3,1990,0.29
88,3,1991,0.28
88,3,1992,0.25
88,3,1993,0.24
88,3,1994,0.21
88,3,1995,0.2
88,3,1996,0.18
88,3,1997,0.16
88,3,1998,0.15
88,3,1999,0.14
88,3,2000,0.13
88,3,2001,0.12
88,3,2002,0.11
88,3,2003,0.1
88,3,2004,0.1
88,3,2005,0.1
88,3,2006,0.1
88,3,2007,0.1
88,3,2008,0.1
88,3,2009,0.09
88,3,2010,0.09
88,3,2011,0.09
88,3,2012,0.09
88,3,2013,0.09
88,3,2014,0.08
88,3,2015,0.08
88,3,2016,0.08
88,3,2017,0.08
88,3,2018,0.08
88,3,2019,0.08
88,3,2020,0.07
88,3,2021,0.06
88,3,2022,0.06
88,3,2023,0.06
89,3,1980,0.3
89,3,1981,0.3
89,3,1982,0.28
89,3,1983,0.25
89,3,1984,0.2
89,3,1985,0.19
89,3,1986,0.18
89,3,1987,0.18
89,3,1988,0.17
89,3,1989,0.16
89,3,1990,0.15
89,3,1991,0.15
89,3,1992,0.14
89,3,1993,0.13
89,3,1994,0.12
89,3,1995,0.11
89,3,1996,0.1
89,3,1997,0.09
89,3,1998,0.08
89,3,1999,0.07
89,3,2000,0.07
89,3,2001,0.07
89,3,2002,0.06
89,3,2003,0.06
89,3,2004,0.05
89,3,2005,0.05
89,3,2006,0.05
89,3,2007,0.05
89,3,2008,0.05
89,3,2009,0.05
89,3,2010,0.05
89,3,2011,0.05
89,3,2012,0.05
89,3,2013,0.04
89,3,2014,0.04
89,3,2015,0.04
89,3,2016,0.04
89,3,2017,0.04
89,3,2018,0.04
89,3,2019,0.04
89,3,2020,0.04
89,3,2021,0.03
89,3,2022,0.03
89,3,2023,0.03
90,3,1980,0.35
90,3,1981,0.26
90,3,1982,0.31
90,3,1983,0.23
90,3,1984,0.16
90,3,1985,0.19
90,3,1986,0.22
90,3,1987,0.17
90,3,1988,0.17
90,3,1989,0.2
90,3,1990,0.16
90,3,1991,0.16
90,3,1992,0.21
90,3,1993,0.19
90,3,1994,0.14
90,3,1995,0.13
90,3,1996,0.07
90,3,1997,0.06
90,3,1998,0.03
90,3,1999,0.05
90,3,2000,0.08
90,3,2001,0.09
90,3,2002,0.07
90,3,2003,0.07
90,3,2004,0.07
90,3,2005,0.1
90,3,2006,0.1
90,3,2007,0.1
90,3,2008,0.08
90,3,2009,0.09
90,3,2010,0.12
90,3,2011,0.11
90,3,2012,0.09
90,3,2013,0.1
90,3,2014,0.12
90,3,2015,0.11
90,3,2016,0.08
90,3,2017,0.09
90,3,2018,0.11
90,3,2019,0.11
90,3,2020,0.13
90,3,2021,0.14
90,3,2022,0.19
90,3,2023,0.21
91,3,1980,2.47
91,3,1981,2.34
91,3,1982,2.22
91,3,1983,2.09
91,3,1984,1.91
91,3,1985,1.81
91,3,1986,1.76
91,3,1987,1.83
91,3,1988,1.75
91,3,1989,1.62
91,3,1990,1.6
91,3,1991,1.58
91,3,1992,1.45
91,3,1993,1.37
91,3,1994,1.19
91,3,1995,1.1
91,3,1996,0.99
91,3,1997,0.9
91,3,1998,0.85
91,3,1999,0.77
91,3,2000,0.7
91,3,2001,0.66
91,3,2002,0.6
91,3,2003,0.55
91,3,2004,0.48
91,3,2005,0.42
91,3,2006,0.41
91,3,2007,0.43
91,3,2008,0.42
91,3,2009,0.4
91,3,2010,0.39
91,3,2011,0.36
91,3,2012,0.36
91,3,2013,0.35
91,3,2014,0.35
91,3,2015,0.33
91,3,2016,0.32
91,3,2017,0.33
91,3,2018,0.34
91,3,2019,0.33
91,3,2020,0.31
91,3,2021,0.28
91,3,2022,0.29
91,3,2023,0.29
92,3,1980,0.86
92,3,1981,0.88
92,3,1982,0.81
92,3,1983,0.73
92,3,1984,0.63
92,3,1985,0.58
92,3,1986,0.56
92,3,1987,0.61
92,3,1988,0.6
92,3,1989,0.55
92,3,1990,0.53
92,3,1991,0.53
92,3,1992,0.47
92,3,1993,0.45
92,3,1994,0.41
92,3,1995,0.38
92,3,1996,0.34
92,3,1997,0.3
92,3,1998,0.28
92,3,1999,0.25
92,3,2000,0.23
92,3,2001,0.21
92,3,2002,0.19
92,3,2003,0.19
92,3,2004,0.18
92,3,2005,0.18
92,3,2006,0.17
92,3,2007,0.16
92,3,2008,0.15
92,3,2009,0.14
92,3,2010,0.14
92,3,2011,0.13
92,3,2012,0.13
92,3,2013,0.13
92,3,2014,0.12
92,3,2015,0.11
92,3,2016,0.11
92,3,2017,0.12
92,3,2018,0.12
92,3,2019,0.12
92,3,2020,0.11
92,3,2021,0.1
92,3,2022,0.1
92,3,2023,0.1
93,3,1980,1.16
93,3,1981,1.14
93,3,1982,1.05
93,3,1983,0.92
93,3,1984,0.75
93,3,1985,0.71
93,3,1986,0.68
93,3,1987,0.78
93,3,1988,0.78
93,3,1989,0.72
93,3,1990,0.7
93,3,1991,0.7
93,3,1992,0.61
93,3,1993,0.55
93,3,1994,0.48
93,3,1995,0.45
93,3,1996,0.39
93,3,1997,0.33
93,3,1998,0.3
93,3,1999,0.27
93,3,2000,0.25
93,3,2001,0.24
93,3,2002,0.22
93,3,2003,0.21
93,3,2004,0.2
93,3,2005,0.2
93,3,2006,0.2
93,3,2007,0.2
93,3,2008,0.19
93,3,2009,0.2
93,3,2010,0.2
93,3,2011,0.19
93,3,2012,0.2
93,3,2013,0.19
93,3,2014,0.19
93,3,2015,0.19
93,3,2016,0.18
93,3,2017,0.19
93,3,2018,0.18
93,3,2019,0.17
93,3,2020,0.16
93,3,2021,0.14
93,3,2022,0.12
93,3,2023,0.12
94,3,1980,0.2
94,3,1981,0.21
94,3,1982,0.19
94,3,1983,0.17
94,3,1984,0.13
94,3,1985,0.12
94,3,1986,0.11
94,3,1987,0.12
94,3,1988,0.12
94,3,1989,0.11
94,3,1990,0.11
94,3,1991,0.11
94,3,1992,0.1
94,3,1993,0.09
94,3,1994,0.08
94,3,1995,0.08
94,3,1996,0.07
94,3,1997,0.06
94,3,1998,0.05
94,3,1999,0.05
94,3,2000,0.05
94,3,2001,0.04
94,3,2002,0.04
94,3,2003,0.04
94,3,2004,0.03
94,3,2005,0.03
94,3,2006,0.03
94,3,2007,0.03
94,3,2008,0.03
94,3,2009,0.03
94,3,2010,0.03
94,3,2011,0.03
94,3,2012,0.03
94,3,2013,0.03
94,3,2014,0.03
94,3,2015,0.03
94,3,2016,0.02
94,3,2017,0.02
94,3,2018,0.02
94,3,2019,0.02
94,3,2020,0.02
94,3,2021,0.02
94,3,2022,0.02
94,3,2023,0.02
95,3,1980,0.6
95,3,1981,0.57
95,3,1982,0.51
95,3,1983,0.46
95,3,1984,0.46
95,3,1985,0.49
95,3,1986,0.47
95,3,1987,0.44
95,3,1988,0.44
95,3,1989,0.4
95,3,1990,0.41
95,3,1991,0.44
95,3,1992,0.46
95,3,1993,0.55
95,3,1994,0.53
95,3,1995,0.52
95,3,1996,0.54
95,3,1997,0.52
95,3,1998,0.49
95,3,1999,0.46
95,3,2000,0.39
95,3,2001,0.28
95,3,2002,0.24
95,3,2003,0.22
95,3,2004,0.19
95,3,2005,0.18
95,3,2006,0.18
95,3,2007,0.19
95,3,2008,0.18
95,3,2009,0.19
95,3,2010,0.18
95,3,2011,0.17
95,3,2012,0.16
95,3,2013,0.15
95,3,2014,0.14
95,3,2015,0.13
95,3,2016,0.11
95,3,2017,0.12
95,3,2018,0.12
95,3,2019,0.12
95,3,2020,0.11
95,3,2021,0.12
95,3,2022,0.12
95,3,2023,0.13
97,3,1980,1.45
97,3,1981,1.37
97,3,1982,1.28
97,3,1983,1.24
97,3,1984,1.22
97,3,1985,1.19
97,3,1986,1.14
97,3,1987,1.14
97,3,1988,1.11
97,3,1989,1.04
97,3,1990,1.04
97,3,1991,0.99
97,3,1992,0.95
97,3,1993,0.89
97,3,1994,0.82
97,3,1995,0.79
97,3,1996,0.76
97,3,1997,0.72
97,3,1998,0.64
97,3,1999,0.68
97,3,2000,0.67
97,3,2001,0.61
97,3,2002,0.65
97,3,2003,0.65
97,3,2004,0.71
97,3,2005,0.83
97,3,2006,0.67
97,3,2007,0.76
97,3,2008,0.67
97,3,2009,0.64
97,3,2010,0.65
97,3,2011,0.66
97,3,2012,0.66
97,3,2013,0.66
97,3,2014,0.59
97,3,2015,0.56
97,3,2016,0.52
97,3,2017,0.51
97,3,2018,0.5
97,3,2019,0.44
97,3,2020,0.39
97,3,2021,0.39
97,3,2022,0.46
97,3,2023,0.38
98,3,1980,1
98,3,1981,0.95
98,3,1982,0.91
98,3,1983,0.88
98,3,1984,0.86
98,3,1985,0.81
98,3,1986,0.78
98,3,1987,0.76
98,3,1988,0.77
98,3,1989,0.75
98,3,1990,0.73
98,3,1991,0.64
98,3,1992,0.62
98,3,1993,0.59
98,3,1994,0.56
98,3,1995,0.52
98,3,1996,0.49
98,3,1997,0.39
98,3,1998,0.32
98,3,1999,0.33
98,3,2000,0.32
98,3,2001,0.3
98,3,2002,0.31
98,3,2003,0.3
98,3,2004,0.32
98,3,2005,0.37
98,3,2006,0.31
98,3,2007,0.33
98,3,2008,0.3
98,3,2009,0.28
98,3,2010,0.27
98,3,2011,0.28
98,3,2012,0.26
98,3,2013,0.26
98,3,2014,0.23
98,3,2015,0.23
98,3,2016,0.22
98,3,2017,0.22
98,3,2018,0.22
98,3,2019,0.21
98,3,2020,0.19
98,3,2021,0.18
98,3,2022,0.19
98,3,2023,0.18
99,3,1980,1.24
99,3,1981,1.2
99,3,1982,1.17
99,3,1983,1.15
99,3,1984,1.1
99,3,1985,1.05
99,3,1986,1.01
99,3,1987,1.02
99,3,1988,1.03
99,3,1989,0.98
99,3,1990,0.97
99,3,1991,0.93
99,3,1992,0.89
99,3,1993,0.87
99,3,1994,0.83
99,3,1995,0.82
99,3,1996,0.78
99,3,1997,0.72
99,3,1998,0.64
99,3,1999,0.66
99,3,2000,0.66
99,3,2001,0.59
99,3,2002,0.61
99,3,2003,0.61
99,3,2004,0.68
99,3,2005,0.78
99,3,2006,0.64
99,3,2007,0.7
99,3,2008,0.63
99,3,2009,0.6
99,3,2010,0.6
99,3,2011,0.63
99,3,2012,0.64
99,3,2013,0.63
99,3,2014,0.57
99,3,2015,0.55
99,3,2016,0.51
99,3,2017,0.5
99,3,2018,0.51
99,3,2019,0.47
99,3,2020,0.41
99,3,2021,0.4
99,3,2022,0.43
99,3,2023,0.4
101,3,1980,0.86
101,3,1981,0.85
101,3,1982,0.84
101,3,1983,0.75
101,3,1984,0.7
101,3,1985,0.64
101,3,1986,0.6
101,3,1987,0.57
101,3,1988,0.54
101,3,1989,0.57
101,3,1990,0.54
101,3,1991,0.51
101,3,1992,0.49
101,3,1993,0.47
101,3,1994,0.45
101,3,1995,0.4
101,3,1996,0.39
101,3,1997,0.38
101,3,1998,0.35
101,3,1999,0.33
101,3,2000,0.31
101,3,2001,0.28
101,3,2002,0.3
101,3,2003,0.31
101,3,2004,0.3
101,3,2005,0.3
101,3,2006,0.3
101,3,2007,0.31
101,3,2008,0.31
101,3,2009,0.32
101,3,2010,0.3
101,3,2011,0.3
101,3,2012,0.3
101,3,2013,0.3
101,3,2014,0.31
101,3,2015,0.29
101,3,2016,0.27
101,3,2017,0.27
101,3,2018,0.26
101,3,2019,0.26
101,3,2020,0.26
101,3,2021,0.29
101,3,2022,0.29
101,3,2023,0.28
102,3,1980,0.77
102,3,1981,0.76
102,3,1982,0.74
102,3,1983,0.69
102,3,1984,0.64
102,3,1985,0.6
102,3,1986,0.57
102,3,1987,0.53
102,3,1988,0.51
102,3,1989,0.51
102,3,1990,0.45
102,3,1991,0.42
102,3,1992,0.38
102,3,1993,0.38
102,3,1994,0.37
102,3,1995,0.35
102,3,1996,0.35
102,3,1997,0.32
102,3,1998,0.29
102,3,1999,0.28
102,3,2000,0.3
102,3,2001,0.3
102,3,2002,0.33
102,3,2003,0.33
102,3,2004,0.32
102,3,2005,0.33
102,3,2006,0.34
102,3,2007,0.35
102,3,2008,0.36
102,3,2009,0.36
102,3,2010,0.35
102,3,2011,0.36
102,3,2012,0.34
102,3,2013,0.34
102,3,2014,0.36
102,3,2015,0.37
102,3,2016,0.4
102,3,2017,0.4
102,3,2018,0.38
102,3,2019,0.4
102,3,2020,0.42
102,3,2021,0.43
102,3,2022,0.41
102,3,2023,0.39
105,3,1980,2.03
105,3,1981,1.9
105,3,1982,1.8
105,3,1983,1.68
105,3,1984,1.62
105,3,1985,1.55
105,3,1986,1.53
105,3,1987,1.62
105,3,1988,1.71
105,3,1989,1.76
105,3,1990,1.5
105,3,1991,1.56
105,3,1992,1.69
105,3,1993,1.73
105,3,1994,1.1
105,3,1995,0.91
105,3,1996,0.78
105,3,1997,0.67
105,3,1998,0.53
105,3,1999,0.49
105,3,2000,0.37
105,3,2001,0.32
105,3,2002,0.29
105,3,2003,0.26
105,3,2004,0.28
105,3,2005,0.27
105,3,2006,0.23
105,3,2007,0.2
105,3,2008,0.22
105,3,2009,0.25
105,3,2010,0.24
105,3,2011,0.21
105,3,2012,0.21
105,3,2013,0.24
105,3,2014,0.23
105,3,2015,0.22
105,3,2016,0.22
105,3,2017,0.21
105,3,2018,0.2
105,3,2019,0.17
105,3,2020,0.2
105,3,2021,0.2
105,3,2022,0.2
105,3,2023,0.2
106,3,1980,1.15
106,3,1981,1.34
106,3,1982,1.3
106,3,1983,1.37
106,3,1984,1.3
106,3,1985,1.03
106,3,1986,1.03
106,3,1987,1.11
106,3,1988,1.09
106,3,1989,1.09
106,3,1990,1.21
106,3,1991,1.33
106,3,1992,1.33
106,3,1993,1.23
106,3,1994,0.66
106,3,1995,0.52
106,3,1996,0.47
106,3,1997,0.4
106,3,1998,0.33
106,3,1999,0.31
106,3,2000,0.24
106,3,2001,0.2
106,3,2002,0.19
106,3,2003,0.17
106,3,2004,0.2
106,3,2005,0.18
106,3,2006,0.15
106,3,2007,0.13
106,3,2008,0.14
106,3,2009,0.16
106,3,2010,0.16
106,3,2011,0.13
106,3,2012,0.12
106,3,2013,0.14
106,3,2014,0.15
106,3,2015,0.14
106,3,2016,0.14
106,3,2017,0.13
106,3,2018,0.13
106,3,2019,0.13
106,3,2020,0.13
106,3,2021,0.16
106,3,2022,0.13
106,3,2023,0.13
107,3,1980,0.79
107,3,1981,0.89
107,3,1982,0.84
107,3,1983,0.8
107,3,1984,0.89
107,3,1985,0.76
107,3,1986,0.72
107,3,1987,0.79
107,3,1988,0.86
107,3,1989,0.91
107,3,1990,0.79
107,3,1991,0.83
107,3,1992,0.92
107,3,1993,0.95
107,3,1994,0.58
107,3,1995,0.47
107,3,1996,0.45
107,3,1997,0.37
107,3,1998,0.23
107,3,1999,0.19
107,3,2000,0.18
107,3,2001,0.16
107,3,2002,0.15
107,3,2003,0.14
107,3,2004,0.16
107,3,2005,0.15
107,3,2006,0.12
107,3,2007,0.11
107,3,2008,0.12
107,3,2009,0.13
107,3,2010,0.12
107,3,2011,0.1
107,3,2012,0.1
107,3,2013,0.11
107,3,2014,0.11
107,3,2015,0.11
107,3,2016,0.11
107,3,2017,0.11
107,3,2018,0.11
107,3,2019,0.1
107,3,2020,0.1
107,3,2021,0.1
107,3,2022,0.1
107,3,2023,0.1
108,3,1980,3.11
108,3,1981,3.48
108,3,1982,3.13
108,3,1983,3
108,3,1984,3.32
108,3,1985,2.93
108,3,1986,2.63
108,3,1987,2.83
108,3,1988,3.14
108,3,1989,3.4
108,3,1990,2.76
108,3,1991,2.75
108,3,1992,2.93
108,3,1993,3.18
108,3,1994,1.99
108,3,1995,1.69
108,3,1996,1.61
108,3,1997,1.34
108,3,1998,1.1
108,3,1999,1.08
108,3,2000,0.87
108,3,2001,0.72
108,3,2002,0.66
108,3,2003,0.6
108,3,2004,0.65
108,3,2005,0.61
108,3,2006,0.5
108,3,2007,0.44
108,3,2008,0.47
108,3,2009,0.52
108,3,2010,0.5
108,3,2011,0.42
108,3,2012,0.41
108,3,2013,0.46
108,3,2014,0.47
108,3,2015,0.45
108,3,2016,0.47
108,3,2017,0.46
108,3,2018,0.45
108,3,2019,0.42
108,3,2020,0.41
108,3,2021,0.4
108,3,2022,0.37
108,3,2023,0.35
109,3,1980,0.81
109,3,1981,0.8
109,3,1982,0.77
109,3,1983,0.74
109,3,1984,0.69
109,3,1985,0.63
109,3,1986,0.6
109,3,1987,0.59
109,3,1988,0.57
109,3,1989,0.55
109,3,1990,0.51
109,3,1991,0.49
109,3,1992,0.48
109,3,1993,0.47
109,3,1994,0.44
109,3,1995,0.42
109,3,1996,0.41
109,3,1997,0.38
109,3,1998,0.31
109,3,1999,0.28
109,3,2000,0.2
109,3,2001,0.16
109,3,2002,0.15
109,3,2003,0.13
109,3,2004,0.14
109,3,2005,0.13
109,3,2006,0.1
109,3,2007,0.1
109,3,2008,0.1
109,3,2009,0.12
109,3,2010,0.12
109,3,2011,0.1
109,3,2012,0.1
109,3,2013,0.11
109,3,2014,0.11
109,3,2015,0.11
109,3,2016,0.11
109,3,2017,0.1
109,3,2018,0.1
109,3,2019,0.08
109,3,2020,0.1
109,3,2021,0.11
109,3,2022,0.09
109,3,2023,0.09
110,3,1980,4.29
110,3,1981,4.32
110,3,1982,4.38
110,3,1983,4.24
110,3,1984,4.13
110,3,1985,4.06
110,3,1986,4.04
110,3,1987,4.01
110,3,1988,4.06
110,3,1989,4.01
110,3,1990,3.89
110,3,1991,3.81
110,3,1992,3.66
110,3,1993,3.42
110,3,1994,3.03
110,3,1995,2.66
110,3,1996,2.35
110,3,1997,2.04
110,3,1998,1.78
110,3,1999,1.55
110,3,2000,1.36
110,3,2001,1.18
110,3,2002,1.07
110,3,2003,0.99
110,3,2004,0.95
110,3,2005,0.89
110,3,2006,0.85
110,3,2007,0.81
110,3,2008,0.79
110,3,2009,0.77
110,3,2010,0.75
110,3,2011,0.73
110,3,2012,0.72
110,3,2013,0.71
110,3,2014,0.71
110,3,2015,0.7
110,3,2016,0.69
110,3,2017,0.68
110,3,2018,0.67
110,3,2019,0.65
110,3,2020,0.66
110,3,2021,0.62
110,3,2022,0.57
110,3,2023,0.57
111,3,1980,1.25
111,3,1981,1.2
111,3,1982,1.16
111,3,1983,1.1
111,3,1984,1.08
111,3,1985,1.01
111,3,1986,0.96
111,3,1987,0.9
111,3,1988,0.87
111,3,1989,0.82
111,3,1990,0.78
111,3,1991,0.73
111,3,1992,0.67
111,3,1993,0.62
111,3,1994,0.57
111,3,1995,0.52
111,3,1996,0.49
111,3,1997,0.43
111,3,1998,0.39
111,3,1999,0.34
111,3,2000,0.27
111,3,2001,0.21
111,3,2002,0.16
111,3,2003,0.14
111,3,2004,0.13
111,3,2005,0.13
111,3,2006,0.13
111,3,2007,0.12
111,3,2008,0.12
111,3,2009,0.12
111,3,2010,0.12
111,3,2011,0.12
111,3,2012,0.12
111,3,2013,0.12
111,3,2014,0.12
111,3,2015,0.12
111,3,2016,0.12
111,3,2017,0.12
111,3,2018,0.12
111,3,2019,0.13
111,3,2020,0.13
111,3,2021,0.14
111,3,2022,0.14
111,3,2023,0.14
112,3,1980,3.4
112,3,1981,3.34
112,3,1982,3.34
112,3,1983,3.3
112,3,1984,3.32
112,3,1985,2.76
112,3,1986,2.85
112,3,1987,3.12
112,3,1988,3.16
112,3,1989,3.25
112,3,1990,2.63
112,3,1991,2.54
112,3,1992,2.72
112,3,1993,2.9
112,3,1994,1.78
112,3,1995,1.5
112,3,1996,1.34
112,3,1997,1.26
112,3,1998,1.02
112,3,1999,0.63
112,3,2000,0.51
112,3,2001,0.48
112,3,2002,0.45
112,3,2003,0.41
112,3,2004,0.45
112,3,2005,0.42
112,3,2006,0.34
112,3,2007,0.31
112,3,2008,0.33
112,3,2009,0.38
112,3,2010,0.37
112,3,2011,0.31
112,3,2012,0.31
112,3,2013,0.35
112,3,2014,0.34
112,3,2015,0.32
112,3,2016,0.33
112,3,2017,0.3
112,3,2018,0.3
112,3,2019,0.25
112,3,2020,0.32
112,3,2021,0.3
112,3,2022,0.28
112,3,2023,0.27
113,3,1980,2.43
113,3,1981,2.36
113,3,1982,2.29
113,3,1983,2.24
113,3,1984,2.22
113,3,1985,2.2
113,3,1986,2.05
113,3,1987,1.82
113,3,1988,1.82
113,3,1989,1.76
113,3,1990,1.47
113,3,1991,1.42
113,3,1992,1.54
113,3,1993,1.72
113,3,1994,1.04
113,3,1995,0.85
113,3,1996,0.81
113,3,1997,0.69
113,3,1998,0.55
113,3,1999,0.53
113,3,2000,0.43
113,3,2001,0.37
113,3,2002,0.34
113,3,2003,0.31
113,3,2004,0.34
113,3,2005,0.32
113,3,2006,0.26
113,3,2007,0.24
113,3,2008,0.25
113,3,2009,0.3
113,3,2010,0.28
113,3,2011,0.24
113,3,2012,0.24
113,3,2013,0.26
113,3,2014,0.26
113,3,2015,0.25
113,3,2016,0.25
113,3,2017,0.22
113,3,2018,0.21
113,3,2019,0.16
113,3,2020,0.18
113,3,2021,0.17
113,3,2022,0.15
113,3,2023,0.14
114,3,1980,3.29
114,3,1981,3.29
114,3,1982,3.26
114,3,1983,3.22
114,3,1984,3.12
114,3,1985,3.28
114,3,1986,3.2
114,3,1987,3.08
114,3,1988,2.99
114,3,1989,2.83
114,3,1990,2.77
114,3,1991,2.52
114,3,1992,2.44
114,3,1993,2.29
114,3,1994,2.08
114,3,1995,1.95
114,3,1996,1.81
114,3,1997,1.69
114,3,1998,1.46
114,3,1999,1.41
114,3,2000,1.29
114,3,2001,1.19
114,3,2002,1.09
114,3,2003,1.03
114,3,2004,1
114,3,2005,0.94
114,3,2006,0.89
114,3,2007,0.88
114,3,2008,0.85
114,3,2009,0.82
114,3,2010,0.79
114,3,2011,0.79
114,3,2012,0.79
114,3,2013,0.79
114,3,2014,0.78
114,3,2015,0.76
114,3,2016,0.76
114,3,2017,0.76
114,3,2018,0.78
114,3,2019,0.78
114,3,2020,0.77
114,3,2021,0.8
114,3,2022,0.79
114,3,2023,0.8
115,3,1980,0.41
115,3,1981,0.39
115,3,1982,0.36
115,3,1983,0.34
115,3,1984,0.32
115,3,1985,0.31
115,3,1986,0.3
115,3,1987,0.26
115,3,1988,0.26
115,3,1989,0.25
115,3,1990,0.24
115,3,1991,0.23
115,3,1992,0.23
115,3,1993,0.24
115,3,1994,0.24
115,3,1995,0.23
115,3,1996,0.22
115,3,1997,0.21
115,3,1998,0.21
115,3,1999,0.22
115,3,2000,0.21
115,3,2001,0.19
115,3,2002,0.17
115,3,2003,0.14
115,3,2004,0.15
115,3,2005,0.14
115,3,2006,0.11
115,3,2007,0.11
115,3,2008,0.12
115,3,2009,0.12
115,3,2010,0.11
115,3,2011,0.1
115,3,2012,0.1
115,3,2013,0.11
115,3,2014,0.12
115,3,2015,0.13
115,3,2016,0.14
115,3,2017,0.15
115,3,2018,0.15
115,3,2019,0.14
115,3,2020,0.14
115,3,2021,0.14
115,3,2022,0.13
115,3,2023,0.12
116,3,1980,1.55
116,3,1981,1.73
116,3,1982,1.6
116,3,1983,1.45
116,3,1984,1.41
116,3,1985,1.41
116,3,1986,1.33
116,3,1987,1.47
116,3,1988,1.54
116,3,1989,1.6
116,3,1990,1.33
116,3,1991,1.35
116,3,1992,1.46
116,3,1993,1.48
116,3,1994,0.88
116,3,1995,0.69
116,3,1996,0.61
116,3,1997,0.52
116,3,1998,0.41
116,3,1999,0.37
116,3,2000,0.28
116,3,2001,0.24
116,3,2002,0.22
116,3,2003,0.2
116,3,2004,0.22
116,3,2005,0.21
116,3,2006,0.18
116,3,2007,0.18
116,3,2008,0.17
116,3,2009,0.18
116,3,2010,0.17
116,3,2011,0.15
116,3,2012,0.14
116,3,2013,0.17
116,3,2014,0.18
116,3,2015,0.17
116,3,2016,0.16
116,3,2017,0.14
116,3,2018,0.14
116,3,2019,0.1
116,3,2020,0.13
116,3,2021,0.14
116,3,2022,0.12
116,3,2023,0.12
117,3,1980,1.46
117,3,1981,1.39
117,3,1982,1.31
117,3,1983,1.28
117,3,1984,1.35
117,3,1985,1.14
117,3,1986,1.05
117,3,1987,1.12
117,3,1988,1.06
117,3,1989,1.05
117,3,1990,1.03
117,3,1991,1
117,3,1992,0.89
117,3,1993,0.68
117,3,1994,0.63
117,3,1995,0.6
117,3,1996,0.56
117,3,1997,0.49
117,3,1998,0.4
117,3,1999,0.37
117,3,2000,0.29
117,3,2001,0.24
117,3,2002,0.22
117,3,2003,0.2
117,3,2004,0.22
117,3,2005,0.21
117,3,2006,0.17
117,3,2007,0.15
117,3,2008,0.16
117,3,2009,0.18
117,3,2010,0.18
117,3,2011,0.15
117,3,2012,0.14
117,3,2013,0.17
117,3,2014,0.17
117,3,2015,0.16
117,3,2016,0.17
117,3,2017,0.15
117,3,2018,0.15
117,3,2019,0.11
117,3,2020,0.13
117,3,2021,0.12
117,3,2022,0.11
117,3,2023,0.11
118,3,1980,1.31
118,3,1981,1.31
118,3,1982,1.31
118,3,1983,1.3
118,3,1984,1.29
118,3,1985,1.26
118,3,1986,1.26
118,3,1987,1.22
118,3,1988,1.18
118,3,1989,1.1
118,3,1990,1.06
118,3,1991,1.01
118,3,1992,0.94
118,3,1993,0.84
118,3,1994,0.78
118,3,1995,0.73
118,3,1996,0.67
118,3,1997,0.6
118,3,1998,0.53
118,3,1999,0.48
118,3,2000,0.39
118,3,2001,0.35
118,3,2002,0.32
118,3,2003,0.3
118,3,2004,0.29
118,3,2005,0.28
118,3,2006,0.27
118,3,2007,0.26
118,3,2008,0.25
118,3,2009,0.25
118,3,2010,0.24
118,3,2011,0.24
118,3,2012,0.24
118,3,2013,0.25
118,3,2014,0.25
118,3,2015,0.24
118,3,2016,0.24
118,3,2017,0.24
118,3,2018,0.24
118,3,2019,0.24
118,3,2020,0.24
118,3,2021,0.25
118,3,2022,0.24
118,3,2023,0.25
119,3,1980,1.09
119,3,1981,1.24
119,3,1982,1.15
119,3,1983,1.12
119,3,1984,1.22
119,3,1985,1.05
119,3,1986,1.04
119,3,1987,1.09
119,3,1988,1.14
119,3,1989,1.16
119,3,1990,0.98
119,3,1991,1.02
119,3,1992,1.14
119,3,1993,1.2
119,3,1994,0.81
119,3,1995,0.68
119,3,1996,0.58
119,3,1997,0.51
119,3,1998,0.4
119,3,1999,0.38
119,3,2000,0.29
119,3,2001,0.25
119,3,2002,0.22
119,3,2003,0.2
119,3,2004,0.21
119,3,2005,0.2
119,3,2006,0.17
119,3,2007,0.15
119,3,2008,0.15
119,3,2009,0.18
119,3,2010,0.17
119,3,2011,0.15
119,3,2012,0.14
119,3,2013,0.13
119,3,2014,0.13
119,3,2015,0.13
119,3,2016,0.12
119,3,2017,0.12
119,3,2018,0.12
119,3,2019,0.12
119,3,2020,0.12
119,3,2021,0.13
119,3,2022,0.12
119,3,2023,0.12
121,3,1980,2.36
121,3,1981,2.28
121,3,1982,2.19
121,3,1983,2.08
121,3,1984,2.04
121,3,1985,1.97
121,3,1986,1.92
121,3,1987,1.86
121,3,1988,1.82
121,3,1989,1.8
121,3,1990,1.78
121,3,1991,1.75
121,3,1992,1.74
121,3,1993,1.7
121,3,1994,1.64
121,3,1995,1.59
121,3,1996,1.57
121,3,1997,1.51
121,3,1998,1.46
121,3,1999,1.43
121,3,2000,1.37
121,3,2001,1.32
121,3,2002,1.27
121,3,2003,1.24
121,3,2004,1.21
121,3,2005,1.19
121,3,2006,1.16
121,3,2007,1.14
121,3,2008,1.13
121,3,2009,1.11
121,3,2010,1.09
121,3,2011,1.09
121,3,2012,1.08
121,3,2013,1.07
121,3,2014,1.05
121,3,2015,1.03
121,3,2016,1.01
121,3,2017,1
121,3,2018,1.02
121,3,2019,0.99
121,3,2020,1.12
121,3,2021,1.03
121,3,2022,0.87
121,3,2023,0.83
122,3,1980,3.29
122,3,1981,3.21
122,3,1982,3.04
122,3,1983,2.78
122,3,1984,2.68
122,3,1985,2.61
122,3,1986,2.48
122,3,1987,2.34
122,3,1988,2.35
122,3,1989,2.43
122,3,1990,2.43
122,3,1991,2.41
122,3,1992,2.33
122,3,1993,2.18
122,3,1994,2.05
122,3,1995,1.88
122,3,1996,1.77
122,3,1997,1.2
122,3,1998,1.1
122,3,1999,1
122,3,2000,0.94
122,3,2001,0.93
122,3,2002,0.89
122,3,2003,0.86
122,3,2004,0.84
122,3,2005,0.69
122,3,2006,0.67
122,3,2007,0.65
122,3,2008,0.65
122,3,2009,0.5
122,3,2010,0.46
122,3,2011,0.47
122,3,2012,0.42
122,3,2013,0.47
122,3,2014,0.46
122,3,2015,0.43
122,3,2016,0.43
122,3,2017,0.46
122,3,2018,0.52
122,3,2019,0.59
122,3,2020,0.65
122,3,2021,0.6
122,3,2022,0.57
122,3,2023,0.61
123,3,1980,1.11
123,3,1981,1.07
123,3,1982,1.08
123,3,1983,1.05
123,3,1984,1.11
123,3,1985,1.1
123,3,1986,1.07
123,3,1987,1.03
123,3,1988,0.98
123,3,1989,0.93
123,3,1990,0.85
123,3,1991,0.86
123,3,1992,0.85
123,3,1993,0.87
123,3,1994,0.89
123,3,1995,0.87
123,3,1996,0.88
123,3,1997,0.81
123,3,1998,0.75
123,3,1999,0.72
123,3,2000,0.63
123,3,2001,0.58
123,3,2002,0.54
123,3,2003,0.52
123,3,2004,0.5
123,3,2005,0.45
123,3,2006,0.41
123,3,2007,0.39
123,3,2008,0.38
123,3,2009,0.35
123,3,2010,0.34
123,3,2011,0.33
123,3,2012,0.31
123,3,2013,0.31
123,3,2014,0.3
123,3,2015,0.3
123,3,2016,0.32
123,3,2017,0.35
123,3,2018,0.38
123,3,2019,0.4
123,3,2020,0.41
123,3,2021,0.46
123,3,2022,0.44
123,3,2023,0.48
125,3,1980,0.65
125,3,1981,0.71
125,3,1982,0.75
125,3,1983,0.76
125,3,1984,0.77
125,3,1985,0.75
125,3,1986,0.69
125,3,1987,0.65
125,3,1988,0.62
125,3,1989,0.61
125,3,1990,0.63
125,3,1991,0.65
125,3,1992,0.66
125,3,1993,0.6
125,3,1994,0.48
125,3,1995,0.41
125,3,1996,0.36
125,3,1997,0.3
125,3,1998,0.26
125,3,1999,0.26
125,3,2000,0.24
125,3,2001,0.23
125,3,2002,0.22
125,3,2003,0.21
125,3,2004,0.22
125,3,2005,0.23
125,3,2006,0.22
125,3,2007,0.21
125,3,2008,0.21
125,3,2009,0.19
125,3,2010,0.18
125,3,2011,0.19
125,3,2012,0.18
125,3,2013,0.17
125,3,2014,0.16
125,3,2015,0.16
125,3,2016,0.15
125,3,2017,0.15
125,3,2018,0.15
125,3,2019,0.16
125,3,2020,0.18
125,3,2021,0.18
125,3,2022,0.19
125,3,2023,0.17
126,3,1980,0.65
126,3,1981,0.65
126,3,1982,0.63
126,3,1983,0.63
126,3,1984,0.61
126,3,1985,0.58
126,3,1986,0.55
126,3,1987,0.51
126,3,1988,0.5
126,3,1989,0.47
126,3,1990,0.45
126,3,1991,0.43
126,3,1992,0.41
126,3,1993,0.41
126,3,1994,0.39
126,3,1995,0.38
126,3,1996,0.38
126,3,1997,0.37
126,3,1998,0.31
126,3,1999,0.31
126,3,2000,0.29
126,3,2001,0.28
126,3,2002,0.27
126,3,2003,0.26
126,3,2004,0.26
126,3,2005,0.28
126,3,2006,0.27
126,3,2007,0.25
126,3,2008,0.24
126,3,2009,0.24
126,3,2010,0.23
126,3,2011,0.24
126,3,2012,0.24
126,3,2013,0.23
126,3,2014,0.21
126,3,2015,0.22
126,3,2016,0.21
126,3,2017,0.21
126,3,2018,0.21
126,3,2019,0.23
126,3,2020,0.25
126,3,2021,0.25
126,3,2022,0.27
126,3,2023,0.27
127,3,1980,3.13
127,3,1981,2.84
127,3,1982,2.65
127,3,1983,2.26
127,3,1984,2.11
127,3,1985,1.94
127,3,1986,1.88
127,3,1987,1.8
127,3,1988,1.83
127,3,1989,1.87
127,3,1990,2.64
127,3,1991,1.82
127,3,1992,1.77
127,3,1993,1.73
127,3,1994,1.65
127,3,1995,1.6
127,3,1996,1.57
127,3,1997,1.48
127,3,1998,1.37
127,3,1999,1.36
127,3,2000,1.28
127,3,2001,1.22
127,3,2002,1.19
127,3,2003,1.17
127,3,2004,1.17
127,3,2005,1.19
127,3,2006,1.16
127,3,2007,1.15
127,3,2008,1.14
127,3,2009,1.07
127,3,2010,1.06
127,3,2011,1
127,3,2012,1.06
127,3,2013,1.08
127,3,2014,1.1
127,3,2015,1.09
127,3,2016,1.11
127,3,2017,1.1
127,3,2018,1.06
127,3,2019,1.03
127,3,2020,1.03
127,3,2021,1.02
127,3,2022,0.95
127,3,2023,0.95
128,3,1980,3.38
128,3,1981,3.82
128,3,1982,3.77
128,3,1983,3.61
128,3,1984,3.64
128,3,1985,3.08
128,3,1986,2.8
128,3,1987,2.81
128,3,1988,2.67
128,3,1989,2.74
128,3,1990,2.9
128,3,1991,3.09
128,3,1992,2.91
128,3,1993,2.65
128,3,1994,2.18
128,3,1995,1.96
128,3,1996,1.73
128,3,1997,1.46
128,3,1998,1.27
128,3,1999,1.29
128,3,2000,1.25
128,3,2001,1.2
128,3,2002,1.16
128,3,2003,1.13
128,3,2004,1.23
128,3,2005,1.45
128,3,2006,1.5
128,3,2007,1.41
128,3,2008,1.3
128,3,2009,1.33
128,3,2010,1.23
128,3,2011,1.37
128,3,2012,1.36
128,3,2013,1.25
128,3,2014,1.12
128,3,2015,1.12
128,3,2016,1.04
128,3,2017,1.08
128,3,2018,1.05
128,3,2019,1.08
128,3,2020,1.16
128,3,2021,1.15
128,3,2022,1.16
128,3,2023,1.08
129,3,1980,2.5
129,3,1981,2.32
129,3,1982,2.17
129,3,1983,2.04
129,3,1984,1.95
129,3,1985,1.83
129,3,1986,1.78
129,3,1987,1.73
129,3,1988,1.67
129,3,1989,1.66
129,3,1990,1.64
129,3,1991,1.6
129,3,1992,1.58
129,3,1993,1.56
129,3,1994,1.52
129,3,1995,1.48
129,3,1996,1.48
129,3,1997,1.43
129,3,1998,1.38
129,3,1999,1.38
129,3,2000,1.35
129,3,2001,1.32
129,3,2002,1.3
129,3,2003,1.28
129,3,2004,1.26
129,3,2005,1.22
129,3,2006,1.18
129,3,2007,1.14
129,3,2008,1.11
129,3,2009,1.07
129,3,2010,1.05
129,3,2011,1.06
129,3,2012,1.12
129,3,2013,1.09
129,3,2014,1.08
129,3,2015,1.05
129,3,2016,1.02
129,3,2017,1.01
129,3,2018,0.99
129,3,2019,0.96
129,3,2020,0.9
129,3,2021,0.95
129,3,2022,0.88
129,3,2023,0.83
130,3,1980,1.48
130,3,1981,1.5
130,3,1982,1.47
130,3,1983,1.35
130,3,1984,1.32
130,3,1985,1.28
130,3,1986,1.24
130,3,1987,1.24
130,3,1988,1.18
130,3,1989,1.14
130,3,1990,1.14
130,3,1991,1.11
130,3,1992,1.01
130,3,1993,0.94
130,3,1994,0.89
130,3,1995,0.87
130,3,1996,0.81
130,3,1997,0.77
130,3,1998,0.69
130,3,1999,0.65
130,3,2000,0.6
130,3,2001,0.58
130,3,2002,0.57
130,3,2003,0.56
130,3,2004,0.54
130,3,2005,0.55
130,3,2006,0.53
130,3,2007,0.53
130,3,2008,0.48
130,3,2009,0.46
130,3,2010,0.46
130,3,2011,0.46
130,3,2012,0.42
130,3,2013,0.4
130,3,2014,0.36
130,3,2015,0.41
130,3,2016,0.38
130,3,2017,0.37
130,3,2018,0.37
130,3,2019,0.4
130,3,2020,0.45
130,3,2021,0.41
130,3,2022,0.43
130,3,2023,0.4
131,3,1980,1.43
131,3,1981,1.44
131,3,1982,1.41
131,3,1983,1.37
131,3,1984,1.36
131,3,1985,1.3
131,3,1986,1.23
131,3,1987,1.08
131,3,1988,1.05
131,3,1989,0.99
131,3,1990,0.93
131,3,1991,0.85
131,3,1992,0.81
131,3,1993,0.79
131,3,1994,0.74
131,3,1995,0.69
131,3,1996,0.65
131,3,1997,0.6
131,3,1998,0.58
131,3,1999,0.53
131,3,2000,0.5
131,3,2001,0.47
131,3,2002,0.46
131,3,2003,0.45
131,3,2004,0.45
131,3,2005,0.44
131,3,2006,1.45
131,3,2007,0.42
131,3,2008,0.42
131,3,2009,0.41
131,3,2010,0.4
131,3,2011,0.39
131,3,2012,0.39
131,3,2013,0.38
131,3,2014,0.38
131,3,2015,0.37
131,3,2016,0.37
131,3,2017,0.37
131,3,2018,0.37
131,3,2019,0.38
131,3,2020,0.37
131,3,2021,0.37
131,3,2022,0.35
131,3,2023,0.33
132,3,1980,0.61
132,3,1981,0.67
132,3,1982,0.69
132,3,1983,0.66
132,3,1984,0.65
132,3,1985,0.64
132,3,1986,0.57
132,3,1987,0.56
132,3,1988,0.54
132,3,1989,0.54
132,3,1990,0.53
132,3,1991,0.51
132,3,1992,0.49
132,3,1993,0.46
132,3,1994,0.44
132,3,1995,0.43
132,3,1996,0.42
132,3,1997,0.37
132,3,1998,0.32
132,3,1999,0.31
132,3,2000,0.29
132,3,2001,0.28
132,3,2002,0.28
132,3,2003,0.26
132,3,2004,0.27
132,3,2005,0.29
132,3,2006,0.29
132,3,2007,0.28
132,3,2008,0.27
132,3,2009,0.27
132,3,2010,0.26
132,3,2011,0.28
132,3,2012,0.27
132,3,2013,0.25
132,3,2014,0.23
132,3,2015,0.24
132,3,2016,0.22
132,3,2017,0.23
132,3,2018,0.23
132,3,2019,0.24
132,3,2020,0.24
132,3,2021,0.24
132,3,2022,0.23
132,3,2023,0.22
133,3,1980,1.05
133,3,1981,1
133,3,1982,0.95
133,3,1983,0.89
133,3,1984,0.85
133,3,1985,0.83
133,3,1986,0.82
133,3,1987,0.8
133,3,1988,0.81
133,3,1989,0.8
133,3,1990,0.77
133,3,1991,0.72
133,3,1992,0.68
133,3,1993,0.65
133,3,1994,0.62
133,3,1995,0.58
133,3,1996,0.55
133,3,1997,0.47
133,3,1998,0.41
133,3,1999,0.42
133,3,2000,0.39
133,3,2001,0.39
133,3,2002,0.41
133,3,2003,0.38
133,3,2004,0.39
133,3,2005,0.39
133,3,2006,0.38
133,3,2007,0.37
133,3,2008,0.38
133,3,2009,0.37
133,3,2010,0.34
133,3,2011,0.35
133,3,2012,0.34
133,3,2013,0.33
133,3,2014,0.31
133,3,2015,0.34
133,3,2016,0.33
133,3,2017,0.35
133,3,2018,0.36
133,3,2019,0.39
133,3,2020,0.39
133,3,2021,0.39
133,3,2022,0.39
133,3,2023,0.4
135,3,1980,0.31
135,3,1981,0.28
135,3,1982,0.26
135,3,1983,0.26
135,3,1984,0.26
135,3,1985,0.25
135,3,1986,0.24
135,3,1987,0.24
135,3,1988,0.23
135,3,1989,0.21
135,3,1990,0.19
135,3,1991,0.18
135,3,1992,0.18
135,3,1993,0.19
135,3,1994,0.18
135,3,1995,0.16
135,3,1996,0.15
135,3,1997,0.15
135,3,1998,0.15
135,3,1999,0.13
135,3,2000,0.11
135,3,2001,0.1
135,3,2002,0.1
135,3,2003,0.1
135,3,2004,0.1
135,3,2005,0.1
135,3,2006,0.1
135,3,2007,0.09
135,3,2008,0.09
135,3,2009,0.09
135,3,2010,0.08
135,3,2011,0.08
135,3,2012,0.09
135,3,2013,0.09
135,3,2014,0.08
135,3,2015,0.08
135,3,2016,0.08
135,3,2017,0.07
135,3,2018,0.07
135,3,2019,0.07
135,3,2020,0.07
135,3,2021,0.07
135,3,2022,0.07
135,3,2023,0.07
136,3,1980,0.66
136,3,1981,0.64
136,3,1982,0.61
136,3,1983,0.58
136,3,1984,0.56
136,3,1985,0.54
136,3,1986,0.51
136,3,1987,0.47
136,3,1988,0.45
136,3,1989,0.43
136,3,1990,0.41
136,3,1991,0.4
136,3,1992,0.39
136,3,1993,0.38
136,3,1994,0.37
136,3,1995,0.36
136,3,1996,0.35
136,3,1997,0.34
136,3,1998,0.34
136,3,1999,0.32
136,3,2000,0.31
136,3,2001,0.29
136,3,2002,0.29
136,3,2003,0.28
136,3,2004,0.28
136,3,2005,0.28
136,3,2006,0.28
136,3,2007,0.28
136,3,2008,0.27
136,3,2009,0.27
136,3,2010,0.27
136,3,2011,0.26
136,3,2012,0.26
136,3,2013,0.25
136,3,2014,0.25
136,3,2015,0.25
136,3,2016,0.25
136,3,2017,0.25
136,3,2018,0.24
136,3,2019,0.24
136,3,2020,0.25
136,3,2021,0.25
136,3,2022,0.21
136,3,2023,0.21
139,3,1980,3.81
139,3,1981,3.57
139,3,1982,3.43
139,3,1983,3.31
139,3,1984,3.24
139,3,1985,3.11
139,3,1986,3.01
139,3,1987,2.84
139,3,1988,2.73
139,3,1989,2.61
139,3,1990,2.52
139,3,1991,2.5
139,3,1992,2.41
139,3,1993,2.3
139,3,1994,2.16
139,3,1995,2.08
139,3,1996,2.02
139,3,1997,1.94
139,3,1998,1.9
139,3,1999,1.81
139,3,2000,1.76
139,3,2001,1.69
139,3,2002,1.65
139,3,2003,1.61
139,3,2004,1.6
139,3,2005,1.56
139,3,2006,1.49
139,3,2007,1.47
139,3,2008,1.44
139,3,2009,1.4
139,3,2010,1.38
139,3,2011,1.35
139,3,2012,1.32
139,3,2013,1.31
139,3,2014,1.27
139,3,2015,1.25
139,3,2016,1.23
139,3,2017,1.23
139,3,2018,1.23
139,3,2019,1.21
139,3,2020,1.12
139,3,2021,1.08
139,3,2022,1.04
139,3,2023,1.02
140,3,1980,0.63
140,3,1981,0.61
140,3,1982,0.6
140,3,1983,0.58
140,3,1984,0.55
140,3,1985,0.53
140,3,1986,0.51
140,3,1987,0.5
140,3,1988,0.49
140,3,1989,0.49
140,3,1990,0.48
140,3,1991,0.48
140,3,1992,0.48
140,3,1993,0.47
140,3,1994,0.46
140,3,1995,0.46
140,3,1996,0.45
140,3,1997,0.45
140,3,1998,0.4
140,3,1999,0.37
140,3,2000,0.35
140,3,2001,0.33
140,3,2002,0.31
140,3,2003,0.31
140,3,2004,0.32
140,3,2005,0.32
140,3,2006,0.31
140,3,2007,0.3
140,3,2008,0.28
140,3,2009,0.27
140,3,2010,0.26
140,3,2011,0.25
140,3,2012,0.24
140,3,2013,0.23
140,3,2014,0.23
140,3,2015,0.22
140,3,2016,0.21
140,3,2017,0.2
140,3,2018,0.19
140,3,2019,0.19
140,3,2020,0.18
140,3,2021,0.18
140,3,2022,0.18
140,3,2023,0.18
141,3,1980,0.96
141,3,1981,0.94
141,3,1982,0.94
141,3,1983,0.96
141,3,1984,0.97
141,3,1985,0.99
141,3,1986,0.92
141,3,1987,0.89
141,3,1988,0.85
141,3,1989,0.81
141,3,1990,0.75
141,3,1991,0.7
141,3,1992,0.68
141,3,1993,0.65
141,3,1994,0.64
141,3,1995,0.63
141,3,1996,0.63
141,3,1997,0.63
141,3,1998,0.61
141,3,1999,0.58
141,3,2000,0.57
141,3,2001,0.56
141,3,2002,0.55
141,3,2003,0.54
141,3,2004,0.52
141,3,2005,0.5
141,3,2006,0.49
141,3,2007,0.47
141,3,2008,0.45
141,3,2009,0.44
141,3,2010,0.43
141,3,2011,0.45
141,3,2012,0.44
141,3,2013,0.41
141,3,2014,0.4
141,3,2015,0.39
141,3,2016,0.37
141,3,2017,0.36
141,3,2018,0.34
141,3,2019,0.34
141,3,2020,0.33
141,3,2021,0.33
141,3,2022,0.38
141,3,2023,0.39
142,3,1980,8.86
142,3,1981,8.92
142,3,1982,8.51
142,3,1983,7.62
142,3,1984,6.87
142,3,1985,6.12
142,3,1986,5.51
142,3,1987,4.82
142,3,1988,4.33
142,3,1989,3.9
142,3,1990,3.47
142,3,1991,3.2
142,3,1992,3.11
142,3,1993,2.91
142,3,1994,2.73
142,3,1995,2.58
142,3,1996,2.47
142,3,1997,2.35
142,3,1998,2.22
142,3,1999,2.1
142,3,2000,1.99
142,3,2001,1.86
142,3,2002,1.81
142,3,2003,1.81
142,3,2004,1.79
142,3,2005,1.71
142,3,2006,1.66
142,3,2007,1.57
142,3,2008,1.48
142,3,2009,1.41
142,3,2010,1.3
142,3,2011,1.25
142,3,2012,1.15
142,3,2013,1.06
142,3,2014,1
142,3,2015,0.96
142,3,2016,0.95
142,3,2017,0.91
142,3,2018,0.89
142,3,2019,0.88
142,3,2020,0.88
142,3,2021,0.8
142,3,2022,0.74
142,3,2023,0.73
143,3,1980,0.8
143,3,1981,0.77
143,3,1982,0.77
143,3,1983,0.74
143,3,1984,0.72
143,3,1985,0.7
143,3,1986,0.69
143,3,1987,0.67
143,3,1988,0.67
143,3,1989,0.65
143,3,1990,0.65
143,3,1991,0.63
143,3,1992,0.65
143,3,1993,0.63
143,3,1994,0.61
143,3,1995,0.61
143,3,1996,0.6
143,3,1997,0.61
143,3,1998,0.6
143,3,1999,0.59
143,3,2000,0.59
143,3,2001,0.58
143,3,2002,0.58
143,3,2003,0.58
143,3,2004,0.57
143,3,2005,0.57
143,3,2006,0.55
143,3,2007,0.54
143,3,2008,0.53
143,3,2009,0.51
143,3,2010,0.48
143,3,2011,0.48
143,3,2012,0.46
143,3,2013,0.44
143,3,2014,0.43
143,3,2015,0.41
143,3,2016,0.4
143,3,2017,0.39
143,3,2018,0.39
143,3,2019,0.39
143,3,2020,0.39
143,3,2021,0.38
143,3,2022,0.37
143,3,2023,0.36
144,3,1980,3.07
144,3,1981,2.84
144,3,1982,2.65
144,3,1983,2.49
144,3,1984,2.31
144,3,1985,2.17
144,3,1986,2.07
144,3,1987,1.99
144,3,1988,1.92
144,3,1989,1.87
144,3,1990,1.83
144,3,1991,1.79
144,3,1992,1.79
144,3,1993,1.7
144,3,1994,1.64
144,3,1995,1.59
144,3,1996,1.52
144,3,1997,1.5
144,3,1998,1.44
144,3,1999,1.4
144,3,2000,1.38
144,3,2001,1.34
144,3,2002,1.32
144,3,2003,1.26
144,3,2004,1.23
144,3,2005,1.21
144,3,2006,1.16
144,3,2007,1.06
144,3,2008,1
144,3,2009,0.94
144,3,2010,0.88
144,3,2011,0.87
144,3,2012,0.81
144,3,2013,0.77
144,3,2014,0.73
144,3,2015,0.69
144,3,2016,0.67
144,3,2017,0.66
144,3,2018,0.65
144,3,2019,0.64
144,3,2020,0.63
144,3,2021,0.63
144,3,2022,0.71
144,3,2023,0.58
145,3,1980,0.62
145,3,1981,0.68
145,3,1982,1.12
145,3,1983,1.19
145,3,1984,1.09
145,3,1985,0.8
145,3,1986,0.96
145,3,1987,0.98
145,3,1988,0.9
145,3,1989,0.84
145,3,1990,0.98
145,3,1991,1.22
145,3,1992,1.21
145,3,1993,1.19
145,3,1994,1.13
145,3,1995,1.04
145,3,1996,1.12
145,3,1997,1.52
145,3,1998,0.97
145,3,1999,0.76
145,3,2000,0.71
145,3,2001,0.62
145,3,2002,0.57
145,3,2003,0.55
145,3,2004,0.77
145,3,2005,0.84
145,3,2006,0.88
145,3,2007,0.88
145,3,2008,0.76
145,3,2009,0.67
145,3,2010,0.64
145,3,2011,0.63
145,3,2012,0.59
145,3,2013,0.51
145,3,2014,0.53
145,3,2015,0.45
145,3,2016,0.45
145,3,2017,0.46
145,3,2018,0.45
145,3,2019,0.43
145,3,2020,0.39
145,3,2021,0.37
145,3,2022,0.38
145,3,2023,0.36
146,3,1980,0.51
146,3,1981,0.49
146,3,1982,0.5
146,3,1983,0.5
146,3,1984,0.48
146,3,1985,0.46
146,3,1986,0.45
146,3,1987,0.44
146,3,1988,0.43
146,3,1989,0.42
146,3,1990,0.42
146,3,1991,0.42
146,3,1992,0.42
146,3,1993,0.41
146,3,1994,0.39
146,3,1995,0.39
146,3,1996,0.38
146,3,1997,0.37
146,3,1998,0.36
146,3,1999,0.35
146,3,2000,0.34
146,3,2001,0.32
146,3,2002,0.31
146,3,2003,0.3
146,3,2004,0.3
146,3,2005,0.29
146,3,2006,0.28
146,3,2007,0.28
146,3,2008,0.27
146,3,2009,0.27
146,3,2010,0.26
146,3,2011,0.27
146,3,2012,0.27
146,3,2013,0.27
146,3,2014,0.27
146,3,2015,0.26
146,3,2016,0.24
146,3,2017,0.24
146,3,2018,0.25
146,3,2019,0.29
146,3,2020,0.34
146,3,2021,0.22
146,3,2022,0.25
146,3,2023,0.25
147,3,1980,4.15
147,3,1981,3.82
147,3,1982,3.55
147,3,1983,3.3
147,3,1984,3.04
147,3,1985,2.79
147,3,1986,2.61
147,3,1987,2.43
147,3,1988,2.27
147,3,1989,2.15
147,3,1990,2.01
147,3,1991,1.93
147,3,1992,1.84
147,3,1993,1.72
147,3,1994,1.61
147,3,1995,1.55
147,3,1996,1.5
147,3,1997,1.44
147,3,1998,1.41
147,3,1999,1.36
147,3,2000,1.34
147,3,2001,1.28
147,3,2002,1.26
147,3,2003,1.22
147,3,2004,1.2
147,3,2005,1.18
147,3,2006,1.16
147,3,2007,1.12
147,3,2008,1.06
147,3,2009,1.02
147,3,2010,0.96
147,3,2011,1
147,3,2012,0.98
147,3,2013,0.94
147,3,2014,0.94
147,3,2015,0.94
147,3,2016,0.89
147,3,2017,0.9
147,3,2018,0.88
147,3,2019,0.88
147,3,2020,0.89
147,3,2021,0.92
147,3,2022,0.85
147,3,2023,0.84
148,3,1980,3.48
148,3,1981,3.36
148,3,1982,3.33
148,3,1983,3.18
148,3,1984,3.13
148,3,1985,3.02
148,3,1986,2.95
148,3,1987,2.83
148,3,1988,2.78
148,3,1989,2.71
148,3,1990,2.68
148,3,1991,2.67
148,3,1992,2.6
148,3,1993,2.56
148,3,1994,2.46
148,3,1995,2.38
148,3,1996,2.36
148,3,1997,2.29
148,3,1998,2.27
148,3,1999,2.26
148,3,2000,2.22
148,3,2001,2.18
148,3,2002,2.18
148,3,2003,2.17
148,3,2004,2.17
148,3,2005,2.16
148,3,2006,2.13
148,3,2007,2.13
148,3,2008,2.1
148,3,2009,2.07
148,3,2010,2.04
148,3,2011,2.03
148,3,2012,2.02
148,3,2013,2.05
148,3,2014,2.05
148,3,2015,1.97
148,3,2016,1.95
148,3,2017,1.93
148,3,2018,1.99
148,3,2019,1.97
148,3,2020,1.95
148,3,2021,1.96
148,3,2022,1.88
148,3,2023,1.74
149,3,1980,0.79
149,3,1981,0.77
149,3,1982,0.74
149,3,1983,0.72
149,3,1984,0.69
149,3,1985,0.66
149,3,1986,0.64
149,3,1987,0.62
149,3,1988,0.6
149,3,1989,0.59
149,3,1990,0.57
149,3,1991,0.56
149,3,1992,0.55
149,3,1993,0.52
149,3,1994,0.5
149,3,1995,0.48
149,3,1996,0.46
149,3,1997,0.44
149,3,1998,0.41
149,3,1999,0.39
149,3,2000,0.37
149,3,2001,0.35
149,3,2002,0.34
149,3,2003,0.33
149,3,2004,0.32
149,3,2005,0.32
149,3,2006,0.31
149,3,2007,0.3
149,3,2008,0.28
149,3,2009,0.27
149,3,2010,0.26
149,3,2011,0.26
149,3,2012,0.23
149,3,2013,0.21
149,3,2014,0.2
149,3,2015,0.2
149,3,2016,0.19
149,3,2017,0.19
149,3,2018,0.19
149,3,2019,0.19
149,3,2020,0.18
149,3,2021,0.17
149,3,2022,0.17
149,3,2023,0.17
150,3,1980,0.32
150,3,1981,0.3
150,3,1982,0.3
150,3,1983,0.29
150,3,1984,0.27
150,3,1985,0.26
150,3,1986,0.26
150,3,1987,0.24
150,3,1988,0.24
150,3,1989,0.23
150,3,1990,0.22
150,3,1991,0.21
150,3,1992,0.2
150,3,1993,0.19
150,3,1994,0.18
150,3,1995,0.17
150,3,1996,0.16
150,3,1997,0.15
150,3,1998,0.14
150,3,1999,0.13
150,3,2000,0.13
150,3,2001,0.12
150,3,2002,0.12
150,3,2003,0.11
150,3,2004,0.11
150,3,2005,0.1
150,3,2006,0.1
150,3,2007,0.1
150,3,2008,0.09
150,3,2009,0.09
150,3,2010,0.09
150,3,2011,0.08
150,3,2012,0.08
150,3,2013,0.08
150,3,2014,0.08
150,3,2015,0.07
150,3,2016,0.07
150,3,2017,0.07
150,3,2018,0.07
150,3,2019,0.06
150,3,2020,0.06
150,3,2021,0.06
150,3,2022,0.06
150,3,2023,0.06
151,3,1980,2.42
151,3,1981,2.29
151,3,1982,2.18
151,3,1983,2
151,3,1984,1.86
151,3,1985,1.71
151,3,1986,1.56
151,3,1987,1.43
151,3,1988,1.35
151,3,1989,1.29
151,3,1990,1.21
151,3,1991,1.17
151,3,1992,1.16
151,3,1993,1.11
151,3,1994,1.06
151,3,1995,1.03
151,3,1996,0.99
151,3,1997,0.98
151,3,1998,0.93
151,3,1999,0.91
151,3,2000,0.91
151,3,2001,0.9
151,3,2002,0.9
151,3,2003,0.9
151,3,2004,0.89
151,3,2005,0.89
151,3,2006,0.86
151,3,2007,0.83
151,3,2008,0.78
151,3,2009,0.72
151,3,2010,0.66
151,3,2011,0.61
151,3,2012,0.55
151,3,2013,0.51
151,3,2014,0.49
151,3,2015,0.44
151,3,2016,0.43
151,3,2017,0.41
151,3,2018,0.39
151,3,2019,0.4
151,3,2020,0.39
151,3,2021,0.36
151,3,2022,0.35
151,3,2023,0.37
152,3,1980,2.29
152,3,1981,2.18
152,3,1982,2.09
152,3,1983,1.94
152,3,1984,1.79
152,3,1985,1.67
152,3,1986,1.57
152,3,1987,1.46
152,3,1988,1.38
152,3,1989,1.31
152,3,1990,1.22
152,3,1991,1.17
152,3,1992,1.13
152,3,1993,1.06
152,3,1994,0.99
152,3,1995,0.94
152,3,1996,0.88
152,3,1997,0.83
152,3,1998,0.78
152,3,1999,0.74
152,3,2000,0.72
152,3,2001,0.7
152,3,2002,0.71
152,3,2003,0.73
152,3,2004,0.78
152,3,2005,0.81
152,3,2006,0.83
152,3,2007,0.84
152,3,2008,0.83
152,3,2009,0.81
152,3,2010,0.77
152,3,2011,0.74
152,3,2012,0.66
152,3,2013,0.58
152,3,2014,0.51
152,3,2015,0.43
152,3,2016,0.37
152,3,2017,0.32
152,3,2018,0.27
152,3,2019,0.24
152,3,2020,0.22
152,3,2021,0.19
152,3,2022,0.17
152,3,2023,0.18
153,3,1980,1.26
153,3,1981,1.22
153,3,1982,1.2
153,3,1983,1.15
153,3,1984,1.12
153,3,1985,1.06
153,3,1986,1.03
153,3,1987,0.99
153,3,1988,0.97
153,3,1989,0.93
153,3,1990,0.9
153,3,1991,0.88
153,3,1992,0.87
153,3,1993,0.83
153,3,1994,0.78
153,3,1995,0.76
153,3,1996,0.73
153,3,1997,0.71
153,3,1998,0.66
153,3,1999,0.65
153,3,2000,0.66
153,3,2001,0.63
153,3,2002,0.62
153,3,2003,0.63
153,3,2004,0.65
153,3,2005,0.64
153,3,2006,0.63
153,3,2007,0.62
153,3,2008,0.59
153,3,2009,0.57
153,3,2010,0.52
153,3,2011,0.51
153,3,2012,0.48
153,3,2013,0.46
153,3,2014,0.44
153,3,2015,0.43
153,3,2016,0.42
153,3,2017,0.41
153,3,2018,0.84
153,3,2019,0.39
153,3,2020,0.37
153,3,2021,0.35
153,3,2022,0.34
153,3,2023,0.33
154,3,1980,1.47
154,3,1981,1.4
154,3,1982,1.34
154,3,1983,1.31
154,3,1984,1.28
154,3,1985,1.23
154,3,1986,1.19
154,3,1987,1.15
154,3,1988,1.12
154,3,1989,1.1
154,3,1990,1.07
154,3,1991,1.08
154,3,1992,1.05
154,3,1993,1.02
154,3,1994,0.98
154,3,1995,0.95
154,3,1996,0.93
154,3,1997,0.9
154,3,1998,0.88
154,3,1999,0.85
154,3,2000,0.83
154,3,2001,0.8
154,3,2002,0.78
154,3,2003,0.76
154,3,2004,0.76
154,3,2005,0.74
154,3,2006,0.71
154,3,2007,0.7
154,3,2008,0.69
154,3,2009,0.67
154,3,2010,0.65
154,3,2011,0.65
154,3,2012,0.63
154,3,2013,0.62
154,3,2014,0.6
154,3,2015,0.59
154,3,2016,0.58
154,3,2017,0.58
154,3,2018,0.57
154,3,2019,0.57
154,3,2020,0.54
154,3,2021,0.49
154,3,2022,0.52
154,3,2023,0.55
155,3,1980,1.3
155,3,1981,1.25
155,3,1982,1.21
155,3,1983,1.15
155,3,1984,1.11
155,3,1985,1.06
155,3,1986,1.01
155,3,1987,0.98
155,3,1988,0.96
155,3,1989,0.96
155,3,1990,1
155,3,1991,0.95
155,3,1992,0.95
155,3,1993,0.93
155,3,1994,0.93
155,3,1995,0.87
155,3,1996,0.82
155,3,1997,0.8
155,3,1998,0.74
155,3,1999,0.68
155,3,2000,0.65
155,3,2001,0.58
155,3,2002,0.54
155,3,2003,0.57
155,3,2004,0.6
155,3,2005,0.63
155,3,2006,0.64
155,3,2007,0.62
155,3,2008,0.58
155,3,2009,0.52
155,3,2010,0.49
155,3,2011,0.52
155,3,2012,0.52
155,3,2013,0.55
155,3,2014,0.58
155,3,2015,0.6
155,3,2016,0.61
155,3,2017,0.6
155,3,2018,0.55
155,3,2019,0.53
155,3,2020,0.51
155,3,2021,0.52
155,3,2022,0.5
155,3,2023,0.47
156,3,1980,3.1
156,3,1981,2.91
156,3,1982,2.69
156,3,1983,2.42
156,3,1984,2.14
156,3,1985,1.93
156,3,1986,1.75
156,3,1987,1.59
156,3,1988,1.45
156,3,1989,1.35
156,3,1990,1.26
156,3,1991,1.2
156,3,1992,1.13
156,3,1993,1.05
156,3,1994,1
156,3,1995,0.95
156,3,1996,0.91
156,3,1997,0.87
156,3,1998,0.83
156,3,1999,0.8
156,3,2000,0.78
156,3,2001,0.74
156,3,2002,0.69
156,3,2003,0.64
156,3,2004,0.61
156,3,2005,0.58
156,3,2006,0.54
156,3,2007,0.48
156,3,2008,0.44
156,3,2009,0.38
156,3,2010,0.33
156,3,2011,0.3
156,3,2012,0.27
156,3,2013,0.25
156,3,2014,0.24
156,3,2015,0.23
156,3,2016,0.22
156,3,2017,0.22
156,3,2018,0.21
156,3,2019,0.21
156,3,2020,0.19
156,3,2021,0.18
156,3,2022,0.18
156,3,2023,0.19
157,3,1980,3.41
157,3,1981,3.36
157,3,1982,3.31
157,3,1983,3.27
157,3,1984,3.19
157,3,1985,3.13
157,3,1986,3.08
157,3,1987,2.99
157,3,1988,2.95
157,3,1989,2.92
157,3,1990,2.84
157,3,1991,2.8
157,3,1992,2.77
157,3,1993,2.69
157,3,1994,2.6
157,3,1995,2.5
157,3,1996,2.4
157,3,1997,2.29
157,3,1998,2.18
157,3,1999,2.13
157,3,2000,2.02
157,3,2001,1.94
157,3,2002,1.92
157,3,2003,1.87
157,3,2004,1.84
157,3,2005,1.79
157,3,2006,1.73
157,3,2007,1.71
157,3,2008,1.7
157,3,2009,1.61
157,3,2010,1.52
157,3,2011,1.48
157,3,2012,1.41
157,3,2013,1.42
157,3,2014,1.41
157,3,2015,1.38
157,3,2016,1.35
157,3,2017,1.31
157,3,2018,1.28
157,3,2019,1.29
157,3,2020,1.3
157,3,2021,1.24
157,3,2022,1.23
157,3,2023,1.21
160,3,1980,3.43
160,3,1981,3.43
160,3,1982,3.4
160,3,1983,3.23
160,3,1984,3.2
160,3,1985,3.25
160,3,1986,3.42
160,3,1987,3.27
160,3,1988,3.15
160,3,1989,3.22
160,3,1990,3.16
160,3,1991,3.1
160,3,1992,3.01
160,3,1993,3.04
160,3,1994,3.08
160,3,1995,3.06
160,3,1996,2.96
160,3,1997,2.86
160,3,1998,2.73
160,3,1999,2.7
160,3,2000,2.68
160,3,2001,2.6
160,3,2002,2.44
160,3,2003,2.66
160,3,2004,2.78
160,3,2005,2.8
160,3,2006,2.68
160,3,2007,2.67
160,3,2008,2.59
160,3,2009,2.56
160,3,2010,2.48
160,3,2011,2.41
160,3,2012,2.42
160,3,2013,2.34
160,3,2014,2.31
160,3,2015,2.28
160,3,2016,2.23
160,3,2017,2.23
160,3,2018,2.2
160,3,2019,2.27
160,3,2020,2.26
160,3,2021,2.36
160,3,2022,2.24
160,3,2023,2.2
161,3,1980,4.57
161,3,1981,4.4
161,3,1982,4.27
161,3,1983,3.99
161,3,1984,3.97
161,3,1985,3.92
161,3,1986,3.95
161,3,1987,3.98
161,3,1988,3.98
161,3,1989,4.05
161,3,1990,3.97
161,3,1991,4.05
161,3,1992,3.82
161,3,1993,3.73
161,3,1994,3.6
161,3,1995,3.49
161,3,1996,3.49
161,3,1997,3.36
161,3,1998,3.25
161,3,1999,3.17
161,3,2000,3.08
161,3,2001,2.99
161,3,2002,2.91
161,3,2003,2.81
161,3,2004,2.67
161,3,2005,2.56
161,3,2006,2.45
161,3,2007,2.42
161,3,2008,2.27
161,3,2009,2.2
161,3,2010,2.12
161,3,2011,2.09
161,3,2012,2.07
161,3,2013,2.05
161,3,2014,1.99
161,3,2015,2.01
161,3,2016,1.98
161,3,2017,1.98
161,3,2018,1.98
161,3,2019,1.97
161,3,2020,1.93
161,3,2021,1.95
161,3,2022,1.98
161,3,2023,1.94
162,3,1980,0.37
162,3,1981,0.37
162,3,1982,0.35
162,3,1983,0.35
162,3,1984,0.34
162,3,1985,0.33
162,3,1986,0.33
162,3,1987,0.31
162,3,1988,0.31
162,3,1989,0.32
162,3,1990,0.32
162,3,1991,0.33
162,3,1992,0.34
162,3,1993,0.35
162,3,1994,0.34
162,3,1995,0.34
162,3,1996,0.34
162,3,1997,0.36
162,3,1998,0.33
162,3,1999,0.3
162,3,2000,0.32
162,3,2001,0.31
162,3,2002,0.31
162,3,2003,0.32
162,3,2004,0.33
162,3,2005,0.33
162,3,2006,0.34
162,3,2007,0.34
162,3,2008,0.35
162,3,2009,0.34
162,3,2010,0.35
162,3,2011,0.36
162,3,2012,0.36
162,3,2013,0.36
162,3,2014,0.37
162,3,2015,0.38
162,3,2016,0.38
162,3,2017,0.38
162,3,2018,0.39
162,3,2019,0.39
162,3,2020,0.39
162,3,2021,0.39
162,3,2022,0.38
162,3,2023,0.38
163,3,1980,0.47
163,3,1981,0.46
163,3,1982,0.45
163,3,1983,0.46
163,3,1984,1.52
163,3,1985,0.46
163,3,1986,0.47
163,3,1987,0.47
163,3,1988,0.46
163,3,1989,0.48
163,3,1990,0.48
163,3,1991,0.47
163,3,1992,0.47
163,3,1993,0.42
163,3,1994,0.41
163,3,1995,0.4
163,3,1996,0.41
163,3,1997,0.41
163,3,1998,0.41
163,3,1999,0.4
163,3,2000,0.39
163,3,2001,0.37
163,3,2002,0.36
163,3,2003,0.35
163,3,2004,0.34
163,3,2005,0.33
163,3,2006,0.34
163,3,2007,0.35
163,3,2008,0.35
163,3,2009,0.34
163,3,2010,0.33
163,3,2011,0.34
163,3,2012,0.31
163,3,2013,0.32
163,3,2014,0.33
163,3,2015,0.35
163,3,2016,0.35
163,3,2017,0.37
163,3,2018,0.4
163,3,2019,0.43
163,3,2020,0.44
163,3,2021,0.51
163,3,2022,0.43
163,3,2023,0.41
164,3,1980,8.06
164,3,1981,8.02
164,3,1982,7.86
164,3,1983,7.75
164,3,1984,7.62
164,3,1985,7.49
164,3,1986,7.45
164,3,1987,7.35
164,3,1988,7.33
164,3,1989,7.4
164,3,1990,7.37
164,3,1991,7.36
164,3,1992,7.29
164,3,1993,7.03
164,3,1994,6.76
164,3,1995,6.51
164,3,1996,6.32
164,3,1997,6.25
164,3,1998,5.97
164,3,1999,5.76
164,3,2000,5.63
164,3,2001,5.4
164,3,2002,5.25
164,3,2003,5.11
164,3,2004,4.88
164,3,2005,4.77
164,3,2006,4.62
164,3,2007,4.48
164,3,2008,4.34
164,3,2009,4.23
164,3,2010,4.07
164,3,2011,3.95
164,3,2012,3.78
164,3,2013,3.76
164,3,2014,3.66
164,3,2015,3.51
164,3,2016,3.39
164,3,2017,3.37
164,3,2018,3.37
164,3,2019,3.38
164,3,2020,3.43
164,3,2021,3.66
164,3,2022,3.54
164,3,2023,3.58
165,3,1980,0.24
165,3,1981,0.24
165,3,1982,0.24
165,3,1983,0.23
165,3,1984,0.22
165,3,1985,0.21
165,3,1986,0.21
165,3,1987,0.2
165,3,1988,0.2
165,3,1989,0.2
165,3,1990,0.2
165,3,1991,0.2
165,3,1992,0.2
165,3,1993,0.19
165,3,1994,0.18
165,3,1995,0.18
165,3,1996,0.18
165,3,1997,0.24
165,3,1998,0.17
165,3,1999,0.16
165,3,2000,0.16
165,3,2001,0.15
165,3,2002,0.15
165,3,2003,0.15
165,3,2004,0.15
165,3,2005,0.16
165,3,2006,0.16
165,3,2007,0.16
165,3,2008,0.17
165,3,2009,0.18
165,3,2010,0.18
165,3,2011,0.18
165,3,2012,0.18
165,3,2013,0.18
165,3,2014,0.19
165,3,2015,0.19
165,3,2016,0.19
165,3,2017,0.19
165,3,2018,0.19
165,3,2019,0.2
165,3,2020,0.2
165,3,2021,0.21
165,3,2022,0.19
165,3,2023,0.19
168,3,1980,3.24
168,3,1981,3.21
168,3,1982,3.19
168,3,1983,3.11
168,3,1984,3.05
168,3,1985,3.02
168,3,1986,3
168,3,1987,2.91
168,3,1988,2.85
168,3,1989,2.86
168,3,1990,2.76
168,3,1991,2.71
168,3,1992,2.66
168,3,1993,2.66
168,3,1994,2.66
168,3,1995,2.56
168,3,1996,2.35
168,3,1997,2.27
168,3,1998,2.35
168,3,1999,2.39
168,3,2000,2.35
168,3,2001,2.32
168,3,2002,2.3
168,3,2003,2.27
168,3,2004,2.3
168,3,2005,2.26
168,3,2006,2.31
168,3,2007,2.35
168,3,2008,2.32
168,3,2009,2.29
168,3,2010,2.29
168,3,2011,2.28
168,3,2012,2.23
168,3,2013,2.2
168,3,2014,2.15
168,3,2015,2.08
168,3,2016,1.98
168,3,2017,1.91
168,3,2018,1.83
168,3,2019,1.78
168,3,2020,1.77
168,3,2021,1.81
168,3,2022,1.75
168,3,2023,1.77
169,3,1980,2.89
169,3,1981,2.89
169,3,1982,2.89
169,3,1983,2.76
169,3,1984,2.76
169,3,1985,2.72
169,3,1986,2.73
169,3,1987,2.66
169,3,1988,2.53
169,3,1989,2.47
169,3,1990,2.38
169,3,1991,2.42
169,3,1992,2.42
169,3,1993,2.47
169,3,1994,2.45
169,3,1995,2.37
169,3,1996,2.39
169,3,1997,2.31
169,3,1998,2.29
169,3,1999,2.29
169,3,2000,2.2
169,3,2001,2.13
169,3,2002,2.09
169,3,2003,2.01
169,3,2004,1.94
169,3,2005,1.88
169,3,2006,1.88
169,3,2007,1.85
169,3,2008,1.8
169,3,2009,1.8
169,3,2010,1.85
169,3,2011,1.88
169,3,2012,1.85
169,3,2013,1.85
169,3,2014,1.82
169,3,2015,1.81
169,3,2016,1.79
169,3,2017,1.82
169,3,2018,1.82
169,3,2019,1.81
169,3,2020,1.85
169,3,2021,1.83
169,3,2022,1.93
169,3,2023,1.94
170,3,1980,2.54
170,3,1981,2.4
170,3,1982,2.39
170,3,1983,2.41
170,3,1984,2.26
170,3,1985,2.18
170,3,1986,2.05
170,3,1987,1.98
170,3,1988,1.89
170,3,1989,1.74
170,3,1990,1.65
170,3,1991,1.57
170,3,1992,1.53
170,3,1993,1.49
170,3,1994,1.57
170,3,1995,1.5
170,3,1996,1.47
170,3,1997,1.51
170,3,1998,1.36
170,3,1999,1.38
170,3,2000,1.35
170,3,2001,1.24
170,3,2002,1.22
170,3,2003,1.22
170,3,2004,1.2
170,3,2005,1.23
170,3,2006,1.23
170,3,2007,1.25
170,3,2008,1.28
170,3,2009,1.3
170,3,2010,1.28
170,3,2011,1.24
170,3,2012,1.23
170,3,2013,1.2
170,3,2014,1.19
170,3,2015,1.18
170,3,2016,1.17
170,3,2017,1.17
170,3,2018,1.16
170,3,2019,1.17
170,3,2020,1.2
170,3,2021,1.18
170,3,2022,1.23
170,3,2023,1.25
171,3,1980,2.85
171,3,1981,2.85
171,3,1982,2.85
171,3,1983,2.82
171,3,1984,2.84
171,3,1985,2.87
171,3,1986,2.78
171,3,1987,2.71
171,3,1988,2.67
171,3,1989,2.62
171,3,1990,2.57
171,3,1991,2.56
171,3,1992,2.5
171,3,1993,2.42
171,3,1994,2.31
171,3,1995,2.23
171,3,1996,2.17
171,3,1997,2.1
171,3,1998,2.07
171,3,1999,2.1
171,3,2000,2.1
171,3,2001,2.07
171,3,2002,2.06
171,3,2003,2.03
171,3,2004,2.01
171,3,2005,1.99
171,3,2006,1.99
171,3,2007,1.97
171,3,2008,1.96
171,3,2009,1.96
171,3,2010,1.96
171,3,2011,1.97
171,3,2012,1.97
171,3,2013,2
171,3,2014,2.03
171,3,2015,2
171,3,2016,1.97
171,3,2017,1.97
171,3,2018,2
171,3,2019,1.98
171,3,2020,2.02
171,3,2021,1.99
171,3,2022,2.09
171,3,2023,2.07
172,3,1980,3.98
172,3,1981,3.91
172,3,1982,3.8
172,3,1983,3.67
172,3,1984,3.57
172,3,1985,3.49
172,3,1986,3.25
172,3,1987,3.11
172,3,1988,3.18
172,3,1989,3.12
172,3,1990,3.03
172,3,1991,3
172,3,1992,2.93
172,3,1993,2.85
172,3,1994,2.7
172,3,1995,2.63
172,3,1996,2.56
172,3,1997,2.52
172,3,1998,2.42
172,3,1999,2.41
172,3,2000,2.36
172,3,2001,2.27
172,3,2002,2.17
172,3,2003,2.07
172,3,2004,2
172,3,2005,1.97
172,3,2006,1.9
172,3,2007,1.82
172,3,2008,1.78
172,3,2009,1.8
172,3,2010,1.74
172,3,2011,1.63
172,3,2012,1.54
172,3,2013,1.49
172,3,2014,1.47
172,3,2015,1.39
172,3,2016,1.33
172,3,2017,1.35
172,3,2018,1.33
172,3,2019,1.28
172,3,2020,1.27
172,3,2021,1.34
172,3,2022,1.4
172,3,2023,1.44
173,3,1980,2.1
173,3,1981,2.08
173,3,1982,2.11
173,3,1983,2.17
173,3,1984,2.07
173,3,1985,2.04
173,3,1986,2
173,3,1987,1.95
173,3,1988,1.87
173,3,1989,1.81
173,3,1990,1.7
173,3,1991,1.71
173,3,1992,1.67
173,3,1993,1.55
173,3,1994,1.51
173,3,1995,1.5
173,3,1996,1.45
173,3,1997,1.45
173,3,1998,1.39
173,3,1999,1.32
173,3,2000,1.3
173,3,2001,1.29
173,3,2002,1.3
173,3,2003,1.28
173,3,2004,1.29
173,3,2005,1.34
173,3,2006,1.35
173,3,2007,1.35
173,3,2008,1.32
173,3,2009,1.3
173,3,2010,1.25
173,3,2011,1.23
173,3,2012,1.23
173,3,2013,1.27
173,3,2014,1.3
173,3,2015,1.31
173,3,2016,1.28
173,3,2017,1.25
173,3,2018,1.23
173,3,2019,1.2
173,3,2020,1.2
173,3,2021,1.18
173,3,2022,1.2
173,3,2023,1.21
175,3,1980,6.17
175,3,1981,6.24
175,3,1982,6.29
175,3,1983,6.32
175,3,1984,6.41
175,3,1985,6.43
175,3,1986,6.39
175,3,1987,6.29
175,3,1988,6.25
175,3,1989,6.23
175,3,1990,6.14
175,3,1991,6.11
175,3,1992,6.04
175,3,1993,6.02
175,3,1994,5.83
175,3,1995,5.62
175,3,1996,5.62
175,3,1997,5.45
175,3,1998,5.19
175,3,1999,5.06
175,3,2000,4.86
175,3,2001,4.7
175,3,2002,4.54
175,3,2003,4.33
175,3,2004,4.25
175,3,2005,4.13
175,3,2006,4.07
175,3,2007,4.06
175,3,2008,4.06
175,3,2009,4
175,3,2010,3.98
175,3,2011,4.04
175,3,2012,4.01
175,3,2013,3.98
175,3,2014,3.99
175,3,2015,3.96
175,3,2016,3.9
175,3,2017,3.89
175,3,2018,3.89
175,3,2019,3.88
175,3,2020,3.82
175,3,2021,4.15
175,3,2022,3.96
175,3,2023,4.12
176,3,1980,2.89
176,3,1981,2.78
176,3,1982,2.69
176,3,1983,2.57
176,3,1984,2.49
176,3,1985,2.38
176,3,1986,2.28
176,3,1987,2.19
176,3,1988,2.12
176,3,1989,2.09
176,3,1990,2.04
176,3,1991,2.02
176,3,1992,1.99
176,3,1993,1.94
176,3,1994,1.88
176,3,1995,1.79
176,3,1996,1.79
176,3,1997,1.68
176,3,1998,1.65
176,3,1999,1.58
176,3,2000,1.59
176,3,2001,1.5
176,3,2002,1.51
176,3,2003,1.44
176,3,2004,1.33
176,3,2005,1.33
176,3,2006,1.22
176,3,2007,1.29
176,3,2008,1.25
176,3,2009,1.15
176,3,2010,1.03
176,3,2011,1.03
176,3,2012,0.98
176,3,2013,0.96
176,3,2014,1.05
176,3,2015,1.02
176,3,2016,1
176,3,2017,0.98
176,3,2018,0.94
176,3,2019,0.92
176,3,2020,0.99
176,3,2021,1.11
176,3,2022,0.93
176,3,2023,0.92
177,3,1980,4.01
177,3,1981,3.98
177,3,1982,3.94
177,3,1983,3.86
177,3,1984,3.82
177,3,1985,3.76
177,3,1986,3.68
177,3,1987,3.61
177,3,1988,3.56
177,3,1989,3.51
177,3,1990,3.35
177,3,1991,3.21
177,3,1992,3.22
177,3,1993,3.52
177,3,1994,3.09
177,3,1995,3.16
177,3,1996,3.04
177,3,1997,2.86
177,3,1998,2.79
177,3,1999,2.68
177,3,2000,2.6
177,3,2001,2.5
177,3,2002,2.43
177,3,2003,2.26
177,3,2004,2.28
177,3,2005,2.22
177,3,2006,2.18
177,3,2007,2.17
177,3,2008,2.16
177,3,2009,2.11
177,3,2010,2.12
177,3,2011,2.11
177,3,2012,2.11
177,3,2013,2.1
177,3,2014,2.04
177,3,2015,2.05
177,3,2016,2.03
177,3,2017,2.05
177,3,2018,1.99
177,3,2019,1.99
177,3,2020,1.92
177,3,2021,1.99
177,3,2022,1.91
177,3,2023,1.95
178,3,1980,6.66
178,3,1981,6.6
178,3,1982,6.57
178,3,1983,6.42
178,3,1984,6.2
178,3,1985,6.08
178,3,1986,5.9
178,3,1987,5.71
178,3,1988,5.54
178,3,1989,5.42
178,3,1990,5.23
178,3,1991,5.12
178,3,1992,5.07
178,3,1993,4.88
178,3,1994,4.7
178,3,1995,4.57
178,3,1996,4.55
178,3,1997,4.49
178,3,1998,4.39
178,3,1999,4.35
178,3,2000,4.24
178,3,2001,4.14
178,3,2002,4.18
178,3,2003,4.06
178,3,2004,4.05
178,3,2005,3.99
178,3,2006,3.93
178,3,2007,3.92
178,3,2008,3.88
178,3,2009,3.83
178,3,2010,3.8
178,3,2011,3.8
178,3,2012,3.81
178,3,2013,3.82
178,3,2014,3.8
178,3,2015,3.75
178,3,2016,3.77
178,3,2017,3.78
178,3,2018,3.81
178,3,2019,3.84
178,3,2020,3.87
178,3,2021,3.73
178,3,2022,4
178,3,2023,3.89
179,3,1980,4.21
179,3,1981,4.22
179,3,1982,4.27
179,3,1983,4.26
179,3,1984,4.27
179,3,1985,4.33
179,3,1986,4.35
179,3,1987,4.37
179,3,1988,4.42
179,3,1989,4.5
179,3,1990,4.47
179,3,1991,4.47
179,3,1992,4.51
179,3,1993,4.49
179,3,1994,4.38
179,3,1995,4.3
179,3,1996,4.28
179,3,1997,4.18
179,3,1998,4.05
179,3,1999,3.96
179,3,2000,3.86
179,3,2001,3.75
179,3,2002,3.6
179,3,2003,3.49
179,3,2004,3.39
179,3,2005,3.34
179,3,2006,3.3
179,3,2007,3.32
179,3,2008,3.32
179,3,2009,3.22
179,3,2010,3.19
179,3,2011,3.2
179,3,2012,3.19
179,3,2013,3.11
179,3,2014,3.2
179,3,2015,3.14
179,3,2016,2.99
179,3,2017,3
179,3,2018,3
179,3,2019,2.99
179,3,2020,2.91
179,3,2021,3.03
179,3,2022,3.12
179,3,2023,3.19
180,3,1980,6.57
180,3,1981,6.41
180,3,1982,6.23
180,3,1983,6.02
180,3,1984,5.85
180,3,1985,5.66
180,3,1986,5.43
180,3,1987,5.14
180,3,1988,4.96
180,3,1989,4.78
180,3,1990,4.57
180,3,1991,4.42
180,3,1992,4.31
180,3,1993,4.21
180,3,1994,4.1
180,3,1995,4.02
180,3,1996,3.98
180,3,1997,3.92
180,3,1998,3.9
180,3,1999,3.88
180,3,2000,4.36
180,3,2001,3.83
180,3,2002,3.8
180,3,2003,3.74
180,3,2004,3.75
180,3,2005,3.64
180,3,2006,3.56
180,3,2007,3.55
180,3,2008,3.62
180,3,2009,3.56
180,3,2010,3.64
180,3,2011,3.62
180,3,2012,3.59
180,3,2013,3.53
180,3,2014,3.44
180,3,2015,3.38
180,3,2016,3.31
180,3,2017,3.26
180,3,2018,3.23
180,3,2019,3.13
180,3,2020,3.28
180,3,2021,3.56
180,3,2022,3.03
180,3,2023,2.96
181,3,1980,7.36
181,3,1981,7.33
181,3,1982,7.09
181,3,1983,7.07
181,3,1984,7.05
181,3,1985,7
181,3,1986,6.83
181,3,1987,6.66
181,3,1988,6.75
181,3,1989,6.81
181,3,1990,6.82
181,3,1991,6.88
181,3,1992,6.91
181,3,1993,6.7
181,3,1994,6.59
181,3,1995,6.42
181,3,1996,6.15
181,3,1997,5.87
181,3,1998,5.58
181,3,1999,5.47
181,3,2000,5.28
181,3,2001,5.05
181,3,2002,4.85
181,3,2003,4.57
181,3,2004,4.36
181,3,2005,4.22
181,3,2006,4.1
181,3,2007,4.08
181,3,2008,4.1
181,3,2009,4.03
181,3,2010,3.97
181,3,2011,3.94
181,3,2012,3.9
181,3,2013,3.85
181,3,2014,3.79
181,3,2015,3.74
181,3,2016,3.71
181,3,2017,3.67
181,3,2018,3.7
181,3,2019,3.58
181,3,2020,3.48
181,3,2021,3.67
181,3,2022,3.82
181,3,2023,3.79
182,3,1980,4.55
182,3,1981,4.59
182,3,1982,4.6
182,3,1983,4.54
182,3,1984,4.58
182,3,1985,4.58
182,3,1986,4.5
182,3,1987,4.27
182,3,1988,4.13
182,3,1989,3.95
182,3,1990,3.69
182,3,1991,3.54
182,3,1992,3.33
182,3,1993,3.23
182,3,1994,3.07
182,3,1995,2.97
182,3,1996,2.92
182,3,1997,2.89
182,3,1998,2.84
182,3,1999,2.9
182,3,2000,2.99
182,3,2001,2.96
182,3,2002,3.01
182,3,2003,3.03
182,3,2004,3.07
182,3,2005,2.95
182,3,2006,2.86
182,3,2007,2.76
182,3,2008,2.72
182,3,2009,2.72
182,3,2010,2.78
182,3,2011,2.81
182,3,2012,2.78
182,3,2013,2.69
182,3,2014,2.65
182,3,2015,2.61
182,3,2016,2.53
182,3,2017,2.55
182,3,2018,2.58
182,3,2019,2.54
182,3,2020,2.46
182,3,2021,3.16
182,3,2022,2.54
182,3,2023,2.48
183,3,1980,0.09
183,3,1981,0.62
183,3,1982,0.83
183,3,1983,0.27
183,3,1984,0.28
183,3,1985,0.24
183,3,1986,0.23
183,3,1987,0.13
183,3,1988,0.09
183,3,1989,0.09
183,3,1990,0.04
183,3,1991,0.12
183,3,1992,0.11
183,3,1993,0.07
183,3,1994,0.09
183,3,1995,0.08
183,3,1996,0.1
183,3,1997,0.38
183,3,1998,0.6
183,3,1999,0.58
183,3,2000,0.43
183,3,2001,0.38
183,3,2002,0.36
183,3,2003,0.31
183,3,2004,0.27
183,3,2005,0.27
183,3,2006,0.25
183,3,2007,0.25
183,3,2008,0.24
183,3,2009,0.23
183,3,2010,0.22
183,3,2011,0.21
183,3,2012,0.19
183,3,2013,0.18
183,3,2014,0.18
183,3,2015,0.18
183,3,2016,0.19
183,3,2017,0.19
183,3,2018,0.18
183,3,2019,0.16
183,3,2020,0.14
183,3,2021,0.2
183,3,2022,0.22
183,3,2023,0.22
184,3,1980,3.51
184,3,1981,3.49
184,3,1982,3.44
184,3,1983,3.38
184,3,1984,3.38
184,3,1985,3.31
184,3,1986,3.3
184,3,1987,3.23
184,3,1988,3.18
184,3,1989,3.1
184,3,1990,3.01
184,3,1991,2.96
184,3,1992,2.86
184,3,1993,2.8
184,3,1994,2.73
184,3,1995,2.69
184,3,1996,2.65
184,3,1997,2.57
184,3,1998,2.5
184,3,1999,2.48
184,3,2000,2.45
184,3,2001,2.35
184,3,2002,2.32
184,3,2003,2.25
184,3,2004,2.2
184,3,2005,2.11
184,3,2006,2.12
184,3,2007,2.06
184,3,2008,2.01
184,3,2009,1.92
184,3,2010,1.81
184,3,2011,1.75
184,3,2012,1.75
184,3,2013,1.71
184,3,2014,1.63
184,3,2015,1.57
184,3,2016,1.56
184,3,2017,1.54
184,3,2018,1.51
184,3,2019,1.54
184,3,2020,1.52
184,3,2021,1.56
184,3,2022,1.5
184,3,2023,1.51
185,3,1980,7.68
185,3,1981,7.75
185,3,1982,7.78
185,3,1983,7.79
185,3,1984,7.92
185,3,1985,7.89
185,3,1986,7.85
185,3,1987,7.8
185,3,1988,7.92
185,3,1989,8.02
185,3,1990,8.16
185,3,1991,8.5
185,3,1992,8.83
185,3,1993,9.11
185,3,1994,10.42
185,3,1995,9.02
185,3,1996,8.55
185,3,1997,8.18
185,3,1998,7.71
185,3,1999,7.21
185,3,2000,6.47
185,3,2001,5.82
185,3,2002,5.35
185,3,2003,5.01
185,3,2004,4.95
185,3,2005,4.77
185,3,2006,4.7
185,3,2007,4.54
185,3,2008,4.34
185,3,2009,4.15
185,3,2010,4
185,3,2011,3.96
185,3,2012,3.91
185,3,2013,3.96
185,3,2014,3.97
185,3,2015,3.84
185,3,2016,3.7
185,3,2017,3.67
185,3,2018,3.68
185,3,2019,3.69
185,3,2020,3.69
185,3,2021,3.82
185,3,2022,3.96
185,3,2023,4.05
186,3,1980,0.84
186,3,1981,0.83
186,3,1982,0.78
186,3,1983,0.67
186,3,1984,0.6
186,3,1985,0.53
186,3,1986,0.5
186,3,1987,0.46
186,3,1988,0.47
186,3,1989,0.48
186,3,1990,0.48
186,3,1991,0.5
186,3,1992,0.51
186,3,1993,0.51
186,3,1994,0.51
186,3,1995,0.51
186,3,1996,0.51
186,3,1997,0.51
186,3,1998,0.51
186,3,1999,0.51
186,3,2000,0.51
186,3,2001,0.51
186,3,2002,0.5
186,3,2003,0.47
186,3,2004,0.45
186,3,2005,0.44
186,3,2006,0.41
186,3,2007,0.4
186,3,2008,0.39
186,3,2009,0.37
186,3,2010,0.36
186,3,2011,0.34
186,3,2012,0.34
186,3,2013,0.32
186,3,2014,0.31
186,3,2015,0.3
186,3,2016,0.3
186,3,2017,0.3
186,3,2018,0.28
186,3,2019,0.27
186,3,2020,0.26
186,3,2021,0.26
186,3,2022,0.25
186,3,2023,0.27
187,3,1980,2.49
187,3,1981,2.64
187,3,1982,2.62
187,3,1983,2.6
187,3,1984,2.67
187,3,1985,2.67
187,3,1986,2.68
187,3,1987,2.64
187,3,1988,2.63
187,3,1989,2.63
187,3,1990,2.58
187,3,1991,2.58
187,3,1992,2.64
187,3,1993,2.57
187,3,1994,2.63
187,3,1995,2.59
187,3,1996,2.6
187,3,1997,2.6
187,3,1998,2.56
187,3,1999,2.57
187,3,2000,2.62
187,3,2001,2.6
187,3,2002,2.61
187,3,2003,2.56
187,3,2004,2.57
187,3,2005,2.55
187,3,2006,2.46
187,3,2007,2.45
187,3,2008,2.48
187,3,2009,2.45
187,3,2010,2.39
187,3,2011,2.35
187,3,2012,2.3
187,3,2013,2.3
187,3,2014,2.27
187,3,2015,2.22
187,3,2016,2.19
187,3,2017,2.15
187,3,2018,2.16
187,3,2019,2.16
187,3,2020,2.14
187,3,2021,2.42
187,3,2022,2.1
187,3,2023,2.1
189,3,1980,4.13
189,3,1981,4.08
189,3,1982,3.99
189,3,1983,3.91
189,3,1984,3.86
189,3,1985,3.75
189,3,1986,3.63
189,3,1987,3.5
189,3,1988,3.42
189,3,1989,3.35
189,3,1990,3.22
189,3,1991,3.13
189,3,1992,3.08
189,3,1993,2.97
189,3,1994,2.9
189,3,1995,2.81
189,3,1996,2.74
189,3,1997,3.09
189,3,1998,2.55
189,3,1999,2.44
189,3,2000,2.37
189,3,2001,2.32
189,3,2002,2.31
189,3,2003,2.29
189,3,2004,2.25
189,3,2005,2.14
189,3,2006,2.12
189,3,2007,2.11
189,3,2008,2.09
189,3,2009,2.06
189,3,2010,2.02
189,3,2011,2
189,3,2012,2.02
189,3,2013,2
189,3,2014,1.91
189,3,2015,1.87
189,3,2016,1.81
189,3,2017,1.76
189,3,2018,1.7
189,3,2019,1.63
189,3,2020,1.6
189,3,2021,1.67
189,3,2022,1.45
189,3,2023,1.47
190,3,1980,4.05
190,3,1981,3.72
190,3,1982,4.03
190,3,1983,3.9
190,3,1984,3.76
190,3,1985,3.6
190,3,1986,3.48
190,3,1987,3.4
190,3,1988,3.36
190,3,1989,3.51
190,3,1990,3.54
190,3,1991,3.68
190,3,1992,3.67
190,3,1993,3.68
190,3,1994,3.7
190,3,1995,3.62
190,3,1996,3.57
190,3,1997,3.45
190,3,1998,3.38
190,3,1999,3.33
190,3,2000,3.29
190,3,2001,3.21
190,3,2002,3.1
190,3,2003,2.92
190,3,2004,2.83
190,3,2005,2.72
190,3,2006,2.68
190,3,2007,2.66
190,3,2008,2.66
190,3,2009,2.61
190,3,2010,2.58
190,3,2011,2.59
190,3,2012,2.62
190,3,2013,2.68
190,3,2014,2.67
190,3,2015,2.59
190,3,2016,2.48
190,3,2017,2.44
190,3,2018,2.4
190,3,2019,2.3
190,3,2020,2.22
190,3,2021,2.39
190,3,2022,2.23
190,3,2023,2.26
191,3,1980,4.79
191,3,1981,4.71
191,3,1982,4.59
191,3,1983,4.44
191,3,1984,4.38
191,3,1985,4.35
191,3,1986,4.25
191,3,1987,4.07
191,3,1988,3.99
191,3,1989,3.91
191,3,1990,3.79
191,3,1991,3.78
191,3,1992,3.73
191,3,1993,3.74
191,3,1994,3.72
191,3,1995,3.67
191,3,1996,3.67
191,3,1997,3.63
191,3,1998,3.54
191,3,1999,3.52
191,3,2000,3.46
191,3,2001,3.46
191,3,2002,3.33
191,3,2003,3.21
191,3,2004,3.16
191,3,2005,3.1
191,3,2006,3.13
191,3,2007,3.07
191,3,2008,3.13
191,3,2009,3.14
191,3,2010,3.11
191,3,2011,3.11
191,3,2012,3.03
191,3,2013,2.95
191,3,2014,2.88
191,3,2015,2.85
191,3,2016,2.81
191,3,2017,2.8
191,3,2018,2.7
191,3,2019,2.63
191,3,2020,2.69
191,3,2021,3
191,3,2022,2.59
191,3,2023,2.58
193,3,1980,4.86
193,3,1981,4.7
193,3,1982,4.43
193,3,1983,4.21
193,3,1984,4.06
193,3,1985,3.89
193,3,1986,3.7
193,3,1987,3.47
193,3,1988,3.11
193,3,1989,2.94
193,3,1990,2.72
193,3,1991,2.51
193,3,1992,2.24
193,3,1993,2.07
193,3,1994,1.95
193,3,1995,1.82
193,3,1996,1.8
193,3,1997,1.79
193,3,1998,1.81
193,3,1999,1.84
193,3,2000,1.92
193,3,2001,1.93
193,3,2002,1.76
193,3,2003,1.45
193,3,2004,1.25
193,3,2005,1.14
193,3,2006,1.22
193,3,2007,1.11
193,3,2008,1.1
193,3,2009,1.11
193,3,2010,1.08
193,3,2011,1.1
193,3,2012,1.1
193,3,2013,1.09
193,3,2014,1.12
193,3,2015,1.1
193,3,2016,1.1
193,3,2017,1.11
193,3,2018,1.11
193,3,2019,1.09
193,3,2020,1.11
193,3,2021,1.09
193,3,2022,1.04
193,3,2023,1.02
194,3,1980,4.58
194,3,1981,4.59
194,3,1982,4.53
194,3,1983,4.48
194,3,1984,4.48
194,3,1985,4.41
194,3,1986,4.38
194,3,1987,4.27
194,3,1988,4.17
194,3,1989,3.99
194,3,1990,3.74
194,3,1991,3.51
194,3,1992,3.23
194,3,1993,3.03
194,3,1994,2.84
194,3,1995,2.66
194,3,1996,2.61
194,3,1997,2.56
194,3,1998,2.52
194,3,1999,2.56
194,3,2000,2.69
194,3,2001,3.25
194,3,2002,3.71
194,3,2003,3.41
194,3,2004,3.22
194,3,2005,2.7
194,3,2006,2.15
194,3,2007,1.81
194,3,2008,1.74
194,3,2009,1.83
194,3,2010,1.88
194,3,2011,1.95
194,3,2012,1.95
194,3,2013,1.99
194,3,2014,2.03
194,3,2015,1.99
194,3,2016,1.89
194,3,2017,1.81
194,3,2018,1.74
194,3,2019,1.63
194,3,2020,1.56
194,3,2021,1.56
194,3,2022,1.62
194,3,2023,1.62
195,3,1980,5.35
195,3,1981,5.22
195,3,1982,5.1
195,3,1983,4.93
195,3,1984,4.83
195,3,1985,4.75
195,3,1986,4.63
195,3,1987,4.48
195,3,1988,4.44
195,3,1989,4.48
195,3,1990,4.48
195,3,1991,4.49
195,3,1992,4.29
195,3,1993,4.11
195,3,1994,3.84
195,3,1995,3.52
195,3,1996,3.31
195,3,1997,3.14
195,3,1998,2.96
195,3,1999,2.9
195,3,2000,2.86
195,3,2001,2.73
195,3,2002,2.69
195,3,2003,2.61
195,3,2004,2.46
195,3,2005,2.32
195,3,2006,2.31
195,3,2007,2.3
195,3,2008,2.38
195,3,2009,2.37
195,3,2010,2.32
195,3,2011,2.36
195,3,2012,2.34
195,3,2013,2.24
195,3,2014,2.2
195,3,2015,2.17
195,3,2016,2.15
195,3,2017,2.15
195,3,2018,2.14
195,3,2019,2.14
195,3,2020,2.17
195,3,2021,2.23
195,3,2022,2.07
195,3,2023,2.04
196,3,1980,2.11
196,3,1981,2.04
196,3,1982,1.93
196,3,1983,1.82
196,3,1984,1.77
196,3,1985,1.69
196,3,1986,1.61
196,3,1987,1.54
196,3,1988,1.48
196,3,1989,1.42
196,3,1990,1.39
196,3,1991,1.35
196,3,1992,1.31
196,3,1993,1.39
196,3,1994,1.49
196,3,1995,1.51
196,3,1996,1.65
196,3,1997,1.63
196,3,1998,1.62
196,3,1999,1.56
196,3,2000,1.49
196,3,2001,1.43
196,3,2002,1.42
196,3,2003,1.41
196,3,2004,1.38
196,3,2005,1.37
196,3,2006,1.41
196,3,2007,1.43
196,3,2008,1.43
196,3,2009,1.45
196,3,2010,1.45
196,3,2011,1.45
196,3,2012,1.44
196,3,2013,1.43
196,3,2014,1.42
196,3,2015,1.37
196,3,2016,1.36
196,3,2017,1.36
196,3,2018,1.31
196,3,2019,1.2
196,3,2020,1.1
196,3,2021,1.03
196,3,2022,1.15
196,3,2023,1.23
197,3,1980,7.68
197,3,1981,7.54
197,3,1982,7.31
197,3,1983,7.02
197,3,1984,6.99
197,3,1985,6.73
197,3,1986,6.56
197,3,1987,6.39
197,3,1988,6.34
197,3,1989,6.28
197,3,1990,6.25
197,3,1991,6.15
197,3,1992,5.93
197,3,1993,5.73
197,3,1994,5.38
197,3,1995,4.83
197,3,1996,4.3
197,3,1997,3.9
197,3,1998,3.53
197,3,1999,3.35
197,3,2000,3.3
197,3,2001,3.36
197,3,2002,3.47
197,3,2003,3.68
197,3,2004,3.99
197,3,2005,4.05
197,3,2006,3.89
197,3,2007,3.62
197,3,2008,3.47
197,3,2009,3.33
197,3,2010,3.1
197,3,2011,2.93
197,3,2012,2.75
197,3,2013,2.61
197,3,2014,2.48
197,3,2015,2.32
197,3,2016,2.21
197,3,2017,2.25
197,3,2018,2.29
197,3,2019,2.31
197,3,2020,2.35
197,3,2021,2.27
197,3,2022,2.23
197,3,2023,2.1
198,3,1980,5.94
198,3,1981,5.87
198,3,1982,5.64
198,3,1983,5.43
198,3,1984,5.31
198,3,1985,5.08
198,3,1986,4.79
198,3,1987,4.33
198,3,1988,3.87
198,3,1989,3.71
198,3,1990,3.64
198,3,1991,3.39
198,3,1992,3.16
198,3,1993,3.05
198,3,1994,3.05
198,3,1995,2.98
198,3,1996,2.92
198,3,1997,2.84
198,3,1998,2.67
198,3,1999,2.51
198,3,2000,2.25
198,3,2001,1.89
198,3,2002,1.56
198,3,2003,1.37
198,3,2004,1.19
198,3,2005,1.03
198,3,2006,0.94
198,3,2007,0.82
198,3,2008,0.88
198,3,2009,0.91
198,3,2010,0.91
198,3,2011,0.98
198,3,2012,1.01
198,3,2013,1.01
198,3,2014,0.98
198,3,2015,0.95
198,3,2016,0.95
198,3,2017,0.92
198,3,2018,0.9
198,3,2019,0.88
198,3,2020,0.86
198,3,2021,0.91
198,3,2022,0.81
198,3,2023,0.78
200,3,1980,1.5
200,3,1981,1.52
200,3,1982,1.55
200,3,1983,1.55
200,3,1984,1.57
200,3,1985,1.59
200,3,1986,1.61
200,3,1987,1.61
200,3,1988,1.65
200,3,1989,1.67
200,3,1990,1.68
200,3,1991,1.72
200,3,1992,1.74
200,3,1993,1.75
200,3,1994,1.76
200,3,1995,1.75
200,3,1996,1.76
200,3,1997,1.76
200,3,1998,1.76
200,3,1999,1.76
200,3,2000,1.76
200,3,2001,1.68
200,3,2002,1.64
200,3,2003,1.57
200,3,2004,1.5
200,3,2005,1.44
200,3,2006,1.42
200,3,2007,1.39
200,3,2008,1.43
200,3,2009,1.46
200,3,2010,1.47
200,3,2011,1.51
200,3,2012,1.54
200,3,2013,1.57
200,3,2014,1.55
200,3,2015,1.53
200,3,2016,1.49
200,3,2017,1.47
200,3,2018,1.44
200,3,2019,1.43
200,3,2020,1.45
200,3,2021,1.39
200,3,2022,1.3
200,3,2023,1.27
201,3,1980,3.33
201,3,1981,3.37
201,3,1982,3.41
201,3,1983,3.41
201,3,1984,3.47
201,3,1985,3.52
201,3,1986,3.52
201,3,1987,3.45
201,3,1988,3.46
201,3,1989,3.47
201,3,1990,3.41
201,3,1991,3.34
201,3,1992,3.29
201,3,1993,3.22
201,3,1994,3.18
201,3,1995,3.12
201,3,1996,3.05
201,3,1997,2.97
201,3,1998,2.87
201,3,1999,2.81
201,3,2000,2.81
201,3,2001,2.66
201,3,2002,2.64
201,3,2003,2.5
201,3,2004,2.41
201,3,2005,2.36
201,3,2006,2.33
201,3,2007,2.18
201,3,2008,2.11
201,3,2009,1.99
201,3,2010,1.9
201,3,2011,1.83
201,3,2012,1.8
201,3,2013,1.79
201,3,2014,1.77
201,3,2015,1.84
201,3,2016,1.86
201,3,2017,1.88
201,3,2018,1.83
201,3,2019,1.82
201,3,2020,1.73
201,3,2021,1.72
201,3,2022,1.87
201,3,2023,1.91
202,3,1980,2
202,3,1981,2.04
202,3,1982,2.05
202,3,1983,2.02
202,3,1984,2.03
202,3,1985,2.07
202,3,1986,2.04
202,3,1987,2.03
202,3,1988,2.05
202,3,1989,2.07
202,3,1990,2.03
202,3,1991,2.04
202,3,1992,2.03
202,3,1993,2
202,3,1994,1.99
202,3,1995,1.98
202,3,1996,2.01
202,3,1997,2.03
202,3,1998,2.04
202,3,1999,2.08
202,3,2000,2.11
202,3,2001,2.05
202,3,2002,2.05
202,3,2003,1.96
202,3,2004,1.89
202,3,2005,1.85
202,3,2006,1.86
202,3,2007,1.83
202,3,2008,1.85
202,3,2009,1.87
202,3,2010,1.89
202,3,2011,1.9
202,3,2012,1.87
202,3,2013,1.85
202,3,2014,1.81
202,3,2015,1.78
202,3,2016,1.76
202,3,2017,1.73
202,3,2018,1.73
202,3,2019,1.69
202,3,2020,1.63
202,3,2021,1.58
202,3,2022,1.57
202,3,2023,1.6
203,3,1980,0.02
203,3,1981,0.02
203,3,1982,0.02
203,3,1983,0.02
203,3,1984,0.02
203,3,1985,0.02
203,3,1986,0.02
203,3,1987,0.02
203,3,1988,0.02
203,3,1989,0.02
203,3,1990,0.03
203,3,1991,0.03
203,3,1992,0.04
203,3,1993,0.06
203,3,1994,0.08
203,3,1995,0.12
203,3,1996,0.16
203,3,1997,0.23
203,3,1998,0.32
203,3,1999,0.4
203,3,2000,0.44
203,3,2001,0.46
203,3,2002,0.46
203,3,2003,0.46
203,3,2004,0.46
203,3,2005,0.45
203,3,2006,0.46
203,3,2007,0.47
203,3,2008,0.46
203,3,2009,0.45
203,3,2010,0.44
203,3,2011,0.44
203,3,2012,0.44
203,3,2013,0.44
203,3,2014,0.45
203,3,2015,0.44
203,3,2016,0.44
203,3,2017,0.43
203,3,2018,0.47
203,3,2019,0.46
203,3,2020,0.45
203,3,2021,0.44
203,3,2022,0.44
203,3,2023,0.43
204,3,1980,1.77
204,3,1981,1.81
204,3,1982,1.84
204,3,1983,1.88
204,3,1984,1.92
204,3,1985,1.99
204,3,1986,2
204,3,1987,2.03
204,3,1988,2.08
204,3,1989,2.14
204,3,1990,2.19
204,3,1991,2.22
204,3,1992,2.29
204,3,1993,2.33
204,3,1994,2.32
204,3,1995,2.32
204,3,1996,2.4
204,3,1997,2.47
204,3,1998,2.5
204,3,1999,2.55
204,3,2000,2.62
204,3,2001,2.63
204,3,2002,2.62
204,3,2003,2.57
204,3,2004,2.53
204,3,2005,2.51
204,3,2006,2.49
204,3,2007,2.52
204,3,2008,2.52
204,3,2009,2.46
204,3,2010,2.47
204,3,2011,2.48
204,3,2012,2.46
204,3,2013,2.45
204,3,2014,2.45
204,3,2015,2.44
204,3,2016,2.42
204,3,2017,2.4
204,3,2018,2.39
204,3,2019,2.39
204,3,2020,2.42
204,3,2021,2.31
204,3,2022,2.5
204,3,2023,2.54
205,3,1980,1.55
205,3,1981,1.55
205,3,1982,1.54
205,3,1983,1.52
205,3,1984,1.51
205,3,1985,1.52
205,3,1986,1.5
205,3,1987,1.45
205,3,1988,1.44
205,3,1989,1.41
205,3,1990,1.37
205,3,1991,1.38
205,3,1992,1.38
205,3,1993,1.4
205,3,1994,1.4
205,3,1995,1.41
205,3,1996,1.47
205,3,1997,1.5
205,3,1998,1.51
205,3,1999,1.53
205,3,2000,1.55
205,3,2001,1.46
205,3,2002,1.41
205,3,2003,1.32
205,3,2004,1.27
205,3,2005,1.25
205,3,2006,1.32
205,3,2007,1.24
205,3,2008,1.24
205,3,2009,1.22
205,3,2010,1.17
205,3,2011,1.16
205,3,2012,1.28
205,3,2013,1.39
205,3,2014,1.44
205,3,2015,1.5
205,3,2016,1.55
205,3,2017,1.55
205,3,2018,1.59
205,3,2019,1.53
205,3,2020,1.53
205,3,2021,1.52
205,3,2022,1.6
205,3,2023,1.59
206,3,1980,1.65
206,3,1981,1.64
206,3,1982,1.64
206,3,1983,1.59
206,3,1984,1.57
206,3,1985,1.52
206,3,1986,1.52
206,3,1987,1.48
206,3,1988,1.48
206,3,1989,1.45
206,3,1990,1.56
206,3,1991,1.58
206,3,1992,1.63
206,3,1993,1.57
206,3,1994,1.51
206,3,1995,1.64
206,3,1996,1.51
206,3,1997,1.47
206,3,1998,1.52
206,3,1999,1.62
206,3,2000,1.45
206,3,2001,1.32
206,3,2002,1.29
206,3,2003,1.29
206,3,2004,1.43
206,3,2005,1.42
206,3,2006,1.35
206,3,2007,1.31
206,3,2008,1.2
206,3,2009,1.19
206,3,2010,1.11
206,3,2011,0.98
206,3,2012,0.96
206,3,2013,0.99
206,3,2014,1.07
206,3,2015,1.02
206,3,2016,1.08
206,3,2017,1.19
206,3,2018,1.18
206,3,2019,1.23
206,3,2020,1.2
206,3,2021,1.2
206,3,2022,1.16
206,3,2023,1.15
207,3,1980,3.12
207,3,1981,3.1
207,3,1982,3.11
207,3,1983,3.05
207,3,1984,3.04
207,3,1985,3.04
207,3,1986,2.99
207,3,1987,2.86
207,3,1988,2.8
207,3,1989,2.73
207,3,1990,2.63
207,3,1991,2.56
207,3,1992,2.52
207,3,1993,2.47
207,3,1994,2.44
207,3,1995,2.36
207,3,1996,2.29
207,3,1997,2.18
207,3,1998,2.09
207,3,1999,2.03
207,3,2000,1.97
207,3,2001,1.89
207,3,2002,1.84
207,3,2003,1.78
207,3,2004,1.74
207,3,2005,1.73
207,3,2006,1.74
207,3,2007,1.69
207,3,2008,1.68
207,3,2009,1.66
207,3,2010,1.65
207,3,2011,1.69
207,3,2012,1.68
207,3,2013,1.68
207,3,2014,1.68
207,3,2015,1.67
207,3,2016,1.69
207,3,2017,1.71
207,3,2018,1.77
207,3,2019,1.77
207,3,2020,1.73
207,3,2021,1.76
207,3,2022,1.81
207,3,2023,1.79
208,3,1980,1.77
208,3,1981,1.81
208,3,1982,1.88
208,3,1983,1.85
208,3,1984,1.9
208,3,1985,1.95
208,3,1986,2.04
208,3,1987,2.05
208,3,1988,2.1
208,3,1989,2.15
208,3,1990,2.18
208,3,1991,2.25
208,3,1992,2.34
208,3,1993,2.39
208,3,1994,2.44
208,3,1995,2.47
208,3,1996,2.47
208,3,1997,2.49
208,3,1998,2.47
208,3,1999,2.47
208,3,2000,2.42
208,3,2001,2.35
208,3,2002,2.25
208,3,2003,2.17
208,3,2004,2.12
208,3,2005,2.05
208,3,2006,2.03
208,3,2007,1.99
208,3,2008,1.96
208,3,2009,1.92
208,3,2010,1.91
208,3,2011,1.89
208,3,2012,1.88
208,3,2013,1.88
208,3,2014,1.86
208,3,2015,1.83
208,3,2016,1.8
208,3,2017,1.78
208,3,2018,1.77
208,3,2019,1.77
208,3,2020,1.73
208,3,2021,1.72
208,3,2022,1.77
208,3,2023,1.76
209,3,1980,1.47
209,3,1981,1.48
209,3,1982,1.5
209,3,1983,1.5
209,3,1984,1.53
209,3,1985,1.55
209,3,1986,1.59
209,3,1987,1.61
209,3,1988,1.65
209,3,1989,1.71
209,3,1990,1.75
209,3,1991,1.8
209,3,1992,1.85
209,3,1993,1.89
209,3,1994,1.95
209,3,1995,1.93
209,3,1996,2.12
209,3,1997,2.13
209,3,1998,2.01
209,3,1999,2.02
209,3,2000,2.04
209,3,2001,2.05
209,3,2002,2.04
209,3,2003,2.02
209,3,2004,1.98
209,3,2005,1.99
209,3,2006,1.9
209,3,2007,1.91
209,3,2008,1.95
209,3,2009,1.89
209,3,2010,1.86
209,3,2011,1.84
209,3,2012,1.81
209,3,2013,1.82
209,3,2014,1.82
209,3,2015,1.82
209,3,2016,1.86
209,3,2017,1.87
209,3,2018,1.86
209,3,2019,1.87
209,3,2020,1.88
209,3,2021,1.81
209,3,2022,1.88
209,3,2023,1.89
210,3,1980,1.91
210,3,1981,1.95
210,3,1982,2.01
210,3,1983,2.05
210,3,1984,2.1
210,3,1985,2.13
210,3,1986,2.15
210,3,1987,2.14
210,3,1988,2.16
210,3,1989,2.17
210,3,1990,2.26
210,3,1991,2.24
210,3,1992,2.09
210,3,1993,2.16
210,3,1994,2.25
210,3,1995,2.13
210,3,1996,2.28
210,3,1997,2.17
210,3,1998,2.23
210,3,1999,2.28
210,3,2000,2.23
210,3,2001,2.1
210,3,2002,2
210,3,2003,1.91
210,3,2004,1.92
210,3,2005,1.83
210,3,2006,1.84
210,3,2007,1.82
210,3,2008,1.84
210,3,2009,1.85
210,3,2010,1.84
210,3,2011,1.82
210,3,2012,1.9
210,3,2013,1.92
210,3,2014,1.82
210,3,2015,1.75
210,3,2016,1.71
210,3,2017,1.68
210,3,2018,1.67
210,3,2019,1.71
210,3,2020,1.76
210,3,2021,1.92
210,3,2022,1.78
210,3,2023,1.78
211,3,1980,1.36
211,3,1981,1.31
211,3,1982,1.42
211,3,1983,1.42
211,3,1984,1.44
211,3,1985,1.48
211,3,1986,1.51
211,3,1987,1.49
211,3,1988,1.55
211,3,1989,1.58
211,3,1990,1.61
211,3,1991,1.67
211,3,1992,1.72
211,3,1993,1.75
211,3,1994,1.8
211,3,1995,1.83
211,3,1996,1.87
211,3,1997,1.9
211,3,1998,1.92
211,3,1999,1.95
211,3,2000,1.91
211,3,2001,1.83
211,3,2002,1.81
211,3,2003,1.73
211,3,2004,1.65
211,3,2005,1.6
211,3,2006,1.6
211,3,2007,1.56
211,3,2008,1.58
211,3,2009,1.56
211,3,2010,1.51
211,3,2011,1.5
211,3,2012,1.47
211,3,2013,1.46
211,3,2014,1.45
211,3,2015,1.48
211,3,2016,1.56
211,3,2017,1.59
211,3,2018,1.6
211,3,2019,1.57
211,3,2020,1.51
211,3,2021,1.56
211,3,2022,1.56
211,3,2023,1.56
212,3,1980,0.95
212,3,1981,0.95
212,3,1982,0.97
212,3,1983,0.95
212,3,1984,1.01
212,3,1985,1.03
212,3,1986,1.07
212,3,1987,1.06
212,3,1988,1.12
212,3,1989,1.13
212,3,1990,1.15
212,3,1991,1.17
212,3,1992,1.2
212,3,1993,1.23
212,3,1994,1.19
212,3,1995,1.18
212,3,1996,1.23
212,3,1997,1.26
212,3,1998,1.32
212,3,1999,1.32
212,3,2000,1.36
212,3,2001,1.37
212,3,2002,1.39
212,3,2003,1.35
212,3,2004,1.38
212,3,2005,1.36
212,3,2006,1.39
212,3,2007,1.31
212,3,2008,1.25
212,3,2009,1.29
212,3,2010,1.24
212,3,2011,1.21
212,3,2012,1.22
212,3,2013,1.2
212,3,2014,1.13
212,3,2015,1.08
212,3,2016,1.03
212,3,2017,1.06
212,3,2018,1.06
212,3,2019,1.1
212,3,2020,1.05
212,3,2021,1.09
212,3,2022,1.12
212,3,2023,1.1
213,3,1980,1.51
213,3,1981,1.55
213,3,1982,1.58
213,3,1983,1.63
213,3,1984,1.65
213,3,1985,1.71
213,3,1986,1.73
213,3,1987,1.75
213,3,1988,1.84
213,3,1989,1.91
213,3,1990,1.94
213,3,1991,2.03
213,3,1992,2.09
213,3,1993,2.14
213,3,1994,2.22
213,3,1995,2.25
213,3,1996,2.3
213,3,1997,2.34
213,3,1998,2.4
213,3,1999,2.41
213,3,2000,2.45
213,3,2001,2.4
213,3,2002,2.4
213,3,2003,2.31
213,3,2004,2.26
213,3,2005,2.26
213,3,2006,2.31
213,3,2007,2.24
213,3,2008,2.27
213,3,2009,2.21
213,3,2010,2.14
213,3,2011,2.18
213,3,2012,2.2
213,3,2013,2.29
213,3,2014,2.3
213,3,2015,2.32
213,3,2016,2.31
213,3,2017,2.35
213,3,2018,2.31
213,3,2019,2.3
213,3,2020,2.34
213,3,2021,2.34
213,3,2022,2.31
213,3,2023,2.35
214,3,1980,2.73
214,3,1981,2.74
214,3,1982,2.75
214,3,1983,2.75
214,3,1984,2.76
214,3,1985,2.76
214,3,1986,2.72
214,3,1987,2.68
214,3,1988,2.68
214,3,1989,2.72
214,3,1990,2.87
214,3,1991,2.76
214,3,1992,2.69
214,3,1993,2.63
214,3,1994,2.59
214,3,1995,2.53
214,3,1996,2.51
214,3,1997,2.47
214,3,1998,2.41
214,3,1999,2.38
214,3,2000,2.37
214,3,2001,2.3
214,3,2002,2.27
214,3,2003,2.19
214,3,2004,2.14
214,3,2005,2.07
214,3,2006,2.01
214,3,2007,1.96
214,3,2008,1.92
214,3,2009,1.89
214,3,2010,2.05
214,3,2011,1.87
214,3,2012,1.87
214,3,2013,1.9
214,3,2014,1.9
214,3,2015,1.86
214,3,2016,1.83
214,3,2017,1.84
214,3,2018,1.8
214,3,2019,1.74
214,3,2020,1.71
214,3,2021,1.67
214,3,2022,1.7
214,3,2023,1.69
215,3,1980,1.28
215,3,1981,1.26
215,3,1982,1.19
215,3,1983,1.16
215,3,1984,1.15
215,3,1985,1.18
215,3,1986,1.15
215,3,1987,1.13
215,3,1988,1.25
215,3,1989,1.27
215,3,1990,1.28
215,3,1991,1.27
215,3,1992,1.28
215,3,1993,1.3
215,3,1994,1.29
215,3,1995,1.21
215,3,1996,1.21
215,3,1997,1.2
215,3,1998,1.17
215,3,1999,1.18
215,3,2000,1.14
215,3,2001,1.14
215,3,2002,1.11
215,3,2003,1.08
215,3,2004,1.08
215,3,2005,1.15
215,3,2006,1.19
215,3,2007,1.2
215,3,2008,1.25
215,3,2009,1.24
215,3,2010,1.28
215,3,2011,1.25
215,3,2012,1.19
215,3,2013,1.18
215,3,2014,1.25
215,3,2015,1.26
215,3,2016,1.26
215,3,2017,1.3
215,3,2018,1.24
215,3,2019,1.2
215,3,2020,1.23
215,3,2021,1.19
215,3,2022,1.08
215,3,2023,1.02
216,3,1980,1.29
216,3,1981,1.29
216,3,1982,1.3
216,3,1983,1.3
216,3,1984,1.35
216,3,1985,1.4
216,3,1986,1.39
216,3,1987,1.4
216,3,1988,1.48
216,3,1989,1.62
216,3,1990,1.6
216,3,1991,1.68
216,3,1992,1.72
216,3,1993,1.74
216,3,1994,1.78
216,3,1995,1.75
216,3,1996,1.8
216,3,1997,1.77
216,3,1998,1.77
216,3,1999,1.77
216,3,2000,1.63
216,3,2001,2.01
216,3,2002,1.97
216,3,2003,1.75
216,3,2004,1.84
216,3,2005,1.75
216,3,2006,1.65
216,3,2007,1.64
216,3,2008,1.63
216,3,2009,1.62
216,3,2010,1.43
216,3,2011,1.42
216,3,2012,1.32
216,3,2013,1.31
216,3,2014,1.4
216,3,2015,1.32
216,3,2016,1.35
216,3,2017,1.32
216,3,2018,1.3
216,3,2019,1.36
216,3,2020,1.29
216,3,2021,1.28
216,3,2022,1.37
216,3,2023,1.4
217,3,1980,3.26
217,3,1981,3.32
217,3,1982,3.39
217,3,1983,3.44
217,3,1984,3.52
217,3,1985,3.59
217,3,1986,3.61
217,3,1987,3.61
217,3,1988,3.63
217,3,1989,3.64
217,3,1990,3.66
217,3,1991,3.67
217,3,1992,3.69
217,3,1993,3.59
217,3,1994,3.54
217,3,1995,3.44
217,3,1996,3.32
217,3,1997,3.14
217,3,1998,3.07
217,3,1999,2.97
217,3,2000,2.9
217,3,2001,2.77
217,3,2002,2.75
217,3,2003,2.73
217,3,2004,2.77
217,3,2005,2.79
217,3,2006,2.81
217,3,2007,2.78
217,3,2008,2.73
217,3,2009,2.67
217,3,2010,2.75
217,3,2011,2.75
217,3,2012,2.82
217,3,2013,2.83
217,3,2014,2.8
217,3,2015,2.76
217,3,2016,2.69
217,3,2017,2.72
217,3,2018,2.7
217,3,2019,2.72
217,3,2020,2.65
217,3,2021,2.63
217,3,2022,2.6
217,3,2023,2.65
218,3,1980,1.43
218,3,1981,1.42
218,3,1982,1.42
218,3,1983,1.41
218,3,1984,1.41
218,3,1985,1.41
218,3,1986,1.42
218,3,1987,1.39
218,3,1988,1.41
218,3,1989,1.43
218,3,1990,1.42
218,3,1991,1.44
218,3,1992,1.44
218,3,1993,1.43
218,3,1994,1.43
218,3,1995,1.42
218,3,1996,1.43
218,3,1997,1.42
218,3,1998,1.41
218,3,1999,1.42
218,3,2000,1.42
218,3,2001,1.38
218,3,2002,1.36
218,3,2003,1.28
218,3,2004,1.22
218,3,2005,1.17
218,3,2006,1.15
218,3,2007,1.1
218,3,2008,1.11
218,3,2009,1.13
218,3,2010,1.13
218,3,2011,1.13
218,3,2012,1.1
218,3,2013,1.06
218,3,2014,1.04
218,3,2015,1.05
218,3,2016,1.07
218,3,2017,1.11
218,3,2018,1.11
218,3,2019,1.12
218,3,2020,1.1
218,3,2021,1.12
218,3,2022,1.15
218,3,2023,1.13
298,3,1980,0.52
298,3,1981,0.51
298,3,1982,0.51
298,3,1983,0.5
298,3,1984,0.49
298,3,1985,0.49
298,3,1986,0.48
298,3,1987,0.47
298,3,1988,0.47
298,3,1989,0.47
298,3,1990,0.46
298,3,1991,0.45
298,3,1992,0.44
298,3,1993,0.44
298,3,1994,0.43
298,3,1995,0.41
298,3,1996,0.41
298,3,1997,0.4
298,3,1998,0.37
298,3,1999,0.39
298,3,2000,0.35
298,3,2001,0.33
298,3,2002,0.37
298,3,2003,0.39
298,3,2004,0.38
298,3,2005,0.37
298,3,2006,0.34
298,3,2007,0.32
298,3,2008,0.3
298,3,2009,0.28
298,3,2010,0.26
298,3,2011,0.24
298,3,2012,0.22
298,3,2013,0.2
298,3,2014,0.2
298,3,2015,0.2
298,3,2016,0.22
298,3,2017,0.26
298,3,2018,0.25
298,3,2019,0.25
298,3,2020,0.26
298,3,2021,0.28
298,3,2022,0.25
298,3,2023,0.24
305,3,1980,1.19
305,3,1981,1.21
305,3,1982,1.32
305,3,1983,1.32
305,3,1984,1.47
305,3,1985,1.31
305,3,1986,1.22
305,3,1987,1.37
305,3,1988,1.44
305,3,1989,1.53
305,3,1990,1.27
305,3,1991,1.31
305,3,1992,1.4
305,3,1993,1.39
305,3,1994,0.77
305,3,1995,0.56
305,3,1996,0.49
305,3,1997,0.4
305,3,1998,0.31
305,3,1999,0.28
305,3,2000,0.21
305,3,2001,0.17
305,3,2002,0.16
305,3,2003,0.15
305,3,2004,0.17
305,3,2005,0.15
305,3,2006,0.12
305,3,2007,0.11
305,3,2008,0.12
305,3,2009,0.13
305,3,2010,0.12
305,3,2011,0.1
305,3,2012,0.09
305,3,2013,0.1
305,3,2014,0.11
305,3,2015,0.1
305,3,2016,0.11
305,3,2017,0.1
305,3,2018,0.1
305,3,2019,0.1
305,3,2020,0.1
305,3,2021,0.1
305,3,2022,0.11
305,3,2023,0.11
320,3,1980,0.93
320,3,1981,0.89
320,3,1982,0.85
320,3,1983,0.81
320,3,1984,0.78
320,3,1985,0.74
320,3,1986,0.72
320,3,1987,0.69
320,3,1988,0.67
320,3,1989,0.65
320,3,1990,0.62
320,3,1991,0.58
320,3,1992,0.56
320,3,1993,0.54
320,3,1994,0.51
320,3,1995,0.48
320,3,1996,0.45
320,3,1997,0.44
320,3,1998,0.42
320,3,1999,0.4
320,3,2000,0.38
320,3,2001,0.41
320,3,2002,0.44
320,3,2003,0.45
320,3,2004,0.46
320,3,2005,0.44
320,3,2006,0.42
320,3,2007,0.4
320,3,2008,0.38
320,3,2009,0.35
320,3,2010,0.33
320,3,2011,0.28
320,3,2012,0.24
320,3,2013,0.21
320,3,2014,0.2
320,3,2015,0.19
320,3,2016,0.19
320,3,2017,0.19
320,3,2018,0.18
320,3,2019,0.18
320,3,2020,0.19
320,3,2021,0.21
320,3,2022,0.2
320,3,2023,0.2
349,3,1980,2.28
349,3,1981,2.3
349,3,1982,2.34
349,3,1983,2.32
349,3,1984,2.33
349,3,1985,2.11
349,3,1986,2.18
349,3,1987,2.21
349,3,1988,2.21
349,3,1989,2.32
349,3,1990,2.27
349,3,1991,2.22
349,3,1992,2.27
349,3,1993,2.22
349,3,1994,2.13
349,3,1995,2.08
349,3,1996,1.98
349,3,1997,1.85
349,3,1998,1.69
349,3,1999,1.55
349,3,2000,1.37
349,3,2001,1.41
349,3,2002,1.33
349,3,2003,1.27
349,3,2004,1.2
349,3,2005,1.09
349,3,2006,1.07
349,3,2007,1.07
349,3,2008,1.09
349,3,2009,1.08
349,3,2010,0.98
349,3,2011,1.08
349,3,2012,0.99
349,3,2013,0.99
349,3,2014,1.01
349,3,2015,1.05
349,3,2016,0.98
349,3,2017,0.98
349,3,2018,1.01
349,3,2019,0.95
349,3,2020,1.03
349,3,2021,1.04
349,3,2022,0.97
349,3,2023,0.92
351,3,1980,0.15
351,3,1981,0.14
351,3,1982,0.14
351,3,1983,0.14
351,3,1984,0.13
351,3,1985,0.13
351,3,1986,0.13
351,3,1987,0.13
351,3,1988,0.13
351,3,1989,0.13
351,3,1990,0.14
351,3,1991,0.14
351,3,1992,0.15
351,3,1993,0.15
351,3,1994,0.14
351,3,1995,0.57
351,3,1996,0.65
351,3,1997,0.36
351,3,1998,0.16
351,3,1999,0.35
351,3,2000,0.13
351,3,2001,0.07
351,3,2002,0.19
351,3,2003,0.28
351,3,2004,0.29
351,3,2005,0.26
351,3,2006,0.19
351,3,2007,0.2
351,3,2008,0.22
351,3,2009,0.24
351,3,2010,0.35
351,3,2011,0.17
351,3,2012,0.12
351,3,2013,0.05
351,3,2014,0.05
351,3,2015,0.05
351,3,2016,0.08
351,3,2017,0.36
351,3,2018,0.1
351,3,2019,0.06
351,3,2020,0.08
351,3,2021,0.06
351,3,2022,0.05
351,3,2023,0.05
367,3,1980,2.04
367,3,1981,2
367,3,1982,1.96
367,3,1983,1.94
367,3,1984,1.97
367,3,1985,1.93
367,3,1986,1.91
367,3,1987,1.93
367,3,1988,1.85
367,3,1989,1.8
367,3,1990,1.74
367,3,1991,1.7
367,3,1992,1.62
367,3,1993,1.56
367,3,1994,1.45
367,3,1995,1.36
367,3,1996,1.27
367,3,1997,1.15
367,3,1998,1.06
367,3,1999,0.97
367,3,2000,0.89
367,3,2001,0.84
367,3,2002,0.8
367,3,2003,0.78
367,3,2004,0.77
367,3,2005,0.76
367,3,2006,0.74
367,3,2007,0.74
367,3,2008,0.74
367,3,2009,0.73
367,3,2010,0.75
367,3,2011,0.72
367,3,2012,0.73
367,3,2013,0.73
367,3,2014,0.72
367,3,2015,0.71
367,3,2016,0.7
367,3,2017,0.69
367,3,2018,0.67
367,3,2019,0.66
367,3,2020,0.66
367,3,2021,0.65
367,3,2022,0.66
367,3,2023,0.66
369,3,1980,1.77
369,3,1981,1.72
369,3,1982,1.7
369,3,1983,1.64
369,3,1984,1.61
369,3,1985,1.56
369,3,1986,1.52
369,3,1987,1.49
369,3,1988,1.45
369,3,1989,1.44
369,3,1990,1.39
369,3,1991,1.38
369,3,1992,1.34
369,3,1993,1.31
369,3,1994,1.27
369,3,1995,1.23
369,3,1996,1.2
369,3,1997,1.18
369,3,1998,1.15
369,3,1999,1.13
369,3,2000,1.12
369,3,2001,1.08
369,3,2002,1.07
369,3,2003,1.04
369,3,2004,1.01
369,3,2005,0.98
369,3,2006,0.95
369,3,2007,0.94
369,3,2008,0.93
369,3,2009,0.9
369,3,2010,0.88
369,3,2011,0.87
369,3,2012,0.85
369,3,2013,0.84
369,3,2014,0.83
369,3,2015,0.82
369,3,2016,0.81
369,3,2017,0.81
369,3,2018,0.79
369,3,2019,0.78
369,3,2020,0.79
369,3,2021,0.85
369,3,2022,0.77
369,3,2023,0.76
374,3,1980,1.1
374,3,1981,1.07
374,3,1982,1.05
374,3,1983,1.02
374,3,1984,0.99
374,3,1985,0.96
374,3,1986,0.93
374,3,1987,0.9
374,3,1988,0.86
374,3,1989,0.83
374,3,1990,0.8
374,3,1991,0.74
374,3,1992,0.75
374,3,1993,0.72
374,3,1994,0.7
374,3,1995,0.67
374,3,1996,0.64
374,3,1997,0.63
374,3,1998,0.61
374,3,1999,0.6
374,3,2000,0.59
374,3,2001,0.58
374,3,2002,0.56
374,3,2003,0.54
374,3,2004,0.52
374,3,2005,0.5
374,3,2006,0.48
374,3,2007,0.46
374,3,2008,0.45
374,3,2009,0.43
374,3,2010,0.42
374,3,2011,0.41
374,3,2012,0.4
374,3,2013,0.4
374,3,2014,0.39
374,3,2015,0.38
374,3,2016,0.37
374,3,2017,0.36
374,3,2018,0.36
374,3,2019,0.36
374,3,2020,0.35
374,3,2021,0.37
374,3,2022,0.36
374,3,2023,0.36
376,3,1980,0.98
376,3,1981,0.94
376,3,1982,0.91
376,3,1983,0.88
376,3,1984,0.85
376,3,1985,0.82
376,3,1986,0.78
376,3,1987,0.74
376,3,1988,0.71
376,3,1989,0.68
376,3,1990,0.66
376,3,1991,0.63
376,3,1992,0.61
376,3,1993,0.59
376,3,1994,0.57
376,3,1995,0.55
376,3,1996,0.52
376,3,1997,0.49
376,3,1998,0.44
376,3,1999,0.61
376,3,2000,0.56
376,3,2001,0.55
376,3,2002,0.57
376,3,2003,0.58
376,3,2004,0.58
376,3,2005,0.57
376,3,2006,0.55
376,3,2007,0.52
376,3,2008,0.48
376,3,2009,0.46
376,3,2010,0.44
376,3,2011,0.4
376,3,2012,0.36
376,3,2013,0.33
376,3,2014,0.3
376,3,2015,0.27
376,3,2016,0.25
376,3,2017,0.23
376,3,2018,0.21
376,3,2019,0.19
376,3,2020,0.19
376,3,2021,0.17
376,3,2022,0.16
376,3,2023,0.16
380,3,1980,3.3
380,3,1981,3.22
380,3,1982,3.16
380,3,1983,3.09
380,3,1984,3
380,3,1985,2.92
380,3,1986,2.82
380,3,1987,2.76
380,3,1988,2.66
380,3,1989,2.59
380,3,1990,2.52
380,3,1991,2.46
380,3,1992,2.4
380,3,1993,2.33
380,3,1994,2.27
380,3,1995,2.23
380,3,1996,2.2
380,3,1997,2.19
380,3,1998,2.16
380,3,1999,2.16
380,3,2000,2.14
380,3,2001,2.1
380,3,2002,2.09
380,3,2003,2.08
380,3,2004,2.04
380,3,2005,1.99
380,3,2006,1.95
380,3,2007,1.91
380,3,2008,1.88
380,3,2009,1.85
380,3,2010,1.83
380,3,2011,1.83
380,3,2012,1.82
380,3,2013,1.81
380,3,2014,1.83
380,3,2015,1.83
380,3,2016,1.83
380,3,2017,1.82
380,3,2018,1.82
380,3,2019,1.81
380,3,2020,1.88
380,3,2021,1.96
380,3,2022,1.83
380,3,2023,1.84
385,3,1980,1.65
385,3,1981,1.77
385,3,1982,1.66
385,3,1983,1.58
385,3,1984,1.72
385,3,1985,1.64
385,3,1986,1.63
385,3,1987,2.13
385,3,1988,2.5
385,3,1989,2.87
385,3,1990,2.42
385,3,1991,2.5
385,3,1992,2.8
385,3,1993,2.75
385,3,1994,1.32
385,3,1995,0.92
385,3,1996,0.81
385,3,1997,0.63
385,3,1998,0.48
385,3,1999,0.43
385,3,2000,0.31
385,3,2001,0.25
385,3,2002,0.23
385,3,2003,0.2
385,3,2004,0.22
385,3,2005,0.21
385,3,2006,0.18
385,3,2007,0.16
385,3,2008,0.17
385,3,2009,0.18
385,3,2010,0.18
385,3,2011,0.15
385,3,2012,0.13
385,3,2013,0.16
385,3,2014,0.16
385,3,2015,0.14
385,3,2016,0.15
385,3,2017,0.14
385,3,2018,0.13
385,3,2019,0.1
385,3,2020,0.12
385,3,2021,0.11
385,3,2022,0.1
385,3,2023,0.09
393,3,1980,1.14
393,3,1981,1.25
393,3,1982,1.16
393,3,1983,1.07
393,3,1984,1.13
393,3,1985,0.94
393,3,1986,0.89
393,3,1987,0.95
393,3,1988,0.99
393,3,1989,1.01
393,3,1990,0.84
393,3,1991,0.84
393,3,1992,0.91
393,3,1993,0.93
393,3,1994,0.6
393,3,1995,0.5
393,3,1996,0.43
393,3,1997,0.31
393,3,1998,0.26
393,3,1999,0.25
393,3,2000,0.19
393,3,2001,0.16
393,3,2002,0.15
393,3,2003,0.14
393,3,2004,0.15
393,3,2005,0.14
393,3,2006,0.11
393,3,2007,0.1
393,3,2008,0.11
393,3,2009,0.12
393,3,2010,0.12
393,3,2011,0.11
393,3,2012,0.11
393,3,2013,0.12
393,3,2014,0.11
393,3,2015,0.11
393,3,2016,0.11
393,3,2017,0.11
393,3,2018,0.11
393,3,2019,0.1
393,3,2020,0.1
393,3,2021,0.1
393,3,2022,0.09
393,3,2023,0.09
396,3,1980,0.63
396,3,1981,0.6
396,3,1982,0.58
396,3,1983,0.57
396,3,1984,0.56
396,3,1985,0.53
396,3,1986,0.52
396,3,1987,0.5
396,3,1988,0.48
396,3,1989,0.47
396,3,1990,0.46
396,3,1991,0.46
396,3,1992,0.44
396,3,1993,0.43
396,3,1994,0.41
396,3,1995,0.41
396,3,1996,0.39
396,3,1997,0.37
396,3,1998,0.35
396,3,1999,0.34
396,3,2000,0.31
396,3,2001,0.3
396,3,2002,0.29
396,3,2003,0.28
396,3,2004,0.26
396,3,2005,0.25
396,3,2006,0.24
396,3,2007,0.23
396,3,2008,0.22
396,3,2009,0.21
396,3,2010,0.2
396,3,2011,0.19
396,3,2012,0.18
396,3,2013,0.18
396,3,2014,0.17
396,3,2015,0.17
396,3,2016,0.16
396,3,2017,0.17
396,3,2018,0.16
396,3,2019,0.16
396,3,2020,0.15
396,3,2021,0.18
396,3,2022,0.25
396,3,2023,0.18
413,3,1980,0.79
413,3,1981,0.77
413,3,1982,0.76
413,3,1983,0.73
413,3,1984,0.7
413,3,1985,0.67
413,3,1986,0.65
413,3,1987,0.62
413,3,1988,0.6
413,3,1989,0.58
413,3,1990,0.57
413,3,1991,0.56
413,3,1992,0.55
413,3,1993,0.53
413,3,1994,0.52
413,3,1995,0.5
413,3,1996,0.48
413,3,1997,0.47
413,3,1998,0.45
413,3,1999,0.44
413,3,2000,0.43
413,3,2001,0.41
413,3,2002,0.4
413,3,2003,0.38
413,3,2004,0.37
413,3,2005,0.35
413,3,2006,0.34
413,3,2007,0.33
413,3,2008,0.32
413,3,2009,0.31
413,3,2010,0.29
413,3,2011,0.28
413,3,2012,0.28
413,3,2013,0.27
413,3,2014,0.26
413,3,2015,0.25
413,3,2016,0.25
413,3,2017,0.24
413,3,2018,0.24
413,3,2019,0.23
413,3,2020,0.23
413,3,2021,0.25
413,3,2022,0.24
413,3,2023,0.24
416,3,1980,1.46
416,3,1981,1.49
416,3,1982,1.48
416,3,1983,1.45
416,3,1984,1.42
416,3,1985,1.39
416,3,1986,1.36
416,3,1987,1.32
416,3,1988,1.27
416,3,1989,1.24
416,3,1990,1.19
416,3,1991,1.11
416,3,1992,1.09
416,3,1993,1.07
416,3,1994,1.04
416,3,1995,1
416,3,1996,0.98
416,3,1997,0.96
416,3,1998,0.93
416,3,1999,0.92
416,3,2000,0.91
416,3,2001,0.89
416,3,2002,0.86
416,3,2003,0.83
416,3,2004,0.8
416,3,2005,0.76
416,3,2006,0.74
416,3,2007,0.71
416,3,2008,0.69
416,3,2009,0.68
416,3,2010,0.67
416,3,2011,0.66
416,3,2012,0.65
416,3,2013,0.65
416,3,2014,0.64
416,3,2015,0.63
416,3,2016,0.63
416,3,2017,0.6
416,3,2018,0.59
416,3,2019,0.62
416,3,2020,0.59
416,3,2021,0.62
416,3,2022,0.59
416,3,2023,0.63
422,3,1980,1.36
422,3,1981,1.3
422,3,1982,1.24
422,3,1983,1.17
422,3,1984,1.15
422,3,1985,1.11
422,3,1986,1.1
422,3,1987,1.11
422,3,1988,1.12
422,3,1989,1.11
422,3,1990,1.01
422,3,1991,0.96
422,3,1992,0.92
422,3,1993,0.89
422,3,1994,0.85
422,3,1995,0.79
422,3,1996,0.68
422,3,1997,0.58
422,3,1998,0.46
422,3,1999,0.44
422,3,2000,0.34
422,3,2001,0.28
422,3,2002,0.25
422,3,2003,0.23
422,3,2004,0.25
422,3,2005,0.24
422,3,2006,0.19
422,3,2007,0.17
422,3,2008,0.18
422,3,2009,0.21
422,3,2010,0.2
422,3,2011,0.17
422,3,2012,0.16
422,3,2013,0.16
422,3,2014,0.17
422,3,2015,0.18
422,3,2016,0.19
422,3,2017,0.17
422,3,2018,0.17
422,3,2019,0.19
422,3,2020,0.19
422,3,2021,0.17
422,3,2022,0.15
422,3,2023,0.15
435,3,1980,7.05
435,3,1981,7.01
435,3,1982,7.04
435,3,1983,6.97
435,3,1984,6.89
435,3,1985,7.45
435,3,1986,7.45
435,3,1987,7.3
435,3,1988,7.15
435,3,1989,7.22
435,3,1990,6.71
435,3,1991,6.67
435,3,1992,6.74
435,3,1993,6.66
435,3,1994,6.59
435,3,1995,6.72
435,3,1996,6.53
435,3,1997,5.98
435,3,1998,5.82
435,3,1999,5.68
435,3,2000,5.6
435,3,2001,5.25
435,3,2002,5.08
435,3,2003,5.06
435,3,2004,5.02
435,3,2005,4.84
435,3,2006,4.97
435,3,2007,4.89
435,3,2008,4.78
435,3,2009,4.7
435,3,2010,4.65
435,3,2011,4.61
435,3,2012,4.63
435,3,2013,4.69
435,3,2014,4.79
435,3,2015,4.79
435,3,2016,4.79
435,3,2017,4.77
435,3,2018,4.79
435,3,2019,4.75
435,3,2020,4.84
435,3,2021,4.69
435,3,2022,5.06
435,3,2023,5.09
522,3,1980,4.73
522,3,1981,4.64
522,3,1982,4.58
522,3,1983,4.41
522,3,1984,4.23
522,3,1985,4.16
522,3,1986,4.09
522,3,1987,4
522,3,1988,3.94
522,3,1989,3.91
522,3,1990,3.75
522,3,1991,3.74
522,3,1992,3.74
522,3,1993,3.64
522,3,1994,3.53
522,3,1995,3.4
522,3,1996,3.3
522,3,1997,3.17
522,3,1998,3.05
522,3,1999,2.91
522,3,2000,2.83
522,3,2001,2.71
522,3,2002,2.6
522,3,2003,2.47
522,3,2004,2.39
522,3,2005,2.29
522,3,2006,2.21
522,3,2007,2.12
522,3,2008,2.04
522,3,2009,1.95
522,3,2010,1.85
522,3,2011,1.79
522,3,2012,1.73
522,3,2013,1.66
522,3,2014,1.63
522,3,2015,1.54
522,3,2016,1.49
522,3,2017,1.44
522,3,2018,1.42
522,3,2019,1.39
522,3,2020,1.39
522,3,2021,1.35
522,3,2022,1.29
522,3,2023,1.24
