location,sex,year,falls_deaths_rate_age_standardized
6,3,1980,10.99
6,3,1981,10.63
6,3,1982,10.27
6,3,1983,9.91
6,3,1984,9.58
6,3,1985,9.26
6,3,1986,9
6,3,1987,8.81
6,3,1988,8.76
6,3,1989,8.76
6,3,1990,8.71
6,3,1991,8.56
6,3,1992,8.45
6,3,1993,8.34
6,3,1994,8.24
6,3,1995,8.17
6,3,1996,8.13
6,3,1997,8.17
6,3,1998,8.24
6,3,1999,8.41
6,3,2000,8.64
6,3,2001,8.98
6,3,2002,9.21
6,3,2003,9.36
6,3,2004,9.35
6,3,2005,9.31
6,3,2006,9.31
6,3,2007,9.17
6,3,2008,8.81
6,3,2009,8.45
6,3,2010,8.07
6,3,2011,7.74
6,3,2012,7.62
6,3,2013,7.37
6,3,2014,7.35
6,3,2015,7.52
6,3,2016,7.85
6,3,2017,7.97
6,3,2018,7.67
6,3,2019,7.12
6,3,2020,6.81
6,3,2021,7.3
6,3,2022,7.42
6,3,2023,7.12
7,3,1980,7.46
7,3,1981,7.31
7,3,1982,7.17
7,3,1983,7.05
7,3,1984,6.96
7,3,1985,6.89
7,3,1986,6.82
7,3,1987,6.75
7,3,1988,6.71
7,3,1989,6.72
7,3,1990,6.73
7,3,1991,6.79
7,3,1992,6.84
7,3,1993,6.89
7,3,1994,6.93
7,3,1995,6.95
7,3,1996,6.98
7,3,1997,7
7,3,1998,7.05
7,3,1999,7.13
7,3,2000,7.2
7,3,2001,7.3
7,3,2002,7.39
7,3,2003,7.55
7,3,2004,7.71
7,3,2005,7.86
7,3,2006,7.96
7,3,2007,8.02
7,3,2008,8.06
7,3,2009,8.09
7,3,2010,8.14
7,3,2011,8.19
7,3,2012,8.32
7,3,2013,8.29
7,3,2014,8.35
7,3,2015,8.42
7,3,2016,8.53
7,3,2017,8.61
7,3,2018,8.78
7,3,2019,8.91
7,3,2020,8.99
7,3,2021,9.13
7,3,2022,9.35
7,3,2023,9.35
8,3,1980,8.61
8,3,1981,7.84
8,3,1982,7.56
8,3,1983,7.08
8,3,1984,7.22
8,3,1985,7.4
8,3,1986,7.29
8,3,1987,7.34
8,3,1988,7.43
8,3,1989,7.51
8,3,1990,7.15
8,3,1991,7.03
8,3,1992,6.49
8,3,1993,6.24
8,3,1994,6.75
8,3,1995,6.84
8,3,1996,6.88
8,3,1997,6.65
8,3,1998,6.55
8,3,1999,6.81
8,3,2000,6.94
8,3,2001,6.21
8,3,2002,5.65
8,3,2003,5.68
8,3,2004,5.85
8,3,2005,5.87
8,3,2006,5.7
8,3,2007,5.67
8,3,2008,5.93
8,3,2009,5.77
8,3,2010,5.82
8,3,2011,5.9
8,3,2012,6.13
8,3,2013,6.28
8,3,2014,6.51
8,3,2015,6.58
8,3,2016,6.65
8,3,2017,6.58
8,3,2018,6.43
8,3,2019,6.26
8,3,2020,6.13
8,3,2021,6.27
8,3,2022,6.36
8,3,2023,6.36
10,3,1980,20.01
10,3,1981,19.83
10,3,1982,19.65
10,3,1983,19.5
10,3,1984,19.25
10,3,1985,19.06
10,3,1986,18.93
10,3,1987,18.75
10,3,1988,18.68
10,3,1989,18.57
10,3,1990,18.47
10,3,1991,18.45
10,3,1992,18.38
10,3,1993,18.21
10,3,1994,17.96
10,3,1995,17.7
10,3,1996,17.29
10,3,1997,16.9
10,3,1998,16.71
10,3,1999,16.21
10,3,2000,15.69
10,3,2001,15.62
10,3,2002,15.49
10,3,2003,15.13
10,3,2004,14.96
10,3,2005,14.86
10,3,2006,14.52
10,3,2007,14.55
10,3,2008,14.43
10,3,2009,14.34
10,3,2010,14.34
10,3,2011,14.28
10,3,2012,14.39
10,3,2013,14.46
10,3,2014,14.44
10,3,2015,14.52
10,3,2016,14.59
10,3,2017,14.42
10,3,2018,14.43
10,3,2019,14.57
10,3,2020,14.85
10,3,2021,14.28
10,3,2022,14.57
10,3,2023,14.97
11,3,1980,10.78
11,3,1981,10.58
11,3,1982,10.38
11,3,1983,10.16
11,3,1984,9.94
11,3,1985,9.74
11,3,1986,9.58
11,3,1987,9.43
11,3,1988,9.33
11,3,1989,9.25
11,3,1990,9.18
11,3,1991,9.12
11,3,1992,9.08
11,3,1993,9.04
11,3,1994,8.97
11,3,1995,8.9
11,3,1996,8.84
11,3,1997,8.8
11,3,1998,8.7
11,3,1999,8.65
11,3,2000,8.64
11,3,2001,8.56
11,3,2002,8.58
11,3,2003,8.55
11,3,2004,9.1
11,3,2005,8.65
11,3,2006,8.78
11,3,2007,8.91
11,3,2008,8.6
11,3,2009,8.42
11,3,2010,8.27
11,3,2011,8.17
11,3,2012,8.45
11,3,2013,8.57
11,3,2014,8.7
11,3,2015,8.66
11,3,2016,8.66
11,3,2017,8.7
11,3,2018,8.75
11,3,2019,8.79
11,3,2020,9.12
11,3,2021,9.56
11,3,2022,8.91
11,3,2023,9.07
12,3,1980,8.85
12,3,1981,8.76
12,3,1982,8.68
12,3,1983,8.6
12,3,1984,8.55
12,3,1985,8.51
12,3,1986,8.49
12,3,1987,8.5
12,3,1988,8.53
12,3,1989,8.6
12,3,1990,8.71
12,3,1991,8.8
12,3,1992,8.93
12,3,1993,9.08
12,3,1994,9.19
12,3,1995,9.16
12,3,1996,9.19
12,3,1997,9.21
12,3,1998,9.26
12,3,1999,9.23
12,3,2000,9.1
12,3,2001,9.06
12,3,2002,9.02
12,3,2003,9.02
12,3,2004,8.99
12,3,2005,9
12,3,2006,9.02
12,3,2007,9.12
12,3,2008,9.23
12,3,2009,9.41
12,3,2010,9.56
12,3,2011,9.79
12,3,2012,9.86
12,3,2013,10.07
12,3,2014,10.21
12,3,2015,10.4
12,3,2016,10.45
12,3,2017,10.51
12,3,2018,10.51
12,3,2019,10.56
12,3,2020,10.75
12,3,2021,10.71
12,3,2022,11.33
12,3,2023,11.5
13,3,1980,8.87
13,3,1981,8.78
13,3,1982,8.7
13,3,1983,8.68
13,3,1984,8.44
13,3,1985,8.15
13,3,1986,7.79
13,3,1987,7.58
13,3,1988,7.53
13,3,1989,7.61
13,3,1990,7.67
13,3,1991,7.67
13,3,1992,7.62
13,3,1993,7.6
13,3,1994,7.65
13,3,1995,7.59
13,3,1996,7.52
13,3,1997,7.39
13,3,1998,7.45
13,3,1999,7.42
13,3,2000,7.48
13,3,2001,7.36
13,3,2002,7.27
13,3,2003,7.05
13,3,2004,6.81
13,3,2005,6.59
13,3,2006,6.41
13,3,2007,6.27
13,3,2008,6.15
13,3,2009,6.09
13,3,2010,6.09
13,3,2011,6.04
13,3,2012,6.03
13,3,2013,6.1
13,3,2014,6.1
13,3,2015,6.1
13,3,2016,6.13
13,3,2017,6.14
13,3,2018,6.16
13,3,2019,6.06
13,3,2020,5.96
13,3,2021,6.09
13,3,2022,6.71
13,3,2023,6.57
14,3,1980,8.87
14,3,1981,8.83
14,3,1982,8.86
14,3,1983,8.87
14,3,1984,8.89
14,3,1985,8.86
14,3,1986,8.9
14,3,1987,8.85
14,3,1988,8.76
14,3,1989,8.79
14,3,1990,8.8
14,3,1991,8.9
14,3,1992,8.91
14,3,1993,8.84
14,3,1994,8.66
14,3,1995,8.51
14,3,1996,8.49
14,3,1997,8.37
14,3,1998,8.26
14,3,1999,7.97
14,3,2000,7.96
14,3,2001,7.99
14,3,2002,7.97
14,3,2003,8.05
14,3,2004,8.21
14,3,2005,8.13
14,3,2006,8.23
14,3,2007,8.3
14,3,2008,8.32
14,3,2009,8.31
14,3,2010,8.29
14,3,2011,8.3
14,3,2012,8.23
14,3,2013,8.21
14,3,2014,8.18
14,3,2015,8.23
14,3,2016,8.29
14,3,2017,8.46
14,3,2018,8.55
14,3,2019,8.71
14,3,2020,8.8
14,3,2021,9.05
14,3,2022,9.42
14,3,2023,9.88
15,3,1980,21.48
15,3,1981,21.05
15,3,1982,20.59
15,3,1983,20.16
15,3,1984,19.72
15,3,1985,19.29
15,3,1986,19.04
15,3,1987,18.86
15,3,1988,18.75
15,3,1989,18.68
15,3,1990,18.75
15,3,1991,18.96
15,3,1992,18.97
15,3,1993,18.97
15,3,1994,18.87
15,3,1995,18.8
15,3,1996,18.65
15,3,1997,18.57
15,3,1998,18.57
15,3,1999,18.36
15,3,2000,18.22
15,3,2001,18.01
15,3,2002,17.8
15,3,2003,17.57
15,3,2004,17.36
15,3,2005,17.24
15,3,2006,16.97
15,3,2007,16.74
15,3,2008,17.92
15,3,2009,16.44
15,3,2010,16.34
15,3,2011,16.35
15,3,2012,16.12
15,3,2013,16.2
15,3,2014,16.39
15,3,2015,16.36
15,3,2016,16.43
15,3,2017,16.45
15,3,2018,16.37
15,3,2019,16.54
15,3,2020,17.04
15,3,2021,18.29
15,3,2022,17.27
15,3,2023,17.59
16,3,1980,6.58
16,3,1981,6.84
16,3,1982,6.75
16,3,1983,6.75
16,3,1984,6.81
16,3,1985,6.8
16,3,1986,6.83
16,3,1987,6.78
16,3,1988,6.66
16,3,1989,6.52
16,3,1990,6.41
16,3,1991,6.37
16,3,1992,6.41
16,3,1993,6.48
16,3,1994,6.56
16,3,1995,6.61
16,3,1996,6.66
16,3,1997,6.61
16,3,1998,6.55
16,3,1999,6.52
16,3,2000,6.51
16,3,2001,6.56
16,3,2002,6.57
16,3,2003,6.47
16,3,2004,6.41
16,3,2005,6.5
16,3,2006,6.49
16,3,2007,6.45
16,3,2008,6.56
16,3,2009,6.69
16,3,2010,6.73
16,3,2011,6.8
16,3,2012,6.96
16,3,2013,7.07
16,3,2014,7.15
16,3,2015,7.31
16,3,2016,7.52
16,3,2017,7.62
16,3,2018,7.61
16,3,2019,7.56
16,3,2020,7.33
16,3,2021,8.7
16,3,2022,8.37
16,3,2023,7.79
17,3,1980,11.09
17,3,1981,11.06
17,3,1982,11.12
17,3,1983,11.18
17,3,1984,11.34
17,3,1985,11.43
17,3,1986,11.5
17,3,1987,11.56
17,3,1988,11.83
17,3,1989,11.73
17,3,1990,11.91
17,3,1991,11.77
17,3,1992,11.56
17,3,1993,11.69
17,3,1994,11.85
17,3,1995,11.88
17,3,1996,12.31
17,3,1997,12.05
17,3,1998,12.07
17,3,1999,11.81
17,3,2000,11.52
17,3,2001,11.41
17,3,2002,11.02
17,3,2003,10.4
17,3,2004,10.81
17,3,2005,9.51
17,3,2006,9.31
17,3,2007,9.23
17,3,2008,8.97
17,3,2009,8.89
17,3,2010,8.74
17,3,2011,8.51
17,3,2012,8.33
17,3,2013,8.24
17,3,2014,8.24
17,3,2015,8.18
17,3,2016,8.13
17,3,2017,8.22
17,3,2018,8.22
17,3,2019,8.07
17,3,2020,8.28
17,3,2021,8.13
17,3,2022,9.16
17,3,2023,9.56
18,3,1980,8.93
18,3,1981,8.72
18,3,1982,8.62
18,3,1983,8.36
18,3,1984,7.83
18,3,1985,7.45
18,3,1986,7.36
18,3,1987,7.47
18,3,1988,7.61
18,3,1989,7.81
18,3,1990,7.97
18,3,1991,8.2
18,3,1992,8.48
18,3,1993,8.69
18,3,1994,9.04
18,3,1995,9.24
18,3,1996,8.68
18,3,1997,7.82
18,3,1998,8.06
18,3,1999,9.12
18,3,2000,9.66
18,3,2001,9.93
18,3,2002,10
18,3,2003,9.99
18,3,2004,9.98
18,3,2005,9.89
18,3,2006,9.11
18,3,2007,8.62
18,3,2008,8.17
18,3,2009,7.73
18,3,2010,7.57
18,3,2011,7.32
18,3,2012,7.07
18,3,2013,6.93
18,3,2014,6.79
18,3,2015,6.75
18,3,2016,6.63
18,3,2017,6.26
18,3,2018,5.98
18,3,2019,6.02
18,3,2020,5.97
18,3,2021,6.05
18,3,2022,6.46
18,3,2023,6.33
19,3,1980,12.84
19,3,1981,12.68
19,3,1982,12.48
19,3,1983,12.24
19,3,1984,12.05
19,3,1985,11.91
19,3,1986,11.74
19,3,1987,11.61
19,3,1988,11.43
19,3,1989,11.33
19,3,1990,11.25
19,3,1991,11.12
19,3,1992,11.05
19,3,1993,11
19,3,1994,10.86
19,3,1995,10.7
19,3,1996,10.57
19,3,1997,10.38
19,3,1998,10.26
19,3,1999,10.09
19,3,2000,10.12
19,3,2001,9.99
19,3,2002,9.71
19,3,2003,9.85
19,3,2004,9.42
19,3,2005,9.52
19,3,2006,9.47
19,3,2007,9.49
19,3,2008,9.34
19,3,2009,9.54
19,3,2010,9.5
19,3,2011,9.93
19,3,2012,10.09
19,3,2013,10
19,3,2014,9.89
19,3,2015,9.83
19,3,2016,9.81
19,3,2017,9.86
19,3,2018,9.84
19,3,2019,9.81
19,3,2020,10.01
19,3,2021,9.91
19,3,2022,9.8
19,3,2023,10.03
20,3,1980,18.58
20,3,1981,18.3
20,3,1982,17.97
20,3,1983,17.58
20,3,1984,17.23
20,3,1985,16.94
20,3,1986,16.71
20,3,1987,16.51
20,3,1988,16.42
20,3,1989,16.39
20,3,1990,16.35
20,3,1991,16.33
20,3,1992,16.25
20,3,1993,16.09
20,3,1994,15.88
20,3,1995,15.63
20,3,1996,15.35
20,3,1997,15.09
20,3,1998,14.9
20,3,1999,14.62
20,3,2000,14.43
20,3,2001,14.3
20,3,2002,14.23
20,3,2003,14.16
20,3,2004,14.09
20,3,2005,13.99
20,3,2006,13.88
20,3,2007,13.83
20,3,2008,13.82
20,3,2009,13.9
20,3,2010,14.02
20,3,2011,14.13
20,3,2012,14.23
20,3,2013,14.29
20,3,2014,14.47
20,3,2015,14.59
20,3,2016,14.74
20,3,2017,14.74
20,3,2018,14.71
20,3,2019,14.72
20,3,2020,14.8
20,3,2021,14.42
20,3,2022,14.64
20,3,2023,15.17
22,3,1980,5
22,3,1981,4.78
22,3,1982,4.72
22,3,1983,4.69
22,3,1984,4.72
22,3,1985,4.6
22,3,1986,4.49
22,3,1987,4.52
22,3,1988,4.55
22,3,1989,4.57
22,3,1990,4.6
22,3,1991,4.63
22,3,1992,4.67
22,3,1993,4.65
22,3,1994,4.63
22,3,1995,4.59
22,3,1996,4.52
22,3,1997,4.48
22,3,1998,4.52
22,3,1999,4.5
22,3,2000,4.44
22,3,2001,4.5
22,3,2002,4.61
22,3,2003,4.66
22,3,2004,4.8
22,3,2005,4.9
22,3,2006,5.03
22,3,2007,5.12
22,3,2008,5.12
22,3,2009,5.26
22,3,2010,5.34
22,3,2011,5.43
22,3,2012,5.48
22,3,2013,5.41
22,3,2014,5.38
22,3,2015,5.37
22,3,2016,5.35
22,3,2017,5.29
22,3,2018,5.26
22,3,2019,5.2
22,3,2020,5.24
22,3,2021,5.21
22,3,2022,5.42
22,3,2023,5.62
23,3,1980,1.46
23,3,1981,1.44
23,3,1982,1.41
23,3,1983,1.38
23,3,1984,1.35
23,3,1985,1.33
23,3,1986,1.31
23,3,1987,1.3
23,3,1988,1.28
23,3,1989,1.28
23,3,1990,1.27
23,3,1991,1.27
23,3,1992,1.25
23,3,1993,1.27
23,3,1994,1.31
23,3,1995,1.36
23,3,1996,1.36
23,3,1997,1.36
23,3,1998,1.36
23,3,1999,1.38
23,3,2000,1.39
23,3,2001,1.39
23,3,2002,1.39
23,3,2003,1.38
23,3,2004,1.37
23,3,2005,1.37
23,3,2006,1.37
23,3,2007,1.37
23,3,2008,1.37
23,3,2009,1.37
23,3,2010,1.37
23,3,2011,1.36
23,3,2012,1.34
23,3,2013,1.33
23,3,2014,1.32
23,3,2015,1.3
23,3,2016,1.29
23,3,2017,1.29
23,3,2018,1.32
23,3,2019,1.27
23,3,2020,1.28
23,3,2021,1.32
23,3,2022,1.31
23,3,2023,1.33
24,3,1980,11.69
24,3,1981,11.52
24,3,1982,11.33
24,3,1983,10.97
24,3,1984,10.78
24,3,1985,10.65
24,3,1986,10.52
24,3,1987,10.44
24,3,1988,10.35
24,3,1989,10.28
24,3,1990,10.22
24,3,1991,10.23
24,3,1992,10.21
24,3,1993,10.22
24,3,1994,10.38
24,3,1995,10.31
24,3,1996,10.26
24,3,1997,10.21
24,3,1998,10.19
24,3,1999,10.16
24,3,2000,10.3
24,3,2001,10.17
24,3,2002,10.25
24,3,2003,10.37
24,3,2004,10.48
24,3,2005,10.52
24,3,2006,10.54
24,3,2007,10.58
24,3,2008,10.64
24,3,2009,10.69
24,3,2010,10.71
24,3,2011,10.73
24,3,2012,10.76
24,3,2013,10.79
24,3,2014,10.76
24,3,2015,10.72
24,3,2016,10.72
24,3,2017,10.71
24,3,2018,10.64
24,3,2019,10.56
24,3,2020,10.73
24,3,2021,11.29
24,3,2022,11.14
24,3,2023,11.33
25,3,1980,23.49
25,3,1981,23.02
25,3,1982,22.57
25,3,1983,22.14
25,3,1984,21.78
25,3,1985,21.38
25,3,1986,21.01
25,3,1987,20.7
25,3,1988,20.44
25,3,1989,20.16
25,3,1990,19.83
25,3,1991,19.57
25,3,1992,19.21
25,3,1993,19
25,3,1994,18.79
25,3,1995,18.55
25,3,1996,18.34
25,3,1997,18.16
25,3,1998,17.98
25,3,1999,17.76
25,3,2000,18.12
25,3,2001,17.48
25,3,2002,17.48
25,3,2003,17.17
25,3,2004,16.95
25,3,2005,16.77
25,3,2006,16.54
25,3,2007,16.3
25,3,2008,16.03
25,3,2009,15.81
25,3,2010,15.63
25,3,2011,15.56
25,3,2012,15.47
25,3,2013,15.36
25,3,2014,15.2
25,3,2015,14.97
25,3,2016,14.86
25,3,2017,14.75
25,3,2018,14.53
25,3,2019,13.96
25,3,2020,14.04
25,3,2021,14.95
25,3,2022,13.56
25,3,2023,13.63
26,3,1980,10.43
26,3,1981,10.25
26,3,1982,9.99
26,3,1983,9.78
26,3,1984,9.58
26,3,1985,9.42
26,3,1986,9.31
26,3,1987,9.19
26,3,1988,9.12
26,3,1989,9.09
26,3,1990,9.06
26,3,1991,9.08
26,3,1992,9.09
26,3,1993,9.13
26,3,1994,9.15
26,3,1995,9.11
26,3,1996,9.17
26,3,1997,9.08
26,3,1998,9.02
26,3,1999,9.11
26,3,2000,9.11
26,3,2001,9.04
26,3,2002,9.05
26,3,2003,9.04
26,3,2004,9.02
26,3,2005,9.04
26,3,2006,9.05
26,3,2007,9.2
26,3,2008,9.18
26,3,2009,9.12
26,3,2010,9.34
26,3,2011,9.4
26,3,2012,9.36
26,3,2013,9.1
26,3,2014,9.08
26,3,2015,9.19
26,3,2016,8.94
26,3,2017,8.9
26,3,2018,8.78
26,3,2019,8.91
26,3,2020,8.81
26,3,2021,8.78
26,3,2022,9.34
26,3,2023,9.59
27,3,1980,5.45
27,3,1981,5.38
27,3,1982,5.31
27,3,1983,5.2
27,3,1984,4.95
27,3,1985,4.9
27,3,1986,4.85
27,3,1987,4.82
27,3,1988,4.8
27,3,1989,4.81
27,3,1990,4.83
27,3,1991,4.88
27,3,1992,4.93
27,3,1993,4.98
27,3,1994,5.03
27,3,1995,5.08
27,3,1996,5.13
27,3,1997,5.18
27,3,1998,5.25
27,3,1999,5.33
27,3,2000,5.38
27,3,2001,5.42
27,3,2002,5.46
27,3,2003,5.5
27,3,2004,5.53
27,3,2005,5.55
27,3,2006,5.54
27,3,2007,5.53
27,3,2008,5.5
27,3,2009,5.5
27,3,2010,5.45
27,3,2011,5.42
27,3,2012,5.37
27,3,2013,5.34
27,3,2014,5.28
27,3,2015,5.23
27,3,2016,5.2
27,3,2017,5.18
27,3,2018,5.17
27,3,2019,5.24
27,3,2020,5.22
27,3,2021,5.56
27,3,2022,5.56
27,3,2023,5.78
28,3,1980,11.15
28,3,1981,10.95
28,3,1982,10.74
28,3,1983,10.51
28,3,1984,10.27
28,3,1985,10.1
28,3,1986,9.99
28,3,1987,9.85
28,3,1988,9.71
28,3,1989,9.65
28,3,1990,9.54
28,3,1991,9.67
28,3,1992,9.45
28,3,1993,9.42
28,3,1994,9.39
28,3,1995,9.13
28,3,1996,9.03
28,3,1997,9.06
28,3,1998,9
28,3,1999,8.83
28,3,2000,8.92
28,3,2001,8.68
28,3,2002,8.59
28,3,2003,8.53
28,3,2004,8.44
28,3,2005,8.56
28,3,2006,8.71
28,3,2007,8.51
28,3,2008,8.36
28,3,2009,8.76
28,3,2010,8.63
28,3,2011,9.25
28,3,2012,9.46
28,3,2013,9.61
28,3,2014,9.91
28,3,2015,9.94
28,3,2016,9.71
28,3,2017,9.73
28,3,2018,9.66
28,3,2019,9.74
28,3,2020,9.89
28,3,2021,9.95
28,3,2022,10.43
28,3,2023,10.56
29,3,1980,4.67
29,3,1981,4.6
29,3,1982,4.5
29,3,1983,4.42
29,3,1984,4.3
29,3,1985,4.21
29,3,1986,4.14
29,3,1987,4.09
29,3,1988,4.06
29,3,1989,4.07
29,3,1990,4.08
29,3,1991,4.12
29,3,1992,4.17
29,3,1993,4.18
29,3,1994,4.18
29,3,1995,4.21
29,3,1996,4.21
29,3,1997,4.14
29,3,1998,4.06
29,3,1999,4.07
29,3,2000,4.09
29,3,2001,4.07
29,3,2002,4.06
29,3,2003,4.06
29,3,2004,4.1
29,3,2005,4.11
29,3,2006,4.1
29,3,2007,4.07
29,3,2008,4.05
29,3,2009,4.21
29,3,2010,4.06
29,3,2011,4.06
29,3,2012,4.08
29,3,2013,4.1
29,3,2014,4.1
29,3,2015,4.1
29,3,2016,4.11
29,3,2017,4.09
29,3,2018,4.08
29,3,2019,4.06
29,3,2020,4.14
29,3,2021,4.35
29,3,2022,4.31
29,3,2023,4.44
30,3,1980,6
30,3,1981,5.88
30,3,1982,5.81
30,3,1983,5.57
30,3,1984,5.44
30,3,1985,5.35
30,3,1986,5.29
30,3,1987,5.22
30,3,1988,5.2
30,3,1989,5.17
30,3,1990,5.21
30,3,1991,5.38
30,3,1992,5.48
30,3,1993,5.52
30,3,1994,5.68
30,3,1995,5.52
30,3,1996,5.53
30,3,1997,5.47
30,3,1998,5.43
30,3,1999,5.46
30,3,2000,5.22
30,3,2001,5.26
30,3,2002,4.93
30,3,2003,4.69
30,3,2004,4.67
30,3,2005,4.89
30,3,2006,4.95
30,3,2007,5.1
30,3,2008,5.18
30,3,2009,5.13
30,3,2010,5.13
30,3,2011,5.24
30,3,2012,5.26
30,3,2013,5.32
30,3,2014,5.37
30,3,2015,5.37
30,3,2016,5.39
30,3,2017,5.38
30,3,2018,5.34
30,3,2019,5.28
30,3,2020,5.28
30,3,2021,5.23
30,3,2022,5.35
30,3,2023,5.45
33,3,1980,5.17
33,3,1981,5.1
33,3,1982,4.93
33,3,1983,5.01
33,3,1984,5.27
33,3,1985,5.43
33,3,1986,5.48
33,3,1987,5.62
33,3,1988,4.98
33,3,1989,6.5
33,3,1990,6.78
33,3,1991,6.93
33,3,1992,7.17
33,3,1993,7.37
33,3,1994,6.2
33,3,1995,5.55
33,3,1996,4.76
33,3,1997,4.16
33,3,1998,3.63
33,3,1999,3.37
33,3,2000,3.17
33,3,2001,3.1
33,3,2002,3.17
33,3,2003,3.34
33,3,2004,3.28
33,3,2005,3.04
33,3,2006,2.96
33,3,2007,3.03
33,3,2008,3.01
33,3,2009,2.96
33,3,2010,3.06
33,3,2011,3.27
33,3,2012,3.43
33,3,2013,3.43
33,3,2014,3.24
33,3,2015,2.96
33,3,2016,2.91
33,3,2017,2.86
33,3,2018,2.84
33,3,2019,3.32
33,3,2020,3.78
33,3,2021,4.01
33,3,2022,3.64
33,3,2023,3.44
34,3,1980,4.74
34,3,1981,4.53
34,3,1982,4.42
34,3,1983,4.38
34,3,1984,4.37
34,3,1985,4.39
34,3,1986,4.42
34,3,1987,4.42
34,3,1988,4.38
34,3,1989,4.35
34,3,1990,4.33
34,3,1991,4.29
34,3,1992,4.17
34,3,1993,4.16
34,3,1994,4
34,3,1995,4
34,3,1996,3.87
34,3,1997,3.61
34,3,1998,3.36
34,3,1999,3.15
34,3,2000,2.96
34,3,2001,2.8
34,3,2002,2.73
34,3,2003,2.73
34,3,2004,2.75
34,3,2005,2.77
34,3,2006,2.79
34,3,2007,2.77
34,3,2008,2.73
34,3,2009,2.72
34,3,2010,2.74
34,3,2011,2.78
34,3,2012,2.84
34,3,2013,2.85
34,3,2014,2.86
34,3,2015,2.87
34,3,2016,2.87
34,3,2017,2.84
34,3,2018,2.82
34,3,2019,2.91
34,3,2020,3.03
34,3,2021,2.96
34,3,2022,2.94
34,3,2023,3.46
35,3,1980,8.1
35,3,1981,7.83
35,3,1982,7.97
35,3,1983,7.97
35,3,1984,8.22
35,3,1985,8.27
35,3,1986,8.71
35,3,1987,8.84
35,3,1988,8.65
35,3,1989,8.77
35,3,1990,8.55
35,3,1991,8.81
35,3,1992,9.38
35,3,1993,8.16
35,3,1994,7.08
35,3,1995,6.67
35,3,1996,6.44
35,3,1997,5.8
35,3,1998,4.44
35,3,1999,4.12
35,3,2000,4.09
35,3,2001,4.14
35,3,2002,4.79
35,3,2003,5.37
35,3,2004,5.33
35,3,2005,5.74
35,3,2006,5.6
35,3,2007,5.7
35,3,2008,5.92
35,3,2009,6
35,3,2010,6.91
35,3,2011,9.48
35,3,2012,10.24
35,3,2013,9.24
35,3,2014,8.43
35,3,2015,7.41
35,3,2016,7.57
35,3,2017,8.24
35,3,2018,8.92
35,3,2019,9.99
35,3,2020,10.86
35,3,2021,11.38
35,3,2022,11.28
35,3,2023,10.78
36,3,1980,6.94
36,3,1981,6.76
36,3,1982,6.49
36,3,1983,6.42
36,3,1984,6.46
36,3,1985,6.22
36,3,1986,6.19
36,3,1987,6.18
36,3,1988,6.12
36,3,1989,6.52
36,3,1990,6.68
36,3,1991,6.39
36,3,1992,6.23
36,3,1993,5.78
36,3,1994,5.73
36,3,1995,5.86
36,3,1996,5.56
36,3,1997,5.1
36,3,1998,4.83
36,3,1999,4.77
36,3,2000,4.79
36,3,2001,4.74
36,3,2002,4.8
36,3,2003,5.27
36,3,2004,5.73
36,3,2005,6.14
36,3,2006,6.01
36,3,2007,5.71
36,3,2008,5.43
36,3,2009,5.09
36,3,2010,5.32
36,3,2011,5.71
36,3,2012,5.61
36,3,2013,5.46
36,3,2014,5.37
36,3,2015,5.04
36,3,2016,4.98
36,3,2017,4.89
36,3,2018,5.07
36,3,2019,5.02
36,3,2020,5.48
36,3,2021,5.75
36,3,2022,5.31
36,3,2023,5.48
37,3,1980,7.36
37,3,1981,7.22
37,3,1982,6.96
37,3,1983,6.92
37,3,1984,6.92
37,3,1985,6.74
37,3,1986,6.7
37,3,1987,6.63
37,3,1988,6.51
37,3,1989,6.92
37,3,1990,6.84
37,3,1991,6.9
37,3,1992,7.11
37,3,1993,7.29
37,3,1994,7.06
37,3,1995,6.75
37,3,1996,6.61
37,3,1997,6.05
37,3,1998,5.74
37,3,1999,5.39
37,3,2000,4.9
37,3,2001,4.84
37,3,2002,4.88
37,3,2003,4.91
37,3,2004,4.84
37,3,2005,4.76
37,3,2006,4.45
37,3,2007,4.41
37,3,2008,4.08
37,3,2009,3.8
37,3,2010,3.87
37,3,2011,3.96
37,3,2012,4.01
37,3,2013,3.88
37,3,2014,3.79
37,3,2015,3.49
37,3,2016,3.46
37,3,2017,3.49
37,3,2018,3.53
37,3,2019,3.33
37,3,2020,3.02
37,3,2021,3.08
37,3,2022,3.15
37,3,2023,3.35
38,3,1980,8.1
38,3,1981,8.35
38,3,1982,8.45
38,3,1983,8.48
38,3,1984,8.27
38,3,1985,8.33
38,3,1986,8.2
38,3,1987,8.15
38,3,1988,8.09
38,3,1989,8.37
38,3,1990,8.57
38,3,1991,8.45
38,3,1992,8.3
38,3,1993,8.08
38,3,1994,7.99
38,3,1995,7.82
38,3,1996,7.71
38,3,1997,7.58
38,3,1998,7.5
38,3,1999,7.37
38,3,2000,7.25
38,3,2001,7.19
38,3,2002,7.2
38,3,2003,7.28
38,3,2004,7.28
38,3,2005,7.4
38,3,2006,7.47
38,3,2007,7.43
38,3,2008,7.57
38,3,2009,7.77
38,3,2010,7.88
38,3,2011,7.73
38,3,2012,7.88
38,3,2013,7.98
38,3,2014,7.67
38,3,2015,7.29
38,3,2016,6.96
38,3,2017,6.83
38,3,2018,6.9
38,3,2019,6.46
38,3,2020,6.37
38,3,2021,6.92
38,3,2022,7.13
38,3,2023,6.98
39,3,1980,6.34
39,3,1981,6.27
39,3,1982,6.29
39,3,1983,6.29
39,3,1984,6.24
39,3,1985,6.17
39,3,1986,6.18
39,3,1987,6.17
39,3,1988,6.21
39,3,1989,6.38
39,3,1990,6.63
39,3,1991,7.08
39,3,1992,7.17
39,3,1993,7.45
39,3,1994,7.37
39,3,1995,7.31
39,3,1996,6.87
39,3,1997,6.46
39,3,1998,6.09
39,3,1999,5.82
39,3,2000,5.53
39,3,2001,5.46
39,3,2002,5.38
39,3,2003,5.36
39,3,2004,5.24
39,3,2005,5.02
39,3,2006,4.74
39,3,2007,4.52
39,3,2008,4.36
39,3,2009,4.24
39,3,2010,4.12
39,3,2011,3.95
39,3,2012,3.86
39,3,2013,3.76
39,3,2014,3.75
39,3,2015,3.81
39,3,2016,3.86
39,3,2017,3.9
39,3,2018,3.86
39,3,2019,3.95
39,3,2020,3.56
39,3,2021,3.69
39,3,2022,4.09
39,3,2023,4.11
40,3,1980,4.12
40,3,1981,4.04
40,3,1982,3.95
40,3,1983,3.88
40,3,1984,3.98
40,3,1985,3.98
40,3,1986,4.09
40,3,1987,4.1
40,3,1988,3.98
40,3,1989,4.16
40,3,1990,3.97
40,3,1991,3.66
40,3,1992,3.52
40,3,1993,3.61
40,3,1994,3.57
40,3,1995,3.58
40,3,1996,3.65
40,3,1997,3.55
40,3,1998,3.2
40,3,1999,2.69
40,3,2000,2.45
40,3,2001,2.48
40,3,2002,2.65
40,3,2003,2.76
40,3,2004,2.69
40,3,2005,2.69
40,3,2006,2.46
40,3,2007,2.37
40,3,2008,2.31
40,3,2009,2.3
40,3,2010,2.38
40,3,2011,2.43
40,3,2012,2.56
40,3,2013,2.73
40,3,2014,2.72
40,3,2015,2.59
40,3,2016,2.57
40,3,2017,2.56
40,3,2018,2.54
40,3,2019,2.52
40,3,2020,2.53
40,3,2021,2.54
40,3,2022,2.44
40,3,2023,2.36
41,3,1980,5.39
41,3,1981,5.41
41,3,1982,5.29
41,3,1983,5.24
41,3,1984,5.25
41,3,1985,5.25
41,3,1986,5.43
41,3,1987,5.42
41,3,1988,5.15
41,3,1989,5.11
41,3,1990,5.02
41,3,1991,4.89
41,3,1992,4.72
41,3,1993,4.75
41,3,1994,4.58
41,3,1995,4.78
41,3,1996,4.97
41,3,1997,4.72
41,3,1998,4.34
41,3,1999,4.21
41,3,2000,4.13
41,3,2001,4.17
41,3,2002,4.45
41,3,2003,4.42
41,3,2004,4.24
41,3,2005,4.19
41,3,2006,4.13
41,3,2007,3.58
41,3,2008,3.11
41,3,2009,3
41,3,2010,3.02
41,3,2011,2.96
41,3,2012,3.13
41,3,2013,3.19
41,3,2014,3.12
41,3,2015,2.92
41,3,2016,2.98
41,3,2017,2.98
41,3,2018,3.04
41,3,2019,2.92
41,3,2020,2.99
41,3,2021,2.85
41,3,2022,2.82
41,3,2023,2.74
43,3,1980,3.73
43,3,1981,3.7
43,3,1982,3.7
43,3,1983,3.68
43,3,1984,3.72
43,3,1985,3.77
43,3,1986,3.77
43,3,1987,3.73
43,3,1988,3.75
43,3,1989,3.68
43,3,1990,3.73
43,3,1991,3.76
43,3,1992,3.79
43,3,1993,3.81
43,3,1994,3.85
43,3,1995,3.72
43,3,1996,3.66
43,3,1997,3.53
43,3,1998,3.38
43,3,1999,3.29
43,3,2000,3.23
43,3,2001,3.2
43,3,2002,3.16
43,3,2003,3.13
43,3,2004,3.09
43,3,2005,3.06
43,3,2006,2.99
43,3,2007,2.94
43,3,2008,2.92
43,3,2009,2.86
43,3,2010,2.81
43,3,2011,2.74
43,3,2012,2.73
43,3,2013,2.74
43,3,2014,2.76
43,3,2015,2.77
43,3,2016,2.77
43,3,2017,2.75
43,3,2018,2.75
43,3,2019,2.79
43,3,2020,2.75
43,3,2021,2.73
43,3,2022,2.74
43,3,2023,2.65
44,3,1980,6.67
44,3,1981,6.6
44,3,1982,6.5
44,3,1983,6.29
44,3,1984,6.12
44,3,1985,6.13
44,3,1986,6.03
44,3,1987,5.96
44,3,1988,5.97
44,3,1989,5.96
44,3,1990,6.15
44,3,1991,5.95
44,3,1992,5.84
44,3,1993,5.73
44,3,1994,5.65
44,3,1995,5.65
44,3,1996,5.64
44,3,1997,5.64
44,3,1998,5.58
44,3,1999,5.51
44,3,2000,5.35
44,3,2001,5.14
44,3,2002,5
44,3,2003,4.91
44,3,2004,4.79
44,3,2005,4.69
44,3,2006,4.6
44,3,2007,4.49
44,3,2008,4.44
44,3,2009,4.42
44,3,2010,4.38
44,3,2011,4.31
44,3,2012,4.26
44,3,2013,4.17
44,3,2014,4.1
44,3,2015,4.11
44,3,2016,4.13
44,3,2017,4.15
44,3,2018,4.15
44,3,2019,4.21
44,3,2020,4.14
44,3,2021,4.11
44,3,2022,4.11
44,3,2023,4
45,3,1980,5.89
45,3,1981,5.82
45,3,1982,5.84
45,3,1983,6.53
45,3,1984,6.7
45,3,1985,6.76
45,3,1986,6.74
45,3,1987,6.7
45,3,1988,6.53
45,3,1989,6.44
45,3,1990,5.88
45,3,1991,5.64
45,3,1992,5.95
45,3,1993,5.89
45,3,1994,5.95
45,3,1995,5.88
45,3,1996,5.33
45,3,1997,5.1
45,3,1998,4.92
45,3,1999,4.88
45,3,2000,4.85
45,3,2001,4.7
45,3,2002,4.48
45,3,2003,4.52
45,3,2004,4.65
45,3,2005,4.81
45,3,2006,4.67
45,3,2007,4.55
45,3,2008,4.48
45,3,2009,4.19
45,3,2010,4.02
45,3,2011,3.95
45,3,2012,4
45,3,2013,4.3
45,3,2014,4.42
45,3,2015,4.3
45,3,2016,4.09
45,3,2017,4.12
45,3,2018,4.25
45,3,2019,4.44
45,3,2020,4.54
45,3,2021,4.59
45,3,2022,4.49
45,3,2023,4.3
46,3,1980,13.03
46,3,1981,13
46,3,1982,13.16
46,3,1983,13.4
46,3,1984,13.74
46,3,1985,13.92
46,3,1986,13.4
46,3,1987,14.98
46,3,1988,15.86
46,3,1989,16.59
46,3,1990,17.35
46,3,1991,16.35
46,3,1992,14.85
46,3,1993,13.95
46,3,1994,13.45
46,3,1995,14.78
46,3,1996,15.06
46,3,1997,14.9
46,3,1998,14.02
46,3,1999,13.72
46,3,2000,13.53
46,3,2001,13.27
46,3,2002,13.78
46,3,2003,13.91
46,3,2004,14.35
46,3,2005,14.13
46,3,2006,14.01
46,3,2007,14.54
46,3,2008,15.1
46,3,2009,15.32
46,3,2010,15.84
46,3,2011,15.34
46,3,2012,15.65
46,3,2013,15.5
46,3,2014,15.42
46,3,2015,15.08
46,3,2016,14.85
46,3,2017,13.9
46,3,2018,14.85
46,3,2019,14.74
46,3,2020,13.97
46,3,2021,13.76
46,3,2022,13.77
46,3,2023,13.17
47,3,1980,31.34
47,3,1981,31.18
47,3,1982,31.18
47,3,1983,31.25
47,3,1984,31.68
47,3,1985,31.7
47,3,1986,31.02
47,3,1987,30.69
47,3,1988,29.83
47,3,1989,29.11
47,3,1990,28.44
47,3,1991,27.36
47,3,1992,25.31
47,3,1993,24.57
47,3,1994,24.49
47,3,1995,25.71
47,3,1996,24.68
47,3,1997,22.33
47,3,1998,20.21
47,3,1999,18.81
47,3,2000,17.79
47,3,2001,17.38
47,3,2002,17.2
47,3,2003,17.44
47,3,2004,16.53
47,3,2005,13.89
47,3,2006,12.5
47,3,2007,12.09
47,3,2008,12.16
47,3,2009,11.79
47,3,2010,11.65
47,3,2011,10.98
47,3,2012,10.47
47,3,2013,10.29
47,3,2014,10.42
47,3,2015,10.46
47,3,2016,10.06
47,3,2017,9.94
47,3,2018,9.99
47,3,2019,10.1
47,3,2020,9.95
47,3,2021,9.25
47,3,2022,9.16
47,3,2023,8.75
48,3,1980,28.18
48,3,1981,29.55
48,3,1982,30.3
48,3,1983,32.08
48,3,1984,33.52
48,3,1985,33.74
48,3,1986,33.16
48,3,1987,33.01
48,3,1988,32.8
48,3,1989,32.51
48,3,1990,32.81
48,3,1991,32.32
48,3,1992,32.03
48,3,1993,31.54
48,3,1994,30.3
48,3,1995,29.27
48,3,1996,27.73
48,3,1997,26.41
48,3,1998,25.37
48,3,1999,24.52
48,3,2000,23.05
48,3,2001,22.75
48,3,2002,22.44
48,3,2003,21.64
48,3,2004,19.8
48,3,2005,16.29
48,3,2006,14.49
48,3,2007,13.87
48,3,2008,13.83
48,3,2009,13.49
48,3,2010,13.06
48,3,2011,12.25
48,3,2012,11.71
48,3,2013,11.39
48,3,2014,11.25
48,3,2015,11
48,3,2016,10.61
48,3,2017,10.41
48,3,2018,10.1
48,3,2019,10.07
48,3,2020,9.79
48,3,2021,9.67
48,3,2022,9.73
48,3,2023,9.5
49,3,1980,6.81
49,3,1981,6.56
49,3,1982,6.36
49,3,1983,6.27
49,3,1984,6.48
49,3,1985,6.48
49,3,1986,6.44
49,3,1987,6.4
49,3,1988,6.38
49,3,1989,6.25
49,3,1990,6.2
49,3,1991,6.12
49,3,1992,5.93
49,3,1993,5.87
49,3,1994,5.79
49,3,1995,5.78
49,3,1996,5.77
49,3,1997,5.74
49,3,1998,5.67
49,3,1999,5.69
49,3,2000,5.72
49,3,2001,5.63
49,3,2002,5.52
49,3,2003,5.39
49,3,2004,5.4
49,3,2005,5.42
49,3,2006,5.38
49,3,2007,5.32
49,3,2008,5.27
49,3,2009,5.2
49,3,2010,5.18
49,3,2011,5.06
49,3,2012,5.02
49,3,2013,4.98
49,3,2014,4.89
49,3,2015,4.88
49,3,2016,4.83
49,3,2017,4.85
49,3,2018,4.91
49,3,2019,5.11
49,3,2020,4.98
49,3,2021,5.01
49,3,2022,5.12
49,3,2023,4.94
50,3,1980,9
50,3,1981,9.02
50,3,1982,9.03
50,3,1983,9.07
50,3,1984,9.13
50,3,1985,9.22
50,3,1986,9.32
50,3,1987,9.35
50,3,1988,9.39
50,3,1989,9.39
50,3,1990,9.35
50,3,1991,9.34
50,3,1992,9.3
50,3,1993,9.36
50,3,1994,9.35
50,3,1995,9.33
50,3,1996,9.55
50,3,1997,9.44
50,3,1998,9.02
50,3,1999,8.67
50,3,2000,8.61
50,3,2001,8.52
50,3,2002,8.45
50,3,2003,8.28
50,3,2004,8.19
50,3,2005,8.09
50,3,2006,7.85
50,3,2007,7.76
50,3,2008,7.64
50,3,2009,7.32
50,3,2010,7.32
50,3,2011,7.22
50,3,2012,7.2
50,3,2013,7.19
50,3,2014,7.19
50,3,2015,7.24
50,3,2016,7.25
50,3,2017,7.21
50,3,2018,7.15
50,3,2019,7.17
50,3,2020,7.13
50,3,2021,6.93
50,3,2022,7.01
50,3,2023,7
51,3,1980,11.96
51,3,1981,12
51,3,1982,12
51,3,1983,12.2
51,3,1984,12.99
51,3,1985,13.5
51,3,1986,13.08
51,3,1987,12.61
51,3,1988,12.49
51,3,1989,12.41
51,3,1990,12.83
51,3,1991,13.24
51,3,1992,12.93
51,3,1993,12.88
51,3,1994,12.87
51,3,1995,12.83
51,3,1996,12.77
51,3,1997,12.81
51,3,1998,13.1
51,3,1999,13.2
51,3,2000,12.3
51,3,2001,11.79
51,3,2002,11.2
51,3,2003,10.8
51,3,2004,10.51
51,3,2005,10.21
51,3,2006,9.98
51,3,2007,9.98
51,3,2008,10.01
51,3,2009,9.38
51,3,2010,9.37
51,3,2011,9.42
51,3,2012,9.61
51,3,2013,9.41
51,3,2014,9.11
51,3,2015,8.71
51,3,2016,8.61
51,3,2017,8.66
51,3,2018,8.59
51,3,2019,8.66
51,3,2020,9.08
51,3,2021,9.96
51,3,2022,10.03
51,3,2023,9.68
52,3,1980,8.49
52,3,1981,8.61
52,3,1982,8.57
52,3,1983,8.89
52,3,1984,9.05
52,3,1985,9.14
52,3,1986,9.35
52,3,1987,9.49
52,3,1988,9.77
52,3,1989,10.49
52,3,1990,9.75
52,3,1991,9.67
52,3,1992,9.91
52,3,1993,9.79
52,3,1994,9.62
52,3,1995,9.73
52,3,1996,9.41
52,3,1997,8.74
52,3,1998,8.09
52,3,1999,7.66
52,3,2000,7.32
52,3,2001,7.18
52,3,2002,7.34
52,3,2003,7.23
52,3,2004,6.84
52,3,2005,6.37
52,3,2006,6.16
52,3,2007,6.25
52,3,2008,6.48
52,3,2009,6.45
52,3,2010,6.32
52,3,2011,6.01
52,3,2012,5.78
52,3,2013,5.78
52,3,2014,5.87
52,3,2015,5.94
52,3,2016,6.19
52,3,2017,6.3
52,3,2018,6.57
52,3,2019,6.72
52,3,2020,6.6
52,3,2021,6.46
52,3,2022,6.66
52,3,2023,6.41
53,3,1980,7.53
53,3,1981,7.53
53,3,1982,7.57
53,3,1983,7.52
53,3,1984,7.52
53,3,1985,7.43
53,3,1986,7.17
53,3,1987,7
53,3,1988,6.92
53,3,1989,6.78
53,3,1990,6.77
53,3,1991,6.71
53,3,1992,6.67
53,3,1993,6.58
53,3,1994,6.5
53,3,1995,6.47
53,3,1996,6.48
53,3,1997,6.48
53,3,1998,6.48
53,3,1999,6.41
53,3,2000,6.32
53,3,2001,6.28
53,3,2002,6.26
53,3,2003,6.14
53,3,2004,6.08
53,3,2005,5.99
53,3,2006,5.95
53,3,2007,5.91
53,3,2008,5.91
53,3,2009,5.8
53,3,2010,5.73
53,3,2011,5.62
53,3,2012,5.59
53,3,2013,5.58
53,3,2014,5.54
53,3,2015,5.56
53,3,2016,5.59
53,3,2017,5.52
53,3,2018,5.46
53,3,2019,5.54
53,3,2020,5.47
53,3,2021,5.48
53,3,2022,5.47
53,3,2023,5.42
54,3,1980,14.9
54,3,1981,14.99
54,3,1982,15.25
54,3,1983,15.28
54,3,1984,15.45
54,3,1985,15.43
54,3,1986,15.53
54,3,1987,15.66
54,3,1988,15.93
54,3,1989,16.21
54,3,1990,16.48
54,3,1991,16.49
54,3,1992,16.32
54,3,1993,15.96
54,3,1994,15.34
54,3,1995,14.66
54,3,1996,14.14
54,3,1997,13.4
54,3,1998,12.5
54,3,1999,11.85
54,3,2000,11.22
54,3,2001,10.68
54,3,2002,10.21
54,3,2003,10.04
54,3,2004,10.06
54,3,2005,10.09
54,3,2006,10.21
54,3,2007,10.3
54,3,2008,10.38
54,3,2009,10.55
54,3,2010,10.81
54,3,2011,10.92
54,3,2012,11.14
54,3,2013,11.31
54,3,2014,11.27
54,3,2015,11.3
54,3,2016,11.33
54,3,2017,11.22
54,3,2018,10.96
54,3,2019,10.78
54,3,2020,10.65
54,3,2021,10.54
54,3,2022,10.44
54,3,2023,10
55,3,1980,24.41
55,3,1981,24.42
55,3,1982,24.69
55,3,1983,25.12
55,3,1984,25.56
55,3,1985,25.59
55,3,1986,25.83
55,3,1987,24.62
55,3,1988,23.24
55,3,1989,20.96
55,3,1990,20.83
55,3,1991,20.77
55,3,1992,20.93
55,3,1993,21.29
55,3,1994,21.3
55,3,1995,20.81
55,3,1996,20.18
55,3,1997,19.43
55,3,1998,17.74
55,3,1999,16.99
55,3,2000,16.63
55,3,2001,16.49
55,3,2002,15.62
55,3,2003,16.22
55,3,2004,15.7
55,3,2005,14.88
55,3,2006,15.87
55,3,2007,16.34
55,3,2008,17.09
55,3,2009,16.52
55,3,2010,15.91
55,3,2011,15.45
55,3,2012,14.64
55,3,2013,14.06
55,3,2014,12.96
55,3,2015,12.7
55,3,2016,13.02
55,3,2017,14.27
55,3,2018,14.72
55,3,2019,15.17
55,3,2020,16.96
55,3,2021,16.19
55,3,2022,16.38
55,3,2023,15.9
57,3,1980,5.01
57,3,1981,5.01
57,3,1982,5.16
57,3,1983,5.08
57,3,1984,4.87
57,3,1985,4.72
57,3,1986,4.7
57,3,1987,4.52
57,3,1988,4.99
57,3,1989,5.35
57,3,1990,5.82
57,3,1991,6.35
57,3,1992,7.27
57,3,1993,8.32
57,3,1994,8.89
57,3,1995,9.36
57,3,1996,9.36
57,3,1997,9.34
57,3,1998,9.75
57,3,1999,10.27
57,3,2000,10.27
57,3,2001,10.8
57,3,2002,12.23
57,3,2003,12.52
57,3,2004,12.26
57,3,2005,11.73
57,3,2006,11.67
57,3,2007,11.59
57,3,2008,11.89
57,3,2009,11.78
57,3,2010,11.25
57,3,2011,10.78
57,3,2012,9.81
57,3,2013,8.63
57,3,2014,7.74
57,3,2015,7.52
57,3,2016,7.95
57,3,2017,8.72
57,3,2018,8.8
57,3,2019,8.75
57,3,2020,8.44
57,3,2021,8.35
57,3,2022,8.68
57,3,2023,8.85
58,3,1980,11.88
58,3,1981,11.73
58,3,1982,11.66
58,3,1983,11.11
58,3,1984,9.8
58,3,1985,9.39
58,3,1986,9.09
58,3,1987,9.19
58,3,1988,9.47
58,3,1989,9.8
58,3,1990,10.37
58,3,1991,11.13
58,3,1992,12.14
58,3,1993,13.29
58,3,1994,13.43
58,3,1995,12.91
58,3,1996,12.4
58,3,1997,11.74
58,3,1998,11.33
58,3,1999,11.69
58,3,2000,11.62
58,3,2001,11.83
58,3,2002,11.62
58,3,2003,11.42
58,3,2004,10.62
58,3,2005,9.93
58,3,2006,9.28
58,3,2007,8.84
58,3,2008,8.69
58,3,2009,8.15
58,3,2010,7.54
58,3,2011,7.22
58,3,2012,7.2
58,3,2013,7.18
58,3,2014,6.77
58,3,2015,6.7
58,3,2016,6.52
58,3,2017,6.57
58,3,2018,6.46
58,3,2019,6.68
58,3,2020,7.03
58,3,2021,7.41
58,3,2022,7.86
58,3,2023,7.78
59,3,1980,12.79
59,3,1981,12.69
59,3,1982,12.97
59,3,1983,13.16
59,3,1984,12.69
59,3,1985,11.63
59,3,1986,11.1
59,3,1987,10.92
59,3,1988,11.87
59,3,1989,12.68
59,3,1990,13.94
59,3,1991,15.66
59,3,1992,17.24
59,3,1993,20.38
59,3,1994,21.1
59,3,1995,19.39
59,3,1996,16.48
59,3,1997,15.27
59,3,1998,14.59
59,3,1999,14.98
59,3,2000,15.77
59,3,2001,16.02
59,3,2002,15.94
59,3,2003,15.19
59,3,2004,14.27
59,3,2005,13.4
59,3,2006,13.29
59,3,2007,12.68
59,3,2008,11.03
59,3,2009,9.82
59,3,2010,9
59,3,2011,9.32
59,3,2012,8.98
59,3,2013,8.64
59,3,2014,8.57
59,3,2015,8.62
59,3,2016,8.06
59,3,2017,8.27
59,3,2018,8.08
59,3,2019,8.04
59,3,2020,8
59,3,2021,8.56
59,3,2022,8.91
59,3,2023,8.68
60,3,1980,11.66
60,3,1981,11.46
60,3,1982,11.41
60,3,1983,11.18
60,3,1984,10.45
60,3,1985,10.01
60,3,1986,9.3
60,3,1987,9.32
60,3,1988,9.95
60,3,1989,10.74
60,3,1990,11.52
60,3,1991,13.22
60,3,1992,14.95
60,3,1993,16.72
60,3,1994,16.44
60,3,1995,15.23
60,3,1996,13.45
60,3,1997,12.01
60,3,1998,11.8
60,3,1999,12.2
60,3,2000,12.67
60,3,2001,13.44
60,3,2002,13.9
60,3,2003,13.73
60,3,2004,14.05
60,3,2005,14.51
60,3,2006,14.94
60,3,2007,14.37
60,3,2008,13.66
60,3,2009,11.92
60,3,2010,10.91
60,3,2011,11.01
60,3,2012,10.9
60,3,2013,10.83
60,3,2014,10.65
60,3,2015,10.75
60,3,2016,10.6
60,3,2017,10.29
60,3,2018,10.25
60,3,2019,10.43
60,3,2020,10.78
60,3,2021,10.62
60,3,2022,10.47
60,3,2023,10.42
61,3,1980,9.63
61,3,1981,9.6
61,3,1982,10.04
61,3,1983,9.93
61,3,1984,9.75
61,3,1985,9.41
61,3,1986,8.65
61,3,1987,8.27
61,3,1988,8.5
61,3,1989,8.23
61,3,1990,8.25
61,3,1991,8.6
61,3,1992,8.84
61,3,1993,9.17
61,3,1994,9.3
61,3,1995,9.06
61,3,1996,8.61
61,3,1997,7.87
61,3,1998,7.32
61,3,1999,7.39
61,3,2000,7.85
61,3,2001,7.87
61,3,2002,8.14
61,3,2003,8.34
61,3,2004,8.39
61,3,2005,8.09
61,3,2006,7.65
61,3,2007,7.49
61,3,2008,7.29
61,3,2009,7.04
61,3,2010,6.85
61,3,2011,6.79
61,3,2012,6.47
61,3,2013,6.39
61,3,2014,6.45
61,3,2015,6.23
61,3,2016,6.08
61,3,2017,5.56
61,3,2018,5.39
61,3,2019,5.13
61,3,2020,4.74
61,3,2021,4.41
61,3,2022,4.69
61,3,2023,4.77
62,3,1980,6.6
62,3,1981,6.48
62,3,1982,6.38
62,3,1983,6.37
62,3,1984,6.46
62,3,1985,6.04
62,3,1986,5.5
62,3,1987,5.45
62,3,1988,5.55
62,3,1989,5.72
62,3,1990,5.97
62,3,1991,6.13
62,3,1992,6.98
62,3,1993,8.38
62,3,1994,8.99
62,3,1995,8.41
62,3,1996,7.48
62,3,1997,6.81
62,3,1998,6.83
62,3,1999,8.29
62,3,2000,9.76
62,3,2001,10.51
62,3,2002,10.85
62,3,2003,10.74
62,3,2004,10.4
62,3,2005,9.73
62,3,2006,8.75
62,3,2007,8.3
62,3,2008,8.19
62,3,2009,7.76
62,3,2010,7.61
62,3,2011,7.4
62,3,2012,7.16
62,3,2013,7.15
62,3,2014,7.2
62,3,2015,7.17
62,3,2016,6.94
62,3,2017,6.49
62,3,2018,6.42
62,3,2019,6.44
62,3,2020,6.58
62,3,2021,6.49
62,3,2022,6.13
62,3,2023,6.33
63,3,1980,5.43
63,3,1981,5.34
63,3,1982,5.19
63,3,1983,5.09
63,3,1984,4.83
63,3,1985,4.59
63,3,1986,4.37
63,3,1987,4.37
63,3,1988,4.71
63,3,1989,5.13
63,3,1990,5.78
63,3,1991,6.63
63,3,1992,7.4
63,3,1993,8.12
63,3,1994,8.69
63,3,1995,9.4
63,3,1996,9.09
63,3,1997,8.13
63,3,1998,7.48
63,3,1999,7.76
63,3,2000,8.56
63,3,2001,9.22
63,3,2002,9.98
63,3,2003,10.38
63,3,2004,10.11
63,3,2005,8.44
63,3,2006,7.78
63,3,2007,7.84
63,3,2008,7.5
63,3,2009,6.27
63,3,2010,5.54
63,3,2011,5.44
63,3,2012,5.41
63,3,2013,5.27
63,3,2014,4.92
63,3,2015,4.54
63,3,2016,4.33
63,3,2017,4.37
63,3,2018,4.33
63,3,2019,4.34
63,3,2020,4.48
63,3,2021,4.28
63,3,2022,4.22
63,3,2023,4.24
66,3,1980,10.76
66,3,1981,10.54
66,3,1982,10.21
66,3,1983,9.88
66,3,1984,9.55
66,3,1985,9.21
66,3,1986,8.8
66,3,1987,8.48
66,3,1988,8.19
66,3,1989,7.91
66,3,1990,7.69
66,3,1991,7.57
66,3,1992,7.47
66,3,1993,7.37
66,3,1994,7.28
66,3,1995,7.18
66,3,1996,7.09
66,3,1997,6.99
66,3,1998,6.86
66,3,1999,6.73
66,3,2000,6.64
66,3,2001,6.59
66,3,2002,6.56
66,3,2003,6.5
66,3,2004,6.41
66,3,2005,6.43
66,3,2006,6.44
66,3,2007,6.33
66,3,2008,6.32
66,3,2009,6.31
66,3,2010,6.27
66,3,2011,6.26
66,3,2012,6.25
66,3,2013,6.13
66,3,2014,6
66,3,2015,5.92
66,3,2016,5.77
66,3,2017,5.7
66,3,2018,5.69
66,3,2019,5.76
66,3,2020,5.79
66,3,2021,5.67
66,3,2022,5.48
66,3,2023,5.56
67,3,1980,4.78
67,3,1981,4.57
67,3,1982,4.32
67,3,1983,4.18
67,3,1984,4.06
67,3,1985,3.79
67,3,1986,3.63
67,3,1987,3.48
67,3,1988,3.48
67,3,1989,3.41
67,3,1990,3.48
67,3,1991,3.64
67,3,1992,3.84
67,3,1993,3.89
67,3,1994,3.89
67,3,1995,4.16
67,3,1996,4.14
67,3,1997,4.08
67,3,1998,4.09
67,3,1999,4.13
67,3,2000,4.01
67,3,2001,3.92
67,3,2002,3.81
67,3,2003,3.78
67,3,2004,3.65
67,3,2005,3.65
67,3,2006,3.53
67,3,2007,3.52
67,3,2008,3.53
67,3,2009,3.47
67,3,2010,3.52
67,3,2011,3.48
67,3,2012,3.4
67,3,2013,3.35
67,3,2014,3.3
67,3,2015,3.25
67,3,2016,3.26
67,3,2017,3.46
67,3,2018,3.5
67,3,2019,3.48
67,3,2020,3.42
67,3,2021,3.47
67,3,2022,3.64
67,3,2023,3.76
68,3,1980,13.5
68,3,1981,12.35
68,3,1982,12.19
68,3,1983,12.44
68,3,1984,11.73
68,3,1985,11.38
68,3,1986,11.14
68,3,1987,10.83
68,3,1988,10.27
68,3,1989,9.78
68,3,1990,9.53
68,3,1991,9.26
68,3,1992,8.82
68,3,1993,8.58
68,3,1994,8.63
68,3,1995,8.48
68,3,1996,8.38
68,3,1997,8.53
68,3,1998,8.61
68,3,1999,8.68
68,3,2000,8.65
68,3,2001,8.6
68,3,2002,8.69
68,3,2003,8.6
68,3,2004,8.5
68,3,2005,8.37
68,3,2006,8.2
68,3,2007,7.96
68,3,2008,7.72
68,3,2009,7.47
68,3,2010,7.41
68,3,2011,7.23
68,3,2012,7.16
68,3,2013,6.92
68,3,2014,6.71
68,3,2015,6.66
68,3,2016,6.51
68,3,2017,6.36
68,3,2018,6.31
68,3,2019,6.08
68,3,2020,6.09
68,3,2021,5.94
68,3,2022,6.2
68,3,2023,6.01
69,3,1980,5.07
69,3,1981,4.99
69,3,1982,5.13
69,3,1983,5.11
69,3,1984,4.86
69,3,1985,4.61
69,3,1986,4.21
69,3,1987,4.45
69,3,1988,4.41
69,3,1989,4.24
69,3,1990,4.19
69,3,1991,4.41
69,3,1992,4.53
69,3,1993,4.34
69,3,1994,4.29
69,3,1995,4.48
69,3,1996,4.48
69,3,1997,4.62
69,3,1998,4.33
69,3,1999,4.38
69,3,2000,4.39
69,3,2001,4.39
69,3,2002,4.17
69,3,2003,4.08
69,3,2004,3.95
69,3,2005,3.99
69,3,2006,3.94
69,3,2007,3.79
69,3,2008,3.5
69,3,2009,3.35
69,3,2010,3.25
69,3,2011,3.28
69,3,2012,3.22
69,3,2013,3.07
69,3,2014,2.96
69,3,2015,2.92
69,3,2016,2.88
69,3,2017,2.92
69,3,2018,2.97
69,3,2019,2.86
69,3,2020,2.77
69,3,2021,2.82
69,3,2022,3.06
69,3,2023,3.2
71,3,1980,6.9
71,3,1981,6.51
71,3,1982,6.45
71,3,1983,5.89
71,3,1984,5.92
71,3,1985,5.85
71,3,1986,5.72
71,3,1987,5.73
71,3,1988,5.66
71,3,1989,5.79
71,3,1990,5.35
71,3,1991,4.88
71,3,1992,4.72
71,3,1993,4.49
71,3,1994,4.62
71,3,1995,4.64
71,3,1996,4.87
71,3,1997,5.07
71,3,1998,5.21
71,3,1999,5.28
71,3,2000,5.5
71,3,2001,5.46
71,3,2002,5.63
71,3,2003,5.71
71,3,2004,5.94
71,3,2005,6.14
71,3,2006,5.98
71,3,2007,6.07
71,3,2008,6.56
71,3,2009,6.47
71,3,2010,6.74
71,3,2011,7.12
71,3,2012,7.22
71,3,2013,7.19
71,3,2014,7.69
71,3,2015,8.12
71,3,2016,8.32
71,3,2017,8.35
71,3,2018,8.52
71,3,2019,8.88
71,3,2020,8.89
71,3,2021,9.32
71,3,2022,9.65
71,3,2023,9.53
72,3,1980,14.45
72,3,1981,12.38
72,3,1982,10.89
72,3,1983,9.43
72,3,1984,9.58
72,3,1985,10.19
72,3,1986,9.93
72,3,1987,8.47
72,3,1988,7.24
72,3,1989,7.3
72,3,1990,7.2
72,3,1991,6.41
72,3,1992,6.27
72,3,1993,6.07
72,3,1994,6.02
72,3,1995,6
72,3,1996,6.11
72,3,1997,5.7
72,3,1998,5.13
72,3,1999,5.59
72,3,2000,5.75
72,3,2001,6.11
72,3,2002,6.35
72,3,2003,6.66
72,3,2004,6.64
72,3,2005,6.48
72,3,2006,6.89
72,3,2007,7.37
72,3,2008,7.74
72,3,2009,7.76
72,3,2010,8.23
72,3,2011,7.84
72,3,2012,7.78
72,3,2013,7.5
72,3,2014,7.82
72,3,2015,7.79
72,3,2016,7.79
72,3,2017,8.11
72,3,2018,8.77
72,3,2019,9.04
72,3,2020,8.75
72,3,2021,8.96
72,3,2022,9.1
72,3,2023,9.28
74,3,1980,11.63
74,3,1981,11.39
74,3,1982,11.12
74,3,1983,10.86
74,3,1984,10.68
74,3,1985,10.47
74,3,1986,10.32
74,3,1987,10.2
74,3,1988,10.08
74,3,1989,9.99
74,3,1990,9.85
74,3,1991,9.74
74,3,1992,9.66
74,3,1993,9.7
74,3,1994,9.72
74,3,1995,9.75
74,3,1996,9.8
74,3,1997,9.81
74,3,1998,9.8
74,3,1999,9.79
74,3,2000,9.78
74,3,2001,9.69
74,3,2002,9.7
74,3,2003,9.54
74,3,2004,9.43
74,3,2005,9.37
74,3,2006,9.27
74,3,2007,9.21
74,3,2008,9.13
74,3,2009,9.08
74,3,2010,9.1
74,3,2011,9.03
74,3,2012,9.11
74,3,2013,9.16
74,3,2014,9.19
74,3,2015,9.24
74,3,2016,9.29
74,3,2017,9.33
74,3,2018,9.4
74,3,2019,9.49
74,3,2020,9.41
74,3,2021,9.47
74,3,2022,9.59
74,3,2023,9.51
75,3,1980,19.48
75,3,1981,18.46
75,3,1982,18.31
75,3,1983,18.26
75,3,1984,17.44
75,3,1985,16.84
75,3,1986,15.81
75,3,1987,15.36
75,3,1988,14.99
75,3,1989,14.01
75,3,1990,12.82
75,3,1991,12.15
75,3,1992,11.36
75,3,1993,10.45
75,3,1994,9.82
75,3,1995,9.25
75,3,1996,9.23
75,3,1997,8.69
75,3,1998,8.61
75,3,1999,8.57
75,3,2000,8.5
75,3,2001,8.56
75,3,2002,8.6
75,3,2003,9.08
75,3,2004,9.18
75,3,2005,9.75
75,3,2006,9.45
75,3,2007,9.3
75,3,2008,9.44
75,3,2009,9.56
75,3,2010,9.61
75,3,2011,9.49
75,3,2012,9.58
75,3,2013,9.45
75,3,2014,9.31
75,3,2015,9.43
75,3,2016,9.31
75,3,2017,9.49
75,3,2018,9.69
75,3,2019,10.08
75,3,2020,10.86
75,3,2021,10.46
75,3,2022,10.75
75,3,2023,10.63
76,3,1980,15.68
76,3,1981,15
76,3,1982,14.58
76,3,1983,13.63
76,3,1984,12.58
76,3,1985,11.09
76,3,1986,10.5
76,3,1987,9.9
76,3,1988,9.32
76,3,1989,9.02
76,3,1990,9.11
76,3,1991,9.31
76,3,1992,9.27
76,3,1993,9.39
76,3,1994,9.01
76,3,1995,8.6
76,3,1996,8.56
76,3,1997,8.64
76,3,1998,9.6
76,3,1999,9.93
76,3,2000,10.5
76,3,2001,10.61
76,3,2002,10.63
76,3,2003,10.71
76,3,2004,10.24
76,3,2005,10.17
76,3,2006,9.9
76,3,2007,10.13
76,3,2008,10.55
76,3,2009,10.67
76,3,2010,10.88
76,3,2011,10.66
76,3,2012,11.07
76,3,2013,10.97
76,3,2014,10.67
76,3,2015,10.94
76,3,2016,10.76
76,3,2017,10.77
76,3,2018,10.99
76,3,2019,10.88
76,3,2020,11.13
76,3,2021,10.81
76,3,2022,11.21
76,3,2023,10.87
77,3,1980,13.88
77,3,1981,13.59
77,3,1982,13.31
77,3,1983,12.99
77,3,1984,12.73
77,3,1985,12.45
77,3,1986,12.47
77,3,1987,12.17
77,3,1988,12.22
77,3,1989,12.13
77,3,1990,12.09
77,3,1991,12.02
77,3,1992,11.88
77,3,1993,11.81
77,3,1994,11.7
77,3,1995,11.65
77,3,1996,11.57
77,3,1997,11.51
77,3,1998,11.37
77,3,1999,11.1
77,3,2000,10.89
77,3,2001,10.63
77,3,2002,10.47
77,3,2003,10.46
77,3,2004,10.59
77,3,2005,10.56
77,3,2006,10.56
77,3,2007,10.57
77,3,2008,10.54
77,3,2009,10.58
77,3,2010,10.65
77,3,2011,10.68
77,3,2012,10.79
77,3,2013,10.78
77,3,2014,10.75
77,3,2015,10.78
77,3,2016,10.93
77,3,2017,11.01
77,3,2018,11.12
77,3,2019,11.28
77,3,2020,11.7
77,3,2021,11.82
77,3,2022,11.41
77,3,2023,11.08
78,3,1980,14.21
78,3,1981,13.82
78,3,1982,14.2
78,3,1983,15
78,3,1984,15.96
78,3,1985,16.21
78,3,1986,16.32
78,3,1987,16.99
78,3,1988,17.39
78,3,1989,17.15
78,3,1990,16.48
78,3,1991,16.32
78,3,1992,16.01
78,3,1993,16.73
78,3,1994,16.08
78,3,1995,16.27
78,3,1996,16.31
78,3,1997,16.76
78,3,1998,16.67
78,3,1999,16.32
78,3,2000,14.68
78,3,2001,12.86
78,3,2002,11.24
78,3,2003,10.91
78,3,2004,10.61
78,3,2005,10.59
78,3,2006,10.8
78,3,2007,10.14
78,3,2008,9.62
78,3,2009,8.93
78,3,2010,8.67
78,3,2011,8.83
78,3,2012,8.75
78,3,2013,8.59
78,3,2014,8.3
78,3,2015,8.08
78,3,2016,8.09
78,3,2017,8.15
78,3,2018,8.23
78,3,2019,8.6
78,3,2020,8.65
78,3,2021,8.65
78,3,2022,8.72
78,3,2023,8.56
79,3,1980,13.82
79,3,1981,13.29
79,3,1982,13.39
79,3,1983,13.26
79,3,1984,13.62
79,3,1985,14.1
79,3,1986,13.41
79,3,1987,13.97
79,3,1988,14.17
79,3,1989,14.36
79,3,1990,14.61
79,3,1991,14.41
79,3,1992,14.02
79,3,1993,13.89
79,3,1994,13.66
79,3,1995,13.72
79,3,1996,14
79,3,1997,14.4
79,3,1998,15.01
79,3,1999,14.09
79,3,2000,13.85
79,3,2001,13.74
79,3,2002,14.03
79,3,2003,14.29
79,3,2004,14
79,3,2005,14.15
79,3,2006,13.7
79,3,2007,13.05
79,3,2008,12.83
79,3,2009,12.73
79,3,2010,12.59
79,3,2011,12.2
79,3,2012,11.88
79,3,2013,11.4
79,3,2014,11.29
79,3,2015,11.14
79,3,2016,11.22
79,3,2017,11.23
79,3,2018,11.09
79,3,2019,10.81
79,3,2020,10.53
79,3,2021,10.72
79,3,2022,10.59
79,3,2023,10.95
80,3,1980,19.6
80,3,1981,19.24
80,3,1982,18.56
80,3,1983,18.43
80,3,1984,17.79
80,3,1985,17.26
80,3,1986,16.52
80,3,1987,15.26
80,3,1988,14.7
80,3,1989,14.59
80,3,1990,14.39
80,3,1991,13.67
80,3,1992,12.89
80,3,1993,12.61
80,3,1994,11.91
80,3,1995,11.84
80,3,1996,11.76
80,3,1997,11.61
80,3,1998,12.12
80,3,1999,12.45
80,3,2000,12.73
80,3,2001,12.8
80,3,2002,12.63
80,3,2003,12.38
80,3,2004,11.32
80,3,2005,11.15
80,3,2006,10.72
80,3,2007,10.67
80,3,2008,10.7
80,3,2009,10.71
80,3,2010,10.75
80,3,2011,10.4
80,3,2012,10.49
80,3,2013,10.51
80,3,2014,10.44
80,3,2015,11.08
80,3,2016,10.98
80,3,2017,11.01
80,3,2018,10.94
80,3,2019,11.07
80,3,2020,11.22
80,3,2021,10.61
80,3,2022,11.23
80,3,2023,11.45
81,3,1980,12.17
81,3,1981,11.9
81,3,1982,11.57
81,3,1983,11.05
81,3,1984,10.61
81,3,1985,10.26
81,3,1986,10.01
81,3,1987,9.91
81,3,1988,9.75
81,3,1989,9.86
81,3,1990,10.09
81,3,1991,10.26
81,3,1992,9.79
81,3,1993,9.34
81,3,1994,8.53
81,3,1995,7.94
81,3,1996,7.78
81,3,1997,7.16
81,3,1998,6.83
81,3,1999,6.61
81,3,2000,6.54
81,3,2001,6.41
81,3,2002,6.35
81,3,2003,6.59
81,3,2004,6.59
81,3,2005,6.69
81,3,2006,6.57
81,3,2007,6.35
81,3,2008,6.45
81,3,2009,6.54
81,3,2010,6.88
81,3,2011,6.89
81,3,2012,7.12
81,3,2013,7.47
81,3,2014,7.67
81,3,2015,8.23
81,3,2016,8.77
81,3,2017,9.16
81,3,2018,9.56
81,3,2019,9.77
81,3,2020,9.69
81,3,2021,10.03
81,3,2022,10.9
81,3,2023,11
82,3,1980,10.96
82,3,1981,10.46
82,3,1982,9.5
82,3,1983,9.21
82,3,1984,8.38
82,3,1985,7.11
82,3,1986,6.26
82,3,1987,5.83
82,3,1988,5.85
82,3,1989,5.77
82,3,1990,4.65
82,3,1991,3.68
82,3,1992,3.49
82,3,1993,3.66
82,3,1994,3.76
82,3,1995,3.45
82,3,1996,3.05
82,3,1997,3.01
82,3,1998,3.13
82,3,1999,3.27
82,3,2000,3.42
82,3,2001,3.55
82,3,2002,3.43
82,3,2003,3.34
82,3,2004,3.34
82,3,2005,3.32
82,3,2006,3.23
82,3,2007,3.22
82,3,2008,3.22
82,3,2009,2.95
82,3,2010,2.7
82,3,2011,2.53
82,3,2012,2.58
82,3,2013,2.73
82,3,2014,3.09
82,3,2015,3.67
82,3,2016,4.04
82,3,2017,4.57
82,3,2018,4.76
82,3,2019,5.03
82,3,2020,5.5
82,3,2021,5.56
82,3,2022,5.52
82,3,2023,5.49
83,3,1980,9.64
83,3,1981,9.24
83,3,1982,8.95
83,3,1983,8.77
83,3,1984,8.48
83,3,1985,7.81
83,3,1986,7.48
83,3,1987,7.34
83,3,1988,7.38
83,3,1989,7.58
83,3,1990,7.41
83,3,1991,6.99
83,3,1992,6.91
83,3,1993,6.77
83,3,1994,6.77
83,3,1995,6.42
83,3,1996,6.52
83,3,1997,6.37
83,3,1998,6.49
83,3,1999,6.38
83,3,2000,6.48
83,3,2001,6.69
83,3,2002,6.44
83,3,2003,6.38
83,3,2004,6.22
83,3,2005,6.61
83,3,2006,6.98
83,3,2007,6.77
83,3,2008,6.69
83,3,2009,6.8
83,3,2010,6.89
83,3,2011,6.78
83,3,2012,6.77
83,3,2013,6.93
83,3,2014,7.04
83,3,2015,7.29
83,3,2016,7.64
83,3,2017,7.77
83,3,2018,7.94
83,3,2019,7.8
83,3,2020,8.07
83,3,2021,8.47
83,3,2022,10.42
83,3,2023,10.62
84,3,1980,9.5
84,3,1981,8.86
84,3,1982,8.85
84,3,1983,8.42
84,3,1984,8.25
84,3,1985,8.5
84,3,1986,8.64
84,3,1987,8.29
84,3,1988,7.8
84,3,1989,7.91
84,3,1990,7.61
84,3,1991,7.24
84,3,1992,6.87
84,3,1993,6.9
84,3,1994,6.67
84,3,1995,6.38
84,3,1996,6.41
84,3,1997,6.71
84,3,1998,7.27
84,3,1999,7.63
84,3,2000,7.65
84,3,2001,7.67
84,3,2002,7.48
84,3,2003,7.12
84,3,2004,6.47
84,3,2005,6.35
84,3,2006,6.22
84,3,2007,5.93
84,3,2008,5.96
84,3,2009,5.73
84,3,2010,5.51
84,3,2011,5.58
84,3,2012,5.46
84,3,2013,5.32
84,3,2014,5.42
84,3,2015,5.31
84,3,2016,5.31
84,3,2017,5.43
84,3,2018,5.52
84,3,2019,5.66
84,3,2020,5.91
84,3,2021,5.64
84,3,2022,6.02
84,3,2023,6.24
85,3,1980,6.45
85,3,1981,5.98
85,3,1982,5.76
85,3,1983,6.47
85,3,1984,6.57
85,3,1985,6.44
85,3,1986,6.38
85,3,1987,6.49
85,3,1988,6.08
85,3,1989,5.89
85,3,1990,5.71
85,3,1991,5.29
85,3,1992,5.29
85,3,1993,5.77
85,3,1994,5.91
85,3,1995,5.38
85,3,1996,4.23
85,3,1997,4.13
85,3,1998,4.71
85,3,1999,5.06
85,3,2000,4.96
85,3,2001,4.76
85,3,2002,4.64
85,3,2003,4.68
85,3,2004,4.61
85,3,2005,4.57
85,3,2006,4.46
85,3,2007,4.47
85,3,2008,4.55
85,3,2009,4.53
85,3,2010,4.41
85,3,2011,4.32
85,3,2012,4.11
85,3,2013,4.01
85,3,2014,3.94
85,3,2015,4.01
85,3,2016,4.04
85,3,2017,3.93
85,3,2018,3.94
85,3,2019,3.81
85,3,2020,3.85
85,3,2021,3.82
85,3,2022,3.83
85,3,2023,3.72
86,3,1980,13.19
86,3,1981,12.85
86,3,1982,12.38
86,3,1983,12.33
86,3,1984,11.69
86,3,1985,11.76
86,3,1986,11.51
86,3,1987,11.28
86,3,1988,11.45
86,3,1989,11.04
86,3,1990,10.84
86,3,1991,10.57
86,3,1992,9.98
86,3,1993,9.89
86,3,1994,9.7
86,3,1995,9.79
86,3,1996,9.55
86,3,1997,9.23
86,3,1998,8.85
86,3,1999,8.73
86,3,2000,8.51
86,3,2001,8.48
86,3,2002,8.37
86,3,2003,8.14
86,3,2004,7.53
86,3,2005,7.6
86,3,2006,7.45
86,3,2007,7.4
86,3,2008,7.34
86,3,2009,7.31
86,3,2010,7.18
86,3,2011,6.95
86,3,2012,6.88
86,3,2013,6.63
86,3,2014,6.5
86,3,2015,6.76
86,3,2016,6.75
86,3,2017,6.99
86,3,2018,6.76
86,3,2019,6.83
86,3,2020,7.14
86,3,2021,7.25
86,3,2022,7.37
86,3,2023,7.16
87,3,1980,16.44
87,3,1981,15.65
87,3,1982,15.82
87,3,1983,14.67
87,3,1984,14.52
87,3,1985,14.29
87,3,1986,13.52
87,3,1987,12.71
87,3,1988,11.87
87,3,1989,10.94
87,3,1990,10.54
87,3,1991,10.5
87,3,1992,10.48
87,3,1993,10.28
87,3,1994,9.8
87,3,1995,9.67
87,3,1996,9.55
87,3,1997,9.45
87,3,1998,10.22
87,3,1999,10.42
87,3,2000,10.49
87,3,2001,10.4
87,3,2002,10.31
87,3,2003,10.39
87,3,2004,9.77
87,3,2005,9.31
87,3,2006,9.44
87,3,2007,9.33
87,3,2008,9.01
87,3,2009,9.11
87,3,2010,9.55
87,3,2011,9.68
87,3,2012,9.78
87,3,2013,9.77
87,3,2014,9.6
87,3,2015,9.54
87,3,2016,9.78
87,3,2017,9.59
87,3,2018,9.71
87,3,2019,9.74
87,3,2020,9.97
87,3,2021,10.31
87,3,2022,11.15
87,3,2023,11.66
88,3,1980,11.77
88,3,1981,11.13
88,3,1982,10.94
88,3,1983,10.58
88,3,1984,10.62
88,3,1985,9.97
88,3,1986,8.36
88,3,1987,8.05
88,3,1988,8.48
88,3,1989,9.03
88,3,1990,8.98
88,3,1991,8.85
88,3,1992,8.4
88,3,1993,7.83
88,3,1994,7.59
88,3,1995,7.38
88,3,1996,7.44
88,3,1997,7.63
88,3,1998,7.66
88,3,1999,7.42
88,3,2000,7.45
88,3,2001,7.9
88,3,2002,7.92
88,3,2003,8.12
88,3,2004,7.79
88,3,2005,7.49
88,3,2006,7.37
88,3,2007,7.3
88,3,2008,7.28
88,3,2009,6.73
88,3,2010,6.64
88,3,2011,6.47
88,3,2012,6.41
88,3,2013,6.56
88,3,2014,6.53
88,3,2015,6.56
88,3,2016,6.8
88,3,2017,6.79
88,3,2018,6.89
88,3,2019,7.04
88,3,2020,7.02
88,3,2021,6.98
88,3,2022,6.97
88,3,2023,6.77
89,3,1980,11.95
89,3,1981,11.6
89,3,1982,10.89
89,3,1983,10.23
89,3,1984,9.93
89,3,1985,9.53
89,3,1986,9.32
89,3,1987,9.07
89,3,1988,8.95
89,3,1989,9.2
89,3,1990,9.09
89,3,1991,9.04
89,3,1992,8.7
89,3,1993,8.46
89,3,1994,8.29
89,3,1995,8.18
89,3,1996,8.24
89,3,1997,7.97
89,3,1998,7.98
89,3,1999,8.41
89,3,2000,8.74
89,3,2001,9.5
89,3,2002,9.24
89,3,2003,9.31
89,3,2004,9.18
89,3,2005,9.39
89,3,2006,9.53
89,3,2007,9.55
89,3,2008,9.71
89,3,2009,9.86
89,3,2010,10.11
89,3,2011,10.24
89,3,2012,10.9
89,3,2013,11.21
89,3,2014,11.44
89,3,2015,12.38
89,3,2016,13.15
89,3,2017,13.69
89,3,2018,14.7
89,3,2019,15.2
89,3,2020,16.12
89,3,2021,16.87
89,3,2022,18.31
89,3,2023,18.08
90,3,1980,17.9
90,3,1981,17.61
90,3,1982,17.02
90,3,1983,16.53
90,3,1984,16.79
90,3,1985,16.49
90,3,1986,15.02
90,3,1987,14.7
90,3,1988,14.74
90,3,1989,14.31
90,3,1990,13.26
90,3,1991,12.86
90,3,1992,12.44
90,3,1993,12.84
90,3,1994,12.48
90,3,1995,12.17
90,3,1996,13.09
90,3,1997,13.17
90,3,1998,13.26
90,3,1999,13.68
90,3,2000,12.92
90,3,2001,12.7
90,3,2002,12.06
90,3,2003,11.68
90,3,2004,11.21
90,3,2005,10.88
90,3,2006,10.77
90,3,2007,10.96
90,3,2008,11.23
90,3,2009,11.52
90,3,2010,11.56
90,3,2011,11.58
90,3,2012,11.89
90,3,2013,12.02
90,3,2014,11.91
90,3,2015,11.64
90,3,2016,11.74
90,3,2017,11.98
90,3,2018,12.25
90,3,2019,11.98
90,3,2020,11.99
90,3,2021,12.66
90,3,2022,12.9
90,3,2023,12.94
91,3,1980,10.36
91,3,1981,10.23
91,3,1982,10.04
91,3,1983,9.87
91,3,1984,9.61
91,3,1985,8.97
91,3,1986,8.36
91,3,1987,7.75
91,3,1988,7.32
91,3,1989,6.9
91,3,1990,6.96
91,3,1991,6.82
91,3,1992,6.13
91,3,1993,5.92
91,3,1994,5.42
91,3,1995,5.21
91,3,1996,5.15
91,3,1997,5.05
91,3,1998,5.01
91,3,1999,4.9
91,3,2000,5.05
91,3,2001,5.16
91,3,2002,5.87
91,3,2003,6.15
91,3,2004,5.47
91,3,2005,4.7
91,3,2006,4.65
91,3,2007,4.56
91,3,2008,4.53
91,3,2009,4.48
91,3,2010,4.43
91,3,2011,4.19
91,3,2012,4.23
91,3,2013,4.63
91,3,2014,4.86
91,3,2015,5.22
91,3,2016,5.64
91,3,2017,5.75
91,3,2018,5.83
91,3,2019,5.71
91,3,2020,5.7
91,3,2021,5.46
91,3,2022,5.67
91,3,2023,5.54
92,3,1980,6.65
92,3,1981,6.64
92,3,1982,6.68
92,3,1983,6.49
92,3,1984,5.5
92,3,1985,4.69
92,3,1986,4.52
92,3,1987,4.44
92,3,1988,4.47
92,3,1989,4.55
92,3,1990,4.63
92,3,1991,4.65
92,3,1992,4.46
92,3,1993,4.35
92,3,1994,4.32
92,3,1995,4.36
92,3,1996,4.4
92,3,1997,4.24
92,3,1998,4.21
92,3,1999,4.23
92,3,2000,4.25
92,3,2001,4.25
92,3,2002,4.28
92,3,2003,4.31
92,3,2004,4.23
92,3,2005,4.33
92,3,2006,4.15
92,3,2007,4.24
92,3,2008,4.25
92,3,2009,4.2
92,3,2010,4.36
92,3,2011,4.37
92,3,2012,4.25
92,3,2013,4.27
92,3,2014,4.33
92,3,2015,4.47
92,3,2016,4.53
92,3,2017,4.42
92,3,2018,4.47
92,3,2019,4.46
92,3,2020,4.66
92,3,2021,4.55
92,3,2022,4.74
92,3,2023,4.62
93,3,1980,14.38
93,3,1981,12.18
93,3,1982,10.44
93,3,1983,10.17
93,3,1984,9.87
93,3,1985,9.89
93,3,1986,9.5
93,3,1987,9.34
93,3,1988,9.23
93,3,1989,8.99
93,3,1990,8.9
93,3,1991,8.97
93,3,1992,8.53
93,3,1993,8.4
93,3,1994,8.12
93,3,1995,8.05
93,3,1996,8.15
93,3,1997,8
93,3,1998,7.77
93,3,1999,7.84
93,3,2000,7.85
93,3,2001,8.18
93,3,2002,8.58
93,3,2003,8.77
93,3,2004,8.84
93,3,2005,8.87
93,3,2006,8.62
93,3,2007,8.76
93,3,2008,8.87
93,3,2009,8.66
93,3,2010,8.91
93,3,2011,8.75
93,3,2012,8.79
93,3,2013,8.83
93,3,2014,8.84
93,3,2015,9.01
93,3,2016,8.87
93,3,2017,8.87
93,3,2018,8.92
93,3,2019,8.85
93,3,2020,8.96
93,3,2021,9.08
93,3,2022,9.47
93,3,2023,9.48
94,3,1980,16.93
94,3,1981,16.84
94,3,1982,16.95
94,3,1983,18.2
94,3,1984,17.91
94,3,1985,17.93
94,3,1986,17.81
94,3,1987,17.64
94,3,1988,16.86
94,3,1989,16.72
94,3,1990,16.82
94,3,1991,16.42
94,3,1992,15.8
94,3,1993,15.24
94,3,1994,14.06
94,3,1995,11.72
94,3,1996,10.94
94,3,1997,10.41
94,3,1998,10.23
94,3,1999,10.2
94,3,2000,10.48
94,3,2001,10.41
94,3,2002,10.36
94,3,2003,10.55
94,3,2004,10.37
94,3,2005,10.16
94,3,2006,10.31
94,3,2007,10.31
94,3,2008,10.34
94,3,2009,10.52
94,3,2010,11.04
94,3,2011,11.13
94,3,2012,11.29
94,3,2013,11.61
94,3,2014,11.51
94,3,2015,11.38
94,3,2016,11.44
94,3,2017,11.16
94,3,2018,11.32
94,3,2019,11.26
94,3,2020,11.13
94,3,2021,11.09
94,3,2022,11.65
94,3,2023,10.95
95,3,1980,7.14
95,3,1981,6.94
95,3,1982,6.79
95,3,1983,6.83
95,3,1984,6.61
95,3,1985,6.52
95,3,1986,6.26
95,3,1987,5.85
95,3,1988,5.78
95,3,1989,5.66
95,3,1990,5.4
95,3,1991,5.33
95,3,1992,5.09
95,3,1993,5.18
95,3,1994,5.1
95,3,1995,5.14
95,3,1996,5.24
95,3,1997,5.31
95,3,1998,5.31
95,3,1999,5.57
95,3,2000,5.82
95,3,2001,6.02
95,3,2002,6
95,3,2003,6.23
95,3,2004,6.31
95,3,2005,6.47
95,3,2006,6.49
95,3,2007,6.55
95,3,2008,6.68
95,3,2009,6.59
95,3,2010,6.52
95,3,2011,6.22
95,3,2012,6.17
95,3,2013,6.31
95,3,2014,6.43
95,3,2015,6.77
95,3,2016,6.94
95,3,2017,7.1
95,3,2018,7.4
95,3,2019,7.41
95,3,2020,7.7
95,3,2021,7.81
95,3,2022,8.39
95,3,2023,8.82
97,3,1980,7.16
97,3,1981,7.07
97,3,1982,6.8
97,3,1983,7.01
97,3,1984,6.66
97,3,1985,5.99
97,3,1986,5.75
97,3,1987,5.75
97,3,1988,5.79
97,3,1989,5.75
97,3,1990,5.27
97,3,1991,4.94
97,3,1992,4.68
97,3,1993,4.7
97,3,1994,4.42
97,3,1995,4.36
97,3,1996,4.46
97,3,1997,4.59
97,3,1998,4.56
97,3,1999,4.44
97,3,2000,4.07
97,3,2001,3.84
97,3,2002,4.01
97,3,2003,4.33
97,3,2004,4.37
97,3,2005,4.37
97,3,2006,4.34
97,3,2007,4.39
97,3,2008,4.03
97,3,2009,3.67
97,3,2010,3.6
97,3,2011,3.61
97,3,2012,3.68
97,3,2013,3.69
97,3,2014,3.64
97,3,2015,3.75
97,3,2016,3.67
97,3,2017,3.52
97,3,2018,3.52
97,3,2019,3.39
97,3,2020,3.27
97,3,2021,3.48
97,3,2022,3.89
97,3,2023,3.58
98,3,1980,10.36
98,3,1981,10.29
98,3,1982,10.16
98,3,1983,10.23
98,3,1984,10.23
98,3,1985,9.21
98,3,1986,8.25
98,3,1987,7.88
98,3,1988,8.09
98,3,1989,8.13
98,3,1990,6.88
98,3,1991,6.19
98,3,1992,5.65
98,3,1993,5.73
98,3,1994,5.84
98,3,1995,5.79
98,3,1996,5.84
98,3,1997,5.64
98,3,1998,5.38
98,3,1999,5.23
98,3,2000,5.85
98,3,2001,6.07
98,3,2002,6.41
98,3,2003,6.43
98,3,2004,6.44
98,3,2005,6.41
98,3,2006,6.56
98,3,2007,6.4
98,3,2008,6.15
98,3,2009,6.11
98,3,2010,6.21
98,3,2011,6.41
98,3,2012,6.42
98,3,2013,6.46
98,3,2014,6.36
98,3,2015,6.18
98,3,2016,6.08
98,3,2017,5.92
98,3,2018,5.9
98,3,2019,5.97
98,3,2020,6.03
98,3,2021,5.87
98,3,2022,5.99
98,3,2023,5.89
99,3,1980,7.09
99,3,1981,7.1
99,3,1982,6.78
99,3,1983,6.73
99,3,1984,6.65
99,3,1985,6.4
99,3,1986,6.46
99,3,1987,6.74
99,3,1988,6.51
99,3,1989,6.22
99,3,1990,5.76
99,3,1991,5.71
99,3,1992,5.73
99,3,1993,5.78
99,3,1994,5.64
99,3,1995,5.72
99,3,1996,5.51
99,3,1997,5.21
99,3,1998,5.29
99,3,1999,5.23
99,3,2000,5.08
99,3,2001,4.83
99,3,2002,4.9
99,3,2003,5.06
99,3,2004,5.23
99,3,2005,5.38
99,3,2006,5.38
99,3,2007,5.35
99,3,2008,5.14
99,3,2009,5.05
99,3,2010,4.97
99,3,2011,5.41
99,3,2012,5.76
99,3,2013,6.12
99,3,2014,5.87
99,3,2015,5.8
99,3,2016,5.63
99,3,2017,5.49
99,3,2018,5.45
99,3,2019,5.33
99,3,2020,5.23
99,3,2021,5.53
99,3,2022,5.88
99,3,2023,5.54
101,3,1980,8.55
101,3,1981,8.23
101,3,1982,8.11
101,3,1983,7.83
101,3,1984,7.76
101,3,1985,7.6
101,3,1986,7.54
101,3,1987,7.29
101,3,1988,7.4
101,3,1989,7.21
101,3,1990,7.18
101,3,1991,7.1
101,3,1992,7.14
101,3,1993,7.23
101,3,1994,7.42
101,3,1995,7.55
101,3,1996,7.8
101,3,1997,7.7
101,3,1998,7.51
101,3,1999,7.63
101,3,2000,7.5
101,3,2001,7.46
101,3,2002,7.73
101,3,2003,7.92
101,3,2004,7.86
101,3,2005,7.94
101,3,2006,7.99
101,3,2007,8.04
101,3,2008,8.3
101,3,2009,8.61
101,3,2010,8.93
101,3,2011,9.05
101,3,2012,9.03
101,3,2013,9.11
101,3,2014,9.18
101,3,2015,9.03
101,3,2016,8.95
101,3,2017,9.02
101,3,2018,9.29
101,3,2019,9.9
101,3,2020,10.43
101,3,2021,10.82
101,3,2022,11.4
101,3,2023,11.5
102,3,1980,5.67
102,3,1981,5.37
102,3,1982,5.11
102,3,1983,5.02
102,3,1984,4.89
102,3,1985,4.82
102,3,1986,4.66
102,3,1987,4.62
102,3,1988,4.64
102,3,1989,4.57
102,3,1990,4.55
102,3,1991,4.57
102,3,1992,4.56
102,3,1993,4.67
102,3,1994,4.72
102,3,1995,4.84
102,3,1996,5.01
102,3,1997,5.09
102,3,1998,5.19
102,3,1999,5.22
102,3,2000,5.32
102,3,2001,5.6
102,3,2002,5.79
102,3,2003,5.96
102,3,2004,6.08
102,3,2005,6.28
102,3,2006,6.4
102,3,2007,6.59
102,3,2008,6.78
102,3,2009,6.77
102,3,2010,6.95
102,3,2011,7.11
102,3,2012,7.2
102,3,2013,7.39
102,3,2014,7.57
102,3,2015,7.82
102,3,2016,7.93
102,3,2017,8.1
102,3,2018,8.15
102,3,2019,8.39
102,3,2020,8.77
102,3,2021,9
102,3,2022,9.23
102,3,2023,9.08
105,3,1980,2.77
105,3,1981,2.78
105,3,1982,2.82
105,3,1983,2.84
105,3,1984,2.77
105,3,1985,2.74
105,3,1986,2.72
105,3,1987,2.8
105,3,1988,2.89
105,3,1989,3.06
105,3,1990,3.2
105,3,1991,3.2
105,3,1992,3.19
105,3,1993,3.22
105,3,1994,3.23
105,3,1995,3.39
105,3,1996,3.56
105,3,1997,3.58
105,3,1998,3.48
105,3,1999,3.53
105,3,2000,3.44
105,3,2001,3.31
105,3,2002,3.18
105,3,2003,3.15
105,3,2004,3.11
105,3,2005,3.15
105,3,2006,3.13
105,3,2007,3.29
105,3,2008,3.29
105,3,2009,3.35
105,3,2010,3.21
105,3,2011,3.26
105,3,2012,3.24
105,3,2013,3.37
105,3,2014,3.42
105,3,2015,3.52
105,3,2016,3.61
105,3,2017,3.56
105,3,2018,3.48
105,3,2019,3.36
105,3,2020,3.35
105,3,2021,3.24
105,3,2022,3.22
105,3,2023,3.31
106,3,1980,4.12
106,3,1981,3.96
106,3,1982,4.02
106,3,1983,4.19
106,3,1984,4.12
106,3,1985,3.95
106,3,1986,3.96
106,3,1987,4.08
106,3,1988,4.09
106,3,1989,4.2
106,3,1990,4.62
106,3,1991,4.91
106,3,1992,4.88
106,3,1993,4.81
106,3,1994,4.83
106,3,1995,5.06
106,3,1996,5.23
106,3,1997,5.34
106,3,1998,5.33
106,3,1999,5.63
106,3,2000,5.59
106,3,2001,5.46
106,3,2002,5.26
106,3,2003,5.35
106,3,2004,5.28
106,3,2005,5.31
106,3,2006,5.33
106,3,2007,5.54
106,3,2008,5.61
106,3,2009,5.81
106,3,2010,5.7
106,3,2011,5.69
106,3,2012,5.78
106,3,2013,6.04
106,3,2014,6.25
106,3,2015,6.34
106,3,2016,6.4
106,3,2017,6.46
106,3,2018,6.5
106,3,2019,6.76
106,3,2020,6.86
106,3,2021,7.94
106,3,2022,7.05
106,3,2023,6.87
107,3,1980,2.97
107,3,1981,3.04
107,3,1982,2.97
107,3,1983,3.04
107,3,1984,2.83
107,3,1985,2.82
107,3,1986,3.03
107,3,1987,3.08
107,3,1988,3.23
107,3,1989,3.31
107,3,1990,3.43
107,3,1991,3.64
107,3,1992,3.68
107,3,1993,3.7
107,3,1994,3.6
107,3,1995,3.72
107,3,1996,3.71
107,3,1997,3.69
107,3,1998,3.65
107,3,1999,3.62
107,3,2000,3.6
107,3,2001,3.53
107,3,2002,3.4
107,3,2003,3.49
107,3,2004,3.5
107,3,2005,3.48
107,3,2006,3.49
107,3,2007,3.65
107,3,2008,3.71
107,3,2009,3.84
107,3,2010,3.67
107,3,2011,3.62
107,3,2012,3.69
107,3,2013,3.82
107,3,2014,3.82
107,3,2015,3.82
107,3,2016,3.84
107,3,2017,3.87
107,3,2018,3.9
107,3,2019,3.91
107,3,2020,4.03
107,3,2021,4.19
107,3,2022,4.33
107,3,2023,4.29
108,3,1980,3.1
108,3,1981,3.14
108,3,1982,3.16
108,3,1983,3.21
108,3,1984,3.13
108,3,1985,3.18
108,3,1986,3.22
108,3,1987,3.47
108,3,1988,3.65
108,3,1989,3.74
108,3,1990,3.95
108,3,1991,3.91
108,3,1992,3.9
108,3,1993,3.94
108,3,1994,4.12
108,3,1995,4.46
108,3,1996,4.81
108,3,1997,5.13
108,3,1998,5.34
108,3,1999,5.69
108,3,2000,5.69
108,3,2001,5.56
108,3,2002,5.28
108,3,2003,5.13
108,3,2004,5.1
108,3,2005,5.02
108,3,2006,4.94
108,3,2007,5.12
108,3,2008,5.06
108,3,2009,5.12
108,3,2010,4.98
108,3,2011,4.93
108,3,2012,5.01
108,3,2013,5.23
108,3,2014,5.29
108,3,2015,5.38
108,3,2016,5.62
108,3,2017,5.69
108,3,2018,5.72
108,3,2019,5.67
108,3,2020,5.73
108,3,2021,5.87
108,3,2022,5.65
108,3,2023,5.5
109,3,1980,10.75
109,3,1981,10.97
109,3,1982,10.8
109,3,1983,10.76
109,3,1984,10.29
109,3,1985,10.54
109,3,1986,10.8
109,3,1987,11.03
109,3,1988,11.65
109,3,1989,12.38
109,3,1990,13.28
109,3,1991,14.25
109,3,1992,15.34
109,3,1993,15.75
109,3,1994,15.67
109,3,1995,16.73
109,3,1996,17.2
109,3,1997,17.24
109,3,1998,17.06
109,3,1999,17.16
109,3,2000,16.61
109,3,2001,15.83
109,3,2002,15.08
109,3,2003,15.08
109,3,2004,14.99
109,3,2005,14.9
109,3,2006,14.65
109,3,2007,14.96
109,3,2008,15.7
109,3,2009,16.53
109,3,2010,16.47
109,3,2011,16.42
109,3,2012,16.55
109,3,2013,17.05
109,3,2014,17.79
109,3,2015,17.93
109,3,2016,18.25
109,3,2017,18.36
109,3,2018,18.78
109,3,2019,18.49
109,3,2020,19
109,3,2021,21.17
109,3,2022,18.31
109,3,2023,18.8
110,3,1980,3.26
110,3,1981,3.27
110,3,1982,3.26
110,3,1983,3.25
110,3,1984,3.25
110,3,1985,3.21
110,3,1986,3.22
110,3,1987,3.23
110,3,1988,3.28
110,3,1989,3.39
110,3,1990,3.46
110,3,1991,3.59
110,3,1992,3.68
110,3,1993,3.8
110,3,1994,3.84
110,3,1995,3.86
110,3,1996,3.88
110,3,1997,3.83
110,3,1998,3.95
110,3,1999,3.93
110,3,2000,3.96
110,3,2001,3.95
110,3,2002,3.95
110,3,2003,3.97
110,3,2004,4.05
110,3,2005,4.18
110,3,2006,4.16
110,3,2007,4.03
110,3,2008,4.06
110,3,2009,3.92
110,3,2010,4.01
110,3,2011,4.13
110,3,2012,4.02
110,3,2013,3.99
110,3,2014,3.98
110,3,2015,3.92
110,3,2016,3.95
110,3,2017,3.95
110,3,2018,3.89
110,3,2019,3.88
110,3,2020,4
110,3,2021,4.01
110,3,2022,3.87
110,3,2023,3.97
111,3,1980,6.73
111,3,1981,6.34
111,3,1982,5.96
111,3,1983,5.72
111,3,1984,5.43
111,3,1985,5.25
111,3,1986,5.23
111,3,1987,5.08
111,3,1988,4.93
111,3,1989,4.86
111,3,1990,4.79
111,3,1991,4.72
111,3,1992,4.63
111,3,1993,4.54
111,3,1994,4.47
111,3,1995,4.38
111,3,1996,4.35
111,3,1997,4.3
111,3,1998,4.25
111,3,1999,4.24
111,3,2000,4.25
111,3,2001,4.39
111,3,2002,4.49
111,3,2003,4.39
111,3,2004,4.3
111,3,2005,4.25
111,3,2006,4.21
111,3,2007,4.24
111,3,2008,4.32
111,3,2009,4.42
111,3,2010,4.53
111,3,2011,4.67
111,3,2012,4.77
111,3,2013,4.87
111,3,2014,5
111,3,2015,5.19
111,3,2016,5.38
111,3,2017,5.59
111,3,2018,5.74
111,3,2019,5.93
111,3,2020,6.32
111,3,2021,6.53
111,3,2022,6.84
111,3,2023,7.1
112,3,1980,5.86
112,3,1981,5.85
112,3,1982,5.86
112,3,1983,5.8
112,3,1984,5.78
112,3,1985,5.61
112,3,1986,5.84
112,3,1987,6.5
112,3,1988,6.77
112,3,1989,9.04
112,3,1990,7.31
112,3,1991,6.66
112,3,1992,6.59
112,3,1993,6.55
112,3,1994,6.42
112,3,1995,6.65
112,3,1996,6.95
112,3,1997,7.06
112,3,1998,6.92
112,3,1999,6.68
112,3,2000,6.53
112,3,2001,6.52
112,3,2002,6.25
112,3,2003,6.35
112,3,2004,6.36
112,3,2005,6.39
112,3,2006,6.3
112,3,2007,6.44
112,3,2008,6.42
112,3,2009,6.56
112,3,2010,6.27
112,3,2011,6.26
112,3,2012,6.21
112,3,2013,6.31
112,3,2014,6.68
112,3,2015,6.93
112,3,2016,6.88
112,3,2017,7.13
112,3,2018,7.25
112,3,2019,7.13
112,3,2020,7.34
112,3,2021,8
112,3,2022,7.38
112,3,2023,7.18
113,3,1980,7.11
113,3,1981,7.16
113,3,1982,7.21
113,3,1983,7.23
113,3,1984,7.18
113,3,1985,7.35
113,3,1986,8.07
113,3,1987,9.85
113,3,1988,10.72
113,3,1989,10.06
113,3,1990,9.98
113,3,1991,10.29
113,3,1992,10.47
113,3,1993,10.64
113,3,1994,10.58
113,3,1995,10.98
113,3,1996,11.65
113,3,1997,11.98
113,3,1998,10.74
113,3,1999,11.13
113,3,2000,10.89
113,3,2001,10.31
113,3,2002,9.86
113,3,2003,9.9
113,3,2004,9.81
113,3,2005,9.57
113,3,2006,9.6
113,3,2007,10.03
113,3,2008,10.22
113,3,2009,10.74
113,3,2010,10.19
113,3,2011,10.46
113,3,2012,10.46
113,3,2013,10.65
113,3,2014,10.92
113,3,2015,10.95
113,3,2016,10.84
113,3,2017,10.64
113,3,2018,10.55
113,3,2019,10.92
113,3,2020,13.22
113,3,2021,11.86
113,3,2022,11.92
113,3,2023,12.55
114,3,1980,7.6
114,3,1981,7.57
114,3,1982,7.53
114,3,1983,7.49
114,3,1984,7.38
114,3,1985,7.52
114,3,1986,7.48
114,3,1987,7.42
114,3,1988,7.38
114,3,1989,7.28
114,3,1990,7.35
114,3,1991,7.16
114,3,1992,7.29
114,3,1993,7.35
114,3,1994,7.17
114,3,1995,7.2
114,3,1996,7.16
114,3,1997,7.28
114,3,1998,6.96
114,3,1999,7.01
114,3,2000,6.94
114,3,2001,6.96
114,3,2002,6.91
114,3,2003,6.9
114,3,2004,6.93
114,3,2005,6.84
114,3,2006,6.81
114,3,2007,6.86
114,3,2008,6.86
114,3,2009,6.82
114,3,2010,6.81
114,3,2011,6.88
114,3,2012,6.95
114,3,2013,7.05
114,3,2014,7.04
114,3,2015,7.05
114,3,2016,7.11
114,3,2017,7.1
114,3,2018,7.14
114,3,2019,7.23
114,3,2020,7.17
114,3,2021,7.44
114,3,2022,7.67
114,3,2023,7.92
115,3,1980,1.8
115,3,1981,1.82
115,3,1982,2.01
115,3,1983,2.1
115,3,1984,2.07
115,3,1985,2.23
115,3,1986,2.25
115,3,1987,2.39
115,3,1988,2.27
115,3,1989,2.2
115,3,1990,2.08
115,3,1991,2.07
115,3,1992,2.03
115,3,1993,2.03
115,3,1994,2.05
115,3,1995,2.22
115,3,1996,2.66
115,3,1997,2.84
115,3,1998,2.91
115,3,1999,2.95
115,3,2000,3.01
115,3,2001,2.92
115,3,2002,2.74
115,3,2003,2.63
115,3,2004,2.52
115,3,2005,2.5
115,3,2006,2.42
115,3,2007,2.46
115,3,2008,2.72
115,3,2009,2.62
115,3,2010,2.66
115,3,2011,2.7
115,3,2012,2.81
115,3,2013,2.96
115,3,2014,3.11
115,3,2015,3.23
115,3,2016,3.35
115,3,2017,3.41
115,3,2018,3.43
115,3,2019,3.39
115,3,2020,3.42
115,3,2021,3.48
115,3,2022,3.38
115,3,2023,3.31
116,3,1980,3.08
116,3,1981,3.13
116,3,1982,3.24
116,3,1983,3.34
116,3,1984,3.39
116,3,1985,3.39
116,3,1986,3.38
116,3,1987,3.53
116,3,1988,3.62
116,3,1989,3.76
116,3,1990,3.98
116,3,1991,4.04
116,3,1992,4.02
116,3,1993,3.95
116,3,1994,3.98
116,3,1995,4.14
116,3,1996,4.21
116,3,1997,4.13
116,3,1998,3.91
116,3,1999,3.87
116,3,2000,3.85
116,3,2001,3.71
116,3,2002,3.53
116,3,2003,3.54
116,3,2004,3.55
116,3,2005,3.54
116,3,2006,3.53
116,3,2007,3.61
116,3,2008,3.69
116,3,2009,3.7
116,3,2010,3.65
116,3,2011,3.6
116,3,2012,3.57
116,3,2013,3.66
116,3,2014,3.79
116,3,2015,3.75
116,3,2016,3.83
116,3,2017,3.89
116,3,2018,3.82
116,3,2019,3.66
116,3,2020,3.72
116,3,2021,3.89
116,3,2022,3.79
116,3,2023,3.86
117,3,1980,4.54
117,3,1981,4.49
117,3,1982,4.45
117,3,1983,4.37
117,3,1984,4.31
117,3,1985,4.33
117,3,1986,4.33
117,3,1987,4.68
117,3,1988,4.88
117,3,1989,5.26
117,3,1990,5.45
117,3,1991,5.58
117,3,1992,5.75
117,3,1993,5.84
117,3,1994,5.9
117,3,1995,5.89
117,3,1996,6.02
117,3,1997,6.03
117,3,1998,5.97
117,3,1999,6.09
117,3,2000,5.96
117,3,2001,5.74
117,3,2002,5.54
117,3,2003,5.66
117,3,2004,5.64
117,3,2005,5.49
117,3,2006,5.64
117,3,2007,5.93
117,3,2008,5.74
117,3,2009,5.92
117,3,2010,5.69
117,3,2011,5.86
117,3,2012,5.96
117,3,2013,5.94
117,3,2014,6.2
117,3,2015,6.4
117,3,2016,6.44
117,3,2017,6.62
117,3,2018,6.32
117,3,2019,6.32
117,3,2020,6.34
117,3,2021,5.77
117,3,2022,5.84
117,3,2023,6.08
118,3,1980,5.25
118,3,1981,5.32
118,3,1982,5.39
118,3,1983,5.47
118,3,1984,5.48
118,3,1985,5.54
118,3,1986,5.71
118,3,1987,5.84
118,3,1988,5.87
118,3,1989,5.73
118,3,1990,5.81
118,3,1991,5.93
118,3,1992,5.99
118,3,1993,5.86
118,3,1994,6.11
118,3,1995,6.68
118,3,1996,6.98
118,3,1997,6.93
118,3,1998,6.81
118,3,1999,6.75
118,3,2000,6.5
118,3,2001,6.45
118,3,2002,6.48
118,3,2003,6.43
118,3,2004,6.39
118,3,2005,6.39
118,3,2006,6.41
118,3,2007,6.41
118,3,2008,6.47
118,3,2009,6.58
118,3,2010,6.58
118,3,2011,6.61
118,3,2012,6.59
118,3,2013,6.51
118,3,2014,6.47
118,3,2015,6.36
118,3,2016,6.35
118,3,2017,6.32
118,3,2018,6.21
118,3,2019,6.17
118,3,2020,6.2
118,3,2021,6.42
118,3,2022,6.09
118,3,2023,6.31
119,3,1980,6.54
119,3,1981,6.78
119,3,1982,7.22
119,3,1983,7.07
119,3,1984,6.87
119,3,1985,7.16
119,3,1986,7.09
119,3,1987,7.23
119,3,1988,7.35
119,3,1989,7.62
119,3,1990,8.21
119,3,1991,8.06
119,3,1992,8.01
119,3,1993,8.02
119,3,1994,8.19
119,3,1995,8.58
119,3,1996,8.56
119,3,1997,8.35
119,3,1998,8
119,3,1999,8.12
119,3,2000,8.23
119,3,2001,7.78
119,3,2002,7.2
119,3,2003,7.23
119,3,2004,7.14
119,3,2005,7.08
119,3,2006,7.03
119,3,2007,7.44
119,3,2008,7.32
119,3,2009,7.27
119,3,2010,6.88
119,3,2011,6.84
119,3,2012,6.6
119,3,2013,6.56
119,3,2014,6.59
119,3,2015,6.6
119,3,2016,6.58
119,3,2017,6.62
119,3,2018,6.67
119,3,2019,6.68
119,3,2020,6.85
119,3,2021,7.48
119,3,2022,7.38
119,3,2023,7.14
121,3,1980,10.98
121,3,1981,10.78
121,3,1982,10.55
121,3,1983,10.27
121,3,1984,10.16
121,3,1985,10.02
121,3,1986,9.94
121,3,1987,9.85
121,3,1988,9.77
121,3,1989,9.81
121,3,1990,9.81
121,3,1991,9.86
121,3,1992,9.92
121,3,1993,9.97
121,3,1994,10.03
121,3,1995,10.06
121,3,1996,10.12
121,3,1997,10.06
121,3,1998,10.04
121,3,1999,10.06
121,3,2000,10.07
121,3,2001,10.12
121,3,2002,10.15
121,3,2003,10.24
121,3,2004,10.36
121,3,2005,10.43
121,3,2006,10.5
121,3,2007,10.53
121,3,2008,10.57
121,3,2009,10.58
121,3,2010,10.57
121,3,2011,10.59
121,3,2012,10.56
121,3,2013,10.56
121,3,2014,10.44
121,3,2015,10.4
121,3,2016,10.38
121,3,2017,10.34
121,3,2018,10.4
121,3,2019,10.4
121,3,2020,13.09
121,3,2021,12.1
121,3,2022,10.37
121,3,2023,10.16
122,3,1980,8.55
122,3,1981,8.83
122,3,1982,8.69
122,3,1983,8.26
122,3,1984,8.63
122,3,1985,8.97
122,3,1986,9.05
122,3,1987,9.35
122,3,1988,9.65
122,3,1989,9.69
122,3,1990,10.08
122,3,1991,9.88
122,3,1992,9.56
122,3,1993,9.19
122,3,1994,9.37
122,3,1995,9.24
122,3,1996,10.84
122,3,1997,10.92
122,3,1998,11.15
122,3,1999,11.39
122,3,2000,10.99
122,3,2001,10.74
122,3,2002,10.26
122,3,2003,10.19
122,3,2004,10.18
122,3,2005,10.7
122,3,2006,10.34
122,3,2007,9.57
122,3,2008,9.23
122,3,2009,8.84
122,3,2010,8.39
122,3,2011,7.9
122,3,2012,7.81
122,3,2013,8.13
122,3,2014,7.41
122,3,2015,7.44
122,3,2016,7.63
122,3,2017,7.19
122,3,2018,7.72
122,3,2019,7.82
122,3,2020,7.31
122,3,2021,6.91
122,3,2022,6.95
122,3,2023,7.12
123,3,1980,4.79
123,3,1981,4.74
123,3,1982,4.92
123,3,1983,5.02
123,3,1984,5.32
123,3,1985,5.27
123,3,1986,5.26
123,3,1987,5.17
123,3,1988,4.89
123,3,1989,4.72
123,3,1990,4.41
123,3,1991,4.66
123,3,1992,4.74
123,3,1993,4.91
123,3,1994,5.1
123,3,1995,5.25
123,3,1996,5.46
123,3,1997,5.38
123,3,1998,5.24
123,3,1999,5.23
123,3,2000,4.97
123,3,2001,4.81
123,3,2002,4.72
123,3,2003,4.78
123,3,2004,4.85
123,3,2005,4.8
123,3,2006,4.73
123,3,2007,4.79
123,3,2008,4.88
123,3,2009,4.89
123,3,2010,4.91
123,3,2011,4.9
123,3,2012,4.91
123,3,2013,4.94
123,3,2014,4.85
123,3,2015,4.79
123,3,2016,4.85
123,3,2017,5.06
123,3,2018,5.2
123,3,2019,5.24
123,3,2020,5.4
123,3,2021,6.09
123,3,2022,5.75
123,3,2023,6.42
125,3,1980,8.8
125,3,1981,8.57
125,3,1982,8.77
125,3,1983,8.91
125,3,1984,9.24
125,3,1985,9.11
125,3,1986,9.2
125,3,1987,9.1
125,3,1988,9.06
125,3,1989,8.53
125,3,1990,8.08
125,3,1991,7.71
125,3,1992,7.73
125,3,1993,7.94
125,3,1994,7.54
125,3,1995,7.19
125,3,1996,6.7
125,3,1997,5.79
125,3,1998,5.25
125,3,1999,4.96
125,3,2000,4.62
125,3,2001,4.38
125,3,2002,4.25
125,3,2003,4.33
125,3,2004,4.4
125,3,2005,4.44
125,3,2006,4.36
125,3,2007,4.33
125,3,2008,4.43
125,3,2009,4.28
125,3,2010,4.13
125,3,2011,3.94
125,3,2012,3.75
125,3,2013,3.76
125,3,2014,3.83
125,3,2015,3.84
125,3,2016,3.75
125,3,2017,3.65
125,3,2018,3.66
125,3,2019,3.88
125,3,2020,3.92
125,3,2021,4.32
125,3,2022,4.45
125,3,2023,4.34
126,3,1980,13.22
126,3,1981,13.07
126,3,1982,12.84
126,3,1983,12.59
126,3,1984,12.56
126,3,1985,12.9
126,3,1986,12.3
126,3,1987,12.37
126,3,1988,12.54
126,3,1989,11.93
126,3,1990,11.1
126,3,1991,10.57
126,3,1992,11.11
126,3,1993,11.03
126,3,1994,11.13
126,3,1995,10.73
126,3,1996,10.05
126,3,1997,9.71
126,3,1998,9.37
126,3,1999,9.55
126,3,2000,9.56
126,3,2001,9.28
126,3,2002,9
126,3,2003,8.99
126,3,2004,9.32
126,3,2005,9.18
126,3,2006,9.13
126,3,2007,9.21
126,3,2008,8.82
126,3,2009,8.65
126,3,2010,8.46
126,3,2011,8.33
126,3,2012,8.23
126,3,2013,7.97
126,3,2014,8.07
126,3,2015,7.77
126,3,2016,8.01
126,3,2017,7.89
126,3,2018,7.43
126,3,2019,7.5
126,3,2020,7.3
126,3,2021,7.85
126,3,2022,8.39
126,3,2023,8.76
127,3,1980,14.45
127,3,1981,13.38
127,3,1982,13.08
127,3,1983,11.95
127,3,1984,11.34
127,3,1985,10.64
127,3,1986,10.27
127,3,1987,9.84
127,3,1988,9.68
127,3,1989,9.76
127,3,1990,9.62
127,3,1991,9.58
127,3,1992,9.31
127,3,1993,9.04
127,3,1994,8.78
127,3,1995,8.59
127,3,1996,8.49
127,3,1997,8.3
127,3,1998,7.96
127,3,1999,7.84
127,3,2000,7.61
127,3,2001,7.55
127,3,2002,7.53
127,3,2003,7.48
127,3,2004,7.48
127,3,2005,7.51
127,3,2006,7.51
127,3,2007,7.57
127,3,2008,7.59
127,3,2009,7.42
127,3,2010,7.31
127,3,2011,7.02
127,3,2012,7.47
127,3,2013,7.53
127,3,2014,7.65
127,3,2015,7.61
127,3,2016,7.55
127,3,2017,7.58
127,3,2018,7.61
127,3,2019,7.77
127,3,2020,8.01
127,3,2021,8.43
127,3,2022,8.18
127,3,2023,8.17
128,3,1980,9.37
128,3,1981,10.44
128,3,1982,11.05
128,3,1983,13.64
128,3,1984,15.61
128,3,1985,15.04
128,3,1986,15.2
128,3,1987,15.83
128,3,1988,15.77
128,3,1989,15.56
128,3,1990,15.07
128,3,1991,16.11
128,3,1992,16.18
128,3,1993,16.55
128,3,1994,16.2
128,3,1995,14.85
128,3,1996,14
128,3,1997,13.15
128,3,1998,13.27
128,3,1999,13.12
128,3,2000,11.94
128,3,2001,11.56
128,3,2002,11.34
128,3,2003,10.67
128,3,2004,10.66
128,3,2005,10.54
128,3,2006,10.49
128,3,2007,10.49
128,3,2008,10.83
128,3,2009,12.56
128,3,2010,12.06
128,3,2011,11.98
128,3,2012,11.84
128,3,2013,11.14
128,3,2014,10.92
128,3,2015,10.63
128,3,2016,10.3
128,3,2017,9.87
128,3,2018,9.5
128,3,2019,9.15
128,3,2020,9.1
128,3,2021,9.6
128,3,2022,9.76
128,3,2023,9.2
129,3,1980,6.96
129,3,1981,6.42
129,3,1982,6.09
129,3,1983,6.15
129,3,1984,5.99
129,3,1985,5.77
129,3,1986,5.76
129,3,1987,5.76
129,3,1988,5.58
129,3,1989,5.6
129,3,1990,5.59
129,3,1991,5.67
129,3,1992,5.68
129,3,1993,5.71
129,3,1994,5.7
129,3,1995,5.62
129,3,1996,5.58
129,3,1997,5.56
129,3,1998,5.52
129,3,1999,5.5
129,3,2000,5.45
129,3,2001,5.42
129,3,2002,5.37
129,3,2003,5.34
129,3,2004,5.32
129,3,2005,5.25
129,3,2006,5.17
129,3,2007,5.09
129,3,2008,5.01
129,3,2009,4.92
129,3,2010,4.86
129,3,2011,4.81
129,3,2012,5.08
129,3,2013,5.01
129,3,2014,4.99
129,3,2015,4.98
129,3,2016,4.9
129,3,2017,4.86
129,3,2018,4.86
129,3,2019,4.87
129,3,2020,4.84
129,3,2021,5.17
129,3,2022,5.07
129,3,2023,5.07
130,3,1980,17.26
130,3,1981,17.12
130,3,1982,16.5
130,3,1983,15.13
130,3,1984,15.39
130,3,1985,15.01
130,3,1986,15.04
130,3,1987,14.69
130,3,1988,14.31
130,3,1989,13.59
130,3,1990,12.76
130,3,1991,12.23
130,3,1992,11.77
130,3,1993,11.34
130,3,1994,11.33
130,3,1995,10.87
130,3,1996,10.61
130,3,1997,10.27
130,3,1998,9.41
130,3,1999,9.1
130,3,2000,8.73
130,3,2001,8.48
130,3,2002,8.22
130,3,2003,7.86
130,3,2004,7.65
130,3,2005,7.6
130,3,2006,7.54
130,3,2007,7.88
130,3,2008,7.68
130,3,2009,7.24
130,3,2010,7.32
130,3,2011,7.1
130,3,2012,7.01
130,3,2013,6.86
130,3,2014,6.83
130,3,2015,6.76
130,3,2016,6.65
130,3,2017,6.31
130,3,2018,5.97
130,3,2019,5.68
130,3,2020,5.34
130,3,2021,5.58
130,3,2022,5.5
130,3,2023,5.36
131,3,1980,12.42
131,3,1981,12.35
131,3,1982,12.17
131,3,1983,12.04
131,3,1984,11.85
131,3,1985,11.56
131,3,1986,11.13
131,3,1987,10.31
131,3,1988,10.08
131,3,1989,9.86
131,3,1990,9.5
131,3,1991,9.04
131,3,1992,8.97
131,3,1993,8.99
131,3,1994,8.88
131,3,1995,8.62
131,3,1996,8.33
131,3,1997,8.01
131,3,1998,8.17
131,3,1999,7.36
131,3,2000,7.14
131,3,2001,7
131,3,2002,6.93
131,3,2003,6.9
131,3,2004,6.9
131,3,2005,6.92
131,3,2006,7.02
131,3,2007,7.12
131,3,2008,7.25
131,3,2009,7.41
131,3,2010,7.55
131,3,2011,7.59
131,3,2012,7.69
131,3,2013,7.74
131,3,2014,7.88
131,3,2015,7.94
131,3,2016,7.88
131,3,2017,7.89
131,3,2018,7.98
131,3,2019,8.36
131,3,2020,8.57
131,3,2021,8.84
131,3,2022,8.09
131,3,2023,7.23
132,3,1980,7.17
132,3,1981,7.1
132,3,1982,7.02
132,3,1983,7.06
132,3,1984,7.14
132,3,1985,6.74
132,3,1986,6.57
132,3,1987,6.33
132,3,1988,6.4
132,3,1989,6.01
132,3,1990,6.05
132,3,1991,6.09
132,3,1992,6.05
132,3,1993,5.79
132,3,1994,5.76
132,3,1995,5.74
132,3,1996,5.79
132,3,1997,5.51
132,3,1998,5.15
132,3,1999,4.85
132,3,2000,4.7
132,3,2001,4.44
132,3,2002,4.45
132,3,2003,4.26
132,3,2004,4.2
132,3,2005,4.11
132,3,2006,4.23
132,3,2007,4.13
132,3,2008,3.98
132,3,2009,3.99
132,3,2010,4.05
132,3,2011,4.11
132,3,2012,4.11
132,3,2013,4.09
132,3,2014,3.86
132,3,2015,3.65
132,3,2016,3.4
132,3,2017,3.2
132,3,2018,3.04
132,3,2019,2.97
132,3,2020,2.98
132,3,2021,3
132,3,2022,3.03
132,3,2023,3.05
133,3,1980,11.38
133,3,1981,11.46
133,3,1982,11.27
133,3,1983,10.88
133,3,1984,10.98
133,3,1985,11.01
133,3,1986,10.28
133,3,1987,9.77
133,3,1988,9.61
133,3,1989,9.48
133,3,1990,9.09
133,3,1991,9.3
133,3,1992,9.47
133,3,1993,9.21
133,3,1994,8.96
133,3,1995,8.43
133,3,1996,8
133,3,1997,7.74
133,3,1998,7.52
133,3,1999,8.02
133,3,2000,7.69
133,3,2001,7.42
133,3,2002,7.34
133,3,2003,7.15
133,3,2004,7.32
133,3,2005,7.16
133,3,2006,7.16
133,3,2007,6.79
133,3,2008,6.36
133,3,2009,5.92
133,3,2010,5.9
133,3,2011,5.95
133,3,2012,5.68
133,3,2013,5.46
133,3,2014,5.42
133,3,2015,5.37
133,3,2016,5.68
133,3,2017,5.76
133,3,2018,6.12
133,3,2019,6.61
133,3,2020,6.71
133,3,2021,6.74
133,3,2022,6.74
133,3,2023,6.84
135,3,1980,7.93
135,3,1981,7.52
135,3,1982,7.21
135,3,1983,7.38
135,3,1984,7.45
135,3,1985,7.71
135,3,1986,7.71
135,3,1987,7.62
135,3,1988,7.94
135,3,1989,8.12
135,3,1990,8.2
135,3,1991,8.28
135,3,1992,8.09
135,3,1993,7.96
135,3,1994,7.84
135,3,1995,7.9
135,3,1996,7.87
135,3,1997,7.74
135,3,1998,7.58
135,3,1999,7.51
135,3,2000,7.27
135,3,2001,7.3
135,3,2002,7.29
135,3,2003,7.48
135,3,2004,7.59
135,3,2005,7.54
135,3,2006,7.61
135,3,2007,7.8
135,3,2008,8.02
135,3,2009,8.17
135,3,2010,8.54
135,3,2011,8.74
135,3,2012,8.86
135,3,2013,9.09
135,3,2014,9.09
135,3,2015,9.09
135,3,2016,9.34
135,3,2017,9.54
135,3,2018,9.43
135,3,2019,9.37
135,3,2020,9.31
135,3,2021,9.51
135,3,2022,9.96
135,3,2023,9.62
136,3,1980,5.09
136,3,1981,4.99
136,3,1982,4.94
136,3,1983,4.83
136,3,1984,4.77
136,3,1985,4.73
136,3,1986,4.71
136,3,1987,4.62
136,3,1988,4.58
136,3,1989,4.59
136,3,1990,4.57
136,3,1991,4.64
136,3,1992,4.66
136,3,1993,4.7
136,3,1994,4.76
136,3,1995,4.79
136,3,1996,4.78
136,3,1997,4.8
136,3,1998,4.81
136,3,1999,4.77
136,3,2000,4.75
136,3,2001,4.75
136,3,2002,4.79
136,3,2003,4.85
136,3,2004,5.01
136,3,2005,5.19
136,3,2006,5.34
136,3,2007,5.52
136,3,2008,5.63
136,3,2009,5.78
136,3,2010,5.99
136,3,2011,6.14
136,3,2012,6.32
136,3,2013,6.41
136,3,2014,6.58
136,3,2015,6.73
136,3,2016,6.85
136,3,2017,6.96
136,3,2018,6.97
136,3,2019,6.97
136,3,2020,7.04
136,3,2021,7.35
136,3,2022,6.73
136,3,2023,6.74
139,3,1980,9.13
139,3,1981,8.91
139,3,1982,8.71
139,3,1983,8.64
139,3,1984,8.47
139,3,1985,8.46
139,3,1986,8.35
139,3,1987,8.17
139,3,1988,8.03
139,3,1989,7.95
139,3,1990,7.84
139,3,1991,7.75
139,3,1992,7.63
139,3,1993,7.51
139,3,1994,7.36
139,3,1995,7.19
139,3,1996,7.04
139,3,1997,6.93
139,3,1998,6.83
139,3,1999,6.69
139,3,2000,6.57
139,3,2001,6.47
139,3,2002,6.36
139,3,2003,6.33
139,3,2004,6.37
139,3,2005,6.36
139,3,2006,6.32
139,3,2007,6.29
139,3,2008,6.26
139,3,2009,6.22
139,3,2010,6.23
139,3,2011,6.23
139,3,2012,6.24
139,3,2013,6.25
139,3,2014,6.2
139,3,2015,6.2
139,3,2016,6.25
139,3,2017,6.34
139,3,2018,6.36
139,3,2019,6.37
139,3,2020,6.14
139,3,2021,6.03
139,3,2022,5.93
139,3,2023,5.88
140,3,1980,4.85
140,3,1981,4.83
140,3,1982,4.8
140,3,1983,4.81
140,3,1984,4.84
140,3,1985,4.91
140,3,1986,4.93
140,3,1987,5.04
140,3,1988,5.1
140,3,1989,5.17
140,3,1990,5.2
140,3,1991,5.13
140,3,1992,5.16
140,3,1993,5.2
140,3,1994,5.15
140,3,1995,5.18
140,3,1996,5.25
140,3,1997,5.31
140,3,1998,5.23
140,3,1999,5.15
140,3,2000,5.17
140,3,2001,5.13
140,3,2002,5.1
140,3,2003,5.04
140,3,2004,4.95
140,3,2005,4.85
140,3,2006,4.82
140,3,2007,4.72
140,3,2008,4.59
140,3,2009,4.46
140,3,2010,4.35
140,3,2011,4.22
140,3,2012,4.14
140,3,2013,4.1
140,3,2014,4.18
140,3,2015,4.04
140,3,2016,4
140,3,2017,3.93
140,3,2018,3.79
140,3,2019,3.67
140,3,2020,3.6
140,3,2021,3.63
140,3,2022,3.58
140,3,2023,3.65
141,3,1980,5.09
141,3,1981,5.02
141,3,1982,5.07
141,3,1983,5.1
141,3,1984,5.15
141,3,1985,5.2
141,3,1986,5.27
141,3,1987,5.22
141,3,1988,5.15
141,3,1989,5.06
141,3,1990,4.94
141,3,1991,4.81
141,3,1992,4.72
141,3,1993,4.73
141,3,1994,4.69
141,3,1995,4.64
141,3,1996,4.58
141,3,1997,4.57
141,3,1998,4.6
141,3,1999,4.61
141,3,2000,4.68
141,3,2001,4.76
141,3,2002,4.88
141,3,2003,4.98
141,3,2004,4.96
141,3,2005,4.91
141,3,2006,4.9
141,3,2007,4.88
141,3,2008,4.88
141,3,2009,4.94
141,3,2010,5.02
141,3,2011,5.27
141,3,2012,5.34
141,3,2013,5.01
141,3,2014,4.93
141,3,2015,4.88
141,3,2016,4.77
141,3,2017,4.66
141,3,2018,4.5
141,3,2019,4.36
141,3,2020,4.46
141,3,2021,4.54
141,3,2022,5.21
141,3,2023,5.28
142,3,1980,14.21
142,3,1981,14.37
142,3,1982,13.73
142,3,1983,12.76
142,3,1984,11.85
142,3,1985,11.02
142,3,1986,10.21
142,3,1987,9.48
142,3,1988,8.89
142,3,1989,8.38
142,3,1990,7.9
142,3,1991,7.49
142,3,1992,7.27
142,3,1993,7.06
142,3,1994,6.86
142,3,1995,6.64
142,3,1996,6.43
142,3,1997,6.24
142,3,1998,6.09
142,3,1999,5.94
142,3,2000,5.82
142,3,2001,5.68
142,3,2002,5.49
142,3,2003,5.52
142,3,2004,5.18
142,3,2005,5
142,3,2006,4.83
142,3,2007,4.73
142,3,2008,4.66
142,3,2009,4.62
142,3,2010,4.6
142,3,2011,4.57
142,3,2012,4.52
142,3,2013,4.48
142,3,2014,4.51
142,3,2015,4.54
142,3,2016,4.57
142,3,2017,4.57
142,3,2018,4.57
142,3,2019,4.55
142,3,2020,4.66
142,3,2021,4.37
142,3,2022,4.18
142,3,2023,4.17
143,3,1980,5.14
143,3,1981,5
143,3,1982,4.88
143,3,1983,4.77
143,3,1984,4.69
143,3,1985,4.67
143,3,1986,4.69
143,3,1987,4.67
143,3,1988,4.66
143,3,1989,4.63
143,3,1990,4.65
143,3,1991,4.66
143,3,1992,4.7
143,3,1993,4.74
143,3,1994,4.77
143,3,1995,4.78
143,3,1996,4.82
143,3,1997,4.83
143,3,1998,4.84
143,3,1999,4.84
143,3,2000,4.85
143,3,2001,4.86
143,3,2002,4.88
143,3,2003,4.9
143,3,2004,4.92
143,3,2005,4.95
143,3,2006,4.96
143,3,2007,4.98
143,3,2008,4.99
143,3,2009,4.91
143,3,2010,4.86
143,3,2011,4.84
143,3,2012,4.77
143,3,2013,4.67
143,3,2014,4.65
143,3,2015,4.51
143,3,2016,4.44
143,3,2017,4.38
143,3,2018,4.37
143,3,2019,4.42
143,3,2020,4.58
143,3,2021,4.53
143,3,2022,4.58
143,3,2023,4.67
144,3,1980,7.07
144,3,1981,6.78
144,3,1982,6.54
144,3,1983,6.41
144,3,1984,6.27
144,3,1985,6.12
144,3,1986,5.88
144,3,1987,5.84
144,3,1988,5.87
144,3,1989,5.86
144,3,1990,5.9
144,3,1991,5.86
144,3,1992,5.83
144,3,1993,5.74
144,3,1994,5.66
144,3,1995,5.56
144,3,1996,5.47
144,3,1997,5.4
144,3,1998,5.35
144,3,1999,5.3
144,3,2000,5.27
144,3,2001,5.26
144,3,2002,5.23
144,3,2003,5.12
144,3,2004,5.07
144,3,2005,5.07
144,3,2006,5.04
144,3,2007,4.91
144,3,2008,4.81
144,3,2009,4.72
144,3,2010,4.62
144,3,2011,4.55
144,3,2012,4.45
144,3,2013,4.32
144,3,2014,4.26
144,3,2015,4.15
144,3,2016,4.1
144,3,2017,4.07
144,3,2018,4.05
144,3,2019,3.94
144,3,2020,3.89
144,3,2021,3.96
144,3,2022,3.84
144,3,2023,3.83
145,3,1980,5.76
145,3,1981,6.16
145,3,1982,7.91
145,3,1983,8.36
145,3,1984,8
145,3,1985,6.98
145,3,1986,7.26
145,3,1987,7.1
145,3,1988,6.87
145,3,1989,6.67
145,3,1990,6.62
145,3,1991,6.78
145,3,1992,6.79
145,3,1993,6.96
145,3,1994,7.19
145,3,1995,8.49
145,3,1996,9.31
145,3,1997,9.83
145,3,1998,8.73
145,3,1999,8.22
145,3,2000,8.74
145,3,2001,9.39
145,3,2002,8.95
145,3,2003,8.65
145,3,2004,8.41
145,3,2005,8.08
145,3,2006,8.02
145,3,2007,7.94
145,3,2008,7.56
145,3,2009,7.31
145,3,2010,7.22
145,3,2011,7.07
145,3,2012,6.96
145,3,2013,7.04
145,3,2014,7.14
145,3,2015,6.66
145,3,2016,6.22
145,3,2017,6.06
145,3,2018,5.77
145,3,2019,5.49
145,3,2020,5.16
145,3,2021,5.08
145,3,2022,5.24
145,3,2023,5.13
146,3,1980,5.71
146,3,1981,5.64
146,3,1982,5.66
146,3,1983,5.68
146,3,1984,5.63
146,3,1985,5.57
146,3,1986,5.52
146,3,1987,5.47
146,3,1988,5.44
146,3,1989,5.44
146,3,1990,5.54
146,3,1991,5.68
146,3,1992,5.76
146,3,1993,5.8
146,3,1994,5.88
146,3,1995,5.98
146,3,1996,6.02
146,3,1997,6.06
146,3,1998,6.1
146,3,1999,6.12
146,3,2000,6.13
146,3,2001,6.11
146,3,2002,6.02
146,3,2003,5.99
146,3,2004,5.99
146,3,2005,6
146,3,2006,6.03
146,3,2007,6.1
146,3,2008,6.19
146,3,2009,6.27
146,3,2010,6.36
146,3,2011,6.79
146,3,2012,7.37
146,3,2013,7.88
146,3,2014,8.08
146,3,2015,7.71
146,3,2016,6.8
146,3,2017,6.31
146,3,2018,6.51
146,3,2019,7.51
146,3,2020,8.89
146,3,2021,5.7
146,3,2022,6.9
146,3,2023,7.08
147,3,1980,8.53
147,3,1981,8.24
147,3,1982,7.91
147,3,1983,7.61
147,3,1984,7.31
147,3,1985,7.02
147,3,1986,6.79
147,3,1987,6.57
147,3,1988,6.41
147,3,1989,6.29
147,3,1990,6.17
147,3,1991,6.06
147,3,1992,6.02
147,3,1993,5.9
147,3,1994,5.76
147,3,1995,5.65
147,3,1996,5.57
147,3,1997,5.4
147,3,1998,5.34
147,3,1999,5.36
147,3,2000,5.29
147,3,2001,5.17
147,3,2002,5.07
147,3,2003,5.03
147,3,2004,5.02
147,3,2005,5.03
147,3,2006,5.08
147,3,2007,5.02
147,3,2008,4.84
147,3,2009,4.73
147,3,2010,4.6
147,3,2011,4.68
147,3,2012,4.71
147,3,2013,4.54
147,3,2014,4.48
147,3,2015,4.42
147,3,2016,4.27
147,3,2017,4.26
147,3,2018,4.26
147,3,2019,4.3
147,3,2020,4.46
147,3,2021,4.61
147,3,2022,4.38
147,3,2023,4.42
148,3,1980,10.38
148,3,1981,10.16
148,3,1982,10.06
148,3,1983,9.85
148,3,1984,9.69
148,3,1985,9.54
148,3,1986,9.37
148,3,1987,9.21
148,3,1988,9.06
148,3,1989,8.94
148,3,1990,8.89
148,3,1991,8.79
148,3,1992,8.66
148,3,1993,8.54
148,3,1994,8.45
148,3,1995,8.33
148,3,1996,8.22
148,3,1997,8.07
148,3,1998,7.99
148,3,1999,7.9
148,3,2000,7.84
148,3,2001,7.77
148,3,2002,7.72
148,3,2003,7.69
148,3,2004,7.67
148,3,2005,7.67
148,3,2006,7.65
148,3,2007,7.65
148,3,2008,7.63
148,3,2009,7.68
148,3,2010,7.65
148,3,2011,7.66
148,3,2012,7.71
148,3,2013,7.83
148,3,2014,7.9
148,3,2015,7.81
148,3,2016,7.85
148,3,2017,7.82
148,3,2018,7.93
148,3,2019,8.02
148,3,2020,8.16
148,3,2021,8.32
148,3,2022,8.44
148,3,2023,8.29
149,3,1980,8.99
149,3,1981,8.8
149,3,1982,8.57
149,3,1983,8.44
149,3,1984,8.38
149,3,1985,8.31
149,3,1986,8.23
149,3,1987,8.16
149,3,1988,8.1
149,3,1989,8.1
149,3,1990,8.06
149,3,1991,8.03
149,3,1992,8.01
149,3,1993,7.96
149,3,1994,7.89
149,3,1995,7.8
149,3,1996,7.68
149,3,1997,7.59
149,3,1998,7.47
149,3,1999,7.37
149,3,2000,7.26
149,3,2001,7.15
149,3,2002,7.03
149,3,2003,6.91
149,3,2004,6.79
149,3,2005,6.72
149,3,2006,6.63
149,3,2007,6.53
149,3,2008,6.46
149,3,2009,6.41
149,3,2010,6.37
149,3,2011,6.29
149,3,2012,6.07
149,3,2013,5.83
149,3,2014,5.69
149,3,2015,5.64
149,3,2016,5.62
149,3,2017,5.61
149,3,2018,5.52
149,3,2019,5.44
149,3,2020,5.33
149,3,2021,5.35
149,3,2022,5.26
149,3,2023,5.37
150,3,1980,13.06
150,3,1981,12.5
150,3,1982,12.32
150,3,1983,12.02
150,3,1984,11.73
150,3,1985,11.58
150,3,1986,11.46
150,3,1987,11.34
150,3,1988,11.28
150,3,1989,11.32
150,3,1990,11.33
150,3,1991,10.95
150,3,1992,10.78
150,3,1993,10.49
150,3,1994,10.19
150,3,1995,9.74
150,3,1996,9.26
150,3,1997,8.82
150,3,1998,8.49
150,3,1999,8.15
150,3,2000,7.96
150,3,2001,7.83
150,3,2002,7.74
150,3,2003,7.58
150,3,2004,7.5
150,3,2005,7.37
150,3,2006,7.31
150,3,2007,7.19
150,3,2008,7.19
150,3,2009,7.15
150,3,2010,7.23
150,3,2011,7.2
150,3,2012,7.24
150,3,2013,7.25
150,3,2014,7.33
150,3,2015,7.22
150,3,2016,7.16
150,3,2017,7.2
150,3,2018,7.16
150,3,2019,7.09
150,3,2020,7.54
150,3,2021,7.8
150,3,2022,7.05
150,3,2023,6.56
151,3,1980,16.27
151,3,1981,15.68
151,3,1982,15.09
151,3,1983,14.3
151,3,1984,13.78
151,3,1985,12.92
151,3,1986,12.04
151,3,1987,11.47
151,3,1988,11.23
151,3,1989,10.97
151,3,1990,10.69
151,3,1991,10.54
151,3,1992,10.58
151,3,1993,10.68
151,3,1994,11.07
151,3,1995,11.3
151,3,1996,10.65
151,3,1997,10
151,3,1998,9.81
151,3,1999,9.7
151,3,2000,9.69
151,3,2001,9.76
151,3,2002,9.76
151,3,2003,9.56
151,3,2004,9.28
151,3,2005,8.9
151,3,2006,8.52
151,3,2007,8.1
151,3,2008,7.7
151,3,2009,7.3
151,3,2010,6.96
151,3,2011,6.63
151,3,2012,6.32
151,3,2013,6.14
151,3,2014,6.1
151,3,2015,5.7
151,3,2016,5.59
151,3,2017,5.47
151,3,2018,5.44
151,3,2019,5.67
151,3,2020,5.69
151,3,2021,5.42
151,3,2022,5.18
151,3,2023,5.3
152,3,1980,10.96
152,3,1981,10.7
152,3,1982,10.27
152,3,1983,9.77
152,3,1984,9.31
152,3,1985,8.89
152,3,1986,8.52
152,3,1987,8.18
152,3,1988,7.79
152,3,1989,7.51
152,3,1990,7.31
152,3,1991,7.08
152,3,1992,6.84
152,3,1993,6.65
152,3,1994,6.45
152,3,1995,6.22
152,3,1996,5.98
152,3,1997,5.75
152,3,1998,5.59
152,3,1999,5.48
152,3,2000,5.43
152,3,2001,5.4
152,3,2002,5.41
152,3,2003,5.43
152,3,2004,5.48
152,3,2005,5.52
152,3,2006,5.58
152,3,2007,5.62
152,3,2008,5.71
152,3,2009,5.78
152,3,2010,5.84
152,3,2011,5.79
152,3,2012,5.68
152,3,2013,5.55
152,3,2014,5.52
152,3,2015,5.29
152,3,2016,5.19
152,3,2017,5.11
152,3,2018,5.02
152,3,2019,5.07
152,3,2020,5.38
152,3,2021,5.25
152,3,2022,5.21
152,3,2023,5.21
153,3,1980,4.26
153,3,1981,4.26
153,3,1982,4.23
153,3,1983,4.21
153,3,1984,4.25
153,3,1985,4.22
153,3,1986,4.24
153,3,1987,4.24
153,3,1988,4.25
153,3,1989,4.28
153,3,1990,4.3
153,3,1991,4.33
153,3,1992,4.38
153,3,1993,4.42
153,3,1994,4.43
153,3,1995,4.42
153,3,1996,4.41
153,3,1997,4.41
153,3,1998,4.39
153,3,1999,4.48
153,3,2000,4.61
153,3,2001,4.63
153,3,2002,4.58
153,3,2003,4.61
153,3,2004,4.5
153,3,2005,4.35
153,3,2006,4.23
153,3,2007,4.15
153,3,2008,4.1
153,3,2009,4.07
153,3,2010,4.03
153,3,2011,3.96
153,3,2012,3.88
153,3,2013,3.77
153,3,2014,3.72
153,3,2015,3.71
153,3,2016,3.74
153,3,2017,3.79
153,3,2018,3.81
153,3,2019,3.83
153,3,2020,3.89
153,3,2021,3.83
153,3,2022,3.84
153,3,2023,3.85
154,3,1980,18.02
154,3,1981,17.92
154,3,1982,17.91
154,3,1983,17.94
154,3,1984,17.97
154,3,1985,18.03
154,3,1986,17.7
154,3,1987,17.74
154,3,1988,17.96
154,3,1989,18.31
154,3,1990,18.46
154,3,1991,18.49
154,3,1992,18.51
154,3,1993,18.43
154,3,1994,18.28
154,3,1995,17.85
154,3,1996,17.59
154,3,1997,17.62
154,3,1998,17.49
154,3,1999,17.38
154,3,2000,17.1
154,3,2001,16.84
154,3,2002,16.58
154,3,2003,16.28
154,3,2004,15.98
154,3,2005,15.71
154,3,2006,15.47
154,3,2007,15.27
154,3,2008,15.05
154,3,2009,14.81
154,3,2010,14.56
154,3,2011,14.43
154,3,2012,14.29
154,3,2013,14.06
154,3,2014,13.82
154,3,2015,13.67
154,3,2016,13.65
154,3,2017,13.58
154,3,2018,13.43
154,3,2019,13.64
154,3,2020,13.12
154,3,2021,12.08
154,3,2022,12.37
154,3,2023,13.74
155,3,1980,10.4
155,3,1981,10.35
155,3,1982,10.1
155,3,1983,9.82
155,3,1984,9.44
155,3,1985,9.18
155,3,1986,9.05
155,3,1987,8.88
155,3,1988,9.01
155,3,1989,9.35
155,3,1990,9.43
155,3,1991,9.52
155,3,1992,9.56
155,3,1993,9.52
155,3,1994,9.5
155,3,1995,9.41
155,3,1996,9.16
155,3,1997,9.05
155,3,1998,9.02
155,3,1999,8.76
155,3,2000,8.71
155,3,2001,8.51
155,3,2002,8.46
155,3,2003,8.26
155,3,2004,8.2
155,3,2005,8.35
155,3,2006,8.53
155,3,2007,8.37
155,3,2008,7.8
155,3,2009,6.95
155,3,2010,6.78
155,3,2011,6.92
155,3,2012,7
155,3,2013,7.34
155,3,2014,7.54
155,3,2015,7.54
155,3,2016,7.53
155,3,2017,7.39
155,3,2018,7.09
155,3,2019,6.96
155,3,2020,7.15
155,3,2021,7.31
155,3,2022,7.08
155,3,2023,6.88
156,3,1980,38.26
156,3,1981,36.29
156,3,1982,33.53
156,3,1983,30.5
156,3,1984,27.86
156,3,1985,25.66
156,3,1986,23.47
156,3,1987,21.74
156,3,1988,20.24
156,3,1989,19.04
156,3,1990,19.05
156,3,1991,18.48
156,3,1992,17.52
156,3,1993,16.91
156,3,1994,16.48
156,3,1995,15.84
156,3,1996,15.34
156,3,1997,14.55
156,3,1998,14.46
156,3,1999,14.25
156,3,2000,14.29
156,3,2001,13.97
156,3,2002,13.8
156,3,2003,13.64
156,3,2004,13.27
156,3,2005,13.13
156,3,2006,12.62
156,3,2007,11.82
156,3,2008,11.21
156,3,2009,10.63
156,3,2010,10.25
156,3,2011,9.75
156,3,2012,9.33
156,3,2013,9.17
156,3,2014,9.15
156,3,2015,9.03
156,3,2016,9.32
156,3,2017,9.48
156,3,2018,9.7
156,3,2019,10.23
156,3,2020,9.68
156,3,2021,9.56
156,3,2022,9.27
156,3,2023,9.74
157,3,1980,10.49
157,3,1981,10.35
157,3,1982,10.22
157,3,1983,10.13
157,3,1984,10.01
157,3,1985,9.92
157,3,1986,9.84
157,3,1987,9.72
157,3,1988,9.65
157,3,1989,9.57
157,3,1990,9.52
157,3,1991,9.44
157,3,1992,9.33
157,3,1993,9.16
157,3,1994,8.99
157,3,1995,8.75
157,3,1996,8.51
157,3,1997,8.27
157,3,1998,8.02
157,3,1999,7.92
157,3,2000,7.81
157,3,2001,7.64
157,3,2002,7.59
157,3,2003,7.5
157,3,2004,7.48
157,3,2005,7.39
157,3,2006,7.29
157,3,2007,7.24
157,3,2008,7.26
157,3,2009,7.13
157,3,2010,6.88
157,3,2011,6.78
157,3,2012,6.54
157,3,2013,6.58
157,3,2014,6.59
157,3,2015,6.56
157,3,2016,6.48
157,3,2017,6.31
157,3,2018,6.14
157,3,2019,6.23
157,3,2020,6.45
157,3,2021,6.25
157,3,2022,6.33
157,3,2023,6.47
160,3,1980,10.6
160,3,1981,10.61
160,3,1982,10.48
160,3,1983,10.34
160,3,1984,10.29
160,3,1985,10.43
160,3,1986,10.64
160,3,1987,10.59
160,3,1988,10.47
160,3,1989,10.4
160,3,1990,10.42
160,3,1991,10.26
160,3,1992,10.15
160,3,1993,10.34
160,3,1994,10.45
160,3,1995,10.46
160,3,1996,10.22
160,3,1997,10
160,3,1998,9.77
160,3,1999,9.74
160,3,2000,9.67
160,3,2001,9.57
160,3,2002,9.22
160,3,2003,9.57
160,3,2004,9.87
160,3,2005,9.81
160,3,2006,9.67
160,3,2007,9.57
160,3,2008,9.38
160,3,2009,9.28
160,3,2010,9.26
160,3,2011,9.09
160,3,2012,8.96
160,3,2013,8.96
160,3,2014,8.88
160,3,2015,8.9
160,3,2016,8.86
160,3,2017,8.81
160,3,2018,8.72
160,3,2019,8.8
160,3,2020,8.88
160,3,2021,9.09
160,3,2022,9.41
160,3,2023,9.67
161,3,1980,8.42
161,3,1981,8.25
161,3,1982,8.1
161,3,1983,7.86
161,3,1984,7.8
161,3,1985,7.62
161,3,1986,7.63
161,3,1987,7.81
161,3,1988,8.09
161,3,1989,8.36
161,3,1990,8.4
161,3,1991,9.19
161,3,1992,8.93
161,3,1993,9.06
161,3,1994,9.23
161,3,1995,9.38
161,3,1996,9.61
161,3,1997,9.77
161,3,1998,9.99
161,3,1999,10.1
161,3,2000,10.11
161,3,2001,10.21
161,3,2002,10.29
161,3,2003,10.36
161,3,2004,10.24
161,3,2005,10.22
161,3,2006,10.12
161,3,2007,10.1
161,3,2008,10.02
161,3,2009,9.95
161,3,2010,9.74
161,3,2011,9.44
161,3,2012,9.2
161,3,2013,9.03
161,3,2014,8.64
161,3,2015,8.53
161,3,2016,8.35
161,3,2017,8.17
161,3,2018,7.97
161,3,2019,7.96
161,3,2020,7.99
161,3,2021,8.17
161,3,2022,8.16
161,3,2023,8.11
162,3,1980,27.55
162,3,1981,27.08
162,3,1982,26.35
162,3,1983,25.82
162,3,1984,25.22
162,3,1985,24.83
162,3,1986,24.51
162,3,1987,23.96
162,3,1988,23.97
162,3,1989,24.1
162,3,1990,24.45
162,3,1991,24.84
162,3,1992,25.21
162,3,1993,25.54
162,3,1994,25.35
162,3,1995,25.81
162,3,1996,26.01
162,3,1997,26.52
162,3,1998,25.83
162,3,1999,25.22
162,3,2000,25.47
162,3,2001,25.71
162,3,2002,25.74
162,3,2003,25.54
162,3,2004,25.09
162,3,2005,24.56
162,3,2006,24.04
162,3,2007,23.62
162,3,2008,23.16
162,3,2009,22.51
162,3,2010,22.13
162,3,2011,21.64
162,3,2012,21.15
162,3,2013,20.8
162,3,2014,20.43
162,3,2015,20.23
162,3,2016,20.09
162,3,2017,20.03
162,3,2018,19.81
162,3,2019,19.65
162,3,2020,19.75
162,3,2021,19.64
162,3,2022,19.42
162,3,2023,19.51
163,3,1980,24.39
163,3,1981,23.76
163,3,1982,23.53
163,3,1983,23.49
163,3,1984,23.61
163,3,1985,23.91
163,3,1986,24.34
163,3,1987,24.76
163,3,1988,25.14
163,3,1989,25.43
163,3,1990,25.52
163,3,1991,25.41
163,3,1992,24.66
163,3,1993,24.13
163,3,1994,23.77
163,3,1995,23.49
163,3,1996,24.23
163,3,1997,25.09
163,3,1998,25.18
163,3,1999,24.96
163,3,2000,24.57
163,3,2001,24.45
163,3,2002,24.79
163,3,2003,24.51
163,3,2004,24.06
163,3,2005,24.38
163,3,2006,24.67
163,3,2007,24.94
163,3,2008,24.67
163,3,2009,23.79
163,3,2010,23.13
163,3,2011,22.33
163,3,2012,21.88
163,3,2013,21.34
163,3,2014,20.77
163,3,2015,20.89
163,3,2016,20.9
163,3,2017,20.87
163,3,2018,20.55
163,3,2019,20.17
163,3,2020,20.54
163,3,2021,20.72
163,3,2022,20.74
163,3,2023,21.05
164,3,1980,16.93
164,3,1981,16.66
164,3,1982,16.32
164,3,1983,15.99
164,3,1984,15.72
164,3,1985,15.51
164,3,1986,15.37
164,3,1987,15.29
164,3,1988,15.29
164,3,1989,15.35
164,3,1990,15.38
164,3,1991,15.56
164,3,1992,15.65
164,3,1993,15.46
164,3,1994,15.44
164,3,1995,15.4
164,3,1996,15.37
164,3,1997,15.37
164,3,1998,15.31
164,3,1999,15.22
164,3,2000,15.08
164,3,2001,14.92
164,3,2002,14.77
164,3,2003,14.55
164,3,2004,14.23
164,3,2005,14.04
164,3,2006,13.75
164,3,2007,13.5
164,3,2008,13.28
164,3,2009,13.2
164,3,2010,12.91
164,3,2011,12.52
164,3,2012,12.19
164,3,2013,12.17
164,3,2014,12.1
164,3,2015,11.95
164,3,2016,11.95
164,3,2017,12
164,3,2018,11.93
164,3,2019,12.01
164,3,2020,12.17
164,3,2021,12.81
164,3,2022,12.88
164,3,2023,13.45
165,3,1980,12.46
165,3,1981,12.24
165,3,1982,11.98
165,3,1983,11.7
165,3,1984,11.47
165,3,1985,11.32
165,3,1986,11.21
165,3,1987,11.07
165,3,1988,10.98
165,3,1989,10.97
165,3,1990,10.99
165,3,1991,10.95
165,3,1992,10.81
165,3,1993,10.65
165,3,1994,10.34
165,3,1995,10.07
165,3,1996,9.87
165,3,1997,9.7
165,3,1998,9.63
165,3,1999,9.52
165,3,2000,9.49
165,3,2001,9.42
165,3,2002,9.37
165,3,2003,9.16
165,3,2004,9
165,3,2005,9.08
165,3,2006,8.82
165,3,2007,8.86
165,3,2008,8.95
165,3,2009,9.04
165,3,2010,9.01
165,3,2011,8.86
165,3,2012,8.69
165,3,2013,8.65
165,3,2014,8.56
165,3,2015,8.52
165,3,2016,8.46
165,3,2017,8.44
165,3,2018,8.34
165,3,2019,8.4
165,3,2020,8.74
165,3,2021,8.98
165,3,2022,9
165,3,2023,8.9
168,3,1980,12.72
168,3,1981,12.6
168,3,1982,12.46
168,3,1983,12.32
168,3,1984,12.13
168,3,1985,12.04
168,3,1986,12.03
168,3,1987,11.87
168,3,1988,11.7
168,3,1989,11.76
168,3,1990,11.45
168,3,1991,11.25
168,3,1992,11.07
168,3,1993,11.07
168,3,1994,11.05
168,3,1995,10.74
168,3,1996,9.93
168,3,1997,9.66
168,3,1998,10.03
168,3,1999,10.09
168,3,2000,9.97
168,3,2001,9.95
168,3,2002,10.03
168,3,2003,9.96
168,3,2004,9.93
168,3,2005,9.9
168,3,2006,10.16
168,3,2007,10.18
168,3,2008,10.28
168,3,2009,10.31
168,3,2010,10.34
168,3,2011,10.32
168,3,2012,10.26
168,3,2013,10.28
168,3,2014,10.29
168,3,2015,10.2
168,3,2016,9.92
168,3,2017,9.77
168,3,2018,9.58
168,3,2019,9.48
168,3,2020,9.45
168,3,2021,9.6
168,3,2022,9.84
168,3,2023,10.11
169,3,1980,10.83
169,3,1981,10.79
169,3,1982,10.73
169,3,1983,10.42
169,3,1984,10.32
169,3,1985,10.21
169,3,1986,10.28
169,3,1987,10.17
169,3,1988,9.83
169,3,1989,9.65
169,3,1990,9.43
169,3,1991,9.59
169,3,1992,9.58
169,3,1993,9.82
169,3,1994,9.75
169,3,1995,9.43
169,3,1996,9.46
169,3,1997,9.14
169,3,1998,9.1
169,3,1999,9
169,3,2000,8.67
169,3,2001,8.48
169,3,2002,8.42
169,3,2003,8.16
169,3,2004,7.97
169,3,2005,7.84
169,3,2006,7.81
169,3,2007,7.69
169,3,2008,7.54
169,3,2009,7.56
169,3,2010,7.79
169,3,2011,7.86
169,3,2012,7.72
169,3,2013,7.77
169,3,2014,7.69
169,3,2015,7.66
169,3,2016,7.67
169,3,2017,7.74
169,3,2018,7.72
169,3,2019,7.79
169,3,2020,7.89
169,3,2021,7.83
169,3,2022,8.5
169,3,2023,8.72
170,3,1980,10.33
170,3,1981,9.86
170,3,1982,9.76
170,3,1983,9.84
170,3,1984,9.45
170,3,1985,9.27
170,3,1986,8.97
170,3,1987,8.9
170,3,1988,8.7
170,3,1989,8.27
170,3,1990,8.09
170,3,1991,7.93
170,3,1992,7.9
170,3,1993,7.78
170,3,1994,8.13
170,3,1995,7.93
170,3,1996,7.8
170,3,1997,8.03
170,3,1998,7.47
170,3,1999,7.56
170,3,2000,7.55
170,3,2001,7.21
170,3,2002,7.29
170,3,2003,7.41
170,3,2004,7.39
170,3,2005,7.61
170,3,2006,7.74
170,3,2007,7.86
170,3,2008,8.01
170,3,2009,8.12
170,3,2010,8.08
170,3,2011,7.91
170,3,2012,7.87
170,3,2013,7.79
170,3,2014,7.72
170,3,2015,7.73
170,3,2016,7.74
170,3,2017,7.67
170,3,2018,7.64
170,3,2019,7.77
170,3,2020,7.95
170,3,2021,8.03
170,3,2022,8.56
170,3,2023,8.76
171,3,1980,10.9
171,3,1981,10.88
171,3,1982,10.86
171,3,1983,10.84
171,3,1984,10.86
171,3,1985,10.99
171,3,1986,10.8
171,3,1987,10.72
171,3,1988,10.65
171,3,1989,10.53
171,3,1990,10.48
171,3,1991,10.52
171,3,1992,10.44
171,3,1993,10.35
171,3,1994,10.12
171,3,1995,10.02
171,3,1996,9.92
171,3,1997,9.85
171,3,1998,9.94
171,3,1999,10.11
171,3,2000,10.26
171,3,2001,10.31
171,3,2002,10.53
171,3,2003,10.51
171,3,2004,10.5
171,3,2005,10.55
171,3,2006,10.62
171,3,2007,10.6
171,3,2008,10.61
171,3,2009,10.62
171,3,2010,10.59
171,3,2011,10.57
171,3,2012,10.57
171,3,2013,10.62
171,3,2014,10.66
171,3,2015,10.56
171,3,2016,10.52
171,3,2017,10.47
171,3,2018,10.53
171,3,2019,10.57
171,3,2020,11.24
171,3,2021,11.13
171,3,2022,12
171,3,2023,11.99
172,3,1980,14.51
172,3,1981,14.29
172,3,1982,13.91
172,3,1983,13.54
172,3,1984,13.17
172,3,1985,12.92
172,3,1986,12.28
172,3,1987,11.93
172,3,1988,12.12
172,3,1989,11.97
172,3,1990,11.77
172,3,1991,11.73
172,3,1992,11.58
172,3,1993,11.47
172,3,1994,11.06
172,3,1995,10.98
172,3,1996,10.8
172,3,1997,10.82
172,3,1998,10.71
172,3,1999,10.77
172,3,2000,10.85
172,3,2001,10.82
172,3,2002,10.73
172,3,2003,10.48
172,3,2004,10.42
172,3,2005,10.58
172,3,2006,10.52
172,3,2007,10.46
172,3,2008,10.53
172,3,2009,10.86
172,3,2010,10.88
172,3,2011,10.55
172,3,2012,10.35
172,3,2013,10.22
172,3,2014,10.15
172,3,2015,9.76
172,3,2016,9.56
172,3,2017,9.66
172,3,2018,9.57
172,3,2019,9.38
172,3,2020,9.33
172,3,2021,9.87
172,3,2022,10.58
172,3,2023,10.91
173,3,1980,8.8
173,3,1981,8.72
173,3,1982,8.79
173,3,1983,8.95
173,3,1984,8.67
173,3,1985,8.56
173,3,1986,8.5
173,3,1987,8.46
173,3,1988,8.24
173,3,1989,8.12
173,3,1990,7.84
173,3,1991,8
173,3,1992,7.98
173,3,1993,7.67
173,3,1994,7.61
173,3,1995,7.7
173,3,1996,7.51
173,3,1997,7.55
173,3,1998,7.47
173,3,1999,7.2
173,3,2000,7.2
173,3,2001,7.21
173,3,2002,7.38
173,3,2003,7.34
173,3,2004,7.37
173,3,2005,7.61
173,3,2006,7.7
173,3,2007,7.78
173,3,2008,7.72
173,3,2009,7.66
173,3,2010,7.51
173,3,2011,7.43
173,3,2012,7.48
173,3,2013,7.63
173,3,2014,7.74
173,3,2015,7.8
173,3,2016,7.69
173,3,2017,7.59
173,3,2018,7.48
173,3,2019,7.42
173,3,2020,7.45
173,3,2021,7.46
173,3,2022,7.94
173,3,2023,8.13
175,3,1980,15.79
175,3,1981,15.8
175,3,1982,15.8
175,3,1983,15.83
175,3,1984,15.87
175,3,1985,15.85
175,3,1986,15.82
175,3,1987,15.73
175,3,1988,15.6
175,3,1989,15.47
175,3,1990,15.35
175,3,1991,15.21
175,3,1992,15.11
175,3,1993,15.09
175,3,1994,14.8
175,3,1995,14.51
175,3,1996,14.48
175,3,1997,14.36
175,3,1998,14.12
175,3,1999,14.03
175,3,2000,14.1
175,3,2001,14.04
175,3,2002,14.14
175,3,2003,14.08
175,3,2004,14.26
175,3,2005,14.45
175,3,2006,14.71
175,3,2007,15.09
175,3,2008,15.53
175,3,2009,15.65
175,3,2010,15.74
175,3,2011,15.82
175,3,2012,15.93
175,3,2013,15.86
175,3,2014,15.91
175,3,2015,15.96
175,3,2016,15.82
175,3,2017,15.81
175,3,2018,15.75
175,3,2019,15.8
175,3,2020,16.11
175,3,2021,17.72
175,3,2022,16.52
175,3,2023,17.03
176,3,1980,9.21
176,3,1981,8.9
176,3,1982,8.62
176,3,1983,8.29
176,3,1984,7.98
176,3,1985,7.7
176,3,1986,7.47
176,3,1987,7.3
176,3,1988,7.15
176,3,1989,7.05
176,3,1990,6.97
176,3,1991,6.96
176,3,1992,6.89
176,3,1993,6.78
176,3,1994,6.65
176,3,1995,6.42
176,3,1996,6.44
176,3,1997,6.1
176,3,1998,6.1
176,3,1999,5.88
176,3,2000,6.06
176,3,2001,5.84
176,3,2002,5.97
176,3,2003,5.82
176,3,2004,5.5
176,3,2005,5.65
176,3,2006,5.34
176,3,2007,5.71
176,3,2008,5.6
176,3,2009,5.43
176,3,2010,5.18
176,3,2011,5.22
176,3,2012,5.05
176,3,2013,4.96
176,3,2014,5.21
176,3,2015,5.11
176,3,2016,5.06
176,3,2017,4.99
176,3,2018,4.82
176,3,2019,4.86
176,3,2020,5.29
176,3,2021,6.1
176,3,2022,5.04
176,3,2023,5.03
177,3,1980,13.32
177,3,1981,13.18
177,3,1982,13.05
177,3,1983,12.95
177,3,1984,12.84
177,3,1985,12.77
177,3,1986,12.63
177,3,1987,12.58
177,3,1988,12.49
177,3,1989,12.4
177,3,1990,12.19
177,3,1991,11.69
177,3,1992,11.59
177,3,1993,12.62
177,3,1994,11.35
177,3,1995,11.55
177,3,1996,11.24
177,3,1997,10.83
177,3,1998,10.72
177,3,1999,10.46
177,3,2000,10.3
177,3,2001,10.18
177,3,2002,10.11
177,3,2003,9.7
177,3,2004,9.95
177,3,2005,9.86
177,3,2006,9.88
177,3,2007,9.89
177,3,2008,9.9
177,3,2009,9.76
177,3,2010,9.78
177,3,2011,9.71
177,3,2012,9.66
177,3,2013,9.63
177,3,2014,9.43
177,3,2015,9.57
177,3,2016,9.52
177,3,2017,9.59
177,3,2018,9.27
177,3,2019,9.36
177,3,2020,9.17
177,3,2021,9.61
177,3,2022,9.25
177,3,2023,9.6
178,3,1980,19.42
178,3,1981,19.14
178,3,1982,18.8
178,3,1983,18.38
178,3,1984,17.91
178,3,1985,17.43
178,3,1986,17.08
178,3,1987,16.74
178,3,1988,16.38
178,3,1989,16.04
178,3,1990,15.76
178,3,1991,15.52
178,3,1992,15.33
178,3,1993,15.02
178,3,1994,14.62
178,3,1995,14.27
178,3,1996,14.12
178,3,1997,13.94
178,3,1998,13.75
178,3,1999,13.66
178,3,2000,13.57
178,3,2001,13.35
178,3,2002,13.51
178,3,2003,13.35
178,3,2004,13.38
178,3,2005,13.28
178,3,2006,13.21
178,3,2007,13.17
178,3,2008,13.22
178,3,2009,13.2
178,3,2010,13.17
178,3,2011,13.14
178,3,2012,13.17
178,3,2013,13.21
178,3,2014,13.15
178,3,2015,13.22
178,3,2016,13.29
178,3,2017,13.36
178,3,2018,13.43
178,3,2019,13.54
178,3,2020,13.75
178,3,2021,13.54
178,3,2022,15.5
178,3,2023,14.81
179,3,1980,14.89
179,3,1981,14.8
179,3,1982,14.72
179,3,1983,14.56
179,3,1984,14.5
179,3,1985,14.59
179,3,1986,14.65
179,3,1987,14.78
179,3,1988,14.9
179,3,1989,15.01
179,3,1990,15.11
179,3,1991,15.26
179,3,1992,15.5
179,3,1993,15.69
179,3,1994,15.8
179,3,1995,15.9
179,3,1996,16.06
179,3,1997,16.11
179,3,1998,16.07
179,3,1999,15.99
179,3,2000,15.88
179,3,2001,15.86
179,3,2002,15.84
179,3,2003,15.75
179,3,2004,15.69
179,3,2005,15.87
179,3,2006,16.12
179,3,2007,16.41
179,3,2008,16.77
179,3,2009,16.91
179,3,2010,17
179,3,2011,17.08
179,3,2012,17
179,3,2013,16.94
179,3,2014,16.92
179,3,2015,16.9
179,3,2016,16.59
179,3,2017,16.47
179,3,2018,16.36
179,3,2019,16.33
179,3,2020,16.39
179,3,2021,17.53
179,3,2022,17.64
179,3,2023,18.18
180,3,1980,24.54
180,3,1981,24.05
180,3,1982,23.52
180,3,1983,22.99
180,3,1984,22.55
180,3,1985,22.11
180,3,1986,21.69
180,3,1987,21.21
180,3,1988,20.83
180,3,1989,20.44
180,3,1990,20.15
180,3,1991,19.95
180,3,1992,19.83
180,3,1993,19.81
180,3,1994,19.8
180,3,1995,19.74
180,3,1996,19.67
180,3,1997,19.55
180,3,1998,19.41
180,3,1999,19.27
180,3,2000,19.27
180,3,2001,18.81
180,3,2002,18.62
180,3,2003,18.17
180,3,2004,18.02
180,3,2005,17.53
180,3,2006,16.8
180,3,2007,16.36
180,3,2008,16.01
180,3,2009,15.75
180,3,2010,15.59
180,3,2011,15.47
180,3,2012,15.37
180,3,2013,15.19
180,3,2014,14.96
180,3,2015,14.82
180,3,2016,14.65
180,3,2017,14.57
180,3,2018,14.4
180,3,2019,14.22
180,3,2020,15.41
180,3,2021,16.9
180,3,2022,14.44
180,3,2023,14.49
181,3,1980,26.3
181,3,1981,26.06
181,3,1982,25.25
181,3,1983,25.15
181,3,1984,24.86
181,3,1985,24.67
181,3,1986,24.23
181,3,1987,23.93
181,3,1988,24.06
181,3,1989,23.68
181,3,1990,23.72
181,3,1991,23.79
181,3,1992,23.84
181,3,1993,23.47
181,3,1994,23.6
181,3,1995,23.18
181,3,1996,22.84
181,3,1997,22.46
181,3,1998,21.98
181,3,1999,21.9
181,3,2000,21.68
181,3,2001,21.35
181,3,2002,20.98
181,3,2003,20.38
181,3,2004,20.04
181,3,2005,19.86
181,3,2006,19.97
181,3,2007,20.1
181,3,2008,20.38
181,3,2009,20.37
181,3,2010,20.31
181,3,2011,20.22
181,3,2012,20.12
181,3,2013,19.89
181,3,2014,19.58
181,3,2015,19.41
181,3,2016,19.22
181,3,2017,19.04
181,3,2018,18.95
181,3,2019,18.72
181,3,2020,18.98
181,3,2021,20.25
181,3,2022,21.28
181,3,2023,20.87
182,3,1980,29.86
182,3,1981,29.79
182,3,1982,29.66
182,3,1983,29.56
182,3,1984,29.44
182,3,1985,29.42
182,3,1986,29.4
182,3,1987,29.06
182,3,1988,28.66
182,3,1989,28.12
182,3,1990,27.6
182,3,1991,27.37
182,3,1992,27.24
182,3,1993,27.19
182,3,1994,26.6
182,3,1995,26.42
182,3,1996,26.04
182,3,1997,25.78
182,3,1998,25.35
182,3,1999,24.98
182,3,2000,25.47
182,3,2001,25.26
182,3,2002,25.5
182,3,2003,24.86
182,3,2004,24.76
182,3,2005,23.98
182,3,2006,23.15
182,3,2007,22.16
182,3,2008,21.76
182,3,2009,21.73
182,3,2010,22.34
182,3,2011,22.55
182,3,2012,22.47
182,3,2013,22.11
182,3,2014,21.77
182,3,2015,21.73
182,3,2016,21.39
182,3,2017,21.32
182,3,2018,21.26
182,3,2019,21.16
182,3,2020,21.21
182,3,2021,31.04
182,3,2022,22.99
182,3,2023,22.68
183,3,1980,9.94
183,3,1981,12.49
183,3,1982,16.89
183,3,1983,15.36
183,3,1984,12.86
183,3,1985,12.55
183,3,1986,10.06
183,3,1987,5.4
183,3,1988,3.44
183,3,1989,2.46
183,3,1990,2.44
183,3,1991,2.57
183,3,1992,2.28
183,3,1993,2.16
183,3,1994,2.22
183,3,1995,3.02
183,3,1996,4.23
183,3,1997,5.08
183,3,1998,5.26
183,3,1999,5.11
183,3,2000,5.45
183,3,2001,5.16
183,3,2002,4.65
183,3,2003,4.44
183,3,2004,4.05
183,3,2005,3.92
183,3,2006,4.05
183,3,2007,4.12
183,3,2008,4.04
183,3,2009,4.23
183,3,2010,4.4
183,3,2011,4.34
183,3,2012,4.01
183,3,2013,3.86
183,3,2014,3.87
183,3,2015,3.98
183,3,2016,3.94
183,3,2017,4.19
183,3,2018,4.43
183,3,2019,4.25
183,3,2020,4.6
183,3,2021,5.4
183,3,2022,5.57
183,3,2023,5.83
184,3,1980,14.33
184,3,1981,14.13
184,3,1982,13.97
184,3,1983,13.83
184,3,1984,13.64
184,3,1985,13.46
184,3,1986,13.52
184,3,1987,13.39
184,3,1988,13.25
184,3,1989,13.07
184,3,1990,13.02
184,3,1991,12.91
184,3,1992,12.89
184,3,1993,12.81
184,3,1994,12.71
184,3,1995,12.69
184,3,1996,12.64
184,3,1997,12.53
184,3,1998,12.45
184,3,1999,12.38
184,3,2000,12.46
184,3,2001,12.22
184,3,2002,12.51
184,3,2003,12.23
184,3,2004,12.12
184,3,2005,11.93
184,3,2006,11.8
184,3,2007,11.34
184,3,2008,11.3
184,3,2009,10.96
184,3,2010,10.61
184,3,2011,10.43
184,3,2012,10.4
184,3,2013,10.3
184,3,2014,9.98
184,3,2015,9.92
184,3,2016,9.76
184,3,2017,9.73
184,3,2018,9.72
184,3,2019,9.92
184,3,2020,9.92
184,3,2021,10.59
184,3,2022,10.1
184,3,2023,10.24
185,3,1980,20.99
185,3,1981,20.95
185,3,1982,20.9
185,3,1983,20.82
185,3,1984,20.77
185,3,1985,20.63
185,3,1986,20.53
185,3,1987,20.41
185,3,1988,20.34
185,3,1989,20.26
185,3,1990,20.4
185,3,1991,20.74
185,3,1992,21.12
185,3,1993,21.48
185,3,1994,24.65
185,3,1995,21.59
185,3,1996,21.11
185,3,1997,20.71
185,3,1998,20.19
185,3,1999,19.67
185,3,2000,19.07
185,3,2001,18.32
185,3,2002,18.07
185,3,2003,17.74
185,3,2004,17.99
185,3,2005,17.96
185,3,2006,18.08
185,3,2007,17.91
185,3,2008,17.6
185,3,2009,17.36
185,3,2010,17.1
185,3,2011,16.97
185,3,2012,16.92
185,3,2013,17.07
185,3,2014,16.96
185,3,2015,16.73
185,3,2016,16.34
185,3,2017,16.21
185,3,2018,16.12
185,3,2019,16.17
185,3,2020,16.15
185,3,2021,16.92
185,3,2022,17.49
185,3,2023,18.04
186,3,1980,8.67
186,3,1981,8.59
186,3,1982,8.7
186,3,1983,8.45
186,3,1984,8.29
186,3,1985,8.28
186,3,1986,8.09
186,3,1987,7.63
186,3,1988,7.57
186,3,1989,7.48
186,3,1990,7.36
186,3,1991,7.37
186,3,1992,7.27
186,3,1993,6.96
186,3,1994,6.5
186,3,1995,6.13
186,3,1996,5.86
186,3,1997,5.67
186,3,1998,5.46
186,3,1999,5.31
186,3,2000,5.24
186,3,2001,5.16
186,3,2002,4.99
186,3,2003,4.83
186,3,2004,4.72
186,3,2005,4.71
186,3,2006,4.68
186,3,2007,4.7
186,3,2008,4.74
186,3,2009,4.74
186,3,2010,4.66
186,3,2011,4.6
186,3,2012,4.61
186,3,2013,4.54
186,3,2014,4.45
186,3,2015,4.32
186,3,2016,4.24
186,3,2017,4.11
186,3,2018,3.95
186,3,2019,3.86
186,3,2020,3.86
186,3,2021,4.01
186,3,2022,3.79
186,3,2023,4.25
187,3,1980,9.92
187,3,1981,10.08
187,3,1982,10.09
187,3,1983,10.4
187,3,1984,10.66
187,3,1985,10.55
187,3,1986,10.48
187,3,1987,10.43
187,3,1988,10.42
187,3,1989,10.4
187,3,1990,10.34
187,3,1991,10.43
187,3,1992,10.7
187,3,1993,10.43
187,3,1994,10.74
187,3,1995,10.53
187,3,1996,10.5
187,3,1997,10.49
187,3,1998,10.45
187,3,1999,10.41
187,3,2000,10.6
187,3,2001,10.58
187,3,2002,10.66
187,3,2003,10.58
187,3,2004,10.69
187,3,2005,10.79
187,3,2006,10.33
187,3,2007,10.1
187,3,2008,9.85
187,3,2009,9.69
187,3,2010,9.46
187,3,2011,9.28
187,3,2012,9.06
187,3,2013,8.97
187,3,2014,8.85
187,3,2015,8.65
187,3,2016,8.47
187,3,2017,8.26
187,3,2018,8.12
187,3,2019,8.1
187,3,2020,8.33
187,3,2021,10.13
187,3,2022,8.3
187,3,2023,8.39
189,3,1980,17.37
189,3,1981,17.17
189,3,1982,16.86
189,3,1983,16.65
189,3,1984,16.38
189,3,1985,16.13
189,3,1986,15.89
189,3,1987,15.68
189,3,1988,15.53
189,3,1989,15.37
189,3,1990,15.25
189,3,1991,15.3
189,3,1992,15.43
189,3,1993,15.3
189,3,1994,15.22
189,3,1995,15.03
189,3,1996,14.86
189,3,1997,14.73
189,3,1998,14.4
189,3,1999,13.97
189,3,2000,13.76
189,3,2001,13.77
189,3,2002,13.9
189,3,2003,13.9
189,3,2004,13.89
189,3,2005,13.7
189,3,2006,13.63
189,3,2007,13.62
189,3,2008,13.61
189,3,2009,13.57
189,3,2010,13.43
189,3,2011,13.4
189,3,2012,13.45
189,3,2013,13.31
189,3,2014,13.03
189,3,2015,12.9
189,3,2016,12.7
189,3,2017,12.49
189,3,2018,12.13
189,3,2019,11.76
189,3,2020,11.99
189,3,2021,13.16
189,3,2022,11.31
189,3,2023,11.48
190,3,1980,16.24
190,3,1981,15.51
190,3,1982,16.28
190,3,1983,16.18
190,3,1984,15.99
190,3,1985,15.82
190,3,1986,15.8
190,3,1987,15.82
190,3,1988,15.84
190,3,1989,16.43
190,3,1990,16.73
190,3,1991,17.28
190,3,1992,17.27
190,3,1993,17.22
190,3,1994,17.09
190,3,1995,16.69
190,3,1996,16.25
190,3,1997,15.71
190,3,1998,15.3
190,3,1999,14.87
190,3,2000,14.8
190,3,2001,14.37
190,3,2002,14.26
190,3,2003,13.78
190,3,2004,13.58
190,3,2005,13.42
190,3,2006,13.52
190,3,2007,13.54
190,3,2008,13.61
190,3,2009,13.62
190,3,2010,13.45
190,3,2011,13.44
190,3,2012,13.49
190,3,2013,13.43
190,3,2014,13.25
190,3,2015,13.02
190,3,2016,12.67
190,3,2017,12.48
190,3,2018,12.25
190,3,2019,12.02
190,3,2020,11.9
190,3,2021,13.35
190,3,2022,12.32
190,3,2023,12.67
191,3,1980,25.38
191,3,1981,24.96
191,3,1982,24.43
191,3,1983,24.03
191,3,1984,23.67
191,3,1985,23.47
191,3,1986,23.21
191,3,1987,23
191,3,1988,22.82
191,3,1989,22.58
191,3,1990,22.46
191,3,1991,22.51
191,3,1992,22.63
191,3,1993,22.66
191,3,1994,22.69
191,3,1995,22.69
191,3,1996,22.7
191,3,1997,22.59
191,3,1998,22.42
191,3,1999,22.3
191,3,2000,22.2
191,3,2001,22.5
191,3,2002,21.96
191,3,2003,21.41
191,3,2004,21.14
191,3,2005,20.98
191,3,2006,20.84
191,3,2007,20.33
191,3,2008,20.26
191,3,2009,20.21
191,3,2010,20.01
191,3,2011,20.02
191,3,2012,19.84
191,3,2013,19.61
191,3,2014,19.34
191,3,2015,19.37
191,3,2016,19.25
191,3,2017,19.12
191,3,2018,18.75
191,3,2019,18.6
191,3,2020,19.13
191,3,2021,21.39
191,3,2022,19.31
191,3,2023,19.62
193,3,1980,4.86
193,3,1981,4.7
193,3,1982,4.54
193,3,1983,4.39
193,3,1984,4.26
193,3,1985,4.15
193,3,1986,4.05
193,3,1987,3.96
193,3,1988,3.73
193,3,1989,3.67
193,3,1990,3.58
193,3,1991,3.42
193,3,1992,3.28
193,3,1993,3.14
193,3,1994,3.07
193,3,1995,3.05
193,3,1996,3.06
193,3,1997,3.14
193,3,1998,3.26
193,3,1999,3.34
193,3,2000,3.39
193,3,2001,3.35
193,3,2002,3.12
193,3,2003,2.75
193,3,2004,2.44
193,3,2005,2.29
193,3,2006,2.4
193,3,2007,2.14
193,3,2008,2.06
193,3,2009,2.01
193,3,2010,1.95
193,3,2011,1.94
193,3,2012,1.96
193,3,2013,1.97
193,3,2014,1.98
193,3,2015,2.03
193,3,2016,2.08
193,3,2017,2.1
193,3,2018,2.13
193,3,2019,2.15
193,3,2020,2.19
193,3,2021,2.51
193,3,2022,2.27
193,3,2023,2.29
194,3,1980,7.05
194,3,1981,6.99
194,3,1982,6.92
194,3,1983,6.85
194,3,1984,6.79
194,3,1985,6.73
194,3,1986,6.7
194,3,1987,6.63
194,3,1988,6.56
194,3,1989,6.42
194,3,1990,6.26
194,3,1991,6.08
194,3,1992,5.87
194,3,1993,5.7
194,3,1994,5.52
194,3,1995,5.41
194,3,1996,5.4
194,3,1997,5.38
194,3,1998,5.31
194,3,1999,5.29
194,3,2000,5.34
194,3,2001,5.96
194,3,2002,6.4
194,3,2003,6
194,3,2004,5.65
194,3,2005,4.95
194,3,2006,4.14
194,3,2007,3.65
194,3,2008,3.49
194,3,2009,3.52
194,3,2010,3.57
194,3,2011,3.61
194,3,2012,3.65
194,3,2013,3.73
194,3,2014,3.8
194,3,2015,3.81
194,3,2016,3.65
194,3,2017,3.5
194,3,2018,3.43
194,3,2019,3.39
194,3,2020,3.3
194,3,2021,3.45
194,3,2022,3.69
194,3,2023,3.76
195,3,1980,5.92
195,3,1981,5.8
195,3,1982,5.68
195,3,1983,5.55
195,3,1984,5.45
195,3,1985,5.35
195,3,1986,5.28
195,3,1987,5.18
195,3,1988,5.11
195,3,1989,5.1
195,3,1990,5.09
195,3,1991,5.08
195,3,1992,5
195,3,1993,4.84
195,3,1994,4.63
195,3,1995,4.37
195,3,1996,4.16
195,3,1997,4.02
195,3,1998,3.91
195,3,1999,3.85
195,3,2000,3.8
195,3,2001,3.7
195,3,2002,3.68
195,3,2003,3.61
195,3,2004,3.46
195,3,2005,3.35
195,3,2006,3.25
195,3,2007,3.28
195,3,2008,3.32
195,3,2009,3.32
195,3,2010,3.31
195,3,2011,3.34
195,3,2012,3.38
195,3,2013,3.36
195,3,2014,3.3
195,3,2015,3.28
195,3,2016,3.27
195,3,2017,3.23
195,3,2018,3.21
195,3,2019,3.23
195,3,2020,3.2
195,3,2021,3.52
195,3,2022,3.23
195,3,2023,3.21
196,3,1980,3.23
196,3,1981,3.16
196,3,1982,3.11
196,3,1983,3.03
196,3,1984,2.99
196,3,1985,2.92
196,3,1986,2.85
196,3,1987,2.81
196,3,1988,2.76
196,3,1989,2.73
196,3,1990,2.71
196,3,1991,2.67
196,3,1992,2.64
196,3,1993,2.78
196,3,1994,2.88
196,3,1995,2.88
196,3,1996,3.02
196,3,1997,2.96
196,3,1998,2.99
196,3,1999,2.92
196,3,2000,2.79
196,3,2001,2.71
196,3,2002,2.63
196,3,2003,2.52
196,3,2004,2.34
196,3,2005,2.28
196,3,2006,2.29
196,3,2007,2.3
196,3,2008,2.32
196,3,2009,2.37
196,3,2010,2.41
196,3,2011,2.46
196,3,2012,2.48
196,3,2013,2.5
196,3,2014,2.53
196,3,2015,2.51
196,3,2016,2.48
196,3,2017,2.44
196,3,2018,2.39
196,3,2019,2.27
196,3,2020,2.1
196,3,2021,2.14
196,3,2022,2.17
196,3,2023,2.26
197,3,1980,7.51
197,3,1981,7.39
197,3,1982,7.25
197,3,1983,7.1
197,3,1984,7.01
197,3,1985,6.91
197,3,1986,6.84
197,3,1987,6.78
197,3,1988,6.75
197,3,1989,6.74
197,3,1990,6.76
197,3,1991,6.73
197,3,1992,6.69
197,3,1993,6.51
197,3,1994,6.16
197,3,1995,5.66
197,3,1996,5.16
197,3,1997,4.77
197,3,1998,4.43
197,3,1999,4.23
197,3,2000,4.13
197,3,2001,4.19
197,3,2002,4.23
197,3,2003,4.37
197,3,2004,4.53
197,3,2005,4.5
197,3,2006,4.24
197,3,2007,3.98
197,3,2008,3.86
197,3,2009,3.75
197,3,2010,3.57
197,3,2011,3.41
197,3,2012,3.25
197,3,2013,3.1
197,3,2014,2.95
197,3,2015,2.8
197,3,2016,2.71
197,3,2017,2.7
197,3,2018,2.73
197,3,2019,2.75
197,3,2020,2.88
197,3,2021,2.96
197,3,2022,2.87
197,3,2023,2.8
198,3,1980,7.09
198,3,1981,7.02
198,3,1982,6.9
198,3,1983,6.75
198,3,1984,6.58
198,3,1985,6.38
198,3,1986,6.18
198,3,1987,5.95
198,3,1988,5.67
198,3,1989,5.55
198,3,1990,5.49
198,3,1991,5.35
198,3,1992,5.42
198,3,1993,5.33
198,3,1994,5.42
198,3,1995,5.36
198,3,1996,5.56
198,3,1997,5.7
198,3,1998,5.66
198,3,1999,5.55
198,3,2000,5.38
198,3,2001,5.26
198,3,2002,5.1
198,3,2003,4.98
198,3,2004,4.74
198,3,2005,4.55
198,3,2006,4.37
198,3,2007,4.1
198,3,2008,4.16
198,3,2009,4.13
198,3,2010,4.04
198,3,2011,4.15
198,3,2012,4.18
198,3,2013,4.12
198,3,2014,3.99
198,3,2015,3.92
198,3,2016,3.89
198,3,2017,3.77
198,3,2018,3.69
198,3,2019,3.65
198,3,2020,3.59
198,3,2021,4.11
198,3,2022,3.52
198,3,2023,3.5
200,3,1980,15.57
200,3,1981,15.53
200,3,1982,15.5
200,3,1983,15.47
200,3,1984,15.42
200,3,1985,15.39
200,3,1986,15.42
200,3,1987,15.41
200,3,1988,15.42
200,3,1989,15.34
200,3,1990,15.26
200,3,1991,15.36
200,3,1992,15.29
200,3,1993,15.32
200,3,1994,15.15
200,3,1995,14.91
200,3,1996,14.74
200,3,1997,14.5
200,3,1998,14.38
200,3,1999,14.07
200,3,2000,14.07
200,3,2001,13.51
200,3,2002,13.38
200,3,2003,12.94
200,3,2004,12.5
200,3,2005,12.31
200,3,2006,12.4
200,3,2007,12.04
200,3,2008,12.26
200,3,2009,12.38
200,3,2010,12.4
200,3,2011,12.43
200,3,2012,12.3
200,3,2013,12.42
200,3,2014,12.13
200,3,2015,11.82
200,3,2016,11.57
200,3,2017,11.4
200,3,2018,11.17
200,3,2019,11.3
200,3,2020,11.26
200,3,2021,10.99
200,3,2022,10.7
200,3,2023,11.03
201,3,1980,22.78
201,3,1981,22.67
201,3,1982,22.64
201,3,1983,22.65
201,3,1984,22.77
201,3,1985,22.84
201,3,1986,22.95
201,3,1987,22.62
201,3,1988,22.44
201,3,1989,22.36
201,3,1990,22.34
201,3,1991,21.95
201,3,1992,21.63
201,3,1993,21.51
201,3,1994,21.09
201,3,1995,20.78
201,3,1996,20.48
201,3,1997,19.88
201,3,1998,19.5
201,3,1999,18.95
201,3,2000,18.94
201,3,2001,18.26
201,3,2002,18.43
201,3,2003,17.58
201,3,2004,17.4
201,3,2005,17.41
201,3,2006,17.73
201,3,2007,17.03
201,3,2008,16.99
201,3,2009,16.7
201,3,2010,16.41
201,3,2011,16.19
201,3,2012,16.05
201,3,2013,16.23
201,3,2014,15.88
201,3,2015,16.34
201,3,2016,16.25
201,3,2017,16.23
201,3,2018,15.89
201,3,2019,15.63
201,3,2020,15
201,3,2021,14.78
201,3,2022,16.7
201,3,2023,17.18
202,3,1980,22.48
202,3,1981,22.36
202,3,1982,22.11
202,3,1983,21.66
202,3,1984,21.37
202,3,1985,21.24
202,3,1986,20.92
202,3,1987,20.67
202,3,1988,20.43
202,3,1989,20.17
202,3,1990,19.76
202,3,1991,19.31
202,3,1992,18.75
202,3,1993,18.31
202,3,1994,17.85
202,3,1995,17.48
202,3,1996,17.23
202,3,1997,16.95
202,3,1998,16.81
202,3,1999,16.61
202,3,2000,16.78
202,3,2001,16.33
202,3,2002,16.61
202,3,2003,16.13
202,3,2004,15.77
202,3,2005,15.53
202,3,2006,15.77
202,3,2007,15.37
202,3,2008,15.73
202,3,2009,16.04
202,3,2010,16.23
202,3,2011,16.25
202,3,2012,16.1
202,3,2013,16.09
202,3,2014,15.77
202,3,2015,15.79
202,3,2016,15.53
202,3,2017,15.3
202,3,2018,15.26
202,3,2019,15.08
202,3,2020,15.33
202,3,2021,15.3
202,3,2022,15.2
202,3,2023,15.59
203,3,1980,7.74
203,3,1981,7.7
203,3,1982,7.5
203,3,1983,7.42
203,3,1984,7.35
203,3,1985,7.32
203,3,1986,7.26
203,3,1987,7.2
203,3,1988,7.16
203,3,1989,7.12
203,3,1990,7.09
203,3,1991,6.97
203,3,1992,6.87
203,3,1993,6.72
203,3,1994,6.68
203,3,1995,7.26
203,3,1996,6.09
203,3,1997,5.79
203,3,1998,5.59
203,3,1999,5.44
203,3,2000,5.31
203,3,2001,5.26
203,3,2002,5.22
203,3,2003,5.2
203,3,2004,5.17
203,3,2005,5.16
203,3,2006,5.21
203,3,2007,5.27
203,3,2008,5.21
203,3,2009,5.18
203,3,2010,5.15
203,3,2011,5.05
203,3,2012,4.99
203,3,2013,5.13
203,3,2014,5.21
203,3,2015,5.1
203,3,2016,5.07
203,3,2017,4.9
203,3,2018,4.94
203,3,2019,4.8
203,3,2020,4.73
203,3,2021,4.8
203,3,2022,5.09
203,3,2023,5.11
204,3,1980,22.61
204,3,1981,22.56
204,3,1982,22.52
204,3,1983,22.64
204,3,1984,22.82
204,3,1985,22.97
204,3,1986,23.05
204,3,1987,23.11
204,3,1988,23.1
204,3,1989,23.04
204,3,1990,23.34
204,3,1991,23.17
204,3,1992,22.78
204,3,1993,22.79
204,3,1994,21.99
204,3,1995,21.33
204,3,1996,21.16
204,3,1997,20.85
204,3,1998,20.49
204,3,1999,20.11
204,3,2000,20.15
204,3,2001,20.11
204,3,2002,20.12
204,3,2003,19.86
204,3,2004,19.6
204,3,2005,19.49
204,3,2006,19.24
204,3,2007,19.05
204,3,2008,18.89
204,3,2009,18.79
204,3,2010,18.9
204,3,2011,18.9
204,3,2012,18.78
204,3,2013,18.94
204,3,2014,18.83
204,3,2015,18.59
204,3,2016,18.45
204,3,2017,18.22
204,3,2018,18.12
204,3,2019,18.03
204,3,2020,18.95
204,3,2021,17.56
204,3,2022,19.28
204,3,2023,19.8
205,3,1980,17.45
205,3,1981,17.12
205,3,1982,16.64
205,3,1983,16.22
205,3,1984,15.78
205,3,1985,15.51
205,3,1986,15.25
205,3,1987,14.74
205,3,1988,14.41
205,3,1989,14
205,3,1990,13.71
205,3,1991,13.48
205,3,1992,13.29
205,3,1993,13.17
205,3,1994,12.95
205,3,1995,12.69
205,3,1996,12.59
205,3,1997,12.5
205,3,1998,12.34
205,3,1999,12.06
205,3,2000,12.05
205,3,2001,11.39
205,3,2002,11.24
205,3,2003,10.64
205,3,2004,10.4
205,3,2005,10.29
205,3,2006,10.47
205,3,2007,10.3
205,3,2008,10.42
205,3,2009,10.35
205,3,2010,10.18
205,3,2011,10.11
205,3,2012,10.6
205,3,2013,11.2
205,3,2014,11.27
205,3,2015,11.41
205,3,2016,11.55
205,3,2017,11.48
205,3,2018,11.41
205,3,2019,11.21
205,3,2020,11.26
205,3,2021,11.12
205,3,2022,12.3
205,3,2023,12.61
206,3,1980,14.73
206,3,1981,14.35
206,3,1982,13.99
206,3,1983,13.58
206,3,1984,13.2
206,3,1985,12.81
206,3,1986,12.73
206,3,1987,12.44
206,3,1988,12.35
206,3,1989,12.18
206,3,1990,12.66
206,3,1991,12.67
206,3,1992,13.03
206,3,1993,12.57
206,3,1994,12.04
206,3,1995,13
206,3,1996,11.97
206,3,1997,11.57
206,3,1998,11.96
206,3,1999,12.5
206,3,2000,11.58
206,3,2001,10.83
206,3,2002,10.84
206,3,2003,10.82
206,3,2004,11.68
206,3,2005,11.86
206,3,2006,11.44
206,3,2007,11.2
206,3,2008,10.55
206,3,2009,10.58
206,3,2010,10.21
206,3,2011,9.07
206,3,2012,8.91
206,3,2013,9.2
206,3,2014,9.76
206,3,2015,9.35
206,3,2016,9.83
206,3,2017,10.69
206,3,2018,10.49
206,3,2019,11.05
206,3,2020,11.27
206,3,2021,11.2
206,3,2022,11.65
206,3,2023,11.61
207,3,1980,21.47
207,3,1981,21.32
207,3,1982,21.15
207,3,1983,20.83
207,3,1984,20.6
207,3,1985,20.4
207,3,1986,20.27
207,3,1987,19.93
207,3,1988,19.67
207,3,1989,19.37
207,3,1990,19.04
207,3,1991,18.67
207,3,1992,18.41
207,3,1993,18.18
207,3,1994,17.91
207,3,1995,17.34
207,3,1996,16.79
207,3,1997,16.27
207,3,1998,15.93
207,3,1999,15.41
207,3,2000,15.21
207,3,2001,14.91
207,3,2002,14.99
207,3,2003,14.74
207,3,2004,14.75
207,3,2005,14.85
207,3,2006,15.08
207,3,2007,14.74
207,3,2008,14.7
207,3,2009,14.61
207,3,2010,14.57
207,3,2011,14.73
207,3,2012,14.7
207,3,2013,15.01
207,3,2014,14.98
207,3,2015,14.96
207,3,2016,15.13
207,3,2017,15.25
207,3,2018,15.44
207,3,2019,15.76
207,3,2020,15.8
207,3,2021,16.26
207,3,2022,17.05
207,3,2023,17.33
208,3,1980,18.65
208,3,1981,18.63
208,3,1982,18.81
208,3,1983,18.51
208,3,1984,18.56
208,3,1985,18.71
208,3,1986,19
208,3,1987,18.97
208,3,1988,18.97
208,3,1989,18.97
208,3,1990,18.95
208,3,1991,19.01
208,3,1992,19.16
208,3,1993,19.07
208,3,1994,18.99
208,3,1995,18.86
208,3,1996,18.4
208,3,1997,17.95
208,3,1998,17.56
208,3,1999,17.04
208,3,2000,16.51
208,3,2001,16
208,3,2002,15.63
208,3,2003,15.1
208,3,2004,14.65
208,3,2005,14.3
208,3,2006,14.3
208,3,2007,13.98
208,3,2008,13.84
208,3,2009,13.68
208,3,2010,13.57
208,3,2011,13.45
208,3,2012,13.36
208,3,2013,13.38
208,3,2014,13.22
208,3,2015,13.02
208,3,2016,12.93
208,3,2017,12.81
208,3,2018,12.74
208,3,2019,12.86
208,3,2020,12.79
208,3,2021,12.71
208,3,2022,13.85
208,3,2023,14.02
209,3,1980,15.01
209,3,1981,14.83
209,3,1982,14.59
209,3,1983,14.34
209,3,1984,14.19
209,3,1985,14.01
209,3,1986,13.95
209,3,1987,13.87
209,3,1988,13.85
209,3,1989,13.93
209,3,1990,13.97
209,3,1991,13.95
209,3,1992,13.91
209,3,1993,13.89
209,3,1994,14.06
209,3,1995,13.72
209,3,1996,14.98
209,3,1997,14.57
209,3,1998,13.5
209,3,1999,13.19
209,3,2000,13.08
209,3,2001,13.1
209,3,2002,13.2
209,3,2003,13.17
209,3,2004,13.15
209,3,2005,13.71
209,3,2006,13.12
209,3,2007,13
209,3,2008,13.28
209,3,2009,12.97
209,3,2010,12.96
209,3,2011,12.85
209,3,2012,12.76
209,3,2013,12.85
209,3,2014,12.77
209,3,2015,12.75
209,3,2016,12.89
209,3,2017,12.93
209,3,2018,12.91
209,3,2019,13.11
209,3,2020,13.3
209,3,2021,12.7
209,3,2022,13.98
209,3,2023,14.24
210,3,1980,19.65
210,3,1981,19.76
210,3,1982,19.89
210,3,1983,20.02
210,3,1984,20.09
210,3,1985,20.05
210,3,1986,20.04
210,3,1987,19.79
210,3,1988,19.51
210,3,1989,19.08
210,3,1990,19.11
210,3,1991,19.14
210,3,1992,18.32
210,3,1993,18.17
210,3,1994,18.41
210,3,1995,17.86
210,3,1996,19.06
210,3,1997,17.97
210,3,1998,18.21
210,3,1999,18.11
210,3,2000,17.95
210,3,2001,17.12
210,3,2002,16.92
210,3,2003,16.37
210,3,2004,16.46
210,3,2005,16.17
210,3,2006,16.66
210,3,2007,16.42
210,3,2008,16.84
210,3,2009,17.15
210,3,2010,17.16
210,3,2011,16.8
210,3,2012,17.26
210,3,2013,17.38
210,3,2014,16.51
210,3,2015,16.05
210,3,2016,15.55
210,3,2017,15.28
210,3,2018,15.06
210,3,2019,15.36
210,3,2020,15.76
210,3,2021,16.71
210,3,2022,16.5
210,3,2023,16.88
211,3,1980,14.91
211,3,1981,14.32
211,3,1982,14.91
211,3,1983,14.93
211,3,1984,14.95
211,3,1985,15.05
211,3,1986,15.22
211,3,1987,15.15
211,3,1988,15.27
211,3,1989,15.33
211,3,1990,15.39
211,3,1991,15.51
211,3,1992,15.58
211,3,1993,15.69
211,3,1994,15.63
211,3,1995,15.67
211,3,1996,15.79
211,3,1997,15.65
211,3,1998,15.67
211,3,1999,15.49
211,3,2000,15.42
211,3,2001,14.98
211,3,2002,14.89
211,3,2003,14.46
211,3,2004,14.19
211,3,2005,13.93
211,3,2006,13.92
211,3,2007,13.72
211,3,2008,13.61
211,3,2009,13.5
211,3,2010,13.33
211,3,2011,13.12
211,3,2012,12.57
211,3,2013,12.69
211,3,2014,12.38
211,3,2015,12.46
211,3,2016,12.64
211,3,2017,12.81
211,3,2018,12.82
211,3,2019,12.72
211,3,2020,12.45
211,3,2021,12.66
211,3,2022,13.32
211,3,2023,13.58
212,3,1980,12.97
212,3,1981,12.84
212,3,1982,12.71
212,3,1983,12.44
212,3,1984,12.56
212,3,1985,12.54
212,3,1986,12.62
212,3,1987,12.59
212,3,1988,12.64
212,3,1989,12.58
212,3,1990,12.57
212,3,1991,12.48
212,3,1992,12.61
212,3,1993,12.83
212,3,1994,12.29
212,3,1995,12.21
212,3,1996,12.45
212,3,1997,12.59
212,3,1998,13.05
212,3,1999,12.82
212,3,2000,13.22
212,3,2001,13.4
212,3,2002,13.76
212,3,2003,13.6
212,3,2004,14.04
212,3,2005,14.08
212,3,2006,14.5
212,3,2007,13.96
212,3,2008,13.73
212,3,2009,14.2
212,3,2010,14
212,3,2011,13.75
212,3,2012,13.8
212,3,2013,13.99
212,3,2014,13.3
212,3,2015,12.92
212,3,2016,12.48
212,3,2017,12.8
212,3,2018,12.55
212,3,2019,13.04
212,3,2020,13.23
212,3,2021,13.49
212,3,2022,14.44
212,3,2023,14.41
213,3,1980,20.1
213,3,1981,20.06
213,3,1982,20.12
213,3,1983,20.18
213,3,1984,20.18
213,3,1985,20.3
213,3,1986,20.44
213,3,1987,20.47
213,3,1988,20.8
213,3,1989,21.05
213,3,1990,21.29
213,3,1991,21.66
213,3,1992,21.8
213,3,1993,22.09
213,3,1994,22.26
213,3,1995,22.43
213,3,1996,22.51
213,3,1997,22.46
213,3,1998,22.43
213,3,1999,22.01
213,3,2000,22.28
213,3,2001,21.73
213,3,2002,22.05
213,3,2003,21.48
213,3,2004,21.26
213,3,2005,21.01
213,3,2006,21.49
213,3,2007,21.05
213,3,2008,21.23
213,3,2009,21.14
213,3,2010,20.73
213,3,2011,20.55
213,3,2012,20.42
213,3,2013,20.85
213,3,2014,20.49
213,3,2015,20.07
213,3,2016,19.85
213,3,2017,20.05
213,3,2018,20.03
213,3,2019,20.15
213,3,2020,20.43
213,3,2021,20.13
213,3,2022,20.55
213,3,2023,20.64
214,3,1980,12.39
214,3,1981,12.28
214,3,1982,12.2
214,3,1983,12.12
214,3,1984,11.99
214,3,1985,11.87
214,3,1986,11.76
214,3,1987,11.65
214,3,1988,11.55
214,3,1989,11.54
214,3,1990,11.52
214,3,1991,11.7
214,3,1992,11.41
214,3,1993,11.33
214,3,1994,11.19
214,3,1995,11.1
214,3,1996,11.13
214,3,1997,11.08
214,3,1998,11.11
214,3,1999,11.05
214,3,2000,11.16
214,3,2001,11.06
214,3,2002,11.19
214,3,2003,10.99
214,3,2004,10.96
214,3,2005,10.9
214,3,2006,10.86
214,3,2007,10.62
214,3,2008,10.6
214,3,2009,10.6
214,3,2010,10.7
214,3,2011,10.52
214,3,2012,10.44
214,3,2013,10.59
214,3,2014,10.4
214,3,2015,10.09
214,3,2016,9.99
214,3,2017,9.93
214,3,2018,9.8
214,3,2019,9.62
214,3,2020,9.69
214,3,2021,9.59
214,3,2022,9.91
214,3,2023,10.11
215,3,1980,13.35
215,3,1981,13.23
215,3,1982,12.64
215,3,1983,12.5
215,3,1984,12.52
215,3,1985,12.7
215,3,1986,12.66
215,3,1987,12.83
215,3,1988,13.24
215,3,1989,13.41
215,3,1990,13.57
215,3,1991,13.48
215,3,1992,13.64
215,3,1993,14.12
215,3,1994,14.22
215,3,1995,13.73
215,3,1996,13.79
215,3,1997,13.88
215,3,1998,14.07
215,3,1999,14.41
215,3,2000,14.03
215,3,2001,14.32
215,3,2002,14.47
215,3,2003,14.46
215,3,2004,14.49
215,3,2005,15.07
215,3,2006,15.35
215,3,2007,15.55
215,3,2008,15.6
215,3,2009,15.42
215,3,2010,15.76
215,3,2011,15.34
215,3,2012,14.81
215,3,2013,14.69
215,3,2014,14.94
215,3,2015,14.79
215,3,2016,14.73
215,3,2017,14.79
215,3,2018,14.44
215,3,2019,14.15
215,3,2020,15.59
215,3,2021,15.1
215,3,2022,14.23
215,3,2023,13.8
216,3,1980,12.81
216,3,1981,12.73
216,3,1982,12.62
216,3,1983,12.66
216,3,1984,12.75
216,3,1985,12.87
216,3,1986,12.78
216,3,1987,12.69
216,3,1988,12.82
216,3,1989,13.28
216,3,1990,12.96
216,3,1991,12.99
216,3,1992,12.85
216,3,1993,12.64
216,3,1994,12.48
216,3,1995,12.06
216,3,1996,12.11
216,3,1997,11.71
216,3,1998,11.6
216,3,1999,11.4
216,3,2000,10.87
216,3,2001,13.16
216,3,2002,13.22
216,3,2003,12.15
216,3,2004,12.68
216,3,2005,12.63
216,3,2006,12.34
216,3,2007,12.31
216,3,2008,12.45
216,3,2009,12.61
216,3,2010,11.81
216,3,2011,11.75
216,3,2012,11.14
216,3,2013,11.38
216,3,2014,11.62
216,3,2015,11.01
216,3,2016,11.29
216,3,2017,11.05
216,3,2018,10.68
216,3,2019,11.24
216,3,2020,10.99
216,3,2021,11.23
216,3,2022,11.96
216,3,2023,12.61
217,3,1980,21.39
217,3,1981,21.37
217,3,1982,21.42
217,3,1983,21.5
217,3,1984,21.62
217,3,1985,21.78
217,3,1986,21.93
217,3,1987,21.88
217,3,1988,21.84
217,3,1989,21.7
217,3,1990,21.72
217,3,1991,21.51
217,3,1992,21.63
217,3,1993,21.46
217,3,1994,21.43
217,3,1995,21.11
217,3,1996,20.49
217,3,1997,19.63
217,3,1998,19.48
217,3,1999,19.01
217,3,2000,19.02
217,3,2001,18.41
217,3,2002,18.39
217,3,2003,18.25
217,3,2004,18.25
217,3,2005,18.39
217,3,2006,18.89
217,3,2007,18.77
217,3,2008,18.62
217,3,2009,18.68
217,3,2010,19.13
217,3,2011,19.19
217,3,2012,19.88
217,3,2013,20.15
217,3,2014,19.9
217,3,2015,19.87
217,3,2016,19.52
217,3,2017,19.67
217,3,2018,19.51
217,3,2019,19.83
217,3,2020,20.2
217,3,2021,19.75
217,3,2022,20.23
217,3,2023,20.89
218,3,1980,16.88
218,3,1981,16.61
218,3,1982,16.34
218,3,1983,16.1
218,3,1984,15.93
218,3,1985,15.81
218,3,1986,15.75
218,3,1987,15.49
218,3,1988,15.4
218,3,1989,15.25
218,3,1990,15.15
218,3,1991,15
218,3,1992,14.81
218,3,1993,14.58
218,3,1994,14.3
218,3,1995,14.01
218,3,1996,13.7
218,3,1997,13.29
218,3,1998,13.07
218,3,1999,12.75
218,3,2000,12.81
218,3,2001,12.51
218,3,2002,12.42
218,3,2003,11.85
218,3,2004,11.52
218,3,2005,11.24
218,3,2006,11.25
218,3,2007,10.8
218,3,2008,11.02
218,3,2009,11.2
218,3,2010,11.28
218,3,2011,11.25
218,3,2012,10.98
218,3,2013,10.87
218,3,2014,10.59
218,3,2015,10.62
218,3,2016,10.68
218,3,2017,10.91
218,3,2018,10.89
218,3,2019,11.05
218,3,2020,10.93
218,3,2021,11.12
218,3,2022,11.75
218,3,2023,11.94
298,3,1980,8.91
298,3,1981,8.77
298,3,1982,8.62
298,3,1983,8.48
298,3,1984,8.37
298,3,1985,8.31
298,3,1986,8.26
298,3,1987,8.24
298,3,1988,8.28
298,3,1989,8.39
298,3,1990,8.45
298,3,1991,8.51
298,3,1992,8.53
298,3,1993,8.57
298,3,1994,8.55
298,3,1995,8.52
298,3,1996,8.5
298,3,1997,8.5
298,3,1998,8.45
298,3,1999,8.51
298,3,2000,8.52
298,3,2001,8.53
298,3,2002,8.48
298,3,2003,8.38
298,3,2004,8.33
298,3,2005,8.31
298,3,2006,8.37
298,3,2007,8.42
298,3,2008,8.42
298,3,2009,8.53
298,3,2010,8.62
298,3,2011,8.68
298,3,2012,8.7
298,3,2013,8.58
298,3,2014,8.54
298,3,2015,8.49
298,3,2016,8.36
298,3,2017,8.08
298,3,2018,7.89
298,3,2019,7.68
298,3,2020,7.68
298,3,2021,8.23
298,3,2022,7.77
298,3,2023,7.83
305,3,1980,3.63
305,3,1981,3.67
305,3,1982,3.76
305,3,1983,3.79
305,3,1984,3.85
305,3,1985,3.83
305,3,1986,4.01
305,3,1987,4.21
305,3,1988,4.29
305,3,1989,4.4
305,3,1990,4.58
305,3,1991,4.61
305,3,1992,4.59
305,3,1993,4.5
305,3,1994,4.55
305,3,1995,4.68
305,3,1996,4.93
305,3,1997,5.04
305,3,1998,4.78
305,3,1999,4.75
305,3,2000,4.56
305,3,2001,4.36
305,3,2002,4.16
305,3,2003,4.07
305,3,2004,3.97
305,3,2005,3.99
305,3,2006,3.85
305,3,2007,3.83
305,3,2008,3.94
305,3,2009,3.91
305,3,2010,3.7
305,3,2011,3.79
305,3,2012,3.69
305,3,2013,3.77
305,3,2014,3.83
305,3,2015,3.92
305,3,2016,3.9
305,3,2017,4
305,3,2018,4.09
305,3,2019,4.19
305,3,2020,4.4
305,3,2021,4.46
305,3,2022,4.55
305,3,2023,4.55
320,3,1980,5.72
320,3,1981,5.54
320,3,1982,5.37
320,3,1983,5.23
320,3,1984,5.11
320,3,1985,4.98
320,3,1986,4.9
320,3,1987,4.83
320,3,1988,4.83
320,3,1989,4.8
320,3,1990,4.86
320,3,1991,4.98
320,3,1992,4.98
320,3,1993,4.98
320,3,1994,4.95
320,3,1995,4.9
320,3,1996,4.84
320,3,1997,4.9
320,3,1998,4.81
320,3,1999,4.76
320,3,2000,4.72
320,3,2001,4.67
320,3,2002,4.59
320,3,2003,4.45
320,3,2004,4.36
320,3,2005,4.39
320,3,2006,4.53
320,3,2007,4.65
320,3,2008,4.75
320,3,2009,4.85
320,3,2010,4.97
320,3,2011,4.97
320,3,2012,4.97
320,3,2013,4.89
320,3,2014,4.88
320,3,2015,4.9
320,3,2016,4.8
320,3,2017,4.92
320,3,2018,4.89
320,3,2019,4.73
320,3,2020,4.79
320,3,2021,5.72
320,3,2022,5.44
320,3,2023,5.51
349,3,1980,29.62
349,3,1981,29.97
349,3,1982,30.21
349,3,1983,30.23
349,3,1984,30.46
349,3,1985,30.62
349,3,1986,31.05
349,3,1987,31.52
349,3,1988,32.01
349,3,1989,32.34
349,3,1990,32.72
349,3,1991,32.82
349,3,1992,33.12
349,3,1993,33.16
349,3,1994,33.14
349,3,1995,33.55
349,3,1996,33.69
349,3,1997,34.04
349,3,1998,33.9
349,3,1999,33.09
349,3,2000,32.97
349,3,2001,32.8
349,3,2002,32.28
349,3,2003,31.8
349,3,2004,31.4
349,3,2005,31.22
349,3,2006,30.79
349,3,2007,30.67
349,3,2008,30.14
349,3,2009,30.16
349,3,2010,30.01
349,3,2011,29.94
349,3,2012,30.16
349,3,2013,29.66
349,3,2014,29.44
349,3,2015,29.93
349,3,2016,29.56
349,3,2017,29.27
349,3,2018,28.98
349,3,2019,28.53
349,3,2020,30.29
349,3,2021,29.74
349,3,2022,28.52
349,3,2023,27.98
351,3,1980,3.46
351,3,1981,3.38
351,3,1982,3.34
351,3,1983,3.28
351,3,1984,3.2
351,3,1985,3.18
351,3,1986,3.16
351,3,1987,3.13
351,3,1988,3.09
351,3,1989,3.06
351,3,1990,3.04
351,3,1991,3.01
351,3,1992,3
351,3,1993,2.96
351,3,1994,2.93
351,3,1995,5.16
351,3,1996,5.64
351,3,1997,4.99
351,3,1998,4.44
351,3,1999,4.39
351,3,2000,5.15
351,3,2001,4.66
351,3,2002,4.12
351,3,2003,3.51
351,3,2004,3.42
351,3,2005,3.54
351,3,2006,3.96
351,3,2007,4.07
351,3,2008,3.29
351,3,2009,3.76
351,3,2010,5.24
351,3,2011,5.14
351,3,2012,5.35
351,3,2013,4.45
351,3,2014,4.65
351,3,2015,4.78
351,3,2016,4.58
351,3,2017,4.16
351,3,2018,3.92
351,3,2019,3.33
351,3,2020,3.22
351,3,2021,4.32
351,3,2022,3.72
351,3,2023,3.75
367,3,1980,4.73
367,3,1981,4.66
367,3,1982,4.59
367,3,1983,4.56
367,3,1984,4.54
367,3,1985,4.54
367,3,1986,4.58
367,3,1987,4.54
367,3,1988,4.56
367,3,1989,4.58
367,3,1990,4.56
367,3,1991,4.56
367,3,1992,4.53
367,3,1993,4.53
367,3,1994,4.52
367,3,1995,4.51
367,3,1996,4.5
367,3,1997,4.44
367,3,1998,4.41
367,3,1999,4.36
367,3,2000,4.3
367,3,2001,4.24
367,3,2002,4.22
367,3,2003,4.23
367,3,2004,4.26
367,3,2005,4.3
367,3,2006,4.32
367,3,2007,4.39
367,3,2008,4.48
367,3,2009,4.46
367,3,2010,4.49
367,3,2011,4.51
367,3,2012,4.52
367,3,2013,4.61
367,3,2014,4.66
367,3,2015,4.7
367,3,2016,4.69
367,3,2017,4.65
367,3,2018,4.67
367,3,2019,4.67
367,3,2020,4.76
367,3,2021,4.92
367,3,2022,5.11
367,3,2023,5.26
369,3,1980,13.09
369,3,1981,12.87
369,3,1982,12.66
369,3,1983,12.39
369,3,1984,12.17
369,3,1985,11.94
369,3,1986,11.78
369,3,1987,11.65
369,3,1988,11.56
369,3,1989,11.51
369,3,1990,11.41
369,3,1991,11.48
369,3,1992,11.48
369,3,1993,11.5
369,3,1994,11.49
369,3,1995,11.47
369,3,1996,11.41
369,3,1997,11.4
369,3,1998,11.49
369,3,1999,11.54
369,3,2000,11.59
369,3,2001,11.65
369,3,2002,11.7
369,3,2003,11.79
369,3,2004,11.86
369,3,2005,11.94
369,3,2006,11.99
369,3,2007,12.05
369,3,2008,12.05
369,3,2009,12.09
369,3,2010,12.15
369,3,2011,12.17
369,3,2012,12.16
369,3,2013,12.17
369,3,2014,12.11
369,3,2015,12.07
369,3,2016,12.05
369,3,2017,12
369,3,2018,11.96
369,3,2019,11.95
369,3,2020,12.2
369,3,2021,12.96
369,3,2022,12.37
369,3,2023,12.54
374,3,1980,7.99
374,3,1981,7.81
374,3,1982,7.62
374,3,1983,7.43
374,3,1984,7.23
374,3,1985,7.1
374,3,1986,6.98
374,3,1987,6.87
374,3,1988,6.79
374,3,1989,6.69
374,3,1990,6.59
374,3,1991,6.44
374,3,1992,6.48
374,3,1993,6.46
374,3,1994,6.41
374,3,1995,6.34
374,3,1996,6.3
374,3,1997,6.3
374,3,1998,6.35
374,3,1999,6.39
374,3,2000,6.4
374,3,2001,6.39
374,3,2002,6.39
374,3,2003,6.4
374,3,2004,6.39
374,3,2005,6.39
374,3,2006,6.36
374,3,2007,6.32
374,3,2008,6.32
374,3,2009,6.35
374,3,2010,6.38
374,3,2011,6.38
374,3,2012,6.39
374,3,2013,6.4
374,3,2014,6.39
374,3,2015,6.38
374,3,2016,6.36
374,3,2017,6.35
374,3,2018,6.31
374,3,2019,6.2
374,3,2020,5.5
374,3,2021,5.64
374,3,2022,6.12
374,3,2023,6.3
376,3,1980,10.65
376,3,1981,10.43
376,3,1982,10.22
376,3,1983,10
376,3,1984,9.79
376,3,1985,9.58
376,3,1986,9.39
376,3,1987,9.21
376,3,1988,9.07
376,3,1989,9.02
376,3,1990,8.97
376,3,1991,8.99
376,3,1992,8.98
376,3,1993,9
376,3,1994,9
376,3,1995,8.99
376,3,1996,8.97
376,3,1997,8.93
376,3,1998,8.89
376,3,1999,9
376,3,2000,8.94
376,3,2001,8.89
376,3,2002,8.77
376,3,2003,8.67
376,3,2004,8.61
376,3,2005,8.56
376,3,2006,8.57
376,3,2007,8.6
376,3,2008,8.61
376,3,2009,8.65
376,3,2010,8.69
376,3,2011,8.66
376,3,2012,8.65
376,3,2013,8.65
376,3,2014,8.66
376,3,2015,9.33
376,3,2016,9.5
376,3,2017,9.54
376,3,2018,9.54
376,3,2019,9.51
376,3,2020,9.93
376,3,2021,10.39
376,3,2022,9.77
376,3,2023,9.82
380,3,1980,21.32
380,3,1981,20.81
380,3,1982,20.29
380,3,1983,19.82
380,3,1984,19.39
380,3,1985,19
380,3,1986,18.58
380,3,1987,18.23
380,3,1988,18.03
380,3,1989,17.98
380,3,1990,18.07
380,3,1991,18.01
380,3,1992,17.96
380,3,1993,17.97
380,3,1994,18.22
380,3,1995,18.27
380,3,1996,18.32
380,3,1997,18.28
380,3,1998,18.32
380,3,1999,18.24
380,3,2000,18.15
380,3,2001,18.14
380,3,2002,18.09
380,3,2003,17.96
380,3,2004,17.74
380,3,2005,17.36
380,3,2006,17.25
380,3,2007,17.09
380,3,2008,16.89
380,3,2009,16.71
380,3,2010,16.59
380,3,2011,16.59
380,3,2012,16.73
380,3,2013,16.46
380,3,2014,16.45
380,3,2015,16.38
380,3,2016,16.51
380,3,2017,16.49
380,3,2018,16.55
380,3,2019,17.71
380,3,2020,18.33
380,3,2021,19.37
380,3,2022,18.67
380,3,2023,18.72
385,3,1980,3.79
385,3,1981,3.54
385,3,1982,3.49
385,3,1983,3.53
385,3,1984,3.64
385,3,1985,3.85
385,3,1986,3.97
385,3,1987,4.08
385,3,1988,4.31
385,3,1989,4.68
385,3,1990,4.8
385,3,1991,4.67
385,3,1992,4.48
385,3,1993,4.56
385,3,1994,4.89
385,3,1995,4.96
385,3,1996,5.04
385,3,1997,5.02
385,3,1998,4.9
385,3,1999,4.98
385,3,2000,4.67
385,3,2001,4.35
385,3,2002,3.86
385,3,2003,4.02
385,3,2004,4.36
385,3,2005,4.58
385,3,2006,4.68
385,3,2007,4.92
385,3,2008,4.77
385,3,2009,4.68
385,3,2010,4.7
385,3,2011,4.74
385,3,2012,4.6
385,3,2013,4.74
385,3,2014,4.84
385,3,2015,4.96
385,3,2016,4.77
385,3,2017,4.83
385,3,2018,4.64
385,3,2019,4.32
385,3,2020,4.47
385,3,2021,4.65
385,3,2022,5.29
385,3,2023,5.45
393,3,1980,4.83
393,3,1981,5.11
393,3,1982,5.33
393,3,1983,5.22
393,3,1984,5.06
393,3,1985,5.07
393,3,1986,5.22
393,3,1987,5.4
393,3,1988,5.64
393,3,1989,5.81
393,3,1990,6.01
393,3,1991,5.99
393,3,1992,6.09
393,3,1993,6.03
393,3,1994,6.06
393,3,1995,6.39
393,3,1996,6.46
393,3,1997,6.6
393,3,1998,6.66
393,3,1999,6.65
393,3,2000,6.52
393,3,2001,6.32
393,3,2002,5.91
393,3,2003,5.89
393,3,2004,5.98
393,3,2005,5.92
393,3,2006,6.02
393,3,2007,6.36
393,3,2008,6.14
393,3,2009,6.19
393,3,2010,5.94
393,3,2011,6.01
393,3,2012,5.95
393,3,2013,6
393,3,2014,6.17
393,3,2015,6.12
393,3,2016,6.24
393,3,2017,6.12
393,3,2018,6.13
393,3,2019,6.07
393,3,2020,6.27
393,3,2021,6.51
393,3,2022,6.35
393,3,2023,6.39
396,3,1980,5.92
396,3,1981,5.87
396,3,1982,5.8
396,3,1983,5.74
396,3,1984,5.63
396,3,1985,5.55
396,3,1986,5.5
396,3,1987,5.38
396,3,1988,5.24
396,3,1989,5.15
396,3,1990,5
396,3,1991,4.86
396,3,1992,4.71
396,3,1993,4.57
396,3,1994,4.52
396,3,1995,4.49
396,3,1996,4.42
396,3,1997,4.39
396,3,1998,4.35
396,3,1999,4.25
396,3,2000,4.23
396,3,2001,4.18
396,3,2002,4.16
396,3,2003,4.13
396,3,2004,4.12
396,3,2005,4.09
396,3,2006,4.04
396,3,2007,4
396,3,2008,3.92
396,3,2009,3.84
396,3,2010,3.77
396,3,2011,3.71
396,3,2012,3.64
396,3,2013,3.58
396,3,2014,3.49
396,3,2015,3.49
396,3,2016,3.48
396,3,2017,3.44
396,3,2018,3.42
396,3,2019,3.44
396,3,2020,3.42
396,3,2021,3.32
396,3,2022,3.69
396,3,2023,3.64
413,3,1980,6.55
413,3,1981,6.38
413,3,1982,6.22
413,3,1983,6.03
413,3,1984,5.86
413,3,1985,5.72
413,3,1986,5.61
413,3,1987,5.52
413,3,1988,5.46
413,3,1989,5.43
413,3,1990,5.41
413,3,1991,5.44
413,3,1992,5.46
413,3,1993,5.49
413,3,1994,5.5
413,3,1995,5.49
413,3,1996,5.49
413,3,1997,5.5
413,3,1998,5.49
413,3,1999,5.5
413,3,2000,5.48
413,3,2001,5.46
413,3,2002,5.47
413,3,2003,5.47
413,3,2004,5.51
413,3,2005,5.51
413,3,2006,5.47
413,3,2007,5.41
413,3,2008,5.36
413,3,2009,5.32
413,3,2010,5.27
413,3,2011,5.21
413,3,2012,5.17
413,3,2013,5.14
413,3,2014,5.12
413,3,2015,5.1
413,3,2016,5.07
413,3,2017,5.03
413,3,2018,5
413,3,2019,4.9
413,3,2020,4.31
413,3,2021,4.39
413,3,2022,4.76
413,3,2023,4.83
416,3,1980,10.97
416,3,1981,10.93
416,3,1982,10.79
416,3,1983,10.59
416,3,1984,10.38
416,3,1985,10.23
416,3,1986,10.06
416,3,1987,9.9
416,3,1988,9.77
416,3,1989,9.71
416,3,1990,9.75
416,3,1991,10.04
416,3,1992,10.07
416,3,1993,10.18
416,3,1994,10.27
416,3,1995,10.28
416,3,1996,10.31
416,3,1997,10.34
416,3,1998,10.42
416,3,1999,10.53
416,3,2000,10.65
416,3,2001,10.65
416,3,2002,10.69
416,3,2003,10.72
416,3,2004,10.75
416,3,2005,10.8
416,3,2006,10.93
416,3,2007,11
416,3,2008,11.01
416,3,2009,11.04
416,3,2010,11.02
416,3,2011,11.01
416,3,2012,11.04
416,3,2013,11.08
416,3,2014,11.07
416,3,2015,11.04
416,3,2016,10.94
416,3,2017,11.13
416,3,2018,11.07
416,3,2019,10.78
416,3,2020,11.14
416,3,2021,12.54
416,3,2022,11.54
416,3,2023,11
422,3,1980,6.16
422,3,1981,6.2
422,3,1982,6.25
422,3,1983,6.27
422,3,1984,6.3
422,3,1985,6.3
422,3,1986,6.47
422,3,1987,7.39
422,3,1988,8.1
422,3,1989,8.17
422,3,1990,8.1
422,3,1991,8.03
422,3,1992,7.94
422,3,1993,7.8
422,3,1994,7.64
422,3,1995,7.59
422,3,1996,7.59
422,3,1997,7.57
422,3,1998,7.2
422,3,1999,7.19
422,3,2000,6.84
422,3,2001,6.42
422,3,2002,6
422,3,2003,5.8
422,3,2004,5.53
422,3,2005,5.39
422,3,2006,5.26
422,3,2007,5.24
422,3,2008,5.15
422,3,2009,5.24
422,3,2010,5.03
422,3,2011,5.07
422,3,2012,4.95
422,3,2013,4.89
422,3,2014,5.09
422,3,2015,5.07
422,3,2016,4.97
422,3,2017,4.96
422,3,2018,4.84
422,3,2019,4.81
422,3,2020,4.73
422,3,2021,4.84
422,3,2022,5.59
422,3,2023,6.11
435,3,1980,20.14
435,3,1981,20.1
435,3,1982,20
435,3,1983,19.84
435,3,1984,19.61
435,3,1985,20.47
435,3,1986,20.56
435,3,1987,20.48
435,3,1988,20.25
435,3,1989,20.25
435,3,1990,19.63
435,3,1991,19.45
435,3,1992,19.68
435,3,1993,19.76
435,3,1994,19.76
435,3,1995,20.28
435,3,1996,19.96
435,3,1997,18.98
435,3,1998,18.98
435,3,1999,18.69
435,3,2000,18.75
435,3,2001,18.05
435,3,2002,17.89
435,3,2003,18
435,3,2004,18
435,3,2005,17.67
435,3,2006,18.1
435,3,2007,17.87
435,3,2008,17.58
435,3,2009,17.56
435,3,2010,17.41
435,3,2011,17.22
435,3,2012,17.27
435,3,2013,17.44
435,3,2014,17.6
435,3,2015,17.58
435,3,2016,17.64
435,3,2017,17.56
435,3,2018,17.56
435,3,2019,17.42
435,3,2020,18.11
435,3,2021,17.23
435,3,2022,18.95
435,3,2023,19.31
522,3,1980,11.3
522,3,1981,11.13
522,3,1982,10.93
522,3,1983,10.68
522,3,1984,10.5
522,3,1985,10.35
522,3,1986,10.33
522,3,1987,10.26
522,3,1988,10.19
522,3,1989,10.13
522,3,1990,10.08
522,3,1991,10.07
522,3,1992,10.03
522,3,1993,10.03
522,3,1994,9.86
522,3,1995,9.75
522,3,1996,9.63
522,3,1997,9.44
522,3,1998,9.31
522,3,1999,9.07
522,3,2000,8.96
522,3,2001,8.81
522,3,2002,8.66
522,3,2003,8.4
522,3,2004,8.26
522,3,2005,8.09
522,3,2006,7.95
522,3,2007,7.78
522,3,2008,7.67
522,3,2009,7.56
522,3,2010,7.32
522,3,2011,7.1
522,3,2012,6.93
522,3,2013,6.87
522,3,2014,6.83
522,3,2015,6.68
522,3,2016,6.59
522,3,2017,6.51
522,3,2018,6.42
522,3,2019,6.42
522,3,2020,6.64
522,3,2021,6.6
522,3,2022,6.6
522,3,2023,6.58
