location,sex,year,stomach_cancer_incidence_rate_age_standardized
6,1,1990,72.74
6,1,1991,72.54
6,1,1992,71.55
6,1,1993,70.38
6,1,1994,69.19
6,1,1995,67.95
6,1,1996,66.74
6,1,1997,65.82
6,1,1998,65.28
6,1,1999,64.81
6,1,2000,64.42
6,1,2001,63.73
6,1,2002,62.39
6,1,2003,61.11
6,1,2004,59.56
6,1,2005,57.98
6,1,2006,57.1
6,1,2007,56.4
6,1,2008,54.25
6,1,2009,51.95
6,1,2010,49.36
6,1,2011,46.65
6,1,2012,45.11
6,1,2013,42.3
6,1,2014,41.22
6,1,2015,41.02
6,1,2016,41.94
6,1,2017,41.85
6,1,2018,39.95
6,1,2019,36.94
6,1,2020,35.2
6,1,2021,37.93
6,1,2022,40.81
6,1,2023,37.9
6,2,1990,36.92
6,2,1991,36.52
6,2,1992,35.94
6,2,1993,35.29
6,2,1994,34.55
6,2,1995,33.93
6,2,1996,33.38
6,2,1997,32.91
6,2,1998,32.45
6,2,1999,32.21
6,2,2000,31.97
6,2,2001,31.27
6,2,2002,30.11
6,2,2003,28.88
6,2,2004,27.38
6,2,2005,25.89
6,2,2006,24.59
6,2,2007,23.56
6,2,2008,22.15
6,2,2009,20.98
6,2,2010,19.66
6,2,2011,18.25
6,2,2012,17.17
6,2,2013,15.98
6,2,2014,15.41
6,2,2015,15.09
6,2,2016,15.1
6,2,2017,14.82
6,2,2018,13.87
6,2,2019,12.66
6,2,2020,11.86
6,2,2021,12.34
6,2,2022,12.81
6,2,2023,12.93
7,1,1990,34.53
7,1,1991,34.47
7,1,1992,34.39
7,1,1993,34.25
7,1,1994,33.96
7,1,1995,33.64
7,1,1996,33.35
7,1,1997,33.03
7,1,1998,32.7
7,1,1999,32.35
7,1,2000,31.96
7,1,2001,31.73
7,1,2002,31.45
7,1,2003,30.88
7,1,2004,30.39
7,1,2005,29.93
7,1,2006,29.47
7,1,2007,28.89
7,1,2008,28.38
7,1,2009,27.83
7,1,2010,27.54
7,1,2011,27.17
7,1,2012,27.18
7,1,2013,26.61
7,1,2014,26.62
7,1,2015,26.75
7,1,2016,27.17
7,1,2017,27.49
7,1,2018,28.07
7,1,2019,28.56
7,1,2020,28.82
7,1,2021,29.22
7,1,2022,30.15
7,1,2023,29.92
7,2,1990,14.85
7,2,1991,14.83
7,2,1992,14.79
7,2,1993,14.63
7,2,1994,14.48
7,2,1995,14.32
7,2,1996,14.18
7,2,1997,14.06
7,2,1998,14.01
7,2,1999,14
7,2,2000,13.97
7,2,2001,13.98
7,2,2002,13.98
7,2,2003,13.88
7,2,2004,13.86
7,2,2005,13.82
7,2,2006,13.71
7,2,2007,13.55
7,2,2008,13.37
7,2,2009,13.2
7,2,2010,13.14
7,2,2011,13.04
7,2,2012,13.1
7,2,2013,12.94
7,2,2014,12.84
7,2,2015,12.77
7,2,2016,12.85
7,2,2017,12.97
7,2,2018,13.24
7,2,2019,13.44
7,2,2020,13.44
7,2,2021,13.61
7,2,2022,14.18
7,2,2023,13.87
8,1,1990,46.13
8,1,1991,45.05
8,1,1992,45.08
8,1,1993,46.54
8,1,1994,46.44
8,1,1995,46.94
8,1,1996,47.73
8,1,1997,46.4
8,1,1998,45.93
8,1,1999,43.55
8,1,2000,41.72
8,1,2001,40.68
8,1,2002,39.51
8,1,2003,38.37
8,1,2004,38.13
8,1,2005,36.87
8,1,2006,34.92
8,1,2007,34.63
8,1,2008,32.28
8,1,2009,30.08
8,1,2010,28.83
8,1,2011,27.87
8,1,2012,26.95
8,1,2013,25.36
8,1,2014,25.01
8,1,2015,24.24
8,1,2016,23.21
8,1,2017,22.37
8,1,2018,21.88
8,1,2019,21.29
8,1,2020,20.88
8,1,2021,21.41
8,1,2022,21.72
8,1,2023,22.01
8,2,1990,17.36
8,2,1991,17.52
8,2,1992,17.78
8,2,1993,18.18
8,2,1994,17.98
8,2,1995,18.27
8,2,1996,19.04
8,2,1997,18.9
8,2,1998,18.99
8,2,1999,18.28
8,2,2000,17.22
8,2,2001,16.92
8,2,2002,16.54
8,2,2003,15.93
8,2,2004,16.27
8,2,2005,15.34
8,2,2006,14.93
8,2,2007,14.53
8,2,2008,13.18
8,2,2009,12.76
8,2,2010,12.16
8,2,2011,11.59
8,2,2012,11.35
8,2,2013,10.74
8,2,2014,10.23
8,2,2015,10.13
8,2,2016,9.83
8,2,2017,9.35
8,2,2018,8.93
8,2,2019,8.64
8,2,2020,8.28
8,2,2021,8.45
8,2,2022,8.33
8,2,2023,8.17
10,1,1990,10.73
10,1,1991,10.77
10,1,1992,10.78
10,1,1993,10.71
10,1,1994,10.65
10,1,1995,10.59
10,1,1996,10.47
10,1,1997,10.31
10,1,1998,10.27
10,1,1999,10.04
10,1,2000,9.79
10,1,2001,9.77
10,1,2002,9.67
10,1,2003,9.3
10,1,2004,9
10,1,2005,8.72
10,1,2006,8.32
10,1,2007,8.12
10,1,2008,7.9
10,1,2009,7.7
10,1,2010,7.57
10,1,2011,7.39
10,1,2012,7.3
10,1,2013,7.16
10,1,2014,7.09
10,1,2015,7.08
10,1,2016,7.09
10,1,2017,7
10,1,2018,6.98
10,1,2019,6.99
10,1,2020,7.07
10,1,2021,6.75
10,1,2022,6.96
10,1,2023,7.1
10,2,1990,7.21
10,2,1991,7.19
10,2,1992,7.18
10,2,1993,7.09
10,2,1994,6.96
10,2,1995,6.81
10,2,1996,6.58
10,2,1997,6.4
10,2,1998,6.31
10,2,1999,6.08
10,2,2000,5.89
10,2,2001,5.86
10,2,2002,5.8
10,2,2003,5.6
10,2,2004,5.49
10,2,2005,5.44
10,2,2006,5.3
10,2,2007,5.32
10,2,2008,5.26
10,2,2009,5.18
10,2,2010,5.14
10,2,2011,5.06
10,2,2012,5.07
10,2,2013,5.04
10,2,2014,4.96
10,2,2015,4.93
10,2,2016,4.9
10,2,2017,4.81
10,2,2018,4.8
10,2,2019,4.86
10,2,2020,4.91
10,2,2021,4.63
10,2,2022,4.84
10,2,2023,4.99
11,1,1990,11.33
11,1,1991,11.06
11,1,1992,10.83
11,1,1993,10.61
11,1,1994,10.4
11,1,1995,10.24
11,1,1996,10.11
11,1,1997,9.98
11,1,1998,9.81
11,1,1999,9.68
11,1,2000,9.62
11,1,2001,9.53
11,1,2002,9.49
11,1,2003,9.47
11,1,2004,9.93
11,1,2005,9.55
11,1,2006,9.62
11,1,2007,9.69
11,1,2008,9.78
11,1,2009,9.85
11,1,2010,9.89
11,1,2011,9.97
11,1,2012,9.87
11,1,2013,9.74
11,1,2014,9.65
11,1,2015,9.57
11,1,2016,9.52
11,1,2017,9.53
11,1,2018,9.5
11,1,2019,9.46
11,1,2020,9.8
11,1,2021,10.72
11,1,2022,9.62
11,1,2023,9.66
11,2,1990,5.27
11,2,1991,5.15
11,2,1992,5.05
11,2,1993,4.93
11,2,1994,4.81
11,2,1995,4.69
11,2,1996,4.59
11,2,1997,4.52
11,2,1998,4.42
11,2,1999,4.32
11,2,2000,4.25
11,2,2001,4.16
11,2,2002,4.12
11,2,2003,4.07
11,2,2004,4.48
11,2,2005,4.09
11,2,2006,4.1
11,2,2007,4.15
11,2,2008,4.23
11,2,2009,4.29
11,2,2010,4.33
11,2,2011,4.36
11,2,2012,4.33
11,2,2013,4.28
11,2,2014,4.22
11,2,2015,4.19
11,2,2016,4.18
11,2,2017,4.18
11,2,2018,4.19
11,2,2019,4.2
11,2,2020,4.3
11,2,2021,4.56
11,2,2022,4.28
11,2,2023,4.35
12,1,1990,11.72
12,1,1991,11.66
12,1,1992,11.66
12,1,1993,11.7
12,1,1994,11.7
12,1,1995,11.52
12,1,1996,11.46
12,1,1997,11.4
12,1,1998,11.39
12,1,1999,11.28
12,1,2000,11.11
12,1,2001,10.99
12,1,2002,10.88
12,1,2003,10.61
12,1,2004,10.36
12,1,2005,10.21
12,1,2006,10.07
12,1,2007,10.03
12,1,2008,9.95
12,1,2009,9.98
12,1,2010,10.01
12,1,2011,10.11
12,1,2012,10.04
12,1,2013,10.07
12,1,2014,10.06
12,1,2015,10.13
12,1,2016,10.08
12,1,2017,10.11
12,1,2018,10.06
12,1,2019,10.06
12,1,2020,10.19
12,1,2021,10.04
12,1,2022,10.7
12,1,2023,10.72
12,2,1990,7.92
12,2,1991,7.93
12,2,1992,7.96
12,2,1993,8.02
12,2,1994,8.05
12,2,1995,7.92
12,2,1996,7.86
12,2,1997,7.79
12,2,1998,7.77
12,2,1999,7.65
12,2,2000,7.46
12,2,2001,7.37
12,2,2002,7.27
12,2,2003,7.1
12,2,2004,6.94
12,2,2005,6.85
12,2,2006,6.78
12,2,2007,6.79
12,2,2008,6.78
12,2,2009,6.88
12,2,2010,6.98
12,2,2011,7.11
12,2,2012,7.12
12,2,2013,7.3
12,2,2014,7.42
12,2,2015,7.59
12,2,2016,7.68
12,2,2017,7.75
12,2,2018,7.8
12,2,2019,7.89
12,2,2020,8.02
12,2,2021,7.86
12,2,2022,8.46
12,2,2023,8.42
13,1,1990,9.73
13,1,1991,9.73
13,1,1992,9.72
13,1,1993,9.67
13,1,1994,9.69
13,1,1995,9.65
13,1,1996,9.56
13,1,1997,9.4
13,1,1998,9.57
13,1,1999,9.61
13,1,2000,9.63
13,1,2001,9.35
13,1,2002,9.36
13,1,2003,9.21
13,1,2004,8.95
13,1,2005,8.6
13,1,2006,8.29
13,1,2007,8.12
13,1,2008,7.93
13,1,2009,7.68
13,1,2010,7.45
13,1,2011,7.2
13,1,2012,6.96
13,1,2013,6.77
13,1,2014,6.61
13,1,2015,6.49
13,1,2016,6.41
13,1,2017,6.34
13,1,2018,6.25
13,1,2019,6.1
13,1,2020,6
13,1,2021,6.03
13,1,2022,6.76
13,1,2023,6.59
13,2,1990,7.12
13,2,1991,7.13
13,2,1992,7.07
13,2,1993,6.99
13,2,1994,7.04
13,2,1995,6.99
13,2,1996,6.96
13,2,1997,6.92
13,2,1998,7.03
13,2,1999,7.1
13,2,2000,7.09
13,2,2001,7.04
13,2,2002,6.99
13,2,2003,6.79
13,2,2004,6.51
13,2,2005,6.21
13,2,2006,5.91
13,2,2007,5.68
13,2,2008,5.5
13,2,2009,5.23
13,2,2010,5.07
13,2,2011,4.87
13,2,2012,4.69
13,2,2013,4.63
13,2,2014,4.49
13,2,2015,4.36
13,2,2016,4.25
13,2,2017,4.15
13,2,2018,4.04
13,2,2019,3.82
13,2,2020,3.66
13,2,2021,3.9
13,2,2022,4.19
13,2,2023,4.06
14,1,1990,7.53
14,1,1991,7.52
14,1,1992,7.44
14,1,1993,7.33
14,1,1994,7.18
14,1,1995,7.07
14,1,1996,6.94
14,1,1997,6.83
14,1,1998,6.7
14,1,1999,6.5
14,1,2000,6.38
14,1,2001,6.32
14,1,2002,6.27
14,1,2003,6.22
14,1,2004,6.31
14,1,2005,6.2
14,1,2006,6.23
14,1,2007,6.29
14,1,2008,6.34
14,1,2009,6.38
14,1,2010,6.41
14,1,2011,6.42
14,1,2012,6.34
14,1,2013,6.32
14,1,2014,6.33
14,1,2015,6.37
14,1,2016,6.45
14,1,2017,6.66
14,1,2018,6.77
14,1,2019,6.98
14,1,2020,7.08
14,1,2021,7.14
14,1,2022,7.63
14,1,2023,8.09
14,2,1990,5.8
14,2,1991,5.79
14,2,1992,5.72
14,2,1993,5.56
14,2,1994,5.35
14,2,1995,5.21
14,2,1996,5.1
14,2,1997,4.99
14,2,1998,4.82
14,2,1999,4.7
14,2,2000,4.61
14,2,2001,4.56
14,2,2002,4.52
14,2,2003,4.44
14,2,2004,4.44
14,2,2005,4.34
14,2,2006,4.31
14,2,2007,4.31
14,2,2008,4.28
14,2,2009,4.25
14,2,2010,4.22
14,2,2011,4.16
14,2,2012,4.08
14,2,2013,4.01
14,2,2014,3.94
14,2,2015,3.94
14,2,2016,3.94
14,2,2017,4
14,2,2018,4.06
14,2,2019,4.13
14,2,2020,4.17
14,2,2021,4.34
14,2,2022,4.45
14,2,2023,4.6
15,1,1990,16.42
15,1,1991,16.32
15,1,1992,16.05
15,1,1993,15.8
15,1,1994,15.51
15,1,1995,15.27
15,1,1996,15
15,1,1997,14.75
15,1,1998,14.56
15,1,1999,14.21
15,1,2000,13.96
15,1,2001,13.65
15,1,2002,13.36
15,1,2003,12.96
15,1,2004,12.69
15,1,2005,12.53
15,1,2006,12.25
15,1,2007,11.98
15,1,2008,12.61
15,1,2009,11.56
15,1,2010,11.5
15,1,2011,11.49
15,1,2012,11.27
15,1,2013,11.28
15,1,2014,11.44
15,1,2015,11.5
15,1,2016,11.66
15,1,2017,11.74
15,1,2018,11.71
15,1,2019,11.83
15,1,2020,12.23
15,1,2021,13.45
15,1,2022,12.21
15,1,2023,12.32
15,2,1990,9.1
15,2,1991,9.06
15,2,1992,8.93
15,2,1993,8.74
15,2,1994,8.54
15,2,1995,8.37
15,2,1996,8.16
15,2,1997,8.02
15,2,1998,7.91
15,2,1999,7.73
15,2,2000,7.59
15,2,2001,7.42
15,2,2002,7.26
15,2,2003,7.01
15,2,2004,6.85
15,2,2005,6.72
15,2,2006,6.53
15,2,2007,6.4
15,2,2008,7.24
15,2,2009,6.16
15,2,2010,6.1
15,2,2011,6.07
15,2,2012,5.95
15,2,2013,5.96
15,2,2014,6.01
15,2,2015,6.01
15,2,2016,6.06
15,2,2017,6.08
15,2,2018,6.08
15,2,2019,6.18
15,2,2020,6.26
15,2,2021,6.62
15,2,2022,6.46
15,2,2023,6.69
16,1,1990,7.28
16,1,1991,7.2
16,1,1992,7.25
16,1,1993,7.35
16,1,1994,7.43
16,1,1995,7.41
16,1,1996,7.4
16,1,1997,7.33
16,1,1998,7.31
16,1,1999,7.25
16,1,2000,7.25
16,1,2001,7.31
16,1,2002,7.33
16,1,2003,7.15
16,1,2004,7.04
16,1,2005,7.08
16,1,2006,7.02
16,1,2007,6.85
16,1,2008,6.79
16,1,2009,6.76
16,1,2010,6.61
16,1,2011,6.48
16,1,2012,6.4
16,1,2013,6.28
16,1,2014,6.17
16,1,2015,6.11
16,1,2016,6
16,1,2017,5.81
16,1,2018,5.6
16,1,2019,5.46
16,1,2020,5.16
16,1,2021,5.93
16,1,2022,5.5
16,1,2023,5.13
16,2,1990,3.74
16,2,1991,3.68
16,2,1992,3.65
16,2,1993,3.66
16,2,1994,3.67
16,2,1995,3.65
16,2,1996,3.65
16,2,1997,3.59
16,2,1998,3.53
16,2,1999,3.5
16,2,2000,3.5
16,2,2001,3.54
16,2,2002,3.58
16,2,2003,3.47
16,2,2004,3.41
16,2,2005,3.45
16,2,2006,3.44
16,2,2007,3.4
16,2,2008,3.4
16,2,2009,3.4
16,2,2010,3.36
16,2,2011,3.32
16,2,2012,3.32
16,2,2013,3.29
16,2,2014,3.22
16,2,2015,3.18
16,2,2016,3.13
16,2,2017,3.04
16,2,2018,2.94
16,2,2019,2.88
16,2,2020,2.73
16,2,2021,3.08
16,2,2022,2.91
16,2,2023,2.7
17,1,1990,11.7
17,1,1991,11.11
17,1,1992,10.67
17,1,1993,10.65
17,1,1994,10.59
17,1,1995,10.44
17,1,1996,10.72
17,1,1997,10.21
17,1,1998,10.1
17,1,1999,9.89
17,1,2000,9.69
17,1,2001,9.83
17,1,2002,9.95
17,1,2003,9.94
17,1,2004,10.96
17,1,2005,10.22
17,1,2006,10.2
17,1,2007,10.31
17,1,2008,10.18
17,1,2009,10.17
17,1,2010,9.9
17,1,2011,9.5
17,1,2012,9.27
17,1,2013,9.2
17,1,2014,9.25
17,1,2015,9.1
17,1,2016,8.86
17,1,2017,8.9
17,1,2018,8.84
17,1,2019,8.59
17,1,2020,8.61
17,1,2021,8.34
17,1,2022,10.27
17,1,2023,10.77
17,2,1990,8.05
17,2,1991,7.94
17,2,1992,7.77
17,2,1993,7.57
17,2,1994,7.49
17,2,1995,7.29
17,2,1996,7.36
17,2,1997,7.15
17,2,1998,7.09
17,2,1999,6.83
17,2,2000,6.71
17,2,2001,6.77
17,2,2002,6.69
17,2,2003,6.46
17,2,2004,7.54
17,2,2005,6.41
17,2,2006,6.37
17,2,2007,6.21
17,2,2008,6.04
17,2,2009,5.92
17,2,2010,5.8
17,2,2011,5.61
17,2,2012,5.4
17,2,2013,5.26
17,2,2014,5.13
17,2,2015,5.01
17,2,2016,4.94
17,2,2017,4.93
17,2,2018,4.82
17,2,2019,4.59
17,2,2020,4.65
17,2,2021,4.73
17,2,2022,5.52
17,2,2023,5.6
18,1,1990,17.97
18,1,1991,18.35
18,1,1992,18.81
18,1,1993,19.01
18,1,1994,19.5
18,1,1995,19.67
18,1,1996,18.11
18,1,1997,15.55
18,1,1998,15.42
18,1,1999,17.42
18,1,2000,18.1
18,1,2001,17.89
18,1,2002,17.25
18,1,2003,16.79
18,1,2004,16.63
18,1,2005,16.33
18,1,2006,15.86
18,1,2007,15.56
18,1,2008,15.28
18,1,2009,14.96
18,1,2010,15.07
18,1,2011,14.85
18,1,2012,14.48
18,1,2013,14.2
18,1,2014,13.98
18,1,2015,13.94
18,1,2016,14
18,1,2017,13.56
18,1,2018,13.16
18,1,2019,13.5
18,1,2020,13.57
18,1,2021,13.99
18,1,2022,14.74
18,1,2023,14.36
18,2,1990,9.22
18,2,1991,9.31
18,2,1992,9.45
18,2,1993,9.45
18,2,1994,9.51
18,2,1995,9.42
18,2,1996,8.69
18,2,1997,7.87
18,2,1998,8.08
18,2,1999,8.96
18,2,2000,9.28
18,2,2001,9.2
18,2,2002,8.82
18,2,2003,8.51
18,2,2004,8.37
18,2,2005,8.13
18,2,2006,7.77
18,2,2007,7.57
18,2,2008,7.3
18,2,2009,6.98
18,2,2010,6.89
18,2,2011,6.64
18,2,2012,6.37
18,2,2013,6.25
18,2,2014,6.17
18,2,2015,6.14
18,2,2016,6.1
18,2,2017,5.79
18,2,2018,5.58
18,2,2019,5.62
18,2,2020,5.5
18,2,2021,5.5
18,2,2022,5.74
18,2,2023,5.61
19,1,1990,13.88
19,1,1991,13.69
19,1,1992,13.55
19,1,1993,13.41
19,1,1994,13.21
19,1,1995,13
19,1,1996,12.85
19,1,1997,12.61
19,1,1998,12.4
19,1,1999,12.07
19,1,2000,12
19,1,2001,11.72
19,1,2002,11.33
19,1,2003,11.14
19,1,2004,10.39
19,1,2005,10.13
19,1,2006,9.71
19,1,2007,9.37
19,1,2008,8.9
19,1,2009,8.86
19,1,2010,8.65
19,1,2011,8.88
19,1,2012,8.82
19,1,2013,8.59
19,1,2014,8.41
19,1,2015,8.33
19,1,2016,8.29
19,1,2017,8.32
19,1,2018,8.29
19,1,2019,8.25
19,1,2020,8.45
19,1,2021,8.34
19,1,2022,8.33
19,1,2023,8.48
19,2,1990,9.6
19,2,1991,9.44
19,2,1992,9.35
19,2,1993,9.22
19,2,1994,9.03
19,2,1995,8.85
19,2,1996,8.69
19,2,1997,8.47
19,2,1998,8.34
19,2,1999,8.12
19,2,2000,8.12
19,2,2001,7.97
19,2,2002,7.68
19,2,2003,7.58
19,2,2004,7.04
19,2,2005,6.94
19,2,2006,6.71
19,2,2007,6.6
19,2,2008,6.32
19,2,2009,6.46
19,2,2010,6.43
19,2,2011,6.84
19,2,2012,6.99
19,2,2013,6.93
19,2,2014,6.84
19,2,2015,6.83
19,2,2016,6.85
19,2,2017,6.94
19,2,2018,7
19,2,2019,7.04
19,2,2020,7.2
19,2,2021,7.09
19,2,2022,7.16
19,2,2023,7.31
20,1,1990,20.63
20,1,1991,20.62
20,1,1992,20.51
20,1,1993,20.69
20,1,1994,20.76
20,1,1995,20.78
20,1,1996,20.26
20,1,1997,20.02
20,1,1998,19.89
20,1,1999,19.56
20,1,2000,19.27
20,1,2001,18.96
20,1,2002,18.68
20,1,2003,18.23
20,1,2004,17.78
20,1,2005,17.28
20,1,2006,16.76
20,1,2007,16.34
20,1,2008,15.98
20,1,2009,15.73
20,1,2010,15.48
20,1,2011,15.52
20,1,2012,15.52
20,1,2013,15.49
20,1,2014,15.57
20,1,2015,15.64
20,1,2016,15.79
20,1,2017,15.86
20,1,2018,15.9
20,1,2019,16
20,1,2020,16.14
20,1,2021,15.75
20,1,2022,16.32
20,1,2023,16.82
20,2,1990,9.84
20,2,1991,9.77
20,2,1992,9.64
20,2,1993,9.54
20,2,1994,9.4
20,2,1995,9.29
20,2,1996,8.99
20,2,1997,8.8
20,2,1998,8.67
20,2,1999,8.46
20,2,2000,8.3
20,2,2001,8.16
20,2,2002,8.01
20,2,2003,7.78
20,2,2004,7.56
20,2,2005,7.34
20,2,2006,7.12
20,2,2007,6.95
20,2,2008,6.81
20,2,2009,6.7
20,2,2010,6.61
20,2,2011,6.61
20,2,2012,6.58
20,2,2013,6.55
20,2,2014,6.56
20,2,2015,6.57
20,2,2016,6.61
20,2,2017,6.57
20,2,2018,6.55
20,2,2019,6.56
20,2,2020,6.56
20,2,2021,6.41
20,2,2022,6.6
20,2,2023,6.82
22,1,1990,12.6
22,1,1991,12.58
22,1,1992,12.56
22,1,1993,12.43
22,1,1994,12.26
22,1,1995,12.09
22,1,1996,11.88
22,1,1997,11.75
22,1,1998,11.83
22,1,1999,11.72
22,1,2000,11.53
22,1,2001,11.61
22,1,2002,11.76
22,1,2003,11.96
22,1,2004,12.14
22,1,2005,12.35
22,1,2006,12.5
22,1,2007,12.62
22,1,2008,12.86
22,1,2009,12.8
22,1,2010,12.6
22,1,2011,12.36
22,1,2012,12.2
22,1,2013,12.05
22,1,2014,12.04
22,1,2015,12.09
22,1,2016,12.12
22,1,2017,12.12
22,1,2018,12.22
22,1,2019,12.17
22,1,2020,12.18
22,1,2021,12.39
22,1,2022,12.81
22,1,2023,13.13
22,2,1990,7.5
22,2,1991,7.54
22,2,1992,7.59
22,2,1993,7.54
22,2,1994,7.5
22,2,1995,7.44
22,2,1996,7.37
22,2,1997,7.33
22,2,1998,7.45
22,2,1999,7.46
22,2,2000,7.44
22,2,2001,7.59
22,2,2002,7.66
22,2,2003,7.82
22,2,2004,7.97
22,2,2005,8.1
22,2,2006,8.26
22,2,2007,8.29
22,2,2008,8.26
22,2,2009,8.3
22,2,2010,8.19
22,2,2011,8.09
22,2,2012,7.92
22,2,2013,7.87
22,2,2014,7.78
22,2,2015,7.72
22,2,2016,7.63
22,2,2017,7.51
22,2,2018,7.49
22,2,2019,7.4
22,2,2020,7.38
22,2,2021,7.25
22,2,2022,7.64
22,2,2023,7.92
23,1,1990,19.81
23,1,1991,19.88
23,1,1992,19.94
23,1,1993,19.71
23,1,1994,19.73
23,1,1995,19.71
23,1,1996,19.96
23,1,1997,20.28
23,1,1998,20.67
23,1,1999,20.99
23,1,2000,21.32
23,1,2001,21.45
23,1,2002,21.54
23,1,2003,21.55
23,1,2004,21.51
23,1,2005,21.33
23,1,2006,21.17
23,1,2007,20.86
23,1,2008,20.63
23,1,2009,20.43
23,1,2010,20.19
23,1,2011,19.99
23,1,2012,19.82
23,1,2013,19.61
23,1,2014,19.39
23,1,2015,19.3
23,1,2016,19.15
23,1,2017,19.1
23,1,2018,20.08
23,1,2019,19.14
23,1,2020,19.26
23,1,2021,20.27
23,1,2022,20.06
23,1,2023,20.14
23,2,1990,6.13
23,2,1991,6.1
23,2,1992,6.06
23,2,1993,6.12
23,2,1994,6.23
23,2,1995,6.39
23,2,1996,6.47
23,2,1997,6.54
23,2,1998,6.66
23,2,1999,6.73
23,2,2000,6.81
23,2,2001,6.85
23,2,2002,6.93
23,2,2003,6.94
23,2,2004,6.93
23,2,2005,6.91
23,2,2006,6.87
23,2,2007,6.82
23,2,2008,6.77
23,2,2009,6.73
23,2,2010,6.68
23,2,2011,6.65
23,2,2012,6.6
23,2,2013,6.56
23,2,2014,6.48
23,2,2015,6.43
23,2,2016,6.37
23,2,2017,6.35
23,2,2018,6.51
23,2,2019,6.34
23,2,2020,6.31
23,2,2021,6.43
23,2,2022,6.61
23,2,2023,6.77
24,1,1990,32.44
24,1,1991,32.08
24,1,1992,31.7
24,1,1993,31.48
24,1,1994,31.92
24,1,1995,31.47
24,1,1996,31.11
24,1,1997,30.48
24,1,1998,30.09
24,1,1999,29.59
24,1,2000,29.66
24,1,2001,28.8
24,1,2002,28.5
24,1,2003,28.04
24,1,2004,27.56
24,1,2005,27.02
24,1,2006,26.48
24,1,2007,26.03
24,1,2008,25.59
24,1,2009,25.37
24,1,2010,25.12
24,1,2011,24.84
24,1,2012,24.65
24,1,2013,24.52
24,1,2014,24.42
24,1,2015,24.34
24,1,2016,24.44
24,1,2017,24.47
24,1,2018,24.4
24,1,2019,24.28
24,1,2020,24.91
24,1,2021,27.1
24,1,2022,25.95
24,1,2023,25.93
24,2,1990,15.9
24,2,1991,15.76
24,2,1992,15.59
24,2,1993,15.38
24,2,1994,15.2
24,2,1995,15
24,2,1996,14.85
24,2,1997,14.77
24,2,1998,14.81
24,2,1999,14.78
24,2,2000,15.11
24,2,2001,14.85
24,2,2002,14.95
24,2,2003,14.99
24,2,2004,15
24,2,2005,14.99
24,2,2006,14.94
24,2,2007,14.97
24,2,2008,14.99
24,2,2009,15.11
24,2,2010,15.21
24,2,2011,15.33
24,2,2012,15.47
24,2,2013,15.61
24,2,2014,15.67
24,2,2015,15.71
24,2,2016,15.8
24,2,2017,15.86
24,2,2018,15.88
24,2,2019,15.89
24,2,2020,16.13
24,2,2021,16.98
24,2,2022,17.07
24,2,2023,17.57
25,1,1990,35.2
25,1,1991,34.47
25,1,1992,33.68
25,1,1993,33.03
25,1,1994,32.42
25,1,1995,31.75
25,1,1996,31.18
25,1,1997,30.49
25,1,1998,29.97
25,1,1999,29.37
25,1,2000,29.76
25,1,2001,28.38
25,1,2002,28.01
25,1,2003,27.02
25,1,2004,26.2
25,1,2005,25.4
25,1,2006,24.57
25,1,2007,23.8
25,1,2008,23.01
25,1,2009,22.49
25,1,2010,22.06
25,1,2011,21.73
25,1,2012,21.42
25,1,2013,21.11
25,1,2014,20.82
25,1,2015,20.37
25,1,2016,20.2
25,1,2017,20.14
25,1,2018,19.85
25,1,2019,19.43
25,1,2020,19.12
25,1,2021,21
25,1,2022,18.04
25,1,2023,17.93
25,2,1990,16.36
25,2,1991,16.17
25,2,1992,15.8
25,2,1993,15.59
25,2,1994,15.42
25,2,1995,15.26
25,2,1996,15.15
25,2,1997,15.06
25,2,1998,15.05
25,2,1999,14.97
25,2,2000,15.65
25,2,2001,14.92
25,2,2002,15.05
25,2,2003,14.45
25,2,2004,14.05
25,2,2005,13.7
25,2,2006,13.34
25,2,2007,13.01
25,2,2008,12.66
25,2,2009,12.42
25,2,2010,12.23
25,2,2011,12.15
25,2,2012,12.09
25,2,2013,12.05
25,2,2014,11.97
25,2,2015,11.91
25,2,2016,11.88
25,2,2017,11.83
25,2,2018,11.8
25,2,2019,10.98
25,2,2020,10.91
25,2,2021,11.21
25,2,2022,10.02
25,2,2023,10.28
26,1,1990,26.31
26,1,1991,26.2
26,1,1992,26.03
26,1,1993,25.95
26,1,1994,25.85
26,1,1995,25.63
26,1,1996,25.68
26,1,1997,25.18
26,1,1998,24.69
26,1,1999,24.64
26,1,2000,24.42
26,1,2001,23.86
26,1,2002,23.52
26,1,2003,22.88
26,1,2004,22.22
26,1,2005,21.65
26,1,2006,21.07
26,1,2007,21
26,1,2008,20.58
26,1,2009,20.12
26,1,2010,20.45
26,1,2011,20.39
26,1,2012,20.07
26,1,2013,19.28
26,1,2014,19.2
26,1,2015,19.49
26,1,2016,19
26,1,2017,18.93
26,1,2018,18.69
26,1,2019,19
26,1,2020,18.67
26,1,2021,18.71
26,1,2022,19.76
26,1,2023,20.03
26,2,1990,20.3
26,2,1991,20.24
26,2,1992,20.2
26,2,1993,20.14
26,2,1994,20.12
26,2,1995,20.01
26,2,1996,20.18
26,2,1997,19.96
26,2,1998,19.68
26,2,1999,19.98
26,2,2000,19.96
26,2,2001,19.62
26,2,2002,19.53
26,2,2003,19.12
26,2,2004,18.68
26,2,2005,18.38
26,2,2006,18.12
26,2,2007,18.49
26,2,2008,18.47
26,2,2009,18.3
26,2,2010,19.08
26,2,2011,19.47
26,2,2012,19.48
26,2,2013,18.79
26,2,2014,18.87
26,2,2015,19.35
26,2,2016,18.68
26,2,2017,18.68
26,2,2018,18.46
26,2,2019,19.03
26,2,2020,18.39
26,2,2021,17.71
26,2,2022,20
26,2,2023,20.62
27,1,1990,9.86
27,1,1991,10
27,1,1992,10.14
27,1,1993,10.27
27,1,1994,10.43
27,1,1995,10.61
27,1,1996,10.78
27,1,1997,10.97
27,1,1998,11.16
27,1,1999,11.29
27,1,2000,11.36
27,1,2001,11.44
27,1,2002,11.48
27,1,2003,11.46
27,1,2004,11.42
27,1,2005,11.35
27,1,2006,11.25
27,1,2007,11.12
27,1,2008,10.97
27,1,2009,10.91
27,1,2010,10.72
27,1,2011,10.61
27,1,2012,10.49
27,1,2013,10.4
27,1,2014,10.31
27,1,2015,10.28
27,1,2016,10.33
27,1,2017,10.41
27,1,2018,10.48
27,1,2019,10.83
27,1,2020,10.82
27,1,2021,11.86
27,1,2022,11.75
27,1,2023,12.3
27,2,1990,4.75
27,2,1991,4.76
27,2,1992,4.77
27,2,1993,4.78
27,2,1994,4.81
27,2,1995,4.85
27,2,1996,4.89
27,2,1997,4.95
27,2,1998,5.02
27,2,1999,5.06
27,2,2000,5.08
27,2,2001,5.09
27,2,2002,5.12
27,2,2003,5.13
27,2,2004,5.13
27,2,2005,5.1
27,2,2006,5.06
27,2,2007,5
27,2,2008,4.93
27,2,2009,4.9
27,2,2010,4.82
27,2,2011,4.78
27,2,2012,4.73
27,2,2013,4.7
27,2,2014,4.67
27,2,2015,4.66
27,2,2016,4.66
27,2,2017,4.67
27,2,2018,4.68
27,2,2019,4.87
27,2,2020,4.74
27,2,2021,5.01
27,2,2022,5.14
27,2,2023,5.42
28,1,1990,40.87
28,1,1991,41.27
28,1,1992,39.87
28,1,1993,39.57
28,1,1994,39.27
28,1,1995,38.04
28,1,1996,37.52
28,1,1997,37.34
28,1,1998,36.71
28,1,1999,35.62
28,1,2000,35.63
28,1,2001,34.4
28,1,2002,33.6
28,1,2003,32.81
28,1,2004,31.83
28,1,2005,31.81
28,1,2006,31.83
28,1,2007,30.69
28,1,2008,29.69
28,1,2009,30.94
28,1,2010,30.29
28,1,2011,32.51
28,1,2012,33.13
28,1,2013,33.44
28,1,2014,34.4
28,1,2015,34.33
28,1,2016,33.48
28,1,2017,33.6
28,1,2018,33.48
28,1,2019,33.92
28,1,2020,34.64
28,1,2021,35.29
28,1,2022,36.37
28,1,2023,36.42
28,2,1990,17.41
28,2,1991,17.65
28,2,1992,17.23
28,2,1993,17.13
28,2,1994,17.12
28,2,1995,16.6
28,2,1996,16.47
28,2,1997,16.65
28,2,1998,16.48
28,2,1999,15.95
28,2,2000,16.17
28,2,2001,15.61
28,2,2002,15.32
28,2,2003,14.99
28,2,2004,14.63
28,2,2005,14.84
28,2,2006,15.07
28,2,2007,14.54
28,2,2008,14.09
28,2,2009,15.12
28,2,2010,14.82
28,2,2011,16.55
28,2,2012,17.29
28,2,2013,17.82
28,2,2014,18.77
28,2,2015,18.74
28,2,2016,18.02
28,2,2017,18.16
28,2,2018,18.1
28,2,2019,18.59
28,2,2020,18.91
28,2,2021,18.58
28,2,2022,20.29
28,2,2023,20.68
29,1,1990,24.02
29,1,1991,24.13
29,1,1992,24.19
29,1,1993,24.13
29,1,1994,24.03
29,1,1995,23.98
29,1,1996,23.85
29,1,1997,23.58
29,1,1998,23.18
29,1,1999,22.96
29,1,2000,22.85
29,1,2001,22.81
29,1,2002,22.52
29,1,2003,22.21
29,1,2004,22.17
29,1,2005,22.32
29,1,2006,22.18
29,1,2007,21.88
29,1,2008,21.53
29,1,2009,22.87
29,1,2010,21.25
29,1,2011,20.97
29,1,2012,20.86
29,1,2013,20.8
29,1,2014,20.71
29,1,2015,20.68
29,1,2016,20.79
29,1,2017,20.82
29,1,2018,20.86
29,1,2019,20.88
29,1,2020,21.48
29,1,2021,23.5
29,1,2022,22.52
29,1,2023,22.99
29,2,1990,9.49
29,2,1991,9.52
29,2,1992,9.56
29,2,1993,9.55
29,2,1994,9.52
29,2,1995,9.52
29,2,1996,9.49
29,2,1997,9.4
29,2,1998,9.38
29,2,1999,9.39
29,2,2000,9.41
29,2,2001,9.41
29,2,2002,9.45
29,2,2003,9.49
29,2,2004,9.6
29,2,2005,9.61
29,2,2006,9.61
29,2,2007,9.59
29,2,2008,9.57
29,2,2009,10
29,2,2010,9.66
29,2,2011,9.72
29,2,2012,9.76
29,2,2013,9.82
29,2,2014,9.81
29,2,2015,9.82
29,2,2016,9.86
29,2,2017,9.86
29,2,2018,9.86
29,2,2019,9.86
29,2,2020,10.14
29,2,2021,11.07
29,2,2022,10.72
29,2,2023,11.12
30,1,1990,17.42
30,1,1991,17.92
30,1,1992,18.2
30,1,1993,18.27
30,1,1994,18.79
30,1,1995,18.17
30,1,1996,18.19
30,1,1997,17.85
30,1,1998,17.57
30,1,1999,17.38
30,1,2000,16.32
30,1,2001,16.22
30,1,2002,14.87
30,1,2003,13.72
30,1,2004,13.33
30,1,2005,13.6
30,1,2006,13.43
30,1,2007,13.45
30,1,2008,13.37
30,1,2009,13.01
30,1,2010,12.78
30,1,2011,12.88
30,1,2012,12.78
30,1,2013,12.78
30,1,2014,12.8
30,1,2015,12.79
30,1,2016,12.82
30,1,2017,12.83
30,1,2018,12.79
30,1,2019,12.7
30,1,2020,12.74
30,1,2021,12.76
30,1,2022,12.93
30,1,2023,13.06
30,2,1990,8.8
30,2,1991,9.19
30,2,1992,9.43
30,2,1993,9.54
30,2,1994,10.1
30,2,1995,9.63
30,2,1996,9.77
30,2,1997,9.66
30,2,1998,9.6
30,2,1999,9.63
30,2,2000,8.86
30,2,2001,8.98
30,2,2002,7.99
30,2,2003,7.28
30,2,2004,7.19
30,2,2005,7.66
30,2,2006,7.78
30,2,2007,8.12
30,2,2008,8.31
30,2,2009,8.16
30,2,2010,8.14
30,2,2011,8.5
30,2,2012,8.59
30,2,2013,8.75
30,2,2014,8.87
30,2,2015,8.88
30,2,2016,8.88
30,2,2017,8.87
30,2,2018,8.85
30,2,2019,8.79
30,2,2020,8.75
30,2,2021,8.41
30,2,2022,8.88
30,2,2023,9.14
33,1,1990,29.21
33,1,1991,30.47
33,1,1992,31.52
33,1,1993,29.28
33,1,1994,26.92
33,1,1995,26.22
33,1,1996,25.33
33,1,1997,23.36
33,1,1998,22.3
33,1,1999,22.14
33,1,2000,21.57
33,1,2001,21.6
33,1,2002,21.61
33,1,2003,22.94
33,1,2004,22.66
33,1,2005,21.4
33,1,2006,20.94
33,1,2007,22.63
33,1,2008,22.58
33,1,2009,21.84
33,1,2010,21.44
33,1,2011,20.63
33,1,2012,19.27
33,1,2013,18.72
33,1,2014,18.74
33,1,2015,18.84
33,1,2016,18.86
33,1,2017,17.43
33,1,2018,16.23
33,1,2019,15.35
33,1,2020,13.76
33,1,2021,13.81
33,1,2022,12.45
33,1,2023,10.69
33,2,1990,14.61
33,2,1991,14.77
33,2,1992,14.81
33,2,1993,13.14
33,2,1994,11.61
33,2,1995,10.99
33,2,1996,10.76
33,2,1997,10.52
33,2,1998,10.47
33,2,1999,9.85
33,2,2000,9.59
33,2,2001,9.85
33,2,2002,9.27
33,2,2003,9.61
33,2,2004,9.62
33,2,2005,9.68
33,2,2006,9.62
33,2,2007,10.11
33,2,2008,9.41
33,2,2009,9.12
33,2,2010,9.26
33,2,2011,9.09
33,2,2012,8.79
33,2,2013,8.65
33,2,2014,8.29
33,2,2015,7.95
33,2,2016,7.48
33,2,2017,7.66
33,2,2018,6.96
33,2,2019,6.93
33,2,2020,6.59
33,2,2021,6.49
33,2,2022,6.12
33,2,2023,5.04
34,1,1990,44.74
34,1,1991,44.28
34,1,1992,43.79
34,1,1993,44.23
34,1,1994,43.19
34,1,1995,42.48
34,1,1996,40.32
34,1,1997,37.82
34,1,1998,35.85
34,1,1999,34.22
34,1,2000,32.53
34,1,2001,30.9
34,1,2002,30.43
34,1,2003,30.6
34,1,2004,30.79
34,1,2005,31.27
34,1,2006,31.34
34,1,2007,30.72
34,1,2008,30.91
34,1,2009,30.86
34,1,2010,30.78
34,1,2011,30.38
34,1,2012,29.95
34,1,2013,29.04
34,1,2014,28.23
34,1,2015,27.69
34,1,2016,27.35
34,1,2017,26.98
34,1,2018,26.59
34,1,2019,27.4
34,1,2020,28.74
34,1,2021,26.22
34,1,2022,23.84
34,1,2023,24.25
34,2,1990,16.58
34,2,1991,16.29
34,2,1992,16.44
34,2,1993,16.52
34,2,1994,16.18
34,2,1995,15.71
34,2,1996,15.13
34,2,1997,14.64
34,2,1998,14.34
34,2,1999,14.23
34,2,2000,13.92
34,2,2001,13.59
34,2,2002,13.53
34,2,2003,13.53
34,2,2004,13.4
34,2,2005,13.24
34,2,2006,13.05
34,2,2007,12.62
34,2,2008,12.49
34,2,2009,12.33
34,2,2010,12.07
34,2,2011,11.67
34,2,2012,11.31
34,2,2013,11.07
34,2,2014,10.89
34,2,2015,10.66
34,2,2016,10.55
34,2,2017,10.35
34,2,2018,10.14
34,2,2019,10.46
34,2,2020,11.02
34,2,2021,10.84
34,2,2022,8.83
34,2,2023,8.62
35,1,1990,25.52
35,1,1991,24.5
35,1,1992,21.91
35,1,1993,19.24
35,1,1994,17.5
35,1,1995,16.33
35,1,1996,16.48
35,1,1997,17.26
35,1,1998,17.88
35,1,1999,18.34
35,1,2000,18.68
35,1,2001,18.88
35,1,2002,19.08
35,1,2003,18.71
35,1,2004,18.28
35,1,2005,17.34
35,1,2006,16.35
35,1,2007,16.94
35,1,2008,19.35
35,1,2009,21.12
35,1,2010,22.48
35,1,2011,23.48
35,1,2012,23.9
35,1,2013,23.35
35,1,2014,23.93
35,1,2015,24.61
35,1,2016,25.5
35,1,2017,23.84
35,1,2018,21.75
35,1,2019,20.35
35,1,2020,21.06
35,1,2021,19.92
35,1,2022,19.14
35,1,2023,18.18
35,2,1990,11.96
35,2,1991,11.56
35,2,1992,11.18
35,2,1993,9.8
35,2,1994,8.48
35,2,1995,8.55
35,2,1996,8.34
35,2,1997,8.38
35,2,1998,8.43
35,2,1999,8.66
35,2,2000,8.74
35,2,2001,9.13
35,2,2002,9.53
35,2,2003,9.25
35,2,2004,8.7
35,2,2005,7.69
35,2,2006,7.01
35,2,2007,6.74
35,2,2008,7.17
35,2,2009,7.63
35,2,2010,8.38
35,2,2011,9.44
35,2,2012,9.67
35,2,2013,9.4
35,2,2014,9.38
35,2,2015,9.84
35,2,2016,9.37
35,2,2017,8.68
35,2,2018,7.76
35,2,2019,7.34
35,2,2020,7.05
35,2,2021,6.77
35,2,2022,6.33
35,2,2023,5.8
36,1,1990,52.26
36,1,1991,48.9
36,1,1992,47.43
36,1,1993,44.88
36,1,1994,45.16
36,1,1995,43.73
36,1,1996,42.23
36,1,1997,40.01
36,1,1998,37.82
36,1,1999,37.9
36,1,2000,36.06
36,1,2001,35.53
36,1,2002,34.55
36,1,2003,33.37
36,1,2004,32.25
36,1,2005,31.87
36,1,2006,31.06
36,1,2007,30.69
36,1,2008,30.57
36,1,2009,29.8
36,1,2010,29.54
36,1,2011,29.07
36,1,2012,28.09
36,1,2013,26.08
36,1,2014,23.98
36,1,2015,23.44
36,1,2016,23.44
36,1,2017,22.39
36,1,2018,22.67
36,1,2019,22.32
36,1,2020,22.65
36,1,2021,21.05
36,1,2022,18.42
36,1,2023,19.03
36,2,1990,22.54
36,2,1991,21.97
36,2,1992,22.8
36,2,1993,21.33
36,2,1994,20.15
36,2,1995,19.06
36,2,1996,17.9
36,2,1997,16.99
36,2,1998,16.15
36,2,1999,16.16
36,2,2000,15.71
36,2,2001,15.18
36,2,2002,15.31
36,2,2003,14.93
36,2,2004,13.98
36,2,2005,13.3
36,2,2006,13.07
36,2,2007,12.61
36,2,2008,12.24
36,2,2009,12.01
36,2,2010,11.65
36,2,2011,11.76
36,2,2012,11.26
36,2,2013,9.62
36,2,2014,8.62
36,2,2015,7.88
36,2,2016,7.3
36,2,2017,7.07
36,2,2018,6.76
36,2,2019,6.74
36,2,2020,6.66
36,2,2021,6.44
36,2,2022,5.14
36,2,2023,5
37,1,1990,46.13
37,1,1991,46.64
37,1,1992,48.33
37,1,1993,46.7
37,1,1994,47.7
37,1,1995,46.15
37,1,1996,44.52
37,1,1997,42.56
37,1,1998,39.25
37,1,1999,37.23
37,1,2000,34.17
37,1,2001,33.7
37,1,2002,32.13
37,1,2003,32.15
37,1,2004,32.88
37,1,2005,33.18
37,1,2006,32.51
37,1,2007,32.88
37,1,2008,32.53
37,1,2009,34.06
37,1,2010,33.05
37,1,2011,31.93
37,1,2012,30.53
37,1,2013,31.02
37,1,2014,31.87
37,1,2015,32.87
37,1,2016,32.41
37,1,2017,28.95
37,1,2018,27.26
37,1,2019,24.94
37,1,2020,22
37,1,2021,21.36
37,1,2022,20.62
37,1,2023,21.43
37,2,1990,18.89
37,2,1991,18.17
37,2,1992,19.03
37,2,1993,18.42
37,2,1994,17.84
37,2,1995,17.28
37,2,1996,16.51
37,2,1997,16.37
37,2,1998,16.65
37,2,1999,15.54
37,2,2000,14.02
37,2,2001,13.43
37,2,2002,12.86
37,2,2003,12.3
37,2,2004,11.87
37,2,2005,12.01
37,2,2006,11.55
37,2,2007,11.18
37,2,2008,11.44
37,2,2009,10.69
37,2,2010,10.61
37,2,2011,10.86
37,2,2012,10.9
37,2,2013,10.8
37,2,2014,10.99
37,2,2015,10.82
37,2,2016,10.14
37,2,2017,9.94
37,2,2018,9.38
37,2,2019,8.5
37,2,2020,7.35
37,2,2021,8.11
37,2,2022,8.04
37,2,2023,8.25
38,1,1990,75.94
38,1,1991,78.34
38,1,1992,79.59
38,1,1993,79.98
38,1,1994,80.6
38,1,1995,79.68
38,1,1996,78.43
38,1,1997,76.58
38,1,1998,74.16
38,1,1999,72.21
38,1,2000,70.67
38,1,2001,69.78
38,1,2002,69.32
38,1,2003,68.16
38,1,2004,66.74
38,1,2005,65.54
38,1,2006,64.11
38,1,2007,62.69
38,1,2008,63.17
38,1,2009,63.73
38,1,2010,64.67
38,1,2011,64.34
38,1,2012,65.15
38,1,2013,65.08
38,1,2014,64.85
38,1,2015,63.25
38,1,2016,62.3
38,1,2017,62.56
38,1,2018,62.3
38,1,2019,60.14
38,1,2020,59.35
38,1,2021,65.03
38,1,2022,66.97
38,1,2023,62.87
38,2,1990,49.15
38,2,1991,51.14
38,2,1992,52.39
38,2,1993,52.19
38,2,1994,51.56
38,2,1995,51.64
38,2,1996,52.13
38,2,1997,51.18
38,2,1998,49.47
38,2,1999,47.31
38,2,2000,45.19
38,2,2001,42.52
38,2,2002,39.48
38,2,2003,36.68
38,2,2004,34.45
38,2,2005,32.98
38,2,2006,32.01
38,2,2007,31.22
38,2,2008,30.7
38,2,2009,30.31
38,2,2010,29.75
38,2,2011,29.16
38,2,2012,28.78
38,2,2013,28.39
38,2,2014,27.88
38,2,2015,27.24
38,2,2016,26.1
38,2,2017,25.25
38,2,2018,24.36
38,2,2019,22.76
38,2,2020,21.87
38,2,2021,24.05
38,2,2022,22.53
38,2,2023,21.15
39,1,1990,43.83
39,1,1991,44.25
39,1,1992,44.04
39,1,1993,43.96
39,1,1994,41.97
39,1,1995,38.45
39,1,1996,34.71
39,1,1997,31.77
39,1,1998,29.47
39,1,1999,28.07
39,1,2000,27.36
39,1,2001,27.2
39,1,2002,27.36
39,1,2003,27.81
39,1,2004,27.81
39,1,2005,27.11
39,1,2006,25.72
39,1,2007,24.38
39,1,2008,23.31
39,1,2009,22.65
39,1,2010,22.15
39,1,2011,20.98
39,1,2012,20.54
39,1,2013,20.27
39,1,2014,20.69
39,1,2015,21.68
39,1,2016,22.52
39,1,2017,22.49
39,1,2018,21.82
39,1,2019,22.44
39,1,2020,19.36
39,1,2021,20.23
39,1,2022,23.74
39,1,2023,24.01
39,2,1990,20.96
39,2,1991,21.73
39,2,1992,21.76
39,2,1993,22.58
39,2,1994,21.5
39,2,1995,19.67
39,2,1996,17.83
39,2,1997,16.64
39,2,1998,16.03
39,2,1999,15.71
39,2,2000,15.62
39,2,2001,15.72
39,2,2002,15.7
39,2,2003,15.87
39,2,2004,15.5
39,2,2005,14.79
39,2,2006,14.01
39,2,2007,13.45
39,2,2008,13.01
39,2,2009,12.8
39,2,2010,12.67
39,2,2011,12.34
39,2,2012,12.22
39,2,2013,12.09
39,2,2014,12.31
39,2,2015,12.78
39,2,2016,13.22
39,2,2017,13.26
39,2,2018,13.05
39,2,2019,13.53
39,2,2020,12.98
39,2,2021,13.89
39,2,2022,15.92
39,2,2023,15.72
40,1,1990,32.05
40,1,1991,30.48
40,1,1992,29.02
40,1,1993,27.09
40,1,1994,27.84
40,1,1995,28.4
40,1,1996,27.82
40,1,1997,25.88
40,1,1998,24.82
40,1,1999,24.28
40,1,2000,20.96
40,1,2001,19.38
40,1,2002,18.68
40,1,2003,17.99
40,1,2004,17.77
40,1,2005,16.26
40,1,2006,15.11
40,1,2007,15.35
40,1,2008,15.63
40,1,2009,17.88
40,1,2010,17.32
40,1,2011,15.47
40,1,2012,15.41
40,1,2013,15.26
40,1,2014,15.1
40,1,2015,15.48
40,1,2016,15.33
40,1,2017,15.14
40,1,2018,14.9
40,1,2019,14.81
40,1,2020,14.83
40,1,2021,14.92
40,1,2022,14.47
40,1,2023,14.13
40,2,1990,15.14
40,2,1991,14.52
40,2,1992,13.96
40,2,1993,13.16
40,2,1994,12.89
40,2,1995,12.49
40,2,1996,12.61
40,2,1997,12.92
40,2,1998,11.23
40,2,1999,10.96
40,2,2000,9.26
40,2,2001,9.11
40,2,2002,8.38
40,2,2003,8.36
40,2,2004,7.54
40,2,2005,7.21
40,2,2006,7.09
40,2,2007,6.94
40,2,2008,6.99
40,2,2009,7.53
40,2,2010,7.37
40,2,2011,6.89
40,2,2012,6.62
40,2,2013,6.49
40,2,2014,6.29
40,2,2015,6.55
40,2,2016,6.48
40,2,2017,6.53
40,2,2018,6.46
40,2,2019,6.44
40,2,2020,6.39
40,2,2021,6.53
40,2,2022,6.36
40,2,2023,6.15
41,1,1990,31.69
41,1,1991,30.88
41,1,1992,30.26
41,1,1993,28.36
41,1,1994,26.48
41,1,1995,25.04
41,1,1996,24.75
41,1,1997,23.41
41,1,1998,21.52
41,1,1999,20.68
41,1,2000,20.02
41,1,2001,19.67
41,1,2002,18.67
41,1,2003,18.1
41,1,2004,16.84
41,1,2005,16.36
41,1,2006,16.57
41,1,2007,15.97
41,1,2008,15.29
41,1,2009,14.89
41,1,2010,14.8
41,1,2011,14.56
41,1,2012,14.18
41,1,2013,13.95
41,1,2014,13.87
41,1,2015,14.19
41,1,2016,13.87
41,1,2017,13.69
41,1,2018,12.95
41,1,2019,12.66
41,1,2020,12.25
41,1,2021,11.66
41,1,2022,11.94
41,1,2023,11.81
41,2,1990,14.84
41,2,1991,14.51
41,2,1992,14.36
41,2,1993,13.44
41,2,1994,12.2
41,2,1995,11.86
41,2,1996,11.31
41,2,1997,10.67
41,2,1998,10.07
41,2,1999,9.6
41,2,2000,9.55
41,2,2001,9.54
41,2,2002,9.26
41,2,2003,8.92
41,2,2004,8.44
41,2,2005,8.45
41,2,2006,8.49
41,2,2007,8.34
41,2,2008,8.15
41,2,2009,7.95
41,2,2010,7.81
41,2,2011,8.05
41,2,2012,7.53
41,2,2013,7.43
41,2,2014,7.39
41,2,2015,7.23
41,2,2016,6.77
41,2,2017,6.63
41,2,2018,6.3
41,2,2019,5.98
41,2,2020,5.59
41,2,2021,5.28
41,2,2022,5.47
41,2,2023,5.38
43,1,1990,22.58
43,1,1991,21.86
43,1,1992,21.4
43,1,1993,20.76
43,1,1994,20.58
43,1,1995,20.43
43,1,1996,20.55
43,1,1997,20
43,1,1998,19.36
43,1,1999,19.13
43,1,2000,19.01
43,1,2001,18.87
43,1,2002,18.99
43,1,2003,18.98
43,1,2004,18.62
43,1,2005,18.22
43,1,2006,17.7
43,1,2007,17.12
43,1,2008,16.73
43,1,2009,16.37
43,1,2010,16.16
43,1,2011,15.87
43,1,2012,15.89
43,1,2013,15.98
43,1,2014,16.08
43,1,2015,16.29
43,1,2016,16.41
43,1,2017,16.56
43,1,2018,16.81
43,1,2019,17.51
43,1,2020,17.3
43,1,2021,17.84
43,1,2022,17.94
43,1,2023,16.92
43,2,1990,10.54
43,2,1991,10.28
43,2,1992,10.1
43,2,1993,9.98
43,2,1994,9.94
43,2,1995,9.74
43,2,1996,9.66
43,2,1997,9.57
43,2,1998,9.5
43,2,1999,9.37
43,2,2000,9.24
43,2,2001,9.04
43,2,2002,8.92
43,2,2003,8.79
43,2,2004,8.59
43,2,2005,8.27
43,2,2006,7.92
43,2,2007,7.53
43,2,2008,7.31
43,2,2009,7.13
43,2,2010,6.92
43,2,2011,6.67
43,2,2012,6.57
43,2,2013,6.54
43,2,2014,6.53
43,2,2015,6.53
43,2,2016,6.51
43,2,2017,6.5
43,2,2018,6.38
43,2,2019,6.36
43,2,2020,6.11
43,2,2021,6.05
43,2,2022,6.24
43,2,2023,5.81
44,1,1990,22.36
44,1,1991,21.61
44,1,1992,21.18
44,1,1993,20.96
44,1,1994,20.6
44,1,1995,20.37
44,1,1996,20.25
44,1,1997,20.18
44,1,1998,20.12
44,1,1999,20.17
44,1,2000,19.91
44,1,2001,19.53
44,1,2002,18.86
44,1,2003,18.53
44,1,2004,18.39
44,1,2005,18.24
44,1,2006,18.13
44,1,2007,17.9
44,1,2008,17.68
44,1,2009,17.33
44,1,2010,17.02
44,1,2011,16.39
44,1,2012,16.19
44,1,2013,15.7
44,1,2014,15.29
44,1,2015,14.93
44,1,2016,14.64
44,1,2017,14.42
44,1,2018,14.13
44,1,2019,14.23
44,1,2020,13.66
44,1,2021,13.49
44,1,2022,13.16
44,1,2023,12.59
44,2,1990,10.74
44,2,1991,10.19
44,2,1992,9.73
44,2,1993,9.43
44,2,1994,9.21
44,2,1995,9.14
44,2,1996,9.15
44,2,1997,9.21
44,2,1998,9.28
44,2,1999,9.26
44,2,2000,9.23
44,2,2001,9.12
44,2,2002,8.93
44,2,2003,8.88
44,2,2004,8.84
44,2,2005,8.8
44,2,2006,8.6
44,2,2007,8.41
44,2,2008,8.28
44,2,2009,8.15
44,2,2010,7.91
44,2,2011,7.64
44,2,2012,7.41
44,2,2013,7.17
44,2,2014,7.03
44,2,2015,6.91
44,2,2016,6.73
44,2,2017,6.6
44,2,2018,6.41
44,2,2019,6.32
44,2,2020,6.2
44,2,2021,5.97
44,2,2022,5.92
44,2,2023,5.65
45,1,1990,25.1
45,1,1991,24.96
45,1,1992,24.91
45,1,1993,24.08
45,1,1994,23.63
45,1,1995,22.47
45,1,1996,22.19
45,1,1997,21.73
45,1,1998,21.43
45,1,1999,21.22
45,1,2000,20.77
45,1,2001,20.31
45,1,2002,20.21
45,1,2003,19.63
45,1,2004,19.04
45,1,2005,18.35
45,1,2006,17.64
45,1,2007,17.25
45,1,2008,16.54
45,1,2009,15.89
45,1,2010,15
45,1,2011,14.69
45,1,2012,14.86
45,1,2013,15.15
45,1,2014,14.82
45,1,2015,14.78
45,1,2016,14.47
45,1,2017,14.42
45,1,2018,13.95
45,1,2019,13.47
45,1,2020,13.35
45,1,2021,13.2
45,1,2022,12.58
45,1,2023,11.94
45,2,1990,14.38
45,2,1991,13.54
45,2,1992,13.29
45,2,1993,13.02
45,2,1994,12.11
45,2,1995,11.86
45,2,1996,11.54
45,2,1997,11.33
45,2,1998,11.19
45,2,1999,10.84
45,2,2000,10.63
45,2,2001,10.39
45,2,2002,10.51
45,2,2003,9.8
45,2,2004,9.55
45,2,2005,9.25
45,2,2006,8.99
45,2,2007,8.64
45,2,2008,8.59
45,2,2009,7.93
45,2,2010,7.62
45,2,2011,7.51
45,2,2012,7.34
45,2,2013,7.34
45,2,2014,7.11
45,2,2015,7.16
45,2,2016,6.76
45,2,2017,6.82
45,2,2018,6.66
45,2,2019,6.73
45,2,2020,6.39
45,2,2021,6.02
45,2,2022,5.74
45,2,2023,5.13
46,1,1990,32.95
46,1,1991,31.65
46,1,1992,29.28
46,1,1993,29.22
46,1,1994,28.87
46,1,1995,29.56
46,1,1996,28.97
46,1,1997,28.58
46,1,1998,27.53
46,1,1999,27.23
46,1,2000,26.67
46,1,2001,25.71
46,1,2002,25.37
46,1,2003,25.19
46,1,2004,24.48
46,1,2005,22.79
46,1,2006,22.06
46,1,2007,21.7
46,1,2008,20.26
46,1,2009,19.81
46,1,2010,19.27
46,1,2011,18.96
46,1,2012,17.78
46,1,2013,17.32
46,1,2014,16.4
46,1,2015,15.92
46,1,2016,15.32
46,1,2017,14.64
46,1,2018,13.63
46,1,2019,13.26
46,1,2020,12.68
46,1,2021,11.88
46,1,2022,11.79
46,1,2023,11.28
46,2,1990,14.63
46,2,1991,13.43
46,2,1992,12.39
46,2,1993,12.13
46,2,1994,12.08
46,2,1995,12.29
46,2,1996,12.09
46,2,1997,11.79
46,2,1998,11.3
46,2,1999,10.63
46,2,2000,10.51
46,2,2001,10.53
46,2,2002,10.65
46,2,2003,10.35
46,2,2004,9.89
46,2,2005,9.27
46,2,2006,8.82
46,2,2007,8.67
46,2,2008,8.8
46,2,2009,8.59
46,2,2010,8.34
46,2,2011,8.22
46,2,2012,7.87
46,2,2013,7.95
46,2,2014,7.39
46,2,2015,7.27
46,2,2016,7.15
46,2,2017,6.78
46,2,2018,6.88
46,2,2019,6.6
46,2,2020,6.19
46,2,2021,5.73
46,2,2022,5.72
46,2,2023,5.08
47,1,1990,25.56
47,1,1991,24.38
47,1,1992,23.37
47,1,1993,23.18
47,1,1994,23.48
47,1,1995,22.82
47,1,1996,22.75
47,1,1997,21.31
47,1,1998,20.53
47,1,1999,19.8
47,1,2000,19.26
47,1,2001,18.48
47,1,2002,18.3
47,1,2003,18.09
47,1,2004,17.54
47,1,2005,16.49
47,1,2006,16
47,1,2007,15.42
47,1,2008,15.12
47,1,2009,14.95
47,1,2010,14.64
47,1,2011,13.03
47,1,2012,12.49
47,1,2013,12.24
47,1,2014,11.71
47,1,2015,11.08
47,1,2016,10.83
47,1,2017,10.48
47,1,2018,10.42
47,1,2019,10.21
47,1,2020,10.17
47,1,2021,9.94
47,1,2022,9.66
47,1,2023,9.19
47,2,1990,12.53
47,2,1991,12.03
47,2,1992,11.67
47,2,1993,11.78
47,2,1994,11.53
47,2,1995,11.61
47,2,1996,11.23
47,2,1997,10.89
47,2,1998,10.41
47,2,1999,10.17
47,2,2000,9.79
47,2,2001,9.68
47,2,2002,9.54
47,2,2003,9.08
47,2,2004,8.87
47,2,2005,8.36
47,2,2006,8.15
47,2,2007,7.96
47,2,2008,7.95
47,2,2009,7.89
47,2,2010,7.49
47,2,2011,7.02
47,2,2012,6.97
47,2,2013,6.57
47,2,2014,6.5
47,2,2015,6.28
47,2,2016,5.77
47,2,2017,5.67
47,2,2018,5.57
47,2,2019,5.45
47,2,2020,5.48
47,2,2021,5.37
47,2,2022,5.23
47,2,2023,4.71
48,1,1990,29.29
48,1,1991,28.73
48,1,1992,28.2
48,1,1993,27.42
48,1,1994,26.7
48,1,1995,25.45
48,1,1996,24.45
48,1,1997,24.07
48,1,1998,24.35
48,1,1999,23.88
48,1,2000,22.85
48,1,2001,22.52
48,1,2002,21.73
48,1,2003,20.62
48,1,2004,19.36
48,1,2005,18.62
48,1,2006,18.66
48,1,2007,17.9
48,1,2008,17.1
48,1,2009,16.7
48,1,2010,15.97
48,1,2011,15.6
48,1,2012,15.54
48,1,2013,14.85
48,1,2014,14.09
48,1,2015,13.57
48,1,2016,13.63
48,1,2017,12.99
48,1,2018,12.39
48,1,2019,11.73
48,1,2020,11.19
48,1,2021,10.62
48,1,2022,10.54
48,1,2023,10.24
48,2,1990,12.85
48,2,1991,12.69
48,2,1992,12.51
48,2,1993,12.41
48,2,1994,12.18
48,2,1995,11.94
48,2,1996,11.54
48,2,1997,11.28
48,2,1998,10.94
48,2,1999,10.52
48,2,2000,10.03
48,2,2001,9.45
48,2,2002,9.37
48,2,2003,9.23
48,2,2004,9.02
48,2,2005,8.51
48,2,2006,8.15
48,2,2007,7.87
48,2,2008,7.87
48,2,2009,7.89
48,2,2010,7.36
48,2,2011,7.34
48,2,2012,7.14
48,2,2013,6.73
48,2,2014,6.53
48,2,2015,6.26
48,2,2016,6.12
48,2,2017,5.88
48,2,2018,5.68
48,2,2019,5.4
48,2,2020,5.34
48,2,2021,5.19
48,2,2022,5.04
48,2,2023,4.68
49,1,1990,27.69
49,1,1991,27.99
49,1,1992,27.99
49,1,1993,28.09
49,1,1994,27.83
49,1,1995,28.01
49,1,1996,27.84
49,1,1997,27.42
49,1,1998,26.83
49,1,1999,26.36
49,1,2000,26.17
49,1,2001,25.63
49,1,2002,24.94
49,1,2003,24.03
49,1,2004,23.35
49,1,2005,23.01
49,1,2006,22.6
49,1,2007,21.95
49,1,2008,21.37
49,1,2009,20.72
49,1,2010,20.47
49,1,2011,19.8
49,1,2012,19.48
49,1,2013,19.2
49,1,2014,18.71
49,1,2015,18.52
49,1,2016,18.01
49,1,2017,17.81
49,1,2018,17.69
49,1,2019,18.41
49,1,2020,17.29
49,1,2021,16.85
49,1,2022,17.24
49,1,2023,16.51
49,2,1990,13.54
49,2,1991,13.54
49,2,1992,13.24
49,2,1993,13.11
49,2,1994,12.99
49,2,1995,13.03
49,2,1996,13.02
49,2,1997,12.89
49,2,1998,12.64
49,2,1999,12.58
49,2,2000,12.47
49,2,2001,12.16
49,2,2002,11.74
49,2,2003,11.29
49,2,2004,11.06
49,2,2005,10.96
49,2,2006,10.74
49,2,2007,10.62
49,2,2008,10.44
49,2,2009,10.23
49,2,2010,9.95
49,2,2011,9.62
49,2,2012,9.32
49,2,2013,9.06
49,2,2014,8.75
49,2,2015,8.56
49,2,2016,8.4
49,2,2017,8.31
49,2,2018,8.29
49,2,2019,8.5
49,2,2020,8.09
49,2,2021,7.8
49,2,2022,8.04
49,2,2023,7.64
50,1,1990,14.21
50,1,1991,14.11
50,1,1992,14.09
50,1,1993,14.07
50,1,1994,14.09
50,1,1995,14
50,1,1996,14.03
50,1,1997,14.06
50,1,1998,14.02
50,1,1999,13.85
50,1,2000,13.8
50,1,2001,13.86
50,1,2002,13.93
50,1,2003,13.92
50,1,2004,13.78
50,1,2005,13.54
50,1,2006,13.2
50,1,2007,12.89
50,1,2008,12.6
50,1,2009,12.28
50,1,2010,12.14
50,1,2011,11.78
50,1,2012,11.53
50,1,2013,11.3
50,1,2014,11.06
50,1,2015,11.02
50,1,2016,10.84
50,1,2017,10.48
50,1,2018,10.36
50,1,2019,10.24
50,1,2020,10.39
50,1,2021,10.53
50,1,2022,10.61
50,1,2023,10.39
50,2,1990,7.6
50,2,1991,7.54
50,2,1992,7.42
50,2,1993,7.36
50,2,1994,7.32
50,2,1995,7.27
50,2,1996,7.24
50,2,1997,7.19
50,2,1998,7.1
50,2,1999,6.97
50,2,2000,6.94
50,2,2001,6.92
50,2,2002,6.86
50,2,2003,6.72
50,2,2004,6.6
50,2,2005,6.45
50,2,2006,6.32
50,2,2007,6.21
50,2,2008,6.04
50,2,2009,5.92
50,2,2010,5.84
50,2,2011,5.7
50,2,2012,5.58
50,2,2013,5.49
50,2,2014,5.38
50,2,2015,5.3
50,2,2016,5.16
50,2,2017,5.03
50,2,2018,4.94
50,2,2019,4.9
50,2,2020,4.78
50,2,2021,4.38
50,2,2022,4.52
50,2,2023,4.59
51,1,1990,30.88
51,1,1991,29.86
51,1,1992,29.53
51,1,1993,28.89
51,1,1994,27.94
51,1,1995,27.32
51,1,1996,26.44
51,1,1997,26.28
51,1,1998,27.26
51,1,1999,27.29
51,1,2000,25.89
51,1,2001,24.86
51,1,2002,24.34
51,1,2003,23.84
51,1,2004,23.18
51,1,2005,22.15
51,1,2006,21.3
51,1,2007,20.64
51,1,2008,19.93
51,1,2009,19.44
51,1,2010,18.81
51,1,2011,17.99
51,1,2012,17.38
51,1,2013,16.45
51,1,2014,15.78
51,1,2015,15.44
51,1,2016,14.78
51,1,2017,13.89
51,1,2018,13.36
51,1,2019,12.93
51,1,2020,12.75
51,1,2021,11.75
51,1,2022,11.76
51,1,2023,11.17
51,2,1990,11.66
51,2,1991,11.62
51,2,1992,11.47
51,2,1993,11.13
51,2,1994,10.86
51,2,1995,10.66
51,2,1996,10.49
51,2,1997,10.3
51,2,1998,10.2
51,2,1999,10.04
51,2,2000,9.75
51,2,2001,9.59
51,2,2002,9.21
51,2,2003,9.06
51,2,2004,8.74
51,2,2005,8.3
51,2,2006,8.11
51,2,2007,7.91
51,2,2008,7.65
51,2,2009,7.31
51,2,2010,7.02
51,2,2011,6.6
51,2,2012,6.58
51,2,2013,6.41
51,2,2014,6.16
51,2,2015,5.98
51,2,2016,5.8
51,2,2017,5.58
51,2,2018,5.39
51,2,2019,5.22
51,2,2020,5.02
51,2,2021,4.65
51,2,2022,4.72
51,2,2023,4.54
52,1,1990,21.58
52,1,1991,21.86
52,1,1992,22.18
52,1,1993,22.4
52,1,1994,22.15
52,1,1995,22.16
52,1,1996,21.96
52,1,1997,21.6
52,1,1998,21.25
52,1,1999,22.22
52,1,2000,22.32
52,1,2001,23.37
52,1,2002,23.81
52,1,2003,22.8
52,1,2004,22.25
52,1,2005,21.66
52,1,2006,21.14
52,1,2007,20.7
52,1,2008,20.85
52,1,2009,20.17
52,1,2010,19.79
52,1,2011,19.19
52,1,2012,18.46
52,1,2013,18.43
52,1,2014,18.6
52,1,2015,18.58
52,1,2016,18.31
52,1,2017,18.14
52,1,2018,17.27
52,1,2019,16.82
52,1,2020,16.48
52,1,2021,16.03
52,1,2022,16.73
52,1,2023,15.74
52,2,1990,8.82
52,2,1991,9.02
52,2,1992,8.9
52,2,1993,8.86
52,2,1994,8.8
52,2,1995,8.91
52,2,1996,8.86
52,2,1997,8.7
52,2,1998,8.24
52,2,1999,8.41
52,2,2000,8.51
52,2,2001,8.53
52,2,2002,8.44
52,2,2003,8.35
52,2,2004,8.29
52,2,2005,7.78
52,2,2006,7.78
52,2,2007,7.57
52,2,2008,7.42
52,2,2009,7.27
52,2,2010,7.05
52,2,2011,7.01
52,2,2012,6.72
52,2,2013,6.7
52,2,2014,6.64
52,2,2015,6.55
52,2,2016,6.44
52,2,2017,6.31
52,2,2018,6.19
52,2,2019,5.93
52,2,2020,5.72
52,2,2021,5.74
52,2,2022,5.61
52,2,2023,5.08
53,1,1990,19.59
53,1,1991,19.44
53,1,1992,19.39
53,1,1993,19.19
53,1,1994,18.98
53,1,1995,18.98
53,1,1996,19.09
53,1,1997,19.25
53,1,1998,19.51
53,1,1999,19.48
53,1,2000,19.43
53,1,2001,19.38
53,1,2002,19.1
53,1,2003,18.58
53,1,2004,18.1
53,1,2005,17.59
53,1,2006,17.11
53,1,2007,16.65
53,1,2008,16.35
53,1,2009,15.96
53,1,2010,15.57
53,1,2011,14.9
53,1,2012,14.46
53,1,2013,14.11
53,1,2014,13.71
53,1,2015,13.39
53,1,2016,13.07
53,1,2017,12.61
53,1,2018,12.19
53,1,2019,12.01
53,1,2020,11.6
53,1,2021,11.36
53,1,2022,11.24
53,1,2023,11.14
53,2,1990,10.14
53,2,1991,10.21
53,2,1992,10.12
53,2,1993,10.11
53,2,1994,10.08
53,2,1995,10.04
53,2,1996,10.05
53,2,1997,10.03
53,2,1998,10.05
53,2,1999,9.82
53,2,2000,9.67
53,2,2001,9.42
53,2,2002,9.11
53,2,2003,8.85
53,2,2004,8.69
53,2,2005,8.44
53,2,2006,8.19
53,2,2007,8.05
53,2,2008,7.91
53,2,2009,7.63
53,2,2010,7.38
53,2,2011,7.16
53,2,2012,7
53,2,2013,6.83
53,2,2014,6.64
53,2,2015,6.5
53,2,2016,6.28
53,2,2017,6.05
53,2,2018,5.8
53,2,2019,5.67
53,2,2020,5.48
53,2,2021,5.39
53,2,2022,5.31
53,2,2023,5.21
54,1,1990,25.22
54,1,1991,24.76
54,1,1992,24.04
54,1,1993,23.25
54,1,1994,22.29
54,1,1995,21.62
54,1,1996,21.38
54,1,1997,21.19
54,1,1998,21.08
54,1,1999,20.84
54,1,2000,20.26
54,1,2001,19.66
54,1,2002,18.98
54,1,2003,18.42
54,1,2004,18.1
54,1,2005,17.74
54,1,2006,17.47
54,1,2007,17.06
54,1,2008,16.49
54,1,2009,16.09
54,1,2010,15.83
54,1,2011,15.24
54,1,2012,14.81
54,1,2013,14.5
54,1,2014,14.02
54,1,2015,13.82
54,1,2016,13.58
54,1,2017,13.27
54,1,2018,12.9
54,1,2019,12.67
54,1,2020,12.56
54,1,2021,12.64
54,1,2022,12.61
54,1,2023,12.15
54,2,1990,11.24
54,2,1991,10.92
54,2,1992,10.6
54,2,1993,10.26
54,2,1994,9.95
54,2,1995,9.69
54,2,1996,9.45
54,2,1997,9.24
54,2,1998,9.04
54,2,1999,8.82
54,2,2000,8.6
54,2,2001,8.36
54,2,2002,8.12
54,2,2003,7.98
54,2,2004,7.84
54,2,2005,7.71
54,2,2006,7.53
54,2,2007,7.31
54,2,2008,7.12
54,2,2009,6.96
54,2,2010,6.84
54,2,2011,6.61
54,2,2012,6.45
54,2,2013,6.3
54,2,2014,6.16
54,2,2015,6.09
54,2,2016,5.98
54,2,2017,5.9
54,2,2018,5.75
54,2,2019,5.62
54,2,2020,5.59
54,2,2021,5.56
54,2,2022,5.46
54,2,2023,5.26
55,1,1990,35.05
55,1,1991,33.39
55,1,1992,33.34
55,1,1993,32.64
55,1,1994,31.72
55,1,1995,31.4
55,1,1996,29.48
55,1,1997,29.37
55,1,1998,29.2
55,1,1999,28.47
55,1,2000,27.7
55,1,2001,26.87
55,1,2002,26.77
55,1,2003,24.83
55,1,2004,24.88
55,1,2005,23.44
55,1,2006,22.54
55,1,2007,22.21
55,1,2008,22.33
55,1,2009,21.8
55,1,2010,21.54
55,1,2011,20.28
55,1,2012,18.51
55,1,2013,18.32
55,1,2014,18
55,1,2015,17.66
55,1,2016,17.06
55,1,2017,16.29
55,1,2018,15.6
55,1,2019,15.08
55,1,2020,14.55
55,1,2021,14.37
55,1,2022,14.36
55,1,2023,13.57
55,2,1990,14.37
55,2,1991,14.56
55,2,1992,14.36
55,2,1993,14.16
55,2,1994,13.43
55,2,1995,13.8
55,2,1996,13.26
55,2,1997,13.33
55,2,1998,12.49
55,2,1999,12.12
55,2,2000,11.88
55,2,2001,11.42
55,2,2002,10.93
55,2,2003,10.72
55,2,2004,10.57
55,2,2005,10.15
55,2,2006,9.79
55,2,2007,9.65
55,2,2008,9.59
55,2,2009,9.15
55,2,2010,9.14
55,2,2011,9.08
55,2,2012,8.88
55,2,2013,8.55
55,2,2014,8.14
55,2,2015,7.65
55,2,2016,7.36
55,2,2017,7.31
55,2,2018,7.07
55,2,2019,6.61
55,2,2020,6.43
55,2,2021,6.09
55,2,2022,6.14
55,2,2023,5.74
57,1,1990,39.88
57,1,1991,41.34
57,1,1992,42.79
57,1,1993,43.79
57,1,1994,44.01
57,1,1995,44.29
57,1,1996,43.87
57,1,1997,44.04
57,1,1998,45.5
57,1,1999,45.73
57,1,2000,45.03
57,1,2001,43.78
57,1,2002,41.94
57,1,2003,40.46
57,1,2004,43.14
57,1,2005,46.71
57,1,2006,40.77
57,1,2007,36.38
57,1,2008,35.39
57,1,2009,34.39
57,1,2010,33.64
57,1,2011,32.26
57,1,2012,31.79
57,1,2013,30.83
57,1,2014,29.79
57,1,2015,29.75
57,1,2016,29.12
57,1,2017,28.32
57,1,2018,28.09
57,1,2019,28.13
57,1,2020,27.65
57,1,2021,27.47
57,1,2022,28.29
57,1,2023,28.16
57,2,1990,18.95
57,2,1991,19.63
57,2,1992,19.83
57,2,1993,19.73
57,2,1994,19.69
57,2,1995,18.94
57,2,1996,18.49
57,2,1997,18.02
57,2,1998,17.03
57,2,1999,15.8
57,2,2000,14.39
57,2,2001,15.06
57,2,2002,14.95
57,2,2003,15.9
57,2,2004,17.23
57,2,2005,18.25
57,2,2006,16.41
57,2,2007,14.77
57,2,2008,14.8
57,2,2009,14.95
57,2,2010,14.45
57,2,2011,13.82
57,2,2012,13.5
57,2,2013,13.05
57,2,2014,12.43
57,2,2015,12.26
57,2,2016,11.75
57,2,2017,11.31
57,2,2018,11.19
57,2,2019,11.17
57,2,2020,10.68
57,2,2021,10.71
57,2,2022,11.4
57,2,2023,11.57
58,1,1990,41.08
58,1,1991,41.13
58,1,1992,42
58,1,1993,42.04
58,1,1994,37.89
58,1,1995,37.05
58,1,1996,36.75
58,1,1997,35.42
58,1,1998,34.52
58,1,1999,33.02
58,1,2000,31.68
58,1,2001,29.64
58,1,2002,28.82
58,1,2003,28.93
58,1,2004,28.39
58,1,2005,27.53
58,1,2006,29.18
58,1,2007,28.1
58,1,2008,26.15
58,1,2009,26.16
58,1,2010,26.67
58,1,2011,27.06
58,1,2012,26.65
58,1,2013,26.39
58,1,2014,25.57
58,1,2015,24.23
58,1,2016,23.37
58,1,2017,22.55
58,1,2018,22.1
58,1,2019,22.03
58,1,2020,21.17
58,1,2021,21.24
58,1,2022,20.93
58,1,2023,20.69
58,2,1990,21.02
58,2,1991,21
58,2,1992,20.64
58,2,1993,19.37
58,2,1994,17.71
58,2,1995,16.57
58,2,1996,16.84
58,2,1997,16.26
58,2,1998,16.21
58,2,1999,15.7
58,2,2000,14.61
58,2,2001,13.93
58,2,2002,13.91
58,2,2003,14.02
58,2,2004,14.11
58,2,2005,13.59
58,2,2006,13.47
58,2,2007,13.2
58,2,2008,13.09
58,2,2009,13.36
58,2,2010,12.33
58,2,2011,11.74
58,2,2012,11.78
58,2,2013,11.5
58,2,2014,11.65
58,2,2015,11.22
58,2,2016,10.85
58,2,2017,11.19
58,2,2018,11.37
58,2,2019,10.4
58,2,2020,9.71
58,2,2021,9.39
58,2,2022,9.2
58,2,2023,8.94
59,1,1990,40.39
59,1,1991,42.68
59,1,1992,45.22
59,1,1993,44.55
59,1,1994,43.48
59,1,1995,41.45
59,1,1996,36.6
59,1,1997,33.85
59,1,1998,32.12
59,1,1999,31.26
59,1,2000,29.92
59,1,2001,29.31
59,1,2002,28.46
59,1,2003,29.19
59,1,2004,29.66
59,1,2005,28.79
59,1,2006,29
59,1,2007,28.99
59,1,2008,28.93
59,1,2009,27.48
59,1,2010,26.52
59,1,2011,26.08
59,1,2012,25.81
59,1,2013,25.37
59,1,2014,24.27
59,1,2015,24.93
59,1,2016,23.45
59,1,2017,22.34
59,1,2018,22.22
59,1,2019,21.89
59,1,2020,20.76
59,1,2021,20.54
59,1,2022,21.06
59,1,2023,20.56
59,2,1990,21.22
59,2,1991,21.12
59,2,1992,20.29
59,2,1993,19.43
59,2,1994,19.45
59,2,1995,18.49
59,2,1996,15.81
59,2,1997,15.59
59,2,1998,14.8
59,2,1999,14.68
59,2,2000,14.35
59,2,2001,14.15
59,2,2002,13.83
59,2,2003,13
59,2,2004,12.75
59,2,2005,12.59
59,2,2006,12.7
59,2,2007,12.46
59,2,2008,12.33
59,2,2009,12.48
59,2,2010,11.7
59,2,2011,11.05
59,2,2012,10.75
59,2,2013,10.51
59,2,2014,10.37
59,2,2015,9.86
59,2,2016,9.36
59,2,2017,9.1
59,2,2018,9.03
59,2,2019,8.63
59,2,2020,8.58
59,2,2021,8.39
59,2,2022,8.24
59,2,2023,7.69
60,1,1990,41.86
60,1,1991,41.55
60,1,1992,42.46
60,1,1993,39.58
60,1,1994,37.7
60,1,1995,37.39
60,1,1996,36.72
60,1,1997,35.4
60,1,1998,33.95
60,1,1999,33.56
60,1,2000,33.12
60,1,2001,31.45
60,1,2002,31.57
60,1,2003,31.33
60,1,2004,31.91
60,1,2005,30.35
60,1,2006,30.72
60,1,2007,31.28
60,1,2008,30.19
60,1,2009,29.07
60,1,2010,28.38
60,1,2011,27.61
60,1,2012,27.34
60,1,2013,27.56
60,1,2014,27.93
60,1,2015,27.53
60,1,2016,26.64
60,1,2017,26.18
60,1,2018,24.35
60,1,2019,23.61
60,1,2020,23.85
60,1,2021,23.33
60,1,2022,22.38
60,1,2023,22.16
60,2,1990,20.46
60,2,1991,20.1
60,2,1992,19.63
60,2,1993,17.78
60,2,1994,16.16
60,2,1995,16.03
60,2,1996,15.67
60,2,1997,15.28
60,2,1998,15.12
60,2,1999,15.17
60,2,2000,14.77
60,2,2001,14.79
60,2,2002,14.57
60,2,2003,14.55
60,2,2004,14.26
60,2,2005,13.85
60,2,2006,13.01
60,2,2007,12.68
60,2,2008,12.95
60,2,2009,12.61
60,2,2010,12.03
60,2,2011,11.84
60,2,2012,11.52
60,2,2013,10.77
60,2,2014,11.23
60,2,2015,10.79
60,2,2016,10.43
60,2,2017,10.17
60,2,2018,9.83
60,2,2019,9.88
60,2,2020,9.78
60,2,2021,9.6
60,2,2022,9.55
60,2,2023,9.13
61,1,1990,31.14
61,1,1991,30.54
61,1,1992,29.48
61,1,1993,29.45
61,1,1994,28.05
61,1,1995,27.79
61,1,1996,25.72
61,1,1997,23.55
61,1,1998,21.77
61,1,1999,20.48
61,1,2000,20.41
61,1,2001,19.1
61,1,2002,18.81
61,1,2003,18.96
61,1,2004,19.47
61,1,2005,18.96
61,1,2006,19.9
61,1,2007,22.02
61,1,2008,22.35
61,1,2009,21.79
61,1,2010,21.02
61,1,2011,20.76
61,1,2012,20.85
61,1,2013,20.23
61,1,2014,19.18
61,1,2015,19.13
61,1,2016,18.69
61,1,2017,18.06
61,1,2018,16.63
61,1,2019,15.62
61,1,2020,14.52
61,1,2021,13.93
61,1,2022,14.87
61,1,2023,14.85
61,2,1990,13.75
61,2,1991,13.12
61,2,1992,13.01
61,2,1993,12.62
61,2,1994,12.28
61,2,1995,11.6
61,2,1996,10.37
61,2,1997,9.57
61,2,1998,9.22
61,2,1999,8.58
61,2,2000,8.36
61,2,2001,8.08
61,2,2002,8.16
61,2,2003,8.05
61,2,2004,8.68
61,2,2005,8.79
61,2,2006,8.45
61,2,2007,8.7
61,2,2008,8.57
61,2,2009,8.2
61,2,2010,7.89
61,2,2011,8.29
61,2,2012,8.05
61,2,2013,7.95
61,2,2014,7.73
61,2,2015,7.13
61,2,2016,6.81
61,2,2017,6.76
61,2,2018,6.1
61,2,2019,5.62
61,2,2020,4.92
61,2,2021,4.5
61,2,2022,4.71
61,2,2023,4.92
62,1,1990,53.3
62,1,1991,51.91
62,1,1992,50.76
62,1,1993,51.94
62,1,1994,50.94
62,1,1995,47.58
62,1,1996,44.89
62,1,1997,43.01
62,1,1998,41.35
62,1,1999,41.61
62,1,2000,40.49
62,1,2001,39.19
62,1,2002,38.27
62,1,2003,37.62
62,1,2004,36.4
62,1,2005,35.31
62,1,2006,33.67
62,1,2007,33.08
62,1,2008,32.74
62,1,2009,32.38
62,1,2010,31.7
62,1,2011,30.83
62,1,2012,29.78
62,1,2013,29.1
62,1,2014,28.46
62,1,2015,28.33
62,1,2016,27.53
62,1,2017,26.25
62,1,2018,25.53
62,1,2019,24.49
62,1,2020,23.71
62,1,2021,22.49
62,1,2022,20.61
62,1,2023,21.89
62,2,1990,23.54
62,2,1991,22.76
62,2,1992,22.01
62,2,1993,21.78
62,2,1994,21.34
62,2,1995,20.17
62,2,1996,19.18
62,2,1997,18.53
62,2,1998,17.95
62,2,1999,17.74
62,2,2000,17.22
62,2,2001,16.61
62,2,2002,16.13
62,2,2003,15.81
62,2,2004,15.54
62,2,2005,15.07
62,2,2006,14.73
62,2,2007,14.55
62,2,2008,14.43
62,2,2009,14.18
62,2,2010,14.03
62,2,2011,13.51
62,2,2012,13.09
62,2,2013,12.94
62,2,2014,12.76
62,2,2015,12.74
62,2,2016,12.27
62,2,2017,11.69
62,2,2018,11.29
62,2,2019,10.92
62,2,2020,10.58
62,2,2021,10.05
62,2,2022,9.06
62,2,2023,9.13
63,1,1990,33.29
63,1,1991,35.06
63,1,1992,35.68
63,1,1993,35.31
63,1,1994,35.23
63,1,1995,35.31
63,1,1996,34.23
63,1,1997,32.7
63,1,1998,31.55
63,1,1999,32.29
63,1,2000,32.92
63,1,2001,32.62
63,1,2002,32.96
63,1,2003,33.14
63,1,2004,32.42
63,1,2005,28.96
63,1,2006,26.85
63,1,2007,26.05
63,1,2008,25.91
63,1,2009,25.16
63,1,2010,24.68
63,1,2011,24.44
63,1,2012,24.5
63,1,2013,24.28
63,1,2014,21.89
63,1,2015,20.22
63,1,2016,19.97
63,1,2017,20.4
63,1,2018,19.78
63,1,2019,19.69
63,1,2020,20.49
63,1,2021,19.38
63,1,2022,18.56
63,1,2023,18.26
63,2,1990,14.75
63,2,1991,15.2
63,2,1992,15.17
63,2,1993,14.92
63,2,1994,14.41
63,2,1995,13.91
63,2,1996,13.4
63,2,1997,12.82
63,2,1998,12.52
63,2,1999,12.48
63,2,2000,12.6
63,2,2001,12.5
63,2,2002,12.52
63,2,2003,12.73
63,2,2004,12.38
63,2,2005,11.3
63,2,2006,10.99
63,2,2007,10.68
63,2,2008,10.51
63,2,2009,10.31
63,2,2010,10.11
63,2,2011,9.72
63,2,2012,9.76
63,2,2013,9.36
63,2,2014,8.55
63,2,2015,7.83
63,2,2016,7.65
63,2,2017,7.61
63,2,2018,7.35
63,2,2019,7.36
63,2,2020,7.49
63,2,2021,6.93
63,2,2022,6.71
63,2,2023,6.75
66,1,1990,31.35
66,1,1991,30.4
66,1,1992,29.57
66,1,1993,28.59
66,1,1994,27.7
66,1,1995,26.81
66,1,1996,25.94
66,1,1997,25.12
66,1,1998,23.97
66,1,1999,22.93
66,1,2000,22.15
66,1,2001,21.42
66,1,2002,20.91
66,1,2003,20.45
66,1,2004,19.9
66,1,2005,19.68
66,1,2006,19.42
66,1,2007,18.73
66,1,2008,18.29
66,1,2009,17.9
66,1,2010,17.4
66,1,2011,17.09
66,1,2012,16.85
66,1,2013,16.23
66,1,2014,15.72
66,1,2015,15.38
66,1,2016,15
66,1,2017,14.81
66,1,2018,14.74
66,1,2019,14.83
66,1,2020,15.03
66,1,2021,14.98
66,1,2022,14.53
66,1,2023,14.86
66,2,1990,18.91
66,2,1991,18.43
66,2,1992,18.08
66,2,1993,17.75
66,2,1994,17.37
66,2,1995,17.06
66,2,1996,16.74
66,2,1997,16.4
66,2,1998,15.9
66,2,1999,15.26
66,2,2000,14.77
66,2,2001,14.38
66,2,2002,13.96
66,2,2003,13.5
66,2,2004,13.11
66,2,2005,12.8
66,2,2006,12.48
66,2,2007,12.15
66,2,2008,11.87
66,2,2009,11.53
66,2,2010,11.21
66,2,2011,10.95
66,2,2012,10.69
66,2,2013,10.48
66,2,2014,10.13
66,2,2015,9.82
66,2,2016,9.53
66,2,2017,9.28
66,2,2018,9.14
66,2,2019,9.24
66,2,2020,9.27
66,2,2021,9.26
66,2,2022,9.17
66,2,2023,9.16
67,1,1990,95.48
67,1,1991,92.87
67,1,1992,91.15
67,1,1993,88.64
67,1,1994,86.66
67,1,1995,86.24
67,1,1996,83.31
67,1,1997,81.06
67,1,1998,79.45
67,1,1999,78.18
67,1,2000,73.99
67,1,2001,70.75
67,1,2002,68.1
67,1,2003,66.83
67,1,2004,65.73
67,1,2005,64.73
67,1,2006,62.64
67,1,2007,61.31
67,1,2008,60.04
67,1,2009,57.97
67,1,2010,57.38
67,1,2011,56.03
67,1,2012,54.13
67,1,2013,52.39
67,1,2014,50.37
67,1,2015,48.57
67,1,2016,46.45
67,1,2017,45.03
67,1,2018,43.11
67,1,2019,41.44
67,1,2020,39.59
67,1,2021,37.3
67,1,2022,36.49
67,1,2023,38.44
67,2,1990,41.28
67,2,1991,39.66
67,2,1992,38.6
67,2,1993,37.4
67,2,1994,35.96
67,2,1995,35.7
67,2,1996,34.25
67,2,1997,32.93
67,2,1998,31.93
67,2,1999,31.47
67,2,2000,29.59
67,2,2001,28.43
67,2,2002,27.2
67,2,2003,26.38
67,2,2004,25.98
67,2,2005,25.26
67,2,2006,24.3
67,2,2007,23.51
67,2,2008,22.79
67,2,2009,21.79
67,2,2010,21.36
67,2,2011,20.83
67,2,2012,20.35
67,2,2013,19.71
67,2,2014,19.08
67,2,2015,18.14
67,2,2016,17.37
67,2,2017,16.8
67,2,2018,16.28
67,2,2019,15.71
67,2,2020,14.91
67,2,2021,14.08
67,2,2022,13.88
67,2,2023,17.04
68,1,1990,102.41
68,1,1991,101.05
68,1,1992,97.17
68,1,1993,96.05
68,1,1994,97.99
68,1,1995,96.3
68,1,1996,93.58
68,1,1997,93.65
68,1,1998,90.39
68,1,1999,86.19
68,1,2000,80.66
68,1,2001,75.34
68,1,2002,71.84
68,1,2003,69.13
68,1,2004,68.37
68,1,2005,68.07
68,1,2006,67.22
68,1,2007,65.99
68,1,2008,64.44
68,1,2009,61.75
68,1,2010,60.45
68,1,2011,57.75
68,1,2012,56.03
68,1,2013,52.8
68,1,2014,49.85
68,1,2015,48.08
68,1,2016,45.75
68,1,2017,43.66
68,1,2018,42.73
68,1,2019,40.59
68,1,2020,40.34
68,1,2021,39.18
68,1,2022,40.86
68,1,2023,39.65
68,2,1990,42.6
68,2,1991,42.04
68,2,1992,40.49
68,2,1993,39.49
68,2,1994,39.88
68,2,1995,39.43
68,2,1996,38.78
68,2,1997,39.04
68,2,1998,37.79
68,2,1999,36.54
68,2,2000,34.33
68,2,2001,31.61
68,2,2002,30.27
68,2,2003,28.75
68,2,2004,27.74
68,2,2005,27.17
68,2,2006,26.5
68,2,2007,25.68
68,2,2008,24.51
68,2,2009,23.33
68,2,2010,22.6
68,2,2011,21.36
68,2,2012,20.77
68,2,2013,19.71
68,2,2014,18.64
68,2,2015,18.1
68,2,2016,17.28
68,2,2017,16.44
68,2,2018,15.98
68,2,2019,15.19
68,2,2020,15.02
68,2,2021,14.44
68,2,2022,15.1
68,2,2023,15.07
69,1,1990,37.5
69,1,1991,35.3
69,1,1992,34.67
69,1,1993,32.57
69,1,1994,32.46
69,1,1995,31.74
69,1,1996,32.66
69,1,1997,32.35
69,1,1998,28.83
69,1,1999,27.82
69,1,2000,25.92
69,1,2001,24.31
69,1,2002,23.48
69,1,2003,23.21
69,1,2004,21.82
69,1,2005,21.22
69,1,2006,20.89
69,1,2007,20.68
69,1,2008,20.38
69,1,2009,19.47
69,1,2010,18.46
69,1,2011,17.8
69,1,2012,16.59
69,1,2013,16
69,1,2014,14.7
69,1,2015,14
69,1,2016,14.02
69,1,2017,13.47
69,1,2018,12.98
69,1,2019,12.97
69,1,2020,12.36
69,1,2021,11.29
69,1,2022,11.94
69,1,2023,13.04
69,2,1990,17.97
69,2,1991,17.22
69,2,1992,16.13
69,2,1993,16.65
69,2,1994,16.17
69,2,1995,15.96
69,2,1996,15.95
69,2,1997,15.76
69,2,1998,14.95
69,2,1999,14.17
69,2,2000,14.03
69,2,2001,13.26
69,2,2002,12.35
69,2,2003,11.61
69,2,2004,11.6
69,2,2005,11.6
69,2,2006,11.29
69,2,2007,11.54
69,2,2008,11.2
69,2,2009,10.59
69,2,2010,10.14
69,2,2011,10.25
69,2,2012,9.96
69,2,2013,9.4
69,2,2014,9.15
69,2,2015,9.07
69,2,2016,8.49
69,2,2017,8.06
69,2,2018,7.83
69,2,2019,7.33
69,2,2020,7.06
69,2,2021,6.62
69,2,2022,6.59
69,2,2023,6.48
71,1,1990,15.4
71,1,1991,15.05
71,1,1992,14.65
71,1,1993,14.67
71,1,1994,14.94
71,1,1995,14.74
71,1,1996,14.32
71,1,1997,14.16
71,1,1998,14.28
71,1,1999,14.03
71,1,2000,13.54
71,1,2001,13.15
71,1,2002,13.07
71,1,2003,12.8
71,1,2004,12.88
71,1,2005,12.4
71,1,2006,12.25
71,1,2007,12.27
71,1,2008,12.28
71,1,2009,11.84
71,1,2010,11.83
71,1,2011,11.58
71,1,2012,11.19
71,1,2013,11.19
71,1,2014,10.64
71,1,2015,10.31
71,1,2016,9.97
71,1,2017,9.71
71,1,2018,9.59
71,1,2019,9.82
71,1,2020,9.51
71,1,2021,9.3
71,1,2022,9.18
71,1,2023,8.97
71,2,1990,7.14
71,2,1991,6.9
71,2,1992,6.76
71,2,1993,6.45
71,2,1994,6.5
71,2,1995,6.52
71,2,1996,6.71
71,2,1997,6.63
71,2,1998,6.35
71,2,1999,6.29
71,2,2000,6.04
71,2,2001,6.11
71,2,2002,6.19
71,2,2003,6.36
71,2,2004,6.12
71,2,2005,5.86
71,2,2006,6.09
71,2,2007,5.95
71,2,2008,6
71,2,2009,5.66
71,2,2010,5.41
71,2,2011,5.49
71,2,2012,5.45
71,2,2013,5.4
71,2,2014,5.29
71,2,2015,5.16
71,2,2016,4.85
71,2,2017,4.84
71,2,2018,4.73
71,2,2019,4.57
71,2,2020,4.34
71,2,2021,4.47
71,2,2022,4.38
71,2,2023,4.29
72,1,1990,15.47
72,1,1991,15.89
72,1,1992,15.57
72,1,1993,14.3
72,1,1994,13.33
72,1,1995,14.4
72,1,1996,13.84
72,1,1997,12.82
72,1,1998,13.66
72,1,1999,14.02
72,1,2000,13.48
72,1,2001,13.41
72,1,2002,13.08
72,1,2003,12.74
72,1,2004,11.59
72,1,2005,10.04
72,1,2006,10.18
72,1,2007,10.48
72,1,2008,10.14
72,1,2009,9.61
72,1,2010,9.46
72,1,2011,10.09
72,1,2012,9.83
72,1,2013,9.71
72,1,2014,9.69
72,1,2015,9.2
72,1,2016,9.7
72,1,2017,10.21
72,1,2018,9.85
72,1,2019,9.51
72,1,2020,9.2
72,1,2021,9.36
72,1,2022,9.57
72,1,2023,9.92
72,2,1990,8.01
72,2,1991,7.46
72,2,1992,7.63
72,2,1993,7.43
72,2,1994,7.49
72,2,1995,7.95
72,2,1996,7.71
72,2,1997,7.4
72,2,1998,7.4
72,2,1999,7.22
72,2,2000,6.92
72,2,2001,6.47
72,2,2002,6.42
72,2,2003,6.29
72,2,2004,6.23
72,2,2005,6.01
72,2,2006,5.73
72,2,2007,5.67
72,2,2008,5.4
72,2,2009,4.82
72,2,2010,4.91
72,2,2011,5.13
72,2,2012,5.44
72,2,2013,5.18
72,2,2014,5.12
72,2,2015,5.38
72,2,2016,5.76
72,2,2017,4.94
72,2,2018,4.73
72,2,2019,4.36
72,2,2020,4.16
72,2,2021,4.27
72,2,2022,4.42
72,2,2023,4.62
74,1,1990,16.72
74,1,1991,16.55
74,1,1992,16.37
74,1,1993,16.44
74,1,1994,16.42
74,1,1995,16.47
74,1,1996,16.6
74,1,1997,16.66
74,1,1998,16.67
74,1,1999,16.59
74,1,2000,16.56
74,1,2001,16.3
74,1,2002,16.33
74,1,2003,16.12
74,1,2004,15.94
74,1,2005,15.89
74,1,2006,15.71
74,1,2007,15.49
74,1,2008,15.21
74,1,2009,14.92
74,1,2010,14.84
74,1,2011,14.53
74,1,2012,14.39
74,1,2013,14.18
74,1,2014,13.98
74,1,2015,13.85
74,1,2016,13.79
74,1,2017,13.79
74,1,2018,13.88
74,1,2019,14.05
74,1,2020,14.32
74,1,2021,14.52
74,1,2022,14.71
74,1,2023,14.48
74,2,1990,7.72
74,2,1991,7.59
74,2,1992,7.49
74,2,1993,7.45
74,2,1994,7.43
74,2,1995,7.5
74,2,1996,7.62
74,2,1997,7.69
74,2,1998,7.74
74,2,1999,7.75
74,2,2000,7.78
74,2,2001,7.79
74,2,2002,7.83
74,2,2003,7.68
74,2,2004,7.58
74,2,2005,7.51
74,2,2006,7.45
74,2,2007,7.41
74,2,2008,7.34
74,2,2009,7.25
74,2,2010,7.22
74,2,2011,7.16
74,2,2012,7.11
74,2,2013,7.07
74,2,2014,6.99
74,2,2015,6.93
74,2,2016,6.86
74,2,2017,6.8
74,2,2018,6.84
74,2,2019,6.91
74,2,2020,6.84
74,2,2021,7.03
74,2,2022,7.23
74,2,2023,7.24
75,1,1990,27.12
75,1,1991,26.17
75,1,1992,25.29
75,1,1993,25.03
75,1,1994,24.14
75,1,1995,23.39
75,1,1996,22.67
75,1,1997,21.58
75,1,1998,20.8
75,1,1999,19.53
75,1,2000,18.52
75,1,2001,17.71
75,1,2002,17.23
75,1,2003,17.15
75,1,2004,16.68
75,1,2005,16.07
75,1,2006,15.45
75,1,2007,14.83
75,1,2008,14.55
75,1,2009,14.51
75,1,2010,13.91
75,1,2011,13.84
75,1,2012,13.97
75,1,2013,13.29
75,1,2014,12.75
75,1,2015,12.22
75,1,2016,11.39
75,1,2017,11.42
75,1,2018,10.9
75,1,2019,10.69
75,1,2020,10.62
75,1,2021,10.49
75,1,2022,10.66
75,1,2023,10.37
75,2,1990,13.35
75,2,1991,13.29
75,2,1992,12.74
75,2,1993,12.54
75,2,1994,12.45
75,2,1995,12.04
75,2,1996,11.66
75,2,1997,11.18
75,2,1998,10.6
75,2,1999,10.29
75,2,2000,9.92
75,2,2001,9.35
75,2,2002,8.89
75,2,2003,8.78
75,2,2004,8.85
75,2,2005,8.37
75,2,2006,8.17
75,2,2007,7.64
75,2,2008,7.6
75,2,2009,7.28
75,2,2010,6.95
75,2,2011,6.94
75,2,2012,6.87
75,2,2013,6.65
75,2,2014,6.36
75,2,2015,6.23
75,2,2016,5.91
75,2,2017,5.78
75,2,2018,5.57
75,2,2019,5.4
75,2,2020,5.36
75,2,2021,5.03
75,2,2022,5.13
75,2,2023,4.99
76,1,1990,19.91
76,1,1991,19.32
76,1,1992,18.69
76,1,1993,18.52
76,1,1994,18
76,1,1995,17.18
76,1,1996,16.2
76,1,1997,15.68
76,1,1998,14.9
76,1,1999,14.4
76,1,2000,14.38
76,1,2001,14.15
76,1,2002,14.3
76,1,2003,13.8
76,1,2004,13.39
76,1,2005,13.1
76,1,2006,12.74
76,1,2007,12.39
76,1,2008,12.16
76,1,2009,11.73
76,1,2010,11.24
76,1,2011,11.57
76,1,2012,11.76
76,1,2013,11.39
76,1,2014,11.09
76,1,2015,10.98
76,1,2016,10.55
76,1,2017,10.27
76,1,2018,9.84
76,1,2019,9.45
76,1,2020,9.68
76,1,2021,9.67
76,1,2022,9.72
76,1,2023,9.29
76,2,1990,10.18
76,2,1991,9.92
76,2,1992,9.62
76,2,1993,9.24
76,2,1994,8.63
76,2,1995,8.32
76,2,1996,8.12
76,2,1997,7.87
76,2,1998,7.6
76,2,1999,7.14
76,2,2000,6.9
76,2,2001,6.84
76,2,2002,6.7
76,2,2003,6.53
76,2,2004,6.21
76,2,2005,5.91
76,2,2006,5.89
76,2,2007,5.84
76,2,2008,5.65
76,2,2009,5.51
76,2,2010,5.44
76,2,2011,5.34
76,2,2012,5.36
76,2,2013,5.12
76,2,2014,4.9
76,2,2015,4.89
76,2,2016,4.81
76,2,2017,4.8
76,2,2018,4.5
76,2,2019,4.3
76,2,2020,4.35
76,2,2021,4.22
76,2,2022,4.46
76,2,2023,4.25
77,1,1990,17.1
77,1,1991,16.79
77,1,1992,16.51
77,1,1993,16.25
77,1,1994,15.91
77,1,1995,15.74
77,1,1996,15.65
77,1,1997,15.48
77,1,1998,15.32
77,1,1999,15.11
77,1,2000,15.06
77,1,2001,14.77
77,1,2002,14.6
77,1,2003,14.71
77,1,2004,14.91
77,1,2005,15.3
77,1,2006,15.57
77,1,2007,15.69
77,1,2008,15.69
77,1,2009,15.59
77,1,2010,15.52
77,1,2011,15.24
77,1,2012,14.96
77,1,2013,14.6
77,1,2014,14.2
77,1,2015,14
77,1,2016,13.81
77,1,2017,13.61
77,1,2018,13.58
77,1,2019,13.72
77,1,2020,13.92
77,1,2021,13.91
77,1,2022,13.6
77,1,2023,13.26
77,2,1990,10.31
77,2,1991,10.11
77,2,1992,10
77,2,1993,9.93
77,2,1994,9.84
77,2,1995,9.69
77,2,1996,9.49
77,2,1997,9.5
77,2,1998,9.42
77,2,1999,9.07
77,2,2000,8.7
77,2,2001,8.47
77,2,2002,8.3
77,2,2003,8.35
77,2,2004,8.44
77,2,2005,8.5
77,2,2006,8.57
77,2,2007,8.73
77,2,2008,8.74
77,2,2009,8.5
77,2,2010,8.39
77,2,2011,8.27
77,2,2012,8.11
77,2,2013,7.92
77,2,2014,7.82
77,2,2015,7.68
77,2,2016,7.55
77,2,2017,7.38
77,2,2018,7.23
77,2,2019,7.2
77,2,2020,7.43
77,2,2021,7.51
77,2,2022,7.19
77,2,2023,6.89
78,1,1990,18.67
78,1,1991,17.85
78,1,1992,17.23
78,1,1993,16.9
78,1,1994,14.75
78,1,1995,14.02
78,1,1996,14.08
78,1,1997,12.71
78,1,1998,12.14
78,1,1999,11.69
78,1,2000,11.61
78,1,2001,11.54
78,1,2002,11.38
78,1,2003,11.74
78,1,2004,11.61
78,1,2005,11.56
78,1,2006,11.42
78,1,2007,11.71
78,1,2008,12.03
78,1,2009,11.72
78,1,2010,11.67
78,1,2011,11.33
78,1,2012,11.03
78,1,2013,10.59
78,1,2014,10.44
78,1,2015,10.42
78,1,2016,10.74
78,1,2017,11.04
78,1,2018,11.35
78,1,2019,11.31
78,1,2020,11.58
78,1,2021,12.29
78,1,2022,12.3
78,1,2023,12.19
78,2,1990,9.31
78,2,1991,9.47
78,2,1992,9.05
78,2,1993,8.53
78,2,1994,7.35
78,2,1995,7.01
78,2,1996,6.8
78,2,1997,6.51
78,2,1998,6.26
78,2,1999,6.07
78,2,2000,5.69
78,2,2001,5.8
78,2,2002,5.5
78,2,2003,5.56
78,2,2004,5.34
78,2,2005,5.49
78,2,2006,5.4
78,2,2007,5.34
78,2,2008,5.32
78,2,2009,5.07
78,2,2010,4.82
78,2,2011,4.65
78,2,2012,4.76
78,2,2013,4.6
78,2,2014,4.74
78,2,2015,4.46
78,2,2016,4.39
78,2,2017,4.36
78,2,2018,4.16
78,2,2019,3.99
78,2,2020,3.89
78,2,2021,4.25
78,2,2022,4.26
78,2,2023,3.99
79,1,1990,23.02
79,1,1991,22.15
79,1,1992,21.26
79,1,1993,21.05
79,1,1994,20.4
79,1,1995,18.95
79,1,1996,18.13
79,1,1997,17.37
79,1,1998,16.43
79,1,1999,15.64
79,1,2000,15.07
79,1,2001,14.32
79,1,2002,13.91
79,1,2003,13.87
79,1,2004,13.42
79,1,2005,13.27
79,1,2006,13.08
79,1,2007,12.27
79,1,2008,12.1
79,1,2009,11.99
79,1,2010,11.81
79,1,2011,11.26
79,1,2012,10.71
79,1,2013,10.55
79,1,2014,10.2
79,1,2015,10.09
79,1,2016,9.77
79,1,2017,9.34
79,1,2018,8.83
79,1,2019,8.73
79,1,2020,8.65
79,1,2021,8.72
79,1,2022,8.49
79,1,2023,8.86
79,2,1990,13.42
79,2,1991,12.84
79,2,1992,12.35
79,2,1993,12.08
79,2,1994,11.12
79,2,1995,10.7
79,2,1996,10.44
79,2,1997,10.23
79,2,1998,9.52
79,2,1999,9.06
79,2,2000,8.87
79,2,2001,8.84
79,2,2002,8.89
79,2,2003,8.32
79,2,2004,8.34
79,2,2005,7.99
79,2,2006,7.75
79,2,2007,7.55
79,2,2008,7.48
79,2,2009,6.98
79,2,2010,6.72
79,2,2011,6.58
79,2,2012,6.55
79,2,2013,6.54
79,2,2014,6.13
79,2,2015,6.17
79,2,2016,5.81
79,2,2017,5.75
79,2,2018,5.38
79,2,2019,5.54
79,2,2020,5.38
79,2,2021,4.85
79,2,2022,4.84
79,2,2023,4.92
80,1,1990,18.77
80,1,1991,18.14
80,1,1992,17.49
80,1,1993,17.12
80,1,1994,16.47
80,1,1995,16.27
80,1,1996,16.13
80,1,1997,15.63
80,1,1998,15.33
80,1,1999,14.99
80,1,2000,14.67
80,1,2001,14.48
80,1,2002,14.35
80,1,2003,14.27
80,1,2004,13.77
80,1,2005,13.8
80,1,2006,13.59
80,1,2007,13.43
80,1,2008,13.16
80,1,2009,13.05
80,1,2010,12.88
80,1,2011,12.68
80,1,2012,12.65
80,1,2013,12.45
80,1,2014,12.1
80,1,2015,11.94
80,1,2016,11.87
80,1,2017,11.73
80,1,2018,11.57
80,1,2019,11.18
80,1,2020,10.93
80,1,2021,10.39
80,1,2022,11.1
80,1,2023,11.25
80,2,1990,8.07
80,2,1991,7.67
80,2,1992,7.41
80,2,1993,7.29
80,2,1994,6.87
80,2,1995,6.77
80,2,1996,6.59
80,2,1997,6.43
80,2,1998,6.39
80,2,1999,6.23
80,2,2000,6.03
80,2,2001,5.86
80,2,2002,5.86
80,2,2003,5.81
80,2,2004,5.52
80,2,2005,5.48
80,2,2006,5.36
80,2,2007,5.26
80,2,2008,5.38
80,2,2009,5.31
80,2,2010,5.23
80,2,2011,5.12
80,2,2012,5.16
80,2,2013,5.11
80,2,2014,4.95
80,2,2015,4.95
80,2,2016,4.92
80,2,2017,4.96
80,2,2018,4.93
80,2,2019,4.98
80,2,2020,4.86
80,2,2021,4.53
80,2,2022,4.88
80,2,2023,4.83
81,1,1990,25.33
81,1,1991,24.83
81,1,1992,24.39
81,1,1993,24.53
81,1,1994,24.18
81,1,1995,24.24
81,1,1996,24.21
81,1,1997,23.41
81,1,1998,22.86
81,1,1999,22.14
81,1,2000,21.17
81,1,2001,20.15
81,1,2002,19.76
81,1,2003,19.32
81,1,2004,18.9
81,1,2005,18.67
81,1,2006,18.23
81,1,2007,17.98
81,1,2008,17.85
81,1,2009,17.39
81,1,2010,17.03
81,1,2011,16.28
81,1,2012,16.07
81,1,2013,15.81
81,1,2014,15.24
81,1,2015,15.18
81,1,2016,14.73
81,1,2017,14.29
81,1,2018,14.15
81,1,2019,13.86
81,1,2020,13.73
81,1,2021,13.61
81,1,2022,13.52
81,1,2023,13.59
81,2,1990,13.65
81,2,1991,13.56
81,2,1992,13.2
81,2,1993,13.17
81,2,1994,12.98
81,2,1995,12.93
81,2,1996,13.06
81,2,1997,12.66
81,2,1998,12.49
81,2,1999,11.93
81,2,2000,11.42
81,2,2001,10.87
81,2,2002,10.64
81,2,2003,10.48
81,2,2004,10.11
81,2,2005,9.91
81,2,2006,9.69
81,2,2007,9.5
81,2,2008,9.45
81,2,2009,9.14
81,2,2010,8.84
81,2,2011,8.56
81,2,2012,8.3
81,2,2013,8.12
81,2,2014,7.77
81,2,2015,7.67
81,2,2016,7.54
81,2,2017,7.32
81,2,2018,7.24
81,2,2019,6.98
81,2,2020,6.94
81,2,2021,6.97
81,2,2022,7
81,2,2023,6.83
82,1,1990,26.44
82,1,1991,26.19
82,1,1992,25.9
82,1,1993,25.3
82,1,1994,24.01
82,1,1995,23.83
82,1,1996,23.38
82,1,1997,22.78
82,1,1998,22.66
82,1,1999,22.52
82,1,2000,22.22
82,1,2001,21.75
82,1,2002,21.12
82,1,2003,20.89
82,1,2004,20.04
82,1,2005,19.52
82,1,2006,19.01
82,1,2007,18.17
82,1,2008,18.12
82,1,2009,16.79
82,1,2010,15.56
82,1,2011,15.09
82,1,2012,15.33
82,1,2013,14.93
82,1,2014,14.8
82,1,2015,15.05
82,1,2016,14.66
82,1,2017,14.39
82,1,2018,13.93
82,1,2019,13.64
82,1,2020,13.29
82,1,2021,13.13
82,1,2022,12.91
82,1,2023,12.92
82,2,1990,14.36
82,2,1991,14.17
82,2,1992,14.06
82,2,1993,13.58
82,2,1994,13.14
82,2,1995,13.01
82,2,1996,13.04
82,2,1997,12.57
82,2,1998,11.99
82,2,1999,11.35
82,2,2000,11.33
82,2,2001,11.25
82,2,2002,11.13
82,2,2003,10.69
82,2,2004,10.38
82,2,2005,9.98
82,2,2006,9.55
82,2,2007,9.07
82,2,2008,8.83
82,2,2009,8.01
82,2,2010,7.68
82,2,2011,7.64
82,2,2012,7.51
82,2,2013,7.45
82,2,2014,7.16
82,2,2015,7.13
82,2,2016,6.97
82,2,2017,6.75
82,2,2018,6.46
82,2,2019,6.22
82,2,2020,6.07
82,2,2021,6.12
82,2,2022,5.86
82,2,2023,5.79
83,1,1990,23.71
83,1,1991,23.83
83,1,1992,22.6
83,1,1993,20.94
83,1,1994,20.6
83,1,1995,20.3
83,1,1996,20.75
83,1,1997,21.34
83,1,1998,20.06
83,1,1999,18.92
83,1,2000,18.83
83,1,2001,18.13
83,1,2002,17.32
83,1,2003,16.6
83,1,2004,16.92
83,1,2005,16.5
83,1,2006,15.74
83,1,2007,15.35
83,1,2008,15.01
83,1,2009,14.79
83,1,2010,14.39
83,1,2011,14.25
83,1,2012,13.81
83,1,2013,13.21
83,1,2014,13.09
83,1,2015,12.61
83,1,2016,12.14
83,1,2017,11.92
83,1,2018,11.55
83,1,2019,10.84
83,1,2020,10.35
83,1,2021,9.47
83,1,2022,10.52
83,1,2023,10.89
83,2,1990,11.21
83,2,1991,10.95
83,2,1992,10.69
83,2,1993,10.79
83,2,1994,10.58
83,2,1995,9.85
83,2,1996,10
83,2,1997,9.7
83,2,1998,9.32
83,2,1999,9.08
83,2,2000,8.9
83,2,2001,8.49
83,2,2002,8.05
83,2,2003,7.98
83,2,2004,7.97
83,2,2005,7.82
83,2,2006,7.69
83,2,2007,7.4
83,2,2008,7.1
83,2,2009,6.77
83,2,2010,6.76
83,2,2011,6.45
83,2,2012,6.22
83,2,2013,6.09
83,2,2014,6.1
83,2,2015,6.08
83,2,2016,5.93
83,2,2017,5.44
83,2,2018,5.28
83,2,2019,5.21
83,2,2020,4.87
83,2,2021,4.81
83,2,2022,4.93
83,2,2023,4.85
84,1,1990,20.54
84,1,1991,20.61
84,1,1992,21.28
84,1,1993,20.65
84,1,1994,19.73
84,1,1995,19.71
84,1,1996,19.12
84,1,1997,18.19
84,1,1998,17.38
84,1,1999,17.2
84,1,2000,17.05
84,1,2001,16.07
84,1,2002,15.76
84,1,2003,15.48
84,1,2004,15.17
84,1,2005,15.2
84,1,2006,15.05
84,1,2007,14.66
84,1,2008,14.46
84,1,2009,14.54
84,1,2010,13.67
84,1,2011,13.36
84,1,2012,12.88
84,1,2013,12.64
84,1,2014,12.98
84,1,2015,12.3
84,1,2016,12.1
84,1,2017,12.03
84,1,2018,11.66
84,1,2019,11.26
84,1,2020,10.66
84,1,2021,10.11
84,1,2022,10.9
84,1,2023,11.14
84,2,1990,11.2
84,2,1991,11.25
84,2,1992,10.39
84,2,1993,10.3
84,2,1994,10.2
84,2,1995,9.72
84,2,1996,9.74
84,2,1997,9.2
84,2,1998,9.25
84,2,1999,9.02
84,2,2000,8.7
84,2,2001,8.43
84,2,2002,8.1
84,2,2003,7.73
84,2,2004,7.49
84,2,2005,7.72
84,2,2006,7.74
84,2,2007,7.19
84,2,2008,6.94
84,2,2009,6.73
84,2,2010,6.81
84,2,2011,6.44
84,2,2012,6.34
84,2,2013,6.29
84,2,2014,6.37
84,2,2015,6.18
84,2,2016,5.93
84,2,2017,5.48
84,2,2018,5.34
84,2,2019,5.17
84,2,2020,4.93
84,2,2021,4.59
84,2,2022,4.99
84,2,2023,5.16
85,1,1990,15.67
85,1,1991,15.73
85,1,1992,16.29
85,1,1993,16.96
85,1,1994,17.04
85,1,1995,16.25
85,1,1996,15.67
85,1,1997,15.65
85,1,1998,16.33
85,1,1999,15.63
85,1,2000,15.15
85,1,2001,15.1
85,1,2002,14.74
85,1,2003,14.53
85,1,2004,13.41
85,1,2005,13.42
85,1,2006,13.17
85,1,2007,12.97
85,1,2008,12.85
85,1,2009,12.8
85,1,2010,12.04
85,1,2011,12.24
85,1,2012,11.87
85,1,2013,11.5
85,1,2014,11.17
85,1,2015,11.01
85,1,2016,10.78
85,1,2017,10.68
85,1,2018,10.93
85,1,2019,10.17
85,1,2020,9.86
85,1,2021,9.56
85,1,2022,9.65
85,1,2023,9.38
85,2,1990,8.35
85,2,1991,8.95
85,2,1992,8.82
85,2,1993,9.1
85,2,1994,9.5
85,2,1995,9.13
85,2,1996,9.06
85,2,1997,8.57
85,2,1998,8.5
85,2,1999,8.09
85,2,2000,7.81
85,2,2001,7.52
85,2,2002,7.4
85,2,2003,7.11
85,2,2004,6.94
85,2,2005,6.64
85,2,2006,6.65
85,2,2007,6.66
85,2,2008,6.37
85,2,2009,6.41
85,2,2010,6.25
85,2,2011,6
85,2,2012,5.7
85,2,2013,5.41
85,2,2014,5.38
85,2,2015,5.44
85,2,2016,5.21
85,2,2017,5.18
85,2,2018,5.22
85,2,2019,5.17
85,2,2020,4.89
85,2,2021,4.88
85,2,2022,4.82
85,2,2023,4.58
86,1,1990,31.67
86,1,1991,31
86,1,1992,29.6
86,1,1993,29.02
86,1,1994,28.66
86,1,1995,28.07
86,1,1996,27.32
86,1,1997,26.74
86,1,1998,26.85
86,1,1999,25.87
86,1,2000,25.14
86,1,2001,24.74
86,1,2002,24.26
86,1,2003,24.93
86,1,2004,24.01
86,1,2005,23.55
86,1,2006,23.14
86,1,2007,22.65
86,1,2008,21.97
86,1,2009,21.07
86,1,2010,20.03
86,1,2011,19.32
86,1,2012,19.17
86,1,2013,18.18
86,1,2014,17.81
86,1,2015,17.53
86,1,2016,16.78
86,1,2017,16.32
86,1,2018,15.58
86,1,2019,14.99
86,1,2020,14.68
86,1,2021,13.89
86,1,2022,13.92
86,1,2023,13.37
86,2,1990,16.36
86,2,1991,15.97
86,2,1992,15.37
86,2,1993,14.99
86,2,1994,14.81
86,2,1995,14.22
86,2,1996,13.94
86,2,1997,13.76
86,2,1998,13.65
86,2,1999,13.09
86,2,2000,12.77
86,2,2001,12.51
86,2,2002,12.51
86,2,2003,12.67
86,2,2004,11.98
86,2,2005,11.68
86,2,2006,11.43
86,2,2007,11.34
86,2,2008,11.15
86,2,2009,10.89
86,2,2010,10.38
86,2,2011,10.15
86,2,2012,9.97
86,2,2013,9.38
86,2,2014,8.89
86,2,2015,9.02
86,2,2016,8.37
86,2,2017,8.32
86,2,2018,7.95
86,2,2019,7.76
86,2,2020,7.68
86,2,2021,7.57
86,2,2022,7.56
86,2,2023,7.19
87,1,1990,21.97
87,1,1991,20.87
87,1,1992,20.73
87,1,1993,20.29
87,1,1994,19.98
87,1,1995,19.53
87,1,1996,19.17
87,1,1997,18.4
87,1,1998,17.91
87,1,1999,17.4
87,1,2000,16.67
87,1,2001,16.02
87,1,2002,15.94
87,1,2003,16.01
87,1,2004,15.91
87,1,2005,15.24
87,1,2006,14.63
87,1,2007,14.61
87,1,2008,14.87
87,1,2009,14.61
87,1,2010,14.51
87,1,2011,13.99
87,1,2012,13.07
87,1,2013,12.08
87,1,2014,11.71
87,1,2015,10.9
87,1,2016,11.02
87,1,2017,10.26
87,1,2018,9.82
87,1,2019,9.58
87,1,2020,9.67
87,1,2021,9.35
87,1,2022,9.28
87,1,2023,9.65
87,2,1990,10.34
87,2,1991,10.04
87,2,1992,10.06
87,2,1993,9.95
87,2,1994,9.61
87,2,1995,9.37
87,2,1996,9.13
87,2,1997,8.99
87,2,1998,8.64
87,2,1999,8.25
87,2,2000,7.7
87,2,2001,7.44
87,2,2002,7.25
87,2,2003,6.97
87,2,2004,7
87,2,2005,6.65
87,2,2006,6.67
87,2,2007,6.43
87,2,2008,6.19
87,2,2009,6
87,2,2010,5.8
87,2,2011,5.73
87,2,2012,5.47
87,2,2013,5.31
87,2,2014,5.36
87,2,2015,5.17
87,2,2016,4.93
87,2,2017,4.72
87,2,2018,4.55
87,2,2019,4.38
87,2,2020,4.17
87,2,2021,4.03
87,2,2022,4.01
87,2,2023,4.13
88,1,1990,22.17
88,1,1991,21.63
88,1,1992,20.08
88,1,1993,18.58
88,1,1994,18.66
88,1,1995,19.17
88,1,1996,19.46
88,1,1997,18.77
88,1,1998,17.92
88,1,1999,17.26
88,1,2000,16.28
88,1,2001,15.44
88,1,2002,15.83
88,1,2003,15.42
88,1,2004,15.08
88,1,2005,14.39
88,1,2006,13.98
88,1,2007,14.05
88,1,2008,14.21
88,1,2009,13.86
88,1,2010,12.85
88,1,2011,12.69
88,1,2012,11.97
88,1,2013,11.86
88,1,2014,11.2
88,1,2015,10.4
88,1,2016,10.89
88,1,2017,10.69
88,1,2018,10.11
88,1,2019,10.53
88,1,2020,9.57
88,1,2021,8.96
88,1,2022,8.81
88,1,2023,8.37
88,2,1990,9.88
88,2,1991,10.18
88,2,1992,9.73
88,2,1993,9.04
88,2,1994,8.61
88,2,1995,8.09
88,2,1996,8.02
88,2,1997,7.78
88,2,1998,7.53
88,2,1999,7.5
88,2,2000,7.2
88,2,2001,6.9
88,2,2002,7.07
88,2,2003,6.8
88,2,2004,6.45
88,2,2005,6.08
88,2,2006,5.82
88,2,2007,5.6
88,2,2008,5.33
88,2,2009,4.92
88,2,2010,4.82
88,2,2011,4.94
88,2,2012,4.87
88,2,2013,4.66
88,2,2014,4.55
88,2,2015,4.45
88,2,2016,4.47
88,2,2017,4.28
88,2,2018,4.12
88,2,2019,4.15
88,2,2020,3.77
88,2,2021,3.91
88,2,2022,3.84
88,2,2023,3.69
89,1,1990,24.93
89,1,1991,24.38
89,1,1992,24.29
89,1,1993,23.55
89,1,1994,22.76
89,1,1995,22.02
89,1,1996,22.18
89,1,1997,20.92
89,1,1998,20.44
89,1,1999,20.32
89,1,2000,19.77
89,1,2001,19.17
89,1,2002,19.1
89,1,2003,19.06
89,1,2004,18.28
89,1,2005,18.12
89,1,2006,17.2
89,1,2007,16.69
89,1,2008,16.68
89,1,2009,16.59
89,1,2010,16.62
89,1,2011,15.44
89,1,2012,15.07
89,1,2013,14.67
89,1,2014,13.89
89,1,2015,13.97
89,1,2016,13.5
89,1,2017,13.07
89,1,2018,12.42
89,1,2019,12.3
89,1,2020,12.04
89,1,2021,12.2
89,1,2022,12.09
89,1,2023,11.9
89,2,1990,10.99
89,2,1991,10.97
89,2,1992,10.66
89,2,1993,10.62
89,2,1994,10.38
89,2,1995,10.14
89,2,1996,10.07
89,2,1997,9.65
89,2,1998,9.29
89,2,1999,9.52
89,2,2000,9.63
89,2,2001,9.5
89,2,2002,9.58
89,2,2003,9.52
89,2,2004,9.43
89,2,2005,8.95
89,2,2006,8.91
89,2,2007,8.73
89,2,2008,8.65
89,2,2009,8.57
89,2,2010,8.27
89,2,2011,8.11
89,2,2012,7.98
89,2,2013,7.77
89,2,2014,7.65
89,2,2015,7.38
89,2,2016,7.16
89,2,2017,6.77
89,2,2018,6.63
89,2,2019,6.71
89,2,2020,6.61
89,2,2021,6.78
89,2,2022,6.81
89,2,2023,6.56
90,1,1990,18.82
90,1,1991,18.54
90,1,1992,18.17
90,1,1993,17.42
90,1,1994,17.43
90,1,1995,17.05
90,1,1996,17.22
90,1,1997,16.9
90,1,1998,16.11
90,1,1999,16.18
90,1,2000,14.35
90,1,2001,14.54
90,1,2002,13.36
90,1,2003,13.43
90,1,2004,12.53
90,1,2005,12.15
90,1,2006,11.02
90,1,2007,11.18
90,1,2008,10.72
90,1,2009,9.96
90,1,2010,10.34
90,1,2011,10.48
90,1,2012,10.11
90,1,2013,9.76
90,1,2014,9.57
90,1,2015,9.6
90,1,2016,9.23
90,1,2017,8.74
90,1,2018,8.17
90,1,2019,7.99
90,1,2020,7.66
90,1,2021,7.22
90,1,2022,7.3
90,1,2023,7.45
90,2,1990,9.76
90,2,1991,9.61
90,2,1992,8.86
90,2,1993,8.42
90,2,1994,8.92
90,2,1995,9.01
90,2,1996,8.62
90,2,1997,8.3
90,2,1998,8.15
90,2,1999,8.34
90,2,2000,7.61
90,2,2001,7.25
90,2,2002,6.94
90,2,2003,6.79
90,2,2004,6.73
90,2,2005,6.96
90,2,2006,6.58
90,2,2007,6.49
90,2,2008,6.35
90,2,2009,6.21
90,2,2010,5.88
90,2,2011,5.85
90,2,2012,5.54
90,2,2013,5.33
90,2,2014,4.93
90,2,2015,4.65
90,2,2016,4.59
90,2,2017,4.92
90,2,2018,4.91
90,2,2019,4.57
90,2,2020,4.44
90,2,2021,4.32
90,2,2022,4.27
90,2,2023,4.39
91,1,1990,44.42
91,1,1991,43.01
91,1,1992,42.7
91,1,1993,41.73
91,1,1994,40.43
91,1,1995,40.56
91,1,1996,40.14
91,1,1997,39.05
91,1,1998,38.4
91,1,1999,38.53
91,1,2000,37.79
91,1,2001,36.65
91,1,2002,36.13
91,1,2003,35.74
91,1,2004,35.19
91,1,2005,36.79
91,1,2006,36.69
91,1,2007,35.31
91,1,2008,35.26
91,1,2009,32.8
91,1,2010,31.89
91,1,2011,31.6
91,1,2012,31.23
91,1,2013,29.94
91,1,2014,28.56
91,1,2015,28.39
91,1,2016,27.26
91,1,2017,27.27
91,1,2018,26.78
91,1,2019,26.31
91,1,2020,26.11
91,1,2021,25.02
91,1,2022,25.83
91,1,2023,25.07
91,2,1990,23.35
91,2,1991,22.82
91,2,1992,22.15
91,2,1993,21.71
91,2,1994,20.74
91,2,1995,20.66
91,2,1996,20.69
91,2,1997,20.07
91,2,1998,19.85
91,2,1999,19.93
91,2,2000,19.03
91,2,2001,18.16
91,2,2002,17.78
91,2,2003,17.88
91,2,2004,17.85
91,2,2005,18.16
91,2,2006,17.74
91,2,2007,16.97
91,2,2008,16.45
91,2,2009,16.05
91,2,2010,15.61
91,2,2011,15.14
91,2,2012,15.13
91,2,2013,14.61
91,2,2014,14.17
91,2,2015,14.12
91,2,2016,13.78
91,2,2017,13.45
91,2,2018,13.15
91,2,2019,12.83
91,2,2020,12.61
91,2,2021,11.74
91,2,2022,12.49
91,2,2023,12.1
92,1,1990,28.64
92,1,1991,27.54
92,1,1992,26.62
92,1,1993,26.49
92,1,1994,25.92
92,1,1995,25.21
92,1,1996,24.99
92,1,1997,24.27
92,1,1998,23.72
92,1,1999,23.5
92,1,2000,22.54
92,1,2001,21.99
92,1,2002,21.22
92,1,2003,20.94
92,1,2004,20.53
92,1,2005,20.57
92,1,2006,19.93
92,1,2007,19.86
92,1,2008,19.36
92,1,2009,19.07
92,1,2010,18.72
92,1,2011,17.91
92,1,2012,17.9
92,1,2013,17.31
92,1,2014,16.72
92,1,2015,16.76
92,1,2016,16.03
92,1,2017,15.49
92,1,2018,15.26
92,1,2019,14.86
92,1,2020,14.64
92,1,2021,14.27
92,1,2022,14.84
92,1,2023,14.25
92,2,1990,13.69
92,2,1991,13.11
92,2,1992,12.41
92,2,1993,12.1
92,2,1994,11.82
92,2,1995,11.54
92,2,1996,11.18
92,2,1997,10.83
92,2,1998,10.46
92,2,1999,10.33
92,2,2000,9.93
92,2,2001,9.65
92,2,2002,9.37
92,2,2003,9.44
92,2,2004,9.04
92,2,2005,8.93
92,2,2006,8.71
92,2,2007,8.78
92,2,2008,8.57
92,2,2009,8.27
92,2,2010,8.17
92,2,2011,8.06
92,2,2012,8.04
92,2,2013,7.72
92,2,2014,7.58
92,2,2015,7.6
92,2,2016,7.2
92,2,2017,6.91
92,2,2018,6.94
92,2,2019,6.92
92,2,2020,6.92
92,2,2021,6.6
92,2,2022,6.88
92,2,2023,6.71
93,1,1990,15.74
93,1,1991,15.51
93,1,1992,14.67
93,1,1993,13.96
93,1,1994,13.53
93,1,1995,13.16
93,1,1996,13.21
93,1,1997,13.39
93,1,1998,13.06
93,1,1999,12.74
93,1,2000,11.84
93,1,2001,11.49
93,1,2002,11.51
93,1,2003,10.97
93,1,2004,10.79
93,1,2005,10.71
93,1,2006,10.38
93,1,2007,9.86
93,1,2008,9.54
93,1,2009,9.17
93,1,2010,8.88
93,1,2011,8.66
93,1,2012,8.35
93,1,2013,8.29
93,1,2014,8
93,1,2015,7.77
93,1,2016,7.53
93,1,2017,7.35
93,1,2018,7.34
93,1,2019,6.95
93,1,2020,6.99
93,1,2021,6.59
93,1,2022,6.51
93,1,2023,6.63
93,2,1990,8.12
93,2,1991,7.75
93,2,1992,7.73
93,2,1993,7.65
93,2,1994,7.31
93,2,1995,7.01
93,2,1996,7.04
93,2,1997,6.94
93,2,1998,6.49
93,2,1999,6.52
93,2,2000,6.38
93,2,2001,6.32
93,2,2002,6.15
93,2,2003,6.07
93,2,2004,5.9
93,2,2005,5.47
93,2,2006,5.28
93,2,2007,5.26
93,2,2008,5.02
93,2,2009,4.91
93,2,2010,4.95
93,2,2011,4.81
93,2,2012,4.76
93,2,2013,4.65
93,2,2014,4.51
93,2,2015,4.28
93,2,2016,4.25
93,2,2017,4.07
93,2,2018,4
93,2,2019,3.95
93,2,2020,3.78
93,2,2021,3.83
93,2,2022,3.73
93,2,2023,3.71
94,1,1990,24.61
94,1,1991,23.46
94,1,1992,22.78
94,1,1993,21.69
94,1,1994,20.78
94,1,1995,17.35
94,1,1996,16.24
94,1,1997,15.89
94,1,1998,15.33
94,1,1999,14.63
94,1,2000,14.13
94,1,2001,14.12
94,1,2002,13.64
94,1,2003,12.96
94,1,2004,12.49
94,1,2005,12.24
94,1,2006,11.7
94,1,2007,11.74
94,1,2008,11.37
94,1,2009,11.32
94,1,2010,11.17
94,1,2011,11.23
94,1,2012,11.17
94,1,2013,11.34
94,1,2014,11.14
94,1,2015,10.86
94,1,2016,10.73
94,1,2017,10.69
94,1,2018,10.67
94,1,2019,10.17
94,1,2020,9.86
94,1,2021,9.9
94,1,2022,10.4
94,1,2023,9.44
94,2,1990,11.46
94,2,1991,11.31
94,2,1992,11.03
94,2,1993,10.34
94,2,1994,9.82
94,2,1995,8.2
94,2,1996,7.83
94,2,1997,7.58
94,2,1998,7.31
94,2,1999,7.12
94,2,2000,6.66
94,2,2001,6.45
94,2,2002,6.16
94,2,2003,5.99
94,2,2004,5.89
94,2,2005,5.8
94,2,2006,5.83
94,2,2007,5.77
94,2,2008,5.47
94,2,2009,5.21
94,2,2010,5.1
94,2,2011,5.18
94,2,2012,5.09
94,2,2013,5.27
94,2,2014,5.12
94,2,2015,4.91
94,2,2016,4.89
94,2,2017,4.71
94,2,2018,4.71
94,2,2019,4.69
94,2,2020,4.45
94,2,2021,4.18
94,2,2022,4.39
94,2,2023,3.94
95,1,1990,22.11
95,1,1991,21.59
95,1,1992,21
95,1,1993,20.63
95,1,1994,19.92
95,1,1995,19.47
95,1,1996,18.98
95,1,1997,18.29
95,1,1998,17.96
95,1,1999,17.42
95,1,2000,16.48
95,1,2001,16.03
95,1,2002,15.65
95,1,2003,15.05
95,1,2004,14.29
95,1,2005,13.86
95,1,2006,13.26
95,1,2007,13.06
95,1,2008,12.9
95,1,2009,12.57
95,1,2010,12.27
95,1,2011,11.74
95,1,2012,11.57
95,1,2013,11.32
95,1,2014,11
95,1,2015,10.84
95,1,2016,10.59
95,1,2017,10.28
95,1,2018,10.08
95,1,2019,9.62
95,1,2020,9.75
95,1,2021,9.3
95,1,2022,9.28
95,1,2023,9.81
95,2,1990,9.46
95,2,1991,9.21
95,2,1992,8.97
95,2,1993,8.8
95,2,1994,8.57
95,2,1995,8.45
95,2,1996,8.1
95,2,1997,8
95,2,1998,7.89
95,2,1999,7.59
95,2,2000,7.23
95,2,2001,7.11
95,2,2002,6.87
95,2,2003,6.64
95,2,2004,6.46
95,2,2005,6.21
95,2,2006,5.89
95,2,2007,5.85
95,2,2008,5.83
95,2,2009,5.59
95,2,2010,5.55
95,2,2011,5.33
95,2,2012,5.27
95,2,2013,5.23
95,2,2014,4.99
95,2,2015,4.93
95,2,2016,4.87
95,2,2017,4.78
95,2,2018,4.79
95,2,2019,4.71
95,2,2020,4.59
95,2,2021,4.48
95,2,2022,4.43
95,2,2023,4.47
97,1,1990,23.02
97,1,1991,22.26
97,1,1992,21.77
97,1,1993,21.45
97,1,1994,21.04
97,1,1995,21.34
97,1,1996,21.47
97,1,1997,21.6
97,1,1998,21.7
97,1,1999,21.8
97,1,2000,20.49
97,1,2001,20.15
97,1,2002,20.37
97,1,2003,20.34
97,1,2004,20.04
97,1,2005,19.75
97,1,2006,19.05
97,1,2007,19.08
97,1,2008,18.03
97,1,2009,17.38
97,1,2010,17.26
97,1,2011,16.68
97,1,2012,16.66
97,1,2013,16.31
97,1,2014,15.99
97,1,2015,15.9
97,1,2016,15.79
97,1,2017,15.06
97,1,2018,14.76
97,1,2019,14.21
97,1,2020,13.25
97,1,2021,13.83
97,1,2022,15.17
97,1,2023,13.64
97,2,1990,9.51
97,2,1991,9.32
97,2,1992,9.2
97,2,1993,8.86
97,2,1994,8.68
97,2,1995,8.54
97,2,1996,8.49
97,2,1997,8.55
97,2,1998,8.49
97,2,1999,8.44
97,2,2000,7.9
97,2,2001,7.79
97,2,2002,7.64
97,2,2003,7.57
97,2,2004,7.55
97,2,2005,7.36
97,2,2006,7.12
97,2,2007,7.29
97,2,2008,7.07
97,2,2009,6.95
97,2,2010,6.97
97,2,2011,6.8
97,2,2012,6.72
97,2,2013,6.66
97,2,2014,6.35
97,2,2015,6.22
97,2,2016,6.29
97,2,2017,6.12
97,2,2018,5.92
97,2,2019,5.71
97,2,2020,5.41
97,2,2021,5.71
97,2,2022,6.05
97,2,2023,5.56
98,1,1990,51.64
98,1,1991,50.32
98,1,1992,49.05
98,1,1993,48.57
98,1,1994,48.47
98,1,1995,47.7
98,1,1996,46.48
98,1,1997,46.19
98,1,1998,44.61
98,1,1999,44.68
98,1,2000,43.86
98,1,2001,42.89
98,1,2002,42.69
98,1,2003,41.28
98,1,2004,39.95
98,1,2005,38.79
98,1,2006,38.23
98,1,2007,36.47
98,1,2008,35.93
98,1,2009,36.93
98,1,2010,36.87
98,1,2011,35.54
98,1,2012,34.3
98,1,2013,33.15
98,1,2014,32.6
98,1,2015,31.87
98,1,2016,30.56
98,1,2017,29.75
98,1,2018,29.14
98,1,2019,28.48
98,1,2020,27.61
98,1,2021,26.58
98,1,2022,26.93
98,1,2023,25.82
98,2,1990,21.66
98,2,1991,20.29
98,2,1992,20.57
98,2,1993,19.7
98,2,1994,18.94
98,2,1995,18.39
98,2,1996,17.91
98,2,1997,18.14
98,2,1998,17.83
98,2,1999,17.22
98,2,2000,16.6
98,2,2001,16.12
98,2,2002,16.08
98,2,2003,15.56
98,2,2004,15
98,2,2005,14.59
98,2,2006,13.89
98,2,2007,13.7
98,2,2008,13.72
98,2,2009,13.81
98,2,2010,13.58
98,2,2011,13.59
98,2,2012,13.48
98,2,2013,12.88
98,2,2014,12.36
98,2,2015,12.09
98,2,2016,11.72
98,2,2017,11.44
98,2,2018,10.79
98,2,2019,10.66
98,2,2020,10.42
98,2,2021,10.22
98,2,2022,10.41
98,2,2023,10.31
99,1,1990,26.49
99,1,1991,26.02
99,1,1992,25.68
99,1,1993,25.95
99,1,1994,26.43
99,1,1995,24.98
99,1,1996,24.83
99,1,1997,24.52
99,1,1998,24.45
99,1,1999,24.18
99,1,2000,23.63
99,1,2001,23.05
99,1,2002,22.75
99,1,2003,21.99
99,1,2004,21.42
99,1,2005,20.85
99,1,2006,20.95
99,1,2007,21.26
99,1,2008,19.77
99,1,2009,19.8
99,1,2010,20.24
99,1,2011,20.62
99,1,2012,20.75
99,1,2013,20.04
99,1,2014,19.09
99,1,2015,18.46
99,1,2016,18.73
99,1,2017,18.14
99,1,2018,17.64
99,1,2019,16.6
99,1,2020,15.5
99,1,2021,16.3
99,1,2022,18.21
99,1,2023,16.42
99,2,1990,11.46
99,2,1991,11.13
99,2,1992,10.72
99,2,1993,10.62
99,2,1994,10.75
99,2,1995,10.6
99,2,1996,10.52
99,2,1997,10.55
99,2,1998,10.31
99,2,1999,10.2
99,2,2000,9.62
99,2,2001,9.72
99,2,2002,9.27
99,2,2003,9.19
99,2,2004,9.14
99,2,2005,8.76
99,2,2006,8.52
99,2,2007,8.74
99,2,2008,8.28
99,2,2009,8.3
99,2,2010,8.4
99,2,2011,8.35
99,2,2012,8.14
99,2,2013,7.97
99,2,2014,7.6
99,2,2015,7.59
99,2,2016,7.37
99,2,2017,7.48
99,2,2018,7.68
99,2,2019,7.38
99,2,2020,6.69
99,2,2021,7.14
99,2,2022,7.87
99,2,2023,7.34
101,1,1990,19.92
101,1,1991,19.38
101,1,1992,19.32
101,1,1993,18.97
101,1,1994,19.26
101,1,1995,19.32
101,1,1996,19.56
101,1,1997,19.47
101,1,1998,19.23
101,1,1999,18.85
101,1,2000,18.7
101,1,2001,18.15
101,1,2002,17.55
101,1,2003,17.44
101,1,2004,16.81
101,1,2005,16.34
101,1,2006,16.3
101,1,2007,15.68
101,1,2008,14.98
101,1,2009,14.4
101,1,2010,13.89
101,1,2011,13.35
101,1,2012,12.9
101,1,2013,12.46
101,1,2014,12.17
101,1,2015,12.04
101,1,2016,12.17
101,1,2017,11.84
101,1,2018,11.65
101,1,2019,11.39
101,1,2020,11.37
101,1,2021,11.34
101,1,2022,11.08
101,1,2023,11.16
101,2,1990,7.75
101,2,1991,7.7
101,2,1992,7.57
101,2,1993,7.46
101,2,1994,7.49
101,2,1995,7.5
101,2,1996,7.38
101,2,1997,7.11
101,2,1998,7.02
101,2,1999,7.1
101,2,2000,6.97
101,2,2001,6.61
101,2,2002,6.61
101,2,2003,6.47
101,2,2004,6.29
101,2,2005,6.22
101,2,2006,5.91
101,2,2007,5.7
101,2,2008,5.72
101,2,2009,5.41
101,2,2010,5.35
101,2,2011,5.21
101,2,2012,5.02
101,2,2013,4.91
101,2,2014,4.79
101,2,2015,4.67
101,2,2016,4.62
101,2,2017,4.51
101,2,2018,4.49
101,2,2019,4.41
101,2,2020,4.44
101,2,2021,4.43
101,2,2022,4.5
101,2,2023,4.57
102,1,1990,11.55
102,1,1991,11.46
102,1,1992,11.01
102,1,1993,11.1
102,1,1994,10.87
102,1,1995,10.76
102,1,1996,10.58
102,1,1997,10.43
102,1,1998,10.33
102,1,1999,10.46
102,1,2000,10.16
102,1,2001,9.9
102,1,2002,9.74
102,1,2003,9.54
102,1,2004,9.16
102,1,2005,8.94
102,1,2006,8.63
102,1,2007,8.5
102,1,2008,8.44
102,1,2009,8.2
102,1,2010,8.04
102,1,2011,7.84
102,1,2012,7.7
102,1,2013,7.65
102,1,2014,7.47
102,1,2015,7.35
102,1,2016,7.19
102,1,2017,6.99
102,1,2018,6.77
102,1,2019,6.67
102,1,2020,6.76
102,1,2021,6.68
102,1,2022,6.58
102,1,2023,6.46
102,2,1990,5.39
102,2,1991,5.29
102,2,1992,5.21
102,2,1993,5.24
102,2,1994,5.12
102,2,1995,5.14
102,2,1996,5.05
102,2,1997,4.95
102,2,1998,5.01
102,2,1999,5.11
102,2,2000,5.03
102,2,2001,4.92
102,2,2002,4.85
102,2,2003,4.8
102,2,2004,4.62
102,2,2005,4.51
102,2,2006,4.39
102,2,2007,4.27
102,2,2008,4.24
102,2,2009,4.14
102,2,2010,4.14
102,2,2011,4.04
102,2,2012,3.99
102,2,2013,3.93
102,2,2014,3.87
102,2,2015,3.87
102,2,2016,3.81
102,2,2017,3.74
102,2,2018,3.64
102,2,2019,3.62
102,2,2020,3.72
102,2,2021,3.65
102,2,2022,3.67
102,2,2023,3.62
105,1,1990,29.15
105,1,1991,28.27
105,1,1992,26.68
105,1,1993,25.9
105,1,1994,24.67
105,1,1995,23.45
105,1,1996,23.07
105,1,1997,22.95
105,1,1998,22.87
105,1,1999,21.76
105,1,2000,21.57
105,1,2001,20.07
105,1,2002,20.14
105,1,2003,19.26
105,1,2004,18.09
105,1,2005,17.98
105,1,2006,17.13
105,1,2007,16.56
105,1,2008,16.07
105,1,2009,14.89
105,1,2010,14.87
105,1,2011,15.57
105,1,2012,14.93
105,1,2013,14.77
105,1,2014,14.81
105,1,2015,14.54
105,1,2016,14.2
105,1,2017,13.36
105,1,2018,12.67
105,1,2019,12.1
105,1,2020,12.07
105,1,2021,11.36
105,1,2022,11.32
105,1,2023,11.83
105,2,1990,11.14
105,2,1991,10.91
105,2,1992,10.27
105,2,1993,9.93
105,2,1994,10.04
105,2,1995,9.87
105,2,1996,9.81
105,2,1997,9.36
105,2,1998,9.17
105,2,1999,9.17
105,2,2000,9.08
105,2,2001,8.52
105,2,2002,8.29
105,2,2003,7.95
105,2,2004,7.89
105,2,2005,7.37
105,2,2006,6.95
105,2,2007,6.71
105,2,2008,6.4
105,2,2009,6.22
105,2,2010,6.13
105,2,2011,6.19
105,2,2012,6.3
105,2,2013,6.35
105,2,2014,6.13
105,2,2015,6.11
105,2,2016,6.2
105,2,2017,6.28
105,2,2018,6.32
105,2,2019,6.14
105,2,2020,6.17
105,2,2021,5.72
105,2,2022,5.85
105,2,2023,6.04
106,1,1990,22.05
106,1,1991,20.68
106,1,1992,20.37
106,1,1993,19.9
106,1,1994,19.95
106,1,1995,19.34
106,1,1996,19.22
106,1,1997,17.45
106,1,1998,17.09
106,1,1999,16.87
106,1,2000,16.78
106,1,2001,16.8
106,1,2002,16.85
106,1,2003,16.36
106,1,2004,16.41
106,1,2005,15.54
106,1,2006,15.35
106,1,2007,14.81
106,1,2008,14.44
106,1,2009,13.89
106,1,2010,14.15
106,1,2011,14.09
106,1,2012,13.2
106,1,2013,13.25
106,1,2014,13.36
106,1,2015,12.98
106,1,2016,12.96
106,1,2017,12.95
106,1,2018,12.91
106,1,2019,13.4
106,1,2020,13.98
106,1,2021,17.25
106,1,2022,13.84
106,1,2023,13.09
106,2,1990,10.77
106,2,1991,10.36
106,2,1992,10.24
106,2,1993,10.05
106,2,1994,10.37
106,2,1995,10.2
106,2,1996,9.95
106,2,1997,9.59
106,2,1998,9.35
106,2,1999,9.65
106,2,2000,9.85
106,2,2001,9.67
106,2,2002,9.8
106,2,2003,9.83
106,2,2004,9.8
106,2,2005,9.05
106,2,2006,8.75
106,2,2007,8.26
106,2,2008,8.09
106,2,2009,8.03
106,2,2010,8.25
106,2,2011,8.37
106,2,2012,8.26
106,2,2013,8.54
106,2,2014,8.26
106,2,2015,8.14
106,2,2016,8.13
106,2,2017,8.07
106,2,2018,8.01
106,2,2019,8.42
106,2,2020,8.12
106,2,2021,9.69
106,2,2022,8.19
106,2,2023,7.93
107,1,1990,27.77
107,1,1991,27.99
107,1,1992,26.11
107,1,1993,25.85
107,1,1994,25.44
107,1,1995,24.53
107,1,1996,24.21
107,1,1997,23.92
107,1,1998,23.31
107,1,1999,22.62
107,1,2000,22.1
107,1,2001,20.64
107,1,2002,19.96
107,1,2003,19.19
107,1,2004,19.13
107,1,2005,18.68
107,1,2006,18.72
107,1,2007,17.17
107,1,2008,17.02
107,1,2009,16.33
107,1,2010,15.98
107,1,2011,15.04
107,1,2012,14.59
107,1,2013,14.22
107,1,2014,14.17
107,1,2015,14.08
107,1,2016,14.07
107,1,2017,14.06
107,1,2018,13.98
107,1,2019,13.92
107,1,2020,14.28
107,1,2021,14.72
107,1,2022,15.15
107,1,2023,15.2
107,2,1990,12.18
107,2,1991,12.07
107,2,1992,11.93
107,2,1993,10.93
107,2,1994,10.9
107,2,1995,9.98
107,2,1996,9.85
107,2,1997,9.92
107,2,1998,10.32
107,2,1999,10.32
107,2,2000,10.19
107,2,2001,10.09
107,2,2002,9.68
107,2,2003,9.4
107,2,2004,9.51
107,2,2005,8.57
107,2,2006,8.24
107,2,2007,7.56
107,2,2008,7.31
107,2,2009,7
107,2,2010,7.09
107,2,2011,6.87
107,2,2012,6.82
107,2,2013,7.18
107,2,2014,7.17
107,2,2015,7.16
107,2,2016,7.18
107,2,2017,7.18
107,2,2018,7.16
107,2,2019,7.18
107,2,2020,7.28
107,2,2021,7.51
107,2,2022,7.57
107,2,2023,7.66
108,1,1990,17.13
108,1,1991,16.7
108,1,1992,15.86
108,1,1993,15.39
108,1,1994,15.86
108,1,1995,16.64
108,1,1996,17.28
108,1,1997,18.28
108,1,1998,20.77
108,1,1999,21.35
108,1,2000,20.45
108,1,2001,19.74
108,1,2002,19.58
108,1,2003,18.48
108,1,2004,17.29
108,1,2005,16.28
108,1,2006,16.14
108,1,2007,14.99
108,1,2008,14.19
108,1,2009,13.57
108,1,2010,13.77
108,1,2011,13.78
108,1,2012,13.56
108,1,2013,13.51
108,1,2014,13.47
108,1,2015,13.54
108,1,2016,13.03
108,1,2017,12.81
108,1,2018,12.6
108,1,2019,12.43
108,1,2020,12.27
108,1,2021,12.32
108,1,2022,11.68
108,1,2023,11.76
108,2,1990,10.23
108,2,1991,10.27
108,2,1992,9.88
108,2,1993,9.69
108,2,1994,10.18
108,2,1995,10.21
108,2,1996,10.38
108,2,1997,10.65
108,2,1998,11.4
108,2,1999,11.59
108,2,2000,11.39
108,2,2001,11.4
108,2,2002,11.15
108,2,2003,10.61
108,2,2004,10.75
108,2,2005,10
108,2,2006,9.73
108,2,2007,9.31
108,2,2008,8.95
108,2,2009,8.45
108,2,2010,8.49
108,2,2011,8.71
108,2,2012,8.8
108,2,2013,8.64
108,2,2014,8.06
108,2,2015,8.11
108,2,2016,8.13
108,2,2017,7.98
108,2,2018,7.87
108,2,2019,7.77
108,2,2020,7.64
108,2,2021,7.57
108,2,2022,7.16
108,2,2023,7.21
109,1,1990,11.46
109,1,1991,11.6
109,1,1992,11.44
109,1,1993,11.02
109,1,1994,10.82
109,1,1995,10.84
109,1,1996,10.35
109,1,1997,9.5
109,1,1998,9.53
109,1,1999,9.55
109,1,2000,9.69
109,1,2001,9.37
109,1,2002,9.25
109,1,2003,9.29
109,1,2004,9.38
109,1,2005,9.68
109,1,2006,9.7
109,1,2007,9.37
109,1,2008,9.45
109,1,2009,9.23
109,1,2010,9.52
109,1,2011,9.16
109,1,2012,8.9
109,1,2013,8.79
109,1,2014,9.08
109,1,2015,9.09
109,1,2016,9.01
109,1,2017,9.08
109,1,2018,8.59
109,1,2019,8.63
109,1,2020,8.79
109,1,2021,9.69
109,1,2022,7.85
109,1,2023,8.15
109,2,1990,6.61
109,2,1991,6.65
109,2,1992,6.5
109,2,1993,6.36
109,2,1994,6.24
109,2,1995,6.2
109,2,1996,6.13
109,2,1997,5.59
109,2,1998,5.48
109,2,1999,5.59
109,2,2000,5.39
109,2,2001,5.25
109,2,2002,5.1
109,2,2003,5.02
109,2,2004,5.15
109,2,2005,4.87
109,2,2006,4.91
109,2,2007,4.99
109,2,2008,4.99
109,2,2009,4.9
109,2,2010,4.87
109,2,2011,4.9
109,2,2012,5.04
109,2,2013,5.17
109,2,2014,5.06
109,2,2015,4.9
109,2,2016,4.94
109,2,2017,4.82
109,2,2018,4.73
109,2,2019,4.54
109,2,2020,4.79
109,2,2021,5.27
109,2,2022,4.27
109,2,2023,4.38
110,1,1990,26.64
110,1,1991,26.77
110,1,1992,26.92
110,1,1993,26.94
110,1,1994,26.85
110,1,1995,26.6
110,1,1996,26.19
110,1,1997,25.18
110,1,1998,25.05
110,1,1999,24.06
110,1,2000,23.62
110,1,2001,23.03
110,1,2002,22.63
110,1,2003,22.35
110,1,2004,22.05
110,1,2005,21.64
110,1,2006,21.2
110,1,2007,20.87
110,1,2008,20.67
110,1,2009,20.52
110,1,2010,20.66
110,1,2011,20.49
110,1,2012,20.34
110,1,2013,20.15
110,1,2014,19.97
110,1,2015,19.71
110,1,2016,19.44
110,1,2017,19.25
110,1,2018,18.99
110,1,2019,18.95
110,1,2020,19.49
110,1,2021,19.4
110,1,2022,18.68
110,1,2023,19.11
110,2,1990,16.56
110,2,1991,16.6
110,2,1992,16.37
110,2,1993,16.16
110,2,1994,15.9
110,2,1995,15.55
110,2,1996,15.17
110,2,1997,14.73
110,2,1998,14.54
110,2,1999,14.16
110,2,2000,14
110,2,2001,13.79
110,2,2002,13.65
110,2,2003,13.61
110,2,2004,13.36
110,2,2005,12.97
110,2,2006,12.67
110,2,2007,12.43
110,2,2008,12.37
110,2,2009,12.25
110,2,2010,12.19
110,2,2011,12.15
110,2,2012,12.12
110,2,2013,12.02
110,2,2014,11.86
110,2,2015,11.74
110,2,2016,11.73
110,2,2017,11.64
110,2,2018,11.45
110,2,2019,11.5
110,2,2020,11.71
110,2,2021,11.31
110,2,2022,11.04
110,2,2023,11.39
111,1,1990,12.72
111,1,1991,12.5
111,1,1992,12.25
111,1,1993,12
111,1,1994,11.71
111,1,1995,11.38
111,1,1996,11.16
111,1,1997,10.85
111,1,1998,10.59
111,1,1999,10.42
111,1,2000,10.35
111,1,2001,10.32
111,1,2002,10.14
111,1,2003,9.87
111,1,2004,9.64
111,1,2005,9.47
111,1,2006,9.36
111,1,2007,9.38
111,1,2008,9.43
111,1,2009,9.52
111,1,2010,9.65
111,1,2011,9.83
111,1,2012,9.87
111,1,2013,9.81
111,1,2014,9.72
111,1,2015,9.81
111,1,2016,9.86
111,1,2017,9.93
111,1,2018,10.02
111,1,2019,10.36
111,1,2020,11.48
111,1,2021,11.5
111,1,2022,11.67
111,1,2023,11.68
111,2,1990,8.1
111,2,1991,7.82
111,2,1992,7.53
111,2,1993,7.19
111,2,1994,6.99
111,2,1995,6.81
111,2,1996,6.66
111,2,1997,6.47
111,2,1998,6.27
111,2,1999,6.16
111,2,2000,6.05
111,2,2001,5.98
111,2,2002,5.78
111,2,2003,5.63
111,2,2004,5.55
111,2,2005,5.46
111,2,2006,5.4
111,2,2007,5.41
111,2,2008,5.48
111,2,2009,5.54
111,2,2010,5.61
111,2,2011,5.7
111,2,2012,5.73
111,2,2013,5.7
111,2,2014,5.7
111,2,2015,5.88
111,2,2016,6.01
111,2,2017,6.13
111,2,2018,6.19
111,2,2019,6.17
111,2,2020,6.16
111,2,2021,6.36
111,2,2022,6.5
111,2,2023,6.6
112,1,1990,19.87
112,1,1991,18.77
112,1,1992,17.55
112,1,1993,16.53
112,1,1994,16.51
112,1,1995,16.19
112,1,1996,16.44
112,1,1997,16.42
112,1,1998,16.04
112,1,1999,14.82
112,1,2000,14.23
112,1,2001,14.07
112,1,2002,13.92
112,1,2003,14.1
112,1,2004,13.4
112,1,2005,12.97
112,1,2006,12.81
112,1,2007,11.95
112,1,2008,11.51
112,1,2009,11
112,1,2010,10.86
112,1,2011,10.81
112,1,2012,10.75
112,1,2013,10.18
112,1,2014,10.17
112,1,2015,10.01
112,1,2016,9.84
112,1,2017,9.64
112,1,2018,9.36
112,1,2019,9.57
112,1,2020,9.25
112,1,2021,9.12
112,1,2022,8.2
112,1,2023,8.12
112,2,1990,11.91
112,2,1991,11.41
112,2,1992,10.85
112,2,1993,10.35
112,2,1994,10.26
112,2,1995,9.93
112,2,1996,10.36
112,2,1997,10.1
112,2,1998,9.79
112,2,1999,9.21
112,2,2000,8.86
112,2,2001,8.64
112,2,2002,8.55
112,2,2003,8.25
112,2,2004,8.21
112,2,2005,7.49
112,2,2006,7.13
112,2,2007,6.77
112,2,2008,6.61
112,2,2009,6.63
112,2,2010,6.71
112,2,2011,6.64
112,2,2012,6.56
112,2,2013,6.53
112,2,2014,6.23
112,2,2015,6.12
112,2,2016,6.24
112,2,2017,6.07
112,2,2018,5.93
112,2,2019,5.87
112,2,2020,6.09
112,2,2021,6
112,2,2022,6.07
112,2,2023,6.13
113,1,1990,17.1
113,1,1991,16.09
113,1,1992,14.79
113,1,1993,13.74
113,1,1994,13.22
113,1,1995,13.6
113,1,1996,14.23
113,1,1997,13.85
113,1,1998,13.89
113,1,1999,14.49
113,1,2000,16.31
113,1,2001,13.56
113,1,2002,12.32
113,1,2003,11.75
113,1,2004,11.62
113,1,2005,11.72
113,1,2006,11.58
113,1,2007,10.82
113,1,2008,10.99
113,1,2009,10.29
113,1,2010,10.4
113,1,2011,10.51
113,1,2012,10.04
113,1,2013,9.98
113,1,2014,9.9
113,1,2015,9.8
113,1,2016,9.24
113,1,2017,8.81
113,1,2018,7.79
113,1,2019,7.86
113,1,2020,9.15
113,1,2021,9.17
113,1,2022,9.11
113,1,2023,9.76
113,2,1990,9.51
113,2,1991,9.26
113,2,1992,9.29
113,2,1993,9.4
113,2,1994,9.06
113,2,1995,8.79
113,2,1996,8.75
113,2,1997,8.35
113,2,1998,8.03
113,2,1999,8.31
113,2,2000,9.76
113,2,2001,8.77
113,2,2002,8.26
113,2,2003,7.84
113,2,2004,7.57
113,2,2005,7.07
113,2,2006,6.93
113,2,2007,6.61
113,2,2008,6.39
113,2,2009,6.31
113,2,2010,6.13
113,2,2011,6.34
113,2,2012,6.42
113,2,2013,6.37
113,2,2014,6.17
113,2,2015,6.02
113,2,2016,5.88
113,2,2017,5.67
113,2,2018,5.45
113,2,2019,5.21
113,2,2020,5.84
113,2,2021,5.94
113,2,2022,5.83
113,2,2023,6.02
114,1,1990,19.81
114,1,1991,19.33
114,1,1992,19.84
114,1,1993,20.23
114,1,1994,19.56
114,1,1995,19.64
114,1,1996,19.51
114,1,1997,19.87
114,1,1998,18.79
114,1,1999,18.85
114,1,2000,18.63
114,1,2001,18.68
114,1,2002,18.47
114,1,2003,18.37
114,1,2004,18.44
114,1,2005,18.09
114,1,2006,17.77
114,1,2007,17.69
114,1,2008,17.48
114,1,2009,17.23
114,1,2010,17.12
114,1,2011,17.23
114,1,2012,17.26
114,1,2013,17.43
114,1,2014,17.4
114,1,2015,17.47
114,1,2016,17.68
114,1,2017,17.69
114,1,2018,17.86
114,1,2019,18.12
114,1,2020,18.06
114,1,2021,18.73
114,1,2022,19.35
114,1,2023,19.76
114,2,1990,15.53
114,2,1991,14.75
114,2,1992,14.77
114,2,1993,14.5
114,2,1994,13.93
114,2,1995,13.88
114,2,1996,13.61
114,2,1997,13.74
114,2,1998,12.93
114,2,1999,12.97
114,2,2000,12.75
114,2,2001,12.73
114,2,2002,12.54
114,2,2003,12.46
114,2,2004,12.48
114,2,2005,12.24
114,2,2006,12.14
114,2,2007,12.21
114,2,2008,12.14
114,2,2009,12.03
114,2,2010,11.95
114,2,2011,12.05
114,2,2012,12.21
114,2,2013,12.47
114,2,2014,12.45
114,2,2015,12.46
114,2,2016,12.62
114,2,2017,12.72
114,2,2018,12.98
114,2,2019,13.27
114,2,2020,12.96
114,2,2021,13.5
114,2,2022,14.31
114,2,2023,14.82
115,1,1990,23.89
115,1,1991,22.93
115,1,1992,22.41
115,1,1993,22.41
115,1,1994,22.53
115,1,1995,21.84
115,1,1996,19.16
115,1,1997,18.3
115,1,1998,18.65
115,1,1999,18.66
115,1,2000,19.14
115,1,2001,18.33
115,1,2002,17.65
115,1,2003,17.37
115,1,2004,15.81
115,1,2005,14.79
115,1,2006,14.37
115,1,2007,14.28
115,1,2008,15.3
115,1,2009,13.71
115,1,2010,14.46
115,1,2011,13.65
115,1,2012,14.23
115,1,2013,14.43
115,1,2014,14.51
115,1,2015,15.26
115,1,2016,15.86
115,1,2017,16.07
115,1,2018,16.09
115,1,2019,15.95
115,1,2020,16.14
115,1,2021,16.72
115,1,2022,15.97
115,1,2023,15.32
115,2,1990,10.32
115,2,1991,10.6
115,2,1992,10.4
115,2,1993,10.29
115,2,1994,10.21
115,2,1995,10.07
115,2,1996,9.67
115,2,1997,9.51
115,2,1998,9.56
115,2,1999,9.58
115,2,2000,9.64
115,2,2001,8.8
115,2,2002,8.81
115,2,2003,8.39
115,2,2004,8.28
115,2,2005,7.82
115,2,2006,7.5
115,2,2007,7.18
115,2,2008,6.65
115,2,2009,6.34
115,2,2010,6.78
115,2,2011,6.73
115,2,2012,7
115,2,2013,6.92
115,2,2014,6.44
115,2,2015,6.49
115,2,2016,6.45
115,2,2017,6.36
115,2,2018,6.25
115,2,2019,6.15
115,2,2020,6.1
115,2,2021,6.24
115,2,2022,6.04
115,2,2023,6.09
116,1,1990,29.63
116,1,1991,28.99
116,1,1992,28.16
116,1,1993,26.53
116,1,1994,25.42
116,1,1995,25.43
116,1,1996,24.42
116,1,1997,22.57
116,1,1998,22.41
116,1,1999,21.55
116,1,2000,21.52
116,1,2001,20.44
116,1,2002,20.42
116,1,2003,19.63
116,1,2004,19.01
116,1,2005,18.58
116,1,2006,18.59
116,1,2007,17.47
116,1,2008,16.36
116,1,2009,15.79
116,1,2010,16.44
116,1,2011,16.23
116,1,2012,15.22
116,1,2013,14.92
116,1,2014,14.92
116,1,2015,14.31
116,1,2016,13.92
116,1,2017,13.55
116,1,2018,12.37
116,1,2019,11.92
116,1,2020,12.3
116,1,2021,12.68
116,1,2022,12.13
116,1,2023,12.5
116,2,1990,13.83
116,2,1991,13.91
116,2,1992,13.69
116,2,1993,12.88
116,2,1994,12.7
116,2,1995,12.13
116,2,1996,11.58
116,2,1997,10.84
116,2,1998,10.53
116,2,1999,10.12
116,2,2000,10.01
116,2,2001,9.81
116,2,2002,9.78
116,2,2003,9.29
116,2,2004,9.2
116,2,2005,8.36
116,2,2006,7.87
116,2,2007,7.5
116,2,2008,7.22
116,2,2009,6.97
116,2,2010,6.77
116,2,2011,6.89
116,2,2012,7.02
116,2,2013,7.05
116,2,2014,6.71
116,2,2015,6.46
116,2,2016,6.39
116,2,2017,6.22
116,2,2018,5.96
116,2,2019,5.75
116,2,2020,6.06
116,2,2021,6.3
116,2,2022,6.24
116,2,2023,6.48
117,1,1990,24.81
117,1,1991,24.79
117,1,1992,24.07
117,1,1993,22.3
117,1,1994,21.85
117,1,1995,21.73
117,1,1996,20.65
117,1,1997,20.58
117,1,1998,20.25
117,1,1999,19.47
117,1,2000,20.02
117,1,2001,18.8
117,1,2002,17.99
117,1,2003,17.35
117,1,2004,16.7
117,1,2005,15.72
117,1,2006,15.35
117,1,2007,14.64
117,1,2008,14.03
117,1,2009,13.32
117,1,2010,13.6
117,1,2011,13.82
117,1,2012,14.04
117,1,2013,13.66
117,1,2014,13.67
117,1,2015,13.55
117,1,2016,12.95
117,1,2017,12.93
117,1,2018,12.65
117,1,2019,12.48
117,1,2020,12.49
117,1,2021,11.36
117,1,2022,11.28
117,1,2023,11.57
117,2,1990,11.53
117,2,1991,11.68
117,2,1992,11.6
117,2,1993,11.12
117,2,1994,11.03
117,2,1995,10.76
117,2,1996,10.61
117,2,1997,10.08
117,2,1998,10.09
117,2,1999,10.31
117,2,2000,10.19
117,2,2001,9.73
117,2,2002,9.87
117,2,2003,9.34
117,2,2004,9.2
117,2,2005,8.51
117,2,2006,7.97
117,2,2007,7.43
117,2,2008,7.3
117,2,2009,7.23
117,2,2010,7.55
117,2,2011,7.71
117,2,2012,7.88
117,2,2013,7.86
117,2,2014,7.44
117,2,2015,7.33
117,2,2016,7.36
117,2,2017,7.1
117,2,2018,7.22
117,2,2019,6.93
117,2,2020,6.86
117,2,2021,6.12
117,2,2022,6.2
117,2,2023,6.35
118,1,1990,14.67
118,1,1991,14.54
118,1,1992,14.4
118,1,1993,13.61
118,1,1994,13.81
118,1,1995,14.75
118,1,1996,14.73
118,1,1997,14.31
118,1,1998,13.71
118,1,1999,13.31
118,1,2000,12.72
118,1,2001,12.62
118,1,2002,12.56
118,1,2003,12.22
118,1,2004,12.08
118,1,2005,11.96
118,1,2006,11.85
118,1,2007,11.71
118,1,2008,11.57
118,1,2009,11.46
118,1,2010,11.32
118,1,2011,11.26
118,1,2012,11.19
118,1,2013,11.01
118,1,2014,10.96
118,1,2015,10.67
118,1,2016,10.57
118,1,2017,10.45
118,1,2018,10.14
118,1,2019,9.99
118,1,2020,9.89
118,1,2021,10.74
118,1,2022,9.17
118,1,2023,9.16
118,2,1990,7.45
118,2,1991,7.4
118,2,1992,7.37
118,2,1993,7.25
118,2,1994,7.25
118,2,1995,7.33
118,2,1996,7.38
118,2,1997,7.28
118,2,1998,7.17
118,2,1999,7.03
118,2,2000,6.61
118,2,2001,6.43
118,2,2002,6.53
118,2,2003,6.47
118,2,2004,6.37
118,2,2005,6.22
118,2,2006,6.13
118,2,2007,6.03
118,2,2008,5.94
118,2,2009,5.88
118,2,2010,5.87
118,2,2011,5.85
118,2,2012,5.8
118,2,2013,5.69
118,2,2014,5.58
118,2,2015,5.5
118,2,2016,5.43
118,2,2017,5.32
118,2,2018,5.19
118,2,2019,5.12
118,2,2020,5.05
118,2,2021,5.35
118,2,2022,4.93
118,2,2023,4.97
119,1,1990,17.32
119,1,1991,16.23
119,1,1992,15.97
119,1,1993,15.23
119,1,1994,14.58
119,1,1995,13.92
119,1,1996,13.83
119,1,1997,13.88
119,1,1998,14
119,1,1999,12.54
119,1,2000,12.08
119,1,2001,10.99
119,1,2002,11.09
119,1,2003,10.47
119,1,2004,10.02
119,1,2005,9.95
119,1,2006,9.76
119,1,2007,9.31
119,1,2008,8.93
119,1,2009,8.3
119,1,2010,8.55
119,1,2011,8.47
119,1,2012,8.03
119,1,2013,7.91
119,1,2014,7.9
119,1,2015,7.98
119,1,2016,7.98
119,1,2017,7.99
119,1,2018,8.01
119,1,2019,8.06
119,1,2020,8.33
119,1,2021,9.37
119,1,2022,9.1
119,1,2023,8.76
119,2,1990,10.52
119,2,1991,10.08
119,2,1992,10.18
119,2,1993,9.56
119,2,1994,9.75
119,2,1995,9.28
119,2,1996,8.82
119,2,1997,8.28
119,2,1998,8.17
119,2,1999,7.99
119,2,2000,7.62
119,2,2001,7.05
119,2,2002,6.85
119,2,2003,6.41
119,2,2004,6.41
119,2,2005,5.94
119,2,2006,5.56
119,2,2007,5.09
119,2,2008,5.11
119,2,2009,4.94
119,2,2010,4.66
119,2,2011,4.76
119,2,2012,4.67
119,2,2013,4.64
119,2,2014,4.64
119,2,2015,4.63
119,2,2016,4.58
119,2,2017,4.57
119,2,2018,4.56
119,2,2019,4.55
119,2,2020,4.56
119,2,2021,4.78
119,2,2022,4.76
119,2,2023,4.9
121,1,1990,37.67
121,1,1991,38.13
121,1,1992,38.72
121,1,1993,39.09
121,1,1994,39.47
121,1,1995,39.87
121,1,1996,40.45
121,1,1997,40.48
121,1,1998,40.7
121,1,1999,41.16
121,1,2000,41.68
121,1,2001,42.36
121,1,2002,42.91
121,1,2003,43.3
121,1,2004,43.75
121,1,2005,44.02
121,1,2006,44.15
121,1,2007,44.19
121,1,2008,44.27
121,1,2009,44.23
121,1,2010,44.23
121,1,2011,44.4
121,1,2012,44.29
121,1,2013,44.4
121,1,2014,44.21
121,1,2015,44.34
121,1,2016,44.58
121,1,2017,44.88
121,1,2018,45.62
121,1,2019,46.08
121,1,2020,67.74
121,1,2021,61.81
121,1,2022,49.95
121,1,2023,49.3
121,2,1990,24.63
121,2,1991,24.52
121,2,1992,24.35
121,2,1993,24.09
121,2,1994,23.95
121,2,1995,24.07
121,2,1996,24.33
121,2,1997,24.35
121,2,1998,24.58
121,2,1999,24.82
121,2,2000,25.09
121,2,2001,25.41
121,2,2002,25.46
121,2,2003,25.6
121,2,2004,25.78
121,2,2005,25.8
121,2,2006,25.89
121,2,2007,25.7
121,2,2008,25.56
121,2,2009,25.39
121,2,2010,25.3
121,2,2011,25.38
121,2,2012,25.38
121,2,2013,25.34
121,2,2014,24.99
121,2,2015,24.94
121,2,2016,24.98
121,2,2017,24.87
121,2,2018,25.02
121,2,2019,25.03
121,2,2020,24.59
121,2,2021,23.29
121,2,2022,23.91
121,2,2023,23.84
122,1,1990,38.94
122,1,1991,39.29
122,1,1992,38.62
122,1,1993,39.24
122,1,1994,39.63
122,1,1995,41.97
122,1,1996,46.28
122,1,1997,47.41
122,1,1998,47.45
122,1,1999,47.87
122,1,2000,45.73
122,1,2001,45.44
122,1,2002,44.89
122,1,2003,43.55
122,1,2004,41.5
122,1,2005,40.29
122,1,2006,39.44
122,1,2007,37.91
122,1,2008,35.53
122,1,2009,33.01
122,1,2010,30.29
122,1,2011,29.4
122,1,2012,27.71
122,1,2013,25.02
122,1,2014,23.38
122,1,2015,21.45
122,1,2016,21.27
122,1,2017,21.08
122,1,2018,20.86
122,1,2019,21.78
122,1,2020,22.2
122,1,2021,22.4
122,1,2022,22.52
122,1,2023,22.79
122,2,1990,28.48
122,2,1991,28.36
122,2,1992,29.51
122,2,1993,28.68
122,2,1994,29.33
122,2,1995,31.23
122,2,1996,35.4
122,2,1997,34.11
122,2,1998,33.53
122,2,1999,32.8
122,2,2000,31.98
122,2,2001,32.04
122,2,2002,32.17
122,2,2003,31.43
122,2,2004,30.17
122,2,2005,29.2
122,2,2006,28.3
122,2,2007,26.63
122,2,2008,24.85
122,2,2009,22.93
122,2,2010,21
122,2,2011,20.4
122,2,2012,19.1
122,2,2013,17.59
122,2,2014,16.37
122,2,2015,14.8
122,2,2016,13.68
122,2,2017,13.32
122,2,2018,13.82
122,2,2019,14.9
122,2,2020,14.78
122,2,2021,14.94
122,2,2022,15.33
122,2,2023,15.35
123,1,1990,21.65
123,1,1991,23.29
123,1,1992,24.29
123,1,1993,25.54
123,1,1994,26.9
123,1,1995,28.26
123,1,1996,29.69
123,1,1997,29.59
123,1,1998,29.02
123,1,1999,29.02
123,1,2000,27.5
123,1,2001,26.52
123,1,2002,26.14
123,1,2003,26.59
123,1,2004,26.62
123,1,2005,25.64
123,1,2006,24.42
123,1,2007,24.26
123,1,2008,24.48
123,1,2009,24.13
123,1,2010,23.7
123,1,2011,22.81
123,1,2012,21.81
123,1,2013,20.95
123,1,2014,20.06
123,1,2015,19.19
123,1,2016,19.2
123,1,2017,20.22
123,1,2018,21.04
123,1,2019,21.44
123,1,2020,23.37
123,1,2021,26.42
123,1,2022,23.89
123,1,2023,24.85
123,2,1990,17.44
123,2,1991,17.93
123,2,1992,18.25
123,2,1993,19.34
123,2,1994,20.16
123,2,1995,21.32
123,2,1996,22.61
123,2,1997,22.8
123,2,1998,22.97
123,2,1999,23.37
123,2,2000,22.65
123,2,2001,22.11
123,2,2002,21.75
123,2,2003,22.1
123,2,2004,22.15
123,2,2005,21.18
123,2,2006,20.21
123,2,2007,20.1
123,2,2008,20.09
123,2,2009,19.63
123,2,2010,18.99
123,2,2011,18.16
123,2,2012,17.4
123,2,2013,16.75
123,2,2014,16.01
123,2,2015,15.39
123,2,2016,15.54
123,2,2017,16.33
123,2,2018,16.8
123,2,2019,16.82
123,2,2020,16.33
123,2,2021,20.38
123,2,2022,18.69
123,2,2023,19.11
125,1,1990,37.35
125,1,1991,36.16
125,1,1992,36.13
125,1,1993,35.81
125,1,1994,34.96
125,1,1995,33.88
125,1,1996,33.46
125,1,1997,32.19
125,1,1998,30.76
125,1,1999,30.8
125,1,2000,30.33
125,1,2001,29.28
125,1,2002,28.78
125,1,2003,28.53
125,1,2004,28.1
125,1,2005,28
125,1,2006,27.54
125,1,2007,27.43
125,1,2008,26.47
125,1,2009,25.51
125,1,2010,25.21
125,1,2011,24.85
125,1,2012,24.59
125,1,2013,24.35
125,1,2014,23.85
125,1,2015,23.55
125,1,2016,23
125,1,2017,22.98
125,1,2018,22.5
125,1,2019,21.35
125,1,2020,20.17
125,1,2021,19.66
125,1,2022,19.52
125,1,2023,19.11
125,2,1990,26.31
125,2,1991,25.54
125,2,1992,25.04
125,2,1993,25.07
125,2,1994,24.58
125,2,1995,23.84
125,2,1996,22.97
125,2,1997,20.8
125,2,1998,19.66
125,2,1999,19.48
125,2,2000,19.25
125,2,2001,18.35
125,2,2002,17.99
125,2,2003,17.65
125,2,2004,17.45
125,2,2005,16.86
125,2,2006,16.47
125,2,2007,15.91
125,2,2008,15.59
125,2,2009,14.75
125,2,2010,14.14
125,2,2011,14.07
125,2,2012,14
125,2,2013,13.45
125,2,2014,13.35
125,2,2015,13.13
125,2,2016,12.89
125,2,2017,12.84
125,2,2018,12.69
125,2,2019,12.34
125,2,2020,11.45
125,2,2021,11.45
125,2,2022,11.18
125,2,2023,10.97
126,1,1990,62.54
126,1,1991,59.93
126,1,1992,59.47
126,1,1993,57.09
126,1,1994,55.42
126,1,1995,53.51
126,1,1996,52.35
126,1,1997,49.44
126,1,1998,47.04
126,1,1999,44.49
126,1,2000,43.25
126,1,2001,42.57
126,1,2002,41.32
126,1,2003,41.32
126,1,2004,39.89
126,1,2005,38.18
126,1,2006,35.82
126,1,2007,35.56
126,1,2008,34.67
126,1,2009,34.05
126,1,2010,33.24
126,1,2011,33.73
126,1,2012,34.07
126,1,2013,33.17
126,1,2014,32.81
126,1,2015,32.8
126,1,2016,31.49
126,1,2017,31.01
126,1,2018,30.25
126,1,2019,28.97
126,1,2020,28.36
126,1,2021,27
126,1,2022,28.8
126,1,2023,30.58
126,2,1990,29.84
126,2,1991,29.86
126,2,1992,29.31
126,2,1993,29.68
126,2,1994,29.14
126,2,1995,29.04
126,2,1996,28.2
126,2,1997,25.19
126,2,1998,25.1
126,2,1999,24.8
126,2,2000,24.38
126,2,2001,23.87
126,2,2002,22.46
126,2,2003,21.61
126,2,2004,21.63
126,2,2005,20.1
126,2,2006,18.74
126,2,2007,18.36
126,2,2008,18.91
126,2,2009,18.53
126,2,2010,18.52
126,2,2011,17.98
126,2,2012,18.57
126,2,2013,17.86
126,2,2014,17.35
126,2,2015,17.1
126,2,2016,17.39
126,2,2017,16.75
126,2,2018,15.85
126,2,2019,15.12
126,2,2020,15.13
126,2,2021,15.93
126,2,2022,17.12
126,2,2023,17.96
127,1,1990,25.58
127,1,1991,26.64
127,1,1992,27.05
127,1,1993,27.21
127,1,1994,27.47
127,1,1995,27.58
127,1,1996,28.63
127,1,1997,29.58
127,1,1998,29.67
127,1,1999,30.95
127,1,2000,30.96
127,1,2001,31.38
127,1,2002,31.72
127,1,2003,31.01
127,1,2004,30.4
127,1,2005,29.92
127,1,2006,29.51
127,1,2007,29.4
127,1,2008,29.18
127,1,2009,28.28
127,1,2010,27.73
127,1,2011,26.36
127,1,2012,28.61
127,1,2013,28.83
127,1,2014,29.24
127,1,2015,29.15
127,1,2016,28.87
127,1,2017,29.57
127,1,2018,29.92
127,1,2019,30.86
127,1,2020,32.11
127,1,2021,34.03
127,1,2022,32.38
127,1,2023,32.12
127,2,1990,19.78
127,2,1991,20.52
127,2,1992,20.87
127,2,1993,21.39
127,2,1994,21.91
127,2,1995,22.8
127,2,1996,23.41
127,2,1997,24.1
127,2,1998,24.15
127,2,1999,23.9
127,2,2000,23.81
127,2,2001,23.75
127,2,2002,23.4
127,2,2003,23.11
127,2,2004,22.54
127,2,2005,21.96
127,2,2006,21.43
127,2,2007,21.12
127,2,2008,20.93
127,2,2009,20.27
127,2,2010,19.81
127,2,2011,19.26
127,2,2012,19.77
127,2,2013,19.77
127,2,2014,19.82
127,2,2015,19.49
127,2,2016,18.9
127,2,2017,18.67
127,2,2018,18.85
127,2,2019,19.21
127,2,2020,19.52
127,2,2021,20.93
127,2,2022,21.28
127,2,2023,21.76
128,1,1990,31.84
128,1,1991,32.21
128,1,1992,33.63
128,1,1993,35.7
128,1,1994,38.32
128,1,1995,38.75
128,1,1996,38.52
128,1,1997,38.49
128,1,1998,39.04
128,1,1999,42.44
128,1,2000,47.91
128,1,2001,49.85
128,1,2002,49.49
128,1,2003,47.73
128,1,2004,46.06
128,1,2005,44.36
128,1,2006,43.28
128,1,2007,41.25
128,1,2008,39.24
128,1,2009,37.7
128,1,2010,36.04
128,1,2011,34.2
128,1,2012,32.78
128,1,2013,30.99
128,1,2014,30.14
128,1,2015,30.11
128,1,2016,29.62
128,1,2017,29.6
128,1,2018,29.14
128,1,2019,27.92
128,1,2020,28.95
128,1,2021,30.46
128,1,2022,29.22
128,1,2023,27.19
128,2,1990,34.97
128,2,1991,34.65
128,2,1992,35.63
128,2,1993,38.08
128,2,1994,42.16
128,2,1995,43.08
128,2,1996,43.12
128,2,1997,41
128,2,1998,40.87
128,2,1999,43.17
128,2,2000,47.4
128,2,2001,48.71
128,2,2002,47.75
128,2,2003,47.92
128,2,2004,47.44
128,2,2005,44.64
128,2,2006,44.02
128,2,2007,42.44
128,2,2008,39.6
128,2,2009,38.75
128,2,2010,37.91
128,2,2011,35.49
128,2,2012,34.41
128,2,2013,32.54
128,2,2014,32.38
128,2,2015,30.46
128,2,2016,29.68
128,2,2017,29.45
128,2,2018,28.81
128,2,2019,28.08
128,2,2020,28.29
128,2,2021,29.15
128,2,2022,28.16
128,2,2023,26.87
129,1,1990,14.83
129,1,1991,14.88
129,1,1992,14.89
129,1,1993,14.92
129,1,1994,14.89
129,1,1995,14.76
129,1,1996,14.63
129,1,1997,14.61
129,1,1998,14.5
129,1,1999,14.43
129,1,2000,14.29
129,1,2001,14.16
129,1,2002,14.05
129,1,2003,13.89
129,1,2004,13.67
129,1,2005,13.34
129,1,2006,12.97
129,1,2007,12.61
129,1,2008,12.25
129,1,2009,11.89
129,1,2010,11.61
129,1,2011,11.37
129,1,2012,11.95
129,1,2013,11.8
129,1,2014,11.76
129,1,2015,11.76
129,1,2016,11.48
129,1,2017,11.44
129,1,2018,11.52
129,1,2019,11.64
129,1,2020,11.2
129,1,2021,12.08
129,1,2022,12.13
129,1,2023,12.17
129,2,1990,13.73
129,2,1991,13.98
129,2,1992,13.74
129,2,1993,13.9
129,2,1994,13.94
129,2,1995,13.62
129,2,1996,13.99
129,2,1997,13.81
129,2,1998,13.68
129,2,1999,13.6
129,2,2000,13.51
129,2,2001,13.43
129,2,2002,13.34
129,2,2003,13.26
129,2,2004,13.11
129,2,2005,12.85
129,2,2006,12.6
129,2,2007,12.37
129,2,2008,12.18
129,2,2009,11.99
129,2,2010,11.91
129,2,2011,11.93
129,2,2012,11.99
129,2,2013,11.84
129,2,2014,11.74
129,2,2015,11.67
129,2,2016,11.48
129,2,2017,11.31
129,2,2018,11.25
129,2,2019,11.24
129,2,2020,10.63
129,2,2021,11.62
129,2,2022,11.7
129,2,2023,11.55
130,1,1990,17.27
130,1,1991,17.04
130,1,1992,17.27
130,1,1993,17.34
130,1,1994,17.1
130,1,1995,16.94
130,1,1996,16.94
130,1,1997,16.47
130,1,1998,15.88
130,1,1999,15.53
130,1,2000,15.05
130,1,2001,14.53
130,1,2002,14.47
130,1,2003,14.19
130,1,2004,13.97
130,1,2005,13.63
130,1,2006,13.34
130,1,2007,13.09
130,1,2008,12.97
130,1,2009,12.53
130,1,2010,12.49
130,1,2011,12.04
130,1,2012,11.77
130,1,2013,11.45
130,1,2014,11.32
130,1,2015,11.46
130,1,2016,11.58
130,1,2017,11.63
130,1,2018,11.53
130,1,2019,11.63
130,1,2020,11.59
130,1,2021,11.82
130,1,2022,11.25
130,1,2023,10.74
130,2,1990,13.56
130,2,1991,13.47
130,2,1992,13.54
130,2,1993,13.65
130,2,1994,13.51
130,2,1995,13.21
130,2,1996,13.18
130,2,1997,12.6
130,2,1998,12.02
130,2,1999,11.92
130,2,2000,11.33
130,2,2001,11.11
130,2,2002,10.97
130,2,2003,10.86
130,2,2004,10.73
130,2,2005,10.51
130,2,2006,10.21
130,2,2007,9.92
130,2,2008,9.74
130,2,2009,9.24
130,2,2010,9.32
130,2,2011,9.15
130,2,2012,8.87
130,2,2013,8.69
130,2,2014,8.68
130,2,2015,8.68
130,2,2016,8.73
130,2,2017,8.77
130,2,2018,8.68
130,2,2019,8.67
130,2,2020,8.67
130,2,2021,9.01
130,2,2022,8.38
130,2,2023,8.19
131,1,1990,22.28
131,1,1991,21.38
131,1,1992,21.76
131,1,1993,22.19
131,1,1994,22.31
131,1,1995,22.27
131,1,1996,21.99
131,1,1997,21.8
131,1,1998,22.83
131,1,1999,21.24
131,1,2000,21.23
131,1,2001,20.94
131,1,2002,21.04
131,1,2003,21.1
131,1,2004,21.18
131,1,2005,21.06
131,1,2006,21.05
131,1,2007,20.88
131,1,2008,20.71
131,1,2009,20.64
131,1,2010,20.59
131,1,2011,20.34
131,1,2012,20.3
131,1,2013,20.19
131,1,2014,20.24
131,1,2015,20.3
131,1,2016,19.79
131,1,2017,19.91
131,1,2018,20.42
131,1,2019,22.08
131,1,2020,22.77
131,1,2021,22.96
131,1,2022,20.32
131,1,2023,17.99
131,2,1990,16.06
131,2,1991,15.64
131,2,1992,15.56
131,2,1993,15.8
131,2,1994,15.64
131,2,1995,15.25
131,2,1996,14.8
131,2,1997,14.29
131,2,1998,15.65
131,2,1999,13.89
131,2,2000,13.96
131,2,2001,13.97
131,2,2002,13.94
131,2,2003,14.09
131,2,2004,14.03
131,2,2005,13.93
131,2,2006,13.84
131,2,2007,13.88
131,2,2008,13.84
131,2,2009,13.78
131,2,2010,13.59
131,2,2011,13.33
131,2,2012,13.14
131,2,2013,13
131,2,2014,13.01
131,2,2015,12.79
131,2,2016,12.58
131,2,2017,12.46
131,2,2018,12.61
131,2,2019,13.38
131,2,2020,13.27
131,2,2021,14.04
131,2,2022,13.1
131,2,2023,11.64
132,1,1990,22.55
132,1,1991,22.34
132,1,1992,22.44
132,1,1993,22.35
132,1,1994,22.38
132,1,1995,22.19
132,1,1996,22.4
132,1,1997,21.67
132,1,1998,21.78
132,1,1999,20.43
132,1,2000,20.31
132,1,2001,19.18
132,1,2002,19.81
132,1,2003,19.79
132,1,2004,19.16
132,1,2005,19.62
132,1,2006,19.33
132,1,2007,19.01
132,1,2008,19.47
132,1,2009,19.17
132,1,2010,19.13
132,1,2011,19.07
132,1,2012,18.81
132,1,2013,19.2
132,1,2014,19.31
132,1,2015,19.13
132,1,2016,19.11
132,1,2017,18.44
132,1,2018,18.2
132,1,2019,18.34
132,1,2020,17.84
132,1,2021,16.34
132,1,2022,16.44
132,1,2023,16.68
132,2,1990,11.79
132,2,1991,11.7
132,2,1992,11.69
132,2,1993,11.98
132,2,1994,12.09
132,2,1995,11.99
132,2,1996,12.03
132,2,1997,12.06
132,2,1998,11.49
132,2,1999,11.26
132,2,2000,11.76
132,2,2001,11.78
132,2,2002,11.23
132,2,2003,11.51
132,2,2004,11.94
132,2,2005,11.92
132,2,2006,11.95
132,2,2007,11.93
132,2,2008,11.46
132,2,2009,11.11
132,2,2010,11.27
132,2,2011,10.93
132,2,2012,10.93
132,2,2013,10.52
132,2,2014,10.55
132,2,2015,10.48
132,2,2016,10.33
132,2,2017,10.4
132,2,2018,10.23
132,2,2019,10.42
132,2,2020,10.26
132,2,2021,10.5
132,2,2022,10.54
132,2,2023,10.59
133,1,1990,32.4
133,1,1991,32.13
133,1,1992,31.68
133,1,1993,30.82
133,1,1994,29.82
133,1,1995,27.99
133,1,1996,26.11
133,1,1997,26.01
133,1,1998,25.49
133,1,1999,25.86
133,1,2000,23.71
133,1,2001,22.56
133,1,2002,22.25
133,1,2003,21.12
133,1,2004,21.02
133,1,2005,20.81
133,1,2006,21.08
133,1,2007,21.07
133,1,2008,20
133,1,2009,19.5
133,1,2010,19.08
133,1,2011,18.33
133,1,2012,17.21
133,1,2013,16.59
133,1,2014,16.31
133,1,2015,16.49
133,1,2016,16.09
133,1,2017,16.39
133,1,2018,17.12
133,1,2019,18.41
133,1,2020,18.78
133,1,2021,19.08
133,1,2022,18.76
133,1,2023,19.04
133,2,1990,19.73
133,2,1991,19.01
133,2,1992,18.25
133,2,1993,17.97
133,2,1994,17.85
133,2,1995,16.82
133,2,1996,15.61
133,2,1997,14.99
133,2,1998,14.43
133,2,1999,15.47
133,2,2000,13.5
133,2,2001,13.18
133,2,2002,13.35
133,2,2003,12.65
133,2,2004,12.14
133,2,2005,11.47
133,2,2006,11.31
133,2,2007,11.28
133,2,2008,11.1
133,2,2009,10.96
133,2,2010,10.85
133,2,2011,10.54
133,2,2012,10.29
133,2,2013,9.44
133,2,2014,9.09
133,2,2015,8.87
133,2,2016,8.76
133,2,2017,8.8
133,2,2018,9.3
133,2,2019,9.91
133,2,2020,10.04
133,2,2021,10.07
133,2,2022,10.39
133,2,2023,10.75
135,1,1990,26.64
135,1,1991,25.97
135,1,1992,26.3
135,1,1993,26.21
135,1,1994,25.21
135,1,1995,24.34
135,1,1996,23.72
135,1,1997,23.57
135,1,1998,23.5
135,1,1999,23.03
135,1,2000,22.39
135,1,2001,22.09
135,1,2002,21.76
135,1,2003,21.57
135,1,2004,21.27
135,1,2005,20.33
135,1,2006,19.75
135,1,2007,19.4
135,1,2008,18.8
135,1,2009,18.47
135,1,2010,18.13
135,1,2011,17.72
135,1,2012,17.34
135,1,2013,17.23
135,1,2014,16.62
135,1,2015,16.48
135,1,2016,16.46
135,1,2017,15.82
135,1,2018,15.57
135,1,2019,15.45
135,1,2020,14.83
135,1,2021,14.77
135,1,2022,14.89
135,1,2023,14.54
135,2,1990,11.95
135,2,1991,11.76
135,2,1992,11.75
135,2,1993,11.77
135,2,1994,11.34
135,2,1995,10.99
135,2,1996,10.65
135,2,1997,10.44
135,2,1998,10.22
135,2,1999,10.06
135,2,2000,9.67
135,2,2001,9.43
135,2,2002,9.31
135,2,2003,9.22
135,2,2004,9.08
135,2,2005,8.76
135,2,2006,8.56
135,2,2007,8.33
135,2,2008,8.03
135,2,2009,7.73
135,2,2010,7.74
135,2,2011,7.64
135,2,2012,7.55
135,2,2013,7.38
135,2,2014,7.19
135,2,2015,7.15
135,2,2016,7.08
135,2,2017,6.85
135,2,2018,6.83
135,2,2019,6.78
135,2,2020,6.47
135,2,2021,6.51
135,2,2022,6.55
135,2,2023,6.43
136,1,1990,14.56
136,1,1991,14.91
136,1,1992,15.19
136,1,1993,15.58
136,1,1994,16.1
136,1,1995,16.51
136,1,1996,16.91
136,1,1997,17.43
136,1,1998,17.81
136,1,1999,17.73
136,1,2000,17.71
136,1,2001,17.51
136,1,2002,17.19
136,1,2003,16.54
136,1,2004,16.2
136,1,2005,15.83
136,1,2006,15.39
136,1,2007,15.11
136,1,2008,14.62
136,1,2009,14.25
136,1,2010,14.09
136,1,2011,13.77
136,1,2012,13.56
136,1,2013,13.34
136,1,2014,13.38
136,1,2015,13.47
136,1,2016,13.59
136,1,2017,13.73
136,1,2018,13.79
136,1,2019,13.95
136,1,2020,14.09
136,1,2021,14.55
136,1,2022,13.17
136,1,2023,13.33
136,2,1990,8.52
136,2,1991,8.61
136,2,1992,8.81
136,2,1993,9.03
136,2,1994,9.26
136,2,1995,9.33
136,2,1996,9.37
136,2,1997,9.43
136,2,1998,9.43
136,2,1999,9.32
136,2,2000,9.13
136,2,2001,9.06
136,2,2002,8.99
136,2,2003,8.77
136,2,2004,8.56
136,2,2005,8.42
136,2,2006,8.12
136,2,2007,7.89
136,2,2008,7.57
136,2,2009,7.36
136,2,2010,7.27
136,2,2011,7.15
136,2,2012,7.08
136,2,2013,6.93
136,2,2014,6.91
136,2,2015,6.92
136,2,2016,6.89
136,2,2017,6.88
136,2,2018,6.88
136,2,2019,6.91
136,2,2020,6.83
136,2,2021,7.06
136,2,2022,6.45
136,2,2023,6.56
139,1,1990,7.17
139,1,1991,7.07
139,1,1992,6.79
139,1,1993,6.55
139,1,1994,6.34
139,1,1995,6.12
139,1,1996,5.94
139,1,1997,5.76
139,1,1998,5.61
139,1,1999,5.45
139,1,2000,5.31
139,1,2001,5.2
139,1,2002,5.12
139,1,2003,5.1
139,1,2004,5.13
139,1,2005,5.11
139,1,2006,5.11
139,1,2007,5.11
139,1,2008,5.12
139,1,2009,5.13
139,1,2010,5.16
139,1,2011,5.22
139,1,2012,5.28
139,1,2013,5.36
139,1,2014,5.39
139,1,2015,5.46
139,1,2016,5.59
139,1,2017,5.75
139,1,2018,5.87
139,1,2019,5.98
139,1,2020,5.81
139,1,2021,5.83
139,1,2022,6.02
139,1,2023,6.1
139,2,1990,4.85
139,2,1991,4.58
139,2,1992,4.41
139,2,1993,4.27
139,2,1994,4.11
139,2,1995,3.99
139,2,1996,3.89
139,2,1997,3.78
139,2,1998,3.71
139,2,1999,3.63
139,2,2000,3.57
139,2,2001,3.51
139,2,2002,3.45
139,2,2003,3.44
139,2,2004,3.47
139,2,2005,3.43
139,2,2006,3.42
139,2,2007,3.41
139,2,2008,3.4
139,2,2009,3.38
139,2,2010,3.39
139,2,2011,3.41
139,2,2012,3.42
139,2,2013,3.43
139,2,2014,3.41
139,2,2015,3.43
139,2,2016,3.42
139,2,2017,3.48
139,2,2018,3.53
139,2,2019,3.59
139,2,2020,3.38
139,2,2021,3.31
139,2,2022,3.34
139,2,2023,3.35
140,1,1990,14.3
140,1,1991,13.75
140,1,1992,13.52
140,1,1993,13.29
140,1,1994,13.01
140,1,1995,13.05
140,1,1996,13.21
140,1,1997,13.25
140,1,1998,13.1
140,1,1999,13.17
140,1,2000,13.22
140,1,2001,13.1
140,1,2002,13.04
140,1,2003,12.81
140,1,2004,12.51
140,1,2005,12.28
140,1,2006,12.07
140,1,2007,11.68
140,1,2008,11.22
140,1,2009,10.76
140,1,2010,10.34
140,1,2011,9.84
140,1,2012,9.43
140,1,2013,9.24
140,1,2014,9.38
140,1,2015,9.09
140,1,2016,9.14
140,1,2017,9.16
140,1,2018,9.04
140,1,2019,9.19
140,1,2020,9.2
140,1,2021,9.53
140,1,2022,9.72
140,1,2023,10
140,2,1990,10.11
140,2,1991,9.73
140,2,1992,9.57
140,2,1993,9.29
140,2,1994,8.98
140,2,1995,8.94
140,2,1996,8.94
140,2,1997,8.98
140,2,1998,8.68
140,2,1999,8.61
140,2,2000,8.69
140,2,2001,8.77
140,2,2002,8.86
140,2,2003,8.9
140,2,2004,8.78
140,2,2005,8.58
140,2,2006,8.35
140,2,2007,8.07
140,2,2008,7.75
140,2,2009,7.48
140,2,2010,7.3
140,2,2011,7.02
140,2,2012,6.89
140,2,2013,6.64
140,2,2014,6.43
140,2,2015,6.26
140,2,2016,6.17
140,2,2017,6.03
140,2,2018,5.71
140,2,2019,5.38
140,2,2020,5.03
140,2,2021,4.99
140,2,2022,4.72
140,2,2023,4.9
141,1,1990,13.69
141,1,1991,13.41
141,1,1992,13.27
141,1,1993,13.45
141,1,1994,13.35
141,1,1995,13.02
141,1,1996,12.5
141,1,1997,12.35
141,1,1998,12.41
141,1,1999,12.47
141,1,2000,12.66
141,1,2001,12.9
141,1,2002,13.02
141,1,2003,12.82
141,1,2004,12.21
141,1,2005,11.61
141,1,2006,11.28
141,1,2007,10.95
141,1,2008,10.68
141,1,2009,10.47
141,1,2010,10.25
141,1,2011,10.44
141,1,2012,10.45
141,1,2013,9.73
141,1,2014,9.8
141,1,2015,10.06
141,1,2016,9.96
141,1,2017,9.76
141,1,2018,9.6
141,1,2019,9.35
141,1,2020,9.43
141,1,2021,9.68
141,1,2022,11.16
141,1,2023,11.09
141,2,1990,10.15
141,2,1991,9.88
141,2,1992,9.69
141,2,1993,9.66
141,2,1994,9.47
141,2,1995,9.25
141,2,1996,9.02
141,2,1997,9
141,2,1998,9.12
141,2,1999,8.96
141,2,2000,8.85
141,2,2001,8.96
141,2,2002,9.1
141,2,2003,8.95
141,2,2004,8.56
141,2,2005,8.19
141,2,2006,8.05
141,2,2007,7.93
141,2,2008,7.93
141,2,2009,7.95
141,2,2010,7.9
141,2,2011,8.07
141,2,2012,8.14
141,2,2013,7.56
141,2,2014,7.55
141,2,2015,7.67
141,2,2016,7.37
141,2,2017,7.18
141,2,2018,7
141,2,2019,6.78
141,2,2020,6.77
141,2,2021,7.07
141,2,2022,8.31
141,2,2023,8.2
142,1,1990,36.77
142,1,1991,35.09
142,1,1992,34.09
142,1,1993,33.11
142,1,1994,32.23
142,1,1995,31.36
142,1,1996,30.48
142,1,1997,29.65
142,1,1998,29.06
142,1,1999,28.55
142,1,2000,28.18
142,1,2001,27.94
142,1,2002,27.64
142,1,2003,28.01
142,1,2004,26.66
142,1,2005,26.06
142,1,2006,25.5
142,1,2007,24.97
142,1,2008,24.49
142,1,2009,24.1
142,1,2010,23.74
142,1,2011,23.29
142,1,2012,22.92
142,1,2013,22.48
142,1,2014,22.51
142,1,2015,22.61
142,1,2016,22.84
142,1,2017,23.05
142,1,2018,22.87
142,1,2019,22.95
142,1,2020,23.39
142,1,2021,21.68
142,1,2022,21.43
142,1,2023,21.3
142,2,1990,22.37
142,2,1991,21.15
142,2,1992,20.66
142,2,1993,20.14
142,2,1994,19.6
142,2,1995,19.11
142,2,1996,18.7
142,2,1997,18.26
142,2,1998,18.03
142,2,1999,17.83
142,2,2000,17.75
142,2,2001,17.63
142,2,2002,17.36
142,2,2003,17.87
142,2,2004,16.15
142,2,2005,15.45
142,2,2006,14.86
142,2,2007,14.41
142,2,2008,14.02
142,2,2009,13.74
142,2,2010,13.4
142,2,2011,13.1
142,2,2012,12.82
142,2,2013,12.6
142,2,2014,12.54
142,2,2015,12.61
142,2,2016,12.74
142,2,2017,12.78
142,2,2018,12.56
142,2,2019,12.53
142,2,2020,12.43
142,2,2021,11.57
142,2,2022,11.2
142,2,2023,11.19
143,1,1990,9.82
143,1,1991,9.69
143,1,1992,9.66
143,1,1993,9.63
143,1,1994,9.56
143,1,1995,9.46
143,1,1996,9.38
143,1,1997,9.29
143,1,1998,9.24
143,1,1999,9.19
143,1,2000,9.13
143,1,2001,9.1
143,1,2002,9.06
143,1,2003,9.03
143,1,2004,9.02
143,1,2005,9.05
143,1,2006,9.03
143,1,2007,9
143,1,2008,9.21
143,1,2009,9.22
143,1,2010,9.39
143,1,2011,9.63
143,1,2012,9.7
143,1,2013,9.64
143,1,2014,9.74
143,1,2015,9.51
143,1,2016,9.45
143,1,2017,9.44
143,1,2018,9.49
143,1,2019,9.7
143,1,2020,10.25
143,1,2021,10.17
143,1,2022,10.47
143,1,2023,10.61
143,2,1990,6.06
143,2,1991,5.92
143,2,1992,5.9
143,2,1993,5.85
143,2,1994,5.77
143,2,1995,5.71
143,2,1996,5.66
143,2,1997,5.65
143,2,1998,5.66
143,2,1999,5.67
143,2,2000,5.69
143,2,2001,5.7
143,2,2002,5.7
143,2,2003,5.7
143,2,2004,5.73
143,2,2005,5.74
143,2,2006,5.76
143,2,2007,5.8
143,2,2008,5.94
143,2,2009,5.97
143,2,2010,6.11
143,2,2011,6.27
143,2,2012,6.34
143,2,2013,6.31
143,2,2014,6.31
143,2,2015,6.15
143,2,2016,6.04
143,2,2017,5.96
143,2,2018,5.96
143,2,2019,6.07
143,2,2020,5.98
143,2,2021,6.07
143,2,2022,6.3
143,2,2023,6.39
144,1,1990,15.12
144,1,1991,14.9
144,1,1992,14.69
144,1,1993,14.38
144,1,1994,14.1
144,1,1995,13.76
144,1,1996,13.42
144,1,1997,13.09
144,1,1998,12.82
144,1,1999,12.6
144,1,2000,12.31
144,1,2001,12.03
144,1,2002,11.79
144,1,2003,11.43
144,1,2004,11.24
144,1,2005,11.03
144,1,2006,10.88
144,1,2007,10.87
144,1,2008,10.77
144,1,2009,10.66
144,1,2010,10.49
144,1,2011,10.42
144,1,2012,10.32
144,1,2013,10.08
144,1,2014,10.04
144,1,2015,9.95
144,1,2016,10.01
144,1,2017,9.98
144,1,2018,9.93
144,1,2019,9.86
144,1,2020,10.05
144,1,2021,10.42
144,1,2022,9.93
144,1,2023,9.9
144,2,1990,7.13
144,2,1991,7.11
144,2,1992,7.16
144,2,1993,7.07
144,2,1994,7.06
144,2,1995,7
144,2,1996,6.92
144,2,1997,6.92
144,2,1998,6.95
144,2,1999,6.97
144,2,2000,7.11
144,2,2001,7.22
144,2,2002,7.29
144,2,2003,7.08
144,2,2004,7.26
144,2,2005,7.61
144,2,2006,7.74
144,2,2007,7.4
144,2,2008,7.17
144,2,2009,7.1
144,2,2010,7.02
144,2,2011,6.97
144,2,2012,6.83
144,2,2013,6.61
144,2,2014,6.53
144,2,2015,6.38
144,2,2016,6.28
144,2,2017,6.21
144,2,2018,6.06
144,2,2019,5.92
144,2,2020,5.89
144,2,2021,6.23
144,2,2022,5.6
144,2,2023,5.48
145,1,1990,9.11
145,1,1991,8.85
145,1,1992,9.24
145,1,1993,9.64
145,1,1994,9.22
145,1,1995,9.05
145,1,1996,8.75
145,1,1997,7.41
145,1,1998,6.03
145,1,1999,6.37
145,1,2000,6.44
145,1,2001,6.92
145,1,2002,7.04
145,1,2003,6.48
145,1,2004,6.9
145,1,2005,6.75
145,1,2006,6.31
145,1,2007,6.15
145,1,2008,5.9
145,1,2009,5.79
145,1,2010,5.81
145,1,2011,5.74
145,1,2012,5.79
145,1,2013,5.49
145,1,2014,5.48
145,1,2015,5.03
145,1,2016,5
145,1,2017,5.13
145,1,2018,4.91
145,1,2019,4.53
145,1,2020,3.94
145,1,2021,3.81
145,1,2022,4.09
145,1,2023,3.82
145,2,1990,9.02
145,2,1991,8.24
145,2,1992,6.73
145,2,1993,6.51
145,2,1994,6.3
145,2,1995,6.82
145,2,1996,7.05
145,2,1997,6.58
145,2,1998,5.18
145,2,1999,5.59
145,2,2000,6.12
145,2,2001,7.21
145,2,2002,7.42
145,2,2003,6.95
145,2,2004,6.51
145,2,2005,6.14
145,2,2006,5.96
145,2,2007,5.98
145,2,2008,5.75
145,2,2009,5.74
145,2,2010,5.62
145,2,2011,5.28
145,2,2012,5.33
145,2,2013,4.86
145,2,2014,4.88
145,2,2015,4.71
145,2,2016,4.4
145,2,2017,4.4
145,2,2018,4.32
145,2,2019,4.26
145,2,2020,4
145,2,2021,3.85
145,2,2022,3.86
145,2,2023,3.75
146,1,1990,4.91
146,1,1991,5.03
146,1,1992,5.1
146,1,1993,5.14
146,1,1994,5.2
146,1,1995,5.34
146,1,1996,5.42
146,1,1997,5.49
146,1,1998,5.61
146,1,1999,5.53
146,1,2000,5.52
146,1,2001,5.47
146,1,2002,5.38
146,1,2003,5.39
146,1,2004,5.52
146,1,2005,5.69
146,1,2006,5.92
146,1,2007,6.2
146,1,2008,6.52
146,1,2009,6.79
146,1,2010,7.02
146,1,2011,7.67
146,1,2012,8.4
146,1,2013,9.07
146,1,2014,9.47
146,1,2015,9.22
146,1,2016,8.42
146,1,2017,8.14
146,1,2018,9.07
146,1,2019,11.91
146,1,2020,15.47
146,1,2021,9.64
146,1,2022,9.94
146,1,2023,10.12
146,2,1990,4.68
146,2,1991,4.54
146,2,1992,4.53
146,2,1993,4.48
146,2,1994,4.49
146,2,1995,4.49
146,2,1996,4.49
146,2,1997,4.49
146,2,1998,4.48
146,2,1999,4.45
146,2,2000,4.36
146,2,2001,4.28
146,2,2002,4.15
146,2,2003,4.09
146,2,2004,4.13
146,2,2005,4.11
146,2,2006,4.19
146,2,2007,4.37
146,2,2008,4.57
146,2,2009,4.76
146,2,2010,4.93
146,2,2011,5.39
146,2,2012,5.94
146,2,2013,6.48
146,2,2014,6.77
146,2,2015,6.63
146,2,2016,6.11
146,2,2017,5.95
146,2,2018,6.45
146,2,2019,7.92
146,2,2020,9.34
146,2,2021,5.68
146,2,2022,6.77
146,2,2023,6.81
147,1,1990,9.24
147,1,1991,8.95
147,1,1992,8.69
147,1,1993,8.4
147,1,1994,8.11
147,1,1995,7.85
147,1,1996,7.62
147,1,1997,7.34
147,1,1998,7.22
147,1,1999,7.16
147,1,2000,7.04
147,1,2001,6.93
147,1,2002,6.85
147,1,2003,6.85
147,1,2004,6.92
147,1,2005,7.03
147,1,2006,7.17
147,1,2007,7.15
147,1,2008,6.98
147,1,2009,6.9
147,1,2010,6.76
147,1,2011,6.85
147,1,2012,6.88
147,1,2013,6.58
147,1,2014,6.48
147,1,2015,6.39
147,1,2016,6.24
147,1,2017,6.31
147,1,2018,6.29
147,1,2019,6.41
147,1,2020,6.66
147,1,2021,7.02
147,1,2022,6.52
147,1,2023,6.48
147,2,1990,5.93
147,2,1991,5.83
147,2,1992,5.72
147,2,1993,5.59
147,2,1994,5.43
147,2,1995,5.27
147,2,1996,5.13
147,2,1997,5
147,2,1998,4.98
147,2,1999,4.97
147,2,2000,4.91
147,2,2001,4.89
147,2,2002,4.85
147,2,2003,4.84
147,2,2004,4.89
147,2,2005,4.97
147,2,2006,4.99
147,2,2007,4.96
147,2,2008,4.87
147,2,2009,4.81
147,2,2010,4.72
147,2,2011,4.75
147,2,2012,4.7
147,2,2013,4.48
147,2,2014,4.41
147,2,2015,4.25
147,2,2016,4.05
147,2,2017,4.04
147,2,2018,4.02
147,2,2019,4.03
147,2,2020,4.2
147,2,2021,4.6
147,2,2022,4.06
147,2,2023,4.05
148,1,1990,3.7
148,1,1991,3.64
148,1,1992,3.58
148,1,1993,3.52
148,1,1994,3.47
148,1,1995,3.42
148,1,1996,3.38
148,1,1997,3.31
148,1,1998,3.26
148,1,1999,3.21
148,1,2000,3.17
148,1,2001,3.15
148,1,2002,3.14
148,1,2003,3.12
148,1,2004,3.09
148,1,2005,3.07
148,1,2006,3.03
148,1,2007,2.99
148,1,2008,2.96
148,1,2009,2.92
148,1,2010,2.88
148,1,2011,2.87
148,1,2012,2.87
148,1,2013,2.9
148,1,2014,2.91
148,1,2015,2.92
148,1,2016,2.97
148,1,2017,2.99
148,1,2018,3.07
148,1,2019,3.16
148,1,2020,3.16
148,1,2021,3.27
148,1,2022,3.43
148,1,2023,3.39
148,2,1990,3.47
148,2,1991,3.38
148,2,1992,3.29
148,2,1993,3.21
148,2,1994,3.13
148,2,1995,3.04
148,2,1996,3
148,2,1997,2.93
148,2,1998,2.9
148,2,1999,2.86
148,2,2000,2.85
148,2,2001,2.83
148,2,2002,2.8
148,2,2003,2.81
148,2,2004,2.8
148,2,2005,2.79
148,2,2006,2.77
148,2,2007,2.75
148,2,2008,2.73
148,2,2009,2.73
148,2,2010,2.72
148,2,2011,2.73
148,2,2012,2.74
148,2,2013,2.77
148,2,2014,2.76
148,2,2015,2.76
148,2,2016,2.78
148,2,2017,2.77
148,2,2018,2.83
148,2,2019,2.9
148,2,2020,2.99
148,2,2021,3.08
148,2,2022,3.12
148,2,2023,3.06
149,1,1990,11.51
149,1,1991,11.36
149,1,1992,11.26
149,1,1993,11.08
149,1,1994,10.91
149,1,1995,10.71
149,1,1996,10.49
149,1,1997,10.3
149,1,1998,10.13
149,1,1999,9.99
149,1,2000,9.85
149,1,2001,9.7
149,1,2002,9.56
149,1,2003,9.39
149,1,2004,9.21
149,1,2005,9.08
149,1,2006,8.92
149,1,2007,8.82
149,1,2008,8.73
149,1,2009,8.64
149,1,2010,8.53
149,1,2011,8.48
149,1,2012,8.34
149,1,2013,8.05
149,1,2014,7.91
149,1,2015,7.93
149,1,2016,8.02
149,1,2017,8.13
149,1,2018,8.03
149,1,2019,7.92
149,1,2020,7.59
149,1,2021,7.68
149,1,2022,7.89
149,1,2023,8.21
149,2,1990,7.87
149,2,1991,7.75
149,2,1992,7.65
149,2,1993,7.53
149,2,1994,7.41
149,2,1995,7.28
149,2,1996,7.15
149,2,1997,7.03
149,2,1998,6.93
149,2,1999,6.85
149,2,2000,6.79
149,2,2001,6.75
149,2,2002,6.69
149,2,2003,6.6
149,2,2004,6.49
149,2,2005,6.39
149,2,2006,6.3
149,2,2007,6.22
149,2,2008,6.14
149,2,2009,6.08
149,2,2010,6.03
149,2,2011,5.96
149,2,2012,5.83
149,2,2013,5.59
149,2,2014,5.52
149,2,2015,5.43
149,2,2016,5.38
149,2,2017,5.41
149,2,2018,5.33
149,2,2019,5.23
149,2,2020,5
149,2,2021,5.1
149,2,2022,5.14
149,2,2023,5.26
150,1,1990,18.57
150,1,1991,17.89
150,1,1992,17.56
150,1,1993,17.16
150,1,1994,16.69
150,1,1995,16.07
150,1,1996,15.4
150,1,1997,14.85
150,1,1998,14.46
150,1,1999,14
150,1,2000,13.62
150,1,2001,13.37
150,1,2002,13.23
150,1,2003,12.89
150,1,2004,12.88
150,1,2005,12.68
150,1,2006,12.72
150,1,2007,12.65
150,1,2008,12.77
150,1,2009,12.81
150,1,2010,12.75
150,1,2011,12.75
150,1,2012,12.82
150,1,2013,12.61
150,1,2014,12.52
150,1,2015,12.14
150,1,2016,12.03
150,1,2017,11.93
150,1,2018,11.63
150,1,2019,11.36
150,1,2020,12.58
150,1,2021,12.95
150,1,2022,11.11
150,1,2023,10.59
150,2,1990,11.41
150,2,1991,10.75
150,2,1992,10.59
150,2,1993,10.27
150,2,1994,10.06
150,2,1995,9.71
150,2,1996,9.32
150,2,1997,9.02
150,2,1998,8.82
150,2,1999,8.59
150,2,2000,8.51
150,2,2001,8.32
150,2,2002,8.27
150,2,2003,7.99
150,2,2004,7.83
150,2,2005,7.64
150,2,2006,7.56
150,2,2007,7.39
150,2,2008,7.31
150,2,2009,7.29
150,2,2010,7.3
150,2,2011,7.17
150,2,2012,7
150,2,2013,6.95
150,2,2014,6.9
150,2,2015,6.65
150,2,2016,6.52
150,2,2017,6.46
150,2,2018,6.3
150,2,2019,6.15
150,2,2020,6.09
150,2,2021,6.43
150,2,2022,6.1
150,2,2023,5.96
151,1,1990,12.58
151,1,1991,12.2
151,1,1992,12.1
151,1,1993,12.05
151,1,1994,12.34
151,1,1995,12.43
151,1,1996,11.68
151,1,1997,10.96
151,1,1998,10.69
151,1,1999,10.4
151,1,2000,10.16
151,1,2001,10.06
151,1,2002,9.98
151,1,2003,9.61
151,1,2004,9.04
151,1,2005,8.39
151,1,2006,7.89
151,1,2007,7.47
151,1,2008,7.06
151,1,2009,6.66
151,1,2010,6.36
151,1,2011,6.04
151,1,2012,5.73
151,1,2013,5.51
151,1,2014,5.49
151,1,2015,5.19
151,1,2016,5.2
151,1,2017,5.2
151,1,2018,5.23
151,1,2019,5.55
151,1,2020,5.65
151,1,2021,5.4
151,1,2022,5.18
151,1,2023,5.18
151,2,1990,13.14
151,2,1991,12.89
151,2,1992,12.89
151,2,1993,12.89
151,2,1994,12.74
151,2,1995,12.47
151,2,1996,11.91
151,2,1997,11.51
151,2,1998,11.24
151,2,1999,11.22
151,2,2000,11.38
151,2,2001,11.34
151,2,2002,11.22
151,2,2003,10.74
151,2,2004,10.08
151,2,2005,9.47
151,2,2006,8.97
151,2,2007,8.4
151,2,2008,7.9
151,2,2009,7.53
151,2,2010,7.17
151,2,2011,6.75
151,2,2012,6.32
151,2,2013,5.97
151,2,2014,5.83
151,2,2015,5.58
151,2,2016,5.31
151,2,2017,5.12
151,2,2018,4.93
151,2,2019,4.91
151,2,2020,4.86
151,2,2021,4.62
151,2,2022,4.48
151,2,2023,4.65
152,1,1990,17.56
152,1,1991,16.91
152,1,1992,16.25
152,1,1993,15.74
152,1,1994,15.2
152,1,1995,14.51
152,1,1996,13.88
152,1,1997,13.23
152,1,1998,12.8
152,1,1999,12.45
152,1,2000,12.31
152,1,2001,12.22
152,1,2002,12.21
152,1,2003,12.16
152,1,2004,12.2
152,1,2005,12.2
152,1,2006,12.34
152,1,2007,12.43
152,1,2008,12.68
152,1,2009,12.84
152,1,2010,12.94
152,1,2011,12.75
152,1,2012,12.39
152,1,2013,12
152,1,2014,11.94
152,1,2015,11.29
152,1,2016,11.13
152,1,2017,10.93
152,1,2018,10.7
152,1,2019,10.74
152,1,2020,11.29
152,1,2021,10.69
152,1,2022,10.35
152,1,2023,10.18
152,2,1990,9.55
152,2,1991,9.26
152,2,1992,8.98
152,2,1993,8.72
152,2,1994,8.42
152,2,1995,8.14
152,2,1996,7.66
152,2,1997,7.35
152,2,1998,7.12
152,2,1999,6.97
152,2,2000,6.96
152,2,2001,6.98
152,2,2002,7.07
152,2,2003,7.18
152,2,2004,7.28
152,2,2005,7.5
152,2,2006,7.76
152,2,2007,7.99
152,2,2008,8.28
152,2,2009,8.47
152,2,2010,8.6
152,2,2011,8.59
152,2,2012,8.43
152,2,2013,8.2
152,2,2014,8.15
152,2,2015,7.8
152,2,2016,7.57
152,2,2017,7.42
152,2,2018,7.18
152,2,2019,7.2
152,2,2020,7.69
152,2,2021,7.77
152,2,2022,7.67
152,2,2023,7.24
153,1,1990,9.97
153,1,1991,9.79
153,1,1992,9.66
153,1,1993,9.51
153,1,1994,9.41
153,1,1995,9.27
153,1,1996,9.1
153,1,1997,8.95
153,1,1998,8.81
153,1,1999,8.72
153,1,2000,8.74
153,1,2001,8.76
153,1,2002,8.66
153,1,2003,8.56
153,1,2004,8.34
153,1,2005,8.06
153,1,2006,7.89
153,1,2007,7.83
153,1,2008,7.78
153,1,2009,7.83
153,1,2010,7.78
153,1,2011,7.62
153,1,2012,7.39
153,1,2013,7.08
153,1,2014,6.87
153,1,2015,6.76
153,1,2016,6.77
153,1,2017,6.86
153,1,2018,6.86
153,1,2019,6.93
153,1,2020,6.77
153,1,2021,6.59
153,1,2022,7.01
153,1,2023,7.06
153,2,1990,5.67
153,2,1991,5.73
153,2,1992,5.8
153,2,1993,5.84
153,2,1994,5.84
153,2,1995,5.81
153,2,1996,5.81
153,2,1997,5.76
153,2,1998,5.63
153,2,1999,5.66
153,2,2000,5.97
153,2,2001,6.22
153,2,2002,6.35
153,2,2003,6.34
153,2,2004,6.25
153,2,2005,6.15
153,2,2006,6.04
153,2,2007,6.03
153,2,2008,5.93
153,2,2009,5.91
153,2,2010,5.86
153,2,2011,5.72
153,2,2012,5.49
153,2,2013,5.22
153,2,2014,5.03
153,2,2015,4.9
153,2,2016,4.85
153,2,2017,4.85
153,2,2018,4.78
153,2,2019,4.77
153,2,2020,4.65
153,2,2021,4.45
153,2,2022,4.62
153,2,2023,4.63
154,1,1990,15.16
154,1,1991,15.02
154,1,1992,14.78
154,1,1993,14.51
154,1,1994,14.3
154,1,1995,13.92
154,1,1996,13.67
154,1,1997,13.46
154,1,1998,13.31
154,1,1999,13.23
154,1,2000,13.13
154,1,2001,13.07
154,1,2002,13.02
154,1,2003,13.02
154,1,2004,12.91
154,1,2005,12.81
154,1,2006,12.73
154,1,2007,12.64
154,1,2008,12.48
154,1,2009,12.32
154,1,2010,12.1
154,1,2011,11.95
154,1,2012,11.8
154,1,2013,11.55
154,1,2014,11.34
154,1,2015,11.25
154,1,2016,11.19
154,1,2017,11.16
154,1,2018,11.02
154,1,2019,11.15
154,1,2020,10.47
154,1,2021,9.66
154,1,2022,10.53
154,1,2023,11.74
154,2,1990,9.77
154,2,1991,9.67
154,2,1992,9.45
154,2,1993,9.27
154,2,1994,9.07
154,2,1995,8.72
154,2,1996,8.5
154,2,1997,8.33
154,2,1998,8.23
154,2,1999,8.14
154,2,2000,7.97
154,2,2001,7.86
154,2,2002,7.73
154,2,2003,7.61
154,2,2004,7.45
154,2,2005,7.31
154,2,2006,7.2
154,2,2007,7.14
154,2,2008,7.06
154,2,2009,6.98
154,2,2010,6.87
154,2,2011,6.82
154,2,2012,6.76
154,2,2013,6.66
154,2,2014,6.59
154,2,2015,6.55
154,2,2016,6.53
154,2,2017,6.56
154,2,2018,6.52
154,2,2019,6.62
154,2,2020,6.26
154,2,2021,5.69
154,2,2022,6.39
154,2,2023,7.34
155,1,1990,31.01
155,1,1991,30.23
155,1,1992,29.81
155,1,1993,29.44
155,1,1994,29.27
155,1,1995,28.67
155,1,1996,27.51
155,1,1997,26.74
155,1,1998,26.08
155,1,1999,24.67
155,1,2000,23.56
155,1,2001,22.74
155,1,2002,22.26
155,1,2003,21.44
155,1,2004,20.99
155,1,2005,21.23
155,1,2006,21.81
155,1,2007,21.69
155,1,2008,20.6
155,1,2009,18.29
155,1,2010,17.77
155,1,2011,18.2
155,1,2012,18.24
155,1,2013,18.79
155,1,2014,18.96
155,1,2015,19.09
155,1,2016,19.42
155,1,2017,19.34
155,1,2018,18.85
155,1,2019,18.81
155,1,2020,19.68
155,1,2021,19.99
155,1,2022,19.46
155,1,2023,19.2
155,2,1990,15.16
155,2,1991,14.79
155,2,1992,14.54
155,2,1993,14.27
155,2,1994,13.95
155,2,1995,13.6
155,2,1996,13.01
155,2,1997,12.7
155,2,1998,12.47
155,2,1999,11.72
155,2,2000,11.67
155,2,2001,11.36
155,2,2002,11.29
155,2,2003,10.85
155,2,2004,10.47
155,2,2005,10.53
155,2,2006,10.68
155,2,2007,10.46
155,2,2008,9.73
155,2,2009,8.6
155,2,2010,8.29
155,2,2011,8.4
155,2,2012,8.38
155,2,2013,8.57
155,2,2014,8.75
155,2,2015,8.75
155,2,2016,8.72
155,2,2017,8.49
155,2,2018,8.1
155,2,2019,8.03
155,2,2020,8.09
155,2,2021,8.52
155,2,2022,8.19
155,2,2023,7.93
156,1,1990,27.15
156,1,1991,26.33
156,1,1992,25.24
156,1,1993,24.45
156,1,1994,23.92
156,1,1995,23.13
156,1,1996,22.6
156,1,1997,21.44
156,1,1998,21.42
156,1,1999,20.72
156,1,2000,20.16
156,1,2001,19.48
156,1,2002,19.05
156,1,2003,18.58
156,1,2004,17.29
156,1,2005,16.92
156,1,2006,16.29
156,1,2007,14.85
156,1,2008,13.39
156,1,2009,11.96
156,1,2010,10.8
156,1,2011,9.53
156,1,2012,8.43
156,1,2013,7.68
156,1,2014,7.17
156,1,2015,6.74
156,1,2016,6.86
156,1,2017,6.74
156,1,2018,6.6
156,1,2019,6.9
156,1,2020,5.93
156,1,2021,5.79
156,1,2022,6.05
156,1,2023,6.53
156,2,1990,22.87
156,2,1991,21.37
156,2,1992,19.78
156,2,1993,18.87
156,2,1994,17.96
156,2,1995,16.58
156,2,1996,15.83
156,2,1997,15.61
156,2,1998,15.98
156,2,1999,15.9
156,2,2000,16.46
156,2,2001,16.19
156,2,2002,15.08
156,2,2003,14.15
156,2,2004,14.33
156,2,2005,14.53
156,2,2006,13.64
156,2,2007,13.05
156,2,2008,12.06
156,2,2009,10.92
156,2,2010,9.84
156,2,2011,8.97
156,2,2012,8.24
156,2,2013,7.93
156,2,2014,7.69
156,2,2015,7.25
156,2,2016,6.91
156,2,2017,6.76
156,2,2018,6.69
156,2,2019,6.93
156,2,2020,6.72
156,2,2021,6.48
156,2,2022,6.02
156,2,2023,6.23
157,1,1990,30.63
157,1,1991,30.38
157,1,1992,30.2
157,1,1993,29.83
157,1,1994,29.56
157,1,1995,29.02
157,1,1996,28.42
157,1,1997,27.71
157,1,1998,26.96
157,1,1999,26.74
157,1,2000,26.5
157,1,2001,26
157,1,2002,25.67
157,1,2003,25.29
157,1,2004,25.15
157,1,2005,24.71
157,1,2006,24.21
157,1,2007,23.41
157,1,2008,23.15
157,1,2009,22.51
157,1,2010,21.5
157,1,2011,20.96
157,1,2012,19.91
157,1,2013,19.95
157,1,2014,19.97
157,1,2015,19.74
157,1,2016,19.42
157,1,2017,18.89
157,1,2018,18.4
157,1,2019,18.88
157,1,2020,20.03
157,1,2021,18.94
157,1,2022,19.07
157,1,2023,19.44
157,2,1990,18.56
157,2,1991,18.17
157,2,1992,17.89
157,2,1993,17.48
157,2,1994,17.2
157,2,1995,16.77
157,2,1996,16.42
157,2,1997,16.1
157,2,1998,15.76
157,2,1999,15.74
157,2,2000,15.61
157,2,2001,15.38
157,2,2002,15.15
157,2,2003,15.01
157,2,2004,15.01
157,2,2005,14.81
157,2,2006,14.58
157,2,2007,14.22
157,2,2008,14.19
157,2,2009,13.81
157,2,2010,13.2
157,2,2011,13.09
157,2,2012,12.65
157,2,2013,12.74
157,2,2014,12.67
157,2,2015,12.49
157,2,2016,12.21
157,2,2017,11.99
157,2,2018,11.59
157,2,2019,11.63
157,2,2020,11.46
157,2,2021,11.18
157,2,2022,11.76
157,2,2023,12.31
160,1,1990,14.49
160,1,1991,14.33
160,1,1992,14.31
160,1,1993,14.43
160,1,1994,14.22
160,1,1995,14.18
160,1,1996,14.07
160,1,1997,14.04
160,1,1998,13.91
160,1,1999,14.02
160,1,2000,14.06
160,1,2001,14.15
160,1,2002,13.91
160,1,2003,14.06
160,1,2004,14.29
160,1,2005,14.32
160,1,2006,14.28
160,1,2007,14.32
160,1,2008,14.32
160,1,2009,14.29
160,1,2010,14.13
160,1,2011,13.58
160,1,2012,13.21
160,1,2013,12.9
160,1,2014,12.67
160,1,2015,12.79
160,1,2016,12.69
160,1,2017,12.79
160,1,2018,12.75
160,1,2019,12.92
160,1,2020,13.26
160,1,2021,13.69
160,1,2022,13.4
160,1,2023,13.56
160,2,1990,16.01
160,2,1991,15.74
160,2,1992,15.62
160,2,1993,15.65
160,2,1994,15.46
160,2,1995,15.39
160,2,1996,15.24
160,2,1997,15.12
160,2,1998,14.82
160,2,1999,14.95
160,2,2000,14.96
160,2,2001,14.95
160,2,2002,14.53
160,2,2003,14.62
160,2,2004,14.9
160,2,2005,14.98
160,2,2006,15.08
160,2,2007,15.13
160,2,2008,15.24
160,2,2009,15.34
160,2,2010,15.24
160,2,2011,14.94
160,2,2012,14.64
160,2,2013,14.5
160,2,2014,14.32
160,2,2015,14.33
160,2,2016,14.07
160,2,2017,13.96
160,2,2018,13.77
160,2,2019,13.89
160,2,2020,14.1
160,2,2021,14.8
160,2,2022,14.35
160,2,2023,14.47
161,1,1990,12.95
161,1,1991,13.94
161,1,1992,13.36
161,1,1993,13.31
161,1,1994,13.33
161,1,1995,13.32
161,1,1996,13.37
161,1,1997,13.38
161,1,1998,13.51
161,1,1999,13.66
161,1,2000,13.58
161,1,2001,13.66
161,1,2002,13.71
161,1,2003,13.75
161,1,2004,13.61
161,1,2005,13.47
161,1,2006,13.2
161,1,2007,13.04
161,1,2008,12.94
161,1,2009,13.1
161,1,2010,13.21
161,1,2011,13
161,1,2012,12.89
161,1,2013,13.09
161,1,2014,13.06
161,1,2015,13.29
161,1,2016,13.4
161,1,2017,13.52
161,1,2018,13.55
161,1,2019,13.81
161,1,2020,13.85
161,1,2021,14.35
161,1,2022,14.73
161,1,2023,14.71
161,2,1990,8.87
161,2,1991,10.01
161,2,1992,9.33
161,2,1993,9.3
161,2,1994,9.22
161,2,1995,9.11
161,2,1996,9.27
161,2,1997,9.3
161,2,1998,9.46
161,2,1999,9.59
161,2,2000,9.45
161,2,2001,9.34
161,2,2002,9.23
161,2,2003,9.02
161,2,2004,8.63
161,2,2005,8.35
161,2,2006,8.12
161,2,2007,7.88
161,2,2008,7.61
161,2,2009,7.53
161,2,2010,7.42
161,2,2011,7.13
161,2,2012,6.98
161,2,2013,7.02
161,2,2014,7.01
161,2,2015,7.07
161,2,2016,7.15
161,2,2017,7.28
161,2,2018,7.41
161,2,2019,7.65
161,2,2020,7.83
161,2,2021,8.54
161,2,2022,8.79
161,2,2023,9.06
162,1,1990,10.09
162,1,1991,10.35
162,1,1992,10.54
162,1,1993,10.64
162,1,1994,10.59
162,1,1995,10.79
162,1,1996,10.92
162,1,1997,11.1
162,1,1998,10.87
162,1,1999,10.85
162,1,2000,10.82
162,1,2001,11
162,1,2002,11.1
162,1,2003,11.12
162,1,2004,11.05
162,1,2005,10.92
162,1,2006,10.68
162,1,2007,10.44
162,1,2008,10.2
162,1,2009,9.87
162,1,2010,9.68
162,1,2011,9.52
162,1,2012,9.32
162,1,2013,9.23
162,1,2014,9.16
162,1,2015,9.19
162,1,2016,9.23
162,1,2017,9.3
162,1,2018,9.3
162,1,2019,9.3
162,1,2020,9.37
162,1,2021,9.33
162,1,2022,9.4
162,1,2023,9.42
162,2,1990,7.94
162,2,1991,8.04
162,2,1992,8.08
162,2,1993,8.16
162,2,1994,8.09
162,2,1995,8.26
162,2,1996,8.36
162,2,1997,8.63
162,2,1998,8.43
162,2,1999,8.33
162,2,2000,8.42
162,2,2001,8.62
162,2,2002,8.7
162,2,2003,8.78
162,2,2004,8.72
162,2,2005,8.59
162,2,2006,8.4
162,2,2007,8.23
162,2,2008,8.02
162,2,2009,7.77
162,2,2010,7.64
162,2,2011,7.52
162,2,2012,7.42
162,2,2013,7.33
162,2,2014,7.25
162,2,2015,7.24
162,2,2016,7.25
162,2,2017,7.29
162,2,2018,7.28
162,2,2019,7.29
162,2,2020,7.42
162,2,2021,7.39
162,2,2022,7.49
162,2,2023,7.5
163,1,1990,11.36
163,1,1991,11.37
163,1,1992,11.15
163,1,1993,10.92
163,1,1994,10.57
163,1,1995,10.25
163,1,1996,10.65
163,1,1997,11.04
163,1,1998,11.09
163,1,1999,10.96
163,1,2000,10.72
163,1,2001,10.76
163,1,2002,10.86
163,1,2003,10.62
163,1,2004,10.11
163,1,2005,10.35
163,1,2006,10.59
163,1,2007,10.89
163,1,2008,10.74
163,1,2009,10.61
163,1,2010,10.7
163,1,2011,10.27
163,1,2012,9.87
163,1,2013,9.39
163,1,2014,8.69
163,1,2015,8.59
163,1,2016,8.69
163,1,2017,8.83
163,1,2018,8.62
163,1,2019,8.47
163,1,2020,8.73
163,1,2021,9.68
163,1,2022,8.75
163,1,2023,8.79
163,2,1990,6.22
163,2,1991,6.21
163,2,1992,5.95
163,2,1993,5.6
163,2,1994,5.31
163,2,1995,5.17
163,2,1996,5.44
163,2,1997,5.67
163,2,1998,5.72
163,2,1999,5.57
163,2,2000,5.4
163,2,2001,5.41
163,2,2002,5.39
163,2,2003,5.25
163,2,2004,5.08
163,2,2005,5.21
163,2,2006,5.24
163,2,2007,5.42
163,2,2008,5.28
163,2,2009,5.12
163,2,2010,5.11
163,2,2011,4.82
163,2,2012,4.67
163,2,2013,4.72
163,2,2014,4.68
163,2,2015,4.72
163,2,2016,4.7
163,2,2017,4.67
163,2,2018,4.57
163,2,2019,4.51
163,2,2020,4.49
163,2,2021,4.54
163,2,2022,4.65
163,2,2023,4.69
164,1,1990,9.09
164,1,1991,9.33
164,1,1992,9.58
164,1,1993,9.6
164,1,1994,9.78
164,1,1995,9.94
164,1,1996,10.13
164,1,1997,10.22
164,1,1998,10.33
164,1,1999,10.44
164,1,2000,10.46
164,1,2001,10.48
164,1,2002,10.44
164,1,2003,10.33
164,1,2004,10.06
164,1,2005,9.76
164,1,2006,9.37
164,1,2007,9.06
164,1,2008,8.77
164,1,2009,8.57
164,1,2010,8.27
164,1,2011,7.87
164,1,2012,7.51
164,1,2013,7.33
164,1,2014,7.21
164,1,2015,7.1
164,1,2016,7.1
164,1,2017,7.12
164,1,2018,7.08
164,1,2019,7.1
164,1,2020,7.2
164,1,2021,7.75
164,1,2022,7.67
164,1,2023,8.08
164,2,1990,5.73
164,2,1991,5.82
164,2,1992,5.83
164,2,1993,5.74
164,2,1994,5.73
164,2,1995,5.71
164,2,1996,5.71
164,2,1997,5.76
164,2,1998,5.75
164,2,1999,5.72
164,2,2000,5.7
164,2,2001,5.65
164,2,2002,5.57
164,2,2003,5.47
164,2,2004,5.32
164,2,2005,5.15
164,2,2006,4.96
164,2,2007,4.78
164,2,2008,4.62
164,2,2009,4.51
164,2,2010,4.33
164,2,2011,4.16
164,2,2012,4.04
164,2,2013,3.98
164,2,2014,3.95
164,2,2015,3.85
164,2,2016,3.88
164,2,2017,3.87
164,2,2018,3.86
164,2,2019,3.89
164,2,2020,3.89
164,2,2021,4.22
164,2,2022,4.33
164,2,2023,4.51
165,1,1990,4.19
165,1,1991,4.19
165,1,1992,4.18
165,1,1993,4.16
165,1,1994,4.07
165,1,1995,4.01
165,1,1996,3.95
165,1,1997,3.98
165,1,1998,4.06
165,1,1999,4.14
165,1,2000,4.27
165,1,2001,4.25
165,1,2002,4.26
165,1,2003,4.19
165,1,2004,4.16
165,1,2005,4.23
165,1,2006,4.1
165,1,2007,4.1
165,1,2008,4.07
165,1,2009,4.03
165,1,2010,3.96
165,1,2011,3.82
165,1,2012,3.69
165,1,2013,3.63
165,1,2014,3.56
165,1,2015,3.53
165,1,2016,3.51
165,1,2017,3.51
165,1,2018,3.47
165,1,2019,3.49
165,1,2020,3.74
165,1,2021,3.85
165,1,2022,3.71
165,1,2023,3.62
165,2,1990,5.05
165,2,1991,4.98
165,2,1992,4.87
165,2,1993,4.76
165,2,1994,4.6
165,2,1995,4.47
165,2,1996,4.35
165,2,1997,4.32
165,2,1998,4.32
165,2,1999,4.32
165,2,2000,4.38
165,2,2001,4.37
165,2,2002,4.37
165,2,2003,4.32
165,2,2004,4.32
165,2,2005,4.49
165,2,2006,4.31
165,2,2007,4.35
165,2,2008,4.39
165,2,2009,4.42
165,2,2010,4.41
165,2,2011,4.34
165,2,2012,4.29
165,2,2013,4.34
165,2,2014,4.33
165,2,2015,4.3
165,2,2016,4.27
165,2,2017,4.25
165,2,2018,4.2
165,2,2019,4.25
165,2,2020,4.42
165,2,2021,4.76
165,2,2022,4.59
165,2,2023,4.51
168,1,1990,11.62
168,1,1991,11.4
168,1,1992,11.18
168,1,1993,11.12
168,1,1994,11.05
168,1,1995,10.73
168,1,1996,9.99
168,1,1997,9.74
168,1,1998,10.08
168,1,1999,10.14
168,1,2000,10.11
168,1,2001,10.13
168,1,2002,10.31
168,1,2003,10.28
168,1,2004,10.12
168,1,2005,10.09
168,1,2006,10.26
168,1,2007,10.15
168,1,2008,10.18
168,1,2009,10.17
168,1,2010,10.12
168,1,2011,10
168,1,2012,9.76
168,1,2013,9.6
168,1,2014,9.52
168,1,2015,9.37
168,1,2016,9.17
168,1,2017,9.09
168,1,2018,8.95
168,1,2019,8.83
168,1,2020,8.99
168,1,2021,9.34
168,1,2022,9.42
168,1,2023,9.56
168,2,1990,7.06
168,2,1991,6.84
168,2,1992,6.65
168,2,1993,6.57
168,2,1994,6.5
168,2,1995,6.21
168,2,1996,5.59
168,2,1997,5.37
168,2,1998,5.65
168,2,1999,5.71
168,2,2000,5.62
168,2,2001,5.62
168,2,2002,5.58
168,2,2003,5.45
168,2,2004,5.36
168,2,2005,5.29
168,2,2006,5.49
168,2,2007,5.51
168,2,2008,5.55
168,2,2009,5.6
168,2,2010,5.59
168,2,2011,5.57
168,2,2012,5.51
168,2,2013,5.56
168,2,2014,5.63
168,2,2015,5.49
168,2,2016,5.2
168,2,2017,5.02
168,2,2018,4.94
168,2,2019,4.93
168,2,2020,4.82
168,2,2021,4.93
168,2,2022,5.36
168,2,2023,5.57
169,1,1990,8.03
169,1,1991,8.13
169,1,1992,8.16
169,1,1993,8.48
169,1,1994,8.54
169,1,1995,8.37
169,1,1996,8.39
169,1,1997,8.05
169,1,1998,7.95
169,1,1999,7.75
169,1,2000,7.44
169,1,2001,7.23
169,1,2002,7.12
169,1,2003,6.84
169,1,2004,6.62
169,1,2005,6.43
169,1,2006,6.31
169,1,2007,6.15
169,1,2008,5.99
169,1,2009,5.97
169,1,2010,6.14
169,1,2011,6.22
169,1,2012,6.11
169,1,2013,6.1
169,1,2014,6.02
169,1,2015,6
169,1,2016,6.02
169,1,2017,6.1
169,1,2018,6.09
169,1,2019,6.14
169,1,2020,6.39
169,1,2021,6.31
169,1,2022,6.99
169,1,2023,7.15
169,2,1990,8.46
169,2,1991,8.54
169,2,1992,8.49
169,2,1993,8.6
169,2,1994,8.55
169,2,1995,8.28
169,2,1996,8.39
169,2,1997,8.15
169,2,1998,8.21
169,2,1999,8.2
169,2,2000,7.92
169,2,2001,7.79
169,2,2002,7.75
169,2,2003,7.48
169,2,2004,7.27
169,2,2005,7.09
169,2,2006,6.96
169,2,2007,6.78
169,2,2008,6.58
169,2,2009,6.61
169,2,2010,6.88
169,2,2011,7.02
169,2,2012,6.91
169,2,2013,6.95
169,2,2014,6.88
169,2,2015,6.88
169,2,2016,6.95
169,2,2017,7.08
169,2,2018,7.06
169,2,2019,7.19
169,2,2020,7.13
169,2,2021,7.04
169,2,2022,7.95
169,2,2023,8.21
170,1,1990,7.75
170,1,1991,7.69
170,1,1992,7.64
170,1,1993,7.58
170,1,1994,7.88
170,1,1995,7.66
170,1,1996,7.56
170,1,1997,7.76
170,1,1998,7.29
170,1,1999,7.39
170,1,2000,7.44
170,1,2001,7.18
170,1,2002,7.33
170,1,2003,7.46
170,1,2004,7.49
170,1,2005,7.73
170,1,2006,7.87
170,1,2007,7.99
170,1,2008,8.14
170,1,2009,8.25
170,1,2010,8.24
170,1,2011,8
170,1,2012,7.93
170,1,2013,7.82
170,1,2014,7.78
170,1,2015,7.8
170,1,2016,7.82
170,1,2017,7.76
170,1,2018,7.75
170,1,2019,7.93
170,1,2020,8.21
170,1,2021,8.35
170,1,2022,8.8
170,1,2023,8.89
170,2,1990,7.04
170,2,1991,6.73
170,2,1992,6.66
170,2,1993,6.43
170,2,1994,6.76
170,2,1995,6.52
170,2,1996,6.33
170,2,1997,6.57
170,2,1998,6.03
170,2,1999,6.11
170,2,2000,6.07
170,2,2001,5.74
170,2,2002,5.76
170,2,2003,5.83
170,2,2004,5.75
170,2,2005,5.88
170,2,2006,5.95
170,2,2007,6.04
170,2,2008,6.17
170,2,2009,6.25
170,2,2010,6.17
170,2,2011,6.09
170,2,2012,6.02
170,2,2013,5.89
170,2,2014,5.75
170,2,2015,5.71
170,2,2016,5.72
170,2,2017,5.63
170,2,2018,5.6
170,2,2019,5.72
170,2,2020,5.72
170,2,2021,5.71
170,2,2022,6.39
170,2,2023,6.63
171,1,1990,8.77
171,1,1991,8.75
171,1,1992,8.64
171,1,1993,8.5
171,1,1994,8.26
171,1,1995,8.09
171,1,1996,7.96
171,1,1997,7.83
171,1,1998,7.87
171,1,1999,7.92
171,1,2000,8.01
171,1,2001,8.04
171,1,2002,8.21
171,1,2003,8.15
171,1,2004,8.14
171,1,2005,8.18
171,1,2006,8.24
171,1,2007,8.21
171,1,2008,8.23
171,1,2009,8.22
171,1,2010,8.16
171,1,2011,8.05
171,1,2012,7.93
171,1,2013,7.86
171,1,2014,7.82
171,1,2015,7.7
171,1,2016,7.63
171,1,2017,7.61
171,1,2018,7.66
171,1,2019,7.71
171,1,2020,8.58
171,1,2021,8.44
171,1,2022,8.97
171,1,2023,8.81
171,2,1990,7.3
171,2,1991,7.24
171,2,1992,7.07
171,2,1993,6.91
171,2,1994,6.69
171,2,1995,6.56
171,2,1996,6.44
171,2,1997,6.39
171,2,1998,6.45
171,2,1999,6.61
171,2,2000,6.7
171,2,2001,6.71
171,2,2002,6.85
171,2,2003,6.82
171,2,2004,6.81
171,2,2005,6.85
171,2,2006,6.91
171,2,2007,6.91
171,2,2008,6.91
171,2,2009,6.93
171,2,2010,6.94
171,2,2011,6.94
171,2,2012,6.94
171,2,2013,6.96
171,2,2014,7
171,2,2015,6.96
171,2,2016,6.97
171,2,2017,7.06
171,2,2018,7.25
171,2,2019,7.42
171,2,2020,7.6
171,2,2021,7.59
171,2,2022,8.74
171,2,2023,8.9
172,1,1990,12.05
172,1,1991,12.03
172,1,1992,11.93
172,1,1993,11.89
172,1,1994,11.59
172,1,1995,11.53
172,1,1996,11.56
172,1,1997,11.81
172,1,1998,11.88
172,1,1999,12.08
172,1,2000,12.33
172,1,2001,12.42
172,1,2002,12.46
172,1,2003,12.17
172,1,2004,12.16
172,1,2005,12.41
172,1,2006,12.15
172,1,2007,11.91
172,1,2008,11.86
172,1,2009,12.2
172,1,2010,12.34
172,1,2011,11.82
172,1,2012,11.09
172,1,2013,10.75
172,1,2014,10.55
172,1,2015,10.17
172,1,2016,10.07
172,1,2017,10.08
172,1,2018,10.04
172,1,2019,9.93
172,1,2020,10.26
172,1,2021,10.76
172,1,2022,11.54
172,1,2023,11.86
172,2,1990,8.84
172,2,1991,8.75
172,2,1992,8.6
172,2,1993,8.38
172,2,1994,7.93
172,2,1995,7.85
172,2,1996,7.63
172,2,1997,7.68
172,2,1998,7.54
172,2,1999,7.53
172,2,2000,7.51
172,2,2001,7.33
172,2,2002,7.05
172,2,2003,6.7
172,2,2004,6.51
172,2,2005,6.54
172,2,2006,6.43
172,2,2007,6.36
172,2,2008,6.4
172,2,2009,6.48
172,2,2010,6.17
172,2,2011,5.97
172,2,2012,6.19
172,2,2013,6.18
172,2,2014,6.29
172,2,2015,5.97
172,2,2016,5.82
172,2,2017,6.16
172,2,2018,6.2
172,2,2019,6.07
172,2,2020,5.88
172,2,2021,6.37
172,2,2022,7.06
172,2,2023,7.47
173,1,1990,7.7
173,1,1991,7.83
173,1,1992,7.73
173,1,1993,7.45
173,1,1994,7.36
173,1,1995,7.38
173,1,1996,7.25
173,1,1997,7.32
173,1,1998,7.29
173,1,1999,7.09
173,1,2000,7.1
173,1,2001,7.09
173,1,2002,7.25
173,1,2003,7.19
173,1,2004,7.21
173,1,2005,7.37
173,1,2006,7.38
173,1,2007,7.37
173,1,2008,7.22
173,1,2009,7.08
173,1,2010,6.92
173,1,2011,6.79
173,1,2012,6.71
173,1,2013,6.77
173,1,2014,6.85
173,1,2015,6.94
173,1,2016,6.91
173,1,2017,6.91
173,1,2018,6.9
173,1,2019,6.91
173,1,2020,6.96
173,1,2021,6.98
173,1,2022,7.61
173,1,2023,7.81
173,2,1990,6.98
173,2,1991,7.04
173,2,1992,6.96
173,2,1993,6.5
173,2,1994,6.36
173,2,1995,6.4
173,2,1996,6.13
173,2,1997,6.11
173,2,1998,5.97
173,2,1999,5.65
173,2,2000,5.63
173,2,2001,5.62
173,2,2002,5.72
173,2,2003,5.63
173,2,2004,5.63
173,2,2005,5.82
173,2,2006,5.89
173,2,2007,5.87
173,2,2008,5.78
173,2,2009,5.74
173,2,2010,5.59
173,2,2011,5.5
173,2,2012,5.64
173,2,2013,5.93
173,2,2014,6.03
173,2,2015,6.04
173,2,2016,5.9
173,2,2017,5.78
173,2,2018,5.66
173,2,2019,5.63
173,2,2020,5.64
173,2,2021,5.69
173,2,2022,6.27
173,2,2023,6.49
175,1,1990,8.94
175,1,1991,8.8
175,1,1992,8.68
175,1,1993,8.61
175,1,1994,8.46
175,1,1995,8.3
175,1,1996,8.24
175,1,1997,8.18
175,1,1998,8.05
175,1,1999,8
175,1,2000,8.01
175,1,2001,8.02
175,1,2002,8.02
175,1,2003,8.01
175,1,2004,8.16
175,1,2005,8.35
175,1,2006,8.53
175,1,2007,8.79
175,1,2008,9.09
175,1,2009,9.19
175,1,2010,9.25
175,1,2011,9.29
175,1,2012,9.33
175,1,2013,9.33
175,1,2014,9.44
175,1,2015,9.57
175,1,2016,9.6
175,1,2017,9.66
175,1,2018,9.63
175,1,2019,9.68
175,1,2020,9.99
175,1,2021,11.34
175,1,2022,10.31
175,1,2023,10.52
175,2,1990,7.38
175,2,1991,7.04
175,2,1992,6.77
175,2,1993,6.59
175,2,1994,6.35
175,2,1995,6.16
175,2,1996,6.02
175,2,1997,5.9
175,2,1998,5.7
175,2,1999,5.55
175,2,2000,5.47
175,2,2001,5.34
175,2,2002,5.23
175,2,2003,5.09
175,2,2004,5.13
175,2,2005,5.22
175,2,2006,5.32
175,2,2007,5.5
175,2,2008,5.72
175,2,2009,5.79
175,2,2010,5.87
175,2,2011,6.04
175,2,2012,6.21
175,2,2013,6.26
175,2,2014,6.36
175,2,2015,6.5
175,2,2016,6.59
175,2,2017,6.73
175,2,2018,6.78
175,2,2019,6.92
175,2,2020,6.86
175,2,2021,7.54
175,2,2022,7.69
175,2,2023,8.05
176,1,1990,5.07
176,1,1991,5.06
176,1,1992,5.01
176,1,1993,4.93
176,1,1994,4.84
176,1,1995,4.69
176,1,1996,4.76
176,1,1997,4.47
176,1,1998,4.51
176,1,1999,4.39
176,1,2000,4.55
176,1,2001,4.45
176,1,2002,4.58
176,1,2003,4.48
176,1,2004,4.18
176,1,2005,4.32
176,1,2006,4.03
176,1,2007,4.28
176,1,2008,4.16
176,1,2009,4.05
176,1,2010,3.88
176,1,2011,3.92
176,1,2012,3.78
176,1,2013,3.74
176,1,2014,3.9
176,1,2015,3.84
176,1,2016,3.82
176,1,2017,3.78
176,1,2018,3.66
176,1,2019,3.72
176,1,2020,4.23
176,1,2021,5.24
176,1,2022,4
176,1,2023,3.97
176,2,1990,4.3
176,2,1991,4.28
176,2,1992,4.24
176,2,1993,4.18
176,2,1994,4.09
176,2,1995,3.94
176,2,1996,3.93
176,2,1997,3.77
176,2,1998,3.8
176,2,1999,3.65
176,2,2000,3.81
176,2,2001,3.68
176,2,2002,3.81
176,2,2003,3.71
176,2,2004,3.43
176,2,2005,3.58
176,2,2006,3.3
176,2,2007,3.59
176,2,2008,3.49
176,2,2009,3.25
176,2,2010,3.14
176,2,2011,3.12
176,2,2012,3
176,2,2013,2.94
176,2,2014,3.08
176,2,2015,2.99
176,2,2016,2.93
176,2,2017,2.85
176,2,2018,2.71
176,2,2019,2.72
176,2,2020,2.67
176,2,2021,2.74
176,2,2022,2.63
176,2,2023,2.78
177,1,1990,11.41
177,1,1991,10.82
177,1,1992,10.6
177,1,1993,11.54
177,1,1994,10.25
177,1,1995,10.45
177,1,1996,10.12
177,1,1997,9.65
177,1,1998,9.52
177,1,1999,9.22
177,1,2000,9.04
177,1,2001,8.9
177,1,2002,8.81
177,1,2003,8.38
177,1,2004,8.61
177,1,2005,8.51
177,1,2006,8.53
177,1,2007,8.57
177,1,2008,8.64
177,1,2009,8.56
177,1,2010,8.61
177,1,2011,8.61
177,1,2012,8.64
177,1,2013,8.66
177,1,2014,8.53
177,1,2015,8.78
177,1,2016,8.83
177,1,2017,8.96
177,1,2018,8.71
177,1,2019,8.91
177,1,2020,8.91
177,1,2021,9.76
177,1,2022,9.13
177,1,2023,9.47
177,2,1990,9.91
177,2,1991,9.29
177,2,1992,9.18
177,2,1993,10.32
177,2,1994,8.84
177,2,1995,9.05
177,2,1996,8.57
177,2,1997,7.95
177,2,1998,7.7
177,2,1999,7.25
177,2,2000,6.94
177,2,2001,6.67
177,2,2002,6.46
177,2,2003,6.01
177,2,2004,6.17
177,2,2005,6.05
177,2,2006,6.02
177,2,2007,6.14
177,2,2008,6.23
177,2,2009,6.14
177,2,2010,6.24
177,2,2011,6.27
177,2,2012,6.36
177,2,2013,6.42
177,2,2014,6.29
177,2,2015,6.51
177,2,2016,6.51
177,2,2017,6.76
177,2,2018,6.63
177,2,2019,6.74
177,2,2020,6.36
177,2,2021,6.48
177,2,2022,6.85
177,2,2023,7.15
178,1,1990,9.06
178,1,1991,8.85
178,1,1992,8.75
178,1,1993,8.58
178,1,1994,8.29
178,1,1995,7.94
178,1,1996,7.87
178,1,1997,7.81
178,1,1998,7.75
178,1,1999,7.76
178,1,2000,7.74
178,1,2001,7.62
178,1,2002,7.74
178,1,2003,7.64
178,1,2004,7.6
178,1,2005,7.52
178,1,2006,7.48
178,1,2007,7.44
178,1,2008,7.44
178,1,2009,7.43
178,1,2010,7.36
178,1,2011,7.34
178,1,2012,7.39
178,1,2013,7.42
178,1,2014,7.46
178,1,2015,7.55
178,1,2016,7.64
178,1,2017,7.69
178,1,2018,7.76
178,1,2019,7.84
178,1,2020,8.12
178,1,2021,8.07
178,1,2022,9.69
178,1,2023,9
178,2,1990,10.25
178,2,1991,10.1
178,2,1992,10.04
178,2,1993,9.82
178,2,1994,9.53
178,2,1995,9.37
178,2,1996,9.18
178,2,1997,9.05
178,2,1998,8.89
178,2,1999,8.8
178,2,2000,8.75
178,2,2001,8.56
178,2,2002,8.68
178,2,2003,8.53
178,2,2004,8.5
178,2,2005,8.44
178,2,2006,8.5
178,2,2007,8.6
178,2,2008,8.71
178,2,2009,8.78
178,2,2010,8.79
178,2,2011,8.89
178,2,2012,9.03
178,2,2013,9.1
178,2,2014,9.09
178,2,2015,9.24
178,2,2016,9.28
178,2,2017,9.41
178,2,2018,9.58
178,2,2019,9.66
178,2,2020,9.6
178,2,2021,9.23
178,2,2022,10.54
178,2,2023,10.66
179,1,1990,8.65
179,1,1991,8.76
179,1,1992,8.88
179,1,1993,9.01
179,1,1994,9.09
179,1,1995,9.14
179,1,1996,9.26
179,1,1997,9.3
179,1,1998,9.29
179,1,1999,9.26
179,1,2000,9.23
179,1,2001,9.25
179,1,2002,9.25
179,1,2003,9.17
179,1,2004,9.16
179,1,2005,9.3
179,1,2006,9.51
179,1,2007,9.75
179,1,2008,10.04
179,1,2009,10.21
179,1,2010,10.39
179,1,2011,10.55
179,1,2012,10.63
179,1,2013,10.56
179,1,2014,10.56
179,1,2015,10.78
179,1,2016,10.83
179,1,2017,10.94
179,1,2018,11.11
179,1,2019,11.28
179,1,2020,11.33
179,1,2021,12.46
179,1,2022,12.51
179,1,2023,12.99
179,2,1990,10.7
179,2,1991,10.7
179,2,1992,10.7
179,2,1993,10.71
179,2,1994,10.65
179,2,1995,10.61
179,2,1996,10.64
179,2,1997,10.63
179,2,1998,10.58
179,2,1999,10.48
179,2,2000,10.44
179,2,2001,10.38
179,2,2002,10.35
179,2,2003,10.28
179,2,2004,10.3
179,2,2005,10.56
179,2,2006,10.99
179,2,2007,11.46
179,2,2008,11.87
179,2,2009,11.99
179,2,2010,12.13
179,2,2011,12.17
179,2,2012,12.02
179,2,2013,12.11
179,2,2014,12.15
179,2,2015,12.21
179,2,2016,12.29
179,2,2017,12.36
179,2,2018,12.54
179,2,2019,12.75
179,2,2020,12.34
179,2,2021,12.56
179,2,2022,14.95
179,2,2023,15.52
180,1,1990,13.68
180,1,1991,13.45
180,1,1992,13.3
180,1,1993,13.24
180,1,1994,13.23
180,1,1995,13.22
180,1,1996,13.2
180,1,1997,13.14
180,1,1998,13.03
180,1,1999,12.96
180,1,2000,12.94
180,1,2001,12.89
180,1,2002,12.96
180,1,2003,12.81
180,1,2004,12.99
180,1,2005,12.86
180,1,2006,12.49
180,1,2007,12.12
180,1,2008,11.94
180,1,2009,11.76
180,1,2010,11.61
180,1,2011,11.39
180,1,2012,11.14
180,1,2013,10.89
180,1,2014,10.5
180,1,2015,10.54
180,1,2016,10.48
180,1,2017,10.47
180,1,2018,10.44
180,1,2019,10.38
180,1,2020,11.86
180,1,2021,13.48
180,1,2022,10.71
180,1,2023,10.62
180,2,1990,14.72
180,2,1991,14.12
180,2,1992,13.63
180,2,1993,13.25
180,2,1994,12.93
180,2,1995,12.69
180,2,1996,12.55
180,2,1997,12.47
180,2,1998,12.46
180,2,1999,12.42
180,2,2000,12.56
180,2,2001,12.57
180,2,2002,12.65
180,2,2003,12.14
180,2,2004,12.08
180,2,2005,11.78
180,2,2006,11.52
180,2,2007,11.08
180,2,2008,10.82
180,2,2009,10.56
180,2,2010,10.48
180,2,2011,10.24
180,2,2012,9.94
180,2,2013,9.47
180,2,2014,8.82
180,2,2015,8.95
180,2,2016,8.93
180,2,2017,8.99
180,2,2018,8.98
180,2,2019,8.93
180,2,2020,8.64
180,2,2021,9.37
180,2,2022,9.33
180,2,2023,9.25
181,1,1990,18.7
181,1,1991,18.69
181,1,1992,18.7
181,1,1993,18.14
181,1,1994,18.16
181,1,1995,17.58
181,1,1996,17.08
181,1,1997,16.68
181,1,1998,16.07
181,1,1999,15.82
181,1,2000,15.54
181,1,2001,15.2
181,1,2002,14.77
181,1,2003,14.21
181,1,2004,13.92
181,1,2005,13.63
181,1,2006,13.63
181,1,2007,13.76
181,1,2008,13.98
181,1,2009,13.98
181,1,2010,13.99
181,1,2011,13.94
181,1,2012,13.89
181,1,2013,13.74
181,1,2014,13.58
181,1,2015,13.55
181,1,2016,13.56
181,1,2017,13.53
181,1,2018,13.59
181,1,2019,13.51
181,1,2020,13.68
181,1,2021,15
181,1,2022,15.5
181,1,2023,15.15
181,2,1990,14.97
181,2,1991,14.98
181,2,1992,14.9
181,2,1993,14.52
181,2,1994,14.42
181,2,1995,13.8
181,2,1996,13.3
181,2,1997,12.67
181,2,1998,12.17
181,2,1999,11.98
181,2,2000,11.58
181,2,2001,11.24
181,2,2002,10.78
181,2,2003,10.34
181,2,2004,9.99
181,2,2005,9.79
181,2,2006,9.73
181,2,2007,9.78
181,2,2008,9.82
181,2,2009,9.75
181,2,2010,9.69
181,2,2011,9.62
181,2,2012,9.53
181,2,2013,9.4
181,2,2014,9.19
181,2,2015,9.12
181,2,2016,9.09
181,2,2017,9.09
181,2,2018,9.22
181,2,2019,9.24
181,2,2020,8.57
181,2,2021,9.02
181,2,2022,10.85
181,2,2023,11.18
182,1,1990,7.76
182,1,1991,7.6
182,1,1992,7.46
182,1,1993,7.4
182,1,1994,7.26
182,1,1995,7.27
182,1,1996,7.22
182,1,1997,7.19
182,1,1998,7.14
182,1,1999,7.08
182,1,2000,7.28
182,1,2001,7.3
182,1,2002,7.46
182,1,2003,7.37
182,1,2004,7.49
182,1,2005,7.35
182,1,2006,6.94
182,1,2007,6.52
182,1,2008,6.26
182,1,2009,6.18
182,1,2010,6.4
182,1,2011,6.43
182,1,2012,6.38
182,1,2013,6.26
182,1,2014,6.21
182,1,2015,6.24
182,1,2016,6.24
182,1,2017,6.31
182,1,2018,6.32
182,1,2019,6.33
182,1,2020,6.49
182,1,2021,10.31
182,1,2022,7.25
182,1,2023,7.03
182,2,1990,5.07
182,2,1991,4.69
182,2,1992,4.4
182,2,1993,4.19
182,2,1994,3.97
182,2,1995,3.91
182,2,1996,3.84
182,2,1997,3.76
182,2,1998,3.7
182,2,1999,3.6
182,2,2000,3.65
182,2,2001,3.62
182,2,2002,3.64
182,2,2003,3.54
182,2,2004,3.57
182,2,2005,3.48
182,2,2006,3.23
182,2,2007,3.05
182,2,2008,2.99
182,2,2009,3
182,2,2010,3.18
182,2,2011,3.26
182,2,2012,3.29
182,2,2013,3.24
182,2,2014,3.22
182,2,2015,3.22
182,2,2016,3.21
182,2,2017,3.26
182,2,2018,3.3
182,2,2019,3.32
182,2,2020,3.21
182,2,2021,3.81
182,2,2022,3.79
182,2,2023,3.84
183,1,1990,20.08
183,1,1991,19.82
183,1,1992,23.39
183,1,1993,24.19
183,1,1994,22.94
183,1,1995,21.18
183,1,1996,22.2
183,1,1997,20
183,1,1998,18.31
183,1,1999,17.59
183,1,2000,18.73
183,1,2001,19.37
183,1,2002,17.51
183,1,2003,17.63
183,1,2004,17.97
183,1,2005,17.96
183,1,2006,18.84
183,1,2007,17.89
183,1,2008,17.74
183,1,2009,16.18
183,1,2010,15.58
183,1,2011,15.27
183,1,2012,14.94
183,1,2013,13.79
183,1,2014,13.5
183,1,2015,13.29
183,1,2016,12.97
183,1,2017,13.59
183,1,2018,13.67
183,1,2019,13.04
183,1,2020,11.91
183,1,2021,11.7
183,1,2022,12.06
183,1,2023,12.82
183,2,1990,11.65
183,2,1991,12.21
183,2,1992,12
183,2,1993,10.99
183,2,1994,12.11
183,2,1995,12
183,2,1996,9.45
183,2,1997,9.38
183,2,1998,9.23
183,2,1999,8.37
183,2,2000,9.21
183,2,2001,9.37
183,2,2002,9.37
183,2,2003,8.96
183,2,2004,9.37
183,2,2005,8.7
183,2,2006,8.56
183,2,2007,7.72
183,2,2008,7.39
183,2,2009,7.08
183,2,2010,6.81
183,2,2011,6.54
183,2,2012,6.25
183,2,2013,6.3
183,2,2014,6.04
183,2,2015,6.19
183,2,2016,6.2
183,2,2017,6.18
183,2,2018,5.96
183,2,2019,5.75
183,2,2020,5.73
183,2,2021,5.33
183,2,2022,5.49
183,2,2023,5.35
184,1,1990,6.11
184,1,1991,6.11
184,1,1992,6.12
184,1,1993,6.1
184,1,1994,6.08
184,1,1995,6.11
184,1,1996,6.14
184,1,1997,6.16
184,1,1998,6.2
184,1,1999,6.24
184,1,2000,6.36
184,1,2001,6.32
184,1,2002,6.56
184,1,2003,6.54
184,1,2004,6.61
184,1,2005,6.65
184,1,2006,6.57
184,1,2007,6.34
184,1,2008,6.2
184,1,2009,5.92
184,1,2010,5.7
184,1,2011,5.62
184,1,2012,5.63
184,1,2013,5.57
184,1,2014,5.35
184,1,2015,5.27
184,1,2016,5.18
184,1,2017,5.18
184,1,2018,5.25
184,1,2019,5.43
184,1,2020,5.5
184,1,2021,6.26
184,1,2022,5.74
184,1,2023,5.65
184,2,1990,3.56
184,2,1991,3.44
184,2,1992,3.4
184,2,1993,3.35
184,2,1994,3.3
184,2,1995,3.26
184,2,1996,3.22
184,2,1997,3.21
184,2,1998,3.21
184,2,1999,3.22
184,2,2000,3.24
184,2,2001,3.18
184,2,2002,3.26
184,2,2003,3.23
184,2,2004,3.26
184,2,2005,3.26
184,2,2006,3.25
184,2,2007,3.17
184,2,2008,3.18
184,2,2009,3.06
184,2,2010,2.95
184,2,2011,2.87
184,2,2012,2.82
184,2,2013,2.77
184,2,2014,2.65
184,2,2015,2.63
184,2,2016,2.56
184,2,2017,2.54
184,2,2018,2.54
184,2,2019,2.58
184,2,2020,2.55
184,2,2021,2.44
184,2,2022,2.67
184,2,2023,2.67
185,1,1990,13.94
185,1,1991,14.04
185,1,1992,14.07
185,1,1993,14.01
185,1,1994,15.87
185,1,1995,13.8
185,1,1996,13.52
185,1,1997,13.04
185,1,1998,12.62
185,1,1999,12.37
185,1,2000,12.17
185,1,2001,11.89
185,1,2002,11.93
185,1,2003,11.96
185,1,2004,12.33
185,1,2005,12.44
185,1,2006,12.64
185,1,2007,12.53
185,1,2008,12.38
185,1,2009,12.25
185,1,2010,12.08
185,1,2011,12.02
185,1,2012,12.02
185,1,2013,12.12
185,1,2014,12.08
185,1,2015,12.08
185,1,2016,11.95
185,1,2017,11.96
185,1,2018,12.03
185,1,2019,12.2
185,1,2020,12.28
185,1,2021,13.32
185,1,2022,13.65
185,1,2023,14.03
185,2,1990,11
185,2,1991,11.05
185,2,1992,11.14
185,2,1993,11.08
185,2,1994,12.91
185,2,1995,10.42
185,2,1996,9.88
185,2,1997,9.29
185,2,1998,8.62
185,2,1999,8.03
185,2,2000,7.5
185,2,2001,6.99
185,2,2002,6.71
185,2,2003,6.46
185,2,2004,6.46
185,2,2005,6.62
185,2,2006,6.88
185,2,2007,6.87
185,2,2008,6.74
185,2,2009,6.66
185,2,2010,6.51
185,2,2011,6.47
185,2,2012,6.44
185,2,2013,6.52
185,2,2014,6.45
185,2,2015,6.37
185,2,2016,6.24
185,2,2017,6.25
185,2,2018,6.33
185,2,2019,6.47
185,2,2020,6.45
185,2,2021,6.57
185,2,2022,7.56
185,2,2023,7.89
186,1,1990,14.93
186,1,1991,15.62
186,1,1992,16.07
186,1,1993,16.31
186,1,1994,16.05
186,1,1995,15.95
186,1,1996,15.88
186,1,1997,15.83
186,1,1998,15.68
186,1,1999,15.43
186,1,2000,15.25
186,1,2001,14.9
186,1,2002,14.51
186,1,2003,14.25
186,1,2004,14.17
186,1,2005,14.12
186,1,2006,13.96
186,1,2007,13.93
186,1,2008,13.8
186,1,2009,13.57
186,1,2010,13.25
186,1,2011,12.89
186,1,2012,12.72
186,1,2013,12.47
186,1,2014,12.13
186,1,2015,11.66
186,1,2016,11.22
186,1,2017,10.71
186,1,2018,10.11
186,1,2019,9.81
186,1,2020,9.62
186,1,2021,10.1
186,1,2022,9.39
186,1,2023,10.77
186,2,1990,5.68
186,2,1991,5.74
186,2,1992,5.76
186,2,1993,5.75
186,2,1994,5.7
186,2,1995,5.64
186,2,1996,5.61
186,2,1997,5.58
186,2,1998,5.56
186,2,1999,5.53
186,2,2000,5.49
186,2,2001,5.44
186,2,2002,5.41
186,2,2003,5.35
186,2,2004,5.29
186,2,2005,5.14
186,2,2006,4.98
186,2,2007,4.88
186,2,2008,4.75
186,2,2009,4.64
186,2,2010,4.49
186,2,2011,4.32
186,2,2012,4.17
186,2,2013,4.04
186,2,2014,3.89
186,2,2015,3.75
186,2,2016,3.71
186,2,2017,3.56
186,2,2018,3.46
186,2,2019,3.47
186,2,2020,3.3
186,2,2021,3.65
186,2,2022,3.54
186,2,2023,3.7
187,1,1990,5.56
187,1,1991,5.59
187,1,1992,5.69
187,1,1993,5.59
187,1,1994,5.63
187,1,1995,5.46
187,1,1996,5.4
187,1,1997,5.36
187,1,1998,5.33
187,1,1999,5.3
187,1,2000,5.4
187,1,2001,5.39
187,1,2002,5.43
187,1,2003,5.4
187,1,2004,5.46
187,1,2005,5.5
187,1,2006,5.4
187,1,2007,5.36
187,1,2008,5.26
187,1,2009,5.23
187,1,2010,5.15
187,1,2011,5.09
187,1,2012,5.06
187,1,2013,5.06
187,1,2014,5.09
187,1,2015,5.13
187,1,2016,5.19
187,1,2017,5.21
187,1,2018,5.22
187,1,2019,5.29
187,1,2020,5.66
187,1,2021,7.62
187,1,2022,5.77
187,1,2023,5.78
187,2,1990,4.51
187,2,1991,4.49
187,2,1992,4.61
187,2,1993,4.46
187,2,1994,4.52
187,2,1995,4.37
187,2,1996,4.33
187,2,1997,4.32
187,2,1998,4.31
187,2,1999,4.3
187,2,2000,4.4
187,2,2001,4.41
187,2,2002,4.45
187,2,2003,4.42
187,2,2004,4.47
187,2,2005,4.5
187,2,2006,4.41
187,2,2007,4.38
187,2,2008,4.29
187,2,2009,4.28
187,2,2010,4.23
187,2,2011,4.21
187,2,2012,4.19
187,2,2013,4.18
187,2,2014,4.21
187,2,2015,4.24
187,2,2016,4.29
187,2,2017,4.33
187,2,2018,4.37
187,2,2019,4.45
187,2,2020,4.03
187,2,2021,4.53
187,2,2022,4.63
187,2,2023,4.73
189,1,1990,3.85
189,1,1991,3.86
189,1,1992,3.9
189,1,1993,3.88
189,1,1994,3.87
189,1,1995,3.84
189,1,1996,3.82
189,1,1997,3.79
189,1,1998,3.71
189,1,1999,3.6
189,1,2000,3.56
189,1,2001,3.52
189,1,2002,3.55
189,1,2003,3.57
189,1,2004,3.59
189,1,2005,3.56
189,1,2006,3.55
189,1,2007,3.57
189,1,2008,3.57
189,1,2009,3.57
189,1,2010,3.54
189,1,2011,3.56
189,1,2012,3.61
189,1,2013,3.6
189,1,2014,3.54
189,1,2015,3.51
189,1,2016,3.48
189,1,2017,3.45
189,1,2018,3.36
189,1,2019,3.26
189,1,2020,3.29
189,1,2021,3.61
189,1,2022,3.11
189,1,2023,3.15
189,2,1990,1.86
189,2,1991,1.83
189,2,1992,1.83
189,2,1993,1.79
189,2,1994,1.77
189,2,1995,1.75
189,2,1996,1.73
189,2,1997,1.74
189,2,1998,1.72
189,2,1999,1.68
189,2,2000,1.66
189,2,2001,1.64
189,2,2002,1.66
189,2,2003,1.67
189,2,2004,1.68
189,2,2005,1.68
189,2,2006,1.69
189,2,2007,1.72
189,2,2008,1.73
189,2,2009,1.71
189,2,2010,1.7
189,2,2011,1.68
189,2,2012,1.68
189,2,2013,1.67
189,2,2014,1.62
189,2,2015,1.56
189,2,2016,1.5
189,2,2017,1.45
189,2,2018,1.4
189,2,2019,1.34
189,2,2020,1.32
189,2,2021,1.47
189,2,2022,1.24
189,2,2023,1.26
190,1,1990,11.74
190,1,1991,12.24
190,1,1992,12.29
190,1,1993,12.39
190,1,1994,12.43
190,1,1995,12.24
190,1,1996,11.97
190,1,1997,11.7
190,1,1998,11.54
190,1,1999,11.3
190,1,2000,11.23
190,1,2001,10.83
190,1,2002,10.74
190,1,2003,10.34
190,1,2004,10.07
190,1,2005,9.83
190,1,2006,9.8
190,1,2007,9.76
190,1,2008,9.71
190,1,2009,9.61
190,1,2010,9.34
190,1,2011,9.15
190,1,2012,9.07
190,1,2013,8.99
190,1,2014,8.93
190,1,2015,8.9
190,1,2016,8.74
190,1,2017,8.62
190,1,2018,8.48
190,1,2019,8.35
190,1,2020,8.32
190,1,2021,9.85
190,1,2022,8.86
190,1,2023,8.96
190,2,1990,6.34
190,2,1991,6.59
190,2,1992,6.58
190,2,1993,6.62
190,2,1994,6.64
190,2,1995,6.52
190,2,1996,6.39
190,2,1997,6.27
190,2,1998,6.15
190,2,1999,5.98
190,2,2000,5.94
190,2,2001,5.78
190,2,2002,5.68
190,2,2003,5.42
190,2,2004,5.26
190,2,2005,5.12
190,2,2006,5.06
190,2,2007,4.92
190,2,2008,4.82
190,2,2009,4.74
190,2,2010,4.55
190,2,2011,4.45
190,2,2012,4.52
190,2,2013,4.62
190,2,2014,4.56
190,2,2015,4.56
190,2,2016,4.46
190,2,2017,4.46
190,2,2018,4.48
190,2,2019,4.48
190,2,2020,4.39
190,2,2021,4.75
190,2,2022,4.87
190,2,2023,4.96
191,1,1990,7.02
191,1,1991,7.04
191,1,1992,7.11
191,1,1993,7.17
191,1,1994,7.26
191,1,1995,7.36
191,1,1996,7.44
191,1,1997,7.46
191,1,1998,7.45
191,1,1999,7.44
191,1,2000,7.43
191,1,2001,7.6
191,1,2002,7.45
191,1,2003,7.19
191,1,2004,6.98
191,1,2005,6.92
191,1,2006,6.92
191,1,2007,6.72
191,1,2008,6.68
191,1,2009,6.7
191,1,2010,6.69
191,1,2011,6.73
191,1,2012,6.69
191,1,2013,6.6
191,1,2014,6.55
191,1,2015,6.6
191,1,2016,6.61
191,1,2017,6.58
191,1,2018,6.48
191,1,2019,6.43
191,1,2020,6.82
191,1,2021,8.31
191,1,2022,6.6
191,1,2023,6.58
191,2,1990,6.21
191,2,1991,5.98
191,2,1992,5.77
191,2,1993,5.59
191,2,1994,5.44
191,2,1995,5.35
191,2,1996,5.31
191,2,1997,5.29
191,2,1998,5.28
191,2,1999,5.29
191,2,2000,5.31
191,2,2001,5.52
191,2,2002,5.4
191,2,2003,5.24
191,2,2004,5.16
191,2,2005,5.2
191,2,2006,5.25
191,2,2007,5.21
191,2,2008,5.35
191,2,2009,5.43
191,2,2010,5.39
191,2,2011,5.35
191,2,2012,5.22
191,2,2013,5.06
191,2,2014,4.92
191,2,2015,4.87
191,2,2016,4.83
191,2,2017,4.81
191,2,2018,4.71
191,2,2019,4.7
191,2,2020,4.7
191,2,2021,5.06
191,2,2022,5.17
191,2,2023,5.29
193,1,1990,3.29
193,1,1991,3.25
193,1,1992,3.24
193,1,1993,3.24
193,1,1994,3.35
193,1,1995,3.53
193,1,1996,3.75
193,1,1997,4.08
193,1,1998,4.44
193,1,1999,4.71
193,1,2000,4.92
193,1,2001,5.02
193,1,2002,4.73
193,1,2003,4.12
193,1,2004,3.52
193,1,2005,3.2
193,1,2006,3.23
193,1,2007,2.93
193,1,2008,2.84
193,1,2009,2.75
193,1,2010,2.69
193,1,2011,2.69
193,1,2012,2.71
193,1,2013,2.74
193,1,2014,2.76
193,1,2015,2.84
193,1,2016,2.95
193,1,2017,2.98
193,1,2018,3.06
193,1,2019,3.15
193,1,2020,3.2
193,1,2021,3.46
193,1,2022,3.46
193,1,2023,3.57
193,2,1990,1.39
193,2,1991,1.26
193,2,1992,1.15
193,2,1993,1.05
193,2,1994,1.01
193,2,1995,1
193,2,1996,1.02
193,2,1997,1.08
193,2,1998,1.19
193,2,1999,1.33
193,2,2000,1.49
193,2,2001,1.6
193,2,2002,1.55
193,2,2003,1.33
193,2,2004,1.11
193,2,2005,1.01
193,2,2006,1.14
193,2,2007,0.94
193,2,2008,0.91
193,2,2009,0.9
193,2,2010,0.87
193,2,2011,0.84
193,2,2012,0.83
193,2,2013,0.82
193,2,2014,0.81
193,2,2015,0.83
193,2,2016,0.85
193,2,2017,0.87
193,2,2018,0.89
193,2,2019,0.9
193,2,2020,0.92
193,2,2021,1.08
193,2,2022,1.02
193,2,2023,1.02
194,1,1990,11.24
194,1,1991,10.95
194,1,1992,10.6
194,1,1993,10.34
194,1,1994,10.06
194,1,1995,9.98
194,1,1996,10.1
194,1,1997,10.27
194,1,1998,10.51
194,1,1999,10.88
194,1,2000,11.58
194,1,2001,13.44
194,1,2002,14.81
194,1,2003,14.26
194,1,2004,13.56
194,1,2005,11.77
194,1,2006,9.3
194,1,2007,7.66
194,1,2008,6.96
194,1,2009,6.9
194,1,2010,7.04
194,1,2011,7.14
194,1,2012,7.33
194,1,2013,7.67
194,1,2014,8.21
194,1,2015,8.53
194,1,2016,7.98
194,1,2017,7.39
194,1,2018,7.16
194,1,2019,7.13
194,1,2020,6.79
194,1,2021,7.1
194,1,2022,8.07
194,1,2023,8.42
194,2,1990,8.82
194,2,1991,8.57
194,2,1992,8.25
194,2,1993,7.92
194,2,1994,7.6
194,2,1995,7.33
194,2,1996,7.24
194,2,1997,7.2
194,2,1998,7.03
194,2,1999,6.91
194,2,2000,6.87
194,2,2001,8.1
194,2,2002,9.08
194,2,2003,8.05
194,2,2004,7.22
194,2,2005,6.02
194,2,2006,4.96
194,2,2007,4.4
194,2,2008,4.31
194,2,2009,4.46
194,2,2010,4.53
194,2,2011,4.61
194,2,2012,4.61
194,2,2013,4.61
194,2,2014,4.6
194,2,2015,4.59
194,2,2016,4.54
194,2,2017,4.52
194,2,2018,4.48
194,2,2019,4.43
194,2,2020,4.26
194,2,2021,4.61
194,2,2022,4.96
194,2,2023,4.94
195,1,1990,6.17
195,1,1991,6.15
195,1,1992,6.07
195,1,1993,5.89
195,1,1994,5.67
195,1,1995,5.38
195,1,1996,5.14
195,1,1997,5.01
195,1,1998,4.9
195,1,1999,4.84
195,1,2000,4.81
195,1,2001,4.72
195,1,2002,4.73
195,1,2003,4.6
195,1,2004,4.35
195,1,2005,4.14
195,1,2006,3.93
195,1,2007,3.9
195,1,2008,3.88
195,1,2009,3.85
195,1,2010,3.8
195,1,2011,3.81
195,1,2012,3.83
195,1,2013,3.79
195,1,2014,3.73
195,1,2015,3.72
195,1,2016,3.74
195,1,2017,3.68
195,1,2018,3.6
195,1,2019,3.65
195,1,2020,3.65
195,1,2021,4.5
195,1,2022,3.82
195,1,2023,3.76
195,2,1990,3.62
195,2,1991,3.55
195,2,1992,3.42
195,2,1993,3.18
195,2,1994,2.93
195,2,1995,2.66
195,2,1996,2.46
195,2,1997,2.31
195,2,1998,2.21
195,2,1999,2.17
195,2,2000,2.15
195,2,2001,2.11
195,2,2002,2.15
195,2,2003,2.11
195,2,2004,1.96
195,2,2005,1.85
195,2,2006,1.79
195,2,2007,1.84
195,2,2008,1.92
195,2,2009,1.91
195,2,2010,1.88
195,2,2011,1.86
195,2,2012,1.87
195,2,2013,1.83
195,2,2014,1.73
195,2,2015,1.68
195,2,2016,1.66
195,2,2017,1.65
195,2,2018,1.72
195,2,2019,1.77
195,2,2020,1.73
195,2,2021,1.85
195,2,2022,1.83
195,2,2023,1.83
196,1,1990,12.93
196,1,1991,12.55
196,1,1992,12.41
196,1,1993,12.85
196,1,1994,13.19
196,1,1995,12.79
196,1,1996,13.4
196,1,1997,13.04
196,1,1998,12.97
196,1,1999,12.47
196,1,2000,11.71
196,1,2001,11.23
196,1,2002,10.72
196,1,2003,10.27
196,1,2004,9.5
196,1,2005,9.1
196,1,2006,9.09
196,1,2007,9.08
196,1,2008,9.11
196,1,2009,9.44
196,1,2010,9.64
196,1,2011,9.84
196,1,2012,9.85
196,1,2013,9.86
196,1,2014,9.96
196,1,2015,9.92
196,1,2016,9.71
196,1,2017,9.44
196,1,2018,9.16
196,1,2019,8.55
196,1,2020,8.12
196,1,2021,8.41
196,1,2022,8.32
196,1,2023,8.65
196,2,1990,5.46
196,2,1991,5.43
196,2,1992,5.27
196,2,1993,5.57
196,2,1994,5.65
196,2,1995,5.77
196,2,1996,6.08
196,2,1997,5.78
196,2,1998,5.79
196,2,1999,5.51
196,2,2000,5.23
196,2,2001,5.04
196,2,2002,4.84
196,2,2003,4.61
196,2,2004,4.27
196,2,2005,4.25
196,2,2006,4.32
196,2,2007,4.38
196,2,2008,4.51
196,2,2009,4.73
196,2,2010,4.87
196,2,2011,4.96
196,2,2012,4.98
196,2,2013,5.03
196,2,2014,5.06
196,2,2015,5.01
196,2,2016,4.88
196,2,2017,4.75
196,2,2018,4.65
196,2,2019,4.31
196,2,2020,3.87
196,2,2021,3.82
196,2,2022,4.04
196,2,2023,4.34
197,1,1990,11.61
197,1,1991,11.69
197,1,1992,11.79
197,1,1993,11.61
197,1,1994,11.14
197,1,1995,10.42
197,1,1996,9.59
197,1,1997,9
197,1,1998,8.4
197,1,1999,8.11
197,1,2000,8.03
197,1,2001,8.26
197,1,2002,8.41
197,1,2003,8.74
197,1,2004,9.08
197,1,2005,8.86
197,1,2006,8.01
197,1,2007,7.25
197,1,2008,6.96
197,1,2009,6.71
197,1,2010,6.24
197,1,2011,5.77
197,1,2012,5.4
197,1,2013,4.99
197,1,2014,4.52
197,1,2015,4.14
197,1,2016,3.88
197,1,2017,3.86
197,1,2018,3.98
197,1,2019,4.03
197,1,2020,4.26
197,1,2021,4.56
197,1,2022,4.41
197,1,2023,4.38
197,2,1990,6.21
197,2,1991,6.12
197,2,1992,6.01
197,2,1993,5.67
197,2,1994,5.23
197,2,1995,4.64
197,2,1996,4.06
197,2,1997,3.55
197,2,1998,3.14
197,2,1999,2.87
197,2,2000,2.72
197,2,2001,2.79
197,2,2002,2.82
197,2,2003,3.07
197,2,2004,3.39
197,2,2005,3.58
197,2,2006,3.54
197,2,2007,3.26
197,2,2008,3.04
197,2,2009,2.94
197,2,2010,2.85
197,2,2011,2.75
197,2,2012,2.63
197,2,2013,2.48
197,2,2014,2.31
197,2,2015,2.16
197,2,2016,2.09
197,2,2017,2.08
197,2,2018,2.09
197,2,2019,2.11
197,2,2020,2.29
197,2,2021,2.41
197,2,2022,2.38
197,2,2023,2.31
198,1,1990,9.84
198,1,1991,10
198,1,1992,11.03
198,1,1993,11.47
198,1,1994,12.27
198,1,1995,12.8
198,1,1996,13.51
198,1,1997,14.09
198,1,1998,14.18
198,1,1999,13.99
198,1,2000,13.69
198,1,2001,13.75
198,1,2002,13.73
198,1,2003,13.64
198,1,2004,13.05
198,1,2005,12.07
198,1,2006,11.13
198,1,2007,9.87
198,1,2008,9.56
198,1,2009,9.16
198,1,2010,8.63
198,1,2011,8.63
198,1,2012,8.62
198,1,2013,8.41
198,1,2014,7.97
198,1,2015,7.96
198,1,2016,8.11
198,1,2017,8.01
198,1,2018,7.99
198,1,2019,7.95
198,1,2020,7.97
198,1,2021,10.06
198,1,2022,7.85
198,1,2023,7.76
198,2,1990,4.95
198,2,1991,4.76
198,2,1992,5.07
198,2,1993,5.01
198,2,1994,5.23
198,2,1995,5.3
198,2,1996,5.42
198,2,1997,5.59
198,2,1998,5.65
198,2,1999,5.64
198,2,2000,5.58
198,2,2001,5.73
198,2,2002,5.86
198,2,2003,5.96
198,2,2004,5.88
198,2,2005,5.59
198,2,2006,5.29
198,2,2007,4.86
198,2,2008,4.94
198,2,2009,4.82
198,2,2010,4.64
198,2,2011,4.82
198,2,2012,4.76
198,2,2013,4.56
198,2,2014,4.32
198,2,2015,4.31
198,2,2016,4.29
198,2,2017,4.16
198,2,2018,4.16
198,2,2019,4.13
198,2,2020,4.04
198,2,2021,4.59
198,2,2022,3.96
198,2,2023,3.89
200,1,1990,10.7
200,1,1991,10.71
200,1,1992,10.62
200,1,1993,10.6
200,1,1994,10.46
200,1,1995,10.33
200,1,1996,10.21
200,1,1997,10.04
200,1,1998,9.98
200,1,1999,9.8
200,1,2000,9.83
200,1,2001,9.46
200,1,2002,9.32
200,1,2003,9.11
200,1,2004,8.81
200,1,2005,8.68
200,1,2006,8.72
200,1,2007,8.46
200,1,2008,8.66
200,1,2009,8.74
200,1,2010,8.77
200,1,2011,8.82
200,1,2012,8.69
200,1,2013,8.76
200,1,2014,8.62
200,1,2015,8.48
200,1,2016,8.37
200,1,2017,8.35
200,1,2018,8.25
200,1,2019,8.44
200,1,2020,8.38
200,1,2021,8.19
200,1,2022,8.09
200,1,2023,8.32
200,2,1990,2.53
200,2,1991,2.55
200,2,1992,2.51
200,2,1993,2.51
200,2,1994,2.48
200,2,1995,2.44
200,2,1996,2.41
200,2,1997,2.35
200,2,1998,2.33
200,2,1999,2.28
200,2,2000,2.29
200,2,2001,2.18
200,2,2002,2.13
200,2,2003,2.05
200,2,2004,1.96
200,2,2005,1.93
200,2,2006,1.94
200,2,2007,1.91
200,2,2008,2.03
200,2,2009,2.15
200,2,2010,2.18
200,2,2011,2.21
200,2,2012,2.22
200,2,2013,2.25
200,2,2014,2.21
200,2,2015,2.21
200,2,2016,2.18
200,2,2017,2.18
200,2,2018,2.15
200,2,2019,2.22
200,2,2020,2.17
200,2,2021,2.1
200,2,2022,2.1
200,2,2023,2.19
201,1,1990,12.99
201,1,1991,12.82
201,1,1992,12.62
201,1,1993,12.49
201,1,1994,12.14
201,1,1995,11.88
201,1,1996,11.62
201,1,1997,11.2
201,1,1998,10.97
201,1,1999,10.56
201,1,2000,10.35
201,1,2001,9.99
201,1,2002,9.94
201,1,2003,9.65
201,1,2004,9.61
201,1,2005,9.6
201,1,2006,9.66
201,1,2007,9.3
201,1,2008,9.1
201,1,2009,8.86
201,1,2010,8.64
201,1,2011,8.4
201,1,2012,8.23
201,1,2013,8.3
201,1,2014,8.16
201,1,2015,8.3
201,1,2016,8.33
201,1,2017,8.38
201,1,2018,8.3
201,1,2019,8.28
201,1,2020,7.99
201,1,2021,7.99
201,1,2022,9.17
201,1,2023,9.42
201,2,1990,8.21
201,2,1991,7.7
201,2,1992,7.35
201,2,1993,7.11
201,2,1994,6.81
201,2,1995,6.57
201,2,1996,6.34
201,2,1997,6.06
201,2,1998,5.84
201,2,1999,5.59
201,2,2000,5.49
201,2,2001,5.21
201,2,2002,5.22
201,2,2003,4.97
201,2,2004,4.97
201,2,2005,5.07
201,2,2006,5.26
201,2,2007,5.18
201,2,2008,5.22
201,2,2009,5.21
201,2,2010,5.17
201,2,2011,5.21
201,2,2012,5.25
201,2,2013,5.31
201,2,2014,5.2
201,2,2015,5.37
201,2,2016,5.36
201,2,2017,5.38
201,2,2018,5.29
201,2,2019,5.22
201,2,2020,4.89
201,2,2021,4.75
201,2,2022,5.78
201,2,2023,6.04
202,1,1990,15.14
202,1,1991,14.55
202,1,1992,13.83
202,1,1993,13.24
202,1,1994,12.68
202,1,1995,12.23
202,1,1996,11.87
202,1,1997,11.44
202,1,1998,11.2
202,1,1999,10.94
202,1,2000,10.94
202,1,2001,10.58
202,1,2002,10.57
202,1,2003,10.28
202,1,2004,10.03
202,1,2005,9.88
202,1,2006,9.99
202,1,2007,9.74
202,1,2008,9.91
202,1,2009,10.07
202,1,2010,10.17
202,1,2011,10.15
202,1,2012,10.03
202,1,2013,10.04
202,1,2014,9.93
202,1,2015,9.97
202,1,2016,9.81
202,1,2017,9.68
202,1,2018,9.73
202,1,2019,9.67
202,1,2020,9.71
202,1,2021,9.72
202,1,2022,9.94
202,1,2023,10.24
202,2,1990,10.07
202,2,1991,9.55
202,2,1992,9.01
202,2,1993,8.51
202,2,1994,7.99
202,2,1995,7.53
202,2,1996,7.2
202,2,1997,6.87
202,2,1998,6.65
202,2,1999,6.44
202,2,2000,6.43
202,2,2001,6.1
202,2,2002,6.02
202,2,2003,5.8
202,2,2004,5.67
202,2,2005,5.63
202,2,2006,5.77
202,2,2007,5.67
202,2,2008,5.85
202,2,2009,6
202,2,2010,6.09
202,2,2011,6.12
202,2,2012,6.13
202,2,2013,6.13
202,2,2014,5.93
202,2,2015,5.94
202,2,2016,5.87
202,2,2017,5.86
202,2,2018,5.94
202,2,2019,5.92
202,2,2020,5.95
202,2,2021,5.94
202,2,2022,6.14
202,2,2023,6.32
203,1,1990,38.61
203,1,1991,37.53
203,1,1992,36.38
203,1,1993,35.15
203,1,1994,34.65
203,1,1995,37.17
203,1,1996,30.33
203,1,1997,28.33
203,1,1998,27.23
203,1,1999,26.62
203,1,2000,26.18
203,1,2001,26.24
203,1,2002,26.4
203,1,2003,26.66
203,1,2004,26.85
203,1,2005,27.12
203,1,2006,27.86
203,1,2007,28.63
203,1,2008,28.31
203,1,2009,28.34
203,1,2010,28.35
203,1,2011,27.59
203,1,2012,27.36
203,1,2013,27.89
203,1,2014,28.03
203,1,2015,27.33
203,1,2016,27.21
203,1,2017,26.35
203,1,2018,26.33
203,1,2019,25.66
203,1,2020,24.96
203,1,2021,25.1
203,1,2022,26.59
203,1,2023,26.42
203,2,1990,23.77
203,2,1991,22.41
203,2,1992,20.88
203,2,1993,19.38
203,2,1994,18.41
203,2,1995,20.04
203,2,1996,14.88
203,2,1997,13.44
203,2,1998,12.39
203,2,1999,11.62
203,2,2000,11.08
203,2,2001,10.8
203,2,2002,10.61
203,2,2003,10.51
203,2,2004,10.41
203,2,2005,10.38
203,2,2006,10.4
203,2,2007,10.41
203,2,2008,10.29
203,2,2009,10.23
203,2,2010,10.18
203,2,2011,10.14
203,2,2012,10.27
203,2,2013,10.55
203,2,2014,10.83
203,2,2015,10.87
203,2,2016,11.02
203,2,2017,10.77
203,2,2018,10.97
203,2,2019,10.77
203,2,2020,10.09
203,2,2021,10.07
203,2,2022,11.77
203,2,2023,12.09
204,1,1990,17.32
204,1,1991,16.98
204,1,1992,16.44
204,1,1993,16.19
204,1,1994,15.35
204,1,1995,14.69
204,1,1996,14.33
204,1,1997,13.84
204,1,1998,13.4
204,1,1999,12.97
204,1,2000,12.83
204,1,2001,12.73
204,1,2002,12.67
204,1,2003,12.54
204,1,2004,12.49
204,1,2005,12.49
204,1,2006,12.27
204,1,2007,12.09
204,1,2008,11.93
204,1,2009,11.88
204,1,2010,11.96
204,1,2011,11.98
204,1,2012,11.93
204,1,2013,12.04
204,1,2014,12.04
204,1,2015,11.89
204,1,2016,11.89
204,1,2017,11.83
204,1,2018,11.86
204,1,2019,11.87
204,1,2020,12.51
204,1,2021,11.65
204,1,2022,13.11
204,1,2023,13.4
204,2,1990,10.81
204,2,1991,10.51
204,2,1992,10.09
204,2,1993,9.91
204,2,1994,9.31
204,2,1995,8.8
204,2,1996,8.63
204,2,1997,8.42
204,2,1998,8.12
204,2,1999,7.87
204,2,2000,7.79
204,2,2001,7.71
204,2,2002,7.61
204,2,2003,7.5
204,2,2004,7.44
204,2,2005,7.46
204,2,2006,7.44
204,2,2007,7.46
204,2,2008,7.44
204,2,2009,7.49
204,2,2010,7.58
204,2,2011,7.6
204,2,2012,7.55
204,2,2013,7.61
204,2,2014,7.56
204,2,2015,7.53
204,2,2016,7.54
204,2,2017,7.51
204,2,2018,7.57
204,2,2019,7.59
204,2,2020,7.47
204,2,2021,7.26
204,2,2022,8.33
204,2,2023,8.57
205,1,1990,5.82
205,1,1991,5.7
205,1,1992,5.56
205,1,1993,5.53
205,1,1994,5.48
205,1,1995,5.43
205,1,1996,5.43
205,1,1997,5.39
205,1,1998,5.36
205,1,1999,5.24
205,1,2000,5.22
205,1,2001,4.93
205,1,2002,4.76
205,1,2003,4.45
205,1,2004,4.27
205,1,2005,4.15
205,1,2006,4.1
205,1,2007,3.98
205,1,2008,3.96
205,1,2009,3.88
205,1,2010,3.76
205,1,2011,3.77
205,1,2012,4.03
205,1,2013,4.27
205,1,2014,4.35
205,1,2015,4.42
205,1,2016,4.49
205,1,2017,4.51
205,1,2018,4.52
205,1,2019,4.49
205,1,2020,4.53
205,1,2021,4.5
205,1,2022,5.02
205,1,2023,5.12
205,2,1990,7.55
205,2,1991,7.12
205,2,1992,6.89
205,2,1993,6.81
205,2,1994,6.74
205,2,1995,6.66
205,2,1996,6.65
205,2,1997,6.52
205,2,1998,6.43
205,2,1999,6.23
205,2,2000,6.13
205,2,2001,5.6
205,2,2002,5.33
205,2,2003,4.77
205,2,2004,4.51
205,2,2005,4.33
205,2,2006,4.28
205,2,2007,4.09
205,2,2008,4.06
205,2,2009,3.94
205,2,2010,3.83
205,2,2011,3.83
205,2,2012,3.99
205,2,2013,4.29
205,2,2014,4.41
205,2,2015,4.6
205,2,2016,4.75
205,2,2017,4.79
205,2,2018,4.78
205,2,2019,4.61
205,2,2020,4.56
205,2,2021,4.45
205,2,2022,5.14
205,2,2023,5.36
206,1,1990,3.2
206,1,1991,3.2
206,1,1992,3.28
206,1,1993,3.15
206,1,1994,3.02
206,1,1995,3.29
206,1,1996,3.01
206,1,1997,2.92
206,1,1998,3.04
206,1,1999,3.18
206,1,2000,2.91
206,1,2001,2.7
206,1,2002,2.7
206,1,2003,2.71
206,1,2004,2.93
206,1,2005,2.99
206,1,2006,2.89
206,1,2007,2.84
206,1,2008,2.66
206,1,2009,2.68
206,1,2010,2.59
206,1,2011,2.31
206,1,2012,2.24
206,1,2013,2.3
206,1,2014,2.43
206,1,2015,2.33
206,1,2016,2.48
206,1,2017,2.71
206,1,2018,2.67
206,1,2019,2.84
206,1,2020,2.91
206,1,2021,2.96
206,1,2022,3.05
206,1,2023,3.04
206,2,1990,1.5
206,2,1991,1.49
206,2,1992,1.52
206,2,1993,1.45
206,2,1994,1.35
206,2,1995,1.51
206,2,1996,1.34
206,2,1997,1.27
206,2,1998,1.33
206,2,1999,1.41
206,2,2000,1.26
206,2,2001,1.15
206,2,2002,1.15
206,2,2003,1.16
206,2,2004,1.28
206,2,2005,1.33
206,2,2006,1.29
206,2,2007,1.28
206,2,2008,1.21
206,2,2009,1.24
206,2,2010,1.21
206,2,2011,1.09
206,2,2012,1.09
206,2,2013,1.1
206,2,2014,1.18
206,2,2015,1.13
206,2,2016,1.22
206,2,2017,1.38
206,2,2018,1.36
206,2,2019,1.47
206,2,2020,1.4
206,2,2021,1.44
206,2,2022,1.61
206,2,2023,1.62
207,1,1990,12.6
207,1,1991,12.42
207,1,1992,12.31
207,1,1993,12.28
207,1,1994,12.21
207,1,1995,11.96
207,1,1996,11.64
207,1,1997,11.3
207,1,1998,11.12
207,1,1999,10.81
207,1,2000,10.84
207,1,2001,10.14
207,1,2002,9.6
207,1,2003,8.8
207,1,2004,8.23
207,1,2005,7.77
207,1,2006,7.43
207,1,2007,6.88
207,1,2008,6.96
207,1,2009,6.96
207,1,2010,6.97
207,1,2011,7.06
207,1,2012,7.08
207,1,2013,7.25
207,1,2014,7.29
207,1,2015,7.29
207,1,2016,7.45
207,1,2017,7.56
207,1,2018,7.68
207,1,2019,7.87
207,1,2020,7.94
207,1,2021,8.3
207,1,2022,8.62
207,1,2023,8.65
207,2,1990,6.1
207,2,1991,5.84
207,2,1992,5.64
207,2,1993,5.46
207,2,1994,5.27
207,2,1995,4.94
207,2,1996,4.67
207,2,1997,4.42
207,2,1998,4.24
207,2,1999,3.99
207,2,2000,3.84
207,2,2001,3.69
207,2,2002,3.64
207,2,2003,3.52
207,2,2004,3.51
207,2,2005,3.54
207,2,2006,3.62
207,2,2007,3.56
207,2,2008,3.52
207,2,2009,3.47
207,2,2010,3.45
207,2,2011,3.53
207,2,2012,3.54
207,2,2013,3.55
207,2,2014,3.5
207,2,2015,3.51
207,2,2016,3.56
207,2,2017,3.61
207,2,2018,3.71
207,2,2019,3.83
207,2,2020,3.82
207,2,2021,3.91
207,2,2022,4.35
207,2,2023,4.5
208,1,1990,11.07
208,1,1991,11.07
208,1,1992,11.11
208,1,1993,11
208,1,1994,10.97
208,1,1995,10.9
208,1,1996,10.56
208,1,1997,10.24
208,1,1998,10.05
208,1,1999,9.76
208,1,2000,9.47
208,1,2001,9.19
208,1,2002,8.96
208,1,2003,8.69
208,1,2004,8.41
208,1,2005,8.24
208,1,2006,8.24
208,1,2007,8.07
208,1,2008,7.99
208,1,2009,7.91
208,1,2010,7.85
208,1,2011,7.79
208,1,2012,7.72
208,1,2013,7.7
208,1,2014,7.62
208,1,2015,7.53
208,1,2016,7.55
208,1,2017,7.54
208,1,2018,7.54
208,1,2019,7.66
208,1,2020,7.61
208,1,2021,7.66
208,1,2022,8.39
208,1,2023,8.4
208,2,1990,6.78
208,2,1991,6.72
208,2,1992,6.67
208,2,1993,6.67
208,2,1994,6.61
208,2,1995,6.56
208,2,1996,6.35
208,2,1997,6.09
208,2,1998,5.92
208,2,1999,5.71
208,2,2000,5.51
208,2,2001,5.24
208,2,2002,5.04
208,2,2003,4.87
208,2,2004,4.7
208,2,2005,4.63
208,2,2006,4.72
208,2,2007,4.67
208,2,2008,4.68
208,2,2009,4.73
208,2,2010,4.78
208,2,2011,4.8
208,2,2012,4.83
208,2,2013,4.84
208,2,2014,4.82
208,2,2015,4.79
208,2,2016,4.77
208,2,2017,4.72
208,2,2018,4.73
208,2,2019,4.89
208,2,2020,4.75
208,2,2021,4.78
208,2,2022,5.66
208,2,2023,5.8
209,1,1990,9.64
209,1,1991,9.56
209,1,1992,9.45
209,1,1993,9.35
209,1,1994,9.36
209,1,1995,9.08
209,1,1996,9.81
209,1,1997,9.48
209,1,1998,8.77
209,1,1999,8.46
209,1,2000,8.32
209,1,2001,8.31
209,1,2002,8.36
209,1,2003,8.42
209,1,2004,8.45
209,1,2005,8.91
209,1,2006,8.58
209,1,2007,8.44
209,1,2008,8.59
209,1,2009,8.39
209,1,2010,8.37
209,1,2011,8.26
209,1,2012,8.16
209,1,2013,8.13
209,1,2014,8.13
209,1,2015,8.18
209,1,2016,8.34
209,1,2017,8.41
209,1,2018,8.44
209,1,2019,8.67
209,1,2020,9.02
209,1,2021,8.61
209,1,2022,9.51
209,1,2023,9.64
209,2,1990,7.29
209,2,1991,7.11
209,2,1992,6.93
209,2,1993,6.74
209,2,1994,6.67
209,2,1995,6.29
209,2,1996,6.89
209,2,1997,6.5
209,2,1998,5.71
209,2,1999,5.48
209,2,2000,5.29
209,2,2001,5.29
209,2,2002,5.31
209,2,2003,5.36
209,2,2004,5.45
209,2,2005,5.86
209,2,2006,5.63
209,2,2007,5.62
209,2,2008,5.87
209,2,2009,5.8
209,2,2010,5.87
209,2,2011,5.95
209,2,2012,6.11
209,2,2013,6.24
209,2,2014,6.19
209,2,2015,6.25
209,2,2016,6.41
209,2,2017,6.54
209,2,2018,6.68
209,2,2019,6.91
209,2,2020,6.47
209,2,2021,6.16
209,2,2022,7.27
209,2,2023,7.56
210,1,1990,15.69
210,1,1991,15.59
210,1,1992,14.77
210,1,1993,14.22
210,1,1994,14.02
210,1,1995,13.29
210,1,1996,13.89
210,1,1997,12.65
210,1,1998,12.45
210,1,1999,12.14
210,1,2000,11.86
210,1,2001,11.33
210,1,2002,11.03
210,1,2003,10.74
210,1,2004,10.69
210,1,2005,10.44
210,1,2006,10.55
210,1,2007,10.36
210,1,2008,10.44
210,1,2009,10.6
210,1,2010,10.64
210,1,2011,10.4
210,1,2012,10.71
210,1,2013,10.81
210,1,2014,10.34
210,1,2015,10.07
210,1,2016,9.89
210,1,2017,9.82
210,1,2018,9.82
210,1,2019,10.08
210,1,2020,10.9
210,1,2021,12.05
210,1,2022,11.06
210,1,2023,11.13
210,2,1990,7.33
210,2,1991,7.16
210,2,1992,6.7
210,2,1993,6.4
210,2,1994,6.23
210,2,1995,5.96
210,2,1996,6.18
210,2,1997,5.69
210,2,1998,5.68
210,2,1999,5.54
210,2,2000,5.51
210,2,2001,5.21
210,2,2002,5.15
210,2,2003,4.97
210,2,2004,4.98
210,2,2005,4.92
210,2,2006,5.19
210,2,2007,5.13
210,2,2008,5.34
210,2,2009,5.55
210,2,2010,5.7
210,2,2011,5.71
210,2,2012,6.02
210,2,2013,6.19
210,2,2014,5.94
210,2,2015,5.85
210,2,2016,5.7
210,2,2017,5.72
210,2,2018,5.79
210,2,2019,5.99
210,2,2020,5.89
210,2,2021,6.52
210,2,2022,6.91
210,2,2023,7.09
211,1,1990,20.77
211,1,1991,20.89
211,1,1992,20.76
211,1,1993,20.74
211,1,1994,20.5
211,1,1995,20.48
211,1,1996,20.71
211,1,1997,20.55
211,1,1998,20.71
211,1,1999,20.61
211,1,2000,20.62
211,1,2001,20.12
211,1,2002,19.79
211,1,2003,19.4
211,1,2004,19.25
211,1,2005,19.02
211,1,2006,19.1
211,1,2007,18.99
211,1,2008,18.74
211,1,2009,18.6
211,1,2010,18.4
211,1,2011,18.05
211,1,2012,17.1
211,1,2013,17.23
211,1,2014,16.88
211,1,2015,17.03
211,1,2016,17.33
211,1,2017,17.79
211,1,2018,18
211,1,2019,18.02
211,1,2020,17.73
211,1,2021,18.49
211,1,2022,19.33
211,1,2023,19.57
211,2,1990,16.12
211,2,1991,15.88
211,2,1992,15.63
211,2,1993,15.52
211,2,1994,15.24
211,2,1995,15.12
211,2,1996,14.98
211,2,1997,14.42
211,2,1998,14.17
211,2,1999,13.76
211,2,2000,13.42
211,2,2001,12.76
211,2,2002,12.27
211,2,2003,11.63
211,2,2004,11.22
211,2,2005,10.82
211,2,2006,10.76
211,2,2007,10.78
211,2,2008,10.75
211,2,2009,10.78
211,2,2010,10.79
211,2,2011,10.79
211,2,2012,10.42
211,2,2013,10.41
211,2,2014,10.32
211,2,2015,10.73
211,2,2016,11.02
211,2,2017,11.38
211,2,2018,11.59
211,2,2019,11.64
211,2,2020,11.01
211,2,2021,11.56
211,2,2022,13.2
211,2,2023,13.61
212,1,1990,12.33
212,1,1991,12.12
212,1,1992,12.1
212,1,1993,12.15
212,1,1994,11.39
212,1,1995,11.1
212,1,1996,11.09
212,1,1997,11.03
212,1,1998,11.25
212,1,1999,10.85
212,1,2000,11.05
212,1,2001,11.08
212,1,2002,11.25
212,1,2003,11.12
212,1,2004,11.51
212,1,2005,11.52
212,1,2006,11.84
212,1,2007,11.29
212,1,2008,10.93
212,1,2009,11.26
212,1,2010,11.03
212,1,2011,10.72
212,1,2012,10.61
212,1,2013,10.71
212,1,2014,10.15
212,1,2015,9.74
212,1,2016,9.47
212,1,2017,9.77
212,1,2018,9.66
212,1,2019,10.12
212,1,2020,10.45
212,1,2021,10.88
212,1,2022,11.44
212,1,2023,11.21
212,2,1990,6.38
212,2,1991,6.16
212,2,1992,6.07
212,2,1993,6.03
212,2,1994,5.52
212,2,1995,5.33
212,2,1996,5.33
212,2,1997,5.28
212,2,1998,5.39
212,2,1999,5.13
212,2,2000,5.23
212,2,2001,5.26
212,2,2002,5.37
212,2,2003,5.25
212,2,2004,5.52
212,2,2005,5.6
212,2,2006,5.94
212,2,2007,5.7
212,2,2008,5.56
212,2,2009,5.88
212,2,2010,5.78
212,2,2011,5.66
212,2,2012,5.79
212,2,2013,5.83
212,2,2014,5.46
212,2,2015,5.31
212,2,2016,5.08
212,2,2017,5.35
212,2,2018,5.31
212,2,2019,5.69
212,2,2020,5.28
212,2,2021,5.61
212,2,2022,6.47
212,2,2023,6.74
213,1,1990,5.96
213,1,1991,6.11
213,1,1992,6.15
213,1,1993,6.26
213,1,1994,6.31
213,1,1995,6.36
213,1,1996,6.35
213,1,1997,6.32
213,1,1998,6.32
213,1,1999,6.18
213,1,2000,6.27
213,1,2001,6.11
213,1,2002,6.18
213,1,2003,6.03
213,1,2004,5.94
213,1,2005,5.76
213,1,2006,5.79
213,1,2007,5.64
213,1,2008,5.64
213,1,2009,5.58
213,1,2010,5.5
213,1,2011,5.42
213,1,2012,5.38
213,1,2013,5.43
213,1,2014,5.34
213,1,2015,5.23
213,1,2016,5.25
213,1,2017,5.38
213,1,2018,5.47
213,1,2019,5.55
213,1,2020,5.63
213,1,2021,5.58
213,1,2022,5.85
213,1,2023,5.81
213,2,1990,2.55
213,2,1991,2.52
213,2,1992,2.48
213,2,1993,2.47
213,2,1994,2.44
213,2,1995,2.44
213,2,1996,2.43
213,2,1997,2.39
213,2,1998,2.38
213,2,1999,2.33
213,2,2000,2.35
213,2,2001,2.29
213,2,2002,2.33
213,2,2003,2.28
213,2,2004,2.24
213,2,2005,2.19
213,2,2006,2.24
213,2,2007,2.2
213,2,2008,2.19
213,2,2009,2.17
213,2,2010,2.15
213,2,2011,2.12
213,2,2012,2.11
213,2,2013,2.12
213,2,2014,2.08
213,2,2015,2.08
213,2,2016,2.09
213,2,2017,2.16
213,2,2018,2.2
213,2,2019,2.25
213,2,2020,2.14
213,2,2021,2.18
213,2,2022,2.41
213,2,2023,2.45
214,1,1990,5.39
214,1,1991,5.46
214,1,1992,5.28
214,1,1993,5.22
214,1,1994,5.15
214,1,1995,5.11
214,1,1996,5.13
214,1,1997,5.1
214,1,1998,5.14
214,1,1999,5.13
214,1,2000,5.22
214,1,2001,5.2
214,1,2002,5.27
214,1,2003,5.18
214,1,2004,5.17
214,1,2005,5.15
214,1,2006,5.11
214,1,2007,5.03
214,1,2008,4.88
214,1,2009,4.83
214,1,2010,4.85
214,1,2011,4.73
214,1,2012,4.86
214,1,2013,5.08
214,1,2014,4.99
214,1,2015,4.76
214,1,2016,4.65
214,1,2017,4.69
214,1,2018,4.68
214,1,2019,4.63
214,1,2020,4.71
214,1,2021,4.71
214,1,2022,4.95
214,1,2023,5.02
214,2,1990,3
214,2,1991,2.99
214,2,1992,2.84
214,2,1993,2.78
214,2,1994,2.7
214,2,1995,2.64
214,2,1996,2.6
214,2,1997,2.54
214,2,1998,2.53
214,2,1999,2.49
214,2,2000,2.51
214,2,2001,2.48
214,2,2002,2.49
214,2,2003,2.42
214,2,2004,2.4
214,2,2005,2.36
214,2,2006,2.32
214,2,2007,2.25
214,2,2008,2.21
214,2,2009,2.19
214,2,2010,2.2
214,2,2011,2.17
214,2,2012,2.16
214,2,2013,2.21
214,2,2014,2.16
214,2,2015,2.13
214,2,2016,2.1
214,2,2017,2.1
214,2,2018,2.07
214,2,2019,2.05
214,2,2020,2.01
214,2,2021,2.01
214,2,2022,2.23
214,2,2023,2.3
215,1,1990,16.7
215,1,1991,16.54
215,1,1992,16.71
215,1,1993,17.01
215,1,1994,17.22
215,1,1995,16.72
215,1,1996,16.88
215,1,1997,17.06
215,1,1998,17.33
215,1,1999,17.73
215,1,2000,17.18
215,1,2001,17.47
215,1,2002,17.72
215,1,2003,17.78
215,1,2004,17.94
215,1,2005,18.79
215,1,2006,19.03
215,1,2007,19.19
215,1,2008,19.03
215,1,2009,18.59
215,1,2010,18.91
215,1,2011,18.41
215,1,2012,17.8
215,1,2013,17.58
215,1,2014,17.67
215,1,2015,17.49
215,1,2016,17.41
215,1,2017,17.38
215,1,2018,17.16
215,1,2019,17
215,1,2020,19.18
215,1,2021,18.94
215,1,2022,17.77
215,1,2023,17.21
215,2,1990,8.4
215,2,1991,8.08
215,2,1992,7.97
215,2,1993,7.88
215,2,1994,7.76
215,2,1995,7.3
215,2,1996,7.19
215,2,1997,7.13
215,2,1998,7.31
215,2,1999,7.5
215,2,2000,7.11
215,2,2001,7.31
215,2,2002,7.41
215,2,2003,7.44
215,2,2004,7.5
215,2,2005,7.85
215,2,2006,8.13
215,2,2007,8.18
215,2,2008,8.09
215,2,2009,8.07
215,2,2010,8.31
215,2,2011,8.09
215,2,2012,7.84
215,2,2013,7.85
215,2,2014,8.1
215,2,2015,8.02
215,2,2016,7.92
215,2,2017,7.88
215,2,2018,7.78
215,2,2019,7.71
215,2,2020,8.16
215,2,2021,7.97
215,2,2022,7.81
215,2,2023,7.74
216,1,1990,10.62
216,1,1991,10.52
216,1,1992,10.27
216,1,1993,9.93
216,1,1994,9.62
216,1,1995,9.12
216,1,1996,9.02
216,1,1997,8.53
216,1,1998,8.32
216,1,1999,8.06
216,1,2000,7.65
216,1,2001,9.26
216,1,2002,9.22
216,1,2003,8.43
216,1,2004,8.67
216,1,2005,8.63
216,1,2006,8.39
216,1,2007,8.31
216,1,2008,8.32
216,1,2009,8.43
216,1,2010,7.81
216,1,2011,7.71
216,1,2012,7.23
216,1,2013,7.35
216,1,2014,7.44
216,1,2015,6.97
216,1,2016,7.22
216,1,2017,7.09
216,1,2018,6.86
216,1,2019,7.28
216,1,2020,7.06
216,1,2021,7.36
216,1,2022,7.88
216,1,2023,8.28
216,2,1990,5.64
216,2,1991,5.55
216,2,1992,5.37
216,2,1993,5.17
216,2,1994,4.97
216,2,1995,4.65
216,2,1996,4.57
216,2,1997,4.26
216,2,1998,4.11
216,2,1999,3.97
216,2,2000,3.66
216,2,2001,4.74
216,2,2002,4.67
216,2,2003,4.18
216,2,2004,4.3
216,2,2005,4.25
216,2,2006,4.14
216,2,2007,4.26
216,2,2008,4.43
216,2,2009,4.57
216,2,2010,4.19
216,2,2011,4.18
216,2,2012,3.91
216,2,2013,3.98
216,2,2014,4.11
216,2,2015,3.87
216,2,2016,4.06
216,2,2017,4.04
216,2,2018,3.93
216,2,2019,4.31
216,2,2020,3.99
216,2,2021,3.88
216,2,2022,4.88
216,2,2023,5.2
217,1,1990,14.79
217,1,1991,14.63
217,1,1992,14.57
217,1,1993,14.34
217,1,1994,14.22
217,1,1995,13.84
217,1,1996,13.31
217,1,1997,12.54
217,1,1998,12.24
217,1,1999,11.81
217,1,2000,11.64
217,1,2001,11.28
217,1,2002,11.15
217,1,2003,11.09
217,1,2004,10.94
217,1,2005,10.96
217,1,2006,11.17
217,1,2007,11.14
217,1,2008,10.96
217,1,2009,11.02
217,1,2010,11.21
217,1,2011,11.18
217,1,2012,11.52
217,1,2013,11.63
217,1,2014,11.53
217,1,2015,11.53
217,1,2016,11.4
217,1,2017,11.53
217,1,2018,11.55
217,1,2019,11.84
217,1,2020,12.19
217,1,2021,11.93
217,1,2022,12.49
217,1,2023,12.86
217,2,1990,8.71
217,2,1991,8.41
217,2,1992,8.32
217,2,1993,8.11
217,2,1994,7.94
217,2,1995,7.62
217,2,1996,7.2
217,2,1997,6.71
217,2,1998,6.52
217,2,1999,6.15
217,2,2000,5.99
217,2,2001,5.6
217,2,2002,5.45
217,2,2003,5.34
217,2,2004,5.23
217,2,2005,5.26
217,2,2006,5.43
217,2,2007,5.35
217,2,2008,5.3
217,2,2009,5.34
217,2,2010,5.54
217,2,2011,5.62
217,2,2012,5.87
217,2,2013,5.97
217,2,2014,5.96
217,2,2015,6
217,2,2016,5.93
217,2,2017,6.06
217,2,2018,6.09
217,2,2019,6.23
217,2,2020,6.15
217,2,2021,6.2
217,2,2022,6.59
217,2,2023,6.89
218,1,1990,13.74
218,1,1991,13.5
218,1,1992,13.2
218,1,1993,12.78
218,1,1994,12.38
218,1,1995,12
218,1,1996,11.58
218,1,1997,11.1
218,1,1998,10.78
218,1,1999,10.38
218,1,2000,10.28
218,1,2001,9.92
218,1,2002,9.61
218,1,2003,9.13
218,1,2004,8.86
218,1,2005,8.64
218,1,2006,8.58
218,1,2007,8.2
218,1,2008,8.31
218,1,2009,8.41
218,1,2010,8.46
218,1,2011,8.36
218,1,2012,8.04
218,1,2013,7.86
218,1,2014,7.69
218,1,2015,7.75
218,1,2016,7.88
218,1,2017,8.11
218,1,2018,8.16
218,1,2019,8.35
218,1,2020,8.32
218,1,2021,8.56
218,1,2022,9.2
218,1,2023,9.33
218,2,1990,7.44
218,2,1991,7.18
218,2,1992,6.93
218,2,1993,6.66
218,2,1994,6.36
218,2,1995,6.09
218,2,1996,5.83
218,2,1997,5.55
218,2,1998,5.42
218,2,1999,5.19
218,2,2000,5.15
218,2,2001,4.98
218,2,2002,4.87
218,2,2003,4.7
218,2,2004,4.61
218,2,2005,4.55
218,2,2006,4.61
218,2,2007,4.46
218,2,2008,4.61
218,2,2009,4.77
218,2,2010,4.89
218,2,2011,4.92
218,2,2012,4.84
218,2,2013,4.79
218,2,2014,4.64
218,2,2015,4.68
218,2,2016,4.8
218,2,2017,5.03
218,2,2018,5.09
218,2,2019,5.18
218,2,2020,5.03
218,2,2021,5.19
218,2,2022,5.71
218,2,2023,5.84
298,1,1990,28.44
298,1,1991,28.77
298,1,1992,29.06
298,1,1993,29.5
298,1,1994,29.66
298,1,1995,29.64
298,1,1996,29.61
298,1,1997,29.31
298,1,1998,30.25
298,1,1999,31.02
298,1,2000,30.75
298,1,2001,31.07
298,1,2002,29.74
298,1,2003,29.1
298,1,2004,27.83
298,1,2005,27.46
298,1,2006,26.93
298,1,2007,26.22
298,1,2008,25.57
298,1,2009,25.15
298,1,2010,24.62
298,1,2011,24.17
298,1,2012,23.94
298,1,2013,24.04
298,1,2014,23.98
298,1,2015,24.26
298,1,2016,24.15
298,1,2017,24.3
298,1,2018,24.58
298,1,2019,24.78
298,1,2020,25.71
298,1,2021,29.7
298,1,2022,26.91
298,1,2023,26.37
298,2,1990,13.3
298,2,1991,13.36
298,2,1992,13.36
298,2,1993,13.41
298,2,1994,13.44
298,2,1995,13.49
298,2,1996,13.56
298,2,1997,13.61
298,2,1998,14.1
298,2,1999,13.61
298,2,2000,13.24
298,2,2001,12.52
298,2,2002,13.2
298,2,2003,13.53
298,2,2004,13.68
298,2,2005,13.78
298,2,2006,13.86
298,2,2007,13.9
298,2,2008,13.91
298,2,2009,14.05
298,2,2010,13.81
298,2,2011,13.68
298,2,2012,13.44
298,2,2013,13.32
298,2,2014,13.3
298,2,2015,13.2
298,2,2016,12.81
298,2,2017,12.32
298,2,2018,11.78
298,2,2019,11.26
298,2,2020,11.04
298,2,2021,11.59
298,2,2022,11.23
298,2,2023,11.62
305,1,1990,22.71
305,1,1991,22.13
305,1,1992,20.64
305,1,1993,19.35
305,1,1994,19.06
305,1,1995,18.5
305,1,1996,18.77
305,1,1997,18.87
305,1,1998,18.9
305,1,1999,17.91
305,1,2000,17.43
305,1,2001,16.28
305,1,2002,16.06
305,1,2003,15.91
305,1,2004,14.88
305,1,2005,14.11
305,1,2006,13.5
305,1,2007,12.84
305,1,2008,12.56
305,1,2009,12.03
305,1,2010,11.84
305,1,2011,11.57
305,1,2012,10.96
305,1,2013,10.67
305,1,2014,10.51
305,1,2015,10.53
305,1,2016,10.33
305,1,2017,10.86
305,1,2018,11
305,1,2019,11.21
305,1,2020,11.51
305,1,2021,11.53
305,1,2022,11.32
305,1,2023,11.71
305,2,1990,7.01
305,2,1991,6.97
305,2,1992,6.88
305,2,1993,6.67
305,2,1994,6.79
305,2,1995,6.78
305,2,1996,6.7
305,2,1997,6.54
305,2,1998,6.44
305,2,1999,6.4
305,2,2000,6.44
305,2,2001,6.28
305,2,2002,6.09
305,2,2003,5.63
305,2,2004,5.5
305,2,2005,5.08
305,2,2006,4.78
305,2,2007,4.52
305,2,2008,4.34
305,2,2009,4.08
305,2,2010,4.15
305,2,2011,4.16
305,2,2012,4.07
305,2,2013,3.92
305,2,2014,3.62
305,2,2015,3.55
305,2,2016,3.65
305,2,2017,3.56
305,2,2018,3.59
305,2,2019,3.68
305,2,2020,3.85
305,2,2021,4.14
305,2,2022,4.38
305,2,2023,4.42
320,1,1990,12.31
320,1,1991,12.67
320,1,1992,12.77
320,1,1993,12.91
320,1,1994,13.01
320,1,1995,13.04
320,1,1996,13.05
320,1,1997,13.34
320,1,1998,13.28
320,1,1999,13.31
320,1,2000,13.43
320,1,2001,13.33
320,1,2002,13.04
320,1,2003,12.88
320,1,2004,12.72
320,1,2005,12.89
320,1,2006,13.04
320,1,2007,13.12
320,1,2008,13.18
320,1,2009,13.25
320,1,2010,13.32
320,1,2011,13.16
320,1,2012,13.13
320,1,2013,13.07
320,1,2014,13.08
320,1,2015,13.5
320,1,2016,13.65
320,1,2017,13.9
320,1,2018,14.21
320,1,2019,14.53
320,1,2020,14.96
320,1,2021,16.31
320,1,2022,15.49
320,1,2023,15.89
320,2,1990,5.44
320,2,1991,5.59
320,2,1992,5.61
320,2,1993,5.64
320,2,1994,5.65
320,2,1995,5.65
320,2,1996,5.65
320,2,1997,5.85
320,2,1998,5.72
320,2,1999,5.71
320,2,2000,5.73
320,2,2001,5.59
320,2,2002,5.56
320,2,2003,5.53
320,2,2004,5.48
320,2,2005,5.51
320,2,2006,5.59
320,2,2007,5.58
320,2,2008,5.46
320,2,2009,5.37
320,2,2010,5.25
320,2,2011,5.27
320,2,2012,5.22
320,2,2013,5.25
320,2,2014,5.32
320,2,2015,5.42
320,2,2016,5.26
320,2,2017,5.51
320,2,2018,5.53
320,2,2019,5.3
320,2,2020,5.24
320,2,2021,6.49
320,2,2022,6.3
320,2,2023,6.41
349,1,1990,41.17
349,1,1991,40.73
349,1,1992,40.25
349,1,1993,39.59
349,1,1994,39.05
349,1,1995,38.07
349,1,1996,38.05
349,1,1997,37.04
349,1,1998,36.21
349,1,1999,34.62
349,1,2000,33.36
349,1,2001,32.3
349,1,2002,30.73
349,1,2003,29.36
349,1,2004,28
349,1,2005,26.93
349,1,2006,26.39
349,1,2007,25.41
349,1,2008,24.66
349,1,2009,24.57
349,1,2010,24.02
349,1,2011,23.27
349,1,2012,22.97
349,1,2013,22.62
349,1,2014,22.17
349,1,2015,22.39
349,1,2016,22.11
349,1,2017,21.81
349,1,2018,21.48
349,1,2019,20.97
349,1,2020,22.25
349,1,2021,22.21
349,1,2022,20.13
349,1,2023,19.02
349,2,1990,16.88
349,2,1991,16.52
349,2,1992,16.2
349,2,1993,15.79
349,2,1994,15.41
349,2,1995,15.03
349,2,1996,14.69
349,2,1997,14.45
349,2,1998,14.39
349,2,1999,14.14
349,2,2000,13.38
349,2,2001,12.79
349,2,2002,12.77
349,2,2003,12.57
349,2,2004,12.11
349,2,2005,12.19
349,2,2006,11.92
349,2,2007,11.68
349,2,2008,11.45
349,2,2009,11.19
349,2,2010,10.88
349,2,2011,10.67
349,2,2012,10.78
349,2,2013,10.5
349,2,2014,10.29
349,2,2015,10.13
349,2,2016,10.14
349,2,2017,10.09
349,2,2018,10.05
349,2,2019,9.88
349,2,2020,10.59
349,2,2021,10.42
349,2,2022,9.84
349,2,2023,9.26
351,1,1990,8.17
351,1,1991,8.15
351,1,1992,8.1
351,1,1993,8.02
351,1,1994,8
351,1,1995,11.24
351,1,1996,11.36
351,1,1997,8.82
351,1,1998,10.9
351,1,1999,11.63
351,1,2000,12.18
351,1,2001,14.28
351,1,2002,9.42
351,1,2003,8.34
351,1,2004,7.04
351,1,2005,8.29
351,1,2006,8.79
351,1,2007,9.39
351,1,2008,11.05
351,1,2009,9.51
351,1,2010,9.21
351,1,2011,8.76
351,1,2012,8.72
351,1,2013,8.45
351,1,2014,8.66
351,1,2015,10.3
351,1,2016,8.52
351,1,2017,9.21
351,1,2018,11
351,1,2019,12.75
351,1,2020,10.43
351,1,2021,11.62
351,1,2022,8.77
351,1,2023,8.69
351,2,1990,4.59
351,2,1991,4.61
351,2,1992,4.65
351,2,1993,4.61
351,2,1994,4.55
351,2,1995,6.63
351,2,1996,6.85
351,2,1997,5.34
351,2,1998,7.05
351,2,1999,5.19
351,2,2000,4.45
351,2,2001,2.3
351,2,2002,3.79
351,2,2003,4.24
351,2,2004,4.04
351,2,2005,4.21
351,2,2006,4.59
351,2,2007,4.52
351,2,2008,4.37
351,2,2009,4.1
351,2,2010,3.29
351,2,2011,3.83
351,2,2012,3.68
351,2,2013,4.05
351,2,2014,4.3
351,2,2015,4.75
351,2,2016,4.42
351,2,2017,5.17
351,2,2018,6.35
351,2,2019,4.71
351,2,2020,4.6
351,2,2021,3.86
351,2,2022,3.82
351,2,2023,3.91
367,1,1990,26.92
367,1,1991,26.63
367,1,1992,26.13
367,1,1993,25.81
367,1,1994,25.55
367,1,1995,25.12
367,1,1996,24.68
367,1,1997,23.9
367,1,1998,23.15
367,1,1999,22.27
367,1,2000,21.25
367,1,2001,20.36
367,1,2002,19.87
367,1,2003,19.77
367,1,2004,19.83
367,1,2005,19.97
367,1,2006,19.9
367,1,2007,20.02
367,1,2008,20.16
367,1,2009,19.94
367,1,2010,19.93
367,1,2011,19.71
367,1,2012,19.67
367,1,2013,19.9
367,1,2014,19.94
367,1,2015,19.95
367,1,2016,19.69
367,1,2017,19.35
367,1,2018,19.14
367,1,2019,19.21
367,1,2020,19.64
367,1,2021,20.33
367,1,2022,20.58
367,1,2023,20.63
367,2,1990,11.8
367,2,1991,11.51
367,2,1992,11.14
367,2,1993,10.9
367,2,1994,10.67
367,2,1995,10.44
367,2,1996,10.17
367,2,1997,9.74
367,2,1998,9.33
367,2,1999,8.84
367,2,2000,8.28
367,2,2001,7.77
367,2,2002,7.45
367,2,2003,7.32
367,2,2004,7.29
367,2,2005,7.28
367,2,2006,7.26
367,2,2007,7.28
367,2,2008,7.35
367,2,2009,7.31
367,2,2010,7.31
367,2,2011,7.24
367,2,2012,7.11
367,2,2013,7.1
367,2,2014,7.08
367,2,2015,7.06
367,2,2016,7.01
367,2,2017,6.9
367,2,2018,6.77
367,2,2019,6.75
367,2,2020,6.81
367,2,2021,7.22
367,2,2022,7.67
367,2,2023,7.76
369,1,1990,40.33
369,1,1991,39.82
369,1,1992,39.18
369,1,1993,38.69
369,1,1994,38.15
369,1,1995,37.64
369,1,1996,37.05
369,1,1997,36.39
369,1,1998,36.1
369,1,1999,35.75
369,1,2000,35.45
369,1,2001,35.16
369,1,2002,34.75
369,1,2003,34.19
369,1,2004,33.62
369,1,2005,33.07
369,1,2006,32.37
369,1,2007,31.8
369,1,2008,31.18
369,1,2009,30.9
369,1,2010,30.63
369,1,2011,30.26
369,1,2012,29.99
369,1,2013,29.74
369,1,2014,29.49
369,1,2015,29.4
369,1,2016,29.51
369,1,2017,29.56
369,1,2018,29.57
369,1,2019,29.56
369,1,2020,30.45
369,1,2021,33.74
369,1,2022,31.34
369,1,2023,31.48
369,2,1990,21.69
369,2,1991,21.64
369,2,1992,21.56
369,2,1993,21.48
369,2,1994,21.34
369,2,1995,21.16
369,2,1996,21.01
369,2,1997,20.88
369,2,1998,20.94
369,2,1999,20.98
369,2,2000,21.01
369,2,2001,20.99
369,2,2002,20.98
369,2,2003,20.9
369,2,2004,20.85
369,2,2005,20.76
369,2,2006,20.64
369,2,2007,20.54
369,2,2008,20.39
369,2,2009,20.43
369,2,2010,20.51
369,2,2011,20.54
369,2,2012,20.51
369,2,2013,20.5
369,2,2014,20.38
369,2,2015,20.34
369,2,2016,20.39
369,2,2017,20.37
369,2,2018,20.4
369,2,2019,20.38
369,2,2020,21
369,2,2021,22.87
369,2,2022,21.49
369,2,2023,21.72
374,1,1990,18.11
374,1,1991,17.92
374,1,1992,17.69
374,1,1993,17.58
374,1,1994,17.37
374,1,1995,17.07
374,1,1996,16.86
374,1,1997,16.67
374,1,1998,16.62
374,1,1999,16.52
374,1,2000,16.36
374,1,2001,16.1
374,1,2002,15.85
374,1,2003,15.43
374,1,2004,15.07
374,1,2005,14.7
374,1,2006,14.33
374,1,2007,14
374,1,2008,13.71
374,1,2009,13.58
374,1,2010,13.47
374,1,2011,13.3
374,1,2012,13.17
374,1,2013,13.08
374,1,2014,13.03
374,1,2015,12.99
374,1,2016,13
374,1,2017,13.04
374,1,2018,13.03
374,1,2019,12.82
374,1,2020,11.97
374,1,2021,12.64
374,1,2022,12.81
374,1,2023,13.13
374,2,1990,8.87
374,2,1991,8.72
374,2,1992,8.56
374,2,1993,8.44
374,2,1994,8.34
374,2,1995,8.23
374,2,1996,8.16
374,2,1997,8.13
374,2,1998,8.18
374,2,1999,8.18
374,2,2000,8.16
374,2,2001,8.14
374,2,2002,8.11
374,2,2003,8.02
374,2,2004,7.88
374,2,2005,7.82
374,2,2006,7.69
374,2,2007,7.56
374,2,2008,7.45
374,2,2009,7.44
374,2,2010,7.42
374,2,2011,7.41
374,2,2012,7.42
374,2,2013,7.42
374,2,2014,7.42
374,2,2015,7.41
374,2,2016,7.4
374,2,2017,7.4
374,2,2018,7.38
374,2,2019,7.24
374,2,2020,5.99
374,2,2021,6.15
374,2,2022,7.11
374,2,2023,7.36
376,1,1990,23.57
376,1,1991,23.59
376,1,1992,23.54
376,1,1993,23.55
376,1,1994,23.52
376,1,1995,23.35
376,1,1996,23.18
376,1,1997,22.95
376,1,1998,22.87
376,1,1999,22.86
376,1,2000,22.38
376,1,2001,21.99
376,1,2002,21.31
376,1,2003,20.76
376,1,2004,20.23
376,1,2005,19.7
376,1,2006,19.39
376,1,2007,19.09
376,1,2008,18.75
376,1,2009,18.34
376,1,2010,18.23
376,1,2011,18
376,1,2012,17.85
376,1,2013,17.73
376,1,2014,17.68
376,1,2015,17.55
376,1,2016,17.63
376,1,2017,17.77
376,1,2018,17.86
376,1,2019,17.93
376,1,2020,19.33
376,1,2021,20.05
376,1,2022,17.71
376,1,2023,17.63
376,2,1990,18.43
376,2,1991,18.5
376,2,1992,18.52
376,2,1993,18.64
376,2,1994,18.74
376,2,1995,18.85
376,2,1996,18.91
376,2,1997,18.98
376,2,1998,19.38
376,2,1999,17.85
376,2,2000,17.77
376,2,2001,17.31
376,2,2002,16.98
376,2,2003,16.62
376,2,2004,16.24
376,2,2005,15.77
376,2,2006,15.79
376,2,2007,15.79
376,2,2008,15.7
376,2,2009,15.7
376,2,2010,15.25
376,2,2011,14.88
376,2,2012,14.51
376,2,2013,14.16
376,2,2014,13.81
376,2,2015,14.24
376,2,2016,14.11
376,2,2017,13.92
376,2,2018,13.67
376,2,2019,13.42
376,2,2020,13.49
376,2,2021,14.49
376,2,2022,13.93
376,2,2023,13.38
380,1,1990,27.85
380,1,1991,27.62
380,1,1992,27.48
380,1,1993,27.28
380,1,1994,27.97
380,1,1995,28.05
380,1,1996,28.07
380,1,1997,27.82
380,1,1998,27.84
380,1,1999,27.66
380,1,2000,27.46
380,1,2001,27.29
380,1,2002,27.01
380,1,2003,26.65
380,1,2004,26.07
380,1,2005,24.95
380,1,2006,24.49
380,1,2007,24.01
380,1,2008,23.58
380,1,2009,23.32
380,1,2010,23.05
380,1,2011,22.79
380,1,2012,22.76
380,1,2013,23.46
380,1,2014,23.67
380,1,2015,23.88
380,1,2016,24.45
380,1,2017,24.57
380,1,2018,24.58
380,1,2019,20.68
380,1,2020,21.17
380,1,2021,22.9
380,1,2022,21.6
380,1,2023,21.54
380,2,1990,19.89
380,2,1991,19.66
380,2,1992,19.46
380,2,1993,19.27
380,2,1994,19.18
380,2,1995,19.11
380,2,1996,19.12
380,2,1997,19.07
380,2,1998,19.17
380,2,1999,19.09
380,2,2000,19.04
380,2,2001,19
380,2,2002,18.99
380,2,2003,18.91
380,2,2004,18.76
380,2,2005,18.49
380,2,2006,18.22
380,2,2007,17.92
380,2,2008,17.61
380,2,2009,17.42
380,2,2010,17.24
380,2,2011,17.1
380,2,2012,17.12
380,2,2013,16.52
380,2,2014,16.53
380,2,2015,16.45
380,2,2016,16.32
380,2,2017,16.17
380,2,2018,16.29
380,2,2019,18.86
380,2,2020,19.44
380,2,2021,20.78
380,2,2022,19.61
380,2,2023,19.02
385,1,1990,18.97
385,1,1991,18.68
385,1,1992,17.91
385,1,1993,17.02
385,1,1994,16.4
385,1,1995,16.19
385,1,1996,15.66
385,1,1997,15.49
385,1,1998,15.14
385,1,1999,14.81
385,1,2000,14.24
385,1,2001,13.9
385,1,2002,13.47
385,1,2003,12.9
385,1,2004,12.87
385,1,2005,12.04
385,1,2006,11.87
385,1,2007,11.28
385,1,2008,11.14
385,1,2009,10.56
385,1,2010,10.03
385,1,2011,10.13
385,1,2012,9.81
385,1,2013,9.45
385,1,2014,9.41
385,1,2015,8.89
385,1,2016,7.97
385,1,2017,7.77
385,1,2018,7.21
385,1,2019,7.36
385,1,2020,7.21
385,1,2021,6.77
385,1,2022,6.69
385,1,2023,6.83
385,2,1990,8.01
385,2,1991,8.07
385,2,1992,7.98
385,2,1993,7.7
385,2,1994,7.63
385,2,1995,7.19
385,2,1996,6.79
385,2,1997,6.87
385,2,1998,6.76
385,2,1999,6.68
385,2,2000,6.5
385,2,2001,6.27
385,2,2002,6.36
385,2,2003,5.96
385,2,2004,5.92
385,2,2005,5.64
385,2,2006,5.47
385,2,2007,5.1
385,2,2008,4.84
385,2,2009,4.66
385,2,2010,4.72
385,2,2011,4.72
385,2,2012,4.86
385,2,2013,4.67
385,2,2014,4.36
385,2,2015,4.26
385,2,2016,3.94
385,2,2017,3.78
385,2,2018,3.67
385,2,2019,3.61
385,2,2020,3.67
385,2,2021,3.38
385,2,2022,3.5
385,2,2023,3.71
393,1,1990,23.93
393,1,1991,23.07
393,1,1992,21.76
393,1,1993,20.43
393,1,1994,19.81
393,1,1995,20
393,1,1996,19.85
393,1,1997,19.3
393,1,1998,18.96
393,1,1999,17.78
393,1,2000,17.78
393,1,2001,16.65
393,1,2002,16.42
393,1,2003,15.99
393,1,2004,15.75
393,1,2005,15.1
393,1,2006,14.91
393,1,2007,13.96
393,1,2008,13.37
393,1,2009,12.5
393,1,2010,12.6
393,1,2011,12.38
393,1,2012,12
393,1,2013,11.57
393,1,2014,11.44
393,1,2015,11.32
393,1,2016,10.56
393,1,2017,10.33
393,1,2018,10.09
393,1,2019,10.01
393,1,2020,10.28
393,1,2021,10.69
393,1,2022,10.18
393,1,2023,10.29
393,2,1990,10.79
393,2,1991,9.95
393,2,1992,9.52
393,2,1993,9.05
393,2,1994,8.99
393,2,1995,8.86
393,2,1996,8.69
393,2,1997,8.54
393,2,1998,8.4
393,2,1999,8.12
393,2,2000,7.92
393,2,2001,7.47
393,2,2002,7.38
393,2,2003,7.16
393,2,2004,7.12
393,2,2005,6.59
393,2,2006,6.25
393,2,2007,6.03
393,2,2008,5.96
393,2,2009,5.77
393,2,2010,5.78
393,2,2011,5.78
393,2,2012,5.77
393,2,2013,5.85
393,2,2014,5.64
393,2,2015,5.5
393,2,2016,5.8
393,2,2017,5.75
393,2,2018,5.71
393,2,2019,5.68
393,2,2020,5.79
393,2,2021,5.74
393,2,2022,5.63
393,2,2023,5.7
396,1,1990,57.35
396,1,1991,56.03
396,1,1992,54.46
396,1,1993,53.26
396,1,1994,52.89
396,1,1995,52.86
396,1,1996,52.27
396,1,1997,51.56
396,1,1998,50.68
396,1,1999,49.48
396,1,2000,48.4
396,1,2001,47.19
396,1,2002,46.01
396,1,2003,44.5
396,1,2004,42.74
396,1,2005,41.07
396,1,2006,39.08
396,1,2007,37.22
396,1,2008,35.13
396,1,2009,33
396,1,2010,31.18
396,1,2011,29.25
396,1,2012,27.54
396,1,2013,25.78
396,1,2014,24.29
396,1,2015,23.27
396,1,2016,22.52
396,1,2017,21.26
396,1,2018,20.57
396,1,2019,20.77
396,1,2020,20.35
396,1,2021,20.07
396,1,2022,22.05
396,1,2023,24.04
396,2,1990,22.67
396,2,1991,21.84
396,2,1992,21.04
396,2,1993,20.52
396,2,1994,20.36
396,2,1995,20.67
396,2,1996,20.8
396,2,1997,20.97
396,2,1998,21.02
396,2,1999,20.82
396,2,2000,20.6
396,2,2001,20.32
396,2,2002,19.88
396,2,2003,19.39
396,2,2004,18.13
396,2,2005,17.51
396,2,2006,16.63
396,2,2007,15.76
396,2,2008,14.91
396,2,2009,14.01
396,2,2010,13.25
396,2,2011,12.59
396,2,2012,11.97
396,2,2013,11.37
396,2,2014,10.96
396,2,2015,10.77
396,2,2016,10.61
396,2,2017,10.53
396,2,2018,10.48
396,2,2019,10.55
396,2,2020,10.12
396,2,2021,10
396,2,2022,10.37
396,2,2023,11.17
413,1,1990,13.57
413,1,1991,13.49
413,1,1992,13.38
413,1,1993,13.28
413,1,1994,13.14
413,1,1995,13.02
413,1,1996,12.92
413,1,1997,12.79
413,1,1998,12.65
413,1,1999,12.46
413,1,2000,12.26
413,1,2001,12.06
413,1,2002,11.89
413,1,2003,11.61
413,1,2004,11.39
413,1,2005,11.12
413,1,2006,10.82
413,1,2007,10.48
413,1,2008,10.14
413,1,2009,9.92
413,1,2010,9.7
413,1,2011,9.49
413,1,2012,9.33
413,1,2013,9.22
413,1,2014,9.14
413,1,2015,9.13
413,1,2016,9.15
413,1,2017,9.13
413,1,2018,9.07
413,1,2019,8.87
413,1,2020,7.89
413,1,2021,8.52
413,1,2022,8.8
413,1,2023,8.78
413,2,1990,7.5
413,2,1991,7.51
413,2,1992,7.5
413,2,1993,7.49
413,2,1994,7.47
413,2,1995,7.45
413,2,1996,7.45
413,2,1997,7.47
413,2,1998,7.49
413,2,1999,7.47
413,2,2000,7.44
413,2,2001,7.43
413,2,2002,7.43
413,2,2003,7.38
413,2,2004,7.37
413,2,2005,7.31
413,2,2006,7.22
413,2,2007,7.09
413,2,2008,6.96
413,2,2009,6.89
413,2,2010,6.83
413,2,2011,6.77
413,2,2012,6.72
413,2,2013,6.68
413,2,2014,6.63
413,2,2015,6.61
413,2,2016,6.59
413,2,2017,6.54
413,2,2018,6.49
413,2,2019,6.34
413,2,2020,5.22
413,2,2021,5.21
413,2,2022,6.04
413,2,2023,6.2
416,1,1990,35.6
416,1,1991,36.13
416,1,1992,36.02
416,1,1993,36.16
416,1,1994,36.16
416,1,1995,35.98
416,1,1996,35.84
416,1,1997,35.44
416,1,1998,35.29
416,1,1999,35.08
416,1,2000,35.29
416,1,2001,34.73
416,1,2002,34.42
416,1,2003,33.74
416,1,2004,33.18
416,1,2005,32.59
416,1,2006,32.07
416,1,2007,31.63
416,1,2008,30.98
416,1,2009,30.71
416,1,2010,30.41
416,1,2011,30.14
416,1,2012,29.98
416,1,2013,29.91
416,1,2014,29.8
416,1,2015,29.79
416,1,2016,29.85
416,1,2017,30.02
416,1,2018,30.06
416,1,2019,29.88
416,1,2020,30.69
416,1,2021,34.06
416,1,2022,31.94
416,1,2023,31.69
416,2,1990,15.47
416,2,1991,15.59
416,2,1992,15.54
416,2,1993,15.46
416,2,1994,15.51
416,2,1995,15.46
416,2,1996,15.47
416,2,1997,15.5
416,2,1998,15.64
416,2,1999,15.68
416,2,2000,15.72
416,2,2001,15.75
416,2,2002,15.73
416,2,2003,15.58
416,2,2004,15.43
416,2,2005,15.31
416,2,2006,15.25
416,2,2007,15.18
416,2,2008,15.02
416,2,2009,14.96
416,2,2010,14.87
416,2,2011,14.79
416,2,2012,14.76
416,2,2013,14.74
416,2,2014,14.65
416,2,2015,14.56
416,2,2016,14.66
416,2,2017,14.63
416,2,2018,14.58
416,2,2019,14.51
416,2,2020,14.62
416,2,2021,15.41
416,2,2022,14.36
416,2,2023,14.08
422,1,1990,19.82
422,1,1991,19.42
422,1,1992,19.19
422,1,1993,18.94
422,1,1994,18.64
422,1,1995,18.22
422,1,1996,17.55
422,1,1997,16.81
422,1,1998,17.04
422,1,1999,16.88
422,1,2000,16.75
422,1,2001,15.78
422,1,2002,15.4
422,1,2003,14.82
422,1,2004,14.07
422,1,2005,13.34
422,1,2006,13.13
422,1,2007,12.52
422,1,2008,12
422,1,2009,11.62
422,1,2010,11.69
422,1,2011,11.99
422,1,2012,11.82
422,1,2013,11.3
422,1,2014,10.62
422,1,2015,10.23
422,1,2016,9.83
422,1,2017,9.69
422,1,2018,9.37
422,1,2019,9.02
422,1,2020,8.8
422,1,2021,8.68
422,1,2022,8.12
422,1,2023,8.67
422,2,1990,9.17
422,2,1991,8.98
422,2,1992,8.76
422,2,1993,8.52
422,2,1994,8.26
422,2,1995,7.95
422,2,1996,7.63
422,2,1997,7.03
422,2,1998,6.86
422,2,1999,6.58
422,2,2000,6.42
422,2,2001,6.05
422,2,2002,5.82
422,2,2003,5.36
422,2,2004,5.28
422,2,2005,4.9
422,2,2006,4.62
422,2,2007,4.42
422,2,2008,4.27
422,2,2009,4.17
422,2,2010,4.22
422,2,2011,4.23
422,2,2012,4.16
422,2,2013,3.98
422,2,2014,3.76
422,2,2015,3.6
422,2,2016,3.57
422,2,2017,3.42
422,2,2018,3.35
422,2,2019,3.42
422,2,2020,3.27
422,2,2021,3.23
422,2,2022,3.34
422,2,2023,3.72
435,1,1990,15.73
435,1,1991,15.45
435,1,1992,15.52
435,1,1993,15.43
435,1,1994,15.29
435,1,1995,15.51
435,1,1996,15.14
435,1,1997,14.28
435,1,1998,14.24
435,1,1999,13.95
435,1,2000,13.97
435,1,2001,13.49
435,1,2002,13.38
435,1,2003,13.58
435,1,2004,13.67
435,1,2005,13.49
435,1,2006,13.87
435,1,2007,13.71
435,1,2008,13.5
435,1,2009,13.52
435,1,2010,13.44
435,1,2011,13.28
435,1,2012,13.26
435,1,2013,13.36
435,1,2014,13.55
435,1,2015,13.62
435,1,2016,13.78
435,1,2017,13.79
435,1,2018,13.83
435,1,2019,13.71
435,1,2020,14.14
435,1,2021,13.45
435,1,2022,14.75
435,1,2023,14.99
435,2,1990,12.18
435,2,1991,11.97
435,2,1992,12
435,2,1993,11.85
435,2,1994,11.7
435,2,1995,11.73
435,2,1996,11.34
435,2,1997,10.4
435,2,1998,10.35
435,2,1999,10.15
435,2,2000,10.19
435,2,2001,9.65
435,2,2002,9.52
435,2,2003,9.71
435,2,2004,9.85
435,2,2005,9.73
435,2,2006,10.2
435,2,2007,10.15
435,2,2008,10.05
435,2,2009,10.12
435,2,2010,10.12
435,2,2011,10.08
435,2,2012,10.14
435,2,2013,10.29
435,2,2014,10.52
435,2,2015,10.72
435,2,2016,10.77
435,2,2017,10.64
435,2,2018,10.78
435,2,2019,10.92
435,2,2020,10.64
435,2,2021,10.23
435,2,2022,12.23
435,2,2023,12.48
522,1,1990,22.09
522,1,1991,22.12
522,1,1992,22.07
522,1,1993,22.25
522,1,1994,22.02
522,1,1995,22.1
522,1,1996,22.15
522,1,1997,22
522,1,1998,22
522,1,1999,21.62
522,1,2000,21.75
522,1,2001,21.81
522,1,2002,21.95
522,1,2003,21.76
522,1,2004,21.72
522,1,2005,21.36
522,1,2006,21.22
522,1,2007,20.97
522,1,2008,20.85
522,1,2009,20.68
522,1,2010,20.19
522,1,2011,19.59
522,1,2012,19.07
522,1,2013,19.07
522,1,2014,19.18
522,1,2015,18.74
522,1,2016,18.62
522,1,2017,18.55
522,1,2018,18.48
522,1,2019,18.74
522,1,2020,19.55
522,1,2021,19.39
522,1,2022,19.73
522,1,2023,19.48
522,2,1990,18.47
522,2,1991,18.31
522,2,1992,18.11
522,2,1993,18.06
522,2,1994,17.62
522,2,1995,17.45
522,2,1996,17.28
522,2,1997,17.11
522,2,1998,17.15
522,2,1999,16.82
522,2,2000,16.66
522,2,2001,16.53
522,2,2002,16.45
522,2,2003,16.22
522,2,2004,16.07
522,2,2005,15.72
522,2,2006,15.54
522,2,2007,15.34
522,2,2008,15.19
522,2,2009,15.14
522,2,2010,14.82
522,2,2011,14.47
522,2,2012,14.14
522,2,2013,14.13
522,2,2014,14.04
522,2,2015,13.85
522,2,2016,13.8
522,2,2017,13.7
522,2,2018,13.52
522,2,2019,13.67
522,2,2020,14.15
522,2,2021,14.25
522,2,2022,14.33
522,2,2023,14.29
