location,sex,year,breast_cancer_deaths_rate_all_ages
6,2,1980,8.35
6,2,1981,8.45
6,2,1982,8.47
6,2,1983,8.28
6,2,1984,8.08
6,2,1985,7.94
6,2,1986,7.94
6,2,1987,8.04
6,2,1988,8.24
6,2,1989,8.46
6,2,1990,8.68
6,2,1991,8.85
6,2,1992,9
6,2,1993,9.1
6,2,1994,9.23
6,2,1995,9.4
6,2,1996,9.6
6,2,1997,9.77
6,2,1998,9.92
6,2,1999,10.08
6,2,2000,10.21
6,2,2001,10.26
6,2,2002,10.12
6,2,2003,9.98
6,2,2004,9.8
6,2,2005,9.77
6,2,2006,9.76
6,2,2007,9.83
6,2,2008,9.79
6,2,2009,9.79
6,2,2010,9.8
6,2,2011,9.62
6,2,2012,9.38
6,2,2013,9.18
6,2,2014,9.27
6,2,2015,9.36
6,2,2016,9.6
6,2,2017,9.84
6,2,2018,9.73
6,2,2019,9.44
6,2,2020,9.34
6,2,2021,10.07
6,2,2022,10.94
6,2,2023,10.99
7,2,1980,6.22
7,2,1981,6.31
7,2,1982,6.39
7,2,1983,6.45
7,2,1984,6.54
7,2,1985,6.64
7,2,1986,6.75
7,2,1987,6.84
7,2,1988,6.94
7,2,1989,7.1
7,2,1990,7.25
7,2,1991,7.48
7,2,1992,7.67
7,2,1993,7.83
7,2,1994,8
7,2,1995,8.13
7,2,1996,8.28
7,2,1997,8.42
7,2,1998,8.62
7,2,1999,8.87
7,2,2000,9.11
7,2,2001,9.37
7,2,2002,9.65
7,2,2003,9.98
7,2,2004,10.41
7,2,2005,10.85
7,2,2006,11.24
7,2,2007,11.6
7,2,2008,11.96
7,2,2009,12.34
7,2,2010,12.79
7,2,2011,13.22
7,2,2012,13.74
7,2,2013,14.07
7,2,2014,14.49
7,2,2015,14.96
7,2,2016,15.48
7,2,2017,16.04
7,2,2018,16.78
7,2,2019,17.51
7,2,2020,17.92
7,2,2021,18.62
7,2,2022,19.99
7,2,2023,20.53
8,2,1980,4.74
8,2,1981,5.31
8,2,1982,5.57
8,2,1983,5.99
8,2,1984,6.34
8,2,1985,6.9
8,2,1986,7.2
8,2,1987,7.42
8,2,1988,8
8,2,1989,8.73
8,2,1990,9.25
8,2,1991,9.79
8,2,1992,10.25
8,2,1993,11
8,2,1994,11.29
8,2,1995,11.92
8,2,1996,12.38
8,2,1997,12.89
8,2,1998,12.76
8,2,1999,13.3
8,2,2000,13.84
8,2,2001,14.57
8,2,2002,15.04
8,2,2003,15.93
8,2,2004,15.83
8,2,2005,16.24
8,2,2006,16.6
8,2,2007,17.44
8,2,2008,17.21
8,2,2009,17.53
8,2,2010,18.53
8,2,2011,19.59
8,2,2012,20.09
8,2,2013,20.74
8,2,2014,21.23
8,2,2015,21.95
8,2,2016,22.39
8,2,2017,23.39
8,2,2018,23.39
8,2,2019,23.64
8,2,2020,23.49
8,2,2021,24.75
8,2,2022,25.32
8,2,2023,26.24
10,2,1980,4.89
10,2,1981,4.9
10,2,1982,4.91
10,2,1983,4.88
10,2,1984,4.87
10,2,1985,4.9
10,2,1986,4.91
10,2,1987,4.95
10,2,1988,5.06
10,2,1989,5.19
10,2,1990,5.34
10,2,1991,5.51
10,2,1992,5.73
10,2,1993,5.98
10,2,1994,6.19
10,2,1995,6.4
10,2,1996,6.49
10,2,1997,6.6
10,2,1998,6.81
10,2,1999,6.86
10,2,2000,6.92
10,2,2001,7.19
10,2,2002,7.43
10,2,2003,7.57
10,2,2004,7.83
10,2,2005,8.22
10,2,2006,8.5
10,2,2007,9.03
10,2,2008,9.39
10,2,2009,9.75
10,2,2010,10.16
10,2,2011,10.48
10,2,2012,10.95
10,2,2013,11.38
10,2,2014,11.68
10,2,2015,12.07
10,2,2016,12.46
10,2,2017,12.63
10,2,2018,13.03
10,2,2019,13.57
10,2,2020,14.08
10,2,2021,13.73
10,2,2022,14.99
10,2,2023,16.35
11,2,1980,5.37
11,2,1981,5.51
11,2,1982,5.63
11,2,1983,5.72
11,2,1984,5.82
11,2,1985,5.91
11,2,1986,6.01
11,2,1987,6.12
11,2,1988,6.26
11,2,1989,6.43
11,2,1990,6.58
11,2,1991,6.7
11,2,1992,6.85
11,2,1993,7.01
11,2,1994,7.2
11,2,1995,7.38
11,2,1996,7.59
11,2,1997,7.85
11,2,1998,8.02
11,2,1999,8.17
11,2,2000,8.29
11,2,2001,8.34
11,2,2002,8.49
11,2,2003,8.72
11,2,2004,9.92
11,2,2005,9.44
11,2,2006,9.85
11,2,2007,10.38
11,2,2008,11.03
11,2,2009,11.68
11,2,2010,12.32
11,2,2011,12.95
11,2,2012,13.37
11,2,2013,13.72
11,2,2014,14.12
11,2,2015,14.59
11,2,2016,15.12
11,2,2017,15.68
11,2,2018,16.31
11,2,2019,16.94
11,2,2020,18.05
11,2,2021,20.2
11,2,2022,19.04
11,2,2023,19.93
12,2,1980,5.17
12,2,1981,5.13
12,2,1982,5.08
12,2,1983,5.04
12,2,1984,5.01
12,2,1985,5.03
12,2,1986,5.04
12,2,1987,5.06
12,2,1988,5.11
12,2,1989,5.24
12,2,1990,5.45
12,2,1991,5.6
12,2,1992,5.76
12,2,1993,5.97
12,2,1994,6.17
12,2,1995,6.24
12,2,1996,6.38
12,2,1997,6.52
12,2,1998,6.72
12,2,1999,6.85
12,2,2000,6.92
12,2,2001,7.11
12,2,2002,7.28
12,2,2003,7.47
12,2,2004,7.67
12,2,2005,7.97
12,2,2006,8.31
12,2,2007,8.79
12,2,2008,9.26
12,2,2009,9.94
12,2,2010,10.65
12,2,2011,11.45
12,2,2012,12.05
12,2,2013,13.02
12,2,2014,13.92
12,2,2015,15
12,2,2016,15.93
12,2,2017,16.81
12,2,2018,17.68
12,2,2019,18.68
12,2,2020,19.83
12,2,2021,20.32
12,2,2022,22.77
12,2,2023,24.07
13,2,1980,6.02
13,2,1981,5.96
13,2,1982,5.83
13,2,1983,6.09
13,2,1984,6.35
13,2,1985,6.59
13,2,1986,6.91
13,2,1987,7.22
13,2,1988,7.62
13,2,1989,8.09
13,2,1990,8.51
13,2,1991,8.88
13,2,1992,9.07
13,2,1993,9.25
13,2,1994,9.63
13,2,1995,9.83
13,2,1996,10.17
13,2,1997,10.45
13,2,1998,10.94
13,2,1999,11.21
13,2,2000,11.5
13,2,2001,11.8
13,2,2002,12.06
13,2,2003,12.29
13,2,2004,12.56
13,2,2005,12.87
13,2,2006,13.14
13,2,2007,13.53
13,2,2008,14
13,2,2009,14.4
13,2,2010,14.99
13,2,2011,15.43
13,2,2012,15.96
13,2,2013,16.83
13,2,2014,17.52
13,2,2015,18.32
13,2,2016,19.14
13,2,2017,19.78
13,2,2018,20.23
13,2,2019,20.08
13,2,2020,20.32
13,2,2021,22.71
13,2,2022,24.1
13,2,2023,24.2
14,2,1980,4.12
14,2,1981,3.97
14,2,1982,3.78
14,2,1983,3.69
14,2,1984,3.64
14,2,1985,3.62
14,2,1986,3.63
14,2,1987,3.65
14,2,1988,3.68
14,2,1989,3.77
14,2,1990,3.86
14,2,1991,4.04
14,2,1992,4.22
14,2,1993,4.36
14,2,1994,4.47
14,2,1995,4.73
14,2,1996,5.07
14,2,1997,5.38
14,2,1998,5.57
14,2,1999,5.81
14,2,2000,6.07
14,2,2001,6.32
14,2,2002,6.53
14,2,2003,6.74
14,2,2004,7.01
14,2,2005,7.06
14,2,2006,7.19
14,2,2007,7.35
14,2,2008,7.47
14,2,2009,7.58
14,2,2010,7.7
14,2,2011,7.83
14,2,2012,7.88
14,2,2013,7.96
14,2,2014,8.02
14,2,2015,8.16
14,2,2016,8.29
14,2,2017,8.52
14,2,2018,8.73
14,2,2019,9.01
14,2,2020,9.06
14,2,2021,9.09
14,2,2022,9.28
14,2,2023,9.36
15,2,1980,8.9
15,2,1981,8.96
15,2,1982,9.03
15,2,1983,9.1
15,2,1984,9.2
15,2,1985,9.32
15,2,1986,9.54
15,2,1987,9.78
15,2,1988,10.06
15,2,1989,10.38
15,2,1990,10.75
15,2,1991,11.22
15,2,1992,11.61
15,2,1993,11.99
15,2,1994,12.35
15,2,1995,12.74
15,2,1996,13.03
15,2,1997,13.4
15,2,1998,13.86
15,2,1999,14.17
15,2,2000,14.5
15,2,2001,14.7
15,2,2002,14.87
15,2,2003,14.97
15,2,2004,15.17
15,2,2005,15.37
15,2,2006,15.33
15,2,2007,15.34
15,2,2008,17.61
15,2,2009,15.38
15,2,2010,15.48
15,2,2011,15.72
15,2,2012,15.76
15,2,2013,16.22
15,2,2014,16.85
15,2,2015,17.33
15,2,2016,18.02
15,2,2017,18.66
15,2,2018,19.34
15,2,2019,20.37
15,2,2020,21.38
15,2,2021,23.51
15,2,2022,23.59
15,2,2023,25.07
16,2,1980,7.82
16,2,1981,8.08
16,2,1982,8.34
16,2,1983,8.56
16,2,1984,8.89
16,2,1985,9.12
16,2,1986,9.36
16,2,1987,9.39
16,2,1988,9.43
16,2,1989,9.5
16,2,1990,9.52
16,2,1991,9.6
16,2,1992,9.81
16,2,1993,10.16
16,2,1994,10.48
16,2,1995,10.76
16,2,1996,11.09
16,2,1997,11.33
16,2,1998,11.57
16,2,1999,11.95
16,2,2000,12.39
16,2,2001,12.84
16,2,2002,13.18
16,2,2003,13.09
16,2,2004,13.04
16,2,2005,13.35
16,2,2006,13.48
16,2,2007,13.6
16,2,2008,13.99
16,2,2009,14.47
16,2,2010,14.91
16,2,2011,15.33
16,2,2012,15.89
16,2,2013,16.44
16,2,2014,16.88
16,2,2015,17.51
16,2,2016,18.18
16,2,2017,18.64
16,2,2018,19.09
16,2,2019,19.75
16,2,2020,19.7
16,2,2021,22.52
16,2,2022,22.38
16,2,2023,21.81
17,2,1980,5.94
17,2,1981,5.81
17,2,1982,6.14
17,2,1983,6.24
17,2,1984,6.57
17,2,1985,6.81
17,2,1986,7.02
17,2,1987,7.08
17,2,1988,7.34
17,2,1989,7.49
17,2,1990,7.71
17,2,1991,7.82
17,2,1992,7.92
17,2,1993,8.06
17,2,1994,8.42
17,2,1995,8.63
17,2,1996,9.31
17,2,1997,9.43
17,2,1998,9.89
17,2,1999,9.82
17,2,2000,9.73
17,2,2001,9.95
17,2,2002,9.96
17,2,2003,10.02
17,2,2004,11.95
17,2,2005,11.01
17,2,2006,11.6
17,2,2007,11.99
17,2,2008,12.5
17,2,2009,12.75
17,2,2010,13.22
17,2,2011,13.53
17,2,2012,13.79
17,2,2013,14.32
17,2,2014,14.72
17,2,2015,15.16
17,2,2016,15.6
17,2,2017,16.43
17,2,2018,16.59
17,2,2019,16.39
17,2,2020,16.43
17,2,2021,17.43
17,2,2022,22.45
17,2,2023,23.73
18,2,1980,7.53
18,2,1981,7.85
18,2,1982,8.22
18,2,1983,8.45
18,2,1984,8.4
18,2,1985,8.38
18,2,1986,8.61
18,2,1987,8.98
18,2,1988,9.46
18,2,1989,10.08
18,2,1990,10.66
18,2,1991,11.31
18,2,1992,12.01
18,2,1993,12.63
18,2,1994,13.42
18,2,1995,14.07
18,2,1996,13.79
18,2,1997,13.07
18,2,1998,14.13
18,2,1999,16.89
18,2,2000,18.97
18,2,2001,20.24
18,2,2002,20.53
18,2,2003,21.19
18,2,2004,21.91
18,2,2005,22.03
18,2,2006,22.59
18,2,2007,23.26
18,2,2008,23.54
18,2,2009,23.05
18,2,2010,23
18,2,2011,23.1
18,2,2012,23.08
18,2,2013,23
18,2,2014,22.97
18,2,2015,23.21
18,2,2016,23.46
18,2,2017,22.84
18,2,2018,22.72
18,2,2019,23.6
18,2,2020,23.86
18,2,2021,24.68
18,2,2022,26.43
18,2,2023,26.78
19,2,1980,4.13
19,2,1981,4.09
19,2,1982,4.01
19,2,1983,3.92
19,2,1984,3.85
19,2,1985,3.84
19,2,1986,3.85
19,2,1987,3.88
19,2,1988,3.95
19,2,1989,4.03
19,2,1990,4.22
19,2,1991,4.36
19,2,1992,4.54
19,2,1993,4.7
19,2,1994,4.83
19,2,1995,5.01
19,2,1996,5.15
19,2,1997,5.24
19,2,1998,5.36
19,2,1999,5.35
19,2,2000,5.61
19,2,2001,5.69
19,2,2002,5.64
19,2,2003,5.81
19,2,2004,5.57
19,2,2005,5.89
19,2,2006,6.02
19,2,2007,6.26
19,2,2008,6.26
19,2,2009,6.77
19,2,2010,7.16
19,2,2011,8.04
19,2,2012,8.6
19,2,2013,8.83
19,2,2014,9.03
19,2,2015,9.41
19,2,2016,9.75
19,2,2017,10.15
19,2,2018,10.48
19,2,2019,10.83
19,2,2020,11.47
19,2,2021,11.74
19,2,2022,12.17
19,2,2023,12.83
20,2,1980,4.68
20,2,1981,4.71
20,2,1982,4.71
20,2,1983,4.7
20,2,1984,4.7
20,2,1985,4.7
20,2,1986,4.72
20,2,1987,4.75
20,2,1988,4.82
20,2,1989,4.91
20,2,1990,5
20,2,1991,5.15
20,2,1992,5.31
20,2,1993,5.48
20,2,1994,5.66
20,2,1995,5.82
20,2,1996,5.99
20,2,1997,6.19
20,2,1998,6.41
20,2,1999,6.55
20,2,2000,6.71
20,2,2001,6.92
20,2,2002,7.17
20,2,2003,7.46
20,2,2004,7.78
20,2,2005,8.12
20,2,2006,8.47
20,2,2007,8.91
20,2,2008,9.37
20,2,2009,9.84
20,2,2010,10.34
20,2,2011,10.78
20,2,2012,11.2
20,2,2013,11.64
20,2,2014,12.1
20,2,2015,12.6
20,2,2016,13.11
20,2,2017,13.51
20,2,2018,13.93
20,2,2019,14.43
20,2,2020,14.83
20,2,2021,14.83
20,2,2022,15.64
20,2,2023,16.52
22,2,1980,13.26
22,2,1981,12.91
22,2,1982,13.17
22,2,1983,13.39
22,2,1984,13.66
22,2,1985,13.41
22,2,1986,13.22
22,2,1987,13.57
22,2,1988,14
22,2,1989,14.5
22,2,1990,15.04
22,2,1991,15.67
22,2,1992,16.36
22,2,1993,16.9
22,2,1994,17.49
22,2,1995,18.15
22,2,1996,18.79
22,2,1997,19.54
22,2,1998,20.72
22,2,1999,21.59
22,2,2000,22.3
22,2,2001,23.51
22,2,2002,24.13
22,2,2003,25.46
22,2,2004,26.59
22,2,2005,27.43
22,2,2006,28.1
22,2,2007,29.09
22,2,2008,29.91
22,2,2009,30.91
22,2,2010,31.71
22,2,2011,32.57
22,2,2012,33.06
22,2,2013,33.33
22,2,2014,33.67
22,2,2015,34.25
22,2,2016,34.66
22,2,2017,34.95
22,2,2018,35.82
22,2,2019,36.25
22,2,2020,36.94
22,2,2021,37.16
22,2,2022,40.11
22,2,2023,41.94
23,2,1980,6.51
23,2,1981,6.34
23,2,1982,6.17
23,2,1983,5.99
23,2,1984,5.83
23,2,1985,5.72
23,2,1986,5.65
23,2,1987,5.63
23,2,1988,5.64
23,2,1989,5.69
23,2,1990,5.75
23,2,1991,5.82
23,2,1992,5.88
23,2,1993,6.05
23,2,1994,6.34
23,2,1995,6.7
23,2,1996,6.93
23,2,1997,7.19
23,2,1998,7.53
23,2,1999,7.87
23,2,2000,8.2
23,2,2001,8.46
23,2,2002,8.71
23,2,2003,8.89
23,2,2004,9.05
23,2,2005,9.19
23,2,2006,9.31
23,2,2007,9.43
23,2,2008,9.56
23,2,2009,9.67
23,2,2010,9.76
23,2,2011,9.83
23,2,2012,9.92
23,2,2013,10.03
23,2,2014,10.11
23,2,2015,10.26
23,2,2016,10.44
23,2,2017,10.66
23,2,2018,11.18
23,2,2019,11.17
23,2,2020,11.45
23,2,2021,12.16
23,2,2022,12.59
23,2,2023,13.03
24,2,1980,12.45
24,2,1981,12.23
24,2,1982,11.94
24,2,1983,11.63
24,2,1984,11.3
24,2,1985,11.09
24,2,1986,10.94
24,2,1987,10.78
24,2,1988,10.67
24,2,1989,10.67
24,2,1990,10.7
24,2,1991,10.84
24,2,1992,10.97
24,2,1993,11.1
24,2,1994,11.26
24,2,1995,11.41
24,2,1996,11.59
24,2,1997,11.85
24,2,1998,12.21
24,2,1999,12.51
24,2,2000,13.13
24,2,2001,13.3
24,2,2002,13.82
24,2,2003,14.31
24,2,2004,14.78
24,2,2005,15.22
24,2,2006,15.67
24,2,2007,16.25
24,2,2008,16.88
24,2,2009,17.65
24,2,2010,18.49
24,2,2011,19.41
24,2,2012,20.43
24,2,2013,21.57
24,2,2014,22.7
24,2,2015,23.88
24,2,2016,25.18
24,2,2017,26.57
24,2,2018,27.95
24,2,2019,29.42
24,2,2020,31.46
24,2,2021,35.08
24,2,2022,36.28
24,2,2023,38.46
25,2,1980,11.14
25,2,1981,10.93
25,2,1982,10.71
25,2,1983,10.64
25,2,1984,10.47
25,2,1985,10.35
25,2,1986,10.32
25,2,1987,10.36
25,2,1988,10.47
25,2,1989,10.64
25,2,1990,10.76
25,2,1991,11.01
25,2,1992,11.19
25,2,1993,11.49
25,2,1994,11.82
25,2,1995,12.09
25,2,1996,12.47
25,2,1997,12.85
25,2,1998,13.28
25,2,1999,13.66
25,2,2000,14.73
25,2,2001,14.47
25,2,2002,14.99
25,2,2003,15.41
25,2,2004,15.87
25,2,2005,16.21
25,2,2006,16.54
25,2,2007,16.81
25,2,2008,17.03
25,2,2009,17.33
25,2,2010,17.7
25,2,2011,18.19
25,2,2012,18.73
25,2,2013,19.24
25,2,2014,19.72
25,2,2015,20.19
25,2,2016,20.69
25,2,2017,21.18
25,2,2018,21.57
25,2,2019,21.9
25,2,2020,22.56
25,2,2021,24.92
25,2,2022,23.7
25,2,2023,24.56
26,2,1980,8.91
26,2,1981,8.89
26,2,1982,8.7
26,2,1983,8.64
26,2,1984,8.52
26,2,1985,8.44
26,2,1986,8.38
26,2,1987,8.32
26,2,1988,8.27
26,2,1989,8.34
26,2,1990,8.37
26,2,1991,8.44
26,2,1992,8.55
26,2,1993,8.68
26,2,1994,8.82
26,2,1995,8.87
26,2,1996,9.09
26,2,1997,9.07
26,2,1998,9.06
26,2,1999,9.3
26,2,2000,9.27
26,2,2001,9.07
26,2,2002,9.02
26,2,2003,8.85
26,2,2004,8.66
26,2,2005,8.61
26,2,2006,8.68
26,2,2007,9.25
26,2,2008,9.46
26,2,2009,9.46
26,2,2010,10.24
26,2,2011,10.76
26,2,2012,10.95
26,2,2013,10.64
26,2,2014,11
26,2,2015,11.67
26,2,2016,11.42
26,2,2017,11.61
26,2,2018,11.69
26,2,2019,12.41
26,2,2020,12.16
26,2,2021,11.99
26,2,2022,13.78
26,2,2023,14.24
27,2,1980,5.14
27,2,1981,5.18
27,2,1982,5.2
27,2,1983,5.18
27,2,1984,5.01
27,2,1985,5.05
27,2,1986,5.1
27,2,1987,5.18
27,2,1988,5.3
27,2,1989,5.46
27,2,1990,5.6
27,2,1991,5.81
27,2,1992,6
27,2,1993,6.18
27,2,1994,6.38
27,2,1995,6.61
27,2,1996,6.87
27,2,1997,7.13
27,2,1998,7.43
27,2,1999,7.71
27,2,2000,7.97
27,2,2001,8.25
27,2,2002,8.49
27,2,2003,8.69
27,2,2004,8.85
27,2,2005,8.96
27,2,2006,9.05
27,2,2007,9.08
27,2,2008,9.08
27,2,2009,9.1
27,2,2010,9.02
27,2,2011,9.02
27,2,2012,9.01
27,2,2013,9.05
27,2,2014,9.08
27,2,2015,9.15
27,2,2016,9.27
27,2,2017,9.42
27,2,2018,9.58
27,2,2019,10.09
27,2,2020,9.97
27,2,2021,10.68
27,2,2022,11.05
27,2,2023,11.8
28,2,1980,8.45
28,2,1981,8.3
28,2,1982,8.14
28,2,1983,7.95
28,2,1984,7.51
28,2,1985,7.32
28,2,1986,7.28
28,2,1987,7.21
28,2,1988,7.03
28,2,1989,7.1
28,2,1990,7.11
28,2,1991,7.38
28,2,1992,7.35
28,2,1993,7.51
28,2,1994,7.74
28,2,1995,7.77
28,2,1996,7.96
28,2,1997,8.32
28,2,1998,8.59
28,2,1999,8.71
28,2,2000,9.14
28,2,2001,9.09
28,2,2002,9.13
28,2,2003,9.28
28,2,2004,9.34
28,2,2005,9.76
28,2,2006,10.18
28,2,2007,10.17
28,2,2008,10.12
28,2,2009,11.26
28,2,2010,11.39
28,2,2011,13.2
28,2,2012,14.23
28,2,2013,15.1
28,2,2014,16.43
28,2,2015,16.93
28,2,2016,16.78
28,2,2017,17.39
28,2,2018,17.83
28,2,2019,18.75
28,2,2020,19.58
28,2,2021,19.92
28,2,2022,22.06
28,2,2023,22.79
29,2,1980,12.56
29,2,1981,12.81
29,2,1982,13
29,2,1983,13.19
29,2,1984,13.33
29,2,1985,13.53
29,2,1986,13.76
29,2,1987,14.01
29,2,1988,14.35
29,2,1989,14.8
29,2,1990,15.22
29,2,1991,15.7
29,2,1992,16.11
29,2,1993,16.6
29,2,1994,17.06
29,2,1995,17.52
29,2,1996,17.95
29,2,1997,18.35
29,2,1998,18.85
29,2,1999,19.39
29,2,2000,19.85
29,2,2001,20.27
29,2,2002,20.64
29,2,2003,21.09
29,2,2004,21.72
29,2,2005,22.12
29,2,2006,22.47
29,2,2007,22.73
29,2,2008,23.08
29,2,2009,24.43
29,2,2010,23.99
29,2,2011,24.52
29,2,2012,25.12
29,2,2013,25.8
29,2,2014,26.44
29,2,2015,27.2
29,2,2016,28.11
29,2,2017,28.94
29,2,2018,29.77
29,2,2019,30.63
29,2,2020,32.48
29,2,2021,36.89
29,2,2022,35.99
29,2,2023,37.67
30,2,1980,4.9
30,2,1981,4.88
30,2,1982,4.89
30,2,1983,4.68
30,2,1984,4.61
30,2,1985,4.59
30,2,1986,4.6
30,2,1987,4.61
30,2,1988,4.7
30,2,1989,4.78
30,2,1990,4.93
30,2,1991,5.34
30,2,1992,5.65
30,2,1993,5.89
30,2,1994,6.48
30,2,1995,6.31
30,2,1996,6.6
30,2,1997,6.72
30,2,1998,6.9
30,2,1999,7.18
30,2,2000,6.79
30,2,2001,7.13
30,2,2002,6.49
30,2,2003,6.11
30,2,2004,6.24
30,2,2005,6.89
30,2,2006,7.23
30,2,2007,7.81
30,2,2008,8.26
30,2,2009,8.37
30,2,2010,8.58
30,2,2011,9.17
30,2,2012,9.48
30,2,2013,9.88
30,2,2014,10.28
30,2,2015,10.57
30,2,2016,10.9
30,2,2017,11.23
30,2,2018,11.6
30,2,2019,11.95
30,2,2020,12.33
30,2,2021,12.27
30,2,2022,13.4
30,2,2023,14.12
33,2,1980,16.11
33,2,1981,16.08
33,2,1982,15.77
33,2,1983,16.05
33,2,1984,16.9
33,2,1985,17.55
33,2,1986,18.27
33,2,1987,19.17
33,2,1988,17.9
33,2,1989,22.55
33,2,1990,25.31
33,2,1991,26
33,2,1992,27.06
33,2,1993,27.7
33,2,1994,27.61
33,2,1995,27.82
33,2,1996,29.03
33,2,1997,30
33,2,1998,31.73
33,2,1999,33.09
33,2,2000,33.39
33,2,2001,34.02
33,2,2002,35.33
33,2,2003,36.2
33,2,2004,35.92
33,2,2005,32.74
33,2,2006,32.3
33,2,2007,33.79
33,2,2008,34.5
33,2,2009,35.47
33,2,2010,35.9
33,2,2011,35.64
33,2,2012,35.59
33,2,2013,33.4
33,2,2014,32.71
33,2,2015,33.34
33,2,2016,32.35
33,2,2017,32
33,2,2018,31.51
33,2,2019,33.08
33,2,2020,32.42
33,2,2021,32.37
33,2,2022,30.78
33,2,2023,26.62
34,2,1980,12.6
34,2,1981,12.82
34,2,1982,13.13
34,2,1983,13.55
34,2,1984,13.93
34,2,1985,14.23
34,2,1986,14.4
34,2,1987,14.46
34,2,1988,14.25
34,2,1989,13.95
34,2,1990,13.69
34,2,1991,13.8
34,2,1992,14.15
34,2,1993,14.5
34,2,1994,14.52
34,2,1995,14.34
34,2,1996,14.11
34,2,1997,13.83
34,2,1998,13.59
34,2,1999,13.42
34,2,2000,13.1
34,2,2001,12.78
34,2,2002,12.79
34,2,2003,12.95
34,2,2004,13.03
34,2,2005,13.3
34,2,2006,13.72
34,2,2007,13.97
34,2,2008,14.28
34,2,2009,14.55
34,2,2010,14.73
34,2,2011,14.77
34,2,2012,14.72
34,2,2013,14.81
34,2,2014,15.04
34,2,2015,15.24
34,2,2016,15.66
34,2,2017,16.05
34,2,2018,16.52
34,2,2019,17.96
34,2,2020,19.48
34,2,2021,19.39
34,2,2022,16.42
34,2,2023,16.92
35,2,1980,24.42
35,2,1981,24.67
35,2,1982,24.43
35,2,1983,25.29
35,2,1984,27.03
35,2,1985,28.11
35,2,1986,29.2
35,2,1987,30.81
35,2,1988,32.17
35,2,1989,33.18
35,2,1990,32.81
35,2,1991,31.92
35,2,1992,31.65
35,2,1993,29.59
35,2,1994,28.05
35,2,1995,27.29
35,2,1996,27.72
35,2,1997,28.95
35,2,1998,31.67
35,2,1999,34.28
35,2,2000,35.53
35,2,2001,36.86
35,2,2002,37.68
35,2,2003,36.91
35,2,2004,35.68
35,2,2005,33.81
35,2,2006,35.46
35,2,2007,35.91
35,2,2008,38.65
35,2,2009,41.36
35,2,2010,44.17
35,2,2011,46.76
35,2,2012,47.93
35,2,2013,47.8
35,2,2014,48.54
35,2,2015,52.4
35,2,2016,56.21
35,2,2017,55.52
35,2,2018,52.88
35,2,2019,50.65
35,2,2020,51.63
35,2,2021,50.48
35,2,2022,48.13
35,2,2023,46.41
36,2,1980,16.35
36,2,1981,15.92
36,2,1982,15.94
36,2,1983,16.48
36,2,1984,17.83
36,2,1985,18.08
36,2,1986,17.96
36,2,1987,18.68
36,2,1988,19.09
36,2,1989,19.54
36,2,1990,18.77
36,2,1991,15.31
36,2,1992,15.06
36,2,1993,15.39
36,2,1994,16.13
36,2,1995,16.21
36,2,1996,16.92
36,2,1997,17.23
36,2,1998,17.37
36,2,1999,18.19
36,2,2000,18.34
36,2,2001,18.38
36,2,2002,18.73
36,2,2003,18.44
36,2,2004,18.08
36,2,2005,18.45
36,2,2006,18.76
36,2,2007,18.68
36,2,2008,19.19
36,2,2009,18.91
36,2,2010,19.08
36,2,2011,19.11
36,2,2012,19.04
36,2,2013,17.31
36,2,2014,15.73
36,2,2015,15.1
36,2,2016,14.64
36,2,2017,14.25
36,2,2018,14.09
36,2,2019,13.74
36,2,2020,14.15
36,2,2021,14.41
36,2,2022,11.8
36,2,2023,12.16
37,2,1980,12.33
37,2,1981,12.36
37,2,1982,12.58
37,2,1983,12.87
37,2,1984,13.47
37,2,1985,13.42
37,2,1986,13.43
37,2,1987,13.01
37,2,1988,12.95
37,2,1989,12.77
37,2,1990,12.62
37,2,1991,12.35
37,2,1992,12.72
37,2,1993,13.1
37,2,1994,13.71
37,2,1995,13.06
37,2,1996,12.64
37,2,1997,12.31
37,2,1998,11.63
37,2,1999,11.54
37,2,2000,9.89
37,2,2001,9.67
37,2,2002,9.75
37,2,2003,10.12
37,2,2004,9.91
37,2,2005,9.51
37,2,2006,9.76
37,2,2007,9.77
37,2,2008,9.74
37,2,2009,9.88
37,2,2010,9.47
37,2,2011,9.89
37,2,2012,9.44
37,2,2013,9
37,2,2014,9.29
37,2,2015,9.15
37,2,2016,8.79
37,2,2017,8.9
37,2,2018,9.15
37,2,2019,8.18
37,2,2020,7.11
37,2,2021,7.95
37,2,2022,8.13
37,2,2023,8.96
38,2,1980,2.73
38,2,1981,2.81
38,2,1982,2.85
38,2,1983,2.89
38,2,1984,2.9
38,2,1985,2.89
38,2,1986,2.89
38,2,1987,2.93
38,2,1988,2.95
38,2,1989,3.1
38,2,1990,3.26
38,2,1991,3.47
38,2,1992,3.61
38,2,1993,3.7
38,2,1994,3.78
38,2,1995,4.02
38,2,1996,4.26
38,2,1997,4.4
38,2,1998,4.48
38,2,1999,4.49
38,2,2000,4.53
38,2,2001,4.51
38,2,2002,4.42
38,2,2003,4.36
38,2,2004,4.33
38,2,2005,4.38
38,2,2006,4.45
38,2,2007,4.54
38,2,2008,4.64
38,2,2009,4.74
38,2,2010,4.8
38,2,2011,4.86
38,2,2012,4.95
38,2,2013,5.02
38,2,2014,5.02
38,2,2015,4.98
38,2,2016,4.84
38,2,2017,4.83
38,2,2018,4.8
38,2,2019,4.67
38,2,2020,4.7
38,2,2021,5.4
38,2,2022,5.28
38,2,2023,5.31
39,2,1980,7.98
39,2,1981,8.06
39,2,1982,8.17
39,2,1983,8.32
39,2,1984,8.32
39,2,1985,8.23
39,2,1986,8.25
39,2,1987,8.21
39,2,1988,8.27
39,2,1989,8.39
39,2,1990,8.48
39,2,1991,8.85
39,2,1992,8.98
39,2,1993,9.42
39,2,1994,9.03
39,2,1995,8.41
39,2,1996,7.66
39,2,1997,7.16
39,2,1998,6.91
39,2,1999,6.71
39,2,2000,6.57
39,2,2001,6.58
39,2,2002,6.61
39,2,2003,6.75
39,2,2004,6.64
39,2,2005,6.4
39,2,2006,6.11
39,2,2007,5.89
39,2,2008,5.69
39,2,2009,5.56
39,2,2010,5.47
39,2,2011,5.36
39,2,2012,5.34
39,2,2013,5.3
39,2,2014,5.46
39,2,2015,5.72
39,2,2016,5.98
39,2,2017,6.28
39,2,2018,6.45
39,2,2019,6.93
39,2,2020,6.63
39,2,2021,7.21
39,2,2022,8.75
39,2,2023,9.16
40,2,1980,7.66
40,2,1981,7.54
40,2,1982,7.65
40,2,1983,7.7
40,2,1984,7.82
40,2,1985,7.88
40,2,1986,8.19
40,2,1987,8.26
40,2,1988,8.06
40,2,1989,8.35
40,2,1990,8.3
40,2,1991,7.11
40,2,1992,6.97
40,2,1993,7.53
40,2,1994,8.63
40,2,1995,8.95
40,2,1996,9.21
40,2,1997,8.91
40,2,1998,8.51
40,2,1999,7.5
40,2,2000,6.73
40,2,2001,6.78
40,2,2002,6.92
40,2,2003,7.01
40,2,2004,7.01
40,2,2005,7.23
40,2,2006,7.9
40,2,2007,8.37
40,2,2008,8.3
40,2,2009,8.71
40,2,2010,9.49
40,2,2011,10.04
40,2,2012,10.59
40,2,2013,10.96
40,2,2014,11.22
40,2,2015,10.94
40,2,2016,11.09
40,2,2017,11.43
40,2,2018,11.63
40,2,2019,11.9
40,2,2020,12.09
40,2,2021,12.74
40,2,2022,12.64
40,2,2023,12.72
41,2,1980,8.04
41,2,1981,7.99
41,2,1982,8
41,2,1983,7.94
41,2,1984,8.07
41,2,1985,7.88
41,2,1986,8.22
41,2,1987,8.34
41,2,1988,8.41
41,2,1989,8.39
41,2,1990,8.32
41,2,1991,8.28
41,2,1992,8.5
41,2,1993,8.91
41,2,1994,8.89
41,2,1995,8.74
41,2,1996,8.7
41,2,1997,8.5
41,2,1998,8.6
41,2,1999,8.75
41,2,2000,8.88
41,2,2001,8.78
41,2,2002,8.72
41,2,2003,8.75
41,2,2004,7.79
41,2,2005,7.72
41,2,2006,8.01
41,2,2007,8.34
41,2,2008,8.64
41,2,2009,8.62
41,2,2010,8.89
41,2,2011,9.04
41,2,2012,9.33
41,2,2013,9.75
41,2,2014,10.01
41,2,2015,10.4
41,2,2016,10.8
41,2,2017,11.45
41,2,2018,11.33
41,2,2019,11
41,2,2020,10.29
41,2,2021,9.87
41,2,2022,10.34
41,2,2023,10.49
43,2,1980,6.1
43,2,1981,6.13
43,2,1982,6.18
43,2,1983,6.25
43,2,1984,6.29
43,2,1985,6.43
43,2,1986,6.33
43,2,1987,6.2
43,2,1988,6.2
43,2,1989,6.33
43,2,1990,6.4
43,2,1991,6.27
43,2,1992,6.26
43,2,1993,6.33
43,2,1994,6.38
43,2,1995,6.77
43,2,1996,7.1
43,2,1997,7.18
43,2,1998,7.83
43,2,1999,8.04
43,2,2000,8.65
43,2,2001,8.96
43,2,2002,9.68
43,2,2003,10.58
43,2,2004,11.01
43,2,2005,11.26
43,2,2006,11.57
43,2,2007,11.08
43,2,2008,11.65
43,2,2009,11.95
43,2,2010,12.32
43,2,2011,12.55
43,2,2012,13.08
43,2,2013,13.76
43,2,2014,14.52
43,2,2015,15.37
43,2,2016,16.15
43,2,2017,17.01
43,2,2018,17.03
43,2,2019,17.59
43,2,2020,17.59
43,2,2021,18.44
43,2,2022,19.34
43,2,2023,17.66
44,2,1980,13.27
44,2,1981,13.84
44,2,1982,14.33
44,2,1983,14.7
44,2,1984,14.89
44,2,1985,15.15
44,2,1986,15
44,2,1987,15.07
44,2,1988,15.16
44,2,1989,15.07
44,2,1990,15.28
44,2,1991,14.96
44,2,1992,14.46
44,2,1993,14.39
44,2,1994,14.67
44,2,1995,15.43
44,2,1996,16.43
44,2,1997,17.79
44,2,1998,19.27
44,2,1999,19.96
44,2,2000,20.9
44,2,2001,22.25
44,2,2002,23.51
44,2,2003,25.08
44,2,2004,26.41
44,2,2005,27.53
44,2,2006,27.92
44,2,2007,28.7
44,2,2008,29.58
44,2,2009,30.19
44,2,2010,30.78
44,2,2011,31.2
44,2,2012,32.01
44,2,2013,32.67
44,2,2014,33.59
44,2,2015,34.7
44,2,2016,35.32
44,2,2017,36.47
44,2,2018,37.16
44,2,2019,38.58
44,2,2020,39.66
44,2,2021,39.33
44,2,2022,40.29
44,2,2023,40.33
45,2,1980,20.2
45,2,1981,21.52
45,2,1982,22.13
45,2,1983,22.79
45,2,1984,23.56
45,2,1985,24.58
45,2,1986,24.71
45,2,1987,24.78
45,2,1988,26.23
45,2,1989,26.7
45,2,1990,26.74
45,2,1991,27.23
45,2,1992,27.15
45,2,1993,27.66
45,2,1994,28.33
45,2,1995,29.84
45,2,1996,30.97
45,2,1997,31.19
45,2,1998,30.67
45,2,1999,31.29
45,2,2000,32.51
45,2,2001,32.39
45,2,2002,32.93
45,2,2003,34
45,2,2004,34.42
45,2,2005,36.18
45,2,2006,36.23
45,2,2007,36.64
45,2,2008,36.87
45,2,2009,35.85
45,2,2010,35.21
45,2,2011,37.53
45,2,2012,39.42
45,2,2013,39.72
45,2,2014,40.69
45,2,2015,41.41
45,2,2016,40.49
45,2,2017,40.63
45,2,2018,41.08
45,2,2019,42.99
45,2,2020,44.19
45,2,2021,43.67
45,2,2022,41.96
45,2,2023,39.7
46,2,1980,28.1
46,2,1981,28.73
46,2,1982,29.41
46,2,1983,30.01
46,2,1984,30.49
46,2,1985,31.04
46,2,1986,31.87
46,2,1987,31.93
46,2,1988,33.35
46,2,1989,33.7
46,2,1990,34.98
46,2,1991,35.22
46,2,1992,35.32
46,2,1993,35.25
46,2,1994,35.72
46,2,1995,36.89
46,2,1996,35.44
46,2,1997,36.9
46,2,1998,37.61
46,2,1999,38.74
46,2,2000,39.48
46,2,2001,39.76
46,2,2002,39.83
46,2,2003,40.71
46,2,2004,40.85
46,2,2005,42.3
46,2,2006,41.27
46,2,2007,41.35
46,2,2008,42.29
46,2,2009,43.68
46,2,2010,45.5
46,2,2011,45.54
46,2,2012,48.41
46,2,2013,49.23
46,2,2014,50.4
46,2,2015,49.62
46,2,2016,48.34
46,2,2017,44.45
46,2,2018,41.96
46,2,2019,40.69
46,2,2020,39.86
46,2,2021,38.91
46,2,2022,39.68
46,2,2023,37.73
47,2,1980,32.74
47,2,1981,33.11
47,2,1982,33.39
47,2,1983,33.72
47,2,1984,34.63
47,2,1985,36.18
47,2,1986,37.38
47,2,1987,37.54
47,2,1988,37.2
47,2,1989,37.52
47,2,1990,38.35
47,2,1991,38.77
47,2,1992,38.53
47,2,1993,39.46
47,2,1994,40.38
47,2,1995,40.88
47,2,1996,40.07
47,2,1997,39.92
47,2,1998,40.09
47,2,1999,40.03
47,2,2000,39.97
47,2,2001,40.07
47,2,2002,41.07
47,2,2003,41.03
47,2,2004,41.55
47,2,2005,40.59
47,2,2006,39.63
47,2,2007,37.79
47,2,2008,37.12
47,2,2009,36.57
47,2,2010,36.43
47,2,2011,36.08
47,2,2012,35.51
47,2,2013,35.41
47,2,2014,34.49
47,2,2015,34.78
47,2,2016,35.12
47,2,2017,35.18
47,2,2018,35.34
47,2,2019,36.28
47,2,2020,37.27
47,2,2021,37.52
47,2,2022,37.46
47,2,2023,35.27
48,2,1980,32.78
48,2,1981,34.18
48,2,1982,35.09
48,2,1983,34.58
48,2,1984,35.14
48,2,1985,36.7
48,2,1986,37.69
48,2,1987,38.8
48,2,1988,38.66
48,2,1989,39.25
48,2,1990,39.83
48,2,1991,40.99
48,2,1992,42.01
48,2,1993,43.21
48,2,1994,43.71
48,2,1995,43.28
48,2,1996,44.74
48,2,1997,44.87
48,2,1998,45.68
48,2,1999,46.02
48,2,2000,45.53
48,2,2001,44.99
48,2,2002,44.73
48,2,2003,45.17
48,2,2004,44.97
48,2,2005,44.15
48,2,2006,43.14
48,2,2007,42.41
48,2,2008,43.01
48,2,2009,43.21
48,2,2010,42.64
48,2,2011,42.94
48,2,2012,43.01
48,2,2013,43.47
48,2,2014,43.29
48,2,2015,44.54
48,2,2016,44.67
48,2,2017,43.99
48,2,2018,44.05
48,2,2019,44.68
48,2,2020,45.68
48,2,2021,44.95
48,2,2022,44.59
48,2,2023,43.84
49,2,1980,16.6
49,2,1981,16.85
49,2,1982,17.29
49,2,1983,17.63
49,2,1984,18.08
49,2,1985,18.67
49,2,1986,19.08
49,2,1987,19.43
49,2,1988,19.75
49,2,1989,20.06
49,2,1990,20.27
49,2,1991,20.85
49,2,1992,21.21
49,2,1993,21.41
49,2,1994,22.1
49,2,1995,23.26
49,2,1996,24.04
49,2,1997,25.02
49,2,1998,25.44
49,2,1999,26.17
49,2,2000,26.75
49,2,2001,26.5
49,2,2002,26.99
49,2,2003,27.21
49,2,2004,27.66
49,2,2005,28.74
49,2,2006,29.12
49,2,2007,30.42
49,2,2008,30.95
49,2,2009,31.48
49,2,2010,31.94
49,2,2011,32.58
49,2,2012,33.28
49,2,2013,33.34
49,2,2014,34.32
49,2,2015,35.79
49,2,2016,36.63
49,2,2017,38.12
49,2,2018,39.07
49,2,2019,42.24
49,2,2020,42.44
49,2,2021,41.21
49,2,2022,42.87
49,2,2023,42.03
50,2,1980,22.93
50,2,1981,23.1
50,2,1982,23.85
50,2,1983,25.37
50,2,1984,25.91
50,2,1985,25.98
50,2,1986,25.87
50,2,1987,25.49
50,2,1988,25.11
50,2,1989,25.13
50,2,1990,24.66
50,2,1991,24.32
50,2,1992,25.04
50,2,1993,26.07
50,2,1994,27.38
50,2,1995,28.64
50,2,1996,28.03
50,2,1997,30.25
50,2,1998,31.68
50,2,1999,32.47
50,2,2000,33.44
50,2,2001,34.34
50,2,2002,35.35
50,2,2003,36.46
50,2,2004,36.33
50,2,2005,35.1
50,2,2006,38.28
50,2,2007,36.44
50,2,2008,35.74
50,2,2009,38.74
50,2,2010,39.12
50,2,2011,39.97
50,2,2012,41.09
50,2,2013,42.11
50,2,2014,42.98
50,2,2015,44.97
50,2,2016,45.6
50,2,2017,43.56
50,2,2018,46.83
50,2,2019,42.88
50,2,2020,45.5
50,2,2021,43.68
50,2,2022,45.7
50,2,2023,47.32
51,2,1980,21.65
51,2,1981,22.06
51,2,1982,21.87
51,2,1983,22.07
51,2,1984,22.61
51,2,1985,22.94
51,2,1986,23.37
51,2,1987,23.42
51,2,1988,23.84
51,2,1989,24.18
51,2,1990,25.11
51,2,1991,25.41
51,2,1992,26.18
51,2,1993,26.62
51,2,1994,26.98
51,2,1995,27.99
51,2,1996,28.86
51,2,1997,29.39
51,2,1998,29.74
51,2,1999,30.45
51,2,2000,30.59
51,2,2001,31
51,2,2002,31.22
51,2,2003,31.95
51,2,2004,32.19
51,2,2005,33.06
51,2,2006,33.4
51,2,2007,33.41
51,2,2008,33.54
51,2,2009,33.33
51,2,2010,33.19
51,2,2011,33.48
51,2,2012,34.23
51,2,2013,35.1
51,2,2014,36.01
51,2,2015,37.8
51,2,2016,38.4
51,2,2017,40.1
51,2,2018,41.5
51,2,2019,42.21
51,2,2020,42.43
51,2,2021,39.55
51,2,2022,40.89
51,2,2023,40.14
52,2,1980,16.9
52,2,1981,17.33
52,2,1982,18.06
52,2,1983,18.42
52,2,1984,18.8
52,2,1985,19.24
52,2,1986,19.8
52,2,1987,20.19
52,2,1988,21.21
52,2,1989,21.51
52,2,1990,21.76
52,2,1991,22.16
52,2,1992,22.39
52,2,1993,22.94
52,2,1994,23.72
52,2,1995,25
52,2,1996,25.41
52,2,1997,25.58
52,2,1998,26.42
52,2,1999,27.62
52,2,2000,28.19
52,2,2001,28.95
52,2,2002,29.63
52,2,2003,30.04
52,2,2004,30.68
52,2,2005,31.34
52,2,2006,31.22
52,2,2007,31.2
52,2,2008,31.54
52,2,2009,32.68
52,2,2010,33.2
52,2,2011,33.42
52,2,2012,33.85
52,2,2013,35.02
52,2,2014,36.33
52,2,2015,37.84
52,2,2016,38.34
52,2,2017,38.98
52,2,2018,39.02
52,2,2019,38.54
52,2,2020,38.12
52,2,2021,39.18
52,2,2022,39.18
52,2,2023,38.07
53,2,1980,26.75
53,2,1981,26.99
53,2,1982,27
53,2,1983,28.1
53,2,1984,28.13
53,2,1985,28.23
53,2,1986,28.46
53,2,1987,29.03
53,2,1988,29.59
53,2,1989,30.63
53,2,1990,31.37
53,2,1991,32.8
53,2,1992,33.92
53,2,1993,34.65
53,2,1994,35.3
53,2,1995,36.52
53,2,1996,37.87
53,2,1997,39.1
53,2,1998,40.72
53,2,1999,41.92
53,2,2000,42.98
53,2,2001,42.29
53,2,2002,43.3
53,2,2003,43.94
53,2,2004,44.95
53,2,2005,45.73
53,2,2006,45.54
53,2,2007,46.59
53,2,2008,47.22
53,2,2009,47.62
53,2,2010,48.25
53,2,2011,48.57
53,2,2012,49.08
53,2,2013,49.22
53,2,2014,49.83
53,2,2015,50.89
53,2,2016,50.72
53,2,2017,51.72
53,2,2018,51.13
53,2,2019,51.62
53,2,2020,52.31
53,2,2021,52.96
53,2,2022,52.58
53,2,2023,53.63
54,2,1980,21.59
54,2,1981,21.65
54,2,1982,21.97
54,2,1983,22.05
54,2,1984,22.51
54,2,1985,22.81
54,2,1986,23.45
54,2,1987,23.7
54,2,1988,24.25
54,2,1989,24.92
54,2,1990,25.25
54,2,1991,25.7
54,2,1992,26.11
54,2,1993,26.8
54,2,1994,27.78
54,2,1995,28.47
54,2,1996,28.9
54,2,1997,29.37
54,2,1998,29.92
54,2,1999,30.23
54,2,2000,30.56
54,2,2001,30.6
54,2,2002,30.28
54,2,2003,30.15
54,2,2004,30.18
54,2,2005,30.62
54,2,2006,31.06
54,2,2007,31.43
54,2,2008,31.8
54,2,2009,32.16
54,2,2010,33.15
54,2,2011,33.73
54,2,2012,34.68
54,2,2013,35.5
54,2,2014,36.17
54,2,2015,37.51
54,2,2016,38.28
54,2,2017,39.15
54,2,2018,39.28
54,2,2019,39.42
54,2,2020,40.03
54,2,2021,40.53
54,2,2022,40.27
54,2,2023,39.78
55,2,1980,30.04
55,2,1981,29.94
55,2,1982,29.99
55,2,1983,29.59
55,2,1984,31.31
55,2,1985,32.72
55,2,1986,33.29
55,2,1987,33.54
55,2,1988,33.9
55,2,1989,34.11
55,2,1990,35.35
55,2,1991,36.74
55,2,1992,38.57
55,2,1993,40.04
55,2,1994,39.09
55,2,1995,39.4
55,2,1996,38.77
55,2,1997,39.65
55,2,1998,40.87
55,2,1999,41.32
55,2,2000,41.18
55,2,2001,42.45
55,2,2002,43.87
55,2,2003,41.91
55,2,2004,41.78
55,2,2005,42.13
55,2,2006,42.53
55,2,2007,42.33
55,2,2008,43.85
55,2,2009,44.11
55,2,2010,43.05
55,2,2011,41.66
55,2,2012,41.12
55,2,2013,41.78
55,2,2014,41.09
55,2,2015,42.14
55,2,2016,41.78
55,2,2017,43.57
55,2,2018,44.78
55,2,2019,44.82
55,2,2020,46.45
55,2,2021,43.89
55,2,2022,45.71
55,2,2023,45.19
57,2,1980,15.19
57,2,1981,15.39
57,2,1982,15.17
57,2,1983,15.79
57,2,1984,17.05
57,2,1985,17.34
57,2,1986,17.7
57,2,1987,17.65
57,2,1988,17.84
57,2,1989,19.1
57,2,1990,20.53
57,2,1991,21.61
57,2,1992,23.51
57,2,1993,24.76
57,2,1994,25.65
57,2,1995,26.2
57,2,1996,26.96
57,2,1997,28.12
57,2,1998,29.64
57,2,1999,31.37
57,2,2000,31.51
57,2,2001,30.76
57,2,2002,27.01
57,2,2003,27.41
57,2,2004,31.2
57,2,2005,36.66
57,2,2006,31.98
57,2,2007,28.49
57,2,2008,26.77
57,2,2009,27.04
57,2,2010,26.95
57,2,2011,26.02
57,2,2012,25.93
57,2,2013,25.59
57,2,2014,24.32
57,2,2015,24.11
57,2,2016,24.23
57,2,2017,24.9
57,2,2018,25.33
57,2,2019,25.8
57,2,2020,25.07
57,2,2021,25.54
57,2,2022,27.6
57,2,2023,28.59
58,2,1980,28.18
58,2,1981,28.14
58,2,1982,27.3
58,2,1983,25.08
58,2,1984,27.05
58,2,1985,29.3
58,2,1986,30.29
58,2,1987,30.7
58,2,1988,31.67
58,2,1989,34.01
58,2,1990,35.39
58,2,1991,37.68
58,2,1992,37.76
58,2,1993,35.82
58,2,1994,32.03
58,2,1995,33.46
58,2,1996,34.81
58,2,1997,34.74
58,2,1998,34.7
58,2,1999,35.69
58,2,2000,36.71
58,2,2001,36.22
58,2,2002,36.49
58,2,2003,35.54
58,2,2004,35.69
58,2,2005,35.49
58,2,2006,34.29
58,2,2007,33.82
58,2,2008,34.98
58,2,2009,35.82
58,2,2010,35.51
58,2,2011,36.95
58,2,2012,37.38
58,2,2013,34.79
58,2,2014,35.64
58,2,2015,35
58,2,2016,34.97
58,2,2017,36.91
58,2,2018,36.27
58,2,2019,35.67
58,2,2020,35.45
58,2,2021,36.11
58,2,2022,35.27
58,2,2023,34.77
59,2,1980,28.18
59,2,1981,29.72
59,2,1982,29.4
59,2,1983,30.63
59,2,1984,32.02
59,2,1985,32.02
59,2,1986,33.82
59,2,1987,34.29
59,2,1988,33.7
59,2,1989,35.19
59,2,1990,36.49
59,2,1991,37.92
59,2,1992,39.32
59,2,1993,41.11
59,2,1994,41.26
59,2,1995,39.93
59,2,1996,34.44
59,2,1997,33.03
59,2,1998,33
59,2,1999,34.43
59,2,2000,35.33
59,2,2001,35.43
59,2,2002,36.8
59,2,2003,36.62
59,2,2004,37.49
59,2,2005,37.51
59,2,2006,38.56
59,2,2007,37.8
59,2,2008,40.04
59,2,2009,41.05
59,2,2010,40.7
59,2,2011,41.4
59,2,2012,40.76
59,2,2013,40.85
59,2,2014,41.37
59,2,2015,41.96
59,2,2016,41.95
59,2,2017,41.3
59,2,2018,40.85
59,2,2019,41.59
59,2,2020,42.8
59,2,2021,43.92
59,2,2022,43.95
59,2,2023,41.94
60,2,1980,20.05
60,2,1981,23.28
60,2,1982,24.47
60,2,1983,22.2
60,2,1984,23.03
60,2,1985,27.29
60,2,1986,29.55
60,2,1987,30.13
60,2,1988,30.31
60,2,1989,31.55
60,2,1990,32.22
60,2,1991,32.6
60,2,1992,33.04
60,2,1993,30.32
60,2,1994,29.23
60,2,1995,28.75
60,2,1996,30.16
60,2,1997,31.25
60,2,1998,30.19
60,2,1999,30.09
60,2,2000,31.15
60,2,2001,31.83
60,2,2002,33.01
60,2,2003,35.12
60,2,2004,34.82
60,2,2005,35.19
60,2,2006,34.02
60,2,2007,35.67
60,2,2008,37.26
60,2,2009,38.66
60,2,2010,38.28
60,2,2011,37.3
60,2,2012,37.37
60,2,2013,37.65
60,2,2014,37.06
60,2,2015,37.76
60,2,2016,36.57
60,2,2017,36.46
60,2,2018,37.46
60,2,2019,38.85
60,2,2020,38.68
60,2,2021,38.6
60,2,2022,38.99
60,2,2023,37.71
61,2,1980,19.29
61,2,1981,19.57
61,2,1982,20.36
61,2,1983,21.26
61,2,1984,22.74
61,2,1985,22.48
61,2,1986,22.39
61,2,1987,21.53
61,2,1988,21.08
61,2,1989,22.29
61,2,1990,22.49
61,2,1991,20.5
61,2,1992,21.28
61,2,1993,22.43
61,2,1994,22.69
61,2,1995,22.55
61,2,1996,22.2
61,2,1997,20.78
61,2,1998,20.22
61,2,1999,21.56
61,2,2000,21.46
61,2,2001,22.45
61,2,2002,23.21
61,2,2003,23.61
61,2,2004,23.74
61,2,2005,23.78
61,2,2006,25.46
61,2,2007,26.88
61,2,2008,28.73
61,2,2009,29.62
61,2,2010,28.43
61,2,2011,29.33
61,2,2012,28.58
61,2,2013,29.32
61,2,2014,29.24
61,2,2015,30.32
61,2,2016,30.24
61,2,2017,30.58
61,2,2018,29.44
61,2,2019,28.18
61,2,2020,25.55
61,2,2021,24.03
61,2,2022,26.05
61,2,2023,28.33
62,2,1980,15.7
62,2,1981,15.61
62,2,1982,15.42
62,2,1983,15.92
62,2,1984,17.71
62,2,1985,20.28
62,2,1986,19.84
62,2,1987,19.79
62,2,1988,20.18
62,2,1989,20.53
62,2,1990,21.44
62,2,1991,22.13
62,2,1992,23.56
62,2,1993,25.35
62,2,1994,26.39
62,2,1995,26.19
62,2,1996,26.39
62,2,1997,27.03
62,2,1998,27.56
62,2,1999,28.66
62,2,2000,29.41
62,2,2001,29.56
62,2,2002,30.33
62,2,2003,31.04
62,2,2004,31.3
62,2,2005,31.19
62,2,2006,30.86
62,2,2007,31
62,2,2008,31.56
62,2,2009,31.99
62,2,2010,32.47
62,2,2011,32.27
62,2,2012,32.09
62,2,2013,32.02
62,2,2014,31.85
62,2,2015,32.58
62,2,2016,31.93
62,2,2017,31.3
62,2,2018,31.09
62,2,2019,30.66
62,2,2020,30.5
62,2,2021,29.76
62,2,2022,27.78
62,2,2023,28.11
63,2,1980,19.92
63,2,1981,19.99
63,2,1982,20.39
63,2,1983,21.12
63,2,1984,22.39
63,2,1985,22.53
63,2,1986,22.57
63,2,1987,22.85
63,2,1988,23.72
63,2,1989,25.08
63,2,1990,26.7
63,2,1991,28.4
63,2,1992,30
63,2,1993,31.91
63,2,1994,33.11
63,2,1995,33.77
63,2,1996,33.52
63,2,1997,32.9
63,2,1998,32.75
63,2,1999,33.9
63,2,2000,35
63,2,2001,35.63
63,2,2002,37.02
63,2,2003,38.39
63,2,2004,37.78
63,2,2005,34.15
63,2,2006,33.43
63,2,2007,33.11
63,2,2008,33.45
63,2,2009,33.91
63,2,2010,33.9
63,2,2011,33.63
63,2,2012,34.36
63,2,2013,34.71
63,2,2014,32.15
63,2,2015,30.44
63,2,2016,30.34
63,2,2017,30.92
63,2,2018,30.16
63,2,2019,30.6
63,2,2020,31.77
63,2,2021,29.78
63,2,2022,29.02
63,2,2023,31.41
66,2,1980,9.47
66,2,1981,9.41
66,2,1982,9.16
66,2,1983,8.92
66,2,1984,8.65
66,2,1985,8.42
66,2,1986,8.15
66,2,1987,7.95
66,2,1988,7.84
66,2,1989,7.75
66,2,1990,7.72
66,2,1991,7.74
66,2,1992,7.84
66,2,1993,7.96
66,2,1994,8.06
66,2,1995,8.19
66,2,1996,8.32
66,2,1997,8.68
66,2,1998,8.88
66,2,1999,9.05
66,2,2000,9.3
66,2,2001,9.59
66,2,2002,9.9
66,2,2003,10.18
66,2,2004,10.54
66,2,2005,11.04
66,2,2006,11.45
66,2,2007,11.77
66,2,2008,12.12
66,2,2009,12.58
66,2,2010,13.13
66,2,2011,13.68
66,2,2012,14.2
66,2,2013,14.91
66,2,2014,15.3
66,2,2015,15.83
66,2,2016,16.52
66,2,2017,16.84
66,2,2018,17.13
66,2,2019,17.86
66,2,2020,18.44
66,2,2021,19.29
66,2,2022,19.98
66,2,2023,20.72
67,2,1980,8.17
67,2,1981,8.31
67,2,1982,8.25
67,2,1983,8.47
67,2,1984,8.85
67,2,1985,9.11
67,2,1986,9.28
67,2,1987,9.45
67,2,1988,9.97
67,2,1989,10.18
67,2,1990,10.51
67,2,1991,10.97
67,2,1992,11.43
67,2,1993,11.91
67,2,1994,12.38
67,2,1995,13.15
67,2,1996,13.45
67,2,1997,14
67,2,1998,14.44
67,2,1999,15.11
67,2,2000,15.38
67,2,2001,15.88
67,2,2002,16.03
67,2,2003,16.45
67,2,2004,17.19
67,2,2005,17.77
67,2,2006,18.13
67,2,2007,18.58
67,2,2008,19.23
67,2,2009,19.39
67,2,2010,20.44
67,2,2011,20.97
67,2,2012,21.22
67,2,2013,21.92
67,2,2014,22.33
67,2,2015,22.99
67,2,2016,23.73
67,2,2017,24.64
67,2,2018,25.4
67,2,2019,26.03
67,2,2020,26.09
67,2,2021,26.86
67,2,2022,29
67,2,2023,30.53
68,2,1980,4.37
68,2,1981,4.07
68,2,1982,4.18
68,2,1983,4.52
68,2,1984,4.44
68,2,1985,4.43
68,2,1986,4.54
68,2,1987,4.65
68,2,1988,4.63
68,2,1989,4.69
68,2,1990,4.81
68,2,1991,4.93
68,2,1992,4.99
68,2,1993,5.11
68,2,1994,5.34
68,2,1995,5.56
68,2,1996,5.82
68,2,1997,6.2
68,2,1998,6.34
68,2,1999,6.49
68,2,2000,6.59
68,2,2001,6.63
68,2,2002,6.9
68,2,2003,7.12
68,2,2004,7.32
68,2,2005,7.52
68,2,2006,7.65
68,2,2007,7.89
68,2,2008,8.12
68,2,2009,8.35
68,2,2010,8.65
68,2,2011,8.73
68,2,2012,9.01
68,2,2013,9.22
68,2,2014,9.35
68,2,2015,9.67
68,2,2016,9.93
68,2,2017,10.11
68,2,2018,10.53
68,2,2019,10.72
68,2,2020,11.07
68,2,2021,11.05
68,2,2022,11.65
68,2,2023,12.04
69,2,1980,12.93
69,2,1981,13.03
69,2,1982,11.86
69,2,1983,11.67
69,2,1984,12.01
69,2,1985,13.11
69,2,1986,13.94
69,2,1987,14.1
69,2,1988,13.98
69,2,1989,14.01
69,2,1990,14.33
69,2,1991,14.74
69,2,1992,14.54
69,2,1993,15.07
69,2,1994,15.01
69,2,1995,14.87
69,2,1996,15.12
69,2,1997,15.51
69,2,1998,14.94
69,2,1999,15.87
69,2,2000,15.72
69,2,2001,16.57
69,2,2002,16.65
69,2,2003,16.53
69,2,2004,16.42
69,2,2005,16.87
69,2,2006,17.68
69,2,2007,17.83
69,2,2008,18.04
69,2,2009,18.14
69,2,2010,17.8
69,2,2011,17.97
69,2,2012,18
69,2,2013,18.48
69,2,2014,18.17
69,2,2015,18.06
69,2,2016,18.36
69,2,2017,18.79
69,2,2018,18.83
69,2,2019,18.34
69,2,2020,18.37
69,2,2021,19.47
69,2,2022,20.04
69,2,2023,21
71,2,1980,27.17
71,2,1981,27.88
71,2,1982,28.98
71,2,1983,29.6
71,2,1984,30.57
71,2,1985,30.85
71,2,1986,30.56
71,2,1987,31.11
71,2,1988,31.92
71,2,1989,32.6
71,2,1990,32.12
71,2,1991,32.06
71,2,1992,31.96
71,2,1993,32.64
71,2,1994,32.9
71,2,1995,32.6
71,2,1996,32.35
71,2,1997,31.53
71,2,1998,30.99
71,2,1999,30.33
71,2,2000,30.06
71,2,2001,30.36
71,2,2002,31.05
71,2,2003,31.09
71,2,2004,30.54
71,2,2005,30.1
71,2,2006,29.54
71,2,2007,29.7
71,2,2008,30.22
71,2,2009,29.53
71,2,2010,29.65
71,2,2011,29.55
71,2,2012,28.71
71,2,2013,28.28
71,2,2014,28.14
71,2,2015,28.4
71,2,2016,28.04
71,2,2017,27.47
71,2,2018,27.63
71,2,2019,28.4
71,2,2020,26.95
71,2,2021,27.48
71,2,2022,27.51
71,2,2023,27.44
72,2,1980,32.73
72,2,1981,32.9
72,2,1982,33.4
72,2,1983,34.15
72,2,1984,34.34
72,2,1985,35.46
72,2,1986,35.55
72,2,1987,37.35
72,2,1988,38.28
72,2,1989,38.33
72,2,1990,38.06
72,2,1991,36.89
72,2,1992,36.08
72,2,1993,35.83
72,2,1994,35.6
72,2,1995,36.92
72,2,1996,38.65
72,2,1997,37.19
72,2,1998,36.14
72,2,1999,35.58
72,2,2000,34.83
72,2,2001,34.68
72,2,2002,34.57
72,2,2003,34.41
72,2,2004,33.38
72,2,2005,32.7
72,2,2006,31.4
72,2,2007,31.62
72,2,2008,31.12
72,2,2009,31.33
72,2,2010,30.88
72,2,2011,30.45
72,2,2012,29.69
72,2,2013,29.33
72,2,2014,29.57
72,2,2015,30.59
72,2,2016,30.64
72,2,2017,30.54
72,2,2018,30.63
72,2,2019,30.01
72,2,2020,28.85
72,2,2021,30.2
72,2,2022,32.05
72,2,2023,33.83
74,2,1980,16.58
74,2,1981,16.78
74,2,1982,16.99
74,2,1983,17.1
74,2,1984,17.31
74,2,1985,17.48
74,2,1986,17.57
74,2,1987,18.17
74,2,1988,18.62
74,2,1989,19.28
74,2,1990,19.29
74,2,1991,18.94
74,2,1992,19.13
74,2,1993,19.61
74,2,1994,20.32
74,2,1995,21.23
74,2,1996,22.11
74,2,1997,22.91
74,2,1998,23.74
74,2,1999,24.64
74,2,2000,25.75
74,2,2001,26.67
74,2,2002,27.52
74,2,2003,26.8
74,2,2004,26.17
74,2,2005,25.9
74,2,2006,25.87
74,2,2007,26.31
74,2,2008,26.75
74,2,2009,27.44
74,2,2010,27.95
74,2,2011,27.36
74,2,2012,27.57
74,2,2013,28.16
74,2,2014,28.79
74,2,2015,29.47
74,2,2016,30.08
74,2,2017,30.85
74,2,2018,32
74,2,2019,33.04
74,2,2020,33.4
74,2,2021,34.89
74,2,2022,36.56
74,2,2023,36.86
75,2,1980,40.62
75,2,1981,40.92
75,2,1982,41.14
75,2,1983,41.8
75,2,1984,42.61
75,2,1985,43.93
75,2,1986,44.51
75,2,1987,45.21
75,2,1988,45.46
75,2,1989,45.72
75,2,1990,46.04
75,2,1991,45.93
75,2,1992,46.27
75,2,1993,46.08
75,2,1994,45.6
75,2,1995,45.47
75,2,1996,44.55
75,2,1997,43.39
75,2,1998,42.36
75,2,1999,41.77
75,2,2000,42.33
75,2,2001,41.3
75,2,2002,41.32
75,2,2003,41.58
75,2,2004,41.02
75,2,2005,41.41
75,2,2006,41.34
75,2,2007,40.64
75,2,2008,40.8
75,2,2009,41.65
75,2,2010,40.91
75,2,2011,40.31
75,2,2012,41.25
75,2,2013,41.25
75,2,2014,40.61
75,2,2015,41.31
75,2,2016,40.17
75,2,2017,40.18
75,2,2018,40.49
75,2,2019,40.56
75,2,2020,40.97
75,2,2021,40.24
75,2,2022,41.9
75,2,2023,41.4
76,2,1980,54.33
76,2,1981,55.17
76,2,1982,56.28
76,2,1983,56.37
76,2,1984,56.45
76,2,1985,56.95
76,2,1986,58.29
76,2,1987,57.13
76,2,1988,57.02
76,2,1989,58.38
76,2,1990,57.88
76,2,1991,57.9
76,2,1992,56.95
76,2,1993,56.83
76,2,1994,57.16
76,2,1995,56.77
76,2,1996,55.57
76,2,1997,54.53
76,2,1998,55.63
76,2,1999,55.46
76,2,2000,53.55
76,2,2001,52.98
76,2,2002,53.34
76,2,2003,52.31
76,2,2004,51.11
76,2,2005,50.36
76,2,2006,50.17
76,2,2007,50.93
76,2,2008,51.39
76,2,2009,51.14
76,2,2010,51.18
76,2,2011,50.32
76,2,2012,50.33
76,2,2013,49.44
76,2,2014,47.94
76,2,2015,47.69
76,2,2016,47.72
76,2,2017,47.41
76,2,2018,47.07
76,2,2019,44.69
76,2,2020,43.86
76,2,2021,41.9
76,2,2022,45.84
76,2,2023,44.46
77,2,1980,31.21
77,2,1981,28.49
77,2,1982,27.51
77,2,1983,29.76
77,2,1984,28.18
77,2,1985,29.87
77,2,1986,25.78
77,2,1987,26.73
77,2,1988,26.36
77,2,1989,27.1
77,2,1990,25.85
77,2,1991,26.41
77,2,1992,28.06
77,2,1993,27.29
77,2,1994,28.43
77,2,1995,28.48
77,2,1996,29.23
77,2,1997,30.51
77,2,1998,31.87
77,2,1999,31.95
77,2,2000,31.91
77,2,2001,31.16
77,2,2002,32.25
77,2,2003,33.3
77,2,2004,33.45
77,2,2005,35.22
77,2,2006,34.7
77,2,2007,35.31
77,2,2008,33.95
77,2,2009,32.92
77,2,2010,32.44
77,2,2011,33.22
77,2,2012,33.17
77,2,2013,31.77
77,2,2014,32.62
77,2,2015,33.89
77,2,2016,31.92
77,2,2017,33.83
77,2,2018,33.24
77,2,2019,34.33
77,2,2020,34.67
77,2,2021,36.32
77,2,2022,35.98
77,2,2023,33.33
78,2,1980,74.42
78,2,1981,75.23
78,2,1982,76.24
78,2,1983,78.03
78,2,1984,80.12
78,2,1985,81.83
78,2,1986,82.9
78,2,1987,84.11
78,2,1988,85.41
78,2,1989,86.32
78,2,1990,84.95
78,2,1991,85.66
78,2,1992,86.82
78,2,1993,82.67
78,2,1994,67.55
78,2,1995,66.98
78,2,1996,65.09
78,2,1997,63.67
78,2,1998,62
78,2,1999,60.61
78,2,2000,60.15
78,2,2001,59.92
78,2,2002,60.45
78,2,2003,57.78
78,2,2004,55.93
78,2,2005,55.22
78,2,2006,55.06
78,2,2007,55.51
78,2,2008,53.3
78,2,2009,53.27
78,2,2010,52.74
78,2,2011,51.49
78,2,2012,49.26
78,2,2013,48.57
78,2,2014,48.11
78,2,2015,47.97
78,2,2016,48.09
78,2,2017,48.21
78,2,2018,47.5
78,2,2019,47.92
78,2,2020,48.25
78,2,2021,51.23
78,2,2022,52.64
78,2,2023,51.5
79,2,1980,27.67
79,2,1981,28.04
79,2,1982,28.48
79,2,1983,29.17
79,2,1984,29.97
79,2,1985,31.29
79,2,1986,33.05
79,2,1987,34.14
79,2,1988,35.56
79,2,1989,35.23
79,2,1990,35.31
79,2,1991,34.86
79,2,1992,35.93
79,2,1993,36.16
79,2,1994,35.79
79,2,1995,36.46
79,2,1996,35.02
79,2,1997,34.73
79,2,1998,34.9
79,2,1999,35.86
79,2,2000,35.67
79,2,2001,35.97
79,2,2002,35.54
79,2,2003,35.49
79,2,2004,35.39
79,2,2005,35.67
79,2,2006,36.41
79,2,2007,36.05
79,2,2008,35.62
79,2,2009,35.4
79,2,2010,36.5
79,2,2011,36.07
79,2,2012,36.83
79,2,2013,36.79
79,2,2014,36.19
79,2,2015,36.53
79,2,2016,37.86
79,2,2017,38.61
79,2,2018,38.28
79,2,2019,38.69
79,2,2020,40.17
79,2,2021,40.52
79,2,2022,40.92
79,2,2023,43.57
80,2,1980,39.76
80,2,1981,41.11
80,2,1982,41.16
80,2,1983,42.25
80,2,1984,41.31
80,2,1985,41.6
80,2,1986,41.86
80,2,1987,41.63
80,2,1988,42.11
80,2,1989,42.43
80,2,1990,42.31
80,2,1991,42.36
80,2,1992,42.69
80,2,1993,43.57
80,2,1994,43.17
80,2,1995,43.68
80,2,1996,43.88
80,2,1997,43.28
80,2,1998,43.62
80,2,1999,44.54
80,2,2000,44.7
80,2,2001,44.85
80,2,2002,45.55
80,2,2003,46.33
80,2,2004,43.92
80,2,2005,44.53
80,2,2006,43.98
80,2,2007,43.78
80,2,2008,44.52
80,2,2009,44.44
80,2,2010,44.32
80,2,2011,43.04
80,2,2012,43.98
80,2,2013,43.82
80,2,2014,43.53
80,2,2015,45.34
80,2,2016,45.22
80,2,2017,45.63
80,2,2018,45.47
80,2,2019,45.22
80,2,2020,44.46
80,2,2021,42.38
80,2,2022,46.49
80,2,2023,46.38
81,2,1980,45.54
81,2,1981,46.51
81,2,1982,46.82
81,2,1983,47.52
81,2,1984,47.43
81,2,1985,48.38
81,2,1986,49.79
81,2,1987,49.94
81,2,1988,50.37
81,2,1989,50
81,2,1990,50.37
81,2,1991,51.29
81,2,1992,50.87
81,2,1993,51.66
81,2,1994,51.33
81,2,1995,51.1
81,2,1996,51.29
81,2,1997,49.92
81,2,1998,49.09
81,2,1999,48.67
81,2,2000,48.4
81,2,2001,47.82
81,2,2002,48
81,2,2003,47.77
81,2,2004,47.36
81,2,2005,47.73
81,2,2006,47.27
81,2,2007,46.86
81,2,2008,47.85
81,2,2009,47.92
81,2,2010,48.33
81,2,2011,48.05
81,2,2012,48.3
81,2,2013,49.04
81,2,2014,48.16
81,2,2015,50.4
81,2,2016,50.5
81,2,2017,51.05
81,2,2018,51.88
81,2,2019,51.47
81,2,2020,52.16
81,2,2021,52.65
81,2,2022,54.1
81,2,2023,54.53
82,2,1980,27.49
82,2,1981,27.61
82,2,1982,28.31
82,2,1983,28.45
82,2,1984,28.98
82,2,1985,29.58
82,2,1986,30.73
82,2,1987,34.63
82,2,1988,35.42
82,2,1989,35.74
82,2,1990,37.27
82,2,1991,38.46
82,2,1992,39.24
82,2,1993,40.14
82,2,1994,40.65
82,2,1995,40.94
82,2,1996,40.92
82,2,1997,40.29
82,2,1998,39.93
82,2,1999,40.86
82,2,2000,42.54
82,2,2001,43.53
82,2,2002,44.1
82,2,2003,44.5
82,2,2004,45.48
82,2,2005,45.26
82,2,2006,45.15
82,2,2007,43.41
82,2,2008,44.62
82,2,2009,41.61
82,2,2010,41.24
82,2,2011,40.04
82,2,2012,41.98
82,2,2013,42.68
82,2,2014,45.63
82,2,2015,48.88
82,2,2016,49.74
82,2,2017,50.99
82,2,2018,50.19
82,2,2019,51.64
82,2,2020,52.09
82,2,2021,53.52
82,2,2022,53.33
82,2,2023,53.16
83,2,1980,26.41
83,2,1981,26.44
83,2,1982,28.07
83,2,1983,28.89
83,2,1984,30.25
83,2,1985,29.37
83,2,1986,28.08
83,2,1987,30.17
83,2,1988,31.03
83,2,1989,31.49
83,2,1990,31.91
83,2,1991,31.62
83,2,1992,32.44
83,2,1993,32.9
83,2,1994,33.24
83,2,1995,34
83,2,1996,32.5
83,2,1997,32.46
83,2,1998,32.36
83,2,1999,31.02
83,2,2000,29.56
83,2,2001,28.19
83,2,2002,28.79
83,2,2003,28.42
83,2,2004,28.6
83,2,2005,28.4
83,2,2006,28.77
83,2,2007,29.48
83,2,2008,29.45
83,2,2009,28.07
83,2,2010,26.32
83,2,2011,27.38
83,2,2012,29
83,2,2013,30.38
83,2,2014,30.73
83,2,2015,31.17
83,2,2016,30.99
83,2,2017,29.56
83,2,2018,28.76
83,2,2019,29.18
83,2,2020,27.92
83,2,2021,28.04
83,2,2022,29.76
83,2,2023,29.36
84,2,1980,35.91
84,2,1981,33.95
84,2,1982,34.48
84,2,1983,34.15
84,2,1984,34.29
84,2,1985,35.13
84,2,1986,35.4
84,2,1987,36.8
84,2,1988,37.76
84,2,1989,39.69
84,2,1990,38.82
84,2,1991,39.86
84,2,1992,39.94
84,2,1993,39.86
84,2,1994,39.58
84,2,1995,39.09
84,2,1996,39.01
84,2,1997,37.81
84,2,1998,37.55
84,2,1999,37.95
84,2,2000,37.8
84,2,2001,37.22
84,2,2002,35.59
84,2,2003,35.1
84,2,2004,35.15
84,2,2005,35.05
84,2,2006,34.47
84,2,2007,32.73
84,2,2008,33.42
84,2,2009,32.03
84,2,2010,31.05
84,2,2011,31.12
84,2,2012,31.25
84,2,2013,31.56
84,2,2014,31.53
84,2,2015,31.36
84,2,2016,32.22
84,2,2017,32.02
84,2,2018,31.97
84,2,2019,30.86
84,2,2020,31.22
84,2,2021,29.45
84,2,2022,32.73
84,2,2023,34.71
85,2,1980,30.95
85,2,1981,29.76
85,2,1982,30.49
85,2,1983,32.46
85,2,1984,31.57
85,2,1985,30.6
85,2,1986,30.56
85,2,1987,30.41
85,2,1988,30.35
85,2,1989,29.63
85,2,1990,29.75
85,2,1991,31.44
85,2,1992,32.9
85,2,1993,33.74
85,2,1994,34.29
85,2,1995,36.42
85,2,1996,35.65
85,2,1997,35.24
85,2,1998,38.39
85,2,1999,35.47
85,2,2000,34.54
85,2,2001,33.78
85,2,2002,33.42
85,2,2003,33.03
85,2,2004,32.12
85,2,2005,31.36
85,2,2006,30.71
85,2,2007,30.76
85,2,2008,30.56
85,2,2009,28.86
85,2,2010,28.04
85,2,2011,28.2
85,2,2012,28.1
85,2,2013,28.01
85,2,2014,27.41
85,2,2015,27.37
85,2,2016,27.52
85,2,2017,27.64
85,2,2018,27.73
85,2,2019,27.97
85,2,2020,27.59
85,2,2021,27.84
85,2,2022,28.23
85,2,2023,27.84
86,2,1980,38.18
86,2,1981,38.87
86,2,1982,39.2
86,2,1983,40.68
86,2,1984,40.7
86,2,1985,42
86,2,1986,42.5
86,2,1987,43
86,2,1988,43.89
86,2,1989,44.18
86,2,1990,44.82
86,2,1991,45.62
86,2,1992,44.94
86,2,1993,45.86
86,2,1994,46.1
86,2,1995,46.31
86,2,1996,46.58
86,2,1997,46.3
86,2,1998,46.03
86,2,1999,45.84
86,2,2000,46.37
86,2,2001,46.97
86,2,2002,46.29
86,2,2003,46.78
86,2,2004,43.79
86,2,2005,44.62
86,2,2006,44.42
86,2,2007,45.63
86,2,2008,46.28
86,2,2009,46.08
86,2,2010,45.16
86,2,2011,44.77
86,2,2012,45.43
86,2,2013,44.59
86,2,2014,45.05
86,2,2015,47.45
86,2,2016,46.49
86,2,2017,48.28
86,2,2018,48.01
86,2,2019,48.34
86,2,2020,49.47
86,2,2021,48.47
86,2,2022,50.17
86,2,2023,48.85
87,2,1980,48.59
87,2,1981,50.13
87,2,1982,51.37
87,2,1983,49.09
87,2,1984,50.86
87,2,1985,51.87
87,2,1986,51.3
87,2,1987,51.16
87,2,1988,52.4
87,2,1989,51.47
87,2,1990,52.63
87,2,1991,52.02
87,2,1992,48.43
87,2,1993,49.84
87,2,1994,50.29
87,2,1995,49.68
87,2,1996,46.13
87,2,1997,44.83
87,2,1998,43.02
87,2,1999,42.75
87,2,2000,43.36
87,2,2001,43.67
87,2,2002,41.99
87,2,2003,42.12
87,2,2004,40.42
87,2,2005,39.58
87,2,2006,40.67
87,2,2007,39.03
87,2,2008,40.05
87,2,2009,40.35
87,2,2010,40.8
87,2,2011,38.76
87,2,2012,37.42
87,2,2013,37.68
87,2,2014,36.88
87,2,2015,36.7
87,2,2016,35.74
87,2,2017,34.94
87,2,2018,34.43
87,2,2019,34.08
87,2,2020,33.6
87,2,2021,31.53
87,2,2022,32.24
87,2,2023,34.05
88,2,1980,43.74
88,2,1981,42.38
88,2,1982,44.44
88,2,1983,43.65
88,2,1984,44.5
88,2,1985,44.86
88,2,1986,42.47
88,2,1987,41.93
88,2,1988,43.33
88,2,1989,43.62
88,2,1990,43.7
88,2,1991,45.07
88,2,1992,45.04
88,2,1993,47.14
88,2,1994,47.99
88,2,1995,48.15
88,2,1996,46.33
88,2,1997,44.14
88,2,1998,46.11
88,2,1999,45.4
88,2,2000,46.99
88,2,2001,44.79
88,2,2002,42.36
88,2,2003,42.4
88,2,2004,42.28
88,2,2005,43.3
88,2,2006,44.39
88,2,2007,43.55
88,2,2008,42.6
88,2,2009,44.76
88,2,2010,43.92
88,2,2011,43.41
88,2,2012,42.1
88,2,2013,42.18
88,2,2014,41.28
88,2,2015,41.26
88,2,2016,39.96
88,2,2017,38.67
88,2,2018,40.87
88,2,2019,40.98
88,2,2020,41.83
88,2,2021,43.46
88,2,2022,42.9
88,2,2023,41.76
89,2,1980,43.15
89,2,1981,44.03
89,2,1982,44.49
89,2,1983,44.49
89,2,1984,44.93
89,2,1985,46.49
89,2,1986,47.23
89,2,1987,48.44
89,2,1988,49.72
89,2,1989,51.03
89,2,1990,51.19
89,2,1991,52.09
89,2,1992,52.25
89,2,1993,53.46
89,2,1994,52.72
89,2,1995,52.3
89,2,1996,52.96
89,2,1997,52.79
89,2,1998,52.93
89,2,1999,53.57
89,2,2000,52.23
89,2,2001,52.02
89,2,2002,51.91
89,2,2003,50.5
89,2,2004,48.84
89,2,2005,47.54
89,2,2006,47.01
89,2,2007,45.8
89,2,2008,46.17
89,2,2009,44.93
89,2,2010,45.13
89,2,2011,44.86
89,2,2012,45.09
89,2,2013,44.98
89,2,2014,43.98
89,2,2015,45.76
89,2,2016,45.35
89,2,2017,45.01
89,2,2018,44.72
89,2,2019,43.81
89,2,2020,43.09
89,2,2021,44.09
89,2,2022,45.38
89,2,2023,44.85
90,2,1980,36.28
90,2,1981,36.29
90,2,1982,36.52
90,2,1983,36.02
90,2,1984,37.29
90,2,1985,38.22
90,2,1986,39.49
90,2,1987,39.05
90,2,1988,40.4
90,2,1989,40.35
90,2,1990,40.34
90,2,1991,39.67
90,2,1992,41.19
90,2,1993,42.29
90,2,1994,42.66
90,2,1995,42.01
90,2,1996,42.22
90,2,1997,40.38
90,2,1998,39.1
90,2,1999,38.44
90,2,2000,38.9
90,2,2001,38.56
90,2,2002,37.77
90,2,2003,36.69
90,2,2004,35.24
90,2,2005,34.81
90,2,2006,34.04
90,2,2007,32.86
90,2,2008,31.73
90,2,2009,32.56
90,2,2010,32.11
90,2,2011,30.15
90,2,2012,30.7
90,2,2013,29.98
90,2,2014,29.76
90,2,2015,28.17
90,2,2016,28.21
90,2,2017,27.47
90,2,2018,28.42
90,2,2019,27.2
90,2,2020,26.01
90,2,2021,24.76
90,2,2022,25.55
90,2,2023,26.62
91,2,1980,25.98
91,2,1981,26.13
91,2,1982,27.59
91,2,1983,28.35
91,2,1984,29.18
91,2,1985,29.87
91,2,1986,30.33
91,2,1987,31.16
91,2,1988,31.92
91,2,1989,32.94
91,2,1990,34.32
91,2,1991,35.57
91,2,1992,36.15
91,2,1993,35.89
91,2,1994,35.39
91,2,1995,35.99
91,2,1996,36.85
91,2,1997,36.63
91,2,1998,36.71
91,2,1999,36.21
91,2,2000,36.17
91,2,2001,36.41
91,2,2002,35.66
91,2,2003,35.5
91,2,2004,33.8
91,2,2005,35.22
91,2,2006,36.08
91,2,2007,35.5
91,2,2008,35.68
91,2,2009,35.58
91,2,2010,36.13
91,2,2011,35.53
91,2,2012,36.99
91,2,2013,35.93
91,2,2014,35.32
91,2,2015,36.23
91,2,2016,37.55
91,2,2017,37.26
91,2,2018,38.36
91,2,2019,39.34
91,2,2020,39.9
91,2,2021,37.84
91,2,2022,41.4
91,2,2023,40.53
92,2,1980,24.47
92,2,1981,24.77
92,2,1982,25.63
92,2,1983,27.15
92,2,1984,28.55
92,2,1985,29.9
92,2,1986,31.05
92,2,1987,31.85
92,2,1988,32.91
92,2,1989,33.61
92,2,1990,34.29
92,2,1991,34.56
92,2,1992,34.59
92,2,1993,35.46
92,2,1994,35.25
92,2,1995,35.31
92,2,1996,34.78
92,2,1997,33.99
92,2,1998,33.96
92,2,1999,33.68
92,2,2000,33.01
92,2,2001,32.92
92,2,2002,32.69
92,2,2003,32.99
92,2,2004,31.82
92,2,2005,31.62
92,2,2006,31.14
92,2,2007,31.42
92,2,2008,31.36
92,2,2009,31.08
92,2,2010,30.87
92,2,2011,30.71
92,2,2012,31.16
92,2,2013,30.71
92,2,2014,30.37
92,2,2015,31.16
92,2,2016,30.75
92,2,2017,31.26
92,2,2018,31.68
92,2,2019,31.08
92,2,2020,31.84
92,2,2021,30.72
92,2,2022,33.07
92,2,2023,32.46
93,2,1980,37.99
93,2,1981,37.96
93,2,1982,37.97
93,2,1983,37.7
93,2,1984,37.8
93,2,1985,38.28
93,2,1986,37.92
93,2,1987,38.23
93,2,1988,39.45
93,2,1989,38.83
93,2,1990,38.4
93,2,1991,38.52
93,2,1992,38.58
93,2,1993,38.56
93,2,1994,37.2
93,2,1995,38.16
93,2,1996,38.63
93,2,1997,38.81
93,2,1998,39.12
93,2,1999,38.91
93,2,2000,38.89
93,2,2001,38.82
93,2,2002,38.98
93,2,2003,38.85
93,2,2004,39.18
93,2,2005,38.86
93,2,2006,38.21
93,2,2007,37.44
93,2,2008,37.01
93,2,2009,35.04
93,2,2010,35.3
93,2,2011,35.09
93,2,2012,35.74
93,2,2013,35.47
93,2,2014,34.52
93,2,2015,34.54
93,2,2016,34.1
93,2,2017,34.2
93,2,2018,33.83
93,2,2019,32.51
93,2,2020,32.43
93,2,2021,31.26
93,2,2022,32.41
93,2,2023,32.97
94,2,1980,44.61
94,2,1981,44.78
94,2,1982,44.68
94,2,1983,45.55
94,2,1984,45.25
94,2,1985,45.6
94,2,1986,46.05
94,2,1987,45.91
94,2,1988,45.86
94,2,1989,45.96
94,2,1990,46.37
94,2,1991,46.23
94,2,1992,46.07
94,2,1993,46.51
94,2,1994,47.19
94,2,1995,48.26
94,2,1996,46.86
94,2,1997,45.97
94,2,1998,43.99
94,2,1999,42.74
94,2,2000,43
94,2,2001,43.23
94,2,2002,43.37
94,2,2003,43.68
94,2,2004,42.24
94,2,2005,40.58
94,2,2006,39.71
94,2,2007,39.29
94,2,2008,40.77
94,2,2009,41.38
94,2,2010,40.55
94,2,2011,39.48
94,2,2012,39.36
94,2,2013,38.39
94,2,2014,37.99
94,2,2015,39.1
94,2,2016,38.22
94,2,2017,37.79
94,2,2018,38.13
94,2,2019,37.83
94,2,2020,36.11
94,2,2021,35.8
94,2,2022,38.8
94,2,2023,36.25
95,2,1980,54.62
95,2,1981,54.65
95,2,1982,55.34
95,2,1983,55.88
95,2,1984,57.07
95,2,1985,59.05
95,2,1986,59.4
95,2,1987,59.28
95,2,1988,60.08
95,2,1989,61.31
95,2,1990,59.67
95,2,1991,60.17
95,2,1992,59.29
95,2,1993,59.72
95,2,1994,57.64
95,2,1995,57.42
95,2,1996,56.09
95,2,1997,54.85
95,2,1998,54.3
95,2,1999,53.83
95,2,2000,52.29
95,2,2001,52.04
95,2,2002,51.5
95,2,2003,50.79
95,2,2004,48.59
95,2,2005,48.35
95,2,2006,47.37
95,2,2007,46.76
95,2,2008,46.66
95,2,2009,44.59
95,2,2010,44.08
95,2,2011,43.25
95,2,2012,43.43
95,2,2013,42.64
95,2,2014,41.5
95,2,2015,42.38
95,2,2016,41.87
95,2,2017,41.76
95,2,2018,42.06
95,2,2019,41.06
95,2,2020,41.69
95,2,2021,39.71
95,2,2022,40.87
95,2,2023,43.99
97,2,1980,27.32
97,2,1981,27.83
97,2,1982,27.77
97,2,1983,28.78
97,2,1984,29.62
97,2,1985,29.25
97,2,1986,29.17
97,2,1987,30.27
97,2,1988,31.14
97,2,1989,31.03
97,2,1990,31.78
97,2,1991,31.75
97,2,1992,32.2
97,2,1993,32.64
97,2,1994,32.26
97,2,1995,33.37
97,2,1996,34.02
97,2,1997,34.56
97,2,1998,35.35
97,2,1999,35.48
97,2,2000,34.78
97,2,2001,35.3
97,2,2002,35.43
97,2,2003,36.58
97,2,2004,35.85
97,2,2005,35.64
97,2,2006,35.18
97,2,2007,35.89
97,2,2008,34.32
97,2,2009,34.24
97,2,2010,34.85
97,2,2011,34.22
97,2,2012,33.95
97,2,2013,34.22
97,2,2014,33.54
97,2,2015,33.67
97,2,2016,34.15
97,2,2017,33.56
97,2,2018,32.31
97,2,2019,32.3
97,2,2020,30.54
97,2,2021,32.23
97,2,2022,35.42
97,2,2023,33.42
98,2,1980,12.46
98,2,1981,12.28
98,2,1982,12.51
98,2,1983,12.72
98,2,1984,12.92
98,2,1985,13.2
98,2,1986,13.15
98,2,1987,13.48
98,2,1988,13.65
98,2,1989,13.67
98,2,1990,14.53
98,2,1991,14.41
98,2,1992,14.24
98,2,1993,14.25
98,2,1994,14.37
98,2,1995,14.96
98,2,1996,15.07
98,2,1997,14.42
98,2,1998,14.95
98,2,1999,15.03
98,2,2000,15.02
98,2,2001,15.11
98,2,2002,15.19
98,2,2003,15.33
98,2,2004,15.65
98,2,2005,16.06
98,2,2006,15.81
98,2,2007,16.06
98,2,2008,16.28
98,2,2009,17.41
98,2,2010,17.75
98,2,2011,17.99
98,2,2012,18.06
98,2,2013,17.87
98,2,2014,18.16
98,2,2015,18.45
98,2,2016,18.44
98,2,2017,18.66
98,2,2018,18.7
98,2,2019,19.26
98,2,2020,18.41
98,2,2021,18.37
98,2,2022,19.77
98,2,2023,19.94
99,2,1980,40.85
99,2,1981,41.01
99,2,1982,40.05
99,2,1983,41.48
99,2,1984,43.11
99,2,1985,43.79
99,2,1986,44.69
99,2,1987,45.17
99,2,1988,47.34
99,2,1989,46.39
99,2,1990,46.61
99,2,1991,46.47
99,2,1992,46.48
99,2,1993,46.98
99,2,1994,47.14
99,2,1995,47.33
99,2,1996,47.57
99,2,1997,47.61
99,2,1998,49.11
99,2,1999,48.45
99,2,2000,48.46
99,2,2001,47.05
99,2,2002,47.96
99,2,2003,48.07
99,2,2004,48.83
99,2,2005,50.17
99,2,2006,49.94
99,2,2007,48.79
99,2,2008,47.22
99,2,2009,47.57
99,2,2010,48.37
99,2,2011,48.83
99,2,2012,47.81
99,2,2013,48.23
99,2,2014,47.66
99,2,2015,48.99
99,2,2016,49.91
99,2,2017,49.15
99,2,2018,50.9
99,2,2019,51.52
99,2,2020,47.69
99,2,2021,52.34
99,2,2022,58.53
99,2,2023,55.84
101,2,1980,30.85
101,2,1981,31.42
101,2,1982,31.96
101,2,1983,32.86
101,2,1984,33.99
101,2,1985,35.35
101,2,1986,36.19
101,2,1987,36.31
101,2,1988,36.83
101,2,1989,37.07
101,2,1990,37.3
101,2,1991,37.19
101,2,1992,37.27
101,2,1993,37.39
101,2,1994,37.77
101,2,1995,37.44
101,2,1996,37.53
101,2,1997,37.15
101,2,1998,36.19
101,2,1999,35.57
101,2,2000,35.91
101,2,2001,36.31
101,2,2002,36.51
101,2,2003,36.28
101,2,2004,35.59
101,2,2005,35.22
101,2,2006,34.39
101,2,2007,34.68
101,2,2008,34.23
101,2,2009,33.39
101,2,2010,33.48
101,2,2011,33.06
101,2,2012,32.63
101,2,2013,32.23
101,2,2014,32.42
101,2,2015,32.86
101,2,2016,33.17
101,2,2017,33.32
101,2,2018,33.32
101,2,2019,33.03
101,2,2020,32.84
101,2,2021,33.2
101,2,2022,34.24
101,2,2023,34.92
102,2,1980,34.9
102,2,1981,35.33
102,2,1982,35.63
102,2,1983,36.28
102,2,1984,36.96
102,2,1985,37.51
102,2,1986,37.75
102,2,1987,37.86
102,2,1988,38.41
102,2,1989,37.98
102,2,1990,37.59
102,2,1991,37.42
102,2,1992,36.9
102,2,1993,37.39
102,2,1994,36.98
102,2,1995,36.79
102,2,1996,36.04
102,2,1997,35
102,2,1998,34.45
102,2,1999,34.42
102,2,2000,34.18
102,2,2001,33.72
102,2,2002,33.54
102,2,2003,33.25
102,2,2004,32.32
102,2,2005,32.32
102,2,2006,31.64
102,2,2007,31.15
102,2,2008,31.4
102,2,2009,30.96
102,2,2010,31.06
102,2,2011,31.02
102,2,2012,30.9
102,2,2013,30.84
102,2,2014,30.72
102,2,2015,30.99
102,2,2016,30.79
102,2,2017,31.02
102,2,2018,30.88
102,2,2019,30.63
102,2,2020,31.2
102,2,2021,30.79
102,2,2022,31.06
102,2,2023,30.83
105,2,1980,22.89
105,2,1981,23.15
105,2,1982,23.39
105,2,1983,23.68
105,2,1984,23.65
105,2,1985,23.69
105,2,1986,23.58
105,2,1987,24.01
105,2,1988,23.5
105,2,1989,25.47
105,2,1990,26.24
105,2,1991,25.55
105,2,1992,25.58
105,2,1993,24.12
105,2,1994,24.88
105,2,1995,24.65
105,2,1996,24.33
105,2,1997,23.21
105,2,1998,22.33
105,2,1999,22.39
105,2,2000,23.94
105,2,2001,23.53
105,2,2002,24.31
105,2,2003,24.28
105,2,2004,24.68
105,2,2005,24.47
105,2,2006,23.86
105,2,2007,24.63
105,2,2008,24.8
105,2,2009,25.2
105,2,2010,26.46
105,2,2011,27.46
105,2,2012,28.32
105,2,2013,28.62
105,2,2014,29.7
105,2,2015,30.71
105,2,2016,31.99
105,2,2017,33.5
105,2,2018,34.22
105,2,2019,34.74
105,2,2020,35.44
105,2,2021,36.27
105,2,2022,38.5
105,2,2023,40.58
106,2,1980,24.46
106,2,1981,23.99
106,2,1982,23.96
106,2,1983,23.81
106,2,1984,23.66
106,2,1985,20.83
106,2,1986,20.29
106,2,1987,19.62
106,2,1988,19.63
106,2,1989,20.27
106,2,1990,22.74
106,2,1991,24.07
106,2,1992,23.97
106,2,1993,24.25
106,2,1994,24.28
106,2,1995,23.71
106,2,1996,24.89
106,2,1997,24.64
106,2,1998,25.54
106,2,1999,26.78
106,2,2000,28.33
106,2,2001,29.76
106,2,2002,31.06
106,2,2003,31.14
106,2,2004,32.71
106,2,2005,32.3
106,2,2006,33.11
106,2,2007,33.87
106,2,2008,34.16
106,2,2009,35.73
106,2,2010,38.11
106,2,2011,38.79
106,2,2012,38.94
106,2,2013,39.37
106,2,2014,39.35
106,2,2015,40.45
106,2,2016,41.68
106,2,2017,42.64
106,2,2018,43.55
106,2,2019,47.09
106,2,2020,46.69
106,2,2021,59.32
106,2,2022,49.31
106,2,2023,48.38
107,2,1980,34.29
107,2,1981,32.75
107,2,1982,30.96
107,2,1983,31.95
107,2,1984,33
107,2,1985,31.44
107,2,1986,34.17
107,2,1987,36.32
107,2,1988,37.45
107,2,1989,36.21
107,2,1990,36.79
107,2,1991,37.62
107,2,1992,38.43
107,2,1993,39.46
107,2,1994,38.34
107,2,1995,39.08
107,2,1996,39.03
107,2,1997,39.64
107,2,1998,41.09
107,2,1999,41.75
107,2,2000,42.28
107,2,2001,43.24
107,2,2002,43.41
107,2,2003,43.43
107,2,2004,43.26
107,2,2005,43.8
107,2,2006,43.01
107,2,2007,44.31
107,2,2008,44.12
107,2,2009,46.06
107,2,2010,47.15
107,2,2011,49.32
107,2,2012,50
107,2,2013,48.8
107,2,2014,49.91
107,2,2015,51.26
107,2,2016,52.75
107,2,2017,54.26
107,2,2018,55.8
107,2,2019,57.71
107,2,2020,60.4
107,2,2021,64.29
107,2,2022,66.25
107,2,2023,68.23
108,2,1980,4.91
108,2,1981,4.76
108,2,1982,4.56
108,2,1983,4.68
108,2,1984,4.86
108,2,1985,4.75
108,2,1986,4.68
108,2,1987,4.69
108,2,1988,4.56
108,2,1989,4.47
108,2,1990,4.73
108,2,1991,4.83
108,2,1992,4.86
108,2,1993,5
108,2,1994,5.2
108,2,1995,5.25
108,2,1996,5.71
108,2,1997,5.99
108,2,1998,6.45
108,2,1999,6.68
108,2,2000,6.93
108,2,2001,7.07
108,2,2002,7.18
108,2,2003,7.32
108,2,2004,7.32
108,2,2005,7.51
108,2,2006,7.56
108,2,2007,7.7
108,2,2008,7.91
108,2,2009,8.09
108,2,2010,8.29
108,2,2011,8.32
108,2,2012,8.65
108,2,2013,8.67
108,2,2014,8.88
108,2,2015,9.23
108,2,2016,9.05
108,2,2017,9.28
108,2,2018,9.45
108,2,2019,9.76
108,2,2020,9.97
108,2,2021,10.39
108,2,2022,9.98
108,2,2023,10.37
109,2,1980,15.19
109,2,1981,15.3
109,2,1982,15.35
109,2,1983,15.68
109,2,1984,16.44
109,2,1985,16.19
109,2,1986,16.84
109,2,1987,17.39
109,2,1988,17.45
109,2,1989,17.71
109,2,1990,18.15
109,2,1991,19.05
109,2,1992,19.79
109,2,1993,19.89
109,2,1994,20.32
109,2,1995,20.19
109,2,1996,21.04
109,2,1997,20.25
109,2,1998,19.77
109,2,1999,20.47
109,2,2000,20.66
109,2,2001,21.25
109,2,2002,21.8
109,2,2003,22.32
109,2,2004,22.99
109,2,2005,23.36
109,2,2006,24
109,2,2007,25.29
109,2,2008,26.19
109,2,2009,27.26
109,2,2010,28
109,2,2011,27.86
109,2,2012,28.68
109,2,2013,28.63
109,2,2014,29.69
109,2,2015,29.77
109,2,2016,29.87
109,2,2017,30.28
109,2,2018,31.39
109,2,2019,32.51
109,2,2020,34.01
109,2,2021,39.27
109,2,2022,32.93
109,2,2023,34.92
110,2,1980,13.6
110,2,1981,13.98
110,2,1982,14.39
110,2,1983,14.98
110,2,1984,15.6
110,2,1985,16.3
110,2,1986,17.05
110,2,1987,17.92
110,2,1988,18.77
110,2,1989,19.7
110,2,1990,20.89
110,2,1991,21.39
110,2,1992,21.81
110,2,1993,22.43
110,2,1994,23.07
110,2,1995,23.68
110,2,1996,24.14
110,2,1997,24.05
110,2,1998,24.3
110,2,1999,24.7
110,2,2000,25.1
110,2,2001,25.56
110,2,2002,26.16
110,2,2003,26.95
110,2,2004,27.07
110,2,2005,26.62
110,2,2006,27.78
110,2,2007,28.76
110,2,2008,29.94
110,2,2009,31.27
110,2,2010,31.91
110,2,2011,31.45
110,2,2012,33.01
110,2,2013,32.8
110,2,2014,32.74
110,2,2015,34.19
110,2,2016,34.81
110,2,2017,34.1
110,2,2018,34.34
110,2,2019,35.31
110,2,2020,36.9
110,2,2021,36.68
110,2,2022,36.46
110,2,2023,38.67
111,2,1980,7.45
111,2,1981,7.51
111,2,1982,7.58
111,2,1983,7.67
111,2,1984,7.66
111,2,1985,7.66
111,2,1986,7.82
111,2,1987,7.81
111,2,1988,7.85
111,2,1989,7.97
111,2,1990,8.01
111,2,1991,7.93
111,2,1992,7.81
111,2,1993,7.63
111,2,1994,7.61
111,2,1995,7.62
111,2,1996,7.69
111,2,1997,7.76
111,2,1998,7.85
111,2,1999,8.12
111,2,2000,8.51
111,2,2001,9.11
111,2,2002,9.57
111,2,2003,9.76
111,2,2004,9.98
111,2,2005,10.21
111,2,2006,10.57
111,2,2007,11.08
111,2,2008,11.67
111,2,2009,12.2
111,2,2010,12.72
111,2,2011,13.31
111,2,2012,13.73
111,2,2013,13.94
111,2,2014,14.19
111,2,2015,14.82
111,2,2016,15.41
111,2,2017,15.96
111,2,2018,16.41
111,2,2019,16.9
111,2,2020,17.4
111,2,2021,18.52
111,2,2022,19.49
111,2,2023,20.47
112,2,1980,21.1
112,2,1981,21.28
112,2,1982,21.37
112,2,1983,21.36
112,2,1984,21.37
112,2,1985,19.84
112,2,1986,20
112,2,1987,20.16
112,2,1988,20.4
112,2,1989,21.11
112,2,1990,20.9
112,2,1991,20.84
112,2,1992,20.6
112,2,1993,20.37
112,2,1994,20.72
112,2,1995,20.53
112,2,1996,21.14
112,2,1997,21.64
112,2,1998,22.5
112,2,1999,22.1
112,2,2000,22.34
112,2,2001,22.51
112,2,2002,23.82
112,2,2003,24.24
112,2,2004,23.78
112,2,2005,23.59
112,2,2006,24.48
112,2,2007,26.08
112,2,2008,26.91
112,2,2009,27.32
112,2,2010,28.1
112,2,2011,28.89
112,2,2012,30.07
112,2,2013,30
112,2,2014,30.36
112,2,2015,29.93
112,2,2016,30.11
112,2,2017,30.14
112,2,2018,30.74
112,2,2019,32.02
112,2,2020,31.61
112,2,2021,32.99
112,2,2022,34.02
112,2,2023,35.61
113,2,1980,10.22
113,2,1981,10.2
113,2,1982,10.12
113,2,1983,10
113,2,1984,9.84
113,2,1985,9.79
113,2,1986,9.58
113,2,1987,9.27
113,2,1988,9.42
113,2,1989,9.4
113,2,1990,10.36
113,2,1991,10.05
113,2,1992,9.98
113,2,1993,10.05
113,2,1994,9.77
113,2,1995,9.78
113,2,1996,10.95
113,2,1997,11.32
113,2,1998,10.97
113,2,1999,12.36
113,2,2000,14.71
113,2,2001,13.63
113,2,2002,14.07
113,2,2003,13.5
113,2,2004,13.86
113,2,2005,14.54
113,2,2006,14.56
113,2,2007,15.81
113,2,2008,16.24
113,2,2009,16.47
113,2,2010,16.86
113,2,2011,17.7
113,2,2012,18.66
113,2,2013,18.77
113,2,2014,19.21
113,2,2015,18.76
113,2,2016,17.96
113,2,2017,17.61
113,2,2018,18.72
113,2,2019,18.64
113,2,2020,21.33
113,2,2021,23.69
113,2,2022,23.99
113,2,2023,26.27
114,2,1980,10.64
114,2,1981,10.63
114,2,1982,10.6
114,2,1983,10.58
114,2,1984,10.27
114,2,1985,10.51
114,2,1986,10.3
114,2,1987,10.07
114,2,1988,9.85
114,2,1989,9.53
114,2,1990,9.49
114,2,1991,9.07
114,2,1992,9.19
114,2,1993,9.09
114,2,1994,8.79
114,2,1995,8.87
114,2,1996,8.82
114,2,1997,9.1
114,2,1998,8.68
114,2,1999,8.92
114,2,2000,8.96
114,2,2001,9.13
114,2,2002,9.18
114,2,2003,9.31
114,2,2004,9.51
114,2,2005,9.51
114,2,2006,9.69
114,2,2007,10.05
114,2,2008,10.24
114,2,2009,10.41
114,2,2010,10.46
114,2,2011,10.78
114,2,2012,11.18
114,2,2013,11.71
114,2,2014,12.01
114,2,2015,12.32
114,2,2016,12.74
114,2,2017,13.32
114,2,2018,14.15
114,2,2019,14.9
114,2,2020,14.99
114,2,2021,16.38
114,2,2022,17.84
114,2,2023,18.96
115,2,1980,14.39
115,2,1981,14.76
115,2,1982,15.09
115,2,1983,15.91
115,2,1984,17.49
115,2,1985,17.1
115,2,1986,15.9
115,2,1987,16.18
115,2,1988,16.38
115,2,1989,15.97
115,2,1990,15.46
115,2,1991,15.51
115,2,1992,15.52
115,2,1993,15.74
115,2,1994,16.1
115,2,1995,16.97
115,2,1996,18.68
115,2,1997,19.69
115,2,1998,20.43
115,2,1999,21.05
115,2,2000,21.94
115,2,2001,22.3
115,2,2002,21.21
115,2,2003,21.33
115,2,2004,20.76
115,2,2005,19.79
115,2,2006,19.68
115,2,2007,20.33
115,2,2008,21.51
115,2,2009,21.82
115,2,2010,22.88
115,2,2011,23.61
115,2,2012,25.03
115,2,2013,26.83
115,2,2014,28.27
115,2,2015,29.09
115,2,2016,29.98
115,2,2017,30.45
115,2,2018,30.85
115,2,2019,31.33
115,2,2020,31.96
115,2,2021,33.89
115,2,2022,32.94
115,2,2023,33.64
116,2,1980,17.68
116,2,1981,17.47
116,2,1982,17.47
116,2,1983,17.31
116,2,1984,17.2
116,2,1985,16.53
116,2,1986,16.96
116,2,1987,17.75
116,2,1988,18.46
116,2,1989,18.44
116,2,1990,20.05
116,2,1991,19.81
116,2,1992,19.59
116,2,1993,19.05
116,2,1994,19.22
116,2,1995,18.74
116,2,1996,19.33
116,2,1997,18.55
116,2,1998,17.93
116,2,1999,18.42
116,2,2000,18.96
116,2,2001,19.34
116,2,2002,20.06
116,2,2003,19.88
116,2,2004,20.39
116,2,2005,19.86
116,2,2006,20.04
116,2,2007,20.27
116,2,2008,20.74
116,2,2009,21.69
116,2,2010,23.12
116,2,2011,23.74
116,2,2012,24.91
116,2,2013,24.31
116,2,2014,24.25
116,2,2015,24.46
116,2,2016,23.42
116,2,2017,24
116,2,2018,25.23
116,2,2019,25.6
116,2,2020,26.01
116,2,2021,28.43
116,2,2022,28.51
116,2,2023,30.69
117,2,1980,15.46
117,2,1981,15.73
117,2,1982,15.99
117,2,1983,16.41
117,2,1984,17.21
117,2,1985,16.55
117,2,1986,15.53
117,2,1987,16.69
117,2,1988,17.37
117,2,1989,18.17
117,2,1990,18.95
117,2,1991,19.65
117,2,1992,20.34
117,2,1993,20.98
117,2,1994,21.74
117,2,1995,21.91
117,2,1996,22.16
117,2,1997,21.98
117,2,1998,21.43
117,2,1999,21.91
117,2,2000,22.9
117,2,2001,24.15
117,2,2002,24.26
117,2,2003,23.81
117,2,2004,24.71
117,2,2005,24.59
117,2,2006,24.05
117,2,2007,24.41
117,2,2008,26.23
117,2,2009,27.38
117,2,2010,28.76
117,2,2011,31.21
117,2,2012,33.07
117,2,2013,33.34
117,2,2014,33.16
117,2,2015,32.92
117,2,2016,33.06
117,2,2017,33.59
117,2,2018,34.31
117,2,2019,36.06
117,2,2020,35.64
117,2,2021,34.12
117,2,2022,35.6
117,2,2023,37.77
118,2,1980,9.3
118,2,1981,9.53
118,2,1982,9.53
118,2,1983,9.61
118,2,1984,9.73
118,2,1985,9.78
118,2,1986,10.03
118,2,1987,10.27
118,2,1988,10.49
118,2,1989,10.53
118,2,1990,10.75
118,2,1991,10.94
118,2,1992,11.32
118,2,1993,11.56
118,2,1994,12.03
118,2,1995,12.26
118,2,1996,12.77
118,2,1997,13.02
118,2,1998,13.02
118,2,1999,13.04
118,2,2000,12.49
118,2,2001,12.5
118,2,2002,12.98
118,2,2003,13.34
118,2,2004,13.73
118,2,2005,14.1
118,2,2006,14.49
118,2,2007,15
118,2,2008,15.46
118,2,2009,16.02
118,2,2010,16.66
118,2,2011,17.28
118,2,2012,17.9
118,2,2013,18.14
118,2,2014,18.51
118,2,2015,18.88
118,2,2016,19.09
118,2,2017,19.25
118,2,2018,19.43
118,2,2019,19.84
118,2,2020,20.07
118,2,2021,22.52
118,2,2022,20.72
118,2,2023,21.4
119,2,1980,17.72
119,2,1981,16.88
119,2,1982,16.37
119,2,1983,17.27
119,2,1984,18.65
119,2,1985,18.39
119,2,1986,19.75
119,2,1987,20.75
119,2,1988,20.54
119,2,1989,19.8
119,2,1990,20.42
119,2,1991,19.92
119,2,1992,20.09
119,2,1993,21.12
119,2,1994,22.15
119,2,1995,22.88
119,2,1996,23.4
119,2,1997,22.83
119,2,1998,22.23
119,2,1999,21.81
119,2,2000,22.24
119,2,2001,22.25
119,2,2002,23.75
119,2,2003,23.45
119,2,2004,24.77
119,2,2005,24.68
119,2,2006,25.05
119,2,2007,26.53
119,2,2008,26.65
119,2,2009,27.32
119,2,2010,28.63
119,2,2011,29.16
119,2,2012,29.68
119,2,2013,30.32
119,2,2014,31.07
119,2,2015,31.86
119,2,2016,32.43
119,2,2017,33.34
119,2,2018,34.29
119,2,2019,35.47
119,2,2020,36.79
119,2,2021,40.06
119,2,2022,40.59
119,2,2023,43.07
121,2,1980,4.99
121,2,1981,4.92
121,2,1982,4.8
121,2,1983,4.7
121,2,1984,4.65
121,2,1985,4.64
121,2,1986,4.65
121,2,1987,4.64
121,2,1988,4.7
121,2,1989,4.8
121,2,1990,4.93
121,2,1991,5.07
121,2,1992,5.2
121,2,1993,5.33
121,2,1994,5.51
121,2,1995,5.77
121,2,1996,6.07
121,2,1997,6.32
121,2,1998,6.66
121,2,1999,6.99
121,2,2000,7.31
121,2,2001,7.65
121,2,2002,7.9
121,2,2003,8.25
121,2,2004,8.66
121,2,2005,9.03
121,2,2006,9.46
121,2,2007,9.76
121,2,2008,10.12
121,2,2009,10.46
121,2,2010,10.84
121,2,2011,11.27
121,2,2012,11.69
121,2,2013,12.1
121,2,2014,12.42
121,2,2015,12.9
121,2,2016,13.45
121,2,2017,13.96
121,2,2018,14.62
121,2,2019,15.19
121,2,2020,15.66
121,2,2021,15.31
121,2,2022,15.57
121,2,2023,15.92
122,2,1980,3.92
122,2,1981,4.12
122,2,1982,4.32
122,2,1983,4.27
122,2,1984,4.19
122,2,1985,4.4
122,2,1986,4.66
122,2,1987,4.8
122,2,1988,4.87
122,2,1989,5.13
122,2,1990,5.28
122,2,1991,5.56
122,2,1992,5.51
122,2,1993,5.59
122,2,1994,5.99
122,2,1995,6.53
122,2,1996,7.4
122,2,1997,7.49
122,2,1998,7.72
122,2,1999,8.17
122,2,2000,8.47
122,2,2001,8.69
122,2,2002,8.52
122,2,2003,8.97
122,2,2004,8.73
122,2,2005,8.98
122,2,2006,9.47
122,2,2007,9.12
122,2,2008,9.24
122,2,2009,9.34
122,2,2010,9.28
122,2,2011,9.05
122,2,2012,9.45
122,2,2013,9.4
122,2,2014,9.23
122,2,2015,9.07
122,2,2016,9.42
122,2,2017,9.72
122,2,2018,10.24
122,2,2019,11.05
122,2,2020,10.7
122,2,2021,10.99
122,2,2022,10.93
122,2,2023,11.55
123,2,1980,4.93
123,2,1981,4.67
123,2,1982,5.07
123,2,1983,5.53
123,2,1984,5.82
123,2,1985,5.87
123,2,1986,6
123,2,1987,5.88
123,2,1988,5.61
123,2,1989,5.46
123,2,1990,5.3
123,2,1991,5.5
123,2,1992,5.75
123,2,1993,6.22
123,2,1994,6.63
123,2,1995,7.21
123,2,1996,7.87
123,2,1997,8.02
123,2,1998,8.24
123,2,1999,8.45
123,2,2000,8.33
123,2,2001,8.27
123,2,2002,8.3
123,2,2003,8.68
123,2,2004,8.95
123,2,2005,8.76
123,2,2006,8.54
123,2,2007,8.81
123,2,2008,9.14
123,2,2009,9.24
123,2,2010,9.37
123,2,2011,9.32
123,2,2012,9.3
123,2,2013,9.27
123,2,2014,9.19
123,2,2015,9.22
123,2,2016,9.77
123,2,2017,10.92
123,2,2018,11.78
123,2,2019,12.43
123,2,2020,12.33
123,2,2021,16.22
123,2,2022,15.12
123,2,2023,15.48
125,2,1980,7.6
125,2,1981,7.59
125,2,1982,7.76
125,2,1983,8.01
125,2,1984,8.35
125,2,1985,8.31
125,2,1986,8.51
125,2,1987,8.31
125,2,1988,8.43
125,2,1989,8.51
125,2,1990,8.66
125,2,1991,8.58
125,2,1992,8.61
125,2,1993,8.84
125,2,1994,8.87
125,2,1995,8.81
125,2,1996,8.78
125,2,1997,8.61
125,2,1998,8.41
125,2,1999,8.81
125,2,2000,9.15
125,2,2001,9.44
125,2,2002,9.83
125,2,2003,10.21
125,2,2004,10.3
125,2,2005,10.15
125,2,2006,10.3
125,2,2007,10.73
125,2,2008,10.93
125,2,2009,11.35
125,2,2010,11.81
125,2,2011,11.95
125,2,2012,12.3
125,2,2013,12.59
125,2,2014,13.11
125,2,2015,13.63
125,2,2016,14.37
125,2,2017,15.02
125,2,2018,15.44
125,2,2019,15.69
125,2,2020,15.45
125,2,2021,15.85
125,2,2022,15.8
125,2,2023,15.97
126,2,1980,7.93
126,2,1981,7.75
126,2,1982,8.04
126,2,1983,8.34
126,2,1984,8.99
126,2,1985,9.22
126,2,1986,9.13
126,2,1987,9.8
126,2,1988,9.77
126,2,1989,9.24
126,2,1990,9.31
126,2,1991,8.9
126,2,1992,9.53
126,2,1993,10.03
126,2,1994,10.63
126,2,1995,10.86
126,2,1996,11.03
126,2,1997,10.64
126,2,1998,10.72
126,2,1999,10.98
126,2,2000,11.07
126,2,2001,11.33
126,2,2002,11.66
126,2,2003,12.01
126,2,2004,12.14
126,2,2005,12.12
126,2,2006,12.66
126,2,2007,13.08
126,2,2008,13.5
126,2,2009,13.77
126,2,2010,14.06
126,2,2011,14.2
126,2,2012,14.9
126,2,2013,15.81
126,2,2014,16.16
126,2,2015,16.29
126,2,2016,16.44
126,2,2017,16.97
126,2,2018,17.03
126,2,2019,17.62
126,2,2020,17.85
126,2,2021,18.54
126,2,2022,20.45
126,2,2023,22.03
127,2,1980,4.06
127,2,1981,4.26
127,2,1982,4.5
127,2,1983,4.58
127,2,1984,4.74
127,2,1985,4.82
127,2,1986,4.85
127,2,1987,4.89
127,2,1988,4.97
127,2,1989,5.24
127,2,1990,5.23
127,2,1991,5.45
127,2,1992,5.54
127,2,1993,5.7
127,2,1994,5.85
127,2,1995,6.17
127,2,1996,6.47
127,2,1997,6.82
127,2,1998,7.11
127,2,1999,7.34
127,2,2000,7.63
127,2,2001,7.97
127,2,2002,8.22
127,2,2003,8.54
127,2,2004,8.78
127,2,2005,8.96
127,2,2006,9.19
127,2,2007,9.5
127,2,2008,9.8
127,2,2009,9.93
127,2,2010,10.19
127,2,2011,10.34
127,2,2012,11.14
127,2,2013,11.64
127,2,2014,12.22
127,2,2015,12.59
127,2,2016,12.75
127,2,2017,13.13
127,2,2018,13.72
127,2,2019,14.41
127,2,2020,15.08
127,2,2021,16.58
127,2,2022,17.15
127,2,2023,18.01
128,2,1980,2.8
128,2,1981,2.89
128,2,1982,2.91
128,2,1983,2.73
128,2,1984,2.94
128,2,1985,2.63
128,2,1986,2.51
128,2,1987,2.61
128,2,1988,2.81
128,2,1989,2.63
128,2,1990,2.77
128,2,1991,2.77
128,2,1992,3.09
128,2,1993,3.39
128,2,1994,3.38
128,2,1995,3.37
128,2,1996,3.19
128,2,1997,3.12
128,2,1998,3.42
128,2,1999,3.55
128,2,2000,3.89
128,2,2001,3.83
128,2,2002,3.92
128,2,2003,4.03
128,2,2004,4.37
128,2,2005,4.38
128,2,2006,4.64
128,2,2007,4.34
128,2,2008,4.65
128,2,2009,4.86
128,2,2010,5.24
128,2,2011,5.41
128,2,2012,5.69
128,2,2013,5.74
128,2,2014,5.73
128,2,2015,6.14
128,2,2016,6.21
128,2,2017,6.69
128,2,2018,6.74
128,2,2019,6.59
128,2,2020,6.68
128,2,2021,7.11
128,2,2022,7.36
128,2,2023,7.38
129,2,1980,3.26
129,2,1981,2.99
129,2,1982,2.91
129,2,1983,2.88
129,2,1984,2.77
129,2,1985,2.67
129,2,1986,2.59
129,2,1987,2.77
129,2,1988,2.83
129,2,1989,2.85
129,2,1990,2.97
129,2,1991,3.14
129,2,1992,3.16
129,2,1993,3.3
129,2,1994,3.42
129,2,1995,3.42
129,2,1996,3.66
129,2,1997,3.72
129,2,1998,3.81
129,2,1999,3.9
129,2,2000,4
129,2,2001,4.13
129,2,2002,4.27
129,2,2003,4.39
129,2,2004,4.48
129,2,2005,4.54
129,2,2006,4.6
129,2,2007,4.67
129,2,2008,4.75
129,2,2009,4.82
129,2,2010,4.93
129,2,2011,5.1
129,2,2012,5.27
129,2,2013,5.35
129,2,2014,5.44
129,2,2015,5.55
129,2,2016,5.62
129,2,2017,5.71
129,2,2018,5.86
129,2,2019,6.03
129,2,2020,5.8
129,2,2021,6.6
129,2,2022,6.72
129,2,2023,6.78
130,2,1980,5.6
130,2,1981,5.66
130,2,1982,5.58
130,2,1983,5.67
130,2,1984,5.73
130,2,1985,5.94
130,2,1986,6.1
130,2,1987,6.34
130,2,1988,6.32
130,2,1989,6.36
130,2,1990,6.45
130,2,1991,6.66
130,2,1992,6.92
130,2,1993,7.13
130,2,1994,7.3
130,2,1995,7.5
130,2,1996,7.7
130,2,1997,7.82
130,2,1998,7.98
130,2,1999,8.01
130,2,2000,8.02
130,2,2001,8.19
130,2,2002,8.5
130,2,2003,8.67
130,2,2004,8.94
130,2,2005,9.03
130,2,2006,9.27
130,2,2007,9.45
130,2,2008,9.75
130,2,2009,9.6
130,2,2010,10.08
130,2,2011,10.27
130,2,2012,10.55
130,2,2013,10.5
130,2,2014,10.93
130,2,2015,11.42
130,2,2016,11.89
130,2,2017,12.4
130,2,2018,12.86
130,2,2019,13.21
130,2,2020,13.45
130,2,2021,14.01
130,2,2022,13.38
130,2,2023,13.49
131,2,1980,3.28
131,2,1981,3.23
131,2,1982,3.18
131,2,1983,3.2
131,2,1984,3.22
131,2,1985,3.2
131,2,1986,3.24
131,2,1987,3.22
131,2,1988,3.25
131,2,1989,3.32
131,2,1990,3.46
131,2,1991,3.53
131,2,1992,3.65
131,2,1993,3.86
131,2,1994,4.01
131,2,1995,4.09
131,2,1996,4.17
131,2,1997,4.27
131,2,1998,4.91
131,2,1999,4.57
131,2,2000,4.79
131,2,2001,5.01
131,2,2002,5.28
131,2,2003,5.58
131,2,2004,5.75
131,2,2005,5.92
131,2,2006,6.14
131,2,2007,6.4
131,2,2008,6.68
131,2,2009,6.97
131,2,2010,7.23
131,2,2011,7.51
131,2,2012,7.81
131,2,2013,8.13
131,2,2014,8.49
131,2,2015,8.76
131,2,2016,9
131,2,2017,9.27
131,2,2018,9.73
131,2,2019,10.63
131,2,2020,10.72
131,2,2021,11.76
131,2,2022,11.36
131,2,2023,10.36
132,2,1980,6.72
132,2,1981,6.67
132,2,1982,6.63
132,2,1983,7.01
132,2,1984,7.26
132,2,1985,7.63
132,2,1986,7.27
132,2,1987,7.43
132,2,1988,7.74
132,2,1989,8.16
132,2,1990,8.37
132,2,1991,8.75
132,2,1992,9.16
132,2,1993,9.45
132,2,1994,9.59
132,2,1995,9.61
132,2,1996,9.1
132,2,1997,9.05
132,2,1998,9.2
132,2,1999,9.25
132,2,2000,9.96
132,2,2001,9.93
132,2,2002,9.58
132,2,2003,9.98
132,2,2004,10.56
132,2,2005,10.81
132,2,2006,10.96
132,2,2007,11.41
132,2,2008,11.88
132,2,2009,12.18
132,2,2010,12.79
132,2,2011,13.36
132,2,2012,14.01
132,2,2013,14.33
132,2,2014,14.65
132,2,2015,14.86
132,2,2016,15.22
132,2,2017,15.46
132,2,2018,15.87
132,2,2019,16.56
132,2,2020,16.2
132,2,2021,16.11
132,2,2022,16.68
132,2,2023,16.88
133,2,1980,6.16
133,2,1981,6.4
133,2,1982,6.54
133,2,1983,7.02
133,2,1984,7.04
133,2,1985,7.01
133,2,1986,7.44
133,2,1987,7.69
133,2,1988,7.89
133,2,1989,7.97
133,2,1990,8.5
133,2,1991,8.85
133,2,1992,9.23
133,2,1993,9.27
133,2,1994,9.69
133,2,1995,9.82
133,2,1996,9.75
133,2,1997,9.84
133,2,1998,9.82
133,2,1999,10.77
133,2,2000,10.2
133,2,2001,10.63
133,2,2002,11.16
133,2,2003,11.75
133,2,2004,12.11
133,2,2005,12.11
133,2,2006,12.08
133,2,2007,12.33
133,2,2008,12.68
133,2,2009,13.31
133,2,2010,13.9
133,2,2011,14.78
133,2,2012,15.38
133,2,2013,15.57
133,2,2014,16.37
133,2,2015,17.36
133,2,2016,18.16
133,2,2017,18.89
133,2,2018,20.71
133,2,2019,23.54
133,2,2020,25.72
133,2,2021,27.12
133,2,2022,29
133,2,2023,30.87
135,2,1980,8.65
135,2,1981,8.35
135,2,1982,8.42
135,2,1983,8.8
135,2,1984,9.06
135,2,1985,9.34
135,2,1986,9.52
135,2,1987,9.87
135,2,1988,10.04
135,2,1989,10.37
135,2,1990,10.63
135,2,1991,10.7
135,2,1992,11.14
135,2,1993,11.61
135,2,1994,11.87
135,2,1995,11.9
135,2,1996,11.96
135,2,1997,12.12
135,2,1998,12.46
135,2,1999,12.71
135,2,2000,12.85
135,2,2001,13.07
135,2,2002,13.32
135,2,2003,13.54
135,2,2004,13.8
135,2,2005,13.81
135,2,2006,14.11
135,2,2007,14.35
135,2,2008,14.84
135,2,2009,15.1
135,2,2010,15.65
135,2,2011,16.11
135,2,2012,16.39
135,2,2013,16.76
135,2,2014,17.12
135,2,2015,17.88
135,2,2016,18.44
135,2,2017,18.87
135,2,2018,19.41
135,2,2019,19.92
135,2,2020,19.76
135,2,2021,20.34
135,2,2022,21.33
135,2,2023,21.88
136,2,1980,7.17
136,2,1981,7.33
136,2,1982,7.34
136,2,1983,7.34
136,2,1984,7.32
136,2,1985,7.27
136,2,1986,7.41
136,2,1987,7.44
136,2,1988,7.42
136,2,1989,7.69
136,2,1990,7.93
136,2,1991,8.28
136,2,1992,8.68
136,2,1993,9.15
136,2,1994,9.59
136,2,1995,9.83
136,2,1996,10.14
136,2,1997,10.44
136,2,1998,10.74
136,2,1999,10.95
136,2,2000,11.07
136,2,2001,11.47
136,2,2002,11.98
136,2,2003,12.37
136,2,2004,12.83
136,2,2005,13.41
136,2,2006,13.71
136,2,2007,14.19
136,2,2008,14.38
136,2,2009,14.62
136,2,2010,15.07
136,2,2011,15.51
136,2,2012,15.98
136,2,2013,16.18
136,2,2014,16.74
136,2,2015,17.26
136,2,2016,17.72
136,2,2017,18.34
136,2,2018,19.03
136,2,2019,19.85
136,2,2020,20.25
136,2,2021,21.38
136,2,2022,19.46
136,2,2023,20.45
139,2,1980,3.18
139,2,1981,3.25
139,2,1982,3.35
139,2,1983,3.54
139,2,1984,3.78
139,2,1985,4.06
139,2,1986,4.25
139,2,1987,4.37
139,2,1988,4.5
139,2,1989,4.66
139,2,1990,4.8
139,2,1991,4.82
139,2,1992,4.92
139,2,1993,5.05
139,2,1994,5.14
139,2,1995,5.29
139,2,1996,5.38
139,2,1997,5.48
139,2,1998,5.64
139,2,1999,5.77
139,2,2000,5.93
139,2,2001,6.1
139,2,2002,6.32
139,2,2003,6.64
139,2,2004,7.02
139,2,2005,7.42
139,2,2006,7.74
139,2,2007,8.04
139,2,2008,8.33
139,2,2009,8.6
139,2,2010,8.85
139,2,2011,9.14
139,2,2012,9.38
139,2,2013,9.62
139,2,2014,9.82
139,2,2015,10.14
139,2,2016,10.4
139,2,2017,10.91
139,2,2018,11.43
139,2,2019,11.96
139,2,2020,11.55
139,2,2021,11.61
139,2,2022,12.2
139,2,2023,12.68
140,2,1980,8.21
140,2,1981,8.39
140,2,1982,8.53
140,2,1983,8.74
140,2,1984,8.99
140,2,1985,9.27
140,2,1986,9.52
140,2,1987,9.79
140,2,1988,10.04
140,2,1989,10.34
140,2,1990,10.66
140,2,1991,10.64
140,2,1992,10.89
140,2,1993,11.02
140,2,1994,11.07
140,2,1995,11.38
140,2,1996,11.6
140,2,1997,11.85
140,2,1998,11.99
140,2,1999,11.92
140,2,2000,12.21
140,2,2001,12.17
140,2,2002,12.32
140,2,2003,12.71
140,2,2004,12.78
140,2,2005,12.76
140,2,2006,12.71
140,2,2007,12.75
140,2,2008,12.83
140,2,2009,12.97
140,2,2010,13.42
140,2,2011,13.66
140,2,2012,13.97
140,2,2013,13.91
140,2,2014,13.67
140,2,2015,13.76
140,2,2016,14.07
140,2,2017,14.06
140,2,2018,13.73
140,2,2019,13.65
140,2,2020,13.05
140,2,2021,13.79
140,2,2022,13.89
140,2,2023,15.45
141,2,1980,3.29
141,2,1981,3.44
141,2,1982,3.67
141,2,1983,3.82
141,2,1984,4.02
141,2,1985,4.27
141,2,1986,4.6
141,2,1987,4.66
141,2,1988,4.67
141,2,1989,4.68
141,2,1990,4.76
141,2,1991,4.84
141,2,1992,4.96
141,2,1993,5.17
141,2,1994,5.28
141,2,1995,5.38
141,2,1996,5.53
141,2,1997,5.73
141,2,1998,5.94
141,2,1999,6.02
141,2,2000,6.19
141,2,2001,6.67
141,2,2002,7.34
141,2,2003,8.2
141,2,2004,8.91
141,2,2005,9.41
141,2,2006,9.83
141,2,2007,10.05
141,2,2008,10.3
141,2,2009,10.45
141,2,2010,10.4
141,2,2011,10.52
141,2,2012,10.55
141,2,2013,10.14
141,2,2014,10.49
141,2,2015,10.98
141,2,2016,10.99
141,2,2017,10.96
141,2,2018,10.98
141,2,2019,10.9
141,2,2020,10.95
141,2,2021,11.75
141,2,2022,14.64
141,2,2023,15.27
142,2,1980,3.28
142,2,1981,3.2
142,2,1982,3.13
142,2,1983,3.1
142,2,1984,3.14
142,2,1985,3.17
142,2,1986,3.23
142,2,1987,3.32
142,2,1988,3.44
142,2,1989,3.59
142,2,1990,3.73
142,2,1991,3.76
142,2,1992,3.87
142,2,1993,3.99
142,2,1994,4.15
142,2,1995,4.31
142,2,1996,4.44
142,2,1997,4.56
142,2,1998,4.7
142,2,1999,4.85
142,2,2000,5.05
142,2,2001,5.23
142,2,2002,5.41
142,2,2003,5.97
142,2,2004,5.86
142,2,2005,6.12
142,2,2006,6.38
142,2,2007,6.68
142,2,2008,6.96
142,2,2009,7.28
142,2,2010,7.58
142,2,2011,7.87
142,2,2012,8.02
142,2,2013,8.3
142,2,2014,8.58
142,2,2015,8.94
142,2,2016,9.39
142,2,2017,9.77
142,2,2018,9.9
142,2,2019,10.19
142,2,2020,10.12
142,2,2021,9.45
142,2,2022,9.37
142,2,2023,9.64
143,2,1980,6.15
143,2,1981,6.16
143,2,1982,6.23
143,2,1983,6.29
143,2,1984,6.44
143,2,1985,6.56
143,2,1986,6.71
143,2,1987,6.87
143,2,1988,7.05
143,2,1989,7.21
143,2,1990,7.41
143,2,1991,7.49
143,2,1992,7.76
143,2,1993,7.95
143,2,1994,7.98
143,2,1995,8.03
143,2,1996,8.17
143,2,1997,8.38
143,2,1998,8.69
143,2,1999,9.01
143,2,2000,9.31
143,2,2001,9.58
143,2,2002,9.85
143,2,2003,10.03
143,2,2004,10.35
143,2,2005,10.64
143,2,2006,10.96
143,2,2007,11.52
143,2,2008,12.2
143,2,2009,12.61
143,2,2010,13.06
143,2,2011,13.65
143,2,2012,14.14
143,2,2013,14.33
143,2,2014,14.65
143,2,2015,14.89
143,2,2016,15.3
143,2,2017,15.8
143,2,2018,16.54
143,2,2019,17.61
143,2,2020,18.49
143,2,2021,19.43
143,2,2022,20.43
143,2,2023,21.22
144,2,1980,5.49
144,2,1981,5.41
144,2,1982,5.32
144,2,1983,5.29
144,2,1984,5.42
144,2,1985,5.49
144,2,1986,5.51
144,2,1987,5.75
144,2,1988,5.92
144,2,1989,6.22
144,2,1990,6.42
144,2,1991,6.6
144,2,1992,6.89
144,2,1993,6.99
144,2,1994,7.23
144,2,1995,7.42
144,2,1996,7.59
144,2,1997,7.88
144,2,1998,8.17
144,2,1999,8.47
144,2,2000,8.89
144,2,2001,9.35
144,2,2002,9.65
144,2,2003,9.69
144,2,2004,10.31
144,2,2005,11.3
144,2,2006,12
144,2,2007,11.55
144,2,2008,11.25
144,2,2009,11.59
144,2,2010,11.95
144,2,2011,12.43
144,2,2012,12.7
144,2,2013,12.97
144,2,2014,13.14
144,2,2015,13.06
144,2,2016,13.28
144,2,2017,13.57
144,2,2018,13.84
144,2,2019,14.25
144,2,2020,15.13
144,2,2021,17.16
144,2,2022,15.54
144,2,2023,15.74
145,2,1980,5.64
145,2,1981,5.54
145,2,1982,5.36
145,2,1983,5.37
145,2,1984,5.56
145,2,1985,5.77
145,2,1986,6.33
145,2,1987,6.23
145,2,1988,6.28
145,2,1989,6.41
145,2,1990,6.52
145,2,1991,6.77
145,2,1992,6.49
145,2,1993,6.4
145,2,1994,6.37
145,2,1995,6.88
145,2,1996,7.25
145,2,1997,6.72
145,2,1998,7.15
145,2,1999,6.76
145,2,2000,7.03
145,2,2001,7.95
145,2,2002,7.22
145,2,2003,7.35
145,2,2004,7.27
145,2,2005,7.42
145,2,2006,7.58
145,2,2007,8.22
145,2,2008,8.33
145,2,2009,8.63
145,2,2010,9.16
145,2,2011,9.24
145,2,2012,9.42
145,2,2013,9.25
145,2,2014,9.79
145,2,2015,9.8
145,2,2016,10.24
145,2,2017,10.41
145,2,2018,10.88
145,2,2019,11.51
145,2,2020,10.97
145,2,2021,11.27
145,2,2022,12.48
145,2,2023,12.82
146,2,1980,7.94
146,2,1981,8.09
146,2,1982,8.17
146,2,1983,8.38
146,2,1984,8.53
146,2,1985,8.77
146,2,1986,8.97
146,2,1987,9.12
146,2,1988,9.19
146,2,1989,9.27
146,2,1990,9.36
146,2,1991,9.37
146,2,1992,9.64
146,2,1993,9.83
146,2,1994,10.18
146,2,1995,10.5
146,2,1996,10.84
146,2,1997,11.18
146,2,1998,11.38
146,2,1999,12.02
146,2,2000,12.39
146,2,2001,12.77
146,2,2002,12.97
146,2,2003,13.29
146,2,2004,13.58
146,2,2005,13.94
146,2,2006,14.62
146,2,2007,15.46
146,2,2008,16.32
146,2,2009,17.16
146,2,2010,17.95
146,2,2011,19.62
146,2,2012,21.45
146,2,2013,22.97
146,2,2014,22.41
146,2,2015,20.73
146,2,2016,19.45
146,2,2017,19.87
146,2,2018,22.31
146,2,2019,27.91
146,2,2020,33.17
146,2,2021,20.62
146,2,2022,25.93
146,2,2023,26.91
147,2,1980,4.05
147,2,1981,4.05
147,2,1982,4.01
147,2,1983,3.99
147,2,1984,3.98
147,2,1985,4
147,2,1986,4.07
147,2,1987,4.15
147,2,1988,4.28
147,2,1989,4.46
147,2,1990,4.65
147,2,1991,4.87
147,2,1992,5.06
147,2,1993,5.25
147,2,1994,5.43
147,2,1995,5.57
147,2,1996,5.74
147,2,1997,5.89
147,2,1998,6.21
147,2,1999,6.55
147,2,2000,6.79
147,2,2001,7.06
147,2,2002,7.31
147,2,2003,7.59
147,2,2004,8.02
147,2,2005,8.52
147,2,2006,8.89
147,2,2007,9.17
147,2,2008,9.45
147,2,2009,9.77
147,2,2010,10.09
147,2,2011,10.57
147,2,2012,10.93
147,2,2013,10.88
147,2,2014,11.15
147,2,2015,11.21
147,2,2016,11.13
147,2,2017,11.53
147,2,2018,11.96
147,2,2019,12.46
147,2,2020,13.4
147,2,2021,15.59
147,2,2022,13.77
147,2,2023,14.13
148,2,1980,4.8
148,2,1981,4.88
148,2,1982,5.05
148,2,1983,5.11
148,2,1984,5.23
148,2,1985,5.36
148,2,1986,5.41
148,2,1987,5.52
148,2,1988,5.58
148,2,1989,5.71
148,2,1990,5.86
148,2,1991,5.98
148,2,1992,6.06
148,2,1993,6.16
148,2,1994,6.26
148,2,1995,6.33
148,2,1996,6.48
148,2,1997,6.57
148,2,1998,6.79
148,2,1999,6.98
148,2,2000,7.22
148,2,2001,7.48
148,2,2002,7.68
148,2,2003,8.14
148,2,2004,8.58
148,2,2005,8.98
148,2,2006,9.4
148,2,2007,9.89
148,2,2008,10.41
148,2,2009,10.99
148,2,2010,11.57
148,2,2011,12.27
148,2,2012,12.99
148,2,2013,13.85
148,2,2014,14.63
148,2,2015,15.45
148,2,2016,16.46
148,2,2017,17.31
148,2,2018,18.57
148,2,2019,19.99
148,2,2020,21.76
148,2,2021,23.58
148,2,2022,24.13
148,2,2023,24.03
149,2,1980,7.13
149,2,1981,7.03
149,2,1982,6.95
149,2,1983,6.9
149,2,1984,6.89
149,2,1985,6.88
149,2,1986,6.88
149,2,1987,6.86
149,2,1988,6.86
149,2,1989,6.91
149,2,1990,6.93
149,2,1991,6.92
149,2,1992,6.95
149,2,1993,6.99
149,2,1994,7.04
149,2,1995,7.07
149,2,1996,7.08
149,2,1997,7.09
149,2,1998,7.17
149,2,1999,7.23
149,2,2000,7.3
149,2,2001,7.39
149,2,2002,7.47
149,2,2003,7.58
149,2,2004,7.71
149,2,2005,7.87
149,2,2006,8.05
149,2,2007,8.24
149,2,2008,8.48
149,2,2009,8.81
149,2,2010,9.18
149,2,2011,9.47
149,2,2012,9.64
149,2,2013,9.72
149,2,2014,9.98
149,2,2015,10.18
149,2,2016,10.4
149,2,2017,10.71
149,2,2018,10.92
149,2,2019,11.13
149,2,2020,10.89
149,2,2021,11.3
149,2,2022,11.9
149,2,2023,12.53
150,2,1980,2.75
150,2,1981,2.71
150,2,1982,2.66
150,2,1983,2.6
150,2,1984,2.55
150,2,1985,2.52
150,2,1986,2.51
150,2,1987,2.52
150,2,1988,2.54
150,2,1989,2.6
150,2,1990,2.68
150,2,1991,2.6
150,2,1992,2.69
150,2,1993,2.74
150,2,1994,2.87
150,2,1995,3.02
150,2,1996,3.11
150,2,1997,3.24
150,2,1998,3.38
150,2,1999,3.5
150,2,2000,3.68
150,2,2001,3.78
150,2,2002,3.92
150,2,2003,4.01
150,2,2004,4.06
150,2,2005,4.17
150,2,2006,4.32
150,2,2007,4.4
150,2,2008,4.54
150,2,2009,4.7
150,2,2010,4.86
150,2,2011,4.95
150,2,2012,4.97
150,2,2013,5.05
150,2,2014,5.16
150,2,2015,5.17
150,2,2016,5.19
150,2,2017,5.22
150,2,2018,5.18
150,2,2019,5.17
150,2,2020,5.04
150,2,2021,5.48
150,2,2022,5.27
150,2,2023,5.58
151,2,1980,7.27
151,2,1981,7.18
151,2,1982,7.04
151,2,1983,6.87
151,2,1984,6.77
151,2,1985,6.73
151,2,1986,6.71
151,2,1987,6.78
151,2,1988,6.89
151,2,1989,7.07
151,2,1990,7.32
151,2,1991,7.46
151,2,1992,7.88
151,2,1993,8.44
151,2,1994,8.56
151,2,1995,8.52
151,2,1996,8.66
151,2,1997,9.07
151,2,1998,9.18
151,2,1999,9.37
151,2,2000,9.65
151,2,2001,9.78
151,2,2002,9.99
151,2,2003,9.95
151,2,2004,9.62
151,2,2005,9.38
151,2,2006,9.14
151,2,2007,8.81
151,2,2008,8.52
151,2,2009,8.38
151,2,2010,8.27
151,2,2011,7.98
151,2,2012,7.64
151,2,2013,7.4
151,2,2014,7.36
151,2,2015,7.1
151,2,2016,6.82
151,2,2017,6.69
151,2,2018,6.59
151,2,2019,6.68
151,2,2020,6.5
151,2,2021,6.48
151,2,2022,6.96
151,2,2023,7.93
152,2,1980,4.14
152,2,1981,3.99
152,2,1982,3.79
152,2,1983,3.6
152,2,1984,3.43
152,2,1985,3.29
152,2,1986,3.2
152,2,1987,3.15
152,2,1988,3.13
152,2,1989,3.18
152,2,1990,3.25
152,2,1991,3.37
152,2,1992,3.53
152,2,1993,3.72
152,2,1994,3.93
152,2,1995,4.04
152,2,1996,4.15
152,2,1997,4.31
152,2,1998,4.49
152,2,1999,4.69
152,2,2000,4.94
152,2,2001,5.21
152,2,2002,5.5
152,2,2003,5.8
152,2,2004,6.06
152,2,2005,6.44
152,2,2006,6.87
152,2,2007,7.29
152,2,2008,7.67
152,2,2009,7.94
152,2,2010,8.1
152,2,2011,8.09
152,2,2012,7.96
152,2,2013,7.75
152,2,2014,7.71
152,2,2015,7.44
152,2,2016,7.38
152,2,2017,7.47
152,2,2018,7.49
152,2,2019,7.8
152,2,2020,8.39
152,2,2021,8.91
152,2,2022,9.14
152,2,2023,9.06
153,2,1980,2.97
153,2,1981,3.02
153,2,1982,3.06
153,2,1983,3.08
153,2,1984,3.16
153,2,1985,3.12
153,2,1986,3.18
153,2,1987,3.25
153,2,1988,3.34
153,2,1989,3.44
153,2,1990,3.52
153,2,1991,3.65
153,2,1992,3.78
153,2,1993,3.9
153,2,1994,3.99
153,2,1995,4.06
153,2,1996,4.15
153,2,1997,4.22
153,2,1998,4.21
153,2,1999,4.33
153,2,2000,4.57
153,2,2001,4.75
153,2,2002,4.83
153,2,2003,5.01
153,2,2004,4.95
153,2,2005,4.96
153,2,2006,4.93
153,2,2007,4.98
153,2,2008,4.98
153,2,2009,5.04
153,2,2010,5.26
153,2,2011,5.33
153,2,2012,5.31
153,2,2013,5.34
153,2,2014,5.58
153,2,2015,5.95
153,2,2016,6.4
153,2,2017,6.88
153,2,2018,7.24
153,2,2019,7.68
153,2,2020,7.63
153,2,2021,7.43
153,2,2022,8.27
153,2,2023,8.47
154,2,1980,9.06
154,2,1981,9.16
154,2,1982,9.31
154,2,1983,9.45
154,2,1984,9.68
154,2,1985,9.96
154,2,1986,10.21
154,2,1987,10.56
154,2,1988,10.87
154,2,1989,11.22
154,2,1990,11.61
154,2,1991,12.1
154,2,1992,12.42
154,2,1993,12.88
154,2,1994,13.36
154,2,1995,13.6
154,2,1996,14.03
154,2,1997,14.47
154,2,1998,15.06
154,2,1999,15.66
154,2,2000,16.05
154,2,2001,16.48
154,2,2002,16.83
154,2,2003,17.24
154,2,2004,17.53
154,2,2005,17.75
154,2,2006,18
154,2,2007,18.34
154,2,2008,18.71
154,2,2009,19.08
154,2,2010,19.43
154,2,2011,19.87
154,2,2012,20.34
154,2,2013,20.66
154,2,2014,21.17
154,2,2015,21.8
154,2,2016,22.47
154,2,2017,23.46
154,2,2018,24.3
154,2,2019,25.64
154,2,2020,25.41
154,2,2021,23.87
154,2,2022,27.92
154,2,2023,32.73
155,2,1980,6.95
155,2,1981,7.26
155,2,1982,7.41
155,2,1983,7.46
155,2,1984,7.56
155,2,1985,7.72
155,2,1986,7.91
155,2,1987,8.11
155,2,1988,8.44
155,2,1989,8.94
155,2,1990,9.35
155,2,1991,9.6
155,2,1992,9.91
155,2,1993,10.23
155,2,1994,10.48
155,2,1995,10.7
155,2,1996,10.74
155,2,1997,10.96
155,2,1998,11.19
155,2,1999,10.93
155,2,2000,11.34
155,2,2001,11.44
155,2,2002,11.76
155,2,2003,11.8
155,2,2004,11.85
155,2,2005,12.28
155,2,2006,12.75
155,2,2007,12.82
155,2,2008,12.33
155,2,2009,11.26
155,2,2010,11.06
155,2,2011,11.47
155,2,2012,11.82
155,2,2013,12.46
155,2,2014,13.11
155,2,2015,13.52
155,2,2016,13.87
155,2,2017,14.03
155,2,2018,13.97
155,2,2019,14.4
155,2,2020,14.92
155,2,2021,16.35
155,2,2022,16.05
155,2,2023,15.92
156,2,1980,9.14
156,2,1981,8.82
156,2,1982,8.52
156,2,1983,8.33
156,2,1984,8.25
156,2,1985,8.17
156,2,1986,7.93
156,2,1987,7.72
156,2,1988,7.57
156,2,1989,7.5
156,2,1990,7.52
156,2,1991,7.48
156,2,1992,7.38
156,2,1993,7.51
156,2,1994,7.6
156,2,1995,7.43
156,2,1996,7.37
156,2,1997,7.49
156,2,1998,7.86
156,2,1999,7.98
156,2,2000,8.35
156,2,2001,8.29
156,2,2002,7.84
156,2,2003,7.68
156,2,2004,8.03
156,2,2005,8.49
156,2,2006,8.64
156,2,2007,8.28
156,2,2008,7.69
156,2,2009,6.92
156,2,2010,6.76
156,2,2011,6.75
156,2,2012,6.69
156,2,2013,6.76
156,2,2014,6.98
156,2,2015,7.07
156,2,2016,7.2
156,2,2017,7.34
156,2,2018,7.45
156,2,2019,7.85
156,2,2020,7.81
156,2,2021,7.92
156,2,2022,8.73
156,2,2023,9.84
157,2,1980,2
157,2,1981,1.97
157,2,1982,1.95
157,2,1983,1.92
157,2,1984,1.89
157,2,1985,1.87
157,2,1986,1.86
157,2,1987,1.84
157,2,1988,1.81
157,2,1989,1.8
157,2,1990,1.8
157,2,1991,1.78
157,2,1992,1.78
157,2,1993,1.76
157,2,1994,1.76
157,2,1995,1.75
157,2,1996,1.74
157,2,1997,1.74
157,2,1998,1.75
157,2,1999,1.8
157,2,2000,1.83
157,2,2001,1.87
157,2,2002,1.89
157,2,2003,1.96
157,2,2004,2.06
157,2,2005,2.14
157,2,2006,2.22
157,2,2007,2.27
157,2,2008,2.39
157,2,2009,2.45
157,2,2010,2.46
157,2,2011,2.56
157,2,2012,2.6
157,2,2013,2.75
157,2,2014,2.87
157,2,2015,2.97
157,2,2016,3.02
157,2,2017,3.12
157,2,2018,3.14
157,2,2019,3.23
157,2,2020,3.28
157,2,2021,3.32
157,2,2022,3.71
157,2,2023,4.05
160,2,1980,1.98
160,2,1981,2.05
160,2,1982,2.28
160,2,1983,2.54
160,2,1984,2.64
160,2,1985,2.64
160,2,1986,2.65
160,2,1987,2.72
160,2,1988,2.8
160,2,1989,2.85
160,2,1990,2.84
160,2,1991,2.86
160,2,1992,2.9
160,2,1993,2.67
160,2,1994,2.33
160,2,1995,2.14
160,2,1996,2.04
160,2,1997,1.97
160,2,1998,1.89
160,2,1999,1.88
160,2,2000,1.84
160,2,2001,1.84
160,2,2002,1.78
160,2,2003,1.78
160,2,2004,1.8
160,2,2005,1.83
160,2,2006,1.86
160,2,2007,1.9
160,2,2008,1.98
160,2,2009,2.08
160,2,2010,2.13
160,2,2011,2.15
160,2,2012,2.17
160,2,2013,2.21
160,2,2014,2.25
160,2,2015,2.33
160,2,2016,2.36
160,2,2017,2.42
160,2,2018,2.47
160,2,2019,2.58
160,2,2020,2.61
160,2,2021,2.93
160,2,2022,2.83
160,2,2023,2.96
161,2,1980,3.67
161,2,1981,3.56
161,2,1982,3.5
161,2,1983,3.35
161,2,1984,3.34
161,2,1985,3.31
161,2,1986,3.46
161,2,1987,3.67
161,2,1988,3.95
161,2,1989,4.3
161,2,1990,4.45
161,2,1991,5.16
161,2,1992,4.89
161,2,1993,4.94
161,2,1994,4.96
161,2,1995,4.95
161,2,1996,5.13
161,2,1997,5.3
161,2,1998,5.58
161,2,1999,5.9
161,2,2000,6
161,2,2001,6.11
161,2,2002,6.15
161,2,2003,6.08
161,2,2004,5.87
161,2,2005,5.71
161,2,2006,5.61
161,2,2007,5.53
161,2,2008,5.42
161,2,2009,5.57
161,2,2010,5.73
161,2,2011,5.77
161,2,2012,5.97
161,2,2013,6.37
161,2,2014,6.77
161,2,2015,7.51
161,2,2016,7.98
161,2,2017,8.52
161,2,2018,9.05
161,2,2019,9.71
161,2,2020,10.25
161,2,2021,11.92
161,2,2022,12.7
161,2,2023,13.84
162,2,1980,4.14
162,2,1981,4.07
162,2,1982,4
162,2,1983,3.96
162,2,1984,3.91
162,2,1985,3.9
162,2,1986,3.93
162,2,1987,3.76
162,2,1988,3.89
162,2,1989,4.08
162,2,1990,4.63
162,2,1991,4.87
162,2,1992,5.05
162,2,1993,5.43
162,2,1994,5.76
162,2,1995,6.15
162,2,1996,6.46
162,2,1997,6.85
162,2,1998,6.86
162,2,1999,6.92
162,2,2000,7.14
162,2,2001,7.44
162,2,2002,7.66
162,2,2003,7.92
162,2,2004,8.08
162,2,2005,8.23
162,2,2006,8.33
162,2,2007,8.51
162,2,2008,8.65
162,2,2009,8.74
162,2,2010,8.98
162,2,2011,9.21
162,2,2012,9.49
162,2,2013,9.77
162,2,2014,10.13
162,2,2015,10.64
162,2,2016,11.19
162,2,2017,11.79
162,2,2018,12.32
162,2,2019,12.9
162,2,2020,13.74
162,2,2021,14.32
162,2,2022,15.15
162,2,2023,16.02
163,2,1980,4.21
163,2,1981,4.16
163,2,1982,4.19
163,2,1983,4.26
163,2,1984,4.39
163,2,1985,4.55
163,2,1986,4.76
163,2,1987,4.95
163,2,1988,5.16
163,2,1989,5.37
163,2,1990,5.54
163,2,1991,5.63
163,2,1992,5.57
163,2,1993,5.45
163,2,1994,5.38
163,2,1995,5.51
163,2,1996,5.8
163,2,1997,6.1
163,2,1998,6.35
163,2,1999,6.42
163,2,2000,6.48
163,2,2001,6.57
163,2,2002,6.63
163,2,2003,6.6
163,2,2004,6.58
163,2,2005,6.67
163,2,2006,6.93
163,2,2007,7.26
163,2,2008,7.38
163,2,2009,7.53
163,2,2010,7.8
163,2,2011,7.93
163,2,2012,8.19
163,2,2013,8.69
163,2,2014,9.37
163,2,2015,9.98
163,2,2016,10.47
163,2,2017,10.89
163,2,2018,11.17
163,2,2019,11.5
163,2,2020,12.1
163,2,2021,13.07
163,2,2022,13.64
163,2,2023,14.39
164,2,1980,3.18
164,2,1981,3.17
164,2,1982,3.16
164,2,1983,3.14
164,2,1984,3.13
164,2,1985,3.15
164,2,1986,3.19
164,2,1987,3.26
164,2,1988,3.36
164,2,1989,3.49
164,2,1990,3.62
164,2,1991,3.78
164,2,1992,3.87
164,2,1993,3.9
164,2,1994,3.97
164,2,1995,4.04
164,2,1996,4.12
164,2,1997,4.24
164,2,1998,4.33
164,2,1999,4.41
164,2,2000,4.49
164,2,2001,4.53
164,2,2002,4.56
164,2,2003,4.62
164,2,2004,4.65
164,2,2005,4.68
164,2,2006,4.69
164,2,2007,4.69
164,2,2008,4.71
164,2,2009,4.8
164,2,2010,4.81
164,2,2011,4.84
164,2,2012,4.92
164,2,2013,5.07
164,2,2014,5.27
164,2,2015,5.37
164,2,2016,5.63
164,2,2017,5.85
164,2,2018,6.07
164,2,2019,6.37
164,2,2020,6.63
164,2,2021,7.57
164,2,2022,7.96
164,2,2023,8.92
165,2,1980,9.81
165,2,1981,9.82
165,2,1982,9.8
165,2,1983,9.76
165,2,1984,9.77
165,2,1985,9.76
165,2,1986,9.81
165,2,1987,9.87
165,2,1988,10
165,2,1989,10.22
165,2,1990,10.45
165,2,1991,10.66
165,2,1992,10.75
165,2,1993,10.85
165,2,1994,10.85
165,2,1995,10.9
165,2,1996,11.02
165,2,1997,11.2
165,2,1998,11.49
165,2,1999,11.75
165,2,2000,12.1
165,2,2001,12.28
165,2,2002,12.45
165,2,2003,12.48
165,2,2004,12.65
165,2,2005,13.27
165,2,2006,12.91
165,2,2007,13.26
165,2,2008,13.65
165,2,2009,14.08
165,2,2010,14.41
165,2,2011,14.61
165,2,2012,14.87
165,2,2013,15.41
165,2,2014,15.81
165,2,2015,16.18
165,2,2016,16.59
165,2,2017,16.99
165,2,2018,17.3
165,2,2019,18
165,2,2020,19.58
165,2,2021,22.17
165,2,2022,21.07
165,2,2023,21.29
168,2,1980,6.08
168,2,1981,6.13
168,2,1982,6.17
168,2,1983,6.17
168,2,1984,6.08
168,2,1985,6.12
168,2,1986,6.22
168,2,1987,6.19
168,2,1988,6.15
168,2,1989,6.4
168,2,1990,6.19
168,2,1991,6.11
168,2,1992,6.04
168,2,1993,6.11
168,2,1994,6.19
168,2,1995,5.96
168,2,1996,5.33
168,2,1997,5.15
168,2,1998,5.65
168,2,1999,5.88
168,2,2000,5.86
168,2,2001,5.97
168,2,2002,6.05
168,2,2003,6.09
168,2,2004,6.21
168,2,2005,6.34
168,2,2006,6.89
168,2,2007,7.3
168,2,2008,7.71
168,2,2009,8.14
168,2,2010,8.49
168,2,2011,8.77
168,2,2012,8.99
168,2,2013,9.66
168,2,2014,10.5
168,2,2015,10.55
168,2,2016,9.96
168,2,2017,9.66
168,2,2018,9.83
168,2,2019,10.24
168,2,2020,10.45
168,2,2021,11.22
168,2,2022,12.97
168,2,2023,14.18
169,2,1980,10.92
169,2,1981,11.05
169,2,1982,11.13
169,2,1983,10.53
169,2,1984,10.58
169,2,1985,10.51
169,2,1986,10.69
169,2,1987,10.5
169,2,1988,9.77
169,2,1989,9.38
169,2,1990,8.73
169,2,1991,8.75
169,2,1992,8.61
169,2,1993,8.78
169,2,1994,8.88
169,2,1995,8.78
169,2,1996,9.21
169,2,1997,9.15
169,2,1998,9.47
169,2,1999,9.66
169,2,2000,9.4
169,2,2001,9.24
169,2,2002,9.21
169,2,2003,8.93
169,2,2004,8.71
169,2,2005,8.49
169,2,2006,8.31
169,2,2007,8.09
169,2,2008,7.87
169,2,2009,8.01
169,2,2010,8.51
169,2,2011,8.8
169,2,2012,8.73
169,2,2013,8.81
169,2,2014,8.85
169,2,2015,9.19
169,2,2016,9.63
169,2,2017,10.05
169,2,2018,10.17
169,2,2019,10.61
169,2,2020,10.66
169,2,2021,10.72
169,2,2022,12.6
169,2,2023,13.29
170,2,1980,13.8
170,2,1981,13.35
170,2,1982,13.77
170,2,1983,14.73
170,2,1984,14.27
170,2,1985,14.4
170,2,1986,13.99
170,2,1987,14.09
170,2,1988,13.71
170,2,1989,12.51
170,2,1990,11.97
170,2,1991,11.49
170,2,1992,11.61
170,2,1993,11.32
170,2,1994,12.37
170,2,1995,12.15
170,2,1996,11.99
170,2,1997,12.8
170,2,1998,11.74
170,2,1999,12.07
170,2,2000,11.96
170,2,2001,11.17
170,2,2002,11.06
170,2,2003,11.29
170,2,2004,11.13
170,2,2005,11.5
170,2,2006,11.75
170,2,2007,12.04
170,2,2008,12.74
170,2,2009,13.39
170,2,2010,13.41
170,2,2011,13.67
170,2,2012,13.85
170,2,2013,13.74
170,2,2014,13.8
170,2,2015,14.25
170,2,2016,14.99
170,2,2017,15.42
170,2,2018,15.96
170,2,2019,17.09
170,2,2020,17.73
170,2,2021,18.36
170,2,2022,22.34
170,2,2023,24.73
171,2,1980,7.69
171,2,1981,7.91
171,2,1982,8.11
171,2,1983,8.29
171,2,1984,8.52
171,2,1985,8.87
171,2,1986,8.71
171,2,1987,8.69
171,2,1988,8.7
171,2,1989,8.61
171,2,1990,8.54
171,2,1991,8.58
171,2,1992,8.41
171,2,1993,8.22
171,2,1994,7.91
171,2,1995,7.75
171,2,1996,7.56
171,2,1997,7.47
171,2,1998,7.52
171,2,1999,7.74
171,2,2000,7.81
171,2,2001,7.8
171,2,2002,7.96
171,2,2003,8.06
171,2,2004,8.23
171,2,2005,8.48
171,2,2006,8.82
171,2,2007,9.08
171,2,2008,9.36
171,2,2009,9.72
171,2,2010,10.15
171,2,2011,10.57
171,2,2012,11.08
171,2,2013,11.74
171,2,2014,12.55
171,2,2015,13.17
171,2,2016,13.91
171,2,2017,14.84
171,2,2018,16.07
171,2,2019,17.23
171,2,2020,18.25
171,2,2021,19.12
171,2,2022,22.83
171,2,2023,24.13
172,2,1980,11.56
172,2,1981,11.48
172,2,1982,11.15
172,2,1983,10.8
172,2,1984,10.54
172,2,1985,10.46
172,2,1986,9.71
172,2,1987,9.36
172,2,1988,9.89
172,2,1989,9.97
172,2,1990,9.93
172,2,1991,10.05
172,2,1992,10.06
172,2,1993,10.03
172,2,1994,9.58
172,2,1995,9.66
172,2,1996,9.59
172,2,1997,10.09
172,2,1998,10.21
172,2,1999,10.5
172,2,2000,10.71
172,2,2001,10.69
172,2,2002,10.4
172,2,2003,10.12
172,2,2004,10.11
172,2,2005,10.53
172,2,2006,10.73
172,2,2007,11.1
172,2,2008,11.69
172,2,2009,12.08
172,2,2010,11.36
172,2,2011,11.11
172,2,2012,12.37
172,2,2013,13.76
172,2,2014,15.36
172,2,2015,14.67
172,2,2016,14.81
172,2,2017,16.97
172,2,2018,18.21
172,2,2019,18.72
172,2,2020,19.31
172,2,2021,22.49
172,2,2022,27.53
172,2,2023,31.06
173,2,1980,12.27
173,2,1981,12.87
173,2,1982,13.66
173,2,1983,14.78
173,2,1984,14.41
173,2,1985,14.5
173,2,1986,14.4
173,2,1987,14.53
173,2,1988,14.27
173,2,1989,14.12
173,2,1990,13.45
173,2,1991,13.92
173,2,1992,13.96
173,2,1993,13.07
173,2,1994,12.99
173,2,1995,13.3
173,2,1996,12.86
173,2,1997,13.04
173,2,1998,12.91
173,2,1999,12.35
173,2,2000,12.51
173,2,2001,12.7
173,2,2002,13.17
173,2,2003,13.38
173,2,2004,13.91
173,2,2005,15.31
173,2,2006,16.1
173,2,2007,16.21
173,2,2008,16.25
173,2,2009,16.69
173,2,2010,16.73
173,2,2011,16.93
173,2,2012,18.57
173,2,2013,21.15
173,2,2014,22.68
173,2,2015,23.32
173,2,2016,23.14
173,2,2017,23.04
173,2,2018,23.04
173,2,2019,23.78
173,2,2020,24.8
173,2,2021,26.24
173,2,2022,30.92
173,2,2023,33.45
175,2,1980,7.86
175,2,1981,7.89
175,2,1982,7.93
175,2,1983,8
175,2,1984,8.04
175,2,1985,8.14
175,2,1986,8.13
175,2,1987,8.02
175,2,1988,7.77
175,2,1989,7.48
175,2,1990,7.26
175,2,1991,6.98
175,2,1992,6.76
175,2,1993,6.62
175,2,1994,6.59
175,2,1995,6.43
175,2,1996,6.15
175,2,1997,6.08
175,2,1998,5.9
175,2,1999,5.69
175,2,2000,5.49
175,2,2001,5.23
175,2,2002,4.98
175,2,2003,4.73
175,2,2004,4.67
175,2,2005,4.66
175,2,2006,4.66
175,2,2007,4.76
175,2,2008,4.93
175,2,2009,4.99
175,2,2010,5.07
175,2,2011,5.26
175,2,2012,5.53
175,2,2013,5.7
175,2,2014,5.91
175,2,2015,6.21
175,2,2016,6.54
175,2,2017,6.95
175,2,2018,7.26
175,2,2019,7.63
175,2,2020,7.75
175,2,2021,8.76
175,2,2022,9.28
175,2,2023,10.22
176,2,1980,3.59
176,2,1981,3.56
176,2,1982,3.51
176,2,1983,3.45
176,2,1984,3.4
176,2,1985,3.36
176,2,1986,3.35
176,2,1987,3.38
176,2,1988,3.4
176,2,1989,3.45
176,2,1990,3.51
176,2,1991,3.64
176,2,1992,3.76
176,2,1993,3.86
176,2,1994,3.94
176,2,1995,3.96
176,2,1996,4.1
176,2,1997,4.09
176,2,1998,4.29
176,2,1999,4.28
176,2,2000,4.6
176,2,2001,4.57
176,2,2002,4.86
176,2,2003,4.89
176,2,2004,4.68
176,2,2005,5.04
176,2,2006,4.81
176,2,2007,5.39
176,2,2008,5.42
176,2,2009,5.22
176,2,2010,5.22
176,2,2011,5.33
176,2,2012,5.25
176,2,2013,5.25
176,2,2014,5.62
176,2,2015,5.6
176,2,2016,5.63
176,2,2017,5.64
176,2,2018,5.5
176,2,2019,5.69
176,2,2020,5.79
176,2,2021,6.09
176,2,2022,5.96
176,2,2023,6.47
177,2,1980,8.46
177,2,1981,8.34
177,2,1982,8.4
177,2,1983,8.54
177,2,1984,8.59
177,2,1985,8.88
177,2,1986,8.92
177,2,1987,9.06
177,2,1988,9.12
177,2,1989,9.3
177,2,1990,9.18
177,2,1991,8.39
177,2,1992,8.17
177,2,1993,9.6
177,2,1994,8.6
177,2,1995,9.06
177,2,1996,8.78
177,2,1997,8.22
177,2,1998,8.01
177,2,1999,7.52
177,2,2000,7.2
177,2,2001,6.91
177,2,2002,6.69
177,2,2003,6.29
177,2,2004,6.57
177,2,2005,6.6
177,2,2006,6.83
177,2,2007,7.21
177,2,2008,7.52
177,2,2009,7.61
177,2,2010,7.94
177,2,2011,8.2
177,2,2012,8.59
177,2,2013,8.96
177,2,2014,9.11
177,2,2015,9.87
177,2,2016,10.36
177,2,2017,11.32
177,2,2018,11.57
177,2,2019,12.23
177,2,2020,12.02
177,2,2021,12.8
177,2,2022,14.04
177,2,2023,15.37
178,2,1980,7.36
178,2,1981,7.42
178,2,1982,7.47
178,2,1983,7.44
178,2,1984,7.37
178,2,1985,7.34
178,2,1986,7.38
178,2,1987,7.45
178,2,1988,7.51
178,2,1989,7.54
178,2,1990,7.64
178,2,1991,7.71
178,2,1992,7.92
178,2,1993,8.02
178,2,1994,7.99
178,2,1995,8.07
178,2,1996,8.12
178,2,1997,8.24
178,2,1998,8.34
178,2,1999,8.48
178,2,2000,8.63
178,2,2001,8.59
178,2,2002,8.88
178,2,2003,8.91
178,2,2004,9.07
178,2,2005,9.22
178,2,2006,9.53
178,2,2007,9.9
178,2,2008,10.27
178,2,2009,10.6
178,2,2010,10.88
178,2,2011,11.31
178,2,2012,11.78
178,2,2013,12.14
178,2,2014,12.52
178,2,2015,13.1
178,2,2016,13.52
178,2,2017,14.07
178,2,2018,14.74
178,2,2019,15.27
178,2,2020,15.61
178,2,2021,15.4
178,2,2022,18.06
178,2,2023,18.81
179,2,1980,4.58
179,2,1981,4.66
179,2,1982,4.65
179,2,1983,4.61
179,2,1984,4.64
179,2,1985,4.69
179,2,1986,4.74
179,2,1987,4.82
179,2,1988,4.88
179,2,1989,4.89
179,2,1990,4.91
179,2,1991,4.93
179,2,1992,4.94
179,2,1993,4.97
179,2,1994,5
179,2,1995,5.03
179,2,1996,5.09
179,2,1997,5.12
179,2,1998,5.15
179,2,1999,5.17
179,2,2000,5.21
179,2,2001,5.26
179,2,2002,5.26
179,2,2003,5.26
179,2,2004,5.34
179,2,2005,5.57
179,2,2006,5.92
179,2,2007,6.38
179,2,2008,6.87
179,2,2009,7.25
179,2,2010,7.7
179,2,2011,8.05
179,2,2012,8.29
179,2,2013,8.61
179,2,2014,8.93
179,2,2015,9.11
179,2,2016,9.47
179,2,2017,9.99
179,2,2018,10.65
179,2,2019,11.33
179,2,2020,11.5
179,2,2021,12.18
179,2,2022,15.06
179,2,2023,16.68
180,2,1980,6.87
180,2,1981,6.92
180,2,1982,6.97
180,2,1983,7
180,2,1984,7.03
180,2,1985,7.09
180,2,1986,7.1
180,2,1987,7.05
180,2,1988,6.98
180,2,1989,6.81
180,2,1990,6.66
180,2,1991,6.52
180,2,1992,6.42
180,2,1993,6.37
180,2,1994,6.36
180,2,1995,6.38
180,2,1996,6.47
180,2,1997,6.59
180,2,1998,6.78
180,2,1999,6.98
180,2,2000,7.3
180,2,2001,7.28
180,2,2002,7.4
180,2,2003,7.32
180,2,2004,7.56
180,2,2005,7.63
180,2,2006,7.7
180,2,2007,7.9
180,2,2008,8.23
180,2,2009,8.64
180,2,2010,9.11
180,2,2011,9.51
180,2,2012,9.86
180,2,2013,9.96
180,2,2014,10.04
180,2,2015,10.62
180,2,2016,11.17
180,2,2017,11.87
180,2,2018,12.52
180,2,2019,13.11
180,2,2020,13.42
180,2,2021,15.48
180,2,2022,16.05
180,2,2023,16.92
181,2,1980,11.01
181,2,1981,11
181,2,1982,11.04
181,2,1983,10.88
181,2,1984,11.09
181,2,1985,11.16
181,2,1986,11.08
181,2,1987,11.29
181,2,1988,11.56
181,2,1989,11.95
181,2,1990,12.4
181,2,1991,12.61
181,2,1992,12.69
181,2,1993,12.47
181,2,1994,12.46
181,2,1995,12.21
181,2,1996,11.76
181,2,1997,11.18
181,2,1998,10.75
181,2,1999,10.58
181,2,2000,10.16
181,2,2001,9.79
181,2,2002,9.29
181,2,2003,8.87
181,2,2004,8.57
181,2,2005,8.46
181,2,2006,8.46
181,2,2007,8.59
181,2,2008,8.7
181,2,2009,8.72
181,2,2010,8.74
181,2,2011,8.79
181,2,2012,8.83
181,2,2013,8.87
181,2,2014,8.93
181,2,2015,9.14
181,2,2016,9.42
181,2,2017,9.75
181,2,2018,10.26
181,2,2019,10.7
181,2,2020,10.25
181,2,2021,11.36
181,2,2022,14.3
181,2,2023,15.57
182,2,1980,7.14
182,2,1981,7.46
182,2,1982,7.84
182,2,1983,8.23
182,2,1984,8.64
182,2,1985,9.05
182,2,1986,9.34
182,2,1987,9.42
182,2,1988,9.03
182,2,1989,8.3
182,2,1990,7.5
182,2,1991,6.88
182,2,1992,6.4
182,2,1993,6.04
182,2,1994,5.76
182,2,1995,5.88
182,2,1996,5.95
182,2,1997,5.98
182,2,1998,6
182,2,1999,5.96
182,2,2000,6.14
182,2,2001,6.22
182,2,2002,6.39
182,2,2003,6.35
182,2,2004,6.52
182,2,2005,6.47
182,2,2006,6.07
182,2,2007,5.87
182,2,2008,5.97
182,2,2009,6.26
182,2,2010,6.83
182,2,2011,7.24
182,2,2012,7.54
182,2,2013,7.68
182,2,2014,7.82
182,2,2015,8.03
182,2,2016,8.24
182,2,2017,8.57
182,2,2018,9.12
182,2,2019,9.65
182,2,2020,9.8
182,2,2021,12.28
182,2,2022,12.55
182,2,2023,13.57
183,2,1980,10.78
183,2,1981,8.93
183,2,1982,7.21
183,2,1983,6.28
183,2,1984,7.05
183,2,1985,7.01
183,2,1986,7.97
183,2,1987,8.18
183,2,1988,7.72
183,2,1989,7.78
183,2,1990,8.65
183,2,1991,8.5
183,2,1992,10.17
183,2,1993,11.75
183,2,1994,12.31
183,2,1995,11.94
183,2,1996,12.33
183,2,1997,13.13
183,2,1998,14.17
183,2,1999,15.98
183,2,2000,16.72
183,2,2001,17.74
183,2,2002,18.3
183,2,2003,19.18
183,2,2004,19.77
183,2,2005,20.09
183,2,2006,19.24
183,2,2007,19.3
183,2,2008,20.6
183,2,2009,21.01
183,2,2010,21.17
183,2,2011,22.94
183,2,2012,23.96
183,2,2013,25.65
183,2,2014,25.69
183,2,2015,27.59
183,2,2016,28.89
183,2,2017,29.75
183,2,2018,29.77
183,2,2019,30.5
183,2,2020,31.88
183,2,2021,34.01
183,2,2022,35.39
183,2,2023,36.6
184,2,1980,5.41
184,2,1981,5.46
184,2,1982,5.5
184,2,1983,5.48
184,2,1984,5.45
184,2,1985,5.32
184,2,1986,5.32
184,2,1987,5.36
184,2,1988,5.38
184,2,1989,5.36
184,2,1990,5.34
184,2,1991,5.23
184,2,1992,5.15
184,2,1993,5.07
184,2,1994,4.95
184,2,1995,4.74
184,2,1996,4.57
184,2,1997,4.51
184,2,1998,4.49
184,2,1999,4.48
184,2,2000,4.46
184,2,2001,4.36
184,2,2002,4.39
184,2,2003,4.27
184,2,2004,4.21
184,2,2005,4.13
184,2,2006,4.03
184,2,2007,3.87
184,2,2008,3.88
184,2,2009,3.74
184,2,2010,3.6
184,2,2011,3.5
184,2,2012,3.45
184,2,2013,3.38
184,2,2014,3.26
184,2,2015,3.25
184,2,2016,3.25
184,2,2017,3.3
184,2,2018,3.36
184,2,2019,3.5
184,2,2020,3.59
184,2,2021,3.59
184,2,2022,4.02
184,2,2023,4.25
185,2,1980,8.71
185,2,1981,8.98
185,2,1982,9.25
185,2,1983,9.53
185,2,1984,9.87
185,2,1985,10.24
185,2,1986,10.57
185,2,1987,10.94
185,2,1988,11.31
185,2,1989,11.64
185,2,1990,12.02
185,2,1991,12.32
185,2,1992,12.6
185,2,1993,12.67
185,2,1994,14.72
185,2,1995,12.11
185,2,1996,11.72
185,2,1997,10.92
185,2,1998,10.07
185,2,1999,9.39
185,2,2000,8.78
185,2,2001,8.16
185,2,2002,7.84
185,2,2003,7.61
185,2,2004,7.78
185,2,2005,8.29
185,2,2006,9
185,2,2007,9.39
185,2,2008,9.62
185,2,2009,9.92
185,2,2010,10.1
185,2,2011,10.41
185,2,2012,10.68
185,2,2013,11.13
185,2,2014,11.4
185,2,2015,11.68
185,2,2016,11.92
185,2,2017,12.45
185,2,2018,13.15
185,2,2019,14.05
185,2,2020,14.62
185,2,2021,15.59
185,2,2022,18.83
185,2,2023,21.11
186,2,1980,9.57
186,2,1981,9.72
186,2,1982,9.8
186,2,1983,9.97
186,2,1984,10.08
186,2,1985,10.08
186,2,1986,10.39
186,2,1987,10.69
186,2,1988,11.14
186,2,1989,11.67
186,2,1990,12.3
186,2,1991,12.97
186,2,1992,13.59
186,2,1993,14.26
186,2,1994,14.94
186,2,1995,15.64
186,2,1996,16.46
186,2,1997,17.36
186,2,1998,18.22
186,2,1999,18.97
186,2,2000,19.67
186,2,2001,20.16
186,2,2002,20.73
186,2,2003,21.18
186,2,2004,21.59
186,2,2005,21.82
186,2,2006,21.82
186,2,2007,22.19
186,2,2008,22.49
186,2,2009,22.87
186,2,2010,23.14
186,2,2011,23.28
186,2,2012,23.35
186,2,2013,23.64
186,2,2014,23.47
186,2,2015,23.35
186,2,2016,23.57
186,2,2017,23.26
186,2,2018,23.11
186,2,2019,23.7
186,2,2020,23
186,2,2021,26.26
186,2,2022,25.92
186,2,2023,28.28
187,2,1980,2.01
187,2,1981,1.93
187,2,1982,1.98
187,2,1983,2.15
187,2,1984,2.2
187,2,1985,2.18
187,2,1986,2.18
187,2,1987,2.2
187,2,1988,2.21
187,2,1989,2.25
187,2,1990,2.29
187,2,1991,2.34
187,2,1992,2.47
187,2,1993,2.51
187,2,1994,2.55
187,2,1995,2.47
187,2,1996,2.47
187,2,1997,2.47
187,2,1998,2.48
187,2,1999,2.48
187,2,2000,2.54
187,2,2001,2.53
187,2,2002,2.54
187,2,2003,2.53
187,2,2004,2.57
187,2,2005,2.61
187,2,2006,2.63
187,2,2007,2.68
187,2,2008,2.69
187,2,2009,2.74
187,2,2010,2.79
187,2,2011,2.84
187,2,2012,2.89
187,2,2013,2.94
187,2,2014,3.02
187,2,2015,3.11
187,2,2016,3.23
187,2,2017,3.33
187,2,2018,3.43
187,2,2019,3.56
187,2,2020,3.28
187,2,2021,3.77
187,2,2022,3.86
187,2,2023,4.06
189,2,1980,8.08
189,2,1981,8.26
189,2,1982,8.33
189,2,1983,8.43
189,2,1984,8.45
189,2,1985,8.43
189,2,1986,8.36
189,2,1987,8.22
189,2,1988,8.07
189,2,1989,7.83
189,2,1990,7.57
189,2,1991,7.48
189,2,1992,7.52
189,2,1993,7.44
189,2,1994,7.44
189,2,1995,7.48
189,2,1996,7.58
189,2,1997,7.78
189,2,1998,7.85
189,2,1999,7.77
189,2,2000,7.79
189,2,2001,7.86
189,2,2002,7.93
189,2,2003,7.92
189,2,2004,7.95
189,2,2005,7.88
189,2,2006,7.94
189,2,2007,8.17
189,2,2008,8.32
189,2,2009,8.28
189,2,2010,8.44
189,2,2011,8.5
189,2,2012,8.69
189,2,2013,8.89
189,2,2014,8.72
189,2,2015,8.51
189,2,2016,8.2
189,2,2017,8.1
189,2,2018,7.94
189,2,2019,7.78
189,2,2020,7.8
189,2,2021,8.8
189,2,2022,7.75
189,2,2023,8.52
190,2,1980,8.71
190,2,1981,7.93
190,2,1982,8.88
190,2,1983,8.49
190,2,1984,7.87
190,2,1985,7.2
190,2,1986,6.76
190,2,1987,6.56
190,2,1988,6.43
190,2,1989,6.77
190,2,1990,6.9
190,2,1991,7.35
190,2,1992,7.45
190,2,1993,7.66
190,2,1994,7.86
190,2,1995,7.99
190,2,1996,8.11
190,2,1997,8.2
190,2,1998,8.35
190,2,1999,8.46
190,2,2000,8.83
190,2,2001,8.77
190,2,2002,8.72
190,2,2003,8.59
190,2,2004,8.58
190,2,2005,8.66
190,2,2006,8.77
190,2,2007,8.78
190,2,2008,8.9
190,2,2009,9.02
190,2,2010,8.97
190,2,2011,9.14
190,2,2012,9.82
190,2,2013,10.7
190,2,2014,11.09
190,2,2015,11.61
190,2,2016,11.88
190,2,2017,12.37
190,2,2018,13.04
190,2,2019,13.69
190,2,2020,14.15
190,2,2021,16.31
190,2,2022,17.43
190,2,2023,19.02
191,2,1980,9.45
191,2,1981,9.64
191,2,1982,9.72
191,2,1983,9.87
191,2,1984,10
191,2,1985,10.17
191,2,1986,10.14
191,2,1987,10.05
191,2,1988,9.83
191,2,1989,9.43
191,2,1990,9.03
191,2,1991,8.76
191,2,1992,8.5
191,2,1993,8.32
191,2,1994,8.19
191,2,1995,8.14
191,2,1996,8.17
191,2,1997,8.2
191,2,1998,8.24
191,2,1999,8.32
191,2,2000,8.41
191,2,2001,8.83
191,2,2002,8.81
191,2,2003,8.62
191,2,2004,8.5
191,2,2005,8.72
191,2,2006,9
191,2,2007,9.24
191,2,2008,9.93
191,2,2009,10.52
191,2,2010,10.8
191,2,2011,11.1
191,2,2012,11.17
191,2,2013,11.14
191,2,2014,11.22
191,2,2015,11.56
191,2,2016,11.96
191,2,2017,12.34
191,2,2018,12.64
191,2,2019,13.22
191,2,2020,13.86
191,2,2021,15.57
191,2,2022,16.92
191,2,2023,18.54
193,2,1980,5.34
193,2,1981,5.39
193,2,1982,5.48
193,2,1983,5.56
193,2,1984,5.67
193,2,1985,5.77
193,2,1986,5.88
193,2,1987,5.95
193,2,1988,5.68
193,2,1989,5.66
193,2,1990,5.42
193,2,1991,5.04
193,2,1992,4.72
193,2,1993,4.47
193,2,1994,4.49
193,2,1995,4.66
193,2,1996,5.04
193,2,1997,5.74
193,2,1998,6.85
193,2,1999,8.31
193,2,2000,10.01
193,2,2001,11.47
193,2,2002,11.6
193,2,2003,10.07
193,2,2004,8.38
193,2,2005,7.79
193,2,2006,9.11
193,2,2007,7.8
193,2,2008,7.95
193,2,2009,8.3
193,2,2010,8.35
193,2,2011,8.36
193,2,2012,8.47
193,2,2013,8.58
193,2,2014,8.85
193,2,2015,9.37
193,2,2016,9.97
193,2,2017,10.48
193,2,2018,11.13
193,2,2019,11.77
193,2,2020,12.42
193,2,2021,14.96
193,2,2022,14.69
193,2,2023,15.41
194,2,1980,9.78
194,2,1981,9.81
194,2,1982,9.83
194,2,1983,9.82
194,2,1984,9.82
194,2,1985,9.85
194,2,1986,9.91
194,2,1987,9.98
194,2,1988,10.08
194,2,1989,10.17
194,2,1990,10.24
194,2,1991,10.25
194,2,1992,10.12
194,2,1993,10
194,2,1994,9.83
194,2,1995,9.7
194,2,1996,9.8
194,2,1997,9.98
194,2,1998,10
194,2,1999,10.13
194,2,2000,10.43
194,2,2001,13.03
194,2,2002,15.27
194,2,2003,13.65
194,2,2004,12.34
194,2,2005,10.33
194,2,2006,8.54
194,2,2007,7.76
194,2,2008,7.96
194,2,2009,8.65
194,2,2010,9.18
194,2,2011,9.71
194,2,2012,10.01
194,2,2013,10.3
194,2,2014,10.6
194,2,2015,10.91
194,2,2016,11.12
194,2,2017,11.39
194,2,2018,11.67
194,2,2019,11.89
194,2,2020,11.77
194,2,2021,13.11
194,2,2022,14.39
194,2,2023,14.91
195,2,1980,11.04
195,2,1981,11.08
195,2,1982,11.09
195,2,1983,11.11
195,2,1984,11.17
195,2,1985,11.28
195,2,1986,11.46
195,2,1987,11.55
195,2,1988,11.66
195,2,1989,11.81
195,2,1990,11.9
195,2,1991,11.98
195,2,1992,11.84
195,2,1993,11.38
195,2,1994,10.83
195,2,1995,10.11
195,2,1996,9.56
195,2,1997,9.21
195,2,1998,9.06
195,2,1999,9.15
195,2,2000,9.38
195,2,2001,9.45
195,2,2002,9.83
195,2,2003,10.65
195,2,2004,10.66
195,2,2005,10.57
195,2,2006,10.75
195,2,2007,11.98
195,2,2008,13.76
195,2,2009,14.91
195,2,2010,15.82
195,2,2011,16.96
195,2,2012,18.15
195,2,2013,18.69
195,2,2014,18.36
195,2,2015,18.31
195,2,2016,18.49
195,2,2017,18.98
195,2,2018,20.37
195,2,2019,21.74
195,2,2020,21.89
195,2,2021,24.22
195,2,2022,24.04
195,2,2023,24.66
196,2,1980,9.39
196,2,1981,9.37
196,2,1982,9.34
196,2,1983,9.15
196,2,1984,8.92
196,2,1985,9.11
196,2,1986,8.74
196,2,1987,8.57
196,2,1988,8.96
196,2,1989,8.95
196,2,1990,9.41
196,2,1991,9.66
196,2,1992,9.61
196,2,1993,10.59
196,2,1994,11.1
196,2,1995,11.64
196,2,1996,12.52
196,2,1997,12
196,2,1998,12.16
196,2,1999,11.72
196,2,2000,11.27
196,2,2001,11.04
196,2,2002,10.87
196,2,2003,10.8
196,2,2004,10.64
196,2,2005,11.21
196,2,2006,12.1
196,2,2007,13.08
196,2,2008,14.16
196,2,2009,15.61
196,2,2010,16.8
196,2,2011,17.89
196,2,2012,18.73
196,2,2013,19.61
196,2,2014,20.3
196,2,2015,20.6
196,2,2016,20.68
196,2,2017,20.75
196,2,2018,20.9
196,2,2019,19.88
196,2,2020,18.32
196,2,2021,18.39
196,2,2022,20.2
196,2,2023,22.17
197,2,1980,11.81
197,2,1981,11.82
197,2,1982,11.79
197,2,1983,11.74
197,2,1984,11.74
197,2,1985,11.79
197,2,1986,11.91
197,2,1987,12.11
197,2,1988,12.43
197,2,1989,12.86
197,2,1990,13.32
197,2,1991,13.7
197,2,1992,13.99
197,2,1993,13.82
197,2,1994,13.28
197,2,1995,12.2
197,2,1996,10.98
197,2,1997,9.81
197,2,1998,8.82
197,2,1999,8.22
197,2,2000,7.98
197,2,2001,8.41
197,2,2002,8.77
197,2,2003,9.9
197,2,2004,11.37
197,2,2005,12.44
197,2,2006,12.65
197,2,2007,12.02
197,2,2008,11.63
197,2,2009,11.75
197,2,2010,11.89
197,2,2011,11.97
197,2,2012,11.89
197,2,2013,11.66
197,2,2014,11.34
197,2,2015,11.05
197,2,2016,11.17
197,2,2017,11.64
197,2,2018,12.22
197,2,2019,12.89
197,2,2020,14.64
197,2,2021,16.01
197,2,2022,16.41
197,2,2023,16.75
198,2,1980,5.56
198,2,1981,5.57
198,2,1982,5.55
198,2,1983,5.49
198,2,1984,5.44
198,2,1985,5.36
198,2,1986,5.24
198,2,1987,4.96
198,2,1988,4.58
198,2,1989,4.19
198,2,1990,3.9
198,2,1991,3.81
198,2,1992,4.08
198,2,1993,4.17
198,2,1994,4.52
198,2,1995,4.78
198,2,1996,5.12
198,2,1997,5.52
198,2,1998,5.87
198,2,1999,6.18
198,2,2000,6.42
198,2,2001,7
198,2,2002,7.61
198,2,2003,8.22
198,2,2004,8.49
198,2,2005,8.27
198,2,2006,8.01
198,2,2007,7.54
198,2,2008,7.85
198,2,2009,7.87
198,2,2010,7.88
198,2,2011,8.65
198,2,2012,8.94
198,2,2013,8.94
198,2,2014,8.88
198,2,2015,9.11
198,2,2016,9.29
198,2,2017,9.23
198,2,2018,9.45
198,2,2019,9.65
198,2,2020,9.7
198,2,2021,11.43
198,2,2022,9.82
198,2,2023,9.85
200,2,1980,5.75
200,2,1981,5.69
200,2,1982,5.62
200,2,1983,5.57
200,2,1984,5.54
200,2,1985,5.5
200,2,1986,5.52
200,2,1987,5.52
200,2,1988,5.6
200,2,1989,5.63
200,2,1990,5.63
200,2,1991,5.76
200,2,1992,5.76
200,2,1993,5.85
200,2,1994,5.87
200,2,1995,5.83
200,2,1996,5.84
200,2,1997,5.79
200,2,1998,5.83
200,2,1999,5.79
200,2,2000,5.83
200,2,2001,5.61
200,2,2002,5.49
200,2,2003,5.34
200,2,2004,5.17
200,2,2005,5.13
200,2,2006,5.22
200,2,2007,5.27
200,2,2008,5.89
200,2,2009,6.58
200,2,2010,6.8
200,2,2011,7.03
200,2,2012,7.21
200,2,2013,7.49
200,2,2014,7.62
200,2,2015,7.71
200,2,2016,7.89
200,2,2017,8.12
200,2,2018,8.32
200,2,2019,8.88
200,2,2020,9.06
200,2,2021,9.05
200,2,2022,9.39
200,2,2023,10.17
201,2,1980,8.76
201,2,1981,8.85
201,2,1982,9.02
201,2,1983,9.21
201,2,1984,9.29
201,2,1985,9.34
201,2,1986,9.16
201,2,1987,8.87
201,2,1988,8.53
201,2,1989,8.25
201,2,1990,8.06
201,2,1991,7.7
201,2,1992,7.48
201,2,1993,7.42
201,2,1994,7.32
201,2,1995,7.28
201,2,1996,7.21
201,2,1997,7.12
201,2,1998,7.09
201,2,1999,7.04
201,2,2000,7.11
201,2,2001,6.96
201,2,2002,7.09
201,2,2003,6.97
201,2,2004,7.16
201,2,2005,7.49
201,2,2006,7.89
201,2,2007,7.98
201,2,2008,8.16
201,2,2009,8.35
201,2,2010,8.48
201,2,2011,8.71
201,2,2012,8.93
201,2,2013,9.06
201,2,2014,9.04
201,2,2015,9.4
201,2,2016,9.56
201,2,2017,9.72
201,2,2018,9.69
201,2,2019,9.73
201,2,2020,9.31
201,2,2021,9.29
201,2,2022,11.55
201,2,2023,12.62
202,2,1980,11.9
202,2,1981,12.01
202,2,1982,11.95
202,2,1983,11.74
202,2,1984,11.76
202,2,1985,12.01
202,2,1986,11.96
202,2,1987,12.1
202,2,1988,12.18
202,2,1989,12.2
202,2,1990,12.02
202,2,1991,11.67
202,2,1992,11.19
202,2,1993,10.74
202,2,1994,10.25
202,2,1995,9.82
202,2,1996,9.57
202,2,1997,9.29
202,2,1998,9.23
202,2,1999,9.17
202,2,2000,9.35
202,2,2001,9.04
202,2,2002,9.02
202,2,2003,8.81
202,2,2004,8.75
202,2,2005,8.83
202,2,2006,9.09
202,2,2007,9.09
202,2,2008,9.55
202,2,2009,9.99
202,2,2010,10.35
202,2,2011,10.62
202,2,2012,11.02
202,2,2013,11.31
202,2,2014,11.19
202,2,2015,11.61
202,2,2016,12.05
202,2,2017,12.8
202,2,2018,13.78
202,2,2019,14.46
202,2,2020,15.29
202,2,2021,16
202,2,2022,17.74
202,2,2023,19.34
203,2,1980,8.76
203,2,1981,8.73
203,2,1982,8.46
203,2,1983,8.42
203,2,1984,8.35
203,2,1985,8.32
203,2,1986,8.34
203,2,1987,8.39
203,2,1988,8.46
203,2,1989,8.57
203,2,1990,8.64
203,2,1991,8.6
203,2,1992,8.28
203,2,1993,7.9
203,2,1994,7.81
203,2,1995,8.86
203,2,1996,6.95
203,2,1997,6.68
203,2,1998,6.5
203,2,1999,6.39
203,2,2000,6.38
203,2,2001,6.48
203,2,2002,6.6
203,2,2003,6.72
203,2,2004,6.83
203,2,2005,7.11
203,2,2006,7.54
203,2,2007,7.93
203,2,2008,8.19
203,2,2009,8.44
203,2,2010,8.69
203,2,2011,9.16
203,2,2012,9.83
203,2,2013,10.63
203,2,2014,11.46
203,2,2015,12.08
203,2,2016,12.89
203,2,2017,13.28
203,2,2018,14.21
203,2,2019,14.7
203,2,2020,14.37
203,2,2021,14.88
203,2,2022,18.34
203,2,2023,19.84
204,2,1980,8.45
204,2,1981,8.39
204,2,1982,8.34
204,2,1983,8.32
204,2,1984,8.34
204,2,1985,8.27
204,2,1986,8.16
204,2,1987,8.08
204,2,1988,7.94
204,2,1989,7.84
204,2,1990,8
204,2,1991,7.81
204,2,1992,7.6
204,2,1993,7.54
204,2,1994,7.13
204,2,1995,6.75
204,2,1996,6.69
204,2,1997,6.58
204,2,1998,6.41
204,2,1999,6.28
204,2,2000,6.25
204,2,2001,6.21
204,2,2002,6.12
204,2,2003,6.03
204,2,2004,5.98
204,2,2005,6.03
204,2,2006,6.06
204,2,2007,6.15
204,2,2008,6.22
204,2,2009,6.36
204,2,2010,6.48
204,2,2011,6.51
204,2,2012,6.47
204,2,2013,6.5
204,2,2014,6.5
204,2,2015,6.6
204,2,2016,6.7
204,2,2017,6.75
204,2,2018,6.9
204,2,2019,7.02
204,2,2020,6.97
204,2,2021,6.92
204,2,2022,8.11
204,2,2023,8.49
205,2,1980,11.82
205,2,1981,11.79
205,2,1982,11.68
205,2,1983,11.7
205,2,1984,11.67
205,2,1985,11.73
205,2,1986,11.49
205,2,1987,11.01
205,2,1988,10.54
205,2,1989,9.94
205,2,1990,9.41
205,2,1991,9.07
205,2,1992,9.03
205,2,1993,9.22
205,2,1994,9.5
205,2,1995,9.8
205,2,1996,10.31
205,2,1997,10.77
205,2,1998,11.2
205,2,1999,11.46
205,2,2000,11.86
205,2,2001,11.48
205,2,2002,11.49
205,2,2003,11.05
205,2,2004,11.02
205,2,2005,11.09
205,2,2006,11.44
205,2,2007,11.44
205,2,2008,11.73
205,2,2009,11.64
205,2,2010,11.49
205,2,2011,11.86
205,2,2012,12.96
205,2,2013,14.49
205,2,2014,15.49
205,2,2015,16.98
205,2,2016,18.39
205,2,2017,19.59
205,2,2018,20.53
205,2,2019,20.51
205,2,2020,21.02
205,2,2021,21.08
205,2,2022,24.68
205,2,2023,26.45
206,2,1980,4.58
206,2,1981,4.49
206,2,1982,4.39
206,2,1983,4.31
206,2,1984,4.25
206,2,1985,4.18
206,2,1986,4.2
206,2,1987,4.19
206,2,1988,4.23
206,2,1989,4.24
206,2,1990,4.51
206,2,1991,4.6
206,2,1992,4.83
206,2,1993,4.69
206,2,1994,4.47
206,2,1995,5.04
206,2,1996,4.59
206,2,1997,4.48
206,2,1998,4.83
206,2,1999,5.26
206,2,2000,4.84
206,2,2001,4.56
206,2,2002,4.6
206,2,2003,4.74
206,2,2004,5.33
206,2,2005,5.66
206,2,2006,5.58
206,2,2007,5.64
206,2,2008,5.41
206,2,2009,5.67
206,2,2010,5.72
206,2,2011,5.35
206,2,2012,5.59
206,2,2013,5.77
206,2,2014,6.36
206,2,2015,6.19
206,2,2016,6.89
206,2,2017,8.05
206,2,2018,8.17
206,2,2019,9.05
206,2,2020,8.79
206,2,2021,9.27
206,2,2022,10.72
206,2,2023,11.24
207,2,1980,7.52
207,2,1981,7.72
207,2,1982,7.92
207,2,1983,8.08
207,2,1984,8.29
207,2,1985,8.54
207,2,1986,8.82
207,2,1987,9.04
207,2,1988,9.29
207,2,1989,9.51
207,2,1990,9.67
207,2,1991,9.73
207,2,1992,9.83
207,2,1993,9.97
207,2,1994,10.08
207,2,1995,9.87
207,2,1996,9.7
207,2,1997,9.52
207,2,1998,9.44
207,2,1999,9.2
207,2,2000,9.08
207,2,2001,8.94
207,2,2002,8.91
207,2,2003,8.66
207,2,2004,8.67
207,2,2005,8.83
207,2,2006,9.14
207,2,2007,9.25
207,2,2008,9.21
207,2,2009,9.19
207,2,2010,9.2
207,2,2011,9.58
207,2,2012,9.74
207,2,2013,9.77
207,2,2014,9.65
207,2,2015,9.77
207,2,2016,10.05
207,2,2017,10.28
207,2,2018,11.04
207,2,2019,11.84
207,2,2020,12.44
207,2,2021,13.44
207,2,2022,15.62
207,2,2023,16.77
208,2,1980,5.98
208,2,1981,6.07
208,2,1982,6.26
208,2,1983,6.11
208,2,1984,6.17
208,2,1985,6.31
208,2,1986,6.57
208,2,1987,6.68
208,2,1988,6.78
208,2,1989,6.91
208,2,1990,6.99
208,2,1991,7.09
208,2,1992,7.1
208,2,1993,7.12
208,2,1994,7.17
208,2,1995,7.21
208,2,1996,7.12
208,2,1997,6.98
208,2,1998,6.98
208,2,1999,6.9
208,2,2000,6.74
208,2,2001,6.54
208,2,2002,6.47
208,2,2003,6.38
208,2,2004,6.19
208,2,2005,6.18
208,2,2006,6.37
208,2,2007,6.39
208,2,2008,6.44
208,2,2009,6.59
208,2,2010,6.72
208,2,2011,6.81
208,2,2012,6.98
208,2,2013,7.15
208,2,2014,7.26
208,2,2015,7.3
208,2,2016,7.39
208,2,2017,7.48
208,2,2018,7.73
208,2,2019,8.29
208,2,2020,8.3
208,2,2021,8.63
208,2,2022,10.49
208,2,2023,11.1
209,2,1980,7.23
209,2,1981,7.14
209,2,1982,7.01
209,2,1983,6.86
209,2,1984,6.86
209,2,1985,6.77
209,2,1986,6.77
209,2,1987,6.78
209,2,1988,6.81
209,2,1989,6.92
209,2,1990,6.98
209,2,1991,6.98
209,2,1992,6.94
209,2,1993,6.89
209,2,1994,6.96
209,2,1995,6.68
209,2,1996,7.43
209,2,1997,7.16
209,2,1998,6.43
209,2,1999,6.32
209,2,2000,6.21
209,2,2001,6.3
209,2,2002,6.41
209,2,2003,6.56
209,2,2004,6.74
209,2,2005,7.33
209,2,2006,7.16
209,2,2007,7.33
209,2,2008,7.89
209,2,2009,8.03
209,2,2010,8.34
209,2,2011,8.75
209,2,2012,9.38
209,2,2013,9.84
209,2,2014,10.01
209,2,2015,10.47
209,2,2016,11.17
209,2,2017,11.8
209,2,2018,12.55
209,2,2019,13.6
209,2,2020,12.95
209,2,2021,12.59
209,2,2022,15.54
209,2,2023,16.84
210,2,1980,7.39
210,2,1981,7.47
210,2,1982,7.58
210,2,1983,7.64
210,2,1984,7.69
210,2,1985,7.77
210,2,1986,7.84
210,2,1987,7.84
210,2,1988,7.83
210,2,1989,7.67
210,2,1990,7.66
210,2,1991,8.4
210,2,1992,8.94
210,2,1993,8.32
210,2,1994,8.08
210,2,1995,8.15
210,2,1996,8.64
210,2,1997,8.11
210,2,1998,7.99
210,2,1999,7.62
210,2,2000,7.68
210,2,2001,7.48
210,2,2002,7.58
210,2,2003,7.47
210,2,2004,7.69
210,2,2005,7.81
210,2,2006,8.35
210,2,2007,8.37
210,2,2008,8.76
210,2,2009,9.3
210,2,2010,9.85
210,2,2011,10.21
210,2,2012,11.02
210,2,2013,11.75
210,2,2014,11.93
210,2,2015,12.34
210,2,2016,12.73
210,2,2017,13.68
210,2,2018,14.8
210,2,2019,16.05
210,2,2020,16.71
210,2,2021,19.54
210,2,2022,21.09
210,2,2023,22.64
211,2,1980,8.72
211,2,1981,7.96
211,2,1982,8.8
211,2,1983,8.81
211,2,1984,8.82
211,2,1985,8.93
211,2,1986,9
211,2,1987,8.94
211,2,1988,8.87
211,2,1989,8.89
211,2,1990,8.83
211,2,1991,8.81
211,2,1992,8.77
211,2,1993,8.78
211,2,1994,8.72
211,2,1995,8.77
211,2,1996,8.75
211,2,1997,8.5
211,2,1998,8.4
211,2,1999,8.24
211,2,2000,8.16
211,2,2001,8.01
211,2,2002,8.03
211,2,2003,8.11
211,2,2004,8.31
211,2,2005,8.46
211,2,2006,8.87
211,2,2007,9.42
211,2,2008,9.78
211,2,2009,10.17
211,2,2010,10.47
211,2,2011,10.81
211,2,2012,10.78
211,2,2013,11.18
211,2,2014,11.6
211,2,2015,12.56
211,2,2016,13.47
211,2,2017,14.17
211,2,2018,14.77
211,2,2019,15.16
211,2,2020,14.79
211,2,2021,15.99
211,2,2022,18.47
211,2,2023,19.57
212,2,1980,6.67
212,2,1981,6.77
212,2,1982,6.85
212,2,1983,6.79
212,2,1984,7.11
212,2,1985,7.25
212,2,1986,7.42
212,2,1987,7.54
212,2,1988,7.71
212,2,1989,7.68
212,2,1990,7.69
212,2,1991,7.63
212,2,1992,7.74
212,2,1993,7.93
212,2,1994,7.5
212,2,1995,7.49
212,2,1996,7.73
212,2,1997,7.9
212,2,1998,8.35
212,2,1999,8.18
212,2,2000,8.51
212,2,2001,8.73
212,2,2002,9.05
212,2,2003,8.98
212,2,2004,9.53
212,2,2005,9.82
212,2,2006,10.62
212,2,2007,10.41
212,2,2008,10.37
212,2,2009,11.18
212,2,2010,11.23
212,2,2011,11.22
212,2,2012,11.73
212,2,2013,12.05
212,2,2014,11.67
212,2,2015,11.72
212,2,2016,11.59
212,2,2017,12.64
212,2,2018,12.99
212,2,2019,14.37
212,2,2020,13.72
212,2,2021,15.19
212,2,2022,18.29
212,2,2023,19.84
213,2,1980,5.99
213,2,1981,5.95
213,2,1982,6.07
213,2,1983,6.06
213,2,1984,6.1
213,2,1985,6.24
213,2,1986,6.31
213,2,1987,6.42
213,2,1988,6.6
213,2,1989,6.77
213,2,1990,6.97
213,2,1991,7
213,2,1992,7
213,2,1993,7.07
213,2,1994,7.08
213,2,1995,7.06
213,2,1996,7.12
213,2,1997,7.13
213,2,1998,7.12
213,2,1999,6.97
213,2,2000,7.05
213,2,2001,6.83
213,2,2002,6.88
213,2,2003,6.68
213,2,2004,6.57
213,2,2005,6.45
213,2,2006,6.62
213,2,2007,6.55
213,2,2008,6.56
213,2,2009,6.6
213,2,2010,6.62
213,2,2011,6.59
213,2,2012,6.68
213,2,2013,6.86
213,2,2014,6.91
213,2,2015,7.1
213,2,2016,7.3
213,2,2017,7.65
213,2,2018,7.96
213,2,2019,8.27
213,2,2020,8.03
213,2,2021,8.46
213,2,2022,9.56
213,2,2023,9.98
214,2,1980,11.74
214,2,1981,11.73
214,2,1982,11.74
214,2,1983,11.78
214,2,1984,11.77
214,2,1985,11.76
214,2,1986,11.65
214,2,1987,11.62
214,2,1988,11.55
214,2,1989,11.5
214,2,1990,11.47
214,2,1991,11.63
214,2,1992,11.19
214,2,1993,11.06
214,2,1994,10.85
214,2,1995,10.68
214,2,1996,10.63
214,2,1997,10.56
214,2,1998,10.6
214,2,1999,10.58
214,2,2000,10.81
214,2,2001,10.8
214,2,2002,11.01
214,2,2003,10.93
214,2,2004,11.04
214,2,2005,11.08
214,2,2006,11.18
214,2,2007,11.11
214,2,2008,11.17
214,2,2009,11.47
214,2,2010,11.87
214,2,2011,12.08
214,2,2012,12.68
214,2,2013,13.77
214,2,2014,14.13
214,2,2015,14.3
214,2,2016,14.18
214,2,2017,14.58
214,2,2018,14.85
214,2,2019,15.15
214,2,2020,15.58
214,2,2021,16.41
214,2,2022,19.06
214,2,2023,20.51
215,2,1980,6.53
215,2,1981,6.51
215,2,1982,6.48
215,2,1983,6.44
215,2,1984,6.47
215,2,1985,6.51
215,2,1986,6.49
215,2,1987,6.6
215,2,1988,6.56
215,2,1989,6.52
215,2,1990,6.47
215,2,1991,6.23
215,2,1992,6.13
215,2,1993,6.04
215,2,1994,5.94
215,2,1995,5.58
215,2,1996,5.54
215,2,1997,5.56
215,2,1998,5.75
215,2,1999,5.97
215,2,2000,5.74
215,2,2001,6.01
215,2,2002,6.18
215,2,2003,6.3
215,2,2004,6.46
215,2,2005,6.94
215,2,2006,7.42
215,2,2007,7.71
215,2,2008,7.96
215,2,2009,8.35
215,2,2010,9.05
215,2,2011,9.26
215,2,2012,9.43
215,2,2013,10.01
215,2,2014,11.04
215,2,2015,11.66
215,2,2016,12.27
215,2,2017,12.96
215,2,2018,13.6
215,2,2019,14.29
215,2,2020,15.57
215,2,2021,16.12
215,2,2022,16.53
215,2,2023,17.4
216,2,1980,4.31
216,2,1981,4.34
216,2,1982,4.36
216,2,1983,4.42
216,2,1984,4.54
216,2,1985,4.69
216,2,1986,4.71
216,2,1987,4.8
216,2,1988,4.96
216,2,1989,5.36
216,2,1990,5.35
216,2,1991,5.54
216,2,1992,5.63
216,2,1993,5.67
216,2,1994,5.74
216,2,1995,5.64
216,2,1996,5.82
216,2,1997,5.7
216,2,1998,5.77
216,2,1999,5.81
216,2,2000,5.5
216,2,2001,7.32
216,2,2002,7.32
216,2,2003,6.64
216,2,2004,6.9
216,2,2005,6.9
216,2,2006,6.81
216,2,2007,7.29
216,2,2008,7.83
216,2,2009,8.21
216,2,2010,7.63
216,2,2011,7.76
216,2,2012,7.37
216,2,2013,7.62
216,2,2014,8.15
216,2,2015,7.96
216,2,2016,8.64
216,2,2017,8.89
216,2,2018,8.95
216,2,2019,10.16
216,2,2020,9.71
216,2,2021,9.74
216,2,2022,12.82
216,2,2023,14.15
217,2,1980,6.64
217,2,1981,6.73
217,2,1982,6.88
217,2,1983,7.03
217,2,1984,7.23
217,2,1985,7.42
217,2,1986,7.6
217,2,1987,7.81
217,2,1988,8
217,2,1989,8.19
217,2,1990,8.37
217,2,1991,8.37
217,2,1992,8.67
217,2,1993,9.05
217,2,1994,9.35
217,2,1995,9.33
217,2,1996,9.15
217,2,1997,8.79
217,2,1998,8.71
217,2,1999,8.36
217,2,2000,8.32
217,2,2001,7.88
217,2,2002,7.54
217,2,2003,7.22
217,2,2004,6.98
217,2,2005,6.97
217,2,2006,7.14
217,2,2007,7.06
217,2,2008,7.01
217,2,2009,7.12
217,2,2010,7.46
217,2,2011,7.64
217,2,2012,8.09
217,2,2013,8.34
217,2,2014,8.55
217,2,2015,8.8
217,2,2016,9.02
217,2,2017,9.51
217,2,2018,9.84
217,2,2019,10.38
217,2,2020,10.54
217,2,2021,11.11
217,2,2022,12.25
217,2,2023,13.46
218,2,1980,6.84
218,2,1981,6.81
218,2,1982,6.84
218,2,1983,6.87
218,2,1984,6.84
218,2,1985,6.91
218,2,1986,6.9
218,2,1987,6.9
218,2,1988,6.97
218,2,1989,6.99
218,2,1990,7.04
218,2,1991,7.02
218,2,1992,6.95
218,2,1993,6.85
218,2,1994,6.7
218,2,1995,6.59
218,2,1996,6.47
218,2,1997,6.39
218,2,1998,6.48
218,2,1999,6.47
218,2,2000,6.65
218,2,2001,6.65
218,2,2002,6.72
218,2,2003,6.74
218,2,2004,6.84
218,2,2005,7.01
218,2,2006,7.29
218,2,2007,7.24
218,2,2008,7.71
218,2,2009,8.36
218,2,2010,9.04
218,2,2011,9.54
218,2,2012,9.81
218,2,2013,10.11
218,2,2014,10.26
218,2,2015,10.83
218,2,2016,11.79
218,2,2017,13.1
218,2,2018,13.91
218,2,2019,14.87
218,2,2020,15.17
218,2,2021,16.43
218,2,2022,18.96
218,2,2023,20.18
298,2,1980,12.24
298,2,1981,12.16
298,2,1982,11.99
298,2,1983,11.74
298,2,1984,11.49
298,2,1985,11.34
298,2,1986,11.33
298,2,1987,11.49
298,2,1988,11.68
298,2,1989,12.03
298,2,1990,12.31
298,2,1991,12.69
298,2,1992,13.11
298,2,1993,13.69
298,2,1994,14.33
298,2,1995,14.96
298,2,1996,15.62
298,2,1997,16.23
298,2,1998,17.1
298,2,1999,17.89
298,2,2000,18.49
298,2,2001,19.15
298,2,2002,19.33
298,2,2003,19.92
298,2,2004,20.38
298,2,2005,20.82
298,2,2006,21.31
298,2,2007,22.16
298,2,2008,23.02
298,2,2009,24.07
298,2,2010,24.8
298,2,2011,25.63
298,2,2012,26.62
298,2,2013,27.9
298,2,2014,28.75
298,2,2015,29.55
298,2,2016,30.27
298,2,2017,30.27
298,2,2018,30.83
298,2,2019,31.25
298,2,2020,32.34
298,2,2021,36.29
298,2,2022,35.8
298,2,2023,37.83
305,2,1980,32.1
305,2,1981,33.09
305,2,1982,33.22
305,2,1983,34.01
305,2,1984,34.24
305,2,1985,34.07
305,2,1986,35.01
305,2,1987,36.7
305,2,1988,38.13
305,2,1989,38.41
305,2,1990,38.57
305,2,1991,39.05
305,2,1992,39.42
305,2,1993,40.38
305,2,1994,40.31
305,2,1995,40.42
305,2,1996,41.7
305,2,1997,40.83
305,2,1998,40.3
305,2,1999,41.44
305,2,2000,40.72
305,2,2001,39.07
305,2,2002,40.68
305,2,2003,40.87
305,2,2004,39.54
305,2,2005,38.67
305,2,2006,38.22
305,2,2007,39.61
305,2,2008,37.82
305,2,2009,38.49
305,2,2010,40.34
305,2,2011,38.43
305,2,2012,39.69
305,2,2013,40.57
305,2,2014,39.86
305,2,2015,40.16
305,2,2016,42.65
305,2,2017,42.54
305,2,2018,43.58
305,2,2019,45.08
305,2,2020,47.44
305,2,2021,55.13
305,2,2022,57.23
305,2,2023,60.26
320,2,1980,19.71
320,2,1981,19.87
320,2,1982,19.76
320,2,1983,19.72
320,2,1984,19.56
320,2,1985,19.42
320,2,1986,19.31
320,2,1987,19.26
320,2,1988,19.6
320,2,1989,19.87
320,2,1990,20.01
320,2,1991,20.67
320,2,1992,21.23
320,2,1993,22
320,2,1994,22.99
320,2,1995,24.29
320,2,1996,25.9
320,2,1997,28.68
320,2,1998,29.92
320,2,1999,31.83
320,2,2000,33.99
320,2,2001,34.68
320,2,2002,35.27
320,2,2003,36.52
320,2,2004,37.69
320,2,2005,38.93
320,2,2006,40.36
320,2,2007,42.59
320,2,2008,44.28
320,2,2009,46.36
320,2,2010,48.73
320,2,2011,50.5
320,2,2012,52.82
320,2,2013,55.83
320,2,2014,58.25
320,2,2015,60.68
320,2,2016,61.61
320,2,2017,64.96
320,2,2018,66.69
320,2,2019,66.54
320,2,2020,67.52
320,2,2021,81.58
320,2,2022,82.2
320,2,2023,85.9
349,2,1980,18.56
349,2,1981,19.18
349,2,1982,19.76
349,2,1983,20.17
349,2,1984,20.42
349,2,1985,20.83
349,2,1986,21.3
349,2,1987,21.77
349,2,1988,22.21
349,2,1989,22.62
349,2,1990,22.94
349,2,1991,23.34
349,2,1992,23.93
349,2,1993,24.45
349,2,1994,24.96
349,2,1995,25.55
349,2,1996,26.02
349,2,1997,26.34
349,2,1998,26.68
349,2,1999,27.02
349,2,2000,27.24
349,2,2001,27.35
349,2,2002,27.53
349,2,2003,27.56
349,2,2004,27.09
349,2,2005,26.95
349,2,2006,27.07
349,2,2007,26.91
349,2,2008,26.62
349,2,2009,26.86
349,2,2010,26.85
349,2,2011,26.95
349,2,2012,27.32
349,2,2013,27.27
349,2,2014,27.41
349,2,2015,27.5
349,2,2016,28.16
349,2,2017,28.72
349,2,2018,29.13
349,2,2019,29.31
349,2,2020,32.14
349,2,2021,32.52
349,2,2022,30.53
349,2,2023,28.53
351,2,1980,6.9
351,2,1981,7.05
351,2,1982,7.13
351,2,1983,7.2
351,2,1984,7.23
351,2,1985,7.32
351,2,1986,7.36
351,2,1987,7.43
351,2,1988,7.48
351,2,1989,7.51
351,2,1990,7.54
351,2,1991,7.52
351,2,1992,7.53
351,2,1993,7.51
351,2,1994,7.55
351,2,1995,12.2
351,2,1996,13.21
351,2,1997,9.94
351,2,1998,11.04
351,2,1999,12.57
351,2,2000,13.82
351,2,2001,13.05
351,2,2002,11.05
351,2,2003,12.11
351,2,2004,11.76
351,2,2005,11.91
351,2,2006,12.3
351,2,2007,13.88
351,2,2008,13.94
351,2,2009,14.81
351,2,2010,17.68
351,2,2011,16.23
351,2,2012,16.7
351,2,2013,20.7
351,2,2014,20.45
351,2,2015,21.69
351,2,2016,21.52
351,2,2017,19.37
351,2,2018,18.35
351,2,2019,18.36
351,2,2020,18.45
351,2,2021,19.58
351,2,2022,22.96
351,2,2023,23.81
367,2,1980,89.22
367,2,1981,87.74
367,2,1982,83.84
367,2,1983,79.61
367,2,1984,79.11
367,2,1985,79.11
367,2,1986,79.66
367,2,1987,82.18
367,2,1988,82.73
367,2,1989,83.5
367,2,1990,83.82
367,2,1991,84.12
367,2,1992,84.06
367,2,1993,84.55
367,2,1994,84.89
367,2,1995,85.38
367,2,1996,85.54
367,2,1997,85.35
367,2,1998,85.4
367,2,1999,84.05
367,2,2000,82.63
367,2,2001,81.59
367,2,2002,80.62
367,2,2003,80.62
367,2,2004,80.3
367,2,2005,83.19
367,2,2006,81.63
367,2,2007,80.8
367,2,2008,82.04
367,2,2009,84.71
367,2,2010,85.96
367,2,2011,82.25
367,2,2012,84.17
367,2,2013,84.92
367,2,2014,82.99
367,2,2015,86.95
367,2,2016,84.66
367,2,2017,84.13
367,2,2018,83.02
367,2,2019,85.57
367,2,2020,82.76
367,2,2021,92.68
367,2,2022,96.5
367,2,2023,103.48
369,2,1980,23.12
369,2,1981,22.98
369,2,1982,22.69
369,2,1983,22.22
369,2,1984,21.81
369,2,1985,21.48
369,2,1986,21.24
369,2,1987,20.94
369,2,1988,20.78
369,2,1989,20.74
369,2,1990,20.75
369,2,1991,20.93
369,2,1992,21.05
369,2,1993,21.32
369,2,1994,21.47
369,2,1995,21.59
369,2,1996,21.81
369,2,1997,22.14
369,2,1998,22.69
369,2,1999,23.31
369,2,2000,23.87
369,2,2001,24.3
369,2,2002,24.71
369,2,2003,25.08
369,2,2004,25.48
369,2,2005,25.82
369,2,2006,26.13
369,2,2007,26.42
369,2,2008,26.99
369,2,2009,27.76
369,2,2010,28.63
369,2,2011,29.5
369,2,2012,30.41
369,2,2013,31.42
369,2,2014,32.46
369,2,2015,33.62
369,2,2016,34.98
369,2,2017,36.31
369,2,2018,37.74
369,2,2019,39.16
369,2,2020,42.29
369,2,2021,49.16
369,2,2022,45.9
369,2,2023,46.95
374,2,1980,23.39
374,2,1981,23.79
374,2,1982,24.16
374,2,1983,24.49
374,2,1984,24.88
374,2,1985,25.53
374,2,1986,26.16
374,2,1987,26.7
374,2,1988,27.29
374,2,1989,27.78
374,2,1990,28.29
374,2,1991,28.96
374,2,1992,29.35
374,2,1993,29.92
374,2,1994,30.55
374,2,1995,31.1
374,2,1996,31.78
374,2,1997,32.78
374,2,1998,34.04
374,2,1999,35.37
374,2,2000,36.3
374,2,2001,37.19
374,2,2002,37.82
374,2,2003,38.44
374,2,2004,38.47
374,2,2005,39.13
374,2,2006,39.27
374,2,2007,39.16
374,2,2008,39.48
374,2,2009,40.18
374,2,2010,40.69
374,2,2011,41.45
374,2,2012,42.2
374,2,2013,42.99
374,2,2014,43.62
374,2,2015,44.34
374,2,2016,44.95
374,2,2017,45.76
374,2,2018,46.35
374,2,2019,46.19
374,2,2020,38.64
374,2,2021,40.3
374,2,2022,47.43
374,2,2023,49.16
376,2,1980,13.16
376,2,1981,12.7
376,2,1982,12.2
376,2,1983,11.73
376,2,1984,11.31
376,2,1985,10.97
376,2,1986,10.64
376,2,1987,10.29
376,2,1988,9.95
376,2,1989,9.71
376,2,1990,9.74
376,2,1991,10.06
376,2,1992,10.56
376,2,1993,11.21
376,2,1994,11.81
376,2,1995,12.26
376,2,1996,12.36
376,2,1997,12.11
376,2,1998,11.69
376,2,1999,11.58
376,2,2000,11.84
376,2,2001,12.71
376,2,2002,14.01
376,2,2003,15.39
376,2,2004,16.5
376,2,2005,17.41
376,2,2006,18.33
376,2,2007,19.26
376,2,2008,20.14
376,2,2009,21.29
376,2,2010,22.38
376,2,2011,23.68
376,2,2012,24.72
376,2,2013,25.29
376,2,2014,25.54
376,2,2015,27.09
376,2,2016,27.42
376,2,2017,27.9
376,2,2018,28.53
376,2,2019,29.87
376,2,2020,30.97
376,2,2021,35.33
376,2,2022,35.11
376,2,2023,35.36
380,2,1980,27.19
380,2,1981,27.3
380,2,1982,27.23
380,2,1983,26.99
380,2,1984,26.71
380,2,1985,26.57
380,2,1986,26.4
380,2,1987,26.06
380,2,1988,26.13
380,2,1989,26.51
380,2,1990,27.33
380,2,1991,27.83
380,2,1992,28.31
380,2,1993,28.85
380,2,1994,29.68
380,2,1995,30.65
380,2,1996,31.62
380,2,1997,32.56
380,2,1998,33.77
380,2,1999,34.76
380,2,2000,35.68
380,2,2001,36.52
380,2,2002,37.28
380,2,2003,38.17
380,2,2004,39.05
380,2,2005,39.75
380,2,2006,40.22
380,2,2007,40.67
380,2,2008,41.25
380,2,2009,42.23
380,2,2010,43.3
380,2,2011,44.32
380,2,2012,45.91
380,2,2013,47.08
380,2,2014,49.37
380,2,2015,51.49
380,2,2016,53.16
380,2,2017,54.22
380,2,2018,55.82
380,2,2019,61.89
380,2,2020,65.92
380,2,2021,73.24
380,2,2022,70.1
380,2,2023,71.58
385,2,1980,14.82
385,2,1981,15.11
385,2,1982,14.76
385,2,1983,15.66
385,2,1984,16.56
385,2,1985,16.48
385,2,1986,16.98
385,2,1987,17.81
385,2,1988,17.61
385,2,1989,18.8
385,2,1990,19.87
385,2,1991,20.22
385,2,1992,20.95
385,2,1993,20.85
385,2,1994,21.18
385,2,1995,21.12
385,2,1996,21.49
385,2,1997,21.08
385,2,1998,21.29
385,2,1999,21.93
385,2,2000,22.11
385,2,2001,22.45
385,2,2002,23.75
385,2,2003,23.97
385,2,2004,24.45
385,2,2005,24.27
385,2,2006,24.84
385,2,2007,25.85
385,2,2008,26.29
385,2,2009,27.15
385,2,2010,27.55
385,2,2011,28.15
385,2,2012,29.11
385,2,2013,29.05
385,2,2014,29.83
385,2,2015,30.09
385,2,2016,29.44
385,2,2017,30.91
385,2,2018,30.5
385,2,2019,31.4
385,2,2020,32.42
385,2,2021,31.99
385,2,2022,31.63
385,2,2023,35.04
393,2,1980,34.11
393,2,1981,32.7
393,2,1982,32.18
393,2,1983,32.19
393,2,1984,31.91
393,2,1985,29.96
393,2,1986,29.4
393,2,1987,31.03
393,2,1988,30.92
393,2,1989,31.02
393,2,1990,31.41
393,2,1991,29.02
393,2,1992,27.73
393,2,1993,27.03
393,2,1994,28.15
393,2,1995,27.6
393,2,1996,27.51
393,2,1997,26.74
393,2,1998,26.21
393,2,1999,26.97
393,2,2000,27.11
393,2,2001,25.88
393,2,2002,28.24
393,2,2003,27.14
393,2,2004,27.19
393,2,2005,26.64
393,2,2006,27.51
393,2,2007,28.27
393,2,2008,28.34
393,2,2009,28.78
393,2,2010,29.19
393,2,2011,30.55
393,2,2012,31.09
393,2,2013,31.59
393,2,2014,31.07
393,2,2015,31.13
393,2,2016,31.09
393,2,2017,32.5
393,2,2018,33.27
393,2,2019,34.21
393,2,2020,35.78
393,2,2021,36.58
393,2,2022,36
393,2,2023,37.53
396,2,1980,31.32
396,2,1981,32.03
396,2,1982,32.62
396,2,1983,32.97
396,2,1984,33.37
396,2,1985,33.65
396,2,1986,32.44
396,2,1987,32.01
396,2,1988,32.32
396,2,1989,31.44
396,2,1990,31.06
396,2,1991,30.94
396,2,1992,30.73
396,2,1993,31.42
396,2,1994,31.8
396,2,1995,32.88
396,2,1996,33.72
396,2,1997,34.73
396,2,1998,36.04
396,2,1999,37.57
396,2,2000,36.59
396,2,2001,37.4
396,2,2002,36.59
396,2,2003,39.1
396,2,2004,35.13
396,2,2005,34.77
396,2,2006,34.15
396,2,2007,33.33
396,2,2008,32.65
396,2,2009,31.63
396,2,2010,31.25
396,2,2011,30.02
396,2,2012,29.67
396,2,2013,28.3
396,2,2014,28.09
396,2,2015,27.65
396,2,2016,30.34
396,2,2017,31.91
396,2,2018,31.63
396,2,2019,32.35
396,2,2020,30.44
396,2,2021,31.54
396,2,2022,30.33
396,2,2023,34.37
413,2,1980,15.21
413,2,1981,15.05
413,2,1982,14.76
413,2,1983,14.32
413,2,1984,13.9
413,2,1985,13.64
413,2,1986,13.57
413,2,1987,13.76
413,2,1988,14.13
413,2,1989,14.66
413,2,1990,15.23
413,2,1991,15.93
413,2,1992,16.53
413,2,1993,17.08
413,2,1994,17.56
413,2,1995,18.04
413,2,1996,18.6
413,2,1997,19.29
413,2,1998,20.05
413,2,1999,20.64
413,2,2000,21.16
413,2,2001,21.66
413,2,2002,22.21
413,2,2003,22.72
413,2,2004,23.38
413,2,2005,24.01
413,2,2006,24.59
413,2,2007,25.03
413,2,2008,25.39
413,2,2009,25.72
413,2,2010,26.01
413,2,2011,26.15
413,2,2012,26.26
413,2,2013,26.51
413,2,2014,26.85
413,2,2015,27.47
413,2,2016,28.13
413,2,2017,28.64
413,2,2018,29.01
413,2,2019,28.94
413,2,2020,24.2
413,2,2021,24.76
413,2,2022,29.52
413,2,2023,30.71
416,2,1980,17.68
416,2,1981,17.47
416,2,1982,17.22
416,2,1983,16.94
416,2,1984,16.74
416,2,1985,16.72
416,2,1986,16.81
416,2,1987,17.04
416,2,1988,17.5
416,2,1989,18.13
416,2,1990,19.18
416,2,1991,20.02
416,2,1992,20.83
416,2,1993,21.62
416,2,1994,22.61
416,2,1995,23.31
416,2,1996,24.01
416,2,1997,24.8
416,2,1998,25.86
416,2,1999,26.71
416,2,2000,27.42
416,2,2001,27.98
416,2,2002,28.5
416,2,2003,28.75
416,2,2004,28.95
416,2,2005,29.18
416,2,2006,29.59
416,2,2007,29.92
416,2,2008,30.15
416,2,2009,30.48
416,2,2010,30.71
416,2,2011,30.95
416,2,2012,31.27
416,2,2013,31.67
416,2,2014,31.94
416,2,2015,32.25
416,2,2016,32.98
416,2,2017,33.16
416,2,2018,33.54
416,2,2019,34.15
416,2,2020,34.67
416,2,2021,36.46
416,2,2022,35.06
416,2,2023,35.27
422,2,1980,19.38
422,2,1981,19.65
422,2,1982,19.94
422,2,1983,20.28
422,2,1984,20.65
422,2,1985,21.03
422,2,1986,21.68
422,2,1987,22.97
422,2,1988,23.93
422,2,1989,24.46
422,2,1990,24.96
422,2,1991,25.77
422,2,1992,26.4
422,2,1993,26.99
422,2,1994,27.65
422,2,1995,27.56
422,2,1996,27.74
422,2,1997,27.27
422,2,1998,27.19
422,2,1999,27.71
422,2,2000,27.91
422,2,2001,28.3
422,2,2002,28.89
422,2,2003,28.48
422,2,2004,29.65
422,2,2005,29.34
422,2,2006,29.5
422,2,2007,30.74
422,2,2008,31.38
422,2,2009,33.01
422,2,2010,33.91
422,2,2011,35.78
422,2,2012,37.17
422,2,2013,37.04
422,2,2014,36.02
422,2,2015,35.85
422,2,2016,36.15
422,2,2017,36.59
422,2,2018,36.98
422,2,2019,38.14
422,2,2020,37.94
422,2,2021,40.08
422,2,2022,41.54
422,2,2023,48.51
435,2,1980,7.95
435,2,1981,7.89
435,2,1982,7.95
435,2,1983,7.91
435,2,1984,7.77
435,2,1985,8.55
435,2,1986,8.67
435,2,1987,8.66
435,2,1988,8.54
435,2,1989,8.61
435,2,1990,8.44
435,2,1991,8.35
435,2,1992,8.41
435,2,1993,8.35
435,2,1994,8.28
435,2,1995,8.33
435,2,1996,8.07
435,2,1997,7.38
435,2,1998,7.38
435,2,1999,7.27
435,2,2000,7.32
435,2,2001,6.9
435,2,2002,6.8
435,2,2003,6.99
435,2,2004,7.16
435,2,2005,7.16
435,2,2006,7.6
435,2,2007,7.7
435,2,2008,7.78
435,2,2009,8.06
435,2,2010,8.28
435,2,2011,8.49
435,2,2012,8.77
435,2,2013,9.17
435,2,2014,9.73
435,2,2015,10.45
435,2,2016,10.94
435,2,2017,11.23
435,2,2018,12.23
435,2,2019,13.08
435,2,2020,13.04
435,2,2021,12.89
435,2,2022,15.76
435,2,2023,16.62
522,2,1980,4.25
522,2,1981,4.29
522,2,1982,4.29
522,2,1983,4.27
522,2,1984,4.3
522,2,1985,4.28
522,2,1986,4.28
522,2,1987,4.24
522,2,1988,4.24
522,2,1989,4.28
522,2,1990,4.29
522,2,1991,4.28
522,2,1992,4.24
522,2,1993,4.25
522,2,1994,4.18
522,2,1995,4.17
522,2,1996,4.16
522,2,1997,4.17
522,2,1998,4.22
522,2,1999,4.18
522,2,2000,4.18
522,2,2001,4.18
522,2,2002,4.19
522,2,2003,4.24
522,2,2004,4.34
522,2,2005,4.41
522,2,2006,4.53
522,2,2007,4.63
522,2,2008,4.8
522,2,2009,5.02
522,2,2010,5.17
522,2,2011,5.31
522,2,2012,5.44
522,2,2013,5.71
522,2,2014,6.01
522,2,2015,6.3
522,2,2016,6.62
522,2,2017,6.96
522,2,2018,7.23
522,2,2019,7.61
522,2,2020,8.36
522,2,2021,8.91
522,2,2022,9.2
522,2,2023,9.45
