location,sex,year,tracheal_bronchus_and_lung_cancer_incidence_rate_age_standardized
6,1,1990,51.89
6,1,1991,52.2
6,1,1992,52.13
6,1,1993,51.98
6,1,1994,52.07
6,1,1995,52.18
6,1,1996,52.35
6,1,1997,52.55
6,1,1998,52.9
6,1,1999,53.45
6,1,2000,53.98
6,1,2001,54.29
6,1,2002,53.98
6,1,2003,53.45
6,1,2004,52.89
6,1,2005,53.17
6,1,2006,54.29
6,1,2007,55.52
6,1,2008,55.16
6,1,2009,54.23
6,1,2010,53.26
6,1,2011,52.53
6,1,2012,51.51
6,1,2013,51.65
6,1,2014,51.29
6,1,2015,52.19
6,1,2016,54.17
6,1,2017,55.64
6,1,2018,53.46
6,1,2019,49.93
6,1,2020,47.82
6,1,2021,52.77
6,1,2022,56.86
6,1,2023,53.27
6,2,1990,23.62
6,2,1991,23.82
6,2,1992,23.92
6,2,1993,24.05
6,2,1994,24.09
6,2,1995,24.27
6,2,1996,24.56
6,2,1997,24.85
6,2,1998,25.11
6,2,1999,25.41
6,2,2000,25.76
6,2,2001,25.72
6,2,2002,25.4
6,2,2003,25
6,2,2004,24.49
6,2,2005,24.36
6,2,2006,24.43
6,2,2007,24.62
6,2,2008,24.25
6,2,2009,23.82
6,2,2010,23.35
6,2,2011,22.65
6,2,2012,21.89
6,2,2013,21.4
6,2,2014,21.36
6,2,2015,21.55
6,2,2016,22.17
6,2,2017,22.58
6,2,2018,21.78
6,2,2019,20.48
6,2,2020,19.71
6,2,2021,21.07
6,2,2022,22.3
6,2,2023,22.59
7,1,1990,35.91
7,1,1991,36.13
7,1,1992,36.3
7,1,1993,36.42
7,1,1994,36.42
7,1,1995,36.32
7,1,1996,36.12
7,1,1997,35.87
7,1,1998,35.64
7,1,1999,35.43
7,1,2000,35.19
7,1,2001,35.01
7,1,2002,34.84
7,1,2003,34.5
7,1,2004,34.33
7,1,2005,34.21
7,1,2006,33.87
7,1,2007,33.38
7,1,2008,32.85
7,1,2009,32.33
7,1,2010,31.94
7,1,2011,31.96
7,1,2012,31.92
7,1,2013,32.38
7,1,2014,32.28
7,1,2015,32.28
7,1,2016,32.27
7,1,2017,32.59
7,1,2018,32.66
7,1,2019,32.96
7,1,2020,33.3
7,1,2021,34.06
7,1,2022,35.27
7,1,2023,35.62
7,2,1990,12.71
7,2,1991,12.95
7,2,1992,13.12
7,2,1993,13.22
7,2,1994,13.31
7,2,1995,13.3
7,2,1996,13.27
7,2,1997,13.25
7,2,1998,13.31
7,2,1999,13.4
7,2,2000,13.46
7,2,2001,13.56
7,2,2002,13.71
7,2,2003,13.91
7,2,2004,14.23
7,2,2005,14.56
7,2,2006,14.77
7,2,2007,14.89
7,2,2008,15
7,2,2009,15.13
7,2,2010,15.37
7,2,2011,15.65
7,2,2012,16.02
7,2,2013,16.31
7,2,2014,16.47
7,2,2015,16.71
7,2,2016,17.05
7,2,2017,17.48
7,2,2018,17.95
7,2,2019,18.42
7,2,2020,18.63
7,2,2021,19.19
7,2,2022,20.2
7,2,2023,20.42
8,1,1990,41.32
8,1,1991,42.25
8,1,1992,42.8
8,1,1993,43.05
8,1,1994,44.19
8,1,1995,45.78
8,1,1996,46.62
8,1,1997,47.92
8,1,1998,47.9
8,1,1999,48.35
8,1,2000,49.29
8,1,2001,50.17
8,1,2002,50.4
8,1,2003,50.47
8,1,2004,50.13
8,1,2005,50.12
8,1,2006,49.79
8,1,2007,50.5
8,1,2008,49.52
8,1,2009,48.19
8,1,2010,47.61
8,1,2011,47.72
8,1,2012,45.5
8,1,2013,45.82
8,1,2014,44.83
8,1,2015,43.97
8,1,2016,42.55
8,1,2017,41.51
8,1,2018,38.76
8,1,2019,37
8,1,2020,35.6
8,1,2021,37.2
8,1,2022,37.76
8,1,2023,38.9
8,2,1990,20.01
8,2,1991,20.09
8,2,1992,20.23
8,2,1993,20.87
8,2,1994,21.38
8,2,1995,22.5
8,2,1996,22.96
8,2,1997,23.59
8,2,1998,23.55
8,2,1999,23.37
8,2,2000,24.14
8,2,2001,24.51
8,2,2002,25.31
8,2,2003,25.17
8,2,2004,24.65
8,2,2005,24.3
8,2,2006,24.53
8,2,2007,25.39
8,2,2008,24.76
8,2,2009,24.73
8,2,2010,24.92
8,2,2011,24.43
8,2,2012,24.24
8,2,2013,24.42
8,2,2014,24.32
8,2,2015,24.14
8,2,2016,23.71
8,2,2017,23.08
8,2,2018,22.55
8,2,2019,22.35
8,2,2020,21.86
8,2,2021,22.84
8,2,2022,23.02
8,2,2023,23.37
10,1,1990,17.16
10,1,1991,17.48
10,1,1992,17.77
10,1,1993,17.93
10,1,1994,18.11
10,1,1995,18.58
10,1,1996,18.68
10,1,1997,18.76
10,1,1998,19.02
10,1,1999,18.92
10,1,2000,19
10,1,2001,19.38
10,1,2002,19.68
10,1,2003,19.42
10,1,2004,19.16
10,1,2005,18.86
10,1,2006,18.14
10,1,2007,17.83
10,1,2008,17.44
10,1,2009,17.06
10,1,2010,17.02
10,1,2011,16.55
10,1,2012,16.63
10,1,2013,16.77
10,1,2014,16.56
10,1,2015,17.09
10,1,2016,17.24
10,1,2017,17
10,1,2018,17.18
10,1,2019,17.43
10,1,2020,17.95
10,1,2021,17.39
10,1,2022,18.03
10,1,2023,18.52
10,2,1990,5.37
10,2,1991,5.47
10,2,1992,5.59
10,2,1993,5.65
10,2,1994,5.65
10,2,1995,5.66
10,2,1996,5.57
10,2,1997,5.53
10,2,1998,5.55
10,2,1999,5.44
10,2,2000,5.39
10,2,2001,5.5
10,2,2002,5.61
10,2,2003,5.6
10,2,2004,5.66
10,2,2005,5.77
10,2,2006,5.79
10,2,2007,5.95
10,2,2008,6.01
10,2,2009,6.06
10,2,2010,6.16
10,2,2011,6.19
10,2,2012,6.35
10,2,2013,6.49
10,2,2014,6.5
10,2,2015,6.63
10,2,2016,6.74
10,2,2017,6.72
10,2,2018,6.85
10,2,2019,7.06
10,2,2020,7.26
10,2,2021,6.96
10,2,2022,7.43
10,2,2023,7.8
11,1,1990,18.53
11,1,1991,18.66
11,1,1992,18.81
11,1,1993,19.01
11,1,1994,19.23
11,1,1995,19.5
11,1,1996,19.73
11,1,1997,19.95
11,1,1998,19.95
11,1,1999,20.03
11,1,2000,20.2
11,1,2001,20.29
11,1,2002,20.44
11,1,2003,20.64
11,1,2004,21.88
11,1,2005,21.16
11,1,2006,21.49
11,1,2007,21.86
11,1,2008,22.26
11,1,2009,22.57
11,1,2010,22.79
11,1,2011,22.96
11,1,2012,23.1
11,1,2013,23.08
11,1,2014,22.96
11,1,2015,23.04
11,1,2016,23.12
11,1,2017,23.12
11,1,2018,23.41
11,1,2019,23.7
11,1,2020,24.83
11,1,2021,27.86
11,1,2022,25.32
11,1,2023,25.53
11,2,1990,5.64
11,2,1991,5.73
11,2,1992,5.83
11,2,1993,5.91
11,2,1994,5.98
11,2,1995,6.01
11,2,1996,6.05
11,2,1997,6.12
11,2,1998,6.1
11,2,1999,6.09
11,2,2000,6.08
11,2,2001,6.03
11,2,2002,6.07
11,2,2003,6.1
11,2,2004,6.85
11,2,2005,6.33
11,2,2006,6.47
11,2,2007,6.65
11,2,2008,6.9
11,2,2009,7.13
11,2,2010,7.36
11,2,2011,7.56
11,2,2012,7.67
11,2,2013,7.71
11,2,2014,7.74
11,2,2015,7.84
11,2,2016,7.97
11,2,2017,8.11
11,2,2018,8.3
11,2,2019,8.49
11,2,2020,8.87
11,2,2021,9.62
11,2,2022,9.19
11,2,2023,9.47
12,1,1990,19.34
12,1,1991,19.43
12,1,1992,19.62
12,1,1993,19.94
12,1,1994,20.26
12,1,1995,20.58
12,1,1996,20.77
12,1,1997,20.99
12,1,1998,21.3
12,1,1999,21.41
12,1,2000,21.66
12,1,2001,21.81
12,1,2002,22.02
12,1,2003,21.95
12,1,2004,21.78
12,1,2005,21.81
12,1,2006,21.79
12,1,2007,22.03
12,1,2008,22.16
12,1,2009,22.52
12,1,2010,23.09
12,1,2011,23.4
12,1,2012,23.86
12,1,2013,24.54
12,1,2014,24.71
12,1,2015,25.73
12,1,2016,25.93
12,1,2017,25.74
12,1,2018,25.85
12,1,2019,26.17
12,1,2020,26.72
12,1,2021,26.72
12,1,2022,28.72
12,1,2023,29.07
12,2,1990,5.63
12,2,1991,5.77
12,2,1992,5.92
12,2,1993,6.12
12,2,1994,6.29
12,2,1995,6.35
12,2,1996,6.46
12,2,1997,6.58
12,2,1998,6.75
12,2,1999,6.82
12,2,2000,6.85
12,2,2001,6.96
12,2,2002,7.07
12,2,2003,7.13
12,2,2004,7.18
12,2,2005,7.29
12,2,2006,7.43
12,2,2007,7.67
12,2,2008,7.87
12,2,2009,8.21
12,2,2010,8.59
12,2,2011,8.97
12,2,2012,9.25
12,2,2013,9.75
12,2,2014,10.12
12,2,2015,10.64
12,2,2016,11.01
12,2,2017,11.25
12,2,2018,11.52
12,2,2019,11.89
12,2,2020,12.37
12,2,2021,12.5
12,2,2022,13.7
12,2,2023,14.12
13,1,1990,28.92
13,1,1991,29.63
13,1,1992,30.2
13,1,1993,30.73
13,1,1994,31.46
13,1,1995,32.7
13,1,1996,33.01
13,1,1997,33.1
13,1,1998,34.37
13,1,1999,35.29
13,1,2000,36.73
13,1,2001,36.17
13,1,2002,36.21
13,1,2003,35.57
13,1,2004,34.56
13,1,2005,33.66
13,1,2006,32.46
13,1,2007,31.77
13,1,2008,30.99
13,1,2009,30.05
13,1,2010,29.18
13,1,2011,28.39
13,1,2012,28.01
13,1,2013,27.84
13,1,2014,27.32
13,1,2015,26.71
13,1,2016,26.58
13,1,2017,26.34
13,1,2018,26.25
13,1,2019,25.85
13,1,2020,25.19
13,1,2021,25.31
13,1,2022,28.47
13,1,2023,27
13,2,1990,12
13,2,1991,12.34
13,2,1992,12.52
13,2,1993,12.74
13,2,1994,13.22
13,2,1995,13.58
13,2,1996,13.93
13,2,1997,14.25
13,2,1998,14.91
13,2,1999,15.52
13,2,2000,16.09
13,2,2001,16.43
13,2,2002,16.51
13,2,2003,16.28
13,2,2004,15.96
13,2,2005,15.57
13,2,2006,15.02
13,2,2007,14.71
13,2,2008,14.39
13,2,2009,13.88
13,2,2010,13.61
13,2,2011,13.24
13,2,2012,13.07
13,2,2013,13.13
13,2,2014,12.9
13,2,2015,12.73
13,2,2016,12.65
13,2,2017,12.58
13,2,2018,12.5
13,2,2019,12.06
13,2,2020,11.74
13,2,2021,12.72
13,2,2022,13.83
13,2,2023,13.62
14,1,1990,14.37
14,1,1991,14.8
14,1,1992,15.07
14,1,1993,15.29
14,1,1994,15.45
14,1,1995,15.76
14,1,1996,16
14,1,1997,16.24
14,1,1998,16.47
14,1,1999,16.48
14,1,2000,16.64
14,1,2001,16.92
14,1,2002,17.16
14,1,2003,17.4
14,1,2004,18.01
14,1,2005,17.92
14,1,2006,18.34
14,1,2007,18.83
14,1,2008,19.22
14,1,2009,19.51
14,1,2010,19.71
14,1,2011,19.84
14,1,2012,19.81
14,1,2013,19.86
14,1,2014,19.74
14,1,2015,19.68
14,1,2016,19.87
14,1,2017,20.2
14,1,2018,20.54
14,1,2019,21.13
14,1,2020,21.29
14,1,2021,21.63
14,1,2022,23.04
14,1,2023,24.32
14,2,1990,6.1
14,2,1991,6.35
14,2,1992,6.54
14,2,1993,6.65
14,2,1994,6.68
14,2,1995,6.78
14,2,1996,6.91
14,2,1997,7.05
14,2,1998,7.13
14,2,1999,7.21
14,2,2000,7.33
14,2,2001,7.49
14,2,2002,7.69
14,2,2003,7.86
14,2,2004,8.14
14,2,2005,8.15
14,2,2006,8.34
14,2,2007,8.56
14,2,2008,8.7
14,2,2009,8.77
14,2,2010,8.85
14,2,2011,8.92
14,2,2012,8.89
14,2,2013,8.85
14,2,2014,8.78
14,2,2015,8.84
14,2,2016,8.94
14,2,2017,9.14
14,2,2018,9.4
14,2,2019,9.79
14,2,2020,9.97
14,2,2021,10.51
14,2,2022,10.84
14,2,2023,11.19
15,1,1990,28.97
15,1,1991,28.84
15,1,1992,28.48
15,1,1993,28.21
15,1,1994,27.88
15,1,1995,27.68
15,1,1996,27.34
15,1,1997,27.08
15,1,1998,26.95
15,1,1999,26.55
15,1,2000,26.31
15,1,2001,26.11
15,1,2002,25.92
15,1,2003,25.58
15,1,2004,25.19
15,1,2005,25.03
15,1,2006,24.65
15,1,2007,24.33
15,1,2008,25.89
15,1,2009,23.83
15,1,2010,23.7
15,1,2011,23.43
15,1,2012,23.51
15,1,2013,23.95
15,1,2014,24.21
15,1,2015,24.42
15,1,2016,25.06
15,1,2017,25.06
15,1,2018,25.39
15,1,2019,25.99
15,1,2020,27.31
15,1,2021,30.53
15,1,2022,27.9
15,1,2023,28.25
15,2,1990,9.99
15,2,1991,10.1
15,2,1992,10.14
15,2,1993,10.14
15,2,1994,10.1
15,2,1995,10.1
15,2,1996,10.04
15,2,1997,10.06
15,2,1998,10.14
15,2,1999,10.08
15,2,2000,10.06
15,2,2001,10.02
15,2,2002,9.97
15,2,2003,9.84
15,2,2004,9.79
15,2,2005,9.79
15,2,2006,9.72
15,2,2007,9.7
15,2,2008,11.24
15,2,2009,9.71
15,2,2010,9.81
15,2,2011,9.89
15,2,2012,9.92
15,2,2013,10.12
15,2,2014,10.33
15,2,2015,10.49
15,2,2016,10.78
15,2,2017,10.96
15,2,2018,11.14
15,2,2019,11.53
15,2,2020,11.95
15,2,2021,12.95
15,2,2022,12.77
15,2,2023,13.19
16,1,1990,27.28
16,1,1991,27.36
16,1,1992,28
16,1,1993,28.9
16,1,1994,29.7
16,1,1995,30.03
16,1,1996,30.26
16,1,1997,30.16
16,1,1998,30.28
16,1,1999,30.18
16,1,2000,30.31
16,1,2001,30.53
16,1,2002,30.34
16,1,2003,29.42
16,1,2004,28.63
16,1,2005,28.51
16,1,2006,27.93
16,1,2007,27.05
16,1,2008,26.74
16,1,2009,26.52
16,1,2010,25.74
16,1,2011,25.02
16,1,2012,25
16,1,2013,24.71
16,1,2014,24.01
16,1,2015,23.61
16,1,2016,23.08
16,1,2017,22.19
16,1,2018,21.63
16,1,2019,21.06
16,1,2020,19.56
16,1,2021,22.68
16,1,2022,20.73
16,1,2023,19.33
16,2,1990,9.09
16,2,1991,9.15
16,2,1992,9.31
16,2,1993,9.59
16,2,1994,9.85
16,2,1995,10.05
16,2,1996,10.24
16,2,1997,10.23
16,2,1998,10.19
16,2,1999,10.26
16,2,2000,10.35
16,2,2001,10.4
16,2,2002,10.37
16,2,2003,9.92
16,2,2004,9.56
16,2,2005,9.49
16,2,2006,9.25
16,2,2007,9.02
16,2,2008,8.96
16,2,2009,8.93
16,2,2010,8.8
16,2,2011,8.67
16,2,2012,8.74
16,2,2013,8.76
16,2,2014,8.67
16,2,2015,8.67
16,2,2016,8.65
16,2,2017,8.48
16,2,2018,8.37
16,2,2019,8.34
16,2,2020,7.95
16,2,2021,9.1
16,2,2022,8.66
16,2,2023,8.28
17,1,1990,16.52
17,1,1991,15.89
17,1,1992,15.47
17,1,1993,15.66
17,1,1994,15.77
17,1,1995,15.84
17,1,1996,16.52
17,1,1997,16.1
17,1,1998,16.44
17,1,1999,16.53
17,1,2000,16.27
17,1,2001,16.62
17,1,2002,16.81
17,1,2003,16.86
17,1,2004,18.45
17,1,2005,17.07
17,1,2006,17.15
17,1,2007,17.6
17,1,2008,17.64
17,1,2009,17.96
17,1,2010,17.91
17,1,2011,17.48
17,1,2012,17.55
17,1,2013,17.91
17,1,2014,18.22
17,1,2015,18.07
17,1,2016,17.9
17,1,2017,18.12
17,1,2018,18.29
17,1,2019,17.81
17,1,2020,17.84
17,1,2021,17.39
17,1,2022,21.36
17,1,2023,22.34
17,2,1990,4.56
17,2,1991,4.6
17,2,1992,4.6
17,2,1993,4.57
17,2,1994,4.61
17,2,1995,4.58
17,2,1996,4.72
17,2,1997,4.69
17,2,1998,4.82
17,2,1999,4.78
17,2,2000,4.74
17,2,2001,4.83
17,2,2002,4.79
17,2,2003,4.74
17,2,2004,5.66
17,2,2005,4.99
17,2,2006,5.14
17,2,2007,5.21
17,2,2008,5.26
17,2,2009,5.33
17,2,2010,5.43
17,2,2011,5.51
17,2,2012,5.59
17,2,2013,5.71
17,2,2014,5.8
17,2,2015,5.85
17,2,2016,5.95
17,2,2017,6.11
17,2,2018,6.14
17,2,2019,5.97
17,2,2020,6.12
17,2,2021,6.33
17,2,2022,7.58
17,2,2023,7.86
18,1,1990,43.57
18,1,1991,45.14
18,1,1992,46.9
18,1,1993,47.82
18,1,1994,49.34
18,1,1995,50.85
18,1,1996,47.21
18,1,1997,41.1
18,1,1998,41.37
18,1,1999,46.9
18,1,2000,49.01
18,1,2001,48.9
18,1,2002,47.73
18,1,2003,46.86
18,1,2004,46.98
18,1,2005,47.27
18,1,2006,45.95
18,1,2007,44.98
18,1,2008,43.76
18,1,2009,42.38
18,1,2010,42.69
18,1,2011,40.96
18,1,2012,39.75
18,1,2013,38.88
18,1,2014,36.88
18,1,2015,36.48
18,1,2016,36.15
18,1,2017,33.6
18,1,2018,32.32
18,1,2019,33.02
18,1,2020,33.25
18,1,2021,33.95
18,1,2022,36.31
18,1,2023,35.06
18,2,1990,19.88
18,2,1991,20.83
18,2,1992,21.82
18,2,1993,22.4
18,2,1994,23.04
18,2,1995,23.33
18,2,1996,21.85
18,2,1997,19.97
18,2,1998,20.71
18,2,1999,22.86
18,2,2000,23.53
18,2,2001,23.37
18,2,2002,22.49
18,2,2003,21.87
18,2,2004,21.79
18,2,2005,21.55
18,2,2006,20.69
18,2,2007,20.26
18,2,2008,19.64
18,2,2009,18.88
18,2,2010,18.74
18,2,2011,17.92
18,2,2012,17.12
18,2,2013,16.71
18,2,2014,16.19
18,2,2015,15.95
18,2,2016,15.72
18,2,2017,14.73
18,2,2018,14.25
18,2,2019,14.52
18,2,2020,14.39
18,2,2021,14.49
18,2,2022,15.42
18,2,2023,15.14
19,1,1990,19.43
19,1,1991,19.48
19,1,1992,19.62
19,1,1993,19.82
19,1,1994,20
19,1,1995,20.4
19,1,1996,20.57
19,1,1997,20.58
19,1,1998,20.66
19,1,1999,20.38
19,1,2000,20.67
19,1,2001,20.49
19,1,2002,20.06
19,1,2003,19.98
19,1,2004,18.99
19,1,2005,18.86
19,1,2006,18.39
19,1,2007,18.07
19,1,2008,17.5
19,1,2009,17.67
19,1,2010,17.62
19,1,2011,18.16
19,1,2012,18.38
19,1,2013,18.14
19,1,2014,17.91
19,1,2015,18.3
19,1,2016,18.29
19,1,2017,18.27
19,1,2018,18.31
19,1,2019,18.38
19,1,2020,19.03
19,1,2021,19.12
19,1,2022,19.4
19,1,2023,19.75
19,2,1990,7.15
19,2,1991,7.23
19,2,1992,7.37
19,2,1993,7.52
19,2,1994,7.61
19,2,1995,7.7
19,2,1996,7.78
19,2,1997,7.8
19,2,1998,7.88
19,2,1999,7.77
19,2,2000,7.87
19,2,2001,7.83
19,2,2002,7.67
19,2,2003,7.71
19,2,2004,7.32
19,2,2005,7.36
19,2,2006,7.25
19,2,2007,7.23
19,2,2008,7.05
19,2,2009,7.33
19,2,2010,7.43
19,2,2011,7.99
19,2,2012,8.28
19,2,2013,8.3
19,2,2014,8.28
19,2,2015,8.43
19,2,2016,8.57
19,2,2017,8.75
19,2,2018,8.86
19,2,2019,9.03
19,2,2020,9.44
19,2,2021,9.67
19,2,2022,10.05
19,2,2023,10.4
20,1,1990,29.7
20,1,1991,30.14
20,1,1992,30.58
20,1,1993,30.71
20,1,1994,30.58
20,1,1995,30.65
20,1,1996,30.05
20,1,1997,29.94
20,1,1998,29.99
20,1,1999,29.68
20,1,2000,29.69
20,1,2001,29.53
20,1,2002,29.47
20,1,2003,29.41
20,1,2004,29.36
20,1,2005,29.26
20,1,2006,29.14
20,1,2007,29.13
20,1,2008,29.2
20,1,2009,29.43
20,1,2010,29.83
20,1,2011,29.96
20,1,2012,30.56
20,1,2013,31.1
20,1,2014,31.32
20,1,2015,31.72
20,1,2016,32.45
20,1,2017,32.65
20,1,2018,33.19
20,1,2019,33.74
20,1,2020,34.23
20,1,2021,33.7
20,1,2022,35.32
20,1,2023,36.33
20,2,1990,6.59
20,2,1991,6.74
20,2,1992,6.85
20,2,1993,7.07
20,2,1994,7.24
20,2,1995,7.41
20,2,1996,7.6
20,2,1997,7.64
20,2,1998,7.75
20,2,1999,7.8
20,2,2000,7.94
20,2,2001,8.13
20,2,2002,8.39
20,2,2003,8.68
20,2,2004,8.98
20,2,2005,9.29
20,2,2006,9.57
20,2,2007,9.89
20,2,2008,10.21
20,2,2009,10.56
20,2,2010,10.93
20,2,2011,11
20,2,2012,11.11
20,2,2013,11.24
20,2,2014,11.35
20,2,2015,11.51
20,2,2016,11.78
20,2,2017,11.86
20,2,2018,12.05
20,2,2019,12.27
20,2,2020,12.43
20,2,2021,12.26
20,2,2022,12.85
20,2,2023,13.43
22,1,1990,14.47
22,1,1991,14.58
22,1,1992,14.67
22,1,1993,14.63
22,1,1994,14.55
22,1,1995,14.52
22,1,1996,14.42
22,1,1997,14.42
22,1,1998,14.72
22,1,1999,14.79
22,1,2000,14.78
22,1,2001,14.99
22,1,2002,15.33
22,1,2003,15.52
22,1,2004,15.76
22,1,2005,15.27
22,1,2006,15.02
22,1,2007,14.69
22,1,2008,14.44
22,1,2009,14.53
22,1,2010,14.47
22,1,2011,14.37
22,1,2012,14.21
22,1,2013,14.19
22,1,2014,14.33
22,1,2015,14.55
22,1,2016,14.71
22,1,2017,14.81
22,1,2018,15.07
22,1,2019,15.17
22,1,2020,15.31
22,1,2021,15.83
22,1,2022,16.55
22,1,2023,17.3
22,2,1990,5.15
22,2,1991,5.3
22,2,1992,5.46
22,2,1993,5.54
22,2,1994,5.62
22,2,1995,5.65
22,2,1996,5.69
22,2,1997,5.77
22,2,1998,5.97
22,2,1999,6.07
22,2,2000,6.13
22,2,2001,6.32
22,2,2002,6.43
22,2,2003,6.67
22,2,2004,6.95
22,2,2005,7.05
22,2,2006,7.2
22,2,2007,7.22
22,2,2008,7.14
22,2,2009,7.24
22,2,2010,7.31
22,2,2011,7.37
22,2,2012,7.35
22,2,2013,7.36
22,2,2014,7.37
22,2,2015,7.47
22,2,2016,7.54
22,2,2017,7.57
22,2,2018,7.72
22,2,2019,7.79
22,2,2020,7.89
22,2,2021,7.89
22,2,2022,8.44
22,2,2023,8.76
23,1,1990,10.29
23,1,1991,10.41
23,1,1992,10.49
23,1,1993,10.72
23,1,1994,11.15
23,1,1995,12.32
23,1,1996,12.44
23,1,1997,12.68
23,1,1998,12.96
23,1,1999,13.25
23,1,2000,14.28
23,1,2001,14.48
23,1,2002,14.75
23,1,2003,14.9
23,1,2004,14.99
23,1,2005,15.23
23,1,2006,15.25
23,1,2007,15.18
23,1,2008,15.16
23,1,2009,15.11
23,1,2010,15.23
23,1,2011,15.1
23,1,2012,15.03
23,1,2013,14.96
23,1,2014,14.83
23,1,2015,15.57
23,1,2016,15.52
23,1,2017,15.47
23,1,2018,16.33
23,1,2019,15.57
23,1,2020,15.74
23,1,2021,16.66
23,1,2022,16.76
23,1,2023,16.94
23,2,1990,3.47
23,2,1991,3.54
23,2,1992,3.66
23,2,1993,3.68
23,2,1994,3.63
23,2,1995,3.57
23,2,1996,3.72
23,2,1997,3.81
23,2,1998,3.93
23,2,1999,4.02
23,2,2000,4.16
23,2,2001,4.2
23,2,2002,4.24
23,2,2003,4.28
23,2,2004,4.31
23,2,2005,4.33
23,2,2006,4.31
23,2,2007,4.28
23,2,2008,4.25
23,2,2009,4.22
23,2,2010,4.2
23,2,2011,4.17
23,2,2012,4.14
23,2,2013,4.12
23,2,2014,4.1
23,2,2015,4.16
23,2,2016,4.21
23,2,2017,4.26
23,2,2018,4.44
23,2,2019,4.36
23,2,2020,4.36
23,2,2021,4.44
23,2,2022,4.74
23,2,2023,4.9
24,1,1990,41.23
24,1,1991,41.43
24,1,1992,41.56
24,1,1993,42
24,1,1994,43.61
24,1,1995,46.52
24,1,1996,46.5
24,1,1997,46.19
24,1,1998,46.06
24,1,1999,45.67
24,1,2000,48.67
24,1,2001,47.67
24,1,2002,47.7
24,1,2003,47.7
24,1,2004,47.47
24,1,2005,47.86
24,1,2006,47.49
24,1,2007,47.31
24,1,2008,47.24
24,1,2009,47.26
24,1,2010,48.04
24,1,2011,47.97
24,1,2012,48.07
24,1,2013,48.34
24,1,2014,48.48
24,1,2015,51.03
24,1,2016,51.36
24,1,2017,51.72
24,1,2018,51.88
24,1,2019,52.27
24,1,2020,54.56
24,1,2021,60.47
24,1,2022,58.68
24,1,2023,59.27
24,2,1990,15.9
24,2,1991,16.16
24,2,1992,16.39
24,2,1993,16.61
24,2,1994,16.79
24,2,1995,17.17
24,2,1996,17.19
24,2,1997,17.29
24,2,1998,17.47
24,2,1999,17.5
24,2,2000,18.2
24,2,2001,17.99
24,2,2002,18.32
24,2,2003,18.68
24,2,2004,19.01
24,2,2005,19.36
24,2,2006,19.61
24,2,2007,19.96
24,2,2008,20.27
24,2,2009,20.71
24,2,2010,21.3
24,2,2011,21.82
24,2,2012,22.37
24,2,2013,22.97
24,2,2014,23.42
24,2,2015,24.18
24,2,2016,24.77
24,2,2017,25.43
24,2,2018,26
24,2,2019,26.64
24,2,2020,27.78
24,2,2021,30.05
24,2,2022,30.85
24,2,2023,32.21
25,1,1990,63.28
25,1,1991,62.95
25,1,1992,62.34
25,1,1993,62.26
25,1,1994,62.26
25,1,1995,65.98
25,1,1996,65.66
25,1,1997,65.11
25,1,1998,64.65
25,1,1999,63.92
25,1,2000,68.94
25,1,2001,66.21
25,1,2002,66.09
25,1,2003,64.55
25,1,2004,63.24
25,1,2005,62.77
25,1,2006,61.26
25,1,2007,59.76
25,1,2008,58.37
25,1,2009,57.38
25,1,2010,57.55
25,1,2011,57.11
25,1,2012,56.89
25,1,2013,56.32
25,1,2014,55.48
25,1,2015,57.03
25,1,2016,56.17
25,1,2017,56.02
25,1,2018,55.22
25,1,2019,52.93
25,1,2020,54.66
25,1,2021,60.85
25,1,2022,52.6
25,1,2023,52.05
25,2,1990,13.26
25,2,1991,13.44
25,2,1992,13.46
25,2,1993,13.65
25,2,1994,13.83
25,2,1995,14.18
25,2,1996,14.31
25,2,1997,14.44
25,2,1998,14.61
25,2,1999,14.67
25,2,2000,15.72
25,2,2001,15.12
25,2,2002,15.44
25,2,2003,15.7
25,2,2004,15.93
25,2,2005,16.1
25,2,2006,16.11
25,2,2007,15.97
25,2,2008,15.76
25,2,2009,15.67
25,2,2010,15.76
25,2,2011,15.95
25,2,2012,16.17
25,2,2013,16.27
25,2,2014,16.26
25,2,2015,16.51
25,2,2016,16.59
25,2,2017,16.74
25,2,2018,16.59
25,2,2019,16.77
25,2,2020,17.16
25,2,2021,18.15
25,2,2022,16.62
25,2,2023,17.02
26,1,1990,27.16
26,1,1991,27.56
26,1,1992,27.89
26,1,1993,28.42
26,1,1994,28.9
26,1,1995,30.98
26,1,1996,31.49
26,1,1997,31.27
26,1,1998,31.02
26,1,1999,31.26
26,1,2000,32.92
26,1,2001,32.35
26,1,2002,32.07
26,1,2003,31.4
26,1,2004,30.56
26,1,2005,30.3
26,1,2006,29.48
26,1,2007,29.37
26,1,2008,28.71
26,1,2009,27.99
26,1,2010,28.83
26,1,2011,28.59
26,1,2012,28.26
26,1,2013,27.37
26,1,2014,27.41
26,1,2015,29.4
26,1,2016,28.64
26,1,2017,28.62
26,1,2018,28.46
26,1,2019,29.06
26,1,2020,28.99
26,1,2021,29.38
26,1,2022,31.6
26,1,2023,32.41
26,2,1990,13.5
26,2,1991,13.68
26,2,1992,13.92
26,2,1993,14.21
26,2,1994,14.49
26,2,1995,14.84
26,2,1996,15.15
26,2,1997,15.14
26,2,1998,15.03
26,2,1999,15.36
26,2,2000,15.56
26,2,2001,15.25
26,2,2002,15.18
26,2,2003,14.97
26,2,2004,14.69
26,2,2005,14.57
26,2,2006,14.39
26,2,2007,14.67
26,2,2008,14.57
26,2,2009,14.4
26,2,2010,15.05
26,2,2011,15.33
26,2,2012,15.39
26,2,2013,14.94
26,2,2014,15.11
26,2,2015,15.8
26,2,2016,15.42
26,2,2017,15.58
26,2,2018,15.52
26,2,2019,16.13
26,2,2020,15.92
26,2,2021,15.7
26,2,2022,18.12
26,2,2023,18.74
27,1,1990,8.78
27,1,1991,9.01
27,1,1992,9.24
27,1,1993,9.48
27,1,1994,9.72
27,1,1995,10.66
27,1,1996,10.95
27,1,1997,11.26
27,1,1998,11.59
27,1,1999,11.84
27,1,2000,12.78
27,1,2001,12.93
27,1,2002,13.01
27,1,2003,12.96
27,1,2004,12.87
27,1,2005,12.92
27,1,2006,12.71
27,1,2007,12.43
27,1,2008,12.17
27,1,2009,12.02
27,1,2010,12
27,1,2011,11.86
27,1,2012,11.73
27,1,2013,11.65
27,1,2014,11.57
27,1,2015,12.07
27,1,2016,12.19
27,1,2017,12.31
27,1,2018,12.49
27,1,2019,12.98
27,1,2020,13.06
27,1,2021,14.49
27,1,2022,14.54
27,1,2023,15.29
27,2,1990,1.21
27,2,1991,1.25
27,2,1992,1.28
27,2,1993,1.31
27,2,1994,1.34
27,2,1995,1.39
27,2,1996,1.43
27,2,1997,1.46
27,2,1998,1.5
27,2,1999,1.53
27,2,2000,1.58
27,2,2001,1.61
27,2,2002,1.63
27,2,2003,1.65
27,2,2004,1.66
27,2,2005,1.67
27,2,2006,1.67
27,2,2007,1.67
27,2,2008,1.66
27,2,2009,1.67
27,2,2010,1.66
27,2,2011,1.66
27,2,2012,1.65
27,2,2013,1.65
27,2,2014,1.65
27,2,2015,1.68
27,2,2016,1.71
27,2,2017,1.73
27,2,2018,1.76
27,2,2019,1.86
27,2,2020,1.83
27,2,2021,1.95
27,2,2022,2.04
27,2,2023,2.18
28,1,1990,27.57
28,1,1991,28.07
28,1,1992,27.34
28,1,1993,27.44
28,1,1994,27.61
28,1,1995,28.81
28,1,1996,28.7
28,1,1997,28.84
28,1,1998,28.64
28,1,1999,28.04
28,1,2000,29.69
28,1,2001,28.67
28,1,2002,27.94
28,1,2003,27.44
28,1,2004,26.66
28,1,2005,27.29
28,1,2006,27.45
28,1,2007,26.7
28,1,2008,26.11
28,1,2009,27.59
28,1,2010,27.76
28,1,2011,30.36
28,1,2012,31.49
28,1,2013,32.37
28,1,2014,33.86
28,1,2015,35.94
28,1,2016,35.32
28,1,2017,35.68
28,1,2018,35.82
28,1,2019,36.53
28,1,2020,37.65
28,1,2021,38.87
28,1,2022,40.48
28,1,2023,40.71
28,2,1990,24.83
28,2,1991,25.65
28,2,1992,25.47
28,2,1993,25.85
28,2,1994,26.34
28,2,1995,26.33
28,2,1996,26.47
28,2,1997,27.09
28,2,1998,27.15
28,2,1999,26.55
28,2,2000,27.34
28,2,2001,26.23
28,2,2002,25.58
28,2,2003,25.05
28,2,2004,24.43
28,2,2005,25.04
28,2,2006,25.46
28,2,2007,24.68
28,2,2008,24.09
28,2,2009,26.1
28,2,2010,25.97
28,2,2011,29.46
28,2,2012,31.27
28,2,2013,32.75
28,2,2014,35.18
28,2,2015,36.22
28,2,2016,35.47
28,2,2017,36.3
28,2,2018,36.52
28,2,2019,37.81
28,2,2020,38.82
28,2,2021,38.59
28,2,2022,42.7
28,2,2023,43.48
29,1,1990,36.52
29,1,1991,37.22
29,1,1992,37.66
29,1,1993,37.94
29,1,1994,38.23
29,1,1995,40.99
29,1,1996,40.99
29,1,1997,40.72
29,1,1998,40.08
29,1,1999,39.79
29,1,2000,41.82
29,1,2001,41.79
29,1,2002,41.38
29,1,2003,40.86
29,1,2004,40.83
29,1,2005,41.76
29,1,2006,41.47
29,1,2007,40.89
29,1,2008,40.33
29,1,2009,43
29,1,2010,40.44
29,1,2011,39.95
29,1,2012,39.91
29,1,2013,39.95
29,1,2014,39.87
29,1,2015,41.84
29,1,2016,42.11
29,1,2017,42.29
29,1,2018,42.57
29,1,2019,42.98
29,1,2020,44.79
29,1,2021,49.86
29,1,2022,48.33
29,1,2023,49.5
29,2,1990,8.54
29,2,1991,8.82
29,2,1992,9.05
29,2,1993,9.24
29,2,1994,9.38
29,2,1995,9.64
29,2,1996,9.71
29,2,1997,9.71
29,2,1998,9.76
29,2,1999,9.85
29,2,2000,10.05
29,2,2001,10.11
29,2,2002,10.19
29,2,2003,10.33
29,2,2004,10.57
29,2,2005,10.72
29,2,2006,10.79
29,2,2007,10.8
29,2,2008,10.84
29,2,2009,11.39
29,2,2010,11.1
29,2,2011,11.26
29,2,2012,11.42
29,2,2013,11.57
29,2,2014,11.65
29,2,2015,11.93
29,2,2016,12.19
29,2,2017,12.41
29,2,2018,12.6
29,2,2019,12.81
29,2,2020,13.44
29,2,2021,15.03
29,2,2022,14.72
29,2,2023,15.32
30,1,1990,10.83
30,1,1991,11.24
30,1,1992,11.52
30,1,1993,11.7
30,1,1994,12.19
30,1,1995,11.97
30,1,1996,12.12
30,1,1997,12.05
30,1,1998,12.01
30,1,1999,12.01
30,1,2000,11.39
30,1,2001,11.4
30,1,2002,10.48
30,1,2003,9.73
30,1,2004,9.5
30,1,2005,9.77
30,1,2006,9.74
30,1,2007,9.86
30,1,2008,9.88
30,1,2009,9.67
30,1,2010,9.55
30,1,2011,9.67
30,1,2012,9.66
30,1,2013,9.73
30,1,2014,9.81
30,1,2015,9.84
30,1,2016,9.9
30,1,2017,9.92
30,1,2018,9.93
30,1,2019,9.89
30,1,2020,9.96
30,1,2021,10.04
30,1,2022,10.35
30,1,2023,10.55
30,2,1990,5.4
30,2,1991,5.73
30,2,1992,5.97
30,2,1993,6.14
30,2,1994,6.58
30,2,1995,6.36
30,2,1996,6.5
30,2,1997,6.49
30,2,1998,6.51
30,2,1999,6.58
30,2,2000,6.07
30,2,2001,6.17
30,2,2002,5.47
30,2,2003,5.01
30,2,2004,4.97
30,2,2005,5.32
30,2,2006,5.45
30,2,2007,5.75
30,2,2008,5.96
30,2,2009,5.92
30,2,2010,5.99
30,2,2011,6.34
30,2,2012,6.48
30,2,2013,6.67
30,2,2014,6.85
30,2,2015,6.94
30,2,2016,7.07
30,2,2017,7.16
30,2,2018,7.22
30,2,2019,7.22
30,2,2020,7.26
30,2,2021,7.08
30,2,2022,7.62
30,2,2023,7.88
33,1,1990,64.86
33,1,1991,69.94
33,1,1992,68.76
33,1,1993,64.65
33,1,1994,60.5
33,1,1995,61.11
33,1,1996,60.49
33,1,1997,58.65
33,1,1998,57.71
33,1,1999,59.6
33,1,2000,60.95
33,1,2001,61.76
33,1,2002,62.44
33,1,2003,64
33,1,2004,65.7
33,1,2005,67.11
33,1,2006,68.77
33,1,2007,67.61
33,1,2008,70.86
33,1,2009,71.11
33,1,2010,66.19
33,1,2011,66.82
33,1,2012,61.46
33,1,2013,58.23
33,1,2014,58
33,1,2015,55.38
33,1,2016,53.1
33,1,2017,50.35
33,1,2018,49.27
33,1,2019,50.35
33,1,2020,47.54
33,1,2021,46.47
33,1,2022,44.91
33,1,2023,39.05
33,2,1990,10.95
33,2,1991,11.21
33,2,1992,11.73
33,2,1993,11
33,2,1994,9.81
33,2,1995,8.8
33,2,1996,8.53
33,2,1997,8.53
33,2,1998,8.8
33,2,1999,8.71
33,2,2000,9.01
33,2,2001,9.03
33,2,2002,8.93
33,2,2003,9.12
33,2,2004,9.39
33,2,2005,9.47
33,2,2006,9.76
33,2,2007,9.31
33,2,2008,10.37
33,2,2009,10.36
33,2,2010,9.42
33,2,2011,9.54
33,2,2012,9.07
33,2,2013,8.47
33,2,2014,8.2
33,2,2015,7.89
33,2,2016,7.53
33,2,2017,8
33,2,2018,7.49
33,2,2019,8.25
33,2,2020,8.42
33,2,2021,7.92
33,2,2022,7.42
33,2,2023,6.31
34,1,1990,50.4
34,1,1991,49.09
34,1,1992,47.55
34,1,1993,46.78
34,1,1994,44.3
34,1,1995,46.97
34,1,1996,43.55
34,1,1997,40.21
34,1,1998,37.42
34,1,1999,35.21
34,1,2000,35.38
34,1,2001,33.41
34,1,2002,32.74
34,1,2003,33.22
34,1,2004,33.74
34,1,2005,34.01
34,1,2006,35.12
34,1,2007,35.37
34,1,2008,36.16
34,1,2009,36.69
34,1,2010,33.67
34,1,2011,34.31
34,1,2012,34.62
34,1,2013,33.93
34,1,2014,33.19
34,1,2015,27.56
34,1,2016,27.33
34,1,2017,27.03
34,1,2018,26.86
34,1,2019,27.78
34,1,2020,29.3
34,1,2021,26.65
34,1,2022,24.49
34,1,2023,25.56
34,2,1990,7.21
34,2,1991,7.17
34,2,1992,7.22
34,2,1993,7.22
34,2,1994,7.05
34,2,1995,6.97
34,2,1996,6.72
34,2,1997,6.45
34,2,1998,6.23
34,2,1999,6.11
34,2,2000,6.04
34,2,2001,5.86
34,2,2002,5.86
34,2,2003,5.92
34,2,2004,5.94
34,2,2005,6.02
34,2,2006,6.2
34,2,2007,6.29
34,2,2008,6.46
34,2,2009,6.56
34,2,2010,6.44
34,2,2011,6.45
34,2,2012,6.45
34,2,2013,6.48
34,2,2014,6.51
34,2,2015,6.22
34,2,2016,6.26
34,2,2017,6.25
34,2,2018,6.28
34,2,2019,6.63
34,2,2020,7.11
34,2,2021,7.06
34,2,2022,5.78
34,2,2023,5.8
35,1,1990,52.55
35,1,1991,51.52
35,1,1992,45.66
35,1,1993,39.33
35,1,1994,34.22
35,1,1995,33.1
35,1,1996,32.84
35,1,1997,33.37
35,1,1998,35.57
35,1,1999,37.28
35,1,2000,38.47
35,1,2001,39.23
35,1,2002,41.02
35,1,2003,41.66
35,1,2004,41.2
35,1,2005,41.89
35,1,2006,44.03
35,1,2007,43.94
35,1,2008,47.64
35,1,2009,49.62
35,1,2010,51.94
35,1,2011,57.54
35,1,2012,59.22
35,1,2013,59.37
35,1,2014,59.81
35,1,2015,64.8
35,1,2016,67.03
35,1,2017,64.09
35,1,2018,59.75
35,1,2019,54.14
35,1,2020,52.59
35,1,2021,51.55
35,1,2022,50.21
35,1,2023,49.84
35,2,1990,8.22
35,2,1991,8.15
35,2,1992,7.55
35,2,1993,6.34
35,2,1994,5.4
35,2,1995,5.44
35,2,1996,5.32
35,2,1997,5.52
35,2,1998,6.44
35,2,1999,7.11
35,2,2000,7.35
35,2,2001,7.53
35,2,2002,7.56
35,2,2003,7.36
35,2,2004,7.11
35,2,2005,7.25
35,2,2006,6.9
35,2,2007,6.33
35,2,2008,6.63
35,2,2009,6.8
35,2,2010,6.93
35,2,2011,6.7
35,2,2012,6.68
35,2,2013,6.46
35,2,2014,6.68
35,2,2015,6.84
35,2,2016,6.7
35,2,2017,6.88
35,2,2018,6.65
35,2,2019,6.18
35,2,2020,6.47
35,2,2021,6.14
35,2,2022,5.87
35,2,2023,5.7
36,1,1990,89.69
36,1,1991,85.26
36,1,1992,84.48
36,1,1993,81.77
36,1,1994,78.31
36,1,1995,77.02
36,1,1996,72.99
36,1,1997,69.15
36,1,1998,66.45
36,1,1999,64.87
36,1,2000,62.39
36,1,2001,61.19
36,1,2002,61.23
36,1,2003,60.72
36,1,2004,57.45
36,1,2005,55.86
36,1,2006,54.49
36,1,2007,53.76
36,1,2008,52.03
36,1,2009,51.55
36,1,2010,49.68
36,1,2011,50.41
36,1,2012,48.94
36,1,2013,44.66
36,1,2014,40.1
36,1,2015,37.44
36,1,2016,38.01
36,1,2017,36.61
36,1,2018,35.49
36,1,2019,34.21
36,1,2020,34.38
36,1,2021,30.96
36,1,2022,27.33
36,1,2023,28.56
36,2,1990,12.79
36,2,1991,12.43
36,2,1992,12.25
36,2,1993,11.62
36,2,1994,11.21
36,2,1995,10.9
36,2,1996,10.66
36,2,1997,10.27
36,2,1998,9.87
36,2,1999,9.92
36,2,2000,9.49
36,2,2001,9.26
36,2,2002,9.22
36,2,2003,8.96
36,2,2004,8.2
36,2,2005,8.32
36,2,2006,8.17
36,2,2007,7.79
36,2,2008,8.1
36,2,2009,7.81
36,2,2010,7.48
36,2,2011,7.76
36,2,2012,7.56
36,2,2013,6.72
36,2,2014,6.28
36,2,2015,5.7
36,2,2016,5.44
36,2,2017,5.19
36,2,2018,4.92
36,2,2019,4.91
36,2,2020,5.27
36,2,2021,5.07
36,2,2022,4.1
36,2,2023,4.17
37,1,1990,48.98
37,1,1991,49
37,1,1992,48.19
37,1,1993,44
37,1,1994,41.04
37,1,1995,40.84
37,1,1996,38.67
37,1,1997,36.55
37,1,1998,33.93
37,1,1999,31.79
37,1,2000,27.85
37,1,2001,26.81
37,1,2002,27.06
37,1,2003,27.06
37,1,2004,26.35
37,1,2005,25.61
37,1,2006,25.27
37,1,2007,23.67
37,1,2008,23.37
37,1,2009,24.82
37,1,2010,24
37,1,2011,24.36
37,1,2012,24.38
37,1,2013,25.11
37,1,2014,25.34
37,1,2015,22.05
37,1,2016,22.57
37,1,2017,22.17
37,1,2018,22.14
37,1,2019,19.45
37,1,2020,16.68
37,1,2021,16.95
37,1,2022,16.42
37,1,2023,17.79
37,2,1990,8.72
37,2,1991,8.44
37,2,1992,8.51
37,2,1993,8.32
37,2,1994,8.03
37,2,1995,7.49
37,2,1996,7.35
37,2,1997,7.3
37,2,1998,6.89
37,2,1999,6.59
37,2,2000,6.34
37,2,2001,6.07
37,2,2002,5.85
37,2,2003,5.94
37,2,2004,5.7
37,2,2005,5.57
37,2,2006,5.7
37,2,2007,5.49
37,2,2008,5.44
37,2,2009,5.43
37,2,2010,5.36
37,2,2011,5.16
37,2,2012,5.18
37,2,2013,5.25
37,2,2014,5.2
37,2,2015,5.1
37,2,2016,5.4
37,2,2017,4.95
37,2,2018,4.74
37,2,2019,4.3
37,2,2020,3.79
37,2,2021,4.26
37,2,2022,4.3
37,2,2023,4.62
38,1,1990,49.44
38,1,1991,51.86
38,1,1992,53.28
38,1,1993,54.2
38,1,1994,54.99
38,1,1995,56.55
38,1,1996,56.12
38,1,1997,55.21
38,1,1998,53.7
38,1,1999,52.35
38,1,2000,52.73
38,1,2001,51.43
38,1,2002,50.45
38,1,2003,48.49
38,1,2004,46.77
38,1,2005,45.39
38,1,2006,44.46
38,1,2007,43.58
38,1,2008,44.12
38,1,2009,45.04
38,1,2010,44.81
38,1,2011,45.85
38,1,2012,46.94
38,1,2013,46.8
38,1,2014,46.23
38,1,2015,43.17
38,1,2016,42.76
38,1,2017,43.02
38,1,2018,42.88
38,1,2019,41.75
38,1,2020,41.12
38,1,2021,45.74
38,1,2022,47.4
38,1,2023,45.36
38,2,1990,14.11
38,2,1991,15.06
38,2,1992,15.75
38,2,1993,15.95
38,2,1994,16.09
38,2,1995,16.48
38,2,1996,16.83
38,2,1997,16.66
38,2,1998,16.13
38,2,1999,15.34
38,2,2000,14.57
38,2,2001,13.48
38,2,2002,12.31
38,2,2003,11.06
38,2,2004,10.19
38,2,2005,9.71
38,2,2006,9.48
38,2,2007,9.34
38,2,2008,9.3
38,2,2009,9.3
38,2,2010,9.22
38,2,2011,9.13
38,2,2012,9.13
38,2,2013,9.12
38,2,2014,9.02
38,2,2015,8.75
38,2,2016,8.49
38,2,2017,8.38
38,2,2018,8.33
38,2,2019,8.01
38,2,2020,7.84
38,2,2021,8.77
38,2,2022,8.35
38,2,2023,8.11
39,1,1990,29.83
39,1,1991,29.79
39,1,1992,29.31
39,1,1993,28.68
39,1,1994,26.84
39,1,1995,24.73
39,1,1996,21.78
39,1,1997,19.58
39,1,1998,17.87
39,1,1999,16.71
39,1,2000,16.46
39,1,2001,16.2
39,1,2002,16.14
39,1,2003,16.31
39,1,2004,16.17
39,1,2005,15.53
39,1,2006,14.53
39,1,2007,13.55
39,1,2008,12.7
39,1,2009,12.1
39,1,2010,11.25
39,1,2011,10.91
39,1,2012,10.37
39,1,2013,10
39,1,2014,9.88
39,1,2015,9.78
39,1,2016,9.99
39,1,2017,10.06
39,1,2018,9.91
39,1,2019,10.28
39,1,2020,8.86
39,1,2021,9.56
39,1,2022,11.42
39,1,2023,11.85
39,2,1990,8.43
39,2,1991,8.71
39,2,1992,8.63
39,2,1993,8.82
39,2,1994,8.29
39,2,1995,7.62
39,2,1996,6.83
39,2,1997,6.38
39,2,1998,6.13
39,2,1999,5.95
39,2,2000,5.91
39,2,2001,5.93
39,2,2002,5.95
39,2,2003,6.09
39,2,2004,6.03
39,2,2005,5.78
39,2,2006,5.46
39,2,2007,5.21
39,2,2008,5
39,2,2009,4.85
39,2,2010,4.73
39,2,2011,4.66
39,2,2012,4.6
39,2,2013,4.54
39,2,2014,4.61
39,2,2015,4.74
39,2,2016,4.9
39,2,2017,5.08
39,2,2018,5.13
39,2,2019,5.46
39,2,2020,5.36
39,2,2021,5.93
39,2,2022,6.99
39,2,2023,7.09
40,1,1990,31.17
40,1,1991,26.9
40,1,1992,26.03
40,1,1993,25.39
40,1,1994,26.68
40,1,1995,27.96
40,1,1996,27.73
40,1,1997,25.61
40,1,1998,22.76
40,1,1999,20.09
40,1,2000,18.13
40,1,2001,17.03
40,1,2002,16.24
40,1,2003,14.56
40,1,2004,13.71
40,1,2005,13.45
40,1,2006,13.81
40,1,2007,14.03
40,1,2008,13.56
40,1,2009,14.56
40,1,2010,14.41
40,1,2011,15.5
40,1,2012,14.44
40,1,2013,14.34
40,1,2014,16.01
40,1,2015,14.68
40,1,2016,14.58
40,1,2017,14.19
40,1,2018,14.26
40,1,2019,13.86
40,1,2020,13.99
40,1,2021,14.43
40,1,2022,14.12
40,1,2023,14.09
40,2,1990,6.28
40,2,1991,5.86
40,2,1992,5.9
40,2,1993,5.8
40,2,1994,5.47
40,2,1995,5.62
40,2,1996,5.74
40,2,1997,5.42
40,2,1998,5.08
40,2,1999,4.72
40,2,2000,4.39
40,2,2001,4.47
40,2,2002,4.02
40,2,2003,3.7
40,2,2004,3.49
40,2,2005,3.6
40,2,2006,3.78
40,2,2007,3.82
40,2,2008,3.91
40,2,2009,3.81
40,2,2010,3.77
40,2,2011,3.86
40,2,2012,3.78
40,2,2013,3.66
40,2,2014,3.9
40,2,2015,3.72
40,2,2016,3.77
40,2,2017,3.89
40,2,2018,3.94
40,2,2019,4.02
40,2,2020,4.07
40,2,2021,4.25
40,2,2022,4.18
40,2,2023,4.15
41,1,1990,30.67
41,1,1991,29.4
41,1,1992,28.05
41,1,1993,26.29
41,1,1994,24.6
41,1,1995,24.95
41,1,1996,23.39
41,1,1997,21.79
41,1,1998,20.23
41,1,1999,19.21
41,1,2000,18.37
41,1,2001,17.64
41,1,2002,17
41,1,2003,15.94
41,1,2004,13.55
41,1,2005,13.3
41,1,2006,13.61
41,1,2007,12.86
41,1,2008,12.14
41,1,2009,12.16
41,1,2010,11.92
41,1,2011,13.55
41,1,2012,12.95
41,1,2013,13.25
41,1,2014,13.3
41,1,2015,12.22
41,1,2016,12.52
41,1,2017,12.57
41,1,2018,12.36
41,1,2019,12.64
41,1,2020,12
41,1,2021,11.94
41,1,2022,12.36
41,1,2023,12.49
41,2,1990,7.99
41,2,1991,7.7
41,2,1992,7.6
41,2,1993,7.28
41,2,1994,6.75
41,2,1995,6.54
41,2,1996,6.25
41,2,1997,6.06
41,2,1998,5.91
41,2,1999,5.56
41,2,2000,5.37
41,2,2001,5.08
41,2,2002,4.94
41,2,2003,4.74
41,2,2004,3.96
41,2,2005,4.11
41,2,2006,4.25
41,2,2007,4.04
41,2,2008,3.81
41,2,2009,3.79
41,2,2010,3.85
41,2,2011,3.87
41,2,2012,4.2
41,2,2013,4.1
41,2,2014,4.07
41,2,2015,3.91
41,2,2016,4.21
41,2,2017,4.25
41,2,2018,4.14
41,2,2019,4.01
41,2,2020,3.85
41,2,2021,3.73
41,2,2022,3.95
41,2,2023,4.01
43,1,1990,48.04
43,1,1991,46.04
43,1,1992,44.73
43,1,1993,43.61
43,1,1994,43.55
43,1,1995,44.28
43,1,1996,45.07
43,1,1997,44.26
43,1,1998,43.02
43,1,1999,42.61
43,1,2000,42.97
43,1,2001,42.9
43,1,2002,43.01
43,1,2003,42.85
43,1,2004,41.99
43,1,2005,41
43,1,2006,40
43,1,2007,39.12
43,1,2008,38.69
43,1,2009,38.51
43,1,2010,37.94
43,1,2011,37.91
43,1,2012,38.07
43,1,2013,38.4
43,1,2014,38.97
43,1,2015,39.16
43,1,2016,39.25
43,1,2017,39.55
43,1,2018,39.94
43,1,2019,40.89
43,1,2020,40.15
43,1,2021,41.31
43,1,2022,40.81
43,1,2023,38.11
43,2,1990,8.61
43,2,1991,8.61
43,2,1992,8.63
43,2,1993,8.72
43,2,1994,8.96
43,2,1995,9.04
43,2,1996,9.23
43,2,1997,9.36
43,2,1998,9.52
43,2,1999,9.66
43,2,2000,9.88
43,2,2001,9.99
43,2,2002,10.23
43,2,2003,10.36
43,2,2004,10.25
43,2,2005,10.06
43,2,2006,9.89
43,2,2007,9.65
43,2,2008,9.69
43,2,2009,9.76
43,2,2010,9.77
43,2,2011,9.73
43,2,2012,9.88
43,2,2013,10.15
43,2,2014,10.5
43,2,2015,10.82
43,2,2016,11.05
43,2,2017,11.32
43,2,2018,11.35
43,2,2019,11.52
43,2,2020,11.31
43,2,2021,11.49
43,2,2022,11.93
43,2,2023,11.26
44,1,1990,73.23
44,1,1991,71.14
44,1,1992,69.78
44,1,1993,69.06
44,1,1994,67.63
44,1,1995,66.87
44,1,1996,67.62
44,1,1997,68.89
44,1,1998,70.52
44,1,1999,72.61
44,1,2000,73.46
44,1,2001,73.67
44,1,2002,72.7
44,1,2003,72.63
44,1,2004,73.09
44,1,2005,73.48
44,1,2006,73.89
44,1,2007,73.68
44,1,2008,73.61
44,1,2009,73.06
44,1,2010,72.65
44,1,2011,72.29
44,1,2012,71.03
44,1,2013,69.12
44,1,2014,67.58
44,1,2015,66.34
44,1,2016,64.42
44,1,2017,63.86
44,1,2018,63.46
44,1,2019,62.69
44,1,2020,60.17
44,1,2021,59.43
44,1,2022,58.19
44,1,2023,57.19
44,2,1990,11.7
44,2,1991,11.26
44,2,1992,10.7
44,2,1993,10.29
44,2,1994,10.03
44,2,1995,9.97
44,2,1996,10.29
44,2,1997,10.84
44,2,1998,11.51
44,2,1999,12.21
44,2,2000,12.85
44,2,2001,13.46
44,2,2002,13.94
44,2,2003,14.65
44,2,2004,15.32
44,2,2005,15.89
44,2,2006,16.09
44,2,2007,16.28
44,2,2008,16.61
44,2,2009,16.91
44,2,2010,16.98
44,2,2011,17.05
44,2,2012,17.13
44,2,2013,17.13
44,2,2014,17.23
44,2,2015,17.51
44,2,2016,17.51
44,2,2017,17.71
44,2,2018,17.81
44,2,2019,18.01
44,2,2020,18.04
44,2,2021,17.84
44,2,2022,17.98
44,2,2023,17.62
45,1,1990,48.06
45,1,1991,48.71
45,1,1992,49.34
45,1,1993,50.75
45,1,1994,50.96
45,1,1995,51.66
45,1,1996,51.8
45,1,1997,50.89
45,1,1998,49.96
45,1,1999,50.95
45,1,2000,51.81
45,1,2001,51.99
45,1,2002,53.68
45,1,2003,55.22
45,1,2004,55.53
45,1,2005,56.78
45,1,2006,56.91
45,1,2007,56.92
45,1,2008,56.66
45,1,2009,55.48
45,1,2010,55.12
45,1,2011,56.77
45,1,2012,55.57
45,1,2013,54.57
45,1,2014,53.02
45,1,2015,52.02
45,1,2016,50.66
45,1,2017,49.74
45,1,2018,48.29
45,1,2019,47.11
45,1,2020,45.68
45,1,2021,45.15
45,1,2022,43.06
45,1,2023,41.78
45,2,1990,7.42
45,2,1991,8
45,2,1992,7.84
45,2,1993,8.31
45,2,1994,8.29
45,2,1995,8.74
45,2,1996,8.73
45,2,1997,8.47
45,2,1998,8.71
45,2,1999,9.06
45,2,2000,9.56
45,2,2001,9.64
45,2,2002,9.67
45,2,2003,9.77
45,2,2004,9.97
45,2,2005,10.57
45,2,2006,10.48
45,2,2007,10.67
45,2,2008,10.68
45,2,2009,10.78
45,2,2010,10.89
45,2,2011,11.6
45,2,2012,11.94
45,2,2013,11.87
45,2,2014,12.23
45,2,2015,12.63
45,2,2016,12.57
45,2,2017,12.83
45,2,2018,13.26
45,2,2019,13.61
45,2,2020,13.82
45,2,2021,13.84
45,2,2022,13.31
45,2,2023,12.69
46,1,1990,82.82
46,1,1991,79.57
46,1,1992,76.32
46,1,1993,75.65
46,1,1994,74.81
46,1,1995,79.58
46,1,1996,78.4
46,1,1997,78.39
46,1,1998,77.39
46,1,1999,73.95
46,1,2000,77.53
46,1,2001,78.8
46,1,2002,77.62
46,1,2003,76.5
46,1,2004,76.29
46,1,2005,73.37
46,1,2006,74.43
46,1,2007,73.74
46,1,2008,71.86
46,1,2009,72.04
46,1,2010,67
46,1,2011,68.57
46,1,2012,66.26
46,1,2013,66.41
46,1,2014,66.39
46,1,2015,61
46,1,2016,61.86
46,1,2017,61.92
46,1,2018,60.43
46,1,2019,56.6
46,1,2020,54.42
46,1,2021,53.02
46,1,2022,52.92
46,1,2023,52.67
46,2,1990,11.64
46,2,1991,11.37
46,2,1992,11.38
46,2,1993,10.77
46,2,1994,10.94
46,2,1995,11.48
46,2,1996,12.01
46,2,1997,12.16
46,2,1998,12.56
46,2,1999,12.09
46,2,2000,13.35
46,2,2001,13.43
46,2,2002,14.05
46,2,2003,14.78
46,2,2004,14.85
46,2,2005,14.98
46,2,2006,15.54
46,2,2007,15.76
46,2,2008,15.98
46,2,2009,16.48
46,2,2010,16.74
46,2,2011,17.79
46,2,2012,17.68
46,2,2013,18.17
46,2,2014,18.68
46,2,2015,17.73
46,2,2016,18.47
46,2,2017,19.63
46,2,2018,20.18
46,2,2019,20.54
46,2,2020,20.84
46,2,2021,20.73
46,2,2022,21.18
46,2,2023,20.08
47,1,1990,92.34
47,1,1991,90.99
47,1,1992,89.37
47,1,1993,87.36
47,1,1994,83.66
47,1,1995,87.28
47,1,1996,84.55
47,1,1997,82.79
47,1,1998,80.21
47,1,1999,78.55
47,1,2000,79.64
47,1,2001,77.02
47,1,2002,75.66
47,1,2003,73.88
47,1,2004,73.52
47,1,2005,71.15
47,1,2006,69.16
47,1,2007,68.12
47,1,2008,66.77
47,1,2009,65.93
47,1,2010,63.27
47,1,2011,61.1
47,1,2012,58.22
47,1,2013,55.63
47,1,2014,54.11
47,1,2015,51.08
47,1,2016,50.84
47,1,2017,49.89
47,1,2018,48.03
47,1,2019,46.68
47,1,2020,45.85
47,1,2021,42.94
47,1,2022,41.58
47,1,2023,39.89
47,2,1990,12.47
47,2,1991,13.13
47,2,1992,13.36
47,2,1993,13.68
47,2,1994,14.33
47,2,1995,15.12
47,2,1996,15.5
47,2,1997,15.45
47,2,1998,16.03
47,2,1999,16.81
47,2,2000,17.38
47,2,2001,17.91
47,2,2002,18
47,2,2003,18.23
47,2,2004,18.59
47,2,2005,18.95
47,2,2006,19.58
47,2,2007,19.99
47,2,2008,20.35
47,2,2009,20.55
47,2,2010,20.73
47,2,2011,21.19
47,2,2012,21.38
47,2,2013,20.93
47,2,2014,20.76
47,2,2015,20.37
47,2,2016,20.33
47,2,2017,20.91
47,2,2018,20.9
47,2,2019,20.65
47,2,2020,20.7
47,2,2021,20.15
47,2,2022,19.62
47,2,2023,18.63
48,1,1990,90.6
48,1,1991,92.56
48,1,1992,94.6
48,1,1993,95.99
48,1,1994,96.11
48,1,1995,97.33
48,1,1996,97.23
48,1,1997,96.64
48,1,1998,96.71
48,1,1999,94.69
48,1,2000,94.78
48,1,2001,93.15
48,1,2002,92.2
48,1,2003,92.54
48,1,2004,91.46
48,1,2005,90.48
48,1,2006,88.84
48,1,2007,88.69
48,1,2008,87.87
48,1,2009,87.4
48,1,2010,85.87
48,1,2011,84.25
48,1,2012,82.37
48,1,2013,79.09
48,1,2014,77.85
48,1,2015,75.5
48,1,2016,74.98
48,1,2017,74.17
48,1,2018,72.42
48,1,2019,67.33
48,1,2020,64.81
48,1,2021,62.43
48,1,2022,60.67
48,1,2023,59.5
48,2,1990,18.19
48,2,1991,18.84
48,2,1992,19.71
48,2,1993,20.59
48,2,1994,20.89
48,2,1995,22.05
48,2,1996,23.37
48,2,1997,23.47
48,2,1998,23.95
48,2,1999,24.61
48,2,2000,25.45
48,2,2001,25.87
48,2,2002,26.76
48,2,2003,27.06
48,2,2004,27.27
48,2,2005,28.21
48,2,2006,28.52
48,2,2007,29.96
48,2,2008,31.15
48,2,2009,31.67
48,2,2010,32.63
48,2,2011,32.72
48,2,2012,33.27
48,2,2013,33.79
48,2,2014,34.38
48,2,2015,34.16
48,2,2016,34.05
48,2,2017,34.23
48,2,2018,33.57
48,2,2019,33.19
48,2,2020,32.77
48,2,2021,32.02
48,2,2022,31.55
48,2,2023,30.99
49,1,1990,48.02
49,1,1991,48.54
49,1,1992,49.05
49,1,1993,49.82
49,1,1994,50.39
49,1,1995,53.15
49,1,1996,54.03
49,1,1997,54.38
49,1,1998,54.07
49,1,1999,54.35
49,1,2000,57.32
49,1,2001,57.24
49,1,2002,57.07
49,1,2003,56.87
49,1,2004,57.16
49,1,2005,57.88
49,1,2006,58.34
49,1,2007,58.26
49,1,2008,58.18
49,1,2009,57.84
49,1,2010,56.43
49,1,2011,57.32
49,1,2012,57.14
49,1,2013,57.29
49,1,2014,57.43
49,1,2015,56.58
49,1,2016,55.96
49,1,2017,56.48
49,1,2018,57.26
49,1,2019,59.38
49,1,2020,56.32
49,1,2021,54.27
49,1,2022,54.66
49,1,2023,52.14
49,2,1990,7.86
49,2,1991,7.93
49,2,1992,7.9
49,2,1993,8.03
49,2,1994,8.25
49,2,1995,8.61
49,2,1996,8.9
49,2,1997,9.09
49,2,1998,9.19
49,2,1999,9.45
49,2,2000,9.77
49,2,2001,9.78
49,2,2002,9.75
49,2,2003,9.8
49,2,2004,10.11
49,2,2005,10.66
49,2,2006,11.03
49,2,2007,11.53
49,2,2008,12.02
49,2,2009,12.41
49,2,2010,12.7
49,2,2011,13.12
49,2,2012,13.34
49,2,2013,13.63
49,2,2014,13.93
49,2,2015,14.32
49,2,2016,14.73
49,2,2017,15.26
49,2,2018,15.8
49,2,2019,16.51
49,2,2020,16.02
49,2,2021,15.59
49,2,2022,15.83
49,2,2023,15.06
50,1,1990,73.36
50,1,1991,73.08
50,1,1992,73
50,1,1993,72.66
50,1,1994,72.62
50,1,1995,80.73
50,1,1996,81.02
50,1,1997,81.31
50,1,1998,81.43
50,1,1999,80.7
50,1,2000,87.63
50,1,2001,88.28
50,1,2002,89.02
50,1,2003,90.18
50,1,2004,90.17
50,1,2005,88.68
50,1,2006,86.7
50,1,2007,85.62
50,1,2008,84.48
50,1,2009,82.92
50,1,2010,76.53
50,1,2011,76.43
50,1,2012,75.97
50,1,2013,75.72
50,1,2014,75.78
50,1,2015,66.85
50,1,2016,66.65
50,1,2017,65.92
50,1,2018,65.46
50,1,2019,64.49
50,1,2020,65.18
50,1,2021,66.39
50,1,2022,66.97
50,1,2023,65.6
50,2,1990,19.27
50,2,1991,19.33
50,2,1992,19.15
50,2,1993,19.02
50,2,1994,19.06
50,2,1995,19.61
50,2,1996,19.69
50,2,1997,19.87
50,2,1998,20.25
50,2,1999,20.35
50,2,2000,21.12
50,2,2001,21.65
50,2,2002,22.2
50,2,2003,22.69
50,2,2004,22.9
50,2,2005,22.82
50,2,2006,22.88
50,2,2007,22.95
50,2,2008,23.11
50,2,2009,23.35
50,2,2010,23.28
50,2,2011,23.51
50,2,2012,23.74
50,2,2013,24.06
50,2,2014,24.38
50,2,2015,23.94
50,2,2016,23.96
50,2,2017,24.07
50,2,2018,23.91
50,2,2019,24.05
50,2,2020,23.49
50,2,2021,21.51
50,2,2022,22.45
50,2,2023,23.5
51,1,1990,87.39
51,1,1991,88.96
51,1,1992,89.17
51,1,1993,90.21
51,1,1994,89.63
51,1,1995,92.3
51,1,1996,90.71
51,1,1997,90.31
51,1,1998,91.87
51,1,1999,92.47
51,1,2000,93.58
51,1,2001,93.18
51,1,2002,92.69
51,1,2003,91.49
51,1,2004,90.14
51,1,2005,88.96
51,1,2006,87.5
51,1,2007,85.65
51,1,2008,83.92
51,1,2009,82.25
51,1,2010,79.37
51,1,2011,77.49
51,1,2012,75.72
51,1,2013,73.92
51,1,2014,73.15
51,1,2015,71.77
51,1,2016,69.17
51,1,2017,67.46
51,1,2018,66.29
51,1,2019,61.62
51,1,2020,58.59
51,1,2021,54.18
51,1,2022,54.36
51,1,2023,52.66
51,2,1990,13
51,2,1991,13.47
51,2,1992,13.62
51,2,1993,14.19
51,2,1994,14.46
51,2,1995,15.12
51,2,1996,15.41
51,2,1997,15.86
51,2,1998,16.5
51,2,1999,17.05
51,2,2000,18.01
51,2,2001,18.53
51,2,2002,19.09
51,2,2003,19.51
51,2,2004,19.46
51,2,2005,20.14
51,2,2006,20.64
51,2,2007,21.35
51,2,2008,21.65
51,2,2009,22.48
51,2,2010,22.73
51,2,2011,22.84
51,2,2012,23.29
51,2,2013,23.8
51,2,2014,24.64
51,2,2015,24.84
51,2,2016,24.69
51,2,2017,24.92
51,2,2018,24.95
51,2,2019,24.73
51,2,2020,24.04
51,2,2021,22.96
51,2,2022,23.1
51,2,2023,22.73
52,1,1990,45.52
52,1,1991,47.44
52,1,1992,49.34
52,1,1993,50.6
52,1,1994,51.37
52,1,1995,53.97
52,1,1996,53.63
52,1,1997,53.34
52,1,1998,53.03
52,1,1999,51.4
52,1,2000,53.06
52,1,2001,53.71
52,1,2002,54.41
52,1,2003,54.27
52,1,2004,54.87
52,1,2005,54.08
52,1,2006,54.59
52,1,2007,55.11
52,1,2008,56.24
52,1,2009,58.17
52,1,2010,55.61
52,1,2011,57.21
52,1,2012,56.29
52,1,2013,56.24
52,1,2014,57.77
52,1,2015,56.84
52,1,2016,55.77
52,1,2017,55.35
52,1,2018,54.29
52,1,2019,51.36
52,1,2020,50.34
52,1,2021,49.01
52,1,2022,51.65
52,1,2023,49.17
52,2,1990,7.88
52,2,1991,7.93
52,2,1992,7.98
52,2,1993,8.5
52,2,1994,8.55
52,2,1995,8.93
52,2,1996,9.03
52,2,1997,9.19
52,2,1998,9.19
52,2,1999,9.15
52,2,2000,9.46
52,2,2001,9.58
52,2,2002,9.72
52,2,2003,9.93
52,2,2004,9.86
52,2,2005,10.24
52,2,2006,10.71
52,2,2007,10.74
52,2,2008,10.81
52,2,2009,11.1
52,2,2010,11.29
52,2,2011,11.86
52,2,2012,12.16
52,2,2013,12.5
52,2,2014,12.81
52,2,2015,13.03
52,2,2016,13.19
52,2,2017,13.5
52,2,2018,13.67
52,2,2019,13.71
52,2,2020,13.58
52,2,2021,13.9
52,2,2022,13.83
52,2,2023,13.4
53,1,1990,72.75
53,1,1991,73.18
53,1,1992,73.59
53,1,1993,72.81
53,1,1994,72.03
53,1,1995,72.57
53,1,1996,72.99
53,1,1997,73.49
53,1,1998,74.7
53,1,1999,75.3
53,1,2000,76.88
53,1,2001,77.93
53,1,2002,78.6
53,1,2003,78.61
53,1,2004,79.2
53,1,2005,79.77
53,1,2006,80.3
53,1,2007,80.43
53,1,2008,81.18
53,1,2009,81.11
53,1,2010,80.45
53,1,2011,79.99
53,1,2012,78.85
53,1,2013,78.01
53,1,2014,77.11
53,1,2015,75.52
53,1,2016,73.94
53,1,2017,72.25
53,1,2018,70.56
53,1,2019,68.29
53,1,2020,65.54
53,1,2021,63.79
53,1,2022,63.03
53,1,2023,63.16
53,2,1990,15.93
53,2,1991,16.32
53,2,1992,16.29
53,2,1993,16.26
53,2,1994,16.31
53,2,1995,16.45
53,2,1996,16.72
53,2,1997,16.94
53,2,1998,17.32
53,2,1999,17.7
53,2,2000,18.29
53,2,2001,18.75
53,2,2002,19.11
53,2,2003,19.48
53,2,2004,20.19
53,2,2005,20.88
53,2,2006,21.65
53,2,2007,22.6
53,2,2008,23.69
53,2,2009,24.16
53,2,2010,24.69
53,2,2011,25.36
53,2,2012,25.89
53,2,2013,26.47
53,2,2014,26.94
53,2,2015,27.39
53,2,2016,27.45
53,2,2017,27.43
53,2,2018,27.24
53,2,2019,27.09
53,2,2020,26.59
53,2,2021,26.39
53,2,2022,26.05
53,2,2023,26.15
54,1,1990,84.23
54,1,1991,82.08
54,1,1992,78.79
54,1,1993,75.63
54,1,1994,72.3
54,1,1995,76.73
54,1,1996,74.71
54,1,1997,72.86
54,1,1998,71.45
54,1,1999,69.76
54,1,2000,73.2
54,1,2001,70.64
54,1,2002,67.75
54,1,2003,66.05
54,1,2004,65.19
54,1,2005,63.9
54,1,2006,63.46
54,1,2007,62.65
54,1,2008,61.41
54,1,2009,60.71
54,1,2010,56.7
54,1,2011,55.98
54,1,2012,55.14
54,1,2013,54.93
54,1,2014,54.27
54,1,2015,48.56
54,1,2016,48.42
54,1,2017,47.97
54,1,2018,46.87
54,1,2019,45.49
54,1,2020,44.76
54,1,2021,44.97
54,1,2022,44.51
54,1,2023,42.65
54,2,1990,9.91
54,2,1991,9.92
54,2,1992,9.86
54,2,1993,9.82
54,2,1994,9.81
54,2,1995,10
54,2,1996,9.94
54,2,1997,9.97
54,2,1998,10.05
54,2,1999,10.11
54,2,2000,10.44
54,2,2001,10.52
54,2,2002,10.6
54,2,2003,10.82
54,2,2004,11.05
54,2,2005,11.33
54,2,2006,11.67
54,2,2007,12
54,2,2008,12.36
54,2,2009,12.64
54,2,2010,12.85
54,2,2011,12.98
54,2,2012,13.16
54,2,2013,13.36
54,2,2014,13.57
54,2,2015,13.54
54,2,2016,13.73
54,2,2017,13.87
54,2,2018,13.75
54,2,2019,13.6
54,2,2020,13.65
54,2,2021,13.72
54,2,2022,13.35
54,2,2023,13.02
55,1,1990,78.45
55,1,1991,75.99
55,1,1992,77.95
55,1,1993,77.68
55,1,1994,77.54
55,1,1995,80.72
55,1,1996,77.6
55,1,1997,74.69
55,1,1998,74.63
55,1,1999,72.99
55,1,2000,73.76
55,1,2001,72.21
55,1,2002,70.81
55,1,2003,71.7
55,1,2004,73.18
55,1,2005,71.88
55,1,2006,70.09
55,1,2007,68.42
55,1,2008,66.49
55,1,2009,62.48
55,1,2010,61.63
55,1,2011,61.22
55,1,2012,57.81
55,1,2013,56.16
55,1,2014,57.5
55,1,2015,56.3
55,1,2016,54.64
55,1,2017,51.86
55,1,2018,50.08
55,1,2019,47.44
55,1,2020,45.27
55,1,2021,45.13
55,1,2022,45.11
55,1,2023,43.02
55,2,1990,11.68
55,2,1991,11.5
55,2,1992,11.95
55,2,1993,12.23
55,2,1994,12.11
55,2,1995,12.93
55,2,1996,12.99
55,2,1997,13.93
55,2,1998,13.82
55,2,1999,14.77
55,2,2000,15.04
55,2,2001,15.73
55,2,2002,16.44
55,2,2003,17.05
55,2,2004,17.17
55,2,2005,17.87
55,2,2006,17.95
55,2,2007,18.36
55,2,2008,18.63
55,2,2009,18.95
55,2,2010,19.42
55,2,2011,20.08
55,2,2012,20.57
55,2,2013,21.31
55,2,2014,22.65
55,2,2015,21.87
55,2,2016,22.82
55,2,2017,23.58
55,2,2018,22.94
55,2,2019,22.09
55,2,2020,22.37
55,2,2021,21.84
55,2,2022,22.14
55,2,2023,21.69
57,1,1990,55.8
57,1,1991,57.63
57,1,1992,61.45
57,1,1993,64.98
57,1,1994,66.21
57,1,1995,70.14
57,1,1996,70.34
57,1,1997,71.49
57,1,1998,72.41
57,1,1999,72.24
57,1,2000,73.32
57,1,2001,73.1
57,1,2002,69.24
57,1,2003,68.49
57,1,2004,73.19
57,1,2005,81.04
57,1,2006,70.36
57,1,2007,62.36
57,1,2008,60.54
57,1,2009,60
57,1,2010,60.25
57,1,2011,57.69
57,1,2012,55.19
57,1,2013,53.41
57,1,2014,53.06
57,1,2015,46.8
57,1,2016,49.01
57,1,2017,53.59
57,1,2018,55.87
57,1,2019,55.29
57,1,2020,53.98
57,1,2021,54.9
57,1,2022,56.74
57,1,2023,56.27
57,2,1990,6.5
57,2,1991,6.88
57,2,1992,7.05
57,2,1993,7.19
57,2,1994,6.91
57,2,1995,7
57,2,1996,6.99
57,2,1997,7.14
57,2,1998,7.07
57,2,1999,6.82
57,2,2000,6.83
57,2,2001,6.62
57,2,2002,5.74
57,2,2003,5.52
57,2,2004,6.26
57,2,2005,7.41
57,2,2006,6.2
57,2,2007,5.35
57,2,2008,5.34
57,2,2009,5.42
57,2,2010,5.51
57,2,2011,5.4
57,2,2012,5.31
57,2,2013,5.14
57,2,2014,5.1
57,2,2015,4.87
57,2,2016,5.1
57,2,2017,5.46
57,2,2018,5.59
57,2,2019,5.69
57,2,2020,5.54
57,2,2021,5.67
57,2,2022,6.12
57,2,2023,6.3
58,1,1990,82.95
58,1,1991,90.71
58,1,1992,90.6
58,1,1993,86.84
58,1,1994,80.42
58,1,1995,82.08
58,1,1996,80.31
58,1,1997,79.65
58,1,1998,76.47
58,1,1999,74.69
58,1,2000,75.34
58,1,2001,73.33
58,1,2002,73.73
58,1,2003,74.09
58,1,2004,70.21
58,1,2005,70.49
58,1,2006,73.11
58,1,2007,72.77
58,1,2008,71.36
58,1,2009,67.13
58,1,2010,67.3
58,1,2011,65.81
58,1,2012,65.32
58,1,2013,63.89
58,1,2014,65.6
58,1,2015,62.52
58,1,2016,60.26
58,1,2017,58.59
58,1,2018,58.98
58,1,2019,56.34
58,1,2020,54.25
58,1,2021,53.45
58,1,2022,49.05
58,1,2023,48.82
58,2,1990,12.96
58,2,1991,13.27
58,2,1992,13.07
58,2,1993,12.33
58,2,1994,10.95
58,2,1995,10.77
58,2,1996,10.87
58,2,1997,11.18
58,2,1998,10.42
58,2,1999,10.27
58,2,2000,10.2
58,2,2001,10.28
58,2,2002,10.15
58,2,2003,10.25
58,2,2004,10.72
58,2,2005,10.48
58,2,2006,10.41
58,2,2007,10.24
58,2,2008,10.46
58,2,2009,10.48
58,2,2010,10.5
58,2,2011,11.13
58,2,2012,11.59
58,2,2013,11.97
58,2,2014,11.95
58,2,2015,11.61
58,2,2016,11.96
58,2,2017,11.51
58,2,2018,11.22
58,2,2019,11.13
58,2,2020,10.14
58,2,2021,11.08
58,2,2022,11.49
58,2,2023,11.27
59,1,1990,82.08
59,1,1991,87.25
59,1,1992,90.19
59,1,1993,91.56
59,1,1994,92.79
59,1,1995,88.16
59,1,1996,78.82
59,1,1997,73.12
59,1,1998,71.04
59,1,1999,72.5
59,1,2000,72.06
59,1,2001,72.22
59,1,2002,70.44
59,1,2003,70.17
59,1,2004,70.38
59,1,2005,69.63
59,1,2006,71.34
59,1,2007,69.12
59,1,2008,68.86
59,1,2009,68.4
59,1,2010,65.75
59,1,2011,64
59,1,2012,62.12
59,1,2013,61.35
59,1,2014,59.78
59,1,2015,55.56
59,1,2016,56.56
59,1,2017,56.61
59,1,2018,54.87
59,1,2019,54.7
59,1,2020,53.67
59,1,2021,54.41
59,1,2022,55.67
59,1,2023,53.92
59,2,1990,11.82
59,2,1991,11.89
59,2,1992,11.85
59,2,1993,11.77
59,2,1994,11.42
59,2,1995,10.95
59,2,1996,9.57
59,2,1997,9.01
59,2,1998,8.67
59,2,1999,8.61
59,2,2000,8.54
59,2,2001,8.56
59,2,2002,8.61
59,2,2003,8.61
59,2,2004,8.56
59,2,2005,9.07
59,2,2006,9.25
59,2,2007,9.2
59,2,2008,8.51
59,2,2009,8.66
59,2,2010,8.78
59,2,2011,9.07
59,2,2012,9.19
59,2,2013,8.96
59,2,2014,8.87
59,2,2015,8.99
59,2,2016,8.75
59,2,2017,9.17
59,2,2018,9.38
59,2,2019,9.08
59,2,2020,9.54
59,2,2021,10.28
59,2,2022,10.24
59,2,2023,9.73
60,1,1990,76.03
60,1,1991,79.11
60,1,1992,80.17
60,1,1993,76.66
60,1,1994,76.36
60,1,1995,76.37
60,1,1996,74.88
60,1,1997,73.1
60,1,1998,73.09
60,1,1999,71.35
60,1,2000,70.56
60,1,2001,69.94
60,1,2002,70.33
60,1,2003,70.01
60,1,2004,68.73
60,1,2005,67.77
60,1,2006,69.79
60,1,2007,68.92
60,1,2008,67.95
60,1,2009,67.46
60,1,2010,65.93
60,1,2011,66.12
60,1,2012,64.3
60,1,2013,62.59
60,1,2014,63.22
60,1,2015,60.62
60,1,2016,57.54
60,1,2017,55.66
60,1,2018,54.73
60,1,2019,55.05
60,1,2020,51.86
60,1,2021,48.11
60,1,2022,47.08
60,1,2023,45.75
60,2,1990,10.47
60,2,1991,10.42
60,2,1992,9.73
60,2,1993,8.81
60,2,1994,8.04
60,2,1995,8.03
60,2,1996,7.93
60,2,1997,8
60,2,1998,7.47
60,2,1999,7.52
60,2,2000,7.57
60,2,2001,7.78
60,2,2002,7.47
60,2,2003,7.94
60,2,2004,7.96
60,2,2005,7.86
60,2,2006,7.96
60,2,2007,7.74
60,2,2008,7.88
60,2,2009,8.1
60,2,2010,7.63
60,2,2011,7.78
60,2,2012,8.39
60,2,2013,8.59
60,2,2014,8.71
60,2,2015,8.37
60,2,2016,8.53
60,2,2017,8.87
60,2,2018,8.85
60,2,2019,9.1
60,2,2020,8.88
60,2,2021,8.55
60,2,2022,8.83
60,2,2023,8.59
61,1,1990,57.96
61,1,1991,51.87
61,1,1992,51.19
61,1,1993,50.97
61,1,1994,49.88
61,1,1995,48.76
61,1,1996,47.64
61,1,1997,44.4
61,1,1998,40.55
61,1,1999,36.76
61,1,2000,36.23
61,1,2001,37.12
61,1,2002,36.62
61,1,2003,37.66
61,1,2004,37.66
61,1,2005,37.78
61,1,2006,38.95
61,1,2007,39.04
61,1,2008,39.57
61,1,2009,39.28
61,1,2010,39.27
61,1,2011,40.19
61,1,2012,39.6
61,1,2013,39.6
61,1,2014,39.31
61,1,2015,39.17
61,1,2016,39.3
61,1,2017,37.43
61,1,2018,38.22
61,1,2019,35.7
61,1,2020,33.01
61,1,2021,32.36
61,1,2022,34.78
61,1,2023,33.8
61,2,1990,9.58
61,2,1991,8.64
61,2,1992,7.95
61,2,1993,8.17
61,2,1994,7.74
61,2,1995,7.46
61,2,1996,7.4
61,2,1997,7.42
61,2,1998,6.89
61,2,1999,6.56
61,2,2000,6.29
61,2,2001,6.52
61,2,2002,6.41
61,2,2003,6.61
61,2,2004,6.55
61,2,2005,6.17
61,2,2006,6.31
61,2,2007,6.67
61,2,2008,6.72
61,2,2009,6.66
61,2,2010,6.64
61,2,2011,6.73
61,2,2012,6.74
61,2,2013,6.86
61,2,2014,6.83
61,2,2015,6.5
61,2,2016,6.4
61,2,2017,6.53
61,2,2018,6.5
61,2,2019,6.19
61,2,2020,5.52
61,2,2021,5.19
61,2,2022,5.55
61,2,2023,5.92
62,1,1990,87.06
62,1,1991,85.12
62,1,1992,84.17
62,1,1993,87.24
62,1,1994,85.99
62,1,1995,83.39
62,1,1996,78.37
62,1,1997,75.82
62,1,1998,72.83
62,1,1999,71.87
62,1,2000,73.77
62,1,2001,70.07
62,1,2002,68.68
62,1,2003,66.8
62,1,2004,64.52
62,1,2005,65.54
62,1,2006,62.46
62,1,2007,61.21
62,1,2008,61.32
62,1,2009,60.46
62,1,2010,62.38
62,1,2011,59.94
62,1,2012,58.41
62,1,2013,57.42
62,1,2014,56.62
62,1,2015,57.68
62,1,2016,56.53
62,1,2017,53.84
62,1,2018,53.33
62,1,2019,51.07
62,1,2020,49.4
62,1,2021,46.84
62,1,2022,43.33
62,1,2023,45.13
62,2,1990,9.3
62,2,1991,9.11
62,2,1992,9.1
62,2,1993,9.24
62,2,1994,9.08
62,2,1995,8.71
62,2,1996,8.3
62,2,1997,8.16
62,2,1998,7.86
62,2,1999,7.66
62,2,2000,7.74
62,2,2001,7.57
62,2,2002,7.52
62,2,2003,7.38
62,2,2004,7.34
62,2,2005,7.4
62,2,2006,7.28
62,2,2007,7.35
62,2,2008,7.55
62,2,2009,7.6
62,2,2010,7.88
62,2,2011,7.8
62,2,2012,7.86
62,2,2013,7.99
62,2,2014,8.09
62,2,2015,8.4
62,2,2016,8.36
62,2,2017,8.42
62,2,2018,8.52
62,2,2019,8.35
62,2,2020,8.32
62,2,2021,8.1
62,2,2022,7.46
62,2,2023,7.59
63,1,1990,63.88
63,1,1991,65.94
63,1,1992,67.4
63,1,1993,67.86
63,1,1994,67.28
63,1,1995,68.89
63,1,1996,65.78
63,1,1997,63.01
63,1,1998,61.04
63,1,1999,62.08
63,1,2000,64.27
63,1,2001,63.52
63,1,2002,64.61
63,1,2003,64.62
63,1,2004,63.6
63,1,2005,57.54
63,1,2006,54.87
63,1,2007,53.41
63,1,2008,52.54
63,1,2009,51.82
63,1,2010,50.95
63,1,2011,51.65
63,1,2012,52.79
63,1,2013,52.66
63,1,2014,48.55
63,1,2015,43.8
63,1,2016,43.39
63,1,2017,44.23
63,1,2018,44.15
63,1,2019,43.56
63,1,2020,45.22
63,1,2021,43.59
63,1,2022,41.86
63,1,2023,39.99
63,2,1990,9.44
63,2,1991,9.57
63,2,1992,9.44
63,2,1993,9.43
63,2,1994,9.26
63,2,1995,9.24
63,2,1996,8.81
63,2,1997,8.51
63,2,1998,8.32
63,2,1999,8.37
63,2,2000,8.37
63,2,2001,8.19
63,2,2002,8.16
63,2,2003,8.25
63,2,2004,8.09
63,2,2005,6.84
63,2,2006,6.49
63,2,2007,6.24
63,2,2008,6.29
63,2,2009,6.39
63,2,2010,6.37
63,2,2011,6.44
63,2,2012,6.71
63,2,2013,6.68
63,2,2014,6.33
63,2,2015,5.83
63,2,2016,5.94
63,2,2017,6.06
63,2,2018,5.92
63,2,2019,6.03
63,2,2020,6.31
63,2,2021,5.97
63,2,2022,5.8
63,2,2023,5.91
66,1,1990,43.99
66,1,1991,42.95
66,1,1992,42.01
66,1,1993,40.84
66,1,1994,39.76
66,1,1995,41.71
66,1,1996,40.59
66,1,1997,39.41
66,1,1998,38.25
66,1,1999,37
66,1,2000,38.25
66,1,2001,37.8
66,1,2002,37.77
66,1,2003,37.79
66,1,2004,37.7
66,1,2005,37.69
66,1,2006,37.98
66,1,2007,37.27
66,1,2008,37
66,1,2009,36.68
66,1,2010,34.63
66,1,2011,34.61
66,1,2012,34.61
66,1,2013,33.86
66,1,2014,33.23
66,1,2015,31.55
66,1,2016,30.83
66,1,2017,30.3
66,1,2018,30.15
66,1,2019,30.38
66,1,2020,30.67
66,1,2021,30.47
66,1,2022,29.27
66,1,2023,29.37
66,2,1990,25.15
66,2,1991,25.14
66,2,1992,25.33
66,2,1993,25.49
66,2,1994,25.54
66,2,1995,26.13
66,2,1996,26.13
66,2,1997,26.12
66,2,1998,25.95
66,2,1999,25.59
66,2,2000,25.63
66,2,2001,25.54
66,2,2002,25.36
66,2,2003,25.08
66,2,2004,24.99
66,2,2005,24.94
66,2,2006,24.94
66,2,2007,24.87
66,2,2008,25.01
66,2,2009,24.81
66,2,2010,24.48
66,2,2011,24.47
66,2,2012,24.5
66,2,2013,24.44
66,2,2014,23.91
66,2,2015,23.2
66,2,2016,22.68
66,2,2017,22.35
66,2,2018,22.3
66,2,2019,22.86
66,2,2020,23.16
66,2,2021,23.35
66,2,2022,23.1
66,2,2023,23.04
67,1,1990,54.21
67,1,1991,53.7
67,1,1992,54.14
67,1,1993,54.25
67,1,1994,53.17
67,1,1995,56.27
67,1,1996,55.27
67,1,1997,55.09
67,1,1998,54.91
67,1,1999,55.22
67,1,2000,55.59
67,1,2001,54.86
67,1,2002,54.78
67,1,2003,55.02
67,1,2004,55.9
67,1,2005,57
67,1,2006,56.85
67,1,2007,57.61
67,1,2008,58.26
67,1,2009,57.6
67,1,2010,57.19
67,1,2011,57.76
67,1,2012,57.38
67,1,2013,57.11
67,1,2014,56.91
67,1,2015,54.79
67,1,2016,53.67
67,1,2017,53.15
67,1,2018,51.95
67,1,2019,51.6
67,1,2020,50.51
67,1,2021,50.19
67,1,2022,50.97
67,1,2023,52.1
67,2,1990,15.26
67,2,1991,15.32
67,2,1992,15.64
67,2,1993,15.66
67,2,1994,15.56
67,2,1995,16.34
67,2,1996,16.43
67,2,1997,16.52
67,2,1998,16.69
67,2,1999,16.97
67,2,2000,16.88
67,2,2001,16.71
67,2,2002,16.32
67,2,2003,16.04
67,2,2004,16.34
67,2,2005,16.76
67,2,2006,16.71
67,2,2007,16.75
67,2,2008,16.87
67,2,2009,16.5
67,2,2010,16.67
67,2,2011,16.71
67,2,2012,16.74
67,2,2013,16.77
67,2,2014,16.7
67,2,2015,16.33
67,2,2016,16.06
67,2,2017,15.77
67,2,2018,15.86
67,2,2019,15.78
67,2,2020,15.57
67,2,2021,15.71
67,2,2022,16.12
67,2,2023,16.79
68,1,1990,48.55
68,1,1991,50.35
68,1,1992,50.61
68,1,1993,52.2
68,1,1994,55.66
68,1,1995,60.16
68,1,1996,61.24
68,1,1997,64.95
68,1,1998,66.66
68,1,1999,67.37
68,1,2000,68.51
68,1,2001,67
68,1,2002,66.14
68,1,2003,65.07
68,1,2004,65.83
68,1,2005,65.93
68,1,2006,66.21
68,1,2007,65.97
68,1,2008,65.62
68,1,2009,64.14
68,1,2010,62.81
68,1,2011,62.63
68,1,2012,63.13
68,1,2013,62.01
68,1,2014,61.06
68,1,2015,59.6
68,1,2016,58.94
68,1,2017,57.72
68,1,2018,57.95
68,1,2019,55.8
68,1,2020,56.25
68,1,2021,54.7
68,1,2022,56.97
68,1,2023,53.91
68,2,1990,12.11
68,2,1991,12.81
68,2,1992,13.1
68,2,1993,13.58
68,2,1994,14.66
68,2,1995,15.66
68,2,1996,16.47
68,2,1997,17.76
68,2,1998,18.36
68,2,1999,19
68,2,2000,19.26
68,2,2001,18.87
68,2,2002,19.15
68,2,2003,18.96
68,2,2004,19
68,2,2005,19.29
68,2,2006,19.43
68,2,2007,19.41
68,2,2008,19.05
68,2,2009,18.66
68,2,2010,18.57
68,2,2011,18.23
68,2,2012,18.39
68,2,2013,18.08
68,2,2014,17.65
68,2,2015,17.59
68,2,2016,17.31
68,2,2017,16.89
68,2,2018,16.8
68,2,2019,16.13
68,2,2020,16.07
68,2,2021,15.62
68,2,2022,16.68
68,2,2023,16.65
69,1,1990,65.49
69,1,1991,63.35
69,1,1992,60.9
69,1,1993,58.42
69,1,1994,58.61
69,1,1995,59.13
69,1,1996,59.88
69,1,1997,59.68
69,1,1998,59.17
69,1,1999,58.01
69,1,2000,56.47
69,1,2001,54.52
69,1,2002,52.56
69,1,2003,51
69,1,2004,52.48
69,1,2005,51.62
69,1,2006,51.66
69,1,2007,50.31
69,1,2008,50.38
69,1,2009,48.44
69,1,2010,44.19
69,1,2011,43.48
69,1,2012,43.69
69,1,2013,42.66
69,1,2014,41.37
69,1,2015,39.13
69,1,2016,37.5
69,1,2017,36.13
69,1,2018,34.1
69,1,2019,32.68
69,1,2020,30.93
69,1,2021,30.05
69,1,2022,29.65
69,1,2023,23.26
69,2,1990,22.18
69,2,1991,21.79
69,2,1992,21.66
69,2,1993,22.29
69,2,1994,22.09
69,2,1995,21.85
69,2,1996,22.35
69,2,1997,22.99
69,2,1998,22.38
69,2,1999,21
69,2,2000,20.8
69,2,2001,21.77
69,2,2002,20.59
69,2,2003,19.5
69,2,2004,20
69,2,2005,20.38
69,2,2006,21.49
69,2,2007,21.4
69,2,2008,21.07
69,2,2009,20.86
69,2,2010,19.37
69,2,2011,19.52
69,2,2012,19.85
69,2,2013,19.3
69,2,2014,18.82
69,2,2015,18.25
69,2,2016,17.37
69,2,2017,16.89
69,2,2018,16.27
69,2,2019,16.08
69,2,2020,15.1
69,2,2021,15.58
69,2,2022,16.07
69,2,2023,16.19
71,1,1990,67.65
71,1,1991,65.7
71,1,1992,65.39
71,1,1993,63.8
71,1,1994,64.41
71,1,1995,64.67
71,1,1996,63.79
71,1,1997,62.2
71,1,1998,62.19
71,1,1999,60.65
71,1,2000,58.65
71,1,2001,57.78
71,1,2002,57.2
71,1,2003,55.98
71,1,2004,56.98
71,1,2005,55.14
71,1,2006,54.6
71,1,2007,54.85
71,1,2008,55.72
71,1,2009,54.28
71,1,2010,50.3
71,1,2011,50.42
71,1,2012,48.69
71,1,2013,47.76
71,1,2014,47.5
71,1,2015,43.36
71,1,2016,42.88
71,1,2017,41.12
71,1,2018,40.45
71,1,2019,40.44
71,1,2020,36.77
71,1,2021,37.06
71,1,2022,37.52
71,1,2023,34.82
71,2,1990,22.08
71,2,1991,22.42
71,2,1992,22.54
71,2,1993,22.96
71,2,1994,23.5
71,2,1995,24.45
71,2,1996,24.88
71,2,1997,24.86
71,2,1998,24.9
71,2,1999,25.19
71,2,2000,26.03
71,2,2001,26.67
71,2,2002,27.25
71,2,2003,26.94
71,2,2004,27.1
71,2,2005,27.66
71,2,2006,28.06
71,2,2007,29.1
71,2,2008,29.49
71,2,2009,29.68
71,2,2010,28.93
71,2,2011,29.06
71,2,2012,28.77
71,2,2013,28.17
71,2,2014,28.58
71,2,2015,27.69
71,2,2016,26.83
71,2,2017,26.08
71,2,2018,26.3
71,2,2019,25.99
71,2,2020,24.81
71,2,2021,25.09
71,2,2022,25.28
71,2,2023,24.66
72,1,1990,58.23
72,1,1991,56.48
72,1,1992,57.46
72,1,1993,55.93
72,1,1994,54.67
72,1,1995,53.97
72,1,1996,52.53
72,1,1997,50.24
72,1,1998,48.5
72,1,1999,46.76
72,1,2000,46.15
72,1,2001,45.06
72,1,2002,44.61
72,1,2003,43.71
72,1,2004,44.81
72,1,2005,40.58
72,1,2006,38.8
72,1,2007,38.99
72,1,2008,39.14
72,1,2009,38.97
72,1,2010,36.82
72,1,2011,36.73
72,1,2012,35.95
72,1,2013,35.02
72,1,2014,35.29
72,1,2015,35.04
72,1,2016,34.5
72,1,2017,32.81
72,1,2018,32.94
72,1,2019,32.25
72,1,2020,30.82
72,1,2021,31.75
72,1,2022,32.36
72,1,2023,33.16
72,2,1990,26.2
72,2,1991,26.22
72,2,1992,26.54
72,2,1993,26.43
72,2,1994,27.54
72,2,1995,28.4
72,2,1996,27.73
72,2,1997,28.44
72,2,1998,28
72,2,1999,28.05
72,2,2000,27.96
72,2,2001,28.73
72,2,2002,28.57
72,2,2003,29.46
72,2,2004,29.24
72,2,2005,27.72
72,2,2006,28.77
72,2,2007,29.05
72,2,2008,30.22
72,2,2009,30.09
72,2,2010,29.89
72,2,2011,29.98
72,2,2012,29.39
72,2,2013,29.72
72,2,2014,30.38
72,2,2015,31
72,2,2016,31.23
72,2,2017,32.05
72,2,2018,31.52
72,2,2019,31.03
72,2,2020,30.13
72,2,2021,31.27
72,2,2022,32.76
72,2,2023,34.34
74,1,1990,69.1
74,1,1991,68.78
74,1,1992,68.26
74,1,1993,68.69
74,1,1994,68.74
74,1,1995,71
74,1,1996,71.49
74,1,1997,71.74
74,1,1998,71.89
74,1,1999,71.64
74,1,2000,71.37
74,1,2001,69.96
74,1,2002,69.82
74,1,2003,68.97
74,1,2004,68.25
74,1,2005,64.55
74,1,2006,63.97
74,1,2007,63.41
74,1,2008,62.73
74,1,2009,61.98
74,1,2010,58.16
74,1,2011,57.61
74,1,2012,57.18
74,1,2013,56.56
74,1,2014,56.31
74,1,2015,54.05
74,1,2016,53.79
74,1,2017,53.43
74,1,2018,53.59
74,1,2019,53.82
74,1,2020,55.09
74,1,2021,55.81
74,1,2022,56.66
74,1,2023,55.97
74,2,1990,13.55
74,2,1991,13.59
74,2,1992,13.68
74,2,1993,13.85
74,2,1994,13.99
74,2,1995,14.4
74,2,1996,14.82
74,2,1997,15.13
74,2,1998,15.41
74,2,1999,15.57
74,2,2000,15.75
74,2,2001,15.91
74,2,2002,16.19
74,2,2003,16.26
74,2,2004,16.43
74,2,2005,16.4
74,2,2006,16.57
74,2,2007,16.75
74,2,2008,16.87
74,2,2009,16.93
74,2,2010,16.89
74,2,2011,17.03
74,2,2012,17.32
74,2,2013,17.7
74,2,2014,17.81
74,2,2015,17.87
74,2,2016,18.05
74,2,2017,18.27
74,2,2018,18.67
74,2,2019,19.16
74,2,2020,19.19
74,2,2021,19.96
74,2,2022,20.73
74,2,2023,20.91
75,1,1990,58.33
75,1,1991,57.66
75,1,1992,56.43
75,1,1993,56.19
75,1,1994,53.57
75,1,1995,54.95
75,1,1996,54.11
75,1,1997,53.06
75,1,1998,52.86
75,1,1999,51.2
75,1,2000,50.32
75,1,2001,49.46
75,1,2002,50.24
75,1,2003,50
75,1,2004,50.31
75,1,2005,48.78
75,1,2006,48.85
75,1,2007,47.59
75,1,2008,48.49
75,1,2009,49.16
75,1,2010,46.97
75,1,2011,46.36
75,1,2012,45.46
75,1,2013,45.53
75,1,2014,44.58
75,1,2015,42.82
75,1,2016,41.44
75,1,2017,40.59
75,1,2018,40.51
75,1,2019,38.35
75,1,2020,38.03
75,1,2021,37.05
75,1,2022,37.64
75,1,2023,36.37
75,2,1990,12.12
75,2,1991,12.77
75,2,1992,12.84
75,2,1993,13.16
75,2,1994,13.48
75,2,1995,13.71
75,2,1996,14.19
75,2,1997,14.72
75,2,1998,14.99
75,2,1999,15.44
75,2,2000,15.97
75,2,2001,15.89
75,2,2002,16.72
75,2,2003,17.03
75,2,2004,17.85
75,2,2005,17.61
75,2,2006,18.31
75,2,2007,19.47
75,2,2008,20.21
75,2,2009,20.58
75,2,2010,20.9
75,2,2011,21.42
75,2,2012,22.17
75,2,2013,22.11
75,2,2014,23.17
75,2,2015,23.31
75,2,2016,23.13
75,2,2017,22.76
75,2,2018,23.1
75,2,2019,23.29
75,2,2020,23.13
75,2,2021,23.52
75,2,2022,24.09
75,2,2023,23.41
76,1,1990,107.45
76,1,1991,104.1
76,1,1992,102.59
76,1,1993,100.55
76,1,1994,96.66
76,1,1995,97.67
76,1,1996,93.52
76,1,1997,91.7
76,1,1998,89.05
76,1,1999,87.26
76,1,2000,83.91
76,1,2001,83.36
76,1,2002,82.84
76,1,2003,81.19
76,1,2004,79.91
76,1,2005,77.18
76,1,2006,76.59
76,1,2007,75.59
76,1,2008,75.96
76,1,2009,76.23
76,1,2010,71.06
76,1,2011,70.33
76,1,2012,69.38
76,1,2013,68.46
76,1,2014,66.34
76,1,2015,61.86
76,1,2016,60.26
76,1,2017,56.96
76,1,2018,54.52
76,1,2019,51.36
76,1,2020,49.64
76,1,2021,49.89
76,1,2022,50.17
76,1,2023,47.87
76,2,1990,13.73
76,2,1991,13.91
76,2,1992,14.05
76,2,1993,14.11
76,2,1994,14.23
76,2,1995,14.42
76,2,1996,14.46
76,2,1997,14.97
76,2,1998,15.3
76,2,1999,15.77
76,2,2000,16.13
76,2,2001,16.49
76,2,2002,17.2
76,2,2003,18.05
76,2,2004,18.67
76,2,2005,19.27
76,2,2006,20.15
76,2,2007,20.73
76,2,2008,21.67
76,2,2009,22.33
76,2,2010,22.93
76,2,2011,23.74
76,2,2012,24.08
76,2,2013,24.85
76,2,2014,25.09
76,2,2015,24.74
76,2,2016,24.53
76,2,2017,23.89
76,2,2018,23.84
76,2,2019,23.71
76,2,2020,23.79
76,2,2021,23.67
76,2,2022,25.08
76,2,2023,24.13
77,1,1990,51.26
77,1,1991,50.97
77,1,1992,50.54
77,1,1993,50.14
77,1,1994,49.5
77,1,1995,51.78
77,1,1996,51.96
77,1,1997,51.86
77,1,1998,51.87
77,1,1999,51.48
77,1,2000,48.69
77,1,2001,48.16
77,1,2002,48.08
77,1,2003,49.1
77,1,2004,50.31
77,1,2005,46.46
77,1,2006,47.8
77,1,2007,49.51
77,1,2008,51.09
77,1,2009,52.74
77,1,2010,47.7
77,1,2011,48.8
77,1,2012,49.8
77,1,2013,50.55
77,1,2014,51.13
77,1,2015,46
77,1,2016,45.93
77,1,2017,46.31
77,1,2018,46.36
77,1,2019,47.01
77,1,2020,47.5
77,1,2021,47.12
77,1,2022,45.52
77,1,2023,44.18
77,2,1990,10.02
77,2,1991,10.05
77,2,1992,10.22
77,2,1993,10.5
77,2,1994,10.68
77,2,1995,10.87
77,2,1996,10.8
77,2,1997,10.97
77,2,1998,11.04
77,2,1999,10.78
77,2,2000,10.29
77,2,2001,10.16
77,2,2002,10.14
77,2,2003,10.49
77,2,2004,10.88
77,2,2005,11.08
77,2,2006,11.38
77,2,2007,11.86
77,2,2008,12.12
77,2,2009,12.23
77,2,2010,12.14
77,2,2011,12.43
77,2,2012,12.66
77,2,2013,12.81
77,2,2014,13.02
77,2,2015,12.8
77,2,2016,12.84
77,2,2017,12.89
77,2,2018,12.81
77,2,2019,13
77,2,2020,13.5
77,2,2021,14.02
77,2,2022,13.47
77,2,2023,12.86
78,1,1990,98.12
78,1,1991,94.3
78,1,1992,93.28
78,1,1993,92.4
78,1,1994,78.12
78,1,1995,76.4
78,1,1996,73.91
78,1,1997,70.63
78,1,1998,67.25
78,1,1999,65.69
78,1,2000,66.39
78,1,2001,65.61
78,1,2002,64.67
78,1,2003,65.28
78,1,2004,66.19
78,1,2005,64.03
78,1,2006,65.36
78,1,2007,64.17
78,1,2008,63.71
78,1,2009,62.86
78,1,2010,59.61
78,1,2011,58.3
78,1,2012,57.97
78,1,2013,57.47
78,1,2014,57.15
78,1,2015,52.61
78,1,2016,50.45
78,1,2017,49.82
78,1,2018,47.14
78,1,2019,45.73
78,1,2020,43.94
78,1,2021,45.05
78,1,2022,44.86
78,1,2023,44.72
78,2,1990,44.89
78,2,1991,46.33
78,2,1992,45.95
78,2,1993,46.47
78,2,1994,41.84
78,2,1995,41.23
78,2,1996,40.94
78,2,1997,41.09
78,2,1998,40.55
78,2,1999,41.03
78,2,2000,41.55
78,2,2001,42.29
78,2,2002,42.82
78,2,2003,43.77
78,2,2004,45.4
78,2,2005,46.08
78,2,2006,47.09
78,2,2007,46.96
78,2,2008,48.11
78,2,2009,49.16
78,2,2010,48.33
78,2,2011,47.78
78,2,2012,47.48
78,2,2013,46.83
78,2,2014,46.21
78,2,2015,45.24
78,2,2016,43.88
78,2,2017,42.88
78,2,2018,41.28
78,2,2019,41.5
78,2,2020,39.72
78,2,2021,40.46
78,2,2022,41.27
78,2,2023,39.21
79,1,1990,67.6
79,1,1991,64.75
79,1,1992,66.11
79,1,1993,63.6
79,1,1994,60.45
79,1,1995,61
79,1,1996,58.61
79,1,1997,56.74
79,1,1998,55.62
79,1,1999,53.16
79,1,2000,51.39
79,1,2001,50.55
79,1,2002,49.57
79,1,2003,48.55
79,1,2004,47.99
79,1,2005,47.22
79,1,2006,47.72
79,1,2007,46.95
79,1,2008,45.27
79,1,2009,45.27
79,1,2010,44.48
79,1,2011,42.78
79,1,2012,41.68
79,1,2013,41.35
79,1,2014,40.12
79,1,2015,39.38
79,1,2016,39.04
79,1,2017,38.25
79,1,2018,36.94
79,1,2019,36.3
79,1,2020,34.9
79,1,2021,35.61
79,1,2022,34.6
79,1,2023,36.12
79,2,1990,11.19
79,2,1991,11.32
79,2,1992,11.77
79,2,1993,11.62
79,2,1994,11.74
79,2,1995,11.9
79,2,1996,12.13
79,2,1997,12.41
79,2,1998,13.11
79,2,1999,12.9
79,2,2000,13.32
79,2,2001,13.86
79,2,2002,14.2
79,2,2003,14.54
79,2,2004,14.55
79,2,2005,14.84
79,2,2006,15.45
79,2,2007,16.03
79,2,2008,16.58
79,2,2009,16.74
79,2,2010,17.18
79,2,2011,17.56
79,2,2012,18.26
79,2,2013,18.44
79,2,2014,18.9
79,2,2015,18.76
79,2,2016,18.62
79,2,2017,18.29
79,2,2018,18.33
79,2,2019,18.49
79,2,2020,18.99
79,2,2021,19.25
79,2,2022,19.63
79,2,2023,20.54
80,1,1990,69.84
80,1,1991,69.82
80,1,1992,69.93
80,1,1993,69.91
80,1,1994,68.35
80,1,1995,70.69
80,1,1996,70.49
80,1,1997,69.54
80,1,1998,70.38
80,1,1999,70.84
80,1,2000,73.15
80,1,2001,73.88
80,1,2002,74.62
80,1,2003,75.45
80,1,2004,75.01
80,1,2005,75.07
80,1,2006,75.51
80,1,2007,75.93
80,1,2008,75.96
80,1,2009,76.83
80,1,2010,74.19
80,1,2011,74.15
80,1,2012,74.27
80,1,2013,74.2
80,1,2014,72.67
80,1,2015,72.37
80,1,2016,70.69
80,1,2017,68.53
80,1,2018,66.9
80,1,2019,64.1
80,1,2020,62.26
80,1,2021,59.37
80,1,2022,63.33
80,1,2023,64.1
80,2,1990,8.52
80,2,1991,8.75
80,2,1992,8.94
80,2,1993,9.29
80,2,1994,9.52
80,2,1995,10.19
80,2,1996,10.52
80,2,1997,10.71
80,2,1998,11.51
80,2,1999,12.07
80,2,2000,12.7
80,2,2001,13.37
80,2,2002,14.35
80,2,2003,15.45
80,2,2004,15.81
80,2,2005,16.72
80,2,2006,17.66
80,2,2007,18.24
80,2,2008,19.25
80,2,2009,20.15
80,2,2010,20.43
80,2,2011,21.12
80,2,2012,22.4
80,2,2013,22.77
80,2,2014,23.77
80,2,2015,24.32
80,2,2016,24.65
80,2,2017,24.94
80,2,2018,24.84
80,2,2019,25.15
80,2,2020,24.55
80,2,2021,23.27
80,2,2022,25.24
80,2,2023,25.56
81,1,1990,68.24
81,1,1991,67.53
81,1,1992,66.82
81,1,1993,67.47
81,1,1994,65.97
81,1,1995,66.83
81,1,1996,65.75
81,1,1997,64.87
81,1,1998,64.42
81,1,1999,62.87
81,1,2000,63.24
81,1,2001,60.82
81,1,2002,59.95
81,1,2003,59.5
81,1,2004,57.97
81,1,2005,58.16
81,1,2006,57.57
81,1,2007,57.42
81,1,2008,57.31
81,1,2009,57.21
81,1,2010,54.66
81,1,2011,53.9
81,1,2012,53.14
81,1,2013,53.78
81,1,2014,52.68
81,1,2015,51.2
81,1,2016,50.36
81,1,2017,49.28
81,1,2018,48.75
81,1,2019,47.05
81,1,2020,46.75
81,1,2021,46.46
81,1,2022,46.29
81,1,2023,46.91
81,2,1990,12.75
81,2,1991,13.23
81,2,1992,13.48
81,2,1993,14.11
81,2,1994,14.5
81,2,1995,14.72
81,2,1996,15.21
81,2,1997,15.79
81,2,1998,16.52
81,2,1999,16.9
81,2,2000,17.73
81,2,2001,17.99
81,2,2002,18.54
81,2,2003,19.11
81,2,2004,19.55
81,2,2005,20.64
81,2,2006,21.22
81,2,2007,21.96
81,2,2008,22.91
81,2,2009,23.44
81,2,2010,23.58
81,2,2011,24.25
81,2,2012,24.84
81,2,2013,25.68
81,2,2014,25.94
81,2,2015,26.29
81,2,2016,26.64
81,2,2017,26.53
81,2,2018,26.78
81,2,2019,26.7
81,2,2020,26.89
81,2,2021,27.39
81,2,2022,28
81,2,2023,27.85
82,1,1990,79.68
82,1,1991,79.99
82,1,1992,79.57
82,1,1993,79.61
82,1,1994,78.2
82,1,1995,79.01
82,1,1996,77.96
82,1,1997,76.97
82,1,1998,77.55
82,1,1999,78.74
82,1,2000,78.17
82,1,2001,76.05
82,1,2002,75.66
82,1,2003,76.66
82,1,2004,77.95
82,1,2005,76.2
82,1,2006,75.77
82,1,2007,74.47
82,1,2008,75.55
82,1,2009,72.92
82,1,2010,69.47
82,1,2011,70.94
82,1,2012,70.31
82,1,2013,70.4
82,1,2014,71.26
82,1,2015,70.03
82,1,2016,67.77
82,1,2017,67.37
82,1,2018,64.95
82,1,2019,63.33
82,1,2020,61.58
82,1,2021,61.03
82,1,2022,59.98
82,1,2023,60.68
82,2,1990,13.3
82,2,1991,13.43
82,2,1992,13.33
82,2,1993,13.24
82,2,1994,13.19
82,2,1995,13.34
82,2,1996,13.28
82,2,1997,13.31
82,2,1998,13.73
82,2,1999,13.62
82,2,2000,14.12
82,2,2001,13.97
82,2,2002,14.14
82,2,2003,14.45
82,2,2004,14.4
82,2,2005,14.16
82,2,2006,14.22
82,2,2007,14.31
82,2,2008,15.08
82,2,2009,14.99
82,2,2010,15.13
82,2,2011,15.51
82,2,2012,16.05
82,2,2013,16.34
82,2,2014,16.58
82,2,2015,16.89
82,2,2016,17.1
82,2,2017,17.08
82,2,2018,17.14
82,2,2019,17.46
82,2,2020,18.01
82,2,2021,18.6
82,2,2022,17.93
82,2,2023,17.95
83,1,1990,46.05
83,1,1991,46.48
83,1,1992,44.88
83,1,1993,43.77
83,1,1994,42.69
83,1,1995,44.45
83,1,1996,47.85
83,1,1997,48.6
83,1,1998,47.45
83,1,1999,45.96
83,1,2000,44.81
83,1,2001,44.16
83,1,2002,43.1
83,1,2003,43.25
83,1,2004,43.82
83,1,2005,46.29
83,1,2006,45.56
83,1,2007,46.24
83,1,2008,44.02
83,1,2009,43.36
83,1,2010,43.76
83,1,2011,43.31
83,1,2012,43.17
83,1,2013,40.76
83,1,2014,40.2
83,1,2015,37.73
83,1,2016,38.66
83,1,2017,37.02
83,1,2018,35.2
83,1,2019,32.14
83,1,2020,31.04
83,1,2021,30.31
83,1,2022,31.69
83,1,2023,32.58
83,2,1990,28.39
83,2,1991,30.29
83,2,1992,31.56
83,2,1993,31.06
83,2,1994,32.15
83,2,1995,30.7
83,2,1996,33.68
83,2,1997,33.75
83,2,1998,34.72
83,2,1999,35.15
83,2,2000,35.67
83,2,2001,35.82
83,2,2002,36.28
83,2,2003,37.4
83,2,2004,38.75
83,2,2005,38.89
83,2,2006,40.4
83,2,2007,41.08
83,2,2008,41.91
83,2,2009,42.4
83,2,2010,42.85
83,2,2011,42.85
83,2,2012,43.43
83,2,2013,42.8
83,2,2014,43.43
83,2,2015,43.21
83,2,2016,42.88
83,2,2017,40.85
83,2,2018,40.54
83,2,2019,39.96
83,2,2020,38.48
83,2,2021,37.95
83,2,2022,41.28
83,2,2023,41.07
84,1,1990,61.23
84,1,1991,58.87
84,1,1992,59.42
84,1,1993,59.56
84,1,1994,58.06
84,1,1995,57.87
84,1,1996,54.74
84,1,1997,52.16
84,1,1998,53.69
84,1,1999,53.6
84,1,2000,50.89
84,1,2001,50.32
84,1,2002,49.99
84,1,2003,50.77
84,1,2004,51.29
84,1,2005,45.76
84,1,2006,47.76
84,1,2007,48.26
84,1,2008,47.7
84,1,2009,48.3
84,1,2010,43.83
84,1,2011,44.99
84,1,2012,44.71
84,1,2013,44.38
84,1,2014,43.14
84,1,2015,40
84,1,2016,39.18
84,1,2017,38.38
84,1,2018,37.47
84,1,2019,37.8
84,1,2020,36.78
84,1,2021,34.87
84,1,2022,37.94
84,1,2023,38.12
84,2,1990,24.92
84,2,1991,23.81
84,2,1992,24.28
84,2,1993,24.41
84,2,1994,24.66
84,2,1995,24.84
84,2,1996,24.29
84,2,1997,24.15
84,2,1998,25.53
84,2,1999,25.68
84,2,2000,25.74
84,2,2001,25.4
84,2,2002,25.72
84,2,2003,26.51
84,2,2004,28.24
84,2,2005,27.6
84,2,2006,28.91
84,2,2007,28.98
84,2,2008,29.36
84,2,2009,29.28
84,2,2010,28.48
84,2,2011,29.23
84,2,2012,29.33
84,2,2013,29.86
84,2,2014,31.06
84,2,2015,29.87
84,2,2016,30.4
84,2,2017,30.13
84,2,2018,28.54
84,2,2019,28.7
84,2,2020,29.08
84,2,2021,27.73
84,2,2022,30.86
84,2,2023,31.99
85,1,1990,38.29
85,1,1991,38.5
85,1,1992,38.99
85,1,1993,40.39
85,1,1994,40.24
85,1,1995,39.85
85,1,1996,39.74
85,1,1997,39.68
85,1,1998,40.93
85,1,1999,40.72
85,1,2000,39.27
85,1,2001,39.9
85,1,2002,40.04
85,1,2003,39.81
85,1,2004,40.57
85,1,2005,38.34
85,1,2006,40.04
85,1,2007,39.66
85,1,2008,38.8
85,1,2009,38.04
85,1,2010,38.36
85,1,2011,37.36
85,1,2012,36.2
85,1,2013,36.68
85,1,2014,36.42
85,1,2015,35.99
85,1,2016,34.39
85,1,2017,33.76
85,1,2018,33.33
85,1,2019,32.23
85,1,2020,31.64
85,1,2021,31.21
85,1,2022,31.74
85,1,2023,32.63
85,2,1990,12.28
85,2,1991,12.12
85,2,1992,12.64
85,2,1993,13.28
85,2,1994,13.25
85,2,1995,13.5
85,2,1996,12.71
85,2,1997,12.81
85,2,1998,12.93
85,2,1999,13.03
85,2,2000,13.55
85,2,2001,13.57
85,2,2002,13.55
85,2,2003,13.73
85,2,2004,13.75
85,2,2005,13.77
85,2,2006,14.47
85,2,2007,14.62
85,2,2008,14.67
85,2,2009,14.68
85,2,2010,14.86
85,2,2011,15.27
85,2,2012,14.88
85,2,2013,14.77
85,2,2014,15.14
85,2,2015,14.76
85,2,2016,14.4
85,2,2017,14.1
85,2,2018,14.4
85,2,2019,14.43
85,2,2020,14.18
85,2,2021,14.36
85,2,2022,14.43
85,2,2023,14.17
86,1,1990,74
86,1,1991,73.59
86,1,1992,72.52
86,1,1993,71.99
86,1,1994,71.12
86,1,1995,71.43
86,1,1996,70
86,1,1997,69.31
86,1,1998,69.53
86,1,1999,68.48
86,1,2000,66.61
86,1,2001,66.06
86,1,2002,65.17
86,1,2003,65.68
86,1,2004,63.07
86,1,2005,62.14
86,1,2006,61.29
86,1,2007,60.5
86,1,2008,59.37
86,1,2009,58.49
86,1,2010,55.46
86,1,2011,55.25
86,1,2012,53.55
86,1,2013,51.67
86,1,2014,50.18
86,1,2015,49.37
86,1,2016,46.26
86,1,2017,45.98
86,1,2018,44.16
86,1,2019,42.3
86,1,2020,41.79
86,1,2021,39.85
86,1,2022,40.05
86,1,2023,38.76
86,2,1990,11.27
86,2,1991,11.42
86,2,1992,11.72
86,2,1993,11.79
86,2,1994,11.93
86,2,1995,12.27
86,2,1996,12.42
86,2,1997,12.5
86,2,1998,12.84
86,2,1999,13.05
86,2,2000,13.61
86,2,2001,14.04
86,2,2002,14.43
86,2,2003,14.73
86,2,2004,14.59
86,2,2005,14.99
86,2,2006,15.43
86,2,2007,16.08
86,2,2008,16.51
86,2,2009,16.89
86,2,2010,16.74
86,2,2011,17.2
86,2,2012,17.57
86,2,2013,17.55
86,2,2014,17.78
86,2,2015,18.16
86,2,2016,17.72
86,2,2017,18.14
86,2,2018,17.87
86,2,2019,17.74
86,2,2020,17.81
86,2,2021,17.76
86,2,2022,17.98
86,2,2023,17.56
87,1,1990,85.28
87,1,1991,82.89
87,1,1992,83.55
87,1,1993,82.59
87,1,1994,79.61
87,1,1995,82.53
87,1,1996,80.52
87,1,1997,79.2
87,1,1998,76.86
87,1,1999,73.54
87,1,2000,71.57
87,1,2001,67.57
87,1,2002,67.2
87,1,2003,67.15
87,1,2004,67.31
87,1,2005,65.01
87,1,2006,65.53
87,1,2007,65.18
87,1,2008,61.58
87,1,2009,63.35
87,1,2010,60.25
87,1,2011,58.84
87,1,2012,56.92
87,1,2013,55.98
87,1,2014,56.92
87,1,2015,53.67
87,1,2016,52.01
87,1,2017,47.54
87,1,2018,45.19
87,1,2019,42.43
87,1,2020,39.76
87,1,2021,39.28
87,1,2022,36.35
87,1,2023,37.96
87,2,1990,14.31
87,2,1991,14.53
87,2,1992,14.75
87,2,1993,15.02
87,2,1994,15.5
87,2,1995,15.54
87,2,1996,15.9
87,2,1997,17.15
87,2,1998,17.21
87,2,1999,17.64
87,2,2000,17.21
87,2,2001,16.73
87,2,2002,16.92
87,2,2003,18.7
87,2,2004,18.66
87,2,2005,19.36
87,2,2006,19.97
87,2,2007,21.65
87,2,2008,20.69
87,2,2009,21.56
87,2,2010,21.11
87,2,2011,21.6
87,2,2012,22.41
87,2,2013,21.83
87,2,2014,22.63
87,2,2015,21.58
87,2,2016,21.35
87,2,2017,21.75
87,2,2018,21.42
87,2,2019,21.07
87,2,2020,20.93
87,2,2021,19.64
87,2,2022,19.69
87,2,2023,20.65
88,1,1990,53.42
88,1,1991,52.69
88,1,1992,53.71
88,1,1993,52.36
88,1,1994,51.83
88,1,1995,53.42
88,1,1996,54.25
88,1,1997,50.5
88,1,1998,48.13
88,1,1999,49.45
88,1,2000,48.53
88,1,2001,49.98
88,1,2002,49.45
88,1,2003,48
88,1,2004,46.93
88,1,2005,46.14
88,1,2006,46.45
88,1,2007,44.63
88,1,2008,45.71
88,1,2009,44.22
88,1,2010,43.63
88,1,2011,42.35
88,1,2012,41.8
88,1,2013,39.64
88,1,2014,40.29
88,1,2015,39.83
88,1,2016,37.73
88,1,2017,36.49
88,1,2018,36.11
88,1,2019,33.68
88,1,2020,32.51
88,1,2021,30.84
88,1,2022,30.4
88,1,2023,30.14
88,2,1990,6.65
88,2,1991,6.73
88,2,1992,7.17
88,2,1993,7.22
88,2,1994,7.12
88,2,1995,6.94
88,2,1996,7.24
88,2,1997,7.29
88,2,1998,7.77
88,2,1999,7.96
88,2,2000,8.33
88,2,2001,8.17
88,2,2002,8.01
88,2,2003,8.26
88,2,2004,8.4
88,2,2005,8.65
88,2,2006,8.72
88,2,2007,8.92
88,2,2008,8.98
88,2,2009,9.2
88,2,2010,9.62
88,2,2011,9.55
88,2,2012,9.78
88,2,2013,9.74
88,2,2014,9.68
88,2,2015,10.18
88,2,2016,10.54
88,2,2017,10.62
88,2,2018,10.49
88,2,2019,10.06
88,2,2020,9.69
88,2,2021,10.22
88,2,2022,10.24
88,2,2023,9.98
89,1,1990,98.06
89,1,1991,96.32
89,1,1992,94.93
89,1,1993,94.24
89,1,1994,90.92
89,1,1995,89.58
89,1,1996,88.22
89,1,1997,85.45
89,1,1998,83.59
89,1,1999,81.98
89,1,2000,79.25
89,1,2001,77.95
89,1,2002,76.81
89,1,2003,74.23
89,1,2004,73.65
89,1,2005,71.48
89,1,2006,69.75
89,1,2007,68.87
89,1,2008,67.87
89,1,2009,67.95
89,1,2010,65.2
89,1,2011,64.03
89,1,2012,61.78
89,1,2013,60.38
89,1,2014,58.09
89,1,2015,56.61
89,1,2016,55.43
89,1,2017,53.25
89,1,2018,50.74
89,1,2019,48.06
89,1,2020,45.89
89,1,2021,44.88
89,1,2022,44.47
89,1,2023,43.58
89,2,1990,16.01
89,2,1991,16.69
89,2,1992,17.74
89,2,1993,18.88
89,2,1994,19.65
89,2,1995,20.46
89,2,1996,21.11
89,2,1997,21.97
89,2,1998,22.82
89,2,1999,24.3
89,2,2000,26.01
89,2,2001,27.04
89,2,2002,28.41
89,2,2003,29.56
89,2,2004,30.46
89,2,2005,31.25
89,2,2006,32.16
89,2,2007,33.66
89,2,2008,34.49
89,2,2009,34.84
89,2,2010,35.2
89,2,2011,36.59
89,2,2012,37.25
89,2,2013,37.79
89,2,2014,37.81
89,2,2015,37.75
89,2,2016,37.54
89,2,2017,36.47
89,2,2018,36.04
89,2,2019,34.77
89,2,2020,33.88
89,2,2021,34.84
89,2,2022,34.8
89,2,2023,33.46
90,1,1990,43.01
90,1,1991,44.23
90,1,1992,44.6
90,1,1993,45.61
90,1,1994,46.19
90,1,1995,46.64
90,1,1996,47.42
90,1,1997,47.59
90,1,1998,48
90,1,1999,48.97
90,1,2000,48.26
90,1,2001,48.87
90,1,2002,50.68
90,1,2003,49.98
90,1,2004,49.66
90,1,2005,48.77
90,1,2006,49.4
90,1,2007,49.62
90,1,2008,49.59
90,1,2009,49.39
90,1,2010,48.36
90,1,2011,48.55
90,1,2012,47.2
90,1,2013,45.82
90,1,2014,44.31
90,1,2015,42.4
90,1,2016,40.87
90,1,2017,39.73
90,1,2018,38.49
90,1,2019,36.36
90,1,2020,35.42
90,1,2021,33.83
90,1,2022,33.68
90,1,2023,34.03
90,2,1990,15.3
90,2,1991,15.83
90,2,1992,16.09
90,2,1993,17.04
90,2,1994,18.72
90,2,1995,19.93
90,2,1996,21.6
90,2,1997,22.95
90,2,1998,22.49
90,2,1999,22.67
90,2,2000,24.59
90,2,2001,25.83
90,2,2002,26.1
90,2,2003,26.97
90,2,2004,28
90,2,2005,28.5
90,2,2006,29.5
90,2,2007,31.29
90,2,2008,32.13
90,2,2009,31.42
90,2,2010,32.07
90,2,2011,32.25
90,2,2012,32.65
90,2,2013,32.64
90,2,2014,32.17
90,2,2015,31.96
90,2,2016,32.06
90,2,2017,30.78
90,2,2018,31.04
90,2,2019,30.56
90,2,2020,28.93
90,2,2021,27.3
90,2,2022,26.74
90,2,2023,27.59
91,1,1990,38.18
91,1,1991,38.4
91,1,1992,38.75
91,1,1993,41.21
91,1,1994,40.28
91,1,1995,41.66
91,1,1996,42.87
91,1,1997,42.81
91,1,1998,43.84
91,1,1999,43.69
91,1,2000,43
91,1,2001,43.25
91,1,2002,43.87
91,1,2003,45.42
91,1,2004,45.8
91,1,2005,47.89
91,1,2006,49.77
91,1,2007,48.22
91,1,2008,46.25
91,1,2009,46.88
91,1,2010,46.51
91,1,2011,46.72
91,1,2012,46.63
91,1,2013,47.5
91,1,2014,45.31
91,1,2015,43.17
91,1,2016,43.69
91,1,2017,43.71
91,1,2018,43.4
91,1,2019,42.91
91,1,2020,42.98
91,1,2021,41.05
91,1,2022,42.47
91,1,2023,41.29
91,2,1990,6.91
91,2,1991,7.09
91,2,1992,6.93
91,2,1993,7.19
91,2,1994,7.02
91,2,1995,7.13
91,2,1996,6.98
91,2,1997,7.11
91,2,1998,7.45
91,2,1999,7.71
91,2,2000,7.91
91,2,2001,7.75
91,2,2002,8.24
91,2,2003,8.48
91,2,2004,8.58
91,2,2005,9.32
91,2,2006,9.73
91,2,2007,9.65
91,2,2008,9.75
91,2,2009,10.02
91,2,2010,9.88
91,2,2011,10.17
91,2,2012,10.49
91,2,2013,10.72
91,2,2014,10.83
91,2,2015,11.24
91,2,2016,11.39
91,2,2017,11.34
91,2,2018,11.7
91,2,2019,12.22
91,2,2020,12.09
91,2,2021,11.38
91,2,2022,12.44
91,2,2023,12.06
92,1,1990,67.79
92,1,1991,68
92,1,1992,67.96
92,1,1993,68.54
92,1,1994,67.88
92,1,1995,71.4
92,1,1996,69.99
92,1,1997,68.74
92,1,1998,69.66
92,1,1999,70.93
92,1,2000,69.16
92,1,2001,69.42
92,1,2002,69.21
92,1,2003,70.24
92,1,2004,70.36
92,1,2005,68.28
92,1,2006,68.25
92,1,2007,69.34
92,1,2008,68.65
92,1,2009,68.84
92,1,2010,64.47
92,1,2011,65.89
92,1,2012,66.03
92,1,2013,64.06
92,1,2014,62.86
92,1,2015,61.59
92,1,2016,59.79
92,1,2017,58.42
92,1,2018,58.16
92,1,2019,55.86
92,1,2020,54.57
92,1,2021,52.47
92,1,2022,54.71
92,1,2023,52.46
92,2,1990,6.24
92,2,1991,6.37
92,2,1992,6.26
92,2,1993,6.34
92,2,1994,6.36
92,2,1995,6.66
92,2,1996,6.75
92,2,1997,6.9
92,2,1998,7.15
92,2,1999,7.44
92,2,2000,7.83
92,2,2001,8.1
92,2,2002,8.58
92,2,2003,9.12
92,2,2004,9.67
92,2,2005,9.83
92,2,2006,10.32
92,2,2007,10.95
92,2,2008,11.61
92,2,2009,12.09
92,2,2010,12.45
92,2,2011,13
92,2,2012,13.82
92,2,2013,14.18
92,2,2014,14.44
92,2,2015,14.94
92,2,2016,15.22
92,2,2017,15.63
92,2,2018,16.05
92,2,2019,16.22
92,2,2020,16.61
92,2,2021,16.5
92,2,2022,17.67
92,2,2023,17.2
93,1,1990,31.38
93,1,1991,31.38
93,1,1992,30.96
93,1,1993,30.27
93,1,1994,30.11
93,1,1995,30.26
93,1,1996,29.95
93,1,1997,30.07
93,1,1998,30.01
93,1,1999,30.02
93,1,2000,29.32
93,1,2001,29.05
93,1,2002,28.95
93,1,2003,29.14
93,1,2004,29.32
93,1,2005,29.35
93,1,2006,28.91
93,1,2007,27.91
93,1,2008,28
93,1,2009,27.53
93,1,2010,27.46
93,1,2011,27.27
93,1,2012,26.25
93,1,2013,24.97
93,1,2014,24.43
93,1,2015,23.59
93,1,2016,23.14
93,1,2017,22.45
93,1,2018,21.34
93,1,2019,20.11
93,1,2020,19.53
93,1,2021,18.25
93,1,2022,17.58
93,1,2023,17.78
93,2,1990,14.06
93,2,1991,14.82
93,2,1992,15.23
93,2,1993,15.21
93,2,1994,15.55
93,2,1995,16.76
93,2,1996,17.54
93,2,1997,17.72
93,2,1998,17.89
93,2,1999,18.56
93,2,2000,19.3
93,2,2001,20.27
93,2,2002,20.48
93,2,2003,20.66
93,2,2004,21.99
93,2,2005,22.57
93,2,2006,22.92
93,2,2007,23.3
93,2,2008,23.31
93,2,2009,23.23
93,2,2010,23.29
93,2,2011,23.17
93,2,2012,23.17
93,2,2013,23.48
93,2,2014,23.51
93,2,2015,22.85
93,2,2016,22.7
93,2,2017,22.65
93,2,2018,21.88
93,2,2019,21.07
93,2,2020,20.31
93,2,2021,19.93
93,2,2022,19.84
93,2,2023,20.03
94,1,1990,58.03
94,1,1991,56.88
94,1,1992,55.8
94,1,1993,55.1
94,1,1994,54.16
94,1,1995,56.59
94,1,1996,56.07
94,1,1997,55.06
94,1,1998,54.76
94,1,1999,53.4
94,1,2000,53.07
94,1,2001,52.46
94,1,2002,50.44
94,1,2003,50.03
94,1,2004,49.24
94,1,2005,47.92
94,1,2006,46.69
94,1,2007,46.48
94,1,2008,46.16
94,1,2009,44.93
94,1,2010,43.11
94,1,2011,42.75
94,1,2012,41.1
94,1,2013,40.65
94,1,2014,40.39
94,1,2015,39.29
94,1,2016,37.72
94,1,2017,36.71
94,1,2018,36.14
94,1,2019,33.97
94,1,2020,33.05
94,1,2021,33.18
94,1,2022,34.7
94,1,2023,31.89
94,2,1990,19.08
94,2,1991,19.37
94,2,1992,20.22
94,2,1993,20.88
94,2,1994,20.02
94,2,1995,15.89
94,2,1996,14.69
94,2,1997,14.61
94,2,1998,15.37
94,2,1999,16.24
94,2,2000,16.95
94,2,2001,17.26
94,2,2002,17.75
94,2,2003,18.33
94,2,2004,18.75
94,2,2005,18.89
94,2,2006,19.8
94,2,2007,20.35
94,2,2008,20.37
94,2,2009,21.03
94,2,2010,21.12
94,2,2011,21.79
94,2,2012,22.04
94,2,2013,22.19
94,2,2014,22.05
94,2,2015,21.53
94,2,2016,22.15
94,2,2017,22.24
94,2,2018,22.04
94,2,2019,22.01
94,2,2020,21.08
94,2,2021,20.73
94,2,2022,21.91
94,2,2023,19.81
95,1,1990,82.78
95,1,1991,80.71
95,1,1992,78.36
95,1,1993,77.53
95,1,1994,73.89
95,1,1995,72.68
95,1,1996,70.07
95,1,1997,67.35
95,1,1998,66.53
95,1,1999,64.73
95,1,2000,61.89
95,1,2001,60.62
95,1,2002,59.51
95,1,2003,58.19
95,1,2004,56.95
95,1,2005,55.02
95,1,2006,55.1
95,1,2007,55.16
95,1,2008,55.34
95,1,2009,54.6
95,1,2010,51.77
95,1,2011,51.54
95,1,2012,50.39
95,1,2013,50.15
95,1,2014,48.98
95,1,2015,47.02
95,1,2016,46.09
95,1,2017,44.8
95,1,2018,43.72
95,1,2019,42.11
95,1,2020,41.21
95,1,2021,39.14
95,1,2022,38.99
95,1,2023,41.23
95,2,1990,30.17
95,2,1991,30.53
95,2,1992,30.79
95,2,1993,31.74
95,2,1994,31.57
95,2,1995,32.07
95,2,1996,31.98
95,2,1997,31.6
95,2,1998,32.02
95,2,1999,32.24
95,2,2000,31.7
95,2,2001,31.64
95,2,2002,32.04
95,2,2003,32.52
95,2,2004,32.54
95,2,2005,33.04
95,2,2006,34.05
95,2,2007,34.9
95,2,2008,35.92
95,2,2009,35.59
95,2,2010,35.28
95,2,2011,35.26
95,2,2012,36.04
95,2,2013,35.86
95,2,2014,35.54
95,2,2015,35.43
95,2,2016,34.92
95,2,2017,34.37
95,2,2018,33.91
95,2,2019,32.99
95,2,2020,32.85
95,2,2021,31.96
95,2,2022,32.32
95,2,2023,34.37
97,1,1990,55.99
97,1,1991,56.01
97,1,1992,55.71
97,1,1993,55.63
97,1,1994,54.88
97,1,1995,55.08
97,1,1996,55.16
97,1,1997,55.04
97,1,1998,55.4
97,1,1999,55.9
97,1,2000,52.39
97,1,2001,51.13
97,1,2002,51.25
97,1,2003,51.1
97,1,2004,49.79
97,1,2005,48.81
97,1,2006,48.16
97,1,2007,48.99
97,1,2008,46.92
97,1,2009,45.6
97,1,2010,44.51
97,1,2011,43.59
97,1,2012,42.12
97,1,2013,41.14
97,1,2014,39.02
97,1,2015,38.23
97,1,2016,37.68
97,1,2017,35.59
97,1,2018,34.54
97,1,2019,32.98
97,1,2020,30.73
97,1,2021,30.93
97,1,2022,33.49
97,1,2023,29.31
97,2,1990,9.93
97,2,1991,10.15
97,2,1992,10.4
97,2,1993,10.56
97,2,1994,10.55
97,2,1995,10.73
97,2,1996,10.83
97,2,1997,11.04
97,2,1998,11.62
97,2,1999,11.9
97,2,2000,11.64
97,2,2001,11.96
97,2,2002,12.27
97,2,2003,12.62
97,2,2004,12.96
97,2,2005,13.03
97,2,2006,13.23
97,2,2007,13.77
97,2,2008,13.75
97,2,2009,13.88
97,2,2010,14.27
97,2,2011,14.55
97,2,2012,14.5
97,2,2013,14.83
97,2,2014,14.69
97,2,2015,14.45
97,2,2016,14.63
97,2,2017,14.22
97,2,2018,13.88
97,2,2019,13.84
97,2,2020,13.02
97,2,2021,13.87
97,2,2022,14.55
97,2,2023,13.73
98,1,1990,29.43
98,1,1991,29.68
98,1,1992,28.97
98,1,1993,28.17
98,1,1994,27.73
98,1,1995,27.87
98,1,1996,27.98
98,1,1997,26.52
98,1,1998,26.15
98,1,1999,25.74
98,1,2000,25.02
98,1,2001,25.4
98,1,2002,24.8
98,1,2003,24.17
98,1,2004,24.86
98,1,2005,24.69
98,1,2006,24.68
98,1,2007,24.14
98,1,2008,23.44
98,1,2009,23.71
98,1,2010,24
98,1,2011,24.05
98,1,2012,23.02
98,1,2013,23.35
98,1,2014,22.68
98,1,2015,22.35
98,1,2016,21.96
98,1,2017,21.4
98,1,2018,21.12
98,1,2019,20.63
98,1,2020,19.84
98,1,2021,19.56
98,1,2022,19.78
98,1,2023,18.65
98,2,1990,9.02
98,2,1991,9.06
98,2,1992,9.25
98,2,1993,9.6
98,2,1994,9.38
98,2,1995,9.53
98,2,1996,9.75
98,2,1997,9.77
98,2,1998,9.57
98,2,1999,9.72
98,2,2000,9.77
98,2,2001,10.08
98,2,2002,10.23
98,2,2003,10.14
98,2,2004,10.48
98,2,2005,10.87
98,2,2006,11.1
98,2,2007,11.25
98,2,2008,11.21
98,2,2009,11.33
98,2,2010,11.52
98,2,2011,12.03
98,2,2012,12.37
98,2,2013,12.48
98,2,2014,12.32
98,2,2015,12.21
98,2,2016,12.09
98,2,2017,12.26
98,2,2018,11.97
98,2,2019,12.05
98,2,2020,11.41
98,2,2021,11.46
98,2,2022,11.86
98,2,2023,11.89
99,1,1990,82.69
99,1,1991,80.96
99,1,1992,78.47
99,1,1993,78.89
99,1,1994,79.15
99,1,1995,80.63
99,1,1996,77.59
99,1,1997,74.32
99,1,1998,73.63
99,1,1999,73.35
99,1,2000,71.38
99,1,2001,71.21
99,1,2002,70.87
99,1,2003,70.21
99,1,2004,66.92
99,1,2005,66.9
99,1,2006,67.1
99,1,2007,65.81
99,1,2008,65.15
99,1,2009,65.5
99,1,2010,64.61
99,1,2011,63.65
99,1,2012,61.22
99,1,2013,61.51
99,1,2014,60.6
99,1,2015,59.01
99,1,2016,58.23
99,1,2017,58.69
99,1,2018,58.46
99,1,2019,56.35
99,1,2020,53.28
99,1,2021,55.95
99,1,2022,63.6
99,1,2023,56.69
99,2,1990,8.43
99,2,1991,8.56
99,2,1992,9.06
99,2,1993,9.38
99,2,1994,9.36
99,2,1995,9.51
99,2,1996,9.53
99,2,1997,9.89
99,2,1998,9.98
99,2,1999,9.91
99,2,2000,10.01
99,2,2001,10.27
99,2,2002,10.64
99,2,2003,11.14
99,2,2004,11.27
99,2,2005,11.21
99,2,2006,11.47
99,2,2007,12.52
99,2,2008,13.48
99,2,2009,13.03
99,2,2010,13.68
99,2,2011,14.17
99,2,2012,14.27
99,2,2013,14.79
99,2,2014,15.2
99,2,2015,15.66
99,2,2016,16.21
99,2,2017,16.03
99,2,2018,16.77
99,2,2019,17.38
99,2,2020,17.33
99,2,2021,18.67
99,2,2022,21.22
99,2,2023,20.05
101,1,1990,80.22
101,1,1991,78.48
101,1,1992,76.99
101,1,1993,76.44
101,1,1994,73.72
101,1,1995,75.61
101,1,1996,74.09
101,1,1997,72.84
101,1,1998,72.39
101,1,1999,71.83
101,1,2000,69.27
101,1,2001,68.53
101,1,2002,68.29
101,1,2003,67.28
101,1,2004,66.79
101,1,2005,62.63
101,1,2006,62.41
101,1,2007,62.27
101,1,2008,61.42
101,1,2009,62
101,1,2010,54.89
101,1,2011,55.11
101,1,2012,54.32
101,1,2013,52.35
101,1,2014,52.58
101,1,2015,47.93
101,1,2016,46.79
101,1,2017,46.11
101,1,2018,44.66
101,1,2019,42.8
101,1,2020,41.45
101,1,2021,40.32
101,1,2022,39.65
101,1,2023,41.52
101,2,1990,31.9
101,2,1991,33.17
101,2,1992,33.82
101,2,1993,35.33
101,2,1994,35.84
101,2,1995,37.14
101,2,1996,38.48
101,2,1997,38.95
101,2,1998,40.18
101,2,1999,40.89
101,2,2000,41.57
101,2,2001,41.97
101,2,2002,42.95
101,2,2003,43.21
101,2,2004,44.17
101,2,2005,43.49
101,2,2006,44.27
101,2,2007,44.52
101,2,2008,44.87
101,2,2009,45.09
101,2,2010,42.85
101,2,2011,42.72
101,2,2012,42.29
101,2,2013,41.8
101,2,2014,41.53
101,2,2015,39.82
101,2,2016,39.31
101,2,2017,38.2
101,2,2018,37.1
101,2,2019,35.73
101,2,2020,34.95
101,2,2021,34.46
101,2,2022,34.38
101,2,2023,34.52
102,1,1990,87.4
102,1,1991,86.32
102,1,1992,84.92
102,1,1993,85.17
102,1,1994,82.89
102,1,1995,82.9
102,1,1996,81.56
102,1,1997,80.08
102,1,1998,79.09
102,1,1999,78.47
102,1,2000,76.85
102,1,2001,75.33
102,1,2002,74.2
102,1,2003,72.77
102,1,2004,71.08
102,1,2005,68.67
102,1,2006,67.01
102,1,2007,65
102,1,2008,64.21
102,1,2009,62.53
102,1,2010,58.93
102,1,2011,57.83
102,1,2012,56.08
102,1,2013,54.41
102,1,2014,52.57
102,1,2015,49.47
102,1,2016,46.91
102,1,2017,44.9
102,1,2018,42.55
102,1,2019,40.71
102,1,2020,39.96
102,1,2021,38.27
102,1,2022,37.38
102,1,2023,35.36
102,2,1990,39.27
102,2,1991,40.07
102,2,1992,40.86
102,2,1993,41.9
102,2,1994,42.01
102,2,1995,42.97
102,2,1996,43.37
102,2,1997,43.75
102,2,1998,44.22
102,2,1999,44.81
102,2,2000,45.27
102,2,2001,45.27
102,2,2002,45.5
102,2,2003,45.33
102,2,2004,44.71
102,2,2005,44.15
102,2,2006,43.65
102,2,2007,43.08
102,2,2008,42.97
102,2,2009,42.17
102,2,2010,40.76
102,2,2011,40.18
102,2,2012,39.41
102,2,2013,38.65
102,2,2014,37.63
102,2,2015,36.14
102,2,2016,34.65
102,2,2017,33.49
102,2,2018,31.99
102,2,2019,30.69
102,2,2020,30.26
102,2,2021,29.44
102,2,2022,29.33
102,2,2023,28.88
105,1,1990,18.18
105,1,1991,17.11
105,1,1992,16.79
105,1,1993,15.38
105,1,1994,15.88
105,1,1995,15.74
105,1,1996,15.3
105,1,1997,14.66
105,1,1998,14.57
105,1,1999,14.59
105,1,2000,14.36
105,1,2001,14.09
105,1,2002,14.26
105,1,2003,14.42
105,1,2004,13.83
105,1,2005,13.74
105,1,2006,13.72
105,1,2007,14.05
105,1,2008,13.71
105,1,2009,13.54
105,1,2010,12.82
105,1,2011,12.25
105,1,2012,12.37
105,1,2013,12
105,1,2014,11.4
105,1,2015,11.61
105,1,2016,11.77
105,1,2017,11.11
105,1,2018,10.71
105,1,2019,9.8
105,1,2020,9.66
105,1,2021,8.62
105,1,2022,8.61
105,1,2023,8.36
105,2,1990,4.89
105,2,1991,4.91
105,2,1992,4.87
105,2,1993,4.55
105,2,1994,4.4
105,2,1995,4.66
105,2,1996,4.99
105,2,1997,4.96
105,2,1998,4.78
105,2,1999,4.79
105,2,2000,5
105,2,2001,4.99
105,2,2002,5.11
105,2,2003,5.1
105,2,2004,5.06
105,2,2005,5.14
105,2,2006,5.12
105,2,2007,5.16
105,2,2008,5.14
105,2,2009,5.14
105,2,2010,5.21
105,2,2011,5.18
105,2,2012,5.23
105,2,2013,5.26
105,2,2014,5.19
105,2,2015,5.12
105,2,2016,5.26
105,2,2017,5.33
105,2,2018,5.42
105,2,2019,5.48
105,2,2020,5.23
105,2,2021,4.79
105,2,2022,4.98
105,2,2023,5.23
106,1,1990,28.85
106,1,1991,26.23
106,1,1992,25.65
106,1,1993,25.38
106,1,1994,27.5
106,1,1995,28.48
106,1,1996,27.29
106,1,1997,25.74
106,1,1998,25.27
106,1,1999,25.36
106,1,2000,25.99
106,1,2001,26.01
106,1,2002,28.04
106,1,2003,28.61
106,1,2004,26.83
106,1,2005,26.49
106,1,2006,26.66
106,1,2007,26.47
106,1,2008,26.06
106,1,2009,25.9
106,1,2010,25.46
106,1,2011,24.94
106,1,2012,23.44
106,1,2013,22.76
106,1,2014,22.36
106,1,2015,22.52
106,1,2016,22.34
106,1,2017,22.32
106,1,2018,22.42
106,1,2019,23.43
106,1,2020,24.71
106,1,2021,30.58
106,1,2022,24.51
106,1,2023,22.51
106,2,1990,7
106,2,1991,6.39
106,2,1992,6.28
106,2,1993,6.27
106,2,1994,6.16
106,2,1995,6.39
106,2,1996,6.53
106,2,1997,6.64
106,2,1998,6.75
106,2,1999,7.16
106,2,2000,7.74
106,2,2001,7.58
106,2,2002,7.78
106,2,2003,8.24
106,2,2004,8.11
106,2,2005,8.39
106,2,2006,8.51
106,2,2007,8.65
106,2,2008,8.98
106,2,2009,9.34
106,2,2010,9.45
106,2,2011,9.47
106,2,2012,9.23
106,2,2013,9.24
106,2,2014,9.06
106,2,2015,9.01
106,2,2016,9.1
106,2,2017,9.12
106,2,2018,9.16
106,2,2019,9.8
106,2,2020,9.49
106,2,2021,11.6
106,2,2022,9.79
106,2,2023,9.54
107,1,1990,17.53
107,1,1991,17.32
107,1,1992,17.57
107,1,1993,17.23
107,1,1994,16.67
107,1,1995,16.55
107,1,1996,16.4
107,1,1997,16.22
107,1,1998,15.66
107,1,1999,15.28
107,1,2000,15.07
107,1,2001,14.84
107,1,2002,14.96
107,1,2003,15.46
107,1,2004,15.63
107,1,2005,15.55
107,1,2006,15.46
107,1,2007,15.41
107,1,2008,15.23
107,1,2009,14.72
107,1,2010,13.79
107,1,2011,13.5
107,1,2012,13.49
107,1,2013,13.24
107,1,2014,13.31
107,1,2015,13.62
107,1,2016,13.73
107,1,2017,13.53
107,1,2018,13.51
107,1,2019,13.58
107,1,2020,14.13
107,1,2021,14.55
107,1,2022,15.02
107,1,2023,13.76
107,2,1990,4.6
107,2,1991,4.67
107,2,1992,4.82
107,2,1993,4.4
107,2,1994,4.14
107,2,1995,4.25
107,2,1996,4.27
107,2,1997,4.37
107,2,1998,4.58
107,2,1999,4.67
107,2,2000,4.72
107,2,2001,4.74
107,2,2002,5.07
107,2,2003,5
107,2,2004,4.92
107,2,2005,5.01
107,2,2006,4.97
107,2,2007,5.06
107,2,2008,5.17
107,2,2009,5.38
107,2,2010,5.44
107,2,2011,5.62
107,2,2012,5.52
107,2,2013,5.55
107,2,2014,5.59
107,2,2015,5.65
107,2,2016,5.72
107,2,2017,5.77
107,2,2018,5.82
107,2,2019,5.92
107,2,2020,6.08
107,2,2021,6.35
107,2,2022,6.5
107,2,2023,6.64
108,1,1990,16.9
108,1,1991,16.38
108,1,1992,15.88
108,1,1993,15.7
108,1,1994,16.54
108,1,1995,18.62
108,1,1996,19.3
108,1,1997,19.63
108,1,1998,20.74
108,1,1999,21.67
108,1,2000,22.32
108,1,2001,22.62
108,1,2002,23.52
108,1,2003,22.36
108,1,2004,20.8
108,1,2005,20.23
108,1,2006,20.21
108,1,2007,19.98
108,1,2008,19.45
108,1,2009,18.93
108,1,2010,17.89
108,1,2011,18.72
108,1,2012,17.85
108,1,2013,18.06
108,1,2014,18.01
108,1,2015,18.06
108,1,2016,17.74
108,1,2017,17.51
108,1,2018,17.38
108,1,2019,17.08
108,1,2020,17.57
108,1,2021,17.01
108,1,2022,16.24
108,1,2023,16.91
108,2,1990,4.68
108,2,1991,4.63
108,2,1992,4.52
108,2,1993,4.48
108,2,1994,4.53
108,2,1995,4.76
108,2,1996,5.25
108,2,1997,5.7
108,2,1998,5.82
108,2,1999,5.97
108,2,2000,6.44
108,2,2001,6.52
108,2,2002,6.96
108,2,2003,6.97
108,2,2004,6.95
108,2,2005,7.22
108,2,2006,7.57
108,2,2007,7.55
108,2,2008,7.59
108,2,2009,7.54
108,2,2010,7.44
108,2,2011,7.39
108,2,2012,7.37
108,2,2013,7.21
108,2,2014,7.07
108,2,2015,7.16
108,2,2016,7.27
108,2,2017,7.18
108,2,2018,7.16
108,2,2019,7.21
108,2,2020,7.16
108,2,2021,7.24
108,2,2022,6.91
108,2,2023,7.12
109,1,1990,47.73
109,1,1991,47.71
109,1,1992,47.09
109,1,1993,45.38
109,1,1994,45.42
109,1,1995,46.85
109,1,1996,47.05
109,1,1997,45.51
109,1,1998,45.2
109,1,1999,44.49
109,1,2000,45.19
109,1,2001,44.85
109,1,2002,46.91
109,1,2003,48.14
109,1,2004,48.55
109,1,2005,47.79
109,1,2006,48.56
109,1,2007,49.53
109,1,2008,49.85
109,1,2009,50
109,1,2010,47.34
109,1,2011,47.17
109,1,2012,46.49
109,1,2013,46.55
109,1,2014,47.37
109,1,2015,47.15
109,1,2016,46.41
109,1,2017,46.13
109,1,2018,45.55
109,1,2019,43.32
109,1,2020,42.83
109,1,2021,44.46
109,1,2022,36.19
109,1,2023,37.12
109,2,1990,18.24
109,2,1991,18.37
109,2,1992,18.96
109,2,1993,18.22
109,2,1994,17.33
109,2,1995,18.06
109,2,1996,18.56
109,2,1997,18.74
109,2,1998,18.64
109,2,1999,18.87
109,2,2000,20.07
109,2,2001,20.15
109,2,2002,21.19
109,2,2003,21.76
109,2,2004,22.48
109,2,2005,23.06
109,2,2006,23.87
109,2,2007,24.55
109,2,2008,25.49
109,2,2009,25.99
109,2,2010,25.67
109,2,2011,25.48
109,2,2012,25.38
109,2,2013,25.74
109,2,2014,26.18
109,2,2015,25.56
109,2,2016,25.9
109,2,2017,25.9
109,2,2018,25.83
109,2,2019,25.72
109,2,2020,25.47
109,2,2021,27.48
109,2,2022,22.59
109,2,2023,23.57
110,1,1990,19.16
110,1,1991,19.35
110,1,1992,19.63
110,1,1993,19.87
110,1,1994,20
110,1,1995,20.92
110,1,1996,20.81
110,1,1997,20.33
110,1,1998,20.52
110,1,1999,20.09
110,1,2000,20.94
110,1,2001,20.9
110,1,2002,20.95
110,1,2003,21.02
110,1,2004,20.89
110,1,2005,20.64
110,1,2006,20.43
110,1,2007,20.36
110,1,2008,20.29
110,1,2009,20.28
110,1,2010,20.43
110,1,2011,20.19
110,1,2012,20.08
110,1,2013,19.91
110,1,2014,19.81
110,1,2015,20.22
110,1,2016,20.02
110,1,2017,19.71
110,1,2018,19.57
110,1,2019,19.69
110,1,2020,20.53
110,1,2021,20.63
110,1,2022,20.11
110,1,2023,20.66
110,2,1990,5.84
110,2,1991,5.89
110,2,1992,5.9
110,2,1993,5.96
110,2,1994,6.01
110,2,1995,6.13
110,2,1996,6.18
110,2,1997,6.22
110,2,1998,6.35
110,2,1999,6.43
110,2,2000,6.68
110,2,2001,6.87
110,2,2002,7.1
110,2,2003,7.41
110,2,2004,7.55
110,2,2005,7.61
110,2,2006,7.68
110,2,2007,7.75
110,2,2008,7.94
110,2,2009,8.03
110,2,2010,8.1
110,2,2011,8.13
110,2,2012,8.15
110,2,2013,8.14
110,2,2014,8.14
110,2,2015,8.24
110,2,2016,8.38
110,2,2017,8.35
110,2,2018,8.26
110,2,2019,8.37
110,2,2020,8.6
110,2,2021,8.42
110,2,2022,8.35
110,2,2023,8.71
111,1,1990,18.91
111,1,1991,18.75
111,1,1992,18.57
111,1,1993,18.35
111,1,1994,18.07
111,1,1995,17.74
111,1,1996,17.58
111,1,1997,17.27
111,1,1998,17.04
111,1,1999,16.92
111,1,2000,16.95
111,1,2001,17.01
111,1,2002,16.83
111,1,2003,16.58
111,1,2004,16.22
111,1,2005,15.96
111,1,2006,15.83
111,1,2007,15.9
111,1,2008,16.06
111,1,2009,16.27
111,1,2010,16.51
111,1,2011,16.84
111,1,2012,16.94
111,1,2013,16.82
111,1,2014,16.72
111,1,2015,17.18
111,1,2016,17.58
111,1,2017,18.02
111,1,2018,18.62
111,1,2019,19.38
111,1,2020,21.69
111,1,2021,21.94
111,1,2022,22.54
111,1,2023,22.69
111,2,1990,8.62
111,2,1991,8.46
111,2,1992,8.29
111,2,1993,8.08
111,2,1994,8.03
111,2,1995,8.01
111,2,1996,7.99
111,2,1997,7.91
111,2,1998,7.84
111,2,1999,7.95
111,2,2000,8.19
111,2,2001,8.54
111,2,2002,8.74
111,2,2003,8.77
111,2,2004,8.76
111,2,2005,8.69
111,2,2006,8.7
111,2,2007,8.88
111,2,2008,9.17
111,2,2009,9.45
111,2,2010,9.7
111,2,2011,9.95
111,2,2012,10.06
111,2,2013,10.05
111,2,2014,10.13
111,2,2015,10.53
111,2,2016,10.9
111,2,2017,11.26
111,2,2018,11.56
111,2,2019,11.77
111,2,2020,11.87
111,2,2021,12.45
111,2,2022,12.96
111,2,2023,13.41
112,1,1990,22.18
112,1,1991,19.88
112,1,1992,19.55
112,1,1993,19.2
112,1,1994,19.36
112,1,1995,19.71
112,1,1996,19.37
112,1,1997,19.69
112,1,1998,19.63
112,1,1999,18.56
112,1,2000,18.92
112,1,2001,18.9
112,1,2002,19.42
112,1,2003,19.98
112,1,2004,19.39
112,1,2005,18.89
112,1,2006,19.42
112,1,2007,18.65
112,1,2008,18.11
112,1,2009,17.14
112,1,2010,16.4
112,1,2011,16.21
112,1,2012,16.04
112,1,2013,16.01
112,1,2014,16.03
112,1,2015,15.59
112,1,2016,15.33
112,1,2017,14.46
112,1,2018,14.5
112,1,2019,14.12
112,1,2020,13.9
112,1,2021,12.96
112,1,2022,11.8
112,1,2023,11.47
112,2,1990,6.09
112,2,1991,5.86
112,2,1992,5.49
112,2,1993,5.11
112,2,1994,5.1
112,2,1995,5.3
112,2,1996,5.54
112,2,1997,5.56
112,2,1998,5.59
112,2,1999,5.49
112,2,2000,5.6
112,2,2001,5.61
112,2,2002,5.81
112,2,2003,5.94
112,2,2004,5.85
112,2,2005,5.93
112,2,2006,6.25
112,2,2007,6.29
112,2,2008,6.29
112,2,2009,6.33
112,2,2010,6.34
112,2,2011,6.44
112,2,2012,6.47
112,2,2013,6.24
112,2,2014,6
112,2,2015,5.9
112,2,2016,6.12
112,2,2017,5.87
112,2,2018,5.96
112,2,2019,6.16
112,2,2020,6.07
112,2,2021,5.87
112,2,2022,6.09
112,2,2023,6.32
113,1,1990,10.84
113,1,1991,10.57
113,1,1992,10.12
113,1,1993,9.77
113,1,1994,9.48
113,1,1995,9.32
113,1,1996,9.68
113,1,1997,9.59
113,1,1998,9.59
113,1,1999,10.53
113,1,2000,12.82
113,1,2001,11.24
113,1,2002,10.24
113,1,2003,10.19
113,1,2004,9.88
113,1,2005,9.88
113,1,2006,9.75
113,1,2007,9.75
113,1,2008,9.71
113,1,2009,10.15
113,1,2010,9.66
113,1,2011,9.48
113,1,2012,9.32
113,1,2013,9.59
113,1,2014,9.23
113,1,2015,8.87
113,1,2016,8.6
113,1,2017,8.23
113,1,2018,8.3
113,1,2019,7.62
113,1,2020,8.9
113,1,2021,9.32
113,1,2022,9.63
113,1,2023,10.69
113,2,1990,3.95
113,2,1991,3.94
113,2,1992,3.85
113,2,1993,3.8
113,2,1994,3.83
113,2,1995,3.98
113,2,1996,4.04
113,2,1997,4.06
113,2,1998,3.95
113,2,1999,4.11
113,2,2000,4.97
113,2,2001,4.69
113,2,2002,4.74
113,2,2003,4.6
113,2,2004,4.5
113,2,2005,4.59
113,2,2006,4.9
113,2,2007,4.89
113,2,2008,4.95
113,2,2009,5.05
113,2,2010,5.03
113,2,2011,5.16
113,2,2012,5.09
113,2,2013,5.04
113,2,2014,5.09
113,2,2015,5.06
113,2,2016,4.87
113,2,2017,4.69
113,2,2018,4.84
113,2,2019,5.03
113,2,2020,5.86
113,2,2021,6.41
113,2,2022,6.88
113,2,2023,7.91
114,1,1990,10.56
114,1,1991,10.42
114,1,1992,10.81
114,1,1993,11.15
114,1,1994,10.87
114,1,1995,11.17
114,1,1996,11.23
114,1,1997,11.61
114,1,1998,11.12
114,1,1999,11.27
114,1,2000,11.34
114,1,2001,11.41
114,1,2002,11.34
114,1,2003,11.3
114,1,2004,11.35
114,1,2005,11.09
114,1,2006,10.95
114,1,2007,10.98
114,1,2008,10.92
114,1,2009,10.84
114,1,2010,10.7
114,1,2011,10.84
114,1,2012,10.97
114,1,2013,11.21
114,1,2014,11.34
114,1,2015,11.4
114,1,2016,11.52
114,1,2017,11.53
114,1,2018,11.67
114,1,2019,11.89
114,1,2020,12
114,1,2021,12.6
114,1,2022,13.13
114,1,2023,13.49
114,2,1990,4.34
114,2,1991,4.23
114,2,1992,4.34
114,2,1993,4.35
114,2,1994,4.24
114,2,1995,4.31
114,2,1996,4.3
114,2,1997,4.44
114,2,1998,4.25
114,2,1999,4.33
114,2,2000,4.32
114,2,2001,4.35
114,2,2002,4.34
114,2,2003,4.38
114,2,2004,4.45
114,2,2005,4.41
114,2,2006,4.44
114,2,2007,4.52
114,2,2008,4.56
114,2,2009,4.59
114,2,2010,4.6
114,2,2011,4.71
114,2,2012,4.85
114,2,2013,5.02
114,2,2014,5.08
114,2,2015,5.15
114,2,2016,5.27
114,2,2017,5.36
114,2,2018,5.51
114,2,2019,5.68
114,2,2020,5.64
114,2,2021,5.99
114,2,2022,6.44
114,2,2023,6.68
115,1,1990,29.35
115,1,1991,29.93
115,1,1992,29.29
115,1,1993,29.39
115,1,1994,29.89
115,1,1995,30.98
115,1,1996,31.2
115,1,1997,31.5
115,1,1998,32.47
115,1,1999,32.58
115,1,2000,33.87
115,1,2001,33.38
115,1,2002,31.6
115,1,2003,31.13
115,1,2004,29.45
115,1,2005,28.34
115,1,2006,28.96
115,1,2007,29.13
115,1,2008,31.79
115,1,2009,28.43
115,1,2010,27.41
115,1,2011,26.69
115,1,2012,28.33
115,1,2013,28.16
115,1,2014,27.74
115,1,2015,29.2
115,1,2016,29.83
115,1,2017,30.46
115,1,2018,30.57
115,1,2019,30.44
115,1,2020,30.96
115,1,2021,31.97
115,1,2022,30.74
115,1,2023,28.59
115,2,1990,6.62
115,2,1991,6.9
115,2,1992,6.88
115,2,1993,6.93
115,2,1994,7.02
115,2,1995,7.11
115,2,1996,6.92
115,2,1997,6.92
115,2,1998,7.06
115,2,1999,7.17
115,2,2000,7.39
115,2,2001,7.42
115,2,2002,7.45
115,2,2003,7.42
115,2,2004,7.49
115,2,2005,7.38
115,2,2006,7.69
115,2,2007,7.69
115,2,2008,7.7
115,2,2009,7.5
115,2,2010,7.73
115,2,2011,8.14
115,2,2012,7.87
115,2,2013,8.38
115,2,2014,8.39
115,2,2015,8.51
115,2,2016,8.56
115,2,2017,8.57
115,2,2018,8.59
115,2,2019,8.65
115,2,2020,8.69
115,2,2021,9.03
115,2,2022,8.87
115,2,2023,9.07
116,1,1990,21.97
116,1,1991,21.64
116,1,1992,20.28
116,1,1993,18.41
116,1,1994,17.97
116,1,1995,18.85
116,1,1996,18.77
116,1,1997,17.76
116,1,1998,17.61
116,1,1999,17.48
116,1,2000,17.35
116,1,2001,16.76
116,1,2002,16.86
116,1,2003,17.43
116,1,2004,17.39
116,1,2005,17.24
116,1,2006,17.07
116,1,2007,17.12
116,1,2008,17.17
116,1,2009,16.49
116,1,2010,16.13
116,1,2011,15.76
116,1,2012,15.42
116,1,2013,15.49
116,1,2014,14.61
116,1,2015,14.78
116,1,2016,14.09
116,1,2017,13.54
116,1,2018,13.02
116,1,2019,12.06
116,1,2020,12.27
116,1,2021,12.49
116,1,2022,11.97
116,1,2023,11.88
116,2,1990,7.39
116,2,1991,7.48
116,2,1992,7.48
116,2,1993,7
116,2,1994,6.61
116,2,1995,6.75
116,2,1996,6.69
116,2,1997,6.63
116,2,1998,6.45
116,2,1999,6.46
116,2,2000,6.69
116,2,2001,6.59
116,2,2002,6.9
116,2,2003,6.89
116,2,2004,6.87
116,2,2005,6.6
116,2,2006,6.7
116,2,2007,6.71
116,2,2008,6.83
116,2,2009,6.6
116,2,2010,6.63
116,2,2011,6.73
116,2,2012,6.67
116,2,2013,6.55
116,2,2014,6.39
116,2,2015,6.45
116,2,2016,6.34
116,2,2017,6.06
116,2,2018,6.14
116,2,2019,6.11
116,2,2020,6.16
116,2,2021,6.48
116,2,2022,6.54
116,2,2023,6.93
117,1,1990,15.95
117,1,1991,16.05
117,1,1992,15.58
117,1,1993,14.25
117,1,1994,13.9
117,1,1995,14.59
117,1,1996,13.91
117,1,1997,13.57
117,1,1998,14.02
117,1,1999,14.18
117,1,2000,14.45
117,1,2001,14.49
117,1,2002,14.44
117,1,2003,14.5
117,1,2004,13.93
117,1,2005,13.25
117,1,2006,13.31
117,1,2007,13.28
117,1,2008,12.93
117,1,2009,13
117,1,2010,12.55
117,1,2011,12.31
117,1,2012,12.64
117,1,2013,12.62
117,1,2014,11.79
117,1,2015,12.12
117,1,2016,11.91
117,1,2017,11.71
117,1,2018,11.7
117,1,2019,11.6
117,1,2020,11.25
117,1,2021,9.54
117,1,2022,9.5
117,1,2023,9.05
117,2,1990,6
117,2,1991,6.23
117,2,1992,6.21
117,2,1993,5.79
117,2,1994,5.76
117,2,1995,5.88
117,2,1996,5.8
117,2,1997,6.04
117,2,1998,6.05
117,2,1999,6.04
117,2,2000,6.5
117,2,2001,6.48
117,2,2002,6.93
117,2,2003,7.01
117,2,2004,6.84
117,2,2005,6.86
117,2,2006,6.85
117,2,2007,6.8
117,2,2008,6.8
117,2,2009,6.92
117,2,2010,7.13
117,2,2011,7.47
117,2,2012,7.61
117,2,2013,7.6
117,2,2014,7.28
117,2,2015,7.25
117,2,2016,7.21
117,2,2017,7.16
117,2,2018,7.28
117,2,2019,7.68
117,2,2020,7.24
117,2,2021,6.18
117,2,2022,6.38
117,2,2023,6.69
118,1,1990,20.18
118,1,1991,20.11
118,1,1992,20.14
118,1,1993,19.24
118,1,1994,19.79
118,1,1995,22.03
118,1,1996,22.3
118,1,1997,21.97
118,1,1998,21.47
118,1,1999,21.21
118,1,2000,21.04
118,1,2001,21.14
118,1,2002,21.2
118,1,2003,20.87
118,1,2004,20.89
118,1,2005,20.76
118,1,2006,20.98
118,1,2007,20.98
118,1,2008,20.99
118,1,2009,21.03
118,1,2010,20.3
118,1,2011,20.25
118,1,2012,20.59
118,1,2013,20.35
118,1,2014,20.31
118,1,2015,19.61
118,1,2016,19.4
118,1,2017,19.18
118,1,2018,18.91
118,1,2019,18.79
118,1,2020,18.64
118,1,2021,20.78
118,1,2022,17.7
118,1,2023,17.22
118,2,1990,6.97
118,2,1991,6.99
118,2,1992,7.07
118,2,1993,7.06
118,2,1994,7.2
118,2,1995,7.49
118,2,1996,7.74
118,2,1997,7.85
118,2,1998,7.87
118,2,1999,7.84
118,2,2000,7.59
118,2,2001,7.57
118,2,2002,7.85
118,2,2003,8.01
118,2,2004,8.15
118,2,2005,8.27
118,2,2006,8.52
118,2,2007,8.68
118,2,2008,8.82
118,2,2009,8.97
118,2,2010,9.12
118,2,2011,9.34
118,2,2012,9.53
118,2,2013,9.53
118,2,2014,9.49
118,2,2015,9.46
118,2,2016,9.43
118,2,2017,9.37
118,2,2018,9.33
118,2,2019,9.42
118,2,2020,9.43
118,2,2021,10.35
118,2,2022,9.5
118,2,2023,9.5
119,1,1990,21.13
119,1,1991,20.95
119,1,1992,21.27
119,1,1993,19.57
119,1,1994,18.47
119,1,1995,19.78
119,1,1996,19.85
119,1,1997,19.22
119,1,1998,19.26
119,1,1999,18.81
119,1,2000,19.51
119,1,2001,19.26
119,1,2002,19.03
119,1,2003,19.2
119,1,2004,18.94
119,1,2005,18.11
119,1,2006,18.45
119,1,2007,17.95
119,1,2008,17.69
119,1,2009,18.12
119,1,2010,17.46
119,1,2011,16.99
119,1,2012,17.06
119,1,2013,17.09
119,1,2014,17.29
119,1,2015,16.87
119,1,2016,16.62
119,1,2017,16.69
119,1,2018,16.48
119,1,2019,16.83
119,1,2020,17.61
119,1,2021,19.75
119,1,2022,19.24
119,1,2023,17.37
119,2,1990,5.59
119,2,1991,5.87
119,2,1992,5.9
119,2,1993,5.53
119,2,1994,5.25
119,2,1995,5.55
119,2,1996,5.5
119,2,1997,5.66
119,2,1998,5.47
119,2,1999,5.39
119,2,2000,5.48
119,2,2001,5.46
119,2,2002,5.58
119,2,2003,5.58
119,2,2004,5.25
119,2,2005,5.34
119,2,2006,5.47
119,2,2007,5.67
119,2,2008,5.73
119,2,2009,5.68
119,2,2010,5.71
119,2,2011,5.75
119,2,2012,5.54
119,2,2013,5.59
119,2,2014,5.65
119,2,2015,5.5
119,2,2016,5.46
119,2,2017,5.49
119,2,2018,5.51
119,2,2019,5.55
119,2,2020,5.58
119,2,2021,5.88
119,2,2022,5.88
119,2,2023,6.12
121,1,1990,15.34
121,1,1991,15.61
121,1,1992,15.9
121,1,1993,16.14
121,1,1994,16.42
121,1,1995,16.45
121,1,1996,16.67
121,1,1997,16.57
121,1,1998,16.52
121,1,1999,16.56
121,1,2000,16.52
121,1,2001,16.71
121,1,2002,16.89
121,1,2003,17.09
121,1,2004,17.35
121,1,2005,17.66
121,1,2006,17.68
121,1,2007,17.52
121,1,2008,17.31
121,1,2009,17.05
121,1,2010,17.02
121,1,2011,17.08
121,1,2012,17.32
121,1,2013,17.5
121,1,2014,17.72
121,1,2015,17.89
121,1,2016,18.19
121,1,2017,18.37
121,1,2018,18.7
121,1,2019,19.05
121,1,2020,28.39
121,1,2021,26.39
121,1,2022,21.46
121,1,2023,20.92
121,2,1990,5.72
121,2,1991,5.83
121,2,1992,5.92
121,2,1993,6.01
121,2,1994,6.13
121,2,1995,6.28
121,2,1996,6.47
121,2,1997,6.59
121,2,1998,6.76
121,2,1999,6.89
121,2,2000,7.02
121,2,2001,7.15
121,2,2002,7.24
121,2,2003,7.41
121,2,2004,7.6
121,2,2005,7.77
121,2,2006,7.92
121,2,2007,7.96
121,2,2008,7.99
121,2,2009,8.03
121,2,2010,8.14
121,2,2011,8.32
121,2,2012,8.51
121,2,2013,8.66
121,2,2014,8.73
121,2,2015,8.9
121,2,2016,9.17
121,2,2017,9.35
121,2,2018,9.61
121,2,2019,9.84
121,2,2020,9.91
121,2,2021,9.65
121,2,2022,10.16
121,2,2023,10.24
122,1,1990,13.37
122,1,1991,13.71
122,1,1992,14.07
122,1,1993,14.13
122,1,1994,14.19
122,1,1995,15.01
122,1,1996,14.72
122,1,1997,14.58
122,1,1998,14.24
122,1,1999,13.24
122,1,2000,13.8
122,1,2001,14.27
122,1,2002,14.7
122,1,2003,14.15
122,1,2004,13.82
122,1,2005,13.9
122,1,2006,13.69
122,1,2007,13.25
122,1,2008,12.76
122,1,2009,12.28
122,1,2010,11.79
122,1,2011,11.29
122,1,2012,10.64
122,1,2013,9.51
122,1,2014,8.97
122,1,2015,8.22
122,1,2016,7.77
122,1,2017,7.9
122,1,2018,7.95
122,1,2019,8.38
122,1,2020,7.4
122,1,2021,7.23
122,1,2022,7.28
122,1,2023,6.83
122,2,1990,6.81
122,2,1991,7.18
122,2,1992,7.3
122,2,1993,7.77
122,2,1994,8.89
122,2,1995,9.97
122,2,1996,9.89
122,2,1997,9.47
122,2,1998,9.04
122,2,1999,8.16
122,2,2000,8.3
122,2,2001,8.75
122,2,2002,8.76
122,2,2003,8.57
122,2,2004,9.04
122,2,2005,9.17
122,2,2006,8.61
122,2,2007,8.79
122,2,2008,8.5
122,2,2009,8.37
122,2,2010,8.09
122,2,2011,8.31
122,2,2012,8.02
122,2,2013,7.49
122,2,2014,7.4
122,2,2015,6.65
122,2,2016,6.64
122,2,2017,6.75
122,2,2018,6.48
122,2,2019,6.92
122,2,2020,6.52
122,2,2021,6.39
122,2,2022,6.48
122,2,2023,6.65
123,1,1990,14.05
123,1,1991,15.14
123,1,1992,15.67
123,1,1993,16.24
123,1,1994,16.82
123,1,1995,17.31
123,1,1996,17.83
123,1,1997,16.71
123,1,1998,15.65
123,1,1999,14.24
123,1,2000,13.45
123,1,2001,12.93
123,1,2002,12.76
123,1,2003,13.09
123,1,2004,13.27
123,1,2005,13.04
123,1,2006,12.52
123,1,2007,12.4
123,1,2008,12.36
123,1,2009,11.97
123,1,2010,11.63
123,1,2011,11.18
123,1,2012,10.83
123,1,2013,10.36
123,1,2014,9.96
123,1,2015,9.47
123,1,2016,9.49
123,1,2017,9.95
123,1,2018,10.28
123,1,2019,10.45
123,1,2020,11.39
123,1,2021,13.12
123,1,2022,11.9
123,1,2023,11.89
123,2,1990,8.75
123,2,1991,9.1
123,2,1992,9.31
123,2,1993,9.89
123,2,1994,10.32
123,2,1995,10.88
123,2,1996,11.54
123,2,1997,11.07
123,2,1998,10.81
123,2,1999,10.02
123,2,2000,9.85
123,2,2001,9.74
123,2,2002,9.78
123,2,2003,10.23
123,2,2004,10.58
123,2,2005,10.5
123,2,2006,10.39
123,2,2007,10.67
123,2,2008,10.95
123,2,2009,10.83
123,2,2010,10.72
123,2,2011,10.59
123,2,2012,10.47
123,2,2013,10.3
123,2,2014,10.07
123,2,2015,9.87
123,2,2016,10.18
123,2,2017,10.78
123,2,2018,11.16
123,2,2019,11.31
123,2,2020,11.14
123,2,2021,14.61
123,2,2022,13.46
123,2,2023,13.61
125,1,1990,19.81
125,1,1991,19.71
125,1,1992,19.67
125,1,1993,19.4
125,1,1994,19.24
125,1,1995,19.18
125,1,1996,18.72
125,1,1997,18.21
125,1,1998,17.2
125,1,1999,17.31
125,1,2000,17.13
125,1,2001,17.12
125,1,2002,17.29
125,1,2003,17.25
125,1,2004,17.61
125,1,2005,17.75
125,1,2006,17.63
125,1,2007,17.43
125,1,2008,17
125,1,2009,16.81
125,1,2010,16.55
125,1,2011,16.52
125,1,2012,15.84
125,1,2013,16.28
125,1,2014,16.37
125,1,2015,16.01
125,1,2016,15.75
125,1,2017,15.6
125,1,2018,14.8
125,1,2019,13.88
125,1,2020,13.56
125,1,2021,12.58
125,1,2022,12.41
125,1,2023,12.17
125,2,1990,11.23
125,2,1991,11.55
125,2,1992,11.47
125,2,1993,11.17
125,2,1994,10.88
125,2,1995,11.11
125,2,1996,11.18
125,2,1997,10.62
125,2,1998,9.99
125,2,1999,10.33
125,2,2000,10.2
125,2,2001,10.11
125,2,2002,10.27
125,2,2003,10.48
125,2,2004,10.52
125,2,2005,10.5
125,2,2006,10.42
125,2,2007,10.22
125,2,2008,10.11
125,2,2009,10.15
125,2,2010,10.32
125,2,2011,10.28
125,2,2012,10.34
125,2,2013,10.24
125,2,2014,10.48
125,2,2015,10.55
125,2,2016,10.33
125,2,2017,10.21
125,2,2018,9.96
125,2,2019,9.28
125,2,2020,8.8
125,2,2021,8.77
125,2,2022,8.69
125,2,2023,8.73
126,1,1990,18.34
126,1,1991,17.36
126,1,1992,17.5
126,1,1993,17.85
126,1,1994,17.75
126,1,1995,17.09
126,1,1996,17.86
126,1,1997,16.55
126,1,1998,15.76
126,1,1999,16.17
126,1,2000,16.06
126,1,2001,15.78
126,1,2002,15.27
126,1,2003,15.03
126,1,2004,14.66
126,1,2005,14.6
126,1,2006,13.87
126,1,2007,13.74
126,1,2008,13.32
126,1,2009,13.21
126,1,2010,13.48
126,1,2011,14.09
126,1,2012,13.54
126,1,2013,13.1
126,1,2014,12.45
126,1,2015,12.19
126,1,2016,11.66
126,1,2017,11.52
126,1,2018,11.38
126,1,2019,10.78
126,1,2020,10.99
126,1,2021,10.16
126,1,2022,10.8
126,1,2023,11.78
126,2,1990,7.63
126,2,1991,7.53
126,2,1992,7.61
126,2,1993,7.54
126,2,1994,7.4
126,2,1995,7.68
126,2,1996,7.86
126,2,1997,7.7
126,2,1998,7.12
126,2,1999,7.33
126,2,2000,7.56
126,2,2001,7.22
126,2,2002,7.1
126,2,2003,7.4
126,2,2004,7.49
126,2,2005,7.27
126,2,2006,6.71
126,2,2007,6.63
126,2,2008,6.56
126,2,2009,6.65
126,2,2010,6.67
126,2,2011,6.79
126,2,2012,6.74
126,2,2013,6.81
126,2,2014,6.79
126,2,2015,6.85
126,2,2016,6.66
126,2,2017,6.46
126,2,2018,6.48
126,2,2019,6.18
126,2,2020,5.79
126,2,2021,6.1
126,2,2022,6.68
126,2,2023,7.17
127,1,1990,11.06
127,1,1991,11.39
127,1,1992,11.44
127,1,1993,11.32
127,1,1994,11.19
127,1,1995,11.15
127,1,1996,11.41
127,1,1997,11.54
127,1,1998,11.42
127,1,1999,11.81
127,1,2000,11.97
127,1,2001,12.18
127,1,2002,12.36
127,1,2003,12.15
127,1,2004,11.96
127,1,2005,12
127,1,2006,11.96
127,1,2007,12
127,1,2008,12.05
127,1,2009,11.76
127,1,2010,11.55
127,1,2011,11.28
127,1,2012,12.24
127,1,2013,12.44
127,1,2014,12.54
127,1,2015,12.4
127,1,2016,12.25
127,1,2017,12.6
127,1,2018,12.87
127,1,2019,13.41
127,1,2020,14.26
127,1,2021,15.3
127,1,2022,14.8
127,1,2023,14.94
127,2,1990,7.63
127,2,1991,7.74
127,2,1992,7.65
127,2,1993,7.68
127,2,1994,7.71
127,2,1995,7.95
127,2,1996,8.15
127,2,1997,8.28
127,2,1998,8.3
127,2,1999,8.32
127,2,2000,8.52
127,2,2001,8.73
127,2,2002,8.75
127,2,2003,8.88
127,2,2004,8.88
127,2,2005,8.85
127,2,2006,8.8
127,2,2007,8.81
127,2,2008,8.81
127,2,2009,8.67
127,2,2010,8.61
127,2,2011,8.59
127,2,2012,8.94
127,2,2013,9.06
127,2,2014,9.13
127,2,2015,9.05
127,2,2016,8.87
127,2,2017,8.91
127,2,2018,9.17
127,2,2019,9.59
127,2,2020,9.99
127,2,2021,10.93
127,2,2022,11.36
127,2,2023,11.88
128,1,1990,10.81
128,1,1991,11.37
128,1,1992,11.11
128,1,1993,11.01
128,1,1994,11.54
128,1,1995,10.78
128,1,1996,10.46
128,1,1997,11.42
128,1,1998,10.86
128,1,1999,11.62
128,1,2000,11.44
128,1,2001,11.06
128,1,2002,10.93
128,1,2003,10.81
128,1,2004,10.7
128,1,2005,10.57
128,1,2006,9.68
128,1,2007,9.75
128,1,2008,9.31
128,1,2009,8.89
128,1,2010,8.53
128,1,2011,7.97
128,1,2012,7.68
128,1,2013,7.36
128,1,2014,6.98
128,1,2015,7.04
128,1,2016,6.91
128,1,2017,6.83
128,1,2018,6.96
128,1,2019,6.81
128,1,2020,6.87
128,1,2021,6.75
128,1,2022,6.19
128,1,2023,6.35
128,2,1990,7.67
128,2,1991,8.1
128,2,1992,8.65
128,2,1993,9.19
128,2,1994,9.15
128,2,1995,8.76
128,2,1996,7.82
128,2,1997,7.82
128,2,1998,7.51
128,2,1999,8.02
128,2,2000,7.73
128,2,2001,7.89
128,2,2002,7.57
128,2,2003,7.73
128,2,2004,7.85
128,2,2005,7.52
128,2,2006,7.22
128,2,2007,7.03
128,2,2008,6.87
128,2,2009,6.77
128,2,2010,6.5
128,2,2011,6.31
128,2,2012,5.83
128,2,2013,5.72
128,2,2014,5.68
128,2,2015,5.62
128,2,2016,5.75
128,2,2017,5.78
128,2,2018,5.84
128,2,2019,5.76
128,2,2020,5.62
128,2,2021,5.73
128,2,2022,5.6
128,2,2023,5.45
129,1,1990,11.19
129,1,1991,11.4
129,1,1992,11.59
129,1,1993,11.79
129,1,1994,11.91
129,1,1995,11.98
129,1,1996,12.01
129,1,1997,12.12
129,1,1998,12.16
129,1,1999,12.21
129,1,2000,12.28
129,1,2001,12.24
129,1,2002,12.14
129,1,2003,12
129,1,2004,11.82
129,1,2005,11.6
129,1,2006,11.32
129,1,2007,11.05
129,1,2008,10.78
129,1,2009,10.52
129,1,2010,10.31
129,1,2011,10.33
129,1,2012,10.75
129,1,2013,10.78
129,1,2014,10.75
129,1,2015,10.78
129,1,2016,10.51
129,1,2017,10.51
129,1,2018,10.62
129,1,2019,10.72
129,1,2020,10.35
129,1,2021,11.11
129,1,2022,11.39
129,1,2023,11.71
129,2,1990,8.76
129,2,1991,9.18
129,2,1992,9.25
129,2,1993,9.55
129,2,1994,9.74
129,2,1995,9.71
129,2,1996,10.14
129,2,1997,10.13
129,2,1998,10.15
129,2,1999,10.21
129,2,2000,10.32
129,2,2001,10.41
129,2,2002,10.45
129,2,2003,10.51
129,2,2004,10.49
129,2,2005,10.43
129,2,2006,10.38
129,2,2007,10.37
129,2,2008,10.39
129,2,2009,10.39
129,2,2010,10.45
129,2,2011,10.64
129,2,2012,10.73
129,2,2013,10.79
129,2,2014,10.86
129,2,2015,10.97
129,2,2016,10.95
129,2,2017,10.95
129,2,2018,11.05
129,2,2019,11.19
129,2,2020,10.61
129,2,2021,11.69
129,2,2022,12.11
129,2,2023,12.23
130,1,1990,20.36
130,1,1991,20.24
130,1,1992,20.51
130,1,1993,20.87
130,1,1994,20.42
130,1,1995,20.38
130,1,1996,19.82
130,1,1997,19.64
130,1,1998,19.09
130,1,1999,18.61
130,1,2000,17.89
130,1,2001,17.47
130,1,2002,17.26
130,1,2003,16.81
130,1,2004,16.46
130,1,2005,16.19
130,1,2006,15.23
130,1,2007,14.34
130,1,2008,13.86
130,1,2009,12.94
130,1,2010,12.57
130,1,2011,12.38
130,1,2012,11.65
130,1,2013,11.16
130,1,2014,10.81
130,1,2015,10.55
130,1,2016,10.3
130,1,2017,10.15
130,1,2018,9.7
130,1,2019,9.25
130,1,2020,8.99
130,1,2021,8.59
130,1,2022,8.04
130,1,2023,7.79
130,2,1990,8.36
130,2,1991,8.4
130,2,1992,8.45
130,2,1993,8.34
130,2,1994,8.56
130,2,1995,8.43
130,2,1996,8.5
130,2,1997,8.55
130,2,1998,8.21
130,2,1999,7.91
130,2,2000,7.67
130,2,2001,7.46
130,2,2002,7.51
130,2,2003,7.4
130,2,2004,7.3
130,2,2005,7.15
130,2,2006,6.98
130,2,2007,6.8
130,2,2008,6.59
130,2,2009,6.26
130,2,2010,6.36
130,2,2011,6.26
130,2,2012,5.92
130,2,2013,5.85
130,2,2014,5.8
130,2,2015,5.75
130,2,2016,5.77
130,2,2017,5.8
130,2,2018,5.73
130,2,2019,5.52
130,2,2020,5.33
130,2,2021,5.45
130,2,2022,5.1
130,2,2023,5.07
131,1,1990,9.51
131,1,1991,9.16
131,1,1992,9.42
131,1,1993,9.68
131,1,1994,9.82
131,1,1995,9.8
131,1,1996,9.67
131,1,1997,9.64
131,1,1998,10.11
131,1,1999,9.39
131,1,2000,9.41
131,1,2001,9.19
131,1,2002,9.11
131,1,2003,9.05
131,1,2004,9.11
131,1,2005,9.12
131,1,2006,9.21
131,1,2007,9.16
131,1,2008,9.13
131,1,2009,9.16
131,1,2010,9.2
131,1,2011,9.23
131,1,2012,9.17
131,1,2013,9.18
131,1,2014,9.2
131,1,2015,9.26
131,1,2016,9.06
131,1,2017,9.13
131,1,2018,9.35
131,1,2019,10.05
131,1,2020,10.43
131,1,2021,10.42
131,1,2022,9.22
131,1,2023,8.15
131,2,1990,4.78
131,2,1991,4.71
131,2,1992,4.75
131,2,1993,4.89
131,2,1994,4.92
131,2,1995,4.88
131,2,1996,4.82
131,2,1997,4.71
131,2,1998,5.21
131,2,1999,4.69
131,2,2000,4.78
131,2,2001,4.85
131,2,2002,4.95
131,2,2003,5.11
131,2,2004,5.17
131,2,2005,5.25
131,2,2006,5.31
131,2,2007,5.44
131,2,2008,5.56
131,2,2009,5.65
131,2,2010,5.69
131,2,2011,5.73
131,2,2012,5.75
131,2,2013,5.81
131,2,2014,5.9
131,2,2015,5.91
131,2,2016,5.89
131,2,2017,5.91
131,2,2018,6.04
131,2,2019,6.48
131,2,2020,6.51
131,2,2021,6.93
131,2,2022,6.51
131,2,2023,5.84
132,1,1990,21.1
132,1,1991,20.96
132,1,1992,20.86
132,1,1993,20.05
132,1,1994,19.92
132,1,1995,19.64
132,1,1996,19.92
132,1,1997,18.79
132,1,1998,18.34
132,1,1999,17.93
132,1,2000,17.36
132,1,2001,17.66
132,1,2002,17.57
132,1,2003,17.83
132,1,2004,17.73
132,1,2005,17.68
132,1,2006,17.43
132,1,2007,17.15
132,1,2008,16.91
132,1,2009,15.98
132,1,2010,15.94
132,1,2011,15.92
132,1,2012,15.32
132,1,2013,15.13
132,1,2014,14.57
132,1,2015,14.26
132,1,2016,13.44
132,1,2017,13.09
132,1,2018,12.6
132,1,2019,12.77
132,1,2020,11.89
132,1,2021,10.32
132,1,2022,10.45
132,1,2023,10.67
132,2,1990,7.21
132,2,1991,7.26
132,2,1992,7.3
132,2,1993,7.31
132,2,1994,7.41
132,2,1995,7.44
132,2,1996,7.6
132,2,1997,7.48
132,2,1998,6.88
132,2,1999,6.92
132,2,2000,7.31
132,2,2001,7.14
132,2,2002,7.55
132,2,2003,7.73
132,2,2004,8.04
132,2,2005,8.01
132,2,2006,7.62
132,2,2007,7.21
132,2,2008,7.38
132,2,2009,7.29
132,2,2010,7.19
132,2,2011,7.32
132,2,2012,7.23
132,2,2013,7.78
132,2,2014,7.75
132,2,2015,7.75
132,2,2016,7.3
132,2,2017,7.01
132,2,2018,6.92
132,2,2019,7.09
132,2,2020,6.39
132,2,2021,5.8
132,2,2022,5.96
132,2,2023,6.12
133,1,1990,28.49
133,1,1991,28.22
133,1,1992,27.86
133,1,1993,27.34
133,1,1994,27.72
133,1,1995,26.95
133,1,1996,25.64
133,1,1997,26.27
133,1,1998,25.48
133,1,1999,26.38
133,1,2000,25.14
133,1,2001,25.37
133,1,2002,25.52
133,1,2003,25.72
133,1,2004,26.47
133,1,2005,26.24
133,1,2006,26.28
133,1,2007,26.38
133,1,2008,26.17
133,1,2009,26.6
133,1,2010,26.44
133,1,2011,26.11
133,1,2012,25.05
133,1,2013,24.81
133,1,2014,24.58
133,1,2015,23.82
133,1,2016,22.57
133,1,2017,22.88
133,1,2018,22.74
133,1,2019,23.66
133,1,2020,24.14
133,1,2021,24.2
133,1,2022,23.42
133,1,2023,25.1
133,2,1990,14.26
133,2,1991,14.01
133,2,1992,13.76
133,2,1993,13.77
133,2,1994,14.01
133,2,1995,13.78
133,2,1996,13.24
133,2,1997,13.28
133,2,1998,12.9
133,2,1999,14.37
133,2,2000,13.3
133,2,2001,13.67
133,2,2002,13.9
133,2,2003,13.87
133,2,2004,14.05
133,2,2005,14.13
133,2,2006,14.11
133,2,2007,14.82
133,2,2008,15.28
133,2,2009,15.04
133,2,2010,14.85
133,2,2011,14.95
133,2,2012,15.1
133,2,2013,15.28
133,2,2014,15.33
133,2,2015,15.34
133,2,2016,14.48
133,2,2017,14.23
133,2,2018,14.69
133,2,2019,15.21
133,2,2020,14.82
133,2,2021,14.17
133,2,2022,13.91
133,2,2023,13.57
135,1,1990,24.46
135,1,1991,24.18
135,1,1992,24.55
135,1,1993,24.96
135,1,1994,24.78
135,1,1995,24.63
135,1,1996,24.37
135,1,1997,24.23
135,1,1998,24.22
135,1,1999,24.12
135,1,2000,24.25
135,1,2001,24.14
135,1,2002,23.81
135,1,2003,23.83
135,1,2004,23.81
135,1,2005,23.39
135,1,2006,22.94
135,1,2007,22.91
135,1,2008,22.8
135,1,2009,22.38
135,1,2010,22.39
135,1,2011,22.21
135,1,2012,21.77
135,1,2013,21.62
135,1,2014,21.29
135,1,2015,21.1
135,1,2016,21.04
135,1,2017,20.46
135,1,2018,20.02
135,1,2019,19.77
135,1,2020,19
135,1,2021,18.63
135,1,2022,18.73
135,1,2023,18.49
135,2,1990,8.08
135,2,1991,8.15
135,2,1992,8.31
135,2,1993,8.45
135,2,1994,8.58
135,2,1995,8.7
135,2,1996,8.7
135,2,1997,8.71
135,2,1998,8.82
135,2,1999,9.12
135,2,2000,9.39
135,2,2001,9.46
135,2,2002,9.49
135,2,2003,9.72
135,2,2004,9.86
135,2,2005,9.92
135,2,2006,10.14
135,2,2007,10.33
135,2,2008,10.51
135,2,2009,10.58
135,2,2010,10.85
135,2,2011,11.13
135,2,2012,11.23
135,2,2013,11.33
135,2,2014,11.48
135,2,2015,11.81
135,2,2016,11.85
135,2,2017,11.78
135,2,2018,11.78
135,2,2019,11.73
135,2,2020,11.37
135,2,2021,11.53
135,2,2022,11.88
135,2,2023,11.94
136,1,1990,16.93
136,1,1991,17.6
136,1,1992,18.24
136,1,1993,19.08
136,1,1994,20.09
136,1,1995,21.07
136,1,1996,21.84
136,1,1997,22.92
136,1,1998,23.83
136,1,1999,24.28
136,1,2000,24.84
136,1,2001,25
136,1,2002,25.14
136,1,2003,25.02
136,1,2004,25.3
136,1,2005,25.57
136,1,2006,25.62
136,1,2007,25.95
136,1,2008,26.05
136,1,2009,26.19
136,1,2010,26.67
136,1,2011,26.75
136,1,2012,26.71
136,1,2013,26.57
136,1,2014,26.78
136,1,2015,26.98
136,1,2016,27.21
136,1,2017,27.49
136,1,2018,27.49
136,1,2019,27.59
136,1,2020,27.54
136,1,2021,28.06
136,1,2022,25.63
136,1,2023,26.11
136,2,1990,4.48
136,2,1991,4.59
136,2,1992,4.75
136,2,1993,4.96
136,2,1994,5.17
136,2,1995,5.3
136,2,1996,5.48
136,2,1997,5.65
136,2,1998,5.8
136,2,1999,5.92
136,2,2000,6.03
136,2,2001,6.23
136,2,2002,6.47
136,2,2003,6.6
136,2,2004,6.8
136,2,2005,7.02
136,2,2006,7.13
136,2,2007,7.34
136,2,2008,7.37
136,2,2009,7.47
136,2,2010,7.67
136,2,2011,7.8
136,2,2012,7.93
136,2,2013,7.94
136,2,2014,8.07
136,2,2015,8.19
136,2,2016,8.26
136,2,2017,8.31
136,2,2018,8.35
136,2,2019,8.44
136,2,2020,8.38
136,2,2021,8.75
136,2,2022,8.05
136,2,2023,8.33
139,1,1990,12.16
139,1,1991,12.4
139,1,1992,12.21
139,1,1993,12.08
139,1,1994,11.97
139,1,1995,11.81
139,1,1996,11.43
139,1,1997,11.08
139,1,1998,10.8
139,1,1999,10.47
139,1,2000,10.11
139,1,2001,9.81
139,1,2002,9.85
139,1,2003,9.94
139,1,2004,10.18
139,1,2005,10.6
139,1,2006,10.61
139,1,2007,10.72
139,1,2008,10.84
139,1,2009,11.02
139,1,2010,11.26
139,1,2011,11.33
139,1,2012,11.47
139,1,2013,11.49
139,1,2014,11.58
139,1,2015,11.66
139,1,2016,11.9
139,1,2017,12.25
139,1,2018,12.56
139,1,2019,12.85
139,1,2020,12.53
139,1,2021,12.6
139,1,2022,13.17
139,1,2023,13.55
139,2,1990,1.92
139,2,1991,1.87
139,2,1992,1.87
139,2,1993,1.88
139,2,1994,1.86
139,2,1995,1.85
139,2,1996,1.86
139,2,1997,1.87
139,2,1998,1.89
139,2,1999,1.9
139,2,2000,1.92
139,2,2001,1.93
139,2,2002,1.95
139,2,2003,1.99
139,2,2004,2.06
139,2,2005,2.11
139,2,2006,2.16
139,2,2007,2.22
139,2,2008,2.27
139,2,2009,2.33
139,2,2010,2.39
139,2,2011,2.45
139,2,2012,2.49
139,2,2013,2.53
139,2,2014,2.56
139,2,2015,2.62
139,2,2016,2.67
139,2,2017,2.78
139,2,2018,2.89
139,2,2019,2.99
139,2,2020,2.87
139,2,2021,2.86
139,2,2022,2.96
139,2,2023,3.04
140,1,1990,42.63
140,1,1991,40.75
140,1,1992,39.93
140,1,1993,39.34
140,1,1994,38.8
140,1,1995,40.68
140,1,1996,41.59
140,1,1997,42.29
140,1,1998,42.56
140,1,1999,42.01
140,1,2000,43.6
140,1,2001,43.24
140,1,2002,42.97
140,1,2003,41.72
140,1,2004,40.4
140,1,2005,39.65
140,1,2006,38.63
140,1,2007,36.99
140,1,2008,35.1
140,1,2009,33.32
140,1,2010,32.49
140,1,2011,31.36
140,1,2012,30.47
140,1,2013,29.72
140,1,2014,29.32
140,1,2015,30.68
140,1,2016,30.19
140,1,2017,30.08
140,1,2018,30.94
140,1,2019,30.39
140,1,2020,30.33
140,1,2021,31.86
140,1,2022,32.74
140,1,2023,34.3
140,2,1990,14.95
140,2,1991,14.5
140,2,1992,14.42
140,2,1993,14.2
140,2,1994,13.91
140,2,1995,14.15
140,2,1996,14.38
140,2,1997,14.62
140,2,1998,14.9
140,2,1999,14.6
140,2,2000,15.01
140,2,2001,14.84
140,2,2002,14.72
140,2,2003,14.7
140,2,2004,14.46
140,2,2005,14.29
140,2,2006,13.94
140,2,2007,13.48
140,2,2008,13.12
140,2,2009,12.77
140,2,2010,12.66
140,2,2011,12.39
140,2,2012,12.33
140,2,2013,12
140,2,2014,11.61
140,2,2015,11.84
140,2,2016,11.87
140,2,2017,11.83
140,2,2018,11.56
140,2,2019,10.98
140,2,2020,10.4
140,2,2021,10.52
140,2,2022,10.14
140,2,2023,10.72
141,1,1990,8.98
141,1,1991,9.11
141,1,1992,9.36
141,1,1993,9.9
141,1,1994,10.3
141,1,1995,10.49
141,1,1996,10.48
141,1,1997,10.69
141,1,1998,11.05
141,1,1999,11.4
141,1,2000,11.97
141,1,2001,13.05
141,1,2002,14.44
141,1,2003,16.52
141,1,2004,17.96
141,1,2005,18.91
141,1,2006,19.85
141,1,2007,20.57
141,1,2008,21.12
141,1,2009,21.53
141,1,2010,21.52
141,1,2011,21.04
141,1,2012,21.36
141,1,2013,20.84
141,1,2014,21.02
141,1,2015,21.96
141,1,2016,21.45
141,1,2017,20.97
141,1,2018,21.3
141,1,2019,21.02
141,1,2020,20.31
141,1,2021,22.1
141,1,2022,25.77
141,1,2023,25.63
141,2,1990,2.41
141,2,1991,2.43
141,2,1992,2.54
141,2,1993,2.65
141,2,1994,2.71
141,2,1995,2.76
141,2,1996,2.8
141,2,1997,2.9
141,2,1998,3.04
141,2,1999,3.11
141,2,2000,3.23
141,2,2001,3.53
141,2,2002,3.97
141,2,2003,4.62
141,2,2004,5.16
141,2,2005,5.56
141,2,2006,5.95
141,2,2007,6.23
141,2,2008,6.52
141,2,2009,6.75
141,2,2010,6.85
141,2,2011,6.98
141,2,2012,7.18
141,2,2013,6.93
141,2,2014,7.14
141,2,2015,7.54
141,2,2016,7.49
141,2,2017,7.48
141,2,2018,7.51
141,2,2019,7.42
141,2,2020,7.43
141,2,2021,8.11
141,2,2022,9.79
141,2,2023,9.88
142,1,1990,17.97
142,1,1991,17.64
142,1,1992,17.53
142,1,1993,17.38
142,1,1994,17.22
142,1,1995,17.42
142,1,1996,17.24
142,1,1997,17.07
142,1,1998,17.01
142,1,1999,17
142,1,2000,17.45
142,1,2001,17.5
142,1,2002,17.39
142,1,2003,17.77
142,1,2004,17.09
142,1,2005,17
142,1,2006,16.96
142,1,2007,17.01
142,1,2008,17.07
142,1,2009,17.14
142,1,2010,17.11
142,1,2011,17.1
142,1,2012,16.98
142,1,2013,16.93
142,1,2014,16.95
142,1,2015,17.16
142,1,2016,17.32
142,1,2017,17.37
142,1,2018,17.44
142,1,2019,17.41
142,1,2020,17.65
142,1,2021,16.54
142,1,2022,16.51
142,1,2023,16.63
142,2,1990,7.22
142,2,1991,7.18
142,2,1992,7.29
142,2,1993,7.33
142,2,1994,7.34
142,2,1995,7.39
142,2,1996,7.41
142,2,1997,7.39
142,2,1998,7.42
142,2,1999,7.48
142,2,2000,7.65
142,2,2001,7.77
142,2,2002,7.75
142,2,2003,8.12
142,2,2004,7.48
142,2,2005,7.36
142,2,2006,7.24
142,2,2007,7.17
142,2,2008,7.14
142,2,2009,7.17
142,2,2010,7.19
142,2,2011,7.23
142,2,2012,7.21
142,2,2013,7.2
142,2,2014,7.24
142,2,2015,7.36
142,2,2016,7.55
142,2,2017,7.65
142,2,2018,7.7
142,2,2019,7.82
142,2,2020,7.86
142,2,2021,7.42
142,2,2022,7.3
142,2,2023,7.42
143,1,1990,31.96
143,1,1991,31.53
143,1,1992,31.39
143,1,1993,31.28
143,1,1994,30.96
143,1,1995,30.53
143,1,1996,30.17
143,1,1997,29.85
143,1,1998,29.87
143,1,1999,29.91
143,1,2000,29.88
143,1,2001,29.86
143,1,2002,29.74
143,1,2003,29.51
143,1,2004,29.59
143,1,2005,29.84
143,1,2006,30.2
143,1,2007,30.92
143,1,2008,32.02
143,1,2009,33.04
143,1,2010,34.39
143,1,2011,35.54
143,1,2012,36.61
143,1,2013,37.13
143,1,2014,37.53
143,1,2015,38.19
143,1,2016,38.13
143,1,2017,38.13
143,1,2018,38.85
143,1,2019,39.56
143,1,2020,42.19
143,1,2021,42.22
143,1,2022,43.92
143,1,2023,44.99
143,2,1990,6.82
143,2,1991,6.73
143,2,1992,6.76
143,2,1993,6.78
143,2,1994,6.73
143,2,1995,6.67
143,2,1996,6.64
143,2,1997,6.7
143,2,1998,6.86
143,2,1999,7.04
143,2,2000,7.23
143,2,2001,7.42
143,2,2002,7.6
143,2,2003,7.7
143,2,2004,7.96
143,2,2005,8.2
143,2,2006,8.48
143,2,2007,8.79
143,2,2008,9.24
143,2,2009,9.65
143,2,2010,10.08
143,2,2011,10.53
143,2,2012,10.99
143,2,2013,11.22
143,2,2014,11.43
143,2,2015,11.53
143,2,2016,11.61
143,2,2017,11.71
143,2,2018,11.96
143,2,2019,12.44
143,2,2020,12.56
143,2,2021,13.15
143,2,2022,14
143,2,2023,14.39
144,1,1990,33.44
144,1,1991,33.17
144,1,1992,32.89
144,1,1993,32.24
144,1,1994,31.54
144,1,1995,31.77
144,1,1996,30.9
144,1,1997,30.07
144,1,1998,29.3
144,1,1999,28.7
144,1,2000,29
144,1,2001,28.42
144,1,2002,28.05
144,1,2003,28.18
144,1,2004,28.57
144,1,2005,29.45
144,1,2006,29.99
144,1,2007,30.55
144,1,2008,30.9
144,1,2009,31
144,1,2010,31.23
144,1,2011,30.74
144,1,2012,30.33
144,1,2013,29.93
144,1,2014,29.38
144,1,2015,29.72
144,1,2016,29.19
144,1,2017,28.93
144,1,2018,29.01
144,1,2019,28.87
144,1,2020,29.23
144,1,2021,30.69
144,1,2022,29.12
144,1,2023,28.59
144,2,1990,5.08
144,2,1991,5.2
144,2,1992,5.36
144,2,1993,5.4
144,2,1994,5.5
144,2,1995,5.62
144,2,1996,5.67
144,2,1997,5.77
144,2,1998,5.88
144,2,1999,6
144,2,2000,6.28
144,2,2001,6.53
144,2,2002,6.79
144,2,2003,6.67
144,2,2004,7.01
144,2,2005,7.63
144,2,2006,8.01
144,2,2007,7.8
144,2,2008,7.67
144,2,2009,7.8
144,2,2010,7.93
144,2,2011,8.01
144,2,2012,8.02
144,2,2013,7.97
144,2,2014,7.97
144,2,2015,7.9
144,2,2016,7.79
144,2,2017,7.75
144,2,2018,7.75
144,2,2019,7.73
144,2,2020,7.89
144,2,2021,8.59
144,2,2022,7.74
144,2,2023,7.63
145,1,1990,24.27
145,1,1991,22.09
145,1,1992,20.73
145,1,1993,20.8
145,1,1994,20.28
145,1,1995,23.99
145,1,1996,23.2
145,1,1997,21.23
145,1,1998,19.13
145,1,1999,17.04
145,1,2000,18.22
145,1,2001,17.5
145,1,2002,17.75
145,1,2003,18.21
145,1,2004,18.14
145,1,2005,16.99
145,1,2006,17.73
145,1,2007,17.16
145,1,2008,15.49
145,1,2009,15.1
145,1,2010,15.88
145,1,2011,16.64
145,1,2012,16.74
145,1,2013,16.41
145,1,2014,14.35
145,1,2015,15.2
145,1,2016,13.74
145,1,2017,13.94
145,1,2018,13.85
145,1,2019,12.75
145,1,2020,11.12
145,1,2021,10.55
145,1,2022,11.43
145,1,2023,10.28
145,2,1990,11.89
145,2,1991,12.17
145,2,1992,12.67
145,2,1993,13.33
145,2,1994,11.4
145,2,1995,9.65
145,2,1996,9.47
145,2,1997,9.38
145,2,1998,9.77
145,2,1999,7.6
145,2,2000,9.53
145,2,2001,10.05
145,2,2002,9.09
145,2,2003,9.24
145,2,2004,8.1
145,2,2005,8.7
145,2,2006,8.77
145,2,2007,8.47
145,2,2008,8.15
145,2,2009,7.99
145,2,2010,7.86
145,2,2011,7.82
145,2,2012,8.08
145,2,2013,7.51
145,2,2014,7.28
145,2,2015,7.05
145,2,2016,6.84
145,2,2017,6.87
145,2,2018,6.84
145,2,2019,6.61
145,2,2020,6.24
145,2,2021,6.09
145,2,2022,6.25
145,2,2023,6.1
146,1,1990,15.32
146,1,1991,15.86
146,1,1992,16.23
146,1,1993,16.61
146,1,1994,17.12
146,1,1995,18.19
146,1,1996,18.77
146,1,1997,19.33
146,1,1998,19.96
146,1,1999,20.7
146,1,2000,21.78
146,1,2001,22.23
146,1,2002,22.31
146,1,2003,22.71
146,1,2004,23.16
146,1,2005,24.06
146,1,2006,25.42
146,1,2007,26.97
146,1,2008,28.66
146,1,2009,30.04
146,1,2010,30.84
146,1,2011,33.48
146,1,2012,36.68
146,1,2013,39.97
146,1,2014,41.81
146,1,2015,40.13
146,1,2016,36.35
146,1,2017,34.91
146,1,2018,39.09
146,1,2019,51.88
146,1,2020,68.37
146,1,2021,42.78
146,1,2022,42.9
146,1,2023,43.82
146,2,1990,8.33
146,2,1991,8.24
146,2,1992,8.38
146,2,1993,8.49
146,2,1994,8.73
146,2,1995,9
146,2,1996,9.24
146,2,1997,9.49
146,2,1998,9.66
146,2,1999,10.18
146,2,2000,10.55
146,2,2001,10.86
146,2,2002,11
146,2,2003,11.21
146,2,2004,11.48
146,2,2005,11.79
146,2,2006,12.31
146,2,2007,12.88
146,2,2008,13.59
146,2,2009,14.23
146,2,2010,14.72
146,2,2011,15.93
146,2,2012,17.33
146,2,2013,18.74
146,2,2014,19.4
146,2,2015,18.88
146,2,2016,17.37
146,2,2017,16.97
146,2,2018,18.56
146,2,2019,23
146,2,2020,27.78
146,2,2021,16.96
146,2,2022,19.81
146,2,2023,20.03
147,1,1990,32.04
147,1,1991,31.97
147,1,1992,31.93
147,1,1993,31.75
147,1,1994,31.53
147,1,1995,31.28
147,1,1996,31.09
147,1,1997,30.66
147,1,1998,30.75
147,1,1999,31.01
147,1,2000,31.12
147,1,2001,31.2
147,1,2002,31.39
147,1,2003,31.98
147,1,2004,32.89
147,1,2005,33.98
147,1,2006,35.22
147,1,2007,35.69
147,1,2008,35.55
147,1,2009,35.67
147,1,2010,35.15
147,1,2011,33.84
147,1,2012,33.7
147,1,2013,33.32
147,1,2014,32.01
147,1,2015,31.27
147,1,2016,30.43
147,1,2017,30.11
147,1,2018,30.88
147,1,2019,31
147,1,2020,31.83
147,1,2021,34.17
147,1,2022,31.58
147,1,2023,32.04
147,2,1990,3.54
147,2,1991,3.67
147,2,1992,3.78
147,2,1993,3.87
147,2,1994,3.9
147,2,1995,3.89
147,2,1996,3.9
147,2,1997,3.89
147,2,1998,3.96
147,2,1999,4.03
147,2,2000,4.05
147,2,2001,4.1
147,2,2002,4.13
147,2,2003,4.22
147,2,2004,4.37
147,2,2005,4.55
147,2,2006,4.68
147,2,2007,4.75
147,2,2008,4.78
147,2,2009,4.84
147,2,2010,4.88
147,2,2011,4.86
147,2,2012,4.89
147,2,2013,4.73
147,2,2014,4.62
147,2,2015,4.44
147,2,2016,4.23
147,2,2017,4.24
147,2,2018,4.34
147,2,2019,4.39
147,2,2020,4.6
147,2,2021,5.19
147,2,2022,4.53
147,2,2023,4.57
148,1,1990,18.39
148,1,1991,18.48
148,1,1992,18.51
148,1,1993,18.54
148,1,1994,18.7
148,1,1995,18.76
148,1,1996,18.87
148,1,1997,18.81
148,1,1998,18.88
148,1,1999,18.91
148,1,2000,18.99
148,1,2001,19.01
148,1,2002,19.11
148,1,2003,19.17
148,1,2004,19.14
148,1,2005,19.13
148,1,2006,19.04
148,1,2007,19.02
148,1,2008,19.04
148,1,2009,19.04
148,1,2010,18.85
148,1,2011,18.87
148,1,2012,19.02
148,1,2013,19.48
148,1,2014,19.8
148,1,2015,20.31
148,1,2016,20.76
148,1,2017,21.31
148,1,2018,21.7
148,1,2019,22.38
148,1,2020,22.64
148,1,2021,23.79
148,1,2022,25.4
148,1,2023,25.52
148,2,1990,1.71
148,2,1991,1.72
148,2,1992,1.73
148,2,1993,1.73
148,2,1994,1.73
148,2,1995,1.72
148,2,1996,1.74
148,2,1997,1.73
148,2,1998,1.75
148,2,1999,1.75
148,2,2000,1.77
148,2,2001,1.78
148,2,2002,1.78
148,2,2003,1.82
148,2,2004,1.85
148,2,2005,1.87
148,2,2006,1.9
148,2,2007,1.93
148,2,2008,1.97
148,2,2009,2.03
148,2,2010,2.07
148,2,2011,2.14
148,2,2012,2.19
148,2,2013,2.26
148,2,2014,2.31
148,2,2015,2.39
148,2,2016,2.47
148,2,2017,2.52
148,2,2018,2.61
148,2,2019,2.72
148,2,2020,2.87
148,2,2021,3.04
148,2,2022,3.18
148,2,2023,3.22
149,1,1990,25.93
149,1,1991,26.06
149,1,1992,26.34
149,1,1993,26.54
149,1,1994,26.74
149,1,1995,27.71
149,1,1996,27.62
149,1,1997,27.6
149,1,1998,27.65
149,1,1999,27.7
149,1,2000,28.59
149,1,2001,28.36
149,1,2002,28.1
149,1,2003,27.9
149,1,2004,27.82
149,1,2005,28.26
149,1,2006,28.29
149,1,2007,28.57
149,1,2008,29
149,1,2009,29.38
149,1,2010,30.1
149,1,2011,30.17
149,1,2012,30.06
149,1,2013,30.1
149,1,2014,29.84
149,1,2015,31.02
149,1,2016,30.93
149,1,2017,31.24
149,1,2018,31.03
149,1,2019,30.52
149,1,2020,28.78
149,1,2021,29.52
149,1,2022,30.55
149,1,2023,31.84
149,2,1990,5.2
149,2,1991,5.28
149,2,1992,5.42
149,2,1993,5.54
149,2,1994,5.66
149,2,1995,5.79
149,2,1996,5.84
149,2,1997,5.9
149,2,1998,5.98
149,2,1999,6.04
149,2,2000,6.13
149,2,2001,6.14
149,2,2002,6.12
149,2,2003,6.07
149,2,2004,6.05
149,2,2005,6.08
149,2,2006,6.1
149,2,2007,6.13
149,2,2008,6.21
149,2,2009,6.36
149,2,2010,6.56
149,2,2011,6.68
149,2,2012,6.76
149,2,2013,6.7
149,2,2014,6.72
149,2,2015,6.78
149,2,2016,6.84
149,2,2017,6.98
149,2,2018,7.01
149,2,2019,6.99
149,2,2020,6.77
149,2,2021,7.06
149,2,2022,7.26
149,2,2023,7.5
150,1,1990,15.9
150,1,1991,15.66
150,1,1992,15.79
150,1,1993,15.81
150,1,1994,15.7
150,1,1995,15.83
150,1,1996,15.64
150,1,1997,15.61
150,1,1998,15.67
150,1,1999,15.55
150,1,2000,15.9
150,1,2001,15.91
150,1,2002,16.04
150,1,2003,15.77
150,1,2004,15.66
150,1,2005,15.47
150,1,2006,15.56
150,1,2007,15.45
150,1,2008,15.71
150,1,2009,15.82
150,1,2010,15.56
150,1,2011,16.17
150,1,2012,16.62
150,1,2013,16.23
150,1,2014,15.83
150,1,2015,15.38
150,1,2016,15.06
150,1,2017,14.99
150,1,2018,14.56
150,1,2019,13.93
150,1,2020,15.01
150,1,2021,15.75
150,1,2022,13.63
150,1,2023,13.28
150,2,1990,3.78
150,2,1991,3.73
150,2,1992,3.82
150,2,1993,3.86
150,2,1994,3.95
150,2,1995,4.01
150,2,1996,4
150,2,1997,4.02
150,2,1998,4.06
150,2,1999,4.09
150,2,2000,4.18
150,2,2001,4.19
150,2,2002,4.23
150,2,2003,4.25
150,2,2004,4.22
150,2,2005,4.24
150,2,2006,4.3
150,2,2007,4.29
150,2,2008,4.35
150,2,2009,4.45
150,2,2010,4.54
150,2,2011,4.62
150,2,2012,4.65
150,2,2013,4.68
150,2,2014,4.69
150,2,2015,4.6
150,2,2016,4.51
150,2,2017,4.53
150,2,2018,4.5
150,2,2019,4.45
150,2,2020,4.45
150,2,2021,4.79
150,2,2022,4.55
150,2,2023,4.54
151,1,1990,23.61
151,1,1991,23.04
151,1,1992,23.13
151,1,1993,23.29
151,1,1994,24.02
151,1,1995,25.23
151,1,1996,24.11
151,1,1997,23.02
151,1,1998,22.79
151,1,1999,22.53
151,1,2000,23.06
151,1,2001,23.08
151,1,2002,23.17
151,1,2003,22.27
151,1,2004,20.64
151,1,2005,18.96
151,1,2006,17.34
151,1,2007,15.87
151,1,2008,14.52
151,1,2009,13.38
151,1,2010,12.86
151,1,2011,12.48
151,1,2012,12.21
151,1,2013,11.39
151,1,2014,10.81
151,1,2015,11.36
151,1,2016,10.84
151,1,2017,10.83
151,1,2018,11.27
151,1,2019,11.37
151,1,2020,11.22
151,1,2021,11.1
151,1,2022,10.87
151,1,2023,13.15
151,2,1990,9.39
151,2,1991,9.4
151,2,1992,9.62
151,2,1993,9.85
151,2,1994,10
151,2,1995,10.12
151,2,1996,9.81
151,2,1997,9.62
151,2,1998,9.54
151,2,1999,9.69
151,2,2000,10.1
151,2,2001,10.24
151,2,2002,10.3
151,2,2003,9.83
151,2,2004,9.07
151,2,2005,8.35
151,2,2006,7.71
151,2,2007,7.05
151,2,2008,6.53
151,2,2009,6.2
151,2,2010,6
151,2,2011,5.79
151,2,2012,5.59
151,2,2013,5.36
151,2,2014,5.27
151,2,2015,5.32
151,2,2016,5.05
151,2,2017,4.95
151,2,2018,4.92
151,2,2019,4.91
151,2,2020,4.91
151,2,2021,4.76
151,2,2022,4.68
151,2,2023,5.36
152,1,1990,19.31
152,1,1991,19.03
152,1,1992,18.69
152,1,1993,18.43
152,1,1994,18.02
152,1,1995,17.52
152,1,1996,17.11
152,1,1997,16.53
152,1,1998,16.25
152,1,1999,16.05
152,1,2000,16.26
152,1,2001,16.34
152,1,2002,16.6
152,1,2003,16.85
152,1,2004,17.31
152,1,2005,17.92
152,1,2006,18.66
152,1,2007,19.37
152,1,2008,19.81
152,1,2009,20.06
152,1,2010,19.99
152,1,2011,19.72
152,1,2012,19.26
152,1,2013,18.34
152,1,2014,17.2
152,1,2015,16.68
152,1,2016,16.23
152,1,2017,16.34
152,1,2018,16.45
152,1,2019,16.64
152,1,2020,17.38
152,1,2021,17.12
152,1,2022,16.82
152,1,2023,16.77
152,2,1990,4.51
152,2,1991,4.52
152,2,1992,4.52
152,2,1993,4.53
152,2,1994,4.51
152,2,1995,4.46
152,2,1996,4.33
152,2,1997,4.28
152,2,1998,4.26
152,2,1999,4.29
152,2,2000,4.42
152,2,2001,4.56
152,2,2002,4.73
152,2,2003,4.92
152,2,2004,5.13
152,2,2005,5.44
152,2,2006,5.78
152,2,2007,6.14
152,2,2008,6.45
152,2,2009,6.68
152,2,2010,6.87
152,2,2011,6.99
152,2,2012,7.02
152,2,2013,6.93
152,2,2014,6.87
152,2,2015,6.75
152,2,2016,6.71
152,2,2017,6.83
152,2,2018,6.9
152,2,2019,7.16
152,2,2020,7.85
152,2,2021,8.21
152,2,2022,8.3
152,2,2023,7.97
153,1,1990,20.78
153,1,1991,20.62
153,1,1992,20.64
153,1,1993,20.6
153,1,1994,20.55
153,1,1995,20.49
153,1,1996,20.29
153,1,1997,20.07
153,1,1998,19.89
153,1,1999,19.77
153,1,2000,20.15
153,1,2001,20.38
153,1,2002,20.55
153,1,2003,20.68
153,1,2004,20.49
153,1,2005,20.45
153,1,2006,20.45
153,1,2007,20.64
153,1,2008,20.76
153,1,2009,20.88
153,1,2010,21.02
153,1,2011,20.42
153,1,2012,19.7
153,1,2013,18.93
153,1,2014,18.28
153,1,2015,17.85
153,1,2016,17.77
153,1,2017,17.92
153,1,2018,18.09
153,1,2019,18.38
153,1,2020,17.76
153,1,2021,17.43
153,1,2022,18.85
153,1,2023,18.95
153,2,1990,5.43
153,2,1991,5.63
153,2,1992,5.86
153,2,1993,6.07
153,2,1994,6.23
153,2,1995,6.37
153,2,1996,6.52
153,2,1997,6.6
153,2,1998,6.56
153,2,1999,6.72
153,2,2000,7.39
153,2,2001,7.54
153,2,2002,7.57
153,2,2003,7.63
153,2,2004,7.41
153,2,2005,7.29
153,2,2006,7.13
153,2,2007,7.1
153,2,2008,7.16
153,2,2009,7.22
153,2,2010,7.28
153,2,2011,7.24
153,2,2012,7.01
153,2,2013,6.72
153,2,2014,6.5
153,2,2015,6.36
153,2,2016,6.35
153,2,2017,6.45
153,2,2018,6.52
153,2,2019,6.66
153,2,2020,6.54
153,2,2021,6.32
153,2,2022,6.71
153,2,2023,6.71
154,1,1990,56.74
154,1,1991,57.65
154,1,1992,57.9
154,1,1993,58.13
154,1,1994,58.55
154,1,1995,58.14
154,1,1996,58.36
154,1,1997,58.52
154,1,1998,59.35
154,1,1999,60.4
154,1,2000,60.51
154,1,2001,60.95
154,1,2002,60.97
154,1,2003,61.23
154,1,2004,60.53
154,1,2005,60.5
154,1,2006,60.12
154,1,2007,59.9
154,1,2008,59.49
154,1,2009,59.09
154,1,2010,59.14
154,1,2011,57.99
154,1,2012,57.58
154,1,2013,56.85
154,1,2014,56.95
154,1,2015,56.47
154,1,2016,56.39
154,1,2017,55.65
154,1,2018,55.45
154,1,2019,55.75
154,1,2020,52.13
154,1,2021,48.19
154,1,2022,53.63
154,1,2023,60.51
154,2,1990,7.3
154,2,1991,7.49
154,2,1992,7.58
154,2,1993,7.68
154,2,1994,7.74
154,2,1995,7.66
154,2,1996,7.69
154,2,1997,7.75
154,2,1998,7.88
154,2,1999,8.01
154,2,2000,8.01
154,2,2001,8.04
154,2,2002,8.03
154,2,2003,8.03
154,2,2004,7.98
154,2,2005,7.95
154,2,2006,7.93
154,2,2007,7.96
154,2,2008,8
154,2,2009,8.04
154,2,2010,8.1
154,2,2011,8.16
154,2,2012,8.24
154,2,2013,8.26
154,2,2014,8.36
154,2,2015,8.46
154,2,2016,8.6
154,2,2017,8.78
154,2,2018,8.91
154,2,2019,9.22
154,2,2020,8.88
154,2,2021,8.26
154,2,2022,9.57
154,2,2023,11.14
155,1,1990,71.25
155,1,1991,70.16
155,1,1992,69.79
155,1,1993,69.34
155,1,1994,68.52
155,1,1995,67.29
155,1,1996,64.38
155,1,1997,62.64
155,1,1998,61.62
155,1,1999,59.2
155,1,2000,58.49
155,1,2001,58.07
155,1,2002,58.66
155,1,2003,58.67
155,1,2004,59.73
155,1,2005,63.32
155,1,2006,67.59
155,1,2007,69.24
155,1,2008,67.33
155,1,2009,60.83
155,1,2010,60.02
155,1,2011,61.99
155,1,2012,62.4
155,1,2013,64.25
155,1,2014,64.48
155,1,2015,64.6
155,1,2016,65.28
155,1,2017,64.37
155,1,2018,62.77
155,1,2019,62.58
155,1,2020,64.78
155,1,2021,66.17
155,1,2022,64.24
155,1,2023,62.58
155,2,1990,9.05
155,2,1991,9.06
155,2,1992,9.14
155,2,1993,9.21
155,2,1994,9.17
155,2,1995,9.16
155,2,1996,8.98
155,2,1997,8.98
155,2,1998,9.05
155,2,1999,8.74
155,2,2000,9.03
155,2,2001,9.08
155,2,2002,9.33
155,2,2003,9.31
155,2,2004,9.4
155,2,2005,9.93
155,2,2006,10.51
155,2,2007,10.68
155,2,2008,10.29
155,2,2009,9.35
155,2,2010,9.23
155,2,2011,9.58
155,2,2012,9.78
155,2,2013,10.16
155,2,2014,10.51
155,2,2015,10.69
155,2,2016,10.84
155,2,2017,10.76
155,2,2018,10.56
155,2,2019,10.74
155,2,2020,11.07
155,2,2021,11.97
155,2,2022,11.65
155,2,2023,11.33
156,1,1990,47.73
156,1,1991,47.54
156,1,1992,46.87
156,1,1993,46.73
156,1,1994,46.94
156,1,1995,48.17
156,1,1996,48.1
156,1,1997,46.66
156,1,1998,47.5
156,1,1999,46.7
156,1,2000,41.62
156,1,2001,40.71
156,1,2002,40.1
156,1,2003,39.4
156,1,2004,36.86
156,1,2005,33.29
156,1,2006,32.09
156,1,2007,30.41
156,1,2008,27.46
156,1,2009,24.6
156,1,2010,23.03
156,1,2011,20.73
156,1,2012,18.62
156,1,2013,16.56
156,1,2014,15.11
156,1,2015,14.75
156,1,2016,14.61
156,1,2017,14.35
156,1,2018,14.09
156,1,2019,14.62
156,1,2020,12.34
156,1,2021,12.38
156,1,2022,13.2
156,1,2023,14.12
156,2,1990,15.29
156,2,1991,15.02
156,2,1992,14.59
156,2,1993,14.56
156,2,1994,14.37
156,2,1995,13.81
156,2,1996,13.55
156,2,1997,13.65
156,2,1998,14.24
156,2,1999,14.32
156,2,2000,14.58
156,2,2001,14.5
156,2,2002,13.7
156,2,2003,13.05
156,2,2004,13.36
156,2,2005,13.41
156,2,2006,12.83
156,2,2007,12.35
156,2,2008,11.6
156,2,2009,10.68
156,2,2010,9.86
156,2,2011,9.16
156,2,2012,8.52
156,2,2013,8.17
156,2,2014,7.89
156,2,2015,7.58
156,2,2016,7.25
156,2,2017,7.19
156,2,2018,7.26
156,2,2019,7.7
156,2,2020,7.71
156,2,2021,7.72
156,2,2022,7.44
156,2,2023,7.62
157,1,1990,17.85
157,1,1991,17.81
157,1,1992,17.84
157,1,1993,17.8
157,1,1994,17.88
157,1,1995,17.83
157,1,1996,17.8
157,1,1997,17.73
157,1,1998,17.6
157,1,1999,17.82
157,1,2000,17.97
157,1,2001,17.86
157,1,2002,17.81
157,1,2003,17.76
157,1,2004,17.91
157,1,2005,17.94
157,1,2006,18.02
157,1,2007,17.87
157,1,2008,18.15
157,1,2009,18.11
157,1,2010,17.68
157,1,2011,17.8
157,1,2012,17.83
157,1,2013,17.79
157,1,2014,17.35
157,1,2015,17.59
157,1,2016,17.07
157,1,2017,16.57
157,1,2018,16.14
157,1,2019,16.45
157,1,2020,17.1
157,1,2021,16.68
157,1,2022,16.89
157,1,2023,16.75
157,2,1990,4.06
157,2,1991,4.06
157,2,1992,4.08
157,2,1993,4.06
157,2,1994,4.06
157,2,1995,4.01
157,2,1996,3.99
157,2,1997,3.98
157,2,1998,3.96
157,2,1999,4.02
157,2,2000,4.05
157,2,2001,4.05
157,2,2002,4.04
157,2,2003,4.05
157,2,2004,4.13
157,2,2005,4.17
157,2,2006,4.21
157,2,2007,4.22
157,2,2008,4.34
157,2,2009,4.36
157,2,2010,4.32
157,2,2011,4.42
157,2,2012,4.42
157,2,2013,4.52
157,2,2014,4.54
157,2,2015,4.56
157,2,2016,4.48
157,2,2017,4.4
157,2,2018,4.24
157,2,2019,4.24
157,2,2020,4.17
157,2,2021,4.16
157,2,2022,4.41
157,2,2023,4.56
160,1,1990,7.37
160,1,1991,7.33
160,1,1992,7.37
160,1,1993,7.47
160,1,1994,7.38
160,1,1995,7.42
160,1,1996,7.4
160,1,1997,7.39
160,1,1998,7.32
160,1,1999,7.37
160,1,2000,7.43
160,1,2001,7.47
160,1,2002,7.39
160,1,2003,7.53
160,1,2004,7.72
160,1,2005,7.84
160,1,2006,7.88
160,1,2007,7.95
160,1,2008,7.99
160,1,2009,8.06
160,1,2010,8.08
160,1,2011,8.27
160,1,2012,8.5
160,1,2013,8.57
160,1,2014,8.72
160,1,2015,8.78
160,1,2016,8.77
160,1,2017,8.69
160,1,2018,8.77
160,1,2019,8.72
160,1,2020,8.71
160,1,2021,9.49
160,1,2022,9.39
160,1,2023,9.65
160,2,1990,3.17
160,2,1991,3.15
160,2,1992,3.16
160,2,1993,3.17
160,2,1994,3.1
160,2,1995,3.07
160,2,1996,3.02
160,2,1997,2.98
160,2,1998,2.9
160,2,1999,2.89
160,2,2000,2.85
160,2,2001,2.81
160,2,2002,2.74
160,2,2003,2.79
160,2,2004,2.87
160,2,2005,2.92
160,2,2006,2.97
160,2,2007,3.02
160,2,2008,3.1
160,2,2009,3.19
160,2,2010,3.25
160,2,2011,3.32
160,2,2012,3.38
160,2,2013,3.45
160,2,2014,3.51
160,2,2015,3.57
160,2,2016,3.57
160,2,2017,3.58
160,2,2018,3.59
160,2,2019,3.64
160,2,2020,3.72
160,2,2021,4.03
160,2,2022,3.91
160,2,2023,3.95
161,1,1990,10.79
161,1,1991,11.74
161,1,1992,11.34
161,1,1993,11.4
161,1,1994,11.54
161,1,1995,11.61
161,1,1996,11.72
161,1,1997,11.78
161,1,1998,11.93
161,1,1999,12.09
161,1,2000,11.98
161,1,2001,12
161,1,2002,12.02
161,1,2003,12.09
161,1,2004,12.02
161,1,2005,11.97
161,1,2006,11.8
161,1,2007,11.7
161,1,2008,11.67
161,1,2009,11.88
161,1,2010,12.13
161,1,2011,12.55
161,1,2012,13.3
161,1,2013,13.76
161,1,2014,14.26
161,1,2015,14.54
161,1,2016,14.87
161,1,2017,14.96
161,1,2018,15.29
161,1,2019,15.39
161,1,2020,15.26
161,1,2021,16.71
161,1,2022,17.51
161,1,2023,17.81
161,2,1990,3.34
161,2,1991,3.91
161,2,1992,3.77
161,2,1993,3.89
161,2,1994,4
161,2,1995,4.06
161,2,1996,4.22
161,2,1997,4.34
161,2,1998,4.5
161,2,1999,4.6
161,2,2000,4.57
161,2,2001,4.52
161,2,2002,4.49
161,2,2003,4.43
161,2,2004,4.29
161,2,2005,4.2
161,2,2006,4.16
161,2,2007,4.13
161,2,2008,4.09
161,2,2009,4.13
161,2,2010,4.16
161,2,2011,4.15
161,2,2012,4.24
161,2,2013,4.4
161,2,2014,4.57
161,2,2015,4.74
161,2,2016,4.94
161,2,2017,5.14
161,2,2018,5.36
161,2,2019,5.62
161,2,2020,5.87
161,2,2021,6.65
161,2,2022,6.99
161,2,2023,7.47
162,1,1990,5.47
162,1,1991,5.65
162,1,1992,5.79
162,1,1993,5.89
162,1,1994,5.91
162,1,1995,6.14
162,1,1996,6.26
162,1,1997,6.4
162,1,1998,6.31
162,1,1999,6.32
162,1,2000,6.41
162,1,2001,6.54
162,1,2002,6.62
162,1,2003,6.71
162,1,2004,6.76
162,1,2005,6.82
162,1,2006,6.78
162,1,2007,6.75
162,1,2008,6.71
162,1,2009,6.64
162,1,2010,6.66
162,1,2011,6.82
162,1,2012,7.04
162,1,2013,7.1
162,1,2014,7.25
162,1,2015,7.28
162,1,2016,7.41
162,1,2017,7.49
162,1,2018,7.59
162,1,2019,7.59
162,1,2020,7.59
162,1,2021,7.88
162,1,2022,8.06
162,1,2023,7.93
162,2,1990,3.19
162,2,1991,3.32
162,2,1992,3.41
162,2,1993,3.52
162,2,1994,3.56
162,2,1995,3.73
162,2,1996,3.85
162,2,1997,4.06
162,2,1998,4.05
162,2,1999,4.06
162,2,2000,4.18
162,2,2001,4.36
162,2,2002,4.5
162,2,2003,4.64
162,2,2004,4.7
162,2,2005,4.75
162,2,2006,4.76
162,2,2007,4.79
162,2,2008,4.79
162,2,2009,4.77
162,2,2010,4.83
162,2,2011,4.91
162,2,2012,5.02
162,2,2013,5.07
162,2,2014,5.13
162,2,2015,5.2
162,2,2016,5.33
162,2,2017,5.46
162,2,2018,5.54
162,2,2019,5.61
162,2,2020,5.76
162,2,2021,5.91
162,2,2022,6.08
162,2,2023,6.22
163,1,1990,8.54
163,1,1991,8.47
163,1,1992,8.32
163,1,1993,8.23
163,1,1994,8.06
163,1,1995,7.94
163,1,1996,8.17
163,1,1997,8.52
163,1,1998,8.66
163,1,1999,8.64
163,1,2000,8.6
163,1,2001,8.63
163,1,2002,8.74
163,1,2003,8.62
163,1,2004,8.32
163,1,2005,8.38
163,1,2006,8.61
163,1,2007,8.79
163,1,2008,8.69
163,1,2009,8.73
163,1,2010,8.9
163,1,2011,9.26
163,1,2012,9.53
163,1,2013,9.45
163,1,2014,9.34
163,1,2015,9.43
163,1,2016,10
163,1,2017,10.24
163,1,2018,10.44
163,1,2019,10.27
163,1,2020,10.49
163,1,2021,12.63
163,1,2022,11.35
163,1,2023,11.45
163,2,1990,2.36
163,2,1991,2.39
163,2,1992,2.35
163,2,1993,2.27
163,2,1994,2.22
163,2,1995,2.25
163,2,1996,2.37
163,2,1997,2.5
163,2,1998,2.58
163,2,1999,2.58
163,2,2000,2.58
163,2,2001,2.6
163,2,2002,2.63
163,2,2003,2.61
163,2,2004,2.59
163,2,2005,2.64
163,2,2006,2.69
163,2,2007,2.76
163,2,2008,2.75
163,2,2009,2.76
163,2,2010,2.83
163,2,2011,2.87
163,2,2012,2.97
163,2,2013,3.13
163,2,2014,3.34
163,2,2015,3.54
163,2,2016,3.74
163,2,2017,3.88
163,2,2018,3.99
163,2,2019,4.07
163,2,2020,4.17
163,2,2021,4.56
163,2,2022,4.63
163,2,2023,4.79
164,1,1990,7.09
164,1,1991,7.34
164,1,1992,7.59
164,1,1993,7.67
164,1,1994,7.92
164,1,1995,8.15
164,1,1996,8.39
164,1,1997,8.56
164,1,1998,8.73
164,1,1999,8.88
164,1,2000,8.92
164,1,2001,8.93
164,1,2002,8.9
164,1,2003,8.84
164,1,2004,8.62
164,1,2005,8.39
164,1,2006,8.05
164,1,2007,7.77
164,1,2008,7.48
164,1,2009,7.29
164,1,2010,7.05
164,1,2011,7
164,1,2012,7.14
164,1,2013,7.12
164,1,2014,7.25
164,1,2015,7.15
164,1,2016,7.3
164,1,2017,7.2
164,1,2018,7.25
164,1,2019,7.23
164,1,2020,7.18
164,1,2021,8.26
164,1,2022,8.34
164,1,2023,8.59
164,2,1990,3.17
164,2,1991,3.33
164,2,1992,3.45
164,2,1993,3.53
164,2,1994,3.67
164,2,1995,3.8
164,2,1996,3.93
164,2,1997,4.11
164,2,1998,4.23
164,2,1999,4.3
164,2,2000,4.36
164,2,2001,4.35
164,2,2002,4.3
164,2,2003,4.23
164,2,2004,4.11
164,2,2005,3.96
164,2,2006,3.8
164,2,2007,3.66
164,2,2008,3.5
164,2,2009,3.4
164,2,2010,3.26
164,2,2011,3.17
164,2,2012,3.14
164,2,2013,3.14
164,2,2014,3.18
164,2,2015,3.14
164,2,2016,3.23
164,2,2017,3.27
164,2,2018,3.32
164,2,2019,3.4
164,2,2020,3.46
164,2,2021,3.91
164,2,2022,4.12
164,2,2023,4.42
165,1,1990,8.46
165,1,1991,8.59
165,1,1992,8.65
165,1,1993,8.72
165,1,1994,8.64
165,1,1995,8.61
165,1,1996,8.66
165,1,1997,8.42
165,1,1998,8.3
165,1,1999,8.11
165,1,2000,7.92
165,1,2001,7.98
165,1,2002,7.98
165,1,2003,7.9
165,1,2004,7.83
165,1,2005,7.96
165,1,2006,7.7
165,1,2007,7.65
165,1,2008,7.54
165,1,2009,7.48
165,1,2010,7.35
165,1,2011,7.38
165,1,2012,7.46
165,1,2013,7.42
165,1,2014,7.41
165,1,2015,7.25
165,1,2016,7.22
165,1,2017,7.08
165,1,2018,7.04
165,1,2019,6.91
165,1,2020,7.25
165,1,2021,7.84
165,1,2022,7.62
165,1,2023,7.98
165,2,1990,4.77
165,2,1991,4.82
165,2,1992,4.82
165,2,1993,4.8
165,2,1994,4.71
165,2,1995,4.63
165,2,1996,4.57
165,2,1997,4.65
165,2,1998,4.77
165,2,1999,4.89
165,2,2000,5.08
165,2,2001,5.09
165,2,2002,5.15
165,2,2003,5.14
165,2,2004,5.19
165,2,2005,5.44
165,2,2006,5.26
165,2,2007,5.37
165,2,2008,5.46
165,2,2009,5.58
165,2,2010,5.66
165,2,2011,5.72
165,2,2012,5.81
165,2,2013,5.97
165,2,2014,6.06
165,2,2015,6.09
165,2,2016,6.17
165,2,2017,6.2
165,2,2018,6.24
165,2,2019,6.36
165,2,2020,6.74
165,2,2021,7.51
165,2,2022,7.37
165,2,2023,7.44
168,1,1990,9.64
168,1,1991,9.57
168,1,1992,9.48
168,1,1993,9.52
168,1,1994,9.56
168,1,1995,9.42
168,1,1996,8.92
168,1,1997,8.81
168,1,1998,9.21
168,1,1999,9.34
168,1,2000,9.39
168,1,2001,9.53
168,1,2002,9.86
168,1,2003,9.98
168,1,2004,9.98
168,1,2005,10.13
168,1,2006,10.51
168,1,2007,10.64
168,1,2008,10.91
168,1,2009,11.12
168,1,2010,11.28
168,1,2011,11.43
168,1,2012,11.47
168,1,2013,11.61
168,1,2014,11.82
168,1,2015,11.98
168,1,2016,11.95
168,1,2017,11.96
168,1,2018,11.94
168,1,2019,12.02
168,1,2020,12.52
168,1,2021,13.26
168,1,2022,13.54
168,1,2023,13.83
168,2,1990,2.87
168,2,1991,2.84
168,2,1992,2.81
168,2,1993,2.82
168,2,1994,2.83
168,2,1995,2.74
168,2,1996,2.52
168,2,1997,2.47
168,2,1998,2.62
168,2,1999,2.68
168,2,2000,2.66
168,2,2001,2.69
168,2,2002,2.72
168,2,2003,2.71
168,2,2004,2.71
168,2,2005,2.75
168,2,2006,2.93
168,2,2007,3.01
168,2,2008,3.11
168,2,2009,3.22
168,2,2010,3.3
168,2,2011,3.38
168,2,2012,3.45
168,2,2013,3.57
168,2,2014,3.7
168,2,2015,3.73
168,2,2016,3.65
168,2,2017,3.62
168,2,2018,3.63
168,2,2019,3.7
168,2,2020,3.71
168,2,2021,3.88
168,2,2022,4.27
168,2,2023,4.48
169,1,1990,6.39
169,1,1991,6.55
169,1,1992,6.63
169,1,1993,6.94
169,1,1994,7.05
169,1,1995,6.96
169,1,1996,7
169,1,1997,6.75
169,1,1998,6.71
169,1,1999,6.57
169,1,2000,6.33
169,1,2001,6.16
169,1,2002,6.08
169,1,2003,5.84
169,1,2004,5.66
169,1,2005,5.51
169,1,2006,5.44
169,1,2007,5.33
169,1,2008,5.23
169,1,2009,5.24
169,1,2010,5.43
169,1,2011,5.57
169,1,2012,5.56
169,1,2013,5.53
169,1,2014,5.45
169,1,2015,5.58
169,1,2016,5.53
169,1,2017,5.61
169,1,2018,5.59
169,1,2019,5.74
169,1,2020,6.06
169,1,2021,6.08
169,1,2022,6.84
169,1,2023,7.06
169,2,1990,3.19
169,2,1991,3.29
169,2,1992,3.33
169,2,1993,3.41
169,2,1994,3.42
169,2,1995,3.32
169,2,1996,3.35
169,2,1997,3.25
169,2,1998,3.27
169,2,1999,3.26
169,2,2000,3.13
169,2,2001,3.08
169,2,2002,3.07
169,2,2003,2.97
169,2,2004,2.91
169,2,2005,2.86
169,2,2006,2.84
169,2,2007,2.8
169,2,2008,2.74
169,2,2009,2.78
169,2,2010,2.92
169,2,2011,3
169,2,2012,2.99
169,2,2013,2.99
169,2,2014,2.96
169,2,2015,2.99
169,2,2016,3.02
169,2,2017,3.09
169,2,2018,3.11
169,2,2019,3.21
169,2,2020,3.24
169,2,2021,3.27
169,2,2022,3.73
169,2,2023,3.89
170,1,1990,7.54
170,1,1991,7.65
170,1,1992,7.73
170,1,1993,7.79
170,1,1994,8.2
170,1,1995,8.07
170,1,1996,8.06
170,1,1997,8.36
170,1,1998,7.97
170,1,1999,8.18
170,1,2000,8.36
170,1,2001,8.2
170,1,2002,8.51
170,1,2003,8.77
170,1,2004,8.92
170,1,2005,9.31
170,1,2006,9.62
170,1,2007,9.89
170,1,2008,10.16
170,1,2009,10.38
170,1,2010,10.51
170,1,2011,10.4
170,1,2012,10.58
170,1,2013,10.65
170,1,2014,10.8
170,1,2015,11.08
170,1,2016,11.11
170,1,2017,11.13
170,1,2018,11.17
170,1,2019,11.61
170,1,2020,12.21
170,1,2021,12.62
170,1,2022,13.43
170,1,2023,13.63
170,2,1990,3.63
170,2,1991,3.58
170,2,1992,3.64
170,2,1993,3.6
170,2,1994,3.83
170,2,1995,3.73
170,2,1996,3.66
170,2,1997,3.85
170,2,1998,3.58
170,2,1999,3.68
170,2,2000,3.72
170,2,2001,3.57
170,2,2002,3.66
170,2,2003,3.77
170,2,2004,3.79
170,2,2005,3.97
170,2,2006,4.11
170,2,2007,4.25
170,2,2008,4.41
170,2,2009,4.54
170,2,2010,4.59
170,2,2011,4.66
170,2,2012,4.74
170,2,2013,4.77
170,2,2014,4.79
170,2,2015,4.89
170,2,2016,4.99
170,2,2017,5.01
170,2,2018,5.05
170,2,2019,5.26
170,2,2020,5.39
170,2,2021,5.51
170,2,2022,6.27
170,2,2023,6.53
171,1,1990,8.32
171,1,1991,8.39
171,1,1992,8.37
171,1,1993,8.3
171,1,1994,8.11
171,1,1995,7.97
171,1,1996,7.84
171,1,1997,7.72
171,1,1998,7.75
171,1,1999,7.79
171,1,2000,7.81
171,1,2001,7.8
171,1,2002,7.95
171,1,2003,7.89
171,1,2004,7.91
171,1,2005,7.98
171,1,2006,8.09
171,1,2007,8.15
171,1,2008,8.27
171,1,2009,8.35
171,1,2010,8.38
171,1,2011,8.45
171,1,2012,8.54
171,1,2013,8.66
171,1,2014,8.87
171,1,2015,9.01
171,1,2016,9.06
171,1,2017,9.13
171,1,2018,9.3
171,1,2019,9.49
171,1,2020,10.76
171,1,2021,10.8
171,1,2022,11.69
171,1,2023,11.69
171,2,1990,3.61
171,2,1991,3.64
171,2,1992,3.61
171,2,1993,3.57
171,2,1994,3.46
171,2,1995,3.39
171,2,1996,3.32
171,2,1997,3.29
171,2,1998,3.3
171,2,1999,3.35
171,2,2000,3.35
171,2,2001,3.32
171,2,2002,3.36
171,2,2003,3.34
171,2,2004,3.35
171,2,2005,3.39
171,2,2006,3.45
171,2,2007,3.48
171,2,2008,3.53
171,2,2009,3.58
171,2,2010,3.65
171,2,2011,3.73
171,2,2012,3.81
171,2,2013,3.91
171,2,2014,4.05
171,2,2015,4.17
171,2,2016,4.29
171,2,2017,4.43
171,2,2018,4.63
171,2,2019,4.83
171,2,2020,5.09
171,2,2021,5.24
171,2,2022,6.2
171,2,2023,6.41
172,1,1990,11.49
172,1,1991,11.61
172,1,1992,11.69
172,1,1993,11.86
172,1,1994,11.79
172,1,1995,11.98
172,1,1996,12.36
172,1,1997,13.32
172,1,1998,14.02
172,1,1999,14.91
172,1,2000,15.9
172,1,2001,16.72
172,1,2002,17.39
172,1,2003,17.47
172,1,2004,17.96
172,1,2005,18.89
172,1,2006,19.05
172,1,2007,19.28
172,1,2008,19.82
172,1,2009,20.88
172,1,2010,21.54
172,1,2011,21.37
172,1,2012,20.7
172,1,2013,20.58
172,1,2014,20.71
172,1,2015,21.01
172,1,2016,20.96
172,1,2017,20.85
172,1,2018,20.82
172,1,2019,20.82
172,1,2020,22.1
172,1,2021,23.14
172,1,2022,25
172,1,2023,25.5
172,2,1990,3.61
172,2,1991,3.66
172,2,1992,3.7
172,2,1993,3.72
172,2,1994,3.61
172,2,1995,3.67
172,2,1996,3.71
172,2,1997,4.04
172,2,1998,4.23
172,2,1999,4.49
172,2,2000,4.76
172,2,2001,4.98
172,2,2002,5.09
172,2,2003,5.08
172,2,2004,5.19
172,2,2005,5.46
172,2,2006,5.6
172,2,2007,5.78
172,2,2008,6.07
172,2,2009,6.4
172,2,2010,6.33
172,2,2011,6.36
172,2,2012,6.87
172,2,2013,7.03
172,2,2014,7.37
172,2,2015,7.26
172,2,2016,7.25
172,2,2017,7.79
172,2,2018,7.93
172,2,2019,7.89
172,2,2020,7.81
172,2,2021,8.63
172,2,2022,9.63
172,2,2023,10.15
173,1,1990,8.06
173,1,1991,8.34
173,1,1992,8.37
173,1,1993,8.24
173,1,1994,8.29
173,1,1995,8.45
173,1,1996,8.44
173,1,1997,8.68
173,1,1998,8.79
173,1,1999,8.68
173,1,2000,8.8
173,1,2001,8.86
173,1,2002,9.13
173,1,2003,9.13
173,1,2004,9.24
173,1,2005,9.54
173,1,2006,9.65
173,1,2007,9.79
173,1,2008,9.74
173,1,2009,9.65
173,1,2010,9.54
173,1,2011,9.54
173,1,2012,9.62
173,1,2013,9.94
173,1,2014,10.17
173,1,2015,10.63
173,1,2016,10.69
173,1,2017,10.7
173,1,2018,10.82
173,1,2019,11.04
173,1,2020,11.47
173,1,2021,11.65
173,1,2022,12.93
173,1,2023,13.35
173,2,1990,4.64
173,2,1991,4.82
173,2,1992,4.91
173,2,1993,4.72
173,2,1994,4.74
173,2,1995,4.85
173,2,1996,4.74
173,2,1997,4.83
173,2,1998,4.81
173,2,1999,4.62
173,2,2000,4.66
173,2,2001,4.69
173,2,2002,4.83
173,2,2003,4.84
173,2,2004,4.91
173,2,2005,5.18
173,2,2006,5.33
173,2,2007,5.41
173,2,2008,5.43
173,2,2009,5.49
173,2,2010,5.46
173,2,2011,5.5
173,2,2012,5.77
173,2,2013,6.19
173,2,2014,6.42
173,2,2015,6.64
173,2,2016,6.65
173,2,2017,6.66
173,2,2018,6.68
173,2,2019,6.79
173,2,2020,7.03
173,2,2021,7.3
173,2,2022,8.21
173,2,2023,8.54
175,1,1990,5.2
175,1,1991,5.15
175,1,1992,5.1
175,1,1993,5.07
175,1,1994,4.99
175,1,1995,4.9
175,1,1996,4.86
175,1,1997,4.82
175,1,1998,4.75
175,1,1999,4.73
175,1,2000,4.75
175,1,2001,4.77
175,1,2002,4.78
175,1,2003,4.82
175,1,2004,4.95
175,1,2005,5.11
175,1,2006,5.28
175,1,2007,5.51
175,1,2008,5.77
175,1,2009,5.9
175,1,2010,6
175,1,2011,6.12
175,1,2012,6.24
175,1,2013,6.29
175,1,2014,6.46
175,1,2015,6.56
175,1,2016,6.62
175,1,2017,6.64
175,1,2018,6.62
175,1,2019,6.71
175,1,2020,7.01
175,1,2021,7.99
175,1,2022,7.33
175,1,2023,7.55
175,2,1990,2.01
175,2,1991,1.96
175,2,1992,1.93
175,2,1993,1.9
175,2,1994,1.84
175,2,1995,1.79
175,2,1996,1.76
175,2,1997,1.73
175,2,1998,1.68
175,2,1999,1.65
175,2,2000,1.64
175,2,2001,1.63
175,2,2002,1.62
175,2,2003,1.61
175,2,2004,1.65
175,2,2005,1.71
175,2,2006,1.77
175,2,2007,1.85
175,2,2008,1.95
175,2,2009,1.99
175,2,2010,2.04
175,2,2011,2.11
175,2,2012,2.18
175,2,2013,2.19
175,2,2014,2.24
175,2,2015,2.29
175,2,2016,2.32
175,2,2017,2.37
175,2,2018,2.38
175,2,2019,2.44
175,2,2020,2.44
175,2,2021,2.71
175,2,2022,2.73
175,2,2023,2.89
176,1,1990,3.66
176,1,1991,3.71
176,1,1992,3.73
176,1,1993,3.73
176,1,1994,3.7
176,1,1995,3.65
176,1,1996,3.75
176,1,1997,3.56
176,1,1998,3.63
176,1,1999,3.57
176,1,2000,3.76
176,1,2001,3.69
176,1,2002,3.83
176,1,2003,3.78
176,1,2004,3.56
176,1,2005,3.7
176,1,2006,3.49
176,1,2007,3.74
176,1,2008,3.67
176,1,2009,3.62
176,1,2010,3.47
176,1,2011,3.54
176,1,2012,3.44
176,1,2013,3.43
176,1,2014,3.59
176,1,2015,3.57
176,1,2016,3.58
176,1,2017,3.56
176,1,2018,3.49
176,1,2019,3.58
176,1,2020,4.17
176,1,2021,5.2
176,1,2022,4.02
176,1,2023,4.05
176,2,1990,1.55
176,2,1991,1.59
176,2,1992,1.61
176,2,1993,1.61
176,2,1994,1.6
176,2,1995,1.56
176,2,1996,1.58
176,2,1997,1.53
176,2,1998,1.56
176,2,1999,1.51
176,2,2000,1.59
176,2,2001,1.55
176,2,2002,1.62
176,2,2003,1.59
176,2,2004,1.48
176,2,2005,1.56
176,2,2006,1.46
176,2,2007,1.61
176,2,2008,1.59
176,2,2009,1.52
176,2,2010,1.49
176,2,2011,1.5
176,2,2012,1.46
176,2,2013,1.44
176,2,2014,1.53
176,2,2015,1.5
176,2,2016,1.5
176,2,2017,1.5
176,2,2018,1.46
176,2,2019,1.5
176,2,2020,1.52
176,2,2021,1.6
176,2,2022,1.55
176,2,2023,1.64
177,1,1990,9.59
177,1,1991,9.15
177,1,1992,8.99
177,1,1993,9.82
177,1,1994,8.77
177,1,1995,8.98
177,1,1996,8.77
177,1,1997,8.51
177,1,1998,8.52
177,1,1999,8.38
177,1,2000,8.3
177,1,2001,8.21
177,1,2002,8.17
177,1,2003,7.87
177,1,2004,8.21
177,1,2005,8.25
177,1,2006,8.43
177,1,2007,8.55
177,1,2008,8.7
177,1,2009,8.7
177,1,2010,8.82
177,1,2011,8.98
177,1,2012,9.26
177,1,2013,9.3
177,1,2014,9.09
177,1,2015,9.52
177,1,2016,9.63
177,1,2017,9.84
177,1,2018,9.64
177,1,2019,9.83
177,1,2020,9.88
177,1,2021,11.21
177,1,2022,10.54
177,1,2023,11.22
177,2,1990,3.54
177,2,1991,3.39
177,2,1992,3.38
177,2,1993,3.82
177,2,1994,3.3
177,2,1995,3.38
177,2,1996,3.23
177,2,1997,3.06
177,2,1998,3.01
177,2,1999,2.88
177,2,2000,2.79
177,2,2001,2.71
177,2,2002,2.66
177,2,2003,2.49
177,2,2004,2.58
177,2,2005,2.57
177,2,2006,2.59
177,2,2007,2.66
177,2,2008,2.72
177,2,2009,2.71
177,2,2010,2.78
177,2,2011,2.83
177,2,2012,2.9
177,2,2013,2.95
177,2,2014,2.91
177,2,2015,3.06
177,2,2016,3.11
177,2,2017,3.26
177,2,2018,3.23
177,2,2019,3.34
177,2,2020,3.2
177,2,2021,3.35
177,2,2022,3.59
177,2,2023,3.88
178,1,1990,4.85
178,1,1991,4.79
178,1,1992,4.8
178,1,1993,4.78
178,1,1994,4.71
178,1,1995,4.58
178,1,1996,4.63
178,1,1997,4.7
178,1,1998,4.75
178,1,1999,4.84
178,1,2000,4.87
178,1,2001,4.83
178,1,2002,4.92
178,1,2003,4.9
178,1,2004,4.91
178,1,2005,4.9
178,1,2006,4.92
178,1,2007,4.95
178,1,2008,4.98
178,1,2009,5.02
178,1,2010,5.02
178,1,2011,5.09
178,1,2012,5.24
178,1,2013,5.34
178,1,2014,5.31
178,1,2015,5.54
178,1,2016,5.62
178,1,2017,5.74
178,1,2018,5.86
178,1,2019,5.88
178,1,2020,6.1
178,1,2021,6.27
178,1,2022,7.66
178,1,2023,7.2
178,2,1990,2.4
178,2,1991,2.44
178,2,1992,2.5
178,2,1993,2.53
178,2,1994,2.55
178,2,1995,2.58
178,2,1996,2.61
178,2,1997,2.65
178,2,1998,2.68
178,2,1999,2.71
178,2,2000,2.72
178,2,2001,2.68
178,2,2002,2.73
178,2,2003,2.69
178,2,2004,2.68
178,2,2005,2.66
178,2,2006,2.67
178,2,2007,2.68
178,2,2008,2.68
178,2,2009,2.69
178,2,2010,2.7
178,2,2011,2.75
178,2,2012,2.83
178,2,2013,2.86
178,2,2014,2.89
178,2,2015,2.98
178,2,2016,3.03
178,2,2017,3.11
178,2,2018,3.2
178,2,2019,3.26
178,2,2020,3.27
178,2,2021,3.22
178,2,2022,3.75
178,2,2023,3.86
179,1,1990,7.28
179,1,1991,7.37
179,1,1992,7.49
179,1,1993,7.63
179,1,1994,7.75
179,1,1995,7.89
179,1,1996,8.1
179,1,1997,8.27
179,1,1998,8.39
179,1,1999,8.48
179,1,2000,8.55
179,1,2001,8.66
179,1,2002,8.77
179,1,2003,8.74
179,1,2004,8.79
179,1,2005,8.99
179,1,2006,9.29
179,1,2007,9.68
179,1,2008,10.14
179,1,2009,10.51
179,1,2010,10.85
179,1,2011,11.3
179,1,2012,11.36
179,1,2013,11.63
179,1,2014,11.63
179,1,2015,11.48
179,1,2016,11.58
179,1,2017,11.76
179,1,2018,11.95
179,1,2019,12.28
179,1,2020,12.55
179,1,2021,14.27
179,1,2022,14.35
179,1,2023,15.18
179,2,1990,1.32
179,2,1991,1.34
179,2,1992,1.36
179,2,1993,1.38
179,2,1994,1.39
179,2,1995,1.41
179,2,1996,1.45
179,2,1997,1.48
179,2,1998,1.51
179,2,1999,1.53
179,2,2000,1.56
179,2,2001,1.59
179,2,2002,1.63
179,2,2003,1.66
179,2,2004,1.7
179,2,2005,1.8
179,2,2006,1.92
179,2,2007,2.07
179,2,2008,2.22
179,2,2009,2.32
179,2,2010,2.44
179,2,2011,2.56
179,2,2012,2.61
179,2,2013,2.66
179,2,2014,2.66
179,2,2015,2.68
179,2,2016,2.78
179,2,2017,2.85
179,2,2018,2.95
179,2,2019,3.05
179,2,2020,3
179,2,2021,3.15
179,2,2022,3.72
179,2,2023,3.96
180,1,1990,4.14
180,1,1991,4.15
180,1,1992,4.16
180,1,1993,4.21
180,1,1994,4.26
180,1,1995,4.31
180,1,1996,4.34
180,1,1997,4.37
180,1,1998,4.37
180,1,1999,4.37
180,1,2000,4.36
180,1,2001,4.31
180,1,2002,4.23
180,1,2003,4.22
180,1,2004,4.31
180,1,2005,4.28
180,1,2006,4.17
180,1,2007,4.1
180,1,2008,4.1
180,1,2009,4.11
180,1,2010,4.07
180,1,2011,4.09
180,1,2012,4.08
180,1,2013,4.04
180,1,2014,4.05
180,1,2015,4.1
180,1,2016,4.11
180,1,2017,4.09
180,1,2018,4.15
180,1,2019,4.18
180,1,2020,4.92
180,1,2021,5.57
180,1,2022,4.55
180,1,2023,4.68
180,2,1990,2.12
180,2,1991,2.11
180,2,1992,2.11
180,2,1993,2.12
180,2,1994,2.13
180,2,1995,2.13
180,2,1996,2.15
180,2,1997,2.16
180,2,1998,2.19
180,2,1999,2.19
180,2,2000,2.22
180,2,2001,2.19
180,2,2002,2.21
180,2,2003,2.13
180,2,2004,2.13
180,2,2005,2.11
180,2,2006,2.1
180,2,2007,2.05
180,2,2008,2.04
180,2,2009,2.03
180,2,2010,2.07
180,2,2011,2.08
180,2,2012,2.06
180,2,2013,2.02
180,2,2014,1.92
180,2,2015,1.99
180,2,2016,2.03
180,2,2017,2.09
180,2,2018,2.14
180,2,2019,2.18
180,2,2020,2.18
180,2,2021,2.44
180,2,2022,2.46
180,2,2023,2.55
181,1,1990,12.2
181,1,1991,12.2
181,1,1992,12.21
181,1,1993,11.84
181,1,1994,11.88
181,1,1995,11.44
181,1,1996,11.12
181,1,1997,10.85
181,1,1998,10.45
181,1,1999,10.28
181,1,2000,10.08
181,1,2001,9.81
181,1,2002,9.46
181,1,2003,9.09
181,1,2004,8.91
181,1,2005,8.74
181,1,2006,8.77
181,1,2007,8.9
181,1,2008,9.08
181,1,2009,9.12
181,1,2010,9.15
181,1,2011,9.2
181,1,2012,9.18
181,1,2013,9.2
181,1,2014,9.16
181,1,2015,9.23
181,1,2016,9.28
181,1,2017,9.19
181,1,2018,9.3
181,1,2019,9.38
181,1,2020,9.63
181,1,2021,10.75
181,1,2022,11.27
181,1,2023,11.26
181,2,1990,4.59
181,2,1991,4.62
181,2,1992,4.63
181,2,1993,4.56
181,2,1994,4.59
181,2,1995,4.35
181,2,1996,4.27
181,2,1997,4.13
181,2,1998,4.03
181,2,1999,4.01
181,2,2000,3.91
181,2,2001,3.81
181,2,2002,3.67
181,2,2003,3.52
181,2,2004,3.41
181,2,2005,3.36
181,2,2006,3.37
181,2,2007,3.42
181,2,2008,3.46
181,2,2009,3.46
181,2,2010,3.46
181,2,2011,3.48
181,2,2012,3.49
181,2,2013,3.48
181,2,2014,3.45
181,2,2015,3.48
181,2,2016,3.52
181,2,2017,3.56
181,2,2018,3.65
181,2,2019,3.73
181,2,2020,3.53
181,2,2021,3.8
181,2,2022,4.62
181,2,2023,4.84
182,1,1990,4.4
182,1,1991,4.39
182,1,1992,4.37
182,1,1993,4.39
182,1,1994,4.34
182,1,1995,4.37
182,1,1996,4.38
182,1,1997,4.39
182,1,1998,4.39
182,1,1999,4.37
182,1,2000,4.51
182,1,2001,4.52
182,1,2002,4.61
182,1,2003,4.56
182,1,2004,4.64
182,1,2005,4.57
182,1,2006,4.32
182,1,2007,4.07
182,1,2008,3.93
182,1,2009,3.88
182,1,2010,4.09
182,1,2011,4.22
182,1,2012,4.25
182,1,2013,4.21
182,1,2014,4.22
182,1,2015,4.26
182,1,2016,4.27
182,1,2017,4.28
182,1,2018,4.34
182,1,2019,4.42
182,1,2020,4.61
182,1,2021,7.41
182,1,2022,5.29
182,1,2023,5.26
182,2,1990,1.31
182,2,1991,1.26
182,2,1992,1.22
182,2,1993,1.19
182,2,1994,1.13
182,2,1995,1.13
182,2,1996,1.12
182,2,1997,1.11
182,2,1998,1.1
182,2,1999,1.09
182,2,2000,1.12
182,2,2001,1.13
182,2,2002,1.15
182,2,2003,1.13
182,2,2004,1.15
182,2,2005,1.14
182,2,2006,1.08
182,2,2007,1.05
182,2,2008,1.04
182,2,2009,1.06
182,2,2010,1.14
182,2,2011,1.19
182,2,2012,1.23
182,2,2013,1.23
182,2,2014,1.24
182,2,2015,1.26
182,2,2016,1.27
182,2,2017,1.3
182,2,2018,1.35
182,2,2019,1.39
182,2,2020,1.37
182,2,2021,1.68
182,2,2022,1.68
182,2,2023,1.78
183,1,1990,23.27
183,1,1991,25.09
183,1,1992,24.76
183,1,1993,23.03
183,1,1994,23.11
183,1,1995,24.39
183,1,1996,23.1
183,1,1997,20.54
183,1,1998,21.12
183,1,1999,22.8
183,1,2000,23.75
183,1,2001,25.39
183,1,2002,23.58
183,1,2003,23.97
183,1,2004,23.4
183,1,2005,21.87
183,1,2006,20.86
183,1,2007,20.78
183,1,2008,21.04
183,1,2009,20.08
183,1,2010,19.56
183,1,2011,19.34
183,1,2012,19.44
183,1,2013,19.38
183,1,2014,18.51
183,1,2015,17.75
183,1,2016,17.61
183,1,2017,16.61
183,1,2018,15.68
183,1,2019,15.51
183,1,2020,14.18
183,1,2021,14.27
183,1,2022,14.2
183,1,2023,15.27
183,2,1990,6.38
183,2,1991,6.57
183,2,1992,5.9
183,2,1993,6.15
183,2,1994,6.21
183,2,1995,6.07
183,2,1996,5.79
183,2,1997,5.68
183,2,1998,6.3
183,2,1999,7.46
183,2,2000,7.79
183,2,2001,7.81
183,2,2002,7.64
183,2,2003,7.63
183,2,2004,7.58
183,2,2005,7.58
183,2,2006,6.67
183,2,2007,6.49
183,2,2008,6.31
183,2,2009,6.22
183,2,2010,5.99
183,2,2011,6.03
183,2,2012,5.91
183,2,2013,5.88
183,2,2014,5.59
183,2,2015,5.7
183,2,2016,5.48
183,2,2017,5.52
183,2,2018,5.74
183,2,2019,5.52
183,2,2020,5.31
183,2,2021,5.1
183,2,2022,5.52
183,2,2023,5.71
184,1,1990,6
184,1,1991,6.03
184,1,1992,6.05
184,1,1993,6.05
184,1,1994,6.06
184,1,1995,6.1
184,1,1996,6.14
184,1,1997,6.19
184,1,1998,6.25
184,1,1999,6.31
184,1,2000,6.41
184,1,2001,6.41
184,1,2002,6.59
184,1,2003,6.51
184,1,2004,6.49
184,1,2005,6.45
184,1,2006,6.33
184,1,2007,6.1
184,1,2008,5.94
184,1,2009,5.68
184,1,2010,5.45
184,1,2011,5.39
184,1,2012,5.45
184,1,2013,5.45
184,1,2014,5.29
184,1,2015,5.23
184,1,2016,5.17
184,1,2017,5.18
184,1,2018,5.31
184,1,2019,5.59
184,1,2020,5.79
184,1,2021,6.65
184,1,2022,6.14
184,1,2023,6.17
184,2,1990,1.05
184,2,1991,1.04
184,2,1992,1.04
184,2,1993,1.05
184,2,1994,1.04
184,2,1995,1.04
184,2,1996,1.04
184,2,1997,1.04
184,2,1998,1.06
184,2,1999,1.06
184,2,2000,1.07
184,2,2001,1.06
184,2,2002,1.08
184,2,2003,1.07
184,2,2004,1.07
184,2,2005,1.06
184,2,2006,1.05
184,2,2007,1.02
184,2,2008,1.03
184,2,2009,0.99
184,2,2010,0.95
184,2,2011,0.93
184,2,2012,0.93
184,2,2013,0.92
184,2,2014,0.89
184,2,2015,0.89
184,2,2016,0.89
184,2,2017,0.9
184,2,2018,0.91
184,2,2019,0.95
184,2,2020,0.97
184,2,2021,0.96
184,2,2022,1.06
184,2,2023,1.09
185,1,1990,10.58
185,1,1991,10.6
185,1,1992,10.55
185,1,1993,10.41
185,1,1994,11.73
185,1,1995,10.07
185,1,1996,9.91
185,1,1997,9.71
185,1,1998,9.62
185,1,1999,9.71
185,1,2000,9.85
185,1,2001,9.91
185,1,2002,10.25
185,1,2003,10.62
185,1,2004,11.31
185,1,2005,11.71
185,1,2006,12.24
185,1,2007,12.48
185,1,2008,12.62
185,1,2009,12.76
185,1,2010,12.79
185,1,2011,12.97
185,1,2012,13.18
185,1,2013,13.44
185,1,2014,13.63
185,1,2015,13.74
185,1,2016,13.73
185,1,2017,13.77
185,1,2018,13.9
185,1,2019,14.21
185,1,2020,14.52
185,1,2021,15.94
185,1,2022,16.43
185,1,2023,17.12
185,2,1990,3.42
185,2,1991,3.42
185,2,1992,3.44
185,2,1993,3.42
185,2,1994,4.02
185,2,1995,3.16
185,2,1996,3.04
185,2,1997,2.97
185,2,1998,2.89
185,2,1999,2.84
185,2,2000,2.82
185,2,2001,2.79
185,2,2002,2.85
185,2,2003,2.89
185,2,2004,3.04
185,2,2005,3.23
185,2,2006,3.45
185,2,2007,3.55
185,2,2008,3.59
185,2,2009,3.65
185,2,2010,3.66
185,2,2011,3.74
185,2,2012,3.8
185,2,2013,3.91
185,2,2014,3.95
185,2,2015,3.97
185,2,2016,3.97
185,2,2017,4.02
185,2,2018,4.1
185,2,2019,4.24
185,2,2020,4.27
185,2,2021,4.42
185,2,2022,5.08
185,2,2023,5.39
186,1,1990,33.98
186,1,1991,35.82
186,1,1992,36.94
186,1,1993,37.57
186,1,1994,37.04
186,1,1995,36.86
186,1,1996,36.74
186,1,1997,36.78
186,1,1998,36.69
186,1,1999,36.37
186,1,2000,36.34
186,1,2001,35.96
186,1,2002,34.91
186,1,2003,33.95
186,1,2004,33.28
186,1,2005,32.78
186,1,2006,32.25
186,1,2007,32.27
186,1,2008,32.01
186,1,2009,31.52
186,1,2010,30.81
186,1,2011,30.25
186,1,2012,29.75
186,1,2013,29.25
186,1,2014,28.55
186,1,2015,27.64
186,1,2016,26.84
186,1,2017,25.74
186,1,2018,24.46
186,1,2019,24.14
186,1,2020,23.8
186,1,2021,25.48
186,1,2022,23.67
186,1,2023,27.39
186,2,1990,6.3
186,2,1991,6.51
186,2,1992,6.68
186,2,1993,6.82
186,2,1994,6.86
186,2,1995,6.88
186,2,1996,6.97
186,2,1997,7.1
186,2,1998,7.25
186,2,1999,7.38
186,2,2000,7.5
186,2,2001,7.58
186,2,2002,7.5
186,2,2003,7.39
186,2,2004,7.28
186,2,2005,7.15
186,2,2006,6.95
186,2,2007,6.94
186,2,2008,6.87
186,2,2009,6.81
186,2,2010,6.7
186,2,2011,6.57
186,2,2012,6.45
186,2,2013,6.36
186,2,2014,6.23
186,2,2015,6.11
186,2,2016,6.17
186,2,2017,6.03
186,2,2018,5.97
186,2,2019,6.14
186,2,2020,5.96
186,2,2021,6.82
186,2,2022,6.7
186,2,2023,7.28
187,1,1990,3.02
187,1,1991,3.03
187,1,1992,3.07
187,1,1993,3.03
187,1,1994,3.05
187,1,1995,2.98
187,1,1996,2.97
187,1,1997,3
187,1,1998,3.03
187,1,1999,3.05
187,1,2000,3.14
187,1,2001,3.13
187,1,2002,3.13
187,1,2003,3.11
187,1,2004,3.16
187,1,2005,3.2
187,1,2006,3.19
187,1,2007,3.21
187,1,2008,3.19
187,1,2009,3.22
187,1,2010,3.21
187,1,2011,3.28
187,1,2012,3.31
187,1,2013,3.31
187,1,2014,3.33
187,1,2015,3.39
187,1,2016,3.46
187,1,2017,3.51
187,1,2018,3.54
187,1,2019,3.55
187,1,2020,3.88
187,1,2021,5.29
187,1,2022,4.03
187,1,2023,4.14
187,2,1990,0.95
187,2,1991,0.96
187,2,1992,0.99
187,2,1993,0.97
187,2,1994,0.98
187,2,1995,0.95
187,2,1996,0.95
187,2,1997,0.95
187,2,1998,0.95
187,2,1999,0.95
187,2,2000,0.97
187,2,2001,0.97
187,2,2002,0.97
187,2,2003,0.96
187,2,2004,0.96
187,2,2005,0.97
187,2,2006,0.96
187,2,2007,0.97
187,2,2008,0.96
187,2,2009,0.96
187,2,2010,0.97
187,2,2011,0.98
187,2,2012,0.98
187,2,2013,0.98
187,2,2014,0.99
187,2,2015,1.02
187,2,2016,1.05
187,2,2017,1.08
187,2,2018,1.1
187,2,2019,1.13
187,2,2020,1.04
187,2,2021,1.19
187,2,2022,1.23
187,2,2023,1.29
189,1,1990,2.76
189,1,1991,2.8
189,1,1992,2.86
189,1,1993,2.87
189,1,1994,2.89
189,1,1995,2.88
189,1,1996,2.88
189,1,1997,2.88
189,1,1998,2.85
189,1,1999,2.79
189,1,2000,2.77
189,1,2001,2.75
189,1,2002,2.8
189,1,2003,2.83
189,1,2004,2.85
189,1,2005,2.84
189,1,2006,2.84
189,1,2007,2.85
189,1,2008,2.86
189,1,2009,2.87
189,1,2010,2.87
189,1,2011,2.94
189,1,2012,3.01
189,1,2013,3.01
189,1,2014,2.99
189,1,2015,3
189,1,2016,3
189,1,2017,2.96
189,1,2018,2.91
189,1,2019,2.86
189,1,2020,2.98
189,1,2021,3.29
189,1,2022,2.89
189,1,2023,3.02
189,2,1990,0.86
189,2,1991,0.87
189,2,1992,0.89
189,2,1993,0.89
189,2,1994,0.9
189,2,1995,0.89
189,2,1996,0.89
189,2,1997,0.91
189,2,1998,0.91
189,2,1999,0.89
189,2,2000,0.89
189,2,2001,0.89
189,2,2002,0.91
189,2,2003,0.93
189,2,2004,0.95
189,2,2005,0.97
189,2,2006,0.99
189,2,2007,1.01
189,2,2008,1.03
189,2,2009,1.04
189,2,2010,1.05
189,2,2011,1.06
189,2,2012,1.08
189,2,2013,1.08
189,2,2014,1.06
189,2,2015,1.05
189,2,2016,1.04
189,2,2017,1.03
189,2,2018,1.01
189,2,2019,1
189,2,2020,1.02
189,2,2021,1.19
189,2,2022,1.01
189,2,2023,1.07
190,1,1990,9.16
190,1,1991,9.67
190,1,1992,9.79
190,1,1993,9.94
190,1,1994,10.04
190,1,1995,9.97
190,1,1996,9.94
190,1,1997,9.89
190,1,1998,9.92
190,1,1999,9.86
190,1,2000,10
190,1,2001,9.68
190,1,2002,9.57
190,1,2003,9.21
190,1,2004,8.94
190,1,2005,8.67
190,1,2006,8.62
190,1,2007,8.68
190,1,2008,8.68
190,1,2009,8.6
190,1,2010,8.45
190,1,2011,8.42
190,1,2012,8.44
190,1,2013,8.37
190,1,2014,8.41
190,1,2015,8.49
190,1,2016,8.35
190,1,2017,8.21
190,1,2018,8.17
190,1,2019,8.1
190,1,2020,8.27
190,1,2021,9.93
190,1,2022,9.03
190,1,2023,9.44
190,2,1990,3.34
190,2,1991,3.52
190,2,1992,3.53
190,2,1993,3.62
190,2,1994,3.7
190,2,1995,3.7
190,2,1996,3.74
190,2,1997,3.74
190,2,1998,3.75
190,2,1999,3.72
190,2,2000,3.79
190,2,2001,3.78
190,2,2002,3.83
190,2,2003,3.78
190,2,2004,3.78
190,2,2005,3.84
190,2,2006,3.96
190,2,2007,4.02
190,2,2008,4.1
190,2,2009,4.17
190,2,2010,4.14
190,2,2011,4.19
190,2,2012,4.33
190,2,2013,4.43
190,2,2014,4.42
190,2,2015,4.49
190,2,2016,4.48
190,2,2017,4.54
190,2,2018,4.63
190,2,2019,4.71
190,2,2020,4.73
190,2,2021,5.29
190,2,2022,5.46
190,2,2023,5.84
191,1,1990,3.46
191,1,1991,3.49
191,1,1992,3.55
191,1,1993,3.59
191,1,1994,3.64
191,1,1995,3.73
191,1,1996,3.8
191,1,1997,3.83
191,1,1998,3.86
191,1,1999,3.89
191,1,2000,3.86
191,1,2001,3.98
191,1,2002,3.94
191,1,2003,3.86
191,1,2004,3.8
191,1,2005,3.72
191,1,2006,3.75
191,1,2007,3.69
191,1,2008,3.69
191,1,2009,3.72
191,1,2010,3.72
191,1,2011,3.81
191,1,2012,3.84
191,1,2013,3.84
191,1,2014,3.87
191,1,2015,3.92
191,1,2016,3.97
191,1,2017,3.95
191,1,2018,3.94
191,1,2019,3.97
191,1,2020,4.32
191,1,2021,5.4
191,1,2022,4.31
191,1,2023,4.39
191,2,1990,2.02
191,2,1991,2
191,2,1992,1.98
191,2,1993,1.95
191,2,1994,1.91
191,2,1995,1.89
191,2,1996,1.9
191,2,1997,1.91
191,2,1998,1.92
191,2,1999,1.94
191,2,2000,1.95
191,2,2001,2.04
191,2,2002,2.01
191,2,2003,2.01
191,2,2004,2.04
191,2,2005,2.07
191,2,2006,2.12
191,2,2007,2.14
191,2,2008,2.21
191,2,2009,2.27
191,2,2010,2.29
191,2,2011,2.35
191,2,2012,2.35
191,2,2013,2.35
191,2,2014,2.35
191,2,2015,2.39
191,2,2016,2.45
191,2,2017,2.49
191,2,2018,2.5
191,2,2019,2.56
191,2,2020,2.64
191,2,2021,2.94
191,2,2022,3
191,2,2023,3.16
193,1,1990,6.62
193,1,1991,6.69
193,1,1992,6.8
193,1,1993,6.9
193,1,1994,7.24
193,1,1995,7.73
193,1,1996,8.29
193,1,1997,9.09
193,1,1998,9.96
193,1,1999,10.63
193,1,2000,10.98
193,1,2001,11.19
193,1,2002,10.64
193,1,2003,9.4
193,1,2004,8.14
193,1,2005,7.35
193,1,2006,7.48
193,1,2007,6.82
193,1,2008,6.63
193,1,2009,6.44
193,1,2010,6.26
193,1,2011,6.32
193,1,2012,6.43
193,1,2013,6.58
193,1,2014,6.72
193,1,2015,7
193,1,2016,7.33
193,1,2017,7.45
193,1,2018,7.74
193,1,2019,8.07
193,1,2020,8.29
193,1,2021,9.07
193,1,2022,9.2
193,1,2023,9.64
193,2,1990,1.54
193,2,1991,1.47
193,2,1992,1.41
193,2,1993,1.35
193,2,1994,1.33
193,2,1995,1.34
193,2,1996,1.38
193,2,1997,1.47
193,2,1998,1.62
193,2,1999,1.78
193,2,2000,1.94
193,2,2001,2.02
193,2,2002,1.98
193,2,2003,1.83
193,2,2004,1.67
193,2,2005,1.63
193,2,2006,1.92
193,2,2007,1.6
193,2,2008,1.57
193,2,2009,1.57
193,2,2010,1.53
193,2,2011,1.52
193,2,2012,1.53
193,2,2013,1.54
193,2,2014,1.56
193,2,2015,1.64
193,2,2016,1.73
193,2,2017,1.81
193,2,2018,1.89
193,2,2019,1.97
193,2,2020,2.03
193,2,2021,2.44
193,2,2022,2.32
193,2,2023,2.38
194,1,1990,23.96
194,1,1991,23.52
194,1,1992,22.91
194,1,1993,22.58
194,1,1994,22.2
194,1,1995,22.35
194,1,1996,22.75
194,1,1997,23.23
194,1,1998,23.78
194,1,1999,24.59
194,1,2000,25.61
194,1,2001,29.55
194,1,2002,32.39
194,1,2003,31.21
194,1,2004,29.6
194,1,2005,24.73
194,1,2006,19.86
194,1,2007,16.67
194,1,2008,15.38
194,1,2009,15.45
194,1,2010,15.81
194,1,2011,16.27
194,1,2012,16.89
194,1,2013,17.85
194,1,2014,19.48
194,1,2015,20.96
194,1,2016,19.7
194,1,2017,18.1
194,1,2018,17.71
194,1,2019,17.7
194,1,2020,17.2
194,1,2021,18.01
194,1,2022,20.8
194,1,2023,22
194,2,1990,6.03
194,2,1991,6.08
194,2,1992,6.08
194,2,1993,6.08
194,2,1994,6.02
194,2,1995,5.97
194,2,1996,6.03
194,2,1997,6.1
194,2,1998,5.98
194,2,1999,5.88
194,2,2000,5.77
194,2,2001,6.67
194,2,2002,7.31
194,2,2003,6.45
194,2,2004,5.7
194,2,2005,4.73
194,2,2006,3.99
194,2,2007,3.63
194,2,2008,3.62
194,2,2009,3.78
194,2,2010,3.86
194,2,2011,4
194,2,2012,4.05
194,2,2013,4.1
194,2,2014,4.16
194,2,2015,4.25
194,2,2016,4.29
194,2,2017,4.34
194,2,2018,4.39
194,2,2019,4.43
194,2,2020,4.37
194,2,2021,4.89
194,2,2022,5.3
194,2,2023,5.44
195,1,1990,6.99
195,1,1991,7.08
195,1,1992,7.1
195,1,1993,7.01
195,1,1994,6.85
195,1,1995,6.57
195,1,1996,6.35
195,1,1997,6.26
195,1,1998,6.19
195,1,1999,6.17
195,1,2000,6.13
195,1,2001,6.02
195,1,2002,6
195,1,2003,5.99
195,1,2004,5.77
195,1,2005,5.57
195,1,2006,5.37
195,1,2007,5.42
195,1,2008,5.44
195,1,2009,5.43
195,1,2010,5.4
195,1,2011,5.44
195,1,2012,5.53
195,1,2013,5.52
195,1,2014,5.51
195,1,2015,5.6
195,1,2016,5.65
195,1,2017,5.57
195,1,2018,5.5
195,1,2019,5.6
195,1,2020,5.68
195,1,2021,7.14
195,1,2022,6.08
195,1,2023,6.06
195,2,1990,2.98
195,2,1991,3.02
195,2,1992,3.03
195,2,1993,2.95
195,2,1994,2.84
195,2,1995,2.68
195,2,1996,2.56
195,2,1997,2.48
195,2,1998,2.43
195,2,1999,2.41
195,2,2000,2.39
195,2,2001,2.34
195,2,2002,2.37
195,2,2003,2.37
195,2,2004,2.29
195,2,2005,2.25
195,2,2006,2.25
195,2,2007,2.37
195,2,2008,2.51
195,2,2009,2.55
195,2,2010,2.56
195,2,2011,2.61
195,2,2012,2.69
195,2,2013,2.72
195,2,2014,2.64
195,2,2015,2.63
195,2,2016,2.62
195,2,2017,2.65
195,2,2018,2.78
195,2,2019,2.89
195,2,2020,2.82
195,2,2021,3.1
195,2,2022,3.06
195,2,2023,3.1
196,1,1990,40.73
196,1,1991,39.67
196,1,1992,39.43
196,1,1993,41
196,1,1994,42.25
196,1,1995,40.91
196,1,1996,42.65
196,1,1997,41.32
196,1,1998,41.07
196,1,1999,39.67
196,1,2000,37.15
196,1,2001,35.78
196,1,2002,34.3
196,1,2003,33.08
196,1,2004,30.81
196,1,2005,29.71
196,1,2006,30.1
196,1,2007,30.59
196,1,2008,31.12
196,1,2009,32.73
196,1,2010,33.72
196,1,2011,34.88
196,1,2012,35.4
196,1,2013,35.95
196,1,2014,36.81
196,1,2015,36.77
196,1,2016,36.04
196,1,2017,35.04
196,1,2018,34.05
196,1,2019,31.77
196,1,2020,30.33
196,1,2021,31.32
196,1,2022,30.94
196,1,2023,32.33
196,2,1990,8.93
196,2,1991,9.03
196,2,1992,8.91
196,2,1993,9.58
196,2,1994,9.84
196,2,1995,10.14
196,2,1996,10.69
196,2,1997,10.12
196,2,1998,10.14
196,2,1999,9.63
196,2,2000,9.16
196,2,2001,8.87
196,2,2002,8.55
196,2,2003,8.33
196,2,2004,7.99
196,2,2005,8.24
196,2,2006,8.63
196,2,2007,8.99
196,2,2008,9.47
196,2,2009,10.18
196,2,2010,10.68
196,2,2011,11.17
196,2,2012,11.46
196,2,2013,11.87
196,2,2014,12.24
196,2,2015,12.31
196,2,2016,12.19
196,2,2017,11.99
196,2,2018,11.79
196,2,2019,10.76
196,2,2020,9.8
196,2,2021,9.55
196,2,2022,10.23
196,2,2023,11.43
197,1,1990,12.36
197,1,1991,12.65
197,1,1992,12.93
197,1,1993,12.92
197,1,1994,12.57
197,1,1995,10.52
197,1,1996,9.79
197,1,1997,9.27
197,1,1998,8.72
197,1,1999,8.47
197,1,2000,7.62
197,1,2001,7.82
197,1,2002,7.91
197,1,2003,8.15
197,1,2004,8.37
197,1,2005,7.73
197,1,2006,7.01
197,1,2007,6.42
197,1,2008,6.22
197,1,2009,6.08
197,1,2010,5.29
197,1,2011,4.95
197,1,2012,4.72
197,1,2013,4.45
197,1,2014,4.11
197,1,2015,4.1
197,1,2016,3.87
197,1,2017,3.91
197,1,2018,4.07
197,1,2019,4.19
197,1,2020,4.48
197,1,2021,4.95
197,1,2022,4.84
197,1,2023,4.82
197,2,1990,3.41
197,2,1991,3.49
197,2,1992,3.55
197,2,1993,3.5
197,2,1994,3.36
197,2,1995,3.01
197,2,1996,2.76
197,2,1997,2.53
197,2,1998,2.32
197,2,1999,2.17
197,2,2000,2.03
197,2,2001,2.06
197,2,2002,2.04
197,2,2003,2.14
197,2,2004,2.27
197,2,2005,2.32
197,2,2006,2.33
197,2,2007,2.23
197,2,2008,2.17
197,2,2009,2.18
197,2,2010,2.15
197,2,2011,2.17
197,2,2012,2.15
197,2,2013,2.1
197,2,2014,2.03
197,2,2015,2
197,2,2016,1.99
197,2,2017,2.04
197,2,2018,2.08
197,2,2019,2.13
197,2,2020,2.43
197,2,2021,2.68
197,2,2022,2.56
197,2,2023,2.52
198,1,1990,27.29
198,1,1991,28.44
198,1,1992,32.1
198,1,1993,33.78
198,1,1994,36.56
198,1,1995,37.37
198,1,1996,39.56
198,1,1997,41.26
198,1,1998,41.4
198,1,1999,40.72
198,1,2000,37.29
198,1,2001,37.23
198,1,2002,36.88
198,1,2003,36.17
198,1,2004,34.02
198,1,2005,30.85
198,1,2006,28.47
198,1,2007,25.32
198,1,2008,24.54
198,1,2009,23.62
198,1,2010,22.61
198,1,2011,23.13
198,1,2012,23.63
198,1,2013,23.55
198,1,2014,22.92
198,1,2015,22.91
198,1,2016,23.35
198,1,2017,22.76
198,1,2018,22.92
198,1,2019,22.81
198,1,2020,22.98
198,1,2021,29.27
198,1,2022,22.88
198,1,2023,22.87
198,2,1990,4.21
198,2,1991,4.19
198,2,1992,4.76
198,2,1993,4.94
198,2,1994,5.4
198,2,1995,5.63
198,2,1996,5.98
198,2,1997,6.34
198,2,1998,6.52
198,2,1999,6.57
198,2,2000,6.41
198,2,2001,6.56
198,2,2002,6.7
198,2,2003,6.74
198,2,2004,6.57
198,2,2005,6.15
198,2,2006,5.79
198,2,2007,5.31
198,2,2008,5.38
198,2,2009,5.33
198,2,2010,5.25
198,2,2011,5.57
198,2,2012,5.67
198,2,2013,5.63
198,2,2014,5.57
198,2,2015,5.69
198,2,2016,5.81
198,2,2017,5.76
198,2,2018,5.91
198,2,2019,5.95
198,2,2020,5.92
198,2,2021,6.98
198,2,2022,6.04
198,2,2023,6.09
200,1,1990,2.8
200,1,1991,2.81
200,1,1992,2.8
200,1,1993,2.81
200,1,1994,2.8
200,1,1995,2.79
200,1,1996,2.79
200,1,1997,2.8
200,1,1998,2.84
200,1,1999,2.83
200,1,2000,2.86
200,1,2001,2.75
200,1,2002,2.68
200,1,2003,2.59
200,1,2004,2.47
200,1,2005,2.42
200,1,2006,2.43
200,1,2007,2.36
200,1,2008,2.41
200,1,2009,2.43
200,1,2010,2.42
200,1,2011,2.46
200,1,2012,2.47
200,1,2013,2.43
200,1,2014,2.42
200,1,2015,2.6
200,1,2016,2.52
200,1,2017,2.51
200,1,2018,2.47
200,1,2019,2.49
200,1,2020,2.55
200,1,2021,2.5
200,1,2022,2.51
200,1,2023,2.59
200,2,1990,0.76
200,2,1991,0.77
200,2,1992,0.78
200,2,1993,0.79
200,2,1994,0.79
200,2,1995,0.79
200,2,1996,0.79
200,2,1997,0.79
200,2,1998,0.79
200,2,1999,0.79
200,2,2000,0.8
200,2,2001,0.77
200,2,2002,0.75
200,2,2003,0.73
200,2,2004,0.7
200,2,2005,0.69
200,2,2006,0.7
200,2,2007,0.7
200,2,2008,0.73
200,2,2009,0.77
200,2,2010,0.78
200,2,2011,0.8
200,2,2012,0.81
200,2,2013,0.83
200,2,2014,0.83
200,2,2015,0.85
200,2,2016,0.85
200,2,2017,0.86
200,2,2018,0.86
200,2,2019,0.89
200,2,2020,0.9
200,2,2021,0.89
200,2,2022,0.92
200,2,2023,0.98
201,1,1990,8.32
201,1,1991,8.25
201,1,1992,8.15
201,1,1993,8.13
201,1,1994,7.97
201,1,1995,7.86
201,1,1996,7.77
201,1,1997,7.59
201,1,1998,7.56
201,1,1999,7.36
201,1,2000,7.23
201,1,2001,6.98
201,1,2002,6.97
201,1,2003,6.74
201,1,2004,6.67
201,1,2005,6.6
201,1,2006,6.64
201,1,2007,6.42
201,1,2008,6.31
201,1,2009,6.17
201,1,2010,5.99
201,1,2011,5.79
201,1,2012,5.85
201,1,2013,5.67
201,1,2014,5.65
201,1,2015,6.25
201,1,2016,6.16
201,1,2017,6.08
201,1,2018,5.99
201,1,2019,5.86
201,1,2020,5.86
201,1,2021,5.79
201,1,2022,6.73
201,1,2023,7.24
201,2,1990,2.36
201,2,1991,2.27
201,2,1992,2.21
201,2,1993,2.19
201,2,1994,2.14
201,2,1995,2.1
201,2,1996,2.06
201,2,1997,2.01
201,2,1998,1.98
201,2,1999,1.94
201,2,2000,1.93
201,2,2001,1.87
201,2,2002,1.92
201,2,2003,1.85
201,2,2004,1.87
201,2,2005,1.92
201,2,2006,2
201,2,2007,1.98
201,2,2008,2.02
201,2,2009,2.03
201,2,2010,2.04
201,2,2011,2.06
201,2,2012,2.1
201,2,2013,2.11
201,2,2014,2.09
201,2,2015,2.23
201,2,2016,2.24
201,2,2017,2.26
201,2,2018,2.24
201,2,2019,2.23
201,2,2020,2.14
201,2,2021,2.1
201,2,2022,2.6
201,2,2023,2.78
202,1,1990,11.07
202,1,1991,10.75
202,1,1992,10.29
202,1,1993,9.94
202,1,1994,9.62
202,1,1995,9.39
202,1,1996,9.22
202,1,1997,9.01
202,1,1998,8.94
202,1,1999,8.83
202,1,2000,8.9
202,1,2001,8.64
202,1,2002,8.64
202,1,2003,8.38
202,1,2004,8.14
202,1,2005,7.96
202,1,2006,8.05
202,1,2007,7.88
202,1,2008,8.07
202,1,2009,8.27
202,1,2010,8.42
202,1,2011,8.5
202,1,2012,8.65
202,1,2013,8.67
202,1,2014,8.7
202,1,2015,9.34
202,1,2016,9.03
202,1,2017,8.94
202,1,2018,8.97
202,1,2019,9.03
202,1,2020,9.14
202,1,2021,9.33
202,1,2022,9.71
202,1,2023,10.14
202,2,1990,4.06
202,2,1991,3.95
202,2,1992,3.82
202,2,1993,3.69
202,2,1994,3.53
202,2,1995,3.38
202,2,1996,3.29
202,2,1997,3.2
202,2,1998,3.16
202,2,1999,3.11
202,2,2000,3.16
202,2,2001,3.06
202,2,2002,3.1
202,2,2003,3.04
202,2,2004,3.02
202,2,2005,3.03
202,2,2006,3.13
202,2,2007,3.11
202,2,2008,3.25
202,2,2009,3.39
202,2,2010,3.52
202,2,2011,3.62
202,2,2012,3.71
202,2,2013,3.76
202,2,2014,3.72
202,2,2015,3.88
202,2,2016,3.9
202,2,2017,3.97
202,2,2018,4.09
202,2,2019,4.15
202,2,2020,4.27
202,2,2021,4.4
202,2,2022,4.61
202,2,2023,4.84
203,1,1990,15.12
203,1,1991,15.19
203,1,1992,15.29
203,1,1993,15.38
203,1,1994,15.86
203,1,1995,17.88
203,1,1996,15.37
203,1,1997,15.17
203,1,1998,15.34
203,1,1999,15.63
203,1,2000,15.76
203,1,2001,15.98
203,1,2002,16.08
203,1,2003,16.17
203,1,2004,16.2
203,1,2005,16.26
203,1,2006,16.71
203,1,2007,17.14
203,1,2008,16.92
203,1,2009,16.97
203,1,2010,17.04
203,1,2011,18
203,1,2012,18.55
203,1,2013,18.25
203,1,2014,18.3
203,1,2015,19.35
203,1,2016,18.82
203,1,2017,19
203,1,2018,17.5
203,1,2019,17.64
203,1,2020,17.35
203,1,2021,17.45
203,1,2022,18.83
203,1,2023,19.15
203,2,1990,6.82
203,2,1991,6.79
203,2,1992,6.68
203,2,1993,6.58
203,2,1994,6.71
203,2,1995,7.9
203,2,1996,6.29
203,2,1997,6.14
203,2,1998,6.06
203,2,1999,6.03
203,2,2000,6.02
203,2,2001,6.02
203,2,2002,6.02
203,2,2003,6.04
203,2,2004,6.06
203,2,2005,6.16
203,2,2006,6.3
203,2,2007,6.45
203,2,2008,6.5
203,2,2009,6.58
203,2,2010,6.67
203,2,2011,6.99
203,2,2012,7.28
203,2,2013,7.56
203,2,2014,7.94
203,2,2015,8.35
203,2,2016,8.54
203,2,2017,8.56
203,2,2018,8.58
203,2,2019,8.64
203,2,2020,8.13
203,2,2021,8.19
203,2,2022,9.94
203,2,2023,10.53
204,1,1990,10.46
204,1,1991,10.31
204,1,1992,10.03
204,1,1993,9.93
204,1,1994,9.48
204,1,1995,9.12
204,1,1996,8.94
204,1,1997,8.72
204,1,1998,8.52
204,1,1999,8.3
204,1,2000,8.21
204,1,2001,8.14
204,1,2002,8.1
204,1,2003,7.97
204,1,2004,7.9
204,1,2005,7.83
204,1,2006,7.66
204,1,2007,7.52
204,1,2008,7.4
204,1,2009,7.35
204,1,2010,7.37
204,1,2011,7.45
204,1,2012,7.55
204,1,2013,7.47
204,1,2014,7.43
204,1,2015,7.86
204,1,2016,7.71
204,1,2017,7.63
204,1,2018,7.61
204,1,2019,7.6
204,1,2020,7.99
204,1,2021,7.61
204,1,2022,8.63
204,1,2023,8.94
204,2,1990,3.06
204,2,1991,3.04
204,2,1992,2.98
204,2,1993,2.98
204,2,1994,2.83
204,2,1995,2.7
204,2,1996,2.67
204,2,1997,2.64
204,2,1998,2.57
204,2,1999,2.52
204,2,2000,2.51
204,2,2001,2.51
204,2,2002,2.51
204,2,2003,2.5
204,2,2004,2.5
204,2,2005,2.53
204,2,2006,2.53
204,2,2007,2.54
204,2,2008,2.54
204,2,2009,2.56
204,2,2010,2.61
204,2,2011,2.65
204,2,2012,2.67
204,2,2013,2.7
204,2,2014,2.7
204,2,2015,2.77
204,2,2016,2.78
204,2,2017,2.78
204,2,2018,2.8
204,2,2019,2.81
204,2,2020,2.78
204,2,2021,2.74
204,2,2022,3.15
204,2,2023,3.28
205,1,1990,4.73
205,1,1991,4.69
205,1,1992,4.65
205,1,1993,4.67
205,1,1994,4.67
205,1,1995,4.68
205,1,1996,4.78
205,1,1997,4.88
205,1,1998,4.97
205,1,1999,4.97
205,1,2000,5.01
205,1,2001,4.74
205,1,2002,4.57
205,1,2003,4.23
205,1,2004,4.01
205,1,2005,3.85
205,1,2006,3.77
205,1,2007,3.62
205,1,2008,3.56
205,1,2009,3.47
205,1,2010,3.34
205,1,2011,3.46
205,1,2012,3.72
205,1,2013,3.79
205,1,2014,3.85
205,1,2015,4.28
205,1,2016,4.28
205,1,2017,4.27
205,1,2018,4.32
205,1,2019,4.25
205,1,2020,4.43
205,1,2021,4.38
205,1,2022,4.98
205,1,2023,5.2
205,2,1990,2.58
205,2,1991,2.5
205,2,1992,2.47
205,2,1993,2.46
205,2,1994,2.45
205,2,1995,2.42
205,2,1996,2.43
205,2,1997,2.43
205,2,1998,2.44
205,2,1999,2.42
205,2,2000,2.44
205,2,2001,2.28
205,2,2002,2.25
205,2,2003,2.11
205,2,2004,2.08
205,2,2005,2.08
205,2,2006,2.12
205,2,2007,2.08
205,2,2008,2.1
205,2,2009,2.07
205,2,2010,2.05
205,2,2011,2.1
205,2,2012,2.22
205,2,2013,2.35
205,2,2014,2.4
205,2,2015,2.61
205,2,2016,2.7
205,2,2017,2.75
205,2,2018,2.79
205,2,2019,2.73
205,2,2020,2.78
205,2,2021,2.75
205,2,2022,3.25
205,2,2023,3.48
206,1,1990,3.05
206,1,1991,3.12
206,1,1992,3.28
206,1,1993,3.21
206,1,1994,3.12
206,1,1995,3.46
206,1,1996,3.23
206,1,1997,3.2
206,1,1998,3.36
206,1,1999,3.57
206,1,2000,3.3
206,1,2001,3.08
206,1,2002,3.09
206,1,2003,3.08
206,1,2004,3.33
206,1,2005,3.4
206,1,2006,3.29
206,1,2007,3.25
206,1,2008,3.05
206,1,2009,3.09
206,1,2010,3
206,1,2011,2.73
206,1,2012,2.78
206,1,2013,2.69
206,1,2014,2.88
206,1,2015,2.9
206,1,2016,3.05
206,1,2017,3.42
206,1,2018,3.33
206,1,2019,3.51
206,1,2020,3.64
206,1,2021,3.7
206,1,2022,3.9
206,1,2023,4.15
206,2,1990,0.5
206,2,1991,0.51
206,2,1992,0.54
206,2,1993,0.53
206,2,1994,0.51
206,2,1995,0.58
206,2,1996,0.53
206,2,1997,0.52
206,2,1998,0.55
206,2,1999,0.6
206,2,2000,0.55
206,2,2001,0.52
206,2,2002,0.53
206,2,2003,0.55
206,2,2004,0.62
206,2,2005,0.65
206,2,2006,0.64
206,2,2007,0.65
206,2,2008,0.63
206,2,2009,0.66
206,2,2010,0.65
206,2,2011,0.59
206,2,2012,0.61
206,2,2013,0.61
206,2,2014,0.67
206,2,2015,0.65
206,2,2016,0.71
206,2,2017,0.82
206,2,2018,0.82
206,2,2019,0.9
206,2,2020,0.87
206,2,2021,0.91
206,2,2022,1.03
206,2,2023,1.07
207,1,1990,10.47
207,1,1991,10.31
207,1,1992,10.25
207,1,1993,10.28
207,1,1994,10.3
207,1,1995,10.18
207,1,1996,10.07
207,1,1997,9.99
207,1,1998,10.05
207,1,1999,9.94
207,1,2000,10.02
207,1,2001,9.81
207,1,2002,9.71
207,1,2003,9.37
207,1,2004,9.16
207,1,2005,8.95
207,1,2006,8.89
207,1,2007,8.51
207,1,2008,8.64
207,1,2009,8.71
207,1,2010,8.62
207,1,2011,9.02
207,1,2012,9.3
207,1,2013,9.29
207,1,2014,9.44
207,1,2015,10.36
207,1,2016,10.5
207,1,2017,10.65
207,1,2018,10.7
207,1,2019,10.85
207,1,2020,11.33
207,1,2021,11.89
207,1,2022,12.49
207,1,2023,12.33
207,2,1990,4.75
207,2,1991,4.71
207,2,1992,4.71
207,2,1993,4.75
207,2,1994,4.77
207,2,1995,4.64
207,2,1996,4.54
207,2,1997,4.47
207,2,1998,4.48
207,2,1999,4.42
207,2,2000,4.49
207,2,2001,4.06
207,2,2002,3.72
207,2,2003,3.27
207,2,2004,2.96
207,2,2005,2.73
207,2,2006,2.59
207,2,2007,2.37
207,2,2008,2.46
207,2,2009,2.52
207,2,2010,2.58
207,2,2011,2.75
207,2,2012,2.85
207,2,2013,2.89
207,2,2014,2.92
207,2,2015,3.08
207,2,2016,3.19
207,2,2017,3.29
207,2,2018,3.45
207,2,2019,3.62
207,2,2020,3.74
207,2,2021,3.94
207,2,2022,4.48
207,2,2023,4.68
208,1,1990,8.72
208,1,1991,8.79
208,1,1992,8.92
208,1,1993,8.89
208,1,1994,8.93
208,1,1995,8.96
208,1,1996,8.81
208,1,1997,8.67
208,1,1998,8.62
208,1,1999,8.46
208,1,2000,8.27
208,1,2001,8.08
208,1,2002,7.92
208,1,2003,7.71
208,1,2004,7.5
208,1,2005,7.36
208,1,2006,7.4
208,1,2007,7.28
208,1,2008,7.24
208,1,2009,7.21
208,1,2010,7.19
208,1,2011,7.27
208,1,2012,7.35
208,1,2013,7.14
208,1,2014,7.19
208,1,2015,7.52
208,1,2016,7.47
208,1,2017,7.54
208,1,2018,7.6
208,1,2019,7.69
208,1,2020,7.77
208,1,2021,7.92
208,1,2022,8.81
208,1,2023,8.96
208,2,1990,1.95
208,2,1991,1.96
208,2,1992,1.98
208,2,1993,1.99
208,2,1994,2.02
208,2,1995,2.06
208,2,1996,2.06
208,2,1997,2.04
208,2,1998,2.05
208,2,1999,2.05
208,2,2000,2.05
208,2,2001,2.02
208,2,2002,2
208,2,2003,1.98
208,2,2004,1.94
208,2,2005,1.94
208,2,2006,1.97
208,2,2007,1.95
208,2,2008,1.96
208,2,2009,1.98
208,2,2010,2.01
208,2,2011,2.04
208,2,2012,2.08
208,2,2013,2.09
208,2,2014,2.12
208,2,2015,2.17
208,2,2016,2.18
208,2,2017,2.21
208,2,2018,2.25
208,2,2019,2.36
208,2,2020,2.34
208,2,2021,2.39
208,2,2022,2.88
208,2,2023,3
209,1,1990,5.55
209,1,1991,5.55
209,1,1992,5.53
209,1,1993,5.53
209,1,1994,5.61
209,1,1995,5.5
209,1,1996,6.03
209,1,1997,5.91
209,1,1998,5.51
209,1,1999,5.36
209,1,2000,5.29
209,1,2001,5.3
209,1,2002,5.33
209,1,2003,5.33
209,1,2004,5.33
209,1,2005,5.6
209,1,2006,5.42
209,1,2007,5.4
209,1,2008,5.57
209,1,2009,5.51
209,1,2010,5.56
209,1,2011,5.61
209,1,2012,5.75
209,1,2013,5.55
209,1,2014,5.69
209,1,2015,6.06
209,1,2016,6.14
209,1,2017,6.34
209,1,2018,6.37
209,1,2019,6.49
209,1,2020,6.86
209,1,2021,6.62
209,1,2022,7.42
209,1,2023,7.54
209,2,1990,2.09
209,2,1991,2.09
209,2,1992,2.08
209,2,1993,2.08
209,2,1994,2.11
209,2,1995,2.03
209,2,1996,2.28
209,2,1997,2.21
209,2,1998,1.97
209,2,1999,1.93
209,2,2000,1.9
209,2,2001,1.92
209,2,2002,1.96
209,2,2003,2
209,2,2004,2.04
209,2,2005,2.21
209,2,2006,2.13
209,2,2007,2.14
209,2,2008,2.25
209,2,2009,2.24
209,2,2010,2.29
209,2,2011,2.35
209,2,2012,2.44
209,2,2013,2.47
209,2,2014,2.49
209,2,2015,2.58
209,2,2016,2.67
209,2,2017,2.78
209,2,2018,2.86
209,2,2019,2.96
209,2,2020,2.83
209,2,2021,2.75
209,2,2022,3.29
209,2,2023,3.45
210,1,1990,10.2
210,1,1991,10.1
210,1,1992,9.58
210,1,1993,9.27
210,1,1994,9.18
210,1,1995,8.74
210,1,1996,9.16
210,1,1997,8.46
210,1,1998,8.49
210,1,1999,8.45
210,1,2000,8.45
210,1,2001,8.22
210,1,2002,8.17
210,1,2003,8
210,1,2004,8.01
210,1,2005,7.84
210,1,2006,7.97
210,1,2007,7.84
210,1,2008,7.89
210,1,2009,7.97
210,1,2010,7.96
210,1,2011,8.1
210,1,2012,8.37
210,1,2013,8.35
210,1,2014,8.11
210,1,2015,8.45
210,1,2016,8.28
210,1,2017,8.07
210,1,2018,8.13
210,1,2019,8.28
210,1,2020,9.25
210,1,2021,10.17
210,1,2022,9.4
210,1,2023,9.67
210,2,1990,2.61
210,2,1991,2.57
210,2,1992,2.43
210,2,1993,2.34
210,2,1994,2.28
210,2,1995,2.18
210,2,1996,2.25
210,2,1997,2.09
210,2,1998,2.12
210,2,1999,2.11
210,2,2000,2.17
210,2,2001,2.12
210,2,2002,2.18
210,2,2003,2.13
210,2,2004,2.17
210,2,2005,2.17
210,2,2006,2.31
210,2,2007,2.31
210,2,2008,2.41
210,2,2009,2.51
210,2,2010,2.59
210,2,2011,2.65
210,2,2012,2.82
210,2,2013,2.92
210,2,2014,2.84
210,2,2015,2.9
210,2,2016,2.87
210,2,2017,2.89
210,2,2018,2.96
210,2,2019,3.09
210,2,2020,3.1
210,2,2021,3.5
210,2,2022,3.73
210,2,2023,3.9
211,1,1990,7.1
211,1,1991,7.16
211,1,1992,7.16
211,1,1993,7.19
211,1,1994,7.14
211,1,1995,7.17
211,1,1996,7.39
211,1,1997,7.47
211,1,1998,7.66
211,1,1999,7.73
211,1,2000,7.78
211,1,2001,7.61
211,1,2002,7.46
211,1,2003,7.28
211,1,2004,7.17
211,1,2005,7.04
211,1,2006,7.06
211,1,2007,7.01
211,1,2008,6.96
211,1,2009,6.97
211,1,2010,6.95
211,1,2011,6.77
211,1,2012,6.63
211,1,2013,6.37
211,1,2014,6.46
211,1,2015,7.06
211,1,2016,7.09
211,1,2017,7.35
211,1,2018,7.42
211,1,2019,7.34
211,1,2020,7.26
211,1,2021,7.67
211,1,2022,8.16
211,1,2023,8.5
211,2,1990,2.23
211,2,1991,2.23
211,2,1992,2.23
211,2,1993,2.25
211,2,1994,2.24
211,2,1995,2.24
211,2,1996,2.27
211,2,1997,2.23
211,2,1998,2.24
211,2,1999,2.22
211,2,2000,2.22
211,2,2001,2.16
211,2,2002,2.13
211,2,2003,2.09
211,2,2004,2.08
211,2,2005,2.06
211,2,2006,2.1
211,2,2007,2.14
211,2,2008,2.17
211,2,2009,2.22
211,2,2010,2.26
211,2,2011,2.27
211,2,2012,2.23
211,2,2013,2.21
211,2,2014,2.24
211,2,2015,2.4
211,2,2016,2.49
211,2,2017,2.61
211,2,2018,2.68
211,2,2019,2.71
211,2,2020,2.59
211,2,2021,2.74
211,2,2022,3.18
211,2,2023,3.35
212,1,1990,11.9
212,1,1991,11.94
212,1,1992,12.17
212,1,1993,12.54
212,1,1994,12.04
212,1,1995,12
212,1,1996,12.25
212,1,1997,12.42
212,1,1998,12.91
212,1,1999,12.64
212,1,2000,12.96
212,1,2001,13.02
212,1,2002,13.15
212,1,2003,12.83
212,1,2004,13.14
212,1,2005,13.06
212,1,2006,13.52
212,1,2007,13.02
212,1,2008,12.67
212,1,2009,13.12
212,1,2010,12.84
212,1,2011,12.57
212,1,2012,13.06
212,1,2013,12.49
212,1,2014,11.98
212,1,2015,12.44
212,1,2016,11.89
212,1,2017,12.48
212,1,2018,12.23
212,1,2019,12.77
212,1,2020,13.29
212,1,2021,14.16
212,1,2022,15.01
212,1,2023,14.75
212,2,1990,2.82
212,2,1991,2.81
212,2,1992,2.86
212,2,1993,2.94
212,2,1994,2.77
212,2,1995,2.76
212,2,1996,2.84
212,2,1997,2.9
212,2,1998,3.04
212,2,1999,2.96
212,2,2000,3.07
212,2,2001,3.13
212,2,2002,3.24
212,2,2003,3.19
212,2,2004,3.37
212,2,2005,3.44
212,2,2006,3.71
212,2,2007,3.6
212,2,2008,3.54
212,2,2009,3.79
212,2,2010,3.78
212,2,2011,3.76
212,2,2012,3.96
212,2,2013,3.98
212,2,2014,3.81
212,2,2015,3.86
212,2,2016,3.75
212,2,2017,4.05
212,2,2018,4.05
212,2,2019,4.41
212,2,2020,4.15
212,2,2021,4.53
212,2,2022,5.34
212,2,2023,5.65
213,1,1990,2.42
213,1,1991,2.49
213,1,1992,2.52
213,1,1993,2.57
213,1,1994,2.61
213,1,1995,2.65
213,1,1996,2.67
213,1,1997,2.69
213,1,1998,2.73
213,1,1999,2.69
213,1,2000,2.74
213,1,2001,2.67
213,1,2002,2.72
213,1,2003,2.66
213,1,2004,2.62
213,1,2005,2.55
213,1,2006,2.58
213,1,2007,2.53
213,1,2008,2.54
213,1,2009,2.52
213,1,2010,2.48
213,1,2011,2.47
213,1,2012,2.45
213,1,2013,2.38
213,1,2014,2.34
213,1,2015,2.63
213,1,2016,2.62
213,1,2017,2.53
213,1,2018,2.55
213,1,2019,2.48
213,1,2020,2.65
213,1,2021,2.55
213,1,2022,2.71
213,1,2023,2.91
213,2,1990,0.6
213,2,1991,0.6
213,2,1992,0.59
213,2,1993,0.6
213,2,1994,0.6
213,2,1995,0.6
213,2,1996,0.6
213,2,1997,0.6
213,2,1998,0.61
213,2,1999,0.6
213,2,2000,0.61
213,2,2001,0.59
213,2,2002,0.61
213,2,2003,0.6
213,2,2004,0.6
213,2,2005,0.59
213,2,2006,0.61
213,2,2007,0.61
213,2,2008,0.61
213,2,2009,0.61
213,2,2010,0.61
213,2,2011,0.61
213,2,2012,0.61
213,2,2013,0.61
213,2,2014,0.6
213,2,2015,0.63
213,2,2016,0.64
213,2,2017,0.65
213,2,2018,0.67
213,2,2019,0.68
213,2,2020,0.66
213,2,2021,0.68
213,2,2022,0.76
213,2,2023,0.79
214,1,1990,8.67
214,1,1991,8.8
214,1,1992,8.53
214,1,1993,8.44
214,1,1994,8.33
214,1,1995,8.28
214,1,1996,8.35
214,1,1997,8.37
214,1,1998,8.45
214,1,1999,8.45
214,1,2000,8.57
214,1,2001,8.45
214,1,2002,8.47
214,1,2003,8.25
214,1,2004,8.17
214,1,2005,8.1
214,1,2006,8.11
214,1,2007,8.01
214,1,2008,8.04
214,1,2009,8.16
214,1,2010,8.32
214,1,2011,8.47
214,1,2012,8.71
214,1,2013,8.7
214,1,2014,8.81
214,1,2015,9.53
214,1,2016,9.28
214,1,2017,9.3
214,1,2018,9.13
214,1,2019,9.03
214,1,2020,9.43
214,1,2021,9.49
214,1,2022,10.06
214,1,2023,10.35
214,2,1990,2.72
214,2,1991,2.76
214,2,1992,2.66
214,2,1993,2.63
214,2,1994,2.57
214,2,1995,2.51
214,2,1996,2.49
214,2,1997,2.46
214,2,1998,2.46
214,2,1999,2.43
214,2,2000,2.46
214,2,2001,2.43
214,2,2002,2.46
214,2,2003,2.42
214,2,2004,2.43
214,2,2005,2.44
214,2,2006,2.46
214,2,2007,2.43
214,2,2008,2.49
214,2,2009,2.56
214,2,2010,2.67
214,2,2011,2.73
214,2,2012,2.81
214,2,2013,2.91
214,2,2014,2.97
214,2,2015,3.09
214,2,2016,3.11
214,2,2017,3.15
214,2,2018,3.16
214,2,2019,3.17
214,2,2020,3.21
214,2,2021,3.29
214,2,2022,3.66
214,2,2023,3.81
215,1,1990,18.28
215,1,1991,18.2
215,1,1992,18.51
215,1,1993,18.92
215,1,1994,19.32
215,1,1995,18.87
215,1,1996,19.23
215,1,1997,19.66
215,1,1998,20.22
215,1,1999,21
215,1,2000,20.59
215,1,2001,21.2
215,1,2002,21.76
215,1,2003,22.05
215,1,2004,22.42
215,1,2005,23.54
215,1,2006,24.03
215,1,2007,24.54
215,1,2008,24.75
215,1,2009,24.56
215,1,2010,25.27
215,1,2011,25.24
215,1,2012,24.69
215,1,2013,25.09
215,1,2014,25.57
215,1,2015,26.24
215,1,2016,26.52
215,1,2017,26.4
215,1,2018,26.24
215,1,2019,26.45
215,1,2020,30.78
215,1,2021,30.25
215,1,2022,28.76
215,1,2023,28.14
215,2,1990,4.51
215,2,1991,4.39
215,2,1992,4.39
215,2,1993,4.4
215,2,1994,4.37
215,2,1995,4.11
215,2,1996,4.06
215,2,1997,4.05
215,2,1998,4.2
215,2,1999,4.38
215,2,2000,4.23
215,2,2001,4.42
215,2,2002,4.56
215,2,2003,4.64
215,2,2004,4.74
215,2,2005,5.01
215,2,2006,5.28
215,2,2007,5.44
215,2,2008,5.54
215,2,2009,5.71
215,2,2010,6.07
215,2,2011,6.1
215,2,2012,6.05
215,2,2013,6.23
215,2,2014,6.63
215,2,2015,6.82
215,2,2016,6.99
215,2,2017,7.17
215,2,2018,7.25
215,2,2019,7.33
215,2,2020,7.98
215,2,2021,7.98
215,2,2022,7.85
215,2,2023,7.94
216,1,1990,6.29
216,1,1991,6.41
216,1,1992,6.4
216,1,1993,6.37
216,1,1994,6.33
216,1,1995,6.11
216,1,1996,6.21
216,1,1997,6.04
216,1,1998,6.05
216,1,1999,6.02
216,1,2000,5.78
216,1,2001,7.06
216,1,2002,7.04
216,1,2003,6.39
216,1,2004,6.53
216,1,2005,6.48
216,1,2006,6.31
216,1,2007,6.26
216,1,2008,6.29
216,1,2009,6.42
216,1,2010,5.98
216,1,2011,6.02
216,1,2012,5.99
216,1,2013,5.7
216,1,2014,5.9
216,1,2015,5.88
216,1,2016,5.93
216,1,2017,5.97
216,1,2018,5.65
216,1,2019,6.04
216,1,2020,6.04
216,1,2021,6.35
216,1,2022,6.83
216,1,2023,7.06
216,2,1990,0.83
216,2,1991,0.85
216,2,1992,0.85
216,2,1993,0.85
216,2,1994,0.84
216,2,1995,0.81
216,2,1996,0.82
216,2,1997,0.79
216,2,1998,0.79
216,2,1999,0.78
216,2,2000,0.75
216,2,2001,0.99
216,2,2002,0.99
216,2,2003,0.9
216,2,2004,0.95
216,2,2005,0.95
216,2,2006,0.94
216,2,2007,0.97
216,2,2008,1.01
216,2,2009,1.08
216,2,2010,1.01
216,2,2011,1.05
216,2,2012,1.02
216,2,2013,1.04
216,2,2014,1.1
216,2,2015,1.07
216,2,2016,1.13
216,2,2017,1.14
216,2,2018,1.11
216,2,2019,1.24
216,2,2020,1.17
216,2,2021,1.16
216,2,2022,1.48
216,2,2023,1.58
217,1,1990,8.07
217,1,1991,8.03
217,1,1992,8.07
217,1,1993,8.06
217,1,1994,8.12
217,1,1995,8.06
217,1,1996,7.89
217,1,1997,7.58
217,1,1998,7.56
217,1,1999,7.42
217,1,2000,7.39
217,1,2001,7.22
217,1,2002,7.2
217,1,2003,7.18
217,1,2004,7.1
217,1,2005,7.06
217,1,2006,7.2
217,1,2007,7.22
217,1,2008,7.13
217,1,2009,7.19
217,1,2010,7.26
217,1,2011,7.48
217,1,2012,7.76
217,1,2013,7.7
217,1,2014,7.75
217,1,2015,8.19
217,1,2016,8.04
217,1,2017,8.03
217,1,2018,8.04
217,1,2019,8.14
217,1,2020,8.64
217,1,2021,8.41
217,1,2022,8.9
217,1,2023,9.31
217,2,1990,1.89
217,2,1991,1.86
217,2,1992,1.87
217,2,1993,1.87
217,2,1994,1.88
217,2,1995,1.84
217,2,1996,1.77
217,2,1997,1.67
217,2,1998,1.66
217,2,1999,1.59
217,2,2000,1.58
217,2,2001,1.49
217,2,2002,1.48
217,2,2003,1.46
217,2,2004,1.45
217,2,2005,1.47
217,2,2006,1.53
217,2,2007,1.52
217,2,2008,1.53
217,2,2009,1.56
217,2,2010,1.63
217,2,2011,1.7
217,2,2012,1.8
217,2,2013,1.85
217,2,2014,1.89
217,2,2015,1.95
217,2,2016,1.96
217,2,2017,2.01
217,2,2018,2.04
217,2,2019,2.1
217,2,2020,2.13
217,2,2021,2.17
217,2,2022,2.34
217,2,2023,2.48
218,1,1990,12.21
218,1,1991,11.98
218,1,1992,11.71
218,1,1993,11.35
218,1,1994,11.04
218,1,1995,10.79
218,1,1996,10.5
218,1,1997,10.23
218,1,1998,10.08
218,1,1999,9.84
218,1,2000,9.79
218,1,2001,9.41
218,1,2002,8.99
218,1,2003,8.36
218,1,2004,7.97
218,1,2005,7.6
218,1,2006,7.52
218,1,2007,7.19
218,1,2008,7.3
218,1,2009,7.43
218,1,2010,7.41
218,1,2011,7.43
218,1,2012,7.4
218,1,2013,7.07
218,1,2014,7.04
218,1,2015,7.79
218,1,2016,7.8
218,1,2017,8.04
218,1,2018,8.05
218,1,2019,8.12
218,1,2020,8.32
218,1,2021,8.58
218,1,2022,9.4
218,1,2023,9.69
218,2,1990,2.8
218,2,1991,2.77
218,2,1992,2.74
218,2,1993,2.68
218,2,1994,2.6
218,2,1995,2.53
218,2,1996,2.47
218,2,1997,2.4
218,2,1998,2.39
218,2,1999,2.33
218,2,2000,2.34
218,2,2001,2.29
218,2,2002,2.27
218,2,2003,2.21
218,2,2004,2.17
218,2,2005,2.13
218,2,2006,2.16
218,2,2007,2.09
218,2,2008,2.16
218,2,2009,2.25
218,2,2010,2.33
218,2,2011,2.38
218,2,2012,2.38
218,2,2013,2.37
218,2,2014,2.34
218,2,2015,2.46
218,2,2016,2.56
218,2,2017,2.71
218,2,2018,2.77
218,2,2019,2.86
218,2,2020,2.85
218,2,2021,3
218,2,2022,3.37
218,2,2023,3.51
298,1,1990,38.86
298,1,1991,39.9
298,1,1992,40.88
298,1,1993,42.06
298,1,1994,42.87
298,1,1995,46.15
298,1,1996,46.76
298,1,1997,47.14
298,1,1998,47.99
298,1,1999,49.29
298,1,2000,50.56
298,1,2001,49.81
298,1,2002,50.77
298,1,2003,51.27
298,1,2004,50.59
298,1,2005,49.64
298,1,2006,48.26
298,1,2007,46.24
298,1,2008,44.58
298,1,2009,43.35
298,1,2010,42.98
298,1,2011,42.03
298,1,2012,41.52
298,1,2013,41.68
298,1,2014,40.92
298,1,2015,42.45
298,1,2016,42.42
298,1,2017,41.64
298,1,2018,42.28
298,1,2019,42.63
298,1,2020,44.42
298,1,2021,51.68
298,1,2022,47.37
298,1,2023,46.98
298,2,1990,13.27
298,2,1991,13.63
298,2,1992,13.88
298,2,1993,14.2
298,2,1994,14.52
298,2,1995,15.05
298,2,1996,15.32
298,2,1997,15.51
298,2,1998,16.03
298,2,1999,16.13
298,2,2000,16.77
298,2,2001,16.86
298,2,2002,17.04
298,2,2003,17.26
298,2,2004,17.52
298,2,2005,17.47
298,2,2006,17.42
298,2,2007,17.27
298,2,2008,17.1
298,2,2009,17.07
298,2,2010,16.86
298,2,2011,16.66
298,2,2012,16.5
298,2,2013,16.35
298,2,2014,16.16
298,2,2015,16.01
298,2,2016,15.61
298,2,2017,14.89
298,2,2018,14.5
298,2,2019,14.05
298,2,2020,13.87
298,2,2021,14.68
298,2,2022,14.58
298,2,2023,15.51
305,1,1990,60.05
305,1,1991,61.04
305,1,1992,59.94
305,1,1993,57.14
305,1,1994,55.12
305,1,1995,58.72
305,1,1996,56.7
305,1,1997,55.32
305,1,1998,56.64
305,1,1999,55.71
305,1,2000,56.8
305,1,2001,52.5
305,1,2002,53.5
305,1,2003,53.79
305,1,2004,50.54
305,1,2005,48.89
305,1,2006,49.52
305,1,2007,47.18
305,1,2008,46.1
305,1,2009,45.87
305,1,2010,42.04
305,1,2011,42.02
305,1,2012,41.42
305,1,2013,39.63
305,1,2014,39.62
305,1,2015,38.19
305,1,2016,37.81
305,1,2017,37.03
305,1,2018,37.28
305,1,2019,37.86
305,1,2020,38.94
305,1,2021,38.98
305,1,2022,38.24
305,1,2023,37.98
305,2,1990,17.75
305,2,1991,17.63
305,2,1992,17.3
305,2,1993,16.52
305,2,1994,16.35
305,2,1995,17.78
305,2,1996,17.53
305,2,1997,18.77
305,2,1998,18.69
305,2,1999,18.6
305,2,2000,19.48
305,2,2001,19.49
305,2,2002,19.42
305,2,2003,19.23
305,2,2004,19.52
305,2,2005,19.26
305,2,2006,19.36
305,2,2007,19.19
305,2,2008,18.98
305,2,2009,18.56
305,2,2010,18.36
305,2,2011,18.89
305,2,2012,18.62
305,2,2013,17.59
305,2,2014,17.07
305,2,2015,16.47
305,2,2016,16.4
305,2,2017,16.1
305,2,2018,16.34
305,2,2019,16.84
305,2,2020,17.68
305,2,2021,19.37
305,2,2022,20.77
305,2,2023,21.48
320,1,1990,41.08
320,1,1991,43.05
320,1,1992,44
320,1,1993,45.07
320,1,1994,45.94
320,1,1995,48.87
320,1,1996,49.39
320,1,1997,50.98
320,1,1998,50.96
320,1,1999,51.29
320,1,2000,54.25
320,1,2001,55.75
320,1,2002,56.53
320,1,2003,56.8
320,1,2004,57.18
320,1,2005,57.09
320,1,2006,57.12
320,1,2007,56.57
320,1,2008,56.27
320,1,2009,56.17
320,1,2010,56.31
320,1,2011,55.64
320,1,2012,55.6
320,1,2013,55.7
320,1,2014,55.25
320,1,2015,57.38
320,1,2016,58.77
320,1,2017,60.1
320,1,2018,61.79
320,1,2019,63.42
320,1,2020,65.82
320,1,2021,72.41
320,1,2022,69.36
320,1,2023,71.51
320,2,1990,9.2
320,2,1991,9.73
320,2,1992,10.07
320,2,1993,10.42
320,2,1994,10.74
320,2,1995,11.15
320,2,1996,11.43
320,2,1997,12.1
320,2,1998,11.96
320,2,1999,12.12
320,2,2000,12.55
320,2,2001,12.41
320,2,2002,12.29
320,2,2003,12.4
320,2,2004,12.55
320,2,2005,12.74
320,2,2006,13.12
320,2,2007,13.21
320,2,2008,13.06
320,2,2009,13.01
320,2,2010,12.92
320,2,2011,12.76
320,2,2012,12.7
320,2,2013,12.81
320,2,2014,12.9
320,2,2015,13.09
320,2,2016,12.95
320,2,2017,13.63
320,2,2018,14.02
320,2,2019,13.9
320,2,2020,13.84
320,2,2021,16.52
320,2,2022,16.42
320,2,2023,16.93
349,1,1990,175.1
349,1,1991,175.7
349,1,1992,175.99
349,1,1993,176.08
349,1,1994,176.28
349,1,1995,184.11
349,1,1996,183.41
349,1,1997,182.47
349,1,1998,181.23
349,1,1999,180.71
349,1,2000,180.26
349,1,2001,178.28
349,1,2002,176.36
349,1,2003,175.46
349,1,2004,173.66
349,1,2005,159.6
349,1,2006,157.25
349,1,2007,153.92
349,1,2008,149.43
349,1,2009,146.75
349,1,2010,130.16
349,1,2011,126.74
349,1,2012,123.33
349,1,2013,119.97
349,1,2014,116.59
349,1,2015,107.96
349,1,2016,106.44
349,1,2017,104.89
349,1,2018,102.66
349,1,2019,99.69
349,1,2020,105.5
349,1,2021,104.78
349,1,2022,94.96
349,1,2023,89.75
349,2,1990,88.58
349,2,1991,90.39
349,2,1992,93.38
349,2,1993,96.49
349,2,1994,100.02
349,2,1995,105.7
349,2,1996,108.95
349,2,1997,111.4
349,2,1998,114.15
349,2,1999,115.83
349,2,2000,117.18
349,2,2001,117.78
349,2,2002,118.47
349,2,2003,118.13
349,2,2004,118.18
349,2,2005,116.16
349,2,2006,115.63
349,2,2007,114.29
349,2,2008,112.81
349,2,2009,110.93
349,2,2010,106.45
349,2,2011,105.51
349,2,2012,106.1
349,2,2013,103.28
349,2,2014,100.94
349,2,2015,98
349,2,2016,98.09
349,2,2017,97.82
349,2,2018,97.51
349,2,2019,96.15
349,2,2020,103.94
349,2,2021,102.78
349,2,2022,95.82
349,2,2023,88.81
351,1,1990,61.66
351,1,1991,60.23
351,1,1992,59.18
351,1,1993,58.31
351,1,1994,58.42
351,1,1995,66.87
351,1,1996,63.19
351,1,1997,48
351,1,1998,49.63
351,1,1999,49.6
351,1,2000,44.87
351,1,2001,37.22
351,1,2002,44.39
351,1,2003,49.49
351,1,2004,52.77
351,1,2005,46.45
351,1,2006,45.18
351,1,2007,42.14
351,1,2008,41.13
351,1,2009,41.2
351,1,2010,42.24
351,1,2011,43.95
351,1,2012,43.2
351,1,2013,47.69
351,1,2014,45.35
351,1,2015,44.59
351,1,2016,42.13
351,1,2017,35.63
351,1,2018,46.29
351,1,2019,42.95
351,1,2020,43.31
351,1,2021,38.56
351,1,2022,37.13
351,1,2023,36.87
351,2,1990,17.23
351,2,1991,16.91
351,2,1992,16.73
351,2,1993,16.61
351,2,1994,16.6
351,2,1995,13.53
351,2,1996,14.02
351,2,1997,16.99
351,2,1998,20.2
351,2,1999,19.18
351,2,2000,23.27
351,2,2001,19.22
351,2,2002,18.82
351,2,2003,19.64
351,2,2004,20.41
351,2,2005,20.07
351,2,2006,22.34
351,2,2007,21.52
351,2,2008,19.37
351,2,2009,19
351,2,2010,20.1
351,2,2011,19.33
351,2,2012,19.51
351,2,2013,21.25
351,2,2014,21.44
351,2,2015,21.15
351,2,2016,20.33
351,2,2017,19.19
351,2,2018,20.55
351,2,2019,22.61
351,2,2020,23.35
351,2,2021,20.19
351,2,2022,19.83
351,2,2023,20.27
367,1,1990,119.26
367,1,1991,119.61
367,1,1992,119.61
367,1,1993,120.44
367,1,1994,121.66
367,1,1995,127.46
367,1,1996,129.54
367,1,1997,131.13
367,1,1998,133.75
367,1,1999,135.93
367,1,2000,136.61
367,1,2001,137.38
367,1,2002,139.06
367,1,2003,140.46
367,1,2004,142.01
367,1,2005,137.61
367,1,2006,137.74
367,1,2007,138.59
367,1,2008,139.58
367,1,2009,138.16
367,1,2010,129.18
367,1,2011,128.84
367,1,2012,127.8
367,1,2013,128.96
367,1,2014,128.78
367,1,2015,121.55
367,1,2016,118.96
367,1,2017,116.51
367,1,2018,115.06
367,1,2019,114.53
367,1,2020,116.48
367,1,2021,119.98
367,1,2022,120.56
367,1,2023,124.17
367,2,1990,27.04
367,2,1991,27.4
367,2,1992,27.65
367,2,1993,28.36
367,2,1994,29.32
367,2,1995,30.85
367,2,1996,32.39
367,2,1997,33.92
367,2,1998,36.09
367,2,1999,38.45
367,2,2000,40.58
367,2,2001,42.5
367,2,2002,44.39
367,2,2003,45.27
367,2,2004,46.14
367,2,2005,46.43
367,2,2006,46.98
367,2,2007,47.82
367,2,2008,48.98
367,2,2009,49.32
367,2,2010,48.96
367,2,2011,48.94
367,2,2012,48.9
367,2,2013,48.96
367,2,2014,48.98
367,2,2015,48.4
367,2,2016,48.12
367,2,2017,47.46
367,2,2018,46.81
367,2,2019,46.66
367,2,2020,47.2
367,2,2021,50.11
367,2,2022,53.61
367,2,2023,55.78
369,1,1990,65.74
369,1,1991,65.6
369,1,1992,65.22
369,1,1993,65
369,1,1994,64.76
369,1,1995,67.67
369,1,1996,66.94
369,1,1997,66.25
369,1,1998,66.06
369,1,1999,65.76
369,1,2000,68.89
369,1,2001,68.41
369,1,2002,67.72
369,1,2003,66.99
369,1,2004,66.07
369,1,2005,66.48
369,1,2006,65.22
369,1,2007,64.09
369,1,2008,63.58
369,1,2009,63.41
369,1,2010,63.57
369,1,2011,63.34
369,1,2012,63.59
369,1,2013,64.11
369,1,2014,64.55
369,1,2015,67.06
369,1,2016,67.76
369,1,2017,68.29
369,1,2018,68.68
369,1,2019,69.32
369,1,2020,72.32
369,1,2021,80.77
369,1,2022,76.34
369,1,2023,77.11
369,2,1990,31.91
369,2,1991,32.19
369,2,1992,32.35
369,2,1993,32.48
369,2,1994,32.39
369,2,1995,32.47
369,2,1996,32.08
369,2,1997,31.82
369,2,1998,31.8
369,2,1999,31.68
369,2,2000,31.86
369,2,2001,31.53
369,2,2002,31.29
369,2,2003,31.18
369,2,2004,31.13
369,2,2005,31.11
369,2,2006,30.92
369,2,2007,30.62
369,2,2008,30.85
369,2,2009,31.31
369,2,2010,31.97
369,2,2011,32.61
369,2,2012,33.41
369,2,2013,34.27
369,2,2014,35.05
369,2,2015,36.11
369,2,2016,37.06
369,2,2017,37.83
369,2,2018,38.54
369,2,2019,39.24
369,2,2020,41.26
369,2,2021,46
369,2,2022,43.71
369,2,2023,44.35
374,1,1990,29.46
374,1,1991,29.57
374,1,1992,29.59
374,1,1993,29.81
374,1,1994,29.89
374,1,1995,31.34
374,1,1996,31.3
374,1,1997,31.4
374,1,1998,31.64
374,1,1999,31.79
374,1,2000,33.44
374,1,2001,33.18
374,1,2002,32.97
374,1,2003,32.53
374,1,2004,32.1
374,1,2005,32.46
374,1,2006,32
374,1,2007,31.6
374,1,2008,31.37
374,1,2009,31.33
374,1,2010,31.4
374,1,2011,31.15
374,1,2012,31.11
374,1,2013,31.18
374,1,2014,31.26
374,1,2015,32.25
374,1,2016,32.37
374,1,2017,32.53
374,1,2018,32.48
374,1,2019,31.98
374,1,2020,29.62
374,1,2021,31.41
374,1,2022,32.46
374,1,2023,33.4
374,2,1990,11.79
374,2,1991,11.89
374,2,1992,11.93
374,2,1993,12.05
374,2,1994,12.15
374,2,1995,12.31
374,2,1996,12.38
374,2,1997,12.58
374,2,1998,12.86
374,2,1999,13.04
374,2,2000,13.28
374,2,2001,13.32
374,2,2002,13.37
374,2,2003,13.46
374,2,2004,13.45
374,2,2005,13.7
374,2,2006,13.69
374,2,2007,13.65
374,2,2008,13.68
374,2,2009,13.86
374,2,2010,14.03
374,2,2011,14.19
374,2,2012,14.38
374,2,2013,14.57
374,2,2014,14.75
374,2,2015,15.05
374,2,2016,15.28
374,2,2017,15.54
374,2,2018,15.64
374,2,2019,15.38
374,2,2020,12.46
374,2,2021,12.83
374,2,2022,15.37
374,2,2023,15.96
376,1,1990,80.92
376,1,1991,81.62
376,1,1992,81.97
376,1,1993,82.48
376,1,1994,82.79
376,1,1995,87.76
376,1,1996,87.56
376,1,1997,87.21
376,1,1998,87.15
376,1,1999,89.12
376,1,2000,91.7
376,1,2001,89.75
376,1,2002,86.94
376,1,2003,84.32
376,1,2004,82
376,1,2005,80.66
376,1,2006,78.48
376,1,2007,75.99
376,1,2008,73.41
376,1,2009,70.67
376,1,2010,70.65
376,1,2011,68.81
376,1,2012,67.27
376,1,2013,66.04
376,1,2014,64.57
376,1,2015,66.41
376,1,2016,65.2
376,1,2017,64.66
376,1,2018,64.16
376,1,2019,63.44
376,1,2020,67.84
376,1,2021,69.5
376,1,2022,63.09
376,1,2023,62
376,2,1990,22.66
376,2,1991,23.35
376,2,1992,23.91
376,2,1993,24.56
376,2,1994,25.18
376,2,1995,26.17
376,2,1996,26.67
376,2,1997,27.08
376,2,1998,27.65
376,2,1999,26.83
376,2,2000,27.75
376,2,2001,27.91
376,2,2002,27.85
376,2,2003,27.88
376,2,2004,27.94
376,2,2005,27.87
376,2,2006,27.5
376,2,2007,27.21
376,2,2008,26.82
376,2,2009,26.47
376,2,2010,26.01
376,2,2011,25.39
376,2,2012,24.97
376,2,2013,24.66
376,2,2014,24.29
376,2,2015,24.55
376,2,2016,24.93
376,2,2017,25.56
376,2,2018,25.77
376,2,2019,25.59
376,2,2020,26.46
376,2,2021,29.07
376,2,2022,27.75
376,2,2023,27.34
380,1,1990,46.38
380,1,1991,46.62
380,1,1992,46.9
380,1,1993,47.09
380,1,1994,49.12
380,1,1995,52.51
380,1,1996,53.16
380,1,1997,53.28
380,1,1998,53.74
380,1,1999,53.67
380,1,2000,56.18
380,1,2001,55.89
380,1,2002,55.5
380,1,2003,54.85
380,1,2004,53.67
380,1,2005,52.3
380,1,2006,51.25
380,1,2007,50.24
380,1,2008,49.44
380,1,2009,48.91
380,1,2010,48.59
380,1,2011,48.29
380,1,2012,48.57
380,1,2013,50.77
380,1,2014,51.56
380,1,2015,54.12
380,1,2016,55.1
380,1,2017,55.27
380,1,2018,55.33
380,1,2019,44.62
380,1,2020,45.65
380,1,2021,49.68
380,1,2022,47.06
380,1,2023,46.71
380,2,1990,40.81
380,2,1991,41.5
380,2,1992,42.21
380,2,1993,42.76
380,2,1994,43.48
380,2,1995,44.69
380,2,1996,45.57
380,2,1997,46.31
380,2,1998,47.29
380,2,1999,47.53
380,2,2000,48.14
380,2,2001,48.24
380,2,2002,48.41
380,2,2003,48.57
380,2,2004,48.6
380,2,2005,48.38
380,2,2006,47.87
380,2,2007,47.28
380,2,2008,46.68
380,2,2009,46.36
380,2,2010,46.2
380,2,2011,46.26
380,2,2012,46.82
380,2,2013,45.76
380,2,2014,46.34
380,2,2015,47.26
380,2,2016,47.57
380,2,2017,47.71
380,2,2018,48.54
380,2,2019,56.44
380,2,2020,58.69
380,2,2021,63.47
380,2,2022,59.74
380,2,2023,59.37
385,1,1990,26.01
385,1,1991,26.45
385,1,1992,25.73
385,1,1993,25.5
385,1,1994,24.99
385,1,1995,25
385,1,1996,24.39
385,1,1997,23.14
385,1,1998,23.25
385,1,1999,23.13
385,1,2000,23.58
385,1,2001,22.5
385,1,2002,21.55
385,1,2003,21.39
385,1,2004,20.97
385,1,2005,20.4
385,1,2006,20.92
385,1,2007,20.79
385,1,2008,20.8
385,1,2009,20.96
385,1,2010,20.64
385,1,2011,19.65
385,1,2012,19.13
385,1,2013,18.26
385,1,2014,17.78
385,1,2015,17.12
385,1,2016,15.51
385,1,2017,15.03
385,1,2018,13.86
385,1,2019,13
385,1,2020,13.48
385,1,2021,13.05
385,1,2022,12.69
385,1,2023,13.08
385,2,1990,10.16
385,2,1991,10.13
385,2,1992,10.23
385,2,1993,9.46
385,2,1994,9.29
385,2,1995,9.62
385,2,1996,9.89
385,2,1997,9.93
385,2,1998,9.56
385,2,1999,9.36
385,2,2000,9.93
385,2,2001,9.87
385,2,2002,9.84
385,2,2003,10.06
385,2,2004,10.22
385,2,2005,10.57
385,2,2006,10.92
385,2,2007,10.79
385,2,2008,10.52
385,2,2009,10.21
385,2,2010,10.2
385,2,2011,10.4
385,2,2012,10.76
385,2,2013,10.41
385,2,2014,9.9
385,2,2015,9.6
385,2,2016,9.02
385,2,2017,8.86
385,2,2018,8.68
385,2,2019,8.39
385,2,2020,8.47
385,2,2021,8.14
385,2,2022,8.04
385,2,2023,8.69
393,1,1990,16.21
393,1,1991,15.86
393,1,1992,15.39
393,1,1993,14.41
393,1,1994,14.33
393,1,1995,14.42
393,1,1996,14.4
393,1,1997,13.83
393,1,1998,13.69
393,1,1999,13.45
393,1,2000,13.72
393,1,2001,13.56
393,1,2002,13.64
393,1,2003,13.68
393,1,2004,13.37
393,1,2005,13.1
393,1,2006,13.05
393,1,2007,12.74
393,1,2008,12.84
393,1,2009,12.82
393,1,2010,12.17
393,1,2011,11.79
393,1,2012,11.55
393,1,2013,11.16
393,1,2014,10.76
393,1,2015,10.76
393,1,2016,10.74
393,1,2017,10.5
393,1,2018,10.2
393,1,2019,10.16
393,1,2020,10.6
393,1,2021,10.95
393,1,2022,10.44
393,1,2023,10.24
393,2,1990,6.19
393,2,1991,5.69
393,2,1992,5.48
393,2,1993,5.07
393,2,1994,5.01
393,2,1995,5.2
393,2,1996,5.26
393,2,1997,5.27
393,2,1998,5.34
393,2,1999,5.25
393,2,2000,5.51
393,2,2001,5.44
393,2,2002,5.65
393,2,2003,5.69
393,2,2004,5.69
393,2,2005,5.79
393,2,2006,5.96
393,2,2007,5.99
393,2,2008,6.16
393,2,2009,6.19
393,2,2010,6.17
393,2,2011,6.17
393,2,2012,6.17
393,2,2013,6.09
393,2,2014,6
393,2,2015,6.11
393,2,2016,6.03
393,2,2017,6.09
393,2,2018,6.16
393,2,2019,6.3
393,2,2020,6.51
393,2,2021,6.53
393,2,2022,6.46
393,2,2023,6.67
396,1,1990,70.97
396,1,1991,69.58
396,1,1992,67.99
396,1,1993,66.77
396,1,1994,66.44
396,1,1995,69.09
396,1,1996,68.74
396,1,1997,68.6
396,1,1998,68.08
396,1,1999,67.1
396,1,2000,65.76
396,1,2001,64.74
396,1,2002,63.93
396,1,2003,62.75
396,1,2004,61.1
396,1,2005,56.94
396,1,2006,54.77
396,1,2007,52.72
396,1,2008,50.34
396,1,2009,47.73
396,1,2010,42.5
396,1,2011,40.34
396,1,2012,38.28
396,1,2013,36.15
396,1,2014,34.49
396,1,2015,31.42
396,1,2016,30.58
396,1,2017,28.97
396,1,2018,28.04
396,1,2019,28.16
396,1,2020,27.22
396,1,2021,26.97
396,1,2022,29.44
396,1,2023,33.04
396,2,1990,12.25
396,2,1991,12.07
396,2,1992,11.88
396,2,1993,11.81
396,2,1994,11.92
396,2,1995,12.37
396,2,1996,12.72
396,2,1997,13.16
396,2,1998,13.59
396,2,1999,13.94
396,2,2000,14.29
396,2,2001,14.58
396,2,2002,14.85
396,2,2003,15.32
396,2,2004,15.14
396,2,2005,15.17
396,2,2006,14.99
396,2,2007,14.72
396,2,2008,14.35
396,2,2009,13.89
396,2,2010,13.27
396,2,2011,12.92
396,2,2012,12.55
396,2,2013,12.14
396,2,2014,11.97
396,2,2015,11.77
396,2,2016,11.84
396,2,2017,11.97
396,2,2018,12.15
396,2,2019,12.46
396,2,2020,12.08
396,2,2021,12.12
396,2,2022,12.68
396,2,2023,13.74
413,1,1990,20.62
413,1,1991,20.86
413,1,1992,21.03
413,1,1993,21.24
413,1,1994,21.38
413,1,1995,22.65
413,1,1996,22.8
413,1,1997,23.01
413,1,1998,23.17
413,1,1999,23.26
413,1,2000,24.54
413,1,2001,24.55
413,1,2002,24.56
413,1,2003,24.39
413,1,2004,24.27
413,1,2005,24.58
413,1,2006,24.21
413,1,2007,23.76
413,1,2008,23.34
413,1,2009,23.03
413,1,2010,22.85
413,1,2011,22.54
413,1,2012,22.42
413,1,2013,22.45
413,1,2014,22.44
413,1,2015,23.3
413,1,2016,23.48
413,1,2017,23.57
413,1,2018,23.5
413,1,2019,23.02
413,1,2020,20.25
413,1,2021,21.95
413,1,2022,22.97
413,1,2023,23.08
413,2,1990,8.69
413,2,1991,8.94
413,2,1992,9.17
413,2,1993,9.41
413,2,1994,9.6
413,2,1995,9.9
413,2,1996,10.11
413,2,1997,10.39
413,2,1998,10.68
413,2,1999,10.87
413,2,2000,11.17
413,2,2001,11.33
413,2,2002,11.52
413,2,2003,11.69
413,2,2004,11.95
413,2,2005,12.18
413,2,2006,12.26
413,2,2007,12.27
413,2,2008,12.26
413,2,2009,12.32
413,2,2010,12.48
413,2,2011,12.62
413,2,2012,12.81
413,2,2013,13.06
413,2,2014,13.24
413,2,2015,13.63
413,2,2016,13.95
413,2,2017,14.19
413,2,2018,14.29
413,2,2019,14.03
413,2,2020,11.28
413,2,2021,11.29
413,2,2022,13.51
413,2,2023,13.99
416,1,1990,46.32
416,1,1991,48.08
416,1,1992,48.88
416,1,1993,50.1
416,1,1994,51.33
416,1,1995,54.84
416,1,1996,55.44
416,1,1997,56
416,1,1998,56.98
416,1,1999,57.83
416,1,2000,62.41
416,1,2001,62.32
416,1,2002,62.72
416,1,2003,62.47
416,1,2004,62.22
416,1,2005,63.31
416,1,2006,63.18
416,1,2007,63.17
416,1,2008,62.89
416,1,2009,62.69
416,1,2010,62.53
416,1,2011,62.16
416,1,2012,62.28
416,1,2013,62.77
416,1,2014,63.06
416,1,2015,65.36
416,1,2016,65.78
416,1,2017,66.51
416,1,2018,66.87
416,1,2019,67.11
416,1,2020,69.77
416,1,2021,77.97
416,1,2022,73.59
416,1,2023,73.27
416,2,1990,12.2
416,2,1991,12.7
416,2,1992,13.07
416,2,1993,13.55
416,2,1994,14.03
416,2,1995,14.5
416,2,1996,14.75
416,2,1997,15.09
416,2,1998,15.6
416,2,1999,15.98
416,2,2000,16.5
416,2,2001,16.73
416,2,2002,16.99
416,2,2003,17.13
416,2,2004,17.25
416,2,2005,17.47
416,2,2006,17.72
416,2,2007,17.89
416,2,2008,17.98
416,2,2009,18.05
416,2,2010,18.07
416,2,2011,18.12
416,2,2012,18.26
416,2,2013,18.44
416,2,2014,18.54
416,2,2015,18.85
416,2,2016,19.22
416,2,2017,19.51
416,2,2018,19.79
416,2,2019,20.15
416,2,2020,20.65
416,2,2021,21.91
416,2,2022,21.64
416,2,2023,22.15
422,1,1990,29.47
422,1,1991,29.42
422,1,1992,29.51
422,1,1993,29.48
422,1,1994,29.37
422,1,1995,27.86
422,1,1996,27.47
422,1,1997,27
422,1,1998,25.98
422,1,1999,26.16
422,1,2000,27.56
422,1,2001,26.15
422,1,2002,27.2
422,1,2003,26.75
422,1,2004,25.49
422,1,2005,24.22
422,1,2006,24.34
422,1,2007,23.76
422,1,2008,23.1
422,1,2009,23.06
422,1,2010,23.27
422,1,2011,23.04
422,1,2012,22.92
422,1,2013,21.63
422,1,2014,19.84
422,1,2015,19.7
422,1,2016,18.39
422,1,2017,17.52
422,1,2018,16.57
422,1,2019,15.32
422,1,2020,15.07
422,1,2021,14.22
422,1,2022,16.5
422,1,2023,17.64
422,2,1990,9.98
422,2,1991,10.39
422,2,1992,10.65
422,2,1993,10.78
422,2,1994,10.84
422,2,1995,11.69
422,2,1996,11.84
422,2,1997,12.12
422,2,1998,11.49
422,2,1999,11.05
422,2,2000,11.22
422,2,2001,11.21
422,2,2002,11.47
422,2,2003,11
422,2,2004,10.54
422,2,2005,10.43
422,2,2006,10.81
422,2,2007,11.03
422,2,2008,10.99
422,2,2009,11.3
422,2,2010,11.07
422,2,2011,11.3
422,2,2012,10.98
422,2,2013,10.7
422,2,2014,10.62
422,2,2015,10.53
422,2,2016,10.12
422,2,2017,9.48
422,2,2018,9.19
422,2,2019,9.07
422,2,2020,8.77
422,2,2021,8.28
422,2,2022,8.82
422,2,2023,9.91
435,1,1990,10.5
435,1,1991,10.32
435,1,1992,10.38
435,1,1993,10.36
435,1,1994,10.31
435,1,1995,10.55
435,1,1996,10.4
435,1,1997,9.96
435,1,1998,10.07
435,1,1999,9.98
435,1,2000,10.09
435,1,2001,9.74
435,1,2002,9.67
435,1,2003,9.84
435,1,2004,9.91
435,1,2005,9.8
435,1,2006,10.12
435,1,2007,10.1
435,1,2008,10.03
435,1,2009,10.16
435,1,2010,10.19
435,1,2011,10.28
435,1,2012,10.36
435,1,2013,10.45
435,1,2014,10.41
435,1,2015,10.75
435,1,2016,10.73
435,1,2017,10.68
435,1,2018,10.63
435,1,2019,10.53
435,1,2020,10.85
435,1,2021,10.52
435,1,2022,11.65
435,1,2023,11.98
435,2,1990,3.93
435,2,1991,3.91
435,2,1992,3.97
435,2,1993,3.96
435,2,1994,3.95
435,2,1995,3.99
435,2,1996,3.9
435,2,1997,3.64
435,2,1998,3.66
435,2,1999,3.62
435,2,2000,3.65
435,2,2001,3.47
435,2,2002,3.43
435,2,2003,3.48
435,2,2004,3.51
435,2,2005,3.47
435,2,2006,3.63
435,2,2007,3.62
435,2,2008,3.59
435,2,2009,3.63
435,2,2010,3.65
435,2,2011,3.67
435,2,2012,3.66
435,2,2013,3.68
435,2,2014,3.69
435,2,2015,3.74
435,2,2016,3.71
435,2,2017,3.64
435,2,2018,3.63
435,2,2019,3.62
435,2,2020,3.51
435,2,2021,3.38
435,2,2022,4.08
435,2,2023,4.22
522,1,1990,13.16
522,1,1991,13.16
522,1,1992,13.12
522,1,1993,13.25
522,1,1994,13.2
522,1,1995,13.38
522,1,1996,13.57
522,1,1997,13.69
522,1,1998,13.92
522,1,1999,13.91
522,1,2000,14.18
522,1,2001,14.32
522,1,2002,14.52
522,1,2003,14.49
522,1,2004,14.56
522,1,2005,14.44
522,1,2006,14.51
522,1,2007,14.54
522,1,2008,14.67
522,1,2009,14.8
522,1,2010,14.68
522,1,2011,14.65
522,1,2012,14.58
522,1,2013,14.62
522,1,2014,14.4
522,1,2015,14.91
522,1,2016,14.94
522,1,2017,15.12
522,1,2018,15.19
522,1,2019,15.28
522,1,2020,15.93
522,1,2021,16.47
522,1,2022,17.04
522,1,2023,17.14
522,2,1990,4.91
522,2,1991,4.95
522,2,1992,4.98
522,2,1993,5.03
522,2,1994,4.97
522,2,1995,4.99
522,2,1996,5.01
522,2,1997,5.04
522,2,1998,5.13
522,2,1999,5.09
522,2,2000,5.1
522,2,2001,5.1
522,2,2002,5.13
522,2,2003,5.12
522,2,2004,5.14
522,2,2005,5.11
522,2,2006,5.16
522,2,2007,5.2
522,2,2008,5.27
522,2,2009,5.38
522,2,2010,5.41
522,2,2011,5.47
522,2,2012,5.48
522,2,2013,5.57
522,2,2014,5.63
522,2,2015,5.81
522,2,2016,5.96
522,2,2017,6.09
522,2,2018,6.12
522,2,2019,6.28
522,2,2020,6.65
522,2,2021,6.97
522,2,2022,7.14
522,2,2023,7.18
