location,sex,year,tracheal_bronchus_and_lung_cancer_deaths_rate_age_standardized
6,1,1980,47.72
6,1,1981,47.79
6,1,1982,47.57
6,1,1983,47.1
6,1,1984,46.74
6,1,1985,46.73
6,1,1986,47.35
6,1,1987,48.29
6,1,1988,49.89
6,1,1989,51.53
6,1,1990,52.53
6,1,1991,52.75
6,1,1992,52.62
6,1,1993,52.4
6,1,1994,52.43
6,1,1995,52.47
6,1,1996,52.6
6,1,1997,52.78
6,1,1998,53.11
6,1,1999,53.63
6,1,2000,54.11
6,1,2001,54.31
6,1,2002,53.87
6,1,2003,53.07
6,1,2004,52.28
6,1,2005,52.3
6,1,2006,53.1
6,1,2007,53.95
6,1,2008,53.35
6,1,2009,52.23
6,1,2010,50.99
6,1,2011,49.98
6,1,2012,48.73
6,1,2013,48.47
6,1,2014,47.84
6,1,2015,48.52
6,1,2016,50.22
6,1,2017,51.31
6,1,2018,49.01
6,1,2019,45.45
6,1,2020,43.31
6,1,2021,47.65
6,1,2022,50.99
6,1,2023,47.64
6,2,1980,23.56
6,2,1981,23.41
6,2,1982,23.13
6,2,1983,22.62
6,2,1984,22.09
6,2,1985,21.73
6,2,1986,21.65
6,2,1987,21.89
6,2,1988,22.49
6,2,1989,23.09
6,2,1990,23.53
6,2,1991,23.71
6,2,1992,23.79
6,2,1993,23.9
6,2,1994,23.92
6,2,1995,24.07
6,2,1996,24.35
6,2,1997,24.63
6,2,1998,24.87
6,2,1999,25.16
6,2,2000,25.48
6,2,2001,25.41
6,2,2002,25.05
6,2,2003,24.56
6,2,2004,23.91
6,2,2005,23.6
6,2,2006,23.47
6,2,2007,23.46
6,2,2008,22.96
6,2,2009,22.45
6,2,2010,21.84
6,2,2011,21.03
6,2,2012,20.2
6,2,2013,19.58
6,2,2014,19.42
6,2,2015,19.55
6,2,2016,20.08
6,2,2017,20.34
6,2,2018,19.49
6,2,2019,18.16
6,2,2020,17.35
6,2,2021,18.49
6,2,2022,19.37
6,2,2023,19.59
7,1,1980,35.6
7,1,1981,35.89
7,1,1982,36.15
7,1,1983,36.41
7,1,1984,36.74
7,1,1985,36.97
7,1,1986,36.96
7,1,1987,36.87
7,1,1988,36.86
7,1,1989,37.09
7,1,1990,37.24
7,1,1991,37.45
7,1,1992,37.61
7,1,1993,37.72
7,1,1994,37.7
7,1,1995,37.59
7,1,1996,37.37
7,1,1997,37.09
7,1,1998,36.84
7,1,1999,36.59
7,1,2000,36.33
7,1,2001,36.12
7,1,2002,35.92
7,1,2003,35.54
7,1,2004,35.33
7,1,2005,35.18
7,1,2006,34.82
7,1,2007,34.3
7,1,2008,33.73
7,1,2009,33.19
7,1,2010,32.79
7,1,2011,32.8
7,1,2012,32.75
7,1,2013,33.2
7,1,2014,33.08
7,1,2015,33.08
7,1,2016,33.05
7,1,2017,33.34
7,1,2018,33.41
7,1,2019,33.69
7,1,2020,34.05
7,1,2021,34.79
7,1,2022,35.98
7,1,2023,36.32
7,2,1980,13.11
7,2,1981,13.07
7,2,1982,13
7,2,1983,12.93
7,2,1984,12.91
7,2,1985,12.9
7,2,1986,12.89
7,2,1987,12.87
7,2,1988,12.91
7,2,1989,13.08
7,2,1990,13.22
7,2,1991,13.44
7,2,1992,13.6
7,2,1993,13.68
7,2,1994,13.77
7,2,1995,13.74
7,2,1996,13.7
7,2,1997,13.66
7,2,1998,13.71
7,2,1999,13.78
7,2,2000,13.83
7,2,2001,13.9
7,2,2002,14.03
7,2,2003,14.2
7,2,2004,14.49
7,2,2005,14.79
7,2,2006,14.97
7,2,2007,15.07
7,2,2008,15.16
7,2,2009,15.27
7,2,2010,15.5
7,2,2011,15.76
7,2,2012,16.11
7,2,2013,16.36
7,2,2014,16.51
7,2,2015,16.72
7,2,2016,17.02
7,2,2017,17.42
7,2,2018,17.85
7,2,2019,18.27
7,2,2020,18.45
7,2,2021,18.96
7,2,2022,19.91
7,2,2023,20.11
8,1,1980,28.31
8,1,1981,29.81
8,1,1982,31.93
8,1,1983,33.68
8,1,1984,34.27
8,1,1985,35.64
8,1,1986,36.9
8,1,1987,38.09
8,1,1988,39.63
8,1,1989,41.37
8,1,1990,42.16
8,1,1991,43.2
8,1,1992,43.71
8,1,1993,43.86
8,1,1994,44.83
8,1,1995,46.17
8,1,1996,46.8
8,1,1997,47.75
8,1,1998,47.26
8,1,1999,47.25
8,1,2000,47.67
8,1,2001,47.87
8,1,2002,47.43
8,1,2003,47.19
8,1,2004,46.78
8,1,2005,46.61
8,1,2006,46.2
8,1,2007,46.84
8,1,2008,45.98
8,1,2009,44.95
8,1,2010,44.6
8,1,2011,44.96
8,1,2012,43.08
8,1,2013,43.56
8,1,2014,42.71
8,1,2015,41.99
8,1,2016,40.71
8,1,2017,39.77
8,1,2018,37.15
8,1,2019,35.39
8,1,2020,33.98
8,1,2021,35.4
8,1,2022,35.89
8,1,2023,36.98
8,2,1980,14.66
8,2,1981,15.32
8,2,1982,15.99
8,2,1983,16
8,2,1984,16.19
8,2,1985,17.1
8,2,1986,17.93
8,2,1987,18.36
8,2,1988,19.02
8,2,1989,19.81
8,2,1990,19.88
8,2,1991,19.72
8,2,1992,19.8
8,2,1993,20.45
8,2,1994,20.83
8,2,1995,21.8
8,2,1996,21.99
8,2,1997,22.28
8,2,1998,22
8,2,1999,21.58
8,2,2000,21.98
8,2,2001,21.97
8,2,2002,22.3
8,2,2003,21.93
8,2,2004,21.32
8,2,2005,20.86
8,2,2006,20.85
8,2,2007,21.38
8,2,2008,20.7
8,2,2009,20.59
8,2,2010,20.8
8,2,2011,20.45
8,2,2012,20.28
8,2,2013,20.46
8,2,2014,20.39
8,2,2015,20.25
8,2,2016,19.92
8,2,2017,19.46
8,2,2018,18.98
8,2,2019,18.71
8,2,2020,18.2
8,2,2021,18.93
8,2,2022,19.04
8,2,2023,19.23
10,1,1980,19.91
10,1,1981,19.26
10,1,1982,18.68
10,1,1983,18.15
10,1,1984,17.72
10,1,1985,17.66
10,1,1986,17.49
10,1,1987,17.37
10,1,1988,17.37
10,1,1989,17.4
10,1,1990,17.81
10,1,1991,18.14
10,1,1992,18.44
10,1,1993,18.63
10,1,1994,18.82
10,1,1995,19.31
10,1,1996,19.42
10,1,1997,19.51
10,1,1998,19.79
10,1,1999,19.69
10,1,2000,19.79
10,1,2001,20.19
10,1,2002,20.51
10,1,2003,20.25
10,1,2004,19.99
10,1,2005,19.67
10,1,2006,18.92
10,1,2007,18.59
10,1,2008,18.18
10,1,2009,17.79
10,1,2010,17.75
10,1,2011,17.27
10,1,2012,17.35
10,1,2013,17.5
10,1,2014,17.3
10,1,2015,17.85
10,1,2016,18.02
10,1,2017,17.78
10,1,2018,17.97
10,1,2019,18.24
10,1,2020,18.83
10,1,2021,18.29
10,1,2022,18.9
10,1,2023,19.35
10,2,1980,5.49
10,2,1981,5.43
10,2,1982,5.37
10,2,1983,5.29
10,2,1984,5.23
10,2,1985,5.21
10,2,1986,5.17
10,2,1987,5.17
10,2,1988,5.22
10,2,1989,5.29
10,2,1990,5.38
10,2,1991,5.48
10,2,1992,5.59
10,2,1993,5.65
10,2,1994,5.65
10,2,1995,5.66
10,2,1996,5.58
10,2,1997,5.55
10,2,1998,5.58
10,2,1999,5.48
10,2,2000,5.44
10,2,2001,5.55
10,2,2002,5.66
10,2,2003,5.66
10,2,2004,5.72
10,2,2005,5.83
10,2,2006,5.85
10,2,2007,6.01
10,2,2008,6.06
10,2,2009,6.11
10,2,2010,6.22
10,2,2011,6.25
10,2,2012,6.42
10,2,2013,6.57
10,2,2014,6.59
10,2,2015,6.72
10,2,2016,6.84
10,2,2017,6.82
10,2,2018,6.96
10,2,2019,7.18
10,2,2020,7.39
10,2,2021,7.09
10,2,2022,7.54
10,2,2023,7.89
11,1,1980,19.12
11,1,1981,19.08
11,1,1982,19.04
11,1,1983,18.98
11,1,1984,18.92
11,1,1985,18.93
11,1,1986,18.93
11,1,1987,18.9
11,1,1988,18.99
11,1,1989,19.06
11,1,1990,19.18
11,1,1991,19.32
11,1,1992,19.49
11,1,1993,19.72
11,1,1994,19.95
11,1,1995,20.22
11,1,1996,20.44
11,1,1997,20.63
11,1,1998,20.62
11,1,1999,20.66
11,1,2000,20.81
11,1,2001,20.87
11,1,2002,20.98
11,1,2003,21.15
11,1,2004,22.39
11,1,2005,21.61
11,1,2006,21.92
11,1,2007,22.25
11,1,2008,22.61
11,1,2009,22.89
11,1,2010,23.07
11,1,2011,23.21
11,1,2012,23.33
11,1,2013,23.3
11,1,2014,23.16
11,1,2015,23.23
11,1,2016,23.29
11,1,2017,23.28
11,1,2018,23.54
11,1,2019,23.81
11,1,2020,24.92
11,1,2021,27.92
11,1,2022,25.45
11,1,2023,25.67
11,2,1980,5.28
11,2,1981,5.32
11,2,1982,5.33
11,2,1983,5.31
11,2,1984,5.3
11,2,1985,5.29
11,2,1986,5.3
11,2,1987,5.35
11,2,1988,5.43
11,2,1989,5.55
11,2,1990,5.66
11,2,1991,5.75
11,2,1992,5.86
11,2,1993,5.94
11,2,1994,6
11,2,1995,6.03
11,2,1996,6.06
11,2,1997,6.11
11,2,1998,6.1
11,2,1999,6.08
11,2,2000,6.06
11,2,2001,6.02
11,2,2002,6.04
11,2,2003,6.08
11,2,2004,6.81
11,2,2005,6.29
11,2,2006,6.41
11,2,2007,6.58
11,2,2008,6.81
11,2,2009,7.03
11,2,2010,7.25
11,2,2011,7.43
11,2,2012,7.53
11,2,2013,7.57
11,2,2014,7.58
11,2,2015,7.67
11,2,2016,7.8
11,2,2017,7.92
11,2,2018,8.1
11,2,2019,8.27
11,2,2020,8.61
11,2,2021,9.29
11,2,2022,8.91
11,2,2023,9.18
12,1,1980,23.1
12,1,1981,22.39
12,1,1982,21.73
12,1,1983,21.15
12,1,1984,20.7
12,1,1985,20.64
12,1,1986,20.33
12,1,1987,20.1
12,1,1988,19.99
12,1,1989,19.94
12,1,1990,20.36
12,1,1991,20.45
12,1,1992,20.64
12,1,1993,20.97
12,1,1994,21.31
12,1,1995,21.64
12,1,1996,21.82
12,1,1997,22.05
12,1,1998,22.35
12,1,1999,22.47
12,1,2000,22.73
12,1,2001,22.87
12,1,2002,23.08
12,1,2003,23.01
12,1,2004,22.83
12,1,2005,22.85
12,1,2006,22.81
12,1,2007,23.04
12,1,2008,23.15
12,1,2009,23.52
12,1,2010,24.09
12,1,2011,24.39
12,1,2012,24.86
12,1,2013,25.55
12,1,2014,25.71
12,1,2015,26.75
12,1,2016,26.94
12,1,2017,26.73
12,1,2018,26.83
12,1,2019,27.13
12,1,2020,27.68
12,1,2021,27.69
12,1,2022,29.72
12,1,2023,30.05
12,2,1980,5.82
12,2,1981,5.76
12,2,1982,5.69
12,2,1983,5.62
12,2,1984,5.54
12,2,1985,5.51
12,2,1986,5.48
12,2,1987,5.49
12,2,1988,5.53
12,2,1989,5.63
12,2,1990,5.77
12,2,1991,5.9
12,2,1992,6.06
12,2,1993,6.25
12,2,1994,6.41
12,2,1995,6.47
12,2,1996,6.58
12,2,1997,6.7
12,2,1998,6.87
12,2,1999,6.95
12,2,2000,6.98
12,2,2001,7.1
12,2,2002,7.22
12,2,2003,7.29
12,2,2004,7.34
12,2,2005,7.46
12,2,2006,7.6
12,2,2007,7.83
12,2,2008,8.03
12,2,2009,8.37
12,2,2010,8.75
12,2,2011,9.12
12,2,2012,9.39
12,2,2013,9.89
12,2,2014,10.24
12,2,2015,10.75
12,2,2016,11.11
12,2,2017,11.34
12,2,2018,11.6
12,2,2019,11.95
12,2,2020,12.41
12,2,2021,12.52
12,2,2022,13.7
12,2,2023,14.09
13,1,1980,26.39
13,1,1981,26.16
13,1,1982,25.85
13,1,1983,26.46
13,1,1984,26.8
13,1,1985,27.12
13,1,1986,27.44
13,1,1987,27.93
13,1,1988,28.66
13,1,1989,29.67
13,1,1990,30.85
13,1,1991,31.61
13,1,1992,32.24
13,1,1993,32.85
13,1,1994,33.64
13,1,1995,34.95
13,1,1996,35.22
13,1,1997,35.28
13,1,1998,36.61
13,1,1999,37.58
13,1,2000,39.15
13,1,2001,38.63
13,1,2002,38.74
13,1,2003,38
13,1,2004,36.82
13,1,2005,35.76
13,1,2006,34.35
13,1,2007,33.47
13,1,2008,32.49
13,1,2009,31.39
13,1,2010,30.4
13,1,2011,29.5
13,1,2012,29.05
13,1,2013,28.85
13,1,2014,28.29
13,1,2015,27.64
13,1,2016,27.47
13,1,2017,27.18
13,1,2018,27.11
13,1,2019,26.73
13,1,2020,26.01
13,1,2021,26.16
13,1,2022,29.45
13,1,2023,27.91
13,2,1980,10.48
13,2,1981,10.38
13,2,1982,10.19
13,2,1983,10.45
13,2,1984,10.75
13,2,1985,10.93
13,2,1986,10.98
13,2,1987,11.13
13,2,1988,11.52
13,2,1989,12.08
13,2,1990,12.67
13,2,1991,13.04
13,2,1992,13.25
13,2,1993,13.51
13,2,1994,14.05
13,2,1995,14.46
13,2,1996,14.8
13,2,1997,15.14
13,2,1998,15.82
13,2,1999,16.48
13,2,2000,17.1
13,2,2001,17.48
13,2,2002,17.57
13,2,2003,17.32
13,2,2004,16.92
13,2,2005,16.44
13,2,2006,15.76
13,2,2007,15.36
13,2,2008,14.97
13,2,2009,14.39
13,2,2010,14.1
13,2,2011,13.68
13,2,2012,13.46
13,2,2013,13.49
13,2,2014,13.23
13,2,2015,13.03
13,2,2016,12.92
13,2,2017,12.83
13,2,2018,12.74
13,2,2019,12.26
13,2,2020,11.9
13,2,2021,12.84
13,2,2022,14.04
13,2,2023,13.8
14,1,1980,12.85
14,1,1981,13.17
14,1,1982,13.3
14,1,1983,13.27
14,1,1984,13.35
14,1,1985,13.72
14,1,1986,13.93
14,1,1987,14.07
14,1,1988,14.31
14,1,1989,14.7
14,1,1990,15.06
14,1,1991,15.53
14,1,1992,15.83
14,1,1993,16.09
14,1,1994,16.29
14,1,1995,16.64
14,1,1996,16.91
14,1,1997,17.19
14,1,1998,17.43
14,1,1999,17.37
14,1,2000,17.56
14,1,2001,17.86
14,1,2002,18.12
14,1,2003,18.37
14,1,2004,19.02
14,1,2005,18.94
14,1,2006,19.38
14,1,2007,19.89
14,1,2008,20.3
14,1,2009,20.61
14,1,2010,20.85
14,1,2011,21.02
14,1,2012,21.01
14,1,2013,21.09
14,1,2014,20.97
14,1,2015,20.93
14,1,2016,21.14
14,1,2017,21.48
14,1,2018,21.84
14,1,2019,22.43
14,1,2020,22.65
14,1,2021,23.2
14,1,2022,24.7
14,1,2023,26.15
14,2,1980,5.55
14,2,1981,5.51
14,2,1982,5.42
14,2,1983,5.42
14,2,1984,5.46
14,2,1985,5.52
14,2,1986,5.62
14,2,1987,5.74
14,2,1988,5.89
14,2,1989,6.1
14,2,1990,6.28
14,2,1991,6.54
14,2,1992,6.75
14,2,1993,6.87
14,2,1994,6.91
14,2,1995,7.02
14,2,1996,7.15
14,2,1997,7.3
14,2,1998,7.38
14,2,1999,7.48
14,2,2000,7.6
14,2,2001,7.76
14,2,2002,7.95
14,2,2003,8.11
14,2,2004,8.39
14,2,2005,8.4
14,2,2006,8.58
14,2,2007,8.78
14,2,2008,8.91
14,2,2009,8.98
14,2,2010,9.07
14,2,2011,9.15
14,2,2012,9.12
14,2,2013,9.09
14,2,2014,9.02
14,2,2015,9.08
14,2,2016,9.19
14,2,2017,9.38
14,2,2018,9.64
14,2,2019,9.99
14,2,2020,10.16
14,2,2021,10.74
14,2,2022,11.11
14,2,2023,11.52
15,1,1980,35.42
15,1,1981,34.99
15,1,1982,34.4
15,1,1983,33.75
15,1,1984,33.06
15,1,1985,32.35
15,1,1986,31.8
15,1,1987,31.17
15,1,1988,30.5
15,1,1989,29.86
15,1,1990,30.32
15,1,1991,30.17
15,1,1992,29.79
15,1,1993,29.51
15,1,1994,29.16
15,1,1995,28.95
15,1,1996,28.59
15,1,1997,28.3
15,1,1998,28.16
15,1,1999,27.74
15,1,2000,27.49
15,1,2001,27.29
15,1,2002,27.09
15,1,2003,26.75
15,1,2004,26.34
15,1,2005,26.18
15,1,2006,25.79
15,1,2007,25.46
15,1,2008,27.09
15,1,2009,24.95
15,1,2010,24.82
15,1,2011,24.54
15,1,2012,24.62
15,1,2013,25.06
15,1,2014,25.33
15,1,2015,25.54
15,1,2016,26.2
15,1,2017,26.19
15,1,2018,26.51
15,1,2019,27.12
15,1,2020,28.48
15,1,2021,31.76
15,1,2022,29.02
15,1,2023,29.33
15,2,1980,11.36
15,2,1981,11.23
15,2,1982,11.08
15,2,1983,10.89
15,2,1984,10.71
15,2,1985,10.53
15,2,1986,10.4
15,2,1987,10.32
15,2,1988,10.28
15,2,1989,10.27
15,2,1990,10.34
15,2,1991,10.43
15,2,1992,10.46
15,2,1993,10.45
15,2,1994,10.41
15,2,1995,10.41
15,2,1996,10.33
15,2,1997,10.35
15,2,1998,10.42
15,2,1999,10.35
15,2,2000,10.33
15,2,2001,10.29
15,2,2002,10.24
15,2,2003,10.11
15,2,2004,10.05
15,2,2005,10.05
15,2,2006,9.98
15,2,2007,9.97
15,2,2008,11.54
15,2,2009,9.99
15,2,2010,10.1
15,2,2011,10.19
15,2,2012,10.21
15,2,2013,10.41
15,2,2014,10.62
15,2,2015,10.78
15,2,2016,11.06
15,2,2017,11.22
15,2,2018,11.4
15,2,2019,11.77
15,2,2020,12.17
15,2,2021,13.14
15,2,2022,12.95
15,2,2023,13.33
16,1,1980,23.62
16,1,1981,25.46
16,1,1982,25.97
16,1,1983,26.55
16,1,1984,27.14
16,1,1985,27.57
16,1,1986,27.71
16,1,1987,27.38
16,1,1988,27.49
16,1,1989,27.9
16,1,1990,28.14
16,1,1991,28.27
16,1,1992,28.93
16,1,1993,29.86
16,1,1994,30.7
16,1,1995,31.07
16,1,1996,31.3
16,1,1997,31.17
16,1,1998,31.27
16,1,1999,31.16
16,1,2000,31.28
16,1,2001,31.51
16,1,2002,31.31
16,1,2003,30.33
16,1,2004,29.49
16,1,2005,29.35
16,1,2006,28.73
16,1,2007,27.84
16,1,2008,27.54
16,1,2009,27.33
16,1,2010,26.53
16,1,2011,25.83
16,1,2012,25.86
16,1,2013,25.6
16,1,2014,24.91
16,1,2015,24.5
16,1,2016,23.95
16,1,2017,23.07
16,1,2018,22.5
16,1,2019,21.9
16,1,2020,20.36
16,1,2021,23.76
16,1,2022,21.55
16,1,2023,20.15
16,2,1980,8.48
16,2,1981,8.77
16,2,1982,8.81
16,2,1983,8.84
16,2,1984,9.06
16,2,1985,9.18
16,2,1986,9.35
16,2,1987,9.37
16,2,1988,9.39
16,2,1989,9.46
16,2,1990,9.51
16,2,1991,9.58
16,2,1992,9.74
16,2,1993,10.02
16,2,1994,10.3
16,2,1995,10.51
16,2,1996,10.71
16,2,1997,10.67
16,2,1998,10.6
16,2,1999,10.64
16,2,2000,10.7
16,2,2001,10.74
16,2,2002,10.7
16,2,2003,10.22
16,2,2004,9.82
16,2,2005,9.74
16,2,2006,9.47
16,2,2007,9.23
16,2,2008,9.17
16,2,2009,9.13
16,2,2010,9
16,2,2011,8.86
16,2,2012,8.94
16,2,2013,8.97
16,2,2014,8.88
16,2,2015,8.88
16,2,2016,8.85
16,2,2017,8.68
16,2,2018,8.56
16,2,2019,8.51
16,2,2020,8.09
16,2,2021,9.31
16,2,2022,8.82
16,2,2023,8.42
17,1,1980,14.36
17,1,1981,14.52
17,1,1982,14.81
17,1,1983,15.29
17,1,1984,16
17,1,1985,16.48
17,1,1986,16.61
17,1,1987,16.65
17,1,1988,17.03
17,1,1989,16.84
17,1,1990,17.08
17,1,1991,16.49
17,1,1992,16.09
17,1,1993,16.29
17,1,1994,16.38
17,1,1995,16.39
17,1,1996,16.99
17,1,1997,16.54
17,1,1998,16.87
17,1,1999,16.95
17,1,2000,16.68
17,1,2001,17.04
17,1,2002,17.23
17,1,2003,17.27
17,1,2004,18.85
17,1,2005,17.43
17,1,2006,17.46
17,1,2007,17.89
17,1,2008,17.9
17,1,2009,18.2
17,1,2010,18.14
17,1,2011,17.69
17,1,2012,17.72
17,1,2013,18.05
17,1,2014,18.33
17,1,2015,18.17
17,1,2016,17.99
17,1,2017,18.18
17,1,2018,18.32
17,1,2019,17.84
17,1,2020,17.92
17,1,2021,17.56
17,1,2022,21.08
17,1,2023,21.95
17,2,1980,4.15
17,2,1981,4.07
17,2,1982,4.19
17,2,1983,4.2
17,2,1984,4.28
17,2,1985,4.36
17,2,1986,4.43
17,2,1987,4.41
17,2,1988,4.52
17,2,1989,4.56
17,2,1990,4.66
17,2,1991,4.7
17,2,1992,4.69
17,2,1993,4.67
17,2,1994,4.71
17,2,1995,4.68
17,2,1996,4.81
17,2,1997,4.78
17,2,1998,4.9
17,2,1999,4.86
17,2,2000,4.83
17,2,2001,4.92
17,2,2002,4.88
17,2,2003,4.84
17,2,2004,5.76
17,2,2005,5.07
17,2,2006,5.21
17,2,2007,5.28
17,2,2008,5.31
17,2,2009,5.38
17,2,2010,5.46
17,2,2011,5.53
17,2,2012,5.58
17,2,2013,5.68
17,2,2014,5.75
17,2,2015,5.78
17,2,2016,5.86
17,2,2017,6
17,2,2018,6.02
17,2,2019,5.85
17,2,2020,5.98
17,2,2021,6.17
17,2,2022,7.23
17,2,2023,7.47
18,1,1980,46.74
18,1,1981,46.35
18,1,1982,45.95
18,1,1983,44.74
18,1,1984,42.46
18,1,1985,40.65
18,1,1986,40.52
18,1,1987,41.51
18,1,1988,42.62
18,1,1989,44.12
18,1,1990,45.44
18,1,1991,47.06
18,1,1992,48.93
18,1,1993,49.86
18,1,1994,51.42
18,1,1995,52.92
18,1,1996,49.09
18,1,1997,42.87
18,1,1998,43.29
18,1,1999,49.01
18,1,2000,51.15
18,1,2001,51.06
18,1,2002,49.96
18,1,2003,49.11
18,1,2004,49.22
18,1,2005,49.48
18,1,2006,48.08
18,1,2007,47.05
18,1,2008,45.75
18,1,2009,44.25
18,1,2010,44.48
18,1,2011,42.5
18,1,2012,41.03
18,1,2013,40.02
18,1,2014,37.84
18,1,2015,37.31
18,1,2016,36.84
18,1,2017,34.05
18,1,2018,32.58
18,1,2019,33.17
18,1,2020,33.24
18,1,2021,33.69
18,1,2022,36.16
18,1,2023,34.84
18,2,1980,15.16
18,2,1981,15.33
18,2,1982,15.96
18,2,1983,16.29
18,2,1984,16.06
18,2,1985,16.06
18,2,1986,16.66
18,2,1987,17.52
18,2,1988,18.36
18,2,1989,19.42
18,2,1990,20.27
18,2,1991,21.24
18,2,1992,22.25
18,2,1993,22.84
18,2,1994,23.48
18,2,1995,23.76
18,2,1996,22.23
18,2,1997,20.33
18,2,1998,21.15
18,2,1999,23.28
18,2,2000,23.88
18,2,2001,23.71
18,2,2002,22.87
18,2,2003,22.28
18,2,2004,22.21
18,2,2005,21.98
18,2,2006,21.08
18,2,2007,20.63
18,2,2008,19.98
18,2,2009,19.17
18,2,2010,19
18,2,2011,18.13
18,2,2012,17.22
18,2,2013,16.72
18,2,2014,16.15
18,2,2015,15.85
18,2,2016,15.56
18,2,2017,14.47
18,2,2018,13.91
18,2,2019,14.12
18,2,2020,13.93
18,2,2021,13.96
18,2,2022,14.91
18,2,2023,14.56
19,1,1980,21.65
19,1,1981,21.47
19,1,1982,21.27
19,1,1983,20.99
19,1,1984,20.76
19,1,1985,20.9
19,1,1986,20.79
19,1,1987,20.7
19,1,1988,20.56
19,1,1989,20.52
19,1,1990,20.83
19,1,1991,20.87
19,1,1992,21.02
19,1,1993,21.23
19,1,1994,21.41
19,1,1995,21.84
19,1,1996,22
19,1,1997,22
19,1,1998,22.07
19,1,1999,21.76
19,1,2000,22.05
19,1,2001,21.84
19,1,2002,21.37
19,1,2003,21.27
19,1,2004,20.21
19,1,2005,20.04
19,1,2006,19.53
19,1,2007,19.17
19,1,2008,18.56
19,1,2009,18.71
19,1,2010,18.63
19,1,2011,19.15
19,1,2012,19.35
19,1,2013,19.08
19,1,2014,18.82
19,1,2015,19.21
19,1,2016,19.19
19,1,2017,19.16
19,1,2018,19.19
19,1,2019,19.27
19,1,2020,19.94
19,1,2021,20.03
19,1,2022,20.28
19,1,2023,20.64
19,2,1980,7.92
19,2,1981,7.85
19,2,1982,7.71
19,2,1983,7.54
19,2,1984,7.39
19,2,1985,7.3
19,2,1986,7.22
19,2,1987,7.18
19,2,1988,7.24
19,2,1989,7.34
19,2,1990,7.47
19,2,1991,7.55
19,2,1992,7.68
19,2,1993,7.82
19,2,1994,7.91
19,2,1995,8
19,2,1996,8.08
19,2,1997,8.11
19,2,1998,8.19
19,2,1999,8.08
19,2,2000,8.18
19,2,2001,8.14
19,2,2002,7.99
19,2,2003,8.02
19,2,2004,7.63
19,2,2005,7.66
19,2,2006,7.56
19,2,2007,7.53
19,2,2008,7.35
19,2,2009,7.62
19,2,2010,7.71
19,2,2011,8.25
19,2,2012,8.52
19,2,2013,8.53
19,2,2014,8.5
19,2,2015,8.64
19,2,2016,8.77
19,2,2017,8.94
19,2,2018,9.04
19,2,2019,9.2
19,2,2020,9.6
19,2,2021,9.8
19,2,2022,10.16
19,2,2023,10.5
20,1,1980,27.45
20,1,1981,27.69
20,1,1982,27.83
20,1,1983,27.94
20,1,1984,28.06
20,1,1985,28.37
20,1,1986,28.54
20,1,1987,28.77
20,1,1988,29.13
20,1,1989,29.56
20,1,1990,30.12
20,1,1991,30.55
20,1,1992,30.95
20,1,1993,31.1
20,1,1994,30.97
20,1,1995,31.04
20,1,1996,30.45
20,1,1997,30.3
20,1,1998,30.3
20,1,1999,29.94
20,1,2000,29.91
20,1,2001,29.71
20,1,2002,29.6
20,1,2003,29.49
20,1,2004,29.37
20,1,2005,29.21
20,1,2006,29.04
20,1,2007,28.98
20,1,2008,28.99
20,1,2009,29.19
20,1,2010,29.53
20,1,2011,29.62
20,1,2012,30.17
20,1,2013,30.66
20,1,2014,30.86
20,1,2015,31.2
20,1,2016,31.87
20,1,2017,32.01
20,1,2018,32.49
20,1,2019,32.97
20,1,2020,33.4
20,1,2021,32.87
20,1,2022,34.33
20,1,2023,35.26
20,2,1980,6.04
20,2,1981,6.05
20,2,1982,6.03
20,2,1983,6.03
20,2,1984,6.03
20,2,1985,6.08
20,2,1986,6.12
20,2,1987,6.17
20,2,1988,6.26
20,2,1989,6.38
20,2,1990,6.54
20,2,1991,6.68
20,2,1992,6.79
20,2,1993,6.99
20,2,1994,7.14
20,2,1995,7.3
20,2,1996,7.48
20,2,1997,7.5
20,2,1998,7.59
20,2,1999,7.62
20,2,2000,7.74
20,2,2001,7.91
20,2,2002,8.14
20,2,2003,8.4
20,2,2004,8.66
20,2,2005,8.95
20,2,2006,9.2
20,2,2007,9.49
20,2,2008,9.78
20,2,2009,10.09
20,2,2010,10.43
20,2,2011,10.47
20,2,2012,10.56
20,2,2013,10.65
20,2,2014,10.75
20,2,2015,10.87
20,2,2016,11.09
20,2,2017,11.15
20,2,2018,11.29
20,2,2019,11.47
20,2,2020,11.58
20,2,2021,11.39
20,2,2022,11.89
20,2,2023,12.4
22,1,1980,15.58
22,1,1981,15.24
22,1,1982,15.3
22,1,1983,15.3
22,1,1984,15.29
22,1,1985,14.93
22,1,1986,14.74
22,1,1987,14.77
22,1,1988,14.89
22,1,1989,15.04
22,1,1990,15.18
22,1,1991,15.3
22,1,1992,15.4
22,1,1993,15.36
22,1,1994,15.29
22,1,1995,15.26
22,1,1996,15.16
22,1,1997,15.17
22,1,1998,15.47
22,1,1999,15.54
22,1,2000,15.49
22,1,2001,15.7
22,1,2002,16.05
22,1,2003,16.26
22,1,2004,16.53
22,1,2005,16.04
22,1,2006,15.79
22,1,2007,15.44
22,1,2008,15.18
22,1,2009,15.28
22,1,2010,15.23
22,1,2011,15.12
22,1,2012,14.95
22,1,2013,14.93
22,1,2014,15.09
22,1,2015,15.33
22,1,2016,15.52
22,1,2017,15.64
22,1,2018,15.92
22,1,2019,16.04
22,1,2020,16.21
22,1,2021,16.74
22,1,2022,17.5
22,1,2023,18.33
22,2,1980,5.48
22,2,1981,5.26
22,2,1982,5.23
22,2,1983,5.19
22,2,1984,5.19
22,2,1985,5.01
22,2,1986,4.88
22,2,1987,4.95
22,2,1988,5.04
22,2,1989,5.16
22,2,1990,5.31
22,2,1991,5.47
22,2,1992,5.63
22,2,1993,5.71
22,2,1994,5.79
22,2,1995,5.82
22,2,1996,5.86
22,2,1997,5.93
22,2,1998,6.13
22,2,1999,6.23
22,2,2000,6.28
22,2,2001,6.47
22,2,2002,6.58
22,2,2003,6.83
22,2,2004,7.12
22,2,2005,7.23
22,2,2006,7.39
22,2,2007,7.42
22,2,2008,7.33
22,2,2009,7.44
22,2,2010,7.49
22,2,2011,7.55
22,2,2012,7.53
22,2,2013,7.54
22,2,2014,7.55
22,2,2015,7.64
22,2,2016,7.71
22,2,2017,7.75
22,2,2018,7.88
22,2,2019,7.96
22,2,2020,8.05
22,2,2021,8.05
22,2,2022,8.6
22,2,2023,8.94
23,1,1980,10.55
23,1,1981,10.32
23,1,1982,10.05
23,1,1983,9.77
23,1,1984,9.51
23,1,1985,10.08
23,1,1986,9.95
23,1,1987,9.88
23,1,1988,9.86
23,1,1989,9.88
23,1,1990,10.73
23,1,1991,10.85
23,1,1992,10.94
23,1,1993,11.17
23,1,1994,11.61
23,1,1995,12.83
23,1,1996,12.94
23,1,1997,13.18
23,1,1998,13.45
23,1,1999,13.73
23,1,2000,14.78
23,1,2001,14.97
23,1,2002,15.23
23,1,2003,15.37
23,1,2004,15.45
23,1,2005,15.69
23,1,2006,15.7
23,1,2007,15.62
23,1,2008,15.59
23,1,2009,15.53
23,1,2010,15.66
23,1,2011,15.53
23,1,2012,15.46
23,1,2013,15.38
23,1,2014,15.26
23,1,2015,16.02
23,1,2016,15.97
23,1,2017,15.91
23,1,2018,16.8
23,1,2019,16.02
23,1,2020,16.18
23,1,2021,17.08
23,1,2022,17.23
23,1,2023,17.42
23,2,1980,3.87
23,2,1981,3.77
23,2,1982,3.66
23,2,1983,3.53
23,2,1984,3.43
23,2,1985,3.42
23,2,1986,3.38
23,2,1987,3.36
23,2,1988,3.38
23,2,1989,3.41
23,2,1990,3.52
23,2,1991,3.6
23,2,1992,3.71
23,2,1993,3.73
23,2,1994,3.68
23,2,1995,3.61
23,2,1996,3.76
23,2,1997,3.86
23,2,1998,3.97
23,2,1999,4.05
23,2,2000,4.2
23,2,2001,4.23
23,2,2002,4.26
23,2,2003,4.3
23,2,2004,4.33
23,2,2005,4.35
23,2,2006,4.32
23,2,2007,4.29
23,2,2008,4.26
23,2,2009,4.23
23,2,2010,4.21
23,2,2011,4.17
23,2,2012,4.14
23,2,2013,4.13
23,2,2014,4.09
23,2,2015,4.16
23,2,2016,4.2
23,2,2017,4.25
23,2,2018,4.42
23,2,2019,4.35
23,2,2020,4.34
23,2,2021,4.41
23,2,2022,4.71
23,2,2023,4.87
24,1,1980,40.89
24,1,1981,40.56
24,1,1982,40.19
24,1,1983,38.86
24,1,1984,38.44
24,1,1985,41.23
24,1,1986,41.05
24,1,1987,41.13
24,1,1988,41.15
24,1,1989,41.09
24,1,1990,44.44
24,1,1991,44.67
24,1,1992,44.8
24,1,1993,45.27
24,1,1994,46.95
24,1,1995,50.07
24,1,1996,50.04
24,1,1997,49.71
24,1,1998,49.57
24,1,1999,49.14
24,1,2000,52.35
24,1,2001,51.29
24,1,2002,51.3
24,1,2003,51.29
24,1,2004,51.03
24,1,2005,51.44
24,1,2006,51.03
24,1,2007,50.82
24,1,2008,50.72
24,1,2009,50.72
24,1,2010,51.54
24,1,2011,51.45
24,1,2012,51.54
24,1,2013,51.82
24,1,2014,51.95
24,1,2015,54.67
24,1,2016,55.01
24,1,2017,55.38
24,1,2018,55.54
24,1,2019,55.94
24,1,2020,58.37
24,1,2021,64.53
24,1,2022,62.73
24,1,2023,63.32
24,2,1980,16.84
24,2,1981,16.69
24,2,1982,16.46
24,2,1983,16.17
24,2,1984,15.9
24,2,1985,15.99
24,2,1986,15.9
24,2,1987,15.85
24,2,1988,15.91
24,2,1989,16.09
24,2,1990,16.59
24,2,1991,16.86
24,2,1992,17.1
24,2,1993,17.32
24,2,1994,17.52
24,2,1995,17.9
24,2,1996,17.93
24,2,1997,18.03
24,2,1998,18.22
24,2,1999,18.24
24,2,2000,18.96
24,2,2001,18.74
24,2,2002,19.07
24,2,2003,19.43
24,2,2004,19.77
24,2,2005,20.12
24,2,2006,20.38
24,2,2007,20.72
24,2,2008,21.03
24,2,2009,21.47
24,2,2010,22.07
24,2,2011,22.6
24,2,2012,23.16
24,2,2013,23.75
24,2,2014,24.2
24,2,2015,24.98
24,2,2016,25.57
24,2,2017,26.24
24,2,2018,26.81
24,2,2019,27.45
24,2,2020,28.58
24,2,2021,30.82
24,2,2022,31.67
24,2,2023,33.06
25,1,1980,67.72
25,1,1981,66.59
25,1,1982,65.47
25,1,1983,64.31
25,1,1984,63.32
25,1,1985,67.5
25,1,1986,66.72
25,1,1987,66.05
25,1,1988,65.62
25,1,1989,63.9
25,1,1990,67.66
25,1,1991,67.29
25,1,1992,66.61
25,1,1993,66.52
25,1,1994,66.5
25,1,1995,70.47
25,1,1996,70.11
25,1,1997,69.5
25,1,1998,68.99
25,1,1999,68.19
25,1,2000,73.51
25,1,2001,70.6
25,1,2002,70.44
25,1,2003,68.77
25,1,2004,67.35
25,1,2005,66.83
25,1,2006,65.21
25,1,2007,63.61
25,1,2008,62.13
25,1,2009,61.08
25,1,2010,61.26
25,1,2011,60.78
25,1,2012,60.53
25,1,2013,59.93
25,1,2014,59.05
25,1,2015,60.6
25,1,2016,59.75
25,1,2017,59.62
25,1,2018,58.61
25,1,2019,56.3
25,1,2020,58.42
25,1,2021,65.04
25,1,2022,56.29
25,1,2023,55.75
25,2,1980,14.58
25,2,1981,14.38
25,2,1982,14.1
25,2,1983,13.8
25,2,1984,13.47
25,2,1985,13.52
25,2,1986,13.37
25,2,1987,13.3
25,2,1988,13.35
25,2,1989,13.5
25,2,1990,13.89
25,2,1991,14.08
25,2,1992,14.09
25,2,1993,14.28
25,2,1994,14.45
25,2,1995,14.81
25,2,1996,14.93
25,2,1997,15.06
25,2,1998,15.23
25,2,1999,15.27
25,2,2000,16.35
25,2,2001,15.72
25,2,2002,16.03
25,2,2003,16.29
25,2,2004,16.52
25,2,2005,16.68
25,2,2006,16.68
25,2,2007,16.53
25,2,2008,16.31
25,2,2009,16.21
25,2,2010,16.3
25,2,2011,16.49
25,2,2012,16.7
25,2,2013,16.8
25,2,2014,16.78
25,2,2015,17.04
25,2,2016,17.13
25,2,2017,17.27
25,2,2018,17.12
25,2,2019,17.32
25,2,2020,17.71
25,2,2021,18.69
25,2,2022,17.12
25,2,2023,17.55
26,1,1980,25.28
26,1,1981,25.12
26,1,1982,24.85
26,1,1983,24.65
26,1,1984,24.46
26,1,1985,26.33
26,1,1986,26.35
26,1,1987,26.34
26,1,1988,26.45
26,1,1989,26.67
26,1,1990,28.98
26,1,1991,29.4
26,1,1992,29.73
26,1,1993,30.27
26,1,1994,30.76
26,1,1995,32.95
26,1,1996,33.47
26,1,1997,33.23
26,1,1998,32.95
26,1,1999,33.18
26,1,2000,34.93
26,1,2001,34.34
26,1,2002,34.04
26,1,2003,33.33
26,1,2004,32.43
26,1,2005,32.14
26,1,2006,31.26
26,1,2007,31.1
26,1,2008,30.38
26,1,2009,29.63
26,1,2010,30.48
26,1,2011,30.2
26,1,2012,29.85
26,1,2013,28.94
26,1,2014,28.98
26,1,2015,31.07
26,1,2016,30.28
26,1,2017,30.26
26,1,2018,30.11
26,1,2019,30.72
26,1,2020,30.67
26,1,2021,31.03
26,1,2022,33.34
26,1,2023,34.19
26,2,1980,14.99
26,2,1981,14.76
26,2,1982,14.35
26,2,1983,14.07
26,2,1984,13.74
26,2,1985,13.73
26,2,1986,13.6
26,2,1987,13.53
26,2,1988,13.58
26,2,1989,13.74
26,2,1990,14.14
26,2,1991,14.32
26,2,1992,14.55
26,2,1993,14.85
26,2,1994,15.12
26,2,1995,15.48
26,2,1996,15.79
26,2,1997,15.77
26,2,1998,15.64
26,2,1999,15.97
26,2,2000,16.17
26,2,2001,15.86
26,2,2002,15.79
26,2,2003,15.57
26,2,2004,15.29
26,2,2005,15.16
26,2,2006,14.96
26,2,2007,15.22
26,2,2008,15.11
26,2,2009,14.94
26,2,2010,15.59
26,2,2011,15.87
26,2,2012,15.93
26,2,2013,15.48
26,2,2014,15.65
26,2,2015,16.34
26,2,2016,15.97
26,2,2017,16.12
26,2,2018,16.06
26,2,2019,16.67
26,2,2020,16.45
26,2,2021,16.19
26,2,2022,18.63
26,2,2023,19.27
27,1,1980,7.56
27,1,1981,7.56
27,1,1982,7.53
27,1,1983,7.51
27,1,1984,7.51
27,1,1985,7.92
27,1,1986,7.98
27,1,1987,8.04
27,1,1988,8.12
27,1,1989,8.28
27,1,1990,8.91
27,1,1991,9.13
27,1,1992,9.35
27,1,1993,9.59
27,1,1994,9.83
27,1,1995,10.77
27,1,1996,11.05
27,1,1997,11.35
27,1,1998,11.68
27,1,1999,11.91
27,1,2000,12.84
27,1,2001,12.99
27,1,2002,13.06
27,1,2003,13.01
27,1,2004,12.92
27,1,2005,12.96
27,1,2006,12.75
27,1,2007,12.48
27,1,2008,12.21
27,1,2009,12.06
27,1,2010,12.04
27,1,2011,11.91
27,1,2012,11.78
27,1,2013,11.7
27,1,2014,11.62
27,1,2015,12.13
27,1,2016,12.24
27,1,2017,12.36
27,1,2018,12.53
27,1,2019,13.03
27,1,2020,13.09
27,1,2021,14.49
27,1,2022,14.55
27,1,2023,15.29
27,2,1980,1.33
27,2,1981,1.31
27,2,1982,1.3
27,2,1983,1.26
27,2,1984,1.15
27,2,1985,1.15
27,2,1986,1.15
27,2,1987,1.15
27,2,1988,1.16
27,2,1989,1.18
27,2,1990,1.22
27,2,1991,1.25
27,2,1992,1.28
27,2,1993,1.31
27,2,1994,1.34
27,2,1995,1.39
27,2,1996,1.43
27,2,1997,1.46
27,2,1998,1.49
27,2,1999,1.52
27,2,2000,1.57
27,2,2001,1.6
27,2,2002,1.62
27,2,2003,1.64
27,2,2004,1.65
27,2,2005,1.66
27,2,2006,1.66
27,2,2007,1.65
27,2,2008,1.65
27,2,2009,1.65
27,2,2010,1.64
27,2,2011,1.64
27,2,2012,1.63
27,2,2013,1.63
27,2,2014,1.63
27,2,2015,1.66
27,2,2016,1.69
27,2,2017,1.71
27,2,2018,1.74
27,2,2019,1.84
27,2,2020,1.8
27,2,2021,1.92
27,2,2022,2.01
27,2,2023,2.15
28,1,1980,28.41
28,1,1981,27.99
28,1,1982,27.57
28,1,1983,27.02
28,1,1984,26.49
28,1,1985,28.15
28,1,1986,27.74
28,1,1987,27.33
28,1,1988,26.83
28,1,1989,26.64
28,1,1990,28.3
28,1,1991,28.8
28,1,1992,28.06
28,1,1993,28.15
28,1,1994,28.32
28,1,1995,29.54
28,1,1996,29.42
28,1,1997,29.55
28,1,1998,29.32
28,1,1999,28.67
28,1,2000,30.35
28,1,2001,29.29
28,1,2002,28.56
28,1,2003,28.03
28,1,2004,27.24
28,1,2005,27.86
28,1,2006,28.01
28,1,2007,27.23
28,1,2008,26.63
28,1,2009,28.1
28,1,2010,28.26
28,1,2011,30.86
28,1,2012,31.98
28,1,2013,32.86
28,1,2014,34.33
28,1,2015,36.42
28,1,2016,35.76
28,1,2017,36.12
28,1,2018,36.25
28,1,2019,36.97
28,1,2020,38.1
28,1,2021,39.32
28,1,2022,40.95
28,1,2023,41.17
28,2,1980,29.43
28,2,1981,29.06
28,2,1982,28.54
28,2,1983,27.84
28,2,1984,26.4
28,2,1985,26.27
28,2,1986,25.94
28,2,1987,25.58
28,2,1988,25.15
28,2,1989,25.32
28,2,1990,25.76
28,2,1991,26.59
28,2,1992,26.41
28,2,1993,26.79
28,2,1994,27.27
28,2,1995,27.24
28,2,1996,27.37
28,2,1997,27.99
28,2,1998,28.01
28,2,1999,27.35
28,2,2000,28.13
28,2,2001,26.96
28,2,2002,26.3
28,2,2003,25.72
28,2,2004,25.07
28,2,2005,25.67
28,2,2006,26.1
28,2,2007,25.26
28,2,2008,24.67
28,2,2009,26.67
28,2,2010,26.52
28,2,2011,30
28,2,2012,31.78
28,2,2013,33.23
28,2,2014,35.59
28,2,2015,36.61
28,2,2016,35.83
28,2,2017,36.63
28,2,2018,36.83
28,2,2019,38.1
28,2,2020,39.08
28,2,2021,38.8
28,2,2022,42.92
28,2,2023,43.72
29,1,1980,33.01
29,1,1981,32.79
29,1,1982,32.54
29,1,1983,32.39
29,1,1984,32.31
29,1,1985,34.91
29,1,1986,35
29,1,1987,35.17
29,1,1988,35.46
29,1,1989,35.96
29,1,1990,39.27
29,1,1991,39.99
29,1,1992,40.42
29,1,1993,40.68
29,1,1994,40.97
29,1,1995,43.94
29,1,1996,43.89
29,1,1997,43.52
29,1,1998,42.76
29,1,1999,42.38
29,1,2000,44.51
29,1,2001,44.48
29,1,2002,44.02
29,1,2003,43.45
29,1,2004,43.43
29,1,2005,44.48
29,1,2006,44.14
29,1,2007,43.52
29,1,2008,42.9
29,1,2009,45.71
29,1,2010,43.01
29,1,2011,42.5
29,1,2012,42.44
29,1,2013,42.47
29,1,2014,42.39
29,1,2015,44.47
29,1,2016,44.74
29,1,2017,44.91
29,1,2018,45.19
29,1,2019,45.59
29,1,2020,47.5
29,1,2021,52.71
29,1,2022,51.22
29,1,2023,52.41
29,2,1980,7.35
29,2,1981,7.42
29,2,1982,7.47
29,2,1983,7.5
29,2,1984,7.55
29,2,1985,7.79
29,2,1986,7.89
29,2,1987,8.01
29,2,1988,8.19
29,2,1989,8.44
29,2,1990,8.85
29,2,1991,9.13
29,2,1992,9.37
29,2,1993,9.55
29,2,1994,9.69
29,2,1995,9.96
29,2,1996,10.02
29,2,1997,10.01
29,2,1998,10.04
29,2,1999,10.12
29,2,2000,10.32
29,2,2001,10.36
29,2,2002,10.44
29,2,2003,10.57
29,2,2004,10.81
29,2,2005,10.95
29,2,2006,11.01
29,2,2007,11.01
29,2,2008,11.05
29,2,2009,11.6
29,2,2010,11.31
29,2,2011,11.46
29,2,2012,11.62
29,2,2013,11.76
29,2,2014,11.84
29,2,2015,12.11
29,2,2016,12.36
29,2,2017,12.57
29,2,2018,12.75
29,2,2019,12.95
29,2,2020,13.56
29,2,2021,15.07
29,2,2022,14.81
29,2,2023,15.42
30,1,1980,12.88
30,1,1981,12.6
30,1,1982,12.42
30,1,1983,11.9
30,1,1984,11.62
30,1,1985,11.44
30,1,1986,11.27
30,1,1987,11.11
30,1,1988,11.05
30,1,1989,10.98
30,1,1990,11.1
30,1,1991,11.52
30,1,1992,11.79
30,1,1993,11.97
30,1,1994,12.46
30,1,1995,12.23
30,1,1996,12.38
30,1,1997,12.3
30,1,1998,12.26
30,1,1999,12.25
30,1,2000,11.62
30,1,2001,11.63
30,1,2002,10.71
30,1,2003,9.94
30,1,2004,9.71
30,1,2005,9.98
30,1,2006,9.95
30,1,2007,10.06
30,1,2008,10.08
30,1,2009,9.87
30,1,2010,9.74
30,1,2011,9.87
30,1,2012,9.86
30,1,2013,9.93
30,1,2014,10.01
30,1,2015,10.04
30,1,2016,10.09
30,1,2017,10.1
30,1,2018,10.12
30,1,2019,10.08
30,1,2020,10.15
30,1,2021,10.23
30,1,2022,10.56
30,1,2023,10.75
30,2,1980,6.4
30,2,1981,6.28
30,2,1982,6.19
30,2,1983,5.92
30,2,1984,5.74
30,2,1985,5.62
30,2,1986,5.53
30,2,1987,5.48
30,2,1988,5.51
30,2,1989,5.56
30,2,1990,5.68
30,2,1991,6.02
30,2,1992,6.26
30,2,1993,6.43
30,2,1994,6.87
30,2,1995,6.64
30,2,1996,6.78
30,2,1997,6.77
30,2,1998,6.78
30,2,1999,6.85
30,2,2000,6.34
30,2,2001,6.42
30,2,2002,5.72
30,2,2003,5.24
30,2,2004,5.2
30,2,2005,5.56
30,2,2006,5.68
30,2,2007,5.98
30,2,2008,6.19
30,2,2009,6.15
30,2,2010,6.21
30,2,2011,6.57
30,2,2012,6.71
30,2,2013,6.9
30,2,2014,7.08
30,2,2015,7.17
30,2,2016,7.29
30,2,2017,7.39
30,2,2018,7.44
30,2,2019,7.45
30,2,2020,7.49
30,2,2021,7.3
30,2,2022,7.85
30,2,2023,8.11
33,1,1980,44.16
33,1,1981,43.18
33,1,1982,42.7
33,1,1983,42.56
33,1,1984,42.78
33,1,1985,44.33
33,1,1986,45.01
33,1,1987,45.75
33,1,1988,47.5
33,1,1989,54.69
33,1,1990,63.66
33,1,1991,68.69
33,1,1992,67.63
33,1,1993,63.39
33,1,1994,59.25
33,1,1995,59.71
33,1,1996,59.07
33,1,1997,57.2
33,1,1998,56.47
33,1,1999,58.51
33,1,2000,59.9
33,1,2001,60.83
33,1,2002,61.46
33,1,2003,63.16
33,1,2004,64.88
33,1,2005,66.55
33,1,2006,68.23
33,1,2007,67.02
33,1,2008,70.37
33,1,2009,70.76
33,1,2010,65.65
33,1,2011,66.42
33,1,2012,61.24
33,1,2013,58.1
33,1,2014,57.95
33,1,2015,55.47
33,1,2016,53.2
33,1,2017,50.29
33,1,2018,49.15
33,1,2019,50.26
33,1,2020,47.51
33,1,2021,46.38
33,1,2022,44.62
33,1,2023,39
33,2,1980,7.6
33,2,1981,7.5
33,2,1982,7.62
33,2,1983,7.71
33,2,1984,8.03
33,2,1985,8.44
33,2,1986,9.06
33,2,1987,9.21
33,2,1988,9.33
33,2,1989,10.07
33,2,1990,10.78
33,2,1991,11.06
33,2,1992,11.67
33,2,1993,10.97
33,2,1994,9.76
33,2,1995,8.73
33,2,1996,8.44
33,2,1997,8.48
33,2,1998,8.76
33,2,1999,8.66
33,2,2000,8.98
33,2,2001,9.02
33,2,2002,8.95
33,2,2003,9.11
33,2,2004,9.4
33,2,2005,9.57
33,2,2006,9.89
33,2,2007,9.44
33,2,2008,10.5
33,2,2009,10.43
33,2,2010,9.5
33,2,2011,9.65
33,2,2012,9.2
33,2,2013,8.58
33,2,2014,8.36
33,2,2015,8.07
33,2,2016,7.69
33,2,2017,8.14
33,2,2018,7.6
33,2,2019,8.29
33,2,2020,8.49
33,2,2021,7.95
33,2,2022,7.41
33,2,2023,6.34
34,1,1980,44.99
34,1,1981,45.27
34,1,1982,45.37
34,1,1983,45.75
34,1,1984,46.33
34,1,1985,52.18
34,1,1986,51.94
34,1,1987,51.02
34,1,1988,49.15
34,1,1989,46.57
34,1,1990,49.69
34,1,1991,48.28
34,1,1992,46.7
34,1,1993,45.9
34,1,1994,43.45
34,1,1995,46.04
34,1,1996,42.69
34,1,1997,39.42
34,1,1998,36.74
34,1,1999,34.62
34,1,2000,34.84
34,1,2001,32.94
34,1,2002,32.34
34,1,2003,32.87
34,1,2004,33.39
34,1,2005,33.68
34,1,2006,34.8
34,1,2007,35.05
34,1,2008,35.86
34,1,2009,36.4
34,1,2010,33.4
34,1,2011,34.04
34,1,2012,34.35
34,1,2013,33.68
34,1,2014,32.93
34,1,2015,27.32
34,1,2016,27.07
34,1,2017,26.75
34,1,2018,26.54
34,1,2019,27.39
34,1,2020,28.87
34,1,2021,26.33
34,1,2022,24.08
34,1,2023,24.99
34,2,1980,6.71
34,2,1981,6.82
34,2,1982,6.98
34,2,1983,7.17
34,2,1984,7.32
34,2,1985,7.64
34,2,1986,7.67
34,2,1987,7.64
34,2,1988,7.47
34,2,1989,7.21
34,2,1990,7.16
34,2,1991,7.09
34,2,1992,7.14
34,2,1993,7.12
34,2,1994,6.95
34,2,1995,6.87
34,2,1996,6.63
34,2,1997,6.36
34,2,1998,6.15
34,2,1999,6.04
34,2,2000,5.98
34,2,2001,5.82
34,2,2002,5.82
34,2,2003,5.9
34,2,2004,5.94
34,2,2005,6.03
34,2,2006,6.22
34,2,2007,6.32
34,2,2008,6.5
34,2,2009,6.6
34,2,2010,6.49
34,2,2011,6.51
34,2,2012,6.52
34,2,2013,6.57
34,2,2014,6.62
34,2,2015,6.33
34,2,2016,6.37
34,2,2017,6.36
34,2,2018,6.37
34,2,2019,6.7
34,2,2020,7.18
34,2,2021,7.15
34,2,2022,5.86
34,2,2023,5.85
35,1,1980,45.67
35,1,1981,44.75
35,1,1982,44.52
35,1,1983,45.21
35,1,1984,47.15
35,1,1985,48.04
35,1,1986,48.92
35,1,1987,49.8
35,1,1988,50.62
35,1,1989,51.24
35,1,1990,51.84
35,1,1991,50.59
35,1,1992,44.67
35,1,1993,38.45
35,1,1994,33.46
35,1,1995,32.16
35,1,1996,31.73
35,1,1997,32.25
35,1,1998,34.58
35,1,1999,36.32
35,1,2000,37.47
35,1,2001,38.23
35,1,2002,40.12
35,1,2003,40.86
35,1,2004,40.38
35,1,2005,40.86
35,1,2006,42.78
35,1,2007,42.53
35,1,2008,46.26
35,1,2009,48.39
35,1,2010,50.76
35,1,2011,56.52
35,1,2012,58.25
35,1,2013,58.54
35,1,2014,59.08
35,1,2015,63.78
35,1,2016,66.09
35,1,2017,63.18
35,1,2018,59.11
35,1,2019,53.73
35,1,2020,52.27
35,1,2021,51.35
35,1,2022,49.98
35,1,2023,49.34
35,2,1980,7.6
35,2,1981,7.65
35,2,1982,7.62
35,2,1983,7.68
35,2,1984,7.7
35,2,1985,7.89
35,2,1986,8.01
35,2,1987,8.15
35,2,1988,8.22
35,2,1989,8.11
35,2,1990,8.22
35,2,1991,8.14
35,2,1992,7.5
35,2,1993,6.28
35,2,1994,5.32
35,2,1995,5.34
35,2,1996,5.18
35,2,1997,5.38
35,2,1998,6.3
35,2,1999,6.97
35,2,2000,7.2
35,2,2001,7.38
35,2,2002,7.43
35,2,2003,7.24
35,2,2004,6.98
35,2,2005,7.11
35,2,2006,6.75
35,2,2007,6.19
35,2,2008,6.5
35,2,2009,6.68
35,2,2010,6.84
35,2,2011,6.65
35,2,2012,6.65
35,2,2013,6.46
35,2,2014,6.71
35,2,2015,6.88
35,2,2016,6.75
35,2,2017,6.97
35,2,2018,6.74
35,2,2019,6.27
35,2,2020,6.57
35,2,2021,6.22
35,2,2022,5.96
35,2,2023,5.76
36,1,1980,70.98
36,1,1981,68.71
36,1,1982,67.28
36,1,1983,69.53
36,1,1984,75.3
36,1,1985,74.14
36,1,1986,74.63
36,1,1987,76.29
36,1,1988,79.81
36,1,1989,84.08
36,1,1990,88.47
36,1,1991,84.13
36,1,1992,83.55
36,1,1993,80.98
36,1,1994,77.48
36,1,1995,76.3
36,1,1996,72.34
36,1,1997,68.72
36,1,1998,66.16
36,1,1999,64.51
36,1,2000,62.03
36,1,2001,60.87
36,1,2002,60.94
36,1,2003,60.41
36,1,2004,57.09
36,1,2005,55.62
36,1,2006,54.36
36,1,2007,53.68
36,1,2008,52.01
36,1,2009,51.63
36,1,2010,49.99
36,1,2011,50.98
36,1,2012,49.5
36,1,2013,44.81
36,1,2014,40.06
36,1,2015,37.38
36,1,2016,37.98
36,1,2017,36.56
36,1,2018,35.47
36,1,2019,34.21
36,1,2020,34.42
36,1,2021,30.91
36,1,2022,27.15
36,1,2023,28.42
36,2,1980,10.15
36,2,1981,9.9
36,2,1982,10.07
36,2,1983,10.31
36,2,1984,10.83
36,2,1985,10.88
36,2,1986,11.03
36,2,1987,11.06
36,2,1988,11.96
36,2,1989,12.44
36,2,1990,12.83
36,2,1991,12.51
36,2,1992,12.35
36,2,1993,11.72
36,2,1994,11.26
36,2,1995,10.97
36,2,1996,10.73
36,2,1997,10.34
36,2,1998,9.94
36,2,1999,9.97
36,2,2000,9.53
36,2,2001,9.3
36,2,2002,9.26
36,2,2003,8.99
36,2,2004,8.21
36,2,2005,8.37
36,2,2006,8.22
36,2,2007,7.83
36,2,2008,8.13
36,2,2009,7.87
36,2,2010,7.58
36,2,2011,7.96
36,2,2012,7.74
36,2,2013,6.78
36,2,2014,6.3
36,2,2015,5.68
36,2,2016,5.42
36,2,2017,5.17
36,2,2018,4.89
36,2,2019,4.85
36,2,2020,5.18
36,2,2021,5
36,2,2022,4.03
36,2,2023,4.1
37,1,1980,40.09
37,1,1981,39.27
37,1,1982,41.14
37,1,1983,40.92
37,1,1984,39.83
37,1,1985,41.41
37,1,1986,41.7
37,1,1987,41.68
37,1,1988,43.56
37,1,1989,45.93
37,1,1990,48.54
37,1,1991,48.58
37,1,1992,47.75
37,1,1993,43.61
37,1,1994,40.66
37,1,1995,40.31
37,1,1996,38.28
37,1,1997,36.26
37,1,1998,33.62
37,1,1999,31.45
37,1,2000,27.64
37,1,2001,26.7
37,1,2002,26.89
37,1,2003,26.89
37,1,2004,26.1
37,1,2005,25.36
37,1,2006,24.96
37,1,2007,23.45
37,1,2008,23.16
37,1,2009,24.58
37,1,2010,23.84
37,1,2011,24.25
37,1,2012,24.28
37,1,2013,25.09
37,1,2014,25.34
37,1,2015,22.07
37,1,2016,22.63
37,1,2017,22.24
37,1,2018,22.24
37,1,2019,19.61
37,1,2020,16.91
37,1,2021,17.19
37,1,2022,16.58
37,1,2023,17.94
37,2,1980,7.22
37,2,1981,7.26
37,2,1982,7.34
37,2,1983,7.32
37,2,1984,7.1
37,2,1985,7.27
37,2,1986,7.72
37,2,1987,7.96
37,2,1988,8.22
37,2,1989,8.13
37,2,1990,8.73
37,2,1991,8.42
37,2,1992,8.46
37,2,1993,8.32
37,2,1994,8.01
37,2,1995,7.48
37,2,1996,7.33
37,2,1997,7.27
37,2,1998,6.87
37,2,1999,6.6
37,2,2000,6.35
37,2,2001,6.11
37,2,2002,5.9
37,2,2003,5.97
37,2,2004,5.72
37,2,2005,5.57
37,2,2006,5.68
37,2,2007,5.47
37,2,2008,5.45
37,2,2009,5.46
37,2,2010,5.4
37,2,2011,5.2
37,2,2012,5.22
37,2,2013,5.27
37,2,2014,5.25
37,2,2015,5.17
37,2,2016,5.46
37,2,2017,5.01
37,2,2018,4.79
37,2,2019,4.35
37,2,2020,3.87
37,2,2021,4.35
37,2,2022,4.38
37,2,2023,4.69
38,1,1980,35.24
38,1,1981,36.92
38,1,1982,38.26
38,1,1983,39.3
38,1,1984,39.93
38,1,1985,41.24
38,1,1986,41.66
38,1,1987,42.79
38,1,1988,43.47
38,1,1989,45.71
38,1,1990,50.91
38,1,1991,53.27
38,1,1992,54.73
38,1,1993,55.63
38,1,1994,56.45
38,1,1995,58.03
38,1,1996,57.57
38,1,1997,56.69
38,1,1998,55.11
38,1,1999,53.76
38,1,2000,54.16
38,1,2001,52.75
38,1,2002,51.68
38,1,2003,49.56
38,1,2004,47.75
38,1,2005,46.23
38,1,2006,45.27
38,1,2007,44.42
38,1,2008,44.93
38,1,2009,45.87
38,1,2010,45.61
38,1,2011,46.57
38,1,2012,47.65
38,1,2013,47.47
38,1,2014,47.02
38,1,2015,43.86
38,1,2016,43.46
38,1,2017,43.71
38,1,2018,43.57
38,1,2019,42.44
38,1,2020,41.84
38,1,2021,46.52
38,1,2022,48.1
38,1,2023,45.93
38,2,1980,10.27
38,2,1981,10.68
38,2,1982,11
38,2,1983,11.32
38,2,1984,11.53
38,2,1985,11.65
38,2,1986,11.68
38,2,1987,11.83
38,2,1988,12.18
38,2,1989,13.15
38,2,1990,14.19
38,2,1991,15.14
38,2,1992,15.84
38,2,1993,16.06
38,2,1994,16.27
38,2,1995,16.57
38,2,1996,16.9
38,2,1997,16.73
38,2,1998,16.2
38,2,1999,15.43
38,2,2000,14.67
38,2,2001,13.6
38,2,2002,12.45
38,2,2003,11.22
38,2,2004,10.36
38,2,2005,9.88
38,2,2006,9.65
38,2,2007,9.52
38,2,2008,9.48
38,2,2009,9.48
38,2,2010,9.42
38,2,2011,9.32
38,2,2012,9.34
38,2,2013,9.34
38,2,2014,9.26
38,2,2015,9
38,2,2016,8.75
38,2,2017,8.64
38,2,2018,8.59
38,2,2019,8.27
38,2,2020,8.1
38,2,2021,9.06
38,2,2022,8.62
38,2,2023,8.33
39,1,1980,27.14
39,1,1981,27.09
39,1,1982,27.31
39,1,1983,27.76
39,1,1984,27.93
39,1,1985,28.67
39,1,1986,28.82
39,1,1987,28.83
39,1,1988,28.81
39,1,1989,28.97
39,1,1990,29.44
39,1,1991,29.4
39,1,1992,28.93
39,1,1993,28.32
39,1,1994,26.5
39,1,1995,24.38
39,1,1996,21.49
39,1,1997,19.35
39,1,1998,17.7
39,1,1999,16.61
39,1,2000,16.42
39,1,2001,16.19
39,1,2002,16.16
39,1,2003,16.34
39,1,2004,16.23
39,1,2005,15.61
39,1,2006,14.63
39,1,2007,13.67
39,1,2008,12.84
39,1,2009,12.26
39,1,2010,11.43
39,1,2011,11.1
39,1,2012,10.56
39,1,2013,10.21
39,1,2014,10.1
39,1,2015,10
39,1,2016,10.23
39,1,2017,10.3
39,1,2018,10.13
39,1,2019,10.51
39,1,2020,9.11
39,1,2021,9.83
39,1,2022,11.69
39,1,2023,12.1
39,2,1980,6.88
39,2,1981,7.1
39,2,1982,7.45
39,2,1983,7.79
39,2,1984,7.95
39,2,1985,8.04
39,2,1986,8.08
39,2,1987,8.03
39,2,1988,8.13
39,2,1989,8.22
39,2,1990,8.31
39,2,1991,8.58
39,2,1992,8.46
39,2,1993,8.65
39,2,1994,8.12
39,2,1995,7.45
39,2,1996,6.7
39,2,1997,6.25
39,2,1998,6.01
39,2,1999,5.86
39,2,2000,5.85
39,2,2001,5.89
39,2,2002,5.92
39,2,2003,6.08
39,2,2004,6.03
39,2,2005,5.79
39,2,2006,5.49
39,2,2007,5.25
39,2,2008,5.04
39,2,2009,4.91
39,2,2010,4.8
39,2,2011,4.73
39,2,2012,4.68
39,2,2013,4.62
39,2,2014,4.7
39,2,2015,4.82
39,2,2016,4.99
39,2,2017,5.16
39,2,2018,5.21
39,2,2019,5.54
39,2,2020,5.46
39,2,2021,6.05
39,2,2022,7.09
39,2,2023,7.17
40,1,1980,29.12
40,1,1981,28.76
40,1,1982,27.96
40,1,1983,27.34
40,1,1984,26.51
40,1,1985,30.21
40,1,1986,29.41
40,1,1987,30.2
40,1,1988,30.8
40,1,1989,28.98
40,1,1990,30.73
40,1,1991,26.48
40,1,1992,25.61
40,1,1993,24.97
40,1,1994,26.13
40,1,1995,27.32
40,1,1996,27.05
40,1,1997,25.03
40,1,1998,22.29
40,1,1999,19.7
40,1,2000,17.85
40,1,2001,16.72
40,1,2002,15.9
40,1,2003,14.31
40,1,2004,13.48
40,1,2005,13.25
40,1,2006,13.59
40,1,2007,13.76
40,1,2008,13.3
40,1,2009,14.32
40,1,2010,14.19
40,1,2011,15.26
40,1,2012,14.22
40,1,2013,14.15
40,1,2014,15.78
40,1,2015,14.44
40,1,2016,14.33
40,1,2017,13.94
40,1,2018,14.02
40,1,2019,13.63
40,1,2020,13.74
40,1,2021,14.15
40,1,2022,13.88
40,1,2023,13.87
40,2,1980,6.31
40,2,1981,6.29
40,2,1982,6.28
40,2,1983,6.15
40,2,1984,5.84
40,2,1985,6.26
40,2,1986,6.23
40,2,1987,6.47
40,2,1988,6.49
40,2,1989,6.14
40,2,1990,6.23
40,2,1991,5.8
40,2,1992,5.82
40,2,1993,5.72
40,2,1994,5.39
40,2,1995,5.53
40,2,1996,5.64
40,2,1997,5.35
40,2,1998,5.02
40,2,1999,4.67
40,2,2000,4.36
40,2,2001,4.41
40,2,2002,3.97
40,2,2003,3.64
40,2,2004,3.44
40,2,2005,3.54
40,2,2006,3.71
40,2,2007,3.76
40,2,2008,3.86
40,2,2009,3.76
40,2,2010,3.72
40,2,2011,3.81
40,2,2012,3.71
40,2,2013,3.59
40,2,2014,3.82
40,2,2015,3.64
40,2,2016,3.7
40,2,2017,3.81
40,2,2018,3.85
40,2,2019,3.93
40,2,2020,3.98
40,2,2021,4.14
40,2,2022,4.09
40,2,2023,4.06
41,1,1980,27.64
41,1,1981,27.57
41,1,1982,28.02
41,1,1983,27.25
41,1,1984,25.87
41,1,1985,28.66
41,1,1986,29.73
41,1,1987,30.45
41,1,1988,29.33
41,1,1989,29.55
41,1,1990,30.22
41,1,1991,28.95
41,1,1992,27.67
41,1,1993,25.96
41,1,1994,24.22
41,1,1995,24.45
41,1,1996,22.92
41,1,1997,21.33
41,1,1998,19.81
41,1,1999,18.87
41,1,2000,18.07
41,1,2001,17.37
41,1,2002,16.79
41,1,2003,15.73
41,1,2004,13.39
41,1,2005,13.15
41,1,2006,13.45
41,1,2007,12.71
41,1,2008,12
41,1,2009,12.02
41,1,2010,11.8
41,1,2011,13.44
41,1,2012,12.84
41,1,2013,13.13
41,1,2014,13.16
41,1,2015,12.11
41,1,2016,12.4
41,1,2017,12.49
41,1,2018,12.31
41,1,2019,12.56
41,1,2020,11.93
41,1,2021,11.9
41,1,2022,12.3
41,1,2023,12.43
41,2,1980,7.24
41,2,1981,7.3
41,2,1982,7.4
41,2,1983,7.27
41,2,1984,6.99
41,2,1985,7.42
41,2,1986,7.62
41,2,1987,8
41,2,1988,7.8
41,2,1989,7.6
41,2,1990,7.98
41,2,1991,7.69
41,2,1992,7.55
41,2,1993,7.23
41,2,1994,6.67
41,2,1995,6.45
41,2,1996,6.16
41,2,1997,5.98
41,2,1998,5.84
41,2,1999,5.49
41,2,2000,5.3
41,2,2001,5.02
41,2,2002,4.88
41,2,2003,4.68
41,2,2004,3.88
41,2,2005,4.03
41,2,2006,4.16
41,2,2007,3.96
41,2,2008,3.75
41,2,2009,3.73
41,2,2010,3.79
41,2,2011,3.83
41,2,2012,4.16
41,2,2013,4.05
41,2,2014,4
41,2,2015,3.84
41,2,2016,4.14
41,2,2017,4.18
41,2,2018,4.07
41,2,2019,3.96
41,2,2020,3.82
41,2,2021,3.71
41,2,2022,3.93
41,2,2023,3.98
43,1,1980,49.24
43,1,1981,49.93
43,1,1982,50.89
43,1,1983,51.61
43,1,1984,52.39
43,1,1985,53.5
43,1,1986,53.49
43,1,1987,52.57
43,1,1988,51.84
43,1,1989,49.99
43,1,1990,49.39
43,1,1991,47.46
43,1,1992,46.18
43,1,1993,45.08
43,1,1994,45.09
43,1,1995,45.8
43,1,1996,46.51
43,1,1997,45.68
43,1,1998,44.43
43,1,1999,43.98
43,1,2000,44.3
43,1,2001,44.2
43,1,2002,44.23
43,1,2003,43.97
43,1,2004,43
43,1,2005,41.91
43,1,2006,40.84
43,1,2007,39.92
43,1,2008,39.45
43,1,2009,39.23
43,1,2010,38.65
43,1,2011,38.58
43,1,2012,38.72
43,1,2013,39
43,1,2014,39.49
43,1,2015,39.59
43,1,2016,39.59
43,1,2017,39.79
43,1,2018,40.04
43,1,2019,40.76
43,1,2020,39.79
43,1,2021,40.73
43,1,2022,40.4
43,1,2023,38.05
43,2,1980,8.93
43,2,1981,8.92
43,2,1982,8.92
43,2,1983,8.94
43,2,1984,8.93
43,2,1985,8.96
43,2,1986,8.82
43,2,1987,8.66
43,2,1988,8.64
43,2,1989,8.65
43,2,1990,8.83
43,2,1991,8.84
43,2,1992,8.89
43,2,1993,9.02
43,2,1994,9.28
43,2,1995,9.34
43,2,1996,9.52
43,2,1997,9.64
43,2,1998,9.8
43,2,1999,9.93
43,2,2000,10.12
43,2,2001,10.21
43,2,2002,10.41
43,2,2003,10.49
43,2,2004,10.36
43,2,2005,10.13
43,2,2006,9.95
43,2,2007,9.7
43,2,2008,9.72
43,2,2009,9.78
43,2,2010,9.78
43,2,2011,9.73
43,2,2012,9.87
43,2,2013,10.13
43,2,2014,10.45
43,2,2015,10.75
43,2,2016,10.96
43,2,2017,11.21
43,2,2018,11.22
43,2,2019,11.35
43,2,2020,11.09
43,2,2021,11.21
43,2,2022,11.66
43,2,2023,11.11
44,1,1980,71.02
44,1,1981,72.74
44,1,1982,74.44
44,1,1983,74.79
44,1,1984,74.13
44,1,1985,73.96
44,1,1986,72.36
44,1,1987,71.65
44,1,1988,71.72
44,1,1989,72.16
44,1,1990,73.68
44,1,1991,71.61
44,1,1992,70.19
44,1,1993,69.38
44,1,1994,67.98
44,1,1995,67.31
44,1,1996,68.12
44,1,1997,69.47
44,1,1998,71.08
44,1,1999,73.1
44,1,2000,73.9
44,1,2001,74.03
44,1,2002,73.07
44,1,2003,72.99
44,1,2004,73.4
44,1,2005,73.74
44,1,2006,74.07
44,1,2007,73.82
44,1,2008,73.66
44,1,2009,73.08
44,1,2010,72.68
44,1,2011,72.32
44,1,2012,71.04
44,1,2013,69.12
44,1,2014,67.58
44,1,2015,66.32
44,1,2016,64.34
44,1,2017,63.71
44,1,2018,63.24
44,1,2019,62.39
44,1,2020,59.91
44,1,2021,59.2
44,1,2022,57.79
44,1,2023,56.74
44,2,1980,12.11
44,2,1981,12.52
44,2,1982,12.86
44,2,1983,13.03
44,2,1984,13.06
44,2,1985,13.14
44,2,1986,12.79
44,2,1987,12.5
44,2,1988,12.22
44,2,1989,11.98
44,2,1990,11.91
44,2,1991,11.46
44,2,1992,10.88
44,2,1993,10.46
44,2,1994,10.19
44,2,1995,10.14
44,2,1996,10.47
44,2,1997,11.03
44,2,1998,11.7
44,2,1999,12.36
44,2,2000,12.97
44,2,2001,13.54
44,2,2002,13.98
44,2,2003,14.67
44,2,2004,15.32
44,2,2005,15.87
44,2,2006,16.05
44,2,2007,16.22
44,2,2008,16.51
44,2,2009,16.78
44,2,2010,16.82
44,2,2011,16.86
44,2,2012,16.91
44,2,2013,16.89
44,2,2014,16.98
44,2,2015,17.25
44,2,2016,17.22
44,2,2017,17.4
44,2,2018,17.49
44,2,2019,17.68
44,2,2020,17.69
44,2,2021,17.45
44,2,2022,17.56
44,2,2023,17.27
45,1,1980,40.25
45,1,1981,42.26
45,1,1982,43.15
45,1,1983,44.5
45,1,1984,44.53
45,1,1985,44.54
45,1,1986,45.63
45,1,1987,46.14
45,1,1988,46.41
45,1,1989,46.63
45,1,1990,46.78
45,1,1991,47.24
45,1,1992,47.97
45,1,1993,49.31
45,1,1994,49.41
45,1,1995,50.12
45,1,1996,50.13
45,1,1997,49.24
45,1,1998,48.46
45,1,1999,49.46
45,1,2000,50.5
45,1,2001,50.68
45,1,2002,52.18
45,1,2003,53.63
45,1,2004,54.05
45,1,2005,55.34
45,1,2006,55.43
45,1,2007,55.44
45,1,2008,55.22
45,1,2009,54.14
45,1,2010,53.81
45,1,2011,55.46
45,1,2012,54.36
45,1,2013,53.45
45,1,2014,51.9
45,1,2015,50.83
45,1,2016,49.66
45,1,2017,48.84
45,1,2018,47.52
45,1,2019,46.49
45,1,2020,45.12
45,1,2021,44.44
45,1,2022,42.4
45,1,2023,41.14
45,2,1980,6.97
45,2,1981,6.89
45,2,1982,6.61
45,2,1983,7.15
45,2,1984,7.46
45,2,1985,7.6
45,2,1986,7.48
45,2,1987,7.48
45,2,1988,7.27
45,2,1989,7.18
45,2,1990,7.24
45,2,1991,7.79
45,2,1992,7.63
45,2,1993,8.08
45,2,1994,8.07
45,2,1995,8.48
45,2,1996,8.45
45,2,1997,8.19
45,2,1998,8.4
45,2,1999,8.71
45,2,2000,9.16
45,2,2001,9.22
45,2,2002,9.23
45,2,2003,9.27
45,2,2004,9.44
45,2,2005,9.98
45,2,2006,9.84
45,2,2007,10.01
45,2,2008,9.99
45,2,2009,10.05
45,2,2010,10.13
45,2,2011,10.74
45,2,2012,11.03
45,2,2013,10.95
45,2,2014,11.25
45,2,2015,11.58
45,2,2016,11.54
45,2,2017,11.79
45,2,2018,12.18
45,2,2019,12.48
45,2,2020,12.67
45,2,2021,12.66
45,2,2022,12.16
45,2,2023,11.59
46,1,1980,68.2
46,1,1981,68.91
46,1,1982,69.8
46,1,1983,70.29
46,1,1984,70.62
46,1,1985,77.64
46,1,1986,77.91
46,1,1987,79.61
46,1,1988,79.51
46,1,1989,78.58
46,1,1990,82.13
46,1,1991,78.62
46,1,1992,75.14
46,1,1993,74.45
46,1,1994,73.78
46,1,1995,78.32
46,1,1996,77.24
46,1,1997,77.24
46,1,1998,76.37
46,1,1999,73.11
46,1,2000,76.48
46,1,2001,77.7
46,1,2002,76.36
46,1,2003,75.09
46,1,2004,74.97
46,1,2005,71.83
46,1,2006,72.68
46,1,2007,72.06
46,1,2008,70.23
46,1,2009,70.31
46,1,2010,65.4
46,1,2011,66.89
46,1,2012,64.68
46,1,2013,64.67
46,1,2014,64.64
46,1,2015,59.43
46,1,2016,60.27
46,1,2017,60.27
46,1,2018,58.82
46,1,2019,55.07
46,1,2020,52.75
46,1,2021,51.45
46,1,2022,51.19
46,1,2023,50.86
46,2,1980,9.07
46,2,1981,9.28
46,2,1982,9.5
46,2,1983,9.68
46,2,1984,9.82
46,2,1985,10.41
46,2,1986,11.43
46,2,1987,10.97
46,2,1988,11.03
46,2,1989,11.32
46,2,1990,11.7
46,2,1991,11.31
46,2,1992,11.3
46,2,1993,10.7
46,2,1994,10.8
46,2,1995,11.35
46,2,1996,11.9
46,2,1997,12.04
46,2,1998,12.43
46,2,1999,11.93
46,2,2000,13.11
46,2,2001,13.15
46,2,2002,13.72
46,2,2003,14.35
46,2,2004,14.35
46,2,2005,14.49
46,2,2006,14.96
46,2,2007,15.13
46,2,2008,15.31
46,2,2009,15.77
46,2,2010,15.95
46,2,2011,16.92
46,2,2012,16.77
46,2,2013,17.14
46,2,2014,17.58
46,2,2015,16.69
46,2,2016,17.42
46,2,2017,18.47
46,2,2018,18.93
46,2,2019,19.24
46,2,2020,19.5
46,2,2021,19.4
46,2,2022,19.76
46,2,2023,18.71
47,1,1980,92.88
47,1,1981,93.06
47,1,1982,93.35
47,1,1983,93.81
47,1,1984,94.26
47,1,1985,95.31
47,1,1986,92.1
47,1,1987,90.43
47,1,1988,89.46
47,1,1989,88.29
47,1,1990,90.28
47,1,1991,88.67
47,1,1992,86.79
47,1,1993,84.46
47,1,1994,80.37
47,1,1995,83.5
47,1,1996,80.31
47,1,1997,78.26
47,1,1998,75.41
47,1,1999,73.33
47,1,2000,74.19
47,1,2001,71.62
47,1,2002,70.24
47,1,2003,68.23
47,1,2004,67.54
47,1,2005,64.92
47,1,2006,62.76
47,1,2007,61.51
47,1,2008,60.16
47,1,2009,59.33
47,1,2010,56.88
47,1,2011,55.04
47,1,2012,52.47
47,1,2013,50.21
47,1,2014,48.93
47,1,2015,46.36
47,1,2016,46.22
47,1,2017,45.45
47,1,2018,43.75
47,1,2019,42.56
47,1,2020,41.77
47,1,2021,39
47,1,2022,37.77
47,1,2023,36.23
47,2,1980,10.09
47,2,1981,10.19
47,2,1982,10.26
47,2,1983,10.34
47,2,1984,10.55
47,2,1985,10.82
47,2,1986,10.8
47,2,1987,10.95
47,2,1988,10.91
47,2,1989,11.36
47,2,1990,12.05
47,2,1991,12.63
47,2,1992,12.76
47,2,1993,13.04
47,2,1994,13.54
47,2,1995,14.14
47,2,1996,14.34
47,2,1997,14.17
47,2,1998,14.62
47,2,1999,15.19
47,2,2000,15.6
47,2,2001,16.01
47,2,2002,16.01
47,2,2003,16.08
47,2,2004,16.21
47,2,2005,16.37
47,2,2006,16.78
47,2,2007,17.01
47,2,2008,17.28
47,2,2009,17.41
47,2,2010,17.56
47,2,2011,17.93
47,2,2012,18.09
47,2,2013,17.72
47,2,2014,17.6
47,2,2015,17.32
47,2,2016,17.36
47,2,2017,17.86
47,2,2018,17.87
47,2,2019,17.68
47,2,2020,17.72
47,2,2021,17.2
47,2,2022,16.74
47,2,2023,15.89
48,1,1980,68.81
48,1,1981,72.43
48,1,1982,74.96
48,1,1983,76.52
48,1,1984,78.97
48,1,1985,80.69
48,1,1986,83.64
48,1,1987,85.27
48,1,1988,85.52
48,1,1989,85.77
48,1,1990,89.97
48,1,1991,91.74
48,1,1992,93.59
48,1,1993,94.72
48,1,1994,94.78
48,1,1995,95.87
48,1,1996,95.55
48,1,1997,94.78
48,1,1998,94.72
48,1,1999,92.68
48,1,2000,92.75
48,1,2001,91.11
48,1,2002,90.06
48,1,2003,90.3
48,1,2004,89.15
48,1,2005,87.98
48,1,2006,86.44
48,1,2007,86.25
48,1,2008,85.45
48,1,2009,85.1
48,1,2010,83.73
48,1,2011,82.1
48,1,2012,80.23
48,1,2013,77.05
48,1,2014,76.07
48,1,2015,73.83
48,1,2016,73.44
48,1,2017,72.74
48,1,2018,71.08
48,1,2019,66.21
48,1,2020,63.82
48,1,2021,61.44
48,1,2022,59.78
48,1,2023,58.6
48,2,1980,12.35
48,2,1981,12.51
48,2,1982,13.15
48,2,1983,13.63
48,2,1984,13.92
48,2,1985,14.22
48,2,1986,15.03
48,2,1987,15.71
48,2,1988,16.21
48,2,1989,16.97
48,2,1990,18.1
48,2,1991,18.64
48,2,1992,19.46
48,2,1993,20.28
48,2,1994,20.52
48,2,1995,21.56
48,2,1996,22.77
48,2,1997,22.81
48,2,1998,23.16
48,2,1999,23.74
48,2,2000,24.43
48,2,2001,24.78
48,2,2002,25.56
48,2,2003,25.83
48,2,2004,26
48,2,2005,26.72
48,2,2006,26.97
48,2,2007,28.28
48,2,2008,29.43
48,2,2009,29.9
48,2,2010,30.83
48,2,2011,30.96
48,2,2012,31.52
48,2,2013,32.01
48,2,2014,32.59
48,2,2015,32.49
48,2,2016,32.44
48,2,2017,32.63
48,2,2018,32.08
48,2,2019,31.76
48,2,2020,31.36
48,2,2021,30.61
48,2,2022,30.28
48,2,2023,29.74
49,1,1980,41.45
49,1,1981,41.68
49,1,1982,42.28
49,1,1983,42.84
49,1,1984,44.06
49,1,1985,45.87
49,1,1986,46.3
49,1,1987,46.55
49,1,1988,46.76
49,1,1989,46.7
49,1,1990,48.13
49,1,1991,48.56
49,1,1992,49.01
49,1,1993,49.73
49,1,1994,50.18
49,1,1995,52.81
49,1,1996,53.61
49,1,1997,53.88
49,1,1998,53.54
49,1,1999,53.75
49,1,2000,56.61
49,1,2001,56.48
49,1,2002,56.26
49,1,2003,56
49,1,2004,56.22
49,1,2005,56.86
49,1,2006,57.23
49,1,2007,57.06
49,1,2008,56.91
49,1,2009,56.5
49,1,2010,55.02
49,1,2011,55.79
49,1,2012,55.61
49,1,2013,55.74
49,1,2014,55.85
49,1,2015,54.97
49,1,2016,54.31
49,1,2017,54.68
49,1,2018,55.25
49,1,2019,56.99
49,1,2020,53.89
49,1,2021,51.85
49,1,2022,52.2
49,1,2023,49.93
49,2,1980,7.47
49,2,1981,7.45
49,2,1982,7.52
49,2,1983,7.44
49,2,1984,7.56
49,2,1985,7.69
49,2,1986,7.75
49,2,1987,7.78
49,2,1988,7.82
49,2,1989,7.78
49,2,1990,7.88
49,2,1991,7.93
49,2,1992,7.89
49,2,1993,8.01
49,2,1994,8.2
49,2,1995,8.55
49,2,1996,8.81
49,2,1997,8.98
49,2,1998,9.08
49,2,1999,9.34
49,2,2000,9.65
49,2,2001,9.66
49,2,2002,9.63
49,2,2003,9.66
49,2,2004,9.95
49,2,2005,10.46
49,2,2006,10.79
49,2,2007,11.25
49,2,2008,11.7
49,2,2009,12.05
49,2,2010,12.3
49,2,2011,12.66
49,2,2012,12.86
49,2,2013,13.12
49,2,2014,13.38
49,2,2015,13.72
49,2,2016,14.08
49,2,2017,14.53
49,2,2018,14.96
49,2,2019,15.54
49,2,2020,15.04
49,2,2021,14.63
49,2,2022,14.84
49,2,2023,14.18
50,1,1980,53.31
50,1,1981,54.18
50,1,1982,55.31
50,1,1983,56.46
50,1,1984,57.67
50,1,1985,65.61
50,1,1986,66.11
50,1,1987,65.85
50,1,1988,65.3
50,1,1989,64.91
50,1,1990,72.86
50,1,1991,72.62
50,1,1992,72.57
50,1,1993,72.29
50,1,1994,72.29
50,1,1995,80.42
50,1,1996,80.69
50,1,1997,80.97
50,1,1998,81.04
50,1,1999,80.26
50,1,2000,87.13
50,1,2001,87.53
50,1,2002,88.09
50,1,2003,89.09
50,1,2004,88.99
50,1,2005,87.49
50,1,2006,85.47
50,1,2007,84.38
50,1,2008,83.16
50,1,2009,81.47
50,1,2010,75.07
50,1,2011,74.87
50,1,2012,74.31
50,1,2013,74.01
50,1,2014,74.03
50,1,2015,65.23
50,1,2016,65.02
50,1,2017,64.32
50,1,2018,63.84
50,1,2019,62.82
50,1,2020,63.4
50,1,2021,64.45
50,1,2022,64.7
50,1,2023,63.41
50,2,1980,17.18
50,2,1981,17.46
50,2,1982,17.68
50,2,1983,17.86
50,2,1984,18.02
50,2,1985,18.64
50,2,1986,18.64
50,2,1987,18.5
50,2,1988,18.37
50,2,1989,18.35
50,2,1990,18.91
50,2,1991,18.98
50,2,1992,18.8
50,2,1993,18.68
50,2,1994,18.71
50,2,1995,19.26
50,2,1996,19.38
50,2,1997,19.53
50,2,1998,19.78
50,2,1999,19.83
50,2,2000,20.55
50,2,2001,20.99
50,2,2002,21.47
50,2,2003,21.88
50,2,2004,22.05
50,2,2005,21.98
50,2,2006,22
50,2,2007,22.04
50,2,2008,22.14
50,2,2009,22.29
50,2,2010,22.19
50,2,2011,22.39
50,2,2012,22.6
50,2,2013,22.89
50,2,2014,23.21
50,2,2015,22.79
50,2,2016,22.82
50,2,2017,22.95
50,2,2018,22.81
50,2,2019,22.98
50,2,2020,22.44
50,2,2021,20.62
50,2,2022,21.44
50,2,2023,22.37
51,1,1980,70.51
51,1,1981,71.06
51,1,1982,71.13
51,1,1983,74.26
51,1,1984,76.82
51,1,1985,79.67
51,1,1986,80.77
51,1,1987,81.72
51,1,1988,83.43
51,1,1989,84.06
51,1,1990,87.6
51,1,1991,89.02
51,1,1992,89.48
51,1,1993,90.67
51,1,1994,90.02
51,1,1995,92.68
51,1,1996,90.98
51,1,1997,90.5
51,1,1998,92.09
51,1,1999,92.7
51,1,2000,93.9
51,1,2001,93.51
51,1,2002,93.25
51,1,2003,92.24
51,1,2004,91.07
51,1,2005,90.04
51,1,2006,88.74
51,1,2007,87.12
51,1,2008,85.55
51,1,2009,84.01
51,1,2010,81.27
51,1,2011,79.44
51,1,2012,77.75
51,1,2013,76.13
51,1,2014,75.57
51,1,2015,74.24
51,1,2016,71.69
51,1,2017,70.14
51,1,2018,69.15
51,1,2019,64.39
51,1,2020,61.3
51,1,2021,56.65
51,1,2022,56.96
51,1,2023,55.28
51,2,1980,9.87
51,2,1981,9.85
51,2,1982,9.91
51,2,1983,10.14
51,2,1984,10.64
51,2,1985,11.02
51,2,1986,11.49
51,2,1987,11.77
51,2,1988,12.1
51,2,1989,12.43
51,2,1990,13.17
51,2,1991,13.61
51,2,1992,13.76
51,2,1993,14.3
51,2,1994,14.56
51,2,1995,15.17
51,2,1996,15.38
51,2,1997,15.77
51,2,1998,16.31
51,2,1999,16.79
51,2,2000,17.71
51,2,2001,18.23
51,2,2002,18.74
51,2,2003,19.13
51,2,2004,19.08
51,2,2005,19.71
51,2,2006,20.2
51,2,2007,20.88
51,2,2008,21.14
51,2,2009,21.93
51,2,2010,22.15
51,2,2011,22.24
51,2,2012,22.68
51,2,2013,23.2
51,2,2014,24.06
51,2,2015,24.32
51,2,2016,24.3
51,2,2017,24.65
51,2,2018,24.84
51,2,2019,24.79
51,2,2020,24.2
51,2,2021,23.15
51,2,2022,23.42
51,2,2023,23.08
52,1,1980,37.45
52,1,1981,36.95
52,1,1982,37.19
52,1,1983,37.36
52,1,1984,38.38
52,1,1985,40.66
52,1,1986,42.24
52,1,1987,42.82
52,1,1988,43.54
52,1,1989,42.89
52,1,1990,43.66
52,1,1991,45.5
52,1,1992,47.37
52,1,1993,48.56
52,1,1994,49.32
52,1,1995,51.85
52,1,1996,51.59
52,1,1997,51.42
52,1,1998,51.2
52,1,1999,49.65
52,1,2000,51.28
52,1,2001,51.94
52,1,2002,52.69
52,1,2003,52.57
52,1,2004,53.13
52,1,2005,52.31
52,1,2006,52.8
52,1,2007,53.3
52,1,2008,54.44
52,1,2009,56.35
52,1,2010,53.92
52,1,2011,55.49
52,1,2012,54.64
52,1,2013,54.66
52,1,2014,56.18
52,1,2015,55.35
52,1,2016,54.4
52,1,2017,54.05
52,1,2018,53.06
52,1,2019,50.3
52,1,2020,49.32
52,1,2021,48.11
52,1,2022,50.57
52,1,2023,48.02
52,2,1980,7.46
52,2,1981,7
52,2,1982,6.84
52,2,1983,6.83
52,2,1984,6.88
52,2,1985,7.01
52,2,1986,7.14
52,2,1987,7.18
52,2,1988,7.3
52,2,1989,7.48
52,2,1990,7.7
52,2,1991,7.77
52,2,1992,7.82
52,2,1993,8.3
52,2,1994,8.36
52,2,1995,8.75
52,2,1996,8.9
52,2,1997,9.06
52,2,1998,9.02
52,2,1999,9.01
52,2,2000,9.31
52,2,2001,9.42
52,2,2002,9.53
52,2,2003,9.75
52,2,2004,9.67
52,2,2005,10.02
52,2,2006,10.44
52,2,2007,10.45
52,2,2008,10.56
52,2,2009,10.85
52,2,2010,11.01
52,2,2011,11.5
52,2,2012,11.77
52,2,2013,12.08
52,2,2014,12.36
52,2,2015,12.61
52,2,2016,12.77
52,2,2017,13.08
52,2,2018,13.21
52,2,2019,13.27
52,2,2020,13.13
52,2,2021,13.48
52,2,2022,13.4
52,2,2023,12.93
53,1,1980,61.43
53,1,1981,62.53
53,1,1982,64.08
53,1,1983,65.27
53,1,1984,67.34
53,1,1985,69.1
53,1,1986,69.06
53,1,1987,69.54
53,1,1988,69.98
53,1,1989,70.25
53,1,1990,71.43
53,1,1991,71.7
53,1,1992,72
53,1,1993,71.2
53,1,1994,70.32
53,1,1995,70.72
53,1,1996,70.99
53,1,1997,71.37
53,1,1998,72.34
53,1,1999,72.72
53,1,2000,74.13
53,1,2001,75.02
53,1,2002,75.55
53,1,2003,75.49
53,1,2004,75.94
53,1,2005,76.31
53,1,2006,76.59
53,1,2007,76.38
53,1,2008,76.74
53,1,2009,76.52
53,1,2010,75.8
53,1,2011,75.22
53,1,2012,74.07
53,1,2013,73.3
53,1,2014,72.38
53,1,2015,70.84
53,1,2016,69.36
53,1,2017,67.75
53,1,2018,66.1
53,1,2019,63.94
53,1,2020,61.51
53,1,2021,59.97
53,1,2022,59.18
53,1,2023,59.24
53,2,1980,15.57
53,2,1981,15.59
53,2,1982,15.57
53,2,1983,15.59
53,2,1984,15.59
53,2,1985,15.64
53,2,1986,15.57
53,2,1987,15.51
53,2,1988,15.59
53,2,1989,15.62
53,2,1990,15.84
53,2,1991,16.21
53,2,1992,16.16
53,2,1993,16.11
53,2,1994,16.14
53,2,1995,16.26
53,2,1996,16.5
53,2,1997,16.71
53,2,1998,17.04
53,2,1999,17.38
53,2,2000,17.91
53,2,2001,18.3
53,2,2002,18.58
53,2,2003,18.9
53,2,2004,19.52
53,2,2005,20.12
53,2,2006,20.77
53,2,2007,21.58
53,2,2008,22.51
53,2,2009,22.89
53,2,2010,23.33
53,2,2011,23.92
53,2,2012,24.4
53,2,2013,24.91
53,2,2014,25.33
53,2,2015,25.76
53,2,2016,25.84
53,2,2017,25.86
53,2,2018,25.7
53,2,2019,25.61
53,2,2020,25.2
53,2,2021,25.07
53,2,2022,24.75
53,2,2023,24.86
54,1,1980,65.62
54,1,1981,67.02
54,1,1982,68.93
54,1,1983,70.11
54,1,1984,70.91
54,1,1985,76.79
54,1,1986,76.89
54,1,1987,76.71
54,1,1988,77.02
54,1,1989,76.75
54,1,1990,83.42
54,1,1991,81.31
54,1,1992,78.13
54,1,1993,75.06
54,1,1994,71.82
54,1,1995,76.33
54,1,1996,74.42
54,1,1997,72.64
54,1,1998,71.27
54,1,1999,69.6
54,1,2000,73.07
54,1,2001,70.51
54,1,2002,67.67
54,1,2003,66
54,1,2004,65.21
54,1,2005,63.97
54,1,2006,63.51
54,1,2007,62.71
54,1,2008,61.49
54,1,2009,60.82
54,1,2010,56.83
54,1,2011,56.16
54,1,2012,55.37
54,1,2013,55.17
54,1,2014,54.52
54,1,2015,48.79
54,1,2016,48.64
54,1,2017,48.18
54,1,2018,47.08
54,1,2019,45.66
54,1,2020,44.92
54,1,2021,44.98
54,1,2022,44.43
54,1,2023,42.64
54,2,1980,8.58
54,2,1981,8.62
54,2,1982,8.77
54,2,1983,8.84
54,2,1984,9.02
54,2,1985,9.26
54,2,1986,9.43
54,2,1987,9.46
54,2,1988,9.56
54,2,1989,9.68
54,2,1990,9.96
54,2,1991,9.96
54,2,1992,9.9
54,2,1993,9.86
54,2,1994,9.84
54,2,1995,10.04
54,2,1996,9.97
54,2,1997,10
54,2,1998,10.07
54,2,1999,10.13
54,2,2000,10.44
54,2,2001,10.51
54,2,2002,10.56
54,2,2003,10.76
54,2,2004,10.96
54,2,2005,11.22
54,2,2006,11.53
54,2,2007,11.83
54,2,2008,12.16
54,2,2009,12.43
54,2,2010,12.62
54,2,2011,12.74
54,2,2012,12.89
54,2,2013,13.07
54,2,2014,13.26
54,2,2015,13.22
54,2,2016,13.4
54,2,2017,13.53
54,2,2018,13.4
54,2,2019,13.25
54,2,2020,13.29
54,2,2021,13.34
54,2,2022,12.97
54,2,2023,12.65
55,1,1980,68.83
55,1,1981,69.9
55,1,1982,70.08
55,1,1983,71.75
55,1,1984,70.68
55,1,1985,72.66
55,1,1986,71.84
55,1,1987,70.75
55,1,1988,72.8
55,1,1989,72.29
55,1,1990,76.46
55,1,1991,74.27
55,1,1992,76.2
55,1,1993,76.02
55,1,1994,75.66
55,1,1995,78.44
55,1,1996,75.18
55,1,1997,72.13
55,1,1998,71.8
55,1,1999,69.87
55,1,2000,70.5
55,1,2001,68.76
55,1,2002,67.01
55,1,2003,67.58
55,1,2004,68.37
55,1,2005,66.14
55,1,2006,64.07
55,1,2007,62.29
55,1,2008,60.34
55,1,2009,56.68
55,1,2010,55.96
55,1,2011,55.41
55,1,2012,52.12
55,1,2013,50.53
55,1,2014,51.51
55,1,2015,50.4
55,1,2016,48.86
55,1,2017,46.52
55,1,2018,45.2
55,1,2019,42.99
55,1,2020,41
55,1,2021,40.7
55,1,2022,40.78
55,1,2023,38.97
55,2,1980,10.25
55,2,1981,10.16
55,2,1982,10.25
55,2,1983,10.82
55,2,1984,10.3
55,2,1985,10.02
55,2,1986,10.05
55,2,1987,9.67
55,2,1988,10.04
55,2,1989,11.02
55,2,1990,11.37
55,2,1991,11.19
55,2,1992,11.66
55,2,1993,11.77
55,2,1994,11.64
55,2,1995,12.35
55,2,1996,12.4
55,2,1997,13.25
55,2,1998,13
55,2,1999,13.85
55,2,2000,13.94
55,2,2001,14.44
55,2,2002,15.01
55,2,2003,15.47
55,2,2004,15.51
55,2,2005,15.83
55,2,2006,15.67
55,2,2007,15.9
55,2,2008,15.98
55,2,2009,16.12
55,2,2010,16.41
55,2,2011,16.84
55,2,2012,17.12
55,2,2013,17.52
55,2,2014,18.5
55,2,2015,17.79
55,2,2016,18.56
55,2,2017,19.23
55,2,2018,18.81
55,2,2019,18.3
55,2,2020,18.56
55,2,2021,18.04
55,2,2022,18.35
55,2,2023,17.97
57,1,1980,34.01
57,1,1981,33.8
57,1,1982,34.73
57,1,1983,35.58
57,1,1984,35.69
57,1,1985,41.68
57,1,1986,43.11
57,1,1987,43.05
57,1,1988,45.05
57,1,1989,47.38
57,1,1990,53.32
57,1,1991,55.11
57,1,1992,58.75
57,1,1993,62
57,1,1994,63.1
57,1,1995,66.92
57,1,1996,67.16
57,1,1997,68.28
57,1,1998,69.28
57,1,1999,68.97
57,1,2000,69.79
57,1,2001,69.57
57,1,2002,66.05
57,1,2003,65.39
57,1,2004,69.67
57,1,2005,76.86
57,1,2006,66.56
57,1,2007,58.89
57,1,2008,57.08
57,1,2009,56.31
57,1,2010,56.32
57,1,2011,53.59
57,1,2012,50.71
57,1,2013,48.48
57,1,2014,47.56
57,1,2015,41.68
57,1,2016,43.56
57,1,2017,47.53
57,1,2018,49.42
57,1,2019,48.76
57,1,2020,47.47
57,1,2021,48.1
57,1,2022,49.64
57,1,2023,49.12
57,2,1980,4.55
57,2,1981,4.62
57,2,1982,4.61
57,2,1983,4.71
57,2,1984,4.81
57,2,1985,5.29
57,2,1986,5.54
57,2,1987,5.74
57,2,1988,5.68
57,2,1989,5.82
57,2,1990,6.27
57,2,1991,6.65
57,2,1992,6.78
57,2,1993,6.93
57,2,1994,6.65
57,2,1995,6.77
57,2,1996,6.74
57,2,1997,6.87
57,2,1998,6.79
57,2,1999,6.54
57,2,2000,6.53
57,2,2001,6.32
57,2,2002,5.5
57,2,2003,5.25
57,2,2004,5.92
57,2,2005,6.95
57,2,2006,5.8
57,2,2007,4.98
57,2,2008,4.97
57,2,2009,5.02
57,2,2010,5.07
57,2,2011,4.93
57,2,2012,4.76
57,2,2013,4.53
57,2,2014,4.43
57,2,2015,4.21
57,2,2016,4.39
57,2,2017,4.68
57,2,2018,4.78
57,2,2019,4.84
57,2,2020,4.7
57,2,2021,4.78
57,2,2022,5.14
57,2,2023,5.27
58,1,1980,64.63
58,1,1981,64.32
58,1,1982,64.61
58,1,1983,61.26
58,1,1984,62.08
58,1,1985,65.94
58,1,1986,67.32
58,1,1987,68.36
58,1,1988,72.44
58,1,1989,75.23
58,1,1990,80.39
58,1,1991,87.75
58,1,1992,87.49
58,1,1993,83.75
58,1,1994,77.58
58,1,1995,79.21
58,1,1996,77.45
58,1,1997,76.56
58,1,1998,73.55
58,1,1999,72.13
58,1,2000,72.55
58,1,2001,70.68
58,1,2002,70.74
58,1,2003,70.74
58,1,2004,66.7
58,1,2005,66.43
58,1,2006,68.51
58,1,2007,67.94
58,1,2008,66.08
58,1,2009,61.61
58,1,2010,61.2
58,1,2011,59.47
58,1,2012,58.6
58,1,2013,56.92
58,1,2014,58.24
58,1,2015,55.38
58,1,2016,53.21
58,1,2017,51.5
58,1,2018,51.57
58,1,2019,49.04
58,1,2020,47.09
58,1,2021,46.32
58,1,2022,42.46
58,1,2023,42.24
58,2,1980,9.98
58,2,1981,9.98
58,2,1982,9.22
58,2,1983,7.87
58,2,1984,7.69
58,2,1985,9.67
58,2,1986,10.77
58,2,1987,11.4
58,2,1988,12.1
58,2,1989,12.49
58,2,1990,12.6
58,2,1991,12.86
58,2,1992,12.69
58,2,1993,11.91
58,2,1994,10.57
58,2,1995,10.37
58,2,1996,10.45
58,2,1997,10.7
58,2,1998,10
58,2,1999,9.81
58,2,2000,9.73
58,2,2001,9.77
58,2,2002,9.58
58,2,2003,9.61
58,2,2004,9.93
58,2,2005,9.65
58,2,2006,9.52
58,2,2007,9.29
58,2,2008,9.35
58,2,2009,9.23
58,2,2010,9.16
58,2,2011,9.62
58,2,2012,9.95
58,2,2013,10.19
58,2,2014,10.16
58,2,2015,9.86
58,2,2016,10.14
58,2,2017,9.69
58,2,2018,9.4
58,2,2019,9.31
58,2,2020,8.44
58,2,2021,9.18
58,2,2022,9.53
58,2,2023,9.34
59,1,1980,57.6
59,1,1981,57.82
59,1,1982,62.02
59,1,1983,61.67
59,1,1984,61.59
59,1,1985,64.23
59,1,1986,67.37
59,1,1987,68.13
59,1,1988,71.16
59,1,1989,74.37
59,1,1990,79.51
59,1,1991,84.25
59,1,1992,86.89
59,1,1993,88.29
59,1,1994,89.72
59,1,1995,85.45
59,1,1996,76.2
59,1,1997,70.84
59,1,1998,68.77
59,1,1999,70.1
59,1,2000,69.67
59,1,2001,69.58
59,1,2002,67.65
59,1,2003,67.33
59,1,2004,67.65
59,1,2005,67.06
59,1,2006,68.88
59,1,2007,66.61
59,1,2008,65.71
59,1,2009,65.22
59,1,2010,62.54
59,1,2011,60.78
59,1,2012,58.8
59,1,2013,57.85
59,1,2014,56.25
59,1,2015,52.15
59,1,2016,53.02
59,1,2017,52.96
59,1,2018,51.16
59,1,2019,50.89
59,1,2020,49.76
59,1,2021,50.26
59,1,2022,51.25
59,1,2023,49.57
59,2,1980,8.95
59,2,1981,9.04
59,2,1982,9.17
59,2,1983,9.07
59,2,1984,9.36
59,2,1985,10.09
59,2,1986,10.97
59,2,1987,10.97
59,2,1988,10.93
59,2,1989,11.35
59,2,1990,11.54
59,2,1991,11.59
59,2,1992,11.52
59,2,1993,11.44
59,2,1994,11.12
59,2,1995,10.63
59,2,1996,9.27
59,2,1997,8.7
59,2,1998,8.38
59,2,1999,8.32
59,2,2000,8.24
59,2,2001,8.22
59,2,2002,8.22
59,2,2003,8.24
59,2,2004,8.16
59,2,2005,8.69
59,2,2006,8.88
59,2,2007,8.79
59,2,2008,8.05
59,2,2009,8.09
59,2,2010,8.15
59,2,2011,8.37
59,2,2012,8.43
59,2,2013,8.23
59,2,2014,8.1
59,2,2015,8.18
59,2,2016,7.99
59,2,2017,8.33
59,2,2018,8.5
59,2,2019,8.21
59,2,2020,8.56
59,2,2021,9.23
59,2,2022,9.17
59,2,2023,8.71
60,1,1980,50.75
60,1,1981,53.67
60,1,1982,54.68
60,1,1983,55.05
60,1,1984,55.37
60,1,1985,59.22
60,1,1986,61.72
60,1,1987,63.28
60,1,1988,66.01
60,1,1989,68.63
60,1,1990,73.07
60,1,1991,76.06
60,1,1992,76.97
60,1,1993,73.52
60,1,1994,73.24
60,1,1995,73.24
60,1,1996,71.61
60,1,1997,69.74
60,1,1998,69.66
60,1,1999,67.82
60,1,2000,66.83
60,1,2001,65.93
60,1,2002,66.02
60,1,2003,65.4
60,1,2004,64.11
60,1,2005,63.43
60,1,2006,65.42
60,1,2007,64.66
60,1,2008,63.49
60,1,2009,62.6
60,1,2010,60.86
60,1,2011,60.82
60,1,2012,58.97
60,1,2013,57.32
60,1,2014,57.94
60,1,2015,55.65
60,1,2016,52.86
60,1,2017,51
60,1,2018,50.08
60,1,2019,50.42
60,1,2020,47.55
60,1,2021,44.03
60,1,2022,43.02
60,1,2023,41.65
60,2,1980,6.19
60,2,1981,7.58
60,2,1982,7.83
60,2,1983,7.36
60,2,1984,7.59
60,2,1985,8.7
60,2,1986,9.03
60,2,1987,9.07
60,2,1988,9.43
60,2,1989,9.8
60,2,1990,10.06
60,2,1991,10
60,2,1992,9.32
60,2,1993,8.42
60,2,1994,7.72
60,2,1995,7.68
60,2,1996,7.55
60,2,1997,7.58
60,2,1998,7.06
60,2,1999,7.08
60,2,2000,7.14
60,2,2001,7.31
60,2,2002,6.93
60,2,2003,7.32
60,2,2004,7.32
60,2,2005,7.28
60,2,2006,7.4
60,2,2007,7.19
60,2,2008,7.23
60,2,2009,7.32
60,2,2010,6.86
60,2,2011,7.02
60,2,2012,7.52
60,2,2013,7.68
60,2,2014,7.81
60,2,2015,7.53
60,2,2016,7.67
60,2,2017,7.93
60,2,2018,7.91
60,2,2019,8.09
60,2,2020,7.88
60,2,2021,7.57
60,2,2022,7.79
60,2,2023,7.54
61,1,1980,42.37
61,1,1981,42.46
61,1,1982,44.87
61,1,1983,47.24
61,1,1984,52.04
61,1,1985,53.22
61,1,1986,53.07
61,1,1987,52.42
61,1,1988,53.48
61,1,1989,56
61,1,1990,56.21
61,1,1991,50.26
61,1,1992,49.46
61,1,1993,49.12
61,1,1994,48.05
61,1,1995,47.01
61,1,1996,45.92
61,1,1997,42.74
61,1,1998,39
61,1,1999,35.3
61,1,2000,34.71
61,1,2001,35.46
61,1,2002,34.9
61,1,2003,35.87
61,1,2004,35.87
61,1,2005,35.97
61,1,2006,36.93
61,1,2007,37.21
61,1,2008,37.58
61,1,2009,37.18
61,1,2010,37.16
61,1,2011,37.98
61,1,2012,37.37
61,1,2013,37.24
61,1,2014,36.96
61,1,2015,36.89
61,1,2016,36.93
61,1,2017,35.04
61,1,2018,35.68
61,1,2019,33.25
61,1,2020,30.72
61,1,2021,30.16
61,1,2022,32.37
61,1,2023,31.37
61,2,1980,8.57
61,2,1981,8.62
61,2,1982,8.48
61,2,1983,8.8
61,2,1984,9.5
61,2,1985,9.61
61,2,1986,9.62
61,2,1987,9.67
61,2,1988,9.37
61,2,1989,9.68
61,2,1990,9.43
61,2,1991,8.46
61,2,1992,7.77
61,2,1993,7.96
61,2,1994,7.54
61,2,1995,7.27
61,2,1996,7.2
61,2,1997,7.17
61,2,1998,6.64
61,2,1999,6.31
61,2,2000,6.02
61,2,2001,6.24
61,2,2002,6.08
61,2,2003,6.28
61,2,2004,6.22
61,2,2005,5.89
61,2,2006,6.02
61,2,2007,6.32
61,2,2008,6.37
61,2,2009,6.35
61,2,2010,6.31
61,2,2011,6.36
61,2,2012,6.35
61,2,2013,6.46
61,2,2014,6.42
61,2,2015,6.12
61,2,2016,6.01
61,2,2017,6.11
61,2,2018,6.07
61,2,2019,5.76
61,2,2020,5.14
61,2,2021,4.84
61,2,2022,5.17
61,2,2023,5.48
62,1,1980,71.45
62,1,1981,70.28
62,1,1982,69.22
62,1,1983,70.7
62,1,1984,73.3
62,1,1985,83.45
62,1,1986,77.27
62,1,1987,76.8
62,1,1988,77.67
62,1,1989,78.63
62,1,1990,84.04
62,1,1991,82.21
62,1,1992,81.39
62,1,1993,84.49
62,1,1994,83.35
62,1,1995,80.86
62,1,1996,76.02
62,1,1997,73.61
62,1,1998,70.69
62,1,1999,69.7
62,1,2000,71.52
62,1,2001,67.95
62,1,2002,66.52
62,1,2003,64.55
62,1,2004,62.14
62,1,2005,62.88
62,1,2006,59.64
62,1,2007,58.13
62,1,2008,57.96
62,1,2009,56.93
62,1,2010,58.48
62,1,2011,56
62,1,2012,54.37
62,1,2013,53.28
62,1,2014,52.53
62,1,2015,53.42
62,1,2016,52.2
62,1,2017,49.45
62,1,2018,48.76
62,1,2019,46.63
62,1,2020,45.08
62,1,2021,42.74
62,1,2022,39.47
62,1,2023,41.19
62,2,1980,8.31
62,2,1981,8.24
62,2,1982,8.16
62,2,1983,8.34
62,2,1984,8.54
62,2,1985,8.93
62,2,1986,8.49
62,2,1987,8.51
62,2,1988,8.62
62,2,1989,8.59
62,2,1990,8.96
62,2,1991,8.79
62,2,1992,8.81
62,2,1993,8.96
62,2,1994,8.81
62,2,1995,8.46
62,2,1996,8.05
62,2,1997,7.9
62,2,1998,7.61
62,2,1999,7.41
62,2,2000,7.49
62,2,2001,7.31
62,2,2002,7.24
62,2,2003,7.09
62,2,2004,7.01
62,2,2005,7.04
62,2,2006,6.9
62,2,2007,6.91
62,2,2008,7.05
62,2,2009,7.06
62,2,2010,7.28
62,2,2011,7.16
62,2,2012,7.19
62,2,2013,7.27
62,2,2014,7.36
62,2,2015,7.63
62,2,2016,7.53
62,2,2017,7.53
62,2,2018,7.57
62,2,2019,7.39
62,2,2020,7.34
62,2,2021,7.14
62,2,2022,6.55
62,2,2023,6.68
63,1,1980,42.68
63,1,1981,42.41
63,1,1982,42.82
63,1,1983,43.16
63,1,1984,43.07
63,1,1985,47.15
63,1,1986,47.25
63,1,1987,48.3
63,1,1988,50.91
63,1,1989,52.84
63,1,1990,58.39
63,1,1991,60.24
63,1,1992,61.58
63,1,1993,61.99
63,1,1994,61.47
63,1,1995,62.89
63,1,1996,60.01
63,1,1997,57.42
63,1,1998,55.47
63,1,1999,56.36
63,1,2000,58.15
63,1,2001,57.2
63,1,2002,58
63,1,2003,57.69
63,1,2004,56.52
63,1,2005,51.03
63,1,2006,48.62
63,1,2007,47.19
63,1,2008,46.18
63,1,2009,45.27
63,1,2010,44.36
63,1,2011,44.82
63,1,2012,45.76
63,1,2013,45.58
63,1,2014,41.94
63,1,2015,37.84
63,1,2016,37.46
63,1,2017,38.15
63,1,2018,38.04
63,1,2019,37.44
63,1,2020,38.76
63,1,2021,37.16
63,1,2022,35.51
63,1,2023,33.91
63,2,1980,7.13
63,2,1981,7.1
63,2,1982,7.06
63,2,1983,7.15
63,2,1984,7.04
63,2,1985,7.4
63,2,1986,7.5
63,2,1987,7.65
63,2,1988,8
63,2,1989,8.24
63,2,1990,8.81
63,2,1991,8.94
63,2,1992,8.8
63,2,1993,8.78
63,2,1994,8.6
63,2,1995,8.57
63,2,1996,8.16
63,2,1997,7.86
63,2,1998,7.66
63,2,1999,7.67
63,2,2000,7.66
63,2,2001,7.45
63,2,2002,7.4
63,2,2003,7.44
63,2,2004,7.24
63,2,2005,6.09
63,2,2006,5.78
63,2,2007,5.56
63,2,2008,5.57
63,2,2009,5.61
63,2,2010,5.57
63,2,2011,5.61
63,2,2012,5.84
63,2,2013,5.82
63,2,2014,5.49
63,2,2015,5.06
63,2,2016,5.13
63,2,2017,5.24
63,2,2018,5.11
63,2,2019,5.19
63,2,2020,5.42
63,2,2021,5.09
63,2,2022,4.91
63,2,2023,5
66,1,1980,50.97
66,1,1981,51.27
66,1,1982,50.7
66,1,1983,50.08
66,1,1984,48.87
66,1,1985,50.81
66,1,1986,48.52
66,1,1987,46.78
66,1,1988,45.12
66,1,1989,43.7
66,1,1990,45.71
66,1,1991,44.68
66,1,1992,43.71
66,1,1993,42.51
66,1,1994,41.46
66,1,1995,43.53
66,1,1996,42.41
66,1,1997,41.17
66,1,1998,39.91
66,1,1999,38.55
66,1,2000,39.85
66,1,2001,39.39
66,1,2002,39.39
66,1,2003,39.42
66,1,2004,39.28
66,1,2005,39.27
66,1,2006,39.55
66,1,2007,38.62
66,1,2008,38.17
66,1,2009,37.79
66,1,2010,35.7
66,1,2011,35.69
66,1,2012,35.67
66,1,2013,34.86
66,1,2014,34.21
66,1,2015,32.53
66,1,2016,31.73
66,1,2017,31.16
66,1,2018,31.06
66,1,2019,31.22
66,1,2020,31.43
66,1,2021,31.04
66,1,2022,29.63
66,1,2023,29.67
66,2,1980,29.79
66,2,1981,29.87
66,2,1982,29.23
66,2,1983,28.53
66,2,1984,27.86
66,2,1985,27.62
66,2,1986,26.7
66,2,1987,25.96
66,2,1988,25.48
66,2,1989,25.13
66,2,1990,25.44
66,2,1991,25.42
66,2,1992,25.58
66,2,1993,25.7
66,2,1994,25.71
66,2,1995,26.26
66,2,1996,26.22
66,2,1997,26.18
66,2,1998,25.99
66,2,1999,25.62
66,2,2000,25.67
66,2,2001,25.55
66,2,2002,25.35
66,2,2003,25.05
66,2,2004,24.93
66,2,2005,24.85
66,2,2006,24.8
66,2,2007,24.72
66,2,2008,24.84
66,2,2009,24.61
66,2,2010,24.28
66,2,2011,24.26
66,2,2012,24.27
66,2,2013,24.17
66,2,2014,23.68
66,2,2015,23.01
66,2,2016,22.43
66,2,2017,22.09
66,2,2018,22.04
66,2,2019,22.56
66,2,2020,22.78
66,2,2021,22.79
66,2,2022,22.44
66,2,2023,22.38
67,1,1980,36.59
67,1,1981,37.1
67,1,1982,37.6
67,1,1983,39.13
67,1,1984,39.8
67,1,1985,41.8
67,1,1986,41.38
67,1,1987,42.07
67,1,1988,43.56
67,1,1989,43.4
67,1,1990,45.59
67,1,1991,45.22
67,1,1992,45.56
67,1,1993,45.56
67,1,1994,44.42
67,1,1995,46.6
67,1,1996,45.33
67,1,1997,45.03
67,1,1998,44.75
67,1,1999,44.91
67,1,2000,44.98
67,1,2001,44.11
67,1,2002,43.71
67,1,2003,43.45
67,1,2004,43.48
67,1,2005,43.67
67,1,2006,42.84
67,1,2007,42.71
67,1,2008,42.59
67,1,2009,41.78
67,1,2010,41.24
67,1,2011,41.42
67,1,2012,40.98
67,1,2013,40.62
67,1,2014,40.4
67,1,2015,38.93
67,1,2016,38.23
67,1,2017,37.97
67,1,2018,37.19
67,1,2019,37
67,1,2020,36.3
67,1,2021,36.19
67,1,2022,36.68
67,1,2023,37.26
67,2,1980,10.58
67,2,1981,10.73
67,2,1982,10.8
67,2,1983,11.08
67,2,1984,11.17
67,2,1985,11.5
67,2,1986,11.42
67,2,1987,11.49
67,2,1988,11.85
67,2,1989,11.8
67,2,1990,12.16
67,2,1991,12.2
67,2,1992,12.39
67,2,1993,12.33
67,2,1994,12.09
67,2,1995,12.5
67,2,1996,12.37
67,2,1997,12.28
67,2,1998,12.3
67,2,1999,12.39
67,2,2000,12.23
67,2,2001,12.02
67,2,2002,11.66
67,2,2003,11.39
67,2,2004,11.47
67,2,2005,11.66
67,2,2006,11.52
67,2,2007,11.49
67,2,2008,11.49
67,2,2009,11.23
67,2,2010,11.34
67,2,2011,11.34
67,2,2012,11.35
67,2,2013,11.35
67,2,2014,11.28
67,2,2015,11.05
67,2,2016,10.89
67,2,2017,10.72
67,2,2018,10.8
67,2,2019,10.77
67,2,2020,10.65
67,2,2021,10.78
67,2,2022,11.04
67,2,2023,11.44
68,1,1980,49.65
68,1,1981,43.35
68,1,1982,42.39
68,1,1983,44.58
68,1,1984,41.48
68,1,1985,41.77
68,1,1986,42.28
68,1,1987,42.65
68,1,1988,42.39
68,1,1989,43.96
68,1,1990,48.24
68,1,1991,49.96
68,1,1992,50.18
68,1,1993,51.71
68,1,1994,55.08
68,1,1995,59.44
68,1,1996,60.24
68,1,1997,63.65
68,1,1998,65.15
68,1,1999,65.59
68,1,2000,66.37
68,1,2001,64.63
68,1,2002,63.37
68,1,2003,61.63
68,1,2004,61.3
68,1,2005,60.17
68,1,2006,59.16
68,1,2007,57.85
68,1,2008,56.68
68,1,2009,54.73
68,1,2010,53.12
68,1,2011,52.5
68,1,2012,52.3
68,1,2013,50.64
68,1,2014,49.24
68,1,2015,47.57
68,1,2016,46.65
68,1,2017,45.41
68,1,2018,45.37
68,1,2019,43.51
68,1,2020,43.82
68,1,2021,42.61
68,1,2022,44.4
68,1,2023,41.84
68,2,1980,9.94
68,2,1981,8.85
68,2,1982,8.97
68,2,1983,9.82
68,2,1984,9.63
68,2,1985,9.73
68,2,1986,10.06
68,2,1987,10.44
68,2,1988,10.59
68,2,1989,10.94
68,2,1990,11.76
68,2,1991,12.45
68,2,1992,12.73
68,2,1993,13.2
68,2,1994,14.27
68,2,1995,15.22
68,2,1996,15.93
68,2,1997,17.08
68,2,1998,17.6
68,2,1999,18.13
68,2,2000,18.29
68,2,2001,17.84
68,2,2002,17.95
68,2,2003,17.5
68,2,2004,17.16
68,2,2005,16.93
68,2,2006,16.59
68,2,2007,16.15
68,2,2008,15.52
68,2,2009,14.97
68,2,2010,14.72
68,2,2011,14.29
68,2,2012,14.17
68,2,2013,13.66
68,2,2014,13.14
68,2,2015,12.95
68,2,2016,12.64
68,2,2017,12.27
68,2,2018,12.15
68,2,2019,11.62
68,2,2020,11.56
68,2,2021,11.24
68,2,2022,12.03
68,2,2023,11.94
69,1,1980,67.42
69,1,1981,67.24
69,1,1982,65.98
69,1,1983,66.79
69,1,1984,65.61
69,1,1985,64.18
69,1,1986,62.59
69,1,1987,64.62
69,1,1988,63.23
69,1,1989,64.43
69,1,1990,64.7
69,1,1991,62.38
69,1,1992,59.82
69,1,1993,57.2
69,1,1994,57.2
69,1,1995,57.36
69,1,1996,57.54
69,1,1997,56.99
69,1,1998,56.09
69,1,1999,54.75
69,1,2000,52.98
69,1,2001,50.79
69,1,2002,48.63
69,1,2003,46.86
69,1,2004,47.87
69,1,2005,46.55
69,1,2006,46.2
69,1,2007,44.5
69,1,2008,44.12
69,1,2009,42.04
69,1,2010,37.95
69,1,2011,37.11
69,1,2012,36.95
69,1,2013,35.6
69,1,2014,34.16
69,1,2015,31.94
69,1,2016,30.29
69,1,2017,28.85
69,1,2018,27.05
69,1,2019,25.71
69,1,2020,24.16
69,1,2021,23.3
69,1,2022,23
69,1,2023,17.91
69,2,1980,21.94
69,2,1981,22.8
69,2,1982,22.89
69,2,1983,22.74
69,2,1984,22.52
69,2,1985,22.61
69,2,1986,23.2
69,2,1987,22.34
69,2,1988,21.64
69,2,1989,22.29
69,2,1990,21.51
69,2,1991,21.04
69,2,1992,20.7
69,2,1993,21.16
69,2,1994,20.92
69,2,1995,20.44
69,2,1996,20.67
69,2,1997,21.11
69,2,1998,20.35
69,2,1999,18.92
69,2,2000,18.63
69,2,2001,19.26
69,2,2002,18.14
69,2,2003,17.04
69,2,2004,17.11
69,2,2005,17.18
69,2,2006,17.82
69,2,2007,17.53
69,2,2008,17
69,2,2009,16.62
69,2,2010,15.3
69,2,2011,15.18
69,2,2012,15.25
69,2,2013,14.64
69,2,2014,14.11
69,2,2015,13.47
69,2,2016,12.6
69,2,2017,12.16
69,2,2018,11.58
69,2,2019,11.36
69,2,2020,10.64
69,2,2021,10.87
69,2,2022,11.24
69,2,2023,11.31
71,1,1980,61.54
71,1,1981,61.5
71,1,1982,61.25
71,1,1983,59.98
71,1,1984,59.54
71,1,1985,60.47
71,1,1986,58.32
71,1,1987,58.02
71,1,1988,57.88
71,1,1989,56.71
71,1,1990,55.65
71,1,1991,53.68
71,1,1992,53.1
71,1,1993,51.56
71,1,1994,51.71
71,1,1995,51.27
71,1,1996,49.88
71,1,1997,48.03
71,1,1998,47.43
71,1,1999,45.89
71,1,2000,44.03
71,1,2001,42.88
71,1,2002,42.07
71,1,2003,40.66
71,1,2004,40.79
71,1,2005,38.92
71,1,2006,38.11
71,1,2007,37.97
71,1,2008,38.44
71,1,2009,37.4
71,1,2010,34.61
71,1,2011,34.65
71,1,2012,33.5
71,1,2013,32.89
71,1,2014,32.8
71,1,2015,30.06
71,1,2016,29.88
71,1,2017,28.66
71,1,2018,28.05
71,1,2019,28.01
71,1,2020,25.38
71,1,2021,25.52
71,1,2022,25.7
71,1,2023,23.8
71,2,1980,12.24
71,2,1981,12.39
71,2,1982,13.13
71,2,1983,13.79
71,2,1984,14.03
71,2,1985,14.58
71,2,1986,14.86
71,2,1987,14.85
71,2,1988,15.82
71,2,1989,16.31
71,2,1990,16.66
71,2,1991,16.87
71,2,1992,16.94
71,2,1993,17.19
71,2,1994,17.45
71,2,1995,17.95
71,2,1996,18.02
71,2,1997,17.79
71,2,1998,17.64
71,2,1999,17.75
71,2,2000,18.26
71,2,2001,18.58
71,2,2002,18.88
71,2,2003,18.51
71,2,2004,18.39
71,2,2005,18.54
71,2,2006,18.57
71,2,2007,19.17
71,2,2008,19.38
71,2,2009,19.43
71,2,2010,18.91
71,2,2011,18.94
71,2,2012,18.75
71,2,2013,18.34
71,2,2014,18.6
71,2,2015,18.01
71,2,2016,17.48
71,2,2017,17.01
71,2,2018,17.14
71,2,2019,16.97
71,2,2020,16.21
71,2,2021,16.37
71,2,2022,16.47
71,2,2023,16.07
72,1,1980,59.32
72,1,1981,59.74
72,1,1982,58.44
72,1,1983,59.92
72,1,1984,60.87
72,1,1985,59.02
72,1,1986,59.59
72,1,1987,58.42
72,1,1988,56.2
72,1,1989,54.56
72,1,1990,54.09
72,1,1991,52.37
72,1,1992,53.4
72,1,1993,51.79
72,1,1994,50.51
72,1,1995,49.58
72,1,1996,47.99
72,1,1997,45.68
72,1,1998,44
72,1,1999,42.32
72,1,2000,41.58
72,1,2001,40.39
72,1,2002,39.83
72,1,2003,38.75
72,1,2004,39.27
72,1,2005,35.35
72,1,2006,33.67
72,1,2007,33.94
72,1,2008,34.02
72,1,2009,33.69
72,1,2010,31.54
72,1,2011,31.27
72,1,2012,30.36
72,1,2013,29.4
72,1,2014,29.48
72,1,2015,29.1
72,1,2016,28.38
72,1,2017,26.84
72,1,2018,26.87
72,1,2019,26.18
72,1,2020,24.95
72,1,2021,25.65
72,1,2022,26.11
72,1,2023,26.66
72,2,1980,16.03
72,2,1981,17.16
72,2,1982,16.75
72,2,1983,16.84
72,2,1984,17.31
72,2,1985,17.98
72,2,1986,18.92
72,2,1987,20.45
72,2,1988,21.18
72,2,1989,21.7
72,2,1990,21.85
72,2,1991,21.76
72,2,1992,22.05
72,2,1993,21.89
72,2,1994,22.79
72,2,1995,23.48
72,2,1996,22.8
72,2,1997,23.12
72,2,1998,22.78
72,2,1999,22.85
72,2,2000,22.79
72,2,2001,23.2
72,2,2002,22.98
72,2,2003,23.39
72,2,2004,23.01
72,2,2005,21.78
72,2,2006,22.58
72,2,2007,22.9
72,2,2008,23.71
72,2,2009,23.53
72,2,2010,23.27
72,2,2011,23.11
72,2,2012,22.44
72,2,2013,22.45
72,2,2014,22.76
72,2,2015,22.97
72,2,2016,22.84
72,2,2017,23.25
72,2,2018,22.85
72,2,2019,22.43
72,2,2020,21.6
72,2,2021,22.38
72,2,2022,23.36
72,2,2023,24.31
74,1,1980,71.08
74,1,1981,69.77
74,1,1982,68.13
74,1,1983,66.6
74,1,1984,65.24
74,1,1985,66.69
74,1,1986,65.76
74,1,1987,64.77
74,1,1988,64.01
74,1,1989,63.01
74,1,1990,64.95
74,1,1991,64.58
74,1,1992,63.95
74,1,1993,64.07
74,1,1994,63.75
74,1,1995,65.31
74,1,1996,65.16
74,1,1997,64.83
74,1,1998,64.57
74,1,1999,64.05
74,1,2000,63.49
74,1,2001,61.98
74,1,2002,61.52
74,1,2003,60.42
74,1,2004,59.47
74,1,2005,55.89
74,1,2006,55.05
74,1,2007,54.29
74,1,2008,53.46
74,1,2009,52.65
74,1,2010,49.22
74,1,2011,48.63
74,1,2012,48.11
74,1,2013,47.48
74,1,2014,47.18
74,1,2015,45.17
74,1,2016,44.88
74,1,2017,44.49
74,1,2018,44.48
74,1,2019,44.39
74,1,2020,45.06
74,1,2021,45.43
74,1,2022,46.1
74,1,2023,45.49
74,2,1980,13.36
74,2,1981,13.13
74,2,1982,12.89
74,2,1983,12.63
74,2,1984,12.44
74,2,1985,12.42
74,2,1986,12.3
74,2,1987,12.23
74,2,1988,12.17
74,2,1989,12.12
74,2,1990,12.21
74,2,1991,12.22
74,2,1992,12.26
74,2,1993,12.34
74,2,1994,12.37
74,2,1995,12.6
74,2,1996,12.8
74,2,1997,12.92
74,2,1998,13.05
74,2,1999,13.09
74,2,2000,13.15
74,2,2001,13.17
74,2,2002,13.28
74,2,2003,13.23
74,2,2004,13.26
74,2,2005,13.11
74,2,2006,13.13
74,2,2007,13.17
74,2,2008,13.19
74,2,2009,13.19
74,2,2010,13.12
74,2,2011,13.18
74,2,2012,13.35
74,2,2013,13.59
74,2,2014,13.63
74,2,2015,13.64
74,2,2016,13.75
74,2,2017,13.87
74,2,2018,14.11
74,2,2019,14.38
74,2,2020,14.26
74,2,2021,14.72
74,2,2022,15.24
74,2,2023,15.34
75,1,1980,63.55
75,1,1981,62.56
75,1,1982,61.72
75,1,1983,62.27
75,1,1984,61.73
75,1,1985,60.84
75,1,1986,59.09
75,1,1987,57.92
75,1,1988,57.06
75,1,1989,55.89
75,1,1990,57.01
75,1,1991,56.2
75,1,1992,54.9
75,1,1993,54.4
75,1,1994,51.45
75,1,1995,52.38
75,1,1996,51.23
75,1,1997,49.9
75,1,1998,49.44
75,1,1999,47.52
75,1,2000,46.45
75,1,2001,45.47
75,1,2002,46.16
75,1,2003,45.69
75,1,2004,45.6
75,1,2005,43.93
75,1,2006,43.7
75,1,2007,42.36
75,1,2008,43.03
75,1,2009,43.4
75,1,2010,41.34
75,1,2011,40.79
75,1,2012,39.96
75,1,2013,40.01
75,1,2014,39.17
75,1,2015,37.61
75,1,2016,36.37
75,1,2017,35.6
75,1,2018,35.38
75,1,2019,33.5
75,1,2020,33.14
75,1,2021,32.2
75,1,2022,32.73
75,1,2023,31.68
75,2,1980,10.18
75,2,1981,10.42
75,2,1982,10.83
75,2,1983,11
75,2,1984,11.17
75,2,1985,10.97
75,2,1986,10.86
75,2,1987,11.3
75,2,1988,11.52
75,2,1989,11.24
75,2,1990,11.55
75,2,1991,12.12
75,2,1992,12.13
75,2,1993,12.31
75,2,1994,12.5
75,2,1995,12.59
75,2,1996,12.86
75,2,1997,13.24
75,2,1998,13.36
75,2,1999,13.65
75,2,2000,13.97
75,2,2001,13.82
75,2,2002,14.42
75,2,2003,14.61
75,2,2004,15.19
75,2,2005,14.87
75,2,2006,15.3
75,2,2007,16.1
75,2,2008,16.63
75,2,2009,16.84
75,2,2010,17.1
75,2,2011,17.44
75,2,2012,18.02
75,2,2013,17.93
75,2,2014,18.73
75,2,2015,18.84
75,2,2016,18.66
75,2,2017,18.34
75,2,2018,18.63
75,2,2019,18.75
75,2,2020,18.67
75,2,2021,18.91
75,2,2022,19.38
75,2,2023,18.84
76,1,1980,108.61
76,1,1981,108.72
76,1,1982,107.58
76,1,1983,109.88
76,1,1984,108.24
76,1,1985,113.86
76,1,1986,110.37
76,1,1987,107.69
76,1,1988,107.15
76,1,1989,102.99
76,1,1990,105.39
76,1,1991,102.05
76,1,1992,100.23
76,1,1993,97.96
76,1,1994,93.77
76,1,1995,94.29
76,1,1996,89.88
76,1,1997,87.77
76,1,1998,85.01
76,1,1999,83.24
76,1,2000,79.86
76,1,2001,78.96
76,1,2002,78.35
76,1,2003,76.55
76,1,2004,75.11
76,1,2005,72.28
76,1,2006,71.42
76,1,2007,70.23
76,1,2008,70.43
76,1,2009,70.58
76,1,2010,65.73
76,1,2011,65.03
76,1,2012,63.96
76,1,2013,62.77
76,1,2014,60.55
76,1,2015,56.36
76,1,2016,54.95
76,1,2017,51.98
76,1,2018,49.92
76,1,2019,46.92
76,1,2020,45.15
76,1,2021,45.11
76,1,2022,45.4
76,1,2023,43.36
76,2,1980,10.26
76,2,1981,10.55
76,2,1982,10.48
76,2,1983,10.52
76,2,1984,10.54
76,2,1985,11.49
76,2,1986,11.51
76,2,1987,11.19
76,2,1988,11.58
76,2,1989,12.01
76,2,1990,12.74
76,2,1991,12.89
76,2,1992,12.99
76,2,1993,12.94
76,2,1994,12.95
76,2,1995,13.06
76,2,1996,13.03
76,2,1997,13.44
76,2,1998,13.65
76,2,1999,14.01
76,2,2000,14.27
76,2,2001,14.47
76,2,2002,15.03
76,2,2003,15.7
76,2,2004,16.13
76,2,2005,16.48
76,2,2006,17.13
76,2,2007,17.57
76,2,2008,18.31
76,2,2009,18.83
76,2,2010,19.31
76,2,2011,19.91
76,2,2012,20.11
76,2,2013,20.64
76,2,2014,20.76
76,2,2015,20.44
76,2,2016,20.26
76,2,2017,19.78
76,2,2018,19.78
76,2,2019,19.63
76,2,2020,19.61
76,2,2021,19.37
76,2,2022,20.56
76,2,2023,19.75
77,1,1980,39.01
77,1,1981,39.34
77,1,1982,39.03
77,1,1983,39.08
77,1,1984,39.36
77,1,1985,45.24
77,1,1986,45.97
77,1,1987,46.73
77,1,1988,47.44
77,1,1989,47.13
77,1,1990,52.94
77,1,1991,52.59
77,1,1992,52.09
77,1,1993,51.64
77,1,1994,50.94
77,1,1995,53.21
77,1,1996,53.33
77,1,1997,53.12
77,1,1998,52.97
77,1,1999,52.45
77,1,2000,49.46
77,1,2001,48.82
77,1,2002,48.55
77,1,2003,49.26
77,1,2004,50.09
77,1,2005,45.75
77,1,2006,46.55
77,1,2007,47.71
77,1,2008,48.87
77,1,2009,50.16
77,1,2010,45.14
77,1,2011,45.97
77,1,2012,46.64
77,1,2013,47.08
77,1,2014,47.4
77,1,2015,42.51
77,1,2016,42.43
77,1,2017,42.8
77,1,2018,42.85
77,1,2019,43.32
77,1,2020,43.65
77,1,2021,43.28
77,1,2022,41.79
77,1,2023,40.5
77,2,1980,10.04
77,2,1981,9.8
77,2,1982,9.55
77,2,1983,9.55
77,2,1984,9.51
77,2,1985,9.71
77,2,1986,9.53
77,2,1987,9.4
77,2,1988,9.53
77,2,1989,9.68
77,2,1990,10.08
77,2,1991,10.1
77,2,1992,10.25
77,2,1993,10.49
77,2,1994,10.65
77,2,1995,10.82
77,2,1996,10.74
77,2,1997,10.91
77,2,1998,10.95
77,2,1999,10.66
77,2,2000,10.14
77,2,2001,9.99
77,2,2002,9.92
77,2,2003,10.19
77,2,2004,10.45
77,2,2005,10.5
77,2,2006,10.65
77,2,2007,10.98
77,2,2008,11.1
77,2,2009,11.13
77,2,2010,10.98
77,2,2011,11.18
77,2,2012,11.31
77,2,2013,11.38
77,2,2014,11.52
77,2,2015,11.29
77,2,2016,11.31
77,2,2017,11.36
77,2,2018,11.3
77,2,2019,11.42
77,2,2020,11.8
77,2,2021,12.14
77,2,2022,11.65
77,2,2023,11.14
78,1,1980,89.02
78,1,1981,90.39
78,1,1982,90.85
78,1,1983,92.12
78,1,1984,92.32
78,1,1985,95.06
78,1,1986,94.13
78,1,1987,93.49
78,1,1988,93.57
78,1,1989,93.21
78,1,1990,94.5
78,1,1991,90.71
78,1,1992,89.82
78,1,1993,89.25
78,1,1994,75.72
78,1,1995,73.91
78,1,1996,71.2
78,1,1997,67.73
78,1,1998,64.28
78,1,1999,62.39
78,1,2000,62.56
78,1,2001,61.55
78,1,2002,60.12
78,1,2003,60.16
78,1,2004,60.42
78,1,2005,57.75
78,1,2006,58.07
78,1,2007,56.36
78,1,2008,55.52
78,1,2009,54.5
78,1,2010,51.48
78,1,2011,50.08
78,1,2012,49.7
78,1,2013,49.09
78,1,2014,48.87
78,1,2015,45.45
78,1,2016,43.85
78,1,2017,43.52
78,1,2018,41.49
78,1,2019,40.31
78,1,2020,38.76
78,1,2021,39.72
78,1,2022,39.64
78,1,2023,39.58
78,2,1980,29
78,2,1981,30.54
78,2,1982,31.74
78,2,1983,34.44
78,2,1984,35.63
78,2,1985,35.95
78,2,1986,36.51
78,2,1987,38.65
78,2,1988,39.96
78,2,1989,39.64
78,2,1990,41.33
78,2,1991,42.65
78,2,1992,42.32
78,2,1993,42.78
78,2,1994,38.19
78,2,1995,37.56
78,2,1996,37.01
78,2,1997,37.08
78,2,1998,36.46
78,2,1999,36.75
78,2,2000,37.07
78,2,2001,37.41
78,2,2002,37.59
78,2,2003,38.02
78,2,2004,39.01
78,2,2005,38.96
78,2,2006,39.38
78,2,2007,38.83
78,2,2008,39.42
78,2,2009,39.91
78,2,2010,39.04
78,2,2011,38.41
78,2,2012,38.04
78,2,2013,37.45
78,2,2014,36.84
78,2,2015,36.19
78,2,2016,35.48
78,2,2017,35.06
78,2,2018,34
78,2,2019,34.21
78,2,2020,32.91
78,2,2021,33.57
78,2,2022,34.33
78,2,2023,32.78
79,1,1980,93.25
79,1,1981,90.98
79,1,1982,87.09
79,1,1983,88.04
79,1,1984,87
79,1,1985,85.47
79,1,1986,79.65
79,1,1987,70.08
79,1,1988,65.72
79,1,1989,62.18
79,1,1990,61.74
79,1,1991,59.11
79,1,1992,60.3
79,1,1993,57.71
79,1,1994,54.46
79,1,1995,54.64
79,1,1996,52.26
79,1,1997,50.38
79,1,1998,49.13
79,1,1999,46.83
79,1,2000,45.27
79,1,2001,44.52
79,1,2002,43.5
79,1,2003,42.38
79,1,2004,41.62
79,1,2005,40.61
79,1,2006,40.73
79,1,2007,39.74
79,1,2008,38.16
79,1,2009,38.06
79,1,2010,37.38
79,1,2011,35.81
79,1,2012,34.75
79,1,2013,34.41
79,1,2014,33.39
79,1,2015,32.68
79,1,2016,32.43
79,1,2017,31.81
79,1,2018,30.67
79,1,2019,30.1
79,1,2020,28.78
79,1,2021,29.17
79,1,2022,28.38
79,1,2023,29.55
79,2,1980,12.36
79,2,1981,12.15
79,2,1982,12.17
79,2,1983,12.06
79,2,1984,12.61
79,2,1985,12.81
79,2,1986,11.96
79,2,1987,9.69
79,2,1988,9.33
79,2,1989,9.29
79,2,1990,9.5
79,2,1991,9.57
79,2,1992,9.92
79,2,1993,9.75
79,2,1994,9.77
79,2,1995,9.79
79,2,1996,9.91
79,2,1997,10.05
79,2,1998,10.57
79,2,1999,10.39
79,2,2000,10.69
79,2,2001,11.07
79,2,2002,11.28
79,2,2003,11.53
79,2,2004,11.46
79,2,2005,11.53
79,2,2006,11.87
79,2,2007,12.17
79,2,2008,12.56
79,2,2009,12.69
79,2,2010,13.08
79,2,2011,13.34
79,2,2012,13.85
79,2,2013,13.95
79,2,2014,14.27
79,2,2015,14.12
79,2,2016,14.01
79,2,2017,13.81
79,2,2018,13.85
79,2,2019,13.95
79,2,2020,14.22
79,2,2021,14.29
79,2,2022,14.52
79,2,2023,15.16
80,1,1980,63.02
80,1,1981,63.36
80,1,1982,62.63
80,1,1983,63.43
80,1,1984,63.25
80,1,1985,65.61
80,1,1986,65.5
80,1,1987,65.23
80,1,1988,64.96
80,1,1989,64.89
80,1,1990,66.11
80,1,1991,65.77
80,1,1992,65.49
80,1,1993,65.16
80,1,1994,63.26
80,1,1995,65.02
80,1,1996,64.43
80,1,1997,63.14
80,1,1998,63.44
80,1,1999,63.55
80,1,2000,65.17
80,1,2001,65.39
80,1,2002,65.42
80,1,2003,65.35
80,1,2004,63.96
80,1,2005,62.89
80,1,2006,62.16
80,1,2007,61.54
80,1,2008,60.79
80,1,2009,60.62
80,1,2010,57.86
80,1,2011,57.01
80,1,2012,56.38
80,1,2013,55.65
80,1,2014,53.91
80,1,2015,53.25
80,1,2016,51.65
80,1,2017,49.96
80,1,2018,48.71
80,1,2019,46.71
80,1,2020,45.4
80,1,2021,43.27
80,1,2022,46.25
80,1,2023,46.99
80,2,1980,6.95
80,2,1981,7.1
80,2,1982,7.05
80,2,1983,7.24
80,2,1984,7.08
80,2,1985,7.33
80,2,1986,7.44
80,2,1987,7.65
80,2,1988,7.75
80,2,1989,7.81
80,2,1990,8.02
80,2,1991,8.2
80,2,1992,8.29
80,2,1993,8.55
80,2,1994,8.64
80,2,1995,9.17
80,2,1996,9.4
80,2,1997,9.47
80,2,1998,10.1
80,2,1999,10.5
80,2,2000,10.96
80,2,2001,11.43
80,2,2002,12.13
80,2,2003,12.85
80,2,2004,12.88
80,2,2005,13.39
80,2,2006,13.85
80,2,2007,14.11
80,2,2008,14.7
80,2,2009,15.25
80,2,2010,15.29
80,2,2011,15.6
80,2,2012,16.33
80,2,2013,16.37
80,2,2014,16.85
80,2,2015,17.08
80,2,2016,17.1
80,2,2017,17.17
80,2,2018,17.01
80,2,2019,17.19
80,2,2020,16.8
80,2,2021,15.89
80,2,2022,17.24
80,2,2023,17.5
81,1,1980,67.05
81,1,1981,66.71
81,1,1982,66.78
81,1,1983,67.11
81,1,1984,66
81,1,1985,67
81,1,1986,66.43
81,1,1987,66.17
81,1,1988,66.23
81,1,1989,64.68
81,1,1990,65.44
81,1,1991,64.43
81,1,1992,63.41
81,1,1993,63.55
81,1,1994,61.39
81,1,1995,61.42
81,1,1996,59.65
81,1,1997,58.32
81,1,1998,57.52
81,1,1999,55.77
81,1,2000,55.79
81,1,2001,53.49
81,1,2002,52.55
81,1,2003,51.92
81,1,2004,50.27
81,1,2005,50.05
81,1,2006,49.1
81,1,2007,48.61
81,1,2008,48.14
81,1,2009,47.82
81,1,2010,45.56
81,1,2011,44.74
81,1,2012,43.94
81,1,2013,44.29
81,1,2014,43.28
81,1,2015,42.08
81,1,2016,41.5
81,1,2017,40.66
81,1,2018,40.23
81,1,2019,38.91
81,1,2020,38.64
81,1,2021,38.39
81,1,2022,38.33
81,1,2023,38.94
81,2,1980,9.63
81,2,1981,9.79
81,2,1982,9.98
81,2,1983,10.2
81,2,1984,10.17
81,2,1985,10.3
81,2,1986,10.75
81,2,1987,10.96
81,2,1988,11.16
81,2,1989,11.39
81,2,1990,11.89
81,2,1991,12.23
81,2,1992,12.35
81,2,1993,12.79
81,2,1994,12.95
81,2,1995,12.94
81,2,1996,13.14
81,2,1997,13.45
81,2,1998,13.94
81,2,1999,14.14
81,2,2000,14.67
81,2,2001,14.76
81,2,2002,15.11
81,2,2003,15.47
81,2,2004,15.64
81,2,2005,16.3
81,2,2006,16.55
81,2,2007,16.93
81,2,2008,17.47
81,2,2009,17.76
81,2,2010,17.77
81,2,2011,18.15
81,2,2012,18.51
81,2,2013,19.06
81,2,2014,19.2
81,2,2015,19.48
81,2,2016,19.82
81,2,2017,19.77
81,2,2018,20.01
81,2,2019,20.01
81,2,2020,20.18
81,2,2021,20.59
81,2,2022,21.13
81,2,2023,21.11
82,1,1980,59.87
82,1,1981,61.71
82,1,1982,62.64
82,1,1983,63.39
82,1,1984,63.5
82,1,1985,66.03
82,1,1986,67.73
82,1,1987,71.91
82,1,1988,72.99
82,1,1989,73.49
82,1,1990,76.27
82,1,1991,76.47
82,1,1992,75.83
82,1,1993,75.74
82,1,1994,74.15
82,1,1995,74.56
82,1,1996,73.37
82,1,1997,72.26
82,1,1998,72.58
82,1,1999,73.27
82,1,2000,72.19
82,1,2001,69.96
82,1,2002,69.63
82,1,2003,70.13
82,1,2004,70.83
82,1,2005,68.83
82,1,2006,68.04
82,1,2007,66.38
82,1,2008,67.69
82,1,2009,65.03
82,1,2010,62.03
82,1,2011,63.4
82,1,2012,62.92
82,1,2013,63.21
82,1,2014,64.38
82,1,2015,63.77
82,1,2016,61.98
82,1,2017,61.7
82,1,2018,59.45
82,1,2019,58.02
82,1,2020,56.37
82,1,2021,55.79
82,1,2022,54.73
82,1,2023,55.3
82,2,1980,9.57
82,2,1981,9.54
82,2,1982,9.62
82,2,1983,9.74
82,2,1984,9.89
82,2,1985,10.48
82,2,1986,10.46
82,2,1987,11.13
82,2,1988,11.55
82,2,1989,11.62
82,2,1990,12.57
82,2,1991,12.64
82,2,1992,12.57
82,2,1993,12.49
82,2,1994,12.45
82,2,1995,12.52
82,2,1996,12.36
82,2,1997,12.34
82,2,1998,12.71
82,2,1999,12.53
82,2,2000,12.86
82,2,2001,12.64
82,2,2002,12.75
82,2,2003,12.95
82,2,2004,12.8
82,2,2005,12.47
82,2,2006,12.4
82,2,2007,12.28
82,2,2008,12.95
82,2,2009,12.76
82,2,2010,12.78
82,2,2011,13.13
82,2,2012,13.6
82,2,2013,13.82
82,2,2014,14.14
82,2,2015,14.45
82,2,2016,14.65
82,2,2017,14.65
82,2,2018,14.65
82,2,2019,14.92
82,2,2020,15.38
82,2,2021,15.86
82,2,2022,15.28
82,2,2023,15.25
83,1,1980,36.11
83,1,1981,37.3
83,1,1982,38.77
83,1,1983,37.86
83,1,1984,37.54
83,1,1985,39.42
83,1,1986,39.45
83,1,1987,40.41
83,1,1988,40.31
83,1,1989,40.56
83,1,1990,41.44
83,1,1991,41.8
83,1,1992,40.02
83,1,1993,38.94
83,1,1994,37.94
83,1,1995,38.83
83,1,1996,41.4
83,1,1997,41.77
83,1,1998,40.33
83,1,1999,38.78
83,1,2000,37.47
83,1,2001,36.51
83,1,2002,35.43
83,1,2003,35.46
83,1,2004,35.56
83,1,2005,37.13
83,1,2006,36.17
83,1,2007,36.65
83,1,2008,34.86
83,1,2009,34.16
83,1,2010,34.45
83,1,2011,34.1
83,1,2012,33.86
83,1,2013,31.81
83,1,2014,31.35
83,1,2015,29.33
83,1,2016,29.94
83,1,2017,28.52
83,1,2018,27.2
83,1,2019,24.94
83,1,2020,24.15
83,1,2021,23.52
83,1,2022,24.65
83,1,2023,25.3
83,2,1980,23.65
83,2,1981,22.6
83,2,1982,22.88
83,2,1983,22.98
83,2,1984,22.12
83,2,1985,21.92
83,2,1986,23.31
83,2,1987,24.93
83,2,1988,26.2
83,2,1989,25.87
83,2,1990,25.13
83,2,1991,26.65
83,2,1992,27.63
83,2,1993,27.2
83,2,1994,27.95
83,2,1995,26.38
83,2,1996,28.7
83,2,1997,28.47
83,2,1998,29.01
83,2,1999,29.08
83,2,2000,29.29
83,2,2001,29.12
83,2,2002,29.27
83,2,2003,30.08
83,2,2004,30.96
83,2,2005,30.59
83,2,2006,31.64
83,2,2007,32.28
83,2,2008,32.85
83,2,2009,33.12
83,2,2010,33.23
83,2,2011,33.12
83,2,2012,33.44
83,2,2013,32.85
83,2,2014,33.09
83,2,2015,32.84
83,2,2016,32.69
83,2,2017,31.13
83,2,2018,30.92
83,2,2019,30.42
83,2,2020,29.25
83,2,2021,28.94
83,2,2022,31.74
83,2,2023,31.38
84,1,1980,56.46
84,1,1981,58.97
84,1,1982,57.9
84,1,1983,59.14
84,1,1984,60.38
84,1,1985,66.09
84,1,1986,64.09
84,1,1987,60.35
84,1,1988,59.65
84,1,1989,57.4
84,1,1990,60.84
84,1,1991,58.48
84,1,1992,58.92
84,1,1993,58.82
84,1,1994,56.98
84,1,1995,56.93
84,1,1996,53.8
84,1,1997,51.2
84,1,1998,52.55
84,1,1999,52.52
84,1,2000,49.72
84,1,2001,48.96
84,1,2002,48.11
84,1,2003,48.56
84,1,2004,48.74
84,1,2005,42.99
84,1,2006,44.49
84,1,2007,44.57
84,1,2008,43.93
84,1,2009,44.36
84,1,2010,40.06
84,1,2011,40.94
84,1,2012,40.39
84,1,2013,39.81
84,1,2014,38.43
84,1,2015,35.48
84,1,2016,34.58
84,1,2017,33.65
84,1,2018,32.68
84,1,2019,32.87
84,1,2020,31.72
84,1,2021,29.98
84,1,2022,32.53
84,1,2023,32.75
84,2,1980,18.64
84,2,1981,19.75
84,2,1982,20.14
84,2,1983,21.48
84,2,1984,21.58
84,2,1985,22.26
84,2,1986,21.87
84,2,1987,21.85
84,2,1988,23.13
84,2,1989,23.56
84,2,1990,23.78
84,2,1991,22.75
84,2,1992,23.25
84,2,1993,23.29
84,2,1994,23.36
84,2,1995,23.58
84,2,1996,23.02
84,2,1997,22.84
84,2,1998,23.95
84,2,1999,24.13
84,2,2000,24.02
84,2,2001,23.61
84,2,2002,23.63
84,2,2003,24.12
84,2,2004,25.32
84,2,2005,24.43
84,2,2006,25.31
84,2,2007,25.14
84,2,2008,25.29
84,2,2009,25.1
84,2,2010,24.27
84,2,2011,24.73
84,2,2012,24.6
84,2,2013,24.83
84,2,2014,25.62
84,2,2015,24.46
84,2,2016,24.77
84,2,2017,24.47
84,2,2018,23.01
84,2,2019,22.89
84,2,2020,22.97
84,2,2021,21.8
84,2,2022,24.26
84,2,2023,25.23
85,1,1980,40.12
85,1,1981,38.28
85,1,1982,38.06
85,1,1983,38.32
85,1,1984,38.6
85,1,1985,39.62
85,1,1986,37.93
85,1,1987,36.96
85,1,1988,36.23
85,1,1989,36.57
85,1,1990,37.88
85,1,1991,38.01
85,1,1992,38.5
85,1,1993,39.76
85,1,1994,39.42
85,1,1995,39.03
85,1,1996,38.77
85,1,1997,38.61
85,1,1998,39.64
85,1,1999,39.41
85,1,2000,37.95
85,1,2001,38.43
85,1,2002,38.47
85,1,2003,38.22
85,1,2004,38.6
85,1,2005,36.23
85,1,2006,37.61
85,1,2007,37.09
85,1,2008,36.22
85,1,2009,35.41
85,1,2010,35.59
85,1,2011,34.69
85,1,2012,33.48
85,1,2013,33.84
85,1,2014,33.49
85,1,2015,32.96
85,1,2016,31.64
85,1,2017,31.12
85,1,2018,30.68
85,1,2019,29.6
85,1,2020,28.97
85,1,2021,28.41
85,1,2022,28.77
85,1,2023,29.5
85,2,1980,13.11
85,2,1981,12.53
85,2,1982,12.21
85,2,1983,12.15
85,2,1984,11.92
85,2,1985,12
85,2,1986,11.95
85,2,1987,11.91
85,2,1988,11.8
85,2,1989,11.72
85,2,1990,12.2
85,2,1991,11.95
85,2,1992,12.47
85,2,1993,13.09
85,2,1994,13.02
85,2,1995,13.25
85,2,1996,12.41
85,2,1997,12.4
85,2,1998,12.5
85,2,1999,12.52
85,2,2000,12.93
85,2,2001,12.93
85,2,2002,12.83
85,2,2003,12.94
85,2,2004,12.91
85,2,2005,12.79
85,2,2006,13.37
85,2,2007,13.41
85,2,2008,13.38
85,2,2009,13.34
85,2,2010,13.39
85,2,2011,13.71
85,2,2012,13.31
85,2,2013,13.23
85,2,2014,13.55
85,2,2015,13.21
85,2,2016,12.89
85,2,2017,12.68
85,2,2018,12.92
85,2,2019,12.84
85,2,2020,12.51
85,2,2021,12.6
85,2,2022,12.59
85,2,2023,12.32
86,1,1980,66.58
86,1,1981,66.26
86,1,1982,66.72
86,1,1983,69.44
86,1,1984,68.69
86,1,1985,70.97
86,1,1986,70.63
86,1,1987,71.22
86,1,1988,71.58
86,1,1989,69.9
86,1,1990,70.59
86,1,1991,70.11
86,1,1992,68.98
86,1,1993,68.35
86,1,1994,67.23
86,1,1995,67.19
86,1,1996,65.53
86,1,1997,64.64
86,1,1998,64.68
86,1,1999,63.48
86,1,2000,61.63
86,1,2001,60.93
86,1,2002,59.86
86,1,2003,60.1
86,1,2004,57.31
86,1,2005,56.13
86,1,2006,54.97
86,1,2007,54.1
86,1,2008,53.07
86,1,2009,52.32
86,1,2010,49.73
86,1,2011,49.61
86,1,2012,48.24
86,1,2013,46.63
86,1,2014,45.33
86,1,2015,44.74
86,1,2016,42.04
86,1,2017,41.91
86,1,2018,40.28
86,1,2019,38.59
86,1,2020,38.08
86,1,2021,36.3
86,1,2022,36.54
86,1,2023,35.33
86,2,1980,9.13
86,2,1981,9.22
86,2,1982,9.25
86,2,1983,9.62
86,2,1984,9.55
86,2,1985,9.89
86,2,1986,10.09
86,2,1987,10
86,2,1988,10.19
86,2,1989,10.17
86,2,1990,10.44
86,2,1991,10.53
86,2,1992,10.72
86,2,1993,10.71
86,2,1994,10.74
86,2,1995,10.93
86,2,1996,10.96
86,2,1997,10.94
86,2,1998,11.13
86,2,1999,11.25
86,2,2000,11.65
86,2,2001,11.89
86,2,2002,12.08
86,2,2003,12.21
86,2,2004,11.91
86,2,2005,12.08
86,2,2006,12.25
86,2,2007,12.62
86,2,2008,12.87
86,2,2009,13.12
86,2,2010,13.01
86,2,2011,13.34
86,2,2012,13.64
86,2,2013,13.63
86,2,2014,13.87
86,2,2015,14.26
86,2,2016,13.96
86,2,2017,14.34
86,2,2018,14.16
86,2,2019,14.06
86,2,2020,14.11
86,2,2021,14.09
86,2,2022,14.28
86,2,2023,13.91
87,1,1980,89.9
87,1,1981,91.56
87,1,1982,91.12
87,1,1983,91.41
87,1,1984,88.91
87,1,1985,91.9
87,1,1986,91.4
87,1,1987,88.76
87,1,1988,88.17
87,1,1989,83.69
87,1,1990,84.28
87,1,1991,81.62
87,1,1992,82.03
87,1,1993,80.89
87,1,1994,77.68
87,1,1995,80.06
87,1,1996,77.56
87,1,1997,75.65
87,1,1998,73.12
87,1,1999,69.87
87,1,2000,67.93
87,1,2001,64.01
87,1,2002,63.58
87,1,2003,63.16
87,1,2004,62.83
87,1,2005,60.08
87,1,2006,60.09
87,1,2007,59.29
87,1,2008,55.62
87,1,2009,57.11
87,1,2010,54.42
87,1,2011,53.17
87,1,2012,51.13
87,1,2013,50.36
87,1,2014,51.01
87,1,2015,47.87
87,1,2016,46.31
87,1,2017,42.54
87,1,2018,40.42
87,1,2019,37.7
87,1,2020,35.2
87,1,2021,34.71
87,1,2022,32.09
87,1,2023,33.41
87,2,1980,11.46
87,2,1981,11.5
87,2,1982,11.4
87,2,1983,12.06
87,2,1984,12.75
87,2,1985,13.04
87,2,1986,12.39
87,2,1987,12.98
87,2,1988,13.19
87,2,1989,13.6
87,2,1990,13.65
87,2,1991,13.81
87,2,1992,13.97
87,2,1993,14.17
87,2,1994,14.52
87,2,1995,14.5
87,2,1996,14.6
87,2,1997,15.5
87,2,1998,15.49
87,2,1999,15.78
87,2,2000,15.39
87,2,2001,15.01
87,2,2002,15.09
87,2,2003,16.5
87,2,2004,16.3
87,2,2005,16.7
87,2,2006,17
87,2,2007,18.18
87,2,2008,17.28
87,2,2009,17.96
87,2,2010,17.5
87,2,2011,17.84
87,2,2012,18.45
87,2,2013,17.91
87,2,2014,18.67
87,2,2015,17.9
87,2,2016,17.63
87,2,2017,18.01
87,2,2018,17.78
87,2,2019,17.36
87,2,2020,17.06
87,2,2021,15.97
87,2,2022,16.02
87,2,2023,16.82
88,1,1980,50.66
88,1,1981,52.77
88,1,1982,52.83
88,1,1983,53.53
88,1,1984,53.81
88,1,1985,55.57
88,1,1986,55.34
88,1,1987,54.53
88,1,1988,52.51
88,1,1989,55.02
88,1,1990,53.65
88,1,1991,52.55
88,1,1992,53.67
88,1,1993,52.18
88,1,1994,51.46
88,1,1995,53.21
88,1,1996,53.77
88,1,1997,50.05
88,1,1998,47.31
88,1,1999,48.52
88,1,2000,47.53
88,1,2001,48.84
88,1,2002,48.03
88,1,2003,46.52
88,1,2004,45.19
88,1,2005,44.14
88,1,2006,44.15
88,1,2007,42.27
88,1,2008,43.02
88,1,2009,41.52
88,1,2010,40.67
88,1,2011,39.63
88,1,2012,39.19
88,1,2013,37.14
88,1,2014,37.62
88,1,2015,37.04
88,1,2016,35.06
88,1,2017,33.85
88,1,2018,33.55
88,1,2019,31.26
88,1,2020,30.42
88,1,2021,28.85
88,1,2022,28.45
88,1,2023,28.25
88,2,1980,6.27
88,2,1981,6.79
88,2,1982,6.99
88,2,1983,6.86
88,2,1984,6.79
88,2,1985,6.41
88,2,1986,6.49
88,2,1987,6.15
88,2,1988,6.44
88,2,1989,6.37
88,2,1990,6.4
88,2,1991,6.45
88,2,1992,6.88
88,2,1993,6.9
88,2,1994,6.78
88,2,1995,6.58
88,2,1996,6.82
88,2,1997,6.82
88,2,1998,7.23
88,2,1999,7.38
88,2,2000,7.71
88,2,2001,7.52
88,2,2002,7.31
88,2,2003,7.51
88,2,2004,7.58
88,2,2005,7.73
88,2,2006,7.73
88,2,2007,7.87
88,2,2008,7.9
88,2,2009,8.06
88,2,2010,8.38
88,2,2011,8.27
88,2,2012,8.44
88,2,2013,8.36
88,2,2014,8.26
88,2,2015,8.61
88,2,2016,8.86
88,2,2017,8.85
88,2,2018,8.73
88,2,2019,8.35
88,2,2020,8.03
88,2,2021,8.5
88,2,2022,8.51
88,2,2023,8.28
89,1,1980,101.52
89,1,1981,101.56
89,1,1982,101.95
89,1,1983,101.21
89,1,1984,100.97
89,1,1985,102.96
89,1,1986,103.24
89,1,1987,100.59
89,1,1988,100
89,1,1989,97.78
89,1,1990,96.14
89,1,1991,94.27
89,1,1992,92.64
89,1,1993,91.86
89,1,1994,88.41
89,1,1995,86.99
89,1,1996,85.67
89,1,1997,82.73
89,1,1998,80.65
89,1,1999,79.07
89,1,2000,76.65
89,1,2001,75.25
89,1,2002,74.03
89,1,2003,71.3
89,1,2004,70.2
89,1,2005,67.76
89,1,2006,65.35
89,1,2007,63.98
89,1,2008,62.59
89,1,2009,62.28
89,1,2010,59.31
89,1,2011,58.05
89,1,2012,55.88
89,1,2013,54.44
89,1,2014,52.22
89,1,2015,50.91
89,1,2016,50.05
89,1,2017,48.16
89,1,2018,46.08
89,1,2019,43.74
89,1,2020,41.83
89,1,2021,40.85
89,1,2022,40.49
89,1,2023,40
89,2,1980,9.24
89,2,1981,9.61
89,2,1982,9.9
89,2,1983,10.23
89,2,1984,10.9
89,2,1985,11.37
89,2,1986,11.86
89,2,1987,12.15
89,2,1988,12.9
89,2,1989,13.68
89,2,1990,14.34
89,2,1991,14.82
89,2,1992,15.73
89,2,1993,16.7
89,2,1994,17.24
89,2,1995,17.86
89,2,1996,18.44
89,2,1997,19.12
89,2,1998,19.83
89,2,1999,21.08
89,2,2000,22.58
89,2,2001,23.43
89,2,2002,24.57
89,2,2003,25.45
89,2,2004,25.97
89,2,2005,26.4
89,2,2006,26.83
89,2,2007,27.65
89,2,2008,28.08
89,2,2009,28.12
89,2,2010,28.28
89,2,2011,29.17
89,2,2012,29.52
89,2,2013,29.81
89,2,2014,29.7
89,2,2015,29.7
89,2,2016,29.66
89,2,2017,28.98
89,2,2018,28.83
89,2,2019,28
89,2,2020,27.41
89,2,2021,28.21
89,2,2022,28.4
89,2,2023,27.53
90,1,1980,33.46
90,1,1981,36.06
90,1,1982,36.11
90,1,1983,35.77
90,1,1984,36.63
90,1,1985,37.99
90,1,1986,38.91
90,1,1987,38.86
90,1,1988,38.83
90,1,1989,38.08
90,1,1990,39.09
90,1,1991,40.06
90,1,1992,40.31
90,1,1993,40.97
90,1,1994,41.08
90,1,1995,41.07
90,1,1996,41.29
90,1,1997,41.08
90,1,1998,41.24
90,1,1999,41.94
90,1,2000,41.16
90,1,2001,41.62
90,1,2002,43.13
90,1,2003,42.38
90,1,2004,41.72
90,1,2005,40.52
90,1,2006,40.61
90,1,2007,40.41
90,1,2008,40.16
90,1,2009,39.77
90,1,2010,38.81
90,1,2011,38.87
90,1,2012,37.65
90,1,2013,36.32
90,1,2014,34.91
90,1,2015,33.34
90,1,2016,32.1
90,1,2017,31.07
90,1,2018,29.92
90,1,2019,28.17
90,1,2020,27.41
90,1,2021,26.14
90,1,2022,26.03
90,1,2023,26.22
90,2,1980,8.04
90,2,1981,8.03
90,2,1982,8.57
90,2,1983,9.17
90,2,1984,9.99
90,2,1985,10.77
90,2,1986,10.86
90,2,1987,11.16
90,2,1988,12.04
90,2,1989,12.65
90,2,1990,13.23
90,2,1991,13.64
90,2,1992,13.78
90,2,1993,14.51
90,2,1994,15.71
90,2,1995,16.49
90,2,1996,17.63
90,2,1997,18.52
90,2,1998,18.04
90,2,1999,18.12
90,2,2000,19.6
90,2,2001,20.5
90,2,2002,20.65
90,2,2003,21.22
90,2,2004,21.77
90,2,2005,21.92
90,2,2006,22.47
90,2,2007,23.59
90,2,2008,24.03
90,2,2009,23.42
90,2,2010,23.75
90,2,2011,23.78
90,2,2012,24.05
90,2,2013,23.92
90,2,2014,23.48
90,2,2015,23.33
90,2,2016,23.4
90,2,2017,22.39
90,2,2018,22.56
90,2,2019,22.13
90,2,2020,20.92
90,2,2021,19.68
90,2,2022,19.22
90,2,2023,19.79
91,1,1980,28.92
91,1,1981,28.38
91,1,1982,29.92
91,1,1983,31.21
91,1,1984,32.93
91,1,1985,34.89
91,1,1986,34.79
91,1,1987,36.08
91,1,1988,35.5
91,1,1989,34.72
91,1,1990,37.56
91,1,1991,37.71
91,1,1992,37.65
91,1,1993,39.91
91,1,1994,38.74
91,1,1995,39.88
91,1,1996,40.67
91,1,1997,40.39
91,1,1998,41.05
91,1,1999,40.66
91,1,2000,39.61
91,1,2001,39.46
91,1,2002,39.59
91,1,2003,40.38
91,1,2004,39.9
91,1,2005,40.5
91,1,2006,41.48
91,1,2007,40.34
91,1,2008,39.03
91,1,2009,39.47
91,1,2010,39.25
91,1,2011,39.36
91,1,2012,39.25
91,1,2013,40.05
91,1,2014,38.55
91,1,2015,36.85
91,1,2016,37.36
91,1,2017,37.48
91,1,2018,37.37
91,1,2019,36.74
91,1,2020,36.68
91,1,2021,35.01
91,1,2022,36.17
91,1,2023,35.11
91,2,1980,5.43
91,2,1981,5.46
91,2,1982,5.84
91,2,1983,5.71
91,2,1984,5.77
91,2,1985,5.99
91,2,1986,6.16
91,2,1987,6.16
91,2,1988,6.37
91,2,1989,6.41
91,2,1990,6.91
91,2,1991,7.03
91,2,1992,6.83
91,2,1993,7.06
91,2,1994,6.82
91,2,1995,6.87
91,2,1996,6.67
91,2,1997,6.74
91,2,1998,7
91,2,1999,7.18
91,2,2000,7.26
91,2,2001,7.08
91,2,2002,7.42
91,2,2003,7.54
91,2,2004,7.49
91,2,2005,7.84
91,2,2006,8.07
91,2,2007,8.01
91,2,2008,8.09
91,2,2009,8.27
91,2,2010,8.19
91,2,2011,8.36
91,2,2012,8.58
91,2,2013,8.7
91,2,2014,8.72
91,2,2015,9.02
91,2,2016,9.12
91,2,2017,9.09
91,2,2018,9.37
91,2,2019,9.72
91,2,2020,9.59
91,2,2021,8.99
91,2,2022,9.79
91,2,2023,9.46
92,1,1980,50.04
92,1,1981,51.72
92,1,1982,52.24
92,1,1983,54.08
92,1,1984,55.48
92,1,1985,58.83
92,1,1986,58.76
92,1,1987,59.64
92,1,1988,61.49
92,1,1989,61.77
92,1,1990,64.61
92,1,1991,64.52
92,1,1992,64.1
92,1,1993,64.38
92,1,1994,63.31
92,1,1995,65.99
92,1,1996,64.14
92,1,1997,62.65
92,1,1998,63.06
92,1,1999,63.76
92,1,2000,61.79
92,1,2001,61.73
92,1,2002,61.24
92,1,2003,61.75
92,1,2004,61.17
92,1,2005,58.8
92,1,2006,58
92,1,2007,58.4
92,1,2008,57.31
92,1,2009,56.98
92,1,2010,52.89
92,1,2011,53.51
92,1,2012,53.12
92,1,2013,51.4
92,1,2014,50.39
92,1,2015,49.44
92,1,2016,48.04
92,1,2017,47.04
92,1,2018,46.76
92,1,2019,44.83
92,1,2020,43.78
92,1,2021,42.07
92,1,2022,43.82
92,1,2023,42.05
92,2,1980,6.26
92,2,1981,6.15
92,2,1982,6.09
92,2,1983,6.22
92,2,1984,5.9
92,2,1985,6.19
92,2,1986,6.15
92,2,1987,6
92,2,1988,5.8
92,2,1989,5.73
92,2,1990,5.97
92,2,1991,6.04
92,2,1992,5.9
92,2,1993,5.93
92,2,1994,5.87
92,2,1995,6.06
92,2,1996,6.07
92,2,1997,6.13
92,2,1998,6.29
92,2,1999,6.46
92,2,2000,6.7
92,2,2001,6.85
92,2,2002,7.18
92,2,2003,7.55
92,2,2004,7.85
92,2,2005,7.88
92,2,2006,8.12
92,2,2007,8.49
92,2,2008,8.88
92,2,2009,9.13
92,2,2010,9.27
92,2,2011,9.6
92,2,2012,10.1
92,2,2013,10.3
92,2,2014,10.46
92,2,2015,10.82
92,2,2016,11
92,2,2017,11.3
92,2,2018,11.57
92,2,2019,11.62
92,2,2020,11.9
92,2,2021,11.8
92,2,2022,12.6
92,2,2023,12.25
93,1,1980,31.64
93,1,1981,31.11
93,1,1982,31.04
93,1,1983,31.32
93,1,1984,31.84
93,1,1985,32.1
93,1,1986,31.23
93,1,1987,31.23
93,1,1988,31.15
93,1,1989,30.17
93,1,1990,30.86
93,1,1991,30.81
93,1,1992,30.43
93,1,1993,29.79
93,1,1994,29.49
93,1,1995,29.52
93,1,1996,29.08
93,1,1997,29.1
93,1,1998,29.06
93,1,1999,29.01
93,1,2000,28.25
93,1,2001,27.98
93,1,2002,27.78
93,1,2003,27.85
93,1,2004,27.94
93,1,2005,27.85
93,1,2006,27.34
93,1,2007,26.25
93,1,2008,26.31
93,1,2009,25.94
93,1,2010,25.85
93,1,2011,25.68
93,1,2012,24.79
93,1,2013,23.65
93,1,2014,23.23
93,1,2015,22.6
93,1,2016,22.38
93,1,2017,21.88
93,1,2018,20.89
93,1,2019,19.77
93,1,2020,19.28
93,1,2021,18.11
93,1,2022,17.57
93,1,2023,17.73
93,2,1980,9.82
93,2,1981,10.31
93,2,1982,10.36
93,2,1983,10.34
93,2,1984,10.63
93,2,1985,11
93,2,1986,11.44
93,2,1987,11.88
93,2,1988,12.27
93,2,1989,12.44
93,2,1990,12.75
93,2,1991,13.41
93,2,1992,13.76
93,2,1993,13.72
93,2,1994,13.88
93,2,1995,14.92
93,2,1996,15.53
93,2,1997,15.71
93,2,1998,15.82
93,2,1999,16.39
93,2,2000,17.02
93,2,2001,17.9
93,2,2002,18.07
93,2,2003,18.14
93,2,2004,19.13
93,2,2005,19.53
93,2,2006,19.76
93,2,2007,19.99
93,2,2008,19.9
93,2,2009,19.77
93,2,2010,19.81
93,2,2011,19.82
93,2,2012,19.88
93,2,2013,20.18
93,2,2014,20.3
93,2,2015,19.92
93,2,2016,19.96
93,2,2017,20.15
93,2,2018,19.59
93,2,2019,18.99
93,2,2020,18.42
93,2,2021,18.08
93,2,2022,18.21
93,2,2023,18.38
94,1,1980,53.44
94,1,1981,53.83
94,1,1982,53.68
94,1,1983,53.68
94,1,1984,52.82
94,1,1985,54.65
94,1,1986,54.23
94,1,1987,53.37
94,1,1988,52.68
94,1,1989,51.83
94,1,1990,54.58
94,1,1991,53.43
94,1,1992,52.25
94,1,1993,51.34
94,1,1994,50.09
94,1,1995,51.94
94,1,1996,51.07
94,1,1997,49.84
94,1,1998,49.33
94,1,1999,48.04
94,1,2000,47.55
94,1,2001,46.78
94,1,2002,44.81
94,1,2003,44.23
94,1,2004,43.24
94,1,2005,41.81
94,1,2006,40.55
94,1,2007,40.04
94,1,2008,39.67
94,1,2009,38.59
94,1,2010,36.97
94,1,2011,36.58
94,1,2012,35.14
94,1,2013,34.64
94,1,2014,34.32
94,1,2015,33.34
94,1,2016,32.01
94,1,2017,31.05
94,1,2018,30.46
94,1,2019,28.63
94,1,2020,27.77
94,1,2021,27.7
94,1,2022,29.04
94,1,2023,26.8
94,2,1980,14.22
94,2,1981,14.55
94,2,1982,15
94,2,1983,15.25
94,2,1984,15.13
94,2,1985,15.76
94,2,1986,16.01
94,2,1987,16.31
94,2,1988,16.12
94,2,1989,16.46
94,2,1990,17.21
94,2,1991,17.4
94,2,1992,18.07
94,2,1993,18.46
94,2,1994,17.47
94,2,1995,13.68
94,2,1996,12.51
94,2,1997,12.3
94,2,1998,12.84
94,2,1999,13.49
94,2,2000,14.03
94,2,2001,14.13
94,2,2002,14.47
94,2,2003,14.86
94,2,2004,15.05
94,2,2005,14.99
94,2,2006,15.62
94,2,2007,15.92
94,2,2008,15.87
94,2,2009,16.31
94,2,2010,16.32
94,2,2011,16.79
94,2,2012,16.97
94,2,2013,17.1
94,2,2014,16.96
94,2,2015,16.58
94,2,2016,17.04
94,2,2017,17.09
94,2,2018,16.97
94,2,2019,16.91
94,2,2020,16.23
94,2,2021,15.86
94,2,2022,16.81
94,2,2023,15.24
95,1,1980,89.01
95,1,1981,87.21
95,1,1982,86.75
95,1,1983,86.39
95,1,1984,83.66
95,1,1985,85.83
95,1,1986,82.8
95,1,1987,80.25
95,1,1988,78.97
95,1,1989,76.68
95,1,1990,75.96
95,1,1991,73.67
95,1,1992,71.22
95,1,1993,70.14
95,1,1994,66.48
95,1,1995,65.14
95,1,1996,62.56
95,1,1997,59.97
95,1,1998,59.07
95,1,1999,57.28
95,1,2000,54.52
95,1,2001,53.13
95,1,2002,51.95
95,1,2003,50.63
95,1,2004,49.21
95,1,2005,47.22
95,1,2006,46.98
95,1,2007,46.71
95,1,2008,46.55
95,1,2009,45.63
95,1,2010,42.93
95,1,2011,42.48
95,1,2012,41.29
95,1,2013,40.87
95,1,2014,39.88
95,1,2015,38.32
95,1,2016,37.64
95,1,2017,36.6
95,1,2018,35.64
95,1,2019,34.17
95,1,2020,33.26
95,1,2021,31.51
95,1,2022,31.39
95,1,2023,33.14
95,2,1980,22.44
95,2,1981,22.56
95,2,1982,23.41
95,2,1983,23.63
95,2,1984,24.15
95,2,1985,25.11
95,2,1986,25.23
95,2,1987,25.58
95,2,1988,26.22
95,2,1989,26.51
95,2,1990,26.51
95,2,1991,26.73
95,2,1992,26.84
95,2,1993,27.56
95,2,1994,27.27
95,2,1995,27.61
95,2,1996,27.41
95,2,1997,27.01
95,2,1998,27.26
95,2,1999,27.33
95,2,2000,26.71
95,2,2001,26.52
95,2,2002,26.76
95,2,2003,27.07
95,2,2004,26.83
95,2,2005,27.06
95,2,2006,27.64
95,2,2007,28.15
95,2,2008,28.75
95,2,2009,28.26
95,2,2010,27.8
95,2,2011,27.62
95,2,2012,28.07
95,2,2013,27.8
95,2,2014,27.49
95,2,2015,27.42
95,2,2016,27.08
95,2,2017,26.66
95,2,2018,26.21
95,2,2019,25.36
95,2,2020,25.11
95,2,2021,24.38
95,2,2022,24.66
95,2,2023,26.19
97,1,1980,59.95
97,1,1981,60.11
97,1,1982,56.65
97,1,1983,58.72
97,1,1984,59.31
97,1,1985,57.75
97,1,1986,55.86
97,1,1987,57.47
97,1,1988,57.04
97,1,1989,56.21
97,1,1990,55.97
97,1,1991,55.99
97,1,1992,55.61
97,1,1993,55.58
97,1,1994,54.8
97,1,1995,55.1
97,1,1996,55.1
97,1,1997,55.03
97,1,1998,55.42
97,1,1999,55.97
97,1,2000,52.5
97,1,2001,51.19
97,1,2002,51.27
97,1,2003,51.18
97,1,2004,49.82
97,1,2005,48.81
97,1,2006,48.26
97,1,2007,49.21
97,1,2008,47.12
97,1,2009,45.85
97,1,2010,44.83
97,1,2011,43.88
97,1,2012,42.39
97,1,2013,41.47
97,1,2014,39.43
97,1,2015,38.65
97,1,2016,38.15
97,1,2017,36.05
97,1,2018,34.97
97,1,2019,33.39
97,1,2020,31.13
97,1,2021,31.22
97,1,2022,33.59
97,1,2023,29.61
97,2,1980,8.95
97,2,1981,9.03
97,2,1982,9.01
97,2,1983,9.37
97,2,1984,9.69
97,2,1985,9.27
97,2,1986,9.03
97,2,1987,9.34
97,2,1988,9.75
97,2,1989,9.79
97,2,1990,10.02
97,2,1991,10.27
97,2,1992,10.53
97,2,1993,10.67
97,2,1994,10.66
97,2,1995,10.86
97,2,1996,10.89
97,2,1997,11.04
97,2,1998,11.6
97,2,1999,11.86
97,2,2000,11.56
97,2,2001,11.85
97,2,2002,12.13
97,2,2003,12.45
97,2,2004,12.77
97,2,2005,12.81
97,2,2006,12.99
97,2,2007,13.55
97,2,2008,13.51
97,2,2009,13.65
97,2,2010,14.03
97,2,2011,14.28
97,2,2012,14.21
97,2,2013,14.52
97,2,2014,14.39
97,2,2015,14.18
97,2,2016,14.36
97,2,2017,13.94
97,2,2018,13.61
97,2,2019,13.55
97,2,2020,12.74
97,2,2021,13.53
97,2,2022,14.16
97,2,2023,13.4
98,1,1980,31.91
98,1,1981,31.33
98,1,1982,32.5
98,1,1983,33.12
98,1,1984,32.26
98,1,1985,33.11
98,1,1986,31.57
98,1,1987,30.11
98,1,1988,29.91
98,1,1989,30.08
98,1,1990,29.96
98,1,1991,30.33
98,1,1992,29.63
98,1,1993,28.77
98,1,1994,28.25
98,1,1995,28.37
98,1,1996,28.54
98,1,1997,27.04
98,1,1998,26.61
98,1,1999,26.11
98,1,2000,25.44
98,1,2001,25.73
98,1,2002,25.1
98,1,2003,24.49
98,1,2004,25.14
98,1,2005,24.96
98,1,2006,25.01
98,1,2007,24.34
98,1,2008,23.62
98,1,2009,23.89
98,1,2010,24.12
98,1,2011,24.16
98,1,2012,23.1
98,1,2013,23.47
98,1,2014,22.79
98,1,2015,22.45
98,1,2016,22.09
98,1,2017,21.55
98,1,2018,21.19
98,1,2019,20.66
98,1,2020,19.82
98,1,2021,19.47
98,1,2022,19.62
98,1,2023,18.53
98,2,1980,9.31
98,2,1981,9.06
98,2,1982,9.04
98,2,1983,9.15
98,2,1984,9.2
98,2,1985,9.54
98,2,1986,9.54
98,2,1987,9.37
98,2,1988,9.13
98,2,1989,9.32
98,2,1990,9.15
98,2,1991,9.23
98,2,1992,9.43
98,2,1993,9.76
98,2,1994,9.52
98,2,1995,9.63
98,2,1996,9.83
98,2,1997,9.88
98,2,1998,9.64
98,2,1999,9.81
98,2,2000,9.83
98,2,2001,10.12
98,2,2002,10.29
98,2,2003,10.16
98,2,2004,10.47
98,2,2005,10.8
98,2,2006,11.01
98,2,2007,11.14
98,2,2008,11.08
98,2,2009,11.17
98,2,2010,11.34
98,2,2011,11.78
98,2,2012,12.13
98,2,2013,12.27
98,2,2014,12.11
98,2,2015,11.98
98,2,2016,11.85
98,2,2017,11.97
98,2,2018,11.65
98,2,2019,11.69
98,2,2020,11.05
98,2,2021,11.06
98,2,2022,11.39
98,2,2023,11.4
99,1,1980,72.81
99,1,1981,76.09
99,1,1982,77.29
99,1,1983,78.9
99,1,1984,79.1
99,1,1985,81.87
99,1,1986,81.91
99,1,1987,82.76
99,1,1988,83.06
99,1,1989,81.13
99,1,1990,82.25
99,1,1991,80.46
99,1,1992,77.75
99,1,1993,78.02
99,1,1994,78.43
99,1,1995,79.88
99,1,1996,77.06
99,1,1997,73.68
99,1,1998,72.92
99,1,1999,72.57
99,1,2000,70.48
99,1,2001,70.39
99,1,2002,69.99
99,1,2003,69.37
99,1,2004,66.27
99,1,2005,66.04
99,1,2006,66.17
99,1,2007,64.9
99,1,2008,64.29
99,1,2009,64.74
99,1,2010,63.79
99,1,2011,62.93
99,1,2012,60.66
99,1,2013,60.93
99,1,2014,60.07
99,1,2015,58.34
99,1,2016,57.6
99,1,2017,58.21
99,1,2018,57.97
99,1,2019,55.79
99,1,2020,52.49
99,1,2021,55.26
99,1,2022,62
99,1,2023,55.02
99,2,1980,7.3
99,2,1981,7.73
99,2,1982,7.68
99,2,1983,7.8
99,2,1984,7.74
99,2,1985,7.74
99,2,1986,8
99,2,1987,8.47
99,2,1988,8.51
99,2,1989,8.68
99,2,1990,8.41
99,2,1991,8.53
99,2,1992,9
99,2,1993,9.31
99,2,1994,9.27
99,2,1995,9.39
99,2,1996,9.42
99,2,1997,9.79
99,2,1998,9.81
99,2,1999,9.73
99,2,2000,9.83
99,2,2001,10.04
99,2,2002,10.41
99,2,2003,10.89
99,2,2004,10.97
99,2,2005,10.88
99,2,2006,11.1
99,2,2007,12.06
99,2,2008,12.92
99,2,2009,12.51
99,2,2010,13.06
99,2,2011,13.53
99,2,2012,13.63
99,2,2013,14.12
99,2,2014,14.53
99,2,2015,14.97
99,2,2016,15.41
99,2,2017,15.22
99,2,2018,15.94
99,2,2019,16.46
99,2,2020,16.32
99,2,2021,17.67
99,2,2022,19.96
99,2,2023,18.78
101,1,1980,66.72
101,1,1981,66.4
101,1,1982,68.61
101,1,1983,69.36
101,1,1984,69.96
101,1,1985,71.75
101,1,1986,70.83
101,1,1987,70.66
101,1,1988,71.93
101,1,1989,70.74
101,1,1990,73.29
101,1,1991,71.5
101,1,1992,69.93
101,1,1993,69.21
101,1,1994,66.34
101,1,1995,67.55
101,1,1996,65.57
101,1,1997,63.88
101,1,1998,62.97
101,1,1999,61.94
101,1,2000,59.27
101,1,2001,58.32
101,1,2002,57.86
101,1,2003,56.72
101,1,2004,55.87
101,1,2005,52.04
101,1,2006,51.58
101,1,2007,51.21
101,1,2008,50.36
101,1,2009,50.74
101,1,2010,44.75
101,1,2011,44.93
101,1,2012,44.41
101,1,2013,42.83
101,1,2014,43.13
101,1,2015,39.41
101,1,2016,38.57
101,1,2017,38.1
101,1,2018,36.91
101,1,2019,35.36
101,1,2020,34.16
101,1,2021,33.11
101,1,2022,32.55
101,1,2023,34.15
101,2,1980,17.2
101,2,1981,17.84
101,2,1982,18.91
101,2,1983,19.64
101,2,1984,21.02
101,2,1985,22.69
101,2,1986,23.1
101,2,1987,23.93
101,2,1988,24.86
101,2,1989,25.11
101,2,1990,26.53
101,2,1991,27.44
101,2,1992,27.81
101,2,1993,28.97
101,2,1994,29.16
101,2,1995,29.9
101,2,1996,30.53
101,2,1997,30.6
101,2,1998,31.27
101,2,1999,31.52
101,2,2000,31.72
101,2,2001,31.8
101,2,2002,32.37
101,2,2003,32.36
101,2,2004,32.81
101,2,2005,32.08
101,2,2006,32.46
101,2,2007,32.54
101,2,2008,32.74
101,2,2009,32.86
101,2,2010,31.18
101,2,2011,31.13
101,2,2012,30.93
101,2,2013,30.73
101,2,2014,30.68
101,2,2015,29.5
101,2,2016,29.25
101,2,2017,28.5
101,2,2018,27.74
101,2,2019,26.72
101,2,2020,26.08
101,2,2021,25.63
101,2,2022,25.55
101,2,2023,25.68
102,1,1980,73.1
102,1,1981,72.94
102,1,1982,73.38
102,1,1983,74.15
102,1,1984,74.33
102,1,1985,76.77
102,1,1986,76.24
102,1,1987,76.31
102,1,1988,76.18
102,1,1989,74.33
102,1,1990,75.13
102,1,1991,74.03
102,1,1992,72.64
102,1,1993,72.8
102,1,1994,70.77
102,1,1995,70.52
102,1,1996,69.01
102,1,1997,67.36
102,1,1998,66.05
102,1,1999,65.15
102,1,2000,63.55
102,1,2001,62.26
102,1,2002,61.32
102,1,2003,60.11
102,1,2004,58.72
102,1,2005,56.79
102,1,2006,55.51
102,1,2007,53.85
102,1,2008,53.17
102,1,2009,51.71
102,1,2010,48.76
102,1,2011,47.93
102,1,2012,46.56
102,1,2013,45.29
102,1,2014,43.91
102,1,2015,41.5
102,1,2016,39.5
102,1,2017,37.9
102,1,2018,35.96
102,1,2019,34.39
102,1,2020,33.63
102,1,2021,32.08
102,1,2022,31.27
102,1,2023,29.5
102,2,1980,22.71
102,2,1981,23.35
102,2,1982,24.22
102,2,1983,25.34
102,2,1984,26.09
102,2,1985,27.5
102,2,1986,28.3
102,2,1987,29.17
102,2,1988,30.26
102,2,1989,30.79
102,2,1990,31.8
102,2,1991,32.38
102,2,1992,32.92
102,2,1993,33.75
102,2,1994,33.78
102,2,1995,34.38
102,2,1996,34.45
102,2,1997,34.48
102,2,1998,34.56
102,2,1999,34.79
102,2,2000,34.99
102,2,2001,34.92
102,2,2002,35.08
102,2,2003,34.91
102,2,2004,34.4
102,2,2005,33.99
102,2,2006,33.64
102,2,2007,33.19
102,2,2008,33.09
102,2,2009,32.43
102,2,2010,31.37
102,2,2011,31.02
102,2,2012,30.49
102,2,2013,29.98
102,2,2014,29.32
102,2,2015,28.32
102,2,2016,27.27
102,2,2017,26.42
102,2,2018,25.3
102,2,2019,24.28
102,2,2020,23.85
102,2,2021,23.1
102,2,2022,22.96
102,2,2023,22.54
105,1,1980,16.19
105,1,1981,16.26
105,1,1982,16.42
105,1,1983,16.49
105,1,1984,16.55
105,1,1985,16.98
105,1,1986,17.78
105,1,1987,17.45
105,1,1988,17.66
105,1,1989,17.75
105,1,1990,18.42
105,1,1991,17.34
105,1,1992,17.04
105,1,1993,15.58
105,1,1994,16.05
105,1,1995,15.92
105,1,1996,15.49
105,1,1997,14.81
105,1,1998,14.71
105,1,1999,14.72
105,1,2000,14.48
105,1,2001,14.18
105,1,2002,14.29
105,1,2003,14.39
105,1,2004,13.77
105,1,2005,13.66
105,1,2006,13.67
105,1,2007,14.02
105,1,2008,13.67
105,1,2009,13.46
105,1,2010,12.75
105,1,2011,12.18
105,1,2012,12.3
105,1,2013,11.9
105,1,2014,11.32
105,1,2015,11.51
105,1,2016,11.64
105,1,2017,10.97
105,1,2018,10.55
105,1,2019,9.64
105,1,2020,9.48
105,1,2021,8.43
105,1,2022,8.39
105,1,2023,8.11
105,2,1980,4.89
105,2,1981,4.93
105,2,1982,5
105,2,1983,5.08
105,2,1984,4.86
105,2,1985,4.74
105,2,1986,4.74
105,2,1987,4.79
105,2,1988,4.87
105,2,1989,4.95
105,2,1990,4.91
105,2,1991,4.91
105,2,1992,4.86
105,2,1993,4.55
105,2,1994,4.39
105,2,1995,4.64
105,2,1996,4.97
105,2,1997,4.91
105,2,1998,4.71
105,2,1999,4.7
105,2,2000,4.9
105,2,2001,4.88
105,2,2002,4.98
105,2,2003,4.96
105,2,2004,4.91
105,2,2005,4.97
105,2,2006,4.95
105,2,2007,5
105,2,2008,4.97
105,2,2009,4.95
105,2,2010,4.97
105,2,2011,4.93
105,2,2012,4.97
105,2,2013,5
105,2,2014,4.93
105,2,2015,4.88
105,2,2016,4.99
105,2,2017,5.04
105,2,2018,5.11
105,2,2019,5.14
105,2,2020,4.88
105,2,2021,4.45
105,2,2022,4.61
105,2,2023,4.83
106,1,1980,32.37
106,1,1981,32.19
106,1,1982,32.5
106,1,1983,33.72
106,1,1984,33.89
106,1,1985,31.08
106,1,1986,31
106,1,1987,31.65
106,1,1988,31.61
106,1,1989,31.06
106,1,1990,28.98
106,1,1991,26.45
106,1,1992,25.89
106,1,1993,25.62
106,1,1994,27.58
106,1,1995,28.59
106,1,1996,27.35
106,1,1997,25.77
106,1,1998,25.24
106,1,1999,25.36
106,1,2000,25.98
106,1,2001,26.04
106,1,2002,28.02
106,1,2003,28.49
106,1,2004,26.67
106,1,2005,26.43
106,1,2006,26.56
106,1,2007,26.36
106,1,2008,25.97
106,1,2009,25.79
106,1,2010,25.3
106,1,2011,24.82
106,1,2012,23.42
106,1,2013,22.75
106,1,2014,22.3
106,1,2015,22.48
106,1,2016,22.28
106,1,2017,22.26
106,1,2018,22.34
106,1,2019,23.3
106,1,2020,24.55
106,1,2021,30.11
106,1,2022,24.35
106,1,2023,22.35
106,2,1980,6.65
106,2,1981,6.51
106,2,1982,6.79
106,2,1983,7.5
106,2,1984,7.71
106,2,1985,7.19
106,2,1986,7.17
106,2,1987,7.23
106,2,1988,7.29
106,2,1989,7.31
106,2,1990,6.93
106,2,1991,6.34
106,2,1992,6.23
106,2,1993,6.22
106,2,1994,6.08
106,2,1995,6.32
106,2,1996,6.44
106,2,1997,6.54
106,2,1998,6.62
106,2,1999,7
106,2,2000,7.57
106,2,2001,7.39
106,2,2002,7.57
106,2,2003,8
106,2,2004,7.85
106,2,2005,8.11
106,2,2006,8.23
106,2,2007,8.38
106,2,2008,8.66
106,2,2009,9.01
106,2,2010,9.09
106,2,2011,9.1
106,2,2012,8.88
106,2,2013,8.89
106,2,2014,8.73
106,2,2015,8.68
106,2,2016,8.75
106,2,2017,8.77
106,2,2018,8.81
106,2,2019,9.41
106,2,2020,9.1
106,2,2021,10.99
106,2,2022,9.36
106,2,2023,9.14
107,1,1980,18.47
107,1,1981,19.13
107,1,1982,18.16
107,1,1983,17.32
107,1,1984,17.62
107,1,1985,16.74
107,1,1986,17.57
107,1,1987,17.43
107,1,1988,17.34
107,1,1989,18.05
107,1,1990,17.95
107,1,1991,17.72
107,1,1992,17.94
107,1,1993,17.5
107,1,1994,16.93
107,1,1995,16.8
107,1,1996,16.62
107,1,1997,16.4
107,1,1998,15.82
107,1,1999,15.4
107,1,2000,15.15
107,1,2001,14.88
107,1,2002,14.99
107,1,2003,15.49
107,1,2004,15.67
107,1,2005,15.62
107,1,2006,15.5
107,1,2007,15.45
107,1,2008,15.26
107,1,2009,14.69
107,1,2010,13.74
107,1,2011,13.4
107,1,2012,13.28
107,1,2013,13.03
107,1,2014,13.09
107,1,2015,13.38
107,1,2016,13.47
107,1,2017,13.26
107,1,2018,13.23
107,1,2019,13.25
107,1,2020,13.76
107,1,2021,14.14
107,1,2022,14.61
107,1,2023,13.32
107,2,1980,4.73
107,2,1981,4.66
107,2,1982,4.68
107,2,1983,4.47
107,2,1984,4.4
107,2,1985,4.36
107,2,1986,4.43
107,2,1987,4.51
107,2,1988,4.53
107,2,1989,4.64
107,2,1990,4.62
107,2,1991,4.68
107,2,1992,4.83
107,2,1993,4.38
107,2,1994,4.11
107,2,1995,4.2
107,2,1996,4.22
107,2,1997,4.3
107,2,1998,4.49
107,2,1999,4.55
107,2,2000,4.59
107,2,2001,4.59
107,2,2002,4.9
107,2,2003,4.84
107,2,2004,4.78
107,2,2005,4.85
107,2,2006,4.81
107,2,2007,4.89
107,2,2008,4.98
107,2,2009,5.16
107,2,2010,5.2
107,2,2011,5.36
107,2,2012,5.23
107,2,2013,5.25
107,2,2014,5.29
107,2,2015,5.34
107,2,2016,5.4
107,2,2017,5.44
107,2,2018,5.48
107,2,2019,5.56
107,2,2020,5.68
107,2,2021,5.91
107,2,2022,6.04
107,2,2023,6.16
108,1,1980,14.81
108,1,1981,16.12
108,1,1982,16.59
108,1,1983,16.3
108,1,1984,17.15
108,1,1985,16.97
108,1,1986,16.75
108,1,1987,17.46
108,1,1988,16.99
108,1,1989,16.57
108,1,1990,17.43
108,1,1991,16.87
108,1,1992,16.34
108,1,1993,16.14
108,1,1994,16.91
108,1,1995,19.09
108,1,1996,19.82
108,1,1997,20.19
108,1,1998,21.31
108,1,1999,22.33
108,1,2000,22.92
108,1,2001,23.11
108,1,2002,23.99
108,1,2003,22.68
108,1,2004,21.12
108,1,2005,20.52
108,1,2006,20.4
108,1,2007,20.15
108,1,2008,19.56
108,1,2009,18.99
108,1,2010,17.94
108,1,2011,18.77
108,1,2012,17.83
108,1,2013,18.06
108,1,2014,18
108,1,2015,18.05
108,1,2016,17.79
108,1,2017,17.62
108,1,2018,17.5
108,1,2019,17.19
108,1,2020,17.7
108,1,2021,17.13
108,1,2022,16.36
108,1,2023,16.91
108,2,1980,4.62
108,2,1981,4.45
108,2,1982,4.59
108,2,1983,4.67
108,2,1984,4.65
108,2,1985,4.6
108,2,1986,4.54
108,2,1987,4.66
108,2,1988,4.68
108,2,1989,4.68
108,2,1990,4.74
108,2,1991,4.66
108,2,1992,4.53
108,2,1993,4.47
108,2,1994,4.53
108,2,1995,4.75
108,2,1996,5.23
108,2,1997,5.67
108,2,1998,5.8
108,2,1999,5.96
108,2,2000,6.41
108,2,2001,6.48
108,2,2002,6.9
108,2,2003,6.9
108,2,2004,6.86
108,2,2005,7.12
108,2,2006,7.44
108,2,2007,7.41
108,2,2008,7.44
108,2,2009,7.36
108,2,2010,7.26
108,2,2011,7.2
108,2,2012,7.18
108,2,2013,7.01
108,2,2014,6.88
108,2,2015,6.95
108,2,2016,7.07
108,2,2017,6.99
108,2,2018,6.97
108,2,2019,6.99
108,2,2020,6.93
108,2,2021,6.97
108,2,2022,6.66
108,2,2023,6.84
109,1,1980,47.8
109,1,1981,48.17
109,1,1982,48.12
109,1,1983,47.39
109,1,1984,47.95
109,1,1985,47.63
109,1,1986,48.3
109,1,1987,48.21
109,1,1988,48.2
109,1,1989,47.98
109,1,1990,47.75
109,1,1991,47.64
109,1,1992,46.9
109,1,1993,45.04
109,1,1994,44.9
109,1,1995,46.23
109,1,1996,46.27
109,1,1997,44.65
109,1,1998,44.25
109,1,1999,43.48
109,1,2000,43.97
109,1,2001,43.43
109,1,2002,45.16
109,1,2003,45.98
109,1,2004,46.36
109,1,2005,45.65
109,1,2006,46.28
109,1,2007,47.22
109,1,2008,47.61
109,1,2009,47.81
109,1,2010,45.19
109,1,2011,44.91
109,1,2012,44.33
109,1,2013,44.47
109,1,2014,45.37
109,1,2015,45.2
109,1,2016,44.43
109,1,2017,44.3
109,1,2018,43.64
109,1,2019,41.38
109,1,2020,40.76
109,1,2021,42.2
109,1,2022,34.24
109,1,2023,34.99
109,2,1980,16.73
109,2,1981,16.29
109,2,1982,16.81
109,2,1983,17.27
109,2,1984,17.47
109,2,1985,17.18
109,2,1986,17.49
109,2,1987,17.49
109,2,1988,17.57
109,2,1989,18.04
109,2,1990,17.89
109,2,1991,17.87
109,2,1992,18.39
109,2,1993,17.58
109,2,1994,16.67
109,2,1995,17.23
109,2,1996,17.59
109,2,1997,17.69
109,2,1998,17.48
109,2,1999,17.58
109,2,2000,18.59
109,2,2001,18.52
109,2,2002,19.36
109,2,2003,19.79
109,2,2004,20.39
109,2,2005,20.81
109,2,2006,21.43
109,2,2007,21.99
109,2,2008,22.84
109,2,2009,23.26
109,2,2010,22.9
109,2,2011,22.71
109,2,2012,22.63
109,2,2013,22.96
109,2,2014,23.42
109,2,2015,22.93
109,2,2016,23.26
109,2,2017,23.28
109,2,2018,23.17
109,2,2019,23.02
109,2,2020,22.66
109,2,2021,24.25
109,2,2022,19.96
109,2,2023,20.72
110,1,1980,17.49
110,1,1981,17.62
110,1,1982,17.75
110,1,1983,17.93
110,1,1984,18.02
110,1,1985,18.56
110,1,1986,18.62
110,1,1987,18.59
110,1,1988,18.62
110,1,1989,18.77
110,1,1990,19.78
110,1,1991,19.97
110,1,1992,20.26
110,1,1993,20.5
110,1,1994,20.64
110,1,1995,21.6
110,1,1996,21.5
110,1,1997,21.02
110,1,1998,21.22
110,1,1999,20.78
110,1,2000,21.64
110,1,2001,21.6
110,1,2002,21.63
110,1,2003,21.67
110,1,2004,21.53
110,1,2005,21.28
110,1,2006,21.07
110,1,2007,20.98
110,1,2008,20.86
110,1,2009,20.82
110,1,2010,20.95
110,1,2011,20.69
110,1,2012,20.57
110,1,2013,20.4
110,1,2014,20.29
110,1,2015,20.71
110,1,2016,20.48
110,1,2017,20.16
110,1,2018,20.03
110,1,2019,20.14
110,1,2020,20.98
110,1,2021,21.1
110,1,2022,20.56
110,1,2023,21.11
110,2,1980,5.16
110,2,1981,5.18
110,2,1982,5.18
110,2,1983,5.23
110,2,1984,5.28
110,2,1985,5.38
110,2,1986,5.46
110,2,1987,5.53
110,2,1988,5.62
110,2,1989,5.75
110,2,1990,5.91
110,2,1991,5.97
110,2,1992,5.97
110,2,1993,6.03
110,2,1994,6.08
110,2,1995,6.2
110,2,1996,6.24
110,2,1997,6.29
110,2,1998,6.41
110,2,1999,6.49
110,2,2000,6.73
110,2,2001,6.92
110,2,2002,7.15
110,2,2003,7.46
110,2,2004,7.59
110,2,2005,7.65
110,2,2006,7.72
110,2,2007,7.8
110,2,2008,7.97
110,2,2009,8.05
110,2,2010,8.12
110,2,2011,8.14
110,2,2012,8.17
110,2,2013,8.15
110,2,2014,8.14
110,2,2015,8.24
110,2,2016,8.35
110,2,2017,8.32
110,2,2018,8.23
110,2,2019,8.32
110,2,2020,8.53
110,2,2021,8.34
110,2,2022,8.26
110,2,2023,8.63
111,1,1980,21.86
111,1,1981,21.63
111,1,1982,21.2
111,1,1983,20.89
111,1,1984,20.39
111,1,1985,20.03
111,1,1986,20.1
111,1,1987,19.83
111,1,1988,19.58
111,1,1989,19.66
111,1,1990,19.48
111,1,1991,19.33
111,1,1992,19.15
111,1,1993,18.94
111,1,1994,18.64
111,1,1995,18.29
111,1,1996,18.09
111,1,1997,17.77
111,1,1998,17.54
111,1,1999,17.4
111,1,2000,17.42
111,1,2001,17.47
111,1,2002,17.27
111,1,2003,17.01
111,1,2004,16.66
111,1,2005,16.41
111,1,2006,16.29
111,1,2007,16.37
111,1,2008,16.52
111,1,2009,16.74
111,1,2010,17
111,1,2011,17.37
111,1,2012,17.52
111,1,2013,17.45
111,1,2014,17.4
111,1,2015,17.9
111,1,2016,18.33
111,1,2017,18.79
111,1,2018,19.42
111,1,2019,20.2
111,1,2020,22.6
111,1,2021,22.85
111,1,2022,23.53
111,1,2023,23.66
111,2,1980,10.05
111,2,1981,9.82
111,2,1982,9.69
111,2,1983,9.57
111,2,1984,9.25
111,2,1985,9
111,2,1986,9.09
111,2,1987,8.93
111,2,1988,8.77
111,2,1989,8.77
111,2,1990,8.73
111,2,1991,8.58
111,2,1992,8.41
111,2,1993,8.19
111,2,1994,8.14
111,2,1995,8.13
111,2,1996,8.12
111,2,1997,8.05
111,2,1998,7.98
111,2,1999,8.08
111,2,2000,8.27
111,2,2001,8.6
111,2,2002,8.77
111,2,2003,8.77
111,2,2004,8.75
111,2,2005,8.68
111,2,2006,8.69
111,2,2007,8.85
111,2,2008,9.11
111,2,2009,9.38
111,2,2010,9.63
111,2,2011,9.9
111,2,2012,10.03
111,2,2013,10.07
111,2,2014,10.19
111,2,2015,10.59
111,2,2016,10.96
111,2,2017,11.34
111,2,2018,11.64
111,2,2019,11.82
111,2,2020,11.91
111,2,2021,12.47
111,2,2022,12.98
111,2,2023,13.43
112,1,1980,24.12
112,1,1981,23.98
112,1,1982,23.73
112,1,1983,23.36
112,1,1984,23.07
112,1,1985,22.38
112,1,1986,22.36
112,1,1987,22.67
112,1,1988,22.46
112,1,1989,22.07
112,1,1990,22.77
112,1,1991,20.45
112,1,1992,19.96
112,1,1993,19.52
112,1,1994,19.73
112,1,1995,20.07
112,1,1996,19.68
112,1,1997,19.96
112,1,1998,19.88
112,1,1999,18.83
112,1,2000,19.17
112,1,2001,19.12
112,1,2002,19.59
112,1,2003,20.03
112,1,2004,19.38
112,1,2005,18.94
112,1,2006,19.45
112,1,2007,18.72
112,1,2008,18.11
112,1,2009,17.11
112,1,2010,16.35
112,1,2011,16.11
112,1,2012,15.92
112,1,2013,15.89
112,1,2014,15.92
112,1,2015,15.53
112,1,2016,15.33
112,1,2017,14.46
112,1,2018,14.47
112,1,2019,14.01
112,1,2020,13.8
112,1,2021,12.94
112,1,2022,11.67
112,1,2023,11.27
112,2,1980,5.98
112,2,1981,5.99
112,2,1982,5.98
112,2,1983,5.93
112,2,1984,5.9
112,2,1985,5.87
112,2,1986,5.93
112,2,1987,6.03
112,2,1988,6.12
112,2,1989,6.53
112,2,1990,6.21
112,2,1991,5.94
112,2,1992,5.56
112,2,1993,5.18
112,2,1994,5.12
112,2,1995,5.33
112,2,1996,5.55
112,2,1997,5.57
112,2,1998,5.59
112,2,1999,5.48
112,2,2000,5.57
112,2,2001,5.58
112,2,2002,5.77
112,2,2003,5.88
112,2,2004,5.77
112,2,2005,5.84
112,2,2006,6.15
112,2,2007,6.19
112,2,2008,6.17
112,2,2009,6.19
112,2,2010,6.19
112,2,2011,6.27
112,2,2012,6.27
112,2,2013,6.06
112,2,2014,5.84
112,2,2015,5.75
112,2,2016,5.95
112,2,2017,5.71
112,2,2018,5.8
112,2,2019,5.98
112,2,2020,5.9
112,2,2021,5.7
112,2,2022,5.91
112,2,2023,6.12
113,1,1980,11.16
113,1,1981,11.14
113,1,1982,11.07
113,1,1983,10.96
113,1,1984,10.74
113,1,1985,10.89
113,1,1986,10.9
113,1,1987,11.06
113,1,1988,11.29
113,1,1989,10.67
113,1,1990,11.05
113,1,1991,10.87
113,1,1992,10.37
113,1,1993,9.97
113,1,1994,9.68
113,1,1995,9.53
113,1,1996,9.89
113,1,1997,9.82
113,1,1998,9.76
113,1,1999,10.7
113,1,2000,12.95
113,1,2001,11.31
113,1,2002,10.34
113,1,2003,10.3
113,1,2004,10
113,1,2005,10.01
113,1,2006,9.87
113,1,2007,9.89
113,1,2008,9.88
113,1,2009,10.32
113,1,2010,9.8
113,1,2011,9.64
113,1,2012,9.45
113,1,2013,9.72
113,1,2014,9.34
113,1,2015,8.96
113,1,2016,8.7
113,1,2017,8.32
113,1,2018,8.41
113,1,2019,7.74
113,1,2020,9.09
113,1,2021,9.39
113,1,2022,9.67
113,1,2023,10.66
113,2,1980,4.19
113,2,1981,4.16
113,2,1982,4.1
113,2,1983,4
113,2,1984,3.89
113,2,1985,3.85
113,2,1986,3.85
113,2,1987,3.99
113,2,1988,4.08
113,2,1989,3.98
113,2,1990,4
113,2,1991,3.99
113,2,1992,3.9
113,2,1993,3.85
113,2,1994,3.9
113,2,1995,4.05
113,2,1996,4.08
113,2,1997,4.09
113,2,1998,3.98
113,2,1999,4.14
113,2,2000,4.98
113,2,2001,4.68
113,2,2002,4.72
113,2,2003,4.59
113,2,2004,4.48
113,2,2005,4.58
113,2,2006,4.88
113,2,2007,4.87
113,2,2008,4.93
113,2,2009,5.04
113,2,2010,5.02
113,2,2011,5.16
113,2,2012,5.08
113,2,2013,5.03
113,2,2014,5.06
113,2,2015,5.04
113,2,2016,4.88
113,2,2017,4.7
113,2,2018,4.86
113,2,2019,5.06
113,2,2020,5.91
113,2,2021,6.34
113,2,2022,6.81
113,2,2023,7.8
114,1,1980,10.3
114,1,1981,10.34
114,1,1982,10.37
114,1,1983,10.37
114,1,1984,10.27
114,1,1985,10.52
114,1,1986,10.56
114,1,1987,10.59
114,1,1988,10.67
114,1,1989,10.7
114,1,1990,11.01
114,1,1991,10.89
114,1,1992,11.3
114,1,1993,11.67
114,1,1994,11.39
114,1,1995,11.72
114,1,1996,11.79
114,1,1997,12.19
114,1,1998,11.69
114,1,1999,11.85
114,1,2000,11.92
114,1,2001,11.99
114,1,2002,11.91
114,1,2003,11.87
114,1,2004,11.92
114,1,2005,11.64
114,1,2006,11.49
114,1,2007,11.51
114,1,2008,11.44
114,1,2009,11.35
114,1,2010,11.21
114,1,2011,11.35
114,1,2012,11.48
114,1,2013,11.72
114,1,2014,11.85
114,1,2015,11.91
114,1,2016,12.03
114,1,2017,12.04
114,1,2018,12.18
114,1,2019,12.4
114,1,2020,12.51
114,1,2021,13.11
114,1,2022,13.64
114,1,2023,14.01
114,2,1980,4.75
114,2,1981,4.74
114,2,1982,4.72
114,2,1983,4.69
114,2,1984,4.58
114,2,1985,4.63
114,2,1986,4.54
114,2,1987,4.48
114,2,1988,4.43
114,2,1989,4.37
114,2,1990,4.41
114,2,1991,4.31
114,2,1992,4.43
114,2,1993,4.46
114,2,1994,4.36
114,2,1995,4.43
114,2,1996,4.44
114,2,1997,4.58
114,2,1998,4.4
114,2,1999,4.47
114,2,2000,4.47
114,2,2001,4.51
114,2,2002,4.5
114,2,2003,4.53
114,2,2004,4.6
114,2,2005,4.57
114,2,2006,4.59
114,2,2007,4.67
114,2,2008,4.7
114,2,2009,4.73
114,2,2010,4.75
114,2,2011,4.86
114,2,2012,5
114,2,2013,5.17
114,2,2014,5.23
114,2,2015,5.3
114,2,2016,5.42
114,2,2017,5.5
114,2,2018,5.64
114,2,2019,5.81
114,2,2020,5.76
114,2,2021,6.09
114,2,2022,6.53
114,2,2023,6.77
115,1,1980,24.8
115,1,1981,26.63
115,1,1982,28.18
115,1,1983,28.42
115,1,1984,30.06
115,1,1985,29.03
115,1,1986,28.87
115,1,1987,28.17
115,1,1988,28.54
115,1,1989,28.48
115,1,1990,29.18
115,1,1991,29.56
115,1,1992,28.89
115,1,1993,28.92
115,1,1994,29.36
115,1,1995,30.41
115,1,1996,30.69
115,1,1997,30.97
115,1,1998,31.91
115,1,1999,32.09
115,1,2000,33.36
115,1,2001,32.88
115,1,2002,31.1
115,1,2003,30.58
115,1,2004,28.87
115,1,2005,27.77
115,1,2006,28.38
115,1,2007,28.59
115,1,2008,31.23
115,1,2009,28.18
115,1,2010,27.18
115,1,2011,26.51
115,1,2012,27.97
115,1,2013,27.81
115,1,2014,27.38
115,1,2015,28.75
115,1,2016,29.3
115,1,2017,29.85
115,1,2018,29.91
115,1,2019,29.74
115,1,2020,30.21
115,1,2021,31.17
115,1,2022,29.99
115,1,2023,27.9
115,2,1980,6.16
115,2,1981,6.04
115,2,1982,6.02
115,2,1983,6.38
115,2,1984,6.78
115,2,1985,6.67
115,2,1986,6.5
115,2,1987,6.37
115,2,1988,6.28
115,2,1989,6.36
115,2,1990,6.62
115,2,1991,6.85
115,2,1992,6.83
115,2,1993,6.87
115,2,1994,6.95
115,2,1995,7.02
115,2,1996,6.8
115,2,1997,6.79
115,2,1998,6.92
115,2,1999,7.03
115,2,2000,7.23
115,2,2001,7.24
115,2,2002,7.21
115,2,2003,7.16
115,2,2004,7.22
115,2,2005,7.08
115,2,2006,7.4
115,2,2007,7.37
115,2,2008,7.34
115,2,2009,7.17
115,2,2010,7.41
115,2,2011,7.78
115,2,2012,7.52
115,2,2013,8.02
115,2,2014,8.04
115,2,2015,8.16
115,2,2016,8.19
115,2,2017,8.18
115,2,2018,8.17
115,2,2019,8.2
115,2,2020,8.21
115,2,2021,8.47
115,2,2022,8.34
115,2,2023,8.56
116,1,1980,21.01
116,1,1981,21.25
116,1,1982,21.61
116,1,1983,21.93
116,1,1984,21.89
116,1,1985,22.15
116,1,1986,22.05
116,1,1987,22.43
116,1,1988,22.12
116,1,1989,22.33
116,1,1990,22.46
116,1,1991,22.1
116,1,1992,20.69
116,1,1993,18.77
116,1,1994,18.25
116,1,1995,19.05
116,1,1996,18.98
116,1,1997,17.89
116,1,1998,17.72
116,1,1999,17.54
116,1,2000,17.43
116,1,2001,16.8
116,1,2002,16.82
116,1,2003,17.41
116,1,2004,17.39
116,1,2005,17.23
116,1,2006,17.02
116,1,2007,17.07
116,1,2008,17.11
116,1,2009,16.43
116,1,2010,16.01
116,1,2011,15.56
116,1,2012,15.16
116,1,2013,15.17
116,1,2014,14.32
116,1,2015,14.47
116,1,2016,13.77
116,1,2017,13.23
116,1,2018,12.72
116,1,2019,11.77
116,1,2020,11.92
116,1,2021,12.09
116,1,2022,11.65
116,1,2023,11.56
116,2,1980,7.31
116,2,1981,7.24
116,2,1982,7.29
116,2,1983,7.28
116,2,1984,7.17
116,2,1985,6.83
116,2,1986,6.87
116,2,1987,7.17
116,2,1988,7.23
116,2,1989,7.29
116,2,1990,7.41
116,2,1991,7.48
116,2,1992,7.48
116,2,1993,6.99
116,2,1994,6.59
116,2,1995,6.72
116,2,1996,6.66
116,2,1997,6.6
116,2,1998,6.37
116,2,1999,6.37
116,2,2000,6.59
116,2,2001,6.47
116,2,2002,6.75
116,2,2003,6.74
116,2,2004,6.71
116,2,2005,6.45
116,2,2006,6.56
116,2,2007,6.57
116,2,2008,6.66
116,2,2009,6.4
116,2,2010,6.41
116,2,2011,6.48
116,2,2012,6.43
116,2,2013,6.31
116,2,2014,6.17
116,2,2015,6.22
116,2,2016,6.1
116,2,2017,5.82
116,2,2018,5.9
116,2,2019,5.86
116,2,2020,5.9
116,2,2021,6.18
116,2,2022,6.25
116,2,2023,6.61
117,1,1980,15.08
117,1,1981,15.05
117,1,1982,14.94
117,1,1983,14.73
117,1,1984,14.74
117,1,1985,14.76
117,1,1986,15
117,1,1987,14.51
117,1,1988,14.76
117,1,1989,15.37
117,1,1990,16.37
117,1,1991,16.44
117,1,1992,15.94
117,1,1993,14.57
117,1,1994,14.23
117,1,1995,14.92
117,1,1996,14.23
117,1,1997,13.88
117,1,1998,14.39
117,1,1999,14.46
117,1,2000,14.72
117,1,2001,14.7
117,1,2002,14.65
117,1,2003,14.66
117,1,2004,14.07
117,1,2005,13.39
117,1,2006,13.42
117,1,2007,13.37
117,1,2008,12.99
117,1,2009,13.02
117,1,2010,12.55
117,1,2011,12.31
117,1,2012,12.61
117,1,2013,12.56
117,1,2014,11.73
117,1,2015,12.02
117,1,2016,11.81
117,1,2017,11.59
117,1,2018,11.54
117,1,2019,11.39
117,1,2020,11.01
117,1,2021,9.32
117,1,2022,9.31
117,1,2023,8.89
117,2,1980,5.44
117,2,1981,5.48
117,2,1982,5.54
117,2,1983,5.55
117,2,1984,5.61
117,2,1985,5.47
117,2,1986,5.46
117,2,1987,5.41
117,2,1988,5.57
117,2,1989,5.75
117,2,1990,6.06
117,2,1991,6.28
117,2,1992,6.24
117,2,1993,5.79
117,2,1994,5.75
117,2,1995,5.87
117,2,1996,5.79
117,2,1997,6.02
117,2,1998,6.02
117,2,1999,6.01
117,2,2000,6.46
117,2,2001,6.42
117,2,2002,6.86
117,2,2003,6.93
117,2,2004,6.76
117,2,2005,6.79
117,2,2006,6.78
117,2,2007,6.69
117,2,2008,6.68
117,2,2009,6.79
117,2,2010,6.97
117,2,2011,7.3
117,2,2012,7.42
117,2,2013,7.43
117,2,2014,7.11
117,2,2015,7.08
117,2,2016,7.04
117,2,2017,6.98
117,2,2018,7.06
117,2,2019,7.42
117,2,2020,6.99
117,2,2021,5.94
117,2,2022,6.12
117,2,2023,6.43
118,1,1980,17.73
118,1,1981,18.39
118,1,1982,18.48
118,1,1983,18.64
118,1,1984,18.8
118,1,1985,19.46
118,1,1986,20.48
118,1,1987,21.05
118,1,1988,21.05
118,1,1989,20.28
118,1,1990,20.75
118,1,1991,20.7
118,1,1992,20.73
118,1,1993,19.8
118,1,1994,20.33
118,1,1995,22.6
118,1,1996,22.89
118,1,1997,22.54
118,1,1998,21.99
118,1,1999,21.73
118,1,2000,21.58
118,1,2001,21.68
118,1,2002,21.7
118,1,2003,21.35
118,1,2004,21.34
118,1,2005,21.19
118,1,2006,21.4
118,1,2007,21.41
118,1,2008,21.43
118,1,2009,21.48
118,1,2010,20.74
118,1,2011,20.68
118,1,2012,21
118,1,2013,20.71
118,1,2014,20.67
118,1,2015,19.98
118,1,2016,19.8
118,1,2017,19.61
118,1,2018,19.35
118,1,2019,19.24
118,1,2020,19.06
118,1,2021,21.1
118,1,2022,18.1
118,1,2023,17.65
118,2,1980,6.37
118,2,1981,6.38
118,2,1982,6.45
118,2,1983,6.53
118,2,1984,6.59
118,2,1985,6.67
118,2,1986,6.77
118,2,1987,6.87
118,2,1988,6.97
118,2,1989,6.97
118,2,1990,7.06
118,2,1991,7.09
118,2,1992,7.17
118,2,1993,7.15
118,2,1994,7.29
118,2,1995,7.59
118,2,1996,7.83
118,2,1997,7.92
118,2,1998,7.94
118,2,1999,7.92
118,2,2000,7.67
118,2,2001,7.65
118,2,2002,7.92
118,2,2003,8.08
118,2,2004,8.21
118,2,2005,8.32
118,2,2006,8.55
118,2,2007,8.7
118,2,2008,8.83
118,2,2009,8.98
118,2,2010,9.12
118,2,2011,9.33
118,2,2012,9.51
118,2,2013,9.51
118,2,2014,9.48
118,2,2015,9.45
118,2,2016,9.42
118,2,2017,9.36
118,2,2018,9.32
118,2,2019,9.4
118,2,2020,9.41
118,2,2021,10.21
118,2,2022,9.44
118,2,2023,9.45
119,1,1980,20.76
119,1,1981,20.96
119,1,1982,22.4
119,1,1983,22.66
119,1,1984,23.13
119,1,1985,23.37
119,1,1986,24.67
119,1,1987,25.05
119,1,1988,25.07
119,1,1989,22.42
119,1,1990,22.18
119,1,1991,21.92
119,1,1992,22.15
119,1,1993,20.44
119,1,1994,19.34
119,1,1995,20.63
119,1,1996,20.78
119,1,1997,20.08
119,1,1998,20.04
119,1,1999,19.43
119,1,2000,20.09
119,1,2001,19.83
119,1,2002,19.55
119,1,2003,19.75
119,1,2004,19.46
119,1,2005,18.54
119,1,2006,18.86
119,1,2007,18.33
119,1,2008,18.02
119,1,2009,18.44
119,1,2010,17.7
119,1,2011,17.23
119,1,2012,17.25
119,1,2013,17.27
119,1,2014,17.47
119,1,2015,17.03
119,1,2016,16.77
119,1,2017,16.83
119,1,2018,16.61
119,1,2019,16.96
119,1,2020,17.74
119,1,2021,19.89
119,1,2022,19.44
119,1,2023,17.46
119,2,1980,6.03
119,2,1981,5.63
119,2,1982,5.73
119,2,1983,5.83
119,2,1984,5.85
119,2,1985,5.89
119,2,1986,6.19
119,2,1987,5.98
119,2,1988,5.83
119,2,1989,5.76
119,2,1990,5.79
119,2,1991,6.03
119,2,1992,6.08
119,2,1993,5.67
119,2,1994,5.39
119,2,1995,5.71
119,2,1996,5.64
119,2,1997,5.8
119,2,1998,5.61
119,2,1999,5.52
119,2,2000,5.6
119,2,2001,5.54
119,2,2002,5.64
119,2,2003,5.64
119,2,2004,5.3
119,2,2005,5.36
119,2,2006,5.47
119,2,2007,5.67
119,2,2008,5.75
119,2,2009,5.68
119,2,2010,5.67
119,2,2011,5.69
119,2,2012,5.48
119,2,2013,5.52
119,2,2014,5.59
119,2,2015,5.43
119,2,2016,5.4
119,2,2017,5.42
119,2,2018,5.44
119,2,2019,5.46
119,2,2020,5.49
119,2,2021,5.76
119,2,2022,5.78
119,2,2023,6
121,1,1980,17.31
121,1,1981,17.06
121,1,1982,16.8
121,1,1983,16.34
121,1,1984,16.26
121,1,1985,16.16
121,1,1986,16.09
121,1,1987,16.03
121,1,1988,15.95
121,1,1989,16.14
121,1,1990,16.23
121,1,1991,16.52
121,1,1992,16.83
121,1,1993,17.08
121,1,1994,17.37
121,1,1995,17.41
121,1,1996,17.63
121,1,1997,17.55
121,1,1998,17.49
121,1,1999,17.54
121,1,2000,17.5
121,1,2001,17.69
121,1,2002,17.88
121,1,2003,18.08
121,1,2004,18.32
121,1,2005,18.63
121,1,2006,18.64
121,1,2007,18.46
121,1,2008,18.22
121,1,2009,17.93
121,1,2010,17.89
121,1,2011,17.92
121,1,2012,18.16
121,1,2013,18.32
121,1,2014,18.54
121,1,2015,18.69
121,1,2016,18.99
121,1,2017,19.17
121,1,2018,19.48
121,1,2019,19.82
121,1,2020,29.22
121,1,2021,27.13
121,1,2022,22.35
121,1,2023,21.77
121,2,1980,6.45
121,2,1981,6.35
121,2,1982,6.2
121,2,1983,6.05
121,2,1984,5.94
121,2,1985,5.87
121,2,1986,5.82
121,2,1987,5.77
121,2,1988,5.79
121,2,1989,5.85
121,2,1990,5.92
121,2,1991,6.02
121,2,1992,6.11
121,2,1993,6.18
121,2,1994,6.29
121,2,1995,6.42
121,2,1996,6.6
121,2,1997,6.7
121,2,1998,6.85
121,2,1999,6.97
121,2,2000,7.07
121,2,2001,7.19
121,2,2002,7.25
121,2,2003,7.39
121,2,2004,7.56
121,2,2005,7.69
121,2,2006,7.81
121,2,2007,7.83
121,2,2008,7.84
121,2,2009,7.85
121,2,2010,7.94
121,2,2011,8.08
121,2,2012,8.25
121,2,2013,8.36
121,2,2014,8.41
121,2,2015,8.55
121,2,2016,8.77
121,2,2017,8.91
121,2,2018,9.12
121,2,2019,9.3
121,2,2020,9.28
121,2,2021,8.98
121,2,2022,9.47
121,2,2023,9.53
122,1,1980,9.63
122,1,1981,10.05
122,1,1982,10.99
122,1,1983,11.98
122,1,1984,11.71
122,1,1985,12.34
122,1,1986,12.71
122,1,1987,12.88
122,1,1988,12.83
122,1,1989,13.22
122,1,1990,14.06
122,1,1991,14.42
122,1,1992,14.79
122,1,1993,14.77
122,1,1994,14.97
122,1,1995,15.88
122,1,1996,15.6
122,1,1997,15.44
122,1,1998,15.14
122,1,1999,14.1
122,1,2000,14.72
122,1,2001,15.18
122,1,2002,15.64
122,1,2003,15.09
122,1,2004,14.71
122,1,2005,14.78
122,1,2006,14.68
122,1,2007,14.21
122,1,2008,13.71
122,1,2009,13.22
122,1,2010,12.61
122,1,2011,12.05
122,1,2012,11.33
122,1,2013,10.08
122,1,2014,9.52
122,1,2015,8.73
122,1,2016,8.22
122,1,2017,8.32
122,1,2018,8.38
122,1,2019,8.76
122,1,2020,7.72
122,1,2021,7.47
122,1,2022,7.48
122,1,2023,6.98
122,2,1980,4.92
122,2,1981,5.46
122,2,1982,5.68
122,2,1983,5.48
122,2,1984,5.85
122,2,1985,5.84
122,2,1986,6.29
122,2,1987,6.41
122,2,1988,6.58
122,2,1989,6.89
122,2,1990,6.84
122,2,1991,7.18
122,2,1992,7.3
122,2,1993,7.74
122,2,1994,8.84
122,2,1995,9.86
122,2,1996,9.79
122,2,1997,9.39
122,2,1998,8.92
122,2,1999,7.96
122,2,2000,8.06
122,2,2001,8.48
122,2,2002,8.5
122,2,2003,8.3
122,2,2004,8.72
122,2,2005,8.83
122,2,2006,8.27
122,2,2007,8.47
122,2,2008,8.15
122,2,2009,7.98
122,2,2010,7.68
122,2,2011,7.83
122,2,2012,7.46
122,2,2013,6.96
122,2,2014,6.83
122,2,2015,6.12
122,2,2016,6.1
122,2,2017,6.16
122,2,2018,5.89
122,2,2019,6.22
122,2,2020,5.8
122,2,2021,5.6
122,2,2022,5.64
122,2,2023,5.74
123,1,1980,13
123,1,1981,13.23
123,1,1982,14.14
123,1,1983,14.78
123,1,1984,16.59
123,1,1985,17.07
123,1,1986,17.5
123,1,1987,17.47
123,1,1988,16.67
123,1,1989,16.05
123,1,1990,14.58
123,1,1991,15.66
123,1,1992,16.2
123,1,1993,16.76
123,1,1994,17.32
123,1,1995,17.79
123,1,1996,18.27
123,1,1997,17.11
123,1,1998,16.01
123,1,1999,14.57
123,1,2000,13.78
123,1,2001,13.25
123,1,2002,13.08
123,1,2003,13.39
123,1,2004,13.53
123,1,2005,13.25
123,1,2006,12.68
123,1,2007,12.52
123,1,2008,12.45
123,1,2009,12.07
123,1,2010,11.71
123,1,2011,11.24
123,1,2012,10.86
123,1,2013,10.36
123,1,2014,9.94
123,1,2015,9.42
123,1,2016,9.41
123,1,2017,9.87
123,1,2018,10.18
123,1,2019,10.3
123,1,2020,11.18
123,1,2021,12.73
123,1,2022,11.58
123,1,2023,11.73
123,2,1980,6.38
123,2,1981,6.22
123,2,1982,6.83
123,2,1983,7.56
123,2,1984,8.18
123,2,1985,8.47
123,2,1986,8.84
123,2,1987,8.92
123,2,1988,8.68
123,2,1989,8.54
123,2,1990,8.4
123,2,1991,8.74
123,2,1992,8.93
123,2,1993,9.44
123,2,1994,9.82
123,2,1995,10.28
123,2,1996,10.79
123,2,1997,10.3
123,2,1998,10
123,2,1999,9.21
123,2,2000,8.98
123,2,2001,8.82
123,2,2002,8.8
123,2,2003,9.13
123,2,2004,9.36
123,2,2005,9.19
123,2,2006,8.99
123,2,2007,9.14
123,2,2008,9.34
123,2,2009,9.26
123,2,2010,9.14
123,2,2011,8.96
123,2,2012,8.76
123,2,2013,8.5
123,2,2014,8.21
123,2,2015,7.98
123,2,2016,8.19
123,2,2017,8.69
123,2,2018,9.02
123,2,2019,9.08
123,2,2020,8.85
123,2,2021,11.3
123,2,2022,10.4
123,2,2023,10.61
125,1,1980,17.59
125,1,1981,18.72
125,1,1982,19.17
125,1,1983,19.67
125,1,1984,20.39
125,1,1985,20.75
125,1,1986,21.71
125,1,1987,21.42
125,1,1988,20.56
125,1,1989,20.39
125,1,1990,20.43
125,1,1991,20.38
125,1,1992,20.36
125,1,1993,19.99
125,1,1994,19.86
125,1,1995,19.75
125,1,1996,19.21
125,1,1997,18.68
125,1,1998,17.58
125,1,1999,17.68
125,1,2000,17.53
125,1,2001,17.46
125,1,2002,17.62
125,1,2003,17.58
125,1,2004,17.93
125,1,2005,18.05
125,1,2006,17.93
125,1,2007,17.7
125,1,2008,17.21
125,1,2009,16.95
125,1,2010,16.63
125,1,2011,16.54
125,1,2012,15.84
125,1,2013,16.27
125,1,2014,16.35
125,1,2015,15.98
125,1,2016,15.66
125,1,2017,15.53
125,1,2018,14.69
125,1,2019,13.74
125,1,2020,13.42
125,1,2021,12.37
125,1,2022,12.16
125,1,2023,11.87
125,2,1980,10.15
125,2,1981,10.61
125,2,1982,10.77
125,2,1983,11.09
125,2,1984,11.22
125,2,1985,11.43
125,2,1986,11.74
125,2,1987,11.62
125,2,1988,11.34
125,2,1989,11.25
125,2,1990,11.14
125,2,1991,11.48
125,2,1992,11.37
125,2,1993,11.07
125,2,1994,10.7
125,2,1995,10.93
125,2,1996,10.96
125,2,1997,10.31
125,2,1998,9.64
125,2,1999,9.94
125,2,2000,9.77
125,2,2001,9.66
125,2,2002,9.79
125,2,2003,9.99
125,2,2004,9.97
125,2,2005,9.91
125,2,2006,9.8
125,2,2007,9.59
125,2,2008,9.47
125,2,2009,9.45
125,2,2010,9.53
125,2,2011,9.39
125,2,2012,9.39
125,2,2013,9.3
125,2,2014,9.51
125,2,2015,9.52
125,2,2016,9.27
125,2,2017,9.15
125,2,2018,8.92
125,2,2019,8.26
125,2,2020,7.77
125,2,2021,7.68
125,2,2022,7.62
125,2,2023,7.59
126,1,1980,18.81
126,1,1981,20.13
126,1,1982,19.25
126,1,1983,19.03
126,1,1984,19.25
126,1,1985,18.75
126,1,1986,18.21
126,1,1987,18.66
126,1,1988,19.24
126,1,1989,18.67
126,1,1990,18.8
126,1,1991,17.78
126,1,1992,17.88
126,1,1993,18.16
126,1,1994,18.1
126,1,1995,17.48
126,1,1996,18.24
126,1,1997,16.93
126,1,1998,16.1
126,1,1999,16.49
126,1,2000,16.35
126,1,2001,16.07
126,1,2002,15.51
126,1,2003,15.2
126,1,2004,14.78
126,1,2005,14.72
126,1,2006,13.97
126,1,2007,13.72
126,1,2008,13.21
126,1,2009,13.08
126,1,2010,13.32
126,1,2011,13.86
126,1,2012,13.29
126,1,2013,12.85
126,1,2014,12.23
126,1,2015,11.95
126,1,2016,11.46
126,1,2017,11.31
126,1,2018,11.16
126,1,2019,10.5
126,1,2020,10.69
126,1,2021,9.86
126,1,2022,10.43
126,1,2023,11.3
126,2,1980,8.21
126,2,1981,8.5
126,2,1982,7.97
126,2,1983,7.5
126,2,1984,7.63
126,2,1985,7.75
126,2,1986,7.7
126,2,1987,7.99
126,2,1988,7.52
126,2,1989,7.78
126,2,1990,7.17
126,2,1991,7.11
126,2,1992,7.22
126,2,1993,7.18
126,2,1994,6.98
126,2,1995,7.28
126,2,1996,7.46
126,2,1997,7.24
126,2,1998,6.67
126,2,1999,6.86
126,2,2000,7.02
126,2,2001,6.62
126,2,2002,6.47
126,2,2003,6.72
126,2,2004,6.76
126,2,2005,6.51
126,2,2006,5.97
126,2,2007,5.84
126,2,2008,5.74
126,2,2009,5.78
126,2,2010,5.8
126,2,2011,5.87
126,2,2012,5.79
126,2,2013,5.84
126,2,2014,5.82
126,2,2015,5.83
126,2,2016,5.66
126,2,2017,5.5
126,2,2018,5.51
126,2,2019,5.22
126,2,2020,4.86
126,2,2021,5.04
126,2,2022,5.5
126,2,2023,5.84
127,1,1980,12.48
127,1,1981,11.21
127,1,1982,11.71
127,1,1983,11.5
127,1,1984,11.51
127,1,1985,11.16
127,1,1986,11.13
127,1,1987,10.92
127,1,1988,10.93
127,1,1989,11.21
127,1,1990,11.4
127,1,1991,11.72
127,1,1992,11.76
127,1,1993,11.62
127,1,1994,11.47
127,1,1995,11.42
127,1,1996,11.67
127,1,1997,11.8
127,1,1998,11.67
127,1,1999,12.02
127,1,2000,12.17
127,1,2001,12.35
127,1,2002,12.51
127,1,2003,12.29
127,1,2004,12.1
127,1,2005,12.12
127,1,2006,12.07
127,1,2007,12.12
127,1,2008,12.17
127,1,2009,11.9
127,1,2010,11.69
127,1,2011,11.43
127,1,2012,12.4
127,1,2013,12.61
127,1,2014,12.74
127,1,2015,12.62
127,1,2016,12.45
127,1,2017,12.78
127,1,2018,13.04
127,1,2019,13.59
127,1,2020,14.48
127,1,2021,15.53
127,1,2022,15.01
127,1,2023,15.07
127,2,1980,7.96
127,2,1981,8.14
127,2,1982,8.38
127,2,1983,8.31
127,2,1984,8.34
127,2,1985,8.16
127,2,1986,7.93
127,2,1987,7.71
127,2,1988,7.58
127,2,1989,7.76
127,2,1990,7.6
127,2,1991,7.72
127,2,1992,7.62
127,2,1993,7.65
127,2,1994,7.67
127,2,1995,7.88
127,2,1996,8.05
127,2,1997,8.14
127,2,1998,8.13
127,2,1999,8.11
127,2,2000,8.25
127,2,2001,8.4
127,2,2002,8.39
127,2,2003,8.5
127,2,2004,8.5
127,2,2005,8.48
127,2,2006,8.41
127,2,2007,8.4
127,2,2008,8.38
127,2,2009,8.25
127,2,2010,8.18
127,2,2011,8.15
127,2,2012,8.46
127,2,2013,8.6
127,2,2014,8.7
127,2,2015,8.63
127,2,2016,8.43
127,2,2017,8.43
127,2,2018,8.65
127,2,2019,9.01
127,2,2020,9.37
127,2,2021,10.22
127,2,2022,10.6
127,2,2023,11.01
128,1,1980,9.89
128,1,1981,9.82
128,1,1982,8.98
128,1,1983,7.79
128,1,1984,7.77
128,1,1985,8.58
128,1,1986,9.77
128,1,1987,10.08
128,1,1988,9.92
128,1,1989,10.82
128,1,1990,11.48
128,1,1991,12.07
128,1,1992,11.81
128,1,1993,11.69
128,1,1994,12.26
128,1,1995,11.39
128,1,1996,11
128,1,1997,12
128,1,1998,11.45
128,1,1999,12.24
128,1,2000,12.11
128,1,2001,11.78
128,1,2002,11.65
128,1,2003,11.56
128,1,2004,11.41
128,1,2005,11.23
128,1,2006,10.24
128,1,2007,10.29
128,1,2008,9.82
128,1,2009,9.41
128,1,2010,9.03
128,1,2011,8.44
128,1,2012,8.13
128,1,2013,7.78
128,1,2014,7.37
128,1,2015,7.46
128,1,2016,7.3
128,1,2017,7.21
128,1,2018,7.34
128,1,2019,7.19
128,1,2020,7.29
128,1,2021,7.17
128,1,2022,6.52
128,1,2023,6.67
128,2,1980,7.08
128,2,1981,6.86
128,2,1982,7
128,2,1983,7.31
128,2,1984,8.09
128,2,1985,7.56
128,2,1986,7.48
128,2,1987,7.58
128,2,1988,7.31
128,2,1989,7.65
128,2,1990,7.81
128,2,1991,8.22
128,2,1992,8.82
128,2,1993,9.33
128,2,1994,9.31
128,2,1995,8.94
128,2,1996,7.99
128,2,1997,8
128,2,1998,7.65
128,2,1999,8.16
128,2,2000,7.91
128,2,2001,8.06
128,2,2002,7.7
128,2,2003,7.89
128,2,2004,7.97
128,2,2005,7.56
128,2,2006,7.22
128,2,2007,7.07
128,2,2008,6.89
128,2,2009,6.82
128,2,2010,6.53
128,2,2011,6.31
128,2,2012,5.84
128,2,2013,5.74
128,2,2014,5.68
128,2,2015,5.59
128,2,2016,5.7
128,2,2017,5.76
128,2,2018,5.81
128,2,2019,5.76
128,2,2020,5.6
128,2,2021,5.67
128,2,2022,5.53
128,2,2023,5.35
129,1,1980,14.4
129,1,1981,13.57
129,1,1982,12.92
129,1,1983,12.85
129,1,1984,12.53
129,1,1985,12.08
129,1,1986,12.03
129,1,1987,11.96
129,1,1988,11.48
129,1,1989,11.73
129,1,1990,11.87
129,1,1991,12.09
129,1,1992,12.29
129,1,1993,12.51
129,1,1994,12.65
129,1,1995,12.74
129,1,1996,12.77
129,1,1997,12.89
129,1,1998,12.94
129,1,1999,13
129,1,2000,13.07
129,1,2001,13.03
129,1,2002,12.93
129,1,2003,12.79
129,1,2004,12.61
129,1,2005,12.39
129,1,2006,12.12
129,1,2007,11.85
129,1,2008,11.57
129,1,2009,11.31
129,1,2010,11.09
129,1,2011,11.09
129,1,2012,11.57
129,1,2013,11.62
129,1,2014,11.6
129,1,2015,11.65
129,1,2016,11.38
129,1,2017,11.39
129,1,2018,11.51
129,1,2019,11.64
129,1,2020,11.4
129,1,2021,12.24
129,1,2022,12.51
129,1,2023,12.88
129,2,1980,10.79
129,2,1981,9.82
129,2,1982,9.38
129,2,1983,9.27
129,2,1984,8.89
129,2,1985,8.58
129,2,1986,8.3
129,2,1987,8.7
129,2,1988,8.59
129,2,1989,8.62
129,2,1990,8.91
129,2,1991,9.32
129,2,1992,9.39
129,2,1993,9.68
129,2,1994,9.87
129,2,1995,9.83
129,2,1996,10.22
129,2,1997,10.22
129,2,1998,10.24
129,2,1999,10.29
129,2,2000,10.39
129,2,2001,10.48
129,2,2002,10.51
129,2,2003,10.57
129,2,2004,10.55
129,2,2005,10.49
129,2,2006,10.44
129,2,2007,10.44
129,2,2008,10.46
129,2,2009,10.46
129,2,2010,10.52
129,2,2011,10.7
129,2,2012,10.81
129,2,2013,10.88
129,2,2014,10.95
129,2,2015,11.06
129,2,2016,11.04
129,2,2017,11.05
129,2,2018,11.15
129,2,2019,11.29
129,2,2020,10.76
129,2,2021,11.8
129,2,2022,12.24
129,2,2023,12.39
130,1,1980,18.99
130,1,1981,19.55
130,1,1982,19.61
130,1,1983,20.27
130,1,1984,20.65
130,1,1985,20.99
130,1,1986,21.1
130,1,1987,21.48
130,1,1988,21.57
130,1,1989,21.76
130,1,1990,21.28
130,1,1991,21.2
130,1,1992,21.46
130,1,1993,21.87
130,1,1994,21.44
130,1,1995,21.39
130,1,1996,20.78
130,1,1997,20.53
130,1,1998,19.88
130,1,1999,19.33
130,1,2000,18.54
130,1,2001,18.08
130,1,2002,17.8
130,1,2003,17.28
130,1,2004,16.97
130,1,2005,16.68
130,1,2006,15.71
130,1,2007,14.82
130,1,2008,14.33
130,1,2009,13.38
130,1,2010,12.99
130,1,2011,12.78
130,1,2012,12.03
130,1,2013,11.51
130,1,2014,11.13
130,1,2015,10.85
130,1,2016,10.57
130,1,2017,10.39
130,1,2018,9.92
130,1,2019,9.47
130,1,2020,9.18
130,1,2021,8.77
130,1,2022,8.22
130,1,2023,7.94
130,2,1980,8.49
130,2,1981,8.48
130,2,1982,8.37
130,2,1983,8.78
130,2,1984,8.93
130,2,1985,9.01
130,2,1986,8.97
130,2,1987,8.75
130,2,1988,8.71
130,2,1989,8.49
130,2,1990,8.49
130,2,1991,8.52
130,2,1992,8.57
130,2,1993,8.46
130,2,1994,8.67
130,2,1995,8.55
130,2,1996,8.57
130,2,1997,8.57
130,2,1998,8.15
130,2,1999,7.79
130,2,2000,7.54
130,2,2001,7.3
130,2,2002,7.32
130,2,2003,7.2
130,2,2004,7.1
130,2,2005,6.94
130,2,2006,6.75
130,2,2007,6.6
130,2,2008,6.39
130,2,2009,6.08
130,2,2010,6.17
130,2,2011,6.04
130,2,2012,5.7
130,2,2013,5.6
130,2,2014,5.55
130,2,2015,5.49
130,2,2016,5.49
130,2,2017,5.51
130,2,2018,5.44
130,2,2019,5.24
130,2,2020,5.04
130,2,2021,5.15
130,2,2022,4.82
130,2,2023,4.78
131,1,1980,11.92
131,1,1981,11.87
131,1,1982,11.74
131,1,1983,11.59
131,1,1984,11.36
131,1,1985,11.12
131,1,1986,10.76
131,1,1987,10.04
131,1,1988,10.12
131,1,1989,10.23
131,1,1990,10.02
131,1,1991,9.65
131,1,1992,9.92
131,1,1993,10.17
131,1,1994,10.31
131,1,1995,10.29
131,1,1996,10.15
131,1,1997,10.09
131,1,1998,10.54
131,1,1999,9.77
131,1,2000,9.77
131,1,2001,9.52
131,1,2002,9.43
131,1,2003,9.35
131,1,2004,9.39
131,1,2005,9.38
131,1,2006,9.46
131,1,2007,9.42
131,1,2008,9.38
131,1,2009,9.41
131,1,2010,9.45
131,1,2011,9.47
131,1,2012,9.41
131,1,2013,9.42
131,1,2014,9.44
131,1,2015,9.5
131,1,2016,9.27
131,1,2017,9.34
131,1,2018,9.54
131,1,2019,10.21
131,1,2020,10.65
131,1,2021,10.65
131,1,2022,9.38
131,1,2023,8.25
131,2,1980,5.39
131,2,1981,5.26
131,2,1982,5.11
131,2,1983,5.13
131,2,1984,5.09
131,2,1985,5.04
131,2,1986,4.97
131,2,1987,4.86
131,2,1988,4.76
131,2,1989,4.74
131,2,1990,4.77
131,2,1991,4.69
131,2,1992,4.73
131,2,1993,4.85
131,2,1994,4.87
131,2,1995,4.82
131,2,1996,4.75
131,2,1997,4.63
131,2,1998,5.08
131,2,1999,4.55
131,2,2000,4.63
131,2,2001,4.68
131,2,2002,4.78
131,2,2003,4.93
131,2,2004,4.98
131,2,2005,5.04
131,2,2006,5.09
131,2,2007,5.22
131,2,2008,5.34
131,2,2009,5.43
131,2,2010,5.47
131,2,2011,5.49
131,2,2012,5.51
131,2,2013,5.55
131,2,2014,5.64
131,2,2015,5.63
131,2,2016,5.59
131,2,2017,5.59
131,2,2018,5.69
131,2,2019,6.05
131,2,2020,6.03
131,2,2021,6.36
131,2,2022,5.94
131,2,2023,5.32
132,1,1980,22.33
132,1,1981,21.29
132,1,1982,21.8
132,1,1983,21.67
132,1,1984,21.86
132,1,1985,21.43
132,1,1986,22.34
132,1,1987,21.83
132,1,1988,21.87
132,1,1989,21.49
132,1,1990,21.56
132,1,1991,21.41
132,1,1992,21.28
132,1,1993,20.46
132,1,1994,20.28
132,1,1995,19.96
132,1,1996,20.21
132,1,1997,19.14
132,1,1998,18.78
132,1,1999,18.29
132,1,2000,17.56
132,1,2001,17.82
132,1,2002,17.65
132,1,2003,17.95
132,1,2004,17.89
132,1,2005,17.85
132,1,2006,17.57
132,1,2007,17.24
132,1,2008,16.98
132,1,2009,16.08
132,1,2010,16.05
132,1,2011,16.01
132,1,2012,15.33
132,1,2013,15.08
132,1,2014,14.56
132,1,2015,14.23
132,1,2016,13.35
132,1,2017,12.97
132,1,2018,12.5
132,1,2019,12.64
132,1,2020,11.74
132,1,2021,10.15
132,1,2022,10.25
132,1,2023,10.42
132,2,1980,7.01
132,2,1981,6.7
132,2,1982,7.05
132,2,1983,7.1
132,2,1984,7.21
132,2,1985,7.35
132,2,1986,7.57
132,2,1987,7.5
132,2,1988,7
132,2,1989,7.07
132,2,1990,6.99
132,2,1991,7.02
132,2,1992,7.04
132,2,1993,7.03
132,2,1994,7.09
132,2,1995,7.1
132,2,1996,7.22
132,2,1997,7.11
132,2,1998,6.47
132,2,1999,6.47
132,2,2000,6.77
132,2,2001,6.58
132,2,2002,6.92
132,2,2003,7.13
132,2,2004,7.4
132,2,2005,7.35
132,2,2006,7
132,2,2007,6.61
132,2,2008,6.73
132,2,2009,6.65
132,2,2010,6.53
132,2,2011,6.62
132,2,2012,6.5
132,2,2013,6.95
132,2,2014,6.89
132,2,2015,6.85
132,2,2016,6.43
132,2,2017,6.12
132,2,2018,6
132,2,2019,6.1
132,2,2020,5.46
132,2,2021,4.93
132,2,2022,5.05
132,2,2023,5.14
133,1,1980,28.72
133,1,1981,29.43
133,1,1982,28.98
133,1,1983,28.54
133,1,1984,30.17
133,1,1985,31.7
133,1,1986,32.02
133,1,1987,32.19
133,1,1988,31.25
133,1,1989,30.11
133,1,1990,29.5
133,1,1991,29.17
133,1,1992,28.73
133,1,1993,28.13
133,1,1994,28.52
133,1,1995,27.74
133,1,1996,26.42
133,1,1997,26.96
133,1,1998,26.22
133,1,1999,27.08
133,1,2000,25.87
133,1,2001,26.1
133,1,2002,26.13
133,1,2003,26.37
133,1,2004,27.17
133,1,2005,26.91
133,1,2006,26.88
133,1,2007,26.96
133,1,2008,26.66
133,1,2009,27.12
133,1,2010,26.93
133,1,2011,26.55
133,1,2012,25.5
133,1,2013,25.3
133,1,2014,25.12
133,1,2015,24.47
133,1,2016,23.16
133,1,2017,23.48
133,1,2018,23.35
133,1,2019,24.27
133,1,2020,24.82
133,1,2021,24.9
133,1,2022,24.14
133,1,2023,25.91
133,2,1980,14.06
133,2,1981,14.56
133,2,1982,14.02
133,2,1983,13.45
133,2,1984,14.14
133,2,1985,14.72
133,2,1986,14.53
133,2,1987,14.54
133,2,1988,14.4
133,2,1989,14.73
133,2,1990,14.32
133,2,1991,14.06
133,2,1992,13.79
133,2,1993,13.82
133,2,1994,13.98
133,2,1995,13.7
133,2,1996,13.1
133,2,1997,13.03
133,2,1998,12.6
133,2,1999,13.98
133,2,2000,12.97
133,2,2001,13.27
133,2,2002,13.54
133,2,2003,13.55
133,2,2004,13.62
133,2,2005,13.68
133,2,2006,13.6
133,2,2007,14.2
133,2,2008,14.52
133,2,2009,14.26
133,2,2010,14.07
133,2,2011,14.07
133,2,2012,14.2
133,2,2013,14.37
133,2,2014,14.47
133,2,2015,14.52
133,2,2016,13.7
133,2,2017,13.45
133,2,2018,13.89
133,2,2019,14.39
133,2,2020,14.03
133,2,2021,13.41
133,2,2022,13.22
133,2,2023,12.97
135,1,1980,24.04
135,1,1981,22.74
135,1,1982,22.97
135,1,1983,24.13
135,1,1984,24.77
135,1,1985,24.95
135,1,1986,24.84
135,1,1987,24.65
135,1,1988,25.28
135,1,1989,25.07
135,1,1990,24.93
135,1,1991,24.63
135,1,1992,25
135,1,1993,25.45
135,1,1994,25.26
135,1,1995,25.11
135,1,1996,24.81
135,1,1997,24.67
135,1,1998,24.63
135,1,1999,24.51
135,1,2000,24.69
135,1,2001,24.58
135,1,2002,24.24
135,1,2003,24.26
135,1,2004,24.24
135,1,2005,23.86
135,1,2006,23.42
135,1,2007,23.41
135,1,2008,23.28
135,1,2009,22.86
135,1,2010,22.89
135,1,2011,22.74
135,1,2012,22.29
135,1,2013,22.14
135,1,2014,21.8
135,1,2015,21.64
135,1,2016,21.59
135,1,2017,21
135,1,2018,20.54
135,1,2019,20.29
135,1,2020,19.48
135,1,2021,19.07
135,1,2022,19.21
135,1,2023,18.91
135,2,1980,7.32
135,2,1981,6.93
135,2,1982,7.01
135,2,1983,7.32
135,2,1984,7.48
135,2,1985,7.64
135,2,1986,7.71
135,2,1987,7.94
135,2,1988,8.11
135,2,1989,8.07
135,2,1990,8.25
135,2,1991,8.31
135,2,1992,8.46
135,2,1993,8.57
135,2,1994,8.7
135,2,1995,8.82
135,2,1996,8.81
135,2,1997,8.79
135,2,1998,8.89
135,2,1999,9.17
135,2,2000,9.43
135,2,2001,9.5
135,2,2002,9.53
135,2,2003,9.74
135,2,2004,9.87
135,2,2005,9.93
135,2,2006,10.13
135,2,2007,10.3
135,2,2008,10.46
135,2,2009,10.52
135,2,2010,10.79
135,2,2011,11.03
135,2,2012,11.13
135,2,2013,11.22
135,2,2014,11.38
135,2,2015,11.7
135,2,2016,11.75
135,2,2017,11.67
135,2,2018,11.66
135,2,2019,11.61
135,2,2020,11.25
135,2,2021,11.39
135,2,2022,11.76
135,2,2023,11.78
136,1,1980,17.39
136,1,1981,17.33
136,1,1982,17.53
136,1,1983,17.29
136,1,1984,17.28
136,1,1985,17.49
136,1,1986,17.41
136,1,1987,17.16
136,1,1988,17.13
136,1,1989,17.32
136,1,1990,17.59
136,1,1991,18.24
136,1,1992,18.88
136,1,1993,19.72
136,1,1994,20.73
136,1,1995,21.72
136,1,1996,22.51
136,1,1997,23.62
136,1,1998,24.54
136,1,1999,25.01
136,1,2000,25.59
136,1,2001,25.77
136,1,2002,25.93
136,1,2003,25.84
136,1,2004,26.15
136,1,2005,26.47
136,1,2006,26.54
136,1,2007,26.89
136,1,2008,27.01
136,1,2009,27.19
136,1,2010,27.7
136,1,2011,27.81
136,1,2012,27.81
136,1,2013,27.68
136,1,2014,27.94
136,1,2015,28.16
136,1,2016,28.43
136,1,2017,28.73
136,1,2018,28.73
136,1,2019,28.79
136,1,2020,28.77
136,1,2021,29.37
136,1,2022,27
136,1,2023,27.36
136,2,1980,4.58
136,2,1981,4.63
136,2,1982,4.62
136,2,1983,4.63
136,2,1984,4.64
136,2,1985,4.59
136,2,1986,4.6
136,2,1987,4.56
136,2,1988,4.52
136,2,1989,4.59
136,2,1990,4.62
136,2,1991,4.74
136,2,1992,4.91
136,2,1993,5.11
136,2,1994,5.34
136,2,1995,5.47
136,2,1996,5.65
136,2,1997,5.82
136,2,1998,5.98
136,2,1999,6.08
136,2,2000,6.2
136,2,2001,6.39
136,2,2002,6.63
136,2,2003,6.77
136,2,2004,6.97
136,2,2005,7.19
136,2,2006,7.29
136,2,2007,7.5
136,2,2008,7.53
136,2,2009,7.64
136,2,2010,7.83
136,2,2011,7.96
136,2,2012,8.1
136,2,2013,8.11
136,2,2014,8.24
136,2,2015,8.36
136,2,2016,8.44
136,2,2017,8.49
136,2,2018,8.52
136,2,2019,8.59
136,2,2020,8.51
136,2,2021,8.88
136,2,2022,8.21
136,2,2023,8.46
139,1,1980,10.39
139,1,1981,10.6
139,1,1982,10.83
139,1,1983,11.21
139,1,1984,11.35
139,1,1985,11.84
139,1,1986,11.95
139,1,1987,11.92
139,1,1988,12.06
139,1,1989,12.28
139,1,1990,12.46
139,1,1991,12.72
139,1,1992,12.5
139,1,1993,12.36
139,1,1994,12.24
139,1,1995,12.07
139,1,1996,11.66
139,1,1997,11.3
139,1,1998,10.99
139,1,1999,10.64
139,1,2000,10.26
139,1,2001,9.94
139,1,2002,9.98
139,1,2003,10.08
139,1,2004,10.31
139,1,2005,10.71
139,1,2006,10.72
139,1,2007,10.83
139,1,2008,10.95
139,1,2009,11.13
139,1,2010,11.38
139,1,2011,11.44
139,1,2012,11.57
139,1,2013,11.59
139,1,2014,11.67
139,1,2015,11.74
139,1,2016,11.96
139,1,2017,12.29
139,1,2018,12.56
139,1,2019,12.81
139,1,2020,12.48
139,1,2021,12.53
139,1,2022,13.05
139,1,2023,13.38
139,2,1980,1.55
139,2,1981,1.58
139,2,1982,1.61
139,2,1983,1.67
139,2,1984,1.74
139,2,1985,1.83
139,2,1986,1.88
139,2,1987,1.89
139,2,1988,1.9
139,2,1989,1.92
139,2,1990,1.94
139,2,1991,1.89
139,2,1992,1.88
139,2,1993,1.89
139,2,1994,1.87
139,2,1995,1.86
139,2,1996,1.87
139,2,1997,1.86
139,2,1998,1.88
139,2,1999,1.89
139,2,2000,1.91
139,2,2001,1.92
139,2,2002,1.93
139,2,2003,1.97
139,2,2004,2.03
139,2,2005,2.09
139,2,2006,2.13
139,2,2007,2.18
139,2,2008,2.23
139,2,2009,2.29
139,2,2010,2.35
139,2,2011,2.39
139,2,2012,2.43
139,2,2013,2.46
139,2,2014,2.49
139,2,2015,2.54
139,2,2016,2.58
139,2,2017,2.67
139,2,2018,2.77
139,2,2019,2.86
139,2,2020,2.74
139,2,2021,2.72
139,2,2022,2.8
139,2,2023,2.86
140,1,1980,40.33
140,1,1981,41.11
140,1,1982,41.99
140,1,1983,43.06
140,1,1984,44.37
140,1,1985,47.26
140,1,1986,49.1
140,1,1987,47.31
140,1,1988,46.1
140,1,1989,45.08
140,1,1990,45.24
140,1,1991,43.26
140,1,1992,42.42
140,1,1993,41.86
140,1,1994,41.26
140,1,1995,43.2
140,1,1996,44.18
140,1,1997,44.94
140,1,1998,45.26
140,1,1999,44.67
140,1,2000,46.39
140,1,2001,45.99
140,1,2002,45.7
140,1,2003,44.37
140,1,2004,42.96
140,1,2005,42.13
140,1,2006,41.03
140,1,2007,39.29
140,1,2008,37.28
140,1,2009,35.39
140,1,2010,34.48
140,1,2011,33.26
140,1,2012,32.26
140,1,2013,31.45
140,1,2014,31.03
140,1,2015,32.44
140,1,2016,31.84
140,1,2017,31.6
140,1,2018,32.39
140,1,2019,31.56
140,1,2020,31.6
140,1,2021,33.05
140,1,2022,33.61
140,1,2023,34.98
140,2,1980,11.71
140,2,1981,12
140,2,1982,12.36
140,2,1983,12.9
140,2,1984,13.64
140,2,1985,14.61
140,2,1986,15.61
140,2,1987,15.54
140,2,1988,15.4
140,2,1989,15.34
140,2,1990,15.47
140,2,1991,14.97
140,2,1992,14.85
140,2,1993,14.61
140,2,1994,14.29
140,2,1995,14.52
140,2,1996,14.75
140,2,1997,15
140,2,1998,15.28
140,2,1999,14.97
140,2,2000,15.39
140,2,2001,15.22
140,2,2002,15.12
140,2,2003,15.1
140,2,2004,14.85
140,2,2005,14.64
140,2,2006,14.28
140,2,2007,13.8
140,2,2008,13.41
140,2,2009,13.02
140,2,2010,12.88
140,2,2011,12.55
140,2,2012,12.45
140,2,2013,12.08
140,2,2014,11.71
140,2,2015,11.91
140,2,2016,11.9
140,2,2017,11.82
140,2,2018,11.52
140,2,2019,10.85
140,2,2020,10.28
140,2,2021,10.36
140,2,2022,9.95
140,2,2023,10.46
141,1,1980,7.01
141,1,1981,7.41
141,1,1982,7.76
141,1,1983,7.89
141,1,1984,8.19
141,1,1985,8.85
141,1,1986,9.48
141,1,1987,9.5
141,1,1988,9.2
141,1,1989,9.09
141,1,1990,9.03
141,1,1991,9.16
141,1,1992,9.42
141,1,1993,9.97
141,1,1994,10.35
141,1,1995,10.53
141,1,1996,10.49
141,1,1997,10.7
141,1,1998,11.07
141,1,1999,11.46
141,1,2000,12.08
141,1,2001,13.19
141,1,2002,14.62
141,1,2003,16.81
141,1,2004,18.35
141,1,2005,19.36
141,1,2006,20.33
141,1,2007,21.07
141,1,2008,21.61
141,1,2009,21.99
141,1,2010,21.96
141,1,2011,21.48
141,1,2012,21.81
141,1,2013,21.25
141,1,2014,21.42
141,1,2015,22.4
141,1,2016,21.9
141,1,2017,21.42
141,1,2018,21.74
141,1,2019,21.46
141,1,2020,20.83
141,1,2021,22.69
141,1,2022,26.38
141,1,2023,26.12
141,2,1980,1.69
141,2,1981,1.75
141,2,1982,1.85
141,2,1983,1.92
141,2,1984,2.01
141,2,1985,2.14
141,2,1986,2.32
141,2,1987,2.37
141,2,1988,2.36
141,2,1989,2.36
141,2,1990,2.38
141,2,1991,2.4
141,2,1992,2.51
141,2,1993,2.61
141,2,1994,2.67
141,2,1995,2.71
141,2,1996,2.76
141,2,1997,2.85
141,2,1998,2.99
141,2,1999,3.06
141,2,2000,3.19
141,2,2001,3.5
141,2,2002,3.95
141,2,2003,4.63
141,2,2004,5.19
141,2,2005,5.61
141,2,2006,6.02
141,2,2007,6.32
141,2,2008,6.61
141,2,2009,6.84
141,2,2010,6.93
141,2,2011,7.07
141,2,2012,7.28
141,2,2013,7.01
141,2,2014,7.21
141,2,2015,7.62
141,2,2016,7.56
141,2,2017,7.54
141,2,2018,7.56
141,2,2019,7.47
141,2,2020,7.52
141,2,2021,8.2
141,2,2022,9.83
141,2,2023,9.85
142,1,1980,20.91
142,1,1981,20.74
142,1,1982,20.47
142,1,1983,20.13
142,1,1984,19.88
142,1,1985,19.87
142,1,1986,19.49
142,1,1987,19.16
142,1,1988,18.85
142,1,1989,18.58
142,1,1990,18.58
142,1,1991,18.22
142,1,1992,18.1
142,1,1993,17.94
142,1,1994,17.77
142,1,1995,17.97
142,1,1996,17.78
142,1,1997,17.61
142,1,1998,17.54
142,1,1999,17.52
142,1,2000,17.95
142,1,2001,17.99
142,1,2002,17.85
142,1,2003,18.21
142,1,2004,17.49
142,1,2005,17.39
142,1,2006,17.33
142,1,2007,17.36
142,1,2008,17.39
142,1,2009,17.44
142,1,2010,17.39
142,1,2011,17.35
142,1,2012,17.21
142,1,2013,17.15
142,1,2014,17.16
142,1,2015,17.33
142,1,2016,17.43
142,1,2017,17.41
142,1,2018,17.42
142,1,2019,17.3
142,1,2020,17.48
142,1,2021,16.31
142,1,2022,16.22
142,1,2023,16.34
142,2,1980,8.12
142,2,1981,8.08
142,2,1982,7.93
142,2,1983,7.73
142,2,1984,7.57
142,2,1985,7.43
142,2,1986,7.26
142,2,1987,7.2
142,2,1988,7.22
142,2,1989,7.33
142,2,1990,7.44
142,2,1991,7.38
142,2,1992,7.48
142,2,1993,7.52
142,2,1994,7.52
142,2,1995,7.57
142,2,1996,7.59
142,2,1997,7.55
142,2,1998,7.58
142,2,1999,7.62
142,2,2000,7.79
142,2,2001,7.9
142,2,2002,7.86
142,2,2003,8.21
142,2,2004,7.56
142,2,2005,7.45
142,2,2006,7.33
142,2,2007,7.25
142,2,2008,7.22
142,2,2009,7.23
142,2,2010,7.25
142,2,2011,7.28
142,2,2012,7.25
142,2,2013,7.23
142,2,2014,7.26
142,2,2015,7.37
142,2,2016,7.53
142,2,2017,7.59
142,2,2018,7.6
142,2,2019,7.67
142,2,2020,7.7
142,2,2021,7.24
142,2,2022,7.1
142,2,2023,7.2
143,1,1980,29.56
143,1,1981,29.83
143,1,1982,30.29
143,1,1983,30.48
143,1,1984,30.56
143,1,1985,31.58
143,1,1986,32.23
143,1,1987,32.5
143,1,1988,32.74
143,1,1989,32.81
143,1,1990,33.11
143,1,1991,32.71
143,1,1992,32.58
143,1,1993,32.48
143,1,1994,32.18
143,1,1995,31.76
143,1,1996,31.4
143,1,1997,31.07
143,1,1998,31.07
143,1,1999,31.08
143,1,2000,31.02
143,1,2001,30.97
143,1,2002,30.82
143,1,2003,30.58
143,1,2004,30.64
143,1,2005,30.88
143,1,2006,31.23
143,1,2007,31.94
143,1,2008,33.06
143,1,2009,34.11
143,1,2010,35.52
143,1,2011,36.72
143,1,2012,37.83
143,1,2013,38.4
143,1,2014,38.82
143,1,2015,39.45
143,1,2016,39.33
143,1,2017,39.29
143,1,2018,39.99
143,1,2019,40.63
143,1,2020,43.19
143,1,2021,43.03
143,1,2022,44.7
143,1,2023,45.7
143,2,1980,6.01
143,2,1981,6.03
143,2,1982,6.09
143,2,1983,6.12
143,2,1984,6.25
143,2,1985,6.33
143,2,1986,6.46
143,2,1987,6.56
143,2,1988,6.65
143,2,1989,6.7
143,2,1990,6.83
143,2,1991,6.74
143,2,1992,6.77
143,2,1993,6.78
143,2,1994,6.74
143,2,1995,6.68
143,2,1996,6.66
143,2,1997,6.71
143,2,1998,6.85
143,2,1999,7.01
143,2,2000,7.19
143,2,2001,7.36
143,2,2002,7.53
143,2,2003,7.62
143,2,2004,7.87
143,2,2005,8.09
143,2,2006,8.36
143,2,2007,8.65
143,2,2008,9.09
143,2,2009,9.49
143,2,2010,9.91
143,2,2011,10.36
143,2,2012,10.81
143,2,2013,11.04
143,2,2014,11.25
143,2,2015,11.32
143,2,2016,11.38
143,2,2017,11.45
143,2,2018,11.68
143,2,2019,12.12
143,2,2020,12.12
143,2,2021,12.62
143,2,2022,13.45
143,2,2023,13.79
144,1,1980,28.18
144,1,1981,28.3
144,1,1982,28.45
144,1,1983,29.16
144,1,1984,29.78
144,1,1985,31.09
144,1,1986,31.51
144,1,1987,31.86
144,1,1988,32.47
144,1,1989,32.46
144,1,1990,33.61
144,1,1991,33.35
144,1,1992,33.09
144,1,1993,32.47
144,1,1994,31.8
144,1,1995,32.06
144,1,1996,31.21
144,1,1997,30.38
144,1,1998,29.62
144,1,1999,29.04
144,1,2000,29.37
144,1,2001,28.8
144,1,2002,28.44
144,1,2003,28.56
144,1,2004,28.94
144,1,2005,29.8
144,1,2006,30.26
144,1,2007,30.71
144,1,2008,30.93
144,1,2009,30.92
144,1,2010,31.05
144,1,2011,30.49
144,1,2012,30.03
144,1,2013,29.55
144,1,2014,28.92
144,1,2015,29.18
144,1,2016,28.61
144,1,2017,28.29
144,1,2018,28.32
144,1,2019,28.08
144,1,2020,28.38
144,1,2021,29.73
144,1,2022,28.25
144,1,2023,27.69
144,2,1980,4.41
144,2,1981,4.39
144,2,1982,4.41
144,2,1983,4.45
144,2,1984,4.54
144,2,1985,4.54
144,2,1986,4.36
144,2,1987,4.53
144,2,1988,4.67
144,2,1989,4.86
144,2,1990,5.05
144,2,1991,5.16
144,2,1992,5.32
144,2,1993,5.37
144,2,1994,5.47
144,2,1995,5.6
144,2,1996,5.65
144,2,1997,5.75
144,2,1998,5.86
144,2,1999,5.97
144,2,2000,6.26
144,2,2001,6.5
144,2,2002,6.76
144,2,2003,6.64
144,2,2004,6.97
144,2,2005,7.57
144,2,2006,7.93
144,2,2007,7.69
144,2,2008,7.53
144,2,2009,7.62
144,2,2010,7.7
144,2,2011,7.74
144,2,2012,7.73
144,2,2013,7.66
144,2,2014,7.62
144,2,2015,7.53
144,2,2016,7.41
144,2,2017,7.36
144,2,2018,7.35
144,2,2019,7.32
144,2,2020,7.4
144,2,2021,7.99
144,2,2022,7.25
144,2,2023,7.15
145,1,1980,30.29
145,1,1981,29.37
145,1,1982,33.94
145,1,1983,33.46
145,1,1984,33.04
145,1,1985,32.4
145,1,1986,31.26
145,1,1987,30.94
145,1,1988,29.48
145,1,1989,26.09
145,1,1990,24.01
145,1,1991,21.78
145,1,1992,20.42
145,1,1993,20.5
145,1,1994,20.1
145,1,1995,23.81
145,1,1996,22.9
145,1,1997,20.97
145,1,1998,18.76
145,1,1999,16.67
145,1,2000,17.83
145,1,2001,17
145,1,2002,17.29
145,1,2003,17.6
145,1,2004,17.51
145,1,2005,16.44
145,1,2006,17.15
145,1,2007,16.53
145,1,2008,14.94
145,1,2009,14.53
145,1,2010,15.08
145,1,2011,15.68
145,1,2012,15.71
145,1,2013,15.36
145,1,2014,13.41
145,1,2015,14.12
145,1,2016,12.73
145,1,2017,12.8
145,1,2018,12.63
145,1,2019,11.58
145,1,2020,10.17
145,1,2021,9.66
145,1,2022,10.4
145,1,2023,9.37
145,2,1980,11.2
145,2,1981,11.08
145,2,1982,11.58
145,2,1983,11.7
145,2,1984,13.09
145,2,1985,11.89
145,2,1986,13.29
145,2,1987,13.8
145,2,1988,12.99
145,2,1989,11.95
145,2,1990,11.62
145,2,1991,11.83
145,2,1992,12.26
145,2,1993,12.91
145,2,1994,11.09
145,2,1995,9.43
145,2,1996,9.19
145,2,1997,9.06
145,2,1998,9.38
145,2,1999,7.26
145,2,2000,9.09
145,2,2001,9.55
145,2,2002,8.63
145,2,2003,8.71
145,2,2004,7.62
145,2,2005,8.19
145,2,2006,8.25
145,2,2007,7.94
145,2,2008,7.62
145,2,2009,7.46
145,2,2010,7.3
145,2,2011,7.17
145,2,2012,7.37
145,2,2013,6.83
145,2,2014,6.58
145,2,2015,6.31
145,2,2016,6.07
145,2,2017,6.04
145,2,2018,6.01
145,2,2019,5.78
145,2,2020,5.49
145,2,2021,5.35
145,2,2022,5.45
145,2,2023,5.3
146,1,1980,16.21
146,1,1981,16
146,1,1982,15.75
146,1,1983,15.55
146,1,1984,15.46
146,1,1985,15.73
146,1,1986,15.71
146,1,1987,15.66
146,1,1988,15.47
146,1,1989,15.27
146,1,1990,15.75
146,1,1991,16.33
146,1,1992,16.72
146,1,1993,17.1
146,1,1994,17.61
146,1,1995,18.7
146,1,1996,19.27
146,1,1997,19.84
146,1,1998,20.46
146,1,1999,21.19
146,1,2000,22.28
146,1,2001,22.7
146,1,2002,22.76
146,1,2003,23.15
146,1,2004,23.57
146,1,2005,24.44
146,1,2006,25.76
146,1,2007,27.25
146,1,2008,28.79
146,1,2009,29.98
146,1,2010,30.57
146,1,2011,33.05
146,1,2012,36.1
146,1,2013,39.27
146,1,2014,41.02
146,1,2015,39.2
146,1,2016,35.18
146,1,2017,33.49
146,1,2018,37.19
146,1,2019,49.05
146,1,2020,64.34
146,1,2021,40.13
146,1,2022,40.32
146,1,2023,41.24
146,2,1980,7.95
146,2,1981,7.98
146,2,1982,7.94
146,2,1983,8
146,2,1984,8.1
146,2,1985,8.31
146,2,1986,8.43
146,2,1987,8.53
146,2,1988,8.53
146,2,1989,8.48
146,2,1990,8.45
146,2,1991,8.36
146,2,1992,8.5
146,2,1993,8.6
146,2,1994,8.83
146,2,1995,9.1
146,2,1996,9.33
146,2,1997,9.57
146,2,1998,9.72
146,2,1999,10.24
146,2,2000,10.6
146,2,2001,10.9
146,2,2002,11.04
146,2,2003,11.25
146,2,2004,11.51
146,2,2005,11.81
146,2,2006,12.32
146,2,2007,12.86
146,2,2008,13.5
146,2,2009,14.06
146,2,2010,14.49
146,2,2011,15.65
146,2,2012,17.07
146,2,2013,18.48
146,2,2014,19.08
146,2,2015,18.39
146,2,2016,16.63
146,2,2017,15.95
146,2,2018,17.23
146,2,2019,21.19
146,2,2020,25.46
146,2,2021,15.42
146,2,2022,18.09
146,2,2023,18.33
147,1,1980,38
147,1,1981,37.92
147,1,1982,37.65
147,1,1983,37.48
147,1,1984,36.75
147,1,1985,35.96
147,1,1986,34.81
147,1,1987,33.72
147,1,1988,32.91
147,1,1989,32.43
147,1,1990,32.25
147,1,1991,32.15
147,1,1992,32.11
147,1,1993,31.9
147,1,1994,31.68
147,1,1995,31.44
147,1,1996,31.26
147,1,1997,30.82
147,1,1998,30.91
147,1,1999,31.21
147,1,2000,31.28
147,1,2001,31.26
147,1,2002,31.35
147,1,2003,31.89
147,1,2004,32.74
147,1,2005,33.73
147,1,2006,34.89
147,1,2007,35.29
147,1,2008,35.07
147,1,2009,35.12
147,1,2010,34.58
147,1,2011,33.33
147,1,2012,33.17
147,1,2013,32.81
147,1,2014,31.59
147,1,2015,30.93
147,1,2016,30.14
147,1,2017,29.82
147,1,2018,30.53
147,1,2019,30.62
147,1,2020,31.55
147,1,2021,33.84
147,1,2022,31.33
147,1,2023,31.73
147,2,1980,3.26
147,2,1981,3.29
147,2,1982,3.28
147,2,1983,3.27
147,2,1984,3.24
147,2,1985,3.23
147,2,1986,3.24
147,2,1987,3.24
147,2,1988,3.27
147,2,1989,3.34
147,2,1990,3.43
147,2,1991,3.54
147,2,1992,3.65
147,2,1993,3.73
147,2,1994,3.76
147,2,1995,3.75
147,2,1996,3.75
147,2,1997,3.75
147,2,1998,3.81
147,2,1999,3.87
147,2,2000,3.88
147,2,2001,3.92
147,2,2002,3.95
147,2,2003,4.02
147,2,2004,4.15
147,2,2005,4.31
147,2,2006,4.42
147,2,2007,4.49
147,2,2008,4.5
147,2,2009,4.55
147,2,2010,4.59
147,2,2011,4.58
147,2,2012,4.6
147,2,2013,4.46
147,2,2014,4.37
147,2,2015,4.21
147,2,2016,4.03
147,2,2017,4.03
147,2,2018,4.11
147,2,2019,4.16
147,2,2020,4.36
147,2,2021,4.89
147,2,2022,4.3
147,2,2023,4.34
148,1,1980,18.57
148,1,1981,18.68
148,1,1982,18.85
148,1,1983,18.94
148,1,1984,18.99
148,1,1985,19.08
148,1,1986,19.11
148,1,1987,18.99
148,1,1988,18.96
148,1,1989,18.92
148,1,1990,19.05
148,1,1991,19.13
148,1,1992,19.15
148,1,1993,19.18
148,1,1994,19.34
148,1,1995,19.41
148,1,1996,19.52
148,1,1997,19.46
148,1,1998,19.52
148,1,1999,19.55
148,1,2000,19.63
148,1,2001,19.64
148,1,2002,19.73
148,1,2003,19.77
148,1,2004,19.73
148,1,2005,19.72
148,1,2006,19.62
148,1,2007,19.58
148,1,2008,19.59
148,1,2009,19.58
148,1,2010,19.37
148,1,2011,19.38
148,1,2012,19.51
148,1,2013,19.96
148,1,2014,20.26
148,1,2015,20.75
148,1,2016,21.17
148,1,2017,21.69
148,1,2018,22.06
148,1,2019,22.71
148,1,2020,22.97
148,1,2021,24.07
148,1,2022,25.65
148,1,2023,25.8
148,2,1980,1.66
148,2,1981,1.66
148,2,1982,1.7
148,2,1983,1.69
148,2,1984,1.71
148,2,1985,1.72
148,2,1986,1.71
148,2,1987,1.72
148,2,1988,1.72
148,2,1989,1.74
148,2,1990,1.76
148,2,1991,1.78
148,2,1992,1.78
148,2,1993,1.78
148,2,1994,1.78
148,2,1995,1.77
148,2,1996,1.78
148,2,1997,1.77
148,2,1998,1.79
148,2,1999,1.79
148,2,2000,1.8
148,2,2001,1.81
148,2,2002,1.81
148,2,2003,1.85
148,2,2004,1.87
148,2,2005,1.89
148,2,2006,1.92
148,2,2007,1.94
148,2,2008,1.98
148,2,2009,2.03
148,2,2010,2.07
148,2,2011,2.13
148,2,2012,2.19
148,2,2013,2.25
148,2,2014,2.29
148,2,2015,2.37
148,2,2016,2.43
148,2,2017,2.48
148,2,2018,2.56
148,2,2019,2.66
148,2,2020,2.8
148,2,2021,2.96
148,2,2022,3.1
148,2,2023,3.14
149,1,1980,25.44
149,1,1981,25.47
149,1,1982,25.41
149,1,1983,25.49
149,1,1984,25.69
149,1,1985,26.35
149,1,1986,26.36
149,1,1987,26.25
149,1,1988,26.14
149,1,1989,26.08
149,1,1990,26.76
149,1,1991,26.9
149,1,1992,27.2
149,1,1993,27.4
149,1,1994,27.61
149,1,1995,28.62
149,1,1996,28.54
149,1,1997,28.54
149,1,1998,28.57
149,1,1999,28.62
149,1,2000,29.53
149,1,2001,29.29
149,1,2002,29.03
149,1,2003,28.8
149,1,2004,28.67
149,1,2005,29.1
149,1,2006,29.11
149,1,2007,29.35
149,1,2008,29.75
149,1,2009,30.1
149,1,2010,30.8
149,1,2011,30.83
149,1,2012,30.71
149,1,2013,30.74
149,1,2014,30.43
149,1,2015,31.55
149,1,2016,31.39
149,1,2017,31.63
149,1,2018,31.36
149,1,2019,30.76
149,1,2020,29.01
149,1,2021,29.71
149,1,2022,30.56
149,1,2023,31.77
149,2,1980,4.72
149,2,1981,4.71
149,2,1982,4.72
149,2,1983,4.73
149,2,1984,4.79
149,2,1985,4.85
149,2,1986,4.92
149,2,1987,4.97
149,2,1988,5.05
149,2,1989,5.16
149,2,1990,5.31
149,2,1991,5.39
149,2,1992,5.53
149,2,1993,5.65
149,2,1994,5.77
149,2,1995,5.91
149,2,1996,5.96
149,2,1997,6.02
149,2,1998,6.09
149,2,1999,6.14
149,2,2000,6.24
149,2,2001,6.24
149,2,2002,6.22
149,2,2003,6.17
149,2,2004,6.14
149,2,2005,6.17
149,2,2006,6.19
149,2,2007,6.21
149,2,2008,6.29
149,2,2009,6.42
149,2,2010,6.61
149,2,2011,6.73
149,2,2012,6.8
149,2,2013,6.72
149,2,2014,6.73
149,2,2015,6.77
149,2,2016,6.81
149,2,2017,6.92
149,2,2018,6.94
149,2,2019,6.9
149,2,2020,6.69
149,2,2021,6.96
149,2,2022,7.11
149,2,2023,7.34
150,1,1980,15.14
150,1,1981,15.04
150,1,1982,14.95
150,1,1983,14.89
150,1,1984,14.87
150,1,1985,15.26
150,1,1986,15.34
150,1,1987,15.41
150,1,1988,15.54
150,1,1989,15.72
150,1,1990,16.23
150,1,1991,15.97
150,1,1992,16.07
150,1,1993,16.09
150,1,1994,15.96
150,1,1995,16.09
150,1,1996,15.9
150,1,1997,15.85
150,1,1998,15.91
150,1,1999,15.77
150,1,2000,16.11
150,1,2001,16.12
150,1,2002,16.25
150,1,2003,15.97
150,1,2004,15.88
150,1,2005,15.72
150,1,2006,15.83
150,1,2007,15.75
150,1,2008,16.02
150,1,2009,16.12
150,1,2010,15.88
150,1,2011,16.5
150,1,2012,16.93
150,1,2013,16.54
150,1,2014,16.18
150,1,2015,15.74
150,1,2016,15.43
150,1,2017,15.39
150,1,2018,14.99
150,1,2019,14.32
150,1,2020,15.49
150,1,2021,16.24
150,1,2022,13.98
150,1,2023,13.41
150,2,1980,3.31
150,2,1981,3.32
150,2,1982,3.31
150,2,1983,3.29
150,2,1984,3.29
150,2,1985,3.33
150,2,1986,3.37
150,2,1987,3.42
150,2,1988,3.51
150,2,1989,3.65
150,2,1990,3.81
150,2,1991,3.76
150,2,1992,3.84
150,2,1993,3.88
150,2,1994,3.96
150,2,1995,4.01
150,2,1996,3.99
150,2,1997,4
150,2,1998,4.04
150,2,1999,4.06
150,2,2000,4.13
150,2,2001,4.13
150,2,2002,4.16
150,2,2003,4.18
150,2,2004,4.15
150,2,2005,4.17
150,2,2006,4.23
150,2,2007,4.23
150,2,2008,4.3
150,2,2009,4.39
150,2,2010,4.48
150,2,2011,4.55
150,2,2012,4.57
150,2,2013,4.6
150,2,2014,4.62
150,2,2015,4.54
150,2,2016,4.45
150,2,2017,4.48
150,2,2018,4.44
150,2,2019,4.38
150,2,2020,4.37
150,2,2021,4.69
150,2,2022,4.47
150,2,2023,4.42
151,1,1980,37.18
151,1,1981,36.04
151,1,1982,34.7
151,1,1983,32.88
151,1,1984,31.88
151,1,1985,30.38
151,1,1986,28.07
151,1,1987,26.44
151,1,1988,25.49
151,1,1989,24.76
151,1,1990,24.87
151,1,1991,24.27
151,1,1992,24.34
151,1,1993,24.49
151,1,1994,25.31
151,1,1995,26.65
151,1,1996,25.36
151,1,1997,24.13
151,1,1998,23.86
151,1,1999,23.54
151,1,2000,24.07
151,1,2001,24.08
151,1,2002,24.15
151,1,2003,23.17
151,1,2004,21.45
151,1,2005,19.67
151,1,2006,17.91
151,1,2007,16.34
151,1,2008,14.93
151,1,2009,13.75
151,1,2010,13.19
151,1,2011,12.77
151,1,2012,12.45
151,1,2013,11.6
151,1,2014,10.95
151,1,2015,11.43
151,1,2016,10.84
151,1,2017,10.75
151,1,2018,11.16
151,1,2019,11.21
151,1,2020,11.07
151,1,2021,10.81
151,1,2022,10.46
151,1,2023,12.63
151,2,1980,11.06
151,2,1981,10.82
151,2,1982,10.55
151,2,1983,10.13
151,2,1984,9.83
151,2,1985,9.63
151,2,1986,9.44
151,2,1987,9.41
151,2,1988,9.43
151,2,1989,9.52
151,2,1990,9.62
151,2,1991,9.64
151,2,1992,9.85
151,2,1993,10.05
151,2,1994,10.2
151,2,1995,10.32
151,2,1996,10.01
151,2,1997,9.81
151,2,1998,9.73
151,2,1999,9.88
151,2,2000,10.28
151,2,2001,10.41
151,2,2002,10.44
151,2,2003,9.93
151,2,2004,9.15
151,2,2005,8.4
151,2,2006,7.72
151,2,2007,7.04
151,2,2008,6.5
151,2,2009,6.15
151,2,2010,5.93
151,2,2011,5.69
151,2,2012,5.46
151,2,2013,5.21
151,2,2014,5.08
151,2,2015,5.07
151,2,2016,4.79
151,2,2017,4.68
151,2,2018,4.63
151,2,2019,4.6
151,2,2020,4.58
151,2,2021,4.4
151,2,2022,4.31
151,2,2023,4.9
152,1,1980,26.42
152,1,1981,26.42
152,1,1982,25.75
152,1,1983,24.85
152,1,1984,23.98
152,1,1985,23.22
152,1,1986,22.47
152,1,1987,21.72
152,1,1988,21.02
152,1,1989,20.56
152,1,1990,20.43
152,1,1991,20.12
152,1,1992,19.75
152,1,1993,19.48
152,1,1994,19.05
152,1,1995,18.53
152,1,1996,18.12
152,1,1997,17.51
152,1,1998,17.21
152,1,1999,16.99
152,1,2000,17.18
152,1,2001,17.23
152,1,2002,17.45
152,1,2003,17.67
152,1,2004,18.09
152,1,2005,18.67
152,1,2006,19.39
152,1,2007,20.07
152,1,2008,20.5
152,1,2009,20.75
152,1,2010,20.71
152,1,2011,20.48
152,1,2012,20.07
152,1,2013,19.2
152,1,2014,18.1
152,1,2015,17.64
152,1,2016,17.19
152,1,2017,17.29
152,1,2018,17.38
152,1,2019,17.51
152,1,2020,18.33
152,1,2021,17.94
152,1,2022,17.59
152,1,2023,17.51
152,2,1980,6.37
152,2,1981,6.27
152,2,1982,6.05
152,2,1983,5.79
152,2,1984,5.54
152,2,1985,5.34
152,2,1986,5.16
152,2,1987,5
152,2,1988,4.82
152,2,1989,4.76
152,2,1990,4.78
152,2,1991,4.78
152,2,1992,4.78
152,2,1993,4.78
152,2,1994,4.75
152,2,1995,4.69
152,2,1996,4.55
152,2,1997,4.49
152,2,1998,4.47
152,2,1999,4.49
152,2,2000,4.62
152,2,2001,4.75
152,2,2002,4.91
152,2,2003,5.11
152,2,2004,5.32
152,2,2005,5.63
152,2,2006,5.97
152,2,2007,6.32
152,2,2008,6.63
152,2,2009,6.86
152,2,2010,7.06
152,2,2011,7.18
152,2,2012,7.2
152,2,2013,7.12
152,2,2014,7.07
152,2,2015,6.94
152,2,2016,6.89
152,2,2017,6.99
152,2,2018,7.04
152,2,2019,7.28
152,2,2020,7.98
152,2,2021,8.31
152,2,2022,8.39
152,2,2023,8.04
153,1,1980,20.41
153,1,1981,20.96
153,1,1982,21.31
153,1,1983,21.66
153,1,1984,21.76
153,1,1985,22.37
153,1,1986,22.36
153,1,1987,22.1
153,1,1988,21.84
153,1,1989,21.62
153,1,1990,21.51
153,1,1991,21.37
153,1,1992,21.4
153,1,1993,21.37
153,1,1994,21.34
153,1,1995,21.29
153,1,1996,21.09
153,1,1997,20.88
153,1,1998,20.69
153,1,1999,20.56
153,1,2000,20.93
153,1,2001,21.11
153,1,2002,21.21
153,1,2003,21.29
153,1,2004,21.06
153,1,2005,20.93
153,1,2006,20.88
153,1,2007,21.02
153,1,2008,21.09
153,1,2009,21.18
153,1,2010,21.31
153,1,2011,20.72
153,1,2012,20.04
153,1,2013,19.31
153,1,2014,18.71
153,1,2015,18.3
153,1,2016,18.22
153,1,2017,18.37
153,1,2018,18.52
153,1,2019,18.78
153,1,2020,18.24
153,1,2021,17.95
153,1,2022,19.27
153,1,2023,19.36
153,2,1980,4.35
153,2,1981,4.47
153,2,1982,4.57
153,2,1983,4.64
153,2,1984,4.81
153,2,1985,4.76
153,2,1986,4.84
153,2,1987,4.96
153,2,1988,5.13
153,2,1989,5.31
153,2,1990,5.48
153,2,1991,5.69
153,2,1992,5.93
153,2,1993,6.16
153,2,1994,6.32
153,2,1995,6.47
153,2,1996,6.63
153,2,1997,6.72
153,2,1998,6.68
153,2,1999,6.85
153,2,2000,7.52
153,2,2001,7.68
153,2,2002,7.72
153,2,2003,7.79
153,2,2004,7.58
153,2,2005,7.47
153,2,2006,7.32
153,2,2007,7.27
153,2,2008,7.33
153,2,2009,7.39
153,2,2010,7.44
153,2,2011,7.41
153,2,2012,7.2
153,2,2013,6.93
153,2,2014,6.72
153,2,2015,6.6
153,2,2016,6.59
153,2,2017,6.69
153,2,2018,6.75
153,2,2019,6.88
153,2,2020,6.8
153,2,2021,6.6
153,2,2022,6.94
153,2,2023,6.96
154,1,1980,50.5
154,1,1981,51.73
154,1,1982,51.58
154,1,1983,52.43
154,1,1984,53.42
154,1,1985,54.52
154,1,1986,54.88
154,1,1987,55.94
154,1,1988,57.25
154,1,1989,58.99
154,1,1990,60.52
154,1,1991,61.33
154,1,1992,61.59
154,1,1993,61.79
154,1,1994,62.19
154,1,1995,61.69
154,1,1996,61.83
154,1,1997,62.13
154,1,1998,62.89
154,1,1999,63.78
154,1,2000,63.63
154,1,2001,63.87
154,1,2002,63.69
154,1,2003,63.68
154,1,2004,62.8
154,1,2005,62.61
154,1,2006,62.03
154,1,2007,61.62
154,1,2008,61.04
154,1,2009,60.46
154,1,2010,60.33
154,1,2011,58.99
154,1,2012,58.4
154,1,2013,57.5
154,1,2014,57.41
154,1,2015,56.75
154,1,2016,56.6
154,1,2017,55.66
154,1,2018,55.25
154,1,2019,55.37
154,1,2020,51.68
154,1,2021,47.51
154,1,2022,52.02
154,1,2023,58.53
154,2,1980,6.32
154,2,1981,6.36
154,2,1982,6.49
154,2,1983,6.57
154,2,1984,6.66
154,2,1985,6.79
154,2,1986,6.84
154,2,1987,7
154,2,1988,7.17
154,2,1989,7.35
154,2,1990,7.55
154,2,1991,7.74
154,2,1992,7.83
154,2,1993,7.93
154,2,1994,7.99
154,2,1995,7.91
154,2,1996,7.93
154,2,1997,8
154,2,1998,8.13
154,2,1999,8.23
154,2,2000,8.22
154,2,2001,8.23
154,2,2002,8.21
154,2,2003,8.19
154,2,2004,8.13
154,2,2005,8.09
154,2,2006,8.06
154,2,2007,8.08
154,2,2008,8.09
154,2,2009,8.12
154,2,2010,8.17
154,2,2011,8.21
154,2,2012,8.27
154,2,2013,8.26
154,2,2014,8.33
154,2,2015,8.4
154,2,2016,8.52
154,2,2017,8.67
154,2,2018,8.75
154,2,2019,9.01
154,2,2020,8.62
154,2,2021,7.95
154,2,2022,9.11
154,2,2023,10.6
155,1,1980,74.31
155,1,1981,74.42
155,1,1982,71.99
155,1,1983,70.04
155,1,1984,70.8
155,1,1985,70.79
155,1,1986,69.23
155,1,1987,67.55
155,1,1988,68.29
155,1,1989,70.98
155,1,1990,71.19
155,1,1991,70.07
155,1,1992,69.72
155,1,1993,69.24
155,1,1994,68.44
155,1,1995,67.28
155,1,1996,64.47
155,1,1997,62.89
155,1,1998,62.02
155,1,1999,59.7
155,1,2000,59.04
155,1,2001,58.71
155,1,2002,59.37
155,1,2003,59.19
155,1,2004,60.06
155,1,2005,63.38
155,1,2006,67.33
155,1,2007,68.69
155,1,2008,66.59
155,1,2009,60.08
155,1,2010,59.26
155,1,2011,61.16
155,1,2012,61.52
155,1,2013,63.44
155,1,2014,63.82
155,1,2015,64
155,1,2016,64.62
155,1,2017,63.6
155,1,2018,61.91
155,1,2019,61.63
155,1,2020,63.83
155,1,2021,64.85
155,1,2022,62.86
155,1,2023,61.15
155,2,1980,7.88
155,2,1981,8.29
155,2,1982,8.44
155,2,1983,8.44
155,2,1984,8.4
155,2,1985,8.41
155,2,1986,8.47
155,2,1987,8.48
155,2,1988,8.67
155,2,1989,9.05
155,2,1990,9.26
155,2,1991,9.28
155,2,1992,9.37
155,2,1993,9.42
155,2,1994,9.38
155,2,1995,9.36
155,2,1996,9.17
155,2,1997,9.17
155,2,1998,9.24
155,2,1999,8.94
155,2,2000,9.22
155,2,2001,9.25
155,2,2002,9.49
155,2,2003,9.41
155,2,2004,9.44
155,2,2005,9.91
155,2,2006,10.44
155,2,2007,10.57
155,2,2008,10.13
155,2,2009,9.18
155,2,2010,9.09
155,2,2011,9.43
155,2,2012,9.61
155,2,2013,10
155,2,2014,10.36
155,2,2015,10.51
155,2,2016,10.63
155,2,2017,10.53
155,2,2018,10.29
155,2,2019,10.42
155,2,2020,10.71
155,2,2021,11.49
155,2,2022,11.17
155,2,2023,10.84
156,1,1980,63.36
156,1,1981,61.74
156,1,1982,59.13
156,1,1983,56.03
156,1,1984,53.34
156,1,1985,55.46
156,1,1986,52.24
156,1,1987,49.63
156,1,1988,47.2
156,1,1989,45.43
156,1,1990,50.43
156,1,1991,50.31
156,1,1992,49.55
156,1,1993,49.33
156,1,1994,49.53
156,1,1995,50.8
156,1,1996,50.69
156,1,1997,49.03
156,1,1998,49.92
156,1,1999,49.08
156,1,2000,43.68
156,1,2001,42.68
156,1,2002,42.23
156,1,2003,41.72
156,1,2004,39.13
156,1,2005,35.34
156,1,2006,34.09
156,1,2007,32.36
156,1,2008,29.29
156,1,2009,26.35
156,1,2010,24.77
156,1,2011,22.36
156,1,2012,20.18
156,1,2013,18.09
156,1,2014,16.63
156,1,2015,16.35
156,1,2016,16.3
156,1,2017,16.05
156,1,2018,15.8
156,1,2019,16.41
156,1,2020,13.95
156,1,2021,13.95
156,1,2022,14.67
156,1,2023,15.57
156,2,1980,19.29
156,2,1981,19.24
156,2,1982,18.79
156,2,1983,18.18
156,2,1984,17.69
156,2,1985,17.55
156,2,1986,16.75
156,2,1987,16.11
156,2,1988,15.59
156,2,1989,15.23
156,2,1990,15.43
156,2,1991,15.1
156,2,1992,14.61
156,2,1993,14.52
156,2,1994,14.3
156,2,1995,13.73
156,2,1996,13.45
156,2,1997,13.56
156,2,1998,14.15
156,2,1999,14.32
156,2,2000,14.66
156,2,2001,14.61
156,2,2002,13.83
156,2,2003,13.2
156,2,2004,13.59
156,2,2005,13.7
156,2,2006,13.1
156,2,2007,12.62
156,2,2008,11.9
156,2,2009,11.01
156,2,2010,10.24
156,2,2011,9.57
156,2,2012,8.96
156,2,2013,8.66
156,2,2014,8.44
156,2,2015,8.16
156,2,2016,7.85
156,2,2017,7.86
156,2,2018,7.99
156,2,2019,8.49
156,2,2020,8.48
156,2,2021,8.45
156,2,2022,8
156,2,2023,8.2
157,1,1980,18.33
157,1,1981,18.32
157,1,1982,18.36
157,1,1983,18.45
157,1,1984,18.53
157,1,1985,18.6
157,1,1986,18.62
157,1,1987,18.58
157,1,1988,18.6
157,1,1989,18.61
157,1,1990,18.75
157,1,1991,18.7
157,1,1992,18.73
157,1,1993,18.69
157,1,1994,18.77
157,1,1995,18.73
157,1,1996,18.7
157,1,1997,18.64
157,1,1998,18.51
157,1,1999,18.74
157,1,2000,18.9
157,1,2001,18.78
157,1,2002,18.72
157,1,2003,18.66
157,1,2004,18.82
157,1,2005,18.84
157,1,2006,18.93
157,1,2007,18.77
157,1,2008,19.05
157,1,2009,18.99
157,1,2010,18.55
157,1,2011,18.66
157,1,2012,18.71
157,1,2013,18.66
157,1,2014,18.2
157,1,2015,18.45
157,1,2016,17.91
157,1,2017,17.42
157,1,2018,16.99
157,1,2019,17.32
157,1,2020,18.05
157,1,2021,17.61
157,1,2022,17.81
157,1,2023,17.68
157,2,1980,4.03
157,2,1981,4.07
157,2,1982,4.1
157,2,1983,4.12
157,2,1984,4.14
157,2,1985,4.16
157,2,1986,4.18
157,2,1987,4.21
157,2,1988,4.24
157,2,1989,4.28
157,2,1990,4.33
157,2,1991,4.33
157,2,1992,4.35
157,2,1993,4.33
157,2,1994,4.33
157,2,1995,4.28
157,2,1996,4.25
157,2,1997,4.24
157,2,1998,4.22
157,2,1999,4.28
157,2,2000,4.31
157,2,2001,4.3
157,2,2002,4.29
157,2,2003,4.3
157,2,2004,4.37
157,2,2005,4.41
157,2,2006,4.45
157,2,2007,4.45
157,2,2008,4.57
157,2,2009,4.58
157,2,2010,4.54
157,2,2011,4.63
157,2,2012,4.63
157,2,2013,4.72
157,2,2014,4.74
157,2,2015,4.76
157,2,2016,4.67
157,2,2017,4.59
157,2,2018,4.43
157,2,2019,4.44
157,2,2020,4.37
157,2,2021,4.35
157,2,2022,4.61
157,2,2023,4.76
160,1,1980,7.37
160,1,1981,7.42
160,1,1982,7.47
160,1,1983,7.56
160,1,1984,7.6
160,1,1985,7.72
160,1,1986,7.82
160,1,1987,7.88
160,1,1988,7.93
160,1,1989,7.96
160,1,1990,8.04
160,1,1991,8.01
160,1,1992,8.05
160,1,1993,8.16
160,1,1994,8.08
160,1,1995,8.12
160,1,1996,8.09
160,1,1997,8.09
160,1,1998,8.01
160,1,1999,8.08
160,1,2000,8.14
160,1,2001,8.17
160,1,2002,8.1
160,1,2003,8.24
160,1,2004,8.43
160,1,2005,8.55
160,1,2006,8.59
160,1,2007,8.65
160,1,2008,8.69
160,1,2009,8.75
160,1,2010,8.77
160,1,2011,8.99
160,1,2012,9.25
160,1,2013,9.32
160,1,2014,9.49
160,1,2015,9.54
160,1,2016,9.54
160,1,2017,9.43
160,1,2018,9.51
160,1,2019,9.44
160,1,2020,9.46
160,1,2021,10.28
160,1,2022,10.25
160,1,2023,10.56
160,2,1980,3.02
160,2,1981,3.06
160,2,1982,3.1
160,2,1983,3.15
160,2,1984,3.18
160,2,1985,3.23
160,2,1986,3.29
160,2,1987,3.33
160,2,1988,3.36
160,2,1989,3.37
160,2,1990,3.39
160,2,1991,3.37
160,2,1992,3.38
160,2,1993,3.39
160,2,1994,3.32
160,2,1995,3.29
160,2,1996,3.23
160,2,1997,3.18
160,2,1998,3.1
160,2,1999,3.09
160,2,2000,3.05
160,2,2001,3.01
160,2,2002,2.94
160,2,2003,2.98
160,2,2004,3.06
160,2,2005,3.11
160,2,2006,3.16
160,2,2007,3.21
160,2,2008,3.28
160,2,2009,3.37
160,2,2010,3.44
160,2,2011,3.51
160,2,2012,3.57
160,2,2013,3.64
160,2,2014,3.7
160,2,2015,3.76
160,2,2016,3.76
160,2,2017,3.77
160,2,2018,3.77
160,2,2019,3.82
160,2,2020,3.9
160,2,2021,4.19
160,2,2022,4.12
160,2,2023,4.18
161,1,1980,12.29
161,1,1981,11.97
161,1,1982,11.62
161,1,1983,11.29
161,1,1984,11.05
161,1,1985,10.56
161,1,1986,10.32
161,1,1987,10.41
161,1,1988,10.58
161,1,1989,10.79
161,1,1990,10.7
161,1,1991,11.68
161,1,1992,11.31
161,1,1993,11.39
161,1,1994,11.55
161,1,1995,11.65
161,1,1996,11.77
161,1,1997,11.84
161,1,1998,12.01
161,1,1999,12.15
161,1,2000,12.05
161,1,2001,12.07
161,1,2002,12.08
161,1,2003,12.16
161,1,2004,12.08
161,1,2005,12.03
161,1,2006,11.86
161,1,2007,11.78
161,1,2008,11.76
161,1,2009,11.98
161,1,2010,12.21
161,1,2011,12.66
161,1,2012,13.43
161,1,2013,13.87
161,1,2014,14.33
161,1,2015,14.59
161,1,2016,14.88
161,1,2017,14.92
161,1,2018,15.23
161,1,2019,15.29
161,1,2020,15.21
161,1,2021,16.61
161,1,2022,17.28
161,1,2023,17.49
161,2,1980,2.82
161,2,1981,2.78
161,2,1982,2.75
161,2,1983,2.64
161,2,1984,2.63
161,2,1985,2.61
161,2,1986,2.68
161,2,1987,2.8
161,2,1988,2.99
161,2,1989,3.22
161,2,1990,3.33
161,2,1991,3.9
161,2,1992,3.77
161,2,1993,3.91
161,2,1994,4.02
161,2,1995,4.1
161,2,1996,4.27
161,2,1997,4.39
161,2,1998,4.56
161,2,1999,4.66
161,2,2000,4.63
161,2,2001,4.59
161,2,2002,4.57
161,2,2003,4.52
161,2,2004,4.39
161,2,2005,4.32
161,2,2006,4.29
161,2,2007,4.27
161,2,2008,4.24
161,2,2009,4.29
161,2,2010,4.32
161,2,2011,4.3
161,2,2012,4.39
161,2,2013,4.54
161,2,2014,4.69
161,2,2015,4.86
161,2,2016,5.04
161,2,2017,5.23
161,2,2018,5.43
161,2,2019,5.68
161,2,2020,5.92
161,2,2021,6.65
161,2,2022,6.96
161,2,2023,7.4
162,1,1980,5.57
162,1,1981,5.5
162,1,1982,5.45
162,1,1983,5.4
162,1,1984,5.36
162,1,1985,5.38
162,1,1986,5.38
162,1,1987,5.41
162,1,1988,5.48
162,1,1989,5.56
162,1,1990,5.64
162,1,1991,5.82
162,1,1992,5.96
162,1,1993,6.06
162,1,1994,6.08
162,1,1995,6.31
162,1,1996,6.42
162,1,1997,6.56
162,1,1998,6.46
162,1,1999,6.47
162,1,2000,6.54
162,1,2001,6.66
162,1,2002,6.74
162,1,2003,6.81
162,1,2004,6.84
162,1,2005,6.9
162,1,2006,6.86
162,1,2007,6.82
162,1,2008,6.77
162,1,2009,6.69
162,1,2010,6.72
162,1,2011,6.87
162,1,2012,7.08
162,1,2013,7.14
162,1,2014,7.28
162,1,2015,7.3
162,1,2016,7.42
162,1,2017,7.49
162,1,2018,7.57
162,1,2019,7.57
162,1,2020,7.56
162,1,2021,7.84
162,1,2022,8
162,1,2023,7.85
162,2,1980,3
162,2,1981,2.97
162,2,1982,2.93
162,2,1983,2.91
162,2,1984,2.87
162,2,1985,2.86
162,2,1986,2.86
162,2,1987,2.76
162,2,1988,2.83
162,2,1989,2.94
162,2,1990,3.21
162,2,1991,3.34
162,2,1992,3.43
162,2,1993,3.54
162,2,1994,3.57
162,2,1995,3.74
162,2,1996,3.86
162,2,1997,4.06
162,2,1998,4.05
162,2,1999,4.06
162,2,2000,4.18
162,2,2001,4.35
162,2,2002,4.48
162,2,2003,4.62
162,2,2004,4.68
162,2,2005,4.72
162,2,2006,4.74
162,2,2007,4.77
162,2,2008,4.77
162,2,2009,4.74
162,2,2010,4.8
162,2,2011,4.88
162,2,2012,4.98
162,2,2013,5.02
162,2,2014,5.07
162,2,2015,5.13
162,2,2016,5.25
162,2,2017,5.36
162,2,2018,5.44
162,2,2019,5.5
162,2,2020,5.63
162,2,2021,5.77
162,2,2022,5.92
162,2,2023,6.06
163,1,1980,7.6
163,1,1981,7.54
163,1,1982,7.56
163,1,1983,7.62
163,1,1984,7.7
163,1,1985,7.84
163,1,1986,8.03
163,1,1987,8.28
163,1,1988,8.48
163,1,1989,8.61
163,1,1990,8.64
163,1,1991,8.57
163,1,1992,8.42
163,1,1993,8.32
163,1,1994,8.16
163,1,1995,8.04
163,1,1996,8.27
163,1,1997,8.6
163,1,1998,8.73
163,1,1999,8.71
163,1,2000,8.67
163,1,2001,8.7
163,1,2002,8.83
163,1,2003,8.72
163,1,2004,8.44
163,1,2005,8.5
163,1,2006,8.74
163,1,2007,8.91
163,1,2008,8.79
163,1,2009,8.82
163,1,2010,8.97
163,1,2011,9.33
163,1,2012,9.61
163,1,2013,9.54
163,1,2014,9.43
163,1,2015,9.52
163,1,2016,10.09
163,1,2017,10.33
163,1,2018,10.51
163,1,2019,10.33
163,1,2020,10.55
163,1,2021,12.54
163,1,2022,11.38
163,1,2023,11.46
163,2,1980,1.93
163,2,1981,1.88
163,2,1982,1.88
163,2,1983,1.9
163,2,1984,1.95
163,2,1985,2.01
163,2,1986,2.08
163,2,1987,2.15
163,2,1988,2.22
163,2,1989,2.3
163,2,1990,2.38
163,2,1991,2.42
163,2,1992,2.37
163,2,1993,2.3
163,2,1994,2.24
163,2,1995,2.27
163,2,1996,2.4
163,2,1997,2.54
163,2,1998,2.62
163,2,1999,2.62
163,2,2000,2.61
163,2,2001,2.64
163,2,2002,2.67
163,2,2003,2.66
163,2,2004,2.64
163,2,2005,2.7
163,2,2006,2.75
163,2,2007,2.83
163,2,2008,2.81
163,2,2009,2.82
163,2,2010,2.89
163,2,2011,2.93
163,2,2012,3.03
163,2,2013,3.18
163,2,2014,3.39
163,2,2015,3.58
163,2,2016,3.78
163,2,2017,3.92
163,2,2018,4.04
163,2,2019,4.13
163,2,2020,4.21
163,2,2021,4.56
163,2,2022,4.67
163,2,2023,4.82
164,1,1980,7.14
164,1,1981,7.06
164,1,1982,6.97
164,1,1983,6.87
164,1,1984,6.84
164,1,1985,6.83
164,1,1986,6.86
164,1,1987,6.9
164,1,1988,7
164,1,1989,7.13
164,1,1990,7.28
164,1,1991,7.53
164,1,1992,7.78
164,1,1993,7.86
164,1,1994,8.1
164,1,1995,8.33
164,1,1996,8.57
164,1,1997,8.74
164,1,1998,8.91
164,1,1999,9.06
164,1,2000,9.1
164,1,2001,9.1
164,1,2002,9.07
164,1,2003,9.01
164,1,2004,8.78
164,1,2005,8.54
164,1,2006,8.19
164,1,2007,7.89
164,1,2008,7.59
164,1,2009,7.39
164,1,2010,7.14
164,1,2011,7.08
164,1,2012,7.21
164,1,2013,7.18
164,1,2014,7.31
164,1,2015,7.2
164,1,2016,7.34
164,1,2017,7.24
164,1,2018,7.28
164,1,2019,7.25
164,1,2020,7.18
164,1,2021,8.22
164,1,2022,8.34
164,1,2023,8.59
164,2,1980,3.02
164,2,1981,3
164,2,1982,2.97
164,2,1983,2.93
164,2,1984,2.9
164,2,1985,2.88
164,2,1986,2.89
164,2,1987,2.93
164,2,1988,3
164,2,1989,3.1
164,2,1990,3.21
164,2,1991,3.36
164,2,1992,3.48
164,2,1993,3.56
164,2,1994,3.69
164,2,1995,3.82
164,2,1996,3.97
164,2,1997,4.14
164,2,1998,4.26
164,2,1999,4.34
164,2,2000,4.4
164,2,2001,4.39
164,2,2002,4.34
164,2,2003,4.27
164,2,2004,4.15
164,2,2005,4
164,2,2006,3.85
164,2,2007,3.7
164,2,2008,3.55
164,2,2009,3.45
164,2,2010,3.32
164,2,2011,3.23
164,2,2012,3.2
164,2,2013,3.2
164,2,2014,3.24
164,2,2015,3.2
164,2,2016,3.29
164,2,2017,3.33
164,2,2018,3.38
164,2,2019,3.46
164,2,2020,3.52
164,2,2021,3.96
164,2,2022,4.18
164,2,2023,4.47
165,1,1980,9.28
165,1,1981,9.07
165,1,1982,8.86
165,1,1983,8.65
165,1,1984,8.52
165,1,1985,8.49
165,1,1986,8.49
165,1,1987,8.49
165,1,1988,8.53
165,1,1989,8.65
165,1,1990,8.81
165,1,1991,8.95
165,1,1992,9.01
165,1,1993,9.08
165,1,1994,8.99
165,1,1995,8.96
165,1,1996,9
165,1,1997,8.76
165,1,1998,8.62
165,1,1999,8.41
165,1,2000,8.2
165,1,2001,8.25
165,1,2002,8.25
165,1,2003,8.15
165,1,2004,8.07
165,1,2005,8.2
165,1,2006,7.92
165,1,2007,7.85
165,1,2008,7.74
165,1,2009,7.66
165,1,2010,7.52
165,1,2011,7.55
165,1,2012,7.62
165,1,2013,7.57
165,1,2014,7.55
165,1,2015,7.39
165,1,2016,7.35
165,1,2017,7.2
165,1,2018,7.16
165,1,2019,7.02
165,1,2020,7.35
165,1,2021,7.93
165,1,2022,7.75
165,1,2023,8.12
165,2,1980,4.89
165,2,1981,4.88
165,2,1982,4.84
165,2,1983,4.79
165,2,1984,4.73
165,2,1985,4.69
165,2,1986,4.66
165,2,1987,4.65
165,2,1988,4.69
165,2,1989,4.76
165,2,1990,4.84
165,2,1991,4.89
165,2,1992,4.88
165,2,1993,4.85
165,2,1994,4.76
165,2,1995,4.68
165,2,1996,4.61
165,2,1997,4.68
165,2,1998,4.81
165,2,1999,4.92
165,2,2000,5.11
165,2,2001,5.11
165,2,2002,5.17
165,2,2003,5.16
165,2,2004,5.2
165,2,2005,5.45
165,2,2006,5.27
165,2,2007,5.37
165,2,2008,5.46
165,2,2009,5.58
165,2,2010,5.65
165,2,2011,5.71
165,2,2012,5.79
165,2,2013,5.95
165,2,2014,6.04
165,2,2015,6.07
165,2,2016,6.14
165,2,2017,6.17
165,2,2018,6.21
165,2,2019,6.33
165,2,2020,6.66
165,2,2021,7.38
165,2,2022,7.3
165,2,2023,7.37
168,1,1980,9.98
168,1,1981,9.95
168,1,1982,9.92
168,1,1983,9.9
168,1,1984,9.88
168,1,1985,9.95
168,1,1986,9.99
168,1,1987,9.99
168,1,1988,10
168,1,1989,10.08
168,1,1990,10.02
168,1,1991,9.96
168,1,1992,9.88
168,1,1993,9.92
168,1,1994,9.96
168,1,1995,9.83
168,1,1996,9.32
168,1,1997,9.22
168,1,1998,9.62
168,1,1999,9.76
168,1,2000,9.82
168,1,2001,9.96
168,1,2002,10.3
168,1,2003,10.42
168,1,2004,10.43
168,1,2005,10.57
168,1,2006,10.97
168,1,2007,11.09
168,1,2008,11.36
168,1,2009,11.58
168,1,2010,11.73
168,1,2011,11.88
168,1,2012,11.91
168,1,2013,12.05
168,1,2014,12.25
168,1,2015,12.4
168,1,2016,12.38
168,1,2017,12.38
168,1,2018,12.36
168,1,2019,12.45
168,1,2020,13.02
168,1,2021,13.78
168,1,2022,14.01
168,1,2023,14.29
168,2,1980,2.89
168,2,1981,2.9
168,2,1982,2.91
168,2,1983,2.91
168,2,1984,2.9
168,2,1985,2.92
168,2,1986,2.95
168,2,1987,2.95
168,2,1988,2.95
168,2,1989,3.01
168,2,1990,2.98
168,2,1991,2.95
168,2,1992,2.92
168,2,1993,2.92
168,2,1994,2.93
168,2,1995,2.85
168,2,1996,2.63
168,2,1997,2.58
168,2,1998,2.74
168,2,1999,2.79
168,2,2000,2.78
168,2,2001,2.81
168,2,2002,2.84
168,2,2003,2.82
168,2,2004,2.83
168,2,2005,2.87
168,2,2006,3.06
168,2,2007,3.14
168,2,2008,3.24
168,2,2009,3.35
168,2,2010,3.43
168,2,2011,3.52
168,2,2012,3.58
168,2,2013,3.69
168,2,2014,3.82
168,2,2015,3.85
168,2,2016,3.78
168,2,2017,3.75
168,2,2018,3.77
168,2,2019,3.84
168,2,2020,3.84
168,2,2021,4.01
168,2,2022,4.4
168,2,2023,4.6
169,1,1980,6.97
169,1,1981,6.97
169,1,1982,6.96
169,1,1983,6.88
169,1,1984,6.84
169,1,1985,6.82
169,1,1986,6.87
169,1,1987,6.85
169,1,1988,6.75
169,1,1989,6.71
169,1,1990,6.7
169,1,1991,6.87
169,1,1992,6.96
169,1,1993,7.28
169,1,1994,7.39
169,1,1995,7.29
169,1,1996,7.33
169,1,1997,7.07
169,1,1998,7.02
169,1,1999,6.87
169,1,2000,6.62
169,1,2001,6.44
169,1,2002,6.36
169,1,2003,6.12
169,1,2004,5.94
169,1,2005,5.78
169,1,2006,5.72
169,1,2007,5.61
169,1,2008,5.52
169,1,2009,5.53
169,1,2010,5.72
169,1,2011,5.86
169,1,2012,5.84
169,1,2013,5.81
169,1,2014,5.73
169,1,2015,5.86
169,1,2016,5.82
169,1,2017,5.9
169,1,2018,5.88
169,1,2019,6.04
169,1,2020,6.4
169,1,2021,6.43
169,1,2022,7.2
169,1,2023,7.43
169,2,1980,3.5
169,2,1981,3.53
169,2,1982,3.55
169,2,1983,3.45
169,2,1984,3.46
169,2,1985,3.46
169,2,1986,3.51
169,2,1987,3.5
169,2,1988,3.39
169,2,1989,3.36
169,2,1990,3.29
169,2,1991,3.4
169,2,1992,3.44
169,2,1993,3.53
169,2,1994,3.53
169,2,1995,3.42
169,2,1996,3.45
169,2,1997,3.34
169,2,1998,3.36
169,2,1999,3.35
169,2,2000,3.22
169,2,2001,3.17
169,2,2002,3.16
169,2,2003,3.06
169,2,2004,3
169,2,2005,2.96
169,2,2006,2.94
169,2,2007,2.9
169,2,2008,2.85
169,2,2009,2.88
169,2,2010,3.02
169,2,2011,3.11
169,2,2012,3.09
169,2,2013,3.1
169,2,2014,3.06
169,2,2015,3.09
169,2,2016,3.12
169,2,2017,3.19
169,2,2018,3.2
169,2,2019,3.31
169,2,2020,3.34
169,2,2021,3.37
169,2,2022,3.83
169,2,2023,3.99
170,1,1980,8.03
170,1,1981,7.89
170,1,1982,7.9
170,1,1983,8
170,1,1984,7.91
170,1,1985,7.92
170,1,1986,7.86
170,1,1987,7.93
170,1,1988,7.94
170,1,1989,7.83
170,1,1990,7.84
170,1,1991,7.94
170,1,1992,8.03
170,1,1993,8.1
170,1,1994,8.51
170,1,1995,8.38
170,1,1996,8.37
170,1,1997,8.67
170,1,1998,8.28
170,1,1999,8.5
170,1,2000,8.69
170,1,2001,8.53
170,1,2002,8.85
170,1,2003,9.13
170,1,2004,9.28
170,1,2005,9.69
170,1,2006,10.01
170,1,2007,10.28
170,1,2008,10.55
170,1,2009,10.76
170,1,2010,10.89
170,1,2011,10.8
170,1,2012,11
170,1,2013,11.08
170,1,2014,11.22
170,1,2015,11.51
170,1,2016,11.54
170,1,2017,11.56
170,1,2018,11.6
170,1,2019,12.05
170,1,2020,12.69
170,1,2021,13.11
170,1,2022,13.96
170,1,2023,14.15
170,2,1980,4.04
170,2,1981,3.96
170,2,1982,4.02
170,2,1983,4.12
170,2,1984,4.03
170,2,1985,4.03
170,2,1986,3.96
170,2,1987,3.97
170,2,1988,3.92
170,2,1989,3.78
170,2,1990,3.74
170,2,1991,3.7
170,2,1992,3.76
170,2,1993,3.73
170,2,1994,3.95
170,2,1995,3.85
170,2,1996,3.78
170,2,1997,3.97
170,2,1998,3.71
170,2,1999,3.81
170,2,2000,3.86
170,2,2001,3.72
170,2,2002,3.81
170,2,2003,3.93
170,2,2004,3.96
170,2,2005,4.15
170,2,2006,4.3
170,2,2007,4.44
170,2,2008,4.6
170,2,2009,4.74
170,2,2010,4.79
170,2,2011,4.86
170,2,2012,4.95
170,2,2013,4.99
170,2,2014,5.01
170,2,2015,5.12
170,2,2016,5.21
170,2,2017,5.24
170,2,2018,5.28
170,2,2019,5.5
170,2,2020,5.63
170,2,2021,5.76
170,2,2022,6.5
170,2,2023,6.76
171,1,1980,8.44
171,1,1981,8.44
171,1,1982,8.45
171,1,1983,8.46
171,1,1984,8.53
171,1,1985,8.67
171,1,1986,8.65
171,1,1987,8.67
171,1,1988,8.68
171,1,1989,8.66
171,1,1990,8.67
171,1,1991,8.75
171,1,1992,8.73
171,1,1993,8.67
171,1,1994,8.48
171,1,1995,8.34
171,1,1996,8.21
171,1,1997,8.09
171,1,1998,8.12
171,1,1999,8.16
171,1,2000,8.19
171,1,2001,8.18
171,1,2002,8.34
171,1,2003,8.27
171,1,2004,8.3
171,1,2005,8.37
171,1,2006,8.49
171,1,2007,8.54
171,1,2008,8.67
171,1,2009,8.75
171,1,2010,8.77
171,1,2011,8.85
171,1,2012,8.93
171,1,2013,9.06
171,1,2014,9.26
171,1,2015,9.41
171,1,2016,9.45
171,1,2017,9.53
171,1,2018,9.7
171,1,2019,9.89
171,1,2020,11.37
171,1,2021,11.38
171,1,2022,12.27
171,1,2023,12.21
171,2,1980,3.52
171,2,1981,3.56
171,2,1982,3.59
171,2,1983,3.62
171,2,1984,3.67
171,2,1985,3.75
171,2,1986,3.73
171,2,1987,3.73
171,2,1988,3.75
171,2,1989,3.74
171,2,1990,3.74
171,2,1991,3.77
171,2,1992,3.75
171,2,1993,3.71
171,2,1994,3.61
171,2,1995,3.54
171,2,1996,3.47
171,2,1997,3.44
171,2,1998,3.46
171,2,1999,3.51
171,2,2000,3.51
171,2,2001,3.47
171,2,2002,3.52
171,2,2003,3.5
171,2,2004,3.51
171,2,2005,3.55
171,2,2006,3.61
171,2,2007,3.64
171,2,2008,3.69
171,2,2009,3.74
171,2,2010,3.81
171,2,2011,3.89
171,2,2012,3.97
171,2,2013,4.07
171,2,2014,4.2
171,2,2015,4.32
171,2,2016,4.44
171,2,2017,4.57
171,2,2018,4.76
171,2,2019,4.96
171,2,2020,5.23
171,2,2021,5.38
171,2,2022,6.34
171,2,2023,6.55
172,1,1980,13.37
172,1,1981,13.2
172,1,1982,12.94
172,1,1983,12.7
172,1,1984,12.4
172,1,1985,12.27
172,1,1986,12
172,1,1987,11.91
172,1,1988,12.01
172,1,1989,11.98
172,1,1990,11.94
172,1,1991,12.06
172,1,1992,12.14
172,1,1993,12.31
172,1,1994,12.25
172,1,1995,12.44
172,1,1996,12.83
172,1,1997,13.79
172,1,1998,14.49
172,1,1999,15.37
172,1,2000,16.38
172,1,2001,17.19
172,1,2002,17.86
172,1,2003,17.94
172,1,2004,18.45
172,1,2005,19.39
172,1,2006,19.56
172,1,2007,19.78
172,1,2008,20.33
172,1,2009,21.36
172,1,2010,21.98
172,1,2011,21.85
172,1,2012,21.23
172,1,2013,21.11
172,1,2014,21.23
172,1,2015,21.58
172,1,2016,21.54
172,1,2017,21.42
172,1,2018,21.37
172,1,2019,21.36
172,1,2020,22.72
172,1,2021,23.71
172,1,2022,25.56
172,1,2023,25.91
172,2,1980,3.98
172,2,1981,3.98
172,2,1982,3.92
172,2,1983,3.84
172,2,1984,3.78
172,2,1985,3.77
172,2,1986,3.63
172,2,1987,3.58
172,2,1988,3.67
172,2,1989,3.71
172,2,1990,3.73
172,2,1991,3.78
172,2,1992,3.82
172,2,1993,3.83
172,2,1994,3.74
172,2,1995,3.8
172,2,1996,3.84
172,2,1997,4.17
172,2,1998,4.37
172,2,1999,4.63
172,2,2000,4.92
172,2,2001,5.15
172,2,2002,5.27
172,2,2003,5.28
172,2,2004,5.39
172,2,2005,5.68
172,2,2006,5.82
172,2,2007,6
172,2,2008,6.3
172,2,2009,6.65
172,2,2010,6.6
172,2,2011,6.65
172,2,2012,7.15
172,2,2013,7.29
172,2,2014,7.61
172,2,2015,7.52
172,2,2016,7.51
172,2,2017,8.03
172,2,2018,8.16
172,2,2019,8.12
172,2,2020,8.04
172,2,2021,8.84
172,2,2022,9.81
172,2,2023,10.29
173,1,1980,8.33
173,1,1981,8.38
173,1,1982,8.51
173,1,1983,8.66
173,1,1984,8.56
173,1,1985,8.55
173,1,1986,8.64
173,1,1987,8.69
173,1,1988,8.55
173,1,1989,8.52
173,1,1990,8.36
173,1,1991,8.65
173,1,1992,8.68
173,1,1993,8.56
173,1,1994,8.61
173,1,1995,8.78
173,1,1996,8.78
173,1,1997,9.02
173,1,1998,9.14
173,1,1999,9.03
173,1,2000,9.15
173,1,2001,9.21
173,1,2002,9.48
173,1,2003,9.47
173,1,2004,9.57
173,1,2005,9.85
173,1,2006,9.95
173,1,2007,10.08
173,1,2008,10.03
173,1,2009,9.93
173,1,2010,9.82
173,1,2011,9.82
173,1,2012,9.9
173,1,2013,10.22
173,1,2014,10.44
173,1,2015,10.91
173,1,2016,10.96
173,1,2017,10.97
173,1,2018,11.09
173,1,2019,11.31
173,1,2020,11.78
173,1,2021,11.96
173,1,2022,13.25
173,1,2023,13.66
173,2,1980,4.48
173,2,1981,4.57
173,2,1982,4.71
173,2,1983,4.87
173,2,1984,4.79
173,2,1985,4.8
173,2,1986,4.79
173,2,1987,4.81
173,2,1988,4.77
173,2,1989,4.8
173,2,1990,4.75
173,2,1991,4.93
173,2,1992,5.03
173,2,1993,4.86
173,2,1994,4.88
173,2,1995,5.01
173,2,1996,4.89
173,2,1997,4.99
173,2,1998,4.99
173,2,1999,4.8
173,2,2000,4.85
173,2,2001,4.88
173,2,2002,5.02
173,2,2003,5.03
173,2,2004,5.1
173,2,2005,5.36
173,2,2006,5.51
173,2,2007,5.6
173,2,2008,5.62
173,2,2009,5.68
173,2,2010,5.65
173,2,2011,5.7
173,2,2012,5.95
173,2,2013,6.34
173,2,2014,6.57
173,2,2015,6.79
173,2,2016,6.82
173,2,2017,6.83
173,2,2018,6.86
173,2,2019,6.97
173,2,2020,7.22
173,2,2021,7.48
173,2,2022,8.38
173,2,2023,8.7
175,1,1980,5.7
175,1,1981,5.69
175,1,1982,5.65
175,1,1983,5.63
175,1,1984,5.61
175,1,1985,5.6
175,1,1986,5.55
175,1,1987,5.49
175,1,1988,5.41
175,1,1989,5.31
175,1,1990,5.25
175,1,1991,5.2
175,1,1992,5.15
175,1,1993,5.13
175,1,1994,5.06
175,1,1995,4.97
175,1,1996,4.93
175,1,1997,4.89
175,1,1998,4.82
175,1,1999,4.81
175,1,2000,4.83
175,1,2001,4.85
175,1,2002,4.88
175,1,2003,4.92
175,1,2004,5.06
175,1,2005,5.22
175,1,2006,5.39
175,1,2007,5.63
175,1,2008,5.9
175,1,2009,6.02
175,1,2010,6.12
175,1,2011,6.23
175,1,2012,6.35
175,1,2013,6.4
175,1,2014,6.56
175,1,2015,6.66
175,1,2016,6.71
175,1,2017,6.72
175,1,2018,6.7
175,1,2019,6.79
175,1,2020,7.12
175,1,2021,8.12
175,1,2022,7.42
175,1,2023,7.64
175,2,1980,2.06
175,2,1981,2.08
175,2,1982,2.09
175,2,1983,2.11
175,2,1984,2.11
175,2,1985,2.11
175,2,1986,2.1
175,2,1987,2.07
175,2,1988,2.04
175,2,1989,1.99
175,2,1990,1.95
175,2,1991,1.91
175,2,1992,1.88
175,2,1993,1.85
175,2,1994,1.8
175,2,1995,1.75
175,2,1996,1.72
175,2,1997,1.69
175,2,1998,1.65
175,2,1999,1.62
175,2,2000,1.62
175,2,2001,1.61
175,2,2002,1.61
175,2,2003,1.6
175,2,2004,1.66
175,2,2005,1.72
175,2,2006,1.78
175,2,2007,1.86
175,2,2008,1.96
175,2,2009,2
175,2,2010,2.04
175,2,2011,2.11
175,2,2012,2.18
175,2,2013,2.19
175,2,2014,2.23
175,2,2015,2.28
175,2,2016,2.3
175,2,2017,2.34
175,2,2018,2.35
175,2,2019,2.41
175,2,2020,2.41
175,2,2021,2.67
175,2,2022,2.69
175,2,2023,2.83
176,1,1980,3.96
176,1,1981,3.91
176,1,1982,3.84
176,1,1983,3.77
176,1,1984,3.71
176,1,1985,3.68
176,1,1986,3.66
176,1,1987,3.65
176,1,1988,3.66
176,1,1989,3.67
176,1,1990,3.71
176,1,1991,3.76
176,1,1992,3.78
176,1,1993,3.78
176,1,1994,3.76
176,1,1995,3.7
176,1,1996,3.81
176,1,1997,3.62
176,1,1998,3.69
176,1,1999,3.63
176,1,2000,3.83
176,1,2001,3.76
176,1,2002,3.9
176,1,2003,3.86
176,1,2004,3.64
176,1,2005,3.78
176,1,2006,3.57
176,1,2007,3.82
176,1,2008,3.75
176,1,2009,3.7
176,1,2010,3.55
176,1,2011,3.62
176,1,2012,3.51
176,1,2013,3.51
176,1,2014,3.67
176,1,2015,3.66
176,1,2016,3.67
176,1,2017,3.64
176,1,2018,3.57
176,1,2019,3.66
176,1,2020,4.29
176,1,2021,5.37
176,1,2022,4.13
176,1,2023,4.14
176,2,1980,1.62
176,2,1981,1.61
176,2,1982,1.59
176,2,1983,1.55
176,2,1984,1.53
176,2,1985,1.51
176,2,1986,1.5
176,2,1987,1.5
176,2,1988,1.5
176,2,1989,1.51
176,2,1990,1.52
176,2,1991,1.55
176,2,1992,1.58
176,2,1993,1.58
176,2,1994,1.57
176,2,1995,1.53
176,2,1996,1.55
176,2,1997,1.5
176,2,1998,1.53
176,2,1999,1.48
176,2,2000,1.56
176,2,2001,1.52
176,2,2002,1.59
176,2,2003,1.55
176,2,2004,1.45
176,2,2005,1.53
176,2,2006,1.44
176,2,2007,1.58
176,2,2008,1.56
176,2,2009,1.5
176,2,2010,1.46
176,2,2011,1.48
176,2,2012,1.44
176,2,2013,1.42
176,2,2014,1.51
176,2,2015,1.49
176,2,2016,1.49
176,2,2017,1.49
176,2,2018,1.45
176,2,2019,1.49
176,2,2020,1.51
176,2,2021,1.6
176,2,2022,1.54
176,2,2023,1.63
177,1,1980,10.38
177,1,1981,10.28
177,1,1982,10.17
177,1,1983,10.09
177,1,1984,10
177,1,1985,9.94
177,1,1986,9.83
177,1,1987,9.8
177,1,1988,9.75
177,1,1989,9.7
177,1,1990,9.56
177,1,1991,9.13
177,1,1992,8.99
177,1,1993,9.81
177,1,1994,8.78
177,1,1995,8.99
177,1,1996,8.8
177,1,1997,8.56
177,1,1998,8.58
177,1,1999,8.46
177,1,2000,8.39
177,1,2001,8.33
177,1,2002,8.3
177,1,2003,8.02
177,1,2004,8.36
177,1,2005,8.41
177,1,2006,8.6
177,1,2007,8.71
177,1,2008,8.86
177,1,2009,8.86
177,1,2010,8.98
177,1,2011,9.14
177,1,2012,9.41
177,1,2013,9.45
177,1,2014,9.23
177,1,2015,9.66
177,1,2016,9.75
177,1,2017,9.96
177,1,2018,9.75
177,1,2019,9.94
177,1,2020,10
177,1,2021,11.35
177,1,2022,10.63
177,1,2023,11.29
177,2,1980,3.39
177,2,1981,3.39
177,2,1982,3.4
177,2,1983,3.4
177,2,1984,3.39
177,2,1985,3.4
177,2,1986,3.39
177,2,1987,3.42
177,2,1988,3.44
177,2,1989,3.46
177,2,1990,3.45
177,2,1991,3.31
177,2,1992,3.3
177,2,1993,3.72
177,2,1994,3.22
177,2,1995,3.3
177,2,1996,3.16
177,2,1997,3.01
177,2,1998,2.96
177,2,1999,2.85
177,2,2000,2.77
177,2,2001,2.7
177,2,2002,2.65
177,2,2003,2.49
177,2,2004,2.59
177,2,2005,2.58
177,2,2006,2.6
177,2,2007,2.67
177,2,2008,2.73
177,2,2009,2.72
177,2,2010,2.79
177,2,2011,2.83
177,2,2012,2.9
177,2,2013,2.95
177,2,2014,2.9
177,2,2015,3.05
177,2,2016,3.09
177,2,2017,3.23
177,2,2018,3.2
177,2,2019,3.3
177,2,2020,3.16
177,2,2021,3.3
177,2,2022,3.53
177,2,2023,3.81
178,1,1980,5.76
178,1,1981,5.7
178,1,1982,5.62
178,1,1983,5.53
178,1,1984,5.43
178,1,1985,5.3
178,1,1986,5.22
178,1,1987,5.14
178,1,1988,5.06
178,1,1989,4.99
178,1,1990,4.92
178,1,1991,4.86
178,1,1992,4.88
178,1,1993,4.87
178,1,1994,4.8
178,1,1995,4.68
178,1,1996,4.73
178,1,1997,4.8
178,1,1998,4.86
178,1,1999,4.94
178,1,2000,4.98
178,1,2001,4.93
178,1,2002,5.02
178,1,2003,5
178,1,2004,5.02
178,1,2005,5.01
178,1,2006,5.02
178,1,2007,5.04
178,1,2008,5.07
178,1,2009,5.11
178,1,2010,5.11
178,1,2011,5.17
178,1,2012,5.32
178,1,2013,5.41
178,1,2014,5.38
178,1,2015,5.61
178,1,2016,5.69
178,1,2017,5.81
178,1,2018,5.93
178,1,2019,5.94
178,1,2020,6.18
178,1,2021,6.37
178,1,2022,7.83
178,1,2023,7.29
178,2,1980,2.34
178,2,1981,2.35
178,2,1982,2.35
178,2,1983,2.33
178,2,1984,2.3
178,2,1985,2.28
178,2,1986,2.28
178,2,1987,2.29
178,2,1988,2.31
178,2,1989,2.33
178,2,1990,2.36
178,2,1991,2.39
178,2,1992,2.45
178,2,1993,2.49
178,2,1994,2.51
178,2,1995,2.54
178,2,1996,2.57
178,2,1997,2.61
178,2,1998,2.64
178,2,1999,2.67
178,2,2000,2.68
178,2,2001,2.64
178,2,2002,2.69
178,2,2003,2.65
178,2,2004,2.65
178,2,2005,2.63
178,2,2006,2.63
178,2,2007,2.64
178,2,2008,2.64
178,2,2009,2.65
178,2,2010,2.65
178,2,2011,2.7
178,2,2012,2.77
178,2,2013,2.81
178,2,2014,2.82
178,2,2015,2.91
178,2,2016,2.96
178,2,2017,3.03
178,2,2018,3.12
178,2,2019,3.17
178,2,2020,3.18
178,2,2021,3.13
178,2,2022,3.65
178,2,2023,3.75
179,1,1980,7.21
179,1,1981,7.17
179,1,1982,7.12
179,1,1983,7.04
179,1,1984,7.01
179,1,1985,7.08
179,1,1986,7.12
179,1,1987,7.19
179,1,1988,7.26
179,1,1989,7.34
179,1,1990,7.41
179,1,1991,7.51
179,1,1992,7.63
179,1,1993,7.78
179,1,1994,7.92
179,1,1995,8.08
179,1,1996,8.3
179,1,1997,8.49
179,1,1998,8.62
179,1,1999,8.73
179,1,2000,8.8
179,1,2001,8.94
179,1,2002,9.05
179,1,2003,9.04
179,1,2004,9.1
179,1,2005,9.3
179,1,2006,9.61
179,1,2007,10
179,1,2008,10.48
179,1,2009,10.85
179,1,2010,11.21
179,1,2011,11.66
179,1,2012,11.73
179,1,2013,12.01
179,1,2014,12.01
179,1,2015,11.85
179,1,2016,11.94
179,1,2017,12.09
179,1,2018,12.26
179,1,2019,12.58
179,1,2020,12.94
179,1,2021,14.79
179,1,2022,14.7
179,1,2023,15.5
179,2,1980,1.27
179,2,1981,1.27
179,2,1982,1.27
179,2,1983,1.26
179,2,1984,1.26
179,2,1985,1.26
179,2,1986,1.27
179,2,1987,1.28
179,2,1988,1.3
179,2,1989,1.32
179,2,1990,1.34
179,2,1991,1.36
179,2,1992,1.39
179,2,1993,1.41
179,2,1994,1.42
179,2,1995,1.44
179,2,1996,1.48
179,2,1997,1.52
179,2,1998,1.55
179,2,1999,1.57
179,2,2000,1.6
179,2,2001,1.63
179,2,2002,1.67
179,2,2003,1.7
179,2,2004,1.75
179,2,2005,1.84
179,2,2006,1.97
179,2,2007,2.11
179,2,2008,2.26
179,2,2009,2.37
179,2,2010,2.49
179,2,2011,2.6
179,2,2012,2.66
179,2,2013,2.71
179,2,2014,2.7
179,2,2015,2.72
179,2,2016,2.82
179,2,2017,2.89
179,2,2018,2.98
179,2,2019,3.08
179,2,2020,3.03
179,2,2021,3.17
179,2,2022,3.73
179,2,2023,3.96
180,1,1980,4.15
180,1,1981,4.14
180,1,1982,4.14
180,1,1983,4.14
180,1,1984,4.15
180,1,1985,4.15
180,1,1986,4.16
180,1,1987,4.14
180,1,1988,4.15
180,1,1989,4.14
180,1,1990,4.13
180,1,1991,4.14
180,1,1992,4.17
180,1,1993,4.22
180,1,1994,4.28
180,1,1995,4.32
180,1,1996,4.36
180,1,1997,4.38
180,1,1998,4.38
180,1,1999,4.38
180,1,2000,4.37
180,1,2001,4.31
180,1,2002,4.23
180,1,2003,4.23
180,1,2004,4.32
180,1,2005,4.3
180,1,2006,4.2
180,1,2007,4.13
180,1,2008,4.13
180,1,2009,4.15
180,1,2010,4.11
180,1,2011,4.12
180,1,2012,4.12
180,1,2013,4.08
180,1,2014,4.09
180,1,2015,4.14
180,1,2016,4.14
180,1,2017,4.12
180,1,2018,4.18
180,1,2019,4.2
180,1,2020,5.01
180,1,2021,5.69
180,1,2022,4.6
180,1,2023,4.72
180,2,1980,2.08
180,2,1981,2.09
180,2,1982,2.09
180,2,1983,2.09
180,2,1984,2.08
180,2,1985,2.09
180,2,1986,2.09
180,2,1987,2.08
180,2,1988,2.09
180,2,1989,2.07
180,2,1990,2.07
180,2,1991,2.06
180,2,1992,2.07
180,2,1993,2.08
180,2,1994,2.09
180,2,1995,2.1
180,2,1996,2.12
180,2,1997,2.14
180,2,1998,2.16
180,2,1999,2.16
180,2,2000,2.19
180,2,2001,2.15
180,2,2002,2.18
180,2,2003,2.11
180,2,2004,2.11
180,2,2005,2.09
180,2,2006,2.08
180,2,2007,2.04
180,2,2008,2.02
180,2,2009,2.01
180,2,2010,2.05
180,2,2011,2.05
180,2,2012,2.04
180,2,2013,1.99
180,2,2014,1.89
180,2,2015,1.96
180,2,2016,1.99
180,2,2017,2.05
180,2,2018,2.1
180,2,2019,2.13
180,2,2020,2.13
180,2,2021,2.36
180,2,2022,2.39
180,2,2023,2.47
181,1,1980,13.9
181,1,1981,13.95
181,1,1982,13.33
181,1,1983,13.51
181,1,1984,13.3
181,1,1985,13.26
181,1,1986,12.97
181,1,1987,12.68
181,1,1988,12.79
181,1,1989,12.4
181,1,1990,12.27
181,1,1991,12.28
181,1,1992,12.28
181,1,1993,11.93
181,1,1994,11.98
181,1,1995,11.55
181,1,1996,11.25
181,1,1997,11.01
181,1,1998,10.63
181,1,1999,10.49
181,1,2000,10.3
181,1,2001,10.05
181,1,2002,9.72
181,1,2003,9.37
181,1,2004,9.2
181,1,2005,9.04
181,1,2006,9.09
181,1,2007,9.23
181,1,2008,9.43
181,1,2009,9.48
181,1,2010,9.52
181,1,2011,9.57
181,1,2012,9.55
181,1,2013,9.57
181,1,2014,9.53
181,1,2015,9.61
181,1,2016,9.66
181,1,2017,9.57
181,1,2018,9.68
181,1,2019,9.76
181,1,2020,10.1
181,1,2021,11.27
181,1,2022,11.79
181,1,2023,11.72
181,2,1980,4.57
181,2,1981,4.54
181,2,1982,4.52
181,2,1983,4.43
181,2,1984,4.45
181,2,1985,4.43
181,2,1986,4.36
181,2,1987,4.39
181,2,1988,4.44
181,2,1989,4.4
181,2,1990,4.51
181,2,1991,4.53
181,2,1992,4.54
181,2,1993,4.47
181,2,1994,4.5
181,2,1995,4.25
181,2,1996,4.18
181,2,1997,4.06
181,2,1998,3.97
181,2,1999,3.97
181,2,2000,3.88
181,2,2001,3.79
181,2,2002,3.66
181,2,2003,3.53
181,2,2004,3.43
181,2,2005,3.39
181,2,2006,3.41
181,2,2007,3.46
181,2,2008,3.51
181,2,2009,3.52
181,2,2010,3.53
181,2,2011,3.55
181,2,2012,3.55
181,2,2013,3.55
181,2,2014,3.52
181,2,2015,3.55
181,2,2016,3.59
181,2,2017,3.63
181,2,2018,3.72
181,2,2019,3.79
181,2,2020,3.6
181,2,2021,3.85
181,2,2022,4.66
181,2,2023,4.87
182,1,1980,4.38
182,1,1981,4.39
182,1,1982,4.39
182,1,1983,4.42
182,1,1984,4.44
182,1,1985,4.51
182,1,1986,4.55
182,1,1987,4.55
182,1,1988,4.51
182,1,1989,4.45
182,1,1990,4.39
182,1,1991,4.4
182,1,1992,4.4
182,1,1993,4.44
182,1,1994,4.39
182,1,1995,4.43
182,1,1996,4.44
182,1,1997,4.45
182,1,1998,4.45
182,1,1999,4.43
182,1,2000,4.57
182,1,2001,4.58
182,1,2002,4.67
182,1,2003,4.61
182,1,2004,4.68
182,1,2005,4.6
182,1,2006,4.36
182,1,2007,4.11
182,1,2008,3.97
182,1,2009,3.92
182,1,2010,4.12
182,1,2011,4.24
182,1,2012,4.27
182,1,2013,4.23
182,1,2014,4.24
182,1,2015,4.28
182,1,2016,4.29
182,1,2017,4.3
182,1,2018,4.35
182,1,2019,4.43
182,1,2020,4.64
182,1,2021,7.59
182,1,2022,5.33
182,1,2023,5.27
182,2,1980,1.1
182,2,1981,1.13
182,2,1982,1.17
182,2,1983,1.21
182,2,1984,1.24
182,2,1985,1.28
182,2,1986,1.32
182,2,1987,1.34
182,2,1988,1.33
182,2,1989,1.3
182,2,1990,1.25
182,2,1991,1.21
182,2,1992,1.17
182,2,1993,1.15
182,2,1994,1.1
182,2,1995,1.09
182,2,1996,1.08
182,2,1997,1.08
182,2,1998,1.07
182,2,1999,1.06
182,2,2000,1.09
182,2,2001,1.1
182,2,2002,1.12
182,2,2003,1.1
182,2,2004,1.12
182,2,2005,1.11
182,2,2006,1.06
182,2,2007,1.03
182,2,2008,1.02
182,2,2009,1.04
182,2,2010,1.11
182,2,2011,1.16
182,2,2012,1.19
182,2,2013,1.19
182,2,2014,1.2
182,2,2015,1.22
182,2,2016,1.23
182,2,2017,1.26
182,2,2018,1.3
182,2,2019,1.34
182,2,2020,1.32
182,2,2021,1.6
182,2,2022,1.61
182,2,2023,1.7
183,1,1980,36.08
183,1,1981,30.66
183,1,1982,22.86
183,1,1983,22.46
183,1,1984,25.57
183,1,1985,26.46
183,1,1986,26.62
183,1,1987,25.14
183,1,1988,27.14
183,1,1989,25.7
183,1,1990,24.4
183,1,1991,26.32
183,1,1992,25.86
183,1,1993,24.02
183,1,1994,24.06
183,1,1995,25.31
183,1,1996,23.98
183,1,1997,21.28
183,1,1998,21.88
183,1,1999,23.78
183,1,2000,24.82
183,1,2001,26.59
183,1,2002,24.68
183,1,2003,25.06
183,1,2004,24.33
183,1,2005,22.73
183,1,2006,21.74
183,1,2007,21.68
183,1,2008,21.94
183,1,2009,20.96
183,1,2010,20.35
183,1,2011,20.11
183,1,2012,20.18
183,1,2013,20
183,1,2014,19.14
183,1,2015,18.31
183,1,2016,18.18
183,1,2017,17.12
183,1,2018,16.12
183,1,2019,15.87
183,1,2020,14.47
183,1,2021,14.61
183,1,2022,14.55
183,1,2023,15.65
183,2,1980,6.53
183,2,1981,6.58
183,2,1982,5.63
183,2,1983,5.06
183,2,1984,5.91
183,2,1985,5.62
183,2,1986,6.15
183,2,1987,6.83
183,2,1988,7.47
183,2,1989,6.93
183,2,1990,6.57
183,2,1991,6.73
183,2,1992,6.04
183,2,1993,6.29
183,2,1994,6.35
183,2,1995,6.22
183,2,1996,5.91
183,2,1997,5.77
183,2,1998,6.4
183,2,1999,7.61
183,2,2000,7.9
183,2,2001,7.93
183,2,2002,7.72
183,2,2003,7.7
183,2,2004,7.62
183,2,2005,7.59
183,2,2006,6.68
183,2,2007,6.51
183,2,2008,6.34
183,2,2009,6.25
183,2,2010,6.03
183,2,2011,6.06
183,2,2012,5.93
183,2,2013,5.89
183,2,2014,5.6
183,2,2015,5.71
183,2,2016,5.46
183,2,2017,5.52
183,2,2018,5.74
183,2,2019,5.51
183,2,2020,5.29
183,2,2021,5.05
183,2,2022,5.46
183,2,2023,5.66
184,1,1980,7.07
184,1,1981,6.96
184,1,1982,6.88
184,1,1983,6.79
184,1,1984,6.66
184,1,1985,6.57
184,1,1986,6.54
184,1,1987,6.43
184,1,1988,6.35
184,1,1989,6.28
184,1,1990,6.26
184,1,1991,6.3
184,1,1992,6.33
184,1,1993,6.34
184,1,1994,6.36
184,1,1995,6.41
184,1,1996,6.46
184,1,1997,6.52
184,1,1998,6.59
184,1,1999,6.65
184,1,2000,6.76
184,1,2001,6.76
184,1,2002,6.95
184,1,2003,6.85
184,1,2004,6.83
184,1,2005,6.78
184,1,2006,6.65
184,1,2007,6.41
184,1,2008,6.25
184,1,2009,5.98
184,1,2010,5.74
184,1,2011,5.68
184,1,2012,5.74
184,1,2013,5.75
184,1,2014,5.59
184,1,2015,5.54
184,1,2016,5.49
184,1,2017,5.5
184,1,2018,5.63
184,1,2019,5.92
184,1,2020,6.14
184,1,2021,7.15
184,1,2022,6.51
184,1,2023,6.53
184,2,1980,1.06
184,2,1981,1.06
184,2,1982,1.05
184,2,1983,1.04
184,2,1984,1.03
184,2,1985,1.01
184,2,1986,1.02
184,2,1987,1.02
184,2,1988,1.03
184,2,1989,1.03
184,2,1990,1.04
184,2,1991,1.04
184,2,1992,1.04
184,2,1993,1.04
184,2,1994,1.04
184,2,1995,1.05
184,2,1996,1.04
184,2,1997,1.05
184,2,1998,1.07
184,2,1999,1.08
184,2,2000,1.09
184,2,2001,1.08
184,2,2002,1.1
184,2,2003,1.09
184,2,2004,1.09
184,2,2005,1.08
184,2,2006,1.07
184,2,2007,1.04
184,2,2008,1.05
184,2,2009,1.01
184,2,2010,0.97
184,2,2011,0.95
184,2,2012,0.95
184,2,2013,0.94
184,2,2014,0.92
184,2,2015,0.92
184,2,2016,0.92
184,2,2017,0.93
184,2,2018,0.94
184,2,2019,0.98
184,2,2020,1
184,2,2021,0.99
184,2,2022,1.09
184,2,2023,1.12
185,1,1980,10.61
185,1,1981,10.74
185,1,1982,10.83
185,1,1983,10.89
185,1,1984,10.95
185,1,1985,10.99
185,1,1986,11
185,1,1987,10.94
185,1,1988,10.83
185,1,1989,10.67
185,1,1990,10.54
185,1,1991,10.54
185,1,1992,10.48
185,1,1993,10.32
185,1,1994,11.64
185,1,1995,9.98
185,1,1996,9.85
185,1,1997,9.68
185,1,1998,9.62
185,1,1999,9.76
185,1,2000,9.95
185,1,2001,10.05
185,1,2002,10.44
185,1,2003,10.86
185,1,2004,11.59
185,1,2005,12.01
185,1,2006,12.56
185,1,2007,12.82
185,1,2008,12.97
185,1,2009,13.12
185,1,2010,13.17
185,1,2011,13.35
185,1,2012,13.57
185,1,2013,13.82
185,1,2014,14.02
185,1,2015,14.12
185,1,2016,14.09
185,1,2017,14.12
185,1,2018,14.24
185,1,2019,14.54
185,1,2020,14.86
185,1,2021,16.35
185,1,2022,16.74
185,1,2023,17.4
185,2,1980,2.98
185,2,1981,3.05
185,2,1982,3.11
185,2,1983,3.16
185,2,1984,3.21
185,2,1985,3.24
185,2,1986,3.26
185,2,1987,3.28
185,2,1988,3.29
185,2,1989,3.28
185,2,1990,3.29
185,2,1991,3.29
185,2,1992,3.3
185,2,1993,3.28
185,2,1994,3.86
185,2,1995,3.04
185,2,1996,2.93
185,2,1997,2.88
185,2,1998,2.83
185,2,1999,2.8
185,2,2000,2.8
185,2,2001,2.79
185,2,2002,2.87
185,2,2003,2.93
185,2,2004,3.09
185,2,2005,3.28
185,2,2006,3.5
185,2,2007,3.6
185,2,2008,3.65
185,2,2009,3.71
185,2,2010,3.73
185,2,2011,3.81
185,2,2012,3.87
185,2,2013,3.98
185,2,2014,4.02
185,2,2015,4.04
185,2,2016,4.03
185,2,2017,4.08
185,2,2018,4.16
185,2,2019,4.29
185,2,2020,4.32
185,2,2021,4.45
185,2,2022,5.09
185,2,2023,5.39
186,1,1980,28.01
186,1,1981,28.34
186,1,1982,28.07
186,1,1983,29.14
186,1,1984,30.32
186,1,1985,31.21
186,1,1986,32.31
186,1,1987,33.08
186,1,1988,33.73
186,1,1989,34.39
186,1,1990,35.61
186,1,1991,37.48
186,1,1992,38.6
186,1,1993,39.24
186,1,1994,38.74
186,1,1995,38.53
186,1,1996,38.38
186,1,1997,38.41
186,1,1998,38.3
186,1,1999,37.95
186,1,2000,37.93
186,1,2001,37.55
186,1,2002,36.48
186,1,2003,35.5
186,1,2004,34.84
186,1,2005,34.27
186,1,2006,33.72
186,1,2007,33.77
186,1,2008,33.48
186,1,2009,32.91
186,1,2010,32.23
186,1,2011,31.69
186,1,2012,31.11
186,1,2013,30.57
186,1,2014,29.86
186,1,2015,28.94
186,1,2016,28.07
186,1,2017,26.86
186,1,2018,25.5
186,1,2019,25.25
186,1,2020,24.89
186,1,2021,26.77
186,1,2022,24.65
186,1,2023,28.39
186,2,1980,5.53
186,2,1981,5.58
186,2,1982,5.55
186,2,1983,5.63
186,2,1984,5.66
186,2,1985,5.71
186,2,1986,5.87
186,2,1987,5.98
186,2,1988,6.12
186,2,1989,6.31
186,2,1990,6.51
186,2,1991,6.72
186,2,1992,6.9
186,2,1993,7.03
186,2,1994,7.08
186,2,1995,7.1
186,2,1996,7.19
186,2,1997,7.32
186,2,1998,7.46
186,2,1999,7.58
186,2,2000,7.7
186,2,2001,7.78
186,2,2002,7.7
186,2,2003,7.59
186,2,2004,7.48
186,2,2005,7.33
186,2,2006,7.13
186,2,2007,7.11
186,2,2008,7.01
186,2,2009,6.94
186,2,2010,6.83
186,2,2011,6.7
186,2,2012,6.57
186,2,2013,6.47
186,2,2014,6.34
186,2,2015,6.22
186,2,2016,6.28
186,2,2017,6.13
186,2,2018,6.07
186,2,2019,6.22
186,2,2020,6.03
186,2,2021,6.86
186,2,2022,6.73
186,2,2023,7.3
187,1,1980,3.23
187,1,1981,3.22
187,1,1982,3.2
187,1,1983,3.24
187,1,1984,3.25
187,1,1985,3.2
187,1,1986,3.15
187,1,1987,3.13
187,1,1988,3.11
187,1,1989,3.11
187,1,1990,3.1
187,1,1991,3.11
187,1,1992,3.16
187,1,1993,3.12
187,1,1994,3.14
187,1,1995,3.07
187,1,1996,3.07
187,1,1997,3.09
187,1,1998,3.13
187,1,1999,3.16
187,1,2000,3.24
187,1,2001,3.23
187,1,2002,3.24
187,1,2003,3.22
187,1,2004,3.27
187,1,2005,3.31
187,1,2006,3.3
187,1,2007,3.33
187,1,2008,3.31
187,1,2009,3.34
187,1,2010,3.33
187,1,2011,3.39
187,1,2012,3.42
187,1,2013,3.42
187,1,2014,3.45
187,1,2015,3.5
187,1,2016,3.57
187,1,2017,3.62
187,1,2018,3.64
187,1,2019,3.66
187,1,2020,4.05
187,1,2021,5.58
187,1,2022,4.18
187,1,2023,4.28
187,2,1980,0.87
187,2,1981,0.89
187,2,1982,0.9
187,2,1983,0.92
187,2,1984,0.94
187,2,1985,0.93
187,2,1986,0.92
187,2,1987,0.93
187,2,1988,0.94
187,2,1989,0.95
187,2,1990,0.96
187,2,1991,0.96
187,2,1992,1
187,2,1993,0.98
187,2,1994,0.99
187,2,1995,0.96
187,2,1996,0.95
187,2,1997,0.96
187,2,1998,0.96
187,2,1999,0.96
187,2,2000,0.98
187,2,2001,0.98
187,2,2002,0.98
187,2,2003,0.97
187,2,2004,0.97
187,2,2005,0.98
187,2,2006,0.97
187,2,2007,0.98
187,2,2008,0.97
187,2,2009,0.97
187,2,2010,0.98
187,2,2011,0.99
187,2,2012,0.99
187,2,2013,0.99
187,2,2014,1
187,2,2015,1.02
187,2,2016,1.05
187,2,2017,1.08
187,2,2018,1.1
187,2,2019,1.13
187,2,2020,1.04
187,2,2021,1.18
187,2,2022,1.23
187,2,2023,1.28
189,1,1980,3.03
189,1,1981,3.02
189,1,1982,2.98
189,1,1983,2.96
189,1,1984,2.93
189,1,1985,2.9
189,1,1986,2.86
189,1,1987,2.82
189,1,1988,2.8
189,1,1989,2.78
189,1,1990,2.79
189,1,1991,2.84
189,1,1992,2.9
189,1,1993,2.91
189,1,1994,2.93
189,1,1995,2.93
189,1,1996,2.93
189,1,1997,2.94
189,1,1998,2.91
189,1,1999,2.85
189,1,2000,2.83
189,1,2001,2.81
189,1,2002,2.85
189,1,2003,2.88
189,1,2004,2.91
189,1,2005,2.89
189,1,2006,2.88
189,1,2007,2.89
189,1,2008,2.9
189,1,2009,2.91
189,1,2010,2.91
189,1,2011,2.98
189,1,2012,3.04
189,1,2013,3.04
189,1,2014,3.02
189,1,2015,3.04
189,1,2016,3.05
189,1,2017,3
189,1,2018,2.96
189,1,2019,2.91
189,1,2020,3.05
189,1,2021,3.37
189,1,2022,2.96
189,1,2023,3.09
189,2,1980,0.9
189,2,1981,0.9
189,2,1982,0.9
189,2,1983,0.9
189,2,1984,0.89
189,2,1985,0.89
189,2,1986,0.88
189,2,1987,0.87
189,2,1988,0.88
189,2,1989,0.87
189,2,1990,0.87
189,2,1991,0.88
189,2,1992,0.91
189,2,1993,0.91
189,2,1994,0.91
189,2,1995,0.91
189,2,1996,0.91
189,2,1997,0.92
189,2,1998,0.92
189,2,1999,0.9
189,2,2000,0.9
189,2,2001,0.9
189,2,2002,0.92
189,2,2003,0.94
189,2,2004,0.97
189,2,2005,0.98
189,2,2006,1
189,2,2007,1.02
189,2,2008,1.04
189,2,2009,1.04
189,2,2010,1.06
189,2,2011,1.07
189,2,2012,1.08
189,2,2013,1.08
189,2,2014,1.06
189,2,2015,1.06
189,2,2016,1.05
189,2,2017,1.04
189,2,2018,1.02
189,2,2019,1.01
189,2,2020,1.04
189,2,2021,1.21
189,2,2022,1.03
189,2,2023,1.08
190,1,1980,8.3
190,1,1981,7.92
190,1,1982,8.3
190,1,1983,8.28
190,1,1984,8.21
190,1,1985,8.2
190,1,1986,8.25
190,1,1987,8.44
190,1,1988,8.63
190,1,1989,9.11
190,1,1990,9.39
190,1,1991,9.9
190,1,1992,10.02
190,1,1993,10.16
190,1,1994,10.25
190,1,1995,10.18
190,1,1996,10.13
190,1,1997,10.06
190,1,1998,10.07
190,1,1999,10
190,1,2000,10.12
190,1,2001,9.79
190,1,2002,9.68
190,1,2003,9.31
190,1,2004,9.04
190,1,2005,8.77
190,1,2006,8.72
190,1,2007,8.78
190,1,2008,8.77
190,1,2009,8.68
190,1,2010,8.52
190,1,2011,8.49
190,1,2012,8.51
190,1,2013,8.44
190,1,2014,8.47
190,1,2015,8.55
190,1,2016,8.42
190,1,2017,8.27
190,1,2018,8.24
190,1,2019,8.18
190,1,2020,8.36
190,1,2021,10.09
190,1,2022,9.1
190,1,2023,9.51
190,2,1980,3.24
190,2,1981,3.06
190,2,1982,3.33
190,2,1983,3.3
190,2,1984,3.21
190,2,1985,3.12
190,2,1986,3.08
190,2,1987,3.08
190,2,1988,3.09
190,2,1989,3.25
190,2,1990,3.34
190,2,1991,3.51
190,2,1992,3.51
190,2,1993,3.61
190,2,1994,3.67
190,2,1995,3.67
190,2,1996,3.71
190,2,1997,3.7
190,2,1998,3.71
190,2,1999,3.68
190,2,2000,3.74
190,2,2001,3.73
190,2,2002,3.79
190,2,2003,3.74
190,2,2004,3.75
190,2,2005,3.8
190,2,2006,3.93
190,2,2007,4
190,2,2008,4.08
190,2,2009,4.15
190,2,2010,4.12
190,2,2011,4.17
190,2,2012,4.29
190,2,2013,4.37
190,2,2014,4.35
190,2,2015,4.42
190,2,2016,4.41
190,2,2017,4.47
190,2,2018,4.55
190,2,2019,4.62
190,2,2020,4.63
190,2,2021,5.15
190,2,2022,5.32
190,2,2023,5.68
191,1,1980,3.77
191,1,1981,3.73
191,1,1982,3.66
191,1,1983,3.59
191,1,1984,3.53
191,1,1985,3.55
191,1,1986,3.5
191,1,1987,3.49
191,1,1988,3.49
191,1,1989,3.48
191,1,1990,3.51
191,1,1991,3.55
191,1,1992,3.61
191,1,1993,3.66
191,1,1994,3.71
191,1,1995,3.8
191,1,1996,3.86
191,1,1997,3.9
191,1,1998,3.93
191,1,1999,3.95
191,1,2000,3.92
191,1,2001,4.04
191,1,2002,3.99
191,1,2003,3.92
191,1,2004,3.86
191,1,2005,3.77
191,1,2006,3.8
191,1,2007,3.73
191,1,2008,3.72
191,1,2009,3.74
191,1,2010,3.73
191,1,2011,3.81
191,1,2012,3.84
191,1,2013,3.82
191,1,2014,3.85
191,1,2015,3.9
191,1,2016,3.95
191,1,2017,3.93
191,1,2018,3.92
191,1,2019,3.96
191,1,2020,4.31
191,1,2021,5.39
191,1,2022,4.32
191,1,2023,4.4
191,2,1980,2.13
191,2,1981,2.14
191,2,1982,2.13
191,2,1983,2.12
191,2,1984,2.1
191,2,1985,2.11
191,2,1986,2.09
191,2,1987,2.08
191,2,1988,2.07
191,2,1989,2.03
191,2,1990,2.01
191,2,1991,1.99
191,2,1992,1.97
191,2,1993,1.94
191,2,1994,1.91
191,2,1995,1.89
191,2,1996,1.9
191,2,1997,1.91
191,2,1998,1.92
191,2,1999,1.94
191,2,2000,1.95
191,2,2001,2.04
191,2,2002,2
191,2,2003,2
191,2,2004,2.03
191,2,2005,2.06
191,2,2006,2.11
191,2,2007,2.12
191,2,2008,2.19
191,2,2009,2.23
191,2,2010,2.26
191,2,2011,2.31
191,2,2012,2.32
191,2,2013,2.32
191,2,2014,2.32
191,2,2015,2.37
191,2,2016,2.42
191,2,2017,2.46
191,2,2018,2.47
191,2,2019,2.53
191,2,2020,2.6
191,2,2021,2.9
191,2,2022,2.95
191,2,2023,3.1
193,1,1980,6.43
193,1,1981,6.39
193,1,1982,6.34
193,1,1983,6.25
193,1,1984,6.19
193,1,1985,6.28
193,1,1986,6.31
193,1,1987,6.38
193,1,1988,6.34
193,1,1989,6.54
193,1,1990,6.79
193,1,1991,6.88
193,1,1992,7.01
193,1,1993,7.13
193,1,1994,7.49
193,1,1995,7.98
193,1,1996,8.54
193,1,1997,9.32
193,1,1998,10.16
193,1,1999,10.78
193,1,2000,11.07
193,1,2001,11.23
193,1,2002,10.68
193,1,2003,9.49
193,1,2004,8.27
193,1,2005,7.48
193,1,2006,7.62
193,1,2007,6.95
193,1,2008,6.75
193,1,2009,6.56
193,1,2010,6.38
193,1,2011,6.43
193,1,2012,6.55
193,1,2013,6.69
193,1,2014,6.83
193,1,2015,7.11
193,1,2016,7.45
193,1,2017,7.56
193,1,2018,7.84
193,1,2019,8.15
193,1,2020,8.38
193,1,2021,9.21
193,1,2022,9.28
193,1,2023,9.71
193,2,1980,1.46
193,2,1981,1.47
193,2,1982,1.48
193,2,1983,1.48
193,2,1984,1.48
193,2,1985,1.5
193,2,1986,1.52
193,2,1987,1.54
193,2,1988,1.51
193,2,1989,1.53
193,2,1990,1.52
193,2,1991,1.47
193,2,1992,1.41
193,2,1993,1.35
193,2,1994,1.34
193,2,1995,1.35
193,2,1996,1.39
193,2,1997,1.47
193,2,1998,1.61
193,2,1999,1.75
193,2,2000,1.89
193,2,2001,1.96
193,2,2002,1.91
193,2,2003,1.78
193,2,2004,1.65
193,2,2005,1.61
193,2,2006,1.91
193,2,2007,1.59
193,2,2008,1.56
193,2,2009,1.55
193,2,2010,1.51
193,2,2011,1.49
193,2,2012,1.51
193,2,2013,1.52
193,2,2014,1.54
193,2,2015,1.61
193,2,2016,1.71
193,2,2017,1.78
193,2,2018,1.86
193,2,2019,1.92
193,2,2020,1.99
193,2,2021,2.39
193,2,2022,2.25
193,2,2023,2.31
194,1,1980,24.75
194,1,1981,24.62
194,1,1982,24.36
194,1,1983,23.95
194,1,1984,23.52
194,1,1985,24.72
194,1,1986,24.39
194,1,1987,24.08
194,1,1988,23.91
194,1,1989,23.66
194,1,1990,24.39
194,1,1991,23.99
194,1,1992,23.43
194,1,1993,23.15
194,1,1994,22.82
194,1,1995,23.02
194,1,1996,23.47
194,1,1997,23.99
194,1,1998,24.54
194,1,1999,25.33
194,1,2000,26.27
194,1,2001,29.98
194,1,2002,32.63
194,1,2003,31.47
194,1,2004,29.86
194,1,2005,25.07
194,1,2006,20.34
194,1,2007,17.2
194,1,2008,15.89
194,1,2009,15.93
194,1,2010,16.24
194,1,2011,16.67
194,1,2012,17.26
194,1,2013,18.18
194,1,2014,19.77
194,1,2015,21.23
194,1,2016,20.01
194,1,2017,18.45
194,1,2018,18.08
194,1,2019,18.09
194,1,2020,17.67
194,1,2021,18.57
194,1,2022,21.36
194,1,2023,22.55
194,2,1980,5.9
194,2,1981,5.9
194,2,1982,5.88
194,2,1983,5.83
194,2,1984,5.78
194,2,1985,5.84
194,2,1986,5.83
194,2,1987,5.85
194,2,1988,5.92
194,2,1989,6
194,2,1990,6.15
194,2,1991,6.22
194,2,1992,6.24
194,2,1993,6.25
194,2,1994,6.22
194,2,1995,6.18
194,2,1996,6.26
194,2,1997,6.35
194,2,1998,6.23
194,2,1999,6.11
194,2,2000,5.97
194,2,2001,6.8
194,2,2002,7.37
194,2,2003,6.54
194,2,2004,5.81
194,2,2005,4.87
194,2,2006,4.15
194,2,2007,3.8
194,2,2008,3.77
194,2,2009,3.91
194,2,2010,3.98
194,2,2011,4.11
194,2,2012,4.16
194,2,2013,4.21
194,2,2014,4.27
194,2,2015,4.36
194,2,2016,4.4
194,2,2017,4.45
194,2,2018,4.51
194,2,2019,4.55
194,2,2020,4.5
194,2,2021,5.02
194,2,2022,5.44
194,2,2023,5.58
195,1,1980,7.38
195,1,1981,7.31
195,1,1982,7.22
195,1,1983,7.11
195,1,1984,7.03
195,1,1985,7.01
195,1,1986,6.97
195,1,1987,6.91
195,1,1988,6.84
195,1,1989,6.85
195,1,1990,6.88
195,1,1991,6.97
195,1,1992,7
195,1,1993,6.92
195,1,1994,6.78
195,1,1995,6.52
195,1,1996,6.32
195,1,1997,6.24
195,1,1998,6.19
195,1,1999,6.18
195,1,2000,6.13
195,1,2001,6.02
195,1,2002,6
195,1,2003,6
195,1,2004,5.78
195,1,2005,5.59
195,1,2006,5.4
195,1,2007,5.44
195,1,2008,5.44
195,1,2009,5.42
195,1,2010,5.38
195,1,2011,5.41
195,1,2012,5.49
195,1,2013,5.47
195,1,2014,5.47
195,1,2015,5.55
195,1,2016,5.6
195,1,2017,5.53
195,1,2018,5.46
195,1,2019,5.56
195,1,2020,5.63
195,1,2021,7.09
195,1,2022,6.06
195,1,2023,6.03
195,2,1980,2.75
195,2,1981,2.75
195,2,1982,2.73
195,2,1983,2.71
195,2,1984,2.7
195,2,1985,2.7
195,2,1986,2.71
195,2,1987,2.73
195,2,1988,2.75
195,2,1989,2.8
195,2,1990,2.83
195,2,1991,2.87
195,2,1992,2.89
195,2,1993,2.82
195,2,1994,2.73
195,2,1995,2.59
195,2,1996,2.49
195,2,1997,2.42
195,2,1998,2.37
195,2,1999,2.35
195,2,2000,2.34
195,2,2001,2.28
195,2,2002,2.31
195,2,2003,2.32
195,2,2004,2.24
195,2,2005,2.21
195,2,2006,2.21
195,2,2007,2.32
195,2,2008,2.45
195,2,2009,2.48
195,2,2010,2.49
195,2,2011,2.54
195,2,2012,2.61
195,2,2013,2.63
195,2,2014,2.56
195,2,2015,2.56
195,2,2016,2.55
195,2,2017,2.57
195,2,2018,2.68
195,2,2019,2.79
195,2,2020,2.71
195,2,2021,2.96
195,2,2022,2.94
195,2,2023,2.97
196,1,1980,48.05
196,1,1981,47.22
196,1,1982,47.17
196,1,1983,46.13
196,1,1984,45.14
196,1,1985,43.36
196,1,1986,43.14
196,1,1987,42.91
196,1,1988,42.03
196,1,1989,41.56
196,1,1990,41.22
196,1,1991,40.14
196,1,1992,39.86
196,1,1993,41.29
196,1,1994,42.39
196,1,1995,41.07
196,1,1996,42.8
196,1,1997,41.6
196,1,1998,41.45
196,1,1999,40.12
196,1,2000,37.7
196,1,2001,36.38
196,1,2002,34.92
196,1,2003,33.66
196,1,2004,31.34
196,1,2005,30.19
196,1,2006,30.56
196,1,2007,30.99
196,1,2008,31.5
196,1,2009,33.09
196,1,2010,34.05
196,1,2011,35.21
196,1,2012,35.72
196,1,2013,36.28
196,1,2014,37.16
196,1,2015,37.14
196,1,2016,36.46
196,1,2017,35.47
196,1,2018,34.47
196,1,2019,32.09
196,1,2020,30.6
196,1,2021,31.56
196,1,2022,31.1
196,1,2023,32.58
196,2,1980,9.81
196,2,1981,9.69
196,2,1982,9.6
196,2,1983,9.34
196,2,1984,8.99
196,2,1985,9.13
196,2,1986,8.69
196,2,1987,8.47
196,2,1988,8.77
196,2,1989,8.73
196,2,1990,9.08
196,2,1991,9.18
196,2,1992,9.06
196,2,1993,9.72
196,2,1994,9.98
196,2,1995,10.28
196,2,1996,10.84
196,2,1997,10.31
196,2,1998,10.37
196,2,1999,9.88
196,2,2000,9.44
196,2,2001,9.16
196,2,2002,8.84
196,2,2003,8.6
196,2,2004,8.22
196,2,2005,8.45
196,2,2006,8.83
196,2,2007,9.16
196,2,2008,9.63
196,2,2009,10.34
196,2,2010,10.84
196,2,2011,11.35
196,2,2012,11.64
196,2,2013,12.06
196,2,2014,12.45
196,2,2015,12.56
196,2,2016,12.45
196,2,2017,12.23
196,2,2018,12.04
196,2,2019,11
196,2,2020,10.05
196,2,2021,9.83
196,2,2022,10.43
196,2,2023,11.64
197,1,1980,10.56
197,1,1981,10.55
197,1,1982,10.52
197,1,1983,10.47
197,1,1984,10.48
197,1,1985,11.05
197,1,1986,11.13
197,1,1987,11.28
197,1,1988,11.48
197,1,1989,11.69
197,1,1990,11.88
197,1,1991,12.15
197,1,1992,12.42
197,1,1993,12.41
197,1,1994,12.09
197,1,1995,10.15
197,1,1996,9.48
197,1,1997,9.02
197,1,1998,8.53
197,1,1999,8.3
197,1,2000,7.48
197,1,2001,7.68
197,1,2002,7.76
197,1,2003,7.97
197,1,2004,8.16
197,1,2005,7.52
197,1,2006,6.83
197,1,2007,6.26
197,1,2008,6.07
197,1,2009,5.94
197,1,2010,5.18
197,1,2011,4.86
197,1,2012,4.65
197,1,2013,4.4
197,1,2014,4.08
197,1,2015,4.09
197,1,2016,3.87
197,1,2017,3.91
197,1,2018,4.07
197,1,2019,4.18
197,1,2020,4.5
197,1,2021,4.98
197,1,2022,4.87
197,1,2023,4.84
197,2,1980,2.95
197,2,1981,2.95
197,2,1982,2.93
197,2,1983,2.91
197,2,1984,2.88
197,2,1985,2.9
197,2,1986,2.91
197,2,1987,2.94
197,2,1988,3
197,2,1989,3.08
197,2,1990,3.15
197,2,1991,3.22
197,2,1992,3.28
197,2,1993,3.23
197,2,1994,3.11
197,2,1995,2.8
197,2,1996,2.58
197,2,1997,2.38
197,2,1998,2.2
197,2,1999,2.07
197,2,2000,1.94
197,2,2001,1.97
197,2,2002,1.94
197,2,2003,2.03
197,2,2004,2.13
197,2,2005,2.16
197,2,2006,2.17
197,2,2007,2.08
197,2,2008,2.03
197,2,2009,2.04
197,2,2010,2.01
197,2,2011,2.03
197,2,2012,2.01
197,2,2013,1.98
197,2,2014,1.92
197,2,2015,1.89
197,2,2016,1.89
197,2,2017,1.93
197,2,2018,1.97
197,2,2019,2.02
197,2,2020,2.29
197,2,2021,2.53
197,2,2022,2.41
197,2,2023,2.37
198,1,1980,31.09
198,1,1981,30.8
198,1,1982,30.29
198,1,1983,29.54
198,1,1984,28.8
198,1,1985,28.85
198,1,1986,28.38
198,1,1987,28.07
198,1,1988,27.77
198,1,1989,27.92
198,1,1990,28.37
198,1,1991,29.64
198,1,1992,33.43
198,1,1993,35.19
198,1,1994,38.04
198,1,1995,38.78
198,1,1996,40.92
198,1,1997,42.57
198,1,1998,42.6
198,1,1999,41.82
198,1,2000,38.23
198,1,2001,38.08
198,1,2002,37.65
198,1,2003,36.85
198,1,2004,34.65
198,1,2005,31.44
198,1,2006,29.06
198,1,2007,25.9
198,1,2008,25.11
198,1,2009,24.17
198,1,2010,23.12
198,1,2011,23.61
198,1,2012,24.09
198,1,2013,24.02
198,1,2014,23.43
198,1,2015,23.41
198,1,2016,23.85
198,1,2017,23.25
198,1,2018,23.38
198,1,2019,23.27
198,1,2020,23.55
198,1,2021,30.47
198,1,2022,23.5
198,1,2023,23.54
198,2,1980,5.3
198,2,1981,5.28
198,2,1982,5.22
198,2,1983,5.14
198,2,1984,5.06
198,2,1985,5.01
198,2,1986,4.95
198,2,1987,4.84
198,2,1988,4.71
198,2,1989,4.56
198,2,1990,4.44
198,2,1991,4.44
198,2,1992,5.04
198,2,1993,5.24
198,2,1994,5.71
198,2,1995,5.94
198,2,1996,6.29
198,2,1997,6.65
198,2,1998,6.8
198,2,1999,6.82
198,2,2000,6.61
198,2,2001,6.75
198,2,2002,6.86
198,2,2003,6.88
198,2,2004,6.69
198,2,2005,6.27
198,2,2006,5.9
198,2,2007,5.43
198,2,2008,5.5
198,2,2009,5.45
198,2,2010,5.36
198,2,2011,5.67
198,2,2012,5.78
198,2,2013,5.76
198,2,2014,5.71
198,2,2015,5.84
198,2,2016,5.96
198,2,2017,5.92
198,2,2018,6.06
198,2,2019,6.11
198,2,2020,6.07
198,2,2021,7.08
198,2,2022,6.21
198,2,2023,6.29
200,1,1980,2.95
200,1,1981,2.94
200,1,1982,2.94
200,1,1983,2.92
200,1,1984,2.9
200,1,1985,2.91
200,1,1986,2.9
200,1,1987,2.91
200,1,1988,2.89
200,1,1989,2.88
200,1,1990,2.87
200,1,1991,2.89
200,1,1992,2.88
200,1,1993,2.89
200,1,1994,2.87
200,1,1995,2.86
200,1,1996,2.87
200,1,1997,2.88
200,1,1998,2.92
200,1,1999,2.92
200,1,2000,2.95
200,1,2001,2.83
200,1,2002,2.76
200,1,2003,2.66
200,1,2004,2.54
200,1,2005,2.49
200,1,2006,2.5
200,1,2007,2.42
200,1,2008,2.47
200,1,2009,2.49
200,1,2010,2.48
200,1,2011,2.52
200,1,2012,2.53
200,1,2013,2.49
200,1,2014,2.48
200,1,2015,2.66
200,1,2016,2.58
200,1,2017,2.57
200,1,2018,2.52
200,1,2019,2.54
200,1,2020,2.61
200,1,2021,2.55
200,1,2022,2.56
200,1,2023,2.65
200,2,1980,0.72
200,2,1981,0.72
200,2,1982,0.72
200,2,1983,0.73
200,2,1984,0.73
200,2,1985,0.73
200,2,1986,0.74
200,2,1987,0.74
200,2,1988,0.76
200,2,1989,0.76
200,2,1990,0.77
200,2,1991,0.79
200,2,1992,0.79
200,2,1993,0.8
200,2,1994,0.81
200,2,1995,0.8
200,2,1996,0.81
200,2,1997,0.8
200,2,1998,0.81
200,2,1999,0.8
200,2,2000,0.82
200,2,2001,0.78
200,2,2002,0.77
200,2,2003,0.74
200,2,2004,0.72
200,2,2005,0.71
200,2,2006,0.72
200,2,2007,0.71
200,2,2008,0.75
200,2,2009,0.78
200,2,2010,0.79
200,2,2011,0.81
200,2,2012,0.82
200,2,2013,0.83
200,2,2014,0.84
200,2,2015,0.85
200,2,2016,0.85
200,2,2017,0.86
200,2,2018,0.86
200,2,2019,0.89
200,2,2020,0.9
200,2,2021,0.89
200,2,2022,0.91
200,2,2023,0.97
201,1,1980,9.1
201,1,1981,9.05
201,1,1982,9.02
201,1,1983,8.98
201,1,1984,9.01
201,1,1985,9.05
201,1,1986,9.04
201,1,1987,8.9
201,1,1988,8.83
201,1,1989,8.82
201,1,1990,8.79
201,1,1991,8.72
201,1,1992,8.62
201,1,1993,8.6
201,1,1994,8.43
201,1,1995,8.31
201,1,1996,8.2
201,1,1997,8.01
201,1,1998,7.97
201,1,1999,7.75
201,1,2000,7.61
201,1,2001,7.34
201,1,2002,7.32
201,1,2003,7.05
201,1,2004,6.97
201,1,2005,6.9
201,1,2006,6.95
201,1,2007,6.71
201,1,2008,6.62
201,1,2009,6.49
201,1,2010,6.31
201,1,2011,6.11
201,1,2012,6.19
201,1,2013,6.01
201,1,2014,5.98
201,1,2015,6.63
201,1,2016,6.53
201,1,2017,6.45
201,1,2018,6.35
201,1,2019,6.21
201,1,2020,6.23
201,1,2021,6.15
201,1,2022,7.13
201,1,2023,7.65
201,2,1980,2.44
201,2,1981,2.47
201,2,1982,2.51
201,2,1983,2.54
201,2,1984,2.57
201,2,1985,2.59
201,2,1986,2.59
201,2,1987,2.54
201,2,1988,2.5
201,2,1989,2.47
201,2,1990,2.47
201,2,1991,2.37
201,2,1992,2.32
201,2,1993,2.3
201,2,1994,2.24
201,2,1995,2.2
201,2,1996,2.16
201,2,1997,2.11
201,2,1998,2.08
201,2,1999,2.03
201,2,2000,2.02
201,2,2001,1.95
201,2,2002,2.01
201,2,2003,1.94
201,2,2004,1.96
201,2,2005,2.01
201,2,2006,2.1
201,2,2007,2.07
201,2,2008,2.11
201,2,2009,2.12
201,2,2010,2.13
201,2,2011,2.15
201,2,2012,2.19
201,2,2013,2.21
201,2,2014,2.18
201,2,2015,2.34
201,2,2016,2.35
201,2,2017,2.37
201,2,2018,2.35
201,2,2019,2.33
201,2,2020,2.23
201,2,2021,2.19
201,2,2022,2.71
201,2,2023,2.88
202,1,1980,12.48
202,1,1981,12.48
202,1,1982,12.4
202,1,1983,12.26
202,1,1984,12.18
202,1,1985,12.18
202,1,1986,12.03
202,1,1987,11.87
202,1,1988,11.75
202,1,1989,11.6
202,1,1990,11.35
202,1,1991,11.04
202,1,1992,10.59
202,1,1993,10.26
202,1,1994,9.96
202,1,1995,9.75
202,1,1996,9.59
202,1,1997,9.4
202,1,1998,9.34
202,1,1999,9.23
202,1,2000,9.31
202,1,2001,9.03
202,1,2002,9.06
202,1,2003,8.78
202,1,2004,8.52
202,1,2005,8.33
202,1,2006,8.43
202,1,2007,8.24
202,1,2008,8.45
202,1,2009,8.66
202,1,2010,8.81
202,1,2011,8.89
202,1,2012,9.05
202,1,2013,9.07
202,1,2014,9.09
202,1,2015,9.76
202,1,2016,9.42
202,1,2017,9.31
202,1,2018,9.34
202,1,2019,9.4
202,1,2020,9.53
202,1,2021,9.73
202,1,2022,10.08
202,1,2023,10.51
202,2,1980,3.92
202,2,1981,3.97
202,2,1982,3.99
202,2,1983,3.96
202,2,1984,3.99
202,2,1985,4.05
202,2,1986,4.06
202,2,1987,4.1
202,2,1988,4.13
202,2,1989,4.14
202,2,1990,4.11
202,2,1991,4.01
202,2,1992,3.88
202,2,1993,3.76
202,2,1994,3.61
202,2,1995,3.47
202,2,1996,3.39
202,2,1997,3.3
202,2,1998,3.26
202,2,1999,3.22
202,2,2000,3.28
202,2,2001,3.17
202,2,2002,3.22
202,2,2003,3.16
202,2,2004,3.14
202,2,2005,3.15
202,2,2006,3.26
202,2,2007,3.24
202,2,2008,3.38
202,2,2009,3.53
202,2,2010,3.66
202,2,2011,3.75
202,2,2012,3.85
202,2,2013,3.89
202,2,2014,3.86
202,2,2015,4.02
202,2,2016,4.03
202,2,2017,4.09
202,2,2018,4.2
202,2,2019,4.26
202,2,2020,4.38
202,2,2021,4.5
202,2,2022,4.69
202,2,2023,4.91
203,1,1980,15.33
203,1,1981,15.39
203,1,1982,15.35
203,1,1983,15.39
203,1,1984,15.49
203,1,1985,15.8
203,1,1986,15.79
203,1,1987,15.76
203,1,1988,15.85
203,1,1989,16.06
203,1,1990,16.26
203,1,1991,16.35
203,1,1992,16.46
203,1,1993,16.55
203,1,1994,17.06
203,1,1995,19.2
203,1,1996,16.55
203,1,1997,16.32
203,1,1998,16.5
203,1,1999,16.8
203,1,2000,16.94
203,1,2001,17.16
203,1,2002,17.26
203,1,2003,17.34
203,1,2004,17.35
203,1,2005,17.38
203,1,2006,17.84
203,1,2007,18.27
203,1,2008,18.02
203,1,2009,18.06
203,1,2010,18.12
203,1,2011,19.11
203,1,2012,19.68
203,1,2013,19.33
203,1,2014,19.36
203,1,2015,20.42
203,1,2016,19.85
203,1,2017,20.02
203,1,2018,18.28
203,1,2019,18.43
203,1,2020,18.18
203,1,2021,18.29
203,1,2022,19.71
203,1,2023,19.98
203,2,1980,7.64
203,2,1981,7.66
203,2,1982,7.39
203,2,1983,7.35
203,2,1984,7.27
203,2,1985,7.24
203,2,1986,7.16
203,2,1987,7.11
203,2,1988,7.1
203,2,1989,7.17
203,2,1990,7.25
203,2,1991,7.22
203,2,1992,7.12
203,2,1993,7.03
203,2,1994,7.17
203,2,1995,8.44
203,2,1996,6.77
203,2,1997,6.62
203,2,1998,6.54
203,2,1999,6.51
203,2,2000,6.5
203,2,2001,6.49
203,2,2002,6.49
203,2,2003,6.51
203,2,2004,6.52
203,2,2005,6.6
203,2,2006,6.73
203,2,2007,6.86
203,2,2008,6.91
203,2,2009,6.99
203,2,2010,7.08
203,2,2011,7.39
203,2,2012,7.67
203,2,2013,7.95
203,2,2014,8.32
203,2,2015,8.7
203,2,2016,8.86
203,2,2017,8.87
203,2,2018,8.9
203,2,2019,8.94
203,2,2020,8.46
203,2,2021,8.52
203,2,2022,10.23
203,2,2023,10.79
204,1,1980,10.99
204,1,1981,10.85
204,1,1982,10.74
204,1,1983,10.74
204,1,1984,10.76
204,1,1985,10.88
204,1,1986,10.87
204,1,1987,10.88
204,1,1988,10.88
204,1,1989,10.81
204,1,1990,10.87
204,1,1991,10.73
204,1,1992,10.44
204,1,1993,10.35
204,1,1994,9.9
204,1,1995,9.54
204,1,1996,9.35
204,1,1997,9.13
204,1,1998,8.93
204,1,1999,8.7
204,1,2000,8.61
204,1,2001,8.54
204,1,2002,8.5
204,1,2003,8.36
204,1,2004,8.28
204,1,2005,8.2
204,1,2006,8.02
204,1,2007,7.87
204,1,2008,7.75
204,1,2009,7.7
204,1,2010,7.71
204,1,2011,7.8
204,1,2012,7.9
204,1,2013,7.82
204,1,2014,7.78
204,1,2015,8.22
204,1,2016,8.06
204,1,2017,7.98
204,1,2018,7.97
204,1,2019,7.95
204,1,2020,8.41
204,1,2021,7.97
204,1,2022,9.01
204,1,2023,9.33
204,2,1980,3.01
204,2,1981,3
204,2,1982,3
204,2,1983,3.02
204,2,1984,3.04
204,2,1985,3.05
204,2,1986,3.05
204,2,1987,3.06
204,2,1988,3.06
204,2,1989,3.05
204,2,1990,3.13
204,2,1991,3.12
204,2,1992,3.05
204,2,1993,3.05
204,2,1994,2.91
204,2,1995,2.78
204,2,1996,2.75
204,2,1997,2.72
204,2,1998,2.65
204,2,1999,2.59
204,2,2000,2.59
204,2,2001,2.59
204,2,2002,2.6
204,2,2003,2.58
204,2,2004,2.59
204,2,2005,2.62
204,2,2006,2.61
204,2,2007,2.62
204,2,2008,2.61
204,2,2009,2.63
204,2,2010,2.69
204,2,2011,2.73
204,2,2012,2.75
204,2,2013,2.78
204,2,2014,2.78
204,2,2015,2.85
204,2,2016,2.85
204,2,2017,2.85
204,2,2018,2.87
204,2,2019,2.89
204,2,2020,2.85
204,2,2021,2.81
204,2,2022,3.22
204,2,2023,3.35
205,1,1980,6.07
205,1,1981,5.95
205,1,1982,5.76
205,1,1983,5.61
205,1,1984,5.43
205,1,1985,5.38
205,1,1986,5.26
205,1,1987,5.08
205,1,1988,4.98
205,1,1989,4.88
205,1,1990,4.82
205,1,1991,4.8
205,1,1992,4.77
205,1,1993,4.8
205,1,1994,4.81
205,1,1995,4.82
205,1,1996,4.92
205,1,1997,5.02
205,1,1998,5.11
205,1,1999,5.11
205,1,2000,5.16
205,1,2001,4.87
205,1,2002,4.7
205,1,2003,4.36
205,1,2004,4.13
205,1,2005,3.97
205,1,2006,3.88
205,1,2007,3.72
205,1,2008,3.67
205,1,2009,3.57
205,1,2010,3.45
205,1,2011,3.57
205,1,2012,3.83
205,1,2013,3.89
205,1,2014,3.95
205,1,2015,4.38
205,1,2016,4.38
205,1,2017,4.35
205,1,2018,4.4
205,1,2019,4.32
205,1,2020,4.51
205,1,2021,4.46
205,1,2022,5.06
205,1,2023,5.28
205,2,1980,2.98
205,2,1981,2.96
205,2,1982,2.92
205,2,1983,2.9
205,2,1984,2.87
205,2,1985,2.86
205,2,1986,2.82
205,2,1987,2.74
205,2,1988,2.69
205,2,1989,2.63
205,2,1990,2.58
205,2,1991,2.51
205,2,1992,2.48
205,2,1993,2.48
205,2,1994,2.46
205,2,1995,2.43
205,2,1996,2.43
205,2,1997,2.43
205,2,1998,2.44
205,2,1999,2.41
205,2,2000,2.43
205,2,2001,2.28
205,2,2002,2.25
205,2,2003,2.11
205,2,2004,2.09
205,2,2005,2.09
205,2,2006,2.13
205,2,2007,2.08
205,2,2008,2.11
205,2,2009,2.09
205,2,2010,2.07
205,2,2011,2.11
205,2,2012,2.22
205,2,2013,2.35
205,2,2014,2.4
205,2,2015,2.59
205,2,2016,2.67
205,2,2017,2.71
205,2,2018,2.74
205,2,2019,2.68
205,2,2020,2.72
205,2,2021,2.69
205,2,2022,3.18
205,2,2023,3.4
206,1,1980,3.3
206,1,1981,3.24
206,1,1982,3.18
206,1,1983,3.12
206,1,1984,3.06
206,1,1985,3.04
206,1,1986,3.02
206,1,1987,2.97
206,1,1988,2.95
206,1,1989,2.99
206,1,1990,3.13
206,1,1991,3.21
206,1,1992,3.37
206,1,1993,3.3
206,1,1994,3.21
206,1,1995,3.56
206,1,1996,3.33
206,1,1997,3.3
206,1,1998,3.47
206,1,1999,3.68
206,1,2000,3.41
206,1,2001,3.19
206,1,2002,3.2
206,1,2003,3.19
206,1,2004,3.44
206,1,2005,3.51
206,1,2006,3.4
206,1,2007,3.35
206,1,2008,3.16
206,1,2009,3.2
206,1,2010,3.1
206,1,2011,2.81
206,1,2012,2.86
206,1,2013,2.77
206,1,2014,2.97
206,1,2015,2.99
206,1,2016,3.14
206,1,2017,3.52
206,1,2018,3.43
206,1,2019,3.61
206,1,2020,3.77
206,1,2021,3.82
206,1,2022,4.02
206,1,2023,4.27
206,2,1980,0.52
206,2,1981,0.51
206,2,1982,0.5
206,2,1983,0.5
206,2,1984,0.49
206,2,1985,0.49
206,2,1986,0.49
206,2,1987,0.48
206,2,1988,0.48
206,2,1989,0.49
206,2,1990,0.51
206,2,1991,0.52
206,2,1992,0.55
206,2,1993,0.54
206,2,1994,0.51
206,2,1995,0.59
206,2,1996,0.54
206,2,1997,0.52
206,2,1998,0.56
206,2,1999,0.61
206,2,2000,0.56
206,2,2001,0.53
206,2,2002,0.54
206,2,2003,0.56
206,2,2004,0.63
206,2,2005,0.67
206,2,2006,0.65
206,2,2007,0.66
206,2,2008,0.64
206,2,2009,0.67
206,2,2010,0.66
206,2,2011,0.6
206,2,2012,0.61
206,2,2013,0.62
206,2,2014,0.67
206,2,2015,0.66
206,2,2016,0.71
206,2,2017,0.83
206,2,2018,0.82
206,2,2019,0.9
206,2,2020,0.87
206,2,2021,0.91
206,2,2022,1.03
206,2,2023,1.06
207,1,1980,11.83
207,1,1981,11.72
207,1,1982,11.61
207,1,1983,11.44
207,1,1984,11.32
207,1,1985,11.39
207,1,1986,11.32
207,1,1987,11.18
207,1,1988,11.09
207,1,1989,11.03
207,1,1990,11.04
207,1,1991,10.88
207,1,1992,10.82
207,1,1993,10.86
207,1,1994,10.89
207,1,1995,10.77
207,1,1996,10.65
207,1,1997,10.58
207,1,1998,10.65
207,1,1999,10.53
207,1,2000,10.62
207,1,2001,10.4
207,1,2002,10.31
207,1,2003,9.96
207,1,2004,9.76
207,1,2005,9.54
207,1,2006,9.5
207,1,2007,9.1
207,1,2008,9.23
207,1,2009,9.29
207,1,2010,9.18
207,1,2011,9.59
207,1,2012,9.88
207,1,2013,9.86
207,1,2014,10
207,1,2015,10.98
207,1,2016,11.12
207,1,2017,11.27
207,1,2018,11.3
207,1,2019,11.45
207,1,2020,11.98
207,1,2021,12.59
207,1,2022,13.16
207,1,2023,12.97
207,2,1980,4.51
207,2,1981,4.53
207,2,1982,4.54
207,2,1983,4.52
207,2,1984,4.51
207,2,1985,4.55
207,2,1986,4.58
207,2,1987,4.6
207,2,1988,4.63
207,2,1989,4.66
207,2,1990,4.7
207,2,1991,4.66
207,2,1992,4.67
207,2,1993,4.72
207,2,1994,4.74
207,2,1995,4.63
207,2,1996,4.54
207,2,1997,4.48
207,2,1998,4.5
207,2,1999,4.45
207,2,2000,4.53
207,2,2001,4.09
207,2,2002,3.76
207,2,2003,3.3
207,2,2004,2.99
207,2,2005,2.76
207,2,2006,2.6
207,2,2007,2.38
207,2,2008,2.47
207,2,2009,2.52
207,2,2010,2.58
207,2,2011,2.74
207,2,2012,2.83
207,2,2013,2.87
207,2,2014,2.9
207,2,2015,3.05
207,2,2016,3.15
207,2,2017,3.25
207,2,2018,3.4
207,2,2019,3.57
207,2,2020,3.67
207,2,2021,3.85
207,2,2022,4.37
207,2,2023,4.55
208,1,1980,8.23
208,1,1981,8.27
208,1,1982,8.38
208,1,1983,8.31
208,1,1984,8.41
208,1,1985,8.59
208,1,1986,8.73
208,1,1987,8.74
208,1,1988,8.79
208,1,1989,8.87
208,1,1990,8.97
208,1,1991,9.05
208,1,1992,9.18
208,1,1993,9.15
208,1,1994,9.2
208,1,1995,9.24
208,1,1996,9.08
208,1,1997,8.95
208,1,1998,8.89
208,1,1999,8.73
208,1,2000,8.54
208,1,2001,8.34
208,1,2002,8.17
208,1,2003,7.95
208,1,2004,7.73
208,1,2005,7.58
208,1,2006,7.62
208,1,2007,7.48
208,1,2008,7.44
208,1,2009,7.4
208,1,2010,7.37
208,1,2011,7.45
208,1,2012,7.53
208,1,2013,7.32
208,1,2014,7.36
208,1,2015,7.7
208,1,2016,7.66
208,1,2017,7.73
208,1,2018,7.78
208,1,2019,7.87
208,1,2020,7.97
208,1,2021,8.12
208,1,2022,9.03
208,1,2023,9.19
208,2,1980,1.79
208,2,1981,1.81
208,2,1982,1.85
208,2,1983,1.82
208,2,1984,1.83
208,2,1985,1.85
208,2,1986,1.89
208,2,1987,1.91
208,2,1988,1.92
208,2,1989,1.95
208,2,1990,1.98
208,2,1991,1.99
208,2,1992,2
208,2,1993,2.02
208,2,1994,2.05
208,2,1995,2.08
208,2,1996,2.08
208,2,1997,2.07
208,2,1998,2.08
208,2,1999,2.08
208,2,2000,2.08
208,2,2001,2.05
208,2,2002,2.03
208,2,2003,2
208,2,2004,1.96
208,2,2005,1.96
208,2,2006,1.98
208,2,2007,1.96
208,2,2008,1.97
208,2,2009,1.99
208,2,2010,2.01
208,2,2011,2.04
208,2,2012,2.08
208,2,2013,2.09
208,2,2014,2.11
208,2,2015,2.16
208,2,2016,2.17
208,2,2017,2.2
208,2,2018,2.24
208,2,2019,2.34
208,2,2020,2.32
208,2,2021,2.36
208,2,2022,2.84
208,2,2023,2.96
209,1,1980,6.58
209,1,1981,6.43
209,1,1982,6.26
209,1,1983,6.1
209,1,1984,5.99
209,1,1985,5.9
209,1,1986,5.83
209,1,1987,5.78
209,1,1988,5.76
209,1,1989,5.79
209,1,1990,5.83
209,1,1991,5.84
209,1,1992,5.82
209,1,1993,5.82
209,1,1994,5.91
209,1,1995,5.8
209,1,1996,6.36
209,1,1997,6.23
209,1,1998,5.82
209,1,1999,5.66
209,1,2000,5.59
209,1,2001,5.59
209,1,2002,5.63
209,1,2003,5.62
209,1,2004,5.62
209,1,2005,5.9
209,1,2006,5.71
209,1,2007,5.68
209,1,2008,5.85
209,1,2009,5.78
209,1,2010,5.83
209,1,2011,5.88
209,1,2012,6.02
209,1,2013,5.82
209,1,2014,5.95
209,1,2015,6.34
209,1,2016,6.41
209,1,2017,6.61
209,1,2018,6.64
209,1,2019,6.76
209,1,2020,7.19
209,1,2021,6.93
209,1,2022,7.75
209,1,2023,7.86
209,2,1980,2.23
209,2,1981,2.2
209,2,1982,2.17
209,2,1983,2.13
209,2,1984,2.11
209,2,1985,2.08
209,2,1986,2.06
209,2,1987,2.06
209,2,1988,2.07
209,2,1989,2.1
209,2,1990,2.12
209,2,1991,2.12
209,2,1992,2.12
209,2,1993,2.11
209,2,1994,2.15
209,2,1995,2.07
209,2,1996,2.34
209,2,1997,2.26
209,2,1998,2.03
209,2,1999,1.99
209,2,2000,1.95
209,2,2001,1.98
209,2,2002,2.02
209,2,2003,2.06
209,2,2004,2.1
209,2,2005,2.27
209,2,2006,2.2
209,2,2007,2.2
209,2,2008,2.31
209,2,2009,2.29
209,2,2010,2.34
209,2,2011,2.4
209,2,2012,2.48
209,2,2013,2.51
209,2,2014,2.53
209,2,2015,2.62
209,2,2016,2.7
209,2,2017,2.81
209,2,2018,2.88
209,2,2019,2.99
209,2,2020,2.86
209,2,2021,2.78
209,2,2022,3.31
209,2,2023,3.47
210,1,1980,11.22
210,1,1981,11.19
210,1,1982,11.17
210,1,1983,11.16
210,1,1984,11.14
210,1,1985,11.13
210,1,1986,11.04
210,1,1987,10.9
210,1,1988,10.78
210,1,1989,10.59
210,1,1990,10.5
210,1,1991,10.41
210,1,1992,9.89
210,1,1993,9.57
210,1,1994,9.5
210,1,1995,9.06
210,1,1996,9.51
210,1,1997,8.79
210,1,1998,8.83
210,1,1999,8.79
210,1,2000,8.8
210,1,2001,8.55
210,1,2002,8.5
210,1,2003,8.31
210,1,2004,8.32
210,1,2005,8.15
210,1,2006,8.28
210,1,2007,8.14
210,1,2008,8.2
210,1,2009,8.28
210,1,2010,8.26
210,1,2011,8.4
210,1,2012,8.67
210,1,2013,8.65
210,1,2014,8.39
210,1,2015,8.74
210,1,2016,8.55
210,1,2017,8.33
210,1,2018,8.38
210,1,2019,8.52
210,1,2020,9.51
210,1,2021,10.41
210,1,2022,9.66
210,1,2023,9.94
210,2,1980,2.64
210,2,1981,2.66
210,2,1982,2.68
210,2,1983,2.7
210,2,1984,2.71
210,2,1985,2.72
210,2,1986,2.73
210,2,1987,2.71
210,2,1988,2.69
210,2,1989,2.64
210,2,1990,2.64
210,2,1991,2.59
210,2,1992,2.46
210,2,1993,2.37
210,2,1994,2.32
210,2,1995,2.21
210,2,1996,2.29
210,2,1997,2.13
210,2,1998,2.16
210,2,1999,2.16
210,2,2000,2.22
210,2,2001,2.17
210,2,2002,2.23
210,2,2003,2.18
210,2,2004,2.21
210,2,2005,2.21
210,2,2006,2.37
210,2,2007,2.35
210,2,2008,2.46
210,2,2009,2.57
210,2,2010,2.64
210,2,2011,2.69
210,2,2012,2.87
210,2,2013,2.96
210,2,2014,2.88
210,2,2015,2.93
210,2,2016,2.89
210,2,2017,2.9
210,2,2018,2.96
210,2,2019,3.08
210,2,2020,3.09
210,2,2021,3.46
210,2,2022,3.7
210,2,2023,3.87
211,1,1980,6.89
211,1,1981,6.65
211,1,1982,6.9
211,1,1983,6.94
211,1,1984,6.97
211,1,1985,7.07
211,1,1986,7.17
211,1,1987,7.15
211,1,1988,7.23
211,1,1989,7.3
211,1,1990,7.36
211,1,1991,7.42
211,1,1992,7.42
211,1,1993,7.46
211,1,1994,7.41
211,1,1995,7.45
211,1,1996,7.68
211,1,1997,7.76
211,1,1998,7.97
211,1,1999,8.04
211,1,2000,8.1
211,1,2001,7.91
211,1,2002,7.76
211,1,2003,7.55
211,1,2004,7.42
211,1,2005,7.28
211,1,2006,7.29
211,1,2007,7.21
211,1,2008,7.16
211,1,2009,7.16
211,1,2010,7.13
211,1,2011,6.95
211,1,2012,6.82
211,1,2013,6.55
211,1,2014,6.64
211,1,2015,7.25
211,1,2016,7.28
211,1,2017,7.53
211,1,2018,7.61
211,1,2019,7.52
211,1,2020,7.45
211,1,2021,7.86
211,1,2022,8.37
211,1,2023,8.7
211,2,1980,2.06
211,2,1981,1.93
211,2,1982,2.08
211,2,1983,2.09
211,2,1984,2.1
211,2,1985,2.14
211,2,1986,2.17
211,2,1987,2.16
211,2,1988,2.16
211,2,1989,2.19
211,2,1990,2.21
211,2,1991,2.21
211,2,1992,2.21
211,2,1993,2.24
211,2,1994,2.23
211,2,1995,2.24
211,2,1996,2.27
211,2,1997,2.23
211,2,1998,2.24
211,2,1999,2.23
211,2,2000,2.23
211,2,2001,2.17
211,2,2002,2.15
211,2,2003,2.11
211,2,2004,2.1
211,2,2005,2.08
211,2,2006,2.12
211,2,2007,2.15
211,2,2008,2.18
211,2,2009,2.23
211,2,2010,2.27
211,2,2011,2.28
211,2,2012,2.24
211,2,2013,2.22
211,2,2014,2.24
211,2,2015,2.4
211,2,2016,2.48
211,2,2017,2.6
211,2,2018,2.67
211,2,2019,2.69
211,2,2020,2.56
211,2,2021,2.7
211,2,2022,3.13
211,2,2023,3.3
212,1,1980,11.61
212,1,1981,11.61
212,1,1982,11.58
212,1,1983,11.45
212,1,1984,11.69
212,1,1985,11.86
212,1,1986,12.04
212,1,1987,12.09
212,1,1988,12.23
212,1,1989,12.25
212,1,1990,12.31
212,1,1991,12.35
212,1,1992,12.6
212,1,1993,12.98
212,1,1994,12.48
212,1,1995,12.43
212,1,1996,12.69
212,1,1997,12.86
212,1,1998,13.36
212,1,1999,13.09
212,1,2000,13.42
212,1,2001,13.47
212,1,2002,13.6
212,1,2003,13.28
212,1,2004,13.58
212,1,2005,13.49
212,1,2006,13.94
212,1,2007,13.41
212,1,2008,13.06
212,1,2009,13.51
212,1,2010,13.22
212,1,2011,12.95
212,1,2012,13.43
212,1,2013,12.85
212,1,2014,12.32
212,1,2015,12.78
212,1,2016,12.2
212,1,2017,12.8
212,1,2018,12.54
212,1,2019,13.08
212,1,2020,13.67
212,1,2021,14.53
212,1,2022,15.41
212,1,2023,15.09
212,2,1980,2.56
212,2,1981,2.59
212,2,1982,2.6
212,2,1983,2.55
212,2,1984,2.65
212,2,1985,2.69
212,2,1986,2.74
212,2,1987,2.78
212,2,1988,2.84
212,2,1989,2.84
212,2,1990,2.86
212,2,1991,2.85
212,2,1992,2.9
212,2,1993,2.98
212,2,1994,2.81
212,2,1995,2.8
212,2,1996,2.88
212,2,1997,2.94
212,2,1998,3.08
212,2,1999,3
212,2,2000,3.11
212,2,2001,3.17
212,2,2002,3.29
212,2,2003,3.24
212,2,2004,3.42
212,2,2005,3.49
212,2,2006,3.76
212,2,2007,3.64
212,2,2008,3.58
212,2,2009,3.83
212,2,2010,3.82
212,2,2011,3.8
212,2,2012,4
212,2,2013,4.02
212,2,2014,3.85
212,2,2015,3.9
212,2,2016,3.78
212,2,2017,4.08
212,2,2018,4.08
212,2,2019,4.43
212,2,2020,4.18
212,2,2021,4.55
212,2,2022,5.34
212,2,2023,5.64
213,1,1980,2.48
213,1,1981,2.46
213,1,1982,2.45
213,1,1983,2.45
213,1,1984,2.43
213,1,1985,2.44
213,1,1986,2.45
213,1,1987,2.44
213,1,1988,2.49
213,1,1989,2.52
213,1,1990,2.56
213,1,1991,2.63
213,1,1992,2.66
213,1,1993,2.72
213,1,1994,2.76
213,1,1995,2.8
213,1,1996,2.83
213,1,1997,2.85
213,1,1998,2.89
213,1,1999,2.85
213,1,2000,2.91
213,1,2001,2.84
213,1,2002,2.88
213,1,2003,2.82
213,1,2004,2.78
213,1,2005,2.7
213,1,2006,2.73
213,1,2007,2.67
213,1,2008,2.68
213,1,2009,2.66
213,1,2010,2.62
213,1,2011,2.61
213,1,2012,2.59
213,1,2013,2.51
213,1,2014,2.47
213,1,2015,2.77
213,1,2016,2.76
213,1,2017,2.66
213,1,2018,2.68
213,1,2019,2.61
213,1,2020,2.81
213,1,2021,2.69
213,1,2022,2.85
213,1,2023,3.05
213,2,1980,0.56
213,2,1981,0.56
213,2,1982,0.56
213,2,1983,0.57
213,2,1984,0.57
213,2,1985,0.57
213,2,1986,0.57
213,2,1987,0.57
213,2,1988,0.59
213,2,1989,0.6
213,2,1990,0.61
213,2,1991,0.61
213,2,1992,0.61
213,2,1993,0.61
213,2,1994,0.61
213,2,1995,0.62
213,2,1996,0.62
213,2,1997,0.62
213,2,1998,0.62
213,2,1999,0.61
213,2,2000,0.63
213,2,2001,0.61
213,2,2002,0.63
213,2,2003,0.62
213,2,2004,0.62
213,2,2005,0.61
213,2,2006,0.63
213,2,2007,0.62
213,2,2008,0.63
213,2,2009,0.63
213,2,2010,0.63
213,2,2011,0.63
213,2,2012,0.63
213,2,2013,0.63
213,2,2014,0.62
213,2,2015,0.65
213,2,2016,0.65
213,2,2017,0.66
213,2,2018,0.68
213,2,2019,0.69
213,2,2020,0.67
213,2,2021,0.69
213,2,2022,0.77
213,2,2023,0.8
214,1,1980,9.71
214,1,1981,9.61
214,1,1982,9.51
214,1,1983,9.39
214,1,1984,9.25
214,1,1985,9.22
214,1,1986,9.11
214,1,1987,8.99
214,1,1988,8.91
214,1,1989,8.88
214,1,1990,8.89
214,1,1991,9.03
214,1,1992,8.76
214,1,1993,8.68
214,1,1994,8.57
214,1,1995,8.53
214,1,1996,8.6
214,1,1997,8.62
214,1,1998,8.7
214,1,1999,8.7
214,1,2000,8.82
214,1,2001,8.7
214,1,2002,8.73
214,1,2003,8.49
214,1,2004,8.42
214,1,2005,8.34
214,1,2006,8.36
214,1,2007,8.25
214,1,2008,8.29
214,1,2009,8.41
214,1,2010,8.57
214,1,2011,8.73
214,1,2012,8.97
214,1,2013,8.96
214,1,2014,9.07
214,1,2015,9.81
214,1,2016,9.55
214,1,2017,9.57
214,1,2018,9.4
214,1,2019,9.3
214,1,2020,9.72
214,1,2021,9.77
214,1,2022,10.32
214,1,2023,10.62
214,2,1980,2.77
214,2,1981,2.78
214,2,1982,2.79
214,2,1983,2.8
214,2,1984,2.78
214,2,1985,2.78
214,2,1986,2.76
214,2,1987,2.75
214,2,1988,2.73
214,2,1989,2.73
214,2,1990,2.73
214,2,1991,2.77
214,2,1992,2.67
214,2,1993,2.64
214,2,1994,2.59
214,2,1995,2.53
214,2,1996,2.51
214,2,1997,2.49
214,2,1998,2.48
214,2,1999,2.45
214,2,2000,2.48
214,2,2001,2.45
214,2,2002,2.49
214,2,2003,2.45
214,2,2004,2.46
214,2,2005,2.47
214,2,2006,2.49
214,2,2007,2.47
214,2,2008,2.53
214,2,2009,2.6
214,2,2010,2.71
214,2,2011,2.77
214,2,2012,2.85
214,2,2013,2.95
214,2,2014,3
214,2,2015,3.12
214,2,2016,3.14
214,2,2017,3.19
214,2,2018,3.2
214,2,2019,3.21
214,2,2020,3.25
214,2,2021,3.33
214,2,2022,3.69
214,2,2023,3.83
215,1,1980,17.89
215,1,1981,17.8
215,1,1982,17.34
215,1,1983,17.27
215,1,1984,17.39
215,1,1985,17.81
215,1,1986,18.07
215,1,1987,18.48
215,1,1988,18.65
215,1,1989,18.98
215,1,1990,19.42
215,1,1991,19.34
215,1,1992,19.69
215,1,1993,20.26
215,1,1994,20.7
215,1,1995,20.24
215,1,1996,20.63
215,1,1997,21.1
215,1,1998,21.7
215,1,1999,22.52
215,1,2000,22.07
215,1,2001,22.71
215,1,2002,23.28
215,1,2003,23.58
215,1,2004,23.96
215,1,2005,25.14
215,1,2006,25.62
215,1,2007,26.13
215,1,2008,26.31
215,1,2009,26.06
215,1,2010,26.77
215,1,2011,26.7
215,1,2012,26.1
215,1,2013,26.51
215,1,2014,27
215,1,2015,27.65
215,1,2016,27.89
215,1,2017,27.74
215,1,2018,27.54
215,1,2019,27.75
215,1,2020,32.58
215,1,2021,31.92
215,1,2022,30.29
215,1,2023,29.56
215,2,1980,4.32
215,2,1981,4.31
215,2,1982,4.31
215,2,1983,4.33
215,2,1984,4.38
215,2,1985,4.46
215,2,1986,4.49
215,2,1987,4.59
215,2,1988,4.6
215,2,1989,4.62
215,2,1990,4.64
215,2,1991,4.52
215,2,1992,4.52
215,2,1993,4.54
215,2,1994,4.52
215,2,1995,4.27
215,2,1996,4.23
215,2,1997,4.22
215,2,1998,4.38
215,2,1999,4.56
215,2,2000,4.41
215,2,2001,4.61
215,2,2002,4.75
215,2,2003,4.82
215,2,2004,4.91
215,2,2005,5.19
215,2,2006,5.46
215,2,2007,5.61
215,2,2008,5.7
215,2,2009,5.85
215,2,2010,6.21
215,2,2011,6.23
215,2,2012,6.17
215,2,2013,6.35
215,2,2014,6.73
215,2,2015,6.91
215,2,2016,7.06
215,2,2017,7.22
215,2,2018,7.29
215,2,2019,7.37
215,2,2020,8.01
215,2,2021,7.98
215,2,2022,7.88
215,2,2023,7.96
216,1,1980,5.78
216,1,1981,5.82
216,1,1982,5.87
216,1,1983,5.97
216,1,1984,6.06
216,1,1985,6.25
216,1,1986,6.27
216,1,1987,6.29
216,1,1988,6.4
216,1,1989,6.7
216,1,1990,6.57
216,1,1991,6.69
216,1,1992,6.69
216,1,1993,6.66
216,1,1994,6.62
216,1,1995,6.4
216,1,1996,6.5
216,1,1997,6.32
216,1,1998,6.35
216,1,1999,6.32
216,1,2000,6.09
216,1,2001,7.41
216,1,2002,7.4
216,1,2003,6.73
216,1,2004,6.87
216,1,2005,6.82
216,1,2006,6.65
216,1,2007,6.58
216,1,2008,6.62
216,1,2009,6.76
216,1,2010,6.31
216,1,2011,6.35
216,1,2012,6.32
216,1,2013,6.01
216,1,2014,6.22
216,1,2015,6.2
216,1,2016,6.24
216,1,2017,6.28
216,1,2018,5.95
216,1,2019,6.34
216,1,2020,6.4
216,1,2021,6.78
216,1,2022,7.18
216,1,2023,7.41
216,2,1980,0.7
216,2,1981,0.7
216,2,1982,0.71
216,2,1983,0.72
216,2,1984,0.74
216,2,1985,0.76
216,2,1986,0.76
216,2,1987,0.77
216,2,1988,0.8
216,2,1989,0.85
216,2,1990,0.84
216,2,1991,0.86
216,2,1992,0.86
216,2,1993,0.86
216,2,1994,0.85
216,2,1995,0.82
216,2,1996,0.83
216,2,1997,0.8
216,2,1998,0.8
216,2,1999,0.8
216,2,2000,0.76
216,2,2001,1
216,2,2002,1.01
216,2,2003,0.92
216,2,2004,0.97
216,2,2005,0.97
216,2,2006,0.96
216,2,2007,0.99
216,2,2008,1.03
216,2,2009,1.1
216,2,2010,1.03
216,2,2011,1.07
216,2,2012,1.04
216,2,2013,1.06
216,2,2014,1.12
216,2,2015,1.09
216,2,2016,1.15
216,2,2017,1.16
216,2,2018,1.13
216,2,2019,1.26
216,2,2020,1.19
216,2,2021,1.18
216,2,2022,1.49
216,2,2023,1.59
217,1,1980,8.37
217,1,1981,8.26
217,1,1982,8.2
217,1,1983,8.15
217,1,1984,8.13
217,1,1985,8.25
217,1,1986,8.2
217,1,1987,8.16
217,1,1988,8.16
217,1,1989,8.13
217,1,1990,8.24
217,1,1991,8.2
217,1,1992,8.24
217,1,1993,8.23
217,1,1994,8.3
217,1,1995,8.25
217,1,1996,8.07
217,1,1997,7.76
217,1,1998,7.75
217,1,1999,7.62
217,1,2000,7.59
217,1,2001,7.43
217,1,2002,7.42
217,1,2003,7.41
217,1,2004,7.33
217,1,2005,7.29
217,1,2006,7.44
217,1,2007,7.45
217,1,2008,7.37
217,1,2009,7.43
217,1,2010,7.5
217,1,2011,7.72
217,1,2012,8.01
217,1,2013,7.95
217,1,2014,7.99
217,1,2015,8.44
217,1,2016,8.27
217,1,2017,8.25
217,1,2018,8.25
217,1,2019,8.35
217,1,2020,8.9
217,1,2021,8.64
217,1,2022,9.11
217,1,2023,9.52
217,2,1980,1.74
217,2,1981,1.75
217,2,1982,1.77
217,2,1983,1.79
217,2,1984,1.83
217,2,1985,1.86
217,2,1986,1.87
217,2,1987,1.88
217,2,1988,1.89
217,2,1989,1.9
217,2,1990,1.92
217,2,1991,1.89
217,2,1992,1.9
217,2,1993,1.9
217,2,1994,1.91
217,2,1995,1.87
217,2,1996,1.8
217,2,1997,1.71
217,2,1998,1.7
217,2,1999,1.63
217,2,2000,1.62
217,2,2001,1.53
217,2,2002,1.53
217,2,2003,1.51
217,2,2004,1.5
217,2,2005,1.52
217,2,2006,1.58
217,2,2007,1.57
217,2,2008,1.58
217,2,2009,1.61
217,2,2010,1.68
217,2,2011,1.75
217,2,2012,1.85
217,2,2013,1.9
217,2,2014,1.93
217,2,2015,2
217,2,2016,2
217,2,2017,2.05
217,2,2018,2.08
217,2,2019,2.14
217,2,2020,2.17
217,2,2021,2.21
217,2,2022,2.38
217,2,2023,2.51
218,1,1980,13.47
218,1,1981,13.35
218,1,1982,13.22
218,1,1983,13.06
218,1,1984,12.98
218,1,1985,13.04
218,1,1986,13.02
218,1,1987,12.81
218,1,1988,12.74
218,1,1989,12.59
218,1,1990,12.54
218,1,1991,12.32
218,1,1992,12.04
218,1,1993,11.68
218,1,1994,11.38
218,1,1995,11.12
218,1,1996,10.83
218,1,1997,10.55
218,1,1998,10.4
218,1,1999,10.15
218,1,2000,10.11
218,1,2001,9.7
218,1,2002,9.29
218,1,2003,8.63
218,1,2004,8.22
218,1,2005,7.84
218,1,2006,7.76
218,1,2007,7.41
218,1,2008,7.54
218,1,2009,7.66
218,1,2010,7.63
218,1,2011,7.65
218,1,2012,7.62
218,1,2013,7.29
218,1,2014,7.26
218,1,2015,8.03
218,1,2016,8.02
218,1,2017,8.26
218,1,2018,8.26
218,1,2019,8.33
218,1,2020,8.55
218,1,2021,8.81
218,1,2022,9.62
218,1,2023,9.91
218,2,1980,2.9
218,2,1981,2.89
218,2,1982,2.88
218,2,1983,2.86
218,2,1984,2.84
218,2,1985,2.85
218,2,1986,2.84
218,2,1987,2.81
218,2,1988,2.83
218,2,1989,2.82
218,2,1990,2.84
218,2,1991,2.81
218,2,1992,2.79
218,2,1993,2.73
218,2,1994,2.66
218,2,1995,2.59
218,2,1996,2.53
218,2,1997,2.47
218,2,1998,2.45
218,2,1999,2.39
218,2,2000,2.41
218,2,2001,2.36
218,2,2002,2.34
218,2,2003,2.27
218,2,2004,2.23
218,2,2005,2.19
218,2,2006,2.22
218,2,2007,2.15
218,2,2008,2.22
218,2,2009,2.31
218,2,2010,2.38
218,2,2011,2.42
218,2,2012,2.43
218,2,2013,2.41
218,2,2014,2.38
218,2,2015,2.5
218,2,2016,2.59
218,2,2017,2.74
218,2,2018,2.8
218,2,2019,2.88
218,2,2020,2.87
218,2,2021,3.01
218,2,2022,3.38
218,2,2023,3.52
298,1,1980,35.08
298,1,1981,34.46
298,1,1982,33.83
298,1,1983,33.3
298,1,1984,32.91
298,1,1985,35.43
298,1,1986,35.43
298,1,1987,35.61
298,1,1988,36.17
298,1,1989,37.23
298,1,1990,41.3
298,1,1991,42.41
298,1,1992,43.47
298,1,1993,44.73
298,1,1994,45.61
298,1,1995,49.13
298,1,1996,49.8
298,1,1997,50.21
298,1,1998,51.11
298,1,1999,52.53
298,1,2000,53.86
298,1,2001,53.06
298,1,2002,54.05
298,1,2003,54.59
298,1,2004,53.89
298,1,2005,52.89
298,1,2006,51.45
298,1,2007,49.32
298,1,2008,47.58
298,1,2009,46.28
298,1,2010,45.93
298,1,2011,44.94
298,1,2012,44.4
298,1,2013,44.59
298,1,2014,43.78
298,1,2015,45.4
298,1,2016,45.36
298,1,2017,44.5
298,1,2018,45.16
298,1,2019,45.49
298,1,2020,47.37
298,1,2021,54.79
298,1,2022,50.41
298,1,2023,49.94
298,2,1980,13
298,2,1981,12.89
298,2,1982,12.72
298,2,1983,12.49
298,2,1984,12.28
298,2,1985,12.47
298,2,1986,12.5
298,2,1987,12.65
298,2,1988,12.91
298,2,1989,13.37
298,2,1990,14.03
298,2,1991,14.4
298,2,1992,14.65
298,2,1993,14.97
298,2,1994,15.28
298,2,1995,15.82
298,2,1996,16.08
298,2,1997,16.25
298,2,1998,16.77
298,2,1999,16.85
298,2,2000,17.49
298,2,2001,17.57
298,2,2002,17.75
298,2,2003,17.97
298,2,2004,18.25
298,2,2005,18.2
298,2,2006,18.16
298,2,2007,18.01
298,2,2008,17.82
298,2,2009,17.79
298,2,2010,17.57
298,2,2011,17.36
298,2,2012,17.17
298,2,2013,16.98
298,2,2014,16.76
298,2,2015,16.6
298,2,2016,16.16
298,2,2017,15.38
298,2,2018,14.95
298,2,2019,14.46
298,2,2020,14.24
298,2,2021,14.98
298,2,2022,14.92
298,2,2023,15.89
305,1,1980,65.02
305,1,1981,63.56
305,1,1982,60.98
305,1,1983,60.17
305,1,1984,61.37
305,1,1985,62.58
305,1,1986,67.87
305,1,1987,67.24
305,1,1988,64.54
305,1,1989,59.83
305,1,1990,59.97
305,1,1991,60.67
305,1,1992,59.06
305,1,1993,56.13
305,1,1994,53.93
305,1,1995,57.07
305,1,1996,54.41
305,1,1997,52.54
305,1,1998,53.21
305,1,1999,52.34
305,1,2000,52.68
305,1,2001,48.56
305,1,2002,48.6
305,1,2003,48.29
305,1,2004,45.11
305,1,2005,43.32
305,1,2006,43.72
305,1,2007,41.5
305,1,2008,40.41
305,1,2009,40.05
305,1,2010,36.47
305,1,2011,36.23
305,1,2012,35.59
305,1,2013,34.05
305,1,2014,34.06
305,1,2015,32.92
305,1,2016,32.46
305,1,2017,31.81
305,1,2018,31.89
305,1,2019,32.16
305,1,2020,32.84
305,1,2021,32.73
305,1,2022,32.02
305,1,2023,31.61
305,2,1980,17.84
305,2,1981,17.87
305,2,1982,17.56
305,2,1983,17.53
305,2,1984,17.5
305,2,1985,17.64
305,2,1986,17.78
305,2,1987,17.38
305,2,1988,17.72
305,2,1989,18.15
305,2,1990,17.5
305,2,1991,17.34
305,2,1992,16.95
305,2,1993,16.04
305,2,1994,15.72
305,2,1995,16.82
305,2,1996,16.3
305,2,1997,17.15
305,2,1998,16.79
305,2,1999,16.49
305,2,2000,17.08
305,2,2001,16.92
305,2,2002,16.75
305,2,2003,16.41
305,2,2004,16.47
305,2,2005,16.07
305,2,2006,16
305,2,2007,15.74
305,2,2008,15.48
305,2,2009,14.97
305,2,2010,14.64
305,2,2011,14.92
305,2,2012,14.65
305,2,2013,13.83
305,2,2014,13.39
305,2,2015,12.97
305,2,2016,12.94
305,2,2017,12.63
305,2,2018,12.74
305,2,2019,13
305,2,2020,13.53
305,2,2021,14.69
305,2,2022,15.7
305,2,2023,16.15
320,1,1980,38.65
320,1,1981,37.94
320,1,1982,37.32
320,1,1983,36.82
320,1,1984,36.42
320,1,1985,38.04
320,1,1986,37.9
320,1,1987,37.85
320,1,1988,38.14
320,1,1989,38.69
320,1,1990,43.33
320,1,1991,45.37
320,1,1992,46.31
320,1,1993,47.37
320,1,1994,48.22
320,1,1995,51.21
320,1,1996,51.68
320,1,1997,53.23
320,1,1998,53.1
320,1,1999,53.34
320,1,2000,56.3
320,1,2001,57.7
320,1,2002,58.42
320,1,2003,58.62
320,1,2004,58.92
320,1,2005,58.71
320,1,2006,58.58
320,1,2007,57.89
320,1,2008,57.46
320,1,2009,57.25
320,1,2010,57.3
320,1,2011,56.58
320,1,2012,56.5
320,1,2013,56.57
320,1,2014,56.07
320,1,2015,58.14
320,1,2016,59.42
320,1,2017,60.65
320,1,2018,62.2
320,1,2019,63.69
320,1,2020,66.1
320,1,2021,72.6
320,1,2022,69.59
320,1,2023,71.6
320,2,1980,9.68
320,2,1981,9.51
320,2,1982,9.27
320,2,1983,9.09
320,2,1984,8.88
320,2,1985,8.85
320,2,1986,8.74
320,2,1987,8.7
320,2,1988,8.87
320,2,1989,9.09
320,2,1990,9.43
320,2,1991,9.98
320,2,1992,10.31
320,2,1993,10.65
320,2,1994,10.95
320,2,1995,11.35
320,2,1996,11.6
320,2,1997,12.24
320,2,1998,12.07
320,2,1999,12.19
320,2,2000,12.59
320,2,2001,12.41
320,2,2002,12.28
320,2,2003,12.37
320,2,2004,12.49
320,2,2005,12.64
320,2,2006,12.97
320,2,2007,13.01
320,2,2008,12.84
320,2,2009,12.75
320,2,2010,12.65
320,2,2011,12.49
320,2,2012,12.43
320,2,2013,12.52
320,2,2014,12.59
320,2,2015,12.75
320,2,2016,12.51
320,2,2017,13.2
320,2,2018,13.53
320,2,2019,13.27
320,2,2020,13.21
320,2,2021,16.19
320,2,2022,16.05
320,2,2023,16.53
349,1,1980,148.62
349,1,1981,152.2
349,1,1982,154.93
349,1,1983,156.69
349,1,1984,158.45
349,1,1985,169.02
349,1,1986,170.04
349,1,1987,171.5
349,1,1988,172.51
349,1,1989,174.58
349,1,1990,185.77
349,1,1991,186.54
349,1,1992,187
349,1,1993,187.22
349,1,1994,187.52
349,1,1995,195.91
349,1,1996,195.26
349,1,1997,194.12
349,1,1998,192.7
349,1,1999,192.01
349,1,2000,191.57
349,1,2001,189.33
349,1,2002,187.12
349,1,2003,186.15
349,1,2004,183.98
349,1,2005,168.82
349,1,2006,166.21
349,1,2007,162.76
349,1,2008,158.02
349,1,2009,155.25
349,1,2010,137.51
349,1,2011,133.72
349,1,2012,130.03
349,1,2013,126.39
349,1,2014,122.85
349,1,2015,113.66
349,1,2016,111.9
349,1,2017,110.12
349,1,2018,107.71
349,1,2019,104.6
349,1,2020,110.65
349,1,2021,109.45
349,1,2022,99.44
349,1,2023,94.15
349,2,1980,70.19
349,2,1981,71.88
349,2,1982,73.21
349,2,1983,74.42
349,2,1984,75.81
349,2,1985,78.78
349,2,1986,80.62
349,2,1987,82.81
349,2,1988,85.06
349,2,1989,87.79
349,2,1990,91.19
349,2,1991,93.07
349,2,1992,96.1
349,2,1993,99.27
349,2,1994,102.82
349,2,1995,108.59
349,2,1996,111.9
349,2,1997,114.36
349,2,1998,117
349,2,1999,118.56
349,2,2000,119.87
349,2,2001,120.41
349,2,2002,120.96
349,2,2003,120.39
349,2,2004,120.28
349,2,2005,118.09
349,2,2006,117.4
349,2,2007,116.01
349,2,2008,114.51
349,2,2009,112.58
349,2,2010,107.98
349,2,2011,107.01
349,2,2012,107.5
349,2,2013,104.55
349,2,2014,102.15
349,2,2015,99.11
349,2,2016,99.01
349,2,2017,98.54
349,2,2018,98.12
349,2,2019,96.72
349,2,2020,104.46
349,2,2021,103.01
349,2,2022,96.55
349,2,2023,90.22
351,1,1980,66.83
351,1,1981,65.96
351,1,1982,64.89
351,1,1983,63.73
351,1,1984,62.44
351,1,1985,66.28
351,1,1986,65.73
351,1,1987,64.13
351,1,1988,62.52
351,1,1989,61.31
351,1,1990,65.38
351,1,1991,63.88
351,1,1992,62.73
351,1,1993,61.8
351,1,1994,61.87
351,1,1995,70.73
351,1,1996,66.88
351,1,1997,50.97
351,1,1998,52.46
351,1,1999,52.2
351,1,2000,46.84
351,1,2001,38.57
351,1,2002,45.91
351,1,2003,51.33
351,1,2004,54.64
351,1,2005,47.86
351,1,2006,46.61
351,1,2007,43.6
351,1,2008,42.32
351,1,2009,42.47
351,1,2010,43.6
351,1,2011,45.24
351,1,2012,44.38
351,1,2013,49.19
351,1,2014,46.44
351,1,2015,45.5
351,1,2016,43.06
351,1,2017,36.18
351,1,2018,46.91
351,1,2019,43.5
351,1,2020,43.62
351,1,2021,38.75
351,1,2022,37.29
351,1,2023,36.99
351,2,1980,20.21
351,2,1981,19.79
351,2,1982,19.39
351,2,1983,19
351,2,1984,18.53
351,2,1985,18.98
351,2,1986,18.54
351,2,1987,18.04
351,2,1988,17.66
351,2,1989,17.34
351,2,1990,17.63
351,2,1991,17.31
351,2,1992,17.13
351,2,1993,17.01
351,2,1994,16.97
351,2,1995,13.82
351,2,1996,14.26
351,2,1997,17.21
351,2,1998,20.4
351,2,1999,19.22
351,2,2000,23.27
351,2,2001,19.14
351,2,2002,18.67
351,2,2003,19.41
351,2,2004,20.24
351,2,2005,19.89
351,2,2006,22.16
351,2,2007,21.4
351,2,2008,19.15
351,2,2009,18.81
351,2,2010,19.88
351,2,2011,19.1
351,2,2012,19.27
351,2,2013,20.97
351,2,2014,21.11
351,2,2015,20.76
351,2,2016,19.94
351,2,2017,18.84
351,2,2018,20.07
351,2,2019,22.03
351,2,2020,22.64
351,2,2021,19.53
351,2,2022,19.17
351,2,2023,19.59
367,1,1980,104.58
367,1,1981,103.1
367,1,1982,100.76
367,1,1983,99.82
367,1,1984,100.06
367,1,1985,104.45
367,1,1986,105.44
367,1,1987,108.33
367,1,1988,108.39
367,1,1989,108.59
367,1,1990,113.32
367,1,1991,113.64
367,1,1992,113.56
367,1,1993,114.06
367,1,1994,114.76
367,1,1995,119.7
367,1,1996,121.12
367,1,1997,122.19
367,1,1998,124.26
367,1,1999,126
367,1,2000,126.41
367,1,2001,126.96
367,1,2002,128.33
367,1,2003,129.26
367,1,2004,130.15
367,1,2005,125.44
367,1,2006,124.93
367,1,2007,125.19
367,1,2008,125.73
367,1,2009,124.25
367,1,2010,115.99
367,1,2011,115.57
367,1,2012,114.56
367,1,2013,115.47
367,1,2014,115.11
367,1,2015,108.44
367,1,2016,105.98
367,1,2017,103.6
367,1,2018,102.16
367,1,2019,101.64
367,1,2020,103.43
367,1,2021,106.65
367,1,2022,107.15
367,1,2023,110.53
367,2,1980,23.98
367,2,1981,23.47
367,2,1982,22.89
367,2,1983,22.57
367,2,1984,22.41
367,2,1985,22.6
367,2,1986,22.67
367,2,1987,23.56
367,2,1988,23.84
367,2,1989,24.21
367,2,1990,24.79
367,2,1991,25.12
367,2,1992,25.33
367,2,1993,25.9
367,2,1994,26.64
367,2,1995,27.87
367,2,1996,29.09
367,2,1997,30.31
367,2,1998,32.08
367,2,1999,34.05
367,2,2000,35.84
367,2,2001,37.45
367,2,2002,39.05
367,2,2003,39.68
367,2,2004,40.23
367,2,2005,40.24
367,2,2006,40.46
367,2,2007,40.99
367,2,2008,41.87
367,2,2009,42.08
367,2,2010,41.73
367,2,2011,41.66
367,2,2012,41.6
367,2,2013,41.54
367,2,2014,41.48
367,2,2015,40.92
367,2,2016,40.61
367,2,2017,39.95
367,2,2018,39.28
367,2,2019,39.09
367,2,2020,39.51
367,2,2021,42.01
367,2,2022,44.97
367,2,2023,46.87
369,1,1980,70.01
369,1,1981,68.76
369,1,1982,67.57
369,1,1983,66.26
369,1,1984,65.21
369,1,1985,67.71
369,1,1986,66.83
369,1,1987,66.01
369,1,1988,65.42
369,1,1989,64.98
369,1,1990,68.87
369,1,1991,68.71
369,1,1992,68.31
369,1,1993,68.08
369,1,1994,67.81
369,1,1995,70.86
369,1,1996,70.1
369,1,1997,69.37
369,1,1998,69.16
369,1,1999,68.82
369,1,2000,72.06
369,1,2001,71.55
369,1,2002,70.82
369,1,2003,70.02
369,1,2004,69.03
369,1,2005,69.43
369,1,2006,68.1
369,1,2007,66.88
369,1,2008,66.3
369,1,2009,66.08
369,1,2010,66.21
369,1,2011,65.92
369,1,2012,66.12
369,1,2013,66.59
369,1,2014,66.99
369,1,2015,69.53
369,1,2016,70.2
369,1,2017,70.68
369,1,2018,71.03
369,1,2019,71.63
369,1,2020,74.62
369,1,2021,82.9
369,1,2022,78.66
369,1,2023,79.39
369,2,1980,36.61
369,2,1981,36.07
369,2,1982,35.35
369,2,1983,34.35
369,2,1984,33.43
369,2,1985,33.1
369,2,1986,32.48
369,2,1987,32.01
369,2,1988,31.82
369,2,1989,31.79
369,2,1990,32.34
369,2,1991,32.59
369,2,1992,32.74
369,2,1993,32.85
369,2,1994,32.75
369,2,1995,32.82
369,2,1996,32.42
369,2,1997,32.15
369,2,1998,32.12
369,2,1999,31.98
369,2,2000,32.14
369,2,2001,31.8
369,2,2002,31.55
369,2,2003,31.42
369,2,2004,31.37
369,2,2005,31.35
369,2,2006,31.16
369,2,2007,30.87
369,2,2008,31.09
369,2,2009,31.54
369,2,2010,32.2
369,2,2011,32.84
369,2,2012,33.63
369,2,2013,34.47
369,2,2014,35.24
369,2,2015,36.28
369,2,2016,37.21
369,2,2017,37.96
369,2,2018,38.66
369,2,2019,39.34
369,2,2020,41.27
369,2,2021,45.77
369,2,2022,43.67
369,2,2023,44.34
374,1,1980,29.77
374,1,1981,29.46
374,1,1982,29.09
374,1,1983,28.7
374,1,1984,28.38
374,1,1985,29.81
374,1,1986,29.69
374,1,1987,29.57
374,1,1988,29.49
374,1,1989,29.4
374,1,1990,31.25
374,1,1991,31.38
374,1,1992,31.4
374,1,1993,31.62
374,1,1994,31.71
374,1,1995,33.26
374,1,1996,33.22
374,1,1997,33.31
374,1,1998,33.53
374,1,1999,33.66
374,1,2000,35.4
374,1,2001,35.12
374,1,2002,34.9
374,1,2003,34.43
374,1,2004,33.97
374,1,2005,34.35
374,1,2006,33.87
374,1,2007,33.44
374,1,2008,33.18
374,1,2009,33.12
374,1,2010,33.18
374,1,2011,32.92
374,1,2012,32.87
374,1,2013,32.93
374,1,2014,32.99
374,1,2015,34.02
374,1,2016,34.14
374,1,2017,34.28
374,1,2018,34.23
374,1,2019,33.73
374,1,2020,31.34
374,1,2021,33.2
374,1,2022,34.36
374,1,2023,35.34
374,2,1980,13.58
374,2,1981,13.37
374,2,1982,13.08
374,2,1983,12.73
374,2,1984,12.4
374,2,1985,12.36
374,2,1986,12.18
374,2,1987,12.07
374,2,1988,12.06
374,2,1989,12.04
374,2,1990,12.26
374,2,1991,12.36
374,2,1992,12.4
374,2,1993,12.51
374,2,1994,12.61
374,2,1995,12.77
374,2,1996,12.84
374,2,1997,13.02
374,2,1998,13.3
374,2,1999,13.46
374,2,2000,13.7
374,2,2001,13.72
374,2,2002,13.77
374,2,2003,13.85
374,2,2004,13.83
374,2,2005,14.07
374,2,2006,14.06
374,2,2007,14.02
374,2,2008,14.04
374,2,2009,14.21
374,2,2010,14.38
374,2,2011,14.53
374,2,2012,14.71
374,2,2013,14.9
374,2,2014,15.08
374,2,2015,15.37
374,2,2016,15.59
374,2,2017,15.84
374,2,2018,15.94
374,2,2019,15.7
374,2,2020,12.76
374,2,2021,13.12
374,2,2022,15.72
374,2,2023,16.33
376,1,1980,85.88
376,1,1981,84.16
376,1,1982,82.44
376,1,1983,80.88
376,1,1984,79.28
376,1,1985,83.67
376,1,1986,82.16
376,1,1987,80.84
376,1,1988,80.1
376,1,1989,80.17
376,1,1990,86.25
376,1,1991,86.92
376,1,1992,87.21
376,1,1993,87.67
376,1,1994,87.92
376,1,1995,93.12
376,1,1996,92.8
376,1,1997,92.33
376,1,1998,92.12
376,1,1999,94.03
376,1,2000,96.62
376,1,2001,94.45
376,1,2002,91.45
376,1,2003,88.64
376,1,2004,86.15
376,1,2005,84.74
376,1,2006,82.45
376,1,2007,79.85
376,1,2008,77.16
376,1,2009,74.31
376,1,2010,74.35
376,1,2011,72.48
376,1,2012,70.9
376,1,2013,69.63
376,1,2014,68.1
376,1,2015,70.04
376,1,2016,68.71
376,1,2017,68.02
376,1,2018,67.42
376,1,2019,66.58
376,1,2020,71.19
376,1,2021,73.1
376,1,2022,66.37
376,1,2023,65.15
376,2,1980,25.64
376,2,1981,25.13
376,2,1982,24.55
376,2,1983,23.95
376,2,1984,23.31
376,2,1985,23.27
376,2,1986,22.87
376,2,1987,22.59
376,2,1988,22.55
376,2,1989,22.8
376,2,1990,23.71
376,2,1991,24.37
376,2,1992,24.9
376,2,1993,25.52
376,2,1994,26.1
376,2,1995,27.07
376,2,1996,27.52
376,2,1997,27.87
376,2,1998,28.38
376,2,1999,27.46
376,2,2000,28.32
376,2,2001,28.43
376,2,2002,28.35
376,2,2003,28.35
376,2,2004,28.37
376,2,2005,28.3
376,2,2006,27.92
376,2,2007,27.63
376,2,2008,27.25
376,2,2009,26.92
376,2,2010,26.48
376,2,2011,25.87
376,2,2012,25.44
376,2,2013,25.11
376,2,2014,24.72
376,2,2015,25.26
376,2,2016,25.66
376,2,2017,26.22
376,2,2018,26.38
376,2,2019,26.11
376,2,2020,26.95
376,2,2021,29.48
376,2,2022,28.21
376,2,2023,27.81
380,1,1980,50.63
380,1,1981,49.6
380,1,1982,48.47
380,1,1983,47.39
380,1,1984,46.35
380,1,1985,48
380,1,1986,47.16
380,1,1987,47.74
380,1,1988,47.39
380,1,1989,47.42
380,1,1990,49.49
380,1,1991,49.74
380,1,1992,50.03
380,1,1993,50.22
380,1,1994,52.48
380,1,1995,56.1
380,1,1996,56.76
380,1,1997,56.86
380,1,1998,57.31
380,1,1999,57.2
380,1,2000,59.84
380,1,2001,59.51
380,1,2002,59.08
380,1,2003,58.39
380,1,2004,57.09
380,1,2005,55.58
380,1,2006,54.49
380,1,2007,53.44
380,1,2008,52.63
380,1,2009,52.07
380,1,2010,51.76
380,1,2011,51.46
380,1,2012,51.78
380,1,2013,54.26
380,1,2014,55.1
380,1,2015,57.83
380,1,2016,58.88
380,1,2017,59.05
380,1,2018,59.06
380,1,2019,47.05
380,1,2020,48.15
380,1,2021,52.31
380,1,2022,49.72
380,1,2023,49.37
380,2,1980,46.99
380,2,1981,46.34
380,2,1982,45.44
380,2,1983,44.45
380,2,1984,43.38
380,2,1985,43.22
380,2,1986,42.57
380,2,1987,41.7
380,2,1988,41.68
380,2,1989,42.11
380,2,1990,44.28
380,2,1991,44.98
380,2,1992,45.69
380,2,1993,46.23
380,2,1994,46.96
380,2,1995,48.2
380,2,1996,49.09
380,2,1997,49.82
380,2,1998,50.79
380,2,1999,50.97
380,2,2000,51.57
380,2,2001,51.63
380,2,2002,51.77
380,2,2003,51.89
380,2,2004,51.89
380,2,2005,51.64
380,2,2006,51.1
380,2,2007,50.48
380,2,2008,49.84
380,2,2009,49.48
380,2,2010,49.31
380,2,2011,49.37
380,2,2012,49.96
380,2,2013,48.64
380,2,2014,49.18
380,2,2015,50.06
380,2,2016,50.28
380,2,2017,50.4
380,2,2018,51.3
380,2,2019,60.4
380,2,2020,62.79
380,2,2021,67.65
380,2,2022,63.85
380,2,2023,63.43
385,1,1980,23.48
385,1,1981,23.04
385,1,1982,23.53
385,1,1983,22.76
385,1,1984,22.9
385,1,1985,23.38
385,1,1986,24.47
385,1,1987,23.43
385,1,1988,24.78
385,1,1989,25.82
385,1,1990,25.77
385,1,1991,26.16
385,1,1992,25.48
385,1,1993,25.21
385,1,1994,24.61
385,1,1995,24.57
385,1,1996,23.95
385,1,1997,22.67
385,1,1998,22.75
385,1,1999,22.66
385,1,2000,22.96
385,1,2001,21.82
385,1,2002,20.76
385,1,2003,20.5
385,1,2004,20.03
385,1,2005,19.38
385,1,2006,19.78
385,1,2007,19.64
385,1,2008,19.66
385,1,2009,19.85
385,1,2010,19.57
385,1,2011,18.6
385,1,2012,18.08
385,1,2013,17.21
385,1,2014,16.67
385,1,2015,15.93
385,1,2016,14.37
385,1,2017,13.95
385,1,2018,12.89
385,1,2019,12.05
385,1,2020,12.43
385,1,2021,12.03
385,1,2022,11.68
385,1,2023,12.03
385,2,1980,10.24
385,2,1981,9.72
385,2,1982,9.21
385,2,1983,9.26
385,2,1984,8.93
385,2,1985,8.98
385,2,1986,8.95
385,2,1987,9.12
385,2,1988,9.07
385,2,1989,9.08
385,2,1990,9.55
385,2,1991,9.42
385,2,1992,9.5
385,2,1993,8.78
385,2,1994,8.59
385,2,1995,8.85
385,2,1996,9.02
385,2,1997,8.96
385,2,1998,8.58
385,2,1999,8.31
385,2,2000,8.72
385,2,2001,8.54
385,2,2002,8.4
385,2,2003,8.54
385,2,2004,8.64
385,2,2005,8.85
385,2,2006,9.05
385,2,2007,8.88
385,2,2008,8.57
385,2,2009,8.27
385,2,2010,8.23
385,2,2011,8.4
385,2,2012,8.65
385,2,2013,8.29
385,2,2014,7.81
385,2,2015,7.52
385,2,2016,7.06
385,2,2017,6.96
385,2,2018,6.79
385,2,2019,6.54
385,2,2020,6.57
385,2,2021,6.28
385,2,2022,6.19
385,2,2023,6.64
393,1,1980,16.77
393,1,1981,17.75
393,1,1982,18.1
393,1,1983,17.22
393,1,1984,17.07
393,1,1985,16.54
393,1,1986,17.04
393,1,1987,17.08
393,1,1988,17.26
393,1,1989,17.03
393,1,1990,16.77
393,1,1991,16.44
393,1,1992,15.95
393,1,1993,14.94
393,1,1994,14.84
393,1,1995,14.93
393,1,1996,14.93
393,1,1997,14.38
393,1,1998,14.24
393,1,1999,13.98
393,1,2000,14.21
393,1,2001,14.01
393,1,2002,14.06
393,1,2003,14.05
393,1,2004,13.78
393,1,2005,13.45
393,1,2006,13.39
393,1,2007,13.09
393,1,2008,13.14
393,1,2009,13.06
393,1,2010,12.39
393,1,2011,12.01
393,1,2012,11.76
393,1,2013,11.4
393,1,2014,10.97
393,1,2015,10.95
393,1,2016,10.92
393,1,2017,10.68
393,1,2018,10.37
393,1,2019,10.33
393,1,2020,10.76
393,1,2021,11.11
393,1,2022,10.62
393,1,2023,10.4
393,2,1980,6.49
393,2,1981,6.59
393,2,1982,6.6
393,2,1983,6.57
393,2,1984,6.35
393,2,1985,6.13
393,2,1986,6.09
393,2,1987,6.29
393,2,1988,6.24
393,2,1989,6.32
393,2,1990,6.31
393,2,1991,5.8
393,2,1992,5.58
393,2,1993,5.16
393,2,1994,5.11
393,2,1995,5.29
393,2,1996,5.35
393,2,1997,5.36
393,2,1998,5.42
393,2,1999,5.32
393,2,2000,5.56
393,2,2001,5.48
393,2,2002,5.68
393,2,2003,5.7
393,2,2004,5.7
393,2,2005,5.77
393,2,2006,5.94
393,2,2007,5.97
393,2,2008,6.12
393,2,2009,6.14
393,2,2010,6.1
393,2,2011,6.09
393,2,2012,6.09
393,2,2013,6.02
393,2,2014,5.93
393,2,2015,6.04
393,2,2016,5.94
393,2,2017,6
393,2,2018,6.07
393,2,2019,6.2
393,2,2020,6.39
393,2,2021,6.39
393,2,2022,6.33
393,2,2023,6.52
396,1,1980,66.8
396,1,1981,66.66
396,1,1982,66.31
396,1,1983,65.72
396,1,1984,65.28
396,1,1985,67.11
396,1,1986,66.74
396,1,1987,66.09
396,1,1988,65.25
396,1,1989,64.29
396,1,1990,65.85
396,1,1991,64.37
396,1,1992,62.69
396,1,1993,61.29
396,1,1994,60.54
396,1,1995,62.43
396,1,1996,61.57
396,1,1997,60.99
396,1,1998,60.08
396,1,1999,58.82
396,1,2000,57.38
396,1,2001,56.29
396,1,2002,55.42
396,1,2003,54.23
396,1,2004,52.68
396,1,2005,49.01
396,1,2006,47.07
396,1,2007,45.27
396,1,2008,43.15
396,1,2009,40.84
396,1,2010,36.29
396,1,2011,34.42
396,1,2012,32.66
396,1,2013,30.84
396,1,2014,29.44
396,1,2015,26.83
396,1,2016,26.17
396,1,2017,24.71
396,1,2018,23.85
396,1,2019,23.9
396,1,2020,23.14
396,1,2021,22.5
396,1,2022,24.28
396,1,2023,27.36
396,2,1980,12.58
396,2,1981,12.64
396,2,1982,12.63
396,2,1983,12.51
396,2,1984,12.3
396,2,1985,12.19
396,2,1986,11.87
396,2,1987,11.58
396,2,1988,11.27
396,2,1989,10.95
396,2,1990,10.79
396,2,1991,10.58
396,2,1992,10.35
396,2,1993,10.21
396,2,1994,10.19
396,2,1995,10.46
396,2,1996,10.64
396,2,1997,10.89
396,2,1998,11.13
396,2,1999,11.32
396,2,2000,11.5
396,2,2001,11.66
396,2,2002,11.79
396,2,2003,12.1
396,2,2004,11.9
396,2,2005,11.87
396,2,2006,11.68
396,2,2007,11.43
396,2,2008,11.12
396,2,2009,10.73
396,2,2010,10.23
396,2,2011,9.95
396,2,2012,9.67
396,2,2013,9.34
396,2,2014,9.19
396,2,2015,9.04
396,2,2016,9.09
396,2,2017,9.16
396,2,2018,9.25
396,2,2019,9.4
396,2,2020,9.03
396,2,2021,8.92
396,2,2022,9.25
396,2,2023,10.11
413,1,1980,22.09
413,1,1981,21.77
413,1,1982,21.49
413,1,1983,21.06
413,1,1984,20.69
413,1,1985,21.51
413,1,1986,21.23
413,1,1987,21.05
413,1,1988,20.94
413,1,1989,20.91
413,1,1990,22.34
413,1,1991,22.59
413,1,1992,22.77
413,1,1993,22.99
413,1,1994,23.14
413,1,1995,24.5
413,1,1996,24.65
413,1,1997,24.86
413,1,1998,25.02
413,1,1999,25.1
413,1,2000,26.46
413,1,2001,26.45
413,1,2002,26.45
413,1,2003,26.25
413,1,2004,26.1
413,1,2005,26.42
413,1,2006,26.01
413,1,2007,25.51
413,1,2008,25.07
413,1,2009,24.74
413,1,2010,24.54
413,1,2011,24.19
413,1,2012,24.04
413,1,2013,24.06
413,1,2014,24.04
413,1,2015,24.94
413,1,2016,25.11
413,1,2017,25.18
413,1,2018,25.11
413,1,2019,24.63
413,1,2020,21.77
413,1,2021,23.55
413,1,2022,24.66
413,1,2023,24.73
413,2,1980,10.24
413,2,1981,10.04
413,2,1982,9.8
413,2,1983,9.51
413,2,1984,9.24
413,2,1985,9.17
413,2,1986,9.03
413,2,1987,9
413,2,1988,9.06
413,2,1989,9.19
413,2,1990,9.5
413,2,1991,9.76
413,2,1992,10.01
413,2,1993,10.26
413,2,1994,10.46
413,2,1995,10.77
413,2,1996,10.99
413,2,1997,11.28
413,2,1998,11.57
413,2,1999,11.76
413,2,2000,12.07
413,2,2001,12.22
413,2,2002,12.41
413,2,2003,12.59
413,2,2004,12.84
413,2,2005,13.07
413,2,2006,13.15
413,2,2007,13.14
413,2,2008,13.12
413,2,2009,13.18
413,2,2010,13.34
413,2,2011,13.48
413,2,2012,13.66
413,2,2013,13.92
413,2,2014,14.09
413,2,2015,14.48
413,2,2016,14.79
413,2,2017,15.03
413,2,2018,15.13
413,2,2019,14.88
413,2,2020,12.05
413,2,2021,12.08
413,2,2022,14.39
413,2,2023,14.88
416,1,1980,43.8
416,1,1981,43.54
416,1,1982,43.18
416,1,1983,42.76
416,1,1984,42.4
416,1,1985,44.53
416,1,1986,44.41
416,1,1987,44.38
416,1,1988,44.61
416,1,1989,44.96
416,1,1990,49.76
416,1,1991,51.69
416,1,1992,52.54
416,1,1993,53.9
416,1,1994,55.19
416,1,1995,58.95
416,1,1996,59.57
416,1,1997,60.16
416,1,1998,61.16
416,1,1999,62.04
416,1,2000,66.9
416,1,2001,66.78
416,1,2002,67.18
416,1,2003,66.88
416,1,2004,66.59
416,1,2005,67.73
416,1,2006,67.57
416,1,2007,67.53
416,1,2008,67.21
416,1,2009,66.96
416,1,2010,66.77
416,1,2011,66.35
416,1,2012,66.44
416,1,2013,66.93
416,1,2014,67.21
416,1,2015,69.64
416,1,2016,70
416,1,2017,70.76
416,1,2018,71.1
416,1,2019,71.25
416,1,2020,74.13
416,1,2021,82.66
416,1,2022,78.32
416,1,2023,78.04
416,2,1980,13.61
416,2,1981,13.37
416,2,1982,13.02
416,2,1983,12.61
416,2,1984,12.22
416,2,1985,12.09
416,2,1986,11.89
416,2,1987,11.81
416,2,1988,11.92
416,2,1989,12.12
416,2,1990,12.82
416,2,1991,13.36
416,2,1992,13.74
416,2,1993,14.24
416,2,1994,14.73
416,2,1995,15.21
416,2,1996,15.46
416,2,1997,15.8
416,2,1998,16.33
416,2,1999,16.7
416,2,2000,17.23
416,2,2001,17.45
416,2,2002,17.71
416,2,2003,17.84
416,2,2004,17.95
416,2,2005,18.17
416,2,2006,18.41
416,2,2007,18.58
416,2,2008,18.66
416,2,2009,18.73
416,2,2010,18.76
416,2,2011,18.81
416,2,2012,18.94
416,2,2013,19.13
416,2,2014,19.23
416,2,2015,19.53
416,2,2016,19.88
416,2,2017,20.21
416,2,2018,20.48
416,2,2019,20.77
416,2,2020,21.32
416,2,2021,22.73
416,2,2022,22.33
416,2,2023,22.7
422,1,1980,32.74
422,1,1981,32.34
422,1,1982,31.76
422,1,1983,31.41
422,1,1984,31.09
422,1,1985,31.69
422,1,1986,31.26
422,1,1987,30.5
422,1,1988,29.76
422,1,1989,29.58
422,1,1990,30.8
422,1,1991,30.65
422,1,1992,30.63
422,1,1993,30.5
422,1,1994,30.29
422,1,1995,28.81
422,1,1996,28.37
422,1,1997,27.9
422,1,1998,26.91
422,1,1999,26.92
422,1,2000,28.26
422,1,2001,26.74
422,1,2002,27.54
422,1,2003,27
422,1,2004,25.62
422,1,2005,24.28
422,1,2006,24.27
422,1,2007,23.53
422,1,2008,22.77
422,1,2009,22.68
422,1,2010,22.81
422,1,2011,22.6
422,1,2012,22.41
422,1,2013,21.12
422,1,2014,19.32
422,1,2015,19.15
422,1,2016,17.86
422,1,2017,16.98
422,1,2018,15.99
422,1,2019,14.65
422,1,2020,14.27
422,1,2021,13.31
422,1,2022,15.45
422,1,2023,16.61
422,2,1980,13.78
422,2,1981,13.92
422,2,1982,14.03
422,2,1983,14.18
422,2,1984,14.31
422,2,1985,14.58
422,2,1986,14.1
422,2,1987,11.69
422,2,1988,10.05
422,2,1989,9.85
422,2,1990,10.5
422,2,1991,10.88
422,2,1992,11.1
422,2,1993,11.19
422,2,1994,11.2
422,2,1995,12.07
422,2,1996,12.08
422,2,1997,12.32
422,2,1998,11.58
422,2,1999,11.12
422,2,2000,11.28
422,2,2001,11.21
422,2,2002,11.4
422,2,2003,10.92
422,2,2004,10.39
422,2,2005,10.2
422,2,2006,10.5
422,2,2007,10.6
422,2,2008,10.49
422,2,2009,10.73
422,2,2010,10.5
422,2,2011,10.73
422,2,2012,10.41
422,2,2013,10.11
422,2,2014,10.02
422,2,2015,9.9
422,2,2016,9.48
422,2,2017,8.85
422,2,2018,8.54
422,2,2019,8.35
422,2,2020,7.97
422,2,2021,7.39
422,2,2022,7.85
422,2,2023,8.86
435,1,1980,11.02
435,1,1981,10.95
435,1,1982,10.82
435,1,1983,10.65
435,1,1984,10.49
435,1,1985,10.9
435,1,1986,10.88
435,1,1987,10.8
435,1,1988,10.66
435,1,1989,10.62
435,1,1990,10.48
435,1,1991,10.31
435,1,1992,10.38
435,1,1993,10.37
435,1,1994,10.33
435,1,1995,10.58
435,1,1996,10.44
435,1,1997,10.02
435,1,1998,10.14
435,1,1999,10.06
435,1,2000,10.17
435,1,2001,9.83
435,1,2002,9.77
435,1,2003,9.94
435,1,2004,10.02
435,1,2005,9.91
435,1,2006,10.24
435,1,2007,10.21
435,1,2008,10.15
435,1,2009,10.27
435,1,2010,10.3
435,1,2011,10.4
435,1,2012,10.49
435,1,2013,10.57
435,1,2014,10.53
435,1,2015,10.88
435,1,2016,10.85
435,1,2017,10.81
435,1,2018,10.76
435,1,2019,10.66
435,1,2020,11.05
435,1,2021,10.7
435,1,2022,11.85
435,1,2023,12.17
435,2,1980,3.52
435,2,1981,3.53
435,2,1982,3.57
435,2,1983,3.55
435,2,1984,3.51
435,2,1985,3.75
435,2,1986,3.79
435,2,1987,3.8
435,2,1988,3.8
435,2,1989,3.85
435,2,1990,3.84
435,2,1991,3.82
435,2,1992,3.88
435,2,1993,3.88
435,2,1994,3.87
435,2,1995,3.91
435,2,1996,3.83
435,2,1997,3.58
435,2,1998,3.61
435,2,1999,3.57
435,2,2000,3.6
435,2,2001,3.43
435,2,2002,3.4
435,2,2003,3.45
435,2,2004,3.49
435,2,2005,3.44
435,2,2006,3.61
435,2,2007,3.59
435,2,2008,3.56
435,2,2009,3.6
435,2,2010,3.62
435,2,2011,3.64
435,2,2012,3.63
435,2,2013,3.65
435,2,2014,3.65
435,2,2015,3.69
435,2,2016,3.66
435,2,2017,3.59
435,2,2018,3.57
435,2,2019,3.57
435,2,2020,3.45
435,2,2021,3.32
435,2,2022,4.01
435,2,2023,4.14
522,1,1980,13.95
522,1,1981,13.97
522,1,1982,13.97
522,1,1983,13.95
522,1,1984,13.93
522,1,1985,13.95
522,1,1986,14.02
522,1,1987,14.02
522,1,1988,14.07
522,1,1989,14.09
522,1,1990,14.19
522,1,1991,14.18
522,1,1992,14.12
522,1,1993,14.26
522,1,1994,14.21
522,1,1995,14.4
522,1,1996,14.6
522,1,1997,14.74
522,1,1998,14.99
522,1,1999,14.98
522,1,2000,15.26
522,1,2001,15.41
522,1,2002,15.62
522,1,2003,15.58
522,1,2004,15.65
522,1,2005,15.51
522,1,2006,15.58
522,1,2007,15.6
522,1,2008,15.72
522,1,2009,15.84
522,1,2010,15.7
522,1,2011,15.67
522,1,2012,15.59
522,1,2013,15.64
522,1,2014,15.37
522,1,2015,15.91
522,1,2016,15.91
522,1,2017,16.09
522,1,2018,16.17
522,1,2019,16.24
522,1,2020,16.96
522,1,2021,17.49
522,1,2022,18.07
522,1,2023,18.15
522,2,1980,4.95
522,2,1981,5
522,2,1982,5
522,2,1983,4.97
522,2,1984,4.99
522,2,1985,4.99
522,2,1986,5.03
522,2,1987,5.04
522,2,1988,5.05
522,2,1989,5.11
522,2,1990,5.16
522,2,1991,5.2
522,2,1992,5.22
522,2,1993,5.28
522,2,1994,5.22
522,2,1995,5.23
522,2,1996,5.26
522,2,1997,5.29
522,2,1998,5.38
522,2,1999,5.34
522,2,2000,5.34
522,2,2001,5.35
522,2,2002,5.38
522,2,2003,5.36
522,2,2004,5.39
522,2,2005,5.35
522,2,2006,5.4
522,2,2007,5.43
522,2,2008,5.49
522,2,2009,5.59
522,2,2010,5.61
522,2,2011,5.66
522,2,2012,5.67
522,2,2013,5.75
522,2,2014,5.79
522,2,2015,5.96
522,2,2016,6.1
522,2,2017,6.21
522,2,2018,6.23
522,2,2019,6.39
522,2,2020,6.74
522,2,2021,7.02
522,2,2022,7.2
522,2,2023,7.23
