location,sex,year,tracheal_bronchus_and_lung_cancer_incidence_number_all_ages
6,1,1990,214406.99
6,1,1991,221900.82
6,1,1992,227411.12
6,1,1993,232431.91
6,1,1994,238919.65
6,1,1995,245265.91
6,1,1996,252113.48
6,1,1997,258972.38
6,1,1998,266771.99
6,1,1999,276448.27
6,1,2000,286306.48
6,1,2001,296270.87
6,1,2002,303273.99
6,1,2003,310167.31
6,1,2004,316886.12
6,1,2005,327968.21
6,1,2006,344698.42
6,1,2007,363781.77
6,1,2008,373073.16
6,1,2009,379804.5
6,1,2010,385239.2
6,1,2011,392868.45
6,1,2012,398641.23
6,1,2013,414503.57
6,1,2014,428712.53
6,1,2015,452328.84
6,1,2016,485835.47
6,1,2017,514905.13
6,1,2018,510287.15
6,1,2019,493375.44
6,1,2020,488292.33
6,1,2021,557281.26
6,1,2022,622681.65
6,1,2023,599327.02
6,2,1990,104259.72
6,2,1991,107848.19
6,2,1992,110919.46
6,2,1993,114147.75
6,2,1994,117101.82
6,2,1995,120753.36
6,2,1996,125103.54
6,2,1997,129497.93
6,2,1998,133782.29
6,2,1999,138676.09
6,2,2000,143867.47
6,2,2001,147392.61
6,2,2002,149403.38
6,2,2003,151212.96
6,2,2004,152681.18
6,2,2005,156640.55
6,2,2006,162024.42
6,2,2007,168640.46
6,2,2008,171584.11
6,2,2009,174462.73
6,2,2010,176678.67
6,2,2011,177453.58
6,2,2012,177648.38
6,2,2013,180122.15
6,2,2014,187174.82
6,2,2015,196058.12
6,2,2016,209245.56
6,2,2017,220549.12
6,2,2018,219942.16
6,2,2019,214591.94
6,2,2020,214101.6
6,2,2021,237925.08
6,2,2022,261610.86
6,2,2023,273136.42
7,1,1990,2197.23
7,1,1991,2276.89
7,1,1992,2354.15
7,1,1993,2428.6
7,1,1994,2495.15
7,1,1995,2549.78
7,1,1996,2599.09
7,1,1997,2651.62
7,1,1998,2704.42
7,1,1999,2756.89
7,1,2000,2808.98
7,1,2001,2873.46
7,1,2002,2939.94
7,1,2003,2990.14
7,1,2004,3045.01
7,1,2005,3102.77
7,1,2006,3152.96
7,1,2007,3192.09
7,1,2008,3224.41
7,1,2009,3244.71
7,1,2010,3275.48
7,1,2011,3358.92
7,1,2012,3437.57
7,1,2013,3575.22
7,1,2014,3642.21
7,1,2015,3724.87
7,1,2016,3815.48
7,1,2017,3950.95
7,1,2018,4057.1
7,1,2019,4188.16
7,1,2020,4317.77
7,1,2021,4538.78
7,1,2022,4838.16
7,1,2023,5021.14
7,2,1990,1178.9
7,2,1991,1242.29
7,2,1992,1301.01
7,2,1993,1351.76
7,2,1994,1403.77
7,2,1995,1440.44
7,2,1996,1474.39
7,2,1997,1508.53
7,2,1998,1552.18
7,2,1999,1604.68
7,2,2000,1656.48
7,2,2001,1714.73
7,2,2002,1781
7,2,2003,1854.79
7,2,2004,1949.67
7,2,2005,2047.12
7,2,2006,2132.22
7,2,2007,2202.95
7,2,2008,2267.75
7,2,2009,2337.11
7,2,2010,2422.21
7,2,2011,2519.56
7,2,2012,2628.48
7,2,2013,2721.32
7,2,2014,2795.61
7,2,2015,2880.31
7,2,2016,2989.9
7,2,2017,3115.01
7,2,2018,3241.09
7,2,2019,3373.21
7,2,2020,3456.81
7,2,2021,3615.89
7,2,2022,3864.68
7,2,2023,3960.64
8,1,1990,3473.64
8,1,1991,3636.99
8,1,1992,3791.1
8,1,1993,3919.36
8,1,1994,4157.77
8,1,1995,4437.33
8,1,1996,4640.19
8,1,1997,4884.44
8,1,1998,5003.96
8,1,1999,5215.72
8,1,2000,5476.18
8,1,2001,5727.49
8,1,2002,5906.53
8,1,2003,6050.97
8,1,2004,6210.45
8,1,2005,6387.32
8,1,2006,6502.11
8,1,2007,6756.62
8,1,2008,6774.13
8,1,2009,6794.45
8,1,2010,6884.45
8,1,2011,7077.94
8,1,2012,6921.14
8,1,2013,7150.05
8,1,2014,7234.84
8,1,2015,7263.67
8,1,2016,7201.15
8,1,2017,7209.42
8,1,2018,6905.04
8,1,2019,6807.54
8,1,2020,6712.28
8,1,2021,7216.17
8,1,2022,7490.43
8,1,2023,7918.18
8,2,1990,1467.42
8,2,1991,1536.08
8,2,1992,1593.65
8,2,1993,1686.53
8,2,1994,1788.27
8,2,1995,1948.25
8,2,1996,2066.77
8,2,1997,2199.09
8,2,1998,2273.45
8,2,1999,2344.13
8,2,2000,2519.73
8,2,2001,2662.47
8,2,2002,2860.87
8,2,2003,2958.4
8,2,2004,3010.38
8,2,2005,3092.77
8,2,2006,3238.14
8,2,2007,3497.42
8,2,2008,3540.59
8,2,2009,3668.58
8,2,2010,3838.79
8,2,2011,3914.35
8,2,2012,4034.73
8,2,2013,4211.45
8,2,2014,4359.64
8,2,2015,4481.67
8,2,2016,4559.6
8,2,2017,4602.14
8,2,2018,4643.33
8,2,2019,4764.64
8,2,2020,4795.86
8,2,2021,5194.9
8,2,2022,5393
8,2,2023,5668.49
10,1,1990,336.9
10,1,1991,351.09
10,1,1992,365.3
10,1,1993,378.47
10,1,1994,392.21
10,1,1995,413.46
10,1,1996,426.69
10,1,1997,439.81
10,1,1998,458.4
10,1,1999,469.13
10,1,2000,485.05
10,1,2001,509.74
10,1,2002,532.88
10,1,2003,543.08
10,1,2004,554.57
10,1,2005,565.85
10,1,2006,564.6
10,1,2007,576.77
10,1,2008,586.23
10,1,2009,595.26
10,1,2010,616.01
10,1,2011,621.93
10,1,2012,648.37
10,1,2013,679.97
10,1,2014,696.79
10,1,2015,746.73
10,1,2016,782.33
10,1,2017,800.86
10,1,2018,841.67
10,1,2019,886.14
10,1,2020,946.28
10,1,2021,947.15
10,1,2022,1025.33
10,1,2023,1102.98
10,2,1990,148.31
10,2,1991,155.77
10,2,1992,164.33
10,2,1993,171.97
10,2,1994,177.34
10,2,1995,182.87
10,2,1996,185.16
10,2,1997,188.71
10,2,1998,195.16
10,2,1999,196.85
10,2,2000,201.04
10,2,2001,211.75
10,2,2002,222.69
10,2,2003,229.74
10,2,2004,239.94
10,2,2005,253.66
10,2,2006,263.95
10,2,2007,281.76
10,2,2008,294.99
10,2,2009,308.08
10,2,2010,324.63
10,2,2011,337.31
10,2,2012,358.07
10,2,2013,378.36
10,2,2014,391.15
10,2,2015,411.77
10,2,2016,431.83
10,2,2017,444.05
10,2,2018,467.2
10,2,2019,496.66
10,2,2020,526.57
10,2,2021,519.53
10,2,2022,572.7
10,2,2023,621.85
11,1,1990,8685.74
11,1,1991,9000.19
11,1,1992,9325.91
11,1,1993,9691
11,1,1994,10074.42
11,1,1995,10490.31
11,1,1996,10945.92
11,1,1997,11386.62
11,1,1998,11719.48
11,1,1999,12100.63
11,1,2000,12534.13
11,1,2001,12963.11
11,1,2002,13423.87
11,1,2003,13939.04
11,1,2004,15157.53
11,1,2005,15049.9
11,1,2006,15763.06
11,1,2007,16532.92
11,1,2008,17389.07
11,1,2009,18241.69
11,1,2010,19073.6
11,1,2011,19931.81
11,1,2012,20795.94
11,1,2013,21572.95
11,1,2014,22311.86
11,1,2015,23280.85
11,1,2016,24323.29
11,1,2017,25344.81
11,1,2018,26748.96
11,1,2019,28221.09
11,1,2020,30781.77
11,1,2021,35842.91
11,1,2022,33405.8
11,1,2023,34953.56
11,2,1990,3081.61
11,2,1991,3218.82
11,2,1992,3372.97
11,2,1993,3524.22
11,2,1994,3672.85
11,2,1995,3804.42
11,2,1996,3949.78
11,2,1997,4115.82
11,2,1998,4226.35
11,2,1999,4333.08
11,2,2000,4440.01
11,2,2001,4518.45
11,2,2002,4661.8
11,2,2003,4815.38
11,2,2004,5530.66
11,2,2005,5249.78
11,2,2006,5505.01
11,2,2007,5820.52
11,2,2008,6208.47
11,2,2009,6605.12
11,2,2010,7028.56
11,2,2011,7439.31
11,2,2012,7789.55
11,2,2013,8092.23
11,2,2014,8392.14
11,2,2015,8790.79
11,2,2016,9262.28
11,2,2017,9761.65
11,2,2018,10360.25
11,2,2019,10978.59
11,2,2020,11896.19
11,2,2021,13430.88
11,2,2022,13131.17
11,2,2023,13966.08
12,1,1990,188.28
12,1,1991,192.69
12,1,1992,198.47
12,1,1993,205.97
12,1,1994,213.77
12,1,1995,221.97
12,1,1996,229.13
12,1,1997,236.95
12,1,1998,245.78
12,1,1999,252.47
12,1,2000,260.86
12,1,2001,269.14
12,1,2002,278.37
12,1,2003,284.12
12,1,2004,288.59
12,1,2005,296.27
12,1,2006,304.47
12,1,2007,316.81
12,1,2008,328
12,1,2009,343.11
12,1,2010,362.16
12,1,2011,378.92
12,1,2012,398.8
12,1,2013,423.54
12,1,2014,439.98
12,1,2015,473.57
12,1,2016,493.79
12,1,2017,507.3
12,1,2018,527.66
12,1,2019,553.08
12,1,2020,584.83
12,1,2021,604.63
12,1,2022,673
12,1,2023,706.28
12,2,1990,64.02
12,2,1991,66.89
12,2,1992,70.19
12,2,1993,74.11
12,2,1994,77.9
12,2,1995,80.42
12,2,1996,83.48
12,2,1997,86.71
12,2,1998,90.72
12,2,1999,93.52
12,2,2000,95.94
12,2,2001,99.47
12,2,2002,103.13
12,2,2003,106.13
12,2,2004,109.25
12,2,2005,113.89
12,2,2006,118.96
12,2,2007,126.01
12,2,2008,132.94
12,2,2009,142.91
12,2,2010,154.51
12,2,2011,166.48
12,2,2012,176.97
12,2,2013,192.68
12,2,2014,206.3
12,2,2015,224.74
12,2,2016,240.22
12,2,2017,253.59
12,2,2018,268.22
12,2,2019,285.87
12,2,2020,307.4
12,2,2021,320.37
12,2,2022,362.54
12,2,2023,385.8
13,1,1990,1178.67
13,1,1991,1251.58
13,1,1992,1315.75
13,1,1993,1382.24
13,1,1994,1465.72
13,1,1995,1580.49
13,1,1996,1676.33
13,1,1997,1752.05
13,1,1998,1896.96
13,1,1999,2022.74
13,1,2000,2183.03
13,1,2001,2238.94
13,1,2002,2325.05
13,1,2003,2388.11
13,1,2004,2438.56
13,1,2005,2497.23
13,1,2006,2545.79
13,1,2007,2623.93
13,1,2008,2702.56
13,1,2009,2764.53
13,1,2010,2818.41
13,1,2011,2888.32
13,1,2012,2980
13,1,2013,3096.89
13,1,2014,3176.02
13,1,2015,3234
13,1,2016,3358.81
13,1,2017,3461.57
13,1,2018,3573.5
13,1,2019,3644.87
13,1,2020,3686.37
13,1,2021,3825.77
13,1,2022,4415.67
13,1,2023,4326.58
13,2,1990,538.69
13,2,1991,573.51
13,2,1992,599.53
13,2,1993,628.33
13,2,1994,673.02
13,2,1995,714.77
13,2,1996,762.27
13,2,1997,808.16
13,2,1998,875.61
13,2,1999,941.55
13,2,2000,1011.03
13,2,2001,1072.22
13,2,2002,1114.49
13,2,2003,1141.01
13,2,2004,1167.82
13,2,2005,1193.98
13,2,2006,1212.69
13,2,2007,1242.66
13,2,2008,1275.54
13,2,2009,1289.79
13,2,2010,1325.02
13,2,2011,1351.98
13,2,2012,1391.07
13,2,2013,1457.96
13,2,2014,1496.32
13,2,2015,1545.15
13,2,2016,1600.37
13,2,2017,1647.95
13,2,2018,1696.93
13,2,2019,1698.03
13,2,2020,1718.21
13,2,2021,1928.75
13,2,2022,2148.28
13,2,2023,2184.38
14,1,1990,7.41
14,1,1991,7.88
14,1,1992,8.27
14,1,1993,8.62
14,1,1994,8.97
14,1,1995,9.44
14,1,1996,9.94
14,1,1997,10.48
14,1,1998,11.05
14,1,1999,11.6
14,1,2000,12.19
14,1,2001,12.9
14,1,2002,13.58
14,1,2003,14.26
14,1,2004,15.26
14,1,2005,15.67
14,1,2006,16.59
14,1,2007,17.6
14,1,2008,18.59
14,1,2009,19.55
14,1,2010,20.42
14,1,2011,21.26
14,1,2012,21.95
14,1,2013,22.81
14,1,2014,23.49
14,1,2015,24.12
14,1,2016,25.02
14,1,2017,26.09
14,1,2018,27.26
14,1,2019,28.89
14,1,2020,29.6
14,1,2021,29.78
14,1,2022,32.61
14,1,2023,35.06
14,2,1990,2.31
14,2,1991,2.51
14,2,1992,2.69
14,2,1993,2.83
14,2,1994,2.95
14,2,1995,3.14
14,2,1996,3.36
14,2,1997,3.59
14,2,1998,3.77
14,2,1999,3.99
14,2,2000,4.25
14,2,2001,4.56
14,2,2002,4.89
14,2,2003,5.23
14,2,2004,5.65
14,2,2005,5.88
14,2,2006,6.26
14,2,2007,6.67
14,2,2008,7.04
14,2,2009,7.38
14,2,2010,7.73
14,2,2011,8.09
14,2,2012,8.36
14,2,2013,8.62
14,2,2014,8.84
14,2,2015,9.2
14,2,2016,9.62
14,2,2017,10.15
14,2,2018,10.8
14,2,2019,11.65
14,2,2020,12.17
14,2,2021,13.01
14,2,2022,13.75
14,2,2023,14.48
15,1,1990,3113.76
15,1,1991,3179.85
15,1,1992,3217.8
15,1,1993,3264.69
15,1,1994,3304.37
15,1,1995,3352.94
15,1,1996,3383.19
15,1,1997,3420.27
15,1,1998,3473.82
15,1,1999,3487.71
15,1,2000,3518.27
15,1,2001,3553.49
15,1,2002,3587.32
15,1,2003,3603.28
15,1,2004,3605.77
15,1,2005,3639.69
15,1,2006,3642.54
15,1,2007,3653.84
15,1,2008,3931.35
15,1,2009,3664.38
15,1,2010,3708.38
15,1,2011,3741.96
15,1,2012,3836.2
15,1,2013,4002.99
15,1,2014,4144.29
15,1,2015,4277.93
15,1,2016,4505.67
15,1,2017,4630.64
15,1,2018,4827.87
15,1,2019,5083.53
15,1,2020,5482.1
15,1,2021,6286.94
15,1,2022,5879.19
15,1,2023,6129.67
15,2,1990,1261.12
15,2,1991,1314.62
15,2,1992,1359.6
15,2,1993,1399.47
15,2,1994,1434.64
15,2,1995,1474.7
15,2,1996,1504.76
15,2,1997,1547.94
15,2,1998,1599.49
15,2,1999,1630.2
15,2,2000,1666.06
15,2,2001,1698.76
15,2,2002,1729.51
15,2,2003,1746.34
15,2,2004,1775.49
15,2,2005,1812.38
15,2,2006,1836.54
15,2,2007,1871.11
15,2,2008,2197.59
15,2,2009,1931.08
15,2,2010,1990.35
15,2,2011,2056.35
15,2,2012,2113.89
15,2,2013,2215.65
15,2,2014,2325.92
15,2,2015,2426
15,2,2016,2568.13
15,2,2017,2687.13
15,2,2018,2817.7
15,2,2019,3002.9
15,2,2020,3201.24
15,2,2021,3568.8
15,2,2022,3613.95
15,2,2023,3841.59
16,1,1990,3941.19
16,1,1991,4053.07
16,1,1992,4268.25
16,1,1993,4532.51
16,1,1994,4782.14
16,1,1995,4972.75
16,1,1996,5161.86
16,1,1997,5316.4
16,1,1998,5511.75
16,1,1999,5670.28
16,1,2000,5877.46
16,1,2001,6098.06
16,1,2002,6239.75
16,1,2003,6248
16,1,2004,6281.65
16,1,2005,6447.54
16,1,2006,6510.16
16,1,2007,6490.77
16,1,2008,6604.11
16,1,2009,6748.78
16,1,2010,6771.04
16,1,2011,6775.02
16,1,2012,6947.86
16,1,2013,7066.65
16,1,2014,7085.34
16,1,2015,7211.27
16,1,2016,7277.64
16,1,2017,7213.3
16,1,2018,7254.87
16,1,2019,7323.45
16,1,2020,7021.24
16,1,2021,8209.01
16,1,2022,7846.99
16,1,2023,7552.43
16,2,1990,1397.15
16,2,1991,1449.66
16,2,1992,1522.22
16,2,1993,1618.57
16,2,1994,1714.98
16,2,1995,1803.36
16,2,1996,1898.31
16,2,1997,1967.33
16,2,1998,2037.01
16,2,1999,2134.51
16,2,2000,2239.34
16,2,2001,2338.18
16,2,2002,2416.05
16,2,2003,2400.45
16,2,2004,2402.12
16,2,2005,2477.24
16,2,2006,2504.49
16,2,2007,2530.84
16,2,2008,2608.11
16,2,2009,2695.11
16,2,2010,2759.09
16,2,2011,2814.76
16,2,2012,2930.89
16,2,2013,3035.46
16,2,2014,3106.13
16,2,2015,3207.73
16,2,2016,3301.18
16,2,2017,3338.25
16,2,2018,3400.4
16,2,2019,3503.56
16,2,2020,3450.94
16,2,2021,4031.54
16,2,2022,3941.48
16,2,2023,3885.81
17,1,1990,867.58
17,1,1991,835.1
17,1,1992,829.9
17,1,1993,852.6
17,1,1994,890.4
17,1,1995,923.46
17,1,1996,1019.59
17,1,1997,1011.23
17,1,1998,1058.32
17,1,1999,1097.74
17,1,2000,1100.61
17,1,2001,1149.65
17,1,2002,1192.36
17,1,2003,1233.72
17,1,2004,1372.83
17,1,2005,1320.31
17,1,2006,1366.14
17,1,2007,1446.09
17,1,2008,1497.6
17,1,2009,1558.57
17,1,2010,1599.13
17,1,2011,1611.41
17,1,2012,1669.99
17,1,2013,1771.04
17,1,2014,1858.61
17,1,2015,1887
17,1,2016,1934.79
17,1,2017,2038.5
17,1,2018,2120.19
17,1,2019,2115.36
17,1,2020,2137.41
17,1,2021,2119.94
17,1,2022,2855.96
17,1,2023,3063.54
17,2,1990,245.9
17,2,1991,254.72
17,2,1992,262.59
17,2,1993,268.97
17,2,1994,281.57
17,2,1995,290.88
17,2,1996,315.58
17,2,1997,321.86
17,2,1998,343.98
17,2,1999,351.13
17,2,2000,358.65
17,2,2001,375.89
17,2,2002,383.75
17,2,2003,393.74
17,2,2004,471.53
17,2,2005,442.02
17,2,2006,468.42
17,2,2007,490.17
17,2,2008,516.41
17,2,2009,534.88
17,2,2010,567.04
17,2,2011,595.33
17,2,2012,625.24
17,2,2013,669.2
17,2,2014,701.65
17,2,2015,737.48
17,2,2016,775.8
17,2,2017,836.9
17,2,2018,862.17
17,2,2019,868.41
17,2,2020,879.2
17,2,2021,956.1
17,2,2022,1236.66
17,2,2023,1311.96
18,1,1990,7088.58
18,1,1991,7618.38
18,1,1992,8175.43
18,1,1993,8619.92
18,1,1994,9205.64
18,1,1995,9816.37
18,1,1996,9428.54
18,1,1997,8426.99
18,1,1998,8701.31
18,1,1999,10213.25
18,1,2000,11055.65
18,1,2001,11393.33
18,1,2002,11462.96
18,1,2003,11623.38
18,1,2004,12060.13
18,1,2005,12575.64
18,1,2006,12691.75
18,1,2007,12904.08
18,1,2008,13059.33
18,1,2009,13220.51
18,1,2010,13955.91
18,1,2011,13967.02
18,1,2012,14121.81
18,1,2013,14399.77
18,1,2014,14236.88
18,1,2015,14650.88
18,1,2016,15093.41
18,1,2017,14593.9
18,1,2018,14592.89
18,1,2019,15443.18
18,1,2020,16082.54
18,1,2021,16948.64
18,1,2022,18588.47
18,1,2023,18407.2
18,2,1990,3794.68
18,2,1991,4125.14
18,2,1992,4471.36
18,2,1993,4750.7
18,2,1994,5059.08
18,2,1995,5304.67
18,2,1996,5151.1
18,2,1997,4870.8
18,2,1998,5197.54
18,2,1999,5958.45
18,2,2000,6368.36
18,2,2001,6557.27
18,2,2002,6515.6
18,2,2003,6546.19
18,2,2004,6742.55
18,2,2005,6899.67
18,2,2006,6884.14
18,2,2007,7011.1
18,2,2008,7075.95
18,2,2009,7106.38
18,2,2010,7362.38
18,2,2011,7327.74
18,2,2012,7288.41
18,2,2013,7408.53
18,2,2014,7463.5
18,2,2015,7631.77
18,2,2016,7816.93
18,2,2017,7601.68
18,2,2018,7625.25
18,2,2019,8038.31
18,2,2020,8220.47
18,2,2021,8536.45
18,2,2022,9368.55
18,2,2023,9439.19
19,1,1990,23.06
19,1,1991,24.22
19,1,1992,25.63
19,1,1993,27.21
19,1,1994,28.79
19,1,1995,30.87
19,1,1996,32.81
19,1,1997,34.59
19,1,1998,36.45
19,1,1999,37.57
19,1,2000,40.07
19,1,2001,41.65
19,1,2002,42.67
19,1,2003,44.48
19,1,2004,43.93
19,1,2005,46.24
19,1,2006,47.17
19,1,2007,48.57
19,1,2008,49.06
19,1,2009,51.59
19,1,2010,55.12
19,1,2011,59.21
19,1,2012,62.08
19,1,2013,62.91
19,1,2014,63.37
19,1,2015,68.24
19,1,2016,70.05
19,1,2017,71.67
19,1,2018,73.18
19,1,2019,74.67
19,1,2020,79.92
19,1,2021,81.89
19,1,2022,84.89
19,1,2023,88.23
19,2,1990,9.87
19,2,1991,10.4
19,2,1992,11.06
19,2,1993,11.71
19,2,1994,12.27
19,2,1995,12.93
19,2,1996,13.55
19,2,1997,14.07
19,2,1998,14.66
19,2,1999,14.84
19,2,2000,15.72
19,2,2001,16.22
19,2,2002,16.44
19,2,2003,17.17
19,2,2004,16.79
19,2,2005,18.04
19,2,2006,18.64
19,2,2007,19.58
19,2,2008,19.87
19,2,2009,21.56
19,2,2010,23.55
19,2,2011,26.57
19,2,2012,28.68
19,2,2013,29.55
19,2,2014,30.19
19,2,2015,32.35
19,2,2016,33.96
19,2,2017,35.65
19,2,2018,36.9
19,2,2019,38.3
19,2,2020,41.44
19,2,2021,43.46
19,2,2022,46.17
19,2,2023,48.84
20,1,1990,5146
20,1,1991,5356.63
20,1,1992,5577.27
20,1,1993,5735.04
20,1,1994,5851.87
20,1,1995,5992.87
20,1,1996,6020.75
20,1,1997,6158.97
20,1,1998,6331.26
20,1,1999,6436.08
20,1,2000,6591.41
20,1,2001,6755.83
20,1,2002,6947.84
20,1,2003,7147.86
20,1,2004,7358.6
20,1,2005,7553.19
20,1,2006,7765.1
20,1,2007,8023.14
20,1,2008,8326.93
20,1,2009,8714.19
20,1,2010,9101.4
20,1,2011,9539.8
20,1,2012,10141.54
20,1,2013,10758.24
20,1,2014,11269.71
20,1,2015,11891.12
20,1,2016,12660.11
20,1,2017,13271.29
20,1,2018,14071.21
20,1,2019,14912.05
20,1,2020,15719.14
20,1,2021,16041.76
20,1,2022,17502.7
20,1,2023,18692.31
20,2,1990,1555.61
20,2,1991,1629.46
20,2,1992,1698.27
20,2,1993,1797.19
20,2,1994,1888.33
20,2,1995,1979.96
20,2,1996,2088.84
20,2,1997,2158.25
20,2,1998,2248.3
20,2,1999,2324.33
20,2,2000,2423.73
20,2,2001,2549.74
20,2,2002,2698.27
20,2,2003,2865.45
20,2,2004,3042.02
20,2,2005,3225.11
20,2,2006,3417.45
20,2,2007,3634.97
20,2,2008,3869.57
20,2,2009,4124.74
20,2,2010,4385.48
20,2,2011,4579.35
20,2,2012,4800.2
20,2,2013,5034.31
20,2,2014,5269.85
20,2,2015,5545.68
20,2,2016,5875.7
20,2,2017,6136.17
20,2,2018,6457.32
20,2,2019,6811.7
20,2,2020,7131.61
20,2,2021,7280.69
20,2,2022,7885.24
20,2,2023,8513.3
22,1,1990,24.78
22,1,1991,25.31
22,1,1992,25.91
22,1,1993,26.23
22,1,1994,26.52
22,1,1995,26.93
22,1,1996,27.32
22,1,1997,28.06
22,1,1998,29.46
22,1,1999,30.49
22,1,2000,31.52
22,1,2001,33.07
22,1,2002,35.09
22,1,2003,36.61
22,1,2004,38.24
22,1,2005,38.07
22,1,2006,38.55
22,1,2007,38.89
22,1,2008,39.19
22,1,2009,40.41
22,1,2010,41.18
22,1,2011,41.85
22,1,2012,42.31
22,1,2013,43.09
22,1,2014,44.28
22,1,2015,45.73
22,1,2016,46.95
22,1,2017,48.13
22,1,2018,49.79
22,1,2019,51.04
22,1,2020,52.54
22,1,2021,55.27
22,1,2022,58.54
22,1,2023,61.98
22,2,1990,9.16
22,2,1991,9.67
22,2,1992,10.23
22,2,1993,10.63
22,2,1994,11.04
22,2,1995,11.41
22,2,1996,11.81
22,2,1997,12.35
22,2,1998,13.16
22,2,1999,13.82
22,2,2000,14.42
22,2,2001,15.36
22,2,2002,16.12
22,2,2003,17.27
22,2,2004,18.55
22,2,2005,19.38
22,2,2006,20.39
22,2,2007,21.1
22,2,2008,21.48
22,2,2009,22.39
22,2,2010,23.28
22,2,2011,24.13
22,2,2012,24.66
22,2,2013,25.27
22,2,2014,25.94
22,2,2015,26.92
22,2,2016,27.8
22,2,2017,28.58
22,2,2018,29.82
22,2,2019,30.79
22,2,2020,31.82
22,2,2021,32.44
22,2,2022,35.32
22,2,2023,37.34
23,1,1990,1.69
23,1,1991,1.74
23,1,1992,1.78
23,1,1993,1.85
23,1,1994,1.94
23,1,1995,2.17
23,1,1996,2.22
23,1,1997,2.3
23,1,1998,2.39
23,1,1999,2.5
23,1,2000,2.75
23,1,2001,2.87
23,1,2002,3.01
23,1,2003,3.13
23,1,2004,3.24
23,1,2005,3.39
23,1,2006,3.5
23,1,2007,3.6
23,1,2008,3.71
23,1,2009,3.79
23,1,2010,3.9
23,1,2011,3.95
23,1,2012,4.01
23,1,2013,4.08
23,1,2014,4.13
23,1,2015,4.43
23,1,2016,4.52
23,1,2017,4.62
23,1,2018,4.99
23,1,2019,4.88
23,1,2020,5.05
23,1,2021,5.52
23,1,2022,5.63
23,1,2023,5.85
23,2,1990,0.72
23,2,1991,0.74
23,2,1992,0.78
23,2,1993,0.79
23,2,1994,0.79
23,2,1995,0.78
23,2,1996,0.83
23,2,1997,0.87
23,2,1998,0.92
23,2,1999,0.97
23,2,2000,1.03
23,2,2001,1.07
23,2,2002,1.11
23,2,2003,1.15
23,2,2004,1.19
23,2,2005,1.23
23,2,2006,1.26
23,2,2007,1.29
23,2,2008,1.32
23,2,2009,1.35
23,2,2010,1.38
23,2,2011,1.41
23,2,2012,1.44
23,2,2013,1.47
23,2,2014,1.5
23,2,2015,1.56
23,2,2016,1.62
23,2,2017,1.69
23,2,2018,1.82
23,2,2019,1.84
23,2,2020,1.9
23,2,2021,2
23,2,2022,2.19
23,2,2023,2.33
24,1,1990,3.04
24,1,1991,3.09
24,1,1992,3.13
24,1,1993,3.2
24,1,1994,3.36
24,1,1995,3.62
24,1,1996,3.66
24,1,1997,3.68
24,1,1998,3.72
24,1,1999,3.73
24,1,2000,4.03
24,1,2001,4.01
24,1,2002,4.08
24,1,2003,4.16
24,1,2004,4.21
24,1,2005,4.32
24,1,2006,4.37
24,1,2007,4.45
24,1,2008,4.54
24,1,2009,4.63
24,1,2010,4.8
24,1,2011,4.88
24,1,2012,4.98
24,1,2013,5.1
24,1,2014,5.2
24,1,2015,5.55
24,1,2016,5.66
24,1,2017,5.78
24,1,2018,5.88
24,1,2019,6.01
24,1,2020,6.34
24,1,2021,7.12
24,1,2022,6.91
24,1,2023,7.07
24,2,1990,1.26
24,2,1991,1.29
24,2,1992,1.32
24,2,1993,1.34
24,2,1994,1.35
24,2,1995,1.39
24,2,1996,1.4
24,2,1997,1.42
24,2,1998,1.45
24,2,1999,1.47
24,2,2000,1.55
24,2,2001,1.55
24,2,2002,1.61
24,2,2003,1.67
24,2,2004,1.73
24,2,2005,1.8
24,2,2006,1.86
24,2,2007,1.94
24,2,2008,2.02
24,2,2009,2.11
24,2,2010,2.22
24,2,2011,2.32
24,2,2012,2.44
24,2,2013,2.55
24,2,2014,2.65
24,2,2015,2.78
24,2,2016,2.9
24,2,2017,3.02
24,2,2018,3.13
24,2,2019,3.25
24,2,2020,3.43
24,2,2021,3.76
24,2,2022,3.86
24,2,2023,4.06
25,1,1990,13.35
25,1,1991,13.4
25,1,1992,13.37
25,1,1993,13.43
25,1,1994,13.48
25,1,1995,14.27
25,1,1996,14.22
25,1,1997,14.12
25,1,1998,14.05
25,1,1999,13.93
25,1,2000,14.99
25,1,2001,14.46
25,1,2002,14.5
25,1,2003,14.25
25,1,2004,14.08
25,1,2005,14.1
25,1,2006,13.96
25,1,2007,13.85
25,1,2008,13.79
25,1,2009,13.84
25,1,2010,14.09
25,1,2011,14.33
25,1,2012,14.63
25,1,2013,14.85
25,1,2014,14.99
25,1,2015,15.83
25,1,2016,15.99
25,1,2017,16.36
25,1,2018,16.77
25,1,2019,16.43
25,1,2020,17.06
25,1,2021,19.34
25,1,2022,17.03
25,1,2023,17.29
25,2,1990,3.09
25,2,1991,3.18
25,2,1992,3.24
25,2,1993,3.33
25,2,1994,3.42
25,2,1995,3.53
25,2,1996,3.61
25,2,1997,3.69
25,2,1998,3.78
25,2,1999,3.83
25,2,2000,4.14
25,2,2001,4.02
25,2,2002,4.15
25,2,2003,4.26
25,2,2004,4.36
25,2,2005,4.45
25,2,2006,4.51
25,2,2007,4.54
25,2,2008,4.56
25,2,2009,4.61
25,2,2010,4.69
25,2,2011,4.86
25,2,2012,5.04
25,2,2013,5.18
25,2,2014,5.29
25,2,2015,5.47
25,2,2016,5.65
25,2,2017,5.83
25,2,2018,5.93
25,2,2019,6.15
25,2,2020,6.44
25,2,2021,7
25,2,2022,6.55
25,2,2023,6.87
26,1,1990,227.35
26,1,1991,238.16
26,1,1992,248.77
26,1,1993,261.49
26,1,1994,274.16
26,1,1995,302.37
26,1,1996,315.65
26,1,1997,322
26,1,1998,328.35
26,1,1999,340.28
26,1,2000,368.11
26,1,2001,371.52
26,1,2002,379.52
26,1,2003,383.32
26,1,2004,385.76
26,1,2005,396.66
26,1,2006,401.52
26,1,2007,418.14
26,1,2008,425.77
26,1,2009,431.92
26,1,2010,464.54
26,1,2011,482.04
26,1,2012,497.02
26,1,2013,500.32
26,1,2014,522.61
26,1,2015,584.9
26,1,2016,594.02
26,1,2017,619.62
26,1,2018,643.18
26,1,2019,686.39
26,1,2020,711.98
26,1,2021,754.69
26,1,2022,844.71
26,1,2023,902.34
26,2,1990,109.85
26,2,1991,114.54
26,2,1992,119.98
26,2,1993,125.91
26,2,1994,131.7
26,2,1995,138.05
26,2,1996,144.23
26,2,1997,147.32
26,2,1998,149.52
26,2,1999,156.03
26,2,2000,161.07
26,2,2001,161.12
26,2,2002,164.2
26,2,2003,165.74
26,2,2004,166.71
26,2,2005,169.96
26,2,2006,173.68
26,2,2007,184.61
26,2,2008,190.17
26,2,2009,194.23
26,2,2010,211.46
26,2,2011,225.17
26,2,2012,235.26
26,2,2013,236.73
26,2,2014,250.01
26,2,2015,273.44
26,2,2016,278.33
26,2,2017,293.71
26,2,2018,305.66
26,2,2019,333.74
26,2,2020,343.07
26,2,2021,354.09
26,2,2022,428.27
26,2,2023,461.73
27,1,1990,4.09
27,1,1991,4.26
27,1,1992,4.43
27,1,1993,4.6
27,1,1994,4.78
27,1,1995,5.31
27,1,1996,5.53
27,1,1997,5.76
27,1,1998,6
27,1,1999,6.21
27,1,2000,6.8
27,1,2001,6.99
27,1,2002,7.13
27,1,2003,7.21
27,1,2004,7.27
27,1,2005,7.41
27,1,2006,7.41
27,1,2007,7.34
27,1,2008,7.29
27,1,2009,7.3
27,1,2010,7.41
27,1,2011,7.49
27,1,2012,7.57
27,1,2013,7.69
27,1,2014,7.82
27,1,2015,8.37
27,1,2016,8.68
27,1,2017,9.04
27,1,2018,9.46
27,1,2019,10.15
27,1,2020,10.55
27,1,2021,12.08
27,1,2022,12.46
27,1,2023,13.52
27,2,1990,0.56
27,2,1991,0.59
27,2,1992,0.62
27,2,1993,0.65
27,2,1994,0.68
27,2,1995,0.72
27,2,1996,0.75
27,2,1997,0.78
27,2,1998,0.81
27,2,1999,0.85
27,2,2000,0.89
27,2,2001,0.93
27,2,2002,0.96
27,2,2003,0.99
27,2,2004,1.02
27,2,2005,1.04
27,2,2006,1.06
27,2,2007,1.07
27,2,2008,1.08
27,2,2009,1.1
27,2,2010,1.11
27,2,2011,1.12
27,2,2012,1.14
27,2,2013,1.16
27,2,2014,1.18
27,2,2015,1.22
27,2,2016,1.26
27,2,2017,1.31
27,2,2018,1.36
27,2,2019,1.47
27,2,2020,1.48
27,2,2021,1.61
27,2,2022,1.73
27,2,2023,1.9
28,1,1990,23.04
28,1,1991,24.1
28,1,1992,24.03
28,1,1993,24.69
28,1,1994,25.39
28,1,1995,27.06
28,1,1996,27.53
28,1,1997,28.21
28,1,1998,28.55
28,1,1999,28.52
28,1,2000,30.76
28,1,2001,30.3
28,1,2002,30.11
28,1,2003,30.22
28,1,2004,30.03
28,1,2005,31.43
28,1,2006,32.4
28,1,2007,32.41
28,1,2008,32.65
28,1,2009,35.66
28,1,2010,37.18
28,1,2011,42.29
28,1,2012,45.63
28,1,2013,48.86
28,1,2014,53.29
28,1,2015,59.03
28,1,2016,60.77
28,1,2017,64.35
28,1,2018,67.76
28,1,2019,72.42
28,1,2020,78.04
28,1,2021,84.13
28,1,2022,91.24
28,1,2023,95.88
28,2,1990,15.68
28,2,1991,16.82
28,2,1992,17.28
28,2,1993,18.18
28,2,1994,19.19
28,2,1995,19.89
28,2,1996,20.71
28,2,1997,21.92
28,2,1998,22.74
28,2,1999,23.06
28,2,2000,24.53
28,2,2001,24.33
28,2,2002,24.5
28,2,2003,24.87
28,2,2004,25.12
28,2,2005,26.62
28,2,2006,28.04
28,2,2007,28.26
28,2,2008,28.64
28,2,2009,32.46
28,2,2010,33.74
28,2,2011,40.2
28,2,2012,44.71
28,2,2013,49.09
28,2,2014,55.31
28,2,2015,59.67
28,2,2016,61.32
28,2,2017,65.93
28,2,2018,69.74
28,2,2019,75.82
28,2,2020,81.68
28,2,2021,85.41
28,2,2022,98.45
28,2,2023,104.65
29,1,1990,9.44
29,1,1991,9.81
29,1,1992,10.11
29,1,1993,10.39
29,1,1994,10.66
29,1,1995,11.61
29,1,1996,11.81
29,1,1997,11.94
29,1,1998,11.93
29,1,1999,12
29,1,2000,12.76
29,1,2001,12.89
29,1,2002,12.9
29,1,2003,12.86
29,1,2004,12.97
29,1,2005,13.38
29,1,2006,13.43
29,1,2007,13.37
29,1,2008,13.31
29,1,2009,14.3
29,1,2010,13.51
29,1,2011,13.44
29,1,2012,13.51
29,1,2013,13.59
29,1,2014,13.63
29,1,2015,14.37
29,1,2016,14.55
29,1,2017,14.74
29,1,2018,15
29,1,2019,15.34
29,1,2020,16.2
29,1,2021,18.26
29,1,2022,17.84
29,1,2023,18.55
29,2,1990,2.42
29,2,1991,2.54
29,2,1992,2.66
29,2,1993,2.76
29,2,1994,2.86
29,2,1995,2.98
29,2,1996,3.05
29,2,1997,3.11
29,2,1998,3.17
29,2,1999,3.25
29,2,2000,3.36
29,2,2001,3.43
29,2,2002,3.51
29,2,2003,3.6
29,2,2004,3.74
29,2,2005,3.84
29,2,2006,3.91
29,2,2007,3.96
29,2,2008,4.03
29,2,2009,4.28
29,2,2010,4.21
29,2,2011,4.31
29,2,2012,4.41
29,2,2013,4.5
29,2,2014,4.57
29,2,2015,4.73
29,2,2016,4.88
29,2,2017,5.04
29,2,2018,5.21
29,2,2019,5.4
29,2,2020,5.78
29,2,2021,6.58
29,2,2022,6.55
29,2,2023,6.95
30,1,1990,4.13
30,1,1991,4.41
30,1,1992,4.64
30,1,1993,4.83
30,1,1994,5.16
30,1,1995,5.19
30,1,1996,5.4
30,1,1997,5.5
30,1,1998,5.62
30,1,1999,5.77
30,1,2000,5.65
30,1,2001,5.84
30,1,2002,5.54
30,1,2003,5.33
30,1,2004,5.39
30,1,2005,5.75
30,1,2006,5.95
30,1,2007,6.23
30,1,2008,6.46
30,1,2009,6.54
30,1,2010,6.68
30,1,2011,7
30,1,2012,7.23
30,1,2013,7.51
30,1,2014,7.81
30,1,2015,8.08
30,1,2016,8.38
30,1,2017,8.61
30,1,2018,8.83
30,1,2019,9.01
30,1,2020,9.31
30,1,2021,9.64
30,1,2022,10.17
30,1,2023,10.66
30,2,1990,1.55
30,2,1991,1.72
30,2,1992,1.85
30,2,1993,1.96
30,2,1994,2.17
30,2,1995,2.15
30,2,1996,2.27
30,2,1997,2.34
30,2,1998,2.43
30,2,1999,2.55
30,2,2000,2.44
30,2,2001,2.59
30,2,2002,2.39
30,2,2003,2.29
30,2,2004,2.39
30,2,2005,2.68
30,2,2006,2.88
30,2,2007,3.19
30,2,2008,3.44
30,2,2009,3.54
30,2,2010,3.7
30,2,2011,4.05
30,2,2012,4.26
30,2,2013,4.53
30,2,2014,4.8
30,2,2015,5.03
30,2,2016,5.31
30,2,2017,5.58
30,2,2018,5.86
30,2,2019,6.13
30,2,2020,6.43
30,2,2021,6.54
30,2,2022,7.37
30,2,2023,7.97
33,1,1990,834.45
33,1,1991,922.28
33,1,1992,932.71
33,1,1993,892.56
33,1,1994,844.77
33,1,1995,878.51
33,1,1996,890.86
33,1,1997,885.71
33,1,1998,873.42
33,1,1999,900.8
33,1,2000,934.32
33,1,2001,964.29
33,1,2002,991.9
33,1,2003,1017.85
33,1,2004,1043.94
33,1,2005,1068.9
33,1,2006,1101.77
33,1,2007,1092.32
33,1,2008,1150.49
33,1,2009,1159.03
33,1,2010,1092.49
33,1,2011,1116.86
33,1,2012,1043.11
33,1,2013,1005.36
33,1,2014,1027.21
33,1,2015,1006.9
33,1,2016,985.07
33,1,2017,958.34
33,1,2018,959
33,1,2019,1009.41
33,1,2020,982.42
33,1,2021,981.8
33,1,2022,970.93
33,1,2023,864.8
33,2,1990,174.11
33,2,1991,182.49
33,2,1992,194.41
33,2,1993,185.02
33,2,1994,169.77
33,2,1995,157.22
33,2,1996,155.07
33,2,1997,159.37
33,2,1998,167.1
33,2,1999,168.34
33,2,2000,179.92
33,2,2001,183.33
33,2,2002,183.33
33,2,2003,187.28
33,2,2004,193.71
33,2,2005,198.84
33,2,2006,208.67
33,2,2007,202.63
33,2,2008,226.09
33,2,2009,226.31
33,2,2010,209.57
33,2,2011,216.99
33,2,2012,209.62
33,2,2013,198.49
33,2,2014,196.68
33,2,2015,194.49
33,2,2016,191.19
33,2,2017,207
33,2,2018,198.23
33,2,2019,223.17
33,2,2020,234.81
33,2,2021,225.17
33,2,2022,211.93
33,2,2023,184.57
34,1,1990,1158
34,1,1991,1161.99
34,1,1992,1149.36
34,1,1993,1151.38
34,1,1994,1105.4
34,1,1995,1187.36
34,1,1996,1118.86
34,1,1997,1049.83
34,1,1998,994.31
34,1,1999,951.31
34,1,2000,970.3
34,1,2001,933.07
34,1,2002,928.78
34,1,2003,957.25
34,1,2004,987.26
34,1,2005,1013.87
34,1,2006,1071.41
34,1,2007,1107.64
34,1,2008,1165.1
34,1,2009,1222.71
34,1,2010,1164.02
34,1,2011,1233.45
34,1,2012,1289.44
34,1,2013,1308.25
34,1,2014,1329.32
34,1,2015,1150.32
34,1,2016,1189.35
34,1,2017,1225.91
34,1,2018,1269.06
34,1,2019,1372.28
34,1,2020,1505.98
34,1,2021,1404.5
34,1,2022,1346.27
34,1,2023,1474.01
34,2,1990,217.23
34,2,1991,220.63
34,2,1992,225.18
34,2,1993,228.01
34,2,1994,224.84
34,2,1995,223.87
34,2,1996,218.4
34,2,1997,212.02
34,2,1998,207.71
34,2,1999,206.65
34,2,2000,206.77
34,2,2001,204.06
34,2,2002,207.02
34,2,2003,212.39
34,2,2004,215.94
34,2,2005,221.82
34,2,2006,232.74
34,2,2007,241.29
34,2,2008,253.66
34,2,2009,264.25
34,2,2010,266.28
34,2,2011,274.01
34,2,2012,281.04
34,2,2013,289.48
34,2,2014,299.22
34,2,2015,294.5
34,2,2016,306.22
34,2,2017,316.65
34,2,2018,330
34,2,2019,363.81
34,2,2020,405.65
34,2,2021,412.05
34,2,2022,346.82
34,2,2023,365.16
35,1,1990,1390.76
35,1,1991,1386.26
35,1,1992,1246.62
35,1,1993,1072.2
35,1,1994,923.6
35,1,1995,894.88
35,1,1996,891.13
35,1,1997,902.28
35,1,1998,953.58
35,1,1999,987.46
35,1,2000,1007.16
35,1,2001,1017.27
35,1,2002,1055.11
35,1,2003,1062.81
35,1,2004,1039.81
35,1,2005,1053.42
35,1,2006,1104
35,1,2007,1101.5
35,1,2008,1183.25
35,1,2009,1217.11
35,1,2010,1268.58
35,1,2011,1409.78
35,1,2012,1455.7
35,1,2013,1461.18
35,1,2014,1471.94
35,1,2015,1596.13
35,1,2016,1657.97
35,1,2017,1588.58
35,1,2018,1483.78
35,1,2019,1351.46
35,1,2020,1319.04
35,1,2021,1291.55
35,1,2022,1253.8
35,1,2023,1252.69
35,2,1990,305.95
35,2,1991,305.74
35,2,1992,284.68
35,2,1993,237.71
35,2,1994,199.52
35,2,1995,201.06
35,2,1996,196.33
35,2,1997,202.65
35,2,1998,234.64
35,2,1999,256.82
35,2,2000,263.12
35,2,2001,268.61
35,2,2002,270.97
35,2,2003,263.94
35,2,2004,252.6
35,2,2005,256.3
35,2,2006,244.21
35,2,2007,222.54
35,2,2008,233.03
35,2,2009,238.11
35,2,2010,243.4
35,2,2011,237.7
35,2,2012,237.12
35,2,2013,230.59
35,2,2014,239.18
35,2,2015,246.69
35,2,2016,241.3
35,2,2017,250.64
35,2,2018,241.91
35,2,2019,224.45
35,2,2020,236.4
35,2,2021,224.01
35,2,2022,214.38
35,2,2023,208.01
36,1,1990,4811.64
36,1,1991,4631.82
36,1,1992,4634.72
36,1,1993,4536.21
36,1,1994,4368.61
36,1,1995,4281.48
36,1,1996,4047.8
36,1,1997,3819.73
36,1,1998,3668.29
36,1,1999,3590.18
36,1,2000,3445.3
36,1,2001,3377.12
36,1,2002,3380.95
36,1,2003,3366.83
36,1,2004,3202.6
36,1,2005,3115.29
36,1,2006,3053.56
36,1,2007,3043.44
36,1,2008,2966
36,1,2009,2972.48
36,1,2010,2895.94
36,1,2011,2974.44
36,1,2012,2956.04
36,1,2013,2808.91
36,1,2014,2625.95
36,1,2015,2531.08
36,1,2016,2647.88
36,1,2017,2647.81
36,1,2018,2659.94
36,1,2019,2674.33
36,1,2020,2789.62
36,1,2021,2605.68
36,1,2022,2405.29
36,1,2023,2608.98
36,2,1990,1017.62
36,2,1991,991.62
36,2,1992,980.35
36,2,1993,929.58
36,2,1994,895.81
36,2,1995,866.48
36,2,1996,845.32
36,2,1997,811.73
36,2,1998,780.21
36,2,1999,785.16
36,2,2000,749.26
36,2,2001,733.45
36,2,2002,734.19
36,2,2003,714.71
36,2,2004,658.66
36,2,2005,673.67
36,2,2006,667.48
36,2,2007,639.91
36,2,2008,673.09
36,2,2009,656.83
36,2,2010,639.42
36,2,2011,674.37
36,2,2012,672.71
36,2,2013,615.9
36,2,2014,591.15
36,2,2015,555.22
36,2,2016,543.15
36,2,2017,534.01
36,2,2018,524.99
36,2,2019,543.7
36,2,2020,602.6
36,2,2021,591.63
36,2,2022,485.57
36,2,2023,509.62
37,1,1990,612.02
37,1,1991,620.39
37,1,1992,622.95
37,1,1993,575.79
37,1,1994,542.73
37,1,1995,545.03
37,1,1996,516.41
37,1,1997,493.47
37,1,1998,464.71
37,1,1999,439.96
37,1,2000,385.43
37,1,2001,373.37
37,1,2002,383.05
37,1,2003,386.43
37,1,2004,378.18
37,1,2005,367.64
37,1,2006,368.58
37,1,2007,348.61
37,1,2008,348.5
37,1,2009,377.69
37,1,2010,372.11
37,1,2011,386.06
37,1,2012,393.38
37,1,2013,412.4
37,1,2014,427.39
37,1,2015,386.35
37,1,2016,408.55
37,1,2017,411.95
37,1,2018,426.81
37,1,2019,389.14
37,1,2020,344.24
37,1,2021,365
37,1,2022,376.28
37,1,2023,430.86
37,2,1990,152.41
37,2,1991,148.9
37,2,1992,150.64
37,2,1993,148.4
37,2,1994,143.79
37,2,1995,134.38
37,2,1996,132.3
37,2,1997,131.9
37,2,1998,125.48
37,2,1999,120.79
37,2,2000,116.17
37,2,2001,112.39
37,2,2002,110.2
37,2,2003,111.81
37,2,2004,107.06
37,2,2005,105.84
37,2,2006,110.41
37,2,2007,107.48
37,2,2008,108.06
37,2,2009,107.66
37,2,2010,107.62
37,2,2011,106.75
37,2,2012,109.41
37,2,2013,113.27
37,2,2014,114.56
37,2,2015,115.1
37,2,2016,125.48
37,2,2017,118.51
37,2,2018,116.87
37,2,2019,111.13
37,2,2020,100.27
37,2,2021,116.42
37,2,2022,122.61
37,2,2023,138.23
38,1,1990,235.26
38,1,1991,249.29
38,1,1992,256.85
38,1,1993,262.43
38,1,1994,266.46
38,1,1995,275.49
38,1,1996,275.49
38,1,1997,271.6
38,1,1998,267.58
38,1,1999,263.13
38,1,2000,268.48
38,1,2001,268.66
38,1,2002,269.15
38,1,2003,266.44
38,1,2004,263.55
38,1,2005,264.14
38,1,2006,266.6
38,1,2007,267.98
38,1,2008,280.5
38,1,2009,295.07
38,1,2010,303.48
38,1,2011,321.03
38,1,2012,338.19
38,1,2013,348.79
38,1,2014,352.3
38,1,2015,341.02
38,1,2016,348.53
38,1,2017,363.14
38,1,2018,376.34
38,1,2019,378.63
38,1,2020,387.61
38,1,2021,448.89
38,1,2022,489.9
38,1,2023,493.1
38,2,1990,83.68
38,2,1991,89.96
38,2,1992,94.16
38,2,1993,95.78
38,2,1994,96.53
38,2,1995,100.43
38,2,1996,103.6
38,2,1997,103.41
38,2,1998,101.28
38,2,1999,97.5
38,2,2000,94.36
38,2,2001,89.08
38,2,2002,82.87
38,2,2003,76.28
38,2,2004,72.03
38,2,2005,70.73
38,2,2006,71.23
38,2,2007,72.5
38,2,2008,74.71
38,2,2009,77.19
38,2,2010,79.04
38,2,2011,81.12
38,2,2012,84.05
38,2,2013,86.99
38,2,2014,88.93
38,2,2015,89.48
38,2,2016,89.92
38,2,2017,91.95
38,2,2018,94.86
38,2,2019,95.06
38,2,2020,97.35
38,2,2021,113.38
38,2,2022,112.95
38,2,2023,115.54
39,1,1990,385.48
39,1,1991,392.04
39,1,1992,389.37
39,1,1993,384.54
39,1,1994,361.83
39,1,1995,337.5
39,1,1996,299.63
39,1,1997,272.7
39,1,1998,252.54
39,1,1999,238.51
39,1,2000,238.14
39,1,2001,239.26
39,1,2002,241.96
39,1,2003,249.08
39,1,2004,250.94
39,1,2005,246.49
39,1,2006,236.46
39,1,2007,226.81
39,1,2008,218.77
39,1,2009,214.19
39,1,2010,205.36
39,1,2011,205.99
39,1,2012,201.96
39,1,2013,200.83
39,1,2014,204.61
39,1,2015,209.83
39,1,2016,222.05
39,1,2017,232.8
39,1,2018,239.56
39,1,2019,260.18
39,1,2020,228.23
39,1,2021,254.93
39,1,2022,321.69
39,1,2023,351.7
39,2,1990,130.45
39,2,1991,136.39
39,2,1992,135.68
39,2,1993,139.14
39,2,1994,130.66
39,2,1995,120.51
39,2,1996,108.22
39,2,1997,101.7
39,2,1998,98.45
39,2,1999,95.86
39,2,2000,95.14
39,2,2001,95.9
39,2,2002,96.97
39,2,2003,100.54
39,2,2004,100.02
39,2,2005,97.5
39,2,2006,94.3
39,2,2007,92.38
39,2,2008,90.74
39,2,2009,90.51
39,2,2010,90.92
39,2,2011,92.62
39,2,2012,94.67
39,2,2013,96.66
39,2,2014,101.8
39,2,2015,108.67
39,2,2016,116.7
39,2,2017,126.08
39,2,2018,132.98
39,2,2019,147.06
39,2,2020,148.1
39,2,2021,168.73
39,2,2022,208.71
39,2,2023,222.8
40,1,1990,269.72
40,1,1991,242.25
40,1,1992,240.23
40,1,1993,242.43
40,1,1994,261.73
40,1,1995,281.27
40,1,1996,285.4
40,1,1997,266.18
40,1,1998,240.61
40,1,1999,210.61
40,1,2000,198.97
40,1,2001,192.51
40,1,2002,191.36
40,1,2003,174.15
40,1,2004,165.79
40,1,2005,168.2
40,1,2006,175.78
40,1,2007,183.89
40,1,2008,184.14
40,1,2009,199.98
40,1,2010,201.5
40,1,2011,225.5
40,1,2012,216.07
40,1,2013,220.5
40,1,2014,252.39
40,1,2015,240.99
40,1,2016,248.44
40,1,2017,250.79
40,1,2018,261.49
40,1,2019,263.34
40,1,2020,275.22
40,1,2021,293.24
40,1,2022,294.83
40,1,2023,303.48
40,2,1990,71.09
40,2,1991,68.92
40,2,1992,70.67
40,2,1993,71.92
40,2,1994,69.46
40,2,1995,71.06
40,2,1996,74.6
40,2,1997,70.23
40,2,1998,66.85
40,2,1999,61.21
40,2,2000,59
40,2,2001,61.8
40,2,2002,58.23
40,2,2003,54.94
40,2,2004,51.96
40,2,2005,55.43
40,2,2006,59.32
40,2,2007,60.83
40,2,2008,63.97
40,2,2009,63.59
40,2,2010,64.22
40,2,2011,68.57
40,2,2012,69.28
40,2,2013,68.71
40,2,2014,74.66
40,2,2015,73.49
40,2,2016,77.03
40,2,2017,81.95
40,2,2018,85.77
40,2,2019,90.29
40,2,2020,94.52
40,2,2021,101.72
40,2,2022,102.82
40,2,2023,105.15
41,1,1990,1484
41,1,1991,1468.52
41,1,1992,1451.1
41,1,1993,1413.02
41,1,1994,1381.21
41,1,1995,1444.51
41,1,1996,1398.25
41,1,1997,1330.88
41,1,1998,1288.11
41,1,1999,1221.67
41,1,2000,1220.09
41,1,2001,1197.59
41,1,2002,1207.21
41,1,2003,1167.56
41,1,2004,1000.98
41,1,2005,1029.41
41,1,2006,1064.62
41,1,2007,1018.39
41,1,2008,969.66
41,1,2009,976.47
41,1,2010,977.92
41,1,2011,1144.96
41,1,2012,1158.63
41,1,2013,1231.22
41,1,2014,1303.16
41,1,2015,1252.61
41,1,2016,1340.16
41,1,2017,1383.4
41,1,2018,1372.89
41,1,2019,1465.18
41,1,2020,1458.25
41,1,2021,1491.26
41,1,2022,1601.13
41,1,2023,1673.91
41,2,1990,487.15
41,2,1991,485.5
41,2,1992,503
41,2,1993,502.17
41,2,1994,480.75
41,2,1995,470.79
41,2,1996,467.49
41,2,1997,457.6
41,2,1998,466.8
41,2,1999,437.68
41,2,2000,442.08
41,2,2001,423.87
41,2,2002,432.98
41,2,2003,425.66
41,2,2004,362.37
41,2,2005,391.5
41,2,2006,407.29
41,2,2007,390.67
41,2,2008,373.04
41,2,2009,373.75
41,2,2010,388.38
41,2,2011,399.17
41,2,2012,447.66
41,2,2013,456.95
41,2,2014,483.43
41,2,2015,476.29
41,2,2016,529.93
41,2,2017,557.91
41,2,2018,554.35
41,2,2019,547.98
41,2,2020,536.38
41,2,2021,536.76
41,2,2022,578.29
41,2,2023,606.82
43,1,1990,526.47
43,1,1991,504.16
43,1,1992,495.32
43,1,1993,492.97
43,1,1994,490.52
43,1,1995,522.17
43,1,1996,550.72
43,1,1997,536.24
43,1,1998,555.18
43,1,1999,548.06
43,1,2000,579.84
43,1,2001,579.98
43,1,2002,607.67
43,1,2003,646.23
43,1,2004,643.87
43,1,2005,641.06
43,1,2006,629.84
43,1,2007,589.9
43,1,2008,617.02
43,1,2009,616.05
43,1,2010,628.29
43,1,2011,648.03
43,1,2012,672.92
43,1,2013,702.65
43,1,2014,737.03
43,1,2015,765.39
43,1,2016,789.62
43,1,2017,810.89
43,1,2018,832.67
43,1,2019,874.04
43,1,2020,907.37
43,1,2021,982.99
43,1,2022,911.4
43,1,2023,802.94
43,2,1990,97.62
43,2,1991,97.58
43,2,1992,97.85
43,2,1993,99.48
43,2,1994,101.57
43,2,1995,108.51
43,2,1996,115.59
43,2,1997,115.39
43,2,1998,126.73
43,2,1999,127.75
43,2,2000,135.91
43,2,2001,140.77
43,2,2002,151.26
43,2,2003,163.01
43,2,2004,166.16
43,2,2005,163.82
43,2,2006,166.82
43,2,2007,153.89
43,2,2008,161.89
43,2,2009,166.68
43,2,2010,173.04
43,2,2011,178.24
43,2,2012,187.48
43,2,2013,199.76
43,2,2014,213.87
43,2,2015,228.09
43,2,2016,240.72
43,2,2017,255.33
43,2,2018,255.42
43,2,2019,262.71
43,2,2020,265.33
43,2,2021,283.54
43,2,2022,294.89
43,2,2023,263.52
44,1,1990,1384.16
44,1,1991,1384.88
44,1,1992,1392.72
44,1,1993,1414.72
44,1,1994,1413.37
44,1,1995,1414.04
44,1,1996,1450.3
44,1,1997,1493.65
44,1,1998,1549.17
44,1,1999,1631.21
44,1,2000,1683.42
44,1,2001,1717.83
44,1,2002,1719.62
44,1,2003,1738.07
44,1,2004,1770.71
44,1,2005,1805.9
44,1,2006,1834.73
44,1,2007,1844.46
44,1,2008,1856.49
44,1,2009,1860.74
44,1,2010,1865.4
44,1,2011,1869.42
44,1,2012,1855
44,1,2013,1822.91
44,1,2014,1801.33
44,1,2015,1789.35
44,1,2016,1754.77
44,1,2017,1760.89
44,1,2018,1766.64
44,1,2019,1765.38
44,1,2020,1708.44
44,1,2021,1693.54
44,1,2022,1659.89
44,1,2023,1645.96
44,2,1990,271.9
44,2,1991,268.65
44,2,1992,259.48
44,2,1993,256.02
44,2,1994,254.87
44,2,1995,257.63
44,2,1996,271.13
44,2,1997,290.28
44,2,1998,314.09
44,2,1999,340.79
44,2,2000,365.79
44,2,2001,390.28
44,2,2002,409.42
44,2,2003,435.27
44,2,2004,460.89
44,2,2005,483.46
44,2,2006,493.07
44,2,2007,502.97
44,2,2008,516.11
44,2,2009,530.13
44,2,2010,537.33
44,2,2011,542.16
44,2,2012,548.54
44,2,2013,552.3
44,2,2014,560.04
44,2,2015,574.8
44,2,2016,577.94
44,2,2017,590.88
44,2,2018,598.95
44,2,2019,611.21
44,2,2020,617.87
44,2,2021,610.54
44,2,2022,614.41
44,2,2023,608.57
45,1,1990,2867.9
45,1,1991,2892.5
45,1,1992,2913.67
45,1,1993,2987.12
45,1,1994,2995.95
45,1,1995,3031.37
45,1,1996,3031.37
45,1,1997,2976.55
45,1,1998,2915.77
45,1,1999,2965
45,1,2000,3032.96
45,1,2001,3049.12
45,1,2002,3149.99
45,1,2003,3250.4
45,1,2004,3289.09
45,1,2005,3363.98
45,1,2006,3382.76
45,1,2007,3395.86
45,1,2008,3393.02
45,1,2009,3338.4
45,1,2010,3349.58
45,1,2011,3472.04
45,1,2012,3435.81
45,1,2013,3396.79
45,1,2014,3345.34
45,1,2015,3314.36
45,1,2016,3260.81
45,1,2017,3240.34
45,1,2018,3172.86
45,1,2019,3133.93
45,1,2020,3080.93
45,1,2021,3035.52
45,1,2022,2870.75
45,1,2023,2771.18
45,2,1990,508.44
45,2,1991,549.69
45,2,1992,536.16
45,2,1993,568.86
45,2,1994,569.14
45,2,1995,612.83
45,2,1996,619.22
45,2,1997,606.77
45,2,1998,622.93
45,2,1999,646.72
45,2,2000,686.7
45,2,2001,690.24
45,2,2002,696.66
45,2,2003,704.07
45,2,2004,722.52
45,2,2005,763.63
45,2,2006,756.42
45,2,2007,778.1
45,2,2008,780.79
45,2,2009,787.49
45,2,2010,809.88
45,2,2011,863.73
45,2,2012,900.95
45,2,2013,898.31
45,2,2014,935.36
45,2,2015,971.74
45,2,2016,968.51
45,2,2017,1004.92
45,2,2018,1041.65
45,2,2019,1073.2
45,2,2020,1106.54
45,2,2021,1119.73
45,2,2022,1065.29
45,2,2023,1008.8
46,1,1990,2316.7
46,1,1991,2259.59
46,1,1992,2210.39
46,1,1993,2218.54
46,1,1994,2216.51
46,1,1995,2379.57
46,1,1996,2357.81
46,1,1997,2379.69
46,1,1998,2367.96
46,1,1999,2276.27
46,1,2000,2405.57
46,1,2001,2463.62
46,1,2002,2453.68
46,1,2003,2441.17
46,1,2004,2446.41
46,1,2005,2380.78
46,1,2006,2435.43
46,1,2007,2438
46,1,2008,2403.07
46,1,2009,2434.84
46,1,2010,2284.55
46,1,2011,2360.59
46,1,2012,2309.43
46,1,2013,2340.9
46,1,2014,2368.27
46,1,2015,2200.42
46,1,2016,2253.7
46,1,2017,2285.83
46,1,2018,2258.58
46,1,2019,2141.1
46,1,2020,2087.08
46,1,2021,2047.95
46,1,2022,2044.6
46,1,2023,2043.25
46,2,1990,440.94
46,2,1991,435.38
46,2,1992,443.12
46,2,1993,421.59
46,2,1994,429.55
46,2,1995,456.06
46,2,1996,483.06
46,2,1997,496.06
46,2,1998,518.43
46,2,1999,504.18
46,2,2000,553.09
46,2,2001,559.52
46,2,2002,591.11
46,2,2003,625.99
46,2,2004,630.73
46,2,2005,644.6
46,2,2006,667.95
46,2,2007,681.85
46,2,2008,697.41
46,2,2009,726.41
46,2,2010,738.3
46,2,2011,791.28
46,2,2012,790.69
46,2,2013,815.04
46,2,2014,841.05
46,2,2015,802.57
46,2,2016,846.31
46,2,2017,906.04
46,2,2018,937.14
46,2,2019,962.7
46,2,2020,984
46,2,2021,986.82
46,2,2022,1006.08
46,2,2023,952.84
47,1,1990,5333.78
47,1,1991,5282.09
47,1,1992,5219.69
47,1,1993,5153.14
47,1,1994,4987.22
47,1,1995,5249.28
47,1,1996,5151.97
47,1,1997,5111.19
47,1,1998,5027.75
47,1,1999,5011.43
47,1,2000,5137.97
47,1,2001,5048.81
47,1,2002,5040.32
47,1,2003,5025.59
47,1,2004,5088.99
47,1,2005,5019.55
47,1,2006,4985.48
47,1,2007,5029.12
47,1,2008,5041.87
47,1,2009,5086.49
47,1,2010,4982.97
47,1,2011,4907.46
47,1,2012,4777.09
47,1,2013,4670.72
47,1,2014,4631.18
47,1,2015,4466.77
47,1,2016,4545.8
47,1,2017,4556.54
47,1,2018,4478.76
47,1,2019,4432.96
47,1,2020,4423.46
47,1,2021,4164.5
47,1,2022,4076.51
47,1,2023,3974.03
47,2,1990,980.31
47,2,1991,1035.9
47,2,1992,1058.81
47,2,1993,1096.95
47,2,1994,1158.05
47,2,1995,1230.5
47,2,1996,1271.38
47,2,1997,1278.67
47,2,1998,1348.52
47,2,1999,1434.04
47,2,2000,1500.61
47,2,2001,1565.32
47,2,2002,1596.75
47,2,2003,1640.25
47,2,2004,1690.69
47,2,2005,1749.82
47,2,2006,1835.74
47,2,2007,1908.57
47,2,2008,1979.64
47,2,2009,2031.59
47,2,2010,2082.46
47,2,2011,2161.57
47,2,2012,2224.68
47,2,2013,2216.14
47,2,2014,2233.05
47,2,2015,2226.24
47,2,2016,2264.54
47,2,2017,2372.76
47,2,2018,2413.5
47,2,2019,2436.83
47,2,2020,2493.7
47,2,2021,2443.97
47,2,2022,2408.06
47,2,2023,2321.26
48,1,1990,5635.75
48,1,1991,5772.59
48,1,1992,5906.25
48,1,1993,6009.36
48,1,1994,6039.1
48,1,1995,6135.84
48,1,1996,6160.39
48,1,1997,6146.68
48,1,1998,6185.86
48,1,1999,6095.52
48,1,2000,6147.88
48,1,2001,6085.2
48,1,2002,6071.95
48,1,2003,6152.82
48,1,2004,6141.31
48,1,2005,6142.91
48,1,2006,6085.09
48,1,2007,6133.4
48,1,2008,6130.73
48,1,2009,6162.12
48,1,2010,6128.66
48,1,2011,6088.3
48,1,2012,6019.61
48,1,2013,5842.87
48,1,2014,5815.75
48,1,2015,5720.76
48,1,2016,5752.09
48,1,2017,5747.96
48,1,2018,5656.29
48,1,2019,5309.77
48,1,2020,5157.32
48,1,2021,4990.79
48,1,2022,4858.92
48,1,2023,4789.23
48,2,1990,1507.73
48,2,1991,1565.73
48,2,1992,1646.87
48,2,1993,1733.95
48,2,1994,1766.98
48,2,1995,1879.69
48,2,1996,2002.11
48,2,1997,2026.58
48,2,1998,2083.96
48,2,1999,2161.4
48,2,2000,2242.16
48,2,2001,2303.5
48,2,2002,2402.33
48,2,2003,2457.26
48,2,2004,2503.2
48,2,2005,2588.34
48,2,2006,2636.43
48,2,2007,2787.09
48,2,2008,2925.37
48,2,2009,3000.2
48,2,2010,3131.06
48,2,2011,3185.08
48,2,2012,3286.19
48,2,2013,3365.26
48,2,2014,3460.34
48,2,2015,3500.79
48,2,2016,3530.92
48,2,2017,3585.11
48,2,2018,3563.38
48,2,2019,3572.83
48,2,2020,3567.65
48,2,2021,3493.86
48,2,2022,3492.83
48,2,2023,3430.03
49,1,1990,432.88
49,1,1991,444.77
49,1,1992,470.11
49,1,1993,484.78
49,1,1994,502.44
49,1,1995,539.91
49,1,1996,555.71
49,1,1997,579.51
49,1,1998,587.47
49,1,1999,601.5
49,1,2000,649.35
49,1,2001,650.68
49,1,2002,672.62
49,1,2003,680.49
49,1,2004,696.51
49,1,2005,722.51
49,1,2006,739.91
49,1,2007,767.03
49,1,2008,770.4
49,1,2009,774.38
49,1,2010,770.39
49,1,2011,796.48
49,1,2012,810.24
49,1,2013,812.94
49,1,2014,827.03
49,1,2015,837.82
49,1,2016,837.97
49,1,2017,857.53
49,1,2018,870.27
49,1,2019,923.22
49,1,2020,919.01
49,1,2021,875.13
49,1,2022,874.91
49,1,2023,844.53
49,2,1990,78.09
49,2,1991,81.04
49,2,1992,83.85
49,2,1993,86.21
49,2,1994,91.31
49,2,1995,97.6
49,2,1996,102.26
49,2,1997,107.59
49,2,1998,110.38
49,2,1999,115.67
49,2,2000,122.41
49,2,2001,122.88
49,2,2002,126.26
49,2,2003,130.26
49,2,2004,135.92
49,2,2005,147.6
49,2,2006,153.89
49,2,2007,166.23
49,2,2008,173.54
49,2,2009,181.52
49,2,2010,187.36
49,2,2011,198.42
49,2,2012,206.44
49,2,2013,210.03
49,2,2014,220.56
49,2,2015,232.61
49,2,2016,240.74
49,2,2017,252.87
49,2,2018,259.38
49,2,2019,278.3
49,2,2020,280
49,2,2021,269.39
49,2,2022,270.56
49,2,2023,261.24
50,1,1990,193.03
50,1,1991,195.31
50,1,1992,200.39
50,1,1993,205.51
50,1,1994,211.88
50,1,1995,242.58
50,1,1996,254.09
50,1,1997,261.14
50,1,1998,270.75
50,1,1999,271.96
50,1,2000,300.59
50,1,2001,307.25
50,1,2002,323.02
50,1,2003,325.86
50,1,2004,338.58
50,1,2005,333.55
50,1,2006,337.2
50,1,2007,328.85
50,1,2008,329.75
50,1,2009,340.28
50,1,2010,312.3
50,1,2011,319.39
50,1,2012,324.77
50,1,2013,333.48
50,1,2014,338.94
50,1,2015,307.69
50,1,2016,314.97
50,1,2017,299.74
50,1,2018,319.82
50,1,2019,295.71
50,1,2020,323.75
50,1,2021,338.94
50,1,2022,346.99
50,1,2023,346.47
50,2,1990,61.62
50,2,1991,61.03
50,2,1992,63.21
50,2,1993,65.72
50,2,1994,68.95
50,2,1995,74.03
50,2,1996,73.14
50,2,1997,77.85
50,2,1998,82.24
50,2,1999,85.51
50,2,2000,89.76
50,2,2001,92.62
50,2,2002,97.08
50,2,2003,102.72
50,2,2004,102.15
50,2,2005,101.03
50,2,2006,109.67
50,2,2007,106.46
50,2,2008,105.35
50,2,2009,113.17
50,2,2010,112.3
50,2,2011,115.7
50,2,2012,119.19
50,2,2013,123.76
50,2,2014,126.32
50,2,2015,127.14
50,2,2016,130.06
50,2,2017,123.59
50,2,2018,133.4
50,2,2019,120.8
50,2,2020,129.71
50,2,2021,125.67
50,2,2022,132.65
50,2,2023,138.84
51,1,1990,16851.64
51,1,1991,17346.97
51,1,1992,17476.34
51,1,1993,17804.04
51,1,1994,17859.34
51,1,1995,18577.48
51,1,1996,18482.65
51,1,1997,18609.26
51,1,1998,19139.61
51,1,1999,19485.25
51,1,2000,19920.33
51,1,2001,20133.19
51,1,2002,20334.7
51,1,2003,20415.71
51,1,2004,20475.26
51,1,2005,20575.2
51,1,2006,20628.88
51,1,2007,20588.11
51,1,2008,20558.36
51,1,2009,20511.36
51,1,2010,20117.02
51,1,2011,20042.38
51,1,2012,20027.11
51,1,2013,19949.73
51,1,2014,20121.69
51,1,2015,20190.63
51,1,2016,19892.07
51,1,2017,19805.09
51,1,2018,19849.39
51,1,2019,18808.98
51,1,2020,18167.85
51,1,2021,16959.55
51,1,2022,17275.31
51,1,2023,17030.38
51,2,1990,3346.78
51,2,1991,3504.94
51,2,1992,3571.07
51,2,1993,3773.55
51,2,1994,3891.41
51,2,1995,4108.15
51,2,1996,4234.03
51,2,1997,4411.86
51,2,1998,4642.71
51,2,1999,4865.09
51,2,2000,5208.01
51,2,2001,5444.36
51,2,2002,5692.25
51,2,2003,5916.89
51,2,2004,5989.37
51,2,2005,6282.68
51,2,2006,6532.91
51,2,2007,6886.36
51,2,2008,7096.86
51,2,2009,7495.32
51,2,2010,7708.19
51,2,2011,7886.8
51,2,2012,8199.91
51,2,2013,8556.81
51,2,2014,9046.95
51,2,2015,9321.51
51,2,2016,9446.87
51,2,2017,9756.15
51,2,2018,10004.94
51,2,2019,10118.06
51,2,2020,10030.05
51,2,2021,9678.24
51,2,2022,9928.9
51,2,2023,9928.53
52,1,1990,6185.59
52,1,1991,6480.97
52,1,1992,6790.67
52,1,1993,7010.65
52,1,1994,7141.12
52,1,1995,7523.59
52,1,1996,7495.73
52,1,1997,7471.91
52,1,1998,7444.41
52,1,1999,7247.04
52,1,2000,7524.48
52,1,2001,7651.64
52,1,2002,7779.83
52,1,2003,7775.26
52,1,2004,7886.52
52,1,2005,7807.52
52,1,2006,7916.8
52,1,2007,8038.98
52,1,2008,8261.82
52,1,2009,8589.85
52,1,2010,8276.74
52,1,2011,8563.26
52,1,2012,8494.85
52,1,2013,8564.22
52,1,2014,8864.22
52,1,2015,8790.87
52,1,2016,8670.22
52,1,2017,8661.98
52,1,2018,8586.62
52,1,2019,8182.09
52,1,2020,8033.76
52,1,2021,7781.69
52,1,2022,8210.26
52,1,2023,7904.25
52,2,1990,1236.46
52,2,1991,1258.31
52,2,1992,1279.3
52,2,1993,1376.74
52,2,1994,1398.4
52,2,1995,1472.61
52,2,1996,1514.23
52,2,1997,1550.38
52,2,1998,1561.64
52,2,1999,1575.13
52,2,2000,1641.69
52,2,2001,1669.16
52,2,2002,1700.05
52,2,2003,1755.17
52,2,2004,1759.67
52,2,2005,1834.37
52,2,2006,1924.35
52,2,2007,1946.69
52,2,2008,1986.96
52,2,2009,2064.2
52,2,2010,2109.51
52,2,2011,2217.5
52,2,2012,2293.45
52,2,2013,2375.86
52,2,2014,2449.7
52,2,2015,2524.72
52,2,2016,2572.28
52,2,2017,2653.5
52,2,2018,2699.51
52,2,2019,2737.82
52,2,2020,2720.52
52,2,2021,2805.39
52,2,2022,2792.45
52,2,2023,2714.2
53,1,1990,3702.22
53,1,1991,3814.4
53,1,1992,3949.16
53,1,1993,4042.35
53,1,1994,4122.88
53,1,1995,4241.82
53,1,1996,4342.94
53,1,1997,4438.55
53,1,1998,4571.49
53,1,1999,4704.49
53,1,2000,4884.2
53,1,2001,4754.11
53,1,2002,4985.13
53,1,2003,5065.82
53,1,2004,5168.61
53,1,2005,5305.27
53,1,2006,5279.29
53,1,2007,5303.16
53,1,2008,5378.35
53,1,2009,5476.34
53,1,2010,5502
53,1,2011,5562.93
53,1,2012,5555.85
53,1,2013,5521.99
53,1,2014,5540.64
53,1,2015,5557.61
53,1,2016,5455.5
53,1,2017,5456.2
53,1,2018,5373.79
53,1,2019,5350.57
53,1,2020,5228.55
53,1,2021,5098.27
53,1,2022,4920.14
53,1,2023,4962.92
53,2,1990,930.31
53,2,1991,972
53,2,1992,995.65
53,2,1993,1026.21
53,2,1994,1060.86
53,2,1995,1095.25
53,2,1996,1137.97
53,2,1997,1175.93
53,2,1998,1223.45
53,2,1999,1289.62
53,2,2000,1367.58
53,2,2001,1358.59
53,2,2002,1438.15
53,2,2003,1493.53
53,2,2004,1563.5
53,2,2005,1647.82
53,2,2006,1678.46
53,2,2007,1765.4
53,2,2008,1835.7
53,2,2009,1909.66
53,2,2010,1984.67
53,2,2011,2032.15
53,2,2012,2082.13
53,2,2013,2118.34
53,2,2014,2184.42
53,2,2015,2266.5
53,2,2016,2264.67
53,2,2017,2360.72
53,2,2018,2346.38
53,2,2019,2342.1
53,2,2020,2368.25
53,2,2021,2346.52
53,2,2022,2308.75
53,2,2023,2330.76
54,1,1990,2198.56
54,1,1991,2150.66
54,1,1992,2075.16
54,1,1993,2004.98
54,1,1994,1928.11
54,1,1995,2059.29
54,1,1996,2017.92
54,1,1997,1985.02
54,1,1998,1964.64
54,1,1999,1934.62
54,1,2000,2047.67
54,1,2001,1997.08
54,1,2002,1939.22
54,1,2003,1917.45
54,1,2004,1919.08
54,1,2005,1908.42
54,1,2006,1926.19
54,1,2007,1933.04
54,1,2008,1929.64
54,1,2009,1943.33
54,1,2010,1850.26
54,1,2011,1864.3
54,1,2012,1877.06
54,1,2013,1913.62
54,1,2014,1935.71
54,1,2015,1774.56
54,1,2016,1813.11
54,1,2017,1842.18
54,1,2018,1844.28
54,1,2019,1833.34
54,1,2020,1843.61
54,1,2021,1884.29
54,1,2022,1894.03
54,1,2023,1852.52
54,2,1990,337.28
54,2,1991,341.46
54,2,1992,343.21
54,2,1993,345.77
54,2,1994,348.99
54,2,1995,360.48
54,2,1996,362.67
54,2,1997,368.9
54,2,1998,376.39
54,2,1999,383.32
54,2,2000,400.84
54,2,2001,409.96
54,2,2002,418.95
54,2,2003,434.16
54,2,2004,449.08
54,2,2005,467.62
54,2,2006,488.96
54,2,2007,510.6
54,2,2008,533.94
54,2,2009,555.28
54,2,2010,574.3
54,2,2011,590.27
54,2,2012,609.19
54,2,2013,629.89
54,2,2014,651.44
54,2,2015,663.12
54,2,2016,685.13
54,2,2017,705.38
54,2,2018,711.78
54,2,2019,716.9
54,2,2020,731.8
54,2,2021,744.49
54,2,2022,729.76
54,2,2023,722.46
55,1,1990,790.06
55,1,1991,776.78
55,1,1992,811.98
55,1,1993,821.48
55,1,1994,834.68
55,1,1995,886.2
55,1,1996,865.83
55,1,1997,851.26
55,1,1998,869.78
55,1,1999,871.99
55,1,2000,895.42
55,1,2001,897.39
55,1,2002,901.06
55,1,2003,932.33
55,1,2004,972.24
55,1,2005,981.94
55,1,2006,977.59
55,1,2007,977.59
55,1,2008,972.31
55,1,2009,935.68
55,1,2010,943.95
55,1,2011,963.11
55,1,2012,933.56
55,1,2013,928.34
55,1,2014,972.62
55,1,2015,975.7
55,1,2016,970.46
55,1,2017,944.79
55,1,2018,936.15
55,1,2019,911.21
55,1,2020,890.98
55,1,2021,904.99
55,1,2022,924.11
55,1,2023,898.44
55,2,1990,166.98
55,2,1991,166.84
55,2,1992,177.48
55,2,1993,182.83
55,2,1994,183.91
55,2,1995,198.52
55,2,1996,202.41
55,2,1997,222.73
55,2,1998,223.07
55,2,1999,243.17
55,2,2000,250.24
55,2,2001,265.09
55,2,2002,281.94
55,2,2003,300.1
55,2,2004,308.91
55,2,2005,324.23
55,2,2006,329.7
55,2,2007,345.35
55,2,2008,355.95
55,2,2009,370.07
55,2,2010,384.52
55,2,2011,401.33
55,2,2012,415.91
55,2,2013,434.57
55,2,2014,470.34
55,2,2015,461.35
55,2,2016,490.26
55,2,2017,516.04
55,2,2018,512.24
55,2,2019,509.71
55,2,2020,525.81
55,2,2021,514.63
55,2,2022,532.01
55,2,2023,525.46
57,1,1990,2832.8
57,1,1991,2971.24
57,1,1992,3217.7
57,1,1993,3458.17
57,1,1994,3571.65
57,1,1995,3814.29
57,1,1996,3857.58
57,1,1997,3963.81
57,1,1998,4018.02
57,1,1999,4015.8
57,1,2000,4088.32
57,1,2001,4075.3
57,1,2002,3849.41
57,1,2003,3778.28
57,1,2004,4035.72
57,1,2005,4470.57
57,1,2006,3879.72
57,1,2007,3454.09
57,1,2008,3356.18
57,1,2009,3352.27
57,1,2010,3386.65
57,1,2011,3250.26
57,1,2012,3140.55
57,1,2013,3070.76
57,1,2014,3107.88
57,1,2015,2777.92
57,1,2016,2939.62
57,1,2017,3255.99
57,1,2018,3450.4
57,1,2019,3478.5
57,1,2020,3447.51
57,1,2021,3550.91
57,1,2022,3712.23
57,1,2023,3731.34
57,2,1990,526.86
57,2,1991,564.54
57,2,1992,585.33
57,2,1993,606.8
57,2,1994,585.16
57,2,1995,602.01
57,2,1996,603.01
57,2,1997,619.43
57,2,1998,616.63
57,2,1999,600.43
57,2,2000,603.76
57,2,2001,589.06
57,2,2002,507.19
57,2,2003,486.01
57,2,2004,552
57,2,2005,651.56
57,2,2006,550.53
57,2,2007,481.25
57,2,2008,486.12
57,2,2009,495.17
57,2,2010,509.37
57,2,2011,500.7
57,2,2012,494.31
57,2,2013,480.11
57,2,2014,479.97
57,2,2015,463.73
57,2,2016,489.18
57,2,2017,529.67
57,2,2018,547.58
57,2,2019,562.91
57,2,2020,555.05
57,2,2021,570.83
57,2,2022,619.18
57,2,2023,642.64
58,1,1990,642.66
58,1,1991,710.32
58,1,1992,717.7
58,1,1993,696.59
58,1,1994,646.76
58,1,1995,656.93
58,1,1996,641.56
58,1,1997,641.03
58,1,1998,622.82
58,1,1999,609.49
58,1,2000,622.59
58,1,2001,607.53
58,1,2002,617.22
58,1,2003,624.8
58,1,2004,594.15
58,1,2005,600.14
58,1,2006,625.93
58,1,2007,625.68
58,1,2008,619.27
58,1,2009,587.02
58,1,2010,593.84
58,1,2011,586.93
58,1,2012,590.66
58,1,2013,586.21
58,1,2014,610.44
58,1,2015,588.66
58,1,2016,575.5
58,1,2017,567.67
58,1,2018,581.05
58,1,2019,564.34
58,1,2020,552.58
58,1,2021,553.23
58,1,2022,513.65
58,1,2023,519.58
58,2,1990,168.85
58,2,1991,173.05
58,2,1992,171.64
58,2,1993,161.59
58,2,1994,142.16
58,2,1995,139.95
58,2,1996,142.44
58,2,1997,146.83
58,2,1998,138.01
58,2,1999,137.02
58,2,2000,138.3
58,2,2001,140.3
58,2,2002,139.71
58,2,2003,142.82
58,2,2004,150.1
58,2,2005,148.67
58,2,2006,148.86
58,2,2007,149.02
58,2,2008,153.54
58,2,2009,153.97
58,2,2010,156.21
58,2,2011,167.6
58,2,2012,178.3
58,2,2013,186.48
58,2,2014,189.02
58,2,2015,185.03
58,2,2016,193.49
58,2,2017,187.76
58,2,2018,185.53
58,2,2019,186.72
58,2,2020,170.92
58,2,2021,189.98
58,2,2022,199.63
58,2,2023,198.1
59,1,1990,1133.37
59,1,1991,1218.81
59,1,1992,1278.17
59,1,1993,1303.78
59,1,1994,1319.84
59,1,1995,1244.45
59,1,1996,1109.49
59,1,1997,1027.31
59,1,1998,999.56
59,1,1999,1026.07
59,1,2000,1025.1
59,1,2001,1029.79
59,1,2002,1008.02
59,1,2003,1001.09
59,1,2004,1003.2
59,1,2005,992.9
59,1,2006,1014.09
59,1,2007,982.01
59,1,2008,977.71
59,1,2009,968.37
59,1,2010,930.72
59,1,2011,907.86
59,1,2012,885.58
59,1,2013,879.75
59,1,2014,862.5
59,1,2015,805.42
59,1,2016,824.84
59,1,2017,829
59,1,2018,807.08
59,1,2019,809.98
59,1,2020,799.89
59,1,2021,810.63
59,1,2022,827.13
59,1,2023,804.13
59,2,1990,276.87
59,2,1991,278.23
59,2,1992,276.9
59,2,1993,275.59
59,2,1994,267.99
59,2,1995,256.82
59,2,1996,224.22
59,2,1997,209.86
59,2,1998,202.41
59,2,1999,201.89
59,2,2000,201.28
59,2,2001,202.34
59,2,2002,205.02
59,2,2003,205.35
59,2,2004,205.01
59,2,2005,219.5
59,2,2006,225.26
59,2,2007,223.76
59,2,2008,206.86
59,2,2009,208.8
59,2,2010,212.16
59,2,2011,217.85
59,2,2012,222.05
59,2,2013,220.7
59,2,2014,218.02
59,2,2015,221.26
59,2,2016,218.76
59,2,2017,229.05
59,2,2018,235.74
59,2,2019,229.05
59,2,2020,237.79
59,2,2021,256.88
59,2,2022,253.06
59,2,2023,240.19
60,1,1990,1361.61
60,1,1991,1439.26
60,1,1992,1472.45
60,1,1993,1425.96
60,1,1994,1434.33
60,1,1995,1436.52
60,1,1996,1417.17
60,1,1997,1390.26
60,1,1998,1399.28
60,1,1999,1374.93
60,1,2000,1367.28
60,1,2001,1368.02
60,1,2002,1386.65
60,1,2003,1390.24
60,1,2004,1375.19
60,1,2005,1361.65
60,1,2006,1403.24
60,1,2007,1386.56
60,1,2008,1366.5
60,1,2009,1358.73
60,1,2010,1332.9
60,1,2011,1343.04
60,1,2012,1310.76
60,1,2013,1282.62
60,1,2014,1302.88
60,1,2015,1257.89
60,1,2016,1205.58
60,1,2017,1176.68
60,1,2018,1169.17
60,1,2019,1191.66
60,1,2020,1137.29
60,1,2021,1066.32
60,1,2022,1056.27
60,1,2023,1039.69
60,2,1990,289.05
60,2,1991,290.58
60,2,1992,273.17
60,2,1993,248.8
60,2,1994,229.54
60,2,1995,230.8
60,2,1996,230.67
60,2,1997,236.73
60,2,1998,222.96
60,2,1999,227.58
60,2,2000,232.81
60,2,2001,241.48
60,2,2002,234.49
60,2,2003,252.49
60,2,2004,253.26
60,2,2005,253.49
60,2,2006,262.48
60,2,2007,254.83
60,2,2008,257.69
60,2,2009,262.64
60,2,2010,249.57
60,2,2011,262.69
60,2,2012,282.64
60,2,2013,288.79
60,2,2014,296.54
60,2,2015,288.51
60,2,2016,295.81
60,2,2017,308.15
60,2,2018,312.07
60,2,2019,320.19
60,2,2020,316.78
60,2,2021,306.77
60,2,2022,316.57
60,2,2023,308.45
61,1,1990,1120.65
61,1,1991,1011.77
61,1,1992,1011.9
61,1,1993,1021.43
61,1,1994,1005.31
61,1,1995,986.77
61,1,1996,960.88
61,1,1997,900.14
61,1,1998,826.61
61,1,1999,754.23
61,1,2000,752.36
61,1,2001,778.03
61,1,2002,773.78
61,1,2003,805.97
61,1,2004,809.92
61,1,2005,819.07
61,1,2006,852.08
61,1,2007,857.4
61,1,2008,878.46
61,1,2009,881.14
61,1,2010,888.83
61,1,2011,921.02
61,1,2012,917.52
61,1,2013,930.25
61,1,2014,927.53
61,1,2015,935.92
61,1,2016,955.93
61,1,2017,923.2
61,1,2018,953.39
61,1,2019,902.37
61,1,2020,845.22
61,1,2021,835.11
61,1,2022,906.06
61,1,2023,894.42
61,2,1990,254.5
61,2,1991,231.72
61,2,1992,215.71
61,2,1993,224.46
61,2,1994,213.13
61,2,1995,206.69
61,2,1996,206.03
61,2,1997,208.2
61,2,1998,194.53
61,2,1999,186.61
61,2,2000,180.85
61,2,2001,188.22
61,2,2002,185.67
61,2,2003,192.3
61,2,2004,191.79
61,2,2005,183.26
61,2,2006,188.81
61,2,2007,199.74
61,2,2008,202.87
61,2,2009,203.97
61,2,2010,204.78
61,2,2011,209.39
61,2,2012,213.43
61,2,2013,218.77
61,2,2014,219.78
61,2,2015,212.44
61,2,2016,211.63
61,2,2017,219.19
61,2,2018,220.93
61,2,2019,212.83
61,2,2020,192.87
61,2,2021,184.84
61,2,2022,200.14
61,2,2023,216.36
62,1,1990,59829.81
62,1,1991,59741.39
62,1,1992,60610.62
62,1,1993,64116.3
62,1,1994,63807.58
62,1,1995,62145.67
62,1,1996,58792.65
62,1,1997,57567.95
62,1,1998,55783.87
62,1,1999,55522.83
62,1,2000,57370.36
62,1,2001,54793.51
62,1,2002,54102.85
62,1,2003,52524.88
62,1,2004,50500.71
62,1,2005,51361.9
62,1,2006,49154.81
62,1,2007,48596.19
62,1,2008,48817.62
62,1,2009,48278.22
62,1,2010,50492.54
62,1,2011,49336.35
62,1,2012,49030.36
62,1,2013,48969.34
62,1,2014,48996.79
62,1,2015,50975
62,1,2016,51029.34
62,1,2017,49669.94
62,1,2018,50323.03
62,1,2019,49258.12
62,1,2020,48741.93
62,1,2021,46961.97
62,1,2022,44253.82
62,1,2023,46856.22
62,2,1990,11023.68
62,2,1991,10893.96
62,2,1992,10981.13
62,2,1993,11226.36
62,2,1994,11063.73
62,2,1995,10666.14
62,2,1996,10255.71
62,2,1997,10226.01
62,2,1998,9907.1
62,2,1999,9698.88
62,2,2000,9864.37
62,2,2001,9691.49
62,2,2002,9674.25
62,2,2003,9496.95
62,2,2004,9430.63
62,2,2005,9584.1
62,2,2006,9513.26
62,2,2007,9672.07
62,2,2008,9975.44
62,2,2009,10078.9
62,2,2010,10529.76
62,2,2011,10508.83
62,2,2012,10762.37
62,2,2013,11024.13
62,2,2014,11278.22
62,2,2015,11877.82
62,2,2016,11978.08
62,2,2017,12234.53
62,2,2018,12563.55
62,2,2019,12491.51
62,2,2020,12629.36
62,2,2021,12426.06
62,2,2022,11479.54
62,2,2023,11876.79
63,1,1990,17706.95
63,1,1991,18622.23
63,1,1992,19320.61
63,1,1993,19635.2
63,1,1994,19680.97
63,1,1995,20299.42
63,1,1996,19458.39
63,1,1997,18633.1
63,1,1998,17989.19
63,1,1999,18312.24
63,1,2000,18993.26
63,1,2001,18838.18
63,1,2002,19115.96
63,1,2003,18991.88
63,1,2004,18632.56
63,1,2005,16804.64
63,1,2006,15971.77
63,1,2007,15470.7
63,1,2008,15113.88
63,1,2009,14877.85
63,1,2010,14574.29
63,1,2011,14822.78
63,1,2012,15183.03
63,1,2013,15188.44
63,1,2014,14099.25
63,1,2015,12809.35
63,1,2016,12816.93
63,1,2017,13176.33
63,1,2018,13264.27
63,1,2019,13195.07
63,1,2020,13784.66
63,1,2021,13322.73
63,1,2022,12864.35
63,1,2023,12343.9
63,2,1990,4390.18
63,2,1991,4472.22
63,2,1992,4404.08
63,2,1993,4369.78
63,2,1994,4253.47
63,2,1995,4228.43
63,2,1996,4034.42
63,2,1997,3907.05
63,2,1998,3832.46
63,2,1999,3847.56
63,2,2000,3852.61
63,2,2001,3776.65
63,2,2002,3767.08
63,2,2003,3783.01
63,2,2004,3656.03
63,2,2005,3066.51
63,2,2006,2899.5
63,2,2007,2793.58
63,2,2008,2800.31
63,2,2009,2849.35
63,2,2010,2851.58
63,2,2011,2893.32
63,2,2012,3021.57
63,2,2013,3008.71
63,2,2014,2854.07
63,2,2015,2634.43
63,2,2016,2696.27
63,2,2017,2762
63,2,2018,2701.12
63,2,2019,2764.67
63,2,2020,2907.14
63,2,2021,2724.66
63,2,2022,2611.93
63,2,2023,2651.32
66,1,1990,21.68
66,1,1991,21.51
66,1,1992,21.46
66,1,1993,21.21
66,1,1994,20.98
66,1,1995,22.6
66,1,1996,22.44
66,1,1997,22.37
66,1,1998,22.39
66,1,1999,22.38
66,1,2000,23.97
66,1,2001,24.4
66,1,2002,25.15
66,1,2003,26.05
66,1,2004,27.02
66,1,2005,27.99
66,1,2006,29.34
66,1,2007,30.22
66,1,2008,31.57
66,1,2009,32.85
66,1,2010,32.51
66,1,2011,34.06
66,1,2012,35.75
66,1,2013,37.04
66,1,2014,38.43
66,1,2015,38.51
66,1,2016,39.92
66,1,2017,41.47
66,1,2018,43.37
66,1,2019,46.18
66,1,2020,49.27
66,1,2021,52.1
66,1,2022,53.45
66,1,2023,56.78
66,2,1990,11.88
66,2,1991,12.21
66,2,1992,12.7
66,2,1993,13.21
66,2,1994,13.62
66,2,1995,14.52
66,2,1996,14.98
66,2,1997,15.58
66,2,1998,16.09
66,2,1999,16.38
66,2,2000,17.1
66,2,2001,17.66
66,2,2002,18.28
66,2,2003,18.89
66,2,2004,19.57
66,2,2005,20.47
66,2,2006,21.39
66,2,2007,22.28
66,2,2008,23.45
66,2,2009,24.39
66,2,2010,25.28
66,2,2011,26.62
66,2,2012,28.04
66,2,2013,29.62
66,2,2014,30.48
66,2,2015,31.24
66,2,2016,32.42
66,2,2017,33.71
66,2,2018,35.38
66,2,2019,38.17
66,2,2020,40.82
66,2,2021,43.61
66,2,2022,45.63
66,2,2023,47.89
67,1,1990,38524.9
67,1,1991,39416.72
67,1,1992,41145.08
67,1,1993,42583.05
67,1,1994,43006.85
67,1,1995,47025.39
67,1,1996,47729.73
67,1,1997,49198.88
67,1,1998,50714.22
67,1,1999,52659.69
67,1,2000,54711.72
67,1,2001,55810.9
67,1,2002,57641.35
67,1,2003,59857.81
67,1,2004,62753.2
67,1,2005,66065.37
67,1,2006,67662.12
67,1,2007,70817.77
67,1,2008,73855.63
67,1,2009,74938.14
67,1,2010,76488.65
67,1,2011,79192.87
67,1,2012,80773.94
67,1,2013,82337.82
67,1,2014,84074.07
67,1,2015,82884.02
67,1,2016,82947.45
67,1,2017,84585.2
67,1,2018,84606.6
67,1,2019,85867.94
67,1,2020,85436.65
67,1,2021,86527.86
67,1,2022,89831.96
67,1,2023,92772.88
67,2,1990,14778.1
67,2,1991,15309.34
67,2,1992,16160.06
67,2,1993,16716.93
67,2,1994,17109.59
67,2,1995,18571.73
67,2,1996,19195.64
67,2,1997,19938.44
67,2,1998,20793.21
67,2,1999,21852.23
67,2,2000,22309.26
67,2,2001,22829.16
67,2,2002,23041.91
67,2,2003,23475
67,2,2004,24478.3
67,2,2005,25980.48
67,2,2006,26566.67
67,2,2007,27519.52
67,2,2008,28556.56
67,2,2009,28747.52
67,2,2010,30063
67,2,2011,30944.68
67,2,2012,32024.09
67,2,2013,32972.76
67,2,2014,33562.26
67,2,2015,33798.24
67,2,2016,34131.97
67,2,2017,34699.2
67,2,2018,35798.79
67,2,2019,36576.75
67,2,2020,36655.46
67,2,2021,37772.83
67,2,2022,39734.23
67,2,2023,41974.12
68,1,1990,6124.76
68,1,1991,6516.41
68,1,1992,6731.08
68,1,1993,7101.24
68,1,1994,7716.71
68,1,1995,8473.25
68,1,1996,8840.9
68,1,1997,9628.3
68,1,1998,10139.19
68,1,1999,10551.5
68,1,2000,11100.03
68,1,2001,11274.23
68,1,2002,11639.17
68,1,2003,11984.3
68,1,2004,12684.36
68,1,2005,13205.55
68,1,2006,13816.34
68,1,2007,14489.6
68,1,2008,15120.78
68,1,2009,15538.2
68,1,2010,15914.8
68,1,2011,16565.52
68,1,2012,17566.45
68,1,2013,18066.13
68,1,2014,18606.08
68,1,2015,18952.71
68,1,2016,19479.64
68,1,2017,19975.49
68,1,2018,20886.79
68,1,2019,20936.04
68,1,2020,21898.14
68,1,2021,22116.34
68,1,2022,24055.89
68,1,2023,23696.13
68,2,1990,2125.85
68,2,1991,2305.37
68,2,1992,2426.7
68,2,1993,2579.29
68,2,1994,2847.56
68,2,1995,3112.47
68,2,1996,3362.5
68,2,1997,3745.62
68,2,1998,3984.54
68,2,1999,4244.56
68,2,2000,4434.93
68,2,2001,4501.04
68,2,2002,4762.36
68,2,2003,4902.68
68,2,2004,5121.45
68,2,2005,5424.92
68,2,2006,5713.24
68,2,2007,6006.29
68,2,2008,6169.62
68,2,2009,6327.68
68,2,2010,6591.32
68,2,2011,6739.17
68,2,2012,7155.92
68,2,2013,7309.72
68,2,2014,7428.89
68,2,2015,7712.43
68,2,2016,7855.39
68,2,2017,8009.09
68,2,2018,8277.24
68,2,2019,8178.59
68,2,2020,8454.92
68,2,2021,8439.67
68,2,2022,9505.04
68,2,2023,9788.4
69,1,1990,626.12
69,1,1991,629.8
69,1,1992,627.35
69,1,1993,619.92
69,1,1994,642.49
69,1,1995,673.34
69,1,1996,713.19
69,1,1997,737.88
69,1,1998,765.47
69,1,1999,774.32
69,1,2000,778.88
69,1,2001,785.31
69,1,2002,784.01
69,1,2003,779.4
69,1,2004,831.61
69,1,2005,849.28
69,1,2006,884.1
69,1,2007,904.48
69,1,2008,959.3
69,1,2009,975.55
69,1,2010,944.27
69,1,2011,982.04
69,1,2012,1050.88
69,1,2013,1095.9
69,1,2014,1121.48
69,1,2015,1117.82
69,1,2016,1127.67
69,1,2017,1152.24
69,1,2018,1142.08
69,1,2019,1163.9
69,1,2020,1154.6
69,1,2021,1183.91
69,1,2022,1220.85
69,1,2023,1021.72
69,2,1990,255.12
69,2,1991,259.75
69,2,1992,269.72
69,2,1993,287.35
69,2,1994,294.1
69,2,1995,303.66
69,2,1996,323.08
69,2,1997,342.9
69,2,1998,346.5
69,2,1999,338.14
69,2,2000,347.15
69,2,2001,378.18
69,2,2002,371.3
69,2,2003,364.51
69,2,2004,391.03
69,2,2005,415.68
69,2,2006,457.59
69,2,2007,475.73
69,2,2008,491.23
69,2,2009,513.58
69,2,2010,501.88
69,2,2011,533.15
69,2,2012,571.37
69,2,2013,581.84
69,2,2014,595.86
69,2,2015,608.13
69,2,2016,607.34
69,2,2017,619.91
69,2,2018,627.52
69,2,2019,651.63
69,2,2020,636.7
69,2,2021,688.65
69,2,2022,737.53
69,2,2023,787.12
71,1,1990,6031.46
71,1,1991,6013.34
71,1,1992,6141.86
71,1,1993,6129.99
71,1,1994,6338.16
71,1,1995,6503.32
71,1,1996,6579.64
71,1,1997,6577.3
71,1,1998,6748.41
71,1,1999,6755.38
71,1,2000,6707.02
71,1,2001,6804.92
71,1,2002,6953.76
71,1,2003,6990.52
71,1,2004,7315.75
71,1,2005,7281.7
71,1,2006,7429.62
71,1,2007,7692.28
71,1,2008,8042.95
71,1,2009,8043.28
71,1,2010,7663.48
71,1,2011,7907.03
71,1,2012,7881.11
71,1,2013,7958.84
71,1,2014,8169.18
71,1,2015,7690.44
71,1,2016,7861.44
71,1,2017,7815.58
71,1,2018,7930.67
71,1,2019,8232.66
71,1,2020,7725.41
71,1,2021,8096.92
71,1,2022,8493.66
71,1,2023,8144.25
71,2,1990,2360.85
71,2,1991,2453.27
71,2,1992,2533.62
71,2,1993,2636.83
71,2,1994,2761.01
71,2,1995,2935.58
71,2,1996,3047.72
71,2,1997,3122.52
71,2,1998,3200.16
71,2,1999,3325.55
71,2,2000,3524.92
71,2,2001,3696.99
71,2,2002,3885.07
71,2,2003,3941.66
71,2,2004,4069.78
71,2,2005,4255.76
71,2,2006,4415.66
71,2,2007,4710.54
71,2,2008,4905.87
71,2,2009,5033.1
71,2,2010,5031.64
71,2,2011,5180.24
71,2,2012,5281.78
71,2,2013,5302.36
71,2,2014,5538.4
71,2,2015,5516.7
71,2,2016,5513.8
71,2,2017,5560.14
71,2,2018,5784.77
71,2,2019,5946.1
71,2,2020,5868.97
71,2,2021,6161.24
71,2,2022,6418.44
71,2,2023,6484.44
72,1,1990,1035.09
72,1,1991,1025.73
72,1,1992,1062.94
72,1,1993,1056.69
72,1,1994,1055.71
72,1,1995,1066.4
72,1,1996,1061.35
72,1,1997,1038.06
72,1,1998,1023.17
72,1,1999,1012.96
72,1,2000,1024.07
72,1,2001,1024.62
72,1,2002,1037.89
72,1,2003,1042.85
72,1,2004,1100.28
72,1,2005,1022.19
72,1,2006,1007.12
72,1,2007,1043.35
72,1,2008,1076.95
72,1,2009,1105.54
72,1,2010,1075.84
72,1,2011,1107.27
72,1,2012,1118.26
72,1,2013,1119.27
72,1,2014,1164.97
72,1,2015,1189.17
72,1,2016,1205.83
72,1,2017,1184.37
72,1,2018,1224.38
72,1,2019,1231.77
72,1,2020,1207.15
72,1,2021,1283.28
72,1,2022,1335.98
72,1,2023,1402.16
72,2,1990,557.15
72,2,1991,565.26
72,2,1992,586.18
72,2,1993,594.41
72,2,1994,630
72,2,1995,665.61
72,2,1996,664.25
72,2,1997,691.95
72,2,1998,696.26
72,2,1999,713.78
72,2,2000,727.33
72,2,2001,762.37
72,2,2002,777.65
72,2,2003,812.31
72,2,2004,824.17
72,2,2005,802.51
72,2,2006,854.36
72,2,2007,889.65
72,2,2008,949.48
72,2,2009,972.36
72,2,2010,992.82
72,2,2011,1024.81
72,2,2012,1032.5
72,2,2013,1068.62
72,2,2014,1121.67
72,2,2015,1174.17
72,2,2016,1212.97
72,2,2017,1281.7
72,2,2018,1294.58
72,2,2019,1304.77
72,2,2020,1289.01
72,2,2021,1381.95
72,2,2022,1472.07
72,2,2023,1564.74
74,1,1990,21.09
74,1,1991,22.17
74,1,1992,23.3
74,1,1993,25.37
74,1,1994,25.97
74,1,1995,27.52
74,1,1996,28.48
74,1,1997,29.51
74,1,1998,30.49
74,1,1999,31.17
74,1,2000,32.2
74,1,2001,32.67
74,1,2002,33.93
74,1,2003,35.18
74,1,2004,35.92
74,1,2005,34.57
74,1,2006,35.61
74,1,2007,36.86
74,1,2008,37.96
74,1,2009,38.73
74,1,2010,37.1
74,1,2011,32.54
74,1,2012,31.07
74,1,2013,31.51
74,1,2014,32.52
74,1,2015,32.46
74,1,2016,33.44
74,1,2017,34.92
74,1,2018,36.16
74,1,2019,37.65
74,1,2020,39.89
74,1,2021,41.87
74,1,2022,44.35
74,1,2023,45.83
74,2,1990,3.87
74,2,1991,4.09
74,2,1992,4.36
74,2,1993,4.71
74,2,1994,4.91
74,2,1995,5.2
74,2,1996,5.54
74,2,1997,5.88
74,2,1998,6.18
74,2,1999,6.43
74,2,2000,6.73
74,2,2001,7.07
74,2,2002,7.47
74,2,2003,7.84
74,2,2004,8.17
74,2,2005,8.3
74,2,2006,8.67
74,2,2007,9.11
74,2,2008,9.52
74,2,2009,9.86
74,2,2010,10.07
74,2,2011,9.47
74,2,2012,9.47
74,2,2013,9.93
74,2,2014,10.32
74,2,2015,10.7
74,2,2016,11.11
74,2,2017,11.7
74,2,2018,12.32
74,2,2019,13.09
74,2,2020,13.54
74,2,2021,14.51
74,2,2022,15.61
74,2,2023,16.35
75,1,1990,2655.52
75,1,1991,2654.2
75,1,1992,2627.14
75,1,1993,2645
75,1,1994,2554.57
75,1,1995,2661.82
75,1,1996,2658.16
75,1,1997,2650.86
75,1,1998,2679.38
75,1,1999,2642.39
75,1,2000,2644.63
75,1,2001,2643.6
75,1,2002,2738.03
75,1,2003,2780.41
75,1,2004,2849.65
75,1,2005,2819.15
75,1,2006,2882.94
75,1,2007,2862.21
75,1,2008,2979.76
75,1,2009,3091.12
75,1,2010,3019.28
75,1,2011,3041.3
75,1,2012,3048.32
75,1,2013,3123.75
75,1,2014,3127.12
75,1,2015,3075.6
75,1,2016,3031.36
75,1,2017,3030.76
75,1,2018,3098.02
75,1,2019,3003.81
75,1,2020,3040.68
75,1,2021,3011.57
75,1,2022,3122.03
75,1,2023,3083.27
75,2,1990,848.86
75,2,1991,893.92
75,2,1992,903.47
75,2,1993,920.95
75,2,1994,942.24
75,2,1995,966.06
75,2,1996,999.58
75,2,1997,1041.13
75,2,1998,1061.6
75,2,1999,1100.51
75,2,2000,1139.43
75,2,2001,1141.86
75,2,2002,1206.32
75,2,2003,1241.48
75,2,2004,1308.29
75,2,2005,1308.19
75,2,2006,1373.09
75,2,2007,1469.87
75,2,2008,1547.32
75,2,2009,1587.33
75,2,2010,1637.8
75,2,2011,1692.69
75,2,2012,1778.25
75,2,2013,1800.71
75,2,2014,1910.84
75,2,2015,1961.35
75,2,2016,1972.3
75,2,2017,1983.72
75,2,2018,2058.76
75,2,2019,2118.06
75,2,2020,2157.53
75,2,2021,2217.3
75,2,2022,2318.26
75,2,2023,2291.74
76,1,1990,6988.29
76,1,1991,6859.88
76,1,1992,6842.18
76,1,1993,6804.38
76,1,1994,6618.75
76,1,1995,6778.73
76,1,1996,6585.83
76,1,1997,6555.05
76,1,1998,6449.93
76,1,1999,6393.93
76,1,2000,6229.34
76,1,2001,6266.89
76,1,2002,6322.42
76,1,2003,6289.72
76,1,2004,6272.18
76,1,2005,6154.92
76,1,2006,6197.69
76,1,2007,6214.11
76,1,2008,6344.69
76,1,2009,6475.05
76,1,2010,6146.34
76,1,2011,6184.25
76,1,2012,6216.21
76,1,2013,6240.35
76,1,2014,6146.41
76,1,2015,5846.31
76,1,2016,5796.78
76,1,2017,5589.95
76,1,2018,5455.59
76,1,2019,5236.39
76,1,2020,5126.75
76,1,2021,5215.18
76,1,2022,5361.85
76,1,2023,5201.15
76,2,1990,1147.98
76,2,1991,1180.17
76,2,1992,1205.74
76,2,1993,1216.64
76,2,1994,1229.8
76,2,1995,1259.01
76,2,1996,1277.63
76,2,1997,1335.35
76,2,1998,1370.61
76,2,1999,1421.66
76,2,2000,1466.3
76,2,2001,1505.24
76,2,2002,1592.12
76,2,2003,1685.8
76,2,2004,1754.14
76,2,2005,1818.39
76,2,2006,1918.92
76,2,2007,2000.05
76,2,2008,2111.37
76,2,2009,2198.15
76,2,2010,2288.12
76,2,2011,2390.22
76,2,2012,2465.62
76,2,2013,2579.57
76,2,2014,2643.45
76,2,2015,2656.24
76,2,2016,2667.92
76,2,2017,2646.58
76,2,2018,2692.61
76,2,2019,2718.73
76,2,2020,2763.21
76,2,2021,2746.74
76,2,2022,2982.03
76,2,2023,2897.22
77,1,1990,192.59
77,1,1991,205.45
77,1,1992,212.91
77,1,1993,210.98
77,1,1994,206.79
77,1,1995,231.25
77,1,1996,239.58
77,1,1997,247.31
77,1,1998,262.01
77,1,1999,246.71
77,1,2000,249.78
77,1,2001,244.28
77,1,2002,268.87
77,1,2003,270.16
77,1,2004,292.33
77,1,2005,275.4
77,1,2006,280.38
77,1,2007,311.98
77,1,2008,322.27
77,1,2009,336.02
77,1,2010,314.79
77,1,2011,318.74
77,1,2012,356.92
77,1,2013,378.69
77,1,2014,395.89
77,1,2015,367.83
77,1,2016,368.16
77,1,2017,403.46
77,1,2018,408.71
77,1,2019,429.56
77,1,2020,424.64
77,1,2021,442.57
77,1,2022,443.18
77,1,2023,415.01
77,2,1990,43.43
77,2,1991,46.08
77,2,1992,51.53
77,2,1993,50.28
77,2,1994,53.54
77,2,1995,54.15
77,2,1996,56.9
77,2,1997,59.44
77,2,1998,63.5
77,2,1999,64.39
77,2,2000,62.72
77,2,2001,62.25
77,2,2002,65.27
77,2,2003,71.16
77,2,2004,72.48
77,2,2005,81.19
77,2,2006,82.64
77,2,2007,89.24
77,2,2008,89.16
77,2,2009,89.61
77,2,2010,89.84
77,2,2011,96.26
77,2,2012,101.26
77,2,2013,104.45
77,2,2014,109.99
77,2,2015,116.09
77,2,2016,108.55
77,2,2017,119.9
77,2,2018,122.55
77,2,2019,127.85
77,2,2020,132.5
77,2,2021,142.62
77,2,2022,144.56
77,2,2023,131.93
78,1,1990,3417.74
78,1,1991,3296.29
78,1,1992,3277.41
78,1,1993,3262.16
78,1,1994,2776.52
78,1,1995,2731.21
78,1,1996,2650.9
78,1,1997,2546.93
78,1,1998,2450
78,1,1999,2415.99
78,1,2000,2472.43
78,1,2001,2473.32
78,1,2002,2467.74
78,1,2003,2525.04
78,1,2004,2598.03
78,1,2005,2555.46
78,1,2006,2659.9
78,1,2007,2661.12
78,1,2008,2696.46
78,1,2009,2714.14
78,1,2010,2627.7
78,1,2011,2631.83
78,1,2012,2674
78,1,2013,2716
78,1,2014,2767.31
78,1,2015,2612.28
78,1,2016,2571.64
78,1,2017,2603.65
78,1,2018,2525.88
78,1,2019,2506.66
78,1,2020,2459.94
78,1,2021,2596.82
78,1,2022,2636.06
78,1,2023,2675.85
78,2,1990,1883.45
78,2,1991,1944.94
78,2,1992,1938.96
78,2,1993,1977.56
78,2,1994,1767.29
78,2,1995,1753.34
78,2,1996,1740.18
78,2,1997,1767.31
78,2,1998,1764.95
78,2,1999,1805.66
78,2,2000,1857.86
78,2,2001,1909.74
78,2,2002,1948.68
78,2,2003,2007.87
78,2,2004,2108.47
78,2,2005,2161.57
78,2,2006,2249.31
78,2,2007,2276.72
78,2,2008,2371.35
78,2,2009,2456.28
78,2,2010,2458.95
78,2,2011,2477.59
78,2,2012,2510.05
78,2,2013,2531.08
78,2,2014,2536.97
78,2,2015,2531.63
78,2,2016,2512.84
78,2,2017,2520.25
78,2,2018,2485.48
78,2,2019,2535.37
78,2,2020,2486.84
78,2,2021,2596.39
78,2,2022,2700.15
78,2,2023,2610.44
79,1,1990,1911.56
79,1,1991,1864.77
79,1,1992,1927.93
79,1,1993,1889.43
79,1,1994,1831.34
79,1,1995,1884.38
79,1,1996,1848.17
79,1,1997,1822.88
79,1,1998,1829.25
79,1,1999,1788.13
79,1,2000,1764.78
79,1,2001,1777.69
79,1,2002,1782.8
79,1,2003,1794.8
79,1,2004,1821.01
79,1,2005,1834.73
79,1,2006,1908.47
79,1,2007,1924.44
79,1,2008,1904.65
79,1,2009,1958.78
79,1,2010,1974.4
79,1,2011,1951.61
79,1,2012,1952.62
79,1,2013,1989.04
79,1,2014,1973.95
79,1,2015,1993.01
79,1,2016,2031.2
79,1,2017,2037.89
79,1,2018,2022.9
79,1,2019,2035.2
79,1,2020,1994.39
79,1,2021,2099
79,1,2022,2073.22
79,1,2023,2196.8
79,2,1990,476.2
79,2,1991,483.78
79,2,1992,510.12
79,2,1993,512.56
79,2,1994,522.47
79,2,1995,534.61
79,2,1996,553.22
79,2,1997,571.94
79,2,1998,614.4
79,2,1999,616.24
79,2,2000,644.14
79,2,2001,676.27
79,2,2002,698.2
79,2,2003,727.13
79,2,2004,735.5
79,2,2005,762.62
79,2,2006,807.87
79,2,2007,846.67
79,2,2008,890.9
79,2,2009,915.63
79,2,2010,961.85
79,2,2011,1003.22
79,2,2012,1067.68
79,2,2013,1098.2
79,2,2014,1151.1
79,2,2015,1164.33
79,2,2016,1174.81
79,2,2017,1179.59
79,2,2018,1210.18
79,2,2019,1249.57
79,2,2020,1304.07
79,2,2021,1338.96
79,2,2022,1372.04
79,2,2023,1456.54
80,1,1990,24135.25
80,1,1991,24411.01
80,1,1992,24864.65
80,1,1993,25309.76
80,1,1994,25096.86
80,1,1995,26310.7
80,1,1996,26621.81
80,1,1997,26708.34
80,1,1998,27446.77
80,1,1999,28105.71
80,1,2000,29463.77
80,1,2001,30227.96
80,1,2002,31082.53
80,1,2003,32075.29
80,1,2004,32436.93
80,1,2005,33126.05
80,1,2006,33889.3
80,1,2007,34718.64
80,1,2008,35436.99
80,1,2009,36428.83
80,1,2010,35826.55
80,1,2011,36433.3
80,1,2012,37263.46
80,1,2013,37900.46
80,1,2014,37773.91
80,1,2015,38445.82
80,1,2016,38269.4
80,1,2017,37917.36
80,1,2018,37819.46
80,1,2019,37063.21
80,1,2020,36655.12
80,1,2021,35625.45
80,1,2022,38713.36
80,1,2023,39658.11
80,2,1990,3979.59
80,2,1991,4116.48
80,2,1992,4235.5
80,2,1993,4461.58
80,2,1994,4574.2
80,2,1995,4944.07
80,2,1996,5166.47
80,2,1997,5306.57
80,2,1998,5734.54
80,2,1999,6068.74
80,2,2000,6444.2
80,2,2001,6850.6
80,2,2002,7453.12
80,2,2003,8117.91
80,2,2004,8341.82
80,2,2005,9014.04
80,2,2006,9592.44
80,2,2007,10065.81
80,2,2008,10768.13
80,2,2009,11429.04
80,2,2010,11727.46
80,2,2011,12270.01
80,2,2012,13250.31
80,2,2013,13636.41
80,2,2014,14400.33
80,2,2015,15079.52
80,2,2016,15495.33
80,2,2017,15955.54
80,2,2018,16188.4
80,2,2019,16745.88
80,2,2020,16711.74
80,2,2021,16151.71
80,2,2022,17828.62
80,2,2023,18149.81
81,1,1990,33900.28
81,1,1991,34058.71
81,1,1992,34087.53
81,1,1993,35007.05
81,1,1994,35045.99
81,1,1995,36337.93
81,1,1996,36469.83
81,1,1997,36538.08
81,1,1998,36962.39
81,1,1999,36970.46
81,1,2000,38179.23
81,1,2001,37527.61
81,1,2002,37800.32
81,1,2003,38302.79
81,1,2004,37999.57
81,1,2005,38899.8
81,1,2006,39172.73
81,1,2007,39949.54
81,1,2008,40758.23
81,1,2009,41561.92
81,1,2010,40263.04
81,1,2011,40375.18
81,1,2012,40512.61
81,1,2013,41638.89
81,1,2014,41287.86
81,1,2015,40790.35
81,1,2016,40468.44
81,1,2017,40269.77
81,1,2018,40351.83
81,1,2019,39388.77
81,1,2020,39543.89
81,1,2021,39552.5
81,1,2022,40046.62
81,1,2023,41048.26
81,2,1990,9437.16
81,2,1991,9810.81
81,2,1992,9981.14
81,2,1993,10507.58
81,2,1994,10883.95
81,2,1995,11179.52
81,2,1996,11610.23
81,2,1997,12031.84
81,2,1998,12682.48
81,2,1999,13110.38
81,2,2000,13819.4
81,2,2001,14098.01
81,2,2002,14647.32
81,2,2003,15257.55
81,2,2004,15610.19
81,2,2005,16629.72
81,2,2006,17239.53
81,2,2007,18043.3
81,2,2008,19058.18
81,2,2009,19767.99
81,2,2010,20044.87
81,2,2011,20711.05
81,2,2012,21546.21
81,2,2013,22566.81
81,2,2014,22948.25
81,2,2015,23561.53
81,2,2016,23979.06
81,2,2017,24251.43
81,2,2018,24814.13
81,2,2019,24985.48
81,2,2020,25449.33
81,2,2021,26170.59
81,2,2022,27227.33
81,2,2023,27444.5
82,1,1990,5651.05
82,1,1991,5776
82,1,1992,5848.25
82,1,1993,5938.18
82,1,1994,5930.99
82,1,1995,6098.22
82,1,1996,6119.35
82,1,1997,6136.24
82,1,1998,6288.92
82,1,1999,6472.93
82,1,2000,6553.57
82,1,2001,6481.41
82,1,2002,6565.31
82,1,2003,6721.07
82,1,2004,6924.91
82,1,2005,6862.72
82,1,2006,6905.96
82,1,2007,6839.21
82,1,2008,7008.72
82,1,2009,6824.86
82,1,2010,6565.67
82,1,2011,6788.13
82,1,2012,6816.49
82,1,2013,6891.81
82,1,2014,7077.46
82,1,2015,7092.5
82,1,2016,6969.67
82,1,2017,7057.27
82,1,2018,6885.22
82,1,2019,6816.74
82,1,2020,6715.14
82,1,2021,6718.95
82,1,2022,6663.33
82,1,2023,6827.94
82,2,1990,1101.43
82,2,1991,1133.97
82,2,1992,1144.65
82,2,1993,1154.89
82,2,1994,1166.93
82,2,1995,1195.66
82,2,1996,1209.67
82,2,1997,1230.96
82,2,1998,1293.34
82,2,1999,1306.33
82,2,2000,1378.48
82,2,2001,1385.23
82,2,2002,1424.34
82,2,2003,1477.45
82,2,2004,1497.61
82,2,2005,1485.42
82,2,2006,1500.17
82,2,2007,1514.88
82,2,2008,1611.75
82,2,2009,1607.02
82,2,2010,1623.75
82,2,2011,1690.59
82,2,2012,1778.71
82,2,2013,1814.62
82,2,2014,1880.27
82,2,2015,1949.95
82,2,2016,1991.24
82,2,2017,2026.43
82,2,2018,2046.13
82,2,2019,2117.65
82,2,2020,2201.34
82,2,2021,2285.14
82,2,2022,2237.6
82,2,2023,2247.41
83,1,1990,60.17
83,1,1991,62.01
83,1,1992,60.78
83,1,1993,60.5
83,1,1994,60.09
83,1,1995,63.7
83,1,1996,70
83,1,1997,72.37
83,1,1998,72.05
83,1,1999,71.07
83,1,2000,70.78
83,1,2001,71.04
83,1,2002,70.97
83,1,2003,73.81
83,1,2004,76.75
83,1,2005,82.68
83,1,2006,83.74
83,1,2007,87.67
83,1,2008,85.49
83,1,2009,86.58
83,1,2010,89.16
83,1,2011,90.2
83,1,2012,91.81
83,1,2013,89.45
83,1,2014,91.14
83,1,2015,87.86
83,1,2016,93.08
83,1,2017,91.28
83,1,2018,89.71
83,1,2019,84.83
83,1,2020,84.47
83,1,2021,85.06
83,1,2022,92.19
83,1,2023,97.63
83,2,1990,41.53
83,2,1991,45.22
83,2,1992,47.99
83,2,1993,48.58
83,2,1994,51.13
83,2,1995,49.67
83,2,1996,55.49
83,2,1997,56.34
83,2,1998,59.09
83,2,1999,60.68
83,2,2000,62.85
83,2,2001,63.85
83,2,2002,66.27
83,2,2003,70.51
83,2,2004,74.6
83,2,2005,75.89
83,2,2006,81.27
83,2,2007,85.31
83,2,2008,89.78
83,2,2009,92.89
83,2,2010,95.6
83,2,2011,98.12
83,2,2012,101.23
83,2,2013,102.1
83,2,2014,106.22
83,2,2015,108.6
83,2,2016,110.92
83,2,2017,107.67
83,2,2018,109.44
83,2,2019,111.25
83,2,2020,109.08
83,2,2021,110.79
83,2,2022,124.79
83,2,2023,125.76
84,1,1990,1166.45
84,1,1991,1129.44
84,1,1992,1147.65
84,1,1993,1160.34
84,1,1994,1138.78
84,1,1995,1147.23
84,1,1996,1096.64
84,1,1997,1054.17
84,1,1998,1101.64
84,1,1999,1116.14
84,1,2000,1074.46
84,1,2001,1081.96
84,1,2002,1098.91
84,1,2003,1141.89
84,1,2004,1181.62
84,1,2005,1082.33
84,1,2006,1160.3
84,1,2007,1205.2
84,1,2008,1224.64
84,1,2009,1274.56
84,1,2010,1189.19
84,1,2011,1258.31
84,1,2012,1291.61
84,1,2013,1322.25
84,1,2014,1326.57
84,1,2015,1271.93
84,1,2016,1287.94
84,1,2017,1303.03
84,1,2018,1317.85
84,1,2019,1374.28
84,1,2020,1380.86
84,1,2021,1350.79
84,1,2022,1518.46
84,1,2023,1579.43
84,2,1990,565.06
84,2,1991,546.95
84,2,1992,566.87
84,2,1993,575.52
84,2,1994,585.65
84,2,1995,598.35
84,2,1996,594.47
84,2,1997,597.03
84,2,1998,635.87
84,2,1999,650.87
84,2,2000,660.26
84,2,2001,662.86
84,2,2002,679.12
84,2,2003,712.51
84,2,2004,770.49
84,2,2005,768.74
84,2,2006,823.5
84,2,2007,841.97
84,2,2008,872.42
84,2,2009,890.44
84,2,2010,886.78
84,2,2011,934.26
84,2,2012,961.93
84,2,2013,1006.28
84,2,2014,1072.34
84,2,2015,1063.1
84,2,2016,1113.07
84,2,2017,1137.12
84,2,2018,1106.52
84,2,2019,1142.69
84,2,2020,1188.55
84,2,2021,1164.66
84,2,2022,1338.86
84,2,2023,1437.62
85,1,1990,834.4
85,1,1991,869.43
85,1,1992,914.63
85,1,1993,971.22
85,1,1994,998.21
85,1,1995,1023.8
85,1,1996,1048.96
85,1,1997,1084.99
85,1,1998,1171.62
85,1,1999,1172.25
85,1,2000,1157.45
85,1,2001,1206.67
85,1,2002,1246.06
85,1,2003,1278.08
85,1,2004,1335.06
85,1,2005,1304.87
85,1,2006,1398.23
85,1,2007,1438.15
85,1,2008,1444.84
85,1,2009,1450.94
85,1,2010,1508.68
85,1,2011,1518.5
85,1,2012,1525.85
85,1,2013,1587.03
85,1,2014,1624.65
85,1,2015,1662.71
85,1,2016,1620.69
85,1,2017,1658.85
85,1,2018,1670.02
85,1,2019,1668.91
85,1,2020,1683.6
85,1,2021,1701.52
85,1,2022,1796.71
85,1,2023,1900.04
85,2,1990,326.93
85,2,1991,337.88
85,2,1992,366.72
85,2,1993,396.95
85,2,1994,407.07
85,2,1995,438.78
85,2,1996,426.98
85,2,1997,441.23
85,2,1998,481.52
85,2,1999,480.13
85,2,2000,509.74
85,2,2001,521.97
85,2,2002,535.89
85,2,2003,555.78
85,2,2004,568.45
85,2,2005,590.58
85,2,2006,638.1
85,2,2007,670.66
85,2,2008,682.77
85,2,2009,693.08
85,2,2010,721.83
85,2,2011,766.37
85,2,2012,769.24
85,2,2013,781.58
85,2,2014,819.52
85,2,2015,825.95
85,2,2016,831.64
85,2,2017,833.81
85,2,2018,874.51
85,2,2019,902.55
85,2,2020,901.46
85,2,2021,940.47
85,2,2022,968.64
85,2,2023,973.55
86,1,1990,28779.64
86,1,1991,29081.15
86,1,1992,29074.72
86,1,1993,29306.19
86,1,1994,29388.49
86,1,1995,29976.65
86,1,1996,29828.19
86,1,1997,29997.03
86,1,1998,30581.46
86,1,1999,30551.65
86,1,2000,30152.77
86,1,2001,30424.33
86,1,2002,30515.76
86,1,2003,31289.61
86,1,2004,30512.58
86,1,2005,30647.07
86,1,2006,30724.7
86,1,2007,30957.54
86,1,2008,31040.25
86,1,2009,31224.89
86,1,2010,30218.19
86,1,2011,30601.61
86,1,2012,30240.14
86,1,2013,29645.98
86,1,2014,29275.16
86,1,2015,29404.57
86,1,2016,27937.66
86,1,2017,28346.7
86,1,2018,27605.74
86,1,2019,26920.29
86,1,2020,26967.7
86,1,2021,25861.46
86,1,2022,26500.35
86,1,2023,25897.04
86,2,1990,5653.97
86,2,1991,5825.54
86,2,1992,6045.45
86,2,1993,6168.9
86,2,1994,6317.97
86,2,1995,6581.2
86,2,1996,6755.89
86,2,1997,6916.62
86,2,1998,7189.57
86,2,1999,7421.15
86,2,2000,7837.67
86,2,2001,8178.94
86,2,2002,8489.3
86,2,2003,8813
86,2,2004,8763.82
86,2,2005,9181.58
86,2,2006,9559.59
86,2,2007,10101.99
86,2,2008,10532.22
86,2,2009,10950.98
86,2,2010,11011.6
86,2,2011,11395.31
86,2,2012,11821.68
86,2,2013,11911.3
86,2,2014,12262.48
86,2,2015,12812.1
86,2,2016,12563.72
86,2,2017,13092.33
86,2,2018,13053.26
86,2,2019,13149.21
86,2,2020,13368.74
86,2,2021,13427.17
86,2,2022,13844.14
86,2,2023,13552.97
87,1,1990,194.12
87,1,1991,191.18
87,1,1992,195.23
87,1,1993,196.22
87,1,1994,191.65
87,1,1995,201.52
87,1,1996,199.82
87,1,1997,200.73
87,1,1998,198.36
87,1,1999,192.71
87,1,2000,191.95
87,1,2001,185.29
87,1,2002,188.2
87,1,2003,191.91
87,1,2004,195.71
87,1,2005,194.21
87,1,2006,200.85
87,1,2007,204.28
87,1,2008,197.76
87,1,2009,209.15
87,1,2010,204.63
87,1,2011,206.26
87,1,2012,205.7
87,1,2013,209.54
87,1,2014,221.3
87,1,2015,215.65
87,1,2016,216.47
87,1,2017,203.91
87,1,2018,199.94
87,1,2019,193.14
87,1,2020,185.54
87,1,2021,186.68
87,1,2022,177.75
87,1,2023,191.24
87,2,1990,44.39
87,2,1991,45.32
87,2,1992,46.48
87,2,1993,48.02
87,2,1994,49.99
87,2,1995,50.84
87,2,1996,52.35
87,2,1997,56.74
87,2,1998,57.94
87,2,1999,59.99
87,2,2000,59.51
87,2,2001,58.98
87,2,2002,60.35
87,2,2003,67.93
87,2,2004,68.77
87,2,2005,72.84
87,2,2006,76.39
87,2,2007,83.34
87,2,2008,81.56
87,2,2009,86.52
87,2,2010,86.15
87,2,2011,90.23
87,2,2012,96
87,2,2013,95.26
87,2,2014,101.61
87,2,2015,100.44
87,2,2016,101.04
87,2,2017,105.43
87,2,2018,107.31
87,2,2019,108.27
87,2,2020,109.68
87,2,2021,104.93
87,2,2022,107.94
87,2,2023,116.17
88,1,1990,102.61
88,1,1991,103.53
88,1,1992,107.02
88,1,1993,106.39
88,1,1994,108.25
88,1,1995,113.98
88,1,1996,119.18
88,1,1997,113.94
88,1,1998,111.01
88,1,1999,117.14
88,1,2000,117.94
88,1,2001,125.12
88,1,2002,127.72
88,1,2003,126.86
88,1,2004,128.21
88,1,2005,130.14
88,1,2006,135.02
88,1,2007,133.27
88,1,2008,140.88
88,1,2009,140.82
88,1,2010,144.36
88,1,2011,143.7
88,1,2012,146.47
88,1,2013,143.06
88,1,2014,150.7
88,1,2015,154.61
88,1,2016,150.73
88,1,2017,151.38
88,1,2018,155.03
88,1,2019,149.27
88,1,2020,149.19
88,1,2021,144.73
88,1,2022,147.04
88,1,2023,150.36
88,2,1990,15.92
88,2,1991,16.44
88,2,1992,17.9
88,2,1993,18.38
88,2,1994,18.7
88,2,1995,18.69
88,2,1996,19.95
88,2,1997,20.49
88,2,1998,22.41
88,2,1999,23.62
88,2,2000,25.44
88,2,2001,25.52
88,2,2002,25.47
88,2,2003,27.12
88,2,2004,28.24
88,2,2005,29.88
88,2,2006,30.81
88,2,2007,32.22
88,2,2008,33.23
88,2,2009,34.95
88,2,2010,37.34
88,2,2011,37.83
88,2,2012,39.91
88,2,2013,40.6
88,2,2014,41.22
88,2,2015,44.35
88,2,2016,47.09
88,2,2017,48.34
88,2,2018,49.02
88,2,2019,48.03
88,2,2020,47.56
88,2,2021,51.49
88,2,2022,52.26
88,2,2023,51.75
89,1,1990,8320.81
89,1,1991,8298.19
89,1,1992,8310.66
89,1,1993,8376.15
89,1,1994,8191.9
89,1,1995,8203.82
89,1,1996,8210.53
89,1,1997,8099.67
89,1,1998,8073.06
89,1,1999,8064.79
89,1,2000,7931.66
89,1,2001,7955.85
89,1,2002,8011.35
89,1,2003,7912.07
89,1,2004,8007.83
89,1,2005,7941.59
89,1,2006,7924.96
89,1,2007,8033.82
89,1,2008,8130.2
89,1,2009,8354.28
89,1,2010,8244.72
89,1,2011,8297.43
89,1,2012,8248.53
89,1,2013,8274.32
89,1,2014,8172.46
89,1,2015,8206.2
89,1,2016,8229.06
89,1,2017,8126.69
89,1,2018,7973.74
89,1,2019,7742.9
89,1,2020,7538.78
89,1,2021,7510.82
89,1,2022,7645.99
89,1,2023,7702.78
89,2,1990,1676.52
89,2,1991,1763.44
89,2,1992,1902.24
89,2,1993,2056.33
89,2,1994,2155.84
89,2,1995,2280.01
89,2,1996,2393.78
89,2,1997,2518.09
89,2,1998,2658.29
89,2,1999,2873.39
89,2,2000,3124.1
89,2,2001,3292.67
89,2,2002,3523.63
89,2,2003,3727.84
89,2,2004,3895.09
89,2,2005,4069.19
89,2,2006,4260.77
89,2,2007,4530.71
89,2,2008,4742.84
89,2,2009,4875.5
89,2,2010,5036.15
89,2,2011,5327.04
89,2,2012,5545.44
89,2,2013,5749.43
89,2,2014,5871.41
89,2,2015,6008.98
89,2,2016,6108.15
89,2,2017,6076.62
89,2,2018,6156.54
89,2,2019,6067.77
89,2,2020,6017.23
89,2,2021,6285.4
89,2,2022,6450.89
89,2,2023,6356.05
90,1,1990,1264.39
90,1,1991,1302.18
90,1,1992,1317.78
90,1,1993,1351.23
90,1,1994,1366.06
90,1,1995,1390.05
90,1,1996,1420.02
90,1,1997,1429.57
90,1,1998,1453.31
90,1,1999,1492.97
90,1,2000,1485.42
90,1,2001,1519.89
90,1,2002,1591.38
90,1,2003,1583.94
90,1,2004,1591.34
90,1,2005,1590.27
90,1,2006,1637.46
90,1,2007,1677.79
90,1,2008,1710.01
90,1,2009,1735.34
90,1,2010,1739.61
90,1,2011,1786.2
90,1,2012,1779.52
90,1,2013,1769.14
90,1,2014,1756.23
90,1,2015,1727.65
90,1,2016,1712.55
90,1,2017,1711.09
90,1,2018,1705.15
90,1,2019,1662.55
90,1,2020,1665.54
90,1,2021,1630.02
90,1,2022,1665.44
90,1,2023,1727.87
90,2,1990,533.44
90,2,1991,550.45
90,2,1992,558.83
90,2,1993,598.81
90,2,1994,649.86
90,2,1995,692.78
90,2,1996,753.66
90,2,1997,800.94
90,2,1998,796.29
90,2,1999,811.62
90,2,2000,892.88
90,2,2001,941.39
90,2,2002,966.52
90,2,2003,1005.83
90,2,2004,1053.31
90,2,2005,1091.66
90,2,2006,1152.95
90,2,2007,1239.28
90,2,2008,1287.01
90,2,2009,1283.82
90,2,2010,1331.45
90,2,2011,1360.18
90,2,2012,1410.48
90,2,2013,1433.35
90,2,2014,1441.97
90,2,2015,1471.01
90,2,2016,1514.14
90,2,2017,1487.84
90,2,2018,1543.14
90,2,2019,1548.88
90,2,2020,1495.82
90,2,2021,1434.06
90,2,2022,1420.42
90,2,2023,1483.63
91,1,1990,2349.69
91,1,1991,2396.87
91,1,1992,2455.99
91,1,1993,2651.08
91,1,1994,2634.38
91,1,1995,2772.5
91,1,1996,2909.53
91,1,1997,2944.59
91,1,1998,3074.47
91,1,1999,3121.61
91,1,2000,3120.88
91,1,2001,3193.56
91,1,2002,3294.07
91,1,2003,3461.31
91,1,2004,3540.46
91,1,2005,3740.27
91,1,2006,3941.84
91,1,2007,3881.61
91,1,2008,3793.65
91,1,2009,3894.86
91,1,2010,3925.15
91,1,2011,3994.89
91,1,2012,4051.5
91,1,2013,4198.09
91,1,2014,4097.42
91,1,2015,3978.33
91,1,2016,4095.43
91,1,2017,4162.69
91,1,2018,4210.29
91,1,2019,4204.12
91,1,2020,4264.11
91,1,2021,4123.42
91,1,2022,4313.11
91,1,2023,4232.91
91,2,1990,550.8
91,2,1991,571.73
91,2,1992,567.69
91,2,1993,599.79
91,2,1994,590.62
91,2,1995,608.18
91,2,1996,603.77
91,2,1997,622.01
91,2,1998,664.15
91,2,1999,701.33
91,2,2000,730.1
91,2,2001,733.01
91,2,2002,785.92
91,2,2003,823.86
91,2,2004,844.58
91,2,2005,917.36
91,2,2006,977.16
91,2,2007,994.38
91,2,2008,1020.36
91,2,2009,1056.21
91,2,2010,1072.16
91,2,2011,1111.01
91,2,2012,1165.76
91,2,2013,1203.01
91,2,2014,1228.07
91,2,2015,1297.5
91,2,2016,1334.42
91,2,2017,1353.56
91,2,2018,1418.82
91,2,2019,1492.21
91,2,2020,1502.86
91,2,2021,1424.58
91,2,2022,1574.62
91,2,2023,1536.88
92,1,1990,16166.92
92,1,1991,16535.36
92,1,1992,16839.39
92,1,1993,17313.62
92,1,1994,17471.85
92,1,1995,18698.66
92,1,1996,18723.52
92,1,1997,18782.11
92,1,1998,19447.45
92,1,1999,20173.67
92,1,2000,20004.15
92,1,2001,20566.06
92,1,2002,20911.62
92,1,2003,21703.07
92,1,2004,22174.82
92,1,2005,21987.61
92,1,2006,22422.87
92,1,2007,23289.72
92,1,2008,23549.34
92,1,2009,24111.55
92,1,2010,22998.49
92,1,2011,23967.67
92,1,2012,24426.42
92,1,2013,24042.89
92,1,2014,23992.55
92,1,2015,23938.99
92,1,2016,23594.56
92,1,2017,23495.14
92,1,2018,23816.77
92,1,2019,23328.13
92,1,2020,23243.58
92,1,2021,22754.58
92,1,2022,24222.13
92,1,2023,23691.4
92,2,1990,1905.86
92,2,1991,1975.22
92,2,1992,1972.75
92,2,1993,2037.18
92,2,1994,2070.7
92,2,1995,2197.95
92,2,1996,2265.43
92,2,1997,2340.73
92,2,1998,2471.53
92,2,1999,2601.16
92,2,2000,2738.88
92,2,2001,2868.76
92,2,2002,3089.92
92,2,2003,3348.07
92,2,2004,3563.45
92,2,2005,3719.52
92,2,2006,3937.37
92,2,2007,4259.16
92,2,2008,4586.14
92,2,2009,4840.94
92,2,2010,5045.58
92,2,2011,5378.72
92,2,2012,5811.42
92,2,2013,6013
92,2,2014,6204.78
92,2,2015,6530.71
92,2,2016,6719.79
92,2,2017,7047.31
92,2,2018,7360.97
92,2,2019,7534.13
92,2,2020,7920.73
92,2,2021,8018.43
92,2,2022,8748.31
92,2,2023,8668.01
93,1,1990,2039.27
93,1,1991,2050.33
93,1,1992,2032
93,1,1993,2007.77
93,1,1994,2003.21
93,1,1995,2033.98
93,1,1996,2029.34
93,1,1997,2053.57
93,1,1998,2074.06
93,1,1999,2093.29
93,1,2000,2058.3
93,1,2001,2062.2
93,1,2002,2077.88
93,1,2003,2115.46
93,1,2004,2161.77
93,1,2005,2204.57
93,1,2006,2206.37
93,1,2007,2171.2
93,1,2008,2218.41
93,1,2009,2229.09
93,1,2010,2268.43
93,1,2011,2297.82
93,1,2012,2264.35
93,1,2013,2207.68
93,1,2014,2201.31
93,1,2015,2181.15
93,1,2016,2190.94
93,1,2017,2177.59
93,1,2018,2115.92
93,1,2019,2038.08
93,1,2020,2020.38
93,1,2021,1922.11
93,1,2022,1908.04
93,1,2023,1965.65
93,2,1990,1056.28
93,2,1991,1113.5
93,2,1992,1151.47
93,2,1993,1166.4
93,2,1994,1184.18
93,2,1995,1291.28
93,2,1996,1359.31
93,2,1997,1394.26
93,2,1998,1417.76
93,2,1999,1483.7
93,2,2000,1548.68
93,2,2001,1644.69
93,2,2002,1681.7
93,2,2003,1709.05
93,2,2004,1828.34
93,2,2005,1907.31
93,2,2006,1975.37
93,2,2007,2042.6
93,2,2008,2075.69
93,2,2009,2097.13
93,2,2010,2138.83
93,2,2011,2177.52
93,2,2012,2224.12
93,2,2013,2285.13
93,2,2014,2325.75
93,2,2015,2315.32
93,2,2016,2341.02
93,2,2017,2398.18
93,2,2018,2359.05
93,2,2019,2322.67
93,2,2020,2299.39
93,2,2021,2280.26
93,2,2022,2338.31
93,2,2023,2385.94
94,1,1990,2527.03
94,1,1991,2506.36
94,1,1992,2489.93
94,1,1993,2492.51
94,1,1994,2483.49
94,1,1995,2632.05
94,1,1996,2643.47
94,1,1997,2634.72
94,1,1998,2660.78
94,1,1999,2639.33
94,1,2000,2667.84
94,1,2001,2686.62
94,1,2002,2635.76
94,1,2003,2666.04
94,1,2004,2674.32
94,1,2005,2666.2
94,1,2006,2656.59
94,1,2007,2704.95
94,1,2008,2753.44
94,1,2009,2745.84
94,1,2010,2701.47
94,1,2011,2744.72
94,1,2012,2706.83
94,1,2013,2744.19
94,1,2014,2795.78
94,1,2015,2790.44
94,1,2016,2741.14
94,1,2017,2734.67
94,1,2018,2753.99
94,1,2019,2655.28
94,1,2020,2629.92
94,1,2021,2684.05
94,1,2022,2884.67
94,1,2023,2716.46
94,2,1990,1074.75
94,2,1991,1097.86
94,2,1992,1155.19
94,2,1993,1199.21
94,2,1994,1155.51
94,2,1995,926.81
94,2,1996,870.44
94,2,1997,872.74
94,2,1998,925.86
94,2,1999,992.23
94,2,2000,1050.97
94,2,2001,1074.6
94,2,2002,1124.06
94,2,2003,1180.5
94,2,2004,1222.52
94,2,2005,1246.98
94,2,2006,1334.3
94,2,2007,1396.5
94,2,2008,1425.6
94,2,2009,1498.66
94,2,2010,1532.92
94,2,2011,1611.72
94,2,2012,1669.57
94,2,2013,1722.56
94,2,2014,1745.16
94,2,2015,1748.85
94,2,2016,1829.41
94,2,2017,1878.18
94,2,2018,1908.9
94,2,2019,1948.23
94,2,2020,1912.85
94,2,2021,1902.51
94,2,2022,2064.04
94,2,2023,1907.15
95,1,1990,31843.9
95,1,1991,31316.59
95,1,1992,30650.7
95,1,1993,30640.72
95,1,1994,29390.13
95,1,1995,29219.7
95,1,1996,28383.52
95,1,1997,27564.63
95,1,1998,27534.09
95,1,1999,27135.74
95,1,2000,26211.81
95,1,2001,25964.72
95,1,2002,25838.15
95,1,2003,25653.14
95,1,2004,25432.06
95,1,2005,24965.32
95,1,2006,25376.16
95,1,2007,25900.09
95,1,2008,26489.27
95,1,2009,26606.42
95,1,2010,25739.89
95,1,2011,26142.64
95,1,2012,26202.11
95,1,2013,26679.68
95,1,2014,26662.31
95,1,2015,26224.23
95,1,2016,26124.88
95,1,2017,26005.28
95,1,2018,25950.68
95,1,2019,25527.66
95,1,2020,25399.6
95,1,2021,24393.9
95,1,2022,24922.89
95,1,2023,26888.13
95,2,1990,15472.14
95,2,1991,15810.04
95,2,1992,16033.12
95,2,1993,16665.59
95,2,1994,16573.67
95,2,1995,17050.55
95,2,1996,17061.51
95,2,1997,17002.32
95,2,1998,17312.65
95,2,1999,17560.16
95,2,2000,17325.71
95,2,2001,17433.01
95,2,2002,17832.96
95,2,2003,18273.4
95,2,2004,18285.36
95,2,2005,18813.16
95,2,2006,19517.96
95,2,2007,20371.55
95,2,2008,21299.56
95,2,2009,21328.34
95,2,2010,21423.28
95,2,2011,21703.09
95,2,2012,22686.68
95,2,2013,22987.77
95,2,2014,23156.34
95,2,2015,23582.68
95,2,2016,23533.63
95,2,2017,23714.09
95,2,2018,23825.01
95,2,2019,23579.63
95,2,2020,23880.66
95,2,2021,23497.54
95,2,2022,24321.32
95,2,2023,26300.38
97,1,1990,8256.9
97,1,1991,8368.49
97,1,1992,8449.61
97,1,1993,8545.14
97,1,1994,8532.09
97,1,1995,8680.43
97,1,1996,8817.8
97,1,1997,8916.62
97,1,1998,9100.87
97,1,1999,9299.22
97,1,2000,8825.13
97,1,2001,8753
97,1,2002,8908.7
97,1,2003,9018.46
97,1,2004,8917.55
97,1,2005,8883.81
97,1,2006,8911.76
97,1,2007,9230.63
97,1,2008,8991.12
97,1,2009,8918.35
97,1,2010,8895.53
97,1,2011,8897.91
97,1,2012,8792.03
97,1,2013,8782.56
97,1,2014,8522.3
97,1,2015,8552.42
97,1,2016,8626.69
97,1,2017,8325.24
97,1,2018,8269.86
97,1,2019,8096.3
97,1,2020,7695.1
97,1,2021,7877.68
97,1,2022,8685.54
97,1,2023,7787.07
97,2,1990,1771.66
97,2,1991,1845.02
97,2,1992,1927.01
97,2,1993,1990.51
97,2,1994,2026.26
97,2,1995,2111.01
97,2,1996,2168.39
97,2,1997,2255.41
97,2,1998,2424.65
97,2,1999,2529.48
97,2,2000,2503.79
97,2,2001,2620.18
97,2,2002,2724.34
97,2,2003,2848.86
97,2,2004,2967.05
97,2,2005,3030.15
97,2,2006,3127.46
97,2,2007,3324.06
97,2,2008,3361.49
97,2,2009,3459.48
97,2,2010,3643.66
97,2,2011,3780.48
97,2,2012,3836.46
97,2,2013,4008.22
97,2,2014,4056.68
97,2,2015,4090.94
97,2,2016,4243.52
97,2,2017,4207.81
97,2,2018,4193.46
97,2,2019,4288.41
97,2,2020,4116.26
97,2,2021,4481.16
97,2,2022,4808.49
97,2,2023,4661.07
98,1,1990,1336.51
98,1,1991,1376.45
98,1,1992,1373.26
98,1,1993,1381.95
98,1,1994,1396.12
98,1,1995,1449.78
98,1,1996,1491.01
98,1,1997,1460.1
98,1,1998,1481.31
98,1,1999,1511.27
98,1,2000,1497.72
98,1,2001,1571.34
98,1,2002,1582.86
98,1,2003,1592.85
98,1,2004,1694.16
98,1,2005,1727.9
98,1,2006,1767.14
98,1,2007,1797.92
98,1,2008,1785.63
98,1,2009,1878.7
98,1,2010,1985.63
98,1,2011,2046.37
98,1,2012,2017.57
98,1,2013,2104.76
98,1,2014,2110.61
98,1,2015,2145.25
98,1,2016,2172.84
98,1,2017,2194.68
98,1,2018,2237.6
98,1,2019,2254.15
98,1,2020,2219.45
98,1,2021,2254.34
98,1,2022,2392.19
98,1,2023,2299.16
98,2,1990,507.88
98,2,1991,520.04
98,2,1992,546.62
98,2,1993,584.86
98,2,1994,586.61
98,2,1995,614.94
98,2,1996,649.49
98,2,1997,669.71
98,2,1998,678.44
98,2,1999,715.04
98,2,2000,725.19
98,2,2001,774.9
98,2,2002,805.44
98,2,2003,829.41
98,2,2004,887.69
98,2,2005,947.66
98,2,2006,990.61
98,2,2007,1046.91
98,2,2008,1065.49
98,2,2009,1120.83
98,2,2010,1190.75
98,2,2011,1277.7
98,2,2012,1357.28
98,2,2013,1401.12
98,2,2014,1429.08
98,2,2015,1457.58
98,2,2016,1489.27
98,2,2017,1567.39
98,2,2018,1579.17
98,2,2019,1640.33
98,2,2020,1587.45
98,2,2021,1651.7
98,2,2022,1792.09
98,2,2023,1817.93
99,1,1990,1425.28
99,1,1991,1408.18
99,1,1992,1377.91
99,1,1993,1396.93
99,1,1994,1409.09
99,1,1995,1453.28
99,1,1996,1405.82
99,1,1997,1353.08
99,1,1998,1351.18
99,1,1999,1349.95
99,1,2000,1320.06
99,1,2001,1326.34
99,1,2002,1325.05
99,1,2003,1321.27
99,1,2004,1266.21
99,1,2005,1274.02
99,1,2006,1290
99,1,2007,1276.97
99,1,2008,1275.16
99,1,2009,1294.94
99,1,2010,1294.76
99,1,2011,1292.49
99,1,2012,1257.17
99,1,2013,1275.65
99,1,2014,1273.38
99,1,2015,1255.11
99,1,2016,1257.72
99,1,2017,1284.44
99,1,2018,1296.76
99,1,2019,1267.87
99,1,2020,1213.4
99,1,2021,1291.91
99,1,2022,1470.36
99,1,2023,1320.15
99,2,1990,182.49
99,2,1991,187.79
99,2,1992,200.92
99,2,1993,210.3
99,2,1994,211.48
99,2,1995,217.23
99,2,1996,221.28
99,2,1997,232.89
99,2,1998,236.29
99,2,1999,236.31
99,2,2000,240.93
99,2,2001,249.01
99,2,2002,261.26
99,2,2003,276.64
99,2,2004,281.57
99,2,2005,283.28
99,2,2006,291.83
99,2,2007,321.03
99,2,2008,346.19
99,2,2009,341.21
99,2,2010,361.73
99,2,2011,379.6
99,2,2012,386.02
99,2,2013,404.2
99,2,2014,421.14
99,2,2015,440.41
99,2,2016,458.03
99,2,2017,458.12
99,2,2018,486.64
99,2,2019,510.72
99,2,2020,512.21
99,2,2021,565.92
99,2,2022,642.47
99,2,2023,607.27
101,1,1990,11719.12
101,1,1991,11744.55
101,1,1992,11803.05
101,1,1993,12004.5
101,1,1994,11848.38
101,1,1995,12417.73
101,1,1996,12445.62
101,1,1997,12525.87
101,1,1998,12764.23
101,1,1999,12975.7
101,1,2000,12820.08
101,1,2001,13016.01
101,1,2002,13350.77
101,1,2003,13554.03
101,1,2004,13849.46
101,1,2005,13363.82
101,1,2006,13705.11
101,1,2007,14112.91
101,1,2008,14362.52
101,1,2009,14944.51
101,1,2010,13640.36
101,1,2011,14126.21
101,1,2012,14393.3
101,1,2013,14343.03
101,1,2014,14882.53
101,1,2015,14006.92
101,1,2016,14092.9
101,1,2017,14353.04
101,1,2018,14355.44
101,1,2019,14200.03
101,1,2020,14155.87
101,1,2021,14131.33
101,1,2022,14296.46
101,1,2023,15388.61
101,2,1990,5664.27
101,2,1991,6030.02
101,2,1992,6286.73
101,2,1993,6748.49
101,2,1994,7000.1
101,2,1995,7430.13
101,2,1996,7866
101,2,1997,8169.03
101,2,1998,8641.46
101,2,1999,9005.51
101,2,2000,9356.78
101,2,2001,9686.9
101,2,2002,10172.34
101,2,2003,10509.26
101,2,2004,11025.31
101,2,2005,11143.5
101,2,2006,11636.29
101,2,2007,12045.62
101,2,2008,12490.49
101,2,2009,12885.32
101,2,2010,12594.74
101,2,2011,12901.88
101,2,2012,13146.45
101,2,2013,13384.1
101,2,2014,13689.35
101,2,2015,13496.82
101,2,2016,13692.83
101,2,2017,13741.86
101,2,2018,13766.44
101,2,2019,13646.76
101,2,2020,13712.17
101,2,2021,13868.26
101,2,2022,14216.28
101,2,2023,14610.46
102,1,1990,118673.15
102,1,1991,118880.21
102,1,1992,118777.79
102,1,1993,121085
102,1,1994,119485.03
102,1,1995,121461.99
102,1,1996,121291.65
102,1,1997,121091.87
102,1,1998,121776.42
102,1,1999,122812.92
102,1,2000,122543.55
102,1,2001,122195.47
102,1,2002,122870.25
102,1,2003,123187.77
102,1,2004,122799.66
102,1,2005,121484.13
102,1,2006,121145.94
102,1,2007,120579.16
102,1,2008,122521.2
102,1,2009,122373.89
102,1,2010,118543.69
102,1,2011,119373.7
102,1,2012,119177.5
102,1,2013,119150.61
102,1,2014,118309.26
102,1,2015,114574.58
102,1,2016,111442.15
102,1,2017,109822.82
102,1,2018,107129.18
102,1,2019,105241.44
102,1,2020,105899.35
102,1,2021,103344.41
102,1,2022,103265.63
102,1,2023,100115.21
102,2,1990,68920.82
102,2,1991,71474.61
102,2,1992,74066.78
102,2,1993,77382.3
102,2,1994,78642.85
102,2,1995,81654.92
102,2,1996,83617.6
102,2,1997,85723.53
102,2,1998,88099.03
102,2,1999,90691.78
102,2,2000,93015.89
102,2,2001,94246.78
102,2,2002,96372.38
102,2,2003,97659.64
102,2,2004,97839.74
102,2,2005,98625.33
102,2,2006,99157.54
102,2,2007,100043.33
102,2,2008,102301.09
102,2,2009,102324.15
102,2,2010,101361.7
102,2,2011,102151.24
102,2,2012,102550.48
102,2,2013,103033.95
102,2,2014,102586.75
102,2,2015,101066.7
102,2,2016,98872.93
102,2,2017,98103.13
102,2,2018,96081.61
102,2,2019,94420.24
102,2,2020,95090.02
102,2,2021,93999.89
102,2,2022,95829.58
102,2,2023,96312.95
105,1,1990,4.16
105,1,1991,3.94
105,1,1992,3.9
105,1,1993,3.62
105,1,1994,3.79
105,1,1995,3.82
105,1,1996,3.78
105,1,1997,3.7
105,1,1998,3.75
105,1,1999,3.84
105,1,2000,3.87
105,1,2001,3.9
105,1,2002,4.05
105,1,2003,4.22
105,1,2004,4.14
105,1,2005,4.28
105,1,2006,4.4
105,1,2007,4.63
105,1,2008,4.65
105,1,2009,4.74
105,1,2010,4.6
105,1,2011,4.59
105,1,2012,4.76
105,1,2013,4.78
105,1,2014,4.73
105,1,2015,4.97
105,1,2016,5.2
105,1,2017,5.07
105,1,2018,5.06
105,1,2019,4.77
105,1,2020,4.85
105,1,2021,4.46
105,1,2022,4.61
105,1,2023,4.63
105,2,1990,1.41
105,2,1991,1.43
105,2,1992,1.43
105,2,1993,1.34
105,2,1994,1.32
105,2,1995,1.42
105,2,1996,1.55
105,2,1997,1.57
105,2,1998,1.53
105,2,1999,1.56
105,2,2000,1.67
105,2,2001,1.73
105,2,2002,1.82
105,2,2003,1.87
105,2,2004,1.9
105,2,2005,2
105,2,2006,2.03
105,2,2007,2.1
105,2,2008,2.16
105,2,2009,2.18
105,2,2010,2.27
105,2,2011,2.33
105,2,2012,2.42
105,2,2013,2.5
105,2,2014,2.55
105,2,2015,2.6
105,2,2016,2.73
105,2,2017,2.86
105,2,2018,3.02
105,2,2019,3.13
105,2,2020,3.07
105,2,2021,2.88
105,2,2022,3.06
105,2,2023,3.3
106,1,1990,20.01
106,1,1991,18.74
106,1,1992,18.87
106,1,1993,19.19
106,1,1994,21.56
106,1,1995,23.04
106,1,1996,22.8
106,1,1997,22.25
106,1,1998,22.64
106,1,1999,23.41
106,1,2000,24.83
106,1,2001,25.45
106,1,2002,28.14
106,1,2003,29.67
106,1,2004,29.11
106,1,2005,29.53
106,1,2006,30.9
106,1,2007,31.73
106,1,2008,32.34
106,1,2009,33.33
106,1,2010,34.07
106,1,2011,34.52
106,1,2012,33.3
106,1,2013,33.45
106,1,2014,34.19
106,1,2015,35.57
106,1,2016,36.54
106,1,2017,37.75
106,1,2018,39.23
106,1,2019,42.38
106,1,2020,46.12
106,1,2021,59.1
106,1,2022,47.68
106,1,2023,45.17
106,2,1990,6.15
106,2,1991,5.81
106,2,1992,5.88
106,2,1993,6.05
106,2,1994,6.13
106,2,1995,6.58
106,2,1996,6.95
106,2,1997,7.28
106,2,1998,7.62
106,2,1999,8.32
106,2,2000,9.26
106,2,2001,9.36
106,2,2002,9.9
106,2,2003,10.77
106,2,2004,10.97
106,2,2005,11.71
106,2,2006,12.24
106,2,2007,12.81
106,2,2008,13.71
106,2,2009,14.7
106,2,2010,15.35
106,2,2011,15.88
106,2,2012,15.99
106,2,2013,16.5
106,2,2014,16.76
106,2,2015,17.28
106,2,2016,18.03
106,2,2017,18.67
106,2,2018,19.38
106,2,2019,21.41
106,2,2020,21.38
106,2,2021,27.14
106,2,2022,23.23
106,2,2023,23.28
107,1,1990,21.62
107,1,1991,21.47
107,1,1992,21.98
107,1,1993,21.59
107,1,1994,21.01
107,1,1995,21.08
107,1,1996,20.97
107,1,1997,20.94
107,1,1998,20.52
107,1,1999,20.36
107,1,2000,20.47
107,1,2001,20.15
107,1,2002,20.89
107,1,2003,22.23
107,1,2004,22.8
107,1,2005,23.27
107,1,2006,23.66
107,1,2007,24.27
107,1,2008,24.68
107,1,2009,24.42
107,1,2010,23.56
107,1,2011,23.8
107,1,2012,24.61
107,1,2013,24.98
107,1,2014,25.92
107,1,2015,27.35
107,1,2016,28.37
107,1,2017,28.76
107,1,2018,29.5
107,1,2019,30.39
107,1,2020,32.34
107,1,2021,33.91
107,1,2022,35.56
107,1,2023,33.15
107,2,1990,7.77
107,2,1991,7.95
107,2,1992,8.31
107,2,1993,7.6
107,2,1994,7.16
107,2,1995,7.39
107,2,1996,7.46
107,2,1997,7.68
107,2,1998,8.14
107,2,1999,8.4
107,2,2000,8.61
107,2,2001,8.68
107,2,2002,9.45
107,2,2003,9.56
107,2,2004,9.61
107,2,2005,10.08
107,2,2006,10.13
107,2,2007,10.58
107,2,2008,11.02
107,2,2009,11.75
107,2,2010,12.17
107,2,2011,12.92
107,2,2012,12.96
107,2,2013,13.39
107,2,2014,13.83
107,2,2015,14.31
107,2,2016,14.85
107,2,2017,15.33
107,2,2018,15.84
107,2,2019,16.51
107,2,2020,17.31
107,2,2021,18.4
107,2,2022,19.23
107,2,2023,20.07
108,1,1990,7.71
108,1,1991,7.68
108,1,1992,7.68
108,1,1993,7.8
108,1,1994,8.53
108,1,1995,9.88
108,1,1996,10.59
108,1,1997,11.1
108,1,1998,12.17
108,1,1999,13.06
108,1,2000,13.92
108,1,2001,14.57
108,1,2002,15.67
108,1,2003,15.48
108,1,2004,15.08
108,1,2005,15.35
108,1,2006,16.08
108,1,2007,16.64
108,1,2008,17.02
108,1,2009,17.42
108,1,2010,17.18
108,1,2011,18.75
108,1,2012,18.78
108,1,2013,19.81
108,1,2014,20.46
108,1,2015,21.38
108,1,2016,21.74
108,1,2017,22.36
108,1,2018,23.02
108,1,2019,23.48
108,1,2020,24.94
108,1,2021,24.85
108,1,2022,24.32
108,1,2023,26.39
108,2,1990,2.16
108,2,1991,2.2
108,2,1992,2.19
108,2,1993,2.23
108,2,1994,2.3
108,2,1995,2.48
108,2,1996,2.83
108,2,1997,3.16
108,2,1998,3.32
108,2,1999,3.51
108,2,2000,3.91
108,2,2001,4.09
108,2,2002,4.51
108,2,2003,4.73
108,2,2004,4.88
108,2,2005,5.27
108,2,2006,5.78
108,2,2007,6
108,2,2008,6.34
108,2,2009,6.59
108,2,2010,6.86
108,2,2011,7.13
108,2,2012,7.4
108,2,2013,7.59
108,2,2014,7.79
108,2,2015,8.31
108,2,2016,8.75
108,2,2017,9.11
108,2,2018,9.5
108,2,2019,10.03
108,2,2020,10.39
108,2,2021,10.97
108,2,2022,10.81
108,2,2023,11.58
109,1,1990,2482.21
109,1,1991,2521.37
109,1,1992,2526.74
109,1,1993,2471.1
109,1,1994,2511.07
109,1,1995,2631.62
109,1,1996,2687.38
109,1,1997,2646.3
109,1,1998,2678.9
109,1,1999,2691.22
109,1,2000,2788.58
109,1,2001,2824.42
109,1,2002,3010.39
109,1,2003,3159.18
109,1,2004,3260.03
109,1,2005,3276.39
109,1,2006,3383.24
109,1,2007,3515.82
109,1,2008,3611.24
109,1,2009,3687.63
109,1,2010,3561
109,1,2011,3607.68
109,1,2012,3623.32
109,1,2013,3696.4
109,1,2014,3844.12
109,1,2015,3902.6
109,1,2016,3916.87
109,1,2017,3967.66
109,1,2018,3982.63
109,1,2019,3856.97
109,1,2020,3875.82
109,1,2021,4058.9
109,1,2022,3329.66
109,1,2023,3473.76
109,2,1990,970.75
109,2,1991,997.32
109,2,1992,1052.84
109,2,1993,1030.22
109,2,1994,1001.76
109,2,1995,1065.61
109,2,1996,1119.98
109,2,1997,1155.01
109,2,1998,1174.62
109,2,1999,1215.89
109,2,2000,1324.62
109,2,2001,1360.63
109,2,2002,1461.08
109,2,2003,1539.49
109,2,2004,1631.1
109,2,2005,1711.49
109,2,2006,1804.38
109,2,2007,1895.28
109,2,2008,2015.69
109,2,2009,2097.55
109,2,2010,2116.23
109,2,2011,2144.68
109,2,2012,2178.57
109,2,2013,2257.15
109,2,2014,2347.8
109,2,2015,2346.83
109,2,2016,2429.48
109,2,2017,2486.27
109,2,2018,2524.96
109,2,2019,2571.93
109,2,2020,2601.91
109,2,2021,2856.21
109,2,2022,2396.25
109,2,2023,2553.42
110,1,1990,5.59
110,1,1991,5.73
110,1,1992,5.89
110,1,1993,6.05
110,1,1994,6.15
110,1,1995,6.49
110,1,1996,6.52
110,1,1997,6.39
110,1,1998,6.55
110,1,1999,6.49
110,1,2000,6.82
110,1,2001,6.89
110,1,2002,6.98
110,1,2003,7.08
110,1,2004,7.18
110,1,2005,7.26
110,1,2006,7.41
110,1,2007,7.41
110,1,2008,7.58
110,1,2009,7.63
110,1,2010,7.92
110,1,2011,8.06
110,1,2012,8.15
110,1,2013,8.22
110,1,2014,8.32
110,1,2015,8.69
110,1,2016,8.81
110,1,2017,8.76
110,1,2018,8.86
110,1,2019,9.07
110,1,2020,9.62
110,1,2021,9.79
110,1,2022,9.68
110,1,2023,10.12
110,2,1990,2.37
110,2,1991,2.41
110,2,1992,2.42
110,2,1993,2.45
110,2,1994,2.46
110,2,1995,2.51
110,2,1996,2.51
110,2,1997,2.5
110,2,1998,2.53
110,2,1999,2.57
110,2,2000,2.66
110,2,2001,2.73
110,2,2002,2.83
110,2,2003,2.96
110,2,2004,3
110,2,2005,3
110,2,2006,3.09
110,2,2007,3.18
110,2,2008,3.32
110,2,2009,3.44
110,2,2010,3.51
110,2,2011,3.5
110,2,2012,3.63
110,2,2013,3.64
110,2,2014,3.66
110,2,2015,3.82
110,2,2016,3.9
110,2,2017,3.85
110,2,2018,3.87
110,2,2019,3.98
110,2,2020,4.16
110,2,2021,4.14
110,2,2022,4.17
110,2,2023,4.44
111,1,1990,350.31
111,1,1991,357.61
111,1,1992,364.43
111,1,1993,370.52
111,1,1994,377.06
111,1,1995,383.95
111,1,1996,396.86
111,1,1997,405.88
111,1,1998,415.67
111,1,1999,429.9
111,1,2000,447.63
111,1,2001,467.22
111,1,2002,479.09
111,1,2003,486.34
111,1,2004,490.38
111,1,2005,496.48
111,1,2006,507.94
111,1,2007,524.67
111,1,2008,542.63
111,1,2009,562.92
111,1,2010,584.22
111,1,2011,610.7
111,1,2012,628.14
111,1,2013,636.04
111,1,2014,645.7
111,1,2015,677.37
111,1,2016,708.47
111,1,2017,740.93
111,1,2018,780.64
111,1,2019,829.16
111,1,2020,944.13
111,1,2021,971.42
111,1,2022,1014.96
111,1,2023,1042.11
111,2,1990,170.37
111,2,1991,173.48
111,2,1992,176.12
111,2,1993,177.78
111,2,1994,182.95
111,2,1995,188.74
111,2,1996,195.06
111,2,1997,199.79
111,2,1998,204.91
111,2,1999,214.9
111,2,2000,228.27
111,2,2001,245.96
111,2,2002,259.5
111,2,2003,268.31
111,2,2004,276.12
111,2,2005,282.04
111,2,2006,291.44
111,2,2007,306.64
111,2,2008,325.88
111,2,2009,345.31
111,2,2010,364.06
111,2,2011,384.25
111,2,2012,399.17
111,2,2013,409.16
111,2,2014,423.23
111,2,2015,451.55
111,2,2016,480.3
111,2,2017,509.49
111,2,2018,537.38
111,2,2019,561.73
111,2,2020,581.33
111,2,2021,625.93
111,2,2022,668.59
111,2,2023,710.09
112,1,1990,7.17
112,1,1991,6.55
112,1,1992,6.6
112,1,1993,6.63
112,1,1994,6.85
112,1,1995,7.15
112,1,1996,7.18
112,1,1997,7.54
112,1,1998,7.74
112,1,1999,7.54
112,1,2000,7.93
112,1,2001,8.17
112,1,2002,8.68
112,1,2003,9.2
112,1,2004,9.23
112,1,2005,9.32
112,1,2006,9.84
112,1,2007,9.77
112,1,2008,9.75
112,1,2009,9.52
112,1,2010,9.44
112,1,2011,9.67
112,1,2012,9.82
112,1,2013,10.03
112,1,2014,10.38
112,1,2015,10.32
112,1,2016,10.39
112,1,2017,10.08
112,1,2018,10.34
112,1,2019,10.35
112,1,2020,10.39
112,1,2021,9.77
112,1,2022,9.03
112,1,2023,9.03
112,2,1990,2.66
112,2,1991,2.58
112,2,1992,2.45
112,2,1993,2.32
112,2,1994,2.33
112,2,1995,2.47
112,2,1996,2.61
112,2,1997,2.68
112,2,1998,2.78
112,2,1999,2.76
112,2,2000,2.86
112,2,2001,2.91
112,2,2002,3.09
112,2,2003,3.24
112,2,2004,3.23
112,2,2005,3.35
112,2,2006,3.57
112,2,2007,3.72
112,2,2008,3.81
112,2,2009,3.9
112,2,2010,3.98
112,2,2011,4.14
112,2,2012,4.25
112,2,2013,4.19
112,2,2014,4.15
112,2,2015,4.12
112,2,2016,4.35
112,2,2017,4.26
112,2,2018,4.44
112,2,2019,4.7
112,2,2020,4.64
112,2,2021,4.54
112,2,2022,4.8
112,2,2023,5.09
113,1,1990,19.93
113,1,1991,19.19
113,1,1992,18.5
113,1,1993,18.07
113,1,1994,17.64
113,1,1995,17.49
113,1,1996,18.43
113,1,1997,18.37
113,1,1998,18.83
113,1,1999,21.09
113,1,2000,26.29
113,1,2001,23.68
113,1,2002,21.95
113,1,2003,22.21
113,1,2004,21.97
113,1,2005,22.46
113,1,2006,22.8
113,1,2007,23.24
113,1,2008,23.51
113,1,2009,25.2
113,1,2010,24.74
113,1,2011,24.84
113,1,2012,25.1
113,1,2013,26.6
113,1,2014,26.38
113,1,2015,26.11
113,1,2016,25.84
113,1,2017,25.35
113,1,2018,26.08
113,1,2019,24.65
113,1,2020,29.38
113,1,2021,32
113,1,2022,33.72
113,1,2023,38.5
113,2,1990,7.85
113,2,1991,7.86
113,2,1992,7.7
113,2,1993,7.67
113,2,1994,7.76
113,2,1995,8.12
113,2,1996,8.48
113,2,1997,8.66
113,2,1998,8.53
113,2,1999,9.02
113,2,2000,11.1
113,2,2001,10.75
113,2,2002,11.09
113,2,2003,11.02
113,2,2004,11.02
113,2,2005,11.5
113,2,2006,12.55
113,2,2007,12.86
113,2,2008,13.36
113,2,2009,13.91
113,2,2010,14.2
113,2,2011,14.92
113,2,2012,15.12
113,2,2013,15.42
113,2,2014,16.04
113,2,2015,16.29
113,2,2016,16.02
113,2,2017,15.84
113,2,2018,16.79
113,2,2019,17.95
113,2,2020,21.45
113,2,2021,24.33
113,2,2022,26.65
113,2,2023,31.32
114,1,1990,170.89
114,1,1991,171.95
114,1,1992,182.42
114,1,1993,191.68
114,1,1994,190.02
114,1,1995,198.94
114,1,1996,203.95
114,1,1997,215.3
114,1,1998,209.82
114,1,1999,217.35
114,1,2000,223.02
114,1,2001,229.75
114,1,2002,233.65
114,1,2003,238.33
114,1,2004,244.6
114,1,2005,243.89
114,1,2006,247.3
114,1,2007,254.99
114,1,2008,260.33
114,1,2009,264.94
114,1,2010,263.01
114,1,2011,269.33
114,1,2012,280.35
114,1,2013,294.51
114,1,2014,306.03
114,1,2015,315.59
114,1,2016,327.88
114,1,2017,338.75
114,1,2018,353.79
114,1,2019,371.07
114,1,2020,385.13
114,1,2021,417.87
114,1,2022,448.27
114,1,2023,475.15
114,2,1990,78.04
114,2,1991,77.38
114,2,1992,81.27
114,2,1993,83.1
114,2,1994,82.49
114,2,1995,85.56
114,2,1996,87.22
114,2,1997,92.05
114,2,1998,89.81
114,2,1999,93.67
114,2,2000,95.56
114,2,2001,98.82
114,2,2002,101.05
114,2,2003,104.41
114,2,2004,108.57
114,2,2005,110.22
114,2,2006,113.94
114,2,2007,119.69
114,2,2008,123.98
114,2,2009,128.17
114,2,2010,129.53
114,2,2011,134.53
114,2,2012,142.78
114,2,2013,152.49
114,2,2014,159.35
114,2,2015,166.44
114,2,2016,175.66
114,2,2017,185.3
114,2,2018,197.99
114,2,2019,211.48
114,2,2020,217.23
114,2,2021,240.19
114,2,2022,267.07
114,2,2023,286.55
115,1,1990,239.58
115,1,1991,247.25
115,1,1992,246.18
115,1,1993,251.81
115,1,1994,260.72
115,1,1995,275.36
115,1,1996,283.63
115,1,1997,293.35
115,1,1998,309.6
115,1,1999,317.06
115,1,2000,336.53
115,1,2001,339.84
115,1,2002,327.77
115,1,2003,329.08
115,1,2004,316.35
115,1,2005,309.31
115,1,2006,322.12
115,1,2007,331.3
115,1,2008,368.86
115,1,2009,335.32
115,1,2010,329.57
115,1,2011,326.02
115,1,2012,353.77
115,1,2013,358.79
115,1,2014,360.37
115,1,2015,385.1
115,1,2016,400.99
115,1,2017,417.47
115,1,2018,427.33
115,1,2019,433.04
115,1,2020,447.74
115,1,2021,469.99
115,1,2022,459.7
115,1,2023,436.71
115,2,1990,63.3
115,2,1991,66.41
115,2,1992,67.22
115,2,1993,68.59
115,2,1994,70.5
115,2,1995,72.66
115,2,1996,72.27
115,2,1997,73.81
115,2,1998,76.83
115,2,1999,79.5
115,2,2000,83.69
115,2,2001,85.35
115,2,2002,86.37
115,2,2003,88.08
115,2,2004,90.67
115,2,2005,90.37
115,2,2006,95.94
115,2,2007,97.7
115,2,2008,98.8
115,2,2009,97.8
115,2,2010,102.67
115,2,2011,109.95
115,2,2012,108.9
115,2,2013,117.79
115,2,2014,121.01
115,2,2015,123.76
115,2,2016,126.9
115,2,2017,129.16
115,2,2018,131.89
115,2,2019,135.37
115,2,2020,138.57
115,2,2021,146.35
115,2,2022,146.69
115,2,2023,153.52
116,1,1990,8.93
116,1,1991,9.04
116,1,1992,8.73
116,1,1993,8.2
116,1,1994,8.26
116,1,1995,8.93
116,1,1996,9.2
116,1,1997,9.02
116,1,1998,9.24
116,1,1999,9.47
116,1,2000,9.72
116,1,2001,9.76
116,1,2002,10.11
116,1,2003,10.83
116,1,2004,11.15
116,1,2005,11.37
116,1,2006,11.62
116,1,2007,12.05
116,1,2008,12.5
116,1,2009,12.35
116,1,2010,12.6
116,1,2011,12.67
116,1,2012,12.95
116,1,2013,13.49
116,1,2014,13.34
116,1,2015,13.81
116,1,2016,13.56
116,1,2017,13.51
116,1,2018,13.54
116,1,2019,12.95
116,1,2020,13.63
116,1,2021,14.28
116,1,2022,14.06
116,1,2023,14.4
116,2,1990,3.71
116,2,1991,3.85
116,2,1992,3.92
116,2,1993,3.78
116,2,1994,3.66
116,2,1995,3.82
116,2,1996,3.92
116,2,1997,3.99
116,2,1998,3.96
116,2,1999,4.09
116,2,2000,4.34
116,2,2001,4.44
116,2,2002,4.78
116,2,2003,4.93
116,2,2004,5.07
116,2,2005,5.02
116,2,2006,5.23
116,2,2007,5.4
116,2,2008,5.67
116,2,2009,5.59
116,2,2010,5.84
116,2,2011,6.1
116,2,2012,6.29
116,2,2013,6.37
116,2,2014,6.43
116,2,2015,6.65
116,2,2016,6.72
116,2,2017,6.58
116,2,2018,6.89
116,2,2019,7.09
116,2,2020,7.35
116,2,2021,7.95
116,2,2022,8.23
116,2,2023,8.99
117,1,1990,5.17
117,1,1991,5.3
117,1,1992,5.24
117,1,1993,4.88
117,1,1994,4.83
117,1,1995,5.15
117,1,1996,4.98
117,1,1997,4.95
117,1,1998,5.22
117,1,1999,5.4
117,1,2000,5.6
117,1,2001,5.76
117,1,2002,5.91
117,1,2003,6.13
117,1,2004,6.1
117,1,2005,6.01
117,1,2006,6.28
117,1,2007,6.5
117,1,2008,6.57
117,1,2009,6.9
117,1,2010,6.9
117,1,2011,7.08
117,1,2012,7.51
117,1,2013,7.75
117,1,2014,7.53
117,1,2015,8.02
117,1,2016,8.1
117,1,2017,8.22
117,1,2018,8.45
117,1,2019,8.66
117,1,2020,8.62
117,1,2021,7.47
117,1,2022,7.62
117,1,2023,7.43
117,2,1990,2.46
117,2,1991,2.57
117,2,1992,2.57
117,2,1993,2.43
117,2,1994,2.44
117,2,1995,2.52
117,2,1996,2.49
117,2,1997,2.64
117,2,1998,2.66
117,2,1999,2.69
117,2,2000,2.92
117,2,2001,2.96
117,2,2002,3.23
117,2,2003,3.31
117,2,2004,3.34
117,2,2005,3.44
117,2,2006,3.47
117,2,2007,3.52
117,2,2008,3.66
117,2,2009,3.8
117,2,2010,4.01
117,2,2011,4.33
117,2,2012,4.49
117,2,2013,4.58
117,2,2014,4.51
117,2,2015,4.57
117,2,2016,4.69
117,2,2017,4.76
117,2,2018,4.96
117,2,2019,5.37
117,2,2020,5.17
117,2,2021,4.55
117,2,2022,4.81
117,2,2023,5.19
118,1,1990,25.09
118,1,1991,25.42
118,1,1992,25.86
118,1,1993,25.15
118,1,1994,26.37
118,1,1995,29.96
118,1,1996,30.96
118,1,1997,31.23
118,1,1998,31.39
118,1,1999,31.83
118,1,2000,32.39
118,1,2001,33.62
118,1,2002,34.92
118,1,2003,35.5
118,1,2004,36.72
118,1,2005,37.69
118,1,2006,39.32
118,1,2007,40.65
118,1,2008,41.99
118,1,2009,43.39
118,1,2010,43.19
118,1,2011,44.53
118,1,2012,46.84
118,1,2013,47.96
118,1,2014,49.39
118,1,2015,49.12
118,1,2016,49.92
118,1,2017,50.8
118,1,2018,51.62
118,1,2019,52.75
118,1,2020,53.72
118,1,2021,61.41
118,1,2022,52.7
118,1,2023,52.48
118,2,1990,9.35
118,2,1991,9.51
118,2,1992,9.82
118,2,1993,10.02
118,2,1994,10.46
118,2,1995,10.99
118,2,1996,11.66
118,2,1997,12.16
118,2,1998,12.53
118,2,1999,12.87
118,2,2000,12.82
118,2,2001,13.26
118,2,2002,14.2
118,2,2003,15.04
118,2,2004,15.88
118,2,2005,16.71
118,2,2006,17.83
118,2,2007,18.9
118,2,2008,19.86
118,2,2009,20.9
118,2,2010,21.99
118,2,2011,23.33
118,2,2012,24.74
118,2,2013,25.58
118,2,2014,26.44
118,2,2015,27.25
118,2,2016,28
118,2,2017,28.72
118,2,2018,29.58
118,2,2019,30.85
118,2,2020,31.7
118,2,2021,35.85
118,2,2022,33.52
118,2,2023,34.43
119,1,1990,79.61
119,1,1991,81.1
119,1,1992,84.38
119,1,1993,79.28
119,1,1994,76.85
119,1,1995,84.89
119,1,1996,86.85
119,1,1997,86.23
119,1,1998,89.43
119,1,1999,90.97
119,1,2000,97.3
119,1,2001,98.71
119,1,2002,100.51
119,1,2003,103.89
119,1,2004,105.43
119,1,2005,104.24
119,1,2006,109.37
119,1,2007,109.86
119,1,2008,111.74
119,1,2009,117.54
119,1,2010,117.31
119,1,2011,117.02
119,1,2012,121.72
119,1,2013,125.74
119,1,2014,131.06
119,1,2015,131.69
119,1,2016,133.44
119,1,2017,137.5
119,1,2018,139.01
119,1,2019,145.48
119,1,2020,155.21
119,1,2021,176.1
119,1,2022,172.33
119,1,2023,158.88
119,2,1990,23.41
119,2,1991,25.16
119,2,1992,25.79
119,2,1993,24.82
119,2,1994,24.09
119,2,1995,26.05
119,2,1996,26.51
119,2,1997,28.01
119,2,1998,27.69
119,2,1999,28.24
119,2,2000,29.42
119,2,2001,30.29
119,2,2002,31.93
119,2,2003,32.83
119,2,2004,31.86
119,2,2005,33.36
119,2,2006,35.31
119,2,2007,37.62
119,2,2008,39.07
119,2,2009,39.83
119,2,2010,41.32
119,2,2011,42.77
119,2,2012,42.52
119,2,2013,44.2
119,2,2014,46.05
119,2,2015,46.09
119,2,2016,47.15
119,2,2017,48.6
119,2,2018,50.06
119,2,2019,51.8
119,2,2020,53.41
119,2,2021,57.23
119,2,2022,58.45
119,2,2023,62.43
121,1,1990,227.37
121,1,1991,238.18
121,1,1992,250.01
121,1,1993,262.59
121,1,1994,277.1
121,1,1995,288.44
121,1,1996,304.27
121,1,1997,314.5
121,1,1998,326.68
121,1,1999,341.31
121,1,2000,354.65
121,1,2001,373.6
121,1,2002,392.83
121,1,2003,413.51
121,1,2004,436.09
121,1,2005,460.62
121,1,2006,478.5
121,1,2007,491.17
121,1,2008,502.82
121,1,2009,513.19
121,1,2010,530.77
121,1,2011,551.67
121,1,2012,579.04
121,1,2013,605.78
121,1,2014,634.45
121,1,2015,661.28
121,1,2016,694.32
121,1,2017,723.9
121,1,2018,761.63
121,1,2019,800.6
121,1,2020,1215.35
121,1,2021,1123.7
121,1,2022,907.88
121,1,2023,910.02
121,2,1990,99.04
121,2,1991,104.08
121,2,1992,109.2
121,2,1993,114.85
121,2,1994,121.63
121,2,1995,129.62
121,2,1996,139.08
121,2,1997,147.27
121,2,1998,157.39
121,2,1999,167.3
121,2,2000,177.28
121,2,2001,188.12
121,2,2002,197.47
121,2,2003,209.62
121,2,2004,223.09
121,2,2005,235.81
121,2,2006,248.86
121,2,2007,257.91
121,2,2008,267.95
121,2,2009,278.14
121,2,2010,291.6
121,2,2011,308.28
121,2,2012,326.21
121,2,2013,343.07
121,2,2014,357.67
121,2,2015,377.08
121,2,2016,401.36
121,2,2017,423.36
121,2,2018,449.87
121,2,2019,476.04
121,2,2020,492.86
121,2,2021,490.54
121,2,2022,526.69
121,2,2023,547.39
122,1,1990,343.69
122,1,1991,364.14
122,1,1992,387.23
122,1,1993,405.24
122,1,1994,418.37
122,1,1995,456.47
122,1,1996,462.94
122,1,1997,476.25
122,1,1998,481.67
122,1,1999,461.1
122,1,2000,499.47
122,1,2001,537.99
122,1,2002,576.57
122,1,2003,576.25
122,1,2004,585.9
122,1,2005,613.29
122,1,2006,624.89
122,1,2007,629.18
122,1,2008,630.24
122,1,2009,627.35
122,1,2010,627.14
122,1,2011,624.3
122,1,2012,612.03
122,1,2013,567.49
122,1,2014,554.8
122,1,2015,527.78
122,1,2016,518.43
122,1,2017,548.46
122,1,2018,571.75
122,1,2019,627.8
122,1,2020,565.35
122,1,2021,564.59
122,1,2022,587.47
122,1,2023,571.81
122,2,1990,185.7
122,2,1991,204.22
122,2,1992,214.75
122,2,1993,237.55
122,2,1994,279.64
122,2,1995,323.55
122,2,1996,333.24
122,2,1997,330.67
122,2,1998,328.94
122,2,1999,309.04
122,2,2000,328.09
122,2,2001,360.59
122,2,2002,375.45
122,2,2003,382.77
122,2,2004,420.89
122,2,2005,443.93
122,2,2006,434.86
122,2,2007,460.78
122,2,2008,465.06
122,2,2009,474.55
122,2,2010,477.14
122,2,2011,509.07
122,2,2012,511.52
122,2,2013,494.67
122,2,2014,508.43
122,2,2015,475.35
122,2,2016,494.09
122,2,2017,522.49
122,2,2018,521.95
122,2,2019,578.46
122,2,2020,559.63
122,2,2021,565.88
122,2,2022,595.3
122,2,2023,637.47
123,1,1990,801.26
123,1,1991,888.85
123,1,1992,962.86
123,1,1993,1030.69
123,1,1994,1104.29
123,1,1995,1181.39
123,1,1996,1259.7
123,1,1997,1215.73
123,1,1998,1180.65
123,1,1999,1104.23
123,1,2000,1075.96
123,1,2001,1065.04
123,1,2002,1086.75
123,1,2003,1160.65
123,1,2004,1223.43
123,1,2005,1244.9
123,1,2006,1232.29
123,1,2007,1276.87
123,1,2008,1322.74
123,1,2009,1328.16
123,1,2010,1346.8
123,1,2011,1337.51
123,1,2012,1350.49
123,1,2013,1337.93
123,1,2014,1330.53
123,1,2015,1308.84
123,1,2016,1362.97
123,1,2017,1514.18
123,1,2018,1612.06
123,1,2019,1712.43
123,1,2020,1903.31
123,1,2021,2234.31
123,1,2022,2082.92
123,1,2023,2060.5
123,2,1990,545.11
123,2,1991,579.2
123,2,1992,622.2
123,2,1993,681
123,2,1994,732.39
123,2,1995,803.97
123,2,1996,881.08
123,2,1997,870.43
123,2,1998,882.43
123,2,1999,841.85
123,2,2000,855.72
123,2,2001,873.04
123,2,2002,906.88
123,2,2003,987.19
123,2,2004,1059.74
123,2,2005,1085.85
123,2,2006,1105.7
123,2,2007,1190.48
123,2,2008,1268.77
123,2,2009,1302.8
123,2,2010,1345.66
123,2,2011,1374.67
123,2,2012,1415.3
123,2,2013,1444.04
123,2,2014,1461.88
123,2,2015,1486.2
123,2,2016,1591.99
123,2,2017,1779.88
123,2,2018,1897.28
123,2,2019,1999.5
123,2,2020,2017.38
123,2,2021,2729.21
123,2,2022,2615.47
123,2,2023,2639.35
125,1,1990,1666.08
125,1,1991,1711.92
125,1,1992,1769.36
125,1,1993,1815.18
125,1,1994,1856.41
125,1,1995,1918.62
125,1,1996,1945.77
125,1,1997,1957.19
125,1,1998,1919.74
125,1,1999,2004.3
125,1,2000,2054.33
125,1,2001,2140.98
125,1,2002,2240.72
125,1,2003,2323
125,1,2004,2464.92
125,1,2005,2582.49
125,1,2006,2648.69
125,1,2007,2708.28
125,1,2008,2739.35
125,1,2009,2804.47
125,1,2010,2868.43
125,1,2011,2958.89
125,1,2012,2933.83
125,1,2013,3110.74
125,1,2014,3244
125,1,2015,3283.25
125,1,2016,3339.6
125,1,2017,3415.21
125,1,2018,3350.01
125,1,2019,3258.66
125,1,2020,3277.18
125,1,2021,3117.3
125,1,2022,3155.18
125,1,2023,3195.04
125,2,1990,1026.27
125,2,1991,1094.92
125,2,1992,1128.84
125,2,1993,1141.33
125,2,1994,1160.3
125,2,1995,1227.68
125,2,1996,1284.84
125,2,1997,1276.91
125,2,1998,1251.19
125,2,1999,1352.96
125,2,2000,1397.83
125,2,2001,1446.08
125,2,2002,1537.92
125,2,2003,1637.88
125,2,2004,1719.45
125,2,2005,1788.04
125,2,2006,1850.81
125,2,2007,1885.07
125,2,2008,1939.25
125,2,2009,2018.82
125,2,2010,2139.49
125,2,2011,2216.51
125,2,2012,2313.95
125,2,2013,2375.73
125,2,2014,2526.52
125,2,2015,2640.55
125,2,2016,2677.05
125,2,2017,2744.09
125,2,2018,2771.59
125,2,2019,2679.42
125,2,2020,2627.43
125,2,2021,2701.18
125,2,2022,2759.98
125,2,2023,2869.63
126,1,1990,149.85
126,1,1991,147.88
126,1,1992,155.24
126,1,1993,164.79
126,1,1994,170.31
126,1,1995,170.34
126,1,1996,184.85
126,1,1997,177.29
126,1,1998,175.65
126,1,1999,186.47
126,1,2000,192.46
126,1,2001,195.55
126,1,2002,196.53
126,1,2003,201.61
126,1,2004,204.25
126,1,2005,210.51
126,1,2006,206.8
126,1,2007,213.06
126,1,2008,213.64
126,1,2009,220
126,1,2010,233.11
126,1,2011,253.4
126,1,2012,252.86
126,1,2013,253.62
126,1,2014,251.2
126,1,2015,256.44
126,1,2016,255.26
126,1,2017,262.81
126,1,2018,269.28
126,1,2019,267.05
126,1,2020,282.02
126,1,2021,269.7
126,1,2022,297.8
126,1,2023,338.35
126,2,1990,68.22
126,2,1991,70.29
126,2,1992,73.86
126,2,1993,76.42
126,2,1994,78.41
126,2,1995,84.6
126,2,1996,90
126,2,1997,91.66
126,2,1998,88.2
126,2,1999,94.54
126,2,2000,101.62
126,2,2001,101.47
126,2,2002,103.54
126,2,2003,112.35
126,2,2004,118.19
126,2,2005,119.49
126,2,2006,114.54
126,2,2007,118.05
126,2,2008,121.65
126,2,2009,128.02
126,2,2010,133.75
126,2,2011,142.01
126,2,2012,146.44
126,2,2013,153.41
126,2,2014,159.44
126,2,2015,166.81
126,2,2016,168.38
126,2,2017,169.36
126,2,2018,175.94
126,2,2019,173.46
126,2,2020,167.64
126,2,2021,183.37
126,2,2022,207.31
126,2,2023,229.69
127,1,1990,152.7
127,1,1991,161.08
127,1,1992,166
127,1,1993,168.15
127,1,1994,169.87
127,1,1995,173.12
127,1,1996,181.04
127,1,1997,187.15
127,1,1998,189.1
127,1,1999,199.79
127,1,2000,206.68
127,1,2001,214.54
127,1,2002,222.4
127,1,2003,223.42
127,1,2004,224.71
127,1,2005,230.08
127,1,2006,233.85
127,1,2007,239.44
127,1,2008,245.04
127,1,2009,243.58
127,1,2010,243.64
127,1,2011,242.31
127,1,2012,267.81
127,1,2013,276.59
127,1,2014,283.03
127,1,2015,283.25
127,1,2016,283.35
127,1,2017,295.59
127,1,2018,305.77
127,1,2019,322.42
127,1,2020,345.4
127,1,2021,371.79
127,1,2022,362.88
127,1,2023,372.19
127,2,1990,121.28
127,2,1991,126.76
127,2,1992,128.95
127,2,1993,133.11
127,2,1994,137.22
127,2,1995,145.5
127,2,1996,153.03
127,2,1997,159.67
127,2,1998,164.51
127,2,1999,169.52
127,2,2000,178.23
127,2,2001,187.5
127,2,2002,193.43
127,2,2003,201.61
127,2,2004,207.05
127,2,2005,211.79
127,2,2006,215.88
127,2,2007,221.96
127,2,2008,227.96
127,2,2009,230.04
127,2,2010,234.18
127,2,2011,239.57
127,2,2012,255.9
127,2,2013,265.92
127,2,2014,274.27
127,2,2015,277.62
127,2,2016,278.08
127,2,2017,285.93
127,2,2018,301.59
127,2,2019,322.54
127,2,2020,342.64
127,2,2021,381.63
127,2,2022,404.09
127,2,2023,432.02
128,1,1990,181.31
128,1,1991,197.08
128,1,1992,198.47
128,1,1993,203.6
128,1,1994,219.3
128,1,1995,213.12
128,1,1996,215.57
128,1,1997,245.69
128,1,1998,241.84
128,1,1999,268.7
128,1,2000,271.4
128,1,2001,271.39
128,1,2002,277.21
128,1,2003,284.19
128,1,2004,294.77
128,1,2005,304.46
128,1,2006,292.13
128,1,2007,305.98
128,1,2008,304.38
128,1,2009,300.3
128,1,2010,298.68
128,1,2011,289.61
128,1,2012,287.94
128,1,2013,286.56
128,1,2014,282.7
128,1,2015,294.2
128,1,2016,298.45
128,1,2017,304.16
128,1,2018,318.05
128,1,2019,321.09
128,1,2020,328.65
128,1,2021,327.84
128,1,2022,309.51
128,1,2023,329.06
128,2,1990,138.59
128,2,1991,153.1
128,2,1992,166.81
128,2,1993,184.09
128,2,1994,188.28
128,2,1995,184.85
128,2,1996,171.1
128,2,1997,177.42
128,2,1998,179.05
128,2,1999,199.17
128,2,2000,198.61
128,2,2001,211.69
128,2,2002,211.68
128,2,2003,224.82
128,2,2004,239.63
128,2,2005,241.94
128,2,2006,243.02
128,2,2007,243.74
128,2,2008,248.19
128,2,2009,252.76
128,2,2010,253.51
128,2,2011,257.27
128,2,2012,247
128,2,2013,251.57
128,2,2014,259.3
128,2,2015,266.9
128,2,2016,283.1
128,2,2017,294.61
128,2,2018,306.38
128,2,2019,312.96
128,2,2020,312.91
128,2,2021,331.05
128,2,2022,332.37
128,2,2023,336.83
129,1,1990,108.09
129,1,1991,114.28
129,1,1992,120.6
129,1,1993,127.33
129,1,1994,133.32
129,1,1995,138.93
129,1,1996,144.35
129,1,1997,151.17
129,1,1998,156.62
129,1,1999,162.54
129,1,2000,169.25
129,1,2001,175.16
129,1,2002,180.49
129,1,2003,185.44
129,1,2004,189.98
129,1,2005,193.29
129,1,2006,196.22
129,1,2007,199.31
129,1,2008,202.52
129,1,2009,205.49
129,1,2010,209.55
129,1,2011,219.66
129,1,2012,237.52
129,1,2013,247.2
129,1,2014,255.96
129,1,2015,265.59
129,1,2016,268.69
129,1,2017,279.03
129,1,2018,292.53
129,1,2019,307
129,1,2020,301.21
129,1,2021,330.03
129,1,2022,348.6
129,1,2023,371.95
129,2,1990,91.85
129,2,1991,100.32
129,2,1992,105.04
129,2,1993,112.85
129,2,1994,119.73
129,2,1995,123.56
129,2,1996,134.61
129,2,1997,139.39
129,2,1998,144.31
129,2,1999,150.08
129,2,2000,156.99
129,2,2001,164.47
129,2,2002,171.63
129,2,2003,179.38
129,2,2004,186.42
129,2,2005,192.41
129,2,2006,199.17
129,2,2007,207.26
129,2,2008,216.62
129,2,2009,225.6
129,2,2010,236.28
129,2,2011,252
129,2,2012,265.3
129,2,2013,278.1
129,2,2014,291.65
129,2,2015,305.92
129,2,2016,318.08
129,2,2017,331.59
129,2,2018,348.84
129,2,2019,368.12
129,2,2020,359.51
129,2,2021,412.06
129,2,2022,438.45
129,2,2023,458.88
130,1,1990,4044.58
130,1,1991,4119.95
130,1,1992,4290.13
130,1,1993,4483.85
130,1,1994,4513.6
130,1,1995,4653.43
130,1,1996,4705.72
130,1,1997,4846.78
130,1,1998,4891.23
130,1,1999,4947.92
130,1,2000,4942.33
130,1,2001,5021.9
130,1,2002,5157.92
130,1,2003,5218.6
130,1,2004,5274.42
130,1,2005,5363.26
130,1,2006,5211.5
130,1,2007,5079.16
130,1,2008,5091.98
130,1,2009,4932.02
130,1,2010,4981.64
130,1,2011,5084.91
130,1,2012,4961.05
130,1,2013,4943.05
130,1,2014,4979.92
130,1,2015,5056.02
130,1,2016,5125.94
130,1,2017,5256.43
130,1,2018,5226.01
130,1,2019,5171.06
130,1,2020,5173.95
130,1,2021,5039.15
130,1,2022,4835.38
130,1,2023,4851.41
130,2,1990,1860.45
130,2,1991,1918.73
130,2,1992,1983.15
130,2,1993,2010.06
130,2,1994,2122.81
130,2,1995,2161.78
130,2,1996,2272.46
130,2,1997,2378.95
130,2,1998,2386.9
130,2,1999,2392.53
130,2,2000,2418.29
130,2,2001,2451.48
130,2,2002,2567.9
130,2,2003,2628.14
130,2,2004,2691.15
130,2,2005,2734.35
130,2,2006,2772.49
130,2,2007,2794.73
130,2,2008,2812.19
130,2,2009,2765.33
130,2,2010,2927.01
130,2,2011,2995.25
130,2,2012,2938.58
130,2,2013,3028.53
130,2,2014,3113.23
130,2,2015,3213.03
130,2,2016,3338.63
130,2,2017,3487.83
130,2,2018,3577.6
130,2,2019,3578.85
130,2,2020,3568.55
130,2,2021,3757.9
130,2,2022,3626.83
130,2,2023,3735.61
131,1,1990,67.31
131,1,1991,67.63
131,1,1992,72.58
131,1,1993,77.94
131,1,1994,82.46
131,1,1995,85.66
131,1,1996,88.07
131,1,1997,91.55
131,1,1998,99.96
131,1,1999,96.42
131,1,2000,100.52
131,1,2001,102.27
131,1,2002,105.32
131,1,2003,108.5
131,1,2004,113.13
131,1,2005,117.03
131,1,2006,122.21
131,1,2007,125.52
131,1,2008,129.05
131,1,2009,133.59
131,1,2010,138.41
131,1,2011,143.29
131,1,2012,146.84
131,1,2013,151.51
131,1,2014,156.09
131,1,2015,161.89
131,1,2016,163.17
131,1,2017,169.43
131,1,2018,179.03
131,1,2019,198.4
131,1,2020,207.41
131,1,2021,208.9
131,1,2022,190.57
131,1,2023,176.57
131,2,1990,39.26
131,2,1991,40.37
131,2,1992,42.47
131,2,1993,45.6
131,2,1994,47.85
131,2,1995,49.31
131,2,1996,50.68
131,2,1997,51.64
131,2,1998,59.4
131,2,1999,55.58
131,2,2000,59.03
131,2,2001,62.2
131,2,2002,65.92
131,2,2003,70.71
131,2,2004,74.16
131,2,2005,77.91
131,2,2006,81.84
131,2,2007,86.73
131,2,2008,91.92
131,2,2009,96.71
131,2,2010,100.91
131,2,2011,105.34
131,2,2012,109.73
131,2,2013,114.87
131,2,2014,120.68
131,2,2015,125.29
131,2,2016,129.41
131,2,2017,134.43
131,2,2018,142.69
131,2,2019,158.47
131,2,2020,164.02
131,2,2021,180.34
131,2,2022,175.42
131,2,2023,163.64
132,1,1990,155.74
132,1,1991,159.75
132,1,1992,164.23
132,1,1993,162.8
132,1,1994,166.98
132,1,1995,169.73
132,1,1996,177.69
132,1,1997,172.6
132,1,1998,173.1
132,1,1999,174.45
132,1,2000,175.37
132,1,2001,184.36
132,1,2002,189.49
132,1,2003,199.33
132,1,2004,205.19
132,1,2005,212.06
132,1,2006,215.88
132,1,2007,221.45
132,1,2008,226.07
132,1,2009,221.37
132,1,2010,229.31
132,1,2011,235.57
132,1,2012,235.25
132,1,2013,241.44
132,1,2014,239.9
132,1,2015,242.16
132,1,2016,236.37
132,1,2017,237.14
132,1,2018,236.79
132,1,2019,246.39
132,1,2020,236.19
132,1,2021,209.2
132,1,2022,218.13
132,1,2023,230.19
132,2,1990,53.17
132,2,1991,55.48
132,2,1992,57.88
132,2,1993,60.02
132,2,1994,63.1
132,2,1995,65.48
132,2,1996,69.52
132,2,1997,70.94
132,2,1998,67.57
132,2,1999,70.98
132,2,2000,77.22
132,2,2001,78.8
132,2,2002,86
132,2,2003,91.5
132,2,2004,98.84
132,2,2005,102.3
132,2,2006,101.1
132,2,2007,99.26
132,2,2008,105.49
132,2,2009,107.9
132,2,2010,111.12
132,2,2011,116.6
132,2,2012,119.89
132,2,2013,133
132,2,2014,137.5
132,2,2015,142.6
132,2,2016,139.06
132,2,2017,138.13
132,2,2018,141.74
132,2,2019,149.71
132,2,2020,139.31
132,2,2021,130.2
132,2,2022,138.43
132,2,2023,147.2
133,1,1990,1241.61
133,1,1991,1273.69
133,1,1992,1304.82
133,1,1993,1335.94
133,1,1994,1403.55
133,1,1995,1409.46
133,1,1996,1387.1
133,1,1997,1478.1
133,1,1998,1477.54
133,1,1999,1591.93
133,1,2000,1570.84
133,1,2001,1641
133,1,2002,1730.09
133,1,2003,1815.44
133,1,2004,1935.59
133,1,2005,1994.07
133,1,2006,2079
133,1,2007,2159.75
133,1,2008,2230.87
133,1,2009,2351.56
133,1,2010,2440.17
133,1,2011,2512.81
133,1,2012,2502.3
133,1,2013,2568.57
133,1,2014,2640.61
133,1,2015,2637.8
133,1,2016,2604.91
133,1,2017,2734.41
133,1,2018,2802.97
133,1,2019,2996.9
133,1,2020,3116.77
133,1,2021,3200.87
133,1,2022,3178.51
133,1,2023,3494.29
133,2,1990,704.3
133,2,1991,718.3
133,2,1992,733.16
133,2,1993,758.18
133,2,1994,805.44
133,2,1995,825.16
133,2,1996,825.76
133,2,1997,866.03
133,2,1998,875.39
133,2,1999,1012.31
133,2,2000,969.7
133,2,2001,1038.92
133,2,2002,1091.51
133,2,2003,1137.38
133,2,2004,1204.78
133,2,2005,1255.53
133,2,2006,1302.03
133,2,2007,1420.5
133,2,2008,1523.92
133,2,2009,1559.78
133,2,2010,1610.15
133,2,2011,1692.59
133,2,2012,1778.23
133,2,2013,1866.29
133,2,2014,1949.1
133,2,2015,2028.15
133,2,2016,1994.71
133,2,2017,2033.84
133,2,2018,2171.36
133,2,2019,2316.47
133,2,2020,2317.97
133,2,2021,2278.72
133,2,2022,2303.25
133,2,2023,2305.65
135,1,1990,10339.6
135,1,1991,10529.98
135,1,1992,11010.29
135,1,1993,11506.92
135,1,1994,11754.57
135,1,1995,12026.01
135,1,1996,12284.8
135,1,1997,12587.29
135,1,1998,12983.63
135,1,1999,13340.1
135,1,2000,13782.84
135,1,2001,14162.73
135,1,2002,14424.63
135,1,2003,14912.86
135,1,2004,15383.32
135,1,2005,15558.84
135,1,2006,15759.73
135,1,2007,16268.78
135,1,2008,16768.31
135,1,2009,17023.08
135,1,2010,17586.71
135,1,2011,18007.39
135,1,2012,18239.11
135,1,2013,18738.09
135,1,2014,19083.31
135,1,2015,19530.2
135,1,2016,20094.53
135,1,2017,20194.16
135,1,2018,20423.42
135,1,2019,20836.57
135,1,2020,20646.59
135,1,2021,20780.06
135,1,2022,21416.91
135,1,2023,21809.85
135,2,1990,3868.24
135,2,1991,4046.93
135,2,1992,4281.43
135,2,1993,4513.29
135,2,1994,4750.07
135,2,1995,4975.3
135,2,1996,5160.35
135,2,1997,5355.51
135,2,1998,5621.04
135,2,1999,6023.09
135,2,2000,6412.14
135,2,2001,6686.6
135,2,2002,6957.28
135,2,2003,7385.68
135,2,2004,7750.42
135,2,2005,8078.94
135,2,2006,8561.17
135,2,2007,9027.44
135,2,2008,9521.62
135,2,2009,9932.61
135,2,2010,10534.99
135,2,2011,11181.76
135,2,2012,11665.77
135,2,2013,12180.92
135,2,2014,12760.98
135,2,2015,13563.49
135,2,2016,14056.4
135,2,2017,14431.94
135,2,2018,14898.13
135,2,2019,15342.58
135,2,2020,15329.06
135,2,2021,15983.58
135,2,2022,16957.33
135,2,2023,17535.25
136,1,1990,175.78
136,1,1991,189.9
136,1,1992,204.22
136,1,1993,221.47
136,1,1994,241.06
136,1,1995,260.94
136,1,1996,279.28
136,1,1997,302.22
136,1,1998,323.82
136,1,1999,339.61
136,1,2000,357.57
136,1,2001,371.28
136,1,2002,384.86
136,1,2003,394.63
136,1,2004,410.39
136,1,2005,425.75
136,1,2006,438.67
136,1,2007,457.23
136,1,2008,471.36
136,1,2009,486.04
136,1,2010,507.01
136,1,2011,522.16
136,1,2012,535
136,1,2013,546.38
136,1,2014,564.68
136,1,2015,582.5
136,1,2016,602.58
136,1,2017,623.86
136,1,2018,639.99
136,1,2019,658.65
136,1,2020,670.76
136,1,2021,688.52
136,1,2022,628.57
136,1,2023,658.44
136,2,1990,51.77
136,2,1991,54.94
136,2,1992,58.91
136,2,1993,63.5
136,2,1994,68.4
136,2,1995,72.24
136,2,1996,76.92
136,2,1997,81.72
136,2,1998,86.66
136,2,1999,91.12
136,2,2000,95.73
136,2,2001,102.13
136,2,2002,109.35
136,2,2003,115.24
136,2,2004,122.19
136,2,2005,129.81
136,2,2006,135.71
136,2,2007,143.75
136,2,2008,148.78
136,2,2009,155.09
136,2,2010,163.55
136,2,2011,171.26
136,2,2012,179.31
136,2,2013,184.62
136,2,2014,192.98
136,2,2015,201.03
136,2,2016,208.44
136,2,2017,215.45
136,2,2018,222.82
136,2,2019,231.98
136,2,2020,236.37
136,2,2021,251.66
136,2,2022,235.13
136,2,2023,249.82
139,1,1990,743.9
139,1,1991,784.54
139,1,1992,798.54
139,1,1993,815.96
139,1,1994,835.47
139,1,1995,851.67
139,1,1996,851.01
139,1,1997,853.16
139,1,1998,859.88
139,1,1999,863.64
139,1,2000,864.39
139,1,2001,869.39
139,1,2002,901.49
139,1,2003,942.31
139,1,2004,1000.22
139,1,2005,1079.53
139,1,2006,1118.51
139,1,2007,1171.05
139,1,2008,1227.37
139,1,2009,1295
139,1,2010,1374.77
139,1,2011,1435.47
139,1,2012,1508.69
139,1,2013,1568.88
139,1,2014,1641.56
139,1,2015,1716.67
139,1,2016,1816.26
139,1,2017,1937.6
139,1,2018,2059.61
139,1,2019,2187.15
139,1,2020,2206.39
139,1,2021,2293.19
139,1,2022,2491.19
139,1,2023,2664.48
139,2,1990,123.48
139,2,1991,124.7
139,2,1992,128.89
139,2,1993,133.85
139,2,1994,137.36
139,2,1995,141.17
139,2,1996,146.76
139,2,1997,151.78
139,2,1998,158.77
139,2,1999,165.1
139,2,2000,172.35
139,2,2001,179.44
139,2,2002,187
139,2,2003,197.77
139,2,2004,211.76
139,2,2005,225.31
139,2,2006,238.1
139,2,2007,253.13
139,2,2008,268.99
139,2,2009,285.38
139,2,2010,304.54
139,2,2011,322.94
139,2,2012,341
139,2,2013,358.52
139,2,2014,376.65
139,2,2015,399.73
139,2,2016,421.24
139,2,2017,453.9
139,2,2018,489.02
139,2,2019,524.73
139,2,2020,520.16
139,2,2021,535.09
139,2,2022,574.58
139,2,2023,611.68
140,1,1990,37.76
140,1,1991,37.31
140,1,1992,37.73
140,1,1993,38.34
140,1,1994,39.19
140,1,1995,42.49
140,1,1996,44.52
140,1,1997,46.44
140,1,1998,48.07
140,1,1999,48.93
140,1,2000,52.36
140,1,2001,53.81
140,1,2002,56.32
140,1,2003,58.32
140,1,2004,60.35
140,1,2005,63.75
140,1,2006,66.75
140,1,2007,68.95
140,1,2008,71.1
140,1,2009,73.55
140,1,2010,78.18
140,1,2011,80.96
140,1,2012,83.87
140,1,2013,85.97
140,1,2014,88.96
140,1,2015,98.88
140,1,2016,103.23
140,1,2017,108.08
140,1,2018,116.98
140,1,2019,123.71
140,1,2020,129.07
140,1,2021,148.04
140,1,2022,171.43
140,1,2023,196.44
140,2,1990,11.73
140,2,1991,11.86
140,2,1992,12.3
140,2,1993,12.6
140,2,1994,12.81
140,2,1995,13.48
140,2,1996,14.09
140,2,1997,14.79
140,2,1998,15.57
140,2,1999,15.77
140,2,2000,16.76
140,2,2001,17.13
140,2,2002,17.81
140,2,2003,18.88
140,2,2004,19.74
140,2,2005,20.75
140,2,2006,21.44
140,2,2007,22.22
140,2,2008,23.31
140,2,2009,24.5
140,2,2010,26.19
140,2,2011,27.21
140,2,2012,28.56
140,2,2013,29.27
140,2,2014,29.57
140,2,2015,31.69
140,2,2016,33.15
140,2,2017,34.27
140,2,2018,34.94
140,2,2019,35.1
140,2,2020,34.58
140,2,2021,37.05
140,2,2022,37.96
140,2,2023,43.16
141,1,1990,1353.21
141,1,1991,1405.48
141,1,1992,1479.46
141,1,1993,1599.26
141,1,1994,1710.13
141,1,1995,1796.9
141,1,1996,1855.26
141,1,1997,1948.21
141,1,1998,2062.55
141,1,1999,2173.89
141,1,2000,2320.68
141,1,2001,2581.12
141,1,2002,2906.99
141,1,2003,3353.33
141,1,2004,3697.2
141,1,2005,3963.93
141,1,2006,4251.69
141,1,2007,4515.23
141,1,2008,4777.56
141,1,2009,5035.33
141,1,2010,5200.21
141,1,2011,5233.55
141,1,2012,5461.04
141,1,2013,5529.45
141,1,2014,5758.44
141,1,2015,6179.61
141,1,2016,6198.23
141,1,2017,6225.66
141,1,2018,6528.63
141,1,2019,6649.8
141,1,2020,6547.81
141,1,2021,7332.35
141,1,2022,8900.13
141,1,2023,9237.59
141,2,1990,370.81
141,2,1991,382.9
141,2,1992,409.14
141,2,1993,435.9
141,2,1994,455.84
141,2,1995,474.93
141,2,1996,497.14
141,2,1997,526.15
141,2,1998,559.4
141,2,1999,580.81
141,2,2000,612.74
141,2,2001,676.74
141,2,2002,766.73
141,2,2003,890.96
141,2,2004,1002.46
141,2,2005,1093.6
141,2,2006,1184.83
141,2,2007,1261.64
141,2,2008,1351.24
141,2,2009,1440.06
141,2,2010,1503.63
141,2,2011,1570.39
141,2,2012,1653.5
141,2,2013,1660.93
141,2,2014,1768.48
141,2,2015,1921.63
141,2,2016,1972.59
141,2,2017,2031.28
141,2,2018,2109.82
141,2,2019,2152.05
141,2,2020,2197.12
141,2,2021,2475.34
141,2,2022,3139.55
141,2,2023,3321.55
142,1,1990,2513.46
142,1,1991,2559.33
142,1,1992,2640.81
142,1,1993,2709.75
142,1,1994,2771.95
142,1,1995,2891.02
142,1,1996,2954.91
142,1,1997,3023.08
142,1,1998,3111.64
142,1,1999,3211.82
142,1,2000,3400.68
142,1,2001,3519.55
142,1,2002,3612.17
142,1,2003,3804.77
142,1,2004,3770.56
142,1,2005,3871.43
142,1,2006,3988.16
142,1,2007,4124.36
142,1,2008,4267.78
142,1,2009,4421.41
142,1,2010,4547.36
142,1,2011,4689.03
142,1,2012,4750.96
142,1,2013,4920.71
142,1,2014,5046.45
142,1,2015,5276.03
142,1,2016,5522.79
142,1,2017,5738.38
142,1,2018,5958.76
142,1,2019,6179.99
142,1,2020,6324.07
142,1,2021,6074.08
142,1,2022,6276.46
142,1,2023,6589.63
142,2,1990,886.25
142,2,1991,917.73
142,2,1992,971.88
142,2,1993,1017.95
142,2,1994,1057.92
142,2,1995,1105.2
142,2,1996,1151.65
142,2,1997,1192.52
142,2,1998,1245.56
142,2,1999,1304.8
142,2,2000,1388.65
142,2,2001,1463.96
142,2,2002,1519.56
142,2,2003,1654.2
142,2,2004,1584.21
142,2,2005,1624.27
142,2,2006,1663.85
142,2,2007,1713.38
142,2,2008,1778.53
142,2,2009,1859.66
142,2,2010,1942.15
142,2,2011,2033.62
142,2,2012,2066.2
142,2,2013,2156.56
142,2,2014,2220.84
142,2,2015,2333.74
142,2,2016,2484.45
142,2,2017,2598.32
142,2,2018,2703.35
142,2,2019,2847.82
142,2,2020,2880.18
142,2,2021,2779.87
142,2,2022,2830.25
142,2,2023,3000.39
143,1,1990,1199.08
143,1,1991,1209.42
143,1,1992,1231.73
143,1,1993,1262.54
143,1,1994,1288.58
143,1,1995,1311.78
143,1,1996,1334.89
143,1,1997,1362.46
143,1,1998,1409.57
143,1,1999,1461.51
143,1,2000,1513.66
143,1,2001,1569.93
143,1,2002,1624.57
143,1,2003,1670.44
143,1,2004,1736.1
143,1,2005,1813.67
143,1,2006,1905.5
143,1,2007,2021.48
143,1,2008,2153.09
143,1,2009,2294.53
143,1,2010,2468.53
143,1,2011,2638.18
143,1,2012,2813.11
143,1,2013,2961.42
143,1,2014,3116.56
143,1,2015,3311.28
143,1,2016,3447.95
143,1,2017,3595.65
143,1,2018,3829.82
143,1,2019,4075.65
143,1,2020,4519.62
143,1,2021,4673.61
143,1,2022,5024.94
143,1,2023,5373.39
143,2,1990,289.18
143,2,1991,291.38
143,2,1992,300.12
143,2,1993,310.07
143,2,1994,318.2
143,2,1995,326.32
143,2,1996,335.93
143,2,1997,350.42
143,2,1998,371.74
143,2,1999,395.76
143,2,2000,422.49
143,2,2001,450.76
143,2,2002,479.97
143,2,2003,504.47
143,2,2004,541.56
143,2,2005,578.42
143,2,2006,622.06
143,2,2007,668.14
143,2,2008,723.66
143,2,2009,781.98
143,2,2010,844.84
143,2,2011,912.17
143,2,2012,984.77
143,2,2013,1043.5
143,2,2014,1105.63
143,2,2015,1162.8
143,2,2016,1218.26
143,2,2017,1277.95
143,2,2018,1361.07
143,2,2019,1475.33
143,2,2020,1559.59
143,2,2021,1688.02
143,2,2022,1849.14
143,2,2023,1973.74
144,1,1990,248.29
144,1,1991,256.37
144,1,1992,264.05
144,1,1993,268.32
144,1,1994,271.83
144,1,1995,282.26
144,1,1996,282.42
144,1,1997,282.59
144,1,1998,283.45
144,1,1999,285.47
144,1,2000,296.91
144,1,2001,299.82
144,1,2002,305.57
144,1,2003,318.46
144,1,2004,337.04
144,1,2005,365.16
144,1,2006,392.87
144,1,2007,427.77
144,1,2008,463.91
144,1,2009,499.39
144,1,2010,540.35
144,1,2011,570.4
144,1,2012,604.7
144,1,2013,642.17
144,1,2014,682.34
144,1,2015,745.74
144,1,2016,789.33
144,1,2017,844.05
144,1,2018,913.7
144,1,2019,984.82
144,1,2020,1067.56
144,1,2021,1198.8
144,1,2022,1216.17
144,1,2023,1284.57
144,2,1990,36.69
144,2,1991,39.11
144,2,1992,42.05
144,2,1993,43.9
144,2,1994,46.42
144,2,1995,48.95
144,2,1996,50.83
144,2,1997,53.35
144,2,1998,56.13
144,2,1999,59.17
144,2,2000,64.04
144,2,2001,69.02
144,2,2002,74.24
144,2,2003,75.75
144,2,2004,83.24
144,2,2005,94.85
144,2,2006,104.76
144,2,2007,108.62
144,2,2008,114.32
144,2,2009,124.32
144,2,2010,134.98
144,2,2011,146.22
144,2,2012,157.21
144,2,2013,167.82
144,2,2014,180.56
144,2,2015,192.52
144,2,2016,203.62
144,2,2017,217.22
144,2,2018,232.94
144,2,2019,249.89
144,2,2020,273.72
144,2,2021,318.95
144,2,2022,301.73
144,2,2023,316.66
145,1,1990,64.15
145,1,1991,60.02
145,1,1992,54.85
145,1,1993,54.44
145,1,1994,50.9
145,1,1995,57.16
145,1,1996,60.45
145,1,1997,56.06
145,1,1998,55.34
145,1,1999,50.44
145,1,2000,52.31
145,1,2001,57.65
145,1,2002,61.58
145,1,2003,67.56
145,1,2004,68.24
145,1,2005,66.09
145,1,2006,74.52
145,1,2007,79.32
145,1,2008,80.33
145,1,2009,82.28
145,1,2010,90.97
145,1,2011,100.91
145,1,2012,109.4
145,1,2013,119.02
145,1,2014,109.61
145,1,2015,125.77
145,1,2016,121.9
145,1,2017,135.09
145,1,2018,154.49
145,1,2019,152.1
145,1,2020,140.51
145,1,2021,144.82
145,1,2022,172.79
145,1,2023,168.18
145,2,1990,20.55
145,2,1991,21.56
145,2,1992,22.88
145,2,1993,23.93
145,2,1994,20.77
145,2,1995,17.31
145,2,1996,17.43
145,2,1997,17.4
145,2,1998,19.38
145,2,1999,16.68
145,2,2000,21.35
145,2,2001,23.52
145,2,2002,22.42
145,2,2003,24.45
145,2,2004,22.95
145,2,2005,25.77
145,2,2006,28.49
145,2,2007,30.03
145,2,2008,31.45
145,2,2009,33.37
145,2,2010,35.2
145,2,2011,38.31
145,2,2012,42.05
145,2,2013,42
145,2,2014,44.42
145,2,2015,46.65
145,2,2016,48.84
145,2,2017,52.11
145,2,2018,55.33
145,2,2019,58.04
145,2,2020,56.67
145,2,2021,58.94
145,2,2022,66.09
145,2,2023,69.04
146,1,1990,168.84
146,1,1991,180.43
146,1,1992,191.09
146,1,1993,202.15
146,1,1994,215.57
146,1,1995,237.08
146,1,1996,253.46
146,1,1997,270.5
146,1,1998,289.06
146,1,1999,309.76
146,1,2000,336.69
146,1,2001,355.55
146,1,2002,369.34
146,1,2003,388.78
146,1,2004,409.56
146,1,2005,439.21
146,1,2006,478.98
146,1,2007,523.87
146,1,2008,571.45
146,1,2009,612.11
146,1,2010,640.2
146,1,2011,710.24
146,1,2012,795.38
146,1,2013,886.98
146,1,2014,955.98
146,1,2015,943.75
146,1,2016,872.23
146,1,2017,853.26
146,1,2018,973.69
146,1,2019,1312.29
146,1,2020,1731.23
146,1,2021,1088.81
146,1,2022,1121.32
146,1,2023,1170.21
146,2,1990,94.96
146,2,1991,96.93
146,2,1992,101.92
146,2,1993,106.56
146,2,1994,113.18
146,2,1995,120.49
146,2,1996,127.89
146,2,1997,135.85
146,2,1998,142.88
146,2,1999,155.5
146,2,2000,166.36
146,2,2001,177.28
146,2,2002,185.99
146,2,2003,196.19
146,2,2004,207.68
146,2,2005,220.62
146,2,2006,238.77
146,2,2007,258.76
146,2,2008,282.46
146,2,2009,305.23
146,2,2010,325.35
146,2,2011,362.86
146,2,2012,406.85
146,2,2013,453.52
146,2,2014,486.85
146,2,2015,492.02
146,2,2016,467.62
146,2,2017,471.05
146,2,2018,530.65
146,2,2019,675.33
146,2,2020,830.29
146,2,2021,518.54
146,2,2022,625.32
146,2,2023,651.16
147,1,1990,320.35
147,1,1991,327.96
147,1,1992,336.02
147,1,1993,343.14
147,1,1994,350.23
147,1,1995,355.93
147,1,1996,363.35
147,1,1997,368.72
147,1,1998,380.67
147,1,1999,394.44
147,1,2000,405.82
147,1,2001,418.45
147,1,2002,433.14
147,1,2003,453.59
147,1,2004,480.65
147,1,2005,509.72
147,1,2006,543.31
147,1,2007,569.3
147,1,2008,589.14
147,1,2009,616.41
147,1,2010,629.4
147,1,2011,627.46
147,1,2012,649.78
147,1,2013,671.36
147,1,2014,675.59
147,1,2015,687.23
147,1,2016,695.88
147,1,2017,718.71
147,1,2018,771.94
147,1,2019,813.32
147,1,2020,863.07
147,1,2021,962.34
147,1,2022,923.4
147,1,2023,983.02
147,2,1990,32.49
147,2,1991,34.63
147,2,1992,36.71
147,2,1993,38.63
147,2,1994,40.18
147,2,1995,41.23
147,2,1996,42.46
147,2,1997,43.7
147,2,1998,45.93
147,2,1999,48.19
147,2,2000,49.97
147,2,2001,52.14
147,2,2002,54.28
147,2,2003,57.21
147,2,2004,61.33
147,2,2005,66.13
147,2,2006,70.43
147,2,2007,74.16
147,2,2008,77.59
147,2,2009,81.79
147,2,2010,85.96
147,2,2011,89.16
147,2,2012,93.51
147,2,2013,94.76
147,2,2014,96.95
147,2,2015,97.47
147,2,2016,97.34
147,2,2017,101.99
147,2,2018,109.08
147,2,2019,115.66
147,2,2020,126.29
147,2,2021,149.34
147,2,2022,134.04
147,2,2023,141.11
148,1,1990,1302.35
148,1,1991,1343.06
148,1,1992,1378.69
148,1,1993,1414.38
148,1,1994,1459.27
148,1,1995,1493.6
148,1,1996,1533.4
148,1,1997,1559.22
148,1,1998,1597.44
148,1,1999,1633.49
148,1,2000,1672.56
148,1,2001,1711.36
148,1,2002,1759.3
148,1,2003,1811.12
148,1,2004,1859.27
148,1,2005,1908.56
148,1,2006,1958.39
148,1,2007,2022.41
148,1,2008,2096.64
148,1,2009,2174.45
148,1,2010,2230.45
148,1,2011,2320.6
148,1,2012,2433.85
148,1,2013,2597.37
148,1,2014,2748.65
148,1,2015,2933.95
148,1,2016,3122.93
148,1,2017,3336.7
148,1,2018,3533.38
148,1,2019,3786.19
148,1,2020,3962.55
148,1,2021,4309.17
148,1,2022,4752.55
148,1,2023,4925.73
148,2,1990,121.67
148,2,1991,126.34
148,2,1992,130.23
148,2,1993,134.14
148,2,1994,137.82
148,2,1995,140.46
148,2,1996,145.12
148,2,1997,148.17
148,2,1998,153.91
148,2,1999,157.96
148,2,2000,163.44
148,2,2001,169.22
148,2,2002,174.21
148,2,2003,184.07
148,2,2004,192.76
148,2,2005,201.05
148,2,2006,210.68
148,2,2007,221.74
148,2,2008,234.18
148,2,2009,249.53
148,2,2010,263.87
148,2,2011,281.62
148,2,2012,299.54
148,2,2013,319.67
148,2,2014,338.21
148,2,2015,362.77
148,2,2016,386.95
148,2,2017,408.54
148,2,2018,436.56
148,2,2019,469.84
148,2,2020,511.93
148,2,2021,558.34
148,2,2022,598.49
148,2,2023,620.62
149,1,1990,104.96
149,1,1991,108.23
149,1,1992,112.13
149,1,1993,116.48
149,1,1994,120.99
149,1,1995,129.29
149,1,1996,132.76
149,1,1997,136.51
149,1,1998,141.64
149,1,1999,146.96
149,1,2000,157.07
149,1,2001,161.04
149,1,2002,164.48
149,1,2003,169.67
149,1,2004,175.53
149,1,2005,184.97
149,1,2006,191.6
149,1,2007,199.33
149,1,2008,210.67
149,1,2009,221.99
149,1,2010,236.07
149,1,2011,244.93
149,1,2012,251.68
149,1,2013,262.27
149,1,2014,271.01
149,1,2015,294.64
149,1,2016,306.27
149,1,2017,321.62
149,1,2018,334.77
149,1,2019,346.12
149,1,2020,340.32
149,1,2021,361.68
149,1,2022,393.56
149,1,2023,428.39
149,2,1990,24.81
149,2,1991,25.93
149,2,1992,27.38
149,2,1993,28.84
149,2,1994,30.4
149,2,1995,32.08
149,2,1996,33.39
149,2,1997,34.8
149,2,1998,36.48
149,2,1999,38.06
149,2,2000,39.99
149,2,2001,41.46
149,2,2002,42.75
149,2,2003,43.93
149,2,2004,45.37
149,2,2005,47.18
149,2,2006,49
149,2,2007,50.92
149,2,2008,53.33
149,2,2009,56.39
149,2,2010,60.11
149,2,2011,63.18
149,2,2012,65.85
149,2,2013,67.46
149,2,2014,69.99
149,2,2015,72.99
149,2,2016,76.11
149,2,2017,80.12
149,2,2018,83.57
149,2,2019,86.62
149,2,2020,86.54
149,2,2021,92.84
149,2,2022,99.35
149,2,2023,106.55
150,1,1990,60.92
150,1,1991,61.96
150,1,1992,64.22
150,1,1993,65.82
150,1,1994,66.61
150,1,1995,68.82
150,1,1996,69.68
150,1,1997,70.9
150,1,1998,72.47
150,1,1999,73.1
150,1,2000,76.88
150,1,2001,78.69
150,1,2002,80.88
150,1,2003,80.86
150,1,2004,81.19
150,1,2005,81.69
150,1,2006,83.95
150,1,2007,85.04
150,1,2008,88.44
150,1,2009,91.19
150,1,2010,92.85
150,1,2011,100.08
150,1,2012,107.08
150,1,2013,108.78
150,1,2014,110.42
150,1,2015,113.09
150,1,2016,117.22
150,1,2017,122.75
150,1,2018,125.69
150,1,2019,128.18
150,1,2020,141.87
150,1,2021,157.17
150,1,2022,149.27
150,1,2023,163.23
150,2,1990,11.44
150,2,1991,11.43
150,2,1992,11.96
150,2,1993,12.28
150,2,1994,12.82
150,2,1995,13.33
150,2,1996,13.58
150,2,1997,13.98
150,2,1998,14.44
150,2,1999,14.85
150,2,2000,15.65
150,2,2001,16.1
150,2,2002,16.75
150,2,2003,17.23
150,2,2004,17.46
150,2,2005,18.09
150,2,2006,18.89
150,2,2007,19.47
150,2,2008,20.37
150,2,2009,21.45
150,2,2010,22.84
150,2,2011,24.26
150,2,2012,25.56
150,2,2013,26.88
150,2,2014,28.19
150,2,2015,29.23
150,2,2016,30.25
150,2,2017,32.04
150,2,2018,33.55
150,2,2019,35.02
150,2,2020,36.49
150,2,2021,41.46
150,2,2022,41.42
150,2,2023,44.6
151,1,1990,16.47
151,1,1991,16.9
151,1,1992,17.76
151,1,1993,18.76
151,1,1994,19.8
151,1,1995,21.14
151,1,1996,22.03
151,1,1997,23.04
151,1,1998,24.53
151,1,1999,26.25
151,1,2000,28.57
151,1,2001,30.76
151,1,2002,33.38
151,1,2003,34.81
151,1,2004,35.08
151,1,2005,34.49
151,1,2006,34.26
151,1,2007,34.4
151,1,2008,34.94
151,1,2009,35.93
151,1,2010,37.85
151,1,2011,40.76
151,1,2012,44.43
151,1,2013,45.74
151,1,2014,47.24
151,1,2015,52.78
151,1,2016,53.07
151,1,2017,55.24
151,1,2018,59.24
151,1,2019,61.2
151,1,2020,59.98
151,1,2021,61.89
151,1,2022,64.19
151,1,2023,79.88
151,2,1990,3.27
151,2,1991,3.41
151,2,1992,3.66
151,2,1993,3.96
151,2,1994,4.15
151,2,1995,4.32
151,2,1996,4.41
151,2,1997,4.61
151,2,1998,4.77
151,2,1999,5.04
151,2,2000,5.48
151,2,2001,5.82
151,2,2002,6.2
151,2,2003,6.31
151,2,2004,6.21
151,2,2005,6.19
151,2,2006,6.19
151,2,2007,6.18
151,2,2008,6.28
151,2,2009,6.56
151,2,2010,6.99
151,2,2011,7.35
151,2,2012,7.69
151,2,2013,7.98
151,2,2014,8.47
151,2,2015,9.21
151,2,2016,9.39
151,2,2017,9.92
151,2,2018,10.66
151,2,2019,11.48
151,2,2020,12.14
151,2,2021,12.87
151,2,2022,14.22
151,2,2023,18.07
152,1,1990,627.41
152,1,1991,646.56
152,1,1992,663.69
152,1,1993,682.75
152,1,1994,696.31
152,1,1995,705.26
152,1,1996,710.08
152,1,1997,711.77
152,1,1998,725.35
152,1,1999,743.3
152,1,2000,782.29
152,1,2001,811.12
152,1,2002,852.47
152,1,2003,896.53
152,1,2004,956.98
152,1,2005,1031.5
152,1,2006,1112.45
152,1,2007,1197.58
152,1,2008,1267.31
152,1,2009,1320.19
152,1,2010,1345.82
152,1,2011,1339.56
152,1,2012,1314.04
152,1,2013,1250.16
152,1,2014,1167.04
152,1,2015,1128.09
152,1,2016,1106.56
152,1,2017,1125.97
152,1,2018,1153.25
152,1,2019,1195.9
152,1,2020,1244.49
152,1,2021,1276.21
152,1,2022,1287.89
152,1,2023,1339.93
152,2,1990,101.43
152,2,1991,106.93
152,2,1992,112.68
152,2,1993,118.85
152,2,1994,124.8
152,2,1995,129.83
152,2,1996,133.27
152,2,1997,138.98
152,2,1998,145.97
152,2,1999,154.37
152,2,2000,165.78
152,2,2001,177.39
152,2,2002,190.54
152,2,2003,204.5
152,2,2004,218.68
152,2,2005,237.05
152,2,2006,257.82
152,2,2007,279.47
152,2,2008,298.66
152,2,2009,313.42
152,2,2010,324.01
152,2,2011,330.84
152,2,2012,333.33
152,2,2013,329.84
152,2,2014,328.12
152,2,2015,324.08
152,2,2016,326.43
152,2,2017,338.28
152,2,2018,347.79
152,2,2019,367.89
152,2,2020,401.62
152,2,2021,430.54
152,2,2022,443.28
152,2,2023,439.19
153,1,1990,550.61
153,1,1991,563.9
153,1,1992,581.44
153,1,1993,597.85
153,1,1994,614.18
153,1,1995,630.46
153,1,1996,642.87
153,1,1997,654.03
153,1,1998,666.8
153,1,1999,681.16
153,1,2000,714.74
153,1,2001,747.24
153,1,2002,781.12
153,1,2003,812.34
153,1,2004,832.77
153,1,2005,863.87
153,1,2006,897.53
153,1,2007,943.08
153,1,2008,992.01
153,1,2009,1038.45
153,1,2010,1083.27
153,1,2011,1092.35
153,1,2012,1091.89
153,1,2013,1081.64
153,1,2014,1068.15
153,1,2015,1063.35
153,1,2016,1081.36
153,1,2017,1118.19
153,1,2018,1159.77
153,1,2019,1212.42
153,1,2020,1198.5
153,1,2021,1206.02
153,1,2022,1362.06
153,1,2023,1418.67
153,2,1990,142.68
153,2,1991,152.03
153,2,1992,162.21
153,2,1993,172.6
153,2,1994,181.91
153,2,1995,191.04
153,2,1996,201.02
153,2,1997,208.67
153,2,1998,213.14
153,2,1999,224.41
153,2,2000,253.01
153,2,2001,265.29
153,2,2002,273.29
153,2,2003,282.47
153,2,2004,281.44
153,2,2005,285.45
153,2,2006,287.87
153,2,2007,297.89
153,2,2008,313.02
153,2,2009,327.89
153,2,2010,343.15
153,2,2011,354.54
153,2,2012,355.5
153,2,2013,351.95
153,2,2014,348.6
153,2,2015,348.82
153,2,2016,357.4
153,2,2017,373.46
153,2,2018,388.88
153,2,2019,410.09
153,2,2020,411.96
153,2,2021,408.13
153,2,2022,454.4
153,2,2023,471.85
154,1,1990,1328.96
154,1,1991,1403.3
154,1,1992,1454.55
154,1,1993,1508.68
154,1,1994,1570.32
154,1,1995,1611.6
154,1,1996,1669.09
154,1,1997,1706.54
154,1,1998,1782.41
154,1,1999,1869.87
154,1,2000,1935.01
154,1,2001,2010.57
154,1,2002,2072.99
154,1,2003,2152.42
154,1,2004,2194.02
154,1,2005,2262.02
154,1,2006,2320.85
154,1,2007,2387.11
154,1,2008,2449.09
154,1,2009,2516.49
154,1,2010,2608.19
154,1,2011,2649.07
154,1,2012,2726.3
154,1,2013,2791.17
154,1,2014,2900.33
154,1,2015,2983.09
154,1,2016,3082.69
154,1,2017,3154.92
154,1,2018,3257.21
154,1,2019,3385.53
154,1,2020,3243.55
154,1,2021,3059.87
154,1,2022,3551.87
154,1,2023,4150.49
154,2,1990,171.36
154,2,1991,183.58
154,2,1992,193.29
154,2,1993,203.91
154,2,1994,213.86
154,2,1995,219.54
154,2,1996,228.39
154,2,1997,238
154,2,1998,250.35
154,2,1999,262.69
154,2,2000,271.5
154,2,2001,281.21
154,2,2002,289.97
154,2,2003,299.56
154,2,2004,307.27
154,2,2005,316.23
154,2,2006,326.33
154,2,2007,338.87
154,2,2008,352.13
154,2,2009,366.15
154,2,2010,382.19
154,2,2011,398.36
154,2,2012,416.33
154,2,2013,431.52
154,2,2014,452.34
154,2,2015,473.48
154,2,2016,497.56
154,2,2017,525.73
154,2,2018,551.9
154,2,2019,589.85
154,2,2020,584.78
154,2,2021,555.32
154,2,2022,663.68
154,2,2023,798.16
155,1,1990,12337.89
155,1,1991,12492.53
155,1,1992,12780.78
155,1,1993,13091.13
155,1,1994,13319.18
155,1,1995,13418.53
155,1,1996,13117.35
155,1,1997,13022.17
155,1,1998,13090.38
155,1,1999,12889.68
155,1,2000,13054.25
155,1,2001,13252.42
155,1,2002,13713.71
155,1,2003,14172.88
155,1,2004,14930.25
155,1,2005,16380.75
155,1,2006,18029.7
155,1,2007,19056.26
155,1,2008,19180.36
155,1,2009,18003.56
155,1,2010,18414.4
155,1,2011,19636.28
155,1,2012,20426.8
155,1,2013,21736.7
155,1,2014,22565.56
155,1,2015,23390.4
155,1,2016,24428.59
155,1,2017,24924.11
155,1,2018,25199.97
155,1,2019,26081.79
155,1,2020,27824.59
155,1,2021,29291.66
155,1,2022,29251.09
155,1,2023,29422.04
155,2,1990,1640.08
155,2,1991,1691.27
155,2,1992,1760.98
155,2,1993,1836.27
155,2,1994,1892.46
155,2,1995,1950.64
155,2,1996,1974.35
155,2,1997,2036.97
155,2,1998,2115.45
155,2,1999,2106.93
155,2,2000,2248.16
155,2,2001,2334.13
155,2,2002,2475.79
155,2,2003,2564.04
155,2,2004,2692.99
155,2,2005,2947.55
155,2,2006,3224.91
155,2,2007,3391.1
155,2,2008,3386.03
155,2,2009,3193
155,2,2010,3265.29
155,2,2011,3503.6
155,2,2012,3698.92
155,2,2013,3973.21
155,2,2014,4253.04
155,2,2015,4469.49
155,2,2016,4676.67
155,2,2017,4795.98
155,2,2018,4865.65
155,2,2019,5129.76
155,2,2020,5456.91
155,2,2021,6069.99
155,2,2022,6076.8
155,2,2023,6101.77
156,1,1990,112.42
156,1,1991,119.03
156,1,1992,125.75
156,1,1993,134.34
156,1,1994,144.38
156,1,1995,158.65
156,1,1996,167.13
156,1,1997,171.89
156,1,1998,181.3
156,1,1999,185.71
156,1,2000,175.19
156,1,2001,183.52
156,1,2002,187.59
156,1,2003,189.57
156,1,2004,185.88
156,1,2005,175.66
156,1,2006,185.94
156,1,2007,189.35
156,1,2008,186.56
156,1,2009,183.03
156,1,2010,188.01
156,1,2011,189.75
156,1,2012,188.93
156,1,2013,183.41
156,1,2014,182.14
156,1,2015,193.44
156,1,2016,206.49
156,1,2017,223.13
156,1,2018,237.93
156,1,2019,262.84
156,1,2020,229.18
156,1,2021,249.83
156,1,2022,324.38
156,1,2023,415.7
156,2,1990,22.4
156,2,1991,22.94
156,2,1992,23.34
156,2,1993,24.41
156,2,1994,25.22
156,2,1995,25.38
156,2,1996,25.8
156,2,1997,26.94
156,2,1998,29.11
156,2,1999,30.43
156,2,2000,32.17
156,2,2001,33.2
156,2,2002,32.74
156,2,2003,32.98
156,2,2004,35.46
156,2,2005,37.4
156,2,2006,38.34
156,2,2007,40.13
156,2,2008,41.35
156,2,2009,42.3
156,2,2010,41.66
156,2,2011,41.56
156,2,2012,41.15
156,2,2013,41.34
156,2,2014,42.53
156,2,2015,43.84
156,2,2016,44.97
156,2,2017,47.01
156,2,2018,49.44
156,2,2019,54.61
156,2,2020,57
156,2,2021,61.48
156,2,2022,69.52
156,2,2023,79.69
157,1,1990,410.43
157,1,1991,421.74
157,1,1992,435.17
157,1,1993,447.66
157,1,1994,463.41
157,1,1995,476.61
157,1,1996,490.82
157,1,1997,504.68
157,1,1998,517.66
157,1,1999,541.9
157,1,2000,565.51
157,1,2001,582.02
157,1,2002,601.46
157,1,2003,621.13
157,1,2004,648.49
157,1,2005,673.57
157,1,2006,700.83
157,1,2007,720.32
157,1,2008,758.63
157,1,2009,783.2
157,1,2010,792.3
157,1,2011,827.21
157,1,2012,858.01
157,1,2013,888.85
157,1,2014,897.43
157,1,2015,943.69
157,1,2016,949.13
157,1,2017,954.11
157,1,2018,963.37
157,1,2019,1020.1
157,1,2020,1087.96
157,1,2021,1093.47
157,1,2022,1151.38
157,1,2023,1185.75
157,2,1990,93.09
157,2,1991,95.47
157,2,1992,98.29
157,2,1993,100.22
157,2,1994,102.73
157,2,1995,104.05
157,2,1996,106.24
157,2,1997,109
157,2,1998,111.82
157,2,1999,117.36
157,2,2000,121.82
157,2,2001,126.18
157,2,2002,130.57
157,2,2003,136.1
157,2,2004,144.12
157,2,2005,151.17
157,2,2006,159
157,2,2007,165.85
157,2,2008,178.3
157,2,2009,186.73
157,2,2010,192.31
157,2,2011,205.48
157,2,2012,214.37
157,2,2013,229.08
157,2,2014,240.31
157,2,2015,252.07
157,2,2016,257.67
157,2,2017,266.15
157,2,2018,267.73
157,2,2019,278.31
157,2,2020,284.15
157,2,2021,294.48
157,2,2022,328.09
157,2,2023,356.49
160,1,1990,255.09
160,1,1991,254.15
160,1,1992,255.83
160,1,1993,263.56
160,1,1994,265.19
160,1,1995,269.63
160,1,1996,270.59
160,1,1997,271.4
160,1,1998,269.12
160,1,1999,271.4
160,1,2000,273.63
160,1,2001,274.15
160,1,2002,269.46
160,1,2003,276.37
160,1,2004,286.03
160,1,2005,291.79
160,1,2006,294.81
160,1,2007,299.33
160,1,2008,301.95
160,1,2009,305.46
160,1,2010,308.32
160,1,2011,317.93
160,1,2012,330.52
160,1,2013,337.23
160,1,2014,347.51
160,1,2015,355.87
160,1,2016,362.19
160,1,2017,365.01
160,1,2018,375.95
160,1,2019,382.8
160,1,2020,385.62
160,1,2021,437.83
160,1,2022,438.09
160,1,2023,461.44
160,2,1990,99.91
160,2,1991,100.03
160,2,1992,101.25
160,2,1993,103.97
160,2,1994,104.48
160,2,1995,105.31
160,2,1996,105.07
160,2,1997,104.64
160,2,1998,102.96
160,2,1999,104.27
160,2,2000,103.95
160,2,2001,103.15
160,2,2002,100.8
160,2,2003,104.72
160,2,2004,110.82
160,2,2005,114.36
160,2,2006,118.25
160,2,2007,122.52
160,2,2008,127.54
160,2,2009,134.32
160,2,2010,139.71
160,2,2011,145.38
160,2,2012,151.44
160,2,2013,158.84
160,2,2014,166.63
160,2,2015,174.34
160,2,2016,179.3
160,2,2017,185
160,2,2018,191.55
160,2,2019,201.69
160,2,2020,209.66
160,2,2021,237.86
160,2,2022,236.29
160,2,2023,244.76
161,1,1990,3019.06
161,1,1991,3311.43
161,1,1992,3239.02
161,1,1993,3307.2
161,1,1994,3407.38
161,1,1995,3492.43
161,1,1996,3596.95
161,1,1997,3698.99
161,1,1998,3844.05
161,1,1999,4011.5
161,1,2000,4090.53
161,1,2001,4225.7
161,1,2002,4370.28
161,1,2003,4545.05
161,1,2004,4673.92
161,1,2005,4811.81
161,1,2006,4900.16
161,1,2007,5021.26
161,1,2008,5171.28
161,1,2009,5457.88
161,1,2010,5771.49
161,1,2011,6170.66
161,1,2012,6757.71
161,1,2013,7254.99
161,1,2014,7812.35
161,1,2015,8252.4
161,1,2016,8745.75
161,1,2017,9135.93
161,1,2018,9681.18
161,1,2019,10082.91
161,1,2020,10271.89
161,1,2021,11565.93
161,1,2022,12550.14
161,1,2023,13217.94
161,2,1990,775.37
161,2,1991,916.44
161,2,1992,891.19
161,2,1993,930.21
161,2,1994,963.47
161,2,1995,988.84
161,2,1996,1045.34
161,2,1997,1095.37
161,2,1998,1165.96
161,2,1999,1230.99
161,2,2000,1256.59
161,2,2001,1283.61
161,2,2002,1322.75
161,2,2003,1349.01
161,2,2004,1348.09
161,2,2005,1365.26
161,2,2006,1397.89
161,2,2007,1440.53
161,2,2008,1480.25
161,2,2009,1567.62
161,2,2010,1655.36
161,2,2011,1723.27
161,2,2012,1838.22
161,2,2013,1991.04
161,2,2014,2160
161,2,2015,2332.15
161,2,2016,2527.01
161,2,2017,2730.31
161,2,2018,2947.95
161,2,2019,3190.22
161,2,2020,3429.08
161,2,2021,4032.19
161,2,2022,4371.6
161,2,2023,4825.9
162,1,1990,7.24
162,1,1991,7.76
162,1,1992,8.27
162,1,1993,8.65
162,1,1994,8.91
162,1,1995,9.55
162,1,1996,10.06
162,1,1997,10.63
162,1,1998,10.81
162,1,1999,11.18
162,1,2000,11.7
162,1,2001,12.31
162,1,2002,12.86
162,1,2003,13.44
162,1,2004,13.94
162,1,2005,14.48
162,1,2006,14.8
162,1,2007,15.12
162,1,2008,15.42
162,1,2009,15.67
162,1,2010,16.17
162,1,2011,17.05
162,1,2012,18.13
162,1,2013,18.84
162,1,2014,19.8
162,1,2015,20.45
162,1,2016,21.37
162,1,2017,22.2
162,1,2018,23.11
162,1,2019,23.74
162,1,2020,24.38
162,1,2021,25.97
162,1,2022,27.29
162,1,2023,27.62
162,2,1990,4.19
162,2,1991,4.5
162,2,1992,4.78
162,2,1993,5.04
162,2,1994,5.19
162,2,1995,5.57
162,2,1996,5.91
162,2,1997,6.4
162,2,1998,6.54
162,2,1999,6.74
162,2,2000,7.13
162,2,2001,7.62
162,2,2002,8.08
162,2,2003,8.55
162,2,2004,8.89
162,2,2005,9.2
162,2,2006,9.46
162,2,2007,9.77
162,2,2008,10.04
162,2,2009,10.28
162,2,2010,10.74
162,2,2011,11.31
162,2,2012,11.96
162,2,2013,12.48
162,2,2014,13.06
162,2,2015,13.69
162,2,2016,14.46
162,2,2017,15.27
162,2,2018,15.98
162,2,2019,16.66
162,2,2020,17.62
162,2,2021,18.59
162,2,2022,19.7
162,2,2023,20.71
163,1,1990,21194.87
163,1,1991,21686.95
163,1,1992,21954.23
163,1,1993,22267.11
163,1,1994,22362.2
163,1,1995,22600.75
163,1,1996,23929.96
163,1,1997,25669.09
163,1,1998,26817.46
163,1,1999,27437.41
163,1,2000,27976.94
163,1,2001,28818.95
163,1,2002,29879.18
163,1,2003,30202.9
163,1,2004,29938.65
163,1,2005,30929.03
163,1,2006,32813.44
163,1,2007,34629.86
163,1,2008,35331.7
163,1,2009,36652.39
163,1,2010,38564.24
163,1,2011,41423.01
163,1,2012,43829.7
163,1,2013,44749.87
163,1,2014,45630.72
163,1,2015,47358.46
163,1,2016,51870.49
163,1,2017,54870.1
163,1,2018,57652.59
163,1,2019,58491.41
163,1,2020,61296.97
163,1,2021,76481.39
163,1,2022,69460.75
163,1,2023,72199.83
163,2,1990,5539.85
163,2,1991,5788.95
163,2,1992,5867.45
163,2,1993,5852.78
163,2,1994,5880.69
163,2,1995,6155.29
163,2,1996,6684.36
163,2,1997,7233.41
163,2,1998,7698.39
163,2,1999,7953.22
163,2,2000,8201.03
163,2,2001,8547.37
163,2,2002,8908.87
163,2,2003,9115.28
163,2,2004,9323.5
163,2,2005,9777.46
163,2,2006,10298.33
163,2,2007,10964.33
163,2,2008,11289.69
163,2,2009,11750.78
163,2,2010,12460.71
163,2,2011,13091.58
163,2,2012,13996.15
163,2,2013,15224.92
163,2,2014,16844.92
163,2,2015,18379.18
163,2,2016,20014.63
163,2,2017,21393.31
163,2,2018,22665.18
163,2,2019,23859.23
163,2,2020,25163.34
163,2,2021,28509.68
163,2,2022,29608.17
163,2,2023,31552.75
164,1,1990,345.17
164,1,1991,366.48
164,1,1992,389.15
164,1,1993,404.17
164,1,1994,428.94
164,1,1995,452.96
164,1,1996,479.49
164,1,1997,503.42
164,1,1998,528.06
164,1,1999,552.87
164,1,2000,571.02
164,1,2001,588.58
164,1,2002,604.57
164,1,2003,619.68
164,1,2004,623.87
164,1,2005,626.09
164,1,2006,620.49
164,1,2007,618.23
164,1,2008,615.63
164,1,2009,620.67
164,1,2010,620.04
164,1,2011,636.54
164,1,2012,670.26
164,1,2013,690.66
164,1,2014,726.33
164,1,2015,738.15
164,1,2016,776.86
164,1,2017,791.9
164,1,2018,823.06
164,1,2019,846.9
164,1,2020,865.88
164,1,2021,1026.38
164,1,2022,1057.75
164,1,2023,1123.14
164,2,1990,153.77
164,2,1991,166.49
164,2,1992,177.39
164,2,1993,186.19
164,2,1994,197.89
164,2,1995,209.75
164,2,1996,222.61
164,2,1997,238.02
164,2,1998,251.14
164,2,1999,262.3
164,2,2000,273.36
164,2,2001,280.81
164,2,2002,286.43
164,2,2003,291.51
164,2,2004,292.66
164,2,2005,292.49
164,2,2006,290.99
164,2,2007,289.15
164,2,2008,286.65
164,2,2009,288.35
164,2,2010,287.11
164,2,2011,289.94
164,2,2012,298.53
164,2,2013,309.62
164,2,2014,324.99
164,2,2015,331.66
164,2,2016,352.62
164,2,2017,368.17
164,2,2018,386.76
164,2,2019,408.55
164,2,2020,429.83
164,2,2021,503.84
164,2,2022,545.08
164,2,2023,604.27
165,1,1990,2659.09
165,1,1991,2760.15
165,1,1992,2836.8
165,1,1993,2913.41
165,1,1994,2939.73
165,1,1995,2983.34
165,1,1996,3056.51
165,1,1997,3032.66
165,1,1998,3044.71
165,1,1999,3036.2
165,1,2000,3029.77
165,1,2001,3115.18
165,1,2002,3191.1
165,1,2003,3230.48
165,1,2004,3282.06
165,1,2005,3420.28
165,1,2006,3397.42
165,1,2007,3471.21
165,1,2008,3523.05
165,1,2009,3595.91
165,1,2010,3641.45
165,1,2011,3777.82
165,1,2012,3949.08
165,1,2013,4057.34
165,1,2014,4188.84
165,1,2015,4241.16
165,1,2016,4365.03
165,1,2017,4430.21
165,1,2018,4563.19
165,1,2019,4636.93
165,1,2020,5009.55
165,1,2021,5573.84
165,1,2022,5547.97
165,1,2023,6026.69
165,2,1990,1229.87
165,2,1991,1277.8
165,2,1992,1310.65
165,2,1993,1339.13
165,2,1994,1347.89
165,2,1995,1362.3
165,2,1996,1380.84
165,2,1997,1441.18
165,2,1998,1518.75
165,2,1999,1596.27
165,2,2000,1699.71
165,2,2001,1751.9
165,2,2002,1823.29
165,2,2003,1875.96
165,2,2004,1950.66
165,2,2005,2105.9
165,2,2006,2099.2
165,2,2007,2208.84
165,2,2008,2317.04
165,2,2009,2444.4
165,2,2010,2558.48
165,2,2011,2673.51
165,2,2012,2808.5
165,2,2013,2982.81
165,2,2014,3127.03
165,2,2015,3249.25
165,2,2016,3401.27
165,2,2017,3536.3
165,2,2018,3677.59
165,2,2019,3871.22
165,2,2020,4247.24
165,2,2021,4897.87
165,2,2022,4883.84
165,2,2023,5107.43
168,1,1990,191.52
168,1,1991,195.09
168,1,1992,198.64
168,1,1993,204.75
168,1,1994,210.77
168,1,1995,212.62
168,1,1996,205.35
168,1,1997,208.19
168,1,1998,224.73
168,1,1999,234.63
168,1,2000,242.04
168,1,2001,253.07
168,1,2002,270.29
168,1,2003,282.12
168,1,2004,290.49
168,1,2005,304.55
168,1,2006,326.59
168,1,2007,343.04
168,1,2008,364.5
168,1,2009,384.75
168,1,2010,405.35
168,1,2011,426.98
168,1,2012,445.76
168,1,2013,470.43
168,1,2014,499.21
168,1,2015,528.02
168,1,2016,549.66
168,1,2017,574.14
168,1,2018,597.93
168,1,2019,626.04
168,1,2020,668.07
168,1,2021,732.03
168,1,2022,785.45
168,1,2023,841.81
168,2,1990,59.49
168,2,1991,60.82
168,2,1992,62.29
168,2,1993,64.61
168,2,1994,67.05
168,2,1995,66.99
168,2,1996,63.08
168,2,1997,63.74
168,2,1998,70.78
168,2,1999,75.13
168,2,2000,77.22
168,2,2001,81.21
168,2,2002,85.2
168,2,2003,87.86
168,2,2004,91.51
168,2,2005,96.12
168,2,2006,106.81
168,2,2007,114.82
168,2,2008,123.71
168,2,2009,133.44
168,2,2010,143.01
168,2,2011,153.4
168,2,2012,163.48
168,2,2013,178.53
168,2,2014,196.23
168,2,2015,206.62
168,2,2016,209.9
168,2,2017,216.12
168,2,2018,227.5
168,2,2019,243.51
168,2,2020,255.48
168,2,2021,281.03
168,2,2022,326.27
168,2,2023,360.56
169,1,1990,35.11
169,1,1991,36.52
169,1,1992,37.51
169,1,1993,39.99
169,1,1994,41.35
169,1,1995,41.55
169,1,1996,42.59
169,1,1997,41.74
169,1,1998,42.22
169,1,1999,42.14
169,1,2000,41.33
169,1,2001,40.97
169,1,2002,41.17
169,1,2003,40.22
169,1,2004,39.79
169,1,2005,39.52
169,1,2006,39.88
169,1,2007,39.98
169,1,2008,40.09
169,1,2009,41.36
169,1,2010,44.3
169,1,2011,46.97
169,1,2012,48.43
169,1,2013,49.72
169,1,2014,50.46
169,1,2015,53.16
169,1,2016,54.14
169,1,2017,56.64
169,1,2018,58.23
169,1,2019,61.87
169,1,2020,66.7
169,1,2021,68.88
169,1,2022,80.73
169,1,2023,86.46
169,2,1990,20.76
169,2,1991,21.76
169,2,1992,22.35
169,2,1993,23.38
169,2,1994,23.99
169,2,1995,23.88
169,2,1996,24.75
169,2,1997,24.47
169,2,1998,25.2
169,2,1999,25.77
169,2,2000,25.36
169,2,2001,25.43
169,2,2002,25.88
169,2,2003,25.52
169,2,2004,25.47
169,2,2005,25.55
169,2,2006,25.89
169,2,2007,26.06
169,2,2008,26.07
169,2,2009,27.12
169,2,2010,29.34
169,2,2011,31.05
169,2,2012,31.72
169,2,2013,32.63
169,2,2014,33.18
169,2,2015,34.5
169,2,2016,35.88
169,2,2017,37.94
169,2,2018,39.17
169,2,2019,41.66
169,2,2020,43.25
169,2,2021,44.87
169,2,2022,53.14
169,2,2023,57.03
170,1,1990,36.6
170,1,1991,38.17
170,1,1992,39.72
170,1,1993,41.09
170,1,1994,44.65
170,1,1995,45.06
170,1,1996,46.19
170,1,1997,49.27
170,1,1998,47.74
170,1,1999,50.42
170,1,2000,52.61
170,1,2001,52.75
170,1,2002,56.01
170,1,2003,59.15
170,1,2004,61.75
170,1,2005,66.21
170,1,2006,70.46
170,1,2007,74.52
170,1,2008,79
170,1,2009,83.74
170,1,2010,86.96
170,1,2011,88.34
170,1,2012,92.18
170,1,2013,95.37
170,1,2014,100.12
170,1,2015,105.79
170,1,2016,110.16
170,1,2017,114.4
170,1,2018,118.96
170,1,2019,128.28
170,1,2020,138.51
170,1,2021,147.42
170,1,2022,161.84
170,1,2023,171.91
170,2,1990,22.45
170,2,1991,22.75
170,2,1992,23.8
170,2,1993,24.14
170,2,1994,26.48
170,2,1995,26.43
170,2,1996,26.54
170,2,1997,28.65
170,2,1998,27.14
170,2,1999,28.5
170,2,2000,29.37
170,2,2001,28.69
170,2,2002,29.98
170,2,2003,31.55
170,2,2004,32.32
170,2,2005,34.51
170,2,2006,36.56
170,2,2007,38.6
170,2,2008,41.12
170,2,2009,43.47
170,2,2010,44.8
170,2,2011,46.66
170,2,2012,48.63
170,2,2013,50.05
170,2,2014,51.44
170,2,2015,53.84
170,2,2016,56.62
170,2,2017,58.56
170,2,2018,60.76
170,2,2019,65.23
170,2,2020,68.44
170,2,2021,71.72
170,2,2022,84.74
170,2,2023,91.73
171,1,1990,610.83
171,1,1991,629.69
171,1,1992,640.24
171,1,1993,647.46
171,1,1994,643.4
171,1,1995,644.17
171,1,1996,646.25
171,1,1997,648.42
171,1,1998,664.47
171,1,1999,681.95
171,1,2000,696.6
171,1,2001,711.38
171,1,2002,740.86
171,1,2003,750.36
171,1,2004,769.74
171,1,2005,791.61
171,1,2006,824.01
171,1,2007,852.91
171,1,2008,889.97
171,1,2009,926.47
171,1,2010,957.03
171,1,2011,999.58
171,1,2012,1045.25
171,1,2013,1101.65
171,1,2014,1172.71
171,1,2015,1232.45
171,1,2016,1290.05
171,1,2017,1353.68
171,1,2018,1433.2
171,1,2019,1520.37
171,1,2020,1728.55
171,1,2021,1798.11
171,1,2022,2028.21
171,1,2023,2126.14
171,2,1990,311.09
171,2,1991,324.92
171,2,1992,333.26
171,2,1993,339.79
171,2,1994,339.51
171,2,1995,342.84
171,2,1996,345.8
171,2,1997,352.08
171,2,1998,363.75
171,2,1999,380.49
171,2,2000,390.76
171,2,2001,396.9
171,2,2002,413.44
171,2,2003,421.28
171,2,2004,433.08
171,2,2005,448.62
171,2,2006,468.98
171,2,2007,486.15
171,2,2008,505.53
171,2,2009,527.33
171,2,2010,551.14
171,2,2011,579.76
171,2,2012,611.21
171,2,2013,647.76
171,2,2014,693.04
171,2,2015,734.77
171,2,2016,782.22
171,2,2017,836.26
171,2,2018,904.19
171,2,2019,975.81
171,2,2020,1056.59
171,2,2021,1122.75
171,2,2022,1369.61
171,2,2023,1463.65
172,1,1990,10.15
172,1,1991,10.42
172,1,1992,10.66
172,1,1993,11.01
172,1,1994,11.11
172,1,1995,11.47
172,1,1996,12.07
172,1,1997,13.31
172,1,1998,14.33
172,1,1999,15.59
172,1,2000,16.97
172,1,2001,18.33
172,1,2002,19.52
172,1,2003,20.1
172,1,2004,21.16
172,1,2005,22.75
172,1,2006,23.62
172,1,2007,24.62
172,1,2008,26.05
172,1,2009,28.42
172,1,2010,30.35
172,1,2011,30.8
172,1,2012,30.53
172,1,2013,31.4
172,1,2014,32.75
172,1,2015,34.07
172,1,2016,35.06
172,1,2017,36.24
172,1,2018,37.58
172,1,2019,39.09
172,1,2020,42.78
172,1,2021,46.83
172,1,2022,53
172,1,2023,57.53
172,2,1990,3.99
172,2,1991,4.16
172,2,1992,4.31
172,2,1993,4.45
172,2,1994,4.43
172,2,1995,4.62
172,2,1996,4.8
172,2,1997,5.39
172,2,1998,5.8
172,2,1999,6.33
172,2,2000,6.9
172,2,2001,7.43
172,2,2002,7.81
172,2,2003,8.02
172,2,2004,8.42
172,2,2005,9.15
172,2,2006,9.7
172,2,2007,10.36
172,2,2008,11.26
172,2,2009,12.23
172,2,2010,12.34
172,2,2011,12.77
172,2,2012,14.39
172,2,2013,15.44
172,2,2014,16.97
172,2,2015,17.14
172,2,2016,17.7
172,2,2017,19.93
172,2,2018,21.16
172,2,2019,21.85
172,2,2020,22.47
172,2,2021,25.83
172,2,2022,30.33
172,2,2023,33.53
173,1,1990,20.18
173,1,1991,21.49
173,1,1992,22.13
173,1,1993,22.27
173,1,1994,22.94
173,1,1995,23.93
173,1,1996,24.48
173,1,1997,25.8
173,1,1998,26.77
173,1,1999,26.94
173,1,2000,27.81
173,1,2001,28.79
173,1,2002,30.51
173,1,2003,31.35
173,1,2004,32.54
173,1,2005,34.63
173,1,2006,36.22
173,1,2007,37.89
173,1,2008,38.76
173,1,2009,39.42
173,1,2010,39.94
173,1,2011,41.25
173,1,2012,42.91
173,1,2013,45.78
173,1,2014,48.33
173,1,2015,51.93
173,1,2016,53.95
173,1,2017,55.76
173,1,2018,58.12
173,1,2019,61.13
173,1,2020,64.96
173,1,2021,67.67
173,1,2022,77.25
173,1,2023,82.31
173,2,1990,14.29
173,2,1991,15.24
173,2,1992,15.91
173,2,1993,15.67
173,2,1994,16.11
173,2,1995,16.91
173,2,1996,16.86
173,2,1997,17.57
173,2,1998,17.88
173,2,1999,17.49
173,2,2000,17.97
173,2,2001,18.44
173,2,2002,19.37
173,2,2003,19.74
173,2,2004,20.37
173,2,2005,21.85
173,2,2006,22.92
173,2,2007,23.7
173,2,2008,24.21
173,2,2009,24.89
173,2,2010,25.14
173,2,2011,25.92
173,2,2012,27.93
173,2,2013,30.84
173,2,2014,32.78
173,2,2015,34.55
173,2,2016,35.41
173,2,2017,36.25
173,2,2018,37.19
173,2,2019,38.77
173,2,2020,41.09
173,2,2021,43.73
173,2,2022,50.75
173,2,2023,54.48
175,1,1990,60.48
175,1,1991,60.72
175,1,1992,60.95
175,1,1993,61.52
175,1,1994,60.38
175,1,1995,60.05
175,1,1996,61.13
175,1,1997,61.14
175,1,1998,60.62
175,1,1999,61.06
175,1,2000,62.53
175,1,2001,63.89
175,1,2002,65.29
175,1,2003,67.06
175,1,2004,70.33
175,1,2005,74.85
175,1,2006,79.69
175,1,2007,86.03
175,1,2008,93.26
175,1,2009,99
175,1,2010,105.33
175,1,2011,112.24
175,1,2012,118.78
175,1,2013,124.3
175,1,2014,133.21
175,1,2015,141.35
175,1,2016,148.75
175,1,2017,155.45
175,1,2018,161.45
175,1,2019,171.2
175,1,2020,185.07
175,1,2021,217.55
175,1,2022,209.06
175,1,2023,226
175,2,1990,30.42
175,2,1991,30.01
175,2,1992,29.77
175,2,1993,29.72
175,2,1994,28.6
175,2,1995,28.06
175,2,1996,28.14
175,2,1997,27.7
175,2,1998,26.92
175,2,1999,26.53
175,2,2000,26.54
175,2,2001,26.31
175,2,2002,26.25
175,2,2003,25.97
175,2,2004,26.78
175,2,2005,27.99
175,2,2006,29.24
175,2,2007,31.03
175,2,2008,33.16
175,2,2009,34.67
175,2,2010,36.65
175,2,2011,39.25
175,2,2012,41.78
175,2,2013,43.38
175,2,2014,45.84
175,2,2015,48.87
175,2,2016,51.67
175,2,2017,54.89
175,2,2018,57.62
175,2,2019,61.88
175,2,2020,64.63
175,2,2021,74.73
175,2,2022,79.33
175,2,2023,88.2
176,1,1990,4.08
176,1,1991,4.25
176,1,1992,4.38
176,1,1993,4.49
176,1,1994,4.57
176,1,1995,4.62
176,1,1996,4.86
176,1,1997,4.72
176,1,1998,4.93
176,1,1999,4.98
176,1,2000,5.37
176,1,2001,5.41
176,1,2002,5.74
176,1,2003,5.84
176,1,2004,5.65
176,1,2005,6.03
176,1,2006,5.83
176,1,2007,6.43
176,1,2008,6.5
176,1,2009,6.59
176,1,2010,6.53
176,1,2011,6.86
176,1,2012,6.86
176,1,2013,7.07
176,1,2014,7.63
176,1,2015,7.83
176,1,2016,8.09
176,1,2017,8.3
176,1,2018,8.42
176,1,2019,8.92
176,1,2020,10.7
176,1,2021,13.71
176,1,2022,10.89
176,1,2023,11.36
176,2,1990,1.87
176,2,1991,1.98
176,2,1992,2.07
176,2,1993,2.14
176,2,1994,2.19
176,2,1995,2.2
176,2,1996,2.28
176,2,1997,2.27
176,2,1998,2.39
176,2,1999,2.38
176,2,2000,2.57
176,2,2001,2.56
176,2,2002,2.75
176,2,2003,2.77
176,2,2004,2.65
176,2,2005,2.86
176,2,2006,2.75
176,2,2007,3.1
176,2,2008,3.15
176,2,2009,3.09
176,2,2010,3.11
176,2,2011,3.21
176,2,2012,3.21
176,2,2013,3.26
176,2,2014,3.54
176,2,2015,3.58
176,2,2016,3.67
176,2,2017,3.76
176,2,2018,3.77
176,2,2019,3.97
176,2,2020,4.13
176,2,2021,4.47
176,2,2022,4.44
176,2,2023,4.86
177,1,1990,8.03
177,1,1991,8.24
177,1,1992,8.7
177,1,1993,9.92
177,1,1994,9.16
177,1,1995,9.86
177,1,1996,10.03
177,1,1997,10.12
177,1,1998,10.62
177,1,1999,10.96
177,1,2000,11.36
177,1,2001,11.75
177,1,2002,12.22
177,1,2003,12.32
177,1,2004,13.53
177,1,2005,14.28
177,1,2006,15.33
177,1,2007,16.41
177,1,2008,17.63
177,1,2009,18.6
177,1,2010,19.94
177,1,2011,21.49
177,1,2012,23.47
177,1,2013,24.91
177,1,2014,25.67
177,1,2015,28.47
177,1,2016,30.46
177,1,2017,32.81
177,1,2018,33.79
177,1,2019,36.3
177,1,2020,38.13
177,1,2021,45.17
177,1,2022,44.65
177,1,2023,50.06
177,2,1990,3.06
177,2,1991,3.15
177,2,1992,3.37
177,2,1993,3.94
177,2,1994,3.47
177,2,1995,3.73
177,2,1996,3.67
177,2,1997,3.57
177,2,1998,3.65
177,2,1999,3.61
177,2,2000,3.63
177,2,2001,3.65
177,2,2002,3.7
177,2,2003,3.59
177,2,2004,3.88
177,2,2005,4.04
177,2,2006,4.26
177,2,2007,4.61
177,2,2008,4.95
177,2,2009,5.16
177,2,2010,5.6
177,2,2011,5.99
177,2,2012,6.5
177,2,2013,6.97
177,2,2014,7.23
177,2,2015,8.1
177,2,2016,8.68
177,2,2017,9.66
177,2,2018,10.13
177,2,2019,10.97
177,2,2020,11.08
177,2,2021,12.21
177,2,2022,13.76
177,2,2023,15.58
178,1,1990,32.63
178,1,1991,32.98
178,1,1992,31.91
178,1,1993,30.61
178,1,1994,31.21
178,1,1995,31.45
178,1,1996,33.35
178,1,1997,35.34
178,1,1998,36.87
178,1,1999,38.77
178,1,2000,40.29
178,1,2001,41.13
178,1,2002,43.55
178,1,2003,44.96
178,1,2004,47.5
178,1,2005,49.91
178,1,2006,51.98
178,1,2007,54.16
178,1,2008,56.39
178,1,2009,58.86
178,1,2010,61.05
178,1,2011,64.04
178,1,2012,68.33
178,1,2013,72
178,1,2014,73.93
178,1,2015,79.45
178,1,2016,82.91
178,1,2017,87.08
178,1,2018,91.57
178,1,2019,94.82
178,1,2020,101.23
178,1,2021,106.41
178,1,2022,131.9
178,1,2023,131.23
178,2,1990,21.54
178,2,1991,22.44
178,2,1992,22.2
178,2,1993,21.62
178,2,1994,22.54
178,2,1995,23.7
178,2,1996,25.05
178,2,1997,26.49
178,2,1998,27.44
178,2,1999,28.49
178,2,2000,29.38
178,2,2001,29.71
178,2,2002,31.31
178,2,2003,31.84
178,2,2004,33.34
178,2,2005,34.68
178,2,2006,35.85
178,2,2007,37.2
178,2,2008,38.4
178,2,2009,39.74
178,2,2010,41.16
178,2,2011,43.33
178,2,2012,45.83
178,2,2013,47.68
178,2,2014,49.32
178,2,2015,52.17
178,2,2016,54.24
178,2,2017,56.99
178,2,2018,60.23
178,2,2019,62.87
178,2,2020,64.98
178,2,2021,65.75
178,2,2022,78.79
178,2,2023,83.54
179,1,1990,838.66
179,1,1991,871.05
179,1,1992,908.84
179,1,1993,947.86
179,1,1994,982.84
179,1,1995,1018.57
179,1,1996,1065.22
179,1,1997,1106.33
179,1,1998,1140.76
179,1,1999,1173.05
179,1,2000,1201.82
179,1,2001,1237.5
179,1,2002,1271.8
179,1,2003,1288.81
179,1,2004,1320.14
179,1,2005,1377.02
179,1,2006,1453.87
179,1,2007,1551.61
179,1,2008,1665.65
179,1,2009,1766.98
179,1,2010,1873.14
179,1,2011,2002.23
179,1,2012,2068.21
179,1,2013,2178.33
179,1,2014,2243.74
179,1,2015,2280.62
179,1,2016,2376.48
179,1,2017,2496.51
179,1,2018,2629.94
179,1,2019,2799.49
179,1,2020,2926.79
179,1,2021,3368.21
179,1,2022,3538.7
179,1,2023,3903.05
179,2,1990,134.87
179,2,1991,140.45
179,2,1992,146.89
179,2,1993,153.2
179,2,1994,157.81
179,2,1995,163.41
179,2,1996,171.05
179,2,1997,178.55
179,2,1998,184.91
179,2,1999,190.11
179,2,2000,196.33
179,2,2001,204.06
179,2,2002,212.9
179,2,2003,220.19
179,2,2004,230.35
179,2,2005,247.91
179,2,2006,271.5
179,2,2007,299.52
179,2,2008,330.14
179,2,2009,355.09
179,2,2010,382.58
179,2,2011,411.68
179,2,2012,432.54
179,2,2013,455.77
179,2,2014,470.33
179,2,2015,489.49
179,2,2016,527.17
179,2,2017,562.66
179,2,2018,605.87
179,2,2019,654.06
179,2,2020,669.56
179,2,2021,725.86
179,2,2022,899.25
179,2,2023,1004.65
180,1,1990,177.56
180,1,1991,181.92
180,1,1992,187.22
180,1,1993,194.15
180,1,1994,202.22
180,1,1995,209.93
180,1,1996,218.06
180,1,1997,225.9
180,1,1998,233.4
180,1,1999,241.3
180,1,2000,249.09
180,1,2001,254.9
180,1,2002,259.35
180,1,2003,266.33
180,1,2004,280.86
180,1,2005,288.11
180,1,2006,290.26
180,1,2007,296.35
180,1,2008,307.91
180,1,2009,321.26
180,1,2010,331.86
180,1,2011,346.31
180,1,2012,358.86
180,1,2013,369.21
180,1,2014,384.95
180,1,2015,405.54
180,1,2016,423.44
180,1,2017,438.17
180,1,2018,463.11
180,1,2019,484.84
180,1,2020,577.94
180,1,2021,669.99
180,1,2022,574.88
180,1,2023,615.19
180,2,1990,104.28
180,2,1991,106.82
180,2,1992,109.9
180,2,1993,113.57
180,2,1994,117.46
180,2,1995,121.53
180,2,1996,126.45
180,2,1997,131.9
180,2,1998,138.02
180,2,1999,143.21
180,2,2000,150.09
180,2,2001,153.37
180,2,2002,159.78
180,2,2003,158.68
180,2,2004,163.57
180,2,2005,166.27
180,2,2006,170.29
180,2,2007,173.09
180,2,2008,178.09
180,2,2009,183.74
180,2,2010,195.24
180,2,2011,203.62
180,2,2012,210.82
180,2,2013,213.74
180,2,2014,212.22
180,2,2015,228.89
180,2,2016,244.23
180,2,2017,261.95
180,2,2018,280.14
180,2,2019,296.73
180,2,2020,308.65
180,2,2021,357.21
180,2,2022,373.81
180,2,2023,402.91
181,1,1990,323.59
181,1,1991,329.48
181,1,1992,335.55
181,1,1993,330.46
181,1,1994,337.34
181,1,1995,331.36
181,1,1996,327.16
181,1,1997,324.96
181,1,1998,318.62
181,1,1999,319.01
181,1,2000,317.87
181,1,2001,316.52
181,1,2002,311.97
181,1,2003,306.24
181,1,2004,307.17
181,1,2005,309.35
181,1,2006,319.18
181,1,2007,334.54
181,1,2008,351.75
181,1,2009,363.32
181,1,2010,375.17
181,1,2011,389.5
181,1,2012,400.83
181,1,2013,414.64
181,1,2014,427.44
181,1,2015,445.92
181,1,2016,465.02
181,1,2017,478.03
181,1,2018,503.12
181,1,2019,525.84
181,1,2020,548.98
181,1,2021,630.57
181,1,2022,681.68
181,1,2023,713.98
181,2,1990,130.92
181,2,1991,135.49
181,2,1992,139.34
181,2,1993,140.19
181,2,1994,144.02
181,2,1995,141.61
181,2,1996,141.22
181,2,1997,138.94
181,2,1998,137.97
181,2,1999,139.79
181,2,2000,138.5
181,2,2001,137.82
181,2,2002,135.1
181,2,2003,131.92
181,2,2004,130.58
181,2,2005,132.03
181,2,2006,135.81
181,2,2007,141.59
181,2,2008,147.23
181,2,2009,150.77
181,2,2010,154.67
181,2,2011,159.61
181,2,2012,164.3
181,2,2013,169.07
181,2,2014,173.34
181,2,2015,181.11
181,2,2016,190.62
181,2,2017,200.55
181,2,2018,214.58
181,2,2019,227.7
181,2,2020,222.97
181,2,2021,250.47
181,2,2022,318.99
181,2,2023,349.91
182,1,1990,86.93
182,1,1991,87.82
182,1,1992,88.46
182,1,1993,89.68
182,1,1994,88.96
182,1,1995,89.59
182,1,1996,90.04
182,1,1997,90.94
182,1,1998,91.69
182,1,1999,92.16
182,1,2000,95.66
182,1,2001,96.94
182,1,2002,99.82
182,1,2003,100.28
182,1,2004,103.73
182,1,2005,104.05
182,1,2006,99.79
182,1,2007,96.34
182,1,2008,95.38
182,1,2009,97.21
182,1,2010,105.97
182,1,2011,113.12
182,1,2012,118.03
182,1,2013,121.23
182,1,2014,126.22
182,1,2015,131.97
182,1,2016,137.79
182,1,2017,143.54
182,1,2018,151.14
182,1,2019,159.93
182,1,2020,171.46
182,1,2021,267.13
182,1,2022,200.02
182,1,2023,207.18
182,2,1990,32.92
182,2,1991,32.02
182,2,1992,31.11
182,2,1993,30.49
182,2,1994,29.37
182,2,1995,29.2
182,2,1996,29.06
182,2,1997,29.16
182,2,1998,29.24
182,2,1999,29.17
182,2,2000,30.29
182,2,2001,30.85
182,2,2002,31.78
182,2,2003,31.75
182,2,2004,32.92
182,2,2005,33.29
182,2,2006,32.26
182,2,2007,31.89
182,2,2008,32.8
182,2,2009,34.42
182,2,2010,38.34
182,2,2011,41.84
182,2,2012,44.66
182,2,2013,46.45
182,2,2014,48.57
182,2,2015,51.17
182,2,2016,53.81
182,2,2017,57.36
182,2,2018,61.74
182,2,2019,66.48
182,2,2020,68.39
182,2,2021,86.63
182,2,2022,89.7
182,2,2023,98.7
183,1,1990,74.62
183,1,1991,82.19
183,1,1992,84.04
183,1,1993,79.92
183,1,1994,82.49
183,1,1995,89.55
183,1,1996,86.83
183,1,1997,79.47
183,1,1998,83.56
183,1,1999,92.02
183,1,2000,98.17
183,1,2001,107.28
183,1,2002,102.87
183,1,2003,108.09
183,1,2004,108.97
183,1,2005,105.21
183,1,2006,103.28
183,1,2007,105.87
183,1,2008,110.69
183,1,2009,109.87
183,1,2010,110.7
183,1,2011,113.26
183,1,2012,117.47
183,1,2013,122.92
183,1,2014,121.43
183,1,2015,120.61
183,1,2016,123.32
183,1,2017,121.03
183,1,2018,118.57
183,1,2019,121.59
183,1,2020,114.96
183,1,2021,118.7
183,1,2022,119.78
183,1,2023,131.55
183,2,1990,25.53
183,2,1991,27.08
183,2,1992,24.88
183,2,1993,26.59
183,2,1994,27.65
183,2,1995,27.58
183,2,1996,27.1
183,2,1997,27.45
183,2,1998,31.16
183,2,1999,37.92
183,2,2000,40.96
183,2,2001,42.24
183,2,2002,42.72
183,2,2003,43.96
183,2,2004,45.19
183,2,2005,46.46
183,2,2006,42.33
183,2,2007,42.42
183,2,2008,42.47
183,2,2009,43.02
183,2,2010,42.69
183,2,2011,44.23
183,2,2012,44.94
183,2,2013,46.22
183,2,2014,45.08
183,2,2015,47.42
183,2,2016,47.01
183,2,2017,48.5
183,2,2018,52.27
183,2,2019,51.33
183,2,2020,50.52
183,2,2021,49.86
183,2,2022,54.72
183,2,2023,57.67
184,1,1990,186.99
184,1,1991,189.42
184,1,1992,191.43
184,1,1993,193.06
184,1,1994,195.64
184,1,1995,200.6
184,1,1996,205.9
184,1,1997,210.34
184,1,1998,215.72
184,1,1999,220.94
184,1,2000,227.41
184,1,2001,231.78
184,1,2002,242.03
184,1,2003,243.79
184,1,2004,248.29
184,1,2005,251.24
184,1,2006,251.07
184,1,2007,247.03
184,1,2008,245.57
184,1,2009,239.4
184,1,2010,234.33
184,1,2011,236.61
184,1,2012,243.8
184,1,2013,247.87
184,1,2014,244.14
184,1,2015,244.85
184,1,2016,247.65
184,1,2017,253.09
184,1,2018,265.96
184,1,2019,287.39
184,1,2020,304.25
184,1,2021,350.37
184,1,2022,335.63
184,1,2023,348.09
184,2,1990,40.52
184,2,1991,40.5
184,2,1992,40.92
184,2,1993,41.33
184,2,1994,41.73
184,2,1995,42.55
184,2,1996,43.26
184,2,1997,44.06
184,2,1998,45.22
184,2,1999,46.27
184,2,2000,47.23
184,2,2001,47.51
184,2,2002,49.1
184,2,2003,49.46
184,2,2004,50.36
184,2,2005,50.92
184,2,2006,51.27
184,2,2007,51.06
184,2,2008,52.44
184,2,2009,51.52
184,2,2010,50.78
184,2,2011,50.79
184,2,2012,51.54
184,2,2013,52.08
184,2,2014,51.67
184,2,2015,52.77
184,2,2016,54.1
184,2,2017,55.91
184,2,2018,58.17
184,2,2019,62.27
184,2,2020,65.2
184,2,2021,66.49
184,2,2022,75.26
184,2,2023,80.2
185,1,1990,152.99
185,1,1991,157.62
185,1,1992,160.02
185,1,1993,160.91
185,1,1994,180.06
185,1,1995,136.64
185,1,1996,120.42
185,1,1997,131.01
185,1,1998,141.39
185,1,1999,143.27
185,1,2000,142.59
185,1,2001,141.35
185,1,2002,144.96
185,1,2003,150.57
185,1,2004,162.03
185,1,2005,171.44
185,1,2006,184.56
185,1,2007,194.05
185,1,2008,203.32
185,1,2009,213.79
185,1,2010,222.65
185,1,2011,235.85
185,1,2012,251.24
185,1,2013,269.2
185,1,2014,287.57
185,1,2015,304.86
185,1,2016,319.8
185,1,2017,336.7
185,1,2018,358.94
185,1,2019,386.32
185,1,2020,412.83
185,1,2021,469.48
185,1,2022,511.32
185,1,2023,558.25
185,2,1990,67.71
185,2,1991,69.51
185,2,1992,71.17
185,2,1993,71.77
185,2,1994,84.33
185,2,1995,59.34
185,2,1996,51.28
185,2,1997,56.24
185,2,1998,60.37
185,2,1999,60.03
185,2,2000,58.94
185,2,2001,57.64
185,2,2002,58.56
185,2,2003,59.71
185,2,2004,63.53
185,2,2005,69.23
185,2,2006,76.24
185,2,2007,80.81
185,2,2008,84.65
185,2,2009,89.19
185,2,2010,92.7
185,2,2011,98.29
185,2,2012,104.16
185,2,2013,111.92
185,2,2014,118.15
185,2,2015,124.4
185,2,2016,129.38
185,2,2017,136.78
185,2,2018,146.57
185,2,2019,158.75
185,2,2020,167.29
185,2,2021,180.65
185,2,2022,217.52
185,2,2023,241.6
186,1,1990,8.34
186,1,1991,8.92
186,1,1992,9.35
186,1,1993,9.62
186,1,1994,9.62
186,1,1995,9.71
186,1,1996,9.84
186,1,1997,10.07
186,1,1998,10.19
186,1,1999,10.27
186,1,2000,10.45
186,1,2001,10.55
186,1,2002,10.47
186,1,2003,10.38
186,1,2004,10.39
186,1,2005,10.5
186,1,2006,10.56
186,1,2007,10.78
186,1,2008,10.97
186,1,2009,11.13
186,1,2010,11.15
186,1,2011,11.28
186,1,2012,11.52
186,1,2013,11.74
186,1,2014,11.9
186,1,2015,11.97
186,1,2016,12.19
186,1,2017,12.26
186,1,2018,12.21
186,1,2019,12.48
186,1,2020,12.81
186,1,2021,14.05
186,1,2022,13.81
186,1,2023,16.73
186,2,1990,2.03
186,2,1991,2.13
186,2,1992,2.22
186,2,1993,2.31
186,2,1994,2.37
186,2,1995,2.42
186,2,1996,2.5
186,2,1997,2.61
186,2,1998,2.72
186,2,1999,2.81
186,2,2000,2.91
186,2,2001,2.99
186,2,2002,3.03
186,2,2003,3.05
186,2,2004,3.06
186,2,2005,3.07
186,2,2006,3.04
186,2,2007,3.09
186,2,2008,3.12
186,2,2009,3.16
186,2,2010,3.18
186,2,2011,3.2
186,2,2012,3.2
186,2,2013,3.25
186,2,2014,3.23
186,2,2015,3.25
186,2,2016,3.36
186,2,2017,3.37
186,2,2018,3.39
186,2,2019,3.57
186,2,2020,3.53
186,2,2021,4.12
186,2,2022,4.15
186,2,2023,4.62
187,1,1990,42.19
187,1,1991,43.41
187,1,1992,45
187,1,1993,45.33
187,1,1994,46.86
187,1,1995,47.43
187,1,1996,48.96
187,1,1997,51.1
187,1,1998,53.52
187,1,1999,55.98
187,1,2000,59.74
187,1,2001,61.9
187,1,2002,64.34
187,1,2003,66.31
187,1,2004,69.79
187,1,2005,73.36
187,1,2006,76.06
187,1,2007,79.56
187,1,2008,82.21
187,1,2009,86.08
187,1,2010,88.77
187,1,2011,92.35
187,1,2012,94.84
187,1,2013,97.81
187,1,2014,102.32
187,1,2015,108.08
187,1,2016,114.84
187,1,2017,121.13
187,1,2018,127.14
187,1,2019,132.92
187,1,2020,146.7
187,1,2021,200.23
187,1,2022,160.97
187,1,2023,171.93
187,2,1990,15.25
187,2,1991,15.86
187,2,1992,16.82
187,2,1993,16.98
187,2,1994,17.66
187,2,1995,17.86
187,2,1996,18.43
187,2,1997,19.19
187,2,1998,20.01
187,2,1999,20.84
187,2,2000,22.16
187,2,2001,22.93
187,2,2002,23.92
187,2,2003,24.43
187,2,2004,25.52
187,2,2005,26.63
187,2,2006,27.6
187,2,2007,28.81
187,2,2008,29.61
187,2,2009,31.01
187,2,2010,32.23
187,2,2011,33.48
187,2,2012,34.41
187,2,2013,35.42
187,2,2014,37.33
187,2,2015,39.73
187,2,2016,42.63
187,2,2017,45.57
187,2,2018,48.49
187,2,2019,51.77
187,2,2020,49.48
187,2,2021,58.7
187,2,2022,62.79
187,2,2023,68.03
189,1,1990,160.12
189,1,1991,166.7
189,1,1992,174.16
189,1,1993,178.76
189,1,1994,183.68
189,1,1995,187.24
189,1,1996,191.46
189,1,1997,196.11
189,1,1998,198.25
189,1,1999,198.38
189,1,2000,201.03
189,1,2001,205.06
189,1,2002,213.51
189,1,2003,221.16
189,1,2004,228.64
189,1,2005,232.43
189,1,2006,239.21
189,1,2007,248.47
189,1,2008,256.74
189,1,2009,264.78
189,1,2010,271.93
189,1,2011,286.61
189,1,2012,303.87
189,1,2013,314.36
189,1,2014,321.8
189,1,2015,332.99
189,1,2016,345.08
189,1,2017,351.26
189,1,2018,357.47
189,1,2019,363.73
189,1,2020,389.12
189,1,2021,439.51
189,1,2022,399.37
189,1,2023,436.37
189,2,1990,52.6
189,2,1991,54.58
189,2,1992,57.44
189,2,1993,58.96
189,2,1994,60.68
189,2,1995,62.17
189,2,1996,63.98
189,2,1997,66.87
189,2,1998,68.63
189,2,1999,69.18
189,2,2000,70.63
189,2,2001,72.28
189,2,2002,75.99
189,2,2003,79.6
189,2,2004,83.62
189,2,2005,86.56
189,2,2006,90.78
189,2,2007,96.03
189,2,2008,100.67
189,2,2009,104.14
189,2,2010,108.53
189,2,2011,113.33
189,2,2012,119.27
189,2,2013,123.97
189,2,2014,126.1
189,2,2015,129.15
189,2,2016,131.98
189,2,2017,134.45
189,2,2018,136.63
189,2,2019,138.9
189,2,2020,146.8
189,2,2021,176.27
189,2,2022,155.35
189,2,2023,171.99
190,1,1990,303.81
190,1,1991,325.48
190,1,1992,334
190,1,1993,344.32
190,1,1994,353.65
190,1,1995,357.41
190,1,1996,363.45
190,1,1997,369.6
190,1,1998,379.36
190,1,1999,386.78
190,1,2000,399.74
190,1,2001,398.35
190,1,2002,402.66
190,1,2003,397.6
190,1,2004,396.56
190,1,2005,394.73
190,1,2006,403.12
190,1,2007,417.46
190,1,2008,429.7
190,1,2009,439.22
190,1,2010,443.35
190,1,2011,456.35
190,1,2012,471.08
190,1,2013,481.57
190,1,2014,501.04
190,1,2015,522.56
190,1,2016,531.74
190,1,2017,540.9
190,1,2018,558.23
190,1,2019,573.62
190,1,2020,603.67
190,1,2021,737.02
190,1,2022,701.66
190,1,2023,762.63
190,2,1990,124.75
190,2,1991,134.95
190,2,1992,139.19
190,2,1993,147.02
190,2,1994,154.32
190,2,1995,158.6
190,2,1996,164.95
190,2,1997,169.37
190,2,1998,174.81
190,2,1999,178.28
190,2,2000,186.41
190,2,2001,191.18
190,2,2002,198.63
190,2,2003,201.13
190,2,2004,206.42
190,2,2005,215.01
190,2,2006,226.92
190,2,2007,236.38
190,2,2008,247.53
190,2,2009,258.72
190,2,2010,263.87
190,2,2011,275.96
190,2,2012,296.46
190,2,2013,318.51
190,2,2014,332.03
190,2,2015,349.87
190,2,2016,362.64
190,2,2017,381.81
190,2,2018,406.16
190,2,2019,430.25
190,2,2020,449.43
190,2,2021,522.67
190,2,2022,562.2
190,2,2023,625.27
191,1,1990,52.38
191,1,1991,53.87
191,1,1992,55.56
191,1,1993,57.13
191,1,1994,58.79
191,1,1995,60.92
191,1,1996,62.62
191,1,1997,63.83
191,1,1998,64.78
191,1,1999,65.76
191,1,2000,65.63
191,1,2001,68.58
191,1,2002,68.74
191,1,2003,68.22
191,1,2004,68
191,1,2005,67.9
191,1,2006,70.34
191,1,2007,71.42
191,1,2008,74.29
191,1,2009,78.38
191,1,2010,81.92
191,1,2011,87.78
191,1,2012,92.65
191,1,2013,96.68
191,1,2014,102.18
191,1,2015,107.52
191,1,2016,113.69
191,1,2017,117.71
191,1,2018,121.84
191,1,2019,127.83
191,1,2020,143.39
191,1,2021,182.79
191,1,2022,149.44
191,1,2023,158.82
191,2,1990,32.14
191,2,1991,32.37
191,2,1992,32.49
191,2,1993,32.61
191,2,1994,32.58
191,2,1995,32.83
191,2,1996,33.45
191,2,1997,34.23
191,2,1998,35.01
191,2,1999,35.89
191,2,2000,36.67
191,2,2001,39.18
191,2,2002,39.54
191,2,2003,40.35
191,2,2004,41.75
191,2,2005,43.68
191,2,2006,46.28
191,2,2007,48.54
191,2,2008,52.61
191,2,2009,56.4
191,2,2010,59.42
191,2,2011,63.17
191,2,2012,65.79
191,2,2013,67.96
191,2,2014,70.72
191,2,2015,74.72
191,2,2016,79.51
191,2,2017,84.13
191,2,2018,87.96
191,2,2019,93.92
191,2,2020,100.66
191,2,2021,116.33
191,2,2022,124.92
191,2,2023,138.55
193,1,1990,18.54
193,1,1991,19.36
193,1,1992,20.28
193,1,1993,21.2
193,1,1994,22.92
193,1,1995,25.2
193,1,1996,27.94
193,1,1997,31.62
193,1,1998,35.79
193,1,1999,39.48
193,1,2000,41.99
193,1,2001,44
193,1,2002,42.43
193,1,2003,37.66
193,1,2004,32.94
193,1,2005,30.32
193,1,2006,31.77
193,1,2007,29.92
193,1,2008,30.1
193,1,2009,30.26
193,1,2010,30.41
193,1,2011,31.73
193,1,2012,33.43
193,1,2013,35.34
193,1,2014,37.38
193,1,2015,40.21
193,1,2016,43.56
193,1,2017,45.8
193,1,2018,49.35
193,1,2019,53.35
193,1,2020,56.77
193,1,2021,63.94
193,1,2022,66.89
193,1,2023,72.64
193,2,1990,5.61
193,2,1991,5.53
193,2,1992,5.44
193,2,1993,5.33
193,2,1994,5.45
193,2,1995,5.66
193,2,1996,6.05
193,2,1997,6.72
193,2,1998,7.73
193,2,1999,8.91
193,2,2000,10.13
193,2,2001,11.01
193,2,2002,11.08
193,2,2003,10.23
193,2,2004,9.33
193,2,2005,9.17
193,2,2006,11.11
193,2,2007,9.57
193,2,2008,9.77
193,2,2009,10.14
193,2,2010,10.24
193,2,2011,10.48
193,2,2012,10.92
193,2,2013,11.32
193,2,2014,11.92
193,2,2015,12.87
193,2,2016,14.05
193,2,2017,15.14
193,2,2018,16.4
193,2,2019,17.63
193,2,2020,18.85
193,2,2021,23.22
193,2,2022,22.8
193,2,2023,24.21
194,1,1990,76.84
194,1,1991,76.63
194,1,1992,75.77
194,1,1993,75.78
194,1,1994,75.56
194,1,1995,77.12
194,1,1996,79.58
194,1,1997,82.37
194,1,1998,85.5
194,1,1999,89.74
194,1,2000,95.22
194,1,2001,113.48
194,1,2002,126.97
194,1,2003,122.06
194,1,2004,115.56
194,1,2005,95.35
194,1,2006,75.17
194,1,2007,62.89
194,1,2008,59.12
194,1,2009,61.23
194,1,2010,64.66
194,1,2011,68.5
194,1,2012,72.98
194,1,2013,79.14
194,1,2014,88.43
194,1,2015,96.72
194,1,2016,91.81
194,1,2017,85.47
194,1,2018,85.12
194,1,2019,86.68
194,1,2020,85.36
194,1,2021,90.36
194,1,2022,106.09
194,1,2023,114.57
194,2,1990,32.07
194,2,1991,32.93
194,2,1992,33.47
194,2,1993,33.97
194,2,1994,34.18
194,2,1995,34.4
194,2,1996,35.24
194,2,1997,36.18
194,2,1998,36
194,2,1999,35.85
194,2,2000,35.67
194,2,2001,42.03
194,2,2002,46.74
194,2,2003,41.28
194,2,2004,36.49
194,2,2005,30.22
194,2,2006,25.47
194,2,2007,23.36
194,2,2008,23.62
194,2,2009,25.1
194,2,2010,26.11
194,2,2011,27.43
194,2,2012,28.16
194,2,2013,28.86
194,2,2014,29.62
194,2,2015,30.53
194,2,2016,31.11
194,2,2017,31.79
194,2,2018,32.53
194,2,2019,33.19
194,2,2020,33.04
194,2,2021,37.04
194,2,2022,40.31
194,2,2023,41.72
195,1,1990,23.34
195,1,1991,24.27
195,1,1992,24.96
195,1,1993,25.24
195,1,1994,25.25
195,1,1995,24.72
195,1,1996,24.45
195,1,1997,24.65
195,1,1998,24.91
195,1,1999,25.38
195,1,2000,25.69
195,1,2001,25.75
195,1,2002,26.21
195,1,2003,26.54
195,1,2004,25.85
195,1,2005,25.23
195,1,2006,24.76
195,1,2007,25.56
195,1,2008,26.36
195,1,2009,27.03
195,1,2010,27.65
195,1,2011,28.79
195,1,2012,30.26
195,1,2013,31.19
195,1,2014,32.2
195,1,2015,33.86
195,1,2016,35.47
195,1,2017,36.28
195,1,2018,37.18
195,1,2019,39.63
195,1,2020,41.96
195,1,2021,53.52
195,1,2022,46.74
195,1,2023,48.83
195,2,1990,12.54
195,2,1991,13.09
195,2,1992,13.5
195,2,1993,13.51
195,2,1994,13.36
195,2,1995,12.91
195,2,1996,12.64
195,2,1997,12.56
195,2,1998,12.61
195,2,1999,12.83
195,2,2000,13.09
195,2,2001,13.12
195,2,2002,13.65
195,2,2003,13.93
195,2,2004,13.63
195,2,2005,13.55
195,2,2006,13.82
195,2,2007,14.92
195,2,2008,16.28
195,2,2009,16.97
195,2,2010,17.53
195,2,2011,18.45
195,2,2012,19.61
195,2,2013,20.38
195,2,2014,20.42
195,2,2015,21.03
195,2,2016,21.76
195,2,2017,22.84
195,2,2018,24.96
195,2,2019,27.11
195,2,2020,27.63
195,2,2021,31.27
195,2,2022,31.93
195,2,2023,33.65
196,1,1990,3675.01
196,1,1991,3675.59
196,1,1992,3763.44
196,1,1993,4051.07
196,1,1994,4323.06
196,1,1995,4302.42
196,1,1996,4605.36
196,1,1997,4549.97
196,1,1998,4607.31
196,1,1999,4533.69
196,1,2000,4316.67
196,1,2001,4236.41
196,1,2002,4155.02
196,1,2003,4101.79
196,1,2004,3916.08
196,1,2005,3877.96
196,1,2006,4038.28
196,1,2007,4231.09
196,1,2008,4422.92
196,1,2009,4780.77
196,1,2010,5065.71
196,1,2011,5387.74
196,1,2012,5637.35
196,1,2013,5901.04
196,1,2014,6229.49
196,1,2015,6419.33
196,1,2016,6490.83
196,1,2017,6527.29
196,1,2018,6575.63
196,1,2019,6404.69
196,1,2020,6370.51
196,1,2021,6790.14
196,1,2022,6933
196,1,2023,7481.34
196,2,1990,1070.18
196,2,1991,1118.57
196,2,1992,1139.44
196,2,1993,1268.31
196,2,1994,1347.4
196,2,1995,1433.6
196,2,1996,1563.71
196,2,1997,1523.66
196,2,1998,1567.03
196,2,1999,1526.63
196,2,2000,1487.76
196,2,2001,1478.49
196,2,2002,1463.24
196,2,2003,1457.88
196,2,2004,1432.54
196,2,2005,1510.58
196,2,2006,1624.29
196,2,2007,1737.11
196,2,2008,1873.68
196,2,2009,2061.64
196,2,2010,2212.92
196,2,2011,2373
196,2,2012,2505.21
196,2,2013,2666.5
196,2,2014,2821.73
196,2,2015,2916.43
196,2,2016,2978.76
196,2,2017,3030.66
196,2,2018,3081.48
196,2,2019,2910.86
196,2,2020,2741.37
196,2,2021,2739.77
196,2,2022,3044.47
196,2,2023,3526.39
197,1,1990,19.96
197,1,1991,21.08
197,1,1992,22.2
197,1,1993,22.81
197,1,1994,22.76
197,1,1995,19.48
197,1,1996,18.45
197,1,1997,17.78
197,1,1998,17
197,1,1999,16.8
197,1,2000,15.41
197,1,2001,16.18
197,1,2002,16.77
197,1,2003,17.67
197,1,2004,18.56
197,1,2005,17.4
197,1,2006,15.91
197,1,2007,14.74
197,1,2008,14.54
197,1,2009,14.44
197,1,2010,12.71
197,1,2011,12.07
197,1,2012,11.7
197,1,2013,11.2
197,1,2014,10.52
197,1,2015,10.7
197,1,2016,10.35
197,1,2017,10.75
197,1,2018,11.56
197,1,2019,12.27
197,1,2020,13.36
197,1,2021,14.92
197,1,2022,14.93
197,1,2023,15.34
197,2,1990,7.5
197,2,1991,7.93
197,2,1992,8.34
197,2,1993,8.45
197,2,1994,8.33
197,2,1995,7.63
197,2,1996,7.11
197,2,1997,6.6
197,2,1998,6.16
197,2,1999,5.88
197,2,2000,5.63
197,2,2001,5.91
197,2,2002,6.06
197,2,2003,6.63
197,2,2004,7.31
197,2,2005,7.67
197,2,2006,7.8
197,2,2007,7.54
197,2,2008,7.42
197,2,2009,7.55
197,2,2010,7.59
197,2,2011,7.77
197,2,2012,7.84
197,2,2013,7.81
197,2,2014,7.72
197,2,2015,7.76
197,2,2016,7.9
197,2,2017,8.27
197,2,2018,8.67
197,2,2019,9.12
197,2,2020,10.52
197,2,2021,11.71
197,2,2022,11.53
197,2,2023,11.64
198,1,1990,565.44
198,1,1991,606.51
198,1,1992,705.54
198,1,1993,758.16
198,1,1994,835.66
198,1,1995,866.41
198,1,1996,926.56
198,1,1997,972.34
198,1,1998,979.9
198,1,1999,966.78
198,1,2000,886.97
198,1,2001,889.09
198,1,2002,883.22
198,1,2003,868.73
198,1,2004,818.19
198,1,2005,743.14
198,1,2006,690.72
198,1,2007,620.83
198,1,2008,610.74
198,1,2009,599.32
198,1,2010,588.04
198,1,2011,618.22
198,1,2012,647.86
198,1,2013,662.22
198,1,2014,660.09
198,1,2015,677.4
198,1,2016,711.74
198,1,2017,714.03
198,1,2018,741.27
198,1,2019,760.06
198,1,2020,784.15
198,1,2021,996.37
198,1,2022,800.85
198,1,2023,819.8
198,2,1990,95.35
198,2,1991,97.61
198,2,1992,113.95
198,2,1993,121.67
198,2,1994,136.52
198,2,1995,146.3
198,2,1996,159.58
198,2,1997,173.53
198,2,1998,182.6
198,2,1999,188.17
198,2,2000,187.75
198,2,2001,195.99
198,2,2002,204.18
198,2,2003,209.31
198,2,2004,207.83
198,2,2005,197.51
198,2,2006,189
198,2,2007,176.77
198,2,2008,182.46
198,2,2009,184.08
198,2,2010,185.67
198,2,2011,202.75
198,2,2012,211.63
198,2,2013,215.19
198,2,2014,217.98
198,2,2015,228.97
198,2,2016,240.6
198,2,2017,245.69
198,2,2018,259.35
198,2,2019,269.58
198,2,2020,276.52
198,2,2021,334.48
198,2,2022,295.21
198,2,2023,306.42
200,1,1990,26.91
200,1,1991,27.65
200,1,1992,28.17
200,1,1993,29
200,1,1994,29.45
200,1,1995,29.96
200,1,1996,30.73
200,1,1997,31.48
200,1,1998,32.77
200,1,1999,33.51
200,1,2000,34.46
200,1,2001,33.95
200,1,2002,33.99
200,1,2003,33.94
200,1,2004,33.5
200,1,2005,33.77
200,1,2006,34.98
200,1,2007,35.12
200,1,2008,37.44
200,1,2009,39.32
200,1,2010,40.52
200,1,2011,42.68
200,1,2012,44.34
200,1,2013,45.4
200,1,2014,46.98
200,1,2015,52.22
200,1,2016,52.77
200,1,2017,54.66
200,1,2018,55.74
200,1,2019,58.52
200,1,2020,62.35
200,1,2021,63.35
200,1,2022,66.09
200,1,2023,71.14
200,2,1990,8.29
200,2,1991,8.72
200,2,1992,9
200,2,1993,9.41
200,2,1994,9.69
200,2,1995,9.86
200,2,1996,10.18
200,2,1997,10.41
200,2,1998,10.84
200,2,1999,11.1
200,2,2000,11.55
200,2,2001,11.39
200,2,2002,11.5
200,2,2003,11.53
200,2,2004,11.51
200,2,2005,11.74
200,2,2006,12.31
200,2,2007,12.58
200,2,2008,13.95
200,2,2009,15.42
200,2,2010,16.21
200,2,2011,17.22
200,2,2012,18.04
200,2,2013,19.04
200,2,2014,19.91
200,2,2015,21.02
200,2,2016,21.83
200,2,2017,22.96
200,2,2018,23.89
200,2,2019,25.84
200,2,2020,27.18
200,2,2021,27.86
200,2,2022,29.73
200,2,2023,32.93
201,1,1990,169.66
201,1,1991,170.84
201,1,1992,171.96
201,1,1993,174.57
201,1,1994,174.47
201,1,1995,175.28
201,1,1996,175.54
201,1,1997,175.05
201,1,1998,178.19
201,1,1999,177.6
201,1,2000,178.41
201,1,2001,176.12
201,1,2002,180.22
201,1,2003,179.73
201,1,2004,183.33
201,1,2005,186.9
201,1,2006,191.72
201,1,2007,190.68
201,1,2008,192.23
201,1,2009,193.13
201,1,2010,192.58
201,1,2011,190.15
201,1,2012,197.39
201,1,2013,196.73
201,1,2014,202.27
201,1,2015,229.82
201,1,2016,232.95
201,1,2017,237.3
201,1,2018,241.02
201,1,2019,243.81
201,1,2020,250.56
201,1,2021,254.01
201,1,2022,304.54
201,1,2023,340.35
201,2,1990,54.41
201,2,1991,52.89
201,2,1992,52.63
201,2,1993,53.22
201,2,1994,53.07
201,2,1995,53.21
201,2,1996,52.79
201,2,1997,52.79
201,2,1998,53.31
201,2,1999,53.38
201,2,2000,54.45
201,2,2001,53.84
201,2,2002,56.52
201,2,2003,56.44
201,2,2004,58.76
201,2,2005,62.15
201,2,2006,66.12
201,2,2007,67.65
201,2,2008,70.48
201,2,2009,73.19
201,2,2010,75.5
201,2,2011,78.51
201,2,2012,82.53
201,2,2013,85.05
201,2,2014,86.71
201,2,2015,95.03
201,2,2016,98.32
201,2,2017,101.95
201,2,2018,104.11
201,2,2019,106.41
201,2,2020,105.44
201,2,2021,107.05
201,2,2022,137.08
201,2,2023,151.83
202,1,1990,247.29
202,1,1991,245.78
202,1,1992,240.19
202,1,1993,238.53
202,1,1994,237.73
202,1,1995,239.33
202,1,1996,241.7
202,1,1997,241.44
202,1,1998,247.86
202,1,1999,253.2
202,1,2000,263.51
202,1,2001,264.01
202,1,2002,270.47
202,1,2003,271.65
202,1,2004,273.68
202,1,2005,278.2
202,1,2006,290.58
202,1,2007,294.7
202,1,2008,312.3
202,1,2009,330.54
202,1,2010,346.94
202,1,2011,362.93
202,1,2012,380.29
202,1,2013,392.84
202,1,2014,408.21
202,1,2015,452.37
202,1,2016,455.82
202,1,2017,469.89
202,1,2018,491.68
202,1,2019,515.55
202,1,2020,540.94
202,1,2021,570.37
202,1,2022,619.2
202,1,2023,676.99
202,2,1990,97.99
202,2,1991,97.98
202,2,1992,96.96
202,2,1993,96.37
202,2,1994,94.93
202,2,1995,93.79
202,2,1996,93.92
202,2,1997,93.79
202,2,1998,95.78
202,2,1999,97.69
202,2,2000,102.51
202,2,2001,102.28
202,2,2002,106.23
202,2,2003,107.68
202,2,2004,110.37
202,2,2005,114.46
202,2,2006,121.79
202,2,2007,124.81
202,2,2008,134.51
202,2,2009,144.76
202,2,2010,154.74
202,2,2011,163.85
202,2,2012,174.15
202,2,2013,182.3
202,2,2014,186.28
202,2,2015,201.16
202,2,2016,210.57
202,2,2017,224.29
202,2,2018,242.01
202,2,2019,256.69
202,2,2020,275.02
202,2,2021,293.83
202,2,2022,324.12
202,2,2023,356.01
203,1,1990,14.79
203,1,1991,15.08
203,1,1992,15.42
203,1,1993,15.74
203,1,1994,16.45
203,1,1995,18.74
203,1,1996,16.27
203,1,1997,16.24
203,1,1998,16.67
203,1,1999,17.23
203,1,2000,17.63
203,1,2001,18.19
203,1,2002,18.65
203,1,2003,19.11
203,1,2004,19.53
203,1,2005,20.01
203,1,2006,21.06
203,1,2007,22.1
203,1,2008,22.31
203,1,2009,22.86
203,1,2010,23.39
203,1,2011,25.28
203,1,2012,26.68
203,1,2013,26.8
203,1,2014,27.4
203,1,2015,29.54
203,1,2016,29.36
203,1,2017,30.42
203,1,2018,29.11
203,1,2019,29.99
203,1,2020,30.27
203,1,2021,30.92
203,1,2022,33.72
203,1,2023,35.29
203,2,1990,9.21
203,2,1991,9.41
203,2,1992,9.46
203,2,1993,9.52
203,2,1994,9.9
203,2,1995,11.85
203,2,1996,9.64
203,2,1997,9.62
203,2,1998,9.71
203,2,1999,9.86
203,2,2000,10.05
203,2,2001,10.24
203,2,2002,10.44
203,2,2003,10.67
203,2,2004,10.89
203,2,2005,11.23
203,2,2006,11.7
203,2,2007,12.19
203,2,2008,12.53
203,2,2009,12.92
203,2,2010,13.3
203,2,2011,14.16
203,2,2012,15.19
203,2,2013,16.05
203,2,2014,17.08
203,2,2015,18.13
203,2,2016,18.79
203,2,2017,19.12
203,2,2018,19.46
203,2,2019,19.86
203,2,2020,18.99
203,2,2021,19.33
203,2,2022,23.61
203,2,2023,25.44
204,1,1990,145.82
204,1,1991,145.61
204,1,1992,143.65
204,1,1993,144.39
204,1,1994,140.4
204,1,1995,136.88
204,1,1996,136.42
204,1,1997,135.41
204,1,1998,134.68
204,1,1999,134.86
204,1,2000,135.66
204,1,2001,137.53
204,1,2002,139.94
204,1,2003,140.99
204,1,2004,145
204,1,2005,147.53
204,1,2006,148.59
204,1,2007,150.62
204,1,2008,152.62
204,1,2009,157.61
204,1,2010,162.51
204,1,2011,169.52
204,1,2012,176.89
204,1,2013,179.97
204,1,2014,184.83
204,1,2015,201.34
204,1,2016,204.25
204,1,2017,208.69
204,1,2018,214.87
204,1,2019,221.25
204,1,2020,236.97
204,1,2021,234.26
204,1,2022,275.69
204,1,2023,294.98
204,2,1990,46.39
204,2,1991,46.6
204,2,1992,46.26
204,2,1993,46.77
204,2,1994,45.14
204,2,1995,43.49
204,2,1996,43.65
204,2,1997,43.66
204,2,1998,43.15
204,2,1999,43.01
204,2,2000,43.4
204,2,2001,44.04
204,2,2002,44.7
204,2,2003,44.98
204,2,2004,45.94
204,2,2005,47.26
204,2,2006,48.32
204,2,2007,49.69
204,2,2008,50.82
204,2,2009,52.63
204,2,2010,54.91
204,2,2011,57.13
204,2,2012,59.03
204,2,2013,60.92
204,2,2014,62.57
204,2,2015,66.16
204,2,2016,68.58
204,2,2017,70.84
204,2,2018,73.87
204,2,2019,76.83
204,2,2020,78.25
204,2,2021,80.08
204,2,2022,96.14
204,2,2023,103.67
205,1,1990,108.14
205,1,1991,110.6
205,1,1992,113.03
205,1,1993,117.76
205,1,1994,122.17
205,1,1995,126.85
205,1,1996,134.61
205,1,1997,142.1
205,1,1998,149.51
205,1,1999,154.48
205,1,2000,160.32
205,1,2001,156.25
205,1,2002,154.15
205,1,2003,147.03
205,1,2004,143.46
205,1,2005,141.9
205,1,2006,142.8
205,1,2007,141.32
205,1,2008,143.47
205,1,2009,143.46
205,1,2010,140.62
205,1,2011,150.26
205,1,2012,168.1
205,1,2013,177.45
205,1,2014,187.89
205,1,2015,216.98
205,1,2016,227.23
205,1,2017,236.74
205,1,2018,252.04
205,1,2019,260.2
205,1,2020,284.31
205,1,2021,295.06
205,1,2022,349.22
205,1,2023,385.05
205,2,1990,54.31
205,2,1991,54.61
205,2,1992,56.02
205,2,1993,58.37
205,2,1994,60.83
205,2,1995,63.21
205,2,1996,66.84
205,2,1997,70.17
205,2,1998,73.55
205,2,1999,75.8
205,2,2000,79.06
205,2,2001,76.45
205,2,2002,76.96
205,2,2003,73.95
205,2,2004,74.47
205,2,2005,76.13
205,2,2006,79.52
205,2,2007,80.1
205,2,2008,83.19
205,2,2009,84.13
205,2,2010,85.24
205,2,2011,89.98
205,2,2012,99.1
205,2,2013,108.67
205,2,2014,115.95
205,2,2015,132.32
205,2,2016,144.33
205,2,2017,154.6
205,2,2018,165.34
205,2,2019,169.5
205,2,2020,180.89
205,2,2021,187.35
205,2,2022,230.09
205,2,2023,257.32
206,1,1990,5.99
206,1,1991,6.37
206,1,1992,6.95
206,1,1993,7.06
206,1,1994,7.12
206,1,1995,8.19
206,1,1996,7.89
206,1,1997,8.06
206,1,1998,8.73
206,1,1999,9.55
206,1,2000,9.09
206,1,2001,8.74
206,1,2002,9
206,1,2003,9.28
206,1,2004,10.33
206,1,2005,10.86
206,1,2006,10.79
206,1,2007,10.97
206,1,2008,10.61
206,1,2009,11.08
206,1,2010,11.1
206,1,2011,10.42
206,1,2012,10.94
206,1,2013,10.88
206,1,2014,12.04
206,1,2015,12.47
206,1,2016,13.5
206,1,2017,15.58
206,1,2018,15.61
206,1,2019,16.96
206,1,2020,17.97
206,1,2021,18.66
206,1,2022,20.04
206,1,2023,22.04
206,2,1990,0.94
206,2,1991,1
206,2,1992,1.1
206,2,1993,1.12
206,2,1994,1.11
206,2,1995,1.33
206,2,1996,1.26
206,2,1997,1.28
206,2,1998,1.42
206,2,1999,1.6
206,2,2000,1.53
206,2,2001,1.51
206,2,2002,1.6
206,2,2003,1.72
206,2,2004,2.02
206,2,2005,2.23
206,2,2006,2.28
206,2,2007,2.39
206,2,2008,2.38
206,2,2009,2.59
206,2,2010,2.66
206,2,2011,2.52
206,2,2012,2.69
206,2,2013,2.78
206,2,2014,3.13
206,2,2015,3.15
206,2,2016,3.53
206,2,2017,4.22
206,2,2018,4.32
206,2,2019,4.87
206,2,2020,4.84
206,2,2021,5.2
206,2,2022,6.08
206,2,2023,6.56
207,1,1990,293.59
207,1,1991,299.16
207,1,1992,307.54
207,1,1993,319.21
207,1,1994,330.69
207,1,1995,338.05
207,1,1996,345.51
207,1,1997,354.39
207,1,1998,369.2
207,1,1999,377.83
207,1,2000,393.96
207,1,2001,397.54
207,1,2002,403.57
207,1,2003,400.67
207,1,2004,403.01
207,1,2005,404.61
207,1,2006,411.54
207,1,2007,403.67
207,1,2008,423.68
207,1,2009,441.46
207,1,2010,450.94
207,1,2011,486.72
207,1,2012,516.93
207,1,2013,530.55
207,1,2014,555.21
207,1,2015,625.86
207,1,2016,650.65
207,1,2017,677.15
207,1,2018,701.33
207,1,2019,731.86
207,1,2020,781.53
207,1,2021,834.49
207,1,2022,907.74
207,1,2023,922.67
207,2,1990,184.06
207,2,1991,188.11
207,2,1992,193.48
207,2,1993,200.55
207,2,1994,206.71
207,2,1995,206.64
207,2,1996,208.18
207,2,1997,210.62
207,2,1998,217.72
207,2,1999,221.34
207,2,2000,231.53
207,2,2001,215.7
207,2,2002,203.6
207,2,2003,185.07
207,2,2004,173.35
207,2,2005,166.01
207,2,2006,162.67
207,2,2007,155.11
207,2,2008,167.21
207,2,2009,177.84
207,2,2010,189.01
207,2,2011,209.62
207,2,2012,225.02
207,2,2013,235.07
207,2,2014,244.33
207,2,2015,265.26
207,2,2016,282.33
207,2,2017,299.86
207,2,2018,323.68
207,2,2019,349.59
207,2,2020,372.59
207,2,2021,404
207,2,2022,473.16
207,2,2023,507.97
208,1,1990,146.05
208,1,1991,151.56
208,1,1992,158.31
208,1,1993,162.35
208,1,1994,167.63
208,1,1995,172.45
208,1,1996,173.72
208,1,1997,174.83
208,1,1998,176.86
208,1,1999,176.67
208,1,2000,175.74
208,1,2001,174.65
208,1,2002,173.4
208,1,2003,171.12
208,1,2004,169.02
208,1,2005,168.41
208,1,2006,171.76
208,1,2007,171.22
208,1,2008,172.84
208,1,2009,174.75
208,1,2010,176.76
208,1,2011,181.68
208,1,2012,186.68
208,1,2013,184.09
208,1,2014,188.5
208,1,2015,200.33
208,1,2016,202.76
208,1,2017,208.73
208,1,2018,214.85
208,1,2019,221.88
208,1,2020,228.29
208,1,2021,237.26
208,1,2022,268.91
208,1,2023,280.28
208,2,1990,33.7
208,2,1991,35.28
208,2,1992,36.87
208,2,1993,38.42
208,2,1994,40.38
208,2,1995,42.41
208,2,1996,43.66
208,2,1997,44.42
208,2,1998,45.45
208,2,1999,46.26
208,2,2000,47.26
208,2,2001,47.15
208,2,2002,47.23
208,2,2003,47
208,2,2004,46.59
208,2,2005,47.18
208,2,2006,48.34
208,2,2007,48.3
208,2,2008,48.97
208,2,2009,50.17
208,2,2010,51.61
208,2,2011,53.06
208,2,2012,54.92
208,2,2013,56
208,2,2014,57.69
208,2,2015,59.93
208,2,2016,61.43
208,2,2017,63.38
208,2,2018,66.43
208,2,2019,71.63
208,2,2020,73.09
208,2,2021,76.98
208,2,2022,95.54
208,2,2023,102.87
209,1,1990,12.16
209,1,1991,12.26
209,1,1992,12.3
209,1,1993,12.37
209,1,1994,12.62
209,1,1995,12.44
209,1,1996,13.68
209,1,1997,13.43
209,1,1998,12.59
209,1,1999,12.31
209,1,2000,12.23
209,1,2001,12.37
209,1,2002,12.57
209,1,2003,12.71
209,1,2004,12.85
209,1,2005,13.63
209,1,2006,13.41
209,1,2007,13.6
209,1,2008,14.31
209,1,2009,14.47
209,1,2010,14.89
209,1,2011,15.42
209,1,2012,16.15
209,1,2013,15.93
209,1,2014,16.77
209,1,2015,18.41
209,1,2016,19.23
209,1,2017,20.43
209,1,2018,21.05
209,1,2019,22.15
209,1,2020,23.86
209,1,2021,23.61
209,1,2022,27.19
209,1,2023,28.62
209,2,1990,4.96
209,2,1991,5.05
209,2,1992,5.12
209,2,1993,5.18
209,2,1994,5.34
209,2,1995,5.21
209,2,1996,5.91
209,2,1997,5.78
209,2,1998,5.24
209,2,1999,5.2
209,2,2000,5.18
209,2,2001,5.34
209,2,2002,5.55
209,2,2003,5.74
209,2,2004,5.96
209,2,2005,6.54
209,2,2006,6.45
209,2,2007,6.64
209,2,2008,7.16
209,2,2009,7.31
209,2,2010,7.67
209,2,2011,8.13
209,2,2012,8.74
209,2,2013,9.11
209,2,2014,9.42
209,2,2015,10.06
209,2,2016,10.76
209,2,2017,11.58
209,2,2018,12.34
209,2,2019,13.29
209,2,2020,13
209,2,2021,12.93
209,2,2022,16.04
209,2,2023,17.44
210,1,1990,63.69
210,1,1991,62.46
210,1,1992,58.48
210,1,1993,57.77
210,1,1994,57.9
210,1,1995,54.87
210,1,1996,57.67
210,1,1997,53.3
210,1,1998,54.38
210,1,1999,55.1
210,1,2000,55.47
210,1,2001,54.67
210,1,2002,54.81
210,1,2003,54.5
210,1,2004,55.15
210,1,2005,54.59
210,1,2006,56.57
210,1,2007,57.14
210,1,2008,58.88
210,1,2009,60.93
210,1,2010,62.47
210,1,2011,65.7
210,1,2012,70.23
210,1,2013,72.52
210,1,2014,72.99
210,1,2015,78.99
210,1,2016,80.94
210,1,2017,82.4
210,1,2018,87.42
210,1,2019,93.71
210,1,2020,108.84
210,1,2021,124.55
210,1,2022,117.92
210,1,2023,127.7
210,2,1990,15.57
210,2,1991,15.19
210,2,1992,14.27
210,2,1993,14.17
210,2,1994,14.05
210,2,1995,13.46
210,2,1996,14.11
210,2,1997,13.3
210,2,1998,13.79
210,2,1999,14.1
210,2,2000,14.77
210,2,2001,14.79
210,2,2002,15.49
210,2,2003,15.42
210,2,2004,15.86
210,2,2005,16.11
210,2,2006,17.65
210,2,2007,18.13
210,2,2008,19.4
210,2,2009,20.72
210,2,2010,21.93
210,2,2011,23.07
210,2,2012,25.35
210,2,2013,27.23
210,2,2014,27.44
210,2,2015,28.92
210,2,2016,29.85
210,2,2017,31.69
210,2,2018,34.22
210,2,2019,37.29
210,2,2020,39.22
210,2,2021,46.08
210,2,2022,50.55
210,2,2023,55.31
211,1,1990,142.79
211,1,1991,145.6
211,1,1992,147.28
211,1,1993,149.47
211,1,1994,150.01
211,1,1995,152.39
211,1,1996,159.4
211,1,1997,164.08
211,1,1998,171.43
211,1,1999,176.77
211,1,2000,182.05
211,1,2001,183.32
211,1,2002,185.33
211,1,2003,187.38
211,1,2004,191.31
211,1,2005,194.96
211,1,2006,203.21
211,1,2007,210.53
211,1,2008,217
211,1,2009,225.77
211,1,2010,232.82
211,1,2011,234.57
211,1,2012,237.85
211,1,2013,235.83
211,1,2014,247.89
211,1,2015,280.46
211,1,2016,292.29
211,1,2017,313.33
211,1,2018,327.18
211,1,2019,334.33
211,1,2020,340.83
211,1,2021,371.36
211,1,2022,404.78
211,1,2023,436.38
211,2,1990,48.75
211,2,1991,49.25
211,2,1992,49.61
211,2,1993,50.29
211,2,1994,50.4
211,2,1995,50.96
211,2,1996,52.31
211,2,1997,52.23
211,2,1998,53.22
211,2,1999,53.82
211,2,2000,54.7
211,2,2001,54.43
211,2,2002,55
211,2,2003,55.48
211,2,2004,56.84
211,2,2005,58.11
211,2,2006,61
211,2,2007,64.58
211,2,2008,67.8
211,2,2009,71.74
211,2,2010,75.43
211,2,2011,78.61
211,2,2012,80.08
211,2,2013,81.8
211,2,2014,85.54
211,2,2015,95.15
211,2,2016,101.96
211,2,2017,110.41
211,2,2018,117.4
211,2,2019,122.62
211,2,2020,121.2
211,2,2021,133.18
211,2,2022,158.79
211,2,2023,173.43
212,1,1990,56.91
212,1,1991,58.38
212,1,1992,60.84
212,1,1993,64.54
212,1,1994,63.03
212,1,1995,63.89
212,1,1996,66.76
212,1,1997,69.18
212,1,1998,73.79
212,1,1999,73.66
212,1,2000,76.96
212,1,2001,79.35
212,1,2002,82.27
212,1,2003,82.51
212,1,2004,86.7
212,1,2005,88.38
212,1,2006,94.28
212,1,2007,93.51
212,1,2008,93.99
212,1,2009,100.43
212,1,2010,101.14
212,1,2011,102
212,1,2012,109.13
212,1,2013,107.82
212,1,2014,106.53
212,1,2015,113.87
212,1,2016,112.46
212,1,2017,121.96
212,1,2018,123.48
212,1,2019,132.94
212,1,2020,140.61
212,1,2021,153.09
212,1,2022,165.61
212,1,2023,167.82
212,2,1990,15.31
212,2,1991,15.48
212,2,1992,15.99
212,2,1993,16.71
212,2,1994,15.96
212,2,1995,16.06
212,2,1996,16.87
212,2,1997,17.52
212,2,1998,18.69
212,2,1999,18.53
212,2,2000,19.55
212,2,2001,20.37
212,2,2002,21.57
212,2,2003,21.65
212,2,2004,23.42
212,2,2005,24.52
212,2,2006,27.2
212,2,2007,27.13
212,2,2008,27.45
212,2,2009,30.29
212,2,2010,30.98
212,2,2011,31.75
212,2,2012,34.49
212,2,2013,35.67
212,2,2014,35.24
212,2,2015,36.84
212,2,2016,36.98
212,2,2017,41.34
212,2,2018,42.87
212,2,2019,48.19
212,2,2020,46.6
212,2,2021,52.5
212,2,2022,63.85
212,2,2023,69.94
213,1,1990,32.58
213,1,1991,34.29
213,1,1992,35.6
213,1,1993,37.73
213,1,1994,39.14
213,1,1995,40.45
213,1,1996,41.68
213,1,1997,43.09
213,1,1998,45.18
213,1,1999,45.57
213,1,2000,47.54
213,1,2001,47.44
213,1,2002,49.78
213,1,2003,50.87
213,1,2004,51.62
213,1,2005,51.95
213,1,2006,54.21
213,1,2007,55.75
213,1,2008,59
213,1,2009,60.81
213,1,2010,62.48
213,1,2011,64.85
213,1,2012,67.16
213,1,2013,68.44
213,1,2014,70.2
213,1,2015,82.62
213,1,2016,85.82
213,1,2017,85.93
213,1,2018,89.91
213,1,2019,90.56
213,1,2020,99.36
213,1,2021,98.84
213,1,2022,109.41
213,1,2023,121.93
213,2,1990,8.82
213,2,1991,9.1
213,2,1992,9.39
213,2,1993,9.79
213,2,1994,10.09
213,2,1995,10.43
213,2,1996,10.82
213,2,1997,11.21
213,2,1998,11.62
213,2,1999,11.78
213,2,2000,12.43
213,2,2001,12.45
213,2,2002,13.15
213,2,2003,13.33
213,2,2004,13.67
213,2,2005,14.01
213,2,2006,14.98
213,2,2007,15.44
213,2,2008,16.04
213,2,2009,16.65
213,2,2010,17.33
213,2,2011,17.92
213,2,2012,18.69
213,2,2013,19.38
213,2,2014,19.99
213,2,2015,22.02
213,2,2016,23.21
213,2,2017,24.59
213,2,2018,26.15
213,2,2019,27.57
213,2,2020,28.15
213,2,2021,30.1
213,2,2022,35.15
213,2,2023,38.55
214,1,1990,1976.63
214,1,1991,2056.05
214,1,1992,2046.49
214,1,1993,2079.94
214,1,1994,2107.75
214,1,1995,2146.04
214,1,1996,2214.22
214,1,1997,2274.54
214,1,1998,2353.13
214,1,1999,2408.42
214,1,2000,2498.57
214,1,2001,2518.49
214,1,2002,2573.42
214,1,2003,2558.38
214,1,2004,2579.78
214,1,2005,2599.51
214,1,2006,2641.03
214,1,2007,2655.52
214,1,2008,2700.57
214,1,2009,2779.91
214,1,2010,2870.16
214,1,2011,2957.28
214,1,2012,3083.13
214,1,2013,3125.16
214,1,2014,3222.57
214,1,2015,3549.33
214,1,2016,3515.81
214,1,2017,3588.37
214,1,2018,3593.93
214,1,2019,3634.43
214,1,2020,3870.75
214,1,2021,3986.84
214,1,2022,4352.15
214,1,2023,4608.94
214,2,1990,605.99
214,2,1991,621.38
214,2,1992,606.93
214,2,1993,607.22
214,2,1994,601.35
214,2,1995,595.85
214,2,1996,598.33
214,2,1997,602.78
214,2,1998,613.52
214,2,1999,617.86
214,2,2000,637.73
214,2,2001,643.57
214,2,2002,668.83
214,2,2003,675.2
214,2,2004,695.59
214,2,2005,714.39
214,2,2006,738.98
214,2,2007,753.88
214,2,2008,792.14
214,2,2009,842.73
214,2,2010,905.21
214,2,2011,957.58
214,2,2012,1022.99
214,2,2013,1106.81
214,2,2014,1181.52
214,2,2015,1287.97
214,2,2016,1343.98
214,2,2017,1418.6
214,2,2018,1478.29
214,2,2019,1545.06
214,2,2020,1632.97
214,2,2021,1751.2
214,2,2022,2055.72
214,2,2023,2242.34
215,1,1990,5.51
215,1,1991,5.54
215,1,1992,5.67
215,1,1993,5.8
215,1,1994,5.97
215,1,1995,5.87
215,1,1996,6.02
215,1,1997,6.19
215,1,1998,6.4
215,1,1999,6.68
215,1,2000,6.59
215,1,2001,6.83
215,1,2002,7.07
215,1,2003,7.23
215,1,2004,7.43
215,1,2005,7.89
215,1,2006,8.17
215,1,2007,8.47
215,1,2008,8.68
215,1,2009,8.79
215,1,2010,9.26
215,1,2011,9.5
215,1,2012,9.55
215,1,2013,9.98
215,1,2014,10.49
215,1,2015,11.15
215,1,2016,11.7
215,1,2017,12.08
215,1,2018,12.46
215,1,2019,13.07
215,1,2020,15.57
215,1,2021,15.85
215,1,2022,15.55
215,1,2023,15.91
215,2,1990,1.63
215,2,1991,1.59
215,2,1992,1.6
215,2,1993,1.61
215,2,1994,1.6
215,2,1995,1.51
215,2,1996,1.5
215,2,1997,1.51
215,2,1998,1.57
215,2,1999,1.65
215,2,2000,1.61
215,2,2001,1.7
215,2,2002,1.78
215,2,2003,1.83
215,2,2004,1.89
215,2,2005,2.03
215,2,2006,2.19
215,2,2007,2.3
215,2,2008,2.39
215,2,2009,2.53
215,2,2010,2.75
215,2,2011,2.84
215,2,2012,2.89
215,2,2013,3.07
215,2,2014,3.37
215,2,2015,3.58
215,2,2016,3.79
215,2,2017,4.02
215,2,2018,4.2
215,2,2019,4.4
215,2,2020,4.9
215,2,2021,5.05
215,2,2022,5.13
215,2,2023,5.39
216,1,1990,102.77
216,1,1991,107.57
216,1,1992,110.17
216,1,1993,112.13
216,1,1994,114.88
216,1,1995,114.34
216,1,1996,120.17
216,1,1997,120.29
216,1,1998,123.75
216,1,1999,126.85
216,1,2000,125.77
216,1,2001,158.96
216,1,2002,162.3
216,1,2003,150.57
216,1,2004,158.2
216,1,2005,161.56
216,1,2006,161.73
216,1,2007,165
216,1,2008,169.74
216,1,2009,177.89
216,1,2010,170.03
216,1,2011,176.26
216,1,2012,179.82
216,1,2013,175.56
216,1,2014,187.61
216,1,2015,192.96
216,1,2016,201.2
216,1,2017,209.33
216,1,2018,204.69
216,1,2019,226.18
216,1,2020,232.41
216,1,2021,249.18
216,1,2022,278.32
216,1,2023,298.08
216,2,1990,13.94
216,2,1991,14.71
216,2,1992,15.19
216,2,1993,15.53
216,2,1994,15.99
216,2,1995,16
216,2,1996,16.9
216,2,1997,16.72
216,2,1998,17.19
216,2,1999,17.75
216,2,2000,17.46
216,2,2001,24
216,2,2002,24.56
216,2,2003,22.78
216,2,2004,24.64
216,2,2005,25.62
216,2,2006,26.09
216,2,2007,27.78
216,2,2008,29.78
216,2,2009,32.35
216,2,2010,31.27
216,2,2011,33.25
216,2,2012,33.17
216,2,2013,34.54
216,2,2014,37.66
216,2,2015,38.01
216,2,2016,41.79
216,2,2017,43.9
216,2,2018,44.46
216,2,2019,51.28
216,2,2020,50.25
216,2,2021,51.57
216,2,2022,68.62
216,2,2023,76.43
217,1,1990,89.22
217,1,1991,90.53
217,1,1992,91.95
217,1,1993,92.21
217,1,1994,93.47
217,1,1995,94.18
217,1,1996,93.34
217,1,1997,90.53
217,1,1998,91.36
217,1,1999,90.32
217,1,2000,90.89
217,1,2001,90.14
217,1,2002,91.52
217,1,2003,92.99
217,1,2004,93.29
217,1,2005,94.63
217,1,2006,97.94
217,1,2007,99.74
217,1,2008,99.94
217,1,2009,102.44
217,1,2010,105.7
217,1,2011,110.78
217,1,2012,116.87
217,1,2013,117.76
217,1,2014,120.83
217,1,2015,130.16
217,1,2016,130.51
217,1,2017,133.01
217,1,2018,135.91
217,1,2019,140.38
217,1,2020,150.49
217,1,2021,150.26
217,1,2022,162.83
217,1,2023,174.43
217,2,1990,20.75
217,2,1991,21.17
217,2,1992,21.94
217,2,1993,22.38
217,2,1994,23.07
217,2,1995,23.21
217,2,1996,22.93
217,2,1997,22.3
217,2,1998,22.84
217,2,1999,22.38
217,2,2000,22.56
217,2,2001,21.79
217,2,2002,22.23
217,2,2003,22.63
217,2,2004,22.82
217,2,2005,23.51
217,2,2006,24.8
217,2,2007,24.94
217,2,2008,25.26
217,2,2009,25.86
217,2,2010,27.28
217,2,2011,28.56
217,2,2012,30.51
217,2,2013,31.53
217,2,2014,32.29
217,2,2015,33.62
217,2,2016,34.01
217,2,2017,35.38
217,2,2018,36.27
217,2,2019,37.75
217,2,2020,38.53
217,2,2021,39.95
217,2,2022,43.6
217,2,2023,47.27
218,1,1990,70.94
218,1,1991,71.55
218,1,1992,71.81
218,1,1993,71.38
218,1,1994,71.57
218,1,1995,72.23
218,1,1996,72.32
218,1,1997,72.3
218,1,1998,72.97
218,1,1999,73.9
218,1,2000,76.46
218,1,2001,75.99
218,1,2002,74.81
218,1,2003,71.86
218,1,2004,71.44
218,1,2005,71.39
218,1,2006,73.24
218,1,2007,72.62
218,1,2008,76.22
218,1,2009,81.25
218,1,2010,85.19
218,1,2011,89.2
218,1,2012,92.07
218,1,2013,90.79
218,1,2014,94.33
218,1,2015,109.24
218,1,2016,114.74
218,1,2017,123.26
218,1,2018,129.08
218,1,2019,136.19
218,1,2020,145.11
218,1,2021,155.69
218,1,2022,177.99
218,1,2023,191.15
218,2,1990,19.98
218,2,1991,20.36
218,2,1992,20.83
218,2,1993,21.07
218,2,1994,21.05
218,2,1995,21.15
218,2,1996,21.2
218,2,1997,21.49
218,2,1998,22.26
218,2,1999,22.48
218,2,2000,23.44
218,2,2001,23.77
218,2,2002,24.58
218,2,2003,24.92
218,2,2004,25.53
218,2,2005,26.25
218,2,2006,27.62
218,2,2007,27.88
218,2,2008,30.03
218,2,2009,32.8
218,2,2010,35.5
218,2,2011,37.91
218,2,2012,39.78
218,2,2013,41.08
218,2,2014,42.48
218,2,2015,46.63
218,2,2016,50.68
218,2,2017,56.31
218,2,2018,59.96
218,2,2019,64.44
218,2,2020,66.81
218,2,2021,73.03
218,2,2022,85.38
218,2,2023,92.36
298,1,1990,4.33
298,1,1991,4.57
298,1,1992,4.79
298,1,1993,5.03
298,1,1994,5.2
298,1,1995,5.66
298,1,1996,5.8
298,1,1997,5.92
298,1,1998,6.1
298,1,1999,6.32
298,1,2000,6.55
298,1,2001,6.55
298,1,2002,6.81
298,1,2003,7
298,1,2004,7.05
298,1,2005,7.04
298,1,2006,6.99
298,1,2007,6.85
298,1,2008,6.77
298,1,2009,6.73
298,1,2010,6.81
298,1,2011,6.82
298,1,2012,6.92
298,1,2013,7.12
298,1,2014,7.18
298,1,2015,7.63
298,1,2016,7.82
298,1,2017,7.88
298,1,2018,8.22
298,1,2019,8.52
298,1,2020,9.1
298,1,2021,10.93
298,1,2022,10.1
298,1,2023,10.28
298,2,1990,1.41
298,2,1991,1.5
298,2,1992,1.59
298,2,1993,1.69
298,2,1994,1.78
298,2,1995,1.9
298,2,1996,1.99
298,2,1997,2.07
298,2,1998,2.19
298,2,1999,2.26
298,2,2000,2.39
298,2,2001,2.46
298,2,2002,2.54
298,2,2003,2.62
298,2,2004,2.71
298,2,2005,2.74
298,2,2006,2.78
298,2,2007,2.81
298,2,2008,2.84
298,2,2009,2.89
298,2,2010,2.91
298,2,2011,2.94
298,2,2012,2.98
298,2,2013,3.04
298,2,2014,3.09
298,2,2015,3.13
298,2,2016,3.14
298,2,2017,3.08
298,2,2018,3.09
298,2,2019,3.07
298,2,2020,3.12
298,2,2021,3.4
298,2,2022,3.44
298,2,2023,3.74
305,1,1990,16.4
305,1,1991,17.03
305,1,1992,17.13
305,1,1993,16.59
305,1,1994,16.28
305,1,1995,17.49
305,1,1996,17.24
305,1,1997,17.16
305,1,1998,18.02
305,1,1999,17.97
305,1,2000,18.84
305,1,2001,17.73
305,1,2002,18.54
305,1,2003,19.25
305,1,2004,18.5
305,1,2005,18.56
305,1,2006,19.17
305,1,2007,18.77
305,1,2008,19.02
305,1,2009,19.47
305,1,2010,18.4
305,1,2011,19.06
305,1,2012,19.37
305,1,2013,19.17
305,1,2014,19.76
305,1,2015,19.6
305,1,2016,20.09
305,1,2017,20.14
305,1,2018,20.92
305,1,2019,21.88
305,1,2020,23.12
305,1,2021,23.51
305,1,2022,23.2
305,1,2023,23.54
305,2,1990,6.29
305,2,1991,6.37
305,2,1992,6.34
305,2,1993,6.25
305,2,1994,6.31
305,2,1995,6.99
305,2,1996,7.06
305,2,1997,7.77
305,2,1998,7.91
305,2,1999,8.07
305,2,2000,8.67
305,2,2001,8.78
305,2,2002,8.98
305,2,2003,9.33
305,2,2004,9.6
305,2,2005,9.59
305,2,2006,9.95
305,2,2007,10.2
305,2,2008,10.17
305,2,2009,10.22
305,2,2010,10.65
305,2,2011,10.89
305,2,2012,11.14
305,2,2013,10.85
305,2,2014,10.81
305,2,2015,10.74
305,2,2016,11.28
305,2,2017,11.39
305,2,2018,11.76
305,2,2019,12.33
305,2,2020,13.25
305,2,2021,15.19
305,2,2022,16.12
305,2,2023,17.03
320,1,1990,2.55
320,1,1991,2.74
320,1,1992,2.86
320,1,1993,2.98
320,1,1994,3.08
320,1,1995,3.32
320,1,1996,3.41
320,1,1997,3.58
320,1,1998,3.65
320,1,1999,3.76
320,1,2000,4.11
320,1,2001,4.38
320,1,2002,4.59
320,1,2003,4.73
320,1,2004,4.86
320,1,2005,4.96
320,1,2006,5.06
320,1,2007,5.09
320,1,2008,5.12
320,1,2009,5.17
320,1,2010,5.29
320,1,2011,5.35
320,1,2012,5.47
320,1,2013,5.57
320,1,2014,5.6
320,1,2015,5.91
320,1,2016,6.11
320,1,2017,6.26
320,1,2018,6.39
320,1,2019,6.46
320,1,2020,6.63
320,1,2021,7.2
320,1,2022,6.81
320,1,2023,6.96
320,2,1990,0.52
320,2,1991,0.56
320,2,1992,0.6
320,2,1993,0.64
320,2,1994,0.67
320,2,1995,0.71
320,2,1996,0.75
320,2,1997,0.8
320,2,1998,0.81
320,2,1999,0.83
320,2,2000,0.89
320,2,2001,0.91
320,2,2002,0.94
320,2,2003,0.99
320,2,2004,1.04
320,2,2005,1.1
320,2,2006,1.17
320,2,2007,1.2
320,2,2008,1.2
320,2,2009,1.21
320,2,2010,1.23
320,2,2011,1.24
320,2,2012,1.27
320,2,2013,1.32
320,2,2014,1.37
320,2,2015,1.43
320,2,2016,1.44
320,2,2017,1.51
320,2,2018,1.54
320,2,2019,1.51
320,2,2020,1.48
320,2,2021,1.73
320,2,2022,1.71
320,2,2023,1.76
349,1,1990,24.56
349,1,1991,25.1
349,1,1992,25.71
349,1,1993,25.75
349,1,1994,26.34
349,1,1995,28.06
349,1,1996,28.48
349,1,1997,29.22
349,1,1998,29.96
349,1,1999,30.79
349,1,2000,31.64
349,1,2001,32.62
349,1,2002,33.38
349,1,2003,34.25
349,1,2004,35.28
349,1,2005,33.22
349,1,2006,33.82
349,1,2007,33.93
349,1,2008,33.91
349,1,2009,34.18
349,1,2010,31.18
349,1,2011,31.44
349,1,2012,31.91
349,1,2013,31.83
349,1,2014,31.91
349,1,2015,30.45
349,1,2016,30.93
349,1,2017,31.2
349,1,2018,31.3
349,1,2019,31.2
349,1,2020,33.46
349,1,2021,34.47
349,1,2022,31.78
349,1,2023,30.64
349,2,1990,14.3
349,2,1991,15
349,2,1992,15.8
349,2,1993,16.49
349,2,1994,17.32
349,2,1995,18.61
349,2,1996,19.53
349,2,1997,20.28
349,2,1998,20.97
349,2,1999,21.59
349,2,2000,22.2
349,2,2001,22.76
349,2,2002,23.47
349,2,2003,24.02
349,2,2004,24.5
349,2,2005,24.48
349,2,2006,24.94
349,2,2007,25.2
349,2,2008,25.65
349,2,2009,25.74
349,2,2010,25.25
349,2,2011,25.63
349,2,2012,26.3
349,2,2013,26.16
349,2,2014,26.13
349,2,2015,25.64
349,2,2016,26.34
349,2,2017,26.94
349,2,2018,27.33
349,2,2019,27.44
349,2,2020,30.18
349,2,2021,30.67
349,2,2022,28.92
349,2,2023,26.95
351,1,1990,22.29
351,1,1991,22.74
351,1,1992,23.31
351,1,1993,23.88
351,1,1994,24.85
351,1,1995,29.63
351,1,1996,28.83
351,1,1997,22.35
351,1,1998,23.99
351,1,1999,24.8
351,1,2000,23.27
351,1,2001,20.1
351,1,2002,24.67
351,1,2003,28.15
351,1,2004,31.02
351,1,2005,28.27
351,1,2006,28.1
351,1,2007,26.85
351,1,2008,27.1
351,1,2009,27.87
351,1,2010,29.35
351,1,2011,31.57
351,1,2012,32.09
351,1,2013,36.22
351,1,2014,36.23
351,1,2015,36.89
351,1,2016,35.95
351,1,2017,31.8
351,1,2018,42.62
351,1,2019,40.43
351,1,2020,41.9
351,1,2021,38.13
351,1,2022,37.58
351,1,2023,38.17
351,2,1990,6.3
351,2,1991,6.44
351,2,1992,6.63
351,2,1993,6.85
351,2,1994,7.12
351,2,1995,6.07
351,2,1996,6.56
351,2,1997,8.28
351,2,1998,10.31
351,2,1999,10.18
351,2,2000,12.78
351,2,2001,10.97
351,2,2002,11.16
351,2,2003,12.08
351,2,2004,12.81
351,2,2005,13.04
351,2,2006,14.87
351,2,2007,14.85
351,2,2008,13.76
351,2,2009,13.91
351,2,2010,15.23
351,2,2011,15.12
351,2,2012,15.72
351,2,2013,17.67
351,2,2014,18.5
351,2,2015,18.98
351,2,2016,18.8
351,2,2017,18.37
351,2,2018,20.32
351,2,2019,23.01
351,2,2020,24.42
351,2,2021,21.58
351,2,2022,21.52
351,2,2023,22.63
367,1,1990,34.36
367,1,1991,34.87
367,1,1992,35.28
367,1,1993,35.92
367,1,1994,36.65
367,1,1995,38.75
367,1,1996,39.74
367,1,1997,40.55
367,1,1998,41.74
367,1,1999,42.84
367,1,2000,43.51
367,1,2001,44.27
367,1,2002,45.45
367,1,2003,46.59
367,1,2004,47.77
367,1,2005,47.24
367,1,2006,47.59
367,1,2007,48.52
367,1,2008,50.1
367,1,2009,50.25
367,1,2010,47.59
367,1,2011,48.41
367,1,2012,49.2
367,1,2013,51.21
367,1,2014,51.92
367,1,2015,50.33
367,1,2016,49.31
367,1,2017,49.13
367,1,2018,50.17
367,1,2019,50.71
367,1,2020,52.47
367,1,2021,55.21
367,1,2022,55.41
367,1,2023,58.48
367,2,1990,10.02
367,2,1991,10.25
367,2,1992,10.45
367,2,1993,10.8
367,2,1994,11.22
367,2,1995,11.86
367,2,1996,12.49
367,2,1997,13.1
367,2,1998,13.97
367,2,1999,14.95
367,2,2000,15.87
367,2,2001,16.73
367,2,2002,17.66
367,2,2003,18.17
367,2,2004,18.67
367,2,2005,19.25
367,2,2006,19.42
367,2,2007,19.74
367,2,2008,20.5
367,2,2009,21.2
367,2,2010,21.32
367,2,2011,21.17
367,2,2012,21.76
367,2,2013,22.11
367,2,2014,22.18
367,2,2015,22.83
367,2,2016,22.69
367,2,2017,22.76
367,2,2018,22.73
367,2,2019,23.32
367,2,2020,23.24
367,2,2021,25.85
367,2,2022,27.62
367,2,2023,29.6
369,1,1990,1.03
369,1,1991,1.04
369,1,1992,1.04
369,1,1993,1.04
369,1,1994,1.04
369,1,1995,1.1
369,1,1996,1.1
369,1,1997,1.1
369,1,1998,1.1
369,1,1999,1.1
369,1,2000,1.16
369,1,2001,1.15
369,1,2002,1.13
369,1,2003,1.11
369,1,2004,1.09
369,1,2005,1.08
369,1,2006,1.05
369,1,2007,1.03
369,1,2008,1.02
369,1,2009,1.02
369,1,2010,1.02
369,1,2011,1.03
369,1,2012,1.06
369,1,2013,1.09
369,1,2014,1.13
369,1,2015,1.22
369,1,2016,1.27
369,1,2017,1.34
369,1,2018,1.4
369,1,2019,1.47
369,1,2020,1.61
369,1,2021,1.9
369,1,2022,1.82
369,1,2023,1.91
369,2,1990,0.54
369,2,1991,0.55
369,2,1992,0.55
369,2,1993,0.55
369,2,1994,0.55
369,2,1995,0.55
369,2,1996,0.54
369,2,1997,0.54
369,2,1998,0.55
369,2,1999,0.55
369,2,2000,0.56
369,2,2001,0.57
369,2,2002,0.57
369,2,2003,0.58
369,2,2004,0.58
369,2,2005,0.59
369,2,2006,0.59
369,2,2007,0.6
369,2,2008,0.61
369,2,2009,0.63
369,2,2010,0.66
369,2,2011,0.69
369,2,2012,0.73
369,2,2013,0.77
369,2,2014,0.82
369,2,2015,0.88
369,2,2016,0.94
369,2,2017,1
369,2,2018,1.07
369,2,2019,1.14
369,2,2020,1.25
369,2,2021,1.47
369,2,2022,1.42
369,2,2023,1.49
374,1,1990,0.27
374,1,1991,0.27
374,1,1992,0.27
374,1,1993,0.27
374,1,1994,0.28
374,1,1995,0.29
374,1,1996,0.3
374,1,1997,0.3
374,1,1998,0.3
374,1,1999,0.3
374,1,2000,0.32
374,1,2001,0.31
374,1,2002,0.31
374,1,2003,0.3
374,1,2004,0.29
374,1,2005,0.29
374,1,2006,0.28
374,1,2007,0.28
374,1,2008,0.27
374,1,2009,0.27
374,1,2010,0.27
374,1,2011,0.27
374,1,2012,0.27
374,1,2013,0.27
374,1,2014,0.27
374,1,2015,0.28
374,1,2016,0.28
374,1,2017,0.29
374,1,2018,0.29
374,1,2019,0.29
374,1,2020,0.27
374,1,2021,0.3
374,1,2022,0.31
374,1,2023,0.33
374,2,1990,0.16
374,2,1991,0.16
374,2,1992,0.16
374,2,1993,0.17
374,2,1994,0.17
374,2,1995,0.17
374,2,1996,0.17
374,2,1997,0.17
374,2,1998,0.17
374,2,1999,0.17
374,2,2000,0.17
374,2,2001,0.17
374,2,2002,0.17
374,2,2003,0.17
374,2,2004,0.17
374,2,2005,0.17
374,2,2006,0.17
374,2,2007,0.17
374,2,2008,0.17
374,2,2009,0.17
374,2,2010,0.18
374,2,2011,0.18
374,2,2012,0.18
374,2,2013,0.19
374,2,2014,0.19
374,2,2015,0.2
374,2,2016,0.2
374,2,2017,0.2
374,2,2018,0.21
374,2,2019,0.2
374,2,2020,0.17
374,2,2021,0.17
374,2,2022,0.21
374,2,2023,0.22
376,1,1990,6.36
376,1,1991,6.66
376,1,1992,6.65
376,1,1993,6.47
376,1,1994,6.3
376,1,1995,6.7
376,1,1996,6.94
376,1,1997,7.28
376,1,1998,7.71
376,1,1999,8.46
376,1,2000,9.48
376,1,2001,9.87
376,1,2002,9.84
376,1,2003,9.65
376,1,2004,9.6
376,1,2005,10.01
376,1,2006,10.41
376,1,2007,10.67
376,1,2008,10.8
376,1,2009,10.94
376,1,2010,11.62
376,1,2011,11.77
376,1,2012,11.65
376,1,2013,11.45
376,1,2014,11.38
376,1,2015,12.28
376,1,2016,12.67
376,1,2017,13.04
376,1,2018,13.32
376,1,2019,13.61
376,1,2020,15.08
376,1,2021,15.68
376,1,2022,14.41
376,1,2023,14.36
376,2,1990,1.39
376,2,1991,1.5
376,2,1992,1.6
376,2,1993,1.68
376,2,1994,1.75
376,2,1995,1.86
376,2,1996,1.95
376,2,1997,2.04
376,2,1998,2.18
376,2,1999,2.25
376,2,2000,2.52
376,2,2001,2.7
376,2,2002,2.81
376,2,2003,2.9
376,2,2004,3.01
376,2,2005,3.13
376,2,2006,3.23
376,2,2007,3.34
376,2,2008,3.44
376,2,2009,3.55
376,2,2010,3.67
376,2,2011,3.77
376,2,2012,3.86
376,2,2013,3.94
376,2,2014,4.03
376,2,2015,4.18
376,2,2016,4.44
376,2,2017,4.72
376,2,2018,4.89
376,2,2019,4.99
376,2,2020,5.33
376,2,2021,6.09
376,2,2022,5.88
376,2,2023,5.88
380,1,1990,2.17
380,1,1991,2.25
380,1,1992,2.34
380,1,1993,2.43
380,1,1994,2.62
380,1,1995,2.89
380,1,1996,3.02
380,1,1997,3.12
380,1,1998,3.26
380,1,1999,3.38
380,1,2000,3.66
380,1,2001,3.71
380,1,2002,3.73
380,1,2003,3.74
380,1,2004,3.73
380,1,2005,3.71
380,1,2006,3.64
380,1,2007,3.57
380,1,2008,3.52
380,1,2009,3.53
380,1,2010,3.56
380,1,2011,3.58
380,1,2012,3.66
380,1,2013,3.89
380,1,2014,4.12
380,1,2015,4.54
380,1,2016,4.79
380,1,2017,4.99
380,1,2018,5.21
380,1,2019,4.55
380,1,2020,4.83
380,1,2021,5.43
380,1,2022,5.24
380,1,2023,5.35
380,2,1990,1.87
380,2,1991,1.98
380,2,1992,2.08
380,2,1993,2.18
380,2,1994,2.28
380,2,1995,2.41
380,2,1996,2.52
380,2,1997,2.61
380,2,1998,2.71
380,2,1999,2.77
380,2,2000,2.86
380,2,2001,2.92
380,2,2002,3
380,2,2003,3.09
380,2,2004,3.19
380,2,2005,3.26
380,2,2006,3.28
380,2,2007,3.28
380,2,2008,3.28
380,2,2009,3.31
380,2,2010,3.37
380,2,2011,3.41
380,2,2012,3.51
380,2,2013,3.56
380,2,2014,3.76
380,2,2015,4
380,2,2016,4.15
380,2,2017,4.28
380,2,2018,4.48
380,2,2019,5.24
380,2,2020,5.67
380,2,2021,6.33
380,2,2022,6.05
380,2,2023,6.19
385,1,1990,448.99
385,1,1991,466.39
385,1,1992,464.8
385,1,1993,470.4
385,1,1994,469.7
385,1,1995,479.73
385,1,1996,478.24
385,1,1997,461.92
385,1,1998,473.1
385,1,1999,478.62
385,1,2000,496.56
385,1,2001,483.41
385,1,2002,472.21
385,1,2003,478.14
385,1,2004,478.7
385,1,2005,474.85
385,1,2006,495.7
385,1,2007,504.84
385,1,2008,516.47
385,1,2009,533.6
385,1,2010,540.25
385,1,2011,527.55
385,1,2012,528.66
385,1,2013,519.29
385,1,2014,521.14
385,1,2015,511.95
385,1,2016,476.85
385,1,2017,478.21
385,1,2018,452.66
385,1,2019,434.57
385,1,2020,461.57
385,1,2021,459.56
385,1,2022,459.83
385,1,2023,489.16
385,2,1990,205.53
385,2,1991,209.55
385,2,1992,218.1
385,2,1993,207.74
385,2,1994,209.13
385,2,1995,223.3
385,2,1996,235.79
385,2,1997,243
385,2,1998,240.33
385,2,1999,239.53
385,2,2000,259.32
385,2,2001,264.1
385,2,2002,269.5
385,2,2003,282.75
385,2,2004,295.11
385,2,2005,310.62
385,2,2006,327.01
385,2,2007,331.22
385,2,2008,330.1
385,2,2009,327.74
385,2,2010,335.24
385,2,2011,351.43
385,2,2012,373.24
385,2,2013,368.9
385,2,2014,360.14
385,2,2015,356.12
385,2,2016,344.35
385,2,2017,348.31
385,2,2018,346.28
385,2,2019,342.03
385,2,2020,355.04
385,2,2021,349.84
385,2,2022,357.1
385,2,2023,398.16
393,1,1990,2.71
393,1,1991,2.64
393,1,1992,2.57
393,1,1993,2.4
393,1,1994,2.38
393,1,1995,2.4
393,1,1996,2.43
393,1,1997,2.37
393,1,1998,2.37
393,1,1999,2.35
393,1,2000,2.41
393,1,2001,2.42
393,1,2002,2.46
393,1,2003,2.48
393,1,2004,2.46
393,1,2005,2.42
393,1,2006,2.46
393,1,2007,2.45
393,1,2008,2.5
393,1,2009,2.57
393,1,2010,2.47
393,1,2011,2.49
393,1,2012,2.47
393,1,2013,2.43
393,1,2014,2.4
393,1,2015,2.44
393,1,2016,2.51
393,1,2017,2.54
393,1,2018,2.54
393,1,2019,2.59
393,1,2020,2.76
393,1,2021,2.93
393,1,2022,2.83
393,1,2023,2.84
393,2,1990,1.31
393,2,1991,1.19
393,2,1992,1.13
393,2,1993,1.05
393,2,1994,1.05
393,2,1995,1.08
393,2,1996,1.11
393,2,1997,1.12
393,2,1998,1.14
393,2,1999,1.14
393,2,2000,1.2
393,2,2001,1.19
393,2,2002,1.28
393,2,2003,1.27
393,2,2004,1.3
393,2,2005,1.32
393,2,2006,1.37
393,2,2007,1.38
393,2,2008,1.44
393,2,2009,1.46
393,2,2010,1.47
393,2,2011,1.5
393,2,2012,1.52
393,2,2013,1.52
393,2,2014,1.52
393,2,2015,1.57
393,2,2016,1.59
393,2,2017,1.68
393,2,2018,1.74
393,2,2019,1.83
393,2,2020,1.93
393,2,2021,1.98
393,2,2022,1.99
393,2,2023,2.11
396,1,1990,10.06
396,1,1991,10.06
396,1,1992,10.06
396,1,1993,10.09
396,1,1994,10.31
396,1,1995,11.02
396,1,1996,11.17
396,1,1997,11.46
396,1,1998,11.66
396,1,1999,11.72
396,1,2000,11.82
396,1,2001,11.91
396,1,2002,12.06
396,1,2003,12.27
396,1,2004,12.23
396,1,2005,11.79
396,1,2006,11.74
396,1,2007,11.71
396,1,2008,11.64
396,1,2009,11.63
396,1,2010,10.81
396,1,2011,10.78
396,1,2012,10.73
396,1,2013,10.48
396,1,2014,10.22
396,1,2015,9.52
396,1,2016,9.58
396,1,2017,9.3
396,1,2018,9.22
396,1,2019,9.58
396,1,2020,9.4
396,1,2021,9.59
396,1,2022,10.55
396,1,2023,12.56
396,2,1990,2.07
396,2,1991,2.08
396,2,1992,2.1
396,2,1993,2.15
396,2,1994,2.21
396,2,1995,2.34
396,2,1996,2.45
396,2,1997,2.59
396,2,1998,2.73
396,2,1999,2.89
396,2,2000,2.99
396,2,2001,3.14
396,2,2002,3.24
396,2,2003,3.52
396,2,2004,3.51
396,2,2005,3.63
396,2,2006,3.71
396,2,2007,3.79
396,2,2008,3.86
396,2,2009,3.93
396,2,2010,3.96
396,2,2011,4.04
396,2,2012,4.14
396,2,2013,4.06
396,2,2014,4.1
396,2,2015,4.07
396,2,2016,4.31
396,2,2017,4.5
396,2,2018,4.58
396,2,2019,4.77
396,2,2020,4.64
396,2,2021,4.78
396,2,2022,4.88
396,2,2023,5.49
413,1,1990,0.15
413,1,1991,0.15
413,1,1992,0.15
413,1,1993,0.16
413,1,1994,0.16
413,1,1995,0.17
413,1,1996,0.17
413,1,1997,0.17
413,1,1998,0.18
413,1,1999,0.18
413,1,2000,0.19
413,1,2001,0.19
413,1,2002,0.2
413,1,2003,0.2
413,1,2004,0.2
413,1,2005,0.2
413,1,2006,0.2
413,1,2007,0.2
413,1,2008,0.19
413,1,2009,0.19
413,1,2010,0.19
413,1,2011,0.18
413,1,2012,0.18
413,1,2013,0.19
413,1,2014,0.18
413,1,2015,0.19
413,1,2016,0.19
413,1,2017,0.19
413,1,2018,0.19
413,1,2019,0.19
413,1,2020,0.17
413,1,2021,0.19
413,1,2022,0.2
413,1,2023,0.2
413,2,1990,0.07
413,2,1991,0.07
413,2,1992,0.08
413,2,1993,0.08
413,2,1994,0.08
413,2,1995,0.08
413,2,1996,0.09
413,2,1997,0.09
413,2,1998,0.09
413,2,1999,0.09
413,2,2000,0.1
413,2,2001,0.1
413,2,2002,0.1
413,2,2003,0.1
413,2,2004,0.11
413,2,2005,0.11
413,2,2006,0.11
413,2,2007,0.11
413,2,2008,0.11
413,2,2009,0.11
413,2,2010,0.11
413,2,2011,0.11
413,2,2012,0.11
413,2,2013,0.12
413,2,2014,0.12
413,2,2015,0.12
413,2,2016,0.13
413,2,2017,0.13
413,2,2018,0.13
413,2,2019,0.13
413,2,2020,0.11
413,2,2021,0.11
413,2,2022,0.13
413,2,2023,0.14
416,1,1990,1.2
416,1,1991,1.29
416,1,1992,1.34
416,1,1993,1.4
416,1,1994,1.46
416,1,1995,1.58
416,1,1996,1.62
416,1,1997,1.65
416,1,1998,1.69
416,1,1999,1.73
416,1,2000,1.87
416,1,2001,1.87
416,1,2002,1.9
416,1,2003,1.91
416,1,2004,1.93
416,1,2005,1.98
416,1,2006,2.01
416,1,2007,2.05
416,1,2008,2.08
416,1,2009,2.11
416,1,2010,2.14
416,1,2011,2.16
416,1,2012,2.19
416,1,2013,2.23
416,1,2014,2.26
416,1,2015,2.35
416,1,2016,2.39
416,1,2017,2.43
416,1,2018,2.47
416,1,2019,2.51
416,1,2020,2.61
416,1,2021,2.93
416,1,2022,2.75
416,1,2023,2.77
416,2,1990,0.46
416,2,1991,0.48
416,2,1992,0.5
416,2,1993,0.53
416,2,1994,0.55
416,2,1995,0.57
416,2,1996,0.59
416,2,1997,0.6
416,2,1998,0.63
416,2,1999,0.64
416,2,2000,0.67
416,2,2001,0.68
416,2,2002,0.69
416,2,2003,0.71
416,2,2004,0.72
416,2,2005,0.74
416,2,2006,0.76
416,2,2007,0.78
416,2,2008,0.8
416,2,2009,0.82
416,2,2010,0.83
416,2,2011,0.84
416,2,2012,0.86
416,2,2013,0.87
416,2,2014,0.88
416,2,2015,0.89
416,2,2016,0.91
416,2,2017,0.93
416,2,2018,0.95
416,2,2019,0.97
416,2,2020,0.99
416,2,2021,1.06
416,2,2022,1.05
416,2,2023,1.08
422,1,1990,10.56
422,1,1991,10.98
422,1,1992,11.51
422,1,1993,12
422,1,1994,12.47
422,1,1995,12.15
422,1,1996,12.42
422,1,1997,12.62
422,1,1998,12.51
422,1,1999,13.17
422,1,2000,14.44
422,1,2001,14.28
422,1,2002,15.66
422,1,2003,15.93
422,1,2004,15.7
422,1,2005,15.38
422,1,2006,15.97
422,1,2007,16.06
422,1,2008,16.09
422,1,2009,16.51
422,1,2010,17.17
422,1,2011,17.28
422,1,2012,17.54
422,1,2013,16.84
422,1,2014,15.74
422,1,2015,15.88
422,1,2016,14.86
422,1,2017,14.3
422,1,2018,13.66
422,1,2019,12.7
422,1,2020,12.5
422,1,2021,11.63
422,1,2022,13.73
422,1,2023,14.99
422,2,1990,4.01
422,2,1991,4.34
422,2,1992,4.64
422,2,1993,4.91
422,2,1994,5.17
422,2,1995,5.8
422,2,1996,6.23
422,2,1997,6.67
422,2,1998,6.64
422,2,1999,6.66
422,2,2000,7.04
422,2,2001,7.36
422,2,2002,7.84
422,2,2003,7.78
422,2,2004,7.7
422,2,2005,7.86
422,2,2006,8.39
422,2,2007,8.84
422,2,2008,9.04
422,2,2009,9.54
422,2,2010,9.51
422,2,2011,9.91
422,2,2012,9.81
422,2,2013,9.74
422,2,2014,9.87
422,2,2015,9.93
422,2,2016,9.64
422,2,2017,9.09
422,2,2018,8.9
422,2,2019,8.82
422,2,2020,8.56
422,2,2021,8.03
422,2,2022,8.69
422,2,2023,9.96
435,1,1990,150.87
435,1,1991,150.13
435,1,1992,152.87
435,1,1993,154.13
435,1,1994,154.78
435,1,1995,159.86
435,1,1996,158.82
435,1,1997,152.93
435,1,1998,155.77
435,1,1999,155.76
435,1,2000,158.99
435,1,2001,155.25
435,1,2002,155.88
435,1,2003,160.7
435,1,2004,164.18
435,1,2005,164.63
435,1,2006,172.85
435,1,2007,175.59
435,1,2008,177.61
435,1,2009,183.47
435,1,2010,187.84
435,1,2011,193.85
435,1,2012,200.06
435,1,2013,206.85
435,1,2014,211.5
435,1,2015,223.12
435,1,2016,226.89
435,1,2017,229.58
435,1,2018,230.22
435,1,2019,231.22
435,1,2020,241.26
435,1,2021,240.12
435,1,2022,271.28
435,1,2023,286.33
435,2,1990,47.35
435,2,1991,47.61
435,2,1992,48.8
435,2,1993,49.2
435,2,1994,49.48
435,2,1995,50.5
435,2,1996,49.8
435,2,1997,46.71
435,2,1998,47.56
435,2,1999,47.62
435,2,2000,48.77
435,2,2001,46.92
435,2,2002,47.18
435,2,2003,48.81
435,2,2004,50.32
435,2,2005,50.69
435,2,2006,54.38
435,2,2007,55.61
435,2,2008,56.69
435,2,2009,59.22
435,2,2010,61.5
435,2,2011,63.96
435,2,2012,66.25
435,2,2013,69.19
435,2,2014,72.52
435,2,2015,76.42
435,2,2016,78.02
435,2,2017,78.04
435,2,2018,78.9
435,2,2019,80.96
435,2,2020,81.47
435,2,2021,81.74
435,2,2022,101.72
435,2,2023,108.39
522,1,1990,607.18
522,1,1991,632.13
522,1,1992,653.67
522,1,1993,682.43
522,1,1994,700.48
522,1,1995,730.62
522,1,1996,760.18
522,1,1997,783.93
522,1,1998,813.9
522,1,1999,830.37
522,1,2000,864.5
522,1,2001,892.89
522,1,2002,924.44
522,1,2003,941.9
522,1,2004,966.93
522,1,2005,978.71
522,1,2006,1007.22
522,1,2007,1034.39
522,1,2008,1071.4
522,1,2009,1110.02
522,1,2010,1129.64
522,1,2011,1159.04
522,1,2012,1184.44
522,1,2013,1219.47
522,1,2014,1236.4
522,1,2015,1317.98
522,1,2016,1362.9
522,1,2017,1422.61
522,1,2018,1474.57
522,1,2019,1531.89
522,1,2020,1633.34
522,1,2021,1736.25
522,1,2022,1848.25
522,1,2023,1918.25
522,2,1990,217.09
522,2,1991,226.99
522,2,1992,236.15
522,2,1993,246.23
522,2,1994,250.04
522,2,1995,257.42
522,2,1996,264.97
522,2,1997,272.64
522,2,1998,283.75
522,2,1999,288.06
522,2,2000,295.15
522,2,2001,302.46
522,2,2002,311.45
522,2,2003,318.27
522,2,2004,328.22
522,2,2005,334.86
522,2,2006,347.89
522,2,2007,361.26
522,2,2008,378.58
522,2,2009,400.39
522,2,2010,416.57
522,2,2011,435.47
522,2,2012,450.89
522,2,2013,474.82
522,2,2014,497.26
522,2,2015,531.82
522,2,2016,565.06
522,2,2017,597.64
522,2,2018,623.75
522,2,2019,662.49
522,2,2020,725.37
522,2,2021,784.25
522,2,2022,825.08
522,2,2023,855.24
