location,sex,year,road_injuries_deaths_number_all_ages
6,3,1980,293977.44
6,3,1981,298234.61
6,3,1982,304926.35
6,3,1983,309935.1
6,3,1984,315058.69
6,3,1985,319334.33
6,3,1986,325830.92
6,3,1987,333721.78
6,3,1988,347095.78
6,3,1989,360665.37
6,3,1990,370584.31
6,3,1991,376093.63
6,3,1992,379086.33
6,3,1993,379252.44
6,3,1994,379238.56
6,3,1995,378227.7
6,3,1996,375923.86
6,3,1997,373270.3
6,3,1998,370260.7
6,3,1999,367830.91
6,3,2000,366595.41
6,3,2001,366059.82
6,3,2002,363690.16
6,3,2003,360435.27
6,3,2004,355114.54
6,3,2005,350074.58
6,3,2006,344203.98
6,3,2007,335251.74
6,3,2008,322919.3
6,3,2009,308233.79
6,3,2010,292268.75
6,3,2011,275958.84
6,3,2012,261302.1
6,3,2013,242926.8
6,3,2014,230942.54
6,3,2015,221833.22
6,3,2016,215496.86
6,3,2017,205276.08
6,3,2018,192294.75
6,3,2019,174468.14
6,3,2020,162232.06
6,3,2021,168069.29
6,3,2022,175753.64
6,3,2023,164728.62
7,3,1980,4454.46
7,3,1981,4508.13
7,3,1982,4547.39
7,3,1983,4567.67
7,3,1984,4592.31
7,3,1985,4616.68
7,3,1986,4645.48
7,3,1987,4660.78
7,3,1988,4677.16
7,3,1989,4669.6
7,3,1990,4643.73
7,3,1991,4645.84
7,3,1992,4630.95
7,3,1993,4616.71
7,3,1994,4606.81
7,3,1995,4585.36
7,3,1996,4584.67
7,3,1997,4577.88
7,3,1998,4580.31
7,3,1999,4601.65
7,3,2000,4619.93
7,3,2001,4595.47
7,3,2002,4639.57
7,3,2003,4681.42
7,3,2004,4774.2
7,3,2005,4868.28
7,3,2006,4961.03
7,3,2007,5018.48
7,3,2008,5147.29
7,3,2009,5139.47
7,3,2010,5230.94
7,3,2011,5261.91
7,3,2012,5297.72
7,3,2013,5292.57
7,3,2014,5257.43
7,3,2015,5336.1
7,3,2016,5368.56
7,3,2017,5408.38
7,3,2018,5547.41
7,3,2019,5588.02
7,3,2020,5622.01
7,3,2021,5679.46
7,3,2022,5847.75
7,3,2023,5845.88
8,3,1980,6145.23
8,3,1981,5873.47
8,3,1982,5720.99
8,3,1983,5670.66
8,3,1984,5803.11
8,3,1985,5895.34
8,3,1986,6375.81
8,3,1987,7004.35
8,3,1988,7395.45
8,3,1989,7496.95
8,3,1990,7412.69
8,3,1991,7383.46
8,3,1992,7350.04
8,3,1993,7350.39
8,3,1994,7313.1
8,3,1995,7319.09
8,3,1996,7021.94
8,3,1997,6523.21
8,3,1998,6065.12
8,3,1999,5700.09
8,3,2000,5375.6
8,3,2001,4946.32
8,3,2002,4707.55
8,3,2003,4644.51
8,3,2004,4761.55
8,3,2005,4715.2
8,3,2006,4604.41
8,3,2007,4298.55
8,3,2008,4030.55
8,3,2009,3895.4
8,3,2010,3860.99
8,3,2011,3785.45
8,3,2012,3644.24
8,3,2013,3550.85
8,3,2014,3559
8,3,2015,3477.57
8,3,2016,3429.29
8,3,2017,3403.59
8,3,2018,3358.19
8,3,2019,3250.25
8,3,2020,3150.26
8,3,2021,3244.31
8,3,2022,3253.43
8,3,2023,3257.37
10,3,1980,2543.15
10,3,1981,2692.37
10,3,1982,2834.7
10,3,1983,3054.11
10,3,1984,3232.31
10,3,1985,3412.09
10,3,1986,3582.15
10,3,1987,3718.3
10,3,1988,3867.64
10,3,1989,3955.03
10,3,1990,4011.66
10,3,1991,4090.01
10,3,1992,4134.16
10,3,1993,4140.41
10,3,1994,4107.41
10,3,1995,4056.28
10,3,1996,3940.09
10,3,1997,3818.53
10,3,1998,3747
10,3,1999,3618.26
10,3,2000,3423.49
10,3,2001,3402.51
10,3,2002,3300.9
10,3,2003,3138.42
10,3,2004,3085.05
10,3,2005,3064.33
10,3,2006,2993.14
10,3,2007,3074.72
10,3,2008,3071.67
10,3,2009,3083.32
10,3,2010,3067.25
10,3,2011,3087.83
10,3,2012,3115.49
10,3,2013,3090.79
10,3,2014,3039.99
10,3,2015,3013.52
10,3,2016,3014.64
10,3,2017,2952.5
10,3,2018,2938.85
10,3,2019,2955.63
10,3,2020,3001.66
10,3,2021,2941.51
10,3,2022,3065.01
10,3,2023,3309.94
11,3,1980,22636.73
11,3,1981,23209.04
11,3,1982,23690.66
11,3,1983,24068.14
11,3,1984,24374.45
11,3,1985,24586.89
11,3,1986,24920.51
11,3,1987,25069.53
11,3,1988,25292.55
11,3,1989,25465.36
11,3,1990,25551.57
11,3,1991,25637.77
11,3,1992,25667.52
11,3,1993,25765.1
11,3,1994,26027.69
11,3,1995,26516.36
11,3,1996,27275.26
11,3,1997,28096.89
11,3,1998,28883.49
11,3,1999,29719.91
11,3,2000,30585.09
11,3,2001,31391.26
11,3,2002,32087.72
11,3,2003,33287.59
11,3,2004,35595.99
11,3,2005,36241.8
11,3,2006,37800.37
11,3,2007,39517.21
11,3,2008,41098.38
11,3,2009,42935.85
11,3,2010,44515.82
11,3,2011,46177.73
11,3,2012,46379.79
11,3,2013,47043.69
11,3,2014,47529.85
11,3,2015,47629.55
11,3,2016,48462.62
11,3,2017,49055.5
11,3,2018,49962.93
11,3,2019,50561.99
11,3,2020,52436.35
11,3,2021,55130.99
11,3,2022,49994.65
11,3,2023,50485.78
12,3,1980,523.8
12,3,1981,546.36
12,3,1982,573.34
12,3,1983,598.95
12,3,1984,623.02
12,3,1985,646.96
12,3,1986,669.36
12,3,1987,695.36
12,3,1988,724.77
12,3,1989,746.71
12,3,1990,772.04
12,3,1991,805.37
12,3,1992,851.35
12,3,1993,905.1
12,3,1994,954.97
12,3,1995,995.23
12,3,1996,1018.44
12,3,1997,1029.91
12,3,1998,1043.57
12,3,1999,1041.19
12,3,2000,1016.65
12,3,2001,1031.75
12,3,2002,1040.15
12,3,2003,1051.75
12,3,2004,1066.38
12,3,2005,1069.39
12,3,2006,1091.53
12,3,2007,1119.34
12,3,2008,1165.55
12,3,2009,1219.12
12,3,2010,1263.02
12,3,2011,1312.08
12,3,2012,1352.96
12,3,2013,1395.84
12,3,2014,1432.54
12,3,2015,1399.55
12,3,2016,1444.85
12,3,2017,1484.47
12,3,2018,1529.56
12,3,2019,1542.31
12,3,2020,1585.51
12,3,2021,1584.33
12,3,2022,1663.74
12,3,2023,1712.57
13,3,1980,3764.02
13,3,1981,3884.7
13,3,1982,3975.31
13,3,1983,4062.88
13,3,1984,4115.99
13,3,1985,4118.14
13,3,1986,4146.95
13,3,1987,4148.33
13,3,1988,4164.6
13,3,1989,4222.91
13,3,1990,4283.53
13,3,1991,4373.46
13,3,1992,4463.82
13,3,1993,4585.4
13,3,1994,4783.33
13,3,1995,4972.47
13,3,1996,5216.91
13,3,1997,5360.08
13,3,1998,5554.49
13,3,1999,5524.52
13,3,2000,5599.73
13,3,2001,5560.87
13,3,2002,5611.12
13,3,2003,5651.61
13,3,2004,5699.79
13,3,2005,5713.54
13,3,2006,5768.24
13,3,2007,5897.4
13,3,2008,6063.97
13,3,2009,6259.64
13,3,2010,6397.12
13,3,2011,6526.27
13,3,2012,6583.64
13,3,2013,6651.47
13,3,2014,6676.8
13,3,2015,6669.54
13,3,2016,6625.52
13,3,2017,6445.39
13,3,2018,6203.91
13,3,2019,5832.59
13,3,2020,5566.93
13,3,2021,5444.27
13,3,2022,6074.93
13,3,2023,6102.76
14,3,1980,7.16
14,3,1981,7.22
14,3,1982,7.61
14,3,1983,8.04
14,3,1984,8.45
14,3,1985,8.49
14,3,1986,8.94
14,3,1987,9.16
14,3,1988,9.34
14,3,1989,9.57
14,3,1990,9.85
14,3,1991,10.26
14,3,1992,10.57
14,3,1993,10.74
14,3,1994,10.65
14,3,1995,10.49
14,3,1996,11.02
14,3,1997,11.14
14,3,1998,11.25
14,3,1999,10.75
14,3,2000,11.04
14,3,2001,11.28
14,3,2002,11.35
14,3,2003,11.82
14,3,2004,12.39
14,3,2005,12.77
14,3,2006,13.52
14,3,2007,14.25
14,3,2008,14.78
14,3,2009,15.24
14,3,2010,15.57
14,3,2011,15.85
14,3,2012,15.96
14,3,2013,16.16
14,3,2014,16.34
14,3,2015,16.69
14,3,2016,17.08
14,3,2017,17.67
14,3,2018,18.11
14,3,2019,18.51
14,3,2020,18.1
14,3,2021,16.62
14,3,2022,17.34
14,3,2023,17.69
15,3,1980,6856.57
15,3,1981,7019.34
15,3,1982,7194.44
15,3,1983,7417.71
15,3,1984,7624.53
15,3,1985,7814.4
15,3,1986,8096.01
15,3,1987,8377.34
15,3,1988,8653.61
15,3,1989,8927.78
15,3,1990,9228.89
15,3,1991,9629.58
15,3,1992,9870.79
15,3,1993,10108.41
15,3,1994,10295.4
15,3,1995,10514.12
15,3,1996,10660.88
15,3,1997,10807.54
15,3,1998,11013.45
15,3,1999,11043.04
15,3,2000,11124.11
15,3,2001,11174.39
15,3,2002,11024.99
15,3,2003,10903.27
15,3,2004,10850.8
15,3,2005,10888.23
15,3,2006,10580.53
15,3,2007,10419.53
15,3,2008,10720.67
15,3,2009,10340.91
15,3,2010,10140.29
15,3,2011,10163.23
15,3,2012,9966.58
15,3,2013,9236.14
15,3,2014,9454.07
15,3,2015,10500.86
15,3,2016,10634.24
15,3,2017,10792.53
15,3,2018,9931.47
15,3,2019,10171.99
15,3,2020,10549.75
15,3,2021,11292.17
15,3,2022,10831.07
15,3,2023,11346.12
16,3,1980,4060.39
16,3,1981,4178.15
16,3,1982,4392.02
16,3,1983,4733.82
16,3,1984,5044.08
16,3,1985,5269.88
16,3,1986,5518.58
16,3,1987,5631.47
16,3,1988,5637.92
16,3,1989,5612.52
16,3,1990,5553.13
16,3,1991,5593.62
16,3,1992,5694.89
16,3,1993,5760.02
16,3,1994,5823.63
16,3,1995,5978.7
16,3,1996,6221.39
16,3,1997,6433.45
16,3,1998,6588.64
16,3,1999,6866.89
16,3,2000,7133.41
16,3,2001,7423.65
16,3,2002,7702.31
16,3,2003,7846.26
16,3,2004,8044.96
16,3,2005,8383.9
16,3,2006,8682.33
16,3,2007,8845.26
16,3,2008,9187.16
16,3,2009,9627.39
16,3,2010,9993.87
16,3,2011,10303.34
16,3,2012,10611.45
16,3,2013,10894.16
16,3,2014,11311.7
16,3,2015,10867.59
16,3,2016,11683.67
16,3,2017,12051.69
16,3,2018,12079.25
16,3,2019,11929.94
16,3,2020,11485.45
16,3,2021,13104.39
16,3,2022,13640.51
16,3,2023,12381.01
17,3,1980,1894.47
17,3,1981,1906.87
17,3,1982,1985.39
17,3,1983,2069.7
17,3,1984,2180.66
17,3,1985,2262.53
17,3,1986,2316.56
17,3,1987,2381.02
17,3,1988,2531.59
17,3,1989,2593.8
17,3,1990,2697.46
17,3,1991,2635.66
17,3,1992,2529.76
17,3,1993,2567.02
17,3,1994,2690.47
17,3,1995,2842.12
17,3,1996,3156.9
17,3,1997,3144.19
17,3,1998,3198.28
17,3,1999,3143.38
17,3,2000,3010.35
17,3,2001,2938.08
17,3,2002,2800.23
17,3,2003,2623.97
17,3,2004,2690.39
17,3,2005,2454.58
17,3,2006,2470.49
17,3,2007,2528.54
17,3,2008,2500.43
17,3,2009,2555.24
17,3,2010,2573.79
17,3,2011,2541.81
17,3,2012,2506.49
17,3,2013,2515.75
17,3,2014,2540.49
17,3,2015,2532.04
17,3,2016,2529.28
17,3,2017,2604.45
17,3,2018,2645.68
17,3,2019,2580.27
17,3,2020,2571.96
17,3,2021,2497.81
17,3,2022,3374.16
17,3,2023,3714.55
18,3,1980,19622.93
18,3,1981,20014.82
18,3,1982,20066.55
18,3,1983,19656.48
18,3,1984,18439.22
18,3,1985,17281.26
18,3,1986,16854.59
18,3,1987,17397.16
18,3,1988,18444.89
18,3,1989,19817.13
18,3,1990,21020.04
18,3,1991,22220.66
18,3,1992,23642.65
18,3,1993,25699.08
18,3,1994,28577.42
18,3,1995,31078.04
18,3,1996,29761.96
18,3,1997,25084.92
18,3,1998,23501.12
18,3,1999,27065.13
18,3,2000,29623.41
18,3,2001,31140.99
18,3,2002,30632.19
18,3,2003,30031.66
18,3,2004,28799.04
18,3,2005,27056.95
18,3,2006,25201.19
18,3,2007,24135.64
18,3,2008,22814.72
18,3,2009,22485.73
18,3,2010,22910.01
18,3,2011,21431.93
18,3,2012,20314.24
18,3,2013,19770.78
18,3,2014,19602.92
18,3,2015,19734.07
18,3,2016,19902.95
18,3,2017,19515.89
18,3,2018,18778.81
18,3,2019,19130.41
18,3,2020,18958.02
18,3,2021,19354.21
18,3,2022,19991.66
18,3,2023,19594.15
19,3,1980,111.15
19,3,1981,113.81
19,3,1982,116.67
19,3,1983,120.22
19,3,1984,124.68
19,3,1985,128.77
19,3,1986,133.29
19,3,1987,138.4
19,3,1988,141.55
19,3,1989,145.35
19,3,1990,149.45
19,3,1991,151.54
19,3,1992,154.83
19,3,1993,157.43
19,3,1994,156.94
19,3,1995,155.38
19,3,1996,153.51
19,3,1997,149.91
19,3,1998,147.33
19,3,1999,142.32
19,3,2000,142.63
19,3,2001,139.04
19,3,2002,130.47
19,3,2003,131.83
19,3,2004,119.17
19,3,2005,124.46
19,3,2006,125.36
19,3,2007,130.2
19,3,2008,132.08
19,3,2009,141.39
19,3,2010,148.21
19,3,2011,168.52
19,3,2012,181.2
19,3,2013,190.05
19,3,2014,196.74
19,3,2015,207.25
19,3,2016,216.65
19,3,2017,225.76
19,3,2018,234.13
19,3,2019,242.65
19,3,2020,254.82
19,3,2021,256.14
19,3,2022,252.63
19,3,2023,261.53
20,3,1980,16806.6
20,3,1981,16951.96
20,3,1982,17228.56
20,3,1983,17421.32
20,3,1984,17634.77
20,3,1985,17864.55
20,3,1986,18099.5
20,3,1987,18358.74
20,3,1988,18672.6
20,3,1989,18984.03
20,3,1990,19294.86
20,3,1991,19714.25
20,3,1992,20160.7
20,3,1993,20560.14
20,3,1994,21035.11
20,3,1995,21539.51
20,3,1996,22154.23
20,3,1997,22822.64
20,3,1998,23564.49
20,3,1999,24203.11
20,3,2000,24842.81
20,3,2001,25547.79
20,3,2002,26225.65
20,3,2003,26651.22
20,3,2004,27111.81
20,3,2005,27403.63
20,3,2006,27750.51
20,3,2007,27948.96
20,3,2008,28091.72
20,3,2009,28238.22
20,3,2010,28889.78
20,3,2011,28928.47
20,3,2012,28946.06
20,3,2013,26318.24
20,3,2014,26508.19
20,3,2015,26323.81
20,3,2016,26276.44
20,3,2017,25885.72
20,3,2018,25683.1
20,3,2019,25528.73
20,3,2020,25462.88
20,3,2021,24756.65
20,3,2022,25094.93
20,3,2023,26020.27
22,3,1980,74.92
22,3,1981,74.17
22,3,1982,76.71
22,3,1983,79.12
22,3,1984,80.6
22,3,1985,79.3
22,3,1986,78.78
22,3,1987,79.87
22,3,1988,80.15
22,3,1989,80.62
22,3,1990,81.01
22,3,1991,81.66
22,3,1992,83.16
22,3,1993,83.11
22,3,1994,83.91
22,3,1995,84.57
22,3,1996,84.17
22,3,1997,84.14
22,3,1998,86.53
22,3,1999,86.29
22,3,2000,85.51
22,3,2001,86.61
22,3,2002,88.07
22,3,2003,90.24
22,3,2004,92.5
22,3,2005,92.08
22,3,2006,92.65
22,3,2007,92.2
22,3,2008,90.83
22,3,2009,89.53
22,3,2010,88.26
22,3,2011,86.61
22,3,2012,83.71
22,3,2013,91.29
22,3,2014,90.51
22,3,2015,81.91
22,3,2016,81.19
22,3,2017,81.08
22,3,2018,81.26
22,3,2019,79.77
22,3,2020,80.44
22,3,2021,80.61
22,3,2022,83.54
22,3,2023,87.19
23,3,1980,4.72
23,3,1981,4.72
23,3,1982,4.77
23,3,1983,4.78
23,3,1984,4.81
23,3,1985,4.87
23,3,1986,4.95
23,3,1987,5.11
23,3,1988,5.23
23,3,1989,5.3
23,3,1990,5.38
23,3,1991,5.4
23,3,1992,5.21
23,3,1993,5.42
23,3,1994,5.61
23,3,1995,5.89
23,3,1996,5.83
23,3,1997,5.81
23,3,1998,5.84
23,3,1999,6.03
23,3,2000,6.17
23,3,2001,6.29
23,3,2002,6.49
23,3,2003,6.6
23,3,2004,6.71
23,3,2005,6.94
23,3,2006,7.11
23,3,2007,7.49
23,3,2008,7.83
23,3,2009,8.19
23,3,2010,8.54
23,3,2011,8.69
23,3,2012,8.7
23,3,2013,8.84
23,3,2014,8.92
23,3,2015,9.04
23,3,2016,9.11
23,3,2017,9.31
23,3,2018,8.9
23,3,2019,8.83
23,3,2020,9.29
23,3,2021,9.91
23,3,2022,9.55
23,3,2023,9.72
24,3,1980,6.68
24,3,1981,6.72
24,3,1982,6.78
24,3,1983,6.52
24,3,1984,6.54
24,3,1985,6.57
24,3,1986,6.61
24,3,1987,6.75
24,3,1988,6.83
24,3,1989,6.88
24,3,1990,6.95
24,3,1991,7.09
24,3,1992,7.25
24,3,1993,7.43
24,3,1994,7.9
24,3,1995,8.01
24,3,1996,8.18
24,3,1997,8.34
24,3,1998,8.5
24,3,1999,8.64
24,3,2000,8.75
24,3,2001,8.84
24,3,2002,8.87
24,3,2003,8.93
24,3,2004,8.87
24,3,2005,8.77
24,3,2006,8.59
24,3,2007,8.48
24,3,2008,8.24
24,3,2009,8.1
24,3,2010,7.91
24,3,2011,7.79
24,3,2012,7.59
24,3,2013,7.33
24,3,2014,7.16
24,3,2015,6.94
24,3,2016,6.78
24,3,2017,6.68
24,3,2018,6.59
24,3,2019,6.53
24,3,2020,6.6
24,3,2021,7.06
24,3,2022,6.7
24,3,2023,6.71
25,3,1980,12.38
25,3,1981,12.34
25,3,1982,12.18
25,3,1983,12.3
25,3,1984,12.15
25,3,1985,12.04
25,3,1986,12.11
25,3,1987,12.07
25,3,1988,12.07
25,3,1989,12.2
25,3,1990,12.19
25,3,1991,12.17
25,3,1992,12.19
25,3,1993,12.22
25,3,1994,12.24
25,3,1995,12.44
25,3,1996,12.56
25,3,1997,12.65
25,3,1998,12.79
25,3,1999,12.78
25,3,2000,13.23
25,3,2001,13.3
25,3,2002,13.19
25,3,2003,12.89
25,3,2004,12.53
25,3,2005,12.45
25,3,2006,12
25,3,2007,11.87
25,3,2008,11.66
25,3,2009,11.46
25,3,2010,11.26
25,3,2011,11
25,3,2012,10.81
25,3,2013,10.63
25,3,2014,10.57
25,3,2015,10.68
25,3,2016,10.49
25,3,2017,10.35
25,3,2018,10.6
25,3,2019,9.95
25,3,2020,9.93
25,3,2021,10.44
25,3,2022,9.61
25,3,2023,9.72
26,3,1980,602.78
26,3,1981,616.38
26,3,1982,614.33
26,3,1983,625.38
26,3,1984,636.49
26,3,1985,651.47
26,3,1986,663.47
26,3,1987,668.93
26,3,1988,678.6
26,3,1989,694.17
26,3,1990,708.41
26,3,1991,727.56
26,3,1992,746.38
26,3,1993,765.62
26,3,1994,787.93
26,3,1995,804.05
26,3,1996,834.93
26,3,1997,847.95
26,3,1998,877.58
26,3,1999,909.45
26,3,2000,923.87
26,3,2001,931.88
26,3,2002,950.39
26,3,2003,956.7
26,3,2004,974.39
26,3,2005,1022.57
26,3,2006,1069.05
26,3,2007,1146.72
26,3,2008,1188.85
26,3,2009,1211.18
26,3,2010,1310.8
26,3,2011,1389.22
26,3,2012,1430.34
26,3,2013,1410.15
26,3,2014,1461.95
26,3,2015,1550.76
26,3,2016,1537.18
26,3,2017,1581.52
26,3,2018,1606.73
26,3,2019,1701.35
26,3,2020,1707.27
26,3,2021,1730.66
26,3,2022,1797.36
26,3,2023,1840.48
27,3,1980,21.77
27,3,1981,21.94
27,3,1982,22.19
27,3,1983,22.44
27,3,1984,22.87
27,3,1985,23.12
27,3,1986,23.38
27,3,1987,23.37
27,3,1988,23.31
27,3,1989,23.21
27,3,1990,23.09
27,3,1991,23.1
27,3,1992,23.02
27,3,1993,23.08
27,3,1994,23.26
27,3,1995,23.36
27,3,1996,23.56
27,3,1997,23.77
27,3,1998,23.9
27,3,1999,24.18
27,3,2000,24.07
27,3,2001,24.06
27,3,2002,23.74
27,3,2003,23.53
27,3,2004,23.31
27,3,2005,22.85
27,3,2006,22.69
27,3,2007,22.82
27,3,2008,22.73
27,3,2009,22.5
27,3,2010,22.25
27,3,2011,22.07
27,3,2012,21.23
27,3,2013,21.21
27,3,2014,21.29
27,3,2015,22.29
27,3,2016,21.95
27,3,2017,21.58
27,3,2018,21.3
27,3,2019,21.12
27,3,2020,21.41
27,3,2021,22.93
27,3,2022,22.34
27,3,2023,23
28,3,1980,28.85
28,3,1981,29.54
28,3,1982,30.07
28,3,1983,30.96
28,3,1984,31.82
28,3,1985,32.8
28,3,1986,34.2
28,3,1987,35.6
28,3,1988,36.46
28,3,1989,37.69
28,3,1990,39.04
28,3,1991,41.37
28,3,1992,42.13
28,3,1993,43.76
28,3,1994,45.44
28,3,1995,46.5
28,3,1996,48.17
28,3,1997,50.04
28,3,1998,52
28,3,1999,53.15
28,3,2000,54.17
28,3,2001,54.09
28,3,2002,54.81
28,3,2003,54.67
28,3,2004,54.37
28,3,2005,55.39
28,3,2006,56.69
28,3,2007,57.31
28,3,2008,56.58
28,3,2009,61.13
28,3,2010,62.04
28,3,2011,68.99
28,3,2012,72.88
28,3,2013,76.93
28,3,2014,82.68
28,3,2015,86.09
28,3,2016,87.5
28,3,2017,91.29
28,3,2018,86.55
28,3,2019,91.51
28,3,2020,97.34
28,3,2021,103.54
28,3,2022,110.68
28,3,2023,116.37
29,3,1980,14.74
29,3,1981,14.55
29,3,1982,14.32
29,3,1983,14.14
29,3,1984,13.86
29,3,1985,13.72
29,3,1986,13.56
29,3,1987,13.54
29,3,1988,13.37
29,3,1989,13.33
29,3,1990,13.36
29,3,1991,13.48
29,3,1992,13.75
29,3,1993,13.85
29,3,1994,13.82
29,3,1995,13.92
29,3,1996,13.82
29,3,1997,13.71
29,3,1998,13.58
29,3,1999,13.65
29,3,2000,13.49
29,3,2001,13.87
29,3,2002,13.95
29,3,2003,13.46
29,3,2004,12.09
29,3,2005,11.79
29,3,2006,10.95
29,3,2007,11.24
29,3,2008,10.82
29,3,2009,11.79
29,3,2010,11.4
29,3,2011,12.59
29,3,2012,11.87
29,3,2013,10.64
29,3,2014,10.43
29,3,2015,10.29
29,3,2016,10.13
29,3,2017,9.94
29,3,2018,9.67
29,3,2019,9.51
29,3,2020,9.69
29,3,2021,10.51
29,3,2022,9.95
29,3,2023,10.1
30,3,1980,12.05
30,3,1981,12.22
30,3,1982,12.58
30,3,1983,12.04
30,3,1984,12.07
30,3,1985,12.25
30,3,1986,12.43
30,3,1987,12.52
30,3,1988,12.76
30,3,1989,12.85
30,3,1990,13.33
30,3,1991,14.37
30,3,1992,15.25
30,3,1993,15.88
30,3,1994,16.96
30,3,1995,17.02
30,3,1996,17.62
30,3,1997,18.09
30,3,1998,18.52
30,3,1999,19.4
30,3,2000,19.17
30,3,2001,19.77
30,3,2002,18.97
30,3,2003,18.19
30,3,2004,18.42
30,3,2005,19.76
30,3,2006,20.6
30,3,2007,21.77
30,3,2008,22.53
30,3,2009,22.6
30,3,2010,22.98
30,3,2011,23.6
30,3,2012,23.88
30,3,2013,24.44
30,3,2014,24.98
30,3,2015,25.45
30,3,2016,26.14
30,3,2017,26.89
30,3,2018,27.58
30,3,2019,28.27
30,3,2020,29.3
30,3,2021,30.23
30,3,2022,31.09
30,3,2023,32.44
33,3,1980,340.28
33,3,1981,340.67
33,3,1982,349.49
33,3,1983,353.53
33,3,1984,356.69
33,3,1985,359.8
33,3,1986,369.15
33,3,1987,381.38
33,3,1988,397.03
33,3,1989,371.6
33,3,1990,371.47
33,3,1991,383.1
33,3,1992,381.63
33,3,1993,357.31
33,3,1994,341.8
33,3,1995,340.36
33,3,1996,327.39
33,3,1997,308.73
33,3,1998,292.29
33,3,1999,283.94
33,3,2000,278.49
33,3,2001,279.47
33,3,2002,278.35
33,3,2003,279.27
33,3,2004,281.07
33,3,2005,278.14
33,3,2006,277.43
33,3,2007,299.61
33,3,2008,284.75
33,3,2009,269.34
33,3,2010,265.15
33,3,2011,271.96
33,3,2012,302.77
33,3,2013,305.53
33,3,2014,298.39
33,3,2015,317.05
33,3,2016,301.77
33,3,2017,324.25
33,3,2018,378.47
33,3,2019,351.76
33,3,2020,324.8
33,3,2021,332.44
33,3,2022,333.45
33,3,2023,308.72
34,3,1980,533.48
34,3,1981,518.4
34,3,1982,520.2
34,3,1983,523.28
34,3,1984,527.64
34,3,1985,533.86
34,3,1986,540.27
34,3,1987,546.75
34,3,1988,547.76
34,3,1989,548.51
34,3,1990,554.98
34,3,1991,552.66
34,3,1992,535.1
34,3,1993,545.17
34,3,1994,538.92
34,3,1995,560.97
34,3,1996,564.19
34,3,1997,545.33
34,3,1998,527.53
34,3,1999,516.71
34,3,2000,511.43
34,3,2001,511.78
34,3,2002,528.31
34,3,2003,548.15
34,3,2004,560.61
34,3,2005,579.71
34,3,2006,592.43
34,3,2007,596.56
34,3,2008,595.17
34,3,2009,591.91
34,3,2010,598.89
34,3,2011,594.5
34,3,2012,590.02
34,3,2013,570.14
34,3,2014,554.16
34,3,2015,618.37
34,3,2016,609.23
34,3,2017,597.01
34,3,2018,590.53
34,3,2019,620.41
34,3,2020,636.56
34,3,2021,610.7
34,3,2022,592.54
34,3,2023,639.85
35,3,1980,612.56
35,3,1981,603.91
35,3,1982,598.68
35,3,1983,597.05
35,3,1984,597.73
35,3,1985,598.52
35,3,1986,594.38
35,3,1987,596.83
35,3,1988,615.48
35,3,1989,623.98
35,3,1990,638.57
35,3,1991,634.79
35,3,1992,605.57
35,3,1993,576.53
35,3,1994,542.84
35,3,1995,521.97
35,3,1996,501.7
35,3,1997,482.4
35,3,1998,465.93
35,3,1999,457.98
35,3,2000,442.58
35,3,2001,441.47
35,3,2002,562.75
35,3,2003,662.86
35,3,2004,660.88
35,3,2005,604.82
35,3,2006,635.61
35,3,2007,638.73
35,3,2008,677.72
35,3,2009,709.78
35,3,2010,715.42
35,3,2011,745.29
35,3,2012,746.94
35,3,2013,791.71
35,3,2014,869.11
35,3,2015,858.07
35,3,2016,820.26
35,3,2017,721.03
35,3,2018,670.89
35,3,2019,653.15
35,3,2020,631.81
35,3,2021,626.44
35,3,2022,611.55
35,3,2023,579.22
36,3,1980,4638.67
36,3,1981,4587.09
36,3,1982,4651.13
36,3,1983,4653.81
36,3,1984,4626.11
36,3,1985,4423.58
36,3,1986,4369.69
36,3,1987,4300.36
36,3,1988,4398.17
36,3,1989,4479.36
36,3,1990,4648.7
36,3,1991,4899.37
36,3,1992,4634.81
36,3,1993,4387.63
36,3,1994,3812.27
36,3,1995,3511.82
36,3,1996,3214.37
36,3,1997,2843.29
36,3,1998,2537.57
36,3,1999,2349.29
36,3,2000,2330.19
36,3,2001,2535.48
36,3,2002,2685.86
36,3,2003,2917.44
36,3,2004,3324.51
36,3,2005,3878.5
36,3,2006,4643.78
36,3,2007,4470.72
36,3,2008,3994.53
36,3,2009,3689.22
36,3,2010,3446.92
36,3,2011,3488.57
36,3,2012,3324.48
36,3,2013,3199.44
36,3,2014,2974.05
36,3,2015,2811.18
36,3,2016,2839.21
36,3,2017,2676.63
36,3,2018,2661.05
36,3,2019,2690.56
36,3,2020,2668.02
36,3,2021,2595.07
36,3,2022,2502.55
36,3,2023,2577.65
37,3,1980,518.68
37,3,1981,519.64
37,3,1982,517.08
37,3,1983,520.39
37,3,1984,523.31
37,3,1985,513.3
37,3,1986,512.25
37,3,1987,512.36
37,3,1988,518.12
37,3,1989,522.32
37,3,1990,523.47
37,3,1991,536.6
37,3,1992,551.1
37,3,1993,571.8
37,3,1994,588.41
37,3,1995,599.03
37,3,1996,597.45
37,3,1997,586.15
37,3,1998,578.78
37,3,1999,576.93
37,3,2000,592.41
37,3,2001,658.04
37,3,2002,736.14
37,3,2003,854.81
37,3,2004,943.31
37,3,2005,966.93
37,3,2006,1037.38
37,3,2007,1119.19
37,3,2008,1115.98
37,3,2009,1090.43
37,3,2010,1051.8
37,3,2011,1078.81
37,3,2012,1072.28
37,3,2013,1085.17
37,3,2014,1035.11
37,3,2015,1024.59
37,3,2016,981.82
37,3,2017,937.74
37,3,2018,855.12
37,3,2019,831.47
37,3,2020,717.99
37,3,2021,719.29
37,3,2022,757.93
37,3,2023,825.75
38,3,1980,298.07
38,3,1981,320.01
38,3,1982,338.42
38,3,1983,352.61
38,3,1984,354.5
38,3,1985,372.07
38,3,1986,376.67
38,3,1987,383.89
38,3,1988,387.38
38,3,1989,411.55
38,3,1990,429.87
38,3,1991,421.86
38,3,1992,417.84
38,3,1993,411.61
38,3,1994,399.06
38,3,1995,410.99
38,3,1996,413.63
38,3,1997,415.61
38,3,1998,425.56
38,3,1999,428.95
38,3,2000,437.98
38,3,2001,451.11
38,3,2002,472.17
38,3,2003,503.82
38,3,2004,529.43
38,3,2005,556.74
38,3,2006,569.95
38,3,2007,562.22
38,3,2008,582.79
38,3,2009,610.04
38,3,2010,622.57
38,3,2011,617.63
38,3,2012,620.64
38,3,2013,639.76
38,3,2014,596.68
38,3,2015,556.87
38,3,2016,524.93
38,3,2017,504.75
38,3,2018,502.3
38,3,2019,458.46
38,3,2020,438.77
38,3,2021,465.45
38,3,2022,482.82
38,3,2023,478.71
39,3,1980,526.87
39,3,1981,540.77
39,3,1982,556.29
39,3,1983,563.73
39,3,1984,567.95
39,3,1985,571.36
39,3,1986,578.63
39,3,1987,584.08
39,3,1988,599.93
39,3,1989,620.85
39,3,1990,653.77
39,3,1991,714.34
39,3,1992,715.32
39,3,1993,743.49
39,3,1994,724.92
39,3,1995,733.07
39,3,1996,680.56
39,3,1997,627.61
39,3,1998,575.18
39,3,1999,529.21
39,3,2000,476.51
39,3,2001,441.79
39,3,2002,421.47
39,3,2003,413.21
39,3,2004,406.06
39,3,2005,399.7
39,3,2006,390.09
39,3,2007,392.21
39,3,2008,393.64
39,3,2009,396.89
39,3,2010,406.46
39,3,2011,407.95
39,3,2012,407.6
39,3,2013,404.65
39,3,2014,413.32
39,3,2015,474.25
39,3,2016,482.68
39,3,2017,492.04
39,3,2018,495.16
39,3,2019,507.01
39,3,2020,450.16
39,3,2021,463.61
39,3,2022,515.93
39,3,2023,530.07
40,3,1980,659.64
40,3,1981,660.34
40,3,1982,674.84
40,3,1983,679.49
40,3,1984,689.52
40,3,1985,694.51
40,3,1986,706.36
40,3,1987,715.88
40,3,1988,713.97
40,3,1989,700.97
40,3,1990,704.45
40,3,1991,730.93
40,3,1992,688.05
40,3,1993,654.58
40,3,1994,658.35
40,3,1995,642.63
40,3,1996,483.02
40,3,1997,357.44
40,3,1998,338.62
40,3,1999,345.06
40,3,2000,337.94
40,3,2001,354.31
40,3,2002,414.17
40,3,2003,417.08
40,3,2004,469.66
40,3,2005,504.58
40,3,2006,544.22
40,3,2007,497.61
40,3,2008,452.08
40,3,2009,420.14
40,3,2010,371.35
40,3,2011,380.82
40,3,2012,327.52
40,3,2013,321.2
40,3,2014,300.69
40,3,2015,302.71
40,3,2016,343.65
40,3,2017,337.71
40,3,2018,317.46
40,3,2019,320.51
40,3,2020,316.17
40,3,2021,293.21
40,3,2022,285.8
40,3,2023,276.57
41,3,1980,1798.78
41,3,1981,1858.11
41,3,1982,1918.81
41,3,1983,1982.39
41,3,1984,2052.83
41,3,1985,2057.11
41,3,1986,2075.99
41,3,1987,2119.38
41,3,1988,2152.85
41,3,1989,2148.42
41,3,1990,2179.56
41,3,1991,2227.66
41,3,1992,2327.56
41,3,1993,2412.34
41,3,1994,2523.29
41,3,1995,2610.25
41,3,1996,2652.04
41,3,1997,2721.45
41,3,1998,2766.38
41,3,1999,2832.76
41,3,2000,2920.42
41,3,2001,3291.28
41,3,2002,3288.65
41,3,2003,3501.31
41,3,2004,3613.79
41,3,2005,3623.93
41,3,2006,3938.22
41,3,2007,3919.65
41,3,2008,3912.12
41,3,2009,3856.26
41,3,2010,3602.99
41,3,2011,3824.53
41,3,2012,3471.18
41,3,2013,3691.75
41,3,2014,3744.3
41,3,2015,3840.02
41,3,2016,3791.41
41,3,2017,3819.8
41,3,2018,4076.66
41,3,2019,3839.21
41,3,2020,3648.13
41,3,2021,3390.04
41,3,2022,3387.67
41,3,2023,3298.29
43,3,1980,299.52
43,3,1981,305.88
43,3,1982,318.9
43,3,1983,327.49
43,3,1984,336.87
43,3,1985,350.52
43,3,1986,363.04
43,3,1987,374.86
43,3,1988,390.02
43,3,1989,378.2
43,3,1990,391.59
43,3,1991,394.44
43,3,1992,386.86
43,3,1993,368.48
43,3,1994,347.9
43,3,1995,328.49
43,3,1996,317.33
43,3,1997,296.46
43,3,1998,283.03
43,3,1999,278.95
43,3,2000,280.14
43,3,2001,285.75
43,3,2002,292.99
43,3,2003,300.96
43,3,2004,297.18
43,3,2005,293.19
43,3,2006,284.27
43,3,2007,268.24
43,3,2008,263.01
43,3,2009,255.73
43,3,2010,247.77
43,3,2011,239.46
43,3,2012,236.19
43,3,2013,235.98
43,3,2014,235.24
43,3,2015,233.24
43,3,2016,225.15
43,3,2017,218.5
43,3,2018,213.22
43,3,2019,211.97
43,3,2020,208.2
43,3,2021,208.19
43,3,2022,194.7
43,3,2023,167.48
44,3,1980,435.33
44,3,1981,432.29
44,3,1982,427.09
44,3,1983,412.28
44,3,1984,398.02
44,3,1985,391.43
44,3,1986,370.38
44,3,1987,359.57
44,3,1988,358.45
44,3,1989,356.93
44,3,1990,368.5
44,3,1991,353.86
44,3,1992,342.67
44,3,1993,339.27
44,3,1994,314.93
44,3,1995,283.14
44,3,1996,267.3
44,3,1997,244.15
44,3,1998,234.16
44,3,1999,247.57
44,3,2000,251.9
44,3,2001,246.46
44,3,2002,251
44,3,2003,242.54
44,3,2004,246.19
44,3,2005,240.93
44,3,2006,243.19
44,3,2007,230.68
44,3,2008,221.44
44,3,2009,226.53
44,3,2010,216.2
44,3,2011,209.02
44,3,2012,199.77
44,3,2013,193.01
44,3,2014,190.65
44,3,2015,181.73
44,3,2016,171.11
44,3,2017,167.81
44,3,2018,158.56
44,3,2019,156.43
44,3,2020,147.51
44,3,2021,139.03
44,3,2022,136.03
44,3,2023,128.23
45,3,1980,1368.89
45,3,1981,1386.38
45,3,1982,1376.7
45,3,1983,1352.76
45,3,1984,1368.01
45,3,1985,1363.58
45,3,1986,1358.43
45,3,1987,1378.41
45,3,1988,1402.1
45,3,1989,1463.38
45,3,1990,1482.48
45,3,1991,1321.53
45,3,1992,1296.43
45,3,1993,1273.31
45,3,1994,1312.81
45,3,1995,1285.46
45,3,1996,1172.7
45,3,1997,1089.87
45,3,1998,1089.98
45,3,1999,1099.69
45,3,2000,1083.29
45,3,2001,1081.76
45,3,2002,1045.7
45,3,2003,1029.9
45,3,2004,1020.03
45,3,2005,1030.85
45,3,2006,1068.43
45,3,2007,1067.93
45,3,2008,1038.14
45,3,2009,918.19
45,3,2010,789.15
45,3,2011,706.36
45,3,2012,656.88
45,3,2013,651.38
45,3,2014,662.58
45,3,2015,685.08
45,3,2016,670.81
45,3,2017,624.26
45,3,2018,594.99
45,3,2019,570.32
45,3,2020,518.21
45,3,2021,506.53
45,3,2022,479.64
45,3,2023,437.1
46,3,1980,994.45
46,3,1981,997.17
46,3,1982,1004.94
46,3,1983,1000.56
46,3,1984,1004.72
46,3,1985,999.66
46,3,1986,976.35
46,3,1987,952.88
46,3,1988,951.73
46,3,1989,966.58
46,3,1990,976.93
46,3,1991,902.1
46,3,1992,807.92
46,3,1993,712.21
46,3,1994,717.15
46,3,1995,776.38
46,3,1996,734.71
46,3,1997,709.4
46,3,1998,689.04
46,3,1999,665.06
46,3,2000,655.87
46,3,2001,631.6
46,3,2002,628.31
46,3,2003,646.08
46,3,2004,619.4
46,3,2005,590.55
46,3,2006,585.48
46,3,2007,586.27
46,3,2008,575.59
46,3,2009,529.29
46,3,2010,482.1
46,3,2011,450.76
46,3,2012,417.72
46,3,2013,391.19
46,3,2014,370.59
46,3,2015,375.09
46,3,2016,371.56
46,3,2017,370.65
46,3,2018,348.06
46,3,2019,329.04
46,3,2020,302.43
46,3,2021,304.04
46,3,2022,299.65
46,3,2023,282.96
47,3,1980,1225.83
47,3,1981,1199.48
47,3,1982,1184.29
47,3,1983,1165.92
47,3,1984,1152.81
47,3,1985,1126.97
47,3,1986,1099.22
47,3,1987,1136.87
47,3,1988,1204.8
47,3,1989,1310.32
47,3,1990,1454.87
47,3,1991,1514.37
47,3,1992,1570.59
47,3,1993,1582.09
47,3,1994,1594.37
47,3,1995,1567.4
47,3,1996,1541.71
47,3,1997,1500.18
47,3,1998,1439.78
47,3,1999,1433.47
47,3,2000,1394.42
47,3,2001,1375.75
47,3,2002,1368.36
47,3,2003,1319.11
47,3,2004,1247.7
47,3,2005,1179.64
47,3,2006,1111.09
47,3,2007,1137.42
47,3,2008,1092.42
47,3,2009,970.55
47,3,2010,870.87
47,3,2011,832.65
47,3,2012,801.59
47,3,2013,760.56
47,3,2014,768.33
47,3,2015,786.83
47,3,2016,736.55
47,3,2017,716.55
47,3,2018,717.54
47,3,2019,699.3
47,3,2020,682.79
47,3,2021,647.68
47,3,2022,646
47,3,2023,632.01
48,3,1980,1870.95
48,3,1981,1855.92
48,3,1982,1866.43
48,3,1983,1876.36
48,3,1984,1900.94
48,3,1985,1963.52
48,3,1986,1935.45
48,3,1987,1921.12
48,3,1988,2060.32
48,3,1989,2291.08
48,3,1990,2502.85
48,3,1991,2454.33
48,3,1992,2326.31
48,3,1993,2062.27
48,3,1994,1935.4
48,3,1995,1834.18
48,3,1996,1686.79
48,3,1997,1637.26
48,3,1998,1595.82
48,3,1999,1517.54
48,3,2000,1453.29
48,3,2001,1480.04
48,3,2002,1542.07
48,3,2003,1518.24
48,3,2004,1501.69
48,3,2005,1485.58
48,3,2006,1465.15
48,3,2007,1384.3
48,3,2008,1232.58
48,3,2009,1073.06
48,3,2010,957.6
48,3,2011,871.82
48,3,2012,814.39
48,3,2013,794.91
48,3,2014,786.32
48,3,2015,811.85
48,3,2016,808.3
48,3,2017,814.79
48,3,2018,810.95
48,3,2019,773.57
48,3,2020,692.36
48,3,2021,707.42
48,3,2022,685.16
48,3,2023,656.87
49,3,1980,184.06
49,3,1981,184.77
49,3,1982,186.11
49,3,1983,183.43
49,3,1984,187.13
49,3,1985,188.44
49,3,1986,188.49
49,3,1987,186.99
49,3,1988,185.84
49,3,1989,185.22
49,3,1990,186.29
49,3,1991,187.58
49,3,1992,186.53
49,3,1993,184.76
49,3,1994,183.71
49,3,1995,184.35
49,3,1996,181.93
49,3,1997,179.84
49,3,1998,176.34
49,3,1999,177.57
49,3,2000,180.67
49,3,2001,178.64
49,3,2002,175.21
49,3,2003,172.17
49,3,2004,172.53
49,3,2005,174.48
49,3,2006,169.83
49,3,2007,164.33
49,3,2008,160.74
49,3,2009,153.31
49,3,2010,147.73
49,3,2011,144.32
49,3,2012,138.12
49,3,2013,132.7
49,3,2014,126.05
49,3,2015,125.35
49,3,2016,120.74
49,3,2017,119.08
49,3,2018,117.26
49,3,2019,119.62
49,3,2020,111.68
49,3,2021,104.62
49,3,2022,107.56
49,3,2023,98.82
50,3,1980,67.36
50,3,1981,70.1
50,3,1982,71.49
50,3,1983,74.01
50,3,1984,75.37
50,3,1985,76.02
50,3,1986,76.1
50,3,1987,75.25
50,3,1988,74.23
50,3,1989,73.16
50,3,1990,69.52
50,3,1991,65.77
50,3,1992,65.38
50,3,1993,67.67
50,3,1994,68.59
50,3,1995,68.75
50,3,1996,69.08
50,3,1997,68.78
50,3,1998,66.58
50,3,1999,62.54
50,3,2000,61.7
50,3,2001,63.44
50,3,2002,66.59
50,3,2003,65.38
50,3,2004,66.64
50,3,2005,62.72
50,3,2006,64.61
50,3,2007,63.06
50,3,2008,60.41
50,3,2009,61.41
50,3,2010,59.19
50,3,2011,59.63
50,3,2012,53.69
50,3,2013,52.33
50,3,2014,50.07
50,3,2015,50.59
50,3,2016,48.63
50,3,2017,46.99
50,3,2018,44.89
50,3,2019,42.12
50,3,2020,43.99
50,3,2021,42.97
50,3,2022,44.76
50,3,2023,44.09
51,3,1980,6604.63
51,3,1981,6635.52
51,3,1982,6665.97
51,3,1983,6950.08
51,3,1984,6742.71
51,3,1985,6503.29
51,3,1986,6411.12
51,3,1987,6421.27
51,3,1988,6922.52
51,3,1989,8272.66
51,3,1990,9254.73
51,3,1991,9520.96
51,3,1992,8779.29
51,3,1993,8298.12
51,3,1994,8227.39
51,3,1995,8186.75
51,3,1996,8005.93
51,3,1997,7958.28
51,3,1998,7902.01
51,3,1999,7776.67
51,3,2000,7347.78
51,3,2001,6818.43
51,3,2002,6635.85
51,3,2003,6605.88
51,3,2004,6555.15
51,3,2005,6318.61
51,3,2006,6159.21
51,3,2007,6310.88
51,3,2008,6102.19
51,3,2009,5479.11
51,3,2010,4972.82
51,3,2011,4840.76
51,3,2012,4381.25
51,3,2013,4095.63
51,3,2014,3841.83
51,3,2015,3726.9
51,3,2016,3779.91
51,3,2017,3768.3
51,3,2018,3869.73
51,3,2019,3858.46
51,3,2020,3629.48
51,3,2021,3041.74
51,3,2022,2722.07
51,3,2023,2568.47
52,3,1980,4064.1
52,3,1981,4092.96
52,3,1982,4046.66
52,3,1983,4085.32
52,3,1984,4190.45
52,3,1985,4272.41
52,3,1986,4396.95
52,3,1987,4445.85
52,3,1988,4526.16
52,3,1989,4454.82
52,3,1990,5167.44
52,3,1991,5016.27
52,3,1992,4747.63
52,3,1993,4611.91
52,3,1994,4682.8
52,3,1995,4682.1
52,3,1996,4610.09
52,3,1997,4241.43
52,3,1998,3881.04
52,3,1999,3430.95
52,3,2000,3314.12
52,3,2001,3261.57
52,3,2002,3210.11
52,3,2003,3105.44
52,3,2004,3201.2
52,3,2005,3213.34
52,3,2006,3248.88
52,3,2007,3349.15
52,3,2008,3391.3
52,3,2009,3153.88
52,3,2010,2698.52
52,3,2011,2437.23
52,3,2012,2294.37
52,3,2013,2232.1
52,3,2014,2185.39
52,3,2015,2229.77
52,3,2016,2269.39
52,3,2017,2286.65
52,3,2018,2218.48
52,3,2019,2175.31
52,3,2020,2050.13
52,3,2021,1962.61
52,3,2022,2023.61
52,3,2023,1950.13
53,3,1980,1397.18
53,3,1981,1429.25
53,3,1982,1452.46
53,3,1983,1459.12
53,3,1984,1446.86
53,3,1985,1408.3
53,3,1986,1389.87
53,3,1987,1371.4
53,3,1988,1339.86
53,3,1989,1308.2
53,3,1990,1291.22
53,3,1991,1255.01
53,3,1992,1231.82
53,3,1993,1268.97
53,3,1994,1313.73
53,3,1995,1295.36
53,3,1996,1298.51
53,3,1997,1267.93
53,3,1998,1224.13
53,3,1999,1167.27
53,3,2000,1115.34
53,3,2001,1077.92
53,3,2002,1055.23
53,3,2003,1014.85
53,3,2004,1000.72
53,3,2005,1013.74
53,3,2006,1000.86
53,3,2007,980.82
53,3,2008,961.18
53,3,2009,927.93
53,3,2010,890.18
53,3,2011,836.08
53,3,2012,797.92
53,3,2013,737.15
53,3,2014,713.39
53,3,2015,699.62
53,3,2016,673.98
53,3,2017,660.19
53,3,2018,650.12
53,3,2019,658.53
53,3,2020,640
53,3,2021,626.31
53,3,2022,621.16
53,3,2023,601.42
54,3,1980,901.64
54,3,1981,897.34
54,3,1982,909.78
54,3,1983,908.04
54,3,1984,911.29
54,3,1985,900.8
54,3,1986,893.89
54,3,1987,892.14
54,3,1988,902.48
54,3,1989,913.71
54,3,1990,923.02
54,3,1991,914.16
54,3,1992,890.92
54,3,1993,859.44
54,3,1994,824.74
54,3,1995,803.65
54,3,1996,802.03
54,3,1997,797.37
54,3,1998,794.3
54,3,1999,787.45
54,3,2000,769.95
54,3,2001,754.13
54,3,2002,725.67
54,3,2003,705.33
54,3,2004,685.48
54,3,2005,664.5
54,3,2006,638.19
54,3,2007,611.59
54,3,2008,585.39
54,3,2009,562.02
54,3,2010,532.22
54,3,2011,491.97
54,3,2012,458.31
54,3,2013,439.98
54,3,2014,422.29
54,3,2015,411.65
54,3,2016,408.61
54,3,2017,398.69
54,3,2018,383.64
54,3,2019,375.12
54,3,2020,375.27
54,3,2021,372.36
54,3,2022,374.71
54,3,2023,356.41
55,3,1980,434.67
55,3,1981,429.62
55,3,1982,423.99
55,3,1983,419.62
55,3,1984,411.35
55,3,1985,401.14
55,3,1986,414.01
55,3,1987,411.99
55,3,1988,414.03
55,3,1989,420.63
55,3,1990,440.11
55,3,1991,424.6
55,3,1992,421
55,3,1993,406.33
55,3,1994,402.34
55,3,1995,383.26
55,3,1996,358.47
55,3,1997,332.31
55,3,1998,315.94
55,3,1999,311.6
55,3,2000,297.11
55,3,2001,283.62
55,3,2002,276.77
55,3,2003,268.93
55,3,2004,269.5
55,3,2005,254.32
55,3,2006,248.56
55,3,2007,244.98
55,3,2008,227.9
55,3,2009,199.1
55,3,2010,174.8
55,3,2011,163.24
55,3,2012,152.99
55,3,2013,142.9
55,3,2014,135.78
55,3,2015,135.54
55,3,2016,132.59
55,3,2017,127.85
55,3,2018,123.73
55,3,2019,125.67
55,3,2020,120.93
55,3,2021,118.75
55,3,2022,119.9
55,3,2023,117.27
57,3,1980,2194.16
57,3,1981,2204.29
57,3,1982,2221.95
57,3,1983,2239.96
57,3,1984,2198.8
57,3,1985,2107.35
57,3,1986,2067.49
57,3,1987,1995.03
57,3,1988,1982.4
57,3,1989,1978.54
57,3,1990,2036.57
57,3,1991,2069.14
57,3,1992,2088.42
57,3,1993,2118.76
57,3,1994,2133.18
57,3,1995,2137.26
57,3,1996,2150.86
57,3,1997,2175.05
57,3,1998,2213.39
57,3,1999,2209.98
57,3,2000,2242.95
57,3,2001,2266.03
57,3,2002,2351.23
57,3,2003,2386.34
57,3,2004,2248.33
57,3,2005,2207.54
57,3,2006,2163.17
57,3,2007,2117.18
57,3,2008,1997.48
57,3,2009,1769.13
57,3,2010,1636.26
57,3,2011,1567.05
57,3,2012,1418.35
57,3,2013,1236.51
57,3,2014,1108.04
57,3,2015,1050.69
57,3,2016,929.68
57,3,2017,841.83
57,3,2018,799.93
57,3,2019,781.19
57,3,2020,728.25
57,3,2021,719.6
57,3,2022,743.47
57,3,2023,763.02
58,3,1980,395.51
58,3,1981,388.56
58,3,1982,390.07
58,3,1983,386.51
58,3,1984,379.18
58,3,1985,368.29
58,3,1986,376.28
58,3,1987,381.11
58,3,1988,385.86
58,3,1989,385.61
58,3,1990,387.96
58,3,1991,390.42
58,3,1992,384.47
58,3,1993,371.51
58,3,1994,359.46
58,3,1995,300.54
58,3,1996,260.39
58,3,1997,255.92
58,3,1998,257.9
58,3,1999,251.45
58,3,2000,240.71
58,3,2001,227
58,3,2002,224.21
58,3,2003,215.83
58,3,2004,208.69
58,3,2005,201.22
58,3,2006,194.73
58,3,2007,177.31
58,3,2008,151.65
58,3,2009,129.51
58,3,2010,116.69
58,3,2011,118.31
58,3,2012,109.6
58,3,2013,105.48
58,3,2014,96.5
58,3,2015,88.2
58,3,2016,80.38
58,3,2017,75.95
58,3,2018,74.6
58,3,2019,67.31
58,3,2020,65.25
58,3,2021,63.41
58,3,2022,56.38
58,3,2023,56.07
59,3,1980,677.88
59,3,1981,677.35
59,3,1982,690.37
59,3,1983,680.7
59,3,1984,662.36
59,3,1985,644.58
59,3,1986,640.43
59,3,1987,636.62
59,3,1988,641.98
59,3,1989,652.39
59,3,1990,671.58
59,3,1991,686.29
59,3,1992,701.9
59,3,1993,694.53
59,3,1994,679.48
59,3,1995,656.92
59,3,1996,637.92
59,3,1997,617.66
59,3,1998,632.13
59,3,1999,639.71
59,3,2000,628.54
59,3,2001,581.73
59,3,2002,567.61
59,3,2003,555.11
59,3,2004,531.17
59,3,2005,486.48
59,3,2006,455.36
59,3,2007,438.59
59,3,2008,367.73
59,3,2009,294.94
59,3,2010,259.68
59,3,2011,244.76
59,3,2012,236.54
59,3,2013,232.69
59,3,2014,232.98
59,3,2015,216.94
59,3,2016,196.04
59,3,2017,174.62
59,3,2018,173.44
59,3,2019,167.58
59,3,2020,163.08
59,3,2021,173.29
59,3,2022,178.22
59,3,2023,170.64
60,3,1980,945.97
60,3,1981,938.73
60,3,1982,951.76
60,3,1983,962.72
60,3,1984,954.72
60,3,1985,922.4
60,3,1986,929.77
60,3,1987,920.18
60,3,1988,938.58
60,3,1989,959.26
60,3,1990,998.05
60,3,1991,1007.71
60,3,1992,1017
60,3,1993,1014.78
60,3,1994,865.01
60,3,1995,832.2
60,3,1996,800.76
60,3,1997,808.14
60,3,1998,822.76
60,3,1999,787.78
60,3,2000,754.23
60,3,2001,761.77
60,3,2002,772.78
60,3,2003,807.01
60,3,2004,817.2
60,3,2005,822.91
60,3,2006,812.27
60,3,2007,751.19
60,3,2008,602.64
60,3,2009,501.33
60,3,2010,431.12
60,3,2011,413.53
60,3,2012,404.6
60,3,2013,362.35
60,3,2014,350.65
60,3,2015,322.5
60,3,2016,288.77
60,3,2017,276.15
60,3,2018,254.24
60,3,2019,246.93
60,3,2020,238.78
60,3,2021,217.32
60,3,2022,199.04
60,3,2023,196.94
61,3,1980,1278.32
61,3,1981,1283.46
61,3,1982,1305.76
61,3,1983,1299.54
61,3,1984,1298.95
61,3,1985,1246.79
61,3,1986,1217.03
61,3,1987,1191.48
61,3,1988,1183.1
61,3,1989,1181.09
61,3,1990,1194.04
61,3,1991,1198.15
61,3,1992,1141.88
61,3,1993,967.64
61,3,1994,864.86
61,3,1995,846.09
61,3,1996,778.1
61,3,1997,746.14
61,3,1998,686.17
61,3,1999,641.41
61,3,2000,643.75
61,3,2001,672.17
61,3,2002,679.04
61,3,2003,699.09
61,3,2004,696.29
61,3,2005,671.05
61,3,2006,653.5
61,3,2007,681.14
61,3,2008,662.14
61,3,2009,606.01
61,3,2010,563.44
61,3,2011,570.05
61,3,2012,545.51
61,3,2013,501.74
61,3,2014,472.83
61,3,2015,439.86
61,3,2016,407.29
61,3,2017,391.77
61,3,2018,351.01
61,3,2019,327.36
61,3,2020,293.22
61,3,2021,261.32
61,3,2022,272.31
61,3,2023,269.51
62,3,1980,40863.12
62,3,1981,40121.9
62,3,1982,38959.39
62,3,1983,38970.16
62,3,1984,41605.05
62,3,1985,42838.83
62,3,1986,38442.76
62,3,1987,36958.15
62,3,1988,38177.35
62,3,1989,40050.41
62,3,1990,41464.29
62,3,1991,42490.44
62,3,1992,43698.63
62,3,1993,45977.95
62,3,1994,44714.2
62,3,1995,40098.59
62,3,1996,35203.44
62,3,1997,32606.91
62,3,1998,33904.63
62,3,1999,38037.35
62,3,2000,40720.48
62,3,2001,41805.88
62,3,2002,42870.03
62,3,2003,44150.35
62,3,2004,43093.32
62,3,2005,40811.96
62,3,2006,37358.4
62,3,2007,35568.33
62,3,2008,32909.11
62,3,2009,29595.57
62,3,2010,28431.95
62,3,2011,28940.67
62,3,2012,29274.48
62,3,2013,28272.52
62,3,2014,27298.8
62,3,2015,24653.66
62,3,2016,21711.83
62,3,2017,19680.79
62,3,2018,18377.94
62,3,2019,17458.4
62,3,2020,16606.43
62,3,2021,15453.03
62,3,2022,13439.12
62,3,2023,13620.55
63,3,1980,9257.88
63,3,1981,9212.35
63,3,1982,9227.81
63,3,1983,9224.59
63,3,1984,9085.32
63,3,1985,8578.27
63,3,1986,8226.95
63,3,1987,8031.79
63,3,1988,8151.92
63,3,1989,8301.91
63,3,1990,8556.56
63,3,1991,8802.74
63,3,1992,9012.19
63,3,1993,9308
63,3,1994,9629.82
63,3,1995,9877.12
63,3,1996,9690.75
63,3,1997,9167.4
63,3,1998,8784.76
63,3,1999,8846.24
63,3,2000,9113.82
63,3,2001,9290.75
63,3,2002,9450.65
63,3,2003,9369.94
63,3,2004,9802.15
63,3,2005,10153.94
63,3,2006,10337.46
63,3,2007,10559.8
63,3,2008,9136.42
63,3,2009,6913.24
63,3,2010,5867.72
63,3,2011,5611.83
63,3,2012,5493.73
63,3,2013,5297.97
63,3,2014,4976.94
63,3,2015,4754.63
63,3,2016,4644.06
63,3,2017,4634.46
63,3,2018,4519.12
63,3,2019,4394.91
63,3,2020,4369.72
63,3,2021,4079.1
63,3,2022,4050.09
63,3,2023,3705.41
66,3,1980,56.55
66,3,1981,57.09
66,3,1982,57.06
66,3,1983,56.42
66,3,1984,56.78
66,3,1985,56.97
66,3,1986,56.6
66,3,1987,57.19
66,3,1988,56.33
66,3,1989,55.44
66,3,1990,54.38
66,3,1991,53.77
66,3,1992,54
66,3,1993,54.38
66,3,1994,54.23
66,3,1995,53.86
66,3,1996,53.74
66,3,1997,53.76
66,3,1998,53.76
66,3,1999,53.37
66,3,2000,52.61
66,3,2001,51.7
66,3,2002,50.88
66,3,2003,49.63
66,3,2004,48.47
66,3,2005,47.77
66,3,2006,47.67
66,3,2007,46.82
66,3,2008,46.81
66,3,2009,46.33
66,3,2010,46.19
66,3,2011,44.56
66,3,2012,43.38
66,3,2013,42.64
66,3,2014,42.21
66,3,2015,41.4
66,3,2016,40.87
66,3,2017,40.66
66,3,2018,39.9
66,3,2019,39.52
66,3,2020,39.66
66,3,2021,39.86
66,3,2022,39.45
66,3,2023,40.09
67,3,1980,13634.12
67,3,1981,13575.23
67,3,1982,13891.47
67,3,1983,14262.46
67,3,1984,14144.7
67,3,1985,14147.76
67,3,1986,14032.33
67,3,1987,14274.11
67,3,1988,15093.54
67,3,1989,15736.84
67,3,1990,15979.62
67,3,1991,16087.43
67,3,1992,16132.69
67,3,1993,15882.08
67,3,1994,15349.07
67,3,1995,15123.81
67,3,1996,14381.93
67,3,1997,13951.85
67,3,1998,13519.56
67,3,1999,13342.81
67,3,2000,12722.55
67,3,2001,12211.92
67,3,2002,11603.6
67,3,2003,10962.55
67,3,2004,10347.78
67,3,2005,9773.23
67,3,2006,8962.83
67,3,2007,8312.66
67,3,2008,7682
67,3,2009,7370.97
67,3,2010,7242.54
67,3,2011,6936.69
67,3,2012,6596.26
67,3,2013,6283.97
67,3,2014,5997.69
67,3,2015,5844.72
67,3,2016,5544.99
67,3,2017,5396.88
67,3,2018,5146.54
67,3,2019,4841.3
67,3,2020,4405.87
67,3,2021,4242.28
67,3,2022,4276.41
67,3,2023,4499.06
68,3,1980,17444.92
68,3,1981,16343.02
68,3,1982,16018.9
68,3,1983,15929.09
68,3,1984,15051.06
68,3,1985,14338.62
68,3,1986,14390.05
68,3,1987,14820.79
68,3,1988,15216.58
68,3,1989,15444.52
68,3,1990,15729.71
68,3,1991,15920.17
68,3,1992,15747.67
68,3,1993,15564.28
68,3,1994,15682.85
68,3,1995,15287.29
68,3,1996,14812.93
68,3,1997,14173.61
68,3,1998,13069.49
68,3,1999,12012.87
68,3,2000,10916.48
68,3,2001,9909.23
68,3,2002,9228.4
68,3,2003,8688.59
68,3,2004,8152.9
68,3,2005,7676.48
68,3,2006,7307.67
68,3,2007,7119.69
68,3,2008,6998.45
68,3,2009,6860.74
68,3,2010,6752.1
68,3,2011,6421.93
68,3,2012,6196.18
68,3,2013,5870.01
68,3,2014,5571.02
68,3,2015,5366.55
68,3,2016,5112.69
68,3,2017,4885.8
68,3,2018,4742.46
68,3,2019,4490.87
68,3,2020,4400.74
68,3,2021,4280.59
68,3,2022,4468.55
68,3,2023,4453.15
69,3,1980,324.96
69,3,1981,349
69,3,1982,378.61
69,3,1983,373.58
69,3,1984,358.09
69,3,1985,303.92
69,3,1986,260.88
69,3,1987,273.7
69,3,1988,288.28
69,3,1989,312.43
69,3,1990,322.11
69,3,1991,330.53
69,3,1992,325.01
69,3,1993,337.48
69,3,1994,336
69,3,1995,330.42
69,3,1996,331.21
69,3,1997,322.9
69,3,1998,293.46
69,3,1999,277.62
69,3,2000,264.78
69,3,2001,257.25
69,3,2002,246.99
69,3,2003,235.22
69,3,2004,229.22
69,3,2005,216.33
69,3,2006,221.15
69,3,2007,224.12
69,3,2008,223.07
69,3,2009,210.13
69,3,2010,206.33
69,3,2011,200.24
69,3,2012,191.43
69,3,2013,181.36
69,3,2014,176
69,3,2015,164.8
69,3,2016,155.27
69,3,2017,143.78
69,3,2018,135.07
69,3,2019,126.15
69,3,2020,110.77
69,3,2021,114.39
69,3,2022,117.33
69,3,2023,119.55
71,3,1980,3696.27
71,3,1981,3595.5
71,3,1982,3470.54
71,3,1983,3231.82
71,3,1984,3195.09
71,3,1985,3213.94
71,3,1986,3200.99
71,3,1987,3133.28
71,3,1988,3138.57
71,3,1989,3041.55
71,3,1990,2696.45
71,3,1991,2454.42
71,3,1992,2308.41
71,3,1993,2240.14
71,3,1994,2209.44
71,3,1995,2200.61
71,3,1996,2170.07
71,3,1997,2045.16
71,3,1998,2024.74
71,3,1999,2016.73
71,3,2000,1998.95
71,3,2001,1944.62
71,3,2002,1879.58
71,3,2003,1795.88
71,3,2004,1757.77
71,3,2005,1743.02
71,3,2006,1737.03
71,3,2007,1706.53
71,3,2008,1673.81
71,3,2009,1644.72
71,3,2010,1562.6
71,3,2011,1488.74
71,3,2012,1446.3
71,3,2013,1383.15
71,3,2014,1389.61
71,3,2015,1400.81
71,3,2016,1413.16
71,3,2017,1369.24
71,3,2018,1363.09
71,3,2019,1378.54
71,3,2020,1317.99
71,3,2021,1331.58
71,3,2022,1396.03
71,3,2023,1376.94
72,3,1980,747.03
72,3,1981,796.13
72,3,1982,800.11
72,3,1983,774.89
72,3,1984,815.29
72,3,1985,837.02
72,3,1986,858.52
72,3,1987,871.72
72,3,1988,844.96
72,3,1989,835.17
72,3,1990,805.99
72,3,1991,755.08
72,3,1992,707.43
72,3,1993,676.08
72,3,1994,660.74
72,3,1995,614.48
72,3,1996,571.75
72,3,1997,560.74
72,3,1998,556.26
72,3,1999,554.85
72,3,2000,522.33
72,3,2001,496.03
72,3,2002,484.48
72,3,2003,494.24
72,3,2004,475.38
72,3,2005,445.1
72,3,2006,441.28
72,3,2007,449.45
72,3,2008,428.63
72,3,2009,419.81
72,3,2010,407.62
72,3,2011,353.62
72,3,2012,339.43
72,3,2013,314.62
72,3,2014,335.27
72,3,2015,351.88
72,3,2016,364.87
72,3,2017,399.39
72,3,2018,399.56
72,3,2019,385.55
72,3,2020,374.9
72,3,2021,383.13
72,3,2022,391.99
72,3,2023,408.96
74,3,1980,6.67
74,3,1981,6.84
74,3,1982,6.99
74,3,1983,7.23
74,3,1984,7.38
74,3,1985,7.62
74,3,1986,7.85
74,3,1987,7.9
74,3,1988,7.97
74,3,1989,7.86
74,3,1990,8.62
74,3,1991,9.48
74,3,1992,9.61
74,3,1993,9.58
74,3,1994,9.14
74,3,1995,8.77
74,3,1996,8.55
74,3,1997,8.41
74,3,1998,8.22
74,3,1999,7.96
74,3,2000,7.61
74,3,2001,7.26
74,3,2002,7.12
74,3,2003,7.57
74,3,2004,8.03
74,3,2005,8.13
74,3,2006,8.26
74,3,2007,8.34
74,3,2008,8.53
74,3,2009,8.43
74,3,2010,8.27
74,3,2011,7.83
74,3,2012,7.37
74,3,2013,7.3
74,3,2014,7.13
74,3,2015,7.2
74,3,2016,7.19
74,3,2017,7.4
74,3,2018,7.4
74,3,2019,7.74
74,3,2020,7.69
74,3,2021,8.16
74,3,2022,8.55
74,3,2023,9.03
75,3,1980,1994.96
75,3,1981,1968.98
75,3,1982,1959.32
75,3,1983,1968.17
75,3,1984,1852.68
75,3,1985,1671.03
75,3,1986,1572.96
75,3,1987,1523.58
75,3,1988,1527.75
75,3,1989,1502.33
75,3,1990,1484.95
75,3,1991,1429.57
75,3,1992,1347.33
75,3,1993,1297.91
75,3,1994,1247.7
75,3,1995,1155.9
75,3,1996,1067.61
75,3,1997,1031.39
75,3,1998,975.42
75,3,1999,968.88
75,3,2000,914.46
75,3,2001,900.24
75,3,2002,885.71
75,3,2003,863.98
75,3,2004,809.54
75,3,2005,759.05
75,3,2006,724.2
75,3,2007,693.91
75,3,2008,670.39
75,3,2009,631.57
75,3,2010,582.39
75,3,2011,552.95
75,3,2012,540.82
75,3,2013,497.72
75,3,2014,474.8
75,3,2015,472.17
75,3,2016,456.87
75,3,2017,451.71
75,3,2018,442.81
75,3,2019,435.72
75,3,2020,415.55
75,3,2021,418.3
75,3,2022,429.21
75,3,2023,422.47
76,3,1980,2642.66
76,3,1981,2506.38
76,3,1982,2394.12
76,3,1983,2355.74
76,3,1984,2225.97
76,3,1985,2146.15
76,3,1986,2201.61
76,3,1987,2214.52
76,3,1988,2100.34
76,3,1989,2065.35
76,3,1990,2025.53
76,3,1991,1985.64
76,3,1992,1900.78
76,3,1993,1871.78
76,3,1994,1835.28
76,3,1995,1721.31
76,3,1996,1625.51
76,3,1997,1589.19
76,3,1998,1640.67
76,3,1999,1656.52
76,3,2000,1613.53
76,3,2001,1565.84
76,3,2002,1438.64
76,3,2003,1318.13
76,3,2004,1231.27
76,3,2005,1179.57
76,3,2006,1149.21
76,3,2007,1133.08
76,3,2008,1063.39
76,3,2009,1035.46
76,3,2010,975.72
76,3,2011,916.71
76,3,2012,866.24
76,3,2013,828.61
76,3,2014,782.11
76,3,2015,765.61
76,3,2016,727.85
76,3,2017,686.98
76,3,2018,664.19
76,3,2019,662.17
76,3,2020,602.02
76,3,2021,614.61
76,3,2022,622.3
76,3,2023,600.65
77,3,1980,165.01
77,3,1981,159.36
77,3,1982,161.7
77,3,1983,168.98
77,3,1984,164.93
77,3,1985,163.54
77,3,1986,154.85
77,3,1987,153
77,3,1988,151.65
77,3,1989,147.45
77,3,1990,144.64
77,3,1991,145.21
77,3,1992,146.8
77,3,1993,144.4
77,3,1994,144.72
77,3,1995,146.23
77,3,1996,147.32
77,3,1997,149.36
77,3,1998,152.46
77,3,1999,148.59
77,3,2000,148.4
77,3,2001,144.23
77,3,2002,146.29
77,3,2003,146.9
77,3,2004,147.29
77,3,2005,147.08
77,3,2006,143.15
77,3,2007,143.34
77,3,2008,138.89
77,3,2009,133.57
77,3,2010,129.65
77,3,2011,125.99
77,3,2012,122.71
77,3,2013,118.29
77,3,2014,114.57
77,3,2015,112.5
77,3,2016,108.7
77,3,2017,107.47
77,3,2018,100.19
77,3,2019,98.79
77,3,2020,95.3
77,3,2021,96.44
77,3,2022,97.46
77,3,2023,95.27
78,3,1980,821.52
78,3,1981,807.01
78,3,1982,789.86
78,3,1983,788.25
78,3,1984,776.39
78,3,1985,786.73
78,3,1986,794.78
78,3,1987,775.25
78,3,1988,779.43
78,3,1989,756.8
78,3,1990,734.44
78,3,1991,714.48
78,3,1992,694.67
78,3,1993,681.77
78,3,1994,659.44
78,3,1995,647.85
78,3,1996,611.17
78,3,1997,588.01
78,3,1998,586.36
78,3,1999,554.6
78,3,2000,540.18
78,3,2001,523.8
78,3,2002,503.83
78,3,2003,485.53
78,3,2004,440.74
78,3,2005,412.34
78,3,2006,391.03
78,3,2007,396.42
78,3,2008,376.46
78,3,2009,331.32
78,3,2010,298.13
78,3,2011,258.09
78,3,2012,230.07
78,3,2013,227.11
78,3,2014,223.91
78,3,2015,223.16
78,3,2016,220.3
78,3,2017,216.14
78,3,2018,214.51
78,3,2019,221.14
78,3,2020,189.81
78,3,2021,150.43
78,3,2022,151.26
78,3,2023,150.01
79,3,1980,693.63
79,3,1981,668.25
79,3,1982,662.61
79,3,1983,655.09
79,3,1984,636.57
79,3,1985,631.19
79,3,1986,657.64
79,3,1987,676.72
79,3,1988,719.91
79,3,1989,758.19
79,3,1990,718.06
79,3,1991,685.43
79,3,1992,654.61
79,3,1993,596.2
79,3,1994,553.67
79,3,1995,528.81
79,3,1996,492.51
79,3,1997,491.26
79,3,1998,486.39
79,3,1999,475.55
79,3,2000,444.5
79,3,2001,450.6
79,3,2002,443.85
79,3,2003,417.65
79,3,2004,393.74
79,3,2005,385.75
79,3,2006,367.12
79,3,2007,359.24
79,3,2008,336.69
79,3,2009,299.79
79,3,2010,280.69
79,3,2011,267.41
79,3,2012,253.19
79,3,2013,254.43
79,3,2014,241.91
79,3,2015,239.56
79,3,2016,230.19
79,3,2017,223.03
79,3,2018,224.49
79,3,2019,217.11
79,3,2020,207.83
79,3,2021,211.98
79,3,2022,202.42
79,3,2023,209.55
80,3,1980,14244.26
80,3,1981,14121.08
80,3,1982,13881.31
80,3,1983,13689.6
80,3,1984,13367.22
80,3,1985,12675.08
80,3,1986,12388.43
80,3,1987,11856.88
80,3,1988,12011.98
80,3,1989,12032.87
80,3,1990,11690.09
80,3,1991,11144.73
80,3,1992,10506.69
80,3,1993,10169.8
80,3,1994,9770.02
80,3,1995,9568.57
80,3,1996,9304.24
80,3,1997,9100.9
80,3,1998,9272.14
80,3,1999,9067.1
80,3,2000,8475.99
80,3,2001,8153.41
80,3,2002,7633.18
80,3,2003,6801.36
80,3,2004,6109.64
80,3,2005,5802.36
80,3,2006,5382.55
80,3,2007,5184.09
80,3,2008,4990.86
80,3,2009,4878.13
80,3,2010,4653.59
80,3,2011,4413.21
80,3,2012,4128.07
80,3,2013,3815
80,3,2014,3728.2
80,3,2015,3743.33
80,3,2016,3676.67
80,3,2017,3576.67
80,3,2018,3322.95
80,3,2019,3170.99
80,3,2020,2888.99
80,3,2021,2770.19
80,3,2022,3100.32
80,3,2023,3170.94
81,3,1980,17361.79
81,3,1981,16455.57
81,3,1982,15945.17
81,3,1983,15436.08
81,3,1984,14165.14
81,3,1985,12805.3
81,3,1986,12572.98
81,3,1987,11960.63
81,3,1988,11950.35
81,3,1989,11826.12
81,3,1990,12397.47
81,3,1991,12501.12
81,3,1992,11976.04
81,3,1993,11352.8
81,3,1994,10797.68
81,3,1995,10184.37
81,3,1996,9633.24
81,3,1997,9124.28
81,3,1998,8550.14
81,3,1999,8333.38
81,3,2000,7994.84
81,3,2001,7523.12
81,3,2002,7248.46
81,3,2003,6935.5
81,3,2004,6312.87
81,3,2005,5905.46
81,3,2006,5554.22
81,3,2007,5314.18
81,3,2008,4982.09
81,3,2009,4664.35
81,3,2010,4356.07
81,3,2011,4396.64
81,3,2012,4167.84
81,3,2013,4000.02
81,3,2014,3937.42
81,3,2015,4035.63
81,3,2016,3962.31
81,3,2017,3928.82
81,3,2018,3929.78
81,3,2019,3622.9
81,3,2020,3007.5
81,3,2021,2867.24
81,3,2022,2992.83
81,3,2023,2904.65
82,3,1980,2061.93
82,3,1981,2050.43
82,3,1982,2213.9
82,3,1983,2321.27
82,3,1984,2364.32
82,3,1985,2315.41
82,3,1986,2254.19
82,3,1987,2184.35
82,3,1988,2195.3
82,3,1989,2281.12
82,3,1990,2332.44
82,3,1991,2314.67
82,3,1992,2300.15
82,3,1993,2261.28
82,3,1994,2292.19
82,3,1995,2385.95
82,3,1996,2420.5
82,3,1997,2361.39
82,3,1998,2319.99
82,3,1999,2245.23
82,3,2000,2175.89
82,3,2001,2027.01
82,3,2002,1917.94
82,3,2003,1838.79
82,3,2004,1854.07
82,3,2005,1823.75
82,3,2006,1809.3
82,3,2007,1770.71
82,3,2008,1693.71
82,3,2009,1595.05
82,3,2010,1455.05
82,3,2011,1342.06
82,3,2012,1230.49
82,3,2013,1131.4
82,3,2014,1068.9
82,3,2015,1111.3
82,3,2016,1076.34
82,3,2017,1024.23
82,3,2018,969.08
82,3,2019,927.15
82,3,2020,857.64
82,3,2021,863.82
82,3,2022,860.28
82,3,2023,859.24
83,3,1980,31.55
83,3,1981,30.99
83,3,1982,30.72
83,3,1983,30.34
83,3,1984,32.01
83,3,1985,31.39
83,3,1986,31.41
83,3,1987,31.22
83,3,1988,31.5
83,3,1989,31.04
83,3,1990,29.83
83,3,1991,28.6
83,3,1992,27.26
83,3,1993,25.74
83,3,1994,24.31
83,3,1995,24.11
83,3,1996,23.31
83,3,1997,23.33
83,3,1998,23.86
83,3,1999,22.75
83,3,2000,21.27
83,3,2001,20.34
83,3,2002,19.81
83,3,2003,18.01
83,3,2004,16.61
83,3,2005,15.78
83,3,2006,16.09
83,3,2007,15.01
83,3,2008,14.24
83,3,2009,13.13
83,3,2010,11.93
83,3,2011,12.08
83,3,2012,11.08
83,3,2013,10.93
83,3,2014,10.29
83,3,2015,10.5
83,3,2016,10.83
83,3,2017,10.48
83,3,2018,10.37
83,3,2019,10.1
83,3,2020,9.6
83,3,2021,9.64
83,3,2022,10.84
83,3,2023,11.35
84,3,1980,630.95
84,3,1981,613.26
84,3,1982,583.9
84,3,1983,557.67
84,3,1984,540.17
84,3,1985,518.03
84,3,1986,503.21
84,3,1987,501.24
84,3,1988,495.8
84,3,1989,494.26
84,3,1990,486.45
84,3,1991,456.77
84,3,1992,440.18
84,3,1993,437.46
84,3,1994,437.22
84,3,1995,442.45
84,3,1996,448.71
84,3,1997,446.38
84,3,1998,453.22
84,3,1999,443.97
84,3,2000,424.21
84,3,2001,404.56
84,3,2002,379.34
84,3,2003,348.91
84,3,2004,323.79
84,3,2005,315.11
84,3,2006,309.66
84,3,2007,294.48
84,3,2008,269.08
84,3,2009,246.07
84,3,2010,218.55
84,3,2011,197.9
84,3,2012,182.64
84,3,2013,178.11
84,3,2014,168
84,3,2015,151.53
84,3,2016,148.91
84,3,2017,141.24
84,3,2018,130.66
84,3,2019,126.77
84,3,2020,127.57
84,3,2021,115.28
84,3,2022,123.8
84,3,2023,130.23
85,3,1980,605.26
85,3,1981,581.79
85,3,1982,586.08
85,3,1983,602.67
85,3,1984,595.2
85,3,1985,586.92
85,3,1986,598.83
85,3,1987,610.84
85,3,1988,593.3
85,3,1989,582.4
85,3,1990,562.99
85,3,1991,546.51
85,3,1992,572.01
85,3,1993,631.1
85,3,1994,674.27
85,3,1995,708.19
85,3,1996,696.27
85,3,1997,696.28
85,3,1998,747.66
85,3,1999,728.4
85,3,2000,701.33
85,3,2001,706.77
85,3,2002,697.24
85,3,2003,668.97
85,3,2004,649.63
85,3,2005,617.02
85,3,2006,585.89
85,3,2007,570.36
85,3,2008,542.74
85,3,2009,502.51
85,3,2010,479.19
85,3,2011,472.07
85,3,2012,433.63
85,3,2013,436.1
85,3,2014,427.14
85,3,2015,451.68
85,3,2016,460.28
85,3,2017,455.19
85,3,2018,438.91
85,3,2019,428.87
85,3,2020,416.19
85,3,2021,425.33
85,3,2022,437.6
85,3,2023,425.92
86,3,1980,12337.58
86,3,1981,11979.26
86,3,1982,11568.14
86,3,1983,11293.03
86,3,1984,10660.39
86,3,1985,10600.29
86,3,1986,10706.39
86,3,1987,10549.88
86,3,1988,10518.75
86,3,1989,10509.58
86,3,1990,10877.29
86,3,1991,11178.93
86,3,1992,10931.24
86,3,1993,10206.29
86,3,1994,9969.97
86,3,1995,9799.97
86,3,1996,9578.43
86,3,1997,9593.83
86,3,1998,9547.77
86,3,1999,9300.87
86,3,2000,8824.25
86,3,2001,8633.4
86,3,2002,8337.15
86,3,2003,7822.85
86,3,2004,7146.23
86,3,2005,6920.04
86,3,2006,6781.92
86,3,2007,6542.32
86,3,2008,6190.85
86,3,2009,5781.99
86,3,2010,5399.78
86,3,2011,5187.87
86,3,2012,4975.54
86,3,2013,4591.67
86,3,2014,4539.19
86,3,2015,4669.33
86,3,2016,4606.4
86,3,2017,4744.38
86,3,2018,4567.48
86,3,2019,4384.93
86,3,2020,4044.84
86,3,2021,4209.2
86,3,2022,4188.66
86,3,2023,4050.27
87,3,1980,102.46
87,3,1981,97.77
87,3,1982,94.96
87,3,1983,94.46
87,3,1984,91.19
87,3,1985,89.94
87,3,1986,89.75
87,3,1987,86.57
87,3,1988,85.3
87,3,1989,83.49
87,3,1990,81.41
87,3,1991,79.1
87,3,1992,76.09
87,3,1993,72.31
87,3,1994,69.07
87,3,1995,66.28
87,3,1996,64.59
87,3,1997,62.54
87,3,1998,60.79
87,3,1999,58.48
87,3,2000,56.16
87,3,2001,53.83
87,3,2002,51.89
87,3,2003,48.64
87,3,2004,44.78
87,3,2005,41.59
87,3,2006,40.25
87,3,2007,37.35
87,3,2008,35.25
87,3,2009,33.26
87,3,2010,30.85
87,3,2011,29.9
87,3,2012,28.81
87,3,2013,28.62
87,3,2014,28.03
87,3,2015,27.14
87,3,2016,27.62
87,3,2017,26.16
87,3,2018,26.02
87,3,2019,23.91
87,3,2020,21.71
87,3,2021,21
87,3,2022,21.63
87,3,2023,23.73
88,3,1980,32.49
88,3,1981,31.33
88,3,1982,30.49
88,3,1983,30.55
88,3,1984,30.12
88,3,1985,30.21
88,3,1986,28.87
88,3,1987,27.38
88,3,1988,26.9
88,3,1989,26.45
88,3,1990,25.99
88,3,1991,26.1
88,3,1992,25.16
88,3,1993,24.16
88,3,1994,23.81
88,3,1995,23.99
88,3,1996,23.83
88,3,1997,24.39
88,3,1998,24.07
88,3,1999,23.57
88,3,2000,22.8
88,3,2001,21.96
88,3,2002,21.52
88,3,2003,20.64
88,3,2004,20.06
88,3,2005,19.57
88,3,2006,18.86
88,3,2007,18.25
88,3,2008,17.28
88,3,2009,16.11
88,3,2010,14.78
88,3,2011,14.59
88,3,2012,13.59
88,3,2013,13.3
88,3,2014,12.55
88,3,2015,12.51
88,3,2016,13.07
88,3,2017,12.79
88,3,2018,12.79
88,3,2019,12.14
88,3,2020,11.02
88,3,2021,10.24
88,3,2022,9.9
88,3,2023,9.83
89,3,1980,2218.94
89,3,1981,2099.34
89,3,1982,2013.32
89,3,1983,1968.74
89,3,1984,1920.6
89,3,1985,1814.59
89,3,1986,1800.25
89,3,1987,1737.83
89,3,1988,1706.92
89,3,1989,1721.04
89,3,1990,1659.88
89,3,1991,1599.95
89,3,1992,1589.33
89,3,1993,1541.98
89,3,1994,1518.9
89,3,1995,1487.65
89,3,1996,1444.51
89,3,1997,1387.76
89,3,1998,1348.3
89,3,1999,1349.74
89,3,2000,1315.95
89,3,2001,1267.26
89,3,2002,1237.74
89,3,2003,1186.93
89,3,2004,1069.74
89,3,2005,979.78
89,3,2006,932.39
89,3,2007,909.96
89,3,2008,860.67
89,3,2009,827.19
89,3,2010,789.66
89,3,2011,767.71
89,3,2012,741.76
89,3,2013,695.97
89,3,2014,683.91
89,3,2015,713.57
89,3,2016,723.06
89,3,2017,720.51
89,3,2018,744.79
89,3,2019,732.44
89,3,2020,709.24
89,3,2021,707.08
89,3,2022,803.01
89,3,2023,803.6
90,3,1980,447.93
90,3,1981,468.89
90,3,1982,479.79
90,3,1983,493.03
90,3,1984,507.15
90,3,1985,501.2
90,3,1986,535.87
90,3,1987,503.07
90,3,1988,468.55
90,3,1989,468.57
90,3,1990,434.96
90,3,1991,410.54
90,3,1992,395.96
90,3,1993,369.74
90,3,1994,365.83
90,3,1995,374.36
90,3,1996,350.71
90,3,1997,365.98
90,3,1998,385.11
90,3,1999,370.88
90,3,2000,359.52
90,3,2001,353.13
90,3,2002,347.74
90,3,2003,331.9
90,3,2004,308.06
90,3,2005,286.48
90,3,2006,274.06
90,3,2007,271.34
90,3,2008,273.62
90,3,2009,254.17
90,3,2010,235.35
90,3,2011,203.54
90,3,2012,197.02
90,3,2013,199.8
90,3,2014,175.55
90,3,2015,158
90,3,2016,147.23
90,3,2017,139.61
90,3,2018,135.54
90,3,2019,131.45
90,3,2020,120.93
90,3,2021,108.8
90,3,2022,122.52
90,3,2023,134.81
91,3,1980,1357.48
91,3,1981,1333.22
91,3,1982,1440.98
91,3,1983,1837.94
91,3,1984,3055.66
91,3,1985,3213.72
91,3,1986,3283.73
91,3,1987,3364.1
91,3,1988,3444.11
91,3,1989,3474.37
91,3,1990,3428.63
91,3,1991,3416.85
91,3,1992,3301.82
91,3,1993,3047.21
91,3,1994,2871.1
91,3,1995,2893.12
91,3,1996,2838.61
91,3,1997,2685.15
91,3,1998,2534.21
91,3,1999,2350.98
91,3,2000,2114.54
91,3,2001,2137.89
91,3,2002,2126.75
91,3,2003,1990.59
91,3,2004,1809.74
91,3,2005,1755.45
91,3,2006,1649.99
91,3,2007,1420
91,3,2008,1294.06
91,3,2009,1231.24
91,3,2010,1143.78
91,3,2011,1047.99
91,3,2012,912.02
91,3,2013,856.48
91,3,2014,818.38
91,3,2015,813.02
91,3,2016,809.16
91,3,2017,839.04
91,3,2018,865.01
91,3,2019,866.39
91,3,2020,845.23
91,3,2021,788.75
91,3,2022,824.61
91,3,2023,810.87
92,3,1980,7751.77
92,3,1981,7367.9
92,3,1982,6960.24
92,3,1983,7106.33
92,3,1984,7315.29
92,3,1985,7524.25
92,3,1986,7963.39
92,3,1987,8496.8
92,3,1988,9150.23
92,3,1989,9657.1
92,3,1990,9502.49
92,3,1991,9067.33
92,3,1992,8187.82
92,3,1993,7474.2
92,3,1994,6926.32
92,3,1995,6853.1
92,3,1996,6729.95
92,3,1997,6686.61
92,3,1998,6798.13
92,3,1999,6806.36
92,3,2000,6577.92
92,3,2001,6318.59
92,3,2002,6129.59
92,3,2003,5942.46
92,3,2004,5486.7
92,3,2005,5145.41
92,3,2006,4716.72
92,3,2007,4336.73
92,3,2008,3751.7
92,3,2009,3241.68
92,3,2010,2915.31
92,3,2011,2664.38
92,3,2012,2399.96
92,3,2013,2234.23
92,3,2014,2220.04
92,3,2015,2248.84
92,3,2016,2215.22
92,3,2017,2227.33
92,3,2018,2205.7
92,3,2019,2161.82
92,3,2020,1983.22
92,3,2021,1945.73
92,3,2022,2041.82
92,3,2023,1997.27
93,3,1980,961.95
93,3,1981,919.92
93,3,1982,893.04
93,3,1983,881.98
93,3,1984,904.84
93,3,1985,910.08
93,3,1986,926.39
93,3,1987,933.12
93,3,1988,950.64
93,3,1989,946.94
93,3,1990,905.49
93,3,1991,859.87
93,3,1992,835.18
93,3,1993,777.2
93,3,1994,808.47
93,3,1995,682.62
93,3,1996,646.35
93,3,1997,621.21
93,3,1998,609.32
93,3,1999,606.07
93,3,2000,599.22
93,3,2001,596.72
93,3,2002,568.53
93,3,2003,551.17
93,3,2004,516.54
93,3,2005,499.13
93,3,2006,486.4
93,3,2007,464.84
93,3,2008,428
93,3,2009,385.97
93,3,2010,348.58
93,3,2011,340.18
93,3,2012,331.87
93,3,2013,311.29
93,3,2014,312.03
93,3,2015,313.53
93,3,2016,309.96
93,3,2017,303.12
93,3,2018,319.21
93,3,2019,281.31
93,3,2020,259.07
93,3,2021,252.76
93,3,2022,269.81
93,3,2023,277.14
94,3,1980,1215.86
94,3,1981,1195.17
94,3,1982,1193.76
94,3,1983,1155.51
94,3,1984,1095.18
94,3,1985,1023.3
94,3,1986,1043.63
94,3,1987,1044.83
94,3,1988,1049.04
94,3,1989,1052.04
94,3,1990,1055.16
94,3,1991,1000.67
94,3,1992,943.56
94,3,1993,870.45
94,3,1994,810.51
94,3,1995,755.11
94,3,1996,687.36
94,3,1997,647.17
94,3,1998,624.9
94,3,1999,605.38
94,3,2000,580.04
94,3,2001,545.62
94,3,2002,520.24
94,3,2003,513.46
94,3,2004,480.46
94,3,2005,426.36
94,3,2006,406.67
94,3,2007,390.95
94,3,2008,377.41
94,3,2009,357.97
94,3,2010,341.53
94,3,2011,319.4
94,3,2012,307
94,3,2013,291.37
94,3,2014,280.17
94,3,2015,272.35
94,3,2016,264.17
94,3,2017,269.73
94,3,2018,268.56
94,3,2019,248.72
94,3,2020,237.06
94,3,2021,230.24
94,3,2022,240.98
94,3,2023,223.51
95,3,1980,6498.35
95,3,1981,6282.48
95,3,1982,6674.95
95,3,1983,6552.87
95,3,1984,6371.58
95,3,1985,6251.51
95,3,1986,6177.85
95,3,1987,6092.26
95,3,1988,5937.72
95,3,1989,6037.83
95,3,1990,5922.14
95,3,1991,5477.25
95,3,1992,5034.94
95,3,1993,4625.26
95,3,1994,4389.57
95,3,1995,4378.95
95,3,1996,4366.14
95,3,1997,4370.19
95,3,1998,4249.72
95,3,1999,4131.74
95,3,2000,4026.53
95,3,2001,3914.75
95,3,2002,3869.03
95,3,2003,3887.22
95,3,2004,3752.59
95,3,2005,3677.31
95,3,2006,3683.4
95,3,2007,3568.1
95,3,2008,3271.28
95,3,2009,2847.1
95,3,2010,2480.85
95,3,2011,2211.71
95,3,2012,2053.41
95,3,2013,1984.59
95,3,2014,2040.29
95,3,2015,1996.3
95,3,2016,1934.76
95,3,2017,1866.92
95,3,2018,1788.79
95,3,2019,1706.12
95,3,2020,1576.79
95,3,2021,1600.11
95,3,2022,1625.83
95,3,2023,1737.39
97,3,1980,5126.07
97,3,1981,4912.65
97,3,1982,4609.17
97,3,1983,4574.22
97,3,1984,4364.71
97,3,1985,3911.36
97,3,1986,4008.46
97,3,1987,4073.48
97,3,1988,4095.42
97,3,1989,4166.47
97,3,1990,4237.74
97,3,1991,4362.87
97,3,1992,4621.51
97,3,1993,4902.7
97,3,1994,5127.09
97,3,1995,5117.59
97,3,1996,5158.7
97,3,1997,5251.87
97,3,1998,5508.5
97,3,1999,5446.88
97,3,2000,5252.91
97,3,2001,5099.35
97,3,2002,4843.12
97,3,2003,5026.05
97,3,2004,5048.35
97,3,2005,5233.43
97,3,2006,5656.83
97,3,2007,5905.27
97,3,2008,5990.75
97,3,2009,5910.46
97,3,2010,6070.64
97,3,2011,6354.73
97,3,2012,6441.41
97,3,2013,6613.9
97,3,2014,6365.07
97,3,2015,6075.12
97,3,2016,5744.19
97,3,2017,5742.36
97,3,2018,5440.95
97,3,2019,4756.74
97,3,2020,3993.26
97,3,2021,4403.26
97,3,2022,5459.48
97,3,2023,4610.09
98,3,1980,2358.55
98,3,1981,2272.03
98,3,1982,2126.43
98,3,1983,1988.71
98,3,1984,1908.89
98,3,1985,1850.53
98,3,1986,1778.92
98,3,1987,1762.64
98,3,1988,1823.52
98,3,1989,1902.57
98,3,1990,1904.77
98,3,1991,1994.64
98,3,1992,2124.63
98,3,1993,2236.09
98,3,1994,2317.8
98,3,1995,2315.5
98,3,1996,2333.47
98,3,1997,2286.6
98,3,1998,2250.5
98,3,1999,2122.84
98,3,2000,2216.73
98,3,2001,2162.39
98,3,2002,2126.53
98,3,2003,2194.5
98,3,2004,2196.04
98,3,2005,2212.88
98,3,2006,2211.13
98,3,2007,2231.52
98,3,2008,2266.74
98,3,2009,2236.97
98,3,2010,2208.16
98,3,2011,2241.05
98,3,2012,2181.67
98,3,2013,2229.63
98,3,2014,2188.49
98,3,2015,2194.06
98,3,2016,2190.33
98,3,2017,2117.23
98,3,2018,2108.72
98,3,2019,2121.52
98,3,2020,1999.82
98,3,2021,2122.06
98,3,2022,2303.31
98,3,2023,2189.1
99,3,1980,485.62
99,3,1981,473.7
99,3,1982,443.56
99,3,1983,409.35
99,3,1984,375.57
99,3,1985,368
99,3,1986,382.61
99,3,1987,405.56
99,3,1988,432.6
99,3,1989,460.4
99,3,1990,445.57
99,3,1991,453.99
99,3,1992,488.1
99,3,1993,508.1
99,3,1994,515.06
99,3,1995,525.59
99,3,1996,529.76
99,3,1997,560.44
99,3,1998,572.92
99,3,1999,558.38
99,3,2000,512.11
99,3,2001,487.7
99,3,2002,448.18
99,3,2003,457.82
99,3,2004,477.12
99,3,2005,511.9
99,3,2006,535.34
99,3,2007,540.37
99,3,2008,562.72
99,3,2009,571.78
99,3,2010,582.83
99,3,2011,605.94
99,3,2012,632.16
99,3,2013,613.74
99,3,2014,600.91
99,3,2015,576.15
99,3,2016,547.8
99,3,2017,547.32
99,3,2018,553.37
99,3,2019,499.15
99,3,2020,446.61
99,3,2021,449.53
99,3,2022,506.52
99,3,2023,478.68
101,3,1980,5864.2
101,3,1981,5507.33
101,3,1982,4867.92
101,3,1983,4655.51
101,3,1984,4568.55
101,3,1985,4544.19
101,3,1986,4431.72
101,3,1987,4498.94
101,3,1988,4467.66
101,3,1989,4466.26
101,3,1990,4234.98
101,3,1991,3987.72
101,3,1992,3825.33
101,3,1993,3812.03
101,3,1994,3663.82
101,3,1995,3611.76
101,3,1996,3527.32
101,3,1997,3484.78
101,3,1998,3394.91
101,3,1999,3321.46
101,3,2000,3145.9
101,3,2001,3042.16
101,3,2002,3092.42
101,3,2003,3047.91
101,3,2004,3046.49
101,3,2005,3095.93
101,3,2006,3058.91
101,3,2007,2952.94
101,3,2008,2772.42
101,3,2009,2563.11
101,3,2010,2493.2
101,3,2011,2358.41
101,3,2012,2348.82
101,3,2013,2281.58
101,3,2014,2202.78
101,3,2015,2181.42
101,3,2016,2143.18
101,3,2017,2038.86
101,3,2018,1999.69
101,3,2019,1979.44
101,3,2020,2052.67
101,3,2021,2120.4
101,3,2022,2166.77
101,3,2023,2158.66
102,3,1980,56634.73
102,3,1981,54441.47
102,3,1982,50058.27
102,3,1983,48464.45
102,3,1984,49257.84
102,3,1985,49787.77
102,3,1986,51589.98
102,3,1987,52231.19
102,3,1988,52564.46
102,3,1989,51515.62
102,3,1990,49763.24
102,3,1991,47085.11
102,3,1992,45299.15
102,3,1993,46014.71
102,3,1994,46894.13
102,3,1995,48011.82
102,3,1996,47774.1
102,3,1997,47087.05
102,3,1998,46940
102,3,1999,46971.76
102,3,2000,47080.45
102,3,2001,47730.23
102,3,2002,48655.26
102,3,2003,48637.06
102,3,2004,48026.51
102,3,2005,48589.36
102,3,2006,48224.41
102,3,2007,46176.67
102,3,2008,43106.94
102,3,2009,39909.23
102,3,2010,38356.23
102,3,2011,38217.21
102,3,2012,38492.23
102,3,2013,38126.84
102,3,2014,38519.79
102,3,2015,40885.32
102,3,2016,43360.02
102,3,2017,43699.53
102,3,2018,42475.68
102,3,2019,42689.38
102,3,2020,46621.48
102,3,2021,49764.83
102,3,2022,49587.04
102,3,2023,48494.29
105,3,1980,6.08
105,3,1981,5.91
105,3,1982,5.76
105,3,1983,5.63
105,3,1984,5.61
105,3,1985,5.59
105,3,1986,5.59
105,3,1987,5.58
105,3,1988,5.6
105,3,1989,5.85
105,3,1990,5.53
105,3,1991,5.44
105,3,1992,5.64
105,3,1993,5.7
105,3,1994,5.94
105,3,1995,5.9
105,3,1996,5.91
105,3,1997,5.91
105,3,1998,5.94
105,3,1999,5.81
105,3,2000,5.77
105,3,2001,5.74
105,3,2002,5.63
105,3,2003,5.45
105,3,2004,5.24
105,3,2005,5.42
105,3,2006,5.2
105,3,2007,5.08
105,3,2008,5.02
105,3,2009,5.04
105,3,2010,5.14
105,3,2011,5.21
105,3,2012,5.2
105,3,2013,5.43
105,3,2014,5.71
105,3,2015,6.04
105,3,2016,6.12
105,3,2017,6.01
105,3,2018,5.56
105,3,2019,4.47
105,3,2020,3.86
105,3,2021,3.74
105,3,2022,3.95
105,3,2023,4.11
106,3,1980,56.42
106,3,1981,48.61
106,3,1982,49.07
106,3,1983,53.76
106,3,1984,52.26
106,3,1985,51.13
106,3,1986,52.1
106,3,1987,55.08
106,3,1988,55.72
106,3,1989,55.28
106,3,1990,56.74
106,3,1991,57.74
106,3,1992,57.47
106,3,1993,54.77
106,3,1994,54.8
106,3,1995,52.68
106,3,1996,53.55
106,3,1997,54.68
106,3,1998,55.24
106,3,1999,56.59
106,3,2000,58.58
106,3,2001,56.62
106,3,2002,56.9
106,3,2003,55.06
106,3,2004,54.77
106,3,2005,56.09
106,3,2006,52.55
106,3,2007,51.31
106,3,2008,51.29
106,3,2009,53.77
106,3,2010,54.95
106,3,2011,55.1
106,3,2012,52.73
106,3,2013,55.17
106,3,2014,58.47
106,3,2015,61.47
106,3,2016,63.2
106,3,2017,64.92
106,3,2018,65.96
106,3,2019,68.99
106,3,2020,71.51
106,3,2021,89.32
106,3,2022,74.41
106,3,2023,73.98
107,3,1980,34.08
107,3,1981,31.85
107,3,1982,31.93
107,3,1983,32.28
107,3,1984,32.15
107,3,1985,32.22
107,3,1986,33.46
107,3,1987,33.65
107,3,1988,34.3
107,3,1989,34.09
107,3,1990,33.07
107,3,1991,33.47
107,3,1992,34.17
107,3,1993,33.69
107,3,1994,33.64
107,3,1995,33.65
107,3,1996,33.46
107,3,1997,33.57
107,3,1998,34.14
107,3,1999,32.53
107,3,2000,31.86
107,3,2001,29.75
107,3,2002,30.39
107,3,2003,28.57
107,3,2004,28.05
107,3,2005,27.49
107,3,2006,25.87
107,3,2007,25.26
107,3,2008,23.57
107,3,2009,24.97
107,3,2010,26.31
107,3,2011,25.99
107,3,2012,25.35
107,3,2013,26.2
107,3,2014,25.7
107,3,2015,26.52
107,3,2016,26.59
107,3,2017,26.12
107,3,2018,25.98
107,3,2019,26.08
107,3,2020,26.02
107,3,2021,26.86
107,3,2022,26.59
107,3,2023,27.03
108,3,1980,28.4
108,3,1981,26.2
108,3,1982,27.07
108,3,1983,26.92
108,3,1984,27.19
108,3,1985,28.71
108,3,1986,30.29
108,3,1987,31.68
108,3,1988,32.34
108,3,1989,32.59
108,3,1990,33.41
108,3,1991,36.39
108,3,1992,38.13
108,3,1993,40.57
108,3,1994,45.43
108,3,1995,46.44
108,3,1996,49.78
108,3,1997,55.51
108,3,1998,56.48
108,3,1999,58.34
108,3,2000,58.3
108,3,2001,59.35
108,3,2002,58.92
108,3,2003,59.07
108,3,2004,56.1
108,3,2005,57.65
108,3,2006,57.04
108,3,2007,55.72
108,3,2008,55.86
108,3,2009,56.67
108,3,2010,57.55
108,3,2011,59.66
108,3,2012,61.47
108,3,2013,66.57
108,3,2014,72.81
108,3,2015,76.38
108,3,2016,79.34
108,3,2017,79.52
108,3,2018,82.59
108,3,2019,79.17
108,3,2020,85.48
108,3,2021,84.61
108,3,2022,83
108,3,2023,81.96
109,3,1980,1985.68
109,3,1981,1981.38
109,3,1982,2035.57
109,3,1983,2054.7
109,3,1984,2088.36
109,3,1985,2130.5
109,3,1986,2226.83
109,3,1987,2319.49
109,3,1988,2407.64
109,3,1989,2467.03
109,3,1990,2410.18
109,3,1991,2420.32
109,3,1992,2444.83
109,3,1993,2432.94
109,3,1994,2493.24
109,3,1995,2429.65
109,3,1996,2341.31
109,3,1997,2190.68
109,3,1998,2040.94
109,3,1999,1873.45
109,3,2000,1776.92
109,3,2001,1611.6
109,3,2002,1509.92
109,3,2003,1390.82
109,3,2004,1335.82
109,3,2005,1297.8
109,3,2006,1192.17
109,3,2007,1110.88
109,3,2008,1129.18
109,3,2009,1114.21
109,3,2010,1073.66
109,3,2011,1062.94
109,3,2012,1058.19
109,3,2013,1027.22
109,3,2014,1118.49
109,3,2015,1143.87
109,3,2016,1149.59
109,3,2017,1109.84
109,3,2018,1060.86
109,3,2019,927
109,3,2020,845.42
109,3,2021,932.17
109,3,2022,748.17
109,3,2023,771.58
110,3,1980,9.99
110,3,1981,10.25
110,3,1982,10.41
110,3,1983,10.4
110,3,1984,10.33
110,3,1985,10.39
110,3,1986,10.52
110,3,1987,10.74
110,3,1988,10.96
110,3,1989,11.13
110,3,1990,11.26
110,3,1991,11.39
110,3,1992,11.46
110,3,1993,11.5
110,3,1994,11.43
110,3,1995,11.37
110,3,1996,11.13
110,3,1997,10.8
110,3,1998,10.7
110,3,1999,10.33
110,3,2000,10.11
110,3,2001,9.9
110,3,2002,9.73
110,3,2003,9.61
110,3,2004,9.5
110,3,2005,9.41
110,3,2006,9.72
110,3,2007,9.63
110,3,2008,9.94
110,3,2009,9.77
110,3,2010,9.95
110,3,2011,10.07
110,3,2012,10.14
110,3,2013,10.28
110,3,2014,10.27
110,3,2015,10.46
110,3,2016,10.52
110,3,2017,10.49
110,3,2018,10.47
110,3,2019,10.43
110,3,2020,10.57
110,3,2021,10.07
110,3,2022,9.49
110,3,2023,9.52
111,3,1980,1450.71
111,3,1981,1496.56
111,3,1982,1538.19
111,3,1983,1584.06
111,3,1984,1625.41
111,3,1985,1679.31
111,3,1986,1716.11
111,3,1987,1741.47
111,3,1988,1793.8
111,3,1989,1842.39
111,3,1990,1878.29
111,3,1991,1900.45
111,3,1992,1911.5
111,3,1993,1913.45
111,3,1994,1913.69
111,3,1995,1907.2
111,3,1996,1921.28
111,3,1997,1915.16
111,3,1998,1916.17
111,3,1999,1958.66
111,3,2000,2032.18
111,3,2001,2142.17
111,3,2002,2231.27
111,3,2003,2221.04
111,3,2004,2202.59
111,3,2005,2208.41
111,3,2006,2234.73
111,3,2007,2285.01
111,3,2008,2368.79
111,3,2009,2439.77
111,3,2010,2514.09
111,3,2011,2640.97
111,3,2012,2719.69
111,3,2013,2776.54
111,3,2014,2827.57
111,3,2015,2970.85
111,3,2016,3130.99
111,3,2017,3229.87
111,3,2018,3342.18
111,3,2019,3536.27
111,3,2020,3755.94
111,3,2021,3792.87
111,3,2022,3776.03
111,3,2023,3813.75
112,3,1980,10.6
112,3,1981,10.64
112,3,1982,10.78
112,3,1983,11.35
112,3,1984,11.29
112,3,1985,11.3
112,3,1986,11.8
112,3,1987,12.56
112,3,1988,12.5
112,3,1989,12.21
112,3,1990,11.81
112,3,1991,11.85
112,3,1992,11.63
112,3,1993,11.41
112,3,1994,11.63
112,3,1995,11.53
112,3,1996,11.2
112,3,1997,11.04
112,3,1998,10.89
112,3,1999,10.39
112,3,2000,10.32
112,3,2001,10.47
112,3,2002,10.32
112,3,2003,10
112,3,2004,9.93
112,3,2005,10.23
112,3,2006,9.68
112,3,2007,9.11
112,3,2008,8.94
112,3,2009,9.51
112,3,2010,9.63
112,3,2011,9.96
112,3,2012,9.44
112,3,2013,9.59
112,3,2014,9.91
112,3,2015,10.7
112,3,2016,10.94
112,3,2017,10.39
112,3,2018,9.82
112,3,2019,7.92
112,3,2020,7.12
112,3,2021,7.11
112,3,2022,7.03
112,3,2023,7.04
113,3,1980,139.1
113,3,1981,138.48
113,3,1982,137.14
113,3,1983,135.41
113,3,1984,132.75
113,3,1985,133.52
113,3,1986,129.38
113,3,1987,124.46
113,3,1988,126.26
113,3,1989,120.29
113,3,1990,118.73
113,3,1991,111.5
113,3,1992,108.79
113,3,1993,107.72
113,3,1994,110.06
113,3,1995,111.95
113,3,1996,120.27
113,3,1997,117.5
113,3,1998,113.63
113,3,1999,119.81
113,3,2000,108.7
113,3,2001,130.57
113,3,2002,134.95
113,3,2003,129.91
113,3,2004,131.71
113,3,2005,133.17
113,3,2006,132.17
113,3,2007,137.72
113,3,2008,130.1
113,3,2009,133.07
113,3,2010,124.55
113,3,2011,128.12
113,3,2012,123.92
113,3,2013,125.48
113,3,2014,134.84
113,3,2015,132.75
113,3,2016,129.61
113,3,2017,130.33
113,3,2018,122.36
113,3,2019,116.39
113,3,2020,136.89
113,3,2021,129.84
113,3,2022,127.94
113,3,2023,129.18
114,3,1980,2104.36
114,3,1981,2131.23
114,3,1982,2159.17
114,3,1983,2221.9
114,3,1984,2220.63
114,3,1985,2501.72
114,3,1986,2562.17
114,3,1987,2602.57
114,3,1988,2639.19
114,3,1989,2587.15
114,3,1990,2721.38
114,3,1991,2584.44
114,3,1992,2661.34
114,3,1993,2651.69
114,3,1994,2575.81
114,3,1995,2635.95
114,3,1996,2641.58
114,3,1997,2742.7
114,3,1998,2551.75
114,3,1999,2672.94
114,3,2000,2674.29
114,3,2001,2752.28
114,3,2002,2753.17
114,3,2003,2780.46
114,3,2004,2882.17
114,3,2005,2911.55
114,3,2006,2968.58
114,3,2007,3100.32
114,3,2008,3185.3
114,3,2009,3247.14
114,3,2010,3239.59
114,3,2011,3435.2
114,3,2012,3594.35
114,3,2013,3697.79
114,3,2014,3788.51
114,3,2015,3870.39
114,3,2016,4012.55
114,3,2017,4140.96
114,3,2018,4320.03
114,3,2019,4468.96
114,3,2020,4536.61
114,3,2021,4940.17
114,3,2022,5082.64
114,3,2023,5404.14
115,3,1980,95.44
115,3,1981,85.89
115,3,1982,88.3
115,3,1983,108.38
115,3,1984,105.09
115,3,1985,104.03
115,3,1986,99.42
115,3,1987,102.03
115,3,1988,90.57
115,3,1989,86.08
115,3,1990,80.13
115,3,1991,78.36
115,3,1992,77.51
115,3,1993,81.08
115,3,1994,84.4
115,3,1995,92.1
115,3,1996,112.68
115,3,1997,123.25
115,3,1998,128.06
115,3,1999,126.32
115,3,2000,126.83
115,3,2001,118.86
115,3,2002,108.61
115,3,2003,100.08
115,3,2004,97.55
115,3,2005,117.69
115,3,2006,100.66
115,3,2007,104.97
115,3,2008,127.86
115,3,2009,119.19
115,3,2010,118.2
115,3,2011,127
115,3,2012,116.42
115,3,2013,121.77
115,3,2014,138.59
115,3,2015,163.44
115,3,2016,192.84
115,3,2017,206.62
115,3,2018,224.27
115,3,2019,221.31
115,3,2020,220.91
115,3,2021,219.01
115,3,2022,197.3
115,3,2023,174.51
116,3,1980,24.68
116,3,1981,23.53
116,3,1982,23.77
116,3,1983,23.93
116,3,1984,24.83
116,3,1985,25.6
116,3,1986,26.09
116,3,1987,26.49
116,3,1988,26.6
116,3,1989,26.74
116,3,1990,26.13
116,3,1991,25.94
116,3,1992,25.89
116,3,1993,25.97
116,3,1994,26.79
116,3,1995,27.3
116,3,1996,27.83
116,3,1997,27.64
116,3,1998,26.68
116,3,1999,25.67
116,3,2000,25.77
116,3,2001,25.45
116,3,2002,25.65
116,3,2003,24.33
116,3,2004,23.55
116,3,2005,22.89
116,3,2006,21.98
116,3,2007,20.88
116,3,2008,20.24
116,3,2009,22.31
116,3,2010,22.75
116,3,2011,23.89
116,3,2012,23.22
116,3,2013,24.99
116,3,2014,25.37
116,3,2015,26.31
116,3,2016,26.72
116,3,2017,25.25
116,3,2018,25.78
116,3,2019,20.33
116,3,2020,19.05
116,3,2021,21.16
116,3,2022,18.71
116,3,2023,18.31
117,3,1980,8.81
117,3,1981,8.98
117,3,1982,8.97
117,3,1983,9.03
117,3,1984,8.94
117,3,1985,9.11
117,3,1986,9.31
117,3,1987,9.49
117,3,1988,9.47
117,3,1989,9.5
117,3,1990,9.67
117,3,1991,9.92
117,3,1992,10.4
117,3,1993,10.61
117,3,1994,10.88
117,3,1995,10.83
117,3,1996,10.68
117,3,1997,10.75
117,3,1998,10.44
117,3,1999,10.27
117,3,2000,10.05
117,3,2001,9.68
117,3,2002,9.66
117,3,2003,9.41
117,3,2004,9.24
117,3,2005,9.08
117,3,2006,8.81
117,3,2007,8.42
117,3,2008,8.31
117,3,2009,8.61
117,3,2010,8.72
117,3,2011,9.19
117,3,2012,9.33
117,3,2013,9.22
117,3,2014,9.84
117,3,2015,10.38
117,3,2016,10.56
117,3,2017,10.09
117,3,2018,9.67
117,3,2019,7.6
117,3,2020,6.41
117,3,2021,6.11
117,3,2022,5.98
117,3,2023,5.95
118,3,1980,67.9
118,3,1981,65.25
118,3,1982,66.62
118,3,1983,67.96
118,3,1984,68.82
118,3,1985,71.59
118,3,1986,75.67
118,3,1987,78.93
118,3,1988,79.77
118,3,1989,78.43
118,3,1990,81.37
118,3,1991,82.16
118,3,1992,81.71
118,3,1993,77.24
118,3,1994,78.81
118,3,1995,85.33
118,3,1996,87.3
118,3,1997,86.73
118,3,1998,84.76
118,3,1999,84.33
118,3,2000,79.18
118,3,2001,79.28
118,3,2002,84.9
118,3,2003,86.87
118,3,2004,89.68
118,3,2005,93.21
118,3,2006,97.13
118,3,2007,97.91
118,3,2008,98.84
118,3,2009,99.82
118,3,2010,100.23
118,3,2011,102.56
118,3,2012,103.94
118,3,2013,106.37
118,3,2014,106.85
118,3,2015,103.34
118,3,2016,102.56
118,3,2017,102.41
118,3,2018,101.87
118,3,2019,100.35
118,3,2020,98.46
118,3,2021,102.6
118,3,2022,95.79
118,3,2023,99.91
119,3,1980,244.27
119,3,1981,230.87
119,3,1982,237.19
119,3,1983,236.05
119,3,1984,238.82
119,3,1985,241.76
119,3,1986,240.23
119,3,1987,223.82
119,3,1988,206.48
119,3,1989,200.77
119,3,1990,193.79
119,3,1991,190.2
119,3,1992,190.26
119,3,1993,198.39
119,3,1994,197.89
119,3,1995,195.92
119,3,1996,205.05
119,3,1997,205.7
119,3,1998,207.36
119,3,1999,217.74
119,3,2000,213.77
119,3,2001,212.92
119,3,2002,219.45
119,3,2003,223.01
119,3,2004,220.68
119,3,2005,217.48
119,3,2006,223.67
119,3,2007,220.56
119,3,2008,217.51
119,3,2009,216.37
119,3,2010,209.56
119,3,2011,200.23
119,3,2012,194
119,3,2013,187.15
119,3,2014,183.6
119,3,2015,181.21
119,3,2016,172.81
119,3,2017,172.87
119,3,2018,175.57
119,3,2019,175.33
119,3,2020,182.01
119,3,2021,192.17
119,3,2022,177.56
119,3,2023,171.06
121,3,1980,1888.32
121,3,1981,1872.33
121,3,1982,1845.89
121,3,1983,1803.52
121,3,1984,1795.27
121,3,1985,1782.25
121,3,1986,1786.75
121,3,1987,1794.53
121,3,1988,1806.31
121,3,1989,1842.7
121,3,1990,1875.07
121,3,1991,1914.49
121,3,1992,1966.55
121,3,1993,2024.19
121,3,1994,2084.91
121,3,1995,2144.27
121,3,1996,2214.37
121,3,1997,2256.66
121,3,1998,2308.85
121,3,1999,2358.77
121,3,2000,2413.69
121,3,2001,2466.25
121,3,2002,2517.64
121,3,2003,2565.7
121,3,2004,2635.23
121,3,2005,2697.38
121,3,2006,2778.31
121,3,2007,2839.49
121,3,2008,2906.66
121,3,2009,2988.98
121,3,2010,3078.64
121,3,2011,3180.38
121,3,2012,3248.8
121,3,2013,3250.33
121,3,2014,3353.96
121,3,2015,3467.61
121,3,2016,3605.32
121,3,2017,3715.32
121,3,2018,3616.51
121,3,2019,3706.86
121,3,2020,4437.6
121,3,2021,4146.06
121,3,2022,3492.76
121,3,2023,3401.36
122,3,1980,2550.26
122,3,1981,2524.9
122,3,1982,2438.97
122,3,1983,2225.92
122,3,1984,2220.32
122,3,1985,2196.84
122,3,1986,2190.33
122,3,1987,2195
122,3,1988,2372.94
122,3,1989,2460.54
122,3,1990,2622.68
122,3,1991,2775.06
122,3,1992,2864.91
122,3,1993,2926.52
122,3,1994,2897.48
122,3,1995,2885.67
122,3,1996,2970.64
122,3,1997,3115.1
122,3,1998,3143.91
122,3,1999,3085.89
122,3,2000,3285.82
122,3,2001,3324.19
122,3,2002,3386.28
122,3,2003,3470.03
122,3,2004,3409.98
122,3,2005,3697.71
122,3,2006,3893.25
122,3,2007,4069.63
122,3,2008,4187.77
122,3,2009,4408.62
122,3,2010,4414.02
122,3,2011,4373.8
122,3,2012,4163.34
122,3,2013,4033.95
122,3,2014,3951.24
122,3,2015,3723.71
122,3,2016,3499.35
122,3,2017,3513.86
122,3,2018,3506.66
122,3,2019,3499.99
122,3,2020,3446.89
122,3,2021,3823.1
122,3,2022,4303.47
122,3,2023,4546.26
123,3,1980,2404.86
123,3,1981,2431.51
123,3,1982,2550.83
123,3,1983,2623.94
123,3,1984,2801.41
123,3,1985,2830.65
123,3,1986,2881.22
123,3,1987,2882.7
123,3,1988,2786.5
123,3,1989,2754.03
123,3,1990,2624.66
123,3,1991,2812.69
123,3,1992,2961.32
123,3,1993,3181.21
123,3,1994,3444.61
123,3,1995,3620.51
123,3,1996,3905.24
123,3,1997,3905.94
123,3,1998,3833.52
123,3,1999,3767.05
123,3,2000,3518.17
123,3,2001,3414.95
123,3,2002,3375.88
123,3,2003,3467.97
123,3,2004,3571.43
123,3,2005,3635.12
123,3,2006,3699.48
123,3,2007,3907.74
123,3,2008,4136.96
123,3,2009,4289.95
123,3,2010,4439.29
123,3,2011,4520.16
123,3,2012,4503.49
123,3,2013,4482.41
123,3,2014,4398.23
123,3,2015,4329.41
123,3,2016,4414.54
123,3,2017,4624.4
123,3,2018,4795.58
123,3,2019,5070.13
123,3,2020,5133.64
123,3,2021,6088.17
123,3,2022,5974.81
123,3,2023,6298.18
125,3,1980,6422.39
125,3,1981,6260.85
125,3,1982,6225.14
125,3,1983,6283.98
125,3,1984,6323.65
125,3,1985,6003.91
125,3,1986,5929.56
125,3,1987,5901.66
125,3,1988,6014.97
125,3,1989,6013.54
125,3,1990,6406.21
125,3,1991,6508.57
125,3,1992,6943.7
125,3,1993,7397.62
125,3,1994,7730.99
125,3,1995,8139.71
125,3,1996,7948.33
125,3,1997,7681.05
125,3,1998,7596.03
125,3,1999,7287.13
125,3,2000,6848.16
125,3,2001,6568.24
125,3,2002,6374.75
125,3,2003,6482.84
125,3,2004,6493.12
125,3,2005,6444.01
125,3,2006,6521.09
125,3,2007,6708.67
125,3,2008,6819.75
125,3,2009,6716.3
125,3,2010,6441.06
125,3,2011,6517.47
125,3,2012,6661.4
125,3,2013,6828.42
125,3,2014,7121.98
125,3,2015,7382.65
125,3,2016,7602.43
125,3,2017,7589.76
125,3,2018,7433.49
125,3,2019,7344.04
125,3,2020,7070.67
125,3,2021,8166.43
125,3,2022,9287.29
125,3,2023,8895.53
126,3,1980,490.99
126,3,1981,459.46
126,3,1982,435.56
126,3,1983,398.85
126,3,1984,425.97
126,3,1985,445.71
126,3,1986,454.24
126,3,1987,461.78
126,3,1988,467.16
126,3,1989,486.87
126,3,1990,520.66
126,3,1991,533.99
126,3,1992,551.34
126,3,1993,574.9
126,3,1994,614.31
126,3,1995,599.06
126,3,1996,595.72
126,3,1997,627.99
126,3,1998,648.97
126,3,1999,664.08
126,3,2000,693.34
126,3,2001,685.22
126,3,2002,682.59
126,3,2003,656.96
126,3,2004,650.96
126,3,2005,668.7
126,3,2006,676.22
126,3,2007,698.39
126,3,2008,692.34
126,3,2009,670.38
126,3,2010,640.58
126,3,2011,655.4
126,3,2012,704.97
126,3,2013,715.64
126,3,2014,756.89
126,3,2015,800
126,3,2016,845.97
126,3,2017,865.7
126,3,2018,839.86
126,3,2019,810.93
126,3,2020,744.73
126,3,2021,805.72
126,3,2022,911.12
126,3,2023,959.58
127,3,1980,2266.57
127,3,1981,2154.29
127,3,1982,2021.48
127,3,1983,1705.37
127,3,1984,1560.78
127,3,1985,1467.19
127,3,1986,1433.96
127,3,1987,1412.98
127,3,1988,1449.58
127,3,1989,1508.14
127,3,1990,1517.47
127,3,1991,1520.34
127,3,1992,1508.29
127,3,1993,1521.53
127,3,1994,1526.9
127,3,1995,1541.94
127,3,1996,1568.12
127,3,1997,1553.08
127,3,1998,1517.87
127,3,1999,1564.25
127,3,2000,1535.55
127,3,2001,1533.45
127,3,2002,1528.46
127,3,2003,1522.38
127,3,2004,1525.35
127,3,2005,1514.58
127,3,2006,1473.75
127,3,2007,1454.97
127,3,2008,1404.74
127,3,2009,1317.61
127,3,2010,1268.89
127,3,2011,1178.21
127,3,2012,1258.92
127,3,2013,1283.36
127,3,2014,1299.71
127,3,2015,1293.17
127,3,2016,1352.6
127,3,2017,1355.95
127,3,2018,1346.08
127,3,2019,1341.4
127,3,2020,1356.14
127,3,2021,1377.44
127,3,2022,1313.97
127,3,2023,1348
128,3,1980,1401.63
128,3,1981,1213.03
128,3,1982,1154.92
128,3,1983,875.95
128,3,1984,801.83
128,3,1985,891.91
128,3,1986,1004.34
128,3,1987,1006.49
128,3,1988,987.61
128,3,1989,1013.1
128,3,1990,984.41
128,3,1991,1076.73
128,3,1992,1128.7
128,3,1993,1168.94
128,3,1994,1107.23
128,3,1995,1103.27
128,3,1996,1076.41
128,3,1997,1049.49
128,3,1998,1047.11
128,3,1999,1046.46
128,3,2000,1106.37
128,3,2001,1086.15
128,3,2002,1097.22
128,3,2003,1089.27
128,3,2004,1137.15
128,3,2005,1113.07
128,3,2006,1154.8
128,3,2007,1205.6
128,3,2008,1266.71
128,3,2009,1498.16
128,3,2010,1747.73
128,3,2011,1876.32
128,3,2012,1907.15
128,3,2013,1949.45
128,3,2014,2031.83
128,3,2015,2124.79
128,3,2016,2291.02
128,3,2017,2365.62
128,3,2018,2382.61
128,3,2019,2360.95
128,3,2020,2282.78
128,3,2021,2604.03
128,3,2022,2653.08
128,3,2023,2629.73
129,3,1980,794.29
129,3,1981,763.92
129,3,1982,747
129,3,1983,735.82
129,3,1984,723.92
129,3,1985,712.12
129,3,1986,716.31
129,3,1987,732.26
129,3,1988,721.87
129,3,1989,735.15
129,3,1990,751.43
129,3,1991,784.68
129,3,1992,813.43
129,3,1993,846.14
129,3,1994,873.19
129,3,1995,896.3
129,3,1996,933.93
129,3,1997,951.42
129,3,1998,966.91
129,3,1999,990.95
129,3,2000,1008.44
129,3,2001,1027.48
129,3,2002,1046.75
129,3,2003,1069.64
129,3,2004,1099.48
129,3,2005,1108.58
129,3,2006,1122.12
129,3,2007,1138.5
129,3,2008,1161.71
129,3,2009,1198
129,3,2010,1255.6
129,3,2011,1354.59
129,3,2012,1543.97
129,3,2013,1601.56
129,3,2014,1678.22
129,3,2015,1749.93
129,3,2016,1817.35
129,3,2017,1902.35
129,3,2018,1995.12
129,3,2019,2070.38
129,3,2020,2032.54
129,3,2021,2225.73
129,3,2022,2134.81
129,3,2023,2111.6
130,3,1980,25352.68
130,3,1981,26352.88
130,3,1982,24781.04
130,3,1983,22274.91
130,3,1984,20818
130,3,1985,20343.32
130,3,1986,20376.9
130,3,1987,19995.46
130,3,1988,19688.25
130,3,1989,19731.08
130,3,1990,19761.75
130,3,1991,19733.51
130,3,1992,19450.48
130,3,1993,19244.7
130,3,1994,19011.44
130,3,1995,18429.7
130,3,1996,18585.36
130,3,1997,18789.3
130,3,1998,18221.82
130,3,1999,18024.64
130,3,2000,17792.57
130,3,2001,17789.63
130,3,2002,18014.25
130,3,2003,18179.07
130,3,2004,18529.3
130,3,2005,19024.45
130,3,2006,19595.1
130,3,2007,20083.14
130,3,2008,20716.53
130,3,2009,20703.42
130,3,2010,20648.69
130,3,2011,19899.11
130,3,2012,19516.24
130,3,2013,18328.99
130,3,2014,18126.29
130,3,2015,18407.64
130,3,2016,18663
130,3,2017,18615.43
130,3,2018,18265.8
130,3,2019,17677.97
130,3,2020,16856.31
130,3,2021,18237.08
130,3,2022,18674.65
130,3,2023,18028
131,3,1980,804.37
131,3,1981,866.08
131,3,1982,908.87
131,3,1983,948.74
131,3,1984,978.18
131,3,1985,977.17
131,3,1986,950.65
131,3,1987,859.48
131,3,1988,825.45
131,3,1989,778.47
131,3,1990,736.98
131,3,1991,694.36
131,3,1992,682.66
131,3,1993,695.08
131,3,1994,701.11
131,3,1995,689.96
131,3,1996,687.52
131,3,1997,693.05
131,3,1998,723.84
131,3,1999,698.33
131,3,2000,702.3
131,3,2001,706.38
131,3,2002,711.46
131,3,2003,715.45
131,3,2004,723.66
131,3,2005,728.63
131,3,2006,743.67
131,3,2007,762.27
131,3,2008,779.54
131,3,2009,799.01
131,3,2010,829.25
131,3,2011,857.94
131,3,2012,877.91
131,3,2013,908.07
131,3,2014,935.83
131,3,2015,959.49
131,3,2016,990.76
131,3,2017,1005.57
131,3,2018,1041.73
131,3,2019,1118.12
131,3,2020,1099.66
131,3,2021,1129.52
131,3,2022,1123.06
131,3,2023,1092.94
132,3,1980,450.19
132,3,1981,453.24
132,3,1982,448.81
132,3,1983,443.86
132,3,1984,447.06
132,3,1985,430.49
132,3,1986,433.6
132,3,1987,436.62
132,3,1988,439.19
132,3,1989,462.84
132,3,1990,482.73
132,3,1991,497.99
132,3,1992,513.46
132,3,1993,515.77
132,3,1994,524.52
132,3,1995,522.29
132,3,1996,533.98
132,3,1997,555.1
132,3,1998,562.46
132,3,1999,541.49
132,3,2000,503.21
132,3,2001,489.64
132,3,2002,482.02
132,3,2003,477.53
132,3,2004,490.89
132,3,2005,501.35
132,3,2006,527.93
132,3,2007,525.69
132,3,2008,519.48
132,3,2009,514.23
132,3,2010,521.65
132,3,2011,529.25
132,3,2012,528.08
132,3,2013,527.31
132,3,2014,521.26
132,3,2015,528.27
132,3,2016,533.58
132,3,2017,515.23
132,3,2018,494.63
132,3,2019,482.35
132,3,2020,453.24
132,3,2021,421.53
132,3,2022,419.88
132,3,2023,435.07
133,3,1980,5749.06
133,3,1981,5742.43
133,3,1982,5664.61
133,3,1983,5305.59
133,3,1984,4979.82
133,3,1985,4708.47
133,3,1986,4877.92
133,3,1987,4948.67
133,3,1988,4944.82
133,3,1989,4752.67
133,3,1990,4705.07
133,3,1991,5075.68
133,3,1992,5457.5
133,3,1993,5631.1
133,3,1994,5600.34
133,3,1995,5059.3
133,3,1996,4574.16
133,3,1997,4590.87
133,3,1998,4799.31
133,3,1999,5122.22
133,3,2000,5240.32
133,3,2001,5684.35
133,3,2002,5685.23
133,3,2003,5372.1
133,3,2004,5555.61
133,3,2005,5725.18
133,3,2006,6222.28
133,3,2007,6941.91
133,3,2008,7171.03
133,3,2009,6875.92
133,3,2010,6321.59
133,3,2011,6275.21
133,3,2012,6384.69
133,3,2013,6541.65
133,3,2014,6300.15
133,3,2015,5774.27
133,3,2016,5288.82
133,3,2017,5545.22
133,3,2018,5870.29
133,3,2019,5862.48
133,3,2020,5158.65
133,3,2021,4945.84
133,3,2022,4856.93
133,3,2023,4757.7
135,3,1980,33751.91
135,3,1981,31330.98
135,3,1982,31325.83
135,3,1983,32684.43
135,3,1984,34739.76
135,3,1985,37245.58
135,3,1986,40167.18
135,3,1987,40030.81
135,3,1988,40204.52
135,3,1989,40225.58
135,3,1990,38347.59
135,3,1991,37451.13
135,3,1992,36880.53
135,3,1993,38157.82
135,3,1994,39583.23
135,3,1995,41585.83
135,3,1996,42892.82
135,3,1997,42080.3
135,3,1998,39300.83
135,3,1999,38421.45
135,3,2000,37831.48
135,3,2001,38248.01
135,3,2002,39402.55
135,3,2003,40166.33
135,3,2004,41191.26
135,3,2005,41384.76
135,3,2006,41391.91
135,3,2007,42312.06
135,3,2008,43276.78
135,3,2009,43989.41
135,3,2010,46734.31
135,3,2011,48009.78
135,3,2012,48408.76
135,3,2013,47544.1
135,3,2014,46502.91
135,3,2015,43113.92
135,3,2016,41132.14
135,3,2017,39762.8
135,3,2018,37558.93
135,3,2019,37268
135,3,2020,37901.46
135,3,2021,38194.16
135,3,2022,39426.7
135,3,2023,39170.57
136,3,1980,508.91
136,3,1981,501.37
136,3,1982,500.87
136,3,1983,491.14
136,3,1984,496.37
136,3,1985,505.98
136,3,1986,512.63
136,3,1987,508.79
136,3,1988,517.32
136,3,1989,537.34
136,3,1990,559.96
136,3,1991,601.12
136,3,1992,633.46
136,3,1993,671.65
136,3,1994,716.99
136,3,1995,750.08
136,3,1996,779
136,3,1997,809.94
136,3,1998,830.61
136,3,1999,829.65
136,3,2000,843.93
136,3,2001,876.11
136,3,2002,907.42
136,3,2003,946.41
136,3,2004,1007.48
136,3,2005,1103.36
136,3,2006,1178.94
136,3,2007,1268.7
136,3,2008,1335.97
136,3,2009,1386.78
136,3,2010,1443.85
136,3,2011,1493.21
136,3,2012,1512.42
136,3,2013,1531.86
136,3,2014,1573.42
136,3,2015,1600.68
136,3,2016,1615.72
136,3,2017,1657.35
136,3,2018,1675.54
136,3,2019,1694.71
136,3,2020,1752.49
136,3,2021,1798.77
136,3,2022,1493.23
136,3,2023,1527.46
139,3,1980,6390.56
139,3,1981,6462.45
139,3,1982,6586.42
139,3,1983,6813.8
139,3,1984,6977.71
139,3,1985,7255.42
139,3,1986,7439.73
139,3,1987,7523.51
139,3,1988,7621.96
139,3,1989,7726.67
139,3,1990,7818.91
139,3,1991,7949.26
139,3,1992,8024.22
139,3,1993,8080.29
139,3,1994,8095.43
139,3,1995,8149.34
139,3,1996,8215.97
139,3,1997,8356.21
139,3,1998,8477.8
139,3,1999,8519.59
139,3,2000,8588.82
139,3,2001,8665.41
139,3,2002,8716.53
139,3,2003,8827.63
139,3,2004,8915.48
139,3,2005,8983.29
139,3,2006,9016.46
139,3,2007,9065.97
139,3,2008,9075.1
139,3,2009,9000.05
139,3,2010,8966.43
139,3,2011,8835.7
139,3,2012,8604.93
139,3,2013,8467.69
139,3,2014,8276.56
139,3,2015,8156.84
139,3,2016,8077.61
139,3,2017,8056.65
139,3,2018,8019.77
139,3,2019,8009.04
139,3,2020,7629.06
139,3,2021,7523.91
139,3,2022,7434.66
139,3,2023,7500.72
140,3,1980,84.34
140,3,1981,86.59
140,3,1982,86.58
140,3,1983,86.05
140,3,1984,84.95
140,3,1985,84.82
140,3,1986,84.29
140,3,1987,84.04
140,3,1988,85.11
140,3,1989,85.52
140,3,1990,85.59
140,3,1991,86.84
140,3,1992,87.98
140,3,1993,89.08
140,3,1994,90.48
140,3,1995,95.24
140,3,1996,101.57
140,3,1997,107.25
140,3,1998,110.09
140,3,1999,109.55
140,3,2000,110.9
140,3,2001,110.98
140,3,2002,118
140,3,2003,129.3
140,3,2004,142.54
140,3,2005,151.5
140,3,2006,150.47
140,3,2007,152.58
140,3,2008,157.22
140,3,2009,165.52
140,3,2010,168.44
140,3,2011,156.05
140,3,2012,143.17
140,3,2013,150.98
140,3,2014,152.13
140,3,2015,163.07
140,3,2016,168.69
140,3,2017,170.17
140,3,2018,166.91
140,3,2019,173.8
140,3,2020,166.54
140,3,2021,168.39
140,3,2022,173.22
140,3,2023,178.22
141,3,1980,6448.09
141,3,1981,6512.48
141,3,1982,6716.43
141,3,1983,6991.08
141,3,1984,7310.04
141,3,1985,7434.11
141,3,1986,7391.82
141,3,1987,7262.76
141,3,1988,7251.03
141,3,1989,7145.72
141,3,1990,6903.56
141,3,1991,6624.04
141,3,1992,6506.99
141,3,1993,6593.95
141,3,1994,6763.86
141,3,1995,6923.12
141,3,1996,7097.74
141,3,1997,7273.48
141,3,1998,7364.95
141,3,1999,7356.64
141,3,2000,7413.39
141,3,2001,7626.11
141,3,2002,7915.5
141,3,2003,8224.79
141,3,2004,8410.91
141,3,2005,8559.9
141,3,2006,8822.02
141,3,2007,9057.61
141,3,2008,9289.08
141,3,2009,9661.6
141,3,2010,10161.86
141,3,2011,10969.87
141,3,2012,11398.8
141,3,2013,11261.18
141,3,2014,11344.82
141,3,2015,11245.15
141,3,2016,11238.9
141,3,2017,11026.72
141,3,2018,10812.29
141,3,2019,10744.27
141,3,2020,10818.88
141,3,2021,11145.59
141,3,2022,13495.42
141,3,2023,14263.19
142,3,1980,29590.78
142,3,1981,31288.17
142,3,1982,31923.83
142,3,1983,31677.04
142,3,1984,30726.17
142,3,1985,29896.48
142,3,1986,28942.96
142,3,1987,27935.71
142,3,1988,27152.01
142,3,1989,26332.88
142,3,1990,25445.62
142,3,1991,25393.43
142,3,1992,25984.6
142,3,1993,25977.08
142,3,1994,25422.64
142,3,1995,24952.09
142,3,1996,25106.92
142,3,1997,25390.25
142,3,1998,25740.58
142,3,1999,25976.85
142,3,2000,26213.64
142,3,2001,26487.02
142,3,2002,26751.27
142,3,2003,27096.65
142,3,2004,26297.11
142,3,2005,26023.49
142,3,2006,25801.41
142,3,2007,25296.29
142,3,2008,24705.32
142,3,2009,24007.88
142,3,2010,22955.27
142,3,2011,22367.33
142,3,2012,21295.2
142,3,2013,20592.44
142,3,2014,20091.11
142,3,2015,19874.09
142,3,2016,19417.1
142,3,2017,18818.79
142,3,2018,18189.72
142,3,2019,17690.97
142,3,2020,17679.83
142,3,2021,16423.45
142,3,2022,15331.41
142,3,2023,15660.06
143,3,1980,2277.56
143,3,1981,2354.76
143,3,1982,2411.84
143,3,1983,2454.5
143,3,1984,2536.88
143,3,1985,2659.66
143,3,1986,2723.38
143,3,1987,2801.96
143,3,1988,2933.43
143,3,1989,3049.88
143,3,1990,3208.72
143,3,1991,3259.3
143,3,1992,3353.51
143,3,1993,3530.06
143,3,1994,3804.15
143,3,1995,4098.92
143,3,1996,4359.88
143,3,1997,4600.39
143,3,1998,4779.04
143,3,1999,4963.03
143,3,2000,5166.03
143,3,2001,5376.99
143,3,2002,5535.06
143,3,2003,5759.37
143,3,2004,5868.53
143,3,2005,5965.27
143,3,2006,6136.34
143,3,2007,6039.66
143,3,2008,5817.41
143,3,2009,5916.08
143,3,2010,6142.16
143,3,2011,6286.54
143,3,2012,6340.03
143,3,2013,6498.6
143,3,2014,6740.34
143,3,2015,7219.24
143,3,2016,7395.7
143,3,2017,7510.93
143,3,2018,6705.18
143,3,2019,6945.89
143,3,2020,7452.35
143,3,2021,7397.62
143,3,2022,7304.95
143,3,2023,7590.12
144,3,1980,596.79
144,3,1981,612.2
144,3,1982,625.55
144,3,1983,654.3
144,3,1984,684.09
144,3,1985,720.21
144,3,1986,762.17
144,3,1987,795.83
144,3,1988,831.98
144,3,1989,866.2
144,3,1990,902.17
144,3,1991,924.09
144,3,1992,943.8
144,3,1993,946.08
144,3,1994,948.55
144,3,1995,944.71
144,3,1996,936.74
144,3,1997,928.3
144,3,1998,920.57
144,3,1999,899.71
144,3,2000,884.49
144,3,2001,878.24
144,3,2002,870.72
144,3,2003,858.23
144,3,2004,861.17
144,3,2005,884.1
144,3,2006,907.02
144,3,2007,976.26
144,3,2008,1044.9
144,3,2009,1059.84
144,3,2010,1068.13
144,3,2011,1069.45
144,3,2012,1063.18
144,3,2013,1047.34
144,3,2014,1078
144,3,2015,1101.74
144,3,2016,1128.7
144,3,2017,1172.31
144,3,2018,1217.08
144,3,2019,1249.81
144,3,2020,1285.81
144,3,2021,1347.17
144,3,2022,1351.4
144,3,2023,1376.36
145,3,1980,432.08
145,3,1981,453.39
145,3,1982,457.3
145,3,1983,438.26
145,3,1984,445.11
145,3,1985,431.37
145,3,1986,398.05
145,3,1987,372.16
145,3,1988,356.22
145,3,1989,335.52
145,3,1990,333.41
145,3,1991,341.78
145,3,1992,337.71
145,3,1993,346.75
145,3,1994,330.68
145,3,1995,311.19
145,3,1996,300.36
145,3,1997,312.31
145,3,1998,317.92
145,3,1999,336.56
145,3,2000,336.88
145,3,2001,348.98
145,3,2002,384.46
145,3,2003,407.76
145,3,2004,394.87
145,3,2005,407.9
145,3,2006,420.68
145,3,2007,441.07
145,3,2008,449.57
145,3,2009,432.28
145,3,2010,427.32
145,3,2011,441.34
145,3,2012,453.18
145,3,2013,433.45
145,3,2014,432.35
145,3,2015,423.63
145,3,2016,435.06
145,3,2017,425.14
145,3,2018,430.86
145,3,2019,437.61
145,3,2020,403.89
145,3,2021,406.69
145,3,2022,456.55
145,3,2023,452.39
146,3,1980,277.64
146,3,1981,278.39
146,3,1982,280.3
146,3,1983,283.25
146,3,1984,282.8
146,3,1985,282.9
146,3,1986,284.88
146,3,1987,291.83
146,3,1988,299.15
146,3,1989,304.22
146,3,1990,317.69
146,3,1991,328.13
146,3,1992,336.37
146,3,1993,342.55
146,3,1994,349.12
146,3,1995,357.12
146,3,1996,362.53
146,3,1997,369.27
146,3,1998,374.7
146,3,1999,378.38
146,3,2000,380.58
146,3,2001,380.92
146,3,2002,376.42
146,3,2003,372.62
146,3,2004,370.32
146,3,2005,371.86
146,3,2006,374.25
146,3,2007,382.07
146,3,2008,391.23
146,3,2009,402.03
146,3,2010,409.67
146,3,2011,422.24
146,3,2012,433.35
146,3,2013,456.23
146,3,2014,533.52
146,3,2015,583.8
146,3,2016,568.52
146,3,2017,552.51
146,3,2018,592.16
146,3,2019,679.52
146,3,2020,747.6
146,3,2021,480.01
146,3,2022,545.64
146,3,2023,543.07
147,3,1980,1241.29
147,3,1981,1262.14
147,3,1982,1269.53
147,3,1983,1258.72
147,3,1984,1235.34
147,3,1985,1218.41
147,3,1986,1208.07
147,3,1987,1189.24
147,3,1988,1170.12
147,3,1989,1148.53
147,3,1990,1138.93
147,3,1991,1141.31
147,3,1992,1144.71
147,3,1993,1143.3
147,3,1994,1139.64
147,3,1995,1145.91
147,3,1996,1175.13
147,3,1997,1184.46
147,3,1998,1222.1
147,3,1999,1257.22
147,3,2000,1282.91
147,3,2001,1317.07
147,3,2002,1331.47
147,3,2003,1333.49
147,3,2004,1364.15
147,3,2005,1389.45
147,3,2006,1435.04
147,3,2007,1418.96
147,3,2008,1351.33
147,3,2009,1311.36
147,3,2010,1268.05
147,3,2011,1275.66
147,3,2012,1275.3
147,3,2013,1234.9
147,3,2014,1226.1
147,3,2015,1223.97
147,3,2016,1190.25
147,3,2017,1193.14
147,3,2018,1193.31
147,3,2019,1211.15
147,3,2020,1248.04
147,3,2021,1300.66
147,3,2022,1228.64
147,3,2023,1245.54
148,3,1980,7533.33
148,3,1981,7656.28
148,3,1982,7856.02
148,3,1983,7968.46
148,3,1984,8131.35
148,3,1985,8308.1
148,3,1986,8459.24
148,3,1987,8641.96
148,3,1988,8815.5
148,3,1989,9013.02
148,3,1990,9250.29
148,3,1991,9424.13
148,3,1992,9544.72
148,3,1993,9573.3
148,3,1994,9617.32
148,3,1995,9610.27
148,3,1996,9627.24
148,3,1997,9562.62
148,3,1998,9576.26
148,3,1999,9544.68
148,3,2000,9574.91
148,3,2001,9642.91
148,3,2002,9683.91
148,3,2003,9704.47
148,3,2004,9665
148,3,2005,9651.7
148,3,2006,9676.6
148,3,2007,9678.51
148,3,2008,9638.27
148,3,2009,9628.45
148,3,2010,9603.48
148,3,2011,9558.14
148,3,2012,9553.18
148,3,2013,8432.59
148,3,2014,8559.61
148,3,2015,8447.39
148,3,2016,8601.5
148,3,2017,8720.72
148,3,2018,9070.99
148,3,2019,9324.08
148,3,2020,9533.17
148,3,2021,9847.22
148,3,2022,9820.72
148,3,2023,9433.79
149,3,1980,242.3
149,3,1981,253.22
149,3,1982,252.29
149,3,1983,252.56
149,3,1984,261.04
149,3,1985,268.6
149,3,1986,275.31
149,3,1987,283.33
149,3,1988,289.69
149,3,1989,296.03
149,3,1990,301.75
149,3,1991,308.41
149,3,1992,315.32
149,3,1993,320.87
149,3,1994,327.35
149,3,1995,334.3
149,3,1996,340.52
149,3,1997,346.79
149,3,1998,350.92
149,3,1999,353.51
149,3,2000,356
149,3,2001,358.45
149,3,2002,358.68
149,3,2003,359.59
149,3,2004,362.87
149,3,2005,372.6
149,3,2006,376.23
149,3,2007,380.6
149,3,2008,379.46
149,3,2009,377.9
149,3,2010,379.36
149,3,2011,368.88
149,3,2012,336.97
149,3,2013,308.36
149,3,2014,289.98
149,3,2015,320.6
149,3,2016,321.99
149,3,2017,321.83
149,3,2018,319.11
149,3,2019,319.89
149,3,2020,311.3
149,3,2021,298.66
149,3,2022,294.93
149,3,2023,297.41
150,3,1980,1028.03
150,3,1981,997.97
150,3,1982,1037.22
150,3,1983,1058.83
150,3,1984,1062.57
150,3,1985,1073.36
150,3,1986,1081.17
150,3,1987,1072.06
150,3,1988,1065.47
150,3,1989,1072.71
150,3,1990,1083.26
150,3,1991,1044.86
150,3,1992,1045.22
150,3,1993,1028.91
150,3,1994,1034.71
150,3,1995,1025.64
150,3,1996,1011.42
150,3,1997,1001.73
150,3,1998,996.39
150,3,1999,997.85
150,3,2000,1015.28
150,3,2001,1028.85
150,3,2002,1053.57
150,3,2003,1081.35
150,3,2004,1100.65
150,3,2005,1149.21
150,3,2006,1184.74
150,3,2007,1225.56
150,3,2008,1242.98
150,3,2009,1275.21
150,3,2010,1295.45
150,3,2011,1288.27
150,3,2012,1249.42
150,3,2013,1241.38
150,3,2014,1244.43
150,3,2015,1231.8
150,3,2016,1210.22
150,3,2017,1202.99
150,3,2018,1189.88
150,3,2019,1184.29
150,3,2020,1179.21
150,3,2021,1174.73
150,3,2022,1077.14
150,3,2023,1097.64
151,3,1980,116.97
151,3,1981,120.56
151,3,1982,120.65
151,3,1983,117.92
151,3,1984,117.72
151,3,1985,114.32
151,3,1986,110.7
151,3,1987,106.11
151,3,1988,103.04
151,3,1989,100.93
151,3,1990,98.02
151,3,1991,96.7
151,3,1992,97.7
151,3,1993,99.48
151,3,1994,99.6
151,3,1995,99.49
151,3,1996,102.74
151,3,1997,107.83
151,3,1998,112.14
151,3,1999,116.27
151,3,2000,122.45
151,3,2001,130.36
151,3,2002,143.47
151,3,2003,160.43
151,3,2004,181.38
151,3,2005,209.9
151,3,2006,245.36
151,3,2007,283.84
151,3,2008,316.01
151,3,2009,341.97
151,3,2010,359.33
151,3,2011,366.54
151,3,2012,361.61
151,3,2013,353.07
151,3,2014,346.83
151,3,2015,322.97
151,3,2016,307.41
151,3,2017,289.59
151,3,2018,272.68
151,3,2019,265.21
151,3,2020,241.94
151,3,2021,231.29
151,3,2022,235.81
151,3,2023,242.65
152,3,1980,6044.39
152,3,1981,6341.45
152,3,1982,6569.23
152,3,1983,6745.16
152,3,1984,6878.7
152,3,1985,6984.55
152,3,1986,7101.36
152,3,1987,7240.24
152,3,1988,7358.1
152,3,1989,7454.64
152,3,1990,7565.23
152,3,1991,7676.32
152,3,1992,7723.76
152,3,1993,7764.27
152,3,1994,7783.81
152,3,1995,7773.57
152,3,1996,7723.65
152,3,1997,7650.74
152,3,1998,7603.63
152,3,1999,7645.42
152,3,2000,7801.96
152,3,2001,8113.91
152,3,2002,8458.54
152,3,2003,8886.89
152,3,2004,9444.82
152,3,2005,10101.4
152,3,2006,10786.65
152,3,2007,11539.34
152,3,2008,12350.87
152,3,2009,13071.65
152,3,2010,13541.81
152,3,2011,13828.59
152,3,2012,13727.73
152,3,2013,13310.32
152,3,2014,12858.88
152,3,2015,12001.19
152,3,2016,11288.29
152,3,2017,10548.9
152,3,2018,9909.3
152,3,2019,9492.58
152,3,2020,9269.25
152,3,2021,8913.12
152,3,2022,8970.01
152,3,2023,9619.19
153,3,1980,1404.54
153,3,1981,1437.76
153,3,1982,1470.2
153,3,1983,1505.78
153,3,1984,1571.95
153,3,1985,1598.53
153,3,1986,1634.17
153,3,1987,1661.49
153,3,1988,1687.08
153,3,1989,1723.83
153,3,1990,1752
153,3,1991,1784.56
153,3,1992,1819.25
153,3,1993,1857.37
153,3,1994,1881.53
153,3,1995,1898.17
153,3,1996,1926.59
153,3,1997,1949.11
153,3,1998,1956.97
153,3,1999,2029.17
153,3,2000,2091.27
153,3,2001,2153.61
153,3,2002,2177.48
153,3,2003,2250.14
153,3,2004,2219.49
153,3,2005,2173.56
153,3,2006,2143.95
153,3,2007,2195.3
153,3,2008,2279.08
153,3,2009,2287.25
153,3,2010,2195.5
153,3,2011,2136.21
153,3,2012,2039.51
153,3,2013,1869.29
153,3,2014,1617.24
153,3,2015,1387.33
153,3,2016,1248.99
153,3,2017,1187.86
153,3,2018,1261.23
153,3,2019,1252
153,3,2020,1255.47
153,3,2021,1266.33
153,3,2022,1378.21
153,3,2023,1456.81
154,3,1980,1410.3
154,3,1981,1451.23
154,3,1982,1491.29
154,3,1983,1539.16
154,3,1984,1592.57
154,3,1985,1654.24
154,3,1986,1695.98
154,3,1987,1749.03
154,3,1988,1797.86
154,3,1989,1833.93
154,3,1990,1867.32
154,3,1991,1916.1
154,3,1992,1945.81
154,3,1993,1978.44
154,3,1994,2017.65
154,3,1995,2035.74
154,3,1996,2066.46
154,3,1997,2083.87
154,3,1998,2112.86
154,3,1999,2146.52
154,3,2000,2164.86
154,3,2001,2177.13
154,3,2002,2200.6
154,3,2003,2233.51
154,3,2004,2268.94
154,3,2005,2294.59
154,3,2006,2313.44
154,3,2007,2322.1
154,3,2008,2363.85
154,3,2009,2362.85
154,3,2010,2351.38
154,3,2011,2372.55
154,3,2012,2313.6
154,3,2013,2248
154,3,2014,2227.85
154,3,2015,2262.31
154,3,2016,2249.47
154,3,2017,2265.21
154,3,2018,2156.6
154,3,2019,2133.56
154,3,2020,2005.47
154,3,2021,1834.64
154,3,2022,1997.69
154,3,2023,2167.98
155,3,1980,7981.75
155,3,1981,7889.66
155,3,1982,7729.81
155,3,1983,7730.97
155,3,1984,7903.02
155,3,1985,8062.9
155,3,1986,8136.23
155,3,1987,8257.81
155,3,1988,8487.19
155,3,1989,8794.95
155,3,1990,9078.79
155,3,1991,9410.78
155,3,1992,9745.46
155,3,1993,10106.49
155,3,1994,10397.23
155,3,1995,10458.94
155,3,1996,10318.31
155,3,1997,10192.41
155,3,1998,10005.14
155,3,1999,9554.09
155,3,2000,9271.86
155,3,2001,8828.89
155,3,2002,8454.77
155,3,2003,8273.48
155,3,2004,8320.36
155,3,2005,8520.05
155,3,2006,8548.39
155,3,2007,8281.54
155,3,2008,7772.56
155,3,2009,7044.8
155,3,2010,6779.98
155,3,2011,6934.17
155,3,2012,7098.94
155,3,2013,7439.86
155,3,2014,7746.21
155,3,2015,8070.55
155,3,2016,8507.74
155,3,2017,8655.35
155,3,2018,8573.04
155,3,2019,8391.89
155,3,2020,8374.75
155,3,2021,8784.51
155,3,2022,8698.1
155,3,2023,8519.54
156,3,1980,603.39
156,3,1981,627.5
156,3,1982,626.05
156,3,1983,610.63
156,3,1984,580.2
156,3,1985,530.97
156,3,1986,496.93
156,3,1987,483.9
156,3,1988,492.59
156,3,1989,512.07
156,3,1990,538.95
156,3,1991,562.73
156,3,1992,585.4
156,3,1993,611.48
156,3,1994,640.38
156,3,1995,670.72
156,3,1996,713.87
156,3,1997,750.19
156,3,1998,790.8
156,3,1999,824
156,3,2000,875.95
156,3,2001,925.42
156,3,2002,949.93
156,3,2003,964.66
156,3,2004,951.58
156,3,2005,925.41
156,3,2006,886.86
156,3,2007,1181.98
156,3,2008,1607.12
156,3,2009,2281.41
156,3,2010,2049.45
156,3,2011,1853.59
156,3,2012,1660.48
156,3,2013,1324.13
156,3,2014,1172.01
156,3,2015,1002.75
156,3,2016,877.37
156,3,2017,769.52
156,3,2018,688.32
156,3,2019,626.91
156,3,2020,522.41
156,3,2021,491.19
156,3,2022,524.48
156,3,2023,575.49
157,3,1980,2352.76
157,3,1981,2373.78
157,3,1982,2397.97
157,3,1983,2439.93
157,3,1984,2465.78
157,3,1985,2508.43
157,3,1986,2562.68
157,3,1987,2603.93
157,3,1988,2687.17
157,3,1989,2777.94
157,3,1990,2880.09
157,3,1991,2987.63
157,3,1992,3074.68
157,3,1993,3150.68
157,3,1994,3223.78
157,3,1995,3281.24
157,3,1996,3344.33
157,3,1997,3403.15
157,3,1998,3451.26
157,3,1999,3550.36
157,3,2000,3642.52
157,3,2001,3731.1
157,3,2002,3928.45
157,3,2003,4036.02
157,3,2004,4179.5
157,3,2005,4320.53
157,3,2006,4438.32
157,3,2007,4677.12
157,3,2008,4908.61
157,3,2009,4955.68
157,3,2010,4959.43
157,3,2011,5039.48
157,3,2012,5025.64
157,3,2013,5312.65
157,3,2014,5456.81
157,3,2015,5584.75
157,3,2016,5645.46
157,3,2017,5672.2
157,3,2018,5715.67
157,3,2019,5987.15
157,3,2020,6306.47
157,3,2021,6391.67
157,3,2022,6594.36
157,3,2023,6752.19
160,3,1980,2028.85
160,3,1981,1890.99
160,3,1982,1489.2
160,3,1983,1224.42
160,3,1984,1191.8
160,3,1985,1293.03
160,3,1986,1424.03
160,3,1987,1426.79
160,3,1988,1405.63
160,3,1989,1448.88
160,3,1990,1582.11
160,3,1991,1602.67
160,3,1992,1633.94
160,3,1993,2095.12
160,3,1994,2796.91
160,3,1995,3301.26
160,3,1996,3412.22
160,3,1997,3315.66
160,3,1998,3185.19
160,3,1999,3107.34
160,3,2000,3027.23
160,3,2001,2775.96
160,3,2002,2403.77
160,3,2003,2807.7
160,3,2004,3278.16
160,3,2005,3304.13
160,3,2006,3327.9
160,3,2007,3441.82
160,3,2008,3407.47
160,3,2009,3479.2
160,3,2010,3721.42
160,3,2011,3851.28
160,3,2012,4099
160,3,2013,5054.11
160,3,2014,5286.83
160,3,2015,4973.73
160,3,2016,5224.63
160,3,2017,5394.91
160,3,2018,5596.71
160,3,2019,6013.54
160,3,2020,6179.45
160,3,2021,6814.13
160,3,2022,6746.16
160,3,2023,6316.7
161,3,1980,4637.28
161,3,1981,4568.76
161,3,1982,4646.87
161,3,1983,4469.96
161,3,1984,4675.25
161,3,1985,4936.65
161,3,1986,5274.11
161,3,1987,5635.56
161,3,1988,5802.92
161,3,1989,6144.68
161,3,1990,6239.58
161,3,1991,6559.68
161,3,1992,6377.69
161,3,1993,6383.42
161,3,1994,6401.41
161,3,1995,6446.8
161,3,1996,6621.24
161,3,1997,6734.54
161,3,1998,6932.57
161,3,1999,7256.66
161,3,2000,7355.5
161,3,2001,7595.48
161,3,2002,7864.39
161,3,2003,8010.39
161,3,2004,8037.48
161,3,2005,8061.95
161,3,2006,7957.77
161,3,2007,7898.1
161,3,2008,7628.9
161,3,2009,7611.41
161,3,2010,7585.92
161,3,2011,7560.41
161,3,2012,7682.45
161,3,2013,7780.26
161,3,2014,7697.34
161,3,2015,7917.15
161,3,2016,8104.86
161,3,2017,8279.74
161,3,2018,8550.85
161,3,2019,8913.28
161,3,2020,8815.83
161,3,2021,9319.02
161,3,2022,10336.94
161,3,2023,10839.69
162,3,1980,36.15
162,3,1981,37.77
162,3,1982,37.65
162,3,1983,39.26
162,3,1984,40.21
162,3,1985,42.17
162,3,1986,43.98
162,3,1987,44.66
162,3,1988,47.57
162,3,1989,50.52
162,3,1990,55.18
162,3,1991,59.11
162,3,1992,64.37
162,3,1993,62.83
162,3,1994,59
162,3,1995,61.1
162,3,1996,63.01
162,3,1997,66.78
162,3,1998,66.43
162,3,1999,65.11
162,3,2000,70.51
162,3,2001,72.75
162,3,2002,75.25
162,3,2003,76.45
162,3,2004,77.12
162,3,2005,77.26
162,3,2006,76.84
162,3,2007,75.82
162,3,2008,74.9
162,3,2009,72.84
162,3,2010,73.89
162,3,2011,74.53
162,3,2012,75.09
162,3,2013,74.22
162,3,2014,74.42
162,3,2015,69.96
162,3,2016,69.34
162,3,2017,69.26
162,3,2018,68.59
162,3,2019,67.91
162,3,2020,67.39
162,3,2021,66.29
162,3,2022,65.06
162,3,2023,65.1
163,3,1980,80526.99
163,3,1981,80568.7
163,3,1982,83044.91
163,3,1983,86736.37
163,3,1984,92235.61
163,3,1985,98211.62
163,3,1986,105082.29
163,3,1987,110862.91
163,3,1988,115783.37
163,3,1989,121340.55
163,3,1990,125424.3
163,3,1991,128595.05
163,3,1992,130482.59
163,3,1993,132302.34
163,3,1994,134584.74
163,3,1995,138740.85
163,3,1996,145740.64
163,3,1997,153556.43
163,3,1998,159229.36
163,3,1999,163294.69
163,3,2000,166152
163,3,2001,168397.91
163,3,2002,170337.26
163,3,2003,171910.26
163,3,2004,169650.87
163,3,2005,173712.66
163,3,2006,185853.91
163,3,2007,197712.53
163,3,2008,205618.92
163,3,2009,212270.96
163,3,2010,218299.15
163,3,2011,222205.45
163,3,2012,222718.7
163,3,2013,220801.25
163,3,2014,217354.2
163,3,2015,217181.52
163,3,2016,220656.93
163,3,2017,224081.97
163,3,2018,224969.66
163,3,2019,225984.93
163,3,2020,233553.12
163,3,2021,271297.24
163,3,2022,240155.13
163,3,2023,246743.26
164,3,1980,1237.6
164,3,1981,1261.9
164,3,1982,1281.68
164,3,1983,1304.49
164,3,1984,1334.48
164,3,1985,1362.2
164,3,1986,1396.46
164,3,1987,1434.6
164,3,1988,1476.41
164,3,1989,1515.9
164,3,1990,1547.85
164,3,1991,1584.41
164,3,1992,1618.12
164,3,1993,1615.07
164,3,1994,1624.69
164,3,1995,1630.07
164,3,1996,1639.65
164,3,1997,1648.3
164,3,1998,1649.06
164,3,1999,1646.54
164,3,2000,1647.07
164,3,2001,1656.24
164,3,2002,1674.29
164,3,2003,1704.11
164,3,2004,1721.81
164,3,2005,1780.77
164,3,2006,1824.04
164,3,2007,1873.05
164,3,2008,1947.79
164,3,2009,2049.15
164,3,2010,2119.12
164,3,2011,2186.22
164,3,2012,2233.98
164,3,2013,2327.79
164,3,2014,2389.25
164,3,2015,2440.37
164,3,2016,2494.74
164,3,2017,2585.67
164,3,2018,2650.41
164,3,2019,2731.26
164,3,2020,2783.43
164,3,2021,3077.85
164,3,2022,2972.02
164,3,2023,3045.18
165,3,1980,7869.89
165,3,1981,8061.97
165,3,1982,8256.36
165,3,1983,8437.21
165,3,1984,8635.73
165,3,1985,8884.64
165,3,1986,9167.93
165,3,1987,9407.66
165,3,1988,9675.45
165,3,1989,10020.27
165,3,1990,10348.23
165,3,1991,10694.09
165,3,1992,10977.33
165,3,1993,11222.43
165,3,1994,11412.46
165,3,1995,11622.11
165,3,1996,11951.16
165,3,1997,12268.43
165,3,1998,12677.44
165,3,1999,13049.57
165,3,2000,13521.38
165,3,2001,14063.91
165,3,2002,14715.3
165,3,2003,15183.91
165,3,2004,15691.52
165,3,2005,16666.85
165,3,2006,17210.37
165,3,2007,18248.41
165,3,2008,19607.13
165,3,2009,20752.25
165,3,2010,22042.27
165,3,2011,22668.2
165,3,2012,23370.96
165,3,2013,24472.74
165,3,2014,25564.49
165,3,2015,26654.58
165,3,2016,27567.2
165,3,2017,28632.31
165,3,2018,29748.86
165,3,2019,30716.36
165,3,2020,32154.68
165,3,2021,34383.07
165,3,2022,33393.22
165,3,2023,34256.24
168,3,1980,4672.16
168,3,1981,4823.03
168,3,1982,4963.74
168,3,1983,5090.83
168,3,1984,5151.24
168,3,1985,5330.23
168,3,1986,5625.32
168,3,1987,5801.83
168,3,1988,6000.37
168,3,1989,6571.6
168,3,1990,6704.45
168,3,1991,7101.3
168,3,1992,7616.11
168,3,1993,8347.42
168,3,1994,9113.79
168,3,1995,9523.74
168,3,1996,9267.07
168,3,1997,9565.06
168,3,1998,10800.23
168,3,1999,11596.19
168,3,2000,11895.61
168,3,2001,12476.04
168,3,2002,12692.76
168,3,2003,12660.99
168,3,2004,12935.11
168,3,2005,13028.76
168,3,2006,13382.72
168,3,2007,13673.56
168,3,2008,14062.54
168,3,2009,14497.48
168,3,2010,15164.13
168,3,2011,15730.9
168,3,2012,15974.52
168,3,2013,15820.59
168,3,2014,16612.08
168,3,2015,17305.26
168,3,2016,17257.62
168,3,2017,17620.06
168,3,2018,17875.03
168,3,2019,18351.74
168,3,2020,18724.11
168,3,2021,19398.28
168,3,2022,20304.96
168,3,2023,21751.33
169,3,1980,2143.36
169,3,1981,2182.85
169,3,1982,2190.7
169,3,1983,2052.96
169,3,1984,2039.12
169,3,1985,2041.21
169,3,1986,2119.7
169,3,1987,2073.82
169,3,1988,1940.93
169,3,1989,1880.31
169,3,1990,1802.87
169,3,1991,1840.65
169,3,1992,1854.13
169,3,1993,1965.33
169,3,1994,2052.96
169,3,1995,2056.01
169,3,1996,2163.97
169,3,1997,2181
169,3,1998,2301.38
169,3,1999,2419.53
169,3,2000,2434.11
169,3,2001,2459.28
169,3,2002,2476.11
169,3,2003,2429.93
169,3,2004,2404.98
169,3,2005,2387.31
169,3,2006,2447.52
169,3,2007,2413.79
169,3,2008,2339.51
169,3,2009,2365.11
169,3,2010,2444.9
169,3,2011,2467.7
169,3,2012,2426.15
169,3,2013,2430.4
169,3,2014,2355.95
169,3,2015,2321.47
169,3,2016,2290.98
169,3,2017,2363.36
169,3,2018,2404.55
169,3,2019,2465.46
169,3,2020,2561.97
169,3,2021,2629.13
169,3,2022,2809.65
169,3,2023,2905.96
170,3,1980,1020.42
170,3,1981,992.06
170,3,1982,1047.08
170,3,1983,1155.54
170,3,1984,1132.68
170,3,1985,1169.76
170,3,1986,1162.59
170,3,1987,1222.22
170,3,1988,1246.93
170,3,1989,1171.1
170,3,1990,1165.49
170,3,1991,1155.12
170,3,1992,1180.96
170,3,1993,1186.86
170,3,1994,1323.51
170,3,1995,1325.44
170,3,1996,1343.34
170,3,1997,1440.04
170,3,1998,1300.08
170,3,1999,1342.49
170,3,2000,1326.21
170,3,2001,1226.7
170,3,2002,1218.81
170,3,2003,1237.04
170,3,2004,1215.25
170,3,2005,1262.56
170,3,2006,1273.79
170,3,2007,1286.97
170,3,2008,1366.49
170,3,2009,1464.41
170,3,2010,1520.85
170,3,2011,1536
170,3,2012,1602.04
170,3,2013,1593.11
170,3,2014,1616.7
170,3,2015,1643.39
170,3,2016,1694.45
170,3,2017,1724.16
170,3,2018,1756.99
170,3,2019,1828.86
170,3,2020,1885.22
170,3,2021,1951.42
170,3,2022,2142.22
170,3,2023,2319.11
171,3,1980,15446.12
171,3,1981,16127.7
171,3,1982,16770.57
171,3,1983,17405.84
171,3,1984,18117.78
171,3,1985,19365.89
171,3,1986,19252.81
171,3,1987,19581.52
171,3,1988,20108.47
171,3,1989,20423.72
171,3,1990,20989.36
171,3,1991,21622.44
171,3,1992,21962.82
171,3,1993,22217.17
171,3,1994,21957.94
171,3,1995,22531.53
171,3,1996,22989.47
171,3,1997,23596.87
171,3,1998,24635.57
171,3,1999,26166.9
171,3,2000,27621.44
171,3,2001,28939.21
171,3,2002,30328.67
171,3,2003,31253.69
171,3,2004,31726.68
171,3,2005,32946.45
171,3,2006,34242.92
171,3,2007,35375.91
171,3,2008,36774.6
171,3,2009,38195.21
171,3,2010,39628.85
171,3,2011,41742.44
171,3,2012,44565.71
171,3,2013,44999.13
171,3,2014,47503.39
171,3,2015,55986.37
171,3,2016,58358.05
171,3,2017,60974.65
171,3,2018,63443.23
171,3,2019,65708.94
171,3,2020,68850.95
171,3,2021,70993.08
171,3,2022,75843.41
171,3,2023,79073.49
172,3,1980,193.21
172,3,1981,194.41
172,3,1982,189.65
172,3,1983,186.92
172,3,1984,187.21
172,3,1985,190.74
172,3,1986,179.87
172,3,1987,179.89
172,3,1988,201.13
172,3,1989,207.83
172,3,1990,211.51
172,3,1991,219.91
172,3,1992,226.51
172,3,1993,234.71
172,3,1994,235.29
172,3,1995,244.8
172,3,1996,250.35
172,3,1997,263.16
172,3,1998,272.25
172,3,1999,287.98
172,3,2000,304.24
172,3,2001,317.58
172,3,2002,328.94
172,3,2003,342.93
172,3,2004,356.33
172,3,2005,380.82
172,3,2006,400.05
172,3,2007,415.75
172,3,2008,434.84
172,3,2009,482.19
172,3,2010,494.45
172,3,2011,496.57
172,3,2012,507.88
172,3,2013,526.65
172,3,2014,552.7
172,3,2015,543.65
172,3,2016,539.62
172,3,2017,578.78
172,3,2018,654.32
172,3,2019,673.45
172,3,2020,670.42
172,3,2021,729.98
172,3,2022,802.95
172,3,2023,877.16
173,3,1980,283.93
173,3,1981,297.3
173,3,1982,322.2
173,3,1983,360.12
173,3,1984,353.26
173,3,1985,364.24
173,3,1986,371.41
173,3,1987,384.92
173,3,1988,381.06
173,3,1989,380.62
173,3,1990,356.03
173,3,1991,370.84
173,3,1992,372.88
173,3,1993,350.65
173,3,1994,351.99
173,3,1995,366.31
173,3,1996,359.57
173,3,1997,369.41
173,3,1998,366.58
173,3,1999,349.61
173,3,2000,351.12
173,3,2001,359.93
173,3,2002,373.28
173,3,2003,373.32
173,3,2004,379.24
173,3,2005,405.39
173,3,2006,416.65
173,3,2007,425.59
173,3,2008,422.47
173,3,2009,426.69
173,3,2010,420.18
173,3,2011,419.6
173,3,2012,425.67
173,3,2013,441.76
173,3,2014,461.14
173,3,2015,469.94
173,3,2016,467.73
173,3,2017,466.41
173,3,2018,466.61
173,3,2019,471.6
173,3,2020,467.04
173,3,2021,473.09
173,3,2022,508.7
173,3,2023,534.76
175,3,1980,2168.87
175,3,1981,2319.95
175,3,1982,2465.63
175,3,1983,2551.99
175,3,1984,2643.59
175,3,1985,2707.64
175,3,1986,2762.81
175,3,1987,2796.05
175,3,1988,2837.53
175,3,1989,2887.19
175,3,1990,2941.25
175,3,1991,2981.43
175,3,1992,3015.79
175,3,1993,3154.17
175,3,1994,2882.72
175,3,1995,2818.13
175,3,1996,3128.17
175,3,1997,3058.16
175,3,1998,2954.72
175,3,1999,2987.09
175,3,2000,3048.93
175,3,2001,3070.2
175,3,2002,3142.96
175,3,2003,3184.03
175,3,2004,3283.18
175,3,2005,3406.8
175,3,2006,3488.76
175,3,2007,3681.49
175,3,2008,3826.66
175,3,2009,4023.63
175,3,2010,4271.89
175,3,2011,4524.91
175,3,2012,4534.41
175,3,2013,4629.58
175,3,2014,4754.12
175,3,2015,4898.14
175,3,2016,4988.26
175,3,2017,5028.39
175,3,2018,5002.66
175,3,2019,5268.18
175,3,2020,5561.38
175,3,2021,6165.44
175,3,2022,6337.37
175,3,2023,7078.35
176,3,1980,54.38
176,3,1981,54.85
176,3,1982,55.9
176,3,1983,56.37
176,3,1984,57.42
176,3,1985,58.21
176,3,1986,58.92
176,3,1987,60.99
176,3,1988,62.38
176,3,1989,64.6
176,3,1990,67.02
176,3,1991,68.6
176,3,1992,70.11
176,3,1993,70.37
176,3,1994,70.53
176,3,1995,69.54
176,3,1996,70.44
176,3,1997,69.85
176,3,1998,71.14
176,3,1999,71.13
176,3,2000,73.16
176,3,2001,71.96
176,3,2002,71.18
176,3,2003,73.94
176,3,2004,69.78
176,3,2005,73.69
176,3,2006,69.9
176,3,2007,76.34
176,3,2008,75.62
176,3,2009,72.39
176,3,2010,71.94
176,3,2011,74.86
176,3,2012,74.45
176,3,2013,73.48
176,3,2014,81.76
176,3,2015,82.59
176,3,2016,82.79
176,3,2017,86.75
176,3,2018,101.03
176,3,2019,103.54
176,3,2020,115.82
176,3,2021,130.61
176,3,2022,115.87
176,3,2023,121.29
177,3,1980,56.15
177,3,1981,64.59
177,3,1982,68.08
177,3,1983,68.51
177,3,1984,70.89
177,3,1985,70.42
177,3,1986,70.35
177,3,1987,74.98
177,3,1988,77.59
177,3,1989,78.66
177,3,1990,84.42
177,3,1991,98.79
177,3,1992,119.61
177,3,1993,126.43
177,3,1994,104.11
177,3,1995,113.58
177,3,1996,111.36
177,3,1997,107.94
177,3,1998,114.44
177,3,1999,118.18
177,3,2000,121.09
177,3,2001,122.78
177,3,2002,125.89
177,3,2003,125.86
177,3,2004,139.23
177,3,2005,143.86
177,3,2006,146.65
177,3,2007,157.27
177,3,2008,165.5
177,3,2009,168.28
177,3,2010,179.79
177,3,2011,189.23
177,3,2012,199
177,3,2013,209.08
177,3,2014,209.84
177,3,2015,225.36
177,3,2016,235.91
177,3,2017,249.71
177,3,2018,252.89
177,3,2019,265.65
177,3,2020,265.77
177,3,2021,283.02
177,3,2022,287.99
177,3,2023,310.43
178,3,1980,1270.99
178,3,1981,1306.22
178,3,1982,1340.8
178,3,1983,1365.87
178,3,1984,1382.99
178,3,1985,1392.09
178,3,1986,1397.91
178,3,1987,1394.5
178,3,1988,1383.08
178,3,1989,1359.83
178,3,1990,1330.78
178,3,1991,1314.03
178,3,1992,1229.85
178,3,1993,1147.92
178,3,1994,1173.76
178,3,1995,1201.92
178,3,1996,1270.16
178,3,1997,1325.09
178,3,1998,1350.6
178,3,1999,1396.65
178,3,2000,1430.48
178,3,2001,1407.29
178,3,2002,1486.53
178,3,2003,1531.32
178,3,2004,1637.84
178,3,2005,1724.46
178,3,2006,1781.4
178,3,2007,1833.95
178,3,2008,1888.41
178,3,2009,1951.28
178,3,2010,2018
178,3,2011,2061.06
178,3,2012,2161.56
178,3,2013,2221.85
178,3,2014,2286.23
178,3,2015,2345.36
178,3,2016,2386.79
178,3,2017,2446.89
178,3,2018,2508.34
178,3,2019,2567.09
178,3,2020,2681.34
178,3,2021,2640.12
178,3,2022,2846.66
178,3,2023,2896.53
179,3,1980,8421.03
179,3,1981,8466.15
179,3,1982,8999.64
179,3,1983,9746.23
179,3,1984,10355.22
179,3,1985,11105.77
179,3,1986,11784.57
179,3,1987,12644.96
179,3,1988,13573.03
179,3,1989,14484.64
179,3,1990,15239.82
179,3,1991,15915.55
179,3,1992,16835.12
179,3,1993,17509.19
179,3,1994,17781.49
179,3,1995,17950.02
179,3,1996,18179.93
179,3,1997,18163.82
179,3,1998,17877.2
179,3,1999,17510.92
179,3,2000,17229.89
179,3,2001,16540.24
179,3,2002,16253.28
179,3,2003,15777.77
179,3,2004,15521.2
179,3,2005,15765.67
179,3,2006,16001.62
179,3,2007,16591.87
179,3,2008,17255.84
179,3,2009,17859.84
179,3,2010,18477.2
179,3,2011,19057.18
179,3,2012,19785.2
179,3,2013,19574.42
179,3,2014,20784.93
179,3,2015,21764.31
179,3,2016,22684.64
179,3,2017,24273.51
179,3,2018,25967.88
179,3,2019,27407.42
179,3,2020,28051.34
179,3,2021,29612.94
179,3,2022,32455.03
179,3,2023,35049.49
180,3,1980,3473.6
180,3,1981,3551.52
180,3,1982,3634.56
180,3,1983,3721.62
180,3,1984,3820.23
180,3,1985,3905.75
180,3,1986,3986.34
180,3,1987,4025.21
180,3,1988,4067.74
180,3,1989,4084.05
180,3,1990,4114.44
180,3,1991,4195.26
180,3,1992,4298.47
180,3,1993,4435.52
180,3,1994,4600.72
180,3,1995,4784.98
180,3,1996,4991.69
180,3,1997,5183.66
180,3,1998,5376.57
180,3,1999,5565.08
180,3,2000,5796.58
180,3,2001,5821.72
180,3,2002,5939.4
180,3,2003,6049.79
180,3,2004,6274.17
180,3,2005,6539.31
180,3,2006,6809.18
180,3,2007,7200.69
180,3,2008,7625.84
180,3,2009,8051.26
180,3,2010,8509.3
180,3,2011,8897.62
180,3,2012,9165.2
180,3,2013,9465.29
180,3,2014,9713.09
180,3,2015,9700.73
180,3,2016,10149.88
180,3,2017,10637.64
180,3,2018,11053.83
180,3,2019,11362.18
180,3,2020,11858.27
180,3,2021,13019.29
180,3,2022,12176.92
180,3,2023,12618.47
181,3,1980,2419.87
181,3,1981,2505.72
181,3,1982,2512.63
181,3,1983,2636.66
181,3,1984,2732.57
181,3,1985,2846.9
181,3,1986,2925.52
181,3,1987,3039.4
181,3,1988,3247.94
181,3,1989,3571.29
181,3,1990,3802.77
181,3,1991,4047.27
181,3,1992,4268.26
181,3,1993,4291.64
181,3,1994,4367.72
181,3,1995,4603.97
181,3,1996,4464
181,3,1997,4332.34
181,3,1998,4194.51
181,3,1999,4156.45
181,3,2000,4096.46
181,3,2001,4058.21
181,3,2002,4007.95
181,3,2003,3965.75
181,3,2004,3972.59
181,3,2005,4110.88
181,3,2006,4245.83
181,3,2007,4462.74
181,3,2008,4662.43
181,3,2009,4842.36
181,3,2010,5042.32
181,3,2011,5339.89
181,3,2012,5610.58
181,3,2013,5905.01
181,3,2014,6220.93
181,3,2015,6561.16
181,3,2016,7008.43
181,3,2017,7471.53
181,3,2018,7997.84
181,3,2019,8324.37
181,3,2020,8471.59
181,3,2021,9432.46
181,3,2022,10143.78
181,3,2023,10650.91
182,3,1980,2368.31
182,3,1981,2503.34
182,3,1982,2663.14
182,3,1983,2848.42
182,3,1984,3030.35
182,3,1985,3222.22
182,3,1986,3387.35
182,3,1987,3488.06
182,3,1988,3615.07
182,3,1989,3731.63
182,3,1990,3738.69
182,3,1991,3743.4
182,3,1992,3709
182,3,1993,3662.04
182,3,1994,3481
182,3,1995,3213.58
182,3,1996,3047.19
182,3,1997,3070.02
182,3,1998,3103.71
182,3,1999,3174.31
182,3,2000,3250.9
182,3,2001,3239.31
182,3,2002,3228.27
182,3,2003,3203.06
182,3,2004,3223.02
182,3,2005,3173.34
182,3,2006,3133.11
182,3,2007,3111.8
182,3,2008,3193.25
182,3,2009,3385.67
182,3,2010,3648.61
182,3,2011,3861.61
182,3,2012,4056.38
182,3,2013,4215.64
182,3,2014,4414.49
182,3,2015,4691.27
182,3,2016,4944.01
182,3,2017,5357.15
182,3,2018,5778.43
182,3,2019,6078.19
182,3,2020,6263.68
182,3,2021,7724.73
182,3,2022,7129.4
182,3,2023,7505.28
183,3,1980,78.66
183,3,1981,83.45
183,3,1982,65.74
183,3,1983,60.05
183,3,1984,51.41
183,3,1985,63.68
183,3,1986,84.33
183,3,1987,118.37
183,3,1988,153.3
183,3,1989,169.28
183,3,1990,188.78
183,3,1991,205.23
183,3,1992,196.1
183,3,1993,210.4
183,3,1994,206.36
183,3,1995,211.85
183,3,1996,189.55
183,3,1997,171.78
183,3,1998,170.22
183,3,1999,172.21
183,3,2000,173.84
183,3,2001,170.43
183,3,2002,181.01
183,3,2003,173.05
183,3,2004,166.79
183,3,2005,160.13
183,3,2006,158.72
183,3,2007,164.84
183,3,2008,174.5
183,3,2009,172.44
183,3,2010,182.24
183,3,2011,184.85
183,3,2012,181.81
183,3,2013,174.02
183,3,2014,173.72
183,3,2015,178.26
183,3,2016,184.3
183,3,2017,189.11
183,3,2018,189.51
183,3,2019,188.28
183,3,2020,171.97
183,3,2021,175.36
183,3,2022,180.57
183,3,2023,184.34
184,3,1980,2864.47
184,3,1981,2912.9
184,3,1982,2968.15
184,3,1983,3084.03
184,3,1984,3182.12
184,3,1985,3251.88
184,3,1986,3360.68
184,3,1987,3413.75
184,3,1988,3324.82
184,3,1989,3185.21
184,3,1990,3123.57
184,3,1991,3103.38
184,3,1992,3094.68
184,3,1993,3078.75
184,3,1994,3147.86
184,3,1995,3444.96
184,3,1996,3676.57
184,3,1997,3674.46
184,3,1998,3667.46
184,3,1999,3664.91
184,3,2000,3675.43
184,3,2001,3633.98
184,3,2002,3602.07
184,3,2003,3557.1
184,3,2004,3540.98
184,3,2005,3525.32
184,3,2006,3628.59
184,3,2007,3669.01
184,3,2008,3697.15
184,3,2009,3655.91
184,3,2010,3628.43
184,3,2011,3557.91
184,3,2012,3548.15
184,3,2013,3459.76
184,3,2014,3436.21
184,3,2015,3590.19
184,3,2016,3712.98
184,3,2017,3815.97
184,3,2018,4002.22
184,3,2019,4249.54
184,3,2020,4320.97
184,3,2021,4343.46
184,3,2022,4411.72
184,3,2023,4739.85
185,3,1980,3336.42
185,3,1981,3489.12
185,3,1982,3658.88
185,3,1983,3879.08
185,3,1984,4093.91
185,3,1985,4292.51
185,3,1986,4504.46
185,3,1987,4800.93
185,3,1988,5161.99
185,3,1989,5581.86
185,3,1990,6121.91
185,3,1991,6783.11
185,3,1992,7427.96
185,3,1993,7774.02
185,3,1994,7931.26
185,3,1995,6320.8
185,3,1996,5912.56
185,3,1997,6993.67
185,3,1998,7742.82
185,3,1999,7545.62
185,3,2000,6913.19
185,3,2001,6214.58
185,3,2002,5699.04
185,3,2003,5333.13
185,3,2004,5272.29
185,3,2005,5170.1
185,3,2006,5086.61
185,3,2007,5052.68
185,3,2008,4953.21
185,3,2009,4917.82
185,3,2010,4842.17
185,3,2011,4800.24
185,3,2012,4896.98
185,3,2013,5149.01
185,3,2014,5367.03
185,3,2015,5479.37
185,3,2016,5594.68
185,3,2017,5785.03
185,3,2018,6089.82
185,3,2019,6437.87
185,3,2020,6755.16
185,3,2021,7155.75
185,3,2022,7898.7
185,3,2023,8682.39
186,3,1980,6.23
186,3,1981,6.24
186,3,1982,6.25
186,3,1983,6.45
186,3,1984,6.75
186,3,1985,6.95
186,3,1986,7.33
186,3,1987,7.68
186,3,1988,7.99
186,3,1989,8.34
186,3,1990,8.59
186,3,1991,9.09
186,3,1992,9.51
186,3,1993,9.77
186,3,1994,9.7
186,3,1995,10
186,3,1996,10.38
186,3,1997,10.6
186,3,1998,10.85
186,3,1999,11.04
186,3,2000,11.21
186,3,2001,11.49
186,3,2002,11.62
186,3,2003,11.66
186,3,2004,11.82
186,3,2005,12.21
186,3,2006,12.2
186,3,2007,12.41
186,3,2008,12.65
186,3,2009,12.79
186,3,2010,12.79
186,3,2011,12.81
186,3,2012,13.23
186,3,2013,13
186,3,2014,12.77
186,3,2015,12.77
186,3,2016,12.68
186,3,2017,12.64
186,3,2018,12.13
186,3,2019,11.68
186,3,2020,11.51
186,3,2021,11.41
186,3,2022,10.89
186,3,2023,12.08
187,3,1980,846.59
187,3,1981,1106.96
187,3,1982,1059.61
187,3,1983,912.29
187,3,1984,955.11
187,3,1985,991.51
187,3,1986,1047.17
187,3,1987,1076.53
187,3,1988,1107.56
187,3,1989,1112.29
187,3,1990,1090.89
187,3,1991,1087.61
187,3,1992,1101.28
187,3,1993,1064.44
187,3,1994,1143.24
187,3,1995,1249.36
187,3,1996,1340.78
187,3,1997,1422.03
187,3,1998,1492.32
187,3,1999,1593.99
187,3,2000,1722.11
187,3,2001,1836.03
187,3,2002,1945.29
187,3,2003,2037.02
187,3,2004,2156.27
187,3,2005,2277.23
187,3,2006,2267.66
187,3,2007,2318.58
187,3,2008,2404.36
187,3,2009,2443.49
187,3,2010,2435.58
187,3,2011,2428.45
187,3,2012,2374.67
187,3,2013,2383.1
187,3,2014,2426.14
187,3,2015,2460.75
187,3,2016,2533.49
187,3,2017,2620.95
187,3,2018,2388.81
187,3,2019,2538.07
187,3,2020,2578.57
187,3,2021,2854.05
187,3,2022,2775.93
187,3,2023,2922.97
189,3,1980,5549.98
189,3,1981,5719.89
189,3,1982,5827.54
189,3,1983,6037.6
189,3,1984,6217.48
189,3,1985,6369.2
189,3,1986,6509.99
189,3,1987,6654.55
189,3,1988,6770.57
189,3,1989,6833.6
189,3,1990,6866.12
189,3,1991,6968.43
189,3,1992,7091.47
189,3,1993,7205.63
189,3,1994,7316.11
189,3,1995,7405.98
189,3,1996,7526.56
189,3,1997,7614.02
189,3,1998,7662.28
189,3,1999,7627.87
189,3,2000,7670.48
189,3,2001,7800.71
189,3,2002,8022.01
189,3,2003,8255.87
189,3,2004,8430.59
189,3,2005,8491.38
189,3,2006,8756.45
189,3,2007,9189.36
189,3,2008,9695.65
189,3,2009,10241.6
189,3,2010,10692.92
189,3,2011,11322.74
189,3,2012,12263.66
189,3,2013,13151.81
189,3,2014,13607.75
189,3,2015,14419.85
189,3,2016,15042.96
189,3,2017,15637.61
189,3,2018,16141.18
189,3,2019,16440.23
189,3,2020,16679.79
189,3,2021,17753.09
189,3,2022,16800.89
189,3,2023,18146.12
190,3,1980,3436.89
190,3,1981,3156.08
190,3,1982,3750.34
190,3,1983,3788.86
190,3,1984,3756.28
190,3,1985,3669.91
190,3,1986,3605.08
190,3,1987,3666.9
190,3,1988,3659.37
190,3,1989,4100.6
190,3,1990,4338.75
190,3,1991,4739.69
190,3,1992,4975.94
190,3,1993,5312.01
190,3,1994,5708.47
190,3,1995,6018.8
190,3,1996,6320.07
190,3,1997,6507.06
190,3,1998,6741.86
190,3,1999,6921.84
190,3,2000,7239.04
190,3,2001,7467.04
190,3,2002,7642.09
190,3,2003,7725.61
190,3,2004,8151.81
190,3,2005,8515.54
190,3,2006,8885.62
190,3,2007,9389.7
190,3,2008,9902.24
190,3,2009,10472.76
190,3,2010,11096.63
190,3,2011,11931.57
190,3,2012,12692.21
190,3,2013,13695.61
190,3,2014,14561.04
190,3,2015,15259.53
190,3,2016,15914.83
190,3,2017,16631.21
190,3,2018,17253.22
190,3,2019,17736.45
190,3,2020,18056.61
190,3,2021,19607.08
190,3,2022,19904.56
190,3,2023,21297.27
191,3,1980,2148.04
191,3,1981,2238.58
191,3,1982,2299.64
191,3,1983,2387.47
191,3,1984,2484.96
191,3,1985,2619.25
191,3,1986,2697.73
191,3,1987,2779.15
191,3,1988,2836.85
191,3,1989,2861.44
191,3,1990,2878.89
191,3,1991,2908.07
191,3,1992,2964.07
191,3,1993,3014.1
191,3,1994,3063.94
191,3,1995,3103.27
191,3,1996,3127.77
191,3,1997,3114.06
191,3,1998,3067.21
191,3,1999,3008.26
191,3,2000,2961.96
191,3,2001,2958.94
191,3,2002,2897.72
191,3,2003,2828.64
191,3,2004,2818.86
191,3,2005,2836.25
191,3,2006,2893.86
191,3,2007,2967.54
191,3,2008,3156.25
191,3,2009,3362.12
191,3,2010,3522.88
191,3,2011,3712.15
191,3,2012,3789.24
191,3,2013,3930.77
191,3,2014,4075.45
191,3,2015,4452.04
191,3,2016,4675.98
191,3,2017,4884.46
191,3,2018,4994.7
191,3,2019,5165.61
191,3,2020,5443.82
191,3,2021,6046.26
191,3,2022,5775.89
191,3,2023,6193.78
193,3,1980,638.23
193,3,1981,644.25
193,3,1982,652.41
193,3,1983,660.12
193,3,1984,670.68
193,3,1985,680.67
193,3,1986,687.7
193,3,1987,691.57
193,3,1988,641.84
193,3,1989,644.05
193,3,1990,631.59
193,3,1991,597.62
193,3,1992,562.67
193,3,1993,530.28
193,3,1994,510.88
193,3,1995,500.61
193,3,1996,501.52
193,3,1997,516.63
193,3,1998,549.35
193,3,1999,584.4
193,3,2000,622.58
193,3,2001,651.78
193,3,2002,614.09
193,3,2003,527.24
193,3,2004,460.9
193,3,2005,438.16
193,3,2006,457.54
193,3,2007,446
193,3,2008,448.64
193,3,2009,453.15
193,3,2010,456.94
193,3,2011,467.56
193,3,2012,467.07
193,3,2013,474.86
193,3,2014,481.86
193,3,2015,467.07
193,3,2016,471.13
193,3,2017,469.96
193,3,2018,479.3
193,3,2019,488.39
193,3,2020,492.45
193,3,2021,493.65
193,3,2022,488.18
193,3,2023,494.42
194,3,1980,715.57
194,3,1981,732.75
194,3,1982,748.1
194,3,1983,763.47
194,3,1984,778.09
194,3,1985,791.7
194,3,1986,804.92
194,3,1987,805.02
194,3,1988,801.18
194,3,1989,779.74
194,3,1990,749.51
194,3,1991,718.66
194,3,1992,682.33
194,3,1993,651.24
194,3,1994,623.27
194,3,1995,606.65
194,3,1996,603.35
194,3,1997,604.4
194,3,1998,611.06
194,3,1999,630.76
194,3,2000,678.74
194,3,2001,844.01
194,3,2002,989.7
194,3,2003,947.78
194,3,2004,927.29
194,3,2005,812.62
194,3,2006,679.5
194,3,2007,616.47
194,3,2008,618.26
194,3,2009,658.65
194,3,2010,697.32
194,3,2011,711.96
194,3,2012,706.63
194,3,2013,688.7
194,3,2014,693.99
194,3,2015,697.55
194,3,2016,673.78
194,3,2017,659.5
194,3,2018,648.51
194,3,2019,635
194,3,2020,611.04
194,3,2021,616.7
194,3,2022,647.17
194,3,2023,655.62
195,3,1980,750.95
195,3,1981,765.89
195,3,1982,783.59
195,3,1983,799.03
195,3,1984,818.67
195,3,1985,838.76
195,3,1986,857.62
195,3,1987,874.06
195,3,1988,900.55
195,3,1989,937.69
195,3,1990,972.79
195,3,1991,1002.28
195,3,1992,1009.95
195,3,1993,1001.2
195,3,1994,976.41
195,3,1995,938.97
195,3,1996,909.83
195,3,1997,892.49
195,3,1998,884.36
195,3,1999,883.76
195,3,2000,883.63
195,3,2001,871.87
195,3,2002,883.62
195,3,2003,885.92
195,3,2004,859.88
195,3,2005,843.8
195,3,2006,837.59
195,3,2007,871.6
195,3,2008,911.42
195,3,2009,929.31
195,3,2010,941.85
195,3,2011,972.96
195,3,2012,1007.53
195,3,2013,1007.69
195,3,2014,1004.65
195,3,2015,1029.39
195,3,2016,1054.71
195,3,2017,1070.04
195,3,2018,1097.94
195,3,2019,1147.28
195,3,2020,1176.2
195,3,2021,1239.14
195,3,2022,1193.33
195,3,2023,1225.71
196,3,1980,14359.38
196,3,1981,14416.51
196,3,1982,14277.37
196,3,1983,14098.75
196,3,1984,14042.74
196,3,1985,13846.42
196,3,1986,13567.52
196,3,1987,13380.31
196,3,1988,13124.03
196,3,1989,12895.73
196,3,1990,12816.76
196,3,1991,12791.66
196,3,1992,12795.26
196,3,1993,14084.17
196,3,1994,15452.88
196,3,1995,16187.84
196,3,1996,18072.74
196,3,1997,18290.89
196,3,1998,18923.76
196,3,1999,18755.91
196,3,2000,18093.71
196,3,2001,17982.6
196,3,2002,18286.22
196,3,2003,18580.55
196,3,2004,18269.57
196,3,2005,18343.09
196,3,2006,19011.73
196,3,2007,20036.47
196,3,2008,20413.69
196,3,2009,21068.25
196,3,2010,21655.9
196,3,2011,22072.81
196,3,2012,22681.44
196,3,2013,23140.28
196,3,2014,23448.11
196,3,2015,23529.27
196,3,2016,23758.09
196,3,2017,23872.29
196,3,2018,23829.23
196,3,2019,22823.84
196,3,2020,20979.44
196,3,2021,20848.82
196,3,2022,23739.3
196,3,2023,24886.63
197,3,1980,551.67
197,3,1981,557.37
197,3,1982,563.44
197,3,1983,568.94
197,3,1984,579.89
197,3,1985,589.48
197,3,1986,599.85
197,3,1987,612.3
197,3,1988,631.14
197,3,1989,653.23
197,3,1990,676.27
197,3,1991,693.23
197,3,1992,706.43
197,3,1993,704.77
197,3,1994,685.13
197,3,1995,643.24
197,3,1996,595.66
197,3,1997,559.31
197,3,1998,529.08
197,3,1999,518.07
197,3,2000,520.91
197,3,2001,551.24
197,3,2002,585.17
197,3,2003,648.38
197,3,2004,711.55
197,3,2005,747.19
197,3,2006,737.72
197,3,2007,714.24
197,3,2008,703.47
197,3,2009,689.97
197,3,2010,666.24
197,3,2011,641.46
197,3,2012,605.4
197,3,2013,572.42
197,3,2014,550.45
197,3,2015,519.32
197,3,2016,502.22
197,3,2017,504.83
197,3,2018,519.21
197,3,2019,525.37
197,3,2020,527.61
197,3,2021,512.38
197,3,2022,511.25
197,3,2023,501.69
198,3,1980,2560.5
198,3,1981,2642.66
198,3,1982,2719.88
198,3,1983,2809.36
198,3,1984,2887.47
198,3,1985,2931.25
198,3,1986,2951.64
198,3,1987,2903.78
198,3,1988,2741.19
198,3,1989,2761.78
198,3,1990,2792.24
198,3,1991,2832.31
198,3,1992,2819.72
198,3,1993,2905.83
198,3,1994,3071.97
198,3,1995,3207.85
198,3,1996,3332.19
198,3,1997,3413.57
198,3,1998,3458.82
198,3,1999,3483.08
198,3,2000,3468.19
198,3,2001,3468.82
198,3,2002,3421.51
198,3,2003,3405.66
198,3,2004,3294.62
198,3,2005,3203.75
198,3,2006,3148.73
198,3,2007,3027.72
198,3,2008,3126.92
198,3,2009,3165.14
198,3,2010,3204
198,3,2011,3396.05
198,3,2012,3407.11
198,3,2013,3367.77
198,3,2014,3270.18
198,3,2015,3204.13
198,3,2016,3168.74
198,3,2017,3065.66
198,3,2018,3042.32
198,3,2019,3035.48
198,3,2020,2960.7
198,3,2021,3104.34
198,3,2022,2867.13
198,3,2023,2825.89
200,3,1980,1369.26
200,3,1981,1425.7
200,3,1982,1482.14
200,3,1983,1544.16
200,3,1984,1608.36
200,3,1985,1685.74
200,3,1986,1764.06
200,3,1987,1850.67
200,3,1988,1927.73
200,3,1989,1983.91
200,3,1990,2041.71
200,3,1991,2101.87
200,3,1992,2146.75
200,3,1993,2201.95
200,3,1994,2234.14
200,3,1995,2255.32
200,3,1996,2273.38
200,3,1997,2288.7
200,3,1998,2302.01
200,3,1999,2282.55
200,3,2000,2294.85
200,3,2001,2257.9
200,3,2002,2243.43
200,3,2003,2197.35
200,3,2004,2175.89
200,3,2005,2161.64
200,3,2006,2206.32
200,3,2007,2223.06
200,3,2008,2417.56
200,3,2009,2671.27
200,3,2010,2831.78
200,3,2011,3020.84
200,3,2012,3229.44
200,3,2013,3143.75
200,3,2014,3309.11
200,3,2015,3797.02
200,3,2016,3948.51
200,3,2017,4069.41
200,3,2018,4147.87
200,3,2019,4311.75
200,3,2020,4520.86
200,3,2021,4530.12
200,3,2022,4347.54
200,3,2023,4467.08
201,3,1980,1731.71
201,3,1981,1766.17
201,3,1982,1826.24
201,3,1983,1901.23
201,3,1984,2035.69
201,3,1985,2162.55
201,3,1986,2257.79
201,3,1987,2343.7
201,3,1988,2397.68
201,3,1989,2458.24
201,3,1990,2504.65
201,3,1991,2515.91
201,3,1992,2540.68
201,3,1993,2592.67
201,3,1994,2622.88
201,3,1995,2673.59
201,3,1996,2726.65
201,3,1997,2778.16
201,3,1998,2841.13
201,3,1999,2900.56
201,3,2000,3034.27
201,3,2001,3048.68
201,3,2002,3130.35
201,3,2003,3128.31
201,3,2004,3161.53
201,3,2005,3214.71
201,3,2006,3232.62
201,3,2007,3118.79
201,3,2008,3118.84
201,3,2009,3093.91
201,3,2010,3090.78
201,3,2011,3067.17
201,3,2012,3179.85
201,3,2013,3280.59
201,3,2014,3409.72
201,3,2015,3664.13
201,3,2016,3881.95
201,3,2017,4105.39
201,3,2018,3689.68
201,3,2019,3856.82
201,3,2020,3865.96
201,3,2021,4058.43
201,3,2022,4551.82
201,3,2023,4911.29
202,3,1980,2474.66
202,3,1981,2562.87
202,3,1982,2624.92
202,3,1983,2640.51
202,3,1984,2713.02
202,3,1985,2853.96
202,3,1986,2884.09
202,3,1987,3032.16
202,3,1988,3162.34
202,3,1989,3319.57
202,3,1990,3407.52
202,3,1991,3534.42
202,3,1992,3592.1
202,3,1993,3649.29
202,3,1994,3724.59
202,3,1995,3819.56
202,3,1996,3955.92
202,3,1997,4096.64
202,3,1998,4286.47
202,3,1999,4455.28
202,3,2000,4663.84
202,3,2001,4815.47
202,3,2002,5051.3
202,3,2003,5150.09
202,3,2004,5304.43
202,3,2005,5522.62
202,3,2006,5844.37
202,3,2007,6079.45
202,3,2008,6492.88
202,3,2009,6985.68
202,3,2010,7509.36
202,3,2011,7821.29
202,3,2012,8051.26
202,3,2013,8259.95
202,3,2014,8516.79
202,3,2015,8768.77
202,3,2016,9134.37
202,3,2017,9399.79
202,3,2018,9761.33
202,3,2019,9971.23
202,3,2020,10063.75
202,3,2021,10080.83
202,3,2022,10546.27
202,3,2023,11224.74
203,3,1980,17.64
203,3,1981,17.89
203,3,1982,18.52
203,3,1983,18.71
203,3,1984,19
203,3,1985,19.5
203,3,1986,19.91
203,3,1987,20.26
203,3,1988,20.91
203,3,1989,21.64
203,3,1990,22.13
203,3,1991,22.48
203,3,1992,22.72
203,3,1993,22.67
203,3,1994,23.04
203,3,1995,25.55
203,3,1996,22.47
203,3,1997,22.18
203,3,1998,22.32
203,3,1999,22.43
203,3,2000,22.66
203,3,2001,23.21
203,3,2002,23.36
203,3,2003,24.46
203,3,2004,25.55
203,3,2005,26.49
203,3,2006,28.55
203,3,2007,30.54
203,3,2008,30.93
203,3,2009,31.1
203,3,2010,32.03
203,3,2011,32.27
203,3,2012,32.7
203,3,2013,33.11
203,3,2014,34.03
203,3,2015,34.15
203,3,2016,34.02
203,3,2017,33.72
203,3,2018,37.67
203,3,2019,37.1
203,3,2020,36.23
203,3,2021,36.63
203,3,2022,37.6
203,3,2023,37.61
204,3,1980,1137.99
204,3,1981,1165.64
204,3,1982,1194.47
204,3,1983,1236.51
204,3,1984,1285.52
204,3,1985,1330.99
204,3,1986,1347.32
204,3,1987,1380.12
204,3,1988,1397
204,3,1989,1422.69
204,3,1990,1518.46
204,3,1991,1505.93
204,3,1992,1538.01
204,3,1993,1586.17
204,3,1994,1571.91
204,3,1995,1580.25
204,3,1996,1658.31
204,3,1997,1707.39
204,3,1998,1760.15
204,3,1999,1823.75
204,3,2000,1904.2
204,3,2001,1990.31
204,3,2002,2052.08
204,3,2003,2120.04
204,3,2004,2186.76
204,3,2005,2284.63
204,3,2006,2406.15
204,3,2007,2539.26
204,3,2008,2642.41
204,3,2009,2732.42
204,3,2010,2873.08
204,3,2011,2895.91
204,3,2012,2913.1
204,3,2013,3111.26
204,3,2014,3149.63
204,3,2015,3025.91
204,3,2016,3016.86
204,3,2017,3099.32
204,3,2018,3208.12
204,3,2019,3352.84
204,3,2020,3496.83
204,3,2021,3585.3
204,3,2022,3953.91
204,3,2023,4214.85
205,3,1980,1604.15
205,3,1981,1678.41
205,3,1982,1725.93
205,3,1983,1809.21
205,3,1984,1873.11
205,3,1985,1986.07
205,3,1986,2055.83
205,3,1987,2091.7
205,3,1988,2161.3
205,3,1989,2183.27
205,3,1990,2208.59
205,3,1991,2302.46
205,3,1992,2401.34
205,3,1993,2558.83
205,3,1994,2708.85
205,3,1995,2826.74
205,3,1996,3049.13
205,3,1997,3259.23
205,3,1998,3422.89
205,3,1999,3513.19
205,3,2000,3600.45
205,3,2001,3570.87
205,3,2002,3538.27
205,3,2003,3417.75
205,3,2004,3383.75
205,3,2005,3353.1
205,3,2006,3468.84
205,3,2007,3422.75
205,3,2008,3445.46
205,3,2009,3396.83
205,3,2010,3249.13
205,3,2011,3244.79
205,3,2012,3492.37
205,3,2013,3710.07
205,3,2014,3833
205,3,2015,4076.45
205,3,2016,4397.63
205,3,2017,4595.17
205,3,2018,4840.39
205,3,2019,4995.5
205,3,2020,5272.69
205,3,2021,5615.52
205,3,2022,6280.59
205,3,2023,6654.04
206,3,1980,113.68
206,3,1981,113.49
206,3,1982,113.87
206,3,1983,115.36
206,3,1984,117.4
206,3,1985,116.36
206,3,1986,123.48
206,3,1987,129.13
206,3,1988,137.47
206,3,1989,139.59
206,3,1990,165.61
206,3,1991,177.28
206,3,1992,192.68
206,3,1993,197.28
206,3,1994,199.93
206,3,1995,224.55
206,3,1996,217.52
206,3,1997,220.29
206,3,1998,235.31
206,3,1999,252.64
206,3,2000,239.33
206,3,2001,229.44
206,3,2002,225.72
206,3,2003,233.52
206,3,2004,261.11
206,3,2005,266.03
206,3,2006,259.29
206,3,2007,256.73
206,3,2008,245.07
206,3,2009,247.31
206,3,2010,247.83
206,3,2011,229.97
206,3,2012,238.61
206,3,2013,248.35
206,3,2014,279.16
206,3,2015,275.33
206,3,2016,304.56
206,3,2017,348.12
206,3,2018,359.48
206,3,2019,388.82
206,3,2020,386.44
206,3,2021,401.86
206,3,2022,409.36
206,3,2023,424.53
207,3,1980,2339.78
207,3,1981,2409.17
207,3,1982,2484.28
207,3,1983,2514.2
207,3,1984,2565.13
207,3,1985,2620
207,3,1986,2675.66
207,3,1987,2682.05
207,3,1988,2693.15
207,3,1989,2722.16
207,3,1990,2763.15
207,3,1991,2802.69
207,3,1992,2851.62
207,3,1993,2905.3
207,3,1994,2945.03
207,3,1995,2942.7
207,3,1996,2918.47
207,3,1997,2908.08
207,3,1998,2928.83
207,3,1999,2920.4
207,3,2000,2938.59
207,3,2001,2970.18
207,3,2002,3027.76
207,3,2003,3107.47
207,3,2004,3180.66
207,3,2005,3331.16
207,3,2006,3488.19
207,3,2007,3599.33
207,3,2008,3806.44
207,3,2009,3869.5
207,3,2010,4167.1
207,3,2011,4454.64
207,3,2012,4638.34
207,3,2013,4885.1
207,3,2014,5181.59
207,3,2015,5817.69
207,3,2016,6106.83
207,3,2017,6449.65
207,3,2018,6893.7
207,3,2019,7221.38
207,3,2020,7301.65
207,3,2021,7660.11
207,3,2022,8253.6
207,3,2023,8539.41
208,3,1980,1247.57
208,3,1981,1285.67
208,3,1982,1368.61
208,3,1983,1376.86
208,3,1984,1435.75
208,3,1985,1518.16
208,3,1986,1642.37
208,3,1987,1720.36
208,3,1988,1792.99
208,3,1989,1864.87
208,3,1990,1932.43
208,3,1991,2014.11
208,3,1992,2157.84
208,3,1993,2277.86
208,3,1994,2353.37
208,3,1995,2428.09
208,3,1996,2473.91
208,3,1997,2501.83
208,3,1998,2433.4
208,3,1999,2364.98
208,3,2000,2315.19
208,3,2001,2303.46
208,3,2002,2197.62
208,3,2003,2121.08
208,3,2004,2144.66
208,3,2005,2120.99
208,3,2006,2134.78
208,3,2007,2124.39
208,3,2008,2113.56
208,3,2009,2139.47
208,3,2010,2184.38
208,3,2011,2233.27
208,3,2012,2303.45
208,3,2013,2364.19
208,3,2014,2397.62
208,3,2015,2424.1
208,3,2016,2487.92
208,3,2017,2546.69
208,3,2018,2629.45
208,3,2019,2716.17
208,3,2020,2742.49
208,3,2021,2831.12
208,3,2022,3000.8
208,3,2023,3119.38
209,3,1980,153.52
209,3,1981,157.07
209,3,1982,159.98
209,3,1983,163.31
209,3,1984,170.2
209,3,1985,175.25
209,3,1986,181.89
209,3,1987,188.89
209,3,1988,195.26
209,3,1989,203.44
209,3,1990,210.21
209,3,1991,215.24
209,3,1992,218.48
209,3,1993,220.96
209,3,1994,224.32
209,3,1995,222.02
209,3,1996,235.4
209,3,1997,231.44
209,3,1998,219.18
209,3,1999,214.97
209,3,2000,217.47
209,3,2001,219.54
209,3,2002,220.87
209,3,2003,216.11
209,3,2004,210.8
209,3,2005,212.21
209,3,2006,205.99
209,3,2007,213.27
209,3,2008,219.16
209,3,2009,221.3
209,3,2010,227.66
209,3,2011,230.84
209,3,2012,232.65
209,3,2013,238.8
209,3,2014,242.93
209,3,2015,251.17
209,3,2016,267.93
209,3,2017,278.06
209,3,2018,257.54
209,3,2019,271.58
209,3,2020,277.59
209,3,2021,278.42
209,3,2022,302.34
209,3,2023,320.07
210,3,1980,431.42
210,3,1981,448.98
210,3,1982,465
210,3,1983,484.49
210,3,1984,502.67
210,3,1985,519.72
210,3,1986,536.3
210,3,1987,553.86
210,3,1988,569.48
210,3,1989,583.35
210,3,1990,613.12
210,3,1991,461.73
210,3,1992,338.19
210,3,1993,404.54
210,3,1994,445.55
210,3,1995,388.12
210,3,1996,410.97
210,3,1997,410.85
210,3,1998,479.45
210,3,1999,566.78
210,3,2000,600.1
210,3,2001,604.41
210,3,2002,602.18
210,3,2003,591.43
210,3,2004,593.95
210,3,2005,574.8
210,3,2006,611.74
210,3,2007,656.91
210,3,2008,705.45
210,3,2009,735.93
210,3,2010,741.02
210,3,2011,738.46
210,3,2012,807.2
210,3,2013,886.94
210,3,2014,897.64
210,3,2015,927.59
210,3,2016,970.55
210,3,2017,1006.37
210,3,2018,1145.67
210,3,2019,1222.05
210,3,2020,1262.05
210,3,2021,1418.82
210,3,2022,1408.72
210,3,2023,1459.61
211,3,1980,1591.45
211,3,1981,1470.82
211,3,1982,1651.33
211,3,1983,1683.46
211,3,1984,1738.79
211,3,1985,1845.23
211,3,1986,1956.41
211,3,1987,2056.58
211,3,1988,2204.99
211,3,1989,2346.39
211,3,1990,2496.25
211,3,1991,2666.04
211,3,1992,2830.56
211,3,1993,2978.74
211,3,1994,3102.83
211,3,1995,3226.07
211,3,1996,3314.92
211,3,1997,3376.27
211,3,1998,3418.28
211,3,1999,3445.84
211,3,2000,3458.38
211,3,2001,3422.14
211,3,2002,3486.66
211,3,2003,3414.1
211,3,2004,3366.03
211,3,2005,3392.3
211,3,2006,3472.93
211,3,2007,3514.33
211,3,2008,3678.29
211,3,2009,3885.31
211,3,2010,4024.13
211,3,2011,4141.24
211,3,2012,4301.71
211,3,2013,4021.28
211,3,2014,4102.5
211,3,2015,4440.95
211,3,2016,4847.5
211,3,2017,5176.67
211,3,2018,5393.82
211,3,2019,5446.22
211,3,2020,5414.31
211,3,2021,5793.35
211,3,2022,5975.87
211,3,2023,6139.34
212,3,1980,215.84
212,3,1981,222.99
212,3,1982,231.47
212,3,1983,237.11
212,3,1984,256.01
212,3,1985,269.53
212,3,1986,283.38
212,3,1987,296.12
212,3,1988,311.04
212,3,1989,321.45
212,3,1990,333.01
212,3,1991,340.24
212,3,1992,349.71
212,3,1993,358.46
212,3,1994,346.34
212,3,1995,345.65
212,3,1996,358.44
212,3,1997,362.81
212,3,1998,373.75
212,3,1999,366.71
212,3,2000,373.01
212,3,2001,376.21
212,3,2002,380.58
212,3,2003,368.96
212,3,2004,381.5
212,3,2005,382.57
212,3,2006,397.46
212,3,2007,384.15
212,3,2008,378.49
212,3,2009,395.15
212,3,2010,397.05
212,3,2011,393.62
212,3,2012,409.39
212,3,2013,483
212,3,2014,472.88
212,3,2015,412.65
212,3,2016,416.2
212,3,2017,446.33
212,3,2018,458.53
212,3,2019,497.25
212,3,2020,491.57
212,3,2021,530.16
212,3,2022,571.24
212,3,2023,600.14
213,3,1980,1224.04
213,3,1981,1270.68
213,3,1982,1324.77
213,3,1983,1383.29
213,3,1984,1438.89
213,3,1985,1506.2
213,3,1986,1556.22
213,3,1987,1613.4
213,3,1988,1693.03
213,3,1989,1749.49
213,3,1990,1834.38
213,3,1991,1931.83
213,3,1992,2025.47
213,3,1993,2125.7
213,3,1994,2250.79
213,3,1995,2365.77
213,3,1996,2518.35
213,3,1997,2639.47
213,3,1998,2771.94
213,3,1999,2829.19
213,3,2000,2936.67
213,3,2001,2976.69
213,3,2002,3102.43
213,3,2003,3092.19
213,3,2004,3153.46
213,3,2005,3400.77
213,3,2006,3650.53
213,3,2007,3733.55
213,3,2008,3789.64
213,3,2009,3952.85
213,3,2010,4038.75
213,3,2011,4251.63
213,3,2012,4402.74
213,3,2013,4812.92
213,3,2014,5032.59
213,3,2015,5273.52
213,3,2016,5520.29
213,3,2017,5778.99
213,3,2018,5735.67
213,3,2019,5956.83
213,3,2020,6375.47
213,3,2021,6833.27
213,3,2022,6833.48
213,3,2023,7348.01
214,3,1980,19821.64
214,3,1981,19901.06
214,3,1982,20075.46
214,3,1983,20417.14
214,3,1984,20553.99
214,3,1985,20702.44
214,3,1986,20720.53
214,3,1987,21066.88
214,3,1988,21183.76
214,3,1989,21684.39
214,3,1990,21996
214,3,1991,22595.69
214,3,1992,22609.76
214,3,1993,22840.88
214,3,1994,23123.38
214,3,1995,23609.25
214,3,1996,24467.24
214,3,1997,25507.09
214,3,1998,26810.94
214,3,1999,28058.58
214,3,2000,29840.4
214,3,2001,31339.65
214,3,2002,32820.23
214,3,2003,33653.15
214,3,2004,34419.91
214,3,2005,34793.56
214,3,2006,35677.56
214,3,2007,36228.98
214,3,2008,36650.32
214,3,2009,37549.07
214,3,2010,38856.63
214,3,2011,39571.75
214,3,2012,40551.29
214,3,2013,42441.5
214,3,2014,43385.02
214,3,2015,45926.53
214,3,2016,46007.83
214,3,2017,48158.38
214,3,2018,44636.58
214,3,2019,44943.49
214,3,2020,46259.63
214,3,2021,47197.27
214,3,2022,50132.56
214,3,2023,52021.75
215,3,1980,14.91
215,3,1981,15.03
215,3,1982,14.99
215,3,1983,15.21
215,3,1984,15.73
215,3,1985,16.7
215,3,1986,16.69
215,3,1987,17.48
215,3,1988,19.96
215,3,1989,20.84
215,3,1990,21.71
215,3,1991,22.08
215,3,1992,22.47
215,3,1993,22.97
215,3,1994,23.27
215,3,1995,22.56
215,3,1996,23.42
215,3,1997,24.48
215,3,1998,25.94
215,3,1999,28.04
215,3,2000,29.47
215,3,2001,32.74
215,3,2002,33.71
215,3,2003,35.92
215,3,2004,39.72
215,3,2005,42.48
215,3,2006,48.21
215,3,2007,50.62
215,3,2008,53.84
215,3,2009,57.76
215,3,2010,59.4
215,3,2011,58.51
215,3,2012,58.61
215,3,2013,58.19
215,3,2014,61.37
215,3,2015,60.6
215,3,2016,58.71
215,3,2017,60.28
215,3,2018,60.23
215,3,2019,59.23
215,3,2020,63.48
215,3,2021,63.11
215,3,2022,59.22
215,3,2023,58.95
216,3,1980,1062.05
216,3,1981,1082.91
216,3,1982,1097.1
216,3,1983,1145.45
216,3,1984,1206.77
216,3,1985,1268.96
216,3,1986,1275.31
216,3,1987,1330.38
216,3,1988,1421.42
216,3,1989,1581.23
216,3,1990,1578.93
216,3,1991,1651.33
216,3,1992,1708.37
216,3,1993,1739.66
216,3,1994,1801.02
216,3,1995,1817.43
216,3,1996,1889.66
216,3,1997,1897.87
216,3,1998,1917.22
216,3,1999,1912.62
216,3,2000,1791.42
216,3,2001,2219.84
216,3,2002,2213
216,3,2003,1988.87
216,3,2004,2156.95
216,3,2005,2114.91
216,3,2006,2031.12
216,3,2007,2086.32
216,3,2008,2079.66
216,3,2009,2076.11
216,3,2010,1931.89
216,3,2011,1932.91
216,3,2012,1848.91
216,3,2013,1884.42
216,3,2014,2080.57
216,3,2015,1784.46
216,3,2016,1912.31
216,3,2017,1977.51
216,3,2018,2323.8
216,3,2019,2559.67
216,3,2020,2552.55
216,3,2021,2631.19
216,3,2022,3036.8
216,3,2023,3311.66
217,3,1980,589.21
217,3,1981,606
217,3,1982,626.58
217,3,1983,649.69
217,3,1984,674.03
217,3,1985,698.85
217,3,1986,717.78
217,3,1987,741.59
217,3,1988,757.03
217,3,1989,767.83
217,3,1990,781.02
217,3,1991,818
217,3,1992,814.01
217,3,1993,754.81
217,3,1994,734.14
217,3,1995,734.98
217,3,1996,717.91
217,3,1997,685.41
217,3,1998,698.7
217,3,1999,682.67
217,3,2000,662.14
217,3,2001,668.45
217,3,2002,717.78
217,3,2003,776.42
217,3,2004,860.83
217,3,2005,921.82
217,3,2006,1001.65
217,3,2007,1068.78
217,3,2008,1102.41
217,3,2009,1186.43
217,3,2010,1311.47
217,3,2011,1399.29
217,3,2012,1564.52
217,3,2013,1763.3
217,3,2014,1881.94
217,3,2015,1867.24
217,3,2016,1972.85
217,3,2017,2084.31
217,3,2018,2113.52
217,3,2019,2197.76
217,3,2020,2158.94
217,3,2021,2193.92
217,3,2022,2210.31
217,3,2023,2306.99
218,3,1980,591.57
218,3,1981,605.44
218,3,1982,621.69
218,3,1983,642.51
218,3,1984,664.5
218,3,1985,692.46
218,3,1986,718.74
218,3,1987,742.83
218,3,1988,775.55
218,3,1989,802.89
218,3,1990,832.63
218,3,1991,862.39
218,3,1992,891.82
218,3,1993,916.64
218,3,1994,942.39
218,3,1995,979.23
218,3,1996,1024.99
218,3,1997,1076.74
218,3,1998,1147.65
218,3,1999,1212.17
218,3,2000,1300.2
218,3,2001,1374.18
218,3,2002,1478.66
218,3,2003,1511.91
218,3,2004,1543.47
218,3,2005,1614.66
218,3,2006,1670.12
218,3,2007,1674.05
218,3,2008,1760.84
218,3,2009,1885.33
218,3,2010,2010.1
218,3,2011,2080.25
218,3,2012,2099.63
218,3,2013,2103.59
218,3,2014,2127.13
218,3,2015,2205.36
218,3,2016,2350.93
218,3,2017,2516.3
218,3,2018,2603.48
218,3,2019,2736.77
218,3,2020,2753.71
218,3,2021,2891.22
218,3,2022,3076.78
218,3,2023,3173.32
298,3,1980,4.21
298,3,1981,4.34
298,3,1982,4.55
298,3,1983,4.72
298,3,1984,4.96
298,3,1985,5.12
298,3,1986,5.46
298,3,1987,5.73
298,3,1988,5.83
298,3,1989,5.96
298,3,1990,6.01
298,3,1991,5.99
298,3,1992,6.11
298,3,1993,6.18
298,3,1994,6.11
298,3,1995,6.07
298,3,1996,6.02
298,3,1997,6.02
298,3,1998,6.02
298,3,1999,5.93
298,3,2000,5.7
298,3,2001,5.61
298,3,2002,5.39
298,3,2003,5.35
298,3,2004,5.27
298,3,2005,5.07
298,3,2006,4.94
298,3,2007,4.81
298,3,2008,4.66
298,3,2009,4.52
298,3,2010,4.41
298,3,2011,4.31
298,3,2012,4.17
298,3,2013,4.15
298,3,2014,4.14
298,3,2015,3.99
298,3,2016,4.09
298,3,2017,4.18
298,3,2018,4.15
298,3,2019,4.2
298,3,2020,4.29
298,3,2021,4.67
298,3,2022,4.29
298,3,2023,4.16
305,3,1980,13.47
305,3,1981,13.21
305,3,1982,12.75
305,3,1983,12.71
305,3,1984,12.52
305,3,1985,12.8
305,3,1986,13.16
305,3,1987,13.38
305,3,1988,13.42
305,3,1989,13.19
305,3,1990,12.48
305,3,1991,11.94
305,3,1992,12.01
305,3,1993,11.72
305,3,1994,11.45
305,3,1995,10.5
305,3,1996,10.35
305,3,1997,10.09
305,3,1998,9.76
305,3,1999,9.25
305,3,2000,8.93
305,3,2001,8.37
305,3,2002,7.98
305,3,2003,7.74
305,3,2004,7.45
305,3,2005,7.87
305,3,2006,7.42
305,3,2007,7
305,3,2008,7.19
305,3,2009,7.15
305,3,2010,6.92
305,3,2011,7.04
305,3,2012,6.69
305,3,2013,6.85
305,3,2014,7.16
305,3,2015,7.29
305,3,2016,7.54
305,3,2017,7.51
305,3,2018,7.52
305,3,2019,7.55
305,3,2020,7.44
305,3,2021,7.54
305,3,2022,7.65
305,3,2023,7.93
320,3,1980,7.16
320,3,1981,7.12
320,3,1982,7.2
320,3,1983,7.24
320,3,1984,7.32
320,3,1985,7.4
320,3,1986,7.52
320,3,1987,7.58
320,3,1988,7.66
320,3,1989,7.52
320,3,1990,7.33
320,3,1991,7.15
320,3,1992,7.07
320,3,1993,7.01
320,3,1994,6.92
320,3,1995,6.97
320,3,1996,6.98
320,3,1997,6.8
320,3,1998,6.42
320,3,1999,6.3
320,3,2000,6.24
320,3,2001,6.11
320,3,2002,6.08
320,3,2003,6.13
320,3,2004,6.18
320,3,2005,6.1
320,3,2006,5.95
320,3,2007,5.67
320,3,2008,5.33
320,3,2009,5.37
320,3,2010,5.2
320,3,2011,5.01
320,3,2012,4.96
320,3,2013,5.15
320,3,2014,5.11
320,3,2015,4.85
320,3,2016,4.69
320,3,2017,4.44
320,3,2018,4.27
320,3,2019,4.05
320,3,2020,4.02
320,3,2021,4.25
320,3,2022,3.97
320,3,2023,3.94
349,3,1980,7.19
349,3,1981,7.48
349,3,1982,7.79
349,3,1983,7.96
349,3,1984,8.02
349,3,1985,8.02
349,3,1986,8
349,3,1987,8.04
349,3,1988,8.1
349,3,1989,7.9
349,3,1990,7.53
349,3,1991,7.15
349,3,1992,6.73
349,3,1993,6.39
349,3,1994,6.11
349,3,1995,5.85
349,3,1996,5.61
349,3,1997,5.38
349,3,1998,5.24
349,3,1999,5.13
349,3,2000,5.05
349,3,2001,5.4
349,3,2002,4.8
349,3,2003,4.62
349,3,2004,4.32
349,3,2005,4.07
349,3,2006,3.99
349,3,2007,3.72
349,3,2008,3.58
349,3,2009,3.68
349,3,2010,3.41
349,3,2011,3.37
349,3,2012,3.24
349,3,2013,3.32
349,3,2014,3.26
349,3,2015,3.26
349,3,2016,3.24
349,3,2017,3.28
349,3,2018,3.32
349,3,2019,3.3
349,3,2020,3.42
349,3,2021,3.6
349,3,2022,3.43
349,3,2023,3.25
351,3,1980,18.07
351,3,1981,18.71
351,3,1982,19.27
351,3,1983,19.54
351,3,1984,20.05
351,3,1985,20.69
351,3,1986,21.18
351,3,1987,21.92
351,3,1988,22.82
351,3,1989,24.25
351,3,1990,25.07
351,3,1991,25.21
351,3,1992,25.89
351,3,1993,26.06
351,3,1994,24.93
351,3,1995,22.5
351,3,1996,21.92
351,3,1997,23.81
351,3,1998,24.7
351,3,1999,22.78
351,3,2000,19.87
351,3,2001,19.16
351,3,2002,17.67
351,3,2003,19.9
351,3,2004,21.68
351,3,2005,21.78
351,3,2006,21.48
351,3,2007,20.36
351,3,2008,18.27
351,3,2009,16.43
351,3,2010,17.37
351,3,2011,16.96
351,3,2012,16.11
351,3,2013,17.4
351,3,2014,17.97
351,3,2015,13.89
351,3,2016,14.78
351,3,2017,19.04
351,3,2018,20.24
351,3,2019,16.69
351,3,2020,15.49
351,3,2021,16.85
351,3,2022,14.85
351,3,2023,14.37
367,3,1980,3.57
367,3,1981,3.6
367,3,1982,3.61
367,3,1983,3.6
367,3,1984,3.66
367,3,1985,3.72
367,3,1986,3.79
367,3,1987,3.76
367,3,1988,3.75
367,3,1989,3.72
367,3,1990,3.66
367,3,1991,3.6
367,3,1992,3.5
367,3,1993,3.42
367,3,1994,3.29
367,3,1995,3.15
367,3,1996,3.02
367,3,1997,2.89
367,3,1998,2.71
367,3,1999,2.56
367,3,2000,2.42
367,3,2001,2.3
367,3,2002,2.24
367,3,2003,2.23
367,3,2004,2.23
367,3,2005,2.27
367,3,2006,2.27
367,3,2007,2.3
367,3,2008,2.34
367,3,2009,2.3
367,3,2010,2.32
367,3,2011,2.31
367,3,2012,2.3
367,3,2013,2.32
367,3,2014,2.32
367,3,2015,2.35
367,3,2016,2.3
367,3,2017,2.27
367,3,2018,2.27
367,3,2019,2.28
367,3,2020,2.29
367,3,2021,2.35
367,3,2022,2.35
367,3,2023,2.43
369,3,1980,5.97
369,3,1981,5.94
369,3,1982,5.93
369,3,1983,5.98
369,3,1984,6.03
369,3,1985,6.35
369,3,1986,6.36
369,3,1987,6.37
369,3,1988,6.39
369,3,1989,6.41
369,3,1990,6.54
369,3,1991,6.66
369,3,1992,7.02
369,3,1993,7.05
369,3,1994,7.28
369,3,1995,7.08
369,3,1996,7.26
369,3,1997,7.27
369,3,1998,7.35
369,3,1999,7.39
369,3,2000,7.44
369,3,2001,7.43
369,3,2002,7.46
369,3,2003,7.33
369,3,2004,7.23
369,3,2005,7.18
369,3,2006,7.31
369,3,2007,7.24
369,3,2008,7.27
369,3,2009,7.35
369,3,2010,7.47
369,3,2011,7.62
369,3,2012,7.45
369,3,2013,7.32
369,3,2014,7.16
369,3,2015,7.07
369,3,2016,6.98
369,3,2017,6.78
369,3,2018,6.95
369,3,2019,6.99
369,3,2020,7.35
369,3,2021,8.24
369,3,2022,7.55
369,3,2023,7.64
374,3,1980,0.69
374,3,1981,0.66
374,3,1982,0.64
374,3,1983,0.61
374,3,1984,0.57
374,3,1985,0.51
374,3,1986,0.46
374,3,1987,0.43
374,3,1988,0.41
374,3,1989,0.4
374,3,1990,0.38
374,3,1991,0.36
374,3,1992,0.36
374,3,1993,0.36
374,3,1994,0.35
374,3,1995,0.34
374,3,1996,0.33
374,3,1997,0.32
374,3,1998,0.31
374,3,1999,0.29
374,3,2000,0.27
374,3,2001,0.26
374,3,2002,0.25
374,3,2003,0.24
374,3,2004,0.23
374,3,2005,0.23
374,3,2006,0.22
374,3,2007,0.22
374,3,2008,0.22
374,3,2009,0.21
374,3,2010,0.21
374,3,2011,0.2
374,3,2012,0.2
374,3,2013,0.19
374,3,2014,0.19
374,3,2015,0.19
374,3,2016,0.18
374,3,2017,0.18
374,3,2018,0.18
374,3,2019,0.18
374,3,2020,0.17
374,3,2021,0.18
374,3,2022,0.18
374,3,2023,0.18
376,3,1980,5.45
376,3,1981,5.97
376,3,1982,6.25
376,3,1983,6.78
376,3,1984,7.2
376,3,1985,7.8
376,3,1986,8.63
376,3,1987,9.65
376,3,1988,10.62
376,3,1989,11.22
376,3,1990,11.76
376,3,1991,11.78
376,3,1992,11.47
376,3,1993,11.06
376,3,1994,10.94
376,3,1995,11.29
376,3,1996,12.18
376,3,1997,13.27
376,3,1998,14.27
376,3,1999,15.08
376,3,2000,15.07
376,3,2001,14.41
376,3,2002,12.75
376,3,2003,11.33
376,3,2004,10.69
376,3,2005,10.26
376,3,2006,9.72
376,3,2007,9.26
376,3,2008,8.8
376,3,2009,8.33
376,3,2010,7.98
376,3,2011,7.85
376,3,2012,7.58
376,3,2013,7.52
376,3,2014,7.52
376,3,2015,7.86
376,3,2016,7.41
376,3,2017,7.1
376,3,2018,6.97
376,3,2019,7.02
376,3,2020,7.27
376,3,2021,7.43
376,3,2022,6.83
376,3,2023,7.01
380,3,1980,3.03
380,3,1981,3.05
380,3,1982,3.08
380,3,1983,3.14
380,3,1984,3.16
380,3,1985,3.2
380,3,1986,3.23
380,3,1987,3.21
380,3,1988,3.25
380,3,1989,3.27
380,3,1990,3.29
380,3,1991,3.3
380,3,1992,3.31
380,3,1993,3.33
380,3,1994,3.37
380,3,1995,3.42
380,3,1996,3.46
380,3,1997,3.5
380,3,1998,3.54
380,3,1999,3.57
380,3,2000,3.6
380,3,2001,3.63
380,3,2002,3.64
380,3,2003,3.64
380,3,2004,3.6
380,3,2005,3.52
380,3,2006,3.42
380,3,2007,3.3
380,3,2008,3.13
380,3,2009,2.97
380,3,2010,2.81
380,3,2011,2.67
380,3,2012,2.56
380,3,2013,2.88
380,3,2014,2.85
380,3,2015,2.82
380,3,2016,2.81
380,3,2017,2.79
380,3,2018,2.8
380,3,2019,2.85
380,3,2020,2.93
380,3,2021,3.16
380,3,2022,2.96
380,3,2023,2.96
385,3,1980,610.7
385,3,1981,571.06
385,3,1982,556.69
385,3,1983,582.07
385,3,1984,606.89
385,3,1985,630.74
385,3,1986,664.1
385,3,1987,713.08
385,3,1988,709.74
385,3,1989,708.5
385,3,1990,688.31
385,3,1991,677.22
385,3,1992,692.58
385,3,1993,690.83
385,3,1994,704.96
385,3,1995,693.43
385,3,1996,677.58
385,3,1997,642.96
385,3,1998,600.28
385,3,1999,600.83
385,3,2000,577.82
385,3,2001,532.03
385,3,2002,527.42
385,3,2003,503.59
385,3,2004,493.16
385,3,2005,487.87
385,3,2006,481.83
385,3,2007,456.31
385,3,2008,433.7
385,3,2009,414.24
385,3,2010,414.67
385,3,2011,409.08
385,3,2012,403.75
385,3,2013,398.14
385,3,2014,405.98
385,3,2015,407.19
385,3,2016,381.82
385,3,2017,378.17
385,3,2018,376.03
385,3,2019,326.71
385,3,2020,319.46
385,3,2021,337.43
385,3,2022,327.12
385,3,2023,316.89
393,3,1980,8.04
393,3,1981,7.25
393,3,1982,6.99
393,3,1983,6.9
393,3,1984,6.67
393,3,1985,6.64
393,3,1986,6.69
393,3,1987,6.81
393,3,1988,6.73
393,3,1989,6.63
393,3,1990,6.22
393,3,1991,5.97
393,3,1992,6.08
393,3,1993,6.06
393,3,1994,6.21
393,3,1995,6.06
393,3,1996,6.07
393,3,1997,5.9
393,3,1998,5.83
393,3,1999,5.86
393,3,2000,5.74
393,3,2001,5.56
393,3,2002,5.59
393,3,2003,5.31
393,3,2004,5.14
393,3,2005,5.36
393,3,2006,5.07
393,3,2007,4.84
393,3,2008,4.79
393,3,2009,4.86
393,3,2010,4.98
393,3,2011,5
393,3,2012,4.92
393,3,2013,5.01
393,3,2014,5.31
393,3,2015,5.35
393,3,2016,5.25
393,3,2017,5.16
393,3,2018,5.02
393,3,2019,4.86
393,3,2020,4.89
393,3,2021,4.85
393,3,2022,4.5
393,3,2023,4.45
396,3,1980,3.2
396,3,1981,3.21
396,3,1982,3.25
396,3,1983,3.27
396,3,1984,3.3
396,3,1985,3.34
396,3,1986,3.36
396,3,1987,3.36
396,3,1988,3.39
396,3,1989,3.38
396,3,1990,3.23
396,3,1991,3.19
396,3,1992,3.15
396,3,1993,3.18
396,3,1994,3.15
396,3,1995,3.11
396,3,1996,3.06
396,3,1997,3.03
396,3,1998,2.99
396,3,1999,2.96
396,3,2000,2.93
396,3,2001,2.89
396,3,2002,2.8
396,3,2003,2.74
396,3,2004,2.6
396,3,2005,2.54
396,3,2006,2.45
396,3,2007,2.37
396,3,2008,2.29
396,3,2009,2.24
396,3,2010,2.12
396,3,2011,2.07
396,3,2012,2.03
396,3,2013,1.95
396,3,2014,1.91
396,3,2015,1.88
396,3,2016,1.87
396,3,2017,1.9
396,3,2018,1.87
396,3,2019,1.84
396,3,2020,1.8
396,3,2021,1.96
396,3,2022,1.84
396,3,2023,2.21
413,3,1980,0.19
413,3,1981,0.19
413,3,1982,0.19
413,3,1983,0.19
413,3,1984,0.19
413,3,1985,0.19
413,3,1986,0.19
413,3,1987,0.19
413,3,1988,0.19
413,3,1989,0.18
413,3,1990,0.18
413,3,1991,0.17
413,3,1992,0.17
413,3,1993,0.17
413,3,1994,0.16
413,3,1995,0.16
413,3,1996,0.16
413,3,1997,0.15
413,3,1998,0.15
413,3,1999,0.15
413,3,2000,0.15
413,3,2001,0.15
413,3,2002,0.15
413,3,2003,0.15
413,3,2004,0.15
413,3,2005,0.15
413,3,2006,0.15
413,3,2007,0.14
413,3,2008,0.14
413,3,2009,0.14
413,3,2010,0.13
413,3,2011,0.13
413,3,2012,0.12
413,3,2013,0.12
413,3,2014,0.12
413,3,2015,0.12
413,3,2016,0.12
413,3,2017,0.12
413,3,2018,0.12
413,3,2019,0.12
413,3,2020,0.11
413,3,2021,0.12
413,3,2022,0.12
413,3,2023,0.13
416,3,1980,3.31
416,3,1981,3.49
416,3,1982,3.56
416,3,1983,3.67
416,3,1984,3.75
416,3,1985,3.81
416,3,1986,3.84
416,3,1987,3.9
416,3,1988,3.95
416,3,1989,3.98
416,3,1990,3.93
416,3,1991,4.06
416,3,1992,4.14
416,3,1993,4.24
416,3,1994,4.33
416,3,1995,4.4
416,3,1996,4.48
416,3,1997,4.56
416,3,1998,4.65
416,3,1999,4.86
416,3,2000,4.98
416,3,2001,5.04
416,3,2002,5.12
416,3,2003,5.14
416,3,2004,5.15
416,3,2005,5.28
416,3,2006,5.57
416,3,2007,5.65
416,3,2008,5.73
416,3,2009,5.51
416,3,2010,5.28
416,3,2011,4.88
416,3,2012,4.64
416,3,2013,4.4
416,3,2014,4.16
416,3,2015,3.93
416,3,2016,3.61
416,3,2017,3.52
416,3,2018,3.39
416,3,2019,3.25
416,3,2020,3.29
416,3,2021,3.75
416,3,2022,3.64
416,3,2023,3.61
422,3,1980,23.01
422,3,1981,23.39
422,3,1982,23.05
422,3,1983,23.26
422,3,1984,23.36
422,3,1985,23.25
422,3,1986,23.17
422,3,1987,23.17
422,3,1988,22.95
422,3,1989,22.64
422,3,1990,21.82
422,3,1991,21.59
422,3,1992,21.6
422,3,1993,21.7
422,3,1994,21.25
422,3,1995,20.79
422,3,1996,20.65
422,3,1997,19.7
422,3,1998,19.66
422,3,1999,19.52
422,3,2000,19.34
422,3,2001,18.69
422,3,2002,17.75
422,3,2003,16.61
422,3,2004,15.95
422,3,2005,15.98
422,3,2006,14.8
422,3,2007,14.56
422,3,2008,14.18
422,3,2009,14.08
422,3,2010,14.21
422,3,2011,14.39
422,3,2012,14.54
422,3,2013,14.65
422,3,2014,15.09
422,3,2015,14.98
422,3,2016,14.6
422,3,2017,14
422,3,2018,12.57
422,3,2019,10.24
422,3,2020,9.39
422,3,2021,10.12
422,3,2022,10.67
422,3,2023,10.45
435,3,1980,1782.32
435,3,1981,1829.8
435,3,1982,1888.03
435,3,1983,1954.83
435,3,1984,1976.91
435,3,1985,2289.59
435,3,1986,2394.18
435,3,1987,2452.42
435,3,1988,2460.93
435,3,1989,2538.66
435,3,1990,2350.78
435,3,1991,2357.72
435,3,1992,2442.73
435,3,1993,2504.75
435,3,1994,2558
435,3,1995,2742.96
435,3,1996,2733.01
435,3,1997,2568.44
435,3,1998,2571.92
435,3,1999,2563.26
435,3,2000,2595.81
435,3,2001,2477.21
435,3,2002,2456.94
435,3,2003,2551.45
435,3,2004,2651.09
435,3,2005,2683.85
435,3,2006,2848.79
435,3,2007,2941.08
435,3,2008,3010.65
435,3,2009,3154.47
435,3,2010,3277.8
435,3,2011,3377.69
435,3,2012,3543.16
435,3,2013,3757.38
435,3,2014,3972.3
435,3,2015,4023.14
435,3,2016,4014.03
435,3,2017,3877.55
435,3,2018,3543.95
435,3,2019,3474.5
435,3,2020,3779.03
435,3,2021,3921.15
435,3,2022,4380.65
435,3,2023,4670.2
522,3,1980,5669.81
522,3,1981,5816.12
522,3,1982,5952.71
522,3,1983,6031.46
522,3,1984,6160.96
522,3,1985,6325.45
522,3,1986,6652.67
522,3,1987,6901.81
522,3,1988,7006.24
522,3,1989,7095.38
522,3,1990,7233.78
522,3,1991,7520.85
522,3,1992,7803.16
522,3,1993,8032.58
522,3,1994,8075.01
522,3,1995,8132.3
522,3,1996,8173.21
522,3,1997,8040.06
522,3,1998,7958.16
522,3,1999,7870.99
522,3,2000,7839.21
522,3,2001,7745.66
522,3,2002,7747.76
522,3,2003,7501.26
522,3,2004,7408.9
522,3,2005,7372.16
522,3,2006,7391.96
522,3,2007,7389.97
522,3,2008,7542.31
522,3,2009,7593.28
522,3,2010,7786.45
522,3,2011,7732.76
522,3,2012,7573.81
522,3,2013,7671.28
522,3,2014,7913.87
522,3,2015,7997.17
522,3,2016,8152.58
522,3,2017,8323.18
522,3,2018,8591.78
522,3,2019,8906.28
522,3,2020,9234.11
522,3,2021,9432.5
522,3,2022,9401.94
522,3,2023,9508.55
