location,sex,year,interpersonal_violence_deaths_rate_age_standardized
6,1,1980,6.27
6,1,1981,6.16
6,1,1982,5.99
6,1,1983,5.76
6,1,1984,5.45
6,1,1985,5.26
6,1,1986,5.05
6,1,1987,5
6,1,1988,4.89
6,1,1989,4.83
6,1,1990,4.78
6,1,1991,4.63
6,1,1992,4.45
6,1,1993,4.29
6,1,1994,4.2
6,1,1995,4.01
6,1,1996,3.78
6,1,1997,3.65
6,1,1998,3.56
6,1,1999,3.4
6,1,2000,3.24
6,1,2001,3.03
6,1,2002,2.9
6,1,2003,2.87
6,1,2004,2.79
6,1,2005,2.57
6,1,2006,2.32
6,1,2007,2.11
6,1,2008,1.9
6,1,2009,1.78
6,1,2010,1.57
6,1,2011,1.36
6,1,2012,1.2
6,1,2013,1.08
6,1,2014,0.98
6,1,2015,0.89
6,1,2016,0.82
6,1,2017,0.76
6,1,2018,0.7
6,1,2019,0.66
6,1,2020,0.64
6,1,2021,0.62
6,1,2022,0.64
6,1,2023,0.6
6,2,1980,4.14
6,2,1981,4.08
6,2,1982,3.9
6,2,1983,3.76
6,2,1984,3.59
6,2,1985,3.45
6,2,1986,3.32
6,2,1987,3.22
6,2,1988,3.14
6,2,1989,3.1
6,2,1990,3.01
6,2,1991,2.91
6,2,1992,2.79
6,2,1993,2.7
6,2,1994,2.66
6,2,1995,2.54
6,2,1996,2.42
6,2,1997,2.33
6,2,1998,2.24
6,2,1999,2.14
6,2,2000,1.99
6,2,2001,1.8
6,2,2002,1.67
6,2,2003,1.58
6,2,2004,1.48
6,2,2005,1.34
6,2,2006,1.19
6,2,2007,1.06
6,2,2008,0.96
6,2,2009,0.9
6,2,2010,0.8
6,2,2011,0.72
6,2,2012,0.64
6,2,2013,0.58
6,2,2014,0.53
6,2,2015,0.49
6,2,2016,0.46
6,2,2017,0.43
6,2,2018,0.4
6,2,2019,0.38
6,2,2020,0.37
6,2,2021,0.36
6,2,2022,0.37
6,2,2023,0.35
6,3,1980,5.23
6,3,1981,5.14
6,3,1982,4.97
6,3,1983,4.78
6,3,1984,4.54
6,3,1985,4.38
6,3,1986,4.21
6,3,1987,4.14
6,3,1988,4.03
6,3,1989,3.99
6,3,1990,3.92
6,3,1991,3.8
6,3,1992,3.64
6,3,1993,3.52
6,3,1994,3.45
6,3,1995,3.3
6,3,1996,3.12
6,3,1997,3.01
6,3,1998,2.91
6,3,1999,2.78
6,3,2000,2.63
6,3,2001,2.43
6,3,2002,2.3
6,3,2003,2.24
6,3,2004,2.15
6,3,2005,1.97
6,3,2006,1.77
6,3,2007,1.59
6,3,2008,1.44
6,3,2009,1.35
6,3,2010,1.19
6,3,2011,1.05
6,3,2012,0.93
6,3,2013,0.83
6,3,2014,0.76
6,3,2015,0.7
6,3,2016,0.64
6,3,2017,0.6
6,3,2018,0.56
6,3,2019,0.52
6,3,2020,0.51
6,3,2021,0.49
6,3,2022,0.51
6,3,2023,0.48
7,1,1980,5
7,1,1981,4.94
7,1,1982,4.95
7,1,1983,4.89
7,1,1984,4.75
7,1,1985,4.7
7,1,1986,4.63
7,1,1987,4.64
7,1,1988,4.65
7,1,1989,4.73
7,1,1990,4.71
7,1,1991,4.67
7,1,1992,4.71
7,1,1993,4.72
7,1,1994,4.86
7,1,1995,4.79
7,1,1996,4.82
7,1,1997,4.94
7,1,1998,5.1
7,1,1999,5.08
7,1,2000,5.02
7,1,2001,5.05
7,1,2002,5.08
7,1,2003,4.97
7,1,2004,4.87
7,1,2005,4.63
7,1,2006,4.62
7,1,2007,4.56
7,1,2008,4.48
7,1,2009,4.4
7,1,2010,4.28
7,1,2011,4.2
7,1,2012,4.09
7,1,2013,4.02
7,1,2014,4.08
7,1,2015,4.08
7,1,2016,4.07
7,1,2017,4.04
7,1,2018,4.02
7,1,2019,4.08
7,1,2020,4.03
7,1,2021,4.08
7,1,2022,3.87
7,1,2023,3.71
7,2,1980,2.43
7,2,1981,2.38
7,2,1982,2.34
7,2,1983,2.3
7,2,1984,2.25
7,2,1985,2.21
7,2,1986,2.17
7,2,1987,2.14
7,2,1988,2.11
7,2,1989,2.09
7,2,1990,2.05
7,2,1991,2.02
7,2,1992,2.01
7,2,1993,1.98
7,2,1994,1.98
7,2,1995,1.94
7,2,1996,1.93
7,2,1997,1.92
7,2,1998,1.93
7,2,1999,1.92
7,2,2000,1.91
7,2,2001,1.91
7,2,2002,1.91
7,2,2003,1.88
7,2,2004,1.85
7,2,2005,1.81
7,2,2006,1.81
7,2,2007,1.8
7,2,2008,1.79
7,2,2009,1.77
7,2,2010,1.72
7,2,2011,1.68
7,2,2012,1.63
7,2,2013,1.6
7,2,2014,1.6
7,2,2015,1.59
7,2,2016,1.57
7,2,2017,1.54
7,2,2018,1.53
7,2,2019,1.53
7,2,2020,1.52
7,2,2021,1.53
7,2,2022,1.45
7,2,2023,1.39
7,3,1980,3.67
7,3,1981,3.61
7,3,1982,3.6
7,3,1983,3.56
7,3,1984,3.47
7,3,1985,3.42
7,3,1986,3.37
7,3,1987,3.36
7,3,1988,3.36
7,3,1989,3.39
7,3,1990,3.35
7,3,1991,3.32
7,3,1992,3.34
7,3,1993,3.33
7,3,1994,3.4
7,3,1995,3.35
7,3,1996,3.36
7,3,1997,3.41
7,3,1998,3.5
7,3,1999,3.48
7,3,2000,3.45
7,3,2001,3.46
7,3,2002,3.48
7,3,2003,3.4
7,3,2004,3.34
7,3,2005,3.2
7,3,2006,3.2
7,3,2007,3.16
7,3,2008,3.12
7,3,2009,3.07
7,3,2010,2.99
7,3,2011,2.92
7,3,2012,2.85
7,3,2013,2.8
7,3,2014,2.83
7,3,2015,2.82
7,3,2016,2.81
7,3,2017,2.78
7,3,2018,2.76
7,3,2019,2.79
7,3,2020,2.76
7,3,2021,2.79
7,3,2022,2.65
7,3,2023,2.54
8,1,1980,2.99
8,1,1981,3.36
8,1,1982,3.37
8,1,1983,3.05
8,1,1984,2.8
8,1,1985,2.67
8,1,1986,2.67
8,1,1987,2.74
8,1,1988,3.34
8,1,1989,3.75
8,1,1990,3.39
8,1,1991,2.92
8,1,1992,2.69
8,1,1993,2.64
8,1,1994,2.83
8,1,1995,2.73
8,1,1996,2.72
8,1,1997,2.67
8,1,1998,2.72
8,1,1999,2.51
8,1,2000,2.38
8,1,2001,2.19
8,1,2002,2.1
8,1,2003,2.06
8,1,2004,2.07
8,1,2005,1.98
8,1,2006,1.8
8,1,2007,1.61
8,1,2008,1.62
8,1,2009,1.51
8,1,2010,1.39
8,1,2011,1.23
8,1,2012,1.25
8,1,2013,1.22
8,1,2014,1.19
8,1,2015,1.14
8,1,2016,1.07
8,1,2017,1.06
8,1,2018,1.03
8,1,2019,1.03
8,1,2020,0.98
8,1,2021,1.01
8,1,2022,1.02
8,1,2023,1.08
8,2,1980,0.82
8,2,1981,0.81
8,2,1982,1.01
8,2,1983,1
8,2,1984,0.94
8,2,1985,1.04
8,2,1986,1.06
8,2,1987,1.03
8,2,1988,1.19
8,2,1989,1.31
8,2,1990,1.27
8,2,1991,1.21
8,2,1992,1.03
8,2,1993,1.07
8,2,1994,1.17
8,2,1995,1.13
8,2,1996,1.08
8,2,1997,1.14
8,2,1998,1.21
8,2,1999,1.21
8,2,2000,1.14
8,2,2001,1.01
8,2,2002,0.94
8,2,2003,0.95
8,2,2004,0.87
8,2,2005,0.85
8,2,2006,0.82
8,2,2007,0.73
8,2,2008,0.69
8,2,2009,0.66
8,2,2010,0.6
8,2,2011,0.54
8,2,2012,0.55
8,2,2013,0.54
8,2,2014,0.54
8,2,2015,0.51
8,2,2016,0.49
8,2,2017,0.49
8,2,2018,0.49
8,2,2019,0.48
8,2,2020,0.47
8,2,2021,0.49
8,2,2022,0.48
8,2,2023,0.51
8,3,1980,1.95
8,3,1981,2.14
8,3,1982,2.24
8,3,1983,2.07
8,3,1984,1.91
8,3,1985,1.89
8,3,1986,1.89
8,3,1987,1.92
8,3,1988,2.3
8,3,1989,2.57
8,3,1990,2.36
8,3,1991,2.09
8,3,1992,1.89
8,3,1993,1.88
8,3,1994,2.02
8,3,1995,1.95
8,3,1996,1.92
8,3,1997,1.92
8,3,1998,1.98
8,3,1999,1.87
8,3,2000,1.77
8,3,2001,1.61
8,3,2002,1.53
8,3,2003,1.51
8,3,2004,1.48
8,3,2005,1.42
8,3,2006,1.31
8,3,2007,1.17
8,3,2008,1.16
8,3,2009,1.08
8,3,2010,0.99
8,3,2011,0.89
8,3,2012,0.9
8,3,2013,0.88
8,3,2014,0.86
8,3,2015,0.82
8,3,2016,0.78
8,3,2017,0.78
8,3,2018,0.76
8,3,2019,0.75
8,3,2020,0.72
8,3,2021,0.75
8,3,2022,0.75
8,3,2023,0.79
10,1,1980,12.19
10,1,1981,12.27
10,1,1982,12.23
10,1,1983,12.37
10,1,1984,12.23
10,1,1985,12.12
10,1,1986,12.04
10,1,1987,12.08
10,1,1988,11.85
10,1,1989,11.65
10,1,1990,11.58
10,1,1991,11.34
10,1,1992,11.17
10,1,1993,10.95
10,1,1994,11.03
10,1,1995,11.11
10,1,1996,11.09
10,1,1997,11.13
10,1,1998,10.95
10,1,1999,9.76
10,1,2000,8.83
10,1,2001,8.07
10,1,2002,7.47
10,1,2003,6.85
10,1,2004,6.44
10,1,2005,6.07
10,1,2006,5.72
10,1,2007,5.57
10,1,2008,5.39
10,1,2009,5.29
10,1,2010,5.26
10,1,2011,5.09
10,1,2012,5.09
10,1,2013,4.89
10,1,2014,4.73
10,1,2015,4.65
10,1,2016,4.55
10,1,2017,4.36
10,1,2018,4.26
10,1,2019,4.18
10,1,2020,4.05
10,1,2021,4.04
10,1,2022,4.23
10,1,2023,4.15
10,2,1980,3.42
10,2,1981,3.45
10,2,1982,3.47
10,2,1983,3.53
10,2,1984,3.52
10,2,1985,3.55
10,2,1986,3.55
10,2,1987,3.56
10,2,1988,3.6
10,2,1989,3.61
10,2,1990,3.63
10,2,1991,3.62
10,2,1992,3.63
10,2,1993,3.63
10,2,1994,3.63
10,2,1995,3.59
10,2,1996,3.56
10,2,1997,3.51
10,2,1998,3.41
10,2,1999,3.07
10,2,2000,2.72
10,2,2001,2.48
10,2,2002,2.28
10,2,2003,2.08
10,2,2004,1.96
10,2,2005,1.85
10,2,2006,1.74
10,2,2007,1.7
10,2,2008,1.61
10,2,2009,1.54
10,2,2010,1.48
10,2,2011,1.43
10,2,2012,1.43
10,2,2013,1.39
10,2,2014,1.32
10,2,2015,1.28
10,2,2016,1.24
10,2,2017,1.19
10,2,2018,1.17
10,2,2019,1.14
10,2,2020,1.1
10,2,2021,1.12
10,2,2022,1.17
10,2,2023,1.17
10,3,1980,7.27
10,3,1981,7.33
10,3,1982,7.32
10,3,1983,7.43
10,3,1984,7.39
10,3,1985,7.38
10,3,1986,7.35
10,3,1987,7.4
10,3,1988,7.34
10,3,1989,7.27
10,3,1990,7.26
10,3,1991,7.17
10,3,1992,7.11
10,3,1993,7.02
10,3,1994,7.08
10,3,1995,7.11
10,3,1996,7.09
10,3,1997,7.09
10,3,1998,6.97
10,3,1999,6.23
10,3,2000,5.61
10,3,2001,5.13
10,3,2002,4.75
10,3,2003,4.35
10,3,2004,4.1
10,3,2005,3.87
10,3,2006,3.65
10,3,2007,3.56
10,3,2008,3.43
10,3,2009,3.35
10,3,2010,3.31
10,3,2011,3.21
10,3,2012,3.21
10,3,2013,3.09
10,3,2014,2.98
10,3,2015,2.92
10,3,2016,2.86
10,3,2017,2.74
10,3,2018,2.68
10,3,2019,2.62
10,3,2020,2.54
10,3,2021,2.55
10,3,2022,2.67
10,3,2023,2.63
11,1,1980,3.24
11,1,1981,3.18
11,1,1982,3.15
11,1,1983,3.12
11,1,1984,3.05
11,1,1985,3.04
11,1,1986,3.03
11,1,1987,3.06
11,1,1988,3.04
11,1,1989,3.01
11,1,1990,2.99
11,1,1991,2.93
11,1,1992,2.9
11,1,1993,2.89
11,1,1994,2.85
11,1,1995,2.81
11,1,1996,2.77
11,1,1997,3.05
11,1,1998,2.8
11,1,1999,3.56
11,1,2000,3.16
11,1,2001,3.21
11,1,2002,2.86
11,1,2003,2.86
11,1,2004,2.9
11,1,2005,2.84
11,1,2006,2.81
11,1,2007,2.74
11,1,2008,2.59
11,1,2009,2.49
11,1,2010,2.39
11,1,2011,2.27
11,1,2012,2.14
11,1,2013,2.02
11,1,2014,1.91
11,1,2015,1.88
11,1,2016,1.88
11,1,2017,1.86
11,1,2018,1.84
11,1,2019,1.83
11,1,2020,1.84
11,1,2021,1.91
11,1,2022,1.79
11,1,2023,1.73
11,2,1980,0.97
11,2,1981,0.96
11,2,1982,0.96
11,2,1983,0.95
11,2,1984,0.94
11,2,1985,0.93
11,2,1986,0.93
11,2,1987,0.93
11,2,1988,0.92
11,2,1989,0.9
11,2,1990,0.89
11,2,1991,0.88
11,2,1992,0.87
11,2,1993,0.87
11,2,1994,0.86
11,2,1995,0.87
11,2,1996,0.88
11,2,1997,0.94
11,2,1998,0.91
11,2,1999,1.05
11,2,2000,1.01
11,2,2001,1.06
11,2,2002,0.89
11,2,2003,0.8
11,2,2004,0.77
11,2,2005,0.71
11,2,2006,0.68
11,2,2007,0.66
11,2,2008,0.65
11,2,2009,0.63
11,2,2010,0.62
11,2,2011,0.6
11,2,2012,0.61
11,2,2013,0.61
11,2,2014,0.63
11,2,2015,0.62
11,2,2016,0.61
11,2,2017,0.6
11,2,2018,0.6
11,2,2019,0.59
11,2,2020,0.61
11,2,2021,0.7
11,2,2022,0.62
11,2,2023,0.6
11,3,1980,2.08
11,3,1981,2.05
11,3,1982,2.03
11,3,1983,2.02
11,3,1984,1.98
11,3,1985,1.97
11,3,1986,1.96
11,3,1987,1.98
11,3,1988,1.96
11,3,1989,1.94
11,3,1990,1.93
11,3,1991,1.89
11,3,1992,1.87
11,3,1993,1.87
11,3,1994,1.84
11,3,1995,1.83
11,3,1996,1.81
11,3,1997,1.98
11,3,1998,1.84
11,3,1999,2.3
11,3,2000,2.07
11,3,2001,2.13
11,3,2002,1.87
11,3,2003,1.83
11,3,2004,1.83
11,3,2005,1.77
11,3,2006,1.74
11,3,2007,1.7
11,3,2008,1.62
11,3,2009,1.56
11,3,2010,1.5
11,3,2011,1.43
11,3,2012,1.38
11,3,2013,1.32
11,3,2014,1.27
11,3,2015,1.26
11,3,2016,1.25
11,3,2017,1.24
11,3,2018,1.22
11,3,2019,1.21
11,3,2020,1.24
11,3,2021,1.31
11,3,2022,1.21
11,3,2023,1.17
12,1,1980,22.9
12,1,1981,22.54
12,1,1982,22.31
12,1,1983,22.05
12,1,1984,21.68
12,1,1985,21.49
12,1,1986,21.32
12,1,1987,21.39
12,1,1988,21.34
12,1,1989,21.23
12,1,1990,21.36
12,1,1991,21.49
12,1,1992,21.29
12,1,1993,21.3
12,1,1994,21.29
12,1,1995,21.2
12,1,1996,20.9
12,1,1997,20.92
12,1,1998,21.31
12,1,1999,20.56
12,1,2000,20.06
12,1,2001,19.99
12,1,2002,19.41
12,1,2003,18.48
12,1,2004,17.36
12,1,2005,16.7
12,1,2006,15.95
12,1,2007,15.14
12,1,2008,14.28
12,1,2009,13.99
12,1,2010,13.55
12,1,2011,12.74
12,1,2012,12.44
12,1,2013,11.96
12,1,2014,11.66
12,1,2015,11.68
12,1,2016,11.34
12,1,2017,11.04
12,1,2018,10.71
12,1,2019,10.63
12,1,2020,10.47
12,1,2021,10.66
12,1,2022,10.15
12,1,2023,9.8
12,2,1980,6.01
12,2,1981,5.94
12,2,1982,5.88
12,2,1983,5.81
12,2,1984,5.72
12,2,1985,5.64
12,2,1986,5.57
12,2,1987,5.55
12,2,1988,5.52
12,2,1989,5.5
12,2,1990,5.51
12,2,1991,5.54
12,2,1992,5.52
12,2,1993,5.52
12,2,1994,5.48
12,2,1995,5.41
12,2,1996,5.3
12,2,1997,5.23
12,2,1998,5.2
12,2,1999,5.04
12,2,2000,4.83
12,2,2001,4.75
12,2,2002,4.58
12,2,2003,4.32
12,2,2004,4.08
12,2,2005,3.91
12,2,2006,3.74
12,2,2007,3.58
12,2,2008,3.45
12,2,2009,3.36
12,2,2010,3.22
12,2,2011,3.08
12,2,2012,2.96
12,2,2013,2.89
12,2,2014,2.85
12,2,2015,2.85
12,2,2016,2.8
12,2,2017,2.74
12,2,2018,2.68
12,2,2019,2.64
12,2,2020,2.63
12,2,2021,2.73
12,2,2022,2.61
12,2,2023,2.49
12,3,1980,14.08
12,3,1981,13.88
12,3,1982,13.74
12,3,1983,13.59
12,3,1984,13.37
12,3,1985,13.23
12,3,1986,13.11
12,3,1987,13.13
12,3,1988,13.1
12,3,1989,13.04
12,3,1990,13.1
12,3,1991,13.19
12,3,1992,13.1
12,3,1993,13.13
12,3,1994,13.13
12,3,1995,13.06
12,3,1996,12.88
12,3,1997,12.88
12,3,1998,13.07
12,3,1999,12.64
12,3,2000,12.3
12,3,2001,12.24
12,3,2002,11.88
12,3,2003,11.3
12,3,2004,10.64
12,3,2005,10.23
12,3,2006,9.78
12,3,2007,9.3
12,3,2008,8.81
12,3,2009,8.63
12,3,2010,8.35
12,3,2011,7.88
12,3,2012,7.67
12,3,2013,7.41
12,3,2014,7.24
12,3,2015,7.25
12,3,2016,7.06
12,3,2017,6.89
12,3,2018,6.7
12,3,2019,6.65
12,3,2020,6.56
12,3,2021,6.71
12,3,2022,6.4
12,3,2023,6.17
13,1,1980,4.13
13,1,1981,3.95
13,1,1982,3.75
13,1,1983,3.55
13,1,1984,3.23
13,1,1985,3.01
13,1,1986,2.77
13,1,1987,2.73
13,1,1988,2.7
13,1,1989,2.67
13,1,1990,2.72
13,1,1991,2.77
13,1,1992,2.83
13,1,1993,2.89
13,1,1994,3.05
13,1,1995,3.34
13,1,1996,3.51
13,1,1997,3.6
13,1,1998,3.66
13,1,1999,3.81
13,1,2000,3.68
13,1,2001,3.69
13,1,2002,3.75
13,1,2003,3.85
13,1,2004,3.82
13,1,2005,3.76
13,1,2006,3.67
13,1,2007,3.63
13,1,2008,3.71
13,1,2009,3.82
13,1,2010,3.89
13,1,2011,3.86
13,1,2012,3.8
13,1,2013,3.75
13,1,2014,3.69
13,1,2015,3.63
13,1,2016,3.91
13,1,2017,3.44
13,1,2018,3.29
13,1,2019,2.99
13,1,2020,2.74
13,1,2021,2.68
13,1,2022,2.79
13,1,2023,2.3
13,2,1980,1.86
13,2,1981,1.79
13,2,1982,1.67
13,2,1983,1.52
13,2,1984,1.32
13,2,1985,1.17
13,2,1986,1
13,2,1987,0.92
13,2,1988,0.84
13,2,1989,0.79
13,2,1990,0.75
13,2,1991,0.72
13,2,1992,0.7
13,2,1993,0.7
13,2,1994,0.69
13,2,1995,0.73
13,2,1996,0.76
13,2,1997,0.8
13,2,1998,0.86
13,2,1999,0.97
13,2,2000,0.99
13,2,2001,1.03
13,2,2002,1.08
13,2,2003,1.11
13,2,2004,1.09
13,2,2005,1.07
13,2,2006,1.04
13,2,2007,1.01
13,2,2008,1.01
13,2,2009,1.02
13,2,2010,1.02
13,2,2011,1.01
13,2,2012,0.99
13,2,2013,0.98
13,2,2014,0.97
13,2,2015,0.95
13,2,2016,1.05
13,2,2017,0.91
13,2,2018,0.87
13,2,2019,0.79
13,2,2020,0.69
13,2,2021,0.7
13,2,2022,0.67
13,2,2023,0.57
13,3,1980,2.99
13,3,1981,2.87
13,3,1982,2.7
13,3,1983,2.53
13,3,1984,2.27
13,3,1985,2.08
13,3,1986,1.88
13,3,1987,1.82
13,3,1988,1.77
13,3,1989,1.72
13,3,1990,1.74
13,3,1991,1.75
13,3,1992,1.77
13,3,1993,1.8
13,3,1994,1.88
13,3,1995,2.05
13,3,1996,2.15
13,3,1997,2.22
13,3,1998,2.28
13,3,1999,2.41
13,3,2000,2.36
13,3,2001,2.38
13,3,2002,2.44
13,3,2003,2.5
13,3,2004,2.48
13,3,2005,2.45
13,3,2006,2.39
13,3,2007,2.35
13,3,2008,2.39
13,3,2009,2.46
13,3,2010,2.5
13,3,2011,2.48
13,3,2012,2.45
13,3,2013,2.41
13,3,2014,2.38
13,3,2015,2.34
13,3,2016,2.53
13,3,2017,2.23
13,3,2018,2.13
13,3,2019,1.94
13,3,2020,1.76
13,3,2021,1.73
13,3,2022,1.78
13,3,2023,1.48
14,1,1980,3.25
14,1,1981,3.13
14,1,1982,3
14,1,1983,2.82
14,1,1984,2.56
14,1,1985,2.42
14,1,1986,2.35
14,1,1987,2.28
14,1,1988,2.08
14,1,1989,1.96
14,1,1990,1.77
14,1,1991,1.76
14,1,1992,1.76
14,1,1993,1.75
14,1,1994,1.75
14,1,1995,1.8
14,1,1996,1.97
14,1,1997,2.12
14,1,1998,2.25
14,1,1999,2.54
14,1,2000,2.7
14,1,2001,2.9
14,1,2002,2.97
14,1,2003,2.86
14,1,2004,2.78
14,1,2005,2.74
14,1,2006,2.68
14,1,2007,2.59
14,1,2008,2.71
14,1,2009,2.83
14,1,2010,2.9
14,1,2011,2.87
14,1,2012,2.83
14,1,2013,2.73
14,1,2014,2.62
14,1,2015,2.5
14,1,2016,2.4
14,1,2017,2.23
14,1,2018,2.07
14,1,2019,1.95
14,1,2020,1.93
14,1,2021,1.73
14,1,2022,1.75
14,1,2023,1.76
14,2,1980,1.79
14,2,1981,1.72
14,2,1982,1.67
14,2,1983,1.6
14,2,1984,1.5
14,2,1985,1.39
14,2,1986,1.35
14,2,1987,1.28
14,2,1988,1.16
14,2,1989,1.08
14,2,1990,0.94
14,2,1991,0.93
14,2,1992,0.92
14,2,1993,0.9
14,2,1994,0.87
14,2,1995,0.83
14,2,1996,0.89
14,2,1997,0.94
14,2,1998,0.95
14,2,1999,0.96
14,2,2000,0.99
14,2,2001,1.02
14,2,2002,0.99
14,2,2003,0.87
14,2,2004,0.77
14,2,2005,0.69
14,2,2006,0.62
14,2,2007,0.57
14,2,2008,0.53
14,2,2009,0.51
14,2,2010,0.49
14,2,2011,0.47
14,2,2012,0.45
14,2,2013,0.43
14,2,2014,0.4
14,2,2015,0.37
14,2,2016,0.35
14,2,2017,0.32
14,2,2018,0.3
14,2,2019,0.28
14,2,2020,0.28
14,2,2021,0.27
14,2,2022,0.26
14,2,2023,0.25
14,3,1980,2.54
14,3,1981,2.45
14,3,1982,2.36
14,3,1983,2.23
14,3,1984,2.05
14,3,1985,1.92
14,3,1986,1.86
14,3,1987,1.79
14,3,1988,1.63
14,3,1989,1.53
14,3,1990,1.36
14,3,1991,1.35
14,3,1992,1.34
14,3,1993,1.32
14,3,1994,1.31
14,3,1995,1.31
14,3,1996,1.43
14,3,1997,1.53
14,3,1998,1.61
14,3,1999,1.75
14,3,2000,1.85
14,3,2001,1.96
14,3,2002,1.98
14,3,2003,1.86
14,3,2004,1.77
14,3,2005,1.71
14,3,2006,1.66
14,3,2007,1.6
14,3,2008,1.66
14,3,2009,1.73
14,3,2010,1.78
14,3,2011,1.78
14,3,2012,1.78
14,3,2013,1.73
14,3,2014,1.68
14,3,2015,1.61
14,3,2016,1.56
14,3,2017,1.46
14,3,2018,1.36
14,3,2019,1.29
14,3,2020,1.28
14,3,2021,1.16
14,3,2022,1.17
14,3,2023,1.18
15,1,1980,5.31
15,1,1981,5.23
15,1,1982,5.16
15,1,1983,5.16
15,1,1984,5.13
15,1,1985,5.1
15,1,1986,5.16
15,1,1987,5.21
15,1,1988,5.26
15,1,1989,5.3
15,1,1990,6.54
15,1,1991,7.21
15,1,1992,5.67
15,1,1993,5.74
15,1,1994,5.76
15,1,1995,9.84
15,1,1996,5.65
15,1,1997,5.09
15,1,1998,5.3
15,1,1999,4.64
15,1,2000,4.54
15,1,2001,4.23
15,1,2002,3.8
15,1,2003,3.65
15,1,2004,3.5
15,1,2005,3.84
15,1,2006,3.36
15,1,2007,3.39
15,1,2008,3.15
15,1,2009,3.1
15,1,2010,3.03
15,1,2011,2.97
15,1,2012,3.4
15,1,2013,3.18
15,1,2014,3.09
15,1,2015,3.1
15,1,2016,3.23
15,1,2017,3.06
15,1,2018,2.92
15,1,2019,2.88
15,1,2020,2.92
15,1,2021,3.01
15,1,2022,2.91
15,1,2023,2.79
15,2,1980,1.78
15,2,1981,1.77
15,2,1982,1.76
15,2,1983,1.76
15,2,1984,1.75
15,2,1985,1.74
15,2,1986,1.76
15,2,1987,1.78
15,2,1988,1.81
15,2,1989,1.83
15,2,1990,2.04
15,2,1991,2.19
15,2,1992,1.96
15,2,1993,2
15,2,1994,2.03
15,2,1995,2.77
15,2,1996,2
15,2,1997,1.86
15,2,1998,1.86
15,2,1999,1.71
15,2,2000,1.66
15,2,2001,1.54
15,2,2002,1.4
15,2,2003,1.32
15,2,2004,1.25
15,2,2005,1.24
15,2,2006,1.09
15,2,2007,1.04
15,2,2008,0.98
15,2,2009,0.9
15,2,2010,0.84
15,2,2011,0.83
15,2,2012,0.89
15,2,2013,0.88
15,2,2014,0.88
15,2,2015,0.9
15,2,2016,0.95
15,2,2017,0.9
15,2,2018,0.87
15,2,2019,0.84
15,2,2020,0.85
15,2,2021,0.88
15,2,2022,0.86
15,2,2023,0.83
15,3,1980,3.53
15,3,1981,3.48
15,3,1982,3.44
15,3,1983,3.43
15,3,1984,3.42
15,3,1985,3.4
15,3,1986,3.44
15,3,1987,3.47
15,3,1988,3.5
15,3,1989,3.53
15,3,1990,4.24
15,3,1991,4.64
15,3,1992,3.77
15,3,1993,3.82
15,3,1994,3.85
15,3,1995,6.19
15,3,1996,3.77
15,3,1997,3.42
15,3,1998,3.52
15,3,1999,3.12
15,3,2000,3.05
15,3,2001,2.83
15,3,2002,2.55
15,3,2003,2.44
15,3,2004,2.33
15,3,2005,2.48
15,3,2006,2.18
15,3,2007,2.16
15,3,2008,2.02
15,3,2009,1.95
15,3,2010,1.89
15,3,2011,1.85
15,3,2012,2.09
15,3,2013,1.98
15,3,2014,1.94
15,3,2015,1.95
15,3,2016,2.05
15,3,2017,1.94
15,3,2018,1.85
15,3,2019,1.82
15,3,2020,1.85
15,3,2021,1.9
15,3,2022,1.85
15,3,2023,1.78
16,1,1980,35.37
16,1,1981,34.4
16,1,1982,35.7
16,1,1983,37.2
16,1,1984,37.62
16,1,1985,39.12
16,1,1986,39.49
16,1,1987,39.17
16,1,1988,38.5
16,1,1989,37.17
16,1,1990,36.08
16,1,1991,35.1
16,1,1992,34.85
16,1,1993,34.47
16,1,1994,33.65
16,1,1995,32.82
16,1,1996,33.02
16,1,1997,32.9
16,1,1998,33.63
16,1,1999,32.85
16,1,2000,33.27
16,1,2001,33.89
16,1,2002,33.8
16,1,2003,33.03
16,1,2004,32.29
16,1,2005,31.72
16,1,2006,30.76
16,1,2007,29.19
16,1,2008,28.04
16,1,2009,27.33
16,1,2010,26.42
16,1,2011,25.2
16,1,2012,24.16
16,1,2013,23.1
16,1,2014,22.34
16,1,2015,22.51
16,1,2016,22.49
16,1,2017,21.96
16,1,2018,19.36
16,1,2019,17.91
16,1,2020,16.33
16,1,2021,16.08
16,1,2022,14.53
16,1,2023,14.47
16,2,1980,5.65
16,2,1981,5.55
16,2,1982,5.6
16,2,1983,5.68
16,2,1984,5.61
16,2,1985,5.81
16,2,1986,5.86
16,2,1987,5.76
16,2,1988,5.64
16,2,1989,5.48
16,2,1990,5.32
16,2,1991,5.18
16,2,1992,5.22
16,2,1993,5.18
16,2,1994,5.1
16,2,1995,5.05
16,2,1996,5.09
16,2,1997,5.08
16,2,1998,5.18
16,2,1999,5.18
16,2,2000,5.29
16,2,2001,5.4
16,2,2002,5.32
16,2,2003,4.95
16,2,2004,4.57
16,2,2005,4.27
16,2,2006,3.87
16,2,2007,3.52
16,2,2008,3.28
16,2,2009,3.14
16,2,2010,2.97
16,2,2011,2.84
16,2,2012,2.73
16,2,2013,2.61
16,2,2014,2.5
16,2,2015,2.48
16,2,2016,2.43
16,2,2017,2.49
16,2,2018,2.2
16,2,2019,2.08
16,2,2020,1.96
16,2,2021,1.96
16,2,2022,1.77
16,2,2023,1.79
16,3,1980,20.45
16,3,1981,19.9
16,3,1982,20.57
16,3,1983,21.35
16,3,1984,21.52
16,3,1985,22.37
16,3,1986,22.59
16,3,1987,22.39
16,3,1988,22.01
16,3,1989,21.28
16,3,1990,20.67
16,3,1991,20.12
16,3,1992,20.04
16,3,1993,19.84
16,3,1994,19.4
16,3,1995,18.97
16,3,1996,19.09
16,3,1997,19.03
16,3,1998,19.45
16,3,1999,19.06
16,3,2000,19.34
16,3,2001,19.71
16,3,2002,19.63
16,3,2003,19.06
16,3,2004,18.49
16,3,2005,18.06
16,3,2006,17.37
16,3,2007,16.4
16,3,2008,15.7
16,3,2009,15.26
16,3,2010,14.72
16,3,2011,14.05
16,3,2012,13.46
16,3,2013,12.88
16,3,2014,12.46
16,3,2015,12.54
16,3,2016,12.52
16,3,2017,12.28
16,3,2018,10.83
16,3,2019,10.04
16,3,2020,9.19
16,3,2021,9.06
16,3,2022,8.19
16,3,2023,8.18
17,1,1980,8.68
17,1,1981,9.07
17,1,1982,10.06
17,1,1983,11.44
17,1,1984,12.03
17,1,1985,12.34
17,1,1986,12.18
17,1,1987,11.7
17,1,1988,11.02
17,1,1989,13.63
17,1,1990,10.05
17,1,1991,8.82
17,1,1992,8.41
17,1,1993,8.05
17,1,1994,8.84
17,1,1995,9.65
17,1,1996,10.54
17,1,1997,11.13
17,1,1998,10.8
17,1,1999,10.54
17,1,2000,10.55
17,1,2001,9.89
17,1,2002,9.2
17,1,2003,8.68
17,1,2004,8.69
17,1,2005,8.45
17,1,2006,8.43
17,1,2007,7.19
17,1,2008,6.86
17,1,2009,5.88
17,1,2010,5.02
17,1,2011,4.54
17,1,2012,4.02
17,1,2013,3.56
17,1,2014,3.18
17,1,2015,3.04
17,1,2016,2.9
17,1,2017,2.76
17,1,2018,2.61
17,1,2019,2.5
17,1,2020,2.19
17,1,2021,2.03
17,1,2022,2.6
17,1,2023,2.59
17,2,1980,4.15
17,2,1981,4.24
17,2,1982,4.24
17,2,1983,4.47
17,2,1984,4.42
17,2,1985,4.19
17,2,1986,3.84
17,2,1987,3.48
17,2,1988,3.02
17,2,1989,3.38
17,2,1990,2.47
17,2,1991,2.15
17,2,1992,2.02
17,2,1993,1.89
17,2,1994,1.94
17,2,1995,1.82
17,2,1996,1.86
17,2,1997,1.85
17,2,1998,1.81
17,2,1999,1.8
17,2,2000,1.76
17,2,2001,1.68
17,2,2002,1.65
17,2,2003,1.61
17,2,2004,1.76
17,2,2005,1.6
17,2,2006,1.63
17,2,2007,1.34
17,2,2008,1.23
17,2,2009,1.15
17,2,2010,1.01
17,2,2011,0.92
17,2,2012,0.83
17,2,2013,0.77
17,2,2014,0.71
17,2,2015,0.68
17,2,2016,0.66
17,2,2017,0.63
17,2,2018,0.6
17,2,2019,0.58
17,2,2020,0.5
17,2,2021,0.47
17,2,2022,0.59
17,2,2023,0.6
17,3,1980,6.45
17,3,1981,6.69
17,3,1982,7.19
17,3,1983,8
17,3,1984,8.27
17,3,1985,8.3
17,3,1986,8.04
17,3,1987,7.61
17,3,1988,7.03
17,3,1989,8.51
17,3,1990,6.25
17,3,1991,5.48
17,3,1992,5.2
17,3,1993,4.95
17,3,1994,5.36
17,3,1995,5.69
17,3,1996,6.15
17,3,1997,6.42
17,3,1998,6.23
17,3,1999,6.09
17,3,2000,6.07
17,3,2001,5.7
17,3,2002,5.33
17,3,2003,5.05
17,3,2004,5.13
17,3,2005,4.93
17,3,2006,4.93
17,3,2007,4.17
17,3,2008,3.96
17,3,2009,3.43
17,3,2010,2.94
17,3,2011,2.66
17,3,2012,2.36
17,3,2013,2.11
17,3,2014,1.89
17,3,2015,1.81
17,3,2016,1.73
17,3,2017,1.65
17,3,2018,1.56
17,3,2019,1.5
17,3,2020,1.31
17,3,2021,1.22
17,3,2022,1.55
17,3,2023,1.55
18,1,1980,15.95
18,1,1981,15.72
18,1,1982,15
18,1,1983,14.18
18,1,1984,12.68
18,1,1985,11.54
18,1,1986,10.79
18,1,1987,10.57
18,1,1988,10.58
18,1,1989,10.98
18,1,1990,11.26
18,1,1991,11.44
18,1,1992,11.68
18,1,1993,12.06
18,1,1994,12.89
18,1,1995,13.28
18,1,1996,12.53
18,1,1997,11.01
18,1,1998,10.72
18,1,1999,11.4
18,1,2000,12.32
18,1,2001,12.87
18,1,2002,13.32
18,1,2003,13.59
18,1,2004,13.37
18,1,2005,12.83
18,1,2006,12.98
18,1,2007,12.84
18,1,2008,12.57
18,1,2009,12.25
18,1,2010,12.05
18,1,2011,11.88
18,1,2012,12.06
18,1,2013,11.55
18,1,2014,11.11
18,1,2015,10.71
18,1,2016,10.29
18,1,2017,9.62
18,1,2018,9.2
18,1,2019,9.18
18,1,2020,9.33
18,1,2021,9.51
18,1,2022,9.71
18,1,2023,9.39
18,2,1980,4.42
18,2,1981,4.22
18,2,1982,4.12
18,2,1983,3.98
18,2,1984,3.57
18,2,1985,3.32
18,2,1986,3.08
18,2,1987,2.96
18,2,1988,2.83
18,2,1989,2.77
18,2,1990,2.68
18,2,1991,2.62
18,2,1992,2.57
18,2,1993,2.53
18,2,1994,2.54
18,2,1995,2.53
18,2,1996,2.47
18,2,1997,2.32
18,2,1998,2.36
18,2,1999,2.46
18,2,2000,2.56
18,2,2001,2.57
18,2,2002,2.56
18,2,2003,2.44
18,2,2004,2.31
18,2,2005,2.16
18,2,2006,2.15
18,2,2007,2.12
18,2,2008,2.07
18,2,2009,1.99
18,2,2010,1.94
18,2,2011,1.87
18,2,2012,1.81
18,2,2013,1.72
18,2,2014,1.64
18,2,2015,1.56
18,2,2016,1.49
18,2,2017,1.39
18,2,2018,1.33
18,2,2019,1.31
18,2,2020,1.29
18,2,2021,1.28
18,2,2022,1.32
18,2,2023,1.29
18,3,1980,10.12
18,3,1981,9.91
18,3,1982,9.5
18,3,1983,9.02
18,3,1984,8.07
18,3,1985,7.38
18,3,1986,6.89
18,3,1987,6.72
18,3,1988,6.66
18,3,1989,6.83
18,3,1990,6.92
18,3,1991,6.98
18,3,1992,7.07
18,3,1993,7.24
18,3,1994,7.64
18,3,1995,7.83
18,3,1996,7.42
18,3,1997,6.6
18,3,1998,6.47
18,3,1999,6.85
18,3,2000,7.35
18,3,2001,7.63
18,3,2002,7.85
18,3,2003,7.92
18,3,2004,7.75
18,3,2005,7.41
18,3,2006,7.47
18,3,2007,7.37
18,3,2008,7.21
18,3,2009,7.04
18,3,2010,6.94
18,3,2011,6.78
18,3,2012,6.8
18,3,2013,6.5
18,3,2014,6.24
18,3,2015,6
18,3,2016,5.75
18,3,2017,5.38
18,3,2018,5.14
18,3,2019,5.11
18,3,2020,5.17
18,3,2021,5.25
18,3,2022,5.37
18,3,2023,5.2
19,1,1980,6.82
19,1,1981,6.66
19,1,1982,6.42
19,1,1983,6.32
19,1,1984,6.15
19,1,1985,6.02
19,1,1986,5.88
19,1,1987,5.78
19,1,1988,5.72
19,1,1989,5.62
19,1,1990,5.54
19,1,1991,5.34
19,1,1992,5.25
19,1,1993,5.12
19,1,1994,4.89
19,1,1995,4.7
19,1,1996,4.53
19,1,1997,4.31
19,1,1998,4.28
19,1,1999,4.19
19,1,2000,4.22
19,1,2001,4.15
19,1,2002,3.94
19,1,2003,4.04
19,1,2004,3.65
19,1,2005,3.99
19,1,2006,4.05
19,1,2007,4.17
19,1,2008,3.96
19,1,2009,3.89
19,1,2010,3.88
19,1,2011,4.05
19,1,2012,4.16
19,1,2013,4.17
19,1,2014,4.15
19,1,2015,4.16
19,1,2016,4.25
19,1,2017,4.23
19,1,2018,4.26
19,1,2019,4.19
19,1,2020,4.15
19,1,2021,4.11
19,1,2022,4.09
19,1,2023,4.02
19,2,1980,3.93
19,2,1981,3.85
19,2,1982,3.75
19,2,1983,3.67
19,2,1984,3.59
19,2,1985,3.52
19,2,1986,3.45
19,2,1987,3.4
19,2,1988,3.34
19,2,1989,3.29
19,2,1990,3.24
19,2,1991,3.15
19,2,1992,3.1
19,2,1993,3.05
19,2,1994,2.94
19,2,1995,2.81
19,2,1996,2.7
19,2,1997,2.55
19,2,1998,2.47
19,2,1999,2.37
19,2,2000,2.38
19,2,2001,2.32
19,2,2002,2.15
19,2,2003,2.19
19,2,2004,1.9
19,2,2005,2.09
19,2,2006,2.13
19,2,2007,2.2
19,2,2008,2.06
19,2,2009,2.08
19,2,2010,2.06
19,2,2011,2.24
19,2,2012,2.32
19,2,2013,2.33
19,2,2014,2.35
19,2,2015,2.35
19,2,2016,2.37
19,2,2017,2.38
19,2,2018,2.4
19,2,2019,2.4
19,2,2020,2.44
19,2,2021,2.53
19,2,2022,2.5
19,2,2023,2.45
19,3,1980,5.43
19,3,1981,5.3
19,3,1982,5.12
19,3,1983,5.02
19,3,1984,4.9
19,3,1985,4.8
19,3,1986,4.69
19,3,1987,4.61
19,3,1988,4.56
19,3,1989,4.48
19,3,1990,4.42
19,3,1991,4.27
19,3,1992,4.21
19,3,1993,4.11
19,3,1994,3.94
19,3,1995,3.78
19,3,1996,3.64
19,3,1997,3.45
19,3,1998,3.4
19,3,1999,3.3
19,3,2000,3.32
19,3,2001,3.25
19,3,2002,3.06
19,3,2003,3.13
19,3,2004,2.78
19,3,2005,3.05
19,3,2006,3.1
19,3,2007,3.2
19,3,2008,3.02
19,3,2009,3
19,3,2010,2.98
19,3,2011,3.16
19,3,2012,3.25
19,3,2013,3.26
19,3,2014,3.25
19,3,2015,3.26
19,3,2016,3.32
19,3,2017,3.31
19,3,2018,3.34
19,3,2019,3.3
19,3,2020,3.3
19,3,2021,3.33
19,3,2022,3.31
19,3,2023,3.25
20,1,1980,5.41
20,1,1981,5.32
20,1,1982,5.22
20,1,1983,5.13
20,1,1984,5
20,1,1985,4.94
20,1,1986,4.88
20,1,1987,4.89
20,1,1988,4.76
20,1,1989,4.69
20,1,1990,4.72
20,1,1991,4.7
20,1,1992,4.6
20,1,1993,4.55
20,1,1994,4.5
20,1,1995,4.38
20,1,1996,4.24
20,1,1997,4.15
20,1,1998,4.09
20,1,1999,3.86
20,1,2000,3.71
20,1,2001,3.62
20,1,2002,3.56
20,1,2003,3.52
20,1,2004,3.43
20,1,2005,3.35
20,1,2006,3.36
20,1,2007,3.33
20,1,2008,3.31
20,1,2009,3.33
20,1,2010,3.33
20,1,2011,3.21
20,1,2012,3.19
20,1,2013,3.15
20,1,2014,3.05
20,1,2015,3.05
20,1,2016,2.94
20,1,2017,2.85
20,1,2018,2.78
20,1,2019,2.82
20,1,2020,2.66
20,1,2021,2.51
20,1,2022,2.61
20,1,2023,2.53
20,2,1980,0.96
20,2,1981,0.95
20,2,1982,0.95
20,2,1983,0.94
20,2,1984,0.92
20,2,1985,0.91
20,2,1986,0.89
20,2,1987,0.88
20,2,1988,0.86
20,2,1989,0.84
20,2,1990,0.81
20,2,1991,0.79
20,2,1992,0.77
20,2,1993,0.75
20,2,1994,0.74
20,2,1995,0.73
20,2,1996,0.72
20,2,1997,0.72
20,2,1998,0.71
20,2,1999,0.69
20,2,2000,0.68
20,2,2001,0.67
20,2,2002,0.67
20,2,2003,0.66
20,2,2004,0.65
20,2,2005,0.63
20,2,2006,0.64
20,2,2007,0.66
20,2,2008,0.7
20,2,2009,0.68
20,2,2010,0.66
20,2,2011,0.64
20,2,2012,0.62
20,2,2013,0.61
20,2,2014,0.59
20,2,2015,0.58
20,2,2016,0.56
20,2,2017,0.54
20,2,2018,0.53
20,2,2019,0.54
20,2,2020,0.5
20,2,2021,0.47
20,2,2022,0.48
20,2,2023,0.46
20,3,1980,3.05
20,3,1981,3
20,3,1982,2.95
20,3,1983,2.91
20,3,1984,2.84
20,3,1985,2.81
20,3,1986,2.77
20,3,1987,2.77
20,3,1988,2.7
20,3,1989,2.66
20,3,1990,2.67
20,3,1991,2.65
20,3,1992,2.6
20,3,1993,2.57
20,3,1994,2.54
20,3,1995,2.49
20,3,1996,2.42
20,3,1997,2.38
20,3,1998,2.35
20,3,1999,2.24
20,3,2000,2.16
20,3,2001,2.11
20,3,2002,2.09
20,3,2003,2.07
20,3,2004,2.02
20,3,2005,1.97
20,3,2006,1.98
20,3,2007,1.98
20,3,2008,1.99
20,3,2009,1.99
20,3,2010,1.99
20,3,2011,1.91
20,3,2012,1.9
20,3,2013,1.87
20,3,2014,1.81
20,3,2015,1.81
20,3,2016,1.75
20,3,2017,1.7
20,3,2018,1.66
20,3,2019,1.69
20,3,2020,1.58
20,3,2021,1.5
20,3,2022,1.56
20,3,2023,1.51
22,1,1980,3.99
22,1,1981,4.22
22,1,1982,4.2
22,1,1983,4.23
22,1,1984,4.27
22,1,1985,4.47
22,1,1986,4.51
22,1,1987,4.58
22,1,1988,4.74
22,1,1989,4.74
22,1,1990,4.76
22,1,1991,4.68
22,1,1992,4.67
22,1,1993,4.63
22,1,1994,4.83
22,1,1995,5
22,1,1996,5.24
22,1,1997,5.46
22,1,1998,5.68
22,1,1999,6.01
22,1,2000,6.49
22,1,2001,6.64
22,1,2002,6.69
22,1,2003,6.26
22,1,2004,5.89
22,1,2005,6.01
22,1,2006,5.88
22,1,2007,5.83
22,1,2008,5.8
22,1,2009,5.53
22,1,2010,5.6
22,1,2011,5.52
22,1,2012,5.5
22,1,2013,5.4
22,1,2014,5.2
22,1,2015,5.03
22,1,2016,4.96
22,1,2017,4.8
22,1,2018,4.58
22,1,2019,4.55
22,1,2020,4.62
22,1,2021,4.81
22,1,2022,4.42
22,1,2023,4.23
22,2,1980,1.05
22,2,1981,1.11
22,2,1982,1.1
22,2,1983,1.1
22,2,1984,1.09
22,2,1985,1.11
22,2,1986,1.12
22,2,1987,1.14
22,2,1988,1.17
22,2,1989,1.17
22,2,1990,1.19
22,2,1991,1.2
22,2,1992,1.24
22,2,1993,1.27
22,2,1994,1.37
22,2,1995,1.46
22,2,1996,1.56
22,2,1997,1.68
22,2,1998,1.8
22,2,1999,1.93
22,2,2000,2.09
22,2,2001,2.16
22,2,2002,2.3
22,2,2003,2.16
22,2,2004,1.98
22,2,2005,1.98
22,2,2006,1.98
22,2,2007,1.95
22,2,2008,1.95
22,2,2009,1.99
22,2,2010,1.97
22,2,2011,1.95
22,2,2012,1.92
22,2,2013,1.9
22,2,2014,1.87
22,2,2015,1.83
22,2,2016,1.8
22,2,2017,1.76
22,2,2018,1.7
22,2,2019,1.68
22,2,2020,1.69
22,2,2021,1.77
22,2,2022,1.6
22,2,2023,1.54
22,3,1980,2.53
22,3,1981,2.67
22,3,1982,2.66
22,3,1983,2.68
22,3,1984,2.69
22,3,1985,2.8
22,3,1986,2.82
22,3,1987,2.87
22,3,1988,2.97
22,3,1989,2.97
22,3,1990,2.99
22,3,1991,2.95
22,3,1992,2.97
22,3,1993,2.96
22,3,1994,3.11
22,3,1995,3.24
22,3,1996,3.42
22,3,1997,3.59
22,3,1998,3.76
22,3,1999,3.99
22,3,2000,4.31
22,3,2001,4.42
22,3,2002,4.52
22,3,2003,4.23
22,3,2004,3.95
22,3,2005,4.01
22,3,2006,3.95
22,3,2007,3.9
22,3,2008,3.89
22,3,2009,3.77
22,3,2010,3.8
22,3,2011,3.75
22,3,2012,3.72
22,3,2013,3.66
22,3,2014,3.54
22,3,2015,3.44
22,3,2016,3.39
22,3,2017,3.28
22,3,2018,3.15
22,3,2019,3.12
22,3,2020,3.16
22,3,2021,3.3
22,3,2022,3.02
22,3,2023,2.89
23,1,1980,4.04
23,1,1981,4.17
23,1,1982,4.42
23,1,1983,4.6
23,1,1984,4.78
23,1,1985,5.14
23,1,1986,5.94
23,1,1987,4.41
23,1,1988,3.3
23,1,1989,2.62
23,1,1990,2.16
23,1,1991,1.77
23,1,1992,1.4
23,1,1993,1.37
23,1,1994,1.58
23,1,1995,1.84
23,1,1996,1.73
23,1,1997,1.71
23,1,1998,1.62
23,1,1999,1.57
23,1,2000,1.54
23,1,2001,1.51
23,1,2002,1.51
23,1,2003,1.47
23,1,2004,1.44
23,1,2005,1.41
23,1,2006,1.4
23,1,2007,1.36
23,1,2008,1.34
23,1,2009,1.35
23,1,2010,1.31
23,1,2011,1.27
23,1,2012,1.24
23,1,2013,1.21
23,1,2014,1.19
23,1,2015,1.18
23,1,2016,1.15
23,1,2017,1.12
23,1,2018,1.13
23,1,2019,1.11
23,1,2020,1.1
23,1,2021,1.13
23,1,2022,1.05
23,1,2023,1.01
23,2,1980,0.99
23,2,1981,1.01
23,2,1982,1.05
23,2,1983,1.09
23,2,1984,1.13
23,2,1985,1.2
23,2,1986,1.37
23,2,1987,0.98
23,2,1988,0.73
23,2,1989,0.56
23,2,1990,0.44
23,2,1991,0.35
23,2,1992,0.27
23,2,1993,0.26
23,2,1994,0.29
23,2,1995,0.32
23,2,1996,0.31
23,2,1997,0.3
23,2,1998,0.29
23,2,1999,0.29
23,2,2000,0.29
23,2,2001,0.28
23,2,2002,0.27
23,2,2003,0.27
23,2,2004,0.27
23,2,2005,0.27
23,2,2006,0.26
23,2,2007,0.26
23,2,2008,0.26
23,2,2009,0.26
23,2,2010,0.26
23,2,2011,0.25
23,2,2012,0.24
23,2,2013,0.24
23,2,2014,0.23
23,2,2015,0.23
23,2,2016,0.23
23,2,2017,0.22
23,2,2018,0.22
23,2,2019,0.22
23,2,2020,0.23
23,2,2021,0.23
23,2,2022,0.21
23,2,2023,0.21
23,3,1980,2.48
23,3,1981,2.56
23,3,1982,2.7
23,3,1983,2.81
23,3,1984,2.92
23,3,1985,3.13
23,3,1986,3.61
23,3,1987,2.65
23,3,1988,1.98
23,3,1989,1.56
23,3,1990,1.28
23,3,1991,1.04
23,3,1992,0.82
23,3,1993,0.8
23,3,1994,0.91
23,3,1995,1.05
23,3,1996,0.99
23,3,1997,0.98
23,3,1998,0.93
23,3,1999,0.9
23,3,2000,0.89
23,3,2001,0.87
23,3,2002,0.86
23,3,2003,0.85
23,3,2004,0.83
23,3,2005,0.82
23,3,2006,0.81
23,3,2007,0.79
23,3,2008,0.78
23,3,2009,0.79
23,3,2010,0.76
23,3,2011,0.74
23,3,2012,0.72
23,3,2013,0.7
23,3,2014,0.69
23,3,2015,0.69
23,3,2016,0.67
23,3,2017,0.65
23,3,2018,0.66
23,3,2019,0.64
23,3,2020,0.65
23,3,2021,0.67
23,3,2022,0.62
23,3,2023,0.6
24,1,1980,12.87
24,1,1981,12.9
24,1,1982,12.83
24,1,1983,13.51
24,1,1984,13.41
24,1,1985,13.42
24,1,1986,13.39
24,1,1987,13.32
24,1,1988,13.36
24,1,1989,13.43
24,1,1990,13.63
24,1,1991,13.93
24,1,1992,12.52
24,1,1993,12.04
24,1,1994,10.88
24,1,1995,11.04
24,1,1996,11.07
24,1,1997,11.1
24,1,1998,11.35
24,1,1999,11.35
24,1,2000,11.26
24,1,2001,11.22
24,1,2002,11.14
24,1,2003,11.08
24,1,2004,11
24,1,2005,10.94
24,1,2006,10.78
24,1,2007,10.52
24,1,2008,10.28
24,1,2009,10.06
24,1,2010,9.9
24,1,2011,9.57
24,1,2012,9.41
24,1,2013,9.26
24,1,2014,9.1
24,1,2015,8.96
24,1,2016,8.91
24,1,2017,8.74
24,1,2018,8.56
24,1,2019,8.27
24,1,2020,8.26
24,1,2021,8.33
24,1,2022,7.6
24,1,2023,7.2
24,2,1980,3.05
24,2,1981,3.03
24,2,1982,3
24,2,1983,2.97
24,2,1984,2.94
24,2,1985,2.94
24,2,1986,2.92
24,2,1987,2.92
24,2,1988,2.96
24,2,1989,3.01
24,2,1990,3.07
24,2,1991,3.17
24,2,1992,2.87
24,2,1993,2.82
24,2,1994,2.69
24,2,1995,2.75
24,2,1996,2.77
24,2,1997,2.8
24,2,1998,2.85
24,2,1999,2.89
24,2,2000,2.92
24,2,2001,2.93
24,2,2002,2.93
24,2,2003,2.95
24,2,2004,2.98
24,2,2005,3.01
24,2,2006,3
24,2,2007,2.95
24,2,2008,2.88
24,2,2009,2.81
24,2,2010,2.74
24,2,2011,2.69
24,2,2012,2.64
24,2,2013,2.6
24,2,2014,2.55
24,2,2015,2.51
24,2,2016,2.49
24,2,2017,2.47
24,2,2018,2.43
24,2,2019,2.37
24,2,2020,2.34
24,2,2021,2.33
24,2,2022,2.15
24,2,2023,2.06
24,3,1980,8
24,3,1981,8
24,3,1982,7.95
24,3,1983,8.27
24,3,1984,8.21
24,3,1985,8.22
24,3,1986,8.2
24,3,1987,8.18
24,3,1988,8.24
24,3,1989,8.31
24,3,1990,8.46
24,3,1991,8.67
24,3,1992,7.81
24,3,1993,7.54
24,3,1994,6.89
24,3,1995,7
24,3,1996,7.02
24,3,1997,7.04
24,3,1998,7.19
24,3,1999,7.2
24,3,2000,7.16
24,3,2001,7.13
24,3,2002,7.09
24,3,2003,7.06
24,3,2004,7.03
24,3,2005,7
24,3,2006,6.92
24,3,2007,6.76
24,3,2008,6.61
24,3,2009,6.46
24,3,2010,6.35
24,3,2011,6.16
24,3,2012,6.06
24,3,2013,5.97
24,3,2014,5.86
24,3,2015,5.78
24,3,2016,5.74
24,3,2017,5.64
24,3,2018,5.53
24,3,2019,5.36
24,3,2020,5.34
24,3,2021,5.36
24,3,2022,4.91
24,3,2023,4.66
25,1,1980,14.28
25,1,1981,14.04
25,1,1982,13.86
25,1,1983,13.72
25,1,1984,13.76
25,1,1985,13.71
25,1,1986,13.61
25,1,1987,13.48
25,1,1988,13.47
25,1,1989,13.22
25,1,1990,13.23
25,1,1991,13.08
25,1,1992,12.97
25,1,1993,12.83
25,1,1994,12.86
25,1,1995,12.8
25,1,1996,12.76
25,1,1997,12.76
25,1,1998,12.78
25,1,1999,12.65
25,1,2000,12.67
25,1,2001,12.6
25,1,2002,12.54
25,1,2003,12.93
25,1,2004,13.09
25,1,2005,13.18
25,1,2006,13.11
25,1,2007,13.02
25,1,2008,12.87
25,1,2009,12.89
25,1,2010,12.8
25,1,2011,12.71
25,1,2012,12.63
25,1,2013,12.68
25,1,2014,12.75
25,1,2015,12.57
25,1,2016,12.9
25,1,2017,12.96
25,1,2018,12.45
25,1,2019,13.05
25,1,2020,13.92
25,1,2021,14.96
25,1,2022,14.72
25,1,2023,13.89
25,2,1980,2.45
25,2,1981,2.41
25,2,1982,2.38
25,2,1983,2.45
25,2,1984,2.43
25,2,1985,2.39
25,2,1986,2.35
25,2,1987,2.31
25,2,1988,2.27
25,2,1989,2.22
25,2,1990,2.18
25,2,1991,2.13
25,2,1992,2.09
25,2,1993,2.05
25,2,1994,2.02
25,2,1995,1.99
25,2,1996,1.97
25,2,1997,1.95
25,2,1998,1.94
25,2,1999,1.92
25,2,2000,1.94
25,2,2001,1.92
25,2,2002,1.9
25,2,2003,1.83
25,2,2004,1.77
25,2,2005,1.74
25,2,2006,1.7
25,2,2007,1.66
25,2,2008,1.62
25,2,2009,1.59
25,2,2010,1.55
25,2,2011,1.53
25,2,2012,1.5
25,2,2013,1.51
25,2,2014,1.51
25,2,2015,1.51
25,2,2016,1.51
25,2,2017,1.51
25,2,2018,1.5
25,2,2019,1.42
25,2,2020,1.44
25,2,2021,1.35
25,2,2022,1.17
25,2,2023,1.15
25,3,1980,8.49
25,3,1981,8.33
25,3,1982,8.22
25,3,1983,8.17
25,3,1984,8.17
25,3,1985,8.12
25,3,1986,8.04
25,3,1987,7.94
25,3,1988,7.9
25,3,1989,7.72
25,3,1990,7.69
25,3,1991,7.58
25,3,1992,7.49
25,3,1993,7.38
25,3,1994,7.37
25,3,1995,7.31
25,3,1996,7.26
25,3,1997,7.24
25,3,1998,7.23
25,3,1999,7.15
25,3,2000,7.16
25,3,2001,7.12
25,3,2002,7.09
25,3,2003,7.24
25,3,2004,7.3
25,3,2005,7.33
25,3,2006,7.29
25,3,2007,7.23
25,3,2008,7.15
25,3,2009,7.16
25,3,2010,7.1
25,3,2011,7.06
25,3,2012,7.01
25,3,2013,7.04
25,3,2014,7.09
25,3,2015,6.99
25,3,2016,7.17
25,3,2017,7.2
25,3,2018,6.94
25,3,2019,7.2
25,3,2020,7.66
25,3,2021,8.17
25,3,2022,7.93
25,3,2023,7.51
26,1,1980,6.83
26,1,1981,6.85
26,1,1982,6.71
26,1,1983,6.76
26,1,1984,6.7
26,1,1985,6.69
26,1,1986,6.69
26,1,1987,6.59
26,1,1988,6.54
26,1,1989,6.49
26,1,1990,6.47
26,1,1991,6.45
26,1,1992,6.34
26,1,1993,6.23
26,1,1994,6.11
26,1,1995,6.04
26,1,1996,6
26,1,1997,5.89
26,1,1998,5.98
26,1,1999,7.85
26,1,2000,6.28
26,1,2001,7.72
26,1,2002,6.18
26,1,2003,5.93
26,1,2004,5.88
26,1,2005,5.96
26,1,2006,5.99
26,1,2007,5.85
26,1,2008,5.7
26,1,2009,5.47
26,1,2010,5.48
26,1,2011,5.38
26,1,2012,6.35
26,1,2013,5.04
26,1,2014,4.98
26,1,2015,5.02
26,1,2016,4.92
26,1,2017,4.86
26,1,2018,4.81
26,1,2019,4.85
26,1,2020,4.86
26,1,2021,5.97
26,1,2022,6.45
26,1,2023,4.81
26,2,1980,4.86
26,2,1981,4.85
26,2,1982,4.7
26,2,1983,4.67
26,2,1984,4.61
26,2,1985,4.58
26,2,1986,4.55
26,2,1987,4.44
26,2,1988,4.33
26,2,1989,4.28
26,2,1990,4.23
26,2,1991,4.2
26,2,1992,4.15
26,2,1993,4.07
26,2,1994,4.01
26,2,1995,3.96
26,2,1996,3.98
26,2,1997,3.88
26,2,1998,3.9
26,2,1999,4.39
26,2,2000,3.92
26,2,2001,4.22
26,2,2002,3.76
26,2,2003,3.67
26,2,2004,3.65
26,2,2005,3.69
26,2,2006,3.68
26,2,2007,3.87
26,2,2008,4.39
26,2,2009,4.89
26,2,2010,6.09
26,2,2011,7.44
26,2,2012,9.53
26,2,2013,8.3
26,2,2014,8.22
26,2,2015,8.38
26,2,2016,7.95
26,2,2017,7.8
26,2,2018,7.64
26,2,2019,7.85
26,2,2020,7.66
26,2,2021,8.55
26,2,2022,8.15
26,2,2023,7.34
26,3,1980,5.88
26,3,1981,5.89
26,3,1982,5.74
26,3,1983,5.76
26,3,1984,5.7
26,3,1985,5.68
26,3,1986,5.67
26,3,1987,5.56
26,3,1988,5.48
26,3,1989,5.42
26,3,1990,5.39
26,3,1991,5.36
26,3,1992,5.28
26,3,1993,5.18
26,3,1994,5.09
26,3,1995,5.02
26,3,1996,5.01
26,3,1997,4.9
26,3,1998,4.96
26,3,1999,6.15
26,3,2000,5.12
26,3,2001,6
26,3,2002,4.99
26,3,2003,4.81
26,3,2004,4.78
26,3,2005,4.84
26,3,2006,4.85
26,3,2007,4.87
26,3,2008,5.04
26,3,2009,5.16
26,3,2010,5.74
26,3,2011,6.33
26,3,2012,7.81
26,3,2013,6.55
26,3,2014,6.49
26,3,2015,6.59
26,3,2016,6.33
26,3,2017,6.22
26,3,2018,6.12
26,3,2019,6.24
26,3,2020,6.16
26,3,2021,7.17
26,3,2022,7.22
26,3,2023,5.99
27,1,1980,8.59
27,1,1981,8.67
27,1,1982,8.84
27,1,1983,8.92
27,1,1984,9
27,1,1985,9.11
27,1,1986,9.14
27,1,1987,9.11
27,1,1988,9.14
27,1,1989,9.09
27,1,1990,9.18
27,1,1991,9.21
27,1,1992,9.22
27,1,1993,9.17
27,1,1994,9.19
27,1,1995,9.16
27,1,1996,9.05
27,1,1997,9
27,1,1998,8.96
27,1,1999,8.92
27,1,2000,8.93
27,1,2001,8.86
27,1,2002,8.85
27,1,2003,8.58
27,1,2004,8.37
27,1,2005,8.13
27,1,2006,7.85
27,1,2007,7.68
27,1,2008,7.46
27,1,2009,7.43
27,1,2010,7.39
27,1,2011,7.21
27,1,2012,7.3
27,1,2013,7.38
27,1,2014,7.44
27,1,2015,7.52
27,1,2016,7.72
27,1,2017,7.75
27,1,2018,7.78
27,1,2019,7.82
27,1,2020,7.87
27,1,2021,7.82
27,1,2022,7.71
27,1,2023,7.47
27,2,1980,2.95
27,2,1981,2.97
27,2,1982,2.99
27,2,1983,2.98
27,2,1984,2.84
27,2,1985,2.84
27,2,1986,2.84
27,2,1987,2.82
27,2,1988,2.82
27,2,1989,2.81
27,2,1990,2.81
27,2,1991,2.83
27,2,1992,2.84
27,2,1993,2.83
27,2,1994,2.84
27,2,1995,2.83
27,2,1996,2.82
27,2,1997,2.81
27,2,1998,2.81
27,2,1999,2.85
27,2,2000,2.87
27,2,2001,2.87
27,2,2002,2.89
27,2,2003,2.84
27,2,2004,2.82
27,2,2005,2.78
27,2,2006,2.73
27,2,2007,2.71
27,2,2008,2.67
27,2,2009,2.67
27,2,2010,2.65
27,2,2011,2.6
27,2,2012,2.6
27,2,2013,2.63
27,2,2014,2.67
27,2,2015,2.7
27,2,2016,2.73
27,2,2017,2.72
27,2,2018,2.73
27,2,2019,2.72
27,2,2020,2.73
27,2,2021,2.71
27,2,2022,2.68
27,2,2023,2.6
27,3,1980,5.82
27,3,1981,5.88
27,3,1982,5.98
27,3,1983,6.03
27,3,1984,6.01
27,3,1985,6.07
27,3,1986,6.09
27,3,1987,6.08
27,3,1988,6.1
27,3,1989,6.07
27,3,1990,6.12
27,3,1991,6.15
27,3,1992,6.15
27,3,1993,6.13
27,3,1994,6.14
27,3,1995,6.12
27,3,1996,6.06
27,3,1997,6.03
27,3,1998,6
27,3,1999,6
27,3,2000,6.01
27,3,2001,5.98
27,3,2002,5.97
27,3,2003,5.81
27,3,2004,5.69
27,3,2005,5.55
27,3,2006,5.37
27,3,2007,5.28
27,3,2008,5.14
27,3,2009,5.12
27,3,2010,5.09
27,3,2011,4.97
27,3,2012,5.02
27,3,2013,5.07
27,3,2014,5.12
27,3,2015,5.17
27,3,2016,5.28
27,3,2017,5.28
27,3,2018,5.29
27,3,2019,5.29
27,3,2020,5.31
27,3,2021,5.26
27,3,2022,5.17
27,3,2023,5.01
28,1,1980,6.03
28,1,1981,5.96
28,1,1982,5.85
28,1,1983,5.86
28,1,1984,5.88
28,1,1985,5.95
28,1,1986,6.05
28,1,1987,6.11
28,1,1988,6.12
28,1,1989,6.24
28,1,1990,6.21
28,1,1991,6.35
28,1,1992,6.2
28,1,1993,6.21
28,1,1994,6.18
28,1,1995,6.12
28,1,1996,6.05
28,1,1997,6
28,1,1998,6
28,1,1999,5.97
28,1,2000,6.03
28,1,2001,6.05
28,1,2002,6.09
28,1,2003,6.11
28,1,2004,6
28,1,2005,6.11
28,1,2006,6
28,1,2007,5.92
28,1,2008,5.67
28,1,2009,5.69
28,1,2010,5.51
28,1,2011,5.53
28,1,2012,5.44
28,1,2013,5.38
28,1,2014,5.4
28,1,2015,5.39
28,1,2016,5.39
28,1,2017,5.41
28,1,2018,5.41
28,1,2019,5.43
28,1,2020,5.47
28,1,2021,6.49
28,1,2022,5.17
28,1,2023,4.95
28,2,1980,1.86
28,2,1981,1.83
28,2,1982,1.81
28,2,1983,1.79
28,2,1984,1.71
28,2,1985,1.69
28,2,1986,1.71
28,2,1987,1.71
28,2,1988,1.69
28,2,1989,1.69
28,2,1990,1.69
28,2,1991,1.72
28,2,1992,1.69
28,2,1993,1.68
28,2,1994,1.66
28,2,1995,1.64
28,2,1996,1.63
28,2,1997,1.62
28,2,1998,1.63
28,2,1999,1.64
28,2,2000,1.65
28,2,2001,1.64
28,2,2002,1.65
28,2,2003,1.66
28,2,2004,1.65
28,2,2005,1.7
28,2,2006,1.71
28,2,2007,1.7
28,2,2008,1.63
28,2,2009,1.68
28,2,2010,1.62
28,2,2011,1.7
28,2,2012,1.71
28,2,2013,1.72
28,2,2014,1.77
28,2,2015,1.78
28,2,2016,1.74
28,2,2017,1.76
28,2,2018,1.78
28,2,2019,1.81
28,2,2020,1.85
28,2,2021,2.13
28,2,2022,1.77
28,2,2023,1.7
28,3,1980,4.05
28,3,1981,4
28,3,1982,3.93
28,3,1983,3.93
28,3,1984,3.89
28,3,1985,3.92
28,3,1986,3.98
28,3,1987,4.01
28,3,1988,4
28,3,1989,4.06
28,3,1990,4.05
28,3,1991,4.13
28,3,1992,4.03
28,3,1993,4.03
28,3,1994,4
28,3,1995,3.96
28,3,1996,3.92
28,3,1997,3.89
28,3,1998,3.89
28,3,1999,3.87
28,3,2000,3.9
28,3,2001,3.91
28,3,2002,3.93
28,3,2003,3.94
28,3,2004,3.88
28,3,2005,3.96
28,3,2006,3.9
28,3,2007,3.85
28,3,2008,3.68
28,3,2009,3.72
28,3,2010,3.6
28,3,2011,3.65
28,3,2012,3.6
28,3,2013,3.58
28,3,2014,3.62
28,3,2015,3.62
28,3,2016,3.6
28,3,2017,3.62
28,3,2018,3.64
28,3,2019,3.67
28,3,2020,3.7
28,3,2021,4.36
28,3,2022,3.51
28,3,2023,3.37
29,1,1980,9.91
29,1,1981,10.36
29,1,1982,10.47
29,1,1983,10.75
29,1,1984,10.59
29,1,1985,10.5
29,1,1986,10.45
29,1,1987,10.27
29,1,1988,10.19
29,1,1989,10.19
29,1,1990,10.07
29,1,1991,9.69
29,1,1992,9.22
29,1,1993,8.87
29,1,1994,8.48
29,1,1995,7.89
29,1,1996,7.19
29,1,1997,6.28
29,1,1998,5.46
29,1,1999,4.51
29,1,2000,3.43
29,1,2001,2.55
29,1,2002,1.98
29,1,2003,1.74
29,1,2004,1.78
29,1,2005,1.76
29,1,2006,1.77
29,1,2007,1.77
29,1,2008,1.78
29,1,2009,1.8
29,1,2010,1.8
29,1,2011,1.75
29,1,2012,1.76
29,1,2013,1.78
29,1,2014,1.76
29,1,2015,1.75
29,1,2016,1.75
29,1,2017,1.74
29,1,2018,1.74
29,1,2019,1.74
29,1,2020,1.77
29,1,2021,1.8
29,1,2022,1.71
29,1,2023,1.67
29,2,1980,3.43
29,2,1981,3.53
29,2,1982,3.56
29,2,1983,3.59
29,2,1984,3.57
29,2,1985,3.56
29,2,1986,3.55
29,2,1987,3.48
29,2,1988,3.46
29,2,1989,3.48
29,2,1990,3.45
29,2,1991,3.35
29,2,1992,3.24
29,2,1993,3.14
29,2,1994,3.01
29,2,1995,2.81
29,2,1996,2.57
29,2,1997,2.3
29,2,1998,1.99
29,2,1999,1.67
29,2,2000,1.3
29,2,2001,0.99
29,2,2002,0.76
29,2,2003,0.66
29,2,2004,0.65
29,2,2005,0.65
29,2,2006,0.65
29,2,2007,0.64
29,2,2008,0.64
29,2,2009,0.64
29,2,2010,0.64
29,2,2011,0.64
29,2,2012,0.64
29,2,2013,0.64
29,2,2014,0.63
29,2,2015,0.62
29,2,2016,0.61
29,2,2017,0.6
29,2,2018,0.6
29,2,2019,0.59
29,2,2020,0.61
29,2,2021,0.63
29,2,2022,0.58
29,2,2023,0.56
29,3,1980,6.63
29,3,1981,6.89
29,3,1982,6.95
29,3,1983,7.09
29,3,1984,7
29,3,1985,6.94
29,3,1986,6.9
29,3,1987,6.78
29,3,1988,6.73
29,3,1989,6.74
29,3,1990,6.67
29,3,1991,6.44
29,3,1992,6.15
29,3,1993,5.94
29,3,1994,5.69
29,3,1995,5.3
29,3,1996,4.84
29,3,1997,4.26
29,3,1998,3.7
29,3,1999,3.07
29,3,2000,2.35
29,3,2001,1.76
29,3,2002,1.36
29,3,2003,1.19
29,3,2004,1.21
29,3,2005,1.19
29,3,2006,1.2
29,3,2007,1.2
29,3,2008,1.2
29,3,2009,1.21
29,3,2010,1.21
29,3,2011,1.18
29,3,2012,1.19
29,3,2013,1.19
29,3,2014,1.18
29,3,2015,1.16
29,3,2016,1.16
29,3,2017,1.14
29,3,2018,1.14
29,3,2019,1.13
29,3,2020,1.15
29,3,2021,1.17
29,3,2022,1.1
29,3,2023,1.06
30,1,1980,1.15
30,1,1981,1.14
30,1,1982,1.14
30,1,1983,1.09
30,1,1984,1.08
30,1,1985,1.07
30,1,1986,1.05
30,1,1987,1.04
30,1,1988,1.07
30,1,1989,1.1
30,1,1990,1.07
30,1,1991,1.1
30,1,1992,1.12
30,1,1993,1.12
30,1,1994,1.14
30,1,1995,1.14
30,1,1996,1.14
30,1,1997,1.13
30,1,1998,1.15
30,1,1999,1.15
30,1,2000,1.13
30,1,2001,1.14
30,1,2002,1.11
30,1,2003,1.07
30,1,2004,1.06
30,1,2005,1.08
30,1,2006,1.06
30,1,2007,1.07
30,1,2008,1.04
30,1,2009,1.01
30,1,2010,1
30,1,2011,0.98
30,1,2012,0.96
30,1,2013,0.96
30,1,2014,0.96
30,1,2015,0.96
30,1,2016,0.98
30,1,2017,0.97
30,1,2018,0.96
30,1,2019,0.95
30,1,2020,0.96
30,1,2021,1.01
30,1,2022,0.95
30,1,2023,0.91
30,2,1980,0.21
30,2,1981,0.2
30,2,1982,0.2
30,2,1983,0.19
30,2,1984,0.18
30,2,1985,0.18
30,2,1986,0.18
30,2,1987,0.17
30,2,1988,0.18
30,2,1989,0.18
30,2,1990,0.18
30,2,1991,0.18
30,2,1992,0.19
30,2,1993,0.19
30,2,1994,0.2
30,2,1995,0.19
30,2,1996,0.19
30,2,1997,0.19
30,2,1998,0.19
30,2,1999,0.2
30,2,2000,0.19
30,2,2001,0.19
30,2,2002,0.18
30,2,2003,0.17
30,2,2004,0.17
30,2,2005,0.17
30,2,2006,0.17
30,2,2007,0.18
30,2,2008,0.18
30,2,2009,0.17
30,2,2010,0.17
30,2,2011,0.17
30,2,2012,0.17
30,2,2013,0.17
30,2,2014,0.17
30,2,2015,0.17
30,2,2016,0.17
30,2,2017,0.17
30,2,2018,0.17
30,2,2019,0.17
30,2,2020,0.17
30,2,2021,0.18
30,2,2022,0.17
30,2,2023,0.17
30,3,1980,0.71
30,3,1981,0.7
30,3,1982,0.7
30,3,1983,0.67
30,3,1984,0.65
30,3,1985,0.64
30,3,1986,0.63
30,3,1987,0.62
30,3,1988,0.64
30,3,1989,0.66
30,3,1990,0.64
30,3,1991,0.65
30,3,1992,0.66
30,3,1993,0.66
30,3,1994,0.68
30,3,1995,0.67
30,3,1996,0.68
30,3,1997,0.67
30,3,1998,0.68
30,3,1999,0.68
30,3,2000,0.67
30,3,2001,0.67
30,3,2002,0.65
30,3,2003,0.62
30,3,2004,0.62
30,3,2005,0.63
30,3,2006,0.62
30,3,2007,0.62
30,3,2008,0.61
30,3,2009,0.59
30,3,2010,0.59
30,3,2011,0.58
30,3,2012,0.57
30,3,2013,0.57
30,3,2014,0.57
30,3,2015,0.57
30,3,2016,0.57
30,3,2017,0.57
30,3,2018,0.56
30,3,2019,0.56
30,3,2020,0.56
30,3,2021,0.59
30,3,2022,0.56
30,3,2023,0.54
33,1,1980,5.25
33,1,1981,5.2
33,1,1982,4.97
33,1,1983,4.7
33,1,1984,3.85
33,1,1985,3.47
33,1,1986,3.2
33,1,1987,3.25
33,1,1988,3.43
33,1,1989,6.56
33,1,1990,11.07
33,1,1991,14.35
33,1,1992,17.34
33,1,1993,21.3
33,1,1994,18.76
33,1,1995,15
33,1,1996,12.7
33,1,1997,10.32
33,1,1998,9.53
33,1,1999,8.34
33,1,2000,7.02
33,1,2001,6.73
33,1,2002,6.19
33,1,2003,6.02
33,1,2004,6.31
33,1,2005,7.26
33,1,2006,7.87
33,1,2007,8.41
33,1,2008,7.71
33,1,2009,7.1
33,1,2010,7.37
33,1,2011,7.09
33,1,2012,7.82
33,1,2013,7.12
33,1,2014,6.72
33,1,2015,6.29
33,1,2016,5.77
33,1,2017,4.93
33,1,2018,3.72
33,1,2019,3.83
33,1,2020,3.82
33,1,2021,3.92
33,1,2022,4.14
33,1,2023,3.84
33,2,1980,1.79
33,2,1981,1.76
33,2,1982,1.68
33,2,1983,1.63
33,2,1984,1.51
33,2,1985,1.47
33,2,1986,1.35
33,2,1987,1.42
33,2,1988,1.46
33,2,1989,1.78
33,2,1990,2.1
33,2,1991,2.24
33,2,1992,2.65
33,2,1993,2.98
33,2,1994,2.55
33,2,1995,2.44
33,2,1996,2.46
33,2,1997,2.2
33,2,1998,2.12
33,2,1999,1.94
33,2,2000,1.85
33,2,2001,1.74
33,2,2002,1.62
33,2,2003,1.53
33,2,2004,1.52
33,2,2005,1.54
33,2,2006,1.54
33,2,2007,1.53
33,2,2008,1.46
33,2,2009,1.33
33,2,2010,1.24
33,2,2011,1.18
33,2,2012,1.25
33,2,2013,1.2
33,2,2014,1.11
33,2,2015,1.01
33,2,2016,0.9
33,2,2017,0.75
33,2,2018,0.65
33,2,2019,0.61
33,2,2020,0.58
33,2,2021,0.57
33,2,2022,0.66
33,2,2023,0.61
33,3,1980,3.43
33,3,1981,3.39
33,3,1982,3.25
33,3,1983,3.09
33,3,1984,2.62
33,3,1985,2.42
33,3,1986,2.23
33,3,1987,2.29
33,3,1988,2.39
33,3,1989,4.07
33,3,1990,6.41
33,3,1991,8.06
33,3,1992,9.7
33,3,1993,11.72
33,3,1994,10.29
33,3,1995,8.43
33,3,1996,7.33
33,3,1997,6.04
33,3,1998,5.62
33,3,1999,4.95
33,3,2000,4.28
33,3,2001,4.08
33,3,2002,3.76
33,3,2003,3.63
33,3,2004,3.76
33,3,2005,4.22
33,3,2006,4.5
33,3,2007,4.76
33,3,2008,4.4
33,3,2009,4.05
33,3,2010,4.12
33,3,2011,3.95
33,3,2012,4.33
33,3,2013,3.98
33,3,2014,3.74
33,3,2015,3.48
33,3,2016,3.19
33,3,2017,2.72
33,3,2018,2.09
33,3,2019,2.12
33,3,2020,2.1
33,3,2021,2.14
33,3,2022,2.31
33,3,2023,2.15
34,1,1980,11.49
34,1,1981,11.05
34,1,1982,10.17
34,1,1983,10.24
34,1,1984,10.22
34,1,1985,10.29
34,1,1986,10.83
34,1,1987,11.76
34,1,1988,13.64
34,1,1989,16.55
34,1,1990,20.59
34,1,1991,25.98
34,1,1992,33.28
34,1,1993,37.43
34,1,1994,39.4
34,1,1995,35.6
34,1,1996,29.61
34,1,1997,24.36
34,1,1998,20.21
34,1,1999,16.36
34,1,2000,13.21
34,1,2001,10.97
34,1,2002,9.31
34,1,2003,8.25
34,1,2004,7.65
34,1,2005,7
34,1,2006,6.03
34,1,2007,4.99
34,1,2008,4.85
34,1,2009,4.65
34,1,2010,4.67
34,1,2011,4.35
34,1,2012,4.35
34,1,2013,4.25
34,1,2014,4.17
34,1,2015,4.07
34,1,2016,4
34,1,2017,4.09
34,1,2018,4.2
34,1,2019,4.25
34,1,2020,4.52
34,1,2021,4.48
34,1,2022,4.62
34,1,2023,4.73
34,2,1980,2.8
34,2,1981,2.75
34,2,1982,2.64
34,2,1983,2.62
34,2,1984,2.63
34,2,1985,2.63
34,2,1986,2.69
34,2,1987,2.74
34,2,1988,2.83
34,2,1989,2.93
34,2,1990,3.13
34,2,1991,3.38
34,2,1992,3.79
34,2,1993,4.01
34,2,1994,4.09
34,2,1995,3.98
34,2,1996,3.7
34,2,1997,3.4
34,2,1998,3.16
34,2,1999,2.9
34,2,2000,2.67
34,2,2001,2.45
34,2,2002,2.26
34,2,2003,2.12
34,2,2004,1.99
34,2,2005,1.83
34,2,2006,1.6
34,2,2007,1.36
34,2,2008,1.33
34,2,2009,1.29
34,2,2010,1.26
34,2,2011,1.18
34,2,2012,1.14
34,2,2013,1.09
34,2,2014,1.06
34,2,2015,1.03
34,2,2016,1.02
34,2,2017,1.01
34,2,2018,0.99
34,2,2019,0.97
34,2,2020,1.04
34,2,2021,0.99
34,2,2022,0.97
34,2,2023,1.01
34,3,1980,6.74
34,3,1981,6.5
34,3,1982,6.03
34,3,1983,6.04
34,3,1984,6.03
34,3,1985,6.05
34,3,1986,6.34
34,3,1987,6.79
34,3,1988,7.74
34,3,1989,9.2
34,3,1990,11.25
34,3,1991,13.99
34,3,1992,17.72
34,3,1993,19.82
34,3,1994,20.81
34,3,1995,18.93
34,3,1996,15.94
34,3,1997,13.29
34,3,1998,11.2
34,3,1999,9.24
34,3,2000,7.64
34,3,2001,6.46
34,3,2002,5.58
34,3,2003,5.01
34,3,2004,4.66
34,3,2005,4.27
34,3,2006,3.7
34,3,2007,3.09
34,3,2008,3
34,3,2009,2.89
34,3,2010,2.89
34,3,2011,2.7
34,3,2012,2.68
34,3,2013,2.61
34,3,2014,2.56
34,3,2015,2.5
34,3,2016,2.46
34,3,2017,2.5
34,3,2018,2.55
34,3,2019,2.56
34,3,2020,2.74
34,3,2021,2.7
34,3,2022,2.77
34,3,2023,2.85
35,1,1980,5.26
35,1,1981,5.29
35,1,1982,4.55
35,1,1983,4.44
35,1,1984,3.96
35,1,1985,3.68
35,1,1986,3.36
35,1,1987,3.72
35,1,1988,4.45
35,1,1989,6.37
35,1,1990,6.78
35,1,1991,6.33
35,1,1992,6.99
35,1,1993,6.53
35,1,1994,6.32
35,1,1995,5.07
35,1,1996,5.84
35,1,1997,8.77
35,1,1998,11.25
35,1,1999,9.66
35,1,2000,8.67
35,1,2001,8.77
35,1,2002,7.75
35,1,2003,5.99
35,1,2004,5.8
35,1,2005,5.03
35,1,2006,4.73
35,1,2007,4.41
35,1,2008,4.31
35,1,2009,3.9
35,1,2010,4.25
35,1,2011,4.2
35,1,2012,4.44
35,1,2013,4.25
35,1,2014,4.56
35,1,2015,4.82
35,1,2016,4.36
35,1,2017,3.97
35,1,2018,3.72
35,1,2019,3.31
35,1,2020,3.49
35,1,2021,3.57
35,1,2022,3.72
35,1,2023,3.62
35,2,1980,1.05
35,2,1981,1.03
35,2,1982,0.95
35,2,1983,0.93
35,2,1984,0.89
35,2,1985,0.86
35,2,1986,0.8
35,2,1987,0.85
35,2,1988,0.91
35,2,1989,1.04
35,2,1990,1.17
35,2,1991,1.13
35,2,1992,1.24
35,2,1993,1.22
35,2,1994,1.25
35,2,1995,1.22
35,2,1996,1.27
35,2,1997,1.43
35,2,1998,1.53
35,2,1999,1.35
35,2,2000,1.39
35,2,2001,1.39
35,2,2002,1.32
35,2,2003,1.14
35,2,2004,1.06
35,2,2005,0.96
35,2,2006,0.84
35,2,2007,0.8
35,2,2008,0.82
35,2,2009,0.78
35,2,2010,0.77
35,2,2011,0.73
35,2,2012,0.71
35,2,2013,0.69
35,2,2014,0.69
35,2,2015,0.63
35,2,2016,0.59
35,2,2017,0.52
35,2,2018,0.49
35,2,2019,0.46
35,2,2020,0.45
35,2,2021,0.4
35,2,2022,0.42
35,2,2023,0.41
35,3,1980,2.96
35,3,1981,2.97
35,3,1982,2.59
35,3,1983,2.53
35,3,1984,2.3
35,3,1985,2.16
35,3,1986,1.98
35,3,1987,2.18
35,3,1988,2.56
35,3,1989,3.53
35,3,1990,3.79
35,3,1991,3.55
35,3,1992,3.91
35,3,1993,3.69
35,3,1994,3.6
35,3,1995,3
35,3,1996,3.4
35,3,1997,4.89
35,3,1998,6.13
35,3,1999,5.26
35,3,2000,4.81
35,3,2001,4.86
35,3,2002,4.34
35,3,2003,3.41
35,3,2004,3.28
35,3,2005,2.86
35,3,2006,2.67
35,3,2007,2.49
35,3,2008,2.45
35,3,2009,2.24
35,3,2010,2.4
35,3,2011,2.36
35,3,2012,2.47
35,3,2013,2.37
35,3,2014,2.52
35,3,2015,2.62
35,3,2016,2.38
35,3,2017,2.16
35,3,2018,2.02
35,3,2019,1.81
35,3,2020,1.9
35,3,2021,1.92
35,3,2022,2
35,3,2023,1.96
36,1,1980,16.14
36,1,1981,16.73
36,1,1982,15.85
36,1,1983,15.23
36,1,1984,11.58
36,1,1985,10.8
36,1,1986,8.57
36,1,1987,9.15
36,1,1988,11.17
36,1,1989,15.19
36,1,1990,19.21
36,1,1991,22.23
36,1,1992,28.39
36,1,1993,34.45
36,1,1994,37.63
36,1,1995,40.36
36,1,1996,36.73
36,1,1997,36.15
36,1,1998,32.45
36,1,1999,30.26
36,1,2000,31.17
36,1,2001,30.21
36,1,2002,28.73
36,1,2003,29.77
36,1,2004,31.41
36,1,2005,29.89
36,1,2006,28.04
36,1,2007,26.52
36,1,2008,23.51
36,1,2009,20.31
36,1,2010,20.01
36,1,2011,19.02
36,1,2012,17.53
36,1,2013,14.93
36,1,2014,12.81
36,1,2015,13.19
36,1,2016,12.45
36,1,2017,11.61
36,1,2018,11.21
36,1,2019,10.58
36,1,2020,10.34
36,1,2021,9.76
36,1,2022,9.32
36,1,2023,8.51
36,2,1980,5.54
36,2,1981,5.56
36,2,1982,5.39
36,2,1983,5.17
36,2,1984,4.63
36,2,1985,4.45
36,2,1986,3.49
36,2,1987,3.5
36,2,1988,3.69
36,2,1989,4.41
36,2,1990,5.13
36,2,1991,5.8
36,2,1992,7.16
36,2,1993,8.92
36,2,1994,9.73
36,2,1995,10.96
36,2,1996,10.91
36,2,1997,10.71
36,2,1998,10.12
36,2,1999,9.02
36,2,2000,8.96
36,2,2001,8.73
36,2,2002,8.51
36,2,2003,8.69
36,2,2004,8.63
36,2,2005,7.99
36,2,2006,7.21
36,2,2007,6.62
36,2,2008,6.09
36,2,2009,5.4
36,2,2010,4.84
36,2,2011,4.5
36,2,2012,4.05
36,2,2013,3.65
36,2,2014,3.26
36,2,2015,3.07
36,2,2016,2.72
36,2,2017,2.47
36,2,2018,2.63
36,2,2019,2.28
36,2,2020,2.2
36,2,2021,2.04
36,2,2022,1.79
36,2,2023,1.68
36,3,1980,10.52
36,3,1981,10.82
36,3,1982,10.35
36,3,1983,9.95
36,3,1984,7.94
36,3,1985,7.47
36,3,1986,5.94
36,3,1987,6.21
36,3,1988,7.28
36,3,1989,9.59
36,3,1990,11.89
36,3,1991,13.72
36,3,1992,17.31
36,3,1993,21.04
36,3,1994,22.95
36,3,1995,24.88
36,3,1996,23.13
36,3,1997,22.69
36,3,1998,20.63
36,3,1999,19.03
36,3,2000,19.46
36,3,2001,18.9
36,3,2002,18.07
36,3,2003,18.66
36,3,2004,19.43
36,3,2005,18.38
36,3,2006,17.09
36,3,2007,16.06
36,3,2008,14.36
36,3,2009,12.48
36,3,2010,12.02
36,3,2011,11.36
36,3,2012,10.41
36,3,2013,8.97
36,3,2014,7.76
36,3,2015,7.85
36,3,2016,7.3
36,3,2017,6.76
36,3,2018,6.66
36,3,2019,6.16
36,3,2020,6
36,3,2021,5.66
36,3,2022,5.33
36,3,2023,4.9
37,1,1980,16.77
37,1,1981,16.33
37,1,1982,15.37
37,1,1983,14.43
37,1,1984,11.22
37,1,1985,9.95
37,1,1986,7.34
37,1,1987,7.97
37,1,1988,10.08
37,1,1989,14.74
37,1,1990,21.67
37,1,1991,21.42
37,1,1992,27.21
37,1,1993,30.04
37,1,1994,31.3
37,1,1995,28.27
37,1,1996,24.76
37,1,1997,21.09
37,1,1998,17.85
37,1,1999,17.05
37,1,2000,16.11
37,1,2001,14.81
37,1,2002,14.01
37,1,2003,13.56
37,1,2004,14.58
37,1,2005,14.86
37,1,2006,14.32
37,1,2007,13.54
37,1,2008,12.46
37,1,2009,11.92
37,1,2010,12.4
37,1,2011,11.17
37,1,2012,9.74
37,1,2013,8.76
37,1,2014,7.74
37,1,2015,7.46
37,1,2016,6.55
37,1,2017,6.01
37,1,2018,5.5
37,1,2019,4.9
37,1,2020,3.99
37,1,2021,3.35
37,1,2022,3.36
37,1,2023,3.3
37,2,1980,4.88
37,2,1981,4.81
37,2,1982,4.73
37,2,1983,4.56
37,2,1984,4.07
37,2,1985,3.79
37,2,1986,3.08
37,2,1987,3.34
37,2,1988,3.65
37,2,1989,4.09
37,2,1990,5.19
37,2,1991,5.26
37,2,1992,6.17
37,2,1993,7.33
37,2,1994,7.62
37,2,1995,7.49
37,2,1996,7
37,2,1997,6.22
37,2,1998,5.81
37,2,1999,5.02
37,2,2000,5.09
37,2,2001,4.98
37,2,2002,4.91
37,2,2003,4.87
37,2,2004,4.7
37,2,2005,4.45
37,2,2006,4.1
37,2,2007,3.75
37,2,2008,3.58
37,2,2009,3.42
37,2,2010,3.2
37,2,2011,2.98
37,2,2012,2.71
37,2,2013,2.41
37,2,2014,2.23
37,2,2015,2.16
37,2,2016,1.93
37,2,2017,1.64
37,2,2018,1.47
37,2,2019,1.35
37,2,2020,1.08
37,2,2021,0.92
37,2,2022,0.98
37,2,2023,1
37,3,1980,10.54
37,3,1981,10.32
37,3,1982,9.87
37,3,1983,9.34
37,3,1984,7.53
37,3,1985,6.76
37,3,1986,5.14
37,3,1987,5.6
37,3,1988,6.77
37,3,1989,9.23
37,3,1990,13.16
37,3,1991,13.07
37,3,1992,16.28
37,3,1993,18.16
37,3,1994,18.94
37,3,1995,17.46
37,3,1996,15.56
37,3,1997,13.4
37,3,1998,11.63
37,3,1999,10.81
37,3,2000,10.43
37,3,2001,9.74
37,3,2002,9.33
37,3,2003,9.07
37,3,2004,9.48
37,3,2005,9.47
37,3,2006,9.03
37,3,2007,8.47
37,3,2008,7.85
37,3,2009,7.5
37,3,2010,7.62
37,3,2011,6.91
37,3,2012,6.08
37,3,2013,5.45
37,3,2014,4.86
37,3,2015,4.69
37,3,2016,4.14
37,3,2017,3.73
37,3,2018,3.39
37,3,2019,3.04
37,3,2020,2.47
37,3,2021,2.08
37,3,2022,2.12
37,3,2023,2.1
38,1,1980,16.53
38,1,1981,16.72
38,1,1982,17.1
38,1,1983,17.04
38,1,1984,16.35
38,1,1985,16.49
38,1,1986,16.4
38,1,1987,15.86
38,1,1988,16.44
38,1,1989,16.86
38,1,1990,17.4
38,1,1991,18.46
38,1,1992,19.7
38,1,1993,20.68
38,1,1994,21.37
38,1,1995,21.37
38,1,1996,20.57
38,1,1997,19.8
38,1,1998,18
38,1,1999,16.58
38,1,2000,15.7
38,1,2001,15.41
38,1,2002,15.5
38,1,2003,15.7
38,1,2004,16.65
38,1,2005,16.41
38,1,2006,15.95
38,1,2007,15.46
38,1,2008,13.75
38,1,2009,13.16
38,1,2010,13.94
38,1,2011,14.86
38,1,2012,13.87
38,1,2013,12.94
38,1,2014,12.5
38,1,2015,12.31
38,1,2016,11.63
38,1,2017,11.88
38,1,2018,11.52
38,1,2019,11.25
38,1,2020,10.77
38,1,2021,10.58
38,1,2022,10.65
38,1,2023,10.27
38,2,1980,6.33
38,2,1981,6.34
38,2,1982,6.39
38,2,1983,6.36
38,2,1984,6.22
38,2,1985,6.31
38,2,1986,6.17
38,2,1987,5.9
38,2,1988,5.96
38,2,1989,5.83
38,2,1990,5.77
38,2,1991,6.08
38,2,1992,6.54
38,2,1993,6.48
38,2,1994,6.58
38,2,1995,6.08
38,2,1996,5.72
38,2,1997,5.56
38,2,1998,5
38,2,1999,4.46
38,2,2000,3.82
38,2,2001,3.46
38,2,2002,3.33
38,2,2003,3.21
38,2,2004,3.18
38,2,2005,3.12
38,2,2006,3.04
38,2,2007,2.83
38,2,2008,2.72
38,2,2009,2.76
38,2,2010,2.88
38,2,2011,2.9
38,2,2012,2.73
38,2,2013,2.61
38,2,2014,2.49
38,2,2015,2.42
38,2,2016,2.35
38,2,2017,2.3
38,2,2018,2.22
38,2,2019,2.12
38,2,2020,2.02
38,2,2021,1.97
38,2,2022,1.79
38,2,2023,1.4
38,3,1980,11.39
38,3,1981,11.49
38,3,1982,11.7
38,3,1983,11.65
38,3,1984,11.24
38,3,1985,11.35
38,3,1986,11.23
38,3,1987,10.82
38,3,1988,11.12
38,3,1989,11.26
38,3,1990,11.49
38,3,1991,12.15
38,3,1992,12.99
38,3,1993,13.44
38,3,1994,13.83
38,3,1995,13.57
38,3,1996,12.99
38,3,1997,12.54
38,3,1998,11.36
38,3,1999,10.39
38,3,2000,9.64
38,3,2001,9.32
38,3,2002,9.31
38,3,2003,9.34
38,3,2004,9.8
38,3,2005,9.66
38,3,2006,9.39
38,3,2007,9.04
38,3,2008,8.14
38,3,2009,7.86
38,3,2010,8.29
38,3,2011,8.74
38,3,2012,8.17
38,3,2013,7.63
38,3,2014,7.34
38,3,2015,7.2
38,3,2016,6.82
38,3,2017,6.9
38,3,2018,6.68
38,3,2019,6.49
38,3,2020,6.21
38,3,2021,6.09
38,3,2022,6.03
38,3,2023,5.65
39,1,1980,8.71
39,1,1981,8.47
39,1,1982,8.22
39,1,1983,8.31
39,1,1984,8.12
39,1,1985,8.14
39,1,1986,8.12
39,1,1987,8.95
39,1,1988,10.5
39,1,1989,12.11
39,1,1990,15.18
39,1,1991,18.37
39,1,1992,41.25
39,1,1993,30.47
39,1,1994,34.64
39,1,1995,33.25
39,1,1996,31.14
39,1,1997,26.24
39,1,1998,20.89
39,1,1999,15.82
39,1,2000,12.27
39,1,2001,9.43
39,1,2002,7.36
39,1,2003,5.68
39,1,2004,4.58
39,1,2005,3.62
39,1,2006,2.98
39,1,2007,2.55
39,1,2008,2.43
39,1,2009,2.23
39,1,2010,2.41
39,1,2011,2.46
39,1,2012,2.51
39,1,2013,2.7
39,1,2014,2.77
39,1,2015,2.95
39,1,2016,3.14
39,1,2017,3.05
39,1,2018,2.94
39,1,2019,2.84
39,1,2020,3.28
39,1,2021,3.31
39,1,2022,3.49
39,1,2023,3.37
39,2,1980,2.67
39,2,1981,2.68
39,2,1982,2.66
39,2,1983,2.68
39,2,1984,2.66
39,2,1985,2.66
39,2,1986,2.62
39,2,1987,2.69
39,2,1988,2.77
39,2,1989,2.89
39,2,1990,3.09
39,2,1991,3.3
39,2,1992,7.72
39,2,1993,4.15
39,2,1994,4.52
39,2,1995,4.44
39,2,1996,4.18
39,2,1997,3.79
39,2,1998,3.4
39,2,1999,3
39,2,2000,2.65
39,2,2001,2.31
39,2,2002,1.94
39,2,2003,1.57
39,2,2004,1.32
39,2,2005,1.09
39,2,2006,0.91
39,2,2007,0.79
39,2,2008,0.75
39,2,2009,0.69
39,2,2010,0.72
39,2,2011,0.72
39,2,2012,0.74
39,2,2013,0.76
39,2,2014,0.79
39,2,2015,0.82
39,2,2016,0.85
39,2,2017,0.83
39,2,2018,0.8
39,2,2019,0.76
39,2,2020,0.89
39,2,2021,0.89
39,2,2022,0.92
39,2,2023,0.89
39,3,1980,5.58
39,3,1981,5.47
39,3,1982,5.34
39,3,1983,5.39
39,3,1984,5.28
39,3,1985,5.3
39,3,1986,5.27
39,3,1987,5.72
39,3,1988,6.51
39,3,1989,7.38
39,3,1990,9
39,3,1991,10.7
39,3,1992,24.29
39,3,1993,17.15
39,3,1994,19.4
39,3,1995,18.67
39,3,1996,17.51
39,3,1997,14.9
39,3,1998,12.05
39,3,1999,9.34
39,3,2000,7.41
39,3,2001,5.84
39,3,2002,4.63
39,3,2003,3.61
39,3,2004,2.94
39,3,2005,2.35
39,3,2006,1.94
39,3,2007,1.67
39,3,2008,1.59
39,3,2009,1.46
39,3,2010,1.56
39,3,2011,1.58
39,3,2012,1.62
39,3,2013,1.73
39,3,2014,1.78
39,3,2015,1.88
39,3,2016,1.99
39,3,2017,1.94
39,3,2018,1.87
39,3,2019,1.8
39,3,2020,2.09
39,3,2021,2.1
39,3,2022,2.21
39,3,2023,2.13
40,1,1980,11.18
40,1,1981,11.22
40,1,1982,9.08
40,1,1983,9.12
40,1,1984,7.24
40,1,1985,7.06
40,1,1986,5.88
40,1,1987,5.99
40,1,1988,7.81
40,1,1989,9.76
40,1,1990,11.6
40,1,1991,12.51
40,1,1992,14.23
40,1,1993,15.22
40,1,1994,14.2
40,1,1995,12.3
40,1,1996,13.15
40,1,1997,13.49
40,1,1998,13.95
40,1,1999,11.91
40,1,2000,9.05
40,1,2001,8.49
40,1,2002,8.3
40,1,2003,8.23
40,1,2004,8.27
40,1,2005,7.87
40,1,2006,7.12
40,1,2007,7.29
40,1,2008,7.26
40,1,2009,7.12
40,1,2010,7.57
40,1,2011,7.38
40,1,2012,6.74
40,1,2013,6.76
40,1,2014,6.34
40,1,2015,6.14
40,1,2016,6.05
40,1,2017,5.76
40,1,2018,5.68
40,1,2019,5.65
40,1,2020,5.6
40,1,2021,5.33
40,1,2022,5.31
40,1,2023,5.08
40,2,1980,3.51
40,2,1981,3.46
40,2,1982,3.33
40,2,1983,3.2
40,2,1984,2.82
40,2,1985,2.72
40,2,1986,2.41
40,2,1987,2.39
40,2,1988,2.52
40,2,1989,2.81
40,2,1990,3.1
40,2,1991,3.09
40,2,1992,3.72
40,2,1993,4.02
40,2,1994,3.77
40,2,1995,3.88
40,2,1996,4.02
40,2,1997,3.96
40,2,1998,3.85
40,2,1999,3.38
40,2,2000,3.27
40,2,2001,3.27
40,2,2002,3.22
40,2,2003,3.08
40,2,2004,3.07
40,2,2005,2.9
40,2,2006,2.76
40,2,2007,2.57
40,2,2008,2.55
40,2,2009,2.37
40,2,2010,2.27
40,2,2011,2.21
40,2,2012,2.15
40,2,2013,2.08
40,2,2014,1.81
40,2,2015,1.79
40,2,2016,1.76
40,2,2017,1.72
40,2,2018,1.68
40,2,2019,1.66
40,2,2020,1.82
40,2,2021,1.68
40,2,2022,1.66
40,2,2023,1.59
40,3,1980,7.27
40,3,1981,7.26
40,3,1982,6.14
40,3,1983,6.08
40,3,1984,4.97
40,3,1985,4.84
40,3,1986,4.09
40,3,1987,4.13
40,3,1988,5.08
40,3,1989,6.16
40,3,1990,7.2
40,3,1991,7.62
40,3,1992,8.75
40,3,1993,9.38
40,3,1994,8.77
40,3,1995,7.95
40,3,1996,8.45
40,3,1997,8.61
40,3,1998,8.8
40,3,1999,7.57
40,3,2000,6.11
40,3,2001,5.83
40,3,2002,5.72
40,3,2003,5.62
40,3,2004,5.64
40,3,2005,5.36
40,3,2006,4.92
40,3,2007,4.92
40,3,2008,4.9
40,3,2009,4.75
40,3,2010,4.93
40,3,2011,4.8
40,3,2012,4.45
40,3,2013,4.44
40,3,2014,4.1
40,3,2015,3.98
40,3,2016,3.92
40,3,2017,3.77
40,3,2018,3.71
40,3,2019,3.69
40,3,2020,3.75
40,3,2021,3.55
40,3,2022,3.52
40,3,2023,3.38
41,1,1980,9.88
41,1,1981,10.03
41,1,1982,9.76
41,1,1983,9.45
41,1,1984,7.28
41,1,1985,6.92
41,1,1986,5.73
41,1,1987,5.73
41,1,1988,7.68
41,1,1989,10.32
41,1,1990,12.43
41,1,1991,12.38
41,1,1992,12.63
41,1,1993,12.08
41,1,1994,11.8
41,1,1995,11.63
41,1,1996,10.87
41,1,1997,9.62
41,1,1998,8.13
41,1,1999,7.25
41,1,2000,6.76
41,1,2001,6.63
41,1,2002,6.56
41,1,2003,5.6
41,1,2004,6.24
41,1,2005,6.74
41,1,2006,6.4
41,1,2007,5.53
41,1,2008,4.63
41,1,2009,4.39
41,1,2010,4.31
41,1,2011,3.96
41,1,2012,3.97
41,1,2013,3.83
41,1,2014,3.45
41,1,2015,3.68
41,1,2016,3.73
41,1,2017,3.23
41,1,2018,2.87
41,1,2019,2.73
41,1,2020,2.77
41,1,2021,2.75
41,1,2022,2.52
41,1,2023,2.41
41,2,1980,2.93
41,2,1981,2.92
41,2,1982,2.86
41,2,1983,2.75
41,2,1984,2.54
41,2,1985,2.48
41,2,1986,2.23
41,2,1987,2.16
41,2,1988,2.3
41,2,1989,2.6
41,2,1990,2.93
41,2,1991,2.94
41,2,1992,3.14
41,2,1993,3.17
41,2,1994,3.36
41,2,1995,3.35
41,2,1996,3.44
41,2,1997,3.1
41,2,1998,2.95
41,2,1999,2.52
41,2,2000,2.6
41,2,2001,2.52
41,2,2002,2.33
41,2,2003,2.2
41,2,2004,2.26
41,2,2005,2.16
41,2,2006,2.07
41,2,2007,1.85
41,2,2008,1.61
41,2,2009,1.52
41,2,2010,1.42
41,2,2011,1.34
41,2,2012,1.35
41,2,2013,1.27
41,2,2014,1.19
41,2,2015,1.21
41,2,2016,1.19
41,2,2017,1.08
41,2,2018,1.04
41,2,2019,1.02
41,2,2020,1.12
41,2,2021,1.13
41,2,2022,0.97
41,2,2023,0.93
41,3,1980,6.3
41,3,1981,6.38
41,3,1982,6.22
41,3,1983,6.02
41,3,1984,4.86
41,3,1985,4.65
41,3,1986,3.93
41,3,1987,3.9
41,3,1988,4.93
41,3,1989,6.37
41,3,1990,7.58
41,3,1991,7.55
41,3,1992,7.74
41,3,1993,7.48
41,3,1994,7.43
41,3,1995,7.36
41,3,1996,7.04
41,3,1997,6.25
41,3,1998,5.46
41,3,1999,4.8
41,3,2000,4.61
41,3,2001,4.5
41,3,2002,4.37
41,3,2003,3.84
41,3,2004,4.18
41,3,2005,4.38
41,3,2006,4.17
41,3,2007,3.63
41,3,2008,3.07
41,3,2009,2.91
41,3,2010,2.82
41,3,2011,2.6
41,3,2012,2.61
41,3,2013,2.5
41,3,2014,2.28
41,3,2015,2.4
41,3,2016,2.41
41,3,2017,2.12
41,3,2018,1.92
41,3,2019,1.84
41,3,2020,1.92
41,3,2021,1.92
41,3,2022,1.72
41,3,2023,1.65
43,1,1980,11.71
43,1,1981,11.42
43,1,1982,11.45
43,1,1983,11.09
43,1,1984,10.95
43,1,1985,10.82
43,1,1986,10.56
43,1,1987,10.47
43,1,1988,10.66
43,1,1989,10.89
43,1,1990,12.2
43,1,1991,13.79
43,1,1992,15.19
43,1,1993,16.5
43,1,1994,17.77
43,1,1995,19.08
43,1,1996,20.79
43,1,1997,23.7
43,1,1998,24.95
43,1,1999,22.82
43,1,2000,19.85
43,1,2001,17.27
43,1,2002,15.22
43,1,2003,13.52
43,1,2004,11.86
43,1,2005,10.35
43,1,2006,9.26
43,1,2007,8.52
43,1,2008,7.86
43,1,2009,7.36
43,1,2010,7.21
43,1,2011,7.15
43,1,2012,7.06
43,1,2013,6.88
43,1,2014,6.83
43,1,2015,6.53
43,1,2016,6.48
43,1,2017,6.43
43,1,2018,6.39
43,1,2019,6.21
43,1,2020,5.9
43,1,2021,5.83
43,1,2022,5.56
43,1,2023,5.07
43,2,1980,3.7
43,2,1981,3.6
43,2,1982,3.62
43,2,1983,3.55
43,2,1984,3.52
43,2,1985,3.43
43,2,1986,3.4
43,2,1987,3.4
43,2,1988,3.45
43,2,1989,3.22
43,2,1990,3.36
43,2,1991,3.56
43,2,1992,3.52
43,2,1993,3.42
43,2,1994,3.33
43,2,1995,3.32
43,2,1996,3.32
43,2,1997,3.43
43,2,1998,3.37
43,2,1999,3.16
43,2,2000,2.94
43,2,2001,2.83
43,2,2002,2.74
43,2,2003,2.63
43,2,2004,2.47
43,2,2005,2.31
43,2,2006,2.15
43,2,2007,1.98
43,2,2008,1.85
43,2,2009,1.74
43,2,2010,1.7
43,2,2011,1.66
43,2,2012,1.63
43,2,2013,1.61
43,2,2014,1.63
43,2,2015,1.55
43,2,2016,1.53
43,2,2017,1.48
43,2,2018,1.41
43,2,2019,1.35
43,2,2020,1.27
43,2,2021,1.26
43,2,2022,1.15
43,2,2023,1.07
43,3,1980,7.77
43,3,1981,7.57
43,3,1982,7.59
43,3,1983,7.37
43,3,1984,7.29
43,3,1985,7.18
43,3,1986,7.03
43,3,1987,6.98
43,3,1988,7.11
43,3,1989,7.11
43,3,1990,7.85
43,3,1991,8.76
43,3,1992,9.44
43,3,1993,10.04
43,3,1994,10.61
43,3,1995,11.23
43,3,1996,12.05
43,3,1997,13.52
43,3,1998,14.05
43,3,1999,12.85
43,3,2000,11.26
43,3,2001,9.92
43,3,2002,8.85
43,3,2003,7.97
43,3,2004,7.06
43,3,2005,6.25
43,3,2006,5.63
43,3,2007,5.18
43,3,2008,4.81
43,3,2009,4.5
43,3,2010,4.41
43,3,2011,4.37
43,3,2012,4.31
43,3,2013,4.21
43,3,2014,4.2
43,3,2015,4.01
43,3,2016,3.97
43,3,2017,3.92
43,3,2018,3.88
43,3,2019,3.75
43,3,2020,3.56
43,3,2021,3.52
43,3,2022,3.32
43,3,2023,3.04
44,1,1980,5.39
44,1,1981,5.36
44,1,1982,5.32
44,1,1983,5.22
44,1,1984,4.85
44,1,1985,4.31
44,1,1986,4.14
44,1,1987,4.1
44,1,1988,4.15
44,1,1989,4.17
44,1,1990,4.15
44,1,1991,4.32
44,1,1992,4.39
44,1,1993,4.25
44,1,1994,4.27
44,1,1995,4.05
44,1,1996,3.83
44,1,1997,3.76
44,1,1998,3.55
44,1,1999,3.27
44,1,2000,3.23
44,1,2001,2.98
44,1,2002,2.89
44,1,2003,2.74
44,1,2004,2.55
44,1,2005,2.47
44,1,2006,2.36
44,1,2007,2.41
44,1,2008,2.23
44,1,2009,2.09
44,1,2010,1.96
44,1,2011,1.91
44,1,2012,1.87
44,1,2013,1.85
44,1,2014,1.84
44,1,2015,1.85
44,1,2016,1.83
44,1,2017,1.77
44,1,2018,1.81
44,1,2019,1.82
44,1,2020,1.71
44,1,2021,1.65
44,1,2022,1.65
44,1,2023,1.61
44,2,1980,1.98
44,2,1981,1.93
44,2,1982,1.9
44,2,1983,1.88
44,2,1984,1.79
44,2,1985,1.62
44,2,1986,1.58
44,2,1987,1.54
44,2,1988,1.49
44,2,1989,1.44
44,2,1990,1.34
44,2,1991,1.34
44,2,1992,1.34
44,2,1993,1.31
44,2,1994,1.29
44,2,1995,1.24
44,2,1996,1.17
44,2,1997,1.13
44,2,1998,1.05
44,2,1999,1
44,2,2000,0.96
44,2,2001,0.93
44,2,2002,0.91
44,2,2003,0.87
44,2,2004,0.84
44,2,2005,0.8
44,2,2006,0.78
44,2,2007,0.78
44,2,2008,0.71
44,2,2009,0.68
44,2,2010,0.65
44,2,2011,0.63
44,2,2012,0.6
44,2,2013,0.59
44,2,2014,0.59
44,2,2015,0.6
44,2,2016,0.58
44,2,2017,0.57
44,2,2018,0.56
44,2,2019,0.56
44,2,2020,0.54
44,2,2021,0.54
44,2,2022,0.5
44,2,2023,0.49
44,3,1980,3.63
44,3,1981,3.59
44,3,1982,3.55
44,3,1983,3.49
44,3,1984,3.27
44,3,1985,2.92
44,3,1986,2.82
44,3,1987,2.78
44,3,1988,2.78
44,3,1989,2.77
44,3,1990,2.71
44,3,1991,2.8
44,3,1992,2.84
44,3,1993,2.75
44,3,1994,2.74
44,3,1995,2.6
44,3,1996,2.45
44,3,1997,2.39
44,3,1998,2.24
44,3,1999,2.09
44,3,2000,2.06
44,3,2001,1.92
44,3,2002,1.87
44,3,2003,1.78
44,3,2004,1.68
44,3,2005,1.62
44,3,2006,1.56
44,3,2007,1.58
44,3,2008,1.46
44,3,2009,1.38
44,3,2010,1.29
44,3,2011,1.26
44,3,2012,1.23
44,3,2013,1.21
44,3,2014,1.21
44,3,2015,1.21
44,3,2016,1.2
44,3,2017,1.16
44,3,2018,1.18
44,3,2019,1.18
44,3,2020,1.12
44,3,2021,1.09
44,3,2022,1.07
44,3,2023,1.04
45,1,1980,3.9
45,1,1981,4.34
45,1,1982,4.2
45,1,1983,4.42
45,1,1984,4.6
45,1,1985,4.47
45,1,1986,4.3
45,1,1987,4.06
45,1,1988,4.19
45,1,1989,4.7
45,1,1990,5.88
45,1,1991,6.47
45,1,1992,7.4
45,1,1993,7.77
45,1,1994,8.32
45,1,1995,7.97
45,1,1996,7.85
45,1,1997,7.67
45,1,1998,6.77
45,1,1999,5.87
45,1,2000,5.69
45,1,2001,5.42
45,1,2002,5.06
45,1,2003,4.79
45,1,2004,4.61
45,1,2005,4.1
45,1,2006,3.71
45,1,2007,3.61
45,1,2008,3.33
45,1,2009,3.25
45,1,2010,2.9
45,1,2011,2.71
45,1,2012,2.76
45,1,2013,2.51
45,1,2014,2.51
45,1,2015,2.43
45,1,2016,2.19
45,1,2017,2.09
45,1,2018,2.09
45,1,2019,2.19
45,1,2020,2.25
45,1,2021,2.41
45,1,2022,2.28
45,1,2023,2.16
45,2,1980,1.26
45,2,1981,1.35
45,2,1982,1.5
45,2,1983,1.61
45,2,1984,1.69
45,2,1985,1.69
45,2,1986,1.64
45,2,1987,1.55
45,2,1988,1.62
45,2,1989,1.71
45,2,1990,1.95
45,2,1991,2.06
45,2,1992,2.12
45,2,1993,2.06
45,2,1994,2.12
45,2,1995,2.01
45,2,1996,2.1
45,2,1997,2.24
45,2,1998,2.05
45,2,1999,1.95
45,2,2000,1.88
45,2,2001,1.7
45,2,2002,1.65
45,2,2003,1.55
45,2,2004,1.48
45,2,2005,1.36
45,2,2006,1.33
45,2,2007,1.24
45,2,2008,1.2
45,2,2009,1.16
45,2,2010,1.13
45,2,2011,1.08
45,2,2012,0.98
45,2,2013,0.99
45,2,2014,0.96
45,2,2015,0.89
45,2,2016,0.87
45,2,2017,0.83
45,2,2018,0.82
45,2,2019,0.82
45,2,2020,0.86
45,2,2021,0.87
45,2,2022,0.84
45,2,2023,0.76
45,3,1980,2.57
45,3,1981,2.83
45,3,1982,2.84
45,3,1983,3
45,3,1984,3.13
45,3,1985,3.06
45,3,1986,2.95
45,3,1987,2.79
45,3,1988,2.89
45,3,1989,3.19
45,3,1990,3.89
45,3,1991,4.24
45,3,1992,4.72
45,3,1993,4.88
45,3,1994,5.18
45,3,1995,4.94
45,3,1996,4.93
45,3,1997,4.91
45,3,1998,4.37
45,3,1999,3.88
45,3,2000,3.76
45,3,2001,3.53
45,3,2002,3.33
45,3,2003,3.15
45,3,2004,3.03
45,3,2005,2.71
45,3,2006,2.5
45,3,2007,2.41
45,3,2008,2.25
45,3,2009,2.2
45,3,2010,2
45,3,2011,1.88
45,3,2012,1.86
45,3,2013,1.74
45,3,2014,1.72
45,3,2015,1.65
45,3,2016,1.52
45,3,2017,1.45
45,3,2018,1.45
45,3,2019,1.49
45,3,2020,1.55
45,3,2021,1.64
45,3,2022,1.55
45,3,2023,1.46
46,1,1980,2.9
46,1,1981,3.06
46,1,1982,3.15
46,1,1983,3.25
46,1,1984,3.1
46,1,1985,2.92
46,1,1986,2.88
46,1,1987,2.87
46,1,1988,2.88
46,1,1989,3.07
46,1,1990,3.79
46,1,1991,4.16
46,1,1992,4.79
46,1,1993,4.72
46,1,1994,4.53
46,1,1995,4.13
46,1,1996,3.8
46,1,1997,4.06
46,1,1998,3.7
46,1,1999,3.51
46,1,2000,3.08
46,1,2001,2.74
46,1,2002,2.47
46,1,2003,2.41
46,1,2004,2.19
46,1,2005,2.02
46,1,2006,2.05
46,1,2007,1.96
46,1,2008,1.86
46,1,2009,1.62
46,1,2010,1.5
46,1,2011,1.53
46,1,2012,1.55
46,1,2013,1.36
46,1,2014,1.24
46,1,2015,1.17
46,1,2016,1.2
46,1,2017,1.24
46,1,2018,1.18
46,1,2019,1.23
46,1,2020,1.25
46,1,2021,1.19
46,1,2022,1.2
46,1,2023,1.19
46,2,1980,1.62
46,2,1981,1.62
46,2,1982,1.62
46,2,1983,1.64
46,2,1984,1.61
46,2,1985,1.53
46,2,1986,1.49
46,2,1987,1.47
46,2,1988,1.39
46,2,1989,1.47
46,2,1990,1.6
46,2,1991,1.67
46,2,1992,1.66
46,2,1993,1.63
46,2,1994,1.56
46,2,1995,1.49
46,2,1996,1.5
46,2,1997,1.52
46,2,1998,1.41
46,2,1999,1.31
46,2,2000,1.23
46,2,2001,1.14
46,2,2002,1.13
46,2,2003,1.1
46,2,2004,1.06
46,2,2005,0.98
46,2,2006,0.97
46,2,2007,0.91
46,2,2008,0.88
46,2,2009,0.85
46,2,2010,0.82
46,2,2011,0.79
46,2,2012,0.73
46,2,2013,0.71
46,2,2014,0.66
46,2,2015,0.64
46,2,2016,0.6
46,2,2017,0.59
46,2,2018,0.52
46,2,2019,0.54
46,2,2020,0.55
46,2,2021,0.52
46,2,2022,0.51
46,2,2023,0.49
46,3,1980,2.24
46,3,1981,2.32
46,3,1982,2.36
46,3,1983,2.42
46,3,1984,2.33
46,3,1985,2.21
46,3,1986,2.16
46,3,1987,2.15
46,3,1988,2.12
46,3,1989,2.25
46,3,1990,2.67
46,3,1991,2.89
46,3,1992,3.19
46,3,1993,3.15
46,3,1994,3.02
46,3,1995,2.79
46,3,1996,2.63
46,3,1997,2.75
46,3,1998,2.53
46,3,1999,2.38
46,3,2000,2.13
46,3,2001,1.92
46,3,2002,1.78
46,3,2003,1.74
46,3,2004,1.61
46,3,2005,1.49
46,3,2006,1.5
46,3,2007,1.43
46,3,2008,1.36
46,3,2009,1.22
46,3,2010,1.15
46,3,2011,1.15
46,3,2012,1.13
46,3,2013,1.03
46,3,2014,0.94
46,3,2015,0.9
46,3,2016,0.89
46,3,2017,0.91
46,3,2018,0.84
46,3,2019,0.88
46,3,2020,0.89
46,3,2021,0.85
46,3,2022,0.85
46,3,2023,0.83
47,1,1980,1.88
47,1,1981,1.9
47,1,1982,1.88
47,1,1983,1.93
47,1,1984,1.81
47,1,1985,1.73
47,1,1986,1.76
47,1,1987,1.65
47,1,1988,1.74
47,1,1989,1.96
47,1,1990,2.59
47,1,1991,2.67
47,1,1992,2.89
47,1,1993,2.87
47,1,1994,2.99
47,1,1995,2.73
47,1,1996,2.57
47,1,1997,2.78
47,1,1998,2.56
47,1,1999,2.36
47,1,2000,2.24
47,1,2001,1.99
47,1,2002,1.92
47,1,2003,1.87
47,1,2004,1.77
47,1,2005,1.58
47,1,2006,1.58
47,1,2007,1.51
47,1,2008,1.41
47,1,2009,1.31
47,1,2010,1.19
47,1,2011,1.22
47,1,2012,1.2
47,1,2013,1.08
47,1,2014,1.06
47,1,2015,0.97
47,1,2016,0.88
47,1,2017,0.87
47,1,2018,0.9
47,1,2019,0.96
47,1,2020,0.97
47,1,2021,0.94
47,1,2022,0.94
47,1,2023,0.91
47,2,1980,1.31
47,2,1981,1.29
47,2,1982,1.27
47,2,1983,1.27
47,2,1984,1.24
47,2,1985,1.2
47,2,1986,1.21
47,2,1987,1.18
47,2,1988,1.15
47,2,1989,1.26
47,2,1990,1.49
47,2,1991,1.48
47,2,1992,1.49
47,2,1993,1.45
47,2,1994,1.41
47,2,1995,1.28
47,2,1996,1.22
47,2,1997,1.24
47,2,1998,1.11
47,2,1999,1.07
47,2,2000,1.03
47,2,2001,0.99
47,2,2002,0.99
47,2,2003,0.96
47,2,2004,0.88
47,2,2005,0.85
47,2,2006,0.85
47,2,2007,0.83
47,2,2008,0.75
47,2,2009,0.73
47,2,2010,0.71
47,2,2011,0.68
47,2,2012,0.64
47,2,2013,0.63
47,2,2014,0.55
47,2,2015,0.52
47,2,2016,0.5
47,2,2017,0.48
47,2,2018,0.46
47,2,2019,0.48
47,2,2020,0.5
47,2,2021,0.48
47,2,2022,0.47
47,2,2023,0.45
47,3,1980,1.59
47,3,1981,1.58
47,3,1982,1.56
47,3,1983,1.59
47,3,1984,1.52
47,3,1985,1.46
47,3,1986,1.47
47,3,1987,1.41
47,3,1988,1.44
47,3,1989,1.6
47,3,1990,2.02
47,3,1991,2.05
47,3,1992,2.17
47,3,1993,2.14
47,3,1994,2.18
47,3,1995,1.99
47,3,1996,1.88
47,3,1997,2
47,3,1998,1.82
47,3,1999,1.71
47,3,2000,1.62
47,3,2001,1.48
47,3,2002,1.45
47,3,2003,1.41
47,3,2004,1.32
47,3,2005,1.21
47,3,2006,1.21
47,3,2007,1.17
47,3,2008,1.08
47,3,2009,1.02
47,3,2010,0.95
47,3,2011,0.95
47,3,2012,0.92
47,3,2013,0.85
47,3,2014,0.8
47,3,2015,0.75
47,3,2016,0.69
47,3,2017,0.68
47,3,2018,0.68
47,3,2019,0.72
47,3,2020,0.74
47,3,2021,0.71
47,3,2022,0.71
47,3,2023,0.68
48,1,1980,2.76
48,1,1981,2.85
48,1,1982,2.81
48,1,1983,3.15
48,1,1984,3.3
48,1,1985,3.11
48,1,1986,3.15
48,1,1987,2.94
48,1,1988,3.06
48,1,1989,3.36
48,1,1990,4.06
48,1,1991,4.39
48,1,1992,4.8
48,1,1993,4.66
48,1,1994,4.7
48,1,1995,4.36
48,1,1996,3.95
48,1,1997,4.23
48,1,1998,4
48,1,1999,3.65
48,1,2000,3.27
48,1,2001,3.07
48,1,2002,2.9
48,1,2003,2.63
48,1,2004,2.49
48,1,2005,2.29
48,1,2006,2.24
48,1,2007,2.21
48,1,2008,2.12
48,1,2009,1.91
48,1,2010,1.77
48,1,2011,1.73
48,1,2012,1.78
48,1,2013,1.59
48,1,2014,1.46
48,1,2015,1.42
48,1,2016,1.38
48,1,2017,1.27
48,1,2018,1.33
48,1,2019,1.29
48,1,2020,1.37
48,1,2021,1.35
48,1,2022,1.37
48,1,2023,1.32
48,2,1980,1.49
48,2,1981,1.59
48,2,1982,1.64
48,2,1983,1.84
48,2,1984,1.91
48,2,1985,1.95
48,2,1986,1.95
48,2,1987,1.87
48,2,1988,1.83
48,2,1989,2.05
48,2,1990,2.23
48,2,1991,2.39
48,2,1992,2.48
48,2,1993,2.4
48,2,1994,2.18
48,2,1995,2.06
48,2,1996,2.05
48,2,1997,2.1
48,2,1998,1.97
48,2,1999,1.88
48,2,2000,1.72
48,2,2001,1.55
48,2,2002,1.58
48,2,2003,1.44
48,2,2004,1.37
48,2,2005,1.31
48,2,2006,1.28
48,2,2007,1.22
48,2,2008,1.16
48,2,2009,1.06
48,2,2010,1.01
48,2,2011,1.04
48,2,2012,0.97
48,2,2013,0.91
48,2,2014,0.81
48,2,2015,0.8
48,2,2016,0.74
48,2,2017,0.67
48,2,2018,0.64
48,2,2019,0.66
48,2,2020,0.64
48,2,2021,0.63
48,2,2022,0.63
48,2,2023,0.63
48,3,1980,2.1
48,3,1981,2.2
48,3,1982,2.2
48,3,1983,2.47
48,3,1984,2.58
48,3,1985,2.51
48,3,1986,2.52
48,3,1987,2.38
48,3,1988,2.42
48,3,1989,2.68
48,3,1990,3.11
48,3,1991,3.35
48,3,1992,3.59
48,3,1993,3.49
48,3,1994,3.39
48,3,1995,3.16
48,3,1996,2.96
48,3,1997,3.12
48,3,1998,2.94
48,3,1999,2.72
48,3,2000,2.46
48,3,2001,2.28
48,3,2002,2.21
48,3,2003,2.01
48,3,2004,1.9
48,3,2005,1.78
48,3,2006,1.74
48,3,2007,1.7
48,3,2008,1.62
48,3,2009,1.47
48,3,2010,1.37
48,3,2011,1.37
48,3,2012,1.36
48,3,2013,1.24
48,3,2014,1.13
48,3,2015,1.1
48,3,2016,1.05
48,3,2017,0.97
48,3,2018,0.98
48,3,2019,0.97
48,3,2020,1
48,3,2021,0.98
48,3,2022,0.99
48,3,2023,0.97
49,1,1980,4.8
49,1,1981,4.83
49,1,1982,4.87
49,1,1983,5
49,1,1984,4.9
49,1,1985,4.79
49,1,1986,4.76
49,1,1987,4.84
49,1,1988,4.89
49,1,1989,4.88
49,1,1990,4.9
49,1,1991,4.75
49,1,1992,5.05
49,1,1993,5.17
49,1,1994,5.28
49,1,1995,5.1
49,1,1996,5.18
49,1,1997,5.38
49,1,1998,5.62
49,1,1999,5.44
49,1,2000,5.09
49,1,2001,5.08
49,1,2002,4.99
49,1,2003,4.6
49,1,2004,4.14
49,1,2005,3.73
49,1,2006,3.56
49,1,2007,3.45
49,1,2008,3.13
49,1,2009,2.95
49,1,2010,2.79
49,1,2011,2.57
49,1,2012,2.54
49,1,2013,2.49
49,1,2014,2.47
49,1,2015,2.38
49,1,2016,2.37
49,1,2017,2.24
49,1,2018,2.31
49,1,2019,2.18
49,1,2020,2.2
49,1,2021,2.18
49,1,2022,2.04
49,1,2023,1.99
49,2,1980,2.02
49,2,1981,1.98
49,2,1982,1.91
49,2,1983,1.94
49,2,1984,1.88
49,2,1985,1.82
49,2,1986,1.78
49,2,1987,1.76
49,2,1988,1.72
49,2,1989,1.69
49,2,1990,1.61
49,2,1991,1.56
49,2,1992,1.55
49,2,1993,1.5
49,2,1994,1.5
49,2,1995,1.47
49,2,1996,1.46
49,2,1997,1.48
49,2,1998,1.48
49,2,1999,1.36
49,2,2000,1.23
49,2,2001,1.17
49,2,2002,1.12
49,2,2003,1.08
49,2,2004,1.02
49,2,2005,0.97
49,2,2006,0.96
49,2,2007,0.95
49,2,2008,0.89
49,2,2009,0.84
49,2,2010,0.81
49,2,2011,0.76
49,2,2012,0.76
49,2,2013,0.73
49,2,2014,0.71
49,2,2015,0.7
49,2,2016,0.68
49,2,2017,0.65
49,2,2018,0.64
49,2,2019,0.61
49,2,2020,0.64
49,2,2021,0.63
49,2,2022,0.54
49,2,2023,0.53
49,3,1980,3.41
49,3,1981,3.4
49,3,1982,3.39
49,3,1983,3.47
49,3,1984,3.38
49,3,1985,3.29
49,3,1986,3.26
49,3,1987,3.28
49,3,1988,3.29
49,3,1989,3.27
49,3,1990,3.24
49,3,1991,3.13
49,3,1992,3.28
49,3,1993,3.32
49,3,1994,3.37
49,3,1995,3.26
49,3,1996,3.3
49,3,1997,3.41
49,3,1998,3.53
49,3,1999,3.39
49,3,2000,3.16
49,3,2001,3.13
49,3,2002,3.06
49,3,2003,2.84
49,3,2004,2.58
49,3,2005,2.35
49,3,2006,2.26
49,3,2007,2.2
49,3,2008,2.01
49,3,2009,1.9
49,3,2010,1.8
49,3,2011,1.66
49,3,2012,1.65
49,3,2013,1.61
49,3,2014,1.59
49,3,2015,1.54
49,3,2016,1.52
49,3,2017,1.44
49,3,2018,1.47
49,3,2019,1.39
49,3,2020,1.42
49,3,2021,1.4
49,3,2022,1.29
49,3,2023,1.26
50,1,1980,6.12
50,1,1981,6.06
50,1,1982,6.19
50,1,1983,6.16
50,1,1984,6.03
50,1,1985,5.87
50,1,1986,5.76
50,1,1987,5.68
50,1,1988,5.62
50,1,1989,5.54
50,1,1990,5.7
50,1,1991,5.66
50,1,1992,5.78
50,1,1993,5.79
50,1,1994,6.03
50,1,1995,5.88
50,1,1996,5.9
50,1,1997,6.06
50,1,1998,6.2
50,1,1999,6.48
50,1,2000,6.55
50,1,2001,6.22
50,1,2002,5.89
50,1,2003,5.69
50,1,2004,5.38
50,1,2005,5.11
50,1,2006,4.93
50,1,2007,4.67
50,1,2008,4.34
50,1,2009,4.05
50,1,2010,3.8
50,1,2011,3.58
50,1,2012,3.47
50,1,2013,3.34
50,1,2014,3.22
50,1,2015,3.13
50,1,2016,3.07
50,1,2017,2.99
50,1,2018,2.97
50,1,2019,2.94
50,1,2020,2.75
50,1,2021,2.84
50,1,2022,2.77
50,1,2023,2.76
50,2,1980,3.47
50,2,1981,3.39
50,2,1982,3.34
50,2,1983,3.25
50,2,1984,3.11
50,2,1985,2.99
50,2,1986,2.86
50,2,1987,2.73
50,2,1988,2.61
50,2,1989,2.5
50,2,1990,2.42
50,2,1991,2.31
50,2,1992,2.34
50,2,1993,2.36
50,2,1994,2.44
50,2,1995,2.44
50,2,1996,2.49
50,2,1997,2.52
50,2,1998,2.59
50,2,1999,2.69
50,2,2000,2.67
50,2,2001,2.6
50,2,2002,2.52
50,2,2003,2.42
50,2,2004,2.28
50,2,2005,2.14
50,2,2006,2.05
50,2,2007,1.92
50,2,2008,1.82
50,2,2009,1.75
50,2,2010,1.63
50,2,2011,1.56
50,2,2012,1.52
50,2,2013,1.48
50,2,2014,1.42
50,2,2015,1.36
50,2,2016,1.31
50,2,2017,1.26
50,2,2018,1.2
50,2,2019,1.14
50,2,2020,1.13
50,2,2021,1.21
50,2,2022,1.1
50,2,2023,1.08
50,3,1980,4.74
50,3,1981,4.67
50,3,1982,4.71
50,3,1983,4.65
50,3,1984,4.52
50,3,1985,4.39
50,3,1986,4.27
50,3,1987,4.17
50,3,1988,4.09
50,3,1989,3.99
50,3,1990,4.05
50,3,1991,3.98
50,3,1992,4.05
50,3,1993,4.05
50,3,1994,4.2
50,3,1995,4.13
50,3,1996,4.17
50,3,1997,4.25
50,3,1998,4.36
50,3,1999,4.55
50,3,2000,4.57
50,3,2001,4.36
50,3,2002,4.16
50,3,2003,4.01
50,3,2004,3.79
50,3,2005,3.6
50,3,2006,3.45
50,3,2007,3.26
50,3,2008,3.06
50,3,2009,2.88
50,3,2010,2.7
50,3,2011,2.55
50,3,2012,2.48
50,3,2013,2.39
50,3,2014,2.31
50,3,2015,2.23
50,3,2016,2.18
50,3,2017,2.11
50,3,2018,2.08
50,3,2019,2.03
50,3,2020,1.93
50,3,2021,2.02
50,3,2022,1.93
50,3,2023,1.92
51,1,1980,2.87
51,1,1981,2.89
51,1,1982,2.97
51,1,1983,3.24
51,1,1984,3.38
51,1,1985,3.12
51,1,1986,3.17
51,1,1987,3.13
51,1,1988,3.39
51,1,1989,4
51,1,1990,4.81
51,1,1991,5.12
51,1,1992,5.46
51,1,1993,5.14
51,1,1994,5.44
51,1,1995,5.25
51,1,1996,4.87
51,1,1997,5.01
51,1,1998,4.68
51,1,1999,4.67
51,1,2000,4.23
51,1,2001,3.7
51,1,2002,3.61
51,1,2003,3.32
51,1,2004,3.27
51,1,2005,3.2
51,1,2006,3.15
51,1,2007,3.05
51,1,2008,2.82
51,1,2009,2.53
51,1,2010,2.28
51,1,2011,2.37
51,1,2012,2.26
51,1,2013,2.17
51,1,2014,1.97
51,1,2015,1.79
51,1,2016,1.78
51,1,2017,1.78
51,1,2018,1.82
51,1,2019,2.07
51,1,2020,1.97
51,1,2021,1.83
51,1,2022,1.49
51,1,2023,1.38
51,2,1980,1.41
51,2,1981,1.39
51,2,1982,1.4
51,2,1983,1.44
51,2,1984,1.61
51,2,1985,1.54
51,2,1986,1.51
51,2,1987,1.52
51,2,1988,1.54
51,2,1989,1.65
51,2,1990,1.9
51,2,1991,1.93
51,2,1992,1.77
51,2,1993,1.71
51,2,1994,1.74
51,2,1995,1.71
51,2,1996,1.68
51,2,1997,1.61
51,2,1998,1.39
51,2,1999,1.33
51,2,2000,1.27
51,2,2001,1.16
51,2,2002,1.12
51,2,2003,1.06
51,2,2004,0.92
51,2,2005,0.91
51,2,2006,0.92
51,2,2007,0.82
51,2,2008,0.81
51,2,2009,0.76
51,2,2010,0.71
51,2,2011,0.71
51,2,2012,0.64
51,2,2013,0.62
51,2,2014,0.54
51,2,2015,0.49
51,2,2016,0.48
51,2,2017,0.48
51,2,2018,0.45
51,2,2019,0.56
51,2,2020,0.54
51,2,2021,0.48
51,2,2022,0.41
51,2,2023,0.39
51,3,1980,2.12
51,3,1981,2.11
51,3,1982,2.16
51,3,1983,2.32
51,3,1984,2.47
51,3,1985,2.31
51,3,1986,2.32
51,3,1987,2.3
51,3,1988,2.44
51,3,1989,2.79
51,3,1990,3.32
51,3,1991,3.49
51,3,1992,3.57
51,3,1993,3.37
51,3,1994,3.53
51,3,1995,3.43
51,3,1996,3.24
51,3,1997,3.26
51,3,1998,2.99
51,3,1999,2.95
51,3,2000,2.71
51,3,2001,2.39
51,3,2002,2.33
51,3,2003,2.16
51,3,2004,2.06
51,3,2005,2.02
51,3,2006,2
51,3,2007,1.9
51,3,2008,1.79
51,3,2009,1.62
51,3,2010,1.48
51,3,2011,1.52
51,3,2012,1.44
51,3,2013,1.38
51,3,2014,1.24
51,3,2015,1.13
51,3,2016,1.12
51,3,2017,1.12
51,3,2018,1.13
51,3,2019,1.31
51,3,2020,1.25
51,3,2021,1.15
51,3,2022,0.94
51,3,2023,0.88
52,1,1980,4.9
52,1,1981,5.14
52,1,1982,5
52,1,1983,5.22
52,1,1984,5.21
52,1,1985,5.18
52,1,1986,5.41
52,1,1987,5.33
52,1,1988,5.49
52,1,1989,5.82
52,1,1990,6.99
52,1,1991,6.74
52,1,1992,6.97
52,1,1993,6.33
52,1,1994,6.44
52,1,1995,6
52,1,1996,5.58
52,1,1997,5.52
52,1,1998,5.17
52,1,1999,5.28
52,1,2000,5.21
52,1,2001,5.04
52,1,2002,4.99
52,1,2003,4.84
52,1,2004,4.24
52,1,2005,3.71
52,1,2006,3.35
52,1,2007,3.2
52,1,2008,3.19
52,1,2009,3.1
52,1,2010,3
52,1,2011,2.68
52,1,2012,2.66
52,1,2013,2.4
52,1,2014,2.33
52,1,2015,2.14
52,1,2016,2.09
52,1,2017,1.98
52,1,2018,1.94
52,1,2019,1.9
52,1,2020,1.84
52,1,2021,1.67
52,1,2022,1.75
52,1,2023,1.68
52,2,1980,1.96
52,2,1981,2
52,2,1982,2.05
52,2,1983,2.21
52,2,1984,2.26
52,2,1985,2.28
52,2,1986,2.31
52,2,1987,2.37
52,2,1988,2.4
52,2,1989,2.52
52,2,1990,2.59
52,2,1991,2.45
52,2,1992,2.53
52,2,1993,2.48
52,2,1994,2.52
52,2,1995,2.4
52,2,1996,2.43
52,2,1997,2.42
52,2,1998,2.19
52,2,1999,2.11
52,2,2000,1.98
52,2,2001,1.91
52,2,2002,1.98
52,2,2003,1.91
52,2,2004,1.74
52,2,2005,1.52
52,2,2006,1.46
52,2,2007,1.39
52,2,2008,1.39
52,2,2009,1.35
52,2,2010,1.31
52,2,2011,1.22
52,2,2012,1.16
52,2,2013,1.07
52,2,2014,1.01
52,2,2015,0.91
52,2,2016,0.87
52,2,2017,0.8
52,2,2018,0.77
52,2,2019,0.79
52,2,2020,0.76
52,2,2021,0.71
52,2,2022,0.74
52,2,2023,0.72
52,3,1980,3.4
52,3,1981,3.54
52,3,1982,3.5
52,3,1983,3.68
52,3,1984,3.71
52,3,1985,3.7
52,3,1986,3.83
52,3,1987,3.82
52,3,1988,3.92
52,3,1989,4.14
52,3,1990,4.74
52,3,1991,4.56
52,3,1992,4.71
52,3,1993,4.37
52,3,1994,4.44
52,3,1995,4.17
52,3,1996,3.97
52,3,1997,3.93
52,3,1998,3.64
52,3,1999,3.66
52,3,2000,3.56
52,3,2001,3.44
52,3,2002,3.45
52,3,2003,3.34
52,3,2004,2.96
52,3,2005,2.59
52,3,2006,2.38
52,3,2007,2.28
52,3,2008,2.27
52,3,2009,2.21
52,3,2010,2.14
52,3,2011,1.94
52,3,2012,1.9
52,3,2013,1.73
52,3,2014,1.66
52,3,2015,1.51
52,3,2016,1.47
52,3,2017,1.38
52,3,2018,1.34
52,3,2019,1.33
52,3,2020,1.29
52,3,2021,1.18
52,3,2022,1.23
52,3,2023,1.19
53,1,1980,6.05
53,1,1981,6.1
53,1,1982,6.1
53,1,1983,6.27
53,1,1984,6.05
53,1,1985,5.79
53,1,1986,5.64
53,1,1987,5.59
53,1,1988,5.53
53,1,1989,5.36
53,1,1990,5.37
53,1,1991,5.23
53,1,1992,5.45
53,1,1993,5.51
53,1,1994,5.9
53,1,1995,5.97
53,1,1996,6.05
53,1,1997,6.06
53,1,1998,5.71
53,1,1999,5.67
53,1,2000,5.85
53,1,2001,5.33
53,1,2002,5.09
53,1,2003,4.8
53,1,2004,4.52
53,1,2005,4.16
53,1,2006,3.95
53,1,2007,3.82
53,1,2008,3.57
53,1,2009,3.3
53,1,2010,3.01
53,1,2011,2.82
53,1,2012,2.73
53,1,2013,2.57
53,1,2014,2.46
53,1,2015,2.38
53,1,2016,2.24
53,1,2017,2.2
53,1,2018,2.15
53,1,2019,2.12
53,1,2020,2.1
53,1,2021,2.05
53,1,2022,1.91
53,1,2023,1.88
53,2,1980,2.7
53,2,1981,2.69
53,2,1982,2.67
53,2,1983,2.68
53,2,1984,2.58
53,2,1985,2.5
53,2,1986,2.44
53,2,1987,2.39
53,2,1988,2.31
53,2,1989,2.25
53,2,1990,2.19
53,2,1991,2.16
53,2,1992,2.18
53,2,1993,2.22
53,2,1994,2.32
53,2,1995,2.38
53,2,1996,2.41
53,2,1997,2.38
53,2,1998,2.1
53,2,1999,2.1
53,2,2000,2.04
53,2,2001,1.94
53,2,2002,1.83
53,2,2003,1.77
53,2,2004,1.66
53,2,2005,1.59
53,2,2006,1.51
53,2,2007,1.42
53,2,2008,1.34
53,2,2009,1.27
53,2,2010,1.19
53,2,2011,1.12
53,2,2012,1.08
53,2,2013,1.02
53,2,2014,0.99
53,2,2015,0.97
53,2,2016,0.93
53,2,2017,0.9
53,2,2018,0.86
53,2,2019,0.82
53,2,2020,0.84
53,2,2021,0.84
53,2,2022,0.78
53,2,2023,0.76
53,3,1980,4.34
53,3,1981,4.37
53,3,1982,4.36
53,3,1983,4.45
53,3,1984,4.3
53,3,1985,4.13
53,3,1986,4.03
53,3,1987,3.97
53,3,1988,3.9
53,3,1989,3.79
53,3,1990,3.76
53,3,1991,3.68
53,3,1992,3.79
53,3,1993,3.85
53,3,1994,4.1
53,3,1995,4.16
53,3,1996,4.22
53,3,1997,4.21
53,3,1998,3.89
53,3,1999,3.86
53,3,2000,3.92
53,3,2001,3.6
53,3,2002,3.43
53,3,2003,3.25
53,3,2004,3.05
53,3,2005,2.85
53,3,2006,2.7
53,3,2007,2.59
53,3,2008,2.44
53,3,2009,2.27
53,3,2010,2.08
53,3,2011,1.96
53,3,2012,1.9
53,3,2013,1.79
53,3,2014,1.72
53,3,2015,1.67
53,3,2016,1.59
53,3,2017,1.55
53,3,2018,1.5
53,3,2019,1.47
53,3,2020,1.47
53,3,2021,1.45
53,3,2022,1.35
53,3,2023,1.32
54,1,1980,5.25
54,1,1981,5.4
54,1,1982,5.27
54,1,1983,5.34
54,1,1984,5.14
54,1,1985,4.87
54,1,1986,4.81
54,1,1987,4.73
54,1,1988,4.83
54,1,1989,5.06
54,1,1990,5.19
54,1,1991,5.02
54,1,1992,5.12
54,1,1993,4.86
54,1,1994,4.85
54,1,1995,4.73
54,1,1996,4.55
54,1,1997,4.77
54,1,1998,4.88
54,1,1999,4.76
54,1,2000,4.66
54,1,2001,4.36
54,1,2002,4.32
54,1,2003,4.11
54,1,2004,3.83
54,1,2005,3.77
54,1,2006,3.7
54,1,2007,3.62
54,1,2008,3.35
54,1,2009,3.02
54,1,2010,2.73
54,1,2011,2.62
54,1,2012,2.49
54,1,2013,2.33
54,1,2014,2.31
54,1,2015,2.27
54,1,2016,2.1
54,1,2017,2.05
54,1,2018,2.09
54,1,2019,2
54,1,2020,1.93
54,1,2021,2.01
54,1,2022,1.96
54,1,2023,1.88
54,2,1980,2.27
54,2,1981,2.24
54,2,1982,2.16
54,2,1983,2.18
54,2,1984,2.08
54,2,1985,2.1
54,2,1986,2.05
54,2,1987,2.03
54,2,1988,1.98
54,2,1989,1.96
54,2,1990,2.01
54,2,1991,1.98
54,2,1992,1.92
54,2,1993,1.86
54,2,1994,1.79
54,2,1995,1.75
54,2,1996,1.67
54,2,1997,1.73
54,2,1998,1.68
54,2,1999,1.64
54,2,2000,1.55
54,2,2001,1.52
54,2,2002,1.47
54,2,2003,1.44
54,2,2004,1.4
54,2,2005,1.36
54,2,2006,1.32
54,2,2007,1.31
54,2,2008,1.19
54,2,2009,1.15
54,2,2010,1.05
54,2,2011,1.01
54,2,2012,0.95
54,2,2013,0.91
54,2,2014,0.87
54,2,2015,0.86
54,2,2016,0.82
54,2,2017,0.8
54,2,2018,0.78
54,2,2019,0.75
54,2,2020,0.73
54,2,2021,0.74
54,2,2022,0.7
54,2,2023,0.7
54,3,1980,3.72
54,3,1981,3.78
54,3,1982,3.67
54,3,1983,3.72
54,3,1984,3.57
54,3,1985,3.45
54,3,1986,3.39
54,3,1987,3.34
54,3,1988,3.36
54,3,1989,3.46
54,3,1990,3.56
54,3,1991,3.45
54,3,1992,3.47
54,3,1993,3.31
54,3,1994,3.27
54,3,1995,3.2
54,3,1996,3.07
54,3,1997,3.2
54,3,1998,3.23
54,3,1999,3.15
54,3,2000,3.05
54,3,2001,2.9
54,3,2002,2.85
54,3,2003,2.73
54,3,2004,2.58
54,3,2005,2.53
54,3,2006,2.48
54,3,2007,2.43
54,3,2008,2.24
54,3,2009,2.06
54,3,2010,1.87
54,3,2011,1.79
54,3,2012,1.7
54,3,2013,1.6
54,3,2014,1.57
54,3,2015,1.55
54,3,2016,1.44
54,3,2017,1.41
54,3,2018,1.42
54,3,2019,1.36
54,3,2020,1.32
54,3,2021,1.37
54,3,2022,1.32
54,3,2023,1.28
55,1,1980,2.47
55,1,1981,2.53
55,1,1982,2.62
55,1,1983,2.61
55,1,1984,2.42
55,1,1985,2.3
55,1,1986,2.25
55,1,1987,2.19
55,1,1988,2.16
55,1,1989,2.31
55,1,1990,2.69
55,1,1991,2.81
55,1,1992,2.9
55,1,1993,2.76
55,1,1994,2.8
55,1,1995,2.68
55,1,1996,2.51
55,1,1997,2.81
55,1,1998,2.47
55,1,1999,2.27
55,1,2000,2.05
55,1,2001,1.92
55,1,2002,1.88
55,1,2003,1.78
55,1,2004,1.66
55,1,2005,1.42
55,1,2006,1.36
55,1,2007,1.26
55,1,2008,1.08
55,1,2009,0.98
55,1,2010,0.89
55,1,2011,0.93
55,1,2012,0.92
55,1,2013,0.87
55,1,2014,0.79
55,1,2015,0.74
55,1,2016,0.74
55,1,2017,0.72
55,1,2018,0.67
55,1,2019,0.67
55,1,2020,0.63
55,1,2021,0.63
55,1,2022,0.62
55,1,2023,0.63
55,2,1980,1.56
55,2,1981,1.59
55,2,1982,1.55
55,2,1983,1.52
55,2,1984,1.45
55,2,1985,1.38
55,2,1986,1.29
55,2,1987,1.24
55,2,1988,1.19
55,2,1989,1.28
55,2,1990,1.34
55,2,1991,1.4
55,2,1992,1.41
55,2,1993,1.35
55,2,1994,1.31
55,2,1995,1.23
55,2,1996,1.26
55,2,1997,1.26
55,2,1998,1.13
55,2,1999,1.08
55,2,2000,0.99
55,2,2001,0.93
55,2,2002,0.92
55,2,2003,0.89
55,2,2004,0.84
55,2,2005,0.73
55,2,2006,0.69
55,2,2007,0.67
55,2,2008,0.61
55,2,2009,0.58
55,2,2010,0.56
55,2,2011,0.56
55,2,2012,0.51
55,2,2013,0.5
55,2,2014,0.46
55,2,2015,0.42
55,2,2016,0.39
55,2,2017,0.37
55,2,2018,0.34
55,2,2019,0.33
55,2,2020,0.36
55,2,2021,0.35
55,2,2022,0.37
55,2,2023,0.38
55,3,1980,2
55,3,1981,2.05
55,3,1982,2.07
55,3,1983,2.05
55,3,1984,1.93
55,3,1985,1.83
55,3,1986,1.76
55,3,1987,1.71
55,3,1988,1.67
55,3,1989,1.78
55,3,1990,2
55,3,1991,2.09
55,3,1992,2.14
55,3,1993,2.04
55,3,1994,2.04
55,3,1995,1.94
55,3,1996,1.87
55,3,1997,2.02
55,3,1998,1.79
55,3,1999,1.67
55,3,2000,1.51
55,3,2001,1.42
55,3,2002,1.39
55,3,2003,1.33
55,3,2004,1.25
55,3,2005,1.08
55,3,2006,1.02
55,3,2007,0.96
55,3,2008,0.85
55,3,2009,0.78
55,3,2010,0.73
55,3,2011,0.75
55,3,2012,0.72
55,3,2013,0.69
55,3,2014,0.62
55,3,2015,0.58
55,3,2016,0.57
55,3,2017,0.55
55,3,2018,0.51
55,3,2019,0.5
55,3,2020,0.49
55,3,2021,0.49
55,3,2022,0.5
55,3,2023,0.51
57,1,1980,5.13
57,1,1981,5.52
57,1,1982,6
57,1,1983,6.05
57,1,1984,5.55
57,1,1985,4.67
57,1,1986,4.31
57,1,1987,4.37
57,1,1988,5.3
57,1,1989,7.17
57,1,1990,8.29
57,1,1991,9.17
57,1,1992,11.74
57,1,1993,14.12
57,1,1994,15.09
57,1,1995,16.02
57,1,1996,15.46
57,1,1997,16.57
57,1,1998,17.26
57,1,1999,17.24
57,1,2000,16.64
57,1,2001,16.94
57,1,2002,19.82
57,1,2003,18.65
57,1,2004,18.05
57,1,2005,17.02
57,1,2006,15.73
57,1,2007,15.26
57,1,2008,16.65
57,1,2009,15.43
57,1,2010,13.55
57,1,2011,14.79
57,1,2012,11.48
57,1,2013,10.21
57,1,2014,9.08
57,1,2015,8.46
57,1,2016,6.41
57,1,2017,4.8
57,1,2018,4.6
57,1,2019,4.75
57,1,2020,5.15
57,1,2021,5
57,1,2022,4.43
57,1,2023,4.42
57,2,1980,3
57,2,1981,3
57,2,1982,3.15
57,2,1983,3.09
57,2,1984,2.93
57,2,1985,2.74
57,2,1986,2.43
57,2,1987,2.59
57,2,1988,2.93
57,2,1989,3.34
57,2,1990,3.72
57,2,1991,3.94
57,2,1992,4.72
57,2,1993,5.67
57,2,1994,6.02
57,2,1995,6.79
57,2,1996,6.67
57,2,1997,6.91
57,2,1998,7.03
57,2,1999,7.17
57,2,2000,7.2
57,2,2001,7.33
57,2,2002,7.44
57,2,2003,6.85
57,2,2004,6.51
57,2,2005,5.52
57,2,2006,4.84
57,2,2007,4.67
57,2,2008,4.96
57,2,2009,4.91
57,2,2010,4.22
57,2,2011,4.13
57,2,2012,3.37
57,2,2013,3.03
57,2,2014,2.93
57,2,2015,2.67
57,2,2016,2.27
57,2,2017,1.8
57,2,2018,1.72
57,2,2019,1.75
57,2,2020,1.96
57,2,2021,1.85
57,2,2022,1.57
57,2,2023,1.6
57,3,1980,4.01
57,3,1981,4.19
57,3,1982,4.51
57,3,1983,4.49
57,3,1984,4.17
57,3,1985,3.65
57,3,1986,3.33
57,3,1987,3.45
57,3,1988,4.08
57,3,1989,5.2
57,3,1990,5.94
57,3,1991,6.47
57,3,1992,8.14
57,3,1993,9.76
57,3,1994,10.42
57,3,1995,11.24
57,3,1996,10.92
57,3,1997,11.58
57,3,1998,11.96
57,3,1999,12.01
57,3,2000,11.73
57,3,2001,11.91
57,3,2002,13.32
57,3,2003,12.43
57,3,2004,11.97
57,3,2005,10.96
57,3,2006,9.98
57,3,2007,9.66
57,3,2008,10.45
57,3,2009,9.83
57,3,2010,8.57
57,3,2011,9.11
57,3,2012,7.15
57,3,2013,6.37
57,3,2014,5.79
57,3,2015,5.35
57,3,2016,4.18
57,3,2017,3.17
57,3,2018,3.04
57,3,2019,3.13
57,3,2020,3.42
57,3,2021,3.3
57,3,2022,2.89
57,3,2023,2.91
58,1,1980,9.52
58,1,1981,9.89
58,1,1982,9.7
58,1,1983,9.82
58,1,1984,9.01
58,1,1985,7.74
58,1,1986,7.03
58,1,1987,6.92
58,1,1988,8.43
58,1,1989,11.42
58,1,1990,15.19
58,1,1991,18.55
58,1,1992,26.21
58,1,1993,32.07
58,1,1994,35.98
58,1,1995,35.61
58,1,1996,30.54
58,1,1997,28.39
58,1,1998,27.37
58,1,1999,25.31
58,1,2000,23.96
58,1,2001,22.91
58,1,2002,20.85
58,1,2003,18.77
58,1,2004,17.18
58,1,2005,15.94
58,1,2006,14.41
58,1,2007,13.56
58,1,2008,12.15
58,1,2009,10.74
58,1,2010,9.51
58,1,2011,9.58
58,1,2012,8.43
58,1,2013,7.72
58,1,2014,7.09
58,1,2015,6.48
58,1,2016,5.91
58,1,2017,5.09
58,1,2018,4.88
58,1,2019,4.64
58,1,2020,4.88
58,1,2021,4.39
58,1,2022,4.39
58,1,2023,4.33
58,2,1980,2.95
58,2,1981,3.01
58,2,1982,3.05
58,2,1983,2.96
58,2,1984,2.81
58,2,1985,2.63
58,2,1986,2.42
58,2,1987,2.38
58,2,1988,2.73
58,2,1989,3.14
58,2,1990,3.45
58,2,1991,3.94
58,2,1992,4.7
58,2,1993,5.74
58,2,1994,6.45
58,2,1995,6.2
58,2,1996,6
58,2,1997,5.74
58,2,1998,5.71
58,2,1999,5.57
58,2,2000,5.18
58,2,2001,5.07
58,2,2002,4.7
58,2,2003,4.38
58,2,2004,3.84
58,2,2005,3.63
58,2,2006,3.26
58,2,2007,2.8
58,2,2008,2.57
58,2,2009,2.45
58,2,2010,2.09
58,2,2011,1.95
58,2,2012,1.85
58,2,2013,1.76
58,2,2014,1.51
58,2,2015,1.43
58,2,2016,1.38
58,2,2017,1.19
58,2,2018,1.06
58,2,2019,1
58,2,2020,0.99
58,2,2021,0.92
58,2,2022,0.91
58,2,2023,0.9
58,3,1980,6.02
58,3,1981,6.22
58,3,1982,6.16
58,3,1983,6.17
58,3,1984,5.72
58,3,1985,5.03
58,3,1986,4.59
58,3,1987,4.51
58,3,1988,5.42
58,3,1989,7.06
58,3,1990,9.02
58,3,1991,10.9
58,3,1992,14.96
58,3,1993,18.28
58,3,1994,20.48
58,3,1995,20.1
58,3,1996,17.57
58,3,1997,16.38
58,3,1998,15.88
58,3,1999,14.84
58,3,2000,14.05
58,3,2001,13.51
58,3,2002,12.33
58,3,2003,11.19
58,3,2004,10.13
58,3,2005,9.44
58,3,2006,8.51
58,3,2007,7.87
58,3,2008,7.09
58,3,2009,6.36
58,3,2010,5.61
58,3,2011,5.58
58,3,2012,4.98
58,3,2013,4.6
58,3,2014,4.17
58,3,2015,3.82
58,3,2016,3.54
58,3,2017,3.04
58,3,2018,2.88
58,3,2019,2.74
58,3,2020,2.86
58,3,2021,2.58
58,3,2022,2.57
58,3,2023,2.53
59,1,1980,7.82
59,1,1981,8.41
59,1,1982,7.86
59,1,1983,7.17
59,1,1984,6.73
59,1,1985,6.12
59,1,1986,5.68
59,1,1987,5.89
59,1,1988,7.81
59,1,1989,11.08
59,1,1990,14.24
59,1,1991,17.71
59,1,1992,24.53
59,1,1993,31.37
59,1,1994,33.33
59,1,1995,29.78
59,1,1996,24.62
59,1,1997,23.07
59,1,1998,21.05
59,1,1999,20.19
59,1,2000,19.8
59,1,2001,18.93
59,1,2002,18.52
59,1,2003,17.38
59,1,2004,16.13
59,1,2005,15.97
59,1,2006,15.24
59,1,2007,13.93
59,1,2008,12.93
59,1,2009,11.59
59,1,2010,10.43
59,1,2011,10.27
59,1,2012,9.51
59,1,2013,9.21
59,1,2014,9.15
59,1,2015,8.43
59,1,2016,7.7
59,1,2017,6.98
59,1,2018,6.91
59,1,2019,6.61
59,1,2020,6.21
59,1,2021,6.41
59,1,2022,6.81
59,1,2023,6.61
59,2,1980,3.52
59,2,1981,3.6
59,2,1982,3.5
59,2,1983,3.45
59,2,1984,3.28
59,2,1985,3.01
59,2,1986,2.69
59,2,1987,2.75
59,2,1988,3.25
59,2,1989,3.98
59,2,1990,4.5
59,2,1991,5.18
59,2,1992,6.61
59,2,1993,8.53
59,2,1994,9.37
59,2,1995,8.83
59,2,1996,7.69
59,2,1997,7.49
59,2,1998,7.13
59,2,1999,6.95
59,2,2000,6.52
59,2,2001,6.48
59,2,2002,6.14
59,2,2003,6.07
59,2,2004,5.58
59,2,2005,4.94
59,2,2006,4.52
59,2,2007,3.87
59,2,2008,3.72
59,2,2009,3.23
59,2,2010,3.08
59,2,2011,2.9
59,2,2012,2.72
59,2,2013,2.66
59,2,2014,2.46
59,2,2015,2.24
59,2,2016,1.98
59,2,2017,1.83
59,2,2018,1.7
59,2,2019,1.55
59,2,2020,1.59
59,2,2021,1.67
59,2,2022,1.65
59,2,2023,1.62
59,3,1980,5.55
59,3,1981,5.88
59,3,1982,5.58
59,3,1983,5.23
59,3,1984,4.93
59,3,1985,4.5
59,3,1986,4.12
59,3,1987,4.26
59,3,1988,5.44
59,3,1989,7.38
59,3,1990,9.15
59,3,1991,11.17
59,3,1992,15.17
59,3,1993,19.42
59,3,1994,20.74
59,3,1995,18.76
59,3,1996,15.71
59,3,1997,14.83
59,3,1998,13.69
59,3,1999,13.19
59,3,2000,12.76
59,3,2001,12.34
59,3,2002,11.96
59,3,2003,11.39
59,3,2004,10.54
59,3,2005,10.13
59,3,2006,9.56
59,3,2007,8.6
59,3,2008,8.03
59,3,2009,7.15
59,3,2010,6.52
59,3,2011,6.35
59,3,2012,5.91
59,3,2013,5.74
59,3,2014,5.62
59,3,2015,5.15
59,3,2016,4.68
59,3,2017,4.26
59,3,2018,4.17
59,3,2019,3.95
59,3,2020,3.79
59,3,2021,3.92
59,3,2022,4.11
59,3,2023,4.01
60,1,1980,7.22
60,1,1981,7.55
60,1,1982,7.74
60,1,1983,7.93
60,1,1984,7.82
60,1,1985,6.84
60,1,1986,5.53
60,1,1987,5.07
60,1,1988,6.05
60,1,1989,7.94
60,1,1990,10.31
60,1,1991,12.55
60,1,1992,15.72
60,1,1993,18.76
60,1,1994,20.2
60,1,1995,18.94
60,1,1996,16.11
60,1,1997,15.46
60,1,1998,14.75
60,1,1999,14.87
60,1,2000,16.04
60,1,2001,15.8
60,1,2002,15.05
60,1,2003,15.27
60,1,2004,15.02
60,1,2005,15.29
60,1,2006,14.84
60,1,2007,14.25
60,1,2008,13.43
60,1,2009,11.64
60,1,2010,10.82
60,1,2011,10.1
60,1,2012,8.96
60,1,2013,8.64
60,1,2014,8.04
60,1,2015,7.8
60,1,2016,7.08
60,1,2017,6.15
60,1,2018,5.95
60,1,2019,5.37
60,1,2020,5.19
60,1,2021,4.58
60,1,2022,4.27
60,1,2023,4.45
60,2,1980,3.43
60,2,1981,3.45
60,2,1982,3.31
60,2,1983,3.19
60,2,1984,2.82
60,2,1985,2.57
60,2,1986,2.4
60,2,1987,2.48
60,2,1988,2.82
60,2,1989,3.3
60,2,1990,3.76
60,2,1991,4.17
60,2,1992,4.8
60,2,1993,5.79
60,2,1994,6.28
60,2,1995,6.27
60,2,1996,5.77
60,2,1997,5.41
60,2,1998,5.16
60,2,1999,5.03
60,2,2000,5.05
60,2,2001,4.99
60,2,2002,4.6
60,2,2003,4.73
60,2,2004,4.56
60,2,2005,4.47
60,2,2006,4.02
60,2,2007,3.84
60,2,2008,3.74
60,2,2009,3.23
60,2,2010,3.1
60,2,2011,2.83
60,2,2012,2.53
60,2,2013,2.35
60,2,2014,2.14
60,2,2015,2.01
60,2,2016,1.77
60,2,2017,1.56
60,2,2018,1.32
60,2,2019,1.25
60,2,2020,1.23
60,2,2021,1.23
60,2,2022,1.28
60,2,2023,1.26
60,3,1980,5.26
60,3,1981,5.43
60,3,1982,5.45
60,3,1983,5.47
60,3,1984,5.22
60,3,1985,4.63
60,3,1986,3.91
60,3,1987,3.72
60,3,1988,4.37
60,3,1989,5.52
60,3,1990,6.89
60,3,1991,8.18
60,3,1992,10.01
60,3,1993,11.96
60,3,1994,12.89
60,3,1995,12.27
60,3,1996,10.67
60,3,1997,10.15
60,3,1998,9.69
60,3,1999,9.67
60,3,2000,10.23
60,3,2001,10.09
60,3,2002,9.53
60,3,2003,9.71
60,3,2004,9.51
60,3,2005,9.6
60,3,2006,9.17
60,3,2007,8.77
60,3,2008,8.31
60,3,2009,7.21
60,3,2010,6.75
60,3,2011,6.26
60,3,2012,5.56
60,3,2013,5.32
60,3,2014,4.93
60,3,2015,4.76
60,3,2016,4.29
60,3,2017,3.75
60,3,2018,3.53
60,3,2019,3.21
60,3,2020,3.11
60,3,2021,2.83
60,3,2022,2.71
60,3,2023,2.8
61,1,1980,11.56
61,1,1981,12.23
61,1,1982,12.33
61,1,1983,12.55
61,1,1984,10.09
61,1,1985,8.61
61,1,1986,7.49
61,1,1987,7.5
61,1,1988,9.22
61,1,1989,11.72
61,1,1990,14.27
61,1,1991,16.66
61,1,1992,21.63
61,1,1993,22.58
61,1,1994,25.89
61,1,1995,26.23
61,1,1996,23.61
61,1,1997,21.54
61,1,1998,20.43
61,1,1999,20.1
61,1,2000,19.97
61,1,2001,17.27
61,1,2002,16.49
61,1,2003,14.93
61,1,2004,13.96
61,1,2005,13.77
61,1,2006,12.76
61,1,2007,12.37
61,1,2008,11.99
61,1,2009,11.25
61,1,2010,11.08
61,1,2011,10.15
61,1,2012,9.86
61,1,2013,9.84
61,1,2014,8.78
61,1,2015,8
61,1,2016,7.59
61,1,2017,6.32
61,1,2018,6.33
61,1,2019,6.36
61,1,2020,5.68
61,1,2021,5.22
61,1,2022,5.55
61,1,2023,5.49
61,2,1980,6.84
61,2,1981,6.63
61,2,1982,6.66
61,2,1983,6.98
61,2,1984,6.25
61,2,1985,5.7
61,2,1986,4.81
61,2,1987,4.38
61,2,1988,4.78
61,2,1989,5.18
61,2,1990,5.79
61,2,1991,6.75
61,2,1992,7.61
61,2,1993,8.48
61,2,1994,9
61,2,1995,8.94
61,2,1996,8.48
61,2,1997,7.71
61,2,1998,7.2
61,2,1999,7.13
61,2,2000,7.27
61,2,2001,6.96
61,2,2002,6.78
61,2,2003,6.57
61,2,2004,6
61,2,2005,5.67
61,2,2006,5.18
61,2,2007,4.96
61,2,2008,4.55
61,2,2009,4.31
61,2,2010,3.99
61,2,2011,3.45
61,2,2012,3.4
61,2,2013,3.11
61,2,2014,2.89
61,2,2015,2.75
61,2,2016,2.37
61,2,2017,2.16
61,2,2018,2.01
61,2,2019,2.03
61,2,2020,1.76
61,2,2021,1.53
61,2,2022,1.67
61,2,2023,1.7
61,3,1980,9
61,3,1981,9.19
61,3,1982,9.26
61,3,1983,9.54
61,3,1984,8.02
61,3,1985,7.04
61,3,1986,6.06
61,3,1987,5.84
61,3,1988,6.86
61,3,1989,8.26
61,3,1990,9.8
61,3,1991,11.42
61,3,1992,14.25
61,3,1993,15.16
61,3,1994,16.98
61,3,1995,17.14
61,3,1996,15.67
61,3,1997,14.28
61,3,1998,13.48
61,3,1999,13.28
61,3,2000,13.32
61,3,2001,11.87
61,3,2002,11.39
61,3,2003,10.54
61,3,2004,9.79
61,3,2005,9.53
61,3,2006,8.79
61,3,2007,8.48
61,3,2008,8.09
61,3,2009,7.61
61,3,2010,7.37
61,3,2011,6.66
61,3,2012,6.48
61,3,2013,6.33
61,3,2014,5.69
61,3,2015,5.24
61,3,2016,4.87
61,3,2017,4.15
61,3,2018,4.09
61,3,2019,4.11
61,3,2020,3.65
61,3,2021,3.31
61,3,2022,3.54
61,3,2023,3.53
62,1,1980,22.42
62,1,1981,23.36
62,1,1982,21.71
62,1,1983,22.34
62,1,1984,22.69
62,1,1985,22.71
62,1,1986,19.82
62,1,1987,18.68
62,1,1988,20.77
62,1,1989,23.37
62,1,1990,26.47
62,1,1991,29.96
62,1,1992,40.29
62,1,1993,53.59
62,1,1994,60.77
62,1,1995,59.79
62,1,1996,50.33
62,1,1997,45.78
62,1,1998,44.56
62,1,1999,49.58
62,1,2000,52.27
62,1,2001,52.71
62,1,2002,53.79
62,1,2003,51.87
62,1,2004,49.3
62,1,2005,45.98
62,1,2006,37.97
62,1,2007,34.75
62,1,2008,32.66
62,1,2009,28.85
62,1,2010,27.84
62,1,2011,26.11
62,1,2012,24.62
62,1,2013,23.91
62,1,2014,22.82
62,1,2015,21.89
62,1,2016,19.88
62,1,2017,17.87
62,1,2018,16.54
62,1,2019,16.03
62,1,2020,15.86
62,1,2021,15.07
62,1,2022,15.2
62,1,2023,15.04
62,2,1980,7.39
62,2,1981,7.31
62,2,1982,6.98
62,2,1983,7.06
62,2,1984,7.35
62,2,1985,7.52
62,2,1986,6.84
62,2,1987,6.6
62,2,1988,6.7
62,2,1989,6.91
62,2,1990,7.55
62,2,1991,8.36
62,2,1992,10.91
62,2,1993,14.5
62,2,1994,16.32
62,2,1995,15.72
62,2,1996,14.18
62,2,1997,13.02
62,2,1998,12.79
62,2,1999,13.91
62,2,2000,14.24
62,2,2001,14.38
62,2,2002,14.42
62,2,2003,14.09
62,2,2004,13.28
62,2,2005,12.36
62,2,2006,10.43
62,2,2007,9.3
62,2,2008,8.65
62,2,2009,7.99
62,2,2010,7.61
62,2,2011,6.98
62,2,2012,6.53
62,2,2013,6.2
62,2,2014,5.93
62,2,2015,5.66
62,2,2016,5.21
62,2,2017,4.71
62,2,2018,4.44
62,2,2019,4.12
62,2,2020,4.02
62,2,2021,3.82
62,2,2022,3.51
62,2,2023,3.69
62,3,1980,14.45
62,3,1981,14.86
62,3,1982,13.93
62,3,1983,14.27
62,3,1984,14.62
62,3,1985,14.76
62,3,1986,13.03
62,3,1987,12.38
62,3,1988,13.45
62,3,1989,14.83
62,3,1990,16.67
62,3,1991,18.79
62,3,1992,25.1
62,3,1993,33.33
62,3,1994,37.67
62,3,1995,36.84
62,3,1996,31.49
62,3,1997,28.69
62,3,1998,27.99
62,3,1999,30.94
62,3,2000,32.38
62,3,2001,32.61
62,3,2002,33.09
62,3,2003,31.98
62,3,2004,30.3
62,3,2005,28.24
62,3,2006,23.44
62,3,2007,21.32
62,3,2008,19.96
62,3,2009,17.81
62,3,2010,17.13
62,3,2011,15.99
62,3,2012,15.07
62,3,2013,14.57
62,3,2014,13.92
62,3,2015,13.33
62,3,2016,12.13
62,3,2017,10.92
62,3,2018,10.15
62,3,2019,9.74
62,3,2020,9.61
62,3,2021,9.13
62,3,2022,9.06
62,3,2023,9.07
63,1,1980,6.65
63,1,1981,7.16
63,1,1982,7.16
63,1,1983,6.91
63,1,1984,5.91
63,1,1985,4.96
63,1,1986,4.36
63,1,1987,4.48
63,1,1988,5.59
63,1,1989,7.9
63,1,1990,9.72
63,1,1991,11.58
63,1,1992,15.13
63,1,1993,17.15
63,1,1994,20.81
63,1,1995,23.82
63,1,1996,22.52
63,1,1997,19.78
63,1,1998,18.12
63,1,1999,18.91
63,1,2000,19.51
63,1,2001,18.67
63,1,2002,18.56
63,1,2003,17.32
63,1,2004,17.6
63,1,2005,19.84
63,1,2006,18.91
63,1,2007,19.4
63,1,2008,17.51
63,1,2009,14.32
63,1,2010,12.91
63,1,2011,11.78
63,1,2012,11.37
63,1,2013,11.5
63,1,2014,12.64
63,1,2015,10.94
63,1,2016,9.87
63,1,2017,9.77
63,1,2018,9.99
63,1,2019,10.1
63,1,2020,10
63,1,2021,9.6
63,1,2022,9.17
63,1,2023,9.29
63,2,1980,2.86
63,2,1981,2.9
63,2,1982,2.81
63,2,1983,2.73
63,2,1984,2.62
63,2,1985,2.5
63,2,1986,2.24
63,2,1987,2.4
63,2,1988,2.71
63,2,1989,3.22
63,2,1990,3.67
63,2,1991,4.13
63,2,1992,4.92
63,2,1993,5.71
63,2,1994,6.62
63,2,1995,7.36
63,2,1996,7.38
63,2,1997,6.8
63,2,1998,6.32
63,2,1999,6.64
63,2,2000,6.84
63,2,2001,6.79
63,2,2002,6.72
63,2,2003,6.47
63,2,2004,6.38
63,2,2005,6.47
63,2,2006,6.01
63,2,2007,5.67
63,2,2008,5.24
63,2,2009,4.53
63,2,2010,3.97
63,2,2011,3.6
63,2,2012,3.35
63,2,2013,3.42
63,2,2014,3.39
63,2,2015,3.06
63,2,2016,2.84
63,2,2017,2.73
63,2,2018,2.75
63,2,2019,2.7
63,2,2020,2.68
63,2,2021,2.56
63,2,2022,2.53
63,2,2023,2.59
63,3,1980,4.64
63,3,1981,4.91
63,3,1982,4.87
63,3,1983,4.7
63,3,1984,4.17
63,3,1985,3.66
63,3,1986,3.24
63,3,1987,3.39
63,3,1988,4.1
63,3,1989,5.47
63,3,1990,6.58
63,3,1991,7.71
63,3,1992,9.81
63,3,1993,11.2
63,3,1994,13.42
63,3,1995,15.23
63,3,1996,14.6
63,3,1997,12.99
63,3,1998,11.95
63,3,1999,12.49
63,3,2000,12.86
63,3,2001,12.41
63,3,2002,12.31
63,3,2003,11.61
63,3,2004,11.66
63,3,2005,12.74
63,3,2006,12.05
63,3,2007,12.11
63,3,2008,10.97
63,3,2009,9.1
63,3,2010,8.15
63,3,2011,7.41
63,3,2012,7.1
63,3,2013,7.21
63,3,2014,7.76
63,3,2015,6.77
63,3,2016,6.16
63,3,2017,6.06
63,3,2018,6.18
63,3,2019,6.21
63,3,2020,6.16
63,3,2021,5.91
63,3,2022,5.7
63,3,2023,5.8
66,1,1980,2.48
66,1,1981,2.47
66,1,1982,2.48
66,1,1983,2.48
66,1,1984,2.43
66,1,1985,2.4
66,1,1986,2.42
66,1,1987,2.39
66,1,1988,2.36
66,1,1989,2.36
66,1,1990,2.38
66,1,1991,2.35
66,1,1992,2.29
66,1,1993,2.24
66,1,1994,2.21
66,1,1995,2.16
66,1,1996,2.13
66,1,1997,2.03
66,1,1998,1.89
66,1,1999,1.73
66,1,2000,1.6
66,1,2001,1.53
66,1,2002,1.47
66,1,2003,1.39
66,1,2004,1.38
66,1,2005,1.35
66,1,2006,1.27
66,1,2007,1.29
66,1,2008,1.25
66,1,2009,1.25
66,1,2010,1.24
66,1,2011,1.22
66,1,2012,1.21
66,1,2013,1.21
66,1,2014,1.19
66,1,2015,1.18
66,1,2016,1.17
66,1,2017,1.14
66,1,2018,1.12
66,1,2019,1.11
66,1,2020,1.13
66,1,2021,1.15
66,1,2022,1.19
66,1,2023,1.15
66,2,1980,1.52
66,2,1981,1.44
66,2,1982,1.38
66,2,1983,1.31
66,2,1984,1.25
66,2,1985,1.19
66,2,1986,1.15
66,2,1987,1.11
66,2,1988,1.06
66,2,1989,1.03
66,2,1990,0.99
66,2,1991,0.97
66,2,1992,0.94
66,2,1993,0.91
66,2,1994,0.89
66,2,1995,0.86
66,2,1996,0.83
66,2,1997,0.81
66,2,1998,0.77
66,2,1999,0.76
66,2,2000,0.74
66,2,2001,0.71
66,2,2002,0.68
66,2,2003,0.64
66,2,2004,0.64
66,2,2005,0.63
66,2,2006,0.61
66,2,2007,0.63
66,2,2008,0.64
66,2,2009,0.65
66,2,2010,0.65
66,2,2011,0.64
66,2,2012,0.63
66,2,2013,0.63
66,2,2014,0.62
66,2,2015,0.62
66,2,2016,0.61
66,2,2017,0.6
66,2,2018,0.59
66,2,2019,0.58
66,2,2020,0.57
66,2,2021,0.59
66,2,2022,0.6
66,2,2023,0.57
66,3,1980,2.04
66,3,1981,2
66,3,1982,1.97
66,3,1983,1.95
66,3,1984,1.89
66,3,1985,1.85
66,3,1986,1.84
66,3,1987,1.8
66,3,1988,1.76
66,3,1989,1.74
66,3,1990,1.73
66,3,1991,1.7
66,3,1992,1.66
66,3,1993,1.61
66,3,1994,1.58
66,3,1995,1.54
66,3,1996,1.5
66,3,1997,1.44
66,3,1998,1.35
66,3,1999,1.26
66,3,2000,1.18
66,3,2001,1.13
66,3,2002,1.08
66,3,2003,1.02
66,3,2004,1.02
66,3,2005,1
66,3,2006,0.95
66,3,2007,0.97
66,3,2008,0.95
66,3,2009,0.96
66,3,2010,0.95
66,3,2011,0.94
66,3,2012,0.93
66,3,2013,0.93
66,3,2014,0.91
66,3,2015,0.91
66,3,2016,0.91
66,3,2017,0.88
66,3,2018,0.87
66,3,2019,0.86
66,3,2020,0.87
66,3,2021,0.89
66,3,2022,0.91
66,3,2023,0.88
67,1,1980,1.5
67,1,1981,1.48
67,1,1982,1.48
67,1,1983,1.5
67,1,1984,1.41
67,1,1985,1.39
67,1,1986,1.36
67,1,1987,1.29
67,1,1988,1.18
67,1,1989,1.11
67,1,1990,1.05
67,1,1991,1.01
67,1,1992,1.04
67,1,1993,1.07
67,1,1994,1.09
67,1,1995,0.93
67,1,1996,0.91
67,1,1997,0.96
67,1,1998,1.02
67,1,1999,0.99
67,1,2000,0.96
67,1,2001,0.95
67,1,2002,0.96
67,1,2003,0.91
67,1,2004,0.85
67,1,2005,0.78
67,1,2006,0.77
67,1,2007,0.71
67,1,2008,0.67
67,1,2009,0.63
67,1,2010,0.61
67,1,2011,0.55
67,1,2012,0.52
67,1,2013,0.52
67,1,2014,0.52
67,1,2015,0.49
67,1,2016,0.5
67,1,2017,0.49
67,1,2018,0.49
67,1,2019,0.51
67,1,2020,0.47
67,1,2021,0.48
67,1,2022,0.43
67,1,2023,0.46
67,2,1980,1.09
67,2,1981,1.09
67,2,1982,1.06
67,2,1983,1.08
67,2,1984,1.09
67,2,1985,0.99
67,2,1986,0.94
67,2,1987,0.91
67,2,1988,0.91
67,2,1989,0.8
67,2,1990,0.77
67,2,1991,0.74
67,2,1992,0.76
67,2,1993,0.75
67,2,1994,0.7
67,2,1995,0.65
67,2,1996,0.63
67,2,1997,0.63
67,2,1998,0.64
67,2,1999,0.65
67,2,2000,0.67
67,2,2001,0.63
67,2,2002,0.61
67,2,2003,0.61
67,2,2004,0.6
67,2,2005,0.56
67,2,2006,0.54
67,2,2007,0.52
67,2,2008,0.51
67,2,2009,0.47
67,2,2010,0.44
67,2,2011,0.41
67,2,2012,0.41
67,2,2013,0.39
67,2,2014,0.39
67,2,2015,0.38
67,2,2016,0.35
67,2,2017,0.33
67,2,2018,0.34
67,2,2019,0.36
67,2,2020,0.32
67,2,2021,0.31
67,2,2022,0.3
67,2,2023,0.31
67,3,1980,1.29
67,3,1981,1.28
67,3,1982,1.27
67,3,1983,1.29
67,3,1984,1.25
67,3,1985,1.19
67,3,1986,1.15
67,3,1987,1.1
67,3,1988,1.05
67,3,1989,0.96
67,3,1990,0.91
67,3,1991,0.87
67,3,1992,0.9
67,3,1993,0.91
67,3,1994,0.9
67,3,1995,0.79
67,3,1996,0.77
67,3,1997,0.8
67,3,1998,0.83
67,3,1999,0.82
67,3,2000,0.81
67,3,2001,0.79
67,3,2002,0.79
67,3,2003,0.76
67,3,2004,0.73
67,3,2005,0.67
67,3,2006,0.65
67,3,2007,0.61
67,3,2008,0.59
67,3,2009,0.55
67,3,2010,0.52
67,3,2011,0.48
67,3,2012,0.47
67,3,2013,0.45
67,3,2014,0.45
67,3,2015,0.44
67,3,2016,0.43
67,3,2017,0.41
67,3,2018,0.41
67,3,2019,0.44
67,3,2020,0.4
67,3,2021,0.4
67,3,2022,0.36
67,3,2023,0.39
68,1,1980,4.44
68,1,1981,4.06
68,1,1982,4.02
68,1,1983,3.93
68,1,1984,3.54
68,1,1985,3.37
68,1,1986,3.18
68,1,1987,3.14
68,1,1988,3.03
68,1,1989,3.06
68,1,1990,3
68,1,1991,2.89
68,1,1992,2.85
68,1,1993,2.81
68,1,1994,2.97
68,1,1995,2.87
68,1,1996,2.91
68,1,1997,2.96
68,1,1998,3
68,1,1999,2.86
68,1,2000,2.82
68,1,2001,2.82
68,1,2002,2.81
68,1,2003,2.82
68,1,2004,2.8
68,1,2005,2.62
68,1,2006,2.53
68,1,2007,2.42
68,1,2008,2.32
68,1,2009,2.22
68,1,2010,2.03
68,1,2011,1.82
68,1,2012,1.63
68,1,2013,1.47
68,1,2014,1.34
68,1,2015,1.23
68,1,2016,1.13
68,1,2017,1.04
68,1,2018,0.98
68,1,2019,0.94
68,1,2020,0.91
68,1,2021,0.88
68,1,2022,0.88
68,1,2023,0.89
68,2,1980,3.5
68,2,1981,3.13
68,2,1982,2.99
68,2,1983,2.92
68,2,1984,2.61
68,2,1985,2.42
68,2,1986,2.28
68,2,1987,2.2
68,2,1988,2.06
68,2,1989,1.99
68,2,1990,1.9
68,2,1991,1.79
68,2,1992,1.7
68,2,1993,1.6
68,2,1994,1.57
68,2,1995,1.48
68,2,1996,1.49
68,2,1997,1.58
68,2,1998,1.72
68,2,1999,1.8
68,2,2000,1.89
68,2,2001,1.97
68,2,2002,2.04
68,2,2003,2.05
68,2,2004,2
68,2,2005,1.89
68,2,2006,1.76
68,2,2007,1.64
68,2,2008,1.52
68,2,2009,1.38
68,2,2010,1.27
68,2,2011,1.15
68,2,2012,1.06
68,2,2013,0.98
68,2,2014,0.91
68,2,2015,0.86
68,2,2016,0.81
68,2,2017,0.76
68,2,2018,0.74
68,2,2019,0.72
68,2,2020,0.7
68,2,2021,0.69
68,2,2022,0.68
68,2,2023,0.69
68,3,1980,3.95
68,3,1981,3.58
68,3,1982,3.49
68,3,1983,3.41
68,3,1984,3.06
68,3,1985,2.88
68,3,1986,2.72
68,3,1987,2.66
68,3,1988,2.53
68,3,1989,2.52
68,3,1990,2.45
68,3,1991,2.34
68,3,1992,2.27
68,3,1993,2.21
68,3,1994,2.27
68,3,1995,2.18
68,3,1996,2.2
68,3,1997,2.27
68,3,1998,2.36
68,3,1999,2.32
68,3,2000,2.35
68,3,2001,2.39
68,3,2002,2.42
68,3,2003,2.43
68,3,2004,2.39
68,3,2005,2.24
68,3,2006,2.13
68,3,2007,2.02
68,3,2008,1.91
68,3,2009,1.79
68,3,2010,1.64
68,3,2011,1.48
68,3,2012,1.34
68,3,2013,1.22
68,3,2014,1.12
68,3,2015,1.04
68,3,2016,0.97
68,3,2017,0.9
68,3,2018,0.86
68,3,2019,0.82
68,3,2020,0.8
68,3,2021,0.78
68,3,2022,0.78
68,3,2023,0.79
69,1,1980,4.43
69,1,1981,4.4
69,1,1982,4.25
69,1,1983,4.32
69,1,1984,3.88
69,1,1985,2.95
69,1,1986,2.34
69,1,1987,2.4
69,1,1988,2.38
69,1,1989,2.4
69,1,1990,2.23
69,1,1991,2.15
69,1,1992,2.06
69,1,1993,2.19
69,1,1994,2.11
69,1,1995,2
69,1,1996,1.95
69,1,1997,2.03
69,1,1998,1.98
69,1,1999,1.91
69,1,2000,1.87
69,1,2001,1.76
69,1,2002,1.69
69,1,2003,1.7
69,1,2004,1.59
69,1,2005,1.52
69,1,2006,1.45
69,1,2007,1.37
69,1,2008,1.31
69,1,2009,1.19
69,1,2010,1.1
69,1,2011,0.95
69,1,2012,0.84
69,1,2013,0.8
69,1,2014,0.76
69,1,2015,0.72
69,1,2016,0.69
69,1,2017,0.64
69,1,2018,0.6
69,1,2019,0.59
69,1,2020,0.58
69,1,2021,0.56
69,1,2022,0.55
69,1,2023,0.64
69,2,1980,2.63
69,2,1981,2.62
69,2,1982,2.5
69,2,1983,2.48
69,2,1984,2.29
69,2,1985,1.58
69,2,1986,1.29
69,2,1987,1.3
69,2,1988,1.32
69,2,1989,1.28
69,2,1990,1.27
69,2,1991,1.13
69,2,1992,1.09
69,2,1993,1.07
69,2,1994,1.04
69,2,1995,1.04
69,2,1996,1.09
69,2,1997,1.14
69,2,1998,1.17
69,2,1999,1.14
69,2,2000,1.17
69,2,2001,1.15
69,2,2002,1.11
69,2,2003,1.13
69,2,2004,1.15
69,2,2005,1.1
69,2,2006,1.03
69,2,2007,0.93
69,2,2008,0.88
69,2,2009,0.79
69,2,2010,0.72
69,2,2011,0.64
69,2,2012,0.62
69,2,2013,0.57
69,2,2014,0.54
69,2,2015,0.51
69,2,2016,0.47
69,2,2017,0.45
69,2,2018,0.41
69,2,2019,0.41
69,2,2020,0.36
69,2,2021,0.35
69,2,2022,0.33
69,2,2023,0.34
69,3,1980,3.54
69,3,1981,3.53
69,3,1982,3.39
69,3,1983,3.41
69,3,1984,3.09
69,3,1985,2.27
69,3,1986,1.81
69,3,1987,1.85
69,3,1988,1.85
69,3,1989,1.84
69,3,1990,1.75
69,3,1991,1.64
69,3,1992,1.57
69,3,1993,1.63
69,3,1994,1.58
69,3,1995,1.52
69,3,1996,1.52
69,3,1997,1.59
69,3,1998,1.58
69,3,1999,1.53
69,3,2000,1.53
69,3,2001,1.46
69,3,2002,1.4
69,3,2003,1.42
69,3,2004,1.37
69,3,2005,1.31
69,3,2006,1.24
69,3,2007,1.15
69,3,2008,1.1
69,3,2009,1
69,3,2010,0.92
69,3,2011,0.8
69,3,2012,0.73
69,3,2013,0.69
69,3,2014,0.66
69,3,2015,0.62
69,3,2016,0.59
69,3,2017,0.55
69,3,2018,0.51
69,3,2019,0.5
69,3,2020,0.47
69,3,2021,0.46
69,3,2022,0.44
69,3,2023,0.49
71,1,1980,2.43
71,1,1981,2.49
71,1,1982,2.45
71,1,1983,2.49
71,1,1984,2.53
71,1,1985,2.6
71,1,1986,2.49
71,1,1987,2.51
71,1,1988,2.59
71,1,1989,2.6
71,1,1990,2.71
71,1,1991,2.49
71,1,1992,2.34
71,1,1993,2.36
71,1,1994,2.34
71,1,1995,2.28
71,1,1996,2.38
71,1,1997,2.34
71,1,1998,2.33
71,1,1999,2.28
71,1,2000,2.16
71,1,2001,2.13
71,1,2002,2.02
71,1,2003,1.82
71,1,2004,1.43
71,1,2005,1.52
71,1,2006,1.86
71,1,2007,1.89
71,1,2008,2
71,1,2009,2.16
71,1,2010,1.93
71,1,2011,1.77
71,1,2012,1.8
71,1,2013,1.68
71,1,2014,1.62
71,1,2015,1.62
71,1,2016,1.48
71,1,2017,1.35
71,1,2018,1.44
71,1,2019,1.53
71,1,2020,1.45
71,1,2021,1.33
71,1,2022,1.33
71,1,2023,1.24
71,2,1980,1.6
71,2,1981,1.5
71,2,1982,1.56
71,2,1983,1.49
71,2,1984,1.56
71,2,1985,1.58
71,2,1986,1.61
71,2,1987,1.63
71,2,1988,1.6
71,2,1989,1.49
71,2,1990,1.62
71,2,1991,1.63
71,2,1992,1.49
71,2,1993,1.39
71,2,1994,1.37
71,2,1995,1.32
71,2,1996,1.23
71,2,1997,1.19
71,2,1998,1.14
71,2,1999,1.09
71,2,2000,1.21
71,2,2001,1.14
71,2,2002,1.06
71,2,2003,0.88
71,2,2004,0.75
71,2,2005,0.8
71,2,2006,0.92
71,2,2007,0.93
71,2,2008,0.97
71,2,2009,0.92
71,2,2010,0.93
71,2,2011,0.9
71,2,2012,0.85
71,2,2013,0.83
71,2,2014,0.83
71,2,2015,0.79
71,2,2016,0.71
71,2,2017,0.61
71,2,2018,0.64
71,2,2019,0.63
71,2,2020,0.59
71,2,2021,0.52
71,2,2022,0.53
71,2,2023,0.5
71,3,1980,2.01
71,3,1981,1.99
71,3,1982,2.01
71,3,1983,1.99
71,3,1984,2.04
71,3,1985,2.09
71,3,1986,2.05
71,3,1987,2.07
71,3,1988,2.1
71,3,1989,2.04
71,3,1990,2.17
71,3,1991,2.06
71,3,1992,1.91
71,3,1993,1.87
71,3,1994,1.85
71,3,1995,1.8
71,3,1996,1.8
71,3,1997,1.77
71,3,1998,1.73
71,3,1999,1.68
71,3,2000,1.68
71,3,2001,1.63
71,3,2002,1.54
71,3,2003,1.34
71,3,2004,1.09
71,3,2005,1.16
71,3,2006,1.39
71,3,2007,1.4
71,3,2008,1.48
71,3,2009,1.54
71,3,2010,1.42
71,3,2011,1.33
71,3,2012,1.32
71,3,2013,1.25
71,3,2014,1.22
71,3,2015,1.21
71,3,2016,1.09
71,3,2017,0.98
71,3,2018,1.04
71,3,2019,1.07
71,3,2020,1.01
71,3,2021,0.92
71,3,2022,0.93
71,3,2023,0.87
72,1,1980,1.98
72,1,1981,1.74
72,1,1982,1.65
72,1,1983,2.27
72,1,1984,2.26
72,1,1985,2.96
72,1,1986,3.24
72,1,1987,3.3
72,1,1988,3.04
72,1,1989,3.59
72,1,1990,3.53
72,1,1991,3.1
72,1,1992,3.11
72,1,1993,2.54
72,1,1994,2.61
72,1,1995,2.58
72,1,1996,2.48
72,1,1997,2.18
72,1,1998,2.01
72,1,1999,2.14
72,1,2000,2.17
72,1,2001,2.09
72,1,2002,2.28
72,1,2003,2.32
72,1,2004,2.13
72,1,2005,2.21
72,1,2006,2.16
72,1,2007,1.92
72,1,2008,1.95
72,1,2009,2.17
72,1,2010,1.79
72,1,2011,1.77
72,1,2012,1.7
72,1,2013,1.88
72,1,2014,1.69
72,1,2015,1.78
72,1,2016,1.62
72,1,2017,1.45
72,1,2018,1.95
72,1,2019,2.88
72,1,2020,2.74
72,1,2021,2.72
72,1,2022,2.76
72,1,2023,2.87
72,2,1980,1.05
72,2,1981,1.37
72,2,1982,1.4
72,2,1983,1.15
72,2,1984,1.06
72,2,1985,1.43
72,2,1986,1.55
72,2,1987,1.32
72,2,1988,1.33
72,2,1989,1.24
72,2,1990,1.41
72,2,1991,1.56
72,2,1992,1.62
72,2,1993,1.35
72,2,1994,1.46
72,2,1995,1.47
72,2,1996,1.43
72,2,1997,1.5
72,2,1998,1.36
72,2,1999,1.03
72,2,2000,1.31
72,2,2001,1.35
72,2,2002,1.43
72,2,2003,1.1
72,2,2004,1.04
72,2,2005,1.36
72,2,2006,1.28
72,2,2007,1.15
72,2,2008,1.1
72,2,2009,1.25
72,2,2010,1.11
72,2,2011,0.97
72,2,2012,0.98
72,2,2013,0.78
72,2,2014,0.73
72,2,2015,0.82
72,2,2016,0.91
72,2,2017,0.77
72,2,2018,0.9
72,2,2019,1.02
72,2,2020,0.99
72,2,2021,1
72,2,2022,1.02
72,2,2023,1.02
72,3,1980,1.51
72,3,1981,1.55
72,3,1982,1.52
72,3,1983,1.71
72,3,1984,1.66
72,3,1985,2.2
72,3,1986,2.39
72,3,1987,2.3
72,3,1988,2.18
72,3,1989,2.41
72,3,1990,2.46
72,3,1991,2.32
72,3,1992,2.36
72,3,1993,1.94
72,3,1994,2.02
72,3,1995,2.02
72,3,1996,1.94
72,3,1997,1.83
72,3,1998,1.68
72,3,1999,1.58
72,3,2000,1.73
72,3,2001,1.71
72,3,2002,1.85
72,3,2003,1.69
72,3,2004,1.57
72,3,2005,1.77
72,3,2006,1.71
72,3,2007,1.53
72,3,2008,1.51
72,3,2009,1.7
72,3,2010,1.44
72,3,2011,1.36
72,3,2012,1.33
72,3,2013,1.32
72,3,2014,1.2
72,3,2015,1.29
72,3,2016,1.26
72,3,2017,1.11
72,3,2018,1.42
72,3,2019,1.94
72,3,2020,1.86
72,3,2021,1.86
72,3,2022,1.89
72,3,2023,1.95
74,1,1980,2.93
74,1,1981,2.97
74,1,1982,2.98
74,1,1983,2.98
74,1,1984,2.88
74,1,1985,2.93
74,1,1986,2.92
74,1,1987,2.91
74,1,1988,2.9
74,1,1989,2.89
74,1,1990,2.87
74,1,1991,2.83
74,1,1992,2.81
74,1,1993,2.7
74,1,1994,2.68
74,1,1995,2.55
74,1,1996,2.44
74,1,1997,2.46
74,1,1998,2.34
74,1,1999,2.24
74,1,2000,2.2
74,1,2001,2.13
74,1,2002,2.09
74,1,2003,2.09
74,1,2004,2.04
74,1,2005,1.97
74,1,2006,1.99
74,1,2007,1.89
74,1,2008,1.76
74,1,2009,1.69
74,1,2010,1.58
74,1,2011,1.58
74,1,2012,1.51
74,1,2013,1.43
74,1,2014,1.45
74,1,2015,1.45
74,1,2016,1.43
74,1,2017,1.41
74,1,2018,1.37
74,1,2019,1.32
74,1,2020,1.33
74,1,2021,1.24
74,1,2022,1.19
74,1,2023,1.13
74,2,1980,0.05
74,2,1981,0.05
74,2,1982,0.05
74,2,1983,0.05
74,2,1984,0.05
74,2,1985,0.05
74,2,1986,0.05
74,2,1987,0.04
74,2,1988,0.04
74,2,1989,0.04
74,2,1990,0.04
74,2,1991,0.04
74,2,1992,0.04
74,2,1993,0.04
74,2,1994,0.04
74,2,1995,0.04
74,2,1996,0.03
74,2,1997,0.03
74,2,1998,0.03
74,2,1999,0.03
74,2,2000,0.03
74,2,2001,0.03
74,2,2002,0.03
74,2,2003,0.03
74,2,2004,0.03
74,2,2005,0.02
74,2,2006,0.02
74,2,2007,0.02
74,2,2008,0.02
74,2,2009,0.02
74,2,2010,0.02
74,2,2011,0.02
74,2,2012,0.02
74,2,2013,0.02
74,2,2014,0.02
74,2,2015,0.02
74,2,2016,0.02
74,2,2017,0.02
74,2,2018,0.02
74,2,2019,0.02
74,2,2020,0.02
74,2,2021,0.02
74,2,2022,0.02
74,2,2023,0.01
74,3,1980,1.6
74,3,1981,1.62
74,3,1982,1.63
74,3,1983,1.63
74,3,1984,1.57
74,3,1985,1.58
74,3,1986,1.57
74,3,1987,1.57
74,3,1988,1.56
74,3,1989,1.54
74,3,1990,1.55
74,3,1991,1.54
74,3,1992,1.52
74,3,1993,1.46
74,3,1994,1.44
74,3,1995,1.36
74,3,1996,1.29
74,3,1997,1.3
74,3,1998,1.23
74,3,1999,1.18
74,3,2000,1.15
74,3,2001,1.11
74,3,2002,1.08
74,3,2003,1.09
74,3,2004,1.07
74,3,2005,1.04
74,3,2006,1.05
74,3,2007,1
74,3,2008,0.93
74,3,2009,0.89
74,3,2010,0.82
74,3,2011,0.82
74,3,2012,0.78
74,3,2013,0.73
74,3,2014,0.75
74,3,2015,0.75
74,3,2016,0.74
74,3,2017,0.73
74,3,2018,0.71
74,3,2019,0.69
74,3,2020,0.7
74,3,2021,0.66
74,3,2022,0.63
74,3,2023,0.6
75,1,1980,1.62
75,1,1981,1.63
75,1,1982,1.73
75,1,1983,1.77
75,1,1984,1.73
75,1,1985,1.59
75,1,1986,1.45
75,1,1987,1.43
75,1,1988,1.46
75,1,1989,1.51
75,1,1990,1.6
75,1,1991,1.55
75,1,1992,1.6
75,1,1993,1.5
75,1,1994,1.43
75,1,1995,1.3
75,1,1996,1.19
75,1,1997,1.11
75,1,1998,1.12
75,1,1999,1.03
75,1,2000,0.99
75,1,2001,0.97
75,1,2002,1
75,1,2003,0.95
75,1,2004,0.96
75,1,2005,0.93
75,1,2006,0.9
75,1,2007,0.87
75,1,2008,0.85
75,1,2009,0.86
75,1,2010,0.82
75,1,2011,0.85
75,1,2012,0.79
75,1,2013,0.74
75,1,2014,0.73
75,1,2015,0.72
75,1,2016,0.7
75,1,2017,0.69
75,1,2018,0.72
75,1,2019,0.71
75,1,2020,0.67
75,1,2021,0.61
75,1,2022,0.6
75,1,2023,0.6
75,2,1980,1.43
75,2,1981,1.49
75,2,1982,1.54
75,2,1983,1.54
75,2,1984,1.5
75,2,1985,1.45
75,2,1986,1.41
75,2,1987,1.33
75,2,1988,1.25
75,2,1989,1.24
75,2,1990,1.24
75,2,1991,1.27
75,2,1992,1.31
75,2,1993,1.32
75,2,1994,1.29
75,2,1995,1.17
75,2,1996,1.11
75,2,1997,1.02
75,2,1998,0.97
75,2,1999,0.98
75,2,2000,1.01
75,2,2001,1
75,2,2002,1.01
75,2,2003,0.93
75,2,2004,0.91
75,2,2005,0.82
75,2,2006,0.82
75,2,2007,0.79
75,2,2008,0.77
75,2,2009,0.79
75,2,2010,0.75
75,2,2011,0.71
75,2,2012,0.7
75,2,2013,0.69
75,2,2014,0.67
75,2,2015,0.68
75,2,2016,0.63
75,2,2017,0.61
75,2,2018,0.62
75,2,2019,0.61
75,2,2020,0.55
75,2,2021,0.52
75,2,2022,0.53
75,2,2023,0.56
75,3,1980,1.52
75,3,1981,1.56
75,3,1982,1.64
75,3,1983,1.65
75,3,1984,1.62
75,3,1985,1.52
75,3,1986,1.44
75,3,1987,1.38
75,3,1988,1.36
75,3,1989,1.38
75,3,1990,1.42
75,3,1991,1.42
75,3,1992,1.46
75,3,1993,1.41
75,3,1994,1.37
75,3,1995,1.24
75,3,1996,1.15
75,3,1997,1.07
75,3,1998,1.05
75,3,1999,1.01
75,3,2000,1
75,3,2001,0.99
75,3,2002,1.01
75,3,2003,0.94
75,3,2004,0.93
75,3,2005,0.88
75,3,2006,0.86
75,3,2007,0.83
75,3,2008,0.81
75,3,2009,0.82
75,3,2010,0.79
75,3,2011,0.78
75,3,2012,0.75
75,3,2013,0.72
75,3,2014,0.7
75,3,2015,0.7
75,3,2016,0.66
75,3,2017,0.65
75,3,2018,0.67
75,3,2019,0.66
75,3,2020,0.61
75,3,2021,0.57
75,3,2022,0.57
75,3,2023,0.58
76,1,1980,2.31
76,1,1981,2.31
76,1,1982,2.36
76,1,1983,2.46
76,1,1984,2.4
76,1,1985,2.36
76,1,1986,2.4
76,1,1987,2.26
76,1,1988,2.25
76,1,1989,2.29
76,1,1990,2.41
76,1,1991,2.45
76,1,1992,2.58
76,1,1993,2.55
76,1,1994,2.52
76,1,1995,2.42
76,1,1996,2.24
76,1,1997,2.25
76,1,1998,2.34
76,1,1999,2.5
76,1,2000,2.27
76,1,2001,2.23
76,1,2002,2.17
76,1,2003,1.96
76,1,2004,1.89
76,1,2005,1.83
76,1,2006,1.74
76,1,2007,1.74
76,1,2008,1.65
76,1,2009,1.62
76,1,2010,1.55
76,1,2011,1.65
76,1,2012,1.57
76,1,2013,1.4
76,1,2014,1.45
76,1,2015,1.34
76,1,2016,1.34
76,1,2017,1.32
76,1,2018,1.33
76,1,2019,1.27
76,1,2020,1.22
76,1,2021,1.23
76,1,2022,1.21
76,1,2023,1.16
76,2,1980,1.7
76,2,1981,1.69
76,2,1982,1.76
76,2,1983,1.81
76,2,1984,1.83
76,2,1985,1.85
76,2,1986,1.83
76,2,1987,1.7
76,2,1988,1.62
76,2,1989,1.6
76,2,1990,1.52
76,2,1991,1.48
76,2,1992,1.54
76,2,1993,1.62
76,2,1994,1.59
76,2,1995,1.54
76,2,1996,1.59
76,2,1997,1.5
76,2,1998,1.48
76,2,1999,1.45
76,2,2000,1.36
76,2,2001,1.35
76,2,2002,1.36
76,2,2003,1.27
76,2,2004,1.28
76,2,2005,1.16
76,2,2006,1.12
76,2,2007,1.1
76,2,2008,1.02
76,2,2009,1.05
76,2,2010,1.02
76,2,2011,1.04
76,2,2012,0.99
76,2,2013,0.97
76,2,2014,0.91
76,2,2015,0.9
76,2,2016,0.86
76,2,2017,0.84
76,2,2018,0.79
76,2,2019,0.75
76,2,2020,0.7
76,2,2021,0.7
76,2,2022,0.7
76,2,2023,0.69
76,3,1980,2
76,3,1981,2
76,3,1982,2.06
76,3,1983,2.14
76,3,1984,2.12
76,3,1985,2.11
76,3,1986,2.12
76,3,1987,1.98
76,3,1988,1.94
76,3,1989,1.95
76,3,1990,1.97
76,3,1991,1.97
76,3,1992,2.07
76,3,1993,2.09
76,3,1994,2.06
76,3,1995,1.98
76,3,1996,1.92
76,3,1997,1.88
76,3,1998,1.91
76,3,1999,1.98
76,3,2000,1.82
76,3,2001,1.79
76,3,2002,1.77
76,3,2003,1.62
76,3,2004,1.59
76,3,2005,1.49
76,3,2006,1.43
76,3,2007,1.42
76,3,2008,1.34
76,3,2009,1.34
76,3,2010,1.28
76,3,2011,1.35
76,3,2012,1.28
76,3,2013,1.19
76,3,2014,1.18
76,3,2015,1.12
76,3,2016,1.1
76,3,2017,1.08
76,3,2018,1.07
76,3,2019,1.01
76,3,2020,0.96
76,3,2021,0.96
76,3,2022,0.95
76,3,2023,0.92
77,1,1980,5.5
77,1,1981,5.86
77,1,1982,5.66
77,1,1983,5.54
77,1,1984,5.3
77,1,1985,5.18
77,1,1986,4.86
77,1,1987,4.66
77,1,1988,4.44
77,1,1989,4.14
77,1,1990,3.89
77,1,1991,3.75
77,1,1992,3.56
77,1,1993,3.64
77,1,1994,3.7
77,1,1995,3.61
77,1,1996,3.63
77,1,1997,3.58
77,1,1998,3.64
77,1,1999,3.55
77,1,2000,3.4
77,1,2001,3.32
77,1,2002,3.18
77,1,2003,3.06
77,1,2004,2.97
77,1,2005,2.95
77,1,2006,2.8
77,1,2007,2.75
77,1,2008,2.65
77,1,2009,2.53
77,1,2010,2.44
77,1,2011,2.2
77,1,2012,2.09
77,1,2013,1.97
77,1,2014,1.9
77,1,2015,1.86
77,1,2016,1.81
77,1,2017,1.77
77,1,2018,1.74
77,1,2019,1.6
77,1,2020,1.53
77,1,2021,1.49
77,1,2022,1.45
77,1,2023,1.36
77,2,1980,3.1
77,2,1981,2.98
77,2,1982,2.86
77,2,1983,2.7
77,2,1984,2.56
77,2,1985,2.37
77,2,1986,2.18
77,2,1987,2.02
77,2,1988,1.89
77,2,1989,1.79
77,2,1990,1.71
77,2,1991,1.67
77,2,1992,1.62
77,2,1993,1.58
77,2,1994,1.54
77,2,1995,1.5
77,2,1996,1.47
77,2,1997,1.43
77,2,1998,1.4
77,2,1999,1.41
77,2,2000,1.39
77,2,2001,1.33
77,2,2002,1.27
77,2,2003,1.22
77,2,2004,1.19
77,2,2005,1.18
77,2,2006,1.15
77,2,2007,1.04
77,2,2008,0.99
77,2,2009,0.96
77,2,2010,0.94
77,2,2011,0.88
77,2,2012,0.85
77,2,2013,0.83
77,2,2014,0.81
77,2,2015,0.79
77,2,2016,0.75
77,2,2017,0.74
77,2,2018,0.74
77,2,2019,0.72
77,2,2020,0.7
77,2,2021,0.66
77,2,2022,0.68
77,2,2023,0.65
77,3,1980,4.27
77,3,1981,4.4
77,3,1982,4.25
77,3,1983,4.1
77,3,1984,3.91
77,3,1985,3.76
77,3,1986,3.52
77,3,1987,3.34
77,3,1988,3.17
77,3,1989,2.97
77,3,1990,2.81
77,3,1991,2.72
77,3,1992,2.6
77,3,1993,2.62
77,3,1994,2.64
77,3,1995,2.57
77,3,1996,2.56
77,3,1997,2.51
77,3,1998,2.53
77,3,1999,2.49
77,3,2000,2.4
77,3,2001,2.33
77,3,2002,2.23
77,3,2003,2.14
77,3,2004,2.08
77,3,2005,2.07
77,3,2006,1.98
77,3,2007,1.9
77,3,2008,1.82
77,3,2009,1.74
77,3,2010,1.69
77,3,2011,1.54
77,3,2012,1.47
77,3,2013,1.39
77,3,2014,1.35
77,3,2015,1.32
77,3,2016,1.28
77,3,2017,1.25
77,3,2018,1.24
77,3,2019,1.16
77,3,2020,1.11
77,3,2021,1.07
77,3,2022,1.06
77,3,2023,1
78,1,1980,1.61
78,1,1981,1.66
78,1,1982,1.68
78,1,1983,1.77
78,1,1984,1.78
78,1,1985,1.77
78,1,1986,1.72
78,1,1987,1.64
78,1,1988,1.71
78,1,1989,1.78
78,1,1990,1.87
78,1,1991,1.87
78,1,1992,1.94
78,1,1993,1.92
78,1,1994,2.05
78,1,1995,1.93
78,1,1996,1.75
78,1,1997,1.73
78,1,1998,1.63
78,1,1999,1.62
78,1,2000,1.53
78,1,2001,1.48
78,1,2002,1.52
78,1,2003,1.42
78,1,2004,1.39
78,1,2005,1.37
78,1,2006,1.32
78,1,2007,1.27
78,1,2008,1.24
78,1,2009,1.2
78,1,2010,1.06
78,1,2011,1.08
78,1,2012,0.91
78,1,2013,0.83
78,1,2014,0.83
78,1,2015,0.83
78,1,2016,0.83
78,1,2017,0.86
78,1,2018,0.83
78,1,2019,0.8
78,1,2020,0.92
78,1,2021,0.67
78,1,2022,0.68
78,1,2023,0.66
78,2,1980,1.26
78,2,1981,1.25
78,2,1982,1.28
78,2,1983,1.29
78,2,1984,1.3
78,2,1985,1.32
78,2,1986,1.3
78,2,1987,1.29
78,2,1988,1.29
78,2,1989,1.32
78,2,1990,1.29
78,2,1991,1.35
78,2,1992,1.33
78,2,1993,1.34
78,2,1994,1.33
78,2,1995,1.27
78,2,1996,1.23
78,2,1997,1.17
78,2,1998,1.1
78,2,1999,1.12
78,2,2000,1.11
78,2,2001,1.03
78,2,2002,1.03
78,2,2003,0.99
78,2,2004,0.92
78,2,2005,0.84
78,2,2006,0.8
78,2,2007,0.79
78,2,2008,0.75
78,2,2009,0.74
78,2,2010,0.72
78,2,2011,0.66
78,2,2012,0.61
78,2,2013,0.58
78,2,2014,0.58
78,2,2015,0.55
78,2,2016,0.52
78,2,2017,0.51
78,2,2018,0.49
78,2,2019,0.48
78,2,2020,0.46
78,2,2021,0.4
78,2,2022,0.39
78,2,2023,0.38
78,3,1980,1.44
78,3,1981,1.45
78,3,1982,1.48
78,3,1983,1.53
78,3,1984,1.54
78,3,1985,1.55
78,3,1986,1.51
78,3,1987,1.47
78,3,1988,1.5
78,3,1989,1.55
78,3,1990,1.59
78,3,1991,1.61
78,3,1992,1.64
78,3,1993,1.63
78,3,1994,1.7
78,3,1995,1.61
78,3,1996,1.5
78,3,1997,1.45
78,3,1998,1.37
78,3,1999,1.38
78,3,2000,1.32
78,3,2001,1.26
78,3,2002,1.28
78,3,2003,1.21
78,3,2004,1.16
78,3,2005,1.11
78,3,2006,1.06
78,3,2007,1.03
78,3,2008,1
78,3,2009,0.97
78,3,2010,0.89
78,3,2011,0.87
78,3,2012,0.76
78,3,2013,0.71
78,3,2014,0.71
78,3,2015,0.69
78,3,2016,0.68
78,3,2017,0.69
78,3,2018,0.66
78,3,2019,0.64
78,3,2020,0.69
78,3,2021,0.54
78,3,2022,0.54
78,3,2023,0.52
79,1,1980,4.39
79,1,1981,4.08
79,1,1982,4.01
79,1,1983,3.99
79,1,1984,4.11
79,1,1985,3.98
79,1,1986,4.26
79,1,1987,3.98
79,1,1988,4.46
79,1,1989,4.98
79,1,1990,5.11
79,1,1991,4.99
79,1,1992,4.84
79,1,1993,4.64
79,1,1994,4.47
79,1,1995,4.36
79,1,1996,4.19
79,1,1997,3.96
79,1,1998,3.73
79,1,1999,3.85
79,1,2000,3.74
79,1,2001,3.56
79,1,2002,3.5
79,1,2003,3.34
79,1,2004,3.42
79,1,2005,3.2
79,1,2006,3.06
79,1,2007,3.05
79,1,2008,3.09
79,1,2009,3
79,1,2010,2.82
79,1,2011,2.71
79,1,2012,2.3
79,1,2013,2.32
79,1,2014,2.2
79,1,2015,2.13
79,1,2016,1.95
79,1,2017,1.88
79,1,2018,2.01
79,1,2019,1.96
79,1,2020,2.19
79,1,2021,1.72
79,1,2022,1.57
79,1,2023,1.62
79,2,1980,1.75
79,2,1981,1.72
79,2,1982,1.78
79,2,1983,1.86
79,2,1984,1.83
79,2,1985,1.8
79,2,1986,1.86
79,2,1987,1.89
79,2,1988,1.91
79,2,1989,1.93
79,2,1990,1.87
79,2,1991,1.94
79,2,1992,2.06
79,2,1993,2.04
79,2,1994,1.94
79,2,1995,1.86
79,2,1996,1.76
79,2,1997,1.63
79,2,1998,1.54
79,2,1999,1.57
79,2,2000,1.63
79,2,2001,1.63
79,2,2002,1.61
79,2,2003,1.5
79,2,2004,1.49
79,2,2005,1.37
79,2,2006,1.35
79,2,2007,1.36
79,2,2008,1.35
79,2,2009,1.26
79,2,2010,1.22
79,2,2011,1.21
79,2,2012,1.16
79,2,2013,1.09
79,2,2014,1.04
79,2,2015,0.98
79,2,2016,0.93
79,2,2017,0.93
79,2,2018,0.91
79,2,2019,0.9
79,2,2020,0.84
79,2,2021,0.78
79,2,2022,0.78
79,2,2023,0.78
79,3,1980,3.05
79,3,1981,2.89
79,3,1982,2.88
79,3,1983,2.91
79,3,1984,2.95
79,3,1985,2.88
79,3,1986,3.06
79,3,1987,2.94
79,3,1988,3.19
79,3,1989,3.46
79,3,1990,3.5
79,3,1991,3.47
79,3,1992,3.46
79,3,1993,3.35
79,3,1994,3.21
79,3,1995,3.12
79,3,1996,2.99
79,3,1997,2.8
79,3,1998,2.64
79,3,1999,2.72
79,3,2000,2.69
79,3,2001,2.6
79,3,2002,2.56
79,3,2003,2.43
79,3,2004,2.46
79,3,2005,2.29
79,3,2006,2.21
79,3,2007,2.21
79,3,2008,2.23
79,3,2009,2.14
79,3,2010,2.03
79,3,2011,1.97
79,3,2012,1.74
79,3,2013,1.71
79,3,2014,1.62
79,3,2015,1.56
79,3,2016,1.45
79,3,2017,1.41
79,3,2018,1.47
79,3,2019,1.44
79,3,2020,1.53
79,3,2021,1.26
79,3,2022,1.18
79,3,2023,1.21
80,1,1980,1.98
80,1,1981,2.03
80,1,1982,2.16
80,1,1983,2.26
80,1,1984,2.32
80,1,1985,2.25
80,1,1986,2.08
80,1,1987,1.95
80,1,1988,1.91
80,1,1989,2.03
80,1,1990,2.11
80,1,1991,2.12
80,1,1992,2.1
80,1,1993,2.06
80,1,1994,2.12
80,1,1995,2.02
80,1,1996,1.82
80,1,1997,1.71
80,1,1998,1.54
80,1,1999,1.45
80,1,2000,1.37
80,1,2001,1.35
80,1,2002,1.33
80,1,2003,1.28
80,1,2004,1.19
80,1,2005,1.17
80,1,2006,1.17
80,1,2007,1.1
80,1,2008,1.15
80,1,2009,1.16
80,1,2010,1.11
80,1,2011,1.15
80,1,2012,1.12
80,1,2013,1.07
80,1,2014,1.02
80,1,2015,1.02
80,1,2016,1
80,1,2017,1.04
80,1,2018,1.23
80,1,2019,1.27
80,1,2020,1.34
80,1,2021,1.32
80,1,2022,1.43
80,1,2023,1.41
80,2,1980,1.06
80,2,1981,1.08
80,2,1982,1.18
80,2,1983,1.2
80,2,1984,1.18
80,2,1985,1.14
80,2,1986,1.11
80,2,1987,1.06
80,2,1988,1.03
80,2,1989,1.04
80,2,1990,0.99
80,2,1991,0.98
80,2,1992,1
80,2,1993,1.02
80,2,1994,1
80,2,1995,0.97
80,2,1996,0.92
80,2,1997,0.85
80,2,1998,0.78
80,2,1999,0.76
80,2,2000,0.73
80,2,2001,0.73
80,2,2002,0.74
80,2,2003,0.7
80,2,2004,0.65
80,2,2005,0.57
80,2,2006,0.55
80,2,2007,0.53
80,2,2008,0.53
80,2,2009,0.54
80,2,2010,0.53
80,2,2011,0.51
80,2,2012,0.5
80,2,2013,0.48
80,2,2014,0.43
80,2,2015,0.43
80,2,2016,0.38
80,2,2017,0.4
80,2,2018,0.4
80,2,2019,0.41
80,2,2020,0.4
80,2,2021,0.39
80,2,2022,0.44
80,2,2023,0.44
80,3,1980,1.52
80,3,1981,1.56
80,3,1982,1.67
80,3,1983,1.73
80,3,1984,1.75
80,3,1985,1.69
80,3,1986,1.59
80,3,1987,1.51
80,3,1988,1.47
80,3,1989,1.53
80,3,1990,1.55
80,3,1991,1.55
80,3,1992,1.55
80,3,1993,1.54
80,3,1994,1.56
80,3,1995,1.49
80,3,1996,1.37
80,3,1997,1.28
80,3,1998,1.15
80,3,1999,1.1
80,3,2000,1.05
80,3,2001,1.04
80,3,2002,1.03
80,3,2003,0.99
80,3,2004,0.92
80,3,2005,0.87
80,3,2006,0.85
80,3,2007,0.81
80,3,2008,0.84
80,3,2009,0.85
80,3,2010,0.82
80,3,2011,0.83
80,3,2012,0.81
80,3,2013,0.77
80,3,2014,0.72
80,3,2015,0.72
80,3,2016,0.69
80,3,2017,0.71
80,3,2018,0.81
80,3,2019,0.84
80,3,2020,0.87
80,3,2021,0.85
80,3,2022,0.93
80,3,2023,0.92
81,1,1980,1.32
81,1,1981,1.35
81,1,1982,1.35
81,1,1983,1.31
81,1,1984,1.22
81,1,1985,1.16
81,1,1986,1.16
81,1,1987,1.1
81,1,1988,1.14
81,1,1989,1.23
81,1,1990,1.42
81,1,1991,1.5
81,1,1992,1.55
81,1,1993,1.53
81,1,1994,1.59
81,1,1995,1.57
81,1,1996,1.47
81,1,1997,1.4
81,1,1998,1.35
81,1,1999,1.3
81,1,2000,1.18
81,1,2001,1.12
81,1,2002,1.12
81,1,2003,1.06
81,1,2004,0.99
81,1,2005,0.91
81,1,2006,0.9
81,1,2007,0.88
81,1,2008,0.84
81,1,2009,0.82
81,1,2010,0.8
81,1,2011,0.78
81,1,2012,0.72
81,1,2013,0.65
81,1,2014,0.65
81,1,2015,0.69
81,1,2016,0.68
81,1,2017,0.69
81,1,2018,0.67
81,1,2019,0.64
81,1,2020,0.48
81,1,2021,0.35
81,1,2022,0.4
81,1,2023,0.45
81,2,1980,1.09
81,2,1981,1.13
81,2,1982,1.16
81,2,1983,1.13
81,2,1984,1.13
81,2,1985,1.1
81,2,1986,1.06
81,2,1987,1.04
81,2,1988,1.02
81,2,1989,1.03
81,2,1990,1.03
81,2,1991,1.07
81,2,1992,1.09
81,2,1993,1.1
81,2,1994,1.05
81,2,1995,0.98
81,2,1996,0.93
81,2,1997,0.85
81,2,1998,0.82
81,2,1999,0.83
81,2,2000,0.81
81,2,2001,0.76
81,2,2002,0.78
81,2,2003,0.74
81,2,2004,0.71
81,2,2005,0.65
81,2,2006,0.63
81,2,2007,0.62
81,2,2008,0.6
81,2,2009,0.62
81,2,2010,0.6
81,2,2011,0.55
81,2,2012,0.54
81,2,2013,0.55
81,2,2014,0.53
81,2,2015,0.54
81,2,2016,0.51
81,2,2017,0.49
81,2,2018,0.46
81,2,2019,0.39
81,2,2020,0.27
81,2,2021,0.22
81,2,2022,0.18
81,2,2023,0.21
81,3,1980,1.21
81,3,1981,1.24
81,3,1982,1.25
81,3,1983,1.22
81,3,1984,1.17
81,3,1985,1.13
81,3,1986,1.11
81,3,1987,1.07
81,3,1988,1.08
81,3,1989,1.13
81,3,1990,1.23
81,3,1991,1.29
81,3,1992,1.33
81,3,1993,1.32
81,3,1994,1.32
81,3,1995,1.28
81,3,1996,1.2
81,3,1997,1.13
81,3,1998,1.09
81,3,1999,1.07
81,3,2000,1
81,3,2001,0.95
81,3,2002,0.95
81,3,2003,0.9
81,3,2004,0.85
81,3,2005,0.78
81,3,2006,0.77
81,3,2007,0.75
81,3,2008,0.72
81,3,2009,0.72
81,3,2010,0.7
81,3,2011,0.67
81,3,2012,0.63
81,3,2013,0.6
81,3,2014,0.59
81,3,2015,0.61
81,3,2016,0.6
81,3,2017,0.59
81,3,2018,0.57
81,3,2019,0.52
81,3,2020,0.38
81,3,2021,0.29
81,3,2022,0.29
81,3,2023,0.33
82,1,1980,1.5
82,1,1981,1.55
82,1,1982,1.59
82,1,1983,1.54
82,1,1984,1.63
82,1,1985,1.66
82,1,1986,1.55
82,1,1987,1.55
82,1,1988,1.65
82,1,1989,1.65
82,1,1990,1.82
82,1,1991,1.9
82,1,1992,1.9
82,1,1993,1.88
82,1,1994,1.88
82,1,1995,1.8
82,1,1996,1.82
82,1,1997,1.82
82,1,1998,1.75
82,1,1999,1.65
82,1,2000,1.54
82,1,2001,1.52
82,1,2002,1.44
82,1,2003,1.47
82,1,2004,1.46
82,1,2005,1.43
82,1,2006,1.42
82,1,2007,1.57
82,1,2008,1.66
82,1,2009,1.69
82,1,2010,1.78
82,1,2011,1.74
82,1,2012,1.65
82,1,2013,1.44
82,1,2014,1.3
82,1,2015,1.15
82,1,2016,1.15
82,1,2017,1.16
82,1,2018,1.58
82,1,2019,1.24
82,1,2020,1.11
82,1,2021,1.11
82,1,2022,1.12
82,1,2023,1.11
82,2,1980,0.77
82,2,1981,0.77
82,2,1982,0.78
82,2,1983,0.8
82,2,1984,0.8
82,2,1985,0.79
82,2,1986,0.78
82,2,1987,0.77
82,2,1988,0.74
82,2,1989,0.73
82,2,1990,0.72
82,2,1991,0.73
82,2,1992,0.73
82,2,1993,0.73
82,2,1994,0.7
82,2,1995,0.69
82,2,1996,0.69
82,2,1997,0.64
82,2,1998,0.61
82,2,1999,0.61
82,2,2000,0.6
82,2,2001,0.58
82,2,2002,0.57
82,2,2003,0.56
82,2,2004,0.56
82,2,2005,0.53
82,2,2006,0.5
82,2,2007,0.51
82,2,2008,0.52
82,2,2009,0.54
82,2,2010,0.52
82,2,2011,0.5
82,2,2012,0.5
82,2,2013,0.48
82,2,2014,0.44
82,2,2015,0.42
82,2,2016,0.4
82,2,2017,0.4
82,2,2018,0.46
82,2,2019,0.39
82,2,2020,0.36
82,2,2021,0.35
82,2,2022,0.36
82,2,2023,0.37
82,3,1980,1.13
82,3,1981,1.16
82,3,1982,1.18
82,3,1983,1.17
82,3,1984,1.21
82,3,1985,1.22
82,3,1986,1.16
82,3,1987,1.16
82,3,1988,1.19
82,3,1989,1.19
82,3,1990,1.27
82,3,1991,1.31
82,3,1992,1.31
82,3,1993,1.31
82,3,1994,1.29
82,3,1995,1.24
82,3,1996,1.25
82,3,1997,1.23
82,3,1998,1.18
82,3,1999,1.13
82,3,2000,1.07
82,3,2001,1.05
82,3,2002,1.01
82,3,2003,1.02
82,3,2004,1.01
82,3,2005,0.98
82,3,2006,0.96
82,3,2007,1.04
82,3,2008,1.09
82,3,2009,1.12
82,3,2010,1.16
82,3,2011,1.12
82,3,2012,1.08
82,3,2013,0.96
82,3,2014,0.87
82,3,2015,0.79
82,3,2016,0.77
82,3,2017,0.78
82,3,2018,1.02
82,3,2019,0.81
82,3,2020,0.73
82,3,2021,0.73
82,3,2022,0.74
82,3,2023,0.74
83,1,1980,1.65
83,1,1981,1.65
83,1,1982,1.66
83,1,1983,1.63
83,1,1984,1.65
83,1,1985,1.62
83,1,1986,1.54
83,1,1987,1.57
83,1,1988,1.53
83,1,1989,1.57
83,1,1990,1.62
83,1,1991,1.63
83,1,1992,1.48
83,1,1993,1.42
83,1,1994,1.35
83,1,1995,1.25
83,1,1996,1.26
83,1,1997,1.22
83,1,1998,1.16
83,1,1999,1.15
83,1,2000,1.12
83,1,2001,1.12
83,1,2002,1.11
83,1,2003,1.07
83,1,2004,1.04
83,1,2005,0.98
83,1,2006,0.96
83,1,2007,0.93
83,1,2008,0.91
83,1,2009,0.93
83,1,2010,0.93
83,1,2011,0.9
83,1,2012,0.9
83,1,2013,0.84
83,1,2014,0.81
83,1,2015,0.79
83,1,2016,0.8
83,1,2017,0.81
83,1,2018,0.81
83,1,2019,0.79
83,1,2020,0.71
83,1,2021,0.63
83,1,2022,0.65
83,1,2023,0.65
83,2,1980,0.79
83,2,1981,0.78
83,2,1982,0.81
83,2,1983,0.8
83,2,1984,0.81
83,2,1985,0.81
83,2,1986,0.81
83,2,1987,0.81
83,2,1988,0.78
83,2,1989,0.77
83,2,1990,0.75
83,2,1991,0.77
83,2,1992,0.77
83,2,1993,0.77
83,2,1994,0.75
83,2,1995,0.71
83,2,1996,0.7
83,2,1997,0.67
83,2,1998,0.65
83,2,1999,0.64
83,2,2000,0.64
83,2,2001,0.64
83,2,2002,0.65
83,2,2003,0.62
83,2,2004,0.61
83,2,2005,0.54
83,2,2006,0.52
83,2,2007,0.5
83,2,2008,0.49
83,2,2009,0.48
83,2,2010,0.47
83,2,2011,0.46
83,2,2012,0.45
83,2,2013,0.45
83,2,2014,0.43
83,2,2015,0.41
83,2,2016,0.39
83,2,2017,0.39
83,2,2018,0.36
83,2,2019,0.37
83,2,2020,0.34
83,2,2021,0.29
83,2,2022,0.26
83,2,2023,0.28
83,3,1980,1.23
83,3,1981,1.22
83,3,1982,1.24
83,3,1983,1.23
83,3,1984,1.24
83,3,1985,1.22
83,3,1986,1.18
83,3,1987,1.19
83,3,1988,1.16
83,3,1989,1.18
83,3,1990,1.19
83,3,1991,1.2
83,3,1992,1.13
83,3,1993,1.1
83,3,1994,1.05
83,3,1995,0.98
83,3,1996,0.98
83,3,1997,0.95
83,3,1998,0.9
83,3,1999,0.9
83,3,2000,0.88
83,3,2001,0.88
83,3,2002,0.88
83,3,2003,0.85
83,3,2004,0.83
83,3,2005,0.76
83,3,2006,0.74
83,3,2007,0.72
83,3,2008,0.7
83,3,2009,0.71
83,3,2010,0.7
83,3,2011,0.68
83,3,2012,0.68
83,3,2013,0.64
83,3,2014,0.62
83,3,2015,0.6
83,3,2016,0.6
83,3,2017,0.61
83,3,2018,0.6
83,3,2019,0.59
83,3,2020,0.54
83,3,2021,0.47
83,3,2022,0.46
83,3,2023,0.47
84,1,1980,1.74
84,1,1981,1.79
84,1,1982,1.73
84,1,1983,1.72
84,1,1984,1.69
84,1,1985,1.6
84,1,1986,1.57
84,1,1987,1.6
84,1,1988,1.6
84,1,1989,1.72
84,1,1990,1.73
84,1,1991,1.71
84,1,1992,1.69
84,1,1993,1.65
84,1,1994,1.63
84,1,1995,1.64
84,1,1996,1.54
84,1,1997,1.57
84,1,1998,1.61
84,1,1999,1.66
84,1,2000,1.55
84,1,2001,1.55
84,1,2002,1.56
84,1,2003,1.43
84,1,2004,1.33
84,1,2005,1.23
84,1,2006,1.29
84,1,2007,1.38
84,1,2008,1.35
84,1,2009,1.38
84,1,2010,1.25
84,1,2011,1.19
84,1,2012,1.1
84,1,2013,0.99
84,1,2014,0.93
84,1,2015,0.86
84,1,2016,0.82
84,1,2017,0.8
84,1,2018,0.8
84,1,2019,0.75
84,1,2020,0.67
84,1,2021,0.6
84,1,2022,0.6
84,1,2023,0.58
84,2,1980,0.61
84,2,1981,0.63
84,2,1982,0.6
84,2,1983,0.6
84,2,1984,0.6
84,2,1985,0.6
84,2,1986,0.6
84,2,1987,0.59
84,2,1988,0.56
84,2,1989,0.55
84,2,1990,0.53
84,2,1991,0.54
84,2,1992,0.54
84,2,1993,0.55
84,2,1994,0.53
84,2,1995,0.53
84,2,1996,0.53
84,2,1997,0.5
84,2,1998,0.48
84,2,1999,0.49
84,2,2000,0.5
84,2,2001,0.49
84,2,2002,0.5
84,2,2003,0.46
84,2,2004,0.44
84,2,2005,0.4
84,2,2006,0.4
84,2,2007,0.39
84,2,2008,0.38
84,2,2009,0.38
84,2,2010,0.35
84,2,2011,0.33
84,2,2012,0.32
84,2,2013,0.3
84,2,2014,0.28
84,2,2015,0.26
84,2,2016,0.24
84,2,2017,0.24
84,2,2018,0.23
84,2,2019,0.22
84,2,2020,0.2
84,2,2021,0.18
84,2,2022,0.19
84,2,2023,0.19
84,3,1980,1.18
84,3,1981,1.22
84,3,1982,1.17
84,3,1983,1.16
84,3,1984,1.15
84,3,1985,1.1
84,3,1986,1.09
84,3,1987,1.1
84,3,1988,1.08
84,3,1989,1.13
84,3,1990,1.13
84,3,1991,1.12
84,3,1992,1.11
84,3,1993,1.1
84,3,1994,1.08
84,3,1995,1.08
84,3,1996,1.03
84,3,1997,1.03
84,3,1998,1.05
84,3,1999,1.07
84,3,2000,1.02
84,3,2001,1.02
84,3,2002,1.03
84,3,2003,0.95
84,3,2004,0.89
84,3,2005,0.82
84,3,2006,0.85
84,3,2007,0.89
84,3,2008,0.86
84,3,2009,0.88
84,3,2010,0.8
84,3,2011,0.76
84,3,2012,0.71
84,3,2013,0.64
84,3,2014,0.6
84,3,2015,0.56
84,3,2016,0.53
84,3,2017,0.52
84,3,2018,0.51
84,3,2019,0.48
84,3,2020,0.43
84,3,2021,0.39
84,3,2022,0.39
84,3,2023,0.38
85,1,1980,4.7
85,1,1981,4.64
85,1,1982,4.54
85,1,1983,4.62
85,1,1984,4.59
85,1,1985,4.74
85,1,1986,4.54
85,1,1987,4.26
85,1,1988,4.24
85,1,1989,4.53
85,1,1990,4.58
85,1,1991,4.42
85,1,1992,4.38
85,1,1993,4.74
85,1,1994,4.78
85,1,1995,4.45
85,1,1996,4.32
85,1,1997,4.06
85,1,1998,4.25
85,1,1999,4.8
85,1,2000,5.1
85,1,2001,5.25
85,1,2002,5.41
85,1,2003,5.47
85,1,2004,5.24
85,1,2005,4.84
85,1,2006,4.59
85,1,2007,4.09
85,1,2008,3.81
85,1,2009,4.07
85,1,2010,3.71
85,1,2011,3.51
85,1,2012,3.37
85,1,2013,3.08
85,1,2014,3.03
85,1,2015,2.97
85,1,2016,2.83
85,1,2017,2.9
85,1,2018,2.88
85,1,2019,3
85,1,2020,2.84
85,1,2021,2.81
85,1,2022,2.85
85,1,2023,2.79
85,2,1980,1.98
85,2,1981,1.91
85,2,1982,1.97
85,2,1983,2.01
85,2,1984,1.98
85,2,1985,2
85,2,1986,1.9
85,2,1987,1.87
85,2,1988,1.81
85,2,1989,1.86
85,2,1990,1.77
85,2,1991,1.78
85,2,1992,1.77
85,2,1993,1.74
85,2,1994,1.62
85,2,1995,1.5
85,2,1996,1.46
85,2,1997,1.37
85,2,1998,1.3
85,2,1999,1.31
85,2,2000,1.42
85,2,2001,1.42
85,2,2002,1.47
85,2,2003,1.48
85,2,2004,1.43
85,2,2005,1.34
85,2,2006,1.21
85,2,2007,1.08
85,2,2008,1.02
85,2,2009,1.04
85,2,2010,0.98
85,2,2011,0.96
85,2,2012,0.89
85,2,2013,0.9
85,2,2014,0.83
85,2,2015,0.84
85,2,2016,0.78
85,2,2017,0.75
85,2,2018,0.73
85,2,2019,0.71
85,2,2020,0.65
85,2,2021,0.62
85,2,2022,0.63
85,2,2023,0.63
85,3,1980,3.33
85,3,1981,3.27
85,3,1982,3.24
85,3,1983,3.31
85,3,1984,3.27
85,3,1985,3.35
85,3,1986,3.2
85,3,1987,3.04
85,3,1988,3
85,3,1989,3.17
85,3,1990,3.15
85,3,1991,3.08
85,3,1992,3.05
85,3,1993,3.21
85,3,1994,3.18
85,3,1995,2.95
85,3,1996,2.87
85,3,1997,2.69
85,3,1998,2.76
85,3,1999,3.03
85,3,2000,3.24
85,3,2001,3.32
85,3,2002,3.42
85,3,2003,3.46
85,3,2004,3.32
85,3,2005,3.07
85,3,2006,2.88
85,3,2007,2.58
85,3,2008,2.4
85,3,2009,2.55
85,3,2010,2.34
85,3,2011,2.23
85,3,2012,2.13
85,3,2013,1.99
85,3,2014,1.92
85,3,2015,1.9
85,3,2016,1.8
85,3,2017,1.82
85,3,2018,1.8
85,3,2019,1.86
85,3,2020,1.74
85,3,2021,1.72
85,3,2022,1.75
85,3,2023,1.72
86,1,1980,3.18
86,1,1981,3.43
86,1,1982,3.63
86,1,1983,3.33
86,1,1984,2.91
86,1,1985,2.63
86,1,1986,2.47
86,1,1987,2.9
86,1,1988,3.43
86,1,1989,4.09
86,1,1990,4.74
86,1,1991,4.68
86,1,1992,3.88
86,1,1993,3.08
86,1,1994,2.83
86,1,1995,2.58
86,1,1996,2.43
86,1,1997,2.2
86,1,1998,2.08
86,1,1999,1.96
86,1,2000,1.75
86,1,2001,1.61
86,1,2002,1.54
86,1,2003,1.63
86,1,2004,1.6
86,1,2005,1.45
86,1,2006,1.39
86,1,2007,1.44
86,1,2008,1.31
86,1,2009,1.25
86,1,2010,1.15
86,1,2011,1.11
86,1,2012,1.07
86,1,2013,0.95
86,1,2014,0.88
86,1,2015,0.9
86,1,2016,0.81
86,1,2017,0.74
86,1,2018,0.8
86,1,2019,0.55
86,1,2020,0.51
86,1,2021,0.53
86,1,2022,0.52
86,1,2023,0.5
86,2,1980,0.78
86,2,1981,0.67
86,2,1982,0.66
86,2,1983,0.67
86,2,1984,0.62
86,2,1985,0.6
86,2,1986,0.54
86,2,1987,0.55
86,2,1988,0.57
86,2,1989,0.54
86,2,1990,0.59
86,2,1991,0.64
86,2,1992,0.63
86,2,1993,0.59
86,2,1994,0.53
86,2,1995,0.58
86,2,1996,0.61
86,2,1997,0.56
86,2,1998,0.56
86,2,1999,0.54
86,2,2000,0.52
86,2,2001,0.5
86,2,2002,0.52
86,2,2003,0.53
86,2,2004,0.47
86,2,2005,0.41
86,2,2006,0.44
86,2,2007,0.42
86,2,2008,0.41
86,2,2009,0.42
86,2,2010,0.39
86,2,2011,0.38
86,2,2012,0.37
86,2,2013,0.37
86,2,2014,0.33
86,2,2015,0.32
86,2,2016,0.32
86,2,2017,0.3
86,2,2018,0.31
86,2,2019,0.25
86,2,2020,0.26
86,2,2021,0.28
86,2,2022,0.28
86,2,2023,0.28
86,3,1980,1.96
86,3,1981,2.03
86,3,1982,2.13
86,3,1983,1.99
86,3,1984,1.75
86,3,1985,1.61
86,3,1986,1.5
86,3,1987,1.71
86,3,1988,1.98
86,3,1989,2.3
86,3,1990,2.65
86,3,1991,2.65
86,3,1992,2.24
86,3,1993,1.83
86,3,1994,1.67
86,3,1995,1.58
86,3,1996,1.51
86,3,1997,1.38
86,3,1998,1.31
86,3,1999,1.25
86,3,2000,1.13
86,3,2001,1.05
86,3,2002,1.03
86,3,2003,1.08
86,3,2004,1.03
86,3,2005,0.93
86,3,2006,0.91
86,3,2007,0.93
86,3,2008,0.86
86,3,2009,0.84
86,3,2010,0.77
86,3,2011,0.74
86,3,2012,0.72
86,3,2013,0.66
86,3,2014,0.6
86,3,2015,0.6
86,3,2016,0.57
86,3,2017,0.52
86,3,2018,0.56
86,3,2019,0.4
86,3,2020,0.39
86,3,2021,0.41
86,3,2022,0.4
86,3,2023,0.39
87,1,1980,2.37
87,1,1981,2.48
87,1,1982,2.62
87,1,1983,2.57
87,1,1984,2.6
87,1,1985,2.5
87,1,1986,2.42
87,1,1987,2.46
87,1,1988,2.55
87,1,1989,2.69
87,1,1990,2.77
87,1,1991,2.66
87,1,1992,2.56
87,1,1993,2.41
87,1,1994,2.37
87,1,1995,2.2
87,1,1996,1.99
87,1,1997,1.91
87,1,1998,1.8
87,1,1999,1.74
87,1,2000,1.65
87,1,2001,1.62
87,1,2002,1.62
87,1,2003,1.52
87,1,2004,1.45
87,1,2005,1.38
87,1,2006,1.31
87,1,2007,1.24
87,1,2008,1.17
87,1,2009,1.13
87,1,2010,1.04
87,1,2011,1.04
87,1,2012,0.95
87,1,2013,0.85
87,1,2014,0.81
87,1,2015,0.77
87,1,2016,0.72
87,1,2017,0.71
87,1,2018,0.71
87,1,2019,0.69
87,1,2020,0.63
87,1,2021,0.53
87,1,2022,0.52
87,1,2023,0.52
87,2,1980,1.74
87,2,1981,1.71
87,2,1982,1.79
87,2,1983,1.79
87,2,1984,1.76
87,2,1985,1.74
87,2,1986,1.7
87,2,1987,1.68
87,2,1988,1.58
87,2,1989,1.61
87,2,1990,1.52
87,2,1991,1.54
87,2,1992,1.57
87,2,1993,1.54
87,2,1994,1.47
87,2,1995,1.38
87,2,1996,1.33
87,2,1997,1.24
87,2,1998,1.16
87,2,1999,1.15
87,2,2000,1.14
87,2,2001,1.11
87,2,2002,1.11
87,2,2003,1.08
87,2,2004,1.02
87,2,2005,0.91
87,2,2006,0.88
87,2,2007,0.86
87,2,2008,0.8
87,2,2009,0.79
87,2,2010,0.78
87,2,2011,0.75
87,2,2012,0.7
87,2,2013,0.69
87,2,2014,0.64
87,2,2015,0.6
87,2,2016,0.55
87,2,2017,0.53
87,2,2018,0.51
87,2,2019,0.48
87,2,2020,0.43
87,2,2021,0.37
87,2,2022,0.35
87,2,2023,0.34
87,3,1980,2.06
87,3,1981,2.1
87,3,1982,2.21
87,3,1983,2.18
87,3,1984,2.18
87,3,1985,2.12
87,3,1986,2.07
87,3,1987,2.07
87,3,1988,2.07
87,3,1989,2.16
87,3,1990,2.15
87,3,1991,2.11
87,3,1992,2.07
87,3,1993,1.98
87,3,1994,1.93
87,3,1995,1.8
87,3,1996,1.67
87,3,1997,1.58
87,3,1998,1.49
87,3,1999,1.45
87,3,2000,1.4
87,3,2001,1.37
87,3,2002,1.37
87,3,2003,1.3
87,3,2004,1.23
87,3,2005,1.15
87,3,2006,1.1
87,3,2007,1.05
87,3,2008,0.99
87,3,2009,0.96
87,3,2010,0.92
87,3,2011,0.9
87,3,2012,0.83
87,3,2013,0.77
87,3,2014,0.73
87,3,2015,0.68
87,3,2016,0.64
87,3,2017,0.62
87,3,2018,0.61
87,3,2019,0.58
87,3,2020,0.53
87,3,2021,0.45
87,3,2022,0.44
87,3,2023,0.43
88,1,1980,2.21
88,1,1981,2.2
88,1,1982,2.24
88,1,1983,2.19
88,1,1984,2.22
88,1,1985,2.16
88,1,1986,2.03
88,1,1987,2.05
88,1,1988,2.14
88,1,1989,2.2
88,1,1990,2.34
88,1,1991,2.29
88,1,1992,2.28
88,1,1993,2.22
88,1,1994,2.18
88,1,1995,2.09
88,1,1996,2.03
88,1,1997,1.95
88,1,1998,1.93
88,1,1999,1.93
88,1,2000,1.76
88,1,2001,1.8
88,1,2002,1.77
88,1,2003,1.73
88,1,2004,1.71
88,1,2005,1.6
88,1,2006,1.6
88,1,2007,1.65
88,1,2008,1.64
88,1,2009,1.58
88,1,2010,1.55
88,1,2011,1.5
88,1,2012,1.49
88,1,2013,1.34
88,1,2014,1.25
88,1,2015,1.16
88,1,2016,1.11
88,1,2017,1.14
88,1,2018,1.12
88,1,2019,1.09
88,1,2020,1.04
88,1,2021,0.97
88,1,2022,0.95
88,1,2023,0.9
88,2,1980,1.42
88,2,1981,1.43
88,2,1982,1.48
88,2,1983,1.47
88,2,1984,1.44
88,2,1985,1.39
88,2,1986,1.32
88,2,1987,1.28
88,2,1988,1.2
88,2,1989,1.17
88,2,1990,1.11
88,2,1991,1.11
88,2,1992,1.13
88,2,1993,1.11
88,2,1994,1.04
88,2,1995,1
88,2,1996,0.98
88,2,1997,0.93
88,2,1998,0.91
88,2,1999,0.93
88,2,2000,0.93
88,2,2001,0.96
88,2,2002,0.97
88,2,2003,0.93
88,2,2004,0.92
88,2,2005,0.82
88,2,2006,0.8
88,2,2007,0.78
88,2,2008,0.77
88,2,2009,0.78
88,2,2010,0.76
88,2,2011,0.75
88,2,2012,0.75
88,2,2013,0.71
88,2,2014,0.67
88,2,2015,0.67
88,2,2016,0.63
88,2,2017,0.6
88,2,2018,0.58
88,2,2019,0.57
88,2,2020,0.5
88,2,2021,0.46
88,2,2022,0.44
88,2,2023,0.45
88,3,1980,1.8
88,3,1981,1.8
88,3,1982,1.85
88,3,1983,1.82
88,3,1984,1.82
88,3,1985,1.77
88,3,1986,1.67
88,3,1987,1.66
88,3,1988,1.66
88,3,1989,1.68
88,3,1990,1.72
88,3,1991,1.7
88,3,1992,1.71
88,3,1993,1.67
88,3,1994,1.61
88,3,1995,1.55
88,3,1996,1.51
88,3,1997,1.45
88,3,1998,1.43
88,3,1999,1.44
88,3,2000,1.35
88,3,2001,1.39
88,3,2002,1.37
88,3,2003,1.33
88,3,2004,1.32
88,3,2005,1.22
88,3,2006,1.2
88,3,2007,1.22
88,3,2008,1.21
88,3,2009,1.19
88,3,2010,1.16
88,3,2011,1.13
88,3,2012,1.13
88,3,2013,1.03
88,3,2014,0.97
88,3,2015,0.92
88,3,2016,0.88
88,3,2017,0.88
88,3,2018,0.86
88,3,2019,0.85
88,3,2020,0.79
88,3,2021,0.73
88,3,2022,0.72
88,3,2023,0.69
89,1,1980,1.62
89,1,1981,1.67
89,1,1982,1.77
89,1,1983,1.78
89,1,1984,1.8
89,1,1985,1.73
89,1,1986,1.76
89,1,1987,1.71
89,1,1988,1.74
89,1,1989,1.87
89,1,1990,1.92
89,1,1991,1.95
89,1,1992,2.05
89,1,1993,1.98
89,1,1994,1.9
89,1,1995,1.85
89,1,1996,1.8
89,1,1997,1.85
89,1,1998,1.82
89,1,1999,1.86
89,1,2000,1.76
89,1,2001,1.77
89,1,2002,1.75
89,1,2003,1.65
89,1,2004,1.63
89,1,2005,1.46
89,1,2006,1.32
89,1,2007,1.31
89,1,2008,1.33
89,1,2009,1.31
89,1,2010,1.2
89,1,2011,1.22
89,1,2012,1.16
89,1,2013,1.06
89,1,2014,1.1
89,1,2015,0.99
89,1,2016,0.98
89,1,2017,1.04
89,1,2018,0.98
89,1,2019,0.95
89,1,2020,0.89
89,1,2021,0.85
89,1,2022,0.91
89,1,2023,0.9
89,2,1980,0.81
89,2,1981,0.81
89,2,1982,0.83
89,2,1983,0.86
89,2,1984,0.84
89,2,1985,0.85
89,2,1986,0.87
89,2,1987,0.86
89,2,1988,0.85
89,2,1989,0.86
89,2,1990,0.84
89,2,1991,0.88
89,2,1992,0.9
89,2,1993,0.92
89,2,1994,0.89
89,2,1995,0.9
89,2,1996,0.87
89,2,1997,0.81
89,2,1998,0.78
89,2,1999,0.82
89,2,2000,0.85
89,2,2001,0.87
89,2,2002,0.88
89,2,2003,0.85
89,2,2004,0.79
89,2,2005,0.71
89,2,2006,0.66
89,2,2007,0.63
89,2,2008,0.6
89,2,2009,0.6
89,2,2010,0.59
89,2,2011,0.58
89,2,2012,0.57
89,2,2013,0.55
89,2,2014,0.49
89,2,2015,0.49
89,2,2016,0.46
89,2,2017,0.46
89,2,2018,0.46
89,2,2019,0.46
89,2,2020,0.43
89,2,2021,0.41
89,2,2022,0.37
89,2,2023,0.36
89,3,1980,1.22
89,3,1981,1.24
89,3,1982,1.3
89,3,1983,1.32
89,3,1984,1.32
89,3,1985,1.29
89,3,1986,1.31
89,3,1987,1.29
89,3,1988,1.3
89,3,1989,1.36
89,3,1990,1.38
89,3,1991,1.42
89,3,1992,1.48
89,3,1993,1.45
89,3,1994,1.4
89,3,1995,1.38
89,3,1996,1.34
89,3,1997,1.34
89,3,1998,1.3
89,3,1999,1.34
89,3,2000,1.31
89,3,2001,1.32
89,3,2002,1.32
89,3,2003,1.25
89,3,2004,1.21
89,3,2005,1.08
89,3,2006,0.99
89,3,2007,0.97
89,3,2008,0.97
89,3,2009,0.95
89,3,2010,0.9
89,3,2011,0.9
89,3,2012,0.86
89,3,2013,0.8
89,3,2014,0.79
89,3,2015,0.74
89,3,2016,0.72
89,3,2017,0.75
89,3,2018,0.72
89,3,2019,0.7
89,3,2020,0.66
89,3,2021,0.63
89,3,2022,0.64
89,3,2023,0.63
90,1,1980,1.69
90,1,1981,1.96
90,1,1982,1.7
90,1,1983,1.8
90,1,1984,1.91
90,1,1985,1.65
90,1,1986,2.08
90,1,1987,1.81
90,1,1988,1.98
90,1,1989,1.88
90,1,1990,1.95
90,1,1991,2.07
90,1,1992,1.8
90,1,1993,1.35
90,1,1994,1.19
90,1,1995,1.37
90,1,1996,1.33
90,1,1997,1.49
90,1,1998,1.42
90,1,1999,1.3
90,1,2000,1.36
90,1,2001,1.16
90,1,2002,1.27
90,1,2003,1.23
90,1,2004,1.15
90,1,2005,0.94
90,1,2006,0.94
90,1,2007,0.87
90,1,2008,0.87
90,1,2009,0.84
90,1,2010,0.79
90,1,2011,0.95
90,1,2012,0.94
90,1,2013,1.07
90,1,2014,0.84
90,1,2015,0.57
90,1,2016,0.65
90,1,2017,0.6
90,1,2018,0.52
90,1,2019,0.45
90,1,2020,0.57
90,1,2021,0.52
90,1,2022,0.56
90,1,2023,0.57
90,2,1980,1.27
90,2,1981,1.16
90,2,1982,1.08
90,2,1983,1.05
90,2,1984,0.83
90,2,1985,0.96
90,2,1986,1.1
90,2,1987,1.26
90,2,1988,0.81
90,2,1989,0.99
90,2,1990,0.8
90,2,1991,0.92
90,2,1992,0.84
90,2,1993,0.98
90,2,1994,0.93
90,2,1995,0.95
90,2,1996,1
90,2,1997,0.82
90,2,1998,0.75
90,2,1999,0.79
90,2,2000,0.97
90,2,2001,0.77
90,2,2002,0.76
90,2,2003,0.92
90,2,2004,0.72
90,2,2005,0.67
90,2,2006,0.88
90,2,2007,0.68
90,2,2008,0.5
90,2,2009,0.57
90,2,2010,0.64
90,2,2011,0.61
90,2,2012,0.55
90,2,2013,0.6
90,2,2014,0.46
90,2,2015,0.47
90,2,2016,0.46
90,2,2017,0.42
90,2,2018,0.43
90,2,2019,0.52
90,2,2020,0.56
90,2,2021,0.49
90,2,2022,0.5
90,2,2023,0.51
90,3,1980,1.48
90,3,1981,1.56
90,3,1982,1.39
90,3,1983,1.43
90,3,1984,1.37
90,3,1985,1.31
90,3,1986,1.59
90,3,1987,1.54
90,3,1988,1.4
90,3,1989,1.44
90,3,1990,1.38
90,3,1991,1.5
90,3,1992,1.33
90,3,1993,1.16
90,3,1994,1.06
90,3,1995,1.16
90,3,1996,1.16
90,3,1997,1.16
90,3,1998,1.09
90,3,1999,1.05
90,3,2000,1.17
90,3,2001,0.96
90,3,2002,1.01
90,3,2003,1.07
90,3,2004,0.94
90,3,2005,0.81
90,3,2006,0.91
90,3,2007,0.78
90,3,2008,0.69
90,3,2009,0.7
90,3,2010,0.72
90,3,2011,0.78
90,3,2012,0.75
90,3,2013,0.84
90,3,2014,0.65
90,3,2015,0.52
90,3,2016,0.56
90,3,2017,0.51
90,3,2018,0.48
90,3,2019,0.49
90,3,2020,0.56
90,3,2021,0.5
90,3,2022,0.53
90,3,2023,0.54
91,1,1980,2.63
91,1,1981,2.72
91,1,1982,2.82
91,1,1983,3.1
91,1,1984,3.92
91,1,1985,4.06
91,1,1986,4
91,1,1987,4.18
91,1,1988,4.36
91,1,1989,4.51
91,1,1990,4.68
91,1,1991,4.7
91,1,1992,4.45
91,1,1993,4.18
91,1,1994,4.08
91,1,1995,4.14
91,1,1996,4.03
91,1,1997,4.06
91,1,1998,3.93
91,1,1999,3.82
91,1,2000,3.65
91,1,2001,3.42
91,1,2002,3.15
91,1,2003,2.94
91,1,2004,2.84
91,1,2005,2.49
91,1,2006,2.55
91,1,2007,2.49
91,1,2008,2.55
91,1,2009,2.4
91,1,2010,2.3
91,1,2011,2.12
91,1,2012,2.03
91,1,2013,1.82
91,1,2014,1.62
91,1,2015,1.59
91,1,2016,1.56
91,1,2017,1.52
91,1,2018,1.5
91,1,2019,1.58
91,1,2020,1.59
91,1,2021,1.5
91,1,2022,1.55
91,1,2023,1.58
91,2,1980,1.59
91,2,1981,1.59
91,2,1982,1.64
91,2,1983,1.67
91,2,1984,1.76
91,2,1985,1.76
91,2,1986,1.76
91,2,1987,1.81
91,2,1988,1.74
91,2,1989,1.74
91,2,1990,1.73
91,2,1991,1.7
91,2,1992,1.67
91,2,1993,1.72
91,2,1994,1.64
91,2,1995,1.57
91,2,1996,1.54
91,2,1997,1.48
91,2,1998,1.42
91,2,1999,1.42
91,2,2000,1.36
91,2,2001,1.26
91,2,2002,1.24
91,2,2003,1.13
91,2,2004,1.09
91,2,2005,0.91
91,2,2006,0.89
91,2,2007,0.94
91,2,2008,0.95
91,2,2009,0.93
91,2,2010,0.92
91,2,2011,0.83
91,2,2012,0.82
91,2,2013,0.78
91,2,2014,0.76
91,2,2015,0.7
91,2,2016,0.61
91,2,2017,0.6
91,2,2018,0.62
91,2,2019,0.66
91,2,2020,0.64
91,2,2021,0.61
91,2,2022,0.64
91,2,2023,0.67
91,3,1980,2.09
91,3,1981,2.14
91,3,1982,2.22
91,3,1983,2.36
91,3,1984,2.81
91,3,1985,2.88
91,3,1986,2.86
91,3,1987,2.97
91,3,1988,3.02
91,3,1989,3.1
91,3,1990,3.18
91,3,1991,3.17
91,3,1992,3.03
91,3,1993,2.93
91,3,1994,2.83
91,3,1995,2.83
91,3,1996,2.76
91,3,1997,2.75
91,3,1998,2.66
91,3,1999,2.6
91,3,2000,2.49
91,3,2001,2.33
91,3,2002,2.18
91,3,2003,2.02
91,3,2004,1.95
91,3,2005,1.68
91,3,2006,1.7
91,3,2007,1.7
91,3,2008,1.73
91,3,2009,1.65
91,3,2010,1.6
91,3,2011,1.46
91,3,2012,1.41
91,3,2013,1.29
91,3,2014,1.18
91,3,2015,1.13
91,3,2016,1.07
91,3,2017,1.05
91,3,2018,1.05
91,3,2019,1.11
91,3,2020,1.1
91,3,2021,1.04
91,3,2022,1.09
91,3,2023,1.12
92,1,1980,1.75
92,1,1981,1.65
92,1,1982,1.66
92,1,1983,1.87
92,1,1984,1.97
92,1,1985,1.98
92,1,1986,1.85
92,1,1987,1.83
92,1,1988,1.71
92,1,1989,1.75
92,1,1990,1.79
92,1,1991,1.74
92,1,1992,1.68
92,1,1993,1.59
92,1,1994,1.59
92,1,1995,1.55
92,1,1996,1.43
92,1,1997,1.37
92,1,1998,1.34
92,1,1999,1.35
92,1,2000,1.4
92,1,2001,1.44
92,1,2002,1.45
92,1,2003,1.43
92,1,2004,1.41
92,1,2005,1.23
92,1,2006,1.13
92,1,2007,1.04
92,1,2008,1.05
92,1,2009,1.01
92,1,2010,0.9
92,1,2011,0.92
92,1,2012,0.87
92,1,2013,0.78
92,1,2014,0.76
92,1,2015,0.71
92,1,2016,0.71
92,1,2017,0.75
92,1,2018,0.74
92,1,2019,0.75
92,1,2020,0.73
92,1,2021,0.69
92,1,2022,0.7
92,1,2023,0.68
92,2,1980,0.63
92,2,1981,0.62
92,2,1982,0.61
92,2,1983,0.63
92,2,1984,0.65
92,2,1985,0.67
92,2,1986,0.68
92,2,1987,0.72
92,2,1988,0.67
92,2,1989,0.65
92,2,1990,0.66
92,2,1991,0.65
92,2,1992,0.65
92,2,1993,0.67
92,2,1994,0.64
92,2,1995,0.61
92,2,1996,0.61
92,2,1997,0.57
92,2,1998,0.52
92,2,1999,0.53
92,2,2000,0.54
92,2,2001,0.52
92,2,2002,0.54
92,2,2003,0.57
92,2,2004,0.6
92,2,2005,0.48
92,2,2006,0.47
92,2,2007,0.45
92,2,2008,0.44
92,2,2009,0.42
92,2,2010,0.42
92,2,2011,0.4
92,2,2012,0.37
92,2,2013,0.37
92,2,2014,0.36
92,2,2015,0.36
92,2,2016,0.34
92,2,2017,0.34
92,2,2018,0.33
92,2,2019,0.33
92,2,2020,0.3
92,2,2021,0.28
92,2,2022,0.29
92,2,2023,0.29
92,3,1980,1.18
92,3,1981,1.13
92,3,1982,1.13
92,3,1983,1.25
92,3,1984,1.31
92,3,1985,1.32
92,3,1986,1.26
92,3,1987,1.27
92,3,1988,1.19
92,3,1989,1.2
92,3,1990,1.22
92,3,1991,1.19
92,3,1992,1.16
92,3,1993,1.13
92,3,1994,1.11
92,3,1995,1.08
92,3,1996,1.02
92,3,1997,0.97
92,3,1998,0.93
92,3,1999,0.94
92,3,2000,0.97
92,3,2001,0.98
92,3,2002,1
92,3,2003,1
92,3,2004,1.01
92,3,2005,0.86
92,3,2006,0.8
92,3,2007,0.75
92,3,2008,0.75
92,3,2009,0.72
92,3,2010,0.66
92,3,2011,0.66
92,3,2012,0.62
92,3,2013,0.58
92,3,2014,0.56
92,3,2015,0.54
92,3,2016,0.52
92,3,2017,0.55
92,3,2018,0.54
92,3,2019,0.54
92,3,2020,0.52
92,3,2021,0.48
92,3,2022,0.49
92,3,2023,0.48
93,1,1980,2.22
93,1,1981,2.34
93,1,1982,2.3
93,1,1983,2.26
93,1,1984,2.27
93,1,1985,2.16
93,1,1986,2.27
93,1,1987,2.22
93,1,1988,2.4
93,1,1989,2.54
93,1,1990,2.54
93,1,1991,2.53
93,1,1992,2.41
93,1,1993,2.24
93,1,1994,2.15
93,1,1995,2.02
93,1,1996,1.93
93,1,1997,1.94
93,1,1998,1.91
93,1,1999,1.92
93,1,2000,1.81
93,1,2001,1.75
93,1,2002,1.83
93,1,2003,1.75
93,1,2004,1.75
93,1,2005,1.67
93,1,2006,1.64
93,1,2007,1.73
93,1,2008,1.63
93,1,2009,1.57
93,1,2010,1.54
93,1,2011,1.56
93,1,2012,1.44
93,1,2013,1.44
93,1,2014,1.5
93,1,2015,1.57
93,1,2016,1.56
93,1,2017,1.61
93,1,2018,1.59
93,1,2019,1.59
93,1,2020,1.61
93,1,2021,1.38
93,1,2022,1.41
93,1,2023,1.4
93,2,1980,1.17
93,2,1981,1.13
93,2,1982,1.15
93,2,1983,1.15
93,2,1984,1.16
93,2,1985,1.17
93,2,1986,1.19
93,2,1987,1.21
93,2,1988,1.19
93,2,1989,1.2
93,2,1990,1.13
93,2,1991,1.14
93,2,1992,1.15
93,2,1993,1.13
93,2,1994,1.08
93,2,1995,1.02
93,2,1996,1
93,2,1997,0.95
93,2,1998,0.92
93,2,1999,0.92
93,2,2000,0.93
93,2,2001,0.93
93,2,2002,0.98
93,2,2003,0.92
93,2,2004,0.93
93,2,2005,0.84
93,2,2006,0.82
93,2,2007,0.8
93,2,2008,0.78
93,2,2009,0.79
93,2,2010,0.75
93,2,2011,0.72
93,2,2012,0.72
93,2,2013,0.7
93,2,2014,0.68
93,2,2015,0.67
93,2,2016,0.63
93,2,2017,0.62
93,2,2018,0.6
93,2,2019,0.57
93,2,2020,0.51
93,2,2021,0.47
93,2,2022,0.42
93,2,2023,0.41
93,3,1980,1.7
93,3,1981,1.74
93,3,1982,1.73
93,3,1983,1.71
93,3,1984,1.72
93,3,1985,1.67
93,3,1986,1.74
93,3,1987,1.72
93,3,1988,1.8
93,3,1989,1.88
93,3,1990,1.84
93,3,1991,1.84
93,3,1992,1.78
93,3,1993,1.69
93,3,1994,1.62
93,3,1995,1.53
93,3,1996,1.47
93,3,1997,1.45
93,3,1998,1.42
93,3,1999,1.43
93,3,2000,1.37
93,3,2001,1.34
93,3,2002,1.41
93,3,2003,1.34
93,3,2004,1.35
93,3,2005,1.26
93,3,2006,1.23
93,3,2007,1.27
93,3,2008,1.21
93,3,2009,1.19
93,3,2010,1.15
93,3,2011,1.15
93,3,2012,1.08
93,3,2013,1.08
93,3,2014,1.1
93,3,2015,1.13
93,3,2016,1.1
93,3,2017,1.13
93,3,2018,1.11
93,3,2019,1.09
93,3,2020,1.08
93,3,2021,0.94
93,3,2022,0.93
93,3,2023,0.92
94,1,1980,1.25
94,1,1981,1.37
94,1,1982,1.48
94,1,1983,1.47
94,1,1984,1.37
94,1,1985,1.32
94,1,1986,1.27
94,1,1987,1.32
94,1,1988,1.45
94,1,1989,1.58
94,1,1990,1.71
94,1,1991,1.75
94,1,1992,1.77
94,1,1993,1.73
94,1,1994,1.63
94,1,1995,1.46
94,1,1996,1.35
94,1,1997,1.31
94,1,1998,1.21
94,1,1999,1.15
94,1,2000,1.07
94,1,2001,1.09
94,1,2002,1.05
94,1,2003,1
94,1,2004,0.97
94,1,2005,0.89
94,1,2006,0.81
94,1,2007,0.79
94,1,2008,0.76
94,1,2009,0.75
94,1,2010,0.68
94,1,2011,0.69
94,1,2012,0.66
94,1,2013,0.6
94,1,2014,0.56
94,1,2015,0.57
94,1,2016,0.53
94,1,2017,0.54
94,1,2018,0.56
94,1,2019,0.54
94,1,2020,0.52
94,1,2021,0.45
94,1,2022,0.45
94,1,2023,0.42
94,2,1980,1.27
94,2,1981,1.27
94,2,1982,1.3
94,2,1983,1.31
94,2,1984,1.29
94,2,1985,1.38
94,2,1986,1.34
94,2,1987,1.36
94,2,1988,1.32
94,2,1989,1.34
94,2,1990,1.34
94,2,1991,1.37
94,2,1992,1.42
94,2,1993,1.45
94,2,1994,1.39
94,2,1995,1.25
94,2,1996,1.14
94,2,1997,1.09
94,2,1998,1
94,2,1999,1
94,2,2000,0.99
94,2,2001,0.97
94,2,2002,1
94,2,2003,0.93
94,2,2004,0.92
94,2,2005,0.84
94,2,2006,0.79
94,2,2007,0.74
94,2,2008,0.7
94,2,2009,0.7
94,2,2010,0.66
94,2,2011,0.64
94,2,2012,0.61
94,2,2013,0.61
94,2,2014,0.56
94,2,2015,0.53
94,2,2016,0.5
94,2,2017,0.49
94,2,2018,0.49
94,2,2019,0.48
94,2,2020,0.46
94,2,2021,0.42
94,2,2022,0.43
94,2,2023,0.41
94,3,1980,1.26
94,3,1981,1.32
94,3,1982,1.39
94,3,1983,1.39
94,3,1984,1.33
94,3,1985,1.35
94,3,1986,1.31
94,3,1987,1.34
94,3,1988,1.39
94,3,1989,1.46
94,3,1990,1.53
94,3,1991,1.57
94,3,1992,1.6
94,3,1993,1.59
94,3,1994,1.51
94,3,1995,1.36
94,3,1996,1.25
94,3,1997,1.2
94,3,1998,1.11
94,3,1999,1.08
94,3,2000,1.03
94,3,2001,1.03
94,3,2002,1.03
94,3,2003,0.97
94,3,2004,0.95
94,3,2005,0.87
94,3,2006,0.8
94,3,2007,0.76
94,3,2008,0.73
94,3,2009,0.73
94,3,2010,0.67
94,3,2011,0.66
94,3,2012,0.64
94,3,2013,0.61
94,3,2014,0.56
94,3,2015,0.55
94,3,2016,0.52
94,3,2017,0.51
94,3,2018,0.52
94,3,2019,0.51
94,3,2020,0.49
94,3,2021,0.44
94,3,2022,0.44
94,3,2023,0.41
95,1,1980,1.46
95,1,1981,1.31
95,1,1982,1.49
95,1,1983,1.5
95,1,1984,1.52
95,1,1985,1.5
95,1,1986,1.54
95,1,1987,1.73
95,1,1988,1.84
95,1,1989,1.84
95,1,1990,1.64
95,1,1991,1.54
95,1,1992,1.73
95,1,1993,2.02
95,1,1994,2.06
95,1,1995,1.75
95,1,1996,1.33
95,1,1997,1.2
95,1,1998,1.18
95,1,1999,1.18
95,1,2000,1.2
95,1,2001,1.29
95,1,2002,1.37
95,1,2003,1.37
95,1,2004,1.34
95,1,2005,1.27
95,1,2006,1.25
95,1,2007,1.17
95,1,2008,1.09
95,1,2009,1.01
95,1,2010,0.94
95,1,2011,0.97
95,1,2012,0.87
95,1,2013,0.82
95,1,2014,0.77
95,1,2015,0.71
95,1,2016,0.69
95,1,2017,0.7
95,1,2018,0.68
95,1,2019,0.64
95,1,2020,0.55
95,1,2021,0.53
95,1,2022,0.5
95,1,2023,0.49
95,2,1980,0.95
95,2,1981,0.91
95,2,1982,0.99
95,2,1983,0.98
95,2,1984,0.95
95,2,1985,0.92
95,2,1986,0.9
95,2,1987,0.92
95,2,1988,0.91
95,2,1989,0.93
95,2,1990,0.74
95,2,1991,0.78
95,2,1992,0.82
95,2,1993,0.92
95,2,1994,0.92
95,2,1995,0.75
95,2,1996,0.58
95,2,1997,0.48
95,2,1998,0.45
95,2,1999,0.45
95,2,2000,0.53
95,2,2001,0.57
95,2,2002,0.55
95,2,2003,0.54
95,2,2004,0.51
95,2,2005,0.51
95,2,2006,0.49
95,2,2007,0.5
95,2,2008,0.46
95,2,2009,0.44
95,2,2010,0.41
95,2,2011,0.4
95,2,2012,0.37
95,2,2013,0.33
95,2,2014,0.34
95,2,2015,0.33
95,2,2016,0.31
95,2,2017,0.29
95,2,2018,0.28
95,2,2019,0.26
95,2,2020,0.24
95,2,2021,0.25
95,2,2022,0.24
95,2,2023,0.24
95,3,1980,1.21
95,3,1981,1.11
95,3,1982,1.24
95,3,1983,1.24
95,3,1984,1.24
95,3,1985,1.21
95,3,1986,1.22
95,3,1987,1.32
95,3,1988,1.38
95,3,1989,1.39
95,3,1990,1.19
95,3,1991,1.16
95,3,1992,1.28
95,3,1993,1.47
95,3,1994,1.49
95,3,1995,1.25
95,3,1996,0.95
95,3,1997,0.84
95,3,1998,0.81
95,3,1999,0.82
95,3,2000,0.86
95,3,2001,0.93
95,3,2002,0.96
95,3,2003,0.95
95,3,2004,0.93
95,3,2005,0.89
95,3,2006,0.87
95,3,2007,0.83
95,3,2008,0.78
95,3,2009,0.72
95,3,2010,0.68
95,3,2011,0.69
95,3,2012,0.62
95,3,2013,0.57
95,3,2014,0.55
95,3,2015,0.52
95,3,2016,0.49
95,3,2017,0.49
95,3,2018,0.48
95,3,2019,0.45
95,3,2020,0.39
95,3,2021,0.39
95,3,2022,0.37
95,3,2023,0.36
97,1,1980,6.61
97,1,1981,7.03
97,1,1982,7.86
97,1,1983,8.36
97,1,1984,8.98
97,1,1985,9.71
97,1,1986,10.51
97,1,1987,10.88
97,1,1988,11.15
97,1,1989,11.49
97,1,1990,10.8
97,1,1991,10.36
97,1,1992,10.4
97,1,1993,10.31
97,1,1994,10.71
97,1,1995,10.81
97,1,1996,11.57
97,1,1997,12.35
97,1,1998,12.22
97,1,1999,12.97
97,1,2000,13.67
97,1,2001,15.28
97,1,2002,15.84
97,1,2003,14.42
97,1,2004,12.15
97,1,2005,10.92
97,1,2006,10.64
97,1,2007,10.06
97,1,2008,10.2
97,1,2009,10.12
97,1,2010,9.89
97,1,2011,9.89
97,1,2012,10.8
97,1,2013,11.15
97,1,2014,11.3
97,1,2015,10.9
97,1,2016,10.27
97,1,2017,9.48
97,1,2018,8.95
97,1,2019,8.48
97,1,2020,8.23
97,1,2021,8.29
97,1,2022,9.2
97,1,2023,8.38
97,2,1980,2.07
97,2,1981,2.11
97,2,1982,2.09
97,2,1983,2.19
97,2,1984,2.21
97,2,1985,2.12
97,2,1986,2.3
97,2,1987,2.29
97,2,1988,2.29
97,2,1989,2.29
97,2,1990,2.18
97,2,1991,2.18
97,2,1992,2.37
97,2,1993,2.35
97,2,1994,2.38
97,2,1995,2.27
97,2,1996,2.32
97,2,1997,2.47
97,2,1998,2.45
97,2,1999,2.45
97,2,2000,2.51
97,2,2001,2.56
97,2,2002,2.49
97,2,2003,2.3
97,2,2004,2.11
97,2,2005,2.03
97,2,2006,1.93
97,2,2007,1.89
97,2,2008,1.91
97,2,2009,1.83
97,2,2010,1.9
97,2,2011,1.9
97,2,2012,1.83
97,2,2013,1.83
97,2,2014,1.83
97,2,2015,1.84
97,2,2016,1.88
97,2,2017,1.87
97,2,2018,1.8
97,2,2019,1.72
97,2,2020,1.55
97,2,2021,1.54
97,2,2022,1.65
97,2,2023,1.52
97,3,1980,4.29
97,3,1981,4.51
97,3,1982,4.91
97,3,1983,5.19
97,3,1984,5.51
97,3,1985,5.83
97,3,1986,6.3
97,3,1987,6.48
97,3,1988,6.61
97,3,1989,6.77
97,3,1990,6.37
97,3,1991,6.16
97,3,1992,6.27
97,3,1993,6.22
97,3,1994,6.42
97,3,1995,6.42
97,3,1996,6.81
97,3,1997,7.27
97,3,1998,7.2
97,3,1999,7.56
97,3,2000,7.94
97,3,2001,8.76
97,3,2002,9
97,3,2003,8.2
97,3,2004,7
97,3,2005,6.36
97,3,2006,6.17
97,3,2007,5.86
97,3,2008,5.95
97,3,2009,5.88
97,3,2010,5.8
97,3,2011,5.8
97,3,2012,6.21
97,3,2013,6.37
97,3,2014,6.45
97,3,2015,6.25
97,3,2016,5.96
97,3,2017,5.57
97,3,2018,5.27
97,3,2019,5
97,3,2020,4.79
97,3,2021,4.82
97,3,2022,5.32
97,3,2023,4.85
98,1,1980,16.63
98,1,1981,16.51
98,1,1982,17.11
98,1,1983,17.75
98,1,1984,17.47
98,1,1985,17.36
98,1,1986,16.73
98,1,1987,16.22
98,1,1988,16.4
98,1,1989,16.57
98,1,1990,14.11
98,1,1991,12.87
98,1,1992,11.39
98,1,1993,10.45
98,1,1994,9.87
98,1,1995,9.67
98,1,1996,9.49
98,1,1997,9.2
98,1,1998,9.21
98,1,1999,9.26
98,1,2000,9.9
98,1,2001,10.19
98,1,2002,9.91
98,1,2003,9.79
98,1,2004,9.64
98,1,2005,9.59
98,1,2006,9.26
98,1,2007,8.01
98,1,2008,7.88
98,1,2009,8.39
98,1,2010,7.81
98,1,2011,7.49
98,1,2012,7.15
98,1,2013,7.04
98,1,2014,7.6
98,1,2015,7.47
98,1,2016,6.83
98,1,2017,5.9
98,1,2018,5.13
98,1,2019,5.11
98,1,2020,5.91
98,1,2021,5.36
98,1,2022,5.95
98,1,2023,5.78
98,2,1980,2.84
98,2,1981,2.68
98,2,1982,2.5
98,2,1983,2.49
98,2,1984,2.42
98,2,1985,2.47
98,2,1986,2.51
98,2,1987,2.45
98,2,1988,2.44
98,2,1989,2.45
98,2,1990,2.39
98,2,1991,2.27
98,2,1992,2.21
98,2,1993,2
98,2,1994,1.92
98,2,1995,1.84
98,2,1996,1.7
98,2,1997,1.69
98,2,1998,1.71
98,2,1999,1.65
98,2,2000,1.61
98,2,2001,1.52
98,2,2002,1.41
98,2,2003,1.3
98,2,2004,1.26
98,2,2005,1.32
98,2,2006,1.28
98,2,2007,1.23
98,2,2008,1.19
98,2,2009,1.17
98,2,2010,1.2
98,2,2011,1.15
98,2,2012,1.14
98,2,2013,1.14
98,2,2014,1.17
98,2,2015,1.12
98,2,2016,1.06
98,2,2017,1.03
98,2,2018,0.95
98,2,2019,0.92
98,2,2020,0.95
98,2,2021,0.78
98,2,2022,0.82
98,2,2023,0.84
98,3,1980,9.49
98,3,1981,9.35
98,3,1982,9.55
98,3,1983,9.85
98,3,1984,9.68
98,3,1985,9.64
98,3,1986,9.36
98,3,1987,9.09
98,3,1988,9.17
98,3,1989,9.26
98,3,1990,8.05
98,3,1991,7.39
98,3,1992,6.66
98,3,1993,6.1
98,3,1994,5.79
98,3,1995,5.65
98,3,1996,5.5
98,3,1997,5.36
98,3,1998,5.38
98,3,1999,5.38
98,3,2000,5.68
98,3,2001,5.78
98,3,2002,5.59
98,3,2003,5.47
98,3,2004,5.38
98,3,2005,5.38
98,3,2006,5.2
98,3,2007,4.56
98,3,2008,4.48
98,3,2009,4.72
98,3,2010,4.45
98,3,2011,4.27
98,3,2012,4.1
98,3,2013,4.05
98,3,2014,4.34
98,3,2015,4.25
98,3,2016,3.91
98,3,2017,3.44
98,3,2018,3.02
98,3,2019,2.99
98,3,2020,3.42
98,3,2021,3.07
98,3,2022,3.39
98,3,2023,3.31
99,1,1980,5.56
99,1,1981,5.94
99,1,1982,6.18
99,1,1983,5.84
99,1,1984,6.12
99,1,1985,6.41
99,1,1986,6.85
99,1,1987,7.18
99,1,1988,7.7
99,1,1989,8.59
99,1,1990,8.06
99,1,1991,7.72
99,1,1992,7.47
99,1,1993,7.58
99,1,1994,7.77
99,1,1995,7.8
99,1,1996,7.96
99,1,1997,8.55
99,1,1998,9.2
99,1,1999,9.59
99,1,2000,9.55
99,1,2001,9.81
99,1,2002,10.05
99,1,2003,9.17
99,1,2004,8.41
99,1,2005,8.05
99,1,2006,7.98
99,1,2007,7.77
99,1,2008,7.66
99,1,2009,8.28
99,1,2010,8.79
99,1,2011,9.62
99,1,2012,10.7
99,1,2013,10.6
99,1,2014,11.16
99,1,2015,11.73
99,1,2016,11.94
99,1,2017,13.01
99,1,2018,15.22
99,1,2019,15.83
99,1,2020,15.03
99,1,2021,13.67
99,1,2022,15.6
99,1,2023,15.09
99,2,1980,2.1
99,2,1981,2.06
99,2,1982,2.02
99,2,1983,1.97
99,2,1984,1.91
99,2,1985,1.82
99,2,1986,2.15
99,2,1987,2.29
99,2,1988,2.27
99,2,1989,2.27
99,2,1990,2.23
99,2,1991,2.29
99,2,1992,2.32
99,2,1993,2.36
99,2,1994,2.3
99,2,1995,2.2
99,2,1996,2.18
99,2,1997,2.18
99,2,1998,2.19
99,2,1999,2.18
99,2,2000,2.3
99,2,2001,2.23
99,2,2002,2.14
99,2,2003,2.02
99,2,2004,2
99,2,2005,1.95
99,2,2006,1.84
99,2,2007,1.79
99,2,2008,1.75
99,2,2009,1.66
99,2,2010,1.73
99,2,2011,1.69
99,2,2012,1.67
99,2,2013,1.72
99,2,2014,1.74
99,2,2015,1.74
99,2,2016,1.75
99,2,2017,1.86
99,2,2018,1.84
99,2,2019,1.75
99,2,2020,1.54
99,2,2021,1.3
99,2,2022,1.53
99,2,2023,1.56
99,3,1980,3.77
99,3,1981,3.94
99,3,1982,4.03
99,3,1983,3.84
99,3,1984,3.94
99,3,1985,4.03
99,3,1986,4.42
99,3,1987,4.65
99,3,1988,4.89
99,3,1989,5.33
99,3,1990,5.05
99,3,1991,4.91
99,3,1992,4.82
99,3,1993,4.89
99,3,1994,4.95
99,3,1995,4.91
99,3,1996,4.99
99,3,1997,5.27
99,3,1998,5.6
99,3,1999,5.78
99,3,2000,5.82
99,3,2001,5.92
99,3,2002,5.98
99,3,2003,5.48
99,3,2004,5.11
99,3,2005,4.91
99,3,2006,4.82
99,3,2007,4.69
99,3,2008,4.62
99,3,2009,4.87
99,3,2010,5.15
99,3,2011,5.55
99,3,2012,6.06
99,3,2013,6.04
99,3,2014,6.33
99,3,2015,6.61
99,3,2016,6.72
99,3,2017,7.31
99,3,2018,8.39
99,3,2019,8.65
99,3,2020,8.16
99,3,2021,7.37
99,3,2022,8.42
99,3,2023,8.18
101,1,1980,3.26
101,1,1981,3.32
101,1,1982,3.27
101,1,1983,3.22
101,1,1984,3.09
101,1,1985,2.84
101,1,1986,2.82
101,1,1987,2.91
101,1,1988,2.77
101,1,1989,2.76
101,1,1990,2.94
101,1,1991,3.05
101,1,1992,2.99
101,1,1993,2.81
101,1,1994,2.82
101,1,1995,2.72
101,1,1996,2.7
101,1,1997,2.33
101,1,1998,2.36
101,1,1999,2.32
101,1,2000,2.38
101,1,2001,2.49
101,1,2002,2.42
101,1,2003,2.42
101,1,2004,2.58
101,1,2005,2.81
101,1,2006,2.78
101,1,2007,2.75
101,1,2008,2.83
101,1,2009,2.71
101,1,2010,2.53
101,1,2011,2.32
101,1,2012,2.27
101,1,2013,2.09
101,1,2014,2.03
101,1,2015,2.08
101,1,2016,2.13
101,1,2017,2.15
101,1,2018,2.1
101,1,2019,2.2
101,1,2020,2.72
101,1,2021,2.57
101,1,2022,2.24
101,1,2023,2.17
101,2,1980,1.87
101,2,1981,1.91
101,2,1982,1.82
101,2,1983,1.74
101,2,1984,1.68
101,2,1985,1.65
101,2,1986,1.59
101,2,1987,1.58
101,2,1988,1.53
101,2,1989,1.55
101,2,1990,1.59
101,2,1991,1.63
101,2,1992,1.52
101,2,1993,1.43
101,2,1994,1.38
101,2,1995,1.29
101,2,1996,1.26
101,2,1997,1.14
101,2,1998,1.12
101,2,1999,1.05
101,2,2000,1
101,2,2001,1
101,2,2002,1.01
101,2,2003,0.96
101,2,2004,0.96
101,2,2005,0.97
101,2,2006,0.95
101,2,2007,0.93
101,2,2008,0.92
101,2,2009,0.93
101,2,2010,0.9
101,2,2011,0.9
101,2,2012,0.86
101,2,2013,0.82
101,2,2014,0.77
101,2,2015,0.77
101,2,2016,0.71
101,2,2017,0.76
101,2,2018,0.73
101,2,2019,0.7
101,2,2020,0.8
101,2,2021,0.78
101,2,2022,0.79
101,2,2023,0.77
101,3,1980,2.56
101,3,1981,2.61
101,3,1982,2.54
101,3,1983,2.48
101,3,1984,2.38
101,3,1985,2.24
101,3,1986,2.2
101,3,1987,2.24
101,3,1988,2.15
101,3,1989,2.15
101,3,1990,2.26
101,3,1991,2.34
101,3,1992,2.25
101,3,1993,2.12
101,3,1994,2.1
101,3,1995,2
101,3,1996,1.98
101,3,1997,1.73
101,3,1998,1.73
101,3,1999,1.68
101,3,2000,1.69
101,3,2001,1.74
101,3,2002,1.71
101,3,2003,1.69
101,3,2004,1.77
101,3,2005,1.88
101,3,2006,1.86
101,3,2007,1.84
101,3,2008,1.87
101,3,2009,1.82
101,3,2010,1.71
101,3,2011,1.61
101,3,2012,1.56
101,3,2013,1.46
101,3,2014,1.4
101,3,2015,1.42
101,3,2016,1.42
101,3,2017,1.45
101,3,2018,1.42
101,3,2019,1.45
101,3,2020,1.76
101,3,2021,1.68
101,3,2022,1.52
101,3,2023,1.47
102,1,1980,16.2
102,1,1981,15.64
102,1,1982,14.32
102,1,1983,12.97
102,1,1984,12.47
102,1,1985,12.4
102,1,1986,13.09
102,1,1987,12.95
102,1,1988,13.28
102,1,1989,13.74
102,1,1990,14.96
102,1,1991,15.48
102,1,1992,15.09
102,1,1993,15.16
102,1,1994,14.75
102,1,1995,13.76
102,1,1996,12.24
102,1,1997,11.08
102,1,1998,10.33
102,1,1999,9.73
102,1,2000,9.58
102,1,2001,9.8
102,1,2002,9.94
102,1,2003,9.85
102,1,2004,9.76
102,1,2005,10.14
102,1,2006,10.41
102,1,2007,10.15
102,1,2008,9.74
102,1,2009,9.14
102,1,2010,8.72
102,1,2011,8.61
102,1,2012,8.74
102,1,2013,8.27
102,1,2014,8.28
102,1,2015,9.22
102,1,2016,10.07
102,1,2017,10.17
102,1,2018,9.65
102,1,2019,10.11
102,1,2020,12.64
102,1,2021,13.52
102,1,2022,12.91
102,1,2023,12.15
102,2,1980,4.63
102,2,1981,4.46
102,2,1982,4.28
102,2,1983,4.11
102,2,1984,4.08
102,2,1985,4.1
102,2,1986,4.22
102,2,1987,4.3
102,2,1988,4.31
102,2,1989,4.27
102,2,1990,4.29
102,2,1991,4.4
102,2,1992,4.29
102,2,1993,4.35
102,2,1994,4.14
102,2,1995,3.97
102,2,1996,3.64
102,2,1997,3.36
102,2,1998,3.23
102,2,1999,3.15
102,2,2000,3.04
102,2,2001,3.03
102,2,2002,3.01
102,2,2003,2.89
102,2,2004,2.8
102,2,2005,2.8
102,2,2006,2.8
102,2,2007,2.75
102,2,2008,2.67
102,2,2009,2.6
102,2,2010,2.47
102,2,2011,2.42
102,2,2012,2.39
102,2,2013,2.32
102,2,2014,2.31
102,2,2015,2.43
102,2,2016,2.63
102,2,2017,2.69
102,2,2018,2.64
102,2,2019,2.62
102,2,2020,3.02
102,2,2021,3.27
102,2,2022,3.23
102,2,2023,3.04
102,3,1980,10.31
102,3,1981,9.94
102,3,1982,9.21
102,3,1983,8.47
102,3,1984,8.21
102,3,1985,8.2
102,3,1986,8.61
102,3,1987,8.59
102,3,1988,8.77
102,3,1989,8.99
102,3,1990,9.62
102,3,1991,9.95
102,3,1992,9.71
102,3,1993,9.78
102,3,1994,9.47
102,3,1995,8.9
102,3,1996,7.97
102,3,1997,7.25
102,3,1998,6.81
102,3,1999,6.47
102,3,2000,6.33
102,3,2001,6.45
102,3,2002,6.51
102,3,2003,6.4
102,3,2004,6.32
102,3,2005,6.5
102,3,2006,6.64
102,3,2007,6.48
102,3,2008,6.24
102,3,2009,5.9
102,3,2010,5.62
102,3,2011,5.54
102,3,2012,5.59
102,3,2013,5.31
102,3,2014,5.32
102,3,2015,5.85
102,3,2016,6.38
102,3,2017,6.47
102,3,2018,6.18
102,3,2019,6.41
102,3,2020,7.89
102,3,2021,8.45
102,3,2022,8.13
102,3,2023,7.65
105,1,1980,4.56
105,1,1981,4.48
105,1,1982,4.22
105,1,1983,4.14
105,1,1984,4.49
105,1,1985,4.62
105,1,1986,4.5
105,1,1987,4.35
105,1,1988,4.36
105,1,1989,4.34
105,1,1990,4.61
105,1,1991,4.93
105,1,1992,4.92
105,1,1993,5.15
105,1,1994,5.24
105,1,1995,5.03
105,1,1996,4.92
105,1,1997,5
105,1,1998,5.01
105,1,1999,4.68
105,1,2000,4.6
105,1,2001,4.92
105,1,2002,4.99
105,1,2003,5.31
105,1,2004,5.85
105,1,2005,6.92
105,1,2006,6.71
105,1,2007,6.3
105,1,2008,6.49
105,1,2009,7.2
105,1,2010,6.74
105,1,2011,7.11
105,1,2012,6.9
105,1,2013,6.98
105,1,2014,6.56
105,1,2015,6.57
105,1,2016,6.33
105,1,2017,5.94
105,1,2018,5.55
105,1,2019,5.4
105,1,2020,5.29
105,1,2021,5.4
105,1,2022,5.59
105,1,2023,5.65
105,2,1980,2.14
105,2,1981,2.06
105,2,1982,1.96
105,2,1983,1.86
105,2,1984,1.83
105,2,1985,1.79
105,2,1986,1.83
105,2,1987,1.74
105,2,1988,1.74
105,2,1989,1.8
105,2,1990,1.8
105,2,1991,1.83
105,2,1992,1.7
105,2,1993,1.66
105,2,1994,1.69
105,2,1995,1.71
105,2,1996,1.58
105,2,1997,1.58
105,2,1998,1.6
105,2,1999,1.57
105,2,2000,1.48
105,2,2001,1.5
105,2,2002,1.55
105,2,2003,1.54
105,2,2004,1.66
105,2,2005,1.94
105,2,2006,1.71
105,2,2007,1.63
105,2,2008,1.65
105,2,2009,1.88
105,2,2010,1.78
105,2,2011,1.85
105,2,2012,1.82
105,2,2013,1.88
105,2,2014,1.99
105,2,2015,1.96
105,2,2016,1.88
105,2,2017,1.87
105,2,2018,1.7
105,2,2019,1.4
105,2,2020,1.51
105,2,2021,1.65
105,2,2022,1.73
105,2,2023,1.73
105,3,1980,3.28
105,3,1981,3.2
105,3,1982,3.03
105,3,1983,2.94
105,3,1984,3.09
105,3,1985,3.14
105,3,1986,3.1
105,3,1987,2.99
105,3,1988,2.99
105,3,1989,3.01
105,3,1990,3.14
105,3,1991,3.3
105,3,1992,3.23
105,3,1993,3.31
105,3,1994,3.36
105,3,1995,3.26
105,3,1996,3.14
105,3,1997,3.17
105,3,1998,3.18
105,3,1999,3.01
105,3,2000,2.92
105,3,2001,3.08
105,3,2002,3.14
105,3,2003,3.28
105,3,2004,3.59
105,3,2005,4.24
105,3,2006,4.03
105,3,2007,3.81
105,3,2008,3.92
105,3,2009,4.38
105,3,2010,4.12
105,3,2011,4.34
105,3,2012,4.24
105,3,2013,4.31
105,3,2014,4.19
105,3,2015,4.18
105,3,2016,4.03
105,3,2017,3.85
105,3,2018,3.57
105,3,2019,3.36
105,3,2020,3.36
105,3,2021,3.49
105,3,2022,3.63
105,3,2023,3.66
106,1,1980,28.66
106,1,1981,29.99
106,1,1982,31.77
106,1,1983,33.03
106,1,1984,33.47
106,1,1985,36.07
106,1,1986,33.88
106,1,1987,30.08
106,1,1988,29.14
106,1,1989,29.49
106,1,1990,31.36
106,1,1991,33.16
106,1,1992,33.06
106,1,1993,34.04
106,1,1994,36.32
106,1,1995,34.4
106,1,1996,33.5
106,1,1997,33.09
106,1,1998,33.56
106,1,1999,34.56
106,1,2000,34.09
106,1,2001,34.62
106,1,2002,34.84
106,1,2003,37.7
106,1,2004,40.78
106,1,2005,45.68
106,1,2006,47.05
106,1,2007,49.18
106,1,2008,51.27
106,1,2009,55.61
106,1,2010,54.93
106,1,2011,58.98
106,1,2012,59.23
106,1,2013,59.44
106,1,2014,58.45
106,1,2015,60.43
106,1,2016,60.49
106,1,2017,60.11
106,1,2018,59.56
106,1,2019,60.48
106,1,2020,62.46
106,1,2021,62.15
106,1,2022,61.45
106,1,2023,60.59
106,2,1980,6.59
106,2,1981,6.45
106,2,1982,6.37
106,2,1983,6.06
106,2,1984,5.73
106,2,1985,5.21
106,2,1986,5.1
106,2,1987,5.03
106,2,1988,4.98
106,2,1989,4.93
106,2,1990,5.07
106,2,1991,5.15
106,2,1992,5.09
106,2,1993,5.05
106,2,1994,4.86
106,2,1995,4.6
106,2,1996,4.53
106,2,1997,4.49
106,2,1998,4.53
106,2,1999,4.65
106,2,2000,4.64
106,2,2001,4.65
106,2,2002,4.91
106,2,2003,4.85
106,2,2004,5.05
106,2,2005,6.11
106,2,2006,5.49
106,2,2007,5.31
106,2,2008,5.49
106,2,2009,6.51
106,2,2010,6.44
106,2,2011,6.8
106,2,2012,6.66
106,2,2013,6.81
106,2,2014,7.25
106,2,2015,7.15
106,2,2016,7.21
106,2,2017,7.27
106,2,2018,7.25
106,2,2019,7.35
106,2,2020,7.89
106,2,2021,7.64
106,2,2022,7.86
106,2,2023,7.82
106,3,1980,17.11
106,3,1981,17.69
106,3,1982,18.51
106,3,1983,18.97
106,3,1984,19.03
106,3,1985,20.04
106,3,1986,18.95
106,3,1987,17.1
106,3,1988,16.64
106,3,1989,16.8
106,3,1990,17.8
106,3,1991,18.73
106,3,1992,18.66
106,3,1993,19.11
106,3,1994,20.12
106,3,1995,19.05
106,3,1996,18.57
106,3,1997,18.35
106,3,1998,18.59
106,3,1999,19.14
106,3,2000,18.89
106,3,2001,19.14
106,3,2002,19.37
106,3,2003,20.71
106,3,2004,22.3
106,3,2005,25.21
106,3,2006,25.57
106,3,2007,26.51
106,3,2008,27.61
106,3,2009,30.22
106,3,2010,29.87
106,3,2011,32
106,3,2012,32.07
106,3,2013,32.26
106,3,2014,32.02
106,3,2015,32.91
106,3,2016,32.97
106,3,2017,32.82
106,3,2018,32.54
106,3,2019,33.03
106,3,2020,34.27
106,3,2021,33.99
106,3,2022,33.76
106,3,2023,33.32
107,1,1980,12.07
107,1,1981,11.44
107,1,1982,10.84
107,1,1983,10.98
107,1,1984,10.82
107,1,1985,11.98
107,1,1986,12.04
107,1,1987,12.59
107,1,1988,12.15
107,1,1989,12.29
107,1,1990,13.53
107,1,1991,13.87
107,1,1992,14.66
107,1,1993,15.37
107,1,1994,15.49
107,1,1995,15.23
107,1,1996,15.1
107,1,1997,15.36
107,1,1998,16.03
107,1,1999,15.77
107,1,2000,15.4
107,1,2001,16.13
107,1,2002,16.16
107,1,2003,16.98
107,1,2004,18.75
107,1,2005,20.74
107,1,2006,20.83
107,1,2007,20.35
107,1,2008,21.91
107,1,2009,22.22
107,1,2010,20.63
107,1,2011,20.66
107,1,2012,19.73
107,1,2013,19.92
107,1,2014,19.89
107,1,2015,19.95
107,1,2016,20.19
107,1,2017,20.2
107,1,2018,20.07
107,1,2019,20.49
107,1,2020,20.15
107,1,2021,19.54
107,1,2022,20.45
107,1,2023,20.63
107,2,1980,4.1
107,2,1981,3.94
107,2,1982,3.98
107,2,1983,3.76
107,2,1984,3.67
107,2,1985,3.74
107,2,1986,3.86
107,2,1987,3.88
107,2,1988,4.05
107,2,1989,4.16
107,2,1990,4.29
107,2,1991,4.27
107,2,1992,4.11
107,2,1993,4.1
107,2,1994,4.14
107,2,1995,4
107,2,1996,3.87
107,2,1997,3.85
107,2,1998,3.98
107,2,1999,3.97
107,2,2000,3.91
107,2,2001,4.08
107,2,2002,4.26
107,2,2003,4.25
107,2,2004,4.36
107,2,2005,5.13
107,2,2006,4.51
107,2,2007,4.44
107,2,2008,4.54
107,2,2009,5.1
107,2,2010,4.97
107,2,2011,5
107,2,2012,4.74
107,2,2013,4.86
107,2,2014,4.84
107,2,2015,4.83
107,2,2016,4.83
107,2,2017,4.82
107,2,2018,4.76
107,2,2019,4.74
107,2,2020,4.62
107,2,2021,4.53
107,2,2022,4.77
107,2,2023,4.81
107,3,1980,7.81
107,3,1981,7.44
107,3,1982,7.19
107,3,1983,7.16
107,3,1984,7.05
107,3,1985,7.64
107,3,1986,7.74
107,3,1987,8.03
107,3,1988,7.92
107,3,1989,8.06
107,3,1990,8.73
107,3,1991,8.9
107,3,1992,9.21
107,3,1993,9.54
107,3,1994,9.63
107,3,1995,9.44
107,3,1996,9.32
107,3,1997,9.43
107,3,1998,9.83
107,3,1999,9.71
107,3,2000,9.5
107,3,2001,9.93
107,3,2002,10.03
107,3,2003,10.42
107,3,2004,11.33
107,3,2005,12.68
107,3,2006,12.41
107,3,2007,12.14
107,3,2008,12.94
107,3,2009,13.38
107,3,2010,12.54
107,3,2011,12.58
107,3,2012,11.99
107,3,2013,12.14
107,3,2014,12.12
107,3,2015,12.15
107,3,2016,12.27
107,3,2017,12.27
107,3,2018,12.19
107,3,2019,12.39
107,3,2020,12.17
107,3,2021,11.84
107,3,2022,12.41
107,3,2023,12.53
108,1,1980,11.59
108,1,1981,11.69
108,1,1982,11.61
108,1,1983,10.99
108,1,1984,10.71
108,1,1985,11.25
108,1,1986,11.94
108,1,1987,12.31
108,1,1988,12.88
108,1,1989,13.52
108,1,1990,14.85
108,1,1991,15.52
108,1,1992,16.07
108,1,1993,16.6
108,1,1994,17.49
108,1,1995,17.52
108,1,1996,19.41
108,1,1997,23.71
108,1,1998,28.59
108,1,1999,28.77
108,1,2000,31.53
108,1,2001,32.88
108,1,2002,34.82
108,1,2003,35.22
108,1,2004,35.59
108,1,2005,41.81
108,1,2006,41.2
108,1,2007,40.93
108,1,2008,42.65
108,1,2009,47.76
108,1,2010,47.27
108,1,2011,50.12
108,1,2012,49.62
108,1,2013,48.19
108,1,2014,46.16
108,1,2015,46.2
108,1,2016,45.25
108,1,2017,44.16
108,1,2018,43.4
108,1,2019,46.08
108,1,2020,43.62
108,1,2021,42.82
108,1,2022,45.06
108,1,2023,45.26
108,2,1980,3.98
108,2,1981,3.82
108,2,1982,3.72
108,2,1983,3.5
108,2,1984,3.35
108,2,1985,3.5
108,2,1986,3.59
108,2,1987,3.39
108,2,1988,3.4
108,2,1989,3.42
108,2,1990,3.39
108,2,1991,3.49
108,2,1992,3.41
108,2,1993,3.3
108,2,1994,3.35
108,2,1995,3.32
108,2,1996,3.31
108,2,1997,3.56
108,2,1998,3.82
108,2,1999,3.91
108,2,2000,3.85
108,2,2001,3.9
108,2,2002,4.08
108,2,2003,4.1
108,2,2004,4.4
108,2,2005,5.12
108,2,2006,4.55
108,2,2007,4.38
108,2,2008,4.42
108,2,2009,5.05
108,2,2010,4.84
108,2,2011,4.89
108,2,2012,4.75
108,2,2013,4.86
108,2,2014,5.01
108,2,2015,4.81
108,2,2016,4.76
108,2,2017,4.78
108,2,2018,4.76
108,2,2019,5.1
108,2,2020,4.58
108,2,2021,4.23
108,2,2022,4.5
108,2,2023,4.67
108,3,1980,7.83
108,3,1981,7.8
108,3,1982,7.72
108,3,1983,7.29
108,3,1984,7.08
108,3,1985,7.43
108,3,1986,7.84
108,3,1987,7.93
108,3,1988,8.22
108,3,1989,8.55
108,3,1990,9.21
108,3,1991,9.59
108,3,1992,9.83
108,3,1993,10.04
108,3,1994,10.51
108,3,1995,10.5
108,3,1996,11.44
108,3,1997,13.74
108,3,1998,16.33
108,3,1999,16.44
108,3,2000,17.81
108,3,2001,18.49
108,3,2002,19.5
108,3,2003,19.68
108,3,2004,20.02
108,3,2005,23.47
108,3,2006,22.83
108,3,2007,22.58
108,3,2008,23.42
108,3,2009,26.25
108,3,2010,25.85
108,3,2011,27.24
108,3,2012,26.87
108,3,2013,26.18
108,3,2014,25.21
108,3,2015,25.07
108,3,2016,24.52
108,3,2017,23.96
108,3,2018,23.53
108,3,2019,24.97
108,3,2020,23.47
108,3,2021,22.86
108,3,2022,24.05
108,3,2023,24.23
109,1,1980,9.29
109,1,1981,9.17
109,1,1982,9.24
109,1,1983,9.06
109,1,1984,9.17
109,1,1985,9.55
109,1,1986,9.78
109,1,1987,9.89
109,1,1988,10.25
109,1,1989,10.34
109,1,1990,10.44
109,1,1991,10.37
109,1,1992,9.77
109,1,1993,10.46
109,1,1994,11
109,1,1995,10.52
109,1,1996,9.84
109,1,1997,10.01
109,1,1998,9.93
109,1,1999,8.38
109,1,2000,7.89
109,1,2001,8.02
109,1,2002,8.25
109,1,2003,8.53
109,1,2004,8.74
109,1,2005,9.06
109,1,2006,8.34
109,1,2007,8.08
109,1,2008,7.9
109,1,2009,8.21
109,1,2010,7.77
109,1,2011,8.11
109,1,2012,8.72
109,1,2013,9.25
109,1,2014,8.76
109,1,2015,9.17
109,1,2016,8.74
109,1,2017,7.83
109,1,2018,7.53
109,1,2019,7.74
109,1,2020,7.36
109,1,2021,8.29
109,1,2022,9.03
109,1,2023,9.06
109,2,1980,4.08
109,2,1981,4.06
109,2,1982,4.08
109,2,1983,3.94
109,2,1984,3.9
109,2,1985,3.92
109,2,1986,3.97
109,2,1987,3.94
109,2,1988,3.96
109,2,1989,3.84
109,2,1990,3.76
109,2,1991,3.75
109,2,1992,3.5
109,2,1993,3.51
109,2,1994,3.61
109,2,1995,3.53
109,2,1996,3.26
109,2,1997,3.24
109,2,1998,3.28
109,2,1999,3.09
109,2,2000,2.95
109,2,2001,3.03
109,2,2002,3.03
109,2,2003,2.87
109,2,2004,2.88
109,2,2005,3.12
109,2,2006,2.76
109,2,2007,2.74
109,2,2008,2.6
109,2,2009,2.93
109,2,2010,2.81
109,2,2011,2.81
109,2,2012,2.8
109,2,2013,2.96
109,2,2014,3.09
109,2,2015,2.94
109,2,2016,2.77
109,2,2017,2.59
109,2,2018,2.33
109,2,2019,2.17
109,2,2020,2.18
109,2,2021,2.52
109,2,2022,2.6
109,2,2023,2.65
109,3,1980,6.69
109,3,1981,6.62
109,3,1982,6.66
109,3,1983,6.5
109,3,1984,6.54
109,3,1985,6.74
109,3,1986,6.87
109,3,1987,6.91
109,3,1988,7.11
109,3,1989,7.09
109,3,1990,7.11
109,3,1991,7.07
109,3,1992,6.64
109,3,1993,7
109,3,1994,7.32
109,3,1995,7.05
109,3,1996,6.57
109,3,1997,6.65
109,3,1998,6.62
109,3,1999,5.75
109,3,2000,5.43
109,3,2001,5.54
109,3,2002,5.66
109,3,2003,5.71
109,3,2004,5.82
109,3,2005,6.1
109,3,2006,5.56
109,3,2007,5.41
109,3,2008,5.26
109,3,2009,5.58
109,3,2010,5.29
109,3,2011,5.47
109,3,2012,5.77
109,3,2013,6.11
109,3,2014,5.94
109,3,2015,6.07
109,3,2016,5.78
109,3,2017,5.23
109,3,2018,4.94
109,3,2019,4.97
109,3,2020,4.78
109,3,2021,5.42
109,3,2022,5.82
109,3,2023,5.87
110,1,1980,9.6
110,1,1981,9.24
110,1,1982,8.8
110,1,1983,8.72
110,1,1984,8.73
110,1,1985,8.96
110,1,1986,9.3
110,1,1987,9.66
110,1,1988,9.81
110,1,1989,10.02
110,1,1990,10.38
110,1,1991,10.53
110,1,1992,10.75
110,1,1993,10.94
110,1,1994,11.04
110,1,1995,11.21
110,1,1996,11.22
110,1,1997,11.2
110,1,1998,11.3
110,1,1999,11.17
110,1,2000,10.91
110,1,2001,11.91
110,1,2002,13
110,1,2003,13.74
110,1,2004,14.28
110,1,2005,15.17
110,1,2006,15.75
110,1,2007,16.58
110,1,2008,17.06
110,1,2009,18.06
110,1,2010,18.82
110,1,2011,18.82
110,1,2012,18.92
110,1,2013,18.83
110,1,2014,18.71
110,1,2015,18.59
110,1,2016,28.53
110,1,2017,18.17
110,1,2018,17.81
110,1,2019,17.62
110,1,2020,17.7
110,1,2021,18.8
110,1,2022,18.74
110,1,2023,17.78
110,2,1980,2.45
110,2,1981,2.35
110,2,1982,2.28
110,2,1983,2.24
110,2,1984,2.19
110,2,1985,2.18
110,2,1986,2.18
110,2,1987,2.2
110,2,1988,2.22
110,2,1989,2.26
110,2,1990,2.31
110,2,1991,2.34
110,2,1992,2.35
110,2,1993,2.34
110,2,1994,2.31
110,2,1995,2.29
110,2,1996,2.26
110,2,1997,2.23
110,2,1998,2.21
110,2,1999,2.17
110,2,2000,2.08
110,2,2001,2.23
110,2,2002,2.4
110,2,2003,2.5
110,2,2004,2.54
110,2,2005,2.64
110,2,2006,2.7
110,2,2007,2.77
110,2,2008,2.82
110,2,2009,2.97
110,2,2010,3.06
110,2,2011,3.08
110,2,2012,3.1
110,2,2013,3.11
110,2,2014,3.1
110,2,2015,3.05
110,2,2016,6.68
110,2,2017,2.92
110,2,2018,2.87
110,2,2019,2.82
110,2,2020,2.83
110,2,2021,3.15
110,2,2022,3.11
110,2,2023,2.96
110,3,1980,5.92
110,3,1981,5.72
110,3,1982,5.47
110,3,1983,5.43
110,3,1984,5.42
110,3,1985,5.54
110,3,1986,5.71
110,3,1987,5.91
110,3,1988,6.01
110,3,1989,6.14
110,3,1990,6.36
110,3,1991,6.46
110,3,1992,6.59
110,3,1993,6.7
110,3,1994,6.76
110,3,1995,6.84
110,3,1996,6.84
110,3,1997,6.82
110,3,1998,6.87
110,3,1999,6.79
110,3,2000,6.61
110,3,2001,7.19
110,3,2002,7.82
110,3,2003,8.25
110,3,2004,8.54
110,3,2005,9.05
110,3,2006,9.37
110,3,2007,9.82
110,3,2008,10.09
110,3,2009,10.67
110,3,2010,11.1
110,3,2011,11.12
110,3,2012,11.18
110,3,2013,11.14
110,3,2014,11.08
110,3,2015,11
110,3,2016,17.88
110,3,2017,10.73
110,3,2018,10.53
110,3,2019,10.41
110,3,2020,10.46
110,3,2021,11.19
110,3,2022,11.14
110,3,2023,10.58
111,1,1980,20.38
111,1,1981,19.98
111,1,1982,19.63
111,1,1983,19.66
111,1,1984,19.42
111,1,1985,19.74
111,1,1986,20.45
111,1,1987,21.53
111,1,1988,21.81
111,1,1989,21.96
111,1,1990,22.17
111,1,1991,21.9
111,1,1992,21.56
111,1,1993,21.4
111,1,1994,21.51
111,1,1995,21.64
111,1,1996,21.39
111,1,1997,22.15
111,1,1998,22.49
111,1,1999,22.28
111,1,2000,22.44
111,1,2001,22.04
111,1,2002,21.92
111,1,2003,22.79
111,1,2004,24.02
111,1,2005,25.66
111,1,2006,27.34
111,1,2007,28.89
111,1,2008,29.64
111,1,2009,30.91
111,1,2010,31.67
111,1,2011,31.53
111,1,2012,32.58
111,1,2013,33.93
111,1,2014,35.3
111,1,2015,34.4
111,1,2016,32.75
111,1,2017,31.34
111,1,2018,29.79
111,1,2019,27.9
111,1,2020,28.01
111,1,2021,27.35
111,1,2022,26.22
111,1,2023,24.84
111,2,1980,4.98
111,2,1981,4.76
111,2,1982,4.55
111,2,1983,4.4
111,2,1984,4.25
111,2,1985,4.2
111,2,1986,4.29
111,2,1987,4.41
111,2,1988,4.46
111,2,1989,4.43
111,2,1990,4.43
111,2,1991,4.38
111,2,1992,4.31
111,2,1993,4.26
111,2,1994,4.13
111,2,1995,4.03
111,2,1996,3.93
111,2,1997,3.97
111,2,1998,3.97
111,2,1999,3.93
111,2,2000,3.97
111,2,2001,3.98
111,2,2002,4
111,2,2003,4.16
111,2,2004,4.4
111,2,2005,4.77
111,2,2006,5.17
111,2,2007,5.53
111,2,2008,5.67
111,2,2009,5.81
111,2,2010,5.78
111,2,2011,5.6
111,2,2012,5.53
111,2,2013,5.52
111,2,2014,5.46
111,2,2015,5.26
111,2,2016,5.06
111,2,2017,4.96
111,2,2018,4.81
111,2,2019,4.58
111,2,2020,4.67
111,2,2021,4.56
111,2,2022,4.29
111,2,2023,4.11
111,3,1980,12.77
111,3,1981,12.45
111,3,1982,12.15
111,3,1983,12.05
111,3,1984,11.82
111,3,1985,11.91
111,3,1986,12.26
111,3,1987,12.8
111,3,1988,12.92
111,3,1989,12.93
111,3,1990,12.99
111,3,1991,12.81
111,3,1992,12.59
111,3,1993,12.48
111,3,1994,12.47
111,3,1995,12.5
111,3,1996,12.35
111,3,1997,12.76
111,3,1998,12.96
111,3,1999,12.87
111,3,2000,13.01
111,3,2001,12.85
111,3,2002,12.84
111,3,2003,13.38
111,3,2004,14.14
111,3,2005,15.16
111,3,2006,16.23
111,3,2007,17.21
111,3,2008,17.67
111,3,2009,18.39
111,3,2010,18.77
111,3,2011,18.61
111,3,2012,19.09
111,3,2013,19.76
111,3,2014,20.4
111,3,2015,19.84
111,3,2016,18.89
111,3,2017,18.12
111,3,2018,17.26
111,3,2019,16.19
111,3,2020,16.27
111,3,2021,15.87
111,3,2022,15.15
111,3,2023,14.36
112,1,1980,6.72
112,1,1981,6.64
112,1,1982,6.33
112,1,1983,6.11
112,1,1984,5.84
112,1,1985,5.88
112,1,1986,5.81
112,1,1987,5.81
112,1,1988,5.65
112,1,1989,5.49
112,1,1990,5.6
112,1,1991,5.77
112,1,1992,5.96
112,1,1993,6.09
112,1,1994,5.93
112,1,1995,5.73
112,1,1996,6
112,1,1997,6
112,1,1998,6.03
112,1,1999,5.96
112,1,2000,5.82
112,1,2001,5.65
112,1,2002,5.94
112,1,2003,6.46
112,1,2004,6.94
112,1,2005,8.11
112,1,2006,7.66
112,1,2007,7.45
112,1,2008,7.9
112,1,2009,8.71
112,1,2010,8.16
112,1,2011,8.61
112,1,2012,8.45
112,1,2013,8.61
112,1,2014,8.19
112,1,2015,8.15
112,1,2016,7.97
112,1,2017,7.59
112,1,2018,7.3
112,1,2019,7.52
112,1,2020,7.03
112,1,2021,6.92
112,1,2022,7.68
112,1,2023,7.71
112,2,1980,1.78
112,2,1981,1.76
112,2,1982,1.72
112,2,1983,1.68
112,2,1984,1.63
112,2,1985,1.64
112,2,1986,1.66
112,2,1987,1.77
112,2,1988,1.76
112,2,1989,1.73
112,2,1990,1.7
112,2,1991,1.73
112,2,1992,1.65
112,2,1993,1.61
112,2,1994,1.62
112,2,1995,1.53
112,2,1996,1.45
112,2,1997,1.4
112,2,1998,1.42
112,2,1999,1.44
112,2,2000,1.43
112,2,2001,1.41
112,2,2002,1.49
112,2,2003,1.42
112,2,2004,1.49
112,2,2005,1.77
112,2,2006,1.59
112,2,2007,1.57
112,2,2008,1.62
112,2,2009,1.85
112,2,2010,1.78
112,2,2011,1.87
112,2,2012,1.88
112,2,2013,1.97
112,2,2014,2.04
112,2,2015,1.96
112,2,2016,1.93
112,2,2017,1.86
112,2,2018,1.59
112,2,2019,1.39
112,2,2020,1.43
112,2,2021,1.34
112,2,2022,1.42
112,2,2023,1.41
112,3,1980,4.11
112,3,1981,4.07
112,3,1982,3.92
112,3,1983,3.79
112,3,1984,3.65
112,3,1985,3.68
112,3,1986,3.67
112,3,1987,3.73
112,3,1988,3.66
112,3,1989,3.58
112,3,1990,3.63
112,3,1991,3.73
112,3,1992,3.79
112,3,1993,3.84
112,3,1994,3.77
112,3,1995,3.63
112,3,1996,3.73
112,3,1997,3.71
112,3,1998,3.74
112,3,1999,3.72
112,3,2000,3.65
112,3,2001,3.56
112,3,2002,3.74
112,3,2003,3.98
112,3,2004,4.26
112,3,2005,4.99
112,3,2006,4.68
112,3,2007,4.56
112,3,2008,4.82
112,3,2009,5.35
112,3,2010,5.04
112,3,2011,5.32
112,3,2012,5.24
112,3,2013,5.37
112,3,2014,5.19
112,3,2015,5.13
112,3,2016,5.03
112,3,2017,4.81
112,3,2018,4.53
112,3,2019,4.55
112,3,2020,4.32
112,3,2021,4.22
112,3,2022,4.66
112,3,2023,4.67
113,1,1980,11.8
113,1,1981,12.03
113,1,1982,11.91
113,1,1983,12.01
113,1,1984,12.05
113,1,1985,12.04
113,1,1986,13.55
113,1,1987,17.6
113,1,1988,17.83
113,1,1989,19.67
113,1,1990,19.86
113,1,1991,18.69
113,1,1992,18.49
113,1,1993,19.14
113,1,1994,19.33
113,1,1995,20.23
113,1,1996,22.08
113,1,1997,21.88
113,1,1998,22.22
113,1,1999,20.15
113,1,2000,22.34
113,1,2001,24.18
113,1,2002,29.65
113,1,2003,32.03
113,1,2004,30.7
113,1,2005,32.81
113,1,2006,32.38
113,1,2007,29.75
113,1,2008,30.37
113,1,2009,31.52
113,1,2010,31.35
113,1,2011,31.79
113,1,2012,31.77
113,1,2013,34.15
113,1,2014,34.38
113,1,2015,34.08
113,1,2016,32.7
113,1,2017,28.96
113,1,2018,26.41
113,1,2019,26.72
113,1,2020,21.67
113,1,2021,23.35
113,1,2022,24.97
113,1,2023,24.44
113,2,1980,4.37
113,2,1981,4.37
113,2,1982,4.19
113,2,1983,4.07
113,2,1984,4.02
113,2,1985,4.04
113,2,1986,4.25
113,2,1987,4.88
113,2,1988,4.99
113,2,1989,5.16
113,2,1990,5.62
113,2,1991,5.41
113,2,1992,5.3
113,2,1993,5.52
113,2,1994,5.46
113,2,1995,5.32
113,2,1996,5.69
113,2,1997,5.89
113,2,1998,5.96
113,2,1999,6.02
113,2,2000,6.09
113,2,2001,6.29
113,2,2002,6.7
113,2,2003,6.65
113,2,2004,6.9
113,2,2005,8.02
113,2,2006,7.33
113,2,2007,7.17
113,2,2008,7.23
113,2,2009,7.89
113,2,2010,7.48
113,2,2011,7.5
113,2,2012,7.25
113,2,2013,7.22
113,2,2014,7.99
113,2,2015,7.4
113,2,2016,6.98
113,2,2017,6.55
113,2,2018,5.63
113,2,2019,4.96
113,2,2020,4.53
113,2,2021,4.4
113,2,2022,4.65
113,2,2023,4.62
113,3,1980,8.04
113,3,1981,8.15
113,3,1982,8
113,3,1983,8
113,3,1984,7.99
113,3,1985,7.99
113,3,1986,8.84
113,3,1987,11.16
113,3,1988,11.32
113,3,1989,12.31
113,3,1990,12.63
113,3,1991,11.95
113,3,1992,11.79
113,3,1993,12.22
113,3,1994,12.29
113,3,1995,12.67
113,3,1996,13.78
113,3,1997,13.79
113,3,1998,14.01
113,3,1999,13.03
113,3,2000,14.16
113,3,2001,15.19
113,3,2002,18.13
113,3,2003,19.3
113,3,2004,18.76
113,3,2005,20.38
113,3,2006,19.82
113,3,2007,18.42
113,3,2008,18.75
113,3,2009,19.63
113,3,2010,19.33
113,3,2011,19.54
113,3,2012,19.39
113,3,2013,20.53
113,3,2014,21.02
113,3,2015,20.56
113,3,2016,19.65
113,3,2017,17.58
113,3,2018,15.85
113,3,2019,15.7
113,3,2020,13.01
113,3,2021,13.76
113,3,2022,14.67
113,3,2023,14.39
114,1,1980,41.7
114,1,1981,40.99
114,1,1982,40.82
114,1,1983,41.39
114,1,1984,40.54
114,1,1985,43.9
114,1,1986,44.16
114,1,1987,44.78
114,1,1988,44.74
114,1,1989,44.18
114,1,1990,46.29
114,1,1991,45.74
114,1,1992,45.35
114,1,1993,45.54
114,1,1994,44.98
114,1,1995,45.64
114,1,1996,44.82
114,1,1997,46.84
114,1,1998,44.73
114,1,1999,45.33
114,1,2000,45.98
114,1,2001,47.32
114,1,2002,48.08
114,1,2003,48.74
114,1,2004,49.13
114,1,2005,49.26
114,1,2006,49.14
114,1,2007,49.33
114,1,2008,48.47
114,1,2009,47.76
114,1,2010,47.02
114,1,2011,47.78
114,1,2012,47.71
114,1,2013,48.19
114,1,2014,49.1
114,1,2015,49.63
114,1,2016,49.37
114,1,2017,49.87
114,1,2018,52.73
114,1,2019,51.27
114,1,2020,55.93
114,1,2021,56.5
114,1,2022,54.32
114,1,2023,80.55
114,2,1980,12.03
114,2,1981,11.86
114,2,1982,11.77
114,2,1983,12.01
114,2,1984,11.73
114,2,1985,12.94
114,2,1986,13.1
114,2,1987,13.18
114,2,1988,13.14
114,2,1989,12.73
114,2,1990,13.18
114,2,1991,12.48
114,2,1992,12.44
114,2,1993,12.27
114,2,1994,11.89
114,2,1995,11.92
114,2,1996,11.63
114,2,1997,11.97
114,2,1998,11.09
114,2,1999,11.47
114,2,2000,11.54
114,2,2001,11.89
114,2,2002,11.96
114,2,2003,12.16
114,2,2004,12.41
114,2,2005,12.37
114,2,2006,12.35
114,2,2007,12.52
114,2,2008,12.26
114,2,2009,11.94
114,2,2010,11.44
114,2,2011,11.68
114,2,2012,11.65
114,2,2013,11.74
114,2,2014,12.08
114,2,2015,12.11
114,2,2016,12
114,2,2017,12.21
114,2,2018,12.83
114,2,2019,12.97
114,2,2020,13.95
114,2,2021,14.5
114,2,2022,14.27
114,2,2023,17.83
114,3,1980,26.23
114,3,1981,25.81
114,3,1982,25.69
114,3,1983,26.09
114,3,1984,25.54
114,3,1985,27.78
114,3,1986,27.98
114,3,1987,28.31
114,3,1988,28.25
114,3,1989,27.77
114,3,1990,29
114,3,1991,28.36
114,3,1992,28.14
114,3,1993,28.14
114,3,1994,27.66
114,3,1995,27.99
114,3,1996,27.43
114,3,1997,28.57
114,3,1998,27.09
114,3,1999,27.56
114,3,2000,27.9
114,3,2001,28.71
114,3,2002,29.1
114,3,2003,29.51
114,3,2004,29.81
114,3,2005,29.85
114,3,2006,29.77
114,3,2007,29.95
114,3,2008,29.4
114,3,2009,28.89
114,3,2010,28.32
114,3,2011,28.84
114,3,2012,28.8
114,3,2013,29.09
114,3,2014,29.71
114,3,2015,29.99
114,3,2016,29.82
114,3,2017,30.19
114,3,2018,31.91
114,3,2019,31.3
114,3,2020,34.07
114,3,2021,34.64
114,3,2022,33.52
114,3,2023,48.11
115,1,1980,26.58
115,1,1981,27.03
115,1,1982,36.88
115,1,1983,23.41
115,1,1984,20.43
115,1,1985,18.22
115,1,1986,17.02
115,1,1987,18.25
115,1,1988,17.3
115,1,1989,17.93
115,1,1990,17.75
115,1,1991,18.63
115,1,1992,21.45
115,1,1993,24
115,1,1994,27.57
115,1,1995,31.55
115,1,1996,33.86
115,1,1997,37.65
115,1,1998,39.8
115,1,1999,40.25
115,1,2000,39.88
115,1,2001,42.16
115,1,2002,39.26
115,1,2003,37.77
115,1,2004,41.28
115,1,2005,43.75
115,1,2006,40.21
115,1,2007,39.23
115,1,2008,33.12
115,1,2009,40.45
115,1,2010,36.45
115,1,2011,40.07
115,1,2012,37.42
115,1,2013,38.79
115,1,2014,41.76
115,1,2015,45.13
115,1,2016,47.47
115,1,2017,49.64
115,1,2018,50.04
115,1,2019,51.79
115,1,2020,51.36
115,1,2021,49.69
115,1,2022,49.08
115,1,2023,46.13
115,2,1980,11.61
115,2,1981,11.58
115,2,1982,17.79
115,2,1983,9.3
115,2,1984,7.9
115,2,1985,7.12
115,2,1986,6.89
115,2,1987,6.92
115,2,1988,7.15
115,2,1989,7.38
115,2,1990,7.32
115,2,1991,7.54
115,2,1992,8.06
115,2,1993,8.57
115,2,1994,9.31
115,2,1995,10.53
115,2,1996,11.86
115,2,1997,12.92
115,2,1998,12.76
115,2,1999,12.36
115,2,2000,13.19
115,2,2001,14.77
115,2,2002,14.48
115,2,2003,14.61
115,2,2004,17.57
115,2,2005,18.58
115,2,2006,16.76
115,2,2007,16.31
115,2,2008,15.42
115,2,2009,15.7
115,2,2010,15.21
115,2,2011,15.29
115,2,2012,15.15
115,2,2013,15
115,2,2014,15.39
115,2,2015,15.67
115,2,2016,15.76
115,2,2017,15.73
115,2,2018,15.61
115,2,2019,15.58
115,2,2020,15.14
115,2,2021,14.44
115,2,2022,14.74
115,2,2023,14.56
115,3,1980,18.85
115,3,1981,19.05
115,3,1982,27
115,3,1983,16.14
115,3,1984,13.97
115,3,1985,12.5
115,3,1986,11.8
115,3,1987,12.41
115,3,1988,12.07
115,3,1989,12.49
115,3,1990,12.38
115,3,1991,12.92
115,3,1992,14.56
115,3,1993,16.07
115,3,1994,18.19
115,3,1995,20.75
115,3,1996,22.56
115,3,1997,24.95
115,3,1998,25.91
115,3,1999,25.93
115,3,2000,26.17
115,3,2001,28.11
115,3,2002,26.55
115,3,2003,25.89
115,3,2004,29.13
115,3,2005,30.87
115,3,2006,28.21
115,3,2007,27.5
115,3,2008,24.05
115,3,2009,27.81
115,3,2010,25.59
115,3,2011,27.42
115,3,2012,26.05
115,3,2013,26.65
115,3,2014,28.32
115,3,2015,30.13
115,3,2016,31.33
115,3,2017,32.39
115,3,2018,32.54
115,3,2019,33.4
115,3,2020,32.98
115,3,2021,31.81
115,3,2022,31.67
115,3,2023,30.13
116,1,1980,20.73
116,1,1981,20.16
116,1,1982,19.26
116,1,1983,18.81
116,1,1984,18.89
116,1,1985,20.08
116,1,1986,20.39
116,1,1987,19.68
116,1,1988,20.47
116,1,1989,20.07
116,1,1990,21.07
116,1,1991,21.97
116,1,1992,22.66
116,1,1993,23.28
116,1,1994,23.16
116,1,1995,23.06
116,1,1996,22.92
116,1,1997,22.95
116,1,1998,24.01
116,1,1999,23.92
116,1,2000,24.55
116,1,2001,25.24
116,1,2002,27.34
116,1,2003,29.3
116,1,2004,30.45
116,1,2005,33.26
116,1,2006,30.26
116,1,2007,30.65
116,1,2008,30.49
116,1,2009,35.44
116,1,2010,35.6
116,1,2011,36.38
116,1,2012,35.36
116,1,2013,34.64
116,1,2014,33.06
116,1,2015,32.49
116,1,2016,32.35
116,1,2017,33.99
116,1,2018,32.58
116,1,2019,33.72
116,1,2020,32.91
116,1,2021,31.32
116,1,2022,32.71
116,1,2023,32.43
116,2,1980,4.88
116,2,1981,4.73
116,2,1982,4.69
116,2,1983,4.57
116,2,1984,4.37
116,2,1985,4.39
116,2,1986,4.36
116,2,1987,4.23
116,2,1988,4.17
116,2,1989,4.15
116,2,1990,4.1
116,2,1991,4.1
116,2,1992,3.92
116,2,1993,3.78
116,2,1994,3.75
116,2,1995,3.61
116,2,1996,3.4
116,2,1997,3.49
116,2,1998,3.51
116,2,1999,3.43
116,2,2000,3.17
116,2,2001,3.26
116,2,2002,3.45
116,2,2003,3.4
116,2,2004,3.56
116,2,2005,4.12
116,2,2006,3.58
116,2,2007,3.56
116,2,2008,3.51
116,2,2009,4.13
116,2,2010,3.97
116,2,2011,4.05
116,2,2012,3.98
116,2,2013,4.02
116,2,2014,4.04
116,2,2015,3.96
116,2,2016,3.87
116,2,2017,3.75
116,2,2018,3.24
116,2,2019,2.87
116,2,2020,2.9
116,2,2021,2.6
116,2,2022,2.97
116,2,2023,3.09
116,3,1980,12.22
116,3,1981,11.91
116,3,1982,11.51
116,3,1983,11.28
116,3,1984,11.24
116,3,1985,11.84
116,3,1986,11.99
116,3,1987,11.6
116,3,1988,11.96
116,3,1989,11.79
116,3,1990,12.26
116,3,1991,12.71
116,3,1992,12.97
116,3,1993,13.21
116,3,1994,13.16
116,3,1995,13.06
116,3,1996,12.9
116,3,1997,12.98
116,3,1998,13.51
116,3,1999,13.44
116,3,2000,13.63
116,3,2001,14.02
116,3,2002,15.16
116,3,2003,16.12
116,3,2004,16.78
116,3,2005,18.45
116,3,2006,16.72
116,3,2007,16.91
116,3,2008,16.83
116,3,2009,19.62
116,3,2010,19.63
116,3,2011,20.08
116,3,2012,19.57
116,3,2013,19.25
116,3,2014,18.49
116,3,2015,18.19
116,3,2016,18.09
116,3,2017,18.87
116,3,2018,17.93
116,3,2019,18.32
116,3,2020,17.94
116,3,2021,17.02
116,3,2022,17.9
116,3,2023,17.83
117,1,1980,19.82
117,1,1981,19.79
117,1,1982,19.25
117,1,1983,18.57
117,1,1984,19.14
117,1,1985,20.13
117,1,1986,20.9
117,1,1987,20.9
117,1,1988,20.73
117,1,1989,19.66
117,1,1990,19.42
117,1,1991,19.22
117,1,1992,20.39
117,1,1993,23.12
117,1,1994,23.85
117,1,1995,24.03
117,1,1996,24.2
117,1,1997,23.43
117,1,1998,25.01
117,1,1999,23.88
117,1,2000,24.03
117,1,2001,24.98
117,1,2002,26.39
117,1,2003,28.77
117,1,2004,32.04
117,1,2005,36.01
117,1,2006,33.75
117,1,2007,34.01
117,1,2008,34.2
117,1,2009,38.06
117,1,2010,36.43
117,1,2011,37.47
117,1,2012,37.69
117,1,2013,39.5
117,1,2014,38.97
117,1,2015,38.91
117,1,2016,39.21
117,1,2017,37.39
117,1,2018,34.32
117,1,2019,34.47
117,1,2020,36.11
117,1,2021,35.87
117,1,2022,35.24
117,1,2023,34.44
117,2,1980,6.12
117,2,1981,6.1
117,2,1982,6
117,2,1983,5.69
117,2,1984,5.57
117,2,1985,5.57
117,2,1986,5.83
117,2,1987,5.68
117,2,1988,5.65
117,2,1989,5.76
117,2,1990,5.92
117,2,1991,5.91
117,2,1992,6.03
117,2,1993,6.12
117,2,1994,6.13
117,2,1995,6.16
117,2,1996,5.88
117,2,1997,5.97
117,2,1998,6.15
117,2,1999,6.09
117,2,2000,5.75
117,2,2001,5.77
117,2,2002,6.02
117,2,2003,5.98
117,2,2004,6.41
117,2,2005,7.39
117,2,2006,6.49
117,2,2007,6.37
117,2,2008,6.41
117,2,2009,7.36
117,2,2010,7.14
117,2,2011,7.5
117,2,2012,7.5
117,2,2013,7.68
117,2,2014,7.9
117,2,2015,7.52
117,2,2016,7.23
117,2,2017,6.88
117,2,2018,6.02
117,2,2019,5.1
117,2,2020,5.61
117,2,2021,4.8
117,2,2022,4.89
117,2,2023,4.8
117,3,1980,12.45
117,3,1981,12.48
117,3,1982,12.23
117,3,1983,11.8
117,3,1984,12.07
117,3,1985,12.6
117,3,1986,13.16
117,3,1987,13.13
117,3,1988,13.07
117,3,1989,12.65
117,3,1990,12.63
117,3,1991,12.56
117,3,1992,13.23
117,3,1993,14.68
117,3,1994,15.09
117,3,1995,15.21
117,3,1996,15.17
117,3,1997,14.85
117,3,1998,15.75
117,3,1999,15.16
117,3,2000,15.08
117,3,2001,15.58
117,3,2002,16.42
117,3,2003,17.62
117,3,2004,19.5
117,3,2005,22
117,3,2006,20.41
117,3,2007,20.48
117,3,2008,20.59
117,3,2009,23.03
117,3,2010,22.09
117,3,2011,22.8
117,3,2012,22.91
117,3,2013,23.93
117,3,2014,23.76
117,3,2015,23.54
117,3,2016,23.54
117,3,2017,22.44
117,3,2018,20.45
117,3,2019,20.08
117,3,2020,21.16
117,3,2021,20.64
117,3,2022,20.35
117,3,2023,19.9
118,1,1980,12.67
118,1,1981,12.47
118,1,1982,12.96
118,1,1983,13.52
118,1,1984,13.86
118,1,1985,13.24
118,1,1986,12.48
118,1,1987,11.94
118,1,1988,11.83
118,1,1989,12.06
118,1,1990,12.08
118,1,1991,12.18
118,1,1992,12.56
118,1,1993,13.43
118,1,1994,13.23
118,1,1995,12.21
118,1,1996,12.12
118,1,1997,12.6
118,1,1998,13.52
118,1,1999,13.79
118,1,2000,13.15
118,1,2001,12.97
118,1,2002,13.69
118,1,2003,14.55
118,1,2004,15.08
118,1,2005,15.45
118,1,2006,15.65
118,1,2007,15.8
118,1,2008,15.9
118,1,2009,16.12
118,1,2010,16.46
118,1,2011,16.3
118,1,2012,15.99
118,1,2013,15.61
118,1,2014,15.38
118,1,2015,15.43
118,1,2016,15.51
118,1,2017,15.07
118,1,2018,14.85
118,1,2019,15.12
118,1,2020,16.11
118,1,2021,16.97
118,1,2022,16.23
118,1,2023,15.73
118,2,1980,3.95
118,2,1981,3.86
118,2,1982,3.8
118,2,1983,3.77
118,2,1984,3.75
118,2,1985,3.6
118,2,1986,3.54
118,2,1987,3.48
118,2,1988,3.51
118,2,1989,3.52
118,2,1990,3.58
118,2,1991,3.59
118,2,1992,3.7
118,2,1993,3.8
118,2,1994,3.76
118,2,1995,3.59
118,2,1996,3.51
118,2,1997,3.44
118,2,1998,3.46
118,2,1999,3.56
118,2,2000,3.29
118,2,2001,3.19
118,2,2002,3.45
118,2,2003,3.59
118,2,2004,3.79
118,2,2005,3.95
118,2,2006,4.13
118,2,2007,4.21
118,2,2008,4.25
118,2,2009,4.34
118,2,2010,4.33
118,2,2011,4.3
118,2,2012,4.24
118,2,2013,4.19
118,2,2014,4.16
118,2,2015,4.11
118,2,2016,4.15
118,2,2017,4.16
118,2,2018,4.16
118,2,2019,4.16
118,2,2020,4.44
118,2,2021,4.95
118,2,2022,4.35
118,2,2023,4.16
118,3,1980,8.25
118,3,1981,8.09
118,3,1982,8.32
118,3,1983,8.61
118,3,1984,8.79
118,3,1985,8.43
118,3,1986,8.04
118,3,1987,7.74
118,3,1988,7.71
118,3,1989,7.83
118,3,1990,7.88
118,3,1991,7.93
118,3,1992,8.17
118,3,1993,8.66
118,3,1994,8.53
118,3,1995,7.94
118,3,1996,7.85
118,3,1997,8.06
118,3,1998,8.53
118,3,1999,8.73
118,3,2000,8.27
118,3,2001,8.13
118,3,2002,8.62
118,3,2003,9.12
118,3,2004,9.49
118,3,2005,9.75
118,3,2006,9.93
118,3,2007,10.03
118,3,2008,10.09
118,3,2009,10.22
118,3,2010,10.37
118,3,2011,10.28
118,3,2012,10.08
118,3,2013,9.85
118,3,2014,9.71
118,3,2015,9.7
118,3,2016,9.76
118,3,2017,9.54
118,3,2018,9.42
118,3,2019,9.55
118,3,2020,10.18
118,3,2021,10.86
118,3,2022,10.19
118,3,2023,9.85
119,1,1980,14.17
119,1,1981,13.58
119,1,1982,13.75
119,1,1983,14.01
119,1,1984,15.45
119,1,1985,18.58
119,1,1986,18.15
119,1,1987,18.58
119,1,1988,17.97
119,1,1989,17.18
119,1,1990,16.67
119,1,1991,17.81
119,1,1992,19.18
119,1,1993,19.55
119,1,1994,20.97
119,1,1995,20.51
119,1,1996,19.86
119,1,1997,18.78
119,1,1998,19.12
119,1,1999,19.28
119,1,2000,21.26
119,1,2001,24.1
119,1,2002,26.4
119,1,2003,31.42
119,1,2004,36.43
119,1,2005,43.84
119,1,2006,45.21
119,1,2007,47.61
119,1,2008,51.22
119,1,2009,50.94
119,1,2010,48.32
119,1,2011,45.27
119,1,2012,43.03
119,1,2013,43.05
119,1,2014,42.69
119,1,2015,42.69
119,1,2016,44.45
119,1,2017,44.85
119,1,2018,44.67
119,1,2019,45.04
119,1,2020,44.58
119,1,2021,44.21
119,1,2022,44.96
119,1,2023,44.97
119,2,1980,4.75
119,2,1981,4.68
119,2,1982,4.56
119,2,1983,4.56
119,2,1984,4.85
119,2,1985,5.23
119,2,1986,5.22
119,2,1987,5.29
119,2,1988,5.06
119,2,1989,5.2
119,2,1990,5.04
119,2,1991,5.12
119,2,1992,5.19
119,2,1993,5.37
119,2,1994,5.58
119,2,1995,5.33
119,2,1996,5.18
119,2,1997,5.27
119,2,1998,5.5
119,2,1999,5.61
119,2,2000,5.24
119,2,2001,5.25
119,2,2002,5.17
119,2,2003,5.35
119,2,2004,5.5
119,2,2005,6.56
119,2,2006,6.05
119,2,2007,5.62
119,2,2008,5.93
119,2,2009,6.38
119,2,2010,6.18
119,2,2011,5.81
119,2,2012,5.86
119,2,2013,5.84
119,2,2014,5.75
119,2,2015,5.72
119,2,2016,5.82
119,2,2017,5.71
119,2,2018,5.57
119,2,2019,5.5
119,2,2020,5.51
119,2,2021,5.31
119,2,2022,5.73
119,2,2023,6
119,3,1980,9.41
119,3,1981,9.09
119,3,1982,9.12
119,3,1983,9.26
119,3,1984,10.12
119,3,1985,11.87
119,3,1986,11.65
119,3,1987,11.9
119,3,1988,11.49
119,3,1989,11.16
119,3,1990,10.83
119,3,1991,11.44
119,3,1992,12.16
119,3,1993,12.44
119,3,1994,13.27
119,3,1995,12.92
119,3,1996,12.53
119,3,1997,12.03
119,3,1998,12.32
119,3,1999,12.47
119,3,2000,13.28
119,3,2001,14.72
119,3,2002,15.85
119,3,2003,18.47
119,3,2004,21.07
119,3,2005,25.34
119,3,2006,25.78
119,3,2007,26.79
119,3,2008,28.76
119,3,2009,28.83
119,3,2010,27.42
119,3,2011,25.7
119,3,2012,24.6
119,3,2013,24.6
119,3,2014,24.38
119,3,2015,24.37
119,3,2016,25.32
119,3,2017,25.47
119,3,2018,25.31
119,3,2019,25.46
119,3,2020,25.23
119,3,2021,24.95
119,3,2022,25.52
119,3,2023,25.66
121,1,1980,14.08
121,1,1981,13.75
121,1,1982,13.66
121,1,1983,13.81
121,1,1984,13.4
121,1,1985,13.43
121,1,1986,13.38
121,1,1987,13.47
121,1,1988,13.5
121,1,1989,13.22
121,1,1990,13.1
121,1,1991,13.02
121,1,1992,12.73
121,1,1993,12.66
121,1,1994,12.52
121,1,1995,12.4
121,1,1996,11.96
121,1,1997,11.95
121,1,1998,11.83
121,1,1999,11.38
121,1,2000,12.28
121,1,2001,11.06
121,1,2002,10.94
121,1,2003,10.74
121,1,2004,10.49
121,1,2005,10.29
121,1,2006,10.14
121,1,2007,9.98
121,1,2008,9.82
121,1,2009,9.76
121,1,2010,9.91
121,1,2011,9.57
121,1,2012,9.29
121,1,2013,9.07
121,1,2014,8.85
121,1,2015,8.72
121,1,2016,8.56
121,1,2017,8.4
121,1,2018,8.28
121,1,2019,8.24
121,1,2020,10.28
121,1,2021,10.69
121,1,2022,9.03
121,1,2023,8.5
121,2,1980,5.27
121,2,1981,5.15
121,2,1982,5.09
121,2,1983,5.02
121,2,1984,4.93
121,2,1985,4.87
121,2,1986,4.84
121,2,1987,4.84
121,2,1988,4.77
121,2,1989,4.71
121,2,1990,4.65
121,2,1991,4.63
121,2,1992,4.62
121,2,1993,4.63
121,2,1994,4.62
121,2,1995,4.6
121,2,1996,4.5
121,2,1997,4.44
121,2,1998,4.38
121,2,1999,4.27
121,2,2000,4.56
121,2,2001,4.24
121,2,2002,4.27
121,2,2003,4.28
121,2,2004,4.34
121,2,2005,4.35
121,2,2006,4.4
121,2,2007,4.59
121,2,2008,4.65
121,2,2009,4.7
121,2,2010,4.77
121,2,2011,4.62
121,2,2012,4.47
121,2,2013,4.35
121,2,2014,4.23
121,2,2015,4.14
121,2,2016,4.03
121,2,2017,3.91
121,2,2018,3.85
121,2,2019,3.77
121,2,2020,4.91
121,2,2021,5.13
121,2,2022,4.21
121,2,2023,3.95
121,3,1980,9.54
121,3,1981,9.32
121,3,1982,9.25
121,3,1983,9.28
121,3,1984,9.04
121,3,1985,9.02
121,3,1986,8.98
121,3,1987,9.02
121,3,1988,9
121,3,1989,8.84
121,3,1990,8.74
121,3,1991,8.7
121,3,1992,8.55
121,3,1993,8.52
121,3,1994,8.45
121,3,1995,8.38
121,3,1996,8.13
121,3,1997,8.09
121,3,1998,8.01
121,3,1999,7.74
121,3,2000,8.33
121,3,2001,7.57
121,3,2002,7.54
121,3,2003,7.45
121,3,2004,7.36
121,3,2005,7.27
121,3,2006,7.22
121,3,2007,7.24
121,3,2008,7.19
121,3,2009,7.19
121,3,2010,7.3
121,3,2011,7.05
121,3,2012,6.84
121,3,2013,6.67
121,3,2014,6.51
121,3,2015,6.39
121,3,2016,6.26
121,3,2017,6.12
121,3,2018,6.03
121,3,2019,5.97
121,3,2020,7.55
121,3,2021,7.86
121,3,2022,6.57
121,3,2023,6.18
122,1,1980,16.99
122,1,1981,18.67
122,1,1982,19.69
122,1,1983,19.99
122,1,1984,20.44
122,1,1985,20.75
122,1,1986,22.35
122,1,1987,23.8
122,1,1988,23.97
122,1,1989,24.8
122,1,1990,24.01
122,1,1991,23.67
122,1,1992,27.72
122,1,1993,30.86
122,1,1994,31.89
122,1,1995,33.23
122,1,1996,33.21
122,1,1997,36.52
122,1,1998,39.92
122,1,1999,39.13
122,1,2000,42.83
122,1,2001,43.64
122,1,2002,43.14
122,1,2003,40.4
122,1,2004,43.56
122,1,2005,43.74
122,1,2006,41.17
122,1,2007,38.97
122,1,2008,38.89
122,1,2009,35.92
122,1,2010,35.41
122,1,2011,31.25
122,1,2012,25.6
122,1,2013,20.42
122,1,2014,16.86
122,1,2015,14.12
122,1,2016,12.05
122,1,2017,11.95
122,1,2018,12.66
122,1,2019,15.13
122,1,2020,16.85
122,1,2021,26.07
122,1,2022,44.7
122,1,2023,45.04
122,2,1980,2.3
122,2,1981,2.53
122,2,1982,2.46
122,2,1983,2.33
122,2,1984,2.31
122,2,1985,2.43
122,2,1986,2.63
122,2,1987,2.76
122,2,1988,2.74
122,2,1989,3.01
122,2,1990,3.31
122,2,1991,3.61
122,2,1992,3.55
122,2,1993,3.54
122,2,1994,3.67
122,2,1995,4.07
122,2,1996,4.74
122,2,1997,4.42
122,2,1998,4.88
122,2,1999,5.68
122,2,2000,5.23
122,2,2001,5.35
122,2,2002,5.31
122,2,2003,5.04
122,2,2004,5.2
122,2,2005,5.57
122,2,2006,6.2
122,2,2007,5.82
122,2,2008,4.89
122,2,2009,4.82
122,2,2010,4.16
122,2,2011,3.95
122,2,2012,3.69
122,2,2013,3.31
122,2,2014,3.05
122,2,2015,2.77
122,2,2016,2.51
122,2,2017,2.42
122,2,2018,2.23
122,2,2019,2.36
122,2,2020,2.24
122,2,2021,3.06
122,2,2022,4.12
122,2,2023,4.33
122,3,1980,9.58
122,3,1981,10.52
122,3,1982,10.98
122,3,1983,11.05
122,3,1984,11.26
122,3,1985,11.46
122,3,1986,12.34
122,3,1987,13.12
122,3,1988,13.18
122,3,1989,13.72
122,3,1990,13.48
122,3,1991,13.45
122,3,1992,15.41
122,3,1993,16.94
122,3,1994,17.51
122,3,1995,18.37
122,3,1996,18.69
122,3,1997,20.16
122,3,1998,22.06
122,3,1999,22.07
122,3,2000,23.65
122,3,2001,24.11
122,3,2002,23.84
122,3,2003,22.37
122,3,2004,24
122,3,2005,24.27
122,3,2006,23.35
122,3,2007,22.08
122,3,2008,21.56
122,3,2009,20.07
122,3,2010,19.48
122,3,2011,17.32
122,3,2012,14.41
122,3,2013,11.67
122,3,2014,9.78
122,3,2015,8.29
122,3,2016,7.14
122,3,2017,7.03
122,3,2018,7.26
122,3,2019,8.51
122,3,2020,9.27
122,3,2021,14.11
122,3,2022,23.58
122,3,2023,23.8
123,1,1980,3.77
123,1,1981,3.49
123,1,1982,3.66
123,1,1983,4.37
123,1,1984,4.67
123,1,1985,5.39
123,1,1986,6.04
123,1,1987,6.58
123,1,1988,7.25
123,1,1989,8.09
123,1,1990,9.13
123,1,1991,9.72
123,1,1992,10.26
123,1,1993,10.58
123,1,1994,10.47
123,1,1995,10.06
123,1,1996,9.54
123,1,1997,9.07
123,1,1998,8.27
123,1,1999,6.97
123,1,2000,6.32
123,1,2001,5.68
123,1,2002,5.46
123,1,2003,5.56
123,1,2004,5.65
123,1,2005,5.62
123,1,2006,5.59
123,1,2007,5.52
123,1,2008,5.56
123,1,2009,5.77
123,1,2010,5.7
123,1,2011,5.51
123,1,2012,5.44
123,1,2013,5.21
123,1,2014,5.11
123,1,2015,5.1
123,1,2016,5.12
123,1,2017,5.38
123,1,2018,5.6
123,1,2019,5.51
123,1,2020,5.55
123,1,2021,5.81
123,1,2022,6.52
123,1,2023,8.14
123,2,1980,1.19
123,2,1981,1.16
123,2,1982,1.18
123,2,1983,1.28
123,2,1984,1.39
123,2,1985,1.53
123,2,1986,1.63
123,2,1987,1.67
123,2,1988,1.72
123,2,1989,1.79
123,2,1990,1.83
123,2,1991,1.98
123,2,1992,2.08
123,2,1993,2.16
123,2,1994,2.25
123,2,1995,2.26
123,2,1996,2.17
123,2,1997,2.13
123,2,1998,2
123,2,1999,1.81
123,2,2000,1.7
123,2,2001,1.61
123,2,2002,1.62
123,2,2003,1.65
123,2,2004,1.63
123,2,2005,1.6
123,2,2006,1.56
123,2,2007,1.5
123,2,2008,1.5
123,2,2009,1.56
123,2,2010,1.52
123,2,2011,1.46
123,2,2012,1.41
123,2,2013,1.33
123,2,2014,1.28
123,2,2015,1.24
123,2,2016,1.25
123,2,2017,1.31
123,2,2018,1.34
123,2,2019,1.29
123,2,2020,1.36
123,2,2021,1.41
123,2,2022,1.41
123,2,2023,1.81
123,3,1980,2.47
123,3,1981,2.32
123,3,1982,2.4
123,3,1983,2.81
123,3,1984,3.01
123,3,1985,3.44
123,3,1986,3.8
123,3,1987,4.09
123,3,1988,4.45
123,3,1989,4.89
123,3,1990,5.42
123,3,1991,5.79
123,3,1992,6.1
123,3,1993,6.3
123,3,1994,6.29
123,3,1995,6.09
123,3,1996,5.8
123,3,1997,5.54
123,3,1998,5.09
123,3,1999,4.35
123,3,2000,3.98
123,3,2001,3.62
123,3,2002,3.52
123,3,2003,3.58
123,3,2004,3.62
123,3,2005,3.59
123,3,2006,3.55
123,3,2007,3.49
123,3,2008,3.52
123,3,2009,3.66
123,3,2010,3.6
123,3,2011,3.48
123,3,2012,3.42
123,3,2013,3.27
123,3,2014,3.2
123,3,2015,3.18
123,3,2016,3.18
123,3,2017,3.35
123,3,2018,3.47
123,3,2019,3.41
123,3,2020,3.47
123,3,2021,3.62
123,3,2022,3.98
123,3,2023,4.99
125,1,1980,69.08
125,1,1981,72.33
125,1,1982,72.89
125,1,1983,73.18
125,1,1984,75.53
125,1,1985,90.26
125,1,1986,100.28
125,1,1987,110.8
125,1,1988,120.54
125,1,1989,131.47
125,1,1990,142.6
125,1,1991,157.59
125,1,1992,160.31
125,1,1993,157.45
125,1,1994,144.22
125,1,1995,132.46
125,1,1996,128.45
125,1,1997,128.06
125,1,1998,132.28
125,1,1999,136.31
125,1,2000,150.11
125,1,2001,154.61
125,1,2002,158.19
125,1,2003,114.04
125,1,2004,101.42
125,1,2005,86.12
125,1,2006,80.2
125,1,2007,75.51
125,1,2008,75.68
125,1,2009,79.46
125,1,2010,76.42
125,1,2011,69.7
125,1,2012,64.48
125,1,2013,58.93
125,1,2014,52.95
125,1,2015,50.07
125,1,2016,48.21
125,1,2017,47.9
125,1,2018,48.89
125,1,2019,48.21
125,1,2020,46.89
125,1,2021,52.26
125,1,2022,52.59
125,1,2023,51.41
125,2,1980,6.5
125,2,1981,6.76
125,2,1982,6.59
125,2,1983,6.13
125,2,1984,6.27
125,2,1985,7.2
125,2,1986,7.65
125,2,1987,8.3
125,2,1988,9.15
125,2,1989,10.16
125,2,1990,11.44
125,2,1991,12.34
125,2,1992,12.73
125,2,1993,12.75
125,2,1994,11.54
125,2,1995,10.56
125,2,1996,10.61
125,2,1997,11.19
125,2,1998,12.47
125,2,1999,13.56
125,2,2000,15.51
125,2,2001,16.63
125,2,2002,17.33
125,2,2003,11.46
125,2,2004,9.9
125,2,2005,7.99
125,2,2006,7.41
125,2,2007,7.02
125,2,2008,7.36
125,2,2009,7.49
125,2,2010,7.39
125,2,2011,7.04
125,2,2012,6.61
125,2,2013,5.88
125,2,2014,5.51
125,2,2015,5.19
125,2,2016,5.04
125,2,2017,5.1
125,2,2018,5.14
125,2,2019,5.07
125,2,2020,4.89
125,2,2021,5.16
125,2,2022,5.11
125,2,2023,5.05
125,3,1980,37
125,3,1981,38.76
125,3,1982,38.98
125,3,1983,38.91
125,3,1984,40.13
125,3,1985,47.8
125,3,1986,52.91
125,3,1987,58.35
125,3,1988,63.48
125,3,1989,69.26
125,3,1990,75.25
125,3,1991,82.93
125,3,1992,84.35
125,3,1993,82.88
125,3,1994,75.78
125,3,1995,69.51
125,3,1996,67.56
125,3,1997,67.63
125,3,1998,70.29
125,3,1999,72.77
125,3,2000,80.43
125,3,2001,83.18
125,3,2002,85.27
125,3,2003,60.94
125,3,2004,54.07
125,3,2005,45.73
125,3,2006,42.6
125,3,2007,40.17
125,3,2008,40.47
125,3,2009,42.43
125,3,2010,40.96
125,3,2011,37.54
125,3,2012,34.81
125,3,2013,31.76
125,3,2014,28.68
125,3,2015,27.13
125,3,2016,26.15
125,3,2017,26.04
125,3,2018,26.56
125,3,2019,26.26
125,3,2020,25.63
125,3,2021,28.49
125,3,2022,28.63
125,3,2023,28.08
126,1,1980,11.01
126,1,1981,10.89
126,1,1982,10.28
126,1,1983,9.76
126,1,1984,9.72
126,1,1985,9.92
126,1,1986,9.66
126,1,1987,10.33
126,1,1988,10.19
126,1,1989,10.48
126,1,1990,11.03
126,1,1991,11.42
126,1,1992,12.24
126,1,1993,12.4
126,1,1994,12.89
126,1,1995,12.85
126,1,1996,13.1
126,1,1997,13.55
126,1,1998,13.27
126,1,1999,13.15
126,1,2000,13.1
126,1,2001,13.2
126,1,2002,13.04
126,1,2003,13.23
126,1,2004,13.05
126,1,2005,13.24
126,1,2006,13.93
126,1,2007,13.33
126,1,2008,15.12
126,1,2009,16.19
126,1,2010,17.32
126,1,2011,16.3
126,1,2012,15.33
126,1,2013,15.8
126,1,2014,16.63
126,1,2015,17.94
126,1,2016,18.16
126,1,2017,18.29
126,1,2018,18.07
126,1,2019,18.04
126,1,2020,18.34
126,1,2021,19.48
126,1,2022,20.98
126,1,2023,19.97
126,2,1980,1.8
126,2,1981,1.65
126,2,1982,1.42
126,2,1983,1.33
126,2,1984,1.46
126,2,1985,1.57
126,2,1986,1.66
126,2,1987,1.64
126,2,1988,1.74
126,2,1989,1.91
126,2,1990,2.02
126,2,1991,2.14
126,2,1992,2.15
126,2,1993,2.08
126,2,1994,2.14
126,2,1995,2.14
126,2,1996,2.02
126,2,1997,1.97
126,2,1998,2.02
126,2,1999,2.06
126,2,2000,2.07
126,2,2001,2.08
126,2,2002,2.07
126,2,2003,1.97
126,2,2004,1.92
126,2,2005,1.91
126,2,2006,1.83
126,2,2007,1.65
126,2,2008,1.82
126,2,2009,1.89
126,2,2010,2.06
126,2,2011,2.11
126,2,2012,1.99
126,2,2013,1.9
126,2,2014,1.9
126,2,2015,1.92
126,2,2016,2.07
126,2,2017,2.22
126,2,2018,2.28
126,2,2019,2.22
126,2,2020,2.21
126,2,2021,2.23
126,2,2022,2.32
126,2,2023,2.14
126,3,1980,6.36
126,3,1981,6.22
126,3,1982,5.8
126,3,1983,5.5
126,3,1984,5.54
126,3,1985,5.69
126,3,1986,5.61
126,3,1987,5.93
126,3,1988,5.9
126,3,1989,6.13
126,3,1990,6.46
126,3,1991,6.7
126,3,1992,7.12
126,3,1993,7.17
126,3,1994,7.44
126,3,1995,7.42
126,3,1996,7.48
126,3,1997,7.68
126,3,1998,7.56
126,3,1999,7.52
126,3,2000,7.49
126,3,2001,7.54
126,3,2002,7.44
126,3,2003,7.48
126,3,2004,7.35
126,3,2005,7.44
126,3,2006,7.72
126,3,2007,7.33
126,3,2008,8.28
126,3,2009,8.83
126,3,2010,9.46
126,3,2011,9
126,3,2012,8.46
126,3,2013,8.66
126,3,2014,9.08
126,3,2015,9.75
126,3,2016,9.96
126,3,2017,10.13
126,3,2018,10.08
126,3,2019,10.06
126,3,2020,10.23
126,3,2021,10.84
126,3,2022,11.67
126,3,2023,11.11
127,1,1980,197.25
127,1,1981,218.46
127,1,1982,187.77
127,1,1983,165.47
127,1,1984,137.07
127,1,1985,122.12
127,1,1986,112.71
127,1,1987,114.18
127,1,1988,112.77
127,1,1989,109.43
127,1,1990,108.75
127,1,1991,109.63
127,1,1992,114.17
127,1,1993,120.45
127,1,1994,126.68
127,1,1995,127.08
127,1,1996,123.61
127,1,1997,125.5
127,1,1998,125.86
127,1,1999,114.64
127,1,2000,112.14
127,1,2001,108.54
127,1,2002,107.5
127,1,2003,113.3
127,1,2004,123.98
127,1,2005,130.16
127,1,2006,135.47
127,1,2007,134.09
127,1,2008,129.83
127,1,2009,131.23
127,1,2010,123.13
127,1,2011,119.23
127,1,2012,208.35
127,1,2013,203.43
127,1,2014,221.16
127,1,2015,244.31
127,1,2016,145.84
127,1,2017,137.22
127,1,2018,130.01
127,1,2019,123.12
127,1,2020,120.24
127,1,2021,118.9
127,1,2022,103.82
127,1,2023,100.94
127,2,1980,14.01
127,2,1981,13.63
127,2,1982,13.07
127,2,1983,12.4
127,2,1984,11.35
127,2,1985,11
127,2,1986,11
127,2,1987,11.15
127,2,1988,11.27
127,2,1989,11.09
127,2,1990,11.77
127,2,1991,12.53
127,2,1992,14.01
127,2,1993,15.72
127,2,1994,18.01
127,2,1995,18.85
127,2,1996,20.24
127,2,1997,20.76
127,2,1998,20.39
127,2,1999,19.18
127,2,2000,18.11
127,2,2001,17.73
127,2,2002,17.25
127,2,2003,17.3
127,2,2004,18.12
127,2,2005,18.37
127,2,2006,18.58
127,2,2007,18.33
127,2,2008,17.52
127,2,2009,17.72
127,2,2010,16.55
127,2,2011,15.54
127,2,2012,28.83
127,2,2013,26.98
127,2,2014,28.71
127,2,2015,29.19
127,2,2016,14.4
127,2,2017,14.46
127,2,2018,14.09
127,2,2019,14.39
127,2,2020,14.39
127,2,2021,14.81
127,2,2022,13.44
127,2,2023,13.03
127,3,1980,103.23
127,3,1981,112.96
127,3,1982,97.43
127,3,1983,86.05
127,3,1984,71.64
127,3,1985,64.14
127,3,1986,59.52
127,3,1987,60.19
127,3,1988,59.47
127,3,1989,57.67
127,3,1990,57.57
127,3,1991,58.27
127,3,1992,61.06
127,3,1993,64.79
127,3,1994,68.79
127,3,1995,69.29
127,3,1996,68.28
127,3,1997,69.3
127,3,1998,69.13
127,3,1999,63.19
127,3,2000,61.35
127,3,2001,59.4
127,3,2002,58.59
127,3,2003,61.19
127,3,2004,66.44
127,3,2005,69.32
127,3,2006,71.77
127,3,2007,70.94
127,3,2008,68.53
127,3,2009,69.2
127,3,2010,64.88
127,3,2011,62.55
127,3,2012,110.51
127,3,2013,107.22
127,3,2014,116.17
127,3,2015,126.92
127,3,2016,73.86
127,3,2017,69.82
127,3,2018,66.22
127,3,2019,63.2
127,3,2020,61.84
127,3,2021,61.48
127,3,2022,54.07
127,3,2023,52.73
128,1,1980,138.75
128,1,1981,168.03
128,1,1982,144.54
128,1,1983,85.88
128,1,1984,62.91
128,1,1985,73.1
128,1,1986,79.26
128,1,1987,84.41
128,1,1988,91.59
128,1,1989,93.42
128,1,1990,102.18
128,1,1991,105.73
128,1,1992,108.51
128,1,1993,108.9
128,1,1994,113.67
128,1,1995,112.91
128,1,1996,108.96
128,1,1997,111.17
128,1,1998,105.63
128,1,1999,93.63
128,1,2000,89.95
128,1,2001,88.88
128,1,2002,89.39
128,1,2003,93.73
128,1,2004,96.12
128,1,2005,112.33
128,1,2006,107.47
128,1,2007,104.19
128,1,2008,107
128,1,2009,113.12
128,1,2010,89.27
128,1,2011,71.06
128,1,2012,61.87
128,1,2013,61.24
128,1,2014,58.8
128,1,2015,56.98
128,1,2016,54.23
128,1,2017,49.35
128,1,2018,44.32
128,1,2019,40.25
128,1,2020,33.57
128,1,2021,35.28
128,1,2022,35.99
128,1,2023,36.04
128,2,1980,17.15
128,2,1981,23.5
128,2,1982,19.8
128,2,1983,10.3
128,2,1984,7.84
128,2,1985,8.54
128,2,1986,8.44
128,2,1987,8.88
128,2,1988,10.37
128,2,1989,11.11
128,2,1990,11.63
128,2,1991,14.62
128,2,1992,14.49
128,2,1993,13.67
128,2,1994,14.05
128,2,1995,12.2
128,2,1996,11.31
128,2,1997,10.58
128,2,1998,9.91
128,2,1999,9.83
128,2,2000,10.78
128,2,2001,10.02
128,2,2002,9.35
128,2,2003,9.67
128,2,2004,10.9
128,2,2005,12.48
128,2,2006,12.33
128,2,2007,11.63
128,2,2008,11.95
128,2,2009,13.77
128,2,2010,11.59
128,2,2011,9.72
128,2,2012,8.22
128,2,2013,8.01
128,2,2014,8.35
128,2,2015,8.1
128,2,2016,7.85
128,2,2017,7.66
128,2,2018,7.5
128,2,2019,6.96
128,2,2020,5.56
128,2,2021,5.63
128,2,2022,6.27
128,2,2023,6.31
128,3,1980,77.32
128,3,1981,95.01
128,3,1982,81.4
128,3,1983,47.44
128,3,1984,34.82
128,3,1985,40.14
128,3,1986,43.04
128,3,1987,45.71
128,3,1988,49.89
128,3,1989,51.05
128,3,1990,55.46
128,3,1991,58.64
128,3,1992,59.83
128,3,1993,59.49
128,3,1994,61.87
128,3,1995,60.45
128,3,1996,58
128,3,1997,58.59
128,3,1998,55.54
128,3,1999,49.72
128,3,2000,48.46
128,3,2001,47.53
128,3,2002,47.4
128,3,2003,49.62
128,3,2004,51.39
128,3,2005,59.89
128,3,2006,57.48
128,3,2007,55.53
128,3,2008,57.01
128,3,2009,60.85
128,3,2010,48.37
128,3,2011,38.75
128,3,2012,33.6
128,3,2013,33.18
128,3,2014,32.21
128,3,2015,31.22
128,3,2016,29.79
128,3,2017,27.37
128,3,2018,24.91
128,3,2019,22.68
128,3,2020,18.78
128,3,2021,19.63
128,3,2022,20.31
128,3,2023,20.35
129,1,1980,76.5
129,1,1981,75.28
129,1,1982,74.31
129,1,1983,73.86
129,1,1984,71.76
129,1,1985,70.98
129,1,1986,69.88
129,1,1987,69.38
129,1,1988,71.42
129,1,1989,70.68
129,1,1990,71.97
129,1,1991,72.69
129,1,1992,72.61
129,1,1993,72.36
129,1,1994,72.55
129,1,1995,72.23
129,1,1996,71.28
129,1,1997,71.73
129,1,1998,71.59
129,1,1999,69.96
129,1,2000,69.51
129,1,2001,68.47
129,1,2002,67.27
129,1,2003,65.68
129,1,2004,63.73
129,1,2005,64.34
129,1,2006,65.45
129,1,2007,66.93
129,1,2008,68.67
129,1,2009,70.07
129,1,2010,71.25
129,1,2011,68.41
129,1,2012,160.13
129,1,2013,150.9
129,1,2014,148.26
129,1,2015,156.43
129,1,2016,61.16
129,1,2017,57.21
129,1,2018,66.29
129,1,2019,55.01
129,1,2020,52.75
129,1,2021,51.15
129,1,2022,48.26
129,1,2023,45.45
129,2,1980,18.42
129,2,1981,18.08
129,2,1982,17.08
129,2,1983,16
129,2,1984,15.2
129,2,1985,14.66
129,2,1986,14.45
129,2,1987,13.76
129,2,1988,13.79
129,2,1989,14.24
129,2,1990,14.5
129,2,1991,14.61
129,2,1992,15.43
129,2,1993,15.65
129,2,1994,16.01
129,2,1995,17.31
129,2,1996,18.01
129,2,1997,18.55
129,2,1998,18.96
129,2,1999,19.18
129,2,2000,19.65
129,2,2001,19.86
129,2,2002,19.8
129,2,2003,19.36
129,2,2004,19.04
129,2,2005,19.28
129,2,2006,19.8
129,2,2007,20.46
129,2,2008,21.32
129,2,2009,22.33
129,2,2010,22.99
129,2,2011,22.46
129,2,2012,35.47
129,2,2013,33.79
129,2,2014,33.29
129,2,2015,34.02
129,2,2016,20.12
129,2,2017,18.79
129,2,2018,19.72
129,2,2019,17.71
129,2,2020,17.67
129,2,2021,17.59
129,2,2022,14.91
129,2,2023,13.81
129,3,1980,46.6
129,3,1981,45.83
129,3,1982,44.84
129,3,1983,44.06
129,3,1984,42.62
129,3,1985,41.97
129,3,1986,41.31
129,3,1987,40.71
129,3,1988,41.71
129,3,1989,41.58
129,3,1990,42.34
129,3,1991,42.74
129,3,1992,43.11
129,3,1993,43.1
129,3,1994,43.36
129,3,1995,43.86
129,3,1996,43.75
129,3,1997,44.23
129,3,1998,44.37
129,3,1999,43.68
129,3,2000,43.68
129,3,2001,43.26
129,3,2002,42.62
129,3,2003,41.59
129,3,2004,40.45
129,3,2005,40.83
129,3,2006,41.6
129,3,2007,42.6
129,3,2008,43.86
129,3,2009,45.01
129,3,2010,45.89
129,3,2011,44.25
129,3,2012,94.75
129,3,2013,89.38
129,3,2014,87.8
129,3,2015,92
129,3,2016,39.45
129,3,2017,36.88
129,3,2018,41.67
129,3,2019,35.27
129,3,2020,34.16
129,3,2021,33.37
129,3,2022,30.6
129,3,2023,28.7
130,1,1980,48.65
130,1,1981,45.23
130,1,1982,44.86
130,1,1983,42.53
130,1,1984,41.83
130,1,1985,45.67
130,1,1986,46.56
130,1,1987,45.64
130,1,1988,44.65
130,1,1989,43.05
130,1,1990,41.15
130,1,1991,40.58
130,1,1992,40.21
130,1,1993,39.21
130,1,1994,37.91
130,1,1995,35.87
130,1,1996,33.13
130,1,1997,31
130,1,1998,29.88
130,1,1999,26.79
130,1,2000,24.2
130,1,2001,22.42
130,1,2002,21.92
130,1,2003,21.39
130,1,2004,20.13
130,1,2005,20.5
130,1,2006,20.29
130,1,2007,19.57
130,1,2008,24.7
130,1,2009,31.21
130,1,2010,36.73
130,1,2011,40.52
130,1,2012,38.78
130,1,2013,35.59
130,1,2014,32.61
130,1,2015,33.43
130,1,2016,38.12
130,1,2017,45.97
130,1,2018,51.11
130,1,2019,51.93
130,1,2020,51.32
130,1,2021,49.56
130,1,2022,47.71
130,1,2023,46.34
130,2,1980,5.11
130,2,1981,4.49
130,2,1982,4.35
130,2,1983,4.26
130,2,1984,4.16
130,2,1985,4.43
130,2,1986,4.52
130,2,1987,4.38
130,2,1988,4.5
130,2,1989,4.63
130,2,1990,4.64
130,2,1991,4.54
130,2,1992,4.48
130,2,1993,4.29
130,2,1994,4.03
130,2,1995,3.94
130,2,1996,3.82
130,2,1997,3.57
130,2,1998,3.63
130,2,1999,3.41
130,2,2000,3.18
130,2,2001,3.05
130,2,2002,3.02
130,2,2003,2.98
130,2,2004,2.82
130,2,2005,2.83
130,2,2006,2.76
130,2,2007,2.57
130,2,2008,2.96
130,2,2009,3.53
130,2,2010,4.22
130,2,2011,4.78
130,2,2012,4.84
130,2,2013,4.7
130,2,2014,4.46
130,2,2015,4.57
130,2,2016,5.08
130,2,2017,5.79
130,2,2018,6.26
130,2,2019,6.52
130,2,2020,6.61
130,2,2021,6.59
130,2,2022,6.7
130,2,2023,6.7
130,3,1980,26.41
130,3,1981,24.38
130,3,1982,24.09
130,3,1983,22.87
130,3,1984,22.45
130,3,1985,24.42
130,3,1986,24.86
130,3,1987,24.33
130,3,1988,23.9
130,3,1989,23.19
130,3,1990,22.28
130,3,1991,21.95
130,3,1992,21.75
130,3,1993,21.18
130,3,1994,20.42
130,3,1995,19.38
130,3,1996,17.98
130,3,1997,16.79
130,3,1998,16.26
130,3,1999,14.64
130,3,2000,13.25
130,3,2001,12.32
130,3,2002,12.05
130,3,2003,11.77
130,3,2004,11.08
130,3,2005,11.27
130,3,2006,11.14
130,3,2007,10.7
130,3,2008,13.37
130,3,2009,16.81
130,3,2010,19.83
130,3,2011,21.98
130,3,2012,21.18
130,3,2013,19.58
130,3,2014,18.03
130,3,2015,18.49
130,3,2016,21.03
130,3,2017,25.22
130,3,2018,27.96
130,3,2019,28.5
130,3,2020,28.25
130,3,2021,27.39
130,3,2022,26.54
130,3,2023,25.9
131,1,1980,30.83
131,1,1981,31.02
131,1,1982,31.68
131,1,1983,32.4
131,1,1984,32.07
131,1,1985,32.23
131,1,1986,32.26
131,1,1987,33.55
131,1,1988,28.83
131,1,1989,25.31
131,1,1990,24.41
131,1,1991,24.58
131,1,1992,24.26
131,1,1993,24.04
131,1,1994,24.26
131,1,1995,24.26
131,1,1996,23.86
131,1,1997,23.03
131,1,1998,22.46
131,1,1999,21.8
131,1,2000,21.78
131,1,2001,21.94
131,1,2002,22.77
131,1,2003,23.97
131,1,2004,24.46
131,1,2005,24.83
131,1,2006,24.06
131,1,2007,23.67
131,1,2008,23.28
131,1,2009,22.71
131,1,2010,21.39
131,1,2011,20.68
131,1,2012,20.16
131,1,2013,19.44
131,1,2014,18.82
131,1,2015,17.94
131,1,2016,17.78
131,1,2017,17.07
131,1,2018,17.04
131,1,2019,16.56
131,1,2020,16.69
131,1,2021,16.27
131,1,2022,15.15
131,1,2023,15.21
131,2,1980,4.07
131,2,1981,4.02
131,2,1982,3.96
131,2,1983,3.94
131,2,1984,4
131,2,1985,3.84
131,2,1986,3.84
131,2,1987,3.63
131,2,1988,3.78
131,2,1989,3.91
131,2,1990,4.07
131,2,1991,4.29
131,2,1992,4.28
131,2,1993,4.38
131,2,1994,4.35
131,2,1995,4.39
131,2,1996,4.34
131,2,1997,4.27
131,2,1998,4.36
131,2,1999,4.09
131,2,2000,4.13
131,2,2001,4.2
131,2,2002,4.25
131,2,2003,4.25
131,2,2004,4.23
131,2,2005,4.16
131,2,2006,3.84
131,2,2007,3.71
131,2,2008,3.57
131,2,2009,3.4
131,2,2010,3.16
131,2,2011,2.98
131,2,2012,2.82
131,2,2013,2.7
131,2,2014,2.65
131,2,2015,2.54
131,2,2016,2.54
131,2,2017,2.44
131,2,2018,2.39
131,2,2019,2.33
131,2,2020,2.34
131,2,2021,2.34
131,2,2022,2.13
131,2,2023,2.14
131,3,1980,16.86
131,3,1981,16.93
131,3,1982,17.21
131,3,1983,17.55
131,3,1984,17.4
131,3,1985,17.37
131,3,1986,17.37
131,3,1987,17.86
131,3,1988,15.68
131,3,1989,14.08
131,3,1990,13.75
131,3,1991,13.95
131,3,1992,13.8
131,3,1993,13.76
131,3,1994,13.86
131,3,1995,13.89
131,3,1996,13.68
131,3,1997,13.24
131,3,1998,13.02
131,3,1999,12.58
131,3,2000,12.59
131,3,2001,12.71
131,3,2002,13.13
131,3,2003,13.71
131,3,2004,13.94
131,3,2005,14.09
131,3,2006,13.55
131,3,2007,13.3
131,3,2008,13.04
131,3,2009,12.68
131,3,2010,11.92
131,3,2011,11.48
131,3,2012,11.14
131,3,2013,10.73
131,3,2014,10.4
131,3,2015,9.93
131,3,2016,9.84
131,3,2017,9.45
131,3,2018,9.42
131,3,2019,9.15
131,3,2020,9.2
131,3,2021,9
131,3,2022,8.37
131,3,2023,8.42
132,1,1980,12.71
132,1,1981,12.72
132,1,1982,12.29
132,1,1983,11.99
132,1,1984,12.37
132,1,1985,14.28
132,1,1986,15.15
132,1,1987,16.52
132,1,1988,17.24
132,1,1989,18.2
132,1,1990,17.71
132,1,1991,17.74
132,1,1992,18.59
132,1,1993,20.8
132,1,1994,21.15
132,1,1995,21.5
132,1,1996,20.48
132,1,1997,21.01
132,1,1998,20.49
132,1,1999,20.13
132,1,2000,20.6
132,1,2001,21.54
132,1,2002,22.55
132,1,2003,21.84
132,1,2004,21.75
132,1,2005,22.82
132,1,2006,24.37
132,1,2007,27.61
132,1,2008,32.63
132,1,2009,37.25
132,1,2010,38.44
132,1,2011,37.97
132,1,2012,36.79
132,1,2013,34.34
132,1,2014,31.79
132,1,2015,28.66
132,1,2016,26.22
132,1,2017,26.01
132,1,2018,27.08
132,1,2019,28.5
132,1,2020,30.1
132,1,2021,32.51
132,1,2022,29.63
132,1,2023,28.55
132,2,1980,1.89
132,2,1981,1.9
132,2,1982,1.82
132,2,1983,1.76
132,2,1984,1.75
132,2,1985,1.85
132,2,1986,1.87
132,2,1987,1.98
132,2,1988,2.11
132,2,1989,2.27
132,2,1990,2.24
132,2,1991,2.21
132,2,1992,2.34
132,2,1993,2.52
132,2,1994,2.58
132,2,1995,2.62
132,2,1996,2.64
132,2,1997,2.69
132,2,1998,2.76
132,2,1999,2.55
132,2,2000,2.64
132,2,2001,2.7
132,2,2002,2.84
132,2,2003,2.65
132,2,2004,2.56
132,2,2005,2.64
132,2,2006,2.67
132,2,2007,2.74
132,2,2008,3.01
132,2,2009,3.24
132,2,2010,3.23
132,2,2011,3.21
132,2,2012,3
132,2,2013,2.98
132,2,2014,2.82
132,2,2015,2.87
132,2,2016,2.93
132,2,2017,3.08
132,2,2018,3.13
132,2,2019,3.22
132,2,2020,3.15
132,2,2021,3.13
132,2,2022,2.89
132,2,2023,2.84
132,3,1980,7.35
132,3,1981,7.36
132,3,1982,7.09
132,3,1983,6.91
132,3,1984,7.1
132,3,1985,8.11
132,3,1986,8.56
132,3,1987,9.3
132,3,1988,9.73
132,3,1989,10.3
132,3,1990,10.03
132,3,1991,10.03
132,3,1992,10.52
132,3,1993,11.72
132,3,1994,11.93
132,3,1995,12.12
132,3,1996,11.61
132,3,1997,11.9
132,3,1998,11.67
132,3,1999,11.38
132,3,2000,11.66
132,3,2001,12.16
132,3,2002,12.73
132,3,2003,12.28
132,3,2004,12.18
132,3,2005,12.76
132,3,2006,13.55
132,3,2007,15.21
132,3,2008,17.86
132,3,2009,20.3
132,3,2010,20.87
132,3,2011,20.6
132,3,2012,19.89
132,3,2013,18.63
132,3,2014,17.25
132,3,2015,15.69
132,3,2016,14.48
132,3,2017,14.43
132,3,2018,14.97
132,3,2019,15.71
132,3,2020,16.46
132,3,2021,17.62
132,3,2022,16.04
132,3,2023,15.55
133,1,1980,25.62
133,1,1981,23.76
133,1,1982,24.84
133,1,1983,26.15
133,1,1984,23.39
133,1,1985,21.19
133,1,1986,19.6
133,1,1987,20.42
133,1,1988,22.31
133,1,1989,26.46
133,1,1990,29.48
133,1,1991,32.19
133,1,1992,35.64
133,1,1993,39.54
133,1,1994,43.37
133,1,1995,44.18
133,1,1996,44.2
133,1,1997,41.89
133,1,1998,44.39
133,1,1999,52.37
133,1,2000,63.41
133,1,2001,69.77
133,1,2002,77.48
133,1,2003,84.77
133,1,2004,80.01
133,1,2005,78.96
133,1,2006,83.32
133,1,2007,89.16
133,1,2008,93.07
133,1,2009,92.37
133,1,2010,88.31
133,1,2011,86.53
133,1,2012,89.27
133,1,2013,86.75
133,1,2014,90.8
133,1,2015,99.01
133,1,2016,109.83
133,1,2017,104.18
133,1,2018,99.1
133,1,2019,92.7
133,1,2020,97.37
133,1,2021,98.33
133,1,2022,95.64
133,1,2023,92.93
133,2,1980,2.45
133,2,1981,2.52
133,2,1982,2.51
133,2,1983,2.42
133,2,1984,2.37
133,2,1985,2.32
133,2,1986,2.14
133,2,1987,2.31
133,2,1988,2.52
133,2,1989,2.82
133,2,1990,3.06
133,2,1991,3.24
133,2,1992,3.44
133,2,1993,3.48
133,2,1994,3.82
133,2,1995,3.85
133,2,1996,4.03
133,2,1997,3.97
133,2,1998,4.02
133,2,1999,4.49
133,2,2000,4.77
133,2,2001,4.97
133,2,2002,6.16
133,2,2003,5.86
133,2,2004,5.36
133,2,2005,5.1
133,2,2006,5.13
133,2,2007,5.16
133,2,2008,5.41
133,2,2009,5.58
133,2,2010,5.66
133,2,2011,5.51
133,2,2012,5.58
133,2,2013,5.38
133,2,2014,5.65
133,2,2015,5.51
133,2,2016,5.76
133,2,2017,5.82
133,2,2018,5.92
133,2,2019,6.05
133,2,2020,6.46
133,2,2021,6.45
133,2,2022,6.65
133,2,2023,6.46
133,3,1980,13.85
133,3,1981,12.97
133,3,1982,13.49
133,3,1983,14.09
133,3,1984,12.69
133,3,1985,11.58
133,3,1986,10.69
133,3,1987,11.18
133,3,1988,12.21
133,3,1989,14.4
133,3,1990,15.99
133,3,1991,17.41
133,3,1992,19.19
133,3,1993,21.1
133,3,1994,23.12
133,3,1995,23.55
133,3,1996,23.65
133,3,1997,22.47
133,3,1998,23.73
133,3,1999,27.88
133,3,2000,33.47
133,3,2001,36.73
133,3,2002,41.19
133,3,2003,44.69
133,3,2004,42.14
133,3,2005,41.55
133,3,2006,43.79
133,3,2007,46.76
133,3,2008,48.86
133,3,2009,48.61
133,3,2010,46.65
133,3,2011,45.72
133,3,2012,47.16
133,3,2013,45.85
133,3,2014,48.04
133,3,2015,52.08
133,3,2016,57.6
133,3,2017,54.83
133,3,2018,52.27
133,3,2019,48.56
133,3,2020,50.12
133,3,2021,50.13
133,3,2022,48.7
133,3,2023,46.87
135,1,1980,41.39
135,1,1981,39.75
135,1,1982,39.71
135,1,1983,41.81
135,1,1984,44.48
135,1,1985,44.66
135,1,1986,46.07
135,1,1987,46.9
135,1,1988,47.51
135,1,1989,49.79
135,1,1990,50.15
135,1,1991,48.76
135,1,1992,47.42
135,1,1993,48.93
135,1,1994,49.2
135,1,1995,50.25
135,1,1996,50.58
135,1,1997,51.37
135,1,1998,53.04
135,1,1999,52.68
135,1,2000,53.73
135,1,2001,55.21
135,1,2002,56.15
135,1,2003,55.39
135,1,2004,52.82
135,1,2005,50.84
135,1,2006,49.78
135,1,2007,49.51
135,1,2008,50.1
135,1,2009,50.99
135,1,2010,50.57
135,1,2011,50.42
135,1,2012,52.49
135,1,2013,53.22
135,1,2014,54.56
135,1,2015,55.31
135,1,2016,57.07
135,1,2017,56.69
135,1,2018,51.81
135,1,2019,46.58
135,1,2020,46.08
135,1,2021,44.24
135,1,2022,43.66
135,1,2023,43.46
135,2,1980,5.07
135,2,1981,4.74
135,2,1982,4.67
135,2,1983,4.78
135,2,1984,4.71
135,2,1985,4.74
135,2,1986,4.8
135,2,1987,4.84
135,2,1988,4.72
135,2,1989,4.87
135,2,1990,4.88
135,2,1991,4.97
135,2,1992,4.88
135,2,1993,5.11
135,2,1994,5.23
135,2,1995,5.48
135,2,1996,5.6
135,2,1997,5.44
135,2,1998,5.36
135,2,1999,5.27
135,2,2000,5.33
135,2,2001,5.36
135,2,2002,5.3
135,2,2003,5.19
135,2,2004,5.04
135,2,2005,4.92
135,2,2006,4.79
135,2,2007,4.69
135,2,2008,4.8
135,2,2009,4.92
135,2,2010,4.97
135,2,2011,4.97
135,2,2012,5.03
135,2,2013,5.02
135,2,2014,5.01
135,2,2015,4.93
135,2,2016,4.9
135,2,2017,4.86
135,2,2018,4.6
135,2,2019,4.24
135,2,2020,4.14
135,2,2021,4.11
135,2,2022,4.19
135,2,2023,4.25
135,3,1980,22.99
135,3,1981,22
135,3,1982,21.93
135,3,1983,23.01
135,3,1984,24.26
135,3,1985,24.36
135,3,1986,25.06
135,3,1987,25.46
135,3,1988,25.68
135,3,1989,26.87
135,3,1990,27.02
135,3,1991,26.36
135,3,1992,25.65
135,3,1993,26.49
135,3,1994,26.68
135,3,1995,27.33
135,3,1996,27.55
135,3,1997,27.87
135,3,1998,28.66
135,3,1999,28.45
135,3,2000,29.03
135,3,2001,29.79
135,3,2002,30.24
135,3,2003,29.83
135,3,2004,28.5
135,3,2005,27.47
135,3,2006,26.89
135,3,2007,26.72
135,3,2008,27.07
135,3,2009,27.57
135,3,2010,27.39
135,3,2011,27.33
135,3,2012,28.39
135,3,2013,28.75
135,3,2014,29.41
135,3,2015,29.74
135,3,2016,30.59
135,3,2017,30.39
135,3,2018,27.84
135,3,2019,25.07
135,3,2020,24.77
135,3,2021,23.84
135,3,2022,23.58
135,3,2023,23.5
136,1,1980,19.03
136,1,1981,17.85
136,1,1982,16.54
136,1,1983,16.15
136,1,1984,16.01
136,1,1985,15.22
136,1,1986,14.8
136,1,1987,14.5
136,1,1988,14.5
136,1,1989,14.56
136,1,1990,15.11
136,1,1991,15.32
136,1,1992,16.35
136,1,1993,18.56
136,1,1994,21.88
136,1,1995,24.58
136,1,1996,26.85
136,1,1997,28.31
136,1,1998,29.11
136,1,1999,30.84
136,1,2000,31.72
136,1,2001,32.21
136,1,2002,32.63
136,1,2003,32.55
136,1,2004,31.79
136,1,2005,30.19
136,1,2006,29.3
136,1,2007,27.72
136,1,2008,26.95
136,1,2009,26.8
136,1,2010,25.37
136,1,2011,24.07
136,1,2012,23.81
136,1,2013,23.24
136,1,2014,23.42
136,1,2015,23.68
136,1,2016,23.3
136,1,2017,22.39
136,1,2018,21.89
136,1,2019,22.37
136,1,2020,22.25
136,1,2021,23.51
136,1,2022,24.41
136,1,2023,23.92
136,2,1980,2.96
136,2,1981,2.69
136,2,1982,2.62
136,2,1983,2.49
136,2,1984,2.49
136,2,1985,2.44
136,2,1986,2.39
136,2,1987,2.36
136,2,1988,2.41
136,2,1989,2.45
136,2,1990,2.67
136,2,1991,2.71
136,2,1992,3
136,2,1993,3.33
136,2,1994,3.75
136,2,1995,4.24
136,2,1996,4.65
136,2,1997,4.9
136,2,1998,5.07
136,2,1999,5.34
136,2,2000,5.58
136,2,2001,5.66
136,2,2002,5.71
136,2,2003,5.76
136,2,2004,5.85
136,2,2005,5.52
136,2,2006,5.29
136,2,2007,4.77
136,2,2008,4.44
136,2,2009,4.24
136,2,2010,3.96
136,2,2011,3.69
136,2,2012,3.49
136,2,2013,3.39
136,2,2014,3.24
136,2,2015,3.12
136,2,2016,3.18
136,2,2017,3.06
136,2,2018,3.01
136,2,2019,3.02
136,2,2020,3.05
136,2,2021,3.3
136,2,2022,3.52
136,2,2023,3.46
136,3,1980,10.94
136,3,1981,10.23
136,3,1982,9.56
136,3,1983,9.3
136,3,1984,9.23
136,3,1985,8.82
136,3,1986,8.59
136,3,1987,8.43
136,3,1988,8.45
136,3,1989,8.5
136,3,1990,8.89
136,3,1991,9.02
136,3,1992,9.68
136,3,1993,10.95
136,3,1994,12.83
136,3,1995,14.42
136,3,1996,15.78
136,3,1997,16.64
136,3,1998,17.12
136,3,1999,18.14
136,3,2000,18.71
136,3,2001,19.01
136,3,2002,19.24
136,3,2003,19.24
136,3,2004,18.91
136,3,2005,17.95
136,3,2006,17.39
136,3,2007,16.34
136,3,2008,15.8
136,3,2009,15.62
136,3,2010,14.76
136,3,2011,13.96
136,3,2012,13.73
136,3,2013,13.38
136,3,2014,13.39
136,3,2015,13.45
136,3,2016,13.28
136,3,2017,12.75
136,3,2018,12.46
136,3,2019,12.69
136,3,2020,12.64
136,3,2021,13.38
136,3,2022,13.91
136,3,2023,13.63
139,1,1980,5.03
139,1,1981,4.88
139,1,1982,4.57
139,1,1983,4.19
139,1,1984,3.68
139,1,1985,3.38
139,1,1986,3.13
139,1,1987,3.12
139,1,1988,3.13
139,1,1989,3.15
139,1,1990,3.1
139,1,1991,2.95
139,1,1992,2.96
139,1,1993,3
139,1,1994,3.23
139,1,1995,3.43
139,1,1996,3.08
139,1,1997,4.6
139,1,1998,3.91
139,1,1999,3.18
139,1,2000,3.1
139,1,2001,3.07
139,1,2002,2.98
139,1,2003,2.85
139,1,2004,2.6
139,1,2005,2.44
139,1,2006,2.35
139,1,2007,2.19
139,1,2008,2.12
139,1,2009,2.06
139,1,2010,1.99
139,1,2011,1.94
139,1,2012,1.89
139,1,2013,1.92
139,1,2014,1.81
139,1,2015,1.77
139,1,2016,1.79
139,1,2017,1.94
139,1,2018,1.95
139,1,2019,1.81
139,1,2020,1.81
139,1,2021,1.77
139,1,2022,1.81
139,1,2023,1.73
139,2,1980,1.5
139,2,1981,1.44
139,2,1982,1.36
139,2,1983,1.27
139,2,1984,1.18
139,2,1985,1.1
139,2,1986,1.06
139,2,1987,1.05
139,2,1988,1.03
139,2,1989,1.02
139,2,1990,1
139,2,1991,0.96
139,2,1992,0.95
139,2,1993,0.93
139,2,1994,0.94
139,2,1995,0.96
139,2,1996,0.89
139,2,1997,1.13
139,2,1998,1.01
139,2,1999,0.9
139,2,2000,0.9
139,2,2001,0.9
139,2,2002,0.89
139,2,2003,0.88
139,2,2004,0.83
139,2,2005,0.79
139,2,2006,0.76
139,2,2007,0.73
139,2,2008,0.71
139,2,2009,0.69
139,2,2010,0.66
139,2,2011,0.63
139,2,2012,0.6
139,2,2013,0.6
139,2,2014,0.57
139,2,2015,0.54
139,2,2016,0.54
139,2,2017,0.58
139,2,2018,0.57
139,2,2019,0.51
139,2,2020,0.49
139,2,2021,0.48
139,2,2022,0.49
139,2,2023,0.46
139,3,1980,3.25
139,3,1981,3.15
139,3,1982,2.96
139,3,1983,2.73
139,3,1984,2.43
139,3,1985,2.25
139,3,1986,2.1
139,3,1987,2.1
139,3,1988,2.09
139,3,1989,2.09
139,3,1990,2.06
139,3,1991,1.97
139,3,1992,1.96
139,3,1993,1.98
139,3,1994,2.1
139,3,1995,2.21
139,3,1996,2
139,3,1997,2.88
139,3,1998,2.47
139,3,1999,2.05
139,3,2000,2.01
139,3,2001,2
139,3,2002,1.95
139,3,2003,1.88
139,3,2004,1.72
139,3,2005,1.62
139,3,2006,1.56
139,3,2007,1.47
139,3,2008,1.42
139,3,2009,1.38
139,3,2010,1.33
139,3,2011,1.29
139,3,2012,1.25
139,3,2013,1.27
139,3,2014,1.19
139,3,2015,1.16
139,3,2016,1.17
139,3,2017,1.26
139,3,2018,1.27
139,3,2019,1.16
139,3,2020,1.15
139,3,2021,1.13
139,3,2022,1.16
139,3,2023,1.1
140,1,1980,1.71
140,1,1981,1.79
140,1,1982,1.79
140,1,1983,1.83
140,1,1984,1.87
140,1,1985,1.85
140,1,1986,1.88
140,1,1987,1.97
140,1,1988,1.96
140,1,1989,1.96
140,1,1990,2.04
140,1,1991,2.04
140,1,1992,2.05
140,1,1993,2.12
140,1,1994,2.18
140,1,1995,2.2
140,1,1996,2.27
140,1,1997,2.23
140,1,1998,2.53
140,1,1999,2.74
140,1,2000,2.83
140,1,2001,2.9
140,1,2002,2.98
140,1,2003,3.07
140,1,2004,3.23
140,1,2005,3.13
140,1,2006,3.02
140,1,2007,2.91
140,1,2008,2.88
140,1,2009,2.79
140,1,2010,2.72
140,1,2011,2.49
140,1,2012,2.4
140,1,2013,2.29
140,1,2014,2.25
140,1,2015,2.08
140,1,2016,1.98
140,1,2017,1.91
140,1,2018,1.8
140,1,2019,1.61
140,1,2020,1.59
140,1,2021,1.52
140,1,2022,1.49
140,1,2023,1.47
140,2,1980,0.56
140,2,1981,0.6
140,2,1982,0.61
140,2,1983,0.63
140,2,1984,0.65
140,2,1985,0.66
140,2,1986,0.67
140,2,1987,0.69
140,2,1988,0.69
140,2,1989,0.7
140,2,1990,0.72
140,2,1991,0.72
140,2,1992,0.71
140,2,1993,0.71
140,2,1994,0.71
140,2,1995,0.71
140,2,1996,0.73
140,2,1997,0.72
140,2,1998,0.81
140,2,1999,0.93
140,2,2000,1
140,2,2001,1.05
140,2,2002,1.13
140,2,2003,1.15
140,2,2004,1.23
140,2,2005,1.24
140,2,2006,1.2
140,2,2007,1.16
140,2,2008,1.18
140,2,2009,1.18
140,2,2010,1.16
140,2,2011,1.09
140,2,2012,1.07
140,2,2013,1.04
140,2,2014,1.01
140,2,2015,0.94
140,2,2016,0.9
140,2,2017,0.83
140,2,2018,0.76
140,2,2019,0.74
140,2,2020,0.76
140,2,2021,0.73
140,2,2022,0.69
140,2,2023,0.68
140,3,1980,1.26
140,3,1981,1.33
140,3,1982,1.34
140,3,1983,1.37
140,3,1984,1.4
140,3,1985,1.38
140,3,1986,1.4
140,3,1987,1.46
140,3,1988,1.45
140,3,1989,1.45
140,3,1990,1.5
140,3,1991,1.5
140,3,1992,1.51
140,3,1993,1.54
140,3,1994,1.58
140,3,1995,1.59
140,3,1996,1.64
140,3,1997,1.61
140,3,1998,1.82
140,3,1999,2
140,3,2000,2.08
140,3,2001,2.15
140,3,2002,2.23
140,3,2003,2.29
140,3,2004,2.44
140,3,2005,2.4
140,3,2006,2.32
140,3,2007,2.23
140,3,2008,2.22
140,3,2009,2.18
140,3,2010,2.13
140,3,2011,1.97
140,3,2012,1.9
140,3,2013,1.83
140,3,2014,1.8
140,3,2015,1.67
140,3,2016,1.6
140,3,2017,1.52
140,3,2018,1.43
140,3,2019,1.3
140,3,2020,1.29
140,3,2021,1.24
140,3,2022,1.21
140,3,2023,1.18
141,1,1980,1.27
141,1,1981,1.27
141,1,1982,1.25
141,1,1983,1.21
141,1,1984,1.18
141,1,1985,1.22
141,1,1986,1.12
141,1,1987,0.98
141,1,1988,0.87
141,1,1989,0.78
141,1,1990,0.7
141,1,1991,0.63
141,1,1992,0.56
141,1,1993,0.53
141,1,1994,0.51
141,1,1995,0.52
141,1,1996,0.51
141,1,1997,0.51
141,1,1998,0.51
141,1,1999,0.51
141,1,2000,0.51
141,1,2001,0.54
141,1,2002,0.59
141,1,2003,0.68
141,1,2004,0.79
141,1,2005,0.9
141,1,2006,1.03
141,1,2007,1.13
141,1,2008,1.24
141,1,2009,1.3
141,1,2010,1.51
141,1,2011,1.75
141,1,2012,2.03
141,1,2013,2.25
141,1,2014,2.26
141,1,2015,2.33
141,1,2016,2.45
141,1,2017,2.39
141,1,2018,2.33
141,1,2019,2.19
141,1,2020,2.18
141,1,2021,2.15
141,1,2022,1.6
141,1,2023,1.57
141,2,1980,0.36
141,2,1981,0.36
141,2,1982,0.37
141,2,1983,0.37
141,2,1984,0.38
141,2,1985,0.39
141,2,1986,0.37
141,2,1987,0.34
141,2,1988,0.31
141,2,1989,0.29
141,2,1990,0.26
141,2,1991,0.24
141,2,1992,0.22
141,2,1993,0.21
141,2,1994,0.2
141,2,1995,0.19
141,2,1996,0.19
141,2,1997,0.19
141,2,1998,0.18
141,2,1999,0.18
141,2,2000,0.17
141,2,2001,0.18
141,2,2002,0.19
141,2,2003,0.22
141,2,2004,0.25
141,2,2005,0.27
141,2,2006,0.3
141,2,2007,0.32
141,2,2008,0.34
141,2,2009,0.36
141,2,2010,0.4
141,2,2011,0.44
141,2,2012,0.51
141,2,2013,0.55
141,2,2014,0.55
141,2,2015,0.57
141,2,2016,0.59
141,2,2017,0.57
141,2,2018,0.56
141,2,2019,0.53
141,2,2020,0.51
141,2,2021,0.51
141,2,2022,0.4
141,2,2023,0.39
141,3,1980,0.82
141,3,1981,0.82
141,3,1982,0.81
141,3,1983,0.8
141,3,1984,0.79
141,3,1985,0.81
141,3,1986,0.75
141,3,1987,0.66
141,3,1988,0.59
141,3,1989,0.54
141,3,1990,0.48
141,3,1991,0.44
141,3,1992,0.39
141,3,1993,0.37
141,3,1994,0.36
141,3,1995,0.36
141,3,1996,0.35
141,3,1997,0.35
141,3,1998,0.35
141,3,1999,0.35
141,3,2000,0.35
141,3,2001,0.37
141,3,2002,0.4
141,3,2003,0.45
141,3,2004,0.52
141,3,2005,0.59
141,3,2006,0.67
141,3,2007,0.74
141,3,2008,0.8
141,3,2009,0.84
141,3,2010,0.97
141,3,2011,1.11
141,3,2012,1.29
141,3,2013,1.42
141,3,2014,1.43
141,3,2015,1.48
141,3,2016,1.54
141,3,2017,1.5
141,3,2018,1.47
141,3,2019,1.38
141,3,2020,1.37
141,3,2021,1.35
141,3,2022,1.02
141,3,2023,1
142,1,1980,4.84
142,1,1981,4.88
142,1,1982,4.74
142,1,1983,4.82
142,1,1984,4.85
142,1,1985,4.98
142,1,1986,5
142,1,1987,5.15
142,1,1988,5.21
142,1,1989,5.25
142,1,1990,5.31
142,1,1991,5.13
142,1,1992,4.77
142,1,1993,4.76
142,1,1994,4.76
142,1,1995,4.73
142,1,1996,4.6
142,1,1997,4.52
142,1,1998,4.52
142,1,1999,4.43
142,1,2000,4.29
142,1,2001,4.26
142,1,2002,4.15
142,1,2003,4.11
142,1,2004,4.04
142,1,2005,3.9
142,1,2006,3.83
142,1,2007,3.83
142,1,2008,3.91
142,1,2009,3.97
142,1,2010,4.18
142,1,2011,4.04
142,1,2012,4.1
142,1,2013,4.18
142,1,2014,4.21
142,1,2015,4.34
142,1,2016,4.39
142,1,2017,4.43
142,1,2018,4.39
142,1,2019,4.28
142,1,2020,4.35
142,1,2021,4.53
142,1,2022,4.27
142,1,2023,4.04
142,2,1980,1.85
142,2,1981,1.86
142,2,1982,1.81
142,2,1983,1.79
142,2,1984,1.77
142,2,1985,1.75
142,2,1986,1.72
142,2,1987,1.68
142,2,1988,1.66
142,2,1989,1.63
142,2,1990,1.58
142,2,1991,1.51
142,2,1992,1.43
142,2,1993,1.39
142,2,1994,1.36
142,2,1995,1.33
142,2,1996,1.29
142,2,1997,1.26
142,2,1998,1.23
142,2,1999,1.2
142,2,2000,1.16
142,2,2001,1.14
142,2,2002,1.11
142,2,2003,1.12
142,2,2004,1.09
142,2,2005,1.06
142,2,2006,1.05
142,2,2007,1.09
142,2,2008,1.14
142,2,2009,1.19
142,2,2010,1.25
142,2,2011,1.27
142,2,2012,1.3
142,2,2013,1.34
142,2,2014,1.37
142,2,2015,1.4
142,2,2016,1.36
142,2,2017,1.28
142,2,2018,1.24
142,2,2019,1.2
142,2,2020,1.21
142,2,2021,1.25
142,2,2022,1.18
142,2,2023,1.13
142,3,1980,3.4
142,3,1981,3.42
142,3,1982,3.32
142,3,1983,3.35
142,3,1984,3.36
142,3,1985,3.41
142,3,1986,3.4
142,3,1987,3.46
142,3,1988,3.48
142,3,1989,3.48
142,3,1990,3.49
142,3,1991,3.36
142,3,1992,3.14
142,3,1993,3.12
142,3,1994,3.09
142,3,1995,3.06
142,3,1996,2.97
142,3,1997,2.92
142,3,1998,2.9
142,3,1999,2.84
142,3,2000,2.75
142,3,2001,2.73
142,3,2002,2.66
142,3,2003,2.64
142,3,2004,2.59
142,3,2005,2.5
142,3,2006,2.46
142,3,2007,2.48
142,3,2008,2.54
142,3,2009,2.59
142,3,2010,2.73
142,3,2011,2.66
142,3,2012,2.71
142,3,2013,2.77
142,3,2014,2.8
142,3,2015,2.89
142,3,2016,2.89
142,3,2017,2.87
142,3,2018,2.83
142,3,2019,2.76
142,3,2020,2.8
142,3,2021,2.92
142,3,2022,2.75
142,3,2023,2.61
143,1,1980,6.41
143,1,1981,6.47
143,1,1982,6.37
143,1,1983,6.62
143,1,1984,6.86
143,1,1985,7.17
143,1,1986,7.44
143,1,1987,7.7
143,1,1988,7.74
143,1,1989,7.91
143,1,1990,7.95
143,1,1991,8.39
143,1,1992,11.78
143,1,1993,9.92
143,1,1994,15.02
143,1,1995,14.51
143,1,1996,10.55
143,1,1997,11.77
143,1,1998,9.64
143,1,1999,9.58
143,1,2000,10.28
143,1,2001,9.87
143,1,2002,10.93
143,1,2003,12.66
143,1,2004,14.89
143,1,2005,16.25
143,1,2006,18.33
143,1,2007,21.15
143,1,2008,22.16
143,1,2009,23.38
143,1,2010,25.12
143,1,2011,24.76
143,1,2012,25.52
143,1,2013,25.3
143,1,2014,25.97
143,1,2015,24.87
143,1,2016,24.09
143,1,2017,23.76
143,1,2018,23.87
143,1,2019,23.3
143,1,2020,26.42
143,1,2021,26.28
143,1,2022,24.15
143,1,2023,23.11
143,2,1980,2.22
143,2,1981,2.19
143,2,1982,2.15
143,2,1983,2.16
143,2,1984,2.17
143,2,1985,2.18
143,2,1986,2.21
143,2,1987,2.22
143,2,1988,2.19
143,2,1989,2.17
143,2,1990,2.13
143,2,1991,2.22
143,2,1992,2.85
143,2,1993,2.47
143,2,1994,3.4
143,2,1995,3.34
143,2,1996,2.63
143,2,1997,2.88
143,2,1998,2.45
143,2,1999,2.43
143,2,2000,2.6
143,2,2001,2.55
143,2,2002,2.84
143,2,2003,3.33
143,2,2004,3.9
143,2,2005,4.33
143,2,2006,4.87
143,2,2007,5.53
143,2,2008,5.85
143,2,2009,6.18
143,2,2010,6.49
143,2,2011,6.53
143,2,2012,6.57
143,2,2013,6.52
143,2,2014,6.64
143,2,2015,6.34
143,2,2016,6.13
143,2,2017,5.97
143,2,2018,5.91
143,2,2019,5.82
143,2,2020,6.7
143,2,2021,6.44
143,2,2022,5.66
143,2,2023,5.39
143,3,1980,4.4
143,3,1981,4.42
143,3,1982,4.34
143,3,1983,4.48
143,3,1984,4.6
143,3,1985,4.77
143,3,1986,4.92
143,3,1987,5.05
143,3,1988,5.05
143,3,1989,5.13
143,3,1990,5.14
143,3,1991,5.41
143,3,1992,7.45
143,3,1993,6.32
143,3,1994,9.43
143,3,1995,9.16
143,3,1996,6.76
143,3,1997,7.53
143,3,1998,6.21
143,3,1999,6.18
143,3,2000,6.63
143,3,2001,6.4
143,3,2002,7.09
143,3,2003,8.23
143,3,2004,9.67
143,3,2005,10.58
143,3,2006,11.92
143,3,2007,13.68
143,3,2008,14.31
143,3,2009,15.08
143,3,2010,16.14
143,3,2011,15.96
143,3,2012,16.38
143,3,2013,16.25
143,3,2014,16.67
143,3,2015,15.96
143,3,2016,15.45
143,3,2017,15.19
143,3,2018,15.22
143,3,2019,14.88
143,3,2020,16.93
143,3,2021,16.72
143,3,2022,15.23
143,3,2023,14.56
144,1,1980,15.3
144,1,1981,14.8
144,1,1982,14.74
144,1,1983,12.09
144,1,1984,10.64
144,1,1985,9.34
144,1,1986,8.13
144,1,1987,7.3
144,1,1988,6.43
144,1,1989,6.01
144,1,1990,5.54
144,1,1991,5.33
144,1,1992,5.14
144,1,1993,5.37
144,1,1994,5.54
144,1,1995,5.56
144,1,1996,5.7
144,1,1997,5.69
144,1,1998,6
144,1,1999,6.32
144,1,2000,6.56
144,1,2001,6.91
144,1,2002,7.05
144,1,2003,7.1
144,1,2004,7.12
144,1,2005,6.92
144,1,2006,6.64
144,1,2007,6.35
144,1,2008,6.06
144,1,2009,5.73
144,1,2010,5.64
144,1,2011,5.25
144,1,2012,5.28
144,1,2013,5.11
144,1,2014,5
144,1,2015,4.95
144,1,2016,4.87
144,1,2017,4.58
144,1,2018,4.33
144,1,2019,4.09
144,1,2020,3.91
144,1,2021,3.75
144,1,2022,3.4
144,1,2023,3.22
144,2,1980,3.54
144,2,1981,3.63
144,2,1982,3.82
144,2,1983,3.28
144,2,1984,2.85
144,2,1985,2.52
144,2,1986,2.17
144,2,1987,1.95
144,2,1988,1.8
144,2,1989,1.66
144,2,1990,1.56
144,2,1991,1.49
144,2,1992,1.4
144,2,1993,1.42
144,2,1994,1.41
144,2,1995,1.43
144,2,1996,1.49
144,2,1997,1.5
144,2,1998,1.56
144,2,1999,1.63
144,2,2000,1.72
144,2,2001,1.83
144,2,2002,1.91
144,2,2003,1.92
144,2,2004,1.94
144,2,2005,1.91
144,2,2006,1.82
144,2,2007,1.68
144,2,2008,1.66
144,2,2009,1.59
144,2,2010,1.57
144,2,2011,1.54
144,2,2012,1.56
144,2,2013,1.55
144,2,2014,1.53
144,2,2015,1.51
144,2,2016,1.49
144,2,2017,1.43
144,2,2018,1.33
144,2,2019,1.25
144,2,2020,1.23
144,2,2021,1.21
144,2,2022,1.05
144,2,2023,0.99
144,3,1980,9.63
144,3,1981,9.43
144,3,1982,9.5
144,3,1983,7.88
144,3,1984,6.92
144,3,1985,6.09
144,3,1986,5.3
144,3,1987,4.76
144,3,1988,4.24
144,3,1989,3.96
144,3,1990,3.66
144,3,1991,3.52
144,3,1992,3.38
144,3,1993,3.51
144,3,1994,3.59
144,3,1995,3.61
144,3,1996,3.7
144,3,1997,3.7
144,3,1998,3.88
144,3,1999,4.07
144,3,2000,4.23
144,3,2001,4.46
144,3,2002,4.56
144,3,2003,4.59
144,3,2004,4.61
144,3,2005,4.5
144,3,2006,4.31
144,3,2007,4.11
144,3,2008,3.97
144,3,2009,3.76
144,3,2010,3.71
144,3,2011,3.5
144,3,2012,3.53
144,3,2013,3.44
144,3,2014,3.38
144,3,2015,3.36
144,3,2016,3.31
144,3,2017,3.13
144,3,2018,2.95
144,3,2019,2.79
144,3,2020,2.68
144,3,2021,2.59
144,3,2022,2.33
144,3,2023,2.2
145,1,1980,0.84
145,1,1981,0.77
145,1,1982,0.76
145,1,1983,0.9
145,1,1984,1.63
145,1,1985,2.03
145,1,1986,1.26
145,1,1987,1.12
145,1,1988,1.08
145,1,1989,1.15
145,1,1990,1.54
145,1,1991,1.85
145,1,1992,1.77
145,1,1993,1.97
145,1,1994,1.96
145,1,1995,2.34
145,1,1996,2.43
145,1,1997,1.48
145,1,1998,1.57
145,1,1999,1.7
145,1,2000,1.78
145,1,2001,1.94
145,1,2002,1.88
145,1,2003,2.16
145,1,2004,3.01
145,1,2005,2.27
145,1,2006,1.95
145,1,2007,1.42
145,1,2008,1.58
145,1,2009,1.33
145,1,2010,1.4
145,1,2011,1.26
145,1,2012,1.34
145,1,2013,1.5
145,1,2014,1.76
145,1,2015,1.86
145,1,2016,1.66
145,1,2017,1.67
145,1,2018,1.56
145,1,2019,1.09
145,1,2020,1.08
145,1,2021,1.01
145,1,2022,0.98
145,1,2023,0.94
145,2,1980,0.51
145,2,1981,0.5
145,2,1982,0.59
145,2,1983,0.66
145,2,1984,0.85
145,2,1985,0.75
145,2,1986,0.48
145,2,1987,0.41
145,2,1988,0.42
145,2,1989,0.45
145,2,1990,0.74
145,2,1991,1.2
145,2,1992,1.29
145,2,1993,1.3
145,2,1994,1.35
145,2,1995,1.38
145,2,1996,1.13
145,2,1997,0.46
145,2,1998,0.34
145,2,1999,0.58
145,2,2000,0.59
145,2,2001,0.61
145,2,2002,0.8
145,2,2003,0.59
145,2,2004,0.72
145,2,2005,0.69
145,2,2006,0.6
145,2,2007,0.44
145,2,2008,0.52
145,2,2009,0.45
145,2,2010,0.45
145,2,2011,0.44
145,2,2012,0.51
145,2,2013,0.59
145,2,2014,0.76
145,2,2015,0.73
145,2,2016,0.69
145,2,2017,0.65
145,2,2018,0.57
145,2,2019,0.48
145,2,2020,0.46
145,2,2021,0.44
145,2,2022,0.48
145,2,2023,0.47
145,3,1980,0.72
145,3,1981,0.67
145,3,1982,0.7
145,3,1983,0.82
145,3,1984,1.33
145,3,1985,1.52
145,3,1986,0.95
145,3,1987,0.84
145,3,1988,0.81
145,3,1989,0.87
145,3,1990,1.22
145,3,1991,1.59
145,3,1992,1.58
145,3,1993,1.71
145,3,1994,1.73
145,3,1995,1.96
145,3,1996,1.91
145,3,1997,1.07
145,3,1998,1.08
145,3,1999,1.27
145,3,2000,1.32
145,3,2001,1.43
145,3,2002,1.48
145,3,2003,1.58
145,3,2004,2.15
145,3,2005,1.66
145,3,2006,1.42
145,3,2007,1.02
145,3,2008,1.14
145,3,2009,0.97
145,3,2010,1
145,3,2011,0.91
145,3,2012,0.99
145,3,2013,1.11
145,3,2014,1.34
145,3,2015,1.38
145,3,2016,1.26
145,3,2017,1.26
145,3,2018,1.16
145,3,2019,0.86
145,3,2020,0.85
145,3,2021,0.8
145,3,2022,0.8
145,3,2023,0.78
146,1,1980,8.05
146,1,1981,8.17
146,1,1982,8.32
146,1,1983,8.51
146,1,1984,8.6
146,1,1985,8.56
146,1,1986,8.53
146,1,1987,7.97
146,1,1988,8.04
146,1,1989,26.23
146,1,1990,71.15
146,1,1991,9.23
146,1,1992,9.29
146,1,1993,9.25
146,1,1994,10
146,1,1995,8.91
146,1,1996,7.8
146,1,1997,7.24
146,1,1998,7.71
146,1,1999,7.36
146,1,2000,6.78
146,1,2001,5.27
146,1,2002,4.92
146,1,2003,4.5
146,1,2004,4.09
146,1,2005,3.68
146,1,2006,3.31
146,1,2007,3.02
146,1,2008,4.32
146,1,2009,2.57
146,1,2010,2.51
146,1,2011,2.41
146,1,2012,4.51
146,1,2013,7.35
146,1,2014,4.84
146,1,2015,5.62
146,1,2016,3.17
146,1,2017,8.15
146,1,2018,2.31
146,1,2019,2.31
146,1,2020,2.55
146,1,2021,2.02
146,1,2022,2.27
146,1,2023,2.23
146,2,1980,2.44
146,2,1981,2.44
146,2,1982,2.42
146,2,1983,2.48
146,2,1984,2.4
146,2,1985,2.37
146,2,1986,2.37
146,2,1987,2.22
146,2,1988,2.26
146,2,1989,5.55
146,2,1990,13.69
146,2,1991,2.59
146,2,1992,2.62
146,2,1993,2.6
146,2,1994,2.64
146,2,1995,2.43
146,2,1996,2.15
146,2,1997,1.99
146,2,1998,2.02
146,2,1999,1.85
146,2,2000,1.71
146,2,2001,1.36
146,2,2002,1.23
146,2,2003,1.12
146,2,2004,1
146,2,2005,0.92
146,2,2006,0.81
146,2,2007,0.73
146,2,2008,0.92
146,2,2009,0.58
146,2,2010,0.54
146,2,2011,0.51
146,2,2012,0.83
146,2,2013,1.27
146,2,2014,0.84
146,2,2015,0.98
146,2,2016,0.53
146,2,2017,1.41
146,2,2018,0.36
146,2,2019,0.37
146,2,2020,0.4
146,2,2021,0.32
146,2,2022,0.36
146,2,2023,0.35
146,3,1980,5.22
146,3,1981,5.28
146,3,1982,5.33
146,3,1983,5.44
146,3,1984,5.43
146,3,1985,5.39
146,3,1986,5.37
146,3,1987,5.03
146,3,1988,5.08
146,3,1989,15.6
146,3,1990,41.6
146,3,1991,5.83
146,3,1992,5.87
146,3,1993,5.84
146,3,1994,6.23
146,3,1995,5.59
146,3,1996,4.91
146,3,1997,4.56
146,3,1998,4.8
146,3,1999,4.55
146,3,2000,4.19
146,3,2001,3.27
146,3,2002,3.03
146,3,2003,2.77
146,3,2004,2.5
146,3,2005,2.26
146,3,2006,2.02
146,3,2007,1.84
146,3,2008,2.57
146,3,2009,1.54
146,3,2010,1.49
146,3,2011,1.42
146,3,2012,2.61
146,3,2013,4.24
146,3,2014,2.83
146,3,2015,3.33
146,3,2016,1.86
146,3,2017,4.84
146,3,2018,1.34
146,3,2019,1.34
146,3,2020,1.48
146,3,2021,1.17
146,3,2022,1.31
146,3,2023,1.29
147,1,1980,4.42
147,1,1981,4.46
147,1,1982,4.39
147,1,1983,4.31
147,1,1984,4.29
147,1,1985,4.32
147,1,1986,4.29
147,1,1987,4.37
147,1,1988,4.45
147,1,1989,4.43
147,1,1990,4.46
147,1,1991,4.32
147,1,1992,4.3
147,1,1993,4.36
147,1,1994,4.34
147,1,1995,4.34
147,1,1996,4.3
147,1,1997,4.41
147,1,1998,4.43
147,1,1999,4.51
147,1,2000,4.48
147,1,2001,4.66
147,1,2002,4.73
147,1,2003,4.7
147,1,2004,4.4
147,1,2005,4.14
147,1,2006,3.68
147,1,2007,3.66
147,1,2008,3.91
147,1,2009,3.7
147,1,2010,3.75
147,1,2011,3.72
147,1,2012,12.21
147,1,2013,3.63
147,1,2014,29.73
147,1,2015,30.05
147,1,2016,16.6
147,1,2017,18.6
147,1,2018,16.95
147,1,2019,3.67
147,1,2020,4.01
147,1,2021,3.93
147,1,2022,3.78
147,1,2023,3.41
147,2,1980,1.53
147,2,1981,1.49
147,2,1982,1.47
147,2,1983,1.43
147,2,1984,1.4
147,2,1985,1.38
147,2,1986,1.37
147,2,1987,1.36
147,2,1988,1.36
147,2,1989,1.34
147,2,1990,1.33
147,2,1991,1.3
147,2,1992,1.26
147,2,1993,1.24
147,2,1994,1.22
147,2,1995,1.19
147,2,1996,1.17
147,2,1997,1.18
147,2,1998,1.17
147,2,1999,1.16
147,2,2000,1.16
147,2,2001,1.15
147,2,2002,1.15
147,2,2003,1.13
147,2,2004,1.11
147,2,2005,1.08
147,2,2006,1.04
147,2,2007,1.03
147,2,2008,1.04
147,2,2009,1.02
147,2,2010,1.01
147,2,2011,1.01
147,2,2012,2.47
147,2,2013,0.96
147,2,2014,5.5
147,2,2015,5.54
147,2,2016,3.18
147,2,2017,3.52
147,2,2018,3.21
147,2,2019,0.92
147,2,2020,1.03
147,2,2021,1.1
147,2,2022,0.93
147,2,2023,0.85
147,3,1980,3.13
147,3,1981,3.15
147,3,1982,3.11
147,3,1983,3.07
147,3,1984,3.04
147,3,1985,3.05
147,3,1986,3.02
147,3,1987,3.04
147,3,1988,3.07
147,3,1989,3.03
147,3,1990,3.03
147,3,1991,2.92
147,3,1992,2.88
147,3,1993,2.88
147,3,1994,2.84
147,3,1995,2.82
147,3,1996,2.78
147,3,1997,2.83
147,3,1998,2.84
147,3,1999,2.88
147,3,2000,2.87
147,3,2001,2.96
147,3,2002,3
147,3,2003,2.98
147,3,2004,2.82
147,3,2005,2.67
147,3,2006,2.42
147,3,2007,2.41
147,3,2008,2.54
147,3,2009,2.42
147,3,2010,2.44
147,3,2011,2.43
147,3,2012,7.54
147,3,2013,2.35
147,3,2014,18.07
147,3,2015,18.24
147,3,2016,10.12
147,3,2017,11.31
147,3,2018,10.3
147,3,2019,2.34
147,3,2020,2.57
147,3,2021,2.56
147,3,2022,2.4
147,3,2023,2.17
148,1,1980,1.66
148,1,1981,1.53
148,1,1982,1.35
148,1,1983,1.25
148,1,1984,1.11
148,1,1985,1.02
148,1,1986,0.91
148,1,1987,0.85
148,1,1988,0.77
148,1,1989,0.72
148,1,1990,0.66
148,1,1991,0.65
148,1,1992,0.68
148,1,1993,0.73
148,1,1994,0.82
148,1,1995,0.93
148,1,1996,1.03
148,1,1997,1.2
148,1,1998,1.35
148,1,1999,1.5
148,1,2000,1.62
148,1,2001,1.73
148,1,2002,1.73
148,1,2003,1.76
148,1,2004,1.74
148,1,2005,1.73
148,1,2006,1.71
148,1,2007,1.65
148,1,2008,1.59
148,1,2009,1.55
148,1,2010,1.49
148,1,2011,1.42
148,1,2012,1.37
148,1,2013,1.35
148,1,2014,1.33
148,1,2015,1.29
148,1,2016,1.27
148,1,2017,1.24
148,1,2018,1.17
148,1,2019,1.16
148,1,2020,1.2
148,1,2021,1.14
148,1,2022,1.04
148,1,2023,0.99
148,2,1980,0.72
148,2,1981,0.66
148,2,1982,0.6
148,2,1983,0.56
148,2,1984,0.52
148,2,1985,0.48
148,2,1986,0.46
148,2,1987,0.43
148,2,1988,0.41
148,2,1989,0.39
148,2,1990,0.36
148,2,1991,0.36
148,2,1992,0.38
148,2,1993,0.4
148,2,1994,0.44
148,2,1995,0.49
148,2,1996,0.54
148,2,1997,0.62
148,2,1998,0.69
148,2,1999,0.78
148,2,2000,0.83
148,2,2001,0.89
148,2,2002,0.93
148,2,2003,0.95
148,2,2004,0.95
148,2,2005,0.94
148,2,2006,0.93
148,2,2007,0.91
148,2,2008,0.88
148,2,2009,0.84
148,2,2010,0.81
148,2,2011,0.77
148,2,2012,0.74
148,2,2013,0.72
148,2,2014,0.69
148,2,2015,0.76
148,2,2016,0.75
148,2,2017,0.73
148,2,2018,0.71
148,2,2019,0.66
148,2,2020,0.68
148,2,2021,0.63
148,2,2022,0.55
148,2,2023,0.51
148,3,1980,1.18
148,3,1981,1.09
148,3,1982,0.97
148,3,1983,0.9
148,3,1984,0.81
148,3,1985,0.75
148,3,1986,0.68
148,3,1987,0.64
148,3,1988,0.59
148,3,1989,0.55
148,3,1990,0.51
148,3,1991,0.51
148,3,1992,0.53
148,3,1993,0.56
148,3,1994,0.63
148,3,1995,0.71
148,3,1996,0.78
148,3,1997,0.9
148,3,1998,1.01
148,3,1999,1.13
148,3,2000,1.22
148,3,2001,1.3
148,3,2002,1.32
148,3,2003,1.34
148,3,2004,1.34
148,3,2005,1.33
148,3,2006,1.31
148,3,2007,1.28
148,3,2008,1.22
148,3,2009,1.19
148,3,2010,1.14
148,3,2011,1.09
148,3,2012,1.05
148,3,2013,1.04
148,3,2014,1.01
148,3,2015,1.03
148,3,2016,1.01
148,3,2017,0.98
148,3,2018,0.94
148,3,2019,0.91
148,3,2020,0.94
148,3,2021,0.89
148,3,2022,0.8
148,3,2023,0.75
149,1,1980,5.01
149,1,1981,4.77
149,1,1982,4.55
149,1,1983,4.48
149,1,1984,4.47
149,1,1985,4.49
149,1,1986,4.41
149,1,1987,4.37
149,1,1988,4.39
149,1,1989,4.37
149,1,1990,4.32
149,1,1991,4.52
149,1,1992,4.41
149,1,1993,4.34
149,1,1994,4.38
149,1,1995,4.34
149,1,1996,4.43
149,1,1997,4.37
149,1,1998,4.56
149,1,1999,4.81
149,1,2000,5.19
149,1,2001,5.83
149,1,2002,6.58
149,1,2003,6.96
149,1,2004,7.55
149,1,2005,7.86
149,1,2006,10.02
149,1,2007,19.78
149,1,2008,10.08
149,1,2009,9.5
149,1,2010,9.88
149,1,2011,10.03
149,1,2012,10.82
149,1,2013,11.05
149,1,2014,11.23
149,1,2015,10.26
149,1,2016,9.47
149,1,2017,8.66
149,1,2018,8
149,1,2019,6.99
149,1,2020,6.36
149,1,2021,5.82
149,1,2022,6
149,1,2023,5.7
149,2,1980,0.87
149,2,1981,0.85
149,2,1982,0.83
149,2,1983,0.82
149,2,1984,0.81
149,2,1985,0.8
149,2,1986,0.79
149,2,1987,0.77
149,2,1988,0.76
149,2,1989,0.75
149,2,1990,0.74
149,2,1991,0.76
149,2,1992,0.75
149,2,1993,0.72
149,2,1994,0.71
149,2,1995,0.7
149,2,1996,0.7
149,2,1997,0.68
149,2,1998,0.69
149,2,1999,0.73
149,2,2000,0.79
149,2,2001,0.87
149,2,2002,0.97
149,2,2003,1.05
149,2,2004,1.18
149,2,2005,1.3
149,2,2006,1.67
149,2,2007,3.15
149,2,2008,1.87
149,2,2009,1.91
149,2,2010,2.05
149,2,2011,2.16
149,2,2012,2.27
149,2,2013,2.29
149,2,2014,2.26
149,2,2015,2.22
149,2,2016,2.15
149,2,2017,2
149,2,2018,1.85
149,2,2019,1.71
149,2,2020,1.57
149,2,2021,1.43
149,2,2022,1.51
149,2,2023,1.49
149,3,1980,2.84
149,3,1981,2.73
149,3,1982,2.61
149,3,1983,2.58
149,3,1984,2.58
149,3,1985,2.59
149,3,1986,2.55
149,3,1987,2.53
149,3,1988,2.55
149,3,1989,2.54
149,3,1990,2.52
149,3,1991,2.64
149,3,1992,2.58
149,3,1993,2.53
149,3,1994,2.56
149,3,1995,2.54
149,3,1996,2.59
149,3,1997,2.55
149,3,1998,2.66
149,3,1999,2.8
149,3,2000,3.02
149,3,2001,3.39
149,3,2002,3.82
149,3,2003,4.04
149,3,2004,4.4
149,3,2005,4.61
149,3,2006,5.89
149,3,2007,11.56
149,3,2008,6.01
149,3,2009,5.73
149,3,2010,5.98
149,3,2011,6.11
149,3,2012,6.57
149,3,2013,6.7
149,3,2014,6.78
149,3,2015,6.27
149,3,2016,5.83
149,3,2017,5.35
149,3,2018,4.95
149,3,2019,4.37
149,3,2020,3.98
149,3,2021,3.64
149,3,2022,3.78
149,3,2023,3.61
150,1,1980,1.49
150,1,1981,1.41
150,1,1982,1.34
150,1,1983,1.28
150,1,1984,1.25
150,1,1985,1.21
150,1,1986,1.17
150,1,1987,1.15
150,1,1988,1.14
150,1,1989,1.12
150,1,1990,1.11
150,1,1991,1.04
150,1,1992,1.01
150,1,1993,1.02
150,1,1994,1.05
150,1,1995,1.04
150,1,1996,1.01
150,1,1997,0.98
150,1,1998,0.98
150,1,1999,0.96
150,1,2000,0.95
150,1,2001,0.9
150,1,2002,0.89
150,1,2003,0.92
150,1,2004,0.95
150,1,2005,0.93
150,1,2006,0.92
150,1,2007,0.9
150,1,2008,0.91
150,1,2009,0.91
150,1,2010,0.89
150,1,2011,0.89
150,1,2012,0.92
150,1,2013,0.91
150,1,2014,0.91
150,1,2015,0.92
150,1,2016,0.95
150,1,2017,0.89
150,1,2018,0.81
150,1,2019,0.73
150,1,2020,0.74
150,1,2021,0.75
150,1,2022,0.72
150,1,2023,0.72
150,2,1980,0.32
150,2,1981,0.29
150,2,1982,0.28
150,2,1983,0.27
150,2,1984,0.26
150,2,1985,0.25
150,2,1986,0.23
150,2,1987,0.22
150,2,1988,0.22
150,2,1989,0.21
150,2,1990,0.21
150,2,1991,0.18
150,2,1992,0.18
150,2,1993,0.17
150,2,1994,0.18
150,2,1995,0.18
150,2,1996,0.17
150,2,1997,0.17
150,2,1998,0.16
150,2,1999,0.16
150,2,2000,0.16
150,2,2001,0.15
150,2,2002,0.15
150,2,2003,0.16
150,2,2004,0.17
150,2,2005,0.18
150,2,2006,0.18
150,2,2007,0.18
150,2,2008,0.18
150,2,2009,0.19
150,2,2010,0.19
150,2,2011,0.19
150,2,2012,0.19
150,2,2013,0.18
150,2,2014,0.19
150,2,2015,0.19
150,2,2016,0.2
150,2,2017,0.18
150,2,2018,0.17
150,2,2019,0.17
150,2,2020,0.17
150,2,2021,0.16
150,2,2022,0.15
150,2,2023,0.15
150,3,1980,1.06
150,3,1981,1
150,3,1982,0.95
150,3,1983,0.91
150,3,1984,0.89
150,3,1985,0.86
150,3,1986,0.82
150,3,1987,0.81
150,3,1988,0.8
150,3,1989,0.78
150,3,1990,0.78
150,3,1991,0.72
150,3,1992,0.7
150,3,1993,0.7
150,3,1994,0.71
150,3,1995,0.7
150,3,1996,0.68
150,3,1997,0.65
150,3,1998,0.65
150,3,1999,0.63
150,3,2000,0.62
150,3,2001,0.59
150,3,2002,0.59
150,3,2003,0.61
150,3,2004,0.63
150,3,2005,0.62
150,3,2006,0.62
150,3,2007,0.6
150,3,2008,0.61
150,3,2009,0.62
150,3,2010,0.61
150,3,2011,0.61
150,3,2012,0.63
150,3,2013,0.63
150,3,2014,0.63
150,3,2015,0.64
150,3,2016,0.65
150,3,2017,0.62
150,3,2018,0.57
150,3,2019,0.52
150,3,2020,0.52
150,3,2021,0.53
150,3,2022,0.5
150,3,2023,0.5
151,1,1980,1.63
151,1,1981,1.59
151,1,1982,1.49
151,1,1983,1.42
151,1,1984,1.26
151,1,1985,1.16
151,1,1986,1.08
151,1,1987,1.01
151,1,1988,0.92
151,1,1989,0.8
151,1,1990,0.79
151,1,1991,0.75
151,1,1992,0.74
151,1,1993,0.73
151,1,1994,0.72
151,1,1995,0.71
151,1,1996,0.74
151,1,1997,0.74
151,1,1998,0.73
151,1,1999,0.7
151,1,2000,0.68
151,1,2001,0.77
151,1,2002,0.83
151,1,2003,0.86
151,1,2004,0.96
151,1,2005,1.02
151,1,2006,1.05
151,1,2007,1.05
151,1,2008,0.99
151,1,2009,0.91
151,1,2010,0.84
151,1,2011,0.76
151,1,2012,0.71
151,1,2013,0.66
151,1,2014,0.64
151,1,2015,0.58
151,1,2016,0.53
151,1,2017,0.49
151,1,2018,0.44
151,1,2019,0.4
151,1,2020,0.37
151,1,2021,0.35
151,1,2022,0.37
151,1,2023,0.37
151,2,1980,0.33
151,2,1981,0.31
151,2,1982,0.3
151,2,1983,0.29
151,2,1984,0.28
151,2,1985,0.27
151,2,1986,0.26
151,2,1987,0.24
151,2,1988,0.23
151,2,1989,0.2
151,2,1990,0.2
151,2,1991,0.2
151,2,1992,0.2
151,2,1993,0.2
151,2,1994,0.21
151,2,1995,0.22
151,2,1996,0.21
151,2,1997,0.2
151,2,1998,0.2
151,2,1999,0.19
151,2,2000,0.19
151,2,2001,0.22
151,2,2002,0.24
151,2,2003,0.26
151,2,2004,0.32
151,2,2005,0.36
151,2,2006,0.41
151,2,2007,0.43
151,2,2008,0.43
151,2,2009,0.42
151,2,2010,0.42
151,2,2011,0.41
151,2,2012,0.41
151,2,2013,0.4
151,2,2014,0.39
151,2,2015,0.35
151,2,2016,0.32
151,2,2017,0.29
151,2,2018,0.25
151,2,2019,0.22
151,2,2020,0.19
151,2,2021,0.17
151,2,2022,0.17
151,2,2023,0.17
151,3,1980,1.21
151,3,1981,1.19
151,3,1982,1.12
151,3,1983,1.06
151,3,1984,0.95
151,3,1985,0.87
151,3,1986,0.82
151,3,1987,0.76
151,3,1988,0.69
151,3,1989,0.6
151,3,1990,0.59
151,3,1991,0.57
151,3,1992,0.55
151,3,1993,0.55
151,3,1994,0.55
151,3,1995,0.55
151,3,1996,0.57
151,3,1997,0.56
151,3,1998,0.54
151,3,1999,0.52
151,3,2000,0.5
151,3,2001,0.57
151,3,2002,0.62
151,3,2003,0.65
151,3,2004,0.74
151,3,2005,0.81
151,3,2006,0.85
151,3,2007,0.87
151,3,2008,0.83
151,3,2009,0.77
151,3,2010,0.73
151,3,2011,0.67
151,3,2012,0.63
151,3,2013,0.6
151,3,2014,0.58
151,3,2015,0.53
151,3,2016,0.48
151,3,2017,0.44
151,3,2018,0.39
151,3,2019,0.35
151,3,2020,0.32
151,3,2021,0.3
151,3,2022,0.31
151,3,2023,0.31
152,1,1980,2.13
152,1,1981,2.1
152,1,1982,2.04
152,1,1983,2.05
152,1,1984,2.09
152,1,1985,2.13
152,1,1986,2.16
152,1,1987,2.24
152,1,1988,2.3
152,1,1989,2.33
152,1,1990,2.37
152,1,1991,2.36
152,1,1992,2.28
152,1,1993,2.3
152,1,1994,2.29
152,1,1995,2.26
152,1,1996,2.26
152,1,1997,2.21
152,1,1998,2.25
152,1,1999,2.25
152,1,2000,2.23
152,1,2001,2.24
152,1,2002,2.25
152,1,2003,2.25
152,1,2004,2.2
152,1,2005,2.17
152,1,2006,2.13
152,1,2007,2.07
152,1,2008,2.01
152,1,2009,1.98
152,1,2010,1.96
152,1,2011,1.84
152,1,2012,1.79
152,1,2013,1.75
152,1,2014,1.77
152,1,2015,1.73
152,1,2016,1.71
152,1,2017,1.7
152,1,2018,1.65
152,1,2019,1.61
152,1,2020,1.59
152,1,2021,1.53
152,1,2022,1.54
152,1,2023,1.51
152,2,1980,0.91
152,2,1981,0.9
152,2,1982,0.89
152,2,1983,0.88
152,2,1984,0.88
152,2,1985,0.87
152,2,1986,0.87
152,2,1987,0.88
152,2,1988,0.88
152,2,1989,0.88
152,2,1990,0.88
152,2,1991,0.87
152,2,1992,0.85
152,2,1993,0.84
152,2,1994,0.83
152,2,1995,0.81
152,2,1996,0.8
152,2,1997,0.77
152,2,1998,0.76
152,2,1999,0.75
152,2,2000,0.74
152,2,2001,0.74
152,2,2002,0.74
152,2,2003,0.72
152,2,2004,0.7
152,2,2005,0.69
152,2,2006,0.67
152,2,2007,0.66
152,2,2008,0.65
152,2,2009,0.64
152,2,2010,0.62
152,2,2011,0.59
152,2,2012,0.57
152,2,2013,0.56
152,2,2014,0.57
152,2,2015,0.56
152,2,2016,0.56
152,2,2017,0.55
152,2,2018,0.53
152,2,2019,0.52
152,2,2020,0.53
152,2,2021,0.51
152,2,2022,0.51
152,2,2023,0.5
152,3,1980,1.63
152,3,1981,1.6
152,3,1982,1.57
152,3,1983,1.57
152,3,1984,1.6
152,3,1985,1.62
152,3,1986,1.65
152,3,1987,1.69
152,3,1988,1.73
152,3,1989,1.75
152,3,1990,1.77
152,3,1991,1.76
152,3,1992,1.7
152,3,1993,1.71
152,3,1994,1.69
152,3,1995,1.66
152,3,1996,1.65
152,3,1997,1.61
152,3,1998,1.62
152,3,1999,1.62
152,3,2000,1.6
152,3,2001,1.6
152,3,2002,1.61
152,3,2003,1.6
152,3,2004,1.57
152,3,2005,1.54
152,3,2006,1.51
152,3,2007,1.48
152,3,2008,1.44
152,3,2009,1.42
152,3,2010,1.4
152,3,2011,1.32
152,3,2012,1.29
152,3,2013,1.27
152,3,2014,1.28
152,3,2015,1.26
152,3,2016,1.25
152,3,2017,1.24
152,3,2018,1.22
152,3,2019,1.18
152,3,2020,1.19
152,3,2021,1.14
152,3,2022,1.15
152,3,2023,1.13
153,1,1980,5.18
153,1,1981,4.9
153,1,1982,4.4
153,1,1983,4.15
153,1,1984,3.74
153,1,1985,3.58
153,1,1986,3.37
153,1,1987,3.13
153,1,1988,2.85
153,1,1989,2.69
153,1,1990,2.5
153,1,1991,2.33
153,1,1992,2.17
153,1,1993,2.11
153,1,1994,2.16
153,1,1995,2.26
153,1,1996,2.46
153,1,1997,2.64
153,1,1998,3.06
153,1,1999,3.42
153,1,2000,3.51
153,1,2001,3.58
153,1,2002,3.63
153,1,2003,3.58
153,1,2004,3.64
153,1,2005,3.61
153,1,2006,3.57
153,1,2007,3.5
153,1,2008,3.5
153,1,2009,3.35
153,1,2010,3.39
153,1,2011,3.1
153,1,2012,3.08
153,1,2013,4.35
153,1,2014,11.07
153,1,2015,7.03
153,1,2016,11.58
153,1,2017,16.35
153,1,2018,7.42
153,1,2019,4.63
153,1,2020,10.61
153,1,2021,6.41
153,1,2022,9.16
153,1,2023,7.99
153,2,1980,1.46
153,2,1981,1.38
153,2,1982,1.28
153,2,1983,1.22
153,2,1984,1.12
153,2,1985,1.11
153,2,1986,1.03
153,2,1987,0.97
153,2,1988,0.9
153,2,1989,0.86
153,2,1990,0.82
153,2,1991,0.79
153,2,1992,0.77
153,2,1993,0.74
153,2,1994,0.76
153,2,1995,0.81
153,2,1996,0.89
153,2,1997,0.97
153,2,1998,1.1
153,2,1999,1.25
153,2,2000,1.3
153,2,2001,1.31
153,2,2002,1.31
153,2,2003,1.25
153,2,2004,1.26
153,2,2005,1.21
153,2,2006,1.15
153,2,2007,1.07
153,2,2008,1.05
153,2,2009,1
153,2,2010,0.99
153,2,2011,0.94
153,2,2012,0.91
153,2,2013,1.12
153,2,2014,2.36
153,2,2015,1.63
153,2,2016,2.48
153,2,2017,3.38
153,2,2018,1.69
153,2,2019,1.15
153,2,2020,2.24
153,2,2021,1.45
153,2,2022,1.92
153,2,2023,1.7
153,3,1980,3.35
153,3,1981,3.17
153,3,1982,2.87
153,3,1983,2.71
153,3,1984,2.45
153,3,1985,2.36
153,3,1986,2.22
153,3,1987,2.06
153,3,1988,1.89
153,3,1989,1.79
153,3,1990,1.67
153,3,1991,1.57
153,3,1992,1.48
153,3,1993,1.44
153,3,1994,1.47
153,3,1995,1.55
153,3,1996,1.69
153,3,1997,1.82
153,3,1998,2.1
153,3,1999,2.36
153,3,2000,2.43
153,3,2001,2.47
153,3,2002,2.5
153,3,2003,2.44
153,3,2004,2.48
153,3,2005,2.44
153,3,2006,2.39
153,3,2007,2.32
153,3,2008,2.32
153,3,2009,2.22
153,3,2010,2.24
153,3,2011,2.06
153,3,2012,2.03
153,3,2013,2.78
153,3,2014,6.74
153,3,2015,4.29
153,3,2016,6.88
153,3,2017,9.55
153,3,2018,4.39
153,3,2019,2.78
153,3,2020,6.14
153,3,2021,3.77
153,3,2022,5.3
153,3,2023,4.65
154,1,1980,3.13
154,1,1981,3.11
154,1,1982,3.04
154,1,1983,2.91
154,1,1984,2.75
154,1,1985,2.68
154,1,1986,2.62
154,1,1987,2.57
154,1,1988,2.53
154,1,1989,2.5
154,1,1990,2.49
154,1,1991,2.41
154,1,1992,2.39
154,1,1993,2.37
154,1,1994,2.35
154,1,1995,2.28
154,1,1996,2.2
154,1,1997,2.19
154,1,1998,2.13
154,1,1999,2.21
154,1,2000,2.23
154,1,2001,2.28
154,1,2002,2.27
154,1,2003,2.27
154,1,2004,2.22
154,1,2005,2.18
154,1,2006,2.19
154,1,2007,2.15
154,1,2008,2.11
154,1,2009,2.09
154,1,2010,2.1
154,1,2011,2.08
154,1,2012,2.12
154,1,2013,2.11
154,1,2014,2.15
154,1,2015,2.37
154,1,2016,2.59
154,1,2017,5.37
154,1,2018,4.68
154,1,2019,2.34
154,1,2020,1.93
154,1,2021,1.69
154,1,2022,1.73
154,1,2023,1.7
154,2,1980,0.98
154,2,1981,0.95
154,2,1982,0.92
154,2,1983,0.87
154,2,1984,0.82
154,2,1985,0.78
154,2,1986,0.75
154,2,1987,0.72
154,2,1988,0.7
154,2,1989,0.67
154,2,1990,0.65
154,2,1991,0.63
154,2,1992,0.6
154,2,1993,0.58
154,2,1994,0.56
154,2,1995,0.55
154,2,1996,0.53
154,2,1997,0.51
154,2,1998,0.49
154,2,1999,0.5
154,2,2000,0.5
154,2,2001,0.51
154,2,2002,0.5
154,2,2003,0.5
154,2,2004,0.49
154,2,2005,0.48
154,2,2006,0.48
154,2,2007,0.47
154,2,2008,0.47
154,2,2009,0.46
154,2,2010,0.46
154,2,2011,0.46
154,2,2012,0.46
154,2,2013,0.46
154,2,2014,0.47
154,2,2015,0.56
154,2,2016,0.63
154,2,2017,1.64
154,2,2018,1.39
154,2,2019,0.55
154,2,2020,0.44
154,2,2021,0.42
154,2,2022,0.41
154,2,2023,0.4
154,3,1980,2.05
154,3,1981,2.02
154,3,1982,1.97
154,3,1983,1.88
154,3,1984,1.78
154,3,1985,1.72
154,3,1986,1.68
154,3,1987,1.64
154,3,1988,1.6
154,3,1989,1.58
154,3,1990,1.57
154,3,1991,1.51
154,3,1992,1.49
154,3,1993,1.47
154,3,1994,1.45
154,3,1995,1.41
154,3,1996,1.36
154,3,1997,1.34
154,3,1998,1.31
154,3,1999,1.34
154,3,2000,1.35
154,3,2001,1.38
154,3,2002,1.37
154,3,2003,1.37
154,3,2004,1.34
154,3,2005,1.32
154,3,2006,1.32
154,3,2007,1.29
154,3,2008,1.27
154,3,2009,1.26
154,3,2010,1.26
154,3,2011,1.25
154,3,2012,1.27
154,3,2013,1.27
154,3,2014,1.29
154,3,2015,1.45
154,3,2016,1.59
154,3,2017,3.45
154,3,2018,2.99
154,3,2019,1.43
154,3,2020,1.17
154,3,2021,1.04
154,3,2022,1.06
154,3,2023,1.04
155,1,1980,8.45
155,1,1981,8.34
155,1,1982,7.85
155,1,1983,7.74
155,1,1984,7.88
155,1,1985,7.74
155,1,1986,7.7
155,1,1987,7.35
155,1,1988,7.16
155,1,1989,7.11
155,1,1990,6.91
155,1,1991,6.77
155,1,1992,6.51
155,1,1993,6.54
155,1,1994,6.66
155,1,1995,6.39
155,1,1996,6.17
155,1,1997,5.78
155,1,1998,5.68
155,1,1999,5.43
155,1,2000,5.03
155,1,2001,4.91
155,1,2002,4.6
155,1,2003,4.22
155,1,2004,3.75
155,1,2005,3.4
155,1,2006,3.2
155,1,2007,3.02
155,1,2008,2.82
155,1,2009,2.76
155,1,2010,2.78
155,1,2011,2.68
155,1,2012,2.84
155,1,2013,3.02
155,1,2014,3.23
155,1,2015,3.23
155,1,2016,3.28
155,1,2017,3.22
155,1,2018,3.15
155,1,2019,2.9
155,1,2020,2.82
155,1,2021,2.76
155,1,2022,2.88
155,1,2023,2.86
155,2,1980,1.21
155,2,1981,1.2
155,2,1982,1.18
155,2,1983,1.15
155,2,1984,1.14
155,2,1985,1.12
155,2,1986,1.1
155,2,1987,1.07
155,2,1988,1.04
155,2,1989,1.03
155,2,1990,0.99
155,2,1991,0.94
155,2,1992,0.9
155,2,1993,0.88
155,2,1994,0.87
155,2,1995,0.84
155,2,1996,0.8
155,2,1997,0.75
155,2,1998,0.72
155,2,1999,0.7
155,2,2000,0.65
155,2,2001,0.61
155,2,2002,0.57
155,2,2003,0.61
155,2,2004,0.63
155,2,2005,0.65
155,2,2006,0.66
155,2,2007,0.65
155,2,2008,0.65
155,2,2009,0.65
155,2,2010,0.65
155,2,2011,0.63
155,2,2012,0.65
155,2,2013,0.69
155,2,2014,0.73
155,2,2015,0.75
155,2,2016,0.75
155,2,2017,0.73
155,2,2018,0.69
155,2,2019,0.65
155,2,2020,0.64
155,2,2021,0.62
155,2,2022,0.64
155,2,2023,0.64
155,3,1980,4.85
155,3,1981,4.79
155,3,1982,4.53
155,3,1983,4.46
155,3,1984,4.53
155,3,1985,4.45
155,3,1986,4.42
155,3,1987,4.23
155,3,1988,4.12
155,3,1989,4.09
155,3,1990,3.98
155,3,1991,3.88
155,3,1992,3.73
155,3,1993,3.73
155,3,1994,3.78
155,3,1995,3.63
155,3,1996,3.5
155,3,1997,3.28
155,3,1998,3.21
155,3,1999,3.07
155,3,2000,2.85
155,3,2001,2.77
155,3,2002,2.59
155,3,2003,2.42
155,3,2004,2.2
155,3,2005,2.03
155,3,2006,1.93
155,3,2007,1.84
155,3,2008,1.73
155,3,2009,1.71
155,3,2010,1.72
155,3,2011,1.66
155,3,2012,1.75
155,3,2013,1.86
155,3,2014,1.98
155,3,2015,1.99
155,3,2016,2.02
155,3,2017,1.98
155,3,2018,1.93
155,3,2019,1.78
155,3,2020,1.73
155,3,2021,1.69
155,3,2022,1.77
155,3,2023,1.76
156,1,1980,3.33
156,1,1981,3.04
156,1,1982,2.75
156,1,1983,2.51
156,1,1984,2.35
156,1,1985,2.25
156,1,1986,2.09
156,1,1987,1.94
156,1,1988,1.81
156,1,1989,1.69
156,1,1990,1.61
156,1,1991,1.51
156,1,1992,1.43
156,1,1993,1.41
156,1,1994,1.36
156,1,1995,1.31
156,1,1996,1.28
156,1,1997,1.22
156,1,1998,1.24
156,1,1999,1.22
156,1,2000,1.18
156,1,2001,1.15
156,1,2002,1.14
156,1,2003,1.13
156,1,2004,1.08
156,1,2005,1.14
156,1,2006,1.23
156,1,2007,1.27
156,1,2008,1.19
156,1,2009,1.13
156,1,2010,1.13
156,1,2011,1.06
156,1,2012,0.99
156,1,2013,0.99
156,1,2014,0.96
156,1,2015,0.94
156,1,2016,0.93
156,1,2017,0.92
156,1,2018,0.89
156,1,2019,0.85
156,1,2020,0.85
156,1,2021,0.78
156,1,2022,0.81
156,1,2023,0.78
156,2,1980,1.28
156,2,1981,1.17
156,2,1982,1.05
156,2,1983,0.95
156,2,1984,0.85
156,2,1985,0.76
156,2,1986,0.68
156,2,1987,0.62
156,2,1988,0.57
156,2,1989,0.53
156,2,1990,0.49
156,2,1991,0.47
156,2,1992,0.44
156,2,1993,0.42
156,2,1994,0.41
156,2,1995,0.39
156,2,1996,0.39
156,2,1997,0.39
156,2,1998,0.39
156,2,1999,0.38
156,2,2000,0.37
156,2,2001,0.36
156,2,2002,0.34
156,2,2003,0.34
156,2,2004,0.34
156,2,2005,0.36
156,2,2006,0.39
156,2,2007,0.42
156,2,2008,0.42
156,2,2009,0.42
156,2,2010,0.41
156,2,2011,0.4
156,2,2012,0.4
156,2,2013,0.42
156,2,2014,0.43
156,2,2015,0.43
156,2,2016,0.42
156,2,2017,0.42
156,2,2018,0.41
156,2,2019,0.38
156,2,2020,0.37
156,2,2021,0.33
156,2,2022,0.33
156,2,2023,0.31
156,3,1980,2.69
156,3,1981,2.45
156,3,1982,2.21
156,3,1983,2
156,3,1984,1.86
156,3,1985,1.76
156,3,1986,1.62
156,3,1987,1.5
156,3,1988,1.4
156,3,1989,1.31
156,3,1990,1.24
156,3,1991,1.17
156,3,1992,1.11
156,3,1993,1.09
156,3,1994,1.06
156,3,1995,1.02
156,3,1996,1
156,3,1997,0.96
156,3,1998,0.98
156,3,1999,0.96
156,3,2000,0.93
156,3,2001,0.9
156,3,2002,0.89
156,3,2003,0.88
156,3,2004,0.85
156,3,2005,0.89
156,3,2006,0.96
156,3,2007,1.02
156,3,2008,0.98
156,3,2009,0.95
156,3,2010,0.95
156,3,2011,0.89
156,3,2012,0.84
156,3,2013,0.84
156,3,2014,0.82
156,3,2015,0.8
156,3,2016,0.78
156,3,2017,0.77
156,3,2018,0.74
156,3,2019,0.69
156,3,2020,0.67
156,3,2021,0.6
156,3,2022,0.61
156,3,2023,0.59
157,1,1980,4.48
157,1,1981,4.22
157,1,1982,4.03
157,1,1983,3.83
157,1,1984,3.73
157,1,1985,3.61
157,1,1986,3.55
157,1,1987,3.49
157,1,1988,3.42
157,1,1989,3.35
157,1,1990,3.36
157,1,1991,3.31
157,1,1992,3.21
157,1,1993,3.22
157,1,1994,3.2
157,1,1995,3.16
157,1,1996,3.11
157,1,1997,3.09
157,1,1998,3.04
157,1,1999,2.99
157,1,2000,3.03
157,1,2001,2.97
157,1,2002,3
157,1,2003,3.06
157,1,2004,3.15
157,1,2005,3.2
157,1,2006,3.22
157,1,2007,3.24
157,1,2008,3.28
157,1,2009,3.26
157,1,2010,3.19
157,1,2011,2.96
157,1,2012,2.93
157,1,2013,2.83
157,1,2014,5.79
157,1,2015,5.29
157,1,2016,8.82
157,1,2017,5.38
157,1,2018,4.87
157,1,2019,3.55
157,1,2020,5.55
157,1,2021,3.88
157,1,2022,4.63
157,1,2023,3.2
157,2,1980,0.91
157,2,1981,0.87
157,2,1982,0.84
157,2,1983,0.82
157,2,1984,0.8
157,2,1985,0.77
157,2,1986,0.76
157,2,1987,0.75
157,2,1988,0.73
157,2,1989,0.72
157,2,1990,0.72
157,2,1991,0.71
157,2,1992,0.7
157,2,1993,0.7
157,2,1994,0.69
157,2,1995,0.68
157,2,1996,0.68
157,2,1997,0.67
157,2,1998,0.66
157,2,1999,0.65
157,2,2000,0.65
157,2,2001,0.65
157,2,2002,0.66
157,2,2003,0.68
157,2,2004,0.7
157,2,2005,0.73
157,2,2006,0.74
157,2,2007,0.76
157,2,2008,0.78
157,2,2009,0.77
157,2,2010,0.75
157,2,2011,0.71
157,2,2012,0.69
157,2,2013,0.68
157,2,2014,1.2
157,2,2015,1.11
157,2,2016,1.72
157,2,2017,1.13
157,2,2018,1.04
157,2,2019,0.79
157,2,2020,1.17
157,2,2021,0.88
157,2,2022,1
157,2,2023,0.76
157,3,1980,2.69
157,3,1981,2.54
157,3,1982,2.43
157,3,1983,2.32
157,3,1984,2.26
157,3,1985,2.19
157,3,1986,2.15
157,3,1987,2.12
157,3,1988,2.07
157,3,1989,2.04
157,3,1990,2.04
157,3,1991,2.01
157,3,1992,1.96
157,3,1993,1.96
157,3,1994,1.96
157,3,1995,1.93
157,3,1996,1.9
157,3,1997,1.89
157,3,1998,1.86
157,3,1999,1.83
157,3,2000,1.85
157,3,2001,1.82
157,3,2002,1.84
157,3,2003,1.88
157,3,2004,1.94
157,3,2005,1.97
157,3,2006,1.99
157,3,2007,2.01
157,3,2008,2.04
157,3,2009,2.02
157,3,2010,1.98
157,3,2011,1.84
157,3,2012,1.82
157,3,2013,1.76
157,3,2014,3.49
157,3,2015,3.2
157,3,2016,5.27
157,3,2017,3.26
157,3,2018,2.96
157,3,2019,2.17
157,3,2020,3.36
157,3,2021,2.38
157,3,2022,2.8
157,3,2023,1.97
160,1,1980,14.42
160,1,1981,13.78
160,1,1982,13.19
160,1,1983,13.23
160,1,1984,13.17
160,1,1985,13.18
160,1,1986,12.58
160,1,1987,12.83
160,1,1988,12.9
160,1,1989,17.65
160,1,1990,13.89
160,1,1991,18.97
160,1,1992,16.34
160,1,1993,15.35
160,1,1994,17.23
160,1,1995,17.01
160,1,1996,19.95
160,1,1997,15.58
160,1,1998,17.01
160,1,1999,15.8
160,1,2000,15.89
160,1,2001,16.3
160,1,2002,17.81
160,1,2003,17.74
160,1,2004,16.08
160,1,2005,14.85
160,1,2006,15.07
160,1,2007,14.08
160,1,2008,13.75
160,1,2009,13.06
160,1,2010,13.79
160,1,2011,12.58
160,1,2012,11.54
160,1,2013,11.31
160,1,2014,11
160,1,2015,14.54
160,1,2016,13.72
160,1,2017,13.98
160,1,2018,15.18
160,1,2019,11.54
160,1,2020,12.74
160,1,2021,13.29
160,1,2022,12.18
160,1,2023,12
160,2,1980,1.59
160,2,1981,1.54
160,2,1982,1.51
160,2,1983,1.5
160,2,1984,1.49
160,2,1985,1.48
160,2,1986,1.45
160,2,1987,1.45
160,2,1988,1.46
160,2,1989,2.33
160,2,1990,1.63
160,2,1991,2.46
160,2,1992,1.94
160,2,1993,1.73
160,2,1994,2.03
160,2,1995,1.99
160,2,1996,2.49
160,2,1997,1.68
160,2,1998,1.85
160,2,1999,1.61
160,2,2000,1.62
160,2,2001,1.63
160,2,2002,1.96
160,2,2003,1.95
160,2,2004,1.65
160,2,2005,1.54
160,2,2006,1.6
160,2,2007,1.52
160,2,2008,1.51
160,2,2009,1.49
160,2,2010,1.63
160,2,2011,1.48
160,2,2012,1.42
160,2,2013,1.42
160,2,2014,1.42
160,2,2015,2.03
160,2,2016,1.85
160,2,2017,1.89
160,2,2018,2.09
160,2,2019,1.49
160,2,2020,1.73
160,2,2021,1.81
160,2,2022,1.51
160,2,2023,1.46
160,3,1980,8.2
160,3,1981,7.77
160,3,1982,7.24
160,3,1983,7.01
160,3,1984,6.87
160,3,1985,6.84
160,3,1986,6.52
160,3,1987,6.58
160,3,1988,6.54
160,3,1989,9.07
160,3,1990,7.05
160,3,1991,9.69
160,3,1992,8.24
160,3,1993,7.84
160,3,1994,9.06
160,3,1995,9.06
160,3,1996,10.77
160,3,1997,8.32
160,3,1998,9.12
160,3,1999,8.46
160,3,2000,8.53
160,3,2001,8.71
160,3,2002,9.59
160,3,2003,9.64
160,3,2004,8.78
160,3,2005,8.15
160,3,2006,8.3
160,3,2007,7.8
160,3,2008,7.62
160,3,2009,7.27
160,3,2010,7.72
160,3,2011,7.04
160,3,2012,6.51
160,3,2013,6.41
160,3,2014,6.26
160,3,2015,8.36
160,3,2016,7.85
160,3,2017,8
160,3,2018,8.7
160,3,2019,6.57
160,3,2020,7.32
160,3,2021,7.65
160,3,2022,6.92
160,3,2023,6.76
161,1,1980,2.66
161,1,1981,2.75
161,1,1982,2.93
161,1,1983,3.21
161,1,1984,3.48
161,1,1985,3.77
161,1,1986,4
161,1,1987,4.32
161,1,1988,4.65
161,1,1989,4.85
161,1,1990,5.11
161,1,1991,5.28
161,1,1992,5.38
161,1,1993,5.49
161,1,1994,5.57
161,1,1995,5.7
161,1,1996,5.69
161,1,1997,5.5
161,1,1998,5.39
161,1,1999,5.18
161,1,2000,4.92
161,1,2001,4.76
161,1,2002,4.5
161,1,2003,4.31
161,1,2004,4.02
161,1,2005,3.92
161,1,2006,3.87
161,1,2007,3.76
161,1,2008,3.73
161,1,2009,3.76
161,1,2010,3.78
161,1,2011,3.8
161,1,2012,3.63
161,1,2013,3.73
161,1,2014,3.76
161,1,2015,3.86
161,1,2016,3.95
161,1,2017,4.04
161,1,2018,3.99
161,1,2019,4.03
161,1,2020,3.66
161,1,2021,3.34
161,1,2022,3.56
161,1,2023,3.62
161,2,1980,1.34
161,2,1981,1.38
161,2,1982,1.45
161,2,1983,1.55
161,2,1984,1.66
161,2,1985,1.81
161,2,1986,1.93
161,2,1987,2.09
161,2,1988,2.25
161,2,1989,2.39
161,2,1990,2.54
161,2,1991,2.67
161,2,1992,2.69
161,2,1993,2.71
161,2,1994,2.67
161,2,1995,2.67
161,2,1996,2.6
161,2,1997,2.49
161,2,1998,2.39
161,2,1999,2.28
161,2,2000,2.18
161,2,2001,2.03
161,2,2002,1.91
161,2,2003,1.78
161,2,2004,1.65
161,2,2005,1.57
161,2,2006,1.49
161,2,2007,1.4
161,2,2008,1.32
161,2,2009,1.28
161,2,2010,1.22
161,2,2011,1.19
161,2,2012,1.11
161,2,2013,1.08
161,2,2014,1.02
161,2,2015,1.01
161,2,2016,0.99
161,2,2017,0.97
161,2,2018,0.95
161,2,2019,0.95
161,2,2020,0.95
161,2,2021,0.92
161,2,2022,0.85
161,2,2023,0.89
161,3,1980,2.03
161,3,1981,2.1
161,3,1982,2.22
161,3,1983,2.41
161,3,1984,2.6
161,3,1985,2.83
161,3,1986,3.01
161,3,1987,3.25
161,3,1988,3.51
161,3,1989,3.68
161,3,1990,3.89
161,3,1991,4.05
161,3,1992,4.11
161,3,1993,4.18
161,3,1994,4.21
161,3,1995,4.27
161,3,1996,4.23
161,3,1997,4.08
161,3,1998,3.97
161,3,1999,3.8
161,3,2000,3.61
161,3,2001,3.45
161,3,2002,3.25
161,3,2003,3.08
161,3,2004,2.86
161,3,2005,2.76
161,3,2006,2.7
161,3,2007,2.59
161,3,2008,2.53
161,3,2009,2.52
161,3,2010,2.5
161,3,2011,2.49
161,3,2012,2.37
161,3,2013,2.4
161,3,2014,2.38
161,3,2015,2.42
161,3,2016,2.46
161,3,2017,2.49
161,3,2018,2.45
161,3,2019,2.47
161,3,2020,2.29
161,3,2021,2.11
161,3,2022,2.18
161,3,2023,2.23
162,1,1980,3.28
162,1,1981,3.22
162,1,1982,3.16
162,1,1983,3.12
162,1,1984,3.09
162,1,1985,3.09
162,1,1986,3.06
162,1,1987,3.08
162,1,1988,3.09
162,1,1989,3.02
162,1,1990,2.95
162,1,1991,2.85
162,1,1992,2.84
162,1,1993,2.83
162,1,1994,2.82
162,1,1995,2.87
162,1,1996,2.86
162,1,1997,2.85
162,1,1998,2.87
162,1,1999,2.74
162,1,2000,2.87
162,1,2001,2.78
162,1,2002,2.56
162,1,2003,2.28
162,1,2004,2.18
162,1,2005,2.19
162,1,2006,2.13
162,1,2007,2.07
162,1,2008,2.03
162,1,2009,2.01
162,1,2010,1.97
162,1,2011,1.88
162,1,2012,1.79
162,1,2013,1.74
162,1,2014,1.67
162,1,2015,1.62
162,1,2016,1.58
162,1,2017,1.52
162,1,2018,1.45
162,1,2019,1.41
162,1,2020,1.4
162,1,2021,1.4
162,1,2022,1.41
162,1,2023,1.35
162,2,1980,1.35
162,2,1981,1.34
162,2,1982,1.32
162,2,1983,1.31
162,2,1984,1.28
162,2,1985,1.29
162,2,1986,1.28
162,2,1987,1.12
162,2,1988,1.12
162,2,1989,1.13
162,2,1990,1.32
162,2,1991,1.29
162,2,1992,1.29
162,2,1993,1.32
162,2,1994,1.34
162,2,1995,1.39
162,2,1996,1.41
162,2,1997,1.46
162,2,1998,1.45
162,2,1999,1.35
162,2,2000,1.46
162,2,2001,1.39
162,2,2002,1.26
162,2,2003,1.09
162,2,2004,1
162,2,2005,1
162,2,2006,0.95
162,2,2007,0.92
162,2,2008,0.9
162,2,2009,0.88
162,2,2010,0.87
162,2,2011,0.84
162,2,2012,0.82
162,2,2013,0.81
162,2,2014,0.8
162,2,2015,0.78
162,2,2016,0.77
162,2,2017,0.74
162,2,2018,0.71
162,2,2019,0.69
162,2,2020,0.69
162,2,2021,0.68
162,2,2022,0.69
162,2,2023,0.65
162,3,1980,2.35
162,3,1981,2.32
162,3,1982,2.28
162,3,1983,2.26
162,3,1984,2.24
162,3,1985,2.24
162,3,1986,2.23
162,3,1987,2.17
162,3,1988,2.18
162,3,1989,2.15
162,3,1990,2.2
162,3,1991,2.14
162,3,1992,2.14
162,3,1993,2.14
162,3,1994,2.13
162,3,1995,2.18
162,3,1996,2.19
162,3,1997,2.21
162,3,1998,2.22
162,3,1999,2.11
162,3,2000,2.23
162,3,2001,2.14
162,3,2002,1.97
162,3,2003,1.73
162,3,2004,1.64
162,3,2005,1.64
162,3,2006,1.59
162,3,2007,1.54
162,3,2008,1.51
162,3,2009,1.49
162,3,2010,1.46
162,3,2011,1.4
162,3,2012,1.34
162,3,2013,1.31
162,3,2014,1.27
162,3,2015,1.23
162,3,2016,1.2
162,3,2017,1.16
162,3,2018,1.1
162,3,2019,1.07
162,3,2020,1.07
162,3,2021,1.06
162,3,2022,1.07
162,3,2023,1.02
163,1,1980,8.04
163,1,1981,7.81
163,1,1982,7.73
163,1,1983,7.65
163,1,1984,8.51
163,1,1985,7.76
163,1,1986,7.73
163,1,1987,7.8
163,1,1988,7.72
163,1,1989,7.67
163,1,1990,7.79
163,1,1991,7.39
163,1,1992,7.31
163,1,1993,7.19
163,1,1994,7.04
163,1,1995,7.02
163,1,1996,6.98
163,1,1997,7
163,1,1998,7.15
163,1,1999,7.09
163,1,2000,6.96
163,1,2001,6.83
163,1,2002,6.92
163,1,2003,6.5
163,1,2004,6.36
163,1,2005,6.26
163,1,2006,6.18
163,1,2007,6.08
163,1,2008,5.99
163,1,2009,5.89
163,1,2010,5.69
163,1,2011,5.31
163,1,2012,4.98
163,1,2013,4.84
163,1,2014,4.69
163,1,2015,4.61
163,1,2016,4.58
163,1,2017,4.59
163,1,2018,4.47
163,1,2019,4.38
163,1,2020,4.48
163,1,2021,5.25
163,1,2022,4.53
163,1,2023,4.25
163,2,1980,3.13
163,2,1981,3.05
163,2,1982,3.01
163,2,1983,2.99
163,2,1984,3.29
163,2,1985,3
163,2,1986,2.98
163,2,1987,2.97
163,2,1988,2.92
163,2,1989,2.9
163,2,1990,2.93
163,2,1991,2.76
163,2,1992,2.71
163,2,1993,2.62
163,2,1994,2.53
163,2,1995,2.52
163,2,1996,2.49
163,2,1997,2.47
163,2,1998,2.47
163,2,1999,2.42
163,2,2000,2.36
163,2,2001,2.3
163,2,2002,2.3
163,2,2003,2.17
163,2,2004,2.1
163,2,2005,2.07
163,2,2006,2.03
163,2,2007,1.99
163,2,2008,1.94
163,2,2009,1.88
163,2,2010,1.8
163,2,2011,1.7
163,2,2012,1.61
163,2,2013,1.66
163,2,2014,1.69
163,2,2015,1.75
163,2,2016,1.81
163,2,2017,1.86
163,2,2018,1.86
163,2,2019,1.87
163,2,2020,1.93
163,2,2021,1.97
163,2,2022,1.9
163,2,2023,1.73
163,3,1980,5.67
163,3,1981,5.51
163,3,1982,5.46
163,3,1983,5.41
163,3,1984,6
163,3,1985,5.47
163,3,1986,5.45
163,3,1987,5.48
163,3,1988,5.41
163,3,1989,5.38
163,3,1990,5.45
163,3,1991,5.16
163,3,1992,5.1
163,3,1993,4.99
163,3,1994,4.87
163,3,1995,4.84
163,3,1996,4.81
163,3,1997,4.8
163,3,1998,4.87
163,3,1999,4.81
163,3,2000,4.72
163,3,2001,4.62
163,3,2002,4.66
163,3,2003,4.38
163,3,2004,4.27
163,3,2005,4.2
163,3,2006,4.14
163,3,2007,4.07
163,3,2008,4
163,3,2009,3.92
163,3,2010,3.78
163,3,2011,3.53
163,3,2012,3.32
163,3,2013,3.27
163,3,2014,3.21
163,3,2015,3.2
163,3,2016,3.21
163,3,2017,3.24
163,3,2018,3.18
163,3,2019,3.14
163,3,2020,3.22
163,3,2021,3.63
163,3,2022,3.22
163,3,2023,3
164,1,1980,1.57
164,1,1981,1.52
164,1,1982,1.51
164,1,1983,1.51
164,1,1984,1.54
164,1,1985,1.59
164,1,1986,1.62
164,1,1987,1.72
164,1,1988,1.8
164,1,1989,1.85
164,1,1990,1.95
164,1,1991,2.05
164,1,1992,2.16
164,1,1993,2.27
164,1,1994,2.41
164,1,1995,2.52
164,1,1996,2.61
164,1,1997,2.63
164,1,1998,2.79
164,1,1999,2.88
164,1,2000,2.94
164,1,2001,3.11
164,1,2002,3.23
164,1,2003,3.3
164,1,2004,3.42
164,1,2005,3.53
164,1,2006,3.57
164,1,2007,3.77
164,1,2008,3.66
164,1,2009,3.78
164,1,2010,3.73
164,1,2011,3.59
164,1,2012,3.48
164,1,2013,3.4
164,1,2014,3.3
164,1,2015,3.2
164,1,2016,3.15
164,1,2017,3.02
164,1,2018,2.88
164,1,2019,2.89
164,1,2020,2.87
164,1,2021,2.74
164,1,2022,2.47
164,1,2023,2.41
164,2,1980,1.02
164,2,1981,1.01
164,2,1982,1.01
164,2,1983,1.01
164,2,1984,1.02
164,2,1985,1.03
164,2,1986,1.04
164,2,1987,1.07
164,2,1988,1.1
164,2,1989,1.14
164,2,1990,1.18
164,2,1991,1.23
164,2,1992,1.26
164,2,1993,1.26
164,2,1994,1.26
164,2,1995,1.23
164,2,1996,1.19
164,2,1997,1.16
164,2,1998,1.14
164,2,1999,1.12
164,2,2000,1.1
164,2,2001,1.11
164,2,2002,1.11
164,2,2003,1.12
164,2,2004,1.13
164,2,2005,1.15
164,2,2006,1.13
164,2,2007,1.18
164,2,2008,1.09
164,2,2009,1.08
164,2,2010,1.05
164,2,2011,1.02
164,2,2012,1.01
164,2,2013,1.03
164,2,2014,1.03
164,2,2015,1.02
164,2,2016,1.03
164,2,2017,1
164,2,2018,0.97
164,2,2019,0.98
164,2,2020,0.99
164,2,2021,0.96
164,2,2022,0.86
164,2,2023,0.86
164,3,1980,1.3
164,3,1981,1.27
164,3,1982,1.26
164,3,1983,1.26
164,3,1984,1.28
164,3,1985,1.3
164,3,1986,1.33
164,3,1987,1.39
164,3,1988,1.45
164,3,1989,1.49
164,3,1990,1.56
164,3,1991,1.63
164,3,1992,1.7
164,3,1993,1.76
164,3,1994,1.82
164,3,1995,1.86
164,3,1996,1.89
164,3,1997,1.88
164,3,1998,1.95
164,3,1999,1.98
164,3,2000,2
164,3,2001,2.09
164,3,2002,2.14
164,3,2003,2.18
164,3,2004,2.23
164,3,2005,2.29
164,3,2006,2.29
164,3,2007,2.41
164,3,2008,2.3
164,3,2009,2.34
164,3,2010,2.3
164,3,2011,2.22
164,3,2012,2.16
164,3,2013,2.13
164,3,2014,2.09
164,3,2015,2.04
164,3,2016,2.02
164,3,2017,1.95
164,3,2018,1.87
164,3,2019,1.88
164,3,2020,1.88
164,3,2021,1.8
164,3,2022,1.63
164,3,2023,1.6
165,1,1980,3.61
165,1,1981,3.61
165,1,1982,3.57
165,1,1983,3.57
165,1,1984,3.65
165,1,1985,3.73
165,1,1986,3.7
165,1,1987,3.82
165,1,1988,3.91
165,1,1989,4.06
165,1,1990,4.45
165,1,1991,4.06
165,1,1992,4.13
165,1,1993,4.24
165,1,1994,4.31
165,1,1995,4.3
165,1,1996,4.3
165,1,1997,4.39
165,1,1998,4.52
165,1,1999,4.56
165,1,2000,4.6
165,1,2001,4.65
165,1,2002,4.7
165,1,2003,4.58
165,1,2004,4.59
165,1,2005,4.4
165,1,2006,4.39
165,1,2007,4.8
165,1,2008,4.93
165,1,2009,4.52
165,1,2010,4.51
165,1,2011,4.28
165,1,2012,4.13
165,1,2013,4.06
165,1,2014,3.95
165,1,2015,3.9
165,1,2016,3.96
165,1,2017,3.92
165,1,2018,3.91
165,1,2019,3.88
165,1,2020,3.92
165,1,2021,3.86
165,1,2022,3.55
165,1,2023,3.65
165,2,1980,1.93
165,2,1981,1.92
165,2,1982,1.9
165,2,1983,1.89
165,2,1984,1.89
165,2,1985,1.91
165,2,1986,1.92
165,2,1987,1.95
165,2,1988,1.96
165,2,1989,2.03
165,2,1990,2.16
165,2,1991,2.02
165,2,1992,2.05
165,2,1993,2.07
165,2,1994,2.09
165,2,1995,2.07
165,2,1996,2.04
165,2,1997,2.05
165,2,1998,2.04
165,2,1999,2.02
165,2,2000,2.03
165,2,2001,2.04
165,2,2002,2.05
165,2,2003,2.03
165,2,2004,2.03
165,2,2005,2.01
165,2,2006,1.99
165,2,2007,2.15
165,2,2008,2.24
165,2,2009,2.09
165,2,2010,2.07
165,2,2011,1.99
165,2,2012,1.94
165,2,2013,1.94
165,2,2014,1.94
165,2,2015,1.94
165,2,2016,1.95
165,2,2017,1.94
165,2,2018,1.93
165,2,2019,1.94
165,2,2020,2.14
165,2,2021,2.14
165,2,2022,1.76
165,2,2023,1.78
165,3,1980,2.83
165,3,1981,2.82
165,3,1982,2.78
165,3,1983,2.78
165,3,1984,2.82
165,3,1985,2.87
165,3,1986,2.86
165,3,1987,2.94
165,3,1988,2.99
165,3,1989,3.1
165,3,1990,3.37
165,3,1991,3.09
165,3,1992,3.15
165,3,1993,3.21
165,3,1994,3.26
165,3,1995,3.24
165,3,1996,3.22
165,3,1997,3.28
165,3,1998,3.34
165,3,1999,3.35
165,3,2000,3.37
165,3,2001,3.4
165,3,2002,3.43
165,3,2003,3.36
165,3,2004,3.36
165,3,2005,3.25
165,3,2006,3.23
165,3,2007,3.52
165,3,2008,3.62
165,3,2009,3.34
165,3,2010,3.33
165,3,2011,3.16
165,3,2012,3.06
165,3,2013,3.03
165,3,2014,2.97
165,3,2015,2.94
165,3,2016,2.98
165,3,2017,2.96
165,3,2018,2.95
165,3,2019,2.93
165,3,2020,3.06
165,3,2021,3.02
165,3,2022,2.69
165,3,2023,2.75
168,1,1980,11.53
168,1,1981,11.66
168,1,1982,11.69
168,1,1983,11.83
168,1,1984,11.59
168,1,1985,11.51
168,1,1986,11.74
168,1,1987,11.77
168,1,1988,11.53
168,1,1989,11.95
168,1,1990,11.39
168,1,1991,11.1
168,1,1992,10.86
168,1,1993,11.14
168,1,1994,11.26
168,1,1995,10.93
168,1,1996,9.8
168,1,1997,9.42
168,1,1998,9.98
168,1,1999,9.86
168,1,2000,9.58
168,1,2001,9.47
168,1,2002,9.34
168,1,2003,9.38
168,1,2004,9.4
168,1,2005,9.22
168,1,2006,9.02
168,1,2007,8.87
168,1,2008,8.61
168,1,2009,8.5
168,1,2010,8.33
168,1,2011,8.04
168,1,2012,7.93
168,1,2013,7.89
168,1,2014,7.68
168,1,2015,7.68
168,1,2016,7.6
168,1,2017,7.69
168,1,2018,7.68
168,1,2019,7.76
168,1,2020,7.97
168,1,2021,8.03
168,1,2022,7.69
168,1,2023,7.61
168,2,1980,3.34
168,2,1981,3.39
168,2,1982,3.45
168,2,1983,3.48
168,2,1984,3.43
168,2,1985,3.42
168,2,1986,3.49
168,2,1987,3.47
168,2,1988,3.41
168,2,1989,3.54
168,2,1990,3.36
168,2,1991,3.28
168,2,1992,3.2
168,2,1993,3.21
168,2,1994,3.22
168,2,1995,3.07
168,2,1996,2.72
168,2,1997,2.56
168,2,1998,2.7
168,2,1999,2.72
168,2,2000,2.66
168,2,2001,2.63
168,2,2002,2.64
168,2,2003,2.63
168,2,2004,2.69
168,2,2005,2.62
168,2,2006,2.58
168,2,2007,2.54
168,2,2008,2.51
168,2,2009,2.45
168,2,2010,2.4
168,2,2011,2.3
168,2,2012,2.23
168,2,2013,2.24
168,2,2014,2.22
168,2,2015,2.23
168,2,2016,2.16
168,2,2017,2.12
168,2,2018,2.11
168,2,2019,2.17
168,2,2020,2.28
168,2,2021,2.32
168,2,2022,2.21
168,2,2023,2.24
168,3,1980,7.59
168,3,1981,7.68
168,3,1982,7.71
168,3,1983,7.79
168,3,1984,7.62
168,3,1985,7.57
168,3,1986,7.71
168,3,1987,7.7
168,3,1988,7.54
168,3,1989,7.81
168,3,1990,7.43
168,3,1991,7.23
168,3,1992,7.06
168,3,1993,7.19
168,3,1994,7.24
168,3,1995,6.99
168,3,1996,6.25
168,3,1997,5.97
168,3,1998,6.31
168,3,1999,6.25
168,3,2000,6.07
168,3,2001,5.99
168,3,2002,5.92
168,3,2003,5.92
168,3,2004,5.96
168,3,2005,5.82
168,3,2006,5.7
168,3,2007,5.59
168,3,2008,5.44
168,3,2009,5.35
168,3,2010,5.24
168,3,2011,5.05
168,3,2012,4.95
168,3,2013,4.93
168,3,2014,4.82
168,3,2015,4.82
168,3,2016,4.74
168,3,2017,4.77
168,3,2018,4.76
168,3,2019,4.82
168,3,2020,4.98
168,3,2021,5.03
168,3,2022,4.81
168,3,2023,4.79
169,1,1980,16.57
169,1,1981,16.8
169,1,1982,16.93
169,1,1983,16.62
169,1,1984,16.65
169,1,1985,16.68
169,1,1986,17.52
169,1,1987,17.93
169,1,1988,17.56
169,1,1989,17.54
169,1,1990,17.65
169,1,1991,18.06
169,1,1992,17.97
169,1,1993,18.86
169,1,1994,19.05
169,1,1995,18.69
169,1,1996,19.26
169,1,1997,18.92
169,1,1998,19.39
169,1,1999,19.14
169,1,2000,18.56
169,1,2001,18.37
169,1,2002,18.63
169,1,2003,18.5
169,1,2004,18.22
169,1,2005,18.12
169,1,2006,18.13
169,1,2007,18.14
169,1,2008,17.48
169,1,2009,17.72
169,1,2010,18.26
169,1,2011,20.58
169,1,2012,17.53
169,1,2013,31.78
169,1,2014,57.37
169,1,2015,29.21
169,1,2016,27.49
169,1,2017,58.36
169,1,2018,31.39
169,1,2019,21.24
169,1,2020,28.05
169,1,2021,22.53
169,1,2022,21.62
169,1,2023,21.02
169,2,1980,4.85
169,2,1981,4.93
169,2,1982,4.99
169,2,1983,4.92
169,2,1984,5.01
169,2,1985,4.98
169,2,1986,5.17
169,2,1987,5.19
169,2,1988,5.07
169,2,1989,5.03
169,2,1990,4.99
169,2,1991,5.11
169,2,1992,5.07
169,2,1993,5.27
169,2,1994,5.32
169,2,1995,5.25
169,2,1996,5.44
169,2,1997,5.36
169,2,1998,5.49
169,2,1999,5.5
169,2,2000,5.35
169,2,2001,5.3
169,2,2002,5.31
169,2,2003,5.22
169,2,2004,5.13
169,2,2005,5.05
169,2,2006,5.04
169,2,2007,4.98
169,2,2008,4.78
169,2,2009,4.78
169,2,2010,4.89
169,2,2011,5.37
169,2,2012,4.63
169,2,2013,7.76
169,2,2014,13.52
169,2,2015,7.14
169,2,2016,6.74
169,2,2017,13.75
169,2,2018,7.62
169,2,2019,5.29
169,2,2020,6.89
169,2,2021,5.67
169,2,2022,5.46
169,2,2023,5.43
169,3,1980,10.36
169,3,1981,10.53
169,3,1982,10.64
169,3,1983,10.47
169,3,1984,10.54
169,3,1985,10.56
169,3,1986,11.1
169,3,1987,11.31
169,3,1988,11.08
169,3,1989,11.06
169,3,1990,11.1
169,3,1991,11.38
169,3,1992,11.32
169,3,1993,11.87
169,3,1994,12.01
169,3,1995,11.81
169,3,1996,12.2
169,3,1997,12
169,3,1998,12.31
169,3,1999,12.21
169,3,2000,11.87
169,3,2001,11.76
169,3,2002,11.89
169,3,2003,11.79
169,3,2004,11.61
169,3,2005,11.52
169,3,2006,11.52
169,3,2007,11.49
169,3,2008,11.06
169,3,2009,11.16
169,3,2010,11.48
169,3,2011,12.87
169,3,2012,10.99
169,3,2013,19.62
169,3,2014,35.15
169,3,2015,17.95
169,3,2016,16.85
169,3,2017,35.48
169,3,2018,19.17
169,3,2019,13.02
169,3,2020,17.14
169,3,2021,13.84
169,3,2022,13.28
169,3,2023,12.97
170,1,1980,11.82
170,1,1981,10.82
170,1,1982,10.91
170,1,1983,11.79
170,1,1984,11.07
170,1,1985,10.86
170,1,1986,10.45
170,1,1987,10.94
170,1,1988,11.14
170,1,1989,10.33
170,1,1990,10.48
170,1,1991,10.27
170,1,1992,10.3
170,1,1993,10.38
170,1,1994,11.32
170,1,1995,11.36
170,1,1996,11.34
170,1,1997,12.14
170,1,1998,11.23
170,1,1999,11.26
170,1,2000,10.91
170,1,2001,10.09
170,1,2002,9.81
170,1,2003,10.05
170,1,2004,9.77
170,1,2005,9.8
170,1,2006,9.55
170,1,2007,9.4
170,1,2008,9.26
170,1,2009,9.1
170,1,2010,8.81
170,1,2011,8.1
170,1,2012,7.91
170,1,2013,7.76
170,1,2014,7.68
170,1,2015,7.69
170,1,2016,7.84
170,1,2017,7.92
170,1,2018,8.08
170,1,2019,8.24
170,1,2020,8.51
170,1,2021,9.03
170,1,2022,8.95
170,1,2023,8.96
170,2,1980,4.67
170,2,1981,4.35
170,2,1982,4.39
170,2,1983,4.65
170,2,1984,4.36
170,2,1985,4.28
170,2,1986,4.1
170,2,1987,4.2
170,2,1988,4.24
170,2,1989,3.95
170,2,1990,3.91
170,2,1991,3.78
170,2,1992,3.78
170,2,1993,3.72
170,2,1994,4.09
170,2,1995,4.06
170,2,1996,4.05
170,2,1997,4.21
170,2,1998,3.84
170,2,1999,3.87
170,2,2000,3.75
170,2,2001,3.42
170,2,2002,3.3
170,2,2003,3.33
170,2,2004,3.25
170,2,2005,3.27
170,2,2006,3.2
170,2,2007,3.17
170,2,2008,3.17
170,2,2009,3.12
170,2,2010,2.97
170,2,2011,2.8
170,2,2012,2.68
170,2,2013,2.57
170,2,2014,2.51
170,2,2015,2.48
170,2,2016,2.49
170,2,2017,2.49
170,2,2018,2.52
170,2,2019,2.56
170,2,2020,2.62
170,2,2021,2.72
170,2,2022,2.68
170,2,2023,2.76
170,3,1980,8.07
170,3,1981,7.43
170,3,1982,7.5
170,3,1983,8.07
170,3,1984,7.58
170,3,1985,7.44
170,3,1986,7.16
170,3,1987,7.46
170,3,1988,7.58
170,3,1989,7.05
170,3,1990,7.11
170,3,1991,6.95
170,3,1992,6.97
170,3,1993,6.99
170,3,1994,7.64
170,3,1995,7.66
170,3,1996,7.65
170,3,1997,8.13
170,3,1998,7.49
170,3,1999,7.52
170,3,2000,7.29
170,3,2001,6.71
170,3,2002,6.52
170,3,2003,6.65
170,3,2004,6.46
170,3,2005,6.49
170,3,2006,6.33
170,3,2007,6.24
170,3,2008,6.17
170,3,2009,6.07
170,3,2010,5.84
170,3,2011,5.4
170,3,2012,5.24
170,3,2013,5.11
170,3,2014,5.04
170,3,2015,5.03
170,3,2016,5.11
170,3,2017,5.15
170,3,2018,5.25
170,3,2019,5.35
170,3,2020,5.51
170,3,2021,5.82
170,3,2022,5.77
170,3,2023,5.82
171,1,1980,7.31
171,1,1981,7.33
171,1,1982,7.36
171,1,1983,7.45
171,1,1984,7.36
171,1,1985,7.58
171,1,1986,7.34
171,1,1987,7.41
171,1,1988,7.41
171,1,1989,7.39
171,1,1990,7.63
171,1,1991,7.83
171,1,1992,7.93
171,1,1993,23.13
171,1,1994,8.68
171,1,1995,10.47
171,1,1996,9.36
171,1,1997,9.33
171,1,1998,10.32
171,1,1999,15.85
171,1,2000,13.34
171,1,2001,11.62
171,1,2002,20.18
171,1,2003,12.81
171,1,2004,9.34
171,1,2005,9.21
171,1,2006,9
171,1,2007,8.97
171,1,2008,9.16
171,1,2009,9.04
171,1,2010,9.09
171,1,2011,9.04
171,1,2012,9.48
171,1,2013,9.24
171,1,2014,9.34
171,1,2015,8.64
171,1,2016,10.27
171,1,2017,10.2
171,1,2018,12.2
171,1,2019,8.36
171,1,2020,9.84
171,1,2021,9.29
171,1,2022,9.68
171,1,2023,7.82
171,2,1980,2.93
171,2,1981,2.97
171,2,1982,3.01
171,2,1983,3.06
171,2,1984,3.07
171,2,1985,3.19
171,2,1986,3.09
171,2,1987,3.07
171,2,1988,3.05
171,2,1989,2.99
171,2,1990,3.01
171,2,1991,3.04
171,2,1992,3.01
171,2,1993,6.37
171,2,1994,3.09
171,2,1995,3.47
171,2,1996,3.2
171,2,1997,3.12
171,2,1998,3.32
171,2,1999,4.6
171,2,2000,4.06
171,2,2001,3.69
171,2,2002,5.64
171,2,2003,4.03
171,2,2004,3.29
171,2,2005,3.3
171,2,2006,3.32
171,2,2007,3.35
171,2,2008,3.43
171,2,2009,3.44
171,2,2010,3.46
171,2,2011,3.48
171,2,2012,3.63
171,2,2013,3.63
171,2,2014,3.71
171,2,2015,3.55
171,2,2016,3.88
171,2,2017,3.85
171,2,2018,4.29
171,2,2019,3.4
171,2,2020,3.76
171,2,2021,3.62
171,2,2022,3.53
171,2,2023,3.11
171,3,1980,5.02
171,3,1981,5.06
171,3,1982,5.1
171,3,1983,5.17
171,3,1984,5.14
171,3,1985,5.32
171,3,1986,5.15
171,3,1987,5.18
171,3,1988,5.18
171,3,1989,5.15
171,3,1990,5.28
171,3,1991,5.4
171,3,1992,5.44
171,3,1993,14.57
171,3,1994,5.86
171,3,1995,6.93
171,3,1996,6.26
171,3,1997,6.2
171,3,1998,6.8
171,3,1999,10.18
171,3,2000,8.68
171,3,2001,7.65
171,3,2002,12.87
171,3,2003,8.42
171,3,2004,6.33
171,3,2005,6.27
171,3,2006,6.18
171,3,2007,6.18
171,3,2008,6.32
171,3,2009,6.26
171,3,2010,6.3
171,3,2011,6.29
171,3,2012,6.58
171,3,2013,6.46
171,3,2014,6.55
171,3,2015,6.12
171,3,2016,7.11
171,3,2017,7.06
171,3,2018,8.29
171,3,2019,5.91
171,3,2020,6.84
171,3,2021,6.49
171,3,2022,6.65
171,3,2023,5.5
172,1,1980,15.34
172,1,1981,15.4
172,1,1982,15.09
172,1,1983,15.22
172,1,1984,15.5
172,1,1985,15.62
172,1,1986,14.48
172,1,1987,14.22
172,1,1988,15.93
172,1,1989,16.08
172,1,1990,16.21
172,1,1991,16.27
172,1,1992,15.91
172,1,1993,15.88
172,1,1994,15.42
172,1,1995,15.59
172,1,1996,14.88
172,1,1997,13.1
172,1,1998,12.01
172,1,1999,10.89
172,1,2000,9.89
172,1,2001,8.73
172,1,2002,7.85
172,1,2003,7.34
172,1,2004,6.83
172,1,2005,6.4
172,1,2006,6.09
172,1,2007,5.79
172,1,2008,5.48
172,1,2009,5.54
172,1,2010,5.67
172,1,2011,5.32
172,1,2012,4.93
172,1,2013,4.85
172,1,2014,4.88
172,1,2015,4.88
172,1,2016,5.15
172,1,2017,5.37
172,1,2018,5.5
172,1,2019,5.75
172,1,2020,6.46
172,1,2021,6.78
172,1,2022,6.67
172,1,2023,6.79
172,2,1980,4.54
172,2,1981,4.57
172,2,1982,4.48
172,2,1983,4.49
172,2,1984,4.54
172,2,1985,4.52
172,2,1986,4.2
172,2,1987,4.14
172,2,1988,4.54
172,2,1989,4.59
172,2,1990,4.59
172,2,1991,4.58
172,2,1992,4.46
172,2,1993,4.42
172,2,1994,4.26
172,2,1995,4.25
172,2,1996,4.09
172,2,1997,3.69
172,2,1998,3.4
172,2,1999,3.19
172,2,2000,2.96
172,2,2001,2.67
172,2,2002,2.42
172,2,2003,2.27
172,2,2004,2.13
172,2,2005,2.04
172,2,2006,1.98
172,2,2007,1.91
172,2,2008,1.85
172,2,2009,1.82
172,2,2010,1.69
172,2,2011,1.57
172,2,2012,1.59
172,2,2013,1.61
172,2,2014,1.67
172,2,2015,1.62
172,2,2016,1.66
172,2,2017,1.83
172,2,2018,1.92
172,2,2019,1.98
172,2,2020,2.13
172,2,2021,2.22
172,2,2022,2.04
172,2,2023,2.09
172,3,1980,9.62
172,3,1981,9.64
172,3,1982,9.43
172,3,1983,9.48
172,3,1984,9.6
172,3,1985,9.63
172,3,1986,8.91
172,3,1987,8.74
172,3,1988,9.73
172,3,1989,9.81
172,3,1990,9.86
172,3,1991,9.87
172,3,1992,9.64
172,3,1993,9.6
172,3,1994,9.3
172,3,1995,9.38
172,3,1996,8.98
172,3,1997,7.96
172,3,1998,7.32
172,3,1999,6.7
172,3,2000,6.14
172,3,2001,5.45
172,3,2002,4.93
172,3,2003,4.62
172,3,2004,4.32
172,3,2005,4.09
172,3,2006,3.92
172,3,2007,3.75
172,3,2008,3.59
172,3,2009,3.61
172,3,2010,3.61
172,3,2011,3.41
172,3,2012,3.25
172,3,2013,3.23
172,3,2014,3.3
172,3,2015,3.28
172,3,2016,3.46
172,3,2017,3.67
172,3,2018,3.79
172,3,2019,3.96
172,3,2020,4.43
172,3,2021,4.65
172,3,2022,4.52
172,3,2023,4.61
173,1,1980,4.57
173,1,1981,4.74
173,1,1982,5.23
173,1,1983,6.03
173,1,1984,5.93
173,1,1985,6.11
173,1,1986,6.1
173,1,1987,6.37
173,1,1988,6.44
173,1,1989,6.48
173,1,1990,6.22
173,1,1991,6.36
173,1,1992,6.33
173,1,1993,6.02
173,1,1994,6.02
173,1,1995,6.3
173,1,1996,6.08
173,1,1997,6.15
173,1,1998,6.18
173,1,1999,5.86
173,1,2000,5.98
173,1,2001,6.13
173,1,2002,6.36
173,1,2003,6.47
173,1,2004,6.49
173,1,2005,6.76
173,1,2006,6.78
173,1,2007,6.89
173,1,2008,6.82
173,1,2009,6.84
173,1,2010,6.68
173,1,2011,6.54
173,1,2012,6.43
173,1,2013,6.4
173,1,2014,6.51
173,1,2015,6.57
173,1,2016,6.58
173,1,2017,6.53
173,1,2018,6.42
173,1,2019,6.41
173,1,2020,6.47
173,1,2021,6.44
173,1,2022,6.35
173,1,2023,6.31
173,2,1980,1.75
173,2,1981,1.83
173,2,1982,2.01
173,2,1983,2.29
173,2,1984,2.23
173,2,1985,2.28
173,2,1986,2.28
173,2,1987,2.36
173,2,1988,2.37
173,2,1989,2.36
173,2,1990,2.21
173,2,1991,2.24
173,2,1992,2.21
173,2,1993,2.06
173,2,1994,2.05
173,2,1995,2.09
173,2,1996,2.02
173,2,1997,2.02
173,2,1998,1.99
173,2,1999,1.92
173,2,2000,1.94
173,2,2001,1.99
173,2,2002,2.02
173,2,2003,2.03
173,2,2004,2.04
173,2,2005,2.11
173,2,2006,2.15
173,2,2007,2.11
173,2,2008,2.08
173,2,2009,2.06
173,2,2010,1.98
173,2,2011,1.92
173,2,2012,1.94
173,2,2013,2.01
173,2,2014,2.04
173,2,2015,2.04
173,2,2016,1.98
173,2,2017,1.92
173,2,2018,1.87
173,2,2019,1.87
173,2,2020,1.92
173,2,2021,1.92
173,2,2022,1.85
173,2,2023,1.86
173,3,1980,3.14
173,3,1981,3.28
173,3,1982,3.62
173,3,1983,4.16
173,3,1984,4.09
173,3,1985,4.21
173,3,1986,4.2
173,3,1987,4.38
173,3,1988,4.42
173,3,1989,4.43
173,3,1990,4.22
173,3,1991,4.31
173,3,1992,4.27
173,3,1993,4.04
173,3,1994,4.03
173,3,1995,4.18
173,3,1996,4.04
173,3,1997,4.07
173,3,1998,4.07
173,3,1999,3.87
173,3,2000,3.93
173,3,2001,4.03
173,3,2002,4.16
173,3,2003,4.22
173,3,2004,4.23
173,3,2005,4.39
173,3,2006,4.42
173,3,2007,4.45
173,3,2008,4.39
173,3,2009,4.39
173,3,2010,4.26
173,3,2011,4.16
173,3,2012,4.11
173,3,2013,4.13
173,3,2014,4.19
173,3,2015,4.21
173,3,2016,4.19
173,3,2017,4.13
173,3,2018,4.05
173,3,2019,4.04
173,3,2020,4.09
173,3,2021,4.08
173,3,2022,3.99
173,3,2023,3.98
175,1,1980,2.99
175,1,1981,2.98
175,1,1982,2.99
175,1,1983,3.01
175,1,1984,2.93
175,1,1985,3.01
175,1,1986,3.02
175,1,1987,3.03
175,1,1988,2.96
175,1,1989,2.91
175,1,1990,2.92
175,1,1991,2.85
175,1,1992,2.83
175,1,1993,15.65
175,1,1994,2.83
175,1,1995,2.8
175,1,1996,2.82
175,1,1997,3.08
175,1,1998,2.85
175,1,1999,2.77
175,1,2000,2.79
175,1,2001,2.71
175,1,2002,2.76
175,1,2003,3.11
175,1,2004,3.34
175,1,2005,2.73
175,1,2006,2.65
175,1,2007,2.95
175,1,2008,2.54
175,1,2009,2.52
175,1,2010,2.51
175,1,2011,2.44
175,1,2012,2.42
175,1,2013,2.39
175,1,2014,2.38
175,1,2015,2.37
175,1,2016,2.38
175,1,2017,2.39
175,1,2018,3.37
175,1,2019,2.8
175,1,2020,2.5
175,1,2021,2.51
175,1,2022,2.49
175,1,2023,2.53
175,2,1980,0.8
175,2,1981,0.8
175,2,1982,0.82
175,2,1983,0.82
175,2,1984,0.82
175,2,1985,0.84
175,2,1986,0.85
175,2,1987,0.85
175,2,1988,0.84
175,2,1989,0.83
175,2,1990,0.82
175,2,1991,0.81
175,2,1992,0.8
175,2,1993,3.71
175,2,1994,0.81
175,2,1995,0.8
175,2,1996,0.81
175,2,1997,0.87
175,2,1998,0.8
175,2,1999,0.79
175,2,2000,0.78
175,2,2001,0.76
175,2,2002,0.77
175,2,2003,0.83
175,2,2004,0.87
175,2,2005,0.72
175,2,2006,0.7
175,2,2007,0.76
175,2,2008,0.66
175,2,2009,0.66
175,2,2010,0.66
175,2,2011,0.65
175,2,2012,0.65
175,2,2013,0.64
175,2,2014,0.63
175,2,2015,0.62
175,2,2016,0.6
175,2,2017,0.6
175,2,2018,0.82
175,2,2019,0.68
175,2,2020,0.61
175,2,2021,0.61
175,2,2022,0.62
175,2,2023,0.65
175,3,1980,1.85
175,3,1981,1.85
175,3,1982,1.87
175,3,1983,1.88
175,3,1984,1.84
175,3,1985,1.89
175,3,1986,1.9
175,3,1987,1.9
175,3,1988,1.86
175,3,1989,1.83
175,3,1990,1.83
175,3,1991,1.79
175,3,1992,1.78
175,3,1993,9.45
175,3,1994,1.77
175,3,1995,1.75
175,3,1996,1.78
175,3,1997,1.93
175,3,1998,1.78
175,3,1999,1.74
175,3,2000,1.75
175,3,2001,1.7
175,3,2002,1.73
175,3,2003,1.94
175,3,2004,2.07
175,3,2005,1.7
175,3,2006,1.65
175,3,2007,1.84
175,3,2008,1.59
175,3,2009,1.58
175,3,2010,1.58
175,3,2011,1.54
175,3,2012,1.53
175,3,2013,1.51
175,3,2014,1.5
175,3,2015,1.49
175,3,2016,1.49
175,3,2017,1.48
175,3,2018,2.09
175,3,2019,1.73
175,3,2020,1.55
175,3,2021,1.56
175,3,2022,1.55
175,3,2023,1.59
176,1,1980,10.61
176,1,1981,10.8
176,1,1982,10.91
176,1,1983,10.89
176,1,1984,10.86
176,1,1985,10.93
176,1,1986,10.9
176,1,1987,11.15
176,1,1988,11.23
176,1,1989,11.33
176,1,1990,11.85
176,1,1991,12.24
176,1,1992,12.6
176,1,1993,12.93
176,1,1994,13.39
176,1,1995,13.72
176,1,1996,14.12
176,1,1997,14.48
176,1,1998,28.97
176,1,1999,14.78
176,1,2000,15.3
176,1,2001,15.62
176,1,2002,16.13
176,1,2003,15.94
176,1,2004,15.16
176,1,2005,15.48
176,1,2006,14.55
176,1,2007,15.37
176,1,2008,15.12
176,1,2009,14.44
176,1,2010,14.82
176,1,2011,14.67
176,1,2012,14.26
176,1,2013,14.07
176,1,2014,14.29
176,1,2015,14.24
176,1,2016,14.13
176,1,2017,14.03
176,1,2018,13.46
176,1,2019,13.59
176,1,2020,13.67
176,1,2021,14.73
176,1,2022,13.3
176,1,2023,13.08
176,2,1980,3.64
176,2,1981,3.7
176,2,1982,3.74
176,2,1983,3.74
176,2,1984,3.77
176,2,1985,3.76
176,2,1986,3.7
176,2,1987,3.76
176,2,1988,3.76
176,2,1989,3.8
176,2,1990,3.95
176,2,1991,4.08
176,2,1992,4.2
176,2,1993,4.3
176,2,1994,4.44
176,2,1995,4.51
176,2,1996,4.64
176,2,1997,4.71
176,2,1998,8.01
176,2,1999,4.88
176,2,2000,5.11
176,2,2001,5.22
176,2,2002,5.45
176,2,2003,5.5
176,2,2004,5.21
176,2,2005,5.44
176,2,2006,5.08
176,2,2007,5.5
176,2,2008,5.44
176,2,2009,5
176,2,2010,5.04
176,2,2011,4.95
176,2,2012,4.78
176,2,2013,4.71
176,2,2014,4.95
176,2,2015,4.93
176,2,2016,4.85
176,2,2017,4.79
176,2,2018,4.59
176,2,2019,4.61
176,2,2020,4.58
176,2,2021,4.64
176,2,2022,4.57
176,2,2023,4.61
176,3,1980,6.99
176,3,1981,7.12
176,3,1982,7.19
176,3,1983,7.19
176,3,1984,7.19
176,3,1985,7.22
176,3,1986,7.17
176,3,1987,7.33
176,3,1988,7.37
176,3,1989,7.45
176,3,1990,7.78
176,3,1991,8.03
176,3,1992,8.28
176,3,1993,8.5
176,3,1994,8.8
176,3,1995,9.01
176,3,1996,9.27
176,3,1997,9.48
176,3,1998,18.27
176,3,1999,9.73
176,3,2000,10.11
176,3,2001,10.32
176,3,2002,10.69
176,3,2003,10.62
176,3,2004,10.1
176,3,2005,10.37
176,3,2006,9.73
176,3,2007,10.34
176,3,2008,10.19
176,3,2009,9.63
176,3,2010,9.84
176,3,2011,9.72
176,3,2012,9.44
176,3,2013,9.31
176,3,2014,9.55
176,3,2015,9.52
176,3,2016,9.43
176,3,2017,9.36
176,3,2018,8.99
176,3,2019,9.07
176,3,2020,9.1
176,3,2021,9.66
176,3,2022,8.92
176,3,2023,8.84
177,1,1980,11.59
177,1,1981,11.75
177,1,1982,11.98
177,1,1983,12.36
177,1,1984,12.46
177,1,1985,12.89
177,1,1986,13.19
177,1,1987,14.12
177,1,1988,14.93
177,1,1989,16.16
177,1,1990,16.96
177,1,1991,21.85
177,1,1992,16.81
177,1,1993,19.15
177,1,1994,18.44
177,1,1995,26.06
177,1,1996,21.26
177,1,1997,21.49
177,1,1998,23.23
177,1,1999,23.78
177,1,2000,24.62
177,1,2001,25.52
177,1,2002,26.7
177,1,2003,26.2
177,1,2004,27.5
177,1,2005,27.31
177,1,2006,26.84
177,1,2007,26.88
177,1,2008,26.35
177,1,2009,25.86
177,1,2010,25.67
177,1,2011,25.08
177,1,2012,24.48
177,1,2013,23.96
177,1,2014,22.85
177,1,2015,23.14
177,1,2016,22.96
177,1,2017,22.85
177,1,2018,21.37
177,1,2019,21.12
177,1,2020,20.31
177,1,2021,20.48
177,1,2022,20.09
177,1,2023,20.12
177,2,1980,3.48
177,2,1981,3.57
177,2,1982,3.66
177,2,1983,3.77
177,2,1984,3.83
177,2,1985,3.94
177,2,1986,3.99
177,2,1987,4.19
177,2,1988,4.34
177,2,1989,4.61
177,2,1990,4.69
177,2,1991,5.71
177,2,1992,4.6
177,2,1993,5.31
177,2,1994,4.88
177,2,1995,6.68
177,2,1996,5.5
177,2,1997,5.42
177,2,1998,5.76
177,2,1999,5.84
177,2,2000,6
177,2,2001,6.16
177,2,2002,6.35
177,2,2003,6.19
177,2,2004,6.59
177,2,2005,6.59
177,2,2006,6.56
177,2,2007,6.71
177,2,2008,6.68
177,2,2009,6.56
177,2,2010,6.58
177,2,2011,6.47
177,2,2012,6.37
177,2,2013,6.31
177,2,2014,6.09
177,2,2015,6.23
177,2,2016,6.2
177,2,2017,6.32
177,2,2018,6.02
177,2,2019,5.98
177,2,2020,5.86
177,2,2021,6.01
177,2,2022,5.97
177,2,2023,6
177,3,1980,7.61
177,3,1981,7.78
177,3,1982,7.97
177,3,1983,8.21
177,3,1984,8.3
177,3,1985,8.58
177,3,1986,8.75
177,3,1987,9.35
177,3,1988,9.85
177,3,1989,10.61
177,3,1990,11.11
177,3,1991,14.3
177,3,1992,11.19
177,3,1993,12.74
177,3,1994,12.1
177,3,1995,17
177,3,1996,13.87
177,3,1997,13.95
177,3,1998,15.04
177,3,1999,15.39
177,3,2000,15.92
177,3,2001,16.48
177,3,2002,17.19
177,3,2003,16.84
177,3,2004,17.73
177,3,2005,17.61
177,3,2006,17.31
177,3,2007,17.39
177,3,2008,17.08
177,3,2009,16.76
177,3,2010,16.66
177,3,2011,16.31
177,3,2012,15.96
177,3,2013,15.67
177,3,2014,14.98
177,3,2015,15.21
177,3,2016,15.12
177,3,2017,15.12
177,3,2018,14.21
177,3,2019,14.07
177,3,2020,13.59
177,3,2021,13.76
177,3,2022,13.54
177,3,2023,13.58
178,1,1980,38.26
178,1,1981,38.13
178,1,1982,37.88
178,1,1983,38.16
178,1,1984,38.73
178,1,1985,38.51
178,1,1986,38.72
178,1,1987,38.8
178,1,1988,38.44
178,1,1989,38.04
178,1,1990,38.55
178,1,1991,38.21
178,1,1992,36.96
178,1,1993,36.79
178,1,1994,36.71
178,1,1995,37.33
178,1,1996,37.11
178,1,1997,37.14
178,1,1998,37.4
178,1,1999,38.45
178,1,2000,40.46
178,1,2001,40.94
178,1,2002,44.09
178,1,2003,44.58
178,1,2004,45.75
178,1,2005,45.7
178,1,2006,46.31
178,1,2007,46.36
178,1,2008,47.68
178,1,2009,48.6
178,1,2010,47.85
178,1,2011,46.35
178,1,2012,45.94
178,1,2013,46.09
178,1,2014,44.41
178,1,2015,45.29
178,1,2016,45.21
178,1,2017,45.53
178,1,2018,45.02
178,1,2019,44.59
178,1,2020,44.43
178,1,2021,46.08
178,1,2022,42.92
178,1,2023,42.66
178,2,1980,6.92
178,2,1981,6.92
178,2,1982,6.95
178,2,1983,7.02
178,2,1984,7.11
178,2,1985,7.13
178,2,1986,7.19
178,2,1987,7.24
178,2,1988,7.26
178,2,1989,7.29
178,2,1990,7.35
178,2,1991,7.3
178,2,1992,7.21
178,2,1993,7.12
178,2,1994,7.05
178,2,1995,7.11
178,2,1996,7.18
178,2,1997,7.28
178,2,1998,7.43
178,2,1999,7.64
178,2,2000,8.12
178,2,2001,8.41
178,2,2002,9.02
178,2,2003,9.24
178,2,2004,9.6
178,2,2005,9.76
178,2,2006,10
178,2,2007,10.21
178,2,2008,10.54
178,2,2009,10.68
178,2,2010,10.65
178,2,2011,10.46
178,2,2012,10.39
178,2,2013,10.51
178,2,2014,10.42
178,2,2015,10.65
178,2,2016,10.73
178,2,2017,10.91
178,2,2018,10.99
178,2,2019,11.09
178,2,2020,11.26
178,2,2021,11.85
178,2,2022,10.98
178,2,2023,10.82
178,3,1980,21.81
178,3,1981,21.74
178,3,1982,21.63
178,3,1983,21.81
178,3,1984,22.14
178,3,1985,22.06
178,3,1986,22.21
178,3,1987,22.31
178,3,1988,22.18
178,3,1989,22.04
178,3,1990,22.36
178,3,1991,22.22
178,3,1992,21.63
178,3,1993,21.59
178,3,1994,21.61
178,3,1995,22.04
178,3,1996,22.04
178,3,1997,22.17
178,3,1998,22.44
178,3,1999,23.12
178,3,2000,24.4
178,3,2001,24.83
178,3,2002,26.78
178,3,2003,27.17
178,3,2004,27.99
178,3,2005,28.08
178,3,2006,28.54
178,3,2007,28.69
178,3,2008,29.55
178,3,2009,30.1
178,3,2010,29.72
178,3,2011,28.88
178,3,2012,28.64
178,3,2013,28.79
178,3,2014,27.89
178,3,2015,28.46
178,3,2016,28.46
178,3,2017,28.72
178,3,2018,28.51
178,3,2019,28.34
178,3,2020,28.35
178,3,2021,29.49
178,3,2022,27.45
178,3,2023,27.23
179,1,1980,38.21
179,1,1981,37.96
179,1,1982,37.49
179,1,1983,37.01
179,1,1984,36.71
179,1,1985,36.79
179,1,1986,37.18
179,1,1987,37.88
179,1,1988,37.91
179,1,1989,37.88
179,1,1990,38.49
179,1,1991,38.93
179,1,1992,41.6
179,1,1993,39.02
179,1,1994,39.59
179,1,1995,42.95
179,1,1996,38.72
179,1,1997,38.11
179,1,1998,38.93
179,1,1999,36.52
179,1,2000,36.4
179,1,2001,34.95
179,1,2002,35.67
179,1,2003,33.75
179,1,2004,31.7
179,1,2005,30.99
179,1,2006,30.62
179,1,2007,28.94
179,1,2008,28.28
179,1,2009,27.25
179,1,2010,25.77
179,1,2011,24.79
179,1,2012,24.71
179,1,2013,23.63
179,1,2014,23.17
179,1,2015,22.94
179,1,2016,22.72
179,1,2017,22.24
179,1,2018,21.7
179,1,2019,20.53
179,1,2020,18.63
179,1,2021,17.38
179,1,2022,17.8
179,1,2023,17.58
179,2,1980,12.4
179,2,1981,12.38
179,2,1982,12.34
179,2,1983,12.23
179,2,1984,12.2
179,2,1985,12.35
179,2,1986,12.36
179,2,1987,12.38
179,2,1988,12.27
179,2,1989,12.18
179,2,1990,12.13
179,2,1991,12.07
179,2,1992,12.58
179,2,1993,11.92
179,2,1994,11.97
179,2,1995,12.68
179,2,1996,11.74
179,2,1997,11.48
179,2,1998,11.54
179,2,1999,10.99
179,2,2000,10.96
179,2,2001,10.6
179,2,2002,10.72
179,2,2003,10.36
179,2,2004,9.91
179,2,2005,9.79
179,2,2006,9.73
179,2,2007,9.39
179,2,2008,9.2
179,2,2009,8.77
179,2,2010,8.3
179,2,2011,7.91
179,2,2012,7.65
179,2,2013,7.32
179,2,2014,7.3
179,2,2015,7.25
179,2,2016,7.24
179,2,2017,7.09
179,2,2018,6.97
179,2,2019,6.72
179,2,2020,6.43
179,2,2021,6.18
179,2,2022,5.97
179,2,2023,5.9
179,3,1980,25.3
179,3,1981,25.07
179,3,1982,24.78
179,3,1983,24.5
179,3,1984,24.31
179,3,1985,24.38
179,3,1986,24.56
179,3,1987,24.9
179,3,1988,24.86
179,3,1989,24.8
179,3,1990,25.09
179,3,1991,25.27
179,3,1992,26.86
179,3,1993,25.29
179,3,1994,25.6
179,3,1995,27.64
179,3,1996,25.1
179,3,1997,24.7
179,3,1998,25.16
179,3,1999,23.7
179,3,2000,23.63
179,3,2001,22.75
179,3,2002,23.17
179,3,2003,22.04
179,3,2004,20.8
179,3,2005,20.39
179,3,2006,20.18
179,3,2007,19.17
179,3,2008,18.75
179,3,2009,18.02
179,3,2010,17.04
179,3,2011,16.35
179,3,2012,16.18
179,3,2013,15.47
179,3,2014,15.23
179,3,2015,15.09
179,3,2016,14.98
179,3,2017,14.66
179,3,2018,14.32
179,3,2019,13.62
179,3,2020,12.51
179,3,2021,11.76
179,3,2022,11.85
179,3,2023,11.71
180,1,1980,31.16
180,1,1981,30.76
180,1,1982,30.49
180,1,1983,30.57
180,1,1984,30.35
180,1,1985,30.32
180,1,1986,30.54
180,1,1987,31.13
180,1,1988,30.92
180,1,1989,31.42
180,1,1990,31.16
180,1,1991,31.66
180,1,1992,34.9
180,1,1993,34.88
180,1,1994,33.52
180,1,1995,34.56
180,1,1996,35.96
180,1,1997,37.7
180,1,1998,39.36
180,1,1999,39.05
180,1,2000,40.88
180,1,2001,40.74
180,1,2002,41.12
180,1,2003,41.66
180,1,2004,42.8
180,1,2005,44.17
180,1,2006,43.44
180,1,2007,41.4
180,1,2008,41.78
180,1,2009,39.12
180,1,2010,37.3
180,1,2011,36.13
180,1,2012,35.45
180,1,2013,33.95
180,1,2014,33.25
180,1,2015,33.04
180,1,2016,31.93
180,1,2017,31.43
180,1,2018,30.28
180,1,2019,29.44
180,1,2020,29.7
180,1,2021,30.18
180,1,2022,27.38
180,1,2023,26.59
180,2,1980,9.04
180,2,1981,8.95
180,2,1982,8.89
180,2,1983,8.9
180,2,1984,8.88
180,2,1985,8.84
180,2,1986,8.8
180,2,1987,8.78
180,2,1988,8.67
180,2,1989,8.73
180,2,1990,8.56
180,2,1991,8.59
180,2,1992,9.23
180,2,1993,9.13
180,2,1994,8.74
180,2,1995,8.85
180,2,1996,9.01
180,2,1997,9.25
180,2,1998,9.49
180,2,1999,9.3
180,2,2000,9.64
180,2,2001,9.55
180,2,2002,9.59
180,2,2003,9.61
180,2,2004,9.9
180,2,2005,10.1
180,2,2006,9.9
180,2,2007,9.6
180,2,2008,9.9
180,2,2009,9.52
180,2,2010,8.97
180,2,2011,8.65
180,2,2012,8.51
180,2,2013,8.18
180,2,2014,8.08
180,2,2015,8.02
180,2,2016,7.77
180,2,2017,7.61
180,2,2018,7.49
180,2,2019,7.32
180,2,2020,7.55
180,2,2021,7.68
180,2,2022,6.89
180,2,2023,6.68
180,3,1980,19.94
180,3,1981,19.68
180,3,1982,19.51
180,3,1983,19.55
180,3,1984,19.43
180,3,1985,19.38
180,3,1986,19.46
180,3,1987,19.73
180,3,1988,19.57
180,3,1989,19.83
180,3,1990,19.61
180,3,1991,19.86
180,3,1992,21.76
180,3,1993,21.68
180,3,1994,20.81
180,3,1995,21.36
180,3,1996,22.12
180,3,1997,23.09
180,3,1998,24.01
180,3,1999,23.76
180,3,2000,24.84
180,3,2001,24.73
180,3,2002,24.94
180,3,2003,25.22
180,3,2004,25.95
180,3,2005,26.73
180,3,2006,26.28
180,3,2007,25.15
180,3,2008,25.5
180,3,2009,24.01
180,3,2010,22.85
180,3,2011,22.12
180,3,2012,21.71
180,3,2013,20.8
180,3,2014,20.4
180,3,2015,20.26
180,3,2016,19.58
180,3,2017,19.25
180,3,2018,18.62
180,3,2019,18.12
180,3,2020,18.35
180,3,2021,18.64
180,3,2022,16.88
180,3,2023,16.38
181,1,1980,8.52
181,1,1981,8.27
181,1,1982,8.36
181,1,1983,8.14
181,1,1984,7.72
181,1,1985,7.38
181,1,1986,5.84
181,1,1987,4.95
181,1,1988,4.19
181,1,1989,3.86
181,1,1990,3.69
181,1,1991,3.47
181,1,1992,3.44
181,1,1993,3.55
181,1,1994,3.42
181,1,1995,3.53
181,1,1996,3.87
181,1,1997,4.36
181,1,1998,5.12
181,1,1999,6.11
181,1,2000,8.04
181,1,2001,7.84
181,1,2002,9.03
181,1,2003,7.71
181,1,2004,7.2
181,1,2005,6.8
181,1,2006,6.42
181,1,2007,6.1
181,1,2008,5.81
181,1,2009,6.42
181,1,2010,5.52
181,1,2011,5.39
181,1,2012,5.25
181,1,2013,5.14
181,1,2014,5.11
181,1,2015,5.07
181,1,2016,4.98
181,1,2017,4.95
181,1,2018,4.9
181,1,2019,4.87
181,1,2020,5.08
181,1,2021,5.09
181,1,2022,4.61
181,1,2023,4.49
181,2,1980,2.7
181,2,1981,2.67
181,2,1982,2.69
181,2,1983,2.73
181,2,1984,2.69
181,2,1985,2.68
181,2,1986,2.17
181,2,1987,1.86
181,2,1988,1.62
181,2,1989,1.51
181,2,1990,1.43
181,2,1991,1.36
181,2,1992,1.35
181,2,1993,1.37
181,2,1994,1.3
181,2,1995,1.33
181,2,1996,1.42
181,2,1997,1.57
181,2,1998,1.8
181,2,1999,2.15
181,2,2000,2.83
181,2,2001,2.72
181,2,2002,3.03
181,2,2003,2.66
181,2,2004,2.51
181,2,2005,2.4
181,2,2006,2.3
181,2,2007,2.22
181,2,2008,2.13
181,2,2009,2.23
181,2,2010,1.97
181,2,2011,1.9
181,2,2012,1.83
181,2,2013,1.76
181,2,2014,1.71
181,2,2015,1.68
181,2,2016,1.63
181,2,2017,1.61
181,2,2018,1.58
181,2,2019,1.55
181,2,2020,1.6
181,2,2021,1.58
181,2,2022,1.46
181,2,2023,1.47
181,3,1980,5.55
181,3,1981,5.42
181,3,1982,5.47
181,3,1983,5.38
181,3,1984,5.16
181,3,1985,4.99
181,3,1986,3.97
181,3,1987,3.38
181,3,1988,2.89
181,3,1989,2.67
181,3,1990,2.54
181,3,1991,2.4
181,3,1992,2.38
181,3,1993,2.44
181,3,1994,2.34
181,3,1995,2.41
181,3,1996,2.62
181,3,1997,2.94
181,3,1998,3.43
181,3,1999,4.09
181,3,2000,5.4
181,3,2001,5.24
181,3,2002,5.98
181,3,2003,5.14
181,3,2004,4.82
181,3,2005,4.56
181,3,2006,4.33
181,3,2007,4.13
181,3,2008,3.94
181,3,2009,4.29
181,3,2010,3.71
181,3,2011,3.61
181,3,2012,3.51
181,3,2013,3.41
181,3,2014,3.37
181,3,2015,3.33
181,3,2016,3.27
181,3,2017,3.24
181,3,2018,3.19
181,3,2019,3.16
181,3,2020,3.29
181,3,2021,3.28
181,3,2022,2.98
181,3,2023,2.93
182,1,1980,5.09
182,1,1981,5
182,1,1982,4.93
182,1,1983,4.92
182,1,1984,4.7
182,1,1985,4.52
182,1,1986,4.81
182,1,1987,5.2
182,1,1988,5.41
182,1,1989,5.65
182,1,1990,6
182,1,1991,6.33
182,1,1992,7.05
182,1,1993,7.75
182,1,1994,8.93
182,1,1995,10.85
182,1,1996,13.35
182,1,1997,16.82
182,1,1998,21.46
182,1,1999,25.94
182,1,2000,30.65
182,1,2001,34.43
182,1,2002,36.79
182,1,2003,37.08
182,1,2004,37.63
182,1,2005,37.65
182,1,2006,36.05
182,1,2007,34.82
182,1,2008,33.68
182,1,2009,33.68
182,1,2010,34.28
182,1,2011,33.88
182,1,2012,33.1
182,1,2013,32.49
182,1,2014,32.31
182,1,2015,32.58
182,1,2016,32.71
182,1,2017,32.46
182,1,2018,32.59
182,1,2019,32.37
182,1,2020,31.45
182,1,2021,28.38
182,1,2022,30.34
182,1,2023,30.55
182,2,1980,2.01
182,2,1981,2.01
182,2,1982,1.98
182,2,1983,1.95
182,2,1984,1.88
182,2,1985,1.82
182,2,1986,1.91
182,2,1987,2.01
182,2,1988,2.09
182,2,1989,2.17
182,2,1990,2.26
182,2,1991,2.37
182,2,1992,2.57
182,2,1993,2.82
182,2,1994,3.23
182,2,1995,3.9
182,2,1996,4.82
182,2,1997,6.03
182,2,1998,7.57
182,2,1999,9.17
182,2,2000,10.73
182,2,2001,12.01
182,2,2002,13.06
182,2,2003,13.32
182,2,2004,12.98
182,2,2005,12.62
182,2,2006,11.91
182,2,2007,11.44
182,2,2008,11.27
182,2,2009,11.37
182,2,2010,11.5
182,2,2011,11.42
182,2,2012,11.15
182,2,2013,10.74
182,2,2014,10.48
182,2,2015,10.42
182,2,2016,10.42
182,2,2017,10.5
182,2,2018,10.72
182,2,2019,10.82
182,2,2020,10.94
182,2,2021,11.17
182,2,2022,10.59
182,2,2023,10.49
182,3,1980,3.47
182,3,1981,3.42
182,3,1982,3.38
182,3,1983,3.36
182,3,1984,3.22
182,3,1985,3.1
182,3,1986,3.29
182,3,1987,3.52
182,3,1988,3.68
182,3,1989,3.85
182,3,1990,4.07
182,3,1991,4.3
182,3,1992,4.76
182,3,1993,5.24
182,3,1994,6.02
182,3,1995,7.28
182,3,1996,8.94
182,3,1997,11.23
182,3,1998,14.26
182,3,1999,17.25
182,3,2000,20.32
182,3,2001,22.79
182,3,2002,24.47
182,3,2003,24.75
182,3,2004,24.84
182,3,2005,24.64
182,3,2006,23.49
182,3,2007,22.64
182,3,2008,21.98
182,3,2009,22.02
182,3,2010,22.36
182,3,2011,22.11
182,3,2012,21.59
182,3,2013,21.08
182,3,2014,20.85
182,3,2015,20.95
182,3,2016,21
182,3,2017,20.92
182,3,2018,21.09
182,3,2019,21.03
182,3,2020,20.66
182,3,2021,19.31
182,3,2022,19.89
182,3,2023,19.95
183,1,1980,11.43
183,1,1981,11.85
183,1,1982,11.69
183,1,1983,8.09
183,1,1984,5.22
183,1,1985,4.31
183,1,1986,4.72
183,1,1987,4.4
183,1,1988,3.87
183,1,1989,3.96
183,1,1990,4.22
183,1,1991,4.84
183,1,1992,4.25
183,1,1993,3.43
183,1,1994,2.68
183,1,1995,2.76
183,1,1996,3.85
183,1,1997,4.78
183,1,1998,4.66
183,1,1999,4.31
183,1,2000,4.1
183,1,2001,4.18
183,1,2002,4.15
183,1,2003,4.1
183,1,2004,4.1
183,1,2005,4.16
183,1,2006,4.12
183,1,2007,3.78
183,1,2008,3.58
183,1,2009,3.42
183,1,2010,3.59
183,1,2011,3.46
183,1,2012,3.14
183,1,2013,3.04
183,1,2014,2.76
183,1,2015,2.7
183,1,2016,2.73
183,1,2017,2.59
183,1,2018,2.36
183,1,2019,2.19
183,1,2020,1.92
183,1,2021,1.62
183,1,2022,1.45
183,1,2023,1.45
183,2,1980,7.92
183,2,1981,7.93
183,2,1982,6.4
183,2,1983,2.3
183,2,1984,1.38
183,2,1985,1.28
183,2,1986,1.16
183,2,1987,1.11
183,2,1988,1.28
183,2,1989,1.5
183,2,1990,1.23
183,2,1991,1.25
183,2,1992,1.57
183,2,1993,1.52
183,2,1994,1.5
183,2,1995,0.99
183,2,1996,1.34
183,2,1997,1.63
183,2,1998,1.96
183,2,1999,2.08
183,2,2000,2.08
183,2,2001,2.01
183,2,2002,1.92
183,2,2003,1.95
183,2,2004,1.78
183,2,2005,1.63
183,2,2006,1.13
183,2,2007,0.98
183,2,2008,0.97
183,2,2009,0.89
183,2,2010,0.87
183,2,2011,0.86
183,2,2012,0.88
183,2,2013,0.84
183,2,2014,0.81
183,2,2015,0.75
183,2,2016,0.76
183,2,2017,0.72
183,2,2018,0.64
183,2,2019,0.58
183,2,2020,0.5
183,2,2021,0.44
183,2,2022,0.4
183,2,2023,0.4
183,3,1980,9.66
183,3,1981,9.87
183,3,1982,9
183,3,1983,5.15
183,3,1984,3.27
183,3,1985,2.78
183,3,1986,2.91
183,3,1987,2.74
183,3,1988,2.56
183,3,1989,2.71
183,3,1990,2.71
183,3,1991,3.02
183,3,1992,2.9
183,3,1993,2.47
183,3,1994,2.09
183,3,1995,1.87
183,3,1996,2.59
183,3,1997,3.19
183,3,1998,3.3
183,3,1999,3.19
183,3,2000,3.09
183,3,2001,3.09
183,3,2002,3.03
183,3,2003,3.02
183,3,2004,2.94
183,3,2005,2.89
183,3,2006,2.61
183,3,2007,2.37
183,3,2008,2.27
183,3,2009,2.14
183,3,2010,2.23
183,3,2011,2.16
183,3,2012,2.01
183,3,2013,1.94
183,3,2014,1.79
183,3,2015,1.73
183,3,2016,1.75
183,3,2017,1.66
183,3,2018,1.51
183,3,2019,1.39
183,3,2020,1.22
183,3,2021,1.04
183,3,2022,0.93
183,3,2023,0.93
184,1,1980,11.26
184,1,1981,11.1
184,1,1982,11.19
184,1,1983,11.52
184,1,1984,11.55
184,1,1985,11.79
184,1,1986,12.05
184,1,1987,12.42
184,1,1988,12.37
184,1,1989,12.22
184,1,1990,12.23
184,1,1991,13.36
184,1,1992,12.01
184,1,1993,11.71
184,1,1994,11.39
184,1,1995,11.36
184,1,1996,11.17
184,1,1997,11.09
184,1,1998,11.14
184,1,1999,10.97
184,1,2000,11.34
184,1,2001,11.93
184,1,2002,12.38
184,1,2003,12.76
184,1,2004,13.26
184,1,2005,14.08
184,1,2006,14.75
184,1,2007,15.44
184,1,2008,15.5
184,1,2009,15.53
184,1,2010,15.58
184,1,2011,15.35
184,1,2012,15.25
184,1,2013,15.19
184,1,2014,15.12
184,1,2015,15.21
184,1,2016,15.25
184,1,2017,15.18
184,1,2018,15.28
184,1,2019,15.67
184,1,2020,15.64
184,1,2021,16.61
184,1,2022,15.1
184,1,2023,14.79
184,2,1980,4.21
184,2,1981,4.15
184,2,1982,4.15
184,2,1983,4.2
184,2,1984,4.2
184,2,1985,4.24
184,2,1986,4.3
184,2,1987,4.33
184,2,1988,4.3
184,2,1989,4.23
184,2,1990,4.19
184,2,1991,4.46
184,2,1992,4.17
184,2,1993,4.14
184,2,1994,4.11
184,2,1995,4.13
184,2,1996,4.12
184,2,1997,4.1
184,2,1998,4.09
184,2,1999,4.02
184,2,2000,4.07
184,2,2001,4.11
184,2,2002,4.14
184,2,2003,4.16
184,2,2004,4.27
184,2,2005,4.41
184,2,2006,4.66
184,2,2007,4.86
184,2,2008,4.84
184,2,2009,4.76
184,2,2010,4.68
184,2,2011,4.52
184,2,2012,4.47
184,2,2013,4.39
184,2,2014,4.32
184,2,2015,4.3
184,2,2016,4.28
184,2,2017,4.25
184,2,2018,4.21
184,2,2019,4.27
184,2,2020,4.22
184,2,2021,4.4
184,2,2022,4.25
184,2,2023,4.21
184,3,1980,7.5
184,3,1981,7.39
184,3,1982,7.43
184,3,1983,7.61
184,3,1984,7.63
184,3,1985,7.76
184,3,1986,7.9
184,3,1987,8.08
184,3,1988,8.02
184,3,1989,7.88
184,3,1990,7.85
184,3,1991,8.5
184,3,1992,7.72
184,3,1993,7.55
184,3,1994,7.39
184,3,1995,7.42
184,3,1996,7.35
184,3,1997,7.31
184,3,1998,7.33
184,3,1999,7.22
184,3,2000,7.42
184,3,2001,7.72
184,3,2002,7.95
184,3,2003,8.14
184,3,2004,8.43
184,3,2005,8.9
184,3,2006,9.35
184,3,2007,9.78
184,3,2008,9.8
184,3,2009,9.77
184,3,2010,9.76
184,3,2011,9.57
184,3,2012,9.49
184,3,2013,9.42
184,3,2014,9.34
184,3,2015,9.37
184,3,2016,9.38
184,3,2017,9.32
184,3,2018,9.34
184,3,2019,9.55
184,3,2020,9.51
184,3,2021,10.04
184,3,2022,9.27
184,3,2023,9.1
185,1,1980,27.51
185,1,1981,26.99
185,1,1982,26.95
185,1,1983,27.19
185,1,1984,27.22
185,1,1985,27.99
185,1,1986,28.92
185,1,1987,30.61
185,1,1988,31.97
185,1,1989,33.13
185,1,1990,34.57
185,1,1991,35.43
185,1,1992,36.65
185,1,1993,38.02
185,1,1994,38.41
185,1,1995,36.5
185,1,1996,33.75
185,1,1997,33.11
185,1,1998,27.2
185,1,1999,22.83
185,1,2000,19.35
185,1,2001,16.22
185,1,2002,14.23
185,1,2003,12.86
185,1,2004,12.17
185,1,2005,11.42
185,1,2006,10.98
185,1,2007,10.27
185,1,2008,9.69
185,1,2009,9.28
185,1,2010,9.1
185,1,2011,8.71
185,1,2012,8.52
185,1,2013,8.38
185,1,2014,8.3
185,1,2015,8.24
185,1,2016,8.17
185,1,2017,7.98
185,1,2018,7.8
185,1,2019,7.83
185,1,2020,8
185,1,2021,8.22
185,1,2022,8.04
185,1,2023,7.97
185,2,1980,8.87
185,2,1981,8.79
185,2,1982,8.86
185,2,1983,8.99
185,2,1984,9.13
185,2,1985,9.42
185,2,1986,9.61
185,2,1987,10.01
185,2,1988,10.36
185,2,1989,10.59
185,2,1990,10.77
185,2,1991,10.87
185,2,1992,10.97
185,2,1993,11.04
185,2,1994,10.97
185,2,1995,9.81
185,2,1996,9.09
185,2,1997,8.92
185,2,1998,7.7
185,2,1999,6.87
185,2,2000,6.01
185,2,2001,5.22
185,2,2002,4.69
185,2,2003,4.32
185,2,2004,4.25
185,2,2005,4.05
185,2,2006,3.93
185,2,2007,3.71
185,2,2008,3.48
185,2,2009,3.27
185,2,2010,3.17
185,2,2011,3.06
185,2,2012,2.96
185,2,2013,2.88
185,2,2014,2.86
185,2,2015,2.79
185,2,2016,2.71
185,2,2017,2.64
185,2,2018,2.6
185,2,2019,2.61
185,2,2020,2.67
185,2,2021,2.71
185,2,2022,2.66
185,2,2023,2.65
185,3,1980,17.81
185,3,1981,17.53
185,3,1982,17.55
185,3,1983,17.74
185,3,1984,17.83
185,3,1985,18.35
185,3,1986,18.9
185,3,1987,19.94
185,3,1988,20.79
185,3,1989,21.49
185,3,1990,22.31
185,3,1991,22.83
185,3,1992,23.54
185,3,1993,24.34
185,3,1994,24.01
185,3,1995,21.98
185,3,1996,20.4
185,3,1997,20.04
185,3,1998,16.67
185,3,1999,14.23
185,3,2000,12.19
185,3,2001,10.33
185,3,2002,9.14
185,3,2003,8.31
185,3,2004,7.95
185,3,2005,7.5
185,3,2006,7.24
185,3,2007,6.79
185,3,2008,6.4
185,3,2009,6.1
185,3,2010,5.97
185,3,2011,5.73
185,3,2012,5.6
185,3,2013,5.49
185,3,2014,5.45
185,3,2015,5.39
185,3,2016,5.32
185,3,2017,5.2
185,3,2018,5.09
185,3,2019,5.11
185,3,2020,5.23
185,3,2021,5.36
185,3,2022,5.25
185,3,2023,5.22
186,1,1980,9.09
186,1,1981,9.28
186,1,1982,9.44
186,1,1983,9.61
186,1,1984,9.4
186,1,1985,9.22
186,1,1986,9.36
186,1,1987,9.7
186,1,1988,9.82
186,1,1989,9.95
186,1,1990,10.2
186,1,1991,9.98
186,1,1992,9.84
186,1,1993,9.78
186,1,1994,10.11
186,1,1995,10.05
186,1,1996,9.84
186,1,1997,9.64
186,1,1998,9.47
186,1,1999,9.18
186,1,2000,8.91
186,1,2001,8.76
186,1,2002,8.5
186,1,2003,8.24
186,1,2004,7.82
186,1,2005,7.25
186,1,2006,6.95
186,1,2007,6.55
186,1,2008,6.14
186,1,2009,6.02
186,1,2010,5.95
186,1,2011,5.74
186,1,2012,5.4
186,1,2013,5.27
186,1,2014,5.21
186,1,2015,5.01
186,1,2016,4.73
186,1,2017,4.42
186,1,2018,4.26
186,1,2019,4.26
186,1,2020,4.09
186,1,2021,4.22
186,1,2022,4.15
186,1,2023,4.2
186,2,1980,2.38
186,2,1981,2.34
186,2,1982,2.31
186,2,1983,2.26
186,2,1984,2.21
186,2,1985,2.16
186,2,1986,2.12
186,2,1987,2.06
186,2,1988,2.02
186,2,1989,1.99
186,2,1990,1.94
186,2,1991,1.93
186,2,1992,1.94
186,2,1993,1.98
186,2,1994,2.04
186,2,1995,2.12
186,2,1996,2.24
186,2,1997,2.37
186,2,1998,2.5
186,2,1999,2.59
186,2,2000,2.68
186,2,2001,2.78
186,2,2002,2.77
186,2,2003,2.66
186,2,2004,2.5
186,2,2005,2.32
186,2,2006,2.13
186,2,2007,1.98
186,2,2008,1.84
186,2,2009,1.75
186,2,2010,1.7
186,2,2011,1.66
186,2,2012,1.62
186,2,2013,1.58
186,2,2014,1.54
186,2,2015,1.49
186,2,2016,1.45
186,2,2017,1.42
186,2,2018,1.37
186,2,2019,1.29
186,2,2020,1.3
186,2,2021,1.42
186,2,2022,1.28
186,2,2023,1.34
186,3,1980,5.81
186,3,1981,5.9
186,3,1982,5.95
186,3,1983,6.01
186,3,1984,5.86
186,3,1985,5.74
186,3,1986,5.79
186,3,1987,5.93
186,3,1988,5.97
186,3,1989,6.02
186,3,1990,6.13
186,3,1991,6.01
186,3,1992,5.95
186,3,1993,5.93
186,3,1994,6.13
186,3,1995,6.12
186,3,1996,6.05
186,3,1997,6.01
186,3,1998,5.99
186,3,1999,5.89
186,3,2000,5.81
186,3,2001,5.8
186,3,2002,5.68
186,3,2003,5.5
186,3,2004,5.22
186,3,2005,4.84
186,3,2006,4.61
186,3,2007,4.34
186,3,2008,4.07
186,3,2009,3.98
186,3,2010,3.94
186,3,2011,3.82
186,3,2012,3.64
186,3,2013,3.57
186,3,2014,3.53
186,3,2015,3.41
186,3,2016,3.25
186,3,2017,3.07
186,3,2018,2.97
186,3,2019,2.96
186,3,2020,2.87
186,3,2021,3.01
186,3,2022,2.92
186,3,2023,2.98
187,1,1980,26.88
187,1,1981,26.24
187,1,1982,26.48
187,1,1983,26.9
187,1,1984,26.74
187,1,1985,27.14
187,1,1986,27.59
187,1,1987,28
187,1,1988,28.23
187,1,1989,27.94
187,1,1990,28.99
187,1,1991,28.59
187,1,1992,116.98
187,1,1993,44.06
187,1,1994,44.05
187,1,1995,44.53
187,1,1996,49.99
187,1,1997,46.64
187,1,1998,50.28
187,1,1999,55.23
187,1,2000,50.53
187,1,2001,53.5
187,1,2002,59.57
187,1,2003,57.22
187,1,2004,61.13
187,1,2005,54.68
187,1,2006,58.18
187,1,2007,48.5
187,1,2008,48.99
187,1,2009,55.9
187,1,2010,52.84
187,1,2011,45.9
187,1,2012,47.34
187,1,2013,43.41
187,1,2014,43.54
187,1,2015,43.03
187,1,2016,43.08
187,1,2017,42.31
187,1,2018,42.19
187,1,2019,40.96
187,1,2020,41.87
187,1,2021,39.77
187,1,2022,39.89
187,1,2023,40.42
187,2,1980,5.46
187,2,1981,5.5
187,2,1982,5.57
187,2,1983,5.69
187,2,1984,5.8
187,2,1985,5.98
187,2,1986,6.13
187,2,1987,6.17
187,2,1988,6.2
187,2,1989,6.17
187,2,1990,6.39
187,2,1991,6.17
187,2,1992,26.35
187,2,1993,9.22
187,2,1994,9.07
187,2,1995,8.96
187,2,1996,10.05
187,2,1997,9.1
187,2,1998,9.65
187,2,1999,10.73
187,2,2000,9.69
187,2,2001,10.33
187,2,2002,11.74
187,2,2003,11.33
187,2,2004,12.38
187,2,2005,11.06
187,2,2006,12.07
187,2,2007,10.13
187,2,2008,10.53
187,2,2009,12.12
187,2,2010,11.46
187,2,2011,9.89
187,2,2012,10.19
187,2,2013,9.37
187,2,2014,9.44
187,2,2015,9.34
187,2,2016,9.39
187,2,2017,9.27
187,2,2018,9.41
187,2,2019,9.25
187,2,2020,9.83
187,2,2021,9.66
187,2,2022,9.23
187,2,2023,9.3
187,3,1980,16.7
187,3,1981,16.58
187,3,1982,16.66
187,3,1983,16.72
187,3,1984,16.67
187,3,1985,16.96
187,3,1986,17.27
187,3,1987,17.49
187,3,1988,17.61
187,3,1989,17.41
187,3,1990,18
187,3,1991,17.61
187,3,1992,72.11
187,3,1993,26.63
187,3,1994,26.48
187,3,1995,26.71
187,3,1996,29.97
187,3,1997,27.83
187,3,1998,29.92
187,3,1999,32.96
187,3,2000,30.12
187,3,2001,31.96
187,3,2002,35.73
187,3,2003,34.37
187,3,2004,36.87
187,3,2005,32.98
187,3,2006,35.26
187,3,2007,29.4
187,3,2008,29.86
187,3,2009,34.15
187,3,2010,32.27
187,3,2011,27.97
187,3,2012,28.8
187,3,2013,26.37
187,3,2014,26.47
187,3,2015,26.17
187,3,2016,26.23
187,3,2017,25.8
187,3,2018,25.85
187,3,2019,25.16
187,3,2020,25.95
187,3,2021,24.84
187,3,2022,24.66
187,3,2023,24.97
189,1,1980,17.59
189,1,1981,17.57
189,1,1982,17.36
189,1,1983,17.61
189,1,1984,17.41
189,1,1985,17.38
189,1,1986,17.53
189,1,1987,17.99
189,1,1988,18.1
189,1,1989,17.87
189,1,1990,17.95
189,1,1991,18.01
189,1,1992,18.07
189,1,1993,18.43
189,1,1994,18.55
189,1,1995,18.67
189,1,1996,18.66
189,1,1997,18.65
189,1,1998,18.57
189,1,1999,18.03
189,1,2000,17.46
189,1,2001,16.84
189,1,2002,16.41
189,1,2003,16.18
189,1,2004,15.72
189,1,2005,15.41
189,1,2006,15.08
189,1,2007,15.09
189,1,2008,14.7
189,1,2009,14.39
189,1,2010,13.76
189,1,2011,13.15
189,1,2012,13.08
189,1,2013,12.79
189,1,2014,12.28
189,1,2015,12.03
189,1,2016,11.79
189,1,2017,11.67
189,1,2018,11.21
189,1,2019,10.92
189,1,2020,10.33
189,1,2021,10.03
189,1,2022,9.81
189,1,2023,9.81
189,2,1980,6.24
189,2,1981,6.26
189,2,1982,6.2
189,2,1983,6.28
189,2,1984,6.31
189,2,1985,6.33
189,2,1986,6.37
189,2,1987,6.39
189,2,1988,6.35
189,2,1989,6.27
189,2,1990,6.23
189,2,1991,6.19
189,2,1992,6.21
189,2,1993,6.3
189,2,1994,6.43
189,2,1995,6.58
189,2,1996,6.71
189,2,1997,6.85
189,2,1998,6.94
189,2,1999,6.86
189,2,2000,6.75
189,2,2001,6.64
189,2,2002,6.58
189,2,2003,6.57
189,2,2004,6.48
189,2,2005,6.32
189,2,2006,6.19
189,2,2007,6.13
189,2,2008,5.98
189,2,2009,5.88
189,2,2010,5.76
189,2,2011,5.64
189,2,2012,5.66
189,2,2013,5.64
189,2,2014,5.44
189,2,2015,5.33
189,2,2016,5.1
189,2,2017,4.9
189,2,2018,4.64
189,2,2019,4.41
189,2,2020,4.16
189,2,2021,4.03
189,2,2022,3.8
189,2,2023,3.81
189,3,1980,11.7
189,3,1981,11.69
189,3,1982,11.54
189,3,1983,11.69
189,3,1984,11.59
189,3,1985,11.57
189,3,1986,11.65
189,3,1987,11.87
189,3,1988,11.89
189,3,1989,11.74
189,3,1990,11.76
189,3,1991,11.77
189,3,1992,11.82
189,3,1993,12.04
189,3,1994,12.18
189,3,1995,12.32
189,3,1996,12.39
189,3,1997,12.47
189,3,1998,12.49
189,3,1999,12.2
189,3,2000,11.88
189,3,2001,11.53
189,3,2002,11.3
189,3,2003,11.19
189,3,2004,10.93
189,3,2005,10.7
189,3,2006,10.47
189,3,2007,10.44
189,3,2008,10.18
189,3,2009,9.97
189,3,2010,9.6
189,3,2011,9.24
189,3,2012,9.22
189,3,2013,9.07
189,3,2014,8.72
189,3,2015,8.54
189,3,2016,8.31
189,3,2017,8.14
189,3,2018,7.79
189,3,2019,7.53
189,3,2020,7.12
189,3,2021,6.91
189,3,2022,6.69
189,3,2023,6.7
190,1,1980,21.6
190,1,1981,19.44
190,1,1982,23.21
190,1,1983,23.19
190,1,1984,22.53
190,1,1985,21.49
190,1,1986,20.75
190,1,1987,21.09
190,1,1988,20.41
190,1,1989,22.51
190,1,1990,23.58
190,1,1991,24.99
190,1,1992,25.64
190,1,1993,26.59
190,1,1994,27.2
190,1,1995,27.63
190,1,1996,27.64
190,1,1997,27.79
190,1,1998,29.17
190,1,1999,30.67
190,1,2000,33.05
190,1,2001,27.51
190,1,2002,26.87
190,1,2003,29.07
190,1,2004,25.87
190,1,2005,26.3
190,1,2006,25.25
190,1,2007,24.53
190,1,2008,23.94
190,1,2009,23.99
190,1,2010,23.22
190,1,2011,22.8
190,1,2012,22.44
190,1,2013,22.43
190,1,2014,22.91
190,1,2015,23
190,1,2016,23.42
190,1,2017,22.87
190,1,2018,22.23
190,1,2019,21.65
190,1,2020,20.79
190,1,2021,20.58
190,1,2022,19.39
190,1,2023,19.04
190,2,1980,6.01
190,2,1981,5.42
190,2,1982,6.39
190,2,1983,6.33
190,2,1984,6.14
190,2,1985,5.83
190,2,1986,5.54
190,2,1987,5.42
190,2,1988,5.19
190,2,1989,5.61
190,2,1990,5.73
190,2,1991,6.04
190,2,1992,6.16
190,2,1993,6.35
190,2,1994,6.54
190,2,1995,6.64
190,2,1996,6.7
190,2,1997,6.68
190,2,1998,7
190,2,1999,7.44
190,2,2000,8.01
190,2,2001,6.83
190,2,2002,6.71
190,2,2003,7.25
190,2,2004,6.59
190,2,2005,6.67
190,2,2006,6.44
190,2,2007,6.23
190,2,2008,5.99
190,2,2009,5.86
190,2,2010,5.64
190,2,2011,5.54
190,2,2012,5.63
190,2,2013,5.94
190,2,2014,6.01
190,2,2015,5.89
190,2,2016,5.89
190,2,2017,5.73
190,2,2018,5.67
190,2,2019,5.62
190,2,2020,5.6
190,2,2021,5.73
190,2,2022,5.4
190,2,2023,5.36
190,3,1980,13.79
190,3,1981,12.41
190,3,1982,14.74
190,3,1983,14.68
190,3,1984,14.22
190,3,1985,13.52
190,3,1986,12.99
190,3,1987,13.06
190,3,1988,12.59
190,3,1989,13.8
190,3,1990,14.35
190,3,1991,15.17
190,3,1992,15.53
190,3,1993,16.07
190,3,1994,16.45
190,3,1995,16.7
190,3,1996,16.73
190,3,1997,16.78
190,3,1998,17.61
190,3,1999,18.55
190,3,2000,19.97
190,3,2001,16.71
190,3,2002,16.34
190,3,2003,17.66
190,3,2004,15.79
190,3,2005,16.04
190,3,2006,15.41
190,3,2007,14.95
190,3,2008,14.54
190,3,2009,14.49
190,3,2010,14
190,3,2011,13.75
190,3,2012,13.62
190,3,2013,13.77
190,3,2014,14.03
190,3,2015,14.01
190,3,2016,14.2
190,3,2017,13.86
190,3,2018,13.52
190,3,2019,13.23
190,3,2020,12.82
190,3,2021,12.79
190,3,2022,12.06
190,3,2023,11.89
191,1,1980,16.58
191,1,1981,17.09
191,1,1982,17.41
191,1,1983,18.13
191,1,1984,18.35
191,1,1985,19
191,1,1986,19.48
191,1,1987,20.58
191,1,1988,20.82
191,1,1989,21.3
191,1,1990,22.05
191,1,1991,23.29
191,1,1992,25.41
191,1,1993,26.94
191,1,1994,29.28
191,1,1995,31.8
191,1,1996,33.48
191,1,1997,34.97
191,1,1998,36.99
191,1,1999,37.33
191,1,2000,36.51
191,1,2001,36.38
191,1,2002,36.29
191,1,2003,35.22
191,1,2004,34.34
191,1,2005,34.84
191,1,2006,34.21
191,1,2007,34.25
191,1,2008,34.6
191,1,2009,34.96
191,1,2010,35.19
191,1,2011,34.13
191,1,2012,33.45
191,1,2013,33.13
191,1,2014,32.87
191,1,2015,32.74
191,1,2016,32.77
191,1,2017,32.35
191,1,2018,32.04
191,1,2019,31.78
191,1,2020,31.31
191,1,2021,32.3
191,1,2022,29.85
191,1,2023,29.42
191,2,1980,6.95
191,2,1981,7.22
191,2,1982,7.43
191,2,1983,7.77
191,2,1984,8.06
191,2,1985,8.5
191,2,1986,8.78
191,2,1987,9.06
191,2,1988,9.15
191,2,1989,9.25
191,2,1990,9.34
191,2,1991,9.71
191,2,1992,10.25
191,2,1993,10.69
191,2,1994,11.32
191,2,1995,11.92
191,2,1996,12.42
191,2,1997,12.87
191,2,1998,13.44
191,2,1999,13.64
191,2,2000,13.14
191,2,2001,12.92
191,2,2002,12.53
191,2,2003,11.85
191,2,2004,11.42
191,2,2005,11.36
191,2,2006,11.28
191,2,2007,11.25
191,2,2008,11.46
191,2,2009,11.51
191,2,2010,11.3
191,2,2011,10.9
191,2,2012,10.42
191,2,2013,10
191,2,2014,9.62
191,2,2015,9.42
191,2,2016,9.34
191,2,2017,9.21
191,2,2018,9.03
191,2,2019,8.93
191,2,2020,8.84
191,2,2021,8.98
191,2,2022,8.6
191,2,2023,8.52
191,3,1980,11.49
191,3,1981,11.88
191,3,1982,12.16
191,3,1983,12.69
191,3,1984,12.95
191,3,1985,13.51
191,3,1986,13.89
191,3,1987,14.57
191,3,1988,14.74
191,3,1989,15.04
191,3,1990,15.45
191,3,1991,16.26
191,3,1992,17.57
191,3,1993,18.56
191,3,1994,20.03
191,3,1995,21.59
191,3,1996,22.68
191,3,1997,23.66
191,3,1998,24.96
191,3,1999,25.26
191,3,2000,24.61
191,3,2001,24.45
191,3,2002,24.22
191,3,2003,23.34
191,3,2004,22.67
191,3,2005,22.86
191,3,2006,22.49
191,3,2007,22.47
191,3,2008,22.73
191,3,2009,22.92
191,3,2010,22.9
191,3,2011,22.17
191,3,2012,21.57
191,3,2013,21.17
191,3,2014,20.82
191,3,2015,20.63
191,3,2016,20.58
191,3,2017,20.29
191,3,2018,20.02
191,3,2019,19.83
191,3,2020,19.54
191,3,2021,20.07
191,3,2022,18.68
191,3,2023,18.43
193,1,1980,10.89
193,1,1981,11.21
193,1,1982,12.06
193,1,1983,11.25
193,1,1984,10.49
193,1,1985,9.15
193,1,1986,7.27
193,1,1987,5.07
193,1,1988,3.53
193,1,1989,3.19
193,1,1990,2.99
193,1,1991,2.83
193,1,1992,2.86
193,1,1993,2.87
193,1,1994,3.07
193,1,1995,3.61
193,1,1996,4.34
193,1,1997,5.85
193,1,1998,8.64
193,1,1999,13.02
193,1,2000,19.16
193,1,2001,28.05
193,1,2002,35.88
193,1,2003,36.15
193,1,2004,30.22
193,1,2005,28.79
193,1,2006,26.18
193,1,2007,24.52
193,1,2008,23.21
193,1,2009,22.07
193,1,2010,21.44
193,1,2011,20.15
193,1,2012,19.4
193,1,2013,18.31
193,1,2014,16.96
193,1,2015,17.09
193,1,2016,16.34
193,1,2017,15.21
193,1,2018,15.01
193,1,2019,14.71
193,1,2020,14.2
193,1,2021,14.33
193,1,2022,13.72
193,1,2023,13.39
193,2,1980,2.08
193,2,1981,2.08
193,2,1982,2.13
193,2,1983,1.89
193,2,1984,1.75
193,2,1985,1.51
193,2,1986,1.21
193,2,1987,0.84
193,2,1988,0.61
193,2,1989,0.59
193,2,1990,0.58
193,2,1991,0.58
193,2,1992,0.6
193,2,1993,0.63
193,2,1994,0.69
193,2,1995,0.83
193,2,1996,1.04
193,2,1997,1.43
193,2,1998,2.19
193,2,1999,3.52
193,2,2000,5.75
193,2,2001,9.11
193,2,2002,12.38
193,2,2003,12.7
193,2,2004,10.34
193,2,2005,9.4
193,2,2006,9.1
193,2,2007,8.37
193,2,2008,8.35
193,2,2009,8.57
193,2,2010,8.63
193,2,2011,8.21
193,2,2012,7.73
193,2,2013,7.25
193,2,2014,6.84
193,2,2015,6.69
193,2,2016,6.41
193,2,2017,6.08
193,2,2018,5.94
193,2,2019,5.83
193,2,2020,5.76
193,2,2021,5.88
193,2,2022,5.68
193,2,2023,5.56
193,3,1980,5.96
193,3,1981,6.1
193,3,1982,6.51
193,3,1983,6.04
193,3,1984,5.64
193,3,1985,4.93
193,3,1986,3.94
193,3,1987,2.76
193,3,1988,1.95
193,3,1989,1.78
193,3,1990,1.69
193,3,1991,1.62
193,3,1992,1.65
193,3,1993,1.68
193,3,1994,1.81
193,3,1995,2.14
193,3,1996,2.6
193,3,1997,3.52
193,3,1998,5.25
193,3,1999,8.03
193,3,2000,12.12
193,3,2001,18.11
193,3,2002,23.56
193,3,2003,23.88
193,3,2004,19.85
193,3,2005,18.71
193,3,2006,17.32
193,3,2007,16.17
193,3,2008,15.54
193,3,2009,15.11
193,3,2010,14.84
193,3,2011,14.01
193,3,2012,13.41
193,3,2013,12.63
193,3,2014,11.77
193,3,2015,11.76
193,3,2016,11.24
193,3,2017,10.53
193,3,2018,10.36
193,3,2019,10.16
193,3,2020,9.88
193,3,2021,10.01
193,3,2022,9.61
193,3,2023,9.38
194,1,1980,36.34
194,1,1981,35.02
194,1,1982,34.76
194,1,1983,34.61
194,1,1984,33.91
194,1,1985,34.02
194,1,1986,33.35
194,1,1987,38.39
194,1,1988,41.2
194,1,1989,51.4
194,1,1990,62.77
194,1,1991,72.2
194,1,1992,80.63
194,1,1993,85.3
194,1,1994,87.22
194,1,1995,86.24
194,1,1996,83.77
194,1,1997,84.03
194,1,1998,85.94
194,1,1999,88.32
194,1,2000,92.62
194,1,2001,107.18
194,1,2002,119.44
194,1,2003,116.02
194,1,2004,111.74
194,1,2005,103.64
194,1,2006,89.65
194,1,2007,84.59
194,1,2008,84.06
194,1,2009,84.2
194,1,2010,85.22
194,1,2011,82.3
194,1,2012,82.53
194,1,2013,82.66
194,1,2014,81.66
194,1,2015,81.23
194,1,2016,77.14
194,1,2017,73.87
194,1,2018,72.4
194,1,2019,73.31
194,1,2020,70.81
194,1,2021,71.27
194,1,2022,71.47
194,1,2023,71.58
194,2,1980,8.21
194,2,1981,7.95
194,2,1982,7.83
194,2,1983,7.78
194,2,1984,7.72
194,2,1985,7.75
194,2,1986,7.59
194,2,1987,8.81
194,2,1988,9.55
194,2,1989,12.28
194,2,1990,15.23
194,2,1991,17.72
194,2,1992,19.82
194,2,1993,21.24
194,2,1994,21.84
194,2,1995,20.96
194,2,1996,20.27
194,2,1997,20.13
194,2,1998,20.67
194,2,1999,21.73
194,2,2000,24.02
194,2,2001,30.77
194,2,2002,37.88
194,2,2003,35.81
194,2,2004,33.66
194,2,2005,29.9
194,2,2006,25.54
194,2,2007,23.56
194,2,2008,24.14
194,2,2009,25.54
194,2,2010,26.46
194,2,2011,26.44
194,2,2012,26.4
194,2,2013,26.28
194,2,2014,25.95
194,2,2015,25.56
194,2,2016,24.72
194,2,2017,24.04
194,2,2018,23.45
194,2,2019,23.02
194,2,2020,22.02
194,2,2021,21.25
194,2,2022,20.73
194,2,2023,20.5
194,3,1980,19.09
194,3,1981,18.46
194,3,1982,18.35
194,3,1983,18.32
194,3,1984,18.08
194,3,1985,18.22
194,3,1986,17.95
194,3,1987,20.8
194,3,1988,22.5
194,3,1989,28.44
194,3,1990,35.05
194,3,1991,40.64
194,3,1992,45.62
194,3,1993,48.64
194,3,1994,50.02
194,3,1995,49.29
194,3,1996,48
194,3,1997,48.18
194,3,1998,49.45
194,3,1999,51.22
194,3,2000,54.52
194,3,2001,64.84
194,3,2002,74.37
194,3,2003,71.87
194,3,2004,68.95
194,3,2005,63.46
194,3,2006,54.97
194,3,2007,51.81
194,3,2008,52.07
194,3,2009,53.04
194,3,2010,54.14
194,3,2011,52.86
194,3,2012,53.05
194,3,2013,53.13
194,3,2014,52.54
194,3,2015,52.18
194,3,2016,49.87
194,3,2017,48.03
194,3,2018,47.1
194,3,2019,47.39
194,3,2020,45.76
194,3,2021,45.71
194,3,2022,45.57
194,3,2023,45.57
195,1,1980,65.46
195,1,1981,65.06
195,1,1982,65.2
195,1,1983,65.4
195,1,1984,65.08
195,1,1985,64.51
195,1,1986,64.63
195,1,1987,64.88
195,1,1988,64.31
195,1,1989,65.14
195,1,1990,66.74
195,1,1991,66.91
195,1,1992,68.84
195,1,1993,68.71
195,1,1994,68.72
195,1,1995,68.86
195,1,1996,68.1
195,1,1997,67.66
195,1,1998,69.86
195,1,1999,69.02
195,1,2000,68.55
195,1,2001,68.08
195,1,2002,69.66
195,1,2003,70.55
195,1,2004,67.87
195,1,2005,66.63
195,1,2006,60.96
195,1,2007,61.82
195,1,2008,59.89
195,1,2009,58.93
195,1,2010,58.13
195,1,2011,55.71
195,1,2012,55.56
195,1,2013,55.54
195,1,2014,53.63
195,1,2015,54.16
195,1,2016,54.48
195,1,2017,52.66
195,1,2018,52.12
195,1,2019,52.77
195,1,2020,52.12
195,1,2021,53.23
195,1,2022,54.9
195,1,2023,54.72
195,2,1980,22.48
195,2,1981,22.32
195,2,1982,22.25
195,2,1983,22.11
195,2,1984,21.81
195,2,1985,21.49
195,2,1986,21.28
195,2,1987,20.91
195,2,1988,20.56
195,2,1989,20.58
195,2,1990,20.76
195,2,1991,20.88
195,2,1992,21.03
195,2,1993,20.79
195,2,1994,20.34
195,2,1995,19.62
195,2,1996,18.79
195,2,1997,18.15
195,2,1998,17.91
195,2,1999,17.53
195,2,2000,17.47
195,2,2001,17.2
195,2,2002,17.58
195,2,2003,17.86
195,2,2004,17.26
195,2,2005,16.9
195,2,2006,16.25
195,2,2007,16.87
195,2,2008,17.28
195,2,2009,17.18
195,2,2010,16.76
195,2,2011,16.16
195,2,2012,15.84
195,2,2013,15.52
195,2,2014,14.98
195,2,2015,14.79
195,2,2016,14.54
195,2,2017,14.07
195,2,2018,14.13
195,2,2019,14.36
195,2,2020,14.62
195,2,2021,15.66
195,2,2022,15.01
195,2,2023,14.9
195,3,1980,43.84
195,3,1981,43.51
195,3,1982,43.48
195,3,1983,43.44
195,3,1984,43.07
195,3,1985,42.56
195,3,1986,42.44
195,3,1987,42.3
195,3,1988,41.78
195,3,1989,42.13
195,3,1990,42.95
195,3,1991,43.04
195,3,1992,44
195,3,1993,43.78
195,3,1994,43.52
195,3,1995,43.21
195,3,1996,42.41
195,3,1997,41.88
195,3,1998,42.84
195,3,1999,42.28
195,3,2000,42.05
195,3,2001,41.73
195,3,2002,42.72
195,3,2003,43.35
195,3,2004,41.78
195,3,2005,41.02
195,3,2006,37.94
195,3,2007,38.67
195,3,2008,37.93
195,3,2009,37.41
195,3,2010,36.8
195,3,2011,35.31
195,3,2012,35.05
195,3,2013,34.87
195,3,2014,33.66
195,3,2015,33.82
195,3,2016,33.84
195,3,2017,32.74
195,3,2018,32.54
195,3,2019,33
195,3,2020,32.88
195,3,2021,34.02
195,3,2022,34.51
195,3,2023,34.41
196,1,1980,75
196,1,1981,73.58
196,1,1982,73.4
196,1,1983,73.15
196,1,1984,70.84
196,1,1985,70.62
196,1,1986,68.59
196,1,1987,65.97
196,1,1988,65.11
196,1,1989,64.9
196,1,1990,69.52
196,1,1991,67.38
196,1,1992,69.59
196,1,1993,71.88
196,1,1994,75.43
196,1,1995,75.03
196,1,1996,77.14
196,1,1997,78.72
196,1,1998,80.46
196,1,1999,76.99
196,1,2000,72.82
196,1,2001,71.55
196,1,2002,72.02
196,1,2003,72.9
196,1,2004,68.89
196,1,2005,67.36
196,1,2006,66.67
196,1,2007,67.62
196,1,2008,66.33
196,1,2009,65.55
196,1,2010,64.68
196,1,2011,62.61
196,1,2012,63.33
196,1,2013,62.96
196,1,2014,62.97
196,1,2015,63.76
196,1,2016,63.17
196,1,2017,60.3
196,1,2018,58.59
196,1,2019,57.24
196,1,2020,52.07
196,1,2021,51.75
196,1,2022,53.15
196,1,2023,55.2
196,2,1980,20.22
196,2,1981,19.79
196,2,1982,19.45
196,2,1983,18.98
196,2,1984,18.3
196,2,1985,17.07
196,2,1986,16.44
196,2,1987,15.63
196,2,1988,14.3
196,2,1989,13.89
196,2,1990,14.01
196,2,1991,12.79
196,2,1992,12.69
196,2,1993,12.27
196,2,1994,12.44
196,2,1995,11.77
196,2,1996,12.3
196,2,1997,13.04
196,2,1998,13.15
196,2,1999,12.6
196,2,2000,12.2
196,2,2001,11.9
196,2,2002,12.3
196,2,2003,12.69
196,2,2004,12.48
196,2,2005,12.49
196,2,2006,12.76
196,2,2007,13.21
196,2,2008,13.39
196,2,2009,13.63
196,2,2010,13.69
196,2,2011,13.23
196,2,2012,13.02
196,2,2013,12.57
196,2,2014,12.29
196,2,2015,12.05
196,2,2016,11.76
196,2,2017,11.26
196,2,2018,10.98
196,2,2019,10.6
196,2,2020,9.65
196,2,2021,9.37
196,2,2022,10.07
196,2,2023,10.72
196,3,1980,46.95
196,3,1981,46.02
196,3,1982,45.75
196,3,1983,45.37
196,3,1984,43.87
196,3,1985,43.08
196,3,1986,41.76
196,3,1987,40.04
196,3,1988,38.89
196,3,1989,38.53
196,3,1990,40.77
196,3,1991,39.06
196,3,1992,40.02
196,3,1993,40.83
196,3,1994,42.57
196,3,1995,41.96
196,3,1996,43.17
196,3,1997,44.24
196,3,1998,45.07
196,3,1999,43.11
196,3,2000,40.92
196,3,2001,40.19
196,3,2002,40.66
196,3,2003,41.35
196,3,2004,39.41
196,3,2005,38.76
196,3,2006,38.65
196,3,2007,39.43
196,3,2008,38.96
196,3,2009,38.75
196,3,2010,38.39
196,3,2011,37.19
196,3,2012,37.48
196,3,2013,37.11
196,3,2014,37.01
196,3,2015,37.29
196,3,2016,36.88
196,3,2017,35.25
196,3,2018,34.28
196,3,2019,33.42
196,3,2020,30.42
196,3,2021,30.11
196,3,2022,31.13
196,3,2023,32.47
197,1,1980,133.21
197,1,1981,133.58
197,1,1982,136.45
197,1,1983,140.2
197,1,1984,139.84
197,1,1985,144.01
197,1,1986,144.19
197,1,1987,141.14
197,1,1988,133.67
197,1,1989,125.03
197,1,1990,113.19
197,1,1991,105.66
197,1,1992,100.81
197,1,1993,93.86
197,1,1994,89.66
197,1,1995,87.94
197,1,1996,86.49
197,1,1997,83.93
197,1,1998,82.92
197,1,1999,81.5
197,1,2000,80.58
197,1,2001,84.9
197,1,2002,89.58
197,1,2003,97.11
197,1,2004,104.16
197,1,2005,108.31
197,1,2006,105.08
197,1,2007,102.33
197,1,2008,99.77
197,1,2009,97.36
197,1,2010,94.54
197,1,2011,88.76
197,1,2012,83.74
197,1,2013,78.11
197,1,2014,73.84
197,1,2015,71.19
197,1,2016,67.7
197,1,2017,65.45
197,1,2018,64.55
197,1,2019,63.76
197,1,2020,62.09
197,1,2021,62.93
197,1,2022,60.41
197,1,2023,58.97
197,2,1980,37.94
197,2,1981,38.41
197,2,1982,39.11
197,2,1983,39.77
197,2,1984,40.07
197,2,1985,40.78
197,2,1986,40.73
197,2,1987,39.43
197,2,1988,37.34
197,2,1989,34.71
197,2,1990,31.24
197,2,1991,29.09
197,2,1992,28.04
197,2,1993,27
197,2,1994,26.48
197,2,1995,26.5
197,2,1996,25.96
197,2,1997,25.04
197,2,1998,24.23
197,2,1999,23.66
197,2,2000,23.49
197,2,2001,24.9
197,2,2002,26.8
197,2,2003,30.03
197,2,2004,34.1
197,2,2005,36.98
197,2,2006,37.9
197,2,2007,37.14
197,2,2008,35.67
197,2,2009,34.66
197,2,2010,33.96
197,2,2011,32.64
197,2,2012,30.79
197,2,2013,28.56
197,2,2014,26.44
197,2,2015,24.65
197,2,2016,23.57
197,2,2017,23.22
197,2,2018,22.96
197,2,2019,22.59
197,2,2020,21.86
197,2,2021,21.83
197,2,2022,21.61
197,2,2023,21.54
197,3,1980,80.86
197,3,1981,81.27
197,3,1982,82.96
197,3,1983,85.01
197,3,1984,84.99
197,3,1985,87.24
197,3,1986,87.24
197,3,1987,85.09
197,3,1988,80.52
197,3,1989,75.15
197,3,1990,67.89
197,3,1991,63.32
197,3,1992,60.57
197,3,1993,56.89
197,3,1994,54.74
197,3,1995,54.02
197,3,1996,53.13
197,3,1997,51.53
197,3,1998,50.7
197,3,1999,49.8
197,3,2000,49.34
197,3,2001,52.11
197,3,2002,55.34
197,3,2003,60.59
197,3,2004,66.12
197,3,2005,69.72
197,3,2006,68.91
197,3,2007,67.39
197,3,2008,65.51
197,3,2009,63.9
197,3,2010,62.27
197,3,2011,58.92
197,3,2012,55.68
197,3,2013,51.96
197,3,2014,48.95
197,3,2015,46.9
197,3,2016,44.81
197,3,2017,43.69
197,3,2018,43.25
197,3,2019,42.8
197,3,2020,41.75
197,3,2021,42.28
197,3,2022,41
197,3,2023,40.34
198,1,1980,26.32
198,1,1981,25.2
198,1,1982,24.87
198,1,1983,24.37
198,1,1984,23.09
198,1,1985,21.84
198,1,1986,20.67
198,1,1987,20.78
198,1,1988,19.38
198,1,1989,19
198,1,1990,18.79
198,1,1991,18.6
198,1,1992,19.92
198,1,1993,20.75
198,1,1994,22.67
198,1,1995,25.57
198,1,1996,27.89
198,1,1997,31.21
198,1,1998,34.82
198,1,1999,36.88
198,1,2000,38.24
198,1,2001,38.93
198,1,2002,38.88
198,1,2003,37.96
198,1,2004,35.73
198,1,2005,34.11
198,1,2006,30.91
198,1,2007,28.66
198,1,2008,30.1
198,1,2009,30.97
198,1,2010,32.65
198,1,2011,33.47
198,1,2012,33.62
198,1,2013,33.14
198,1,2014,32.46
198,1,2015,32.16
198,1,2016,32.01
198,1,2017,30.98
198,1,2018,31.11
198,1,2019,31.41
198,1,2020,30.63
198,1,2021,29.72
198,1,2022,31.18
198,1,2023,30.39
198,2,1980,9.37
198,2,1981,9.08
198,2,1982,8.92
198,2,1983,8.68
198,2,1984,8.33
198,2,1985,7.89
198,2,1986,7.38
198,2,1987,7.21
198,2,1988,6.73
198,2,1989,6.34
198,2,1990,6.08
198,2,1991,5.78
198,2,1992,5.76
198,2,1993,5.73
198,2,1994,6.02
198,2,1995,6.42
198,2,1996,6.91
198,2,1997,7.69
198,2,1998,8.65
198,2,1999,9.65
198,2,2000,10.54
198,2,2001,11.31
198,2,2002,12.01
198,2,2003,12.69
198,2,2004,12.66
198,2,2005,12.27
198,2,2006,11.51
198,2,2007,10.72
198,2,2008,11.37
198,2,2009,11.63
198,2,2010,12.18
198,2,2011,13.14
198,2,2012,13.12
198,2,2013,12.61
198,2,2014,12.26
198,2,2015,11.97
198,2,2016,11.66
198,2,2017,11.11
198,2,2018,10.87
198,2,2019,10.71
198,2,2020,10.43
198,2,2021,10.53
198,2,2022,9.98
198,2,2023,9.63
198,3,1980,17.52
198,3,1981,16.81
198,3,1982,16.55
198,3,1983,16.18
198,3,1984,15.38
198,3,1985,14.54
198,3,1986,13.71
198,3,1987,13.68
198,3,1988,12.76
198,3,1989,12.39
198,3,1990,12.16
198,3,1991,11.91
198,3,1992,12.53
198,3,1993,12.91
198,3,1994,13.98
198,3,1995,15.57
198,3,1996,16.92
198,3,1997,18.89
198,3,1998,21.1
198,3,1999,22.58
198,3,2000,23.68
198,3,2001,24.4
198,3,2002,24.74
198,3,2003,24.66
198,3,2004,23.59
198,3,2005,22.62
198,3,2006,20.71
198,3,2007,19.24
198,3,2008,20.27
198,3,2009,20.83
198,3,2010,21.93
198,3,2011,22.81
198,3,2012,22.86
198,3,2013,22.35
198,3,2014,21.82
198,3,2015,21.52
198,3,2016,21.26
198,3,2017,20.47
198,3,2018,20.4
198,3,2019,20.44
198,3,2020,19.92
198,3,2021,19.54
198,3,2022,19.93
198,3,2023,19.37
200,1,1980,12.37
200,1,1981,12.31
200,1,1982,12.28
200,1,1983,12.47
200,1,1984,12.53
200,1,1985,12.58
200,1,1986,12.63
200,1,1987,12.95
200,1,1988,12.95
200,1,1989,12.98
200,1,1990,13.32
200,1,1991,13.39
200,1,1992,13.48
200,1,1993,13.68
200,1,1994,13.81
200,1,1995,14.01
200,1,1996,14.13
200,1,1997,14.26
200,1,1998,14.51
200,1,1999,14.23
200,1,2000,14.38
200,1,2001,14.26
200,1,2002,14
200,1,2003,13.83
200,1,2004,13.57
200,1,2005,13.47
200,1,2006,13.37
200,1,2007,13.38
200,1,2008,13.57
200,1,2009,13.97
200,1,2010,14.26
200,1,2011,14.32
200,1,2012,14.25
200,1,2013,14.46
200,1,2014,14.39
200,1,2015,14.14
200,1,2016,14.21
200,1,2017,14.04
200,1,2018,14.07
200,1,2019,14.08
200,1,2020,14.12
200,1,2021,14.46
200,1,2022,13.74
200,1,2023,13.37
200,2,1980,3.48
200,2,1981,3.5
200,2,1982,3.52
200,2,1983,3.56
200,2,1984,3.59
200,2,1985,3.59
200,2,1986,3.6
200,2,1987,3.63
200,2,1988,3.6
200,2,1989,3.6
200,2,1990,3.64
200,2,1991,3.67
200,2,1992,3.66
200,2,1993,3.67
200,2,1994,3.68
200,2,1995,3.68
200,2,1996,3.68
200,2,1997,3.66
200,2,1998,3.66
200,2,1999,3.59
200,2,2000,3.61
200,2,2001,3.55
200,2,2002,3.49
200,2,2003,3.43
200,2,2004,3.4
200,2,2005,3.37
200,2,2006,3.39
200,2,2007,3.43
200,2,2008,3.59
200,2,2009,3.75
200,2,2010,3.79
200,2,2011,3.8
200,2,2012,3.81
200,2,2013,3.89
200,2,2014,3.9
200,2,2015,3.88
200,2,2016,3.88
200,2,2017,3.83
200,2,2018,3.81
200,2,2019,3.82
200,2,2020,3.91
200,2,2021,4.01
200,2,2022,3.93
200,2,2023,3.87
200,3,1980,7.46
200,3,1981,7.45
200,3,1982,7.45
200,3,1983,7.57
200,3,1984,7.62
200,3,1985,7.66
200,3,1986,7.69
200,3,1987,7.86
200,3,1988,7.86
200,3,1989,7.88
200,3,1990,8.07
200,3,1991,8.13
200,3,1992,8.18
200,3,1993,8.29
200,3,1994,8.36
200,3,1995,8.46
200,3,1996,8.52
200,3,1997,8.58
200,3,1998,8.7
200,3,1999,8.53
200,3,2000,8.62
200,3,2001,8.53
200,3,2002,8.39
200,3,2003,8.29
200,3,2004,8.16
200,3,2005,8.1
200,3,2006,8.08
200,3,2007,8.11
200,3,2008,8.29
200,3,2009,8.58
200,3,2010,8.74
200,3,2011,8.78
200,3,2012,8.77
200,3,2013,8.92
200,3,2014,8.9
200,3,2015,8.78
200,3,2016,8.82
200,3,2017,8.72
200,3,2018,8.73
200,3,2019,8.74
200,3,2020,8.81
200,3,2021,9.03
200,3,2022,8.65
200,3,2023,8.45
201,1,1980,29.03
201,1,1981,28.29
201,1,1982,27.73
201,1,1983,27.81
201,1,1984,27.54
201,1,1985,27.12
201,1,1986,26.35
201,1,1987,26.23
201,1,1988,25.25
201,1,1989,24.54
201,1,1990,24.53
201,1,1991,24.05
201,1,1992,23.84
201,1,1993,24.26
201,1,1994,24
201,1,1995,24.21
201,1,1996,24.41
201,1,1997,24.22
201,1,1998,24.36
201,1,1999,23.86
201,1,2000,23.96
201,1,2001,23.81
201,1,2002,23.61
201,1,2003,23.32
201,1,2004,23.12
201,1,2005,22.86
201,1,2006,21.97
201,1,2007,20.98
201,1,2008,19.95
201,1,2009,19.51
201,1,2010,18.89
201,1,2011,18.17
201,1,2012,17.73
201,1,2013,17.54
201,1,2014,17.42
201,1,2015,17.38
201,1,2016,17.77
201,1,2017,17.66
201,1,2018,17.64
201,1,2019,17.3
201,1,2020,17.68
201,1,2021,17.03
201,1,2022,16.63
201,1,2023,16.04
201,2,1980,8.59
201,2,1981,8.51
201,2,1982,8.5
201,2,1983,8.59
201,2,1984,8.64
201,2,1985,8.64
201,2,1986,8.51
201,2,1987,8.42
201,2,1988,8.13
201,2,1989,7.87
201,2,1990,7.68
201,2,1991,7.4
201,2,1992,7.2
201,2,1993,7.07
201,2,1994,6.87
201,2,1995,6.73
201,2,1996,6.59
201,2,1997,6.43
201,2,1998,6.32
201,2,1999,6.19
201,2,2000,6.21
201,2,2001,6
201,2,2002,5.9
201,2,2003,5.69
201,2,2004,5.64
201,2,2005,5.66
201,2,2006,5.64
201,2,2007,5.49
201,2,2008,5.39
201,2,2009,5.29
201,2,2010,5.2
201,2,2011,5.11
201,2,2012,5.13
201,2,2013,5.08
201,2,2014,5.04
201,2,2015,5.1
201,2,2016,5.23
201,2,2017,5.2
201,2,2018,5.13
201,2,2019,5.02
201,2,2020,5.1
201,2,2021,5.05
201,2,2022,4.79
201,2,2023,4.67
201,3,1980,17.98
201,3,1981,17.58
201,3,1982,17.31
201,3,1983,17.39
201,3,1984,17.28
201,3,1985,17.1
201,3,1986,16.68
201,3,1987,16.58
201,3,1988,15.98
201,3,1989,15.51
201,3,1990,15.41
201,3,1991,15.04
201,3,1992,14.83
201,3,1993,14.96
201,3,1994,14.73
201,3,1995,14.75
201,3,1996,14.77
201,3,1997,14.6
201,3,1998,14.6
201,3,1999,14.31
201,3,2000,14.36
201,3,2001,14.19
201,3,2002,14.05
201,3,2003,13.81
201,3,2004,13.7
201,3,2005,13.61
201,3,2006,13.19
201,3,2007,12.67
201,3,2008,12.15
201,3,2009,11.91
201,3,2010,11.58
201,3,2011,11.21
201,3,2012,11.02
201,3,2013,10.91
201,3,2014,10.84
201,3,2015,10.86
201,3,2016,11.11
201,3,2017,11.05
201,3,2018,11.01
201,3,2019,10.79
201,3,2020,11
201,3,2021,10.66
201,3,2022,10.34
201,3,2023,10.01
202,1,1980,11.02
202,1,1981,10.88
202,1,1982,10.58
202,1,1983,10.03
202,1,1984,9.8
202,1,1985,9.85
202,1,1986,9.53
202,1,1987,9.9
202,1,1988,9.93
202,1,1989,10.13
202,1,1990,10.31
202,1,1991,11.41
202,1,1992,11.08
202,1,1993,11.68
202,1,1994,11.45
202,1,1995,10.93
202,1,1996,10.98
202,1,1997,11.05
202,1,1998,11.92
202,1,1999,10.97
202,1,2000,10.98
202,1,2001,10.81
202,1,2002,10.74
202,1,2003,10.58
202,1,2004,10.44
202,1,2005,10.48
202,1,2006,10.52
202,1,2007,9.19
202,1,2008,9.24
202,1,2009,9.33
202,1,2010,9.39
202,1,2011,9.19
202,1,2012,8.92
202,1,2013,8.75
202,1,2014,8.73
202,1,2015,8.76
202,1,2016,8.97
202,1,2017,9.44
202,1,2018,9.1
202,1,2019,9.14
202,1,2020,8.9
202,1,2021,9.3
202,1,2022,8.82
202,1,2023,10.19
202,2,1980,3.99
202,2,1981,3.96
202,2,1982,3.87
202,2,1983,3.7
202,2,1984,3.63
202,2,1985,3.71
202,2,1986,3.61
202,2,1987,3.72
202,2,1988,3.74
202,2,1989,3.82
202,2,1990,3.83
202,2,1991,4.02
202,2,1992,3.95
202,2,1993,4.02
202,2,1994,3.97
202,2,1995,3.84
202,2,1996,3.83
202,2,1997,3.82
202,2,1998,3.96
202,2,1999,3.81
202,2,2000,3.86
202,2,2001,3.81
202,2,2002,3.83
202,2,2003,3.77
202,2,2004,3.72
202,2,2005,3.73
202,2,2006,3.78
202,2,2007,3.28
202,2,2008,3.31
202,2,2009,3.3
202,2,2010,3.29
202,2,2011,3.2
202,2,2012,3.16
202,2,2013,3.13
202,2,2014,3.07
202,2,2015,3.06
202,2,2016,3.1
202,2,2017,3.21
202,2,2018,3.18
202,2,2019,3.19
202,2,2020,3.16
202,2,2021,3.28
202,2,2022,3.16
202,2,2023,3.42
202,3,1980,7.32
202,3,1981,7.24
202,3,1982,7.05
202,3,1983,6.7
202,3,1984,6.55
202,3,1985,6.62
202,3,1986,6.41
202,3,1987,6.65
202,3,1988,6.68
202,3,1989,6.81
202,3,1990,6.9
202,3,1991,7.53
202,3,1992,7.34
202,3,1993,7.67
202,3,1994,7.53
202,3,1995,7.22
202,3,1996,7.24
202,3,1997,7.27
202,3,1998,7.77
202,3,1999,7.24
202,3,2000,7.28
202,3,2001,7.17
202,3,2002,7.15
202,3,2003,7.05
202,3,2004,6.96
202,3,2005,6.99
202,3,2006,7.05
202,3,2007,6.15
202,3,2008,6.19
202,3,2009,6.23
202,3,2010,6.26
202,3,2011,6.13
202,3,2012,5.97
202,3,2013,5.88
202,3,2014,5.84
202,3,2015,5.85
202,3,2016,5.98
202,3,2017,6.27
202,3,2018,6.09
202,3,2019,6.12
202,3,2020,5.98
202,3,2021,6.24
202,3,2022,5.95
202,3,2023,6.76
203,1,1980,31.95
203,1,1981,32.34
203,1,1982,32.66
203,1,1983,33.08
203,1,1984,32.92
203,1,1985,32.86
203,1,1986,32.38
203,1,1987,32.71
203,1,1988,31.84
203,1,1989,31.45
203,1,1990,31.28
203,1,1991,30.29
203,1,1992,29.67
203,1,1993,28.75
203,1,1994,27.79
203,1,1995,27.96
203,1,1996,26.3
203,1,1997,25.7
203,1,1998,24.93
203,1,1999,23.79
203,1,2000,23.36
203,1,2001,23.15
203,1,2002,22.84
203,1,2003,22.87
203,1,2004,22.83
203,1,2005,23.27
203,1,2006,23
203,1,2007,22.24
203,1,2008,23.17
203,1,2009,23.6
203,1,2010,24.65
203,1,2011,24.56
203,1,2012,24.12
203,1,2013,23.86
203,1,2014,23.42
203,1,2015,22.91
203,1,2016,22.85
203,1,2017,22.33
203,1,2018,21.62
203,1,2019,20.98
203,1,2020,20.24
203,1,2021,20.16
203,1,2022,19.34
203,1,2023,18.63
203,2,1980,4.73
203,2,1981,4.88
203,2,1982,4.99
203,2,1983,5.06
203,2,1984,5.14
203,2,1985,5.19
203,2,1986,5.2
203,2,1987,5.21
203,2,1988,5.14
203,2,1989,5.16
203,2,1990,5.12
203,2,1991,5.06
203,2,1992,4.98
203,2,1993,4.85
203,2,1994,4.76
203,2,1995,4.96
203,2,1996,4.51
203,2,1997,4.32
203,2,1998,4.13
203,2,1999,3.93
203,2,2000,3.79
203,2,2001,3.69
203,2,2002,3.6
203,2,2003,3.58
203,2,2004,3.58
203,2,2005,3.68
203,2,2006,3.8
203,2,2007,3.72
203,2,2008,3.9
203,2,2009,3.98
203,2,2010,4.11
203,2,2011,4.2
203,2,2012,4.25
203,2,2013,4.24
203,2,2014,4.27
203,2,2015,4.23
203,2,2016,4.22
203,2,2017,4.16
203,2,2018,4.15
203,2,2019,4.06
203,2,2020,3.66
203,2,2021,3.46
203,2,2022,3.56
203,2,2023,3.56
203,3,1980,15.82
203,3,1981,16.04
203,3,1982,16.22
203,3,1983,16.47
203,3,1984,16.51
203,3,1985,16.62
203,3,1986,16.55
203,3,1987,16.81
203,3,1988,16.53
203,3,1989,16.49
203,3,1990,16.51
203,3,1991,16.15
203,3,1992,15.92
203,3,1993,15.53
203,3,1994,15.12
203,3,1995,15.35
203,3,1996,14.44
203,3,1997,14.13
203,3,1998,13.74
203,3,1999,13.16
203,3,2000,12.94
203,3,2001,12.86
203,3,2002,12.72
203,3,2003,12.79
203,3,2004,12.83
203,3,2005,13.15
203,3,2006,13.15
203,3,2007,12.81
203,3,2008,13.4
203,3,2009,13.69
203,3,2010,14.32
203,3,2011,14.36
203,3,2012,14.19
203,3,2013,14.08
203,3,2014,13.91
203,3,2015,13.66
203,3,2016,13.64
203,3,2017,13.36
203,3,2018,12.94
203,3,2019,12.58
203,3,2020,12.05
203,3,2021,11.94
203,3,2022,11.55
203,3,2023,11.2
204,1,1980,17.73
204,1,1981,17.85
204,1,1982,18.12
204,1,1983,18.24
204,1,1984,18.45
204,1,1985,18.2
204,1,1986,17.94
204,1,1987,18.01
204,1,1988,17.33
204,1,1989,17.23
204,1,1990,19.33
204,1,1991,18.39
204,1,1992,18.47
204,1,1993,19.29
204,1,1994,18.82
204,1,1995,18.79
204,1,1996,19.67
204,1,1997,20.11
204,1,1998,20.71
204,1,1999,20.85
204,1,2000,22.99
204,1,2001,21.54
204,1,2002,21.69
204,1,2003,21.81
204,1,2004,21.17
204,1,2005,20.81
204,1,2006,24.83
204,1,2007,22.6
204,1,2008,19.45
204,1,2009,19.42
204,1,2010,19.15
204,1,2011,18.64
204,1,2012,18.33
204,1,2013,18.64
204,1,2014,18.57
204,1,2015,18.56
204,1,2016,18.92
204,1,2017,19.5
204,1,2018,19.39
204,1,2019,20.86
204,1,2020,19.79
204,1,2021,21.83
204,1,2022,19.56
204,1,2023,18.77
204,2,1980,4.17
204,2,1981,4.23
204,2,1982,4.31
204,2,1983,4.36
204,2,1984,4.41
204,2,1985,4.41
204,2,1986,4.37
204,2,1987,4.36
204,2,1988,4.29
204,2,1989,4.29
204,2,1990,4.58
204,2,1991,4.46
204,2,1992,4.47
204,2,1993,4.57
204,2,1994,4.45
204,2,1995,4.38
204,2,1996,4.47
204,2,1997,4.5
204,2,1998,4.55
204,2,1999,4.57
204,2,2000,4.96
204,2,2001,4.69
204,2,2002,4.68
204,2,2003,4.7
204,2,2004,4.63
204,2,2005,4.62
204,2,2006,5.44
204,2,2007,5.14
204,2,2008,4.64
204,2,2009,4.61
204,2,2010,4.55
204,2,2011,4.43
204,2,2012,4.34
204,2,2013,4.45
204,2,2014,4.5
204,2,2015,4.59
204,2,2016,4.72
204,2,2017,4.88
204,2,2018,4.93
204,2,2019,5.27
204,2,2020,5.19
204,2,2021,5.59
204,2,2022,5.08
204,2,2023,4.98
204,3,1980,10.56
204,3,1981,10.64
204,3,1982,10.8
204,3,1983,10.88
204,3,1984,11.01
204,3,1985,10.89
204,3,1986,10.74
204,3,1987,10.76
204,3,1988,10.41
204,3,1989,10.36
204,3,1990,11.51
204,3,1991,11
204,3,1992,11.05
204,3,1993,11.49
204,3,1994,11.22
204,3,1995,11.18
204,3,1996,11.66
204,3,1997,11.89
204,3,1998,12.21
204,3,1999,12.3
204,3,2000,13.53
204,3,2001,12.72
204,3,2002,12.8
204,3,2003,12.88
204,3,2004,12.55
204,3,2005,12.38
204,3,2006,14.73
204,3,2007,13.53
204,3,2008,11.78
204,3,2009,11.76
204,3,2010,11.61
204,3,2011,11.31
204,3,2012,11.12
204,3,2013,11.34
204,3,2014,11.34
204,3,2015,11.39
204,3,2016,11.64
204,3,2017,12.01
204,3,2018,12
204,3,2019,12.89
204,3,2020,12.32
204,3,2021,13.54
204,3,2022,12.17
204,3,2023,11.74
205,1,1980,20.67
205,1,1981,20.78
205,1,1982,20.65
205,1,1983,21.13
205,1,1984,21.17
205,1,1985,21.59
205,1,1986,21.62
205,1,1987,21.55
205,1,1988,21.49
205,1,1989,21.21
205,1,1990,20.76
205,1,1991,20.6
205,1,1992,20.53
205,1,1993,21
205,1,1994,21.3
205,1,1995,21.92
205,1,1996,21.57
205,1,1997,21.69
205,1,1998,21.85
205,1,1999,21.25
205,1,2000,21.46
205,1,2001,20.71
205,1,2002,20.85
205,1,2003,21.61
205,1,2004,21.44
205,1,2005,20.84
205,1,2006,19.65
205,1,2007,19.59
205,1,2008,19.22
205,1,2009,18.5
205,1,2010,17.63
205,1,2011,17.49
205,1,2012,17.8
205,1,2013,18.34
205,1,2014,18.25
205,1,2015,18.1
205,1,2016,18.44
205,1,2017,18.1
205,1,2018,17.83
205,1,2019,17.74
205,1,2020,17.62
205,1,2021,17.35
205,1,2022,16.81
205,1,2023,16.54
205,2,1980,3.02
205,2,1981,3.06
205,2,1982,3.09
205,2,1983,3.17
205,2,1984,3.18
205,2,1985,3.23
205,2,1986,3.21
205,2,1987,3.15
205,2,1988,3.14
205,2,1989,3.07
205,2,1990,2.97
205,2,1991,2.92
205,2,1992,2.89
205,2,1993,2.95
205,2,1994,3.01
205,2,1995,3.13
205,2,1996,3.13
205,2,1997,3.19
205,2,1998,3.27
205,2,1999,3.3
205,2,2000,3.41
205,2,2001,3.34
205,2,2002,3.42
205,2,2003,3.6
205,2,2004,3.65
205,2,2005,3.57
205,2,2006,3.42
205,2,2007,3.41
205,2,2008,3.37
205,2,2009,3.27
205,2,2010,3.2
205,2,2011,3.2
205,2,2012,3.21
205,2,2013,3.36
205,2,2014,3.43
205,2,2015,3.53
205,2,2016,3.64
205,2,2017,3.63
205,2,2018,3.6
205,2,2019,3.53
205,2,2020,3.56
205,2,2021,3.5
205,2,2022,3.29
205,2,2023,3.26
205,3,1980,12.32
205,3,1981,12.38
205,3,1982,12.31
205,3,1983,12.59
205,3,1984,12.61
205,3,1985,12.83
205,3,1986,12.81
205,3,1987,12.74
205,3,1988,12.68
205,3,1989,12.49
205,3,1990,12.2
205,3,1991,12.07
205,3,1992,12.01
205,3,1993,12.28
205,3,1994,12.45
205,3,1995,12.82
205,3,1996,12.64
205,3,1997,12.73
205,3,1998,12.85
205,3,1999,12.55
205,3,2000,12.71
205,3,2001,12.29
205,3,2002,12.41
205,3,2003,12.88
205,3,2004,12.82
205,3,2005,12.48
205,3,2006,11.79
205,3,2007,11.75
205,3,2008,11.55
205,3,2009,11.13
205,3,2010,10.65
205,3,2011,10.58
205,3,2012,10.75
205,3,2013,11.11
205,3,2014,11.11
205,3,2015,11.09
205,3,2016,11.33
205,3,2017,11.18
205,3,2018,11.03
205,3,2019,10.97
205,3,2020,10.93
205,3,2021,10.77
205,3,2022,10.4
205,3,2023,10.26
206,1,1980,5.23
206,1,1981,5.09
206,1,1982,4.84
206,1,1983,4.83
206,1,1984,4.71
206,1,1985,4.62
206,1,1986,4.67
206,1,1987,4.77
206,1,1988,4.87
206,1,1989,4.78
206,1,1990,5.35
206,1,1991,5.4
206,1,1992,5.51
206,1,1993,5.43
206,1,1994,5.28
206,1,1995,5.61
206,1,1996,5.33
206,1,1997,5.25
206,1,1998,5.41
206,1,1999,5.44
206,1,2000,5.3
206,1,2001,4.97
206,1,2002,5.19
206,1,2003,3.91
206,1,2004,3.13
206,1,2005,4.29
206,1,2006,4.92
206,1,2007,5.75
206,1,2008,5.19
206,1,2009,7.02
206,1,2010,5
206,1,2011,4.69
206,1,2012,4.61
206,1,2013,4.68
206,1,2014,4.97
206,1,2015,4.86
206,1,2016,5.22
206,1,2017,5.59
206,1,2018,5.49
206,1,2019,5.76
206,1,2020,5.36
206,1,2021,5.32
206,1,2022,5.11
206,1,2023,4.99
206,2,1980,0.27
206,2,1981,0.26
206,2,1982,0.25
206,2,1983,0.25
206,2,1984,0.24
206,2,1985,0.23
206,2,1986,0.24
206,2,1987,0.24
206,2,1988,0.24
206,2,1989,0.24
206,2,1990,0.27
206,2,1991,0.27
206,2,1992,0.27
206,2,1993,0.26
206,2,1994,0.25
206,2,1995,0.26
206,2,1996,0.24
206,2,1997,0.24
206,2,1998,0.24
206,2,1999,0.24
206,2,2000,0.25
206,2,2001,0.21
206,2,2002,0.2
206,2,2003,0.21
206,2,2004,0.23
206,2,2005,0.23
206,2,2006,0.23
206,2,2007,0.23
206,2,2008,0.22
206,2,2009,0.58
206,2,2010,0.23
206,2,2011,0.22
206,2,2012,0.23
206,2,2013,0.25
206,2,2014,0.3
206,2,2015,0.32
206,2,2016,0.37
206,2,2017,0.45
206,2,2018,0.48
206,2,2019,0.54
206,2,2020,0.56
206,2,2021,0.55
206,2,2022,0.48
206,2,2023,0.47
206,3,1980,2.73
206,3,1981,2.64
206,3,1982,2.51
206,3,1983,2.5
206,3,1984,2.44
206,3,1985,2.39
206,3,1986,2.42
206,3,1987,2.48
206,3,1988,2.54
206,3,1989,2.5
206,3,1990,2.79
206,3,1991,2.82
206,3,1992,2.89
206,3,1993,2.84
206,3,1994,2.76
206,3,1995,2.93
206,3,1996,2.77
206,3,1997,2.72
206,3,1998,2.8
206,3,1999,2.81
206,3,2000,2.74
206,3,2001,2.55
206,3,2002,2.64
206,3,2003,2.01
206,3,2004,1.65
206,3,2005,2.22
206,3,2006,2.52
206,3,2007,2.92
206,3,2008,2.64
206,3,2009,3.71
206,3,2010,2.55
206,3,2011,2.4
206,3,2012,2.36
206,3,2013,2.4
206,3,2014,2.57
206,3,2015,2.52
206,3,2016,2.73
206,3,2017,2.94
206,3,2018,2.91
206,3,2019,3.08
206,3,2020,2.88
206,3,2021,2.86
206,3,2022,2.72
206,3,2023,2.66
207,1,1980,17.26
207,1,1981,17.7
207,1,1982,18.05
207,1,1983,18.66
207,1,1984,19.29
207,1,1985,19.68
207,1,1986,20.01
207,1,1987,20.55
207,1,1988,20.38
207,1,1989,20.15
207,1,1990,20.08
207,1,1991,20.04
207,1,1992,20.19
207,1,1993,19.37
207,1,1994,39.53
207,1,1995,20.3
207,1,1996,18.17
207,1,1997,17.89
207,1,1998,17.66
207,1,1999,16.82
207,1,2000,16.77
207,1,2001,16.63
207,1,2002,16.16
207,1,2003,15.48
207,1,2004,15.09
207,1,2005,14.75
207,1,2006,14.07
207,1,2007,13.21
207,1,2008,12.64
207,1,2009,11.36
207,1,2010,11.89
207,1,2011,12.08
207,1,2012,12.01
207,1,2013,12.22
207,1,2014,12.35
207,1,2015,12.4
207,1,2016,12.68
207,1,2017,13.02
207,1,2018,13.05
207,1,2019,13.36
207,1,2020,13.76
207,1,2021,14.26
207,1,2022,13.74
207,1,2023,13.49
207,2,1980,6.34
207,2,1981,6.45
207,2,1982,6.55
207,2,1983,6.68
207,2,1984,6.87
207,2,1985,6.99
207,2,1986,7.07
207,2,1987,7.17
207,2,1988,7.16
207,2,1989,7.11
207,2,1990,7.06
207,2,1991,7.07
207,2,1992,7.13
207,2,1993,6.79
207,2,1994,13.94
207,2,1995,7.11
207,2,1996,6.42
207,2,1997,6.28
207,2,1998,6.13
207,2,1999,5.86
207,2,2000,5.79
207,2,2001,5.72
207,2,2002,5.53
207,2,2003,5.25
207,2,2004,5.14
207,2,2005,5.02
207,2,2006,4.85
207,2,2007,4.57
207,2,2008,4.5
207,2,2009,4.09
207,2,2010,4.28
207,2,2011,4.44
207,2,2012,4.43
207,2,2013,4.43
207,2,2014,4.43
207,2,2015,4.47
207,2,2016,4.59
207,2,2017,4.74
207,2,2018,4.7
207,2,2019,4.73
207,2,2020,4.89
207,2,2021,5.1
207,2,2022,4.85
207,2,2023,4.71
207,3,1980,11.61
207,3,1981,11.88
207,3,1982,12.09
207,3,1983,12.45
207,3,1984,12.85
207,3,1985,13.1
207,3,1986,13.3
207,3,1987,13.62
207,3,1988,13.53
207,3,1989,13.4
207,3,1990,13.34
207,3,1991,13.33
207,3,1992,13.44
207,3,1993,12.88
207,3,1994,26.29
207,3,1995,13.49
207,3,1996,12.11
207,3,1997,11.91
207,3,1998,11.71
207,3,1999,11.17
207,3,2000,11.1
207,3,2001,10.99
207,3,2002,10.65
207,3,2003,10.17
207,3,2004,9.91
207,3,2005,9.67
207,3,2006,9.24
207,3,2007,8.68
207,3,2008,8.36
207,3,2009,7.54
207,3,2010,7.89
207,3,2011,8.06
207,3,2012,8.02
207,3,2013,8.12
207,3,2014,8.19
207,3,2015,8.24
207,3,2016,8.44
207,3,2017,8.69
207,3,2018,8.69
207,3,2019,8.86
207,3,2020,9.15
207,3,2021,9.51
207,3,2022,9.14
207,3,2023,8.96
208,1,1980,12.49
208,1,1981,12.44
208,1,1982,12.99
208,1,1983,12.49
208,1,1984,12.38
208,1,1985,12.47
208,1,1986,13.02
208,1,1987,13.39
208,1,1988,13.44
208,1,1989,13.57
208,1,1990,13.68
208,1,1991,13.94
208,1,1992,14.19
208,1,1993,14.52
208,1,1994,14.75
208,1,1995,15
208,1,1996,15.15
208,1,1997,15.33
208,1,1998,15.76
208,1,1999,15.65
208,1,2000,16.18
208,1,2001,15.72
208,1,2002,15.95
208,1,2003,16.02
208,1,2004,16.2
208,1,2005,16.12
208,1,2006,16.69
208,1,2007,16.53
208,1,2008,16.35
208,1,2009,16.44
208,1,2010,16.69
208,1,2011,17.04
208,1,2012,16.19
208,1,2013,18.07
208,1,2014,16.25
208,1,2015,16.16
208,1,2016,16.22
208,1,2017,16.19
208,1,2018,16.08
208,1,2019,16.04
208,1,2020,16.96
208,1,2021,16.19
208,1,2022,15.38
208,1,2023,14.87
208,2,1980,4.27
208,2,1981,4.29
208,2,1982,4.45
208,2,1983,4.35
208,2,1984,4.35
208,2,1985,4.4
208,2,1986,4.54
208,2,1987,4.58
208,2,1988,4.57
208,2,1989,4.57
208,2,1990,4.54
208,2,1991,4.56
208,2,1992,4.55
208,2,1993,4.55
208,2,1994,4.53
208,2,1995,4.48
208,2,1996,4.42
208,2,1997,4.39
208,2,1998,4.39
208,2,1999,4.33
208,2,2000,4.43
208,2,2001,4.32
208,2,2002,4.31
208,2,2003,4.35
208,2,2004,4.46
208,2,2005,4.52
208,2,2006,4.68
208,2,2007,4.7
208,2,2008,4.7
208,2,2009,4.68
208,2,2010,4.72
208,2,2011,4.76
208,2,2012,4.61
208,2,2013,5.03
208,2,2014,4.78
208,2,2015,4.79
208,2,2016,4.81
208,2,2017,4.8
208,2,2018,4.83
208,2,2019,4.91
208,2,2020,5.24
208,2,2021,5.17
208,2,2022,4.8
208,2,2023,4.76
208,3,1980,8.11
208,3,1981,8.09
208,3,1982,8.41
208,3,1983,8.13
208,3,1984,8.07
208,3,1985,8.15
208,3,1986,8.47
208,3,1987,8.67
208,3,1988,8.69
208,3,1989,8.75
208,3,1990,8.79
208,3,1991,8.93
208,3,1992,9.07
208,3,1993,9.24
208,3,1994,9.35
208,3,1995,9.45
208,3,1996,9.51
208,3,1997,9.58
208,3,1998,9.77
208,3,1999,9.68
208,3,2000,9.98
208,3,2001,9.71
208,3,2002,9.79
208,3,2003,9.83
208,3,2004,9.97
208,3,2005,9.97
208,3,2006,10.31
208,3,2007,10.24
208,3,2008,10.16
208,3,2009,10.18
208,3,2010,10.32
208,3,2011,10.5
208,3,2012,10.03
208,3,2013,11.12
208,3,2014,10.15
208,3,2015,10.11
208,3,2016,10.16
208,3,2017,10.14
208,3,2018,10.1
208,3,2019,10.13
208,3,2020,10.74
208,3,2021,10.34
208,3,2022,9.77
208,3,2023,9.51
209,1,1980,17.51
209,1,1981,17.58
209,1,1982,17.42
209,1,1983,17.64
209,1,1984,18.01
209,1,1985,18.28
209,1,1986,18.48
209,1,1987,18.99
209,1,1988,19.07
209,1,1989,19.34
209,1,1990,19.59
209,1,1991,19.53
209,1,1992,19.51
209,1,1993,19.63
209,1,1994,19.47
209,1,1995,19.61
209,1,1996,19.72
209,1,1997,19.52
209,1,1998,19.68
209,1,1999,19.3
209,1,2000,19.55
209,1,2001,19.89
209,1,2002,20.12
209,1,2003,20.2
209,1,2004,20.29
209,1,2005,20.47
209,1,2006,20.18
209,1,2007,20.49
209,1,2008,20.71
209,1,2009,20.59
209,1,2010,20.75
209,1,2011,20.36
209,1,2012,19.76
209,1,2013,19.49
209,1,2014,19.61
209,1,2015,19.88
209,1,2016,20.52
209,1,2017,20.54
209,1,2018,20.07
209,1,2019,20.66
209,1,2020,20.99
209,1,2021,21.42
209,1,2022,20.86
209,1,2023,20.83
209,2,1980,8.76
209,2,1981,8.8
209,2,1982,8.76
209,2,1983,8.79
209,2,1984,8.96
209,2,1985,9.02
209,2,1986,9.07
209,2,1987,9.13
209,2,1988,9.08
209,2,1989,9.09
209,2,1990,9.01
209,2,1991,8.84
209,2,1992,8.65
209,2,1993,8.43
209,2,1994,8.18
209,2,1995,7.85
209,2,1996,7.82
209,2,1997,7.44
209,2,1998,7.04
209,2,1999,6.75
209,2,2000,6.69
209,2,2001,6.62
209,2,2002,6.57
209,2,2003,6.54
209,2,2004,6.56
209,2,2005,6.68
209,2,2006,6.61
209,2,2007,6.85
209,2,2008,6.98
209,2,2009,6.91
209,2,2010,6.89
209,2,2011,6.82
209,2,2012,6.85
209,2,2013,7.01
209,2,2014,7.06
209,2,2015,7.14
209,2,2016,7.39
209,2,2017,7.48
209,2,2018,7.58
209,2,2019,7.77
209,2,2020,7.8
209,2,2021,7.8
209,2,2022,7.43
209,2,2023,7.46
209,3,1980,12.78
209,3,1981,12.84
209,3,1982,12.75
209,3,1983,12.87
209,3,1984,13.14
209,3,1985,13.3
209,3,1986,13.43
209,3,1987,13.71
209,3,1988,13.73
209,3,1989,13.87
209,3,1990,13.96
209,3,1991,13.85
209,3,1992,13.75
209,3,1993,13.7
209,3,1994,13.5
209,3,1995,13.41
209,3,1996,13.44
209,3,1997,13.16
209,3,1998,13.03
209,3,1999,12.7
209,3,2000,12.79
209,3,2001,12.91
209,3,2002,12.99
209,3,2003,13.01
209,3,2004,13.06
209,3,2005,13.2
209,3,2006,13.03
209,3,2007,13.29
209,3,2008,13.47
209,3,2009,13.37
209,3,2010,13.44
209,3,2011,13.22
209,3,2012,12.96
209,3,2013,12.92
209,3,2014,13
209,3,2015,13.17
209,3,2016,13.61
209,3,2017,13.67
209,3,2018,13.51
209,3,2019,13.89
209,3,2020,14.07
209,3,2021,14.27
209,3,2022,13.81
209,3,2023,13.82
210,1,1980,7.47
210,1,1981,7.81
210,1,1982,8.2
210,1,1983,7.88
210,1,1984,9.27
210,1,1985,11.43
210,1,1986,11.17
210,1,1987,11.26
210,1,1988,10.64
210,1,1989,9.6
210,1,1990,12.84
210,1,1991,36.23
210,1,1992,15
210,1,1993,19.43
210,1,1994,52.4
210,1,1995,11.47
210,1,1996,193.05
210,1,1997,10.12
210,1,1998,10.33
210,1,1999,9.99
210,1,2000,9.21
210,1,2001,8.54
210,1,2002,7.72
210,1,2003,7.43
210,1,2004,7.31
210,1,2005,7.16
210,1,2006,7.26
210,1,2007,7.34
210,1,2008,7.54
210,1,2009,7.93
210,1,2010,8.15
210,1,2011,8.05
210,1,2012,8.15
210,1,2013,8.1
210,1,2014,7.82
210,1,2015,7.65
210,1,2016,7.66
210,1,2017,7.56
210,1,2018,7.58
210,1,2019,7.91
210,1,2020,7.57
210,1,2021,7.89
210,1,2022,7.68
210,1,2023,7.59
210,2,1980,1.9
210,2,1981,1.95
210,2,1982,2.01
210,2,1983,1.9
210,2,1984,2.23
210,2,1985,2.75
210,2,1986,2.7
210,2,1987,2.72
210,2,1988,2.64
210,2,1989,2.46
210,2,1990,3.09
210,2,1991,7.56
210,2,1992,3.45
210,2,1993,4.27
210,2,1994,10.39
210,2,1995,3.09
210,2,1996,35.24
210,2,1997,2.94
210,2,1998,3.1
210,2,1999,3.15
210,2,2000,3.13
210,2,2001,3
210,2,2002,2.81
210,2,2003,2.7
210,2,2004,2.73
210,2,2005,2.66
210,2,2006,2.68
210,2,2007,2.65
210,2,2008,2.75
210,2,2009,2.9
210,2,2010,2.94
210,2,2011,2.91
210,2,2012,2.95
210,2,2013,2.94
210,2,2014,2.83
210,2,2015,2.77
210,2,2016,2.72
210,2,2017,2.7
210,2,2018,2.68
210,2,2019,2.75
210,2,2020,2.7
210,2,2021,2.77
210,2,2022,2.63
210,2,2023,2.65
210,3,1980,4.62
210,3,1981,4.82
210,3,1982,5.04
210,3,1983,4.84
210,3,1984,5.69
210,3,1985,7.02
210,3,1986,6.88
210,3,1987,6.94
210,3,1988,6.6
210,3,1989,6
210,3,1990,7.95
210,3,1991,21.5
210,3,1992,8.79
210,3,1993,11.41
210,3,1994,30.44
210,3,1995,7
210,3,1996,109.34
210,3,1997,6.28
210,3,1998,6.52
210,3,1999,6.44
210,3,2000,6.08
210,3,2001,5.7
210,3,2002,5.21
210,3,2003,5.01
210,3,2004,4.96
210,3,2005,4.84
210,3,2006,4.91
210,3,2007,4.95
210,3,2008,5.12
210,3,2009,5.4
210,3,2010,5.53
210,3,2011,5.47
210,3,2012,5.56
210,3,2013,5.54
210,3,2014,5.35
210,3,2015,5.23
210,3,2016,5.21
210,3,2017,5.15
210,3,2018,5.15
210,3,2019,5.35
210,3,2020,5.15
210,3,2021,5.34
210,3,2022,5.17
210,3,2023,5.13
211,1,1980,16.82
211,1,1981,14.23
211,1,1982,16.03
211,1,1983,16.16
211,1,1984,15.88
211,1,1985,15.94
211,1,1986,15.67
211,1,1987,15.89
211,1,1988,15.86
211,1,1989,15.95
211,1,1990,16.2
211,1,1991,16.2
211,1,1992,16.3
211,1,1993,16.74
211,1,1994,17.37
211,1,1995,17.02
211,1,1996,17.33
211,1,1997,17.61
211,1,1998,17.28
211,1,1999,17.92
211,1,2000,17.07
211,1,2001,16.95
211,1,2002,17.28
211,1,2003,16.98
211,1,2004,17.28
211,1,2005,16.81
211,1,2006,16.58
211,1,2007,16.68
211,1,2008,16.59
211,1,2009,16.7
211,1,2010,16.68
211,1,2011,16.25
211,1,2012,17.11
211,1,2013,16.37
211,1,2014,17.24
211,1,2015,17.12
211,1,2016,17.78
211,1,2017,19.08
211,1,2018,19.34
211,1,2019,17.51
211,1,2020,20.72
211,1,2021,19.67
211,1,2022,22.47
211,1,2023,16.58
211,2,1980,5.16
211,2,1981,4.54
211,2,1982,5.03
211,2,1983,5.05
211,2,1984,5.03
211,2,1985,5.05
211,2,1986,5.02
211,2,1987,5.04
211,2,1988,5.04
211,2,1989,5.05
211,2,1990,5.05
211,2,1991,4.99
211,2,1992,4.92
211,2,1993,4.87
211,2,1994,4.91
211,2,1995,4.78
211,2,1996,4.77
211,2,1997,4.75
211,2,1998,4.6
211,2,1999,4.67
211,2,2000,4.44
211,2,2001,4.32
211,2,2002,4.38
211,2,2003,4.29
211,2,2004,4.3
211,2,2005,4.22
211,2,2006,4.23
211,2,2007,4.28
211,2,2008,4.33
211,2,2009,4.33
211,2,2010,4.29
211,2,2011,4.22
211,2,2012,4.43
211,2,2013,4.3
211,2,2014,4.51
211,2,2015,4.59
211,2,2016,4.82
211,2,2017,5.12
211,2,2018,5.22
211,2,2019,4.91
211,2,2020,5.62
211,2,2021,5.47
211,2,2022,5.73
211,2,2023,4.66
211,3,1980,10.69
211,3,1981,9.14
211,3,1982,10.23
211,3,1983,10.29
211,3,1984,10.14
211,3,1985,10.18
211,3,1986,10.03
211,3,1987,10.16
211,3,1988,10.15
211,3,1989,10.21
211,3,1990,10.34
211,3,1991,10.33
211,3,1992,10.36
211,3,1993,10.56
211,3,1994,10.89
211,3,1995,10.67
211,3,1996,10.84
211,3,1997,10.98
211,3,1998,10.75
211,3,1999,11.1
211,3,2000,10.58
211,3,2001,10.46
211,3,2002,10.66
211,3,2003,10.47
211,3,2004,10.62
211,3,2005,10.35
211,3,2006,10.24
211,3,2007,10.32
211,3,2008,10.3
211,3,2009,10.36
211,3,2010,10.33
211,3,2011,10.1
211,3,2012,10.62
211,3,2013,10.2
211,3,2014,10.73
211,3,2015,10.72
211,3,2016,11.17
211,3,2017,11.96
211,3,2018,12.15
211,3,2019,11.11
211,3,2020,13.01
211,3,2021,12.43
211,3,2022,13.93
211,3,2023,10.54
212,1,1980,8.91
212,1,1981,9.04
212,1,1982,9.02
212,1,1983,9.3
212,1,1984,9.68
212,1,1985,10.05
212,1,1986,10.17
212,1,1987,10.84
212,1,1988,10.83
212,1,1989,21.07
212,1,1990,11.29
212,1,1991,11.08
212,1,1992,11.16
212,1,1993,11.19
212,1,1994,10.8
212,1,1995,10.76
212,1,1996,10.96
212,1,1997,10.99
212,1,1998,11.14
212,1,1999,10.58
212,1,2000,10.65
212,1,2001,10.83
212,1,2002,10.81
212,1,2003,10.57
212,1,2004,10.84
212,1,2005,10.82
212,1,2006,10.79
212,1,2007,10.31
212,1,2008,10.04
212,1,2009,10.21
212,1,2010,10.21
212,1,2011,9.83
212,1,2012,9.86
212,1,2013,9.96
212,1,2014,9.72
212,1,2015,9.77
212,1,2016,9.83
212,1,2017,10.09
212,1,2018,9.99
212,1,2019,10.33
212,1,2020,10.17
212,1,2021,10.1
212,1,2022,9.8
212,1,2023,9.81
212,2,1980,2.79
212,2,1981,2.85
212,2,1982,2.91
212,2,1983,2.96
212,2,1984,3.14
212,2,1985,3.25
212,2,1986,3.32
212,2,1987,3.43
212,2,1988,3.43
212,2,1989,5.26
212,2,1990,3.51
212,2,1991,3.46
212,2,1992,3.46
212,2,1993,3.44
212,2,1994,3.28
212,2,1995,3.23
212,2,1996,3.29
212,2,1997,3.27
212,2,1998,3.33
212,2,1999,3.22
212,2,2000,3.3
212,2,2001,3.35
212,2,2002,3.39
212,2,2003,3.34
212,2,2004,3.48
212,2,2005,3.55
212,2,2006,3.67
212,2,2007,3.55
212,2,2008,3.47
212,2,2009,3.54
212,2,2010,3.46
212,2,2011,3.3
212,2,2012,3.3
212,2,2013,3.3
212,2,2014,3.18
212,2,2015,3.15
212,2,2016,3.09
212,2,2017,3.18
212,2,2018,3.19
212,2,2019,3.33
212,2,2020,3.34
212,2,2021,3.29
212,2,2022,3.18
212,2,2023,3.26
212,3,1980,5.73
212,3,1981,5.82
212,3,1982,5.85
212,3,1983,6.01
212,3,1984,6.3
212,3,1985,6.54
212,3,1986,6.63
212,3,1987,7.02
212,3,1988,7.02
212,3,1989,12.92
212,3,1990,7.28
212,3,1991,7.16
212,3,1992,7.19
212,3,1993,7.2
212,3,1994,6.93
212,3,1995,6.88
212,3,1996,7.01
212,3,1997,7.01
212,3,1998,7.12
212,3,1999,6.79
212,3,2000,6.87
212,3,2001,6.98
212,3,2002,6.99
212,3,2003,6.85
212,3,2004,7.06
212,3,2005,7.08
212,3,2006,7.13
212,3,2007,6.84
212,3,2008,6.67
212,3,2009,6.78
212,3,2010,6.74
212,3,2011,6.47
212,3,2012,6.49
212,3,2013,6.54
212,3,2014,6.36
212,3,2015,6.37
212,3,2016,6.36
212,3,2017,6.53
212,3,2018,6.49
212,3,2019,6.72
212,3,2020,6.64
212,3,2021,6.59
212,3,2022,6.38
212,3,2023,6.43
213,1,1980,14.41
213,1,1981,14.28
213,1,1982,14.39
213,1,1983,14.37
213,1,1984,14.71
213,1,1985,14.84
213,1,1986,15.14
213,1,1987,15.56
213,1,1988,15.57
213,1,1989,15.64
213,1,1990,16.18
213,1,1991,16.21
213,1,1992,16.31
213,1,1993,16.92
213,1,1994,16.93
213,1,1995,17.39
213,1,1996,17.64
213,1,1997,18.19
213,1,1998,18.13
213,1,1999,18.16
213,1,2000,18.57
213,1,2001,18.91
213,1,2002,19.15
213,1,2003,19.18
213,1,2004,19.07
213,1,2005,19.35
213,1,2006,19.28
213,1,2007,19.2
213,1,2008,18.83
213,1,2009,19.66
213,1,2010,19.58
213,1,2011,19.71
213,1,2012,19.72
213,1,2013,20.27
213,1,2014,20.54
213,1,2015,20.37
213,1,2016,20.92
213,1,2017,21.11
213,1,2018,21.23
213,1,2019,21.14
213,1,2020,20.6
213,1,2021,21.6
213,1,2022,20.5
213,1,2023,20.24
213,2,1980,3.9
213,2,1981,3.92
213,2,1982,4
213,2,1983,4.06
213,2,1984,4.17
213,2,1985,4.27
213,2,1986,4.37
213,2,1987,4.47
213,2,1988,4.5
213,2,1989,4.53
213,2,1990,4.6
213,2,1991,4.65
213,2,1992,4.65
213,2,1993,4.69
213,2,1994,4.66
213,2,1995,4.68
213,2,1996,4.66
213,2,1997,4.69
213,2,1998,4.6
213,2,1999,4.54
213,2,2000,4.57
213,2,2001,4.55
213,2,2002,4.5
213,2,2003,4.43
213,2,2004,4.35
213,2,2005,4.43
213,2,2006,4.44
213,2,2007,4.38
213,2,2008,4.28
213,2,2009,4.33
213,2,2010,4.23
213,2,2011,4.25
213,2,2012,4.29
213,2,2013,4.48
213,2,2014,4.6
213,2,2015,4.67
213,2,2016,4.78
213,2,2017,4.88
213,2,2018,4.92
213,2,2019,4.96
213,2,2020,5.07
213,2,2021,5.32
213,2,2022,5.2
213,2,2023,5.22
213,3,1980,9
213,3,1981,8.96
213,3,1982,9.05
213,3,1983,9.07
213,3,1984,9.31
213,3,1985,9.43
213,3,1986,9.64
213,3,1987,9.9
213,3,1988,9.93
213,3,1989,9.99
213,3,1990,10.29
213,3,1991,10.33
213,3,1992,10.38
213,3,1993,10.71
213,3,1994,10.7
213,3,1995,10.94
213,3,1996,11.04
213,3,1997,11.31
213,3,1998,11.24
213,3,1999,11.22
213,3,2000,11.41
213,3,2001,11.56
213,3,2002,11.65
213,3,2003,11.63
213,3,2004,11.54
213,3,2005,11.71
213,3,2006,11.68
213,3,2007,11.62
213,3,2008,11.4
213,3,2009,11.84
213,3,2010,11.76
213,3,2011,11.84
213,3,2012,11.87
213,3,2013,12.26
213,3,2014,12.46
213,3,2015,12.4
213,3,2016,12.74
213,3,2017,12.89
213,3,2018,12.97
213,3,2019,12.94
213,3,2020,12.73
213,3,2021,13.34
213,3,2022,12.74
213,3,2023,12.61
214,1,1980,16.39
214,1,1981,16.29
214,1,1982,16.29
214,1,1983,16.52
214,1,1984,16.79
214,1,1985,16.98
214,1,1986,17.22
214,1,1987,17.89
214,1,1988,17.92
214,1,1989,18.21
214,1,1990,18.72
214,1,1991,19.65
214,1,1992,20.66
214,1,1993,21.29
214,1,1994,18.98
214,1,1995,19.05
214,1,1996,19.26
214,1,1997,20.14
214,1,1998,19.93
214,1,1999,20.74
214,1,2000,22.23
214,1,2001,21.85
214,1,2002,19.26
214,1,2003,18.44
214,1,2004,19.89
214,1,2005,16.96
214,1,2006,16.21
214,1,2007,15.29
214,1,2008,14.73
214,1,2009,14.25
214,1,2010,14.85
214,1,2011,14.78
214,1,2012,13.52
214,1,2013,13.96
214,1,2014,14.34
214,1,2015,13.46
214,1,2016,13.62
214,1,2017,13.66
214,1,2018,14.36
214,1,2019,12.82
214,1,2020,12.94
214,1,2021,13.49
214,1,2022,12.96
214,1,2023,12.56
214,2,1980,7.15
214,2,1981,7.19
214,2,1982,7.22
214,2,1983,7.34
214,2,1984,7.47
214,2,1985,7.57
214,2,1986,7.66
214,2,1987,7.83
214,2,1988,7.86
214,2,1989,7.9
214,2,1990,7.93
214,2,1991,8.07
214,2,1992,8.12
214,2,1993,8.13
214,2,1994,7.62
214,2,1995,7.53
214,2,1996,7.44
214,2,1997,7.48
214,2,1998,7.33
214,2,1999,7.39
214,2,2000,7.62
214,2,2001,7.47
214,2,2002,6.92
214,2,2003,6.63
214,2,2004,6.81
214,2,2005,6.19
214,2,2006,5.99
214,2,2007,5.7
214,2,2008,5.5
214,2,2009,5.32
214,2,2010,5.36
214,2,2011,5.27
214,2,2012,5.03
214,2,2013,5.17
214,2,2014,5.3
214,2,2015,5.17
214,2,2016,5.23
214,2,2017,5.24
214,2,2018,5.37
214,2,2019,5.08
214,2,2020,5.16
214,2,2021,5.37
214,2,2022,5.12
214,2,2023,5.01
214,3,1980,11.92
214,3,1981,11.89
214,3,1982,11.92
214,3,1983,12.1
214,3,1984,12.31
214,3,1985,12.46
214,3,1986,12.64
214,3,1987,13.07
214,3,1988,13.11
214,3,1989,13.28
214,3,1990,13.56
214,3,1991,14.11
214,3,1992,14.66
214,3,1993,14.99
214,3,1994,13.58
214,3,1995,13.58
214,3,1996,13.66
214,3,1997,14.13
214,3,1998,13.97
214,3,1999,14.4
214,3,2000,15.26
214,3,2001,14.97
214,3,2002,13.38
214,3,2003,12.81
214,3,2004,13.6
214,3,2005,11.79
214,3,2006,11.27
214,3,2007,10.63
214,3,2008,10.21
214,3,2009,9.84
214,3,2010,10.11
214,3,2011,9.98
214,3,2012,9.21
214,3,2013,9.46
214,3,2014,9.67
214,3,2015,9.15
214,3,2016,9.22
214,3,2017,9.21
214,3,2018,9.58
214,3,2019,8.68
214,3,2020,8.76
214,3,2021,9.1
214,3,2022,8.71
214,3,2023,8.44
215,1,1980,6.97
215,1,1981,6.9
215,1,1982,6.64
215,1,1983,6.54
215,1,1984,6.56
215,1,1985,6.42
215,1,1986,6.66
215,1,1987,7.43
215,1,1988,8.34
215,1,1989,8.91
215,1,1990,9.51
215,1,1991,9.84
215,1,1992,10.19
215,1,1993,10.31
215,1,1994,10.12
215,1,1995,9.66
215,1,1996,9.64
215,1,1997,9.63
215,1,1998,9.86
215,1,1999,9.71
215,1,2000,9.5
215,1,2001,9.53
215,1,2002,9.63
215,1,2003,9.52
215,1,2004,9.32
215,1,2005,9.18
215,1,2006,9.5
215,1,2007,9.43
215,1,2008,9.26
215,1,2009,9.09
215,1,2010,9.02
215,1,2011,8.7
215,1,2012,8.54
215,1,2013,8.45
215,1,2014,8.45
215,1,2015,8.46
215,1,2016,8.69
215,1,2017,8.64
215,1,2018,8.62
215,1,2019,8.62
215,1,2020,8.63
215,1,2021,8.96
215,1,2022,8.27
215,1,2023,8.03
215,2,1980,2.94
215,2,1981,2.93
215,2,1982,2.9
215,2,1983,2.87
215,2,1984,2.86
215,2,1985,2.86
215,2,1986,2.89
215,2,1987,3.11
215,2,1988,3.68
215,2,1989,3.94
215,2,1990,4.17
215,2,1991,4.22
215,2,1992,4.31
215,2,1993,4.17
215,2,1994,4.04
215,2,1995,3.67
215,2,1996,3.58
215,2,1997,3.51
215,2,1998,3.52
215,2,1999,3.48
215,2,2000,3.39
215,2,2001,3.35
215,2,2002,3.27
215,2,2003,3.2
215,2,2004,3.13
215,2,2005,3.05
215,2,2006,3.29
215,2,2007,3.28
215,2,2008,3.26
215,2,2009,3.21
215,2,2010,3.22
215,2,2011,3.06
215,2,2012,2.92
215,2,2013,2.94
215,2,2014,3.05
215,2,2015,3.02
215,2,2016,3.02
215,2,2017,3.02
215,2,2018,3.05
215,2,2019,3.06
215,2,2020,2.94
215,2,2021,2.95
215,2,2022,2.87
215,2,2023,2.85
215,3,1980,4.91
215,3,1981,4.87
215,3,1982,4.72
215,3,1983,4.65
215,3,1984,4.66
215,3,1985,4.59
215,3,1986,4.71
215,3,1987,5.2
215,3,1988,5.93
215,3,1989,6.34
215,3,1990,6.75
215,3,1991,6.93
215,3,1992,7.15
215,3,1993,7.15
215,3,1994,6.98
215,3,1995,6.57
215,3,1996,6.52
215,3,1997,6.48
215,3,1998,6.6
215,3,1999,6.5
215,3,2000,6.35
215,3,2001,6.35
215,3,2002,6.36
215,3,2003,6.28
215,3,2004,6.15
215,3,2005,6.05
215,3,2006,6.33
215,3,2007,6.3
215,3,2008,6.21
215,3,2009,6.11
215,3,2010,6.09
215,3,2011,5.85
215,3,2012,5.71
215,3,2013,5.68
215,3,2014,5.74
215,3,2015,5.73
215,3,2016,5.85
215,3,2017,5.83
215,3,2018,5.84
215,3,2019,5.84
215,3,2020,5.79
215,3,2021,5.96
215,3,2022,5.58
215,3,2023,5.45
216,1,1980,3.1
216,1,1981,3.06
216,1,1982,2.91
216,1,1983,2.93
216,1,1984,2.91
216,1,1985,2.88
216,1,1986,2.74
216,1,1987,2.78
216,1,1988,2.81
216,1,1989,6.33
216,1,1990,2.86
216,1,1991,2.79
216,1,1992,2.73
216,1,1993,2.65
216,1,1994,2.61
216,1,1995,2.53
216,1,1996,2.48
216,1,1997,2.4
216,1,1998,2.48
216,1,1999,2.21
216,1,2000,2.06
216,1,2001,2.36
216,1,2002,2.26
216,1,2003,2.06
216,1,2004,2.17
216,1,2005,2.12
216,1,2006,4.04
216,1,2007,2.01
216,1,2008,2.01
216,1,2009,1.98
216,1,2010,1.89
216,1,2011,1.86
216,1,2012,1.78
216,1,2013,1.84
216,1,2014,1.93
216,1,2015,1.91
216,1,2016,1.99
216,1,2017,1.98
216,1,2018,2.05
216,1,2019,1.97
216,1,2020,1.91
216,1,2021,1.82
216,1,2022,1.94
216,1,2023,1.92
216,2,1980,1.28
216,2,1981,1.26
216,2,1982,1.21
216,2,1983,1.19
216,2,1984,1.2
216,2,1985,1.2
216,2,1986,1.14
216,2,1987,1.13
216,2,1988,1.13
216,2,1989,1.78
216,2,1990,1.12
216,2,1991,1.1
216,2,1992,1.08
216,2,1993,1.04
216,2,1994,1.02
216,2,1995,0.97
216,2,1996,0.95
216,2,1997,0.91
216,2,1998,0.91
216,2,1999,0.85
216,2,2000,0.78
216,2,2001,0.91
216,2,2002,0.88
216,2,2003,0.8
216,2,2004,0.89
216,2,2005,0.93
216,2,2006,1.32
216,2,2007,1.08
216,2,2008,1.22
216,2,2009,1.33
216,2,2010,1.41
216,2,2011,1.31
216,2,2012,1.2
216,2,2013,1.18
216,2,2014,1.23
216,2,2015,1.2
216,2,2016,1.25
216,2,2017,1.25
216,2,2018,1.24
216,2,2019,1.28
216,2,2020,1.23
216,2,2021,1.18
216,2,2022,1.23
216,2,2023,1.23
216,3,1980,2.15
216,3,1981,2.13
216,3,1982,2.02
216,3,1983,2.03
216,3,1984,2.01
216,3,1985,2
216,3,1986,1.9
216,3,1987,1.92
216,3,1988,1.93
216,3,1989,3.94
216,3,1990,1.95
216,3,1991,1.91
216,3,1992,1.86
216,3,1993,1.81
216,3,1994,1.78
216,3,1995,1.72
216,3,1996,1.68
216,3,1997,1.62
216,3,1998,1.67
216,3,1999,1.51
216,3,2000,1.4
216,3,2001,1.62
216,3,2002,1.55
216,3,2003,1.41
216,3,2004,1.51
216,3,2005,1.51
216,3,2006,2.64
216,3,2007,1.54
216,3,2008,1.61
216,3,2009,1.65
216,3,2010,1.65
216,3,2011,1.58
216,3,2012,1.49
216,3,2013,1.5
216,3,2014,1.58
216,3,2015,1.55
216,3,2016,1.61
216,3,2017,1.61
216,3,2018,1.64
216,3,2019,1.62
216,3,2020,1.57
216,3,2021,1.5
216,3,2022,1.58
216,3,2023,1.58
217,1,1980,4.37
217,1,1981,4.34
217,1,1982,4.32
217,1,1983,4.33
217,1,1984,4.31
217,1,1985,4.34
217,1,1986,4.34
217,1,1987,4.46
217,1,1988,4.46
217,1,1989,4.4
217,1,1990,4.26
217,1,1991,4.56
217,1,1992,4.15
217,1,1993,4.14
217,1,1994,5.14
217,1,1995,5.82
217,1,1996,4.01
217,1,1997,5.69
217,1,1998,3.81
217,1,1999,4.32
217,1,2000,3.73
217,1,2001,3.8
217,1,2002,3.83
217,1,2003,3.94
217,1,2004,4.06
217,1,2005,4.16
217,1,2006,4.42
217,1,2007,4.92
217,1,2008,5.4
217,1,2009,6.24
217,1,2010,7.36
217,1,2011,8.41
217,1,2012,9.78
217,1,2013,11.1
217,1,2014,12.4
217,1,2015,13.85
217,1,2016,15.58
217,1,2017,16.59
217,1,2018,17.19
217,1,2019,17.69
217,1,2020,17.36
217,1,2021,17.24
217,1,2022,16.48
217,1,2023,16.18
217,2,1980,1.53
217,2,1981,1.53
217,2,1982,1.53
217,2,1983,1.55
217,2,1984,1.55
217,2,1985,1.57
217,2,1986,1.57
217,2,1987,1.59
217,2,1988,1.58
217,2,1989,1.55
217,2,1990,1.49
217,2,1991,1.52
217,2,1992,1.44
217,2,1993,1.41
217,2,1994,1.57
217,2,1995,1.68
217,2,1996,1.35
217,2,1997,1.63
217,2,1998,1.29
217,2,1999,1.38
217,2,2000,1.29
217,2,2001,1.3
217,2,2002,1.31
217,2,2003,1.36
217,2,2004,1.44
217,2,2005,1.5
217,2,2006,1.62
217,2,2007,1.79
217,2,2008,1.97
217,2,2009,2.23
217,2,2010,2.67
217,2,2011,3.08
217,2,2012,3.61
217,2,2013,4.18
217,2,2014,4.78
217,2,2015,5.39
217,2,2016,6.09
217,2,2017,6.59
217,2,2018,6.76
217,2,2019,6.87
217,2,2020,6.58
217,2,2021,6.57
217,2,2022,6.31
217,2,2023,6.26
217,3,1980,2.89
217,3,1981,2.87
217,3,1982,2.86
217,3,1983,2.87
217,3,1984,2.86
217,3,1985,2.88
217,3,1986,2.88
217,3,1987,2.94
217,3,1988,2.94
217,3,1989,2.9
217,3,1990,2.81
217,3,1991,2.98
217,3,1992,2.74
217,3,1993,2.71
217,3,1994,3.26
217,3,1995,3.65
217,3,1996,2.61
217,3,1997,3.56
217,3,1998,2.49
217,3,1999,2.78
217,3,2000,2.45
217,3,2001,2.49
217,3,2002,2.52
217,3,2003,2.61
217,3,2004,2.71
217,3,2005,2.79
217,3,2006,2.99
217,3,2007,3.31
217,3,2008,3.64
217,3,2009,4.18
217,3,2010,4.95
217,3,2011,5.67
217,3,2012,6.62
217,3,2013,7.56
217,3,2014,8.51
217,3,2015,9.54
217,3,2016,10.77
217,3,2017,11.54
217,3,2018,11.94
217,3,2019,12.26
217,3,2020,11.96
217,3,2021,11.9
217,3,2022,11.39
217,3,2023,11.22
218,1,1980,11.11
218,1,1981,11.22
218,1,1982,11.3
218,1,1983,11.62
218,1,1984,11.78
218,1,1985,12.04
218,1,1986,12.27
218,1,1987,12.85
218,1,1988,12.97
218,1,1989,13.09
218,1,1990,13.3
218,1,1991,15.03
218,1,1992,13.56
218,1,1993,13.94
218,1,1994,14.05
218,1,1995,14.16
218,1,1996,14.25
218,1,1997,14.33
218,1,1998,14.69
218,1,1999,14.41
218,1,2000,14.62
218,1,2001,14.72
218,1,2002,14.76
218,1,2003,14.75
218,1,2004,14.57
218,1,2005,14.59
218,1,2006,14.59
218,1,2007,14.39
218,1,2008,14.53
218,1,2009,14.95
218,1,2010,15.3
218,1,2011,15.16
218,1,2012,14.58
218,1,2013,14.28
218,1,2014,14.11
218,1,2015,14.18
218,1,2016,14.57
218,1,2017,14.73
218,1,2018,14.73
218,1,2019,14.94
218,1,2020,14.79
218,1,2021,14.67
218,1,2022,13.7
218,1,2023,13.34
218,2,1980,4.11
218,2,1981,4.15
218,2,1982,4.22
218,2,1983,4.33
218,2,1984,4.37
218,2,1985,4.41
218,2,1986,4.43
218,2,1987,4.5
218,2,1988,4.48
218,2,1989,4.48
218,2,1990,4.47
218,2,1991,4.75
218,2,1992,4.39
218,2,1993,4.37
218,2,1994,4.3
218,2,1995,4.23
218,2,1996,4.15
218,2,1997,4.1
218,2,1998,4.12
218,2,1999,4.05
218,2,2000,4.09
218,2,2001,4.06
218,2,2002,4.09
218,2,2003,4.06
218,2,2004,4.04
218,2,2005,4.07
218,2,2006,4.11
218,2,2007,4.08
218,2,2008,4.18
218,2,2009,4.33
218,2,2010,4.42
218,2,2011,4.42
218,2,2012,4.34
218,2,2013,4.31
218,2,2014,4.29
218,2,2015,4.33
218,2,2016,4.47
218,2,2017,4.6
218,2,2018,4.61
218,2,2019,4.65
218,2,2020,4.66
218,2,2021,4.69
218,2,2022,4.42
218,2,2023,4.34
218,3,1980,7.32
218,3,1981,7.41
218,3,1982,7.49
218,3,1983,7.7
218,3,1984,7.8
218,3,1985,7.95
218,3,1986,8.08
218,3,1987,8.39
218,3,1988,8.44
218,3,1989,8.5
218,3,1990,8.61
218,3,1991,9.57
218,3,1992,8.7
218,3,1993,8.87
218,3,1994,8.89
218,3,1995,8.91
218,3,1996,8.91
218,3,1997,8.91
218,3,1998,9.08
218,3,1999,8.91
218,3,2000,9.03
218,3,2001,9.06
218,3,2002,9.08
218,3,2003,9.06
218,3,2004,8.96
218,3,2005,8.98
218,3,2006,9
218,3,2007,8.89
218,3,2008,9.01
218,3,2009,9.29
218,3,2010,9.5
218,3,2011,9.44
218,3,2012,9.13
218,3,2013,8.97
218,3,2014,8.89
218,3,2015,8.94
218,3,2016,9.21
218,3,2017,9.36
218,3,2018,9.36
218,3,2019,9.49
218,3,2020,9.43
218,3,2021,9.39
218,3,2022,8.8
218,3,2023,8.59
298,1,1980,11.13
298,1,1981,11.12
298,1,1982,10.99
298,1,1983,11.11
298,1,1984,11.02
298,1,1985,10.97
298,1,1986,11.03
298,1,1987,11.02
298,1,1988,11.12
298,1,1989,11.06
298,1,1990,11.11
298,1,1991,11.12
298,1,1992,10.99
298,1,1993,10.85
298,1,1994,10.86
298,1,1995,10.86
298,1,1996,10.79
298,1,1997,10.66
298,1,1998,10.42
298,1,1999,10.32
298,1,2000,10.32
298,1,2001,10.34
298,1,2002,10.55
298,1,2003,10.02
298,1,2004,9.34
298,1,2005,8.88
298,1,2006,8.4
298,1,2007,7.94
298,1,2008,7.73
298,1,2009,7.51
298,1,2010,7.46
298,1,2011,7.24
298,1,2012,7.2
298,1,2013,7.19
298,1,2014,7.53
298,1,2015,7.82
298,1,2016,8.12
298,1,2017,8.29
298,1,2018,8.5
298,1,2019,8.59
298,1,2020,8.78
298,1,2021,9.21
298,1,2022,8.24
298,1,2023,7.75
298,2,1980,1.67
298,2,1981,1.64
298,2,1982,1.62
298,2,1983,1.6
298,2,1984,1.58
298,2,1985,1.55
298,2,1986,1.53
298,2,1987,1.49
298,2,1988,1.47
298,2,1989,1.44
298,2,1990,1.43
298,2,1991,1.44
298,2,1992,1.45
298,2,1993,1.47
298,2,1994,1.48
298,2,1995,1.5
298,2,1996,1.52
298,2,1997,1.55
298,2,1998,1.51
298,2,1999,1.49
298,2,2000,1.5
298,2,2001,1.5
298,2,2002,1.52
298,2,2003,1.43
298,2,2004,1.3
298,2,2005,1.22
298,2,2006,1.18
298,2,2007,1.11
298,2,2008,1.07
298,2,2009,1.07
298,2,2010,1.05
298,2,2011,1.04
298,2,2012,1.04
298,2,2013,1.05
298,2,2014,1.02
298,2,2015,0.98
298,2,2016,0.94
298,2,2017,0.92
298,2,2018,0.95
298,2,2019,0.96
298,2,2020,0.99
298,2,2021,1.05
298,2,2022,0.94
298,2,2023,0.9
298,3,1980,6.38
298,3,1981,6.37
298,3,1982,6.31
298,3,1983,6.36
298,3,1984,6.32
298,3,1985,6.3
298,3,1986,6.32
298,3,1987,6.31
298,3,1988,6.36
298,3,1989,6.31
298,3,1990,6.34
298,3,1991,6.34
298,3,1992,6.28
298,3,1993,6.21
298,3,1994,6.22
298,3,1995,6.22
298,3,1996,6.19
298,3,1997,6.13
298,3,1998,5.98
298,3,1999,5.92
298,3,2000,5.91
298,3,2001,5.92
298,3,2002,6.03
298,3,2003,5.71
298,3,2004,5.3
298,3,2005,5.03
298,3,2006,4.76
298,3,2007,4.5
298,3,2008,4.37
298,3,2009,4.26
298,3,2010,4.23
298,3,2011,4.12
298,3,2012,4.1
298,3,2013,4.1
298,3,2014,4.26
298,3,2015,4.39
298,3,2016,4.52
298,3,2017,4.61
298,3,2018,4.72
298,3,2019,4.78
298,3,2020,4.9
298,3,2021,5.15
298,3,2022,4.6
298,3,2023,4.34
305,1,1980,5.3
305,1,1981,5.43
305,1,1982,5.36
305,1,1983,5.31
305,1,1984,5.18
305,1,1985,5.59
305,1,1986,5.68
305,1,1987,5.59
305,1,1988,5.53
305,1,1989,5.2
305,1,1990,5.29
305,1,1991,5.55
305,1,1992,5.29
305,1,1993,5.2
305,1,1994,5.21
305,1,1995,4.9
305,1,1996,5.05
305,1,1997,4.64
305,1,1998,4.56
305,1,1999,4.2
305,1,2000,4.09
305,1,2001,4.13
305,1,2002,4.49
305,1,2003,4.66
305,1,2004,5.18
305,1,2005,6.06
305,1,2006,5.75
305,1,2007,5.8
305,1,2008,6.17
305,1,2009,6.98
305,1,2010,7.21
305,1,2011,7.72
305,1,2012,7.45
305,1,2013,7.59
305,1,2014,7.24
305,1,2015,7.13
305,1,2016,7.01
305,1,2017,6.43
305,1,2018,6.34
305,1,2019,6.36
305,1,2020,6.36
305,1,2021,6.47
305,1,2022,6.62
305,1,2023,6.65
305,2,1980,1.81
305,2,1981,1.72
305,2,1982,1.57
305,2,1983,1.51
305,2,1984,1.54
305,2,1985,1.58
305,2,1986,1.71
305,2,1987,1.68
305,2,1988,1.82
305,2,1989,1.72
305,2,1990,1.66
305,2,1991,1.69
305,2,1992,1.66
305,2,1993,1.61
305,2,1994,1.55
305,2,1995,1.48
305,2,1996,1.4
305,2,1997,1.4
305,2,1998,1.41
305,2,1999,1.38
305,2,2000,1.3
305,2,2001,1.26
305,2,2002,1.26
305,2,2003,1.26
305,2,2004,1.34
305,2,2005,1.45
305,2,2006,1.3
305,2,2007,1.31
305,2,2008,1.29
305,2,2009,1.41
305,2,2010,1.34
305,2,2011,1.37
305,2,2012,1.43
305,2,2013,1.47
305,2,2014,1.64
305,2,2015,1.6
305,2,2016,1.49
305,2,2017,1.5
305,2,2018,1.48
305,2,2019,1.46
305,2,2020,1.39
305,2,2021,1.4
305,2,2022,1.44
305,2,2023,1.48
305,3,1980,3.52
305,3,1981,3.53
305,3,1982,3.42
305,3,1983,3.36
305,3,1984,3.32
305,3,1985,3.54
305,3,1986,3.65
305,3,1987,3.59
305,3,1988,3.63
305,3,1989,3.42
305,3,1990,3.43
305,3,1991,3.58
305,3,1992,3.43
305,3,1993,3.36
305,3,1994,3.34
305,3,1995,3.15
305,3,1996,3.17
305,3,1997,2.97
305,3,1998,2.94
305,3,1999,2.75
305,3,2000,2.65
305,3,2001,2.65
305,3,2002,2.82
305,3,2003,2.9
305,3,2004,3.2
305,3,2005,3.68
305,3,2006,3.45
305,3,2007,3.47
305,3,2008,3.65
305,3,2009,4.1
305,3,2010,4.17
305,3,2011,4.44
305,3,2012,4.35
305,3,2013,4.44
305,3,2014,4.35
305,3,2015,4.29
305,3,2016,4.17
305,3,2017,3.9
305,3,2018,3.84
305,3,2019,3.85
305,3,2020,3.81
305,3,2021,3.88
305,3,2022,3.99
305,3,2023,4.03
320,1,1980,5.79
320,1,1981,5.75
320,1,1982,5.56
320,1,1983,5.5
320,1,1984,5.29
320,1,1985,5.09
320,1,1986,4.88
320,1,1987,4.74
320,1,1988,4.59
320,1,1989,4.37
320,1,1990,4.36
320,1,1991,4.26
320,1,1992,4.07
320,1,1993,3.93
320,1,1994,3.84
320,1,1995,3.76
320,1,1996,3.67
320,1,1997,3.6
320,1,1998,3.61
320,1,1999,3.49
320,1,2000,3.3
320,1,2001,3.21
320,1,2002,3.19
320,1,2003,2.89
320,1,2004,2.67
320,1,2005,2.56
320,1,2006,2.41
320,1,2007,2.31
320,1,2008,2.26
320,1,2009,2.17
320,1,2010,2.15
320,1,2011,2.05
320,1,2012,1.97
320,1,2013,1.87
320,1,2014,1.93
320,1,2015,1.9
320,1,2016,1.87
320,1,2017,1.8
320,1,2018,1.71
320,1,2019,1.64
320,1,2020,1.63
320,1,2021,1.62
320,1,2022,1.49
320,1,2023,1.41
320,2,1980,4.7
320,2,1981,4.51
320,2,1982,4.33
320,2,1983,4.13
320,2,1984,3.91
320,2,1985,3.74
320,2,1986,3.57
320,2,1987,3.44
320,2,1988,3.24
320,2,1989,3.01
320,2,1990,3
320,2,1991,2.89
320,2,1992,2.75
320,2,1993,2.62
320,2,1994,2.52
320,2,1995,2.45
320,2,1996,2.38
320,2,1997,2.32
320,2,1998,2.25
320,2,1999,2.21
320,2,2000,2.12
320,2,2001,2.01
320,2,2002,1.95
320,2,2003,1.73
320,2,2004,1.55
320,2,2005,1.49
320,2,2006,1.44
320,2,2007,1.35
320,2,2008,1.29
320,2,2009,1.24
320,2,2010,1.19
320,2,2011,1.19
320,2,2012,1.17
320,2,2013,1.15
320,2,2014,1.11
320,2,2015,1.06
320,2,2016,1.01
320,2,2017,0.97
320,2,2018,0.93
320,2,2019,0.9
320,2,2020,0.9
320,2,2021,0.88
320,2,2022,0.83
320,2,2023,0.79
320,3,1980,5.26
320,3,1981,5.15
320,3,1982,4.96
320,3,1983,4.84
320,3,1984,4.63
320,3,1985,4.45
320,3,1986,4.26
320,3,1987,4.12
320,3,1988,3.94
320,3,1989,3.71
320,3,1990,3.71
320,3,1991,3.6
320,3,1992,3.43
320,3,1993,3.29
320,3,1994,3.19
320,3,1995,3.11
320,3,1996,3.03
320,3,1997,2.96
320,3,1998,2.94
320,3,1999,2.85
320,3,2000,2.71
320,3,2001,2.62
320,3,2002,2.57
320,3,2003,2.3
320,3,2004,2.1
320,3,2005,2.02
320,3,2006,1.92
320,3,2007,1.82
320,3,2008,1.77
320,3,2009,1.69
320,3,2010,1.65
320,3,2011,1.6
320,3,2012,1.55
320,3,2013,1.49
320,3,2014,1.49
320,3,2015,1.46
320,3,2016,1.41
320,3,2017,1.36
320,3,2018,1.29
320,3,2019,1.25
320,3,2020,1.24
320,3,2021,1.23
320,3,2022,1.14
320,3,2023,1.08
349,1,1980,28.82
349,1,1981,28.17
349,1,1982,27.18
349,1,1983,26.82
349,1,1984,26.5
349,1,1985,28.99
349,1,1986,27.76
349,1,1987,27.49
349,1,1988,27.26
349,1,1989,25.22
349,1,1990,25.16
349,1,1991,24.37
349,1,1992,22.55
349,1,1993,21.9
349,1,1994,21.68
349,1,1995,21.36
349,1,1996,21.19
349,1,1997,20.53
349,1,1998,19.7
349,1,1999,18.82
349,1,2000,17.89
349,1,2001,16.77
349,1,2002,15.98
349,1,2003,16.04
349,1,2004,15.33
349,1,2005,15.04
349,1,2006,14.15
349,1,2007,13.51
349,1,2008,12.58
349,1,2009,12.17
349,1,2010,12.68
349,1,2011,10.93
349,1,2012,11.03
349,1,2013,10.74
349,1,2014,10.36
349,1,2015,9.97
349,1,2016,10.46
349,1,2017,10.23
349,1,2018,9.78
349,1,2019,10.11
349,1,2020,10.34
349,1,2021,10.94
349,1,2022,9.72
349,1,2023,9.08
349,2,1980,30.87
349,2,1981,30.38
349,2,1982,29.81
349,2,1983,29.44
349,2,1984,29.26
349,2,1985,29.92
349,2,1986,29.36
349,2,1987,29.19
349,2,1988,28.99
349,2,1989,27.95
349,2,1990,27.68
349,2,1991,26.91
349,2,1992,25.81
349,2,1993,25.26
349,2,1994,24.64
349,2,1995,24.19
349,2,1996,22.98
349,2,1997,21.76
349,2,1998,20.9
349,2,1999,19.92
349,2,2000,18.91
349,2,2001,18.26
349,2,2002,17.87
349,2,2003,16.89
349,2,2004,15.78
349,2,2005,15.17
349,2,2006,14.35
349,2,2007,13.87
349,2,2008,13.05
349,2,2009,12.38
349,2,2010,12.07
349,2,2011,11.09
349,2,2012,11.02
349,2,2013,10.58
349,2,2014,10.52
349,2,2015,10.21
349,2,2016,10.26
349,2,2017,10.16
349,2,2018,9.98
349,2,2019,10.02
349,2,2020,10.34
349,2,2021,10.94
349,2,2022,9.78
349,2,2023,9.09
349,3,1980,29.9
349,3,1981,29.3
349,3,1982,28.52
349,3,1983,28.15
349,3,1984,27.87
349,3,1985,29.53
349,3,1986,28.62
349,3,1987,28.38
349,3,1988,28.18
349,3,1989,26.63
349,3,1990,26.48
349,3,1991,25.67
349,3,1992,24.17
349,3,1993,23.57
349,3,1994,23.14
349,3,1995,22.77
349,3,1996,22.11
349,3,1997,21.17
349,3,1998,20.32
349,3,1999,19.39
349,3,2000,18.44
349,3,2001,17.54
349,3,2002,16.94
349,3,2003,16.51
349,3,2004,15.58
349,3,2005,15.15
349,3,2006,14.29
349,3,2007,13.74
349,3,2008,12.85
349,3,2009,12.31
349,3,2010,12.43
349,3,2011,11.05
349,3,2012,11.05
349,3,2013,10.7
349,3,2014,10.45
349,3,2015,10.1
349,3,2016,10.39
349,3,2017,10.22
349,3,2018,9.89
349,3,2019,10.09
349,3,2020,10.36
349,3,2021,10.96
349,3,2022,9.78
349,3,2023,9.11
351,1,1980,10.9
351,1,1981,10.56
351,1,1982,9.91
351,1,1983,9.63
351,1,1984,9.54
351,1,1985,9.34
351,1,1986,9.38
351,1,1987,9.32
351,1,1988,9.42
351,1,1989,9.42
351,1,1990,9.49
351,1,1991,9.57
351,1,1992,9.45
351,1,1993,9.35
351,1,1994,9.57
351,1,1995,7.75
351,1,1996,7.34
351,1,1997,6.53
351,1,1998,4.84
351,1,1999,4.2
351,1,2000,3.84
351,1,2001,4.93
351,1,2002,4.68
351,1,2003,5.7
351,1,2004,5.5
351,1,2005,5.14
351,1,2006,4.69
351,1,2007,2.56
351,1,2008,3.63
351,1,2009,3.95
351,1,2010,5.23
351,1,2011,4.45
351,1,2012,4.17
351,1,2013,3.05
351,1,2014,5.37
351,1,2015,5.68
351,1,2016,5.51
351,1,2017,5.75
351,1,2018,4.96
351,1,2019,5.95
351,1,2020,7.14
351,1,2021,8.86
351,1,2022,10.28
351,1,2023,10.21
351,2,1980,1.73
351,2,1981,1.68
351,2,1982,1.67
351,2,1983,1.69
351,2,1984,1.69
351,2,1985,1.62
351,2,1986,1.6
351,2,1987,1.58
351,2,1988,1.55
351,2,1989,1.54
351,2,1990,1.56
351,2,1991,1.57
351,2,1992,1.55
351,2,1993,1.56
351,2,1994,1.56
351,2,1995,2.99
351,2,1996,3.58
351,2,1997,4.38
351,2,1998,3.21
351,2,1999,2.25
351,2,2000,1.46
351,2,2001,1.77
351,2,2002,1.56
351,2,2003,1.96
351,2,2004,1.64
351,2,2005,1.5
351,2,2006,1.51
351,2,2007,0.8
351,2,2008,1.21
351,2,2009,1.94
351,2,2010,1.5
351,2,2011,2.22
351,2,2012,2.57
351,2,2013,3.7
351,2,2014,3.17
351,2,2015,2.2
351,2,2016,1.16
351,2,2017,1.32
351,2,2018,2.14
351,2,2019,1.92
351,2,2020,2.34
351,2,2021,1.32
351,2,2022,1.1
351,2,2023,1.06
351,3,1980,6.48
351,3,1981,6.28
351,3,1982,5.94
351,3,1983,5.82
351,3,1984,5.8
351,3,1985,5.68
351,3,1986,5.71
351,3,1987,5.69
351,3,1988,5.74
351,3,1989,5.75
351,3,1990,5.79
351,3,1991,5.83
351,3,1992,5.75
351,3,1993,5.69
351,3,1994,5.8
351,3,1995,5.48
351,3,1996,5.54
351,3,1997,5.49
351,3,1998,4.03
351,3,1999,3.24
351,3,2000,2.67
351,3,2001,3.37
351,3,2002,3.14
351,3,2003,3.85
351,3,2004,3.59
351,3,2005,3.34
351,3,2006,3.12
351,3,2007,1.7
351,3,2008,2.44
351,3,2009,2.96
351,3,2010,3.39
351,3,2011,3.36
351,3,2012,3.39
351,3,2013,3.36
351,3,2014,4.29
351,3,2015,3.99
351,3,2016,3.4
351,3,2017,3.6
351,3,2018,3.58
351,3,2019,3.98
351,3,2020,4.79
351,3,2021,5.18
351,3,2022,5.79
351,3,2023,5.73
367,1,1980,1.17
367,1,1981,1.17
367,1,1982,1.17
367,1,1983,1.15
367,1,1984,1.09
367,1,1985,1.08
367,1,1986,1.06
367,1,1987,1.03
367,1,1988,1.04
367,1,1989,1.03
367,1,1990,1.02
367,1,1991,1
367,1,1992,1
367,1,1993,0.99
367,1,1994,1
367,1,1995,0.99
367,1,1996,0.98
367,1,1997,0.99
367,1,1998,0.98
367,1,1999,0.98
367,1,2000,0.99
367,1,2001,0.98
367,1,2002,0.98
367,1,2003,0.97
367,1,2004,0.94
367,1,2005,0.92
367,1,2006,0.91
367,1,2007,0.88
367,1,2008,0.84
367,1,2009,0.84
367,1,2010,0.81
367,1,2011,0.81
367,1,2012,0.79
367,1,2013,0.76
367,1,2014,0.77
367,1,2015,0.76
367,1,2016,0.75
367,1,2017,0.74
367,1,2018,0.73
367,1,2019,0.72
367,1,2020,0.71
367,1,2021,0.71
367,1,2022,0.67
367,1,2023,0.65
367,2,1980,0.09
367,2,1981,0.09
367,2,1982,0.09
367,2,1983,0.08
367,2,1984,0.08
367,2,1985,0.08
367,2,1986,0.08
367,2,1987,0.08
367,2,1988,0.07
367,2,1989,0.07
367,2,1990,0.07
367,2,1991,0.07
367,2,1992,0.07
367,2,1993,0.07
367,2,1994,0.06
367,2,1995,0.06
367,2,1996,0.06
367,2,1997,0.06
367,2,1998,0.06
367,2,1999,0.06
367,2,2000,0.05
367,2,2001,0.05
367,2,2002,0.05
367,2,2003,0.05
367,2,2004,0.05
367,2,2005,0.05
367,2,2006,0.05
367,2,2007,0.05
367,2,2008,0.05
367,2,2009,0.05
367,2,2010,0.05
367,2,2011,0.04
367,2,2012,0.04
367,2,2013,0.04
367,2,2014,0.04
367,2,2015,0.04
367,2,2016,0.04
367,2,2017,0.04
367,2,2018,0.04
367,2,2019,0.04
367,2,2020,0.04
367,2,2021,0.04
367,2,2022,0.04
367,2,2023,0.04
367,3,1980,0.61
367,3,1981,0.61
367,3,1982,0.61
367,3,1983,0.6
367,3,1984,0.57
367,3,1985,0.57
367,3,1986,0.56
367,3,1987,0.54
367,3,1988,0.55
367,3,1989,0.55
367,3,1990,0.54
367,3,1991,0.53
367,3,1992,0.53
367,3,1993,0.53
367,3,1994,0.53
367,3,1995,0.52
367,3,1996,0.52
367,3,1997,0.53
367,3,1998,0.52
367,3,1999,0.52
367,3,2000,0.52
367,3,2001,0.52
367,3,2002,0.52
367,3,2003,0.52
367,3,2004,0.5
367,3,2005,0.49
367,3,2006,0.48
367,3,2007,0.46
367,3,2008,0.45
367,3,2009,0.44
367,3,2010,0.43
367,3,2011,0.43
367,3,2012,0.42
367,3,2013,0.4
367,3,2014,0.4
367,3,2015,0.4
367,3,2016,0.39
367,3,2017,0.39
367,3,2018,0.38
367,3,2019,0.38
367,3,2020,0.37
367,3,2021,0.37
367,3,2022,0.35
367,3,2023,0.34
369,1,1980,6.74
369,1,1981,6.9
369,1,1982,7
369,1,1983,7.21
369,1,1984,7.33
369,1,1985,7.41
369,1,1986,7.64
369,1,1987,7.85
369,1,1988,8.11
369,1,1989,8.3
369,1,1990,8.47
369,1,1991,8.81
369,1,1992,9.07
369,1,1993,9.58
369,1,1994,9.97
369,1,1995,10.76
369,1,1996,11.37
369,1,1997,12.05
369,1,1998,13.02
369,1,1999,13.7
369,1,2000,14.23
369,1,2001,15.02
369,1,2002,15.72
369,1,2003,16.06
369,1,2004,16.27
369,1,2005,16.63
369,1,2006,16.74
369,1,2007,16.93
369,1,2008,16.21
369,1,2009,15.73
369,1,2010,15.43
369,1,2011,14.69
369,1,2012,14.07
369,1,2013,13.65
369,1,2014,13.22
369,1,2015,13.05
369,1,2016,13.05
369,1,2017,13.11
369,1,2018,13.03
369,1,2019,12.88
369,1,2020,13.1
369,1,2021,13.74
369,1,2022,12.23
369,1,2023,11.61
369,2,1980,3.16
369,2,1981,3.17
369,2,1982,3.19
369,2,1983,3.21
369,2,1984,3.22
369,2,1985,3.24
369,2,1986,3.27
369,2,1987,3.32
369,2,1988,3.36
369,2,1989,3.42
369,2,1990,3.44
369,2,1991,3.56
369,2,1992,3.67
369,2,1993,3.73
369,2,1994,3.86
369,2,1995,4
369,2,1996,4.16
369,2,1997,4.36
369,2,1998,4.64
369,2,1999,4.83
369,2,2000,5.03
369,2,2001,5.32
369,2,2002,5.51
369,2,2003,5.59
369,2,2004,5.69
369,2,2005,5.83
369,2,2006,5.93
369,2,2007,6
369,2,2008,5.85
369,2,2009,5.73
369,2,2010,5.61
369,2,2011,5.41
369,2,2012,5.17
369,2,2013,5.03
369,2,2014,4.89
369,2,2015,4.84
369,2,2016,4.79
369,2,2017,4.75
369,2,2018,4.73
369,2,2019,4.71
369,2,2020,4.84
369,2,2021,5.12
369,2,2022,4.53
369,2,2023,4.32
369,3,1980,5.13
369,3,1981,5.2
369,3,1982,5.25
369,3,1983,5.35
369,3,1984,5.39
369,3,1985,5.43
369,3,1986,5.55
369,3,1987,5.66
369,3,1988,5.8
369,3,1989,5.92
369,3,1990,6.01
369,3,1991,6.23
369,3,1992,6.42
369,3,1993,6.71
369,3,1994,6.98
369,3,1995,7.45
369,3,1996,7.84
369,3,1997,8.28
369,3,1998,8.9
369,3,1999,9.33
369,3,2000,9.68
369,3,2001,10.22
369,3,2002,10.66
369,3,2003,10.86
369,3,2004,10.99
369,3,2005,11.21
369,3,2006,11.29
369,3,2007,11.4
369,3,2008,10.95
369,3,2009,10.63
369,3,2010,10.4
369,3,2011,9.92
369,3,2012,9.5
369,3,2013,9.23
369,3,2014,8.95
369,3,2015,8.84
369,3,2016,8.82
369,3,2017,8.84
369,3,2018,8.8
369,3,2019,8.72
369,3,2020,8.91
369,3,2021,9.39
369,3,2022,8.34
369,3,2023,7.94
374,1,1980,8.77
374,1,1981,8.63
374,1,1982,8.41
374,1,1983,8.35
374,1,1984,8.06
374,1,1985,7.88
374,1,1986,7.72
374,1,1987,7.62
374,1,1988,7.63
374,1,1989,7.7
374,1,1990,7.92
374,1,1991,7.92
374,1,1992,8.18
374,1,1993,8.2
374,1,1994,8.18
374,1,1995,8.27
374,1,1996,8.35
374,1,1997,8.32
374,1,1998,8.36
374,1,1999,8.2
374,1,2000,8.03
374,1,2001,8.03
374,1,2002,8.09
374,1,2003,7.98
374,1,2004,7.83
374,1,2005,7.73
374,1,2006,7.58
374,1,2007,7.32
374,1,2008,7.06
374,1,2009,6.9
374,1,2010,6.8
374,1,2011,6.67
374,1,2012,6.58
374,1,2013,6.48
374,1,2014,6.38
374,1,2015,6.34
374,1,2016,6.37
374,1,2017,6.33
374,1,2018,6.27
374,1,2019,6.15
374,1,2020,6.05
374,1,2021,6.1
374,1,2022,5.6
374,1,2023,5.37
374,2,1980,2.67
374,2,1981,2.64
374,2,1982,2.59
374,2,1983,2.56
374,2,1984,2.49
374,2,1985,2.42
374,2,1986,2.37
374,2,1987,2.34
374,2,1988,2.33
374,2,1989,2.37
374,2,1990,2.41
374,2,1991,2.36
374,2,1992,2.53
374,2,1993,2.54
374,2,1994,2.51
374,2,1995,2.47
374,2,1996,2.46
374,2,1997,2.45
374,2,1998,2.43
374,2,1999,2.39
374,2,2000,2.38
374,2,2001,2.37
374,2,2002,2.4
374,2,2003,2.36
374,2,2004,2.38
374,2,2005,2.34
374,2,2006,2.34
374,2,2007,2.31
374,2,2008,2.28
374,2,2009,2.22
374,2,2010,2.18
374,2,2011,2.12
374,2,2012,2.08
374,2,2013,2.04
374,2,2014,2.03
374,2,2015,2.01
374,2,2016,2
374,2,2017,1.98
374,2,2018,1.96
374,2,2019,1.95
374,2,2020,1.9
374,2,2021,1.95
374,2,2022,1.83
374,2,2023,1.76
374,3,1980,5.67
374,3,1981,5.62
374,3,1982,5.51
374,3,1983,5.49
374,3,1984,5.32
374,3,1985,5.18
374,3,1986,5.07
374,3,1987,5.01
374,3,1988,5
374,3,1989,5.05
374,3,1990,5.18
374,3,1991,5.15
374,3,1992,5.36
374,3,1993,5.38
374,3,1994,5.35
374,3,1995,5.39
374,3,1996,5.42
374,3,1997,5.4
374,3,1998,5.41
374,3,1999,5.32
374,3,2000,5.23
374,3,2001,5.23
374,3,2002,5.28
374,3,2003,5.22
374,3,2004,5.16
374,3,2005,5.1
374,3,2006,5.02
374,3,2007,4.88
374,3,2008,4.72
374,3,2009,4.61
374,3,2010,4.52
374,3,2011,4.42
374,3,2012,4.34
374,3,2013,4.25
374,3,2014,4.18
374,3,2015,4.13
374,3,2016,4.13
374,3,2017,4.08
374,3,2018,4.04
374,3,2019,3.96
374,3,2020,3.89
374,3,2021,3.94
374,3,2022,3.63
374,3,2023,3.48
376,1,1980,7.43
376,1,1981,7.25
376,1,1982,7.12
376,1,1983,7.13
376,1,1984,7.33
376,1,1985,7.52
376,1,1986,7.72
376,1,1987,7.78
376,1,1988,7.75
376,1,1989,7.56
376,1,1990,7.24
376,1,1991,6.99
376,1,1992,6.83
376,1,1993,6.79
376,1,1994,6.88
376,1,1995,6.98
376,1,1996,7.15
376,1,1997,7.27
376,1,1998,7.38
376,1,1999,7.24
376,1,2000,7.03
376,1,2001,6.77
376,1,2002,6.58
376,1,2003,6.47
376,1,2004,6.47
376,1,2005,6.63
376,1,2006,6.91
376,1,2007,7.23
376,1,2008,7.59
376,1,2009,7.92
376,1,2010,8.2
376,1,2011,8.44
376,1,2012,8.73
376,1,2013,9.07
376,1,2014,9.41
376,1,2015,9.67
376,1,2016,9.91
376,1,2017,9.81
376,1,2018,9.89
376,1,2019,10.04
376,1,2020,10.52
376,1,2021,11.24
376,1,2022,11.11
376,1,2023,10.95
376,2,1980,7.75
376,2,1981,7.49
376,2,1982,7.26
376,2,1983,7.12
376,2,1984,7.1
376,2,1985,7.12
376,2,1986,7.18
376,2,1987,7.13
376,2,1988,6.98
376,2,1989,6.73
376,2,1990,6.32
376,2,1991,5.99
376,2,1992,5.74
376,2,1993,5.61
376,2,1994,5.57
376,2,1995,5.6
376,2,1996,5.68
376,2,1997,5.76
376,2,1998,5.75
376,2,1999,5.68
376,2,2000,5.51
376,2,2001,5.41
376,2,2002,5.37
376,2,2003,5.22
376,2,2004,4.96
376,2,2005,4.64
376,2,2006,4.22
376,2,2007,3.76
376,2,2008,3.36
376,2,2009,3.04
376,2,2010,2.66
376,2,2011,2.5
376,2,2012,2.4
376,2,2013,2.34
376,2,2014,2.3
376,2,2015,2.04
376,2,2016,2.07
376,2,2017,2.06
376,2,2018,1.99
376,2,2019,1.77
376,2,2020,1.88
376,2,2021,2.06
376,2,2022,1.93
376,2,2023,1.86
376,3,1980,7.59
376,3,1981,7.35
376,3,1982,7.16
376,3,1983,7.1
376,3,1984,7.21
376,3,1985,7.33
376,3,1986,7.47
376,3,1987,7.5
376,3,1988,7.43
376,3,1989,7.2
376,3,1990,6.8
376,3,1991,6.46
376,3,1992,6.24
376,3,1993,6.17
376,3,1994,6.21
376,3,1995,6.27
376,3,1996,6.38
376,3,1997,6.49
376,3,1998,6.54
376,3,1999,6.39
376,3,2000,6.15
376,3,2001,5.95
376,3,2002,5.86
376,3,2003,5.77
376,3,2004,5.66
376,3,2005,5.59
376,3,2006,5.53
376,3,2007,5.47
376,3,2008,5.48
376,3,2009,5.49
376,3,2010,5.42
376,3,2011,5.47
376,3,2012,5.57
376,3,2013,5.72
376,3,2014,5.87
376,3,2015,5.88
376,3,2016,6.05
376,3,2017,6.07
376,3,2018,6.12
376,3,2019,6.1
376,3,2020,6.39
376,3,2021,6.84
376,3,2022,6.68
376,3,2023,6.55
380,1,1980,16.28
380,1,1981,16.27
380,1,1982,16.25
380,1,1983,16.21
380,1,1984,16.14
380,1,1985,16.1
380,1,1986,16.04
380,1,1987,15.66
380,1,1988,15.42
380,1,1989,15.01
380,1,1990,14.67
380,1,1991,14.25
380,1,1992,13.91
380,1,1993,13.74
380,1,1994,13.46
380,1,1995,13.17
380,1,1996,13.02
380,1,1997,12.81
380,1,1998,12.76
380,1,1999,12.58
380,1,2000,12.48
380,1,2001,12.43
380,1,2002,12.36
380,1,2003,12.24
380,1,2004,12.21
380,1,2005,12.05
380,1,2006,11.87
380,1,2007,11.61
380,1,2008,11.38
380,1,2009,11.27
380,1,2010,11.12
380,1,2011,10.79
380,1,2012,10.55
380,1,2013,10.26
380,1,2014,10.06
380,1,2015,9.85
380,1,2016,9.76
380,1,2017,9.66
380,1,2018,9.37
380,1,2019,9.3
380,1,2020,9.34
380,1,2021,9.59
380,1,2022,8.95
380,1,2023,8.66
380,2,1980,7.89
380,2,1981,7.79
380,2,1982,7.72
380,2,1983,7.64
380,2,1984,7.52
380,2,1985,7.42
380,2,1986,7.31
380,2,1987,7.49
380,2,1988,7.3
380,2,1989,7.09
380,2,1990,6.82
380,2,1991,6.6
380,2,1992,6.35
380,2,1993,6.18
380,2,1994,6.04
380,2,1995,5.87
380,2,1996,5.74
380,2,1997,5.61
380,2,1998,5.52
380,2,1999,5.46
380,2,2000,5.41
380,2,2001,5.38
380,2,2002,5.36
380,2,2003,5.33
380,2,2004,5.43
380,2,2005,5.49
380,2,2006,5.5
380,2,2007,5.47
380,2,2008,5.43
380,2,2009,5.39
380,2,2010,5.31
380,2,2011,5.22
380,2,2012,5.15
380,2,2013,5.3
380,2,2014,5.3
380,2,2015,5.28
380,2,2016,5.3
380,2,2017,5.27
380,2,2018,5.13
380,2,2019,4.36
380,2,2020,4.59
380,2,2021,4.89
380,2,2022,4.43
380,2,2023,4.3
380,3,1980,12.3
380,3,1981,12.28
380,3,1982,12.26
380,3,1983,12.22
380,3,1984,12.15
380,3,1985,12.08
380,3,1986,12
380,3,1987,11.85
380,3,1988,11.6
380,3,1989,11.24
380,3,1990,10.88
380,3,1991,10.52
380,3,1992,10.2
380,3,1993,10.02
380,3,1994,9.81
380,3,1995,9.6
380,3,1996,9.51
380,3,1997,9.41
380,3,1998,9.42
380,3,1999,9.36
380,3,2000,9.34
380,3,2001,9.32
380,3,2002,9.27
380,3,2003,9.18
380,3,2004,9.18
380,3,2005,9.1
380,3,2006,8.97
380,3,2007,8.79
380,3,2008,8.63
380,3,2009,8.54
380,3,2010,8.42
380,3,2011,8.2
380,3,2012,8.04
380,3,2013,8
380,3,2014,7.92
380,3,2015,7.83
380,3,2016,7.8
380,3,2017,7.73
380,3,2018,7.51
380,3,2019,7.05
380,3,2020,7.17
380,3,2021,7.45
380,3,2022,6.89
380,3,2023,6.66
385,1,1980,30.42
385,1,1981,30.33
385,1,1982,29.09
385,1,1983,27.7
385,1,1984,28.47
385,1,1985,31.54
385,1,1986,33.17
385,1,1987,31.81
385,1,1988,31.62
385,1,1989,30.14
385,1,1990,34.31
385,1,1991,39.01
385,1,1992,42.72
385,1,1993,45.26
385,1,1994,45.73
385,1,1995,43.59
385,1,1996,41.24
385,1,1997,38.8
385,1,1998,36.33
385,1,1999,32.37
385,1,2000,31.81
385,1,2001,32.97
385,1,2002,33.15
385,1,2003,34.37
385,1,2004,35.07
385,1,2005,37.3
385,1,2006,37.14
385,1,2007,38.3
385,1,2008,41.14
385,1,2009,45.41
385,1,2010,46.69
385,1,2011,47.85
385,1,2012,45.96
385,1,2013,44.59
385,1,2014,41.41
385,1,2015,40.82
385,1,2016,42.87
385,1,2017,44.89
385,1,2018,43.59
385,1,2019,43.36
385,1,2020,42.68
385,1,2021,45.69
385,1,2022,43.45
385,1,2023,40.21
385,2,1980,3.82
385,2,1981,3.93
385,2,1982,3.89
385,2,1983,3.57
385,2,1984,3.77
385,2,1985,3.94
385,2,1986,4.45
385,2,1987,4.02
385,2,1988,4.29
385,2,1989,4.35
385,2,1990,4.58
385,2,1991,4.88
385,2,1992,4.6
385,2,1993,4.66
385,2,1994,4.37
385,2,1995,4.18
385,2,1996,3.87
385,2,1997,3.63
385,2,1998,3.6
385,2,1999,3.4
385,2,2000,3.13
385,2,2001,2.98
385,2,2002,2.99
385,2,2003,2.91
385,2,2004,3.05
385,2,2005,3.36
385,2,2006,2.91
385,2,2007,2.9
385,2,2008,3.04
385,2,2009,3.34
385,2,2010,3.36
385,2,2011,3.56
385,2,2012,3.49
385,2,2013,3.35
385,2,2014,3.36
385,2,2015,3.11
385,2,2016,3.31
385,2,2017,3.14
385,2,2018,3.02
385,2,2019,2.71
385,2,2020,2.8
385,2,2021,2.64
385,2,2022,3
385,2,2023,2.94
385,3,1980,16.46
385,3,1981,16.48
385,3,1982,15.86
385,3,1983,15.03
385,3,1984,15.5
385,3,1985,17.05
385,3,1986,18.11
385,3,1987,17.24
385,3,1988,17.3
385,3,1989,16.67
385,3,1990,18.81
385,3,1991,21.25
385,3,1992,22.92
385,3,1993,24.22
385,3,1994,24.34
385,3,1995,23.25
385,3,1996,21.98
385,3,1997,20.71
385,3,1998,19.51
385,3,1999,17.48
385,3,2000,17.07
385,3,2001,17.56
385,3,2002,17.65
385,3,2003,18.21
385,3,2004,18.62
385,3,2005,19.85
385,3,2006,19.54
385,3,2007,20.11
385,3,2008,21.57
385,3,2009,23.81
385,3,2010,24.48
385,3,2011,25.16
385,3,2012,24.14
385,3,2013,23.33
385,3,2014,21.74
385,3,2015,21.23
385,3,2016,22.23
385,3,2017,23
385,3,2018,22.2
385,3,2019,21.68
385,3,2020,21.47
385,3,2021,22.78
385,3,2022,21.98
385,3,2023,20.44
393,1,1980,27.59
393,1,1981,26.3
393,1,1982,24.62
393,1,1983,22.89
393,1,1984,22.31
393,1,1985,24.16
393,1,1986,23.87
393,1,1987,23.67
393,1,1988,23.72
393,1,1989,23.41
393,1,1990,24.15
393,1,1991,24.29
393,1,1992,23.57
393,1,1993,24.31
393,1,1994,25.32
393,1,1995,24.31
393,1,1996,23.65
393,1,1997,24.14
393,1,1998,24.29
393,1,1999,22.63
393,1,2000,22.03
393,1,2001,22.87
393,1,2002,24.81
393,1,2003,28.01
393,1,2004,30.14
393,1,2005,33.76
393,1,2006,32.31
393,1,2007,33.03
393,1,2008,36.05
393,1,2009,39.46
393,1,2010,38.72
393,1,2011,41.46
393,1,2012,40.48
393,1,2013,40.48
393,1,2014,39.43
393,1,2015,39.43
393,1,2016,38.45
393,1,2017,36.88
393,1,2018,35.33
393,1,2019,34.63
393,1,2020,33.85
393,1,2021,33.95
393,1,2022,33.75
393,1,2023,33.47
393,2,1980,2.64
393,2,1981,2.53
393,2,1982,2.37
393,2,1983,2.26
393,2,1984,2.16
393,2,1985,2.17
393,2,1986,2.27
393,2,1987,2.16
393,2,1988,2.17
393,2,1989,2.14
393,2,1990,2.1
393,2,1991,2.08
393,2,1992,1.94
393,2,1993,1.9
393,2,1994,1.87
393,2,1995,1.8
393,2,1996,1.73
393,2,1997,1.7
393,2,1998,1.65
393,2,1999,1.58
393,2,2000,1.5
393,2,2001,1.52
393,2,2002,1.49
393,2,2003,1.46
393,2,2004,1.53
393,2,2005,1.82
393,2,2006,1.58
393,2,2007,1.51
393,2,2008,1.49
393,2,2009,1.69
393,2,2010,1.64
393,2,2011,1.66
393,2,2012,1.64
393,2,2013,1.67
393,2,2014,1.75
393,2,2015,1.7
393,2,2016,1.71
393,2,2017,1.67
393,2,2018,1.64
393,2,2019,1.61
393,2,2020,1.57
393,2,2021,1.6
393,2,2022,1.62
393,2,2023,1.65
393,3,1980,14.22
393,3,1981,13.65
393,3,1982,12.86
393,3,1983,12.01
393,3,1984,11.74
393,3,1985,12.69
393,3,1986,12.66
393,3,1987,12.54
393,3,1988,12.61
393,3,1989,12.49
393,3,1990,12.87
393,3,1991,12.95
393,3,1992,12.56
393,3,1993,12.91
393,3,1994,13.43
393,3,1995,12.94
393,3,1996,12.6
393,3,1997,12.85
393,3,1998,12.92
393,3,1999,12.07
393,3,2000,11.75
393,3,2001,12.19
393,3,2002,13.13
393,3,2003,14.71
393,3,2004,15.76
393,3,2005,17.67
393,3,2006,16.8
393,3,2007,17.08
393,3,2008,18.52
393,3,2009,20.25
393,3,2010,19.81
393,3,2011,21.12
393,3,2012,20.58
393,3,2013,20.55
393,3,2014,20.04
393,3,2015,19.97
393,3,2016,19.47
393,3,2017,18.66
393,3,2018,17.87
393,3,2019,17.49
393,3,2020,17.07
393,3,2021,17.12
393,3,2022,17.01
393,3,2023,16.88
396,1,1980,0.33
396,1,1981,0.33
396,1,1982,0.33
396,1,1983,0.32
396,1,1984,0.31
396,1,1985,0.3
396,1,1986,0.3
396,1,1987,0.29
396,1,1988,0.29
396,1,1989,0.27
396,1,1990,0.27
396,1,1991,0.26
396,1,1992,0.26
396,1,1993,0.25
396,1,1994,0.24
396,1,1995,0.22
396,1,1996,0.21
396,1,1997,0.21
396,1,1998,0.2
396,1,1999,0.19
396,1,2000,0.18
396,1,2001,0.17
396,1,2002,0.17
396,1,2003,0.16
396,1,2004,0.15
396,1,2005,0.14
396,1,2006,0.14
396,1,2007,0.13
396,1,2008,0.12
396,1,2009,0.12
396,1,2010,0.11
396,1,2011,0.11
396,1,2012,0.11
396,1,2013,0.1
396,1,2014,0.1
396,1,2015,0.1
396,1,2016,0.1
396,1,2017,0.09
396,1,2018,0.09
396,1,2019,0.1
396,1,2020,0.09
396,1,2021,0.07
396,1,2022,0.05
396,1,2023,0.08
396,2,1980,0.73
396,2,1981,0.71
396,2,1982,0.69
396,2,1983,0.67
396,2,1984,0.65
396,2,1985,0.63
396,2,1986,0.62
396,2,1987,0.59
396,2,1988,0.57
396,2,1989,0.55
396,2,1990,0.53
396,2,1991,0.51
396,2,1992,0.49
396,2,1993,0.46
396,2,1994,0.44
396,2,1995,0.41
396,2,1996,0.39
396,2,1997,0.37
396,2,1998,0.35
396,2,1999,0.34
396,2,2000,0.33
396,2,2001,0.32
396,2,2002,0.32
396,2,2003,0.31
396,2,2004,0.3
396,2,2005,0.29
396,2,2006,0.28
396,2,2007,0.27
396,2,2008,0.26
396,2,2009,0.25
396,2,2010,0.24
396,2,2011,0.23
396,2,2012,0.23
396,2,2013,0.22
396,2,2014,0.22
396,2,2015,0.21
396,2,2016,0.21
396,2,2017,0.21
396,2,2018,0.21
396,2,2019,0.21
396,2,2020,0.2
396,2,2021,0.19
396,2,2022,0.17
396,2,2023,0.2
396,3,1980,0.53
396,3,1981,0.52
396,3,1982,0.51
396,3,1983,0.5
396,3,1984,0.48
396,3,1985,0.47
396,3,1986,0.46
396,3,1987,0.44
396,3,1988,0.43
396,3,1989,0.41
396,3,1990,0.4
396,3,1991,0.38
396,3,1992,0.37
396,3,1993,0.36
396,3,1994,0.34
396,3,1995,0.32
396,3,1996,0.3
396,3,1997,0.29
396,3,1998,0.28
396,3,1999,0.27
396,3,2000,0.26
396,3,2001,0.25
396,3,2002,0.24
396,3,2003,0.24
396,3,2004,0.23
396,3,2005,0.22
396,3,2006,0.21
396,3,2007,0.2
396,3,2008,0.19
396,3,2009,0.19
396,3,2010,0.18
396,3,2011,0.17
396,3,2012,0.17
396,3,2013,0.16
396,3,2014,0.16
396,3,2015,0.16
396,3,2016,0.16
396,3,2017,0.15
396,3,2018,0.15
396,3,2019,0.15
396,3,2020,0.15
396,3,2021,0.13
396,3,2022,0.12
396,3,2023,0.14
413,1,1980,7.29
413,1,1981,7.12
413,1,1982,6.88
413,1,1983,6.87
413,1,1984,6.77
413,1,1985,6.75
413,1,1986,6.75
413,1,1987,6.7
413,1,1988,6.66
413,1,1989,6.58
413,1,1990,6.53
413,1,1991,6.5
413,1,1992,6.48
413,1,1993,6.48
413,1,1994,6.46
413,1,1995,6.46
413,1,1996,6.42
413,1,1997,6.35
413,1,1998,6.41
413,1,1999,6.35
413,1,2000,6.24
413,1,2001,6.23
413,1,2002,6.22
413,1,2003,6.08
413,1,2004,5.94
413,1,2005,5.81
413,1,2006,5.63
413,1,2007,5.45
413,1,2008,5.26
413,1,2009,5.12
413,1,2010,5.04
413,1,2011,4.87
413,1,2012,4.75
413,1,2013,4.61
413,1,2014,4.51
413,1,2015,4.4
413,1,2016,4.35
413,1,2017,4.24
413,1,2018,4.15
413,1,2019,4.03
413,1,2020,3.97
413,1,2021,4.07
413,1,2022,3.73
413,1,2023,3.54
413,2,1980,3.42
413,2,1981,3.36
413,2,1982,3.28
413,2,1983,3.24
413,2,1984,3.17
413,2,1985,3.13
413,2,1986,3.1
413,2,1987,3.06
413,2,1988,3.01
413,2,1989,2.99
413,2,1990,2.96
413,2,1991,2.96
413,2,1992,2.94
413,2,1993,2.94
413,2,1994,2.92
413,2,1995,2.9
413,2,1996,2.87
413,2,1997,2.85
413,2,1998,2.84
413,2,1999,2.87
413,2,2000,2.86
413,2,2001,2.87
413,2,2002,2.89
413,2,2003,2.84
413,2,2004,2.83
413,2,2005,2.79
413,2,2006,2.74
413,2,2007,2.68
413,2,2008,2.62
413,2,2009,2.55
413,2,2010,2.48
413,2,2011,2.4
413,2,2012,2.33
413,2,2013,2.28
413,2,2014,2.25
413,2,2015,2.21
413,2,2016,2.16
413,2,2017,2.11
413,2,2018,2.08
413,2,2019,2.06
413,2,2020,2.01
413,2,2021,2.04
413,2,2022,1.97
413,2,2023,1.89
413,3,1980,5.17
413,3,1981,5.08
413,3,1982,4.95
413,3,1983,4.92
413,3,1984,4.85
413,3,1985,4.83
413,3,1986,4.82
413,3,1987,4.79
413,3,1988,4.77
413,3,1989,4.73
413,3,1990,4.71
413,3,1991,4.7
413,3,1992,4.68
413,3,1993,4.68
413,3,1994,4.65
413,3,1995,4.63
413,3,1996,4.59
413,3,1997,4.53
413,3,1998,4.55
413,3,1999,4.53
413,3,2000,4.47
413,3,2001,4.47
413,3,2002,4.49
413,3,2003,4.41
413,3,2004,4.35
413,3,2005,4.28
413,3,2006,4.17
413,3,2007,4.05
413,3,2008,3.93
413,3,2009,3.83
413,3,2010,3.75
413,3,2011,3.63
413,3,2012,3.54
413,3,2013,3.44
413,3,2014,3.38
413,3,2015,3.31
413,3,2016,3.26
413,3,2017,3.18
413,3,2018,3.12
413,3,2019,3.05
413,3,2020,3
413,3,2021,3.07
413,3,2022,2.87
413,3,2023,2.74
416,1,1980,12.67
416,1,1981,12.97
416,1,1982,13.17
416,1,1983,13.38
416,1,1984,13.27
416,1,1985,13.28
416,1,1986,13.12
416,1,1987,12.81
416,1,1988,12.42
416,1,1989,12.03
416,1,1990,12.19
416,1,1991,11.42
416,1,1992,11.11
416,1,1993,10.62
416,1,1994,10.36
416,1,1995,10.35
416,1,1996,10.4
416,1,1997,10.44
416,1,1998,10.57
416,1,1999,10.54
416,1,2000,10.46
416,1,2001,10.54
416,1,2002,10.6
416,1,2003,10.58
416,1,2004,10.53
416,1,2005,10.63
416,1,2006,10.69
416,1,2007,10.75
416,1,2008,10.7
416,1,2009,10.92
416,1,2010,11.25
416,1,2011,11.43
416,1,2012,11.69
416,1,2013,11.96
416,1,2014,12.23
416,1,2015,12.47
416,1,2016,13.42
416,1,2017,13.2
416,1,2018,13.51
416,1,2019,13.87
416,1,2020,13.88
416,1,2021,12.61
416,1,2022,10.76
416,1,2023,10.63
416,2,1980,4.77
416,2,1981,4.9
416,2,1982,4.92
416,2,1983,4.92
416,2,1984,4.85
416,2,1985,4.79
416,2,1986,4.69
416,2,1987,4.56
416,2,1988,4.4
416,2,1989,4.28
416,2,1990,4.12
416,2,1991,4.04
416,2,1992,3.93
416,2,1993,3.95
416,2,1994,3.86
416,2,1995,3.84
416,2,1996,3.84
416,2,1997,3.85
416,2,1998,3.84
416,2,1999,3.91
416,2,2000,3.96
416,2,2001,4.01
416,2,2002,4.06
416,2,2003,4.05
416,2,2004,4.04
416,2,2005,4.08
416,2,2006,4.16
416,2,2007,4.17
416,2,2008,4.14
416,2,2009,4.15
416,2,2010,4.16
416,2,2011,4.13
416,2,2012,4.14
416,2,2013,4.18
416,2,2014,4.23
416,2,2015,4.26
416,2,2016,4.07
416,2,2017,4.12
416,2,2018,4.11
416,2,2019,3.86
416,2,2020,4.08
416,2,2021,4.22
416,2,2022,4.33
416,2,2023,4.48
416,3,1980,8.22
416,3,1981,8.43
416,3,1982,8.54
416,3,1983,8.64
416,3,1984,8.57
416,3,1985,8.55
416,3,1986,8.43
416,3,1987,8.23
416,3,1988,7.98
416,3,1989,7.75
416,3,1990,7.73
416,3,1991,7.36
416,3,1992,7.17
416,3,1993,6.97
416,3,1994,6.81
416,3,1995,6.81
416,3,1996,6.85
416,3,1997,6.89
416,3,1998,6.96
416,3,1999,7
416,3,2000,7.01
416,3,2001,7.08
416,3,2002,7.16
416,3,2003,7.16
416,3,2004,7.15
416,3,2005,7.23
416,3,2006,7.32
416,3,2007,7.37
416,3,2008,7.35
416,3,2009,7.49
416,3,2010,7.68
416,3,2011,7.78
416,3,2012,7.94
416,3,2013,8.11
416,3,2014,8.29
416,3,2015,8.44
416,3,2016,8.86
416,3,2017,8.78
416,3,2018,8.93
416,3,2019,9.01
416,3,2020,9.12
416,3,2021,8.53
416,3,2022,7.61
416,3,2023,7.61
422,1,1980,51.87
422,1,1981,51.42
422,1,1982,51.84
422,1,1983,51
422,1,1984,48.96
422,1,1985,48.16
422,1,1986,48.58
422,1,1987,53.49
422,1,1988,57.31
422,1,1989,58.56
422,1,1990,59
422,1,1991,58.69
422,1,1992,58.37
422,1,1993,58.27
422,1,1994,58.97
422,1,1995,57.43
422,1,1996,58.4
422,1,1997,58.68
422,1,1998,58.74
422,1,1999,57.68
422,1,2000,57.78
422,1,2001,63.08
422,1,2002,68.89
422,1,2003,70.53
422,1,2004,75.13
422,1,2005,80.98
422,1,2006,85.45
422,1,2007,87.5
422,1,2008,94.73
422,1,2009,104.78
422,1,2010,106.23
422,1,2011,109.69
422,1,2012,108.73
422,1,2013,110.31
422,1,2014,109.27
422,1,2015,110.08
422,1,2016,108.32
422,1,2017,107.87
422,1,2018,108.63
422,1,2019,108.92
422,1,2020,109.39
422,1,2021,114.73
422,1,2022,102.48
422,1,2023,98.12
422,2,1980,8.39
422,2,1981,8.29
422,2,1982,8.06
422,2,1983,7.85
422,2,1984,7.64
422,2,1985,7.55
422,2,1986,7.55
422,2,1987,8.02
422,2,1988,8.28
422,2,1989,8.25
422,2,1990,8.05
422,2,1991,7.95
422,2,1992,7.86
422,2,1993,7.79
422,2,1994,7.74
422,2,1995,7.5
422,2,1996,7.23
422,2,1997,7.56
422,2,1998,7.15
422,2,1999,7.1
422,2,2000,6.64
422,2,2001,7.07
422,2,2002,7.79
422,2,2003,7.47
422,2,2004,7.79
422,2,2005,8.32
422,2,2006,8.07
422,2,2007,7.7
422,2,2008,7.3
422,2,2009,7.76
422,2,2010,7.72
422,2,2011,7.97
422,2,2012,7.71
422,2,2013,7.81
422,2,2014,8.09
422,2,2015,8.3
422,2,2016,8.27
422,2,2017,8.05
422,2,2018,7.81
422,2,2019,6.56
422,2,2020,6.51
422,2,2021,6.59
422,2,2022,6.93
422,2,2023,6.94
422,3,1980,28.54
422,3,1981,28.24
422,3,1982,28.29
422,3,1983,27.8
422,3,1984,26.79
422,3,1985,26.45
422,3,1986,26.71
422,3,1987,29.32
422,3,1988,31.35
422,3,1989,32.02
422,3,1990,32.2
422,3,1991,32.04
422,3,1992,31.85
422,3,1993,31.75
422,3,1994,32.03
422,3,1995,31.15
422,3,1996,31.38
422,3,1997,31.62
422,3,1998,31.35
422,3,1999,30.74
422,3,2000,30.47
422,3,2001,33.1
422,3,2002,36.12
422,3,2003,36.65
422,3,2004,38.92
422,3,2005,41.89
422,3,2006,43.82
422,3,2007,44.6
422,3,2008,47.78
422,3,2009,52.79
422,3,2010,53.55
422,3,2011,55.48
422,3,2012,55.11
422,3,2013,56.14
422,3,2014,56.03
422,3,2015,56.76
422,3,2016,56.16
422,3,2017,56.08
422,3,2018,56.53
422,3,2019,56.15
422,3,2020,56.55
422,3,2021,59.36
422,3,2022,53.72
422,3,2023,51.7
435,1,1980,14.44
435,1,1981,14.77
435,1,1982,14.96
435,1,1983,15.53
435,1,1984,15.46
435,1,1985,17.47
435,1,1986,18.22
435,1,1987,18.94
435,1,1988,19.09
435,1,1989,19.58
435,1,1990,18.88
435,1,1991,18.91
435,1,1992,19.79
435,1,1993,20.82
435,1,1994,21.55
435,1,1995,23.46
435,1,1996,23.7
435,1,1997,23.23
435,1,1998,24.24
435,1,1999,24.52
435,1,2000,25.43
435,1,2001,25.19
435,1,2002,25.85
435,1,2003,26.68
435,1,2004,27.26
435,1,2005,27.06
435,1,2006,27.2
435,1,2007,26.86
435,1,2008,26.15
435,1,2009,26.23
435,1,2010,25.69
435,1,2011,44.6
435,1,2012,36.26
435,1,2013,30.98
435,1,2014,28.12
435,1,2015,34.12
435,1,2016,36.88
435,1,2017,42.63
435,1,2018,43.58
435,1,2019,41.24
435,1,2020,50.01
435,1,2021,50.81
435,1,2022,48.19
435,1,2023,51.68
435,2,1980,4.25
435,2,1981,4.31
435,2,1982,4.46
435,2,1983,4.63
435,2,1984,4.63
435,2,1985,5.28
435,2,1986,5.46
435,2,1987,5.56
435,2,1988,5.54
435,2,1989,5.68
435,2,1990,5.53
435,2,1991,5.54
435,2,1992,5.67
435,2,1993,5.8
435,2,1994,5.91
435,2,1995,6.19
435,2,1996,6.18
435,2,1997,5.88
435,2,1998,6.05
435,2,1999,6.13
435,2,2000,6.37
435,2,2001,6.24
435,2,2002,6.38
435,2,2003,6.69
435,2,2004,6.92
435,2,2005,6.95
435,2,2006,7.16
435,2,2007,7.19
435,2,2008,7.12
435,2,2009,7.17
435,2,2010,7.1
435,2,2011,11.38
435,2,2012,9.52
435,2,2013,8.4
435,2,2014,7.89
435,2,2015,9.33
435,2,2016,9.93
435,2,2017,11.24
435,2,2018,11.49
435,2,2019,10.99
435,2,2020,13.27
435,2,2021,13.64
435,2,2022,12.78
435,2,2023,13.61
435,3,1980,9.58
435,3,1981,9.8
435,3,1982,9.99
435,3,1983,10.38
435,3,1984,10.36
435,3,1985,11.74
435,3,1986,12.22
435,3,1987,12.66
435,3,1988,12.73
435,3,1989,13.05
435,3,1990,12.62
435,3,1991,12.64
435,3,1992,13.16
435,3,1993,13.76
435,3,1994,14.2
435,3,1995,15.31
435,3,1996,15.42
435,3,1997,15.02
435,3,1998,15.6
435,3,1999,15.75
435,3,2000,16.31
435,3,2001,16.1
435,3,2002,16.49
435,3,2003,17.04
435,3,2004,17.41
435,3,2005,17.28
435,3,2006,17.42
435,3,2007,17.24
435,3,2008,16.81
435,3,2009,16.86
435,3,2010,16.54
435,3,2011,28.19
435,3,2012,23.04
435,3,2013,19.81
435,3,2014,18.1
435,3,2015,21.77
435,3,2016,23.37
435,3,2017,26.77
435,3,2018,27.09
435,3,2019,25.56
435,3,2020,30.98
435,3,2021,31.57
435,3,2022,29.84
435,3,2023,31.95
522,1,1980,0.56
522,1,1981,0.55
522,1,1982,0.54
522,1,1983,0.54
522,1,1984,0.55
522,1,1985,0.54
522,1,1986,0.54
522,1,1987,0.54
522,1,1988,0.54
522,1,1989,20.7
522,1,1990,0.88
522,1,1991,9.81
522,1,1992,9.69
522,1,1993,34.81
522,1,1994,1.81
522,1,1995,1.23
522,1,1996,3.46
522,1,1997,5.42
522,1,1998,3.56
522,1,1999,4.52
522,1,2000,3.49
522,1,2001,1.28
522,1,2002,2.27
522,1,2003,2.68
522,1,2004,3.3
522,1,2005,5.69
522,1,2006,5.61
522,1,2007,8.27
522,1,2008,5.03
522,1,2009,15.56
522,1,2010,6.6
522,1,2011,8.12
522,1,2012,2.86
522,1,2013,9.69
522,1,2014,7.56
522,1,2015,7.11
522,1,2016,3.44
522,1,2017,3.78
522,1,2018,2.64
522,1,2019,2.46
522,1,2020,4.64
522,1,2021,5.43
522,1,2022,7.69
522,1,2023,1.92
522,2,1980,0.24
522,2,1981,0.24
522,2,1982,0.24
522,2,1983,0.24
522,2,1984,0.24
522,2,1985,0.24
522,2,1986,0.24
522,2,1987,0.24
522,2,1988,0.24
522,2,1989,3.77
522,2,1990,0.3
522,2,1991,1.85
522,2,1992,1.81
522,2,1993,6.21
522,2,1994,0.43
522,2,1995,0.33
522,2,1996,0.72
522,2,1997,1.07
522,2,1998,0.74
522,2,1999,0.92
522,2,2000,0.76
522,2,2001,0.39
522,2,2002,0.62
522,2,2003,0.75
522,2,2004,0.94
522,2,2005,1.47
522,2,2006,1.56
522,2,2007,2.15
522,2,2008,1.5
522,2,2009,3.38
522,2,2010,1.72
522,2,2011,1.97
522,2,2012,0.99
522,2,2013,2.2
522,2,2014,1.8
522,2,2015,1.71
522,2,2016,1.04
522,2,2017,1.09
522,2,2018,0.89
522,2,2019,0.85
522,2,2020,1.32
522,2,2021,1.44
522,2,2022,1.8
522,2,2023,0.76
522,3,1980,0.39
522,3,1981,0.39
522,3,1982,0.38
522,3,1983,0.38
522,3,1984,0.39
522,3,1985,0.38
522,3,1986,0.38
522,3,1987,0.39
522,3,1988,0.38
522,3,1989,11.98
522,3,1990,0.58
522,3,1991,5.73
522,3,1992,5.67
522,3,1993,20.25
522,3,1994,1.11
522,3,1995,0.77
522,3,1996,2.08
522,3,1997,3.23
522,3,1998,2.14
522,3,1999,2.72
522,3,2000,2.13
522,3,2001,0.84
522,3,2002,1.45
522,3,2003,1.73
522,3,2004,2.14
522,3,2005,3.6
522,3,2006,3.61
522,3,2007,5.24
522,3,2008,3.29
522,3,2009,9.55
522,3,2010,4.2
522,3,2011,5.09
522,3,2012,1.94
522,3,2013,5.98
522,3,2014,4.71
522,3,2015,4.43
522,3,2016,2.25
522,3,2017,2.45
522,3,2018,1.77
522,3,2019,1.66
522,3,2020,3
522,3,2021,3.45
522,3,2022,4.77
522,3,2023,1.34
