location,sex,year,drowning_deaths_rate_age_standardized
6,3,1980,20.57
6,3,1981,19.3
6,3,1982,18.33
6,3,1983,17.67
6,3,1984,16.77
6,3,1985,15.96
6,3,1986,15.08
6,3,1987,14.48
6,3,1988,13.8
6,3,1989,13.57
6,3,1990,13.3
6,3,1991,12.84
6,3,1992,12.36
6,3,1993,12.23
6,3,1994,11.93
6,3,1995,11.61
6,3,1996,11.22
6,3,1997,10.86
6,3,1998,10.66
6,3,1999,10.32
6,3,2000,10.13
6,3,2001,9.97
6,3,2002,9.86
6,3,2003,9.56
6,3,2004,9.23
6,3,2005,8.86
6,3,2006,8.46
6,3,2007,8.1
6,3,2008,7.5
6,3,2009,6.99
6,3,2010,6.5
6,3,2011,5.93
6,3,2012,5.71
6,3,2013,5.36
6,3,2014,5.1
6,3,2015,4.91
6,3,2016,4.67
6,3,2017,4.36
6,3,2018,3.95
6,3,2019,3.58
6,3,2020,3.36
6,3,2021,3.26
6,3,2022,3.1
6,3,2023,3.06
7,3,1980,7.86
7,3,1981,7.73
7,3,1982,7.41
7,3,1983,7.28
7,3,1984,7.05
7,3,1985,7.01
7,3,1986,6.67
7,3,1987,6.68
7,3,1988,6.16
7,3,1989,6.1
7,3,1990,6.26
7,3,1991,5.79
7,3,1992,5.75
7,3,1993,5.66
7,3,1994,5.6
7,3,1995,5.74
7,3,1996,5.38
7,3,1997,5.36
7,3,1998,5.54
7,3,1999,5.32
7,3,2000,5.17
7,3,2001,5.11
7,3,2002,5.05
7,3,2003,5.18
7,3,2004,5.08
7,3,2005,5.1
7,3,2006,4.87
7,3,2007,4.91
7,3,2008,4.48
7,3,2009,4.34
7,3,2010,4.43
7,3,2011,4.21
7,3,2012,4.33
7,3,2013,4.18
7,3,2014,4
7,3,2015,3.93
7,3,2016,3.87
7,3,2017,3.77
7,3,2018,3.74
7,3,2019,3.71
7,3,2020,3.89
7,3,2021,3.67
7,3,2022,3.73
7,3,2023,3.49
8,3,1980,9.93
8,3,1981,9.33
8,3,1982,8.8
8,3,1983,8.62
8,3,1984,8.32
8,3,1985,8.16
8,3,1986,7.92
8,3,1987,7.88
8,3,1988,7.63
8,3,1989,7.48
8,3,1990,7.61
8,3,1991,6.95
8,3,1992,6.32
8,3,1993,5.98
8,3,1994,5.71
8,3,1995,5.45
8,3,1996,5.17
8,3,1997,4.63
8,3,1998,4.4
8,3,1999,4.2
8,3,2000,4.05
8,3,2001,3.86
8,3,2002,3.36
8,3,2003,3.15
8,3,2004,3.18
8,3,2005,3.17
8,3,2006,2.98
8,3,2007,2.76
8,3,2008,2.56
8,3,2009,2.42
8,3,2010,2.21
8,3,2011,2.06
8,3,2012,2.14
8,3,2013,2.05
8,3,2014,1.98
8,3,2015,2
8,3,2016,1.98
8,3,2017,1.88
8,3,2018,1.8
8,3,2019,1.73
8,3,2020,1.67
8,3,2021,1.67
8,3,2022,1.67
8,3,2023,1.65
10,3,1980,30.88
10,3,1981,30.88
10,3,1982,30.8
10,3,1983,31.54
10,3,1984,31.03
10,3,1985,30.6
10,3,1986,30.38
10,3,1987,29.92
10,3,1988,29.32
10,3,1989,28.5
10,3,1990,27.79
10,3,1991,26.98
10,3,1992,25.92
10,3,1993,24.49
10,3,1994,23.87
10,3,1995,22.83
10,3,1996,21.36
10,3,1997,20.03
10,3,1998,19.17
10,3,1999,17.44
10,3,2000,15.86
10,3,2001,15.13
10,3,2002,14.21
10,3,2003,12.92
10,3,2004,12.15
10,3,2005,11.65
10,3,2006,10.82
10,3,2007,10.56
10,3,2008,10.01
10,3,2009,9.6
10,3,2010,9.35
10,3,2011,9.14
10,3,2012,9.11
10,3,2013,8.97
10,3,2014,8.73
10,3,2015,8.67
10,3,2016,8.63
10,3,2017,8.31
10,3,2018,8.2
10,3,2019,8.13
10,3,2020,8.41
10,3,2021,8.01
10,3,2022,7.93
10,3,2023,8.22
11,3,1980,7.21
11,3,1981,6.98
11,3,1982,6.8
11,3,1983,6.61
11,3,1984,6.34
11,3,1985,6.08
11,3,1986,5.91
11,3,1987,5.76
11,3,1988,5.62
11,3,1989,5.46
11,3,1990,5.36
11,3,1991,5.27
11,3,1992,5.24
11,3,1993,5.2
11,3,1994,5.14
11,3,1995,5.09
11,3,1996,5.05
11,3,1997,4.98
11,3,1998,4.91
11,3,1999,4.81
11,3,2000,4.78
11,3,2001,4.7
11,3,2002,4.56
11,3,2003,4.37
11,3,2004,4.36
11,3,2005,4.1
11,3,2006,4.01
11,3,2007,3.93
11,3,2008,3.91
11,3,2009,3.89
11,3,2010,3.86
11,3,2011,3.82
11,3,2012,3.71
11,3,2013,3.56
11,3,2014,3.42
11,3,2015,3.27
11,3,2016,3.23
11,3,2017,3.12
11,3,2018,3.1
11,3,2019,3.05
11,3,2020,3.19
11,3,2021,3.28
11,3,2022,2.8
11,3,2023,2.8
12,3,1980,14.16
12,3,1981,14.02
12,3,1982,13.93
12,3,1983,13.94
12,3,1984,13.86
12,3,1985,13.77
12,3,1986,13.64
12,3,1987,13.63
12,3,1988,13.6
12,3,1989,13.57
12,3,1990,13.68
12,3,1991,13.76
12,3,1992,13.9
12,3,1993,13.88
12,3,1994,14.17
12,3,1995,14.06
12,3,1996,13.81
12,3,1997,13.55
12,3,1998,13.33
12,3,1999,12.7
12,3,2000,11.94
12,3,2001,11.41
12,3,2002,10.87
12,3,2003,10.22
12,3,2004,9.56
12,3,2005,9.06
12,3,2006,8.61
12,3,2007,8.22
12,3,2008,8.1
12,3,2009,8.05
12,3,2010,7.92
12,3,2011,7.81
12,3,2012,7.83
12,3,2013,7.87
12,3,2014,7.91
12,3,2015,7.97
12,3,2016,8.1
12,3,2017,8.01
12,3,2018,7.99
12,3,2019,7.76
12,3,2020,8.03
12,3,2021,8.05
12,3,2022,8.1
12,3,2023,8.2
13,3,1980,5.83
13,3,1981,5.66
13,3,1982,5.46
13,3,1983,5.28
13,3,1984,5.01
13,3,1985,4.76
13,3,1986,4.56
13,3,1987,4.37
13,3,1988,4.22
13,3,1989,4.12
13,3,1990,4.07
13,3,1991,4.03
13,3,1992,3.96
13,3,1993,3.9
13,3,1994,3.91
13,3,1995,3.88
13,3,1996,3.88
13,3,1997,3.8
13,3,1998,3.81
13,3,1999,3.6
13,3,2000,3.57
13,3,2001,3.39
13,3,2002,3.28
13,3,2003,3.19
13,3,2004,3.09
13,3,2005,2.98
13,3,2006,2.97
13,3,2007,2.94
13,3,2008,2.92
13,3,2009,2.93
13,3,2010,2.95
13,3,2011,2.93
13,3,2012,2.92
13,3,2013,2.94
13,3,2014,2.92
13,3,2015,2.87
13,3,2016,2.85
13,3,2017,2.71
13,3,2018,2.57
13,3,2019,2.35
13,3,2020,2.18
13,3,2021,2.05
13,3,2022,2.24
13,3,2023,2.32
14,3,1980,18.62
14,3,1981,17.68
14,3,1982,18.14
14,3,1983,18.39
14,3,1984,18.12
14,3,1985,17
14,3,1986,17.33
14,3,1987,16.94
14,3,1988,16.4
14,3,1989,15.98
14,3,1990,15.41
14,3,1991,15.18
14,3,1992,14.82
14,3,1993,14.35
14,3,1994,13.46
14,3,1995,12.34
14,3,1996,12.43
14,3,1997,11.64
14,3,1998,11.3
14,3,1999,10.06
14,3,2000,9.81
14,3,2001,9.46
14,3,2002,8.89
14,3,2003,8.68
14,3,2004,8.45
14,3,2005,7.86
14,3,2006,7.74
14,3,2007,7.45
14,3,2008,7.12
14,3,2009,6.83
14,3,2010,6.53
14,3,2011,6.29
14,3,2012,6.02
14,3,2013,5.77
14,3,2014,5.54
14,3,2015,5.34
14,3,2016,5.19
14,3,2017,5.05
14,3,2018,4.89
14,3,2019,4.77
14,3,2020,4.59
14,3,2021,4.26
14,3,2022,4.2
14,3,2023,4.14
15,3,1980,12.56
15,3,1981,12.14
15,3,1982,11.73
15,3,1983,11.54
15,3,1984,11.1
15,3,1985,10.76
15,3,1986,10.57
15,3,1987,10.48
15,3,1988,10.43
15,3,1989,10.24
15,3,1990,10.28
15,3,1991,10.42
15,3,1992,10.39
15,3,1993,10.18
15,3,1994,10.1
15,3,1995,9.88
15,3,1996,9.69
15,3,1997,9.48
15,3,1998,9.48
15,3,1999,9.26
15,3,2000,9.02
15,3,2001,8.78
15,3,2002,8.52
15,3,2003,8.28
15,3,2004,8.2
15,3,2005,8.09
15,3,2006,7.86
15,3,2007,7.49
15,3,2008,7.64
15,3,2009,7.25
15,3,2010,7.12
15,3,2011,7.25
15,3,2012,7.18
15,3,2013,7.54
15,3,2014,7.71
15,3,2015,7.76
15,3,2016,7.96
15,3,2017,7.83
15,3,2018,7.71
15,3,2019,7.6
15,3,2020,7.82
15,3,2021,7.92
15,3,2022,6.94
15,3,2023,6.93
16,3,1980,7.59
16,3,1981,7.59
16,3,1982,7.78
16,3,1983,8.19
16,3,1984,8.22
16,3,1985,8.17
16,3,1986,8.16
16,3,1987,8.12
16,3,1988,7.57
16,3,1989,6.91
16,3,1990,6.3
16,3,1991,5.92
16,3,1992,5.82
16,3,1993,5.63
16,3,1994,5.53
16,3,1995,5.55
16,3,1996,5.63
16,3,1997,5.56
16,3,1998,5.5
16,3,1999,5.52
16,3,2000,5.49
16,3,2001,5.44
16,3,2002,5.27
16,3,2003,5.05
16,3,2004,4.86
16,3,2005,4.9
16,3,2006,4.88
16,3,2007,4.7
16,3,2008,4.65
16,3,2009,4.8
16,3,2010,4.89
16,3,2011,4.9
16,3,2012,4.98
16,3,2013,4.92
16,3,2014,4.83
16,3,2015,4.93
16,3,2016,5.05
16,3,2017,4.81
16,3,2018,4.49
16,3,2019,4.08
16,3,2020,3.78
16,3,2021,4.53
16,3,2022,4.62
16,3,2023,4.25
17,3,1980,8.57
17,3,1981,8.59
17,3,1982,8.45
17,3,1983,8.61
17,3,1984,8.61
17,3,1985,8.61
17,3,1986,8.42
17,3,1987,8.46
17,3,1988,8.55
17,3,1989,8.2
17,3,1990,8.19
17,3,1991,7.84
17,3,1992,7.39
17,3,1993,7.31
17,3,1994,7.4
17,3,1995,7.46
17,3,1996,7.86
17,3,1997,7.65
17,3,1998,7.67
17,3,1999,7.21
17,3,2000,6.72
17,3,2001,6.49
17,3,2002,6.1
17,3,2003,5.59
17,3,2004,5.62
17,3,2005,4.98
17,3,2006,4.85
17,3,2007,4.8
17,3,2008,4.59
17,3,2009,4.52
17,3,2010,4.44
17,3,2011,4.26
17,3,2012,4.12
17,3,2013,3.97
17,3,2014,3.89
17,3,2015,3.69
17,3,2016,3.5
17,3,2017,3.4
17,3,2018,3.28
17,3,2019,3.06
17,3,2020,3.01
17,3,2021,2.84
17,3,2022,3.55
17,3,2023,3.83
18,3,1980,18.34
18,3,1981,17.21
18,3,1982,16.01
18,3,1983,14.87
18,3,1984,12.66
18,3,1985,11.18
18,3,1986,9.99
18,3,1987,9.46
18,3,1988,9.13
18,3,1989,8.75
18,3,1990,8.67
18,3,1991,8.64
18,3,1992,8.63
18,3,1993,8.6
18,3,1994,9.53
18,3,1995,10.12
18,3,1996,9.82
18,3,1997,8.67
18,3,1998,9.18
18,3,1999,10.39
18,3,2000,11.27
18,3,2001,11.42
18,3,2002,11.21
18,3,2003,10.79
18,3,2004,10.22
18,3,2005,9.85
18,3,2006,9.55
18,3,2007,9.27
18,3,2008,8.93
18,3,2009,8.65
18,3,2010,8.55
18,3,2011,8.45
18,3,2012,8.12
18,3,2013,7.96
18,3,2014,7.52
18,3,2015,7.34
18,3,2016,7.21
18,3,2017,6.93
18,3,2018,6.41
18,3,2019,6.09
18,3,2020,6.16
18,3,2021,6.15
18,3,2022,6.36
18,3,2023,6.08
19,3,1980,31.09
19,3,1981,29.98
19,3,1982,30.2
19,3,1983,29.77
19,3,1984,29.09
19,3,1985,26.52
19,3,1986,26.41
19,3,1987,24.73
19,3,1988,24.55
19,3,1989,23.97
19,3,1990,22.96
19,3,1991,22.84
19,3,1992,22.36
19,3,1993,20.34
19,3,1994,20.83
19,3,1995,19.85
19,3,1996,18.97
19,3,1997,17.78
19,3,1998,16.94
19,3,1999,15.69
19,3,2000,15.11
19,3,2001,13.78
19,3,2002,12.76
19,3,2003,12.44
19,3,2004,10.58
19,3,2005,10.03
19,3,2006,9.86
19,3,2007,9.65
19,3,2008,9.11
19,3,2009,9.1
19,3,2010,9.15
19,3,2011,9.59
19,3,2012,9.83
19,3,2013,9.71
19,3,2014,9.52
19,3,2015,9.3
19,3,2016,9.18
19,3,2017,9.14
19,3,2018,8.45
19,3,2019,8.3
19,3,2020,8.49
19,3,2021,8.29
19,3,2022,7.86
19,3,2023,7.94
20,3,1980,25.78
20,3,1981,24.98
20,3,1982,24.32
20,3,1983,23.46
20,3,1984,22.62
20,3,1985,22.06
20,3,1986,21.68
20,3,1987,21.5
20,3,1988,21.1
20,3,1989,20.8
20,3,1990,20.69
20,3,1991,20.39
20,3,1992,19.94
20,3,1993,19.44
20,3,1994,19.06
20,3,1995,18.56
20,3,1996,18.08
20,3,1997,17.68
20,3,1998,17.29
20,3,1999,16.53
20,3,2000,15.94
20,3,2001,15.41
20,3,2002,14.89
20,3,2003,14.56
20,3,2004,14.16
20,3,2005,13.58
20,3,2006,13.1
20,3,2007,12.68
20,3,2008,12.3
20,3,2009,12.12
20,3,2010,12.07
20,3,2011,12
20,3,2012,12.05
20,3,2013,11.87
20,3,2014,12.09
20,3,2015,11.85
20,3,2016,11.86
20,3,2017,11.3
20,3,2018,10.91
20,3,2019,10.53
20,3,2020,10.55
20,3,2021,10.33
20,3,2022,9.72
20,3,2023,9.53
22,3,1980,10.31
22,3,1981,9.84
22,3,1982,9.82
22,3,1983,9.84
22,3,1984,9.76
22,3,1985,9.29
22,3,1986,8.91
22,3,1987,8.8
22,3,1988,8.66
22,3,1989,8.46
22,3,1990,8.33
22,3,1991,8.2
22,3,1992,8.21
22,3,1993,7.96
22,3,1994,7.82
22,3,1995,7.72
22,3,1996,7.47
22,3,1997,7.23
22,3,1998,7.15
22,3,1999,7.16
22,3,2000,7.03
22,3,2001,6.96
22,3,2002,7.02
22,3,2003,6.83
22,3,2004,7.24
22,3,2005,7.2
22,3,2006,7.14
22,3,2007,7.24
22,3,2008,7.13
22,3,2009,7.06
22,3,2010,7.06
22,3,2011,6.97
22,3,2012,6.8
22,3,2013,6.67
22,3,2014,6.6
22,3,2015,6.53
22,3,2016,6.44
22,3,2017,6.3
22,3,2018,6.2
22,3,2019,5.98
22,3,2020,5.99
22,3,2021,5.91
22,3,2022,5.96
22,3,2023,6.16
23,3,1980,6.47
23,3,1981,6.31
23,3,1982,6.22
23,3,1983,6.06
23,3,1984,5.44
23,3,1985,5.32
23,3,1986,5.62
23,3,1987,5.53
23,3,1988,5.28
23,3,1989,4.78
23,3,1990,5.1
23,3,1991,5.01
23,3,1992,4.63
23,3,1993,4.75
23,3,1994,4.54
23,3,1995,4.25
23,3,1996,3.84
23,3,1997,4.08
23,3,1998,3.66
23,3,1999,4
23,3,2000,3.82
23,3,2001,3.94
23,3,2002,3.91
23,3,2003,3.82
23,3,2004,3.73
23,3,2005,3.69
23,3,2006,3.66
23,3,2007,3.76
23,3,2008,3.75
23,3,2009,3.75
23,3,2010,3.7
23,3,2011,3.63
23,3,2012,3.52
23,3,2013,3.47
23,3,2014,3.41
23,3,2015,3.34
23,3,2016,3.25
23,3,2017,3.19
23,3,2018,3.21
23,3,2019,3.11
23,3,2020,3.24
23,3,2021,3.4
23,3,2022,2.92
23,3,2023,3.12
24,3,1980,13.9
24,3,1981,13.68
24,3,1982,13.38
24,3,1983,12.92
24,3,1984,12.61
24,3,1985,12.39
24,3,1986,12.16
24,3,1987,12.02
24,3,1988,11.81
24,3,1989,11.55
24,3,1990,11.33
24,3,1991,11.22
24,3,1992,11.06
24,3,1993,10.93
24,3,1994,11.06
24,3,1995,10.92
24,3,1996,10.78
24,3,1997,10.55
24,3,1998,10.49
24,3,1999,10.25
24,3,2000,10.1
24,3,2001,9.9
24,3,2002,9.84
24,3,2003,9.69
24,3,2004,9.67
24,3,2005,9.57
24,3,2006,9.41
24,3,2007,9.29
24,3,2008,9.16
24,3,2009,9.06
24,3,2010,8.99
24,3,2011,8.86
24,3,2012,8.75
24,3,2013,8.66
24,3,2014,8.53
24,3,2015,8.38
24,3,2016,8.25
24,3,2017,8.1
24,3,2018,7.95
24,3,2019,7.77
24,3,2020,7.9
24,3,2021,8.32
24,3,2022,7.81
24,3,2023,7.74
25,3,1980,17.37
25,3,1981,16.82
25,3,1982,16.25
25,3,1983,15.79
25,3,1984,15.35
25,3,1985,14.83
25,3,1986,14.33
25,3,1987,13.85
25,3,1988,13.47
25,3,1989,13.15
25,3,1990,12.8
25,3,1991,12.42
25,3,1992,12.14
25,3,1993,11.84
25,3,1994,11.6
25,3,1995,11.34
25,3,1996,11.07
25,3,1997,10.81
25,3,1998,10.59
25,3,1999,10.29
25,3,2000,10.25
25,3,2001,9.9
25,3,2002,9.73
25,3,2003,10.31
25,3,2004,10.62
25,3,2005,10.85
25,3,2006,10.88
25,3,2007,10.87
25,3,2008,10.74
25,3,2009,10.67
25,3,2010,10.5
25,3,2011,10.47
25,3,2012,10.37
25,3,2013,10.27
25,3,2014,10.1
25,3,2015,10.01
25,3,2016,9.81
25,3,2017,9.53
25,3,2018,9.29
25,3,2019,9.95
25,3,2020,10.71
25,3,2021,11.29
25,3,2022,10.69
25,3,2023,10.42
26,3,1980,23.12
26,3,1981,22.7
26,3,1982,21.9
26,3,1983,21.61
26,3,1984,21.07
26,3,1985,20.62
26,3,1986,20.2
26,3,1987,19.58
26,3,1988,19.14
26,3,1989,18.78
26,3,1990,18.47
26,3,1991,18.32
26,3,1992,18.16
26,3,1993,18.04
26,3,1994,17.87
26,3,1995,17.74
26,3,1996,17.71
26,3,1997,17.27
26,3,1998,17.35
26,3,1999,17.26
26,3,2000,16.86
26,3,2001,16.47
26,3,2002,16.24
26,3,2003,15.8
26,3,2004,15.56
26,3,2005,15.77
26,3,2006,15.94
26,3,2007,16.29
26,3,2008,16.17
26,3,2009,15.91
26,3,2010,16.35
26,3,2011,16.46
26,3,2012,16.32
26,3,2013,15.63
26,3,2014,15.41
26,3,2015,15.54
26,3,2016,14.94
26,3,2017,14.67
26,3,2018,14.37
26,3,2019,14.45
26,3,2020,14.24
26,3,2021,14.19
26,3,2022,13.94
26,3,2023,13.84
27,3,1980,11.17
27,3,1981,10.9
27,3,1982,10.71
27,3,1983,10.44
27,3,1984,10.24
27,3,1985,10.01
27,3,1986,9.77
27,3,1987,9.53
27,3,1988,9.34
27,3,1989,9.13
27,3,1990,9.03
27,3,1991,8.97
27,3,1992,8.91
27,3,1993,8.84
27,3,1994,8.79
27,3,1995,8.76
27,3,1996,8.7
27,3,1997,8.64
27,3,1998,8.6
27,3,1999,8.71
27,3,2000,8.7
27,3,2001,8.56
27,3,2002,8.47
27,3,2003,8.23
27,3,2004,8.11
27,3,2005,8
27,3,2006,7.81
27,3,2007,7.61
27,3,2008,7.36
27,3,2009,7.24
27,3,2010,7.16
27,3,2011,6.99
27,3,2012,6.84
27,3,2013,6.7
27,3,2014,6.51
27,3,2015,6.29
27,3,2016,6.14
27,3,2017,5.98
27,3,2018,5.92
27,3,2019,5.71
27,3,2020,5.87
27,3,2021,6.14
27,3,2022,5.86
27,3,2023,5.88
28,3,1980,21.85
28,3,1981,21.34
28,3,1982,20.7
28,3,1983,20.15
28,3,1984,19.44
28,3,1985,18.76
28,3,1986,18.24
28,3,1987,17.71
28,3,1988,17.01
28,3,1989,16.55
28,3,1990,16.08
28,3,1991,16.22
28,3,1992,15.58
28,3,1993,15.46
28,3,1994,15.36
28,3,1995,15.01
28,3,1996,14.8
28,3,1997,14.66
28,3,1998,14.68
28,3,1999,14.43
28,3,2000,14.33
28,3,2001,13.83
28,3,2002,13.48
28,3,2003,13.17
28,3,2004,12.74
28,3,2005,12.68
28,3,2006,12.66
28,3,2007,12.38
28,3,2008,11.88
28,3,2009,12.32
28,3,2010,12.07
28,3,2011,12.84
28,3,2012,12.99
28,3,2013,13.15
28,3,2014,13.4
28,3,2015,13.32
28,3,2016,12.91
28,3,2017,12.77
28,3,2018,12.59
28,3,2019,12.59
28,3,2020,12.69
28,3,2021,12.76
28,3,2022,12.88
28,3,2023,12.82
29,3,1980,8.74
29,3,1981,7.94
29,3,1982,8.11
29,3,1983,7.43
29,3,1984,7.57
29,3,1985,7.3
29,3,1986,7.05
29,3,1987,6.45
29,3,1988,6.69
29,3,1989,6.53
29,3,1990,6.41
29,3,1991,6.34
29,3,1992,6.28
29,3,1993,6.19
29,3,1994,6.09
29,3,1995,6.03
29,3,1996,5.95
29,3,1997,5.83
29,3,1998,5.73
29,3,1999,5.72
29,3,2000,5.62
29,3,2001,5.5
29,3,2002,5.35
29,3,2003,5.21
29,3,2004,5.14
29,3,2005,5.14
29,3,2006,5.14
29,3,2007,5.03
29,3,2008,4.94
29,3,2009,5.01
29,3,2010,4.77
29,3,2011,4.6
29,3,2012,4.56
29,3,2013,4.54
29,3,2014,4.45
29,3,2015,4.34
29,3,2016,4.25
29,3,2017,4.13
29,3,2018,4.03
29,3,2019,3.91
29,3,2020,3.96
29,3,2021,4.09
29,3,2022,3.83
29,3,2023,3.79
30,3,1980,14.78
30,3,1981,14.41
30,3,1982,14.26
30,3,1983,13.41
30,3,1984,12.99
30,3,1985,12.65
30,3,1986,12.28
30,3,1987,11.87
30,3,1988,11.68
30,3,1989,11.26
30,3,1990,11.25
30,3,1991,11.54
30,3,1992,11.7
30,3,1993,11.63
30,3,1994,11.88
30,3,1995,11.57
30,3,1996,11.51
30,3,1997,11.23
30,3,1998,11.11
30,3,1999,11.12
30,3,2000,10.54
30,3,2001,10.47
30,3,2002,9.68
30,3,2003,8.99
30,3,2004,8.73
30,3,2005,9.01
30,3,2006,8.95
30,3,2007,9.21
30,3,2008,9.16
30,3,2009,8.9
30,3,2010,8.84
30,3,2011,8.86
30,3,2012,8.74
30,3,2013,8.74
30,3,2014,8.75
30,3,2015,8.63
30,3,2016,8.65
30,3,2017,8.5
30,3,2018,8.32
30,3,2019,8.14
30,3,2020,8.08
30,3,2021,7.91
30,3,2022,7.75
30,3,2023,7.71
33,3,1980,9.53
33,3,1981,9.51
33,3,1982,9.39
33,3,1983,9.12
33,3,1984,8.18
33,3,1985,7.9
33,3,1986,8.02
33,3,1987,8.59
33,3,1988,9.51
33,3,1989,9.22
33,3,1990,9.03
33,3,1991,9.05
33,3,1992,9.38
33,3,1993,10.85
33,3,1994,10.95
33,3,1995,9.21
33,3,1996,7.77
33,3,1997,6.84
33,3,1998,6.07
33,3,1999,5.22
33,3,2000,4.84
33,3,2001,4.39
33,3,2002,4.32
33,3,2003,3.97
33,3,2004,3.57
33,3,2005,2.69
33,3,2006,2.44
33,3,2007,2.51
33,3,2008,2.49
33,3,2009,2.3
33,3,2010,2.37
33,3,2011,2.14
33,3,2012,2.22
33,3,2013,2.05
33,3,2014,1.97
33,3,2015,1.99
33,3,2016,1.92
33,3,2017,1.8
33,3,2018,1.66
33,3,2019,1.6
33,3,2020,1.48
33,3,2021,1.39
33,3,2022,1.38
33,3,2023,1.37
34,3,1980,9.36
34,3,1981,8.68
34,3,1982,8.19
34,3,1983,7.97
34,3,1984,7.71
34,3,1985,7.66
34,3,1986,7.67
34,3,1987,7.65
34,3,1988,7.6
34,3,1989,7.68
34,3,1990,7.78
34,3,1991,7.72
34,3,1992,7.33
34,3,1993,7.31
34,3,1994,7.1
34,3,1995,7.31
34,3,1996,7.07
34,3,1997,6.49
34,3,1998,5.93
34,3,1999,5.33
34,3,2000,4.79
34,3,2001,4.3
34,3,2002,4.12
34,3,2003,3.96
34,3,2004,3.9
34,3,2005,3.88
34,3,2006,3.87
34,3,2007,3.74
34,3,2008,3.64
34,3,2009,3.62
34,3,2010,3.68
34,3,2011,3.67
34,3,2012,3.81
34,3,2013,3.78
34,3,2014,3.79
34,3,2015,3.81
34,3,2016,3.78
34,3,2017,3.74
34,3,2018,3.72
34,3,2019,3.82
34,3,2020,3.92
34,3,2021,3.92
34,3,2022,4.06
34,3,2023,4.78
35,3,1980,10.61
35,3,1981,10.11
35,3,1982,9.82
35,3,1983,9.45
35,3,1984,8.95
35,3,1985,8.67
35,3,1986,9.05
35,3,1987,9.06
35,3,1988,8.66
35,3,1989,8.72
35,3,1990,8.85
35,3,1991,8.97
35,3,1992,9.68
35,3,1993,10.31
35,3,1994,11.03
35,3,1995,10.01
35,3,1996,9.63
35,3,1997,8.22
35,3,1998,5.48
35,3,1999,4.76
35,3,2000,4.58
35,3,2001,4.32
35,3,2002,3.75
35,3,2003,3.44
35,3,2004,3.32
35,3,2005,2.99
35,3,2006,2.72
35,3,2007,3
35,3,2008,3.07
35,3,2009,3.09
35,3,2010,3.18
35,3,2011,3.33
35,3,2012,3.3
35,3,2013,2.98
35,3,2014,2.84
35,3,2015,3.11
35,3,2016,3.06
35,3,2017,2.76
35,3,2018,2.54
35,3,2019,2.27
35,3,2020,1.97
35,3,2021,1.86
35,3,2022,1.84
35,3,2023,1.76
36,3,1980,16.53
36,3,1981,15.96
36,3,1982,14.72
36,3,1983,14.23
36,3,1984,13.37
36,3,1985,12.47
36,3,1986,12.08
36,3,1987,11.92
36,3,1988,11.23
36,3,1989,11.74
36,3,1990,12.44
36,3,1991,11.86
36,3,1992,11.3
36,3,1993,11.67
36,3,1994,11.57
36,3,1995,11.97
36,3,1996,12.1
36,3,1997,11.64
36,3,1998,11.68
36,3,1999,10.46
36,3,2000,10.54
36,3,2001,10.78
36,3,2002,11.46
36,3,2003,10.9
36,3,2004,10.45
36,3,2005,10.34
36,3,2006,9.33
36,3,2007,8.93
36,3,2008,8.31
36,3,2009,7.38
36,3,2010,7.18
36,3,2011,6.35
36,3,2012,5.99
36,3,2013,5.36
36,3,2014,5.2
36,3,2015,5.07
36,3,2016,4.82
36,3,2017,4.57
36,3,2018,4.05
36,3,2019,3.65
36,3,2020,3.41
36,3,2021,3.28
36,3,2022,3.17
36,3,2023,3.15
37,3,1980,16.2
37,3,1981,15.51
37,3,1982,15.63
37,3,1983,14.79
37,3,1984,13.36
37,3,1985,12.52
37,3,1986,12.47
37,3,1987,13.04
37,3,1988,13.21
37,3,1989,13.46
37,3,1990,14.1
37,3,1991,14.28
37,3,1992,13.69
37,3,1993,14.4
37,3,1994,14.98
37,3,1995,14.68
37,3,1996,14.11
37,3,1997,13.44
37,3,1998,12.73
37,3,1999,11.51
37,3,2000,9.59
37,3,2001,8.76
37,3,2002,8.54
37,3,2003,7.77
37,3,2004,7.37
37,3,2005,6.92
37,3,2006,6.41
37,3,2007,6.13
37,3,2008,6.04
37,3,2009,5.7
37,3,2010,5.97
37,3,2011,5.61
37,3,2012,5.27
37,3,2013,4.41
37,3,2014,4.15
37,3,2015,4.18
37,3,2016,4.08
37,3,2017,3.93
37,3,2018,3.54
37,3,2019,3.15
37,3,2020,2.79
37,3,2021,2.74
37,3,2022,2.82
37,3,2023,2.98
38,3,1980,13.69
38,3,1981,14.21
38,3,1982,14.42
38,3,1983,14.22
38,3,1984,13.08
38,3,1985,13.14
38,3,1986,12.58
38,3,1987,11.98
38,3,1988,11.5
38,3,1989,11.74
38,3,1990,11.74
38,3,1991,11.09
38,3,1992,10.65
38,3,1993,10.11
38,3,1994,9.6
38,3,1995,9.45
38,3,1996,9.02
38,3,1997,8.84
38,3,1998,8.57
38,3,1999,8.07
38,3,2000,7.52
38,3,2001,7.08
38,3,2002,6.77
38,3,2003,6.29
38,3,2004,5.96
38,3,2005,5.82
38,3,2006,5.8
38,3,2007,5.7
38,3,2008,5.72
38,3,2009,5.91
38,3,2010,5.91
38,3,2011,5.56
38,3,2012,5.51
38,3,2013,5.59
38,3,2014,5.17
38,3,2015,4.72
38,3,2016,4.25
38,3,2017,4.06
38,3,2018,4.03
38,3,2019,3.49
38,3,2020,3.24
38,3,2021,3.29
38,3,2022,3.34
38,3,2023,3.33
39,3,1980,11.56
39,3,1981,11.08
39,3,1982,10.72
39,3,1983,10.53
39,3,1984,10.16
39,3,1985,9.99
39,3,1986,9.92
39,3,1987,9.97
39,3,1988,10.22
39,3,1989,10.35
39,3,1990,11.15
39,3,1991,12.21
39,3,1992,12.7
39,3,1993,13.5
39,3,1994,13.3
39,3,1995,13.18
39,3,1996,12.26
39,3,1997,11.41
39,3,1998,10.63
39,3,1999,9.82
39,3,2000,9.14
39,3,2001,8.87
39,3,2002,8.6
39,3,2003,8.37
39,3,2004,8.17
39,3,2005,7.66
39,3,2006,7.24
39,3,2007,6.81
39,3,2008,6.44
39,3,2009,6.11
39,3,2010,5.79
39,3,2011,5.42
39,3,2012,5.1
39,3,2013,4.89
39,3,2014,4.67
39,3,2015,4.63
39,3,2016,4.55
39,3,2017,4.58
39,3,2018,4.55
39,3,2019,4.56
39,3,2020,4.3
39,3,2021,4.41
39,3,2022,4.51
39,3,2023,4.41
40,3,1980,14.07
40,3,1981,13.62
40,3,1982,13.02
40,3,1983,12.68
40,3,1984,12.54
40,3,1985,12.4
40,3,1986,11.8
40,3,1987,11.74
40,3,1988,10.92
40,3,1989,10.96
40,3,1990,11.46
40,3,1991,10.94
40,3,1992,10.79
40,3,1993,10.5
40,3,1994,11.07
40,3,1995,11.46
40,3,1996,11.75
40,3,1997,11.56
40,3,1998,11.19
40,3,1999,9.92
40,3,2000,8.9
40,3,2001,8.9
40,3,2002,9.34
40,3,2003,8.7
40,3,2004,8.36
40,3,2005,8.18
40,3,2006,7.29
40,3,2007,6.23
40,3,2008,5.5
40,3,2009,4.69
40,3,2010,4.5
40,3,2011,3.7
40,3,2012,3.65
40,3,2013,3.28
40,3,2014,3.32
40,3,2015,3.46
40,3,2016,3.4
40,3,2017,3.33
40,3,2018,3.28
40,3,2019,3.21
40,3,2020,3.17
40,3,2021,3.11
40,3,2022,2.88
40,3,2023,2.7
41,3,1980,15.25
41,3,1981,15.13
41,3,1982,13.95
41,3,1983,13.35
41,3,1984,11.83
41,3,1985,11.41
41,3,1986,11.15
41,3,1987,11.14
41,3,1988,10.66
41,3,1989,10.38
41,3,1990,10.41
41,3,1991,10.37
41,3,1992,10.28
41,3,1993,10.61
41,3,1994,10.57
41,3,1995,10.82
41,3,1996,11.14
41,3,1997,11.43
41,3,1998,11.62
41,3,1999,10.98
41,3,2000,10.38
41,3,2001,9.91
41,3,2002,9.77
41,3,2003,8.87
41,3,2004,7.52
41,3,2005,7.16
41,3,2006,7.07
41,3,2007,6.48
41,3,2008,5.92
41,3,2009,5.74
41,3,2010,5.82
41,3,2011,5.2
41,3,2012,5.41
41,3,2013,5.19
41,3,2014,5.13
41,3,2015,5.51
41,3,2016,5.8
41,3,2017,5.79
41,3,2018,5.56
41,3,2019,5.79
41,3,2020,5.9
41,3,2021,5.34
41,3,2022,4.92
41,3,2023,4.59
43,3,1980,4.54
43,3,1981,4.35
43,3,1982,4.25
43,3,1983,4.11
43,3,1984,4.22
43,3,1985,4.31
43,3,1986,4.39
43,3,1987,4.67
43,3,1988,4.65
43,3,1989,4.16
43,3,1990,4.41
43,3,1991,4.62
43,3,1992,4.59
43,3,1993,4.48
43,3,1994,4.43
43,3,1995,4.5
43,3,1996,4.41
43,3,1997,3.97
43,3,1998,3.79
43,3,1999,3.81
43,3,2000,3.51
43,3,2001,3.43
43,3,2002,3.45
43,3,2003,3.17
43,3,2004,3.09
43,3,2005,2.97
43,3,2006,2.61
43,3,2007,2.52
43,3,2008,2.29
43,3,2009,2.32
43,3,2010,2.2
43,3,2011,1.92
43,3,2012,1.91
43,3,2013,1.9
43,3,2014,1.96
43,3,2015,1.88
43,3,2016,1.83
43,3,2017,1.7
43,3,2018,1.66
43,3,2019,1.77
43,3,2020,1.68
43,3,2021,1.72
43,3,2022,1.6
43,3,2023,1.56
44,3,1980,1.46
44,3,1981,1.4
44,3,1982,1.31
44,3,1983,1.21
44,3,1984,1.17
44,3,1985,1.13
44,3,1986,1.08
44,3,1987,1.02
44,3,1988,0.99
44,3,1989,0.96
44,3,1990,0.98
44,3,1991,0.94
44,3,1992,0.91
44,3,1993,0.91
44,3,1994,0.9
44,3,1995,0.89
44,3,1996,0.86
44,3,1997,0.8
44,3,1998,0.78
44,3,1999,0.81
44,3,2000,0.78
44,3,2001,0.77
44,3,2002,0.79
44,3,2003,0.77
44,3,2004,0.79
44,3,2005,0.76
44,3,2006,0.72
44,3,2007,0.71
44,3,2008,0.71
44,3,2009,0.7
44,3,2010,0.72
44,3,2011,0.66
44,3,2012,0.65
44,3,2013,0.65
44,3,2014,0.66
44,3,2015,0.6
44,3,2016,0.6
44,3,2017,0.58
44,3,2018,0.58
44,3,2019,0.59
44,3,2020,0.56
44,3,2021,0.54
44,3,2022,0.53
44,3,2023,0.53
45,3,1980,3.61
45,3,1981,3.51
45,3,1982,3.59
45,3,1983,3.84
45,3,1984,3.91
45,3,1985,4.09
45,3,1986,4.23
45,3,1987,4.08
45,3,1988,4.17
45,3,1989,3.84
45,3,1990,3.45
45,3,1991,3.55
45,3,1992,3.6
45,3,1993,3.57
45,3,1994,3.74
45,3,1995,3.65
45,3,1996,3.52
45,3,1997,3.68
45,3,1998,3.91
45,3,1999,3.51
45,3,2000,2.97
45,3,2001,2.72
45,3,2002,2.71
45,3,2003,2.64
45,3,2004,2.5
45,3,2005,2.63
45,3,2006,2.63
45,3,2007,2.52
45,3,2008,2.35
45,3,2009,2.19
45,3,2010,2.16
45,3,2011,2.04
45,3,2012,1.96
45,3,2013,1.97
45,3,2014,2.02
45,3,2015,1.97
45,3,2016,1.86
45,3,2017,1.74
45,3,2018,1.71
45,3,2019,1.57
45,3,2020,1.55
45,3,2021,1.61
45,3,2022,1.58
45,3,2023,1.45
46,3,1980,3.49
46,3,1981,3.44
46,3,1982,3.4
46,3,1983,3.32
46,3,1984,3.29
46,3,1985,3.26
46,3,1986,3.14
46,3,1987,3.08
46,3,1988,3.16
46,3,1989,2.88
46,3,1990,2.64
46,3,1991,2.64
46,3,1992,2.74
46,3,1993,2.59
46,3,1994,2.82
46,3,1995,2.67
46,3,1996,2.5
46,3,1997,2.73
46,3,1998,2.76
46,3,1999,2.37
46,3,2000,2.14
46,3,2001,2.07
46,3,2002,1.99
46,3,2003,1.88
46,3,2004,1.78
46,3,2005,1.77
46,3,2006,1.76
46,3,2007,1.75
46,3,2008,1.64
46,3,2009,1.62
46,3,2010,1.71
46,3,2011,1.57
46,3,2012,1.52
46,3,2013,1.51
46,3,2014,1.43
46,3,2015,1.39
46,3,2016,1.32
46,3,2017,1.24
46,3,2018,1.19
46,3,2019,1.12
46,3,2020,1.09
46,3,2021,1.01
46,3,2022,1
46,3,2023,0.95
47,3,1980,3.38
47,3,1981,3.36
47,3,1982,3.34
47,3,1983,3.3
47,3,1984,3.26
47,3,1985,3.2
47,3,1986,3.12
47,3,1987,3.04
47,3,1988,2.97
47,3,1989,2.85
47,3,1990,2.77
47,3,1991,2.77
47,3,1992,2.87
47,3,1993,2.76
47,3,1994,2.88
47,3,1995,2.68
47,3,1996,2.46
47,3,1997,2.64
47,3,1998,2.58
47,3,1999,2.28
47,3,2000,2.1
47,3,2001,2.05
47,3,2002,2.03
47,3,2003,1.9
47,3,2004,1.79
47,3,2005,1.81
47,3,2006,1.79
47,3,2007,1.68
47,3,2008,1.58
47,3,2009,1.6
47,3,2010,1.64
47,3,2011,1.48
47,3,2012,1.39
47,3,2013,1.35
47,3,2014,1.27
47,3,2015,1.26
47,3,2016,1.2
47,3,2017,1.14
47,3,2018,1.13
47,3,2019,1.08
47,3,2020,1.12
47,3,2021,1.05
47,3,2022,1.04
47,3,2023,0.99
48,3,1980,2.7
48,3,1981,2.81
48,3,1982,2.94
48,3,1983,3.14
48,3,1984,3.09
48,3,1985,3.14
48,3,1986,3.1
48,3,1987,2.98
48,3,1988,3.04
48,3,1989,2.95
48,3,1990,2.91
48,3,1991,3.05
48,3,1992,3.2
48,3,1993,2.94
48,3,1994,2.94
48,3,1995,2.62
48,3,1996,2.41
48,3,1997,2.53
48,3,1998,2.65
48,3,1999,2.34
48,3,2000,2.07
48,3,2001,1.92
48,3,2002,1.91
48,3,2003,1.84
48,3,2004,1.72
48,3,2005,1.78
48,3,2006,1.79
48,3,2007,1.67
48,3,2008,1.55
48,3,2009,1.53
48,3,2010,1.55
48,3,2011,1.36
48,3,2012,1.29
48,3,2013,1.24
48,3,2014,1.21
48,3,2015,1.19
48,3,2016,1.12
48,3,2017,1.14
48,3,2018,1.03
48,3,2019,0.92
48,3,2020,0.91
48,3,2021,0.93
48,3,2022,0.91
48,3,2023,0.87
49,3,1980,2.33
49,3,1981,2.28
49,3,1982,2.27
49,3,1983,2.11
49,3,1984,2.14
49,3,1985,2.11
49,3,1986,2.07
49,3,1987,2
49,3,1988,1.92
49,3,1989,1.87
49,3,1990,1.9
49,3,1991,1.84
49,3,1992,1.8
49,3,1993,1.76
49,3,1994,1.78
49,3,1995,1.76
49,3,1996,1.74
49,3,1997,1.71
49,3,1998,1.63
49,3,1999,1.61
49,3,2000,1.57
49,3,2001,1.49
49,3,2002,1.41
49,3,2003,1.32
49,3,2004,1.28
49,3,2005,1.26
49,3,2006,1.21
49,3,2007,1.18
49,3,2008,1.14
49,3,2009,1.08
49,3,2010,1.07
49,3,2011,1.03
49,3,2012,1.01
49,3,2013,0.98
49,3,2014,0.95
49,3,2015,0.93
49,3,2016,0.9
49,3,2017,0.9
49,3,2018,0.91
49,3,2019,0.92
49,3,2020,0.84
49,3,2021,0.81
49,3,2022,0.84
49,3,2023,0.76
50,3,1980,2.93
50,3,1981,3
50,3,1982,2.94
50,3,1983,2.75
50,3,1984,2.96
50,3,1985,2.9
50,3,1986,2.91
50,3,1987,2.86
50,3,1988,2.74
50,3,1989,2.51
50,3,1990,2.41
50,3,1991,2.4
50,3,1992,2.33
50,3,1993,2.42
50,3,1994,2.33
50,3,1995,2.44
50,3,1996,2.43
50,3,1997,2.28
50,3,1998,2.21
50,3,1999,2.07
50,3,2000,1.98
50,3,2001,2.05
50,3,2002,2.1
50,3,2003,2
50,3,2004,2
50,3,2005,1.91
50,3,2006,1.77
50,3,2007,1.73
50,3,2008,1.66
50,3,2009,1.62
50,3,2010,1.63
50,3,2011,1.43
50,3,2012,1.48
50,3,2013,1.44
50,3,2014,1.4
50,3,2015,1.32
50,3,2016,1.3
50,3,2017,1.19
50,3,2018,1.18
50,3,2019,1.18
50,3,2020,1.16
50,3,2021,1.11
50,3,2022,1.09
50,3,2023,1.11
51,3,1980,4.27
51,3,1981,4.27
51,3,1982,4.25
51,3,1983,4.41
51,3,1984,4.13
51,3,1985,4.36
51,3,1986,4.35
51,3,1987,3.86
51,3,1988,4.24
51,3,1989,4.31
51,3,1990,4.13
51,3,1991,4.33
51,3,1992,4.55
51,3,1993,4.07
51,3,1994,4.42
51,3,1995,4.07
51,3,1996,3.25
51,3,1997,3.29
51,3,1998,3.49
51,3,1999,3.47
51,3,2000,2.93
51,3,2001,2.95
51,3,2002,2.97
51,3,2003,2.88
51,3,2004,2.67
51,3,2005,2.68
51,3,2006,2.69
51,3,2007,2.57
51,3,2008,2.4
51,3,2009,2.36
51,3,2010,2.41
51,3,2011,2.22
51,3,2012,2.17
51,3,2013,2.09
51,3,2014,1.9
51,3,2015,1.8
51,3,2016,1.63
51,3,2017,1.6
51,3,2018,1.62
51,3,2019,1.48
51,3,2020,1.41
51,3,2021,1.24
51,3,2022,1.3
51,3,2023,1.21
52,3,1980,6.56
52,3,1981,6.57
52,3,1982,6.49
52,3,1983,6.74
52,3,1984,7.04
52,3,1985,7.2
52,3,1986,7.44
52,3,1987,7.39
52,3,1988,7.45
52,3,1989,6.99
52,3,1990,6.51
52,3,1991,6.93
52,3,1992,6.94
52,3,1993,6.68
52,3,1994,7.28
52,3,1995,7.55
52,3,1996,7.63
52,3,1997,9.12
52,3,1998,8.92
52,3,1999,6.84
52,3,2000,6
52,3,2001,5.67
52,3,2002,5.4
52,3,2003,5.12
52,3,2004,4.87
52,3,2005,5.03
52,3,2006,4.92
52,3,2007,4.61
52,3,2008,4.29
52,3,2009,3.97
52,3,2010,4.06
52,3,2011,3.56
52,3,2012,3.29
52,3,2013,3.22
52,3,2014,3.24
52,3,2015,3.06
52,3,2016,2.89
52,3,2017,2.77
52,3,2018,2.8
52,3,2019,2.62
52,3,2020,2.54
52,3,2021,2.43
52,3,2022,2.44
52,3,2023,2.36
53,3,1980,3.69
53,3,1981,3.72
53,3,1982,3.7
53,3,1983,3.59
53,3,1984,3.51
53,3,1985,3.35
53,3,1986,3.27
53,3,1987,3.16
53,3,1988,2.99
53,3,1989,2.81
53,3,1990,2.74
53,3,1991,2.54
53,3,1992,2.5
53,3,1993,2.37
53,3,1994,2.33
53,3,1995,2.24
53,3,1996,2.17
53,3,1997,2.07
53,3,1998,2
53,3,1999,1.88
53,3,2000,1.79
53,3,2001,1.69
53,3,2002,1.63
53,3,2003,1.52
53,3,2004,1.49
53,3,2005,1.44
53,3,2006,1.41
53,3,2007,1.38
53,3,2008,1.36
53,3,2009,1.27
53,3,2010,1.22
53,3,2011,1.14
53,3,2012,1.11
53,3,2013,1.07
53,3,2014,1.04
53,3,2015,1
53,3,2016,0.97
53,3,2017,0.93
53,3,2018,0.91
53,3,2019,0.92
53,3,2020,0.88
53,3,2021,0.87
53,3,2022,0.88
53,3,2023,0.85
54,3,1980,4.01
54,3,1981,3.99
54,3,1982,4.01
54,3,1983,3.98
54,3,1984,3.9
54,3,1985,3.78
54,3,1986,3.76
54,3,1987,3.69
54,3,1988,3.73
54,3,1989,3.74
54,3,1990,3.74
54,3,1991,3.64
54,3,1992,3.62
54,3,1993,3.49
54,3,1994,3.43
54,3,1995,3.3
54,3,1996,3.24
54,3,1997,3.23
54,3,1998,3.21
54,3,1999,3.14
54,3,2000,3.06
54,3,2001,2.95
54,3,2002,2.87
54,3,2003,2.79
54,3,2004,2.75
54,3,2005,2.69
54,3,2006,2.66
54,3,2007,2.62
54,3,2008,2.54
54,3,2009,2.47
54,3,2010,2.42
54,3,2011,2.26
54,3,2012,2.18
54,3,2013,2.12
54,3,2014,2.07
54,3,2015,2
54,3,2016,1.97
54,3,2017,1.88
54,3,2018,1.81
54,3,2019,1.76
54,3,2020,1.73
54,3,2021,1.73
54,3,2022,1.73
54,3,2023,1.64
55,3,1980,2.73
55,3,1981,2.67
55,3,1982,2.61
55,3,1983,2.57
55,3,1984,2.5
55,3,1985,2.41
55,3,1986,2.38
55,3,1987,2.21
55,3,1988,2.18
55,3,1989,2.02
55,3,1990,1.89
55,3,1991,1.92
55,3,1992,2.01
55,3,1993,1.82
55,3,1994,1.93
55,3,1995,1.82
55,3,1996,1.71
55,3,1997,1.87
55,3,1998,1.9
55,3,1999,1.61
55,3,2000,1.42
55,3,2001,1.36
55,3,2002,1.36
55,3,2003,1.27
55,3,2004,1.17
55,3,2005,1.13
55,3,2006,1.1
55,3,2007,1.03
55,3,2008,0.96
55,3,2009,0.93
55,3,2010,0.94
55,3,2011,0.84
55,3,2012,0.81
55,3,2013,0.76
55,3,2014,0.74
55,3,2015,0.69
55,3,2016,0.65
55,3,2017,0.62
55,3,2018,0.59
55,3,2019,0.55
55,3,2020,0.53
55,3,2021,0.52
55,3,2022,0.51
55,3,2023,0.5
57,3,1980,12.84
57,3,1981,12.55
57,3,1982,11.66
57,3,1983,11.3
57,3,1984,10.61
57,3,1985,9.96
57,3,1986,9.58
57,3,1987,9.02
57,3,1988,9.57
57,3,1989,9.94
57,3,1990,10.31
57,3,1991,11.9
57,3,1992,12.73
57,3,1993,12.98
57,3,1994,15.34
57,3,1995,15.56
57,3,1996,15.7
57,3,1997,15.81
57,3,1998,17.15
57,3,1999,18.5
57,3,2000,16.6
57,3,2001,17.26
57,3,2002,14.16
57,3,2003,12.37
57,3,2004,11.95
57,3,2005,11.23
57,3,2006,10.95
57,3,2007,10.59
57,3,2008,9.68
57,3,2009,9.64
57,3,2010,10.73
57,3,2011,8.36
57,3,2012,7.37
57,3,2013,6.27
57,3,2014,5.99
57,3,2015,5.58
57,3,2016,4.95
57,3,2017,4.35
57,3,2018,4.16
57,3,2019,4.08
57,3,2020,3.84
57,3,2021,3.72
57,3,2022,3.83
57,3,2023,3.92
58,3,1980,11.86
58,3,1981,11.53
58,3,1982,10.48
58,3,1983,10.11
58,3,1984,9.36
58,3,1985,8.83
58,3,1986,9.05
58,3,1987,8.86
58,3,1988,9.2
58,3,1989,9.41
58,3,1990,10.19
58,3,1991,11.66
58,3,1992,12.07
58,3,1993,12.19
58,3,1994,12.62
58,3,1995,12.16
58,3,1996,10.91
58,3,1997,10.78
58,3,1998,10.15
58,3,1999,10.33
58,3,2000,8.91
58,3,2001,9
58,3,2002,8.16
58,3,2003,7.69
58,3,2004,6.91
58,3,2005,5.99
58,3,2006,5.54
58,3,2007,5.42
58,3,2008,5.01
58,3,2009,4.84
58,3,2010,5.02
58,3,2011,4.09
58,3,2012,3.53
58,3,2013,3.25
58,3,2014,3.17
58,3,2015,2.72
58,3,2016,2.52
58,3,2017,2.39
58,3,2018,2.23
58,3,2019,2.04
58,3,2020,2.13
58,3,2021,2.27
58,3,2022,2.13
58,3,2023,2.09
59,3,1980,17.76
59,3,1981,17.94
59,3,1982,17.1
59,3,1983,16.84
59,3,1984,14.99
59,3,1985,13.03
59,3,1986,12.68
59,3,1987,11.9
59,3,1988,12.65
59,3,1989,13.16
59,3,1990,14.01
59,3,1991,16.21
59,3,1992,17.8
59,3,1993,19.45
59,3,1994,21.78
59,3,1995,19.78
59,3,1996,14.88
59,3,1997,14.19
59,3,1998,13.54
59,3,1999,13.88
59,3,2000,12.56
59,3,2001,12.84
59,3,2002,11.69
59,3,2003,10.56
59,3,2004,10.02
59,3,2005,9.85
59,3,2006,9.36
59,3,2007,8.89
59,3,2008,7.88
59,3,2009,7.26
59,3,2010,7.89
59,3,2011,6.74
59,3,2012,6.05
59,3,2013,5.78
59,3,2014,5.94
59,3,2015,5.02
59,3,2016,4.75
59,3,2017,4.52
59,3,2018,4.26
59,3,2019,3.89
59,3,2020,4.22
59,3,2021,4.59
59,3,2022,4.84
59,3,2023,4.69
60,3,1980,16.92
60,3,1981,16.28
60,3,1982,15.08
60,3,1983,14.48
60,3,1984,13.22
60,3,1985,12.2
60,3,1986,11.87
60,3,1987,10.82
60,3,1988,11.43
60,3,1989,12.27
60,3,1990,13.13
60,3,1991,14.52
60,3,1992,15.3
60,3,1993,14.31
60,3,1994,16.39
60,3,1995,15.54
60,3,1996,13.33
60,3,1997,13.05
60,3,1998,12.63
60,3,1999,12.94
60,3,2000,11.65
60,3,2001,12.06
60,3,2002,11.66
60,3,2003,10.77
60,3,2004,10.29
60,3,2005,10.31
60,3,2006,9.93
60,3,2007,9.92
60,3,2008,9.37
60,3,2009,9.01
60,3,2010,8.98
60,3,2011,7.72
60,3,2012,6.99
60,3,2013,6.28
60,3,2014,6.06
60,3,2015,5.19
60,3,2016,5.17
60,3,2017,4.55
60,3,2018,4.43
60,3,2019,4.2
60,3,2020,4.07
60,3,2021,4.04
60,3,2022,3.73
60,3,2023,3.69
61,3,1980,16.06
61,3,1981,15.58
61,3,1982,14.7
61,3,1983,14.3
61,3,1984,13.86
61,3,1985,13.08
61,3,1986,12.25
61,3,1987,11.29
61,3,1988,11.07
61,3,1989,11.06
61,3,1990,10.7
61,3,1991,10.45
61,3,1992,10.01
61,3,1993,10.25
61,3,1994,10.93
61,3,1995,10.48
61,3,1996,10.06
61,3,1997,9.38
61,3,1998,9.68
61,3,1999,9.44
61,3,2000,8.76
61,3,2001,9.05
61,3,2002,8.56
61,3,2003,8.18
61,3,2004,8.19
61,3,2005,8.4
61,3,2006,8.06
61,3,2007,7.71
61,3,2008,7.26
61,3,2009,6.86
61,3,2010,7.08
61,3,2011,5.94
61,3,2012,5.57
61,3,2013,4.9
61,3,2014,4.79
61,3,2015,4.63
61,3,2016,4.41
61,3,2017,4.18
61,3,2018,3.7
61,3,2019,3.52
61,3,2020,3.26
61,3,2021,2.99
61,3,2022,3.11
61,3,2023,3.06
62,3,1980,12.25
62,3,1981,11.87
62,3,1982,11.38
62,3,1983,11.11
62,3,1984,10.85
62,3,1985,9.55
62,3,1986,8.29
62,3,1987,7.87
62,3,1988,8.09
62,3,1989,8.51
62,3,1990,8.47
62,3,1991,9.16
62,3,1992,9.79
62,3,1993,11.47
62,3,1994,12.97
62,3,1995,13.37
62,3,1996,11.83
62,3,1997,10.9
62,3,1998,11.36
62,3,1999,11.88
62,3,2000,11.89
62,3,2001,12.09
62,3,2002,11.61
62,3,2003,10.87
62,3,2004,10.47
62,3,2005,9.81
62,3,2006,8.73
62,3,2007,8.34
62,3,2008,7.57
62,3,2009,7.07
62,3,2010,7.36
62,3,2011,6.38
62,3,2012,5.79
62,3,2013,5.41
62,3,2014,5.18
62,3,2015,4.72
62,3,2016,4.41
62,3,2017,3.76
62,3,2018,3.47
62,3,2019,3.17
62,3,2020,3.25
62,3,2021,3.22
62,3,2022,3.12
62,3,2023,3.12
63,3,1980,12.84
63,3,1981,12.56
63,3,1982,10.98
63,3,1983,10.7
63,3,1984,10.07
63,3,1985,9.36
63,3,1986,8.96
63,3,1987,8.7
63,3,1988,8.99
63,3,1989,9.47
63,3,1990,10.18
63,3,1991,11.97
63,3,1992,12.86
63,3,1993,13.13
63,3,1994,14.94
63,3,1995,16
63,3,1996,15.45
63,3,1997,14.67
63,3,1998,14.8
63,3,1999,15.15
63,3,2000,14.88
63,3,2001,15.45
63,3,2002,14.83
63,3,2003,13.59
63,3,2004,12.82
63,3,2005,10.17
63,3,2006,9.19
63,3,2007,8.89
63,3,2008,7.86
63,3,2009,7.1
63,3,2010,6.72
63,3,2011,5.93
63,3,2012,5.74
63,3,2013,5.4
63,3,2014,4.89
63,3,2015,4.42
63,3,2016,4.13
63,3,2017,4.19
63,3,2018,4.09
63,3,2019,4.06
63,3,2020,4.08
63,3,2021,3.95
63,3,2022,4.07
63,3,2023,4.04
66,3,1980,13.16
66,3,1981,12.56
66,3,1982,11.97
66,3,1983,11.35
66,3,1984,10.62
66,3,1985,10.01
66,3,1986,9.35
66,3,1987,8.86
66,3,1988,8.38
66,3,1989,7.85
66,3,1990,7.49
66,3,1991,7.17
66,3,1992,6.94
66,3,1993,6.68
66,3,1994,6.43
66,3,1995,6.22
66,3,1996,6.02
66,3,1997,5.85
66,3,1998,5.67
66,3,1999,5.43
66,3,2000,5.21
66,3,2001,5.04
66,3,2002,4.89
66,3,2003,4.77
66,3,2004,4.63
66,3,2005,4.6
66,3,2006,4.56
66,3,2007,4.46
66,3,2008,4.46
66,3,2009,4.45
66,3,2010,4.38
66,3,2011,4.35
66,3,2012,4.32
66,3,2013,4.21
66,3,2014,4.11
66,3,2015,4.07
66,3,2016,3.98
66,3,2017,3.88
66,3,2018,3.83
66,3,2019,3.78
66,3,2020,3.69
66,3,2021,3.55
66,3,2022,3.38
66,3,2023,3.34
67,3,1980,3.39
67,3,1981,3.3
67,3,1982,3.14
67,3,1983,3.01
67,3,1984,2.9
67,3,1985,2.82
67,3,1986,2.68
67,3,1987,2.56
67,3,1988,2.57
67,3,1989,2.54
67,3,1990,2.56
67,3,1991,2.6
67,3,1992,2.58
67,3,1993,2.72
67,3,1994,2.89
67,3,1995,3.36
67,3,1996,3.41
67,3,1997,3.38
67,3,1998,3.29
67,3,1999,3.34
67,3,2000,3.2
67,3,2001,3.07
67,3,2002,2.95
67,3,2003,2.84
67,3,2004,2.78
67,3,2005,2.84
67,3,2006,2.73
67,3,2007,2.67
67,3,2008,2.71
67,3,2009,2.71
67,3,2010,2.79
67,3,2011,2.81
67,3,2012,2.85
67,3,2013,2.74
67,3,2014,2.64
67,3,2015,2.59
67,3,2016,2.57
67,3,2017,2.61
67,3,2018,2.56
67,3,2019,2.44
67,3,2020,2.32
67,3,2021,2.27
67,3,2022,2.43
67,3,2023,2.5
68,3,1980,13.61
68,3,1981,12.03
68,3,1982,10.74
68,3,1983,10.54
68,3,1984,9.83
68,3,1985,9.04
68,3,1986,8.21
68,3,1987,7.82
68,3,1988,6.73
68,3,1989,6.62
68,3,1990,6.15
68,3,1991,5.76
68,3,1992,5.34
68,3,1993,5.19
68,3,1994,4.78
68,3,1995,4.72
68,3,1996,4.37
68,3,1997,4.45
68,3,1998,4.23
68,3,1999,3.96
68,3,2000,3.61
68,3,2001,3.15
68,3,2002,3.07
68,3,2003,2.86
68,3,2004,2.67
68,3,2005,2.44
68,3,2006,2.3
68,3,2007,2.19
68,3,2008,1.97
68,3,2009,1.98
68,3,2010,1.93
68,3,2011,1.84
68,3,2012,1.78
68,3,2013,1.65
68,3,2014,1.52
68,3,2015,1.47
68,3,2016,1.49
68,3,2017,1.33
68,3,2018,1.4
68,3,2019,1.28
68,3,2020,1.32
68,3,2021,1.29
68,3,2022,1.29
68,3,2023,1.3
69,3,1980,1.51
69,3,1981,1.47
69,3,1982,1.38
69,3,1983,1.35
69,3,1984,1.33
69,3,1985,1.4
69,3,1986,1.35
69,3,1987,1.32
69,3,1988,1.17
69,3,1989,1.09
69,3,1990,1.02
69,3,1991,0.98
69,3,1992,0.96
69,3,1993,0.97
69,3,1994,1.04
69,3,1995,1.06
69,3,1996,1.1
69,3,1997,1.06
69,3,1998,1
69,3,1999,0.96
69,3,2000,0.92
69,3,2001,0.88
69,3,2002,0.8
69,3,2003,0.77
69,3,2004,0.76
69,3,2005,0.78
69,3,2006,0.74
69,3,2007,0.73
69,3,2008,0.71
69,3,2009,0.67
69,3,2010,0.67
69,3,2011,0.67
69,3,2012,0.67
69,3,2013,0.63
69,3,2014,0.6
69,3,2015,0.59
69,3,2016,0.59
69,3,2017,0.59
69,3,2018,0.57
69,3,2019,0.53
69,3,2020,0.51
69,3,2021,0.52
69,3,2022,0.6
69,3,2023,0.62
71,3,1980,2.64
71,3,1981,2.53
71,3,1982,2.38
71,3,1983,2.3
71,3,1984,2.13
71,3,1985,2.1
71,3,1986,1.97
71,3,1987,2.02
71,3,1988,2.07
71,3,1989,2
71,3,1990,1.88
71,3,1991,1.8
71,3,1992,1.76
71,3,1993,1.67
71,3,1994,1.58
71,3,1995,1.5
71,3,1996,1.5
71,3,1997,1.52
71,3,1998,1.5
71,3,1999,1.5
71,3,2000,1.4
71,3,2001,1.32
71,3,2002,1.26
71,3,2003,1.12
71,3,2004,1.09
71,3,2005,1.05
71,3,2006,1.06
71,3,2007,1.03
71,3,2008,1.01
71,3,2009,1.01
71,3,2010,1.02
71,3,2011,0.92
71,3,2012,0.9
71,3,2013,0.93
71,3,2014,0.89
71,3,2015,0.84
71,3,2016,0.84
71,3,2017,0.77
71,3,2018,0.75
71,3,2019,0.76
71,3,2020,0.75
71,3,2021,0.75
71,3,2022,0.8
71,3,2023,0.77
72,3,1980,2.95
72,3,1981,2.7
72,3,1982,2.62
72,3,1983,2.67
72,3,1984,2.48
72,3,1985,2.77
72,3,1986,2.46
72,3,1987,2.29
72,3,1988,2.28
72,3,1989,2.17
72,3,1990,2.23
72,3,1991,2.08
72,3,1992,2
72,3,1993,1.83
72,3,1994,1.83
72,3,1995,1.81
72,3,1996,1.78
72,3,1997,1.88
72,3,1998,1.99
72,3,1999,1.93
72,3,2000,1.66
72,3,2001,1.52
72,3,2002,1.71
72,3,2003,1.62
72,3,2004,1.54
72,3,2005,1.43
72,3,2006,1.38
72,3,2007,1.39
72,3,2008,1.36
72,3,2009,1.32
72,3,2010,1.36
72,3,2011,1.45
72,3,2012,1.19
72,3,2013,1.31
72,3,2014,1.24
72,3,2015,1.27
72,3,2016,1.32
72,3,2017,1.36
72,3,2018,1.22
72,3,2019,1.16
72,3,2020,1.13
72,3,2021,1.13
72,3,2022,1.16
72,3,2023,1.21
74,3,1980,0.07
74,3,1981,0.07
74,3,1982,0.07
74,3,1983,0.06
74,3,1984,0.06
74,3,1985,0.06
74,3,1986,0.06
74,3,1987,0.06
74,3,1988,0.05
74,3,1989,0.05
74,3,1990,0.05
74,3,1991,0.05
74,3,1992,0.05
74,3,1993,0.05
74,3,1994,0.05
74,3,1995,0.05
74,3,1996,0.05
74,3,1997,0.05
74,3,1998,0.05
74,3,1999,0.05
74,3,2000,0.05
74,3,2001,0.04
74,3,2002,0.04
74,3,2003,0.04
74,3,2004,0.04
74,3,2005,0.04
74,3,2006,0.04
74,3,2007,0.04
74,3,2008,0.04
74,3,2009,0.04
74,3,2010,0.03
74,3,2011,0.03
74,3,2012,0.04
74,3,2013,0.04
74,3,2014,0.04
74,3,2015,0.03
74,3,2016,0.03
74,3,2017,0.03
74,3,2018,0.04
74,3,2019,0.04
74,3,2020,0.03
74,3,2021,0.03
74,3,2022,0.03
74,3,2023,0.03
75,3,1980,2.1
75,3,1981,2.15
75,3,1982,2.04
75,3,1983,1.98
75,3,1984,1.83
75,3,1985,1.69
75,3,1986,1.62
75,3,1987,1.56
75,3,1988,1.5
75,3,1989,1.4
75,3,1990,1.37
75,3,1991,1.35
75,3,1992,1.33
75,3,1993,1.28
75,3,1994,1.27
75,3,1995,1.16
75,3,1996,1.05
75,3,1997,1.02
75,3,1998,0.94
75,3,1999,0.95
75,3,2000,0.96
75,3,2001,0.95
75,3,2002,0.97
75,3,2003,0.96
75,3,2004,0.9
75,3,2005,0.86
75,3,2006,0.83
75,3,2007,0.81
75,3,2008,0.8
75,3,2009,0.79
75,3,2010,0.76
75,3,2011,0.73
75,3,2012,0.73
75,3,2013,0.75
75,3,2014,0.67
75,3,2015,0.67
75,3,2016,0.67
75,3,2017,0.64
75,3,2018,0.61
75,3,2019,0.57
75,3,2020,0.53
75,3,2021,0.53
75,3,2022,0.53
75,3,2023,0.52
76,3,1980,1.83
76,3,1981,1.73
76,3,1982,1.74
76,3,1983,1.72
76,3,1984,1.58
76,3,1985,1.49
76,3,1986,1.46
76,3,1987,1.36
76,3,1988,1.29
76,3,1989,1.19
76,3,1990,1.12
76,3,1991,1.07
76,3,1992,1.07
76,3,1993,1.04
76,3,1994,1.06
76,3,1995,1
76,3,1996,0.91
76,3,1997,0.85
76,3,1998,0.82
76,3,1999,0.83
76,3,2000,0.87
76,3,2001,0.88
76,3,2002,0.91
76,3,2003,0.89
76,3,2004,0.81
76,3,2005,0.76
76,3,2006,0.76
76,3,2007,0.75
76,3,2008,0.75
76,3,2009,0.74
76,3,2010,0.73
76,3,2011,0.71
76,3,2012,0.7
76,3,2013,0.72
76,3,2014,0.67
76,3,2015,0.69
76,3,2016,0.65
76,3,2017,0.63
76,3,2018,0.61
76,3,2019,0.55
76,3,2020,0.52
76,3,2021,0.51
76,3,2022,0.52
76,3,2023,0.51
77,3,1980,7.65
77,3,1981,7.3
77,3,1982,7.05
77,3,1983,6.83
77,3,1984,6.59
77,3,1985,6.3
77,3,1986,6.06
77,3,1987,5.78
77,3,1988,5.56
77,3,1989,5.29
77,3,1990,5.1
77,3,1991,4.92
77,3,1992,4.68
77,3,1993,4.55
77,3,1994,4.4
77,3,1995,4.24
77,3,1996,4.1
77,3,1997,3.99
77,3,1998,3.91
77,3,1999,3.69
77,3,2000,3.46
77,3,2001,3.28
77,3,2002,3.11
77,3,2003,3.02
77,3,2004,2.91
77,3,2005,2.78
77,3,2006,2.73
77,3,2007,2.7
77,3,2008,2.62
77,3,2009,2.53
77,3,2010,2.52
77,3,2011,2.44
77,3,2012,2.41
77,3,2013,2.36
77,3,2014,2.31
77,3,2015,2.26
77,3,2016,2.23
77,3,2017,2.16
77,3,2018,2.11
77,3,2019,2.04
77,3,2020,1.99
77,3,2021,1.98
77,3,2022,1.96
77,3,2023,1.94
78,3,1980,1.21
78,3,1981,1.2
78,3,1982,1.17
78,3,1983,1.14
78,3,1984,1.06
78,3,1985,1.01
78,3,1986,0.99
78,3,1987,0.97
78,3,1988,1
78,3,1989,0.96
78,3,1990,0.9
78,3,1991,0.87
78,3,1992,0.85
78,3,1993,0.85
78,3,1994,0.89
78,3,1995,0.84
78,3,1996,0.78
78,3,1997,0.78
78,3,1998,0.73
78,3,1999,0.75
78,3,2000,0.77
78,3,2001,0.77
78,3,2002,0.77
78,3,2003,0.76
78,3,2004,0.7
78,3,2005,0.67
78,3,2006,0.68
78,3,2007,0.66
78,3,2008,0.61
78,3,2009,0.59
78,3,2010,0.57
78,3,2011,0.54
78,3,2012,0.53
78,3,2013,0.54
78,3,2014,0.5
78,3,2015,0.48
78,3,2016,0.49
78,3,2017,0.49
78,3,2018,0.49
78,3,2019,0.46
78,3,2020,0.41
78,3,2021,0.4
78,3,2022,0.4
78,3,2023,0.39
79,3,1980,3.65
79,3,1981,3.4
79,3,1982,3.34
79,3,1983,3.23
79,3,1984,2.92
79,3,1985,2.95
79,3,1986,3.08
79,3,1987,3.16
79,3,1988,3.44
79,3,1989,3.3
79,3,1990,3.05
79,3,1991,3.04
79,3,1992,2.92
79,3,1993,2.65
79,3,1994,2.64
79,3,1995,2.42
79,3,1996,2.34
79,3,1997,2.52
79,3,1998,2.37
79,3,1999,2.5
79,3,2000,2.47
79,3,2001,2.42
79,3,2002,2.45
79,3,2003,2.39
79,3,2004,2.25
79,3,2005,2.21
79,3,2006,2.16
79,3,2007,2.11
79,3,2008,2.05
79,3,2009,2.02
79,3,2010,2
79,3,2011,1.85
79,3,2012,1.74
79,3,2013,1.81
79,3,2014,1.69
79,3,2015,1.63
79,3,2016,1.53
79,3,2017,1.5
79,3,2018,1.55
79,3,2019,1.46
79,3,2020,1.43
79,3,2021,1.3
79,3,2022,1.25
79,3,2023,1.28
80,3,1980,2.72
80,3,1981,2.63
80,3,1982,2.56
80,3,1983,2.54
80,3,1984,2.22
80,3,1985,2.09
80,3,1986,1.99
80,3,1987,1.89
80,3,1988,1.85
80,3,1989,1.76
80,3,1990,1.66
80,3,1991,1.61
80,3,1992,1.57
80,3,1993,1.49
80,3,1994,1.48
80,3,1995,1.42
80,3,1996,1.33
80,3,1997,1.27
80,3,1998,1.23
80,3,1999,1.3
80,3,2000,1.54
80,3,2001,1.6
80,3,2002,1.56
80,3,2003,1.58
80,3,2004,1.41
80,3,2005,1.34
80,3,2006,1.33
80,3,2007,1.31
80,3,2008,1.33
80,3,2009,1.3
80,3,2010,1.31
80,3,2011,1.24
80,3,2012,1.22
80,3,2013,1.19
80,3,2014,1.08
80,3,2015,1.06
80,3,2016,1.05
80,3,2017,1.01
80,3,2018,0.99
80,3,2019,0.9
80,3,2020,0.86
80,3,2021,0.83
80,3,2022,0.92
80,3,2023,0.93
81,3,1980,1.88
81,3,1981,1.84
81,3,1982,1.78
81,3,1983,1.68
81,3,1984,1.46
81,3,1985,1.35
81,3,1986,1.36
81,3,1987,1.32
81,3,1988,1.3
81,3,1989,1.21
81,3,1990,1.16
81,3,1991,1.13
81,3,1992,1.08
81,3,1993,1.02
81,3,1994,1.02
81,3,1995,0.91
81,3,1996,0.81
81,3,1997,0.8
81,3,1998,0.75
81,3,1999,0.77
81,3,2000,0.73
81,3,2001,0.69
81,3,2002,0.69
81,3,2003,0.68
81,3,2004,0.59
81,3,2005,0.56
81,3,2006,0.54
81,3,2007,0.51
81,3,2008,0.52
81,3,2009,0.51
81,3,2010,0.51
81,3,2011,0.48
81,3,2012,0.5
81,3,2013,0.53
81,3,2014,0.49
81,3,2015,0.53
81,3,2016,0.54
81,3,2017,0.49
81,3,2018,0.49
81,3,2019,0.44
81,3,2020,0.33
81,3,2021,0.31
81,3,2022,0.35
81,3,2023,0.32
82,3,1980,3.82
82,3,1981,3.73
82,3,1982,3.56
82,3,1983,3.36
82,3,1984,3.24
82,3,1985,3.18
82,3,1986,3.2
82,3,1987,3.2
82,3,1988,3.14
82,3,1989,2.91
82,3,1990,2.93
82,3,1991,2.87
82,3,1992,2.74
82,3,1993,2.7
82,3,1994,2.77
82,3,1995,2.79
82,3,1996,2.76
82,3,1997,2.65
82,3,1998,2.65
82,3,1999,2.68
82,3,2000,2.68
82,3,2001,2.62
82,3,2002,2.66
82,3,2003,2.74
82,3,2004,2.6
82,3,2005,2.39
82,3,2006,2.31
82,3,2007,2.49
82,3,2008,2.47
82,3,2009,2.5
82,3,2010,2.57
82,3,2011,2.49
82,3,2012,2.54
82,3,2013,2.47
82,3,2014,2.26
82,3,2015,2.18
82,3,2016,2.23
82,3,2017,2.17
82,3,2018,2.17
82,3,2019,2.06
82,3,2020,1.91
82,3,2021,1.88
82,3,2022,1.86
82,3,2023,1.81
83,3,1980,2.32
83,3,1981,2.23
83,3,1982,2.17
83,3,1983,2.04
83,3,1984,1.88
83,3,1985,1.74
83,3,1986,1.69
83,3,1987,1.65
83,3,1988,1.6
83,3,1989,1.5
83,3,1990,1.39
83,3,1991,1.33
83,3,1992,1.31
83,3,1993,1.23
83,3,1994,1.23
83,3,1995,1.14
83,3,1996,1.09
83,3,1997,1.06
83,3,1998,1.01
83,3,1999,1.02
83,3,2000,1.05
83,3,2001,1.04
83,3,2002,1.02
83,3,2003,1.01
83,3,2004,0.96
83,3,2005,0.92
83,3,2006,0.92
83,3,2007,0.91
83,3,2008,0.9
83,3,2009,0.91
83,3,2010,0.9
83,3,2011,0.86
83,3,2012,0.88
83,3,2013,0.92
83,3,2014,0.86
83,3,2015,0.84
83,3,2016,0.87
83,3,2017,0.85
83,3,2018,0.84
83,3,2019,0.78
83,3,2020,0.74
83,3,2021,0.73
83,3,2022,0.73
83,3,2023,0.74
84,3,1980,2.96
84,3,1981,2.9
84,3,1982,2.84
84,3,1983,2.73
84,3,1984,2.57
84,3,1985,2.37
84,3,1986,2.34
84,3,1987,2.28
84,3,1988,2.23
84,3,1989,2.17
84,3,1990,2.03
84,3,1991,1.93
84,3,1992,1.86
84,3,1993,1.84
84,3,1994,1.92
84,3,1995,1.82
84,3,1996,1.7
84,3,1997,1.59
84,3,1998,1.6
84,3,1999,1.63
84,3,2000,1.68
84,3,2001,1.66
84,3,2002,1.62
84,3,2003,1.5
84,3,2004,1.4
84,3,2005,1.33
84,3,2006,1.34
84,3,2007,1.34
84,3,2008,1.32
84,3,2009,1.27
84,3,2010,1.19
84,3,2011,1.17
84,3,2012,1.19
84,3,2013,1.22
84,3,2014,1.11
84,3,2015,1.1
84,3,2016,1.05
84,3,2017,0.99
84,3,2018,0.98
84,3,2019,0.88
84,3,2020,0.81
84,3,2021,0.73
84,3,2022,0.74
84,3,2023,0.75
85,3,1980,1.96
85,3,1981,1.82
85,3,1982,1.77
85,3,1983,1.71
85,3,1984,1.6
85,3,1985,1.54
85,3,1986,1.48
85,3,1987,1.44
85,3,1988,1.41
85,3,1989,1.27
85,3,1990,1.16
85,3,1991,1.14
85,3,1992,1.11
85,3,1993,1.05
85,3,1994,1.05
85,3,1995,0.97
85,3,1996,0.86
85,3,1997,0.84
85,3,1998,0.82
85,3,1999,0.89
85,3,2000,0.93
85,3,2001,0.95
85,3,2002,0.94
85,3,2003,0.9
85,3,2004,0.84
85,3,2005,0.8
85,3,2006,0.77
85,3,2007,0.76
85,3,2008,0.74
85,3,2009,0.71
85,3,2010,0.7
85,3,2011,0.67
85,3,2012,0.67
85,3,2013,0.7
85,3,2014,0.65
85,3,2015,0.63
85,3,2016,0.63
85,3,2017,0.59
85,3,2018,0.59
85,3,2019,0.53
85,3,2020,0.5
85,3,2021,0.5
85,3,2022,0.51
85,3,2023,0.47
86,3,1980,1.68
86,3,1981,1.64
86,3,1982,1.55
86,3,1983,1.48
86,3,1984,1.36
86,3,1985,1.24
86,3,1986,1.18
86,3,1987,1.15
86,3,1988,1.1
86,3,1989,1
86,3,1990,0.95
86,3,1991,0.95
86,3,1992,0.97
86,3,1993,0.96
86,3,1994,0.9
86,3,1995,0.8
86,3,1996,0.77
86,3,1997,0.75
86,3,1998,0.68
86,3,1999,0.67
86,3,2000,0.73
86,3,2001,0.69
86,3,2002,0.71
86,3,2003,0.66
86,3,2004,0.62
86,3,2005,0.61
86,3,2006,0.61
86,3,2007,0.62
86,3,2008,0.64
86,3,2009,0.61
86,3,2010,0.59
86,3,2011,0.6
86,3,2012,0.56
86,3,2013,0.53
86,3,2014,0.5
86,3,2015,0.51
86,3,2016,0.53
86,3,2017,0.57
86,3,2018,0.48
86,3,2019,0.47
86,3,2020,0.45
86,3,2021,0.43
86,3,2022,0.42
86,3,2023,0.4
87,3,1980,1.48
87,3,1981,1.42
87,3,1982,1.38
87,3,1983,1.32
87,3,1984,1.22
87,3,1985,1.16
87,3,1986,1.15
87,3,1987,1.1
87,3,1988,1.09
87,3,1989,1
87,3,1990,0.95
87,3,1991,0.89
87,3,1992,0.86
87,3,1993,0.83
87,3,1994,0.8
87,3,1995,0.75
87,3,1996,0.68
87,3,1997,0.66
87,3,1998,0.62
87,3,1999,0.61
87,3,2000,0.63
87,3,2001,0.62
87,3,2002,0.62
87,3,2003,0.61
87,3,2004,0.56
87,3,2005,0.53
87,3,2006,0.5
87,3,2007,0.48
87,3,2008,0.48
87,3,2009,0.46
87,3,2010,0.45
87,3,2011,0.43
87,3,2012,0.43
87,3,2013,0.43
87,3,2014,0.39
87,3,2015,0.38
87,3,2016,0.37
87,3,2017,0.35
87,3,2018,0.34
87,3,2019,0.31
87,3,2020,0.29
87,3,2021,0.26
87,3,2022,0.26
87,3,2023,0.27
88,3,1980,1.98
88,3,1981,1.96
88,3,1982,1.94
88,3,1983,1.88
88,3,1984,1.78
88,3,1985,1.65
88,3,1986,1.59
88,3,1987,1.52
88,3,1988,1.46
88,3,1989,1.37
88,3,1990,1.3
88,3,1991,1.26
88,3,1992,1.23
88,3,1993,1.17
88,3,1994,1.17
88,3,1995,1.1
88,3,1996,1.07
88,3,1997,1.07
88,3,1998,1.01
88,3,1999,1.04
88,3,2000,1.12
88,3,2001,1.07
88,3,2002,1.07
88,3,2003,1.05
88,3,2004,0.99
88,3,2005,0.97
88,3,2006,0.96
88,3,2007,0.96
88,3,2008,0.99
88,3,2009,0.94
88,3,2010,0.92
88,3,2011,0.9
88,3,2012,0.9
88,3,2013,0.91
88,3,2014,0.83
88,3,2015,0.81
88,3,2016,0.8
88,3,2017,0.8
88,3,2018,0.79
88,3,2019,0.73
88,3,2020,0.67
88,3,2021,0.62
88,3,2022,0.61
88,3,2023,0.6
89,3,1980,1.34
89,3,1981,1.34
89,3,1982,1.33
89,3,1983,1.25
89,3,1984,1.14
89,3,1985,1.08
89,3,1986,1.04
89,3,1987,0.97
89,3,1988,0.94
89,3,1989,0.9
89,3,1990,0.86
89,3,1991,0.81
89,3,1992,0.79
89,3,1993,0.77
89,3,1994,0.77
89,3,1995,0.72
89,3,1996,0.67
89,3,1997,0.69
89,3,1998,0.67
89,3,1999,0.68
89,3,2000,0.7
89,3,2001,0.69
89,3,2002,0.71
89,3,2003,0.67
89,3,2004,0.64
89,3,2005,0.59
89,3,2006,0.56
89,3,2007,0.54
89,3,2008,0.53
89,3,2009,0.52
89,3,2010,0.51
89,3,2011,0.49
89,3,2012,0.49
89,3,2013,0.52
89,3,2014,0.48
89,3,2015,0.47
89,3,2016,0.48
89,3,2017,0.47
89,3,2018,0.48
89,3,2019,0.44
89,3,2020,0.42
89,3,2021,0.4
89,3,2022,0.39
89,3,2023,0.38
90,3,1980,2.73
90,3,1981,2.48
90,3,1982,2.44
90,3,1983,2.43
90,3,1984,2.3
90,3,1985,2.42
90,3,1986,2.36
90,3,1987,2.23
90,3,1988,2.28
90,3,1989,2.12
90,3,1990,1.9
90,3,1991,1.9
90,3,1992,1.78
90,3,1993,1.64
90,3,1994,1.73
90,3,1995,1.63
90,3,1996,1.55
90,3,1997,1.49
90,3,1998,1.45
90,3,1999,1.6
90,3,2000,1.51
90,3,2001,1.61
90,3,2002,1.74
90,3,2003,1.58
90,3,2004,1.64
90,3,2005,1.57
90,3,2006,1.31
90,3,2007,1.09
90,3,2008,1.01
90,3,2009,1.18
90,3,2010,1.03
90,3,2011,0.95
90,3,2012,0.91
90,3,2013,0.97
90,3,2014,1.08
90,3,2015,0.92
90,3,2016,0.93
90,3,2017,0.94
90,3,2018,1
90,3,2019,0.85
90,3,2020,0.95
90,3,2021,0.96
90,3,2022,1.06
90,3,2023,1.17
91,3,1980,3.41
91,3,1981,3.34
91,3,1982,3.2
91,3,1983,3.04
91,3,1984,2.85
91,3,1985,2.62
91,3,1986,2.51
91,3,1987,2.38
91,3,1988,2.31
91,3,1989,2.22
91,3,1990,2.12
91,3,1991,2.03
91,3,1992,1.87
91,3,1993,1.72
91,3,1994,1.67
91,3,1995,1.56
91,3,1996,1.54
91,3,1997,1.44
91,3,1998,1.33
91,3,1999,1.33
91,3,2000,1.37
91,3,2001,1.34
91,3,2002,1.39
91,3,2003,1.36
91,3,2004,1.19
91,3,2005,1.01
91,3,2006,1.01
91,3,2007,0.97
91,3,2008,0.96
91,3,2009,0.94
91,3,2010,0.95
91,3,2011,0.85
91,3,2012,0.85
91,3,2013,0.85
91,3,2014,0.79
91,3,2015,0.77
91,3,2016,0.75
91,3,2017,0.76
91,3,2018,0.72
91,3,2019,0.68
91,3,2020,0.65
91,3,2021,0.61
91,3,2022,0.63
91,3,2023,0.62
92,3,1980,2.58
92,3,1981,2.43
92,3,1982,2.38
92,3,1983,2.34
92,3,1984,2.27
92,3,1985,2.23
92,3,1986,2.17
92,3,1987,2.18
92,3,1988,2.17
92,3,1989,2.12
92,3,1990,1.99
92,3,1991,1.89
92,3,1992,1.78
92,3,1993,1.69
92,3,1994,1.67
92,3,1995,1.57
92,3,1996,1.53
92,3,1997,1.43
92,3,1998,1.35
92,3,1999,1.31
92,3,2000,1.33
92,3,2001,1.3
92,3,2002,1.23
92,3,2003,1.25
92,3,2004,1.2
92,3,2005,1.1
92,3,2006,1.07
92,3,2007,1.05
92,3,2008,1.01
92,3,2009,0.98
92,3,2010,0.92
92,3,2011,0.91
92,3,2012,0.87
92,3,2013,0.87
92,3,2014,0.81
92,3,2015,0.82
92,3,2016,0.81
92,3,2017,0.83
92,3,2018,0.86
92,3,2019,0.8
92,3,2020,0.79
92,3,2021,0.85
92,3,2022,0.88
92,3,2023,0.85
93,3,1980,1.93
93,3,1981,1.82
93,3,1982,1.76
93,3,1983,1.69
93,3,1984,1.57
93,3,1985,1.5
93,3,1986,1.5
93,3,1987,1.49
93,3,1988,1.52
93,3,1989,1.46
93,3,1990,1.43
93,3,1991,1.41
93,3,1992,1.33
93,3,1993,1.26
93,3,1994,1.24
93,3,1995,1.17
93,3,1996,1.07
93,3,1997,1.1
93,3,1998,1.04
93,3,1999,1.05
93,3,2000,1.13
93,3,2001,1.14
93,3,2002,1.16
93,3,2003,1.13
93,3,2004,1.04
93,3,2005,1
93,3,2006,0.99
93,3,2007,0.99
93,3,2008,0.97
93,3,2009,0.9
93,3,2010,0.86
93,3,2011,0.85
93,3,2012,0.87
93,3,2013,0.9
93,3,2014,0.89
93,3,2015,0.86
93,3,2016,0.87
93,3,2017,0.83
93,3,2018,0.84
93,3,2019,0.74
93,3,2020,0.7
93,3,2021,0.67
93,3,2022,0.65
93,3,2023,0.66
94,3,1980,1.6
94,3,1981,1.59
94,3,1982,1.55
94,3,1983,1.53
94,3,1984,1.39
94,3,1985,1.31
94,3,1986,1.3
94,3,1987,1.32
94,3,1988,1.3
94,3,1989,1.24
94,3,1990,1.21
94,3,1991,1.21
94,3,1992,1.19
94,3,1993,1.12
94,3,1994,1.12
94,3,1995,1.02
94,3,1996,0.92
94,3,1997,0.9
94,3,1998,0.85
94,3,1999,0.85
94,3,2000,0.85
94,3,2001,0.86
94,3,2002,0.84
94,3,2003,0.8
94,3,2004,0.72
94,3,2005,0.67
94,3,2006,0.66
94,3,2007,0.65
94,3,2008,0.64
94,3,2009,0.61
94,3,2010,0.62
94,3,2011,0.58
94,3,2012,0.59
94,3,2013,0.62
94,3,2014,0.57
94,3,2015,0.58
94,3,2016,0.57
94,3,2017,0.52
94,3,2018,0.53
94,3,2019,0.49
94,3,2020,0.46
94,3,2021,0.44
94,3,2022,0.44
94,3,2023,0.4
95,3,1980,1.26
95,3,1981,1.18
95,3,1982,1.12
95,3,1983,1.07
95,3,1984,0.94
95,3,1985,0.87
95,3,1986,0.86
95,3,1987,0.82
95,3,1988,0.8
95,3,1989,0.81
95,3,1990,0.73
95,3,1991,0.69
95,3,1992,0.69
95,3,1993,0.62
95,3,1994,0.62
95,3,1995,0.63
95,3,1996,0.59
95,3,1997,0.58
95,3,1998,0.57
95,3,1999,0.55
95,3,2000,0.52
95,3,2001,0.53
95,3,2002,0.51
95,3,2003,0.49
95,3,2004,0.45
95,3,2005,0.46
95,3,2006,0.45
95,3,2007,0.46
95,3,2008,0.45
95,3,2009,0.47
95,3,2010,0.47
95,3,2011,0.42
95,3,2012,0.43
95,3,2013,0.45
95,3,2014,0.46
95,3,2015,0.45
95,3,2016,0.43
95,3,2017,0.41
95,3,2018,0.4
95,3,2019,0.37
95,3,2020,0.38
95,3,2021,0.41
95,3,2022,0.42
95,3,2023,0.44
97,3,1980,4.67
97,3,1981,4.52
97,3,1982,4.44
97,3,1983,4.53
97,3,1984,4.27
97,3,1985,4.24
97,3,1986,4.04
97,3,1987,3.79
97,3,1988,3.63
97,3,1989,3.39
97,3,1990,3.33
97,3,1991,3.34
97,3,1992,3.28
97,3,1993,3.09
97,3,1994,3.02
97,3,1995,2.87
97,3,1996,2.93
97,3,1997,2.87
97,3,1998,2.8
97,3,1999,2.73
97,3,2000,2.57
97,3,2001,2.56
97,3,2002,2.44
97,3,2003,2.24
97,3,2004,1.98
97,3,2005,1.91
97,3,2006,1.89
97,3,2007,1.86
97,3,2008,1.79
97,3,2009,1.66
97,3,2010,1.67
97,3,2011,1.53
97,3,2012,1.51
97,3,2013,1.42
97,3,2014,1.31
97,3,2015,1.3
97,3,2016,1.3
97,3,2017,1.23
97,3,2018,1.12
97,3,2019,0.98
97,3,2020,0.92
97,3,2021,1
97,3,2022,1.23
97,3,2023,0.99
98,3,1980,4.1
98,3,1981,3.96
98,3,1982,3.96
98,3,1983,4.03
98,3,1984,3.71
98,3,1985,3.64
98,3,1986,3.55
98,3,1987,3.42
98,3,1988,3.37
98,3,1989,3.47
98,3,1990,3.94
98,3,1991,3.88
98,3,1992,3.79
98,3,1993,3.92
98,3,1994,4.02
98,3,1995,4.03
98,3,1996,3.84
98,3,1997,3.7
98,3,1998,3.49
98,3,1999,3.45
98,3,2000,3.39
98,3,2001,3.32
98,3,2002,3.27
98,3,2003,3.21
98,3,2004,2.91
98,3,2005,2.72
98,3,2006,2.57
98,3,2007,2.37
98,3,2008,2.36
98,3,2009,2.23
98,3,2010,2.08
98,3,2011,1.93
98,3,2012,1.79
98,3,2013,1.67
98,3,2014,1.63
98,3,2015,1.61
98,3,2016,1.56
98,3,2017,1.47
98,3,2018,1.38
98,3,2019,1.25
98,3,2020,1.3
98,3,2021,1.29
98,3,2022,1.4
98,3,2023,1.32
99,3,1980,5.86
99,3,1981,5.46
99,3,1982,5.52
99,3,1983,5.6
99,3,1984,5.5
99,3,1985,5.72
99,3,1986,5.53
99,3,1987,5.34
99,3,1988,5.13
99,3,1989,4.72
99,3,1990,4.75
99,3,1991,4.75
99,3,1992,4.94
99,3,1993,5
99,3,1994,5.09
99,3,1995,4.72
99,3,1996,4.61
99,3,1997,4.28
99,3,1998,4.15
99,3,1999,4.01
99,3,2000,4.05
99,3,2001,3.96
99,3,2002,3.66
99,3,2003,3.47
99,3,2004,3.03
99,3,2005,2.93
99,3,2006,2.94
99,3,2007,2.88
99,3,2008,2.8
99,3,2009,2.73
99,3,2010,2.83
99,3,2011,2.64
99,3,2012,2.48
99,3,2013,2.25
99,3,2014,2.18
99,3,2015,2.09
99,3,2016,2.02
99,3,2017,1.86
99,3,2018,1.68
99,3,2019,1.58
99,3,2020,1.33
99,3,2021,1.3
99,3,2022,1.42
99,3,2023,1.34
101,3,1980,2.68
101,3,1981,2.53
101,3,1982,2.34
101,3,1983,2.2
101,3,1984,2
101,3,1985,1.88
101,3,1986,1.78
101,3,1987,1.74
101,3,1988,1.66
101,3,1989,1.56
101,3,1990,1.49
101,3,1991,1.45
101,3,1992,1.31
101,3,1993,1.32
101,3,1994,1.26
101,3,1995,1.29
101,3,1996,1.25
101,3,1997,1.19
101,3,1998,1.22
101,3,1999,1.16
101,3,2000,1.1
101,3,2001,1.05
101,3,2002,1.04
101,3,2003,0.97
101,3,2004,0.95
101,3,2005,0.97
101,3,2006,0.97
101,3,2007,0.92
101,3,2008,0.92
101,3,2009,0.89
101,3,2010,0.91
101,3,2011,0.88
101,3,2012,0.88
101,3,2013,0.85
101,3,2014,0.82
101,3,2015,0.82
101,3,2016,0.83
101,3,2017,0.84
101,3,2018,0.82
101,3,2019,0.83
101,3,2020,0.97
101,3,2021,0.95
101,3,2022,0.91
101,3,2023,0.91
102,3,1980,2.8
102,3,1981,2.56
102,3,1982,2.43
102,3,1983,2.34
102,3,1984,2.12
102,3,1985,2.08
102,3,1986,2.12
102,3,1987,2.01
102,3,1988,1.91
102,3,1989,1.81
102,3,1990,1.75
102,3,1991,1.68
102,3,1992,1.56
102,3,1993,1.57
102,3,1994,1.5
102,3,1995,1.54
102,3,1996,1.47
102,3,1997,1.45
102,3,1998,1.49
102,3,1999,1.42
102,3,2000,1.37
102,3,2001,1.32
102,3,2002,1.33
102,3,2003,1.28
102,3,2004,1.27
102,3,2005,1.3
102,3,2006,1.3
102,3,2007,1.26
102,3,2008,1.26
102,3,2009,1.25
102,3,2010,1.28
102,3,2011,1.24
102,3,2012,1.21
102,3,2013,1.16
102,3,2014,1.15
102,3,2015,1.19
102,3,2016,1.25
102,3,2017,1.23
102,3,2018,1.19
102,3,2019,1.19
102,3,2020,1.3
102,3,2021,1.35
102,3,2022,1.34
102,3,2023,1.31
105,3,1980,8.15
105,3,1981,7.88
105,3,1982,7.63
105,3,1983,7.44
105,3,1984,7.18
105,3,1985,6.9
105,3,1986,6.66
105,3,1987,6.49
105,3,1988,6.21
105,3,1989,5.92
105,3,1990,5.87
105,3,1991,5.78
105,3,1992,5.48
105,3,1993,5.39
105,3,1994,4.86
105,3,1995,4.68
105,3,1996,4.34
105,3,1997,4.34
105,3,1998,4.57
105,3,1999,4.32
105,3,2000,4.04
105,3,2001,4.14
105,3,2002,4.25
105,3,2003,4.05
105,3,2004,4
105,3,2005,4.04
105,3,2006,4.1
105,3,2007,4.18
105,3,2008,4.01
105,3,2009,3.92
105,3,2010,3.83
105,3,2011,3.76
105,3,2012,3.78
105,3,2013,4.27
105,3,2014,4.28
105,3,2015,4.18
105,3,2016,4.42
105,3,2017,4.16
105,3,2018,4.01
105,3,2019,3.76
105,3,2020,3.38
105,3,2021,2.83
105,3,2022,2.83
105,3,2023,2.88
106,3,1980,13.35
106,3,1981,13.41
106,3,1982,12.71
106,3,1983,11.48
106,3,1984,10.73
106,3,1985,10.23
106,3,1986,10.19
106,3,1987,10.6
106,3,1988,10.46
106,3,1989,10.37
106,3,1990,10.08
106,3,1991,9.77
106,3,1992,9.55
106,3,1993,9.1
106,3,1994,7.91
106,3,1995,7.36
106,3,1996,6.81
106,3,1997,6.74
106,3,1998,7.23
106,3,1999,6.9
106,3,2000,6.69
106,3,2001,6.97
106,3,2002,7.3
106,3,2003,7.27
106,3,2004,7.25
106,3,2005,7.3
106,3,2006,7.18
106,3,2007,7.26
106,3,2008,6.98
106,3,2009,6.98
106,3,2010,6.54
106,3,2011,6.41
106,3,2012,6.41
106,3,2013,7.24
106,3,2014,7.34
106,3,2015,7.05
106,3,2016,7.05
106,3,2017,6.91
106,3,2018,6.89
106,3,2019,7.02
106,3,2020,7.1
106,3,2021,8.25
106,3,2022,6.99
106,3,2023,6.86
107,3,1980,6.4
107,3,1981,6.38
107,3,1982,6.5
107,3,1983,6.04
107,3,1984,6.01
107,3,1985,5.94
107,3,1986,5.56
107,3,1987,5.49
107,3,1988,5.45
107,3,1989,5.3
107,3,1990,5.23
107,3,1991,5.3
107,3,1992,5.11
107,3,1993,5.14
107,3,1994,4.77
107,3,1995,4.65
107,3,1996,4.6
107,3,1997,4.48
107,3,1998,4.11
107,3,1999,3.87
107,3,2000,3.77
107,3,2001,3.89
107,3,2002,3.97
107,3,2003,3.85
107,3,2004,3.72
107,3,2005,3.71
107,3,2006,3.75
107,3,2007,3.89
107,3,2008,3.65
107,3,2009,3.55
107,3,2010,3.28
107,3,2011,3.22
107,3,2012,3.25
107,3,2013,3.63
107,3,2014,3.59
107,3,2015,3.5
107,3,2016,3.45
107,3,2017,3.41
107,3,2018,3.37
107,3,2019,3.29
107,3,2020,3.28
107,3,2021,3.29
107,3,2022,3.17
107,3,2023,3.19
108,3,1980,10.05
108,3,1981,9.58
108,3,1982,9.89
108,3,1983,9.34
108,3,1984,8.59
108,3,1985,8.54
108,3,1986,8.55
108,3,1987,8.52
108,3,1988,8.18
108,3,1989,7.77
108,3,1990,7.37
108,3,1991,7.12
108,3,1992,7.02
108,3,1993,7.11
108,3,1994,6.54
108,3,1995,6.65
108,3,1996,6.84
108,3,1997,6.58
108,3,1998,7.45
108,3,1999,7.43
108,3,2000,7.54
108,3,2001,7.94
108,3,2002,7.89
108,3,2003,7.85
108,3,2004,7.56
108,3,2005,7.22
108,3,2006,7.07
108,3,2007,7.17
108,3,2008,6.93
108,3,2009,6.81
108,3,2010,6.48
108,3,2011,6.36
108,3,2012,6.37
108,3,2013,7.18
108,3,2014,7.39
108,3,2015,7.17
108,3,2016,7.48
108,3,2017,7.34
108,3,2018,7.13
108,3,2019,7
108,3,2020,6.84
108,3,2021,6.81
108,3,2022,6.43
108,3,2023,6.18
109,3,1980,4.27
109,3,1981,4.24
109,3,1982,4.29
109,3,1983,4.23
109,3,1984,4.17
109,3,1985,4.12
109,3,1986,4.15
109,3,1987,4.21
109,3,1988,4.19
109,3,1989,4.14
109,3,1990,4.04
109,3,1991,4.05
109,3,1992,4.13
109,3,1993,4.1
109,3,1994,3.68
109,3,1995,3.46
109,3,1996,3.21
109,3,1997,3.1
109,3,1998,3.15
109,3,1999,2.88
109,3,2000,2.72
109,3,2001,2.74
109,3,2002,2.78
109,3,2003,2.55
109,3,2004,2.52
109,3,2005,2.42
109,3,2006,2.39
109,3,2007,2.37
109,3,2008,2.32
109,3,2009,2.27
109,3,2010,2.18
109,3,2011,2.17
109,3,2012,2.14
109,3,2013,2.38
109,3,2014,2.41
109,3,2015,2.32
109,3,2016,2.47
109,3,2017,2.37
109,3,2018,2.36
109,3,2019,2.27
109,3,2020,2.17
109,3,2021,2.03
109,3,2022,1.68
109,3,2023,1.71
110,3,1980,6.09
110,3,1981,6.07
110,3,1982,6
110,3,1983,5.85
110,3,1984,5.56
110,3,1985,5.43
110,3,1986,5.35
110,3,1987,5.33
110,3,1988,5.32
110,3,1989,5.25
110,3,1990,5.28
110,3,1991,5.31
110,3,1992,5.32
110,3,1993,5.28
110,3,1994,5.16
110,3,1995,5.08
110,3,1996,4.94
110,3,1997,4.84
110,3,1998,4.83
110,3,1999,4.66
110,3,2000,4.62
110,3,2001,4.55
110,3,2002,4.52
110,3,2003,4.5
110,3,2004,4.49
110,3,2005,4.49
110,3,2006,4.45
110,3,2007,4.4
110,3,2008,4.38
110,3,2009,4.35
110,3,2010,4.37
110,3,2011,4.34
110,3,2012,4.35
110,3,2013,4.35
110,3,2014,4.34
110,3,2015,4.31
110,3,2016,4.3
110,3,2017,4.23
110,3,2018,4.08
110,3,2019,4
110,3,2020,4
110,3,2021,3.74
110,3,2022,3.45
110,3,2023,3.4
111,3,1980,5.99
111,3,1981,5.73
111,3,1982,5.45
111,3,1983,5.23
111,3,1984,4.95
111,3,1985,4.68
111,3,1986,4.39
111,3,1987,4.13
111,3,1988,3.92
111,3,1989,3.7
111,3,1990,3.57
111,3,1991,3.35
111,3,1992,3.2
111,3,1993,3.04
111,3,1994,2.86
111,3,1995,2.74
111,3,1996,2.63
111,3,1997,2.56
111,3,1998,2.51
111,3,1999,2.46
111,3,2000,2.55
111,3,2001,2.66
111,3,2002,2.76
111,3,2003,2.73
111,3,2004,2.66
111,3,2005,2.63
111,3,2006,2.58
111,3,2007,2.55
111,3,2008,2.56
111,3,2009,2.57
111,3,2010,2.56
111,3,2011,2.56
111,3,2012,2.56
111,3,2013,2.48
111,3,2014,2.46
111,3,2015,2.47
111,3,2016,2.48
111,3,2017,2.44
111,3,2018,2.39
111,3,2019,2.53
111,3,2020,2.73
111,3,2021,2.8
111,3,2022,2.71
111,3,2023,2.73
112,3,1980,10.77
112,3,1981,10.74
112,3,1982,10.7
112,3,1983,10.6
112,3,1984,10.52
112,3,1985,10.75
112,3,1986,10.54
112,3,1987,10.31
112,3,1988,10.07
112,3,1989,9.85
112,3,1990,9.45
112,3,1991,9.06
112,3,1992,8.87
112,3,1993,8.49
112,3,1994,7.65
112,3,1995,7.33
112,3,1996,7.09
112,3,1997,6.99
112,3,1998,7.02
112,3,1999,7.12
112,3,2000,7
112,3,2001,6.89
112,3,2002,6.94
112,3,2003,6.65
112,3,2004,6.63
112,3,2005,6.43
112,3,2006,6.33
112,3,2007,6.32
112,3,2008,6.11
112,3,2009,5.9
112,3,2010,5.68
112,3,2011,5.81
112,3,2012,5.81
112,3,2013,6.62
112,3,2014,6.78
112,3,2015,6.45
112,3,2016,6.71
112,3,2017,6.29
112,3,2018,6.15
112,3,2019,6.14
112,3,2020,5.66
112,3,2021,4.7
112,3,2022,4.59
112,3,2023,4.53
113,3,1980,9.58
113,3,1981,9.3
113,3,1982,9.01
113,3,1983,8.73
113,3,1984,8.42
113,3,1985,8.34
113,3,1986,8.29
113,3,1987,8.48
113,3,1988,8.66
113,3,1989,8.25
113,3,1990,8.38
113,3,1991,8.01
113,3,1992,7.88
113,3,1993,7.98
113,3,1994,7.26
113,3,1995,6.85
113,3,1996,7.08
113,3,1997,6.95
113,3,1998,7.37
113,3,1999,7.12
113,3,2000,6.72
113,3,2001,7.42
113,3,2002,7.69
113,3,2003,7.55
113,3,2004,7.92
113,3,2005,8.56
113,3,2006,8.24
113,3,2007,8.74
113,3,2008,8.65
113,3,2009,8.48
113,3,2010,8.43
113,3,2011,8.97
113,3,2012,9.19
113,3,2013,9.9
113,3,2014,10.13
113,3,2015,9.75
113,3,2016,9.41
113,3,2017,9.13
113,3,2018,8.75
113,3,2019,8.3
113,3,2020,9.32
113,3,2021,8.96
113,3,2022,8.77
113,3,2023,8.72
114,3,1980,29.77
114,3,1981,29.52
114,3,1982,29.3
114,3,1983,29.88
114,3,1984,28.78
114,3,1985,31.09
114,3,1986,30.45
114,3,1987,30.11
114,3,1988,29.2
114,3,1989,27.07
114,3,1990,27.7
114,3,1991,24.83
114,3,1992,24.83
114,3,1993,24.01
114,3,1994,22.07
114,3,1995,21.7
114,3,1996,20.32
114,3,1997,20.06
114,3,1998,17.99
114,3,1999,16.52
114,3,2000,16.65
114,3,2001,16.34
114,3,2002,15.38
114,3,2003,15.05
114,3,2004,14.51
114,3,2005,14.17
114,3,2006,13.7
114,3,2007,13.77
114,3,2008,13.25
114,3,2009,12.88
114,3,2010,12.53
114,3,2011,12.82
114,3,2012,12.9
114,3,2013,12.17
114,3,2014,13.04
114,3,2015,12.91
114,3,2016,12.94
114,3,2017,13
114,3,2018,13.02
114,3,2019,13.33
114,3,2020,13.31
114,3,2021,13.98
114,3,2022,13.62
114,3,2023,14.25
115,3,1980,1.26
115,3,1981,1.33
115,3,1982,1.28
115,3,1983,1.41
115,3,1984,1.34
115,3,1985,1.26
115,3,1986,1.14
115,3,1987,1.06
115,3,1988,0.99
115,3,1989,0.94
115,3,1990,0.88
115,3,1991,0.91
115,3,1992,0.89
115,3,1993,0.92
115,3,1994,0.95
115,3,1995,0.93
115,3,1996,0.85
115,3,1997,0.83
115,3,1998,0.84
115,3,1999,0.82
115,3,2000,0.8
115,3,2001,0.78
115,3,2002,0.77
115,3,2003,0.7
115,3,2004,0.62
115,3,2005,0.58
115,3,2006,0.58
115,3,2007,0.55
115,3,2008,0.6
115,3,2009,0.51
115,3,2010,0.53
115,3,2011,0.53
115,3,2012,0.59
115,3,2013,0.71
115,3,2014,0.81
115,3,2015,0.94
115,3,2016,1.06
115,3,2017,1.15
115,3,2018,1.2
115,3,2019,1.18
115,3,2020,1.18
115,3,2021,1.17
115,3,2022,1.05
115,3,2023,0.93
116,3,1980,10.99
116,3,1981,10.56
116,3,1982,10.36
116,3,1983,10.21
116,3,1984,9.74
116,3,1985,9.11
116,3,1986,8.71
116,3,1987,8.51
116,3,1988,8.17
116,3,1989,7.91
116,3,1990,7.6
116,3,1991,7.61
116,3,1992,7.44
116,3,1993,7.43
116,3,1994,6.71
116,3,1995,6.3
116,3,1996,6.04
116,3,1997,5.97
116,3,1998,6.16
116,3,1999,5.56
116,3,2000,5.56
116,3,2001,5.51
116,3,2002,5.52
116,3,2003,5.52
116,3,2004,5.38
116,3,2005,5.35
116,3,2006,5.41
116,3,2007,5.31
116,3,2008,5.19
116,3,2009,5.07
116,3,2010,4.88
116,3,2011,4.81
116,3,2012,4.86
116,3,2013,5.67
116,3,2014,5.94
116,3,2015,5.8
116,3,2016,6.08
116,3,2017,5.75
116,3,2018,5.6
116,3,2019,5.41
116,3,2020,5.31
116,3,2021,5.54
116,3,2022,5.01
116,3,2023,4.82
117,3,1980,10.04
117,3,1981,9.87
117,3,1982,9.55
117,3,1983,9.06
117,3,1984,8.64
117,3,1985,8.54
117,3,1986,8.17
117,3,1987,8.18
117,3,1988,7.91
117,3,1989,7.61
117,3,1990,7.55
117,3,1991,7.63
117,3,1992,7.6
117,3,1993,7.16
117,3,1994,6.96
117,3,1995,6.81
117,3,1996,6.51
117,3,1997,6.58
117,3,1998,6.71
117,3,1999,6.35
117,3,2000,6.25
117,3,2001,6.43
117,3,2002,6.55
117,3,2003,6.37
117,3,2004,6.33
117,3,2005,6.12
117,3,2006,6.24
117,3,2007,6.17
117,3,2008,5.94
117,3,2009,5.75
117,3,2010,5.66
117,3,2011,5.73
117,3,2012,5.86
117,3,2013,6.52
117,3,2014,6.79
117,3,2015,6.76
117,3,2016,7
117,3,2017,6.77
117,3,2018,6.78
117,3,2019,6.29
117,3,2020,5.71
117,3,2021,4.75
117,3,2022,4.46
117,3,2023,4.32
118,3,1980,7.36
118,3,1981,7.21
118,3,1982,7.02
118,3,1983,6.89
118,3,1984,6.65
118,3,1985,6.53
118,3,1986,6.64
118,3,1987,6.59
118,3,1988,6.34
118,3,1989,5.93
118,3,1990,6.04
118,3,1991,5.98
118,3,1992,5.89
118,3,1993,5.55
118,3,1994,5.64
118,3,1995,5.95
118,3,1996,5.88
118,3,1997,5.73
118,3,1998,5.54
118,3,1999,5.34
118,3,2000,4.86
118,3,2001,4.8
118,3,2002,5.06
118,3,2003,5.11
118,3,2004,5.16
118,3,2005,5.25
118,3,2006,5.36
118,3,2007,5.37
118,3,2008,5.3
118,3,2009,5.33
118,3,2010,5.31
118,3,2011,5.35
118,3,2012,5.37
118,3,2013,5.44
118,3,2014,5.4
118,3,2015,5.18
118,3,2016,5.15
118,3,2017,5.08
118,3,2018,4.96
118,3,2019,4.9
118,3,2020,4.82
118,3,2021,4.86
118,3,2022,4.57
118,3,2023,4.76
119,3,1980,8.12
119,3,1981,8.31
119,3,1982,8.42
119,3,1983,8.48
119,3,1984,8.26
119,3,1985,8.13
119,3,1986,7.65
119,3,1987,7.21
119,3,1988,6.81
119,3,1989,6.48
119,3,1990,6.32
119,3,1991,6.57
119,3,1992,6.4
119,3,1993,6.4
119,3,1994,5.92
119,3,1995,5.39
119,3,1996,5.21
119,3,1997,5.21
119,3,1998,5.35
119,3,1999,5.06
119,3,2000,4.94
119,3,2001,5.02
119,3,2002,5.04
119,3,2003,4.86
119,3,2004,4.96
119,3,2005,4.72
119,3,2006,4.71
119,3,2007,4.74
119,3,2008,4.41
119,3,2009,4.26
119,3,2010,4.13
119,3,2011,4.18
119,3,2012,3.79
119,3,2013,3.6
119,3,2014,3.49
119,3,2015,3.48
119,3,2016,3.41
119,3,2017,3.38
119,3,2018,3.33
119,3,2019,3.3
119,3,2020,3.39
119,3,2021,3.55
119,3,2022,3.21
119,3,2023,3.06
121,3,1980,11.78
121,3,1981,11.38
121,3,1982,11
121,3,1983,10.5
121,3,1984,10.15
121,3,1985,9.75
121,3,1986,9.47
121,3,1987,9.22
121,3,1988,8.78
121,3,1989,8.57
121,3,1990,8.54
121,3,1991,8.46
121,3,1992,8.33
121,3,1993,8.16
121,3,1994,8.08
121,3,1995,7.95
121,3,1996,7.86
121,3,1997,7.72
121,3,1998,7.46
121,3,1999,7.2
121,3,2000,7.11
121,3,2001,7.05
121,3,2002,6.86
121,3,2003,6.74
121,3,2004,6.58
121,3,2005,6.43
121,3,2006,6.3
121,3,2007,6.12
121,3,2008,5.98
121,3,2009,5.89
121,3,2010,5.78
121,3,2011,5.68
121,3,2012,5.58
121,3,2013,5.5
121,3,2014,5.44
121,3,2015,5.26
121,3,2016,5.13
121,3,2017,5
121,3,2018,4.96
121,3,2019,4.85
121,3,2020,5.58
121,3,2021,5.2
121,3,2022,4.3
121,3,2023,4.13
122,3,1980,6.87
122,3,1981,7.1
122,3,1982,7.49
122,3,1983,8.42
122,3,1984,7.67
122,3,1985,7.25
122,3,1986,7.41
122,3,1987,7.33
122,3,1988,6.53
122,3,1989,6.63
122,3,1990,6.39
122,3,1991,6.48
122,3,1992,6.9
122,3,1993,6.56
122,3,1994,6.57
122,3,1995,6.52
122,3,1996,6.54
122,3,1997,7.06
122,3,1998,7.08
122,3,1999,6.22
122,3,2000,5.87
122,3,2001,5.92
122,3,2002,5.9
122,3,2003,6.02
122,3,2004,5.49
122,3,2005,5.01
122,3,2006,5.31
122,3,2007,4.91
122,3,2008,4.74
122,3,2009,4.39
122,3,2010,4.29
122,3,2011,3.98
122,3,2012,4.04
122,3,2013,3.43
122,3,2014,3.15
122,3,2015,3.17
122,3,2016,3.02
122,3,2017,2.73
122,3,2018,2.7
122,3,2019,2.66
122,3,2020,2.55
122,3,2021,2.48
122,3,2022,2.49
122,3,2023,2.92
123,3,1980,7.11
123,3,1981,6.75
123,3,1982,6.61
123,3,1983,6.47
123,3,1984,6.36
123,3,1985,6.05
123,3,1986,5.82
123,3,1987,5.57
123,3,1988,5.07
123,3,1989,4.73
123,3,1990,4.31
123,3,1991,4.39
123,3,1992,4.46
123,3,1993,4.67
123,3,1994,4.92
123,3,1995,5.01
123,3,1996,5.21
123,3,1997,5.11
123,3,1998,4.82
123,3,1999,4.45
123,3,2000,4.01
123,3,2001,3.72
123,3,2002,3.48
123,3,2003,3.34
123,3,2004,3.15
123,3,2005,2.92
123,3,2006,2.74
123,3,2007,2.62
123,3,2008,2.55
123,3,2009,2.47
123,3,2010,2.37
123,3,2011,2.27
123,3,2012,2.18
123,3,2013,2.05
123,3,2014,1.97
123,3,2015,1.95
123,3,2016,2
123,3,2017,2.07
123,3,2018,2.11
123,3,2019,2.22
123,3,2020,2.29
123,3,2021,2.58
123,3,2022,2.49
123,3,2023,2.94
125,3,1980,6.72
125,3,1981,6.6
125,3,1982,6.46
125,3,1983,6.31
125,3,1984,6.26
125,3,1985,6.12
125,3,1986,6.01
125,3,1987,5.63
125,3,1988,5.37
125,3,1989,5.06
125,3,1990,4.73
125,3,1991,4.49
125,3,1992,4.36
125,3,1993,4.23
125,3,1994,4.23
125,3,1995,4.04
125,3,1996,3.84
125,3,1997,3.56
125,3,1998,3.55
125,3,1999,3.58
125,3,2000,3.37
125,3,2001,3.19
125,3,2002,3.12
125,3,2003,3.1
125,3,2004,3.16
125,3,2005,3.04
125,3,2006,2.98
125,3,2007,2.88
125,3,2008,2.94
125,3,2009,2.74
125,3,2010,2.72
125,3,2011,2.62
125,3,2012,2.44
125,3,2013,2.28
125,3,2014,2.19
125,3,2015,2.09
125,3,2016,2.02
125,3,2017,2.09
125,3,2018,2.01
125,3,2019,1.91
125,3,2020,1.9
125,3,2021,2.09
125,3,2022,2.14
125,3,2023,2
126,3,1980,7.73
126,3,1981,7.69
126,3,1982,6.91
126,3,1983,6.74
126,3,1984,6.64
126,3,1985,6.49
126,3,1986,6.38
126,3,1987,6.25
126,3,1988,6.24
126,3,1989,6.02
126,3,1990,5.61
126,3,1991,5.69
126,3,1992,5.51
126,3,1993,5.46
126,3,1994,5.26
126,3,1995,5.32
126,3,1996,5.36
126,3,1997,4.78
126,3,1998,4.79
126,3,1999,4.54
126,3,2000,4.2
126,3,2001,4.04
126,3,2002,3.97
126,3,2003,3.83
126,3,2004,3.66
126,3,2005,3.64
126,3,2006,3.42
126,3,2007,3.33
126,3,2008,3.27
126,3,2009,3.03
126,3,2010,3
126,3,2011,3.02
126,3,2012,2.85
126,3,2013,2.73
126,3,2014,2.74
126,3,2015,2.73
126,3,2016,2.5
126,3,2017,2.6
126,3,2018,2.44
126,3,2019,2.2
126,3,2020,2.21
126,3,2021,2.55
126,3,2022,2.8
126,3,2023,2.91
127,3,1980,15.7
127,3,1981,14.58
127,3,1982,13.39
127,3,1983,10.92
127,3,1984,9.34
127,3,1985,8.23
127,3,1986,7.55
127,3,1987,7.07
127,3,1988,6.75
127,3,1989,6.54
127,3,1990,6.13
127,3,1991,5.89
127,3,1992,5.44
127,3,1993,5.28
127,3,1994,5.35
127,3,1995,5.42
127,3,1996,5.51
127,3,1997,5.44
127,3,1998,5.24
127,3,1999,5.2
127,3,2000,5.01
127,3,2001,4.92
127,3,2002,4.89
127,3,2003,4.79
127,3,2004,4.76
127,3,2005,4.75
127,3,2006,4.63
127,3,2007,4.52
127,3,2008,4.38
127,3,2009,4.11
127,3,2010,3.91
127,3,2011,3.58
127,3,2012,3.71
127,3,2013,3.64
127,3,2014,3.57
127,3,2015,3.41
127,3,2016,3.36
127,3,2017,3.25
127,3,2018,3.07
127,3,2019,2.99
127,3,2020,2.95
127,3,2021,2.86
127,3,2022,2.62
127,3,2023,2.63
128,3,1980,6.99
128,3,1981,6.78
128,3,1982,6.8
128,3,1983,6.37
128,3,1984,6.22
128,3,1985,5.45
128,3,1986,5.05
128,3,1987,5.05
128,3,1988,5.09
128,3,1989,4.86
128,3,1990,4.64
128,3,1991,4.72
128,3,1992,4.61
128,3,1993,4.22
128,3,1994,3.97
128,3,1995,3.78
128,3,1996,3.43
128,3,1997,3.16
128,3,1998,3.15
128,3,1999,3.44
128,3,2000,3.62
128,3,2001,3.58
128,3,2002,3.33
128,3,2003,3.11
128,3,2004,3.05
128,3,2005,2.92
128,3,2006,2.75
128,3,2007,2.69
128,3,2008,2.76
128,3,2009,2.5
128,3,2010,2.38
128,3,2011,2.5
128,3,2012,2.39
128,3,2013,2.22
128,3,2014,2.15
128,3,2015,2.05
128,3,2016,1.96
128,3,2017,2.01
128,3,2018,1.88
128,3,2019,1.61
128,3,2020,1.56
128,3,2021,2.02
128,3,2022,2.01
128,3,2023,1.95
129,3,1980,8.15
129,3,1981,7.58
129,3,1982,7.17
129,3,1983,6.75
129,3,1984,6.27
129,3,1985,5.77
129,3,1986,5.51
129,3,1987,5.37
129,3,1988,5.15
129,3,1989,4.88
129,3,1990,4.55
129,3,1991,4.56
129,3,1992,4.54
129,3,1993,4.44
129,3,1994,4.24
129,3,1995,4.22
129,3,1996,4.12
129,3,1997,4.01
129,3,1998,3.91
129,3,1999,3.77
129,3,2000,3.7
129,3,2001,3.61
129,3,2002,3.51
129,3,2003,3.44
129,3,2004,3.37
129,3,2005,3.25
129,3,2006,3.11
129,3,2007,2.96
129,3,2008,2.86
129,3,2009,2.71
129,3,2010,2.69
129,3,2011,2.7
129,3,2012,2.84
129,3,2013,2.77
129,3,2014,2.65
129,3,2015,2.61
129,3,2016,2.51
129,3,2017,2.41
129,3,2018,2.33
129,3,2019,2.24
129,3,2020,2.14
129,3,2021,2.22
129,3,2022,2.03
129,3,2023,1.91
130,3,1980,7.76
130,3,1981,7.68
130,3,1982,6.94
130,3,1983,6.41
130,3,1984,6.38
130,3,1985,6.08
130,3,1986,5.99
130,3,1987,5.82
130,3,1988,5.7
130,3,1989,5.33
130,3,1990,5.18
130,3,1991,5.05
130,3,1992,4.76
130,3,1993,4.38
130,3,1994,4.01
130,3,1995,3.78
130,3,1996,3.59
130,3,1997,3.55
130,3,1998,3.55
130,3,1999,3.38
130,3,2000,3.11
130,3,2001,2.9
130,3,2002,2.84
130,3,2003,2.79
130,3,2004,2.62
130,3,2005,2.52
130,3,2006,2.54
130,3,2007,2.62
130,3,2008,2.62
130,3,2009,2.54
130,3,2010,2.47
130,3,2011,2.26
130,3,2012,2.1
130,3,2013,1.97
130,3,2014,1.94
130,3,2015,1.9
130,3,2016,1.8
130,3,2017,1.73
130,3,2018,1.66
130,3,2019,1.62
130,3,2020,1.51
130,3,2021,1.59
130,3,2022,1.53
130,3,2023,1.48
131,3,1980,12.02
131,3,1981,12.17
131,3,1982,12.14
131,3,1983,12.18
131,3,1984,11.96
131,3,1985,11.29
131,3,1986,10.36
131,3,1987,9.38
131,3,1988,8.81
131,3,1989,7.92
131,3,1990,7.04
131,3,1991,6.46
131,3,1992,6.09
131,3,1993,5.9
131,3,1994,5.57
131,3,1995,5.47
131,3,1996,5.25
131,3,1997,5.08
131,3,1998,5.21
131,3,1999,4.83
131,3,2000,4.7
131,3,2001,4.64
131,3,2002,4.56
131,3,2003,4.53
131,3,2004,4.45
131,3,2005,4.34
131,3,2006,4.26
131,3,2007,4.11
131,3,2008,4.03
131,3,2009,3.87
131,3,2010,3.79
131,3,2011,3.66
131,3,2012,3.58
131,3,2013,3.52
131,3,2014,3.36
131,3,2015,3.37
131,3,2016,3.26
131,3,2017,3.12
131,3,2018,3.02
131,3,2019,3.09
131,3,2020,3.01
131,3,2021,2.98
131,3,2022,2.9
131,3,2023,2.79
132,3,1980,9.25
132,3,1981,8.68
132,3,1982,8.11
132,3,1983,8
132,3,1984,8.36
132,3,1985,8
132,3,1986,7.58
132,3,1987,7.6
132,3,1988,7.93
132,3,1989,8.08
132,3,1990,8.13
132,3,1991,8.06
132,3,1992,7.75
132,3,1993,6.84
132,3,1994,6.53
132,3,1995,6.35
132,3,1996,6.32
132,3,1997,5.88
132,3,1998,5.77
132,3,1999,5.7
132,3,2000,5.31
132,3,2001,4.77
132,3,2002,4.73
132,3,2003,4.7
132,3,2004,4.71
132,3,2005,4.57
132,3,2006,4.55
132,3,2007,4.47
132,3,2008,4.5
132,3,2009,4.34
132,3,2010,4.46
132,3,2011,4.27
132,3,2012,3.87
132,3,2013,3.75
132,3,2014,3.56
132,3,2015,3.51
132,3,2016,3.44
132,3,2017,3.27
132,3,2018,3.24
132,3,2019,3.1
132,3,2020,3.22
132,3,2021,3.48
132,3,2022,3.41
132,3,2023,3.26
133,3,1980,5.8
133,3,1981,5.86
133,3,1982,5.31
133,3,1983,5.08
133,3,1984,4.94
133,3,1985,4.83
133,3,1986,4.85
133,3,1987,4.89
133,3,1988,4.85
133,3,1989,4.61
133,3,1990,4.32
133,3,1991,4.31
133,3,1992,4.22
133,3,1993,4.08
133,3,1994,4.07
133,3,1995,3.71
133,3,1996,3.38
133,3,1997,3.23
133,3,1998,3.15
133,3,1999,3.22
133,3,2000,2.95
133,3,2001,2.9
133,3,2002,2.93
133,3,2003,2.78
133,3,2004,2.83
133,3,2005,2.77
133,3,2006,2.6
133,3,2007,2.54
133,3,2008,2.53
133,3,2009,2.33
133,3,2010,2.36
133,3,2011,2.28
133,3,2012,2.08
133,3,2013,2.01
133,3,2014,1.97
133,3,2015,1.97
133,3,2016,1.89
133,3,2017,1.91
133,3,2018,2.05
133,3,2019,2.28
133,3,2020,2.25
133,3,2021,2.21
133,3,2022,2.14
133,3,2023,2.1
135,3,1980,7.12
135,3,1981,6.55
135,3,1982,6.43
135,3,1983,6.75
135,3,1984,6.9
135,3,1985,6.76
135,3,1986,6.52
135,3,1987,6.31
135,3,1988,6.06
135,3,1989,6.02
135,3,1990,5.89
135,3,1991,5.62
135,3,1992,5.53
135,3,1993,5.52
135,3,1994,5.56
135,3,1995,5.46
135,3,1996,5.32
135,3,1997,5.18
135,3,1998,4.9
135,3,1999,4.63
135,3,2000,4.52
135,3,2001,4.4
135,3,2002,4.47
135,3,2003,4.32
135,3,2004,4.32
135,3,2005,4.1
135,3,2006,3.94
135,3,2007,3.84
135,3,2008,3.71
135,3,2009,3.7
135,3,2010,3.46
135,3,2011,3.33
135,3,2012,3.21
135,3,2013,3.1
135,3,2014,3.05
135,3,2015,2.99
135,3,2016,2.93
135,3,2017,2.83
135,3,2018,2.72
135,3,2019,2.7
135,3,2020,2.73
135,3,2021,2.6
135,3,2022,2.69
135,3,2023,2.66
136,3,1980,5.08
136,3,1981,4.87
136,3,1982,4.76
136,3,1983,4.42
136,3,1984,4.29
136,3,1985,4.18
136,3,1986,3.97
136,3,1987,3.67
136,3,1988,3.45
136,3,1989,3.49
136,3,1990,3.49
136,3,1991,3.59
136,3,1992,3.54
136,3,1993,3.54
136,3,1994,3.6
136,3,1995,3.56
136,3,1996,3.52
136,3,1997,3.58
136,3,1998,3.55
136,3,1999,3.42
136,3,2000,3.36
136,3,2001,3.34
136,3,2002,3.31
136,3,2003,3.2
136,3,2004,3.18
136,3,2005,3.26
136,3,2006,3.26
136,3,2007,3.25
136,3,2008,3.2
136,3,2009,3.17
136,3,2010,3.16
136,3,2011,3.11
136,3,2012,3.1
136,3,2013,3
136,3,2014,3.02
136,3,2015,3.01
136,3,2016,2.92
136,3,2017,2.94
136,3,2018,2.86
136,3,2019,2.84
136,3,2020,2.79
136,3,2021,2.9
136,3,2022,2.43
136,3,2023,2.42
139,3,1980,8.13
139,3,1981,7.8
139,3,1982,7.49
139,3,1983,7.32
139,3,1984,6.92
139,3,1985,6.82
139,3,1986,6.56
139,3,1987,6.31
139,3,1988,6.04
139,3,1989,5.81
139,3,1990,5.58
139,3,1991,5.36
139,3,1992,5.17
139,3,1993,5
139,3,1994,4.85
139,3,1995,4.64
139,3,1996,4.42
139,3,1997,4.38
139,3,1998,4.2
139,3,1999,4.03
139,3,2000,3.86
139,3,2001,3.74
139,3,2002,3.57
139,3,2003,3.44
139,3,2004,3.33
139,3,2005,3.2
139,3,2006,3.11
139,3,2007,2.99
139,3,2008,2.89
139,3,2009,2.8
139,3,2010,2.73
139,3,2011,2.67
139,3,2012,2.62
139,3,2013,2.54
139,3,2014,2.49
139,3,2015,2.43
139,3,2016,2.4
139,3,2017,2.37
139,3,2018,2.29
139,3,2019,2.26
139,3,2020,2.16
139,3,2021,2.06
139,3,2022,1.92
139,3,2023,1.86
140,3,1980,3.69
140,3,1981,3.58
140,3,1982,3.34
140,3,1983,3.2
140,3,1984,3.08
140,3,1985,3
140,3,1986,2.92
140,3,1987,2.78
140,3,1988,2.72
140,3,1989,2.61
140,3,1990,2.55
140,3,1991,2.47
140,3,1992,2.45
140,3,1993,2.47
140,3,1994,2.43
140,3,1995,2.4
140,3,1996,2.39
140,3,1997,2.32
140,3,1998,2.27
140,3,1999,2.19
140,3,2000,2.06
140,3,2001,1.97
140,3,2002,1.9
140,3,2003,1.82
140,3,2004,1.71
140,3,2005,1.6
140,3,2006,1.54
140,3,2007,1.44
140,3,2008,1.33
140,3,2009,1.26
140,3,2010,1.23
140,3,2011,1.19
140,3,2012,1.17
140,3,2013,1.13
140,3,2014,1.11
140,3,2015,1.05
140,3,2016,1.02
140,3,2017,0.97
140,3,2018,0.92
140,3,2019,0.9
140,3,2020,0.84
140,3,2021,0.81
140,3,2022,0.79
140,3,2023,0.77
141,3,1980,5.58
141,3,1981,5.33
141,3,1982,5.29
141,3,1983,5.37
141,3,1984,5.49
141,3,1985,5.35
141,3,1986,5
141,3,1987,4.71
141,3,1988,4.59
141,3,1989,4.32
141,3,1990,3.94
141,3,1991,3.58
141,3,1992,3.36
141,3,1993,3.31
141,3,1994,3.3
141,3,1995,3.27
141,3,1996,3.27
141,3,1997,3.23
141,3,1998,3.16
141,3,1999,3.01
141,3,2000,2.86
141,3,2001,2.85
141,3,2002,2.85
141,3,2003,2.88
141,3,2004,2.85
141,3,2005,2.79
141,3,2006,2.76
141,3,2007,2.71
141,3,2008,2.65
141,3,2009,2.61
141,3,2010,2.66
141,3,2011,2.68
141,3,2012,2.69
141,3,2013,2.55
141,3,2014,2.47
141,3,2015,2.33
141,3,2016,2.25
141,3,2017,2.09
141,3,2018,1.97
141,3,2019,1.82
141,3,2020,1.76
141,3,2021,1.74
141,3,2022,2.03
141,3,2023,2.06
142,3,1980,18.72
142,3,1981,18.72
142,3,1982,17.23
142,3,1983,15.53
142,3,1984,13.86
142,3,1985,12.42
142,3,1986,10.9
142,3,1987,9.64
142,3,1988,8.56
142,3,1989,7.59
142,3,1990,6.79
142,3,1991,6.17
142,3,1992,5.69
142,3,1993,5.39
142,3,1994,5.1
142,3,1995,4.78
142,3,1996,4.5
142,3,1997,4.26
142,3,1998,4.09
142,3,1999,3.87
142,3,2000,3.67
142,3,2001,3.5
142,3,2002,3.28
142,3,2003,3.08
142,3,2004,2.74
142,3,2005,2.43
142,3,2006,2.2
142,3,2007,2.01
142,3,2008,1.87
142,3,2009,1.75
142,3,2010,1.67
142,3,2011,1.55
142,3,2012,1.47
142,3,2013,1.4
142,3,2014,1.35
142,3,2015,1.37
142,3,2016,1.36
142,3,2017,1.32
142,3,2018,1.31
142,3,2019,1.25
142,3,2020,1.24
142,3,2021,1.14
142,3,2022,1.04
142,3,2023,1.01
143,3,1980,4.95
143,3,1981,4.85
143,3,1982,4.63
143,3,1983,4.52
143,3,1984,4.43
143,3,1985,4.38
143,3,1986,4.29
143,3,1987,4.22
143,3,1988,4.16
143,3,1989,4.13
143,3,1990,4.11
143,3,1991,4.02
143,3,1992,3.95
143,3,1993,3.99
143,3,1994,4.05
143,3,1995,4.05
143,3,1996,4.16
143,3,1997,4.11
143,3,1998,4.14
143,3,1999,4.1
143,3,2000,4.02
143,3,2001,3.98
143,3,2002,3.94
143,3,2003,3.96
143,3,2004,3.92
143,3,2005,3.91
143,3,2006,3.87
143,3,2007,3.82
143,3,2008,3.75
143,3,2009,3.62
143,3,2010,3.58
143,3,2011,3.43
143,3,2012,3.36
143,3,2013,3.19
143,3,2014,3.12
143,3,2015,2.9
143,3,2016,2.79
143,3,2017,2.67
143,3,2018,2.6
143,3,2019,2.52
143,3,2020,2.54
143,3,2021,2.39
143,3,2022,2.24
143,3,2023,2.21
144,3,1980,5.66
144,3,1981,5.21
144,3,1982,4.73
144,3,1983,4.45
144,3,1984,4.19
144,3,1985,3.99
144,3,1986,3.78
144,3,1987,3.57
144,3,1988,3.42
144,3,1989,3.29
144,3,1990,3.19
144,3,1991,3.08
144,3,1992,2.93
144,3,1993,2.86
144,3,1994,2.78
144,3,1995,2.67
144,3,1996,2.6
144,3,1997,2.49
144,3,1998,2.46
144,3,1999,2.34
144,3,2000,2.24
144,3,2001,2.21
144,3,2002,2.14
144,3,2003,2.04
144,3,2004,1.97
144,3,2005,1.9
144,3,2006,1.83
144,3,2007,1.72
144,3,2008,1.64
144,3,2009,1.59
144,3,2010,1.57
144,3,2011,1.48
144,3,2012,1.44
144,3,2013,1.38
144,3,2014,1.34
144,3,2015,1.26
144,3,2016,1.23
144,3,2017,1.2
144,3,2018,1.18
144,3,2019,1.12
144,3,2020,1.09
144,3,2021,1.06
144,3,2022,1.01
144,3,2023,0.97
145,3,1980,2.55
145,3,1981,2.35
145,3,1982,1.9
145,3,1983,1.84
145,3,1984,1.95
145,3,1985,1.96
145,3,1986,1.99
145,3,1987,1.91
145,3,1988,1.73
145,3,1989,1.58
145,3,1990,1.54
145,3,1991,1.58
145,3,1992,1.51
145,3,1993,1.55
145,3,1994,1.52
145,3,1995,1.7
145,3,1996,1.75
145,3,1997,1.48
145,3,1998,1.43
145,3,1999,1.27
145,3,2000,1.14
145,3,2001,1.15
145,3,2002,1.11
145,3,2003,1.14
145,3,2004,1.06
145,3,2005,0.92
145,3,2006,0.85
145,3,2007,0.84
145,3,2008,0.75
145,3,2009,0.68
145,3,2010,0.69
145,3,2011,0.63
145,3,2012,0.64
145,3,2013,0.65
145,3,2014,0.65
145,3,2015,0.61
145,3,2016,0.63
145,3,2017,0.58
145,3,2018,0.55
145,3,2019,0.53
145,3,2020,0.48
145,3,2021,0.45
145,3,2022,0.47
145,3,2023,0.44
146,3,1980,1.58
146,3,1981,1.54
146,3,1982,1.53
146,3,1983,1.54
146,3,1984,1.5
146,3,1985,1.46
146,3,1986,1.41
146,3,1987,1.37
146,3,1988,1.33
146,3,1989,1.31
146,3,1990,1.32
146,3,1991,1.32
146,3,1992,1.29
146,3,1993,1.29
146,3,1994,1.3
146,3,1995,1.3
146,3,1996,1.3
146,3,1997,1.28
146,3,1998,1.29
146,3,1999,1.28
146,3,2000,1.24
146,3,2001,1.24
146,3,2002,1.19
146,3,2003,1.15
146,3,2004,1.11
146,3,2005,1.07
146,3,2006,1.02
146,3,2007,1
146,3,2008,0.98
146,3,2009,0.96
146,3,2010,0.96
146,3,2011,0.94
146,3,2012,0.96
146,3,2013,0.95
146,3,2014,0.93
146,3,2015,0.9
146,3,2016,0.87
146,3,2017,0.87
146,3,2018,0.94
146,3,2019,1.02
146,3,2020,1.12
146,3,2021,0.79
146,3,2022,0.86
146,3,2023,0.85
147,3,1980,9.87
147,3,1981,9.22
147,3,1982,8.48
147,3,1983,7.73
147,3,1984,7.05
147,3,1985,6.45
147,3,1986,5.9
147,3,1987,5.46
147,3,1988,5.09
147,3,1989,4.71
147,3,1990,4.39
147,3,1991,4.08
147,3,1992,3.86
147,3,1993,3.66
147,3,1994,3.44
147,3,1995,3.28
147,3,1996,3.19
147,3,1997,3.01
147,3,1998,2.92
147,3,1999,2.85
147,3,2000,2.72
147,3,2001,2.63
147,3,2002,2.52
147,3,2003,2.39
147,3,2004,2.31
147,3,2005,2.24
147,3,2006,2.21
147,3,2007,2.12
147,3,2008,1.96
147,3,2009,1.84
147,3,2010,1.74
147,3,2011,1.71
147,3,2012,1.7
147,3,2013,1.64
147,3,2014,1.6
147,3,2015,1.56
147,3,2016,1.49
147,3,2017,1.42
147,3,2018,1.44
147,3,2019,1.41
147,3,2020,1.41
147,3,2021,1.4
147,3,2022,1.32
147,3,2023,1.31
148,3,1980,7.95
148,3,1981,7.73
148,3,1982,7.52
148,3,1983,7.36
148,3,1984,7.11
148,3,1985,6.97
148,3,1986,6.73
148,3,1987,6.63
148,3,1988,6.43
148,3,1989,6.31
148,3,1990,6.21
148,3,1991,6.02
148,3,1992,5.87
148,3,1993,5.69
148,3,1994,5.62
148,3,1995,5.49
148,3,1996,5.34
148,3,1997,5.16
148,3,1998,5.01
148,3,1999,4.83
148,3,2000,4.74
148,3,2001,4.63
148,3,2002,4.48
148,3,2003,4.34
148,3,2004,4.24
148,3,2005,4.17
148,3,2006,4.11
148,3,2007,4.03
148,3,2008,3.92
148,3,2009,3.91
148,3,2010,3.85
148,3,2011,3.72
148,3,2012,3.61
148,3,2013,3.61
148,3,2014,3.67
148,3,2015,3.51
148,3,2016,3.43
148,3,2017,3.35
148,3,2018,3.23
148,3,2019,3.16
148,3,2020,3.16
148,3,2021,3.1
148,3,2022,2.92
148,3,2023,2.71
149,3,1980,4.76
149,3,1981,4.57
149,3,1982,4.29
149,3,1983,4.11
149,3,1984,3.98
149,3,1985,3.84
149,3,1986,3.68
149,3,1987,3.55
149,3,1988,3.44
149,3,1989,3.33
149,3,1990,3.25
149,3,1991,3.18
149,3,1992,3.08
149,3,1993,3.05
149,3,1994,2.99
149,3,1995,2.9
149,3,1996,2.83
149,3,1997,2.73
149,3,1998,2.65
149,3,1999,2.54
149,3,2000,2.4
149,3,2001,2.3
149,3,2002,2.19
149,3,2003,2.08
149,3,2004,2
149,3,2005,1.95
149,3,2006,1.87
149,3,2007,1.8
149,3,2008,1.71
149,3,2009,1.63
149,3,2010,1.59
149,3,2011,1.45
149,3,2012,1.29
149,3,2013,1.15
149,3,2014,1.07
149,3,2015,1.04
149,3,2016,1.01
149,3,2017,0.98
149,3,2018,0.96
149,3,2019,0.92
149,3,2020,0.88
149,3,2021,0.8
149,3,2022,0.75
149,3,2023,0.72
150,3,1980,13.33
150,3,1981,11.89
150,3,1982,11.85
150,3,1983,11.59
150,3,1984,11.18
150,3,1985,10.86
150,3,1986,10.55
150,3,1987,10.1
150,3,1988,9.7
150,3,1989,9.36
150,3,1990,9.2
150,3,1991,8.53
150,3,1992,8.1
150,3,1993,7.65
150,3,1994,7.27
150,3,1995,6.74
150,3,1996,6.2
150,3,1997,5.7
150,3,1998,5.31
150,3,1999,4.88
150,3,2000,4.54
150,3,2001,4.25
150,3,2002,4.01
150,3,2003,3.75
150,3,2004,3.55
150,3,2005,3.35
150,3,2006,3.19
150,3,2007,3.01
150,3,2008,2.81
150,3,2009,2.69
150,3,2010,2.58
150,3,2011,2.43
150,3,2012,2.37
150,3,2013,2.26
150,3,2014,2.17
150,3,2015,2.08
150,3,2016,1.98
150,3,2017,1.85
150,3,2018,1.75
150,3,2019,1.67
150,3,2020,1.61
150,3,2021,1.51
150,3,2022,1.37
150,3,2023,1.34
151,3,1980,9.21
151,3,1981,8.77
151,3,1982,8.09
151,3,1983,7.52
151,3,1984,7.22
151,3,1985,6.77
151,3,1986,6.22
151,3,1987,5.76
151,3,1988,5.35
151,3,1989,5
151,3,1990,4.7
151,3,1991,4.44
151,3,1992,4.3
151,3,1993,4.29
151,3,1994,4.23
151,3,1995,4.11
151,3,1996,3.94
151,3,1997,3.76
151,3,1998,3.71
151,3,1999,3.61
151,3,2000,3.52
151,3,2001,3.49
151,3,2002,3.45
151,3,2003,3.34
151,3,2004,3.14
151,3,2005,2.86
151,3,2006,2.62
151,3,2007,2.37
151,3,2008,2.13
151,3,2009,1.92
151,3,2010,1.75
151,3,2011,1.57
151,3,2012,1.45
151,3,2013,1.35
151,3,2014,1.3
151,3,2015,1.22
151,3,2016,1.15
151,3,2017,1.08
151,3,2018,1.03
151,3,2019,1.01
151,3,2020,0.96
151,3,2021,0.89
151,3,2022,0.88
151,3,2023,0.92
152,3,1980,12.6
152,3,1981,11.98
152,3,1982,11.15
152,3,1983,10.5
152,3,1984,9.96
152,3,1985,9.43
152,3,1986,8.95
152,3,1987,8.57
152,3,1988,8.04
152,3,1989,7.52
152,3,1990,7.19
152,3,1991,6.86
152,3,1992,6.43
152,3,1993,6.2
152,3,1994,5.93
152,3,1995,5.63
152,3,1996,5.32
152,3,1997,4.96
152,3,1998,4.72
152,3,1999,4.47
152,3,2000,4.24
152,3,2001,4.09
152,3,2002,4.02
152,3,2003,3.95
152,3,2004,3.86
152,3,2005,3.79
152,3,2006,3.74
152,3,2007,3.69
152,3,2008,3.62
152,3,2009,3.55
152,3,2010,3.48
152,3,2011,3.28
152,3,2012,3.12
152,3,2013,2.89
152,3,2014,2.69
152,3,2015,2.48
152,3,2016,2.28
152,3,2017,2.1
152,3,2018,1.95
152,3,2019,1.85
152,3,2020,1.85
152,3,2021,1.8
152,3,2022,1.79
152,3,2023,1.81
153,3,1980,3.16
153,3,1981,3.07
153,3,1982,2.92
153,3,1983,2.82
153,3,1984,2.78
153,3,1985,2.67
153,3,1986,2.58
153,3,1987,2.47
153,3,1988,2.37
153,3,1989,2.31
153,3,1990,2.21
153,3,1991,2.14
153,3,1992,2.05
153,3,1993,2.02
153,3,1994,1.98
153,3,1995,1.89
153,3,1996,1.85
153,3,1997,1.77
153,3,1998,1.74
153,3,1999,1.77
153,3,2000,1.69
153,3,2001,1.63
153,3,2002,1.53
153,3,2003,1.52
153,3,2004,1.41
153,3,2005,1.26
153,3,2006,1.15
153,3,2007,1.1
153,3,2008,1.04
153,3,2009,0.99
153,3,2010,0.94
153,3,2011,0.85
153,3,2012,0.82
153,3,2013,0.77
153,3,2014,0.74
153,3,2015,0.71
153,3,2016,0.69
153,3,2017,0.67
153,3,2018,0.65
153,3,2019,0.62
153,3,2020,0.6
153,3,2021,0.56
153,3,2022,0.53
153,3,2023,0.49
154,3,1980,3.03
154,3,1981,2.99
154,3,1982,2.92
154,3,1983,2.83
154,3,1984,2.76
154,3,1985,2.73
154,3,1986,2.65
154,3,1987,2.6
154,3,1988,2.55
154,3,1989,2.47
154,3,1990,2.42
154,3,1991,2.36
154,3,1992,2.31
154,3,1993,2.27
154,3,1994,2.24
154,3,1995,2.16
154,3,1996,2.1
154,3,1997,2.05
154,3,1998,1.99
154,3,1999,1.97
154,3,2000,1.9
154,3,2001,1.84
154,3,2002,1.78
154,3,2003,1.74
154,3,2004,1.68
154,3,2005,1.63
154,3,2006,1.61
154,3,2007,1.57
154,3,2008,1.53
154,3,2009,1.49
154,3,2010,1.46
154,3,2011,1.43
154,3,2012,1.43
154,3,2013,1.41
154,3,2014,1.39
154,3,2015,1.36
154,3,2016,1.35
154,3,2017,1.32
154,3,2018,1.29
154,3,2019,1.26
154,3,2020,1.21
154,3,2021,1.1
154,3,2022,1.14
154,3,2023,1.14
155,3,1980,3.11
155,3,1981,3.04
155,3,1982,2.79
155,3,1983,2.66
155,3,1984,2.58
155,3,1985,2.47
155,3,1986,2.36
155,3,1987,2.23
155,3,1988,2.17
155,3,1989,2.15
155,3,1990,2.13
155,3,1991,2.12
155,3,1992,2.08
155,3,1993,2.1
155,3,1994,2.12
155,3,1995,2.05
155,3,1996,1.97
155,3,1997,1.87
155,3,1998,1.83
155,3,1999,1.73
155,3,2000,1.64
155,3,2001,1.55
155,3,2002,1.48
155,3,2003,1.28
155,3,2004,1.19
155,3,2005,1.13
155,3,2006,1.07
155,3,2007,1
155,3,2008,0.92
155,3,2009,0.84
155,3,2010,0.82
155,3,2011,0.82
155,3,2012,0.89
155,3,2013,0.98
155,3,2014,1.04
155,3,2015,1.07
155,3,2016,1.11
155,3,2017,1.08
155,3,2018,1.02
155,3,2019,0.94
155,3,2020,0.91
155,3,2021,0.91
155,3,2022,0.87
155,3,2023,0.82
156,3,1980,12.17
156,3,1981,11.27
156,3,1982,9.91
156,3,1983,8.76
156,3,1984,7.86
156,3,1985,7.19
156,3,1986,6.5
156,3,1987,5.92
156,3,1988,5.48
156,3,1989,5.03
156,3,1990,4.7
156,3,1991,4.36
156,3,1992,3.99
156,3,1993,3.84
156,3,1994,3.67
156,3,1995,3.49
156,3,1996,3.37
156,3,1997,3.17
156,3,1998,3.09
156,3,1999,2.91
156,3,2000,2.8
156,3,2001,2.66
156,3,2002,2.48
156,3,2003,2.32
156,3,2004,2.19
156,3,2005,2.08
156,3,2006,1.95
156,3,2007,1.82
156,3,2008,1.72
156,3,2009,1.62
156,3,2010,1.5
156,3,2011,1.43
156,3,2012,1.39
156,3,2013,1.34
156,3,2014,1.32
156,3,2015,1.31
156,3,2016,1.29
156,3,2017,1.3
156,3,2018,1.29
156,3,2019,1.29
156,3,2020,1.22
156,3,2021,1.19
156,3,2022,1.17
156,3,2023,1.21
157,3,1980,7.84
157,3,1981,7.63
157,3,1982,7.44
157,3,1983,7.31
157,3,1984,7.12
157,3,1985,6.94
157,3,1986,6.81
157,3,1987,6.64
157,3,1988,6.56
157,3,1989,6.45
157,3,1990,6.44
157,3,1991,6.38
157,3,1992,6.22
157,3,1993,6.08
157,3,1994,5.9
157,3,1995,5.66
157,3,1996,5.41
157,3,1997,5.16
157,3,1998,4.92
157,3,1999,4.71
157,3,2000,4.57
157,3,2001,4.36
157,3,2002,4.36
157,3,2003,4.19
157,3,2004,4.05
157,3,2005,3.91
157,3,2006,3.75
157,3,2007,3.82
157,3,2008,3.77
157,3,2009,3.61
157,3,2010,3.41
157,3,2011,3.31
157,3,2012,3.13
157,3,2013,3.17
157,3,2014,3.15
157,3,2015,3.15
157,3,2016,3.09
157,3,2017,2.98
157,3,2018,2.85
157,3,2019,2.85
157,3,2020,2.86
157,3,2021,2.77
157,3,2022,2.68
157,3,2023,2.55
160,3,1980,4.84
160,3,1981,4.75
160,3,1982,4.32
160,3,1983,4.04
160,3,1984,3.97
160,3,1985,4.31
160,3,1986,4.62
160,3,1987,4.58
160,3,1988,4.33
160,3,1989,4.07
160,3,1990,4.17
160,3,1991,3.96
160,3,1992,3.78
160,3,1993,3.99
160,3,1994,4.28
160,3,1995,4.41
160,3,1996,4.13
160,3,1997,3.83
160,3,1998,3.69
160,3,1999,3.6
160,3,2000,3.53
160,3,2001,3.45
160,3,2002,3.17
160,3,2003,3.85
160,3,2004,4.34
160,3,2005,4.23
160,3,2006,4.12
160,3,2007,3.95
160,3,2008,3.67
160,3,2009,3.43
160,3,2010,3.49
160,3,2011,3.37
160,3,2012,3.21
160,3,2013,3.33
160,3,2014,3.28
160,3,2015,3.31
160,3,2016,3.42
160,3,2017,3.41
160,3,2018,3.4
160,3,2019,3.52
160,3,2020,3.56
160,3,2021,3.71
160,3,2022,3.66
160,3,2023,3.62
161,3,1980,22.02
161,3,1981,21.17
161,3,1982,21.14
161,3,1983,20.21
161,3,1984,20.79
161,3,1985,21.78
161,3,1986,22.55
161,3,1987,23.14
161,3,1988,22.86
161,3,1989,22.92
161,3,1990,22.82
161,3,1991,23.35
161,3,1992,22.54
161,3,1993,22.78
161,3,1994,22.6
161,3,1995,22.22
161,3,1996,21.72
161,3,1997,20.55
161,3,1998,19.73
161,3,1999,18.86
161,3,2000,17.7
161,3,2001,16.76
161,3,2002,16.39
161,3,2003,15.74
161,3,2004,14.71
161,3,2005,13.95
161,3,2006,13.37
161,3,2007,14.2
161,3,2008,13.33
161,3,2009,12.72
161,3,2010,11.98
161,3,2011,11.33
161,3,2012,10.36
161,3,2013,9.76
161,3,2014,8.98
161,3,2015,9.05
161,3,2016,8.62
161,3,2017,8.14
161,3,2018,7.76
161,3,2019,7.5
161,3,2020,7.25
161,3,2021,7.38
161,3,2022,7.04
161,3,2023,6.65
162,3,1980,8.45
162,3,1981,8.44
162,3,1982,7.78
162,3,1983,7.62
162,3,1984,7.31
162,3,1985,7.23
162,3,1986,7
162,3,1987,6.52
162,3,1988,6.54
162,3,1989,6.43
162,3,1990,6.73
162,3,1991,6.81
162,3,1992,7.12
162,3,1993,7.37
162,3,1994,7.22
162,3,1995,7.53
162,3,1996,7.62
162,3,1997,7.95
162,3,1998,7.59
162,3,1999,6.53
162,3,2000,7.46
162,3,2001,7.35
162,3,2002,7.27
162,3,2003,7.4
162,3,2004,7.34
162,3,2005,7.19
162,3,2006,7.03
162,3,2007,6.87
162,3,2008,6.63
162,3,2009,6.31
162,3,2010,6.22
162,3,2011,5.99
162,3,2012,5.79
162,3,2013,5.67
162,3,2014,5.51
162,3,2015,5.37
162,3,2016,5.25
162,3,2017,5.11
162,3,2018,4.94
162,3,2019,4.82
162,3,2020,4.76
162,3,2021,4.67
162,3,2022,4.45
162,3,2023,4.34
163,3,1980,11.63
163,3,1981,11
163,3,1982,10.56
163,3,1983,10.66
163,3,1984,10.68
163,3,1985,10.99
163,3,1986,11.04
163,3,1987,11.07
163,3,1988,10.91
163,3,1989,10.37
163,3,1990,10.17
163,3,1991,9.72
163,3,1992,9.22
163,3,1993,8.89
163,3,1994,8.68
163,3,1995,8.63
163,3,1996,8.56
163,3,1997,8.48
163,3,1998,8.32
163,3,1999,7.96
163,3,2000,7.45
163,3,2001,7.12
163,3,2002,6.87
163,3,2003,6.68
163,3,2004,6.33
163,3,2005,6.14
163,3,2006,6.24
163,3,2007,6.22
163,3,2008,6.09
163,3,2009,5.96
163,3,2010,5.89
163,3,2011,5.67
163,3,2012,5.43
163,3,2013,5.27
163,3,2014,4.93
163,3,2015,4.7
163,3,2016,4.58
163,3,2017,4.37
163,3,2018,4.18
163,3,2019,4.14
163,3,2020,4.22
163,3,2021,4.5
163,3,2022,3.84
163,3,2023,3.7
164,3,1980,15.7
164,3,1981,15.45
164,3,1982,15.09
164,3,1983,14.92
164,3,1984,14.74
164,3,1985,14.48
164,3,1986,14.12
164,3,1987,13.94
164,3,1988,13.78
164,3,1989,13.41
164,3,1990,13.19
164,3,1991,13.02
164,3,1992,12.72
164,3,1993,12.24
164,3,1994,11.87
164,3,1995,11.51
164,3,1996,11.07
164,3,1997,10.59
164,3,1998,10.29
164,3,1999,9.87
164,3,2000,9.39
164,3,2001,9.03
164,3,2002,8.68
164,3,2003,8.36
164,3,2004,8.02
164,3,2005,8.13
164,3,2006,8.08
164,3,2007,7.81
164,3,2008,7.6
164,3,2009,7.55
164,3,2010,7.37
164,3,2011,7.12
164,3,2012,6.97
164,3,2013,7.16
164,3,2014,6.58
164,3,2015,6.8
164,3,2016,6.63
164,3,2017,6.59
164,3,2018,6.37
164,3,2019,6.37
164,3,2020,6.5
164,3,2021,6.76
164,3,2022,6.4
164,3,2023,6.42
165,3,1980,10.97
165,3,1981,10.72
165,3,1982,10.44
165,3,1983,10.18
165,3,1984,9.92
165,3,1985,9.65
165,3,1986,9.41
165,3,1987,9.22
165,3,1988,9.16
165,3,1989,8.94
165,3,1990,8.97
165,3,1991,8.82
165,3,1992,8.81
165,3,1993,8.72
165,3,1994,8.52
165,3,1995,8.38
165,3,1996,8.19
165,3,1997,7.95
165,3,1998,7.85
165,3,1999,7.61
165,3,2000,7.41
165,3,2001,7.2
165,3,2002,7.01
165,3,2003,6.79
165,3,2004,6.63
165,3,2005,6.49
165,3,2006,6.39
165,3,2007,6.25
165,3,2008,6.48
165,3,2009,6.5
165,3,2010,6.35
165,3,2011,6.12
165,3,2012,5.91
165,3,2013,5.91
165,3,2014,5.74
165,3,2015,5.71
165,3,2016,5.53
165,3,2017,5.35
165,3,2018,5.23
165,3,2019,5.12
165,3,2020,5.17
165,3,2021,5.17
165,3,2022,4.74
165,3,2023,4.62
168,3,1980,25.8
168,3,1981,25.35
168,3,1982,25.11
168,3,1983,24.62
168,3,1984,23.77
168,3,1985,23.3
168,3,1986,23.32
168,3,1987,22.59
168,3,1988,21.84
168,3,1989,21.77
168,3,1990,20.69
168,3,1991,20.13
168,3,1992,19.45
168,3,1993,19.42
168,3,1994,19.16
168,3,1995,18.26
168,3,1996,16.25
168,3,1997,15.39
168,3,1998,16.04
168,3,1999,15.82
168,3,2000,15.1
168,3,2001,14.74
168,3,2002,14.47
168,3,2003,14.08
168,3,2004,14.02
168,3,2005,13.71
168,3,2006,13.54
168,3,2007,13.49
168,3,2008,13.27
168,3,2009,13.02
168,3,2010,12.92
168,3,2011,12.64
168,3,2012,12.51
168,3,2013,12.42
168,3,2014,12.27
168,3,2015,12.18
168,3,2016,11.6
168,3,2017,11.27
168,3,2018,10.8
168,3,2019,10.62
168,3,2020,10.34
168,3,2021,10.17
168,3,2022,9.8
168,3,2023,9.88
169,3,1980,20.29
169,3,1981,20.32
169,3,1982,20.2
169,3,1983,19.04
169,3,1984,18.85
169,3,1985,18.61
169,3,1986,18.98
169,3,1987,18.56
169,3,1988,17.55
169,3,1989,16.57
169,3,1990,15.87
169,3,1991,15.83
169,3,1992,15.42
169,3,1993,15.65
169,3,1994,15.48
169,3,1995,14.86
169,3,1996,14.87
169,3,1997,14.19
169,3,1998,14.14
169,3,1999,13.81
169,3,2000,13
169,3,2001,12.62
169,3,2002,12.29
169,3,2003,11.69
169,3,2004,11.2
169,3,2005,10.85
169,3,2006,10.81
169,3,2007,10.6
169,3,2008,10.17
169,3,2009,10.17
169,3,2010,10.43
169,3,2011,10.34
169,3,2012,10.07
169,3,2013,10.08
169,3,2014,9.88
169,3,2015,9.79
169,3,2016,9.61
169,3,2017,9.61
169,3,2018,9.42
169,3,2019,9.35
169,3,2020,9.51
169,3,2021,9.4
169,3,2022,9.55
169,3,2023,9.5
170,3,1980,17.34
170,3,1981,16.22
170,3,1982,15.91
170,3,1983,16.8
170,3,1984,15.83
170,3,1985,15.16
170,3,1986,14.25
170,3,1987,14.11
170,3,1988,13.47
170,3,1989,12
170,3,1990,11.32
170,3,1991,10.65
170,3,1992,10.2
170,3,1993,9.82
170,3,1994,10.48
170,3,1995,10
170,3,1996,9.54
170,3,1997,9.86
170,3,1998,8.69
170,3,1999,8.55
170,3,2000,8.19
170,3,2001,7.31
170,3,2002,7.15
170,3,2003,7.08
170,3,2004,6.77
170,3,2005,6.85
170,3,2006,6.82
170,3,2007,6.75
170,3,2008,6.76
170,3,2009,6.74
170,3,2010,6.53
170,3,2011,6.09
170,3,2012,6
170,3,2013,5.81
170,3,2014,5.68
170,3,2015,5.67
170,3,2016,5.61
170,3,2017,5.46
170,3,2018,5.27
170,3,2019,5.3
170,3,2020,5.34
170,3,2021,5.26
170,3,2022,5.37
170,3,2023,5.55
171,3,1980,20.32
171,3,1981,20.23
171,3,1982,20.27
171,3,1983,20.07
171,3,1984,19.89
171,3,1985,20.16
171,3,1986,19.33
171,3,1987,18.86
171,3,1988,18.43
171,3,1989,17.76
171,3,1990,17.42
171,3,1991,17.27
171,3,1992,16.82
171,3,1993,16.24
171,3,1994,15.36
171,3,1995,14.95
171,3,1996,14.47
171,3,1997,14.13
171,3,1998,13.77
171,3,1999,13.58
171,3,2000,13.4
171,3,2001,13.19
171,3,2002,13.07
171,3,2003,12.68
171,3,2004,12.12
171,3,2005,11.95
171,3,2006,11.81
171,3,2007,11.45
171,3,2008,11.1
171,3,2009,10.99
171,3,2010,10.76
171,3,2011,10.61
171,3,2012,10.59
171,3,2013,10.68
171,3,2014,10.79
171,3,2015,10.48
171,3,2016,10.26
171,3,2017,9.96
171,3,2018,9.76
171,3,2019,9.56
171,3,2020,9.51
171,3,2021,9.35
171,3,2022,9.36
171,3,2023,9.22
172,3,1980,28.41
172,3,1981,27.84
172,3,1982,26.59
172,3,1983,25.81
172,3,1984,24.83
172,3,1985,23.95
172,3,1986,21.46
172,3,1987,20.28
172,3,1988,21.08
172,3,1989,20.35
172,3,1990,19.46
172,3,1991,19
172,3,1992,18.3
172,3,1993,17.83
172,3,1994,16.76
172,3,1995,16.39
172,3,1996,15.69
172,3,1997,15.45
172,3,1998,15.07
172,3,1999,14.75
172,3,2000,14.54
172,3,2001,14.23
172,3,2002,13.76
172,3,2003,13.13
172,3,2004,12.73
172,3,2005,12.48
172,3,2006,12.14
172,3,2007,11.71
172,3,2008,11.24
172,3,2009,11.34
172,3,2010,11.2
172,3,2011,10.3
172,3,2012,9.52
172,3,2013,9.13
172,3,2014,8.86
172,3,2015,8.16
172,3,2016,7.77
172,3,2017,7.61
172,3,2018,7.25
172,3,2019,6.9
172,3,2020,6.65
172,3,2021,6.89
172,3,2022,7.06
172,3,2023,7.23
173,3,1980,12.05
173,3,1981,12.08
173,3,1982,12.6
173,3,1983,13.64
173,3,1984,12.93
173,3,1985,12.71
173,3,1986,12.46
173,3,1987,12.39
173,3,1988,11.7
173,3,1989,11.17
173,3,1990,10.18
173,3,1991,10.3
173,3,1992,10.06
173,3,1993,9.31
173,3,1994,9.07
173,3,1995,9.17
173,3,1996,8.73
173,3,1997,8.7
173,3,1998,8.46
173,3,1999,7.79
173,3,2000,7.62
173,3,2001,7.56
173,3,2002,7.68
173,3,2003,7.51
173,3,2004,7.39
173,3,2005,7.73
173,3,2006,7.66
173,3,2007,7.7
173,3,2008,7.46
173,3,2009,7.3
173,3,2010,6.98
173,3,2011,6.79
173,3,2012,6.73
173,3,2013,6.79
173,3,2014,6.92
173,3,2015,6.92
173,3,2016,6.71
173,3,2017,6.47
173,3,2018,6.22
173,3,2019,6.06
173,3,2020,5.91
173,3,2021,5.79
173,3,2022,5.73
173,3,2023,5.73
175,3,1980,21.08
175,3,1981,21.19
175,3,1982,21.62
175,3,1983,21.57
175,3,1984,20.54
175,3,1985,21.32
175,3,1986,21.54
175,3,1987,21.72
175,3,1988,21.52
175,3,1989,20.68
175,3,1990,20.54
175,3,1991,20.3
175,3,1992,19.55
175,3,1993,19.52
175,3,1994,19.66
175,3,1995,18.98
175,3,1996,18.37
175,3,1997,18.86
175,3,1998,17.94
175,3,1999,16.32
175,3,2000,15.72
175,3,2001,15.91
175,3,2002,15.58
175,3,2003,14.82
175,3,2004,13.44
175,3,2005,13
175,3,2006,13.35
175,3,2007,13.05
175,3,2008,12.24
175,3,2009,12.25
175,3,2010,12.29
175,3,2011,12.21
175,3,2012,11.39
175,3,2013,11.79
175,3,2014,11.84
175,3,2015,11.83
175,3,2016,11.64
175,3,2017,11
175,3,2018,11.12
175,3,2019,11.44
175,3,2020,11.45
175,3,2021,11.96
175,3,2022,11.53
175,3,2023,12.04
176,3,1980,12.46
176,3,1981,11.81
176,3,1982,11.52
176,3,1983,10.95
176,3,1984,10.35
176,3,1985,9.81
176,3,1986,9.36
176,3,1987,9.05
176,3,1988,8.71
176,3,1989,8.46
176,3,1990,8.36
176,3,1991,8.19
176,3,1992,8
176,3,1993,7.75
176,3,1994,7.5
176,3,1995,7.15
176,3,1996,7.02
176,3,1997,6.61
176,3,1998,6.46
176,3,1999,6.1
176,3,2000,5.99
176,3,2001,5.67
176,3,2002,5.62
176,3,2003,5.41
176,3,2004,5.06
176,3,2005,5.07
176,3,2006,4.74
176,3,2007,5.02
176,3,2008,4.84
176,3,2009,4.51
176,3,2010,4.12
176,3,2011,4.08
176,3,2012,3.86
176,3,2013,3.74
176,3,2014,4.06
176,3,2015,3.96
176,3,2016,3.83
176,3,2017,3.76
176,3,2018,3.56
176,3,2019,3.49
176,3,2020,3.67
176,3,2021,4.03
176,3,2022,3.41
176,3,2023,3.34
177,3,1980,15.53
177,3,1981,15.37
177,3,1982,15.13
177,3,1983,14.95
177,3,1984,14.57
177,3,1985,14.28
177,3,1986,13.78
177,3,1987,13.66
177,3,1988,13.26
177,3,1989,12.85
177,3,1990,12.42
177,3,1991,11.6
177,3,1992,11.51
177,3,1993,12.48
177,3,1994,10.9
177,3,1995,11.23
177,3,1996,10.76
177,3,1997,10.06
177,3,1998,9.92
177,3,1999,9.44
177,3,2000,9.08
177,3,2001,8.77
177,3,2002,8.54
177,3,2003,7.96
177,3,2004,8.14
177,3,2005,7.91
177,3,2006,7.8
177,3,2007,7.8
177,3,2008,7.69
177,3,2009,7.52
177,3,2010,7.48
177,3,2011,7.41
177,3,2012,7.39
177,3,2013,7.35
177,3,2014,7.1
177,3,2015,7.23
177,3,2016,7.2
177,3,2017,7.23
177,3,2018,6.89
177,3,2019,6.91
177,3,2020,6.69
177,3,2021,6.87
177,3,2022,6.53
177,3,2023,6.67
178,3,1980,28.83
178,3,1981,28.43
178,3,1982,27.88
178,3,1983,27.28
178,3,1984,26.54
178,3,1985,25.32
178,3,1986,24.42
178,3,1987,23.45
178,3,1988,22.29
178,3,1989,21.08
178,3,1990,20.28
178,3,1991,19.49
178,3,1992,18.55
178,3,1993,17.76
178,3,1994,17.22
178,3,1995,16.76
178,3,1996,16.58
178,3,1997,16.25
178,3,1998,15.9
178,3,1999,15.61
178,3,2000,15.5
178,3,2001,15.12
178,3,2002,15.4
178,3,2003,14.92
178,3,2004,14.98
178,3,2005,14.66
178,3,2006,14.39
178,3,2007,14.13
178,3,2008,14.02
178,3,2009,13.75
178,3,2010,13.56
178,3,2011,13.33
178,3,2012,13.24
178,3,2013,13.32
178,3,2014,13.06
178,3,2015,13.08
178,3,2016,13.04
178,3,2017,13
178,3,2018,12.88
178,3,2019,12.9
178,3,2020,12.96
178,3,2021,12.54
178,3,2022,12.86
178,3,2023,12.49
179,3,1980,11.86
179,3,1981,11.94
179,3,1982,12.31
179,3,1983,12.49
179,3,1984,12.15
179,3,1985,12.54
179,3,1986,12.67
179,3,1987,12.98
179,3,1988,13.18
179,3,1989,12.97
179,3,1990,12.98
179,3,1991,12.85
179,3,1992,13.09
179,3,1993,13.05
179,3,1994,12.53
179,3,1995,12.17
179,3,1996,12.1
179,3,1997,11.56
179,3,1998,11.15
179,3,1999,10.29
179,3,2000,9.99
179,3,2001,9.61
179,3,2002,9.06
179,3,2003,8.57
179,3,2004,8.23
179,3,2005,8.22
179,3,2006,8.01
179,3,2007,7.95
179,3,2008,7.79
179,3,2009,7.59
179,3,2010,7.45
179,3,2011,7.35
179,3,2012,7.24
179,3,2013,7.04
179,3,2014,7.1
179,3,2015,6.91
179,3,2016,6.86
179,3,2017,6.7
179,3,2018,6.69
179,3,2019,6.77
179,3,2020,6.6
179,3,2021,6.78
179,3,2022,6.72
179,3,2023,6.93
180,3,1980,16.03
180,3,1981,15.79
180,3,1982,15.48
180,3,1983,14.72
180,3,1984,13.77
180,3,1985,13.69
180,3,1986,13.09
180,3,1987,12.5
180,3,1988,12.15
180,3,1989,11.48
180,3,1990,11.02
180,3,1991,10.59
180,3,1992,10.38
180,3,1993,10.08
180,3,1994,10.11
180,3,1995,9.97
180,3,1996,9.74
180,3,1997,9.87
180,3,1998,9.57
180,3,1999,9.27
180,3,2000,9.17
180,3,2001,9.03
180,3,2002,8.98
180,3,2003,8.61
180,3,2004,8.45
180,3,2005,8.07
180,3,2006,7.83
180,3,2007,7.42
180,3,2008,7.05
180,3,2009,6.89
180,3,2010,6.77
180,3,2011,6.57
180,3,2012,6.58
180,3,2013,6.39
180,3,2014,6.19
180,3,2015,6.22
180,3,2016,6.01
180,3,2017,6.03
180,3,2018,5.8
180,3,2019,5.81
180,3,2020,5.71
180,3,2021,6.18
180,3,2022,5.29
180,3,2023,5.32
181,3,1980,17.3
181,3,1981,17.41
181,3,1982,16.88
181,3,1983,16.89
181,3,1984,16.77
181,3,1985,16.49
181,3,1986,16.21
181,3,1987,16.23
181,3,1988,16.16
181,3,1989,16.77
181,3,1990,16.2
181,3,1991,16.64
181,3,1992,16.78
181,3,1993,16.3
181,3,1994,15.96
181,3,1995,16.4
181,3,1996,15.49
181,3,1997,14.73
181,3,1998,13.96
181,3,1999,13.16
181,3,2000,12.7
181,3,2001,12.29
181,3,2002,11.76
181,3,2003,11.03
181,3,2004,10.56
181,3,2005,10.45
181,3,2006,10.3
181,3,2007,10.25
181,3,2008,10.17
181,3,2009,10.09
181,3,2010,9.83
181,3,2011,9.89
181,3,2012,9.81
181,3,2013,9.69
181,3,2014,9.64
181,3,2015,9.51
181,3,2016,9.05
181,3,2017,9.15
181,3,2018,9.18
181,3,2019,8.95
181,3,2020,8.73
181,3,2021,9.13
181,3,2022,9.2
181,3,2023,9.11
182,3,1980,22.71
182,3,1981,22.56
182,3,1982,23.32
182,3,1983,23.01
182,3,1984,23.25
182,3,1985,23
182,3,1986,22.32
182,3,1987,20.87
182,3,1988,20.08
182,3,1989,19.71
182,3,1990,17.16
182,3,1991,16.15
182,3,1992,15.07
182,3,1993,14.38
182,3,1994,13.39
182,3,1995,12.9
182,3,1996,12.34
182,3,1997,12.08
182,3,1998,11.42
182,3,1999,11.57
182,3,2000,11.41
182,3,2001,11.08
182,3,2002,10.42
182,3,2003,10.08
182,3,2004,9.89
182,3,2005,9.22
182,3,2006,8.73
182,3,2007,8.33
182,3,2008,7.88
182,3,2009,7.92
182,3,2010,8.02
182,3,2011,8.31
182,3,2012,8.21
182,3,2013,7.94
182,3,2014,7.74
182,3,2015,7.67
182,3,2016,7.39
182,3,2017,7.45
182,3,2018,7.53
182,3,2019,7.76
182,3,2020,7.07
182,3,2021,8.44
182,3,2022,7.22
182,3,2023,6.99
183,3,1980,11.46
183,3,1981,9.55
183,3,1982,8.05
183,3,1983,7.1
183,3,1984,6.56
183,3,1985,5.99
183,3,1986,6.54
183,3,1987,6.12
183,3,1988,5.39
183,3,1989,4.71
183,3,1990,4.55
183,3,1991,4.77
183,3,1992,4.9
183,3,1993,4.59
183,3,1994,5.11
183,3,1995,5.4
183,3,1996,5.61
183,3,1997,4.76
183,3,1998,4.54
183,3,1999,4.3
183,3,2000,4.14
183,3,2001,3.99
183,3,2002,3.68
183,3,2003,3.66
183,3,2004,3.43
183,3,2005,3.23
183,3,2006,3.49
183,3,2007,3.59
183,3,2008,3.82
183,3,2009,3.77
183,3,2010,3.6
183,3,2011,3.69
183,3,2012,3.61
183,3,2013,3.37
183,3,2014,3.31
183,3,2015,3.19
183,3,2016,3.11
183,3,2017,3.24
183,3,2018,3.09
183,3,2019,2.85
183,3,2020,2.75
183,3,2021,2.95
183,3,2022,3.1
183,3,2023,3.11
184,3,1980,13.71
184,3,1981,13.51
184,3,1982,13.42
184,3,1983,13.05
184,3,1984,13.11
184,3,1985,13
184,3,1986,12.9
184,3,1987,12.32
184,3,1988,12.24
184,3,1989,11.84
184,3,1990,11.11
184,3,1991,11.19
184,3,1992,10.62
184,3,1993,10.44
184,3,1994,9.93
184,3,1995,9.87
184,3,1996,9.79
184,3,1997,9.48
184,3,1998,8.91
184,3,1999,8.79
184,3,2000,8.74
184,3,2001,8.28
184,3,2002,7.82
184,3,2003,7.53
184,3,2004,7.39
184,3,2005,6.92
184,3,2006,6.98
184,3,2007,6.87
184,3,2008,6.6
184,3,2009,6.19
184,3,2010,5.84
184,3,2011,5.5
184,3,2012,5.4
184,3,2013,5.16
184,3,2014,4.9
184,3,2015,4.81
184,3,2016,4.66
184,3,2017,4.69
184,3,2018,4.55
184,3,2019,4.69
184,3,2020,4.44
184,3,2021,4.44
184,3,2022,4.43
184,3,2023,4.45
185,3,1980,18.96
185,3,1981,18.9
185,3,1982,19.09
185,3,1983,19.22
185,3,1984,18.6
185,3,1985,18.66
185,3,1986,18.78
185,3,1987,19.49
185,3,1988,19.6
185,3,1989,18.93
185,3,1990,19.59
185,3,1991,20.45
185,3,1992,21.32
185,3,1993,22.39
185,3,1994,25.36
185,3,1995,23.08
185,3,1996,21.77
185,3,1997,21.25
185,3,1998,19.92
185,3,1999,17.72
185,3,2000,15.7
185,3,2001,14.31
185,3,2002,12.48
185,3,2003,11.49
185,3,2004,10.79
185,3,2005,10.29
185,3,2006,10.24
185,3,2007,9.73
185,3,2008,8.66
185,3,2009,8.39
185,3,2010,8.25
185,3,2011,7.95
185,3,2012,7.58
185,3,2013,7.85
185,3,2014,8
185,3,2015,7.9
185,3,2016,7.69
185,3,2017,7.42
185,3,2018,7.35
185,3,2019,7.53
185,3,2020,7.75
185,3,2021,7.85
185,3,2022,8.25
185,3,2023,8.31
186,3,1980,19.14
186,3,1981,18.23
186,3,1982,17.44
186,3,1983,17.05
186,3,1984,16.58
186,3,1985,16.27
186,3,1986,16.29
186,3,1987,16.23
186,3,1988,16.17
186,3,1989,16.2
186,3,1990,16.03
186,3,1991,16.24
186,3,1992,16.04
186,3,1993,15.72
186,3,1994,14.54
186,3,1995,14.04
186,3,1996,13.59
186,3,1997,13.33
186,3,1998,12.92
186,3,1999,12.65
186,3,2000,12.55
186,3,2001,12.26
186,3,2002,11.67
186,3,2003,11.38
186,3,2004,11.18
186,3,2005,11.18
186,3,2006,11.1
186,3,2007,11.09
186,3,2008,11.34
186,3,2009,11.24
186,3,2010,10.8
186,3,2011,10.48
186,3,2012,10.4
186,3,2013,10.22
186,3,2014,9.89
186,3,2015,9.44
186,3,2016,9.26
186,3,2017,9.13
186,3,2018,8.68
186,3,2019,8.51
186,3,2020,8.13
186,3,2021,8.04
186,3,2022,7.39
186,3,2023,8.08
187,3,1980,10.16
187,3,1981,10.73
187,3,1982,10.71
187,3,1983,10.66
187,3,1984,10.64
187,3,1985,10.69
187,3,1986,10.77
187,3,1987,10.63
187,3,1988,10.52
187,3,1989,10.28
187,3,1990,10.03
187,3,1991,9.96
187,3,1992,10.21
187,3,1993,10
187,3,1994,10.37
187,3,1995,10.53
187,3,1996,10.65
187,3,1997,10.61
187,3,1998,10.53
187,3,1999,10.45
187,3,2000,10.5
187,3,2001,10.47
187,3,2002,10.47
187,3,2003,10.3
187,3,2004,10.28
187,3,2005,10.31
187,3,2006,9.81
187,3,2007,9.79
187,3,2008,9.82
187,3,2009,9.66
187,3,2010,9.33
187,3,2011,9.06
187,3,2012,8.76
187,3,2013,8.66
187,3,2014,8.49
187,3,2015,8.14
187,3,2016,7.87
187,3,2017,7.52
187,3,2018,7.34
187,3,2019,7.32
187,3,2020,7.23
187,3,2021,7.62
187,3,2022,6.73
187,3,2023,6.68
189,3,1980,13.64
189,3,1981,13.45
189,3,1982,13.52
189,3,1983,12.93
189,3,1984,12.78
189,3,1985,12.23
189,3,1986,12.18
189,3,1987,11.57
189,3,1988,11.41
189,3,1989,10.89
189,3,1990,10.43
189,3,1991,10.14
189,3,1992,9.9
189,3,1993,9.54
189,3,1994,9.41
189,3,1995,9.03
189,3,1996,8.65
189,3,1997,8.58
189,3,1998,7.98
189,3,1999,7.56
189,3,2000,7.22
189,3,2001,7.12
189,3,2002,7.22
189,3,2003,7.04
189,3,2004,6.91
189,3,2005,6.56
189,3,2006,6.64
189,3,2007,6.33
189,3,2008,6.06
189,3,2009,6.01
189,3,2010,5.85
189,3,2011,5.77
189,3,2012,5.76
189,3,2013,5.71
189,3,2014,5.44
189,3,2015,5.41
189,3,2016,5.33
189,3,2017,5.09
189,3,2018,4.84
189,3,2019,4.81
189,3,2020,4.64
189,3,2021,4.65
189,3,2022,4.08
189,3,2023,4.2
190,3,1980,10.7
190,3,1981,9.92
190,3,1982,11.1
190,3,1983,10.73
190,3,1984,10.03
190,3,1985,9.91
190,3,1986,9.35
190,3,1987,9.21
190,3,1988,8.96
190,3,1989,9.14
190,3,1990,9.12
190,3,1991,9.48
190,3,1992,9.39
190,3,1993,9.04
190,3,1994,9.54
190,3,1995,9.33
190,3,1996,9.12
190,3,1997,8.74
190,3,1998,8.33
190,3,1999,8.04
190,3,2000,7.78
190,3,2001,7.77
190,3,2002,7.48
190,3,2003,7.2
190,3,2004,7.08
190,3,2005,6.88
190,3,2006,6.89
190,3,2007,6.93
190,3,2008,6.67
190,3,2009,6.59
190,3,2010,6.63
190,3,2011,6.59
190,3,2012,6.66
190,3,2013,6.74
190,3,2014,6.7
190,3,2015,6.58
190,3,2016,6.37
190,3,2017,6.22
190,3,2018,5.94
190,3,2019,5.83
190,3,2020,5.59
190,3,2021,5.85
190,3,2022,5.53
190,3,2023,5.55
191,3,1980,16.05
191,3,1981,15.46
191,3,1982,15.41
191,3,1983,14.99
191,3,1984,14.87
191,3,1985,14.64
191,3,1986,14.28
191,3,1987,13.71
191,3,1988,13.35
191,3,1989,13.21
191,3,1990,12.39
191,3,1991,12.31
191,3,1992,12.07
191,3,1993,12.13
191,3,1994,11.78
191,3,1995,11.72
191,3,1996,11.53
191,3,1997,11.47
191,3,1998,10.92
191,3,1999,10.4
191,3,2000,10.27
191,3,2001,10.28
191,3,2002,9.62
191,3,2003,9.38
191,3,2004,9.2
191,3,2005,8.88
191,3,2006,8.89
191,3,2007,8.56
191,3,2008,8.74
191,3,2009,8.78
191,3,2010,8.69
191,3,2011,8.59
191,3,2012,8.74
191,3,2013,8.5
191,3,2014,8.36
191,3,2015,8.18
191,3,2016,8.07
191,3,2017,8.12
191,3,2018,7.8
191,3,2019,7.69
191,3,2020,7.68
191,3,2021,8.28
191,3,2022,7.3
191,3,2023,7.28
193,3,1980,22.17
193,3,1981,20.98
193,3,1982,20.19
193,3,1983,19.24
193,3,1984,18.14
193,3,1985,17.06
193,3,1986,16.02
193,3,1987,15.12
193,3,1988,13.02
193,3,1989,12.42
193,3,1990,11.78
193,3,1991,10.79
193,3,1992,10.09
193,3,1993,9.23
193,3,1994,8.53
193,3,1995,8.03
193,3,1996,7.46
193,3,1997,7.09
193,3,1998,6.95
193,3,1999,6.61
193,3,2000,6.2
193,3,2001,5.95
193,3,2002,5.36
193,3,2003,4.49
193,3,2004,3.8
193,3,2005,3.58
193,3,2006,3.59
193,3,2007,3.4
193,3,2008,3.33
193,3,2009,3.29
193,3,2010,3.3
193,3,2011,3.41
193,3,2012,3.56
193,3,2013,3.65
193,3,2014,3.72
193,3,2015,3.89
193,3,2016,3.88
193,3,2017,3.81
193,3,2018,3.87
193,3,2019,3.87
193,3,2020,3.8
193,3,2021,3.7
193,3,2022,3.5
193,3,2023,3.41
194,3,1980,11.22
194,3,1981,11.14
194,3,1982,11.16
194,3,1983,11.11
194,3,1984,10.86
194,3,1985,10.75
194,3,1986,10.55
194,3,1987,10.25
194,3,1988,9.84
194,3,1989,9.28
194,3,1990,8.76
194,3,1991,8.28
194,3,1992,7.81
194,3,1993,7.32
194,3,1994,6.82
194,3,1995,6.54
194,3,1996,6.25
194,3,1997,5.99
194,3,1998,5.82
194,3,1999,5.69
194,3,2000,5.72
194,3,2001,6.48
194,3,2002,7.02
194,3,2003,6.6
194,3,2004,6.17
194,3,2005,5.31
194,3,2006,4.24
194,3,2007,3.67
194,3,2008,3.55
194,3,2009,3.65
194,3,2010,3.74
194,3,2011,3.72
194,3,2012,3.77
194,3,2013,3.88
194,3,2014,3.91
194,3,2015,3.9
194,3,2016,3.67
194,3,2017,3.47
194,3,2018,3.32
194,3,2019,3.23
194,3,2020,3.02
194,3,2021,3.04
194,3,2022,3.08
194,3,2023,3.05
195,3,1980,20.75
195,3,1981,20.05
195,3,1982,19.53
195,3,1983,18.86
195,3,1984,18.19
195,3,1985,17.38
195,3,1986,16.61
195,3,1987,16.07
195,3,1988,15.62
195,3,1989,15.71
195,3,1990,15.76
195,3,1991,15.58
195,3,1992,15.3
195,3,1993,14.65
195,3,1994,13.83
195,3,1995,12.94
195,3,1996,12.04
195,3,1997,11.29
195,3,1998,10.96
195,3,1999,10.36
195,3,2000,9.77
195,3,2001,9.15
195,3,2002,8.88
195,3,2003,8.48
195,3,2004,7.87
195,3,2005,7.62
195,3,2006,7.19
195,3,2007,7.4
195,3,2008,7.27
195,3,2009,7.14
195,3,2010,7.01
195,3,2011,6.86
195,3,2012,7.04
195,3,2013,7
195,3,2014,6.82
195,3,2015,7.06
195,3,2016,7.14
195,3,2017,6.98
195,3,2018,7.04
195,3,2019,7.22
195,3,2020,7.1
195,3,2021,7.2
195,3,2022,6.69
195,3,2023,6.51
196,3,1980,6.8
196,3,1981,6.53
196,3,1982,6.24
196,3,1983,5.96
196,3,1984,5.7
196,3,1985,5.45
196,3,1986,5.15
196,3,1987,4.96
196,3,1988,4.69
196,3,1989,4.4
196,3,1990,4.22
196,3,1991,4.08
196,3,1992,4
196,3,1993,4.16
196,3,1994,4.35
196,3,1995,4.42
196,3,1996,4.73
196,3,1997,4.72
196,3,1998,4.72
196,3,1999,4.6
196,3,2000,4.32
196,3,2001,4.21
196,3,2002,4.21
196,3,2003,4.26
196,3,2004,4.2
196,3,2005,4.23
196,3,2006,4.26
196,3,2007,4.33
196,3,2008,4.26
196,3,2009,4.24
196,3,2010,4.28
196,3,2011,4.2
196,3,2012,4.13
196,3,2013,4.07
196,3,2014,3.98
196,3,2015,3.84
196,3,2016,3.77
196,3,2017,3.69
196,3,2018,3.56
196,3,2019,3.28
196,3,2020,2.87
196,3,2021,2.61
196,3,2022,2.89
196,3,2023,3.14
197,3,1980,22.98
197,3,1981,22.81
197,3,1982,21.58
197,3,1983,20.88
197,3,1984,20.52
197,3,1985,19.49
197,3,1986,18.83
197,3,1987,18.25
197,3,1988,17.88
197,3,1989,17.27
197,3,1990,16.92
197,3,1991,16.61
197,3,1992,16.39
197,3,1993,15.57
197,3,1994,14.49
197,3,1995,13.21
197,3,1996,11.91
197,3,1997,10.88
197,3,1998,10.24
197,3,1999,9.59
197,3,2000,9.87
197,3,2001,9.36
197,3,2002,9.37
197,3,2003,9.68
197,3,2004,9.92
197,3,2005,9.89
197,3,2006,9.26
197,3,2007,8.67
197,3,2008,8.2
197,3,2009,7.8
197,3,2010,7.4
197,3,2011,7.03
197,3,2012,6.76
197,3,2013,6.35
197,3,2014,6.24
197,3,2015,6.11
197,3,2016,5.85
197,3,2017,5.96
197,3,2018,6.11
197,3,2019,6.33
197,3,2020,6.45
197,3,2021,6.33
197,3,2022,6.04
197,3,2023,5.73
198,3,1980,12.84
198,3,1981,12.5
198,3,1982,12.23
198,3,1983,11.95
198,3,1984,11.37
198,3,1985,10.74
198,3,1986,9.94
198,3,1987,9.23
198,3,1988,7.97
198,3,1989,7.83
198,3,1990,7.76
198,3,1991,7.07
198,3,1992,6.38
198,3,1993,5.76
198,3,1994,5.46
198,3,1995,5.12
198,3,1996,4.86
198,3,1997,4.72
198,3,1998,4.53
198,3,1999,4.27
198,3,2000,3.93
198,3,2001,3.61
198,3,2002,3.23
198,3,2003,2.99
198,3,2004,2.69
198,3,2005,2.51
198,3,2006,2.33
198,3,2007,2.12
198,3,2008,2.22
198,3,2009,2.25
198,3,2010,2.28
198,3,2011,2.44
198,3,2012,2.51
198,3,2013,2.49
198,3,2014,2.42
198,3,2015,2.4
198,3,2016,2.4
198,3,2017,2.29
198,3,2018,2.27
198,3,2019,2.25
198,3,2020,2.17
198,3,2021,2.3
198,3,2022,2.06
198,3,2023,2.02
200,3,1980,13.59
200,3,1981,13.33
200,3,1982,13.57
200,3,1983,13.31
200,3,1984,13.22
200,3,1985,13.2
200,3,1986,12.94
200,3,1987,13.54
200,3,1988,13.5
200,3,1989,12.91
200,3,1990,12.13
200,3,1991,12.69
200,3,1992,11.76
200,3,1993,11.88
200,3,1994,11.62
200,3,1995,11.55
200,3,1996,10.9
200,3,1997,10.85
200,3,1998,10.35
200,3,1999,10.5
200,3,2000,9.72
200,3,2001,9.21
200,3,2002,9.33
200,3,2003,9.25
200,3,2004,8.68
200,3,2005,8.17
200,3,2006,8.15
200,3,2007,8.3
200,3,2008,8.32
200,3,2009,8.22
200,3,2010,8.53
200,3,2011,8.27
200,3,2012,8.4
200,3,2013,8.46
200,3,2014,8.45
200,3,2015,8.19
200,3,2016,8.04
200,3,2017,7.87
200,3,2018,7.74
200,3,2019,7.94
200,3,2020,7.76
200,3,2021,7.59
200,3,2022,6.93
200,3,2023,6.96
201,3,1980,12.65
201,3,1981,12.42
201,3,1982,12.35
201,3,1983,12.41
201,3,1984,12.43
201,3,1985,12.38
201,3,1986,12.33
201,3,1987,12.25
201,3,1988,11.91
201,3,1989,11.61
201,3,1990,11.42
201,3,1991,11.05
201,3,1992,10.75
201,3,1993,10.66
201,3,1994,10.5
201,3,1995,10.21
201,3,1996,10.01
201,3,1997,9.69
201,3,1998,9.44
201,3,1999,9.18
201,3,2000,9.21
201,3,2001,8.79
201,3,2002,8.73
201,3,2003,8.32
201,3,2004,7.96
201,3,2005,7.77
201,3,2006,7.53
201,3,2007,6.96
201,3,2008,6.68
201,3,2009,6.42
201,3,2010,6.24
201,3,2011,5.91
201,3,2012,5.91
201,3,2013,5.84
201,3,2014,5.87
201,3,2015,6
201,3,2016,6.1
201,3,2017,6.08
201,3,2018,5.99
201,3,2019,5.97
201,3,2020,5.64
201,3,2021,5.65
201,3,2022,6.05
201,3,2023,6.13
202,3,1980,14.07
202,3,1981,13.96
202,3,1982,13.75
202,3,1983,13.32
202,3,1984,13.03
202,3,1985,12.96
202,3,1986,12.48
202,3,1987,12.4
202,3,1988,12.12
202,3,1989,11.84
202,3,1990,11.48
202,3,1991,11.23
202,3,1992,10.86
202,3,1993,10.56
202,3,1994,10.29
202,3,1995,10.04
202,3,1996,9.85
202,3,1997,9.62
202,3,1998,9.49
202,3,1999,9.22
202,3,2000,9.14
202,3,2001,8.79
202,3,2002,8.87
202,3,2003,8.58
202,3,2004,8.26
202,3,2005,8.08
202,3,2006,8.02
202,3,2007,7.76
202,3,2008,7.72
202,3,2009,7.8
202,3,2010,7.9
202,3,2011,7.78
202,3,2012,7.63
202,3,2013,7.5
202,3,2014,7.34
202,3,2015,7.24
202,3,2016,7.24
202,3,2017,7.05
202,3,2018,6.91
202,3,2019,6.71
202,3,2020,6.49
202,3,2021,6.19
202,3,2022,6.1
202,3,2023,6.21
203,3,1980,5.16
203,3,1981,5
203,3,1982,4.98
203,3,1983,4.82
203,3,1984,4.69
203,3,1985,4.68
203,3,1986,4.66
203,3,1987,4.77
203,3,1988,4.9
203,3,1989,5.11
203,3,1990,5.34
203,3,1991,5.51
203,3,1992,5.79
203,3,1993,6.1
203,3,1994,6.59
203,3,1995,7.76
203,3,1996,7.52
203,3,1997,8.01
203,3,1998,8.53
203,3,1999,8.69
203,3,2000,8.85
203,3,2001,8.88
203,3,2002,8.71
203,3,2003,8.62
203,3,2004,8.53
203,3,2005,8.55
203,3,2006,8.84
203,3,2007,8.84
203,3,2008,8.64
203,3,2009,8.43
203,3,2010,8.5
203,3,2011,8.42
203,3,2012,8.3
203,3,2013,8.41
203,3,2014,8.53
203,3,2015,8.37
203,3,2016,8.21
203,3,2017,8.03
203,3,2018,8.19
203,3,2019,7.92
203,3,2020,7.79
203,3,2021,7.65
203,3,2022,7.6
203,3,2023,7.42
204,3,1980,16.13
204,3,1981,16.03
204,3,1982,16.02
204,3,1983,16.18
204,3,1984,16.37
204,3,1985,16.35
204,3,1986,16.19
204,3,1987,16.11
204,3,1988,15.95
204,3,1989,15.39
204,3,1990,16.1
204,3,1991,15.56
204,3,1992,15.26
204,3,1993,15.3
204,3,1994,14.75
204,3,1995,14.24
204,3,1996,14.2
204,3,1997,14.01
204,3,1998,13.85
204,3,1999,13.56
204,3,2000,13.43
204,3,2001,13.33
204,3,2002,13.05
204,3,2003,12.75
204,3,2004,12.48
204,3,2005,12.41
204,3,2006,12.35
204,3,2007,12.57
204,3,2008,12.14
204,3,2009,11.96
204,3,2010,11.94
204,3,2011,11.63
204,3,2012,11.42
204,3,2013,11.5
204,3,2014,11.34
204,3,2015,11.38
204,3,2016,11.14
204,3,2017,10.96
204,3,2018,10.7
204,3,2019,10.59
204,3,2020,10.72
204,3,2021,10.55
204,3,2022,10.9
204,3,2023,11.12
205,3,1980,14.77
205,3,1981,14.25
205,3,1982,13.75
205,3,1983,13.24
205,3,1984,13.4
205,3,1985,13.3
205,3,1986,12.6
205,3,1987,12.52
205,3,1988,12.12
205,3,1989,11.46
205,3,1990,10.58
205,3,1991,10.27
205,3,1992,9.87
205,3,1993,9.77
205,3,1994,9.5
205,3,1995,9.25
205,3,1996,9.08
205,3,1997,8.82
205,3,1998,8.56
205,3,1999,8.45
205,3,2000,8.17
205,3,2001,7.75
205,3,2002,7.32
205,3,2003,6.95
205,3,2004,6.64
205,3,2005,6.52
205,3,2006,6.82
205,3,2007,6.76
205,3,2008,6.82
205,3,2009,6.79
205,3,2010,6.59
205,3,2011,6.33
205,3,2012,6.9
205,3,2013,7.29
205,3,2014,7.69
205,3,2015,7.82
205,3,2016,8.3
205,3,2017,8.13
205,3,2018,8.45
205,3,2019,8.19
205,3,2020,8.14
205,3,2021,8.25
205,3,2022,8.61
205,3,2023,8.46
206,3,1980,9.17
206,3,1981,8.8
206,3,1982,8.51
206,3,1983,8.31
206,3,1984,7.99
206,3,1985,7.41
206,3,1986,7.39
206,3,1987,7.3
206,3,1988,7.43
206,3,1989,7.09
206,3,1990,7.58
206,3,1991,7.55
206,3,1992,7.69
206,3,1993,7.39
206,3,1994,7.05
206,3,1995,7.54
206,3,1996,6.9
206,3,1997,6.62
206,3,1998,6.74
206,3,1999,7.31
206,3,2000,6.23
206,3,2001,5.74
206,3,2002,5.57
206,3,2003,5.55
206,3,2004,6.16
206,3,2005,6.59
206,3,2006,5.84
206,3,2007,5.53
206,3,2008,5.36
206,3,2009,5.13
206,3,2010,5.03
206,3,2011,4.13
206,3,2012,4.37
206,3,2013,4.19
206,3,2014,4.45
206,3,2015,4.3
206,3,2016,4.48
206,3,2017,4.8
206,3,2018,4.63
206,3,2019,4.79
206,3,2020,4.74
206,3,2021,4.63
206,3,2022,4.75
206,3,2023,4.53
207,3,1980,13.42
207,3,1981,13.07
207,3,1982,12.58
207,3,1983,11.98
207,3,1984,12.21
207,3,1985,11.91
207,3,1986,11.64
207,3,1987,11.61
207,3,1988,11.27
207,3,1989,10.94
207,3,1990,10.4
207,3,1991,10.52
207,3,1992,9.71
207,3,1993,9.76
207,3,1994,9.54
207,3,1995,9.16
207,3,1996,8.64
207,3,1997,8.36
207,3,1998,7.69
207,3,1999,7.55
207,3,2000,6.98
207,3,2001,6.72
207,3,2002,6.56
207,3,2003,6.33
207,3,2004,6.01
207,3,2005,5.88
207,3,2006,5.75
207,3,2007,5.63
207,3,2008,5.51
207,3,2009,5.42
207,3,2010,5.45
207,3,2011,5.49
207,3,2012,5.54
207,3,2013,5.44
207,3,2014,5.51
207,3,2015,5.41
207,3,2016,5.47
207,3,2017,5.47
207,3,2018,5.71
207,3,2019,5.88
207,3,2020,5.53
207,3,2021,5.61
207,3,2022,5.65
207,3,2023,5.64
208,3,1980,15.63
208,3,1981,15.6
208,3,1982,15.92
208,3,1983,15.47
208,3,1984,15.51
208,3,1985,15.67
208,3,1986,16.08
208,3,1987,16.05
208,3,1988,15.93
208,3,1989,15.59
208,3,1990,15.37
208,3,1991,15.35
208,3,1992,15.36
208,3,1993,15.22
208,3,1994,15.15
208,3,1995,14.96
208,3,1996,14.56
208,3,1997,14.18
208,3,1998,13.73
208,3,1999,13.19
208,3,2000,12.45
208,3,2001,12.16
208,3,2002,11.6
208,3,2003,11.35
208,3,2004,11.34
208,3,2005,10.9
208,3,2006,10.76
208,3,2007,10.38
208,3,2008,10.1
208,3,2009,9.71
208,3,2010,9.76
208,3,2011,9.56
208,3,2012,9.39
208,3,2013,9.44
208,3,2014,9.3
208,3,2015,9.14
208,3,2016,9.05
208,3,2017,8.9
208,3,2018,8.85
208,3,2019,8.85
208,3,2020,8.75
208,3,2021,8.71
208,3,2022,8.69
208,3,2023,8.67
209,3,1980,12.66
209,3,1981,12.97
209,3,1982,12.65
209,3,1983,12.32
209,3,1984,12.63
209,3,1985,12.62
209,3,1986,12.63
209,3,1987,12.74
209,3,1988,12.62
209,3,1989,12.63
209,3,1990,12.35
209,3,1991,12.52
209,3,1992,12.47
209,3,1993,12.27
209,3,1994,12.31
209,3,1995,12.08
209,3,1996,12.4
209,3,1997,12.16
209,3,1998,11.39
209,3,1999,10.91
209,3,2000,10.98
209,3,2001,10.96
209,3,2002,10.41
209,3,2003,10.56
209,3,2004,10.24
209,3,2005,10.22
209,3,2006,9.69
209,3,2007,9.94
209,3,2008,9.97
209,3,2009,9.56
209,3,2010,9.51
209,3,2011,9.27
209,3,2012,9
209,3,2013,9.08
209,3,2014,9.02
209,3,2015,8.99
209,3,2016,9.24
209,3,2017,9.27
209,3,2018,9.04
209,3,2019,9.12
209,3,2020,9.27
209,3,2021,9.07
209,3,2022,9.16
209,3,2023,9.24
210,3,1980,15.65
210,3,1981,15.77
210,3,1982,15.9
210,3,1983,16.15
210,3,1984,16.13
210,3,1985,15.97
210,3,1986,15.77
210,3,1987,15.56
210,3,1988,15.19
210,3,1989,14.75
210,3,1990,14.89
210,3,1991,14.11
210,3,1992,12.71
210,3,1993,13.03
210,3,1994,13.54
210,3,1995,12.51
210,3,1996,12.94
210,3,1997,12.19
210,3,1998,12.45
210,3,1999,12.35
210,3,2000,11.89
210,3,2001,11.16
210,3,2002,10.7
210,3,2003,10.31
210,3,2004,10.67
210,3,2005,10.33
210,3,2006,10.48
210,3,2007,10.43
210,3,2008,10.45
210,3,2009,10.32
210,3,2010,10.17
210,3,2011,9.91
210,3,2012,10.2
210,3,2013,10.17
210,3,2014,9.54
210,3,2015,9.18
210,3,2016,8.92
210,3,2017,8.69
210,3,2018,8.48
210,3,2019,8.69
210,3,2020,8.67
210,3,2021,9.25
210,3,2022,8.64
210,3,2023,8.71
211,3,1980,12.65
211,3,1981,11.66
211,3,1982,12.48
211,3,1983,12.54
211,3,1984,12.37
211,3,1985,12.32
211,3,1986,12.2
211,3,1987,12.04
211,3,1988,11.89
211,3,1989,11.68
211,3,1990,11.6
211,3,1991,11.56
211,3,1992,11.47
211,3,1993,11.51
211,3,1994,11.48
211,3,1995,11.35
211,3,1996,11.36
211,3,1997,11.17
211,3,1998,11.06
211,3,1999,10.78
211,3,2000,10.46
211,3,2001,9.95
211,3,2002,10.11
211,3,2003,9.69
211,3,2004,9.16
211,3,2005,8.8
211,3,2006,8.56
211,3,2007,8.23
211,3,2008,8.17
211,3,2009,8.06
211,3,2010,7.99
211,3,2011,7.69
211,3,2012,7.56
211,3,2013,7.48
211,3,2014,7.42
211,3,2015,7.54
211,3,2016,8.12
211,3,2017,8.21
211,3,2018,8.18
211,3,2019,7.97
211,3,2020,7.68
211,3,2021,7.89
211,3,2022,7.86
211,3,2023,7.72
212,3,1980,7.99
212,3,1981,7.93
212,3,1982,7.84
212,3,1983,7.78
212,3,1984,7.92
212,3,1985,7.93
212,3,1986,7.91
212,3,1987,8.03
212,3,1988,7.93
212,3,1989,7.86
212,3,1990,7.8
212,3,1991,7.64
212,3,1992,7.62
212,3,1993,7.62
212,3,1994,7.19
212,3,1995,7.07
212,3,1996,7.3
212,3,1997,7.29
212,3,1998,7.44
212,3,1999,7.13
212,3,2000,7.2
212,3,2001,7.19
212,3,2002,7.19
212,3,2003,6.89
212,3,2004,7.08
212,3,2005,7.01
212,3,2006,7.1
212,3,2007,6.7
212,3,2008,6.43
212,3,2009,6.52
212,3,2010,6.42
212,3,2011,6.16
212,3,2012,6.23
212,3,2013,6.18
212,3,2014,5.79
212,3,2015,5.68
212,3,2016,5.44
212,3,2017,5.49
212,3,2018,5.28
212,3,2019,5.46
212,3,2020,5.28
212,3,2021,5.41
212,3,2022,5.43
212,3,2023,5.36
213,3,1980,15.28
213,3,1981,15.27
213,3,1982,15.48
213,3,1983,15.68
213,3,1984,15.77
213,3,1985,15.77
213,3,1986,15.67
213,3,1987,15.68
213,3,1988,15.72
213,3,1989,15.59
213,3,1990,15.69
213,3,1991,15.65
213,3,1992,15.44
213,3,1993,15.58
213,3,1994,15.61
213,3,1995,15.65
213,3,1996,15.76
213,3,1997,15.59
213,3,1998,15.48
213,3,1999,15.08
213,3,2000,15.05
213,3,2001,14.68
213,3,2002,14.76
213,3,2003,14.27
213,3,2004,14.17
213,3,2005,14.82
213,3,2006,15.38
213,3,2007,14.9
213,3,2008,14.97
213,3,2009,15.1
213,3,2010,14.45
213,3,2011,14.71
213,3,2012,14.73
213,3,2013,15.62
213,3,2014,15.72
213,3,2015,15.7
213,3,2016,15.85
213,3,2017,15.76
213,3,2018,15.05
213,3,2019,14.91
213,3,2020,15.31
213,3,2021,15.56
213,3,2022,14.84
213,3,2023,15.26
214,3,1980,10.74
214,3,1981,10.53
214,3,1982,10.41
214,3,1983,10.32
214,3,1984,10.3
214,3,1985,10.06
214,3,1986,9.73
214,3,1987,9.73
214,3,1988,9.47
214,3,1989,9.3
214,3,1990,9.2
214,3,1991,9.18
214,3,1992,8.71
214,3,1993,8.43
214,3,1994,8.19
214,3,1995,7.91
214,3,1996,7.73
214,3,1997,7.49
214,3,1998,7.27
214,3,1999,7
214,3,2000,6.81
214,3,2001,6.52
214,3,2002,6.3
214,3,2003,6.02
214,3,2004,5.72
214,3,2005,5.5
214,3,2006,5.3
214,3,2007,5.11
214,3,2008,4.87
214,3,2009,4.8
214,3,2010,4.75
214,3,2011,4.57
214,3,2012,4.62
214,3,2013,4.58
214,3,2014,4.62
214,3,2015,4.51
214,3,2016,4.52
214,3,2017,4.49
214,3,2018,4.39
214,3,2019,4.26
214,3,2020,4.18
214,3,2021,4.02
214,3,2022,4.02
214,3,2023,3.94
215,3,1980,3.9
215,3,1981,3.79
215,3,1982,3.52
215,3,1983,3.43
215,3,1984,3.4
215,3,1985,3.46
215,3,1986,3.23
215,3,1987,3.09
215,3,1988,3.59
215,3,1989,3.53
215,3,1990,3.49
215,3,1991,3.4
215,3,1992,3.32
215,3,1993,3.4
215,3,1994,3.31
215,3,1995,3.13
215,3,1996,3.07
215,3,1997,3.02
215,3,1998,3.01
215,3,1999,3
215,3,2000,2.93
215,3,2001,2.93
215,3,2002,2.84
215,3,2003,2.77
215,3,2004,2.71
215,3,2005,2.85
215,3,2006,3.01
215,3,2007,3.08
215,3,2008,3.28
215,3,2009,3.3
215,3,2010,3.38
215,3,2011,3.25
215,3,2012,3.06
215,3,2013,2.99
215,3,2014,3.15
215,3,2015,3.17
215,3,2016,3.21
215,3,2017,3.37
215,3,2018,3.17
215,3,2019,3.07
215,3,2020,3.06
215,3,2021,2.93
215,3,2022,2.64
215,3,2023,2.54
216,3,1980,12.94
216,3,1981,12.86
216,3,1982,12.47
216,3,1983,12.69
216,3,1984,12.79
216,3,1985,12.95
216,3,1986,12.45
216,3,1987,12.66
216,3,1988,12.94
216,3,1989,13.8
216,3,1990,13.26
216,3,1991,13.34
216,3,1992,13.34
216,3,1993,13.12
216,3,1994,13.2
216,3,1995,12.82
216,3,1996,12.8
216,3,1997,12.43
216,3,1998,12.18
216,3,1999,11.7
216,3,2000,10.65
216,3,2001,12.76
216,3,2002,12.23
216,3,2003,10.97
216,3,2004,11.74
216,3,2005,11.43
216,3,2006,10.58
216,3,2007,10.33
216,3,2008,10.1
216,3,2009,9.55
216,3,2010,8.69
216,3,2011,8.29
216,3,2012,7.66
216,3,2013,7.55
216,3,2014,8.04
216,3,2015,7.66
216,3,2016,7.81
216,3,2017,7.63
216,3,2018,7.3
216,3,2019,7.6
216,3,2020,7.52
216,3,2021,7.48
216,3,2022,7.9
216,3,2023,8.08
217,3,1980,12.01
217,3,1981,11.99
217,3,1982,12.04
217,3,1983,12.15
217,3,1984,12.18
217,3,1985,12.2
217,3,1986,12.18
217,3,1987,12.25
217,3,1988,12.11
217,3,1989,11.91
217,3,1990,11.77
217,3,1991,11.69
217,3,1992,11.59
217,3,1993,11.25
217,3,1994,11
217,3,1995,10.81
217,3,1996,10.46
217,3,1997,9.94
217,3,1998,9.8
217,3,1999,9.35
217,3,2000,9.03
217,3,2001,8.67
217,3,2002,8.57
217,3,2003,8.52
217,3,2004,8.82
217,3,2005,8.83
217,3,2006,8.95
217,3,2007,8.89
217,3,2008,8.59
217,3,2009,8.45
217,3,2010,8.79
217,3,2011,8.79
217,3,2012,9.09
217,3,2013,9.3
217,3,2014,9.23
217,3,2015,9.07
217,3,2016,8.92
217,3,2017,8.94
217,3,2018,8.73
217,3,2019,8.75
217,3,2020,8.48
217,3,2021,8.41
217,3,2022,8.13
217,3,2023,8.25
218,3,1980,14.18
218,3,1981,13.44
218,3,1982,13.4
218,3,1983,12.78
218,3,1984,12.75
218,3,1985,12.66
218,3,1986,12.34
218,3,1987,12.75
218,3,1988,12.49
218,3,1989,11.96
218,3,1990,11.17
218,3,1991,11.65
218,3,1992,10.71
218,3,1993,10.51
218,3,1994,10.21
218,3,1995,10.12
218,3,1996,9.63
218,3,1997,9.66
218,3,1998,9.08
218,3,1999,9.2
218,3,2000,8.58
218,3,2001,8.16
218,3,2002,8.65
218,3,2003,8.24
218,3,2004,7.54
218,3,2005,7.13
218,3,2006,6.89
218,3,2007,6.84
218,3,2008,6.79
218,3,2009,6.63
218,3,2010,6.88
218,3,2011,6.54
218,3,2012,6.36
218,3,2013,6.03
218,3,2014,6.31
218,3,2015,6.02
218,3,2016,6.08
218,3,2017,6.11
218,3,2018,6.17
218,3,2019,6.47
218,3,2020,6.04
218,3,2021,6.11
218,3,2022,6.11
218,3,2023,6.3
298,3,1980,12.18
298,3,1981,12.04
298,3,1982,11.86
298,3,1983,11.75
298,3,1984,11.55
298,3,1985,11.37
298,3,1986,11.1
298,3,1987,10.88
298,3,1988,10.68
298,3,1989,10.51
298,3,1990,10.31
298,3,1991,10.09
298,3,1992,9.83
298,3,1993,9.64
298,3,1994,9.4
298,3,1995,9.17
298,3,1996,8.97
298,3,1997,8.71
298,3,1998,8.66
298,3,1999,8.47
298,3,2000,8.59
298,3,2001,8.74
298,3,2002,8.64
298,3,2003,8.46
298,3,2004,8.59
298,3,2005,8.48
298,3,2006,8.27
298,3,2007,8.14
298,3,2008,7.89
298,3,2009,7.74
298,3,2010,7.61
298,3,2011,7.41
298,3,2012,7.34
298,3,2013,7.19
298,3,2014,7.2
298,3,2015,7.2
298,3,2016,7.16
298,3,2017,7.33
298,3,2018,7.34
298,3,2019,7.35
298,3,2020,7.6
298,3,2021,8.35
298,3,2022,7.56
298,3,2023,7.18
305,3,1980,7.65
305,3,1981,7.54
305,3,1982,7.55
305,3,1983,7.39
305,3,1984,7.28
305,3,1985,7.34
305,3,1986,6.83
305,3,1987,6.62
305,3,1988,6.3
305,3,1989,6
305,3,1990,5.78
305,3,1991,5.71
305,3,1992,5.43
305,3,1993,5.17
305,3,1994,4.62
305,3,1995,4.26
305,3,1996,4.01
305,3,1997,3.79
305,3,1998,3.83
305,3,1999,3.63
305,3,2000,3.43
305,3,2001,3.41
305,3,2002,3.54
305,3,2003,3.6
305,3,2004,3.51
305,3,2005,3.37
305,3,2006,3.19
305,3,2007,3.28
305,3,2008,3.16
305,3,2009,3.16
305,3,2010,3.14
305,3,2011,3.12
305,3,2012,3.05
305,3,2013,3.43
305,3,2014,3.5
305,3,2015,3.47
305,3,2016,3.63
305,3,2017,3.82
305,3,2018,3.85
305,3,2019,3.78
305,3,2020,3.74
305,3,2021,3.76
305,3,2022,3.83
305,3,2023,3.88
320,3,1980,11.01
320,3,1981,10.57
320,3,1982,10.06
320,3,1983,9.72
320,3,1984,9.35
320,3,1985,9
320,3,1986,8.75
320,3,1987,8.53
320,3,1988,8.45
320,3,1989,8.06
320,3,1990,7.94
320,3,1991,7.69
320,3,1992,7.52
320,3,1993,7.38
320,3,1994,7.18
320,3,1995,6.97
320,3,1996,6.75
320,3,1997,6.66
320,3,1998,6.14
320,3,1999,6.41
320,3,2000,6.19
320,3,2001,6.15
320,3,2002,6.02
320,3,2003,5.86
320,3,2004,5.75
320,3,2005,5.57
320,3,2006,5.43
320,3,2007,5.34
320,3,2008,5.17
320,3,2009,4.95
320,3,2010,4.8
320,3,2011,4.59
320,3,2012,4.42
320,3,2013,4.22
320,3,2014,4.23
320,3,2015,4.17
320,3,2016,4.14
320,3,2017,4.1
320,3,2018,4.05
320,3,2019,4.03
320,3,2020,4.17
320,3,2021,4.41
320,3,2022,4.12
320,3,2023,4.11
349,3,1980,16.55
349,3,1981,16.22
349,3,1982,15.65
349,3,1983,15.43
349,3,1984,14.97
349,3,1985,15.28
349,3,1986,14.91
349,3,1987,15.07
349,3,1988,15.49
349,3,1989,14.63
349,3,1990,14.56
349,3,1991,14.47
349,3,1992,14.09
349,3,1993,13.9
349,3,1994,14.27
349,3,1995,13.91
349,3,1996,14.49
349,3,1997,13.99
349,3,1998,13.44
349,3,1999,13.49
349,3,2000,13.39
349,3,2001,12.73
349,3,2002,12.38
349,3,2003,12.5
349,3,2004,11.83
349,3,2005,11.55
349,3,2006,10.73
349,3,2007,10.79
349,3,2008,10.17
349,3,2009,9.91
349,3,2010,10.07
349,3,2011,9.19
349,3,2012,9.58
349,3,2013,9.35
349,3,2014,9.24
349,3,2015,9.08
349,3,2016,9.27
349,3,2017,8.89
349,3,2018,8.68
349,3,2019,8.8
349,3,2020,9.45
349,3,2021,9.29
349,3,2022,8.59
349,3,2023,8.18
351,3,1980,8.25
351,3,1981,8.1
351,3,1982,8.02
351,3,1983,7.83
351,3,1984,7.63
351,3,1985,7.48
351,3,1986,7.27
351,3,1987,7.26
351,3,1988,7.31
351,3,1989,7.41
351,3,1990,7.54
351,3,1991,7.7
351,3,1992,7.84
351,3,1993,7.8
351,3,1994,7.78
351,3,1995,6.39
351,3,1996,5.59
351,3,1997,4.25
351,3,1998,3.79
351,3,1999,2.86
351,3,2000,4.08
351,3,2001,4.7
351,3,2002,4.14
351,3,2003,3.4
351,3,2004,4.78
351,3,2005,4.53
351,3,2006,4.24
351,3,2007,4.64
351,3,2008,4.15
351,3,2009,4.02
351,3,2010,4.06
351,3,2011,3.73
351,3,2012,3.87
351,3,2013,3.22
351,3,2014,3.81
351,3,2015,3.52
351,3,2016,2.76
351,3,2017,3.56
351,3,2018,2.11
351,3,2019,3.17
351,3,2020,4.66
351,3,2021,4.61
351,3,2022,4.88
351,3,2023,4.76
367,3,1980,3.44
367,3,1981,3.39
367,3,1982,3.35
367,3,1983,3.29
367,3,1984,3.2
367,3,1985,3.18
367,3,1986,3.14
367,3,1987,3.08
367,3,1988,3.02
367,3,1989,2.96
367,3,1990,2.89
367,3,1991,2.8
367,3,1992,2.7
367,3,1993,2.7
367,3,1994,2.68
367,3,1995,2.61
367,3,1996,2.56
367,3,1997,2.55
367,3,1998,2.53
367,3,1999,2.49
367,3,2000,2.46
367,3,2001,2.43
367,3,2002,2.41
367,3,2003,2.39
367,3,2004,2.35
367,3,2005,2.32
367,3,2006,2.31
367,3,2007,2.3
367,3,2008,2.29
367,3,2009,2.27
367,3,2010,2.22
367,3,2011,2.22
367,3,2012,2.2
367,3,2013,2.2
367,3,2014,2.19
367,3,2015,2.16
367,3,2016,2.11
367,3,2017,2.04
367,3,2018,2
367,3,2019,1.96
367,3,2020,1.94
367,3,2021,1.94
367,3,2022,1.94
367,3,2023,1.95
369,3,1980,24.92
369,3,1981,24.32
369,3,1982,23.79
369,3,1983,23.31
369,3,1984,22.69
369,3,1985,21.9
369,3,1986,21.4
369,3,1987,20.9
369,3,1988,20.54
369,3,1989,20.06
369,3,1990,19.27
369,3,1991,19.26
369,3,1992,18.76
369,3,1993,18.4
369,3,1994,17.91
369,3,1995,17.7
369,3,1996,17.21
369,3,1997,16.8
369,3,1998,16.85
369,3,1999,16.49
369,3,2000,16.14
369,3,2001,15.96
369,3,2002,15.75
369,3,2003,15.43
369,3,2004,15.27
369,3,2005,15.25
369,3,2006,15.1
369,3,2007,15.1
369,3,2008,14.98
369,3,2009,14.9
369,3,2010,14.93
369,3,2011,14.78
369,3,2012,14.69
369,3,2013,14.64
369,3,2014,14.41
369,3,2015,14.3
369,3,2016,14.25
369,3,2017,14.18
369,3,2018,13.98
369,3,2019,13.87
369,3,2020,14.35
369,3,2021,15.65
369,3,2022,14.17
369,3,2023,14.05
374,3,1980,14.63
374,3,1981,14.24
374,3,1982,13.79
374,3,1983,12.51
374,3,1984,13.03
374,3,1985,12.7
374,3,1986,12.4
374,3,1987,12.1
374,3,1988,11.8
374,3,1989,11.42
374,3,1990,11.01
374,3,1991,9.96
374,3,1992,10.3
374,3,1993,10.02
374,3,1994,9.72
374,3,1995,9.43
374,3,1996,9.18
374,3,1997,8.95
374,3,1998,9.02
374,3,1999,8.86
374,3,2000,8.66
374,3,2001,8.51
374,3,2002,8.37
374,3,2003,8.18
374,3,2004,8.03
374,3,2005,7.88
374,3,2006,7.69
374,3,2007,7.56
374,3,2008,7.39
374,3,2009,7.29
374,3,2010,7.23
374,3,2011,7.07
374,3,2012,6.94
374,3,2013,6.83
374,3,2014,6.69
374,3,2015,6.53
374,3,2016,6.39
374,3,2017,6.23
374,3,2018,6.1
374,3,2019,5.94
374,3,2020,5.72
374,3,2021,5.98
374,3,2022,5.8
374,3,2023,5.81
376,3,1980,15.05
376,3,1981,14.58
376,3,1982,14.11
376,3,1983,13.66
376,3,1984,13.32
376,3,1985,12.86
376,3,1986,12.39
376,3,1987,11.89
376,3,1988,11.48
376,3,1989,11.12
376,3,1990,10.81
376,3,1991,10.65
376,3,1992,10.53
376,3,1993,10.45
376,3,1994,10.34
376,3,1995,10.12
376,3,1996,9.94
376,3,1997,9.72
376,3,1998,9.6
376,3,1999,8.94
376,3,2000,9.14
376,3,2001,9.49
376,3,2002,9.94
376,3,2003,10.37
376,3,2004,10.72
376,3,2005,11
376,3,2006,10.74
376,3,2007,10.65
376,3,2008,10.55
376,3,2009,10.46
376,3,2010,10.4
376,3,2011,10.35
376,3,2012,10.29
376,3,2013,10.14
376,3,2014,10.03
376,3,2015,10.14
376,3,2016,10.11
376,3,2017,9.98
376,3,2018,9.93
376,3,2019,10.02
376,3,2020,10.33
376,3,2021,10.63
376,3,2022,10.29
376,3,2023,10.37
380,3,1980,17.77
380,3,1981,17.32
380,3,1982,16.85
380,3,1983,16.42
380,3,1984,15.95
380,3,1985,15.47
380,3,1986,14.98
380,3,1987,14.34
380,3,1988,13.94
380,3,1989,13.52
380,3,1990,13.2
380,3,1991,12.88
380,3,1992,12.62
380,3,1993,12.37
380,3,1994,12.15
380,3,1995,12.02
380,3,1996,11.94
380,3,1997,11.81
380,3,1998,11.81
380,3,1999,11.69
380,3,2000,11.65
380,3,2001,11.59
380,3,2002,11.48
380,3,2003,11.31
380,3,2004,11.19
380,3,2005,10.98
380,3,2006,10.76
380,3,2007,10.5
380,3,2008,10.24
380,3,2009,10.06
380,3,2010,9.89
380,3,2011,9.7
380,3,2012,9.62
380,3,2013,9.37
380,3,2014,9.39
380,3,2015,9.36
380,3,2016,9.32
380,3,2017,9.21
380,3,2018,9.19
380,3,2019,9.49
380,3,2020,9.66
380,3,2021,10.21
380,3,2022,9.53
380,3,2023,9.53
385,3,1980,2.92
385,3,1981,2.68
385,3,1982,2.69
385,3,1983,2.62
385,3,1984,2.53
385,3,1985,2.54
385,3,1986,2.53
385,3,1987,2.63
385,3,1988,2.6
385,3,1989,2.51
385,3,1990,2.53
385,3,1991,2.43
385,3,1992,2.35
385,3,1993,2.31
385,3,1994,2.14
385,3,1995,1.99
385,3,1996,1.85
385,3,1997,1.72
385,3,1998,1.68
385,3,1999,1.5
385,3,2000,1.38
385,3,2001,1.35
385,3,2002,1.35
385,3,2003,1.31
385,3,2004,1.29
385,3,2005,1.24
385,3,2006,1.25
385,3,2007,1.26
385,3,2008,1.22
385,3,2009,1.17
385,3,2010,1.1
385,3,2011,1.08
385,3,2012,1.05
385,3,2013,1.16
385,3,2014,1.21
385,3,2015,1.16
385,3,2016,1.16
385,3,2017,1.1
385,3,2018,1.06
385,3,2019,1.06
385,3,2020,1.06
385,3,2021,0.94
385,3,2022,0.92
385,3,2023,0.87
393,3,1980,8.56
393,3,1981,8.54
393,3,1982,8.31
393,3,1983,8.11
393,3,1984,7.42
393,3,1985,7.12
393,3,1986,6.92
393,3,1987,6.75
393,3,1988,6.4
393,3,1989,6.03
393,3,1990,5.88
393,3,1991,5.65
393,3,1992,5.54
393,3,1993,5.32
393,3,1994,4.78
393,3,1995,4.58
393,3,1996,4.53
393,3,1997,4.45
393,3,1998,4.36
393,3,1999,4.01
393,3,2000,3.91
393,3,2001,4.07
393,3,2002,4.12
393,3,2003,4.05
393,3,2004,3.94
393,3,2005,3.87
393,3,2006,3.85
393,3,2007,3.92
393,3,2008,3.75
393,3,2009,3.65
393,3,2010,3.54
393,3,2011,3.58
393,3,2012,3.61
393,3,2013,4.05
393,3,2014,4.15
393,3,2015,4
393,3,2016,4.12
393,3,2017,4.01
393,3,2018,3.88
393,3,2019,3.76
393,3,2020,3.77
393,3,2021,3.73
393,3,2022,3.46
393,3,2023,3.41
396,3,1980,0.95
396,3,1981,0.92
396,3,1982,0.89
396,3,1983,0.85
396,3,1984,0.8
396,3,1985,0.77
396,3,1986,0.73
396,3,1987,0.71
396,3,1988,0.68
396,3,1989,0.65
396,3,1990,0.63
396,3,1991,0.61
396,3,1992,0.6
396,3,1993,0.57
396,3,1994,0.56
396,3,1995,0.54
396,3,1996,0.53
396,3,1997,0.52
396,3,1998,0.51
396,3,1999,0.5
396,3,2000,0.5
396,3,2001,0.49
396,3,2002,0.48
396,3,2003,0.48
396,3,2004,0.47
396,3,2005,0.45
396,3,2006,0.45
396,3,2007,0.45
396,3,2008,0.43
396,3,2009,0.42
396,3,2010,0.4
396,3,2011,0.4
396,3,2012,0.38
396,3,2013,0.37
396,3,2014,0.36
396,3,2015,0.35
396,3,2016,0.34
396,3,2017,0.34
396,3,2018,0.33
396,3,2019,0.3
396,3,2020,0.3
396,3,2021,0.36
396,3,2022,0.51
396,3,2023,0.35
413,3,1980,8.11
413,3,1981,7.88
413,3,1982,7.63
413,3,1983,7.37
413,3,1984,7.07
413,3,1985,6.83
413,3,1986,6.62
413,3,1987,6.41
413,3,1988,6.22
413,3,1989,6.04
413,3,1990,5.9
413,3,1991,5.83
413,3,1992,5.74
413,3,1993,5.67
413,3,1994,5.59
413,3,1995,5.52
413,3,1996,5.43
413,3,1997,5.3
413,3,1998,5.21
413,3,1999,5.21
413,3,2000,5.03
413,3,2001,4.87
413,3,2002,4.73
413,3,2003,4.52
413,3,2004,4.49
413,3,2005,4.44
413,3,2006,4.37
413,3,2007,4.31
413,3,2008,4.26
413,3,2009,4.16
413,3,2010,4.08
413,3,2011,3.96
413,3,2012,3.86
413,3,2013,3.77
413,3,2014,3.67
413,3,2015,3.58
413,3,2016,3.5
413,3,2017,3.41
413,3,2018,3.34
413,3,2019,3.24
413,3,2020,3.09
413,3,2021,3.2
413,3,2022,3.15
413,3,2023,3.13
416,3,1980,19.06
416,3,1981,19.55
416,3,1982,19.13
416,3,1983,18.77
416,3,1984,18.22
416,3,1985,17.77
416,3,1986,17.33
416,3,1987,16.83
416,3,1988,16.38
416,3,1989,15.98
416,3,1990,15.19
416,3,1991,14.98
416,3,1992,14.77
416,3,1993,14.78
416,3,1994,14.65
416,3,1995,14.47
416,3,1996,14.3
416,3,1997,14.03
416,3,1998,13.98
416,3,1999,14.05
416,3,2000,13.86
416,3,2001,13.67
416,3,2002,13.43
416,3,2003,13.09
416,3,2004,12.68
416,3,2005,12.44
416,3,2006,12.48
416,3,2007,12.25
416,3,2008,11.93
416,3,2009,11.79
416,3,2010,11.64
416,3,2011,11.46
416,3,2012,11.37
416,3,2013,11.29
416,3,2014,11.14
416,3,2015,10.96
416,3,2016,10.72
416,3,2017,10.51
416,3,2018,10.3
416,3,2019,10.21
416,3,2020,10.32
416,3,2021,11.46
416,3,2022,11.09
416,3,2023,11.13
422,3,1980,9.85
422,3,1981,9.53
422,3,1982,9.08
422,3,1983,8.84
422,3,1984,8.63
422,3,1985,8.49
422,3,1986,8.35
422,3,1987,7.86
422,3,1988,7.46
422,3,1989,7.3
422,3,1990,7.07
422,3,1991,7.03
422,3,1992,7.1
422,3,1993,7.12
422,3,1994,7.08
422,3,1995,6.86
422,3,1996,6.47
422,3,1997,6.49
422,3,1998,6.74
422,3,1999,6.56
422,3,2000,6.31
422,3,2001,6.31
422,3,2002,6.22
422,3,2003,6.14
422,3,2004,6.12
422,3,2005,6.12
422,3,2006,6.01
422,3,2007,6.16
422,3,2008,5.85
422,3,2009,5.67
422,3,2010,5.43
422,3,2011,5.48
422,3,2012,5.56
422,3,2013,5.73
422,3,2014,6.58
422,3,2015,6.93
422,3,2016,7.4
422,3,2017,7.2
422,3,2018,7.05
422,3,2019,6.6
422,3,2020,6.36
422,3,2021,6.13
422,3,2022,5.75
422,3,2023,5.49
435,3,1980,23.92
435,3,1981,23.96
435,3,1982,24
435,3,1983,23.92
435,3,1984,23.28
435,3,1985,25.43
435,3,1986,25.57
435,3,1987,25.4
435,3,1988,24.92
435,3,1989,24.19
435,3,1990,21.79
435,3,1991,21.08
435,3,1992,21.25
435,3,1993,21.42
435,3,1994,21.33
435,3,1995,22.64
435,3,1996,21.77
435,3,1997,20.11
435,3,1998,19.8
435,3,1999,19.03
435,3,2000,18.67
435,3,2001,17.47
435,3,2002,17.04
435,3,2003,16.81
435,3,2004,16.62
435,3,2005,16.1
435,3,2006,16.34
435,3,2007,16.14
435,3,2008,15.47
435,3,2009,15.26
435,3,2010,14.85
435,3,2011,14.42
435,3,2012,14.48
435,3,2013,14.77
435,3,2014,14.89
435,3,2015,14.97
435,3,2016,14.94
435,3,2017,14.65
435,3,2018,14.35
435,3,2019,14.03
435,3,2020,14.16
435,3,2021,13.71
435,3,2022,14.28
435,3,2023,14.23
522,3,1980,11.77
522,3,1981,11.47
522,3,1982,11.07
522,3,1983,10.64
522,3,1984,10.31
522,3,1985,9.89
522,3,1986,9.79
522,3,1987,9.66
522,3,1988,9.42
522,3,1989,9.1
522,3,1990,9.04
522,3,1991,8.9
522,3,1992,8.7
522,3,1993,8.66
522,3,1994,8.37
522,3,1995,8.16
522,3,1996,7.88
522,3,1997,7.55
522,3,1998,7.28
522,3,1999,6.92
522,3,2000,6.65
522,3,2001,6.32
522,3,2002,5.99
522,3,2003,5.5
522,3,2004,5.22
522,3,2005,5.04
522,3,2006,4.77
522,3,2007,4.49
522,3,2008,4.28
522,3,2009,4.08
522,3,2010,3.79
522,3,2011,3.54
522,3,2012,3.37
522,3,2013,3.23
522,3,2014,3.15
522,3,2015,3
522,3,2016,2.87
522,3,2017,2.76
522,3,2018,2.65
522,3,2019,2.54
522,3,2020,2.48
522,3,2021,2.4
522,3,2022,2.25
522,3,2023,2.17
