location,sex,year,breast_cancer_incidence_rate_age_standardized
6,2,1990,24.54
6,2,1991,25.01
6,2,1992,25.4
6,2,1993,25.7
6,2,1994,26.02
6,2,1995,26.44
6,2,1996,26.92
6,2,1997,27.25
6,2,1998,27.48
6,2,1999,27.77
6,2,2000,27.98
6,2,2001,27.93
6,2,2002,27.45
6,2,2003,27.2
6,2,2004,26.98
6,2,2005,27.37
6,2,2006,27.9
6,2,2007,28.46
6,2,2008,28.38
6,2,2009,28.24
6,2,2010,28.37
6,2,2011,28.01
6,2,2012,27.36
6,2,2013,26.94
6,2,2014,27.16
6,2,2015,27.19
6,2,2016,27.64
6,2,2017,28.41
6,2,2018,28.31
6,2,2019,27.79
6,2,2020,27.6
6,2,2021,29.36
6,2,2022,31.73
6,2,2023,31.62
7,2,1990,14.09
7,2,1991,14.47
7,2,1992,14.76
7,2,1993,15
7,2,1994,15.27
7,2,1995,15.41
7,2,1996,15.6
7,2,1997,15.79
7,2,1998,16.12
7,2,1999,16.56
7,2,2000,16.96
7,2,2001,17.42
7,2,2002,17.92
7,2,2003,18.59
7,2,2004,19.51
7,2,2005,20.43
7,2,2006,21.18
7,2,2007,21.78
7,2,2008,22.36
7,2,2009,22.95
7,2,2010,23.68
7,2,2011,24.38
7,2,2012,25.26
7,2,2013,25.84
7,2,2014,26.5
7,2,2015,27.27
7,2,2016,28.24
7,2,2017,29.27
7,2,2018,30.59
7,2,2019,31.95
7,2,2020,32.65
7,2,2021,33.9
7,2,2022,36.23
7,2,2023,36.88
8,2,1990,28.44
8,2,1991,30.33
8,2,1992,32
8,2,1993,34.52
8,2,1994,35.55
8,2,1995,37.48
8,2,1996,39.06
8,2,1997,41.16
8,2,1998,41.26
8,2,1999,43.04
8,2,2000,44.83
8,2,2001,47.4
8,2,2002,48.9
8,2,2003,51.44
8,2,2004,50.55
8,2,2005,51.05
8,2,2006,52.11
8,2,2007,54.31
8,2,2008,53.61
8,2,2009,54.11
8,2,2010,56.02
8,2,2011,57.77
8,2,2012,57.26
8,2,2013,57.79
8,2,2014,58.02
8,2,2015,58.52
8,2,2016,57.85
8,2,2017,59.58
8,2,2018,58.94
8,2,2019,59.21
8,2,2020,58.89
8,2,2021,61.15
8,2,2022,61.65
8,2,2023,62.74
10,2,1990,14.35
10,2,1991,14.78
10,2,1992,15.33
10,2,1993,15.89
10,2,1994,16.31
10,2,1995,16.66
10,2,1996,16.7
10,2,1997,16.78
10,2,1998,17.07
10,2,1999,16.94
10,2,2000,16.93
10,2,2001,17.45
10,2,2002,17.9
10,2,2003,18.09
10,2,2004,18.51
10,2,2005,19.2
10,2,2006,19.61
10,2,2007,20.55
10,2,2008,21.06
10,2,2009,21.59
10,2,2010,22.23
10,2,2011,22.66
10,2,2012,23.43
10,2,2013,24.09
10,2,2014,24.42
10,2,2015,24.9
10,2,2016,25.38
10,2,2017,25.41
10,2,2018,25.91
10,2,2019,26.75
10,2,2020,27.55
10,2,2021,26.72
10,2,2022,29.1
10,2,2023,31.84
11,2,1990,15.96
11,2,1991,16.18
11,2,1992,16.44
11,2,1993,16.72
11,2,1994,17.05
11,2,1995,17.32
11,2,1996,17.66
11,2,1997,18.1
11,2,1998,18.31
11,2,1999,18.49
11,2,2000,18.59
11,2,2001,18.52
11,2,2002,18.68
11,2,2003,19.03
11,2,2004,21.47
11,2,2005,20.27
11,2,2006,20.97
11,2,2007,21.92
11,2,2008,23.13
11,2,2009,24.35
11,2,2010,25.52
11,2,2011,26.62
11,2,2012,27.2
11,2,2013,27.57
11,2,2014,27.99
11,2,2015,28.55
11,2,2016,29.3
11,2,2017,30.19
11,2,2018,31.27
11,2,2019,32.34
11,2,2020,34.35
11,2,2021,38.37
11,2,2022,35.82
11,2,2023,37.24
12,2,1990,13.09
12,2,1991,13.55
12,2,1992,14.03
12,2,1993,14.65
12,2,1994,15.25
12,2,1995,15.55
12,2,1996,16
12,2,1997,16.44
12,2,1998,17.04
12,2,1999,17.43
12,2,2000,17.68
12,2,2001,18.2
12,2,2002,18.67
12,2,2003,19.14
12,2,2004,19.6
12,2,2005,20.26
12,2,2006,21.02
12,2,2007,22.08
12,2,2008,23.16
12,2,2009,24.76
12,2,2010,26.35
12,2,2011,28.12
12,2,2012,29.38
12,2,2013,31.46
12,2,2014,33.32
12,2,2015,35.54
12,2,2016,37.33
12,2,2017,38.87
12,2,2018,40.38
12,2,2019,42.3
12,2,2020,44.81
12,2,2021,46.12
12,2,2022,51.37
12,2,2023,53.93
13,2,1990,24.14
13,2,1991,25.22
13,2,1992,25.88
13,2,1993,26.47
13,2,1994,27.59
13,2,1995,28.15
13,2,1996,29.06
13,2,1997,29.92
13,2,1998,31.32
13,2,1999,32.05
13,2,2000,33.01
13,2,2001,33.96
13,2,2002,34.65
13,2,2003,35.1
13,2,2004,35.75
13,2,2005,36.53
13,2,2006,37.14
13,2,2007,37.88
13,2,2008,38.54
13,2,2009,38.94
13,2,2010,39.94
13,2,2011,40.64
13,2,2012,41.83
13,2,2013,43.74
13,2,2014,44.72
13,2,2015,45.76
13,2,2016,46.99
13,2,2017,47.81
13,2,2018,48.39
13,2,2019,48.01
13,2,2020,48.89
13,2,2021,54.3
13,2,2022,56.59
13,2,2023,56.53
14,2,1990,14.53
14,2,1991,15.42
14,2,1992,16.26
14,2,1993,16.89
14,2,1994,17.32
14,2,1995,18.26
14,2,1996,19.5
14,2,1997,20.6
14,2,1998,21.26
14,2,1999,22.03
14,2,2000,22.98
14,2,2001,23.94
14,2,2002,24.64
14,2,2003,25.52
14,2,2004,26.62
14,2,2005,26.74
14,2,2006,27.43
14,2,2007,28.13
14,2,2008,28.53
14,2,2009,28.63
14,2,2010,28.67
14,2,2011,28.67
14,2,2012,28.36
14,2,2013,28.13
14,2,2014,27.93
14,2,2015,28.12
14,2,2016,28.27
14,2,2017,28.81
14,2,2018,29.4
14,2,2019,30.46
14,2,2020,30.61
14,2,2021,30.45
14,2,2022,30.65
14,2,2023,30.39
15,2,1990,22.79
15,2,1991,23.58
15,2,1992,24.18
15,2,1993,24.72
15,2,1994,25.18
15,2,1995,25.72
15,2,1996,26.06
15,2,1997,26.57
15,2,1998,27.27
15,2,1999,27.64
15,2,2000,28.08
15,2,2001,28.28
15,2,2002,28.43
15,2,2003,28.43
15,2,2004,28.66
15,2,2005,28.94
15,2,2006,28.77
15,2,2007,28.71
15,2,2008,32.89
15,2,2009,28.7
15,2,2010,28.77
15,2,2011,29.08
15,2,2012,29.01
15,2,2013,29.76
15,2,2014,30.8
15,2,2015,31.61
15,2,2016,32.84
15,2,2017,33.97
15,2,2018,35.17
15,2,2019,37.16
15,2,2020,39.47
15,2,2021,44
15,2,2022,44.22
15,2,2023,47.2
16,2,1990,28.7
16,2,1991,28.9
16,2,1992,29.45
16,2,1993,30.41
16,2,1994,31.25
16,2,1995,31.89
16,2,1996,32.6
16,2,1997,33.08
16,2,1998,33.54
16,2,1999,34.41
16,2,2000,35.3
16,2,2001,36
16,2,2002,36.31
16,2,2003,35.46
16,2,2004,34.75
16,2,2005,34.98
16,2,2006,34.8
16,2,2007,34.54
16,2,2008,34.91
16,2,2009,35.52
16,2,2010,35.99
16,2,2011,36.54
16,2,2012,37.5
16,2,2013,38.36
16,2,2014,38.9
16,2,2015,39.89
16,2,2016,41.05
16,2,2017,41.71
16,2,2018,42.34
16,2,2019,43.52
16,2,2020,43.47
16,2,2021,49.42
16,2,2022,49.52
16,2,2023,48.36
17,2,1990,19.84
17,2,1991,20.13
17,2,1992,20.26
17,2,1993,20.42
17,2,1994,20.95
17,2,1995,20.99
17,2,1996,22.01
17,2,1997,22.05
17,2,1998,22.85
17,2,1999,22.44
17,2,2000,22.01
17,2,2001,22.42
17,2,2002,22.25
17,2,2003,22.07
17,2,2004,26.52
17,2,2005,23.74
17,2,2006,25.15
17,2,2007,26.09
17,2,2008,26.95
17,2,2009,27.59
17,2,2010,28.33
17,2,2011,28.91
17,2,2012,29.45
17,2,2013,30.26
17,2,2014,30.97
17,2,2015,31.58
17,2,2016,32.34
17,2,2017,33.34
17,2,2018,33.56
17,2,2019,32.96
17,2,2020,34.24
17,2,2021,35.13
17,2,2022,45.1
17,2,2023,47.56
18,2,1990,27.57
18,2,1991,29.03
18,2,1992,30.57
18,2,1993,31.82
18,2,1994,33.47
18,2,1995,34.78
18,2,1996,33.87
18,2,1997,32
18,2,1998,34.19
18,2,1999,40.39
18,2,2000,44.85
18,2,2001,47.19
18,2,2002,46.82
18,2,2003,47.2
18,2,2004,47.81
18,2,2005,47.24
18,2,2006,47.63
18,2,2007,48.18
18,2,2008,47.92
18,2,2009,46.99
18,2,2010,46.79
18,2,2011,45.4
18,2,2012,44.07
18,2,2013,43.26
18,2,2014,42.36
18,2,2015,42.1
18,2,2016,42.04
18,2,2017,40.79
18,2,2018,40.39
18,2,2019,41.6
18,2,2020,42.08
18,2,2021,43.7
18,2,2022,46.09
18,2,2023,46.91
19,2,1990,13.47
19,2,1991,13.8
19,2,1992,14.26
19,2,1993,14.7
19,2,1994,15.05
19,2,1995,15.4
19,2,1996,15.73
19,2,1997,15.91
19,2,1998,16.24
19,2,1999,16.19
19,2,2000,16.71
19,2,2001,16.86
19,2,2002,16.62
19,2,2003,17.05
19,2,2004,16.33
19,2,2005,16.99
19,2,2006,17.2
19,2,2007,17.73
19,2,2008,17.64
19,2,2009,18.99
19,2,2010,19.7
19,2,2011,21.94
19,2,2012,23.37
19,2,2013,24
19,2,2014,24.59
19,2,2015,25.37
19,2,2016,26.28
19,2,2017,27.29
19,2,2018,28.06
19,2,2019,29
19,2,2020,30.73
19,2,2021,32.12
19,2,2022,33.55
19,2,2023,35.28
20,2,1990,13.58
20,2,1991,14.08
20,2,1992,14.64
20,2,1993,15.17
20,2,1994,15.68
20,2,1995,16.14
20,2,1996,16.54
20,2,1997,17.02
20,2,1998,17.59
20,2,1999,17.87
20,2,2000,18.15
20,2,2001,18.52
20,2,2002,18.99
20,2,2003,19.59
20,2,2004,20.28
20,2,2005,20.98
20,2,2006,21.62
20,2,2007,22.43
20,2,2008,23.36
20,2,2009,24.35
20,2,2010,25.5
20,2,2011,26.44
20,2,2012,27.34
20,2,2013,28.23
20,2,2014,29.13
20,2,2015,30.22
20,2,2016,31.49
20,2,2017,32.35
20,2,2018,33.22
20,2,2019,34.33
20,2,2020,35.28
20,2,2021,35.48
20,2,2022,37.33
20,2,2023,39.25
22,2,1990,43.3
22,2,1991,44.59
22,2,1992,45.86
22,2,1993,46.52
22,2,1994,47.21
22,2,1995,47.95
22,2,1996,48.75
22,2,1997,49.88
22,2,1998,52.16
22,2,1999,53
22,2,2000,53.18
22,2,2001,54.48
22,2,2002,54.3
22,2,2003,55.62
22,2,2004,56.37
22,2,2005,56.16
22,2,2006,55.68
22,2,2007,55.86
22,2,2008,55.85
22,2,2009,56.86
22,2,2010,57.44
22,2,2011,58.13
22,2,2012,58.21
22,2,2013,58.02
22,2,2014,58.07
22,2,2015,58.67
22,2,2016,58.98
22,2,2017,59.07
22,2,2018,60.32
22,2,2019,60.84
22,2,2020,61.7
22,2,2021,61.89
22,2,2022,66.54
22,2,2023,69.3
23,2,1990,14.19
23,2,1991,14.35
23,2,1992,14.53
23,2,1993,15
23,2,1994,15.77
23,2,1995,16.69
23,2,1996,17.21
23,2,1997,17.73
23,2,1998,18.45
23,2,1999,19.05
23,2,2000,19.6
23,2,2001,19.89
23,2,2002,20.15
23,2,2003,20.28
23,2,2004,20.33
23,2,2005,20.38
23,2,2006,20.33
23,2,2007,20.29
23,2,2008,20.25
23,2,2009,20.35
23,2,2010,20.37
23,2,2011,20.33
23,2,2012,20.35
23,2,2013,20.41
23,2,2014,20.44
23,2,2015,20.64
23,2,2016,20.88
23,2,2017,21.19
23,2,2018,22.12
23,2,2019,21.97
23,2,2020,22.45
23,2,2021,23.82
23,2,2022,24.43
23,2,2023,25.1
24,2,1990,40.66
24,2,1991,41.38
24,2,1992,41.98
24,2,1993,42.6
24,2,1994,43.26
24,2,1995,43.76
24,2,1996,44.17
24,2,1997,44.81
24,2,1998,45.81
24,2,1999,46.33
24,2,2000,47.85
24,2,2001,47.54
24,2,2002,48.51
24,2,2003,49.3
24,2,2004,49.91
24,2,2005,50.27
24,2,2006,50.51
24,2,2007,51.05
24,2,2008,51.64
24,2,2009,52.97
24,2,2010,54.35
24,2,2011,55.75
24,2,2012,57.23
24,2,2013,58.82
24,2,2014,60.17
24,2,2015,61.5
24,2,2016,62.99
24,2,2017,64.61
24,2,2018,66.13
24,2,2019,67.88
24,2,2020,70.97
24,2,2021,77.36
24,2,2022,78.71
24,2,2023,82.1
25,2,1990,32.39
25,2,1991,33.02
25,2,1992,33.42
25,2,1993,34.16
25,2,1994,34.94
25,2,1995,35.66
25,2,1996,36.41
25,2,1997,37.14
25,2,1998,38.02
25,2,1999,38.45
25,2,2000,40.63
25,2,2001,39.2
25,2,2002,39.81
25,2,2003,40.07
25,2,2004,40.27
25,2,2005,40.26
25,2,2006,39.98
25,2,2007,39.52
25,2,2008,38.99
25,2,2009,39.07
25,2,2010,39.36
25,2,2011,40.02
25,2,2012,40.66
25,2,2013,41.14
25,2,2014,41.44
25,2,2015,41.82
25,2,2016,42.19
25,2,2017,42.61
25,2,2018,42.7
25,2,2019,42.49
25,2,2020,43.02
25,2,2021,46.75
25,2,2022,43.95
25,2,2023,45.02
26,2,1990,25.58
26,2,1991,25.99
26,2,1992,26.51
26,2,1993,27.18
26,2,1994,27.87
26,2,1995,28.23
26,2,1996,29.05
26,2,1997,29.12
26,2,1998,29.24
26,2,1999,29.99
26,2,2000,29.82
26,2,2001,28.94
26,2,2002,28.53
26,2,2003,27.78
26,2,2004,26.94
26,2,2005,26.48
26,2,2006,26.24
26,2,2007,27.3
26,2,2008,27.36
26,2,2009,27.16
26,2,2010,28.97
26,2,2011,30.05
26,2,2012,30.32
26,2,2013,29.29
26,2,2014,29.96
26,2,2015,31.41
26,2,2016,30.55
26,2,2017,30.83
26,2,2018,30.73
26,2,2019,32.32
26,2,2020,31.82
26,2,2021,31.77
26,2,2022,36.57
26,2,2023,37.65
27,2,1990,16.44
27,2,1991,16.96
27,2,1992,17.43
27,2,1993,17.87
27,2,1994,18.35
27,2,1995,18.93
27,2,1996,19.59
27,2,1997,20.26
27,2,1998,21.01
27,2,1999,21.47
27,2,2000,21.8
27,2,2001,22.08
27,2,2002,22.22
27,2,2003,22.23
27,2,2004,22.15
27,2,2005,21.92
27,2,2006,21.63
27,2,2007,21.22
27,2,2008,20.83
27,2,2009,20.73
27,2,2010,20.4
27,2,2011,20.24
27,2,2012,20.04
27,2,2013,19.94
27,2,2014,19.83
27,2,2015,19.83
27,2,2016,20.01
27,2,2017,20.26
27,2,2018,20.47
27,2,2019,21.44
27,2,2020,21.21
27,2,2021,22.98
27,2,2022,23.69
27,2,2023,25.24
28,2,1990,25.13
28,2,1991,26.06
28,2,1992,25.99
28,2,1993,26.59
28,2,1994,27.41
28,2,1995,27.45
28,2,1996,28.04
28,2,1997,29.19
28,2,1998,30.1
28,2,1999,30.32
28,2,2000,31.44
28,2,2001,30.65
28,2,2002,30.1
28,2,2003,29.84
28,2,2004,29.35
28,2,2005,29.95
28,2,2006,30.54
28,2,2007,29.81
28,2,2008,29.07
28,2,2009,31.92
28,2,2010,31.86
28,2,2011,36.34
28,2,2012,38.67
28,2,2013,40.6
28,2,2014,43.86
28,2,2015,45.04
28,2,2016,44.45
28,2,2017,45.66
28,2,2018,46.15
28,2,2019,47.82
28,2,2020,49.3
28,2,2021,49.64
28,2,2022,54.56
28,2,2023,55.91
29,2,1990,42.33
29,2,1991,43.66
29,2,1992,44.62
29,2,1993,45.71
29,2,1994,46.7
29,2,1995,47.58
29,2,1996,48.23
29,2,1997,48.79
29,2,1998,49.7
29,2,1999,50.45
29,2,2000,50.95
29,2,2001,51.29
29,2,2002,51.33
29,2,2003,51.57
29,2,2004,52.37
29,2,2005,52.58
29,2,2006,52.53
29,2,2007,52.08
29,2,2008,51.99
29,2,2009,54.72
29,2,2010,53.4
29,2,2011,54.2
29,2,2012,55.07
29,2,2013,56.03
29,2,2014,56.78
29,2,2015,57.85
29,2,2016,59.42
29,2,2017,60.77
29,2,2018,62.04
29,2,2019,63.41
29,2,2020,66.98
29,2,2021,76.13
29,2,2022,73.23
29,2,2023,76.01
30,2,1990,16.4
30,2,1991,17.56
30,2,1992,18.42
30,2,1993,19.08
30,2,1994,20.84
30,2,1995,20.16
30,2,1996,20.92
30,2,1997,21.11
30,2,1998,21.49
30,2,1999,22.05
30,2,2000,20.49
30,2,2001,21
30,2,2002,18.67
30,2,2003,17.16
30,2,2004,17.05
30,2,2005,18.32
30,2,2006,18.72
30,2,2007,19.77
30,2,2008,20.51
30,2,2009,20.64
30,2,2010,21.08
30,2,2011,22.48
30,2,2012,23.15
30,2,2013,24.04
30,2,2014,24.94
30,2,2015,25.59
30,2,2016,26.27
30,2,2017,26.81
30,2,2018,27.2
30,2,2019,27.42
30,2,2020,27.78
30,2,2021,27.28
30,2,2022,29.35
30,2,2023,30.47
33,2,1990,60.14
33,2,1991,59.88
33,2,1992,61.24
33,2,1993,61.14
33,2,1994,61
33,2,1995,61.38
33,2,1996,63.37
33,2,1997,64.66
33,2,1998,67.48
33,2,1999,69.65
33,2,2000,69.48
33,2,2001,69.44
33,2,2002,71.13
33,2,2003,72.33
33,2,2004,71.46
33,2,2005,64.61
33,2,2006,63.26
33,2,2007,65.67
33,2,2008,65.97
33,2,2009,66.73
33,2,2010,66.52
33,2,2011,64.85
33,2,2012,63.17
33,2,2013,57.85
33,2,2014,55.38
33,2,2015,55.26
33,2,2016,53.11
33,2,2017,52.15
33,2,2018,50.53
33,2,2019,51.46
33,2,2020,49.69
33,2,2021,50.81
33,2,2022,48.15
33,2,2023,41.06
34,2,1990,32.7
34,2,1991,32.98
34,2,1992,33.69
34,2,1993,34.47
34,2,1994,34.59
34,2,1995,34.46
34,2,1996,34.14
34,2,1997,33.53
34,2,1998,32.74
34,2,1999,32.01
34,2,2000,30.93
34,2,2001,29.86
34,2,2002,29.58
34,2,2003,29.58
34,2,2004,29.24
34,2,2005,29.46
34,2,2006,30.28
34,2,2007,30.88
34,2,2008,31.48
34,2,2009,31.81
34,2,2010,31.92
34,2,2011,31.84
34,2,2012,31.65
34,2,2013,31.71
34,2,2014,31.92
34,2,2015,32.04
34,2,2016,32.61
34,2,2017,33.19
34,2,2018,34.02
34,2,2019,36.77
34,2,2020,39.03
34,2,2021,38.57
34,2,2022,32.93
34,2,2023,33.29
35,2,1990,59.46
35,2,1991,58.31
35,2,1992,57.41
35,2,1993,54.1
35,2,1994,51.65
35,2,1995,50.52
35,2,1996,51.47
35,2,1997,53.06
35,2,1998,55.69
35,2,1999,58.98
35,2,2000,60.72
35,2,2001,62.94
35,2,2002,63.93
35,2,2003,62.39
35,2,2004,60.52
35,2,2005,58.69
35,2,2006,61.52
35,2,2007,60.51
35,2,2008,62.81
35,2,2009,65.22
35,2,2010,68.18
35,2,2011,70.4
35,2,2012,70.95
35,2,2013,68.42
35,2,2014,68.14
35,2,2015,73.02
35,2,2016,75.74
35,2,2017,74.68
35,2,2018,70.88
35,2,2019,66.42
35,2,2020,66.13
35,2,2021,64.54
35,2,2022,61.64
35,2,2023,60.52
36,2,1990,40.11
36,2,1991,32.72
36,2,1992,31.43
36,2,1993,31.4
36,2,1994,32.03
36,2,1995,31.56
36,2,1996,32.69
36,2,1997,33.19
36,2,1998,33.47
36,2,1999,35.09
36,2,2000,35.19
36,2,2001,34.89
36,2,2002,35.47
36,2,2003,34.85
36,2,2004,34.24
36,2,2005,35.05
36,2,2006,36.14
36,2,2007,36.49
36,2,2008,38.02
36,2,2009,37.85
36,2,2010,38.19
36,2,2011,38.3
36,2,2012,38.86
36,2,2013,37.05
36,2,2014,34.95
36,2,2015,34.28
36,2,2016,33.67
36,2,2017,33.09
36,2,2018,32.87
36,2,2019,31.6
36,2,2020,32.49
36,2,2021,33
36,2,2022,27.95
36,2,2023,28.54
37,2,1990,31.58
37,2,1991,31.07
37,2,1992,32.51
37,2,1993,33.91
37,2,1994,35.25
37,2,1995,33.97
37,2,1996,32.84
37,2,1997,32.12
37,2,1998,30.39
37,2,1999,30.06
37,2,2000,25.74
37,2,2001,25.48
37,2,2002,25.82
37,2,2003,26.94
37,2,2004,26.52
37,2,2005,25.75
37,2,2006,26.76
37,2,2007,27.29
37,2,2008,27.35
37,2,2009,28.11
37,2,2010,27
37,2,2011,28.32
37,2,2012,26.8
37,2,2013,25.59
37,2,2014,26.42
37,2,2015,26.25
37,2,2016,25.27
37,2,2017,25.85
37,2,2018,26.6
37,2,2019,23.95
37,2,2020,20.52
37,2,2021,22.46
37,2,2022,22.62
37,2,2023,24.64
38,2,1990,10
38,2,1991,10.64
38,2,1992,11.1
38,2,1993,11.39
38,2,1994,11.69
38,2,1995,12.41
38,2,1996,13.14
38,2,1997,13.57
38,2,1998,13.8
38,2,1999,13.79
38,2,2000,13.73
38,2,2001,13.41
38,2,2002,12.98
38,2,2003,12.65
38,2,2004,12.37
38,2,2005,12.36
38,2,2006,12.45
38,2,2007,12.56
38,2,2008,12.67
38,2,2009,12.7
38,2,2010,12.63
38,2,2011,12.67
38,2,2012,12.83
38,2,2013,12.95
38,2,2014,12.84
38,2,2015,12.57
38,2,2016,12.17
38,2,2017,12.2
38,2,2018,12.14
38,2,2019,11.72
38,2,2020,11.7
38,2,2021,13.33
38,2,2022,12.95
38,2,2023,12.9
39,2,1990,28.14
39,2,1991,29.93
39,2,1992,30.77
39,2,1993,32.36
39,2,1994,31.24
39,2,1995,29.39
39,2,1996,27.14
39,2,1997,25.6
39,2,1998,24.82
39,2,1999,24.09
39,2,2000,23.56
39,2,2001,23.49
39,2,2002,23.58
39,2,2003,23.93
39,2,2004,23.46
39,2,2005,22.33
39,2,2006,21.03
39,2,2007,20.07
39,2,2008,19.24
39,2,2009,18.69
39,2,2010,18.26
39,2,2011,17.83
39,2,2012,17.77
39,2,2013,17.59
39,2,2014,18.06
39,2,2015,18.82
39,2,2016,19.6
39,2,2017,20.56
39,2,2018,21.05
39,2,2019,22.55
39,2,2020,21.45
39,2,2021,23.29
39,2,2022,28.14
39,2,2023,29.27
40,2,1990,25.41
40,2,1991,21.49
40,2,1992,20.94
40,2,1993,21.87
40,2,1994,24.94
40,2,1995,26.15
40,2,1996,26.48
40,2,1997,25.63
40,2,1998,24.37
40,2,1999,21.76
40,2,2000,19.24
40,2,2001,19.15
40,2,2002,19.07
40,2,2003,18.98
40,2,2004,18.81
40,2,2005,19.16
40,2,2006,20.74
40,2,2007,21.86
40,2,2008,21.5
40,2,2009,22.59
40,2,2010,24.62
40,2,2011,25.75
40,2,2012,27.08
40,2,2013,27.79
40,2,2014,28.15
40,2,2015,27.37
40,2,2016,27.55
40,2,2017,28.13
40,2,2018,28.41
40,2,2019,28.94
40,2,2020,29.28
40,2,2021,30.84
40,2,2022,30.5
40,2,2023,30.52
41,2,1990,27.83
41,2,1991,27.55
41,2,1992,27.87
41,2,1993,28.6
41,2,1994,28.4
41,2,1995,27.74
41,2,1996,27.29
41,2,1997,26.77
41,2,1998,26.68
41,2,1999,27.3
41,2,2000,27.01
41,2,2001,26.61
41,2,2002,25.72
41,2,2003,25.36
41,2,2004,22.59
41,2,2005,21.92
41,2,2006,22.87
41,2,2007,24.05
41,2,2008,25.16
41,2,2009,25.18
41,2,2010,25.69
41,2,2011,25.69
41,2,2012,25.95
41,2,2013,26.6
41,2,2014,26.76
41,2,2015,27.38
41,2,2016,28.21
41,2,2017,29.79
41,2,2018,29.93
41,2,2019,29.25
41,2,2020,27.29
41,2,2021,26.05
41,2,2022,27.4
41,2,2023,27.66
43,2,1990,17.97
43,2,1991,18.02
43,2,1992,18.16
43,2,1993,18.43
43,2,1994,19.04
43,2,1995,19.51
43,2,1996,20.22
43,2,1997,20.88
43,2,1998,21.77
43,2,1999,22.75
43,2,2000,23.83
43,2,2001,24.6
43,2,2002,25.71
43,2,2003,27.04
43,2,2004,27.85
43,2,2005,28.53
43,2,2006,28.94
43,2,2007,28.91
43,2,2008,29.51
43,2,2009,29.78
43,2,2010,29.55
43,2,2011,28.92
43,2,2012,28.95
43,2,2013,29.38
43,2,2014,30.11
43,2,2015,30.76
43,2,2016,31.18
43,2,2017,31.86
43,2,2018,32.06
43,2,2019,32.92
43,2,2020,33.11
43,2,2021,33.98
43,2,2022,35.05
43,2,2023,32.01
44,2,1990,30.95
44,2,1991,29.68
44,2,1992,28.4
44,2,1993,27.6
44,2,1994,27.1
44,2,1995,27.05
44,2,1996,28.12
44,2,1997,29.9
44,2,1998,32.44
44,2,1999,35.12
44,2,2000,37.5
44,2,2001,39.88
44,2,2002,41.82
44,2,2003,44.01
44,2,2004,45.91
44,2,2005,47.44
44,2,2006,48.02
44,2,2007,48.42
44,2,2008,49.61
44,2,2009,50.59
44,2,2010,50.87
44,2,2011,51.08
44,2,2012,51.24
44,2,2013,51.01
44,2,2014,51.03
44,2,2015,51.39
44,2,2016,51.7
44,2,2017,52.35
44,2,2018,52.53
44,2,2019,53.53
44,2,2020,54.19
44,2,2021,54.34
44,2,2022,56.19
44,2,2023,54.54
45,2,1990,43.59
45,2,1991,44.75
45,2,1992,44.48
45,2,1993,44.56
45,2,1994,45.04
45,2,1995,46.98
45,2,1996,48.06
45,2,1997,48.38
45,2,1998,46.84
45,2,1999,47.83
45,2,2000,49.86
45,2,2001,49.95
45,2,2002,50.72
45,2,2003,51.52
45,2,2004,51.32
45,2,2005,53.94
45,2,2006,53.22
45,2,2007,52.97
45,2,2008,53.85
45,2,2009,52.05
45,2,2010,51.36
45,2,2011,54.97
45,2,2012,56.97
45,2,2013,56.71
45,2,2014,58.54
45,2,2015,58.45
45,2,2016,57.59
45,2,2017,56.28
45,2,2018,55.72
45,2,2019,56.35
45,2,2020,56.46
45,2,2021,56.09
45,2,2022,54.6
45,2,2023,51.74
46,2,1990,57
46,2,1991,58.59
46,2,1992,59.28
46,2,1993,59.53
46,2,1994,60.32
46,2,1995,63.02
46,2,1996,61.88
46,2,1997,63.63
46,2,1998,64.55
46,2,1999,65.42
46,2,2000,64.98
46,2,2001,65.8
46,2,2002,64.9
46,2,2003,66.26
46,2,2004,68.3
46,2,2005,68.78
46,2,2006,68.69
46,2,2007,68.29
46,2,2008,67.83
46,2,2009,69.03
46,2,2010,71.37
46,2,2011,69.63
46,2,2012,73.31
46,2,2013,74.17
46,2,2014,73.14
46,2,2015,70.98
46,2,2016,68.98
46,2,2017,65.84
46,2,2018,62.24
46,2,2019,61.66
46,2,2020,61.31
46,2,2021,63.15
46,2,2022,65.08
46,2,2023,62.23
47,2,1990,60.28
47,2,1991,62.67
47,2,1992,64.26
47,2,1993,67.27
47,2,1994,70.21
47,2,1995,71.84
47,2,1996,71.65
47,2,1997,71.76
47,2,1998,73.6
47,2,1999,73.68
47,2,2000,72.48
47,2,2001,72.89
47,2,2002,73.12
47,2,2003,73.44
47,2,2004,74.71
47,2,2005,74.52
47,2,2006,73.38
47,2,2007,70.97
47,2,2008,69.42
47,2,2009,67.97
47,2,2010,67.59
47,2,2011,66.03
47,2,2012,63.93
47,2,2013,63.16
47,2,2014,60.55
47,2,2015,60.19
47,2,2016,60.37
47,2,2017,59.88
47,2,2018,59.98
47,2,2019,60.86
47,2,2020,62.78
47,2,2021,64.66
47,2,2022,63.64
47,2,2023,59.82
48,2,1990,55.56
48,2,1991,57.63
48,2,1992,58.78
48,2,1993,60.44
48,2,1994,62.69
48,2,1995,63.05
48,2,1996,65.93
48,2,1997,68.16
48,2,1998,69.14
48,2,1999,70.52
48,2,2000,71.14
48,2,2001,70.52
48,2,2002,69.6
48,2,2003,69.74
48,2,2004,69.24
48,2,2005,67.25
48,2,2006,65.77
48,2,2007,64.02
48,2,2008,64.71
48,2,2009,65.98
48,2,2010,63.35
48,2,2011,63.08
48,2,2012,62.52
48,2,2013,62.11
48,2,2014,62
48,2,2015,61.96
48,2,2016,61.71
48,2,2017,61.12
48,2,2018,60.07
48,2,2019,60.76
48,2,2020,62.05
48,2,2021,62.74
48,2,2022,62.01
48,2,2023,60.67
49,2,1990,40.26
49,2,1991,40.97
49,2,1992,40.5
49,2,1993,40.6
49,2,1994,41.52
49,2,1995,43.49
49,2,1996,45.1
49,2,1997,46.37
49,2,1998,46.9
49,2,1999,48.21
49,2,2000,49.14
49,2,2001,48.81
49,2,2002,48.34
49,2,2003,47.87
49,2,2004,48.58
49,2,2005,49.9
49,2,2006,50.24
49,2,2007,51.07
49,2,2008,51.95
49,2,2009,52.34
49,2,2010,52.84
49,2,2011,52.77
49,2,2012,52.18
49,2,2013,52.12
49,2,2014,51.99
49,2,2015,52.71
49,2,2016,53.61
49,2,2017,55.36
49,2,2018,57.81
49,2,2019,61.66
49,2,2020,59.97
49,2,2021,58.85
49,2,2022,61.84
49,2,2023,58.84
50,2,1990,68.81
50,2,1991,69.03
50,2,1992,68.52
50,2,1993,68.38
50,2,1994,68.87
50,2,1995,69.04
50,2,1996,69.45
50,2,1997,70.49
50,2,1998,72.55
50,2,1999,73.21
50,2,2000,74.86
50,2,2001,77.15
50,2,2002,78.78
50,2,2003,79.64
50,2,2004,80.4
50,2,2005,80.61
50,2,2006,81.56
50,2,2007,82.16
50,2,2008,82.62
50,2,2009,83.81
50,2,2010,85.8
50,2,2011,86.63
50,2,2012,87.56
50,2,2013,88.5
50,2,2014,89.3
50,2,2015,90.89
50,2,2016,90.99
50,2,2017,90.94
50,2,2018,90.21
50,2,2019,90.72
50,2,2020,88.22
50,2,2021,79.2
50,2,2022,83.6
50,2,2023,88.4
51,2,1990,40.89
51,2,1991,41.56
51,2,1992,43.41
51,2,1993,44.31
51,2,1994,45.02
51,2,1995,46.32
51,2,1996,47.29
51,2,1997,48.66
51,2,1998,49.77
51,2,1999,51.02
51,2,2000,51.32
51,2,2001,52.12
51,2,2002,52.92
51,2,2003,53.97
51,2,2004,54.14
51,2,2005,55.29
51,2,2006,55.94
51,2,2007,55.84
51,2,2008,56.33
51,2,2009,56.25
51,2,2010,56.41
51,2,2011,56.95
51,2,2012,56.81
51,2,2013,57.46
51,2,2014,58.02
51,2,2015,58.47
51,2,2016,57.91
51,2,2017,58.1
51,2,2018,57.72
51,2,2019,57.58
51,2,2020,57.01
51,2,2021,54.43
51,2,2022,54.67
51,2,2023,53.5
52,2,1990,36.6
52,2,1991,37.34
52,2,1992,37.51
52,2,1993,38.13
52,2,1994,39.47
52,2,1995,41.79
52,2,1996,42.16
52,2,1997,42.19
52,2,1998,43.68
52,2,1999,45.49
52,2,2000,46.45
52,2,2001,47.17
52,2,2002,47.62
52,2,2003,47.86
52,2,2004,48.96
52,2,2005,50
52,2,2006,50.13
52,2,2007,50.05
52,2,2008,49.67
52,2,2009,50.73
52,2,2010,51.09
52,2,2011,51.37
52,2,2012,52.04
52,2,2013,53.65
52,2,2014,54.8
52,2,2015,55.85
52,2,2016,56.12
52,2,2017,56.12
52,2,2018,54.45
52,2,2019,53.19
52,2,2020,52.44
52,2,2021,52.58
52,2,2022,52.82
52,2,2023,52.32
53,2,1990,54.67
53,2,1991,57.55
53,2,1992,58.86
53,2,1993,59.72
53,2,1994,60.73
53,2,1995,61.85
53,2,1996,63.87
53,2,1997,65.51
53,2,1998,67.93
53,2,1999,68.66
53,2,2000,69.09
53,2,2001,69.04
53,2,2002,68.7
53,2,2003,67.96
53,2,2004,68.8
53,2,2005,69.58
53,2,2006,70.58
53,2,2007,72.44
53,2,2008,74.24
53,2,2009,73.92
53,2,2010,74.31
53,2,2011,74.71
53,2,2012,74.96
53,2,2013,75.15
53,2,2014,75.38
53,2,2015,75.9
53,2,2016,75.49
53,2,2017,74.81
53,2,2018,74.02
53,2,2019,74.37
53,2,2020,73.38
53,2,2021,73.86
53,2,2022,74.77
53,2,2023,75.75
54,2,1990,45.24
54,2,1991,46.13
54,2,1992,47.05
54,2,1993,48.43
54,2,1994,50.35
54,2,1995,51.34
54,2,1996,51.86
54,2,1997,52.17
54,2,1998,52.78
54,2,1999,53.05
54,2,2000,53.67
54,2,2001,53.79
54,2,2002,53.24
54,2,2003,52.67
54,2,2004,52.38
54,2,2005,52.73
54,2,2006,53.26
54,2,2007,53.33
54,2,2008,53.6
54,2,2009,53.54
54,2,2010,54.83
54,2,2011,55.36
54,2,2012,56.17
54,2,2013,56.65
54,2,2014,57.22
54,2,2015,58.32
54,2,2016,58.79
54,2,2017,59.28
54,2,2018,58.96
54,2,2019,58.6
54,2,2020,59.06
54,2,2021,59.7
54,2,2022,59.54
54,2,2023,58.41
55,2,1990,64.56
55,2,1991,66.52
55,2,1992,70
55,2,1993,73.1
55,2,1994,70.94
55,2,1995,72.54
55,2,1996,71.62
55,2,1997,73.82
55,2,1998,75.29
55,2,1999,76.58
55,2,2000,73.46
55,2,2001,75.94
55,2,2002,78.15
55,2,2003,76.38
55,2,2004,75.63
55,2,2005,76.73
55,2,2006,75.92
55,2,2007,74.22
55,2,2008,76.62
55,2,2009,75.91
55,2,2010,74.59
55,2,2011,71.45
55,2,2012,70.14
55,2,2013,71.43
55,2,2014,72.17
55,2,2015,74.03
55,2,2016,72.19
55,2,2017,72.38
55,2,2018,71.47
55,2,2019,70.01
55,2,2020,72.26
55,2,2021,70.67
55,2,2022,71.77
55,2,2023,71.93
57,2,1990,41
57,2,1991,42.63
57,2,1992,46.44
57,2,1993,48.15
57,2,1994,49.39
57,2,1995,50.04
57,2,1996,51.06
57,2,1997,52.65
57,2,1998,55.28
57,2,1999,58.16
57,2,2000,58.55
57,2,2001,55.97
57,2,2002,49.1
57,2,2003,51.32
57,2,2004,58.27
57,2,2005,68.24
57,2,2006,59.92
57,2,2007,53.57
57,2,2008,50.62
57,2,2009,50.7
57,2,2010,51.32
57,2,2011,50.32
57,2,2012,52.5
57,2,2013,53.82
57,2,2014,52.47
57,2,2015,52.09
57,2,2016,51.67
57,2,2017,52.48
57,2,2018,53.22
57,2,2019,54.22
57,2,2020,52.28
57,2,2021,53.69
57,2,2022,58.55
57,2,2023,60.51
58,2,1990,57.26
58,2,1991,61.27
58,2,1992,61.72
58,2,1993,57.74
58,2,1994,51.13
58,2,1995,53.27
58,2,1996,56.73
58,2,1997,58.07
58,2,1998,57.35
58,2,1999,58.67
58,2,2000,61.92
58,2,2001,59.83
58,2,2002,60.04
58,2,2003,60.25
58,2,2004,61.42
58,2,2005,61.87
58,2,2006,60.04
58,2,2007,59.41
58,2,2008,63.49
58,2,2009,65.66
58,2,2010,65.37
58,2,2011,67.87
58,2,2012,67.97
58,2,2013,64.13
58,2,2014,62.77
58,2,2015,60.78
58,2,2016,59.98
58,2,2017,61.52
58,2,2018,60.84
58,2,2019,59.96
58,2,2020,58.48
58,2,2021,59.56
58,2,2022,57.97
58,2,2023,56.83
59,2,1990,58.55
59,2,1991,61.22
59,2,1992,62.66
59,2,1993,64.82
59,2,1994,63.93
59,2,1995,62.82
59,2,1996,56.5
59,2,1997,54.69
59,2,1998,53.2
59,2,1999,54.45
59,2,2000,56.97
59,2,2001,56.66
59,2,2002,58.26
59,2,2003,58.12
59,2,2004,60.72
59,2,2005,59.53
59,2,2006,58.66
59,2,2007,57.33
59,2,2008,61.65
59,2,2009,63.79
59,2,2010,62.75
59,2,2011,63.06
59,2,2012,61.33
59,2,2013,60.03
59,2,2014,59.69
59,2,2015,60.93
59,2,2016,60.59
59,2,2017,57.94
59,2,2018,57.31
59,2,2019,58.16
59,2,2020,59.61
59,2,2021,59.43
59,2,2022,60.37
59,2,2023,56.92
60,2,1990,62.02
60,2,1991,62.43
60,2,1992,63.77
60,2,1993,58.79
60,2,1994,55.87
60,2,1995,54.37
60,2,1996,57.51
60,2,1997,60.39
60,2,1998,59
60,2,1999,58.5
60,2,2000,59.57
60,2,2001,60.69
60,2,2002,63.69
60,2,2003,65.18
60,2,2004,64.64
60,2,2005,60.72
60,2,2006,56.87
60,2,2007,58.56
60,2,2008,61.66
60,2,2009,64.94
60,2,2010,63.72
60,2,2011,62.99
60,2,2012,61.63
60,2,2013,59.02
60,2,2014,57.48
60,2,2015,57.89
60,2,2016,56.35
60,2,2017,54.7
60,2,2018,55.66
60,2,2019,57.69
60,2,2020,56.58
60,2,2021,57.8
60,2,2022,59.54
60,2,2023,58.75
61,2,1990,45.3
61,2,1991,41.38
61,2,1992,42.52
61,2,1993,44.96
61,2,1994,44.12
61,2,1995,43.26
61,2,1996,42.79
61,2,1997,40.59
61,2,1998,39.6
61,2,1999,42.47
61,2,2000,41.56
61,2,2001,42.29
61,2,2002,43.5
61,2,2003,44.02
61,2,2004,43.73
61,2,2005,42.9
61,2,2006,45.08
61,2,2007,46.91
61,2,2008,49.43
61,2,2009,50.63
61,2,2010,48.2
61,2,2011,50.69
61,2,2012,49.4
61,2,2013,50.33
61,2,2014,48.31
61,2,2015,49.69
61,2,2016,49.48
61,2,2017,50.34
61,2,2018,48.75
61,2,2019,46.56
61,2,2020,41.41
61,2,2021,37.27
61,2,2022,39.94
61,2,2023,43.64
62,2,1990,36.72
62,2,1991,37.77
62,2,1992,39.32
62,2,1993,40.7
62,2,1994,41.42
62,2,1995,40.91
62,2,1996,41.45
62,2,1997,42.36
62,2,1998,42.97
62,2,1999,43.94
62,2,2000,44.25
62,2,2001,44.03
62,2,2002,45.01
62,2,2003,46.45
62,2,2004,47.6
62,2,2005,47.89
62,2,2006,47.93
62,2,2007,48.91
62,2,2008,50.52
62,2,2009,51.71
62,2,2010,52.98
62,2,2011,53.44
62,2,2012,53.47
62,2,2013,53.89
62,2,2014,54.09
62,2,2015,55.42
62,2,2016,55.15
62,2,2017,54.88
62,2,2018,54.97
62,2,2019,54.25
62,2,2020,53.22
62,2,2021,51.5
62,2,2022,49.09
62,2,2023,49.06
63,2,1990,36.61
63,2,1991,38.56
63,2,1992,40.43
63,2,1993,42.97
63,2,1994,44.54
63,2,1995,45.22
63,2,1996,44.83
63,2,1997,43.81
63,2,1998,43.64
63,2,1999,44.71
63,2,2000,45.98
63,2,2001,47.14
63,2,2002,49.1
63,2,2003,51.11
63,2,2004,50.6
63,2,2005,45.61
63,2,2006,44.32
63,2,2007,43.29
63,2,2008,43.64
63,2,2009,44.6
63,2,2010,44.49
63,2,2011,43.85
63,2,2012,44.23
63,2,2013,44.32
63,2,2014,41.14
63,2,2015,38.84
63,2,2016,37.85
63,2,2017,38.31
63,2,2018,37.36
63,2,2019,38
63,2,2020,39.45
63,2,2021,37.65
63,2,2022,37.77
63,2,2023,38.53
66,2,1990,30.53
66,2,1991,30.61
66,2,1992,30.97
66,2,1993,31.48
66,2,1994,31.98
66,2,1995,32.56
66,2,1996,33.07
66,2,1997,34.21
66,2,1998,34.73
66,2,1999,35.09
66,2,2000,35.65
66,2,2001,36.46
66,2,2002,37.2
66,2,2003,37.78
66,2,2004,38.53
66,2,2005,39.72
66,2,2006,40.64
66,2,2007,41.26
66,2,2008,41.88
66,2,2009,42.57
66,2,2010,43.31
66,2,2011,43.94
66,2,2012,44.55
66,2,2013,45.35
66,2,2014,44.98
66,2,2015,44.89
66,2,2016,45.45
66,2,2017,45.23
66,2,2018,45.07
66,2,2019,46.39
66,2,2020,47.45
66,2,2021,49.03
66,2,2022,50.16
66,2,2023,51.08
67,2,1990,30.47
67,2,1991,31.67
67,2,1992,32.79
67,2,1993,34.13
67,2,1994,36.06
67,2,1995,38.87
67,2,1996,40.6
67,2,1997,42.72
67,2,1998,44.09
67,2,1999,45.35
67,2,2000,46.31
67,2,2001,47.8
67,2,2002,47.68
67,2,2003,48.72
67,2,2004,50.85
67,2,2005,52.31
67,2,2006,53.55
67,2,2007,55.03
67,2,2008,56.78
67,2,2009,57.14
67,2,2010,59.19
67,2,2011,59.89
67,2,2012,59.61
67,2,2013,61.28
67,2,2014,61.75
67,2,2015,62.7
67,2,2016,63.65
67,2,2017,64.51
67,2,2018,64.62
67,2,2019,64.44
67,2,2020,62.44
67,2,2021,61.77
67,2,2022,65.14
67,2,2023,68.17
68,2,1990,12.75
68,2,1991,13.15
68,2,1992,13.4
68,2,1993,13.84
68,2,1994,14.63
68,2,1995,15.55
68,2,1996,16.7
68,2,1997,18.1
68,2,1998,18.67
68,2,1999,19.27
68,2,2000,19.65
68,2,2001,19.81
68,2,2002,20.7
68,2,2003,21.74
68,2,2004,23.03
68,2,2005,24.5
68,2,2006,25.72
68,2,2007,27.16
68,2,2008,28.43
68,2,2009,29.43
68,2,2010,30.23
68,2,2011,30.34
68,2,2012,31.18
68,2,2013,32.18
68,2,2014,32.74
68,2,2015,33.61
68,2,2016,34.23
68,2,2017,34.48
68,2,2018,35.48
68,2,2019,36.14
68,2,2020,36.94
68,2,2021,36.27
68,2,2022,36.5
68,2,2023,37.88
69,2,1990,41.58
69,2,1991,42.82
69,2,1992,42.75
69,2,1993,45.08
69,2,1994,45.94
69,2,1995,46.54
69,2,1996,48.7
69,2,1997,51.02
69,2,1998,50.05
69,2,1999,53.89
69,2,2000,54.35
69,2,2001,57.9
69,2,2002,57.74
69,2,2003,56.69
69,2,2004,56.79
69,2,2005,59.29
69,2,2006,62.66
69,2,2007,64.44
69,2,2008,66.59
69,2,2009,67.65
69,2,2010,66.05
69,2,2011,66.16
69,2,2012,65.87
69,2,2013,67.42
69,2,2014,65.5
69,2,2015,64.81
69,2,2016,64.93
69,2,2017,66.1
69,2,2018,65.39
69,2,2019,62.49
69,2,2020,61.08
69,2,2021,62.59
69,2,2022,62.2
69,2,2023,62.33
71,2,1990,78.89
71,2,1991,80.35
71,2,1992,81.03
71,2,1993,84.16
71,2,1994,86.7
71,2,1995,88.47
71,2,1996,90.8
71,2,1997,91.03
71,2,1998,90.99
71,2,1999,90.66
71,2,2000,89.6
71,2,2001,91.04
71,2,2002,93.27
71,2,2003,94.46
71,2,2004,94.44
71,2,2005,94.55
71,2,2006,92.39
71,2,2007,93.25
71,2,2008,95.42
71,2,2009,93.97
71,2,2010,93.26
71,2,2011,93.14
71,2,2012,90.5
71,2,2013,89.1
71,2,2014,87.61
71,2,2015,87.85
71,2,2016,86.56
71,2,2017,83.13
71,2,2018,83.1
71,2,2019,83.1
71,2,2020,78.84
71,2,2021,77.8
71,2,2022,76.45
71,2,2023,74.45
72,2,1990,88.65
72,2,1991,86.88
72,2,1992,85.76
72,2,1993,85.66
72,2,1994,86.15
72,2,1995,89.64
72,2,1996,97.65
72,2,1997,97.56
72,2,1998,95.96
72,2,1999,94.36
72,2,2000,92.78
72,2,2001,92.12
72,2,2002,92.33
72,2,2003,94.53
72,2,2004,93.87
72,2,2005,92.81
72,2,2006,89.09
72,2,2007,89.91
72,2,2008,87.85
72,2,2009,88.36
72,2,2010,88.17
72,2,2011,87.25
72,2,2012,86.06
72,2,2013,85.87
72,2,2014,86.62
72,2,2015,89.56
72,2,2016,90.51
72,2,2017,90.09
72,2,2018,88.44
72,2,2019,87.61
72,2,2020,85.29
72,2,2021,87.9
72,2,2022,92.72
72,2,2023,97.95
74,2,1990,61.94
74,2,1991,62.42
74,2,1992,63.27
74,2,1993,64.73
74,2,1994,66.47
74,2,1995,69.51
74,2,1996,73.11
74,2,1997,75.99
74,2,1998,78.73
74,2,1999,80.84
74,2,2000,83.09
74,2,2001,85.22
74,2,2002,87.57
74,2,2003,88.41
74,2,2004,89.49
74,2,2005,90.73
74,2,2006,91.52
74,2,2007,92.4
74,2,2008,93.03
74,2,2009,93.21
74,2,2010,94.42
74,2,2011,95.13
74,2,2012,95.84
74,2,2013,96.82
74,2,2014,97.64
74,2,2015,98.53
74,2,2016,99.54
74,2,2017,100.91
74,2,2018,103.4
74,2,2019,106.25
74,2,2020,107.16
74,2,2021,112.33
74,2,2022,116.62
74,2,2023,117.96
75,2,1990,79.27
75,2,1991,80.89
75,2,1992,81.29
75,2,1993,82.12
75,2,1994,84.3
75,2,1995,86.78
75,2,1996,86.32
75,2,1997,85.41
75,2,1998,84.68
75,2,1999,84.45
75,2,2000,86.24
75,2,2001,85.39
75,2,2002,85.66
75,2,2003,87.28
75,2,2004,86.66
75,2,2005,87.81
75,2,2006,89.17
75,2,2007,87.96
75,2,2008,86.44
75,2,2009,86.87
75,2,2010,85.33
75,2,2011,83.74
75,2,2012,84.07
75,2,2013,83.26
75,2,2014,82.67
75,2,2015,83.12
75,2,2016,81.07
75,2,2017,80.6
75,2,2018,80.49
75,2,2019,78.94
75,2,2020,77.52
75,2,2021,76.72
75,2,2022,78.1
75,2,2023,77.33
76,2,1990,107.83
76,2,1991,108.66
76,2,1992,107.28
76,2,1993,107.79
76,2,1994,109.89
76,2,1995,112.19
76,2,1996,111.65
76,2,1997,110.02
76,2,1998,111.01
76,2,1999,110.81
76,2,2000,107.72
76,2,2001,106.09
76,2,2002,106.43
76,2,2003,105.89
76,2,2004,105.03
76,2,2005,104.08
76,2,2006,103.45
76,2,2007,104.48
76,2,2008,104.98
76,2,2009,103.16
76,2,2010,102.02
76,2,2011,100.48
76,2,2012,98.76
76,2,2013,97.91
76,2,2014,95.33
76,2,2015,92.2
76,2,2016,91.09
76,2,2017,89.02
76,2,2018,86.38
76,2,2019,81.58
76,2,2020,81.38
76,2,2021,81.84
76,2,2022,85.49
76,2,2023,83.23
77,2,1990,50.45
77,2,1991,50.88
77,2,1992,52.36
77,2,1993,54.79
77,2,1994,57.05
77,2,1995,58.63
77,2,1996,59.35
77,2,1997,61.52
77,2,1998,63.72
77,2,1999,64.54
77,2,2000,64.67
77,2,2001,65.81
77,2,2002,67.83
77,2,2003,71.75
77,2,2004,76.29
77,2,2005,80.52
77,2,2006,84
77,2,2007,87.94
77,2,2008,89.83
77,2,2009,89.79
77,2,2010,90.49
77,2,2011,90.93
77,2,2012,90.92
77,2,2013,90.78
77,2,2014,90.87
77,2,2015,91.11
77,2,2016,90.84
77,2,2017,90.11
77,2,2018,89.12
77,2,2019,90.03
77,2,2020,93.02
77,2,2021,97.1
77,2,2022,93.4
77,2,2023,89.41
78,2,1990,123.88
78,2,1991,124.7
78,2,1992,125.87
78,2,1993,122.13
78,2,1994,103.52
78,2,1995,104.54
78,2,1996,104.49
78,2,1997,103.32
78,2,1998,101.36
78,2,1999,99.8
78,2,2000,101.35
78,2,2001,102.01
78,2,2002,102.18
78,2,2003,99.03
78,2,2004,98.68
78,2,2005,98.79
78,2,2006,100.25
78,2,2007,102.67
78,2,2008,101.12
78,2,2009,101.83
78,2,2010,102.14
78,2,2011,98.88
78,2,2012,95.76
78,2,2013,92.01
78,2,2014,91.25
78,2,2015,87.92
78,2,2016,87.65
78,2,2017,86.33
78,2,2018,83.39
78,2,2019,84.79
78,2,2020,83.97
78,2,2021,86.83
78,2,2022,87.21
78,2,2023,84.56
79,2,1990,74.74
79,2,1991,73.95
79,2,1992,76.5
79,2,1993,78
79,2,1994,79.48
79,2,1995,83.08
79,2,1996,82.92
79,2,1997,83.9
79,2,1998,85.25
79,2,1999,87.43
79,2,2000,87.11
79,2,2001,88.01
79,2,2002,87.1
79,2,2003,87.44
79,2,2004,88.72
79,2,2005,92
79,2,2006,95.77
79,2,2007,94.76
79,2,2008,93.05
79,2,2009,92.12
79,2,2010,95.36
79,2,2011,92.1
79,2,2012,94.37
79,2,2013,91.55
79,2,2014,87.54
79,2,2015,86.27
79,2,2016,89.72
79,2,2017,89.78
79,2,2018,86.46
79,2,2019,85.29
79,2,2020,86.74
79,2,2021,86.5
79,2,2022,88.13
79,2,2023,92.28
80,2,1990,80.45
80,2,1991,81.54
80,2,1992,83.67
80,2,1993,86.25
80,2,1994,87.46
80,2,1995,89.91
80,2,1996,91.66
80,2,1997,92.53
80,2,1998,94.05
80,2,1999,96.41
80,2,2000,96.88
80,2,2001,97.2
80,2,2002,99.14
80,2,2003,101.6
80,2,2004,101.29
80,2,2005,104.26
80,2,2006,106.35
80,2,2007,106.39
80,2,2008,108.55
80,2,2009,108.56
80,2,2010,107.49
80,2,2011,104.26
80,2,2012,104.84
80,2,2013,105.68
80,2,2014,106.21
80,2,2015,108.68
80,2,2016,109.98
80,2,2017,111.12
80,2,2018,111.17
80,2,2019,109.86
80,2,2020,108.12
80,2,2021,101.78
80,2,2022,111.93
80,2,2023,114.63
81,2,1990,82.43
81,2,1991,85.3
81,2,1992,86.63
81,2,1993,89.75
81,2,1994,91.61
81,2,1995,95.09
81,2,1996,97.79
81,2,1997,96.09
81,2,1998,94.94
81,2,1999,94.42
81,2,2000,93.59
81,2,2001,92.96
81,2,2002,93.09
81,2,2003,93.1
81,2,2004,94.36
81,2,2005,96.04
81,2,2006,96.4
81,2,2007,96.46
81,2,2008,98.62
81,2,2009,98.11
81,2,2010,98.29
81,2,2011,97.31
81,2,2012,95.77
81,2,2013,95.36
81,2,2014,92.56
81,2,2015,93.29
81,2,2016,93.65
81,2,2017,93.34
81,2,2018,94.37
81,2,2019,94.01
81,2,2020,97.05
81,2,2021,98.31
81,2,2022,100.82
81,2,2023,100.41
82,2,1990,84.78
82,2,1991,86.43
82,2,1992,88.02
82,2,1993,89.79
82,2,1994,90.65
82,2,1995,89.92
82,2,1996,90.19
82,2,1997,88.74
82,2,1998,88.1
82,2,1999,89.31
82,2,2000,91.44
82,2,2001,93
82,2,2002,94.05
82,2,2003,93.48
82,2,2004,95.62
82,2,2005,94.73
82,2,2006,94.34
82,2,2007,92.46
82,2,2008,91.5
82,2,2009,86.56
82,2,2010,85.5
82,2,2011,80.83
82,2,2012,82.14
82,2,2013,80.51
82,2,2014,80.53
82,2,2015,81.19
82,2,2016,81.88
82,2,2017,81.85
82,2,2018,80.28
82,2,2019,79.75
82,2,2020,79.29
82,2,2021,80.79
82,2,2022,78.41
82,2,2023,79.38
83,2,1990,92.14
83,2,1991,92.94
83,2,1992,94.42
83,2,1993,97.63
83,2,1994,99.24
83,2,1995,100.7
83,2,1996,97.12
83,2,1997,97.62
83,2,1998,95.93
83,2,1999,92.47
83,2,2000,89.69
83,2,2001,89
83,2,2002,90.5
83,2,2003,89.34
83,2,2004,90.33
83,2,2005,89.98
83,2,2006,91.88
83,2,2007,92.26
83,2,2008,90.5
83,2,2009,85.76
83,2,2010,80.6
83,2,2011,81.69
83,2,2012,85.77
83,2,2013,87.98
83,2,2014,88.52
83,2,2015,88.94
83,2,2016,86.26
83,2,2017,83.49
83,2,2018,83.59
83,2,2019,83.18
83,2,2020,81.4
83,2,2021,81.33
83,2,2022,83.01
83,2,2023,86.56
84,2,1990,95.46
84,2,1991,98.84
84,2,1992,100.34
84,2,1993,100.29
84,2,1994,100.39
84,2,1995,99.19
84,2,1996,99.83
84,2,1997,98.44
84,2,1998,98.3
84,2,1999,101.79
84,2,2000,102.59
84,2,2001,101.77
84,2,2002,98.11
84,2,2003,100.23
84,2,2004,104.12
84,2,2005,106.75
84,2,2006,107.23
84,2,2007,104.71
84,2,2008,107.55
84,2,2009,103.26
84,2,2010,100.22
84,2,2011,99.12
84,2,2012,101.72
84,2,2013,102.16
84,2,2014,102.45
84,2,2015,100.5
84,2,2016,101.31
84,2,2017,101.06
84,2,2018,100.5
84,2,2019,95.2
84,2,2020,97.41
84,2,2021,90.98
84,2,2022,98.66
84,2,2023,100.03
85,2,1990,79.27
85,2,1991,83.26
85,2,1992,85.39
85,2,1993,87.91
85,2,1994,90.65
85,2,1995,94.19
85,2,1996,92.84
85,2,1997,92.36
85,2,1998,94.74
85,2,1999,93.52
85,2,2000,93.11
85,2,2001,91.83
85,2,2002,89.77
85,2,2003,89.92
85,2,2004,90.75
85,2,2005,89.93
85,2,2006,90.16
85,2,2007,92.26
85,2,2008,91.84
85,2,2009,87.82
85,2,2010,84.78
85,2,2011,85.18
85,2,2012,84.84
85,2,2013,85.07
85,2,2014,83.07
85,2,2015,82.44
85,2,2016,81.52
85,2,2017,82.3
85,2,2018,81.75
85,2,2019,81.35
85,2,2020,79.5
85,2,2021,80.5
85,2,2022,81.64
85,2,2023,80.37
86,2,1990,92.48
86,2,1991,93.86
86,2,1992,93.02
86,2,1993,96.09
86,2,1994,97.79
86,2,1995,99.75
86,2,1996,100.92
86,2,1997,100.36
86,2,1998,100.01
86,2,1999,98.86
86,2,2000,100.52
86,2,2001,101.35
86,2,2002,101.31
86,2,2003,102.54
86,2,2004,98.97
86,2,2005,99.76
86,2,2006,100.16
86,2,2007,101.62
86,2,2008,101.71
86,2,2009,99.9
86,2,2010,97.16
86,2,2011,94.55
86,2,2012,93.88
86,2,2013,91.61
86,2,2014,90.46
86,2,2015,90.85
86,2,2016,88.99
86,2,2017,89.92
86,2,2018,88.89
86,2,2019,88.33
86,2,2020,88.23
86,2,2021,86.76
86,2,2022,86.73
86,2,2023,85.13
87,2,1990,91.99
87,2,1991,90.08
87,2,1992,87.58
87,2,1993,93.82
87,2,1994,97.04
87,2,1995,99.63
87,2,1996,94.6
87,2,1997,93.55
87,2,1998,91.69
87,2,1999,95.32
87,2,2000,98.43
87,2,2001,96.89
87,2,2002,94.01
87,2,2003,93.95
87,2,2004,92.25
87,2,2005,95.01
87,2,2006,98.47
87,2,2007,97.88
87,2,2008,101.35
87,2,2009,102.37
87,2,2010,102.16
87,2,2011,98.39
87,2,2012,93.44
87,2,2013,93.41
87,2,2014,92.92
87,2,2015,91.87
87,2,2016,86.72
87,2,2017,83.53
87,2,2018,81.53
87,2,2019,80.81
87,2,2020,78.58
87,2,2021,75.63
87,2,2022,75.34
87,2,2023,79.52
88,2,1990,92.27
88,2,1991,95.52
88,2,1992,95.62
88,2,1993,101.52
88,2,1994,101.55
88,2,1995,100.49
88,2,1996,96.43
88,2,1997,93.01
88,2,1998,96.32
88,2,1999,96.83
88,2,2000,99.09
88,2,2001,93.7
88,2,2002,89.69
88,2,2003,89.54
88,2,2004,89.66
88,2,2005,92.18
88,2,2006,94.12
88,2,2007,92.91
88,2,2008,89.57
88,2,2009,93.29
88,2,2010,89.95
88,2,2011,87.9
88,2,2012,85.38
88,2,2013,85.79
88,2,2014,85.18
88,2,2015,85.78
88,2,2016,84.23
88,2,2017,81.98
88,2,2018,85.28
88,2,2019,85.99
88,2,2020,86.32
88,2,2021,87.97
88,2,2022,87.14
88,2,2023,85.22
89,2,1990,97.46
89,2,1991,98.82
89,2,1992,99.18
89,2,1993,100.43
89,2,1994,100.57
89,2,1995,100.23
89,2,1996,102.72
89,2,1997,103.58
89,2,1998,104.32
89,2,1999,106.66
89,2,2000,104.89
89,2,2001,105.74
89,2,2002,107.71
89,2,2003,106.8
89,2,2004,106.37
89,2,2005,105.67
89,2,2006,107.2
89,2,2007,106.92
89,2,2008,109.13
89,2,2009,106.21
89,2,2010,107.44
89,2,2011,107.38
89,2,2012,105.03
89,2,2013,102.89
89,2,2014,98.78
89,2,2015,101.37
89,2,2016,99.72
89,2,2017,96.39
89,2,2018,93.36
89,2,2019,91.86
89,2,2020,90.82
89,2,2021,93.11
89,2,2022,92.47
89,2,2023,87.56
90,2,1990,67.21
90,2,1991,67.36
90,2,1992,70.33
90,2,1993,73.93
90,2,1994,77.35
90,2,1995,79.23
90,2,1996,82.42
90,2,1997,81.32
90,2,1998,82.14
90,2,1999,80.41
90,2,2000,82
90,2,2001,82.84
90,2,2002,81.64
90,2,2003,81.19
90,2,2004,80.49
90,2,2005,80.23
90,2,2006,80.03
90,2,2007,78.3
90,2,2008,76.17
90,2,2009,76.45
90,2,2010,75.96
90,2,2011,73.55
90,2,2012,72.26
90,2,2013,72.06
90,2,2014,70.88
90,2,2015,67.07
90,2,2016,67.96
90,2,2017,65.57
90,2,2018,67.38
90,2,2019,65.54
90,2,2020,62.5
90,2,2021,56.43
90,2,2022,58.89
90,2,2023,63.37
91,2,1990,72.91
91,2,1991,76.33
91,2,1992,79.18
91,2,1993,79.69
91,2,1994,81.58
91,2,1995,82.23
91,2,1996,85.56
91,2,1997,86.32
91,2,1998,87.76
91,2,1999,87.14
91,2,2000,87.69
91,2,2001,89.01
91,2,2002,88.99
91,2,2003,90.11
91,2,2004,91.09
91,2,2005,102.52
91,2,2006,105.08
91,2,2007,99.1
91,2,2008,96.47
91,2,2009,95.33
91,2,2010,95.62
91,2,2011,93.37
91,2,2012,95.38
91,2,2013,90.96
91,2,2014,88.01
91,2,2015,89.2
91,2,2016,92.48
91,2,2017,91.52
91,2,2018,91.1
91,2,2019,93.86
91,2,2020,93.83
91,2,2021,89.26
91,2,2022,96.52
91,2,2023,94.33
92,2,1990,68.66
92,2,1991,69.61
92,2,1992,70.07
92,2,1993,71.97
92,2,1994,72.28
92,2,1995,72.8
92,2,1996,71.36
92,2,1997,70.34
92,2,1998,70.17
92,2,1999,69.51
92,2,2000,68.68
92,2,2001,69.32
92,2,2002,69.17
92,2,2003,69.66
92,2,2004,69.22
92,2,2005,69.91
92,2,2006,70.78
92,2,2007,72.36
92,2,2008,72.4
92,2,2009,71.11
92,2,2010,70.58
92,2,2011,70.33
92,2,2012,69.84
92,2,2013,69.14
92,2,2014,66.7
92,2,2015,66.42
92,2,2016,65.56
92,2,2017,64.99
92,2,2018,65.71
92,2,2019,64.55
92,2,2020,65.1
92,2,2021,62.34
92,2,2022,66.26
92,2,2023,64.97
93,2,1990,75.23
93,2,1991,75.55
93,2,1992,77.5
93,2,1993,78.32
93,2,1994,78.16
93,2,1995,81.4
93,2,1996,83.16
93,2,1997,85.36
93,2,1998,88.09
93,2,1999,86.51
93,2,2000,88.15
93,2,2001,86.61
93,2,2002,85.81
93,2,2003,88.37
93,2,2004,90.28
93,2,2005,90.91
93,2,2006,89.16
93,2,2007,86.92
93,2,2008,88.12
93,2,2009,85.39
93,2,2010,86.6
93,2,2011,86.15
93,2,2012,85.82
93,2,2013,84.3
93,2,2014,81.48
93,2,2015,79.52
93,2,2016,78.01
93,2,2017,77.07
93,2,2018,75.01
93,2,2019,74.45
93,2,2020,74.41
93,2,2021,72.19
93,2,2022,72.54
93,2,2023,73.34
94,2,1990,94.8
94,2,1991,95.72
94,2,1992,96.94
94,2,1993,100.11
94,2,1994,104.63
94,2,1995,108.58
94,2,1996,108.11
94,2,1997,107.3
94,2,1998,105.28
94,2,1999,101.68
94,2,2000,103.91
94,2,2001,105.29
94,2,2002,104.78
94,2,2003,105.42
94,2,2004,103.34
94,2,2005,100.94
94,2,2006,100.59
94,2,2007,99.04
94,2,2008,101.71
94,2,2009,101.81
94,2,2010,99.75
94,2,2011,95.77
94,2,2012,92.97
94,2,2013,90.87
94,2,2014,90.01
94,2,2015,88.91
94,2,2016,87.22
94,2,2017,85.84
94,2,2018,85.84
94,2,2019,84.74
94,2,2020,81.48
94,2,2021,79.12
94,2,2022,82.95
94,2,2023,75.85
95,2,1990,102.94
95,2,1991,103.44
95,2,1992,103.7
95,2,1993,105.51
95,2,1994,105.03
95,2,1995,105.01
95,2,1996,103.38
95,2,1997,101.88
95,2,1998,101.67
95,2,1999,101.51
95,2,2000,100.86
95,2,2001,100.82
95,2,2002,100.27
95,2,2003,100
95,2,2004,98.59
95,2,2005,99.36
95,2,2006,99.02
95,2,2007,98.79
95,2,2008,98.91
95,2,2009,96.64
95,2,2010,95.46
95,2,2011,95.16
95,2,2012,94.83
95,2,2013,93.04
95,2,2014,90.64
95,2,2015,90.5
95,2,2016,88.98
95,2,2017,87.31
95,2,2018,87.33
95,2,2019,85.89
95,2,2020,86.01
95,2,2021,83.25
95,2,2022,83.44
95,2,2023,89.5
97,2,1990,54.72
97,2,1991,55.03
97,2,1992,55.92
97,2,1993,56.83
97,2,1994,56.95
97,2,1995,58.81
97,2,1996,60.21
97,2,1997,61.15
97,2,1998,62.28
97,2,1999,62.92
97,2,2000,62.12
97,2,2001,62.34
97,2,2002,62.37
97,2,2003,63.42
97,2,2004,62.72
97,2,2005,62.83
97,2,2006,62
97,2,2007,62.57
97,2,2008,60.57
97,2,2009,60.42
97,2,2010,60.96
97,2,2011,60.35
97,2,2012,60.41
97,2,2013,60.23
97,2,2014,58.68
97,2,2015,58.57
97,2,2016,59.41
97,2,2017,58.5
97,2,2018,57.05
97,2,2019,57.07
97,2,2020,54.82
97,2,2021,58.75
97,2,2022,64.89
97,2,2023,58.99
98,2,1990,31.66
98,2,1991,31.87
98,2,1992,31.59
98,2,1993,31.58
98,2,1994,31.99
98,2,1995,33.05
98,2,1996,33.14
98,2,1997,31.69
98,2,1998,32.95
98,2,1999,32.88
98,2,2000,33.24
98,2,2001,33.26
98,2,2002,33.42
98,2,2003,33.51
98,2,2004,34.1
98,2,2005,35.02
98,2,2006,34.72
98,2,2007,34.69
98,2,2008,35.37
98,2,2009,37.18
98,2,2010,37.58
98,2,2011,37.43
98,2,2012,37.27
98,2,2013,36.87
98,2,2014,36.9
98,2,2015,37.23
98,2,2016,37.33
98,2,2017,37.15
98,2,2018,37.25
98,2,2019,38.81
98,2,2020,37.7
98,2,2021,36.67
98,2,2022,38.45
98,2,2023,39.41
99,2,1990,71.73
99,2,1991,71.11
99,2,1992,70
99,2,1993,70.42
99,2,1994,71.77
99,2,1995,72.66
99,2,1996,73.02
99,2,1997,73.89
99,2,1998,75.95
99,2,1999,75.59
99,2,2000,77.1
99,2,2001,74.57
99,2,2002,75
99,2,2003,73.63
99,2,2004,74.49
99,2,2005,76.19
99,2,2006,76.15
99,2,2007,74.94
99,2,2008,73.79
99,2,2009,73.97
99,2,2010,72.9
99,2,2011,73.12
99,2,2012,71.2
99,2,2013,71.42
99,2,2014,70.55
99,2,2015,72.32
99,2,2016,73.42
99,2,2017,72.55
99,2,2018,76.01
99,2,2019,75.93
99,2,2020,70.5
99,2,2021,73.45
99,2,2022,83.63
99,2,2023,81.93
101,2,1990,109.52
101,2,1991,108.64
101,2,1992,108.36
101,2,1993,108.13
101,2,1994,109.9
101,2,1995,109.61
101,2,1996,110.45
101,2,1997,109.73
101,2,1998,106.86
101,2,1999,104.8
101,2,2000,105.49
101,2,2001,105.85
101,2,2002,105.06
101,2,2003,103.42
101,2,2004,101.12
101,2,2005,98.87
101,2,2006,96.5
101,2,2007,96.13
101,2,2008,94.28
101,2,2009,91
101,2,2010,89.52
101,2,2011,87.42
101,2,2012,85.98
101,2,2013,83.62
101,2,2014,83.25
101,2,2015,83.46
101,2,2016,83.54
101,2,2017,82.56
101,2,2018,81.34
101,2,2019,80.25
101,2,2020,80.39
101,2,2021,80.58
101,2,2022,81.9
101,2,2023,82.51
102,2,1990,128.64
102,2,1991,128.91
102,2,1992,127.67
102,2,1993,128.68
102,2,1994,128.26
102,2,1995,129.03
102,2,1996,128.03
102,2,1997,126.25
102,2,1998,125.36
102,2,1999,125.91
102,2,2000,126.18
102,2,2001,125.64
102,2,2002,124.69
102,2,2003,123.68
102,2,2004,120.46
102,2,2005,119.37
102,2,2006,116.28
102,2,2007,113.39
102,2,2008,113.3
102,2,2009,111.87
102,2,2010,109.83
102,2,2011,108.08
102,2,2012,106.05
102,2,2013,104.2
102,2,2014,102.29
102,2,2015,101.15
102,2,2016,99.63
102,2,2017,98.22
102,2,2018,95.82
102,2,2019,94.39
102,2,2020,95.38
102,2,2021,94.35
102,2,2022,93.48
102,2,2023,92.47
105,2,1990,63.5
105,2,1991,62.73
105,2,1992,63.38
105,2,1993,61.21
105,2,1994,63.83
105,2,1995,64.86
105,2,1996,64.06
105,2,1997,61.43
105,2,1998,60.91
105,2,1999,61.87
105,2,2000,67.8
105,2,2001,66.24
105,2,2002,68.07
105,2,2003,68.09
105,2,2004,69.45
105,2,2005,66.6
105,2,2006,63.97
105,2,2007,64.64
105,2,2008,63.84
105,2,2009,67.07
105,2,2010,69.93
105,2,2011,70.68
105,2,2012,71.28
105,2,2013,70.66
105,2,2014,71.14
105,2,2015,72.37
105,2,2016,74.74
105,2,2017,77.2
105,2,2018,77.18
105,2,2019,78.45
105,2,2020,80.42
105,2,2021,82.09
105,2,2022,86.67
105,2,2023,89.74
106,2,1990,69.08
106,2,1991,72.02
106,2,1992,70.88
106,2,1993,71.64
106,2,1994,71.94
106,2,1995,70.08
106,2,1996,72.56
106,2,1997,70.93
106,2,1998,73.4
106,2,1999,76.82
106,2,2000,81.16
106,2,2001,85.37
106,2,2002,89.23
106,2,2003,88.8
106,2,2004,92.7
106,2,2005,89.97
106,2,2006,91.16
106,2,2007,92.12
106,2,2008,92.15
106,2,2009,95.76
106,2,2010,101.48
106,2,2011,102.29
106,2,2012,101.69
106,2,2013,101.2
106,2,2014,99.3
106,2,2015,101.21
106,2,2016,103.31
106,2,2017,104.34
106,2,2018,105.24
106,2,2019,112.79
106,2,2020,110.45
106,2,2021,141.18
106,2,2022,115.07
106,2,2023,111.22
107,2,1990,69.69
107,2,1991,71.42
107,2,1992,71.14
107,2,1993,73.19
107,2,1994,73.26
107,2,1995,74.45
107,2,1996,74.53
107,2,1997,75.91
107,2,1998,78.64
107,2,1999,80.44
107,2,2000,82.22
107,2,2001,86.36
107,2,2002,84.92
107,2,2003,83.43
107,2,2004,82.4
107,2,2005,80.89
107,2,2006,79.82
107,2,2007,81.28
107,2,2008,81.59
107,2,2009,85.05
107,2,2010,87.44
107,2,2011,91.16
107,2,2012,91.92
107,2,2013,89.17
107,2,2014,90.16
107,2,2015,91.55
107,2,2016,93.4
107,2,2017,94.92
107,2,2018,96.41
107,2,2019,99.13
107,2,2020,104.03
107,2,2021,111.74
107,2,2022,112.52
107,2,2023,113.95
108,2,1990,19.34
108,2,1991,19.79
108,2,1992,20.05
108,2,1993,20.69
108,2,1994,21.53
108,2,1995,21.47
108,2,1996,22.78
108,2,1997,23.41
108,2,1998,24.87
108,2,1999,25.27
108,2,2000,26.39
108,2,2001,27.25
108,2,2002,28.04
108,2,2003,28.4
108,2,2004,28.8
108,2,2005,29.46
108,2,2006,29.23
108,2,2007,29.93
108,2,2008,30.56
108,2,2009,31
108,2,2010,31.03
108,2,2011,30.9
108,2,2012,32.07
108,2,2013,31.79
108,2,2014,31.77
108,2,2015,31.96
108,2,2016,31.23
108,2,2017,30.93
108,2,2018,30.97
108,2,2019,31.66
108,2,2020,32.2
108,2,2021,33.4
108,2,2022,31.81
108,2,2023,32.68
109,2,1990,47.86
109,2,1991,49.82
109,2,1992,50.83
109,2,1993,50.78
109,2,1994,51.94
109,2,1995,51.69
109,2,1996,53.59
109,2,1997,51.92
109,2,1998,50.12
109,2,1999,51.24
109,2,2000,51.52
109,2,2001,52.86
109,2,2002,53.93
109,2,2003,54.59
109,2,2004,55.4
109,2,2005,55.62
109,2,2006,56.84
109,2,2007,58.16
109,2,2008,58.66
109,2,2009,59.65
109,2,2010,59.62
109,2,2011,58.96
109,2,2012,59.45
109,2,2013,58.34
109,2,2014,58.97
109,2,2015,57.51
109,2,2016,56.38
109,2,2017,55.39
109,2,2018,56.78
109,2,2019,58.05
109,2,2020,61.24
109,2,2021,71.38
109,2,2022,57.13
109,2,2023,60.41
110,2,1990,40.79
110,2,1991,41.53
110,2,1992,42.01
110,2,1993,43.18
110,2,1994,44.28
110,2,1995,45.16
110,2,1996,45.66
110,2,1997,45.69
110,2,1998,46.09
110,2,1999,46.25
110,2,2000,47.07
110,2,2001,48.05
110,2,2002,48.98
110,2,2003,50.44
110,2,2004,50.86
110,2,2005,50.8
110,2,2006,51.16
110,2,2007,51.7
110,2,2008,52.8
110,2,2009,53.37
110,2,2010,53.9
110,2,2011,53.86
110,2,2012,53.92
110,2,2013,53.57
110,2,2014,53.53
110,2,2015,53.9
110,2,2016,55.14
110,2,2017,55.35
110,2,2018,54.91
110,2,2019,55.94
110,2,2020,58.32
110,2,2021,58.25
110,2,2022,57.04
110,2,2023,59.56
111,2,1990,26.17
111,2,1991,25.58
111,2,1992,24.96
111,2,1993,24.24
111,2,1994,24.07
111,2,1995,23.97
111,2,1996,23.81
111,2,1997,23.6
111,2,1998,23.58
111,2,1999,24.2
111,2,2000,25.41
111,2,2001,27.12
111,2,2002,28.33
111,2,2003,28.59
111,2,2004,28.74
111,2,2005,28.81
111,2,2006,29.34
111,2,2007,30.5
111,2,2008,32
111,2,2009,33.27
111,2,2010,34.31
111,2,2011,35.25
111,2,2012,35.47
111,2,2013,35
111,2,2014,34.77
111,2,2015,35.87
111,2,2016,37.03
111,2,2017,37.92
111,2,2018,38.75
111,2,2019,39.87
111,2,2020,40.85
111,2,2021,43.38
111,2,2022,45.54
111,2,2023,47.76
112,2,1990,48.25
112,2,1991,49.52
112,2,1992,49.33
112,2,1993,48.63
112,2,1994,49.79
112,2,1995,49.43
112,2,1996,51.55
112,2,1997,52.16
112,2,1998,52.7
112,2,1999,51.88
112,2,2000,52.08
112,2,2001,52.5
112,2,2002,54.83
112,2,2003,54.85
112,2,2004,53.12
112,2,2005,52.23
112,2,2006,54.14
112,2,2007,55.89
112,2,2008,56.55
112,2,2009,56.69
112,2,2010,58.29
112,2,2011,59.77
112,2,2012,60.92
112,2,2013,60.14
112,2,2014,59.23
112,2,2015,57.74
112,2,2016,57.74
112,2,2017,57.17
112,2,2018,57.39
112,2,2019,58.7
112,2,2020,58.53
112,2,2021,59.78
112,2,2022,60.25
112,2,2023,62.46
113,2,1990,32.42
113,2,1991,31.57
113,2,1992,31.48
113,2,1993,31.63
113,2,1994,30.42
113,2,1995,30.44
113,2,1996,33.61
113,2,1997,34.34
113,2,1998,32.67
113,2,1999,36.22
113,2,2000,42.72
113,2,2001,38.75
113,2,2002,39.31
113,2,2003,37.03
113,2,2004,37.12
113,2,2005,38.11
113,2,2006,37.11
113,2,2007,39.29
113,2,2008,39.48
113,2,2009,39.2
113,2,2010,39.39
113,2,2011,40.53
113,2,2012,42.02
113,2,2013,41.53
113,2,2014,41.77
113,2,2015,40.02
113,2,2016,37.86
113,2,2017,36.75
113,2,2018,38.52
113,2,2019,38.61
113,2,2020,44.26
113,2,2021,49.32
113,2,2022,50.43
113,2,2023,56.07
114,2,1990,24.8
114,2,1991,23.81
114,2,1992,24.2
114,2,1993,24.05
114,2,1994,23.31
114,2,1995,23.63
114,2,1996,23.61
114,2,1997,24.44
114,2,1998,23.43
114,2,1999,24.14
114,2,2000,24.32
114,2,2001,24.81
114,2,2002,24.97
114,2,2003,25.34
114,2,2004,25.87
114,2,2005,25.9
114,2,2006,26.35
114,2,2007,27.24
114,2,2008,27.71
114,2,2009,28.04
114,2,2010,28.08
114,2,2011,28.81
114,2,2012,29.72
114,2,2013,30.93
114,2,2014,31.49
114,2,2015,32.08
114,2,2016,32.9
114,2,2017,33.96
114,2,2018,35.63
114,2,2019,37.24
114,2,2020,37.42
114,2,2021,40.85
114,2,2022,44.18
114,2,2023,46.46
115,2,1990,44.57
115,2,1991,45.53
115,2,1992,45.37
115,2,1993,45.84
115,2,1994,46.81
115,2,1995,49.37
115,2,1996,54.1
115,2,1997,56.69
115,2,1998,57.95
115,2,1999,58.92
115,2,2000,60.79
115,2,2001,62.46
115,2,2002,59.71
115,2,2003,60.03
115,2,2004,58.4
115,2,2005,55.96
115,2,2006,55.71
115,2,2007,56.87
115,2,2008,59.76
115,2,2009,58.65
115,2,2010,60.58
115,2,2011,62.53
115,2,2012,66.28
115,2,2013,70.02
115,2,2014,71.63
115,2,2015,73.45
115,2,2016,74.87
115,2,2017,75.8
115,2,2018,76.45
115,2,2019,77.76
115,2,2020,79.31
115,2,2021,84.92
115,2,2022,80.31
115,2,2023,79.82
116,2,1990,56.64
116,2,1991,56.48
116,2,1992,55.84
116,2,1993,53.63
116,2,1994,54.75
116,2,1995,52.95
116,2,1996,53.64
116,2,1997,51.49
116,2,1998,50.17
116,2,1999,51.46
116,2,2000,52.93
116,2,2001,52.47
116,2,2002,54.24
116,2,2003,53.22
116,2,2004,53.69
116,2,2005,51.09
116,2,2006,50.7
116,2,2007,49.82
116,2,2008,49.93
116,2,2009,52.72
116,2,2010,54.98
116,2,2011,55.66
116,2,2012,57.02
116,2,2013,54.28
116,2,2014,52.09
116,2,2015,51.95
116,2,2016,49.04
116,2,2017,50.05
116,2,2018,51.32
116,2,2019,50.66
116,2,2020,50.51
116,2,2021,55.18
116,2,2022,53.6
116,2,2023,56.53
117,2,1990,52.42
117,2,1991,54.66
117,2,1992,56.95
117,2,1993,58.41
117,2,1994,59.82
117,2,1995,59.33
117,2,1996,59.19
117,2,1997,56.87
117,2,1998,55.27
117,2,1999,56.45
117,2,2000,58.49
117,2,2001,60.78
117,2,2002,60.32
117,2,2003,58.94
117,2,2004,59.95
117,2,2005,57.96
117,2,2006,57.1
117,2,2007,57.24
117,2,2008,59.51
117,2,2009,61.52
117,2,2010,63.84
117,2,2011,67.8
117,2,2012,71.24
117,2,2013,70.3
117,2,2014,67.06
117,2,2015,65.64
117,2,2016,64.7
117,2,2017,64.82
117,2,2018,66.56
117,2,2019,69.85
117,2,2020,68.39
117,2,2021,64.73
117,2,2022,66.58
117,2,2023,69.63
118,2,1990,26.58
118,2,1991,26.91
118,2,1992,27.36
118,2,1993,27.58
118,2,1994,28.54
118,2,1995,30
118,2,1996,31.37
118,2,1997,31.91
118,2,1998,31.6
118,2,1999,31.24
118,2,2000,29.74
118,2,2001,29.54
118,2,2002,30.65
118,2,2003,31.23
118,2,2004,31.85
118,2,2005,32.37
118,2,2006,32.99
118,2,2007,33.47
118,2,2008,33.98
118,2,2009,34.78
118,2,2010,35.64
118,2,2011,36.78
118,2,2012,37.42
118,2,2013,37.31
118,2,2014,37.05
118,2,2015,36.96
118,2,2016,36.75
118,2,2017,36.24
118,2,2018,35.83
118,2,2019,36.15
118,2,2020,36.6
118,2,2021,41.56
118,2,2022,37.84
118,2,2023,38.55
119,2,1990,55.22
119,2,1991,53.63
119,2,1992,53.57
119,2,1993,55.42
119,2,1994,57.55
119,2,1995,58.8
119,2,1996,58.95
119,2,1997,57.03
119,2,1998,54.91
119,2,1999,52.56
119,2,2000,53.26
119,2,2001,52.5
119,2,2002,55.58
119,2,2003,54.47
119,2,2004,57.3
119,2,2005,56.42
119,2,2006,56.55
119,2,2007,59.11
119,2,2008,58.25
119,2,2009,59.75
119,2,2010,61.8
119,2,2011,63.59
119,2,2012,63.81
119,2,2013,64.36
119,2,2014,64.82
119,2,2015,65.4
119,2,2016,65.21
119,2,2017,66.1
119,2,2018,67.21
119,2,2019,68.6
119,2,2020,70.34
119,2,2021,76.64
119,2,2022,75.31
119,2,2023,77.91
121,2,1990,15.63
121,2,1991,16.03
121,2,1992,16.4
121,2,1993,16.87
121,2,1994,17.53
121,2,1995,18.43
121,2,1996,19.45
121,2,1997,20.27
121,2,1998,21.4
121,2,1999,22.48
121,2,2000,23.55
121,2,2001,24.59
121,2,2002,25.42
121,2,2003,26.6
121,2,2004,28.01
121,2,2005,29.25
121,2,2006,30.66
121,2,2007,31.58
121,2,2008,32.61
121,2,2009,33.55
121,2,2010,34.58
121,2,2011,35.78
121,2,2012,36.82
121,2,2013,37.79
121,2,2014,38.48
121,2,2015,39.72
121,2,2016,41.28
121,2,2017,42.68
121,2,2018,44.53
121,2,2019,46.28
121,2,2020,48.33
121,2,2021,47.96
121,2,2022,48.29
121,2,2023,48.88
122,2,1990,19.54
122,2,1991,20.39
122,2,1992,20.35
122,2,1993,20.92
122,2,1994,22.74
122,2,1995,25.14
122,2,1996,28.86
122,2,1997,29.36
122,2,1998,30.45
122,2,1999,31.99
122,2,2000,33.25
122,2,2001,33.83
122,2,2002,32.84
122,2,2003,34.41
122,2,2004,33.07
122,2,2005,33.38
122,2,2006,34.33
122,2,2007,32.76
122,2,2008,33.14
122,2,2009,33.5
122,2,2010,33.16
122,2,2011,32.31
122,2,2012,33.58
122,2,2013,33.75
122,2,2014,32.85
122,2,2015,32.07
122,2,2016,32.87
122,2,2017,33.33
122,2,2018,34.65
122,2,2019,37.95
122,2,2020,37.7
122,2,2021,39.31
122,2,2022,38.71
122,2,2023,40.29
123,2,1990,21.57
123,2,1991,22.43
123,2,1992,22.98
123,2,1993,24.86
123,2,1994,26.66
123,2,1995,29.14
123,2,1996,32.25
123,2,1997,33.21
123,2,1998,34.27
123,2,1999,35.62
123,2,2000,35.33
123,2,2001,35.4
123,2,2002,35.47
123,2,2003,36.95
123,2,2004,38.25
123,2,2005,37.79
123,2,2006,37.42
123,2,2007,38.49
123,2,2008,39.41
123,2,2009,38.8
123,2,2010,38.54
123,2,2011,38.3
123,2,2012,38.28
123,2,2013,38.45
123,2,2014,38.41
123,2,2015,38.49
123,2,2016,40.2
123,2,2017,42.99
123,2,2018,45.43
123,2,2019,47.63
123,2,2020,47.76
123,2,2021,64.09
123,2,2022,58.95
123,2,2023,61.08
125,2,1990,28.89
125,2,1991,28.36
125,2,1992,28.44
125,2,1993,29.29
125,2,1994,29.64
125,2,1995,29.77
125,2,1996,29.97
125,2,1997,29.68
125,2,1998,29.21
125,2,1999,30.48
125,2,2000,31.34
125,2,2001,31.69
125,2,2002,32.33
125,2,2003,32.98
125,2,2004,32.74
125,2,2005,31.65
125,2,2006,31.71
125,2,2007,32.68
125,2,2008,33.02
125,2,2009,34.04
125,2,2010,35.38
125,2,2011,35.92
125,2,2012,36.65
125,2,2013,36.8
125,2,2014,37.51
125,2,2015,38.38
125,2,2016,40.23
125,2,2017,41.55
125,2,2018,42.08
125,2,2019,42.53
125,2,2020,42.45
125,2,2021,43.51
125,2,2022,42.98
125,2,2023,43.44
126,2,1990,40.06
126,2,1991,38.26
126,2,1992,40.97
126,2,1993,43.01
126,2,1994,44.37
126,2,1995,44.46
126,2,1996,44.59
126,2,1997,42.88
126,2,1998,42.91
126,2,1999,43.95
126,2,2000,43.66
126,2,2001,44.27
126,2,2002,45.44
126,2,2003,45.66
126,2,2004,45.05
126,2,2005,44.42
126,2,2006,46.16
126,2,2007,47.9
126,2,2008,48.73
126,2,2009,48.98
126,2,2010,49.14
126,2,2011,48.63
126,2,2012,50.78
126,2,2013,53.81
126,2,2014,53.65
126,2,2015,52.62
126,2,2016,51.88
126,2,2017,52.4
126,2,2018,51.71
126,2,2019,53.08
126,2,2020,53.19
126,2,2021,54.22
126,2,2022,59.01
126,2,2023,63.33
127,2,1990,16.35
127,2,1991,16.87
127,2,1992,17.02
127,2,1993,17.43
127,2,1994,17.97
127,2,1995,19.17
127,2,1996,20.31
127,2,1997,21.56
127,2,1998,22.61
127,2,1999,23.66
127,2,2000,24.85
127,2,2001,26.12
127,2,2002,26.84
127,2,2003,27.49
127,2,2004,27.66
127,2,2005,27.66
127,2,2006,27.9
127,2,2007,28.52
127,2,2008,29.12
127,2,2009,28.98
127,2,2010,29.39
127,2,2011,29.53
127,2,2012,31.52
127,2,2013,32.35
127,2,2014,33.08
127,2,2015,33.39
127,2,2016,33.53
127,2,2017,34.32
127,2,2018,35.6
127,2,2019,37.06
127,2,2020,38.35
127,2,2021,41.79
127,2,2022,42.7
127,2,2023,44.82
128,2,1990,10.05
128,2,1991,9.96
128,2,1992,11.14
128,2,1993,12.33
128,2,1994,12.45
128,2,1995,12.69
128,2,1996,12.26
128,2,1997,12.02
128,2,1998,13.24
128,2,1999,13.84
128,2,2000,15.16
128,2,2001,14.82
128,2,2002,15.19
128,2,2003,15.47
128,2,2004,16.64
128,2,2005,16.45
128,2,2006,17.29
128,2,2007,15.93
128,2,2008,16.86
128,2,2009,17.37
128,2,2010,18.45
128,2,2011,18.76
128,2,2012,19.33
128,2,2013,19
128,2,2014,18.65
128,2,2015,19.7
128,2,2016,19.66
128,2,2017,20.9
128,2,2018,20.83
128,2,2019,19.97
128,2,2020,20.26
128,2,2021,21.53
128,2,2022,22.34
128,2,2023,22.4
129,2,1990,10.9
129,2,1991,11.52
129,2,1992,11.6
129,2,1993,12.05
129,2,1994,12.36
129,2,1995,12.3
129,2,1996,13.05
129,2,1997,13.23
129,2,1998,13.48
129,2,1999,13.8
129,2,2000,14.13
129,2,2001,14.52
129,2,2002,14.86
129,2,2003,15.14
129,2,2004,15.28
129,2,2005,15.29
129,2,2006,15.33
129,2,2007,15.41
129,2,2008,15.51
129,2,2009,15.52
129,2,2010,15.64
129,2,2011,15.96
129,2,2012,16.21
129,2,2013,16.23
129,2,2014,16.31
129,2,2015,16.48
129,2,2016,16.48
129,2,2017,16.56
129,2,2018,16.8
129,2,2019,17.16
129,2,2020,16.37
129,2,2021,18.6
129,2,2022,18.78
129,2,2023,18.71
130,2,1990,22.59
130,2,1991,23.48
130,2,1992,24.59
130,2,1993,25.48
130,2,1994,26.25
130,2,1995,26.91
130,2,1996,27.58
130,2,1997,28
130,2,1998,28.51
130,2,1999,28.66
130,2,2000,28.46
130,2,2001,28.57
130,2,2002,29.19
130,2,2003,29.21
130,2,2004,29.76
130,2,2005,29.44
130,2,2006,29.64
130,2,2007,29.47
130,2,2008,29.62
130,2,2009,28.52
130,2,2010,29.33
130,2,2011,29.66
130,2,2012,30.16
130,2,2013,29.53
130,2,2014,30.16
130,2,2015,31.05
130,2,2016,31.86
130,2,2017,32.66
130,2,2018,33.1
130,2,2019,33.34
130,2,2020,33.44
130,2,2021,34.4
130,2,2022,32.35
130,2,2023,32.24
131,2,1990,15.78
131,2,1991,15.92
131,2,1992,16.44
131,2,1993,17.35
131,2,1994,17.91
131,2,1995,18.11
131,2,1996,18.28
131,2,1997,18.63
131,2,1998,21.45
131,2,1999,19.88
131,2,2000,20.58
131,2,2001,21.13
131,2,2002,21.74
131,2,2003,22.53
131,2,2004,22.9
131,2,2005,23.26
131,2,2006,23.89
131,2,2007,24.51
131,2,2008,25.15
131,2,2009,25.8
131,2,2010,26.44
131,2,2011,27.08
131,2,2012,27.82
131,2,2013,28.61
131,2,2014,29.54
131,2,2015,30.28
131,2,2016,30.93
131,2,2017,31.59
131,2,2018,32.92
131,2,2019,36
131,2,2020,36.57
131,2,2021,40.51
131,2,2022,38.98
131,2,2023,35.11
132,2,1990,29.2
132,2,1991,30.62
132,2,1992,32.09
132,2,1993,33.22
132,2,1994,33.78
132,2,1995,33.77
132,2,1996,31.54
132,2,1997,31.36
132,2,1998,32.1
132,2,1999,32.49
132,2,2000,35.28
132,2,2001,34.91
132,2,2002,33.4
132,2,2003,34.06
132,2,2004,35.58
132,2,2005,35.69
132,2,2006,35.29
132,2,2007,36.29
132,2,2008,37.27
132,2,2009,38.28
132,2,2010,39.59
132,2,2011,40.82
132,2,2012,42.23
132,2,2013,42.99
132,2,2014,43.57
132,2,2015,44.16
132,2,2016,45.13
132,2,2017,45.54
132,2,2018,46.39
132,2,2019,48.95
132,2,2020,47.98
132,2,2021,47.54
132,2,2022,48.52
132,2,2023,50.07
133,2,1990,30.22
133,2,1991,31.61
133,2,1992,33.07
133,2,1993,32.99
133,2,1994,34.3
133,2,1995,34.71
133,2,1996,34.47
133,2,1997,34.97
133,2,1998,34.87
133,2,1999,37.82
133,2,2000,35.34
133,2,2001,36.25
133,2,2002,37.22
133,2,2003,38.05
133,2,2004,38.89
133,2,2005,38.85
133,2,2006,38.81
133,2,2007,39.64
133,2,2008,40.68
133,2,2009,42.23
133,2,2010,43.38
133,2,2011,45.37
133,2,2012,46.52
133,2,2013,46.4
133,2,2014,47.4
133,2,2015,48.76
133,2,2016,49.47
133,2,2017,50.53
133,2,2018,53.99
133,2,2019,57.94
133,2,2020,58.77
133,2,2021,59.17
133,2,2022,59.99
133,2,2023,59.82
135,2,1990,30.81
135,2,1991,30.88
135,2,1992,31.91
135,2,1993,32.87
135,2,1994,33.39
135,2,1995,33.41
135,2,1996,33.5
135,2,1997,33.84
135,2,1998,34.5
135,2,1999,34.91
135,2,2000,35
135,2,2001,35.27
135,2,2002,35.5
135,2,2003,35.58
135,2,2004,35.78
135,2,2005,35.25
135,2,2006,35.38
135,2,2007,35.43
135,2,2008,36.17
135,2,2009,36.21
135,2,2010,36.93
135,2,2011,37.48
135,2,2012,37.57
135,2,2013,37.89
135,2,2014,38.06
135,2,2015,39.06
135,2,2016,39.8
135,2,2017,40.13
135,2,2018,40.79
135,2,2019,41.42
135,2,2020,40.7
135,2,2021,41.52
135,2,2022,42.9
135,2,2023,44.05
136,2,1990,25.57
136,2,1991,26.82
136,2,1992,28.12
136,2,1993,29.53
136,2,1994,30.82
136,2,1995,31.49
136,2,1996,32.28
136,2,1997,33.08
136,2,1998,33.89
136,2,1999,34.33
136,2,2000,34.43
136,2,2001,35.41
136,2,2002,36.57
136,2,2003,37.22
136,2,2004,37.99
136,2,2005,39.12
136,2,2006,39.46
136,2,2007,40.33
136,2,2008,40.36
136,2,2009,40.4
136,2,2010,41.19
136,2,2011,41.94
136,2,2012,42.63
136,2,2013,42.55
136,2,2014,43.46
136,2,2015,44.22
136,2,2016,44.75
136,2,2017,45.69
136,2,2018,46.73
136,2,2019,48.1
136,2,2020,48.58
136,2,2021,51.43
136,2,2022,46.19
136,2,2023,48.43
139,2,1990,17.44
139,2,1991,17.64
139,2,1992,18.07
139,2,1993,18.57
139,2,1994,18.92
139,2,1995,19.42
139,2,1996,19.74
139,2,1997,20.1
139,2,1998,20.69
139,2,1999,21.1
139,2,2000,21.61
139,2,2001,22.12
139,2,2002,22.75
139,2,2003,23.81
139,2,2004,25.12
139,2,2005,26.41
139,2,2006,27.28
139,2,2007,27.97
139,2,2008,28.61
139,2,2009,29.14
139,2,2010,29.65
139,2,2011,30.37
139,2,2012,30.96
139,2,2013,31.55
139,2,2014,32.02
139,2,2015,32.92
139,2,2016,33.8
139,2,2017,35.53
139,2,2018,37.3
139,2,2019,39.14
139,2,2020,37.79
139,2,2021,37.91
139,2,2022,39.55
139,2,2023,40.66
140,2,1990,44.91
140,2,1991,44.97
140,2,1992,45.93
140,2,1993,46.26
140,2,1994,46.31
140,2,1995,47.5
140,2,1996,48.6
140,2,1997,49.59
140,2,1998,50.2
140,2,1999,49.9
140,2,2000,51.17
140,2,2001,51.63
140,2,2002,52.43
140,2,2003,54.27
140,2,2004,55.55
140,2,2005,56.47
140,2,2006,57.01
140,2,2007,57.54
140,2,2008,58.35
140,2,2009,59.09
140,2,2010,60.55
140,2,2011,60.75
140,2,2012,61.76
140,2,2013,61.45
140,2,2014,60.26
140,2,2015,60.02
140,2,2016,60.86
140,2,2017,60.87
140,2,2018,59.29
140,2,2019,58.48
140,2,2020,55.21
140,2,2021,57.07
140,2,2022,55.98
140,2,2023,60.45
141,2,1990,12.93
141,2,1991,13.22
141,2,1992,13.66
141,2,1993,14.31
141,2,1994,14.7
141,2,1995,15.06
141,2,1996,15.51
141,2,1997,16.16
141,2,1998,16.94
141,2,1999,17.4
141,2,2000,18.14
141,2,2001,19.81
141,2,2002,22.24
141,2,2003,25.5
141,2,2004,28.31
141,2,2005,30.43
141,2,2006,32.19
141,2,2007,33.29
141,2,2008,34.42
141,2,2009,35.2
141,2,2010,35.25
141,2,2011,35.89
141,2,2012,36.31
141,2,2013,34.96
141,2,2014,36.15
141,2,2015,37.93
141,2,2016,38.33
141,2,2017,38.64
141,2,2018,38.77
141,2,2019,38.34
141,2,2020,38.4
141,2,2021,41.03
141,2,2022,50.9
141,2,2023,53.52
142,2,1990,15.49
142,2,1991,15.92
142,2,1992,16.63
142,2,1993,17.12
142,2,1994,17.54
142,2,1995,17.93
142,2,1996,18.32
142,2,1997,18.65
142,2,1998,19.12
142,2,1999,19.73
142,2,2000,20.54
142,2,2001,21.29
142,2,2002,21.95
142,2,2003,24.01
142,2,2004,23.2
142,2,2005,23.76
142,2,2006,24.29
142,2,2007,24.98
142,2,2008,25.72
142,2,2009,26.62
142,2,2010,27.45
142,2,2011,28.2
142,2,2012,28.56
142,2,2013,29
142,2,2014,29.74
142,2,2015,30.82
142,2,2016,32.3
142,2,2017,33.68
142,2,2018,34.22
142,2,2019,35.32
142,2,2020,35.74
142,2,2021,33.5
142,2,2022,32.65
142,2,2023,33.33
143,2,1990,27.47
143,2,1991,27.56
143,2,1992,28.31
143,2,1993,29.04
143,2,1994,29.47
143,2,1995,29.85
143,2,1996,30.36
143,2,1997,31.24
143,2,1998,32.66
143,2,1999,34.22
143,2,2000,35.72
143,2,2001,37.07
143,2,2002,38.3
143,2,2003,39.13
143,2,2004,40.8
143,2,2005,42.3
143,2,2006,43.92
143,2,2007,45.86
143,2,2008,47.96
143,2,2009,49.95
143,2,2010,52.64
143,2,2011,55.69
143,2,2012,58.33
143,2,2013,59.89
143,2,2014,61.73
143,2,2015,62.87
143,2,2016,64.59
143,2,2017,66.31
143,2,2018,68.8
143,2,2019,73.26
143,2,2020,77.86
143,2,2021,83.44
143,2,2022,87.96
143,2,2023,91.22
144,2,1990,29
144,2,1991,30.01
144,2,1992,31.43
144,2,1993,31.87
144,2,1994,32.88
144,2,1995,33.78
144,2,1996,34.55
144,2,1997,35.79
144,2,1998,37.14
144,2,1999,38.41
144,2,2000,40.32
144,2,2001,42.42
144,2,2002,43.96
144,2,2003,44.31
144,2,2004,47.36
144,2,2005,52.35
144,2,2006,56.38
144,2,2007,56.78
144,2,2008,57.58
144,2,2009,59.82
144,2,2010,61.89
144,2,2011,64.24
144,2,2012,65.4
144,2,2013,66.1
144,2,2014,67.16
144,2,2015,67.19
144,2,2016,67.44
144,2,2017,67.84
144,2,2018,68
144,2,2019,68.62
144,2,2020,71.61
144,2,2021,79.98
144,2,2022,71.01
144,2,2023,70.7
145,2,1990,53.03
145,2,1991,54.98
145,2,1992,53.44
145,2,1993,53.08
145,2,1994,49.69
145,2,1995,54.28
145,2,1996,57.53
145,2,1997,52.07
145,2,1998,57.97
145,2,1999,54.99
145,2,2000,57.26
145,2,2001,66.4
145,2,2002,59.32
145,2,2003,59.03
145,2,2004,57.79
145,2,2005,57.57
145,2,2006,58.54
145,2,2007,64.18
145,2,2008,64.52
145,2,2009,67.72
145,2,2010,72.36
145,2,2011,73.46
145,2,2012,74.81
145,2,2013,72.44
145,2,2014,75.61
145,2,2015,73.8
145,2,2016,75.5
145,2,2017,75.26
145,2,2018,76.44
145,2,2019,77.58
145,2,2020,71.82
145,2,2021,70.98
145,2,2022,75.3
145,2,2023,74.72
146,2,1990,22.93
146,2,1991,22.98
146,2,1992,23.67
146,2,1993,24.23
146,2,1994,25.31
146,2,1995,26.31
146,2,1996,27.35
146,2,1997,28.39
146,2,1998,29.19
146,2,1999,31.34
146,2,2000,32.79
146,2,2001,34.28
146,2,2002,35.15
146,2,2003,36.06
146,2,2004,36.78
146,2,2005,37.57
146,2,2006,39.09
146,2,2007,41.29
146,2,2008,44.05
146,2,2009,47.05
146,2,2010,49.8
146,2,2011,54.06
146,2,2012,58.39
146,2,2013,62.63
146,2,2014,65.14
146,2,2015,65.8
146,2,2016,64.38
146,2,2017,66.71
146,2,2018,74.89
146,2,2019,92.47
146,2,2020,108.16
146,2,2021,67.9
146,2,2022,84.37
146,2,2023,85.21
147,2,1990,19.56
147,2,1991,20.91
147,2,1992,22.09
147,2,1993,23.26
147,2,1994,24.17
147,2,1995,24.79
147,2,1996,25.51
147,2,1997,26.13
147,2,1998,27.53
147,2,1999,28.98
147,2,2000,30.05
147,2,2001,31.28
147,2,2002,32.24
147,2,2003,33.43
147,2,2004,35.3
147,2,2005,37.47
147,2,2006,39.05
147,2,2007,39.76
147,2,2008,40.24
147,2,2009,40.74
147,2,2010,41.2
147,2,2011,41.71
147,2,2012,42.28
147,2,2013,40.7
147,2,2014,39.96
147,2,2015,38.49
147,2,2016,36.78
147,2,2017,37.2
147,2,2018,38.14
147,2,2019,39.17
147,2,2020,41.08
147,2,2021,46.74
147,2,2022,40.52
147,2,2023,41.13
148,2,1990,15.91
148,2,1991,16.25
148,2,1992,16.44
148,2,1993,16.7
148,2,1994,17
148,2,1995,17.19
148,2,1996,17.59
148,2,1997,17.79
148,2,1998,18.38
148,2,1999,18.87
148,2,2000,19.49
148,2,2001,20.14
148,2,2002,20.58
148,2,2003,21.7
148,2,2004,22.69
148,2,2005,23.52
148,2,2006,24.43
148,2,2007,25.54
148,2,2008,26.78
148,2,2009,28.13
148,2,2010,29.4
148,2,2011,30.9
148,2,2012,32.44
148,2,2013,34.44
148,2,2014,36.28
148,2,2015,38.15
148,2,2016,40.51
148,2,2017,42.36
148,2,2018,45.09
148,2,2019,48.45
148,2,2020,52.88
148,2,2021,57.79
148,2,2022,58.69
148,2,2023,58.03
149,2,1990,24.81
149,2,1991,25.22
149,2,1992,25.86
149,2,1993,26.48
149,2,1994,27.21
149,2,1995,27.78
149,2,1996,28.21
149,2,1997,28.78
149,2,1998,29.61
149,2,1999,30.46
149,2,2000,31.25
149,2,2001,32.01
149,2,2002,32.57
149,2,2003,33.24
149,2,2004,34.09
149,2,2005,34.99
149,2,2006,35.95
149,2,2007,37.05
149,2,2008,38.5
149,2,2009,40.41
149,2,2010,42.52
149,2,2011,44.23
149,2,2012,45.5
149,2,2013,46.18
149,2,2014,47.59
149,2,2015,48.72
149,2,2016,50.23
149,2,2017,52.19
149,2,2018,53.13
149,2,2019,54.01
149,2,2020,52.64
149,2,2021,54.72
149,2,2022,57.38
149,2,2023,59.86
150,2,1990,12.16
150,2,1991,12.14
150,2,1992,12.83
150,2,1993,13.38
150,2,1994,14.38
150,2,1995,15.32
150,2,1996,15.95
150,2,1997,16.78
150,2,1998,17.78
150,2,1999,18.71
150,2,2000,19.82
150,2,2001,20.55
150,2,2002,21.4
150,2,2003,21.92
150,2,2004,22.1
150,2,2005,22.31
150,2,2006,22.72
150,2,2007,22.69
150,2,2008,23.17
150,2,2009,23.81
150,2,2010,24.53
150,2,2011,25.06
150,2,2012,25.36
150,2,2013,25.82
150,2,2014,26.2
150,2,2015,25.87
150,2,2016,25.77
150,2,2017,25.9
150,2,2018,25.88
150,2,2019,26.17
150,2,2020,25.98
150,2,2021,28.38
150,2,2022,26.92
150,2,2023,27.92
151,2,1990,46.38
151,2,1991,47.29
151,2,1992,49.78
151,2,1993,53
151,2,1994,55
151,2,1995,55.75
151,2,1996,55.15
151,2,1997,55.5
151,2,1998,55.76
151,2,1999,57.52
151,2,2000,60.05
151,2,2001,61.82
151,2,2002,63.81
151,2,2003,64.16
151,2,2004,63.12
151,2,2005,62.74
151,2,2006,62.71
151,2,2007,61.85
151,2,2008,61.08
151,2,2009,61.29
151,2,2010,61.71
151,2,2011,60.98
151,2,2012,59.78
151,2,2013,59.16
151,2,2014,60.23
151,2,2015,59.55
151,2,2016,57.94
151,2,2017,57.24
151,2,2018,56.57
151,2,2019,57.46
151,2,2020,57.03
151,2,2021,56.06
151,2,2022,57.46
151,2,2023,63.11
152,2,1990,15.28
152,2,1991,15.88
152,2,1992,16.6
152,2,1993,17.42
152,2,1994,18.25
152,2,1995,18.56
152,2,1996,18.79
152,2,1997,19.27
152,2,1998,19.93
152,2,1999,20.73
152,2,2000,21.84
152,2,2001,23.05
152,2,2002,24.4
152,2,2003,25.85
152,2,2004,27.27
152,2,2005,29.24
152,2,2006,31.52
152,2,2007,33.84
152,2,2008,36.42
152,2,2009,38.63
152,2,2010,40.54
152,2,2011,41.74
152,2,2012,42.2
152,2,2013,42.02
152,2,2014,42.45
152,2,2015,41.49
152,2,2016,41.33
152,2,2017,41.86
152,2,2018,41.96
152,2,2019,43.68
152,2,2020,47.28
152,2,2021,49.89
152,2,2022,50.63
152,2,2023,49.36
153,2,1990,14.13
153,2,1991,14.79
153,2,1992,15.53
153,2,1993,16.29
153,2,1994,16.9
153,2,1995,17.42
153,2,1996,18.01
153,2,1997,18.47
153,2,1998,18.72
153,2,1999,19.66
153,2,2000,21.25
153,2,2001,22.57
153,2,2002,23.32
153,2,2003,24.46
153,2,2004,24.4
153,2,2005,24.75
153,2,2006,24.81
153,2,2007,25.4
153,2,2008,26.16
153,2,2009,26.72
153,2,2010,27.58
153,2,2011,27.49
153,2,2012,26.54
153,2,2013,25.32
153,2,2014,24.42
153,2,2015,23.94
153,2,2016,24.17
153,2,2017,24.87
153,2,2018,25.34
153,2,2019,26.17
153,2,2020,25.64
153,2,2021,24.63
153,2,2022,26.77
153,2,2023,26.96
154,2,1990,37.39
154,2,1991,38.9
154,2,1992,39.82
154,2,1993,41.02
154,2,1994,42.19
154,2,1995,42.5
154,2,1996,43.55
154,2,1997,44.69
154,2,1998,46.48
154,2,1999,48.48
154,2,2000,49.79
154,2,2001,51.04
154,2,2002,51.95
154,2,2003,52.74
154,2,2004,52.95
154,2,2005,53.04
154,2,2006,53.25
154,2,2007,53.83
154,2,2008,54.41
154,2,2009,54.93
154,2,2010,55.41
154,2,2011,56.16
154,2,2012,56.97
154,2,2013,57.36
154,2,2014,58.42
154,2,2015,59.74
154,2,2016,60.93
154,2,2017,63.21
154,2,2018,65.31
154,2,2019,68.9
154,2,2020,69.74
154,2,2021,66.81
154,2,2022,77.38
154,2,2023,88.33
155,2,1990,23.84
155,2,1991,24.58
155,2,1992,25.39
155,2,1993,26.2
155,2,1994,26.77
155,2,1995,27.27
155,2,1996,27.43
155,2,1997,28.04
155,2,1998,28.72
155,2,1999,28.13
155,2,2000,29.42
155,2,2001,29.95
155,2,2002,31.05
155,2,2003,31.52
155,2,2004,32.15
155,2,2005,33.74
155,2,2006,35.43
155,2,2007,35.8
155,2,2008,34.35
155,2,2009,30.98
155,2,2010,29.82
155,2,2011,30.47
155,2,2012,31.04
155,2,2013,32.23
155,2,2014,33.39
155,2,2015,34.35
155,2,2016,35.41
155,2,2017,36
155,2,2018,35.98
155,2,2019,37.25
155,2,2020,38.47
155,2,2021,42.92
155,2,2022,42.23
155,2,2023,41.74
156,2,1990,49.96
156,2,1991,50.73
156,2,1992,50.82
156,2,1993,52.43
156,2,1994,53.46
156,2,1995,52.59
156,2,1996,52.8
156,2,1997,54.08
156,2,1998,57.22
156,2,1999,58.27
156,2,2000,61.11
156,2,2001,61.11
156,2,2002,58.06
156,2,2003,56.15
156,2,2004,57.63
156,2,2005,59.56
156,2,2006,58.41
156,2,2007,59.36
156,2,2008,57.64
156,2,2009,54.94
156,2,2010,51.41
156,2,2011,48.54
156,2,2012,45.41
156,2,2013,43.69
156,2,2014,42.18
156,2,2015,39.78
156,2,2016,38.11
156,2,2017,37.47
156,2,2018,37.47
156,2,2019,39.7
156,2,2020,40.37
156,2,2021,40.51
156,2,2022,40.83
156,2,2023,42.47
157,2,1990,6.9
157,2,1991,6.95
157,2,1992,7.01
157,2,1993,7.01
157,2,1994,7.06
157,2,1995,7.04
157,2,1996,7.06
157,2,1997,7.12
157,2,1998,7.18
157,2,1999,7.45
157,2,2000,7.66
157,2,2001,7.84
157,2,2002,7.98
157,2,2003,8.27
157,2,2004,8.7
157,2,2005,9.03
157,2,2006,9.37
157,2,2007,9.63
157,2,2008,10.23
157,2,2009,10.56
157,2,2010,10.67
157,2,2011,11.11
157,2,2012,11.24
157,2,2013,11.84
157,2,2014,12.32
157,2,2015,12.71
157,2,2016,12.77
157,2,2017,12.93
157,2,2018,12.66
157,2,2019,12.81
157,2,2020,12.85
157,2,2021,12.91
157,2,2022,14.2
157,2,2023,15.2
160,2,1990,5.76
160,2,1991,5.72
160,2,1992,5.75
160,2,1993,5.83
160,2,1994,5.76
160,2,1995,5.75
160,2,1996,5.73
160,2,1997,5.72
160,2,1998,5.64
160,2,1999,5.75
160,2,2000,5.79
160,2,2001,5.8
160,2,2002,5.62
160,2,2003,5.89
160,2,2004,6.25
160,2,2005,6.48
160,2,2006,6.74
160,2,2007,7.01
160,2,2008,7.32
160,2,2009,7.67
160,2,2010,7.95
160,2,2011,8.08
160,2,2012,8.24
160,2,2013,8.46
160,2,2014,8.67
160,2,2015,9
160,2,2016,9.12
160,2,2017,9.34
160,2,2018,9.5
160,2,2019,9.91
160,2,2020,10.22
160,2,2021,11.38
160,2,2022,10.9
160,2,2023,11.04
161,2,1990,13.42
161,2,1991,15.77
161,2,1992,15.14
161,2,1993,15.45
161,2,1994,15.64
161,2,1995,15.68
161,2,1996,16.27
161,2,1997,16.79
161,2,1998,17.6
161,2,1999,18.44
161,2,2000,18.54
161,2,2001,18.57
161,2,2002,18.38
161,2,2003,17.88
161,2,2004,16.96
161,2,2005,16.18
161,2,2006,15.63
161,2,2007,15.23
161,2,2008,14.75
161,2,2009,14.96
161,2,2010,15.18
161,2,2011,15.13
161,2,2012,15.54
161,2,2013,16.55
161,2,2014,17.6
161,2,2015,19.57
161,2,2016,20.86
161,2,2017,22.28
161,2,2018,23.65
161,2,2019,25.38
161,2,2020,26.97
161,2,2021,31.79
161,2,2022,34.31
161,2,2023,38
162,2,1990,13.89
162,2,1991,14.62
162,2,1992,15.17
162,2,1993,15.72
162,2,1994,16.03
162,2,1995,16.91
162,2,1996,17.61
162,2,1997,18.61
162,2,1998,18.59
162,2,1999,18.71
162,2,2000,19.3
162,2,2001,20.08
162,2,2002,20.68
162,2,2003,21.29
162,2,2004,21.55
162,2,2005,21.7
162,2,2006,21.68
162,2,2007,21.82
162,2,2008,21.95
162,2,2009,22.03
162,2,2010,22.49
162,2,2011,22.98
162,2,2012,23.57
162,2,2013,24.14
162,2,2014,24.8
162,2,2015,25.72
162,2,2016,26.72
162,2,2017,27.8
162,2,2018,28.63
162,2,2019,29.41
162,2,2020,30.76
162,2,2021,31.57
162,2,2022,32.88
162,2,2023,34.17
163,2,1990,12.96
163,2,1991,13.11
163,2,1992,12.9
163,2,1993,12.59
163,2,1994,12.41
163,2,1995,12.67
163,2,1996,13.31
163,2,1997,13.98
163,2,1998,14.52
163,2,1999,14.69
163,2,2000,14.81
163,2,2001,14.96
163,2,2002,15.09
163,2,2003,14.98
163,2,2004,14.88
163,2,2005,15.04
163,2,2006,15.52
163,2,2007,16.12
163,2,2008,16.29
163,2,2009,16.53
163,2,2010,17.01
163,2,2011,17.17
163,2,2012,17.67
163,2,2013,18.68
163,2,2014,20.08
163,2,2015,21.27
163,2,2016,22.08
163,2,2017,22.64
163,2,2018,23.02
163,2,2019,23.58
163,2,2020,24.85
163,2,2021,27.08
163,2,2022,27.98
163,2,2023,29.41
164,2,1990,9.19
164,2,1991,9.62
164,2,1992,9.89
164,2,1993,10.01
164,2,1994,10.26
164,2,1995,10.49
164,2,1996,10.77
164,2,1997,11.16
164,2,1998,11.47
164,2,1999,11.73
164,2,2000,11.97
164,2,2001,12.09
164,2,2002,12.17
164,2,2003,12.3
164,2,2004,12.33
164,2,2005,12.34
164,2,2006,12.28
164,2,2007,12.16
164,2,2008,12.07
164,2,2009,12.15
164,2,2010,11.98
164,2,2011,11.84
164,2,2012,11.85
164,2,2013,12.05
164,2,2014,12.35
164,2,2015,12.36
164,2,2016,12.72
164,2,2017,12.99
164,2,2018,13.23
164,2,2019,13.64
164,2,2020,13.98
164,2,2021,15.85
164,2,2022,16.45
164,2,2023,18.31
165,2,1990,29.34
165,2,1991,29.86
165,2,1992,30
165,2,1993,30.14
165,2,1994,29.99
165,2,1995,30.01
165,2,1996,30.29
165,2,1997,30.78
165,2,1998,31.67
165,2,1999,32.49
165,2,2000,33.59
165,2,2001,34.16
165,2,2002,34.74
165,2,2003,34.93
165,2,2004,35.48
165,2,2005,37.37
165,2,2006,36.53
165,2,2007,37.72
165,2,2008,39.12
165,2,2009,40.72
165,2,2010,41.93
165,2,2011,42.63
165,2,2012,43.4
165,2,2013,44.86
165,2,2014,45.93
165,2,2015,46.99
165,2,2016,48.13
165,2,2017,49.2
165,2,2018,49.91
165,2,2019,51.81
165,2,2020,56.57
165,2,2021,64.38
165,2,2022,61.07
165,2,2023,61.58
168,2,1990,17.53
168,2,1991,17.38
168,2,1992,17.26
168,2,1993,17.5
168,2,1994,17.77
168,2,1995,17.24
168,2,1996,15.56
168,2,1997,15.19
168,2,1998,16.69
168,2,1999,17.41
168,2,2000,17.45
168,2,2001,17.92
168,2,2002,18.28
168,2,2003,18.53
168,2,2004,19
168,2,2005,19.56
168,2,2006,21.33
168,2,2007,22.65
168,2,2008,23.96
168,2,2009,25.32
168,2,2010,26.43
168,2,2011,27.36
168,2,2012,28.12
168,2,2013,30.15
168,2,2014,32.71
168,2,2015,32.98
168,2,2016,31.31
168,2,2017,30.37
168,2,2018,30.78
168,2,2019,32.02
168,2,2020,32.64
168,2,2021,35.07
168,2,2022,40.35
168,2,2023,44.09
169,2,1990,21.76
169,2,1991,21.98
169,2,1992,21.83
169,2,1993,22.38
169,2,1994,22.77
169,2,1995,22.62
169,2,1996,23.66
169,2,1997,23.47
169,2,1998,24.29
169,2,1999,24.86
169,2,2000,24.32
169,2,2001,24.1
169,2,2002,24.16
169,2,2003,23.61
169,2,2004,23.25
169,2,2005,22.85
169,2,2006,22.58
169,2,2007,22.17
169,2,2008,21.64
169,2,2009,22.05
169,2,2010,23.43
169,2,2011,24.28
169,2,2012,24.18
169,2,2013,24.49
169,2,2014,24.55
169,2,2015,25.16
169,2,2016,26.07
169,2,2017,27.24
169,2,2018,27.63
169,2,2019,28.82
169,2,2020,29.18
169,2,2021,29.64
169,2,2022,34.81
169,2,2023,36.72
170,2,1990,31.34
170,2,1991,30.15
170,2,1992,30.49
170,2,1993,29.63
170,2,1994,32.16
170,2,1995,31.36
170,2,1996,30.84
170,2,1997,32.86
170,2,1998,30.18
170,2,1999,31.1
170,2,2000,31.03
170,2,2001,29.21
170,2,2002,29.19
170,2,2003,29.99
170,2,2004,29.83
170,2,2005,31.26
170,2,2006,32.35
170,2,2007,33.48
170,2,2008,35.68
170,2,2009,37.67
170,2,2010,37.97
170,2,2011,38.98
170,2,2012,39.84
170,2,2013,39.91
170,2,2014,40.44
170,2,2015,42
170,2,2016,44.29
170,2,2017,45.62
170,2,2018,47.29
170,2,2019,50.78
170,2,2020,53.11
170,2,2021,55.29
170,2,2022,66.9
170,2,2023,73.73
171,2,1990,23.12
171,2,1991,23.16
171,2,1992,22.71
171,2,1993,22.21
171,2,1994,21.36
171,2,1995,20.92
171,2,1996,20.42
171,2,1997,20.24
171,2,1998,20.4
171,2,1999,21.01
171,2,2000,21.24
171,2,2001,21.25
171,2,2002,21.78
171,2,2003,22.14
171,2,2004,22.7
171,2,2005,23.57
171,2,2006,24.66
171,2,2007,25.54
171,2,2008,26.45
171,2,2009,27.56
171,2,2010,28.84
171,2,2011,30.13
171,2,2012,31.69
171,2,2013,33.73
171,2,2014,36.26
171,2,2015,38.29
171,2,2016,40.63
171,2,2017,43.41
171,2,2018,47.08
171,2,2019,50.64
171,2,2020,54.13
171,2,2021,57.33
171,2,2022,68.79
171,2,2023,73.02
172,2,1990,23.56
172,2,1991,24.22
172,2,1992,24.64
172,2,1993,24.93
172,2,1994,24.19
172,2,1995,24.82
172,2,1996,25.09
172,2,1997,27.11
172,2,1998,28.1
172,2,1999,29.64
172,2,2000,31.04
172,2,2001,31.89
172,2,2002,31.89
172,2,2003,31.69
172,2,2004,32.26
172,2,2005,34.27
172,2,2006,35.53
172,2,2007,37.41
172,2,2008,40.07
172,2,2009,41.96
172,2,2010,39.99
172,2,2011,39.62
172,2,2012,44.66
172,2,2013,49.88
172,2,2014,55.76
172,2,2015,53.35
172,2,2016,53.49
172,2,2017,60.74
172,2,2018,64.59
172,2,2019,65.9
172,2,2020,67.63
172,2,2021,78.75
172,2,2022,95.29
172,2,2023,107.01
173,2,1990,34.19
173,2,1991,35.6
173,2,1992,35.8
173,2,1993,33.52
173,2,1994,33.22
173,2,1995,33.86
173,2,1996,32.66
173,2,1997,33.18
173,2,1998,32.9
173,2,1999,31.52
173,2,2000,31.93
173,2,2001,32.38
173,2,2002,33.58
173,2,2003,34.17
173,2,2004,35.78
173,2,2005,39.85
173,2,2006,42
173,2,2007,42.24
173,2,2008,42.26
173,2,2009,43.35
173,2,2010,43.34
173,2,2011,43.92
173,2,2012,48.37
173,2,2013,55.35
173,2,2014,59.45
173,2,2015,61.02
173,2,2016,60.43
173,2,2017,60.03
173,2,2018,59.9
173,2,2019,61.8
173,2,2020,64.75
173,2,2021,69.12
173,2,2022,81.83
173,2,2023,88.82
175,2,1990,18.75
175,2,1991,18.13
175,2,1992,17.63
175,2,1993,17.32
175,2,1994,16.8
175,2,1995,16.41
175,2,1996,16.1
175,2,1997,15.85
175,2,1998,15.38
175,2,1999,15.04
175,2,2000,14.81
175,2,2001,14.43
175,2,2002,14.07
175,2,2003,13.74
175,2,2004,13.91
175,2,2005,14.25
175,2,2006,14.62
175,2,2007,15.28
175,2,2008,16.14
175,2,2009,16.66
175,2,2010,17.27
175,2,2011,18.2
175,2,2012,19.18
175,2,2013,19.78
175,2,2014,20.62
175,2,2015,21.64
175,2,2016,22.56
175,2,2017,23.71
175,2,2018,24.57
175,2,2019,25.82
175,2,2020,26.22
175,2,2021,29.42
175,2,2022,30.75
175,2,2023,33.42
176,2,1990,9.19
176,2,1991,9.48
176,2,1992,9.72
176,2,1993,9.89
176,2,1994,9.98
176,2,1995,9.9
176,2,1996,10.15
176,2,1997,10.04
176,2,1998,10.47
176,2,1999,10.41
176,2,2000,11.21
176,2,2001,11.15
176,2,2002,11.87
176,2,2003,11.92
176,2,2004,11.37
176,2,2005,12.27
176,2,2006,11.7
176,2,2007,13.15
176,2,2008,13.28
176,2,2009,12.85
176,2,2010,12.9
176,2,2011,13.02
176,2,2012,12.63
176,2,2013,12.39
176,2,2014,12.98
176,2,2015,12.76
176,2,2016,12.71
176,2,2017,12.66
176,2,2018,12.28
176,2,2019,12.61
176,2,2020,12.66
176,2,2021,13.09
176,2,2022,12.92
176,2,2023,14.09
177,2,1990,26.35
177,2,1991,25.29
177,2,1992,25.31
177,2,1993,28.71
177,2,1994,24.8
177,2,1995,25.68
177,2,1996,24.53
177,2,1997,22.97
177,2,1998,22.47
177,2,1999,21.33
177,2,2000,20.53
177,2,2001,19.78
177,2,2002,19.25
177,2,2003,18.16
177,2,2004,19.03
177,2,2005,19.08
177,2,2006,19.51
177,2,2007,20.37
177,2,2008,21.08
177,2,2009,21.18
177,2,2010,21.88
177,2,2011,22.35
177,2,2012,23.13
177,2,2013,23.91
177,2,2014,24.05
177,2,2015,25.76
177,2,2016,26.69
177,2,2017,28.73
177,2,2018,29.02
177,2,2019,30.39
177,2,2020,29.56
177,2,2021,31.14
177,2,2022,33.85
177,2,2023,36.87
178,2,1990,18.85
178,2,1991,19.04
178,2,1992,19.42
178,2,1993,19.56
178,2,1994,19.6
178,2,1995,19.89
178,2,1996,20.16
178,2,1997,20.55
178,2,1998,20.87
178,2,1999,21.31
178,2,2000,21.7
178,2,2001,21.64
178,2,2002,22.39
178,2,2003,22.5
178,2,2004,23
178,2,2005,23.38
178,2,2006,24.07
178,2,2007,24.88
178,2,2008,25.63
178,2,2009,26.29
178,2,2010,26.9
178,2,2011,27.88
178,2,2012,28.95
178,2,2013,29.73
178,2,2014,30.65
178,2,2015,31.98
178,2,2016,32.94
178,2,2017,34.2
178,2,2018,35.86
178,2,2019,37.18
178,2,2020,38
178,2,2021,37.47
178,2,2022,43.96
178,2,2023,45.68
179,2,1990,13.64
179,2,1991,13.84
179,2,1992,14.07
179,2,1993,14.34
179,2,1994,14.53
179,2,1995,14.79
179,2,1996,15.18
179,2,1997,15.51
179,2,1998,15.8
179,2,1999,16.06
179,2,2000,16.4
179,2,2001,16.78
179,2,2002,17.01
179,2,2003,17.22
179,2,2004,17.69
179,2,2005,18.67
179,2,2006,20.08
179,2,2007,21.84
179,2,2008,23.74
179,2,2009,25.22
179,2,2010,26.95
179,2,2011,28.32
179,2,2012,29.24
179,2,2013,30.35
179,2,2014,31.33
179,2,2015,31.78
179,2,2016,32.83
179,2,2017,34.39
179,2,2018,36.37
179,2,2019,38.42
179,2,2020,38.76
179,2,2021,40.97
179,2,2022,50.07
179,2,2023,54.82
180,2,1990,24.18
180,2,1991,23.65
180,2,1992,23.24
180,2,1993,23.06
180,2,1994,23
180,2,1995,23.03
180,2,1996,23.27
180,2,1997,23.59
180,2,1998,24.17
180,2,1999,24.76
180,2,2000,25.76
180,2,2001,25.5
180,2,2002,25.71
180,2,2003,25.24
180,2,2004,25.88
180,2,2005,25.95
180,2,2006,26.01
180,2,2007,26.41
180,2,2008,27.23
180,2,2009,28.36
180,2,2010,29.7
180,2,2011,30.7
180,2,2012,31.58
180,2,2013,31.68
180,2,2014,31.64
180,2,2015,33.09
180,2,2016,34.55
180,2,2017,36.57
180,2,2018,38.34
180,2,2019,39.78
180,2,2020,40.31
180,2,2021,46.13
180,2,2022,47.41
180,2,2023,49.73
181,2,1990,35.51
181,2,1991,36.2
181,2,1992,36.54
181,2,1993,36.09
181,2,1994,36.31
181,2,1995,35.51
181,2,1996,34.55
181,2,1997,33.14
181,2,1998,32.12
181,2,1999,31.88
181,2,2000,30.92
181,2,2001,30.03
181,2,2002,28.7
181,2,2003,27.58
181,2,2004,26.79
181,2,2005,26.58
181,2,2006,26.73
181,2,2007,27.18
181,2,2008,27.53
181,2,2009,27.55
181,2,2010,27.64
181,2,2011,27.81
181,2,2012,28.01
181,2,2013,28.18
181,2,2014,28.34
181,2,2015,28.93
181,2,2016,29.71
181,2,2017,30.59
181,2,2018,32.03
181,2,2019,33.39
181,2,2020,32.24
181,2,2021,35.85
181,2,2022,44.9
181,2,2023,48.55
182,2,1990,21.45
182,2,1991,20.05
182,2,1992,18.88
182,2,1993,18.02
182,2,1994,17.12
182,2,1995,17.04
182,2,1996,17
182,2,1997,17.19
182,2,1998,17.41
182,2,1999,17.52
182,2,2000,18.33
182,2,2001,18.81
182,2,2002,19.54
182,2,2003,19.61
182,2,2004,20.3
182,2,2005,20.35
182,2,2006,19.27
182,2,2007,18.77
182,2,2008,19.19
182,2,2009,20.17
182,2,2010,22.03
182,2,2011,23.43
182,2,2012,24.41
182,2,2013,24.75
182,2,2014,25.04
182,2,2015,25.52
182,2,2016,25.95
182,2,2017,26.83
182,2,2018,28.48
182,2,2019,30.07
182,2,2020,30.47
182,2,2021,38.41
182,2,2022,38.84
182,2,2023,41.76
183,2,1990,21.01
183,2,1991,20.68
183,2,1992,24.69
183,2,1993,28.74
183,2,1994,30.23
183,2,1995,29.35
183,2,1996,30.26
183,2,1997,31.49
183,2,1998,33.58
183,2,1999,37.08
183,2,2000,37.95
183,2,2001,39.78
183,2,2002,40.43
183,2,2003,42.07
183,2,2004,42.69
183,2,2005,42.9
183,2,2006,40.22
183,2,2007,39.62
183,2,2008,41.26
183,2,2009,41.71
183,2,2010,41.72
183,2,2011,44.81
183,2,2012,46.55
183,2,2013,48.63
183,2,2014,47.64
183,2,2015,50.06
183,2,2016,51.39
183,2,2017,51.11
183,2,2018,49.82
183,2,2019,50.61
183,2,2020,52.95
183,2,2021,56.08
183,2,2022,58.36
183,2,2023,59.46
184,2,1990,12.88
184,2,1991,12.58
184,2,1992,12.39
184,2,1993,12.2
184,2,1994,11.97
184,2,1995,11.76
184,2,1996,11.58
184,2,1997,11.49
184,2,1998,11.51
184,2,1999,11.52
184,2,2000,11.55
184,2,2001,11.35
184,2,2002,11.52
184,2,2003,11.28
184,2,2004,11.17
184,2,2005,11.01
184,2,2006,10.78
184,2,2007,10.42
184,2,2008,10.54
184,2,2009,10.2
184,2,2010,9.88
184,2,2011,9.65
184,2,2012,9.56
184,2,2013,9.45
184,2,2014,9.16
184,2,2015,9.18
184,2,2016,9.26
184,2,2017,9.46
184,2,2018,9.73
184,2,2019,10.28
184,2,2020,10.69
184,2,2021,10.82
184,2,2022,12.15
184,2,2023,12.83
185,2,1990,30.78
185,2,1991,31.31
185,2,1992,31.8
185,2,1993,31.82
185,2,1994,36.82
185,2,1995,29.69
185,2,1996,28.51
185,2,1997,27.32
185,2,1998,25.9
185,2,1999,24.61
185,2,2000,23.47
185,2,2001,22.25
185,2,2002,21.8
185,2,2003,21.55
185,2,2004,22.38
185,2,2005,24.09
185,2,2006,26.36
185,2,2007,27.6
185,2,2008,28.28
185,2,2009,29.06
185,2,2010,29.35
185,2,2011,29.97
185,2,2012,30.45
185,2,2013,31.42
185,2,2014,31.88
185,2,2015,32.37
185,2,2016,32.65
185,2,2017,33.67
185,2,2018,35.17
185,2,2019,37.15
185,2,2020,38.26
185,2,2021,40.53
185,2,2022,48.65
185,2,2023,54.33
186,2,1990,25.13
186,2,1991,26.69
186,2,1992,28.14
186,2,1993,29.54
186,2,1994,30.72
186,2,1995,32
186,2,1996,33.65
186,2,1997,35.49
186,2,1998,37.46
186,2,1999,39.3
186,2,2000,40.93
186,2,2001,41.83
186,2,2002,42.2
186,2,2003,42.51
186,2,2004,42.91
186,2,2005,43.05
186,2,2006,42.91
186,2,2007,43.81
186,2,2008,44.44
186,2,2009,45.03
186,2,2010,45
186,2,2011,44.64
186,2,2012,44.47
186,2,2013,44.28
186,2,2014,43.54
186,2,2015,42.65
186,2,2016,42.28
186,2,2017,41.18
186,2,2018,40.84
186,2,2019,42.08
186,2,2020,41.79
186,2,2021,48.09
186,2,2022,47.54
186,2,2023,51.46
187,2,1990,6.2
187,2,1991,6.25
187,2,1992,6.45
187,2,1993,6.39
187,2,1994,6.45
187,2,1995,6.3
187,2,1996,6.3
187,2,1997,6.35
187,2,1998,6.41
187,2,1999,6.48
187,2,2000,6.69
187,2,2001,6.72
187,2,2002,6.81
187,2,2003,6.82
187,2,2004,6.97
187,2,2005,7.12
187,2,2006,7.2
187,2,2007,7.34
187,2,2008,7.37
187,2,2009,7.52
187,2,2010,7.63
187,2,2011,7.77
187,2,2012,7.88
187,2,2013,7.96
187,2,2014,8.19
187,2,2015,8.45
187,2,2016,8.76
187,2,2017,9.04
187,2,2018,9.33
187,2,2019,9.69
187,2,2020,8.91
187,2,2021,10.32
187,2,2022,10.6
187,2,2023,11.15
189,2,1990,22.24
189,2,1991,22.01
189,2,1992,22.16
189,2,1993,21.97
189,2,1994,22.04
189,2,1995,22.22
189,2,1996,22.55
189,2,1997,23.21
189,2,1998,23.46
189,2,1999,23.35
189,2,2000,23.55
189,2,2001,23.85
189,2,2002,24.2
189,2,2003,24.28
189,2,2004,24.41
189,2,2005,24.26
189,2,2006,24.5
189,2,2007,25.24
189,2,2008,25.67
189,2,2009,25.57
189,2,2010,26.17
189,2,2011,26.39
189,2,2012,26.99
189,2,2013,27.55
189,2,2014,27
189,2,2015,26.41
189,2,2016,25.5
189,2,2017,25.11
189,2,2018,24.52
189,2,2019,23.9
189,2,2020,23.95
189,2,2021,27.21
189,2,2022,23.81
189,2,2023,26.15
190,2,1990,22.68
190,2,1991,24.27
190,2,1992,24.71
190,2,1993,25.49
190,2,1994,26.23
190,2,1995,26.78
190,2,1996,27.35
190,2,1997,27.88
190,2,1998,28.63
190,2,1999,29.27
190,2,2000,30.94
190,2,2001,31.05
190,2,2002,31.37
190,2,2003,31.32
190,2,2004,31.68
190,2,2005,32.35
190,2,2006,33.09
190,2,2007,33.37
190,2,2008,34.05
190,2,2009,34.59
190,2,2010,34.43
190,2,2011,35.03
190,2,2012,37.41
190,2,2013,40.22
190,2,2014,41.14
190,2,2015,42.65
190,2,2016,43.33
190,2,2017,44.84
190,2,2018,47
190,2,2019,49.25
190,2,2020,51.08
190,2,2021,59.34
190,2,2022,62.99
190,2,2023,68.73
191,2,1990,29.78
191,2,1991,28.96
191,2,1992,28.14
191,2,1993,27.54
191,2,1994,27.05
191,2,1995,26.84
191,2,1996,26.98
191,2,1997,27.24
191,2,1998,27.56
191,2,1999,28.05
191,2,2000,28.63
191,2,2001,30.37
191,2,2002,30.52
191,2,2003,30.34
191,2,2004,30.43
191,2,2005,31.44
191,2,2006,32.56
191,2,2007,33.42
191,2,2008,35.73
191,2,2009,37.6
191,2,2010,38.53
191,2,2011,39.64
191,2,2012,40.05
191,2,2013,40.22
191,2,2014,40.7
191,2,2015,42.03
191,2,2016,43.5
191,2,2017,44.96
191,2,2018,46.01
191,2,2019,48.07
191,2,2020,50.34
191,2,2021,56.58
191,2,2022,60.46
191,2,2023,65.75
193,2,1990,15.36
193,2,1991,14.23
193,2,1992,13.18
193,2,1993,12.31
193,2,1994,12.19
193,2,1995,12.5
193,2,1996,13.4
193,2,1997,15.17
193,2,1998,18.01
193,2,1999,21.67
193,2,2000,25.8
193,2,2001,29.16
193,2,2002,29.29
193,2,2003,25.43
193,2,2004,21.22
193,2,2005,19.77
193,2,2006,23.12
193,2,2007,19.56
193,2,2008,19.69
193,2,2009,20.23
193,2,2010,20.04
193,2,2011,19.82
193,2,2012,19.93
193,2,2013,20.04
193,2,2014,20.54
193,2,2015,21.64
193,2,2016,22.99
193,2,2017,24.22
193,2,2018,25.72
193,2,2019,27.12
193,2,2020,28.53
193,2,2021,33.82
193,2,2022,33.32
193,2,2023,34.66
194,2,1990,22.86
194,2,1991,22.7
194,2,1992,22.17
194,2,1993,21.63
194,2,1994,20.96
194,2,1995,20.36
194,2,1996,20.31
194,2,1997,20.48
194,2,1998,20.33
194,2,1999,20.49
194,2,2000,21.18
194,2,2001,27.05
194,2,2002,32.22
194,2,2003,28.63
194,2,2004,25.71
194,2,2005,21.2
194,2,2006,17.16
194,2,2007,15.36
194,2,2008,15.76
194,2,2009,17.22
194,2,2010,18.37
194,2,2011,19.47
194,2,2012,20.01
194,2,2013,20.51
194,2,2014,20.98
194,2,2015,21.47
194,2,2016,21.74
194,2,2017,22.15
194,2,2018,22.61
194,2,2019,22.93
194,2,2020,22.64
194,2,2021,25.3
194,2,2022,27.68
194,2,2023,28.47
195,2,1990,32.01
195,2,1991,32.34
195,2,1992,32.08
195,2,1993,30.86
195,2,1994,29.28
195,2,1995,27.17
195,2,1996,25.52
195,2,1997,24.44
195,2,1998,23.96
195,2,1999,24.12
195,2,2000,24.57
195,2,2001,24.54
195,2,2002,25.27
195,2,2003,27.22
195,2,2004,27.16
195,2,2005,26.92
195,2,2006,27.42
195,2,2007,30.72
195,2,2008,35.39
195,2,2009,38.29
195,2,2010,40.54
195,2,2011,43.54
195,2,2012,46.8
195,2,2013,48.43
195,2,2014,47.52
195,2,2015,47.19
195,2,2016,47.53
195,2,2017,48.85
195,2,2018,52.53
195,2,2019,56.07
195,2,2020,56.47
195,2,2021,62.67
195,2,2022,61.84
195,2,2023,62.97
196,2,1990,22.71
196,2,1991,23.09
196,2,1992,22.76
196,2,1993,25.01
196,2,1994,26.04
196,2,1995,27.01
196,2,1996,28.53
196,2,1997,26.79
196,2,1998,26.79
196,2,1999,25.52
196,2,2000,24.14
196,2,2001,23.19
196,2,2002,22.43
196,2,2003,21.95
196,2,2004,21.42
196,2,2005,22.42
196,2,2006,24.08
196,2,2007,26.04
196,2,2008,28.18
196,2,2009,31.06
196,2,2010,33.51
196,2,2011,35.76
196,2,2012,37.71
196,2,2013,39.62
196,2,2014,40.8
196,2,2015,41.08
196,2,2016,40.91
196,2,2017,40.88
196,2,2018,40.84
196,2,2019,38.36
196,2,2020,34.76
196,2,2021,34.61
196,2,2022,38.36
196,2,2023,41.88
197,2,1990,39.92
197,2,1991,41.13
197,2,1992,41.99
197,2,1993,41.36
197,2,1994,39.51
197,2,1995,36.03
197,2,1996,32.22
197,2,1997,28.58
197,2,1998,25.51
197,2,1999,23.55
197,2,2000,22.58
197,2,2001,23.43
197,2,2002,24.02
197,2,2003,26.62
197,2,2004,30.06
197,2,2005,32.57
197,2,2006,33.08
197,2,2007,31.43
197,2,2008,30.34
197,2,2009,30.5
197,2,2010,30.69
197,2,2011,30.69
197,2,2012,30.19
197,2,2013,29.29
197,2,2014,28.11
197,2,2015,27.05
197,2,2016,26.98
197,2,2017,27.84
197,2,2018,28.93
197,2,2019,30.15
197,2,2020,33.98
197,2,2021,36.97
197,2,2022,37.41
197,2,2023,37.68
198,2,1990,12.41
198,2,1991,12
198,2,1992,12.79
198,2,1993,12.97
198,2,1994,14
198,2,1995,14.73
198,2,1996,15.74
198,2,1997,16.92
198,2,1998,17.84
198,2,1999,18.57
198,2,2000,19.03
198,2,2001,20.49
198,2,2002,22.08
198,2,2003,23.63
198,2,2004,24.15
198,2,2005,23.31
198,2,2006,22.38
198,2,2007,20.92
198,2,2008,21.58
198,2,2009,21.5
198,2,2010,21.53
198,2,2011,23.71
198,2,2012,24.47
198,2,2013,24.29
198,2,2014,23.83
198,2,2015,24.08
198,2,2016,24.2
198,2,2017,23.65
198,2,2018,23.89
198,2,2019,24.01
198,2,2020,23.9
198,2,2021,28.24
198,2,2022,23.57
198,2,2023,23.24
200,2,1990,16.4
200,2,1991,16.97
200,2,1992,17.16
200,2,1993,17.57
200,2,1994,17.74
200,2,1995,17.72
200,2,1996,17.9
200,2,1997,17.89
200,2,1998,18.13
200,2,1999,18.11
200,2,2000,18.39
200,2,2001,17.86
200,2,2002,17.64
200,2,2003,17.31
200,2,2004,16.87
200,2,2005,16.89
200,2,2006,17.28
200,2,2007,17.46
200,2,2008,19.39
200,2,2009,21.49
200,2,2010,22.09
200,2,2011,22.73
200,2,2012,23.17
200,2,2013,24.02
200,2,2014,24.44
200,2,2015,24.7
200,2,2016,25.33
200,2,2017,26.07
200,2,2018,26.69
200,2,2019,28.55
200,2,2020,29.35
200,2,2021,29.5
200,2,2022,30.7
200,2,2023,33.33
201,2,1990,22.15
201,2,1991,21.31
201,2,1992,20.85
201,2,1993,20.8
201,2,1994,20.59
201,2,1995,20.57
201,2,1996,20.53
201,2,1997,20.39
201,2,1998,20.46
201,2,1999,20.48
201,2,2000,20.79
201,2,2001,20.61
201,2,2002,21.22
201,2,2003,21.03
201,2,2004,21.73
201,2,2005,22.86
201,2,2006,24.25
201,2,2007,24.6
201,2,2008,25.3
201,2,2009,26.04
201,2,2010,26.51
201,2,2011,27.29
201,2,2012,27.83
201,2,2013,28.08
201,2,2014,27.89
201,2,2015,28.94
201,2,2016,29.47
201,2,2017,29.89
201,2,2018,29.82
201,2,2019,29.97
201,2,2020,28.78
201,2,2021,28.92
201,2,2022,36.21
201,2,2023,39.63
202,2,1990,35.03
202,2,1991,34.36
202,2,1992,33.26
202,2,1993,32.12
202,2,1994,30.77
202,2,1995,29.55
202,2,1996,28.88
202,2,1997,28.19
202,2,1998,28.05
202,2,1999,27.98
202,2,2000,28.67
202,2,2001,28.02
202,2,2002,28.38
202,2,2003,28.1
202,2,2004,28.18
202,2,2005,28.59
202,2,2006,29.59
202,2,2007,29.78
202,2,2008,31.42
202,2,2009,33.1
202,2,2010,34.57
202,2,2011,35.73
202,2,2012,37.22
202,2,2013,38.27
202,2,2014,38.04
202,2,2015,39.61
202,2,2016,41.23
202,2,2017,43.7
202,2,2018,46.84
202,2,2019,48.98
202,2,2020,51.86
202,2,2021,54.54
202,2,2022,59.98
202,2,2023,65.13
203,2,1990,19.74
203,2,1991,19.4
203,2,1992,18.6
203,2,1993,17.68
203,2,1994,17.43
203,2,1995,19.81
203,2,1996,15.4
203,2,1997,14.76
203,2,1998,14.38
203,2,1999,14.22
203,2,2000,14.25
203,2,2001,14.5
203,2,2002,14.78
203,2,2003,15.05
203,2,2004,15.31
203,2,2005,16.12
203,2,2006,17.32
203,2,2007,18.29
203,2,2008,18.86
203,2,2009,19.3
203,2,2010,19.73
203,2,2011,20.97
203,2,2012,22.03
203,2,2013,23.78
203,2,2014,25.82
203,2,2015,27.43
203,2,2016,29.16
203,2,2017,29.46
203,2,2018,30.57
203,2,2019,31.06
203,2,2020,29.67
203,2,2021,30.42
203,2,2022,38.57
203,2,2023,41.8
204,2,1990,21.76
204,2,1991,21.59
204,2,1992,21.29
204,2,1993,21.41
204,2,1994,20.46
204,2,1995,19.59
204,2,1996,19.62
204,2,1997,19.51
204,2,1998,19.24
204,2,1999,19.09
204,2,2000,19.28
204,2,2001,19.45
204,2,2002,19.49
204,2,2003,19.52
204,2,2004,19.69
204,2,2005,20.2
204,2,2006,20.58
204,2,2007,21.13
204,2,2008,21.6
204,2,2009,22.29
204,2,2010,22.98
204,2,2011,23.35
204,2,2012,23.49
204,2,2013,23.86
204,2,2014,24.09
204,2,2015,24.64
204,2,2016,25.2
204,2,2017,25.55
204,2,2018,26.21
204,2,2019,26.8
204,2,2020,26.83
204,2,2021,26.71
204,2,2022,31.41
204,2,2023,33.01
205,2,1990,34.14
205,2,1991,33.13
205,2,1992,32.98
205,2,1993,33.36
205,2,1994,33.85
205,2,1995,34.33
205,2,1996,35.47
205,2,1997,36.59
205,2,1998,37.59
205,2,1999,38
205,2,2000,38.97
205,2,2001,37.49
205,2,2002,37.54
205,2,2003,36.02
205,2,2004,35.99
205,2,2005,36.39
205,2,2006,37.75
205,2,2007,37.87
205,2,2008,38.87
205,2,2009,38.64
205,2,2010,38.18
205,2,2011,39.14
205,2,2012,42.29
205,2,2013,46.9
205,2,2014,49.92
205,2,2015,54.54
205,2,2016,58.96
205,2,2017,62.63
205,2,2018,65.58
205,2,2019,65.89
205,2,2020,67.91
205,2,2021,68.45
205,2,2022,80.51
205,2,2023,86.65
206,2,1990,15.22
206,2,1991,15.57
206,2,1992,16.38
206,2,1993,15.9
206,2,1994,15.03
206,2,1995,16.91
206,2,1996,15.26
206,2,1997,14.75
206,2,1998,15.78
206,2,1999,17.11
206,2,2000,15.6
206,2,2001,14.66
206,2,2002,14.71
206,2,2003,15.06
206,2,2004,16.84
206,2,2005,17.83
206,2,2006,17.51
206,2,2007,17.7
206,2,2008,16.94
206,2,2009,17.81
206,2,2010,18.12
206,2,2011,17.12
206,2,2012,17.9
206,2,2013,18.38
206,2,2014,20.08
206,2,2015,19.44
206,2,2016,21.5
206,2,2017,25.04
206,2,2018,25.3
206,2,2019,27.99
206,2,2020,27.12
206,2,2021,28.83
206,2,2022,33.28
206,2,2023,34.82
207,2,1990,27.51
207,2,1991,27.59
207,2,1992,27.78
207,2,1993,28.1
207,2,1994,28.3
207,2,1995,27.6
207,2,1996,27.01
207,2,1997,26.38
207,2,1998,26.1
207,2,1999,25.36
207,2,2000,24.96
207,2,2001,24.49
207,2,2002,24.39
207,2,2003,23.73
207,2,2004,23.69
207,2,2005,24.05
207,2,2006,24.76
207,2,2007,24.96
207,2,2008,24.78
207,2,2009,24.71
207,2,2010,24.71
207,2,2011,25.68
207,2,2012,26.03
207,2,2013,26.09
207,2,2014,25.78
207,2,2015,26.02
207,2,2016,26.67
207,2,2017,27.19
207,2,2018,29.13
207,2,2019,31.32
207,2,2020,33.16
207,2,2021,36.19
207,2,2022,42.16
207,2,2023,45.28
208,2,1990,16.38
208,2,1991,16.62
208,2,1992,16.86
208,2,1993,17.08
208,2,1994,17.24
208,2,1995,17.48
208,2,1996,17.48
208,2,1997,17.34
208,2,1998,17.29
208,2,1999,17.11
208,2,2000,16.94
208,2,2001,16.64
208,2,2002,16.46
208,2,2003,16.33
208,2,2004,16.13
208,2,2005,16.34
208,2,2006,17.04
208,2,2007,17.29
208,2,2008,17.65
208,2,2009,18.29
208,2,2010,18.91
208,2,2011,19.4
208,2,2012,20.11
208,2,2013,20.78
208,2,2014,21.26
208,2,2015,21.55
208,2,2016,22
208,2,2017,22.44
208,2,2018,23.32
208,2,2019,25.08
208,2,2020,25.21
208,2,2021,26.28
208,2,2022,31.99
208,2,2023,33.84
209,2,1990,18.6
209,2,1991,18.66
209,2,1992,18.63
209,2,1993,18.61
209,2,1994,18.92
209,2,1995,18.29
209,2,1996,20.5
209,2,1997,19.9
209,2,1998,17.99
209,2,1999,17.78
209,2,2000,17.59
209,2,2001,17.95
209,2,2002,18.37
209,2,2003,18.91
209,2,2004,19.56
209,2,2005,21.46
209,2,2006,21.1
209,2,2007,21.71
209,2,2008,23.46
209,2,2009,23.94
209,2,2010,24.95
209,2,2011,26.15
209,2,2012,27.88
209,2,2013,29.15
209,2,2014,29.58
209,2,2015,30.82
209,2,2016,32.68
209,2,2017,34.36
209,2,2018,36.28
209,2,2019,38.93
209,2,2020,37.01
209,2,2021,35.92
209,2,2022,44.01
209,2,2023,47.31
210,2,1990,22.91
210,2,1991,22.84
210,2,1992,21.97
210,2,1993,21.66
210,2,1994,21.51
210,2,1995,20.9
210,2,1996,21.97
210,2,1997,20.79
210,2,1998,21.48
210,2,1999,21.83
210,2,2000,22.71
210,2,2001,22.56
210,2,2002,23.09
210,2,2003,22.92
210,2,2004,23.55
210,2,2005,23.95
210,2,2006,26.11
210,2,2007,26.85
210,2,2008,28.49
210,2,2009,30.4
210,2,2010,32.08
210,2,2011,33.12
210,2,2012,35.87
210,2,2013,38.19
210,2,2014,38.37
210,2,2015,39.44
210,2,2016,40.44
210,2,2017,42.96
210,2,2018,45.84
210,2,2019,49.22
210,2,2020,50.79
210,2,2021,59.21
210,2,2022,63.18
210,2,2023,67.08
211,2,1990,23.66
211,2,1991,23.86
211,2,1992,24
211,2,1993,24.26
211,2,1994,24.3
211,2,1995,24.69
211,2,1996,25.01
211,2,1997,24.76
211,2,1998,24.91
211,2,1999,24.81
211,2,2000,24.93
211,2,2001,24.84
211,2,2002,25.33
211,2,2003,25.92
211,2,2004,26.89
211,2,2005,27.68
211,2,2006,29.29
211,2,2007,31.27
211,2,2008,32.66
211,2,2009,34.18
211,2,2010,35.44
211,2,2011,36.73
211,2,2012,36.72
211,2,2013,38.1
211,2,2014,39.48
211,2,2015,42.89
211,2,2016,46.2
211,2,2017,48.69
211,2,2018,50.79
211,2,2019,52.22
211,2,2020,51.14
211,2,2021,55.41
211,2,2022,64.03
211,2,2023,67.96
212,2,1990,20.12
212,2,1991,20.19
212,2,1992,20.71
212,2,1993,21.5
212,2,1994,20.64
212,2,1995,20.9
212,2,1996,21.9
212,2,1997,22.67
212,2,1998,24.18
212,2,1999,24.03
212,2,2000,25.3
212,2,2001,26.08
212,2,2002,27.17
212,2,2003,27.07
212,2,2004,28.93
212,2,2005,30.07
212,2,2006,32.84
212,2,2007,32.41
212,2,2008,32.45
212,2,2009,35.22
212,2,2010,35.55
212,2,2011,35.69
212,2,2012,37.49
212,2,2013,38.76
212,2,2014,37.83
212,2,2015,38.36
212,2,2016,38.15
212,2,2017,41.68
212,2,2018,42.75
212,2,2019,47.23
212,2,2020,45.07
212,2,2021,50.17
212,2,2022,60.72
212,2,2023,66.17
213,2,1990,23.48
213,2,1991,23.67
213,2,1992,23.67
213,2,1993,23.81
213,2,1994,23.9
213,2,1995,24.14
213,2,1996,24.39
213,2,1997,24.4
213,2,1998,24.47
213,2,1999,24.08
213,2,2000,24.41
213,2,2001,23.86
213,2,2002,24.29
213,2,2003,23.91
213,2,2004,23.88
213,2,2005,23.73
213,2,2006,24.78
213,2,2007,24.86
213,2,2008,25.34
213,2,2009,25.77
213,2,2010,25.92
213,2,2011,25.92
213,2,2012,26.31
213,2,2013,27.06
213,2,2014,27.26
213,2,2015,27.9
213,2,2016,28.6
213,2,2017,29.91
213,2,2018,31.1
213,2,2019,32.42
213,2,2020,31.66
213,2,2021,33.5
213,2,2022,38.02
213,2,2023,39.74
214,2,1990,34.54
214,2,1991,35.4
214,2,1992,34.4
214,2,1993,34.27
214,2,1994,33.85
214,2,1995,33.56
214,2,1996,33.68
214,2,1997,33.69
214,2,1998,34.04
214,2,1999,34.14
214,2,2000,35.05
214,2,2001,35.15
214,2,2002,36.01
214,2,2003,35.92
214,2,2004,36.48
214,2,2005,36.91
214,2,2006,37.61
214,2,2007,37.69
214,2,2008,38.41
214,2,2009,39.79
214,2,2010,41.4
214,2,2011,42.17
214,2,2012,44.18
214,2,2013,47.78
214,2,2014,48.87
214,2,2015,49.51
214,2,2016,49.31
214,2,2017,50.86
214,2,2018,52.03
214,2,2019,53.32
214,2,2020,55.13
214,2,2021,58.11
214,2,2022,67.04
214,2,2023,72.11
215,2,1990,16.56
215,2,1991,16.15
215,2,1992,16.05
215,2,1993,16
215,2,1994,15.88
215,2,1995,14.97
215,2,1996,14.89
215,2,1997,14.96
215,2,1998,15.57
215,2,1999,16.36
215,2,2000,15.95
215,2,2001,16.93
215,2,2002,17.64
215,2,2003,18.16
215,2,2004,18.73
215,2,2005,20.23
215,2,2006,21.79
215,2,2007,22.86
215,2,2008,23.87
215,2,2009,25.27
215,2,2010,27.52
215,2,2011,28.21
215,2,2012,28.58
215,2,2013,30.11
215,2,2014,32.98
215,2,2015,34.67
215,2,2016,36.47
215,2,2017,38.56
215,2,2018,40.23
215,2,2019,41.79
215,2,2020,45.23
215,2,2021,46.71
215,2,2022,47.12
215,2,2023,49.11
216,2,1990,16.03
216,2,1991,16.62
216,2,1992,16.89
216,2,1993,17.01
216,2,1994,17.16
216,2,1995,16.84
216,2,1996,17.35
216,2,1997,16.94
216,2,1998,17.12
216,2,1999,17.2
216,2,2000,16.17
216,2,2001,21.31
216,2,2002,21.21
216,2,2003,19.25
216,2,2004,20.05
216,2,2005,20.06
216,2,2006,19.74
216,2,2007,21.02
216,2,2008,22.49
216,2,2009,23.5
216,2,2010,21.75
216,2,2011,22.08
216,2,2012,20.98
216,2,2013,21.75
216,2,2014,23.3
216,2,2015,22.78
216,2,2016,24.77
216,2,2017,25.55
216,2,2018,25.8
216,2,2019,29.32
216,2,2020,28.09
216,2,2021,28.46
216,2,2022,37.78
216,2,2023,41.98
217,2,1990,20.51
217,2,1991,20.51
217,2,1992,20.86
217,2,1993,20.98
217,2,1994,21.13
217,2,1995,20.89
217,2,1996,20.22
217,2,1997,19.18
217,2,1998,18.98
217,2,1999,18.09
217,2,2000,17.79
217,2,2001,16.89
217,2,2002,16.63
217,2,2003,16.44
217,2,2004,16.27
217,2,2005,16.69
217,2,2006,17.52
217,2,2007,17.73
217,2,2008,18.02
217,2,2009,18.79
217,2,2010,20.21
217,2,2011,21.18
217,2,2012,22.85
217,2,2013,23.99
217,2,2014,24.95
217,2,2015,25.86
217,2,2016,26.65
217,2,2017,28.12
217,2,2018,29.05
217,2,2019,30.55
217,2,2020,31
217,2,2021,32.44
217,2,2022,35.5
217,2,2023,38.68
218,2,1990,23.28
218,2,1991,23.21
218,2,1992,22.98
218,2,1993,22.53
218,2,1994,21.94
218,2,1995,21.46
218,2,1996,20.99
218,2,1997,20.54
218,2,1998,20.63
218,2,1999,20.4
218,2,2000,20.83
218,2,2001,20.7
218,2,2002,20.82
218,2,2003,20.73
218,2,2004,20.88
218,2,2005,21.16
218,2,2006,21.8
218,2,2007,21.35
218,2,2008,22.46
218,2,2009,24.08
218,2,2010,25.75
218,2,2011,26.94
218,2,2012,27.44
218,2,2013,28.03
218,2,2014,28.21
218,2,2015,29.49
218,2,2016,31.73
218,2,2017,34.78
218,2,2018,36.54
218,2,2019,38.83
218,2,2020,39.42
218,2,2021,42.4
218,2,2022,48.48
218,2,2023,51.34
298,2,1990,40.2
298,2,1991,41.22
298,2,1992,42.31
298,2,1993,43.81
298,2,1994,45.47
298,2,1995,47.09
298,2,1996,48.66
298,2,1997,50
298,2,1998,52.15
298,2,1999,53.65
298,2,2000,54.53
298,2,2001,55.33
298,2,2002,54.46
298,2,2003,54.61
298,2,2004,54.17
298,2,2005,53.49
298,2,2006,52.8
298,2,2007,53.07
298,2,2008,53.44
298,2,2009,54.75
298,2,2010,55.25
298,2,2011,55.82
298,2,2012,56.7
298,2,2013,58.06
298,2,2014,58.48
298,2,2015,58.91
298,2,2016,59.06
298,2,2017,57.71
298,2,2018,57.48
298,2,2019,56.88
298,2,2020,57.6
298,2,2021,63.75
298,2,2022,61.25
298,2,2023,63.35
305,2,1990,87.34
305,2,1991,88.8
305,2,1992,92.15
305,2,1993,94.45
305,2,1994,96.71
305,2,1995,100.91
305,2,1996,105.02
305,2,1997,104.72
305,2,1998,104.88
305,2,1999,106.93
305,2,2000,104.14
305,2,2001,103.72
305,2,2002,107.17
305,2,2003,103.08
305,2,2004,100.88
305,2,2005,100.65
305,2,2006,97.12
305,2,2007,97.62
305,2,2008,95.76
305,2,2009,96.98
305,2,2010,95.79
305,2,2011,95.45
305,2,2012,95.78
305,2,2013,95.6
305,2,2014,90.54
305,2,2015,88.42
305,2,2016,89.22
305,2,2017,85.77
305,2,2018,87.21
305,2,2019,89.95
305,2,2020,94.03
305,2,2021,101.81
305,2,2022,108.3
305,2,2023,112.01
320,2,1990,57.27
320,2,1991,59.5
320,2,1992,61.47
320,2,1993,63.85
320,2,1994,66.59
320,2,1995,69.71
320,2,1996,73.47
320,2,1997,80.03
320,2,1998,82.25
320,2,1999,85.37
320,2,2000,88.78
320,2,2001,88.11
320,2,2002,87.02
320,2,2003,87.69
320,2,2004,88.58
320,2,2005,89.6
320,2,2006,91.39
320,2,2007,94.34
320,2,2008,95.44
320,2,2009,98.47
320,2,2010,101.36
320,2,2011,102.25
320,2,2012,104.17
320,2,2013,107.54
320,2,2014,110.1
320,2,2015,113.3
320,2,2016,115.99
320,2,2017,121.43
320,2,2018,124.76
320,2,2019,125.53
320,2,2020,125.66
320,2,2021,141.66
320,2,2022,139.35
320,2,2023,142.56
349,2,1990,61.67
349,2,1991,62
349,2,1992,62.82
349,2,1993,63.9
349,2,1994,65.48
349,2,1995,66.92
349,2,1996,67.8
349,2,1997,68.5
349,2,1998,69.89
349,2,1999,70.61
349,2,2000,70.61
349,2,2001,70.64
349,2,2002,70.57
349,2,2003,70.22
349,2,2004,68.78
349,2,2005,68.4
349,2,2006,68.16
349,2,2007,66.45
349,2,2008,64.19
349,2,2009,63.55
349,2,2010,62.76
349,2,2011,62.46
349,2,2012,62.58
349,2,2013,61.43
349,2,2014,60.78
349,2,2015,60.41
349,2,2016,60.95
349,2,2017,61.49
349,2,2018,61.86
349,2,2019,61.79
349,2,2020,67.57
349,2,2021,68.22
349,2,2022,63.82
349,2,2023,58.62
351,2,1990,24.58
351,2,1991,23.97
351,2,1992,23.6
351,2,1993,23.25
351,2,1994,23.24
351,2,1995,37.15
351,2,1996,39.96
351,2,1997,30.02
351,2,1998,32.98
351,2,1999,38.08
351,2,2000,41.36
351,2,2001,38.14
351,2,2002,31.23
351,2,2003,32.87
351,2,2004,30.94
351,2,2005,29.74
351,2,2006,29.37
351,2,2007,31.35
351,2,2008,30.44
351,2,2009,31.86
351,2,2010,36.69
351,2,2011,33.16
351,2,2012,33.34
351,2,2013,40.48
351,2,2014,38.68
351,2,2015,39.87
351,2,2016,38.59
351,2,2017,33.65
351,2,2018,31.75
351,2,2019,32
351,2,2020,32.34
351,2,2021,35.01
351,2,2022,40.8
351,2,2023,40.94
367,2,1990,121.34
367,2,1991,121.4
367,2,1992,121.07
367,2,1993,122.46
367,2,1994,124.73
367,2,1995,127.47
367,2,1996,129.69
367,2,1997,131.19
367,2,1998,132.96
367,2,1999,132.18
367,2,2000,130.78
367,2,2001,129.89
367,2,2002,128.84
367,2,2003,129.99
367,2,2004,131.34
367,2,2005,134.26
367,2,2006,136.39
367,2,2007,138.83
367,2,2008,140.76
367,2,2009,141.78
367,2,2010,143.47
367,2,2011,141.75
367,2,2012,141.98
367,2,2013,142.25
367,2,2014,141.9
367,2,2015,141.8
367,2,2016,141.3
367,2,2017,140.13
367,2,2018,139.02
367,2,2019,139.47
367,2,2020,141.59
367,2,2021,147.88
367,2,2022,157.6
367,2,2023,161.97
369,2,1990,72.65
369,2,1991,73.24
369,2,1992,73.65
369,2,1993,74.44
369,2,1994,74.69
369,2,1995,74.55
369,2,1996,74.43
369,2,1997,74.73
369,2,1998,75.94
369,2,1999,76.75
369,2,2000,77.06
369,2,2001,76.65
369,2,2002,76.34
369,2,2003,76.05
369,2,2004,75.94
369,2,2005,75.75
369,2,2006,75.51
369,2,2007,75.11
369,2,2008,75.69
369,2,2009,77.46
369,2,2010,79.5
369,2,2011,81.4
369,2,2012,83.41
369,2,2013,85.68
369,2,2014,87.95
369,2,2015,90.37
369,2,2016,93.26
369,2,2017,95.87
369,2,2018,98.61
369,2,2019,101.17
369,2,2020,107.63
369,2,2021,122.75
369,2,2022,114.75
369,2,2023,116.69
374,2,1990,41.48
374,2,1991,42.08
374,2,1992,42.47
374,2,1993,43.29
374,2,1994,44.17
374,2,1995,44.69
374,2,1996,45.37
374,2,1997,46.67
374,2,1998,48.46
374,2,1999,49.69
374,2,2000,49.98
374,2,2001,49.81
374,2,2002,49.36
374,2,2003,49.07
374,2,2004,48.03
374,2,2005,48.11
374,2,2006,47.45
374,2,2007,46.65
374,2,2008,46.42
374,2,2009,47.35
374,2,2010,48.19
374,2,2011,49.27
374,2,2012,50.25
374,2,2013,51.3
374,2,2014,52.16
374,2,2015,53.23
374,2,2016,54.3
374,2,2017,55.51
374,2,2018,56.12
374,2,2019,55.09
374,2,2020,45.29
374,2,2021,47.25
374,2,2022,54.45
374,2,2023,56.69
376,2,1990,48.26
376,2,1991,50.13
376,2,1992,51.96
376,2,1993,54.02
376,2,1994,56.04
376,2,1995,58.2
376,2,1996,60.33
376,2,1997,62.21
376,2,1998,64.18
376,2,1999,66.6
376,2,2000,67.48
376,2,2001,67.38
376,2,2002,66.47
376,2,2003,65.52
376,2,2004,64.63
376,2,2005,63.21
376,2,2006,62.22
376,2,2007,61.51
376,2,2008,60.66
376,2,2009,60.52
376,2,2010,59.16
376,2,2011,58.09
376,2,2012,57.49
376,2,2013,57.02
376,2,2014,56.33
376,2,2015,58.87
376,2,2016,58.2
376,2,2017,58.95
376,2,2018,59.81
376,2,2019,61.92
376,2,2020,62.13
376,2,2021,68.08
376,2,2022,66.83
376,2,2023,67.36
380,2,1990,63.8
380,2,1991,64.92
380,2,1992,66.07
380,2,1993,67.26
380,2,1994,69
380,2,1995,70.88
380,2,1996,72.91
380,2,1997,74.82
380,2,1998,77.38
380,2,1999,78.57
380,2,2000,79.01
380,2,2001,79.03
380,2,2002,78.68
380,2,2003,78.31
380,2,2004,77.58
380,2,2005,76.11
380,2,2006,74.55
380,2,2007,73.03
380,2,2008,71.76
380,2,2009,71.7
380,2,2010,71.61
380,2,2011,71.63
380,2,2012,72.45
380,2,2013,71.75
380,2,2014,72.88
380,2,2015,74.05
380,2,2016,75.22
380,2,2017,75.71
380,2,2018,76.95
380,2,2019,84.41
380,2,2020,87.66
380,2,2021,95.49
380,2,2022,90.31
380,2,2023,90.76
385,2,1990,49.77
385,2,1991,50.41
385,2,1992,51.28
385,2,1993,50.62
385,2,1994,51
385,2,1995,50.9
385,2,1996,52.28
385,2,1997,51.85
385,2,1998,52.46
385,2,1999,53.88
385,2,2000,53.99
385,2,2001,55.21
385,2,2002,58.47
385,2,2003,58.23
385,2,2004,59.06
385,2,2005,58.02
385,2,2006,60.02
385,2,2007,60.76
385,2,2008,61.67
385,2,2009,62.44
385,2,2010,62.17
385,2,2011,62.34
385,2,2012,63.45
385,2,2013,62.57
385,2,2014,62.87
385,2,2015,63.02
385,2,2016,60.59
385,2,2017,60.8
385,2,2018,56.98
385,2,2019,56.99
385,2,2020,56.54
385,2,2021,53.8
385,2,2022,52.38
385,2,2023,56.06
393,2,1990,60.54
393,2,1991,56.66
393,2,1992,55.6
393,2,1993,55.04
393,2,1994,56.45
393,2,1995,56.57
393,2,1996,56.52
393,2,1997,55.98
393,2,1998,55.95
393,2,1999,57.35
393,2,2000,59.11
393,2,2001,58.05
393,2,2002,61.09
393,2,2003,60.33
393,2,2004,59.5
393,2,2005,59.21
393,2,2006,61.43
393,2,2007,62.75
393,2,2008,62.74
393,2,2009,63.07
393,2,2010,63.2
393,2,2011,64.94
393,2,2012,65.14
393,2,2013,65.93
393,2,2014,63.73
393,2,2015,64.05
393,2,2016,63.69
393,2,2017,64.16
393,2,2018,64.82
393,2,2019,66.16
393,2,2020,69.13
393,2,2021,69.99
393,2,2022,69.08
393,2,2023,71.09
396,2,1990,74.73
396,2,1991,74.93
396,2,1992,74.93
396,2,1993,76.2
396,2,1994,78.55
396,2,1995,82.7
396,2,1996,86.54
396,2,1997,89.79
396,2,1998,93.88
396,2,1999,96.63
396,2,2000,97.95
396,2,2001,99.37
396,2,2002,100.59
396,2,2003,100.76
396,2,2004,96.39
396,2,2005,94.91
396,2,2006,92.27
396,2,2007,88.69
396,2,2008,85.54
396,2,2009,81.63
396,2,2010,79.38
396,2,2011,76.78
396,2,2012,73.85
396,2,2013,72.11
396,2,2014,70.38
396,2,2015,70.33
396,2,2016,70.4
396,2,2017,71.3
396,2,2018,72.75
396,2,2019,75.2
396,2,2020,74.03
396,2,2021,76.61
396,2,2022,80.6
396,2,2023,85.15
413,2,1990,22.58
413,2,1991,23.25
413,2,1992,23.84
413,2,1993,24.51
413,2,1994,25.16
413,2,1995,25.87
413,2,1996,26.73
413,2,1997,27.81
413,2,1998,29.01
413,2,1999,29.87
413,2,2000,30.56
413,2,2001,31.02
413,2,2002,31.48
413,2,2003,31.79
413,2,2004,32.31
413,2,2005,32.6
413,2,2006,32.63
413,2,2007,32.47
413,2,2008,32.3
413,2,2009,32.61
413,2,2010,33.09
413,2,2011,33.54
413,2,2012,34.1
413,2,2013,34.81
413,2,2014,35.43
413,2,2015,36.35
413,2,2016,37.27
413,2,2017,37.99
413,2,2018,38.32
413,2,2019,37.51
413,2,2020,30.11
413,2,2021,30.09
413,2,2022,35.63
413,2,2023,37.12
416,2,1990,34.83
416,2,1991,36
416,2,1992,37.13
416,2,1993,38.19
416,2,1994,39.79
416,2,1995,40.83
416,2,1996,41.85
416,2,1997,43.15
416,2,1998,45.15
416,2,1999,46.66
416,2,2000,47.87
416,2,2001,48.59
416,2,2002,49.2
416,2,2003,49.3
416,2,2004,49.33
416,2,2005,49.5
416,2,2006,50.02
416,2,2007,50.3
416,2,2008,50.35
416,2,2009,50.82
416,2,2010,51.01
416,2,2011,51.25
416,2,2012,51.73
416,2,2013,52.37
416,2,2014,52.84
416,2,2015,53.41
416,2,2016,55.32
416,2,2017,55.7
416,2,2018,56.7
416,2,2019,58.74
416,2,2020,59.7
416,2,2021,62.58
416,2,2022,59.73
416,2,2023,60.65
422,2,1990,66.44
422,2,1991,67.9
422,2,1992,68.62
422,2,1993,69.02
422,2,1994,69.51
422,2,1995,68.04
422,2,1996,67.29
422,2,1997,64.61
422,2,1998,62.99
422,2,1999,62.76
422,2,2000,62.2
422,2,2001,60.87
422,2,2002,60.93
422,2,2003,59.82
422,2,2004,61.64
422,2,2005,60.57
422,2,2006,60.76
422,2,2007,63.76
422,2,2008,65.03
422,2,2009,66.25
422,2,2010,65.99
422,2,2011,67.15
422,2,2012,69.09
422,2,2013,67.09
422,2,2014,62.97
422,2,2015,60.99
422,2,2016,60.86
422,2,2017,61.94
422,2,2018,61.45
422,2,2019,62.12
422,2,2020,62.73
422,2,2021,68.35
422,2,2022,69.18
422,2,2023,75.91
435,2,1990,25.72
435,2,1991,25.6
435,2,1992,25.93
435,2,1993,25.87
435,2,1994,25.8
435,2,1995,26.12
435,2,1996,25.54
435,2,1997,23.68
435,2,1998,23.92
435,2,1999,23.82
435,2,2000,24.22
435,2,2001,23.09
435,2,2002,22.93
435,2,2003,23.67
435,2,2004,24.27
435,2,2005,24.29
435,2,2006,25.8
435,2,2007,26.12
435,2,2008,26.36
435,2,2009,27.19
435,2,2010,27.8
435,2,2011,28.3
435,2,2012,28.92
435,2,2013,29.84
435,2,2014,31.13
435,2,2015,32.41
435,2,2016,32.97
435,2,2017,32.8
435,2,2018,33.69
435,2,2019,34.77
435,2,2020,34.62
435,2,2021,34.13
435,2,2022,41.55
435,2,2023,43.51
522,2,1990,13.4
522,2,1991,13.53
522,2,1992,13.58
522,2,1993,13.69
522,2,1994,13.51
522,2,1995,13.53
522,2,1996,13.56
522,2,1997,13.6
522,2,1998,13.82
522,2,1999,13.73
522,2,2000,13.78
522,2,2001,13.83
522,2,2002,13.88
522,2,2003,13.97
522,2,2004,14.19
522,2,2005,14.3
522,2,2006,14.65
522,2,2007,15
522,2,2008,15.57
522,2,2009,16.32
522,2,2010,16.77
522,2,2011,17.21
522,2,2012,17.54
522,2,2013,18.34
522,2,2014,19.34
522,2,2015,20.38
522,2,2016,21.56
522,2,2017,22.66
522,2,2018,23.52
522,2,2019,24.89
522,2,2020,27.64
522,2,2021,29.73
522,2,2022,30.56
522,2,2023,31.31
