location,sex,year,prostate_cancer_deaths_number_all_ages
6,1,1980,8492.95
6,1,1981,8755.53
6,1,1982,8961.67
6,1,1983,9084.52
6,1,1984,9218.73
6,1,1985,9440.04
6,1,1986,9858.28
6,1,1987,10351.25
6,1,1988,10986.85
6,1,1989,11670.7
6,1,1990,12236.04
6,1,1991,12665.94
6,1,1992,13073.38
6,1,1993,13552.63
6,1,1994,14066.99
6,1,1995,14540.14
6,1,1996,15074.68
6,1,1997,15644.79
6,1,1998,16276.3
6,1,1999,17000.64
6,1,2000,17546.11
6,1,2001,17938.99
6,1,2002,18016.66
6,1,2003,17971.97
6,1,2004,18031.54
6,1,2005,18479.9
6,1,2006,19425.03
6,1,2007,20445.2
6,1,2008,20939.62
6,1,2009,21228.29
6,1,2010,21361.14
6,1,2011,21483.55
6,1,2012,22121.55
6,1,2013,22034.85
6,1,2014,23028.26
6,1,2015,24693.14
6,1,2016,27386.27
6,1,2017,29595.52
6,1,2018,30111.48
6,1,2019,29535.14
6,1,2020,30034.32
6,1,2021,34794.4
6,1,2022,38450.28
6,1,2023,36820.44
7,1,1980,152.38
7,1,1981,158.41
7,1,1982,164.47
7,1,1983,170.74
7,1,1984,177.49
7,1,1985,184.2
7,1,1986,190.34
7,1,1987,195.42
7,1,1988,200.35
7,1,1989,207.27
7,1,1990,213.7
7,1,1991,220.05
7,1,1992,225.46
7,1,1993,229.88
7,1,1994,234.36
7,1,1995,236.45
7,1,1996,237.4
7,1,1997,239.44
7,1,1998,242.22
7,1,1999,247.67
7,1,2000,254.44
7,1,2001,263.07
7,1,2002,272.24
7,1,2003,281.51
7,1,2004,293.8
7,1,2005,306.84
7,1,2006,320.95
7,1,2007,335.02
7,1,2008,348.4
7,1,2009,360.42
7,1,2010,373.84
7,1,2011,387.93
7,1,2012,409.11
7,1,2013,420.09
7,1,2014,436.86
7,1,2015,455.67
7,1,2016,481.38
7,1,2017,505.18
7,1,2018,534.72
7,1,2019,560.79
7,1,2020,587.71
7,1,2021,620.59
7,1,2022,663.48
7,1,2023,681.45
8,1,1980,119.28
8,1,1981,150.19
8,1,1982,171.7
8,1,1983,209.8
8,1,1984,247.84
8,1,1985,283.13
8,1,1986,300.25
8,1,1987,338.44
8,1,1988,387.98
8,1,1989,444.24
8,1,1990,475.45
8,1,1991,517.1
8,1,1992,558.59
8,1,1993,632.47
8,1,1994,726.87
8,1,1995,774.34
8,1,1996,858.94
8,1,1997,942.42
8,1,1998,976.82
8,1,1999,1017.01
8,1,2000,1119.98
8,1,2001,1210.21
8,1,2002,1280.06
8,1,2003,1312.58
8,1,2004,1396.01
8,1,2005,1483.73
8,1,2006,1530.63
8,1,2007,1578.32
8,1,2008,1483.11
8,1,2009,1520.08
8,1,2010,1613.5
8,1,2011,1710.29
8,1,2012,1794.29
8,1,2013,1801.64
8,1,2014,1851.37
8,1,2015,1907.82
8,1,2016,1988.38
8,1,2017,2044.27
8,1,2018,2061.8
8,1,2019,2093.26
8,1,2020,2105.19
8,1,2021,2227.15
8,1,2022,2311.69
8,1,2023,2464.98
10,1,1980,67.95
10,1,1981,68.06
10,1,1982,68.19
10,1,1983,68.44
10,1,1984,68.97
10,1,1985,69.92
10,1,1986,71.35
10,1,1987,72.92
10,1,1988,74.85
10,1,1989,77.05
10,1,1990,79.83
10,1,1991,83.76
10,1,1992,87.58
10,1,1993,90.85
10,1,1994,94.16
10,1,1995,97.39
10,1,1996,100.66
10,1,1997,104.41
10,1,1998,109.73
10,1,1999,112.99
10,1,2000,117.21
10,1,2001,125.03
10,1,2002,133.49
10,1,2003,139.81
10,1,2004,146.19
10,1,2005,152.66
10,1,2006,156.46
10,1,2007,163.1
10,1,2008,170.27
10,1,2009,177.76
10,1,2010,187.06
10,1,2011,195.05
10,1,2012,205.97
10,1,2013,216.57
10,1,2014,227.55
10,1,2015,240.08
10,1,2016,252.92
10,1,2017,262.38
10,1,2018,274.7
10,1,2019,289.6
10,1,2020,310.85
10,1,2021,317.52
10,1,2022,338.62
10,1,2023,358.48
11,1,1980,1763.46
11,1,1981,1823.84
11,1,1982,1895.96
11,1,1983,1967.84
11,1,1984,2039.01
11,1,1985,2119.66
11,1,1986,2204.62
11,1,1987,2296.45
11,1,1988,2406.37
11,1,1989,2515.81
11,1,1990,2624.1
11,1,1991,2726.99
11,1,1992,2837.85
11,1,1993,2945.23
11,1,1994,3040.93
11,1,1995,3120.82
11,1,1996,3202.83
11,1,1997,3296.89
11,1,1998,3370.51
11,1,1999,3457.14
11,1,2000,3560.87
11,1,2001,3652.25
11,1,2002,3765.55
11,1,2003,3912.33
11,1,2004,4253.73
11,1,2005,4208.23
11,1,2006,4378.56
11,1,2007,4546.43
11,1,2008,4721.04
11,1,2009,4889.21
11,1,2010,5028.97
11,1,2011,5228.57
11,1,2012,5348.83
11,1,2013,5459.84
11,1,2014,5600.75
11,1,2015,5763.21
11,1,2016,5985.67
11,1,2017,6255.01
11,1,2018,6522.34
11,1,2019,6814.75
11,1,2020,7429.23
11,1,2021,8513.36
11,1,2022,8121.51
11,1,2023,8670.92
12,1,1980,49.95
12,1,1981,50.33
12,1,1982,50.78
12,1,1983,51.47
12,1,1984,52.37
12,1,1985,53.55
12,1,1986,53.92
12,1,1987,54.53
12,1,1988,55.64
12,1,1989,57.08
12,1,1990,59.15
12,1,1991,60.44
12,1,1992,62.14
12,1,1993,64.34
12,1,1994,66.84
12,1,1995,68.49
12,1,1996,70.27
12,1,1997,72.63
12,1,1998,75.54
12,1,1999,78.15
12,1,2000,80.8
12,1,2001,83.48
12,1,2002,86.67
12,1,2003,89.62
12,1,2004,92.31
12,1,2005,95.7
12,1,2006,99
12,1,2007,103.16
12,1,2008,107.06
12,1,2009,112.26
12,1,2010,117.42
12,1,2011,123.66
12,1,2012,128.4
12,1,2013,134.09
12,1,2014,139.22
12,1,2015,145.09
12,1,2016,149.35
12,1,2017,154.29
12,1,2018,157.96
12,1,2019,162.87
12,1,2020,171.78
12,1,2021,178.88
12,1,2022,197.98
12,1,2023,206.91
13,1,1980,193.28
13,1,1981,200.56
13,1,1982,208.78
13,1,1983,214.6
13,1,1984,218.73
13,1,1985,222.99
13,1,1986,229.28
13,1,1987,237.64
13,1,1988,248.36
13,1,1989,261.28
13,1,1990,272.84
13,1,1991,283.87
13,1,1992,293.24
13,1,1993,303.19
13,1,1994,314.26
13,1,1995,321.36
13,1,1996,329.06
13,1,1997,334.76
13,1,1998,354.59
13,1,1999,372.72
13,1,2000,391.24
13,1,2001,409.05
13,1,2002,432.32
13,1,2003,452.2
13,1,2004,471.1
13,1,2005,487.13
13,1,2006,512.82
13,1,2007,542.11
13,1,2008,569.78
13,1,2009,598.41
13,1,2010,628.36
13,1,2011,666.02
13,1,2012,703.34
13,1,2013,751.58
13,1,2014,799.43
13,1,2015,848.97
13,1,2016,907.53
13,1,2017,957.04
13,1,2018,1013.56
13,1,2019,1067.44
13,1,2020,1109.4
13,1,2021,1165.44
13,1,2022,1369.24
13,1,2023,1384.89
14,1,1980,1.25
14,1,1981,1.34
14,1,1982,1.41
14,1,1983,1.46
14,1,1984,1.52
14,1,1985,1.63
14,1,1986,1.72
14,1,1987,1.8
14,1,1988,1.88
14,1,1989,1.99
14,1,1990,2.12
14,1,1991,2.3
14,1,1992,2.45
14,1,1993,2.6
14,1,1994,2.74
14,1,1995,2.93
14,1,1996,3.13
14,1,1997,3.32
14,1,1998,3.52
14,1,1999,3.67
14,1,2000,3.95
14,1,2001,4.33
14,1,2002,4.71
14,1,2003,5.12
14,1,2004,5.65
14,1,2005,6.01
14,1,2006,6.55
14,1,2007,7.09
14,1,2008,7.56
14,1,2009,8.02
14,1,2010,8.46
14,1,2011,8.96
14,1,2012,9.29
14,1,2013,9.66
14,1,2014,10
14,1,2015,10.34
14,1,2016,10.72
14,1,2017,11.16
14,1,2018,11.54
14,1,2019,12.16
14,1,2020,12.7
14,1,2021,13.4
14,1,2022,14.31
14,1,2023,15.46
15,1,1980,636.2
15,1,1981,646.68
15,1,1982,657.54
15,1,1983,669.1
15,1,1984,679.82
15,1,1985,692.04
15,1,1986,711.81
15,1,1987,733.26
15,1,1988,756.01
15,1,1989,781.17
15,1,1990,840
15,1,1991,879.68
15,1,1992,912.96
15,1,1993,949.08
15,1,1994,982.64
15,1,1995,1017.62
15,1,1996,1048.85
15,1,1997,1085
15,1,1998,1128.51
15,1,1999,1160.59
15,1,2000,1196.75
15,1,2001,1234.96
15,1,2002,1275.17
15,1,2003,1312.88
15,1,2004,1348.92
15,1,2005,1391.64
15,1,2006,1423.48
15,1,2007,1461.65
15,1,2008,1603.33
15,1,2009,1522.94
15,1,2010,1576.93
15,1,2011,1633.93
15,1,2012,1661.52
15,1,2013,1713.34
15,1,2014,1789.79
15,1,2015,1851.79
15,1,2016,1932.75
15,1,2017,1994.93
15,1,2018,2033.62
15,1,2019,2111.65
15,1,2020,2263.9
15,1,2021,2566.51
15,1,2022,2403.06
15,1,2023,2502.41
16,1,1980,810.32
16,1,1981,919.15
16,1,1982,955.69
16,1,1983,996.49
16,1,1984,1043.65
16,1,1985,1080.43
16,1,1986,1108.81
16,1,1987,1124.02
16,1,1988,1162.49
16,1,1989,1216.46
16,1,1990,1272.44
16,1,1991,1331.3
16,1,1992,1407.93
16,1,1993,1500.43
16,1,1994,1603.35
16,1,1995,1686.04
16,1,1996,1764
16,1,1997,1816.15
16,1,1998,1882.55
16,1,1999,1945.8
16,1,2000,2019.32
16,1,2001,2118.01
16,1,2002,2202.26
16,1,2003,2217.54
16,1,2004,2254.36
16,1,2005,2384.07
16,1,2006,2470.51
16,1,2007,2522.33
16,1,2008,2644.38
16,1,2009,2766.95
16,1,2010,2840.88
16,1,2011,2938.79
16,1,2012,3074.6
16,1,2013,3189.49
16,1,2014,3289.47
16,1,2015,3394.61
16,1,2016,3493.11
16,1,2017,3573.38
16,1,2018,3644.48
16,1,2019,3745.19
16,1,2020,3723.51
16,1,2021,4626.39
16,1,2022,4223.03
16,1,2023,4149.67
17,1,1980,174.76
17,1,1981,179.24
17,1,1982,189.12
17,1,1983,197.44
17,1,1984,219.73
17,1,1985,223.82
17,1,1986,229.5
17,1,1987,231.98
17,1,1988,241.83
17,1,1989,260.1
17,1,1990,262.24
17,1,1991,255.89
17,1,1992,263.25
17,1,1993,270.26
17,1,1994,282.46
17,1,1995,282.51
17,1,1996,314.45
17,1,1997,308.42
17,1,1998,322.09
17,1,1999,335.93
17,1,2000,335.46
17,1,2001,352.13
17,1,2002,370.53
17,1,2003,390.99
17,1,2004,433.14
17,1,2005,436.13
17,1,2006,457.54
17,1,2007,490.82
17,1,2008,517.81
17,1,2009,530.81
17,1,2010,551.18
17,1,2011,568.65
17,1,2012,593.18
17,1,2013,636.91
17,1,2014,675.88
17,1,2015,691.82
17,1,2016,718
17,1,2017,773.43
17,1,2018,800.86
17,1,2019,821.83
17,1,2020,854.15
17,1,2021,872.32
17,1,2022,1118.9
17,1,2023,1187.95
18,1,1980,888.38
18,1,1981,943.35
18,1,1982,1003.18
18,1,1983,1045.55
18,1,1984,1061.65
18,1,1985,1107.88
18,1,1986,1182.33
18,1,1987,1292.83
18,1,1988,1407.56
18,1,1989,1536.7
18,1,1990,1661.46
18,1,1991,1805.57
18,1,1992,1969.36
18,1,1993,2093.68
18,1,1994,2243.79
18,1,1995,2359.69
18,1,1996,2281.32
18,1,1997,2111.82
18,1,1998,2271.22
18,1,1999,2697.62
18,1,2000,2922.64
18,1,2001,3056.7
18,1,2002,3149.56
18,1,2003,3272.52
18,1,2004,3467.79
18,1,2005,3643.28
18,1,2006,3762.78
18,1,2007,3916.09
18,1,2008,4046.01
18,1,2009,4168.59
18,1,2010,4382.57
18,1,2011,4438.69
18,1,2012,4456.19
18,1,2013,4554.21
18,1,2014,4631.41
18,1,2015,4770.4
18,1,2016,4912.97
18,1,2017,4791.22
18,1,2018,4722.82
18,1,2019,5021.17
18,1,2020,5218.47
18,1,2021,5434.37
18,1,2022,6179.06
18,1,2023,6240.74
19,1,1980,6.31
19,1,1981,6.35
19,1,1982,6.4
19,1,1983,6.45
19,1,1984,6.53
19,1,1985,6.65
19,1,1986,6.81
19,1,1987,7.01
19,1,1988,7.22
19,1,1989,7.49
19,1,1990,7.79
19,1,1991,8.17
19,1,1992,8.62
19,1,1993,9.13
19,1,1994,9.67
19,1,1995,10.16
19,1,1996,10.84
19,1,1997,11.54
19,1,1998,12.35
19,1,1999,13.05
19,1,2000,13.92
19,1,2001,14.76
19,1,2002,15.51
19,1,2003,16.61
19,1,2004,16.97
19,1,2005,17.96
19,1,2006,18.8
19,1,2007,19.7
19,1,2008,20.29
19,1,2009,21.5
19,1,2010,22.48
19,1,2011,24.25
19,1,2012,25.31
19,1,2013,25.72
19,1,2014,26.1
19,1,2015,27.53
19,1,2016,28.43
19,1,2017,29.47
19,1,2018,30.09
19,1,2019,30.63
19,1,2020,33.77
19,1,2021,34.73
19,1,2022,36.03
19,1,2023,37.75
20,1,1980,228.21
20,1,1981,232.39
20,1,1982,236.43
20,1,1983,240.17
20,1,1984,244.42
20,1,1985,248.69
20,1,1986,253.89
20,1,1987,260.2
20,1,1988,268.08
20,1,1989,276.79
20,1,1990,284.43
20,1,1991,293.48
20,1,1992,301.7
20,1,1993,313.59
20,1,1994,324.17
20,1,1995,333.24
20,1,1996,348.28
20,1,1997,356.88
20,1,1998,370.2
20,1,1999,380.96
20,1,2000,395.2
20,1,2001,413.76
20,1,2002,435.51
20,1,2003,458.77
20,1,2004,481.63
20,1,2005,503.71
20,1,2006,525.57
20,1,2007,549.2
20,1,2008,574.33
20,1,2009,604.01
20,1,2010,633.5
20,1,2011,658.71
20,1,2012,686.36
20,1,2013,710.19
20,1,2014,742.05
20,1,2015,767.91
20,1,2016,799.7
20,1,2017,825.37
20,1,2018,851.86
20,1,2019,884.33
20,1,2020,917.24
20,1,2021,939.02
20,1,2022,999.8
20,1,2023,1074.85
22,1,1980,16.02
22,1,1981,16.43
22,1,1982,17.32
22,1,1983,18.29
22,1,1984,19.25
22,1,1985,19.71
22,1,1986,20.32
22,1,1987,21.2
22,1,1988,22.14
22,1,1989,22.98
22,1,1990,23.62
22,1,1991,24.22
22,1,1992,24.79
22,1,1993,25.01
22,1,1994,25.11
22,1,1995,25.22
22,1,1996,25.33
22,1,1997,25.87
22,1,1998,26.93
22,1,1999,27.57
22,1,2000,28.17
22,1,2001,29.64
22,1,2002,31.63
22,1,2003,33.77
22,1,2004,36.44
22,1,2005,38.66
22,1,2006,40.61
22,1,2007,42.52
22,1,2008,44.04
22,1,2009,45.23
22,1,2010,46.05
22,1,2011,46.6
22,1,2012,47.45
22,1,2013,47.95
22,1,2014,49.1
22,1,2015,50.44
22,1,2016,51.76
22,1,2017,53.19
22,1,2018,55.03
22,1,2019,56.27
22,1,2020,57.98
22,1,2021,60.84
22,1,2022,64.64
22,1,2023,68.62
23,1,1980,0.7
23,1,1981,0.7
23,1,1982,0.69
23,1,1983,0.68
23,1,1984,0.68
23,1,1985,0.68
23,1,1986,0.68
23,1,1987,0.69
23,1,1988,0.7
23,1,1989,0.72
23,1,1990,0.73
23,1,1991,0.75
23,1,1992,0.77
23,1,1993,0.77
23,1,1994,0.77
23,1,1995,0.75
23,1,1996,0.76
23,1,1997,0.77
23,1,1998,0.79
23,1,1999,0.8
23,1,2000,0.82
23,1,2001,0.84
23,1,2002,0.86
23,1,2003,0.89
23,1,2004,0.92
23,1,2005,0.95
23,1,2006,0.98
23,1,2007,1.01
23,1,2008,1.04
23,1,2009,1.06
23,1,2010,1.08
23,1,2011,1.09
23,1,2012,1.11
23,1,2013,1.12
23,1,2014,1.13
23,1,2015,1.14
23,1,2016,1.17
23,1,2017,1.19
23,1,2018,1.28
23,1,2019,1.25
23,1,2020,1.29
23,1,2021,1.38
23,1,2022,1.44
23,1,2023,1.51
24,1,1980,1.25
24,1,1981,1.31
24,1,1982,1.37
24,1,1983,1.38
24,1,1984,1.43
24,1,1985,1.48
24,1,1986,1.54
24,1,1987,1.6
24,1,1988,1.65
24,1,1989,1.68
24,1,1990,1.71
24,1,1991,1.75
24,1,1992,1.78
24,1,1993,1.81
24,1,1994,1.89
24,1,1995,1.88
24,1,1996,1.88
24,1,1997,1.87
24,1,1998,1.88
24,1,1999,1.85
24,1,2000,1.88
24,1,2001,1.85
24,1,2002,1.86
24,1,2003,1.88
24,1,2004,1.88
24,1,2005,1.88
24,1,2006,1.89
24,1,2007,1.9
24,1,2008,1.92
24,1,2009,1.93
24,1,2010,1.95
24,1,2011,1.98
24,1,2012,2.01
24,1,2013,2.05
24,1,2014,2.08
24,1,2015,2.11
24,1,2016,2.15
24,1,2017,2.2
24,1,2018,2.25
24,1,2019,2.29
24,1,2020,2.41
24,1,2021,2.7
24,1,2022,2.65
24,1,2023,2.75
25,1,1980,3.42
25,1,1981,3.57
25,1,1982,3.73
25,1,1983,3.88
25,1,1984,4.04
25,1,1985,4.18
25,1,1986,4.32
25,1,1987,4.45
25,1,1988,4.59
25,1,1989,4.61
25,1,1990,4.63
25,1,1991,4.7
25,1,1992,4.75
25,1,1993,4.81
25,1,1994,4.86
25,1,1995,4.85
25,1,1996,4.84
25,1,1997,4.83
25,1,1998,4.82
25,1,1999,4.77
25,1,2000,4.89
25,1,2001,4.7
25,1,2002,4.71
25,1,2003,4.57
25,1,2004,4.47
25,1,2005,4.38
25,1,2006,4.3
25,1,2007,4.23
25,1,2008,4.17
25,1,2009,4.13
25,1,2010,4.07
25,1,2011,4.09
25,1,2012,4.12
25,1,2013,4.14
25,1,2014,4.16
25,1,2015,4.08
25,1,2016,4.15
25,1,2017,4.24
25,1,2018,4.25
25,1,2019,4.1
25,1,2020,4.22
25,1,2021,4.8
25,1,2022,4.22
25,1,2023,4.36
26,1,1980,61.33
26,1,1981,65.05
26,1,1982,68.41
26,1,1983,72.12
26,1,1984,75.93
26,1,1985,80.15
26,1,1986,85
26,1,1987,89.51
26,1,1988,94.52
26,1,1989,100.2
26,1,1990,105.55
26,1,1991,111.63
26,1,1992,117.11
26,1,1993,123.32
26,1,1994,129.3
26,1,1995,134.16
26,1,1996,140.61
26,1,1997,144.53
26,1,1998,148.37
26,1,1999,154.87
26,1,2000,160.94
26,1,2001,165.13
26,1,2002,171.63
26,1,2003,177.08
26,1,2004,181.19
26,1,2005,185.07
26,1,2006,188.15
26,1,2007,195.17
26,1,2008,199.38
26,1,2009,203.49
26,1,2010,213.94
26,1,2011,221.38
26,1,2012,228
26,1,2013,230.44
26,1,2014,239.76
26,1,2015,253.15
26,1,2016,258.07
26,1,2017,269.23
26,1,2018,277.52
26,1,2019,294.27
26,1,2020,306.41
26,1,2021,326.19
26,1,2022,366.65
26,1,2023,395.01
27,1,1980,1.64
27,1,1981,1.69
27,1,1982,1.73
27,1,1983,1.78
27,1,1984,1.83
27,1,1985,1.89
27,1,1986,1.96
27,1,1987,2.03
27,1,1988,2.13
27,1,1989,2.24
27,1,1990,2.34
27,1,1991,2.46
27,1,1992,2.56
27,1,1993,2.66
27,1,1994,2.76
27,1,1995,2.86
27,1,1996,2.97
27,1,1997,3.09
27,1,1998,3.22
27,1,1999,3.34
27,1,2000,3.45
27,1,2001,3.56
27,1,2002,3.67
27,1,2003,3.75
27,1,2004,3.83
27,1,2005,3.88
27,1,2006,3.93
27,1,2007,3.96
27,1,2008,3.97
27,1,2009,4
27,1,2010,3.98
27,1,2011,4.01
27,1,2012,4.03
27,1,2013,4.06
27,1,2014,4.09
27,1,2015,4.13
27,1,2016,4.2
27,1,2017,4.27
27,1,2018,4.35
27,1,2019,4.54
27,1,2020,4.63
27,1,2021,5.15
27,1,2022,5.26
27,1,2023,5.65
28,1,1980,17.39
28,1,1981,17.69
28,1,1982,18.03
28,1,1983,18.36
28,1,1984,18.78
28,1,1985,19.33
28,1,1986,19.89
28,1,1987,20.44
28,1,1988,21.03
28,1,1989,21.76
28,1,1990,22.34
28,1,1991,23.38
28,1,1992,23.51
28,1,1993,24.12
28,1,1994,24.71
28,1,1995,24.66
28,1,1996,25.01
28,1,1997,25.7
28,1,1998,26.11
28,1,1999,26.14
28,1,2000,27.09
28,1,2001,26.9
28,1,2002,27.2
28,1,2003,27.4
28,1,2004,27.48
28,1,2005,28.3
28,1,2006,29.19
28,1,2007,28.87
28,1,2008,28.93
28,1,2009,30.99
28,1,2010,31.22
28,1,2011,34.39
28,1,2012,36.11
28,1,2013,37.69
28,1,2014,40.04
28,1,2015,41.51
28,1,2016,42.1
28,1,2017,43.88
28,1,2018,45.16
28,1,2019,47.28
28,1,2020,50.05
28,1,2021,52.86
28,1,2022,56.7
28,1,2023,58.95
29,1,1980,4.52
29,1,1981,4.62
29,1,1982,4.71
29,1,1983,4.83
29,1,1984,4.94
29,1,1985,5.07
29,1,1986,5.2
29,1,1987,5.34
29,1,1988,5.52
29,1,1989,5.73
29,1,1990,5.9
29,1,1991,6.12
29,1,1992,6.29
29,1,1993,6.42
29,1,1994,6.55
29,1,1995,6.7
29,1,1996,6.77
29,1,1997,6.81
29,1,1998,6.8
29,1,1999,6.87
29,1,2000,7.01
29,1,2001,7.19
29,1,2002,7.26
29,1,2003,7.34
29,1,2004,7.53
29,1,2005,7.84
29,1,2006,7.95
29,1,2007,8.02
29,1,2008,8.07
29,1,2009,8.73
29,1,2010,8.19
29,1,2011,8.23
29,1,2012,8.29
29,1,2013,8.35
29,1,2014,8.38
29,1,2015,8.41
29,1,2016,8.51
29,1,2017,8.6
29,1,2018,8.67
29,1,2019,8.77
29,1,2020,9.16
29,1,2021,9.99
29,1,2022,9.81
29,1,2023,10.18
30,1,1980,3.27
30,1,1981,3.33
30,1,1982,3.41
30,1,1983,3.44
30,1,1984,3.51
30,1,1985,3.59
30,1,1986,3.7
30,1,1987,3.8
30,1,1988,3.94
30,1,1989,4.09
30,1,1990,4.28
30,1,1991,4.56
30,1,1992,4.8
30,1,1993,5.01
30,1,1994,5.32
30,1,1995,5.36
30,1,1996,5.55
30,1,1997,5.67
30,1,1998,5.83
30,1,1999,6.03
30,1,2000,5.97
30,1,2001,6.2
30,1,2002,6.03
30,1,2003,5.9
30,1,2004,6.02
30,1,2005,6.4
30,1,2006,6.62
30,1,2007,6.91
30,1,2008,7.17
30,1,2009,7.28
30,1,2010,7.45
30,1,2011,7.82
30,1,2012,8.06
30,1,2013,8.36
30,1,2014,8.67
30,1,2015,8.95
30,1,2016,9.26
30,1,2017,9.45
30,1,2018,9.56
30,1,2019,9.64
30,1,2020,9.87
30,1,2021,10.17
30,1,2022,10.68
30,1,2023,11.1
33,1,1980,58.2
33,1,1981,58.91
33,1,1982,63.2
33,1,1983,63.77
33,1,1984,64.14
33,1,1985,64.71
33,1,1986,67.22
33,1,1987,71.15
33,1,1988,71.69
33,1,1989,81.51
33,1,1990,94.93
33,1,1991,100.87
33,1,1992,109.73
33,1,1993,113.81
33,1,1994,115.84
33,1,1995,115.89
33,1,1996,118.88
33,1,1997,120.33
33,1,1998,125.61
33,1,1999,133.91
33,1,2000,144.92
33,1,2001,155.82
33,1,2002,176.48
33,1,2003,195.06
33,1,2004,202.37
33,1,2005,205.33
33,1,2006,211.62
33,1,2007,213.55
33,1,2008,205.96
33,1,2009,213.12
33,1,2010,233.45
33,1,2011,259.6
33,1,2012,270.44
33,1,2013,264.42
33,1,2014,283.14
33,1,2015,296.19
33,1,2016,294.07
33,1,2017,280.13
33,1,2018,266.45
33,1,2019,261.76
33,1,2020,257.74
33,1,2021,236.6
33,1,2022,234.79
33,1,2023,227.21
34,1,1980,130.7
34,1,1981,132.24
34,1,1982,134.83
34,1,1983,140.56
34,1,1984,147.77
34,1,1985,154.3
34,1,1986,160.21
34,1,1987,164.26
34,1,1988,165.71
34,1,1989,165.93
34,1,1990,166.31
34,1,1991,170.63
34,1,1992,173.55
34,1,1993,181.85
34,1,1994,185.32
34,1,1995,190.46
34,1,1996,189.64
34,1,1997,187.87
34,1,1998,189.39
34,1,1999,194
34,1,2000,199.82
34,1,2001,209.52
34,1,2002,222.93
34,1,2003,238
34,1,2004,244.35
34,1,2005,253.49
34,1,2006,262.88
34,1,2007,265.42
34,1,2008,271.8
34,1,2009,276.24
34,1,2010,281.78
34,1,2011,288.18
34,1,2012,295.77
34,1,2013,299.41
34,1,2014,303.24
34,1,2015,309.07
34,1,2016,319.1
34,1,2017,328.5
34,1,2018,337.47
34,1,2019,361.74
34,1,2020,395.27
34,1,2021,379.22
34,1,2022,353.19
34,1,2023,372.61
35,1,1980,144.43
35,1,1981,145.25
35,1,1982,155.17
35,1,1983,165.21
35,1,1984,186.09
35,1,1985,197.3
35,1,1986,209.34
35,1,1987,220.59
35,1,1988,217.08
35,1,1989,229.12
35,1,1990,251.88
35,1,1991,248.2
35,1,1992,222.62
35,1,1993,207.48
35,1,1994,203.1
35,1,1995,180.41
35,1,1996,175.74
35,1,1997,175
35,1,1998,173.75
35,1,1999,177.58
35,1,2000,182.34
35,1,2001,196.63
35,1,2002,254.5
35,1,2003,309.46
35,1,2004,316.89
35,1,2005,332.17
35,1,2006,382.63
35,1,2007,397.65
35,1,2008,415.43
35,1,2009,409.32
35,1,2010,431.76
35,1,2011,474.78
35,1,2012,492.6
35,1,2013,487.22
35,1,2014,500.34
35,1,2015,564.3
35,1,2016,627.64
35,1,2017,641.37
35,1,2018,615.06
35,1,2019,646.54
35,1,2020,637.52
35,1,2021,630.67
35,1,2022,613.28
35,1,2023,582.35
36,1,1980,291.51
36,1,1981,290.51
36,1,1982,286.79
36,1,1983,300.19
36,1,1984,322.15
36,1,1985,329.76
36,1,1986,344.45
36,1,1987,353.51
36,1,1988,368.5
36,1,1989,406.82
36,1,1990,390.2
36,1,1991,338.06
36,1,1992,332.63
36,1,1993,331.02
36,1,1994,335.87
36,1,1995,334.42
36,1,1996,327.83
36,1,1997,317.3
36,1,1998,308.03
36,1,1999,317.84
36,1,2000,328.05
36,1,2001,338.28
36,1,2002,369.98
36,1,2003,386.31
36,1,2004,390.58
36,1,2005,409.86
36,1,2006,410.11
36,1,2007,429.83
36,1,2008,433.44
36,1,2009,435.62
36,1,2010,469.31
36,1,2011,517.17
36,1,2012,541.58
36,1,2013,490.05
36,1,2014,453.11
36,1,2015,486.51
36,1,2016,575.82
36,1,2017,606.98
36,1,2018,620.35
36,1,2019,648.16
36,1,2020,700.76
36,1,2021,646.87
36,1,2022,575.24
36,1,2023,636.68
37,1,1980,53.59
37,1,1981,52.78
37,1,1982,55.47
37,1,1983,58.07
37,1,1984,61.09
37,1,1985,61.84
37,1,1986,63.67
37,1,1987,65.26
37,1,1988,67.31
37,1,1989,70.51
37,1,1990,78.61
37,1,1991,81.45
37,1,1992,77.75
37,1,1993,83.58
37,1,1994,87.84
37,1,1995,80.41
37,1,1996,77.86
37,1,1997,75.8
37,1,1998,75.35
37,1,1999,75.52
37,1,2000,74.54
37,1,2001,70.35
37,1,2002,76.56
37,1,2003,75.17
37,1,2004,71.1
37,1,2005,70.58
37,1,2006,74.53
37,1,2007,75.82
37,1,2008,74.01
37,1,2009,74.65
37,1,2010,77.15
37,1,2011,81.9
37,1,2012,83.87
37,1,2013,88.45
37,1,2014,91.1
37,1,2015,93.95
37,1,2016,98.39
37,1,2017,98.12
37,1,2018,99.01
37,1,2019,102.61
37,1,2020,96.19
37,1,2021,96.78
37,1,2022,97.01
37,1,2023,108.07
38,1,1980,10.28
38,1,1981,10.88
38,1,1982,11.27
38,1,1983,11.58
38,1,1984,11.76
38,1,1985,11.84
38,1,1986,12.07
38,1,1987,12.41
38,1,1988,12.59
38,1,1989,13.13
38,1,1990,13.93
38,1,1991,14.32
38,1,1992,14.52
38,1,1993,14.54
38,1,1994,14.57
38,1,1995,14.69
38,1,1996,14.83
38,1,1997,14.95
38,1,1998,14.98
38,1,1999,15.19
38,1,2000,15.65
38,1,2001,16.35
38,1,2002,17.24
38,1,2003,18.09
38,1,2004,18.56
38,1,2005,18.95
38,1,2006,19.37
38,1,2007,19.61
38,1,2008,20.34
38,1,2009,21.07
38,1,2010,21.94
38,1,2011,22.35
38,1,2012,23.26
38,1,2013,24.09
38,1,2014,25.01
38,1,2015,25.15
38,1,2016,25.87
38,1,2017,27.28
38,1,2018,28.48
38,1,2019,28.84
38,1,2020,29.86
38,1,2021,34.31
38,1,2022,36.58
38,1,2023,35.98
39,1,1980,40.41
39,1,1981,41.48
39,1,1982,42.87
39,1,1983,45.01
39,1,1984,46.19
39,1,1985,47.05
39,1,1986,48.73
39,1,1987,49.95
39,1,1988,51.21
39,1,1989,54.16
39,1,1990,56.42
39,1,1991,59.42
39,1,1992,61.36
39,1,1993,64.16
39,1,1994,63.6
39,1,1995,60.67
39,1,1996,56.31
39,1,1997,54.28
39,1,1998,53.62
39,1,1999,54.59
39,1,2000,56.62
39,1,2001,59.77
39,1,2002,63.33
39,1,2003,67.28
39,1,2004,70.27
39,1,2005,71.04
39,1,2006,69.92
39,1,2007,68.82
39,1,2008,68.6
39,1,2009,69.61
39,1,2010,71.46
39,1,2011,70.86
39,1,2012,72.44
39,1,2013,74.69
39,1,2014,79.14
39,1,2015,86.43
39,1,2016,94.13
39,1,2017,97.55
39,1,2018,97.78
39,1,2019,104.4
39,1,2020,96.62
39,1,2021,104.89
39,1,2022,127.07
39,1,2023,133.83
40,1,1980,21.98
40,1,1981,22.21
40,1,1982,20.91
40,1,1983,22.5
40,1,1984,24.19
40,1,1985,24.69
40,1,1986,25.28
40,1,1987,25.26
40,1,1988,26.33
40,1,1989,28.5
40,1,1990,28.41
40,1,1991,25.87
40,1,1992,25.5
40,1,1993,26.04
40,1,1994,28.91
40,1,1995,30.24
40,1,1996,31.1
40,1,1997,29.43
40,1,1998,28.91
40,1,1999,25.96
40,1,2000,26.67
40,1,2001,28.02
40,1,2002,31.83
40,1,2003,34.23
40,1,2004,32.22
40,1,2005,34.27
40,1,2006,38.19
40,1,2007,38.46
40,1,2008,38.41
40,1,2009,39.79
40,1,2010,41.8
40,1,2011,45.54
40,1,2012,48.75
40,1,2013,49.77
40,1,2014,52.13
40,1,2015,53.07
40,1,2016,55.67
40,1,2017,58.21
40,1,2018,60.72
40,1,2019,63.95
40,1,2020,67.56
40,1,2021,71.24
40,1,2022,73.05
40,1,2023,75.37
41,1,1980,162.17
41,1,1981,161.72
41,1,1982,156.74
41,1,1983,152.45
41,1,1984,151.85
41,1,1985,144.75
41,1,1986,136.4
41,1,1987,139.67
41,1,1988,139.08
41,1,1989,142.51
41,1,1990,157.48
41,1,1991,149.61
41,1,1992,144.93
41,1,1993,137.56
41,1,1994,143.21
41,1,1995,145.09
41,1,1996,142.25
41,1,1997,140.51
41,1,1998,148.53
41,1,1999,152.43
41,1,2000,173.37
41,1,2001,174.05
41,1,2002,193.63
41,1,2003,182.72
41,1,2004,145.38
41,1,2005,151.42
41,1,2006,156.36
41,1,2007,150.25
41,1,2008,145
41,1,2009,144.26
41,1,2010,145.29
41,1,2011,158.07
41,1,2012,184.41
41,1,2013,195.85
41,1,2014,227.53
41,1,2015,246.21
41,1,2016,286.08
41,1,2017,345
41,1,2018,367.83
41,1,2019,394.32
41,1,2020,418.96
41,1,2021,417.13
41,1,2022,442.78
41,1,2023,457.85
43,1,1980,89.58
43,1,1981,93.57
43,1,1982,98.38
43,1,1983,102.85
43,1,1984,107.95
43,1,1985,114.97
43,1,1986,116.89
43,1,1987,112.79
43,1,1988,115.97
43,1,1989,120.37
43,1,1990,123.82
43,1,1991,118.8
43,1,1992,117.52
43,1,1993,119.71
43,1,1994,117.34
43,1,1995,125.44
43,1,1996,136.14
43,1,1997,128.81
43,1,1998,138.5
43,1,1999,133.53
43,1,2000,150.31
43,1,2001,148.39
43,1,2002,162.8
43,1,2003,182.65
43,1,2004,184.07
43,1,2005,190.22
43,1,2006,189.82
43,1,2007,173.38
43,1,2008,192.92
43,1,2009,193.81
43,1,2010,204.86
43,1,2011,212.74
43,1,2012,225.62
43,1,2013,241.13
43,1,2014,257.43
43,1,2015,275.88
43,1,2016,290.01
43,1,2017,300.29
43,1,2018,309.14
43,1,2019,323.77
43,1,2020,346.43
43,1,2021,373.91
43,1,2022,352.8
43,1,2023,314.19
44,1,1980,145.62
44,1,1981,154.02
44,1,1982,158.97
44,1,1983,163.18
44,1,1984,162.74
44,1,1985,166.23
44,1,1986,165.06
44,1,1987,165.88
44,1,1988,170.75
44,1,1989,173.53
44,1,1990,181.69
44,1,1991,178.09
44,1,1992,166.8
44,1,1993,166.61
44,1,1994,166.89
44,1,1995,172.2
44,1,1996,182.3
44,1,1997,193.39
44,1,1998,205.44
44,1,1999,218.99
44,1,2000,232.29
44,1,2001,247.15
44,1,2002,262.75
44,1,2003,281.94
44,1,2004,300.99
44,1,2005,319.86
44,1,2006,330.24
44,1,2007,338.98
44,1,2008,349
44,1,2009,363.85
44,1,2010,377.63
44,1,2011,384.04
44,1,2012,400.56
44,1,2013,406.37
44,1,2014,412.21
44,1,2015,419.07
44,1,2016,422.87
44,1,2017,434.82
44,1,2018,434.9
44,1,2019,448.72
44,1,2020,444.96
44,1,2021,450.99
44,1,2022,431.88
44,1,2023,423.12
45,1,1980,474.86
45,1,1981,489.27
45,1,1982,496.15
45,1,1983,547.8
45,1,1984,545.27
45,1,1985,549.32
45,1,1986,564.57
45,1,1987,604.62
45,1,1988,614.39
45,1,1989,612.65
45,1,1990,661.56
45,1,1991,669.32
45,1,1992,697.81
45,1,1993,707.17
45,1,1994,699.07
45,1,1995,733.36
45,1,1996,778.63
45,1,1997,822.62
45,1,1998,808.17
45,1,1999,802.14
45,1,2000,840.3
45,1,2001,880.19
45,1,2002,911.53
45,1,2003,919.73
45,1,2004,921.73
45,1,2005,913.76
45,1,2006,918.97
45,1,2007,936.98
45,1,2008,967.44
45,1,2009,943.37
45,1,2010,957.89
45,1,2011,1013.57
45,1,2012,1073.48
45,1,2013,1112.09
45,1,2014,1130.34
45,1,2015,1154.03
45,1,2016,1128.7
45,1,2017,1178.66
45,1,2018,1231.81
45,1,2019,1286.61
45,1,2020,1346.09
45,1,2021,1298.49
45,1,2022,1221.62
45,1,2023,1140.17
46,1,1980,394.91
46,1,1981,409.96
46,1,1982,425.97
46,1,1983,442.92
46,1,1984,456.45
46,1,1985,468.05
46,1,1986,485.76
46,1,1987,503.24
46,1,1988,519.97
46,1,1989,536.7
46,1,1990,532.55
46,1,1991,522.5
46,1,1992,503.89
46,1,1993,500.52
46,1,1994,504.12
46,1,1995,496.48
46,1,1996,529.96
46,1,1997,550.32
46,1,1998,567.84
46,1,1999,564.04
46,1,2000,577.49
46,1,2001,605.38
46,1,2002,633.71
46,1,2003,685.49
46,1,2004,707.12
46,1,2005,722.78
46,1,2006,724.97
46,1,2007,738.86
46,1,2008,751.35
46,1,2009,782.59
46,1,2010,827.16
46,1,2011,857.43
46,1,2012,853.83
46,1,2013,865.45
46,1,2014,872.99
46,1,2015,891.64
46,1,2016,892.02
46,1,2017,898.5
46,1,2018,887.55
46,1,2019,903.06
46,1,2020,893.58
46,1,2021,897.76
46,1,2022,899.17
46,1,2023,875.45
47,1,1980,927.63
47,1,1981,935.23
47,1,1982,944.39
47,1,1983,949.36
47,1,1984,943.18
47,1,1985,1033.15
47,1,1986,1116.24
47,1,1987,1158.36
47,1,1988,1150.16
47,1,1989,1165.21
47,1,1990,1179.71
47,1,1991,1176.67
47,1,1992,1191.48
47,1,1993,1225.03
47,1,1994,1263.7
47,1,1995,1301.39
47,1,1996,1332.47
47,1,1997,1342.46
47,1,1998,1417.14
47,1,1999,1458.03
47,1,2000,1479.67
47,1,2001,1517.03
47,1,2002,1569.27
47,1,2003,1622.26
47,1,2004,1657.34
47,1,2005,1601.54
47,1,2006,1571.19
47,1,2007,1568.03
47,1,2008,1599.7
47,1,2009,1616.2
47,1,2010,1619.41
47,1,2011,1586.22
47,1,2012,1605.38
47,1,2013,1651.92
47,1,2014,1713.96
47,1,2015,1655.29
47,1,2016,1698.56
47,1,2017,1701.24
47,1,2018,1730.29
47,1,2019,1813.75
47,1,2020,1896.85
47,1,2021,1803.59
47,1,2022,1816.4
47,1,2023,1787.59
48,1,1980,1223.45
48,1,1981,1232.17
48,1,1982,1274.09
48,1,1983,1235.96
48,1,1984,1263.04
48,1,1985,1284.66
48,1,1986,1313.69
48,1,1987,1262.05
48,1,1988,1262.71
48,1,1989,1296.05
48,1,1990,1269.62
48,1,1991,1252.63
48,1,1992,1269.3
48,1,1993,1285.58
48,1,1994,1309.1
48,1,1995,1411.01
48,1,1996,1498.12
48,1,1997,1513.54
48,1,1998,1490.02
48,1,1999,1496.56
48,1,2000,1513.57
48,1,2001,1482.29
48,1,2002,1442.09
48,1,2003,1433.37
48,1,2004,1405.12
48,1,2005,1345.9
48,1,2006,1361.4
48,1,2007,1354.08
48,1,2008,1365.36
48,1,2009,1375.07
48,1,2010,1385.71
48,1,2011,1358.4
48,1,2012,1326.22
48,1,2013,1372.9
48,1,2014,1411.9
48,1,2015,1433.11
48,1,2016,1479.19
48,1,2017,1521.6
48,1,2018,1495.51
48,1,2019,1507.94
48,1,2020,1535.53
48,1,2021,1510.84
48,1,2022,1546.27
48,1,2023,1534.25
49,1,1980,63.54
49,1,1981,66.15
49,1,1982,69.84
49,1,1983,74.15
49,1,1984,75.8
49,1,1985,79.1
49,1,1986,81.64
49,1,1987,82.82
49,1,1988,84.55
49,1,1989,86.87
49,1,1990,87.84
49,1,1991,88.43
49,1,1992,95.65
49,1,1993,96.03
49,1,1994,98.65
49,1,1995,104.72
49,1,1996,107.05
49,1,1997,114.65
49,1,1998,116.23
49,1,1999,121.23
49,1,2000,128
49,1,2001,126.85
49,1,2002,135.34
49,1,2003,138.46
49,1,2004,141.31
49,1,2005,148.18
49,1,2006,152.78
49,1,2007,162.71
49,1,2008,162.76
49,1,2009,164.44
49,1,2010,175.35
49,1,2011,178.17
49,1,2012,191.16
49,1,2013,188.86
49,1,2014,190.92
49,1,2015,205.01
49,1,2016,208.98
49,1,2017,215.75
49,1,2018,215.05
49,1,2019,233.81
49,1,2020,249.12
49,1,2021,237.38
49,1,2022,245.15
49,1,2023,246.8
50,1,1980,38.58
50,1,1981,38.02
50,1,1982,40.21
50,1,1983,46.73
50,1,1984,48.15
50,1,1985,49.28
50,1,1986,50.31
50,1,1987,49.76
50,1,1988,49.39
50,1,1989,49.57
50,1,1990,48.42
50,1,1991,47.01
50,1,1992,48.36
50,1,1993,49.53
50,1,1994,50.9
50,1,1995,52.1
50,1,1996,54.36
50,1,1997,55.99
50,1,1998,57.82
50,1,1999,56.38
50,1,2000,58.51
50,1,2001,58.65
50,1,2002,63.77
50,1,2003,65
50,1,2004,71.37
50,1,2005,66.09
50,1,2006,75.69
50,1,2007,67.53
50,1,2008,68.46
50,1,2009,80.33
50,1,2010,80.58
50,1,2011,85.26
50,1,2012,89.6
50,1,2013,92.44
50,1,2014,95.54
50,1,2015,101.82
50,1,2016,108.95
50,1,2017,97.27
50,1,2018,110.53
50,1,2019,92.45
50,1,2020,108.29
50,1,2021,112.91
50,1,2022,115.31
50,1,2023,114.46
51,1,1980,2083.93
51,1,1981,2059.67
51,1,1982,2078.21
51,1,1983,2198.76
51,1,1984,2267.85
51,1,1985,2348.76
51,1,1986,2374.08
51,1,1987,2424.14
51,1,1988,2489.13
51,1,1989,2507.81
51,1,1990,2589.59
51,1,1991,2710.47
51,1,1992,2747.97
51,1,1993,2908.76
51,1,1994,3075.82
51,1,1995,3245.2
51,1,1996,3393.85
51,1,1997,3551.45
51,1,1998,3889.63
51,1,1999,4134.12
51,1,2000,4307.46
51,1,2001,4530.13
51,1,2002,4643.46
51,1,2003,4700.59
51,1,2004,4855.18
51,1,2005,4932.31
51,1,2006,5025.67
51,1,2007,5153.23
51,1,2008,5172.09
51,1,2009,5276.24
51,1,2010,5247.49
51,1,2011,5269.82
51,1,2012,5403.97
51,1,2013,5487.21
51,1,2014,5692.28
51,1,2015,6095.03
51,1,2016,6372.54
51,1,2017,6679
51,1,2018,6979.21
51,1,2019,7138.78
51,1,2020,7272.06
51,1,2021,6764.35
51,1,2022,7076.5
51,1,2023,7084.25
52,1,1980,1106.85
52,1,1981,1075.27
52,1,1982,1044.16
52,1,1983,1057.16
52,1,1984,1042
52,1,1985,1125.53
52,1,1986,1147.14
52,1,1987,1121.01
52,1,1988,1122.99
52,1,1989,1115.99
52,1,1990,1151.93
52,1,1991,1240.5
52,1,1992,1302.99
52,1,1993,1324.49
52,1,1994,1352.43
52,1,1995,1426.73
52,1,1996,1544.6
52,1,1997,1541.15
52,1,1998,1582.25
52,1,1999,1642
52,1,2000,1724.89
52,1,2001,1811.45
52,1,2002,1871.99
52,1,2003,1938.62
52,1,2004,1964.33
52,1,2005,1964.45
52,1,2006,2013.19
52,1,2007,2034.57
52,1,2008,2078.31
52,1,2009,2158.15
52,1,2010,2281.95
52,1,2011,2325.99
52,1,2012,2410.45
52,1,2013,2502.72
52,1,2014,2587.65
52,1,2015,2641.82
52,1,2016,2700.5
52,1,2017,2716.78
52,1,2018,2750.69
52,1,2019,2736.08
52,1,2020,2733.19
52,1,2021,2703.01
52,1,2022,2802.65
52,1,2023,2641.44
53,1,1980,597.69
53,1,1981,614.61
53,1,1982,614.77
53,1,1983,662.65
53,1,1984,659.16
53,1,1985,667.53
53,1,1986,676.44
53,1,1987,674.6
53,1,1988,684.97
53,1,1989,704.9
53,1,1990,714.97
53,1,1991,719.91
53,1,1992,738.68
53,1,1993,757.08
53,1,1994,777.26
53,1,1995,802.01
53,1,1996,826.16
53,1,1997,844.76
53,1,1998,863.76
53,1,1999,912.44
53,1,2000,955.93
53,1,2001,942.46
53,1,2002,1020.41
53,1,2003,1054.85
53,1,2004,1092.47
53,1,2005,1166.81
53,1,2006,1163.07
53,1,2007,1202.51
53,1,2008,1231.66
53,1,2009,1283.6
53,1,2010,1310.54
53,1,2011,1328.54
53,1,2012,1355.92
53,1,2013,1352.13
53,1,2014,1372.76
53,1,2015,1412.74
53,1,2016,1395.21
53,1,2017,1425.22
53,1,2018,1411.5
53,1,2019,1422.72
53,1,2020,1441.64
53,1,2021,1456.88
53,1,2022,1393.89
53,1,2023,1413.68
54,1,1980,354.66
54,1,1981,360.51
54,1,1982,369.7
54,1,1983,379.6
54,1,1984,389.12
54,1,1985,396.65
54,1,1986,402.98
54,1,1987,405.78
54,1,1988,414.86
54,1,1989,426.59
54,1,1990,439.13
54,1,1991,445.62
54,1,1992,449.49
54,1,1993,454.49
54,1,1994,460.08
54,1,1995,472.46
54,1,1996,486.65
54,1,1997,503.9
54,1,1998,518.62
54,1,1999,531.09
54,1,2000,537.47
54,1,2001,539.41
54,1,2002,538.25
54,1,2003,542.91
54,1,2004,552.58
54,1,2005,566.05
54,1,2006,576.62
54,1,2007,582.15
54,1,2008,587.91
54,1,2009,601.34
54,1,2010,624.15
54,1,2011,636.21
54,1,2012,658.86
54,1,2013,682.48
54,1,2014,700.52
54,1,2015,725.94
54,1,2016,750
54,1,2017,771.24
54,1,2018,779.23
54,1,2019,796.96
54,1,2020,816.74
54,1,2021,823.46
54,1,2022,823.17
54,1,2023,824.26
55,1,1980,172.45
55,1,1981,180.43
55,1,1982,180.97
55,1,1983,190.04
55,1,1984,193.58
55,1,1985,194.95
55,1,1986,195.83
55,1,1987,200.38
55,1,1988,209.4
55,1,1989,203.22
55,1,1990,199.71
55,1,1991,207.23
55,1,1992,208.36
55,1,1993,216.97
55,1,1994,213.15
55,1,1995,226.51
55,1,1996,246.79
55,1,1997,272.1
55,1,1998,282.02
55,1,1999,283.95
55,1,2000,296.36
55,1,2001,311.35
55,1,2002,331.41
55,1,2003,349.16
55,1,2004,343.22
55,1,2005,355.94
55,1,2006,372.74
55,1,2007,378.86
55,1,2008,389.78
55,1,2009,403.8
55,1,2010,408.75
55,1,2011,424.68
55,1,2012,430.39
55,1,2013,429.89
55,1,2014,433.82
55,1,2015,453.2
55,1,2016,468.56
55,1,2017,499.16
55,1,2018,505.95
55,1,2019,515.02
55,1,2020,518.51
55,1,2021,513.24
55,1,2022,535.92
55,1,2023,529.87
57,1,1980,266.71
57,1,1981,268.02
57,1,1982,272.48
57,1,1983,289.34
57,1,1984,311.19
57,1,1985,324.4
57,1,1986,346.51
57,1,1987,345.91
57,1,1988,385.68
57,1,1989,415.62
57,1,1990,440.34
57,1,1991,464.91
57,1,1992,510.8
57,1,1993,549.25
57,1,1994,577.92
57,1,1995,624.04
57,1,1996,654.63
57,1,1997,697.06
57,1,1998,740.89
57,1,1999,783.11
57,1,2000,798.88
57,1,2001,848.2
57,1,2002,830.47
57,1,2003,842.44
57,1,2004,946.8
57,1,2005,1082.09
57,1,2006,977.81
57,1,2007,910.43
57,1,2008,912.67
57,1,2009,951.5
57,1,2010,993.18
57,1,2011,990.57
57,1,2012,966.8
57,1,2013,925.55
57,1,2014,946.6
57,1,2015,982.18
57,1,2016,1028.52
57,1,2017,1083.14
57,1,2018,1095.48
57,1,2019,1117.84
57,1,2020,1122.75
57,1,2021,1129.29
57,1,2022,1183.23
57,1,2023,1190.68
58,1,1980,109.42
58,1,1981,109.77
58,1,1982,104.12
58,1,1983,92.34
58,1,1984,100.42
58,1,1985,123.57
58,1,1986,136.26
58,1,1987,134.71
58,1,1988,137.51
58,1,1989,139.07
58,1,1990,150.25
58,1,1991,160.62
58,1,1992,163.79
58,1,1993,165.72
58,1,1994,143.13
58,1,1995,139.68
58,1,1996,145.33
58,1,1997,159.49
58,1,1998,172.78
58,1,1999,174.62
58,1,2000,185.26
58,1,2001,182.21
58,1,2002,194.31
58,1,2003,203.2
58,1,2004,220.71
58,1,2005,233.35
58,1,2006,229.48
58,1,2007,231.26
58,1,2008,254.68
58,1,2009,265.32
58,1,2010,270.66
58,1,2011,263.87
58,1,2012,277.69
58,1,2013,286.11
58,1,2014,295.81
58,1,2015,307.35
58,1,2016,302.71
58,1,2017,312.71
58,1,2018,313.99
58,1,2019,308.79
58,1,2020,290.82
58,1,2021,302
58,1,2022,302.69
58,1,2023,311.87
59,1,1980,169.54
59,1,1981,184.68
59,1,1982,204.21
59,1,1983,210.35
59,1,1984,215.05
59,1,1985,227.88
59,1,1986,235.6
59,1,1987,241.59
59,1,1988,255.31
59,1,1989,264.67
59,1,1990,286.93
59,1,1991,287.81
59,1,1992,299.36
59,1,1993,304.78
59,1,1994,299.7
59,1,1995,294.96
59,1,1996,259.14
59,1,1997,246.57
59,1,1998,239.63
59,1,1999,259.82
59,1,2000,274.43
59,1,2001,298.72
59,1,2002,320.29
59,1,2003,344.14
59,1,2004,370.19
59,1,2005,386.46
59,1,2006,413.2
59,1,2007,407.88
59,1,2008,421.48
59,1,2009,421.3
59,1,2010,419.36
59,1,2011,432.06
59,1,2012,437.57
59,1,2013,435.26
59,1,2014,446.5
59,1,2015,455.1
59,1,2016,468.22
59,1,2017,478.06
59,1,2018,480.9
59,1,2019,495.57
59,1,2020,485.47
59,1,2021,483.23
59,1,2022,484.73
59,1,2023,477.94
60,1,1980,167.17
60,1,1981,229.1
60,1,1982,236.32
60,1,1983,200.22
60,1,1984,213.28
60,1,1985,276.78
60,1,1986,304.04
60,1,1987,317.07
60,1,1988,340.32
60,1,1989,348.02
60,1,1990,360.22
60,1,1991,372.04
60,1,1992,396.2
60,1,1993,368.08
60,1,1994,364.4
60,1,1995,370.92
60,1,1996,381.46
60,1,1997,384.59
60,1,1998,396.75
60,1,1999,417.86
60,1,2000,438.52
60,1,2001,453.02
60,1,2002,467.42
60,1,2003,486.29
60,1,2004,522.53
60,1,2005,540
60,1,2006,584.99
60,1,2007,603.42
60,1,2008,596.08
60,1,2009,586.07
60,1,2010,612.37
60,1,2011,607.05
60,1,2012,631.08
60,1,2013,618.9
60,1,2014,624.39
60,1,2015,633.41
60,1,2016,640.03
60,1,2017,638.62
60,1,2018,636.09
60,1,2019,639.18
60,1,2020,641.05
60,1,2021,619.3
60,1,2022,611.63
60,1,2023,602.37
61,1,1980,92.11
61,1,1981,95.21
61,1,1982,98.29
61,1,1983,104.98
61,1,1984,116.36
61,1,1985,118.99
61,1,1986,125.74
61,1,1987,126.06
61,1,1988,132.19
61,1,1989,140.96
61,1,1990,147.77
61,1,1991,134.53
61,1,1992,144.68
61,1,1993,139.04
61,1,1994,141.5
61,1,1995,130.93
61,1,1996,125.5
61,1,1997,129.71
61,1,1998,124.57
61,1,1999,118.22
61,1,2000,119.99
61,1,2001,124.53
61,1,2002,129.95
61,1,2003,137.12
61,1,2004,148.1
61,1,2005,161.7
61,1,2006,168.5
61,1,2007,184.26
61,1,2008,196.31
61,1,2009,223.04
61,1,2010,237.79
61,1,2011,235.18
61,1,2012,252.57
61,1,2013,257.74
61,1,2014,266.56
61,1,2015,278.18
61,1,2016,293.61
61,1,2017,320.59
61,1,2018,318.87
61,1,2019,312.45
61,1,2020,299.35
61,1,2021,301.66
61,1,2022,328.64
61,1,2023,340.15
62,1,1980,2958.18
62,1,1981,2973.99
62,1,1982,2992.41
62,1,1983,3161.98
62,1,1984,3581.93
62,1,1985,4112.98
62,1,1986,4153.97
62,1,1987,4277.6
62,1,1988,4461.56
62,1,1989,4634.61
62,1,1990,4889.72
62,1,1991,5049.81
62,1,1992,5427.07
62,1,1993,5904.29
62,1,1994,6129.19
62,1,1995,6095.96
62,1,1996,6363.18
62,1,1997,6779.19
62,1,1998,7029.75
62,1,1999,7402.94
62,1,2000,7686.81
62,1,2001,8016.72
62,1,2002,8569.7
62,1,2003,8729.49
62,1,2004,8993.99
62,1,2005,9371.6
62,1,2006,9612.78
62,1,2007,10024.17
62,1,2008,10654.52
62,1,2009,11165.81
62,1,2010,11683.46
62,1,2011,12010.15
62,1,2012,12478.43
62,1,2013,12862.02
62,1,2014,13330.84
62,1,2015,14210.96
62,1,2016,14738.18
62,1,2017,14885.75
62,1,2018,15225.09
62,1,2019,15384.01
62,1,2020,15815.25
62,1,2021,15275.67
62,1,2022,14433.33
62,1,2023,16357.25
63,1,1980,1568.84
63,1,1981,1579.47
63,1,1982,1629.4
63,1,1983,1712.28
63,1,1984,1830.82
63,1,1985,1888.83
63,1,1986,1957.09
63,1,1987,2052.5
63,1,1988,2231.18
63,1,1989,2362.66
63,1,1990,2591.81
63,1,1991,2754.53
63,1,1992,2831.6
63,1,1993,2889.68
63,1,1994,2988.73
63,1,1995,3015.75
63,1,1996,3022.64
63,1,1997,3062.44
63,1,1998,3082.03
63,1,1999,3310.68
63,1,2000,3523.71
63,1,2001,3657.29
63,1,2002,3943
63,1,2003,4084.48
63,1,2004,4078.93
63,1,2005,3630.71
63,1,2006,3552.41
63,1,2007,3589.72
63,1,2008,3662.62
63,1,2009,3746.63
63,1,2010,3839.17
63,1,2011,3944.56
63,1,2012,4147.09
63,1,2013,4239.33
63,1,2014,4127.41
63,1,2015,4042.22
63,1,2016,4164.22
63,1,2017,4350.4
63,1,2018,4283.14
63,1,2019,4383.34
63,1,2020,4681.32
63,1,2021,4422.11
63,1,2022,4146.96
63,1,2023,4166.92
66,1,1980,4.12
66,1,1981,4.29
66,1,1982,4.42
66,1,1983,4.58
66,1,1984,4.69
66,1,1985,4.83
66,1,1986,4.83
66,1,1987,4.89
66,1,1988,4.97
66,1,1989,5.03
66,1,1990,5.17
66,1,1991,5.27
66,1,1992,5.36
66,1,1993,5.44
66,1,1994,5.55
66,1,1995,5.75
66,1,1996,5.81
66,1,1997,5.86
66,1,1998,5.88
66,1,1999,5.87
66,1,2000,6.11
66,1,2001,6.27
66,1,2002,6.5
66,1,2003,6.69
66,1,2004,6.85
66,1,2005,7.37
66,1,2006,7.73
66,1,2007,7.77
66,1,2008,7.97
66,1,2009,8.29
66,1,2010,8.72
66,1,2011,9.18
66,1,2012,9.62
66,1,2013,9.83
66,1,2014,10.11
66,1,2015,10.61
66,1,2016,10.93
66,1,2017,11.42
66,1,2018,12.2
66,1,2019,13.01
66,1,2020,13.99
66,1,2021,14.61
66,1,2022,14.67
66,1,2023,15.76
67,1,1980,2352.96
67,1,1981,2474.26
67,1,1982,2620.97
67,1,1983,2823.25
67,1,1984,3029.03
67,1,1985,3350.81
67,1,1986,3479.14
67,1,1987,3673.49
67,1,1988,3942.77
67,1,1989,4202.01
67,1,1990,4449.28
67,1,1991,4747.48
67,1,1992,5071.84
67,1,1993,5371.46
67,1,1994,5734.84
67,1,1995,6298.95
67,1,1996,6658.66
67,1,1997,7068.87
67,1,1998,7541.46
67,1,1999,8062.46
67,1,2000,8306.48
67,1,2001,8583.99
67,1,2002,8970.41
67,1,2003,9426.72
67,1,2004,9774.44
67,1,2005,10366.56
67,1,2006,10504.11
67,1,2007,10851.64
67,1,2008,11254.46
67,1,2009,11314.14
67,1,2010,12083.88
67,1,2011,12421.37
67,1,2012,12835.2
67,1,2013,13242.79
67,1,2014,13337.02
67,1,2015,13512.4
67,1,2016,13899
67,1,2017,14428.8
67,1,2018,14804.38
67,1,2019,15346.21
67,1,2020,15621.26
67,1,2021,16331.41
67,1,2022,17454.29
67,1,2023,18762.71
68,1,1980,319.15
68,1,1981,293.18
68,1,1982,300.47
68,1,1983,335.82
68,1,1984,327.84
68,1,1985,342.69
68,1,1986,362.12
68,1,1987,373.47
68,1,1988,376.31
68,1,1989,393.06
68,1,1990,424.6
68,1,1991,441.72
68,1,1992,450.88
68,1,1993,476.45
68,1,1994,524.28
68,1,1995,559.11
68,1,1996,595.64
68,1,1997,672.31
68,1,1998,733.83
68,1,1999,792.08
68,1,2000,835.82
68,1,2001,883.25
68,1,2002,955.93
68,1,2003,1014.36
68,1,2004,1098.52
68,1,2005,1186.48
68,1,2006,1266.5
68,1,2007,1354.1
68,1,2008,1427.79
68,1,2009,1481.77
68,1,2010,1593.98
68,1,2011,1667.09
68,1,2012,1800.58
68,1,2013,1851.41
68,1,2014,1924.1
68,1,2015,2060.14
68,1,2016,2147.59
68,1,2017,2260.77
68,1,2018,2421.5
68,1,2019,2458.28
68,1,2020,2650.24
68,1,2021,2716.43
68,1,2022,3041.61
68,1,2023,3057.9
69,1,1980,27.78
69,1,1981,35.53
69,1,1982,33.97
69,1,1983,37.88
69,1,1984,40.13
69,1,1985,39.26
69,1,1986,45.13
69,1,1987,46.16
69,1,1988,50.88
69,1,1989,51.84
69,1,1990,59.66
69,1,1991,61.22
69,1,1992,64.55
69,1,1993,71.96
69,1,1994,83.78
69,1,1995,94.11
69,1,1996,92.56
69,1,1997,96.64
69,1,1998,102.05
69,1,1999,105.87
69,1,2000,112.49
69,1,2001,113.96
69,1,2002,109.3
69,1,2003,102.76
69,1,2004,112.63
69,1,2005,106.82
69,1,2006,117.48
69,1,2007,127.24
69,1,2008,139.14
69,1,2009,143.52
69,1,2010,143.35
69,1,2011,152.67
69,1,2012,163.96
69,1,2013,177.82
69,1,2014,182.44
69,1,2015,186.87
69,1,2016,195.23
69,1,2017,202.58
69,1,2018,220.85
69,1,2019,245.02
69,1,2020,251.73
69,1,2021,245.19
69,1,2022,267.67
69,1,2023,318.07
71,1,1980,1387.68
71,1,1981,1446.87
71,1,1982,1524.75
71,1,1983,1570.86
71,1,1984,1652.01
71,1,1985,1765.67
71,1,1986,1856.04
71,1,1987,1989.65
71,1,1988,2129.49
71,1,1989,2289.01
71,1,1990,2334.83
71,1,1991,2434.15
71,1,1992,2628.77
71,1,1993,2788.51
71,1,1994,2907.22
71,1,1995,2899.26
71,1,1996,2963.79
71,1,1997,2891.01
71,1,1998,2961.75
71,1,1999,2958.49
71,1,2000,3071.77
71,1,2001,3142.86
71,1,2002,3276.77
71,1,2003,3336.22
71,1,2004,3379.02
71,1,2005,3465.57
71,1,2006,3559.04
71,1,2007,3630.76
71,1,2008,3759.84
71,1,2009,3760.76
71,1,2010,3887.02
71,1,2011,3948.04
71,1,2012,3817.54
71,1,2013,3763.67
71,1,2014,3790.95
71,1,2015,3914.9
71,1,2016,3968.6
71,1,2017,4018.33
71,1,2018,4095.81
71,1,2019,4392.42
71,1,2020,4304.39
71,1,2021,4510.5
71,1,2022,4759.56
71,1,2023,4868.09
72,1,1980,324.4
72,1,1981,325.54
72,1,1982,331.22
72,1,1983,352.9
72,1,1984,376.96
72,1,1985,395.16
72,1,1986,407.45
72,1,1987,424.53
72,1,1988,452.87
72,1,1989,478.22
72,1,1990,496.19
72,1,1991,500.57
72,1,1992,541.58
72,1,1993,589.16
72,1,1994,628.89
72,1,1995,737.55
72,1,1996,629.81
72,1,1997,607.09
72,1,1998,611.11
72,1,1999,626.93
72,1,2000,656.86
72,1,2001,672.37
72,1,2002,670.81
72,1,2003,646.75
72,1,2004,650.78
72,1,2005,631.96
72,1,2006,635.86
72,1,2007,659.18
72,1,2008,689.59
72,1,2009,649
72,1,2010,660.09
72,1,2011,668.78
72,1,2012,694.78
72,1,2013,715.63
72,1,2014,743.66
72,1,2015,741.87
72,1,2016,734.28
72,1,2017,797.59
72,1,2018,828.48
72,1,2019,829.11
72,1,2020,821.29
72,1,2021,878.09
72,1,2022,914.7
72,1,2023,984.6
74,1,1980,1.57
74,1,1981,1.79
74,1,1982,1.99
74,1,1983,2.2
74,1,1984,2.42
74,1,1985,2.64
74,1,1986,2.96
74,1,1987,3.25
74,1,1988,3.6
74,1,1989,3.91
74,1,1990,4.18
74,1,1991,4.63
74,1,1992,5.04
74,1,1993,5.56
74,1,1994,5.75
74,1,1995,6
74,1,1996,6.46
74,1,1997,6.84
74,1,1998,7.21
74,1,1999,7.53
74,1,2000,7.91
74,1,2001,8.32
74,1,2002,8.95
74,1,2003,9.38
74,1,2004,9.59
74,1,2005,9.87
74,1,2006,10.32
74,1,2007,10.96
74,1,2008,11.51
74,1,2009,11.85
74,1,2010,11.78
74,1,2011,9.84
74,1,2012,9.2
74,1,2013,9.35
74,1,2014,9.6
74,1,2015,9.93
74,1,2016,10.09
74,1,2017,10.61
74,1,2018,11.26
74,1,2019,11.84
74,1,2020,12.51
74,1,2021,13.13
74,1,2022,13.98
74,1,2023,14.56
75,1,1980,1024.41
75,1,1981,1013.52
75,1,1982,1034.04
75,1,1983,1029.66
75,1,1984,1027.65
75,1,1985,1067.44
75,1,1986,1086.91
75,1,1987,1130.14
75,1,1988,1135.45
75,1,1989,1174.64
75,1,1990,1215.39
75,1,1991,1269.09
75,1,1992,1257.51
75,1,1993,1249.35
75,1,1994,1214.62
75,1,1995,1266.07
75,1,1996,1266.8
75,1,1997,1271.31
75,1,1998,1260.5
75,1,1999,1293.8
75,1,2000,1297.26
75,1,2001,1273.73
75,1,2002,1250.87
75,1,2003,1271.98
75,1,2004,1281.35
75,1,2005,1310.7
75,1,2006,1338.31
75,1,2007,1347.76
75,1,2008,1430.99
75,1,2009,1431.41
75,1,2010,1453.78
75,1,2011,1459
75,1,2012,1447.49
75,1,2013,1444.43
75,1,2014,1419.5
75,1,2015,1456.97
75,1,2016,1440.33
75,1,2017,1460.6
75,1,2018,1486.84
75,1,2019,1558.98
75,1,2020,1634.69
75,1,2021,1600.26
75,1,2022,1704.73
75,1,2023,1725.96
76,1,1980,1823.89
76,1,1981,1854.9
76,1,1982,1848.01
76,1,1983,1887.49
76,1,1984,1917.67
76,1,1985,1959.01
76,1,1986,1960.66
76,1,1987,1929.39
76,1,1988,1970.98
76,1,1989,2053.7
76,1,1990,2031.55
76,1,1991,2070.85
76,1,1992,2158.43
76,1,1993,2187.15
76,1,1994,2160.89
76,1,1995,2163.15
76,1,1996,2145.4
76,1,1997,2158.86
76,1,1998,2057.7
76,1,1999,2064.24
76,1,2000,2006.9
76,1,2001,1995.14
76,1,2002,2011.43
76,1,2003,1933.9
76,1,2004,1851.63
76,1,2005,1885.87
76,1,2006,1827.29
76,1,2007,1799.29
76,1,2008,1842.63
76,1,2009,1856.89
76,1,2010,1909.24
76,1,2011,1900.46
76,1,2012,1910.81
76,1,2013,1924.05
76,1,2014,1896.05
76,1,2015,1983.77
76,1,2016,2007.95
76,1,2017,2054.63
76,1,2018,2082.31
76,1,2019,2064.77
76,1,2020,2052.83
76,1,2021,2035.34
76,1,2022,2165.3
76,1,2023,2129.67
77,1,1980,84.01
77,1,1981,80.04
77,1,1982,82.29
77,1,1983,87.54
77,1,1984,85.11
77,1,1985,90.57
77,1,1986,81.8
77,1,1987,80.15
77,1,1988,88.01
77,1,1989,88.99
77,1,1990,95.16
77,1,1991,100.53
77,1,1992,103.98
77,1,1993,98.21
77,1,1994,102.11
77,1,1995,105.77
77,1,1996,111.35
77,1,1997,115.57
77,1,1998,127.17
77,1,1999,114.41
77,1,2000,131.7
77,1,2001,118.42
77,1,2002,135.48
77,1,2003,137.35
77,1,2004,143.12
77,1,2005,149.8
77,1,2006,145.44
77,1,2007,156.69
77,1,2008,154.69
77,1,2009,157.98
77,1,2010,159.22
77,1,2011,163.25
77,1,2012,174.46
77,1,2013,173.8
77,1,2014,176.7
77,1,2015,191.14
77,1,2016,188.84
77,1,2017,202.74
77,1,2018,197.33
77,1,2019,213.9
77,1,2020,211.67
77,1,2021,226.24
77,1,2022,232.96
77,1,2023,226.5
78,1,1980,1374.35
78,1,1981,1358.64
78,1,1982,1392.82
78,1,1983,1491.67
78,1,1984,1510.85
78,1,1985,1500.58
78,1,1986,1535.84
78,1,1987,1574.95
78,1,1988,1619.39
78,1,1989,1657.66
78,1,1990,1723.15
78,1,1991,1735.73
78,1,1992,1790.43
78,1,1993,1747.96
78,1,1994,1445.7
78,1,1995,1375.02
78,1,1996,1349.04
78,1,1997,1300.66
78,1,1998,1290.94
78,1,1999,1298.24
78,1,2000,1341.8
78,1,2001,1387.48
78,1,2002,1410.26
78,1,2003,1376.83
78,1,2004,1389.39
78,1,2005,1396.71
78,1,2006,1413.05
78,1,2007,1378.81
78,1,2008,1389.01
78,1,2009,1432.56
78,1,2010,1455.87
78,1,2011,1471.64
78,1,2012,1449.74
78,1,2013,1467.39
78,1,2014,1449.4
78,1,2015,1480.56
78,1,2016,1525.36
78,1,2017,1567.55
78,1,2018,1638.2
78,1,2019,1689.86
78,1,2020,1760.78
78,1,2021,1870.81
78,1,2022,1932.7
78,1,2023,1968.08
79,1,1980,487.44
79,1,1981,493.95
79,1,1982,509.66
79,1,1983,522.84
79,1,1984,534.74
79,1,1985,564.83
79,1,1986,592.78
79,1,1987,630.2
79,1,1988,658.2
79,1,1989,694.7
79,1,1990,723.93
79,1,1991,739.6
79,1,1992,800.01
79,1,1993,815.83
79,1,1994,792.33
79,1,1995,824.08
79,1,1996,851.08
79,1,1997,833.67
79,1,1998,864.41
79,1,1999,866.43
79,1,2000,854.2
79,1,2001,869.94
79,1,2002,887.31
79,1,2003,866.06
79,1,2004,886.93
79,1,2005,897.04
79,1,2006,926.63
79,1,2007,922.28
79,1,2008,928.1
79,1,2009,928
79,1,2010,968.85
79,1,2011,1005.66
79,1,2012,1009.89
79,1,2013,1022.27
79,1,2014,1047.18
79,1,2015,1082.59
79,1,2016,1098.66
79,1,2017,1108.5
79,1,2018,1122.24
79,1,2019,1144.55
79,1,2020,1162.17
79,1,2021,1239.98
79,1,2022,1242.8
79,1,2023,1342.83
80,1,1980,9364.31
80,1,1981,9696.58
80,1,1982,9752.41
80,1,1983,10220.17
80,1,1984,10208.47
80,1,1985,10721.29
80,1,1986,10956.33
80,1,1987,11050.76
80,1,1988,11332.78
80,1,1989,11651.18
80,1,1990,11716.27
80,1,1991,11670.15
80,1,1992,11645.85
80,1,1993,11799.77
80,1,1994,11640.99
80,1,1995,11786.6
80,1,1996,11937.45
80,1,1997,11839.64
80,1,1998,11760.14
80,1,1999,11988.8
80,1,2000,12120.13
80,1,2001,12211.97
80,1,2002,12415.38
80,1,2003,12708.56
80,1,2004,12063.16
80,1,2005,12238.3
80,1,2006,11897.42
80,1,2007,12004.91
80,1,2008,12067.04
80,1,2009,11978.23
80,1,2010,11868.19
80,1,2011,11555.21
80,1,2012,11681.42
80,1,2013,11572.81
80,1,2014,11293.55
80,1,2015,11836.01
80,1,2016,11897.43
80,1,2017,12137.04
80,1,2018,12300.03
80,1,2019,12444.13
80,1,2020,12198.65
80,1,2021,11955.34
80,1,2022,13191.21
80,1,2023,13215.58
81,1,1980,11127.94
81,1,1981,11443.15
81,1,1982,11481.26
81,1,1983,11790.74
81,1,1984,11707.31
81,1,1985,11930.82
81,1,1986,12095.25
81,1,1987,12182.9
81,1,1988,12477.98
81,1,1989,12606.11
81,1,1990,12805.64
81,1,1991,13079.93
81,1,1992,13152.19
81,1,1993,13569.62
81,1,1994,13682.16
81,1,1995,13856.68
81,1,1996,13885.48
81,1,1997,13510.59
81,1,1998,13549.16
81,1,1999,13341.47
81,1,2000,13288.95
81,1,2001,13210.82
81,1,2002,13487.72
81,1,2003,13752.01
81,1,2004,13406.95
81,1,2005,13746.54
81,1,2006,13957.73
81,1,2007,14233.26
81,1,2008,14771.15
81,1,2009,15118.98
81,1,2010,15456.12
81,1,2011,15510.33
81,1,2012,15639.81
81,1,2013,16178.17
81,1,2014,16189.78
81,1,2015,17131.03
81,1,2016,17309.95
81,1,2017,17659.8
81,1,2018,18300.21
81,1,2019,18370.21
81,1,2020,18812.29
81,1,2021,18842.77
81,1,2022,19556.67
81,1,2023,20148.56
82,1,1980,800.33
82,1,1981,801.31
82,1,1982,845.54
82,1,1983,887.45
82,1,1984,893.7
82,1,1985,972.58
82,1,1986,1049.88
82,1,1987,1271.32
82,1,1988,1327.42
82,1,1989,1374.99
82,1,1990,1490.38
82,1,1991,1581.62
82,1,1992,1616.98
82,1,1993,1652.82
82,1,1994,1707.28
82,1,1995,1768.94
82,1,1996,1825.4
82,1,1997,1846.05
82,1,1998,1921.64
82,1,1999,1925.09
82,1,2000,1994.02
82,1,2001,1995.36
82,1,2002,2046.16
82,1,2003,2100.1
82,1,2004,2165.74
82,1,2005,2228.82
82,1,2006,2178.69
82,1,2007,2059.63
82,1,2008,2132.93
82,1,2009,1925.42
82,1,2010,1869.04
82,1,2011,1851.99
82,1,2012,1877.08
82,1,2013,1925.35
82,1,2014,2177.84
82,1,2015,2319.14
82,1,2016,2288.32
82,1,2017,2333.5
82,1,2018,2313.48
82,1,2019,2344.53
82,1,2020,2396.2
82,1,2021,2416.82
82,1,2022,2420.15
82,1,2023,2454.34
83,1,1980,31.64
83,1,1981,32.09
83,1,1982,34.41
83,1,1983,34.46
83,1,1984,36.16
83,1,1985,36.9
83,1,1986,38.15
83,1,1987,39.21
83,1,1988,42.1
83,1,1989,41.42
83,1,1990,43.91
83,1,1991,45.28
83,1,1992,46.14
83,1,1993,43.92
83,1,1994,43.87
83,1,1995,44.46
83,1,1996,50.92
83,1,1997,49.61
83,1,1998,50.02
83,1,1999,50.8
83,1,2000,50.97
83,1,2001,51.24
83,1,2002,53.46
83,1,2003,51.32
83,1,2004,54.27
83,1,2005,54.92
83,1,2006,54.45
83,1,2007,58.32
83,1,2008,56.79
83,1,2009,59.12
83,1,2010,57.93
83,1,2011,56.52
83,1,2012,59.34
83,1,2013,61.77
83,1,2014,64.58
83,1,2015,64.34
83,1,2016,64.77
83,1,2017,60.81
83,1,2018,61.99
83,1,2019,65.66
83,1,2020,65.62
83,1,2021,66.43
83,1,2022,77.58
83,1,2023,84.04
84,1,1980,383.78
84,1,1981,368.77
84,1,1982,387.82
84,1,1983,404.33
84,1,1984,405.57
84,1,1985,417.37
84,1,1986,451.25
84,1,1987,486.53
84,1,1988,487.07
84,1,1989,496.09
84,1,1990,520.78
84,1,1991,538.43
84,1,1992,561.14
84,1,1993,567.22
84,1,1994,571.3
84,1,1995,590.91
84,1,1996,604.79
84,1,1997,601.98
84,1,1998,600.59
84,1,1999,600
84,1,2000,616.4
84,1,2001,611.89
84,1,2002,601.88
84,1,2003,574.05
84,1,2004,604.76
84,1,2005,609.13
84,1,2006,616.65
84,1,2007,593.89
84,1,2008,588.89
84,1,2009,594.68
84,1,2010,594.26
84,1,2011,597.84
84,1,2012,589.33
84,1,2013,582.78
84,1,2014,589.88
84,1,2015,601.99
84,1,2016,606.1
84,1,2017,642.88
84,1,2018,663.07
84,1,2019,692.49
84,1,2020,696.48
84,1,2021,693.35
84,1,2022,781.17
84,1,2023,859.71
85,1,1980,239.57
85,1,1981,266.54
85,1,1982,281
85,1,1983,286.42
85,1,1984,296.7
85,1,1985,309.36
85,1,1986,350.25
85,1,1987,358.5
85,1,1988,356.12
85,1,1989,359.35
85,1,1990,371.89
85,1,1991,399.82
85,1,1992,453.9
85,1,1993,478.28
85,1,1994,530.14
85,1,1995,544.44
85,1,1996,556.54
85,1,1997,576.84
85,1,1998,668.52
85,1,1999,578.6
85,1,2000,546.23
85,1,2001,555.79
85,1,2002,535.93
85,1,2003,566.79
85,1,2004,561.94
85,1,2005,549.87
85,1,2006,548.33
85,1,2007,567.87
85,1,2008,562.2
85,1,2009,538.27
85,1,2010,510.42
85,1,2011,526.74
85,1,2012,532.88
85,1,2013,516.84
85,1,2014,566.12
85,1,2015,599.14
85,1,2016,580.17
85,1,2017,629.41
85,1,2018,614.4
85,1,2019,667.54
85,1,2020,691.01
85,1,2021,690.28
85,1,2022,741.65
85,1,2023,745.35
86,1,1980,5380.43
86,1,1981,5479.02
86,1,1982,5486.79
86,1,1983,5785.96
86,1,1984,5822.74
86,1,1985,6212.72
86,1,1986,6503.08
86,1,1987,6601.73
86,1,1988,6747.64
86,1,1989,6751.48
86,1,1990,7117.83
86,1,1991,7285.9
86,1,1992,7341.48
86,1,1993,7635.18
86,1,1994,7896.36
86,1,1995,8084.89
86,1,1996,8333.14
86,1,1997,8586.74
86,1,1998,8870.47
86,1,1999,8791.66
86,1,2000,8776.96
86,1,2001,9046.28
86,1,2002,9181.79
86,1,2003,9956.43
86,1,2004,9460.34
86,1,2005,9826.95
86,1,2006,9912.41
86,1,2007,10115.53
86,1,2008,10160.46
86,1,2009,10152.18
86,1,2010,10079.53
86,1,2011,10003.91
86,1,2012,10072.11
86,1,2013,9842.36
86,1,2014,9815.24
86,1,2015,10214.01
86,1,2016,10048.2
86,1,2017,10369.59
86,1,2018,10104.62
86,1,2019,10204.82
86,1,2020,10560.29
86,1,2021,10338.41
86,1,2022,10892.52
86,1,2023,10538.3
87,1,1980,54.81
87,1,1981,55.14
87,1,1982,58.87
87,1,1983,57.12
87,1,1984,54.38
87,1,1985,56.47
87,1,1986,59.95
87,1,1987,62.49
87,1,1988,60.38
87,1,1989,59
87,1,1990,59.91
87,1,1991,61.8
87,1,1992,63.94
87,1,1993,64.59
87,1,1994,62.83
87,1,1995,61.95
87,1,1996,62.22
87,1,1997,61.78
87,1,1998,61.07
87,1,1999,61.79
87,1,2000,64.02
87,1,2001,62.6
87,1,2002,60.55
87,1,2003,61.69
87,1,2004,61.66
87,1,2005,63.14
87,1,2006,63.25
87,1,2007,66.78
87,1,2008,64.73
87,1,2009,66.4
87,1,2010,64.4
87,1,2011,66.45
87,1,2012,64.55
87,1,2013,64
87,1,2014,68.58
87,1,2015,69.27
87,1,2016,70.28
87,1,2017,72.38
87,1,2018,73.05
87,1,2019,74.19
87,1,2020,74.35
87,1,2021,71.48
87,1,2022,70.78
87,1,2023,75.44
88,1,1980,24.77
88,1,1981,25.16
88,1,1982,27.44
88,1,1983,27.3
88,1,1984,25.96
88,1,1985,25.6
88,1,1986,26.28
88,1,1987,28.31
88,1,1988,29.27
88,1,1989,30.15
88,1,1990,29.72
88,1,1991,33.02
88,1,1992,36.44
88,1,1993,36.97
88,1,1994,37.05
88,1,1995,38.19
88,1,1996,38.81
88,1,1997,38.44
88,1,1998,42.2
88,1,1999,43.75
88,1,2000,42.88
88,1,2001,41.97
88,1,2002,41.77
88,1,2003,42.27
88,1,2004,42.53
88,1,2005,44.93
88,1,2006,42.97
88,1,2007,41.56
88,1,2008,42.18
88,1,2009,40.16
88,1,2010,40.8
88,1,2011,40.71
88,1,2012,41.2
88,1,2013,41.79
88,1,2014,43.96
88,1,2015,44.33
88,1,2016,47.43
88,1,2017,48.34
88,1,2018,49.92
88,1,2019,52.36
88,1,2020,50.3
88,1,2021,48.3
88,1,2022,50.73
88,1,2023,51.52
89,1,1980,1910.37
89,1,1981,1940.51
89,1,1982,1976.75
89,1,1983,2006.8
89,1,1984,2066.12
89,1,1985,2119.76
89,1,1986,2218.66
89,1,1987,2282.07
89,1,1988,2360.8
89,1,1989,2488.8
89,1,1990,2563.28
89,1,1991,2594
89,1,1992,2679.98
89,1,1993,2811.47
89,1,1994,2811.22
89,1,1995,2886.82
89,1,1996,2973.69
89,1,1997,2908.92
89,1,1998,2926.77
89,1,1999,2961.9
89,1,2000,2951.63
89,1,2001,2918.27
89,1,2002,2971.12
89,1,2003,2976.6
89,1,2004,2895.73
89,1,2005,2902.45
89,1,2006,2904.39
89,1,2007,2910.18
89,1,2008,2928.3
89,1,2009,2970.38
89,1,2010,3053.72
89,1,2011,3013.61
89,1,2012,3127.27
89,1,2013,3198.08
89,1,2014,3194.58
89,1,2015,3371.75
89,1,2016,3522.81
89,1,2017,3620.69
89,1,2018,3735.03
89,1,2019,3788.42
89,1,2020,3796.44
89,1,2021,3865.19
89,1,2022,4044.63
89,1,2023,4263.52
90,1,1980,933.41
90,1,1981,895.67
90,1,1982,874.96
90,1,1983,931.57
90,1,1984,956.95
90,1,1985,1014.12
90,1,1986,1007.48
90,1,1987,1017.39
90,1,1988,1065.45
90,1,1989,1067.95
90,1,1990,1098.98
90,1,1991,1131.84
90,1,1992,1185.59
90,1,1993,1234.23
90,1,1994,1235.83
90,1,1995,1250.5
90,1,1996,1302.97
90,1,1997,1292.32
90,1,1998,1276.48
90,1,1999,1288.04
90,1,2000,1254.12
90,1,2001,1231.48
90,1,2002,1242.96
90,1,2003,1237.69
90,1,2004,1233.76
90,1,2005,1235.93
90,1,2006,1238.17
90,1,2007,1282.77
90,1,2008,1297.11
90,1,2009,1267.55
90,1,2010,1272.48
90,1,2011,1237.97
90,1,2012,1231.21
90,1,2013,1229.9
90,1,2014,1267.93
90,1,2015,1234.47
90,1,2016,1180.57
90,1,2017,1158.17
90,1,2018,1149.2
90,1,2019,1176.07
90,1,2020,1161.4
90,1,2021,1160.49
90,1,2022,1228.19
90,1,2023,1266.1
91,1,1980,1110.82
91,1,1981,1105.08
91,1,1982,1149.61
91,1,1983,1163.31
91,1,1984,1218.75
91,1,1985,1226.11
91,1,1986,1225.07
91,1,1987,1274.63
91,1,1988,1374.09
91,1,1989,1406.98
91,1,1990,1501.78
91,1,1991,1604.72
91,1,1992,1625.97
91,1,1993,1725.71
91,1,1994,1753.58
91,1,1995,1872.75
91,1,1996,2041.79
91,1,1997,2081.15
91,1,1998,2115.19
91,1,1999,2169.14
91,1,2000,2196.06
91,1,2001,2120.84
91,1,2002,2152.98
91,1,2003,2170.56
91,1,2004,2128.4
91,1,2005,2142.32
91,1,2006,2191.42
91,1,2007,2191.27
91,1,2008,2191.57
91,1,2009,2157.16
91,1,2010,2204.28
91,1,2011,2188.67
91,1,2012,2220.87
91,1,2013,2166.41
91,1,2014,2141.27
91,1,2015,2164.24
91,1,2016,2231.49
91,1,2017,2215.28
91,1,2018,2274.06
91,1,2019,2314.42
91,1,2020,2368.47
91,1,2021,2332.82
91,1,2022,2475.62
91,1,2023,2460.17
92,1,1980,3776.04
92,1,1981,3902.25
92,1,1982,3924.78
92,1,1983,4254
92,1,1984,4531.73
92,1,1985,4877.19
92,1,1986,4975.84
92,1,1987,5044.04
92,1,1988,5179.87
92,1,1989,5316.02
92,1,1990,5530.92
92,1,1991,5675.38
92,1,1992,5746.67
92,1,1993,6048.17
92,1,1994,6223.41
92,1,1995,6426.79
92,1,1996,6627.19
92,1,1997,6694.62
92,1,1998,6931.43
92,1,1999,6986.84
92,1,2000,6738.39
92,1,2001,6832.09
92,1,2002,6936.15
92,1,2003,7030.75
92,1,2004,6892.73
92,1,2005,6925.69
92,1,2006,6704.24
92,1,2007,6914.9
92,1,2008,6861.96
92,1,2009,6881.92
92,1,2010,7012.37
92,1,2011,7105.74
92,1,2012,7238.62
92,1,2013,6904.75
92,1,2014,6921.99
92,1,2015,7090.3
92,1,2016,6897.2
92,1,2017,7071.8
92,1,2018,7136.52
92,1,2019,7039.05
92,1,2020,7141.84
92,1,2021,6985.5
92,1,2022,7506.52
92,1,2023,7369.38
93,1,1980,1812.48
93,1,1981,1722.04
93,1,1982,1747.26
93,1,1983,1787.89
93,1,1984,1851.25
93,1,1985,1963.25
93,1,1986,2057.41
93,1,1987,2089.62
93,1,1988,2189.71
93,1,1989,2226.33
93,1,1990,2328.62
93,1,1991,2402.37
93,1,1992,2422.78
93,1,1993,2478.68
93,1,1994,2439.21
93,1,1995,2554.51
93,1,1996,2649.67
93,1,1997,2788.33
93,1,1998,2873.92
93,1,1999,2892.48
93,1,2000,2874.63
93,1,2001,2859.1
93,1,2002,2858.31
93,1,2003,2964.58
93,1,2004,2934.39
93,1,2005,2925.21
93,1,2006,2911.28
93,1,2007,2908.76
93,1,2008,2892.86
93,1,2009,2872.9
93,1,2010,2873.53
93,1,2011,2853.44
93,1,2012,2886.97
93,1,2013,2850.71
93,1,2014,2857.26
93,1,2015,2876.07
93,1,2016,2863.83
93,1,2017,2878.05
93,1,2018,2871.81
93,1,2019,2816.95
93,1,2020,2814.07
93,1,2021,2645.56
93,1,2022,2759.32
93,1,2023,2870.21
94,1,1980,1665.75
94,1,1981,1843.19
94,1,1982,1906.1
94,1,1983,1959.66
94,1,1984,2023.15
94,1,1985,2164.57
94,1,1986,2183.84
94,1,1987,2220.2
94,1,1988,2312.91
94,1,1989,2399.09
94,1,1990,2463.15
94,1,1991,2467.53
94,1,1992,2466.31
94,1,1993,2446.84
94,1,1994,2304.45
94,1,1995,1762.75
94,1,1996,1609.43
94,1,1997,1554.4
94,1,1998,1561.29
94,1,1999,1610.33
94,1,2000,1592.99
94,1,2001,1593.88
94,1,2002,1583.98
94,1,2003,1601.68
94,1,2004,1567.4
94,1,2005,1540.43
94,1,2006,1534.26
94,1,2007,1538.78
94,1,2008,1571.64
94,1,2009,1587.62
94,1,2010,1641.97
94,1,2011,1612.54
94,1,2012,1588.93
94,1,2013,1617.5
94,1,2014,1618.6
94,1,2015,1645.42
94,1,2016,1594.58
94,1,2017,1668.12
94,1,2018,1685.49
94,1,2019,1686.06
94,1,2020,1646.17
94,1,2021,1558.97
94,1,2022,1761.83
94,1,2023,1714.35
95,1,1980,6861.18
95,1,1981,6972.08
95,1,1982,7294.3
95,1,1983,7626.04
95,1,1984,8197.71
95,1,1985,8896.08
95,1,1986,9248.47
95,1,1987,9546.17
95,1,1988,10046.11
95,1,1989,10628.18
95,1,1990,10848.77
95,1,1991,11283.6
95,1,1992,11465.39
95,1,1993,11794.65
95,1,1994,11576.11
95,1,1995,12032.22
95,1,1996,11980.76
95,1,1997,11808.29
95,1,1998,11962.45
95,1,1999,12030.49
95,1,2000,11840.68
95,1,2001,12167.6
95,1,2002,12336.89
95,1,2003,12486.67
95,1,2004,12250.74
95,1,2005,12225.96
95,1,2006,12223.88
95,1,2007,12481.77
95,1,2008,12652.94
95,1,2009,12657.79
95,1,2010,12955.39
95,1,2011,12948.43
95,1,2012,13236.53
95,1,2013,13385.08
95,1,2014,13567.71
95,1,2015,14272.31
95,1,2016,14255.03
95,1,2017,14675.57
95,1,2018,14903.99
95,1,2019,15014.75
95,1,2020,15312.95
95,1,2021,14630.31
95,1,2022,15488
95,1,2023,16800.61
97,1,1980,2131.38
97,1,1981,2220.46
97,1,1982,2169.66
97,1,1983,2346.29
97,1,1984,2492.57
97,1,1985,2460.72
97,1,1986,2598.5
97,1,1987,2843.25
97,1,1988,2958.58
97,1,1989,3063.07
97,1,1990,3188.94
97,1,1991,3266.38
97,1,1992,3404.86
97,1,1993,3574.13
97,1,1994,3645.96
97,1,1995,3926.06
97,1,1996,4140.36
97,1,1997,4425.07
97,1,1998,4794.08
97,1,1999,4930.51
97,1,2000,4850.48
97,1,2001,4944.66
97,1,2002,5084.67
97,1,2003,5282.48
97,1,2004,5297.35
97,1,2005,5350.55
97,1,2006,5413.01
97,1,2007,5701.11
97,1,2008,5431.63
97,1,2009,5352.57
97,1,2010,5507.22
97,1,2011,5381.78
97,1,2012,5409.5
97,1,2013,5392.54
97,1,2014,5269.39
97,1,2015,5301.75
97,1,2016,5448.43
97,1,2017,5289.79
97,1,2018,5239.61
97,1,2019,5204.48
97,1,2020,4972.92
97,1,2021,5224.95
97,1,2022,5810.67
97,1,2023,5747.64
98,1,1980,521.18
98,1,1981,541.76
98,1,1982,564.91
98,1,1983,616.71
98,1,1984,656.08
98,1,1985,676.93
98,1,1986,687.45
98,1,1987,734.63
98,1,1988,783.48
98,1,1989,829.47
98,1,1990,930.97
98,1,1991,978.25
98,1,1992,1011.96
98,1,1993,1078.79
98,1,1994,1153.55
98,1,1995,1294.98
98,1,1996,1380.79
98,1,1997,1434.56
98,1,1998,1488.41
98,1,1999,1533.25
98,1,2000,1545.2
98,1,2001,1586.44
98,1,2002,1643.44
98,1,2003,1741.77
98,1,2004,1790.83
98,1,2005,1833.83
98,1,2006,1884.54
98,1,2007,1958.68
98,1,2008,1960
98,1,2009,2121.32
98,1,2010,2356.45
98,1,2011,2420.56
98,1,2012,2442.83
98,1,2013,2429.35
98,1,2014,2432.54
98,1,2015,2451.72
98,1,2016,2459.83
98,1,2017,2523.57
98,1,2018,2523
98,1,2019,2562.07
98,1,2020,2449.84
98,1,2021,2580.9
98,1,2022,2853.59
98,1,2023,2764.66
99,1,1980,374.17
99,1,1981,383.49
99,1,1982,392.36
99,1,1983,406.32
99,1,1984,443.82
99,1,1985,465.3
99,1,1986,483.18
99,1,1987,507.03
99,1,1988,526.18
99,1,1989,534.14
99,1,1990,564.28
99,1,1991,573.59
99,1,1992,585.07
99,1,1993,610.01
99,1,1994,647.75
99,1,1995,664.9
99,1,1996,695.89
99,1,1997,695.69
99,1,1998,728.71
99,1,1999,733.01
99,1,2000,742.07
99,1,2001,756.03
99,1,2002,765.75
99,1,2003,830.48
99,1,2004,845.72
99,1,2005,827.28
99,1,2006,818.54
99,1,2007,821.02
99,1,2008,823.14
99,1,2009,844.3
99,1,2010,854.46
99,1,2011,841.55
99,1,2012,808.7
99,1,2013,786.91
99,1,2014,780.09
99,1,2015,771.76
99,1,2016,787.03
99,1,2017,803.49
99,1,2018,807.48
99,1,2019,802.94
99,1,2020,787.06
99,1,2021,864.32
99,1,2022,905.11
99,1,2023,805.98
101,1,1980,2338.63
101,1,1981,2439.6
101,1,1982,2502.24
101,1,1983,2604.63
101,1,1984,2741.46
101,1,1985,2970.68
101,1,1986,3132.11
101,1,1987,3263.96
101,1,1988,3476.69
101,1,1989,3571.48
101,1,1990,3719.89
101,1,1991,3945.89
101,1,1992,4051.81
101,1,1993,4185.51
101,1,1994,4255.6
101,1,1995,4333.99
101,1,1996,4304.43
101,1,1997,4344.58
101,1,1998,4390.87
101,1,1999,4411.57
101,1,2000,4516.26
101,1,2001,4577.22
101,1,2002,4558.68
101,1,2003,4535.82
101,1,2004,4491.46
101,1,2005,4508.21
101,1,2006,4499.38
101,1,2007,4604.62
101,1,2008,4709.22
101,1,2009,4673.31
101,1,2010,4748.48
101,1,2011,4702.21
101,1,2012,4734.37
101,1,2013,4813.49
101,1,2014,4950.25
101,1,2015,5030.28
101,1,2016,5183.43
101,1,2017,5347.65
101,1,2018,5455.76
101,1,2019,5654.26
101,1,2020,5775.25
101,1,2021,5931.85
101,1,2022,6125.09
101,1,2023,6437.45
102,1,1980,27289.96
102,1,1981,27750.68
102,1,1982,28538.58
102,1,1983,29879.05
102,1,1984,30580.22
102,1,1985,31799.77
102,1,1986,32921.95
102,1,1987,33828.4
102,1,1988,35285.26
102,1,1989,36079.64
102,1,1990,37330.18
102,1,1991,38643.09
102,1,1992,39480.99
102,1,1993,40896.76
102,1,1994,40571.63
102,1,1995,40458.28
102,1,1996,40099.22
102,1,1997,39231.23
102,1,1998,38688.26
102,1,1999,38919.35
102,1,2000,38103.73
102,1,2001,37538.82
102,1,2002,37496.55
102,1,2003,36895.44
102,1,2004,35959.16
102,1,2005,36416.17
102,1,2006,35960.63
102,1,2007,36278.4
102,1,2008,36664.43
102,1,2009,36018.07
102,1,2010,36729.44
102,1,2011,36533.72
102,1,2012,36286.87
102,1,2013,36941.56
102,1,2014,37420.5
102,1,2015,38587.87
102,1,2016,39386
102,1,2017,40277.59
102,1,2018,41017.02
102,1,2019,41808.79
102,1,2020,43133.86
102,1,2021,42802.79
102,1,2022,44247.21
102,1,2023,44824.32
105,1,1980,9.27
105,1,1981,9.73
105,1,1982,10.27
105,1,1983,10.74
105,1,1984,10.39
105,1,1985,10.53
105,1,1986,11.58
105,1,1987,12.41
105,1,1988,12.39
105,1,1989,14.32
105,1,1990,14.7
105,1,1991,16.03
105,1,1992,16.6
105,1,1993,17.24
105,1,1994,18.49
105,1,1995,18.94
105,1,1996,19.24
105,1,1997,19.68
105,1,1998,20.16
105,1,1999,21.34
105,1,2000,22.91
105,1,2001,22.93
105,1,2002,23.49
105,1,2003,24.09
105,1,2004,24.07
105,1,2005,24.04
105,1,2006,23.72
105,1,2007,24.38
105,1,2008,24.52
105,1,2009,24.69
105,1,2010,25.56
105,1,2011,26.99
105,1,2012,27.42
105,1,2013,27.2
105,1,2014,28.02
105,1,2015,26.8
105,1,2016,26.61
105,1,2017,26.74
105,1,2018,26.78
105,1,2019,25.47
105,1,2020,28.03
105,1,2021,26.65
105,1,2022,26.63
105,1,2023,28.74
106,1,1980,16.21
106,1,1981,17.58
106,1,1982,18.68
106,1,1983,20.56
106,1,1984,21.88
106,1,1985,22.8
106,1,1986,24.22
106,1,1987,26.29
106,1,1988,27.69
106,1,1989,29.38
106,1,1990,31.79
106,1,1991,34.18
106,1,1992,35.41
106,1,1993,36.58
106,1,1994,38.38
106,1,1995,38.82
106,1,1996,42.42
106,1,1997,45.11
106,1,1998,46.1
106,1,1999,48.77
106,1,2000,51.72
106,1,2001,55.57
106,1,2002,58.23
106,1,2003,60.47
106,1,2004,60.38
106,1,2005,60.83
106,1,2006,63.27
106,1,2007,66.07
106,1,2008,69.78
106,1,2009,70.15
106,1,2010,71.59
106,1,2011,76.13
106,1,2012,81.19
106,1,2013,80.21
106,1,2014,81.13
106,1,2015,85.93
106,1,2016,89.68
106,1,2017,93.61
106,1,2018,97.46
106,1,2019,105.8
106,1,2020,114.31
106,1,2021,139.44
106,1,2022,119.41
106,1,2023,117.08
107,1,1980,42.65
107,1,1981,45.75
107,1,1982,47.27
107,1,1983,48.68
107,1,1984,49.99
107,1,1985,52.79
107,1,1986,56.44
107,1,1987,58.1
107,1,1988,60.11
107,1,1989,63.06
107,1,1990,64.87
107,1,1991,66.45
107,1,1992,67.67
107,1,1993,67.42
107,1,1994,67.58
107,1,1995,68.25
107,1,1996,67.58
107,1,1997,69.47
107,1,1998,73.19
107,1,1999,75.11
107,1,2000,76.09
107,1,2001,71.73
107,1,2002,74.27
107,1,2003,74.62
107,1,2004,73.67
107,1,2005,78.69
107,1,2006,79.93
107,1,2007,82.33
107,1,2008,86
107,1,2009,90.12
107,1,2010,90.56
107,1,2011,91.9
107,1,2012,93.61
107,1,2013,97.35
107,1,2014,100.24
107,1,2015,103.2
107,1,2016,106.98
107,1,2017,110.73
107,1,2018,113.65
107,1,2019,116.18
107,1,2020,123.72
107,1,2021,131.24
107,1,2022,139.95
107,1,2023,141.31
108,1,1980,5.99
108,1,1981,5.81
108,1,1982,6.66
108,1,1983,8.24
108,1,1984,7.99
108,1,1985,7.9
108,1,1986,7.78
108,1,1987,8.38
108,1,1988,8.6
108,1,1989,8.85
108,1,1990,9.34
108,1,1991,10.14
108,1,1992,10.87
108,1,1993,11.4
108,1,1994,13.63
108,1,1995,14.76
108,1,1996,16.68
108,1,1997,20.39
108,1,1998,23.37
108,1,1999,23.69
108,1,2000,24.98
108,1,2001,26.53
108,1,2002,27.42
108,1,2003,26.31
108,1,2004,27.38
108,1,2005,28.84
108,1,2006,29.34
108,1,2007,29.25
108,1,2008,29.87
108,1,2009,30.12
108,1,2010,28.27
108,1,2011,29.03
108,1,2012,32.51
108,1,2013,33.18
108,1,2014,32.19
108,1,2015,35.21
108,1,2016,37.32
108,1,2017,39.58
108,1,2018,40.9
108,1,2019,42.65
108,1,2020,44.26
108,1,2021,45.88
108,1,2022,44.12
108,1,2023,45.53
109,1,1980,893.67
109,1,1981,908.26
109,1,1982,940.26
109,1,1983,1006.04
109,1,1984,1054.13
109,1,1985,1068.51
109,1,1986,1162.36
109,1,1987,1232.88
109,1,1988,1321.79
109,1,1989,1401.13
109,1,1990,1484.7
109,1,1991,1541.11
109,1,1992,1667.64
109,1,1993,1757.35
109,1,1994,1812.09
109,1,1995,1833.27
109,1,1996,1849.34
109,1,1997,1898.79
109,1,1998,1948.45
109,1,1999,1969.09
109,1,2000,2007.77
109,1,2001,2012.37
109,1,2002,2106.05
109,1,2003,2213.78
109,1,2004,2359.56
109,1,2005,2458.78
109,1,2006,2493.36
109,1,2007,2588.1
109,1,2008,2707.47
109,1,2009,2789.86
109,1,2010,2954.37
109,1,2011,2954.22
109,1,2012,3001.93
109,1,2013,3105.21
109,1,2014,3183.67
109,1,2015,3296.49
109,1,2016,3411.36
109,1,2017,3510.84
109,1,2018,3591.43
109,1,2019,3592.93
109,1,2020,3776.66
109,1,2021,4116.03
109,1,2022,3358.09
109,1,2023,3553.72
110,1,1980,15.31
110,1,1981,16.03
110,1,1982,16.84
110,1,1983,17.75
110,1,1984,18.57
110,1,1985,18.77
110,1,1986,19.22
110,1,1987,19.66
110,1,1988,20.12
110,1,1989,21.11
110,1,1990,22.11
110,1,1991,22.99
110,1,1992,23.93
110,1,1993,25.51
110,1,1994,26.35
110,1,1995,27.03
110,1,1996,27.61
110,1,1997,26.49
110,1,1998,28.37
110,1,1999,28.73
110,1,2000,28.95
110,1,2001,29.04
110,1,2002,29.11
110,1,2003,28.82
110,1,2004,29.89
110,1,2005,30.78
110,1,2006,32.69
110,1,2007,30.13
110,1,2008,31.31
110,1,2009,29
110,1,2010,30.98
110,1,2011,32.63
110,1,2012,32.55
110,1,2013,31.81
110,1,2014,31.82
110,1,2015,32.85
110,1,2016,34.3
110,1,2017,33.21
110,1,2018,33.71
110,1,2019,34.71
110,1,2020,37.05
110,1,2021,38.6
110,1,2022,38.29
110,1,2023,40.34
111,1,1980,390.64
111,1,1981,402.27
111,1,1982,406.93
111,1,1983,417.38
111,1,1984,425.61
111,1,1985,434.43
111,1,1986,459.69
111,1,1987,475.95
111,1,1988,491.37
111,1,1989,516.38
111,1,1990,538.74
111,1,1991,570.17
111,1,1992,602.17
111,1,1993,636.47
111,1,1994,672.56
111,1,1995,703.31
111,1,1996,740.69
111,1,1997,774.29
111,1,1998,813.17
111,1,1999,861.69
111,1,2000,934.75
111,1,2001,1031.36
111,1,2002,1115.36
111,1,2003,1147.48
111,1,2004,1166.22
111,1,2005,1180.28
111,1,2006,1204.29
111,1,2007,1236.52
111,1,2008,1274.82
111,1,2009,1326.78
111,1,2010,1384.08
111,1,2011,1452.54
111,1,2012,1500.44
111,1,2013,1527.64
111,1,2014,1556.31
111,1,2015,1628.94
111,1,2016,1714.86
111,1,2017,1793.14
111,1,2018,1877.76
111,1,2019,1989.82
111,1,2020,2242.4
111,1,2021,2310.29
111,1,2022,2436.97
111,1,2023,2494.94
112,1,1980,16.08
112,1,1981,16.43
112,1,1982,16.72
112,1,1983,16.89
112,1,1984,17.07
112,1,1985,16.05
112,1,1986,15.85
112,1,1987,14.92
112,1,1988,14.71
112,1,1989,14.77
112,1,1990,16.48
112,1,1991,17.78
112,1,1992,18.45
112,1,1993,18.94
112,1,1994,20.73
112,1,1995,22.69
112,1,1996,25.12
112,1,1997,26.87
112,1,1998,28.18
112,1,1999,29.87
112,1,2000,30.99
112,1,2001,32.14
112,1,2002,34.61
112,1,2003,35.75
112,1,2004,36.45
112,1,2005,37.11
112,1,2006,36.61
112,1,2007,38.28
112,1,2008,36.89
112,1,2009,38.48
112,1,2010,40.08
112,1,2011,42.14
112,1,2012,41.05
112,1,2013,39.62
112,1,2014,39.31
112,1,2015,41.19
112,1,2016,41.69
112,1,2017,44.75
112,1,2018,44.51
112,1,2019,45.8
112,1,2020,46.3
112,1,2021,47.36
112,1,2022,40.91
112,1,2023,41.28
113,1,1980,44.19
113,1,1981,44.73
113,1,1982,45.3
113,1,1983,45.79
113,1,1984,45.46
113,1,1985,46.59
113,1,1986,50.7
113,1,1987,61.38
113,1,1988,66.48
113,1,1989,62.04
113,1,1990,60.9
113,1,1991,61.36
113,1,1992,63.06
113,1,1993,64.89
113,1,1994,61.96
113,1,1995,62.13
113,1,1996,62.35
113,1,1997,63.8
113,1,1998,62.56
113,1,1999,70.37
113,1,2000,84.06
113,1,2001,80.26
113,1,2002,81.19
113,1,2003,82.06
113,1,2004,80.79
113,1,2005,85.94
113,1,2006,84.2
113,1,2007,89.61
113,1,2008,92.19
113,1,2009,90.13
113,1,2010,95.91
113,1,2011,97.2
113,1,2012,95.17
113,1,2013,95
113,1,2014,99.14
113,1,2015,97.51
113,1,2016,99.5
113,1,2017,107.26
113,1,2018,106.08
113,1,2019,109.03
113,1,2020,138.13
113,1,2021,136.46
113,1,2022,142.72
113,1,2023,160.86
114,1,1980,283.44
114,1,1981,291.55
114,1,1982,300.76
114,1,1983,309.66
114,1,1984,316.61
114,1,1985,331.79
114,1,1986,345.27
114,1,1987,359.52
114,1,1988,376.31
114,1,1989,392.41
114,1,1990,414.94
114,1,1991,426.75
114,1,1992,459.59
114,1,1993,491.14
114,1,1994,496.65
114,1,1995,521.39
114,1,1996,542.37
114,1,1997,580.47
114,1,1998,578.74
114,1,1999,606.75
114,1,2000,627.15
114,1,2001,655.81
114,1,2002,677.53
114,1,2003,698.4
114,1,2004,722.35
114,1,2005,730.41
114,1,2006,744.05
114,1,2007,767.57
114,1,2008,785.8
114,1,2009,800.7
114,1,2010,805.84
114,1,2011,820.66
114,1,2012,851.21
114,1,2013,886.71
114,1,2014,907.63
114,1,2015,933.34
114,1,2016,968.01
114,1,2017,989.9
114,1,2018,1017.16
114,1,2019,1056.22
114,1,2020,1085.93
114,1,2021,1163.11
114,1,2022,1245.47
114,1,2023,1315.57
115,1,1980,187.1
115,1,1981,187.87
115,1,1982,197.1
115,1,1983,225.7
115,1,1984,249.92
115,1,1985,275.54
115,1,1986,306.14
115,1,1987,295.96
115,1,1988,305.59
115,1,1989,273.62
115,1,1990,266.87
115,1,1991,286.71
115,1,1992,287.69
115,1,1993,292.27
115,1,1994,305.08
115,1,1995,349.03
115,1,1996,460.4
115,1,1997,518.79
115,1,1998,552.05
115,1,1999,576.4
115,1,2000,623.39
115,1,2001,628.76
115,1,2002,651.81
115,1,2003,637.6
115,1,2004,636.75
115,1,2005,602.93
115,1,2006,624.11
115,1,2007,639.32
115,1,2008,668.12
115,1,2009,622.57
115,1,2010,667.42
115,1,2011,668.84
115,1,2012,704.45
115,1,2013,720.17
115,1,2014,732.46
115,1,2015,747.35
115,1,2016,770.79
115,1,2017,783.79
115,1,2018,801.07
115,1,2019,811.94
115,1,2020,837.81
115,1,2021,887.86
115,1,2022,876.45
115,1,2023,875.95
116,1,1980,13.01
116,1,1981,13.31
116,1,1982,14.26
116,1,1983,15.31
116,1,1984,16.29
116,1,1985,17.27
116,1,1986,18.21
116,1,1987,21.66
116,1,1988,21.74
116,1,1989,21.85
116,1,1990,23.68
116,1,1991,24.37
116,1,1992,26.62
116,1,1993,28.69
116,1,1994,29.69
116,1,1995,30.54
116,1,1996,32.29
116,1,1997,34.33
116,1,1998,34.51
116,1,1999,35.37
116,1,2000,37.64
116,1,2001,40.7
116,1,2002,42.85
116,1,2003,42.81
116,1,2004,43.88
116,1,2005,42.45
116,1,2006,43.47
116,1,2007,43.68
116,1,2008,43.84
116,1,2009,42.59
116,1,2010,44.62
116,1,2011,43.81
116,1,2012,47.58
116,1,2013,46.75
116,1,2014,50.25
116,1,2015,49.04
116,1,2016,47.68
116,1,2017,47.71
116,1,2018,49.35
116,1,2019,51.14
116,1,2020,53.59
116,1,2021,56.43
116,1,2022,57.9
116,1,2023,62.55
117,1,1980,9.44
117,1,1981,9.9
117,1,1982,10.39
117,1,1983,11.24
117,1,1984,11.93
117,1,1985,11.28
117,1,1986,12.61
117,1,1987,13.44
117,1,1988,14.43
117,1,1989,15.48
117,1,1990,16.26
117,1,1991,16.96
117,1,1992,18.26
117,1,1993,20.66
117,1,1994,21.9
117,1,1995,22.47
117,1,1996,25.41
117,1,1997,25.63
117,1,1998,26.11
117,1,1999,28.97
117,1,2000,29.51
117,1,2001,30.87
117,1,2002,31.2
117,1,2003,31.41
117,1,2004,30.04
117,1,2005,29.09
117,1,2006,29.64
117,1,2007,30.17
117,1,2008,31.18
117,1,2009,34.07
117,1,2010,36.6
117,1,2011,40.08
117,1,2012,37.96
117,1,2013,39.03
117,1,2014,39.75
117,1,2015,42.72
117,1,2016,40.1
117,1,2017,41.85
117,1,2018,44.16
117,1,2019,46.11
117,1,2020,48.26
117,1,2021,44.56
117,1,2022,47.4
117,1,2023,52.32
118,1,1980,22.88
118,1,1981,23.74
118,1,1982,24.38
118,1,1983,24.97
118,1,1984,25.4
118,1,1985,26.45
118,1,1986,28.62
118,1,1987,29.62
118,1,1988,30.45
118,1,1989,30.5
118,1,1990,31.14
118,1,1991,32.25
118,1,1992,32.62
118,1,1993,32.13
118,1,1994,34.19
118,1,1995,38.68
118,1,1996,41.22
118,1,1997,42.22
118,1,1998,42.76
118,1,1999,44.04
118,1,2000,45.25
118,1,2001,48.5
118,1,2002,51.54
118,1,2003,52.48
118,1,2004,54.17
118,1,2005,56.17
118,1,2006,58.25
118,1,2007,60.64
118,1,2008,63.25
118,1,2009,66
118,1,2010,68.44
118,1,2011,71.68
118,1,2012,74.18
118,1,2013,74.98
118,1,2014,77.83
118,1,2015,81.39
118,1,2016,83.81
118,1,2017,85.78
118,1,2018,87.57
118,1,2019,90.41
118,1,2020,93
118,1,2021,101.85
118,1,2022,92.81
118,1,2023,97.29
119,1,1980,93.34
119,1,1981,100.61
119,1,1982,100.3
119,1,1983,109.2
119,1,1984,127
119,1,1985,129.23
119,1,1986,145.02
119,1,1987,156.15
119,1,1988,161.99
119,1,1989,174.06
119,1,1990,181.73
119,1,1991,186.09
119,1,1992,199.22
119,1,1993,211.59
119,1,1994,239.58
119,1,1995,262.18
119,1,1996,262.69
119,1,1997,268.69
119,1,1998,256.04
119,1,1999,271.91
119,1,2000,268.86
119,1,2001,276.7
119,1,2002,298.41
119,1,2003,292.79
119,1,2004,286.43
119,1,2005,297.59
119,1,2006,296.26
119,1,2007,317.65
119,1,2008,300.99
119,1,2009,308.65
119,1,2010,313.9
119,1,2011,314.19
119,1,2012,334.53
119,1,2013,339.33
119,1,2014,348.45
119,1,2015,361.54
119,1,2016,376.73
119,1,2017,390.81
119,1,2018,405.68
119,1,2019,426.48
119,1,2020,458.59
119,1,2021,525.39
119,1,2022,528.55
119,1,2023,525.65
121,1,1980,156.89
121,1,1981,161.87
121,1,1982,167.53
121,1,1983,171.69
121,1,1984,179.66
121,1,1985,187.13
121,1,1986,196.27
121,1,1987,205.97
121,1,1988,215.43
121,1,1989,228.48
121,1,1990,240.78
121,1,1991,255.53
121,1,1992,271.34
121,1,1993,287.84
121,1,1994,306.43
121,1,1995,326.24
121,1,1996,349.14
121,1,1997,369.77
121,1,1998,394.23
121,1,1999,422.84
121,1,2000,453.29
121,1,2001,486.65
121,1,2002,521.14
121,1,2003,556.63
121,1,2004,594.24
121,1,2005,630.59
121,1,2006,666.47
121,1,2007,700.51
121,1,2008,737.31
121,1,2009,772.58
121,1,2010,808.29
121,1,2011,849.47
121,1,2012,883.85
121,1,2013,926.11
121,1,2014,961.92
121,1,2015,1004.45
121,1,2016,1051.95
121,1,2017,1100.28
121,1,2018,1157.79
121,1,2019,1214.08
121,1,2020,1769.69
121,1,2021,1594.93
121,1,2022,1372.15
121,1,2023,1409.23
122,1,1980,266.29
122,1,1981,312.6
122,1,1982,352.19
122,1,1983,327.63
122,1,1984,378.77
122,1,1985,398.32
122,1,1986,396.85
122,1,1987,411.69
122,1,1988,454.17
122,1,1989,466.43
122,1,1990,498.2
122,1,1991,562.53
122,1,1992,617.88
122,1,1993,630.94
122,1,1994,634.86
122,1,1995,639.9
122,1,1996,719.85
122,1,1997,793.56
122,1,1998,902.3
122,1,1999,950.77
122,1,2000,1030.57
122,1,2001,1018.21
122,1,2002,1024.65
122,1,2003,1083.85
122,1,2004,1177.36
122,1,2005,1216.29
122,1,2006,1287.5
122,1,2007,1311.07
122,1,2008,1338.67
122,1,2009,1372.71
122,1,2010,1380.13
122,1,2011,1388.68
122,1,2012,1368.07
122,1,2013,1315.34
122,1,2014,1282.36
122,1,2015,1268.2
122,1,2016,1252.75
122,1,2017,1255.05
122,1,2018,1296.24
122,1,2019,1443.98
122,1,2020,1490.93
122,1,2021,1561.83
122,1,2022,1592.55
122,1,2023,1692.5
123,1,1980,519.67
123,1,1981,524.19
123,1,1982,550.67
123,1,1983,601.89
123,1,1984,660.49
123,1,1985,687.86
123,1,1986,713.4
123,1,1987,688.18
123,1,1988,685.96
123,1,1989,705.78
123,1,1990,640.76
123,1,1991,694.21
123,1,1992,798.06
123,1,1993,869.86
123,1,1994,954.63
123,1,1995,1079.88
123,1,1996,1188.73
123,1,1997,1240.47
123,1,1998,1318.94
123,1,1999,1368.33
123,1,2000,1386.15
123,1,2001,1417.24
123,1,2002,1480.29
123,1,2003,1615.18
123,1,2004,1721.72
123,1,2005,1738.95
123,1,2006,1716.82
123,1,2007,1845.72
123,1,2008,1956.84
123,1,2009,2018.22
123,1,2010,2119.76
123,1,2011,2123.64
123,1,2012,2185.34
123,1,2013,2215.12
123,1,2014,2208.92
123,1,2015,2183.22
123,1,2016,2246.39
123,1,2017,2609.67
123,1,2018,2735.71
123,1,2019,2929.62
123,1,2020,3298.38
123,1,2021,3752.44
123,1,2022,3655.85
123,1,2023,3744.44
125,1,1980,815.63
125,1,1981,876.66
125,1,1982,937.57
125,1,1983,1009.64
125,1,1984,1089.12
125,1,1985,1150.61
125,1,1986,1192.59
125,1,1987,1245.59
125,1,1988,1256.87
125,1,1989,1289.48
125,1,1990,1392.05
125,1,1991,1473.84
125,1,1992,1543.71
125,1,1993,1689.26
125,1,1994,1776.67
125,1,1995,1873.49
125,1,1996,1996.1
125,1,1997,2015.29
125,1,1998,2074.63
125,1,1999,2202.9
125,1,2000,2338.1
125,1,2001,2399.46
125,1,2002,2492.99
125,1,2003,2602.94
125,1,2004,2646.45
125,1,2005,2701.32
125,1,2006,2691.47
125,1,2007,2808.61
125,1,2008,2870.59
125,1,2009,2885.9
125,1,2010,2938.62
125,1,2011,2949.31
125,1,2012,3069.57
125,1,2013,3175.85
125,1,2014,3361.13
125,1,2015,3451.78
125,1,2016,3493.15
125,1,2017,3634.01
125,1,2018,3759.85
125,1,2019,3877.03
125,1,2020,4028.31
125,1,2021,3973.74
125,1,2022,4037.61
125,1,2023,4101.92
126,1,1980,94.58
126,1,1981,100.08
126,1,1982,107.92
126,1,1983,116.11
126,1,1984,126.02
126,1,1985,126.06
126,1,1986,135.07
126,1,1987,147.41
126,1,1988,151.51
126,1,1989,162.66
126,1,1990,165.86
126,1,1991,176.64
126,1,1992,187.79
126,1,1993,201.29
126,1,1994,218.23
126,1,1995,248.53
126,1,1996,257.27
126,1,1997,254.25
126,1,1998,281.21
126,1,1999,297.92
126,1,2000,323.5
126,1,2001,335.5
126,1,2002,335.82
126,1,2003,341.64
126,1,2004,352.03
126,1,2005,353.36
126,1,2006,356.9
126,1,2007,386.53
126,1,2008,403.98
126,1,2009,434.54
126,1,2010,453.27
126,1,2011,470.17
126,1,2012,466.25
126,1,2013,483.9
126,1,2014,487.31
126,1,2015,488.04
126,1,2016,489.94
126,1,2017,478.83
126,1,2018,501
126,1,2019,515.21
126,1,2020,534.98
126,1,2021,557.01
126,1,2022,618.24
126,1,2023,699.71
127,1,1980,132.16
127,1,1981,125.44
127,1,1982,139.19
127,1,1983,147.09
127,1,1984,157.07
127,1,1985,163.61
127,1,1986,172.7
127,1,1987,179.08
127,1,1988,188.83
127,1,1989,203.02
127,1,1990,215.47
127,1,1991,231.71
127,1,1992,243.13
127,1,1993,252.53
127,1,1994,263.28
127,1,1995,275.05
127,1,1996,297.15
127,1,1997,317.61
127,1,1998,330.88
127,1,1999,352.37
127,1,2000,364.32
127,1,2001,382.78
127,1,2002,400.78
127,1,2003,409.11
127,1,2004,415.13
127,1,2005,421.91
127,1,2006,433.36
127,1,2007,451.46
127,1,2008,468.9
127,1,2009,477.83
127,1,2010,488.55
127,1,2011,487.2
127,1,2012,546.23
127,1,2013,564.7
127,1,2014,583.59
127,1,2015,589.13
127,1,2016,584.97
127,1,2017,603.71
127,1,2018,623.49
127,1,2019,660.41
127,1,2020,705.2
127,1,2021,757.15
127,1,2022,731.52
127,1,2023,731.91
128,1,1980,136.76
128,1,1981,150.06
128,1,1982,147.75
128,1,1983,142.26
128,1,1984,147.46
128,1,1985,145.13
128,1,1986,141.01
128,1,1987,157.15
128,1,1988,162.31
128,1,1989,168.27
128,1,1990,172.22
128,1,1991,190.06
128,1,1992,203.6
128,1,1993,236.98
128,1,1994,283.57
128,1,1995,323.57
128,1,1996,321.46
128,1,1997,329.05
128,1,1998,380.38
128,1,1999,445.43
128,1,2000,507.74
128,1,2001,551.4
128,1,2002,577.06
128,1,2003,614.02
128,1,2004,672.66
128,1,2005,719.86
128,1,2006,722.99
128,1,2007,772.7
128,1,2008,773.42
128,1,2009,802.93
128,1,2010,799.74
128,1,2011,824.3
128,1,2012,825.67
128,1,2013,869.66
128,1,2014,915.53
128,1,2015,920.92
128,1,2016,918.75
128,1,2017,930.63
128,1,2018,946.62
128,1,2019,992.92
128,1,2020,1020.66
128,1,2021,1085.7
128,1,2022,1115.7
128,1,2023,1076.97
129,1,1980,58.1
129,1,1981,56.83
129,1,1982,56.61
129,1,1983,60.86
129,1,1984,62.95
129,1,1985,63.69
129,1,1986,68.06
129,1,1987,71.78
129,1,1988,73.52
129,1,1989,78.66
129,1,1990,83.04
129,1,1991,89.45
129,1,1992,95.5
129,1,1993,101.51
129,1,1994,107.08
129,1,1995,111.77
129,1,1996,116.77
129,1,1997,123.41
129,1,1998,128.24
129,1,1999,133.44
129,1,2000,139.95
129,1,2001,146.86
129,1,2002,153.52
129,1,2003,160.48
129,1,2004,168.6
129,1,2005,175.35
129,1,2006,182.19
129,1,2007,189.67
129,1,2008,197.11
129,1,2009,203.48
129,1,2010,211.08
129,1,2011,215.72
129,1,2012,240.7
129,1,2013,250.6
129,1,2014,263.59
129,1,2015,277.76
129,1,2016,286.04
129,1,2017,299.22
129,1,2018,316.61
129,1,2019,337.49
129,1,2020,353.02
129,1,2021,384.5
129,1,2022,398.57
129,1,2023,426.02
130,1,1980,1957.98
130,1,1981,2057.81
130,1,1982,2141.88
130,1,1983,2287.5
130,1,1984,2441.09
130,1,1985,2574.88
130,1,1986,2615.34
130,1,1987,2743.22
130,1,1988,2860.03
130,1,1989,3013.58
130,1,1990,3145.69
130,1,1991,3271.07
130,1,1992,3326.34
130,1,1993,3548.97
130,1,1994,3809.24
130,1,1995,4019.88
130,1,1996,4208.66
130,1,1997,4336.2
130,1,1998,4461.01
130,1,1999,4637.49
130,1,2000,4758.57
130,1,2001,4957.86
130,1,2002,5238.74
130,1,2003,5507.24
130,1,2004,5609.02
130,1,2005,5767.6
130,1,2006,5785.55
130,1,2007,5984.05
130,1,2008,6207.82
130,1,2009,6180.17
130,1,2010,6666.84
130,1,2011,6802.55
130,1,2012,7020.94
130,1,2013,7094.78
130,1,2014,7351.99
130,1,2015,7610.73
130,1,2016,7930.77
130,1,2017,8022.01
130,1,2018,8136.16
130,1,2019,8424.56
130,1,2020,8799.39
130,1,2021,9028.68
130,1,2022,8839.87
130,1,2023,8903.55
131,1,1980,62.22
131,1,1981,64.86
131,1,1982,67.09
131,1,1983,69.59
131,1,1984,72.27
131,1,1985,74.8
131,1,1986,76.93
131,1,1987,76.76
131,1,1988,82.16
131,1,1989,88.72
131,1,1990,92.29
131,1,1991,95.71
131,1,1992,105.47
131,1,1993,115.3
131,1,1994,125.06
131,1,1995,132.57
131,1,1996,138.3
131,1,1997,145.48
131,1,1998,159.12
131,1,1999,154.5
131,1,2000,161.88
131,1,2001,166.58
131,1,2002,174.4
131,1,2003,182.79
131,1,2004,192.77
131,1,2005,200.98
131,1,2006,211.33
131,1,2007,219.96
131,1,2008,229.42
131,1,2009,240.03
131,1,2010,249.39
131,1,2011,255.23
131,1,2012,265.27
131,1,2013,273.36
131,1,2014,286.07
131,1,2015,296.11
131,1,2016,298.33
131,1,2017,308.98
131,1,2018,326.28
131,1,2019,360.93
131,1,2020,382.82
131,1,2021,382.94
131,1,2022,336.05
131,1,2023,306.54
132,1,1980,76.51
132,1,1981,90.48
132,1,1982,94.19
132,1,1983,98.03
132,1,1984,115.37
132,1,1985,109.59
132,1,1986,119.45
132,1,1987,122.43
132,1,1988,123.89
132,1,1989,130.26
132,1,1990,140.78
132,1,1991,143.85
132,1,1992,152.59
132,1,1993,166.83
132,1,1994,192.28
132,1,1995,209.56
132,1,1996,211.62
132,1,1997,218.27
132,1,1998,238.8
132,1,1999,259.04
132,1,2000,278.86
132,1,2001,278.31
132,1,2002,275.45
132,1,2003,296.95
132,1,2004,302.49
132,1,2005,316.35
132,1,2006,327.94
132,1,2007,346.64
132,1,2008,342.22
132,1,2009,344.61
132,1,2010,368.66
132,1,2011,373.77
132,1,2012,406.91
132,1,2013,412
132,1,2014,400.49
132,1,2015,412
132,1,2016,406.96
132,1,2017,410.8
132,1,2018,415.16
132,1,2019,424.63
132,1,2020,440.63
132,1,2021,418.32
132,1,2022,445.84
132,1,2023,476.4
133,1,1980,426.87
133,1,1981,456.17
133,1,1982,499.47
133,1,1983,559.87
133,1,1984,578.66
133,1,1985,591.29
133,1,1986,600.9
133,1,1987,672.12
133,1,1988,722.62
133,1,1989,769.1
133,1,1990,876.01
133,1,1991,959.84
133,1,1992,1046.1
133,1,1993,1099.74
133,1,1994,1228.42
133,1,1995,1305.12
133,1,1996,1373.78
133,1,1997,1404.92
133,1,1998,1435.62
133,1,1999,1542.91
133,1,2000,1579.93
133,1,2001,1691.11
133,1,2002,1791.2
133,1,2003,1867.16
133,1,2004,1942.29
133,1,2005,2003.45
133,1,2006,2077.38
133,1,2007,2166.26
133,1,2008,2315.6
133,1,2009,2376.88
133,1,2010,2537.81
133,1,2011,2660.57
133,1,2012,2691.44
133,1,2013,2773.2
133,1,2014,2920.41
133,1,2015,3087.38
133,1,2016,3250.98
133,1,2017,3393.32
133,1,2018,3666.05
133,1,2019,4035.7
133,1,2020,4252.43
133,1,2021,4411.85
133,1,2022,4394.5
133,1,2023,4551.39
135,1,1980,4165.91
135,1,1981,4062.07
135,1,1982,4204.52
135,1,1983,4598.35
135,1,1984,4963.78
135,1,1985,5142.5
135,1,1986,5249.43
135,1,1987,5498.69
135,1,1988,5899.3
135,1,1989,6145.35
135,1,1990,6481.92
135,1,1991,6694.27
135,1,1992,7136.82
135,1,1993,7751.07
135,1,1994,8243.56
135,1,1995,8612.51
135,1,1996,9202.26
135,1,1997,9772.32
135,1,1998,10446.59
135,1,1999,10856.26
135,1,2000,11254.45
135,1,2001,11846.15
135,1,2002,12376.96
135,1,2003,13040.88
135,1,2004,13658.89
135,1,2005,13945.69
135,1,2006,14616.76
135,1,2007,15159.98
135,1,2008,15753.89
135,1,2009,16144.15
135,1,2010,16775.34
135,1,2011,17249.59
135,1,2012,17480.94
135,1,2013,17999.03
135,1,2014,18195.23
135,1,2015,18811
135,1,2016,19372.87
135,1,2017,19648.51
135,1,2018,19813.86
135,1,2019,20465.94
135,1,2020,20602.77
135,1,2021,20835.96
135,1,2022,21887.25
135,1,2023,22024.87
136,1,1980,91.84
136,1,1981,94.92
136,1,1982,99.07
136,1,1983,101.1
136,1,1984,104.49
136,1,1985,108.72
136,1,1986,111.87
136,1,1987,116.39
136,1,1988,125.12
136,1,1989,134.33
136,1,1990,142.85
136,1,1991,155.05
136,1,1992,167.19
136,1,1993,181.75
136,1,1994,199.06
136,1,1995,217.23
136,1,1996,236.56
136,1,1997,257.93
136,1,1998,278.76
136,1,1999,294.87
136,1,2000,311.41
136,1,2001,327.51
136,1,2002,344.37
136,1,2003,356.89
136,1,2004,372.94
136,1,2005,384.54
136,1,2006,392.68
136,1,2007,404.18
136,1,2008,412.55
136,1,2009,421.04
136,1,2010,433.58
136,1,2011,442.03
136,1,2012,452.78
136,1,2013,461.05
136,1,2014,477.72
136,1,2015,495.41
136,1,2016,513.94
136,1,2017,533.67
136,1,2018,547.24
136,1,2019,563.45
136,1,2020,581.2
136,1,2021,603.95
136,1,2022,570.33
136,1,2023,584.62
139,1,1980,53.08
139,1,1981,56.27
139,1,1982,59.95
139,1,1983,65.09
139,1,1984,68.87
139,1,1985,75.07
139,1,1986,80.1
139,1,1987,84.47
139,1,1988,90.86
139,1,1989,97.94
139,1,1990,104.02
139,1,1991,111.25
139,1,1992,116.33
139,1,1993,121.62
139,1,1994,126.98
139,1,1995,131.53
139,1,1996,135.48
139,1,1997,139.56
139,1,1998,144.37
139,1,1999,148.61
139,1,2000,152.82
139,1,2001,157.51
139,1,2002,163.68
139,1,2003,172.28
139,1,2004,182.84
139,1,2005,191.87
139,1,2006,200.24
139,1,2007,210.35
139,1,2008,220.46
139,1,2009,231.87
139,1,2010,243.93
139,1,2011,258.05
139,1,2012,272.98
139,1,2013,289.17
139,1,2014,303.92
139,1,2015,321.6
139,1,2016,343.35
139,1,2017,368.05
139,1,2018,389.66
139,1,2019,411.81
139,1,2020,418.26
139,1,2021,435.66
139,1,2022,462.08
139,1,2023,485.92
140,1,1980,4.15
140,1,1981,4.46
140,1,1982,4.8
140,1,1983,5.21
140,1,1984,5.67
140,1,1985,6.22
140,1,1986,6.72
140,1,1987,7.18
140,1,1988,7.67
140,1,1989,8.18
140,1,1990,8.63
140,1,1991,8.9
140,1,1992,9.36
140,1,1993,9.84
140,1,1994,10.27
140,1,1995,10.92
140,1,1996,11.68
140,1,1997,12.35
140,1,1998,12.94
140,1,1999,13.46
140,1,2000,14.32
140,1,2001,14.57
140,1,2002,15.07
140,1,2003,15.58
140,1,2004,16.11
140,1,2005,16.8
140,1,2006,17.7
140,1,2007,18.52
140,1,2008,19.27
140,1,2009,20.09
140,1,2010,20.83
140,1,2011,21.22
140,1,2012,21.81
140,1,2013,22.94
140,1,2014,24.86
140,1,2015,25.56
140,1,2016,26.92
140,1,2017,28.21
140,1,2018,29.18
140,1,2019,31.31
140,1,2020,33.41
140,1,2021,36.65
140,1,2022,40.14
140,1,2023,45.41
141,1,1980,267.29
141,1,1981,290.14
141,1,1982,310.19
141,1,1983,320.91
141,1,1984,336.21
141,1,1985,365.15
141,1,1986,399.64
141,1,1987,412.24
141,1,1988,412.45
141,1,1989,420.31
141,1,1990,426.88
141,1,1991,438.72
141,1,1992,456.28
141,1,1993,490.45
141,1,1994,510.81
141,1,1995,520.44
141,1,1996,521.04
141,1,1997,538.72
141,1,1998,571.27
141,1,1999,608.15
141,1,2000,655.67
141,1,2001,714.43
141,1,2002,782.52
141,1,2003,875.03
141,1,2004,928.82
141,1,2005,962.38
141,1,2006,998.02
141,1,2007,1027.2
141,1,2008,1054.22
141,1,2009,1079.92
141,1,2010,1102.06
141,1,2011,1176.96
141,1,2012,1243.32
141,1,2013,1207.53
141,1,2014,1279.15
141,1,2015,1391.04
141,1,2016,1453.82
141,1,2017,1495.69
141,1,2018,1541.29
141,1,2019,1569.23
141,1,2020,1687.11
141,1,2021,1856.57
141,1,2022,2267.29
141,1,2023,2358.96
142,1,1980,866.04
142,1,1981,895.9
142,1,1982,921.13
142,1,1983,948.55
142,1,1984,987.63
142,1,1985,1028.54
142,1,1986,1073.47
142,1,1987,1126.05
142,1,1988,1183.32
142,1,1989,1246.02
142,1,1990,1303.7
142,1,1991,1348.18
142,1,1992,1412.49
142,1,1993,1473.56
142,1,1994,1533.28
142,1,1995,1588.58
142,1,1996,1642.64
142,1,1997,1697.18
142,1,1998,1763.41
142,1,1999,1838.05
142,1,2000,1921.3
142,1,2001,2008.13
142,1,2002,2094.95
142,1,2003,2259.03
142,1,2004,2282.17
142,1,2005,2375.68
142,1,2006,2473.53
142,1,2007,2590.32
142,1,2008,2719.4
142,1,2009,2857.63
142,1,2010,2998.5
142,1,2011,3130.9
142,1,2012,3145.52
142,1,2013,3314.75
142,1,2014,3381.08
142,1,2015,3529.64
142,1,2016,3739.74
142,1,2017,3920.21
142,1,2018,4003.29
142,1,2019,4192.79
142,1,2020,4066.23
142,1,2021,3779.04
142,1,2022,3800.02
142,1,2023,3935.31
143,1,1980,159.91
143,1,1981,162.55
143,1,1982,166.48
143,1,1983,169.83
143,1,1984,173.83
143,1,1985,183.86
143,1,1986,195.73
143,1,1987,204.42
143,1,1988,212.52
143,1,1989,219.89
143,1,1990,229.32
143,1,1991,237.27
143,1,1992,246.7
143,1,1993,255.36
143,1,1994,262.97
143,1,1995,268.49
143,1,1996,274.67
143,1,1997,280.5
143,1,1998,288.63
143,1,1999,296.89
143,1,2000,305.06
143,1,2001,314.59
143,1,2002,324.47
143,1,2003,336.04
143,1,2004,349.76
143,1,2005,365.11
143,1,2006,379.05
143,1,2007,394.43
143,1,2008,415.79
143,1,2009,434.22
143,1,2010,465.76
143,1,2011,500.66
143,1,2012,534.07
143,1,2013,565.44
143,1,2014,605.58
143,1,2015,624.73
143,1,2016,653.07
143,1,2017,684.71
143,1,2018,722.21
143,1,2019,776.59
143,1,2020,844.49
143,1,2021,866.91
143,1,2022,947.15
143,1,2023,1008.98
144,1,1980,40.3
144,1,1981,42.22
144,1,1982,44.52
144,1,1983,47.9
144,1,1984,51.54
144,1,1985,55.3
144,1,1986,58.97
144,1,1987,62.97
144,1,1988,67.86
144,1,1989,71.94
144,1,1990,76.55
144,1,1991,80.06
144,1,1992,83.53
144,1,1993,86.21
144,1,1994,88.85
144,1,1995,91.08
144,1,1996,93.39
144,1,1997,95.95
144,1,1998,99.04
144,1,1999,103.14
144,1,2000,107.1
144,1,2001,111.24
144,1,2002,116.02
144,1,2003,121.18
144,1,2004,126.24
144,1,2005,133.29
144,1,2006,141.06
144,1,2007,150.75
144,1,2008,161.01
144,1,2009,172.28
144,1,2010,183.91
144,1,2011,197.92
144,1,2012,211.99
144,1,2013,224.22
144,1,2014,242.83
144,1,2015,261.05
144,1,2016,283.02
144,1,2017,304.63
144,1,2018,329.63
144,1,2019,352.44
144,1,2020,386.17
144,1,2021,423.62
144,1,2022,435.62
144,1,2023,471.41
145,1,1980,11.02
145,1,1981,11.99
145,1,1982,14.19
145,1,1983,15.76
145,1,1984,16.74
145,1,1985,15.17
145,1,1986,14.8
145,1,1987,13.79
145,1,1988,14.21
145,1,1989,15.58
145,1,1990,15.92
145,1,1991,14.66
145,1,1992,12.61
145,1,1993,12.54
145,1,1994,13.44
145,1,1995,15.63
145,1,1996,17.58
145,1,1997,19.36
145,1,1998,17.64
145,1,1999,17.79
145,1,2000,22.27
145,1,2001,19.78
145,1,2002,19.47
145,1,2003,20.54
145,1,2004,21.7
145,1,2005,22.66
145,1,2006,27.11
145,1,2007,28.12
145,1,2008,29.52
145,1,2009,33.11
145,1,2010,34.8
145,1,2011,37.34
145,1,2012,38.66
145,1,2013,40.7
145,1,2014,43.08
145,1,2015,42.76
145,1,2016,46.17
145,1,2017,50.35
145,1,2018,52.63
145,1,2019,52.03
145,1,2020,47.92
145,1,2021,51.42
145,1,2022,59.02
145,1,2023,60.36
146,1,1980,39.86
146,1,1981,40.75
146,1,1982,41.84
146,1,1983,43.06
146,1,1984,44.3
146,1,1985,45.47
146,1,1986,46.59
146,1,1987,47.71
146,1,1988,48.92
146,1,1989,50.28
146,1,1990,53.2
146,1,1991,57.31
146,1,1992,60.02
146,1,1993,62.58
146,1,1994,65.48
146,1,1995,69.2
146,1,1996,72.35
146,1,1997,75.67
146,1,1998,79.52
146,1,1999,84.93
146,1,2000,91.12
146,1,2001,96.87
146,1,2002,101.83
146,1,2003,109.19
146,1,2004,117.71
146,1,2005,130.04
146,1,2006,144.18
146,1,2007,157.71
146,1,2008,169.04
146,1,2009,178.25
146,1,2010,186.34
146,1,2011,209.93
146,1,2012,238.67
146,1,2013,269.84
146,1,2014,295.15
146,1,2015,293.71
146,1,2016,264.07
146,1,2017,252.45
146,1,2018,276
146,1,2019,357.84
146,1,2020,460.57
146,1,2021,292.27
146,1,2022,329.7
146,1,2023,348.27
147,1,1980,55.93
147,1,1981,58.43
147,1,1982,61.02
147,1,1983,64.16
147,1,1984,66.49
147,1,1985,68.15
147,1,1986,69.57
147,1,1987,71.28
147,1,1988,73.68
147,1,1989,76.85
147,1,1990,79.92
147,1,1991,82.69
147,1,1992,86.15
147,1,1993,88.79
147,1,1994,91.53
147,1,1995,94.03
147,1,1996,96.63
147,1,1997,98.31
147,1,1998,102.38
147,1,1999,108.63
147,1,2000,112
147,1,2001,113.51
147,1,2002,115.29
147,1,2003,120.24
147,1,2004,126.32
147,1,2005,132.33
147,1,2006,139.69
147,1,2007,143.63
147,1,2008,145.04
147,1,2009,148.21
147,1,2010,150.81
147,1,2011,159.51
147,1,2012,167.31
147,1,2013,166.61
147,1,2014,170.61
147,1,2015,173.71
147,1,2016,175.03
147,1,2017,183.11
147,1,2018,189.35
147,1,2019,201.05
147,1,2020,219.38
147,1,2021,234.43
147,1,2022,226.18
147,1,2023,233.14
148,1,1980,185.4
148,1,1981,193.72
148,1,1982,202.71
148,1,1983,210.76
148,1,1984,218.69
148,1,1985,226.27
148,1,1986,234.87
148,1,1987,241.46
148,1,1988,248.84
148,1,1989,256
148,1,1990,264.58
148,1,1991,272.26
148,1,1992,279.56
148,1,1993,285.33
148,1,1994,292.93
148,1,1995,299.89
148,1,1996,306.48
148,1,1997,310.76
148,1,1998,316.82
148,1,1999,323.38
148,1,2000,330.73
148,1,2001,339.03
148,1,2002,349.7
148,1,2003,359.49
148,1,2004,369.49
148,1,2005,381.84
148,1,2006,394.18
148,1,2007,408.09
148,1,2008,424.21
148,1,2009,441.86
148,1,2010,458.38
148,1,2011,480.26
148,1,2012,505.11
148,1,2013,535.85
148,1,2014,563.15
148,1,2015,591.13
148,1,2016,627.09
148,1,2017,655.22
148,1,2018,699.74
148,1,2019,747.55
148,1,2020,785.28
148,1,2021,845.46
148,1,2022,933.49
148,1,2023,981.53
149,1,1980,39.37
149,1,1981,39.77
149,1,1982,39.8
149,1,1983,39.98
149,1,1984,40.63
149,1,1985,41.24
149,1,1986,41.8
149,1,1987,42.31
149,1,1988,42.74
149,1,1989,43.46
149,1,1990,44.11
149,1,1991,45.07
149,1,1992,46.33
149,1,1993,47.33
149,1,1994,48.52
149,1,1995,49.65
149,1,1996,50.83
149,1,1997,52.37
149,1,1998,54.02
149,1,1999,55.93
149,1,2000,57.88
149,1,2001,59.7
149,1,2002,61.55
149,1,2003,63.37
149,1,2004,65.22
149,1,2005,67.36
149,1,2006,69.36
149,1,2007,71.54
149,1,2008,74.7
149,1,2009,78.05
149,1,2010,81.32
149,1,2011,84.93
149,1,2012,87.63
149,1,2013,89.68
149,1,2014,92.44
149,1,2015,96.74
149,1,2016,101.66
149,1,2017,106.08
149,1,2018,109.79
149,1,2019,113.08
149,1,2020,114.39
149,1,2021,120.52
149,1,2022,125.94
149,1,2023,138.47
150,1,1980,13.16
150,1,1981,13.75
150,1,1982,14.39
150,1,1983,15.1
150,1,1984,15.9
150,1,1985,16.84
150,1,1986,17.78
150,1,1987,18.78
150,1,1988,19.93
150,1,1989,21.3
150,1,1990,22.62
150,1,1991,23.23
150,1,1992,24.21
150,1,1993,25.06
150,1,1994,25.71
150,1,1995,26.09
150,1,1996,26.36
150,1,1997,26.69
150,1,1998,27.36
150,1,1999,27.97
150,1,2000,28.88
150,1,2001,29.89
150,1,2002,30.97
150,1,2003,31.68
150,1,2004,33.13
150,1,2005,34.22
150,1,2006,35.72
150,1,2007,36.64
150,1,2008,38.13
150,1,2009,39.26
150,1,2010,41.3
150,1,2011,42.66
150,1,2012,44.45
150,1,2013,45.6
150,1,2014,47.55
150,1,2015,48.8
150,1,2016,50.43
150,1,2017,52.41
150,1,2018,53.6
150,1,2019,54.62
150,1,2020,64.14
150,1,2021,68.74
150,1,2022,61.64
150,1,2023,62.66
151,1,1980,3.36
151,1,1981,3.51
151,1,1982,3.63
151,1,1983,3.71
151,1,1984,3.88
151,1,1985,3.89
151,1,1986,3.85
151,1,1987,3.89
151,1,1988,4.01
151,1,1989,4.16
151,1,1990,4.32
151,1,1991,4.49
151,1,1992,4.76
151,1,1993,5.07
151,1,1994,5.55
151,1,1995,5.95
151,1,1996,5.91
151,1,1997,5.84
151,1,1998,6.03
151,1,1999,6.22
151,1,2000,6.41
151,1,2001,6.73
151,1,2002,7.08
151,1,2003,7.37
151,1,2004,7.58
151,1,2005,7.66
151,1,2006,7.93
151,1,2007,8.26
151,1,2008,8.68
151,1,2009,9.16
151,1,2010,9.72
151,1,2011,10.57
151,1,2012,11.59
151,1,2013,12.9
151,1,2014,14.75
151,1,2015,15.45
151,1,2016,16.78
151,1,2017,17.76
151,1,2018,18.6
151,1,2019,20.32
151,1,2020,20.65
151,1,2021,20.48
151,1,2022,20.56
151,1,2023,21.49
152,1,1980,205.88
152,1,1981,214.85
152,1,1982,218.54
152,1,1983,221.39
152,1,1984,225.34
152,1,1985,229.38
152,1,1986,234.68
152,1,1987,240.3
152,1,1988,245.59
152,1,1989,253.53
152,1,1990,262.35
152,1,1991,268.19
152,1,1992,273.35
152,1,1993,280.35
152,1,1994,285.93
152,1,1995,288.5
152,1,1996,292.02
152,1,1997,294
152,1,1998,300.7
152,1,1999,308.74
152,1,2000,321.32
152,1,2001,332.54
152,1,2002,345.66
152,1,2003,357.99
152,1,2004,372.36
152,1,2005,385.71
152,1,2006,403.74
152,1,2007,420.31
152,1,2008,439.63
152,1,2009,457.99
152,1,2010,475.61
152,1,2011,479.06
152,1,2012,477.29
152,1,2013,475.6
152,1,2014,487.04
152,1,2015,472.26
152,1,2016,476.32
152,1,2017,479.79
152,1,2018,482.83
152,1,2019,499.3
152,1,2020,540.01
152,1,2021,514.34
152,1,2022,512.04
152,1,2023,520.42
153,1,1980,98.47
153,1,1981,102.4
153,1,1982,106.12
153,1,1983,110.83
153,1,1984,115.11
153,1,1985,123.78
153,1,1986,130.1
153,1,1987,135.32
153,1,1988,141.06
153,1,1989,147.56
153,1,1990,154.04
153,1,1991,160.54
153,1,1992,168.04
153,1,1993,175.08
153,1,1994,182.32
153,1,1995,188.93
153,1,1996,195.52
153,1,1997,202.8
153,1,1998,210.92
153,1,1999,220.68
153,1,2000,238.88
153,1,2001,243.69
153,1,2002,250.8
153,1,2003,262.2
153,1,2004,270.04
153,1,2005,274.85
153,1,2006,281.49
153,1,2007,292.85
153,1,2008,303.3
153,1,2009,317.66
153,1,2010,332.36
153,1,2011,343.64
153,1,2012,352.21
153,1,2013,355.33
153,1,2014,361.99
153,1,2015,373.9
153,1,2016,392.5
153,1,2017,414.6
153,1,2018,432.71
153,1,2019,453.79
153,1,2020,461.03
153,1,2021,463.99
153,1,2022,505.38
153,1,2023,530.8
154,1,1980,161.17
154,1,1981,175.14
154,1,1982,185.59
154,1,1983,200.64
154,1,1984,217.87
154,1,1985,234.95
154,1,1986,250.12
154,1,1987,270.27
154,1,1988,292.88
154,1,1989,319.17
154,1,1990,341.96
154,1,1991,365.58
154,1,1992,387.05
154,1,1993,406.48
154,1,1994,427.3
154,1,1995,441.65
154,1,1996,458.08
154,1,1997,471.3
154,1,1998,492.7
154,1,1999,517.38
154,1,2000,540.89
154,1,2001,565.28
154,1,2002,588.54
154,1,2003,614.27
154,1,2004,633.29
154,1,2005,651.61
154,1,2006,671.33
154,1,2007,691.68
154,1,2008,711.28
154,1,2009,731.38
154,1,2010,749.78
154,1,2011,774.76
154,1,2012,800.78
154,1,2013,820.66
154,1,2014,841.32
154,1,2015,869.71
154,1,2016,902.15
154,1,2017,928.03
154,1,2018,943.89
154,1,2019,990.57
154,1,2020,960.91
154,1,2021,891.84
154,1,2022,952.05
154,1,2023,1107.39
155,1,1980,1340.15
155,1,1981,1335.19
155,1,1982,1283.6
155,1,1983,1226.3
155,1,1984,1222.11
155,1,1985,1239.82
155,1,1986,1263.23
155,1,1987,1291.07
155,1,1988,1373.08
155,1,1989,1502.55
155,1,1990,1550.92
155,1,1991,1564.69
155,1,1992,1605.84
155,1,1993,1645.57
155,1,1994,1699.17
155,1,1995,1738.5
155,1,1996,1756.15
155,1,1997,1817
155,1,1998,1911.2
155,1,1999,1958.13
155,1,2000,2041.98
155,1,2001,2167.2
155,1,2002,2340.7
155,1,2003,2450.99
155,1,2004,2616.05
155,1,2005,2869.1
155,1,2006,3185.42
155,1,2007,3405.76
155,1,2008,3486.25
155,1,2009,3338.57
155,1,2010,3504.62
155,1,2011,3791.38
155,1,2012,3969.07
155,1,2013,4299.16
155,1,2014,4542.8
155,1,2015,4734.58
155,1,2016,4929.49
155,1,2017,5038.8
155,1,2018,5091.43
155,1,2019,5329.54
155,1,2020,5931.69
155,1,2021,6095.75
155,1,2022,6148.22
155,1,2023,6368.4
156,1,1980,14.82
156,1,1981,15.12
156,1,1982,15.34
156,1,1983,15.61
156,1,1984,16.1
156,1,1985,16.52
156,1,1986,16.59
156,1,1987,16.75
156,1,1988,17
156,1,1989,17.47
156,1,1990,19.23
156,1,1991,20.12
156,1,1992,20.75
156,1,1993,21.75
156,1,1994,23.08
156,1,1995,23.98
156,1,1996,24.69
156,1,1997,24.53
156,1,1998,25.72
156,1,1999,26.14
156,1,2000,26.59
156,1,2001,26.72
156,1,2002,27.37
156,1,2003,28.26
156,1,2004,27.95
156,1,2005,29.19
156,1,2006,30.47
156,1,2007,30.06
156,1,2008,29.78
156,1,2009,29.74
156,1,2010,30.8
156,1,2011,31.3
156,1,2012,31.82
156,1,2013,33.22
156,1,2014,35.62
156,1,2015,38.55
156,1,2016,44.8
156,1,2017,50.02
156,1,2018,55.34
156,1,2019,65.47
156,1,2020,63.26
156,1,2021,69.8
156,1,2022,86.08
156,1,2023,108.97
157,1,1980,94.28
157,1,1981,97.63
157,1,1982,101.58
157,1,1983,106.07
157,1,1984,110.84
157,1,1985,115.75
157,1,1986,120.82
157,1,1987,125.53
157,1,1988,130.79
157,1,1989,136.3
157,1,1990,142.45
157,1,1991,147.84
157,1,1992,153.3
157,1,1993,158.1
157,1,1994,163.42
157,1,1995,167.19
157,1,1996,171.52
157,1,1997,175.98
157,1,1998,180.45
157,1,1999,189.2
157,1,2000,198.35
157,1,2001,206.33
157,1,2002,216.35
157,1,2003,227.79
157,1,2004,242.27
157,1,2005,254.07
157,1,2006,266.64
157,1,2007,276.5
157,1,2008,293.87
157,1,2009,307.01
157,1,2010,314.31
157,1,2011,327.91
157,1,2012,332.77
157,1,2013,355.07
157,1,2014,377.68
157,1,2015,396.06
157,1,2016,411.57
157,1,2017,420.91
157,1,2018,428.74
157,1,2019,460.01
157,1,2020,516.59
157,1,2021,509.61
157,1,2022,536.01
157,1,2023,576.31
160,1,1980,154.86
160,1,1981,158.14
160,1,1982,161.14
160,1,1983,164.94
160,1,1984,168.41
160,1,1985,171.33
160,1,1986,175.53
160,1,1987,178.98
160,1,1988,182.49
160,1,1989,186
160,1,1990,188.43
160,1,1991,188.82
160,1,1992,190.63
160,1,1993,195.93
160,1,1994,197.09
160,1,1995,198.17
160,1,1996,198.34
160,1,1997,199.46
160,1,1998,199.04
160,1,1999,202.15
160,1,2000,203.52
160,1,2001,205.13
160,1,2002,202.68
160,1,2003,205.98
160,1,2004,211.91
160,1,2005,215.36
160,1,2006,218.09
160,1,2007,222.98
160,1,2008,227.79
160,1,2009,232.18
160,1,2010,235.11
160,1,2011,232.52
160,1,2012,233.49
160,1,2013,235.53
160,1,2014,237.2
160,1,2015,244
160,1,2016,246.96
160,1,2017,251.32
160,1,2018,253.17
160,1,2019,258.18
160,1,2020,273.87
160,1,2021,284.38
160,1,2022,293.42
160,1,2023,306.57
161,1,1980,1125.84
161,1,1981,1140.89
161,1,1982,1159.05
161,1,1983,1204.45
161,1,1984,1225.12
161,1,1985,1191.69
161,1,1986,1183.64
161,1,1987,1229.55
161,1,1988,1312.88
161,1,1989,1372.76
161,1,1990,1400.08
161,1,1991,1564.35
161,1,1992,1550.28
161,1,1993,1601.2
161,1,1994,1659.9
161,1,1995,1702.28
161,1,1996,1746.04
161,1,1997,1796.86
161,1,1998,1862.72
161,1,1999,1911.4
161,1,2000,1932.68
161,1,2001,1965.73
161,1,2002,2006.94
161,1,2003,2047.63
161,1,2004,2074.65
161,1,2005,2110.07
161,1,2006,2145.74
161,1,2007,2231.25
161,1,2008,2340.94
161,1,2009,2492.83
161,1,2010,2622.91
161,1,2011,2730.78
161,1,2012,2868.42
161,1,2013,3036.69
161,1,2014,3126.43
161,1,2015,3303.62
161,1,2016,3434.63
161,1,2017,3545.51
161,1,2018,3648.51
161,1,2019,3846.05
161,1,2020,4072.55
161,1,2021,4327.2
161,1,2022,4440.61
161,1,2023,4531.31
162,1,1980,2.82
162,1,1981,2.88
162,1,1982,2.97
162,1,1983,3.05
162,1,1984,3.14
162,1,1985,3.25
162,1,1986,3.41
162,1,1987,3.58
162,1,1988,3.78
162,1,1989,4.02
162,1,1990,4.23
162,1,1991,4.56
162,1,1992,4.89
162,1,1993,5.17
162,1,1994,5.4
162,1,1995,5.76
162,1,1996,6.07
162,1,1997,6.43
162,1,1998,6.57
162,1,1999,6.82
162,1,2000,7.05
162,1,2001,7.41
162,1,2002,7.73
162,1,2003,7.97
162,1,2004,8.17
162,1,2005,8.37
162,1,2006,8.57
162,1,2007,8.8
162,1,2008,9.03
162,1,2009,9.2
162,1,2010,9.48
162,1,2011,9.73
162,1,2012,9.94
162,1,2013,10.26
162,1,2014,10.56
162,1,2015,10.96
162,1,2016,11.39
162,1,2017,11.87
162,1,2018,12.21
162,1,2019,12.57
162,1,2020,13.08
162,1,2021,13.57
162,1,2022,14.02
162,1,2023,14.24
163,1,1980,5205.1
163,1,1981,5372.72
163,1,1982,5562.72
163,1,1983,5790.58
163,1,1984,6042.12
163,1,1985,6358.18
163,1,1986,6859.56
163,1,1987,7451.28
163,1,1988,8044.08
163,1,1989,8549.28
163,1,1990,8898.23
163,1,1991,9267.65
163,1,1992,9441.16
163,1,1993,9722.52
163,1,1994,9910.37
163,1,1995,10004.45
163,1,1996,10658.86
163,1,1997,11388.85
163,1,1998,11799.11
163,1,1999,12160.69
163,1,2000,12453.43
163,1,2001,12997.13
163,1,2002,13814.66
163,1,2003,14177.87
163,1,2004,14316.68
163,1,2005,15014.84
163,1,2006,16055.83
163,1,2007,16711.62
163,1,2008,17091.21
163,1,2009,17282.98
163,1,2010,17686.78
163,1,2011,17971.42
163,1,2012,18451.81
163,1,2013,18130.97
163,1,2014,18193.04
163,1,2015,19078.04
163,1,2016,20240.87
163,1,2017,21593.47
163,1,2018,22318.98
163,1,2019,22919.76
163,1,2020,24946.44
163,1,2021,27134.17
163,1,2022,26934.46
163,1,2023,28334
164,1,1980,119.95
164,1,1981,121.83
164,1,1982,123.42
164,1,1983,124.76
164,1,1984,126.81
164,1,1985,129.46
164,1,1986,132.99
164,1,1987,136.99
164,1,1988,142.27
164,1,1989,148.29
164,1,1990,154.77
164,1,1991,163.77
164,1,1992,173.13
164,1,1993,179.35
164,1,1994,189.23
164,1,1995,199.1
164,1,1996,210.16
164,1,1997,221.23
164,1,1998,232.98
164,1,1999,245.22
164,1,2000,255.49
164,1,2001,265.36
164,1,2002,274.78
164,1,2003,281.32
164,1,2004,284.48
164,1,2005,287.39
164,1,2006,288.1
164,1,2007,291.2
164,1,2008,294.94
164,1,2009,301.85
164,1,2010,303.42
164,1,2011,301.35
164,1,2012,300.92
164,1,2013,307.98
164,1,2014,317.02
164,1,2015,325.03
164,1,2016,338.89
164,1,2017,352.33
164,1,2018,363.09
164,1,2019,379.38
164,1,2020,398.73
164,1,2021,430.69
164,1,2022,460.92
164,1,2023,511.03
165,1,1980,992.63
165,1,1981,1020.92
165,1,1982,1048.49
165,1,1983,1074.38
165,1,1984,1107.66
165,1,1985,1153.61
165,1,1986,1207.96
165,1,1987,1260
165,1,1988,1314.54
165,1,1989,1380.53
165,1,1990,1452.46
165,1,1991,1515.02
165,1,1992,1560.28
165,1,1993,1603.25
165,1,1994,1617.51
165,1,1995,1636.41
165,1,1996,1659.23
165,1,1997,1721.18
165,1,1998,1806.29
165,1,1999,1893.35
165,1,2000,2010.79
165,1,2001,2056.5
165,1,2002,2114.61
165,1,2003,2130.79
165,1,2004,2161.38
165,1,2005,2246.13
165,1,2006,2238.09
165,1,2007,2306.51
165,1,2008,2376.23
165,1,2009,2458.85
165,1,2010,2523.67
165,1,2011,2552.38
165,1,2012,2580.78
165,1,2013,2649.53
165,1,2014,2719.87
165,1,2015,2819.96
165,1,2016,2923.02
165,1,2017,3050.46
165,1,2018,3137.66
165,1,2019,3301.28
165,1,2020,3660.03
165,1,2021,3864.48
165,1,2022,4048.02
165,1,2023,4152.46
168,1,1980,363.51
168,1,1981,372.25
168,1,1982,381.7
168,1,1983,391.46
168,1,1984,401.65
168,1,1985,414.39
168,1,1986,428.52
168,1,1987,441.11
168,1,1988,454.21
168,1,1989,469.7
168,1,1990,481.77
168,1,1991,494.8
168,1,1992,507.3
168,1,1993,526.74
168,1,1994,546.33
168,1,1995,556.54
168,1,1996,547.16
168,1,1997,559.69
168,1,1998,602.05
168,1,1999,629.65
168,1,2000,655.76
168,1,2001,687.09
168,1,2002,730.1
168,1,2003,761.09
168,1,2004,783.67
168,1,2005,818.61
168,1,2006,872.78
168,1,2007,903.02
168,1,2008,947.44
168,1,2009,988.75
168,1,2010,1028.01
168,1,2011,1068.07
168,1,2012,1101.21
168,1,2013,1144.84
168,1,2014,1197.84
168,1,2015,1252.2
168,1,2016,1299.2
168,1,2017,1355.72
168,1,2018,1405.03
168,1,2019,1468.84
168,1,2020,1604.77
168,1,2021,1759.9
168,1,2022,1855.73
168,1,2023,1999.39
169,1,1980,86.51
169,1,1981,88.32
169,1,1982,90.29
169,1,1983,91.84
169,1,1984,93.17
169,1,1985,94.69
169,1,1986,97.59
169,1,1987,99.95
169,1,1988,101.58
169,1,1989,103.63
169,1,1990,106.41
169,1,1991,111.9
169,1,1992,116.02
169,1,1993,123.42
169,1,1994,126.44
169,1,1995,125.81
169,1,1996,127.66
169,1,1997,124.76
169,1,1998,125.52
169,1,1999,124.55
169,1,2000,122.62
169,1,2001,122.29
169,1,2002,123.75
169,1,2003,122.59
169,1,2004,122.78
169,1,2005,123.5
169,1,2006,125.67
169,1,2007,126.66
169,1,2008,127.94
169,1,2009,131.74
169,1,2010,139.93
169,1,2011,146.02
169,1,2012,148.35
169,1,2013,153.09
169,1,2014,156.66
169,1,2015,161.89
169,1,2016,168.51
169,1,2017,176.87
169,1,2018,182.43
169,1,2019,191.13
169,1,2020,210.35
169,1,2021,218.26
169,1,2022,251.93
169,1,2023,270.31
170,1,1980,67.76
170,1,1981,69.34
170,1,1982,72.05
170,1,1983,75.72
170,1,1984,78.23
170,1,1985,80.86
170,1,1986,83.62
170,1,1987,87.76
170,1,1988,91.81
170,1,1989,95.48
170,1,1990,99.02
170,1,1991,103.39
170,1,1992,107.53
170,1,1993,111.88
170,1,1994,120.07
170,1,1995,120.67
170,1,1996,123.02
170,1,1997,129.9
170,1,1998,127.69
170,1,1999,134.49
170,1,2000,141.33
170,1,2001,143.46
170,1,2002,153.48
170,1,2003,162.6
170,1,2004,170.79
170,1,2005,183.31
170,1,2006,195.08
170,1,2007,206.7
170,1,2008,217.4
170,1,2009,228.38
170,1,2010,236.94
170,1,2011,242.5
170,1,2012,248.31
170,1,2013,252.3
170,1,2014,260.69
170,1,2015,265.58
170,1,2016,278.86
170,1,2017,288.35
170,1,2018,298.95
170,1,2019,321.25
170,1,2020,348.81
170,1,2021,371.04
170,1,2022,407.67
170,1,2023,429.47
171,1,1980,1291.33
171,1,1981,1332.41
171,1,1982,1379.93
171,1,1983,1429.07
171,1,1984,1485.71
171,1,1985,1551.84
171,1,1986,1602.96
171,1,1987,1656.9
171,1,1988,1709.19
171,1,1989,1756.59
171,1,1990,1810.52
171,1,1991,1882.44
171,1,1992,1934.33
171,1,1993,1981.73
171,1,1994,2001.78
171,1,1995,2024.25
171,1,1996,2054.64
171,1,1997,2093.74
171,1,1998,2166.65
171,1,1999,2241.91
171,1,2000,2324.13
171,1,2001,2391.41
171,1,2002,2510.8
171,1,2003,2562.81
171,1,2004,2640.29
171,1,2005,2731.67
171,1,2006,2841.33
171,1,2007,2926.09
171,1,2008,3041.58
171,1,2009,3138.55
171,1,2010,3206.41
171,1,2011,3310.92
171,1,2012,3426.15
171,1,2013,3567.37
171,1,2014,3733.44
171,1,2015,3850.86
171,1,2016,4033.16
171,1,2017,4209.01
171,1,2018,4438.88
171,1,2019,4701.16
171,1,2020,5578.81
171,1,2021,5737.37
171,1,2022,6395.1
171,1,2023,6615.77
172,1,1980,23.23
172,1,1981,23.31
172,1,1982,23.28
172,1,1983,23.23
172,1,1984,23.05
172,1,1985,23.12
172,1,1986,23.18
172,1,1987,23.43
172,1,1988,23.88
172,1,1989,24.25
172,1,1990,24.63
172,1,1991,25.37
172,1,1992,26
172,1,1993,26.75
172,1,1994,27.02
172,1,1995,27.73
172,1,1996,28.73
172,1,1997,30.35
172,1,1998,31.73
172,1,1999,33.55
172,1,2000,35.78
172,1,2001,37.7
172,1,2002,39.83
172,1,2003,41.06
172,1,2004,43.25
172,1,2005,46.47
172,1,2006,47.99
172,1,2007,49.62
172,1,2008,52.19
172,1,2009,55.8
172,1,2010,58.34
172,1,2011,59.88
172,1,2012,60.58
172,1,2013,62.23
172,1,2014,63.99
172,1,2015,64.86
172,1,2016,67.64
172,1,2017,70.28
172,1,2018,72.52
172,1,2019,74.19
172,1,2020,79.37
172,1,2021,85.01
172,1,2022,93.71
172,1,2023,98.64
173,1,1980,40.02
173,1,1981,41.19
173,1,1982,42.78
173,1,1983,44.32
173,1,1984,45.21
173,1,1985,46.58
173,1,1986,48.6
173,1,1987,50.41
173,1,1988,51.41
173,1,1989,53.04
173,1,1990,54.15
173,1,1991,57.44
173,1,1992,59.26
173,1,1993,60.21
173,1,1994,62
173,1,1995,64.42
173,1,1996,65.69
173,1,1997,68.76
173,1,1998,71.24
173,1,1999,72.27
173,1,2000,75.16
173,1,2001,77.57
173,1,2002,81.77
173,1,2003,84.05
173,1,2004,86.9
173,1,2005,90.69
173,1,2006,93.92
173,1,2007,97.63
173,1,2008,100.12
173,1,2009,101.76
173,1,2010,103.06
173,1,2011,106.14
173,1,2012,110.61
173,1,2013,117.25
173,1,2014,122.16
173,1,2015,127.51
173,1,2016,133.5
173,1,2017,139.82
173,1,2018,146.08
173,1,2019,151.9
173,1,2020,161.5
173,1,2021,170.53
173,1,2022,195.04
173,1,2023,209.89
175,1,1980,115.5
175,1,1981,117.91
175,1,1982,120.43
175,1,1983,123.39
175,1,1984,126.88
175,1,1985,129.51
175,1,1986,131.2
175,1,1987,132.78
175,1,1988,134.19
175,1,1989,135.64
175,1,1990,137.37
175,1,1991,138.45
175,1,1992,139.98
175,1,1993,141.81
175,1,1994,141.73
175,1,1995,142.27
175,1,1996,143.01
175,1,1997,144.14
175,1,1998,144.91
175,1,1999,147.54
175,1,2000,153.24
175,1,2001,157.28
175,1,2002,162.38
175,1,2003,167.66
175,1,2004,175.72
175,1,2005,186.55
175,1,2006,196.76
175,1,2007,208.88
175,1,2008,222.5
175,1,2009,231.22
175,1,2010,241.51
175,1,2011,250.27
175,1,2012,261.03
175,1,2013,269.41
175,1,2014,279.68
175,1,2015,295.02
175,1,2016,305.21
175,1,2017,316.57
175,1,2018,325.42
175,1,2019,338.61
175,1,2020,372.49
175,1,2021,437.32
175,1,2022,405.47
175,1,2023,431.66
176,1,1980,7.03
176,1,1981,7.15
176,1,1982,7.27
176,1,1983,7.37
176,1,1984,7.5
176,1,1985,7.68
176,1,1986,7.91
176,1,1987,8.18
176,1,1988,8.48
176,1,1989,8.82
176,1,1990,9.18
176,1,1991,9.65
176,1,1992,10.01
176,1,1993,10.31
176,1,1994,10.57
176,1,1995,10.69
176,1,1996,11.35
176,1,1997,11.1
176,1,1998,11.67
176,1,1999,11.86
176,1,2000,12.88
176,1,2001,13.12
176,1,2002,14.05
176,1,2003,14.38
176,1,2004,14.16
176,1,2005,15.26
176,1,2006,15.07
176,1,2007,16.63
176,1,2008,16.94
176,1,2009,17.5
176,1,2010,17.36
176,1,2011,18.33
176,1,2012,18.39
176,1,2013,18.76
176,1,2014,20.15
176,1,2015,20.5
176,1,2016,21.17
176,1,2017,21.77
176,1,2018,22.02
176,1,2019,23.23
176,1,2020,28.68
176,1,2021,37.09
176,1,2022,28.07
176,1,2023,28.12
177,1,1980,4.22
177,1,1981,4.47
177,1,1982,4.73
177,1,1983,5.01
177,1,1984,5.29
177,1,1985,5.59
177,1,1986,5.89
177,1,1987,6.26
177,1,1988,6.65
177,1,1989,7.03
177,1,1990,7.41
177,1,1991,7.65
177,1,1992,8.08
177,1,1993,9.32
177,1,1994,8.82
177,1,1995,9.53
177,1,1996,9.87
177,1,1997,10.19
177,1,1998,10.81
177,1,1999,11.29
177,1,2000,11.9
177,1,2001,12.58
177,1,2002,13.38
177,1,2003,13.74
177,1,2004,15.15
177,1,2005,16.1
177,1,2006,17.27
177,1,2007,18.33
177,1,2008,19.57
177,1,2009,20.61
177,1,2010,21.93
177,1,2011,23.13
177,1,2012,24.49
177,1,2013,26.07
177,1,2014,27.42
177,1,2015,29.86
177,1,2016,31.81
177,1,2017,34.22
177,1,2018,35.39
177,1,2019,38.41
177,1,2020,41.32
177,1,2021,47.94
177,1,2022,46.56
177,1,2023,51.29
178,1,1980,42.25
178,1,1981,43.23
178,1,1982,44.18
178,1,1983,45.21
178,1,1984,46.19
178,1,1985,47.12
178,1,1986,48.57
178,1,1987,50.12
178,1,1988,51.79
178,1,1989,53.57
178,1,1990,55.31
178,1,1991,57.25
178,1,1992,57.82
178,1,1993,57.64
178,1,1994,58.75
178,1,1995,59.44
178,1,1996,62.09
178,1,1997,64.88
178,1,1998,67.36
178,1,1999,70.34
178,1,2000,73.31
178,1,2001,75.8
178,1,2002,80.35
178,1,2003,83.72
178,1,2004,88.44
178,1,2005,92.71
178,1,2006,96.46
178,1,2007,100.36
178,1,2008,104.94
178,1,2009,109.71
178,1,2010,113.89
178,1,2011,118.66
178,1,2012,124.37
178,1,2013,129.78
178,1,2014,135.6
178,1,2015,142.22
178,1,2016,149.12
178,1,2017,155.8
178,1,2018,162.69
178,1,2019,170.14
178,1,2020,185.6
178,1,2021,195.38
178,1,2022,250.92
178,1,2023,229.39
179,1,1980,294.82
179,1,1981,303.98
179,1,1982,314.47
179,1,1983,323.22
179,1,1984,334.05
179,1,1985,348.1
179,1,1986,364.01
179,1,1987,382.16
179,1,1988,401.8
179,1,1989,424.26
179,1,1990,444.38
179,1,1991,471.17
179,1,1992,503.97
179,1,1993,538.01
179,1,1994,573.25
179,1,1995,607.78
179,1,1996,648.9
179,1,1997,689.37
179,1,1998,726.46
179,1,1999,762.42
179,1,2000,793.9
179,1,2001,834.33
179,1,2002,878.8
179,1,2003,920.35
179,1,2004,966.37
179,1,2005,1026.58
179,1,2006,1093.85
179,1,2007,1168.53
179,1,2008,1254.54
179,1,2009,1333.23
179,1,2010,1413.06
179,1,2011,1497.19
179,1,2012,1571.38
179,1,2013,1639.97
179,1,2014,1706.29
179,1,2015,1796.83
179,1,2016,1867.1
179,1,2017,1940.17
179,1,2018,2023.86
179,1,2019,2112.03
179,1,2020,2248.72
179,1,2021,2576.88
179,1,2022,2502.31
179,1,2023,2687.2
180,1,1980,340.19
180,1,1981,349.15
180,1,1982,358.24
180,1,1983,367.28
180,1,1984,377.92
180,1,1985,388.46
180,1,1986,400.79
180,1,1987,412.41
180,1,1988,428.18
180,1,1989,444.68
180,1,1990,461.38
180,1,1991,480.17
180,1,1992,500.4
180,1,1993,523.29
180,1,1994,546.65
180,1,1995,566.36
180,1,1996,583.21
180,1,1997,598.31
180,1,1998,608.68
180,1,1999,619.76
180,1,2000,631.67
180,1,2001,634.63
180,1,2002,655.27
180,1,2003,690.34
180,1,2004,739.32
180,1,2005,773.8
180,1,2006,798.36
180,1,2007,811.29
180,1,2008,843.13
180,1,2009,879.16
180,1,2010,904.58
180,1,2011,935.55
180,1,2012,971.32
180,1,2013,1008.45
180,1,2014,1029.72
180,1,2015,1079.66
180,1,2016,1129.11
180,1,2017,1189.57
180,1,2018,1248.43
180,1,2019,1307.39
180,1,2020,1658.25
180,1,2021,1968.35
180,1,2022,1562.16
180,1,2023,1648.07
181,1,1980,542.49
181,1,1981,551.84
181,1,1982,538.61
181,1,1983,553
181,1,1984,552.63
181,1,1985,558.36
181,1,1986,556.17
181,1,1987,553.37
181,1,1988,565.87
181,1,1989,553.61
181,1,1990,557.81
181,1,1991,567.82
181,1,1992,578.37
181,1,1993,575.92
181,1,1994,593.29
181,1,1995,585.17
181,1,1996,590.45
181,1,1997,599.07
181,1,1998,601.81
181,1,1999,616.95
181,1,2000,630.96
181,1,2001,640.44
181,1,2002,648.65
181,1,2003,651.32
181,1,2004,664.94
181,1,2005,679.4
181,1,2006,709.49
181,1,2007,741.76
181,1,2008,781.75
181,1,2009,807.34
181,1,2010,829.8
181,1,2011,850.86
181,1,2012,874.32
181,1,2013,893.71
181,1,2014,910.23
181,1,2015,938.4
181,1,2016,970.74
181,1,2017,1002.2
181,1,2018,1040.03
181,1,2019,1071.22
181,1,2020,1147.73
181,1,2021,1300.96
181,1,2022,1385.55
181,1,2023,1403.76
182,1,1980,122.78
182,1,1981,125.83
182,1,1982,129
182,1,1983,133.04
182,1,1984,137.92
182,1,1985,144.41
182,1,1986,151.78
182,1,1987,158.7
182,1,1988,166.13
182,1,1989,173.2
182,1,1990,180.24
182,1,1991,189.89
182,1,1992,198.33
182,1,1993,206.5
182,1,1994,208.82
182,1,1995,213.2
182,1,1996,214.7
182,1,1997,219.65
182,1,1998,223.23
182,1,1999,226.85
182,1,2000,240.7
182,1,2001,247.35
182,1,2002,259.52
182,1,2003,260.46
182,1,2004,266.48
182,1,2005,265.56
182,1,2006,260.7
182,1,2007,253.17
182,1,2008,253.11
182,1,2009,258.54
182,1,2010,276
182,1,2011,288.75
182,1,2012,299.85
182,1,2013,307.61
182,1,2014,315.77
182,1,2015,329.2
182,1,2016,339.59
182,1,2017,354.06
182,1,2018,367.39
182,1,2019,381.76
182,1,2020,412.45
182,1,2021,717.12
182,1,2022,463.19
182,1,2023,461.92
183,1,1980,14.49
183,1,1981,15.52
183,1,1982,13.72
183,1,1983,12.49
183,1,1984,16.07
183,1,1985,18.21
183,1,1986,20.05
183,1,1987,15.85
183,1,1988,16.84
183,1,1989,20.92
183,1,1990,24.52
183,1,1991,31.47
183,1,1992,36.24
183,1,1993,40.08
183,1,1994,43.5
183,1,1995,41.02
183,1,1996,45.7
183,1,1997,41.65
183,1,1998,44.05
183,1,1999,47.73
183,1,2000,46.48
183,1,2001,51.35
183,1,2002,53.58
183,1,2003,53.46
183,1,2004,60.2
183,1,2005,60.53
183,1,2006,61.88
183,1,2007,66.72
183,1,2008,71.49
183,1,2009,72.48
183,1,2010,78.41
183,1,2011,79.37
183,1,2012,79.57
183,1,2013,84.48
183,1,2014,87.03
183,1,2015,87.22
183,1,2016,85.86
183,1,2017,91.62
183,1,2018,98.51
183,1,2019,100.23
183,1,2020,104.82
183,1,2021,107.31
183,1,2022,120.3
183,1,2023,134.59
184,1,1980,87.17
184,1,1981,89.2
184,1,1982,91.13
184,1,1983,93.1
184,1,1984,94.48
184,1,1985,96.21
184,1,1986,100.24
184,1,1987,102.65
184,1,1988,105.6
184,1,1989,108.47
184,1,1990,112.05
184,1,1991,116.45
184,1,1992,121.08
184,1,1993,125.06
184,1,1994,128.83
184,1,1995,133.46
184,1,1996,138.14
184,1,1997,142.56
184,1,1998,146.81
184,1,1999,150.74
184,1,2000,157.34
184,1,2001,159.02
184,1,2002,167.47
184,1,2003,166.63
184,1,2004,168.24
184,1,2005,169.37
184,1,2006,169.55
184,1,2007,165.73
184,1,2008,164.6
184,1,2009,160.7
184,1,2010,157.33
184,1,2011,157.96
184,1,2012,163.73
184,1,2013,168.5
184,1,2014,168.71
184,1,2015,174.19
184,1,2016,175.99
184,1,2017,181.6
184,1,2018,189
184,1,2019,200.19
184,1,2020,211.13
184,1,2021,261.54
184,1,2022,235.86
184,1,2023,240.14
185,1,1980,180.37
185,1,1981,183.78
185,1,1982,187.68
185,1,1983,192.5
185,1,1984,197.29
185,1,1985,201.63
185,1,1986,206.1
185,1,1987,209.22
185,1,1988,212.18
185,1,1989,214.38
185,1,1990,216.48
185,1,1991,220.11
185,1,1992,221.03
185,1,1993,219.65
185,1,1994,250.69
185,1,1995,200.51
185,1,1996,190.36
185,1,1997,200.43
185,1,1998,213.72
185,1,1999,224.6
185,1,2000,234.56
185,1,2001,241.02
185,1,2002,255.64
185,1,2003,270.83
185,1,2004,293.38
185,1,2005,307.75
185,1,2006,324.72
185,1,2007,336.68
185,1,2008,348.52
185,1,2009,361.73
185,1,2010,372.95
185,1,2011,388.94
185,1,2012,408.13
185,1,2013,431.75
185,1,2014,451.85
185,1,2015,473.39
185,1,2016,490.83
185,1,2017,513.67
185,1,2018,540.46
185,1,2019,574.13
185,1,2020,607.99
185,1,2021,701.24
185,1,2022,737.71
185,1,2023,796.36
186,1,1980,5.28
186,1,1981,5.5
186,1,1982,5.73
186,1,1983,6.01
186,1,1984,6.29
186,1,1985,6.54
186,1,1986,6.98
186,1,1987,7.17
186,1,1988,7.41
186,1,1989,7.59
186,1,1990,7.99
186,1,1991,8.62
186,1,1992,9.3
186,1,1993,9.65
186,1,1994,10.05
186,1,1995,10.34
186,1,1996,10.9
186,1,1997,11.73
186,1,1998,12.05
186,1,1999,12.29
186,1,2000,12.73
186,1,2001,12.93
186,1,2002,13.23
186,1,2003,13.45
186,1,2004,14.05
186,1,2005,14.67
186,1,2006,15.28
186,1,2007,15.89
186,1,2008,16.51
186,1,2009,16.97
186,1,2010,17.08
186,1,2011,17.45
186,1,2012,17.76
186,1,2013,17.84
186,1,2014,17.89
186,1,2015,17.72
186,1,2016,17.73
186,1,2017,17.18
186,1,2018,16.9
186,1,2019,17.46
186,1,2020,17.9
186,1,2021,20.22
186,1,2022,19.75
186,1,2023,23.03
187,1,1980,92.61
187,1,1981,93.81
187,1,1982,94.19
187,1,1983,96.45
187,1,1984,98.15
187,1,1985,97.48
187,1,1986,97.39
187,1,1987,98.09
187,1,1988,99.04
187,1,1989,100.37
187,1,1990,101.41
187,1,1991,104.22
187,1,1992,108.11
187,1,1993,108.25
187,1,1994,112.3
187,1,1995,112.08
187,1,1996,114.24
187,1,1997,117.64
187,1,1998,121.41
187,1,1999,125.26
187,1,2000,132.65
187,1,2001,137.66
187,1,2002,144.41
187,1,2003,150.03
187,1,2004,159.09
187,1,2005,168.16
187,1,2006,172.92
187,1,2007,179.34
187,1,2008,184.17
187,1,2009,192.72
187,1,2010,198.64
187,1,2011,203.56
187,1,2012,208.65
187,1,2013,218.61
187,1,2014,230.86
187,1,2015,243.37
187,1,2016,256.62
187,1,2017,267.63
187,1,2018,278.66
187,1,2019,294.72
187,1,2020,350.98
187,1,2021,506.57
187,1,2022,372.71
187,1,2023,391.09
189,1,1980,1076.42
189,1,1981,1123.67
189,1,1982,1164.16
189,1,1983,1211.32
189,1,1984,1253.62
189,1,1985,1300.16
189,1,1986,1345.94
189,1,1987,1393.97
189,1,1988,1453.06
189,1,1989,1519.48
189,1,1990,1594.64
189,1,1991,1693.05
189,1,1992,1798.44
189,1,1993,1873.15
189,1,1994,1946.84
189,1,1995,2002.11
189,1,1996,2059.77
189,1,1997,2116.37
189,1,1998,2144.92
189,1,1999,2152.64
189,1,2000,2196.76
189,1,2001,2236.35
189,1,2002,2341.16
189,1,2003,2424.72
189,1,2004,2508.72
189,1,2005,2548.23
189,1,2006,2601.1
189,1,2007,2655.38
189,1,2008,2734.77
189,1,2009,2828.94
189,1,2010,2903.69
189,1,2011,3030.85
189,1,2012,3162.18
189,1,2013,3255.12
189,1,2014,3339.08
189,1,2015,3458.35
189,1,2016,3591.14
189,1,2017,3720.57
189,1,2018,3774.98
189,1,2019,3821.64
189,1,2020,4153.96
189,1,2021,4817.53
189,1,2022,4193.28
189,1,2023,4416.15
190,1,1980,591.7
190,1,1981,596.84
190,1,1982,641.15
190,1,1983,666.62
190,1,1984,692.68
190,1,1985,721.72
190,1,1986,755.29
190,1,1987,789.85
190,1,1988,822.87
190,1,1989,871.04
190,1,1990,898.48
190,1,1991,951.24
190,1,1992,972.8
190,1,1993,989.7
190,1,1994,994.82
190,1,1995,988.4
190,1,1996,980.2
190,1,1997,970.75
190,1,1998,968.69
190,1,1999,962.99
190,1,2000,982.08
190,1,2001,981.69
190,1,2002,1023.59
190,1,2003,1040.08
190,1,2004,1082.64
190,1,2005,1123.76
190,1,2006,1201.52
190,1,2007,1258.77
190,1,2008,1310.64
190,1,2009,1359.56
190,1,2010,1381.02
190,1,2011,1419.64
190,1,2012,1475.34
190,1,2013,1510.67
190,1,2014,1540.06
190,1,2015,1564.36
190,1,2016,1588.39
190,1,2017,1623.67
190,1,2018,1659.1
190,1,2019,1706.42
190,1,2020,1782.47
190,1,2021,2252.97
190,1,2022,1998.3
190,1,2023,2138.18
191,1,1980,324.02
191,1,1981,333.94
191,1,1982,342.37
191,1,1983,351.53
191,1,1984,361.06
191,1,1985,372.78
191,1,1986,386.31
191,1,1987,402.87
191,1,1988,421.62
191,1,1989,439.75
191,1,1990,459.38
191,1,1991,483.43
191,1,1992,506.65
191,1,1993,525.36
191,1,1994,542.74
191,1,1995,557.22
191,1,1996,570.58
191,1,1997,579.29
191,1,1998,586.4
191,1,1999,592.9
191,1,2000,597.58
191,1,2001,614.43
191,1,2002,607.34
191,1,2003,602.06
191,1,2004,605.35
191,1,2005,613.08
191,1,2006,624.95
191,1,2007,621.22
191,1,2008,628.32
191,1,2009,640.77
191,1,2010,651.66
191,1,2011,677.64
191,1,2012,701.74
191,1,2013,724.01
191,1,2014,749.44
191,1,2015,789.97
191,1,2016,827.82
191,1,2017,862.65
191,1,2018,893.29
191,1,2019,932.85
191,1,2020,1041.22
191,1,2021,1321.63
191,1,2022,1104.39
191,1,2023,1165.11
193,1,1980,13.44
193,1,1981,13.65
193,1,1982,13.86
193,1,1983,14.04
193,1,1984,14.32
193,1,1985,14.81
193,1,1986,15.44
193,1,1987,16.18
193,1,1988,16.88
193,1,1989,18.07
193,1,1990,19.49
193,1,1991,20.73
193,1,1992,22.12
193,1,1993,23.4
193,1,1994,25.3
193,1,1995,27.55
193,1,1996,29.85
193,1,1997,32.63
193,1,1998,35.34
193,1,1999,37
193,1,2000,37.85
193,1,2001,37.97
193,1,2002,36.6
193,1,2003,34.15
193,1,2004,31.61
193,1,2005,30.62
193,1,2006,32.54
193,1,2007,30.67
193,1,2008,30.83
193,1,2009,31.2
193,1,2010,31.78
193,1,2011,33.22
193,1,2012,35.11
193,1,2013,37.32
193,1,2014,39.44
193,1,2015,42.38
193,1,2016,46.29
193,1,2017,49.03
193,1,2018,52.09
193,1,2019,55.46
193,1,2020,59.26
193,1,2021,70.04
193,1,2022,67.73
193,1,2023,71.87
194,1,1980,56.37
194,1,1981,58.07
194,1,1982,59.58
194,1,1983,60.95
194,1,1984,62.34
194,1,1985,63.93
194,1,1986,65.87
194,1,1987,67.99
194,1,1988,70.5
194,1,1989,72.91
194,1,1990,75.13
194,1,1991,76.8
194,1,1992,78.1
194,1,1993,79.89
194,1,1994,81.24
194,1,1995,83.63
194,1,1996,87.14
194,1,1997,90.54
194,1,1998,93.25
194,1,1999,95.85
194,1,2000,99.33
194,1,2001,107.21
194,1,2002,112.18
194,1,2003,108.15
194,1,2004,101.88
194,1,2005,90.62
194,1,2006,76.38
194,1,2007,66.79
194,1,2008,62.59
194,1,2009,62.99
194,1,2010,65.19
194,1,2011,67.63
194,1,2012,70.92
194,1,2013,75.51
194,1,2014,81.64
194,1,2015,86.16
194,1,2016,84.08
194,1,2017,81.61
194,1,2018,82.62
194,1,2019,86.15
194,1,2020,87.84
194,1,2021,96.41
194,1,2022,111.24
194,1,2023,118.32
195,1,1980,29.3
195,1,1981,29.99
195,1,1982,30.68
195,1,1983,31.4
195,1,1984,32.29
195,1,1985,33.3
195,1,1986,34.53
195,1,1987,35.71
195,1,1988,36.88
195,1,1989,38.49
195,1,1990,40.26
195,1,1991,42.48
195,1,1992,44.51
195,1,1993,45.93
195,1,1994,46.99
195,1,1995,47.32
195,1,1996,47.85
195,1,1997,49.12
195,1,1998,50.46
195,1,1999,51.94
195,1,2000,53.18
195,1,2001,53.42
195,1,2002,53.74
195,1,2003,58.48
195,1,2004,60.7
195,1,2005,63.02
195,1,2006,64.27
195,1,2007,68.06
195,1,2008,72.08
195,1,2009,78.18
195,1,2010,82.29
195,1,2011,87.06
195,1,2012,92.01
195,1,2013,96.49
195,1,2014,99.89
195,1,2015,103.25
195,1,2016,106.99
195,1,2017,109.45
195,1,2018,111.59
195,1,2019,115.59
195,1,2020,118.78
195,1,2021,150.57
195,1,2022,129.35
195,1,2023,131.05
196,1,1980,1647.79
196,1,1981,1667.53
196,1,1982,1736.27
196,1,1983,1773.37
196,1,1984,1815.5
196,1,1985,1811.78
196,1,1986,1895.18
196,1,1987,1976.28
196,1,1988,2033.82
196,1,1989,2120.99
196,1,1990,2198.92
196,1,1991,2228.66
196,1,1992,2296.03
196,1,1993,2448.74
196,1,1994,2572.56
196,1,1995,2591.85
196,1,1996,2789.66
196,1,1997,2844.02
196,1,1998,2947.58
196,1,1999,2985.06
196,1,2000,2960.97
196,1,2001,2983.85
196,1,2002,2974.8
196,1,2003,2971.43
196,1,2004,2869.01
196,1,2005,2896.73
196,1,2006,3056.25
196,1,2007,3197.74
196,1,2008,3370.34
196,1,2009,3658.77
196,1,2010,3908.42
196,1,2011,4212.96
196,1,2012,4451.54
196,1,2013,4707.4
196,1,2014,5004.09
196,1,2015,5220.31
196,1,2016,5367.27
196,1,2017,5494.39
196,1,2018,5617.18
196,1,2019,5508.36
196,1,2020,5388.17
196,1,2021,5740.52
196,1,2022,5724.48
196,1,2023,6212.67
197,1,1980,25.42
197,1,1981,25.95
197,1,1982,26.48
197,1,1983,26.95
197,1,1984,27.61
197,1,1985,28.42
197,1,1986,29.4
197,1,1987,30.52
197,1,1988,31.79
197,1,1989,33.14
197,1,1990,34.64
197,1,1991,36.13
197,1,1992,37.76
197,1,1993,38.58
197,1,1994,38.68
197,1,1995,38.09
197,1,1996,37.23
197,1,1997,37.21
197,1,1998,37.01
197,1,1999,37.68
197,1,2000,38.83
197,1,2001,40.78
197,1,2002,41.79
197,1,2003,43.27
197,1,2004,44.38
197,1,2005,43.48
197,1,2006,40.82
197,1,2007,38.77
197,1,2008,38.57
197,1,2009,38.81
197,1,2010,38.19
197,1,2011,37.8
197,1,2012,37.87
197,1,2013,37.81
197,1,2014,37.22
197,1,2015,36.87
197,1,2016,37.32
197,1,2017,39.09
197,1,2018,41.83
197,1,2019,44.13
197,1,2020,50.23
197,1,2021,56.43
197,1,2022,55.24
197,1,2023,56.52
198,1,1980,233.37
198,1,1981,243.93
198,1,1982,253.65
198,1,1983,261.3
198,1,1984,270.14
198,1,1985,281.05
198,1,1986,295.36
198,1,1987,313.04
198,1,1988,330.96
198,1,1989,354.41
198,1,1990,379.63
198,1,1991,415.54
198,1,1992,487.74
198,1,1993,532.19
198,1,1994,587.45
198,1,1995,625.37
198,1,1996,663.24
198,1,1997,688.42
198,1,1998,680.9
198,1,1999,660.7
198,1,2000,632.14
198,1,2001,631.3
198,1,2002,627.56
198,1,2003,620.99
198,1,2004,598.55
198,1,2005,567.77
198,1,2006,545.17
198,1,2007,511.72
198,1,2008,519.11
198,1,2009,522.23
198,1,2010,517.12
198,1,2011,546.57
198,1,2012,580.1
198,1,2013,604.44
198,1,2014,616.95
198,1,2015,631.7
198,1,2016,659.89
198,1,2017,671.79
198,1,2018,684.17
198,1,2019,700.52
198,1,2020,745.86
198,1,2021,1057.82
198,1,2022,758.19
198,1,2023,786.42
200,1,1980,279.84
200,1,1981,281.33
200,1,1982,284.23
200,1,1983,287.75
200,1,1984,291.6
200,1,1985,295.33
200,1,1986,300.89
200,1,1987,306.77
200,1,1988,312.13
200,1,1989,317.99
200,1,1990,324.05
200,1,1991,335.31
200,1,1992,343.22
200,1,1993,351.47
200,1,1994,355.48
200,1,1995,361.17
200,1,1996,368.85
200,1,1997,373.9
200,1,1998,381.3
200,1,1999,384.2
200,1,2000,398.59
200,1,2001,394.37
200,1,2002,403.87
200,1,2003,404.09
200,1,2004,403.17
200,1,2005,413.67
200,1,2006,433.47
200,1,2007,431.93
200,1,2008,456.29
200,1,2009,472.3
200,1,2010,488.5
200,1,2011,506.99
200,1,2012,516.9
200,1,2013,547.62
200,1,2014,558.72
200,1,2015,560.42
200,1,2016,571.32
200,1,2017,587.78
200,1,2018,609.32
200,1,2019,650.96
200,1,2020,674.47
200,1,2021,694.82
200,1,2022,718.84
200,1,2023,786.28
201,1,1980,273.35
201,1,1981,280.2
201,1,1982,286.75
201,1,1983,294.28
201,1,1984,304.73
201,1,1985,315.27
201,1,1986,329.86
201,1,1987,336.72
201,1,1988,347.37
201,1,1989,360.17
201,1,1990,371.22
201,1,1991,385.41
201,1,1992,395.08
201,1,1993,407.14
201,1,1994,411.72
201,1,1995,419.12
201,1,1996,427.2
201,1,1997,428.23
201,1,1998,437.57
201,1,1999,439.39
201,1,2000,453.75
201,1,2001,456.03
201,1,2002,480.31
201,1,2003,483.31
201,1,2004,501.84
201,1,2005,523.65
201,1,2006,554.18
201,1,2007,558.35
201,1,2008,583.94
201,1,2009,601.42
201,1,2010,618.63
201,1,2011,630.87
201,1,2012,650.96
201,1,2013,688.6
201,1,2014,702.34
201,1,2015,747.79
201,1,2016,767.22
201,1,2017,798.3
201,1,2018,815.81
201,1,2019,840.43
201,1,2020,850.3
201,1,2021,876.63
201,1,2022,1032.51
201,1,2023,1095.25
202,1,1980,320.3
202,1,1981,325.81
202,1,1982,330.96
202,1,1983,334.57
202,1,1984,339.86
202,1,1985,346.65
202,1,1986,355.2
202,1,1987,360.48
202,1,1988,371.27
202,1,1989,382.52
202,1,1990,391.79
202,1,1991,401.77
202,1,1992,404.93
202,1,1993,415.51
202,1,1994,427.33
202,1,1995,443.27
202,1,1996,459.65
202,1,1997,470.87
202,1,1998,494.14
202,1,1999,515.9
202,1,2000,553.55
202,1,2001,568.63
202,1,2002,605.37
202,1,2003,626.88
202,1,2004,650.8
202,1,2005,679.59
202,1,2006,723.74
202,1,2007,728.6
202,1,2008,787.61
202,1,2009,846.5
202,1,2010,907.04
202,1,2011,955.08
202,1,2012,990.5
202,1,2013,1048.65
202,1,2014,1081.42
202,1,2015,1139.35
202,1,2016,1166.78
202,1,2017,1191.95
202,1,2018,1247.69
202,1,2019,1297.01
202,1,2020,1372.46
202,1,2021,1440.71
202,1,2022,1516.38
202,1,2023,1649.6
203,1,1980,14.65
203,1,1981,15.51
203,1,1982,16.25
203,1,1983,17.11
203,1,1984,18.07
203,1,1985,19.17
203,1,1986,20.07
203,1,1987,21.01
203,1,1988,22.23
203,1,1989,23.6
203,1,1990,25.16
203,1,1991,26.55
203,1,1992,28.3
203,1,1993,30.11
203,1,1994,32.88
203,1,1995,38.9
203,1,1996,35.82
203,1,1997,36.94
203,1,1998,38.88
203,1,1999,40.81
203,1,2000,42.26
203,1,2001,43.69
203,1,2002,44.87
203,1,2003,46.04
203,1,2004,47.02
203,1,2005,48.12
203,1,2006,50.49
203,1,2007,52.9
203,1,2008,53.54
203,1,2009,54.83
203,1,2010,56.22
203,1,2011,56.2
203,1,2012,57.51
203,1,2013,60.48
203,1,2014,62.5
203,1,2015,61.67
203,1,2016,62.23
203,1,2017,60.41
203,1,2018,57.7
203,1,2019,56.46
203,1,2020,56.26
203,1,2021,57.17
203,1,2022,60.61
203,1,2023,61.61
204,1,1980,216.1
204,1,1981,222.18
204,1,1982,228.98
204,1,1983,237.82
204,1,1984,246.61
204,1,1985,256.85
204,1,1986,267.33
204,1,1987,277.7
204,1,1988,288.65
204,1,1989,297.11
204,1,1990,305.85
204,1,1991,315.01
204,1,1992,317.66
204,1,1993,326.48
204,1,1994,322.94
204,1,1995,321.58
204,1,1996,325.39
204,1,1997,328.03
204,1,1998,331.6
204,1,1999,335.02
204,1,2000,345.45
204,1,2001,355.83
204,1,2002,371.08
204,1,2003,381.56
204,1,2004,396.95
204,1,2005,407.49
204,1,2006,412.28
204,1,2007,418.14
204,1,2008,428.09
204,1,2009,449.91
204,1,2010,466.83
204,1,2011,484.73
204,1,2012,500.26
204,1,2013,523.52
204,1,2014,549.74
204,1,2015,559.61
204,1,2016,579.25
204,1,2017,595.13
204,1,2018,614.05
204,1,2019,641.22
204,1,2020,707.14
204,1,2021,673.1
204,1,2022,778.74
204,1,2023,827.49
205,1,1980,333.7
205,1,1981,340.81
205,1,1982,345.1
205,1,1983,350.25
205,1,1984,355.52
205,1,1985,365.78
205,1,1986,378.23
205,1,1987,386.2
205,1,1988,401.27
205,1,1989,417.18
205,1,1990,435.81
205,1,1991,461.62
205,1,1992,483.77
205,1,1993,510.56
205,1,1994,531.29
205,1,1995,551.66
205,1,1996,577.44
205,1,1997,605.08
205,1,1998,632.99
205,1,1999,653.55
205,1,2000,691.59
205,1,2001,685.55
205,1,2002,709.39
205,1,2003,708.27
205,1,2004,728.19
205,1,2005,756.63
205,1,2006,798.33
205,1,2007,818.6
205,1,2008,862.5
205,1,2009,898.12
205,1,2010,934.86
205,1,2011,978.75
205,1,2012,1068.03
205,1,2013,1197.12
205,1,2014,1286.37
205,1,2015,1350.08
205,1,2016,1408.21
205,1,2017,1459.46
205,1,2018,1507.32
205,1,2019,1564.69
205,1,2020,1662.04
205,1,2021,1710.23
205,1,2022,2006.97
205,1,2023,2144.57
206,1,1980,3.1
206,1,1981,3.21
206,1,1982,3.32
206,1,1983,3.43
206,1,1984,3.54
206,1,1985,3.69
206,1,1986,3.9
206,1,1987,4.05
206,1,1988,4.27
206,1,1989,4.59
206,1,1990,5.09
206,1,1991,5.5
206,1,1992,6.09
206,1,1993,6.21
206,1,1994,6.33
206,1,1995,7.32
206,1,1996,7.17
206,1,1997,7.4
206,1,1998,8.17
206,1,1999,9.06
206,1,2000,8.93
206,1,2001,8.82
206,1,2002,9.45
206,1,2003,10.01
206,1,2004,11.38
206,1,2005,12.26
206,1,2006,12.5
206,1,2007,12.89
206,1,2008,12.79
206,1,2009,13.57
206,1,2010,13.75
206,1,2011,12.78
206,1,2012,13.09
206,1,2013,14.2
206,1,2014,15.67
206,1,2015,15.63
206,1,2016,17
206,1,2017,19.01
206,1,2018,19.32
206,1,2019,21.07
206,1,2020,23.16
206,1,2021,23.4
206,1,2022,24.47
206,1,2023,25.21
207,1,1980,493.64
207,1,1981,510.75
207,1,1982,528.9
207,1,1983,545.17
207,1,1984,564
207,1,1985,587.27
207,1,1986,612.97
207,1,1987,635.29
207,1,1988,660.73
207,1,1989,688.9
207,1,1990,717.58
207,1,1991,748.21
207,1,1992,784.7
207,1,1993,826.7
207,1,1994,865.94
207,1,1995,890.02
207,1,1996,912.17
207,1,1997,930.82
207,1,1998,963.45
207,1,1999,982.04
207,1,2000,1028.6
207,1,2001,1019.12
207,1,2002,1030.35
207,1,2003,1009.16
207,1,2004,1004.14
207,1,2005,1002.65
207,1,2006,1012.55
207,1,2007,985.4
207,1,2008,1037.81
207,1,2009,1080.59
207,1,2010,1127.38
207,1,2011,1189.45
207,1,2012,1242.82
207,1,2013,1335.8
207,1,2014,1395.26
207,1,2015,1452.61
207,1,2016,1532.41
207,1,2017,1604.87
207,1,2018,1666.8
207,1,2019,1761.48
207,1,2020,1857.47
207,1,2021,2023.66
207,1,2022,2137.41
207,1,2023,2233.81
208,1,1980,272.09
208,1,1981,274.87
208,1,1982,279.58
208,1,1983,281.69
208,1,1984,289.15
208,1,1985,298.63
208,1,1986,308.59
208,1,1987,315.6
208,1,1988,325.36
208,1,1989,336.79
208,1,1990,349.04
208,1,1991,363.56
208,1,1992,380.29
208,1,1993,390.12
208,1,1994,407.69
208,1,1995,425.33
208,1,1996,434.84
208,1,1997,444.41
208,1,1998,459.28
208,1,1999,471
208,1,2000,484.82
208,1,2001,494.75
208,1,2002,508.15
208,1,2003,510.95
208,1,2004,513.09
208,1,2005,520.33
208,1,2006,531.96
208,1,2007,528.08
208,1,2008,533.72
208,1,2009,537.04
208,1,2010,541.39
208,1,2011,547.23
208,1,2012,554.71
208,1,2013,568.76
208,1,2014,574.96
208,1,2015,579.57
208,1,2016,590.69
208,1,2017,599.73
208,1,2018,612.73
208,1,2019,638.22
208,1,2020,660.94
208,1,2021,679.08
208,1,2022,759.86
208,1,2023,787.83
209,1,1980,23.25
209,1,1981,23.59
209,1,1982,23.86
209,1,1983,24.14
209,1,1984,24.51
209,1,1985,24.88
209,1,1986,25.54
209,1,1987,26.2
209,1,1988,27.04
209,1,1989,27.99
209,1,1990,28.85
209,1,1991,29.7
209,1,1992,30.44
209,1,1993,31.25
209,1,1994,32.45
209,1,1995,32.56
209,1,1996,36.39
209,1,1997,36.26
209,1,1998,34.75
209,1,1999,34.67
209,1,2000,35.27
209,1,2001,36.27
209,1,2002,37.68
209,1,2003,38.9
209,1,2004,40.03
209,1,2005,42.98
209,1,2006,42.08
209,1,2007,42.24
209,1,2008,43.89
209,1,2009,43.87
209,1,2010,44.92
209,1,2011,45.68
209,1,2012,46.65
209,1,2013,48.31
209,1,2014,49.53
209,1,2015,50.84
209,1,2016,53.03
209,1,2017,55.02
209,1,2018,57
209,1,2019,60.03
209,1,2020,65.26
209,1,2021,63.97
209,1,2022,72.85
209,1,2023,76.32
210,1,1980,84.38
210,1,1981,88.52
210,1,1982,93.14
210,1,1983,97.59
210,1,1984,101.94
210,1,1985,105.95
210,1,1986,110.55
210,1,1987,114.09
210,1,1988,117.51
210,1,1989,119.72
210,1,1990,123.31
210,1,1991,128.66
210,1,1992,128.12
210,1,1993,131.06
210,1,1994,136.94
210,1,1995,137.23
210,1,1996,150.31
210,1,1997,143.77
210,1,1998,149.7
210,1,1999,153.7
210,1,2000,158.21
210,1,2001,156.78
210,1,2002,160.6
210,1,2003,162.45
210,1,2004,168.43
210,1,2005,170.72
210,1,2006,179.8
210,1,2007,181.52
210,1,2008,191.27
210,1,2009,199.54
210,1,2010,203.34
210,1,2011,203.32
210,1,2012,214.51
210,1,2013,223.45
210,1,2014,217.95
210,1,2015,217.32
210,1,2016,219.7
210,1,2017,225.53
210,1,2018,231.96
210,1,2019,246.24
210,1,2020,275.32
210,1,2021,305.06
210,1,2022,291.82
210,1,2023,312.84
211,1,1980,180.27
211,1,1981,179.26
211,1,1982,187.18
211,1,1983,191.26
211,1,1984,195.78
211,1,1985,200.8
211,1,1986,207.44
211,1,1987,210.63
211,1,1988,215.8
211,1,1989,221.82
211,1,1990,226.81
211,1,1991,233.72
211,1,1992,238.45
211,1,1993,244.04
211,1,1994,246.55
211,1,1995,252.38
211,1,1996,262.05
211,1,1997,266.94
211,1,1998,277.41
211,1,1999,285.91
211,1,2000,298.35
211,1,2001,304.61
211,1,2002,318.24
211,1,2003,330.98
211,1,2004,349.82
211,1,2005,368.59
211,1,2006,393.41
211,1,2007,410.14
211,1,2008,427.64
211,1,2009,448.79
211,1,2010,469.74
211,1,2011,490.48
211,1,2012,494.45
211,1,2013,529.56
211,1,2014,546.35
211,1,2015,577.77
211,1,2016,611.99
211,1,2017,651.86
211,1,2018,684.97
211,1,2019,714.21
211,1,2020,729.74
211,1,2021,770.59
211,1,2022,845.49
211,1,2023,896.83
212,1,1980,44.82
212,1,1981,46.87
212,1,1982,49.08
212,1,1983,51.31
212,1,1984,54.22
212,1,1985,56.69
212,1,1986,60.08
212,1,1987,62.96
212,1,1988,67.79
212,1,1989,70.18
212,1,1990,72.68
212,1,1991,75.33
212,1,1992,79.52
212,1,1993,86.62
212,1,1994,85.65
212,1,1995,87.94
212,1,1996,93.24
212,1,1997,98.67
212,1,1998,109.23
212,1,1999,111.14
212,1,2000,119.04
212,1,2001,126.44
212,1,2002,136.24
212,1,2003,143.81
212,1,2004,154.48
212,1,2005,160.7
212,1,2006,172.67
212,1,2007,173.68
212,1,2008,179.12
212,1,2009,192.22
212,1,2010,196.67
212,1,2011,201.1
212,1,2012,208.28
212,1,2013,223.51
212,1,2014,222.21
212,1,2015,223.53
212,1,2016,227.41
212,1,2017,243.71
212,1,2018,251.97
212,1,2019,272.41
212,1,2020,296.35
212,1,2021,311.29
212,1,2022,336.36
212,1,2023,342.34
213,1,1980,34.3
213,1,1981,35.79
213,1,1982,37.52
213,1,1983,39.2
213,1,1984,40.85
213,1,1985,43.01
213,1,1986,45.33
213,1,1987,47.32
213,1,1988,50.23
213,1,1989,53.19
213,1,1990,56.16
213,1,1991,60.33
213,1,1992,63.22
213,1,1993,67.12
213,1,1994,70.19
213,1,1995,73.18
213,1,1996,75.87
213,1,1997,77.94
213,1,1998,81.15
213,1,1999,81.96
213,1,2000,85.9
213,1,2001,85.91
213,1,2002,90.15
213,1,2003,92.03
213,1,2004,93.84
213,1,2005,94.63
213,1,2006,99.34
213,1,2007,101.89
213,1,2008,108.86
213,1,2009,112.04
213,1,2010,115.05
213,1,2011,117.89
213,1,2012,124.32
213,1,2013,135.27
213,1,2014,138.77
213,1,2015,142.65
213,1,2016,147.66
213,1,2017,157.97
213,1,2018,169.11
213,1,2019,178.32
213,1,2020,191.03
213,1,2021,195.66
213,1,2022,213.42
213,1,2023,223.21
214,1,1980,3108.15
214,1,1981,3191.35
214,1,1982,3290.05
214,1,1983,3386.05
214,1,1984,3481.76
214,1,1985,3593.39
214,1,1986,3720.81
214,1,1987,3843.35
214,1,1988,3990
214,1,1989,4164.17
214,1,1990,4334.62
214,1,1991,4625.21
214,1,1992,4697.1
214,1,1993,4878.03
214,1,1994,5036.9
214,1,1995,5221.21
214,1,1996,5476.41
214,1,1997,5685.71
214,1,1998,5956.28
214,1,1999,6169.5
214,1,2000,6507.12
214,1,2001,6659.67
214,1,2002,7002.31
214,1,2003,7129.85
214,1,2004,7377.95
214,1,2005,7632.96
214,1,2006,7872.85
214,1,2007,7945.21
214,1,2008,8315.42
214,1,2009,8694.84
214,1,2010,9182.74
214,1,2011,9426.37
214,1,2012,9552.45
214,1,2013,9920.19
214,1,2014,9952.75
214,1,2015,10010.13
214,1,2016,10268.87
214,1,2017,10558.24
214,1,2018,10825.25
214,1,2019,11045.87
214,1,2020,11694.29
214,1,2021,11990.03
214,1,2022,12745.3
214,1,2023,13458.52
215,1,1980,3.03
215,1,1981,3.1
215,1,1982,3.07
215,1,1983,3.13
215,1,1984,3.22
215,1,1985,3.34
215,1,1986,3.45
215,1,1987,3.57
215,1,1988,3.68
215,1,1989,3.82
215,1,1990,3.95
215,1,1991,4.01
215,1,1992,4.17
215,1,1993,4.4
215,1,1994,4.56
215,1,1995,4.51
215,1,1996,4.64
215,1,1997,4.76
215,1,1998,4.92
215,1,1999,5.13
215,1,2000,5.07
215,1,2001,5.26
215,1,2002,5.43
215,1,2003,5.56
215,1,2004,5.71
215,1,2005,6.08
215,1,2006,6.24
215,1,2007,6.44
215,1,2008,6.56
215,1,2009,6.57
215,1,2010,6.87
215,1,2011,6.9
215,1,2012,6.9
215,1,2013,7.08
215,1,2014,7.35
215,1,2015,7.44
215,1,2016,7.62
215,1,2017,7.86
215,1,2018,8.01
215,1,2019,8.21
215,1,2020,9.9
215,1,2021,9.91
215,1,2022,9.52
215,1,2023,9.55
216,1,1980,142.35
216,1,1981,147.44
216,1,1982,150.96
216,1,1983,156.65
216,1,1984,162.31
216,1,1985,169.32
216,1,1986,175.62
216,1,1987,179.13
216,1,1988,187.3
216,1,1989,200.27
216,1,1990,203.17
216,1,1991,212.46
216,1,1992,217.99
216,1,1993,223.4
216,1,1994,228.97
216,1,1995,231.29
216,1,1996,244.58
216,1,1997,248.04
216,1,1998,260.93
216,1,1999,272.13
216,1,2000,279.3
216,1,2001,357.96
216,1,2002,382.17
216,1,2003,371.72
216,1,2004,407.75
216,1,2005,433.46
216,1,2006,450.01
216,1,2007,465.97
216,1,2008,489.45
216,1,2009,523.94
216,1,2010,518.02
216,1,2011,542.37
216,1,2012,537.46
216,1,2013,571.53
216,1,2014,604.57
216,1,2015,599.4
216,1,2016,645.89
216,1,2017,655.42
216,1,2018,651.82
216,1,2019,713.06
216,1,2020,746.02
216,1,2021,831.96
216,1,2022,861.03
216,1,2023,940.06
217,1,1980,149.95
217,1,1981,152.19
217,1,1982,155.62
217,1,1983,159.82
217,1,1984,164.17
217,1,1985,171.99
217,1,1986,176.66
217,1,1987,179.62
217,1,1988,184.1
217,1,1989,187.88
217,1,1990,195.48
217,1,1991,199.11
217,1,1992,204.63
217,1,1993,207.61
217,1,1994,212.01
217,1,1995,214.88
217,1,1996,213.62
217,1,1997,209.83
217,1,1998,214.3
217,1,1999,214.72
217,1,2000,222.29
217,1,2001,224.36
217,1,2002,232.8
217,1,2003,241.48
217,1,2004,245.57
217,1,2005,256.67
217,1,2006,271.33
217,1,2007,278.99
217,1,2008,284.25
217,1,2009,292.1
217,1,2010,308.49
217,1,2011,318.17
217,1,2012,338.9
217,1,2013,352.07
217,1,2014,354.27
217,1,2015,367.29
217,1,2016,369.47
217,1,2017,380.92
217,1,2018,386.65
217,1,2019,402.87
217,1,2020,435.07
217,1,2021,430.21
217,1,2022,457.14
217,1,2023,484.72
218,1,1980,62.54
218,1,1981,64.32
218,1,1982,66
218,1,1983,67.74
218,1,1984,70.43
218,1,1985,73.19
218,1,1986,76.64
218,1,1987,78.77
218,1,1988,82.02
218,1,1989,85.2
218,1,1990,88.34
218,1,1991,91.81
218,1,1992,94.66
218,1,1993,96.75
218,1,1994,98.97
218,1,1995,101.09
218,1,1996,102.61
218,1,1997,103.87
218,1,1998,106.61
218,1,1999,108.79
218,1,2000,114.73
218,1,2001,116.86
218,1,2002,121.01
218,1,2003,121.34
218,1,2004,124.71
218,1,2005,128.34
218,1,2006,134.32
218,1,2007,134.71
218,1,2008,144.01
218,1,2009,153.2
218,1,2010,162.24
218,1,2011,169.01
218,1,2012,173.08
218,1,2013,180.19
218,1,2014,187.74
218,1,2015,201.7
218,1,2016,214.15
218,1,2017,230.18
218,1,2018,240.49
218,1,2019,260.13
218,1,2020,278.14
218,1,2021,301.37
218,1,2022,338.36
218,1,2023,361.37
298,1,1980,2.03
298,1,1981,2.12
298,1,1982,2.22
298,1,1983,2.34
298,1,1984,2.48
298,1,1985,2.66
298,1,1986,2.84
298,1,1987,3.03
298,1,1988,3.25
298,1,1989,3.51
298,1,1990,3.75
298,1,1991,3.97
298,1,1992,4.16
298,1,1993,4.34
298,1,1994,4.47
298,1,1995,4.59
298,1,1996,4.68
298,1,1997,4.74
298,1,1998,4.8
298,1,1999,4.9
298,1,2000,5.02
298,1,2001,5.19
298,1,2002,5.37
298,1,2003,5.55
298,1,2004,5.62
298,1,2005,5.74
298,1,2006,5.85
298,1,2007,5.88
298,1,2008,5.87
298,1,2009,5.9
298,1,2010,5.9
298,1,2011,6
298,1,2012,6.12
298,1,2013,6.27
298,1,2014,6.42
298,1,2015,6.55
298,1,2016,6.71
298,1,2017,6.92
298,1,2018,7.1
298,1,2019,7.27
298,1,2020,7.63
298,1,2021,8.85
298,1,2022,8.3
298,1,2023,8.51
305,1,1980,8.11
305,1,1981,8.14
305,1,1982,7.6
305,1,1983,7.72
305,1,1984,8.42
305,1,1985,8.32
305,1,1986,9.44
305,1,1987,10.11
305,1,1988,10.58
305,1,1989,10.43
305,1,1990,10.89
305,1,1991,11.94
305,1,1992,12.81
305,1,1993,13.42
305,1,1994,13.84
305,1,1995,13.56
305,1,1996,14.76
305,1,1997,15.98
305,1,1998,16.44
305,1,1999,16.67
305,1,2000,16.7
305,1,2001,16.89
305,1,2002,16.43
305,1,2003,17.05
305,1,2004,16.01
305,1,2005,16.15
305,1,2006,15.26
305,1,2007,15.89
305,1,2008,16.8
305,1,2009,16.93
305,1,2010,17.44
305,1,2011,17.73
305,1,2012,17.94
305,1,2013,18.31
305,1,2014,18.89
305,1,2015,18.96
305,1,2016,19.65
305,1,2017,20.11
305,1,2018,21.6
305,1,2019,23.24
305,1,2020,25.24
305,1,2021,25.94
305,1,2022,24.91
305,1,2023,26.24
320,1,1980,2.1
320,1,1981,2.09
320,1,1982,2.09
320,1,1983,2.11
320,1,1984,2.13
320,1,1985,2.15
320,1,1986,2.18
320,1,1987,2.22
320,1,1988,2.27
320,1,1989,2.33
320,1,1990,2.46
320,1,1991,2.59
320,1,1992,2.66
320,1,1993,2.73
320,1,1994,2.77
320,1,1995,2.81
320,1,1996,2.85
320,1,1997,2.96
320,1,1998,2.97
320,1,1999,3.03
320,1,2000,3.11
320,1,2001,3.25
320,1,2002,3.38
320,1,2003,3.56
320,1,2004,3.74
320,1,2005,3.97
320,1,2006,4.22
320,1,2007,4.43
320,1,2008,4.53
320,1,2009,4.61
320,1,2010,4.7
320,1,2011,4.8
320,1,2012,4.9
320,1,2013,4.93
320,1,2014,5.04
320,1,2015,5.22
320,1,2016,5.4
320,1,2017,5.56
320,1,2018,5.65
320,1,2019,5.67
320,1,2020,5.78
320,1,2021,6.2
320,1,2022,5.88
320,1,2023,5.99
349,1,1980,1.04
349,1,1981,1.1
349,1,1982,1.16
349,1,1983,1.21
349,1,1984,1.25
349,1,1985,1.29
349,1,1986,1.4
349,1,1987,1.51
349,1,1988,1.59
349,1,1989,1.7
349,1,1990,1.72
349,1,1991,1.76
349,1,1992,1.86
349,1,1993,1.87
349,1,1994,1.94
349,1,1995,1.99
349,1,1996,2.01
349,1,1997,2.06
349,1,1998,2.14
349,1,1999,2.19
349,1,2000,2.32
349,1,2001,2.47
349,1,2002,2.53
349,1,2003,2.58
349,1,2004,2.72
349,1,2005,2.77
349,1,2006,2.8
349,1,2007,2.86
349,1,2008,2.87
349,1,2009,3
349,1,2010,3.13
349,1,2011,3.23
349,1,2012,3.31
349,1,2013,3.38
349,1,2014,3.55
349,1,2015,3.76
349,1,2016,3.89
349,1,2017,3.97
349,1,2018,4.1
349,1,2019,4.2
349,1,2020,4.58
349,1,2021,4.7
349,1,2022,4.43
349,1,2023,4.34
351,1,1980,3.04
351,1,1981,3.24
351,1,1982,3.43
351,1,1983,3.63
351,1,1984,3.81
351,1,1985,3.96
351,1,1986,4.12
351,1,1987,4.27
351,1,1988,4.42
351,1,1989,4.58
351,1,1990,4.72
351,1,1991,4.88
351,1,1992,5.06
351,1,1993,5.25
351,1,1994,5.54
351,1,1995,5.81
351,1,1996,5.75
351,1,1997,5.22
351,1,1998,5.29
351,1,1999,4.57
351,1,2000,6.11
351,1,2001,6.73
351,1,2002,6.53
351,1,2003,7.01
351,1,2004,7.35
351,1,2005,8.71
351,1,2006,9.82
351,1,2007,10.83
351,1,2008,10.63
351,1,2009,9.48
351,1,2010,9.63
351,1,2011,10.94
351,1,2012,11.35
351,1,2013,9.27
351,1,2014,11.77
351,1,2015,11.88
351,1,2016,10.96
351,1,2017,12.24
351,1,2018,12.12
351,1,2019,9.73
351,1,2020,8.52
351,1,2021,9.02
351,1,2022,6.85
351,1,2023,7.11
367,1,1980,8.18
367,1,1981,8.29
367,1,1982,8.38
367,1,1983,8.59
367,1,1984,9.1
367,1,1985,9.64
367,1,1986,10.27
367,1,1987,9.52
367,1,1988,9.72
367,1,1989,9.91
367,1,1990,9.98
367,1,1991,10.16
367,1,1992,10.22
367,1,1993,10.3
367,1,1994,10.39
367,1,1995,10.45
367,1,1996,10.53
367,1,1997,10.47
367,1,1998,10.44
367,1,1999,10.36
367,1,2000,10.26
367,1,2001,10.22
367,1,2002,10.36
367,1,2003,10.57
367,1,2004,10.83
367,1,2005,11.52
367,1,2006,11.31
367,1,2007,11.47
367,1,2008,12.26
367,1,2009,12.14
367,1,2010,12.08
367,1,2011,12.26
367,1,2012,12.65
367,1,2013,13.63
367,1,2014,13.73
367,1,2015,14.59
367,1,2016,13.62
367,1,2017,13.5
367,1,2018,14.59
367,1,2019,14.67
367,1,2020,15.21
367,1,2021,16.35
367,1,2022,15.82
367,1,2023,16.98
369,1,1980,0.22
369,1,1981,0.22
369,1,1982,0.22
369,1,1983,0.22
369,1,1984,0.22
369,1,1985,0.21
369,1,1986,0.21
369,1,1987,0.21
369,1,1988,0.21
369,1,1989,0.21
369,1,1990,0.21
369,1,1991,0.21
369,1,1992,0.22
369,1,1993,0.22
369,1,1994,0.22
369,1,1995,0.22
369,1,1996,0.22
369,1,1997,0.22
369,1,1998,0.22
369,1,1999,0.22
369,1,2000,0.22
369,1,2001,0.22
369,1,2002,0.22
369,1,2003,0.22
369,1,2004,0.22
369,1,2005,0.22
369,1,2006,0.22
369,1,2007,0.22
369,1,2008,0.22
369,1,2009,0.22
369,1,2010,0.22
369,1,2011,0.23
369,1,2012,0.23
369,1,2013,0.24
369,1,2014,0.25
369,1,2015,0.26
369,1,2016,0.27
369,1,2017,0.28
369,1,2018,0.3
369,1,2019,0.31
369,1,2020,0.34
369,1,2021,0.39
369,1,2022,0.39
369,1,2023,0.41
374,1,1980,0.22
374,1,1981,0.22
374,1,1982,0.21
374,1,1983,0.21
374,1,1984,0.21
374,1,1985,0.21
374,1,1986,0.2
374,1,1987,0.2
374,1,1988,0.2
374,1,1989,0.2
374,1,1990,0.19
374,1,1991,0.19
374,1,1992,0.19
374,1,1993,0.19
374,1,1994,0.19
374,1,1995,0.19
374,1,1996,0.19
374,1,1997,0.19
374,1,1998,0.19
374,1,1999,0.19
374,1,2000,0.19
374,1,2001,0.19
374,1,2002,0.19
374,1,2003,0.19
374,1,2004,0.19
374,1,2005,0.19
374,1,2006,0.19
374,1,2007,0.18
374,1,2008,0.18
374,1,2009,0.18
374,1,2010,0.18
374,1,2011,0.18
374,1,2012,0.18
374,1,2013,0.18
374,1,2014,0.18
374,1,2015,0.18
374,1,2016,0.17
374,1,2017,0.17
374,1,2018,0.17
374,1,2019,0.17
374,1,2020,0.15
374,1,2021,0.16
374,1,2022,0.17
374,1,2023,0.17
376,1,1980,0.64
376,1,1981,0.67
376,1,1982,0.72
376,1,1983,0.77
376,1,1984,0.82
376,1,1985,0.88
376,1,1986,0.94
376,1,1987,1.01
376,1,1988,1.07
376,1,1989,1.13
376,1,1990,1.17
376,1,1991,1.21
376,1,1992,1.21
376,1,1993,1.2
376,1,1994,1.19
376,1,1995,1.19
376,1,1996,1.22
376,1,1997,1.26
376,1,1998,1.31
376,1,1999,1.33
376,1,2000,1.45
376,1,2001,1.57
376,1,2002,1.67
376,1,2003,1.78
376,1,2004,1.93
376,1,2005,2.15
376,1,2006,2.3
376,1,2007,2.43
376,1,2008,2.51
376,1,2009,2.61
376,1,2010,2.71
376,1,2011,2.76
376,1,2012,2.74
376,1,2013,2.68
376,1,2014,2.69
376,1,2015,2.78
376,1,2016,2.89
376,1,2017,2.94
376,1,2018,2.93
376,1,2019,2.95
376,1,2020,3.33
376,1,2021,3.55
376,1,2022,3.14
376,1,2023,3.17
380,1,1980,0.88
380,1,1981,0.91
380,1,1982,0.93
380,1,1983,0.95
380,1,1984,0.98
380,1,1985,1.02
380,1,1986,1.05
380,1,1987,1.13
380,1,1988,1.17
380,1,1989,1.23
380,1,1990,1.26
380,1,1991,1.32
380,1,1992,1.38
380,1,1993,1.43
380,1,1994,1.57
380,1,1995,1.64
380,1,1996,1.7
380,1,1997,1.75
380,1,1998,1.81
380,1,1999,1.86
380,1,2000,1.9
380,1,2001,1.92
380,1,2002,1.94
380,1,2003,1.96
380,1,2004,1.96
380,1,2005,1.89
380,1,2006,1.87
380,1,2007,1.86
380,1,2008,1.87
380,1,2009,1.88
380,1,2010,1.89
380,1,2011,1.88
380,1,2012,1.9
380,1,2013,2.04
380,1,2014,2.13
380,1,2015,2.22
380,1,2016,2.33
380,1,2017,2.39
380,1,2018,2.46
380,1,2019,1.97
380,1,2020,2.11
380,1,2021,2.33
380,1,2022,2.28
380,1,2023,2.39
385,1,1980,337.3
385,1,1981,347.89
385,1,1982,346.87
385,1,1983,364.18
385,1,1984,377.9
385,1,1985,389.4
385,1,1986,400.62
385,1,1987,411.58
385,1,1988,420.3
385,1,1989,456.12
385,1,1990,497.68
385,1,1991,541.48
385,1,1992,600.99
385,1,1993,620.51
385,1,1994,642.24
385,1,1995,653.51
385,1,1996,678.42
385,1,1997,699.3
385,1,1998,687.7
385,1,1999,657.6
385,1,2000,674.05
385,1,2001,664.28
385,1,2002,704.07
385,1,2003,676.17
385,1,2004,690.44
385,1,2005,699.12
385,1,2006,703.27
385,1,2007,721.46
385,1,2008,735.96
385,1,2009,731.53
385,1,2010,759.09
385,1,2011,751.11
385,1,2012,752.95
385,1,2013,720
385,1,2014,733.6
385,1,2015,717.42
385,1,2016,714.5
385,1,2017,711.17
385,1,2018,693.17
385,1,2019,661.97
385,1,2020,654.7
385,1,2021,621.79
385,1,2022,610.48
385,1,2023,668.57
393,1,1980,7.51
393,1,1981,8.33
393,1,1982,9.14
393,1,1983,9.04
393,1,1984,9.18
393,1,1985,9.25
393,1,1986,10.01
393,1,1987,10.48
393,1,1988,10.73
393,1,1989,10.67
393,1,1990,10.37
393,1,1991,11.36
393,1,1992,12.23
393,1,1993,12.25
393,1,1994,12.44
393,1,1995,12.97
393,1,1996,13.64
393,1,1997,14.67
393,1,1998,15.37
393,1,1999,15.24
393,1,2000,15.56
393,1,2001,15.01
393,1,2002,15.24
393,1,2003,14.71
393,1,2004,15.35
393,1,2005,14.83
393,1,2006,14.59
393,1,2007,14.94
393,1,2008,14.65
393,1,2009,14.62
393,1,2010,14.31
393,1,2011,15.41
393,1,2012,14.94
393,1,2013,14.77
393,1,2014,13.79
393,1,2015,13.3
393,1,2016,14.21
393,1,2017,14.69
393,1,2018,14.99
393,1,2019,14.86
393,1,2020,15.55
393,1,2021,16.99
393,1,2022,16.05
393,1,2023,16.55
396,1,1980,2.51
396,1,1981,2.6
396,1,1982,2.67
396,1,1983,2.87
396,1,1984,2.88
396,1,1985,3.08
396,1,1986,3.23
396,1,1987,3.27
396,1,1988,3.49
396,1,1989,3.66
396,1,1990,3.67
396,1,1991,3.67
396,1,1992,3.67
396,1,1993,3.68
396,1,1994,3.88
396,1,1995,4.04
396,1,1996,3.99
396,1,1997,4.21
396,1,1998,4.37
396,1,1999,4.3
396,1,2000,4.5
396,1,2001,4.54
396,1,2002,4.65
396,1,2003,5.01
396,1,2004,4.89
396,1,2005,5.04
396,1,2006,5.08
396,1,2007,5.16
396,1,2008,5.11
396,1,2009,5.34
396,1,2010,5.23
396,1,2011,5.06
396,1,2012,5.14
396,1,2013,5.16
396,1,2014,4.94
396,1,2015,4.92
396,1,2016,5.22
396,1,2017,5.17
396,1,2018,5.05
396,1,2019,5.44
396,1,2020,5.3
396,1,2021,5.25
396,1,2022,5.19
396,1,2023,6.73
413,1,1980,0.1
413,1,1981,0.1
413,1,1982,0.1
413,1,1983,0.1
413,1,1984,0.11
413,1,1985,0.11
413,1,1986,0.11
413,1,1987,0.11
413,1,1988,0.12
413,1,1989,0.12
413,1,1990,0.12
413,1,1991,0.13
413,1,1992,0.13
413,1,1993,0.14
413,1,1994,0.14
413,1,1995,0.14
413,1,1996,0.14
413,1,1997,0.15
413,1,1998,0.15
413,1,1999,0.15
413,1,2000,0.16
413,1,2001,0.16
413,1,2002,0.17
413,1,2003,0.18
413,1,2004,0.18
413,1,2005,0.18
413,1,2006,0.18
413,1,2007,0.18
413,1,2008,0.18
413,1,2009,0.18
413,1,2010,0.18
413,1,2011,0.18
413,1,2012,0.18
413,1,2013,0.19
413,1,2014,0.19
413,1,2015,0.18
413,1,2016,0.18
413,1,2017,0.18
413,1,2018,0.17
413,1,2019,0.17
413,1,2020,0.15
413,1,2021,0.15
413,1,2022,0.16
413,1,2023,0.16
416,1,1980,0.46
416,1,1981,0.46
416,1,1982,0.46
416,1,1983,0.47
416,1,1984,0.47
416,1,1985,0.49
416,1,1986,0.5
416,1,1987,0.52
416,1,1988,0.54
416,1,1989,0.57
416,1,1990,0.61
416,1,1991,0.67
416,1,1992,0.7
416,1,1993,0.74
416,1,1994,0.77
416,1,1995,0.81
416,1,1996,0.84
416,1,1997,0.87
416,1,1998,0.9
416,1,1999,0.93
416,1,2000,0.96
416,1,2001,0.98
416,1,2002,1
416,1,2003,1.02
416,1,2004,1.04
416,1,2005,1.06
416,1,2006,1.08
416,1,2007,1.1
416,1,2008,1.12
416,1,2009,1.13
416,1,2010,1.13
416,1,2011,1.14
416,1,2012,1.14
416,1,2013,1.14
416,1,2014,1.13
416,1,2015,1.13
416,1,2016,1.13
416,1,2017,1.13
416,1,2018,1.13
416,1,2019,1.12
416,1,2020,1.16
416,1,2021,1.28
416,1,2022,1.21
416,1,2023,1.21
422,1,1980,8.59
422,1,1981,8.94
422,1,1982,9.2
422,1,1983,9.56
422,1,1984,9.93
422,1,1985,10.28
422,1,1986,10.61
422,1,1987,11.03
422,1,1988,11.43
422,1,1989,11.89
422,1,1990,12.46
422,1,1991,13.08
422,1,1992,13.86
422,1,1993,14.67
422,1,1994,15.51
422,1,1995,16.33
422,1,1996,17.21
422,1,1997,18.13
422,1,1998,19.32
422,1,1999,20.2
422,1,2000,20.57
422,1,2001,20.84
422,1,2002,21.35
422,1,2003,21.55
422,1,2004,21.92
422,1,2005,23.11
422,1,2006,24.8
422,1,2007,26.83
422,1,2008,28.51
422,1,2009,29.77
422,1,2010,30.82
422,1,2011,32.15
422,1,2012,32.97
422,1,2013,33.2
422,1,2014,34.12
422,1,2015,34.75
422,1,2016,34.97
422,1,2017,35.82
422,1,2018,36.59
422,1,2019,38.38
422,1,2020,39.72
422,1,2021,36.37
422,1,2022,31.52
422,1,2023,36.68
435,1,1980,202.36
435,1,1981,207.51
435,1,1982,211.97
435,1,1983,215.56
435,1,1984,219.89
435,1,1985,230.88
435,1,1986,237.87
435,1,1987,244.15
435,1,1988,249.66
435,1,1989,255.64
435,1,1990,259.85
435,1,1991,264.45
435,1,1992,274.25
435,1,1993,281.12
435,1,1994,285.21
435,1,1995,294.7
435,1,1996,295.07
435,1,1997,288.44
435,1,1998,294.41
435,1,1999,294.33
435,1,2000,300.14
435,1,2001,295.56
435,1,2002,299.08
435,1,2003,306.45
435,1,2004,310.49
435,1,2005,309.54
435,1,2006,320.13
435,1,2007,319.23
435,1,2008,318.38
435,1,2009,322.48
435,1,2010,325.15
435,1,2011,329.26
435,1,2012,336.71
435,1,2013,345.79
435,1,2014,356.49
435,1,2015,363.28
435,1,2016,373.91
435,1,2017,380.12
435,1,2018,384.46
435,1,2019,387.79
435,1,2020,420.41
435,1,2021,407.01
435,1,2022,459.68
435,1,2023,479.68
522,1,1980,225.4
522,1,1981,234.34
522,1,1982,244.1
522,1,1983,253.98
522,1,1984,263.42
522,1,1985,275.04
522,1,1986,291.62
522,1,1987,309.6
522,1,1988,329.65
522,1,1989,349.95
522,1,1990,371.64
522,1,1991,393.77
522,1,1992,413.57
522,1,1993,437.93
522,1,1994,454.18
522,1,1995,475.79
522,1,1996,496.62
522,1,1997,512.22
522,1,1998,530.17
522,1,1999,538.08
522,1,2000,557.36
522,1,2001,574.1
522,1,2002,593.36
522,1,2003,605.33
522,1,2004,620.35
522,1,2005,626.66
522,1,2006,641.9
522,1,2007,656.48
522,1,2008,676.26
522,1,2009,695.81
522,1,2010,705.18
522,1,2011,715.3
522,1,2012,727.81
522,1,2013,763.2
522,1,2014,801.81
522,1,2015,820.79
522,1,2016,851.72
522,1,2017,882.43
522,1,2018,913.14
522,1,2019,964.26
522,1,2020,1055.87
522,1,2021,1087.2
522,1,2022,1153.03
522,1,2023,1186.77
