location,sex,year,road_injuries_deaths_rate_age_standardized
6,1,1980,44.78
6,1,1981,44.91
6,1,1982,45.07
6,1,1983,44.87
6,1,1984,44.5
6,1,1985,44.01
6,1,1986,43.99
6,1,1987,44.16
6,1,1988,45.2
6,1,1989,46.29
6,1,1990,46.81
6,1,1991,46.84
6,1,1992,46.5
6,1,1993,45.79
6,1,1994,45.11
6,1,1995,44.3
6,1,1996,43.44
6,1,1997,42.64
6,1,1998,41.86
6,1,1999,41.21
6,1,2000,40.64
6,1,2001,40.17
6,1,2002,39.59
6,1,2003,38.84
6,1,2004,37.91
6,1,2005,36.99
6,1,2006,36
6,1,2007,34.68
6,1,2008,32.96
6,1,2009,30.97
6,1,2010,28.99
6,1,2011,27.1
6,1,2012,25.34
6,1,2013,23.14
6,1,2014,21.49
6,1,2015,20.1
6,1,2016,18.99
6,1,2017,17.63
6,1,2018,16.25
6,1,2019,14.49
6,1,2020,13.28
6,1,2021,13.47
6,1,2022,13.83
6,1,2023,12.8
6,2,1980,23.12
6,2,1981,22.34
6,2,1982,21.82
6,2,1983,21.07
6,2,1984,20.32
6,2,1985,19.48
6,2,1986,18.67
6,2,1987,18.07
6,2,1988,17.75
6,2,1989,17.51
6,2,1990,17.28
6,2,1991,16.98
6,2,1992,16.77
6,2,1993,16.58
6,2,1994,16.46
6,2,1995,16.41
6,2,1996,16.32
6,2,1997,16.23
6,2,1998,16.1
6,2,1999,15.94
6,2,2000,15.86
6,2,2001,15.66
6,2,2002,15.22
6,2,2003,14.73
6,2,2004,14.07
6,2,2005,13.47
6,2,2006,12.95
6,2,2007,12.35
6,2,2008,11.63
6,2,2009,10.92
6,2,2010,10.18
6,2,2011,9.44
6,2,2012,8.83
6,2,2013,8.24
6,2,2014,7.83
6,2,2015,7.52
6,2,2016,7.26
6,2,2017,6.86
6,2,2018,6.31
6,2,2019,5.73
6,2,2020,5.3
6,2,2021,5.31
6,2,2022,5.35
6,2,2023,5.15
6,3,1980,33.96
6,3,1981,33.66
6,3,1982,33.49
6,3,1983,33.03
6,3,1984,32.48
6,3,1985,31.83
6,3,1986,31.44
6,3,1987,31.25
6,3,1988,31.63
6,3,1989,32.08
6,3,1990,32.25
6,3,1991,32.13
6,3,1992,31.87
6,3,1993,31.43
6,3,1994,31.03
6,3,1995,30.6
6,3,1996,30.11
6,3,1997,29.65
6,3,1998,29.18
6,3,1999,28.77
6,3,2000,28.43
6,3,2001,28.09
6,3,2002,27.58
6,3,2003,26.95
6,3,2004,26.15
6,3,2005,25.37
6,3,2006,24.61
6,3,2007,23.63
6,3,2008,22.4
6,3,2009,21.05
6,3,2010,19.68
6,3,2011,18.35
6,3,2012,17.17
6,3,2013,15.76
6,3,2014,14.72
6,3,2015,13.87
6,3,2016,13.18
6,3,2017,12.29
6,3,2018,11.32
6,3,2019,10.16
6,3,2020,9.33
6,3,2021,9.43
6,3,2022,9.63
6,3,2023,9.03
7,1,1980,43.52
7,1,1981,43.2
7,1,1982,42.75
7,1,1983,42.09
7,1,1984,41.48
7,1,1985,40.87
7,1,1986,40.27
7,1,1987,39.6
7,1,1988,38.95
7,1,1989,38.12
7,1,1990,37.18
7,1,1991,36.35
7,1,1992,35.41
7,1,1993,34.49
7,1,1994,33.59
7,1,1995,32.73
7,1,1996,32.09
7,1,1997,31.43
7,1,1998,30.82
7,1,1999,30.32
7,1,2000,29.79
7,1,2001,28.9
7,1,2002,28.61
7,1,2003,28.27
7,1,2004,28.27
7,1,2005,28.32
7,1,2006,28.45
7,1,2007,28.4
7,1,2008,28.88
7,1,2009,28.38
7,1,2010,28.53
7,1,2011,28.26
7,1,2012,28.05
7,1,2013,27.62
7,1,2014,27.01
7,1,2015,27.1
7,1,2016,26.92
7,1,2017,26.71
7,1,2018,27.12
7,1,2019,26.9
7,1,2020,26.79
7,1,2021,26.7
7,1,2022,26.97
7,1,2023,26.58
7,2,1980,13.14
7,2,1981,12.8
7,2,1982,12.42
7,2,1983,12.04
7,2,1984,11.73
7,2,1985,11.46
7,2,1986,11.24
7,2,1987,10.99
7,2,1988,10.8
7,2,1989,10.64
7,2,1990,10.46
7,2,1991,10.45
7,2,1992,10.44
7,2,1993,10.44
7,2,1994,10.47
7,2,1995,10.43
7,2,1996,10.42
7,2,1997,10.38
7,2,1998,10.38
7,2,1999,10.41
7,2,2000,10.44
7,2,2001,10.45
7,2,2002,10.49
7,2,2003,10.55
7,2,2004,10.68
7,2,2005,10.78
7,2,2006,10.8
7,2,2007,10.7
7,2,2008,10.65
7,2,2009,10.52
7,2,2010,10.54
7,2,2011,10.56
7,2,2012,10.57
7,2,2013,10.53
7,2,2014,10.5
7,2,2015,10.59
7,2,2016,10.63
7,2,2017,10.75
7,2,2018,10.97
7,2,2019,11.13
7,2,2020,11.23
7,2,2021,11.4
7,2,2022,11.67
7,2,2023,11.72
7,3,1980,26.96
7,3,1981,26.68
7,3,1982,26.32
7,3,1983,25.85
7,3,1984,25.44
7,3,1985,25.05
7,3,1986,24.69
7,3,1987,24.29
7,3,1988,23.91
7,3,1989,23.46
7,3,1990,22.94
7,3,1991,22.57
7,3,1992,22.15
7,3,1993,21.73
7,3,1994,21.34
7,3,1995,20.93
7,3,1996,20.64
7,3,1997,20.32
7,3,1998,20.04
7,3,1999,19.84
7,3,2000,19.62
7,3,2001,19.23
7,3,2002,19.13
7,3,2003,19.01
7,3,2004,19.09
7,3,2005,19.17
7,3,2006,19.25
7,3,2007,19.18
7,3,2008,19.38
7,3,2009,19.08
7,3,2010,19.17
7,3,2011,19.06
7,3,2012,18.98
7,3,2013,18.77
7,3,2014,18.47
7,3,2015,18.56
7,3,2016,18.5
7,3,2017,18.48
7,3,2018,18.79
7,3,2019,18.77
7,3,2020,18.77
7,3,2021,18.82
7,3,2022,19.11
7,3,2023,18.96
8,1,1980,58.46
8,1,1981,53.57
8,1,1982,51.2
8,1,1983,49.34
8,1,1984,49.05
8,1,1985,49.15
8,1,1986,51.97
8,1,1987,55.72
8,1,1988,58.04
8,1,1989,57.6
8,1,1990,55.53
8,1,1991,54.47
8,1,1992,53.12
8,1,1993,52.09
8,1,1994,50.88
8,1,1995,49.92
8,1,1996,47.34
8,1,1997,43.26
8,1,1998,39.09
8,1,1999,36.2
8,1,2000,33.73
8,1,2001,30.58
8,1,2002,28.45
8,1,2003,27.78
8,1,2004,28.25
8,1,2005,27.68
8,1,2006,26.61
8,1,2007,24.36
8,1,2008,22.64
8,1,2009,21.51
8,1,2010,20.81
8,1,2011,20.03
8,1,2012,18.89
8,1,2013,18.03
8,1,2014,17.89
8,1,2015,17.3
8,1,2016,16.9
8,1,2017,16.33
8,1,2018,15.92
8,1,2019,15.16
8,1,2020,14.7
8,1,2021,15.01
8,1,2022,15.04
8,1,2023,14.94
8,2,1980,19.19
8,2,1981,17.73
8,2,1982,16.76
8,2,1983,16.66
8,2,1984,16.66
8,2,1985,16.39
8,2,1986,17.52
8,2,1987,18.91
8,2,1988,19.43
8,2,1989,19.46
8,2,1990,19.18
8,2,1991,18.66
8,2,1992,18.43
8,2,1993,18.2
8,2,1994,17.78
8,2,1995,17.42
8,2,1996,16.13
8,2,1997,14.71
8,2,1998,14.05
8,2,1999,13.01
8,2,2000,12.03
8,2,2001,11.09
8,2,2002,10.71
8,2,2003,10.34
8,2,2004,10.1
8,2,2005,9.76
8,2,2006,9.49
8,2,2007,8.96
8,2,2008,8.2
8,2,2009,7.86
8,2,2010,7.92
8,2,2011,7.59
8,2,2012,7.21
8,2,2013,7.15
8,2,2014,6.9
8,2,2015,6.48
8,2,2016,6.24
8,2,2017,6.36
8,2,2018,6.2
8,2,2019,5.99
8,2,2020,5.75
8,2,2021,5.86
8,2,2022,5.79
8,2,2023,5.6
8,3,1980,39.26
8,3,1981,36.14
8,3,1982,34.47
8,3,1983,33.5
8,3,1984,33.43
8,3,1985,33.32
8,3,1986,35.3
8,3,1987,37.92
8,3,1988,39.35
8,3,1989,39.13
8,3,1990,37.97
8,3,1991,37.16
8,3,1992,36.36
8,3,1993,35.65
8,3,1994,34.8
8,3,1995,34.12
8,3,1996,32.13
8,3,1997,29.31
8,3,1998,26.84
8,3,1999,24.84
8,3,2000,23.08
8,3,2001,20.99
8,3,2002,19.7
8,3,2003,19.16
8,3,2004,19.27
8,3,2005,18.79
8,3,2006,18.11
8,3,2007,16.69
8,3,2008,15.42
8,3,2009,14.67
8,3,2010,14.34
8,3,2011,13.78
8,3,2012,13.01
8,3,2013,12.53
8,3,2014,12.33
8,3,2015,11.8
8,3,2016,11.48
8,3,2017,11.25
8,3,2018,10.96
8,3,2019,10.48
8,3,2020,10.13
8,3,2021,10.33
8,3,2022,10.31
8,3,2023,10.16
10,1,1980,51.8
10,1,1981,53.54
10,1,1982,55.29
10,1,1983,57.52
10,1,1984,59.22
10,1,1985,60.61
10,1,1986,61.83
10,1,1987,62.48
10,1,1988,63.19
10,1,1989,63.21
10,1,1990,62.63
10,1,1991,62.23
10,1,1992,61.33
10,1,1993,59.99
10,1,1994,58.37
10,1,1995,56.68
10,1,1996,54.59
10,1,1997,52.58
10,1,1998,51.19
10,1,1999,49.23
10,1,2000,46.38
10,1,2001,45.44
10,1,2002,43.71
10,1,2003,41.37
10,1,2004,40.26
10,1,2005,39.32
10,1,2006,38.08
10,1,2007,38.34
10,1,2008,37.79
10,1,2009,37.37
10,1,2010,36.61
10,1,2011,36.09
10,1,2012,35.59
10,1,2013,34.53
10,1,2014,33.47
10,1,2015,32.59
10,1,2016,31.95
10,1,2017,30.82
10,1,2018,30.04
10,1,2019,29.5
10,1,2020,29.17
10,1,2021,28.37
10,1,2022,28.92
10,1,2023,30.34
10,2,1980,17.47
10,2,1981,17.59
10,2,1982,17.73
10,2,1983,18.06
10,2,1984,18.19
10,2,1985,18.44
10,2,1986,18.68
10,2,1987,18.91
10,2,1988,19.3
10,2,1989,19.57
10,2,1990,19.78
10,2,1991,19.98
10,2,1992,20.08
10,2,1993,19.97
10,2,1994,19.6
10,2,1995,19.02
10,2,1996,18
10,2,1997,16.94
10,2,1998,16.18
10,2,1999,14.96
10,2,2000,13.66
10,2,2001,13.28
10,2,2002,12.65
10,2,2003,11.79
10,2,2004,11.25
10,2,2005,10.99
10,2,2006,10.45
10,2,2007,10.51
10,2,2008,10.2
10,2,2009,9.96
10,2,2010,9.75
10,2,2011,9.65
10,2,2012,9.68
10,2,2013,9.6
10,2,2014,9.31
10,2,2015,9.17
10,2,2016,9.12
10,2,2017,8.77
10,2,2018,8.67
10,2,2019,8.72
10,2,2020,8.93
10,2,2021,8.36
10,2,2022,8.64
10,2,2023,9.3
10,3,1980,32.42
10,3,1981,33.3
10,3,1982,34.19
10,3,1983,35.47
10,3,1984,36.42
10,3,1985,37.33
10,3,1986,38.12
10,3,1987,38.64
10,3,1988,39.26
10,3,1989,39.48
10,3,1990,39.38
10,3,1991,39.35
10,3,1992,39.06
10,3,1993,38.44
10,3,1994,37.53
10,3,1995,36.49
10,3,1996,35
10,3,1997,33.53
10,3,1998,32.5
10,3,1999,30.97
10,3,2000,28.97
10,3,2001,28.34
10,3,2002,27.19
10,3,2003,25.64
10,3,2004,24.84
10,3,2005,24.27
10,3,2006,23.41
10,3,2007,23.58
10,3,2008,23.18
10,3,2009,22.88
10,3,2010,22.42
10,3,2011,22.15
10,3,2012,21.96
10,3,2013,21.44
10,3,2014,20.8
10,3,2015,20.33
10,3,2016,20.02
10,3,2017,19.32
10,3,2018,18.91
10,3,2019,18.69
10,3,2020,18.66
10,3,2021,17.98
10,3,2022,18.4
10,3,2023,19.44
11,1,1980,23.88
11,1,1981,24.04
11,1,1982,24.11
11,1,1983,24.1
11,1,1984,23.97
11,1,1985,23.76
11,1,1986,23.64
11,1,1987,23.31
11,1,1988,23.05
11,1,1989,22.74
11,1,1990,22.38
11,1,1991,22.06
11,1,1992,21.69
11,1,1993,21.43
11,1,1994,21.31
11,1,1995,21.38
11,1,1996,21.64
11,1,1997,21.93
11,1,1998,22.19
11,1,1999,22.51
11,1,2000,22.83
11,1,2001,23.11
11,1,2002,23.26
11,1,2003,23.71
11,1,2004,24.77
11,1,2005,25.05
11,1,2006,25.79
11,1,2007,26.52
11,1,2008,27.07
11,1,2009,27.83
11,1,2010,28.24
11,1,2011,28.76
11,1,2012,28.31
11,1,2013,28.12
11,1,2014,27.79
11,1,2015,27.3
11,1,2016,27.15
11,1,2017,26.89
11,1,2018,26.78
11,1,2019,26.51
11,1,2020,26.93
11,1,2021,27.71
11,1,2022,25.02
11,1,2023,24.73
11,2,1980,9.35
11,2,1981,9.21
11,2,1982,9.02
11,2,1983,8.8
11,2,1984,8.6
11,2,1985,8.39
11,2,1986,8.22
11,2,1987,8.05
11,2,1988,7.91
11,2,1989,7.77
11,2,1990,7.62
11,2,1991,7.46
11,2,1992,7.3
11,2,1993,7.12
11,2,1994,6.97
11,2,1995,6.87
11,2,1996,6.84
11,2,1997,6.83
11,2,1998,6.78
11,2,1999,6.74
11,2,2000,6.75
11,2,2001,6.77
11,2,2002,6.85
11,2,2003,7.1
11,2,2004,7.91
11,2,2005,7.62
11,2,2006,7.82
11,2,2007,8.09
11,2,2008,8.38
11,2,2009,8.64
11,2,2010,8.93
11,2,2011,9.11
11,2,2012,9.07
11,2,2013,9.14
11,2,2014,9.2
11,2,2015,9.18
11,2,2016,9.27
11,2,2017,9.31
11,2,2018,9.43
11,2,2019,9.48
11,2,2020,9.82
11,2,2021,10.34
11,2,2022,9.02
11,2,2023,9.14
11,3,1980,16.39
11,3,1981,16.39
11,3,1982,16.34
11,3,1983,16.22
11,3,1984,16.06
11,3,1985,15.85
11,3,1986,15.71
11,3,1987,15.47
11,3,1988,15.27
11,3,1989,15.05
11,3,1990,14.8
11,3,1991,14.56
11,3,1992,14.3
11,3,1993,14.08
11,3,1994,13.95
11,3,1995,13.94
11,3,1996,14.06
11,3,1997,14.2
11,3,1998,14.32
11,3,1999,14.46
11,3,2000,14.63
11,3,2001,14.79
11,3,2002,14.92
11,3,2003,15.27
11,3,2004,16.21
11,3,2005,16.22
11,3,2006,16.69
11,3,2007,17.2
11,3,2008,17.63
11,3,2009,18.14
11,3,2010,18.5
11,3,2011,18.86
11,3,2012,18.62
11,3,2013,18.58
11,3,2014,18.45
11,3,2015,18.2
11,3,2016,18.19
11,3,2017,18.08
11,3,2018,18.1
11,3,2019,18
11,3,2020,18.38
11,3,2021,19.02
11,3,2022,17.02
11,3,2023,16.94
12,1,1980,24.15
12,1,1981,24.73
12,1,1982,25.41
12,1,1983,26
12,1,1984,26.47
12,1,1985,26.9
12,1,1986,27.26
12,1,1987,27.65
12,1,1988,28.02
12,1,1989,28.29
12,1,1990,28.59
12,1,1991,28.98
12,1,1992,29.72
12,1,1993,30.59
12,1,1994,31.35
12,1,1995,31.87
12,1,1996,31.99
12,1,1997,31.85
12,1,1998,31.77
12,1,1999,31.35
12,1,2000,30.42
12,1,2001,30.53
12,1,2002,30.49
12,1,2003,30.61
12,1,2004,30.8
12,1,2005,30.66
12,1,2006,31.09
12,1,2007,31.56
12,1,2008,32.26
12,1,2009,33.09
12,1,2010,33.75
12,1,2011,34.34
12,1,2012,34.68
12,1,2013,34.79
12,1,2014,34.71
12,1,2015,32.81
12,1,2016,32.92
12,1,2017,33
12,1,2018,33.11
12,1,2019,32.46
12,1,2020,32.52
12,1,2021,31.79
12,1,2022,32.86
12,1,2023,32.96
12,2,1980,12.82
12,2,1981,12.69
12,2,1982,12.58
12,2,1983,12.51
12,2,1984,12.5
12,2,1985,12.53
12,2,1986,12.57
12,2,1987,12.68
12,2,1988,12.82
12,2,1989,12.98
12,2,1990,13.24
12,2,1991,13.53
12,2,1992,13.98
12,2,1993,14.46
12,2,1994,14.79
12,2,1995,14.78
12,2,1996,14.63
12,2,1997,14.25
12,2,1998,13.92
12,2,1999,13.32
12,2,2000,12.49
12,2,2001,12.21
12,2,2002,11.88
12,2,2003,11.64
12,2,2004,11.45
12,2,2005,11.2
12,2,2006,11.15
12,2,2007,11.21
12,2,2008,11.36
12,2,2009,11.66
12,2,2010,11.9
12,2,2011,12.18
12,2,2012,12.44
12,2,2013,12.8
12,2,2014,13.1
12,2,2015,12.8
12,2,2016,13.18
12,2,2017,13.4
12,2,2018,13.7
12,2,2019,13.79
12,2,2020,14.11
12,2,2021,13.91
12,2,2022,14.52
12,2,2023,14.84
12,3,1980,18.22
12,3,1981,18.44
12,3,1982,18.71
12,3,1983,18.97
12,3,1984,19.19
12,3,1985,19.41
12,3,1986,19.6
12,3,1987,19.84
12,3,1988,20.09
12,3,1989,20.3
12,3,1990,20.58
12,3,1991,20.94
12,3,1992,21.53
12,3,1993,22.22
12,3,1994,22.78
12,3,1995,23.05
12,3,1996,23.05
12,3,1997,22.81
12,3,1998,22.62
12,3,1999,22.13
12,3,2000,21.27
12,3,2001,21.2
12,3,2002,21.02
12,3,2003,20.97
12,3,2004,20.98
12,3,2005,20.78
12,3,2006,20.98
12,3,2007,21.25
12,3,2008,21.67
12,3,2009,22.24
12,3,2010,22.7
12,3,2011,23.14
12,3,2012,23.45
12,3,2013,23.69
12,3,2014,23.81
12,3,2015,22.73
12,3,2016,22.98
12,3,2017,23.15
12,3,2018,23.36
12,3,2019,23.09
12,3,2020,23.29
12,3,2021,22.84
12,3,2022,23.69
12,3,2023,23.91
13,1,1980,54.16
13,1,1981,54.55
13,1,1982,54.56
13,1,1983,54.27
13,1,1984,53.41
13,1,1985,52.05
13,1,1986,50.74
13,1,1987,49.34
13,1,1988,48.2
13,1,1989,47.45
13,1,1990,46.65
13,1,1991,46.04
13,1,1992,45.54
13,1,1993,45.31
13,1,1994,45.61
13,1,1995,45.93
13,1,1996,46.36
13,1,1997,46.04
13,1,1998,46.34
13,1,1999,45.06
13,1,2000,44.22
13,1,2001,42.41
13,1,2002,41.77
13,1,2003,40.98
13,1,2004,40.07
13,1,2005,38.86
13,1,2006,37.99
13,1,2007,37.74
13,1,2008,37.85
13,1,2009,38.11
13,1,2010,37.86
13,1,2011,37.55
13,1,2012,36.82
13,1,2013,36.12
13,1,2014,35.32
13,1,2015,34.44
13,1,2016,33.49
13,1,2017,32.02
13,1,2018,30.31
13,1,2019,28.06
13,1,2020,26.18
13,1,2021,24.95
13,1,2022,27.52
13,1,2023,26.92
13,2,1980,17.71
13,2,1981,17.27
13,2,1982,16.81
13,2,1983,16.41
13,2,1984,15.96
13,2,1985,15.32
13,2,1986,14.89
13,2,1987,14.42
13,2,1988,14.03
13,2,1989,13.79
13,2,1990,13.58
13,2,1991,13.33
13,2,1992,12.94
13,2,1993,12.52
13,2,1994,12.38
13,2,1995,11.96
13,2,1996,11.71
13,2,1997,11.36
13,2,1998,11.31
13,2,1999,10.95
13,2,2000,10.79
13,2,2001,10.52
13,2,2002,10.18
13,2,2003,9.86
13,2,2004,9.59
13,2,2005,9.4
13,2,2006,9.27
13,2,2007,9.24
13,2,2008,9.16
13,2,2009,9.08
13,2,2010,9
13,2,2011,8.83
13,2,2012,8.63
13,2,2013,8.6
13,2,2014,8.43
13,2,2015,8.23
13,2,2016,7.99
13,2,2017,7.59
13,2,2018,7.17
13,2,2019,6.57
13,2,2020,6.2
13,2,2021,6.2
13,2,2022,6.66
13,2,2023,6.93
13,3,1980,35.64
13,3,1981,35.61
13,3,1982,35.36
13,3,1983,35
13,3,1984,34.36
13,3,1985,33.37
13,3,1986,32.51
13,3,1987,31.58
13,3,1988,30.82
13,3,1989,30.34
13,3,1990,29.84
13,3,1991,29.43
13,3,1992,29
13,3,1993,28.69
13,3,1994,28.79
13,3,1995,28.76
13,3,1996,28.89
13,3,1997,28.58
13,3,1998,28.72
13,3,1999,27.91
13,3,2000,27.42
13,3,2001,26.4
13,3,2002,25.93
13,3,2003,25.39
13,3,2004,24.82
13,3,2005,24.15
13,3,2006,23.69
13,3,2007,23.58
13,3,2008,23.63
13,3,2009,23.75
13,3,2010,23.61
13,3,2011,23.4
13,3,2012,22.97
13,3,2013,22.63
13,3,2014,22.16
13,3,2015,21.64
13,3,2016,21.06
13,3,2017,20.13
13,3,2018,19.07
13,3,2019,17.63
13,3,2020,16.49
13,3,2021,15.88
13,3,2022,17.43
13,3,2023,17.26
14,1,1980,6.29
14,1,1981,6.31
14,1,1982,6.54
14,1,1983,6.8
14,1,1984,7.01
14,1,1985,6.98
14,1,1986,7.06
14,1,1987,7.04
14,1,1988,7.01
14,1,1989,6.99
14,1,1990,6.96
14,1,1991,7.02
14,1,1992,7.01
14,1,1993,7.03
14,1,1994,6.97
14,1,1995,6.78
14,1,1996,6.8
14,1,1997,6.81
14,1,1998,6.85
14,1,1999,6.5
14,1,2000,6.52
14,1,2001,6.57
14,1,2002,6.62
14,1,2003,6.76
14,1,2004,6.99
14,1,2005,7.06
14,1,2006,7.27
14,1,2007,7.44
14,1,2008,7.45
14,1,2009,7.39
14,1,2010,7.24
14,1,2011,7.06
14,1,2012,6.78
14,1,2013,6.56
14,1,2014,6.35
14,1,2015,6.22
14,1,2016,6.13
14,1,2017,6.13
14,1,2018,6.06
14,1,2019,5.99
14,1,2020,5.73
14,1,2021,5.29
14,1,2022,5.43
14,1,2023,5.47
14,2,1980,4.12
14,2,1981,3.97
14,2,1982,3.86
14,2,1983,3.79
14,2,1984,3.75
14,2,1985,3.64
14,2,1986,3.68
14,2,1987,3.64
14,2,1988,3.6
14,2,1989,3.58
14,2,1990,3.62
14,2,1991,3.67
14,2,1992,3.68
14,2,1993,3.57
14,2,1994,3.35
14,2,1995,3.25
14,2,1996,3.31
14,2,1997,3.2
14,2,1998,3
14,2,1999,2.83
14,2,2000,2.79
14,2,2001,2.73
14,2,2002,2.59
14,2,2003,2.56
14,2,2004,2.53
14,2,2005,2.44
14,2,2006,2.43
14,2,2007,2.4
14,2,2008,2.33
14,2,2009,2.24
14,2,2010,2.16
14,2,2011,2.06
14,2,2012,1.96
14,2,2013,1.89
14,2,2014,1.82
14,2,2015,1.78
14,2,2016,1.75
14,2,2017,1.74
14,2,2018,1.73
14,2,2019,1.72
14,2,2020,1.68
14,2,2021,1.63
14,2,2022,1.58
14,2,2023,1.53
14,3,1980,5.29
14,3,1981,5.24
14,3,1982,5.31
14,3,1983,5.41
14,3,1984,5.49
14,3,1985,5.42
14,3,1986,5.47
14,3,1987,5.43
14,3,1988,5.39
14,3,1989,5.36
14,3,1990,5.36
14,3,1991,5.41
14,3,1992,5.41
14,3,1993,5.35
14,3,1994,5.21
14,3,1995,5.07
14,3,1996,5.12
14,3,1997,5.07
14,3,1998,5
14,3,1999,4.75
14,3,2000,4.74
14,3,2001,4.73
14,3,2002,4.67
14,3,2003,4.73
14,3,2004,4.83
14,3,2005,4.82
14,3,2006,4.94
14,3,2007,5.03
14,3,2008,5.03
14,3,2009,5
14,3,2010,4.91
14,3,2011,4.81
14,3,2012,4.65
14,3,2013,4.52
14,3,2014,4.4
14,3,2015,4.33
14,3,2016,4.28
14,3,2017,4.29
14,3,2018,4.26
14,3,2019,4.22
14,3,2020,4.05
14,3,2021,3.76
14,3,2022,3.82
14,3,2023,3.82
15,1,1980,31.19
15,1,1981,31.51
15,1,1982,31.88
15,1,1983,32.42
15,1,1984,32.84
15,1,1985,33.15
15,1,1986,33.74
15,1,1987,34.25
15,1,1988,34.65
15,1,1989,35.04
15,1,1990,35.25
15,1,1991,35.97
15,1,1992,36.19
15,1,1993,36.44
15,1,1994,36.54
15,1,1995,36.77
15,1,1996,36.87
15,1,1997,36.98
15,1,1998,37.19
15,1,1999,36.9
15,1,2000,36.75
15,1,2001,36.68
15,1,2002,35.93
15,1,2003,35.29
15,1,2004,34.81
15,1,2005,34.75
15,1,2006,33.68
15,1,2007,33.12
15,1,2008,33.41
15,1,2009,32.58
15,1,2010,31.85
15,1,2011,31.54
15,1,2012,30.63
15,1,2013,27.99
15,1,2014,28.19
15,1,2015,30.69
15,1,2016,30.53
15,1,2017,30.53
15,1,2018,27.85
15,1,2019,28.1
15,1,2020,28.77
15,1,2021,30.54
15,1,2022,28.72
15,1,2023,29.55
15,2,1980,14.6
15,2,1981,14.23
15,2,1982,13.85
15,2,1983,13.54
15,2,1984,13.23
15,2,1985,12.94
15,2,1986,12.85
15,2,1987,12.84
15,2,1988,12.9
15,2,1989,12.98
15,2,1990,13.27
15,2,1991,13.63
15,2,1992,13.74
15,2,1993,13.81
15,2,1994,13.8
15,2,1995,13.81
15,2,1996,13.64
15,2,1997,13.49
15,2,1998,13.51
15,2,1999,13.27
15,2,2000,13.13
15,2,2001,12.92
15,2,2002,12.55
15,2,2003,12.22
15,2,2004,12.05
15,2,2005,11.9
15,2,2006,11.34
15,2,2007,10.95
15,2,2008,11.91
15,2,2009,10.68
15,2,2010,10.3
15,2,2011,10.26
15,2,2012,9.92
15,2,2013,9.06
15,2,2014,9.27
15,2,2015,10.44
15,2,2016,10.61
15,2,2017,10.7
15,2,2018,9.59
15,2,2019,9.78
15,2,2020,10.06
15,2,2021,10.68
15,2,2022,10.3
15,2,2023,10.79
15,3,1980,22.72
15,3,1981,22.68
15,3,1982,22.67
15,3,1983,22.77
15,3,1984,22.82
15,3,1985,22.82
15,3,1986,23.05
15,3,1987,23.28
15,3,1988,23.49
15,3,1989,23.7
15,3,1990,23.92
15,3,1991,24.44
15,3,1992,24.58
15,3,1993,24.71
15,3,1994,24.73
15,3,1995,24.83
15,3,1996,24.76
15,3,1997,24.72
15,3,1998,24.81
15,3,1999,24.53
15,3,2000,24.37
15,3,2001,24.21
15,3,2002,23.64
15,3,2003,23.15
15,3,2004,22.81
15,3,2005,22.69
15,3,2006,21.88
15,3,2007,21.4
15,3,2008,22.03
15,3,2009,20.99
15,3,2010,20.44
15,3,2011,20.27
15,3,2012,19.65
15,3,2013,17.97
15,3,2014,18.17
15,3,2015,19.96
15,3,2016,19.97
15,3,2017,20.01
15,3,2018,18.17
15,3,2019,18.38
15,3,2020,18.85
15,3,2021,19.98
15,3,2022,18.93
15,3,2023,19.59
16,1,1980,13.94
16,1,1981,14.13
16,1,1982,14.42
16,1,1983,15.08
16,1,1984,15.62
16,1,1985,15.93
16,1,1986,16.19
16,1,1987,16.05
16,1,1988,15.84
16,1,1989,15.6
16,1,1990,15.27
16,1,1991,15.1
16,1,1992,15.08
16,1,1993,15.03
16,1,1994,14.9
16,1,1995,14.92
16,1,1996,15.14
16,1,1997,15.33
16,1,1998,15.39
16,1,1999,15.55
16,1,2000,15.74
16,1,2001,15.97
16,1,2002,16.2
16,1,2003,16.19
16,1,2004,16.34
16,1,2005,16.68
16,1,2006,16.98
16,1,2007,16.94
16,1,2008,17.29
16,1,2009,17.73
16,1,2010,17.99
16,1,2011,18.15
16,1,2012,18.33
16,1,2013,18.46
16,1,2014,18.83
16,1,2015,17.77
16,1,2016,18.73
16,1,2017,19.05
16,1,2018,18.85
16,1,2019,18.37
16,1,2020,17.37
16,1,2021,19.67
16,1,2022,19.91
16,1,2023,17.82
16,2,1980,4.93
16,2,1981,4.92
16,2,1982,4.95
16,2,1983,5.03
16,2,1984,5.16
16,2,1985,5.2
16,2,1986,5.33
16,2,1987,5.32
16,2,1988,5.19
16,2,1989,5.03
16,2,1990,4.87
16,2,1991,4.79
16,2,1992,4.78
16,2,1993,4.76
16,2,1994,4.77
16,2,1995,4.81
16,2,1996,4.87
16,2,1997,4.88
16,2,1998,4.87
16,2,1999,4.99
16,2,2000,5.09
16,2,2001,5.22
16,2,2002,5.35
16,2,2003,5.23
16,2,2004,5.13
16,2,2005,5.2
16,2,2006,5.2
16,2,2007,5.16
16,2,2008,5.18
16,2,2009,5.27
16,2,2010,5.31
16,2,2011,5.34
16,2,2012,5.39
16,2,2013,5.43
16,2,2014,5.46
16,2,2015,4.98
16,2,2016,5.14
16,2,2017,5.1
16,2,2018,4.99
16,2,2019,4.85
16,2,2020,4.59
16,2,2021,5.17
16,2,2022,5.2
16,2,2023,4.65
16,3,1980,9.41
16,3,1981,9.48
16,3,1982,9.64
16,3,1983,10
16,3,1984,10.34
16,3,1985,10.52
16,3,1986,10.71
16,3,1987,10.64
16,3,1988,10.47
16,3,1989,10.28
16,3,1990,10.03
16,3,1991,9.91
16,3,1992,9.89
16,3,1993,9.86
16,3,1994,9.8
16,3,1995,9.83
16,3,1996,9.97
16,3,1997,10.07
16,3,1998,10.09
16,3,1999,10.23
16,3,2000,10.37
16,3,2001,10.55
16,3,2002,10.73
16,3,2003,10.66
16,3,2004,10.68
16,3,2005,10.88
16,3,2006,11.03
16,3,2007,10.99
16,3,2008,11.17
16,3,2009,11.43
16,3,2010,11.58
16,3,2011,11.67
16,3,2012,11.78
16,3,2013,11.86
16,3,2014,12.06
16,3,2015,11.3
16,3,2016,11.87
16,3,2017,12.01
16,3,2018,11.85
16,3,2019,11.55
16,3,2020,10.92
16,3,2021,12.33
16,3,2022,12.49
16,3,2023,11.18
17,1,1980,22.12
17,1,1981,22.15
17,1,1982,22.67
17,1,1983,23.5
17,1,1984,24.5
17,1,1985,25.23
17,1,1986,25.61
17,1,1987,26.16
17,1,1988,27.53
17,1,1989,27.69
17,1,1990,28.5
17,1,1991,27.4
17,1,1992,25.92
17,1,1993,26.11
17,1,1994,26.96
17,1,1995,28.27
17,1,1996,30.89
17,1,1997,30.46
17,1,1998,30.58
17,1,1999,29.79
17,1,2000,28.34
17,1,2001,27.25
17,1,2002,25.67
17,1,2003,23.75
17,1,2004,23.89
17,1,2005,21.58
17,1,2006,21.25
17,1,2007,21.44
17,1,2008,20.74
17,1,2009,21.11
17,1,2010,20.96
17,1,2011,20.35
17,1,2012,19.75
17,1,2013,19.45
17,1,2014,19.35
17,1,2015,18.95
17,1,2016,18.52
17,1,2017,18.61
17,1,2018,18.63
17,1,2019,17.94
17,1,2020,17.77
17,1,2021,16.77
17,1,2022,21.98
17,1,2023,24.21
17,2,1980,7.43
17,2,1981,7.06
17,2,1982,7.16
17,2,1983,7.05
17,2,1984,7.05
17,2,1985,7.13
17,2,1986,7.18
17,2,1987,7.08
17,2,1988,7.14
17,2,1989,7.01
17,2,1990,7.01
17,2,1991,6.98
17,2,1992,6.87
17,2,1993,6.82
17,2,1994,6.84
17,2,1995,6.65
17,2,1996,6.77
17,2,1997,6.61
17,2,1998,6.62
17,2,1999,6.29
17,2,2000,5.89
17,2,2001,5.78
17,2,2002,5.51
17,2,2003,5.07
17,2,2004,5.49
17,2,2005,4.64
17,2,2006,4.72
17,2,2007,4.7
17,2,2008,4.67
17,2,2009,4.57
17,2,2010,4.54
17,2,2011,4.49
17,2,2012,4.39
17,2,2013,4.34
17,2,2014,4.32
17,2,2015,4.28
17,2,2016,4.28
17,2,2017,4.35
17,2,2018,4.35
17,2,2019,4.14
17,2,2020,4.18
17,2,2021,4.21
17,2,2022,5.21
17,2,2023,5.52
17,3,1980,14.89
17,3,1981,14.7
17,3,1982,15
17,3,1983,15.36
17,3,1984,15.85
17,3,1985,16.23
17,3,1986,16.45
17,3,1987,16.64
17,3,1988,17.36
17,3,1989,17.39
17,3,1990,17.73
17,3,1991,17.1
17,3,1992,16.28
17,3,1993,16.3
17,3,1994,16.71
17,3,1995,17.22
17,3,1996,18.58
17,3,1997,18.25
17,3,1998,18.26
17,3,1999,17.71
17,3,2000,16.74
17,3,2001,16.13
17,3,2002,15.2
17,3,2003,14.02
17,3,2004,14.32
17,3,2005,12.72
17,3,2006,12.61
17,3,2007,12.69
17,3,2008,12.32
17,3,2009,12.44
17,3,2010,12.33
17,3,2011,12.01
17,3,2012,11.67
17,3,2013,11.49
17,3,2014,11.43
17,3,2015,11.2
17,3,2016,11
17,3,2017,11.07
17,3,2018,11.09
17,3,2019,10.64
17,3,2020,10.6
17,3,2021,10.11
17,3,2022,13.16
17,3,2023,14.4
18,1,1980,72.04
18,1,1981,71.91
18,1,1982,70.42
18,1,1983,67.41
18,1,1984,61.88
18,1,1985,57.09
18,1,1986,54.67
18,1,1987,55.27
18,1,1988,57.35
18,1,1989,60.32
18,1,1990,62.73
18,1,1991,65.13
18,1,1992,68.27
18,1,1993,72.84
18,1,1994,79.72
18,1,1995,85.34
18,1,1996,80.4
18,1,1997,66.07
18,1,1998,60.94
18,1,1999,69.39
18,1,2000,74.95
18,1,2001,77.96
18,1,2002,76.64
18,1,2003,75.34
18,1,2004,72.33
18,1,2005,67.79
18,1,2006,62.38
18,1,2007,58.88
18,1,2008,54.95
18,1,2009,52.01
18,1,2010,51.08
18,1,2011,48.59
18,1,2012,46.87
18,1,2013,45.34
18,1,2014,44.81
18,1,2015,45.05
18,1,2016,45.43
18,1,2017,44.68
18,1,2018,43.15
18,1,2019,43.5
18,1,2020,42.8
18,1,2021,43.28
18,1,2022,44.48
18,1,2023,43.6
18,2,1980,20.29
18,2,1981,19.72
18,2,1982,19.13
18,2,1983,18.27
18,2,1984,16.86
18,2,1985,15.49
18,2,1986,14.76
18,2,1987,14.46
18,2,1988,14.35
18,2,1989,14.32
18,2,1990,14.23
18,2,1991,14.29
18,2,1992,14.35
18,2,1993,14.56
18,2,1994,14.93
18,2,1995,15.22
18,2,1996,14.47
18,2,1997,13.41
18,2,1998,13.38
18,2,1999,15.12
18,2,2000,16.39
18,2,2001,17.11
18,2,2002,16.44
18,2,2003,15.72
18,2,2004,14.89
18,2,2005,13.91
18,2,2006,13.27
18,2,2007,13.06
18,2,2008,12.58
18,2,2009,12.05
18,2,2010,11.78
18,2,2011,11.39
18,2,2012,11.2
18,2,2013,11.04
18,2,2014,10.92
18,2,2015,10.89
18,2,2016,10.85
18,2,2017,10.6
18,2,2018,9.96
18,2,2019,10.05
18,2,2020,9.91
18,2,2021,9.86
18,2,2022,10.28
18,2,2023,10.33
18,3,1980,45.49
18,3,1981,45.11
18,3,1982,44.07
18,3,1983,42.14
18,3,1984,38.7
18,3,1985,35.64
18,3,1986,34.08
18,3,1987,34.22
18,3,1988,35.19
18,3,1989,36.64
18,3,1990,37.79
18,3,1991,38.99
18,3,1992,40.55
18,3,1993,42.9
18,3,1994,46.47
18,3,1995,49.39
18,3,1996,46.6
18,3,1997,39.03
18,3,1998,36.46
18,3,1999,41.45
18,3,2000,44.82
18,3,2001,46.67
18,3,2002,45.7
18,3,2003,44.72
18,3,2004,42.82
18,3,2005,40.08
18,3,2006,37.1
18,3,2007,35.26
18,3,2008,33.08
18,3,2009,31.47
18,3,2010,30.94
18,3,2011,29.44
18,3,2012,28.42
18,3,2013,27.59
18,3,2014,27.26
18,3,2015,27.35
18,3,2016,27.51
18,3,2017,27.03
18,3,2018,25.96
18,3,2019,26.16
18,3,2020,25.74
18,3,2021,25.92
18,3,2022,26.7
18,3,2023,26.31
19,1,1980,25.89
19,1,1981,25.96
19,1,1982,26.07
19,1,1983,26.18
19,1,1984,26.34
19,1,1985,26.45
19,1,1986,26.46
19,1,1987,26.54
19,1,1988,26.25
19,1,1989,26.1
19,1,1990,26.09
19,1,1991,25.91
19,1,1992,25.91
19,1,1993,25.91
19,1,1994,25.54
19,1,1995,25.16
19,1,1996,24.84
19,1,1997,24.37
19,1,1998,24.05
19,1,1999,23.3
19,1,2000,23.22
19,1,2001,22.54
19,1,2002,21.27
19,1,2003,21.21
19,1,2004,19.44
19,1,2005,19.76
19,1,2006,19.53
19,1,2007,19.81
19,1,2008,19.72
19,1,2009,20.44
19,1,2010,20.81
19,1,2011,22.78
19,1,2012,23.71
19,1,2013,24.35
19,1,2014,24.65
19,1,2015,25.31
19,1,2016,25.75
19,1,2017,26.11
19,1,2018,26.38
19,1,2019,26.63
19,1,2020,27.18
19,1,2021,26.56
19,1,2022,25.69
19,1,2023,25.71
19,2,1980,15.98
19,2,1981,15.84
19,2,1982,15.58
19,2,1983,15.37
19,2,1984,15.24
19,2,1985,15.2
19,2,1986,15.24
19,2,1987,15.33
19,2,1988,15.35
19,2,1989,15.44
19,2,1990,15.56
19,2,1991,15.53
19,2,1992,15.68
19,2,1993,15.71
19,2,1994,15.48
19,2,1995,15.09
19,2,1996,14.59
19,2,1997,13.9
19,2,1998,13.37
19,2,1999,12.7
19,2,2000,12.59
19,2,2001,12.1
19,2,2002,11.23
19,2,2003,11.16
19,2,2004,9.87
19,2,2005,10.05
19,2,2006,9.84
19,2,2007,9.9
19,2,2008,9.65
19,2,2009,10.17
19,2,2010,10.35
19,2,2011,11.52
19,2,2012,12.06
19,2,2013,12.25
19,2,2014,12.36
19,2,2015,12.64
19,2,2016,12.95
19,2,2017,13.23
19,2,2018,13.42
19,2,2019,13.65
19,2,2020,14.03
19,2,2021,13.82
19,2,2022,13.46
19,2,2023,13.89
19,3,1980,21.03
19,3,1981,20.98
19,3,1982,20.9
19,3,1983,20.84
19,3,1984,20.85
19,3,1985,20.89
19,3,1986,20.92
19,3,1987,21.01
19,3,1988,20.88
19,3,1989,20.85
19,3,1990,20.92
19,3,1991,20.83
19,3,1992,20.91
19,3,1993,20.94
19,3,1994,20.65
19,3,1995,20.26
19,3,1996,19.87
19,3,1997,19.29
19,3,1998,18.86
19,3,1999,18.14
19,3,2000,18.02
19,3,2001,17.42
19,3,2002,16.34
19,3,2003,16.26
19,3,2004,14.73
19,3,2005,14.98
19,3,2006,14.76
19,3,2007,14.94
19,3,2008,14.77
19,3,2009,15.39
19,3,2010,15.67
19,3,2011,17.24
19,3,2012,17.97
19,3,2013,18.38
19,3,2014,18.58
19,3,2015,19.04
19,3,2016,19.41
19,3,2017,19.73
19,3,2018,19.96
19,3,2019,20.21
19,3,2020,20.68
19,3,2021,20.27
19,3,2022,19.67
19,3,2023,19.89
20,1,1980,50.98
20,1,1981,50.58
20,1,1982,50.4
20,1,1983,50.03
20,1,1984,49.69
20,1,1985,49.35
20,1,1986,48.98
20,1,1987,48.63
20,1,1988,48.37
20,1,1989,48.02
20,1,1990,47.57
20,1,1991,47.38
20,1,1992,47.28
20,1,1993,47.16
20,1,1994,47.19
20,1,1995,47.29
20,1,1996,47.56
20,1,1997,47.99
20,1,1998,48.56
20,1,1999,48.89
20,1,2000,49.21
20,1,2001,49.56
20,1,2002,49.95
20,1,2003,49.73
20,1,2004,49.63
20,1,2005,49.2
20,1,2006,49
20,1,2007,48.44
20,1,2008,47.66
20,1,2009,46.98
20,1,2010,47.24
20,1,2011,46.26
20,1,2012,45.3
20,1,2013,40.51
20,1,2014,39.86
20,1,2015,38.64
20,1,2016,37.61
20,1,2017,36.22
20,1,2018,35.15
20,1,2019,34.14
20,1,2020,33.37
20,1,2021,31.67
20,1,2022,31.4
20,1,2023,31.8
20,2,1980,23.7
20,2,1981,23.33
20,2,1982,22.97
20,2,1983,22.55
20,2,1984,22.18
20,2,1985,21.93
20,2,1986,21.73
20,2,1987,21.59
20,2,1988,21.55
20,2,1989,21.58
20,2,1990,21.65
20,2,1991,21.65
20,2,1992,21.54
20,2,1993,21.28
20,2,1994,21
20,2,1995,20.75
20,2,1996,20.5
20,2,1997,20.27
20,2,1998,20.17
20,2,1999,19.93
20,2,2000,19.8
20,2,2001,19.82
20,2,2002,19.77
20,2,2003,19.64
20,2,2004,19.49
20,2,2005,19.25
20,2,2006,18.98
20,2,2007,18.76
20,2,2008,18.58
20,2,2009,18.31
20,2,2010,18.39
20,2,2011,18.19
20,2,2012,18
20,2,2013,15.97
20,2,2014,16.09
20,2,2015,15.98
20,2,2016,16.05
20,2,2017,15.78
20,2,2018,15.59
20,2,2019,15.46
20,2,2020,15.38
20,2,2021,15.12
20,2,2022,15.19
20,2,2023,15.68
20,3,1980,35.93
20,3,1981,35.55
20,3,1982,35.28
20,3,1983,34.89
20,3,1984,34.54
20,3,1985,34.26
20,3,1986,33.99
20,3,1987,33.77
20,3,1988,33.64
20,3,1989,33.52
20,3,1990,33.38
20,3,1991,33.31
20,3,1992,33.24
20,3,1993,33.08
20,3,1994,32.99
20,3,1995,32.94
20,3,1996,32.97
20,3,1997,33.09
20,3,1998,33.33
20,3,1999,33.39
20,3,2000,33.5
20,3,2001,33.69
20,3,2002,33.85
20,3,2003,33.69
20,3,2004,33.57
20,3,2005,33.24
20,3,2006,33.01
20,3,2007,32.62
20,3,2008,32.16
20,3,2009,31.72
20,3,2010,31.9
20,3,2011,31.35
20,3,2012,30.82
20,3,2013,27.53
20,3,2014,27.3
20,3,2015,26.68
20,3,2016,26.26
20,3,2017,25.48
20,3,2018,24.9
20,3,2019,24.37
20,3,2020,23.98
20,3,2021,23.03
20,3,2022,22.95
20,3,2023,23.41
22,1,1980,19
22,1,1981,18.57
22,1,1982,18.85
22,1,1983,19.02
22,1,1984,19.04
22,1,1985,18.4
22,1,1986,18.04
22,1,1987,18.02
22,1,1988,17.9
22,1,1989,17.78
22,1,1990,17.65
22,1,1991,17.6
22,1,1992,17.69
22,1,1993,17.54
22,1,1994,17.56
22,1,1995,17.51
22,1,1996,17.29
22,1,1997,17.14
22,1,1998,17.36
22,1,1999,17.1
22,1,2000,16.76
22,1,2001,16.77
22,1,2002,16.88
22,1,2003,17.04
22,1,2004,17.26
22,1,2005,16.92
22,1,2006,16.83
22,1,2007,16.58
22,1,2008,16.16
22,1,2009,15.78
22,1,2010,15.25
22,1,2011,14.66
22,1,2012,13.92
22,1,2013,14.97
22,1,2014,14.79
22,1,2015,13.42
22,1,2016,13.27
22,1,2017,13.22
22,1,2018,13.21
22,1,2019,12.94
22,1,2020,12.92
22,1,2021,12.94
22,1,2022,13.34
22,1,2023,13.84
22,2,1980,6.39
22,2,1981,6.01
22,2,1982,5.95
22,2,1983,5.93
22,2,1984,5.84
22,2,1985,5.62
22,2,1986,5.41
22,2,1987,5.39
22,2,1988,5.33
22,2,1989,5.34
22,2,1990,5.35
22,2,1991,5.38
22,2,1992,5.47
22,2,1993,5.43
22,2,1994,5.43
22,2,1995,5.42
22,2,1996,5.31
22,2,1997,5.2
22,2,1998,5.29
22,2,1999,5.21
22,2,2000,5.08
22,2,2001,5.07
22,2,2002,5.02
22,2,2003,5.17
22,2,2004,5.25
22,2,2005,5.27
22,2,2006,5.25
22,2,2007,5.18
22,2,2008,5.12
22,2,2009,5.06
22,2,2010,5.18
22,2,2011,5.27
22,2,2012,5.25
22,2,2013,5.85
22,2,2014,5.75
22,2,2015,5.07
22,2,2016,4.99
22,2,2017,4.92
22,2,2018,4.89
22,2,2019,4.77
22,2,2020,4.84
22,2,2021,4.8
22,2,2022,4.98
22,2,2023,5.18
22,3,1980,12.74
22,3,1981,12.34
22,3,1982,12.45
22,3,1983,12.52
22,3,1984,12.49
22,3,1985,12.05
22,3,1986,11.76
22,3,1987,11.73
22,3,1988,11.64
22,3,1989,11.58
22,3,1990,11.52
22,3,1991,11.5
22,3,1992,11.59
22,3,1993,11.5
22,3,1994,11.5
22,3,1995,11.48
22,3,1996,11.31
22,3,1997,11.19
22,3,1998,11.35
22,3,1999,11.18
22,3,2000,10.95
22,3,2001,10.95
22,3,2002,10.98
22,3,2003,11.14
22,3,2004,11.29
22,3,2005,11.12
22,3,2006,11.07
22,3,2007,10.91
22,3,2008,10.66
22,3,2009,10.44
22,3,2010,10.23
22,3,2011,9.98
22,3,2012,9.6
22,3,2013,10.42
22,3,2014,10.27
22,3,2015,9.25
22,3,2016,9.12
22,3,2017,9.07
22,3,2018,9.04
22,3,2019,8.84
22,3,2020,8.87
22,3,2021,8.85
22,3,2022,9.13
22,3,2023,9.47
23,1,1980,13.47
23,1,1981,13.23
23,1,1982,13.19
23,1,1983,13
23,1,1984,12.86
23,1,1985,12.72
23,1,1986,12.61
23,1,1987,12.68
23,1,1988,12.64
23,1,1989,12.45
23,1,1990,12.37
23,1,1991,12.22
23,1,1992,11.79
23,1,1993,11.93
23,1,1994,12.19
23,1,1995,12.67
23,1,1996,12.39
23,1,1997,12.17
23,1,1998,12.04
23,1,1999,12.13
23,1,2000,12.2
23,1,2001,12.25
23,1,2002,12.44
23,1,2003,12.42
23,1,2004,12.42
23,1,2005,12.55
23,1,2006,12.58
23,1,2007,12.83
23,1,2008,13.13
23,1,2009,13.46
23,1,2010,13.79
23,1,2011,13.83
23,1,2012,13.71
23,1,2013,13.78
23,1,2014,13.75
23,1,2015,13.8
23,1,2016,13.72
23,1,2017,13.79
23,1,2018,13.07
23,1,2019,12.69
23,1,2020,13.03
23,1,2021,13.68
23,1,2022,13.09
23,1,2023,13.08
23,2,1980,2.49
23,2,1981,2.45
23,2,1982,2.41
23,2,1983,2.38
23,2,1984,2.35
23,2,1985,2.33
23,2,1986,2.31
23,2,1987,2.3
23,2,1988,2.27
23,2,1989,2.28
23,2,1990,2.26
23,2,1991,2.26
23,2,1992,2.15
23,2,1993,2.29
23,2,1994,2.39
23,2,1995,2.49
23,2,1996,2.47
23,2,1997,2.46
23,2,1998,2.46
23,2,1999,2.5
23,2,2000,2.48
23,2,2001,2.46
23,2,2002,2.47
23,2,2003,2.44
23,2,2004,2.39
23,2,2005,2.39
23,2,2006,2.36
23,2,2007,2.41
23,2,2008,2.43
23,2,2009,2.46
23,2,2010,2.52
23,2,2011,2.53
23,2,2012,2.51
23,2,2013,2.55
23,2,2014,2.58
23,2,2015,2.59
23,2,2016,2.59
23,2,2017,2.63
23,2,2018,2.46
23,2,2019,2.4
23,2,2020,2.5
23,2,2021,2.61
23,2,2022,2.46
23,2,2023,2.46
23,3,1980,7.83
23,3,1981,7.69
23,3,1982,7.65
23,3,1983,7.54
23,3,1984,7.45
23,3,1985,7.37
23,3,1986,7.3
23,3,1987,7.32
23,3,1988,7.29
23,3,1989,7.2
23,3,1990,7.15
23,3,1991,7.07
23,3,1992,6.8
23,3,1993,6.94
23,3,1994,7.11
23,3,1995,7.39
23,3,1996,7.24
23,3,1997,7.12
23,3,1998,7.05
23,3,1999,7.11
23,3,2000,7.14
23,3,2001,7.15
23,3,2002,7.24
23,3,2003,7.22
23,3,2004,7.2
23,3,2005,7.26
23,3,2006,7.26
23,3,2007,7.42
23,3,2008,7.57
23,3,2009,7.74
23,3,2010,7.92
23,3,2011,7.95
23,3,2012,7.87
23,3,2013,7.92
23,3,2014,7.91
23,3,2015,7.94
23,3,2016,7.91
23,3,2017,7.96
23,3,2018,7.53
23,3,2019,7.33
23,3,2020,7.56
23,3,2021,7.94
23,3,2022,7.57
23,3,2023,7.58
24,1,1980,36.28
24,1,1981,35.36
24,1,1982,34.75
24,1,1983,32.5
24,1,1984,31.74
24,1,1985,30.9
24,1,1986,30.4
24,1,1987,30.37
24,1,1988,30.14
24,1,1989,29.78
24,1,1990,29.57
24,1,1991,29.61
24,1,1992,29.82
24,1,1993,30.22
24,1,1994,31.91
24,1,1995,31.92
24,1,1996,32.17
24,1,1997,32.27
24,1,1998,32.34
24,1,1999,32.33
24,1,2000,32.25
24,1,2001,31.88
24,1,2002,31.33
24,1,2003,31.05
24,1,2004,30.19
24,1,2005,29.4
24,1,2006,28.58
24,1,2007,27.97
24,1,2008,27.05
24,1,2009,26.58
24,1,2010,25.91
24,1,2011,25.69
24,1,2012,25.37
24,1,2013,24.66
24,1,2014,24.51
24,1,2015,23.95
24,1,2016,23.82
24,1,2017,23.86
24,1,2018,23.92
24,1,2019,24.06
24,1,2020,24.75
24,1,2021,27.12
24,1,2022,26.02
24,1,2023,26.28
24,2,1980,14.09
24,2,1981,13.79
24,2,1982,13.4
24,2,1983,12.89
24,2,1984,12.44
24,2,1985,12.14
24,2,1986,11.78
24,2,1987,11.48
24,2,1988,11.13
24,2,1989,10.8
24,2,1990,10.53
24,2,1991,10.45
24,2,1992,10.35
24,2,1993,10.24
24,2,1994,10.13
24,2,1995,9.99
24,2,1996,9.85
24,2,1997,9.79
24,2,1998,9.78
24,2,1999,9.7
24,2,2000,9.87
24,2,2001,9.78
24,2,2002,9.89
24,2,2003,10.02
24,2,2004,10.12
24,2,2005,10.12
24,2,2006,9.98
24,2,2007,10.01
24,2,2008,9.93
24,2,2009,9.92
24,2,2010,9.98
24,2,2011,10.02
24,2,2012,9.88
24,2,2013,9.93
24,2,2014,9.82
24,2,2015,9.89
24,2,2016,9.83
24,2,2017,9.84
24,2,2018,9.84
24,2,2019,9.81
24,2,2020,9.92
24,2,2021,10.55
24,2,2022,10.28
24,2,2023,10.43
24,3,1980,24.9
24,3,1981,24.31
24,3,1982,23.84
24,3,1983,22.52
24,3,1984,21.96
24,3,1985,21.41
24,3,1986,21
24,3,1987,20.87
24,3,1988,20.61
24,3,1989,20.28
24,3,1990,20.06
24,3,1991,20.06
24,3,1992,20.13
24,3,1993,20.29
24,3,1994,21.09
24,3,1995,21.02
24,3,1996,21.09
24,3,1997,21.1
24,3,1998,21.13
24,3,1999,21.08
24,3,2000,21.1
24,3,2001,20.85
24,3,2002,20.62
24,3,2003,20.53
24,3,2004,20.12
24,3,2005,19.72
24,3,2006,19.24
24,3,2007,18.95
24,3,2008,18.45
24,3,2009,18.22
24,3,2010,17.92
24,3,2011,17.83
24,3,2012,17.61
24,3,2013,17.28
24,3,2014,17.16
24,3,2015,16.92
24,3,2016,16.83
24,3,2017,16.86
24,3,2018,16.89
24,3,2019,16.95
24,3,2020,17.35
24,3,2021,18.84
24,3,2022,18.16
24,3,2023,18.37
25,1,1980,27.23
25,1,1981,26.56
25,1,1982,25.71
25,1,1983,25.25
25,1,1984,24.33
25,1,1985,23.57
25,1,1986,23.42
25,1,1987,23.01
25,1,1988,22.72
25,1,1989,22.45
25,1,1990,21.89
25,1,1991,21.63
25,1,1992,21.43
25,1,1993,21.28
25,1,1994,21.17
25,1,1995,21.45
25,1,1996,21.57
25,1,1997,21.61
25,1,1998,21.77
25,1,1999,21.61
25,1,2000,22.43
25,1,2001,22.58
25,1,2002,22.21
25,1,2003,21.73
25,1,2004,21.05
25,1,2005,20.84
25,1,2006,20.01
25,1,2007,19.81
25,1,2008,19.46
25,1,2009,19.14
25,1,2010,18.75
25,1,2011,18.13
25,1,2012,17.67
25,1,2013,17.29
25,1,2014,17.16
25,1,2015,17.23
25,1,2016,16.77
25,1,2017,16.46
25,1,2018,16.71
25,1,2019,15.82
25,1,2020,15.57
25,1,2021,16.68
25,1,2022,15.22
25,1,2023,15.2
25,2,1980,8.95
25,2,1981,8.64
25,2,1982,8.24
25,2,1983,8.2
25,2,1984,7.92
25,2,1985,7.67
25,2,1986,7.42
25,2,1987,7.22
25,2,1988,7.03
25,2,1989,7.01
25,2,1990,6.96
25,2,1991,6.89
25,2,1992,6.79
25,2,1993,6.73
25,2,1994,6.67
25,2,1995,6.64
25,2,1996,6.59
25,2,1997,6.55
25,2,1998,6.54
25,2,1999,6.52
25,2,2000,6.73
25,2,2001,6.48
25,2,2002,6.53
25,2,2003,6.3
25,2,2004,6.17
25,2,2005,6.11
25,2,2006,5.95
25,2,2007,5.81
25,2,2008,5.65
25,2,2009,5.49
25,2,2010,5.4
25,2,2011,5.34
25,2,2012,5.31
25,2,2013,5.25
25,2,2014,5.18
25,2,2015,5.17
25,2,2016,5.13
25,2,2017,5.07
25,2,2018,5.08
25,2,2019,4.56
25,2,2020,4.73
25,2,2021,4.79
25,2,2022,4.33
25,2,2023,4.4
25,3,1980,17.79
25,3,1981,17.33
25,3,1982,16.73
25,3,1983,16.49
25,3,1984,15.91
25,3,1985,15.41
25,3,1986,15.21
25,3,1987,14.9
25,3,1988,14.66
25,3,1989,14.53
25,3,1990,14.23
25,3,1991,14.06
25,3,1992,13.9
25,3,1993,13.79
25,3,1994,13.7
25,3,1995,13.81
25,3,1996,13.83
25,3,1997,13.82
25,3,1998,13.89
25,3,1999,13.8
25,3,2000,14.3
25,3,2001,14.25
25,3,2002,14.1
25,3,2003,13.76
25,3,2004,13.37
25,3,2005,13.25
25,3,2006,12.77
25,3,2007,12.62
25,3,2008,12.38
25,3,2009,12.15
25,3,2010,11.93
25,3,2011,11.61
25,3,2012,11.39
25,3,2013,11.18
25,3,2014,11.08
25,3,2015,11.13
25,3,2016,10.89
25,3,2017,10.71
25,3,2018,10.86
25,3,2019,10.15
25,3,2020,10.09
25,3,2021,10.65
25,3,2022,9.7
25,3,2023,9.74
26,1,1980,29.09
26,1,1981,29.03
26,1,1982,28.58
26,1,1983,28.5
26,1,1984,28.36
26,1,1985,28.22
26,1,1986,28.09
26,1,1987,27.72
26,1,1988,27.5
26,1,1989,27.4
26,1,1990,27.18
26,1,1991,27.13
26,1,1992,26.99
26,1,1993,26.85
26,1,1994,26.77
26,1,1995,26.54
26,1,1996,26.64
26,1,1997,26.33
26,1,1998,26.18
26,1,1999,26.21
26,1,2000,25.98
26,1,2001,25.42
26,1,2002,25.23
26,1,2003,24.91
26,1,2004,24.68
26,1,2005,24.98
26,1,2006,25.2
26,1,2007,26.02
26,1,2008,26.2
26,1,2009,26.08
26,1,2010,26.99
26,1,2011,27.5
26,1,2012,27.3
26,1,2013,26.2
26,1,2014,26.14
26,1,2015,26.56
26,1,2016,25.6
26,1,2017,25.49
26,1,2018,25.13
26,1,2019,25.55
26,1,2020,24.86
26,1,2021,24.31
26,1,2022,24.46
26,1,2023,24.39
26,2,1980,17.59
26,2,1981,17.17
26,2,1982,16.22
26,2,1983,15.68
26,2,1984,15.18
26,2,1985,14.87
26,2,1986,14.53
26,2,1987,14.09
26,2,1988,13.7
26,2,1989,13.53
26,2,1990,13.35
26,2,1991,13.32
26,2,1992,13.34
26,2,1993,13.37
26,2,1994,13.46
26,2,1995,13.39
26,2,1996,13.6
26,2,1997,13.35
26,2,1998,13.39
26,2,1999,13.54
26,2,2000,13.23
26,2,2001,12.87
26,2,2002,12.63
26,2,2003,12.1
26,2,2004,11.7
26,2,2005,11.64
26,2,2006,11.58
26,2,2007,12
26,2,2008,11.9
26,2,2009,11.52
26,2,2010,12.3
26,2,2011,12.7
26,2,2012,12.72
26,2,2013,12.07
26,2,2014,12.3
26,2,2015,12.91
26,2,2016,12.4
26,2,2017,12.47
26,2,2018,12.35
26,2,2019,12.95
26,2,2020,12.57
26,2,2021,12.39
26,2,2022,13.29
26,2,2023,13.41
26,3,1980,23.58
26,3,1981,23.35
26,3,1982,22.66
26,3,1983,22.35
26,3,1984,22.03
26,3,1985,21.8
26,3,1986,21.55
26,3,1987,21.13
26,3,1988,20.82
26,3,1989,20.67
26,3,1990,20.46
26,3,1991,20.41
26,3,1992,20.33
26,3,1993,20.27
26,3,1994,20.27
26,3,1995,20.1
26,3,1996,20.26
26,3,1997,19.97
26,3,1998,19.92
26,3,1999,20.01
26,3,2000,19.75
26,3,2001,19.29
26,3,2002,19.09
26,3,2003,18.67
26,3,2004,18.37
26,3,2005,18.5
26,3,2006,18.59
26,3,2007,19.22
26,3,2008,19.26
26,3,2009,19.02
26,3,2010,19.87
26,3,2011,20.32
26,3,2012,20.23
26,3,2013,19.35
26,3,2014,19.44
26,3,2015,19.96
26,3,2016,19.23
26,3,2017,19.21
26,3,2018,18.97
26,3,2019,19.49
26,3,2020,18.95
26,3,2021,18.58
26,3,2022,19.1
26,3,2023,19.12
27,1,1980,21.92
27,1,1981,21.93
27,1,1982,21.97
27,1,1983,22.02
27,1,1984,21.86
27,1,1985,21.93
27,1,1986,22.07
27,1,1987,21.91
27,1,1988,21.73
27,1,1989,21.53
27,1,1990,21.33
27,1,1991,21.2
27,1,1992,20.92
27,1,1993,20.77
27,1,1994,20.73
27,1,1995,20.57
27,1,1996,20.53
27,1,1997,20.52
27,1,1998,20.42
27,1,1999,20.28
27,1,2000,19.93
27,1,2001,19.82
27,1,2002,19.38
27,1,2003,19.11
27,1,2004,18.82
27,1,2005,18.26
27,1,2006,18.1
27,1,2007,18.21
27,1,2008,18.1
27,1,2009,17.84
27,1,2010,17.45
27,1,2011,17.19
27,1,2012,16.13
27,1,2013,16
27,1,2014,15.98
27,1,2015,16.54
27,1,2016,16.04
27,1,2017,15.6
27,1,2018,15.12
27,1,2019,14.95
27,1,2020,14.77
27,1,2021,15.74
27,1,2022,15.18
27,1,2023,15.46
27,2,1980,8.67
27,2,1981,8.49
27,2,1982,8.33
27,2,1983,8.14
27,2,1984,8.33
27,2,1985,8.17
27,2,1986,8.01
27,2,1987,7.88
27,2,1988,7.77
27,2,1989,7.69
27,2,1990,7.62
27,2,1991,7.65
27,2,1992,7.69
27,2,1993,7.73
27,2,1994,7.81
27,2,1995,7.87
27,2,1996,7.93
27,2,1997,7.97
27,2,1998,8.02
27,2,1999,8.17
27,2,2000,8.19
27,2,2001,8.2
27,2,2002,8.19
27,2,2003,8.18
27,2,2004,8.12
27,2,2005,8.04
27,2,2006,7.92
27,2,2007,7.84
27,2,2008,7.73
27,2,2009,7.59
27,2,2010,7.46
27,2,2011,7.35
27,2,2012,7.32
27,2,2013,7.23
27,2,2014,7.17
27,2,2015,7.54
27,2,2016,7.53
27,2,2017,7.43
27,2,2018,7.39
27,2,2019,7.39
27,2,2020,7.45
27,2,2021,7.93
27,2,2022,7.71
27,2,2023,7.91
27,3,1980,15.43
27,3,1981,15.36
27,3,1982,15.32
27,3,1983,15.27
27,3,1984,15.3
27,3,1985,15.28
27,3,1986,15.29
27,3,1987,15.16
27,3,1988,15.03
27,3,1989,14.9
27,3,1990,14.77
27,3,1991,14.71
27,3,1992,14.58
27,3,1993,14.52
27,3,1994,14.53
27,3,1995,14.47
27,3,1996,14.47
27,3,1997,14.49
27,3,1998,14.46
27,3,1999,14.45
27,3,2000,14.28
27,3,2001,14.22
27,3,2002,13.98
27,3,2003,13.83
27,3,2004,13.66
27,3,2005,13.33
27,3,2006,13.18
27,3,2007,13.2
27,3,2008,13.08
27,3,2009,12.87
27,3,2010,12.61
27,3,2011,12.42
27,3,2012,11.85
27,3,2013,11.74
27,3,2014,11.7
27,3,2015,12.15
27,3,2016,11.88
27,3,2017,11.6
27,3,2018,11.32
27,3,2019,11.22
27,3,2020,11.15
27,3,2021,11.86
27,3,2022,11.46
27,3,2023,11.69
28,1,1980,23.96
28,1,1981,23.74
28,1,1982,23.45
28,1,1983,23.36
28,1,1984,23.39
28,1,1985,23.39
28,1,1986,23.55
28,1,1987,23.69
28,1,1988,23.49
28,1,1989,23.77
28,1,1990,23.62
28,1,1991,24.37
28,1,1992,24.07
28,1,1993,24.3
28,1,1994,24.49
28,1,1995,24.32
28,1,1996,24.49
28,1,1997,24.74
28,1,1998,24.71
28,1,1999,24.34
28,1,2000,24.2
28,1,2001,23.67
28,1,2002,23.29
28,1,2003,22.62
28,1,2004,21.89
28,1,2005,21.68
28,1,2006,21.45
28,1,2007,20.9
28,1,2008,20.03
28,1,2009,20.7
28,1,2010,20.25
28,1,2011,21.39
28,1,2012,21.65
28,1,2013,21.82
28,1,2014,22.33
28,1,2015,22.11
28,1,2016,21.55
28,1,2017,21.52
28,1,2018,19.74
28,1,2019,20.02
28,1,2020,20.53
28,1,2021,21.18
28,1,2022,21.7
28,1,2023,21.92
28,2,1980,12.23
28,2,1981,11.93
28,2,1982,11.53
28,2,1983,11.2
28,2,1984,10.56
28,2,1985,10.19
28,2,1986,10.05
28,2,1987,9.89
28,2,1988,9.62
28,2,1989,9.44
28,2,1990,9.4
28,2,1991,9.57
28,2,1992,9.37
28,2,1993,9.36
28,2,1994,9.42
28,2,1995,9.25
28,2,1996,9.23
28,2,1997,9.34
28,2,1998,9.45
28,2,1999,9.38
28,2,2000,9.45
28,2,2001,9.11
28,2,2002,9.05
28,2,2003,8.91
28,2,2004,8.71
28,2,2005,8.8
28,2,2006,8.94
28,2,2007,8.78
28,2,2008,8.4
28,2,2009,9.09
28,2,2010,8.92
28,2,2011,9.99
28,2,2012,10.36
28,2,2013,10.67
28,2,2014,11.29
28,2,2015,11.41
28,2,2016,11.08
28,2,2017,11.16
28,2,2018,9.97
28,2,2019,10.18
28,2,2020,10.39
28,2,2021,10.43
28,2,2022,11.06
28,2,2023,11.22
28,3,1980,18.66
28,3,1981,18.4
28,3,1982,18.05
28,3,1983,17.84
28,3,1984,17.55
28,3,1985,17.36
28,3,1986,17.37
28,3,1987,17.36
28,3,1988,17.12
28,3,1989,17.17
28,3,1990,17.06
28,3,1991,17.52
28,3,1992,17.24
28,3,1993,17.34
28,3,1994,17.45
28,3,1995,17.26
28,3,1996,17.32
28,3,1997,17.48
28,3,1998,17.49
28,3,1999,17.23
28,3,2000,17.18
28,3,2001,16.72
28,3,2002,16.47
28,3,2003,16.04
28,3,2004,15.55
28,3,2005,15.47
28,3,2006,15.4
28,3,2007,15.03
28,3,2008,14.38
28,3,2009,15.05
28,3,2010,14.73
28,3,2011,15.83
28,3,2012,16.14
28,3,2013,16.37
28,3,2014,16.93
28,3,2015,16.88
28,3,2016,16.43
28,3,2017,16.45
28,3,2018,14.96
28,3,2019,15.21
28,3,2020,15.56
28,3,2021,15.91
28,3,2022,16.48
28,3,2023,16.68
29,1,1980,24.11
29,1,1981,23.95
29,1,1982,23.8
29,1,1983,23.68
29,1,1984,23.4
29,1,1985,23.29
29,1,1986,23.12
29,1,1987,23.18
29,1,1988,22.88
29,1,1989,22.79
29,1,1990,22.86
29,1,1991,23.06
29,1,1992,23.53
29,1,1993,23.73
29,1,1994,23.6
29,1,1995,23.55
29,1,1996,23.19
29,1,1997,23.06
29,1,1998,22.8
29,1,1999,22.47
29,1,2000,21.94
29,1,2001,22.81
29,1,2002,23.08
29,1,2003,22.01
29,1,2004,18.94
29,1,2005,18.21
29,1,2006,16.54
29,1,2007,17.12
29,1,2008,16.19
29,1,2009,17.99
29,1,2010,16.82
29,1,2011,19.1
29,1,2012,17.62
29,1,2013,15.9
29,1,2014,15.62
29,1,2015,15.45
29,1,2016,15.28
29,1,2017,15.03
29,1,2018,14.58
29,1,2019,14.38
29,1,2020,14.57
29,1,2021,15.79
29,1,2022,15.08
29,1,2023,15.32
29,2,1980,10.67
29,2,1981,10.39
29,2,1982,10.05
29,2,1983,9.73
29,2,1984,9.35
29,2,1985,9.07
29,2,1986,8.8
29,2,1987,8.58
29,2,1988,8.41
29,2,1989,8.31
29,2,1990,8.2
29,2,1991,8.17
29,2,1992,8.16
29,2,1993,8.09
29,2,1994,8
29,2,1995,8.03
29,2,1996,7.97
29,2,1997,7.75
29,2,1998,7.61
29,2,1999,7.73
29,2,2000,7.65
29,2,2001,7.44
29,2,2002,7.21
29,2,2003,7.04
29,2,2004,6.96
29,2,2005,6.86
29,2,2006,6.6
29,2,2007,6.6
29,2,2008,6.59
29,2,2009,7
29,2,2010,7.25
29,2,2011,7.58
29,2,2012,7.57
29,2,2013,6.73
29,2,2014,6.67
29,2,2015,6.66
29,2,2016,6.6
29,2,2017,6.52
29,2,2018,6.44
29,2,2019,6.36
29,2,2020,6.56
29,2,2021,7.25
29,2,2022,6.76
29,2,2023,6.82
29,3,1980,17.28
29,3,1981,17.04
29,3,1982,16.77
29,3,1983,16.53
29,3,1984,16.18
29,3,1985,15.97
29,3,1986,15.75
29,3,1987,15.66
29,3,1988,15.43
29,3,1989,15.34
29,3,1990,15.33
29,3,1991,15.42
29,3,1992,15.66
29,3,1993,15.74
29,3,1994,15.65
29,3,1995,15.65
29,3,1996,15.45
29,3,1997,15.29
29,3,1998,15.1
29,3,1999,15.01
29,3,2000,14.72
29,3,2001,15.06
29,3,2002,15.08
29,3,2003,14.47
29,3,2004,12.91
29,3,2005,12.5
29,3,2006,11.53
29,3,2007,11.81
29,3,2008,11.33
29,3,2009,12.41
29,3,2010,11.95
29,3,2011,13.22
29,3,2012,12.48
29,3,2013,11.2
29,3,2014,11.02
29,3,2015,10.92
29,3,2016,10.78
29,3,2017,10.59
29,3,2018,10.3
29,3,2019,10.13
29,3,2020,10.28
29,3,2021,11.18
29,3,2022,10.55
29,3,2023,10.65
30,1,1980,20.39
30,1,1981,20.12
30,1,1982,20.15
30,1,1983,18.9
30,1,1984,18.46
30,1,1985,18.2
30,1,1986,17.95
30,1,1987,17.65
30,1,1988,17.52
30,1,1989,17.25
30,1,1990,17.41
30,1,1991,18.19
30,1,1992,18.76
30,1,1993,19.04
30,1,1994,19.72
30,1,1995,19.37
30,1,1996,19.57
30,1,1997,19.62
30,1,1998,19.53
30,1,1999,19.64
30,1,2000,18.93
30,1,2001,18.93
30,1,2002,17.8
30,1,2003,16.65
30,1,2004,16.46
30,1,2005,16.98
30,1,2006,17.19
30,1,2007,17.43
30,1,2008,17.45
30,1,2009,17.03
30,1,2010,16.86
30,1,2011,16.83
30,1,2012,16.62
30,1,2013,16.53
30,1,2014,16.38
30,1,2015,16.24
30,1,2016,16.14
30,1,2017,16.17
30,1,2018,16.15
30,1,2019,16.14
30,1,2020,16.34
30,1,2021,16.74
30,1,2022,16.7
30,1,2023,16.89
30,2,1980,6.7
30,2,1981,6.52
30,2,1982,6.42
30,2,1983,5.99
30,2,1984,5.79
30,2,1985,5.68
30,2,1986,5.58
30,2,1987,5.45
30,2,1988,5.43
30,2,1989,5.37
30,2,1990,5.42
30,2,1991,5.77
30,2,1992,6.03
30,2,1993,6.18
30,2,1994,6.64
30,2,1995,6.37
30,2,1996,6.45
30,2,1997,6.38
30,2,1998,6.34
30,2,1999,6.49
30,2,2000,5.99
30,2,2001,6.08
30,2,2002,5.41
30,2,2003,4.94
30,2,2004,4.84
30,2,2005,5.24
30,2,2006,5.34
30,2,2007,5.65
30,2,2008,5.8
30,2,2009,5.7
30,2,2010,5.69
30,2,2011,5.89
30,2,2012,5.9
30,2,2013,6.02
30,2,2014,6.12
30,2,2015,6.16
30,2,2016,6.22
30,2,2017,6.24
30,2,2018,6.22
30,2,2019,6.16
30,2,2020,6.13
30,2,2021,5.87
30,2,2022,6.06
30,2,2023,6.18
30,3,1980,14.15
30,3,1981,13.89
30,3,1982,13.82
30,3,1983,12.92
30,3,1984,12.55
30,3,1985,12.33
30,3,1986,12.12
30,3,1987,11.86
30,3,1988,11.75
30,3,1989,11.56
30,3,1990,11.65
30,3,1991,12.21
30,3,1992,12.61
30,3,1993,12.82
30,3,1994,13.38
30,3,1995,13.06
30,3,1996,13.2
30,3,1997,13.18
30,3,1998,13.11
30,3,1999,13.22
30,3,2000,12.6
30,3,2001,12.62
30,3,2002,11.7
30,3,2003,10.87
30,3,2004,10.71
30,3,2005,11.16
30,3,2006,11.3
30,3,2007,11.57
30,3,2008,11.65
30,3,2009,11.39
30,3,2010,11.3
30,3,2011,11.39
30,3,2012,11.3
30,3,2013,11.32
30,3,2014,11.29
30,3,2015,11.24
30,3,2016,11.22
30,3,2017,11.23
30,3,2018,11.19
30,3,2019,11.15
30,3,2020,11.22
30,3,2021,11.27
30,3,2022,11.33
30,3,2023,11.48
33,1,1980,16.32
33,1,1981,15.94
33,1,1982,15.89
33,1,1983,15.78
33,1,1984,15.66
33,1,1985,15.49
33,1,1986,15.56
33,1,1987,15.89
33,1,1988,16.41
33,1,1989,15.78
33,1,1990,16.01
33,1,1991,16.67
33,1,1992,16.7
33,1,1993,15.43
33,1,1994,14.68
33,1,1995,14.95
33,1,1996,14.47
33,1,1997,13.59
33,1,1998,12.8
33,1,1999,12.38
33,1,2000,12.12
33,1,2001,12.2
33,1,2002,12.15
33,1,2003,12.26
33,1,2004,12.39
33,1,2005,12.34
33,1,2006,12.41
33,1,2007,13.56
33,1,2008,13.27
33,1,2009,12.65
33,1,2010,12.37
33,1,2011,12.69
33,1,2012,14.45
33,1,2013,14.56
33,1,2014,14.28
33,1,2015,15.31
33,1,2016,14.43
33,1,2017,15.68
33,1,2018,18.52
33,1,2019,17.27
33,1,2020,16.05
33,1,2021,16.67
33,1,2022,16.97
33,1,2023,16.52
33,2,1980,6.63
33,2,1981,6.59
33,2,1982,6.72
33,2,1983,6.66
33,2,1984,6.59
33,2,1985,6.64
33,2,1986,6.87
33,2,1987,7.04
33,2,1988,7.35
33,2,1989,6.62
33,2,1990,6.36
33,2,1991,6.43
33,2,1992,6.39
33,2,1993,6.31
33,2,1994,6.18
33,2,1995,5.85
33,2,1996,5.57
33,2,1997,5.35
33,2,1998,5.14
33,2,1999,5
33,2,2000,4.88
33,2,2001,4.83
33,2,2002,4.79
33,2,2003,4.68
33,2,2004,4.63
33,2,2005,4.49
33,2,2006,4.38
33,2,2007,4.48
33,2,2008,3.92
33,2,2009,3.64
33,2,2010,3.63
33,2,2011,3.69
33,2,2012,3.7
33,2,2013,3.67
33,2,2014,3.56
33,2,2015,3.61
33,2,2016,3.5
33,2,2017,3.57
33,2,2018,3.87
33,2,2019,3.58
33,2,2020,3.29
33,2,2021,3.25
33,2,2022,3.36
33,2,2023,2.91
33,3,1980,11.2
33,3,1981,11
33,3,1982,11.06
33,3,1983,10.99
33,3,1984,10.9
33,3,1985,10.85
33,3,1986,11.01
33,3,1987,11.27
33,3,1988,11.68
33,3,1989,10.99
33,3,1990,10.97
33,3,1991,11.32
33,3,1992,11.3
33,3,1993,10.63
33,3,1994,10.2
33,3,1995,10.15
33,3,1996,9.78
33,3,1997,9.23
33,3,1998,8.73
33,3,1999,8.46
33,3,2000,8.27
33,3,2001,8.28
33,3,2002,8.22
33,3,2003,8.21
33,3,2004,8.25
33,3,2005,8.16
33,3,2006,8.13
33,3,2007,8.73
33,3,2008,8.31
33,3,2009,7.88
33,3,2010,7.75
33,3,2011,7.93
33,3,2012,8.77
33,3,2013,8.81
33,3,2014,8.62
33,3,2015,9.13
33,3,2016,8.66
33,3,2017,9.3
33,3,2018,10.79
33,3,2019,10.06
33,3,2020,9.32
33,3,2021,9.61
33,3,2022,9.83
33,3,2023,9.43
34,1,1980,16.54
34,1,1981,15.85
34,1,1982,15.59
34,1,1983,15.35
34,1,1984,15.14
34,1,1985,14.91
34,1,1986,14.69
34,1,1987,14.5
34,1,1988,14.21
34,1,1989,13.88
34,1,1990,13.71
34,1,1991,13.38
34,1,1992,12.65
34,1,1993,12.63
34,1,1994,12.19
34,1,1995,12.49
34,1,1996,12.3
34,1,1997,11.66
34,1,1998,11.11
34,1,1999,10.72
34,1,2000,10.49
34,1,2001,10.37
34,1,2002,10.56
34,1,2003,10.8
34,1,2004,10.9
34,1,2005,11.16
34,1,2006,11.18
34,1,2007,10.98
34,1,2008,10.76
34,1,2009,10.48
34,1,2010,10.4
34,1,2011,10.11
34,1,2012,9.84
34,1,2013,9.29
34,1,2014,8.84
34,1,2015,9.58
34,1,2016,9.25
34,1,2017,8.88
34,1,2018,8.63
34,1,2019,8.95
34,1,2020,9.06
34,1,2021,8.65
34,1,2022,8.51
34,1,2023,9.22
34,2,1980,3.23
34,2,1981,3.11
34,2,1982,3.05
34,2,1983,3.05
34,2,1984,3.05
34,2,1985,3.09
34,2,1986,3.12
34,2,1987,3.14
34,2,1988,3.11
34,2,1989,3.1
34,2,1990,3.12
34,2,1991,3.16
34,2,1992,3.26
34,2,1993,3.34
34,2,1994,3.33
34,2,1995,3.29
34,2,1996,3.24
34,2,1997,3.14
34,2,1998,3.03
34,2,1999,2.96
34,2,2000,2.88
34,2,2001,2.81
34,2,2002,2.84
34,2,2003,2.91
34,2,2004,2.88
34,2,2005,2.84
34,2,2006,2.84
34,2,2007,2.84
34,2,2008,2.75
34,2,2009,2.66
34,2,2010,2.62
34,2,2011,2.57
34,2,2012,2.54
34,2,2013,2.48
34,2,2014,2.45
34,2,2015,2.87
34,2,2016,2.87
34,2,2017,2.84
34,2,2018,2.81
34,2,2019,2.88
34,2,2020,2.96
34,2,2021,2.92
34,2,2022,2.79
34,2,2023,3.08
34,3,1980,9.35
34,3,1981,8.96
34,3,1982,8.82
34,3,1983,8.71
34,3,1984,8.61
34,3,1985,8.53
34,3,1986,8.45
34,3,1987,8.38
34,3,1988,8.24
34,3,1989,8.1
34,3,1990,8.05
34,3,1991,7.92
34,3,1992,7.63
34,3,1993,7.66
34,3,1994,7.45
34,3,1995,7.58
34,3,1996,7.48
34,3,1997,7.14
34,3,1998,6.83
34,3,1999,6.61
34,3,2000,6.46
34,3,2001,6.38
34,3,2002,6.49
34,3,2003,6.65
34,3,2004,6.69
34,3,2005,6.8
34,3,2006,6.82
34,3,2007,6.73
34,3,2008,6.58
34,3,2009,6.41
34,3,2010,6.35
34,3,2011,6.19
34,3,2012,6.05
34,3,2013,5.77
34,3,2014,5.54
34,3,2015,6.13
34,3,2016,5.97
34,3,2017,5.77
34,3,2018,5.64
34,3,2019,5.84
34,3,2020,5.94
34,3,2021,5.73
34,3,2022,5.6
34,3,2023,6.11
35,1,1980,20.03
35,1,1981,19.43
35,1,1982,18.93
35,1,1983,18.49
35,1,1984,18.17
35,1,1985,17.82
35,1,1986,17.42
35,1,1987,17.38
35,1,1988,17.88
35,1,1989,18.15
35,1,1990,18.75
35,1,1991,18.73
35,1,1992,17.92
35,1,1993,17.34
35,1,1994,16.56
35,1,1995,16.17
35,1,1996,15.62
35,1,1997,15.16
35,1,1998,14.83
35,1,1999,14.75
35,1,2000,14.45
35,1,2001,14.53
35,1,2002,18.38
35,1,2003,21.99
35,1,2004,22.38
35,1,2005,20.69
35,1,2006,22.42
35,1,2007,22.8
35,1,2008,25.01
35,1,2009,26.75
35,1,2010,26.96
35,1,2011,28.33
35,1,2012,28.43
35,1,2013,30.33
35,1,2014,33.46
35,1,2015,33.62
35,1,2016,32.3
35,1,2017,28.58
35,1,2018,26.36
35,1,2019,26.21
35,1,2020,25.44
35,1,2021,26.01
35,1,2022,26.06
35,1,2023,24.91
35,2,1980,5.13
35,2,1981,4.93
35,2,1982,4.78
35,2,1983,4.73
35,2,1984,4.68
35,2,1985,4.69
35,2,1986,4.66
35,2,1987,4.57
35,2,1988,4.56
35,2,1989,4.46
35,2,1990,4.36
35,2,1991,4.29
35,2,1992,4.21
35,2,1993,4.07
35,2,1994,3.98
35,2,1995,3.88
35,2,1996,3.89
35,2,1997,3.88
35,2,1998,3.87
35,2,1999,3.97
35,2,2000,3.93
35,2,2001,4.06
35,2,2002,5.42
35,2,2003,6.34
35,2,2004,6.24
35,2,2005,6.1
35,2,2006,6.15
35,2,2007,6.25
35,2,2008,6.04
35,2,2009,6.02
35,2,2010,6.29
35,2,2011,6.55
35,2,2012,6.67
35,2,2013,7.02
35,2,2014,7.5
35,2,2015,7.2
35,2,2016,6.93
35,2,2017,6.12
35,2,2018,5.9
35,2,2019,5.49
35,2,2020,5.49
35,2,2021,5.03
35,2,2022,4.85
35,2,2023,4.53
35,3,1980,11.84
35,3,1981,11.48
35,3,1982,11.19
35,3,1983,10.99
35,3,1984,10.84
35,3,1985,10.72
35,3,1986,10.54
35,3,1987,10.49
35,3,1988,10.74
35,3,1989,10.83
35,3,1990,11.08
35,3,1991,11.05
35,3,1992,10.62
35,3,1993,10.26
35,3,1994,9.83
35,3,1995,9.6
35,3,1996,9.36
35,3,1997,9.15
35,3,1998,9
35,3,1999,9.02
35,3,2000,8.86
35,3,2001,8.95
35,3,2002,11.45
35,3,2003,13.62
35,3,2004,13.74
35,3,2005,12.92
35,3,2006,13.77
35,3,2007,14.03
35,3,2008,14.98
35,3,2009,15.82
35,3,2010,16.09
35,3,2011,16.91
35,3,2012,17.03
35,3,2013,18.16
35,3,2014,19.94
35,3,2015,19.89
35,3,2016,19.11
35,3,2017,16.88
35,3,2018,15.72
35,3,2019,15.47
35,3,2020,15.1
35,3,2021,15.21
35,3,2022,15.18
35,3,2023,14.5
36,1,1980,51.87
36,1,1981,50.41
36,1,1982,50.18
36,1,1983,49.55
36,1,1984,48.49
36,1,1985,45.35
36,1,1986,43.71
36,1,1987,42.46
36,1,1988,43.23
36,1,1989,43.92
36,1,1990,45.45
36,1,1991,48.02
36,1,1992,46.06
36,1,1993,43.63
36,1,1994,38.32
36,1,1995,34.88
36,1,1996,31.91
36,1,1997,28.56
36,1,1998,25.73
36,1,1999,23.96
36,1,2000,23.77
36,1,2001,25.46
36,1,2002,27.14
36,1,2003,29.25
36,1,2004,32.92
36,1,2005,37.41
36,1,2006,44.15
36,1,2007,41.67
36,1,2008,36.79
36,1,2009,33.54
36,1,2010,30.61
36,1,2011,30.33
36,1,2012,29.25
36,1,2013,27.6
36,1,2014,25.43
36,1,2015,23.95
36,1,2016,24.17
36,1,2017,22.38
36,1,2018,21.84
36,1,2019,21.84
36,1,2020,21.72
36,1,2021,20.62
36,1,2022,19.94
36,1,2023,20.39
36,2,1980,13.63
36,2,1981,13.2
36,2,1982,13.19
36,2,1983,13.01
36,2,1984,12.83
36,2,1985,12.55
36,2,1986,12.6
36,2,1987,12.36
36,2,1988,12.33
36,2,1989,12.29
36,2,1990,12.66
36,2,1991,13.34
36,2,1992,12.55
36,2,1993,12.41
36,2,1994,10.75
36,2,1995,10.74
36,2,1996,10.12
36,2,1997,8.88
36,2,1998,7.94
36,2,1999,7.21
36,2,2000,7.22
36,2,2001,8.16
36,2,2002,8.51
36,2,2003,9.36
36,2,2004,10.66
36,2,2005,12.63
36,2,2006,14.95
36,2,2007,14.42
36,2,2008,12.79
36,2,2009,11.61
36,2,2010,11.1
36,2,2011,11.3
36,2,2012,9.85
36,2,2013,9.34
36,2,2014,8.32
36,2,2015,7.58
36,2,2016,7.4
36,2,2017,7.01
36,2,2018,6.86
36,2,2019,6.76
36,2,2020,6.3
36,2,2021,6.33
36,2,2022,5.74
36,2,2023,5.62
36,3,1980,31.56
36,3,1981,30.66
36,3,1982,30.57
36,3,1983,30.18
36,3,1984,29.58
36,3,1985,27.93
36,3,1986,27.19
36,3,1987,26.49
36,3,1988,26.87
36,3,1989,27.2
36,3,1990,28.15
36,3,1991,29.74
36,3,1992,28.4
36,3,1993,27.16
36,3,1994,23.76
36,3,1995,22.14
36,3,1996,20.47
36,3,1997,18.23
36,3,1998,16.37
36,3,1999,15.15
36,3,2000,15.07
36,3,2001,16.38
36,3,2002,17.36
36,3,2003,18.8
36,3,2004,21.28
36,3,2005,24.47
36,3,2006,28.9
36,3,2007,27.46
36,3,2008,24.25
36,3,2009,22.07
36,3,2010,20.36
36,3,2011,20.31
36,3,2012,19.02
36,3,2013,17.97
36,3,2014,16.44
36,3,2015,15.31
36,3,2016,15.29
36,3,2017,14.23
36,3,2018,13.93
36,3,2019,13.89
36,3,2020,13.58
36,3,2021,13.09
36,3,2022,12.5
36,3,2023,12.66
37,1,1980,25.45
37,1,1981,24.9
37,1,1982,24.3
37,1,1983,23.85
37,1,1984,23.35
37,1,1985,22.2
37,1,1986,21.5
37,1,1987,21
37,1,1988,20.96
37,1,1989,20.89
37,1,1990,20.75
37,1,1991,21.04
37,1,1992,21.37
37,1,1993,21.9
37,1,1994,22.31
37,1,1995,22.59
37,1,1996,22.21
37,1,1997,21.43
37,1,1998,20.82
37,1,1999,20.47
37,1,2000,20.91
37,1,2001,22.7
37,1,2002,25.38
37,1,2003,28.83
37,1,2004,31.41
37,1,2005,31.43
37,1,2006,33.27
37,1,2007,35.01
37,1,2008,34.43
37,1,2009,33.22
37,1,2010,30.91
37,1,2011,31.11
37,1,2012,30.5
37,1,2013,30.08
37,1,2014,28.17
37,1,2015,27.24
37,1,2016,25.78
37,1,2017,24.3
37,1,2018,21.72
37,1,2019,21.22
37,1,2020,18.14
37,1,2021,17.55
37,1,2022,18.09
37,1,2023,19.38
37,2,1980,6.79
37,2,1981,6.72
37,2,1982,6.58
37,2,1983,6.6
37,2,1984,6.58
37,2,1985,6.48
37,2,1986,6.44
37,2,1987,6.36
37,2,1988,6.27
37,2,1989,6.22
37,2,1990,6.12
37,2,1991,6.11
37,2,1992,6.25
37,2,1993,6.52
37,2,1994,6.65
37,2,1995,6.54
37,2,1996,6.42
37,2,1997,6.26
37,2,1998,6.15
37,2,1999,6.06
37,2,2000,6.03
37,2,2001,6.95
37,2,2002,7.28
37,2,2003,8.43
37,2,2004,9.42
37,2,2005,9.88
37,2,2006,10.41
37,2,2007,10.99
37,2,2008,10.35
37,2,2009,9.7
37,2,2010,9.56
37,2,2011,9.59
37,2,2012,9.2
37,2,2013,9.12
37,2,2014,8.51
37,2,2015,8.49
37,2,2016,7.9
37,2,2017,7.35
37,2,2018,6.65
37,2,2019,5.73
37,2,2020,4.83
37,2,2021,5.06
37,2,2022,5.06
37,2,2023,5.25
37,3,1980,15.64
37,3,1981,15.36
37,3,1982,15.01
37,3,1983,14.8
37,3,1984,14.56
37,3,1985,13.96
37,3,1986,13.63
37,3,1987,13.36
37,3,1988,13.29
37,3,1989,13.23
37,3,1990,13.11
37,3,1991,13.27
37,3,1992,13.5
37,3,1993,13.88
37,3,1994,14.14
37,3,1995,14.22
37,3,1996,13.99
37,3,1997,13.53
37,3,1998,13.18
37,3,1999,12.97
37,3,2000,13.18
37,3,2001,14.5
37,3,2002,15.98
37,3,2003,18.27
37,3,2004,19.99
37,3,2005,20.24
37,3,2006,21.4
37,3,2007,22.54
37,3,2008,21.94
37,3,2009,21.02
37,3,2010,19.85
37,3,2011,19.94
37,3,2012,19.43
37,3,2013,19.19
37,3,2014,17.94
37,3,2015,17.47
37,3,2016,16.47
37,3,2017,15.43
37,3,2018,13.83
37,3,2019,13.11
37,3,2020,11.16
37,3,2021,11.01
37,3,2022,11.31
37,3,2023,12.05
38,1,1980,21.66
38,1,1981,22.93
38,1,1982,23.95
38,1,1983,24.62
38,1,1984,24.84
38,1,1985,25.27
38,1,1986,25.34
38,1,1987,25.61
38,1,1988,25.68
38,1,1989,27.28
38,1,1990,28.6
38,1,1991,28.18
38,1,1992,28.56
38,1,1993,28.03
38,1,1994,28.14
38,1,1995,28.41
38,1,1996,28.33
38,1,1997,28.29
38,1,1998,28.79
38,1,1999,29
38,1,2000,29.4
38,1,2001,30.53
38,1,2002,32.26
38,1,2003,34.53
38,1,2004,36.25
38,1,2005,37.66
38,1,2006,37.46
38,1,2007,35.88
38,1,2008,36.03
38,1,2009,36.9
38,1,2010,36.96
38,1,2011,36.19
38,1,2012,35.33
38,1,2013,35.68
38,1,2014,32.57
38,1,2015,29.73
38,1,2016,27.64
38,1,2017,26.08
38,1,2018,25.39
38,1,2019,22.84
38,1,2020,21.35
38,1,2021,22.39
38,1,2022,23.07
38,1,2023,22.38
38,2,1980,13.25
38,2,1981,13.51
38,2,1982,13.67
38,2,1983,13.75
38,2,1984,13.39
38,2,1985,13.64
38,2,1986,13.45
38,2,1987,13.35
38,2,1988,12.95
38,2,1989,12.92
38,2,1990,12.88
38,2,1991,12.66
38,2,1992,11.95
38,2,1993,11.81
38,2,1994,10.83
38,2,1995,11.31
38,2,1996,11.51
38,2,1997,11.45
38,2,1998,11.39
38,2,1999,11.2
38,2,2000,11.28
38,2,2001,11.04
38,2,2002,10.76
38,2,2003,10.65
38,2,2004,10.5
38,2,2005,10.36
38,2,2006,10.28
38,2,2007,10.02
38,2,2008,10.29
38,2,2009,10.27
38,2,2010,10.14
38,2,2011,9.58
38,2,2012,9.55
38,2,2013,9.58
38,2,2014,9.03
38,2,2015,8.5
38,2,2016,7.88
38,2,2017,7.53
38,2,2018,7.54
38,2,2019,6.74
38,2,2020,6.46
38,2,2021,6.72
38,2,2022,6.57
38,2,2023,6.4
38,3,1980,17.36
38,3,1981,18.12
38,3,1982,18.69
38,3,1983,19.06
38,3,1984,18.98
38,3,1985,19.31
38,3,1986,19.24
38,3,1987,19.31
38,3,1988,19.14
38,3,1989,19.91
38,3,1990,20.54
38,3,1991,20.21
38,3,1992,20.02
38,3,1993,19.68
38,3,1994,19.23
38,3,1995,19.58
38,3,1996,19.64
38,3,1997,19.57
38,3,1998,19.79
38,3,1999,19.79
38,3,2000,20.02
38,3,2001,20.45
38,3,2002,21.15
38,3,2003,22.21
38,3,2004,22.97
38,3,2005,23.58
38,3,2006,23.46
38,3,2007,22.55
38,3,2008,22.77
38,3,2009,23.2
38,3,2010,23.15
38,3,2011,22.48
38,3,2012,22.04
38,3,2013,22.22
38,3,2014,20.4
38,3,2015,18.74
38,3,2016,17.4
38,3,2017,16.45
38,3,2018,16.13
38,3,2019,14.47
38,3,2020,13.59
38,3,2021,14.22
38,3,2022,14.46
38,3,2023,14.07
39,1,1980,24.88
39,1,1981,24.74
39,1,1982,24.64
39,1,1983,24.22
39,1,1984,23.62
39,1,1985,22.97
39,1,1986,22.5
39,1,1987,22.21
39,1,1988,22.23
39,1,1989,22.53
39,1,1990,23.23
39,1,1991,24.72
39,1,1992,24.2
39,1,1993,24.98
39,1,1994,24.13
39,1,1995,24.2
39,1,1996,21.92
39,1,1997,19.86
39,1,1998,17.76
39,1,1999,16.05
39,1,2000,14.3
39,1,2001,13.12
39,1,2002,12.39
39,1,2003,11.93
39,1,2004,11.57
39,1,2005,11.19
39,1,2006,10.61
39,1,2007,10.31
39,1,2008,9.98
39,1,2009,9.72
39,1,2010,9.63
39,1,2011,9.29
39,1,2012,8.98
39,1,2013,8.64
39,1,2014,8.57
39,1,2015,9.52
39,1,2016,9.4
39,1,2017,9.24
39,1,2018,8.95
39,1,2019,8.89
39,1,2020,7.34
39,1,2021,7.34
39,1,2022,8.16
39,1,2023,8.2
39,2,1980,5.95
39,2,1981,5.93
39,2,1982,5.93
39,2,1983,5.89
39,2,1984,5.81
39,2,1985,5.75
39,2,1986,5.73
39,2,1987,5.6
39,2,1988,5.59
39,2,1989,5.62
39,2,1990,5.71
39,2,1991,6.03
39,2,1992,6.25
39,2,1993,6.47
39,2,1994,6.25
39,2,1995,5.85
39,2,1996,5.46
39,2,1997,5.01
39,2,1998,4.66
39,2,1999,4.27
39,2,2000,3.9
39,2,2001,3.54
39,2,2002,3.3
39,2,2003,3.15
39,2,2004,2.93
39,2,2005,2.72
39,2,2006,2.54
39,2,2007,2.44
39,2,2008,2.36
39,2,2009,2.31
39,2,2010,2.31
39,2,2011,2.28
39,2,2012,2.22
39,2,2013,2.2
39,2,2014,2.22
39,2,2015,2.6
39,2,2016,2.66
39,2,2017,2.73
39,2,2018,2.75
39,2,2019,2.83
39,2,2020,2.71
39,2,2021,2.83
39,2,2022,3.12
39,2,2023,3.14
39,3,1980,15.19
39,3,1981,15.13
39,3,1982,15.08
39,3,1983,14.85
39,3,1984,14.51
39,3,1985,14.15
39,3,1986,13.91
39,3,1987,13.7
39,3,1988,13.71
39,3,1989,13.88
39,3,1990,14.28
39,3,1991,15.2
39,3,1992,15.05
39,3,1993,15.54
39,3,1994,15.02
39,3,1995,14.87
39,3,1996,13.56
39,3,1997,12.31
39,3,1998,11.1
39,3,1999,10.06
39,3,2000,9.01
39,3,2001,8.26
39,3,2002,7.79
39,3,2003,7.49
39,3,2004,7.21
39,3,2005,6.92
39,3,2006,6.54
39,3,2007,6.35
39,3,2008,6.15
39,3,2009,6
39,3,2010,5.96
39,3,2011,5.77
39,3,2012,5.6
39,3,2013,5.42
39,3,2014,5.4
39,3,2015,6.06
39,3,2016,6.04
39,3,2017,5.99
39,3,2018,5.86
39,3,2019,5.87
39,3,2020,5.04
39,3,2021,5.1
39,3,2022,5.65
39,3,2023,5.69
40,1,1980,40.41
40,1,1981,39.43
40,1,1982,39.24
40,1,1983,38.31
40,1,1984,37.77
40,1,1985,36.77
40,1,1986,36.41
40,1,1987,36.26
40,1,1988,35.54
40,1,1989,34.49
40,1,1990,34.36
40,1,1991,35.21
40,1,1992,33.23
40,1,1993,31.21
40,1,1994,30.97
40,1,1995,29.64
40,1,1996,21.57
40,1,1997,15.58
40,1,1998,14.47
40,1,1999,14.5
40,1,2000,13.52
40,1,2001,13.84
40,1,2002,16.03
40,1,2003,15.86
40,1,2004,17.56
40,1,2005,18.49
40,1,2006,19.29
40,1,2007,17.18
40,1,2008,15.63
40,1,2009,14.28
40,1,2010,12.06
40,1,2011,12.17
40,1,2012,10.2
40,1,2013,9.85
40,1,2014,9.16
40,1,2015,8.95
40,1,2016,10.13
40,1,2017,9.69
40,1,2018,8.87
40,1,2019,8.83
40,1,2020,8.63
40,1,2021,7.81
40,1,2022,7.54
40,1,2023,7.18
40,2,1980,9.68
40,2,1981,9.45
40,2,1982,9.35
40,2,1983,9.18
40,2,1984,9.02
40,2,1985,9
40,2,1986,8.92
40,2,1987,8.81
40,2,1988,8.61
40,2,1989,8.32
40,2,1990,8.2
40,2,1991,8.23
40,2,1992,7.31
40,2,1993,6.82
40,2,1994,6.66
40,2,1995,6.39
40,2,1996,4.92
40,2,1997,3.71
40,2,1998,3.46
40,2,1999,3.42
40,2,2000,3.48
40,2,2001,3.71
40,2,2002,4.09
40,2,2003,4.02
40,2,2004,4.49
40,2,2005,4.94
40,2,2006,5.51
40,2,2007,5.17
40,2,2008,4.47
40,2,2009,4.18
40,2,2010,3.87
40,2,2011,3.94
40,2,2012,3.48
40,2,2013,3.57
40,2,2014,3.31
40,2,2015,3.3
40,2,2016,3.59
40,2,2017,3.61
40,2,2018,3.47
40,2,2019,3.46
40,2,2020,3.35
40,2,2021,3.16
40,2,2022,3.04
40,2,2023,2.93
40,3,1980,24.5
40,3,1981,23.89
40,3,1982,23.69
40,3,1983,23.15
40,3,1984,22.81
40,3,1985,22.31
40,3,1986,22.07
40,3,1987,21.93
40,3,1988,21.49
40,3,1989,20.83
40,3,1990,20.72
40,3,1991,21.16
40,3,1992,19.71
40,3,1993,18.53
40,3,1994,18.34
40,3,1995,17.61
40,3,1996,12.97
40,3,1997,9.46
40,3,1998,8.81
40,3,1999,8.82
40,3,2000,8.4
40,3,2001,8.68
40,3,2002,9.97
40,3,2003,9.86
40,3,2004,10.96
40,3,2005,11.65
40,3,2006,12.37
40,3,2007,11.17
40,3,2008,10.03
40,3,2009,9.22
40,3,2010,7.97
40,3,2011,8.06
40,3,2012,6.84
40,3,2013,6.69
40,3,2014,6.21
40,3,2015,6.12
40,3,2016,6.86
40,3,2017,6.65
40,3,2018,6.17
40,3,2019,6.15
40,3,2020,5.99
40,3,2021,5.49
40,3,2022,5.3
40,3,2023,5.06
41,1,1980,20.78
41,1,1981,21.03
41,1,1982,21.11
41,1,1983,21.17
41,1,1984,21.21
41,1,1985,20.39
41,1,1986,19.82
41,1,1987,19.58
41,1,1988,19.54
41,1,1989,19.43
41,1,1990,19.45
41,1,1991,19.43
41,1,1992,19.67
41,1,1993,19.69
41,1,1994,20.05
41,1,1995,20.32
41,1,1996,20.25
41,1,1997,20.33
41,1,1998,20.18
41,1,1999,20.34
41,1,2000,20.56
41,1,2001,23.25
41,1,2002,23.19
41,1,2003,24.44
41,1,2004,24.72
41,1,2005,24.23
41,1,2006,26.26
41,1,2007,25.33
41,1,2008,24.65
41,1,2009,23.95
41,1,2010,21.31
41,1,2011,22.93
41,1,2012,20.03
41,1,2013,20.76
41,1,2014,20.58
41,1,2015,20.7
41,1,2016,20.27
41,1,2017,19.93
41,1,2018,20.92
41,1,2019,19.08
41,1,2020,17.91
41,1,2021,16.09
41,1,2022,15.98
41,1,2023,15.33
41,2,1980,6.53
41,2,1981,6.43
41,2,1982,6.41
41,2,1983,6.37
41,2,1984,6.35
41,2,1985,6.34
41,2,1986,6.3
41,2,1987,6.27
41,2,1988,6.16
41,2,1989,5.95
41,2,1990,5.89
41,2,1991,5.93
41,2,1992,6.17
41,2,1993,6.38
41,2,1994,6.53
41,2,1995,6.59
41,2,1996,6.5
41,2,1997,6.51
41,2,1998,6.44
41,2,1999,6.44
41,2,2000,6.42
41,2,2001,6.73
41,2,2002,6.14
41,2,2003,6.21
41,2,2004,6.27
41,2,2005,6.23
41,2,2006,6.44
41,2,2007,6.56
41,2,2008,6.44
41,2,2009,6.12
41,2,2010,6.32
41,2,2011,5.6
41,2,2012,5.25
41,2,2013,5.42
41,2,2014,5.39
41,2,2015,5.52
41,2,2016,5.12
41,2,2017,5.09
41,2,2018,5.36
41,2,2019,5.18
41,2,2020,4.66
41,2,2021,4.57
41,2,2022,4.39
41,2,2023,4.2
41,3,1980,13.26
41,3,1981,13.35
41,3,1982,13.4
41,3,1983,13.42
41,3,1984,13.44
41,3,1985,13.03
41,3,1986,12.72
41,3,1987,12.59
41,3,1988,12.52
41,3,1989,12.37
41,3,1990,12.38
41,3,1991,12.39
41,3,1992,12.62
41,3,1993,12.73
41,3,1994,13
41,3,1995,13.17
41,3,1996,13.08
41,3,1997,13.12
41,3,1998,13.01
41,3,1999,13.09
41,3,2000,13.19
41,3,2001,14.65
41,3,2002,14.33
41,3,2003,14.96
41,3,2004,15.13
41,3,2005,14.88
41,3,2006,15.96
41,3,2007,15.58
41,3,2008,15.21
41,3,2009,14.71
41,3,2010,13.54
41,3,2011,13.97
41,3,2012,12.39
41,3,2013,12.82
41,3,2014,12.72
41,3,2015,12.85
41,3,2016,12.43
41,3,2017,12.25
41,3,2018,12.86
41,3,2019,11.89
41,3,2020,11.08
41,3,2021,10.14
41,3,2022,10.01
41,3,2023,9.6
43,1,1980,18.27
43,1,1981,18.25
43,1,1982,18.49
43,1,1983,18.58
43,1,1984,18.68
43,1,1985,18.9
43,1,1986,19.11
43,1,1987,19.22
43,1,1988,19.52
43,1,1989,18.93
43,1,1990,19.13
43,1,1991,18.85
43,1,1992,18.46
43,1,1993,17.56
43,1,1994,16.71
43,1,1995,15.81
43,1,1996,15.41
43,1,1997,14.59
43,1,1998,13.91
43,1,1999,13.92
43,1,2000,14.03
43,1,2001,14.69
43,1,2002,15.21
43,1,2003,15.69
43,1,2004,15.64
43,1,2005,15.55
43,1,2006,15.19
43,1,2007,14.63
43,1,2008,14.18
43,1,2009,13.84
43,1,2010,13.37
43,1,2011,12.9
43,1,2012,12.68
43,1,2013,12.61
43,1,2014,12.54
43,1,2015,12.41
43,1,2016,11.98
43,1,2017,11.64
43,1,2018,11.44
43,1,2019,11.42
43,1,2020,11.15
43,1,2021,11
43,1,2022,10.59
43,1,2023,9.52
43,2,1980,5.16
43,2,1981,5.04
43,2,1982,5.06
43,2,1983,4.98
43,2,1984,4.9
43,2,1985,4.96
43,2,1986,5.01
43,2,1987,5.13
43,2,1988,5.27
43,2,1989,4.88
43,2,1990,5.1
43,2,1991,5.33
43,2,1992,5.25
43,2,1993,5.09
43,2,1994,4.95
43,2,1995,4.7
43,2,1996,4.5
43,2,1997,4.32
43,2,1998,4.18
43,2,1999,4.11
43,2,2000,4.09
43,2,2001,4.08
43,2,2002,4.08
43,2,2003,4.05
43,2,2004,3.95
43,2,2005,3.83
43,2,2006,3.65
43,2,2007,3.46
43,2,2008,3.41
43,2,2009,3.32
43,2,2010,3.17
43,2,2011,2.99
43,2,2012,2.93
43,2,2013,2.91
43,2,2014,2.87
43,2,2015,2.83
43,2,2016,2.76
43,2,2017,2.69
43,2,2018,2.56
43,2,2019,2.55
43,2,2020,2.61
43,2,2021,2.55
43,2,2022,2.56
43,2,2023,2.36
43,3,1980,11.82
43,3,1981,11.75
43,3,1982,11.89
43,3,1983,11.89
43,3,1984,11.91
43,3,1985,12.04
43,3,1986,12.18
43,3,1987,12.28
43,3,1988,12.5
43,3,1989,12.01
43,3,1990,12.22
43,3,1991,12.17
43,3,1992,11.91
43,3,1993,11.37
43,3,1994,10.85
43,3,1995,10.24
43,3,1996,9.93
43,3,1997,9.41
43,3,1998,8.98
43,3,1999,8.93
43,3,2000,8.98
43,3,2001,9.27
43,3,2002,9.52
43,3,2003,9.75
43,3,2004,9.66
43,3,2005,9.57
43,3,2006,9.29
43,3,2007,8.94
43,3,2008,8.71
43,3,2009,8.49
43,3,2010,8.18
43,3,2011,7.86
43,3,2012,7.72
43,3,2013,7.68
43,3,2014,7.63
43,3,2015,7.55
43,3,2016,7.3
43,3,2017,7.08
43,3,2018,6.93
43,3,2019,6.92
43,3,2020,6.83
43,3,2021,6.72
43,3,2022,6.48
43,3,2023,5.85
44,1,1980,16.29
44,1,1981,16
44,1,1982,15.65
44,1,1983,14.85
44,1,1984,14.07
44,1,1985,13.55
44,1,1986,12.69
44,1,1987,12.14
44,1,1988,11.98
44,1,1989,11.85
44,1,1990,12.13
44,1,1991,11.53
44,1,1992,11.27
44,1,1993,11.23
44,1,1994,10.56
44,1,1995,9.75
44,1,1996,9.32
44,1,1997,8.6
44,1,1998,8.31
44,1,1999,8.62
44,1,2000,8.6
44,1,2001,8.41
44,1,2002,8.72
44,1,2003,8.44
44,1,2004,8.64
44,1,2005,8.32
44,1,2006,8.42
44,1,2007,8.06
44,1,2008,7.78
44,1,2009,8
44,1,2010,7.68
44,1,2011,7.51
44,1,2012,7.22
44,1,2013,7.04
44,1,2014,7
44,1,2015,6.64
44,1,2016,6.28
44,1,2017,6.21
44,1,2018,5.87
44,1,2019,5.82
44,1,2020,5.48
44,1,2021,5.19
44,1,2022,5.14
44,1,2023,4.83
44,2,1980,5.72
44,2,1981,5.54
44,2,1982,5.36
44,2,1983,5.18
44,2,1984,5.06
44,2,1985,5.06
44,2,1986,4.82
44,2,1987,4.64
44,2,1988,4.53
44,2,1989,4.41
44,2,1990,4.51
44,2,1991,4.39
44,2,1992,4.2
44,2,1993,4.12
44,2,1994,4.08
44,2,1995,4.04
44,2,1996,3.97
44,2,1997,3.86
44,2,1998,3.77
44,2,1999,3.67
44,2,2000,3.5
44,2,2001,3.25
44,2,2002,3.04
44,2,2003,2.86
44,2,2004,2.68
44,2,2005,2.55
44,2,2006,2.4
44,2,2007,2.27
44,2,2008,2.23
44,2,2009,2.21
44,2,2010,2.16
44,2,2011,2.13
44,2,2012,2.08
44,2,2013,2.02
44,2,2014,2.03
44,2,2015,1.97
44,2,2016,1.89
44,2,2017,1.86
44,2,2018,1.82
44,2,2019,1.79
44,2,2020,1.75
44,2,2021,1.66
44,2,2022,1.66
44,2,2023,1.59
44,3,1980,10.81
44,3,1981,10.57
44,3,1982,10.32
44,3,1983,9.83
44,3,1984,9.39
44,3,1985,9.15
44,3,1986,8.62
44,3,1987,8.27
44,3,1988,8.14
44,3,1989,8.03
44,3,1990,8.22
44,3,1991,7.87
44,3,1992,7.65
44,3,1993,7.59
44,3,1994,7.23
44,3,1995,6.79
44,3,1996,6.54
44,3,1997,6.12
44,3,1998,5.93
44,3,1999,6.04
44,3,2000,5.95
44,3,2001,5.74
44,3,2002,5.78
44,3,2003,5.56
44,3,2004,5.57
44,3,2005,5.36
44,3,2006,5.35
44,3,2007,5.1
44,3,2008,4.94
44,3,2009,5.05
44,3,2010,4.87
44,3,2011,4.77
44,3,2012,4.6
44,3,2013,4.49
44,3,2014,4.47
44,3,2015,4.27
44,3,2016,4.05
44,3,2017,4
44,3,2018,3.81
44,3,2019,3.77
44,3,2020,3.58
44,3,2021,3.39
44,3,2022,3.37
44,3,2023,3.18
45,1,1980,22.32
45,1,1981,22.38
45,1,1982,22.37
45,1,1983,21.81
45,1,1984,22.03
45,1,1985,21.86
45,1,1986,21.58
45,1,1987,22.04
45,1,1988,22.65
45,1,1989,23.74
45,1,1990,24.62
45,1,1991,21.92
45,1,1992,21.9
45,1,1993,21.71
45,1,1994,22.23
45,1,1995,21.47
45,1,1996,19.47
45,1,1997,18.07
45,1,1998,18
45,1,1999,18.55
45,1,2000,18.26
45,1,2001,18.5
45,1,2002,18.06
45,1,2003,17.88
45,1,2004,17.8
45,1,2005,17.68
45,1,2006,18.32
45,1,2007,18.73
45,1,2008,18.55
45,1,2009,16.56
45,1,2010,14.31
45,1,2011,12.73
45,1,2012,11.95
45,1,2013,12.1
45,1,2014,12.21
45,1,2015,12.8
45,1,2016,12.77
45,1,2017,11.54
45,1,2018,11.21
45,1,2019,11.08
45,1,2020,10.14
45,1,2021,10.18
45,1,2022,9.9
45,1,2023,9.06
45,2,1980,6.89
45,2,1981,7.09
45,2,1982,6.92
45,2,1983,7
45,2,1984,6.98
45,2,1985,6.92
45,2,1986,7.14
45,2,1987,7.25
45,2,1988,7.47
45,2,1989,7.8
45,2,1990,7.72
45,2,1991,7.16
45,2,1992,6.97
45,2,1993,6.8
45,2,1994,7.19
45,2,1995,7.17
45,2,1996,6.59
45,2,1997,5.98
45,2,1998,6.22
45,2,1999,6.22
45,2,2000,6.21
45,2,2001,6.19
45,2,2002,6.02
45,2,2003,5.87
45,2,2004,5.73
45,2,2005,5.81
45,2,2006,6.17
45,2,2007,5.94
45,2,2008,5.65
45,2,2009,5
45,2,2010,4.18
45,2,2011,3.93
45,2,2012,3.52
45,2,2013,3.4
45,2,2014,3.55
45,2,2015,3.79
45,2,2016,3.81
45,2,2017,3.76
45,2,2018,3.52
45,2,2019,3.31
45,2,2020,3
45,2,2021,2.8
45,2,2022,2.78
45,2,2023,2.53
45,3,1980,14.52
45,3,1981,14.63
45,3,1982,14.56
45,3,1983,14.31
45,3,1984,14.38
45,3,1985,14.27
45,3,1986,14.23
45,3,1987,14.52
45,3,1988,14.92
45,3,1989,15.62
45,3,1990,16
45,3,1991,14.39
45,3,1992,14.29
45,3,1993,14.11
45,3,1994,14.57
45,3,1995,14.16
45,3,1996,12.88
45,3,1997,11.87
45,3,1998,11.95
45,3,1999,12.24
45,3,2000,12.11
45,3,2001,12.22
45,3,2002,11.94
45,3,2003,11.79
45,3,2004,11.69
45,3,2005,11.67
45,3,2006,12.19
45,3,2007,12.3
45,3,2008,12.07
45,3,2009,10.77
45,3,2010,9.23
45,3,2011,8.31
45,3,2012,7.72
45,3,2013,7.74
45,3,2014,7.87
45,3,2015,8.28
45,3,2016,8.28
45,3,2017,7.65
45,3,2018,7.37
45,3,2019,7.21
45,3,2020,6.58
45,3,2021,6.51
45,3,2022,6.36
45,3,2023,5.81
46,1,1980,31.76
46,1,1981,31.67
46,1,1982,31.74
46,1,1983,31.42
46,1,1984,31.46
46,1,1985,31.21
46,1,1986,30.72
46,1,1987,29.64
46,1,1988,28.94
46,1,1989,29.22
46,1,1990,29.48
46,1,1991,26.96
46,1,1992,24
46,1,1993,21.44
46,1,1994,21.6
46,1,1995,23.42
46,1,1996,22.46
46,1,1997,21.87
46,1,1998,21.45
46,1,1999,20.68
46,1,2000,20.95
46,1,2001,20.02
46,1,2002,20.21
46,1,2003,20.44
46,1,2004,20.07
46,1,2005,18.77
46,1,2006,18.5
46,1,2007,18.56
46,1,2008,18.13
46,1,2009,16.47
46,1,2010,15.22
46,1,2011,14.44
46,1,2012,13.35
46,1,2013,12.25
46,1,2014,11.62
46,1,2015,11.87
46,1,2016,11.53
46,1,2017,11.66
46,1,2018,10.77
46,1,2019,10.45
46,1,2020,9.8
46,1,2021,10.31
46,1,2022,10.23
46,1,2023,9.81
46,2,1980,8.01
46,2,1981,7.9
46,2,1982,7.83
46,2,1983,7.69
46,2,1984,7.61
46,2,1985,7.51
46,2,1986,6.89
46,2,1987,6.89
46,2,1988,7.3
46,2,1989,7.46
46,2,1990,7.58
46,2,1991,7.23
46,2,1992,6.66
46,2,1993,5.91
46,2,1994,6.17
46,2,1995,6.67
46,2,1996,6.17
46,2,1997,5.76
46,2,1998,5.51
46,2,1999,5.4
46,2,2000,5.13
46,2,2001,5.05
46,2,2002,4.82
46,2,2003,5.04
46,2,2004,4.61
46,2,2005,4.64
46,2,2006,4.61
46,2,2007,4.59
46,2,2008,4.47
46,2,2009,4.18
46,2,2010,3.58
46,2,2011,3.29
46,2,2012,2.95
46,2,2013,2.95
46,2,2014,2.78
46,2,2015,2.73
46,2,2016,2.7
46,2,2017,2.69
46,2,2018,2.59
46,2,2019,2.47
46,2,2020,2.22
46,2,2021,2.11
46,2,2022,2.09
46,2,2023,1.97
46,3,1980,19.33
46,3,1981,19.23
46,3,1982,19.24
46,3,1983,19.01
46,3,1984,19.01
46,3,1985,18.86
46,3,1986,18.28
46,3,1987,17.8
46,3,1988,17.69
46,3,1989,17.9
46,3,1990,18.05
46,3,1991,16.72
46,3,1992,14.99
46,3,1993,13.34
46,3,1994,13.55
46,3,1995,14.74
46,3,1996,14.04
46,3,1997,13.53
46,3,1998,13.18
46,3,1999,12.71
46,3,2000,12.73
46,3,2001,12.25
46,3,2002,12.24
46,3,2003,12.48
46,3,2004,12.1
46,3,2005,11.49
46,3,2006,11.33
46,3,2007,11.36
46,3,2008,11.1
46,3,2009,10.16
46,3,2010,9.23
46,3,2011,8.71
46,3,2012,7.99
46,3,2013,7.46
46,3,2014,7.06
46,3,2015,7.16
46,3,2016,6.97
46,3,2017,7.04
46,3,2018,6.55
46,3,2019,6.35
46,3,2020,5.92
46,3,2021,6.11
46,3,2022,6.07
46,3,2023,5.8
47,1,1980,17.17
47,1,1981,16.83
47,1,1982,16.67
47,1,1983,16.4
47,1,1984,16.23
47,1,1985,15.83
47,1,1986,15.43
47,1,1987,15.94
47,1,1988,16.85
47,1,1989,18.4
47,1,1990,20.43
47,1,1991,21.39
47,1,1992,22.23
47,1,1993,22.25
47,1,1994,21.88
47,1,1995,21.19
47,1,1996,20.82
47,1,1997,20.32
47,1,1998,19.43
47,1,1999,19.35
47,1,2000,18.71
47,1,2001,18.32
47,1,2002,18.1
47,1,2003,17.39
47,1,2004,16.22
47,1,2005,15.41
47,1,2006,14.47
47,1,2007,14.47
47,1,2008,13.82
47,1,2009,12.3
47,1,2010,11.1
47,1,2011,10.46
47,1,2012,10.02
47,1,2013,9.45
47,1,2014,9.53
47,1,2015,9.81
47,1,2016,8.9
47,1,2017,8.52
47,1,2018,8.52
47,1,2019,8.34
47,1,2020,8.01
47,1,2021,7.62
47,1,2022,7.68
47,1,2023,7.43
47,2,1980,5.65
47,2,1981,5.51
47,2,1982,5.4
47,2,1983,5.32
47,2,1984,5.24
47,2,1985,5.14
47,2,1986,4.98
47,2,1987,5.14
47,2,1988,5.39
47,2,1989,5.76
47,2,1990,6.29
47,2,1991,6.42
47,2,1992,6.52
47,2,1993,6.51
47,2,1994,6.66
47,2,1995,6.64
47,2,1996,6.46
47,2,1997,6.1
47,2,1998,5.87
47,2,1999,5.67
47,2,2000,5.52
47,2,2001,5.47
47,2,2002,5.49
47,2,2003,5.24
47,2,2004,5.06
47,2,2005,4.67
47,2,2006,4.39
47,2,2007,4.51
47,2,2008,4.28
47,2,2009,3.81
47,2,2010,3.26
47,2,2011,3.13
47,2,2012,2.96
47,2,2013,2.77
47,2,2014,2.83
47,2,2015,2.74
47,2,2016,2.61
47,2,2017,2.52
47,2,2018,2.53
47,2,2019,2.4
47,2,2020,2.33
47,2,2021,2.13
47,2,2022,2.11
47,2,2023,2.01
47,3,1980,11.12
47,3,1981,10.89
47,3,1982,10.76
47,3,1983,10.58
47,3,1984,10.46
47,3,1985,10.22
47,3,1986,9.95
47,3,1987,10.25
47,3,1988,10.83
47,3,1989,11.75
47,3,1990,13.05
47,3,1991,13.62
47,3,1992,14.1
47,3,1993,14.13
47,3,1994,14.03
47,3,1995,13.69
47,3,1996,13.43
47,3,1997,13.03
47,3,1998,12.47
47,3,1999,12.34
47,3,2000,11.94
47,3,2001,11.74
47,3,2002,11.65
47,3,2003,11.19
47,3,2004,10.53
47,3,2005,9.96
47,3,2006,9.36
47,3,2007,9.43
47,3,2008,9
47,3,2009,8.01
47,3,2010,7.14
47,3,2011,6.76
47,3,2012,6.45
47,3,2013,6.07
47,3,2014,6.15
47,3,2015,6.24
47,3,2016,5.72
47,3,2017,5.5
47,3,2018,5.49
47,3,2019,5.34
47,3,2020,5.13
47,3,2021,4.84
47,3,2022,4.86
47,3,2023,4.7
48,1,1980,26
48,1,1981,25.98
48,1,1982,26.12
48,1,1983,25.94
48,1,1984,26.52
48,1,1985,27.25
48,1,1986,26.89
48,1,1987,26.66
48,1,1988,28.39
48,1,1989,31.5
48,1,1990,34.64
48,1,1991,34.05
48,1,1992,31.88
48,1,1993,28.5
48,1,1994,26.55
48,1,1995,25.29
48,1,1996,22.85
48,1,1997,22.13
48,1,1998,21.54
48,1,1999,20.32
48,1,2000,19.4
48,1,2001,19.77
48,1,2002,20.65
48,1,2003,20.51
48,1,2004,20.23
48,1,2005,20.09
48,1,2006,19.99
48,1,2007,18.75
48,1,2008,16.43
48,1,2009,14.13
48,1,2010,12.46
48,1,2011,11.08
48,1,2012,10.27
48,1,2013,10.04
48,1,2014,9.85
48,1,2015,10.27
48,1,2016,10.25
48,1,2017,10.12
48,1,2018,10.03
48,1,2019,9.66
48,1,2020,8.88
48,1,2021,9.28
48,1,2022,8.99
48,1,2023,8.61
48,2,1980,6.61
48,2,1981,6.45
48,2,1982,6.59
48,2,1983,7
48,2,1984,7.13
48,2,1985,7.61
48,2,1986,7.5
48,2,1987,7.57
48,2,1988,8.23
48,2,1989,9.14
48,2,1990,9.78
48,2,1991,9.56
48,2,1992,9.16
48,2,1993,7.98
48,2,1994,7.6
48,2,1995,7.1
48,2,1996,6.67
48,2,1997,6.34
48,2,1998,6.06
48,2,1999,5.86
48,2,2000,5.65
48,2,2001,5.67
48,2,2002,5.82
48,2,2003,5.5
48,2,2004,5.51
48,2,2005,5.45
48,2,2006,5.19
48,2,2007,5.02
48,2,2008,4.54
48,2,2009,3.98
48,2,2010,3.6
48,2,2011,3.39
48,2,2012,3.15
48,2,2013,3.05
48,2,2014,2.99
48,2,2015,2.9
48,2,2016,2.77
48,2,2017,2.89
48,2,2018,2.88
48,2,2019,2.94
48,2,2020,2.53
48,2,2021,2.47
48,2,2022,2.43
48,2,2023,2.28
48,3,1980,15.84
48,3,1981,15.75
48,3,1982,15.88
48,3,1983,16
48,3,1984,16.34
48,3,1985,16.94
48,3,1986,16.7
48,3,1987,16.64
48,3,1988,17.8
48,3,1989,19.76
48,3,1990,21.61
48,3,1991,21.23
48,3,1992,19.98
48,3,1993,17.73
48,3,1994,16.6
48,3,1995,15.73
48,3,1996,14.34
48,3,1997,13.8
48,3,1998,13.38
48,3,1999,12.69
48,3,2000,12.18
48,3,2001,12.36
48,3,2002,12.86
48,3,2003,12.61
48,3,2004,12.5
48,3,2005,12.4
48,3,2006,12.25
48,3,2007,11.57
48,3,2008,10.2
48,3,2009,8.8
48,3,2010,7.8
48,3,2011,7
48,3,2012,6.5
48,3,2013,6.37
48,3,2014,6.24
48,3,2015,6.4
48,3,2016,6.3
48,3,2017,6.3
48,3,2018,6.27
48,3,2019,6.13
48,3,2020,5.57
48,3,2021,5.75
48,3,2022,5.59
48,3,2023,5.33
49,1,1980,14.95
49,1,1981,14.83
49,1,1982,14.78
49,1,1983,14.54
49,1,1984,14.83
49,1,1985,14.88
49,1,1986,14.86
49,1,1987,14.74
49,1,1988,14.66
49,1,1989,14.58
49,1,1990,14.64
49,1,1991,14.72
49,1,1992,14.48
49,1,1993,14.3
49,1,1994,14.07
49,1,1995,13.98
49,1,1996,13.77
49,1,1997,13.47
49,1,1998,13.12
49,1,1999,13.04
49,1,2000,13.09
49,1,2001,12.96
49,1,2002,12.59
49,1,2003,12.34
49,1,2004,12.32
49,1,2005,12.36
49,1,2006,11.98
49,1,2007,11.46
49,1,2008,11.22
49,1,2009,10.67
49,1,2010,10.3
49,1,2011,10.08
49,1,2012,9.59
49,1,2013,9.34
49,1,2014,8.86
49,1,2015,8.77
49,1,2016,8.48
49,1,2017,8.4
49,1,2018,8.35
49,1,2019,8.49
49,1,2020,7.76
49,1,2021,7.43
49,1,2022,7.78
49,1,2023,7.06
49,2,1980,5.01
49,2,1981,4.91
49,2,1982,4.88
49,2,1983,4.61
49,2,1984,4.67
49,2,1985,4.65
49,2,1986,4.6
49,2,1987,4.52
49,2,1988,4.43
49,2,1989,4.35
49,2,1990,4.41
49,2,1991,4.37
49,2,1992,4.23
49,2,1993,4.17
49,2,1994,4.12
49,2,1995,4.14
49,2,1996,4.11
49,2,1997,4
49,2,1998,3.81
49,2,1999,3.79
49,2,2000,3.68
49,2,2001,3.48
49,2,2002,3.33
49,2,2003,3.15
49,2,2004,3.1
49,2,2005,3.1
49,2,2006,2.97
49,2,2007,2.85
49,2,2008,2.83
49,2,2009,2.72
49,2,2010,2.62
49,2,2011,2.55
49,2,2012,2.45
49,2,2013,2.37
49,2,2014,2.25
49,2,2015,2.24
49,2,2016,2.2
49,2,2017,2.2
49,2,2018,2.24
49,2,2019,2.22
49,2,2020,2.08
49,2,2021,1.97
49,2,2022,2.11
49,2,2023,1.96
49,3,1980,9.91
49,3,1981,9.81
49,3,1982,9.8
49,3,1983,9.52
49,3,1984,9.69
49,3,1985,9.7
49,3,1986,9.66
49,3,1987,9.55
49,3,1988,9.47
49,3,1989,9.39
49,3,1990,9.46
49,3,1991,9.47
49,3,1992,9.29
49,3,1993,9.17
49,3,1994,9.03
49,3,1995,8.99
49,3,1996,8.87
49,3,1997,8.68
49,3,1998,8.41
49,3,1999,8.38
49,3,2000,8.35
49,3,2001,8.19
49,3,2002,7.93
49,3,2003,7.72
49,3,2004,7.69
49,3,2005,7.7
49,3,2006,7.45
49,3,2007,7.14
49,3,2008,7.01
49,3,2009,6.67
49,3,2010,6.45
49,3,2011,6.3
49,3,2012,6.01
49,3,2013,5.83
49,3,2014,5.53
49,3,2015,5.47
49,3,2016,5.32
49,3,2017,5.28
49,3,2018,5.27
49,3,2019,5.33
49,3,2020,4.91
49,3,2021,4.68
49,3,2022,4.93
49,3,2023,4.5
50,1,1980,18.11
50,1,1981,18.77
50,1,1982,18.93
50,1,1983,19.1
50,1,1984,19.23
50,1,1985,19.22
50,1,1986,19.13
50,1,1987,18.85
50,1,1988,18.56
50,1,1989,18.24
50,1,1990,17.27
50,1,1991,16.27
50,1,1992,16.05
50,1,1993,16.46
50,1,1994,16.49
50,1,1995,16.34
50,1,1996,16.37
50,1,1997,16.11
50,1,1998,15.43
50,1,1999,14.4
50,1,2000,14.09
50,1,2001,14.51
50,1,2002,15.22
50,1,2003,14.89
50,1,2004,15.13
50,1,2005,14.3
50,1,2006,14.39
50,1,2007,14.32
50,1,2008,13.8
50,1,2009,13.69
50,1,2010,13.18
50,1,2011,13.14
50,1,2012,11.61
50,1,2013,11.2
50,1,2014,10.61
50,1,2015,10.58
50,1,2016,10.05
50,1,2017,9.99
50,1,2018,9.21
50,1,2019,8.97
50,1,2020,9.09
50,1,2021,8.89
50,1,2022,9.21
50,1,2023,8.97
50,2,1980,5.57
50,2,1981,5.55
50,2,1982,5.47
50,2,1983,5.51
50,2,1984,5.55
50,2,1985,5.56
50,2,1986,5.53
50,2,1987,5.48
50,2,1988,5.39
50,2,1989,5.3
50,2,1990,5.17
50,2,1991,5.06
50,2,1992,4.99
50,2,1993,5.11
50,2,1994,5.2
50,2,1995,5.23
50,2,1996,5.24
50,2,1997,5.19
50,2,1998,4.94
50,2,1999,4.58
50,2,2000,4.51
50,2,2001,4.58
50,2,2002,4.61
50,2,2003,4.51
50,2,2004,4.48
50,2,2005,4.28
50,2,2006,4.26
50,2,2007,4.15
50,2,2008,3.9
50,2,2009,3.84
50,2,2010,3.83
50,2,2011,3.81
50,2,2012,3.48
50,2,2013,3.35
50,2,2014,3.23
50,2,2015,3.18
50,2,2016,3.02
50,2,2017,2.98
50,2,2018,2.79
50,2,2019,2.76
50,2,2020,2.69
50,2,2021,2.36
50,2,2022,2.44
50,2,2023,2.44
50,3,1980,11.59
50,3,1981,11.93
50,3,1982,11.98
50,3,1983,12.09
50,3,1984,12.18
50,3,1985,12.21
50,3,1986,12.16
50,3,1987,12.02
50,3,1988,11.85
50,3,1989,11.65
50,3,1990,11.12
50,3,1991,10.58
50,3,1992,10.42
50,3,1993,10.68
50,3,1994,10.72
50,3,1995,10.64
50,3,1996,10.72
50,3,1997,10.52
50,3,1998,10.04
50,3,1999,9.32
50,3,2000,9.14
50,3,2001,9.38
50,3,2002,9.76
50,3,2003,9.52
50,3,2004,9.66
50,3,2005,9.16
50,3,2006,9.17
50,3,2007,9.08
50,3,2008,8.74
50,3,2009,8.65
50,3,2010,8.41
50,3,2011,8.39
50,3,2012,7.48
50,3,2013,7.21
50,3,2014,6.87
50,3,2015,6.83
50,3,2016,6.5
50,3,2017,6.45
50,3,2018,5.97
50,3,2019,5.85
50,3,2020,5.86
50,3,2021,5.59
50,3,2022,5.79
50,3,2023,5.69
51,1,1980,27.91
51,1,1981,27.88
51,1,1982,27.85
51,1,1983,28.95
51,1,1984,28.25
51,1,1985,26.93
51,1,1986,26.29
51,1,1987,26.38
51,1,1988,28.47
51,1,1989,33.8
51,1,1990,37.8
51,1,1991,38.43
51,1,1992,35.05
51,1,1993,33.09
51,1,1994,32.54
51,1,1995,31.87
51,1,1996,30.93
51,1,1997,30.5
51,1,1998,29.93
51,1,1999,29.14
51,1,2000,27.27
51,1,2001,24.81
51,1,2002,24.05
51,1,2003,23.85
51,1,2004,23.44
51,1,2005,22.41
51,1,2006,21.66
51,1,2007,22.07
51,1,2008,21.19
51,1,2009,19.07
51,1,2010,17.41
51,1,2011,17.09
51,1,2012,15.3
51,1,2013,14.31
51,1,2014,13.43
51,1,2015,12.98
51,1,2016,13.22
51,1,2017,13.02
51,1,2018,13.41
51,1,2019,13.7
51,1,2020,13.02
51,1,2021,10.85
51,1,2022,9.71
51,1,2023,8.97
51,2,1980,7.07
51,2,1981,7.06
51,2,1982,7.05
51,2,1983,7.19
51,2,1984,6.69
51,2,1985,6.59
51,2,1986,6.54
51,2,1987,6.37
51,2,1988,6.67
51,2,1989,7.91
51,2,1990,8.58
51,2,1991,9.04
51,2,1992,8.53
51,2,1993,7.93
51,2,1994,7.72
51,2,1995,7.82
51,2,1996,7.65
51,2,1997,7.57
51,2,1998,7.57
51,2,1999,7.43
51,2,2000,6.99
51,2,2001,6.68
51,2,2002,6.43
51,2,2003,6.26
51,2,2004,6.15
51,2,2005,5.85
51,2,2006,5.69
51,2,2007,5.86
51,2,2008,5.73
51,2,2009,5.07
51,2,2010,4.55
51,2,2011,4.28
51,2,2012,3.95
51,2,2013,3.64
51,2,2014,3.47
51,2,2015,3.41
51,2,2016,3.49
51,2,2017,3.43
51,2,2018,3.42
51,2,2019,3.24
51,2,2020,3.06
51,2,2021,2.72
51,2,2022,2.43
51,2,2023,2.34
51,3,1980,17.08
51,3,1981,17.07
51,3,1982,17.06
51,3,1983,17.69
51,3,1984,17.06
51,3,1985,16.35
51,3,1986,16.03
51,3,1987,16.01
51,3,1988,17.17
51,3,1989,20.41
51,3,1990,22.7
51,3,1991,23.25
51,3,1992,21.36
51,3,1993,20.08
51,3,1994,19.69
51,3,1995,19.47
51,3,1996,18.9
51,3,1997,18.64
51,3,1998,18.35
51,3,1999,17.87
51,3,2000,16.75
51,3,2001,15.43
51,3,2002,14.93
51,3,2003,14.75
51,3,2004,14.5
51,3,2005,13.87
51,3,2006,13.43
51,3,2007,13.72
51,3,2008,13.24
51,3,2009,11.88
51,3,2010,10.82
51,3,2011,10.54
51,3,2012,9.5
51,3,2013,8.86
51,3,2014,8.33
51,3,2015,8.09
51,3,2016,8.26
51,3,2017,8.13
51,3,2018,8.31
51,3,2019,8.38
51,3,2020,7.95
51,3,2021,6.71
51,3,2022,6.01
51,3,2023,5.6
52,1,1980,26.28
52,1,1981,26.55
52,1,1982,26
52,1,1983,26.03
52,1,1984,26.58
52,1,1985,27.04
52,1,1986,27.64
52,1,1987,27.7
52,1,1988,28.11
52,1,1989,27.64
52,1,1990,32.09
52,1,1991,31
52,1,1992,29.52
52,1,1993,28.77
52,1,1994,29.08
52,1,1995,28.89
52,1,1996,28.3
52,1,1997,26.1
52,1,1998,23.83
52,1,1999,21.09
52,1,2000,20.28
52,1,2001,20.07
52,1,2002,19.72
52,1,2003,19.13
52,1,2004,19.73
52,1,2005,19.67
52,1,2006,20.11
52,1,2007,20.88
52,1,2008,21.55
52,1,2009,20.24
52,1,2010,17.45
52,1,2011,15.85
52,1,2012,14.94
52,1,2013,14.6
52,1,2014,14.35
52,1,2015,14.63
52,1,2016,14.94
52,1,2017,14.98
52,1,2018,14.5
52,1,2019,14.29
52,1,2020,13.56
52,1,2021,12.68
52,1,2022,13.09
52,1,2023,12.77
52,2,1980,8.91
52,2,1981,8.69
52,2,1982,8.65
52,2,1983,8.71
52,2,1984,8.89
52,2,1985,8.99
52,2,1986,9.33
52,2,1987,9.48
52,2,1988,9.61
52,2,1989,9.28
52,2,1990,10.47
52,2,1991,10.22
52,2,1992,9.35
52,2,1993,8.96
52,2,1994,9.09
52,2,1995,9.23
52,2,1996,9.07
52,2,1997,8.25
52,2,1998,7.94
52,2,1999,7.19
52,2,2000,7.03
52,2,2001,6.75
52,2,2002,6.56
52,2,2003,6.22
52,2,2004,6.49
52,2,2005,6.72
52,2,2006,6.67
52,2,2007,6.8
52,2,2008,6.61
52,2,2009,6.15
52,2,2010,5.15
52,2,2011,4.74
52,2,2012,4.6
52,2,2013,4.48
52,2,2014,4.3
52,2,2015,4.43
52,2,2016,4.47
52,2,2017,4.5
52,2,2018,4.3
52,2,2019,3.96
52,2,2020,3.69
52,2,2021,3.76
52,2,2022,3.78
52,2,2023,3.74
52,3,1980,17.36
52,3,1981,17.37
52,3,1982,17.08
52,3,1983,17.14
52,3,1984,17.49
52,3,1985,17.76
52,3,1986,18.22
52,3,1987,18.34
52,3,1988,18.6
52,3,1989,18.2
52,3,1990,20.97
52,3,1991,20.3
52,3,1992,19.12
52,3,1993,18.55
52,3,1994,18.76
52,3,1995,18.75
52,3,1996,18.38
52,3,1997,16.9
52,3,1998,15.63
52,3,1999,13.92
52,3,2000,13.44
52,3,2001,13.19
52,3,2002,12.92
52,3,2003,12.46
52,3,2004,12.9
52,3,2005,12.99
52,3,2006,13.2
52,3,2007,13.68
52,3,2008,13.92
52,3,2009,13.05
52,3,2010,11.18
52,3,2011,10.18
52,3,2012,9.65
52,3,2013,9.44
52,3,2014,9.24
52,3,2015,9.43
52,3,2016,9.61
52,3,2017,9.62
52,3,2018,9.28
52,3,2019,9
52,3,2020,8.5
52,3,2021,8.1
52,3,2022,8.3
52,3,2023,8.14
53,1,1980,23.25
53,1,1981,23.64
53,1,1982,23.93
53,1,1983,23.6
53,1,1984,23.45
53,1,1985,22.86
53,1,1986,22.47
53,1,1987,22.09
53,1,1988,21.5
53,1,1989,20.84
53,1,1990,20.45
53,1,1991,19.7
53,1,1992,19.26
53,1,1993,19.26
53,1,1994,19.34
53,1,1995,18.99
53,1,1996,18.88
53,1,1997,18.37
53,1,1998,17.77
53,1,1999,16.93
53,1,2000,16.12
53,1,2001,16.01
53,1,2002,15.51
53,1,2003,15
53,1,2004,14.9
53,1,2005,15.03
53,1,2006,15.08
53,1,2007,14.86
53,1,2008,14.57
53,1,2009,13.9
53,1,2010,13.26
53,1,2011,12.3
53,1,2012,11.55
53,1,2013,10.66
53,1,2014,10.14
53,1,2015,9.75
53,1,2016,9.44
53,1,2017,9.09
53,1,2018,8.97
53,1,2019,9.06
53,1,2020,8.72
53,1,2021,8.55
53,1,2022,8.67
53,1,2023,8.28
53,2,1980,7.07
53,2,1981,7.16
53,2,1982,7.22
53,2,1983,7.13
53,2,1984,7.1
53,2,1985,6.94
53,2,1986,6.85
53,2,1987,6.74
53,2,1988,6.54
53,2,1989,6.26
53,2,1990,6.23
53,2,1991,6.06
53,2,1992,5.96
53,2,1993,5.88
53,2,1994,5.85
53,2,1995,5.76
53,2,1996,5.65
53,2,1997,5.43
53,2,1998,5.28
53,2,1999,4.96
53,2,2000,4.71
53,2,2001,4.55
53,2,2002,4.34
53,2,2003,4.1
53,2,2004,4.06
53,2,2005,3.95
53,2,2006,3.86
53,2,2007,3.79
53,2,2008,3.76
53,2,2009,3.51
53,2,2010,3.32
53,2,2011,3.15
53,2,2012,3.06
53,2,2013,2.8
53,2,2014,2.71
53,2,2015,2.66
53,2,2016,2.58
53,2,2017,2.49
53,2,2018,2.42
53,2,2019,2.42
53,2,2020,2.32
53,2,2021,2.26
53,2,2022,2.3
53,2,2023,2.26
53,3,1980,14.96
53,3,1981,15.23
53,3,1982,15.42
53,3,1983,15.23
53,3,1984,15.13
53,3,1985,14.76
53,3,1986,14.54
53,3,1987,14.28
53,3,1988,13.91
53,3,1989,13.42
53,3,1990,13.22
53,3,1991,12.76
53,3,1992,12.47
53,3,1993,12.45
53,3,1994,12.49
53,3,1995,12.27
53,3,1996,12.16
53,3,1997,11.8
53,3,1998,11.41
53,3,1999,10.8
53,3,2000,10.26
53,3,2001,10.11
53,3,2002,9.75
53,3,2003,9.37
53,3,2004,9.29
53,3,2005,9.3
53,3,2006,9.29
53,3,2007,9.15
53,3,2008,9.01
53,3,2009,8.56
53,3,2010,8.16
53,3,2011,7.63
53,3,2012,7.22
53,3,2013,6.66
53,3,2014,6.37
53,3,2015,6.16
53,3,2016,5.97
53,3,2017,5.75
53,3,2018,5.66
53,3,2019,5.73
53,3,2020,5.51
53,3,2021,5.4
53,3,2022,5.48
53,3,2023,5.27
54,1,1980,28.09
54,1,1981,27.75
54,1,1982,27.87
54,1,1983,27.56
54,1,1984,27.29
54,1,1985,26.81
54,1,1986,26.4
54,1,1987,26.22
54,1,1988,26.41
54,1,1989,26.65
54,1,1990,26.84
54,1,1991,26.49
54,1,1992,25.64
54,1,1993,24.61
54,1,1994,23.39
54,1,1995,22.58
54,1,1996,22.45
54,1,1997,22.27
54,1,1998,22.07
54,1,1999,21.81
54,1,2000,21.19
54,1,2001,20.61
54,1,2002,19.62
54,1,2003,18.92
54,1,2004,18.28
54,1,2005,17.5
54,1,2006,16.67
54,1,2007,15.88
54,1,2008,15.07
54,1,2009,14.42
54,1,2010,13.54
54,1,2011,12.39
54,1,2012,11.38
54,1,2013,10.88
54,1,2014,10.35
54,1,2015,9.98
54,1,2016,9.91
54,1,2017,9.57
54,1,2018,9.14
54,1,2019,8.91
54,1,2020,8.88
54,1,2021,8.77
54,1,2022,8.88
54,1,2023,8.37
54,2,1980,7.68
54,2,1981,7.59
54,2,1982,7.72
54,2,1983,7.71
54,2,1984,7.87
54,2,1985,7.72
54,2,1986,7.67
54,2,1987,7.61
54,2,1988,7.62
54,2,1989,7.57
54,2,1990,7.49
54,2,1991,7.27
54,2,1992,7.04
54,2,1993,6.68
54,2,1994,6.37
54,2,1995,6.16
54,2,1996,5.99
54,2,1997,5.77
54,2,1998,5.62
54,2,1999,5.43
54,2,2000,5.24
54,2,2001,5.12
54,2,2002,4.96
54,2,2003,4.8
54,2,2004,4.63
54,2,2005,4.53
54,2,2006,4.33
54,2,2007,4.11
54,2,2008,4
54,2,2009,3.83
54,2,2010,3.68
54,2,2011,3.5
54,2,2012,3.38
54,2,2013,3.27
54,2,2014,3.2
54,2,2015,3.14
54,2,2016,3.1
54,2,2017,3.05
54,2,2018,2.93
54,2,2019,2.85
54,2,2020,2.89
54,2,2021,2.82
54,2,2022,2.81
54,2,2023,2.69
54,3,1980,17.58
54,3,1981,17.36
54,3,1982,17.48
54,3,1983,17.32
54,3,1984,17.26
54,3,1985,16.95
54,3,1986,16.72
54,3,1987,16.6
54,3,1988,16.69
54,3,1989,16.77
54,3,1990,16.81
54,3,1991,16.52
54,3,1992,15.98
54,3,1993,15.3
54,3,1994,14.55
54,3,1995,14.05
54,3,1996,13.9
54,3,1997,13.69
54,3,1998,13.52
54,3,1999,13.3
54,3,2000,12.91
54,3,2001,12.57
54,3,2002,12.01
54,3,2003,11.6
54,3,2004,11.2
54,3,2005,10.77
54,3,2006,10.28
54,3,2007,9.79
54,3,2008,9.34
54,3,2009,8.95
54,3,2010,8.45
54,3,2011,7.8
54,3,2012,7.25
54,3,2013,6.95
54,3,2014,6.66
54,3,2015,6.45
54,3,2016,6.4
54,3,2017,6.22
54,3,2018,5.95
54,3,2019,5.81
54,3,2020,5.81
54,3,2021,5.73
54,3,2022,5.79
54,3,2023,5.48
55,1,1980,35.59
55,1,1981,35.24
55,1,1982,34.52
55,1,1983,34.04
55,1,1984,33.26
55,1,1985,32.21
55,1,1986,33.13
55,1,1987,32.62
55,1,1988,32.37
55,1,1989,32.33
55,1,1990,33.68
55,1,1991,32.46
55,1,1992,31.82
55,1,1993,30.68
55,1,1994,30.16
55,1,1995,28.01
55,1,1996,26.19
55,1,1997,24.05
55,1,1998,22.54
55,1,1999,22.17
55,1,2000,21.11
55,1,2001,19.98
55,1,2002,19.18
55,1,2003,18.45
55,1,2004,18.6
55,1,2005,17.33
55,1,2006,17.09
55,1,2007,16.52
55,1,2008,15.05
55,1,2009,12.74
55,1,2010,11.04
55,1,2011,10.35
55,1,2012,9.46
55,1,2013,8.62
55,1,2014,8.03
55,1,2015,8.13
55,1,2016,7.8
55,1,2017,7.46
55,1,2018,7.1
55,1,2019,7.15
55,1,2020,6.82
55,1,2021,6.71
55,1,2022,6.71
55,1,2023,6.54
55,2,1980,9.06
55,2,1981,8.52
55,2,1982,8.33
55,2,1983,8.16
55,2,1984,7.87
55,2,1985,7.66
55,2,1986,7.65
55,2,1987,7.69
55,2,1988,7.88
55,2,1989,8.22
55,2,1990,8.55
55,2,1991,8.12
55,2,1992,8.03
55,2,1993,7.53
55,2,1994,7.49
55,2,1995,7.49
55,2,1996,6.77
55,2,1997,6.23
55,2,1998,5.91
55,2,1999,5.6
55,2,2000,5.27
55,2,2001,5.05
55,2,2002,4.92
55,2,2003,4.66
55,2,2004,4.52
55,2,2005,4.48
55,2,2006,4.16
55,2,2007,4.03
55,2,2008,3.7
55,2,2009,3.41
55,2,2010,2.92
55,2,2011,2.66
55,2,2012,2.63
55,2,2013,2.55
55,2,2014,2.45
55,2,2015,2.22
55,2,2016,2.19
55,2,2017,2.14
55,2,2018,1.97
55,2,2019,1.84
55,2,2020,1.78
55,2,2021,1.65
55,2,2022,1.62
55,2,2023,1.62
55,3,1980,21.73
55,3,1981,21.27
55,3,1982,20.81
55,3,1983,20.47
55,3,1984,19.94
55,3,1985,19.32
55,3,1986,19.77
55,3,1987,19.58
55,3,1988,19.58
55,3,1989,19.75
55,3,1990,20.55
55,3,1991,19.76
55,3,1992,19.38
55,3,1993,18.63
55,3,1994,18.38
55,3,1995,17.36
55,3,1996,16.16
55,3,1997,14.82
55,3,1998,13.92
55,3,1999,13.61
55,3,2000,12.93
55,3,2001,12.28
55,3,2002,11.82
55,3,2003,11.34
55,3,2004,11.36
55,3,2005,10.76
55,3,2006,10.51
55,3,2007,10.17
55,3,2008,9.27
55,3,2009,7.98
55,3,2010,6.9
55,3,2011,6.43
55,3,2012,5.99
55,3,2013,5.52
55,3,2014,5.18
55,3,2015,5.14
55,3,2016,4.95
55,3,2017,4.76
55,3,2018,4.51
55,3,2019,4.48
55,3,2020,4.29
55,3,2021,4.18
55,3,2022,4.17
55,3,2023,4.1
57,1,1980,33.68
57,1,1981,33.45
57,1,1982,33.41
57,1,1983,33.38
57,1,1984,32.52
57,1,1985,30.8
57,1,1986,29.76
57,1,1987,28.55
57,1,1988,28.39
57,1,1989,28.34
57,1,1990,29.27
57,1,1991,29.73
57,1,1992,30.02
57,1,1993,30.35
57,1,1994,30.45
57,1,1995,30.57
57,1,1996,30.78
57,1,1997,31.11
57,1,1998,31.6
57,1,1999,31.51
57,1,2000,32.03
57,1,2001,32.25
57,1,2002,33.46
57,1,2003,33.84
57,1,2004,32.16
57,1,2005,31.65
57,1,2006,30.83
57,1,2007,30.01
57,1,2008,28.5
57,1,2009,25.24
57,1,2010,23.14
57,1,2011,22.36
57,1,2012,20.14
57,1,2013,17.45
57,1,2014,15.6
57,1,2015,14.76
57,1,2016,13.09
57,1,2017,11.94
57,1,2018,11.32
57,1,2019,10.99
57,1,2020,10.26
57,1,2021,10.01
57,1,2022,10.26
57,1,2023,10.62
57,2,1980,10.28
57,2,1981,10.29
57,2,1982,10.32
57,2,1983,10.29
57,2,1984,10
57,2,1985,9.74
57,2,1986,9.87
57,2,1987,9.53
57,2,1988,9.27
57,2,1989,9.08
57,2,1990,9.13
57,2,1991,9.1
57,2,1992,9.03
57,2,1993,9.12
57,2,1994,9.17
57,2,1995,9.07
57,2,1996,9.11
57,2,1997,9.15
57,2,1998,9.25
57,2,1999,9.15
57,2,2000,9.21
57,2,2001,9.24
57,2,2002,9.48
57,2,2003,9.65
57,2,2004,8.85
57,2,2005,8.66
57,2,2006,8.72
57,2,2007,8.68
57,2,2008,7.98
57,2,2009,6.96
57,2,2010,6.56
57,2,2011,6.22
57,2,2012,5.82
57,2,2013,5.21
57,2,2014,4.76
57,2,2015,4.52
57,2,2016,3.96
57,2,2017,3.5
57,2,2018,3.34
57,2,2019,3.26
57,2,2020,2.94
57,2,2021,2.93
57,2,2022,3.11
57,2,2023,3.22
57,3,1980,21.2
57,3,1981,21.12
57,3,1982,21.14
57,3,1983,21.12
57,3,1984,20.6
57,3,1985,19.64
57,3,1986,19.21
57,3,1987,18.49
57,3,1988,18.3
57,3,1989,18.21
57,3,1990,18.71
57,3,1991,18.92
57,3,1992,19.04
57,3,1993,19.23
57,3,1994,19.3
57,3,1995,19.3
57,3,1996,19.42
57,3,1997,19.6
57,3,1998,19.88
57,3,1999,19.78
57,3,2000,20.06
57,3,2001,20.16
57,3,2002,20.87
57,3,2003,21.09
57,3,2004,19.88
57,3,2005,19.58
57,3,2006,19.24
57,3,2007,18.82
57,3,2008,17.71
57,3,2009,15.59
57,3,2010,14.38
57,3,2011,13.82
57,3,2012,12.56
57,3,2013,10.95
57,3,2014,9.81
57,3,2015,9.28
57,3,2016,8.19
57,3,2017,7.42
57,3,2018,7.04
57,3,2019,6.84
57,3,2020,6.32
57,3,2021,6.19
57,3,2022,6.4
57,3,2023,6.65
58,1,1980,42.2
58,1,1981,41.15
58,1,1982,41.01
58,1,1983,40.19
58,1,1984,39.36
58,1,1985,37.9
58,1,1986,38.35
58,1,1987,38.38
58,1,1988,38.85
58,1,1989,38.99
58,1,1990,39.08
58,1,1991,39.67
58,1,1992,39.61
58,1,1993,39.17
58,1,1994,38.77
58,1,1995,33.22
58,1,1996,29.09
58,1,1997,28.59
58,1,1998,28.45
58,1,1999,27.09
58,1,2000,25.35
58,1,2001,23.41
58,1,2002,23.07
58,1,2003,22.18
58,1,2004,21.24
58,1,2005,20.88
58,1,2006,20.53
58,1,2007,18.64
58,1,2008,15.82
58,1,2009,13.42
58,1,2010,11.95
58,1,2011,12.3
58,1,2012,11.2
58,1,2013,10.75
58,1,2014,9.65
58,1,2015,8.73
58,1,2016,8.13
58,1,2017,7.58
58,1,2018,7.33
58,1,2019,6.52
58,1,2020,6.41
58,1,2021,6.17
58,1,2022,5.58
58,1,2023,5.54
58,2,1980,10.21
58,2,1981,10
58,2,1982,10.12
58,2,1983,10.21
58,2,1984,9.86
58,2,1985,9.65
58,2,1986,9.99
58,2,1987,10.27
58,2,1988,10.06
58,2,1989,9.57
58,2,1990,9.61
58,2,1991,9.5
58,2,1992,9.25
58,2,1993,8.86
58,2,1994,8.62
58,2,1995,7.07
58,2,1996,6.33
58,2,1997,6.46
58,2,1998,6.66
58,2,1999,6.79
58,2,2000,6.73
58,2,2001,6.58
58,2,2002,6.55
58,2,2003,6.29
58,2,2004,6.18
58,2,2005,5.69
58,2,2006,5.21
58,2,2007,4.86
58,2,2008,4.26
58,2,2009,3.81
58,2,2010,3.41
58,2,2011,3.29
58,2,2012,3.25
58,2,2013,3.14
58,2,2014,3.04
58,2,2015,2.83
58,2,2016,2.38
58,2,2017,2.14
58,2,2018,2.11
58,2,2019,1.88
58,2,2020,1.73
58,2,2021,1.61
58,2,2022,1.34
58,2,2023,1.3
58,3,1980,25.28
58,3,1981,24.66
58,3,1982,24.65
58,3,1983,24.3
58,3,1984,23.76
58,3,1985,22.97
58,3,1986,23.38
58,3,1987,23.57
58,3,1988,23.73
58,3,1989,23.57
58,3,1990,23.65
58,3,1991,23.89
58,3,1992,23.69
58,3,1993,23.22
58,3,1994,22.85
58,3,1995,19.41
58,3,1996,17.11
58,3,1997,16.94
58,3,1998,16.97
58,3,1999,16.39
58,3,2000,15.57
58,3,2001,14.56
58,3,2002,14.38
58,3,2003,13.81
58,3,2004,13.29
58,3,2005,12.91
58,3,2006,12.52
58,3,2007,11.4
58,3,2008,9.74
58,3,2009,8.35
58,3,2010,7.44
58,3,2011,7.56
58,3,2012,7.02
58,3,2013,6.75
58,3,2014,6.17
58,3,2015,5.62
58,3,2016,5.1
58,3,2017,4.71
58,3,2018,4.57
58,3,2019,4.07
58,3,2020,3.95
58,3,2021,3.77
58,3,2022,3.34
58,3,2023,3.3
59,1,1980,40.68
59,1,1981,40.24
59,1,1982,40.55
59,1,1983,39.43
59,1,1984,37.95
59,1,1985,36.55
59,1,1986,35.97
59,1,1987,35.68
59,1,1988,36.02
59,1,1989,36.89
59,1,1990,38.06
59,1,1991,39.13
59,1,1992,40.52
59,1,1993,40.56
59,1,1994,40.06
59,1,1995,39.24
59,1,1996,38.52
59,1,1997,37.28
59,1,1998,38.55
59,1,1999,38.81
59,1,2000,38.49
59,1,2001,35.67
59,1,2002,34.77
59,1,2003,34.38
59,1,2004,32.72
59,1,2005,29.96
59,1,2006,28.5
59,1,2007,27.61
59,1,2008,23.17
59,1,2009,18.6
59,1,2010,16.18
59,1,2011,15.68
59,1,2012,14.91
59,1,2013,15.08
59,1,2014,15.43
59,1,2015,14.67
59,1,2016,13.25
59,1,2017,11.58
59,1,2018,11.63
59,1,2019,11.57
59,1,2020,11.4
59,1,2021,12.03
59,1,2022,12.72
59,1,2023,12.43
59,2,1980,9.96
59,2,1981,9.96
59,2,1982,10.23
59,2,1983,10.25
59,2,1984,10.07
59,2,1985,9.9
59,2,1986,10.02
59,2,1987,9.9
59,2,1988,9.72
59,2,1989,9.52
59,2,1990,9.66
59,2,1991,9.73
59,2,1992,9.68
59,2,1993,9.37
59,2,1994,9.2
59,2,1995,9
59,2,1996,9.05
59,2,1997,9.26
59,2,1998,9.44
59,2,1999,9.77
59,2,2000,9.68
59,2,2001,9.3
59,2,2002,9.22
59,2,2003,9.03
59,2,2004,8.89
59,2,2005,8.39
59,2,2006,7.69
59,2,2007,7.38
59,2,2008,6.42
59,2,2009,5.41
59,2,2010,5.05
59,2,2011,4.48
59,2,2012,4.61
59,2,2013,4.33
59,2,2014,4.17
59,2,2015,3.72
59,2,2016,3.32
59,2,2017,3.07
59,2,2018,2.89
59,2,2019,2.69
59,2,2020,2.75
59,2,2021,2.79
59,2,2022,2.8
59,2,2023,2.61
59,3,1980,24.41
59,3,1981,24.2
59,3,1982,24.49
59,3,1983,23.97
59,3,1984,23.19
59,3,1985,22.47
59,3,1986,22.27
59,3,1987,22.11
59,3,1988,22.2
59,3,1989,22.54
59,3,1990,23.18
59,3,1991,23.74
59,3,1992,24.35
59,3,1993,24.17
59,3,1994,23.81
59,3,1995,23.32
59,3,1996,23.02
59,3,1997,22.55
59,3,1998,23.24
59,3,1999,23.47
59,3,2000,23.25
59,3,2001,21.7
59,3,2002,21.23
59,3,2003,20.97
59,3,2004,20.11
59,3,2005,18.52
59,3,2006,17.44
59,3,2007,16.84
59,3,2008,14.28
59,3,2009,11.58
59,3,2010,10.21
59,3,2011,9.65
59,3,2012,9.38
59,3,2013,9.34
59,3,2014,9.43
59,3,2015,8.87
59,3,2016,7.97
59,3,2017,7.06
59,3,2018,6.97
59,3,2019,6.88
59,3,2020,6.84
59,3,2021,7.15
59,3,2022,7.51
59,3,2023,7.28
60,1,1980,43.34
60,1,1981,42.82
60,1,1982,43.03
60,1,1983,42.9
60,1,1984,42.03
60,1,1985,40.11
60,1,1986,39.99
60,1,1987,39.09
60,1,1988,39.7
60,1,1989,40.59
60,1,1990,42.25
60,1,1991,42.75
60,1,1992,43.28
60,1,1993,43.29
60,1,1994,36.7
60,1,1995,35.31
60,1,1996,33.84
60,1,1997,34.08
60,1,1998,34.95
60,1,1999,33.52
60,1,2000,32.5
60,1,2001,32.73
60,1,2002,33.25
60,1,2003,35.46
60,1,2004,36.2
60,1,2005,36.69
60,1,2006,36.8
60,1,2007,34.24
60,1,2008,27.4
60,1,2009,22.94
60,1,2010,19.5
60,1,2011,18.69
60,1,2012,18.61
60,1,2013,16.73
60,1,2014,16.27
60,1,2015,14.94
60,1,2016,13.44
60,1,2017,12.83
60,1,2018,11.9
60,1,2019,11.66
60,1,2020,11.21
60,1,2021,10.36
60,1,2022,9.7
60,1,2023,9.53
60,2,1980,11.21
60,2,1981,10.69
60,2,1982,10.59
60,2,1983,10.72
60,2,1984,10.6
60,2,1985,10.27
60,2,1986,10.44
60,2,1987,10.43
60,2,1988,10.47
60,2,1989,10.42
60,2,1990,10.6
60,2,1991,10.39
60,2,1992,10.22
60,2,1993,10.04
60,2,1994,8.74
60,2,1995,8.69
60,2,1996,8.73
60,2,1997,9.05
60,2,1998,9.17
60,2,1999,8.88
60,2,2000,8.26
60,2,2001,8.56
60,2,2002,8.79
60,2,2003,8.75
60,2,2004,8.85
60,2,2005,9.22
60,2,2006,9.21
60,2,2007,8.44
60,2,2008,7.02
60,2,2009,5.81
60,2,2010,5.21
60,2,2011,5.13
60,2,2012,4.98
60,2,2013,4.48
60,2,2014,4.36
60,2,2015,4.03
60,2,2016,3.55
60,2,2017,3.46
60,2,2018,3.2
60,2,2019,2.92
60,2,2020,2.79
60,2,2021,2.53
60,2,2022,2.16
60,2,2023,2.08
60,3,1980,26.34
60,3,1981,25.83
60,3,1982,25.89
60,3,1983,25.89
60,3,1984,25.43
60,3,1985,24.35
60,3,1986,24.39
60,3,1987,23.98
60,3,1988,24.29
60,3,1989,24.7
60,3,1990,25.59
60,3,1991,25.72
60,3,1992,25.86
60,3,1993,25.73
60,3,1994,21.9
60,3,1995,21.21
60,3,1996,20.62
60,3,1997,20.87
60,3,1998,21.34
60,3,1999,20.52
60,3,2000,19.71
60,3,2001,19.97
60,3,2002,20.38
60,3,2003,21.43
60,3,2004,21.87
60,3,2005,22.35
60,3,2006,22.38
60,3,2007,20.76
60,3,2008,16.75
60,3,2009,13.93
60,3,2010,11.97
60,3,2011,11.53
60,3,2012,11.41
60,3,2013,10.24
60,3,2014,9.97
60,3,2015,9.15
60,3,2016,8.19
60,3,2017,7.87
60,3,2018,7.3
60,3,2019,7.06
60,3,2020,6.76
60,3,2021,6.25
60,3,2022,5.78
60,3,2023,5.68
61,1,1980,51.78
61,1,1981,51.26
61,1,1982,51.53
61,1,1983,50.78
61,1,1984,50.15
61,1,1985,47.61
61,1,1986,46.06
61,1,1987,44.88
61,1,1988,44.35
61,1,1989,44.08
61,1,1990,44.55
61,1,1991,44.82
61,1,1992,42.57
61,1,1993,35.56
61,1,1994,31.78
61,1,1995,30.68
61,1,1996,27.89
61,1,1997,26.53
61,1,1998,24.41
61,1,1999,22.74
61,1,2000,22.92
61,1,2001,23.47
61,1,2002,23.87
61,1,2003,24.41
61,1,2004,24.55
61,1,2005,23.5
61,1,2006,22.8
61,1,2007,24.03
61,1,2008,23.71
61,1,2009,22.23
61,1,2010,20.36
61,1,2011,20.89
61,1,2012,20.04
61,1,2013,18.91
61,1,2014,18.08
61,1,2015,16.89
61,1,2016,15.34
61,1,2017,15.19
61,1,2018,13.64
61,1,2019,12.87
61,1,2020,11.84
61,1,2021,10.78
61,1,2022,11.27
61,1,2023,10.98
61,2,1980,12.27
61,2,1981,12.15
61,2,1982,12.26
61,2,1983,12.06
61,2,1984,12.08
61,2,1985,11.67
61,2,1986,11.39
61,2,1987,10.97
61,2,1988,10.76
61,2,1989,10.62
61,2,1990,10.57
61,2,1991,10.43
61,2,1992,9.87
61,2,1993,8.82
61,2,1994,7.99
61,2,1995,8.18
61,2,1996,7.94
61,2,1997,7.81
61,2,1998,7.4
61,2,1999,7.03
61,2,2000,6.95
61,2,2001,7.61
61,2,2002,7.49
61,2,2003,7.8
61,2,2004,7.48
61,2,2005,7.31
61,2,2006,7.06
61,2,2007,7.23
61,2,2008,6.68
61,2,2009,5.73
61,2,2010,5.66
61,2,2011,5.66
61,2,2012,5.48
61,2,2013,4.68
61,2,2014,4.42
61,2,2015,4.06
61,2,2016,3.91
61,2,2017,3.46
61,2,2018,3.35
61,2,2019,3.17
61,2,2020,2.72
61,2,2021,2.4
61,2,2022,2.47
61,2,2023,2.48
61,3,1980,30.58
61,3,1981,30.3
61,3,1982,30.48
61,3,1983,30.04
61,3,1984,29.79
61,3,1985,28.41
61,3,1986,27.56
61,3,1987,26.82
61,3,1988,26.48
61,3,1989,26.29
61,3,1990,26.52
61,3,1991,26.58
61,3,1992,25.26
61,3,1993,21.39
61,3,1994,19.15
61,3,1995,18.79
61,3,1996,17.33
61,3,1997,16.64
61,3,1998,15.42
61,3,1999,14.43
61,3,2000,14.5
61,3,2001,15.12
61,3,2002,15.26
61,3,2003,15.69
61,3,2004,15.59
61,3,2005,15.01
61,3,2006,14.56
61,3,2007,15.23
61,3,2008,14.84
61,3,2009,13.68
61,3,2010,12.73
61,3,2011,13.01
61,3,2012,12.5
61,3,2013,11.54
61,3,2014,11.02
61,3,2015,10.27
61,3,2016,9.42
61,3,2017,9.13
61,3,2018,8.32
61,3,2019,7.87
61,3,2020,7.14
61,3,2021,6.45
61,3,2022,6.73
61,3,2023,6.59
62,1,1980,45.89
62,1,1981,44.65
62,1,1982,42.9
62,1,1983,42.54
62,1,1984,45.14
62,1,1985,45.65
62,1,1986,40.11
62,1,1987,38.18
62,1,1988,39.36
62,1,1989,41.35
62,1,1990,42.45
62,1,1991,43.03
62,1,1992,43.96
62,1,1993,45.95
62,1,1994,44.26
62,1,1995,39.15
62,1,1996,33.87
62,1,1997,30.84
62,1,1998,31.94
62,1,1999,36.03
62,1,2000,38.47
62,1,2001,39.1
62,1,2002,39.81
62,1,2003,40.92
62,1,2004,39.91
62,1,2005,37.88
62,1,2006,34.8
62,1,2007,33.13
62,1,2008,30.78
62,1,2009,27.64
62,1,2010,26.55
62,1,2011,27.32
62,1,2012,27.62
62,1,2013,26.86
62,1,2014,25.95
62,1,2015,23.18
62,1,2016,20.33
62,1,2017,18.33
62,1,2018,17.15
62,1,2019,16.39
62,1,2020,15.82
62,1,2021,14.8
62,1,2022,13.67
62,1,2023,13.68
62,2,1980,10.45
62,2,1981,10.23
62,2,1982,10.05
62,2,1983,10.03
62,2,1984,10.54
62,2,1985,11.45
62,2,1986,11.1
62,2,1987,10.71
62,2,1988,10.72
62,2,1989,10.78
62,2,1990,11.17
62,2,1991,11.57
62,2,1992,11.91
62,2,1993,12.5
62,2,1994,12.47
62,2,1995,11.69
62,2,1996,10.78
62,2,1997,10.47
62,2,1998,10.83
62,2,1999,11.49
62,2,2000,12.12
62,2,2001,12.58
62,2,2002,13.02
62,2,2003,13.4
62,2,2004,13.06
62,2,2005,12.27
62,2,2006,11.32
62,2,2007,10.75
62,2,2008,9.87
62,2,2009,8.93
62,2,2010,8.61
62,2,2011,8.57
62,2,2012,8.71
62,2,2013,8.28
62,2,2014,7.96
62,2,2015,7.26
62,2,2016,6.4
62,2,2017,5.81
62,2,2018,5.31
62,2,2019,4.99
62,2,2020,4.52
62,2,2021,4.16
62,2,2022,3.37
62,2,2023,3.58
62,3,1980,26.92
62,3,1981,26.27
62,3,1982,25.38
62,3,1983,25.21
62,3,1984,26.74
62,3,1985,27.48
62,3,1986,24.64
62,3,1987,23.56
62,3,1988,24.2
62,3,1989,25.26
62,3,1990,25.96
62,3,1991,26.45
62,3,1992,27.14
62,3,1993,28.4
62,3,1994,27.58
62,3,1995,24.75
62,3,1996,21.76
62,3,1997,20.15
62,3,1998,20.87
62,3,1999,23.17
62,3,2000,24.66
62,3,2001,25.16
62,3,2002,25.69
62,3,2003,26.41
62,3,2004,25.77
62,3,2005,24.41
62,3,2006,22.47
62,3,2007,21.39
62,3,2008,19.82
62,3,2009,17.84
62,3,2010,17.16
62,3,2011,17.52
62,3,2012,17.77
62,3,2013,17.19
62,3,2014,16.58
62,3,2015,14.87
62,3,2016,13.05
62,3,2017,11.79
62,3,2018,10.96
62,3,2019,10.44
62,3,2020,9.92
62,3,2021,9.26
62,3,2022,8.33
62,3,2023,8.44
63,1,1980,27.17
63,1,1981,26.92
63,1,1982,26.81
63,1,1983,26.6
63,1,1984,26.1
63,1,1985,24.3
63,1,1986,23.04
63,1,1987,22.4
63,1,1988,22.91
63,1,1989,23.52
63,1,1990,24.31
63,1,1991,25.02
63,1,1992,25.63
63,1,1993,26.45
63,1,1994,27.45
63,1,1995,28.36
63,1,1996,27.9
63,1,1997,26.39
63,1,1998,25.39
63,1,1999,25.73
63,1,2000,26.71
63,1,2001,27.37
63,1,2002,28.01
63,1,2003,27.79
63,1,2004,29.48
63,1,2005,30.73
63,1,2006,31.55
63,1,2007,32.55
63,1,2008,28.45
63,1,2009,21.47
63,1,2010,18.1
63,1,2011,17.44
63,1,2012,17.08
63,1,2013,16.68
63,1,2014,15.81
63,1,2015,15.24
63,1,2016,15.03
63,1,2017,15.13
63,1,2018,14.84
63,1,2019,14.44
63,1,2020,14.44
63,1,2021,13.79
63,1,2022,13.97
63,1,2023,13.9
63,2,1980,8.65
63,2,1981,8.48
63,2,1982,8.5
63,2,1983,8.5
63,2,1984,8.31
63,2,1985,8.09
63,2,1986,8.06
63,2,1987,7.85
63,2,1988,7.71
63,2,1989,7.62
63,2,1990,7.75
63,2,1991,7.86
63,2,1992,8.03
63,2,1993,8.32
63,2,1994,8.55
63,2,1995,8.62
63,2,1996,8.51
63,2,1997,8.18
63,2,1998,7.87
63,2,1999,7.77
63,2,2000,7.83
63,2,2001,7.9
63,2,2002,8.03
63,2,2003,8.09
63,2,2004,8.13
63,2,2005,8.37
63,2,2006,8.58
63,2,2007,8.55
63,2,2008,7.3
63,2,2009,5.77
63,2,2010,5.07
63,2,2011,4.9
63,2,2012,4.93
63,2,2013,4.72
63,2,2014,4.42
63,2,2015,4.27
63,2,2016,4.28
63,2,2017,4.17
63,2,2018,4.05
63,2,2019,4
63,2,2020,3.97
63,2,2021,3.75
63,2,2022,3.87
63,2,2023,3.91
63,3,1980,17.22
63,3,1981,17.03
63,3,1982,17
63,3,1983,16.92
63,3,1984,16.61
63,3,1985,15.65
63,3,1986,15.04
63,3,1987,14.66
63,3,1988,14.85
63,3,1989,15.14
63,3,1990,15.59
63,3,1991,15.99
63,3,1992,16.37
63,3,1993,16.9
63,3,1994,17.5
63,3,1995,17.95
63,3,1996,17.67
63,3,1997,16.77
63,3,1998,16.15
63,3,1999,16.25
63,3,2000,16.75
63,3,2001,17.11
63,3,2002,17.47
63,3,2003,17.4
63,3,2004,18.21
63,3,2005,18.94
63,3,2006,19.47
63,3,2007,19.95
63,3,2008,17.35
63,3,2009,13.25
63,3,2010,11.26
63,3,2011,10.86
63,3,2012,10.71
63,3,2013,10.42
63,3,2014,9.86
63,3,2015,9.52
63,3,2016,9.42
63,3,2017,9.41
63,3,2018,9.21
63,3,2019,9
63,3,2020,8.98
63,3,2021,8.56
63,3,2022,8.73
63,3,2023,8.72
66,1,1980,46.52
66,1,1981,45.88
66,1,1982,44.54
66,1,1983,43.01
66,1,1984,42.24
66,1,1985,41.24
66,1,1986,39.85
66,1,1987,39.24
66,1,1988,37.26
66,1,1989,35.84
66,1,1990,34.11
66,1,1991,32.8
66,1,1992,32.13
66,1,1993,31.62
66,1,1994,30.79
66,1,1995,29.66
66,1,1996,28.92
66,1,1997,28.2
66,1,1998,27.41
66,1,1999,26.62
66,1,2000,25.73
66,1,2001,24.67
66,1,2002,23.72
66,1,2003,22.69
66,1,2004,21.69
66,1,2005,20.83
66,1,2006,20.49
66,1,2007,19.54
66,1,2008,19.09
66,1,2009,18.4
66,1,2010,17.96
66,1,2011,16.89
66,1,2012,16.1
66,1,2013,15.38
66,1,2014,14.89
66,1,2015,14.29
66,1,2016,13.69
66,1,2017,13.32
66,1,2018,12.86
66,1,2019,12.38
66,1,2020,12.17
66,1,2021,11.87
66,1,2022,11.25
66,1,2023,11.14
66,2,1980,21.45
66,2,1981,20.7
66,2,1982,19.73
66,2,1983,18.53
66,2,1984,17.61
66,2,1985,16.77
66,2,1986,15.96
66,2,1987,15.25
66,2,1988,14.82
66,2,1989,14.27
66,2,1990,13.95
66,2,1991,13.74
66,2,1992,13.59
66,2,1993,13.45
66,2,1994,13.31
66,2,1995,13.27
66,2,1996,13.13
66,2,1997,12.83
66,2,1998,12.47
66,2,1999,11.86
66,2,2000,11.21
66,2,2001,10.73
66,2,2002,10.31
66,2,2003,9.73
66,2,2004,9.18
66,2,2005,8.85
66,2,2006,8.37
66,2,2007,8.07
66,2,2008,7.72
66,2,2009,7.41
66,2,2010,7.14
66,2,2011,6.82
66,2,2012,6.51
66,2,2013,6.29
66,2,2014,6.05
66,2,2015,5.75
66,2,2016,5.58
66,2,2017,5.41
66,2,2018,5.18
66,2,2019,5.15
66,2,2020,5.08
66,2,2021,4.99
66,2,2022,4.98
66,2,2023,4.99
66,3,1980,35.08
66,3,1981,34.38
66,3,1982,33.19
66,3,1983,31.8
66,3,1984,30.93
66,3,1985,29.98
66,3,1986,28.82
66,3,1987,28.12
66,3,1988,26.82
66,3,1989,25.76
66,3,1990,24.65
66,3,1991,23.81
66,3,1992,23.33
66,3,1993,22.95
66,3,1994,22.39
66,3,1995,21.73
66,3,1996,21.23
66,3,1997,20.67
66,3,1998,20.07
66,3,1999,19.34
66,3,2000,18.55
66,3,2001,17.76
66,3,2002,17.07
66,3,2003,16.26
66,3,2004,15.49
66,3,2005,14.9
66,3,2006,14.5
66,3,2007,13.89
66,3,2008,13.52
66,3,2009,13.04
66,3,2010,12.7
66,3,2011,12.01
66,3,2012,11.46
66,3,2013,11.01
66,3,2014,10.65
66,3,2015,10.2
66,3,2016,9.83
66,3,2017,9.57
66,3,2018,9.22
66,3,2019,8.96
66,3,2020,8.82
66,3,2021,8.64
66,3,2022,8.32
66,3,2023,8.26
67,1,1980,18.05
67,1,1981,17.76
67,1,1982,17.95
67,1,1983,18.08
67,1,1984,17.72
67,1,1985,17.35
67,1,1986,16.92
67,1,1987,16.86
67,1,1988,17.42
67,1,1989,17.79
67,1,1990,17.63
67,1,1991,17.38
67,1,1992,17.12
67,1,1993,16.51
67,1,1994,15.74
67,1,1995,15.13
67,1,1996,14.16
67,1,1997,13.53
67,1,1998,12.99
67,1,1999,12.62
67,1,2000,12
67,1,2001,11.37
67,1,2002,10.65
67,1,2003,9.9
67,1,2004,9.18
67,1,2005,8.45
67,1,2006,7.63
67,1,2007,6.88
67,1,2008,6.26
67,1,2009,5.9
67,1,2010,5.72
67,1,2011,5.42
67,1,2012,5.03
67,1,2013,4.76
67,1,2014,4.51
67,1,2015,4.37
67,1,2016,4.11
67,1,2017,3.87
67,1,2018,3.69
67,1,2019,3.42
67,1,2020,3.16
67,1,2021,2.93
67,1,2022,2.84
67,1,2023,2.98
67,2,1980,5.57
67,2,1981,5.51
67,2,1982,5.5
67,2,1983,5.56
67,2,1984,5.34
67,2,1985,5.3
67,2,1986,5.15
67,2,1987,5.24
67,2,1988,5.49
67,2,1989,5.77
67,2,1990,5.9
67,2,1991,5.87
67,2,1992,5.81
67,2,1993,5.68
67,2,1994,5.43
67,2,1995,5.29
67,2,1996,5.05
67,2,1997,4.87
67,2,1998,4.59
67,2,1999,4.45
67,2,2000,4.15
67,2,2001,3.98
67,2,2002,3.76
67,2,2003,3.45
67,2,2004,3.23
67,2,2005,2.98
67,2,2006,2.67
67,2,2007,2.48
67,2,2008,2.2
67,2,2009,2.1
67,2,2010,2.04
67,2,2011,1.9
67,2,2012,1.8
67,2,2013,1.65
67,2,2014,1.53
67,2,2015,1.42
67,2,2016,1.33
67,2,2017,1.28
67,2,2018,1.2
67,2,2019,1.1
67,2,2020,0.96
67,2,2021,0.92
67,2,2022,0.94
67,2,2023,0.96
67,3,1980,11.58
67,3,1981,11.42
67,3,1982,11.52
67,3,1983,11.6
67,3,1984,11.32
67,3,1985,11.13
67,3,1986,10.85
67,3,1987,10.88
67,3,1988,11.28
67,3,1989,11.6
67,3,1990,11.59
67,3,1991,11.46
67,3,1992,11.28
67,3,1993,10.91
67,3,1994,10.41
67,3,1995,10.04
67,3,1996,9.45
67,3,1997,9.06
67,3,1998,8.65
67,3,1999,8.41
67,3,2000,7.96
67,3,2001,7.57
67,3,2002,7.11
67,3,2003,6.58
67,3,2004,6.12
67,3,2005,5.64
67,3,2006,5.08
67,3,2007,4.62
67,3,2008,4.17
67,3,2009,3.94
67,3,2010,3.82
67,3,2011,3.62
67,3,2012,3.37
67,3,2013,3.16
67,3,2014,2.98
67,3,2015,2.86
67,3,2016,2.69
67,3,2017,2.54
67,3,2018,2.42
67,3,2019,2.23
67,3,2020,2.04
67,3,2021,1.9
67,3,2022,1.87
67,3,2023,1.95
68,1,1980,69.57
68,1,1981,64.35
68,1,1982,62.44
68,1,1983,62.18
68,1,1984,58.02
68,1,1985,55.07
68,1,1986,54.74
68,1,1987,55.55
68,1,1988,56.16
68,1,1989,56.72
68,1,1990,57.36
68,1,1991,57.14
68,1,1992,55.27
68,1,1993,53.7
68,1,1994,53.48
68,1,1995,51.36
68,1,1996,48.94
68,1,1997,46.29
68,1,1998,42.29
68,1,1999,38.4
68,1,2000,34.43
68,1,2001,30.9
68,1,2002,28.24
68,1,2003,26.15
68,1,2004,24.11
68,1,2005,22.27
68,1,2006,20.75
68,1,2007,19.74
68,1,2008,19.05
68,1,2009,18.23
68,1,2010,17.49
68,1,2011,16.21
68,1,2012,15.09
68,1,2013,13.82
68,1,2014,12.76
68,1,2015,11.96
68,1,2016,11.13
68,1,2017,10.4
68,1,2018,9.86
68,1,2019,9.19
68,1,2020,8.83
68,1,2021,8.55
68,1,2022,8.57
68,1,2023,8.37
68,2,1980,31.32
68,2,1981,27.66
68,2,1982,26.35
68,2,1983,25.93
68,2,1984,23.61
68,2,1985,21.52
68,2,1986,20.79
68,2,1987,20.67
68,2,1988,20.35
68,2,1989,20.17
68,2,1990,20.5
68,2,1991,20.57
68,2,1992,20.14
68,2,1993,19.74
68,2,1994,19.54
68,2,1995,18.76
68,2,1996,17.81
68,2,1997,16.92
68,2,1998,15.59
68,2,1999,14.41
68,2,2000,13.04
68,2,2001,11.65
68,2,2002,10.72
68,2,2003,9.78
68,2,2004,8.98
68,2,2005,8.33
68,2,2006,7.75
68,2,2007,7.29
68,2,2008,6.81
68,2,2009,6.37
68,2,2010,6.04
68,2,2011,5.53
68,2,2012,5.16
68,2,2013,4.77
68,2,2014,4.37
68,2,2015,4.09
68,2,2016,3.78
68,2,2017,3.5
68,2,2018,3.3
68,2,2019,3.07
68,2,2020,2.97
68,2,2021,2.84
68,2,2022,2.98
68,2,2023,3.03
68,3,1980,48.94
68,3,1981,44.68
68,3,1982,43.19
68,3,1983,42.85
68,3,1984,39.78
68,3,1985,37.35
68,3,1986,36.83
68,3,1987,37.2
68,3,1988,37.39
68,3,1989,37.54
68,3,1990,37.96
68,3,1991,37.93
68,3,1992,36.86
68,3,1993,35.92
68,3,1994,35.72
68,3,1995,34.31
68,3,1996,32.69
68,3,1997,30.91
68,3,1998,28.27
68,3,1999,25.78
68,3,2000,23.17
68,3,2001,20.76
68,3,2002,19.01
68,3,2003,17.54
68,3,2004,16.14
68,3,2005,14.91
68,3,2006,13.88
68,3,2007,13.16
68,3,2008,12.59
68,3,2009,12
68,3,2010,11.48
68,3,2011,10.62
68,3,2012,9.9
68,3,2013,9.09
68,3,2014,8.38
68,3,2015,7.85
68,3,2016,7.29
68,3,2017,6.8
68,3,2018,6.44
68,3,2019,6
68,3,2020,5.78
68,3,2021,5.59
68,3,2022,5.67
68,3,2023,5.62
69,1,1980,23.24
69,1,1981,24.25
69,1,1982,25.45
69,1,1983,24.72
69,1,1984,22.93
69,1,1985,18.79
69,1,1986,15.49
69,1,1987,15.82
69,1,1988,16.46
69,1,1989,17.39
69,1,1990,17.38
69,1,1991,17.17
69,1,1992,16.23
69,1,1993,16.34
69,1,1994,15.83
69,1,1995,15.11
69,1,1996,14.36
69,1,1997,13.58
69,1,1998,11.87
69,1,1999,11.07
69,1,2000,10.36
69,1,2001,9.71
69,1,2002,9.2
69,1,2003,8.76
69,1,2004,8.41
69,1,2005,7.71
69,1,2006,7.67
69,1,2007,7.42
69,1,2008,6.98
69,1,2009,6.21
69,1,2010,5.95
69,1,2011,5.65
69,1,2012,5.23
69,1,2013,4.82
69,1,2014,4.57
69,1,2015,4.2
69,1,2016,3.87
69,1,2017,3.6
69,1,2018,3.37
69,1,2019,3.16
69,1,2020,2.91
69,1,2021,3.11
69,1,2022,3.28
69,1,2023,3.26
69,2,1980,5.43
69,2,1981,5.5
69,2,1982,5.45
69,2,1983,5.47
69,2,1984,4.91
69,2,1985,4.16
69,2,1986,3.66
69,2,1987,3.99
69,2,1988,4.03
69,2,1989,4.31
69,2,1990,4.44
69,2,1991,4.37
69,2,1992,4.28
69,2,1993,4.24
69,2,1994,4.13
69,2,1995,3.91
69,2,1996,3.87
69,2,1997,3.65
69,2,1998,3.22
69,2,1999,3.09
69,2,2000,2.81
69,2,2001,2.58
69,2,2002,2.42
69,2,2003,2.34
69,2,2004,2.18
69,2,2005,2.03
69,2,2006,1.93
69,2,2007,1.81
69,2,2008,1.59
69,2,2009,1.49
69,2,2010,1.43
69,2,2011,1.28
69,2,2012,1.18
69,2,2013,1.11
69,2,2014,1.09
69,2,2015,1
69,2,2016,0.96
69,2,2017,0.92
69,2,2018,0.84
69,2,2019,0.73
69,2,2020,0.61
69,2,2021,0.58
69,2,2022,0.59
69,2,2023,0.56
69,3,1980,14.28
69,3,1981,14.83
69,3,1982,15.4
69,3,1983,14.99
69,3,1984,13.83
69,3,1985,11.4
69,3,1986,9.52
69,3,1987,9.82
69,3,1988,10.12
69,3,1989,10.7
69,3,1990,10.74
69,3,1991,10.62
69,3,1992,10.13
69,3,1993,10.18
69,3,1994,9.88
69,3,1995,9.41
69,3,1996,9.05
69,3,1997,8.55
69,3,1998,7.5
69,3,1999,7.03
69,3,2000,6.55
69,3,2001,6.14
69,3,2002,5.8
69,3,2003,5.52
69,3,2004,5.27
69,3,2005,4.85
69,3,2006,4.77
69,3,2007,4.6
69,3,2008,4.3
69,3,2009,3.88
69,3,2010,3.71
69,3,2011,3.48
69,3,2012,3.21
69,3,2013,2.97
69,3,2014,2.84
69,3,2015,2.62
69,3,2016,2.42
69,3,2017,2.24
69,3,2018,2.08
69,3,2019,1.93
69,3,2020,1.75
69,3,2021,1.83
69,3,2022,1.92
69,3,2023,1.9
71,1,1980,36.26
71,1,1981,34.75
71,1,1982,32.94
71,1,1983,29.82
71,1,1984,28.79
71,1,1985,28.4
71,1,1986,27.86
71,1,1987,26.84
71,1,1988,26.29
71,1,1989,24.94
71,1,1990,21.75
71,1,1991,19.58
71,1,1992,17.98
71,1,1993,17.46
71,1,1994,16.86
71,1,1995,16.77
71,1,1996,16.51
71,1,1997,15.35
71,1,1998,15.14
71,1,1999,14.98
71,1,2000,14.89
71,1,2001,14.34
71,1,2002,13.63
71,1,2003,12.88
71,1,2004,12.55
71,1,2005,12.31
71,1,2006,12.23
71,1,2007,11.69
71,1,2008,11.17
71,1,2009,10.74
71,1,2010,10.03
71,1,2011,9.28
71,1,2012,8.74
71,1,2013,8.11
71,1,2014,7.93
71,1,2015,7.85
71,1,2016,7.89
71,1,2017,7.49
71,1,2018,7.35
71,1,2019,7.36
71,1,2020,6.99
71,1,2021,6.93
71,1,2022,7.05
71,1,2023,6.79
71,2,1980,12.84
71,2,1981,12.39
71,2,1982,11.86
71,2,1983,11.29
71,2,1984,11.27
71,2,1985,11.13
71,2,1986,11
71,2,1987,10.55
71,2,1988,10.51
71,2,1989,10.16
71,2,1990,9.01
71,2,1991,8.06
71,2,1992,7.69
71,2,1993,7.23
71,2,1994,7.18
71,2,1995,7.01
71,2,1996,6.71
71,2,1997,6.35
71,2,1998,6.09
71,2,1999,5.97
71,2,2000,5.65
71,2,2001,5.33
71,2,2002,5.09
71,2,2003,4.79
71,2,2004,4.5
71,2,2005,4.37
71,2,2006,4.11
71,2,2007,4.02
71,2,2008,3.91
71,2,2009,3.81
71,2,2010,3.48
71,2,2011,3.27
71,2,2012,3.16
71,2,2013,2.97
71,2,2014,2.95
71,2,2015,2.85
71,2,2016,2.75
71,2,2017,2.55
71,2,2018,2.46
71,2,2019,2.32
71,2,2020,2.24
71,2,2021,2.15
71,2,2022,2.21
71,2,2023,2.14
71,3,1980,24.43
71,3,1981,23.43
71,3,1982,22.27
71,3,1983,20.45
71,3,1984,19.91
71,3,1985,19.68
71,3,1986,19.32
71,3,1987,18.57
71,3,1988,18.28
71,3,1989,17.42
71,3,1990,15.26
71,3,1991,13.72
71,3,1992,12.74
71,3,1993,12.24
71,3,1994,11.92
71,3,1995,11.79
71,3,1996,11.51
71,3,1997,10.76
71,3,1998,10.54
71,3,1999,10.4
71,3,2000,10.19
71,3,2001,9.77
71,3,2002,9.3
71,3,2003,8.77
71,3,2004,8.46
71,3,2005,8.28
71,3,2006,8.11
71,3,2007,7.79
71,3,2008,7.49
71,3,2009,7.22
71,3,2010,6.71
71,3,2011,6.23
71,3,2012,5.9
71,3,2013,5.49
71,3,2014,5.4
71,3,2015,5.3
71,3,2016,5.27
71,3,2017,4.98
71,3,2018,4.86
71,3,2019,4.8
71,3,2020,4.58
71,3,2021,4.51
71,3,2022,4.59
71,3,2023,4.43
72,1,1980,30.75
72,1,1981,31.99
72,1,1982,33.4
72,1,1983,32.02
72,1,1984,33.61
72,1,1985,33.98
72,1,1986,34.71
72,1,1987,34.48
72,1,1988,33.8
72,1,1989,32.63
72,1,1990,31.68
72,1,1991,29.19
72,1,1992,27.28
72,1,1993,26.08
72,1,1994,25.08
72,1,1995,23.2
72,1,1996,21.62
72,1,1997,20.37
72,1,1998,19.87
72,1,1999,19.51
72,1,2000,18.26
72,1,2001,17.48
72,1,2002,17.08
72,1,2003,16.97
72,1,2004,15.85
72,1,2005,14.75
72,1,2006,14.42
72,1,2007,14.3
72,1,2008,13.53
72,1,2009,12.99
72,1,2010,12.67
72,1,2011,10.76
72,1,2012,10.15
72,1,2013,9.19
72,1,2014,9.36
72,1,2015,9.88
72,1,2016,10.05
72,1,2017,10.8
72,1,2018,10.23
72,1,2019,9.63
72,1,2020,9.25
72,1,2021,9.16
72,1,2022,9.32
72,1,2023,9.94
72,2,1980,13.37
72,2,1981,14.81
72,2,1982,13.38
72,2,1983,12.97
72,2,1984,13.47
72,2,1985,14.01
72,2,1986,14.2
72,2,1987,14.88
72,2,1988,13.83
72,2,1989,14.26
72,2,1990,13.36
72,2,1991,12.72
72,2,1992,11.67
72,2,1993,10.9
72,2,1994,10.73
72,2,1995,9.82
72,2,1996,8.82
72,2,1997,9.01
72,2,1998,8.98
72,2,1999,9
72,2,2000,8.57
72,2,2001,7.85
72,2,2002,7.45
72,2,2003,7.41
72,2,2004,6.97
72,2,2005,6.3
72,2,2006,6.06
72,2,2007,6.39
72,2,2008,5.86
72,2,2009,5.6
72,2,2010,4.97
72,2,2011,4.14
72,2,2012,3.93
72,2,2013,3.76
72,2,2014,4.29
72,2,2015,4.1
72,2,2016,4.19
72,2,2017,4.27
72,2,2018,4.52
72,2,2019,4.3
72,2,2020,4.19
72,2,2021,4.25
72,2,2022,4.35
72,2,2023,4.34
72,3,1980,22.02
72,3,1981,23.36
72,3,1982,23.33
72,3,1983,22.43
72,3,1984,23.47
72,3,1985,23.9
72,3,1986,24.38
72,3,1987,24.61
72,3,1988,23.73
72,3,1989,23.33
72,3,1990,22.41
72,3,1991,20.84
72,3,1992,19.34
72,3,1993,18.35
72,3,1994,17.77
72,3,1995,16.38
72,3,1996,15.09
72,3,1997,14.56
72,3,1998,14.31
72,3,1999,14.13
72,3,2000,13.3
72,3,2001,12.55
72,3,2002,12.14
72,3,2003,12.08
72,3,2004,11.29
72,3,2005,10.41
72,3,2006,10.12
72,3,2007,10.24
72,3,2008,9.6
72,3,2009,9.2
72,3,2010,8.72
72,3,2011,7.37
72,3,2012,6.96
72,3,2013,6.41
72,3,2014,6.77
72,3,2015,6.94
72,3,2016,7.08
72,3,2017,7.5
72,3,2018,7.35
72,3,2019,6.94
72,3,2020,6.7
72,3,2021,6.68
72,3,2022,6.82
72,3,2023,7.14
74,1,1980,28.1
74,1,1981,27.2
74,1,1982,26.46
74,1,1983,26.02
74,1,1984,25.23
74,1,1985,24.87
74,1,1986,24.44
74,1,1987,23.84
74,1,1988,23.25
74,1,1989,22.8
74,1,1990,22.96
74,1,1991,22.85
74,1,1992,22.1
74,1,1993,21.14
74,1,1994,20.66
74,1,1995,20.16
74,1,1996,19.65
74,1,1997,19.14
74,1,1998,18.65
74,1,1999,18.22
74,1,2000,17.61
74,1,2001,16.78
74,1,2002,16.14
74,1,2003,15.81
74,1,2004,15.62
74,1,2005,15.34
74,1,2006,15.07
74,1,2007,14.83
74,1,2008,15.06
74,1,2009,15.12
74,1,2010,14.97
74,1,2011,15.57
74,1,2012,15.11
74,1,2013,15.02
74,1,2014,14.49
74,1,2015,14.4
74,1,2016,14.28
74,1,2017,14.37
74,1,2018,14.18
74,1,2019,14.54
74,1,2020,14.18
74,1,2021,14.63
74,1,2022,14.7
74,1,2023,14.69
74,2,1980,5.81
74,2,1981,5.62
74,2,1982,5.38
74,2,1983,5.28
74,2,1984,5.18
74,2,1985,5.04
74,2,1986,4.96
74,2,1987,4.86
74,2,1988,4.75
74,2,1989,4.72
74,2,1990,4.66
74,2,1991,4.61
74,2,1992,4.54
74,2,1993,4.55
74,2,1994,4.53
74,2,1995,4.56
74,2,1996,4.55
74,2,1997,4.54
74,2,1998,4.55
74,2,1999,4.56
74,2,2000,4.57
74,2,2001,4.54
74,2,2002,4.58
74,2,2003,4.39
74,2,2004,4.24
74,2,2005,4.17
74,2,2006,4.08
74,2,2007,4.06
74,2,2008,4.06
74,2,2009,4.05
74,2,2010,4.03
74,2,2011,4.12
74,2,2012,4.08
74,2,2013,4.16
74,2,2014,4.08
74,2,2015,4.04
74,2,2016,4.01
74,2,2017,3.98
74,2,2018,3.99
74,2,2019,3.97
74,2,2020,3.83
74,2,2021,3.96
74,2,2022,4.06
74,2,2023,4.03
74,3,1980,17.73
74,3,1981,17.17
74,3,1982,16.63
74,3,1983,16.33
74,3,1984,15.82
74,3,1985,15.51
74,3,1986,15.2
74,3,1987,14.84
74,3,1988,14.46
74,3,1989,14.16
74,3,1990,14.37
74,3,1991,14.31
74,3,1992,13.83
74,3,1993,13.32
74,3,1994,13.01
74,3,1995,12.7
74,3,1996,12.36
74,3,1997,12.08
74,3,1998,11.81
74,3,1999,11.6
74,3,2000,11.26
74,3,2001,10.8
74,3,2002,10.5
74,3,2003,10.25
74,3,2004,10.11
74,3,2005,9.94
74,3,2006,9.77
74,3,2007,9.64
74,3,2008,9.76
74,3,2009,9.77
74,3,2010,9.68
74,3,2011,9.95
74,3,2012,9.72
74,3,2013,9.71
74,3,2014,9.4
74,3,2015,9.36
74,3,2016,9.3
74,3,2017,9.32
74,3,2018,9.24
74,3,2019,9.43
74,3,2020,9.21
74,3,2021,9.55
74,3,2022,9.66
74,3,2023,9.65
75,1,1980,38.58
75,1,1981,37.73
75,1,1982,36.92
75,1,1983,36.8
75,1,1984,34.54
75,1,1985,30.66
75,1,1986,28.61
75,1,1987,27.52
75,1,1988,27.3
75,1,1989,27.02
75,1,1990,26.62
75,1,1991,25.53
75,1,1992,24.18
75,1,1993,23.65
75,1,1994,23.22
75,1,1995,21.33
75,1,1996,19.51
75,1,1997,18.83
75,1,1998,17.49
75,1,1999,17.23
75,1,2000,16.39
75,1,2001,15.85
75,1,2002,15.28
75,1,2003,14.83
75,1,2004,13.94
75,1,2005,13.04
75,1,2006,12.2
75,1,2007,11.53
75,1,2008,11.03
75,1,2009,10.27
75,1,2010,9.19
75,1,2011,8.56
75,1,2012,8.24
75,1,2013,7.52
75,1,2014,7
75,1,2015,6.81
75,1,2016,6.44
75,1,2017,6.27
75,1,2018,6.03
75,1,2019,5.98
75,1,2020,5.74
75,1,2021,6
75,1,2022,6.1
75,1,2023,5.91
75,2,1980,11.26
75,2,1981,11.05
75,2,1982,10.98
75,2,1983,10.77
75,2,1984,9.96
75,2,1985,9.11
75,2,1986,8.69
75,2,1987,8.5
75,2,1988,8.62
75,2,1989,8.18
75,2,1990,8.16
75,2,1991,8.01
75,2,1992,7.72
75,2,1993,7.37
75,2,1994,6.84
75,2,1995,6.63
75,2,1996,6.32
75,2,1997,5.97
75,2,1998,5.74
75,2,1999,5.69
75,2,2000,5.19
75,2,2001,5.16
75,2,2002,5.04
75,2,2003,4.78
75,2,2004,4.31
75,2,2005,4.03
75,2,2006,3.82
75,2,2007,3.57
75,2,2008,3.27
75,2,2009,3.02
75,2,2010,2.84
75,2,2011,2.68
75,2,2012,2.55
75,2,2013,2.19
75,2,2014,2.11
75,2,2015,2.11
75,2,2016,2.07
75,2,2017,2
75,2,2018,1.85
75,2,2019,1.73
75,2,2020,1.56
75,2,2021,1.51
75,2,2022,1.59
75,2,2023,1.66
75,3,1980,24.29
75,3,1981,23.82
75,3,1982,23.42
75,3,1983,23.24
75,3,1984,21.75
75,3,1985,19.51
75,3,1986,18.31
75,3,1987,17.69
75,3,1988,17.63
75,3,1989,17.31
75,3,1990,17.15
75,3,1991,16.56
75,3,1992,15.76
75,3,1993,15.35
75,3,1994,14.86
75,3,1995,13.84
75,3,1996,12.78
75,3,1997,12.25
75,3,1998,11.46
75,3,1999,11.32
75,3,2000,10.66
75,3,2001,10.37
75,3,2002,10
75,3,2003,9.64
75,3,2004,8.98
75,3,2005,8.4
75,3,2006,7.89
75,3,2007,7.44
75,3,2008,7.05
75,3,2009,6.54
75,3,2010,5.92
75,3,2011,5.53
75,3,2012,5.31
75,3,2013,4.79
75,3,2014,4.5
75,3,2015,4.41
75,3,2016,4.2
75,3,2017,4.09
75,3,2018,3.89
75,3,2019,3.81
75,3,2020,3.61
75,3,2021,3.73
75,3,2022,3.82
75,3,2023,3.76
76,1,1980,37.08
76,1,1981,35
76,1,1982,33.13
76,1,1983,32.44
76,1,1984,30.96
76,1,1985,29.71
76,1,1986,30.28
76,1,1987,30.31
76,1,1988,28.73
76,1,1989,28.31
76,1,1990,28.07
76,1,1991,27.54
76,1,1992,26.53
76,1,1993,26.04
76,1,1994,25.62
76,1,1995,24.08
76,1,1996,22.46
76,1,1997,21.79
76,1,1998,22.24
76,1,1999,22.57
76,1,2000,22.28
76,1,2001,21.58
76,1,2002,19.58
76,1,2003,17.89
76,1,2004,16.83
76,1,2005,15.9
76,1,2006,15.44
76,1,2007,15.26
76,1,2008,14.08
76,1,2009,13.46
76,1,2010,12.54
76,1,2011,11.52
76,1,2012,10.61
76,1,2013,10.05
76,1,2014,9.37
76,1,2015,8.86
76,1,2016,8.34
76,1,2017,7.68
76,1,2018,7.25
76,1,2019,7.27
76,1,2020,6.68
76,1,2021,6.89
76,1,2022,6.78
76,1,2023,6.47
76,2,1980,12.8
76,2,1981,12.38
76,2,1982,11.88
76,2,1983,11.57
76,2,1984,10.62
76,2,1985,10.22
76,2,1986,10.38
76,2,1987,10.54
76,2,1988,10.08
76,2,1989,9.85
76,2,1990,9.49
76,2,1991,9.17
76,2,1992,8.63
76,2,1993,8.37
76,2,1994,8.12
76,2,1995,7.58
76,2,1996,7.3
76,2,1997,7.24
76,2,1998,7.64
76,2,1999,7.44
76,2,2000,7.03
76,2,2001,6.73
76,2,2002,6.11
76,2,2003,5.37
76,2,2004,4.8
76,2,2005,4.57
76,2,2006,4.35
76,2,2007,4.08
76,2,2008,3.85
76,2,2009,3.7
76,2,2010,3.49
76,2,2011,3.21
76,2,2012,2.97
76,2,2013,2.88
76,2,2014,2.67
76,2,2015,2.69
76,2,2016,2.45
76,2,2017,2.3
76,2,2018,2.24
76,2,2019,2.13
76,2,2020,1.83
76,2,2021,1.83
76,2,2022,1.86
76,2,2023,1.84
76,3,1980,24.71
76,3,1981,23.48
76,3,1982,22.29
76,3,1983,21.79
76,3,1984,20.59
76,3,1985,19.76
76,3,1986,20.12
76,3,1987,20.2
76,3,1988,19.2
76,3,1989,18.88
76,3,1990,18.6
76,3,1991,18.2
76,3,1992,17.43
76,3,1993,17.04
76,3,1994,16.7
76,3,1995,15.69
76,3,1996,14.73
76,3,1997,14.36
76,3,1998,14.8
76,3,1999,14.87
76,3,2000,14.52
76,3,2001,14.02
76,3,2002,12.73
76,3,2003,11.52
76,3,2004,10.72
76,3,2005,10.16
76,3,2006,9.82
76,3,2007,9.59
76,3,2008,8.89
76,3,2009,8.5
76,3,2010,7.94
76,3,2011,7.3
76,3,2012,6.72
76,3,2013,6.4
76,3,2014,5.96
76,3,2015,5.71
76,3,2016,5.34
76,3,2017,4.94
76,3,2018,4.69
76,3,2019,4.66
76,3,2020,4.21
76,3,2021,4.31
76,3,2022,4.28
76,3,2023,4.11
77,1,1980,32.92
77,1,1981,32.3
77,1,1982,32.64
77,1,1983,32.78
77,1,1984,32.67
77,1,1985,31.43
77,1,1986,30.72
77,1,1987,29.89
77,1,1988,29.01
77,1,1989,27.77
77,1,1990,26.77
77,1,1991,26.12
77,1,1992,25.69
77,1,1993,25.22
77,1,1994,24.85
77,1,1995,24.72
77,1,1996,24.52
77,1,1997,24.24
77,1,1998,24.04
77,1,1999,23.63
77,1,2000,23.12
77,1,2001,22.34
77,1,2002,21.74
77,1,2003,21.45
77,1,2004,21.03
77,1,2005,20.42
77,1,2006,19.76
77,1,2007,18.95
77,1,2008,18.18
77,1,2009,17.27
77,1,2010,16.49
77,1,2011,15.72
77,1,2012,14.83
77,1,2013,14.02
77,1,2014,13.21
77,1,2015,12.53
77,1,2016,12.1
77,1,2017,11.5
77,1,2018,10.7
77,1,2019,10.28
77,1,2020,9.92
77,1,2021,9.81
77,1,2022,9.87
77,1,2023,9.87
77,2,1980,13.02
77,2,1981,12.76
77,2,1982,12.51
77,2,1983,12.25
77,2,1984,11.79
77,2,1985,11.24
77,2,1986,10.81
77,2,1987,10.36
77,2,1988,10.08
77,2,1989,9.79
77,2,1990,9.51
77,2,1991,9.23
77,2,1992,9
77,2,1993,8.82
77,2,1994,8.65
77,2,1995,8.35
77,2,1996,7.97
77,2,1997,7.95
77,2,1998,7.77
77,2,1999,7.16
77,2,2000,6.57
77,2,2001,6.3
77,2,2002,6.06
77,2,2003,5.97
77,2,2004,5.77
77,2,2005,5.44
77,2,2006,5.1
77,2,2007,5.07
77,2,2008,4.79
77,2,2009,4.46
77,2,2010,4.25
77,2,2011,4.11
77,2,2012,3.88
77,2,2013,3.73
77,2,2014,3.6
77,2,2015,3.53
77,2,2016,3.49
77,2,2017,3.35
77,2,2018,3.08
77,2,2019,2.99
77,2,2020,3.01
77,2,2021,3.07
77,2,2022,2.97
77,2,2023,2.9
77,3,1980,22.66
77,3,1981,22.24
77,3,1982,22.35
77,3,1983,22.25
77,3,1984,22.03
77,3,1985,21.08
77,3,1986,20.63
77,3,1987,19.89
77,3,1988,19.41
77,3,1989,18.61
77,3,1990,18.09
77,3,1991,17.66
77,3,1992,17.29
77,3,1993,17
77,3,1994,16.72
77,3,1995,16.55
77,3,1996,16.24
77,3,1997,16.09
77,3,1998,15.9
77,3,1999,15.32
77,3,2000,14.81
77,3,2001,14.26
77,3,2002,13.87
77,3,2003,13.64
77,3,2004,13.37
77,3,2005,12.85
77,3,2006,12.33
77,3,2007,11.92
77,3,2008,11.4
77,3,2009,10.79
77,3,2010,10.29
77,3,2011,9.8
77,3,2012,9.28
77,3,2013,8.81
77,3,2014,8.33
77,3,2015,7.94
77,3,2016,7.74
77,3,2017,7.36
77,3,2018,6.81
77,3,2019,6.56
77,3,2020,6.38
77,3,2021,6.36
77,3,2022,6.33
77,3,2023,6.33
78,1,1980,21.63
78,1,1981,21.38
78,1,1982,20.56
78,1,1983,20.37
78,1,1984,20.05
78,1,1985,20.57
78,1,1986,20.34
78,1,1987,19.47
78,1,1988,19.56
78,1,1989,19.04
78,1,1990,18.29
78,1,1991,17.86
78,1,1992,17.34
78,1,1993,16.86
78,1,1994,16.27
78,1,1995,15.85
78,1,1996,15.35
78,1,1997,14.94
78,1,1998,14.84
78,1,1999,13.98
78,1,2000,13.34
78,1,2001,12.99
78,1,2002,12.62
78,1,2003,12.31
78,1,2004,11.18
78,1,2005,10.45
78,1,2006,9.69
78,1,2007,9.81
78,1,2008,9.2
78,1,2009,7.89
78,1,2010,6.81
78,1,2011,5.81
78,1,2012,5.08
78,1,2013,4.92
78,1,2014,4.91
78,1,2015,4.88
78,1,2016,4.66
78,1,2017,4.52
78,1,2018,4.37
78,1,2019,4.56
78,1,2020,3.98
78,1,2021,3.02
78,1,2022,3.01
78,1,2023,2.98
78,2,1980,8.42
78,2,1981,7.96
78,2,1982,7.82
78,2,1983,7.78
78,2,1984,7.69
78,2,1985,7.34
78,2,1986,7.59
78,2,1987,7.64
78,2,1988,7.5
78,2,1989,7.11
78,2,1990,6.92
78,2,1991,6.59
78,2,1992,6.4
78,2,1993,6.26
78,2,1994,6.14
78,2,1995,6.1
78,2,1996,5.56
78,2,1997,5.2
78,2,1998,5.3
78,2,1999,5.15
78,2,2000,5.05
78,2,2001,4.8
78,2,2002,4.47
78,2,2003,4.21
78,2,2004,3.73
78,2,2005,3.39
78,2,2006,3.32
78,2,2007,3.23
78,2,2008,3.01
78,2,2009,2.73
78,2,2010,2.46
78,2,2011,2.01
78,2,2012,1.8
78,2,2013,1.75
78,2,2014,1.6
78,2,2015,1.61
78,2,2016,1.58
78,2,2017,1.5
78,2,2018,1.5
78,2,2019,1.42
78,2,2020,1.21
78,2,2021,1.03
78,2,2022,1.01
78,2,2023,0.98
78,3,1980,14.92
78,3,1981,14.57
78,3,1982,14.06
78,3,1983,13.95
78,3,1984,13.77
78,3,1985,13.83
78,3,1986,13.86
78,3,1987,13.48
78,3,1988,13.43
78,3,1989,12.95
78,3,1990,12.47
78,3,1991,12.12
78,3,1992,11.76
78,3,1993,11.45
78,3,1994,11.11
78,3,1995,10.9
78,3,1996,10.38
78,3,1997,9.99
78,3,1998,10
78,3,1999,9.52
78,3,2000,9.14
78,3,2001,8.82
78,3,2002,8.48
78,3,2003,8.18
78,3,2004,7.39
78,3,2005,6.86
78,3,2006,6.45
78,3,2007,6.47
78,3,2008,6.05
78,3,2009,5.27
78,3,2010,4.6
78,3,2011,3.87
78,3,2012,3.4
78,3,2013,3.3
78,3,2014,3.22
78,3,2015,3.21
78,3,2016,3.09
78,3,2017,2.98
78,3,2018,2.91
78,3,2019,2.97
78,3,2020,2.57
78,3,2021,2.01
78,3,2022,1.99
78,3,2023,1.96
79,1,1980,19.81
79,1,1981,18.59
79,1,1982,18.08
79,1,1983,17.72
79,1,1984,17.17
79,1,1985,16.99
79,1,1986,17.64
79,1,1987,18.06
79,1,1988,19.39
79,1,1989,20.38
79,1,1990,19.23
79,1,1991,18.07
79,1,1992,17.15
79,1,1993,15.38
79,1,1994,14.18
79,1,1995,13.4
79,1,1996,12.31
79,1,1997,12.02
79,1,1998,11.93
79,1,1999,11.48
79,1,2000,10.59
79,1,2001,10.84
79,1,2002,10.77
79,1,2003,9.99
79,1,2004,9.43
79,1,2005,9.56
79,1,2006,8.82
79,1,2007,8.72
79,1,2008,8.07
79,1,2009,7.12
79,1,2010,6.56
79,1,2011,6.05
79,1,2012,5.57
79,1,2013,5.59
79,1,2014,5.24
79,1,2015,5.17
79,1,2016,5.03
79,1,2017,4.75
79,1,2018,4.64
79,1,2019,4.67
79,1,2020,4.52
79,1,2021,4.49
79,1,2022,4.17
79,1,2023,4.19
79,2,1980,7.45
79,2,1981,7.34
79,2,1982,7.47
79,2,1983,7.39
79,2,1984,7.09
79,2,1985,6.93
79,2,1986,7.15
79,2,1987,7.39
79,2,1988,7.58
79,2,1989,7.8
79,2,1990,7.44
79,2,1991,7.22
79,2,1992,6.74
79,2,1993,6.13
79,2,1994,5.65
79,2,1995,5.32
79,2,1996,5.11
79,2,1997,5.06
79,2,1998,4.93
79,2,1999,4.87
79,2,2000,4.6
79,2,2001,4.62
79,2,2002,4.3
79,2,2003,4.04
79,2,2004,3.69
79,2,2005,3.38
79,2,2006,3.34
79,2,2007,3.13
79,2,2008,2.87
79,2,2009,2.55
79,2,2010,2.38
79,2,2011,2.28
79,2,2012,2.11
79,2,2013,2.01
79,2,2014,1.97
79,2,2015,1.95
79,2,2016,1.68
79,2,2017,1.65
79,2,2018,1.66
79,2,2019,1.5
79,2,2020,1.39
79,2,2021,1.34
79,2,2022,1.31
79,2,2023,1.34
79,3,1980,13.18
79,3,1981,12.63
79,3,1982,12.44
79,3,1983,12.21
79,3,1984,11.8
79,3,1985,11.64
79,3,1986,12.08
79,3,1987,12.43
79,3,1988,13.16
79,3,1989,13.76
79,3,1990,13.04
79,3,1991,12.4
79,3,1992,11.74
79,3,1993,10.59
79,3,1994,9.73
79,3,1995,9.17
79,3,1996,8.55
79,3,1997,8.36
79,3,1998,8.25
79,3,1999,8
79,3,2000,7.45
79,3,2001,7.61
79,3,2002,7.41
79,3,2003,6.92
79,3,2004,6.48
79,3,2005,6.38
79,3,2006,6
79,3,2007,5.85
79,3,2008,5.4
79,3,2009,4.78
79,3,2010,4.44
79,3,2011,4.13
79,3,2012,3.81
79,3,2013,3.77
79,3,2014,3.58
79,3,2015,3.53
79,3,2016,3.33
79,3,2017,3.17
79,3,2018,3.12
79,3,2019,3.06
79,3,2020,2.93
79,3,2021,2.9
79,3,2022,2.72
79,3,2023,2.74
80,1,1980,36.52
80,1,1981,35.93
80,1,1982,35.11
80,1,1983,34.21
80,1,1984,33.19
80,1,1985,31.02
80,1,1986,30.19
80,1,1987,28.75
80,1,1988,28.97
80,1,1989,29.02
80,1,1990,28.3
80,1,1991,26.94
80,1,1992,25.26
80,1,1993,24.16
80,1,1994,23.1
80,1,1995,22.55
80,1,1996,21.87
80,1,1997,21.52
80,1,1998,21.84
80,1,1999,21.43
80,1,2000,20.1
80,1,2001,19.24
80,1,2002,17.99
80,1,2003,15.92
80,1,2004,14.35
80,1,2005,13.46
80,1,2006,12.51
80,1,2007,12.02
80,1,2008,11.51
80,1,2009,11.23
80,1,2010,10.7
80,1,2011,10.07
80,1,2012,9.2
80,1,2013,8.45
80,1,2014,8.17
80,1,2015,8.05
80,1,2016,7.81
80,1,2017,7.58
80,1,2018,6.97
80,1,2019,6.6
80,1,2020,5.92
80,1,2021,5.66
80,1,2022,6.29
80,1,2023,6.43
80,2,1980,12.12
80,2,1981,11.99
80,2,1982,11.72
80,2,1983,11.51
80,2,1984,11.22
80,2,1985,10.7
80,2,1986,10.3
80,2,1987,9.73
80,2,1988,9.71
80,2,1989,9.56
80,2,1990,9.14
80,2,1991,8.64
80,2,1992,8.17
80,2,1993,7.98
80,2,1994,7.68
80,2,1995,7.5
80,2,1996,7.22
80,2,1997,6.91
80,2,1998,7.08
80,2,1999,6.83
80,2,2000,6.29
80,2,2001,5.99
80,2,2002,5.36
80,2,2003,4.63
80,2,2004,4.11
80,2,2005,3.81
80,2,2006,3.39
80,2,2007,3.21
80,2,2008,3.01
80,2,2009,2.89
80,2,2010,2.69
80,2,2011,2.55
80,2,2012,2.42
80,2,2013,2.18
80,2,2014,2.17
80,2,2015,2.15
80,2,2016,2.1
80,2,2017,1.97
80,2,2018,1.77
80,2,2019,1.61
80,2,2020,1.47
80,2,2021,1.39
80,2,2022,1.6
80,2,2023,1.66
80,3,1980,24.08
80,3,1981,23.69
80,3,1982,23.14
80,3,1983,22.58
80,3,1984,21.92
80,3,1985,20.59
80,3,1986,19.98
80,3,1987,18.99
80,3,1988,19.09
80,3,1989,19.05
80,3,1990,18.5
80,3,1991,17.59
80,3,1992,16.53
80,3,1993,15.88
80,3,1994,15.2
80,3,1995,14.83
80,3,1996,14.35
80,3,1997,14.03
80,3,1998,14.28
80,3,1999,13.96
80,3,2000,13.04
80,3,2001,12.48
80,3,2002,11.54
80,3,2003,10.15
80,3,2004,9.12
80,3,2005,8.53
80,3,2006,7.85
80,3,2007,7.53
80,3,2008,7.17
80,3,2009,6.98
80,3,2010,6.61
80,3,2011,6.23
80,3,2012,5.74
80,3,2013,5.25
80,3,2014,5.09
80,3,2015,5.03
80,3,2016,4.88
80,3,2017,4.71
80,3,2018,4.31
80,3,2019,4.04
80,3,2020,3.63
80,3,2021,3.47
80,3,2022,3.89
80,3,2023,3.98
81,1,1980,30.78
81,1,1981,28.82
81,1,1982,27.64
81,1,1983,26.44
81,1,1984,23.99
81,1,1985,21.7
81,1,1986,21.17
81,1,1987,20.33
81,1,1988,20.28
81,1,1989,20.05
81,1,1990,21.16
81,1,1991,21.68
81,1,1992,20.91
81,1,1993,19.93
81,1,1994,19.11
81,1,1995,18.14
81,1,1996,17.24
81,1,1997,16.36
81,1,1998,15.24
81,1,1999,14.78
81,1,2000,14.1
81,1,2001,13.16
81,1,2002,12.54
81,1,2003,11.96
81,1,2004,10.82
81,1,2005,9.95
81,1,2006,9.3
81,1,2007,8.83
81,1,2008,8.22
81,1,2009,7.69
81,1,2010,7.1
81,1,2011,7.07
81,1,2012,6.55
81,1,2013,6.13
81,1,2014,6.06
81,1,2015,6.09
81,1,2016,5.88
81,1,2017,5.73
81,1,2018,5.67
81,1,2019,5.34
81,1,2020,4.73
81,1,2021,4.71
81,1,2022,4.76
81,1,2023,4.46
81,2,1980,10.84
81,2,1981,10.16
81,2,1982,9.82
81,2,1983,9.55
81,2,1984,8.9
81,2,1985,7.92
81,2,1986,7.74
81,2,1987,7.33
81,2,1988,7.34
81,2,1989,7.28
81,2,1990,7.61
81,2,1991,7.52
81,2,1992,7.23
81,2,1993,6.81
81,2,1994,6.42
81,2,1995,6.15
81,2,1996,5.84
81,2,1997,5.5
81,2,1998,5.27
81,2,1999,5.14
81,2,2000,4.89
81,2,2001,4.56
81,2,2002,4.37
81,2,2003,3.97
81,2,2004,3.57
81,2,2005,3.3
81,2,2006,3.08
81,2,2007,2.93
81,2,2008,2.73
81,2,2009,2.46
81,2,2010,2.35
81,2,2011,2.27
81,2,2012,2.11
81,2,2013,1.96
81,2,2014,1.85
81,2,2015,1.84
81,2,2016,1.84
81,2,2017,1.79
81,2,2018,1.72
81,2,2019,1.48
81,2,2020,1.07
81,2,2021,0.9
81,2,2022,0.97
81,2,2023,0.84
81,3,1980,20.57
81,3,1981,19.26
81,3,1982,18.5
81,3,1983,17.77
81,3,1984,16.24
81,3,1985,14.62
81,3,1986,14.28
81,3,1987,13.68
81,3,1988,13.66
81,3,1989,13.53
81,3,1990,14.28
81,3,1991,14.53
81,3,1992,14.01
81,3,1993,13.31
81,3,1994,12.74
81,3,1995,12.12
81,3,1996,11.52
81,3,1997,10.9
81,3,1998,10.21
81,3,1999,9.91
81,3,2000,9.46
81,3,2001,8.83
81,3,2002,8.43
81,3,2003,7.93
81,3,2004,7.16
81,3,2005,6.59
81,3,2006,6.15
81,3,2007,5.85
81,3,2008,5.45
81,3,2009,5.05
81,3,2010,4.69
81,3,2011,4.64
81,3,2012,4.3
81,3,2013,4.02
81,3,2014,3.94
81,3,2015,3.96
81,3,2016,3.85
81,3,2017,3.75
81,3,2018,3.69
81,3,2019,3.4
81,3,2020,2.9
81,3,2021,2.81
81,3,2022,2.87
81,3,2023,2.65
82,1,1980,29.85
82,1,1981,29.35
82,1,1982,31.39
82,1,1983,32.73
82,1,1984,32.91
82,1,1985,31.82
82,1,1986,30.73
82,1,1987,29.55
82,1,1988,29.42
82,1,1989,30.52
82,1,1990,30.99
82,1,1991,30.78
82,1,1992,30.3
82,1,1993,29.5
82,1,1994,29.3
82,1,1995,29.99
82,1,1996,29.85
82,1,1997,28.91
82,1,1998,27.98
82,1,1999,26.88
82,1,2000,26.18
82,1,2001,24.31
82,1,2002,23.19
82,1,2003,22.5
82,1,2004,22.65
82,1,2005,22.62
82,1,2006,22.85
82,1,2007,22.33
82,1,2008,21.73
82,1,2009,20.44
82,1,2010,18.55
82,1,2011,16.94
82,1,2012,15.58
82,1,2013,14.17
82,1,2014,13.43
82,1,2015,13.86
82,1,2016,13.37
82,1,2017,12.78
82,1,2018,12.12
82,1,2019,11.76
82,1,2020,11.05
82,1,2021,11.13
82,1,2022,11.23
82,1,2023,11.19
82,2,1980,10.49
82,2,1981,10.1
82,2,1982,10.64
82,2,1983,10.66
82,2,1984,10.78
82,2,1985,10.44
82,2,1986,10.02
82,2,1987,9.62
82,2,1988,9.63
82,2,1989,9.57
82,2,1990,9.6
82,2,1991,9.37
82,2,1992,8.86
82,2,1993,8.47
82,2,1994,8.63
82,2,1995,8.84
82,2,1996,8.94
82,2,1997,8.67
82,2,1998,8.41
82,2,1999,8.07
82,2,2000,7.4
82,2,2001,6.86
82,2,2002,6.33
82,2,2003,5.84
82,2,2004,5.89
82,2,2005,5.7
82,2,2006,5.35
82,2,2007,5.26
82,2,2008,4.87
82,2,2009,4.55
82,2,2010,4.21
82,2,2011,3.96
82,2,2012,3.57
82,2,2013,3.54
82,2,2014,3.39
82,2,2015,3.65
82,2,2016,3.29
82,2,2017,2.87
82,2,2018,2.62
82,2,2019,2.35
82,2,2020,2.05
82,2,2021,2
82,2,2022,2
82,2,2023,2.08
82,3,1980,19.9
82,3,1981,19.48
82,3,1982,20.77
82,3,1983,21.43
82,3,1984,21.62
82,3,1985,20.92
82,3,1986,20.17
82,3,1987,19.4
82,3,1988,19.35
82,3,1989,19.88
82,3,1990,20.15
82,3,1991,19.95
82,3,1992,19.48
82,3,1993,18.9
82,3,1994,18.9
82,3,1995,19.36
82,3,1996,19.34
82,3,1997,18.75
82,3,1998,18.18
82,3,1999,17.48
82,3,2000,16.79
82,3,2001,15.6
82,3,2002,14.78
82,3,2003,14.2
82,3,2004,14.3
82,3,2005,14.19
82,3,2006,14.15
82,3,2007,13.83
82,3,2008,13.34
82,3,2009,12.51
82,3,2010,11.38
82,3,2011,10.44
82,3,2012,9.55
82,3,2013,8.81
82,3,2014,8.35
82,3,2015,8.69
82,3,2016,8.26
82,3,2017,7.75
82,3,2018,7.3
82,3,2019,6.99
82,3,2020,6.49
82,3,2021,6.51
82,3,2022,6.57
82,3,2023,6.59
83,1,1980,18.75
83,1,1981,18.02
83,1,1982,17.57
83,1,1983,17.12
83,1,1984,18.43
83,1,1985,18.14
83,1,1986,18.02
83,1,1987,17.59
83,1,1988,17.28
83,1,1989,16.72
83,1,1990,16.01
83,1,1991,15.17
83,1,1992,14.21
83,1,1993,13.34
83,1,1994,12.2
83,1,1995,12.12
83,1,1996,11.46
83,1,1997,11.55
83,1,1998,11.7
83,1,1999,10.87
83,1,2000,9.79
83,1,2001,9.29
83,1,2002,9.13
83,1,2003,8.06
83,1,2004,7.33
83,1,2005,6.95
83,1,2006,6.84
83,1,2007,6.19
83,1,2008,5.76
83,1,2009,5.2
83,1,2010,4.66
83,1,2011,4.75
83,1,2012,4.36
83,1,2013,4.23
83,1,2014,3.84
83,1,2015,3.89
83,1,2016,3.93
83,1,2017,3.7
83,1,2018,3.59
83,1,2019,3.46
83,1,2020,3.36
83,1,2021,3.24
83,1,2022,3.66
83,1,2023,3.69
83,2,1980,7.62
83,2,1981,7.51
83,2,1982,7.36
83,2,1983,7.21
83,2,1984,7
83,2,1985,6.6
83,2,1986,6.68
83,2,1987,6.68
83,2,1988,6.88
83,2,1989,6.76
83,2,1990,6.45
83,2,1991,6.13
83,2,1992,5.88
83,2,1993,5.49
83,2,1994,5.44
83,2,1995,5.23
83,2,1996,5.16
83,2,1997,4.96
83,2,1998,5
83,2,1999,4.85
83,2,2000,4.7
83,2,2001,4.42
83,2,2002,4.09
83,2,2003,3.74
83,2,2004,3.42
83,2,2005,3.14
83,2,2006,3.14
83,2,2007,2.83
83,2,2008,2.55
83,2,2009,2.32
83,2,2010,2.17
83,2,2011,2.16
83,2,2012,1.93
83,2,2013,1.9
83,2,2014,1.82
83,2,2015,1.79
83,2,2016,1.82
83,2,2017,1.78
83,2,2018,1.67
83,2,2019,1.47
83,2,2020,1.25
83,2,2021,1.34
83,2,2022,1.33
83,2,2023,1.4
83,3,1980,13.26
83,3,1981,12.84
83,3,1982,12.52
83,3,1983,12.21
83,3,1984,12.76
83,3,1985,12.4
83,3,1986,12.37
83,3,1987,12.16
83,3,1988,12.08
83,3,1989,11.74
83,3,1990,11.22
83,3,1991,10.65
83,3,1992,10.03
83,3,1993,9.39
83,3,1994,8.8
83,3,1995,8.65
83,3,1996,8.29
83,3,1997,8.23
83,3,1998,8.33
83,3,1999,7.84
83,3,2000,7.22
83,3,2001,6.83
83,3,2002,6.59
83,3,2003,5.88
83,3,2004,5.36
83,3,2005,5.04
83,3,2006,4.99
83,3,2007,4.52
83,3,2008,4.17
83,3,2009,3.77
83,3,2010,3.42
83,3,2011,3.45
83,3,2012,3.13
83,3,2013,3.06
83,3,2014,2.83
83,3,2015,2.83
83,3,2016,2.87
83,3,2017,2.75
83,3,2018,2.64
83,3,2019,2.49
83,3,2020,2.32
83,3,2021,2.31
83,3,2022,2.52
83,3,2023,2.57
84,1,1980,26.33
84,1,1981,25.29
84,1,1982,23.74
84,1,1983,22.21
84,1,1984,21.49
84,1,1985,20.63
84,1,1986,20.15
84,1,1987,19.91
84,1,1988,19.71
84,1,1989,19.66
84,1,1990,19.39
84,1,1991,17.84
84,1,1992,17.01
84,1,1993,16.99
84,1,1994,16.88
84,1,1995,17.03
84,1,1996,17.03
84,1,1997,16.7
84,1,1998,16.8
84,1,1999,16.08
84,1,2000,15.33
84,1,2001,14.41
84,1,2002,13.18
84,1,2003,11.95
84,1,2004,10.77
84,1,2005,10.29
84,1,2006,9.98
84,1,2007,9.44
84,1,2008,8.57
84,1,2009,7.8
84,1,2010,6.8
84,1,2011,5.99
84,1,2012,5.45
84,1,2013,5.35
84,1,2014,4.86
84,1,2015,4.28
84,1,2016,4.18
84,1,2017,3.87
84,1,2018,3.44
84,1,2019,3.23
84,1,2020,3.32
84,1,2021,2.9
84,1,2022,2.98
84,1,2023,3.03
84,2,1980,9.18
84,2,1981,8.83
84,2,1982,8.4
84,2,1983,8.25
84,2,1984,7.81
84,2,1985,7.37
84,2,1986,6.96
84,2,1987,7.06
84,2,1988,6.94
84,2,1989,6.94
84,2,1990,6.77
84,2,1991,6.63
84,2,1992,6.43
84,2,1993,6.12
84,2,1994,5.99
84,2,1995,5.78
84,2,1996,5.84
84,2,1997,5.77
84,2,1998,5.73
84,2,1999,5.61
84,2,2000,5.13
84,2,2001,4.8
84,2,2002,4.47
84,2,2003,3.93
84,2,2004,3.67
84,2,2005,3.55
84,2,2006,3.36
84,2,2007,3.12
84,2,2008,2.84
84,2,2009,2.55
84,2,2010,2.33
84,2,2011,2.13
84,2,2012,1.9
84,2,2013,1.76
84,2,2014,1.71
84,2,2015,1.53
84,2,2016,1.44
84,2,2017,1.33
84,2,2018,1.21
84,2,2019,1.15
84,2,2020,1.01
84,2,2021,0.9
84,2,2022,0.96
84,2,2023,1.01
84,3,1980,17.72
84,3,1981,17.01
84,3,1982,16.02
84,3,1983,15.17
84,3,1984,14.58
84,3,1985,13.9
84,3,1986,13.45
84,3,1987,13.39
84,3,1988,13.24
84,3,1989,13.19
84,3,1990,12.98
84,3,1991,12.14
84,3,1992,11.64
84,3,1993,11.47
84,3,1994,11.33
84,3,1995,11.32
84,3,1996,11.35
84,3,1997,11.15
84,3,1998,11.15
84,3,1999,10.75
84,3,2000,10.14
84,3,2001,9.52
84,3,2002,8.75
84,3,2003,7.89
84,3,2004,7.17
84,3,2005,6.87
84,3,2006,6.63
84,3,2007,6.22
84,3,2008,5.66
84,3,2009,5.12
84,3,2010,4.51
84,3,2011,4
84,3,2012,3.63
84,3,2013,3.5
84,3,2014,3.24
84,3,2015,2.86
84,3,2016,2.77
84,3,2017,2.56
84,3,2018,2.29
84,3,2019,2.16
84,3,2020,2.13
84,3,2021,1.87
84,3,2022,1.94
84,3,2023,1.99
85,1,1980,21.47
85,1,1981,20.64
85,1,1982,20.32
85,1,1983,20.75
85,1,1984,20.1
85,1,1985,19.25
85,1,1986,19.32
85,1,1987,19.26
85,1,1988,17.8
85,1,1989,17
85,1,1990,15.83
85,1,1991,14.9
85,1,1992,15.21
85,1,1993,16.59
85,1,1994,17.57
85,1,1995,18.18
85,1,1996,17.45
85,1,1997,17
85,1,1998,17.41
85,1,1999,16.87
85,1,2000,16.16
85,1,2001,15.97
85,1,2002,15.33
85,1,2003,14.42
85,1,2004,13.58
85,1,2005,12.64
85,1,2006,11.87
85,1,2007,11.35
85,1,2008,10.63
85,1,2009,9.62
85,1,2010,8.92
85,1,2011,8.66
85,1,2012,7.65
85,1,2013,7.76
85,1,2014,7.42
85,1,2015,7.64
85,1,2016,7.71
85,1,2017,7.49
85,1,2018,7.1
85,1,2019,6.77
85,1,2020,6.51
85,1,2021,6.57
85,1,2022,6.6
85,1,2023,6.24
85,2,1980,10.43
85,2,1981,9.38
85,2,1982,9.16
85,2,1983,9.12
85,2,1984,8.75
85,2,1985,8.51
85,2,1986,8.23
85,2,1987,8.17
85,2,1988,8.02
85,2,1989,7.64
85,2,1990,7.25
85,2,1991,6.74
85,2,1992,6.7
85,2,1993,6.94
85,2,1994,6.85
85,2,1995,6.63
85,2,1996,6.25
85,2,1997,5.99
85,2,1998,6.2
85,2,1999,5.99
85,2,2000,5.41
85,2,2001,5.31
85,2,2002,5.14
85,2,2003,4.84
85,2,2004,4.72
85,2,2005,4.31
85,2,2006,3.93
85,2,2007,3.64
85,2,2008,3.33
85,2,2009,3.07
85,2,2010,2.92
85,2,2011,2.74
85,2,2012,2.56
85,2,2013,2.37
85,2,2014,2.27
85,2,2015,2.34
85,2,2016,2.3
85,2,2017,2.16
85,2,2018,2.06
85,2,2019,1.98
85,2,2020,1.82
85,2,2021,1.81
85,2,2022,1.82
85,2,2023,1.77
85,3,1980,15.87
85,3,1981,14.93
85,3,1982,14.65
85,3,1983,14.82
85,3,1984,14.3
85,3,1985,13.75
85,3,1986,13.62
85,3,1987,13.55
85,3,1988,12.77
85,3,1989,12.19
85,3,1990,11.42
85,3,1991,10.69
85,3,1992,10.82
85,3,1993,11.62
85,3,1994,12.06
85,3,1995,12.25
85,3,1996,11.71
85,3,1997,11.35
85,3,1998,11.64
85,3,1999,11.25
85,3,2000,10.62
85,3,2001,10.49
85,3,2002,10.1
85,3,2003,9.5
85,3,2004,9.03
85,3,2005,8.35
85,3,2006,7.78
85,3,2007,7.38
85,3,2008,6.88
85,3,2009,6.24
85,3,2010,5.82
85,3,2011,5.62
85,3,2012,5.03
85,3,2013,4.99
85,3,2014,4.77
85,3,2015,4.92
85,3,2016,4.93
85,3,2017,4.76
85,3,2018,4.52
85,3,2019,4.33
85,3,2020,4.12
85,3,2021,4.15
85,3,2022,4.18
85,3,2023,3.97
86,1,1980,32.14
86,1,1981,30.67
86,1,1982,29.25
86,1,1983,28.29
86,1,1984,26.54
86,1,1985,25.93
86,1,1986,25.86
86,1,1987,25.15
86,1,1988,25.13
86,1,1989,25.34
86,1,1990,26.07
86,1,1991,26.82
86,1,1992,26.1
86,1,1993,24.25
86,1,1994,23.49
86,1,1995,23.1
86,1,1996,22.49
86,1,1997,22.43
86,1,1998,22.39
86,1,1999,21.99
86,1,2000,20.96
86,1,2001,20.68
86,1,2002,20.15
86,1,2003,18.88
86,1,2004,17.52
86,1,2005,16.78
86,1,2006,16.27
86,1,2007,15.57
86,1,2008,14.38
86,1,2009,12.99
86,1,2010,11.94
86,1,2011,11.17
86,1,2012,10.43
86,1,2013,9.44
86,1,2014,9.1
86,1,2015,9.1
86,1,2016,9.04
86,1,2017,9.05
86,1,2018,8.74
86,1,2019,8.31
86,1,2020,7.52
86,1,2021,8.18
86,1,2022,7.91
86,1,2023,7.64
86,2,1980,9.05
86,2,1981,8.86
86,2,1982,8.59
86,2,1983,8.22
86,2,1984,7.74
86,2,1985,7.76
86,2,1986,7.83
86,2,1987,7.78
86,2,1988,7.46
86,2,1989,7.21
86,2,1990,7.48
86,2,1991,7.65
86,2,1992,7.6
86,2,1993,7.14
86,2,1994,7.04
86,2,1995,6.88
86,2,1996,6.64
86,2,1997,6.56
86,2,1998,6.48
86,2,1999,6.19
86,2,2000,5.9
86,2,2001,5.67
86,2,2002,5.27
86,2,2003,4.81
86,2,2004,4.28
86,2,2005,4.12
86,2,2006,4.04
86,2,2007,3.76
86,2,2008,3.55
86,2,2009,3.33
86,2,2010,3.09
86,2,2011,2.98
86,2,2012,2.75
86,2,2013,2.52
86,2,2014,2.51
86,2,2015,2.48
86,2,2016,2.45
86,2,2017,2.42
86,2,2018,2.26
86,2,2019,2.14
86,2,2020,1.95
86,2,2021,2.01
86,2,2022,1.98
86,2,2023,1.94
86,3,1980,20.03
86,3,1981,19.25
86,3,1982,18.44
86,3,1983,17.81
86,3,1984,16.74
86,3,1985,16.44
86,3,1986,16.43
86,3,1987,16.09
86,3,1988,15.92
86,3,1989,15.91
86,3,1990,16.43
86,3,1991,16.92
86,3,1992,16.54
86,3,1993,15.38
86,3,1994,14.97
86,3,1995,14.72
86,3,1996,14.3
86,3,1997,14.22
86,3,1998,14.17
86,3,1999,13.85
86,3,2000,13.22
86,3,2001,12.97
86,3,2002,12.53
86,3,2003,11.67
86,3,2004,10.75
86,3,2005,10.31
86,3,2006,10.02
86,3,2007,9.53
86,3,2008,8.83
86,3,2009,8.04
86,3,2010,7.39
86,3,2011,6.96
86,3,2012,6.48
86,3,2013,5.88
86,3,2014,5.7
86,3,2015,5.69
86,3,2016,5.65
86,3,2017,5.65
86,3,2018,5.43
86,3,2019,5.16
86,3,2020,4.68
86,3,2021,5.05
86,3,2022,4.9
86,3,2023,4.75
87,1,1980,40.32
87,1,1981,37.89
87,1,1982,36.32
87,1,1983,36.03
87,1,1984,34.77
87,1,1985,34.37
87,1,1986,34.32
87,1,1987,32.83
87,1,1988,32.13
87,1,1989,31.31
87,1,1990,30.19
87,1,1991,29.09
87,1,1992,27.81
87,1,1993,26.29
87,1,1994,24.8
87,1,1995,23.56
87,1,1996,22.79
87,1,1997,21.76
87,1,1998,20.68
87,1,1999,19.48
87,1,2000,18.69
87,1,2001,17.68
87,1,2002,16.59
87,1,2003,15.42
87,1,2004,13.87
87,1,2005,12.45
87,1,2006,11.94
87,1,2007,10.97
87,1,2008,10.04
87,1,2009,9.24
87,1,2010,8.34
87,1,2011,7.85
87,1,2012,7.42
87,1,2013,7.01
87,1,2014,6.82
87,1,2015,6.28
87,1,2016,6.24
87,1,2017,5.82
87,1,2018,5.6
87,1,2019,4.94
87,1,2020,4.43
87,1,2021,4.3
87,1,2022,4.4
87,1,2023,4.77
87,2,1980,12.7
87,2,1981,12.2
87,2,1982,11.89
87,2,1983,11.58
87,2,1984,10.91
87,2,1985,10.49
87,2,1986,10.23
87,2,1987,9.85
87,2,1988,9.85
87,2,1989,9.53
87,2,1990,9.48
87,2,1991,9.18
87,2,1992,8.62
87,2,1993,8.05
87,2,1994,7.68
87,2,1995,7.33
87,2,1996,6.85
87,2,1997,6.58
87,2,1998,6.34
87,2,1999,6.1
87,2,2000,5.59
87,2,2001,5.32
87,2,2002,5.12
87,2,2003,4.59
87,2,2004,4.33
87,2,2005,4.1
87,2,2006,3.74
87,2,2007,3.3
87,2,2008,3.12
87,2,2009,2.91
87,2,2010,2.66
87,2,2011,2.5
87,2,2012,2.24
87,2,2013,2.2
87,2,2014,2
87,2,2015,1.96
87,2,2016,1.96
87,2,2017,1.73
87,2,2018,1.7
87,2,2019,1.58
87,2,2020,1.4
87,2,2021,1.35
87,2,2022,1.28
87,2,2023,1.36
87,3,1980,26.18
87,3,1981,24.74
87,3,1982,23.81
87,3,1983,23.53
87,3,1984,22.59
87,3,1985,22.2
87,3,1986,22.06
87,3,1987,21.13
87,3,1988,20.83
87,3,1989,20.26
87,3,1990,19.68
87,3,1991,18.99
87,3,1992,18.07
87,3,1993,17.01
87,3,1994,16.08
87,3,1995,15.31
87,3,1996,14.68
87,3,1997,14.04
87,3,1998,13.36
87,3,1999,12.64
87,3,2000,11.98
87,3,2001,11.34
87,3,2002,10.7
87,3,2003,9.86
87,3,2004,8.96
87,3,2005,8.14
87,3,2006,7.72
87,3,2007,7.02
87,3,2008,6.47
87,3,2009,5.96
87,3,2010,5.4
87,3,2011,5.09
87,3,2012,4.75
87,3,2013,4.54
87,3,2014,4.37
87,3,2015,4.07
87,3,2016,4.05
87,3,2017,3.74
87,3,2018,3.61
87,3,2019,3.22
87,3,2020,2.88
87,3,2021,2.8
87,3,2022,2.82
87,3,2023,3.05
88,1,1980,13.41
88,1,1981,12.89
88,1,1982,12.46
88,1,1983,12.6
88,1,1984,12.44
88,1,1985,12.59
88,1,1986,11.99
88,1,1987,11.32
88,1,1988,11.09
88,1,1989,10.84
88,1,1990,10.58
88,1,1991,10.61
88,1,1992,10.11
88,1,1993,9.68
88,1,1994,9.53
88,1,1995,9.51
88,1,1996,9.33
88,1,1997,9.47
88,1,1998,9.14
88,1,1999,8.73
88,1,2000,8.45
88,1,2001,8
88,1,2002,7.84
88,1,2003,7.49
88,1,2004,7.27
88,1,2005,7.06
88,1,2006,6.74
88,1,2007,6.43
88,1,2008,6.12
88,1,2009,5.63
88,1,2010,5.04
88,1,2011,4.92
88,1,2012,4.43
88,1,2013,4.24
88,1,2014,3.84
88,1,2015,3.74
88,1,2016,3.8
88,1,2017,3.55
88,1,2018,3.51
88,1,2019,3.17
88,1,2020,2.9
88,1,2021,2.56
88,1,2022,2.42
88,1,2023,2.39
88,2,1980,4.99
88,2,1981,4.76
88,2,1982,4.66
88,2,1983,4.47
88,2,1984,4.34
88,2,1985,4.11
88,2,1986,3.93
88,2,1987,3.73
88,2,1988,3.62
88,2,1989,3.46
88,2,1990,3.32
88,2,1991,3.2
88,2,1992,3.06
88,2,1993,2.82
88,2,1994,2.62
88,2,1995,2.57
88,2,1996,2.49
88,2,1997,2.47
88,2,1998,2.42
88,2,1999,2.42
88,2,2000,2.23
88,2,2001,2.16
88,2,2002,2.02
88,2,2003,1.85
88,2,2004,1.75
88,2,2005,1.7
88,2,2006,1.62
88,2,2007,1.6
88,2,2008,1.42
88,2,2009,1.3
88,2,2010,1.28
88,2,2011,1.2
88,2,2012,1.1
88,2,2013,1.06
88,2,2014,1.02
88,2,2015,0.96
88,2,2016,0.99
88,2,2017,0.99
88,2,2018,0.96
88,2,2019,0.83
88,2,2020,0.69
88,2,2021,0.7
88,2,2022,0.68
88,2,2023,0.65
88,3,1980,9.04
88,3,1981,8.68
88,3,1982,8.42
88,3,1983,8.4
88,3,1984,8.26
88,3,1985,8.24
88,3,1986,7.86
88,3,1987,7.44
88,3,1988,7.26
88,3,1989,7.06
88,3,1990,6.87
88,3,1991,6.82
88,3,1992,6.52
88,3,1993,6.19
88,3,1994,6.03
88,3,1995,6
88,3,1996,5.87
88,3,1997,5.93
88,3,1998,5.74
88,3,1999,5.54
88,3,2000,5.31
88,3,2001,5.04
88,3,2002,4.9
88,3,2003,4.65
88,3,2004,4.49
88,3,2005,4.37
88,3,2006,4.16
88,3,2007,3.99
88,3,2008,3.76
88,3,2009,3.45
88,3,2010,3.15
88,3,2011,3.05
88,3,2012,2.77
88,3,2013,2.66
88,3,2014,2.44
88,3,2015,2.37
88,3,2016,2.42
88,3,2017,2.3
88,3,2018,2.27
88,3,2019,2.03
88,3,2020,1.83
88,3,2021,1.66
88,3,2022,1.58
88,3,2023,1.56
89,1,1980,22.11
89,1,1981,20.62
89,1,1982,19.42
89,1,1983,18.97
89,1,1984,18.35
89,1,1985,17.11
89,1,1986,16.67
89,1,1987,15.91
89,1,1988,15.33
89,1,1989,15.41
89,1,1990,14.83
89,1,1991,14.39
89,1,1992,14.05
89,1,1993,13.65
89,1,1994,13.47
89,1,1995,13.12
89,1,1996,12.71
89,1,1997,12.09
89,1,1998,11.73
89,1,1999,11.99
89,1,2000,11.74
89,1,2001,11.2
89,1,2002,10.9
89,1,2003,10.29
89,1,2004,9.04
89,1,2005,8.18
89,1,2006,7.63
89,1,2007,7.42
89,1,2008,6.96
89,1,2009,6.6
89,1,2010,6.12
89,1,2011,5.8
89,1,2012,5.51
89,1,2013,5.16
89,1,2014,5.03
89,1,2015,5.15
89,1,2016,5.02
89,1,2017,4.89
89,1,2018,4.91
89,1,2019,4.84
89,1,2020,4.7
89,1,2021,4.57
89,1,2022,5.08
89,1,2023,5
89,2,1980,7.86
89,2,1981,7.4
89,2,1982,7.2
89,2,1983,6.83
89,2,1984,6.57
89,2,1985,6.23
89,2,1986,6.25
89,2,1987,6.11
89,2,1988,6.15
89,2,1989,6.15
89,2,1990,5.87
89,2,1991,5.48
89,2,1992,5.5
89,2,1993,5.14
89,2,1994,5.01
89,2,1995,4.87
89,2,1996,4.71
89,2,1997,4.6
89,2,1998,4.47
89,2,1999,4.24
89,2,2000,4.05
89,2,2001,3.86
89,2,2002,3.72
89,2,2003,3.57
89,2,2004,3.3
89,2,2005,2.91
89,2,2006,2.75
89,2,2007,2.65
89,2,2008,2.42
89,2,2009,2.29
89,2,2010,2.18
89,2,2011,2.04
89,2,2012,1.88
89,2,2013,1.66
89,2,2014,1.61
89,2,2015,1.62
89,2,2016,1.66
89,2,2017,1.63
89,2,2018,1.66
89,2,2019,1.6
89,2,2020,1.48
89,2,2021,1.5
89,2,2022,1.63
89,2,2023,1.58
89,3,1980,14.77
89,3,1981,13.8
89,3,1982,13.11
89,3,1983,12.71
89,3,1984,12.26
89,3,1985,11.46
89,3,1986,11.26
89,3,1987,10.82
89,3,1988,10.57
89,3,1989,10.57
89,3,1990,10.16
89,3,1991,9.75
89,3,1992,9.6
89,3,1993,9.23
89,3,1994,9.09
89,3,1995,8.85
89,3,1996,8.58
89,3,1997,8.22
89,3,1998,7.98
89,3,1999,7.98
89,3,2000,7.77
89,3,2001,7.4
89,3,2002,7.17
89,3,2003,6.8
89,3,2004,6.05
89,3,2005,5.42
89,3,2006,5.07
89,3,2007,4.93
89,3,2008,4.6
89,3,2009,4.34
89,3,2010,4.05
89,3,2011,3.83
89,3,2012,3.61
89,3,2013,3.33
89,3,2014,3.24
89,3,2015,3.3
89,3,2016,3.25
89,3,2017,3.18
89,3,2018,3.21
89,3,2019,3.16
89,3,2020,3.04
89,3,2021,2.98
89,3,2022,3.3
89,3,2023,3.23
90,1,1980,15.95
90,1,1981,16.13
90,1,1982,16.37
90,1,1983,16.65
90,1,1984,17.2
90,1,1985,16.72
90,1,1986,17.6
90,1,1987,16.32
90,1,1988,14.94
90,1,1989,14.87
90,1,1990,13.67
90,1,1991,12.33
90,1,1992,11.92
90,1,1993,11.03
90,1,1994,11.08
90,1,1995,11.08
90,1,1996,10.23
90,1,1997,11.09
90,1,1998,11.79
90,1,1999,11.3
90,1,2000,11.14
90,1,2001,10.97
90,1,2002,11
90,1,2003,10.41
90,1,2004,9.4
90,1,2005,8.46
90,1,2006,7.9
90,1,2007,7.84
90,1,2008,8.04
90,1,2009,7.46
90,1,2010,6.6
90,1,2011,5.33
90,1,2012,5.23
90,1,2013,5.16
90,1,2014,4.43
90,1,2015,4.06
90,1,2016,3.83
90,1,2017,3.35
90,1,2018,3.21
90,1,2019,3.11
90,1,2020,2.96
90,1,2021,2.6
90,1,2022,2.77
90,1,2023,3.13
90,2,1980,5.38
90,2,1981,5.9
90,2,1982,5.97
90,2,1983,6.12
90,2,1984,6.04
90,2,1985,6.08
90,2,1986,6.48
90,2,1987,6.1
90,2,1988,5.67
90,2,1989,5.52
90,2,1990,5.13
90,2,1991,5.29
90,2,1992,4.88
90,2,1993,4.56
90,2,1994,4.34
90,2,1995,4.61
90,2,1996,4.47
90,2,1997,4.32
90,2,1998,4.43
90,2,1999,4.32
90,2,2000,4.03
90,2,2001,3.81
90,2,2002,3.56
90,2,2003,3.39
90,2,2004,3.28
90,2,2005,3.16
90,2,2006,2.98
90,2,2007,2.79
90,2,2008,2.53
90,2,2009,2.18
90,2,2010,2.11
90,2,2011,2
90,2,2012,1.73
90,2,2013,1.71
90,2,2014,1.46
90,2,2015,1.21
90,2,2016,0.98
90,2,2017,1.07
90,2,2018,1.01
90,2,2019,0.99
90,2,2020,0.78
90,2,2021,0.75
90,2,2022,0.96
90,2,2023,1.02
90,3,1980,10.64
90,3,1981,11
90,3,1982,11.15
90,3,1983,11.37
90,3,1984,11.59
90,3,1985,11.36
90,3,1986,12.01
90,3,1987,11.18
90,3,1988,10.28
90,3,1989,10.17
90,3,1990,9.35
90,3,1991,8.77
90,3,1992,8.35
90,3,1993,7.74
90,3,1994,7.64
90,3,1995,7.79
90,3,1996,7.3
90,3,1997,7.66
90,3,1998,8.06
90,3,1999,7.78
90,3,2000,7.56
90,3,2001,7.35
90,3,2002,7.25
90,3,2003,6.87
90,3,2004,6.3
90,3,2005,5.78
90,3,2006,5.41
90,3,2007,5.29
90,3,2008,5.26
90,3,2009,4.8
90,3,2010,4.33
90,3,2011,3.65
90,3,2012,3.48
90,3,2013,3.43
90,3,2014,2.93
90,3,2015,2.63
90,3,2016,2.4
90,3,2017,2.21
90,3,2018,2.11
90,3,2019,2.04
90,3,2020,1.87
90,3,2021,1.68
90,3,2022,1.86
90,3,2023,2.08
91,1,1980,16.18
91,1,1981,15.75
91,1,1982,17.32
91,1,1983,24.17
91,1,1984,46.21
91,1,1985,49.04
91,1,1986,49.66
91,1,1987,50.56
91,1,1988,51.8
91,1,1989,52.2
91,1,1990,51.38
91,1,1991,50.88
91,1,1992,48.85
91,1,1993,44.44
91,1,1994,41.38
91,1,1995,41.24
91,1,1996,39.99
91,1,1997,37.67
91,1,1998,35.23
91,1,1999,32.54
91,1,2000,29.21
91,1,2001,28.82
91,1,2002,28.55
91,1,2003,26.54
91,1,2004,24.4
91,1,2005,23.93
91,1,2006,22.2
91,1,2007,18.79
91,1,2008,16.73
91,1,2009,15.77
91,1,2010,14.42
91,1,2011,13.19
91,1,2012,11.47
91,1,2013,10.47
91,1,2014,9.73
91,1,2015,9.49
91,1,2016,9.06
91,1,2017,9.47
91,1,2018,9.95
91,1,2019,9.86
91,1,2020,9.58
91,1,2021,8.87
91,1,2022,9.2
91,1,2023,9.22
91,2,1980,11.34
91,2,1981,10.96
91,2,1982,11.06
91,2,1983,11.32
91,2,1984,12.27
91,2,1985,12.13
91,2,1986,12.52
91,2,1987,12.85
91,2,1988,12.81
91,2,1989,12.66
91,2,1990,12.39
91,2,1991,12.32
91,2,1992,11.79
91,2,1993,11.01
91,2,1994,10.42
91,2,1995,10.38
91,2,1996,10.11
91,2,1997,9.33
91,2,1998,8.66
91,2,1999,7.92
91,2,2000,6.93
91,2,2001,7.25
91,2,2002,6.92
91,2,2003,6.4
91,2,2004,5.83
91,2,2005,5.8
91,2,2006,5.45
91,2,2007,4.43
91,2,2008,4.05
91,2,2009,3.74
91,2,2010,3.47
91,2,2011,3.18
91,2,2012,2.64
91,2,2013,2.47
91,2,2014,2.33
91,2,2015,2.27
91,2,2016,2.31
91,2,2017,2.24
91,2,2018,2.21
91,2,2019,2.41
91,2,2020,2.31
91,2,2021,2.17
91,2,2022,2.3
91,2,2023,2.28
91,3,1980,13.65
91,3,1981,13.25
91,3,1982,14.08
91,3,1983,17.5
91,3,1984,28.53
91,3,1985,29.81
91,3,1986,30.33
91,3,1987,30.98
91,3,1988,31.59
91,3,1989,31.74
91,3,1990,31.21
91,3,1991,30.97
91,3,1992,29.7
91,3,1993,27.19
91,3,1994,25.41
91,3,1995,25.31
91,3,1996,24.58
91,3,1997,23.07
91,3,1998,21.58
91,3,1999,19.91
91,3,2000,17.79
91,3,2001,17.75
91,3,2002,17.44
91,3,2003,16.17
91,3,2004,14.85
91,3,2005,14.63
91,3,2006,13.58
91,3,2007,11.37
91,3,2008,10.16
91,3,2009,9.53
91,3,2010,8.73
91,3,2011,7.99
91,3,2012,6.87
91,3,2013,6.29
91,3,2014,5.85
91,3,2015,5.69
91,3,2016,5.51
91,3,2017,5.69
91,3,2018,5.92
91,3,2019,5.98
91,3,2020,5.8
91,3,2021,5.38
91,3,2022,5.61
91,3,2023,5.62
92,1,1980,30.9
92,1,1981,29.09
92,1,1982,27.2
92,1,1983,27.45
92,1,1984,28.23
92,1,1985,28.99
92,1,1986,30.46
92,1,1987,32.32
92,1,1988,34.64
92,1,1989,36.44
92,1,1990,35.68
92,1,1991,33.79
92,1,1992,30.15
92,1,1993,27.07
92,1,1994,24.77
92,1,1995,24.14
92,1,1996,23.39
92,1,1997,23.06
92,1,1998,23.09
92,1,1999,22.86
92,1,2000,21.96
92,1,2001,20.75
92,1,2002,19.78
92,1,2003,18.91
92,1,2004,17.28
92,1,2005,16.06
92,1,2006,14.53
92,1,2007,13.13
92,1,2008,11.1
92,1,2009,9.4
92,1,2010,8.29
92,1,2011,7.38
92,1,2012,6.5
92,1,2013,5.93
92,1,2014,5.83
92,1,2015,5.91
92,1,2016,5.89
92,1,2017,6.03
92,1,2018,5.94
92,1,2019,5.91
92,1,2020,5.42
92,1,2021,5.42
92,1,2022,5.6
92,1,2023,5.43
92,2,1980,10.19
92,2,1981,9.48
92,2,1982,8.85
92,2,1983,8.9
92,2,1984,8.87
92,2,1985,8.84
92,2,1986,9.17
92,2,1987,9.55
92,2,1988,10.03
92,2,1989,10.29
92,2,1990,9.87
92,2,1991,9.34
92,2,1992,8.53
92,2,1993,7.79
92,2,1994,7.17
92,2,1995,7.07
92,2,1996,6.79
92,2,1997,6.63
92,2,1998,6.79
92,2,1999,6.68
92,2,2000,6.29
92,2,2001,5.95
92,2,2002,5.63
92,2,2003,5.32
92,2,2004,4.78
92,2,2005,4.23
92,2,2006,3.85
92,2,2007,3.48
92,2,2008,3.04
92,2,2009,2.58
92,2,2010,2.28
92,2,2011,2.02
92,2,2012,1.84
92,2,2013,1.75
92,2,2014,1.66
92,2,2015,1.68
92,2,2016,1.7
92,2,2017,1.67
92,2,2018,1.6
92,2,2019,1.47
92,2,2020,1.35
92,2,2021,1.34
92,2,2022,1.42
92,2,2023,1.43
92,3,1980,20.18
92,3,1981,18.94
92,3,1982,17.72
92,3,1983,17.88
92,3,1984,18.26
92,3,1985,18.63
92,3,1986,19.52
92,3,1987,20.66
92,3,1988,22.07
92,3,1989,23.09
92,3,1990,22.51
92,3,1991,21.34
92,3,1992,19.14
92,3,1993,17.24
92,3,1994,15.8
92,3,1995,15.43
92,3,1996,14.93
92,3,1997,14.69
92,3,1998,14.81
92,3,1999,14.65
92,3,2000,14.03
92,3,2001,13.28
92,3,2002,12.65
92,3,2003,12.07
92,3,2004,11
92,3,2005,10.13
92,3,2006,9.18
92,3,2007,8.3
92,3,2008,7.06
92,3,2009,5.96
92,3,2010,5.26
92,3,2011,4.67
92,3,2012,4.13
92,3,2013,3.8
92,3,2014,3.7
92,3,2015,3.75
92,3,2016,3.74
92,3,2017,3.81
92,3,2018,3.73
92,3,2019,3.65
92,3,2020,3.35
92,3,2021,3.35
92,3,2022,3.48
92,3,2023,3.4
93,1,1980,15.34
93,1,1981,14.52
93,1,1982,13.94
93,1,1983,13.87
93,1,1984,14.25
93,1,1985,14.21
93,1,1986,14.44
93,1,1987,14.37
93,1,1988,14.38
93,1,1989,14.23
93,1,1990,13.41
93,1,1991,12.54
93,1,1992,12.09
93,1,1993,10.87
93,1,1994,10.56
93,1,1995,9.25
93,1,1996,8.89
93,1,1997,8.79
93,1,1998,8.68
93,1,1999,8.63
93,1,2000,8.76
93,1,2001,8.75
93,1,2002,8.35
93,1,2003,8.18
93,1,2004,7.42
93,1,2005,7.09
93,1,2006,6.88
93,1,2007,6.35
93,1,2008,5.72
93,1,2009,5.11
93,1,2010,4.55
93,1,2011,4.39
93,1,2012,4.24
93,1,2013,3.85
93,1,2014,3.71
93,1,2015,3.8
93,1,2016,3.69
93,1,2017,3.58
93,1,2018,3.7
93,1,2019,3.24
93,1,2020,2.98
93,1,2021,2.82
93,1,2022,2.96
93,1,2023,3.04
93,2,1980,5.91
93,2,1981,5.62
93,2,1982,5.38
93,2,1983,5.22
93,2,1984,5.23
93,2,1985,5.29
93,2,1986,5.33
93,2,1987,5.36
93,2,1988,5.48
93,2,1989,5.43
93,2,1990,5.29
93,2,1991,4.98
93,2,1992,4.76
93,2,1993,4.57
93,2,1994,5.18
93,2,1995,4.06
93,2,1996,3.7
93,2,1997,3.39
93,2,1998,3.28
93,2,1999,3.26
93,2,2000,3.08
93,2,2001,3.1
93,2,2002,2.86
93,2,2003,2.65
93,2,2004,2.49
93,2,2005,2.45
93,2,2006,2.32
93,2,2007,2.22
93,2,2008,1.98
93,2,2009,1.71
93,2,2010,1.57
93,2,2011,1.5
93,2,2012,1.43
93,2,2013,1.32
93,2,2014,1.33
93,2,2015,1.24
93,2,2016,1.21
93,2,2017,1.17
93,2,2018,1.16
93,2,2019,1
93,2,2020,0.93
93,2,2021,0.91
93,2,2022,0.92
93,2,2023,0.9
93,3,1980,10.57
93,3,1981,10.02
93,3,1982,9.6
93,3,1983,9.48
93,3,1984,9.69
93,3,1985,9.69
93,3,1986,9.83
93,3,1987,9.81
93,3,1988,9.87
93,3,1989,9.77
93,3,1990,9.29
93,3,1991,8.69
93,3,1992,8.36
93,3,1993,7.66
93,3,1994,7.81
93,3,1995,6.59
93,3,1996,6.23
93,3,1997,6.03
93,3,1998,5.94
93,3,1999,5.91
93,3,2000,5.88
93,3,2001,5.89
93,3,2002,5.58
93,3,2003,5.39
93,3,2004,4.93
93,3,2005,4.75
93,3,2006,4.58
93,3,2007,4.27
93,3,2008,3.83
93,3,2009,3.4
93,3,2010,3.05
93,3,2011,2.93
93,3,2012,2.83
93,3,2013,2.58
93,3,2014,2.51
93,3,2015,2.51
93,3,2016,2.45
93,3,2017,2.38
93,3,2018,2.42
93,3,2019,2.11
93,3,2020,1.95
93,3,2021,1.86
93,3,2022,1.94
93,3,2023,1.98
94,1,1980,26.55
94,1,1981,25.74
94,1,1982,25.16
94,1,1983,23.86
94,1,1984,22.58
94,1,1985,20.82
94,1,1986,21.27
94,1,1987,20.99
94,1,1988,20.98
94,1,1989,21.07
94,1,1990,21.07
94,1,1991,19.89
94,1,1992,18.65
94,1,1993,17.23
94,1,1994,15.6
94,1,1995,14.53
94,1,1996,13.09
94,1,1997,12.31
94,1,1998,11.77
94,1,1999,11.48
94,1,2000,10.85
94,1,2001,10.17
94,1,2002,9.66
94,1,2003,9.45
94,1,2004,8.89
94,1,2005,7.69
94,1,2006,7.19
94,1,2007,6.78
94,1,2008,6.43
94,1,2009,5.99
94,1,2010,5.55
94,1,2011,4.93
94,1,2012,4.6
94,1,2013,4.2
94,1,2014,4.08
94,1,2015,3.88
94,1,2016,3.76
94,1,2017,3.8
94,1,2018,3.62
94,1,2019,3.41
94,1,2020,3.23
94,1,2021,3.1
94,1,2022,3.08
94,1,2023,2.8
94,2,1980,8.64
94,2,1981,8.55
94,2,1982,8.6
94,2,1983,8.38
94,2,1984,7.75
94,2,1985,7.28
94,2,1986,7.11
94,2,1987,7.12
94,2,1988,7.01
94,2,1989,6.85
94,2,1990,6.79
94,2,1991,6.53
94,2,1992,6.18
94,2,1993,5.71
94,2,1994,5.57
94,2,1995,5.14
94,2,1996,4.68
94,2,1997,4.43
94,2,1998,4.32
94,2,1999,3.99
94,2,2000,3.67
94,2,2001,3.37
94,2,2002,3.15
94,2,2003,3.02
94,2,2004,2.66
94,2,2005,2.34
94,2,2006,2.19
94,2,2007,2.01
94,2,2008,1.88
94,2,2009,1.74
94,2,2010,1.61
94,2,2011,1.57
94,2,2012,1.5
94,2,2013,1.41
94,2,2014,1.32
94,2,2015,1.21
94,2,2016,1.21
94,2,2017,1.19
94,2,2018,1.13
94,2,2019,0.95
94,2,2020,0.85
94,2,2021,0.83
94,2,2022,0.86
94,2,2023,0.81
94,3,1980,17.26
94,3,1981,16.84
94,3,1982,16.58
94,3,1983,15.87
94,3,1984,14.94
94,3,1985,13.86
94,3,1986,14.01
94,3,1987,13.88
94,3,1988,13.84
94,3,1989,13.82
94,3,1990,13.83
94,3,1991,13.12
94,3,1992,12.33
94,3,1993,11.38
94,3,1994,10.49
94,3,1995,9.73
94,3,1996,8.79
94,3,1997,8.27
94,3,1998,7.94
94,3,1999,7.63
94,3,2000,7.15
94,3,2001,6.68
94,3,2002,6.33
94,3,2003,6.17
94,3,2004,5.7
94,3,2005,4.96
94,3,2006,4.63
94,3,2007,4.34
94,3,2008,4.1
94,3,2009,3.81
94,3,2010,3.53
94,3,2011,3.2
94,3,2012,3.01
94,3,2013,2.77
94,3,2014,2.66
94,3,2015,2.51
94,3,2016,2.46
94,3,2017,2.47
94,3,2018,2.35
94,3,2019,2.16
94,3,2020,2.02
94,3,2021,1.94
94,3,2022,1.94
94,3,2023,1.78
95,1,1980,16.33
95,1,1981,15.68
95,1,1982,16.44
95,1,1983,16.15
95,1,1984,15.69
95,1,1985,15.19
95,1,1986,14.99
95,1,1987,14.77
95,1,1988,14.42
95,1,1989,14.61
95,1,1990,14.42
95,1,1991,13.24
95,1,1992,12.14
95,1,1993,11.04
95,1,1994,10.49
95,1,1995,10.48
95,1,1996,10.6
95,1,1997,10.66
95,1,1998,10.33
95,1,1999,10.01
95,1,2000,9.85
95,1,2001,9.65
95,1,2002,9.49
95,1,2003,9.34
95,1,2004,9.01
95,1,2005,8.82
95,1,2006,8.81
95,1,2007,8.4
95,1,2008,7.51
95,1,2009,6.54
95,1,2010,5.54
95,1,2011,4.86
95,1,2012,4.39
95,1,2013,4.14
95,1,2014,4.21
95,1,2015,4.07
95,1,2016,3.94
95,1,2017,3.71
95,1,2018,3.51
95,1,2019,3.29
95,1,2020,3.06
95,1,2021,3.17
95,1,2022,3.24
95,1,2023,3.42
95,2,1980,5.64
95,2,1981,5.41
95,2,1982,5.81
95,2,1983,5.63
95,2,1984,5.42
95,2,1985,5.32
95,2,1986,5.22
95,2,1987,5.15
95,2,1988,4.96
95,2,1989,5.05
95,2,1990,4.91
95,2,1991,4.64
95,2,1992,4.3
95,2,1993,3.96
95,2,1994,3.81
95,2,1995,3.74
95,2,1996,3.61
95,2,1997,3.55
95,2,1998,3.42
95,2,1999,3.24
95,2,2000,3.08
95,2,2001,2.89
95,2,2002,2.82
95,2,2003,2.88
95,2,2004,2.72
95,2,2005,2.58
95,2,2006,2.55
95,2,2007,2.44
95,2,2008,2.27
95,2,2009,1.88
95,2,2010,1.66
95,2,2011,1.41
95,2,2012,1.31
95,2,2013,1.27
95,2,2014,1.24
95,2,2015,1.17
95,2,2016,1.12
95,2,2017,1.06
95,2,2018,0.99
95,2,2019,0.95
95,2,2020,0.81
95,2,2021,0.82
95,2,2022,0.81
95,2,2023,0.85
95,3,1980,10.87
95,3,1981,10.44
95,3,1982,11.01
95,3,1983,10.78
95,3,1984,10.44
95,3,1985,10.13
95,3,1986,9.97
95,3,1987,9.84
95,3,1988,9.57
95,3,1989,9.7
95,3,1990,9.55
95,3,1991,8.84
95,3,1992,8.12
95,3,1993,7.41
95,3,1994,7.06
95,3,1995,7.03
95,3,1996,7.02
95,3,1997,7.01
95,3,1998,6.79
95,3,1999,6.54
95,3,2000,6.39
95,3,2001,6.2
95,3,2002,6.1
95,3,2003,6.06
95,3,2004,5.81
95,3,2005,5.65
95,3,2006,5.64
95,3,2007,5.38
95,3,2008,4.86
95,3,2009,4.18
95,3,2010,3.57
95,3,2011,3.11
95,3,2012,2.82
95,3,2013,2.68
95,3,2014,2.69
95,3,2015,2.59
95,3,2016,2.5
95,3,2017,2.36
95,3,2018,2.22
95,3,2019,2.1
95,3,2020,1.91
95,3,2021,1.97
95,3,2022,1.99
95,3,2023,2.11
97,1,1980,28.25
97,1,1981,26.54
97,1,1982,24.74
97,1,1983,24.25
97,1,1984,22.89
97,1,1985,20.15
97,1,1986,20.32
97,1,1987,20.31
97,1,1988,20.21
97,1,1989,20.27
97,1,1990,20.33
97,1,1991,20.61
97,1,1992,21.61
97,1,1993,22.87
97,1,1994,23.51
97,1,1995,23.32
97,1,1996,23.34
97,1,1997,23.39
97,1,1998,24.13
97,1,1999,23.32
97,1,2000,22.36
97,1,2001,21.6
97,1,2002,20.4
97,1,2003,20.74
97,1,2004,20.5
97,1,2005,20.94
97,1,2006,22.25
97,1,2007,22.93
97,1,2008,23.08
97,1,2009,22.59
97,1,2010,22.82
97,1,2011,23.47
97,1,2012,23.61
97,1,2013,23.9
97,1,2014,22.57
97,1,2015,21.17
97,1,2016,19.45
97,1,2017,19.21
97,1,2018,18.16
97,1,2019,15.63
97,1,2020,13.14
97,1,2021,14.17
97,1,2022,17.75
97,1,2023,14.58
97,2,1980,8.94
97,2,1981,8.52
97,2,1982,7.72
97,2,1983,7.52
97,2,1984,6.99
97,2,1985,6.24
97,2,1986,6.38
97,2,1987,6.44
97,2,1988,6.34
97,2,1989,6.37
97,2,1990,6.37
97,2,1991,6.48
97,2,1992,6.71
97,2,1993,6.8
97,2,1994,7.09
97,2,1995,6.79
97,2,1996,6.63
97,2,1997,6.75
97,2,1998,7.03
97,2,1999,7.06
97,2,2000,6.64
97,2,2001,6.2
97,2,2002,5.67
97,2,2003,5.94
97,2,2004,5.94
97,2,2005,6.05
97,2,2006,6.47
97,2,2007,6.56
97,2,2008,6.43
97,2,2009,6.08
97,2,2010,6.11
97,2,2011,6.32
97,2,2012,6.14
97,2,2013,6.16
97,2,2014,5.92
97,2,2015,5.59
97,2,2016,5.43
97,2,2017,5.31
97,2,2018,4.76
97,2,2019,4.07
97,2,2020,3.21
97,2,2021,3.65
97,2,2022,4.18
97,2,2023,3.62
97,3,1980,18.22
97,3,1981,17.2
97,3,1982,15.92
97,3,1983,15.55
97,3,1984,14.62
97,3,1985,12.92
97,3,1986,13.06
97,3,1987,13.08
97,3,1988,12.97
97,3,1989,13.01
97,3,1990,13.04
97,3,1991,13.24
97,3,1992,13.84
97,3,1993,14.48
97,3,1994,14.96
97,3,1995,14.72
97,3,1996,14.64
97,3,1997,14.71
97,3,1998,15.22
97,3,1999,14.85
97,3,2000,14.17
97,3,2001,13.56
97,3,2002,12.71
97,3,2003,12.99
97,3,2004,12.88
97,3,2005,13.17
97,3,2006,14.03
97,3,2007,14.41
97,3,2008,14.42
97,3,2009,14
97,3,2010,14.14
97,3,2011,14.57
97,3,2012,14.55
97,3,2013,14.69
97,3,2014,13.92
97,3,2015,13.07
97,3,2016,12.17
97,3,2017,12
97,3,2018,11.21
97,3,2019,9.62
97,3,2020,7.96
97,3,2021,8.69
97,3,2022,10.73
97,3,2023,8.89
98,1,1980,39.24
98,1,1981,36.56
98,1,1982,33.58
98,1,1983,31.17
98,1,1984,29.68
98,1,1985,27.87
98,1,1986,25.79
98,1,1987,24.85
98,1,1988,25.53
98,1,1989,26.32
98,1,1990,25.58
98,1,1991,26.09
98,1,1992,27.06
98,1,1993,28.2
98,1,1994,28.63
98,1,1995,28.03
98,1,1996,27.5
98,1,1997,26.62
98,1,1998,25.66
98,1,1999,23.72
98,1,2000,24.56
98,1,2001,23.54
98,1,2002,22.97
98,1,2003,23.24
98,1,2004,22.69
98,1,2005,22.2
98,1,2006,21.54
98,1,2007,21.49
98,1,2008,21.28
98,1,2009,20.58
98,1,2010,19.78
98,1,2011,19.57
98,1,2012,18.75
98,1,2013,18.93
98,1,2014,18.24
98,1,2015,18.02
98,1,2016,17.69
98,1,2017,16.87
98,1,2018,16.48
98,1,2019,16.4
98,1,2020,15.36
98,1,2021,16.14
98,1,2022,17.55
98,1,2023,16.31
98,2,1980,8.83
98,2,1981,8.61
98,2,1982,7.82
98,2,1983,6.86
98,2,1984,6.23
98,2,1985,5.99
98,2,1986,5.83
98,2,1987,5.62
98,2,1988,5.54
98,2,1989,5.64
98,2,1990,5.99
98,2,1991,6.44
98,2,1992,6.72
98,2,1993,6.68
98,2,1994,6.82
98,2,1995,6.65
98,2,1996,6.68
98,2,1997,6.17
98,2,1998,6.01
98,2,1999,5.55
98,2,2000,5.54
98,2,2001,5.25
98,2,2002,4.88
98,2,2003,4.91
98,2,2004,4.87
98,2,2005,5.08
98,2,2006,5.29
98,2,2007,5.02
98,2,2008,5.18
98,2,2009,4.98
98,2,2010,4.9
98,2,2011,5.04
98,2,2012,4.84
98,2,2013,4.83
98,2,2014,4.72
98,2,2015,4.65
98,2,2016,4.56
98,2,2017,4.3
98,2,2018,4.26
98,2,2019,4.06
98,2,2020,3.71
98,2,2021,3.82
98,2,2022,3.88
98,2,2023,3.96
98,3,1980,23.28
98,3,1981,21.9
98,3,1982,20.07
98,3,1983,18.43
98,3,1984,17.36
98,3,1985,16.38
98,3,1986,15.33
98,3,1987,14.78
98,3,1988,15.05
98,3,1989,15.47
98,3,1990,15.3
98,3,1991,15.77
98,3,1992,16.39
98,3,1993,16.93
98,3,1994,17.22
98,3,1995,16.87
98,3,1996,16.63
98,3,1997,15.98
98,3,1998,15.42
98,3,1999,14.26
98,3,2000,14.67
98,3,2001,14.02
98,3,2002,13.55
98,3,2003,13.71
98,3,2004,13.43
98,3,2005,13.29
98,3,2006,13.09
98,3,2007,12.91
98,3,2008,12.91
98,3,2009,12.46
98,3,2010,12.02
98,3,2011,11.99
98,3,2012,11.49
98,3,2013,11.58
98,3,2014,11.21
98,3,2015,11.07
98,3,2016,10.88
98,3,2017,10.35
98,3,2018,10.16
98,3,2019,10.03
98,3,2020,9.38
98,3,2021,9.82
98,3,2022,10.58
98,3,2023,10.01
99,1,1980,25.06
99,1,1981,23.99
99,1,1982,22.11
99,1,1983,19.95
99,1,1984,17.99
99,1,1985,17.6
99,1,1986,18.13
99,1,1987,19.28
99,1,1988,20.47
99,1,1989,21.66
99,1,1990,20.52
99,1,1991,20.87
99,1,1992,22.37
99,1,1993,23.22
99,1,1994,23.46
99,1,1995,24.06
99,1,1996,24.15
99,1,1997,25.5
99,1,1998,25.65
99,1,1999,24.76
99,1,2000,22.48
99,1,2001,21.33
99,1,2002,19.4
99,1,2003,19.62
99,1,2004,20.43
99,1,2005,21.6
99,1,2006,22.77
99,1,2007,22.9
99,1,2008,24.19
99,1,2009,24.68
99,1,2010,25.04
99,1,2011,25.7
99,1,2012,26.66
99,1,2013,25.85
99,1,2014,25.25
99,1,2015,23.71
99,1,2016,22.17
99,1,2017,22.14
99,1,2018,22.15
99,1,2019,19.77
99,1,2020,18.14
99,1,2021,18.09
99,1,2022,20.82
99,1,2023,19.54
99,2,1980,7.78
99,2,1981,7.78
99,2,1982,7.36
99,2,1983,6.97
99,2,1984,6.43
99,2,1985,6.19
99,2,1986,6.39
99,2,1987,6.44
99,2,1988,6.75
99,2,1989,7.12
99,2,1990,7.03
99,2,1991,6.97
99,2,1992,7.31
99,2,1993,7.42
99,2,1994,7.53
99,2,1995,7.33
99,2,1996,7.26
99,2,1997,7.54
99,2,1998,7.8
99,2,1999,7.6
99,2,2000,7.03
99,2,2001,6.58
99,2,2002,6.01
99,2,2003,6.12
99,2,2004,6.22
99,2,2005,6.76
99,2,2006,6.91
99,2,2007,6.88
99,2,2008,6.95
99,2,2009,6.79
99,2,2010,6.83
99,2,2011,7.08
99,2,2012,7.26
99,2,2013,7.02
99,2,2014,6.78
99,2,2015,6.6
99,2,2016,6.44
99,2,2017,6.33
99,2,2018,6.38
99,2,2019,5.73
99,2,2020,4.84
99,2,2021,4.65
99,2,2022,4.68
99,2,2023,4.71
99,3,1980,16.12
99,3,1981,15.58
99,3,1982,14.45
99,3,1983,13.19
99,3,1984,11.97
99,3,1985,11.63
99,3,1986,11.99
99,3,1987,12.59
99,3,1988,13.33
99,3,1989,14.09
99,3,1990,13.46
99,3,1991,13.6
99,3,1992,14.5
99,3,1993,14.97
99,3,1994,15.15
99,3,1995,15.34
99,3,1996,15.35
99,3,1997,16.14
99,3,1998,16.36
99,3,1999,15.82
99,3,2000,14.42
99,3,2001,13.62
99,3,2002,12.39
99,3,2003,12.52
99,3,2004,12.96
99,3,2005,13.81
99,3,2006,14.43
99,3,2007,14.48
99,3,2008,15.16
99,3,2009,15.33
99,3,2010,15.54
99,3,2011,15.96
99,3,2012,16.49
99,3,2013,15.98
99,3,2014,15.59
99,3,2015,14.75
99,3,2016,13.91
99,3,2017,13.84
99,3,2018,13.87
99,3,2019,12.41
99,3,2020,11.2
99,3,2021,11.06
99,3,2022,12.4
99,3,2023,11.82
101,1,1980,32.25
101,1,1981,30.33
101,1,1982,26.42
101,1,1983,25.11
101,1,1984,24.41
101,1,1985,23.91
101,1,1986,23.16
101,1,1987,23.4
101,1,1988,23.08
101,1,1989,22.62
101,1,1990,21.13
101,1,1991,19.55
101,1,1992,18.47
101,1,1993,18.15
101,1,1994,17.35
101,1,1995,16.87
101,1,1996,16.36
101,1,1997,15.9
101,1,1998,15.22
101,1,1999,14.67
101,1,2000,13.73
101,1,2001,13.14
101,1,2002,13.09
101,1,2003,12.83
101,1,2004,12.8
101,1,2005,12.75
101,1,2006,12.43
101,1,2007,11.9
101,1,2008,10.92
101,1,2009,9.92
101,1,2010,9.45
101,1,2011,8.85
101,1,2012,8.58
101,1,2013,8.12
101,1,2014,7.8
101,1,2015,7.59
101,1,2016,7.36
101,1,2017,6.96
101,1,2018,6.7
101,1,2019,6.48
101,1,2020,6.88
101,1,2021,7.11
101,1,2022,7.14
101,1,2023,6.99
101,2,1980,12.26
101,2,1981,11.17
101,2,1982,10.08
101,2,1983,9.62
101,2,1984,9.45
101,2,1985,9.54
101,2,1986,9.21
101,2,1987,9.2
101,2,1988,9
101,2,1989,9.1
101,2,1990,8.63
101,2,1991,8.12
101,2,1992,7.73
101,2,1993,7.68
101,2,1994,7.22
101,2,1995,7.1
101,2,1996,6.81
101,2,1997,6.73
101,2,1998,6.54
101,2,1999,6.39
101,2,2000,5.97
101,2,2001,5.68
101,2,2002,5.72
101,2,2003,5.54
101,2,2004,5.34
101,2,2005,5.38
101,2,2006,5.28
101,2,2007,4.88
101,2,2008,4.48
101,2,2009,4.05
101,2,2010,3.93
101,2,2011,3.62
101,2,2012,3.67
101,2,2013,3.53
101,2,2014,3.21
101,2,2015,3.11
101,2,2016,3.11
101,2,2017,2.95
101,2,2018,2.86
101,2,2019,2.84
101,2,2020,2.78
101,2,2021,2.84
101,2,2022,2.83
101,2,2023,2.78
101,3,1980,22.12
101,3,1981,20.62
101,3,1982,18.12
101,3,1983,17.23
101,3,1984,16.8
101,3,1985,16.59
101,3,1986,16.05
101,3,1987,16.17
101,3,1988,15.9
101,3,1989,15.71
101,3,1990,14.75
101,3,1991,13.71
101,3,1992,12.98
101,3,1993,12.78
101,3,1994,12.14
101,3,1995,11.84
101,3,1996,11.42
101,3,1997,11.15
101,3,1998,10.72
101,3,1999,10.37
101,3,2000,9.72
101,3,2001,9.3
101,3,2002,9.3
101,3,2003,9.08
101,3,2004,8.96
101,3,2005,8.96
101,3,2006,8.76
101,3,2007,8.29
101,3,2008,7.6
101,3,2009,6.9
101,3,2010,6.61
101,3,2011,6.16
101,3,2012,6.06
101,3,2013,5.76
101,3,2014,5.45
101,3,2015,5.3
101,3,2016,5.19
101,3,2017,4.91
101,3,2018,4.74
101,3,2019,4.63
101,3,2020,4.8
101,3,2021,4.95
101,3,2022,4.96
101,3,2023,4.86
102,1,1980,34.32
102,1,1981,32.59
102,1,1982,29.51
102,1,1983,28.09
102,1,1984,28.09
102,1,1985,28.06
102,1,1986,28.89
102,1,1987,28.78
102,1,1988,28.56
102,1,1989,27.56
102,1,1990,26.4
102,1,1991,24.71
102,1,1992,23.41
102,1,1993,23.45
102,1,1994,23.54
102,1,1995,23.75
102,1,1996,23.19
102,1,1997,22.45
102,1,1998,22.14
102,1,1999,21.96
102,1,2000,21.98
102,1,2001,22.13
102,1,2002,22.3
102,1,2003,22.01
102,1,2004,21.5
102,1,2005,21.66
102,1,2006,21.37
102,1,2007,20.35
102,1,2008,18.77
102,1,2009,17.04
102,1,2010,16.07
102,1,2011,15.88
102,1,2012,15.81
102,1,2013,15.51
102,1,2014,15.55
102,1,2015,16.39
102,1,2016,17.3
102,1,2017,17.2
102,1,2018,16.4
102,1,2019,16.43
102,1,2020,18.32
102,1,2021,19.48
102,1,2022,19.14
102,1,2023,18.53
102,2,1980,12.44
102,2,1981,11.91
102,2,1982,11.05
102,2,1983,10.83
102,2,1984,11.03
102,2,1985,11.11
102,2,1986,11.31
102,2,1987,11.63
102,2,1988,11.81
102,2,1989,11.68
102,2,1990,11.21
102,2,1991,10.59
102,2,1992,10.2
102,2,1993,10.32
102,2,1994,10.56
102,2,1995,10.74
102,2,1996,10.75
102,2,1997,10.59
102,2,1998,10.34
102,2,1999,10.17
102,2,2000,9.92
102,2,2001,9.78
102,2,2002,9.81
102,2,2003,9.7
102,2,2004,9.45
102,2,2005,9.21
102,2,2006,8.93
102,2,2007,8.29
102,2,2008,7.53
102,2,2009,6.98
102,2,2010,6.67
102,2,2011,6.5
102,2,2012,6.44
102,2,2013,6.28
102,2,2014,6.24
102,2,2015,6.54
102,2,2016,6.88
102,2,2017,6.86
102,2,2018,6.63
102,2,2019,6.54
102,2,2020,6.97
102,2,2021,7.48
102,2,2022,7.31
102,2,2023,7.08
102,3,1980,23.05
102,3,1981,21.94
102,3,1982,20
102,3,1983,19.18
102,3,1984,19.29
102,3,1985,19.32
102,3,1986,19.84
102,3,1987,19.95
102,3,1988,19.93
102,3,1989,19.38
102,3,1990,18.58
102,3,1991,17.43
102,3,1992,16.6
102,3,1993,16.68
102,3,1994,16.85
102,3,1995,17.05
102,3,1996,16.78
102,3,1997,16.33
102,3,1998,16.05
102,3,1999,15.9
102,3,2000,15.81
102,3,2001,15.83
102,3,2002,15.94
102,3,2003,15.74
102,3,2004,15.37
102,3,2005,15.34
102,3,2006,15.06
102,3,2007,14.23
102,3,2008,13.06
102,3,2009,11.92
102,3,2010,11.28
102,3,2011,11.1
102,3,2012,11.05
102,3,2013,10.82
102,3,2014,10.82
102,3,2015,11.39
102,3,2016,12.02
102,3,2017,11.96
102,3,2018,11.46
102,3,2019,11.43
102,3,2020,12.6
102,3,2021,13.44
102,3,2022,13.18
102,3,2023,12.77
105,1,1980,17.95
105,1,1981,17.57
105,1,1982,17.21
105,1,1983,16.79
105,1,1984,16.66
105,1,1985,16.81
105,1,1986,16.86
105,1,1987,16.73
105,1,1988,16.68
105,1,1989,17.01
105,1,1990,15.98
105,1,1991,15.39
105,1,1992,15.84
105,1,1993,15.43
105,1,1994,15.75
105,1,1995,14.99
105,1,1996,14.6
105,1,1997,14.06
105,1,1998,13.88
105,1,1999,13.2
105,1,2000,12.79
105,1,2001,12.71
105,1,2002,12.13
105,1,2003,11.31
105,1,2004,10.64
105,1,2005,10.87
105,1,2006,10.32
105,1,2007,9.97
105,1,2008,9.68
105,1,2009,9.55
105,1,2010,9.47
105,1,2011,9.53
105,1,2012,9.39
105,1,2013,9.7
105,1,2014,10.11
105,1,2015,10.56
105,1,2016,10.61
105,1,2017,10.29
105,1,2018,9.4
105,1,2019,7.41
105,1,2020,6.27
105,1,2021,5.88
105,1,2022,6.22
105,1,2023,6.45
105,2,1980,5.33
105,2,1981,5.04
105,2,1982,4.78
105,2,1983,4.6
105,2,1984,4.56
105,2,1985,4.28
105,2,1986,4.2
105,2,1987,4.17
105,2,1988,4.04
105,2,1989,4.25
105,2,1990,3.9
105,2,1991,3.81
105,2,1992,3.69
105,2,1993,3.83
105,2,1994,3.76
105,2,1995,3.87
105,2,1996,3.8
105,2,1997,3.8
105,2,1998,3.6
105,2,1999,3.43
105,2,2000,3.27
105,2,2001,2.89
105,2,2002,2.84
105,2,2003,2.79
105,2,2004,2.67
105,2,2005,2.64
105,2,2006,2.41
105,2,2007,2.29
105,2,2008,2.25
105,2,2009,2.29
105,2,2010,2.39
105,2,2011,2.33
105,2,2012,2.28
105,2,2013,2.34
105,2,2014,2.37
105,2,2015,2.46
105,2,2016,2.42
105,2,2017,2.34
105,2,2018,2.14
105,2,2019,1.77
105,2,2020,1.58
105,2,2021,1.61
105,2,2022,1.6
105,2,2023,1.62
105,3,1980,11.11
105,3,1981,10.81
105,3,1982,10.53
105,3,1983,10.27
105,3,1984,10.2
105,3,1985,10.14
105,3,1986,10.13
105,3,1987,10.06
105,3,1988,9.97
105,3,1989,10.24
105,3,1990,9.56
105,3,1991,9.24
105,3,1992,9.37
105,3,1993,9.25
105,3,1994,9.35
105,3,1995,9.04
105,3,1996,8.81
105,3,1997,8.54
105,3,1998,8.34
105,3,1999,7.92
105,3,2000,7.65
105,3,2001,7.39
105,3,2002,7.1
105,3,2003,6.7
105,3,2004,6.33
105,3,2005,6.43
105,3,2006,6.06
105,3,2007,5.85
105,3,2008,5.7
105,3,2009,5.67
105,3,2010,5.7
105,3,2011,5.71
105,3,2012,5.63
105,3,2013,5.81
105,3,2014,6.04
105,3,2015,6.31
105,3,2016,6.33
105,3,2017,6.14
105,3,2018,5.62
105,3,2019,4.49
105,3,2020,3.84
105,3,2021,3.67
105,3,2022,3.83
105,3,2023,3.96
106,1,1980,47.49
106,1,1981,40.23
106,1,1982,39.78
106,1,1983,43.38
106,1,1984,40.92
106,1,1985,38.56
106,1,1986,38.43
106,1,1987,39.82
106,1,1988,39.21
106,1,1989,37.59
106,1,1990,37.84
106,1,1991,37.69
106,1,1992,36.47
106,1,1993,33.82
106,1,1994,33.13
106,1,1995,30.82
106,1,1996,30.71
106,1,1997,30.36
106,1,1998,30.22
106,1,1999,30.42
106,1,2000,31.4
106,1,2001,29.81
106,1,2002,29.37
106,1,2003,27.66
106,1,2004,26.69
106,1,2005,27.04
106,1,2006,25.44
106,1,2007,24.29
106,1,2008,23.64
106,1,2009,24.19
106,1,2010,24.26
106,1,2011,23.97
106,1,2012,22.51
106,1,2013,23.07
106,1,2014,24.23
106,1,2015,24.96
106,1,2016,25.25
106,1,2017,25.6
106,1,2018,25.59
106,1,2019,26.27
106,1,2020,27.25
106,1,2021,33.55
106,1,2022,27.78
106,1,2023,27.23
106,2,1980,13.82
106,2,1981,11.54
106,2,1982,11.15
106,2,1983,11.24
106,2,1984,10.67
106,2,1985,10.59
106,2,1986,10.16
106,2,1987,9.86
106,2,1988,9.57
106,2,1989,9.46
106,2,1990,9.46
106,2,1991,9.49
106,2,1992,9.37
106,2,1993,8.97
106,2,1994,8.46
106,2,1995,8.33
106,2,1996,8.13
106,2,1997,8.57
106,2,1998,8.31
106,2,1999,8.19
106,2,2000,7.92
106,2,2001,7.48
106,2,2002,7.36
106,2,2003,7.26
106,2,2004,7.22
106,2,2005,7.24
106,2,2006,6.15
106,2,2007,5.94
106,2,2008,6.1
106,2,2009,6.4
106,2,2010,6.44
106,2,2011,6.37
106,2,2012,6.01
106,2,2013,6.29
106,2,2014,6.37
106,2,2015,6.64
106,2,2016,6.66
106,2,2017,6.6
106,2,2018,6.56
106,2,2019,6.79
106,2,2020,6.51
106,2,2021,7.73
106,2,2022,6.43
106,2,2023,6.29
106,3,1980,29.57
106,3,1981,24.97
106,3,1982,24.57
106,3,1983,26.32
106,3,1984,24.88
106,3,1985,23.75
106,3,1986,23.49
106,3,1987,24.02
106,3,1988,23.61
106,3,1989,22.81
106,3,1990,22.93
106,3,1991,22.87
106,3,1992,22.23
106,3,1993,20.76
106,3,1994,20.18
106,3,1995,19.01
106,3,1996,18.87
106,3,1997,18.92
106,3,1998,18.71
106,3,1999,18.76
106,3,2000,19.07
106,3,2001,18.08
106,3,2002,17.83
106,3,2003,16.97
106,3,2004,16.5
106,3,2005,16.66
106,3,2006,15.33
106,3,2007,14.67
106,3,2008,14.45
106,3,2009,14.87
106,3,2010,14.93
106,3,2011,14.75
106,3,2012,13.87
106,3,2013,14.27
106,3,2014,14.87
106,3,2015,15.36
106,3,2016,15.52
106,3,2017,15.65
106,3,2018,15.63
106,3,2019,16.08
106,3,2020,16.4
106,3,2021,20.02
106,3,2022,16.6
106,3,2023,16.28
107,1,1980,23.98
107,1,1981,22.06
107,1,1982,21.92
107,1,1983,21.96
107,1,1984,21.68
107,1,1985,21.45
107,1,1986,22.09
107,1,1987,21.98
107,1,1988,22.28
107,1,1989,21.75
107,1,1990,21.07
107,1,1991,21.11
107,1,1992,21.49
107,1,1993,21.1
107,1,1994,21.1
107,1,1995,20.93
107,1,1996,20.77
107,1,1997,20.86
107,1,1998,21.34
107,1,1999,20.14
107,1,2000,19.53
107,1,2001,18
107,1,2002,18.38
107,1,2003,16.88
107,1,2004,16.33
107,1,2005,15.71
107,1,2006,14.64
107,1,2007,13.81
107,1,2008,12.63
107,1,2009,13.37
107,1,2010,14
107,1,2011,13.5
107,1,2012,13.07
107,1,2013,13.3
107,1,2014,12.72
107,1,2015,13.12
107,1,2016,12.91
107,1,2017,12.57
107,1,2018,12.37
107,1,2019,12.29
107,1,2020,12.1
107,1,2021,12.36
107,1,2022,12.15
107,1,2023,12.33
107,2,1980,5.71
107,2,1981,5.05
107,2,1982,4.8
107,2,1983,4.65
107,2,1984,4.52
107,2,1985,4.5
107,2,1986,4.56
107,2,1987,4.57
107,2,1988,4.52
107,2,1989,4.64
107,2,1990,4.47
107,2,1991,4.46
107,2,1992,4.5
107,2,1993,4.44
107,2,1994,4.34
107,2,1995,4.43
107,2,1996,4.39
107,2,1997,4.29
107,2,1998,4.14
107,2,1999,4.03
107,2,2000,4
107,2,2001,3.86
107,2,2002,3.74
107,2,2003,3.58
107,2,2004,3.61
107,2,2005,3.5
107,2,2006,3.23
107,2,2007,3.36
107,2,2008,3.13
107,2,2009,3.12
107,2,2010,3.21
107,2,2011,3.24
107,2,2012,3.06
107,2,2013,3.06
107,2,2014,3.13
107,2,2015,3.01
107,2,2016,3.05
107,2,2017,2.94
107,2,2018,2.89
107,2,2019,2.83
107,2,2020,2.83
107,2,2021,2.93
107,2,2022,2.77
107,2,2023,2.79
107,3,1980,13.87
107,3,1981,12.72
107,3,1982,12.59
107,3,1983,12.56
107,3,1984,12.39
107,3,1985,12.3
107,3,1986,12.67
107,3,1987,12.63
107,3,1988,12.77
107,3,1989,12.61
107,3,1990,12.23
107,3,1991,12.27
107,3,1992,12.48
107,3,1993,12.27
107,3,1994,12.21
107,3,1995,12.2
107,3,1996,12.11
107,3,1997,12.12
107,3,1998,12.28
107,3,1999,11.67
107,3,2000,11.37
107,3,2001,10.55
107,3,2002,10.68
107,3,2003,9.88
107,3,2004,9.63
107,3,2005,9.26
107,3,2006,8.61
107,3,2007,8.28
107,3,2008,7.59
107,3,2009,7.94
107,3,2010,8.31
107,3,2011,8.09
107,3,2012,7.8
107,3,2013,7.91
107,3,2014,7.68
107,3,2015,7.81
107,3,2016,7.73
107,3,2017,7.52
107,3,2018,7.4
107,3,2019,7.33
107,3,2020,7.25
107,3,2021,7.42
107,3,2022,7.23
107,3,2023,7.33
108,1,1980,30.73
108,1,1981,28.58
108,1,1982,29.78
108,1,1983,29.11
108,1,1984,29.33
108,1,1985,30.63
108,1,1986,31.83
108,1,1987,32.79
108,1,1988,32.53
108,1,1989,31.91
108,1,1990,31.85
108,1,1991,34.73
108,1,1992,35.49
108,1,1993,36.64
108,1,1994,41.24
108,1,1995,40.67
108,1,1996,42.87
108,1,1997,46.95
108,1,1998,46.68
108,1,1999,46.77
108,1,2000,45.28
108,1,2001,45.39
108,1,2002,43.13
108,1,2003,41.37
108,1,2004,37.15
108,1,2005,37.02
108,1,2006,35.56
108,1,2007,33.25
108,1,2008,32.53
108,1,2009,31.81
108,1,2010,31.05
108,1,2011,31.28
108,1,2012,31.85
108,1,2013,33.86
108,1,2014,36.66
108,1,2015,37.54
108,1,2016,38.26
108,1,2017,37.54
108,1,2018,38.39
108,1,2019,35.9
108,1,2020,38.32
108,1,2021,37.07
108,1,2022,35.75
108,1,2023,34.61
108,2,1980,12.19
108,2,1981,10.4
108,2,1982,10.08
108,2,1983,9.92
108,2,1984,9.44
108,2,1985,9.45
108,2,1986,9.57
108,2,1987,9.78
108,2,1988,9.76
108,2,1989,9.62
108,2,1990,9.05
108,2,1991,9
108,2,1992,8.9
108,2,1993,9.14
108,2,1994,9.07
108,2,1995,9.25
108,2,1996,9.4
108,2,1997,10.06
108,2,1998,9.93
108,2,1999,9.83
108,2,2000,9.72
108,2,2001,9.27
108,2,2002,8.95
108,2,2003,8.85
108,2,2004,8.4
108,2,2005,8.36
108,2,2006,7.52
108,2,2007,7.35
108,2,2008,6.88
108,2,2009,6.87
108,2,2010,6.93
108,2,2011,7.05
108,2,2012,6.54
108,2,2013,6.69
108,2,2014,6.74
108,2,2015,6.86
108,2,2016,6.82
108,2,2017,6.56
108,2,2018,6.53
108,2,2019,6.31
108,2,2020,6.39
108,2,2021,6.43
108,2,2022,6.14
108,2,2023,6.1
108,3,1980,21.47
108,3,1981,19.52
108,3,1982,19.98
108,3,1983,19.56
108,3,1984,19.45
108,3,1985,20.13
108,3,1986,20.8
108,3,1987,21.39
108,3,1988,21.28
108,3,1989,20.91
108,3,1990,20.59
108,3,1991,22.03
108,3,1992,22.37
108,3,1993,23.06
108,3,1994,25.38
108,3,1995,25.14
108,3,1996,26.32
108,3,1997,28.71
108,3,1998,28.53
108,3,1999,28.49
108,3,2000,27.67
108,3,2001,27.52
108,3,2002,26.2
108,3,2003,25.22
108,3,2004,22.85
108,3,2005,22.77
108,3,2006,21.59
108,3,2007,20.35
108,3,2008,19.73
108,3,2009,19.35
108,3,2010,18.95
108,3,2011,19.1
108,3,2012,19.13
108,3,2013,20.18
108,3,2014,21.54
108,3,2015,21.97
108,3,2016,22.3
108,3,2017,21.75
108,3,2018,22.11
108,3,2019,20.75
108,3,2020,21.92
108,3,2021,21.27
108,3,2022,20.47
108,3,2023,19.88
109,1,1980,30.62
109,1,1981,30.31
109,1,1982,30.46
109,1,1983,30.21
109,1,1984,30.39
109,1,1985,30.71
109,1,1986,31.6
109,1,1987,32.45
109,1,1988,33.37
109,1,1989,33.66
109,1,1990,32.73
109,1,1991,32.39
109,1,1992,32.64
109,1,1993,32.27
109,1,1994,33.01
109,1,1995,31.54
109,1,1996,30.37
109,1,1997,27.95
109,1,1998,26.06
109,1,1999,23.81
109,1,2000,22.11
109,1,2001,19.95
109,1,2002,18.55
109,1,2003,16.89
109,1,2004,16.14
109,1,2005,15.48
109,1,2006,14.29
109,1,2007,13.12
109,1,2008,13.14
109,1,2009,12.9
109,1,2010,12.08
109,1,2011,12.05
109,1,2012,12.06
109,1,2013,11.45
109,1,2014,12.45
109,1,2015,12.65
109,1,2016,12.75
109,1,2017,12.14
109,1,2018,11.43
109,1,2019,10.2
109,1,2020,9.37
109,1,2021,10.12
109,1,2022,8.32
109,1,2023,8.57
109,2,1980,10.34
109,2,1981,9.8
109,2,1982,10.03
109,2,1983,10
109,2,1984,9.75
109,2,1985,9.51
109,2,1986,9.68
109,2,1987,9.75
109,2,1988,9.74
109,2,1989,9.88
109,2,1990,9.21
109,2,1991,9.25
109,2,1992,8.97
109,2,1993,8.95
109,2,1994,9.03
109,2,1995,9.1
109,2,1996,8.56
109,2,1997,8.22
109,2,1998,7.44
109,2,1999,6.63
109,2,2000,6.5
109,2,2001,5.81
109,2,2002,5.45
109,2,2003,5.09
109,2,2004,4.77
109,2,2005,4.59
109,2,2006,4.09
109,2,2007,3.9
109,2,2008,3.93
109,2,2009,3.78
109,2,2010,3.88
109,2,2011,3.68
109,2,2012,3.51
109,2,2013,3.56
109,2,2014,3.74
109,2,2015,3.77
109,2,2016,3.65
109,2,2017,3.58
109,2,2018,3.5
109,2,2019,2.76
109,2,2020,2.69
109,2,2021,2.98
109,2,2022,2.2
109,2,2023,2.28
109,3,1980,20.54
109,3,1981,20.12
109,3,1982,20.29
109,3,1983,20.13
109,3,1984,20.09
109,3,1985,20.12
109,3,1986,20.65
109,3,1987,21.11
109,3,1988,21.56
109,3,1989,21.77
109,3,1990,20.97
109,3,1991,20.81
109,3,1992,20.8
109,3,1993,20.6
109,3,1994,21
109,3,1995,20.29
109,3,1996,19.43
109,3,1997,18.05
109,3,1998,16.71
109,3,1999,15.18
109,3,2000,14.26
109,3,2001,12.84
109,3,2002,11.96
109,3,2003,10.95
109,3,2004,10.41
109,3,2005,9.98
109,3,2006,9.15
109,3,2007,8.47
109,3,2008,8.49
109,3,2009,8.29
109,3,2010,7.93
109,3,2011,7.82
109,3,2012,7.74
109,3,2013,7.47
109,3,2014,8.05
109,3,2015,8.16
109,3,2016,8.15
109,3,2017,7.81
109,3,2018,7.41
109,3,2019,6.43
109,3,2020,6
109,3,2021,6.51
109,3,2022,5.24
109,3,2023,5.4
110,1,1980,24.7
110,1,1981,25.17
110,1,1982,25.4
110,1,1983,25.25
110,1,1984,25.07
110,1,1985,25.1
110,1,1986,25.23
110,1,1987,25.61
110,1,1988,25.9
110,1,1989,26.14
110,1,1990,26.19
110,1,1991,26.31
110,1,1992,26.39
110,1,1993,26.39
110,1,1994,26.19
110,1,1995,26.07
110,1,1996,25.56
110,1,1997,24.82
110,1,1998,24.63
110,1,1999,23.77
110,1,2000,23.26
110,1,2001,22.86
110,1,2002,22.43
110,1,2003,22.12
110,1,2004,21.79
110,1,2005,21.54
110,1,2006,22.18
110,1,2007,21.95
110,1,2008,22.58
110,1,2009,22.11
110,1,2010,22.41
110,1,2011,22.61
110,1,2012,22.64
110,1,2013,22.97
110,1,2014,22.85
110,1,2015,23.11
110,1,2016,23.13
110,1,2017,23.07
110,1,2018,22.96
110,1,2019,22.71
110,1,2020,22.81
110,1,2021,21.67
110,1,2022,20.28
110,1,2023,20.14
110,2,1980,6.96
110,2,1981,6.91
110,2,1982,6.76
110,2,1983,6.55
110,2,1984,6.27
110,2,1985,6.16
110,2,1986,6.13
110,2,1987,6.15
110,2,1988,6.23
110,2,1989,6.26
110,2,1990,6.33
110,2,1991,6.4
110,2,1992,6.4
110,2,1993,6.42
110,2,1994,6.35
110,2,1995,6.3
110,2,1996,6.11
110,2,1997,5.97
110,2,1998,5.88
110,2,1999,5.69
110,2,2000,5.59
110,2,2001,5.41
110,2,2002,5.34
110,2,2003,5.26
110,2,2004,5.18
110,2,2005,5.1
110,2,2006,5.06
110,2,2007,4.93
110,2,2008,4.91
110,2,2009,4.77
110,2,2010,4.7
110,2,2011,4.62
110,2,2012,4.53
110,2,2013,4.46
110,2,2014,4.41
110,2,2015,4.41
110,2,2016,4.41
110,2,2017,4.38
110,2,2018,4.29
110,2,2019,4.27
110,2,2020,4.38
110,2,2021,4.06
110,2,2022,3.78
110,2,2023,3.83
110,3,1980,15.32
110,3,1981,15.55
110,3,1982,15.61
110,3,1983,15.45
110,3,1984,15.23
110,3,1985,15.19
110,3,1986,15.25
110,3,1987,15.45
110,3,1988,15.66
110,3,1989,15.82
110,3,1990,15.9
110,3,1991,16.04
110,3,1992,16.12
110,3,1993,16.19
110,3,1994,16.1
110,3,1995,16.06
110,3,1996,15.76
110,3,1997,15.36
110,3,1998,15.26
110,3,1999,14.76
110,3,2000,14.47
110,3,2001,14.2
110,3,2002,13.95
110,3,2003,13.76
110,3,2004,13.57
110,3,2005,13.43
110,3,2006,13.74
110,3,2007,13.55
110,3,2008,13.86
110,3,2009,13.54
110,3,2010,13.67
110,3,2011,13.76
110,3,2012,13.72
110,3,2013,13.86
110,3,2014,13.78
110,3,2015,13.91
110,3,2016,13.93
110,3,2017,13.9
110,3,2018,13.8
110,3,2019,13.67
110,3,2020,13.77
110,3,2021,13.03
110,3,2022,12.19
110,3,2023,12.14
111,1,1980,47.48
111,1,1981,47.73
111,1,1982,47.86
111,1,1983,48.24
111,1,1984,48.39
111,1,1985,49.03
111,1,1986,49.29
111,1,1987,49.15
111,1,1988,49.63
111,1,1989,49.87
111,1,1990,49.65
111,1,1991,49.24
111,1,1992,48.45
111,1,1993,47.46
111,1,1994,46.26
111,1,1995,44.93
111,1,1996,44.16
111,1,1997,43.03
111,1,1998,42.15
111,1,1999,42.13
111,1,2000,42.74
111,1,2001,44.16
111,1,2002,45.18
111,1,2003,44.17
111,1,2004,43.05
111,1,2005,42.52
111,1,2006,42.41
111,1,2007,42.73
111,1,2008,43.51
111,1,2009,44.09
111,1,2010,44.78
111,1,2011,46.37
111,1,2012,47.12
111,1,2013,47.61
111,1,2014,47.98
111,1,2015,49.91
111,1,2016,52.08
111,1,2017,53.33
111,1,2018,54.68
111,1,2019,56.92
111,1,2020,60.22
111,1,2021,59.64
111,1,2022,58.56
111,1,2023,58.21
111,2,1980,13.56
111,2,1981,13.16
111,2,1982,12.79
111,2,1983,12.42
111,2,1984,12.04
111,2,1985,11.85
111,2,1986,11.69
111,2,1987,11.45
111,2,1988,11.32
111,2,1989,11.31
111,2,1990,11.11
111,2,1991,10.74
111,2,1992,10.39
111,2,1993,9.96
111,2,1994,9.71
111,2,1995,9.43
111,2,1996,9.18
111,2,1997,8.87
111,2,1998,8.58
111,2,1999,8.51
111,2,2000,8.64
111,2,2001,8.82
111,2,2002,8.85
111,2,2003,8.6
111,2,2004,8.36
111,2,2005,8.13
111,2,2006,7.97
111,2,2007,7.91
111,2,2008,8.07
111,2,2009,8.18
111,2,2010,8.26
111,2,2011,8.51
111,2,2012,8.64
111,2,2013,8.6
111,2,2014,8.53
111,2,2015,8.68
111,2,2016,8.8
111,2,2017,8.7
111,2,2018,8.7
111,2,2019,9.25
111,2,2020,9.56
111,2,2021,10.08
111,2,2022,10.15
111,2,2023,10.32
111,3,1980,30.74
111,3,1981,30.62
111,3,1982,30.45
111,3,1983,30.38
111,3,1984,30.18
111,3,1985,30.31
111,3,1986,30.27
111,3,1987,29.98
111,3,1988,30.05
111,3,1989,30.07
111,3,1990,29.78
111,3,1991,29.34
111,3,1992,28.73
111,3,1993,28
111,3,1994,27.3
111,3,1995,26.55
111,3,1996,26.09
111,3,1997,25.43
111,3,1998,24.91
111,3,1999,24.92
111,3,2000,25.35
111,3,2001,26.21
111,3,2002,26.79
111,3,2003,26.21
111,3,2004,25.57
111,3,2005,25.23
111,3,2006,25.12
111,3,2007,25.27
111,3,2008,25.75
111,3,2009,26.1
111,3,2010,26.49
111,3,2011,27.4
111,3,2012,27.82
111,3,2013,28.02
111,3,2014,28.14
111,3,2015,29.15
111,3,2016,30.25
111,3,2017,30.78
111,3,2018,31.41
111,3,2019,32.75
111,3,2020,34.47
111,3,2021,34.39
111,3,2022,33.83
111,3,2023,33.7
112,1,1980,22.72
112,1,1981,22.74
112,1,1982,22.7
112,1,1983,24.06
112,1,1984,23.48
112,1,1985,22.98
112,1,1986,23.74
112,1,1987,25.18
112,1,1988,24.63
112,1,1989,22.86
112,1,1990,22.08
112,1,1991,21.44
112,1,1992,20.81
112,1,1993,20.43
112,1,1994,20.45
112,1,1995,19.84
112,1,1996,19.02
112,1,1997,18.3
112,1,1998,17.91
112,1,1999,17.06
112,1,2000,16.81
112,1,2001,16.66
112,1,2002,15.97
112,1,2003,15.16
112,1,2004,15.03
112,1,2005,15.29
112,1,2006,14.37
112,1,2007,13.2
112,1,2008,12.78
112,1,2009,13.61
112,1,2010,13.34
112,1,2011,13.7
112,1,2012,12.84
112,1,2013,12.9
112,1,2014,13.07
112,1,2015,14.3
112,1,2016,14.57
112,1,2017,13.82
112,1,2018,12.91
112,1,2019,10.24
112,1,2020,9.13
112,1,2021,9.17
112,1,2022,9.17
112,1,2023,9.14
112,2,1980,6.07
112,2,1981,5.85
112,2,1982,5.89
112,2,1983,5.74
112,2,1984,5.74
112,2,1985,5.79
112,2,1986,5.9
112,2,1987,6.03
112,2,1988,5.9
112,2,1989,6.23
112,2,1990,5.66
112,2,1991,5.69
112,2,1992,5.42
112,2,1993,5.06
112,2,1994,5.02
112,2,1995,5.05
112,2,1996,4.72
112,2,1997,4.68
112,2,1998,4.4
112,2,1999,3.99
112,2,2000,3.77
112,2,2001,3.86
112,2,2002,3.83
112,2,2003,3.75
112,2,2004,3.5
112,2,2005,3.54
112,2,2006,3.24
112,2,2007,3.15
112,2,2008,3.06
112,2,2009,3.07
112,2,2010,3.33
112,2,2011,3.33
112,2,2012,3.17
112,2,2013,3.2
112,2,2014,3.38
112,2,2015,3.33
112,2,2016,3.33
112,2,2017,3.02
112,2,2018,2.84
112,2,2019,2.34
112,2,2020,2.23
112,2,2021,2.08
112,2,2022,1.93
112,2,2023,1.9
112,3,1980,13.56
112,3,1981,13.5
112,3,1982,13.55
112,3,1983,14.15
112,3,1984,13.93
112,3,1985,13.77
112,3,1986,14.24
112,3,1987,15.05
112,3,1988,14.77
112,3,1989,14.17
112,3,1990,13.5
112,3,1991,13.26
112,3,1992,12.84
112,3,1993,12.49
112,3,1994,12.49
112,3,1995,12.24
112,3,1996,11.7
112,3,1997,11.35
112,3,1998,11.04
112,3,1999,10.43
112,3,2000,10.22
112,3,2001,10.21
112,3,2002,9.87
112,3,2003,9.44
112,3,2004,9.26
112,3,2005,9.44
112,3,2006,8.84
112,3,2007,8.21
112,3,2008,7.95
112,3,2009,8.39
112,3,2010,8.39
112,3,2011,8.58
112,3,2012,8.07
112,3,2013,8.11
112,3,2014,8.3
112,3,2015,8.91
112,3,2016,9.04
112,3,2017,8.52
112,3,2018,7.97
112,3,2019,6.37
112,3,2020,5.75
112,3,2021,5.7
112,3,2022,5.64
112,3,2023,5.62
113,1,1980,36.31
113,1,1981,36.25
113,1,1982,36.21
113,1,1983,35.86
113,1,1984,35.07
113,1,1985,35.24
113,1,1986,33.97
113,1,1987,31.99
113,1,1988,32.07
113,1,1989,30.03
113,1,1990,29.31
113,1,1991,27.84
113,1,1992,26.84
113,1,1993,25.86
113,1,1994,26.51
113,1,1995,26.91
113,1,1996,28.64
113,1,1997,27.27
113,1,1998,26.23
113,1,1999,28.01
113,1,2000,25.11
113,1,2001,30.9
113,1,2002,32.16
113,1,2003,31.15
113,1,2004,31.3
113,1,2005,31.23
113,1,2006,31.04
113,1,2007,31.75
113,1,2008,30.02
113,1,2009,30.78
113,1,2010,28.55
113,1,2011,29.3
113,1,2012,28.86
113,1,2013,28.87
113,1,2014,30.22
113,1,2015,29.26
113,1,2016,28.32
113,1,2017,28.73
113,1,2018,26.69
113,1,2019,24.61
113,1,2020,28.45
113,1,2021,27.11
113,1,2022,26.62
113,1,2023,27.05
113,2,1980,7.62
113,2,1981,7.41
113,2,1982,7.05
113,2,1983,6.87
113,2,1984,6.75
113,2,1985,6.72
113,2,1986,6.58
113,2,1987,6.62
113,2,1988,6.79
113,2,1989,6.77
113,2,1990,6.64
113,2,1991,6.36
113,2,1992,6.36
113,2,1993,6.69
113,2,1994,6.59
113,2,1995,6.62
113,2,1996,6.87
113,2,1997,7
113,2,1998,6.67
113,2,1999,6.81
113,2,2000,6.64
113,2,2001,6.62
113,2,2002,6.8
113,2,2003,6.43
113,2,2004,6.49
113,2,2005,6.52
113,2,2006,6.07
113,2,2007,6.45
113,2,2008,5.77
113,2,2009,5.75
113,2,2010,5.61
113,2,2011,5.66
113,2,2012,4.81
113,2,2013,5
113,2,2014,5.62
113,2,2015,5.69
113,2,2016,5.49
113,2,2017,4.95
113,2,2018,4.71
113,2,2019,4.08
113,2,2020,4.49
113,2,2021,4.41
113,2,2022,4.15
113,2,2023,3.96
113,3,1980,21.68
113,3,1981,21.56
113,3,1982,21.36
113,3,1983,21.1
113,3,1984,20.66
113,3,1985,20.72
113,3,1986,20.02
113,3,1987,19.07
113,3,1988,19.18
113,3,1989,18.17
113,3,1990,17.75
113,3,1991,16.88
113,3,1992,16.38
113,3,1993,16.07
113,3,1994,16.34
113,3,1995,16.57
113,3,1996,17.55
113,3,1997,16.95
113,3,1998,16.29
113,3,1999,17.25
113,3,2000,15.74
113,3,2001,18.62
113,3,2002,19.33
113,3,2003,18.66
113,3,2004,18.76
113,3,2005,18.75
113,3,2006,18.43
113,3,2007,18.98
113,3,2008,17.77
113,3,2009,18.12
113,3,2010,16.93
113,3,2011,17.31
113,3,2012,16.64
113,3,2013,16.73
113,3,2014,17.7
113,3,2015,17.25
113,3,2016,16.67
113,3,2017,16.59
113,3,2018,15.46
113,3,2019,14.16
113,3,2020,16.26
113,3,2021,15.54
113,3,2022,15.17
113,3,2023,15.27
114,1,1980,54.01
114,1,1981,54.4
114,1,1982,54.71
114,1,1983,55.3
114,1,1984,54.82
114,1,1985,59.33
114,1,1986,59.84
114,1,1987,59.87
114,1,1988,59.8
114,1,1989,58.25
114,1,1990,59.56
114,1,1991,56.28
114,1,1992,56.53
114,1,1993,55.51
114,1,1994,53.1
114,1,1995,52.99
114,1,1996,52.31
114,1,1997,52.93
114,1,1998,49.41
114,1,1999,50.47
114,1,2000,49.9
114,1,2001,50.51
114,1,2002,50.01
114,1,2003,49.85
114,1,2004,50.97
114,1,2005,51.05
114,1,2006,51.22
114,1,2007,52.3
114,1,2008,52.82
114,1,2009,53.01
114,1,2010,52.69
114,1,2011,54.61
114,1,2012,55.69
114,1,2013,55.71
114,1,2014,55.25
114,1,2015,54.96
114,1,2016,55.54
114,1,2017,55.37
114,1,2018,55.75
114,1,2019,55.88
114,1,2020,55.19
114,1,2021,58.25
114,1,2022,59.05
114,1,2023,60.85
114,2,1980,32.56
114,2,1981,31.91
114,2,1982,31.15
114,2,1983,31.16
114,2,1984,29.9
114,2,1985,32.75
114,2,1986,32.22
114,2,1987,31.43
114,2,1988,30.48
114,2,1989,28.37
114,2,1990,28.75
114,2,1991,25.94
114,2,1992,26.02
114,2,1993,25.02
114,2,1994,23.34
114,2,1995,23.26
114,2,1996,22.37
114,2,1997,22.61
114,2,1998,19.78
114,2,1999,19.95
114,2,2000,19.09
114,2,2001,18.83
114,2,2002,17.94
114,2,2003,17.34
114,2,2004,17.21
114,2,2005,16.48
114,2,2006,16.15
114,2,2007,16.32
114,2,2008,16.11
114,2,2009,15.79
114,2,2010,15.26
114,2,2011,15.96
114,2,2012,16.37
114,2,2013,16.67
114,2,2014,16.96
114,2,2015,17.09
114,2,2016,17.51
114,2,2017,18.03
114,2,2018,18.85
114,2,2019,19.48
114,2,2020,19.54
114,2,2021,21.27
114,2,2022,21.48
114,2,2023,22.85
114,3,1980,42.71
114,3,1981,42.57
114,3,1982,42.33
114,3,1983,42.62
114,3,1984,41.74
114,3,1985,45.37
114,3,1986,45.33
114,3,1987,44.92
114,3,1988,44.39
114,3,1989,42.55
114,3,1990,43.37
114,3,1991,40.34
114,3,1992,40.5
114,3,1993,39.49
114,3,1994,37.46
114,3,1995,37.37
114,3,1996,36.57
114,3,1997,37
114,3,1998,33.84
114,3,1999,34.43
114,3,2000,33.69
114,3,2001,33.84
114,3,2002,33.13
114,3,2003,32.73
114,3,2004,33.18
114,3,2005,32.83
114,3,2006,32.73
114,3,2007,33.33
114,3,2008,33.46
114,3,2009,33.38
114,3,2010,32.98
114,3,2011,34.29
114,3,2012,35.01
114,3,2013,35.18
114,3,2014,35.12
114,3,2015,35.05
114,3,2016,35.55
114,3,2017,35.75
114,3,2018,36.38
114,3,2019,36.78
114,3,2020,36.49
114,3,2021,38.86
114,3,2022,39.38
114,3,2023,40.97
115,1,1980,6.58
115,1,1981,5.91
115,1,1982,6.14
115,1,1983,7.65
115,1,1984,7.34
115,1,1985,7.16
115,1,1986,6.75
115,1,1987,7.03
115,1,1988,6.15
115,1,1989,5.7
115,1,1990,5.33
115,1,1991,5.05
115,1,1992,4.93
115,1,1993,5.13
115,1,1994,5.32
115,1,1995,5.81
115,1,1996,7.15
115,1,1997,7.77
115,1,1998,7.99
115,1,1999,7.72
115,1,2000,7.67
115,1,2001,7.06
115,1,2002,6.32
115,1,2003,5.76
115,1,2004,5.61
115,1,2005,6.96
115,1,2006,5.8
115,1,2007,6.01
115,1,2008,7.53
115,1,2009,6.86
115,1,2010,6.64
115,1,2011,7.03
115,1,2012,6.36
115,1,2013,6.53
115,1,2014,7.47
115,1,2015,8.97
115,1,2016,10.7
115,1,2017,11.46
115,1,2018,12.47
115,1,2019,12.24
115,1,2020,12.16
115,1,2021,11.96
115,1,2022,10.72
115,1,2023,9.3
115,2,1980,3.09
115,2,1981,2.64
115,2,1982,2.57
115,2,1983,2.93
115,2,1984,2.91
115,2,1985,2.95
115,2,1986,2.85
115,2,1987,2.89
115,2,1988,2.58
115,2,1989,2.46
115,2,1990,2.2
115,2,1991,2.18
115,2,1992,2.14
115,2,1993,2.14
115,2,1994,2.14
115,2,1995,2.22
115,2,1996,2.53
115,2,1997,2.65
115,2,1998,2.67
115,2,1999,2.66
115,2,2000,2.63
115,2,2001,2.53
115,2,2002,2.35
115,2,2003,2.12
115,2,2004,2.03
115,2,2005,2.22
115,2,2006,1.92
115,2,2007,1.95
115,2,2008,2.09
115,2,2009,2.07
115,2,2010,2.02
115,2,2011,2.19
115,2,2012,1.96
115,2,2013,2.05
115,2,2014,2.12
115,2,2015,2.17
115,2,2016,2.23
115,2,2017,2.19
115,2,2018,2.19
115,2,2019,2.11
115,2,2020,2.09
115,2,2021,2.13
115,2,2022,1.94
115,2,2023,1.88
115,3,1980,4.73
115,3,1981,4.19
115,3,1982,4.26
115,3,1983,5.19
115,3,1984,5.02
115,3,1985,4.96
115,3,1986,4.71
115,3,1987,4.87
115,3,1988,4.28
115,3,1989,4
115,3,1990,3.69
115,3,1991,3.55
115,3,1992,3.47
115,3,1993,3.57
115,3,1994,3.67
115,3,1995,3.95
115,3,1996,4.77
115,3,1997,5.13
115,3,1998,5.25
115,3,1999,5.12
115,3,2000,5.08
115,3,2001,4.73
115,3,2002,4.28
115,3,2003,3.89
115,3,2004,3.77
115,3,2005,4.53
115,3,2006,3.81
115,3,2007,3.93
115,3,2008,4.74
115,3,2009,4.41
115,3,2010,4.28
115,3,2011,4.56
115,3,2012,4.11
115,3,2013,4.24
115,3,2014,4.74
115,3,2015,5.5
115,3,2016,6.39
115,3,2017,6.75
115,3,2018,7.25
115,3,2019,7.11
115,3,2020,7.06
115,3,2021,6.98
115,3,2022,6.27
115,3,2023,5.54
116,1,1980,39.6
116,1,1981,37.77
116,1,1982,38.09
116,1,1983,38.3
116,1,1984,39.13
116,1,1985,39.74
116,1,1986,39.88
116,1,1987,38.79
116,1,1988,37.8
116,1,1989,36.78
116,1,1990,35.13
116,1,1991,34.28
116,1,1992,33.66
116,1,1993,33.16
116,1,1994,33.16
116,1,1995,32.62
116,1,1996,32.54
116,1,1997,31.48
116,1,1998,29.81
116,1,1999,27.8
116,1,2000,27.5
116,1,2001,26.85
116,1,2002,26.49
116,1,2003,24.58
116,1,2004,23.05
116,1,2005,22.08
116,1,2006,21.19
116,1,2007,19.81
116,1,2008,18.89
116,1,2009,20.55
116,1,2010,20.61
116,1,2011,21.48
116,1,2012,20.75
116,1,2013,22.04
116,1,2014,21.83
116,1,2015,22.67
116,1,2016,22.97
116,1,2017,21.46
116,1,2018,22.17
116,1,2019,17.42
116,1,2020,16.54
116,1,2021,18.47
116,1,2022,16.14
116,1,2023,15.56
116,2,1980,13.09
116,2,1981,11.39
116,2,1982,10.99
116,2,1983,10.61
116,2,1984,10.59
116,2,1985,10.6
116,2,1986,10.35
116,2,1987,10.36
116,2,1988,10.26
116,2,1989,10.31
116,2,1990,9.58
116,2,1991,9.23
116,2,1992,9.02
116,2,1993,8.83
116,2,1994,8.8
116,2,1995,8.89
116,2,1996,8.57
116,2,1997,8.4
116,2,1998,7.91
116,2,1999,7.57
116,2,2000,7.23
116,2,2001,6.69
116,2,2002,6.74
116,2,2003,6.37
116,2,2004,6.3
116,2,2005,6.04
116,2,2006,5.4
116,2,2007,5.04
116,2,2008,4.82
116,2,2009,5.17
116,2,2010,5.18
116,2,2011,5.26
116,2,2012,4.8
116,2,2013,5.01
116,2,2014,5.2
116,2,2015,5.1
116,2,2016,4.93
116,2,2017,4.63
116,2,2018,4.25
116,2,2019,3.34
116,2,2020,2.97
116,2,2021,3.07
116,2,2022,2.86
116,2,2023,2.85
116,3,1980,25.14
116,3,1981,23.49
116,3,1982,23.48
116,3,1983,23.43
116,3,1984,23.85
116,3,1985,24.18
116,3,1986,24.16
116,3,1987,23.71
116,3,1988,23.25
116,3,1989,22.83
116,3,1990,21.71
116,3,1991,21.16
116,3,1992,20.77
116,3,1993,20.46
116,3,1994,20.48
116,3,1995,20.3
116,3,1996,20.12
116,3,1997,19.54
116,3,1998,18.5
116,3,1999,17.36
116,3,2000,17.07
116,3,2001,16.49
116,3,2002,16.35
116,3,2003,15.24
116,3,2004,14.46
116,3,2005,13.86
116,3,2006,13.1
116,3,2007,12.26
116,3,2008,11.7
116,3,2009,12.71
116,3,2010,12.76
116,3,2011,13.24
116,3,2012,12.65
116,3,2013,13.41
116,3,2014,13.43
116,3,2015,13.8
116,3,2016,13.87
116,3,2017,12.98
116,3,2018,13.16
116,3,2019,10.35
116,3,2020,9.74
116,3,2021,10.76
116,3,2022,9.5
116,3,2023,9.21
117,1,1980,16.77
117,1,1981,16.78
117,1,1982,16.68
117,1,1983,16.7
117,1,1984,16.3
117,1,1985,16.42
117,1,1986,16.57
117,1,1987,16.78
117,1,1988,16.45
117,1,1989,16.17
117,1,1990,16.26
117,1,1991,16.35
117,1,1992,16.78
117,1,1993,16.38
117,1,1994,16.59
117,1,1995,16.67
117,1,1996,16.42
117,1,1997,16.18
117,1,1998,15.58
117,1,1999,15.28
117,1,2000,14.97
117,1,2001,14.32
117,1,2002,14.19
117,1,2003,13.71
117,1,2004,13.26
117,1,2005,12.87
117,1,2006,12.58
117,1,2007,11.82
117,1,2008,11.58
117,1,2009,11.95
117,1,2010,11.8
117,1,2011,12.29
117,1,2012,12.52
117,1,2013,12.06
117,1,2014,12.9
117,1,2015,13.53
117,1,2016,13.85
117,1,2017,13.17
117,1,2018,12.69
117,1,2019,9.84
117,1,2020,8.12
117,1,2021,7.82
117,1,2022,7.62
117,1,2023,7.5
117,2,1980,5.15
117,2,1981,5.11
117,2,1982,4.87
117,2,1983,4.57
117,2,1984,4.43
117,2,1985,4.44
117,2,1986,4.45
117,2,1987,4.37
117,2,1988,4.31
117,2,1989,4.26
117,2,1990,4.18
117,2,1991,4.27
117,2,1992,4.51
117,2,1993,5.04
117,2,1994,5.12
117,2,1995,4.77
117,2,1996,4.53
117,2,1997,4.61
117,2,1998,4.39
117,2,1999,4.2
117,2,2000,4.03
117,2,2001,3.84
117,2,2002,3.75
117,2,2003,3.57
117,2,2004,3.53
117,2,2005,3.51
117,2,2006,3.12
117,2,2007,3.02
117,2,2008,2.92
117,2,2009,2.93
117,2,2010,3.13
117,2,2011,3.26
117,2,2012,3.15
117,2,2013,3.29
117,2,2014,3.28
117,2,2015,3.38
117,2,2016,3.17
117,2,2017,2.94
117,2,2018,2.69
117,2,2019,2.16
117,2,2020,1.98
117,2,2021,1.78
117,2,2022,1.71
117,2,2023,1.71
117,3,1980,10.37
117,3,1981,10.39
117,3,1982,10.26
117,3,1983,10.16
117,3,1984,9.95
117,3,1985,10.06
117,3,1986,10.19
117,3,1987,10.27
117,3,1988,10.12
117,3,1989,10.01
117,3,1990,10.04
117,3,1991,10.17
117,3,1992,10.53
117,3,1993,10.63
117,3,1994,10.79
117,3,1995,10.67
117,3,1996,10.45
117,3,1997,10.38
117,3,1998,9.98
117,3,1999,9.75
117,3,2000,9.52
117,3,2001,9.1
117,3,2002,9
117,3,2003,8.68
117,3,2004,8.44
117,3,2005,8.24
117,3,2006,7.91
117,3,2007,7.48
117,3,2008,7.31
117,3,2009,7.52
117,3,2010,7.54
117,3,2011,7.86
117,3,2012,7.93
117,3,2013,7.77
117,3,2014,8.19
117,3,2015,8.58
117,3,2016,8.63
117,3,2017,8.18
117,3,2018,7.81
117,3,2019,6.09
117,3,2020,5.12
117,3,2021,4.87
117,3,2022,4.72
117,3,2023,4.66
118,1,1980,32.3
118,1,1981,32.5
118,1,1982,32.77
118,1,1983,32.76
118,1,1984,32.63
118,1,1985,33.61
118,1,1986,35.42
118,1,1987,36.86
118,1,1988,37.02
118,1,1989,35.6
118,1,1990,36.35
118,1,1991,36.1
118,1,1992,35.57
118,1,1993,33.07
118,1,1994,33.44
118,1,1995,35.82
118,1,1996,35.48
118,1,1997,34.01
118,1,1998,32.09
118,1,1999,30.99
118,1,2000,28.69
118,1,2001,28.2
118,1,2002,29.13
118,1,2003,28.84
118,1,2004,29.05
118,1,2005,29.73
118,1,2006,30.49
118,1,2007,30.25
118,1,2008,30.15
118,1,2009,29.94
118,1,2010,29.56
118,1,2011,29.6
118,1,2012,29.58
118,1,2013,29.96
118,1,2014,29.8
118,1,2015,28.45
118,1,2016,27.93
118,1,2017,27.71
118,1,2018,27.32
118,1,2019,26.6
118,1,2020,25.59
118,1,2021,25.98
118,1,2022,24.26
118,1,2023,25.08
118,2,1980,9.98
118,2,1981,9.63
118,2,1982,9.42
118,2,1983,9.29
118,2,1984,9.13
118,2,1985,8.99
118,2,1986,9.02
118,2,1987,9.06
118,2,1988,9.05
118,2,1989,8.99
118,2,1990,9.14
118,2,1991,9.27
118,2,1992,9.2
118,2,1993,8.98
118,2,1994,9.08
118,2,1995,9.22
118,2,1996,9.36
118,2,1997,9.42
118,2,1998,9.29
118,2,1999,9.07
118,2,2000,8.04
118,2,2001,7.57
118,2,2002,7.82
118,2,2003,7.86
118,2,2004,7.8
118,2,2005,7.7
118,2,2006,7.68
118,2,2007,7.61
118,2,2008,7.59
118,2,2009,7.68
118,2,2010,7.79
118,2,2011,7.91
118,2,2012,7.9
118,2,2013,7.85
118,2,2014,7.87
118,2,2015,7.71
118,2,2016,7.69
118,2,2017,7.58
118,2,2018,7.56
118,2,2019,7.52
118,2,2020,7.66
118,2,2021,8.31
118,2,2022,7.87
118,2,2023,8.31
118,3,1980,20.91
118,3,1981,20.79
118,3,1982,20.86
118,3,1983,20.83
118,3,1984,20.7
118,3,1985,21.15
118,3,1986,22.09
118,3,1987,22.84
118,3,1988,22.93
118,3,1989,22.21
118,3,1990,22.67
118,3,1991,22.63
118,3,1992,22.31
118,3,1993,20.94
118,3,1994,21.16
118,3,1995,22.44
118,3,1996,22.34
118,3,1997,21.64
118,3,1998,20.62
118,3,1999,19.96
118,3,2000,18.3
118,3,2001,17.82
118,3,2002,18.42
118,3,2003,18.29
118,3,2004,18.37
118,3,2005,18.64
118,3,2006,19.01
118,3,2007,18.82
118,3,2008,18.74
118,3,2009,18.66
118,3,2010,18.51
118,3,2011,18.58
118,3,2012,18.54
118,3,2013,18.71
118,3,2014,18.62
118,3,2015,17.86
118,3,2016,17.58
118,3,2017,17.41
118,3,2018,17.19
118,3,2019,16.81
118,3,2020,16.38
118,3,2021,16.87
118,3,2022,15.82
118,3,2023,16.45
119,1,1980,39.49
119,1,1981,37.31
119,1,1982,38.06
119,1,1983,36.58
119,1,1984,36.61
119,1,1985,36.88
119,1,1986,36.03
119,1,1987,33.39
119,1,1988,30.15
119,1,1989,28.54
119,1,1990,26.89
119,1,1991,25.88
119,1,1992,25.5
119,1,1993,26.28
119,1,1994,25.75
119,1,1995,24.8
119,1,1996,25.55
119,1,1997,25.07
119,1,1998,25.09
119,1,1999,26.03
119,1,2000,25.18
119,1,2001,24.93
119,1,2002,25.58
119,1,2003,25.61
119,1,2004,25.11
119,1,2005,24.27
119,1,2006,24.96
119,1,2007,24.18
119,1,2008,23.63
119,1,2009,23.65
119,1,2010,22.5
119,1,2011,21.53
119,1,2012,21.2
119,1,2013,20.33
119,1,2014,19.84
119,1,2015,19.58
119,1,2016,18.56
119,1,2017,18.58
119,1,2018,18.84
119,1,2019,18.83
119,1,2020,19.67
119,1,2021,20.78
119,1,2022,19.12
119,1,2023,18.14
119,2,1980,10.84
119,2,1981,9.76
119,2,1982,9.88
119,2,1983,10.1
119,2,1984,9.85
119,2,1985,9.71
119,2,1986,9.57
119,2,1987,9.18
119,2,1988,8.87
119,2,1989,9.04
119,2,1990,9.06
119,2,1991,9.03
119,2,1992,8.9
119,2,1993,8.94
119,2,1994,8.85
119,2,1995,8.99
119,2,1996,9.08
119,2,1997,9.05
119,2,1998,8.6
119,2,1999,8.55
119,2,2000,8.25
119,2,2001,7.73
119,2,2002,7.43
119,2,2003,7.34
119,2,2004,6.96
119,2,2005,6.95
119,2,2006,6.5
119,2,2007,6.49
119,2,2008,6.26
119,2,2009,5.97
119,2,2010,6.02
119,2,2011,5.69
119,2,2012,4.97
119,2,2013,4.83
119,2,2014,4.72
119,2,2015,4.57
119,2,2016,4.39
119,2,2017,4.34
119,2,2018,4.42
119,2,2019,4.35
119,2,2020,4.37
119,2,2021,4.4
119,2,2022,4.13
119,2,2023,4.16
119,3,1980,24.9
119,3,1981,23.25
119,3,1982,23.67
119,3,1983,23.08
119,3,1984,22.99
119,3,1985,23.04
119,3,1986,22.56
119,3,1987,21.05
119,3,1988,19.29
119,3,1989,18.58
119,3,1990,17.78
119,3,1991,17.25
119,3,1992,17.02
119,3,1993,17.45
119,3,1994,17.14
119,3,1995,16.75
119,3,1996,17.17
119,3,1997,16.93
119,3,1998,16.73
119,3,1999,17.21
119,3,2000,16.65
119,3,2001,16.27
119,3,2002,16.44
119,3,2003,16.41
119,3,2004,15.99
119,3,2005,15.57
119,3,2006,15.7
119,3,2007,15.32
119,3,2008,14.93
119,3,2009,14.78
119,3,2010,14.23
119,3,2011,13.56
119,3,2012,13.05
119,3,2013,12.54
119,3,2014,12.24
119,3,2015,12.04
119,3,2016,11.44
119,3,2017,11.43
119,3,2018,11.59
119,3,2019,11.55
119,3,2020,11.98
119,3,2021,12.53
119,3,2022,11.55
119,3,2023,11.08
121,1,1980,62.61
121,1,1981,61.53
121,1,1982,60.24
121,1,1983,58.2
121,1,1984,57.36
121,1,1985,56.07
121,1,1986,55.3
121,1,1987,54.62
121,1,1988,53.86
121,1,1989,53.96
121,1,1990,53.81
121,1,1991,53.88
121,1,1992,54.18
121,1,1993,54.25
121,1,1994,54.36
121,1,1995,54.24
121,1,1996,54.43
121,1,1997,53.88
121,1,1998,53.45
121,1,1999,53.09
121,1,2000,52.71
121,1,2001,52.24
121,1,2002,51.82
121,1,2003,51.34
121,1,2004,51.31
121,1,2005,51.28
121,1,2006,51.54
121,1,2007,51.59
121,1,2008,51.68
121,1,2009,51.89
121,1,2010,52.2
121,1,2011,52.66
121,1,2012,52.45
121,1,2013,50.74
121,1,2014,51.21
121,1,2015,51.71
121,1,2016,52.54
121,1,2017,53.03
121,1,2018,51.28
121,1,2019,51.45
121,1,2020,66.56
121,1,2021,60.8
121,1,2022,48.19
121,1,2023,45.9
121,2,1980,23.17
121,2,1981,22.27
121,2,1982,21.15
121,2,1983,20.12
121,2,1984,19.37
121,2,1985,18.79
121,2,1986,18.38
121,2,1987,17.95
121,2,1988,17.68
121,2,1989,17.55
121,2,1990,17.42
121,2,1991,17.33
121,2,1992,17.26
121,2,1993,17.26
121,2,1994,17.25
121,2,1995,17.34
121,2,1996,17.41
121,2,1997,17.22
121,2,1998,17.19
121,2,1999,17.07
121,2,2000,17.05
121,2,2001,17.06
121,2,2002,17.01
121,2,2003,16.98
121,2,2004,17.09
121,2,2005,17.04
121,2,2006,17.15
121,2,2007,17.02
121,2,2008,16.93
121,2,2009,17.03
121,2,2010,17.19
121,2,2011,17.48
121,2,2012,17.63
121,2,2013,17.8
121,2,2014,18.02
121,2,2015,18.41
121,2,2016,18.92
121,2,2017,19.19
121,2,2018,17.66
121,2,2019,17.88
121,2,2020,17.55
121,2,2021,16.86
121,2,2022,16.11
121,2,2023,15.69
121,3,1980,42.04
121,3,1981,41.06
121,3,1982,39.86
121,3,1983,38.35
121,3,1984,37.55
121,3,1985,36.63
121,3,1986,36.04
121,3,1987,35.49
121,3,1988,34.98
121,3,1989,34.96
121,3,1990,34.81
121,3,1991,34.8
121,3,1992,34.91
121,3,1993,34.95
121,3,1994,35.01
121,3,1995,35.01
121,3,1996,35.15
121,3,1997,34.8
121,3,1998,34.6
121,3,1999,34.38
121,3,2000,34.21
121,3,2001,34
121,3,2002,33.78
121,3,2003,33.55
121,3,2004,33.61
121,3,2005,33.58
121,3,2006,33.77
121,3,2007,33.74
121,3,2008,33.74
121,3,2009,33.9
121,3,2010,34.14
121,3,2011,34.51
121,3,2012,34.48
121,3,2013,33.74
121,3,2014,34.08
121,3,2015,34.52
121,3,2016,35.18
121,3,2017,35.54
121,3,2018,33.9
121,3,2019,34.08
121,3,2020,41.06
121,3,2021,37.75
121,3,2022,31.24
121,3,2023,29.9
122,1,1980,62.26
122,1,1981,60.16
122,1,1982,57.14
122,1,1983,50.76
122,1,1984,48.75
122,1,1985,47.13
122,1,1986,46.36
122,1,1987,45.42
122,1,1988,48.37
122,1,1989,48.8
122,1,1990,50.25
122,1,1991,51.88
122,1,1992,52.02
122,1,1993,51.31
122,1,1994,49.43
122,1,1995,48.3
122,1,1996,48.42
122,1,1997,49.8
122,1,1998,48.57
122,1,1999,46.79
122,1,2000,48.49
122,1,2001,47.12
122,1,2002,46.71
122,1,2003,46.72
122,1,2004,44.49
122,1,2005,47.49
122,1,2006,49.08
122,1,2007,49.9
122,1,2008,50.08
122,1,2009,51.77
122,1,2010,50.77
122,1,2011,49.07
122,1,2012,45.08
122,1,2013,42.66
122,1,2014,41.17
122,1,2015,38.37
122,1,2016,35.59
122,1,2017,35.34
122,1,2018,35
122,1,2019,34.19
122,1,2020,33.39
122,1,2021,36.43
122,1,2022,40.78
122,1,2023,42.29
122,2,1980,17.91
122,2,1981,17.03
122,2,1982,15.93
122,2,1983,15.23
122,2,1984,14.93
122,2,1985,14.25
122,2,1986,13.56
122,2,1987,13.21
122,2,1988,13.43
122,2,1989,13.57
122,2,1990,14.32
122,2,1991,14.35
122,2,1992,14.74
122,2,1993,14.8
122,2,1994,14.34
122,2,1995,13.71
122,2,1996,13.84
122,2,1997,14.08
122,2,1998,13.92
122,2,1999,12.88
122,2,2000,13.58
122,2,2001,13.84
122,2,2002,13.61
122,2,2003,13.54
122,2,2004,12.94
122,2,2005,13.22
122,2,2006,13.11
122,2,2007,13.13
122,2,2008,13.12
122,2,2009,13.22
122,2,2010,12.94
122,2,2011,12.53
122,2,2012,12.23
122,2,2013,11.77
122,2,2014,11.3
122,2,2015,10.24
122,2,2016,9.37
122,2,2017,9.05
122,2,2018,8.6
122,2,2019,8.35
122,2,2020,7.46
122,2,2021,8.09
122,2,2022,8.51
122,2,2023,9.25
122,3,1980,39.89
122,3,1981,38.39
122,3,1982,36.31
122,3,1983,32.78
122,3,1984,31.61
122,3,1985,30.44
122,3,1986,29.71
122,3,1987,29.05
122,3,1988,30.62
122,3,1989,30.89
122,3,1990,31.97
122,3,1991,32.78
122,3,1992,33.03
122,3,1993,32.72
122,3,1994,31.55
122,3,1995,30.67
122,3,1996,30.78
122,3,1997,31.55
122,3,1998,30.87
122,3,1999,29.46
122,3,2000,30.64
122,3,2001,30.09
122,3,2002,29.77
122,3,2003,29.74
122,3,2004,28.35
122,3,2005,29.96
122,3,2006,30.68
122,3,2007,31.09
122,3,2008,31.17
122,3,2009,32.05
122,3,2010,31.4
122,3,2011,30.36
122,3,2012,28.25
122,3,2013,26.83
122,3,2014,25.83
122,3,2015,23.9
122,3,2016,22.07
122,3,2017,21.76
122,3,2018,21.33
122,3,2019,20.79
122,3,2020,19.94
122,3,2021,21.7
122,3,2022,23.98
122,3,2023,25.06
123,1,1980,22.64
123,1,1981,22.77
123,1,1982,23.61
123,1,1983,23.58
123,1,1984,25.18
123,1,1985,24.96
123,1,1986,24.92
123,1,1987,24.49
123,1,1988,23.04
123,1,1989,22.19
123,1,1990,20.39
123,1,1991,21.88
123,1,1992,22.69
123,1,1993,23.83
123,1,1994,25.35
123,1,1995,26.15
123,1,1996,27.58
123,1,1997,27.16
123,1,1998,26.07
123,1,1999,25.26
123,1,2000,23.06
123,1,2001,21.86
123,1,2002,21.23
123,1,2003,21.39
123,1,2004,21.53
123,1,2005,21.41
123,1,2006,21.23
123,1,2007,21.87
123,1,2008,22.71
123,1,2009,23.16
123,1,2010,23.45
123,1,2011,23.3
123,1,2012,22.52
123,1,2013,21.85
123,1,2014,20.89
123,1,2015,20.01
123,1,2016,19.95
123,1,2017,20.35
123,1,2018,20.86
123,1,2019,21.6
123,1,2020,21.86
123,1,2021,25.25
123,1,2022,24.51
123,1,2023,25.49
123,2,1980,8.42
123,2,1981,7.97
123,2,1982,8.3
123,2,1983,8.63
123,2,1984,8.84
123,2,1985,8.69
123,2,1986,8.63
123,2,1987,8.38
123,2,1988,7.88
123,2,1989,7.58
123,2,1990,7.34
123,2,1991,7.48
123,2,1992,7.58
123,2,1993,8.06
123,2,1994,8.5
123,2,1995,8.88
123,2,1996,9.39
123,2,1997,9.18
123,2,1998,8.99
123,2,1999,8.7
123,2,2000,8.14
123,2,2001,7.83
123,2,2002,7.58
123,2,2003,7.63
123,2,2004,7.69
123,2,2005,7.64
123,2,2006,7.6
123,2,2007,7.77
123,2,2008,7.9
123,2,2009,7.84
123,2,2010,7.77
123,2,2011,7.73
123,2,2012,7.6
123,2,2013,7.43
123,2,2014,7.2
123,2,2015,7.03
123,2,2016,7.04
123,2,2017,7.22
123,2,2018,7.27
123,2,2019,7.33
123,2,2020,7
123,2,2021,8.39
123,2,2022,7.9
123,2,2023,8.83
123,3,1980,15.42
123,3,1981,15.25
123,3,1982,15.83
123,3,1983,15.97
123,3,1984,16.86
123,3,1985,16.67
123,3,1986,16.63
123,3,1987,16.28
123,3,1988,15.31
123,3,1989,14.74
123,3,1990,13.73
123,3,1991,14.54
123,3,1992,14.99
123,3,1993,15.79
123,3,1994,16.77
123,3,1995,17.35
123,3,1996,18.31
123,3,1997,18
123,3,1998,17.37
123,3,1999,16.82
123,3,2000,15.46
123,3,2001,14.72
123,3,2002,14.28
123,3,2003,14.38
123,3,2004,14.49
123,3,2005,14.41
123,3,2006,14.31
123,3,2007,14.72
123,3,2008,15.21
123,3,2009,15.4
123,3,2010,15.52
123,3,2011,15.43
123,3,2012,14.99
123,3,2013,14.58
123,3,2014,13.99
123,3,2015,13.48
123,3,2016,13.45
123,3,2017,13.74
123,3,2018,14.02
123,3,2019,14.43
123,3,2020,14.38
123,3,2021,16.76
123,3,2022,16.16
123,3,2023,17.1
125,1,1980,44.4
125,1,1981,42.62
125,1,1982,42.14
125,1,1983,41.68
125,1,1984,41.05
125,1,1985,38.18
125,1,1986,36.86
125,1,1987,35.96
125,1,1988,35.61
125,1,1989,34.61
125,1,1990,36.31
125,1,1991,36.06
125,1,1992,37.83
125,1,1993,39.44
125,1,1994,40.07
125,1,1995,41.14
125,1,1996,38.92
125,1,1997,36.59
125,1,1998,35.61
125,1,1999,33
125,1,2000,30.53
125,1,2001,28.63
125,1,2002,27.19
125,1,2003,27.07
125,1,2004,26.68
125,1,2005,26.14
125,1,2006,25.96
125,1,2007,26.44
125,1,2008,26.26
125,1,2009,25.61
125,1,2010,24.12
125,1,2011,23.98
125,1,2012,24.16
125,1,2013,24.39
125,1,2014,24.96
125,1,2015,25.47
125,1,2016,25.88
125,1,2017,25.44
125,1,2018,24.48
125,1,2019,23.55
125,1,2020,22.05
125,1,2021,25.11
125,1,2022,28.06
125,1,2023,26.36
125,2,1980,14.18
125,2,1981,13.3
125,2,1982,12.62
125,2,1983,12.57
125,2,1984,12.47
125,2,1985,11.84
125,2,1986,11.35
125,2,1987,10.93
125,2,1988,10.91
125,2,1989,10.87
125,2,1990,11.09
125,2,1991,11.03
125,2,1992,11.08
125,2,1993,11.44
125,2,1994,11.36
125,2,1995,11.53
125,2,1996,11
125,2,1997,10.46
125,2,1998,10.06
125,2,1999,9.67
125,2,2000,8.82
125,2,2001,8.25
125,2,2002,7.86
125,2,2003,7.68
125,2,2004,7.4
125,2,2005,6.97
125,2,2006,6.83
125,2,2007,6.6
125,2,2008,6.56
125,2,2009,6.2
125,2,2010,5.78
125,2,2011,5.7
125,2,2012,5.63
125,2,2013,5.62
125,2,2014,5.74
125,2,2015,5.75
125,2,2016,5.69
125,2,2017,5.55
125,2,2018,5.35
125,2,2019,5.03
125,2,2020,4.66
125,2,2021,5.24
125,2,2022,5.98
125,2,2023,5.67
125,3,1980,28.84
125,3,1981,27.55
125,3,1982,26.97
125,3,1983,26.73
125,3,1984,26.37
125,3,1985,24.66
125,3,1986,23.77
125,3,1987,23.11
125,3,1988,22.93
125,3,1989,22.41
125,3,1990,23.33
125,3,1991,23.16
125,3,1992,24.03
125,3,1993,24.97
125,3,1994,25.21
125,3,1995,25.8
125,3,1996,24.44
125,3,1997,23.01
125,3,1998,22.31
125,3,1999,20.84
125,3,2000,19.2
125,3,2001,17.99
125,3,2002,17.08
125,3,2003,16.93
125,3,2004,16.6
125,3,2005,16.12
125,3,2006,15.95
125,3,2007,16.06
125,3,2008,15.97
125,3,2009,15.47
125,3,2010,14.54
125,3,2011,14.44
125,3,2012,14.49
125,3,2013,14.59
125,3,2014,14.93
125,3,2015,15.19
125,3,2016,15.37
125,3,2017,15.09
125,3,2018,14.52
125,3,2019,13.93
125,3,2020,13.03
125,3,2021,14.82
125,3,2022,16.65
125,3,2023,15.67
126,1,1980,42.89
126,1,1981,39.16
126,1,1982,36.17
126,1,1983,32.05
126,1,1984,33.47
126,1,1985,33.94
126,1,1986,33.32
126,1,1987,33.1
126,1,1988,32.35
126,1,1989,32.68
126,1,1990,34.07
126,1,1991,33.58
126,1,1992,33.8
126,1,1993,34.53
126,1,1994,35.47
126,1,1995,33.39
126,1,1996,31.97
126,1,1997,32.56
126,1,1998,32.13
126,1,1999,32.29
126,1,2000,32.95
126,1,2001,31.89
126,1,2002,31.21
126,1,2003,29.16
126,1,2004,28.28
126,1,2005,28.51
126,1,2006,28.16
126,1,2007,28.05
126,1,2008,27.37
126,1,2009,25.81
126,1,2010,24.14
126,1,2011,23.92
126,1,2012,25.16
126,1,2013,25.26
126,1,2014,26.29
126,1,2015,27.34
126,1,2016,28.27
126,1,2017,28.44
126,1,2018,26.87
126,1,2019,25.44
126,1,2020,23.13
126,1,2021,24.63
126,1,2022,27.46
126,1,2023,28.47
126,2,1980,10.39
126,2,1981,9.39
126,2,1982,8.65
126,2,1983,8.16
126,2,1984,8.06
126,2,1985,7.93
126,2,1986,7.87
126,2,1987,7.72
126,2,1988,7.82
126,2,1989,7.77
126,2,1990,7.96
126,2,1991,7.9
126,2,1992,7.88
126,2,1993,7.71
126,2,1994,8.01
126,2,1995,7.73
126,2,1996,7.2
126,2,1997,7.56
126,2,1998,7.75
126,2,1999,7.6
126,2,2000,7.44
126,2,2001,7.01
126,2,2002,6.68
126,2,2003,6.48
126,2,2004,6.28
126,2,2005,6.12
126,2,2006,6.14
126,2,2007,6.26
126,2,2008,5.91
126,2,2009,5.68
126,2,2010,5.26
126,2,2011,5.38
126,2,2012,5.61
126,2,2013,5.3
126,2,2014,5.23
126,2,2015,5.11
126,2,2016,5.24
126,2,2017,5.17
126,2,2018,5.09
126,2,2019,4.77
126,2,2020,4.15
126,2,2021,4.35
126,2,2022,4.65
126,2,2023,4.78
126,3,1980,26.39
126,3,1981,24.03
126,3,1982,22.17
126,3,1983,19.88
126,3,1984,20.52
126,3,1985,20.67
126,3,1986,20.33
126,3,1987,20.14
126,3,1988,19.82
126,3,1989,19.97
126,3,1990,20.75
126,3,1991,20.47
126,3,1992,20.56
126,3,1993,20.82
126,3,1994,21.44
126,3,1995,20.26
126,3,1996,19.29
126,3,1997,19.78
126,3,1998,19.66
126,3,1999,19.64
126,3,2000,19.88
126,3,2001,19.11
126,3,2002,18.58
126,3,2003,17.44
126,3,2004,16.89
126,3,2005,16.9
126,3,2006,16.72
126,3,2007,16.72
126,3,2008,16.21
126,3,2009,15.32
126,3,2010,14.3
126,3,2011,14.25
126,3,2012,14.97
126,3,2013,14.87
126,3,2014,15.35
126,3,2015,15.83
126,3,2016,16.39
126,3,2017,16.47
126,3,2018,15.7
126,3,2019,14.87
126,3,2020,13.44
126,3,2021,14.3
126,3,2022,15.92
126,3,2023,16.54
127,1,1980,96.36
127,1,1981,88.3
127,1,1982,81.67
127,1,1983,67.7
127,1,1984,61.35
127,1,1985,56.89
127,1,1986,55.54
127,1,1987,54.07
127,1,1988,55.06
127,1,1989,56.87
127,1,1990,57.27
127,1,1991,57.59
127,1,1992,57.14
127,1,1993,57
127,1,1994,56.62
127,1,1995,56.01
127,1,1996,56.43
127,1,1997,55.42
127,1,1998,53.57
127,1,1999,55.15
127,1,2000,53.4
127,1,2001,52.68
127,1,2002,52.23
127,1,2003,51.53
127,1,2004,51.29
127,1,2005,50.7
127,1,2006,48.92
127,1,2007,47.83
127,1,2008,45.53
127,1,2009,42.32
127,1,2010,40.27
127,1,2011,36.6
127,1,2012,39.03
127,1,2013,39.43
127,1,2014,39.75
127,1,2015,39.47
127,1,2016,41.14
127,1,2017,41.02
127,1,2018,40.29
127,1,2019,39.85
127,1,2020,40.19
127,1,2021,40.62
127,1,2022,37.93
127,1,2023,38.07
127,2,1980,19.2
127,2,1981,18.74
127,2,1982,18.09
127,2,1983,16.97
127,2,1984,16.37
127,2,1985,15.75
127,2,1986,14.96
127,2,1987,14.47
127,2,1988,14.15
127,2,1989,14.34
127,2,1990,13.88
127,2,1991,13.85
127,2,1992,13.6
127,2,1993,13.62
127,2,1994,13.36
127,2,1995,13.48
127,2,1996,13.33
127,2,1997,13.19
127,2,1998,12.91
127,2,1999,12.58
127,2,2000,12.41
127,2,2001,12.33
127,2,2002,11.99
127,2,2003,11.8
127,2,2004,11.52
127,2,2005,11.04
127,2,2006,10.67
127,2,2007,10.51
127,2,2008,10.22
127,2,2009,9.57
127,2,2010,9.14
127,2,2011,8.74
127,2,2012,8.97
127,2,2013,8.92
127,2,2014,8.77
127,2,2015,8.52
127,2,2016,8.42
127,2,2017,8.26
127,2,2018,8.35
127,2,2019,8.41
127,2,2020,8.57
127,2,2021,8.94
127,2,2022,8.8
127,2,2023,9.02
127,3,1980,56.67
127,3,1981,52.4
127,3,1982,48.71
127,3,1983,41.3
127,3,1984,37.86
127,3,1985,35.35
127,3,1986,34.25
127,3,1987,33.26
127,3,1988,33.53
127,3,1989,34.44
127,3,1990,34.33
127,3,1991,34.41
127,3,1992,34
127,3,1993,33.89
127,3,1994,33.52
127,3,1995,33.25
127,3,1996,33.31
127,3,1997,32.7
127,3,1998,31.64
127,3,1999,32.14
127,3,2000,31.18
127,3,2001,30.75
127,3,2002,30.3
127,3,2003,29.83
127,3,2004,29.52
127,3,2005,28.95
127,3,2006,27.89
127,3,2007,27.26
127,3,2008,26.02
127,3,2009,24.18
127,3,2010,23.01
127,3,2011,21.12
127,3,2012,22.28
127,3,2013,22.41
127,3,2014,22.43
127,3,2015,22.13
127,3,2016,22.8
127,3,2017,22.61
127,3,2018,22.28
127,3,2019,22.04
127,3,2020,22.18
127,3,2021,22.45
127,3,2022,21.21
127,3,2023,21.43
128,1,1980,44.15
128,1,1981,35.19
128,1,1982,32.11
128,1,1983,23.15
128,1,1984,20.54
128,1,1985,23.59
128,1,1986,27.43
128,1,1987,27.52
128,1,1988,25.82
128,1,1989,25.61
128,1,1990,24.42
128,1,1991,26.25
128,1,1992,27.42
128,1,1993,28.19
128,1,1994,26
128,1,1995,25.38
128,1,1996,24.3
128,1,1997,23.13
128,1,1998,22.27
128,1,1999,21.86
128,1,2000,22.8
128,1,2001,22.06
128,1,2002,21.84
128,1,2003,20.94
128,1,2004,20.86
128,1,2005,19.88
128,1,2006,19.78
128,1,2007,20.26
128,1,2008,20.88
128,1,2009,24.41
128,1,2010,27.23
128,1,2011,28.21
128,1,2012,28.17
128,1,2013,28.27
128,1,2014,28.81
128,1,2015,29.28
128,1,2016,30.87
128,1,2017,30.96
128,1,2018,30.36
128,1,2019,29.48
128,1,2020,28.19
128,1,2021,31.8
128,1,2022,30.94
128,1,2023,29.71
128,2,1980,12.46
128,2,1981,12.12
128,2,1982,10.66
128,2,1983,7.18
128,2,1984,6.66
128,2,1985,6.99
128,2,1986,7.52
128,2,1987,7.19
128,2,1988,7.16
128,2,1989,7.4
128,2,1990,6.99
128,2,1991,7.47
128,2,1992,7.35
128,2,1993,7.33
128,2,1994,6.73
128,2,1995,6.36
128,2,1996,5.67
128,2,1997,5.11
128,2,1998,5.03
128,2,1999,4.74
128,2,2000,4.86
128,2,2001,4.55
128,2,2002,4.44
128,2,2003,4.3
128,2,2004,4.48
128,2,2005,4.37
128,2,2006,4.5
128,2,2007,4.17
128,2,2008,4.06
128,2,2009,4.22
128,2,2010,5.18
128,2,2011,5.37
128,2,2012,5.12
128,2,2013,4.82
128,2,2014,4.8
128,2,2015,4.7
128,2,2016,4.8
128,2,2017,4.78
128,2,2018,4.82
128,2,2019,4.6
128,2,2020,4.09
128,2,2021,4.24
128,2,2022,4.6
128,2,2023,4.51
128,3,1980,28.15
128,3,1981,23.5
128,3,1982,21.19
128,3,1983,14.98
128,3,1984,13.43
128,3,1985,15.11
128,3,1986,17.25
128,3,1987,17.11
128,3,1988,16.25
128,3,1989,16.26
128,3,1990,15.45
128,3,1991,16.57
128,3,1992,17.05
128,3,1993,17.38
128,3,1994,15.99
128,3,1995,15.49
128,3,1996,14.6
128,3,1997,13.71
128,3,1998,13.25
128,3,1999,12.89
128,3,2000,13.4
128,3,2001,12.88
128,3,2002,12.71
128,3,2003,12.2
128,3,2004,12.26
128,3,2005,11.73
128,3,2006,11.74
128,3,2007,11.8
128,3,2008,12.03
128,3,2009,13.78
128,3,2010,15.62
128,3,2011,16.18
128,3,2012,16.02
128,3,2013,15.91
128,3,2014,16.15
128,3,2015,16.32
128,3,2016,17.11
128,3,2017,17.14
128,3,2018,16.87
128,3,2019,16.33
128,3,2020,15.45
128,3,2021,17.21
128,3,2022,17.01
128,3,2023,16.4
129,1,1980,39.25
129,1,1981,37.32
129,1,1982,35.66
129,1,1983,34.63
129,1,1984,33.76
129,1,1985,32.77
129,1,1986,32.42
129,1,1987,32.31
129,1,1988,30.78
129,1,1989,31.05
129,1,1990,30.87
129,1,1991,31.21
129,1,1992,31.68
129,1,1993,32.28
129,1,1994,32.64
129,1,1995,32.9
129,1,1996,33.12
129,1,1997,33.1
129,1,1998,32.96
129,1,1999,33.01
129,1,2000,32.71
129,1,2001,32.44
129,1,2002,32.16
129,1,2003,32.01
129,1,2004,32.01
129,1,2005,31.51
129,1,2006,31.11
129,1,2007,30.74
129,1,2008,30.53
129,1,2009,30.62
129,1,2010,31.14
129,1,2011,32.48
129,1,2012,36.21
129,1,2013,36.6
129,1,2014,37.48
129,1,2015,38.16
129,1,2016,38.51
129,1,2017,39.33
129,1,2018,40.25
129,1,2019,40.75
129,1,2020,39.22
129,1,2021,42.01
129,1,2022,39.71
129,1,2023,38.61
129,2,1980,14.93
129,2,1981,13.19
129,2,1982,12.25
129,2,1983,11.58
129,2,1984,10.65
129,2,1985,9.83
129,2,1986,9.29
129,2,1987,9.4
129,2,1988,9.25
129,2,1989,8.87
129,2,1990,8.93
129,2,1991,9.28
129,2,1992,9.22
129,2,1993,9.34
129,2,1994,9.35
129,2,1995,9.11
129,2,1996,9.46
129,2,1997,9.24
129,2,1998,9.04
129,2,1999,8.9
129,2,2000,8.75
129,2,2001,8.6
129,2,2002,8.45
129,2,2003,8.3
129,2,2004,8.16
129,2,2005,7.9
129,2,2006,7.7
129,2,2007,7.53
129,2,2008,7.42
129,2,2009,7.38
129,2,2010,7.46
129,2,2011,7.73
129,2,2012,8.19
129,2,2013,8.23
129,2,2014,8.28
129,2,2015,8.33
129,2,2016,8.34
129,2,2017,8.34
129,2,2018,8.39
129,2,2019,8.42
129,2,2020,7.98
129,2,2021,8.74
129,2,2022,8.19
129,2,2023,7.82
129,3,1980,26.79
129,3,1981,24.96
129,3,1982,23.67
129,3,1983,22.81
129,3,1984,21.91
129,3,1985,21
129,3,1986,20.54
129,3,1987,20.53
129,3,1988,19.71
129,3,1989,19.64
129,3,1990,19.59
129,3,1991,19.93
129,3,1992,20.13
129,3,1993,20.48
129,3,1994,20.65
129,3,1995,20.66
129,3,1996,20.94
129,3,1997,20.82
129,3,1998,20.64
129,3,1999,20.6
129,3,2000,20.36
129,3,2001,20.15
129,3,2002,19.92
129,3,2003,19.76
129,3,2004,19.68
129,3,2005,19.29
129,3,2006,18.98
129,3,2007,18.7
129,3,2008,18.53
129,3,2009,18.54
129,3,2010,18.81
129,3,2011,19.57
129,3,2012,21.56
129,3,2013,21.75
129,3,2014,22.17
129,3,2015,22.5
129,3,2016,22.66
129,3,2017,23.04
129,3,2018,23.49
129,3,2019,23.74
129,3,2020,22.79
129,3,2021,24.47
129,3,2022,23.09
129,3,2023,22.38
130,1,1980,69.75
130,1,1981,70.93
130,1,1982,65.61
130,1,1983,58.71
130,1,1984,53.68
130,1,1985,51.44
130,1,1986,50.43
130,1,1987,48.64
130,1,1988,46.96
130,1,1989,45.84
130,1,1990,44.72
130,1,1991,43.31
130,1,1992,41.79
130,1,1993,40.26
130,1,1994,38.86
130,1,1995,36.85
130,1,1996,36.52
130,1,1997,35.91
130,1,1998,34.27
130,1,1999,33.2
130,1,2000,31.98
130,1,2001,31.16
130,1,2002,30.87
130,1,2003,30.47
130,1,2004,30.47
130,1,2005,30.67
130,1,2006,30.93
130,1,2007,31
130,1,2008,31.53
130,1,2009,30.91
130,1,2010,30.13
130,1,2011,28.57
130,1,2012,27.44
130,1,2013,25.31
130,1,2014,24.54
130,1,2015,24.4
130,1,2016,24.39
130,1,2017,23.98
130,1,2018,23.18
130,1,2019,22.12
130,1,2020,20.98
130,1,2021,22.33
130,1,2022,22.36
130,1,2023,21.21
130,2,1980,19.67
130,2,1981,19.79
130,2,1982,18.1
130,2,1983,15.79
130,2,1984,14.43
130,2,1985,13.75
130,2,1986,13.51
130,2,1987,12.81
130,2,1988,12.57
130,2,1989,12.52
130,2,1990,12.37
130,2,1991,12.06
130,2,1992,11.32
130,2,1993,10.94
130,2,1994,10.54
130,2,1995,9.97
130,2,1996,9.84
130,2,1997,9.89
130,2,1998,9.37
130,2,1999,9.09
130,2,2000,8.87
130,2,2001,8.89
130,2,2002,8.84
130,2,2003,8.8
130,2,2004,8.74
130,2,2005,8.76
130,2,2006,8.8
130,2,2007,8.71
130,2,2008,8.59
130,2,2009,8.28
130,2,2010,8.07
130,2,2011,7.6
130,2,2012,7.39
130,2,2013,6.77
130,2,2014,6.59
130,2,2015,6.58
130,2,2016,6.39
130,2,2017,6.11
130,2,2018,5.81
130,2,2019,5.44
130,2,2020,4.94
130,2,2021,5.34
130,2,2022,5.65
130,2,2023,5.51
130,3,1980,44.1
130,3,1981,44.69
130,3,1982,41.18
130,3,1983,36.61
130,3,1984,33.44
130,3,1985,31.97
130,3,1986,31.35
130,3,1987,30.11
130,3,1988,29.17
130,3,1989,28.59
130,3,1990,27.97
130,3,1991,27.13
130,3,1992,26.02
130,3,1993,25.09
130,3,1994,24.2
130,3,1995,22.93
130,3,1996,22.69
130,3,1997,22.41
130,3,1998,21.32
130,3,1999,20.64
130,3,2000,19.93
130,3,2001,19.53
130,3,2002,19.36
130,3,2003,19.14
130,3,2004,19.11
130,3,2005,19.22
130,3,2006,19.36
130,3,2007,19.37
130,3,2008,19.56
130,3,2009,19.11
130,3,2010,18.64
130,3,2011,17.66
130,3,2012,17.01
130,3,2013,15.68
130,3,2014,15.22
130,3,2015,15.14
130,3,2016,15.06
130,3,2017,14.72
130,3,2018,14.18
130,3,2019,13.48
130,3,2020,12.67
130,3,2021,13.53
130,3,2022,13.7
130,3,2023,13.08
131,1,1980,61.7
131,1,1981,63.84
131,1,1982,64.5
131,1,1983,64.4
131,1,1984,63.68
131,1,1985,61.51
131,1,1986,57.63
131,1,1987,50.13
131,1,1988,46.83
131,1,1989,42.92
131,1,1990,39.15
131,1,1991,35.83
131,1,1992,34.78
131,1,1993,34.67
131,1,1994,34.22
131,1,1995,33.13
131,1,1996,32.31
131,1,1997,31.81
131,1,1998,32.34
131,1,1999,30.44
131,1,2000,29.98
131,1,2001,29.44
131,1,2002,29.07
131,1,2003,28.54
131,1,2004,28.42
131,1,2005,28.06
131,1,2006,28.09
131,1,2007,28.24
131,1,2008,28.26
131,1,2009,28.46
131,1,2010,28.95
131,1,2011,29.29
131,1,2012,29.23
131,1,2013,29.59
131,1,2014,29.93
131,1,2015,30.05
131,1,2016,30.35
131,1,2017,30.28
131,1,2018,30.97
131,1,2019,32.85
131,1,2020,32.21
131,1,2021,32.39
131,1,2022,30.76
131,1,2023,28.96
131,2,1980,11.53
131,2,1981,11.04
131,2,1982,10.35
131,2,1983,10.07
131,2,1984,9.83
131,2,1985,9.27
131,2,1986,9.03
131,2,1987,8.61
131,2,1988,8.62
131,2,1989,8.57
131,2,1990,8.66
131,2,1991,8.42
131,2,1992,8.2
131,2,1993,8.21
131,2,1994,8.03
131,2,1995,7.59
131,2,1996,7.23
131,2,1997,6.92
131,2,1998,7.35
131,2,1999,6.48
131,2,2000,6.29
131,2,2001,6.11
131,2,2002,6.03
131,2,2003,5.99
131,2,2004,5.76
131,2,2005,5.62
131,2,2006,5.48
131,2,2007,5.4
131,2,2008,5.32
131,2,2009,5.23
131,2,2010,5.22
131,2,2011,5.26
131,2,2012,5.27
131,2,2013,5.27
131,2,2014,5.32
131,2,2015,5.26
131,2,2016,5.27
131,2,2017,5.27
131,2,2018,5.3
131,2,2019,5.52
131,2,2020,5.32
131,2,2021,5.59
131,2,2022,5.65
131,2,2023,5.31
131,3,1980,35.31
131,3,1981,36.1
131,3,1982,36.07
131,3,1983,35.87
131,3,1984,35.38
131,3,1985,34.02
131,3,1986,32.03
131,3,1987,28.22
131,3,1988,26.66
131,3,1989,24.8
131,3,1990,23.07
131,3,1991,21.38
131,3,1992,20.78
131,3,1993,20.74
131,3,1994,20.44
131,3,1995,19.7
131,3,1996,19.12
131,3,1997,18.73
131,3,1998,19.21
131,3,1999,17.86
131,3,2000,17.55
131,3,2001,17.2
131,3,2002,16.98
131,3,2003,16.71
131,3,2004,16.53
131,3,2005,16.28
131,3,2006,16.22
131,3,2007,16.25
131,3,2008,16.21
131,3,2009,16.26
131,3,2010,16.49
131,3,2011,16.67
131,3,2012,16.65
131,3,2013,16.82
131,3,2014,16.99
131,3,2015,17.02
131,3,2016,17.17
131,3,2017,17.13
131,3,2018,17.46
131,3,2019,18.46
131,3,2020,17.97
131,3,2021,18.14
131,3,2022,17.46
131,3,2023,16.51
132,1,1980,44.78
132,1,1981,44.28
132,1,1982,43.07
132,1,1983,41.25
132,1,1984,41.19
132,1,1985,39.1
132,1,1986,38.06
132,1,1987,37
132,1,1988,35.48
132,1,1989,36.69
132,1,1990,37.35
132,1,1991,37.47
132,1,1992,37.54
132,1,1993,36.2
132,1,1994,35.77
132,1,1995,34.8
132,1,1996,34.81
132,1,1997,35.47
132,1,1998,35.16
132,1,1999,32.88
132,1,2000,29.97
132,1,2001,28.27
132,1,2002,27.1
132,1,2003,26.2
132,1,2004,26.55
132,1,2005,26.37
132,1,2006,26.85
132,1,2007,26.44
132,1,2008,25.74
132,1,2009,25
132,1,2010,24.91
132,1,2011,25.19
132,1,2012,24.47
132,1,2013,24
132,1,2014,23.25
132,1,2015,23.46
132,1,2016,23.54
132,1,2017,22.32
132,1,2018,20.87
132,1,2019,20.01
132,1,2020,18.49
132,1,2021,17.01
132,1,2022,16.74
132,1,2023,16.55
132,2,1980,11.57
132,2,1981,11.07
132,2,1982,10.34
132,2,1983,9.69
132,2,1984,9.23
132,2,1985,8.34
132,2,1986,8.29
132,2,1987,8.05
132,2,1988,8.07
132,2,1989,7.96
132,2,1990,7.73
132,2,1991,7.63
132,2,1992,7.63
132,2,1993,8.03
132,2,1994,8.09
132,2,1995,7.95
132,2,1996,7.91
132,2,1997,8.26
132,2,1998,8.21
132,2,1999,8.03
132,2,2000,7.11
132,2,2001,7
132,2,2002,6.84
132,2,2003,6.55
132,2,2004,6.33
132,2,2005,6.44
132,2,2006,6.83
132,2,2007,6.39
132,2,2008,6.14
132,2,2009,5.88
132,2,2010,5.75
132,2,2011,5.47
132,2,2012,5.53
132,2,2013,5.48
132,2,2014,5.44
132,2,2015,5.25
132,2,2016,5.05
132,2,2017,4.95
132,2,2018,4.77
132,2,2019,4.47
132,2,2020,4.06
132,2,2021,3.78
132,2,2022,3.71
132,2,2023,3.71
132,3,1980,28.27
132,3,1981,27.79
132,3,1982,26.81
132,3,1983,25.55
132,3,1984,25.31
132,3,1985,23.81
132,3,1986,23.26
132,3,1987,22.61
132,3,1988,21.85
132,3,1989,22.4
132,3,1990,22.62
132,3,1991,22.63
132,3,1992,22.66
132,3,1993,22.16
132,3,1994,21.97
132,3,1995,21.41
132,3,1996,21.38
132,3,1997,21.87
132,3,1998,21.68
132,3,1999,20.44
132,3,2000,18.52
132,3,2001,17.6
132,3,2002,16.93
132,3,2003,16.35
132,3,2004,16.4
132,3,2005,16.36
132,3,2006,16.79
132,3,2007,16.37
132,3,2008,15.88
132,3,2009,15.38
132,3,2010,15.27
132,3,2011,15.25
132,3,2012,14.9
132,3,2013,14.64
132,3,2014,14.24
132,3,2015,14.23
132,3,2016,14.15
132,3,2017,13.48
132,3,2018,12.66
132,3,2019,12.07
132,3,2020,11.11
132,3,2021,10.22
132,3,2022,10.04
132,3,2023,9.97
133,1,1980,77.24
133,1,1981,74.86
133,1,1982,71.28
133,1,1983,65.12
133,1,1984,59.86
133,1,1985,55.27
133,1,1986,55.4
133,1,1987,55.19
133,1,1988,53.46
133,1,1989,49.98
133,1,1990,48.23
133,1,1991,50.14
133,1,1992,52.24
133,1,1993,52.17
133,1,1994,50.8
133,1,1995,45
133,1,1996,39.86
133,1,1997,38.73
133,1,1998,39.24
133,1,1999,40.6
133,1,2000,40.6
133,1,2001,42.71
133,1,2002,41.07
133,1,2003,37.82
133,1,2004,38.43
133,1,2005,38.79
133,1,2006,41.06
133,1,2007,44.49
133,1,2008,44.75
133,1,2009,41.65
133,1,2010,37.33
133,1,2011,36.62
133,1,2012,36.38
133,1,2013,36.72
133,1,2014,34.51
133,1,2015,31.11
133,1,2016,27.88
133,1,2017,28.78
133,1,2018,30.26
133,1,2019,31.63
133,1,2020,29.14
133,1,2021,27.93
133,1,2022,27.22
133,1,2023,27.01
133,2,1980,19.21
133,2,1981,18.24
133,2,1982,17.51
133,2,1983,16.28
133,2,1984,15.24
133,2,1985,14.37
133,2,1986,14.34
133,2,1987,14.03
133,2,1988,13.85
133,2,1989,13.09
133,2,1990,12.66
133,2,1991,13.06
133,2,1992,13.29
133,2,1993,13.02
133,2,1994,12.39
133,2,1995,11.36
133,2,1996,10.32
133,2,1997,10.22
133,2,1998,10.33
133,2,1999,11.01
133,2,2000,10.34
133,2,2001,10.99
133,2,2002,11.35
133,2,2003,10.81
133,2,2004,10.59
133,2,2005,10.42
133,2,2006,10.8
133,2,2007,11.05
133,2,2008,10.84
133,2,2009,10.38
133,2,2010,9.43
133,2,2011,8.83
133,2,2012,8.6
133,2,2013,8.35
133,2,2014,8.08
133,2,2015,7.62
133,2,2016,7.27
133,2,2017,7.49
133,2,2018,8.1
133,2,2019,8.46
133,2,2020,8.51
133,2,2021,8.95
133,2,2022,9.23
133,2,2023,9.45
133,3,1980,47.45
133,3,1981,45.76
133,3,1982,43.64
133,3,1983,39.96
133,3,1984,36.85
133,3,1985,34.17
133,3,1986,34.22
133,3,1987,33.94
133,3,1988,32.95
133,3,1989,30.87
133,3,1990,29.78
133,3,1991,30.92
133,3,1992,32.06
133,3,1993,31.85
133,3,1994,30.85
133,3,1995,27.51
133,3,1996,24.47
133,3,1997,23.87
133,3,1998,24.19
133,3,1999,25.19
133,3,2000,24.86
133,3,2001,26.21
133,3,2002,25.64
133,3,2003,23.79
133,3,2004,23.99
133,3,2005,24.09
133,3,2006,25.41
133,3,2007,27.27
133,3,2008,27.32
133,3,2009,25.59
133,3,2010,23.01
133,3,2011,22.36
133,3,2012,22.14
133,3,2013,22.19
133,3,2014,20.99
133,3,2015,19.06
133,3,2016,17.29
133,3,2017,17.84
133,3,2018,18.84
133,3,2019,19.6
133,3,2020,18.26
133,3,2021,17.83
133,3,2022,17.61
133,3,2023,17.56
135,1,1980,50.91
135,1,1981,46.09
135,1,1982,45.07
135,1,1983,45.85
135,1,1984,47.7
135,1,1985,49.87
135,1,1986,52.69
135,1,1987,51.22
135,1,1988,50.56
135,1,1989,49.39
135,1,1990,46.24
135,1,1991,44.11
135,1,1992,42.44
135,1,1993,42.87
135,1,1994,43.23
135,1,1995,44.31
135,1,1996,44.75
135,1,1997,43.12
135,1,1998,39.59
135,1,1999,38.02
135,1,2000,36.83
135,1,2001,36.71
135,1,2002,36.95
135,1,2003,36.87
135,1,2004,37.16
135,1,2005,36.59
135,1,2006,35.92
135,1,2007,36.09
135,1,2008,36.27
135,1,2009,36.25
135,1,2010,37.97
135,1,2011,38.57
135,1,2012,38.33
135,1,2013,37.26
135,1,2014,36.07
135,1,2015,33.15
135,1,2016,31.38
135,1,2017,30.1
135,1,2018,28.24
135,1,2019,27.87
135,1,2020,28.37
135,1,2021,28.17
135,1,2022,28.8
135,1,2023,28.4
135,2,1980,15.32
135,2,1981,13.77
135,2,1982,13.27
135,2,1983,13.36
135,2,1984,13.63
135,2,1985,14.24
135,2,1986,14.9
135,2,1987,14.6
135,2,1988,14.12
135,2,1989,13.81
135,2,1990,12.93
135,2,1991,12.37
135,2,1992,11.91
135,2,1993,12.14
135,2,1994,12.21
135,2,1995,12.42
135,2,1996,12.26
135,2,1997,11.48
135,2,1998,10.37
135,2,1999,9.72
135,2,2000,9.07
135,2,2001,8.76
135,2,2002,8.81
135,2,2003,8.78
135,2,2004,8.75
135,2,2005,8.59
135,2,2006,8.33
135,2,2007,8.26
135,2,2008,8.35
135,2,2009,8.32
135,2,2010,8.64
135,2,2011,8.57
135,2,2012,8.54
135,2,2013,8.2
135,2,2014,7.87
135,2,2015,7.15
135,2,2016,6.67
135,2,2017,6.32
135,2,2018,5.81
135,2,2019,5.56
135,2,2020,5.4
135,2,2021,5.56
135,2,2022,5.89
135,2,2023,5.82
135,3,1980,32.67
135,3,1981,29.51
135,3,1982,28.75
135,3,1983,29.16
135,3,1984,30.2
135,3,1985,31.54
135,3,1986,33.24
135,3,1987,32.35
135,3,1988,31.77
135,3,1989,31.02
135,3,1990,29.02
135,3,1991,27.68
135,3,1992,26.63
135,3,1993,26.93
135,3,1994,27.14
135,3,1995,27.77
135,3,1996,27.9
135,3,1997,26.72
135,3,1998,24.44
135,3,1999,23.35
135,3,2000,22.45
135,3,2001,22.22
135,3,2002,22.37
135,3,2003,22.32
135,3,2004,22.44
135,3,2005,22.08
135,3,2006,21.64
135,3,2007,21.69
135,3,2008,21.82
135,3,2009,21.8
135,3,2010,22.79
135,3,2011,23.05
135,3,2012,22.92
135,3,2013,22.23
135,3,2014,21.48
135,3,2015,19.69
135,3,2016,18.59
135,3,2017,17.79
135,3,2018,16.62
135,3,2019,16.31
135,3,2020,16.48
135,3,2021,16.45
135,3,2022,16.92
135,3,2023,16.69
136,1,1980,29.76
136,1,1981,28.58
136,1,1982,27.96
136,1,1983,26.62
136,1,1984,25.97
136,1,1985,25.94
136,1,1986,25.41
136,1,1987,24.67
136,1,1988,24.61
136,1,1989,24.82
136,1,1990,25.09
136,1,1991,26.32
136,1,1992,27.08
136,1,1993,28.08
136,1,1994,29.31
136,1,1995,30.21
136,1,1996,30.74
136,1,1997,31.27
136,1,1998,31.45
136,1,1999,30.75
136,1,2000,30.67
136,1,2001,30.97
136,1,2002,31.36
136,1,2003,32.12
136,1,2004,33.59
136,1,2005,35.87
136,1,2006,37.5
136,1,2007,39.65
136,1,2008,41.18
136,1,2009,42.22
136,1,2010,43.23
136,1,2011,44.13
136,1,2012,44.06
136,1,2013,44.27
136,1,2014,44.96
136,1,2015,45.44
136,1,2016,45.67
136,1,2017,46.52
136,1,2018,46.71
136,1,2019,46.89
136,1,2020,48.09
136,1,2021,49.32
136,1,2022,40.65
136,1,2023,41.11
136,2,1980,9.9
136,2,1981,9.58
136,2,1982,9.29
136,2,1983,8.98
136,2,1984,8.86
136,2,1985,8.48
136,2,1986,8.53
136,2,1987,8.25
136,2,1988,7.91
136,2,1989,7.92
136,2,1990,7.91
136,2,1991,7.97
136,2,1992,8.02
136,2,1993,8.16
136,2,1994,8.32
136,2,1995,8.21
136,2,1996,8.13
136,2,1997,8.06
136,2,1998,7.84
136,2,1999,7.62
136,2,2000,7.41
136,2,2001,7.5
136,2,2002,7.5
136,2,2003,7.48
136,2,2004,7.61
136,2,2005,8.01
136,2,2006,8.2
136,2,2007,8.36
136,2,2008,8.32
136,2,2009,8.29
136,2,2010,8.42
136,2,2011,8.48
136,2,2012,8.5
136,2,2013,8.3
136,2,2014,8.41
136,2,2015,8.34
136,2,2016,8.17
136,2,2017,8.17
136,2,2018,8.1
136,2,2019,8.08
136,2,2020,8.17
136,2,2021,8.18
136,2,2022,7.25
136,2,2023,7.41
136,3,1980,19.6
136,3,1981,18.87
136,3,1982,18.43
136,3,1983,17.62
136,3,1984,17.25
136,3,1985,17.06
136,3,1986,16.82
136,3,1987,16.32
136,3,1988,16.13
136,3,1989,16.24
136,3,1990,16.39
136,3,1991,17.04
136,3,1992,17.45
136,3,1993,18.03
136,3,1994,18.73
136,3,1995,19.12
136,3,1996,19.35
136,3,1997,19.59
136,3,1998,19.57
136,3,1999,19.11
136,3,2000,18.97
136,3,2001,19.17
136,3,2002,19.37
136,3,2003,19.74
136,3,2004,20.55
136,3,2005,21.89
136,3,2006,22.8
136,3,2007,23.97
136,3,2008,24.72
136,3,2009,25.22
136,3,2010,25.78
136,3,2011,26.26
136,3,2012,26.22
136,3,2013,26.22
136,3,2014,26.6
136,3,2015,26.78
136,3,2016,26.78
136,3,2017,27.17
136,3,2018,27.2
136,3,2019,27.25
136,3,2020,27.86
136,3,2021,28.42
136,3,2022,23.58
136,3,2023,23.88
139,1,1980,56.85
139,1,1981,56.27
139,1,1982,56.04
139,1,1983,56.34
139,1,1984,56.03
139,1,1985,56.45
139,1,1986,56.04
139,1,1987,54.99
139,1,1988,54.12
139,1,1989,53.44
139,1,1990,52.74
139,1,1991,52.38
139,1,1992,51.51
139,1,1993,50.56
139,1,1994,49.5
139,1,1995,48.69
139,1,1996,48.05
139,1,1997,47.65
139,1,1998,47.32
139,1,1999,46.68
139,1,2000,46.14
139,1,2001,45.61
139,1,2002,44.98
139,1,2003,44.54
139,1,2004,44
139,1,2005,43.49
139,1,2006,42.83
139,1,2007,42.24
139,1,2008,41.39
139,1,2009,40.17
139,1,2010,39.07
139,1,2011,37.53
139,1,2012,35.6
139,1,2013,34.2
139,1,2014,32.56
139,1,2015,31.23
139,1,2016,30.21
139,1,2017,29.38
139,1,2018,28.51
139,1,2019,27.78
139,1,2020,26.14
139,1,2021,25.55
139,1,2022,25.01
139,1,2023,24.88
139,2,1980,23.31
139,2,1981,22.47
139,2,1982,21.8
139,2,1983,21.65
139,2,1984,21.56
139,2,1985,21.63
139,2,1986,21.35
139,2,1987,20.71
139,2,1988,20.12
139,2,1989,19.61
139,2,1990,19.08
139,2,1991,18.41
139,2,1992,17.97
139,2,1993,17.57
139,2,1994,17.07
139,2,1995,16.62
139,2,1996,16.17
139,2,1997,15.85
139,2,1998,15.51
139,2,1999,15.01
139,2,2000,14.6
139,2,2001,14.24
139,2,2002,13.89
139,2,2003,13.62
139,2,2004,13.44
139,2,2005,13.15
139,2,2006,12.83
139,2,2007,12.58
139,2,2008,12.38
139,2,2009,12.08
139,2,2010,11.96
139,2,2011,11.81
139,2,2012,11.53
139,2,2013,11.37
139,2,2014,11.21
139,2,2015,11.19
139,2,2016,11.12
139,2,2017,11.21
139,2,2018,11.3
139,2,2019,11.37
139,2,2020,10.64
139,2,2021,10.27
139,2,2022,9.88
139,2,2023,9.77
139,3,1980,40.09
139,3,1981,39.4
139,3,1982,38.97
139,3,1983,39.06
139,3,1984,38.87
139,3,1985,39.14
139,3,1986,38.8
139,3,1987,37.96
139,3,1988,37.23
139,3,1989,36.64
139,3,1990,36.02
139,3,1991,35.49
139,3,1992,34.83
139,3,1993,34.15
139,3,1994,33.36
139,3,1995,32.72
139,3,1996,32.18
139,3,1997,31.82
139,3,1998,31.48
139,3,1999,30.91
139,3,2000,30.44
139,3,2001,30
139,3,2002,29.51
139,3,2003,29.16
139,3,2004,28.8
139,3,2005,28.4
139,3,2006,27.91
139,3,2007,27.49
139,3,2008,26.96
139,3,2009,26.2
139,3,2010,25.59
139,3,2011,24.74
139,3,2012,23.63
139,3,2013,22.84
139,3,2014,21.94
139,3,2015,21.27
139,3,2016,20.71
139,3,2017,20.34
139,3,2018,19.94
139,3,2019,19.61
139,3,2020,18.42
139,3,2021,17.94
139,3,2022,17.47
139,3,2023,17.35
140,1,1980,44.58
140,1,1981,43.39
140,1,1982,41.94
140,1,1983,40.37
140,1,1984,38.7
140,1,1985,37.44
140,1,1986,36.06
140,1,1987,34.72
140,1,1988,33.61
140,1,1989,32.33
140,1,1990,30.93
140,1,1991,30
140,1,1992,29.3
140,1,1993,28.89
140,1,1994,28.61
140,1,1995,29.44
140,1,1996,30.89
140,1,1997,32.01
140,1,1998,32.23
140,1,1999,31.36
140,1,2000,30.8
140,1,2001,29.56
140,1,2002,29.77
140,1,2003,30.67
140,1,2004,31.01
140,1,2005,30.01
140,1,2006,27.34
140,1,2007,25.8
140,1,2008,24.72
140,1,2009,24.03
140,1,2010,22.62
140,1,2011,19.9
140,1,2012,17.57
140,1,2013,17.94
140,1,2014,17.72
140,1,2015,18.35
140,1,2016,18.65
140,1,2017,18.54
140,1,2018,17.81
140,1,2019,17.95
140,1,2020,17.23
140,1,2021,17.03
140,1,2022,16.86
140,1,2023,16.74
140,2,1980,13.58
140,2,1981,13.26
140,2,1982,12.7
140,2,1983,12.35
140,2,1984,11.94
140,2,1985,11.64
140,2,1986,11.5
140,2,1987,11.44
140,2,1988,11.38
140,2,1989,11.36
140,2,1990,11.32
140,2,1991,11.11
140,2,1992,11.18
140,2,1993,11.08
140,2,1994,10.84
140,2,1995,10.85
140,2,1996,10.76
140,2,1997,10.67
140,2,1998,10.41
140,2,1999,9.9
140,2,2000,9.73
140,2,2001,9.44
140,2,2002,9.41
140,2,2003,9.17
140,2,2004,8.75
140,2,2005,8.35
140,2,2006,8
140,2,2007,7.58
140,2,2008,7.13
140,2,2009,6.65
140,2,2010,6.38
140,2,2011,6.07
140,2,2012,5.85
140,2,2013,6.21
140,2,2014,5.89
140,2,2015,6.08
140,2,2016,6.01
140,2,2017,5.83
140,2,2018,5.51
140,2,2019,5.3
140,2,2020,4.96
140,2,2021,4.94
140,2,2022,4.63
140,2,2023,4.71
140,3,1980,31.28
140,3,1981,30.51
140,3,1982,29.43
140,3,1983,28.34
140,3,1984,27.16
140,3,1985,26.26
140,3,1986,25.35
140,3,1987,24.51
140,3,1988,23.81
140,3,1989,23.05
140,3,1990,22.24
140,3,1991,21.63
140,3,1992,21.25
140,3,1993,20.93
140,3,1994,20.66
140,3,1995,21.14
140,3,1996,21.91
140,3,1997,22.5
140,3,1998,22.5
140,3,1999,21.77
140,3,2000,21.36
140,3,2001,20.51
140,3,2002,20.61
140,3,2003,21.02
140,3,2004,21.08
140,3,2005,20.44
140,3,2006,18.81
140,3,2007,17.75
140,3,2008,16.93
140,3,2009,16.36
140,3,2010,15.49
140,3,2011,13.85
140,3,2012,12.46
140,3,2013,12.84
140,3,2014,12.61
140,3,2015,13.09
140,3,2016,13.25
140,3,2017,13.12
140,3,2018,12.57
140,3,2019,12.63
140,3,2020,12.02
140,3,2021,11.89
140,3,2022,11.73
140,3,2023,11.72
141,1,1980,23.96
141,1,1981,23.72
141,1,1982,23.7
141,1,1983,23.75
141,1,1984,24.1
141,1,1985,24.28
141,1,1986,24.09
141,1,1987,23.17
141,1,1988,22.42
141,1,1989,21.77
141,1,1990,20.94
141,1,1991,20.03
141,1,1992,19.5
141,1,1993,19.62
141,1,1994,19.85
141,1,1995,19.9
141,1,1996,19.84
141,1,1997,19.89
141,1,1998,19.84
141,1,1999,19.64
141,1,2000,19.62
141,1,2001,19.93
141,1,2002,20.37
141,1,2003,20.82
141,1,2004,20.85
141,1,2005,20.75
141,1,2006,20.92
141,1,2007,20.95
141,1,2008,20.89
141,1,2009,21.06
141,1,2010,21.39
141,1,2011,22.46
141,1,2012,22.77
141,1,2013,21.82
141,1,2014,21.49
141,1,2015,20.98
141,1,2016,20.47
141,1,2017,19.64
141,1,2018,18.86
141,1,2019,18.38
141,1,2020,18.33
141,1,2021,18.59
141,1,2022,21.67
141,1,2023,22.11
141,2,1980,7.52
141,2,1981,7.54
141,2,1982,7.76
141,2,1983,7.97
141,2,1984,8.15
141,2,1985,8.12
141,2,1986,8.01
141,2,1987,7.79
141,2,1988,7.63
141,2,1989,7.28
141,2,1990,6.83
141,2,1991,6.4
141,2,1992,6.13
141,2,1993,5.97
141,2,1994,5.82
141,2,1995,5.72
141,2,1996,5.7
141,2,1997,5.69
141,2,1998,5.61
141,2,1999,5.37
141,2,2000,5.18
141,2,2001,5.17
141,2,2002,5.22
141,2,2003,5.27
141,2,2004,5.21
141,2,2005,5.12
141,2,2006,5.11
141,2,2007,5.1
141,2,2008,5.18
141,2,2009,5.36
141,2,2010,5.54
141,2,2011,5.79
141,2,2012,5.86
141,2,2013,5.6
141,2,2014,5.63
141,2,2015,5.6
141,2,2016,5.51
141,2,2017,5.35
141,2,2018,5.18
141,2,2019,4.99
141,2,2020,4.85
141,2,2021,4.88
141,2,2022,5.99
141,2,2023,6.26
141,3,1980,15.79
141,3,1981,15.69
141,3,1982,15.8
141,3,1983,15.94
141,3,1984,16.22
141,3,1985,16.31
141,3,1986,16.16
141,3,1987,15.59
141,3,1988,15.14
141,3,1989,14.64
141,3,1990,14
141,3,1991,13.33
141,3,1992,12.93
141,3,1993,12.92
141,3,1994,12.97
141,3,1995,12.95
141,3,1996,12.9
141,3,1997,12.93
141,3,1998,12.87
141,3,1999,12.65
141,3,2000,12.54
141,3,2001,12.7
141,3,2002,12.95
141,3,2003,13.21
141,3,2004,13.19
141,3,2005,13.1
141,3,2006,13.18
141,3,2007,13.19
141,3,2008,13.21
141,3,2009,13.39
141,3,2010,13.66
141,3,2011,14.32
141,3,2012,14.52
141,3,2013,13.91
141,3,2014,13.76
141,3,2015,13.49
141,3,2016,13.19
141,3,2017,12.68
141,3,2018,12.2
141,3,2019,11.86
141,3,2020,11.76
141,3,2021,11.91
141,3,2022,14.03
141,3,2023,14.4
142,1,1980,85.41
142,1,1981,85.53
142,1,1982,84.45
142,1,1983,82.38
142,1,1984,79.8
142,1,1985,77.69
142,1,1986,75.41
142,1,1987,73.23
142,1,1988,71.54
142,1,1989,70.03
142,1,1990,68.58
142,1,1991,68.17
142,1,1992,68.79
142,1,1993,68.44
142,1,1994,67.43
142,1,1995,66.68
142,1,1996,66.85
142,1,1997,67.06
142,1,1998,67.23
142,1,1999,66.97
142,1,2000,66.56
142,1,2001,66.13
142,1,2002,65.6
142,1,2003,65.45
142,1,2004,62.69
142,1,2005,60.99
142,1,2006,59.35
142,1,2007,57.23
142,1,2008,54.86
142,1,2009,52.22
142,1,2010,48.97
142,1,2011,46.8
142,1,2012,43.8
142,1,2013,41.4
142,1,2014,39.59
142,1,2015,38.17
142,1,2016,36.28
142,1,2017,34.44
142,1,2018,32.67
142,1,2019,31.23
142,1,2020,30.86
142,1,2021,28.49
142,1,2022,26.7
142,1,2023,26.55
142,2,1980,58.61
142,2,1981,59.61
142,2,1982,56.54
142,2,1983,51.98
142,2,1984,47.6
142,2,1985,43.74
142,2,1986,40.05
142,2,1987,36.59
142,2,1988,33.77
142,2,1989,31.32
142,2,1990,29.02
142,2,1991,27.25
142,2,1992,26.6
142,2,1993,25.86
142,2,1994,25.03
142,2,1995,24.12
142,2,1996,23.23
142,2,1997,22.31
142,2,1998,21.51
142,2,1999,20.65
142,2,2000,19.91
142,2,2001,19.2
142,2,2002,18.45
142,2,2003,18.39
142,2,2004,16.66
142,2,2005,15.8
142,2,2006,15.09
142,2,2007,14.33
142,2,2008,13.7
142,2,2009,13.18
142,2,2010,12.58
142,2,2011,12.25
142,2,2012,11.83
142,2,2013,11.62
142,2,2014,11.69
142,2,2015,11.99
142,2,2016,12.16
142,2,2017,12.04
142,2,2018,11.9
142,2,2019,11.67
142,2,2020,11.79
142,2,2021,10.98
142,2,2022,9.94
142,2,2023,9.82
142,3,1980,72.45
142,3,1981,73
142,3,1982,70.99
142,3,1983,67.74
142,3,1984,64.28
142,3,1985,61.31
142,3,1986,58.33
142,3,1987,55.5
142,3,1988,53.23
142,3,1989,51.23
142,3,1990,49.34
142,3,1991,48.27
142,3,1992,48.28
142,3,1993,47.72
142,3,1994,46.73
142,3,1995,45.84
142,3,1996,45.48
142,3,1997,45.14
142,3,1998,44.83
142,3,1999,44.27
142,3,2000,43.69
142,3,2001,43.12
142,3,2002,42.47
142,3,2003,42.34
142,3,2004,40.04
142,3,2005,38.71
142,3,2006,37.5
142,3,2007,36
142,3,2008,34.43
142,3,2009,32.79
142,3,2010,30.81
142,3,2011,29.53
142,3,2012,27.82
142,3,2013,26.51
142,3,2014,25.65
142,3,2015,25.11
142,3,2016,24.25
142,3,2017,23.29
142,3,2018,22.33
142,3,2019,21.51
142,3,2020,21.39
142,3,2021,19.79
142,3,2022,18.37
142,3,2023,18.26
143,1,1980,28.25
143,1,1981,28.43
143,1,1982,28.49
143,1,1983,28.32
143,1,1984,28.37
143,1,1985,28.93
143,1,1986,29.07
143,1,1987,29.2
143,1,1988,29.68
143,1,1989,30
143,1,1990,30.72
143,1,1991,30.85
143,1,1992,31.26
143,1,1993,32.01
143,1,1994,33.07
143,1,1995,34.02
143,1,1996,34.76
143,1,1997,35.38
143,1,1998,35.67
143,1,1999,35.85
143,1,2000,36.03
143,1,2001,36.2
143,1,2002,35.87
143,1,2003,35.74
143,1,2004,35.1
143,1,2005,34.4
143,1,2006,34.07
143,1,2007,32.89
143,1,2008,31.63
143,1,2009,31.5
143,1,2010,31.62
143,1,2011,31.62
143,1,2012,31.06
143,1,2013,30.83
143,1,2014,30.94
143,1,2015,32.19
143,1,2016,32.34
143,1,2017,32.34
143,1,2018,28.56
143,1,2019,28.97
143,1,2020,30.85
143,1,2021,29.9
143,1,2022,28.99
143,1,2023,29.36
143,2,1980,12.61
143,2,1981,12.35
143,2,1982,12.11
143,2,1983,11.81
143,2,1984,11.68
143,2,1985,11.54
143,2,1986,11.31
143,2,1987,11.22
143,2,1988,11.2
143,2,1989,11.13
143,2,1990,11.07
143,2,1991,10.82
143,2,1992,10.9
143,2,1993,10.93
143,2,1994,10.84
143,2,1995,10.83
143,2,1996,10.92
143,2,1997,10.94
143,2,1998,10.89
143,2,1999,10.84
143,2,2000,10.81
143,2,2001,10.84
143,2,2002,10.83
143,2,2003,11
143,2,2004,10.99
143,2,2005,10.98
143,2,2006,11.06
143,2,2007,11.12
143,2,2008,11.17
143,2,2009,11.1
143,2,2010,11.03
143,2,2011,10.84
143,2,2012,10.58
143,2,2013,10.11
143,2,2014,9.78
143,2,2015,10.06
143,2,2016,9.89
143,2,2017,9.71
143,2,2018,8.1
143,2,2019,8.12
143,2,2020,8.06
143,2,2021,7.99
143,2,2022,7.95
143,2,2023,7.99
143,3,1980,20.46
143,3,1981,20.43
143,3,1982,20.34
143,3,1983,20.11
143,3,1984,20.07
143,3,1985,20.3
143,3,1986,20.25
143,3,1987,20.25
143,3,1988,20.49
143,3,1989,20.62
143,3,1990,20.97
143,3,1991,20.91
143,3,1992,21.16
143,3,1993,21.55
143,3,1994,22.07
143,3,1995,22.58
143,3,1996,23.02
143,3,1997,23.36
143,3,1998,23.5
143,3,1999,23.58
143,3,2000,23.67
143,3,2001,23.79
143,3,2002,23.62
143,3,2003,23.64
143,3,2004,23.31
143,3,2005,22.94
143,3,2006,22.8
143,3,2007,22.2
143,3,2008,21.52
143,3,2009,21.4
143,3,2010,21.43
143,3,2011,21.33
143,3,2012,20.91
143,3,2013,20.58
143,3,2014,20.49
143,3,2015,21.27
143,3,2016,21.25
143,3,2017,21.14
143,3,2018,18.44
143,3,2019,18.65
143,3,2020,19.56
143,3,2021,19.02
143,3,2022,18.52
143,3,2023,18.73
144,1,1980,44.75
144,1,1981,44.48
144,1,1982,44.07
144,1,1983,44.79
144,1,1984,45.11
144,1,1985,45.52
144,1,1986,45.8
144,1,1987,45.93
144,1,1988,46.35
144,1,1989,46.19
144,1,1990,46.27
144,1,1991,45.59
144,1,1992,44.84
144,1,1993,43.62
144,1,1994,42.42
144,1,1995,41.2
144,1,1996,40
144,1,1997,38.8
144,1,1998,37.58
144,1,1999,36.02
144,1,2000,34.44
144,1,2001,33.11
144,1,2002,31.73
144,1,2003,30.46
144,1,2004,29.29
144,1,2005,28.33
144,1,2006,27.34
144,1,2007,27.32
144,1,2008,26.97
144,1,2009,25.84
144,1,2010,24.6
144,1,2011,23.41
144,1,2012,22.03
144,1,2013,20.64
144,1,2014,19.99
144,1,2015,19.17
144,1,2016,18.66
144,1,2017,18.41
144,1,2018,18.17
144,1,2019,17.8
144,1,2020,17.59
144,1,2021,17.64
144,1,2022,17.04
144,1,2023,16.66
144,2,1980,15.28
144,2,1981,14.19
144,2,1982,13.13
144,2,1983,12.25
144,2,1984,11.77
144,2,1985,11.38
144,2,1986,11.32
144,2,1987,11.17
144,2,1988,10.89
144,2,1989,10.94
144,2,1990,10.91
144,2,1991,10.82
144,2,1992,10.9
144,2,1993,10.68
144,2,1994,10.65
144,2,1995,10.53
144,2,1996,10.35
144,2,1997,10.28
144,2,1998,10.26
144,2,1999,10.2
144,2,2000,10.3
144,2,2001,10.41
144,2,2002,10.36
144,2,2003,9.95
144,2,2004,9.95
144,2,2005,10.27
144,2,2006,10.32
144,2,2007,9.62
144,2,2008,9.19
144,2,2009,8.82
144,2,2010,8.48
144,2,2011,8.16
144,2,2012,7.81
144,2,2013,7.47
144,2,2014,7.21
144,2,2015,6.85
144,2,2016,6.65
144,2,2017,6.52
144,2,2018,6.43
144,2,2019,6.31
144,2,2020,6.31
144,2,2021,6.57
144,2,2022,6.04
144,2,2023,5.92
144,3,1980,30.54
144,3,1981,29.88
144,3,1982,29.18
144,3,1983,29.14
144,3,1984,29.09
144,3,1985,29.13
144,3,1986,29.24
144,3,1987,29.23
144,3,1988,29.32
144,3,1989,29.26
144,3,1990,29.28
144,3,1991,28.88
144,3,1992,28.5
144,3,1993,27.74
144,3,1994,27.08
144,3,1995,26.36
144,3,1996,25.63
144,3,1997,24.94
144,3,1998,24.27
144,3,1999,23.4
144,3,2000,22.62
144,3,2001,21.97
144,3,2002,21.23
144,3,2003,20.38
144,3,2004,19.78
144,3,2005,19.47
144,3,2006,19.01
144,3,2007,18.71
144,3,2008,18.37
144,3,2009,17.64
144,3,2010,16.85
144,3,2011,16.1
144,3,2012,15.23
144,3,2013,14.36
144,3,2014,13.92
144,3,2015,13.35
144,3,2016,13
144,3,2017,12.82
144,3,2018,12.66
144,3,2019,12.41
144,3,2020,12.3
144,3,2021,12.45
144,3,2022,11.89
144,3,2023,11.64
145,1,1980,62.03
145,1,1981,60.07
145,1,1982,58.42
145,1,1983,56.09
145,1,1984,53.83
145,1,1985,50.35
145,1,1986,45.83
145,1,1987,42.04
145,1,1988,40.71
145,1,1989,38.97
145,1,1990,39.34
145,1,1991,40.29
145,1,1992,40.03
145,1,1993,41.18
145,1,1994,38.17
145,1,1995,39.21
145,1,1996,45.88
145,1,1997,41.87
145,1,1998,44.47
145,1,1999,37.49
145,1,2000,36.98
145,1,2001,41.31
145,1,2002,35.69
145,1,2003,35.61
145,1,2004,32.87
145,1,2005,32.27
145,1,2006,31.24
145,1,2007,30.46
145,1,2008,30.17
145,1,2009,27.5
145,1,2010,25.61
145,1,2011,25.06
145,1,2012,24.91
145,1,2013,23.2
145,1,2014,22.25
145,1,2015,20.05
145,1,2016,19.37
145,1,2017,17.81
145,1,2018,17.46
145,1,2019,16.72
145,1,2020,14.87
145,1,2021,14.26
145,1,2022,15.27
145,1,2023,14.34
145,2,1980,18.33
145,2,1981,17.83
145,2,1982,17.18
145,2,1983,16.61
145,2,1984,16.34
145,2,1985,15.19
145,2,1986,13.51
145,2,1987,12.8
145,2,1988,11.94
145,2,1989,11.06
145,2,1990,10.98
145,2,1991,11.54
145,2,1992,11.04
145,2,1993,11.2
145,2,1994,11.1
145,2,1995,11
145,2,1996,11.7
145,2,1997,10.58
145,2,1998,11.21
145,2,1999,9.78
145,2,2000,9.75
145,2,2001,11.65
145,2,2002,12.83
145,2,2003,11.71
145,2,2004,10.24
145,2,2005,9.29
145,2,2006,9.57
145,2,2007,9.37
145,2,2008,9.23
145,2,2009,6.86
145,2,2010,6.65
145,2,2011,6.15
145,2,2012,6.17
145,2,2013,5.89
145,2,2014,5.39
145,2,2015,5.14
145,2,2016,5.08
145,2,2017,5.06
145,2,2018,4.82
145,2,2019,4.46
145,2,2020,4.09
145,2,2021,3.97
145,2,2022,4.14
145,2,2023,4.08
145,3,1980,43.36
145,3,1981,42.22
145,3,1982,40.8
145,3,1983,38.93
145,3,1984,37.72
145,3,1985,35.46
145,3,1986,32.1
145,3,1987,29.62
145,3,1988,28.48
145,3,1989,27.11
145,3,1990,27.22
145,3,1991,27.92
145,3,1992,27.57
145,3,1993,28.33
145,3,1994,26.48
145,3,1995,26.89
145,3,1996,30.84
145,3,1997,28.3
145,3,1998,30
145,3,1999,25.65
145,3,2000,25.31
145,3,2001,28.45
145,3,2002,25.98
145,3,2003,25.45
145,3,2004,23.19
145,3,2005,22.44
145,3,2006,21.93
145,3,2007,21.31
145,3,2008,21.03
145,3,2009,18.41
145,3,2010,17.13
145,3,2011,16.6
145,3,2012,16.5
145,3,2013,15.4
145,3,2014,14.65
145,3,2015,13.39
145,3,2016,13.02
145,3,2017,12.19
145,3,2018,11.97
145,3,2019,11.4
145,3,2020,10.2
145,3,2021,9.8
145,3,2022,10.47
145,3,2023,10.02
146,1,1980,16.21
146,1,1981,15.98
146,1,1982,15.71
146,1,1983,15.45
146,1,1984,15.25
146,1,1985,15.07
146,1,1986,14.96
146,1,1987,15.07
146,1,1988,15.12
146,1,1989,15.08
146,1,1990,15.66
146,1,1991,16.07
146,1,1992,16.21
146,1,1993,16.23
146,1,1994,16.22
146,1,1995,16.35
146,1,1996,16.3
146,1,1997,16.33
146,1,1998,16.37
146,1,1999,16.26
146,1,2000,16.19
146,1,2001,15.96
146,1,2002,15.57
146,1,2003,15.31
146,1,2004,15.06
146,1,2005,14.96
146,1,2006,14.91
146,1,2007,15
146,1,2008,15.07
146,1,2009,15.23
146,1,2010,15.33
146,1,2011,15.66
146,1,2012,15.8
146,1,2013,16.09
146,1,2014,17.24
146,1,2015,17.1
146,1,2016,15.94
146,1,2017,15.28
146,1,2018,16.32
146,1,2019,18.94
146,1,2020,21.08
146,1,2021,13.35
146,1,2022,14.65
146,1,2023,14.35
146,2,1980,6.13
146,2,1981,6.02
146,2,1982,6.02
146,2,1983,6.15
146,2,1984,6.05
146,2,1985,5.99
146,2,1986,5.93
146,2,1987,5.85
146,2,1988,5.8
146,2,1989,5.78
146,2,1990,5.75
146,2,1991,5.69
146,2,1992,5.72
146,2,1993,5.7
146,2,1994,5.77
146,2,1995,5.79
146,2,1996,5.77
146,2,1997,5.73
146,2,1998,5.6
146,2,1999,5.54
146,2,2000,5.36
146,2,2001,5.24
146,2,2002,5.02
146,2,2003,4.82
146,2,2004,4.68
146,2,2005,4.55
146,2,2006,4.42
146,2,2007,4.37
146,2,2008,4.33
146,2,2009,4.33
146,2,2010,4.29
146,2,2011,4.35
146,2,2012,4.48
146,2,2013,4.63
146,2,2014,4.64
146,2,2015,4.34
146,2,2016,4.23
146,2,2017,4.28
146,2,2018,4.53
146,2,2019,4.92
146,2,2020,5.41
146,2,2021,3.7
146,2,2022,4.23
146,2,2023,4.25
146,3,1980,11.14
146,3,1981,10.97
146,3,1982,10.82
146,3,1983,10.74
146,3,1984,10.59
146,3,1985,10.46
146,3,1986,10.37
146,3,1987,10.39
146,3,1988,10.39
146,3,1989,10.36
146,3,1990,10.63
146,3,1991,10.79
146,3,1992,10.87
146,3,1993,10.87
146,3,1994,10.9
146,3,1995,10.97
146,3,1996,10.93
146,3,1997,10.93
146,3,1998,10.89
146,3,1999,10.8
146,3,2000,10.67
146,3,2001,10.5
146,3,2002,10.2
146,3,2003,9.96
146,3,2004,9.77
146,3,2005,9.65
146,3,2006,9.55
146,3,2007,9.56
146,3,2008,9.57
146,3,2009,9.65
146,3,2010,9.67
146,3,2011,9.85
146,3,2012,9.98
146,3,2013,10.2
146,3,2014,10.84
146,3,2015,10.69
146,3,2016,10.07
146,3,2017,9.76
146,3,2018,10.4
146,3,2019,11.88
146,3,2020,13.1
146,3,2021,8.45
146,3,2022,9.38
146,3,2023,9.24
147,1,1980,63.52
147,1,1981,62.07
147,1,1982,60.34
147,1,1983,58.08
147,1,1984,55.34
147,1,1985,53.75
147,1,1986,52.68
147,1,1987,51.32
147,1,1988,49.98
147,1,1989,48.58
147,1,1990,47.97
147,1,1991,47.69
147,1,1992,47.37
147,1,1993,46.81
147,1,1994,46.2
147,1,1995,45.82
147,1,1996,45.99
147,1,1997,45.4
147,1,1998,45.56
147,1,1999,45.63
147,1,2000,45.28
147,1,2001,45.19
147,1,2002,44.33
147,1,2003,43.15
147,1,2004,42.66
147,1,2005,41.99
147,1,2006,41.89
147,1,2007,40.49
147,1,2008,37.75
147,1,2009,35.91
147,1,2010,34.02
147,1,2011,33.49
147,1,2012,32.66
147,1,2013,30.84
147,1,2014,29.87
147,1,2015,29.09
147,1,2016,27.77
147,1,2017,27.35
147,1,2018,26.76
147,1,2019,26.71
147,1,2020,27.2
147,1,2021,27.74
147,1,2022,26.23
147,1,2023,26.18
147,2,1980,24.51
147,2,1981,23.14
147,2,1982,21.51
147,2,1983,19.88
147,2,1984,18.48
147,2,1985,17.27
147,2,1986,16.34
147,2,1987,15.56
147,2,1988,14.93
147,2,1989,14.4
147,2,1990,13.86
147,2,1991,13.52
147,2,1992,13.25
147,2,1993,12.93
147,2,1994,12.5
147,2,1995,12.14
147,2,1996,11.92
147,2,1997,11.47
147,2,1998,11.36
147,2,1999,11.26
147,2,2000,11.01
147,2,2001,10.91
147,2,2002,10.73
147,2,2003,10.4
147,2,2004,10.27
147,2,2005,10.18
147,2,2006,10.07
147,2,2007,9.73
147,2,2008,9.27
147,2,2009,8.8
147,2,2010,8.42
147,2,2011,8.47
147,2,2012,8.38
147,2,2013,7.99
147,2,2014,7.91
147,2,2015,7.78
147,2,2016,7.42
147,2,2017,7.37
147,2,2018,7.41
147,2,2019,7.44
147,2,2020,7.74
147,2,2021,8.25
147,2,2022,7.44
147,2,2023,7.45
147,3,1980,45.43
147,3,1981,44.14
147,3,1982,42.57
147,3,1983,40.69
147,3,1984,38.59
147,3,1985,37.14
147,3,1986,36.06
147,3,1987,34.87
147,3,1988,33.75
147,3,1989,32.64
147,3,1990,31.94
147,3,1991,31.52
147,3,1992,31.11
147,3,1993,30.54
147,3,1994,29.91
147,3,1995,29.45
147,3,1996,29.38
147,3,1997,28.83
147,3,1998,28.85
147,3,1999,28.83
147,3,2000,28.54
147,3,2001,28.47
147,3,2002,27.97
147,3,2003,27.22
147,3,2004,26.94
147,3,2005,26.59
147,3,2006,26.51
147,3,2007,25.63
147,3,2008,23.98
147,3,2009,22.81
147,3,2010,21.65
147,3,2011,21.39
147,3,2012,20.9
147,3,2013,19.77
147,3,2014,19.23
147,3,2015,18.75
147,3,2016,17.89
147,3,2017,17.63
147,3,2018,17.35
147,3,2019,17.33
147,3,2020,17.71
147,3,2021,18.22
147,3,2022,17.04
147,3,2023,17.02
148,1,1980,54.1
148,1,1981,54.19
148,1,1982,54.58
148,1,1983,54.62
148,1,1984,54.66
148,1,1985,54.62
148,1,1986,54.68
148,1,1987,54.61
148,1,1988,54.78
148,1,1989,54.89
148,1,1990,55.2
148,1,1991,55.17
148,1,1992,54.93
148,1,1993,54.05
148,1,1994,53.35
148,1,1995,52.44
148,1,1996,51.67
148,1,1997,50.67
148,1,1998,49.85
148,1,1999,48.93
148,1,2000,48.17
148,1,2001,47.55
148,1,2002,47.04
148,1,2003,46.19
148,1,2004,45.06
148,1,2005,44.23
148,1,2006,43.5
148,1,2007,42.59
148,1,2008,41.5
148,1,2009,40.49
148,1,2010,39.53
148,1,2011,38.44
148,1,2012,37.59
148,1,2013,32.95
148,1,2014,32.57
148,1,2015,32.12
148,1,2016,32.03
148,1,2017,31.81
148,1,2018,32.67
148,1,2019,32.87
148,1,2020,32.72
148,1,2021,33.19
148,1,2022,33.16
148,1,2023,31.83
148,2,1980,33.47
148,2,1981,32.61
148,2,1982,32.36
148,2,1983,31.48
148,2,1984,31.14
148,2,1985,30.93
148,2,1986,30.37
148,2,1987,30.18
148,2,1988,29.7
148,2,1989,29.52
148,2,1990,29.52
148,2,1991,29.4
148,2,1992,29.13
148,2,1993,28.73
148,2,1994,28.36
148,2,1995,27.85
148,2,1996,27.48
148,2,1997,26.71
148,2,1998,26.41
148,2,1999,25.89
148,2,2000,25.7
148,2,2001,25.63
148,2,2002,25.27
148,2,2003,24.98
148,2,2004,24.47
148,2,2005,23.94
148,2,2006,23.55
148,2,2007,23.2
148,2,2008,22.81
148,2,2009,22.59
148,2,2010,22.32
148,2,2011,22.1
148,2,2012,21.93
148,2,2013,18.64
148,2,2014,18.91
148,2,2015,17.94
148,2,2016,18.14
148,2,2017,18.25
148,2,2018,18.65
148,2,2019,19.1
148,2,2020,19.76
148,2,2021,20.29
148,2,2022,19.52
148,2,2023,18.22
148,3,1980,44.25
148,3,1981,43.87
148,3,1982,43.94
148,3,1983,43.52
148,3,1984,43.35
148,3,1985,43.2
148,3,1986,42.93
148,3,1987,42.78
148,3,1988,42.6
148,3,1989,42.53
148,3,1990,42.67
148,3,1991,42.57
148,3,1992,42.29
148,3,1993,41.62
148,3,1994,41.07
148,3,1995,40.34
148,3,1996,39.75
148,3,1997,38.84
148,3,1998,38.27
148,3,1999,37.53
148,3,2000,37.04
148,3,2001,36.68
148,3,2002,36.23
148,3,2003,35.66
148,3,2004,34.82
148,3,2005,34.14
148,3,2006,33.59
148,3,2007,32.96
148,3,2008,32.23
148,3,2009,31.63
148,3,2010,31.02
148,3,2011,30.38
148,3,2012,29.89
148,3,2013,25.91
148,3,2014,25.86
148,3,2015,25.16
148,3,2016,25.23
148,3,2017,25.18
148,3,2018,25.83
148,3,2019,26.16
148,3,2020,26.43
148,3,2021,26.94
148,3,2022,26.54
148,3,2023,25.23
149,1,1980,30.2
149,1,1981,30.47
149,1,1982,29.87
149,1,1983,29.26
149,1,1984,29.19
149,1,1985,28.98
149,1,1986,28.65
149,1,1987,28.31
149,1,1988,27.85
149,1,1989,27.34
149,1,1990,26.77
149,1,1991,26.31
149,1,1992,25.85
149,1,1993,25.28
149,1,1994,24.8
149,1,1995,24.37
149,1,1996,23.88
149,1,1997,23.43
149,1,1998,22.85
149,1,1999,22.19
149,1,2000,21.5
149,1,2001,20.75
149,1,2002,19.97
149,1,2003,19.34
149,1,2004,18.82
149,1,2005,18.55
149,1,2006,18.1
149,1,2007,17.82
149,1,2008,17.33
149,1,2009,16.88
149,1,2010,16.47
149,1,2011,15.81
149,1,2012,14.51
149,1,2013,13.16
149,1,2014,12.17
149,1,2015,13.17
149,1,2016,13.07
149,1,2017,12.81
149,1,2018,12.4
149,1,2019,12.19
149,1,2020,11.6
149,1,2021,11.06
149,1,2022,10.77
149,1,2023,10.66
149,2,1980,6.41
149,2,1981,6.3
149,2,1982,6.11
149,2,1983,6.02
149,2,1984,5.96
149,2,1985,5.92
149,2,1986,5.85
149,2,1987,5.84
149,2,1988,5.82
149,2,1989,5.81
149,2,1990,5.78
149,2,1991,5.77
149,2,1992,5.8
149,2,1993,5.81
149,2,1994,5.83
149,2,1995,5.82
149,2,1996,5.79
149,2,1997,5.73
149,2,1998,5.67
149,2,1999,5.59
149,2,2000,5.55
149,2,2001,5.58
149,2,2002,5.52
149,2,2003,5.41
149,2,2004,5.32
149,2,2005,5.31
149,2,2006,5.23
149,2,2007,5.13
149,2,2008,5
149,2,2009,4.87
149,2,2010,4.84
149,2,2011,4.67
149,2,2012,4.27
149,2,2013,3.99
149,2,2014,3.88
149,2,2015,4.19
149,2,2016,4.04
149,2,2017,3.99
149,2,2018,3.89
149,2,2019,3.75
149,2,2020,3.55
149,2,2021,3.5
149,2,2022,3.52
149,2,2023,3.62
149,3,1980,17.92
149,3,1981,18.06
149,3,1982,17.63
149,3,1983,17.26
149,3,1984,17.23
149,3,1985,17.14
149,3,1986,16.98
149,3,1987,16.84
149,3,1988,16.63
149,3,1989,16.4
149,3,1990,16.14
149,3,1991,15.93
149,3,1992,15.74
149,3,1993,15.48
149,3,1994,15.27
149,3,1995,15.06
149,3,1996,14.81
149,3,1997,14.56
149,3,1998,14.24
149,3,1999,13.86
149,3,2000,13.49
149,3,2001,13.13
149,3,2002,12.7
149,3,2003,12.32
149,3,2004,12
149,3,2005,11.85
149,3,2006,11.58
149,3,2007,11.38
149,3,2008,11.07
149,3,2009,10.77
149,3,2010,10.55
149,3,2011,10.13
149,3,2012,9.28
149,3,2013,8.46
149,3,2014,7.91
149,3,2015,8.56
149,3,2016,8.44
149,3,2017,8.28
149,3,2018,8.03
149,3,2019,7.87
149,3,2020,7.47
149,3,2021,7.17
149,3,2022,7.05
149,3,2023,7.04
150,1,1980,119.15
150,1,1981,114.53
150,1,1982,113.43
150,1,1983,111.33
150,1,1984,108.17
150,1,1985,105.4
150,1,1986,101.91
150,1,1987,97.94
150,1,1988,94.43
150,1,1989,91.95
150,1,1990,89.72
150,1,1991,85.25
150,1,1992,83.63
150,1,1993,81.63
150,1,1994,80.81
150,1,1995,79.63
150,1,1996,78.4
150,1,1997,77.58
150,1,1998,77.16
150,1,1999,77.16
150,1,2000,78.2
150,1,2001,78.78
150,1,2002,79.9
150,1,2003,81.23
150,1,2004,81.49
150,1,2005,84.15
150,1,2006,85.44
150,1,2007,86.93
150,1,2008,86.15
150,1,2009,85.98
150,1,2010,84.08
150,1,2011,79.7
150,1,2012,72.84
150,1,2013,68.37
150,1,2014,64.73
150,1,2015,60.12
150,1,2016,55.55
150,1,2017,52.04
150,1,2018,48.52
150,1,2019,45.32
150,1,2020,44.5
150,1,2021,42.22
150,1,2022,35.96
150,1,2023,33.83
150,2,1980,47.83
150,2,1981,44.69
150,2,1982,44.48
150,2,1983,43.57
150,2,1984,42.27
150,2,1985,41.5
150,2,1986,41.01
150,2,1987,40.18
150,2,1988,39.57
150,2,1989,39.45
150,2,1990,39.26
150,2,1991,36.4
150,2,1992,35.9
150,2,1993,34.54
150,2,1994,34.17
150,2,1995,32.75
150,2,1996,31.03
150,2,1997,29.5
150,2,1998,28.18
150,2,1999,26.86
150,2,2000,26.12
150,2,2001,25.19
150,2,2002,24.81
150,2,2003,24.09
150,2,2004,23.2
150,2,2005,22.77
150,2,2006,22.35
150,2,2007,21.84
150,2,2008,20.69
150,2,2009,19.88
150,2,2010,19.52
150,2,2011,18.74
150,2,2012,17.81
150,2,2013,17.28
150,2,2014,16.99
150,2,2015,16.32
150,2,2016,15.45
150,2,2017,15.28
150,2,2018,14.77
150,2,2019,14.34
150,2,2020,13.75
150,2,2021,14.11
150,2,2022,13.09
150,2,2023,13
150,3,1980,88.33
150,3,1981,84.61
150,3,1982,84.1
150,3,1983,82.72
150,3,1984,80.56
150,3,1985,78.81
150,3,1986,76.78
150,3,1987,74.22
150,3,1988,71.99
150,3,1989,70.53
150,3,1990,69.16
150,3,1991,65.36
150,3,1992,64.14
150,3,1993,62.31
150,3,1994,61.55
150,3,1995,60.14
150,3,1996,58.58
150,3,1997,57.32
150,3,1998,56.39
150,3,1999,55.67
150,3,2000,55.84
150,3,2001,55.66
150,3,2002,56.05
150,3,2003,56.42
150,3,2004,56.13
150,3,2005,57.43
150,3,2006,58
150,3,2007,58.6
150,3,2008,57.61
150,3,2009,57.13
150,3,2010,55.83
150,3,2011,53.02
150,3,2012,48.72
150,3,2013,45.94
150,3,2014,43.72
150,3,2015,40.85
150,3,2016,37.91
150,3,2017,35.8
150,3,2018,33.55
150,3,2019,31.59
150,3,2020,30.65
150,3,2021,29.47
150,3,2022,25.72
150,3,2023,24.72
151,1,1980,102.56
151,1,1981,97.63
151,1,1982,90.97
151,1,1983,82.78
151,1,1984,77.46
151,1,1985,70.11
151,1,1986,63.47
151,1,1987,57.39
151,1,1988,53.14
151,1,1989,49.81
151,1,1990,46.51
151,1,1991,44.21
151,1,1992,43.15
151,1,1993,42.19
151,1,1994,42.04
151,1,1995,41.9
151,1,1996,40.46
151,1,1997,39.38
151,1,1998,39.14
151,1,1999,38.35
151,1,2000,38
151,1,2001,37.83
151,1,2002,38.54
151,1,2003,39.22
151,1,2004,39.51
151,1,2005,39.79
151,1,2006,39.64
151,1,2007,38.86
151,1,2008,36.94
151,1,2009,34.71
151,1,2010,32.62
151,1,2011,30.56
151,1,2012,28.09
151,1,2013,26.18
151,1,2014,24.8
151,1,2015,22.3
151,1,2016,20.8
151,1,2017,19.28
151,1,2018,17.82
151,1,2019,17.2
151,1,2020,15.84
151,1,2021,14.64
151,1,2022,14.02
151,1,2023,13.98
151,2,1980,23.24
151,2,1981,22.28
151,2,1982,21.3
151,2,1983,20.12
151,2,1984,19.15
151,2,1985,18.23
151,2,1986,17.56
151,2,1987,17.02
151,2,1988,16.51
151,2,1989,16.13
151,2,1990,15.62
151,2,1991,15.12
151,2,1992,15.07
151,2,1993,15.26
151,2,1994,14.79
151,2,1995,14.02
151,2,1996,13.52
151,2,1997,13.39
151,2,1998,12.95
151,2,1999,12.67
151,2,2000,12.65
151,2,2001,12.5
151,2,2002,12.34
151,2,2003,11.86
151,2,2004,11.04
151,2,2005,10.21
151,2,2006,9.38
151,2,2007,8.68
151,2,2008,8.12
151,2,2009,7.77
151,2,2010,7.32
151,2,2011,6.72
151,2,2012,6.13
151,2,2013,5.67
151,2,2014,5.4
151,2,2015,5.05
151,2,2016,4.68
151,2,2017,4.43
151,2,2018,4.23
151,2,2019,4.13
151,2,2020,3.94
151,2,2021,3.74
151,2,2022,3.69
151,2,2023,3.93
151,3,1980,71.72
151,3,1981,68.57
151,3,1982,64.21
151,3,1983,58.8
151,3,1984,55.23
151,3,1985,50.44
151,3,1986,46.21
151,3,1987,42.29
151,3,1988,39.46
151,3,1989,37.28
151,3,1990,35.07
151,3,1991,33.5
151,3,1992,32.86
151,3,1993,32.34
151,3,1994,32.02
151,3,1995,31.56
151,3,1996,30.61
151,3,1997,29.98
151,3,1998,29.66
151,3,1999,29.04
151,3,2000,28.76
151,3,2001,28.62
151,3,2002,29.05
151,3,2003,29.33
151,3,2004,29.31
151,3,2005,29.29
151,3,2006,29.08
151,3,2007,28.47
151,3,2008,27.13
151,3,2009,25.6
151,3,2010,24.01
151,3,2011,22.44
151,3,2012,20.65
151,3,2013,19.22
151,3,2014,18.23
151,3,2015,16.42
151,3,2016,15.23
151,3,2017,14.06
151,3,2018,12.9
151,3,2019,12.32
151,3,2020,11.16
151,3,2021,10.31
151,3,2022,9.94
151,3,2023,9.93
152,1,1980,119.08
152,1,1981,119.7
152,1,1982,118.26
152,1,1983,115.18
152,1,1984,110.84
152,1,1985,105.71
152,1,1986,101.04
152,1,1987,97.08
152,1,1988,93.36
152,1,1989,89.93
152,1,1990,87.1
152,1,1991,84.3
152,1,1992,81.27
152,1,1993,78.65
152,1,1994,76.07
152,1,1995,73.58
152,1,1996,71.02
152,1,1997,68.42
152,1,1998,66.39
152,1,1999,65.08
152,1,2000,64.91
152,1,2001,65.81
152,1,2002,66.35
152,1,2003,68.14
152,1,2004,70.49
152,1,2005,72.7
152,1,2006,74.68
152,1,2007,76.57
152,1,2008,78.48
152,1,2009,79.87
152,1,2010,79.81
152,1,2011,78.95
152,1,2012,76.26
152,1,2013,72.53
152,1,2014,69.51
152,1,2015,63.94
152,1,2016,59.88
152,1,2017,55.71
152,1,2018,52.19
152,1,2019,49.85
152,1,2020,49.11
152,1,2021,46.08
152,1,2022,45.07
152,1,2023,46.43
152,2,1980,35.87
152,2,1981,34.31
152,2,1982,32.2
152,2,1983,30.12
152,2,1984,28.3
152,2,1985,26.72
152,2,1986,25.31
152,2,1987,24.08
152,2,1988,23.02
152,2,1989,22.14
152,2,1990,21.35
152,2,1991,20.87
152,2,1992,20.37
152,2,1993,19.94
152,2,1994,19.47
152,2,1995,18.89
152,2,1996,18.26
152,2,1997,17.54
152,2,1998,16.89
152,2,1999,16.45
152,2,2000,16.33
152,2,2001,16.62
152,2,2002,17.22
152,2,2003,16.67
152,2,2004,16.06
152,2,2005,15.85
152,2,2006,15.75
152,2,2007,15.58
152,2,2008,15.67
152,2,2009,15.43
152,2,2010,15.17
152,2,2011,14.81
152,2,2012,14.37
152,2,2013,13.66
152,2,2014,13.27
152,2,2015,12.65
152,2,2016,12.12
152,2,2017,11.81
152,2,2018,11.41
152,2,2019,11.37
152,2,2020,11.77
152,2,2021,12.04
152,2,2022,12
152,2,2023,11.68
152,3,1980,82.9
152,3,1981,82.77
152,3,1982,81.23
152,3,1983,78.75
152,3,1984,75.67
152,3,1985,72.2
152,3,1986,69.04
152,3,1987,66.32
152,3,1988,63.82
152,3,1989,61.53
152,3,1990,59.57
152,3,1991,57.73
152,3,1992,55.7
152,3,1993,53.92
152,3,1994,52.14
152,3,1995,50.35
152,3,1996,48.49
152,3,1997,46.58
152,3,1998,45.05
152,3,1999,44.04
152,3,2000,43.84
152,3,2001,44.44
152,3,2002,45
152,3,2003,45.8
152,3,2004,46.9
152,3,2005,48.13
152,3,2006,49.27
152,3,2007,50.35
152,3,2008,51.58
152,3,2009,52.39
152,3,2010,52.4
152,3,2011,51.86
152,3,2012,50.23
152,3,2013,47.87
152,3,2014,46.07
152,3,2015,42.68
152,3,2016,40.15
152,3,2017,37.63
152,3,2018,35.45
152,3,2019,34.1
152,3,2020,33.82
152,3,2021,32.16
152,3,2022,31.57
152,3,2023,32.37
153,1,1980,25.35
153,1,1981,25.44
153,1,1982,25.46
153,1,1983,25.43
153,1,1984,25.72
153,1,1985,25.64
153,1,1986,25.48
153,1,1987,25.28
153,1,1988,25.07
153,1,1989,24.96
153,1,1990,24.82
153,1,1991,24.64
153,1,1992,24.52
153,1,1993,24.39
153,1,1994,24.22
153,1,1995,23.97
153,1,1996,23.73
153,1,1997,23.47
153,1,1998,23.12
153,1,1999,23.02
153,1,2000,22.94
153,1,2001,22.83
153,1,2002,22.58
153,1,2003,22.62
153,1,2004,22.06
153,1,2005,21.41
153,1,2006,20.77
153,1,2007,20.6
153,1,2008,20.33
153,1,2009,19.8
153,1,2010,18.79
153,1,2011,18.07
153,1,2012,17.04
153,1,2013,15.64
153,1,2014,14
153,1,2015,12.52
153,1,2016,11.6
153,1,2017,11.19
153,1,2018,11.85
153,1,2019,11.89
153,1,2020,11.96
153,1,2021,12.14
153,1,2022,13.22
153,1,2023,13.89
153,2,1980,9.45
153,2,1981,9.32
153,2,1982,9.18
153,2,1983,9.03
153,2,1984,9.1
153,2,1985,8.79
153,2,1986,8.73
153,2,1987,8.64
153,2,1988,8.57
153,2,1989,8.55
153,2,1990,8.44
153,2,1991,8.43
153,2,1992,8.43
153,2,1993,8.44
153,2,1994,8.28
153,2,1995,8.08
153,2,1996,7.98
153,2,1997,7.84
153,2,1998,7.56
153,2,1999,7.66
153,2,2000,7.93
153,2,2001,8.2
153,2,2002,8.21
153,2,2003,8.3
153,2,2004,7.92
153,2,2005,7.48
153,2,2006,7.12
153,2,2007,6.87
153,2,2008,6.56
153,2,2009,6.16
153,2,2010,5.85
153,2,2011,5.56
153,2,2012,5.19
153,2,2013,4.94
153,2,2014,4.78
153,2,2015,4.69
153,2,2016,4.63
153,2,2017,4.65
153,2,2018,5.16
153,2,2019,5.1
153,2,2020,4.91
153,2,2021,4.6
153,2,2022,4.65
153,2,2023,4.53
153,3,1980,17.45
153,3,1981,17.43
153,3,1982,17.37
153,3,1983,17.28
153,3,1984,17.46
153,3,1985,17.27
153,3,1986,17.16
153,3,1987,17.01
153,3,1988,16.88
153,3,1989,16.81
153,3,1990,16.7
153,3,1991,16.6
153,3,1992,16.56
153,3,1993,16.5
153,3,1994,16.36
153,3,1995,16.14
153,3,1996,15.98
153,3,1997,15.79
153,3,1998,15.49
153,3,1999,15.5
153,3,2000,15.6
153,3,2001,15.69
153,3,2002,15.57
153,3,2003,15.65
153,3,2004,15.19
153,3,2005,14.65
153,3,2006,14.16
153,3,2007,13.97
153,3,2008,13.71
153,3,2009,13.24
153,3,2010,12.56
153,3,2011,12.04
153,3,2012,11.32
153,3,2013,10.44
153,3,2014,9.46
153,3,2015,8.6
153,3,2016,8.06
153,3,2017,7.83
153,3,2018,8.38
153,3,2019,8.35
153,3,2020,8.28
153,3,2021,8.21
153,3,2022,8.74
153,3,2023,9
154,1,1980,49.85
154,1,1981,50.23
154,1,1982,49.74
154,1,1983,49.9
154,1,1984,50.1
154,1,1985,50.26
154,1,1986,49.76
154,1,1987,49.66
154,1,1988,49.65
154,1,1989,49.59
154,1,1990,49.21
154,1,1991,48.88
154,1,1992,48.28
154,1,1993,47.77
154,1,1994,47.51
154,1,1995,46.88
154,1,1996,46.6
154,1,1997,46.29
154,1,1998,45.99
154,1,1999,45.73
154,1,2000,45.25
154,1,2001,44.61
154,1,2002,44.19
154,1,2003,43.95
154,1,2004,43.79
154,1,2005,43.38
154,1,2006,42.8
154,1,2007,41.94
154,1,2008,41.74
154,1,2009,40.7
154,1,2010,39.48
154,1,2011,38.82
154,1,2012,36.83
154,1,2013,34.73
154,1,2014,33.49
154,1,2015,33.27
154,1,2016,32.3
154,1,2017,31.69
154,1,2018,29.57
154,1,2019,28.61
154,1,2020,26.47
154,1,2021,24.1
154,1,2022,25.39
154,1,2023,26.74
154,2,1980,14.13
154,2,1981,13.7
154,2,1982,13.43
154,2,1983,13.13
154,2,1984,12.92
154,2,1985,12.8
154,2,1986,12.49
154,2,1987,12.37
154,2,1988,12.25
154,2,1989,12.12
154,2,1990,11.94
154,2,1991,11.84
154,2,1992,11.68
154,2,1993,11.56
154,2,1994,11.41
154,2,1995,11.05
154,2,1996,10.8
154,2,1997,10.64
154,2,1998,10.48
154,2,1999,10.33
154,2,2000,10.02
154,2,2001,9.77
154,2,2002,9.57
154,2,2003,9.33
154,2,2004,9.16
154,2,2005,8.99
154,2,2006,8.85
154,2,2007,8.74
154,2,2008,8.72
154,2,2009,8.63
154,2,2010,8.51
154,2,2011,8.56
154,2,2012,8.37
154,2,2013,8.25
154,2,2014,8.21
154,2,2015,8.24
154,2,2016,8.24
154,2,2017,8.34
154,2,2018,7.85
154,2,2019,7.8
154,2,2020,7.47
154,2,2021,6.79
154,2,2022,7.31
154,2,2023,7.93
154,3,1980,30.23
154,3,1981,30.22
154,3,1982,29.99
154,3,1983,29.95
154,3,1984,29.97
154,3,1985,30.03
154,3,1986,29.73
154,3,1987,29.67
154,3,1988,29.6
154,3,1989,29.43
154,3,1990,29.15
154,3,1991,29.05
154,3,1992,28.74
154,3,1993,28.46
154,3,1994,28.28
154,3,1995,27.8
154,3,1996,27.55
154,3,1997,27.18
154,3,1998,26.97
154,3,1999,26.8
154,3,2000,26.47
154,3,2001,26.07
154,3,2002,25.8
154,3,2003,25.62
154,3,2004,25.48
154,3,2005,25.23
154,3,2006,24.9
154,3,2007,24.46
154,3,2008,24.38
154,3,2009,23.86
154,3,2010,23.24
154,3,2011,22.97
154,3,2012,21.95
154,3,2013,20.9
154,3,2014,20.31
154,3,2015,20.22
154,3,2016,19.76
154,3,2017,19.53
154,3,2018,18.27
154,3,2019,17.79
154,3,2020,16.56
154,3,2021,15.06
154,3,2022,16.01
154,3,2023,16.99
155,1,1980,33.23
155,1,1981,32
155,1,1982,30.55
155,1,1983,29.76
155,1,1984,29.84
155,1,1985,29.78
155,1,1986,29.34
155,1,1987,29.09
155,1,1988,29.3
155,1,1989,29.88
155,1,1990,30.12
155,1,1991,30.37
155,1,1992,30.69
155,1,1993,31.02
155,1,1994,31.26
155,1,1995,30.86
155,1,1996,29.89
155,1,1997,29.06
155,1,1998,28.18
155,1,1999,26.64
155,1,2000,25.19
155,1,2001,23.51
155,1,2002,22.09
155,1,2003,20.83
155,1,2004,20.28
155,1,2005,20.3
155,1,2006,20.03
155,1,2007,19.08
155,1,2008,17.56
155,1,2009,15.56
155,1,2010,14.76
155,1,2011,14.86
155,1,2012,14.96
155,1,2013,15.42
155,1,2014,15.74
155,1,2015,16.07
155,1,2016,16.63
155,1,2017,16.61
155,1,2018,16.22
155,1,2019,15.54
155,1,2020,15.35
155,1,2021,15.78
155,1,2022,15.48
155,1,2023,15
155,2,1980,8.95
155,2,1981,9
155,2,1982,8.76
155,2,1983,8.47
155,2,1984,8.2
155,2,1985,7.99
155,2,1986,7.8
155,2,1987,7.61
155,2,1988,7.55
155,2,1989,7.59
155,2,1990,7.6
155,2,1991,7.61
155,2,1992,7.62
155,2,1993,7.66
155,2,1994,7.61
155,2,1995,7.45
155,2,1996,7.17
155,2,1997,6.97
155,2,1998,6.7
155,2,1999,6.17
155,2,2000,6.15
155,2,2001,5.95
155,2,2002,5.77
155,2,2003,5.77
155,2,2004,5.73
155,2,2005,5.75
155,2,2006,5.71
155,2,2007,5.5
155,2,2008,5.14
155,2,2009,4.65
155,2,2010,4.38
155,2,2011,4.42
155,2,2012,4.45
155,2,2013,4.58
155,2,2014,4.71
155,2,2015,4.75
155,2,2016,4.73
155,2,2017,4.6
155,2,2018,4.34
155,2,2019,4.16
155,2,2020,4.06
155,2,2021,4.26
155,2,2022,4.1
155,2,2023,3.92
155,3,1980,20.76
155,3,1981,20.15
155,3,1982,19.33
155,3,1983,18.85
155,3,1984,18.8
155,3,1985,18.69
155,3,1986,18.38
155,3,1987,18.16
155,3,1988,18.23
155,3,1989,18.51
155,3,1990,18.62
155,3,1991,18.74
155,3,1992,18.9
155,3,1993,19.07
155,3,1994,19.15
155,3,1995,18.85
155,3,1996,18.22
155,3,1997,17.68
155,3,1998,17.09
155,3,1999,16.05
155,3,2000,15.31
155,3,2001,14.36
155,3,2002,13.55
155,3,2003,12.96
155,3,2004,12.69
155,3,2005,12.73
155,3,2006,12.58
155,3,2007,12.01
155,3,2008,11.1
155,3,2009,9.89
155,3,2010,9.37
155,3,2011,9.45
155,3,2012,9.53
155,3,2013,9.82
155,3,2014,10.04
155,3,2015,10.23
155,3,2016,10.5
155,3,2017,10.44
155,3,2018,10.12
155,3,2019,9.69
155,3,2020,9.52
155,3,2021,9.84
155,3,2022,9.62
155,3,2023,9.29
156,1,1980,128.26
156,1,1981,125.43
156,1,1982,118.84
156,1,1983,109.77
156,1,1984,99.13
156,1,1985,86.48
156,1,1986,75.02
156,1,1987,68.04
156,1,1988,64.12
156,1,1989,61.83
156,1,1990,61.88
156,1,1991,60.44
156,1,1992,58.73
156,1,1993,57.17
156,1,1994,56.13
156,1,1995,55.05
156,1,1996,55.45
156,1,1997,54.59
156,1,1998,55.08
156,1,1999,54.39
156,1,2000,54.27
156,1,2001,53.21
156,1,2002,51.67
156,1,2003,49.85
156,1,2004,45.64
156,1,2005,42.69
156,1,2006,38.74
156,1,2007,40.54
156,1,2008,42.52
156,1,2009,44.63
156,1,2010,38.91
156,1,2011,34.56
156,1,2012,30.04
156,1,2013,23.66
156,1,2014,21.03
156,1,2015,18.16
156,1,2016,16.34
156,1,2017,14.32
156,1,2018,12.83
156,1,2019,11.82
156,1,2020,10.05
156,1,2021,9.41
156,1,2022,9.53
156,1,2023,10.05
156,2,1980,27.79
156,2,1981,26.77
156,2,1982,24.66
156,2,1983,22.35
156,2,1984,20.18
156,2,1985,18.28
156,2,1986,16.5
156,2,1987,15.14
156,2,1988,14.12
156,2,1989,13.24
156,2,1990,12.44
156,2,1991,11.67
156,2,1992,10.69
156,2,1993,10.22
156,2,1994,9.75
156,2,1995,9.1
156,2,1996,8.7
156,2,1997,8.49
156,2,1998,8.51
156,2,1999,8.4
156,2,2000,8.66
156,2,2001,8.31
156,2,2002,7.62
156,2,2003,7.01
156,2,2004,6.99
156,2,2005,6.89
156,2,2006,6.41
156,2,2007,6.11
156,2,2008,6.01
156,2,2009,5.81
156,2,2010,5.42
156,2,2011,5.15
156,2,2012,4.98
156,2,2013,4.02
156,2,2014,4.06
156,2,2015,4.04
156,2,2016,4
156,2,2017,4.02
156,2,2018,4.03
156,2,2019,4.04
156,2,2020,3.9
156,2,2021,3.86
156,2,2022,3.67
156,2,2023,3.76
156,3,1980,89.02
156,3,1981,86.55
156,3,1982,81.36
156,3,1983,74.76
156,3,1984,67.43
156,3,1985,59.15
156,3,1986,51.76
156,3,1987,47.18
156,3,1988,44.59
156,3,1989,43.07
156,3,1990,42.81
156,3,1991,41.69
156,3,1992,40.36
156,3,1993,39.32
156,3,1994,38.6
156,3,1995,37.8
156,3,1996,37.97
156,3,1997,37.47
156,3,1998,37.84
156,3,1999,37.45
156,3,2000,37.63
156,3,2001,36.92
156,3,2002,35.5
156,3,2003,33.93
156,3,2004,31.24
156,3,2005,29.4
156,3,2006,26.78
156,3,2007,28.33
156,3,2008,30.03
156,3,2009,31.71
156,3,2010,27.78
156,3,2011,24.73
156,3,2012,21.64
156,3,2013,17.06
156,3,2014,15.26
156,3,2015,13.27
156,3,2016,11.96
156,3,2017,10.6
156,3,2018,9.63
156,3,2019,8.97
156,3,2020,7.69
156,3,2021,7.26
156,3,2022,7.32
156,3,2023,7.72
157,1,1980,42.77
157,1,1981,41.97
157,1,1982,41.32
157,1,1983,40.79
157,1,1984,40.15
157,1,1985,39.72
157,1,1986,39.37
157,1,1987,38.88
157,1,1988,38.94
157,1,1989,39.04
157,1,1990,39.33
157,1,1991,39.53
157,1,1992,39.65
157,1,1993,39.84
157,1,1994,40.14
157,1,1995,40.26
157,1,1996,40.44
157,1,1997,40.56
157,1,1998,40.4
157,1,1999,40.85
157,1,2000,41.19
157,1,2001,41.24
157,1,2002,41.79
157,1,2003,41.82
157,1,2004,42.36
157,1,2005,42.6
157,1,2006,42.67
157,1,2007,42.57
157,1,2008,43.12
157,1,2009,42.34
157,1,2010,41.08
157,1,2011,40.28
157,1,2012,38.95
157,1,2013,39.51
157,1,2014,39.19
157,1,2015,38.46
157,1,2016,37.45
157,1,2017,36.37
157,1,2018,35.67
157,1,2019,36.62
157,1,2020,38.08
157,1,2021,37.09
157,1,2022,37.4
157,1,2023,37.66
157,2,1980,19.68
157,2,1981,19.33
157,2,1982,18.91
157,2,1983,18.65
157,2,1984,18.28
157,2,1985,17.94
157,2,1986,17.65
157,2,1987,17.33
157,2,1988,16.98
157,2,1989,16.68
157,2,1990,16.4
157,2,1991,16.13
157,2,1992,15.81
157,2,1993,15.38
157,2,1994,15.02
157,2,1995,14.62
157,2,1996,14.2
157,2,1997,13.75
157,2,1998,13.27
157,2,1999,13.1
157,2,2000,12.86
157,2,2001,12.71
157,2,2002,12.71
157,2,2003,12.46
157,2,2004,12.34
157,2,2005,12.22
157,2,2006,12.07
157,2,2007,12.08
157,2,2008,12.22
157,2,2009,11.99
157,2,2010,11.63
157,2,2011,11.59
157,2,2012,11.25
157,2,2013,11.58
157,2,2014,11.52
157,2,2015,11.47
157,2,2016,11.22
157,2,2017,11.02
157,2,2018,10.57
157,2,2019,10.48
157,2,2020,10.33
157,2,2021,10.12
157,2,2022,10.41
157,2,2023,10.6
157,3,1980,30.79
157,3,1981,30.24
157,3,1982,29.72
157,3,1983,29.34
157,3,1984,28.86
157,3,1985,28.5
157,3,1986,28.2
157,3,1987,27.82
157,3,1988,27.69
157,3,1989,27.6
157,3,1990,27.64
157,3,1991,27.62
157,3,1992,27.55
157,3,1993,27.44
157,3,1994,27.43
157,3,1995,27.3
157,3,1996,27.19
157,3,1997,27.04
157,3,1998,26.73
157,3,1999,26.88
157,3,2000,26.94
157,3,2001,26.89
157,3,2002,27.18
157,3,2003,27.07
157,3,2004,27.28
157,3,2005,27.35
157,3,2006,27.31
157,3,2007,27.26
157,3,2008,27.61
157,3,2009,27.1
157,3,2010,26.28
157,3,2011,25.87
157,3,2012,25.02
157,3,2013,25.47
157,3,2014,25.27
157,3,2015,24.88
157,3,2016,24.25
157,3,2017,23.6
157,3,2018,23.01
157,3,2019,23.42
157,3,2020,24.03
157,3,2021,23.41
157,3,2022,23.69
157,3,2023,23.89
160,1,1980,28.3
160,1,1981,27.08
160,1,1982,23.88
160,1,1983,21.62
160,1,1984,21.46
160,1,1985,22.63
160,1,1986,24.21
160,1,1987,24.63
160,1,1988,24.97
160,1,1989,26.12
160,1,1990,28.25
160,1,1991,29.15
160,1,1992,30.25
160,1,1993,35.24
160,1,1994,40.43
160,1,1995,43.22
160,1,1996,42.95
160,1,1997,41.18
160,1,1998,38.88
160,1,1999,37.16
160,1,2000,35.34
160,1,2001,32.74
160,1,2002,28.98
160,1,2003,29.8
160,1,2004,31.21
160,1,2005,30.55
160,1,2006,30.22
160,1,2007,30.53
160,1,2008,30.73
160,1,2009,31.54
160,1,2010,32.56
160,1,2011,32.79
160,1,2012,33.71
160,1,2013,38.97
160,1,2014,39.14
160,1,2015,35.66
160,1,2016,35.91
160,1,2017,36.14
160,1,2018,36.29
160,1,2019,37.39
160,1,2020,37.19
160,1,2021,39.57
160,1,2022,37.35
160,1,2023,35.32
160,2,1980,7.35
160,2,1981,7.41
160,2,1982,7.39
160,2,1983,7.37
160,2,1984,7.43
160,2,1985,7.71
160,2,1986,8.08
160,2,1987,8.2
160,2,1988,8.22
160,2,1989,8.29
160,2,1990,8.52
160,2,1991,8.56
160,2,1992,8.72
160,2,1993,9.18
160,2,1994,9.48
160,2,1995,9.71
160,2,1996,9.55
160,2,1997,9.27
160,2,1998,8.94
160,2,1999,8.89
160,2,2000,8.79
160,2,2001,8.69
160,2,2002,8.07
160,2,2003,8.68
160,2,2004,9.33
160,2,2005,9.33
160,2,2006,9.33
160,2,2007,9.3
160,2,2008,9.23
160,2,2009,9.24
160,2,2010,9.3
160,2,2011,9.14
160,2,2012,9.02
160,2,2013,10.71
160,2,2014,10.59
160,2,2015,9.02
160,2,2016,8.86
160,2,2017,8.7
160,2,2018,8.49
160,2,2019,8.55
160,2,2020,8.43
160,2,2021,8.92
160,2,2022,8.41
160,2,2023,8.37
160,3,1980,18.33
160,3,1981,17.64
160,3,1982,15.74
160,3,1983,14.37
160,3,1984,14.23
160,3,1985,14.92
160,3,1986,15.86
160,3,1987,16.07
160,3,1988,16.18
160,3,1989,16.73
160,3,1990,17.87
160,3,1991,18.29
160,3,1992,18.86
160,3,1993,21.65
160,3,1994,24.56
160,3,1995,26.17
160,3,1996,25.99
160,3,1997,24.98
160,3,1998,23.69
160,3,1999,22.82
160,3,2000,21.86
160,3,2001,20.47
160,3,2002,18.27
160,3,2003,19.04
160,3,2004,20.12
160,3,2005,19.81
160,3,2006,19.65
160,3,2007,19.8
160,3,2008,19.84
160,3,2009,20.22
160,3,2010,20.75
160,3,2011,20.78
160,3,2012,21.19
160,3,2013,24.66
160,3,2014,24.69
160,3,2015,22.19
160,3,2016,22.25
160,3,2017,22.27
160,3,2018,22.24
160,3,2019,22.79
160,3,2020,22.65
160,3,2021,24.1
160,3,2022,22.73
160,3,2023,21.65
161,1,1980,10.79
161,1,1981,10.53
161,1,1982,10.47
161,1,1983,10.02
161,1,1984,10.14
161,1,1985,10.25
161,1,1986,10.5
161,1,1987,10.86
161,1,1988,10.86
161,1,1989,11.12
161,1,1990,10.96
161,1,1991,11.29
161,1,1992,10.79
161,1,1993,10.62
161,1,1994,10.54
161,1,1995,10.5
161,1,1996,10.6
161,1,1997,10.65
161,1,1998,10.8
161,1,1999,11.13
161,1,2000,11.17
161,1,2001,11.43
161,1,2002,11.69
161,1,2003,11.8
161,1,2004,11.77
161,1,2005,11.68
161,1,2006,11.41
161,1,2007,11.17
161,1,2008,10.76
161,1,2009,10.61
161,1,2010,10.43
161,1,2011,10.2
161,1,2012,10.14
161,1,2013,10.04
161,1,2014,9.7
161,1,2015,9.72
161,1,2016,9.67
161,1,2017,9.61
161,1,2018,9.64
161,1,2019,9.79
161,1,2020,9.45
161,1,2021,9.64
161,1,2022,10.42
161,1,2023,10.52
161,2,1980,3.26
161,2,1981,3.13
161,2,1982,3.09
161,2,1983,2.93
161,2,1984,2.95
161,2,1985,2.97
161,2,1986,3.11
161,2,1987,3.27
161,2,1988,3.41
161,2,1989,3.63
161,2,1990,3.67
161,2,1991,4.05
161,2,1992,3.77
161,2,1993,3.72
161,2,1994,3.63
161,2,1995,3.54
161,2,1996,3.59
161,2,1997,3.59
161,2,1998,3.66
161,2,1999,3.75
161,2,2000,3.69
161,2,2001,3.68
161,2,2002,3.67
161,2,2003,3.63
161,2,2004,3.49
161,2,2005,3.4
161,2,2006,3.27
161,2,2007,3.17
161,2,2008,2.99
161,2,2009,2.91
161,2,2010,2.82
161,2,2011,2.71
161,2,2012,2.67
161,2,2013,2.64
161,2,2014,2.58
161,2,2015,2.59
161,2,2016,2.6
161,2,2017,2.61
161,2,2018,2.64
161,2,2019,2.68
161,2,2020,2.68
161,2,2021,2.88
161,2,2022,2.99
161,2,2023,3.15
161,3,1980,7.27
161,3,1981,7.07
161,3,1982,7.01
161,3,1983,6.71
161,3,1984,6.78
161,3,1985,6.84
161,3,1986,7.03
161,3,1987,7.3
161,3,1988,7.37
161,3,1989,7.62
161,3,1990,7.56
161,3,1991,7.92
161,3,1992,7.53
161,3,1993,7.41
161,3,1994,7.33
161,3,1995,7.27
161,3,1996,7.34
161,3,1997,7.37
161,3,1998,7.48
161,3,1999,7.69
161,3,2000,7.68
161,3,2001,7.81
161,3,2002,7.93
161,3,2003,7.96
161,3,2004,7.87
161,3,2005,7.76
161,3,2006,7.53
161,3,2007,7.34
161,3,2008,7.03
161,3,2009,6.9
161,3,2010,6.75
161,3,2011,6.56
161,3,2012,6.49
161,3,2013,6.43
161,3,2014,6.22
161,3,2015,6.23
161,3,2016,6.2
161,3,2017,6.18
161,3,2018,6.2
161,3,2019,6.31
161,3,2020,6.15
161,3,2021,6.35
161,3,2022,6.78
161,3,2023,6.9
162,1,1980,11.46
162,1,1981,11.63
162,1,1982,11.55
162,1,1983,11.82
162,1,1984,11.9
162,1,1985,12.15
162,1,1986,12.41
162,1,1987,12.86
162,1,1988,13.33
162,1,1989,13.77
162,1,1990,14.01
162,1,1991,14.7
162,1,1992,15.57
162,1,1993,15.35
162,1,1994,14.79
162,1,1995,15.23
162,1,1996,15.64
162,1,1997,16.26
162,1,1998,16.1
162,1,1999,15.92
162,1,2000,16.63
162,1,2001,17.08
162,1,2002,17.53
162,1,2003,17.53
162,1,2004,17.54
162,1,2005,17.39
162,1,2006,17.23
162,1,2007,16.91
162,1,2008,16.53
162,1,2009,15.76
162,1,2010,15.68
162,1,2011,15.35
162,1,2012,15.02
162,1,2013,14.31
162,1,2014,13.97
162,1,2015,13.06
162,1,2016,12.7
162,1,2017,12.47
162,1,2018,12.14
162,1,2019,11.91
162,1,2020,11.65
162,1,2021,11.34
162,1,2022,10.99
162,1,2023,10.88
162,2,1980,7.58
162,2,1981,7.45
162,2,1982,7.1
162,2,1983,6.94
162,2,1984,6.72
162,2,1985,6.65
162,2,1986,6.56
162,2,1987,5.86
162,2,1988,5.89
162,2,1989,6.03
162,2,1990,6.89
162,2,1991,7.04
162,2,1992,7.22
162,2,1993,7.46
162,2,1994,7.48
162,2,1995,7.76
162,2,1996,7.88
162,2,1997,8.13
162,2,1998,7.8
162,2,1999,7.33
162,2,2000,7.62
162,2,2001,7.61
162,2,2002,7.61
162,2,2003,7.58
162,2,2004,7.42
162,2,2005,7.32
162,2,2006,7.11
162,2,2007,6.95
162,2,2008,6.75
162,2,2009,6.51
162,2,2010,6.39
162,2,2011,6.27
162,2,2012,6.15
162,2,2013,6.03
162,2,2014,5.95
162,2,2015,5.31
162,2,2016,5.29
162,2,2017,5.3
162,2,2018,5.29
162,2,2019,5.24
162,2,2020,5.33
162,2,2021,5.33
162,2,2022,5.33
162,2,2023,5.39
162,3,1980,9.6
162,3,1981,9.63
162,3,1982,9.43
162,3,1983,9.49
162,3,1984,9.44
162,3,1985,9.54
162,3,1986,9.64
162,3,1987,9.56
162,3,1988,9.83
162,3,1989,10.13
162,3,1990,10.68
162,3,1991,11.12
162,3,1992,11.68
162,3,1993,11.66
162,3,1994,11.35
162,3,1995,11.71
162,3,1996,11.99
162,3,1997,12.44
162,3,1998,12.21
162,3,1999,11.91
162,3,2000,12.42
162,3,2001,12.67
162,3,2002,12.91
162,3,2003,12.9
162,3,2004,12.83
162,3,2005,12.7
162,3,2006,12.51
162,3,2007,12.26
162,3,2008,11.96
162,3,2009,11.43
162,3,2010,11.33
162,3,2011,11.11
162,3,2012,10.87
162,3,2013,10.44
162,3,2014,10.22
162,3,2015,9.43
162,3,2016,9.22
162,3,2017,9.1
162,3,2018,8.91
162,3,2019,8.76
162,3,2020,8.66
162,3,2021,8.49
162,3,2022,8.3
162,3,2023,8.26
163,1,1980,19.25
163,1,1981,18.9
163,1,1982,19.06
163,1,1983,19.43
163,1,1984,20.09
163,1,1985,20.84
163,1,1986,21.78
163,1,1987,22.59
163,1,1988,23.23
163,1,1989,23.92
163,1,1990,24.26
163,1,1991,24.37
163,1,1992,24.34
163,1,1993,24.38
163,1,1994,24.42
163,1,1995,24.63
163,1,1996,25.4
163,1,1997,26.39
163,1,1998,26.93
163,1,1999,27.26
163,1,2000,27.37
163,1,2001,27.37
163,1,2002,27.35
163,1,2003,27.14
163,1,2004,26.28
163,1,2005,26.63
163,1,2006,27.98
163,1,2007,29.23
163,1,2008,29.9
163,1,2009,30.35
163,1,2010,30.7
163,1,2011,30.76
163,1,2012,30.23
163,1,2013,29.18
163,1,2014,27.81
163,1,2015,27.23
163,1,2016,27.24
163,1,2017,27.28
163,1,2018,26.8
163,1,2019,26.29
163,1,2020,26.83
163,1,2021,30.99
163,1,2022,26.5
163,1,2023,26.65
163,2,1980,8.17
163,2,1981,7.9
163,2,1982,7.89
163,2,1983,7.97
163,2,1984,8.24
163,2,1985,8.56
163,2,1986,8.94
163,2,1987,9.2
163,2,1988,9.42
163,2,1989,9.73
163,2,1990,9.91
163,2,1991,10.02
163,2,1992,9.87
163,2,1993,9.59
163,2,1994,9.37
163,2,1995,9.42
163,2,1996,9.69
163,2,1997,9.9
163,2,1998,9.92
163,2,1999,9.65
163,2,2000,9.32
163,2,2001,9.04
163,2,2002,8.75
163,2,2003,8.4
163,2,2004,8
163,2,2005,7.71
163,2,2006,7.86
163,2,2007,8
163,2,2008,7.93
163,2,2009,7.79
163,2,2010,7.71
163,2,2011,7.51
163,2,2012,7.41
163,2,2013,7.42
163,2,2014,7.57
163,2,2015,7.56
163,2,2016,7.51
163,2,2017,7.42
163,2,2018,7.37
163,2,2019,7.32
163,2,2020,7.29
163,2,2021,7.59
163,2,2022,7.41
163,2,2023,7.48
163,3,1980,13.89
163,3,1981,13.58
163,3,1982,13.65
163,3,1983,13.88
163,3,1984,14.36
163,3,1985,14.91
163,3,1986,15.58
163,3,1987,16.12
163,3,1988,16.56
163,3,1989,17.06
163,3,1990,17.33
163,3,1991,17.44
163,3,1992,17.34
163,3,1993,17.22
163,3,1994,17.12
163,3,1995,17.24
163,3,1996,17.76
163,3,1997,18.37
163,3,1998,18.64
163,3,1999,18.66
163,3,2000,18.54
163,3,2001,18.39
163,3,2002,18.22
163,3,2003,17.93
163,3,2004,17.28
163,3,2005,17.31
163,3,2006,18.06
163,3,2007,18.76
163,3,2008,19.06
163,3,2009,19.22
163,3,2010,19.35
163,3,2011,19.27
163,3,2012,18.93
163,3,2013,18.4
163,3,2014,17.77
163,3,2015,17.46
163,3,2016,17.43
163,3,2017,17.4
163,3,2018,17.13
163,3,2019,16.85
163,3,2020,17.1
163,3,2021,19.36
163,3,2022,16.98
163,3,2023,17.1
164,1,1980,9.95
164,1,1981,9.91
164,1,1982,9.85
164,1,1983,9.84
164,1,1984,9.88
164,1,1985,9.91
164,1,1986,10
164,1,1987,10.07
164,1,1988,10.2
164,1,1989,10.33
164,1,1990,10.44
164,1,1991,10.6
164,1,1992,10.81
164,1,1993,10.82
164,1,1994,10.97
164,1,1995,11.09
164,1,1996,11.25
164,1,1997,11.31
164,1,1998,11.33
164,1,1999,11.32
164,1,2000,11.27
164,1,2001,11.27
164,1,2002,11.28
164,1,2003,11.34
164,1,2004,11.32
164,1,2005,11.44
164,1,2006,11.54
164,1,2007,11.76
164,1,2008,12.17
164,1,2009,12.7
164,1,2010,13.08
164,1,2011,13.33
164,1,2012,13.37
164,1,2013,13.59
164,1,2014,13.71
164,1,2015,13.81
164,1,2016,13.92
164,1,2017,14.18
164,1,2018,14.31
164,1,2019,14.5
164,1,2020,14.58
164,1,2021,16
164,1,2022,14.99
164,1,2023,15
164,2,1980,8.04
164,2,1981,7.96
164,2,1982,7.86
164,2,1983,7.76
164,2,1984,7.72
164,2,1985,7.68
164,2,1986,7.68
164,2,1987,7.72
164,2,1988,7.77
164,2,1989,7.8
164,2,1990,7.78
164,2,1991,7.79
164,2,1992,7.69
164,2,1993,7.39
164,2,1994,7.15
164,2,1995,6.88
164,2,1996,6.62
164,2,1997,6.43
164,2,1998,6.18
164,2,1999,5.93
164,2,2000,5.73
164,2,2001,5.55
164,2,2002,5.41
164,2,2003,5.29
164,2,2004,5.15
164,2,2005,5.11
164,2,2006,5.02
164,2,2007,4.91
164,2,2008,4.83
164,2,2009,4.83
164,2,2010,4.72
164,2,2011,4.65
164,2,2012,4.63
164,2,2013,4.75
164,2,2014,4.78
164,2,2015,4.74
164,2,2016,4.74
164,2,2017,4.79
164,2,2018,4.78
164,2,2019,4.83
164,2,2020,4.85
164,2,2021,5.21
164,2,2022,5.24
164,2,2023,5.48
164,3,1980,9.06
164,3,1981,8.99
164,3,1982,8.9
164,3,1983,8.83
164,3,1984,8.82
164,3,1985,8.81
164,3,1986,8.84
164,3,1987,8.89
164,3,1988,8.97
164,3,1989,9.05
164,3,1990,9.09
164,3,1991,9.17
164,3,1992,9.22
164,3,1993,9.08
164,3,1994,9.03
164,3,1995,8.96
164,3,1996,8.91
164,3,1997,8.84
164,3,1998,8.73
164,3,1999,8.6
164,3,2000,8.47
164,3,2001,8.37
164,3,2002,8.3
164,3,2003,8.25
164,3,2004,8.15
164,3,2005,8.17
164,3,2006,8.14
164,3,2007,8.17
164,3,2008,8.3
164,3,2009,8.53
164,3,2010,8.62
164,3,2011,8.69
164,3,2012,8.68
164,3,2013,8.85
164,3,2014,8.91
164,3,2015,8.94
164,3,2016,9.01
164,3,2017,9.16
164,3,2018,9.22
164,3,2019,9.35
164,3,2020,9.41
164,3,2021,10.28
164,3,2022,9.83
164,3,2023,9.98
165,1,1980,13.74
165,1,1981,13.72
165,1,1982,13.73
165,1,1983,13.74
165,1,1984,13.78
165,1,1985,13.94
165,1,1986,14.14
165,1,1987,14.24
165,1,1988,14.35
165,1,1989,14.57
165,1,1990,14.77
165,1,1991,14.99
165,1,1992,15.13
165,1,1993,15.19
165,1,1994,15.18
165,1,1995,15.22
165,1,1996,15.39
165,1,1997,15.52
165,1,1998,15.77
165,1,1999,15.96
165,1,2000,16.23
165,1,2001,16.57
165,1,2002,17.03
165,1,2003,17.15
165,1,2004,17.31
165,1,2005,17.96
165,1,2006,18.17
165,1,2007,18.81
165,1,2008,19.58
165,1,2009,20.11
165,1,2010,20.99
165,1,2011,20.87
165,1,2012,20.84
165,1,2013,21.16
165,1,2014,21.48
165,1,2015,21.77
165,1,2016,21.91
165,1,2017,22.24
165,1,2018,22.53
165,1,2019,22.71
165,1,2020,23.35
165,1,2021,24.22
165,1,2022,23.19
165,1,2023,23.17
165,2,1980,7.62
165,2,1981,7.54
165,2,1982,7.41
165,2,1983,7.26
165,2,1984,7.13
165,2,1985,6.98
165,2,1986,6.87
165,2,1987,6.77
165,2,1988,6.71
165,2,1989,6.7
165,2,1990,6.68
165,2,1991,6.66
165,2,1992,6.58
165,2,1993,6.51
165,2,1994,6.37
165,2,1995,6.25
165,2,1996,6.17
165,2,1997,6.12
165,2,1998,6.13
165,2,1999,6.11
165,2,2000,6.17
165,2,2001,6.24
165,2,2002,6.34
165,2,2003,6.4
165,2,2004,6.49
165,2,2005,6.86
165,2,2006,6.78
165,2,2007,7
165,2,2008,7.38
165,2,2009,7.71
165,2,2010,7.92
165,2,2011,8.12
165,2,2012,8.32
165,2,2013,8.65
165,2,2014,8.89
165,2,2015,9.15
165,2,2016,9.33
165,2,2017,9.45
165,2,2018,9.59
165,2,2019,9.72
165,2,2020,10.13
165,2,2021,10.92
165,2,2022,10.29
165,2,2023,10.21
165,3,1980,10.84
165,3,1981,10.79
165,3,1982,10.73
165,3,1983,10.66
165,3,1984,10.62
165,3,1985,10.63
165,3,1986,10.69
165,3,1987,10.69
165,3,1988,10.72
165,3,1989,10.83
165,3,1990,10.92
165,3,1991,11.03
165,3,1992,11.06
165,3,1993,11.06
165,3,1994,10.99
165,3,1995,10.94
165,3,1996,11
165,3,1997,11.04
165,3,1998,11.17
165,3,1999,11.25
165,3,2000,11.42
165,3,2001,11.62
165,3,2002,11.9
165,3,2003,11.98
165,3,2004,12.1
165,3,2005,12.6
165,3,2006,12.66
165,3,2007,13.09
165,3,2008,13.66
165,3,2009,14.08
165,3,2010,14.62
165,3,2011,14.64
165,3,2012,14.72
165,3,2013,15.03
165,3,2014,15.31
165,3,2015,15.58
165,3,2016,15.74
165,3,2017,15.98
165,3,2018,16.2
165,3,2019,16.36
165,3,2020,16.91
165,3,2021,17.75
165,3,2022,16.92
165,3,2023,16.89
168,1,1980,90.73
168,1,1981,90.8
168,1,1982,90.51
168,1,1983,89.83
168,1,1984,88.06
168,1,1985,88.26
168,1,1986,90.04
168,1,1987,90.24
168,1,1988,90.63
168,1,1989,95.94
168,1,1990,95.4
168,1,1991,97.9
168,1,1992,101.54
168,1,1993,107.5
168,1,1994,113.25
168,1,1995,114.84
168,1,1996,109.08
168,1,1997,109.94
168,1,1998,120.03
168,1,1999,124.8
168,1,2000,124.35
168,1,2001,126.42
168,1,2002,125.18
168,1,2003,121.09
168,1,2004,117.88
168,1,2005,115.15
168,1,2006,114.26
168,1,2007,112.5
168,1,2008,111.68
168,1,2009,111.8
168,1,2010,112.41
168,1,2011,112.78
168,1,2012,110.72
168,1,2013,105.66
168,1,2014,106.77
168,1,2015,106.8
168,1,2016,104.19
168,1,2017,103.61
168,1,2018,101.78
168,1,2019,100.1
168,1,2020,98.34
168,1,2021,99.6
168,1,2022,101.42
168,1,2023,104.35
168,2,1980,41.68
168,2,1981,41.68
168,2,1982,41.58
168,2,1983,41.36
168,2,1984,40.53
168,2,1985,40.65
168,2,1986,41.49
168,2,1987,41.21
168,2,1988,40.98
168,2,1989,42.9
168,2,1990,41.83
168,2,1991,42.26
168,2,1992,43.28
168,2,1993,45.44
168,2,1994,47.91
168,2,1995,47.83
168,2,1996,43.94
168,2,1997,43.06
168,2,1998,46.76
168,2,1999,48.19
168,2,2000,47.43
168,2,2001,47.76
168,2,2002,46.37
168,2,2003,43.96
168,2,2004,43.14
168,2,2005,41.5
168,2,2006,41.61
168,2,2007,40.82
168,2,2008,40.59
168,2,2009,40.3
168,2,2010,40.75
168,2,2011,40.59
168,2,2012,39.35
168,2,2013,37.6
168,2,2014,38.86
168,2,2015,38.98
168,2,2016,36.49
168,2,2017,34.92
168,2,2018,34.07
168,2,2019,34.07
168,2,2020,33.67
168,2,2021,33.72
168,2,2022,35.25
168,2,2023,36.85
168,3,1980,66.93
168,3,1981,66.91
168,3,1982,66.65
168,3,1983,66.13
168,3,1984,64.75
168,3,1985,64.84
168,3,1986,66.09
168,3,1987,65.98
168,3,1988,66
168,3,1989,69.56
168,3,1990,68.69
168,3,1991,70.09
168,3,1992,72.35
168,3,1993,76.32
168,3,1994,80.32
168,3,1995,80.97
168,3,1996,76.07
168,3,1997,75.96
168,3,1998,82.71
168,3,1999,85.67
168,3,2000,84.94
168,3,2001,85.98
168,3,2002,84.55
168,3,2003,81.21
168,3,2004,79.11
168,3,2005,76.83
168,3,2006,76.34
168,3,2007,74.98
168,3,2008,74.37
168,3,2009,74.17
168,3,2010,74.62
168,3,2011,74.63
168,3,2012,72.93
168,3,2013,69.57
168,3,2014,70.71
168,3,2015,70.74
168,3,2016,68.15
168,3,2017,67.03
168,3,2018,65.69
168,3,2019,64.88
168,3,2020,63.74
168,3,2021,64.28
168,3,2022,65.95
168,3,2023,68.17
169,1,1980,127.78
169,1,1981,128.85
169,1,1982,127.86
169,1,1983,118.54
169,1,1984,114.65
169,1,1985,111.61
169,1,1986,112.26
169,1,1987,107.83
169,1,1988,99.68
169,1,1989,94.94
169,1,1990,90.1
169,1,1991,90.2
169,1,1992,89.23
169,1,1993,93.23
169,1,1994,95.28
169,1,1995,93.41
169,1,1996,95.71
169,1,1997,94.15
169,1,1998,96.05
169,1,1999,97.52
169,1,2000,95.38
169,1,2001,93.17
169,1,2002,91.17
169,1,2003,87.21
169,1,2004,83.99
169,1,2005,81.26
169,1,2006,80.53
169,1,2007,77.43
169,1,2008,73.5
169,1,2009,72.46
169,1,2010,72.87
169,1,2011,71.96
169,1,2012,69.11
169,1,2013,67.09
169,1,2014,63.51
169,1,2015,61.64
169,1,2016,59.7
169,1,2017,59.11
169,1,2018,58.44
169,1,2019,58.63
169,1,2020,59.1
169,1,2021,58.58
169,1,2022,62.15
169,1,2023,62.96
169,2,1980,86.4
169,2,1981,86.49
169,2,1982,85.26
169,2,1983,78.74
169,2,1984,77.86
169,2,1985,76
169,2,1986,76.33
169,2,1987,73.4
169,2,1988,67.41
169,2,1989,63.53
169,2,1990,58.36
169,2,1991,57.83
169,2,1992,56.49
169,2,1993,57.66
169,2,1994,58.46
169,2,1995,56.89
169,2,1996,59.08
169,2,1997,58.47
169,2,1998,60.55
169,2,1999,62.02
169,2,2000,60.65
169,2,2001,59.6
169,2,2002,58.66
169,2,2003,55.94
169,2,2004,53.66
169,2,2005,51.61
169,2,2006,50.78
169,2,2007,48.31
169,2,2008,45.57
169,2,2009,44.84
169,2,2010,45.33
169,2,2011,44.55
169,2,2012,42.3
169,2,2013,41.11
169,2,2014,39.39
169,2,2015,39.73
169,2,2016,40.13
169,2,2017,41.17
169,2,2018,40.91
169,2,2019,41.31
169,2,2020,41.27
169,2,2021,40.83
169,2,2022,44.32
169,2,2023,45.21
169,3,1980,105.41
169,3,1981,106.04
169,3,1982,105
169,3,1983,97.23
169,3,1984,95
169,3,1985,92.67
169,3,1986,93.24
169,3,1987,89.64
169,3,1988,82.64
169,3,1989,78.38
169,3,1990,73.4
169,3,1991,73.19
169,3,1992,72.05
169,3,1993,74.61
169,3,1994,76.06
169,3,1995,74.39
169,3,1996,76.67
169,3,1997,75.64
169,3,1998,77.68
169,3,1999,79.2
169,3,2000,77.49
169,3,2001,75.9
169,3,2002,74.47
169,3,2003,71.16
169,3,2004,68.43
169,3,2005,66.06
169,3,2006,65.29
169,3,2007,62.51
169,3,2008,59.17
169,3,2009,58.27
169,3,2010,58.71
169,3,2011,57.87
169,3,2012,55.33
169,3,2013,53.74
169,3,2014,51.09
169,3,2015,50.29
169,3,2016,49.49
169,3,2017,49.71
169,3,2018,49.25
169,3,2019,49.53
169,3,2020,49.71
169,3,2021,49.22
169,3,2022,52.75
169,3,2023,53.6
170,1,1980,75.42
170,1,1981,71.55
170,1,1982,73.62
170,1,1983,79.12
170,1,1984,76.25
170,1,1985,76.74
170,1,1986,74.87
170,1,1987,77.27
170,1,1988,77.42
170,1,1989,72.09
170,1,1990,70.94
170,1,1991,69.72
170,1,1992,69.79
170,1,1993,69.23
170,1,1994,74.75
170,1,1995,73.07
170,1,1996,72.56
170,1,1997,75.84
170,1,1998,67.92
170,1,1999,68.35
170,1,2000,66.23
170,1,2001,60.54
170,1,2002,58.96
170,1,2003,58.31
170,1,2004,56.03
170,1,2005,56.59
170,1,2006,55.7
170,1,2007,54.7
170,1,2008,56.46
170,1,2009,58.92
170,1,2010,60.01
170,1,2011,58.72
170,1,2012,59.52
170,1,2013,57.9
170,1,2014,57.3
170,1,2015,56.61
170,1,2016,56.5
170,1,2017,55.8
170,1,2018,55.4
170,1,2019,56.1
170,1,2020,56.41
170,1,2021,57.11
170,1,2022,60.36
170,1,2023,62.75
170,2,1980,56.47
170,2,1981,53.05
170,2,1982,53.41
170,2,1983,55.74
170,2,1984,52.18
170,2,1985,51.43
170,2,1986,48.58
170,2,1987,47.78
170,2,1988,45.47
170,2,1989,40.08
170,2,1990,37.1
170,2,1991,34.38
170,2,1992,33.4
170,2,1993,31.6
170,2,1994,33.76
170,2,1995,32.21
170,2,1996,30.96
170,2,1997,31.85
170,2,1998,27.67
170,2,1999,27.44
170,2,2000,26.07
170,2,2001,23.12
170,2,2002,22.18
170,2,2003,21.77
170,2,2004,20.74
170,2,2005,20.86
170,2,2006,20.52
170,2,2007,20.32
170,2,2008,21.15
170,2,2009,22.02
170,2,2010,22.03
170,2,2011,22.26
170,2,2012,22.59
170,2,2013,21.7
170,2,2014,21.2
170,2,2015,21.02
170,2,2016,21.28
170,2,2017,21.07
170,2,2018,20.88
170,2,2019,21.31
170,2,2020,21.41
170,2,2021,21.55
170,2,2022,24.19
170,2,2023,25.82
170,3,1980,65.17
170,3,1981,61.55
170,3,1982,62.76
170,3,1983,66.62
170,3,1984,63.44
170,3,1985,63.31
170,3,1986,60.96
170,3,1987,61.74
170,3,1988,60.66
170,3,1989,55.33
170,3,1990,53.28
170,3,1991,51.32
170,3,1992,50.9
170,3,1993,49.77
170,3,1994,53.59
170,3,1995,52.04
170,3,1996,51.2
170,3,1997,53.3
170,3,1998,47.28
170,3,1999,47.41
170,3,2000,45.68
170,3,2001,41.39
170,3,2002,40.12
170,3,2003,39.59
170,3,2004,37.95
170,3,2005,38.28
170,3,2006,37.67
170,3,2007,37.09
170,3,2008,38.38
170,3,2009,40.05
170,3,2010,40.59
170,3,2011,40.06
170,3,2012,40.59
170,3,2013,39.34
170,3,2014,38.8
170,3,2015,38.39
170,3,2016,38.49
170,3,2017,38.07
170,3,2018,37.8
170,3,2019,38.4
170,3,2020,38.61
170,3,2021,39.05
170,3,2022,42.01
170,3,2023,44.06
171,1,1980,77.85
171,1,1981,78.86
171,1,1982,79.56
171,1,1983,79.93
171,1,1984,80.7
171,1,1985,83.27
171,1,1986,80.67
171,1,1987,80.08
171,1,1988,80.2
171,1,1989,79.86
171,1,1990,80.29
171,1,1991,80.66
171,1,1992,80.09
171,1,1993,79.2
171,1,1994,76.58
171,1,1995,76.63
171,1,1996,76.6
171,1,1997,76.64
171,1,1998,78.16
171,1,1999,80.69
171,1,2000,82.81
171,1,2001,84.44
171,1,2002,86.23
171,1,2003,86.34
171,1,2004,85.3
171,1,2005,86.25
171,1,2006,87.1
171,1,2007,87.73
171,1,2008,89.12
171,1,2009,90.27
171,1,2010,91.24
171,1,2011,93.59
171,1,2012,96.94
171,1,2013,95.3
171,1,2014,97.15
171,1,2015,109.28
171,1,2016,110.73
171,1,2017,112.13
171,1,2018,112.86
171,1,2019,113.45
171,1,2020,117.79
171,1,2021,117.25
171,1,2022,121.35
171,1,2023,122.09
171,2,1980,40.21
171,2,1981,40.66
171,2,1982,40.94
171,2,1983,41.33
171,2,1984,41.79
171,2,1985,43.24
171,2,1986,41.81
171,2,1987,41.1
171,2,1988,40.63
171,2,1989,39.48
171,2,1990,38.84
171,2,1991,38.66
171,2,1992,37.75
171,2,1993,36.86
171,2,1994,35.32
171,2,1995,34.99
171,2,1996,34.4
171,2,1997,34.34
171,2,1998,35.01
171,2,1999,36.49
171,2,2000,37.64
171,2,2001,38.53
171,2,2002,39.8
171,2,2003,40.22
171,2,2004,40.29
171,2,2005,41.08
171,2,2006,42.15
171,2,2007,42.56
171,2,2008,43.19
171,2,2009,43.78
171,2,2010,44.34
171,2,2011,45.47
171,2,2012,47.28
171,2,2013,45.98
171,2,2014,47.47
171,2,2015,56.97
171,2,2016,58.11
171,2,2017,59.71
171,2,2018,61.31
171,2,2019,62.48
171,2,2020,63.57
171,2,2021,63.95
171,2,2022,69.95
171,2,2023,71.16
171,3,1980,58.26
171,3,1981,59.01
171,3,1982,59.52
171,3,1983,59.93
171,3,1984,60.56
171,3,1985,62.58
171,3,1986,60.6
171,3,1987,59.97
171,3,1988,59.82
171,3,1989,59.09
171,3,1990,59
171,3,1991,59.12
171,3,1992,58.41
171,3,1993,57.56
171,3,1994,55.52
171,3,1995,55.42
171,3,1996,55.13
171,3,1997,55.14
171,3,1998,56.24
171,3,1999,58.26
171,3,2000,59.9
171,3,2001,61.17
171,3,2002,62.71
171,3,2003,63
171,3,2004,62.52
171,3,2005,63.39
171,3,2006,64.34
171,3,2007,64.87
171,3,2008,65.86
171,3,2009,66.74
171,3,2010,67.51
171,3,2011,69.26
171,3,2012,71.84
171,3,2013,70.38
171,3,2014,72.06
171,3,2015,82.87
171,3,2016,84.18
171,3,2017,85.69
171,3,2018,86.86
171,3,2019,87.74
171,3,2020,90.2
171,3,2021,90.16
171,3,2022,95.23
171,3,2023,96.3
172,1,1980,96.62
172,1,1981,94.66
172,1,1982,89.97
172,1,1983,86.66
172,1,1984,83.88
172,1,1985,82.81
172,1,1986,76.5
172,1,1987,74.32
172,1,1988,80.7
172,1,1989,80.59
172,1,1990,79.27
172,1,1991,80.11
172,1,1992,80.35
172,1,1993,81.1
172,1,1994,79.37
172,1,1995,79.9
172,1,1996,79.98
172,1,1997,82.65
172,1,1998,83.61
172,1,1999,85.84
172,1,2000,88.11
172,1,2001,88.67
172,1,2002,89.01
172,1,2003,89.47
172,1,2004,89.47
172,1,2005,92.4
172,1,2006,92.44
172,1,2007,91.52
172,1,2008,91.96
172,1,2009,99.54
172,1,2010,99.16
172,1,2011,94.35
172,1,2012,90.1
172,1,2013,88.88
172,1,2014,88.7
172,1,2015,83.54
172,1,2016,79.56
172,1,2017,81.3
172,1,2018,88.63
172,1,2019,88.22
172,1,2020,86.29
172,1,2021,89.96
172,1,2022,96.29
172,1,2023,101.2
172,2,1980,52.23
172,2,1981,51.23
172,2,1982,48.56
172,2,1983,45.86
172,2,1984,44.36
172,2,1985,43.37
172,2,1986,39.23
172,2,1987,37.63
172,2,1988,39.52
172,2,1989,38.96
172,2,1990,37.85
172,2,1991,37.22
172,2,1992,36.14
172,2,1993,35.05
172,2,1994,32.67
172,2,1995,31.91
172,2,1996,30.18
172,2,1997,29.17
172,2,1998,27.58
172,2,1999,26.71
172,2,2000,25.67
172,2,2001,24.44
172,2,2002,22.72
172,2,2003,21.08
172,2,2004,19.76
172,2,2005,19.33
172,2,2006,18.64
172,2,2007,18.11
172,2,2008,17.86
172,2,2009,17.47
172,2,2010,15.77
172,2,2011,14.86
172,2,2012,15.51
172,2,2013,15.73
172,2,2014,16.15
172,2,2015,15.18
172,2,2016,13.99
172,2,2017,15.18
172,2,2018,16.97
172,2,2019,16.41
172,2,2020,15.93
172,2,2021,17.43
172,2,2022,19.09
172,2,2023,20.35
172,3,1980,72.88
172,3,1981,71.31
172,3,1982,67.58
172,3,1983,64.5
172,3,1984,62.31
172,3,1985,61.19
172,3,1986,55.99
172,3,1987,54.05
172,3,1988,57.89
172,3,1989,57.48
172,3,1990,56.23
172,3,1991,56.23
172,3,1992,55.72
172,3,1993,55.44
172,3,1994,53.35
172,3,1995,53.17
172,3,1996,52.26
172,3,1997,52.93
172,3,1998,52.53
172,3,1999,53.11
172,3,2000,53.63
172,3,2001,53.31
172,3,2002,52.63
172,3,2003,52.1
172,3,2004,51.54
172,3,2005,52.77
172,3,2006,52.63
172,3,2007,52.14
172,3,2008,52.38
172,3,2009,55.86
172,3,2010,54.98
172,3,2011,52.55
172,3,2012,51.18
172,3,2013,50.97
172,3,2014,51.34
172,3,2015,48.55
172,3,2016,46.19
172,3,2017,47.81
172,3,2018,52.44
172,3,2019,52.11
172,3,2020,50.83
172,3,2021,53.62
172,3,2022,57.73
172,3,2023,61.05
173,1,1980,53.67
173,1,1981,54.62
173,1,1982,57.36
173,1,1983,61.96
173,1,1984,59.3
173,1,1985,59.2
173,1,1986,59.41
173,1,1987,60.05
173,1,1988,57.65
173,1,1989,56.01
173,1,1990,51.01
173,1,1991,51.72
173,1,1992,50.48
173,1,1993,46.79
173,1,1994,45.81
173,1,1995,46.22
173,1,1996,44.81
173,1,1997,45.3
173,1,1998,44.38
173,1,1999,41.97
173,1,2000,41.36
173,1,2001,41.56
173,1,2002,42.57
173,1,2003,42.02
173,1,2004,42.29
173,1,2005,44.48
173,1,2006,44.96
173,1,2007,45.5
173,1,2008,44.41
173,1,2009,43.9
173,1,2010,42.69
173,1,2011,41.88
173,1,2012,40.95
173,1,2013,40.5
173,1,2014,41.26
173,1,2015,41.42
173,1,2016,40.75
173,1,2017,40.15
173,1,2018,39.66
173,1,2019,39.51
173,1,2020,38.34
173,1,2021,38.07
173,1,2022,40.42
173,1,2023,41.69
173,2,1980,32.7
173,2,1981,33.09
173,2,1982,34.54
173,2,1983,37
173,2,1984,35
173,2,1985,34.93
173,2,1986,34.01
173,2,1987,33.97
173,2,1988,32.84
173,2,1989,31.96
173,2,1990,29.43
173,2,1991,29.64
173,2,1992,29.04
173,2,1993,26.29
173,2,1994,25.54
173,2,1995,25.81
173,2,1996,24.39
173,2,1997,24.2
173,2,1998,23.21
173,2,1999,21.37
173,2,2000,21.01
173,2,2001,20.99
173,2,2002,21.04
173,2,2003,20.42
173,2,2004,20.16
173,2,2005,20.99
173,2,2006,21.16
173,2,2007,20.6
173,2,2008,19.93
173,2,2009,19.79
173,2,2010,18.97
173,2,2011,18.53
173,2,2012,19.12
173,2,2013,20.6
173,2,2014,21.21
173,2,2015,21.06
173,2,2016,20.31
173,2,2017,19.61
173,2,2018,19.07
173,2,2019,18.75
173,2,2020,18.4
173,2,2021,18.42
173,2,2022,19.75
173,2,2023,20.38
173,3,1980,42.7
173,3,1981,43.43
173,3,1982,45.6
173,3,1983,49.22
173,3,1984,46.93
173,3,1985,46.89
173,3,1986,46.58
173,3,1987,46.92
173,3,1988,45.18
173,3,1989,43.93
173,3,1990,40.14
173,3,1991,40.63
173,3,1992,39.71
173,3,1993,36.49
173,3,1994,35.61
173,3,1995,35.95
173,3,1996,34.52
173,3,1997,34.66
173,3,1998,33.7
173,3,1999,31.56
173,3,2000,31.07
173,3,2001,31.15
173,3,2002,31.68
173,3,2003,31.09
173,3,2004,31.09
173,3,2005,32.59
173,3,2006,32.91
173,3,2007,32.86
173,3,2008,31.96
173,3,2009,31.6
173,3,2010,30.56
173,3,2011,29.91
173,3,2012,29.74
173,3,2013,30.26
173,3,2014,30.92
173,3,2015,30.9
173,3,2016,30.18
173,3,2017,29.51
173,3,2018,28.98
173,3,2019,28.73
173,3,2020,27.97
173,3,2021,27.85
173,3,2022,29.66
173,3,2023,30.58
175,1,1980,82.77
175,1,1981,84.9
175,1,1982,86.52
175,1,1983,87.33
175,1,1984,87.95
175,1,1985,88.05
175,1,1986,87.95
175,1,1987,87.36
175,1,1988,86.62
175,1,1989,86.09
175,1,1990,85.99
175,1,1991,85.36
175,1,1992,84.53
175,1,1993,86.15
175,1,1994,82.26
175,1,1995,79.96
175,1,1996,83.64
175,1,1997,82.72
175,1,1998,81.1
175,1,1999,81.31
175,1,2000,81.39
175,1,2001,81.35
175,1,2002,81.37
175,1,2003,80.66
175,1,2004,81.87
175,1,2005,83.7
175,1,2006,83.55
175,1,2007,86.44
175,1,2008,88.01
175,1,2009,90.02
175,1,2010,90.82
175,1,2011,91.82
175,1,2012,89.04
175,1,2013,87.94
175,1,2014,86.54
175,1,2015,85.76
175,1,2016,84.69
175,1,2017,82.47
175,1,2018,78.49
175,1,2019,78.09
175,1,2020,80.11
175,1,2021,87.51
175,1,2022,83.48
175,1,2023,88.22
175,2,1980,29.05
175,2,1981,29.55
175,2,1982,30.13
175,2,1983,30.78
175,2,1984,31.45
175,2,1985,31.98
175,2,1986,32.28
175,2,1987,32.32
175,2,1988,32.04
175,2,1989,31.58
175,2,1990,31.08
175,2,1991,30.35
175,2,1992,29.85
175,2,1993,30.15
175,2,1994,29.51
175,2,1995,28.74
175,2,1996,28.36
175,2,1997,27.79
175,2,1998,26.66
175,2,1999,25.75
175,2,2000,25.21
175,2,2001,24.4
175,2,2002,24.1
175,2,2003,23.68
175,2,2004,23.66
175,2,2005,23.66
175,2,2006,24.04
175,2,2007,24.71
175,2,2008,25.47
175,2,2009,25.88
175,2,2010,26.46
175,2,2011,27.21
175,2,2012,27.73
175,2,2013,28.03
175,2,2014,28.19
175,2,2015,28.59
175,2,2016,28.97
175,2,2017,29.35
175,2,2018,28.27
175,2,2019,28.85
175,2,2020,28.74
175,2,2021,31.46
175,2,2022,31.73
175,2,2023,34.02
175,3,1980,53.97
175,3,1981,55.36
175,3,1982,56.56
175,3,1983,57.33
175,3,1984,58.04
175,3,1985,58.35
175,3,1986,58.42
175,3,1987,58.12
175,3,1988,57.62
175,3,1989,57.16
175,3,1990,56.86
175,3,1991,56.25
175,3,1992,55.66
175,3,1993,56.65
175,3,1994,54.24
175,3,1995,52.74
175,3,1996,54.5
175,3,1997,53.69
175,3,1998,52.27
175,3,1999,51.93
175,3,2000,51.76
175,3,2001,51.38
175,3,2002,51.31
175,3,2003,50.84
175,3,2004,51.51
175,3,2005,52.52
175,3,2006,52.77
175,3,2007,54.66
175,3,2008,55.95
175,3,2009,57.31
175,3,2010,58.19
175,3,2011,59.25
175,3,2012,58.22
175,3,2013,57.91
175,3,2014,57.34
175,3,2015,57.22
175,3,2016,56.88
175,3,2017,55.94
175,3,2018,53.42
175,3,2019,53.56
175,3,2020,54.52
175,3,2021,59.55
175,3,2022,57.67
175,3,2023,61.23
176,1,1980,24.72
176,1,1981,24.55
176,1,1982,24.39
176,1,1983,24.29
176,1,1984,24.35
176,1,1985,24.3
176,1,1986,24.2
176,1,1987,24.61
176,1,1988,24.77
176,1,1989,25.13
176,1,1990,25.46
176,1,1991,25.49
176,1,1992,25.55
176,1,1993,25.16
176,1,1994,24.81
176,1,1995,24.11
176,1,1996,24.21
176,1,1997,23.47
176,1,1998,23.64
176,1,1999,23.4
176,1,2000,23.83
176,1,2001,23.03
176,1,2002,22.04
176,1,2003,22.76
176,1,2004,20.64
176,1,2005,21.45
176,1,2006,19.84
176,1,2007,20.78
176,1,2008,19.85
176,1,2009,18.74
176,1,2010,18.1
176,1,2011,18.62
176,1,2012,18.12
176,1,2013,17.45
176,1,2014,19.11
176,1,2015,18.85
176,1,2016,18.44
176,1,2017,19.05
176,1,2018,21.64
176,1,2019,21.72
176,1,2020,24.73
176,1,2021,28.73
176,1,2022,23.75
176,1,2023,24.09
176,2,1980,13.58
176,2,1981,13.16
176,2,1982,12.81
176,2,1983,12.29
176,2,1984,11.88
176,2,1985,11.48
176,2,1986,11.1
176,2,1987,10.87
176,2,1988,10.59
176,2,1989,10.38
176,2,1990,10.27
176,2,1991,10.2
176,2,1992,10.12
176,2,1993,9.92
176,2,1994,9.67
176,2,1995,9.23
176,2,1996,9.12
176,2,1997,8.81
176,2,1998,8.8
176,2,1999,8.47
176,2,2000,8.72
176,2,2001,8.4
176,2,2002,8.57
176,2,2003,8.31
176,2,2004,7.85
176,2,2005,8.14
176,2,2006,7.5
176,2,2007,8.34
176,2,2008,8.23
176,2,2009,7.72
176,2,2010,7.62
176,2,2011,7.57
176,2,2012,7.34
176,2,2013,7.11
176,2,2014,7.45
176,2,2015,7.32
176,2,2016,7.17
176,2,2017,7.07
176,2,2018,8.04
176,2,2019,8.03
176,2,2020,8.01
176,2,2021,8.18
176,2,2022,7.71
176,2,2023,8.02
176,3,1980,18.84
176,3,1981,18.55
176,3,1982,18.3
176,3,1983,17.98
176,3,1984,17.81
176,3,1985,17.58
176,3,1986,17.34
176,3,1987,17.43
176,3,1988,17.36
176,3,1989,17.44
176,3,1990,17.55
176,3,1991,17.54
176,3,1992,17.55
176,3,1993,17.27
176,3,1994,16.99
176,3,1995,16.43
176,3,1996,16.42
176,3,1997,15.91
176,3,1998,15.99
176,3,1999,15.71
176,3,2000,16.05
176,3,2001,15.5
176,3,2002,15.11
176,3,2003,15.32
176,3,2004,14.06
176,3,2005,14.6
176,3,2006,13.48
176,3,2007,14.37
176,3,2008,13.86
176,3,2009,13.05
176,3,2010,12.69
176,3,2011,12.92
176,3,2012,12.57
176,3,2013,12.13
176,3,2014,13.12
176,3,2015,12.94
176,3,2016,12.66
176,3,2017,12.92
176,3,2018,14.7
176,3,2019,14.74
176,3,2020,16.19
176,3,2021,18.2
176,3,2022,15.55
176,3,2023,15.91
177,1,1980,42.97
177,1,1981,44.59
177,1,1982,44.35
177,1,1983,43.31
177,1,1984,42.77
177,1,1985,41.49
177,1,1986,40.34
177,1,1987,40.77
177,1,1988,40.58
177,1,1989,40.26
177,1,1990,40.45
177,1,1991,41.49
177,1,1992,44.11
177,1,1993,46.25
177,1,1994,39.46
177,1,1995,41.22
177,1,1996,39.93
177,1,1997,37.95
177,1,1998,38.32
177,1,1999,37.65
177,1,2000,36.87
177,1,2001,35.82
177,1,2002,35.23
177,1,2003,33.89
177,1,2004,35.48
177,1,2005,35.25
177,1,2006,34.98
177,1,2007,35.89
177,1,2008,36.22
177,1,2009,35.4
177,1,2010,36.06
177,1,2011,36.23
177,1,2012,36.34
177,1,2013,36.64
177,1,2014,35.56
177,1,2015,36.65
177,1,2016,36.97
177,1,2017,37.46
177,1,2018,36.57
177,1,2019,37.13
177,1,2020,36.52
177,1,2021,38.51
177,1,2022,36.85
177,1,2023,38.29
177,2,1980,17.45
177,2,1981,17.34
177,2,1982,17.25
177,2,1983,17.18
177,2,1984,17.15
177,2,1985,17.24
177,2,1986,17.04
177,2,1987,17.2
177,2,1988,17.1
177,2,1989,17
177,2,1990,16.56
177,2,1991,15.56
177,2,1992,15.64
177,2,1993,17.93
177,2,1994,15.42
177,2,1995,16.12
177,2,1996,15.47
177,2,1997,14.46
177,2,1998,14.23
177,2,1999,13.58
177,2,2000,13.14
177,2,2001,12.72
177,2,2002,12.44
177,2,2003,11.71
177,2,2004,12.29
177,2,2005,12.16
177,2,2006,12.1
177,2,2007,12.48
177,2,2008,12.74
177,2,2009,12.5
177,2,2010,12.86
177,2,2011,12.99
177,2,2012,13.06
177,2,2013,13.16
177,2,2014,12.81
177,2,2015,13.36
177,2,2016,13.52
177,2,2017,14.09
177,2,2018,13.8
177,2,2019,13.96
177,2,2020,13.12
177,2,2021,13.26
177,2,2022,13.7
177,2,2023,14.39
177,3,1980,30.14
177,3,1981,31.03
177,3,1982,30.92
177,3,1983,30.37
177,3,1984,30.1
177,3,1985,29.52
177,3,1986,28.83
177,3,1987,29.15
177,3,1988,29.01
177,3,1989,28.8
177,3,1990,28.77
177,3,1991,29
177,3,1992,30.57
177,3,1993,32.76
177,3,1994,27.94
177,3,1995,29.2
177,3,1996,28.2
177,3,1997,26.68
177,3,1998,26.78
177,3,1999,26.17
177,3,2000,25.55
177,3,2001,24.81
177,3,2002,24.38
177,3,2003,23.34
177,3,2004,24.46
177,3,2005,24.28
177,3,2006,24.09
177,3,2007,24.75
177,3,2008,25.04
177,3,2009,24.51
177,3,2010,25.03
177,3,2011,25.21
177,3,2012,25.33
177,3,2013,25.56
177,3,2014,24.85
177,3,2015,25.7
177,3,2016,25.97
177,3,2017,26.51
177,3,2018,25.91
177,3,2019,26.3
177,3,2020,25.6
177,3,2021,26.71
177,3,2022,26.04
177,3,2023,27.15
178,1,1980,84.73
178,1,1981,84.81
178,1,1982,84.56
178,1,1983,83.63
178,1,1984,81.93
178,1,1985,79.59
178,1,1986,77.13
178,1,1987,74.08
178,1,1988,70.74
178,1,1989,66.9
178,1,1990,62.9
178,1,1991,59.91
178,1,1992,58.45
178,1,1993,57.07
178,1,1994,55.56
178,1,1995,53.69
178,1,1996,53.87
178,1,1997,54.13
178,1,1998,54.06
178,1,1999,54.67
178,1,2000,54.57
178,1,2001,52.14
178,1,2002,53.15
178,1,2003,53.08
178,1,2004,53.78
178,1,2005,54.09
178,1,2006,54.61
178,1,2007,54.9
178,1,2008,55.12
178,1,2009,55.72
178,1,2010,56.09
178,1,2011,55.99
178,1,2012,57.72
178,1,2013,58.26
178,1,2014,59.21
178,1,2015,59.72
178,1,2016,59.76
178,1,2017,60.06
178,1,2018,60.31
178,1,2019,60.42
178,1,2020,62.26
178,1,2021,60.27
178,1,2022,65.66
178,1,2023,63.86
178,2,1980,28
178,2,1981,27.72
178,2,1982,27.45
178,2,1983,26.99
178,2,1984,26.53
178,2,1985,26.24
178,2,1986,26.04
178,2,1987,25.87
178,2,1988,25.57
178,2,1989,25.09
178,2,1990,24.64
178,2,1991,24.2
178,2,1992,23.91
178,2,1993,23.32
178,2,1994,22.76
178,2,1995,22.57
178,2,1996,22.23
178,2,1997,21.69
178,2,1998,21.11
178,2,1999,20.64
178,2,2000,20.41
178,2,2001,19.69
178,2,2002,19.98
178,2,2003,19.64
178,2,2004,19.82
178,2,2005,19.79
178,2,2006,19.88
178,2,2007,19.96
178,2,2008,20.24
178,2,2009,20.34
178,2,2010,20.48
178,2,2011,20.44
178,2,2012,20.83
178,2,2013,20.95
178,2,2014,20.86
178,2,2015,21.3
178,2,2016,21.54
178,2,2017,22
178,2,2018,22.45
178,2,2019,22.69
178,2,2020,22.84
178,2,2021,22.15
178,2,2022,24.24
178,2,2023,24.51
178,3,1980,54.57
178,3,1981,54.45
178,3,1982,54.22
178,3,1983,53.57
178,3,1984,52.58
178,3,1985,51.37
178,3,1986,50.17
178,3,1987,48.7
178,3,1988,47.03
178,3,1989,45.01
178,3,1990,42.93
178,3,1991,41.32
178,3,1992,40.55
178,3,1993,39.68
178,3,1994,38.77
178,3,1995,37.86
178,3,1996,37.86
178,3,1997,37.81
178,3,1998,37.55
178,3,1999,37.7
178,3,2000,37.59
178,3,2001,36.05
178,3,2002,36.76
178,3,2003,36.6
178,3,2004,37.08
178,3,2005,37.26
178,3,2006,37.59
178,3,2007,37.79
178,3,2008,38.05
178,3,2009,38.4
178,3,2010,38.66
178,3,2011,38.59
178,3,2012,39.66
178,3,2013,39.98
178,3,2014,40.41
178,3,2015,40.88
178,3,2016,41
178,3,2017,41.37
178,3,2018,41.71
178,3,2019,41.87
178,3,2020,42.82
178,3,2021,41.41
178,3,2022,44.98
178,3,2023,44.36
179,1,1980,41.21
179,1,1981,40.83
179,1,1982,41.56
179,1,1983,42.78
179,1,1984,43.73
179,1,1985,44.91
179,1,1986,46.04
179,1,1987,47.62
179,1,1988,49.12
179,1,1989,50.46
179,1,1990,51.08
179,1,1991,51.51
179,1,1992,52.14
179,1,1993,52.24
179,1,1994,51.71
179,1,1995,50.89
179,1,1996,50.46
179,1,1997,49.5
179,1,1998,48.09
179,1,1999,46.66
179,1,2000,45.33
179,1,2001,42.65
179,1,2002,41.36
179,1,2003,39.85
179,1,2004,38.91
179,1,2005,39.06
179,1,2006,39.29
179,1,2007,40.13
179,1,2008,41.25
179,1,2009,42.32
179,1,2010,43.22
179,1,2011,43.93
179,1,2012,44.75
179,1,2013,43.49
179,1,2014,44.93
179,1,2015,46.01
179,1,2016,46.68
179,1,2017,48.22
179,1,2018,49.87
179,1,2019,51.17
179,1,2020,51.77
179,1,2021,55.26
179,1,2022,57.09
179,1,2023,59.65
179,2,1980,18.88
179,2,1981,19.03
179,2,1982,19.2
179,2,1983,19.17
179,2,1984,19.43
179,2,1985,20.01
179,2,1986,20.32
179,2,1987,20.76
179,2,1988,21.06
179,2,1989,21.19
179,2,1990,21.33
179,2,1991,21.43
179,2,1992,21.6
179,2,1993,21.7
179,2,1994,21.65
179,2,1995,21.54
179,2,1996,21.39
179,2,1997,21.01
179,2,1998,20.44
179,2,1999,19.74
179,2,2000,19.19
179,2,2001,18.46
179,2,2002,18.03
179,2,2003,17.36
179,2,2004,16.92
179,2,2005,16.99
179,2,2006,17.14
179,2,2007,17.44
179,2,2008,17.76
179,2,2009,17.71
179,2,2010,17.71
179,2,2011,17.55
179,2,2012,17.43
179,2,2013,16.37
179,2,2014,16.55
179,2,2015,16.59
179,2,2016,16.69
179,2,2017,17.11
179,2,2018,17.64
179,2,2019,17.98
179,2,2020,17.49
179,2,2021,17.71
179,2,2022,20.36
179,2,2023,21.44
179,3,1980,29.81
179,3,1981,29.64
179,3,1982,30.07
179,3,1983,30.68
179,3,1984,31.26
179,3,1985,32.11
179,3,1986,32.8
179,3,1987,33.79
179,3,1988,34.69
179,3,1989,35.43
179,3,1990,35.82
179,3,1991,36.1
179,3,1992,36.54
179,3,1993,36.7
179,3,1994,36.44
179,3,1995,36.04
179,3,1996,35.81
179,3,1997,35.21
179,3,1998,34.27
179,3,1999,33.25
179,3,2000,32.34
179,3,2001,30.63
179,3,2002,29.79
179,3,2003,28.72
179,3,2004,28.04
179,3,2005,28.16
179,3,2006,28.36
179,3,2007,28.95
179,3,2008,29.68
179,3,2009,30.22
179,3,2010,30.69
179,3,2011,30.98
179,3,2012,31.33
179,3,2013,30.16
179,3,2014,30.96
179,3,2015,31.54
179,3,2016,31.91
179,3,2017,32.87
179,3,2018,33.96
179,3,2019,34.78
179,3,2020,34.84
179,3,2021,36.7
179,3,2022,38.84
179,3,2023,40.64
180,1,1980,41.27
180,1,1981,40.94
180,1,1982,40.61
180,1,1983,40.27
180,1,1984,39.98
180,1,1985,39.45
180,1,1986,38.94
180,1,1987,38.09
180,1,1988,37.33
180,1,1989,36.46
180,1,1990,35.68
180,1,1991,35.37
180,1,1992,35.24
180,1,1993,35.41
180,1,1994,35.89
180,1,1995,36.45
180,1,1996,37.19
180,1,1997,37.82
180,1,1998,38.33
180,1,1999,38.81
180,1,2000,39.46
180,1,2001,38.77
180,1,2002,38.79
180,1,2003,38.64
180,1,2004,39.44
180,1,2005,40.22
180,1,2006,40.61
180,1,2007,41.54
180,1,2008,42.72
180,1,2009,43.81
180,1,2010,45.07
180,1,2011,45.85
180,1,2012,46
180,1,2013,46.46
180,1,2014,46.64
180,1,2015,45.56
180,1,2016,46.41
180,1,2017,47.21
180,1,2018,47.85
180,1,2019,48.11
180,1,2020,52.86
180,1,2021,58.8
180,1,2022,49.4
180,1,2023,49.52
180,2,1980,19.44
180,2,1981,19.1
180,2,1982,18.76
180,2,1983,18.4
180,2,1984,18.1
180,2,1985,17.85
180,2,1986,17.54
180,2,1987,17.09
180,2,1988,16.66
180,2,1989,16.06
180,2,1990,15.6
180,2,1991,15.29
180,2,1992,15.1
180,2,1993,15.02
180,2,1994,14.95
180,2,1995,14.92
180,2,1996,14.92
180,2,1997,14.88
180,2,1998,14.85
180,2,1999,14.72
180,2,2000,14.81
180,2,2001,14.3
180,2,2002,14.12
180,2,2003,13.73
180,2,2004,13.69
180,2,2005,13.62
180,2,2006,13.54
180,2,2007,13.69
180,2,2008,13.96
180,2,2009,14.24
180,2,2010,14.55
180,2,2011,14.98
180,2,2012,15.27
180,2,2013,15.31
180,2,2014,15.35
180,2,2015,14.75
180,2,2016,14.95
180,2,2017,15.34
180,2,2018,15.49
180,2,2019,15.5
180,2,2020,14.89
180,2,2021,15.83
180,2,2022,15.72
180,2,2023,15.82
180,3,1980,30.1
180,3,1981,29.75
180,3,1982,29.4
180,3,1983,29.04
180,3,1984,28.73
180,3,1985,28.33
180,3,1986,27.9
180,3,1987,27.24
180,3,1988,26.64
180,3,1989,25.89
180,3,1990,25.26
180,3,1991,24.92
180,3,1992,24.75
180,3,1993,24.77
180,3,1994,24.96
180,3,1995,25.19
180,3,1996,25.54
180,3,1997,25.8
180,3,1998,26.01
180,3,1999,26.17
180,3,2000,26.52
180,3,2001,25.92
180,3,2002,25.84
180,3,2003,25.57
180,3,2004,25.95
180,3,2005,26.3
180,3,2006,26.45
180,3,2007,27
180,3,2008,27.73
180,3,2009,28.42
180,3,2010,29.2
180,3,2011,29.8
180,3,2012,30.02
180,3,2013,30.26
180,3,2014,30.36
180,3,2015,29.52
180,3,2016,30.03
180,3,2017,30.6
180,3,2018,30.98
180,3,2019,31.1
180,3,2020,32.82
180,3,2021,35.98
180,3,2022,31.65
180,3,2023,31.79
181,1,1980,52.62
181,1,1981,53.5
181,1,1982,51.74
181,1,1983,53.51
181,1,1984,53.53
181,1,1985,54.26
181,1,1986,54.14
181,1,1987,54.19
181,1,1988,56.34
181,1,1989,58.85
181,1,1990,60.54
181,1,1991,62.76
181,1,1992,64.64
181,1,1993,63.36
181,1,1994,63.32
181,1,1995,64
181,1,1996,61.21
181,1,1997,58.91
181,1,1998,56.13
181,1,1999,54.63
181,1,2000,53.04
181,1,2001,51.5
181,1,2002,49.72
181,1,2003,47.95
181,1,2004,46.96
181,1,2005,46.64
181,1,2006,46.91
181,1,2007,47.96
181,1,2008,48.98
181,1,2009,49.73
181,1,2010,50.76
181,1,2011,52.12
181,1,2012,53.4
181,1,2013,54.88
181,1,2014,55.96
181,1,2015,57.71
181,1,2016,60.27
181,1,2017,62.49
181,1,2018,64.8
181,1,2019,65.64
181,1,2020,66.68
181,1,2021,73.44
181,1,2022,75.14
181,1,2023,74.57
181,2,1980,26.59
181,2,1981,26.34
181,2,1982,26.21
181,2,1983,25.83
181,2,1984,26.2
181,2,1985,26.28
181,2,1986,26.07
181,2,1987,26.47
181,2,1988,26.95
181,2,1989,27.79
181,2,1990,28.66
181,2,1991,29.19
181,2,1992,29.58
181,2,1993,29.21
181,2,1994,29.29
181,2,1995,29.02
181,2,1996,28.07
181,2,1997,26.83
181,2,1998,25.88
181,2,1999,25.57
181,2,2000,24.87
181,2,2001,24.28
181,2,2002,23.58
181,2,2003,22.92
181,2,2004,22.37
181,2,2005,22.46
181,2,2006,22.6
181,2,2007,22.95
181,2,2008,23.23
181,2,2009,23.28
181,2,2010,23.38
181,2,2011,23.68
181,2,2012,23.78
181,2,2013,23.83
181,2,2014,23.76
181,2,2015,23.92
181,2,2016,24.32
181,2,2017,24.65
181,2,2018,25.26
181,2,2019,25.23
181,2,2020,23.62
181,2,2021,24.73
181,2,2022,28.76
181,2,2023,29.91
181,3,1980,39.55
181,3,1981,39.85
181,3,1982,38.89
181,3,1983,39.57
181,3,1984,39.76
181,3,1985,40.15
181,3,1986,39.97
181,3,1987,40.18
181,3,1988,41.48
181,3,1989,43.12
181,3,1990,44.38
181,3,1991,45.74
181,3,1992,46.86
181,3,1993,46.04
181,3,1994,46.07
181,3,1995,46.25
181,3,1996,44.4
181,3,1997,42.63
181,3,1998,40.77
181,3,1999,39.86
181,3,2000,38.7
181,3,2001,37.64
181,3,2002,36.4
181,3,2003,35.18
181,3,2004,34.42
181,3,2005,34.3
181,3,2006,34.5
181,3,2007,35.19
181,3,2008,35.83
181,3,2009,36.21
181,3,2010,36.75
181,3,2011,37.57
181,3,2012,38.24
181,3,2013,38.98
181,3,2014,39.45
181,3,2015,40.36
181,3,2016,41.78
181,3,2017,43.01
181,3,2018,44.43
181,3,2019,44.81
181,3,2020,44.43
181,3,2021,48.19
181,3,2022,51.06
181,3,2023,51.41
182,1,1980,61.06
182,1,1981,61.99
182,1,1982,63.32
182,1,1983,65.14
182,1,1984,66.95
182,1,1985,69.21
182,1,1986,71.11
182,1,1987,71.75
182,1,1988,72.03
182,1,1989,71.37
182,1,1990,69.41
182,1,1991,68.31
182,1,1992,66.95
182,1,1993,65.34
182,1,1994,62.42
182,1,1995,59.72
182,1,1996,58.16
182,1,1997,58.57
182,1,1998,58.9
182,1,1999,59.09
182,1,2000,60.26
182,1,2001,59.98
182,1,2002,59.93
182,1,2003,59
182,1,2004,59.54
182,1,2005,58.09
182,1,2006,55.95
182,1,2007,53.69
182,1,2008,53.46
182,1,2009,54.57
182,1,2010,57.19
182,1,2011,58.15
182,1,2012,59.12
182,1,2013,59.79
182,1,2014,61.05
182,1,2015,63.26
182,1,2016,65.21
182,1,2017,68.47
182,1,2018,70.83
182,1,2019,72.36
182,1,2020,74.62
182,1,2021,108.1
182,1,2022,83.24
182,1,2023,82.8
182,2,1980,30.22
182,2,1981,30.69
182,2,1982,31.34
182,2,1983,32.11
182,2,1984,32.84
182,2,1985,33.59
182,2,1986,34.06
182,2,1987,33.98
182,2,1988,33.12
182,2,1989,31.66
182,2,1990,29.94
182,2,1991,28.59
182,2,1992,27.57
182,2,1993,26.6
182,2,1994,25.35
182,2,1995,24.9
182,2,1996,24.34
182,2,1997,23.91
182,2,1998,23.46
182,2,1999,23.18
182,2,2000,23.39
182,2,2001,23
182,2,2002,22.75
182,2,2003,21.94
182,2,2004,21.68
182,2,2005,20.85
182,2,2006,20.19
182,2,2007,19.55
182,2,2008,19.68
182,2,2009,20.35
182,2,2010,21.32
182,2,2011,21.95
182,2,2012,22.16
182,2,2013,21.99
182,2,2014,21.82
182,2,2015,22.25
182,2,2016,22.41
182,2,2017,23.13
182,2,2018,23.82
182,2,2019,23.93
182,2,2020,22.95
182,2,2021,25.93
182,2,2022,25.95
182,2,2023,26.89
182,3,1980,44.67
182,3,1981,45.35
182,3,1982,46.32
182,3,1983,47.58
182,3,1984,48.81
182,3,1985,50.26
182,3,1986,51.4
182,3,1987,51.65
182,3,1988,51.37
182,3,1989,50.35
182,3,1990,48.55
182,3,1991,47.31
182,3,1992,46.11
182,3,1993,44.8
182,3,1994,42.71
182,3,1995,41.08
182,3,1996,39.98
182,3,1997,39.93
182,3,1998,39.85
182,3,1999,39.78
182,3,2000,40.41
182,3,2001,40.05
182,3,2002,39.85
182,3,2003,38.99
182,3,2004,39.09
182,3,2005,37.96
182,3,2006,36.57
182,3,2007,35.18
182,3,2008,35.12
182,3,2009,35.99
182,3,2010,37.72
182,3,2011,38.5
182,3,2012,39.07
182,3,2013,39.29
182,3,2014,39.78
182,3,2015,41.02
182,3,2016,42
182,3,2017,43.9
182,3,2018,45.36
182,3,2019,46.13
182,3,2020,46.46
182,3,2021,61.67
182,3,2022,51.44
182,3,2023,51.97
183,1,1980,15.28
183,1,1981,16.02
183,1,1982,12.7
183,1,1983,11.12
183,1,1984,9.31
183,1,1985,11.18
183,1,1986,14.19
183,1,1987,20.9
183,1,1988,27.16
183,1,1989,29.8
183,1,1990,32.28
183,1,1991,33.8
183,1,1992,32.78
183,1,1993,33.99
183,1,1994,32.42
183,1,1995,32.41
183,1,1996,27.95
183,1,1997,24.91
183,1,1998,24.4
183,1,1999,24.08
183,1,2000,24.05
183,1,2001,23.5
183,1,2002,24.24
183,1,2003,23.05
183,1,2004,21.83
183,1,2005,20.62
183,1,2006,20.39
183,1,2007,21.02
183,1,2008,22.1
183,1,2009,21.66
183,1,2010,22.87
183,1,2011,23.12
183,1,2012,22.61
183,1,2013,21.23
183,1,2014,21.05
183,1,2015,21.47
183,1,2016,22.17
183,1,2017,22.44
183,1,2018,22.31
183,1,2019,21.98
183,1,2020,20.33
183,1,2021,20.55
183,1,2022,20.33
183,1,2023,20.63
183,2,1980,3.11
183,2,1981,3.14
183,2,1982,2.36
183,2,1983,2.31
183,2,1984,1.92
183,2,1985,2.5
183,2,1986,3.79
183,2,1987,4.27
183,2,1988,5.26
183,2,1989,5.42
183,2,1990,6.53
183,2,1991,7.32
183,2,1992,5.67
183,2,1993,6.17
183,2,1994,6.34
183,2,1995,6.63
183,2,1996,6.29
183,2,1997,5.43
183,2,1998,5.15
183,2,1999,5.25
183,2,2000,5.1
183,2,2001,4.93
183,2,2002,5.32
183,2,2003,4.8
183,2,2004,4.64
183,2,2005,4.43
183,2,2006,4.33
183,2,2007,4.31
183,2,2008,4.24
183,2,2009,4.09
183,2,2010,4.09
183,2,2011,4.01
183,2,2012,3.87
183,2,2013,3.94
183,2,2014,3.83
183,2,2015,3.75
183,2,2016,3.71
183,2,2017,3.84
183,2,2018,3.88
183,2,2019,3.72
183,2,2020,3.09
183,2,2021,3.23
183,2,2022,3.77
183,2,2023,3.71
183,3,1980,8.94
183,3,1981,9.29
183,3,1982,7.29
183,3,1983,6.52
183,3,1984,5.45
183,3,1985,6.65
183,3,1986,8.74
183,3,1987,12.22
183,3,1988,15.7
183,3,1989,17.06
183,3,1990,18.85
183,3,1991,19.99
183,3,1992,18.67
183,3,1993,19.55
183,3,1994,18.88
183,3,1995,19.03
183,3,1996,16.72
183,3,1997,14.83
183,3,1998,14.44
183,3,1999,14.33
183,3,2000,14.24
183,3,2001,13.85
183,3,2002,14.43
183,3,2003,13.6
183,3,2004,12.93
183,3,2005,12.25
183,3,2006,12.08
183,3,2007,12.39
183,3,2008,12.91
183,3,2009,12.62
183,3,2010,13.22
183,3,2011,13.33
183,3,2012,13.01
183,3,2013,12.36
183,3,2014,12.23
183,3,2015,12.43
183,3,2016,12.75
183,3,2017,12.98
183,3,2018,12.94
183,3,2019,12.7
183,3,2020,11.6
183,3,2021,11.74
183,3,2022,11.87
183,3,2023,11.98
184,1,1980,41.9
184,1,1981,41.88
184,1,1982,42
184,1,1983,42.73
184,1,1984,43.14
184,1,1985,43.37
184,1,1986,43.78
184,1,1987,43.58
184,1,1988,42.5
184,1,1989,41.23
184,1,1990,40.49
184,1,1991,40.13
184,1,1992,39.63
184,1,1993,39.09
184,1,1994,39.27
184,1,1995,40.66
184,1,1996,41.52
184,1,1997,40.92
184,1,1998,40.31
184,1,1999,39.8
184,1,2000,39.5
184,1,2001,38.75
184,1,2002,38.23
184,1,2003,37.35
184,1,2004,36.79
184,1,2005,36.43
184,1,2006,36.01
184,1,2007,35.37
184,1,2008,34.82
184,1,2009,33.67
184,1,2010,32.96
184,1,2011,32.21
184,1,2012,31.78
184,1,2013,30.3
184,1,2014,29.24
184,1,2015,30.19
184,1,2016,30.1
184,1,2017,30.39
184,1,2018,31.29
184,1,2019,32.31
184,1,2020,32.53
184,1,2021,33.89
184,1,2022,31.76
184,1,2023,32.16
184,2,1980,15.87
184,2,1981,15.75
184,2,1982,15.75
184,2,1983,15.8
184,2,1984,15.88
184,2,1985,15.74
184,2,1986,16
184,2,1987,16.18
184,2,1988,16.12
184,2,1989,15.86
184,2,1990,15.72
184,2,1991,15.45
184,2,1992,15.32
184,2,1993,15.21
184,2,1994,15.1
184,2,1995,15.11
184,2,1996,14.99
184,2,1997,14.65
184,2,1998,14.33
184,2,1999,13.99
184,2,2000,13.71
184,2,2001,13.14
184,2,2002,12.84
184,2,2003,12.41
184,2,2004,12.17
184,2,2005,11.88
184,2,2006,11.92
184,2,2007,11.65
184,2,2008,11.75
184,2,2009,11.42
184,2,2010,11.1
184,2,2011,10.73
184,2,2012,10.44
184,2,2013,10.2
184,2,2014,9.85
184,2,2015,9.78
184,2,2016,9.69
184,2,2017,9.56
184,2,2018,9.58
184,2,2019,9.74
184,2,2020,9.52
184,2,2021,9.12
184,2,2022,9.74
184,2,2023,10.09
184,3,1980,27.89
184,3,1981,27.83
184,3,1982,27.89
184,3,1983,28.27
184,3,1984,28.51
184,3,1985,28.53
184,3,1986,28.84
184,3,1987,28.82
184,3,1988,28.23
184,3,1989,27.44
184,3,1990,26.99
184,3,1991,26.65
184,3,1992,26.33
184,3,1993,26
184,3,1994,26.03
184,3,1995,26.74
184,3,1996,27.11
184,3,1997,26.65
184,3,1998,26.19
184,3,1999,25.77
184,3,2000,25.48
184,3,2001,24.82
184,3,2002,24.41
184,3,2003,23.78
184,3,2004,23.39
184,3,2005,23.08
184,3,2006,22.91
184,3,2007,22.47
184,3,2008,22.27
184,3,2009,21.56
184,3,2010,21.06
184,3,2011,20.51
184,3,2012,20.15
184,3,2013,19.34
184,3,2014,18.65
184,3,2015,19.02
184,3,2016,18.93
184,3,2017,18.98
184,3,2018,19.39
184,3,2019,19.94
184,3,2020,19.9
184,3,2021,20.15
184,3,2022,19.61
184,3,2023,20.01
185,1,1980,111.3
185,1,1981,113.83
185,1,1982,116.24
185,1,1983,118.93
185,1,1984,121.28
185,1,1985,123.39
185,1,1986,126.13
185,1,1987,129.89
185,1,1988,134.23
185,1,1989,139.72
185,1,1990,147.25
185,1,1991,158.29
185,1,1992,169.69
185,1,1993,171.75
185,1,1994,175.89
185,1,1995,168.02
185,1,1996,179.21
185,1,1997,179.58
185,1,1998,172.92
185,1,1999,163.26
185,1,2000,151.45
185,1,2001,138.28
185,1,2002,128.89
185,1,2003,122.42
185,1,2004,121.66
185,1,2005,120.12
185,1,2006,118.86
185,1,2007,118.46
185,1,2008,115.78
185,1,2009,114.02
185,1,2010,109.97
185,1,2011,106.65
185,1,2012,106.07
185,1,2013,107.05
185,1,2014,106.77
185,1,2015,105.79
185,1,2016,104.81
185,1,2017,104.66
185,1,2018,105.56
185,1,2019,107.46
185,1,2020,108.85
185,1,2021,114.21
185,1,2022,118.83
185,1,2023,125.51
185,2,1980,35.62
185,2,1981,36.3
185,2,1982,37.21
185,2,1983,38.18
185,2,1984,38.99
185,2,1985,39.64
185,2,1986,40.23
185,2,1987,41.19
185,2,1988,42.06
185,2,1989,42.82
185,2,1990,44.34
185,2,1991,46.39
185,2,1992,47.65
185,2,1993,47.44
185,2,1994,55.73
185,2,1995,50.06
185,2,1996,50.22
185,2,1997,49.79
185,2,1998,47.56
185,2,1999,44.27
185,2,2000,39.94
185,2,2001,35.93
185,2,2002,32.96
185,2,2003,30.74
185,2,2004,30.58
185,2,2005,30.25
185,2,2006,30.1
185,2,2007,29.47
185,2,2008,28.45
185,2,2009,27.69
185,2,2010,27.16
185,2,2011,26.96
185,2,2012,26.87
185,2,2013,27.75
185,2,2014,28.18
185,2,2015,28.12
185,2,2016,28.06
185,2,2017,28.47
185,2,2018,29.18
185,2,2019,29.99
185,2,2020,30.36
185,2,2021,31.18
185,2,2022,34.86
185,2,2023,37.01
185,3,1980,69.38
185,3,1981,71
185,3,1982,72.65
185,3,1983,74.48
185,3,1984,76.08
185,3,1985,77.51
185,3,1986,79.24
185,3,1987,81.68
185,3,1988,84.38
185,3,1989,87.59
185,3,1990,92.18
185,3,1991,98.77
185,3,1992,105.23
185,3,1993,106.62
185,3,1994,111.41
185,3,1995,103.07
185,3,1996,108.34
185,3,1997,108.2
185,3,1998,103.78
185,3,1999,97.47
185,3,2000,89.72
185,3,2001,81.51
185,3,2002,75.47
185,3,2003,71.11
185,3,2004,70.4
185,3,2005,69.34
185,3,2006,68.56
185,3,2007,67.9
185,3,2008,66.04
185,3,2009,64.77
185,3,2010,62.71
185,3,2011,61.2
185,3,2012,60.95
185,3,2013,61.96
185,3,2014,62.18
185,3,2015,61.8
185,3,2016,61.51
185,3,2017,61.81
185,3,2018,62.73
185,3,2019,64.13
185,3,2020,65
185,3,2021,67.59
185,3,2022,72.07
185,3,2023,76.42
186,1,1980,17.23
186,1,1981,17.11
186,1,1982,17.02
186,1,1983,17.37
186,1,1984,18.07
186,1,1985,18.45
186,1,1986,19.25
186,1,1987,19.99
186,1,1988,20.48
186,1,1989,20.95
186,1,1990,21.15
186,1,1991,21.99
186,1,1992,22.62
186,1,1993,22.81
186,1,1994,22.21
186,1,1995,22.58
186,1,1996,23.07
186,1,1997,23.09
186,1,1998,23.18
186,1,1999,22.9
186,1,2000,22.63
186,1,2001,22.62
186,1,2002,22.1
186,1,2003,21.63
186,1,2004,21.43
186,1,2005,21.71
186,1,2006,21.22
186,1,2007,21.14
186,1,2008,21.06
186,1,2009,20.79
186,1,2010,20.38
186,1,2011,19.99
186,1,2012,20.25
186,1,2013,19.48
186,1,2014,18.73
186,1,2015,18.42
186,1,2016,17.85
186,1,2017,17.53
186,1,2018,16.37
186,1,2019,15.31
186,1,2020,15.09
186,1,2021,14.42
186,1,2022,13.16
186,1,2023,14.76
186,2,1980,4.36
186,2,1981,4.11
186,2,1982,3.91
186,2,1983,3.94
186,2,1984,3.91
186,2,1985,3.84
186,2,1986,4
186,2,1987,4.09
186,2,1988,4.16
186,2,1989,4.33
186,2,1990,4.51
186,2,1991,4.7
186,2,1992,4.89
186,2,1993,5.06
186,2,1994,5.22
186,2,1995,5.33
186,2,1996,5.47
186,2,1997,5.54
186,2,1998,5.62
186,2,1999,5.74
186,2,2000,5.77
186,2,2001,5.78
186,2,2002,5.87
186,2,2003,5.75
186,2,2004,5.69
186,2,2005,5.54
186,2,2006,5.45
186,2,2007,5.45
186,2,2008,5.42
186,2,2009,5.47
186,2,2010,5.47
186,2,2011,5.42
186,2,2012,5.39
186,2,2013,5.24
186,2,2014,5.14
186,2,2015,5.01
186,2,2016,4.92
186,2,2017,4.73
186,2,2018,4.66
186,2,2019,4.8
186,2,2020,4.54
186,2,2021,4.85
186,2,2022,4.9
186,2,2023,4.8
186,3,1980,10.68
186,3,1981,10.49
186,3,1982,10.34
186,3,1983,10.51
186,3,1984,10.83
186,3,1985,10.99
186,3,1986,11.45
186,3,1987,11.85
186,3,1988,12.13
186,3,1989,12.46
186,3,1990,12.65
186,3,1991,13.16
186,3,1992,13.57
186,3,1993,13.73
186,3,1994,13.48
186,3,1995,13.69
186,3,1996,13.98
186,3,1997,14.02
186,3,1998,14.09
186,3,1999,14.03
186,3,2000,13.94
186,3,2001,13.97
186,3,2002,13.8
186,3,2003,13.53
186,3,2004,13.43
186,3,2005,13.54
186,3,2006,13.28
186,3,2007,13.26
186,3,2008,13.25
186,3,2009,13.19
186,3,2010,12.99
186,3,2011,12.8
186,3,2012,13
186,3,2013,12.57
186,3,2014,12.18
186,3,2015,11.99
186,3,2016,11.74
186,3,2017,11.55
186,3,2018,10.95
186,3,2019,10.44
186,3,2020,10.23
186,3,2021,10
186,3,2022,9.41
186,3,2023,10.26
187,1,1980,23.42
187,1,1981,25.62
187,1,1982,24.23
187,1,1983,21.92
187,1,1984,21.77
187,1,1985,21.36
187,1,1986,21.14
187,1,1987,20.87
187,1,1988,20.67
187,1,1989,20.32
187,1,1990,19.73
187,1,1991,19.66
187,1,1992,19.97
187,1,1993,19.77
187,1,1994,20.66
187,1,1995,21.53
187,1,1996,22.41
187,1,1997,23.08
187,1,1998,23.53
187,1,1999,24.22
187,1,2000,25.21
187,1,2001,25.86
187,1,2002,26.3
187,1,2003,26.54
187,1,2004,27.02
187,1,2005,27.45
187,1,2006,26.8
187,1,2007,26.43
187,1,2008,26.17
187,1,2009,25.84
187,1,2010,25.25
187,1,2011,24.83
187,1,2012,24.24
187,1,2013,23.87
187,1,2014,23.7
187,1,2015,23.61
187,1,2016,23.8
187,1,2017,24.18
187,1,2018,21.63
187,1,2019,22.25
187,1,2020,22.63
187,1,2021,27.31
187,1,2022,23.02
187,1,2023,23.37
187,2,1980,11.62
187,2,1981,12.26
187,2,1982,12.52
187,2,1983,13.12
187,2,1984,13.77
187,2,1985,14.01
187,2,1986,14.31
187,2,1987,14.45
187,2,1988,14.57
187,2,1989,14.58
187,2,1990,14.5
187,2,1991,14.54
187,2,1992,15.02
187,2,1993,14.59
187,2,1994,15.27
187,2,1995,15.25
187,2,1996,15.4
187,2,1997,15.45
187,2,1998,15.4
187,2,1999,15.47
187,2,2000,15.83
187,2,2001,15.94
187,2,2002,16.21
187,2,2003,16.27
187,2,2004,16.61
187,2,2005,16.92
187,2,2006,16.23
187,2,2007,16.05
187,2,2008,15.9
187,2,2009,15.71
187,2,2010,15.34
187,2,2011,15
187,2,2012,14.43
187,2,2013,14.15
187,2,2014,13.91
187,2,2015,13.59
187,2,2016,13.46
187,2,2017,13.24
187,2,2018,11.07
187,2,2019,11.19
187,2,2020,10.48
187,2,2021,11.09
187,2,2022,11.1
187,2,2023,11.34
187,3,1980,17.71
187,3,1981,19.25
187,3,1982,18.6
187,3,1983,17.6
187,3,1984,17.82
187,3,1985,17.72
187,3,1986,17.75
187,3,1987,17.67
187,3,1988,17.62
187,3,1989,17.44
187,3,1990,17.08
187,3,1991,17.05
187,3,1992,17.42
187,3,1993,17.09
187,3,1994,17.86
187,3,1995,18.28
187,3,1996,18.79
187,3,1997,19.14
187,3,1998,19.34
187,3,1999,19.71
187,3,2000,20.39
187,3,2001,20.76
187,3,2002,21.11
187,3,2003,21.26
187,3,2004,21.67
187,3,2005,22.04
187,3,2006,21.37
187,3,2007,21.09
187,3,2008,20.9
187,3,2009,20.64
187,3,2010,20.16
187,3,2011,19.78
187,3,2012,19.19
187,3,2013,18.86
187,3,2014,18.65
187,3,2015,18.45
187,3,2016,18.47
187,3,2017,18.55
187,3,2018,16.2
187,3,2019,16.57
187,3,2020,16.28
187,3,2021,18.63
187,3,2022,16.78
187,3,2023,17.09
189,1,1980,49.95
189,1,1981,49.99
189,1,1982,49.41
189,1,1983,49.66
189,1,1984,49.58
189,1,1985,49.21
189,1,1986,48.6
189,1,1987,47.99
189,1,1988,47.14
189,1,1989,46.17
189,1,1990,45.2
189,1,1991,44.83
189,1,1992,44.64
189,1,1993,44.36
189,1,1994,44.16
189,1,1995,43.86
189,1,1996,43.68
189,1,1997,43.34
189,1,1998,42.79
189,1,1999,41.77
189,1,2000,41.18
189,1,2001,40.9
189,1,2002,41.02
189,1,2003,41.12
189,1,2004,41.37
189,1,2005,41.33
189,1,2006,41.97
189,1,2007,43.34
189,1,2008,45.24
189,1,2009,46.82
189,1,2010,47.64
189,1,2011,49.51
189,1,2012,52.38
189,1,2013,54.65
189,1,2014,55.48
189,1,2015,57.06
189,1,2016,58.13
189,1,2017,59.04
189,1,2018,59.1
189,1,2019,58.25
189,1,2020,58.55
189,1,2021,62.46
189,1,2022,56.34
189,1,2023,58.3
189,2,1980,23.39
189,2,1981,23.34
189,2,1982,23.11
189,2,1983,23.12
189,2,1984,23
189,2,1985,22.84
189,2,1986,22.64
189,2,1987,22.31
189,2,1988,21.93
189,2,1989,21.26
189,2,1990,20.55
189,2,1991,20.13
189,2,1992,19.97
189,2,1993,19.62
189,2,1994,19.4
189,2,1995,19.15
189,2,1996,18.97
189,2,1997,18.87
189,2,1998,18.48
189,2,1999,17.85
189,2,2000,17.53
189,2,2001,17.32
189,2,2002,17.48
189,2,2003,17.63
189,2,2004,17.78
189,2,2005,17.66
189,2,2006,17.84
189,2,2007,18.27
189,2,2008,18.79
189,2,2009,19.24
189,2,2010,19.79
189,2,2011,20.31
189,2,2012,21.07
189,2,2013,21.76
189,2,2014,21.69
189,2,2015,21.86
189,2,2016,21.51
189,2,2017,21.03
189,2,2018,20.44
189,2,2019,19.63
189,2,2020,18.83
189,2,2021,19.85
189,2,2022,17.17
189,2,2023,17.99
189,3,1980,36.22
189,3,1981,36.19
189,3,1982,35.77
189,3,1983,35.86
189,3,1984,35.73
189,3,1985,35.43
189,3,1986,35.01
189,3,1987,34.53
189,3,1988,33.91
189,3,1989,33.1
189,3,1990,32.28
189,3,1991,31.89
189,3,1992,31.74
189,3,1993,31.43
189,3,1994,31.23
189,3,1995,30.96
189,3,1996,30.8
189,3,1997,30.59
189,3,1998,30.14
189,3,1999,29.33
189,3,2000,28.9
189,3,2001,28.67
189,3,2002,28.82
189,3,2003,28.96
189,3,2004,29.16
189,3,2005,29.08
189,3,2006,29.48
189,3,2007,30.37
189,3,2008,31.55
189,3,2009,32.55
189,3,2010,33.22
189,3,2011,34.4
189,3,2012,36.18
189,3,2013,37.62
189,3,2014,37.98
189,3,2015,38.81
189,3,2016,39.13
189,3,2017,39.31
189,3,2018,39.02
189,3,2019,38.19
189,3,2020,37.89
189,3,2021,40.23
189,3,2022,35.91
189,3,2023,37.28
190,1,1980,46.43
190,1,1981,42.02
190,1,1982,47.32
190,1,1983,46.44
190,1,1984,44.95
190,1,1985,42.82
190,1,1986,41.47
190,1,1987,41.71
190,1,1988,41.43
190,1,1989,44.95
190,1,1990,46.51
190,1,1991,49.54
190,1,1992,50.74
190,1,1993,52.7
190,1,1994,55.07
190,1,1995,56.56
190,1,1996,57.96
190,1,1997,58.72
190,1,1998,60
190,1,1999,60.91
190,1,2000,62.85
190,1,2001,63.26
190,1,2002,63.71
190,1,2003,63.41
190,1,2004,64.84
190,1,2005,66.27
190,1,2006,68.12
190,1,2007,70.89
190,1,2008,73.79
190,1,2009,76.9
190,1,2010,79.28
190,1,2011,82.7
190,1,2012,85.12
190,1,2013,88.11
190,1,2014,90.88
190,1,2015,93
190,1,2016,94.24
190,1,2017,94.85
190,1,2018,95.05
190,1,2019,94.67
190,1,2020,93.97
190,1,2021,104.76
190,1,2022,98.62
190,1,2023,100.87
190,2,1980,21.23
190,2,1981,19.57
190,2,1982,21.96
190,2,1983,21.62
190,2,1984,20.88
190,2,1985,20.17
190,2,1986,19.67
190,2,1987,19.47
190,2,1988,19.12
190,2,1989,20.39
190,2,1990,20.89
190,2,1991,22.03
190,2,1992,22.4
190,2,1993,22.98
190,2,1994,23.59
190,2,1995,23.73
190,2,1996,23.85
190,2,1997,23.47
190,2,1998,23.21
190,2,1999,22.73
190,2,2000,22.93
190,2,2001,22.71
190,2,2002,22.77
190,2,2003,22.29
190,2,2004,22.66
190,2,2005,22.97
190,2,2006,23.35
190,2,2007,23.72
190,2,2008,24.18
190,2,2009,24.7
190,2,2010,25.02
190,2,2011,25.86
190,2,2012,27.1
190,2,2013,28.59
190,2,2014,29.13
190,2,2015,29.3
190,2,2016,29.17
190,2,2017,29.2
190,2,2018,29.32
190,2,2019,29.13
190,2,2020,28.44
190,2,2021,30
190,2,2022,30.47
190,2,2023,31.76
190,3,1980,33.64
190,3,1981,30.59
190,3,1982,34.39
190,3,1983,33.75
190,3,1984,32.6
190,3,1985,31.14
190,3,1986,30.19
190,3,1987,30.15
190,3,1988,29.8
190,3,1989,32.11
190,3,1990,33.07
190,3,1991,35.06
190,3,1992,35.79
190,3,1993,36.99
190,3,1994,38.4
190,3,1995,39.14
190,3,1996,39.84
190,3,1997,39.97
190,3,1998,40.42
190,3,1999,40.58
190,3,2000,41.57
190,3,2001,41.64
190,3,2002,41.86
190,3,2003,41.44
190,3,2004,42.29
190,3,2005,43.12
190,3,2006,44.17
190,3,2007,45.64
190,3,2008,47.22
190,3,2009,48.94
190,3,2010,50.2
190,3,2011,52.23
190,3,2012,54
190,3,2013,56.16
190,3,2014,57.72
190,3,2015,58.79
190,3,2016,59.29
190,3,2017,59.61
190,3,2018,59.77
190,3,2019,59.5
190,3,2020,58.74
190,3,2021,64.22
190,3,2022,61.91
190,3,2023,63.7
191,1,1980,68.06
191,1,1981,68.82
191,1,1982,68.61
191,1,1983,68.92
191,1,1984,69.37
191,1,1985,70.52
191,1,1986,70.44
191,1,1987,70.54
191,1,1988,70.31
191,1,1989,69.52
191,1,1990,68.75
191,1,1991,68.54
191,1,1992,68.96
191,1,1993,69.23
191,1,1994,69.74
191,1,1995,70.09
191,1,1996,70.15
191,1,1997,69.31
191,1,1998,67.83
191,1,1999,66.17
191,1,2000,64.7
191,1,2001,64.35
191,1,2002,62.43
191,1,2003,59.54
191,1,2004,57.39
191,1,2005,56.57
191,1,2006,56.51
191,1,2007,56.02
191,1,2008,57.16
191,1,2009,59.21
191,1,2010,60.48
191,1,2011,61.91
191,1,2012,61.26
191,1,2013,61.46
191,1,2014,61.72
191,1,2015,65.06
191,1,2016,65.7
191,1,2017,65.84
191,1,2018,65.14
191,1,2019,65.02
191,1,2020,67.92
191,1,2021,77.94
191,1,2022,66.15
191,1,2023,67.17
191,2,1980,35.4
191,2,1981,35.22
191,2,1982,34.69
191,2,1983,34.51
191,2,1984,34.28
191,2,1985,34.37
191,2,1986,33.79
191,2,1987,33.04
191,2,1988,31.91
191,2,1989,30.37
191,2,1990,28.99
191,2,1991,28.07
191,2,1992,27.38
191,2,1993,26.78
191,2,1994,26.33
191,2,1995,26.07
191,2,1996,25.9
191,2,1997,25.57
191,2,1998,25.17
191,2,1999,24.73
191,2,2000,24.35
191,2,2001,24.65
191,2,2002,23.74
191,2,2003,23.03
191,2,2004,22.68
191,2,2005,22.5
191,2,2006,22.43
191,2,2007,22.17
191,2,2008,22.72
191,2,2009,23
191,2,2010,22.75
191,2,2011,22.62
191,2,2012,21.83
191,2,2013,21.15
191,2,2014,20.6
191,2,2015,21.76
191,2,2016,21.85
191,2,2017,21.85
191,2,2018,21.44
191,2,2019,21.26
191,2,2020,21.14
191,2,2021,22.36
191,2,2022,22.81
191,2,2023,23.88
191,3,1980,51.31
191,3,1981,51.59
191,3,1982,51.21
191,3,1983,51.27
191,3,1984,51.38
191,3,1985,51.98
191,3,1986,51.65
191,3,1987,51.33
191,3,1988,50.66
191,3,1989,49.51
191,3,1990,48.46
191,3,1991,47.91
191,3,1992,47.77
191,3,1993,47.6
191,3,1994,47.63
191,3,1995,47.66
191,3,1996,47.59
191,3,1997,46.99
191,3,1998,46.04
191,3,1999,44.97
191,3,2000,44.02
191,3,2001,43.97
191,3,2002,42.53
191,3,2003,40.71
191,3,2004,39.43
191,3,2005,38.9
191,3,2006,38.81
191,3,2007,38.42
191,3,2008,39.25
191,3,2009,40.39
191,3,2010,40.88
191,3,2011,41.52
191,3,2012,40.8
191,3,2013,40.53
191,3,2014,40.36
191,3,2015,42.54
191,3,2016,42.87
191,3,2017,42.9
191,3,2018,42.3
191,3,2019,42.11
191,3,2020,43.36
191,3,2021,48.64
191,3,2022,43.21
191,3,2023,44.24
193,1,1980,64.25
193,1,1981,63.77
193,1,1982,63.51
193,1,1983,63.34
193,1,1984,63.56
193,1,1985,63.64
193,1,1986,63.48
193,1,1987,63.19
193,1,1988,58.55
193,1,1989,58.16
193,1,1990,56.59
193,1,1991,53.11
193,1,1992,49.65
193,1,1993,46.64
193,1,1994,45.23
193,1,1995,45.18
193,1,1996,46.52
193,1,1997,49.57
193,1,1998,54.02
193,1,1999,58.64
193,1,2000,62.98
193,1,2001,65.97
193,1,2002,60.98
193,1,2003,50.57
193,1,2004,42.21
193,1,2005,38.42
193,1,2006,38.22
193,1,2007,36.76
193,1,2008,35.97
193,1,2009,35.13
193,1,2010,34.58
193,1,2011,34.63
193,1,2012,33.79
193,1,2013,33.84
193,1,2014,33.5
193,1,2015,31.84
193,1,2016,31.5
193,1,2017,30.61
193,1,2018,30.53
193,1,2019,30.59
193,1,2020,30.21
193,1,2021,30.12
193,1,2022,29.48
193,1,2023,29.51
193,2,1980,59.56
193,2,1981,57.42
193,2,1982,55.51
193,2,1983,53.45
193,2,1984,51.56
193,2,1985,49.58
193,2,1986,47.42
193,2,1987,44.9
193,2,1988,38.99
193,2,1989,36.41
193,2,1990,33.05
193,2,1991,29.01
193,2,1992,25.59
193,2,1993,22.72
193,2,1994,20.84
193,2,1995,19.4
193,2,1996,18.4
193,2,1997,17.96
193,2,1998,18.33
193,2,1999,18.81
193,2,2000,19.63
193,2,2001,20.16
193,2,2002,18.97
193,2,2003,16.01
193,2,2004,13.41
193,2,2005,12.35
193,2,2006,13.49
193,2,2007,11.7
193,2,2008,11.5
193,2,2009,11.6
193,2,2010,11.55
193,2,2011,11.62
193,2,2012,11.57
193,2,2013,11.57
193,2,2014,11.77
193,2,2015,11.46
193,2,2016,11.68
193,2,2017,11.87
193,2,2018,12.27
193,2,2019,12.52
193,2,2020,12.72
193,2,2021,12.9
193,2,2022,12.53
193,2,2023,12.55
193,3,1980,60.99
193,3,1981,59.58
193,3,1982,58.43
193,3,1983,57.24
193,3,1984,56.33
193,3,1985,55.32
193,3,1986,54.13
193,3,1987,52.72
193,3,1988,47.53
193,3,1989,46.05
193,3,1990,43.62
193,3,1991,39.94
193,3,1992,36.56
193,3,1993,33.67
193,3,1994,32.04
193,3,1995,31.27
193,3,1996,31.39
193,3,1997,32.59
193,3,1998,34.87
193,3,1999,37.29
193,3,2000,39.78
193,3,2001,41.47
193,3,2002,38.49
193,3,2003,32.06
193,3,2004,26.81
193,3,2005,24.51
193,3,2006,25.04
193,3,2007,23.45
193,3,2008,23
193,3,2009,22.68
193,3,2010,22.4
193,3,2011,22.47
193,3,2012,22.05
193,3,2013,22.08
193,3,2014,22.03
193,3,2015,21.09
193,3,2016,21.04
193,3,2017,20.71
193,3,2018,20.89
193,3,2019,21.04
193,3,2020,20.96
193,3,2021,21.01
193,3,2022,20.51
193,3,2023,20.53
194,1,1980,79.99
194,1,1981,80.05
194,1,1982,79.98
194,1,1983,79.79
194,1,1984,79.78
194,1,1985,79.63
194,1,1986,79.51
194,1,1987,78.14
194,1,1988,76.92
194,1,1989,73.85
194,1,1990,70
194,1,1991,66.37
194,1,1992,62.37
194,1,1993,59.34
194,1,1994,56.75
194,1,1995,55.56
194,1,1996,55.73
194,1,1997,56.24
194,1,1998,57.63
194,1,1999,60.34
194,1,2000,66.11
194,1,2001,81.68
194,1,2002,95.26
194,1,2003,93.85
194,1,2004,94.17
194,1,2005,83.19
194,1,2006,67.45
194,1,2007,58.66
194,1,2008,56.57
194,1,2009,58.84
194,1,2010,61.82
194,1,2011,62.73
194,1,2012,62.61
194,1,2013,62.02
194,1,2014,63.75
194,1,2015,64.33
194,1,2016,60.33
194,1,2017,57.28
194,1,2018,55.2
194,1,2019,53.61
194,1,2020,51.03
194,1,2021,51.37
194,1,2022,54.07
194,1,2023,54.57
194,2,1980,57.71
194,2,1981,57.37
194,2,1982,56.83
194,2,1983,56.36
194,2,1984,55.84
194,2,1985,55.24
194,2,1986,54.64
194,2,1987,53.39
194,2,1988,51.67
194,2,1989,49.14
194,2,1990,46.2
194,2,1991,43.1
194,2,1992,39.63
194,2,1993,36.34
194,2,1994,33.27
194,2,1995,30.8
194,2,1996,29.23
194,2,1997,28.21
194,2,1998,27.33
194,2,1999,27.18
194,2,2000,28.22
194,2,2001,36.42
194,2,2002,43.97
194,2,2003,39.4
194,2,2004,36.31
194,2,2005,29.72
194,2,2006,23.6
194,2,2007,20.55
194,2,2008,20.54
194,2,2009,22.19
194,2,2010,23.52
194,2,2011,24.05
194,2,2012,23.59
194,2,2013,22.25
194,2,2014,21.87
194,2,2015,21.91
194,2,2016,21.71
194,2,2017,21.57
194,2,2018,21.33
194,2,2019,20.64
194,2,2020,19.57
194,2,2021,19.94
194,2,2022,21.03
194,2,2023,21.05
194,3,1980,65.89
194,3,1981,65.76
194,3,1982,65.45
194,3,1983,65.15
194,3,1984,64.88
194,3,1985,64.52
194,3,1986,64.19
194,3,1987,62.97
194,3,1988,61.55
194,3,1989,58.91
194,3,1990,55.7
194,3,1991,52.49
194,3,1992,48.91
194,3,1993,45.84
194,3,1994,43.08
194,3,1995,41.23
194,3,1996,40.46
194,3,1997,40.14
194,3,1998,40.25
194,3,1999,41.34
194,3,2000,44.45
194,3,2001,55.9
194,3,2002,66.12
194,3,2003,62.99
194,3,2004,61.47
194,3,2005,53.1
194,3,2006,42.93
194,3,2007,37.54
194,3,2008,36.8
194,3,2009,38.85
194,3,2010,41.01
194,3,2011,41.8
194,3,2012,41.56
194,3,2013,40.61
194,3,2014,41.2
194,3,2015,41.46
194,3,2016,39.57
194,3,2017,38.17
194,3,2018,37.13
194,3,2019,36.06
194,3,2020,34.33
194,3,2021,34.72
194,3,2022,36.52
194,3,2023,36.79
195,1,1980,102.84
195,1,1981,102.62
195,1,1982,102.42
195,1,1983,101.98
195,1,1984,101.83
195,1,1985,101.61
195,1,1986,101.43
195,1,1987,100.51
195,1,1988,100.11
195,1,1989,100.19
195,1,1990,99.77
195,1,1991,99.38
195,1,1992,96.93
195,1,1993,93.4
195,1,1994,88.84
195,1,1995,83.47
195,1,1996,79.18
195,1,1997,76.66
195,1,1998,74.61
195,1,1999,73.82
195,1,2000,73.33
195,1,2001,72.41
195,1,2002,73.04
195,1,2003,73.02
195,1,2004,70.33
195,1,2005,67.42
195,1,2006,65.16
195,1,2007,65.81
195,1,2008,67.29
195,1,2009,67.67
195,1,2010,67.51
195,1,2011,68.61
195,1,2012,69.17
195,1,2013,67.66
195,1,2014,66.16
195,1,2015,65.49
195,1,2016,64.93
195,1,2017,63.28
195,1,2018,61.76
195,1,2019,61.92
195,1,2020,61.73
195,1,2021,66.1
195,1,2022,59.2
195,1,2023,58.74
195,2,1980,52.74
195,2,1981,51.73
195,2,1982,50.94
195,2,1983,50.05
195,2,1984,49.41
195,2,1985,48.87
195,2,1986,48.38
195,2,1987,47.72
195,2,1988,47.53
195,2,1989,47.78
195,2,1990,47.92
195,2,1991,47.47
195,2,1992,45.97
195,2,1993,43.29
195,2,1994,40.05
195,2,1995,36.43
195,2,1996,33.46
195,2,1997,31.03
195,2,1998,29.46
195,2,1999,28.17
195,2,2000,27.16
195,2,2001,25.72
195,2,2002,25.49
195,2,2003,25.04
195,2,2004,23.66
195,2,2005,22.98
195,2,2006,22.65
195,2,2007,24.02
195,2,2008,25.31
195,2,2009,25.31
195,2,2010,25.1
195,2,2011,25.24
195,2,2012,25.72
195,2,2013,24.91
195,2,2014,23.53
195,2,2015,23.48
195,2,2016,23.47
195,2,2017,23.48
195,2,2018,24.25
195,2,2019,25.16
195,2,2020,24.91
195,2,2021,25.03
195,2,2022,24.84
195,2,2023,24.92
195,3,1980,77.22
195,3,1981,76.54
195,3,1982,75.97
195,3,1983,75.23
195,3,1984,74.75
195,3,1985,74.29
195,3,1986,73.87
195,3,1987,73.01
195,3,1988,72.64
195,3,1989,72.74
195,3,1990,72.55
195,3,1991,72.07
195,3,1992,70.07
195,3,1993,66.94
195,3,1994,63.06
195,3,1995,58.59
195,3,1996,55
195,3,1997,52.54
195,3,1998,50.74
195,3,1999,49.71
195,3,2000,48.97
195,3,2001,47.79
195,3,2002,48
195,3,2003,47.78
195,3,2004,45.81
195,3,2005,44.09
195,3,2006,42.85
195,3,2007,43.87
195,3,2008,45.25
195,3,2009,45.44
195,3,2010,45.25
195,3,2011,45.84
195,3,2012,46.35
195,3,2013,45.21
195,3,2014,43.78
195,3,2015,43.43
195,3,2016,43.16
195,3,2017,42.4
195,3,2018,42.1
195,3,2019,42.69
195,3,2020,42.49
195,3,2021,44.54
195,3,2022,41.21
195,3,2023,41.09
196,1,1980,77.94
196,1,1981,76.87
196,1,1982,75.35
196,1,1983,73.51
196,1,1984,72.61
196,1,1985,69.31
196,1,1986,67.92
196,1,1987,66.84
196,1,1988,63.85
196,1,1989,62.55
196,1,1990,60.76
196,1,1991,59.45
196,1,1992,59.1
196,1,1993,63.29
196,1,1994,68.14
196,1,1995,68.13
196,1,1996,73.52
196,1,1997,72.49
196,1,1998,73.05
196,1,1999,71.04
196,1,2000,67.19
196,1,2001,65.57
196,1,2002,65.08
196,1,2003,64.83
196,1,2004,62.19
196,1,2005,61
196,1,2006,62.1
196,1,2007,63.98
196,1,2008,63.95
196,1,2009,64.85
196,1,2010,65.19
196,1,2011,65.17
196,1,2012,65.13
196,1,2013,64.67
196,1,2014,64.13
196,1,2015,62.91
196,1,2016,61.69
196,1,2017,60.04
196,1,2018,58.52
196,1,2019,54.92
196,1,2020,49.84
196,1,2021,49.42
196,1,2022,53.03
196,1,2023,53.49
196,2,1980,34.65
196,2,1981,33.41
196,2,1982,31.6
196,2,1983,29.72
196,2,1984,27.82
196,2,1985,27.41
196,2,1986,24.96
196,2,1987,22.97
196,2,1988,22.6
196,2,1989,20.95
196,2,1990,20.74
196,2,1991,20.18
196,2,1992,18.89
196,2,1993,20.32
196,2,1994,20.89
196,2,1995,22.04
196,2,1996,24.07
196,2,1997,23.51
196,2,1998,23.68
196,2,1999,22.57
196,2,2000,21.17
196,2,2001,20.41
196,2,2002,20.34
196,2,2003,20.21
196,2,2004,19.73
196,2,2005,19.86
196,2,2006,20.31
196,2,2007,21.21
196,2,2008,21.63
196,2,2009,22.38
196,2,2010,23.13
196,2,2011,23.4
196,2,2012,23.82
196,2,2013,23.96
196,2,2014,23.64
196,2,2015,23.06
196,2,2016,22.74
196,2,2017,22.58
196,2,2018,22.11
196,2,2019,20.51
196,2,2020,18.19
196,2,2021,17.06
196,2,2022,19.93
196,2,2023,21.37
196,3,1980,55.32
196,3,1981,54.14
196,3,1982,52.41
196,3,1983,50.51
196,3,1984,49.06
196,3,1985,47.25
196,3,1986,45.24
196,3,1987,43.65
196,3,1988,42
196,3,1989,40.48
196,3,1990,39.49
196,3,1991,38.56
196,3,1992,37.69
196,3,1993,40.42
196,3,1994,43.01
196,3,1995,43.61
196,3,1996,47.17
196,3,1997,46.3
196,3,1998,46.59
196,3,1999,45
196,3,2000,42.44
196,3,2001,41.27
196,3,2002,41.02
196,3,2003,40.87
196,3,2004,39.44
196,3,2005,39.01
196,3,2006,39.83
196,3,2007,41.26
196,3,2008,41.51
196,3,2009,42.36
196,3,2010,42.92
196,3,2011,43.07
196,3,2012,43.3
196,3,2013,43.2
196,3,2014,42.8
196,3,2015,41.94
196,3,2016,41.23
196,3,2017,40.38
196,3,2018,39.42
196,3,2019,36.88
196,3,2020,33.22
196,3,2021,32.38
196,3,2022,35.71
196,3,2023,36.69
197,1,1980,121.58
197,1,1981,120.61
197,1,1982,119.67
197,1,1983,118.81
197,1,1984,118.99
197,1,1985,118.37
197,1,1986,118.59
197,1,1987,119.41
197,1,1988,121.57
197,1,1989,124.5
197,1,1990,127.88
197,1,1991,129.8
197,1,1992,131.08
197,1,1993,130.07
197,1,1994,125.43
197,1,1995,116.6
197,1,1996,106.46
197,1,1997,99.06
197,1,1998,92.25
197,1,1999,89.25
197,1,2000,89.31
197,1,2001,94.03
197,1,2002,99.37
197,1,2003,109.66
197,1,2004,119.56
197,1,2005,122.58
197,1,2006,116.16
197,1,2007,110.41
197,1,2008,108.72
197,1,2009,105.61
197,1,2010,98.97
197,1,2011,91.98
197,1,2012,84.49
197,1,2013,77.61
197,1,2014,72.19
197,1,2015,66.01
197,1,2016,62.25
197,1,2017,61.25
197,1,2018,62.76
197,1,2019,62.67
197,1,2020,62.22
197,1,2021,60.75
197,1,2022,58.98
197,1,2023,57.48
197,2,1980,92.43
197,2,1981,89.94
197,2,1982,87.42
197,2,1983,84.82
197,2,1984,82.75
197,2,1985,80.96
197,2,1986,78.84
197,2,1987,76.9
197,2,1988,75.58
197,2,1989,74.39
197,2,1990,72.87
197,2,1991,71.01
197,2,1992,68.69
197,2,1993,64.3
197,2,1994,58.56
197,2,1995,51.33
197,2,1996,44.39
197,2,1997,38.54
197,2,1998,34.1
197,2,1999,31.33
197,2,2000,29.84
197,2,2001,30.65
197,2,2002,31.46
197,2,2003,34.5
197,2,2004,38.07
197,2,2005,40.55
197,2,2006,40.31
197,2,2007,37.54
197,2,2008,35.14
197,2,2009,33.66
197,2,2010,32.63
197,2,2011,31.71
197,2,2012,30.06
197,2,2013,28.4
197,2,2014,27.15
197,2,2015,25.7
197,2,2016,25
197,2,2017,25.33
197,2,2018,25.62
197,2,2019,25.96
197,2,2020,26.87
197,2,2021,26.4
197,2,2022,26.85
197,2,2023,26.05
197,3,1980,105.36
197,3,1981,103.58
197,3,1982,101.79
197,3,1983,99.98
197,3,1984,98.9
197,3,1985,97.6
197,3,1986,96.47
197,3,1987,95.71
197,3,1988,95.88
197,3,1989,96.47
197,3,1990,97.09
197,3,1991,96.89
197,3,1992,96.17
197,3,1993,93.32
197,3,1994,88.13
197,3,1995,80.26
197,3,1996,71.97
197,3,1997,65.49
197,3,1998,60.04
197,3,1999,57.21
197,3,2000,56.44
197,3,2001,59.03
197,3,2002,61.94
197,3,2003,68.32
197,3,2004,74.84
197,3,2005,77.7
197,3,2006,74.8
197,3,2007,70.81
197,3,2008,68.82
197,3,2009,66.64
197,3,2010,63.05
197,3,2011,59.38
197,3,2012,55.1
197,3,2013,51.12
197,3,2014,48.05
197,3,2015,44.53
197,3,2016,42.52
197,3,2017,42.33
197,3,2018,43.3
197,3,2019,43.54
197,3,2020,43.83
197,3,2021,42.88
197,3,2022,42.33
197,3,2023,41.26
198,1,1980,53.45
198,1,1981,53.89
198,1,1982,54.04
198,1,1983,54.39
198,1,1984,54.54
198,1,1985,54.25
198,1,1986,53.57
198,1,1987,51.78
198,1,1988,48.48
198,1,1989,47.19
198,1,1990,46.02
198,1,1991,46.02
198,1,1992,46.7
198,1,1993,48.9
198,1,1994,52.5
198,1,1995,55.8
198,1,1996,58.9
198,1,1997,60.86
198,1,1998,61.61
198,1,1999,61.52
198,1,2000,61.26
198,1,2001,61.21
198,1,2002,60.47
198,1,2003,59.98
198,1,2004,57.26
198,1,2005,54.33
198,1,2006,51.65
198,1,2007,47.52
198,1,2008,47.19
198,1,2009,46.33
198,1,2010,45.31
198,1,2011,46.14
198,1,2012,45.09
198,1,2013,43.79
198,1,2014,41.61
198,1,2015,39.97
198,1,2016,38.91
198,1,2017,37.28
198,1,2018,36.24
198,1,2019,35.48
198,1,2020,34.21
198,1,2021,36.88
198,1,2022,32.33
198,1,2023,31.24
198,2,1980,26.53
198,2,1981,26.1
198,2,1982,25.58
198,2,1983,25.12
198,2,1984,24.45
198,2,1985,23.41
198,2,1986,22.2
198,2,1987,20.36
198,2,1988,18.01
198,2,1989,16.52
198,2,1990,15.58
198,2,1991,14.9
198,2,1992,14.55
198,2,1993,14.17
198,2,1994,14.37
198,2,1995,14.31
198,2,1996,14.32
198,2,1997,14.22
198,2,1998,14.03
198,2,1999,13.87
198,2,2000,13.53
198,2,2001,13.4
198,2,2002,13.27
198,2,2003,13.34
198,2,2004,12.99
198,2,2005,12.76
198,2,2006,12.66
198,2,2007,12.3
198,2,2008,13.21
198,2,2009,13.49
198,2,2010,13.75
198,2,2011,15.15
198,2,2012,15.31
198,2,2013,14.85
198,2,2014,14.18
198,2,2015,13.85
198,2,2016,13.54
198,2,2017,12.8
198,2,2018,12.61
198,2,2019,12.39
198,2,2020,11.83
198,2,2021,12.41
198,2,2022,11.05
198,2,2023,10.74
198,3,1980,39.41
198,3,1981,39.39
198,3,1982,39.18
198,3,1983,39.09
198,3,1984,38.8
198,3,1985,38.12
198,3,1986,37.15
198,3,1987,35.32
198,3,1988,32.53
198,3,1989,31.15
198,3,1990,30.11
198,3,1991,29.75
198,3,1992,29.91
198,3,1993,30.75
198,3,1994,32.54
198,3,1995,34.03
198,3,1996,35.46
198,3,1997,36.26
198,3,1998,36.43
198,3,1999,36.21
198,3,2000,35.83
198,3,2001,35.66
198,3,2002,35.16
198,3,2003,34.9
198,3,2004,33.41
198,3,2005,31.91
198,3,2006,30.62
198,3,2007,28.55
198,3,2008,28.9
198,3,2009,28.69
198,3,2010,28.39
198,3,2011,29.53
198,3,2012,29.12
198,3,2013,28.26
198,3,2014,26.88
198,3,2015,25.93
198,3,2016,25.26
198,3,2017,24.09
198,3,2018,23.5
198,3,2019,23.03
198,3,2020,22.12
198,3,2021,23.55
198,3,2022,20.82
198,3,2023,20.14
200,1,1980,61.39
200,1,1981,62.16
200,1,1982,62.79
200,1,1983,63.43
200,1,1984,64.01
200,1,1985,65.14
200,1,1986,66.13
200,1,1987,67.54
200,1,1988,68.15
200,1,1989,68.22
200,1,1990,68.44
200,1,1991,68.5
200,1,1992,68.17
200,1,1993,68.1
200,1,1994,67.38
200,1,1995,66.72
200,1,1996,66.03
200,1,1997,65.39
200,1,1998,64.72
200,1,1999,63.1
200,1,2000,62.22
200,1,2001,60.18
200,1,2002,57.77
200,1,2003,55.44
200,1,2004,53.15
200,1,2005,51.65
200,1,2006,51.37
200,1,2007,50.36
200,1,2008,53.28
200,1,2009,56.85
200,1,2010,57.87
200,1,2011,59.85
200,1,2012,61.17
200,1,2013,57.84
200,1,2014,59.06
200,1,2015,64.02
200,1,2016,64.31
200,1,2017,64.32
200,1,2018,63.48
200,1,2019,64.28
200,1,2020,64.01
200,1,2021,62.3
200,1,2022,59.43
200,1,2023,59.7
200,2,1980,28.79
200,2,1981,29.07
200,2,1982,29.24
200,2,1983,29.62
200,2,1984,29.98
200,2,1985,30.33
200,2,1986,30.8
200,2,1987,31.23
200,2,1988,31.72
200,2,1989,31.72
200,2,1990,31.71
200,2,1991,32.11
200,2,1992,31.99
200,2,1993,32.19
200,2,1994,31.97
200,2,1995,31.38
200,2,1996,30.9
200,2,1997,30.04
200,2,1998,29.27
200,2,1999,28.1
200,2,2000,27.54
200,2,2001,26.08
200,2,2002,25.15
200,2,2003,23.61
200,2,2004,22.35
200,2,2005,21.37
200,2,2006,21.09
200,2,2007,20.38
200,2,2008,21.68
200,2,2009,23.21
200,2,2010,23.74
200,2,2011,24.2
200,2,2012,24.69
200,2,2013,22.67
200,2,2014,22.89
200,2,2015,25.71
200,2,2016,25.69
200,2,2017,25.56
200,2,2018,25.06
200,2,2019,25.2
200,2,2020,24.95
200,2,2021,23.73
200,2,2022,22.38
200,2,2023,22.66
200,3,1980,43.42
200,3,1981,43.96
200,3,1982,44.37
200,3,1983,44.89
200,3,1984,45.38
200,3,1985,46.13
200,3,1986,46.86
200,3,1987,47.77
200,3,1988,48.36
200,3,1989,48.42
200,3,1990,48.55
200,3,1991,48.84
200,3,1992,48.65
200,3,1993,48.75
200,3,1994,48.31
200,3,1995,47.7
200,3,1996,47.15
200,3,1997,46.41
200,3,1998,45.7
200,3,1999,44.33
200,3,2000,43.62
200,3,2001,41.9
200,3,2002,40.28
200,3,2003,38.39
200,3,2004,36.66
200,3,2005,35.45
200,3,2006,35.19
200,3,2007,34.36
200,3,2008,36.45
200,3,2009,38.95
200,3,2010,39.73
200,3,2011,40.93
200,3,2012,41.84
200,3,2013,39.23
200,3,2014,39.94
200,3,2015,43.79
200,3,2016,43.95
200,3,2017,43.91
200,3,2018,43.27
200,3,2019,43.75
200,3,2020,43.51
200,3,2021,42.08
200,3,2022,40.02
200,3,2023,40.31
201,1,1980,36.22
201,1,1981,36.33
201,1,1982,36.76
201,1,1983,37.27
201,1,1984,38.96
201,1,1985,40.12
201,1,1986,40.62
201,1,1987,40.89
201,1,1988,40.95
201,1,1989,41.28
201,1,1990,41.39
201,1,1991,41.33
201,1,1992,41.35
201,1,1993,41.66
201,1,1994,41.5
201,1,1995,41.71
201,1,1996,42.17
201,1,1997,42.53
201,1,1998,43.27
201,1,1999,43.47
201,1,2000,44.15
201,1,2001,44.07
201,1,2002,44.23
201,1,2003,43.81
201,1,2004,43.94
201,1,2005,43.84
201,1,2006,43.22
201,1,2007,40.95
201,1,2008,39.63
201,1,2009,38.25
201,1,2010,37.07
201,1,2011,35.54
201,1,2012,35.44
201,1,2013,35.73
201,1,2014,35.81
201,1,2015,36.87
201,1,2016,37.67
201,1,2017,38.48
201,1,2018,34.21
201,1,2019,34.72
201,1,2020,33.98
201,1,2021,34.73
201,1,2022,38.57
201,1,2023,40.24
201,2,1980,19.21
201,2,1981,19.24
201,2,1982,19.53
201,2,1983,20.05
201,2,1984,20.93
201,2,1985,21.79
201,2,1986,22.21
201,2,1987,22.29
201,2,1988,22.02
201,2,1989,21.82
201,2,1990,21.64
201,2,1991,20.93
201,2,1992,20.44
201,2,1993,20.26
201,2,1994,19.81
201,2,1995,19.5
201,2,1996,19.1
201,2,1997,18.57
201,2,1998,18.07
201,2,1999,17.53
201,2,2000,17.46
201,2,2001,16.65
201,2,2002,16.54
201,2,2003,15.64
201,2,2004,15.27
201,2,2005,15.24
201,2,2006,15.37
201,2,2007,14.82
201,2,2008,14.8
201,2,2009,14.72
201,2,2010,14.67
201,2,2011,14.76
201,2,2012,15.02
201,2,2013,15.2
201,2,2014,15.21
201,2,2015,15.96
201,2,2016,16.26
201,2,2017,16.54
201,2,2018,13.77
201,2,2019,13.69
201,2,2020,12.94
201,2,2021,12.75
201,2,2022,14.75
201,2,2023,15.52
201,3,1980,27.08
201,3,1981,27.15
201,3,1982,27.49
201,3,1983,27.99
201,3,1984,29.24
201,3,1985,30.24
201,3,1986,30.72
201,3,1987,30.9
201,3,1988,30.79
201,3,1989,30.84
201,3,1990,30.8
201,3,1991,30.39
201,3,1992,30.13
201,3,1993,30.18
201,3,1994,29.85
201,3,1995,29.77
201,3,1996,29.78
201,3,1997,29.65
201,3,1998,29.73
201,3,1999,29.53
201,3,2000,29.81
201,3,2001,29.34
201,3,2002,29.35
201,3,2003,28.67
201,3,2004,28.53
201,3,2005,28.49
201,3,2006,28.3
201,3,2007,26.97
201,3,2008,26.37
201,3,2009,25.7
201,3,2010,25.14
201,3,2011,24.49
201,3,2012,24.6
201,3,2013,24.84
201,3,2014,24.89
201,3,2015,25.78
201,3,2016,26.32
201,3,2017,26.85
201,3,2018,23.38
201,3,2019,23.58
201,3,2020,22.82
201,3,2021,23.05
201,3,2022,25.91
201,3,2023,27.13
202,1,1980,52.41
202,1,1981,53.65
202,1,1982,54.16
202,1,1983,53.72
202,1,1984,54.2
202,1,1985,55.48
202,1,1986,54.69
202,1,1987,55.66
202,1,1988,56.26
202,1,1989,57.14
202,1,1990,56.66
202,1,1991,56.65
202,1,1992,55.28
202,1,1993,53.97
202,1,1994,52.99
202,1,1995,52.39
202,1,1996,52.36
202,1,1997,52.46
202,1,1998,53.15
202,1,1999,53.49
202,1,2000,54.21
202,1,2001,54.49
202,1,2002,54.73
202,1,2003,54.08
202,1,2004,54.08
202,1,2005,54.69
202,1,2006,56.18
202,1,2007,56.71
202,1,2008,58.81
202,1,2009,61.24
202,1,2010,63.35
202,1,2011,63.76
202,1,2012,63.15
202,1,2013,62.75
202,1,2014,62.82
202,1,2015,62.7
202,1,2016,62.54
202,1,2017,61.92
202,1,2018,62.25
202,1,2019,61.63
202,1,2020,60.7
202,1,2021,60.04
202,1,2022,60.93
202,1,2023,62.64
202,2,1980,24.85
202,2,1981,25.08
202,2,1982,25.02
202,2,1983,24.63
202,2,1984,24.7
202,2,1985,25.38
202,2,1986,25.18
202,2,1987,25.72
202,2,1988,26.01
202,2,1989,26.25
202,2,1990,26.07
202,2,1991,25.81
202,2,1992,25.14
202,2,1993,24.5
202,2,1994,23.8
202,2,1995,23.2
202,2,1996,22.93
202,2,1997,22.61
202,2,1998,22.57
202,2,1999,22.36
202,2,2000,22.7
202,2,2001,22.2
202,2,2002,22.6
202,2,2003,21.85
202,2,2004,21.4
202,2,2005,21.15
202,2,2006,21.57
202,2,2007,21.27
202,2,2008,22.1
202,2,2009,23.02
202,2,2010,24.05
202,2,2011,24.34
202,2,2012,24.79
202,2,2013,24.94
202,2,2014,24.61
202,2,2015,24.71
202,2,2016,24.73
202,2,2017,24.74
202,2,2018,24.98
202,2,2019,24.63
202,2,2020,24.26
202,2,2021,23.49
202,2,2022,24.11
202,2,2023,24.72
202,3,1980,37.92
202,3,1981,38.64
202,3,1982,38.87
202,3,1983,38.48
202,3,1984,38.75
202,3,1985,39.72
202,3,1986,39.25
202,3,1987,40
202,3,1988,40.45
202,3,1989,41
202,3,1990,40.69
202,3,1991,40.55
202,3,1992,39.56
202,3,1993,38.61
202,3,1994,37.79
202,3,1995,37.21
202,3,1996,37.07
202,3,1997,36.96
202,3,1998,37.29
202,3,1999,37.37
202,3,2000,37.92
202,3,2001,37.82
202,3,2002,38.16
202,3,2003,37.47
202,3,2004,37.26
202,3,2005,37.45
202,3,2006,38.43
202,3,2007,38.56
202,3,2008,40.04
202,3,2009,41.73
202,3,2010,43.31
202,3,2011,43.69
202,3,2012,43.65
202,3,2013,43.54
202,3,2014,43.42
202,3,2015,43.42
202,3,2016,43.36
202,3,2017,43.07
202,3,2018,43.36
202,3,2019,42.89
202,3,2020,42.24
202,3,2021,41.53
202,3,2022,42.28
202,3,2023,43.43
203,1,1980,8.97
203,1,1981,9.21
203,1,1982,9.48
203,1,1983,9.69
203,1,1984,9.92
203,1,1985,10.21
203,1,1986,10.36
203,1,1987,10.43
203,1,1988,10.61
203,1,1989,10.78
203,1,1990,10.8
203,1,1991,10.79
203,1,1992,10.76
203,1,1993,10.64
203,1,1994,10.75
203,1,1995,11.8
203,1,1996,10.52
203,1,1997,10.4
203,1,1998,10.45
203,1,1999,10.5
203,1,2000,10.52
203,1,2001,10.64
203,1,2002,10.54
203,1,2003,10.94
203,1,2004,11.3
203,1,2005,11.49
203,1,2006,11.99
203,1,2007,12.61
203,1,2008,12.49
203,1,2009,12.32
203,1,2010,12.48
203,1,2011,12.22
203,1,2012,12.08
203,1,2013,11.95
203,1,2014,12.01
203,1,2015,11.73
203,1,2016,11.38
203,1,2017,11.06
203,1,2018,12.25
203,1,2019,11.89
203,1,2020,11.58
203,1,2021,11.74
203,1,2022,11.59
203,1,2023,11.32
203,2,1980,5.88
203,2,1981,5.82
203,2,1982,5.74
203,2,1983,5.61
203,2,1984,5.48
203,2,1985,5.39
203,2,1986,5.32
203,2,1987,5.24
203,2,1988,5.2
203,2,1989,5.2
203,2,1990,5.19
203,2,1991,5.11
203,2,1992,4.98
203,2,1993,4.81
203,2,1994,4.76
203,2,1995,5.37
203,2,1996,4.25
203,2,1997,4.02
203,2,1998,3.81
203,2,1999,3.59
203,2,2000,3.39
203,2,2001,3.29
203,2,2002,3.16
203,2,2003,3.07
203,2,2004,2.99
203,2,2005,2.95
203,2,2006,3.04
203,2,2007,3.07
203,2,2008,3.01
203,2,2009,2.93
203,2,2010,2.92
203,2,2011,2.97
203,2,2012,3.03
203,2,2013,3.13
203,2,2014,3.27
203,2,2015,3.39
203,2,2016,3.52
203,2,2017,3.51
203,2,2018,3.62
203,2,2019,3.58
203,2,2020,3.36
203,2,2021,3.3
203,2,2022,3.86
203,2,2023,3.99
203,3,1980,7.1
203,3,1981,7.15
203,3,1982,7.22
203,3,1983,7.24
203,3,1984,7.26
203,3,1985,7.34
203,3,1986,7.37
203,3,1987,7.37
203,3,1988,7.45
203,3,1989,7.55
203,3,1990,7.57
203,3,1991,7.53
203,3,1992,7.47
203,3,1993,7.33
203,3,1994,7.36
203,3,1995,8.16
203,3,1996,7
203,3,1997,6.82
203,3,1998,6.74
203,3,1999,6.66
203,3,2000,6.57
203,3,2001,6.59
203,3,2002,6.49
203,3,2003,6.63
203,3,2004,6.77
203,3,2005,6.86
203,3,2006,7.17
203,3,2007,7.5
203,3,2008,7.43
203,3,2009,7.33
203,3,2010,7.42
203,3,2011,7.35
203,3,2012,7.32
203,3,2013,7.34
203,3,2014,7.46
203,3,2015,7.4
203,3,2016,7.31
203,3,2017,7.17
203,3,2018,7.87
203,3,2019,7.69
203,3,2020,7.43
203,3,2021,7.48
203,3,2022,7.68
203,3,2023,7.62
204,1,1980,36.11
204,1,1981,35.85
204,1,1982,35.58
204,1,1983,35.7
204,1,1984,35.97
204,1,1985,36.15
204,1,1986,35.4
204,1,1987,35.43
204,1,1988,34.82
204,1,1989,34.68
204,1,1990,36
204,1,1991,34.7
204,1,1992,34.5
204,1,1993,34.62
204,1,1994,33.41
204,1,1995,32.87
204,1,1996,33.62
204,1,1997,33.84
204,1,1998,34.2
204,1,1999,34.63
204,1,2000,35.41
204,1,2001,36.3
204,1,2002,36.85
204,1,2003,37.57
204,1,2004,38.05
204,1,2005,39.03
204,1,2006,39.73
204,1,2007,40.41
204,1,2008,41.06
204,1,2009,41.43
204,1,2010,42.3
204,1,2011,41.62
204,1,2012,40.82
204,1,2013,41.81
204,1,2014,41.01
204,1,2015,37.63
204,1,2016,36.05
204,1,2017,35.6
204,1,2018,35.49
204,1,2019,35.64
204,1,2020,36.54
204,1,2021,35.37
204,1,2022,38.45
204,1,2023,39.23
204,2,1980,22.56
204,2,1981,22.75
204,2,1982,22.94
204,2,1983,23.33
204,2,1984,23.81
204,2,1985,24.09
204,2,1986,24.09
204,2,1987,24.11
204,2,1988,24
204,2,1989,23.72
204,2,1990,24.49
204,2,1991,24
204,2,1992,23.7
204,2,1993,23.88
204,2,1994,23.02
204,2,1995,22.39
204,2,1996,22.8
204,2,1997,22.77
204,2,1998,22.61
204,2,1999,22.61
204,2,2000,23
204,2,2001,23.39
204,2,2002,23.53
204,2,2003,23.39
204,2,2004,23.32
204,2,2005,23.44
204,2,2006,23.74
204,2,2007,23.99
204,2,2008,24.04
204,2,2009,24.26
204,2,2010,24.74
204,2,2011,24.24
204,2,2012,23.58
204,2,2013,24.73
204,2,2014,24.21
204,2,2015,22.37
204,2,2016,21.72
204,2,2017,21.6
204,2,2018,21.68
204,2,2019,21.76
204,2,2020,21.33
204,2,2021,20.86
204,2,2022,23.2
204,2,2023,23.9
204,3,1980,28.83
204,3,1981,28.81
204,3,1982,28.8
204,3,1983,29.06
204,3,1984,29.44
204,3,1985,29.67
204,3,1986,29.31
204,3,1987,29.33
204,3,1988,28.98
204,3,1989,28.78
204,3,1990,29.81
204,3,1991,28.94
204,3,1992,28.71
204,3,1993,28.87
204,3,1994,27.87
204,3,1995,27.3
204,3,1996,27.88
204,3,1997,27.97
204,3,1998,28.07
204,3,1999,28.28
204,3,2000,28.86
204,3,2001,29.5
204,3,2002,29.84
204,3,2003,30.11
204,3,2004,30.31
204,3,2005,30.86
204,3,2006,31.36
204,3,2007,31.82
204,3,2008,32.18
204,3,2009,32.49
204,3,2010,33.18
204,3,2011,32.61
204,3,2012,31.9
204,3,2013,32.99
204,3,2014,32.35
204,3,2015,29.78
204,3,2016,28.69
204,3,2017,28.44
204,3,2018,28.45
204,3,2019,28.58
204,3,2020,28.85
204,3,2021,28.03
204,3,2022,30.77
204,3,2023,31.53
205,1,1980,31.24
205,1,1981,31.56
205,1,1982,31.21
205,1,1983,31.3
205,1,1984,30.9
205,1,1985,31.19
205,1,1986,30.8
205,1,1987,29.8
205,1,1988,29.41
205,1,1989,28.61
205,1,1990,27.85
205,1,1991,28.1
205,1,1992,28.35
205,1,1993,29.3
205,1,1994,30.26
205,1,1995,30.87
205,1,1996,32.29
205,1,1997,33.73
205,1,1998,34.8
205,1,1999,35.01
205,1,2000,35.31
205,1,2001,34.59
205,1,2002,33.93
205,1,2003,32.46
205,1,2004,31.6
205,1,2005,30.77
205,1,2006,30.75
205,1,2007,29.55
205,1,2008,29.02
205,1,2009,27.96
205,1,2010,26.14
205,1,2011,25.65
205,1,2012,26.56
205,1,2013,27.19
205,1,2014,27.1
205,1,2015,27.24
205,1,2016,27.76
205,1,2017,27.82
205,1,2018,27.95
205,1,2019,27.9
205,1,2020,28.3
205,1,2021,28.89
205,1,2022,31.27
205,1,2023,31.72
205,2,1980,16.17
205,2,1981,16.11
205,2,1982,15.96
205,2,1983,16.04
205,2,1984,16.05
205,2,1985,16.3
205,2,1986,16.25
205,2,1987,15.92
205,2,1988,15.68
205,2,1989,15.18
205,2,1990,14.8
205,2,1991,14.67
205,2,1992,14.79
205,2,1993,15.17
205,2,1994,15.51
205,2,1995,15.57
205,2,1996,16.1
205,2,1997,16.53
205,2,1998,16.78
205,2,1999,16.61
205,2,2000,16.65
205,2,2001,15.86
205,2,2002,15.52
205,2,2003,14.44
205,2,2004,14.18
205,2,2005,13.82
205,2,2006,14.01
205,2,2007,13.33
205,2,2008,13.22
205,2,2009,12.74
205,2,2010,12.15
205,2,2011,12
205,2,2012,12.38
205,2,2013,12.92
205,2,2014,12.91
205,2,2015,13.39
205,2,2016,13.82
205,2,2017,13.86
205,2,2018,13.68
205,2,2019,13.12
205,2,2020,12.91
205,2,2021,12.54
205,2,2022,13.88
205,2,2023,14.27
205,3,1980,24.1
205,3,1981,24.23
205,3,1982,23.97
205,3,1983,24.05
205,3,1984,23.82
205,3,1985,24.08
205,3,1986,23.83
205,3,1987,23.13
205,3,1988,22.79
205,3,1989,22.11
205,3,1990,21.52
205,3,1991,21.57
205,3,1992,21.75
205,3,1993,22.42
205,3,1994,23.07
205,3,1995,23.42
205,3,1996,24.41
205,3,1997,25.37
205,3,1998,26.05
205,3,1999,26.09
205,3,2000,26.28
205,3,2001,25.54
205,3,2002,25.04
205,3,2003,23.77
205,3,2004,23.2
205,3,2005,22.6
205,3,2006,22.68
205,3,2007,21.73
205,3,2008,21.41
205,3,2009,20.62
205,3,2010,19.38
205,3,2011,19.07
205,3,2012,19.73
205,3,2013,20.32
205,3,2014,20.27
205,3,2015,20.58
205,3,2016,21.07
205,3,2017,21.12
205,3,2018,21.11
205,3,2019,20.83
205,3,2020,20.94
205,3,2021,21.08
205,3,2022,22.97
205,3,2023,23.41
206,1,1980,23.95
206,1,1981,23.36
206,1,1982,22.73
206,1,1983,22.46
206,1,1984,22.11
206,1,1985,21.67
206,1,1986,21.95
206,1,1987,22
206,1,1988,22.51
206,1,1989,22.49
206,1,1990,25.05
206,1,1991,26.01
206,1,1992,27.39
206,1,1993,27.21
206,1,1994,26.88
206,1,1995,29.31
206,1,1996,27.8
206,1,1997,27.6
206,1,1998,28.96
206,1,1999,30.53
206,1,2000,28.46
206,1,2001,26.77
206,1,2002,25.87
206,1,2003,26.12
206,1,2004,27.82
206,1,2005,27.64
206,1,2006,26.39
206,1,2007,25.49
206,1,2008,23.85
206,1,2009,23.47
206,1,2010,23
206,1,2011,20.87
206,1,2012,20.82
206,1,2013,21.11
206,1,2014,22.84
206,1,2015,22.03
206,1,2016,23.69
206,1,2017,26.13
206,1,2018,26.37
206,1,2019,27.96
206,1,2020,27.72
206,1,2021,28.41
206,1,2022,28.49
206,1,2023,28.7
206,2,1980,15.01
206,2,1981,14.58
206,2,1982,14.21
206,2,1983,13.8
206,2,1984,13.5
206,2,1985,12.85
206,2,1986,12.95
206,2,1987,12.88
206,2,1988,12.91
206,2,1989,12.54
206,2,1990,13.67
206,2,1991,13.86
206,2,1992,14.5
206,2,1993,14.13
206,2,1994,13.55
206,2,1995,15.07
206,2,1996,13.79
206,2,1997,13.38
206,2,1998,14.03
206,2,1999,14.82
206,2,2000,13.36
206,2,2001,12.31
206,2,2002,11.93
206,2,2003,11.88
206,2,2004,13
206,2,2005,13.09
206,2,2006,12.36
206,2,2007,11.98
206,2,2008,11.02
206,2,2009,10.98
206,2,2010,10.71
206,2,2011,9.59
206,2,2012,9.72
206,2,2013,9.82
206,2,2014,10.69
206,2,2015,10.15
206,2,2016,11.01
206,2,2017,12.6
206,2,2018,12.56
206,2,2019,13.39
206,2,2020,12.64
206,2,2021,12.81
206,2,2022,13.59
206,2,2023,13.76
206,3,1980,19.49
206,3,1981,18.95
206,3,1982,18.45
206,3,1983,18.1
206,3,1984,17.77
206,3,1985,17.22
206,3,1986,17.42
206,3,1987,17.42
206,3,1988,17.7
206,3,1989,17.52
206,3,1990,19.37
206,3,1991,19.96
206,3,1992,20.99
206,3,1993,20.73
206,3,1994,20.27
206,3,1995,22.25
206,3,1996,20.84
206,3,1997,20.52
206,3,1998,21.51
206,3,1999,22.67
206,3,2000,20.88
206,3,2001,19.48
206,3,2002,18.82
206,3,2003,18.9
206,3,2004,20.3
206,3,2005,20.24
206,3,2006,19.25
206,3,2007,18.6
206,3,2008,17.31
206,3,2009,17.09
206,3,2010,16.72
206,3,2011,15.1
206,3,2012,15.14
206,3,2013,15.34
206,3,2014,16.63
206,3,2015,15.95
206,3,2016,17.2
206,3,2017,19.21
206,3,2018,19.31
206,3,2019,20.51
206,3,2020,19.99
206,3,2021,20.41
206,3,2022,20.86
206,3,2023,21.05
207,1,1980,32.73
207,1,1981,32.78
207,1,1982,32.84
207,1,1983,32.34
207,1,1984,32.14
207,1,1985,31.95
207,1,1986,31.7
207,1,1987,31.03
207,1,1988,30.42
207,1,1989,30.08
207,1,1990,29.93
207,1,1991,29.84
207,1,1992,29.86
207,1,1993,29.94
207,1,1994,29.85
207,1,1995,29.36
207,1,1996,28.64
207,1,1997,27.99
207,1,1998,27.62
207,1,1999,27.02
207,1,2000,26.8
207,1,2001,26.83
207,1,2002,27.08
207,1,2003,27.39
207,1,2004,27.65
207,1,2005,28.58
207,1,2006,29.57
207,1,2007,30
207,1,2008,31.2
207,1,2009,30.95
207,1,2010,32.77
207,1,2011,33.85
207,1,2012,34.21
207,1,2013,35.38
207,1,2014,36.72
207,1,2015,39.52
207,1,2016,40.35
207,1,2017,41.5
207,1,2018,42.68
207,1,2019,43.69
207,1,2020,43.23
207,1,2021,44.49
207,1,2022,46.16
207,1,2023,46.18
207,2,1980,17.26
207,2,1981,17.24
207,2,1982,17.22
207,2,1983,17.04
207,2,1984,16.84
207,2,1985,16.69
207,2,1986,16.54
207,2,1987,16.18
207,2,1988,15.83
207,2,1989,15.56
207,2,1990,15.33
207,2,1991,15.01
207,2,1992,14.77
207,2,1993,14.61
207,2,1994,14.38
207,2,1995,13.82
207,2,1996,13.28
207,2,1997,12.76
207,2,1998,12.42
207,2,1999,11.9
207,2,2000,11.52
207,2,2001,11.08
207,2,2002,10.84
207,2,2003,10.52
207,2,2004,10.32
207,2,2005,10.34
207,2,2006,10.34
207,2,2007,10.14
207,2,2008,10.15
207,2,2009,9.94
207,2,2010,10.1
207,2,2011,10.52
207,2,2012,10.63
207,2,2013,10.73
207,2,2014,10.89
207,2,2015,12.48
207,2,2016,12.95
207,2,2017,13.37
207,2,2018,14.05
207,2,2019,14.38
207,2,2020,14.3
207,2,2021,14.77
207,2,2022,16.28
207,2,2023,16.86
207,3,1980,24.58
207,3,1981,24.59
207,3,1982,24.6
207,3,1983,24.26
207,3,1984,24.06
207,3,1985,23.89
207,3,1986,23.69
207,3,1987,23.18
207,3,1988,22.7
207,3,1989,22.4
207,3,1990,22.21
207,3,1991,22
207,3,1992,21.88
207,3,1993,21.83
207,3,1994,21.67
207,3,1995,21.14
207,3,1996,20.52
207,3,1997,19.94
207,3,1998,19.59
207,3,1999,19.03
207,3,2000,18.72
207,3,2001,18.51
207,3,2002,18.49
207,3,2003,18.47
207,3,2004,18.48
207,3,2005,18.93
207,3,2006,19.39
207,3,2007,19.48
207,3,2008,20.03
207,3,2009,19.79
207,3,2010,20.72
207,3,2011,21.45
207,3,2012,21.68
207,3,2013,22.29
207,3,2014,23.02
207,3,2015,25.18
207,3,2016,25.84
207,3,2017,26.61
207,3,2018,27.56
207,3,2019,28.24
207,3,2020,27.97
207,3,2021,28.79
207,3,2022,30.43
207,3,2023,30.77
208,1,1980,35.8
208,1,1981,36.23
208,1,1982,37.93
208,1,1983,37.04
208,1,1984,37.68
208,1,1985,38.74
208,1,1986,40.88
208,1,1987,41.7
208,1,1988,42.6
208,1,1989,43.41
208,1,1990,44.11
208,1,1991,45.26
208,1,1992,47
208,1,1993,48.16
208,1,1994,48.78
208,1,1995,49.2
208,1,1996,48.92
208,1,1997,48.33
208,1,1998,46.85
208,1,1999,45.12
208,1,2000,43.1
208,1,2001,42.25
208,1,2002,40.14
208,1,2003,38.2
208,1,2004,37.38
208,1,2005,36.41
208,1,2006,36.33
208,1,2007,35.79
208,1,2008,35.15
208,1,2009,35.36
208,1,2010,35.13
208,1,2011,35.25
208,1,2012,35.71
208,1,2013,35.59
208,1,2014,35.22
208,1,2015,34.72
208,1,2016,34.79
208,1,2017,34.76
208,1,2018,35.03
208,1,2019,35.05
208,1,2020,34.47
208,1,2021,34.87
208,1,2022,36.48
208,1,2023,36.66
208,2,1980,23.88
208,2,1981,24.33
208,2,1982,25.38
208,2,1983,25.15
208,2,1984,25.72
208,2,1985,26.65
208,2,1986,28.1
208,2,1987,28.76
208,2,1988,29.17
208,2,1989,29.56
208,2,1990,29.77
208,2,1991,30.05
208,2,1992,30.37
208,2,1993,30.61
208,2,1994,30.63
208,2,1995,30.58
208,2,1996,30.04
208,2,1997,29.18
208,2,1998,28.33
208,2,1999,27.29
208,2,2000,26.21
208,2,2001,25.39
208,2,2002,24.38
208,2,2003,23.39
208,2,2004,22.76
208,2,2005,22.1
208,2,2006,21.92
208,2,2007,21.34
208,2,2008,20.81
208,2,2009,20.62
208,2,2010,20.61
208,2,2011,20.52
208,2,2012,20.76
208,2,2013,20.84
208,2,2014,20.63
208,2,2015,20.4
208,2,2016,20.35
208,2,2017,20.12
208,2,2018,20.15
208,2,2019,20.49
208,2,2020,19.83
208,2,2021,19.62
208,2,2022,21.67
208,2,2023,22.03
208,3,1980,29.5
208,3,1981,29.9
208,3,1982,31.21
208,3,1983,30.66
208,3,1984,31.23
208,3,1985,32.21
208,3,1986,33.95
208,3,1987,34.67
208,3,1988,35.29
208,3,1989,35.88
208,3,1990,36.33
208,3,1991,37.03
208,3,1992,38.07
208,3,1993,38.78
208,3,1994,39.11
208,3,1995,39.32
208,3,1996,38.93
208,3,1997,38.23
208,3,1998,37.08
208,3,1999,35.7
208,3,2000,34.19
208,3,2001,33.36
208,3,2002,31.8
208,3,2003,30.35
208,3,2004,29.63
208,3,2005,28.83
208,3,2006,28.69
208,3,2007,28.12
208,3,2008,27.55
208,3,2009,27.55
208,3,2010,27.43
208,3,2011,27.44
208,3,2012,27.8
208,3,2013,27.8
208,3,2014,27.52
208,3,2015,27.17
208,3,2016,27.18
208,3,2017,27.04
208,3,2018,27.19
208,3,2019,27.4
208,3,2020,26.8
208,3,2021,26.89
208,3,2022,28.74
208,3,2023,29.02
209,1,1980,26.32
209,1,1981,26.31
209,1,1982,26.18
209,1,1983,26.09
209,1,1984,26.54
209,1,1985,26.71
209,1,1986,27.16
209,1,1987,27.66
209,1,1988,28.15
209,1,1989,28.96
209,1,1990,29.59
209,1,1991,29.97
209,1,1992,30.06
209,1,1993,30.05
209,1,1994,30.13
209,1,1995,29.59
209,1,1996,31.2
209,1,1997,30.66
209,1,1998,29.04
209,1,1999,28.21
209,1,2000,28.04
209,1,2001,27.83
209,1,2002,27.78
209,1,2003,26.93
209,1,2004,25.86
209,1,2005,25.92
209,1,2006,24.65
209,1,2007,24.4
209,1,2008,24.42
209,1,2009,24.11
209,1,2010,24.11
209,1,2011,23.61
209,1,2012,22.9
209,1,2013,22.46
209,1,2014,22.23
209,1,2015,22.38
209,1,2016,23.02
209,1,2017,22.98
209,1,2018,20.76
209,1,2019,21.25
209,1,2020,21.82
209,1,2021,21.27
209,1,2022,22.8
209,1,2023,23.45
209,2,1980,19.05
209,2,1981,19.03
209,2,1982,18.92
209,2,1983,18.86
209,2,1984,19.14
209,2,1985,19.2
209,2,1986,19.39
209,2,1987,19.61
209,2,1988,19.76
209,2,1989,20.01
209,2,1990,20.1
209,2,1991,19.99
209,2,1992,19.8
209,2,1993,19.55
209,2,1994,19.52
209,2,1995,18.66
209,2,1996,20.04
209,2,1997,19.02
209,2,1998,17
209,2,1999,16.28
209,2,2000,15.85
209,2,2001,15.74
209,2,2002,15.61
209,2,2003,15.04
209,2,2004,14.62
209,2,2005,14.9
209,2,2006,14.06
209,2,2007,14.08
209,2,2008,14.4
209,2,2009,14.23
209,2,2010,14.43
209,2,2011,14.58
209,2,2012,14.87
209,2,2013,15.18
209,2,2014,15.06
209,2,2015,15.26
209,2,2016,15.87
209,2,2017,16.24
209,2,2018,14.74
209,2,2019,15.29
209,2,2020,14.53
209,2,2021,13.88
209,2,2022,15.63
209,2,2023,16.18
209,3,1980,22.42
209,3,1981,22.41
209,3,1982,22.28
209,3,1983,22.2
209,3,1984,22.56
209,3,1985,22.68
209,3,1986,23
209,3,1987,23.36
209,3,1988,23.67
209,3,1989,24.2
209,3,1990,24.55
209,3,1991,24.69
209,3,1992,24.65
209,3,1993,24.52
209,3,1994,24.55
209,3,1995,23.85
209,3,1996,25.34
209,3,1997,24.55
209,3,1998,22.73
209,3,1999,21.95
209,3,2000,21.65
209,3,2001,21.48
209,3,2002,21.38
209,3,2003,20.67
209,3,2004,19.94
209,3,2005,20.11
209,3,2006,19.05
209,3,2007,18.94
209,3,2008,19.12
209,3,2009,18.88
209,3,2010,18.98
209,3,2011,18.83
209,3,2012,18.64
209,3,2013,18.6
209,3,2014,18.43
209,3,2015,18.6
209,3,2016,19.23
209,3,2017,19.4
209,3,2018,17.57
209,3,2019,18.09
209,3,2020,17.94
209,3,2021,17.34
209,3,2022,18.98
209,3,2023,19.58
210,1,1980,38.53
210,1,1981,38.73
210,1,1982,38.62
210,1,1983,38.74
210,1,1984,38.77
210,1,1985,38.71
210,1,1986,38.71
210,1,1987,38.82
210,1,1988,38.96
210,1,1989,39
210,1,1990,39.48
210,1,1991,33.84
210,1,1992,27.98
210,1,1993,30.14
210,1,1994,31.25
210,1,1995,27.77
210,1,1996,29.44
210,1,1997,28.77
210,1,1998,31.31
210,1,1999,34.04
210,1,2000,34.65
210,1,2001,34.2
210,1,2002,33.52
210,1,2003,32.32
210,1,2004,31.46
210,1,2005,29.96
210,1,2006,30.3
210,1,2007,30.79
210,1,2008,31.64
210,1,2009,32.06
210,1,2010,31.51
210,1,2011,30.5
210,1,2012,32.03
210,1,2013,34.03
210,1,2014,33.72
210,1,2015,33.89
210,1,2016,34.36
210,1,2017,34.3
210,1,2018,37.5
210,1,2019,38.53
210,1,2020,39.64
210,1,2021,43.62
210,1,2022,40.78
210,1,2023,40.51
210,2,1980,13.86
210,2,1981,14
210,2,1982,14.14
210,2,1983,14.36
210,2,1984,14.5
210,2,1985,14.58
210,2,1986,14.6
210,2,1987,14.53
210,2,1988,14.32
210,2,1989,13.95
210,2,1990,14.14
210,2,1991,13.93
210,2,1992,13.13
210,2,1993,13.35
210,2,1994,13.8
210,2,1995,13.55
210,2,1996,14.38
210,2,1997,13.88
210,2,1998,14.47
210,2,1999,14.62
210,2,2000,14.6
210,2,2001,13.99
210,2,2002,13.73
210,2,2003,13.23
210,2,2004,13.59
210,2,2005,13.37
210,2,2006,14.03
210,2,2007,14.01
210,2,2008,14.28
210,2,2009,14.38
210,2,2010,14.16
210,2,2011,13.61
210,2,2012,14.02
210,2,2013,14.57
210,2,2014,14.08
210,2,2015,14.05
210,2,2016,14.02
210,2,2017,14.17
210,2,2018,15.96
210,2,2019,16.49
210,2,2020,16.17
210,2,2021,17.65
210,2,2022,18.03
210,2,2023,18.53
210,3,1980,26.15
210,3,1981,26.33
210,3,1982,26.36
210,3,1983,26.54
210,3,1984,26.65
210,3,1985,26.67
210,3,1986,26.7
210,3,1987,26.74
210,3,1988,26.71
210,3,1989,26.54
210,3,1990,26.88
210,3,1991,23.67
210,3,1992,20.15
210,3,1993,21.37
210,3,1994,22.18
210,3,1995,20.31
210,3,1996,21.53
210,3,1997,20.95
210,3,1998,22.56
210,3,1999,24.07
210,3,2000,24.42
210,3,2001,23.92
210,3,2002,23.46
210,3,2003,22.61
210,3,2004,22.35
210,3,2005,21.48
210,3,2006,22.01
210,3,2007,22.28
210,3,2008,22.88
210,3,2009,23.17
210,3,2010,22.81
210,3,2011,22.05
210,3,2012,23.06
210,3,2013,24.37
210,3,2014,23.99
210,3,2015,24.08
210,3,2016,24.31
210,3,2017,24.36
210,3,2018,26.88
210,3,2019,27.68
210,3,2020,28.09
210,3,2021,30.82
210,3,2022,29.54
210,3,2023,29.65
211,1,1980,27.27
211,1,1981,24.52
211,1,1982,27.22
211,1,1983,27.29
211,1,1984,27.71
211,1,1985,28.94
211,1,1986,30.34
211,1,1987,31.5
211,1,1988,33.78
211,1,1989,36.06
211,1,1990,38.43
211,1,1991,41.24
211,1,1992,43.74
211,1,1993,45.98
211,1,1994,47.87
211,1,1995,49.77
211,1,1996,50.53
211,1,1997,50.67
211,1,1998,50.72
211,1,1999,50.3
211,1,2000,49.76
211,1,2001,48.71
211,1,2002,47.36
211,1,2003,45.6
211,1,2004,44.47
211,1,2005,43.99
211,1,2006,44.2
211,1,2007,44.06
211,1,2008,44.47
211,1,2009,45.56
211,1,2010,45.79
211,1,2011,45.17
211,1,2012,44.52
211,1,2013,40.94
211,1,2014,40.09
211,1,2015,41.4
211,1,2016,42.42
211,1,2017,43.65
211,1,2018,43.98
211,1,2019,42.97
211,1,2020,41.84
211,1,2021,43.5
211,1,2022,43.36
211,1,2023,43.1
211,2,1980,21.55
211,2,1981,19.76
211,2,1982,21.96
211,2,1983,22.18
211,2,1984,22.72
211,2,1985,23.92
211,2,1986,25.14
211,2,1987,26.16
211,2,1988,27.37
211,2,1989,28.36
211,2,1990,29.27
211,2,1991,30.1
211,2,1992,30.8
211,2,1993,31.46
211,2,1994,31.7
211,2,1995,31.96
211,2,1996,31.76
211,2,1997,30.83
211,2,1998,30.13
211,2,1999,29.24
211,2,2000,28.47
211,2,2001,27.26
211,2,2002,26.78
211,2,2003,25.3
211,2,2004,24.19
211,2,2005,23.43
211,2,2006,23.23
211,2,2007,22.84
211,2,2008,23.07
211,2,2009,23.51
211,2,2010,23.68
211,2,2011,23.89
211,2,2012,23.87
211,2,2013,21.36
211,2,2014,21.39
211,2,2015,22.67
211,2,2016,23.74
211,2,2017,24.61
211,2,2018,25.02
211,2,2019,24.64
211,2,2020,23.12
211,2,2021,23.77
211,2,2022,25.6
211,2,2023,25.86
211,3,1980,24.21
211,3,1981,21.98
211,3,1982,24.39
211,3,1983,24.53
211,3,1984,25
211,3,1985,26.2
211,3,1986,27.49
211,3,1987,28.57
211,3,1988,30.29
211,3,1989,31.9
211,3,1990,33.51
211,3,1991,35.31
211,3,1992,36.89
211,3,1993,38.33
211,3,1994,39.4
211,3,1995,40.48
211,3,1996,40.79
211,3,1997,40.43
211,3,1998,40.13
211,3,1999,39.49
211,3,2000,38.85
211,3,2001,37.73
211,3,2002,36.82
211,3,2003,35.21
211,3,2004,34.08
211,3,2005,33.47
211,3,2006,33.47
211,3,2007,33.21
211,3,2008,33.53
211,3,2009,34.3
211,3,2010,34.51
211,3,2011,34.32
211,3,2012,34
211,3,2013,30.98
211,3,2014,30.57
211,3,2015,31.88
211,3,2016,32.93
211,3,2017,34
211,3,2018,34.39
211,3,2019,33.71
211,3,2020,32.41
211,3,2021,33.57
211,3,2022,34.42
211,3,2023,34.44
212,1,1980,22.84
212,1,1981,22.89
212,1,1982,23.01
212,1,1983,22.95
212,1,1984,23.97
212,1,1985,24.5
212,1,1986,25.1
212,1,1987,25.51
212,1,1988,26.13
212,1,1989,26.47
212,1,1990,26.87
212,1,1991,26.98
212,1,1992,27.19
212,1,1993,27.34
212,1,1994,25.91
212,1,1995,25.37
212,1,1996,25.5
212,1,1997,25.28
212,1,1998,25.53
212,1,1999,24.57
212,1,2000,24.52
212,1,2001,24.27
212,1,2002,24.01
212,1,2003,22.98
212,1,2004,23.13
212,1,2005,22.64
212,1,2006,22.85
212,1,2007,21.57
212,1,2008,20.72
212,1,2009,21.03
212,1,2010,20.63
212,1,2011,19.96
212,1,2012,19.98
212,1,2013,22.84
212,1,2014,21.91
212,1,2015,18.61
212,1,2016,18.31
212,1,2017,19.07
212,1,2018,19.08
212,1,2019,20.07
212,1,2020,20.02
212,1,2021,21.09
212,1,2022,22.05
212,1,2023,22.18
212,2,1980,11.55
212,2,1981,11.59
212,2,1982,11.62
212,2,1983,11.43
212,2,1984,11.94
212,2,1985,12.17
212,2,1986,12.36
212,2,1987,12.51
212,2,1988,12.71
212,2,1989,12.64
212,2,1990,12.67
212,2,1991,12.51
212,2,1992,12.56
212,2,1993,12.65
212,2,1994,11.88
212,2,1995,11.64
212,2,1996,11.87
212,2,1997,11.83
212,2,1998,12.06
212,2,1999,11.54
212,2,2000,11.69
212,2,2001,11.72
212,2,2002,11.82
212,2,2003,11.24
212,2,2004,11.53
212,2,2005,11.44
212,2,2006,11.82
212,2,2007,11.14
212,2,2008,10.74
212,2,2009,11.1
212,2,2010,10.85
212,2,2011,10.44
212,2,2012,10.6
212,2,2013,12.49
212,2,2014,11.73
212,2,2015,9.7
212,2,2016,9.39
212,2,2017,9.88
212,2,2018,9.82
212,2,2019,10.46
212,2,2020,9.66
212,2,2021,10.22
212,2,2022,11.45
212,2,2023,11.99
212,3,1980,16.86
212,3,1981,16.92
212,3,1982,17
212,3,1983,16.89
212,3,1984,17.65
212,3,1985,18.03
212,3,1986,18.43
212,3,1987,18.72
212,3,1988,19.13
212,3,1989,19.27
212,3,1990,19.49
212,3,1991,19.47
212,3,1992,19.61
212,3,1993,19.74
212,3,1994,18.65
212,3,1995,18.27
212,3,1996,18.46
212,3,1997,18.34
212,3,1998,18.6
212,3,1999,17.87
212,3,2000,17.93
212,3,2001,17.83
212,3,2002,17.76
212,3,2003,16.97
212,3,2004,17.2
212,3,2005,16.92
212,3,2006,17.22
212,3,2007,16.25
212,3,2008,15.63
212,3,2009,15.96
212,3,2010,15.64
212,3,2011,15.11
212,3,2012,15.19
212,3,2013,17.56
212,3,2014,16.71
212,3,2015,14.05
212,3,2016,13.74
212,3,2017,14.37
212,3,2018,14.34
212,3,2019,15.15
212,3,2020,14.72
212,3,2021,15.52
212,3,2022,16.61
212,3,2023,16.94
213,1,1980,25.08
213,1,1981,25.06
213,1,1982,25.19
213,1,1983,25.41
213,1,1984,25.33
213,1,1985,25.5
213,1,1986,25.51
213,1,1987,25.55
213,1,1988,26.07
213,1,1989,26.37
213,1,1990,27.19
213,1,1991,28.43
213,1,1992,29.35
213,1,1993,30.23
213,1,1994,31.32
213,1,1995,32.29
213,1,1996,33.4
213,1,1997,34.18
213,1,1998,35.01
213,1,1999,34.82
213,1,2000,35.27
213,1,2001,34.63
213,1,2002,34.95
213,1,2003,33.91
213,1,2004,33.3
213,1,2005,33.19
213,1,2006,33.64
213,1,2007,33.55
213,1,2008,32.26
213,1,2009,32.34
213,1,2010,32.68
213,1,2011,32.85
213,1,2012,32.84
213,1,2013,33.88
213,1,2014,33.97
213,1,2015,33.94
213,1,2016,34.12
213,1,2017,34.85
213,1,2018,34.22
213,1,2019,34.58
213,1,2020,35.32
213,1,2021,36.09
213,1,2022,36.8
213,1,2023,37.24
213,2,1980,21.23
213,2,1981,21.37
213,2,1982,21.76
213,2,1983,22.02
213,2,1984,22.34
213,2,1985,22.75
213,2,1986,22.98
213,2,1987,23.33
213,2,1988,23.83
213,2,1989,24.1
213,2,1990,24.59
213,2,1991,25.1
213,2,1992,25.56
213,2,1993,26.03
213,2,1994,26.61
213,2,1995,27.24
213,2,1996,28.06
213,2,1997,28.51
213,2,1998,28.99
213,2,1999,28.64
213,2,2000,29.04
213,2,2001,28.64
213,2,2002,29.15
213,2,2003,28.12
213,2,2004,27.67
213,2,2005,28.04
213,2,2006,28.82
213,2,2007,28.05
213,2,2008,27.46
213,2,2009,27.35
213,2,2010,26.82
213,2,2011,26.61
213,2,2012,26.25
213,2,2013,26.99
213,2,2014,26.69
213,2,2015,26.75
213,2,2016,26.78
213,2,2017,26.99
213,2,2018,26.27
213,2,2019,26.3
213,2,2020,25.91
213,2,2021,26.43
213,2,2022,26.49
213,2,2023,27.22
213,3,1980,23.06
213,3,1981,23.12
213,3,1982,23.39
213,3,1983,23.61
213,3,1984,23.74
213,3,1985,24.05
213,3,1986,24.18
213,3,1987,24.39
213,3,1988,24.89
213,3,1989,25.18
213,3,1990,25.85
213,3,1991,26.72
213,3,1992,27.41
213,3,1993,28.09
213,3,1994,28.91
213,3,1995,29.7
213,3,1996,30.65
213,3,1997,31.24
213,3,1998,31.9
213,3,1999,31.61
213,3,2000,32
213,3,2001,31.48
213,3,2002,31.89
213,3,2003,30.87
213,3,2004,30.34
213,3,2005,30.47
213,3,2006,31.09
213,3,2007,30.66
213,3,2008,29.76
213,3,2009,29.74
213,3,2010,29.64
213,3,2011,29.62
213,3,2012,29.45
213,3,2013,30.35
213,3,2014,30.26
213,3,2015,30.28
213,3,2016,30.4
213,3,2017,30.89
213,3,2018,30.23
213,3,2019,30.44
213,3,2020,30.59
213,3,2021,31.25
213,3,2022,31.66
213,3,2023,32.25
214,1,1980,43.01
214,1,1981,42.19
214,1,1982,41.43
214,1,1983,40.95
214,1,1984,40.01
214,1,1985,39.2
214,1,1986,38.06
214,1,1987,37.5
214,1,1988,36.65
214,1,1989,36.54
214,1,1990,36.08
214,1,1991,36.27
214,1,1992,35.5
214,1,1993,34.99
214,1,1994,34.62
214,1,1995,34.62
214,1,1996,35.23
214,1,1997,36.06
214,1,1998,37.27
214,1,1999,38.43
214,1,2000,40.26
214,1,2001,41.47
214,1,2002,42.87
214,1,2003,43.35
214,1,2004,43.63
214,1,2005,43.48
214,1,2006,43.68
214,1,2007,43.41
214,1,2008,43.21
214,1,2009,43.5
214,1,2010,44.22
214,1,2011,44.17
214,1,2012,44.2
214,1,2013,45.17
214,1,2014,44.87
214,1,2015,45.54
214,1,2016,44.36
214,1,2017,44.58
214,1,2018,40.45
214,1,2019,39.72
214,1,2020,40.02
214,1,2021,40.16
214,1,2022,42.01
214,1,2023,42.77
214,2,1980,20.55
214,2,1981,20.06
214,2,1982,19.7
214,2,1983,19.5
214,2,1984,19.22
214,2,1985,18.92
214,2,1986,18.58
214,2,1987,18.39
214,2,1988,18.06
214,2,1989,17.82
214,2,1990,17.5
214,2,1991,17.5
214,2,1992,16.9
214,2,1993,16.67
214,2,1994,16.39
214,2,1995,16.22
214,2,1996,16.26
214,2,1997,16.35
214,2,1998,16.62
214,2,1999,16.76
214,2,2000,17.24
214,2,2001,17.56
214,2,2002,17.87
214,2,2003,17.62
214,2,2004,17.43
214,2,2005,17.05
214,2,2006,16.92
214,2,2007,16.49
214,2,2008,16.3
214,2,2009,16.23
214,2,2010,16.36
214,2,2011,16.14
214,2,2012,16.06
214,2,2013,16.36
214,2,2014,16.05
214,2,2015,16.7
214,2,2016,16.13
214,2,2017,16.27
214,2,2018,14.32
214,2,2019,13.97
214,2,2020,13.72
214,2,2021,13.5
214,2,2022,14.43
214,2,2023,14.63
214,3,1980,32.32
214,3,1981,31.67
214,3,1982,31.09
214,3,1983,30.73
214,3,1984,30.1
214,3,1985,29.53
214,3,1986,28.76
214,3,1987,28.37
214,3,1988,27.76
214,3,1989,27.58
214,3,1990,27.17
214,3,1991,27.27
214,3,1992,26.56
214,3,1993,26.2
214,3,1994,25.88
214,3,1995,25.81
214,3,1996,26.16
214,3,1997,26.65
214,3,1998,27.43
214,3,1999,28.11
214,3,2000,29.29
214,3,2001,30.06
214,3,2002,30.92
214,3,2003,31.02
214,3,2004,31.05
214,3,2005,30.75
214,3,2006,30.74
214,3,2007,30.32
214,3,2008,30.05
214,3,2009,30.08
214,3,2010,30.41
214,3,2011,30.16
214,3,2012,30.03
214,3,2013,30.55
214,3,2014,30.13
214,3,2015,30.67
214,3,2016,29.69
214,3,2017,29.77
214,3,2018,26.69
214,3,2019,26.08
214,3,2020,26
214,3,2021,25.86
214,3,2022,27.13
214,3,2023,27.51
215,1,1980,28.03
215,1,1981,27.72
215,1,1982,26.89
215,1,1983,26.71
215,1,1984,27.11
215,1,1985,28.16
215,1,1986,28.34
215,1,1987,29.78
215,1,1988,31.61
215,1,1989,32.57
215,1,1990,33.45
215,1,1991,33.61
215,1,1992,33.88
215,1,1993,34.17
215,1,1994,34.32
215,1,1995,33.07
215,1,1996,34.07
215,1,1997,35.36
215,1,1998,37.18
215,1,1999,39.89
215,1,2000,41.17
215,1,2001,45.11
215,1,2002,46.01
215,1,2003,48.69
215,1,2004,53.87
215,1,2005,56.52
215,1,2006,62.06
215,1,2007,62.83
215,1,2008,64.01
215,1,2009,67.43
215,1,2010,67.28
215,1,2011,65.15
215,1,2012,65.01
215,1,2013,63.22
215,1,2014,64.42
215,1,2015,61.98
215,1,2016,58.2
215,1,2017,57.86
215,1,2018,57.14
215,1,2019,54.98
215,1,2020,59.91
215,1,2021,58.92
215,1,2022,54.29
215,1,2023,52.76
215,2,1980,8.3
215,2,1981,8.17
215,2,1982,8.09
215,2,1983,8
215,2,1984,8.05
215,2,1985,8.18
215,2,1986,7.89
215,2,1987,7.97
215,2,1988,8.71
215,2,1989,8.75
215,2,1990,8.8
215,2,1991,8.57
215,2,1992,8.45
215,2,1993,8.29
215,2,1994,8.11
215,2,1995,7.52
215,2,1996,7.45
215,2,1997,7.47
215,2,1998,7.71
215,2,1999,8.04
215,2,2000,8.01
215,2,2001,8.64
215,2,2002,8.86
215,2,2003,9.05
215,2,2004,9.23
215,2,2005,10.01
215,2,2006,10.95
215,2,2007,11.66
215,2,2008,12.07
215,2,2009,12.02
215,2,2010,12.4
215,2,2011,11.85
215,2,2012,11.14
215,2,2013,11.01
215,2,2014,11.66
215,2,2015,11.36
215,2,2016,11.08
215,2,2017,11.15
215,2,2018,10.89
215,2,2019,10.83
215,2,2020,11
215,2,2021,10.64
215,2,2022,10.17
215,2,2023,10.13
215,3,1980,17.72
215,3,1981,17.5
215,3,1982,17.07
215,3,1983,16.93
215,3,1984,17.14
215,3,1985,17.71
215,3,1986,17.64
215,3,1987,18.36
215,3,1988,19.64
215,3,1989,20.12
215,3,1990,20.57
215,3,1991,20.53
215,3,1992,20.59
215,3,1993,20.6
215,3,1994,20.59
215,3,1995,19.68
215,3,1996,20.13
215,3,1997,20.76
215,3,1998,21.74
215,3,1999,23.21
215,3,2000,23.81
215,3,2001,26.02
215,3,2002,26.56
215,3,2003,27.95
215,3,2004,30.53
215,3,2005,32.21
215,3,2006,35.4
215,3,2007,36.18
215,3,2008,37.02
215,3,2009,38.71
215,3,2010,38.91
215,3,2011,37.66
215,3,2012,37.28
215,3,2013,36.39
215,3,2014,37.37
215,3,2015,36.1
215,3,2016,34.17
215,3,2017,34.09
215,3,2018,33.64
215,3,2019,32.58
215,3,2020,35.03
215,3,2021,34.39
215,3,2022,31.88
215,3,2023,31.16
216,1,1980,23.7
216,1,1981,23.83
216,1,1982,23.87
216,1,1983,24.44
216,1,1984,25.08
216,1,1985,25.8
216,1,1986,25.63
216,1,1987,26.1
216,1,1988,27.26
216,1,1989,29.66
216,1,1990,29.12
216,1,1991,29.86
216,1,1992,30.21
216,1,1993,30.05
216,1,1994,30.37
216,1,1995,29.93
216,1,1996,30.38
216,1,1997,29.86
216,1,1998,29.61
216,1,1999,29.02
216,1,2000,27.17
216,1,2001,32.58
216,1,2002,32.19
216,1,2003,28.57
216,1,2004,29.73
216,1,2005,28.86
216,1,2006,27.5
216,1,2007,27.85
216,1,2008,27.31
216,1,2009,27.37
216,1,2010,25.35
216,1,2011,25.07
216,1,2012,23.91
216,1,2013,24.06
216,1,2014,25.38
216,1,2015,21.32
216,1,2016,22.18
216,1,2017,22.22
216,1,2018,24.95
216,1,2019,26.64
216,1,2020,25.71
216,1,2021,26.1
216,1,2022,28.74
216,1,2023,30.23
216,2,1980,14.55
216,2,1981,14.49
216,2,1982,14.36
216,2,1983,14.57
216,2,1984,14.96
216,2,1985,15.26
216,2,1986,14.97
216,2,1987,15.11
216,2,1988,15.46
216,2,1989,16.37
216,2,1990,15.79
216,2,1991,15.9
216,2,1992,15.86
216,2,1993,15.68
216,2,1994,15.62
216,2,1995,15.19
216,2,1996,15.37
216,2,1997,14.83
216,2,1998,14.57
216,2,1999,14.19
216,2,2000,12.92
216,2,2001,16.46
216,2,2002,16.12
216,2,2003,14.11
216,2,2004,14.88
216,2,2005,14.31
216,2,2006,13.5
216,2,2007,13.67
216,2,2008,13.71
216,2,2009,13.48
216,2,2010,12.15
216,2,2011,11.84
216,2,2012,10.81
216,2,2013,10.74
216,2,2014,11.41
216,2,2015,9.13
216,2,2016,9.53
216,2,2017,9.46
216,2,2018,10.91
216,2,2019,11.74
216,2,2020,10.93
216,2,2021,10.57
216,2,2022,12.72
216,2,2023,13.56
216,3,1980,18.97
216,3,1981,19.01
216,3,1982,18.95
216,3,1983,19.33
216,3,1984,19.84
216,3,1985,20.34
216,3,1986,20.11
216,3,1987,20.4
216,3,1988,21.14
216,3,1989,22.75
216,3,1990,22.2
216,3,1991,22.61
216,3,1992,22.76
216,3,1993,22.59
216,3,1994,22.72
216,3,1995,22.29
216,3,1996,22.61
216,3,1997,22.09
216,3,1998,21.85
216,3,1999,21.38
216,3,2000,19.83
216,3,2001,24.28
216,3,2002,23.93
216,3,2003,21.15
216,3,2004,22.11
216,3,2005,21.4
216,3,2006,20.32
216,3,2007,20.59
216,3,2008,20.34
216,3,2009,20.26
216,3,2010,18.59
216,3,2011,18.29
216,3,2012,17.2
216,3,2013,17.24
216,3,2014,18.23
216,3,2015,15.08
216,3,2016,15.71
216,3,2017,15.7
216,3,2018,17.78
216,3,2019,19.03
216,3,2020,18.16
216,3,2021,18.16
216,3,2022,20.55
216,3,2023,21.7
217,1,1980,27.77
217,1,1981,27.86
217,1,1982,28.08
217,1,1983,28.35
217,1,1984,28.61
217,1,1985,28.97
217,1,1986,29.11
217,1,1987,29.51
217,1,1988,29.68
217,1,1989,29.69
217,1,1990,29.85
217,1,1991,30.49
217,1,1992,30.16
217,1,1993,28.61
217,1,1994,28
217,1,1995,27.66
217,1,1996,26.84
217,1,1997,25.52
217,1,1998,25.47
217,1,1999,24.78
217,1,2000,24.05
217,1,2001,24.27
217,1,2002,25.02
217,1,2003,25.9
217,1,2004,27.51
217,1,2005,28.45
217,1,2006,30.17
217,1,2007,31.68
217,1,2008,32.05
217,1,2009,34.09
217,1,2010,36.24
217,1,2011,37.52
217,1,2012,40.95
217,1,2013,44.66
217,1,2014,46.52
217,1,2015,45.27
217,1,2016,46.82
217,1,2017,48.42
217,1,2018,48.38
217,1,2019,49.76
217,1,2020,49.28
217,1,2021,48.89
217,1,2022,49.62
217,1,2023,50.69
217,2,1980,15.64
217,2,1981,15.78
217,2,1982,16
217,2,1983,16.29
217,2,1984,16.65
217,2,1985,16.96
217,2,1986,17.15
217,2,1987,17.32
217,2,1988,17.29
217,2,1989,17.15
217,2,1990,17.03
217,2,1991,16.86
217,2,1992,16.99
217,2,1993,16.85
217,2,1994,16.73
217,2,1995,16.49
217,2,1996,16
217,2,1997,15.23
217,2,1998,15.09
217,2,1999,14.45
217,2,2000,14.21
217,2,2001,13.63
217,2,2002,13.47
217,2,2003,13.39
217,2,2004,13.76
217,2,2005,14.07
217,2,2006,14.71
217,2,2007,14.87
217,2,2008,14.87
217,2,2009,15.18
217,2,2010,16.16
217,2,2011,16.61
217,2,2012,17.69
217,2,2013,19.3
217,2,2014,19.67
217,2,2015,18.92
217,2,2016,19.26
217,2,2017,19.92
217,2,2018,19.8
217,2,2019,20.17
217,2,2020,19.47
217,2,2021,19.45
217,2,2022,19.52
217,2,2023,20.29
217,3,1980,21.63
217,3,1981,21.72
217,3,1982,21.92
217,3,1983,22.19
217,3,1984,22.48
217,3,1985,22.79
217,3,1986,22.94
217,3,1987,23.2
217,3,1988,23.26
217,3,1989,23.19
217,3,1990,23.21
217,3,1991,23.45
217,3,1992,23.35
217,3,1993,22.47
217,3,1994,22.09
217,3,1995,21.79
217,3,1996,21.14
217,3,1997,20.09
217,3,1998,19.99
217,3,1999,19.32
217,3,2000,18.82
217,3,2001,18.62
217,3,2002,18.9
217,3,2003,19.3
217,3,2004,20.28
217,3,2005,20.91
217,3,2006,22.08
217,3,2007,22.89
217,3,2008,23.07
217,3,2009,24.23
217,3,2010,25.79
217,3,2011,26.67
217,3,2012,28.91
217,3,2013,31.57
217,3,2014,32.7
217,3,2015,31.76
217,3,2016,32.74
217,3,2017,33.92
217,3,2018,33.89
217,3,2019,34.8
217,3,2020,34.24
217,3,2021,34.09
217,3,2022,34.54
217,3,2023,35.5
218,1,1980,34
218,1,1981,33.88
218,1,1982,33.79
218,1,1983,33.85
218,1,1984,34.12
218,1,1985,34.53
218,1,1986,35
218,1,1987,35.14
218,1,1988,35.78
218,1,1989,36.28
218,1,1990,36.79
218,1,1991,37.33
218,1,1992,37.68
218,1,1993,37.69
218,1,1994,37.87
218,1,1995,38.49
218,1,1996,39.44
218,1,1997,40.64
218,1,1998,42.41
218,1,1999,43.97
218,1,2000,46.23
218,1,2001,47.79
218,1,2002,49.26
218,1,2003,49.16
218,1,2004,49.15
218,1,2005,50.62
218,1,2006,50.96
218,1,2007,50.19
218,1,2008,51.7
218,1,2009,53.72
218,1,2010,55.82
218,1,2011,55.84
218,1,2012,54.62
218,1,2013,53.04
218,1,2014,51.99
218,1,2015,52.13
218,1,2016,54.2
218,1,2017,56.19
218,1,2018,56.92
218,1,2019,58.54
218,1,2020,57.74
218,1,2021,59.43
218,1,2022,62.29
218,1,2023,62.59
218,2,1980,19.96
218,2,1981,19.62
218,2,1982,19.4
218,2,1983,19.32
218,2,1984,19.16
218,2,1985,19.23
218,2,1986,19.11
218,2,1987,18.95
218,2,1988,18.99
218,2,1989,18.84
218,2,1990,18.82
218,2,1991,18.77
218,2,1992,18.75
218,2,1993,18.76
218,2,1994,18.71
218,2,1995,18.86
218,2,1996,19.08
218,2,1997,19.34
218,2,1998,20.14
218,2,1999,20.53
218,2,2000,21.58
218,2,2001,22.16
218,2,2002,23.35
218,2,2003,23.24
218,2,2004,23.15
218,2,2005,23.34
218,2,2006,23.94
218,2,2007,23.08
218,2,2008,23.78
218,2,2009,24.83
218,2,2010,25.76
218,2,2011,25.95
218,2,2012,25.55
218,2,2013,25.32
218,2,2014,24.78
218,2,2015,25.14
218,2,2016,26.03
218,2,2017,27.47
218,2,2018,27.49
218,2,2019,27.88
218,2,2020,27.01
218,2,2021,27.68
218,2,2022,29.44
218,2,2023,29.81
218,3,1980,26.32
218,3,1981,26.1
218,3,1982,25.96
218,3,1983,25.94
218,3,1984,25.99
218,3,1985,26.23
218,3,1986,26.4
218,3,1987,26.41
218,3,1988,26.74
218,3,1989,26.89
218,3,1990,27.12
218,3,1991,27.35
218,3,1992,27.49
218,3,1993,27.49
218,3,1994,27.56
218,3,1995,27.94
218,3,1996,28.5
218,3,1997,29.17
218,3,1998,30.39
218,3,1999,31.32
218,3,2000,32.93
218,3,2001,33.97
218,3,2002,35.28
218,3,2003,35.17
218,3,2004,35.1
218,3,2005,35.87
218,3,2006,36.35
218,3,2007,35.51
218,3,2008,36.55
218,3,2009,38.06
218,3,2010,39.56
218,3,2011,39.67
218,3,2012,38.87
218,3,2013,37.98
218,3,2014,37.19
218,3,2015,37.45
218,3,2016,38.88
218,3,2017,40.56
218,3,2018,40.91
218,3,2019,41.86
218,3,2020,40.99
218,3,2021,42.12
218,3,2022,44.37
218,3,2023,44.72
298,1,1980,22.03
298,1,1981,21.89
298,1,1982,22.21
298,1,1983,22.02
298,1,1984,22.14
298,1,1985,21.81
298,1,1986,22.28
298,1,1987,22.41
298,1,1988,21.81
298,1,1989,21.35
298,1,1990,20.86
298,1,1991,20.26
298,1,1992,20.21
298,1,1993,20.04
298,1,1994,19.37
298,1,1995,18.84
298,1,1996,18.36
298,1,1997,18.13
298,1,1998,17.76
298,1,1999,17.48
298,1,2000,16.68
298,1,2001,16.2
298,1,2002,15.48
298,1,2003,15.34
298,1,2004,15.07
298,1,2005,14.43
298,1,2006,14.09
298,1,2007,13.77
298,1,2008,13.28
298,1,2009,12.92
298,1,2010,12.55
298,1,2011,12.22
298,1,2012,11.77
298,1,2013,11.83
298,1,2014,11.8
298,1,2015,11.34
298,1,2016,11.73
298,1,2017,12.12
298,1,2018,12.25
298,1,2019,12.61
298,1,2020,13.05
298,1,2021,14.37
298,1,2022,13.33
298,1,2023,12.84
298,2,1980,6.39
298,2,1981,6.23
298,2,1982,6.01
298,2,1983,5.88
298,2,1984,5.74
298,2,1985,5.65
298,2,1986,5.68
298,2,1987,5.74
298,2,1988,5.74
298,2,1989,5.81
298,2,1990,5.7
298,2,1991,5.53
298,2,1992,5.53
298,2,1993,5.57
298,2,1994,5.61
298,2,1995,5.66
298,2,1996,5.69
298,2,1997,5.72
298,2,1998,5.92
298,2,1999,5.74
298,2,2000,5.56
298,2,2001,5.64
298,2,2002,5.53
298,2,2003,5.59
298,2,2004,5.58
298,2,2005,5.48
298,2,2006,5.37
298,2,2007,5.2
298,2,2008,5.15
298,2,2009,5.03
298,2,2010,5.02
298,2,2011,5
298,2,2012,4.95
298,2,2013,4.87
298,2,2014,4.91
298,2,2015,4.84
298,2,2016,4.96
298,2,2017,4.99
298,2,2018,4.82
298,2,2019,4.73
298,2,2020,4.73
298,2,2021,5.01
298,2,2022,4.61
298,2,2023,4.58
298,3,1980,14.17
298,3,1981,14.03
298,3,1982,14.09
298,3,1983,13.95
298,3,1984,13.96
298,3,1985,13.77
298,3,1986,14.03
298,3,1987,14.14
298,3,1988,13.86
298,3,1989,13.67
298,3,1990,13.37
298,3,1991,12.99
298,3,1992,12.96
298,3,1993,12.89
298,3,1994,12.56
298,3,1995,12.31
298,3,1996,12.07
298,3,1997,11.95
298,3,1998,11.85
298,3,1999,11.6
298,3,2000,11.1
298,3,2001,10.89
298,3,2002,10.47
298,3,2003,10.42
298,3,2004,10.28
298,3,2005,9.9
298,3,2006,9.68
298,3,2007,9.44
298,3,2008,9.17
298,3,2009,8.93
298,3,2010,8.75
298,3,2011,8.58
298,3,2012,8.33
298,3,2013,8.32
298,3,2014,8.33
298,3,2015,8.07
298,3,2016,8.33
298,3,2017,8.55
298,3,2018,8.53
298,3,2019,8.67
298,3,2020,8.9
298,3,2021,9.7
298,3,2022,8.97
298,3,2023,8.72
305,1,1980,42.46
305,1,1981,41.26
305,1,1982,39.46
305,1,1983,39
305,1,1984,38.14
305,1,1985,38.34
305,1,1986,38.94
305,1,1987,39.14
305,1,1988,38.89
305,1,1989,37.61
305,1,1990,35.18
305,1,1991,33.27
305,1,1992,33.12
305,1,1993,32
305,1,1994,30.94
305,1,1995,27.89
305,1,1996,27.41
305,1,1997,26.67
305,1,1998,26.1
305,1,1999,24.66
305,1,2000,23.68
305,1,2001,22.1
305,1,2002,20.84
305,1,2003,20.37
305,1,2004,19.54
305,1,2005,20.69
305,1,2006,19.83
305,1,2007,18.77
305,1,2008,19.4
305,1,2009,19.22
305,1,2010,18.04
305,1,2011,18.28
305,1,2012,17.74
305,1,2013,18.01
305,1,2014,18.67
305,1,2015,18.82
305,1,2016,19.46
305,1,2017,19.01
305,1,2018,18.79
305,1,2019,18.59
305,1,2020,18.04
305,1,2021,18.08
305,1,2022,18.56
305,1,2023,19.15
305,2,1980,5.16
305,2,1981,4.89
305,2,1982,4.46
305,2,1983,4.21
305,2,1984,4.05
305,2,1985,4.15
305,2,1986,4.22
305,2,1987,4.25
305,2,1988,4.06
305,2,1989,4.13
305,2,1990,3.89
305,2,1991,3.78
305,2,1992,3.76
305,2,1993,3.86
305,2,1994,3.92
305,2,1995,3.87
305,2,1996,3.71
305,2,1997,3.66
305,2,1998,3.34
305,2,1999,3.13
305,2,2000,2.85
305,2,2001,2.68
305,2,2002,2.67
305,2,2003,2.56
305,2,2004,2.45
305,2,2005,2.41
305,2,2006,1.96
305,2,2007,1.77
305,2,2008,1.79
305,2,2009,1.8
305,2,2010,1.94
305,2,2011,1.88
305,2,2012,1.59
305,2,2013,1.68
305,2,2014,1.67
305,2,2015,1.7
305,2,2016,1.79
305,2,2017,1.81
305,2,2018,1.89
305,2,2019,1.98
305,2,2020,1.98
305,2,2021,2.08
305,2,2022,2.17
305,2,2023,2.18
305,3,1980,22.89
305,3,1981,22.18
305,3,1982,21.12
305,3,1983,20.77
305,3,1984,20.29
305,3,1985,20.44
305,3,1986,20.79
305,3,1987,20.89
305,3,1988,20.67
305,3,1989,20.09
305,3,1990,18.8
305,3,1991,17.82
305,3,1992,17.75
305,3,1993,17.23
305,3,1994,16.73
305,3,1995,15.2
305,3,1996,14.88
305,3,1997,14.5
305,3,1998,14.08
305,3,1999,13.27
305,3,2000,12.66
305,3,2001,11.84
305,3,2002,11.21
305,3,2003,10.94
305,3,2004,10.51
305,3,2005,11.06
305,3,2006,10.4
305,3,2007,9.82
305,3,2008,10.16
305,3,2009,10.07
305,3,2010,9.57
305,3,2011,9.69
305,3,2012,9.28
305,3,2013,9.47
305,3,2014,9.79
305,3,2015,9.88
305,3,2016,10.25
305,3,2017,10.04
305,3,2018,10
305,3,2019,9.97
305,3,2020,9.72
305,3,2021,9.8
305,3,2022,10.12
305,3,2023,10.44
320,1,1980,60.35
320,1,1981,59.92
320,1,1982,61.02
320,1,1983,61.04
320,1,1984,61.34
320,1,1985,61.6
320,1,1986,62.07
320,1,1987,62.01
320,1,1988,61.88
320,1,1989,60.71
320,1,1990,58.77
320,1,1991,57.07
320,1,1992,56.1
320,1,1993,55.37
320,1,1994,54.52
320,1,1995,55.21
320,1,1996,55.74
320,1,1997,54.36
320,1,1998,51.43
320,1,1999,50.93
320,1,2000,50.96
320,1,2001,49.35
320,1,2002,48.55
320,1,2003,48.32
320,1,2004,48.01
320,1,2005,46.81
320,1,2006,45.38
320,1,2007,43.31
320,1,2008,41.07
320,1,2009,42.53
320,1,2010,41.61
320,1,2011,40.25
320,1,2012,39.95
320,1,2013,41.29
320,1,2014,40.71
320,1,2015,39.1
320,1,2016,39.04
320,1,2017,38.01
320,1,2018,37.8
320,1,2019,37.27
320,1,2020,38.33
320,1,2021,41.35
320,1,2022,39.35
320,1,2023,40.04
320,2,1980,25.05
320,2,1981,23.89
320,2,1982,22.76
320,2,1983,21.99
320,2,1984,21.24
320,2,1985,20.44
320,2,1986,19.82
320,2,1987,19.42
320,2,1988,19.58
320,2,1989,19.04
320,2,1990,19
320,2,1991,18.95
320,2,1992,18.92
320,2,1993,18.9
320,2,1994,18.7
320,2,1995,18.57
320,2,1996,18.4
320,2,1997,18.39
320,2,1998,17.69
320,2,1999,17.44
320,2,2000,16.98
320,2,2001,16.98
320,2,2002,16.73
320,2,2003,16.63
320,2,2004,16.5
320,2,2005,16.24
320,2,2006,15.92
320,2,2007,15.49
320,2,2008,15.14
320,2,2009,15.12
320,2,2010,14.97
320,2,2011,14.66
320,2,2012,14.42
320,2,2013,14.91
320,2,2014,14.94
320,2,2015,14.06
320,2,2016,12.89
320,2,2017,12.29
320,2,2018,11.96
320,2,2019,11.36
320,2,2020,11.3
320,2,2021,12.03
320,2,2022,11.35
320,2,2023,11.14
320,3,1980,43.04
320,3,1981,42.37
320,3,1982,42.49
320,3,1983,42.21
320,3,1984,42.09
320,3,1985,41.96
320,3,1986,41.94
320,3,1987,41.65
320,3,1988,41.54
320,3,1989,40.58
320,3,1990,39.53
320,3,1991,38.58
320,3,1992,38.01
320,3,1993,37.56
320,3,1994,36.97
320,3,1995,37.25
320,3,1996,37.4
320,3,1997,36.66
320,3,1998,34.8
320,3,1999,34.41
320,3,2000,34.22
320,3,2001,33.41
320,3,2002,32.84
320,3,2003,32.6
320,3,2004,32.32
320,3,2005,31.56
320,3,2006,30.64
320,3,2007,29.32
320,3,2008,27.93
320,3,2009,28.56
320,3,2010,27.97
320,3,2011,27.09
320,3,2012,26.75
320,3,2013,27.59
320,3,2014,27.27
320,3,2015,26.02
320,3,2016,25.36
320,3,2017,24.53
320,3,2018,24.23
320,3,2019,23.66
320,3,2020,24.17
320,3,2021,26.06
320,3,2022,24.76
320,3,2023,25
349,1,1980,19.3
349,1,1981,19.53
349,1,1982,19.9
349,1,1983,20.08
349,1,1984,20.07
349,1,1985,19.8
349,1,1986,19.73
349,1,1987,19.85
349,1,1988,19.85
349,1,1989,19.32
349,1,1990,18.56
349,1,1991,18
349,1,1992,17.18
349,1,1993,16.55
349,1,1994,15.82
349,1,1995,14.92
349,1,1996,14.25
349,1,1997,13.61
349,1,1998,13.25
349,1,1999,12.89
349,1,2000,12.6
349,1,2001,14.1
349,1,2002,11.92
349,1,2003,11.19
349,1,2004,10.44
349,1,2005,9.56
349,1,2006,9.2
349,1,2007,8.52
349,1,2008,7.86
349,1,2009,8.47
349,1,2010,7.57
349,1,2011,7.07
349,1,2012,7.36
349,1,2013,7.56
349,1,2014,7.29
349,1,2015,7.33
349,1,2016,7.19
349,1,2017,7.27
349,1,2018,7.26
349,1,2019,7.36
349,1,2020,7.57
349,1,2021,8.01
349,1,2022,7.59
349,1,2023,7.3
349,2,1980,7.74
349,2,1981,7.63
349,2,1982,7.54
349,2,1983,7.39
349,2,1984,7.36
349,2,1985,7.33
349,2,1986,7.46
349,2,1987,7.62
349,2,1988,7.84
349,2,1989,8.07
349,2,1990,8.19
349,2,1991,8.22
349,2,1992,8.36
349,2,1993,8.34
349,2,1994,8.35
349,2,1995,8.5
349,2,1996,8.41
349,2,1997,8.23
349,2,1998,8.03
349,2,1999,7.95
349,2,2000,7.88
349,2,2001,7.55
349,2,2002,7.22
349,2,2003,7.13
349,2,2004,6.48
349,2,2005,6.17
349,2,2006,6.14
349,2,2007,5.68
349,2,2008,5.78
349,2,2009,5.49
349,2,2010,5.19
349,2,2011,5.44
349,2,2012,4.48
349,2,2013,4.59
349,2,2014,4.71
349,2,2015,4.77
349,2,2016,4.9
349,2,2017,5.02
349,2,2018,5.26
349,2,2019,5.09
349,2,2020,5.4
349,2,2021,5.57
349,2,2022,5.51
349,2,2023,5.35
349,3,1980,13.71
349,3,1981,13.78
349,3,1982,13.89
349,3,1983,13.91
349,3,1984,13.85
349,3,1985,13.67
349,3,1986,13.69
349,3,1987,13.87
349,3,1988,13.98
349,3,1989,13.82
349,3,1990,13.47
349,3,1991,13.13
349,3,1992,12.77
349,3,1993,12.43
349,3,1994,12.08
349,3,1995,11.67
349,3,1996,11.3
349,3,1997,10.87
349,3,1998,10.59
349,3,1999,10.38
349,3,2000,10.21
349,3,2001,10.83
349,3,2002,9.56
349,3,2003,9.13
349,3,2004,8.43
349,3,2005,7.83
349,3,2006,7.62
349,3,2007,7.06
349,3,2008,6.76
349,3,2009,6.94
349,3,2010,6.34
349,3,2011,6.21
349,3,2012,5.9
349,3,2013,6.06
349,3,2014,5.99
349,3,2015,6.06
349,3,2016,6.05
349,3,2017,6.15
349,3,2018,6.26
349,3,2019,6.25
349,3,2020,6.5
349,3,2021,6.81
349,3,2022,6.57
349,3,2023,6.35
351,1,1980,23.71
351,1,1981,23.91
351,1,1982,23.63
351,1,1983,23.43
351,1,1984,23.62
351,1,1985,23.46
351,1,1986,23.52
351,1,1987,23.37
351,1,1988,23.28
351,1,1989,24.24
351,1,1990,24.3
351,1,1991,23.5
351,1,1992,23.5
351,1,1993,23.49
351,1,1994,22.08
351,1,1995,19.49
351,1,1996,19.55
351,1,1997,23.6
351,1,1998,22.62
351,1,1999,22.3
351,1,2000,19.74
351,1,2001,18.43
351,1,2002,16.84
351,1,2003,18.63
351,1,2004,20.55
351,1,2005,20.29
351,1,2006,20.39
351,1,2007,19.56
351,1,2008,17.15
351,1,2009,15.52
351,1,2010,15.63
351,1,2011,15.06
351,1,2012,13.73
351,1,2013,15.73
351,1,2014,14.39
351,1,2015,11.28
351,1,2016,11.88
351,1,2017,15.46
351,1,2018,18.86
351,1,2019,16.83
351,1,2020,14.9
351,1,2021,15.24
351,1,2022,14.8
351,1,2023,14.35
351,2,1980,14.09
351,2,1981,13.71
351,2,1982,13.82
351,2,1983,13.39
351,2,1984,12.89
351,2,1985,12.77
351,2,1986,12.27
351,2,1987,12.4
351,2,1988,12.75
351,2,1989,12.79
351,2,1990,12.87
351,2,1991,12.93
351,2,1992,13.16
351,2,1993,12.72
351,2,1994,12.06
351,2,1995,10.85
351,2,1996,9.76
351,2,1997,7.62
351,2,1998,9.69
351,2,1999,7.11
351,2,2000,5.65
351,2,2001,5.94
351,2,2002,5.48
351,2,2003,6.47
351,2,2004,6.59
351,2,2005,6.77
351,2,2006,6.15
351,2,2007,5.37
351,2,2008,5.14
351,2,2009,4.43
351,2,2010,5.41
351,2,2011,5.48
351,2,2012,5.74
351,2,2013,5.18
351,2,2014,7.12
351,2,2015,5.32
351,2,2016,5.73
351,2,2017,7.13
351,2,2018,5.06
351,2,2019,2.89
351,2,2020,3.5
351,2,2021,4.91
351,2,2022,2.94
351,2,2023,2.84
351,3,1980,19.18
351,3,1981,19.07
351,3,1982,18.98
351,3,1983,18.68
351,3,1984,18.54
351,3,1985,18.42
351,3,1986,18.22
351,3,1987,18.23
351,3,1988,18.39
351,3,1989,18.94
351,3,1990,19.02
351,3,1991,18.64
351,3,1992,18.75
351,3,1993,18.51
351,3,1994,17.42
351,3,1995,15.44
351,3,1996,14.89
351,3,1997,15.87
351,3,1998,16.33
351,3,1999,14.84
351,3,2000,12.77
351,3,2001,12.24
351,3,2002,11.2
351,3,2003,12.58
351,3,2004,13.61
351,3,2005,13.58
351,3,2006,13.34
351,3,2007,12.54
351,3,2008,11.22
351,3,2009,10.06
351,3,2010,10.62
351,3,2011,10.38
351,3,2012,9.84
351,3,2013,10.59
351,3,2014,10.86
351,3,2015,8.39
351,3,2016,8.9
351,3,2017,11.43
351,3,2018,12.15
351,3,2019,10.02
351,3,2020,9.34
351,3,2021,10.21
351,3,2022,8.99
351,3,2023,8.71
367,1,1980,19.1
367,1,1981,19.1
367,1,1982,19.06
367,1,1983,19.02
367,1,1984,19.01
367,1,1985,18.97
367,1,1986,18.99
367,1,1987,18.87
367,1,1988,18.58
367,1,1989,18.18
367,1,1990,17.7
367,1,1991,17.21
367,1,1992,16.62
367,1,1993,16.1
367,1,1994,15.4
367,1,1995,14.71
367,1,1996,14
367,1,1997,13.42
367,1,1998,12.67
367,1,1999,12.03
367,1,2000,11.45
367,1,2001,11
367,1,2002,10.69
367,1,2003,10.54
367,1,2004,10.43
367,1,2005,10.39
367,1,2006,10.38
367,1,2007,10.43
367,1,2008,10.42
367,1,2009,10.08
367,1,2010,10.06
367,1,2011,9.92
367,1,2012,9.71
367,1,2013,9.55
367,1,2014,9.44
367,1,2015,9.31
367,1,2016,9.18
367,1,2017,9.04
367,1,2018,8.9
367,1,2019,8.86
367,1,2020,8.8
367,1,2021,8.73
367,1,2022,8.73
367,1,2023,8.87
367,2,1980,4.95
367,2,1981,4.85
367,2,1982,4.75
367,2,1983,4.56
367,2,1984,4.5
367,2,1985,4.44
367,2,1986,4.41
367,2,1987,4.36
367,2,1988,4.23
367,2,1989,4.12
367,2,1990,4
367,2,1991,3.86
367,2,1992,3.67
367,2,1993,3.54
367,2,1994,3.38
367,2,1995,3.21
367,2,1996,3.03
367,2,1997,2.86
367,2,1998,2.63
367,2,1999,2.45
367,2,2000,2.28
367,2,2001,2.13
367,2,2002,2.04
367,2,2003,1.99
367,2,2004,1.97
367,2,2005,1.94
367,2,2006,1.93
367,2,2007,1.92
367,2,2008,1.91
367,2,2009,1.89
367,2,2010,1.86
367,2,2011,1.83
367,2,2012,1.79
367,2,2013,1.76
367,2,2014,1.74
367,2,2015,1.72
367,2,2016,1.7
367,2,2017,1.68
367,2,2018,1.65
367,2,2019,1.64
367,2,2020,1.63
367,2,2021,1.65
367,2,2022,1.67
367,2,2023,1.73
367,3,1980,11.62
367,3,1981,11.58
367,3,1982,11.55
367,3,1983,11.47
367,3,1984,11.45
367,3,1985,11.43
367,3,1986,11.45
367,3,1987,11.34
367,3,1988,11.15
367,3,1989,10.92
367,3,1990,10.66
367,3,1991,10.38
367,3,1992,10.01
367,3,1993,9.71
367,3,1994,9.29
367,3,1995,8.87
367,3,1996,8.44
367,3,1997,8.07
367,3,1998,7.59
367,3,1999,7.19
367,3,2000,6.84
367,3,2001,6.55
367,3,2002,6.35
367,3,2003,6.25
367,3,2004,6.18
367,3,2005,6.15
367,3,2006,6.15
367,3,2007,6.17
367,3,2008,6.15
367,3,2009,5.96
367,3,2010,5.93
367,3,2011,5.84
367,3,2012,5.71
367,3,2013,5.62
367,3,2014,5.55
367,3,2015,5.47
367,3,2016,5.38
367,3,2017,5.3
367,3,2018,5.22
367,3,2019,5.19
367,3,2020,5.16
367,3,2021,5.13
367,3,2022,5.13
367,3,2023,5.22
369,1,1980,110.15
369,1,1981,108.72
369,1,1982,107.62
369,1,1983,108.09
369,1,1984,108.23
369,1,1985,114.6
369,1,1986,114.23
369,1,1987,114.13
369,1,1988,113.96
369,1,1989,113.81
369,1,1990,117.28
369,1,1991,117.88
369,1,1992,124.63
369,1,1993,124.36
369,1,1994,128.47
369,1,1995,122.77
369,1,1996,126.17
369,1,1997,125.63
369,1,1998,125.98
369,1,1999,125.9
369,1,2000,126.23
369,1,2001,126.59
369,1,2002,127.11
369,1,2003,125.65
369,1,2004,124.5
369,1,2005,124.01
369,1,2006,127.51
369,1,2007,124.84
369,1,2008,125.74
369,1,2009,127.47
369,1,2010,129.33
369,1,2011,131.5
369,1,2012,127.9
369,1,2013,124.4
369,1,2014,120.61
369,1,2015,117.12
369,1,2016,113.63
369,1,2017,106.91
369,1,2018,108.04
369,1,2019,106.29
369,1,2020,109.15
369,1,2021,120.84
369,1,2022,109.27
369,1,2023,108.54
369,2,1980,30.55
369,2,1981,30.09
369,2,1982,29.61
369,2,1983,29.55
369,2,1984,29.51
369,2,1985,29.87
369,2,1986,29.81
369,2,1987,29.85
369,2,1988,29.89
369,2,1989,29.87
369,2,1990,29.72
369,2,1991,30.35
369,2,1992,31.05
369,2,1993,31.38
369,2,1994,31.69
369,2,1995,32.03
369,2,1996,32.1
369,2,1997,31.85
369,2,1998,32.15
369,2,1999,32.2
369,2,2000,32.25
369,2,2001,31.37
369,2,2002,31.69
369,2,2003,31.26
369,2,2004,31.14
369,2,2005,31.18
369,2,2006,31.48
369,2,2007,33.2
369,2,2008,33.35
369,2,2009,33.88
369,2,2010,34.61
369,2,2011,35.33
369,2,2012,34.19
369,2,2013,33.15
369,2,2014,31.86
369,2,2015,30.92
369,2,2016,30.02
369,2,2017,29.81
369,2,2018,29.46
369,2,2019,28.94
369,2,2020,29.7
369,2,2021,32.34
369,2,2022,29.08
369,2,2023,28.69
369,3,1980,73.5
369,3,1981,72.17
369,3,1982,71.08
369,3,1983,70.97
369,3,1984,70.72
369,3,1985,73.88
369,3,1986,73.35
369,3,1987,73.07
369,3,1988,72.76
369,3,1989,72.45
369,3,1990,73.94
369,3,1991,74.4
369,3,1992,78.02
369,3,1993,77.96
369,3,1994,80.09
369,3,1995,77.36
369,3,1996,79.09
369,3,1997,78.72
369,3,1998,79.07
369,3,1999,79.08
369,3,2000,79.31
369,3,2001,79.11
369,3,2002,79.56
369,3,2003,78.58
369,3,2004,77.84
369,3,2005,77.48
369,3,2006,79.25
369,3,2007,78.7
369,3,2008,79.03
369,3,2009,79.89
369,3,2010,80.93
369,3,2011,82.22
369,3,2012,79.91
369,3,2013,77.68
369,3,2014,75.18
369,3,2015,73.05
369,3,2016,70.97
369,3,2017,67.75
369,3,2018,68.17
369,3,2019,67.08
369,3,2020,68.92
369,3,2021,76.04
369,3,2022,68.68
369,3,2023,68.15
374,1,1980,32.47
374,1,1981,32.34
374,1,1982,32.26
374,1,1983,32.39
374,1,1984,31.59
374,1,1985,30.23
374,1,1986,28.92
374,1,1987,28.29
374,1,1988,28.01
374,1,1989,27.64
374,1,1990,27
374,1,1991,26.06
374,1,1992,26.23
374,1,1993,25.94
374,1,1994,25.53
374,1,1995,25.01
374,1,1996,24.56
374,1,1997,24.06
374,1,1998,23.43
374,1,1999,22.7
374,1,2000,22.18
374,1,2001,21.79
374,1,2002,21.6
374,1,2003,21.34
374,1,2004,21.23
374,1,2005,21.1
374,1,2006,20.87
374,1,2007,20.54
374,1,2008,20.17
374,1,2009,19.86
374,1,2010,19.49
374,1,2011,18.87
374,1,2012,18.2
374,1,2013,17.69
374,1,2014,17.27
374,1,2015,16.92
374,1,2016,16.61
374,1,2017,16.42
374,1,2018,16.28
374,1,2019,16.17
374,1,2020,16.06
374,1,2021,17.13
374,1,2022,16.5
374,1,2023,16.63
374,2,1980,10.73
374,2,1981,10.32
374,2,1982,9.88
374,2,1983,9.48
374,2,1984,9.06
374,2,1985,8.78
374,2,1986,8.54
374,2,1987,8.33
374,2,1988,8.17
374,2,1989,7.95
374,2,1990,7.72
374,2,1991,7.09
374,2,1992,7.35
374,2,1993,7.25
374,2,1994,7.16
374,2,1995,7.02
374,2,1996,6.91
374,2,1997,6.84
374,2,1998,6.93
374,2,1999,6.88
374,2,2000,6.83
374,2,2001,6.8
374,2,2002,6.77
374,2,2003,6.7
374,2,2004,6.56
374,2,2005,6.52
374,2,2006,6.37
374,2,2007,6.24
374,2,2008,6.13
374,2,2009,6.13
374,2,2010,6.11
374,2,2011,6.05
374,2,2012,6.01
374,2,2013,5.98
374,2,2014,5.95
374,2,2015,5.94
374,2,2016,5.92
374,2,2017,5.91
374,2,2018,5.87
374,2,2019,5.77
374,2,2020,5.02
374,2,2021,5.24
374,2,2022,5.65
374,2,2023,5.72
374,3,1980,21.46
374,3,1981,21.27
374,3,1982,21.11
374,3,1983,21.06
374,3,1984,20.49
374,3,1985,19.64
374,3,1986,18.82
374,3,1987,18.39
374,3,1988,18.16
374,3,1989,17.84
374,3,1990,17.4
374,3,1991,16.6
374,3,1992,16.8
374,3,1993,16.6
374,3,1994,16.35
374,3,1995,16.04
374,3,1996,15.78
374,3,1997,15.49
374,3,1998,15.23
374,3,1999,14.85
374,3,2000,14.59
374,3,2001,14.4
374,3,2002,14.31
374,3,2003,14.16
374,3,2004,14.07
374,3,2005,14
374,3,2006,13.83
374,3,2007,13.6
374,3,2008,13.35
374,3,2009,13.17
374,3,2010,12.94
374,3,2011,12.56
374,3,2012,12.16
374,3,2013,11.83
374,3,2014,11.56
374,3,2015,11.33
374,3,2016,11.13
374,3,2017,10.99
374,3,2018,10.88
374,3,2019,10.76
374,3,2020,10.29
374,3,2021,10.91
374,3,2022,10.82
374,3,2023,10.9
376,1,1980,52.78
376,1,1981,52.51
376,1,1982,49.14
376,1,1983,48.09
376,1,1984,45.62
376,1,1985,43.86
376,1,1986,43.8
376,1,1987,43.85
376,1,1988,42.92
376,1,1989,40.21
376,1,1990,37.71
376,1,1991,35.26
376,1,1992,33.7
376,1,1993,32.9
376,1,1994,32.95
376,1,1995,33.46
376,1,1996,34.4
376,1,1997,34.57
376,1,1998,32.7
376,1,1999,31.74
376,1,2000,28.36
376,1,2001,26.68
376,1,2002,24.79
376,1,2003,24.04
376,1,2004,24.37
376,1,2005,24.54
376,1,2006,23.82
376,1,2007,22.95
376,1,2008,22.25
376,1,2009,21.59
376,1,2010,20.86
376,1,2011,21.02
376,1,2012,20.34
376,1,2013,20.58
376,1,2014,20.76
376,1,2015,20.33
376,1,2016,20.02
376,1,2017,19.69
376,1,2018,19.27
376,1,2019,18.89
376,1,2020,19.63
376,1,2021,20.11
376,1,2022,18.61
376,1,2023,18.96
376,2,1980,21.22
376,2,1981,20.7
376,2,1982,19.86
376,2,1983,19.5
376,2,1984,19.08
376,2,1985,18.97
376,2,1986,17.95
376,2,1987,17.52
376,2,1988,17.37
376,2,1989,16.83
376,2,1990,16.87
376,2,1991,16.85
376,2,1992,17.02
376,2,1993,17.25
376,2,1994,17.49
376,2,1995,17.58
376,2,1996,17.44
376,2,1997,17.06
376,2,1998,17.23
376,2,1999,15.8
376,2,2000,15.61
376,2,2001,15.27
376,2,2002,14.83
376,2,2003,14.32
376,2,2004,14.1
376,2,2005,13.76
376,2,2006,13.11
376,2,2007,12.55
376,2,2008,11.89
376,2,2009,11.27
376,2,2010,11.26
376,2,2011,11.05
376,2,2012,11.18
376,2,2013,11.08
376,2,2014,11.16
376,2,2015,12.92
376,2,2016,11.33
376,2,2017,10.3
376,2,2018,10.14
376,2,2019,10.61
376,2,2020,10.59
376,2,2021,10.52
376,2,2022,9.47
376,2,2023,9.84
376,3,1980,37.75
376,3,1981,37.36
376,3,1982,35.17
376,3,1983,34.47
376,3,1984,33.09
376,3,1985,32.21
376,3,1986,31.68
376,3,1987,31.45
376,3,1988,30.86
376,3,1989,29.15
376,3,1990,27.78
376,3,1991,26.44
376,3,1992,25.69
376,3,1993,25.38
376,3,1994,25.45
376,3,1995,25.62
376,3,1996,25.87
376,3,1997,25.63
376,3,1998,24.64
376,3,1999,23.24
376,3,2000,21.44
376,3,2001,20.63
376,3,2002,19.68
376,3,2003,19.15
376,3,2004,19.2
376,3,2005,19.07
376,3,2006,18.36
376,3,2007,17.65
376,3,2008,17
376,3,2009,16.41
376,3,2010,16.12
376,3,2011,16.19
376,3,2012,15.93
376,3,2013,15.97
376,3,2014,16.05
376,3,2015,16.65
376,3,2016,15.74
376,3,2017,15.11
376,3,2018,14.84
376,3,2019,14.91
376,3,2020,15.32
376,3,2021,15.57
376,3,2022,14.28
376,3,2023,14.63
380,1,1980,30.4
380,1,1981,30.25
380,1,1982,30.17
380,1,1983,30.13
380,1,1984,29.8
380,1,1985,29.41
380,1,1986,29.04
380,1,1987,28.91
380,1,1988,28.51
380,1,1989,28.04
380,1,1990,27.39
380,1,1991,26.7
380,1,1992,25.87
380,1,1993,25.09
380,1,1994,24.5
380,1,1995,23.88
380,1,1996,23.3
380,1,1997,22.65
380,1,1998,22.11
380,1,1999,21.63
380,1,2000,21.24
380,1,2001,20.93
380,1,2002,20.68
380,1,2003,20.49
380,1,2004,20.29
380,1,2005,20.05
380,1,2006,19.75
380,1,2007,19.37
380,1,2008,18.77
380,1,2009,18.12
380,1,2010,17.42
380,1,2011,16.65
380,1,2012,15.99
380,1,2013,18.06
380,1,2014,17.65
380,1,2015,17.28
380,1,2016,17.08
380,1,2017,16.85
380,1,2018,16.75
380,1,2019,16.12
380,1,2020,16.6
380,1,2021,17.64
380,1,2022,16.55
380,1,2023,16.47
380,2,1980,18.43
380,2,1981,18.08
380,2,1982,17.69
380,2,1983,17.38
380,2,1984,17.04
380,2,1985,16.75
380,2,1986,16.46
380,2,1987,15.33
380,2,1988,15.15
380,2,1989,15
380,2,1990,14.9
380,2,1991,14.83
380,2,1992,14.77
380,2,1993,14.78
380,2,1994,14.82
380,2,1995,14.78
380,2,1996,14.7
380,2,1997,14.55
380,2,1998,14.48
380,2,1999,14.34
380,2,2000,14.27
380,2,2001,14.23
380,2,2002,14.17
380,2,2003,14.14
380,2,2004,13.96
380,2,2005,13.74
380,2,2006,13.52
380,2,2007,13.25
380,2,2008,12.91
380,2,2009,12.63
380,2,2010,12.37
380,2,2011,12.14
380,2,2012,11.97
380,2,2013,13.43
380,2,2014,13.35
380,2,2015,13.21
380,2,2016,13.04
380,2,2017,12.93
380,2,2018,13.04
380,2,2019,14.16
380,2,2020,14.21
380,2,2021,15.39
380,2,2022,14.42
380,2,2023,14.51
380,3,1980,24.66
380,3,1981,24.44
380,3,1982,24.26
380,3,1983,24.13
380,3,1984,23.82
380,3,1985,23.48
380,3,1986,23.16
380,3,1987,22.54
380,3,1988,22.18
380,3,1989,21.78
380,3,1990,21.33
380,3,1991,20.89
380,3,1992,20.4
380,3,1993,19.98
380,3,1994,19.7
380,3,1995,19.41
380,3,1996,19.15
380,3,1997,18.84
380,3,1998,18.61
380,3,1999,18.37
380,3,2000,18.19
380,3,2001,18.01
380,3,2002,17.85
380,3,2003,17.71
380,3,2004,17.49
380,3,2005,17.23
380,3,2006,16.93
380,3,2007,16.58
380,3,2008,16.06
380,3,2009,15.57
380,3,2010,15.07
380,3,2011,14.55
380,3,2012,14.13
380,3,2013,15.92
380,3,2014,15.7
380,3,2015,15.47
380,3,2016,15.29
380,3,2017,15.11
380,3,2018,15.11
380,3,2019,15.38
380,3,2020,15.67
380,3,2021,16.77
380,3,2022,15.7
380,3,2023,15.69
385,1,1980,31.72
385,1,1981,29.61
385,1,1982,28.55
385,1,1983,29.22
385,1,1984,30.08
385,1,1985,30.49
385,1,1986,31.92
385,1,1987,33.71
385,1,1988,33.2
385,1,1989,32.23
385,1,1990,31
385,1,1991,30.02
385,1,1992,30.14
385,1,1993,29.28
385,1,1994,29.51
385,1,1995,28.56
385,1,1996,27.57
385,1,1997,25.35
385,1,1998,23.61
385,1,1999,23.76
385,1,2000,22.77
385,1,2001,21.02
385,1,2002,20.94
385,1,2003,19.88
385,1,2004,19.58
385,1,2005,19.41
385,1,2006,19.49
385,1,2007,18.39
385,1,2008,17.35
385,1,2009,16.25
385,1,2010,15.79
385,1,2011,15.51
385,1,2012,15.58
385,1,2013,15.23
385,1,2014,15.74
385,1,2015,16.1
385,1,2016,14.98
385,1,2017,14.85
385,1,2018,15.99
385,1,2019,15.47
385,1,2020,15.47
385,1,2021,16.96
385,1,2022,15.66
385,1,2023,14.4
385,2,1980,8.12
385,2,1981,7.05
385,2,1982,6.62
385,2,1983,6.91
385,2,1984,6.98
385,2,1985,7.39
385,2,1986,7.46
385,2,1987,7.88
385,2,1988,7.58
385,2,1989,7.79
385,2,1990,7.37
385,2,1991,7.2
385,2,1992,7.37
385,2,1993,7.58
385,2,1994,7.6
385,2,1995,7.42
385,2,1996,7.18
385,2,1997,7.23
385,2,1998,6.49
385,2,1999,6.2
385,2,2000,5.83
385,2,2001,5.24
385,2,2002,5.06
385,2,2003,4.89
385,2,2004,4.65
385,2,2005,4.48
385,2,2006,4.15
385,2,2007,4.02
385,2,2008,3.83
385,2,2009,3.73
385,2,2010,3.87
385,2,2011,3.69
385,2,2012,3.52
385,2,2013,3.68
385,2,2014,3.69
385,2,2015,3.76
385,2,2016,3.59
385,2,2017,3.48
385,2,2018,3.31
385,2,2019,2.67
385,2,2020,2.57
385,2,2021,2.69
385,2,2022,2.84
385,2,2023,2.84
385,3,1980,19.35
385,3,1981,17.78
385,3,1982,17.04
385,3,1983,17.51
385,3,1984,17.94
385,3,1985,18.35
385,3,1986,19.06
385,3,1987,20.13
385,3,1988,19.74
385,3,1989,19.39
385,3,1990,18.58
385,3,1991,18.03
385,3,1992,18.17
385,3,1993,17.87
385,3,1994,17.99
385,3,1995,17.45
385,3,1996,16.85
385,3,1997,15.82
385,3,1998,14.61
385,3,1999,14.54
385,3,2000,13.89
385,3,2001,12.74
385,3,2002,12.62
385,3,2003,12.01
385,3,2004,11.75
385,3,2005,11.59
385,3,2006,11.46
385,3,2007,10.89
385,3,2008,10.28
385,3,2009,9.69
385,3,2010,9.56
385,3,2011,9.32
385,3,2012,9.27
385,3,2013,9.18
385,3,2014,9.42
385,3,2015,9.63
385,3,2016,9
385,3,2017,8.85
385,3,2018,9.29
385,3,2019,8.65
385,3,2020,8.62
385,3,2021,9.38
385,3,2022,8.85
385,3,2023,8.27
393,1,1980,38.01
393,1,1981,34.34
393,1,1982,33.11
393,1,1983,32.52
393,1,1984,31.67
393,1,1985,31.69
393,1,1986,32
393,1,1987,32.32
393,1,1988,31.81
393,1,1989,31.01
393,1,1990,29.01
393,1,1991,27.45
393,1,1992,27.35
393,1,1993,26.84
393,1,1994,27
393,1,1995,25.61
393,1,1996,25.08
393,1,1997,23.79
393,1,1998,22.97
393,1,1999,22.5
393,1,2000,21.73
393,1,2001,20.77
393,1,2002,20.43
393,1,2003,19.2
393,1,2004,18.29
393,1,2005,19.03
393,1,2006,17.97
393,1,2007,17.04
393,1,2008,16.82
393,1,2009,16.93
393,1,2010,17.22
393,1,2011,17.23
393,1,2012,17.05
393,1,2013,17.34
393,1,2014,18.38
393,1,2015,18.51
393,1,2016,18.07
393,1,2017,17.66
393,1,2018,17.14
393,1,2019,16.52
393,1,2020,16.56
393,1,2021,16.48
393,1,2022,15.21
393,1,2023,14.97
393,2,1980,7.67
393,2,1981,6.58
393,2,1982,6.34
393,2,1983,6.29
393,2,1984,5.84
393,2,1985,5.72
393,2,1986,5.69
393,2,1987,5.89
393,2,1988,5.61
393,2,1989,5.64
393,2,1990,5.21
393,2,1991,4.84
393,2,1992,4.8
393,2,1993,4.72
393,2,1994,4.63
393,2,1995,4.7
393,2,1996,4.46
393,2,1997,4.19
393,2,1998,4
393,2,1999,3.83
393,2,2000,3.65
393,2,2001,3.28
393,2,2002,3.19
393,2,2003,3.04
393,2,2004,2.94
393,2,2005,2.97
393,2,2006,2.55
393,2,2007,2.45
393,2,2008,2.39
393,2,2009,2.43
393,2,2010,2.56
393,2,2011,2.52
393,2,2012,2.35
393,2,2013,2.38
393,2,2014,2.47
393,2,2015,2.5
393,2,2016,2.46
393,2,2017,2.46
393,2,2018,2.4
393,2,2019,2.4
393,2,2020,2.42
393,2,2021,2.33
393,2,2022,2.29
393,2,2023,2.32
393,3,1980,21.36
393,3,1981,19.2
393,3,1982,18.57
393,3,1983,18.35
393,3,1984,17.79
393,3,1985,17.8
393,3,1986,18
393,3,1987,18.29
393,3,1988,17.99
393,3,1989,17.65
393,3,1990,16.52
393,3,1991,15.63
393,3,1992,15.61
393,3,1993,15.34
393,3,1994,15.4
393,3,1995,14.8
393,3,1996,14.44
393,3,1997,13.7
393,3,1998,13.23
393,3,1999,12.93
393,3,2000,12.48
393,3,2001,11.84
393,3,2002,11.62
393,3,2003,10.93
393,3,2004,10.42
393,3,2005,10.79
393,3,2006,10.07
393,3,2007,9.55
393,3,2008,9.4
393,3,2009,9.47
393,3,2010,9.66
393,3,2011,9.65
393,3,2012,9.45
393,3,2013,9.6
393,3,2014,10.13
393,3,2015,10.19
393,3,2016,9.96
393,3,2017,9.74
393,3,2018,9.45
393,3,2019,9.14
393,3,2020,9.16
393,3,2021,9.06
393,3,2022,8.43
393,3,2023,8.32
396,1,1980,24.42
396,1,1981,24.28
396,1,1982,24.49
396,1,1983,24.51
396,1,1984,24.6
396,1,1985,24.8
396,1,1986,24.92
396,1,1987,24.78
396,1,1988,24.9
396,1,1989,24.69
396,1,1990,23.36
396,1,1991,22.89
396,1,1992,22.51
396,1,1993,22.56
396,1,1994,22.08
396,1,1995,21.56
396,1,1996,21.13
396,1,1997,20.64
396,1,1998,20.14
396,1,1999,19.79
396,1,2000,19.46
396,1,2001,19.14
396,1,2002,18.4
396,1,2003,17.6
396,1,2004,16.8
396,1,2005,16.2
396,1,2006,15.38
396,1,2007,14.47
396,1,2008,13.68
396,1,2009,12.95
396,1,2010,11.96
396,1,2011,11.22
396,1,2012,10.57
396,1,2013,10.06
396,1,2014,9.79
396,1,2015,9.53
396,1,2016,9.19
396,1,2017,9.31
396,1,2018,9.09
396,1,2019,8.59
396,1,2020,8.61
396,1,2021,9.51
396,1,2022,8.1
396,1,2023,10.14
396,2,1980,6.59
396,2,1981,6.34
396,2,1982,6.11
396,2,1983,5.85
396,2,1984,5.63
396,2,1985,5.4
396,2,1986,5.16
396,2,1987,4.99
396,2,1988,4.78
396,2,1989,4.6
396,2,1990,4.5
396,2,1991,4.43
396,2,1992,4.33
396,2,1993,4.29
396,2,1994,4.29
396,2,1995,4.32
396,2,1996,4.28
396,2,1997,4.22
396,2,1998,4.17
396,2,1999,4.12
396,2,2000,4.06
396,2,2001,4
396,2,2002,3.86
396,2,2003,3.65
396,2,2004,3.38
396,2,2005,3.17
396,2,2006,3
396,2,2007,2.85
396,2,2008,2.67
396,2,2009,2.51
396,2,2010,2.27
396,2,2011,2.16
396,2,2012,2.05
396,2,2013,1.96
396,2,2014,1.91
396,2,2015,1.89
396,2,2016,1.87
396,2,2017,1.85
396,2,2018,1.84
396,2,2019,1.82
396,2,2020,1.76
396,2,2021,1.95
396,2,2022,2.12
396,2,2023,2.01
396,3,1980,15.48
396,3,1981,15.27
396,3,1982,15.26
396,3,1983,15.13
396,3,1984,15.03
396,3,1985,15.01
396,3,1986,14.94
396,3,1987,14.76
396,3,1988,14.67
396,3,1989,14.46
396,3,1990,13.73
396,3,1991,13.44
396,3,1992,13.18
396,3,1993,13.15
396,3,1994,12.9
396,3,1995,12.64
396,3,1996,12.39
396,3,1997,12.12
396,3,1998,11.86
396,3,1999,11.66
396,3,2000,11.48
396,3,2001,11.27
396,3,2002,10.85
396,3,2003,10.37
396,3,2004,9.87
396,3,2005,9.48
396,3,2006,8.99
396,3,2007,8.49
396,3,2008,8.02
396,3,2009,7.6
396,3,2010,7.01
396,3,2011,6.64
396,3,2012,6.28
396,3,2013,5.99
396,3,2014,5.83
396,3,2015,5.71
396,3,2016,5.52
396,3,2017,5.59
396,3,2018,5.48
396,3,2019,5.23
396,3,2020,5.23
396,3,2021,5.79
396,3,2022,5.13
396,3,2023,6.13
413,1,1980,18.39
413,1,1981,18.28
413,1,1982,18.03
413,1,1983,17.84
413,1,1984,17.77
413,1,1985,17.77
413,1,1986,17.73
413,1,1987,17.56
413,1,1988,17.26
413,1,1989,16.97
413,1,1990,16.72
413,1,1991,16.58
413,1,1992,16.46
413,1,1993,16.33
413,1,1994,16.12
413,1,1995,15.83
413,1,1996,15.49
413,1,1997,15.17
413,1,1998,14.84
413,1,1999,14.75
413,1,2000,14.63
413,1,2001,14.58
413,1,2002,14.61
413,1,2003,14.43
413,1,2004,14.43
413,1,2005,14.27
413,1,2006,14.01
413,1,2007,13.68
413,1,2008,13.36
413,1,2009,12.99
413,1,2010,12.62
413,1,2011,12.25
413,1,2012,11.9
413,1,2013,11.59
413,1,2014,11.33
413,1,2015,11.08
413,1,2016,10.86
413,1,2017,10.7
413,1,2018,10.62
413,1,2019,10.58
413,1,2020,10.38
413,1,2021,11.29
413,1,2022,11.23
413,1,2023,11.3
413,2,1980,7.14
413,2,1981,6.85
413,2,1982,6.56
413,2,1983,6.28
413,2,1984,6.04
413,2,1985,5.85
413,2,1986,5.69
413,2,1987,5.56
413,2,1988,5.43
413,2,1989,5.35
413,2,1990,5.29
413,2,1991,5.32
413,2,1992,5.34
413,2,1993,5.4
413,2,1994,5.43
413,2,1995,5.43
413,2,1996,5.41
413,2,1997,5.37
413,2,1998,5.32
413,2,1999,5.38
413,2,2000,5.32
413,2,2001,5.25
413,2,2002,5.2
413,2,2003,5.04
413,2,2004,5.03
413,2,2005,4.96
413,2,2006,4.87
413,2,2007,4.77
413,2,2008,4.71
413,2,2009,4.61
413,2,2010,4.54
413,2,2011,4.45
413,2,2012,4.36
413,2,2013,4.27
413,2,2014,4.2
413,2,2015,4.15
413,2,2016,4.1
413,2,2017,4.05
413,2,2018,4
413,2,2019,3.92
413,2,2020,3.39
413,2,2021,3.4
413,2,2022,3.74
413,2,2023,3.77
413,3,1980,12.36
413,3,1981,12.2
413,3,1982,11.95
413,3,1983,11.72
413,3,1984,11.57
413,3,1985,11.49
413,3,1986,11.43
413,3,1987,11.33
413,3,1988,11.16
413,3,1989,11.01
413,3,1990,10.88
413,3,1991,10.85
413,3,1992,10.81
413,3,1993,10.78
413,3,1994,10.68
413,3,1995,10.52
413,3,1996,10.33
413,3,1997,10.13
413,3,1998,9.92
413,3,1999,9.89
413,3,2000,9.78
413,3,2001,9.73
413,3,2002,9.75
413,3,2003,9.62
413,3,2004,9.65
413,3,2005,9.58
413,3,2006,9.43
413,3,2007,9.23
413,3,2008,9.04
413,3,2009,8.81
413,3,2010,8.58
413,3,2011,8.34
413,3,2012,8.12
413,3,2013,7.93
413,3,2014,7.76
413,3,2015,7.61
413,3,2016,7.49
413,3,2017,7.39
413,3,2018,7.33
413,3,2019,7.28
413,3,2020,6.93
413,3,2021,7.39
413,3,2022,7.53
413,3,2023,7.6
416,1,1980,68.54
416,1,1981,69.51
416,1,1982,69.19
416,1,1983,70.23
416,1,1984,70.72
416,1,1985,70.87
416,1,1986,70.64
416,1,1987,71.22
416,1,1988,71.58
416,1,1989,71.83
416,1,1990,71.28
416,1,1991,73.43
416,1,1992,74.42
416,1,1993,76.15
416,1,1994,77.37
416,1,1995,78.22
416,1,1996,79.2
416,1,1997,79.98
416,1,1998,80.93
416,1,1999,83.57
416,1,2000,85.13
416,1,2001,85.29
416,1,2002,85.54
416,1,2003,84.9
416,1,2004,84.1
416,1,2005,85.52
416,1,2006,89.34
416,1,2007,89.18
416,1,2008,89.3
416,1,2009,84.5
416,1,2010,79.95
416,1,2011,72.51
416,1,2012,68.33
416,1,2013,64.44
416,1,2014,60.78
416,1,2015,57.36
416,1,2016,52.48
416,1,2017,51.03
416,1,2018,49.06
416,1,2019,46.85
416,1,2020,47.23
416,1,2021,54.49
416,1,2022,53.14
416,1,2023,53.15
416,2,1980,24.94
416,2,1981,25.54
416,2,1982,25.07
416,2,1983,25.02
416,2,1984,24.88
416,2,1985,24.82
416,2,1986,24.61
416,2,1987,24.7
416,2,1988,24.71
416,2,1989,24.83
416,2,1990,24.45
416,2,1991,25.43
416,2,1992,25.94
416,2,1993,26.43
416,2,1994,27.05
416,2,1995,27.37
416,2,1996,27.72
416,2,1997,28.04
416,2,1998,28.52
416,2,1999,29.52
416,2,2000,29.8
416,2,2001,29.94
416,2,2002,29.95
416,2,2003,29.61
416,2,2004,29.03
416,2,2005,28.65
416,2,2006,28.87
416,2,2007,28.71
416,2,2008,28.54
416,2,2009,27.07
416,2,2010,25.44
416,2,2011,23.62
416,2,2012,22.32
416,2,2013,21.08
416,2,2014,19.92
416,2,2015,18.88
416,2,2016,17.96
416,2,2017,17.6
416,2,2018,17.09
416,2,2019,16.6
416,2,2020,16.82
416,2,2021,18.16
416,2,2022,17.05
416,2,2023,16.07
416,3,1980,43.42
416,3,1981,44.21
416,3,1982,43.84
416,3,1983,44.3
416,3,1984,44.49
416,3,1985,44.55
416,3,1986,44.42
416,3,1987,44.82
416,3,1988,45.07
416,3,1989,45.33
416,3,1990,44.99
416,3,1991,46.5
416,3,1992,47.31
416,3,1993,48.41
416,3,1994,49.4
416,3,1995,50.08
416,3,1996,50.86
416,3,1997,51.54
416,3,1998,52.38
416,3,1999,54.28
416,3,2000,55.3
416,3,2001,55.6
416,3,2002,55.9
416,3,2003,55.58
416,3,2004,55.05
416,3,2005,55.69
416,3,2006,57.77
416,3,2007,57.78
416,3,2008,57.91
416,3,2009,55
416,3,2010,52.11
416,3,2011,47.69
416,3,2012,45.08
416,3,2013,42.6
416,3,2014,40.25
416,3,2015,38.06
416,3,2016,35.14
416,3,2017,34.27
416,3,2018,33.05
416,3,2019,31.71
416,3,2020,32.01
416,3,2021,36.38
416,3,2022,35.18
416,3,2023,34.74
422,1,1980,42.98
422,1,1981,43.42
422,1,1982,42.23
422,1,1983,42.2
422,1,1984,42.06
422,1,1985,41.55
422,1,1986,40.54
422,1,1987,39.09
422,1,1988,37.63
422,1,1989,36.61
422,1,1990,35.02
422,1,1991,34.71
422,1,1992,34.53
422,1,1993,34.62
422,1,1994,33.58
422,1,1995,32.31
422,1,1996,32.38
422,1,1997,30.45
422,1,1998,30.56
422,1,1999,30.32
422,1,2000,30.3
422,1,2001,29.08
422,1,2002,27.35
422,1,2003,25.52
422,1,2004,24.31
422,1,2005,24.2
422,1,2006,22.43
422,1,2007,22.15
422,1,2008,21.59
422,1,2009,21.25
422,1,2010,21.69
422,1,2011,22.29
422,1,2012,23.62
422,1,2013,24.22
422,1,2014,25.09
422,1,2015,25.39
422,1,2016,25.84
422,1,2017,25.63
422,1,2018,23.51
422,1,2019,19.33
422,1,2020,18.69
422,1,2021,21.08
422,1,2022,21.15
422,1,2023,20.1
422,2,1980,12.54
422,2,1981,11.95
422,2,1982,11.48
422,2,1983,11.04
422,2,1984,10.59
422,2,1985,10.09
422,2,1986,10.08
422,2,1987,10.69
422,2,1988,11.06
422,2,1989,10.95
422,2,1990,10.36
422,2,1991,9.7
422,2,1992,9.4
422,2,1993,9.09
422,2,1994,8.84
422,2,1995,8.88
422,2,1996,8.27
422,2,1997,8.05
422,2,1998,7.84
422,2,1999,7.49
422,2,2000,6.99
422,2,2001,6.52
422,2,2002,6.29
422,2,2003,5.94
422,2,2004,5.68
422,2,2005,5.59
422,2,2006,5.2
422,2,2007,5.06
422,2,2008,4.79
422,2,2009,4.98
422,2,2010,4.94
422,2,2011,4.88
422,2,2012,4.56
422,2,2013,4.62
422,2,2014,5.07
422,2,2015,5.12
422,2,2016,4.84
422,2,2017,4.67
422,2,2018,4.41
422,2,2019,4
422,2,2020,3.36
422,2,2021,3.35
422,2,2022,4.04
422,2,2023,4.09
422,3,1980,26.51
422,3,1981,26.35
422,3,1982,25.54
422,3,1983,25.31
422,3,1984,25.04
422,3,1985,24.59
422,3,1986,24.17
422,3,1987,23.9
422,3,1988,23.47
422,3,1989,22.97
422,3,1990,21.93
422,3,1991,21.46
422,3,1992,21.23
422,3,1993,21.11
422,3,1994,20.48
422,3,1995,19.89
422,3,1996,19.58
422,3,1997,18.53
422,3,1998,18.41
422,3,1999,18.1
422,3,2000,17.81
422,3,2001,16.97
422,3,2002,16.02
422,3,2003,14.98
422,3,2004,14.29
422,3,2005,14.18
422,3,2006,13.16
422,3,2007,12.96
422,3,2008,12.58
422,3,2009,12.53
422,3,2010,12.74
422,3,2011,13.01
422,3,2012,13.48
422,3,2013,13.84
422,3,2014,14.54
422,3,2015,14.75
422,3,2016,14.84
422,3,2017,14.69
422,3,2018,13.58
422,3,2019,11.4
422,3,2020,10.79
422,3,2021,11.97
422,3,2022,12.37
422,3,2023,11.9
435,1,1980,67.73
435,1,1981,68.06
435,1,1982,68.23
435,1,1983,68.87
435,1,1984,68.1
435,1,1985,75.28
435,1,1986,76.57
435,1,1987,76.6
435,1,1988,75.46
435,1,1989,76.22
435,1,1990,70.74
435,1,1991,69.73
435,1,1992,70.7
435,1,1993,70.94
435,1,1994,70.93
435,1,1995,73.93
435,1,1996,72.42
435,1,1997,67.5
435,1,1998,66.57
435,1,1999,65.1
435,1,2000,64.6
435,1,2001,60.97
435,1,2002,59.43
435,1,2003,60.25
435,1,2004,61.18
435,1,2005,60.71
435,1,2006,62.99
435,1,2007,63.53
435,1,2008,63.71
435,1,2009,65.4
435,1,2010,66.63
435,1,2011,67.09
435,1,2012,68.24
435,1,2013,70.06
435,1,2014,72
435,1,2015,72.09
435,1,2016,71.98
435,1,2017,70.49
435,1,2018,67.29
435,1,2019,66.64
435,1,2020,71.22
435,1,2021,70.98
435,1,2022,78.04
435,1,2023,81.74
435,2,1980,25.3
435,2,1981,25.23
435,2,1982,25.59
435,2,1983,25.7
435,2,1984,25.48
435,2,1985,28.4
435,2,1986,29.08
435,2,1987,29.3
435,2,1988,28.95
435,2,1989,29.16
435,2,1990,27.9
435,2,1991,27.59
435,2,1992,28.03
435,2,1993,28.15
435,2,1994,28.2
435,2,1995,28.96
435,2,1996,28.23
435,2,1997,25.96
435,2,1998,25.81
435,2,1999,25.31
435,2,2000,25.42
435,2,2001,23.91
435,2,2002,23.53
435,2,2003,24.22
435,2,2004,24.7
435,2,2005,24.56
435,2,2006,25.8
435,2,2007,25.9
435,2,2008,25.88
435,2,2009,26.52
435,2,2010,26.96
435,2,2011,27.17
435,2,2012,27.8
435,2,2013,28.73
435,2,2014,29.75
435,2,2015,30.79
435,2,2016,31.47
435,2,2017,31.37
435,2,2018,32.02
435,2,2019,32.48
435,2,2020,32.32
435,2,2021,31.59
435,2,2022,36.3
435,2,2023,37.52
435,3,1980,47.29
435,3,1981,47.51
435,3,1982,47.83
435,3,1983,48.3
435,3,1984,47.86
435,3,1985,53.07
435,3,1986,54.12
435,3,1987,54.28
435,3,1988,53.55
435,3,1989,54.08
435,3,1990,50.63
435,3,1991,49.98
435,3,1992,50.72
435,3,1993,50.91
435,3,1994,50.93
435,3,1995,52.87
435,3,1996,51.72
435,3,1997,48.03
435,3,1998,47.44
435,3,1999,46.38
435,3,2000,46.14
435,3,2001,43.49
435,3,2002,42.49
435,3,2003,43.23
435,3,2004,43.89
435,3,2005,43.53
435,3,2006,45.26
435,3,2007,45.53
435,3,2008,45.57
435,3,2009,46.73
435,3,2010,47.56
435,3,2011,47.88
435,3,2012,48.77
435,3,2013,50.13
435,3,2014,51.6
435,3,2015,52.03
435,3,2016,52.19
435,3,2017,51.22
435,3,2018,49.63
435,3,2019,49.39
435,3,2020,51.68
435,3,2021,51.16
435,3,2022,57.01
435,3,2023,59.41
522,1,1980,57.52
522,1,1981,57.3
522,1,1982,57.15
522,1,1983,56.67
522,1,1984,56.22
522,1,1985,55.98
522,1,1986,56.27
522,1,1987,56.1
522,1,1988,55.43
522,1,1989,54.65
522,1,1990,54.09
522,1,1991,54.12
522,1,1992,54.07
522,1,1993,54
522,1,1994,52.98
522,1,1995,52.27
522,1,1996,51.61
522,1,1997,50.22
522,1,1998,49.13
522,1,1999,47.83
522,1,2000,47.12
522,1,2001,46.18
522,1,2002,46.01
522,1,2003,44.31
522,1,2004,43.62
522,1,2005,42.93
522,1,2006,42.73
522,1,2007,42.34
522,1,2008,42.74
522,1,2009,42.48
522,1,2010,43.36
522,1,2011,42.41
522,1,2012,40.98
522,1,2013,41.12
522,1,2014,41.74
522,1,2015,41.21
522,1,2016,41.11
522,1,2017,41.14
522,1,2018,41.49
522,1,2019,42.06
522,1,2020,42.93
522,1,2021,42.89
522,1,2022,42.69
522,1,2023,42.3
522,2,1980,30.95
522,2,1981,30.65
522,2,1982,30.01
522,2,1983,29.1
522,2,1984,28.73
522,2,1985,28.28
522,2,1986,28.34
522,2,1987,28.17
522,2,1988,27.76
522,2,1989,27.44
522,2,1990,27.06
522,2,1991,26.92
522,2,1992,26.65
522,2,1993,26.53
522,2,1994,25.83
522,2,1995,25.3
522,2,1996,24.72
522,2,1997,23.94
522,2,1998,23.31
522,2,1999,22.28
522,2,2000,21.6
522,2,2001,20.84
522,2,2002,20.3
522,2,2003,19.17
522,2,2004,18.43
522,2,2005,17.9
522,2,2006,17.42
522,2,2007,16.81
522,2,2008,16.55
522,2,2009,16.24
522,2,2010,15.96
522,2,2011,15.5
522,2,2012,14.89
522,2,2013,14.83
522,2,2014,14.98
522,2,2015,15
522,2,2016,15
522,2,2017,14.95
522,2,2018,14.78
522,2,2019,14.77
522,2,2020,15.12
522,2,2021,15.32
522,2,2022,14.71
522,2,2023,14.58
522,3,1980,44.09
522,3,1981,43.85
522,3,1982,43.47
522,3,1983,42.79
522,3,1984,42.4
522,3,1985,42.07
522,3,1986,42.28
522,3,1987,42.13
522,3,1988,41.59
522,3,1989,41.04
522,3,1990,40.6
522,3,1991,40.59
522,3,1992,40.47
522,3,1993,40.41
522,3,1994,39.57
522,3,1995,38.99
522,3,1996,38.4
522,3,1997,37.32
522,3,1998,36.47
522,3,1999,35.32
522,3,2000,34.64
522,3,2001,33.8
522,3,2002,33.46
522,3,2003,32.04
522,3,2004,31.31
522,3,2005,30.69
522,3,2006,30.34
522,3,2007,29.85
522,3,2008,29.92
522,3,2009,29.62
522,3,2010,29.92
522,3,2011,29.2
522,3,2012,28.15
522,3,2013,28.17
522,3,2014,28.53
522,3,2015,28.26
522,3,2016,28.19
522,3,2017,28.17
522,3,2018,28.26
522,3,2019,28.54
522,3,2020,29.13
522,3,2021,29.19
522,3,2022,28.77
522,3,2023,28.49
