location,sex,year,interpersonal_violence_deaths_number_all_ages
6,3,1980,50009.33
6,3,1981,50153.39
6,3,1982,49588.16
6,3,1983,48990.87
6,3,1984,47888.02
6,3,1985,47548.67
6,3,1986,46940.55
6,3,1987,47354.15
6,3,1988,47309.97
6,3,1989,47732.96
6,3,1990,47720.24
6,3,1991,46708.02
6,3,1992,45164.73
6,3,1993,43872.52
6,3,1994,43113.19
6,3,1995,41322.22
6,3,1996,39059.55
6,3,1997,37631.73
6,3,1998,36500.13
6,3,1999,34944.93
6,3,2000,33173.53
6,3,2001,30861.22
6,3,2002,29504.79
6,3,2003,29175.15
6,3,2004,28447.84
6,3,2005,26357.38
6,3,2006,24039.74
6,3,2007,21936.39
6,3,2008,19975.84
6,3,2009,18718.98
6,3,2010,16633.92
6,3,2011,14736.31
6,3,2012,13166.36
6,3,2013,11905.91
6,3,2014,10913.44
6,3,2015,10095.3
6,3,2016,9447.51
6,3,2017,8806.94
6,3,2018,8219.56
6,3,2019,7772.61
6,3,2020,7535.63
6,3,2021,7365.01
6,3,2022,7579.97
6,3,2023,7014.42
7,3,1980,671.18
7,3,1981,672.42
7,3,1982,682.21
7,3,1983,685.46
7,3,1984,680.65
7,3,1985,683.46
7,3,1986,685.16
7,3,1987,694.43
7,3,1988,705.28
7,3,1989,722.53
7,3,1990,726.02
7,3,1991,729.47
7,3,1992,741.5
7,3,1993,749.48
7,3,1994,774.05
7,3,1995,769.77
7,3,1996,778.69
7,3,1997,798.98
7,3,1998,826.22
7,3,1999,830.83
7,3,2000,831.03
7,3,2001,841.33
7,3,2002,853.65
7,3,2003,844.3
7,3,2004,838.36
7,3,2005,812.24
7,3,2006,820.12
7,3,2007,820.52
7,3,2008,816.88
7,3,2009,812.25
7,3,2010,799.03
7,3,2011,789.06
7,3,2012,777.3
7,3,2013,769.48
7,3,2014,784.66
7,3,2015,788.05
7,3,2016,790.69
7,3,2017,787.51
7,3,2018,789.03
7,3,2019,802.45
7,3,2020,796.09
7,3,2021,807.91
7,3,2022,764.2
7,3,2023,733.01
8,3,1980,353.01
8,3,1981,395.31
8,3,1982,421.88
8,3,1983,395.52
8,3,1984,366.65
8,3,1985,368.82
8,3,1986,377.76
8,3,1987,390.38
8,3,1988,476.34
8,3,1989,542.22
8,3,1990,503.11
8,3,1991,450.49
8,3,1992,411.89
8,3,1993,415.27
8,3,1994,453.76
8,3,1995,442.5
8,3,1996,442.94
8,3,1997,449.73
8,3,1998,470.48
8,3,1999,446.67
8,3,2000,427.47
8,3,2001,392.6
8,3,2002,377
8,3,2003,377.71
8,3,2004,369.87
8,3,2005,358.25
8,3,2006,332.55
8,3,2007,301.15
8,3,2008,300.36
8,3,2009,285.38
8,3,2010,264.82
8,3,2011,237.31
8,3,2012,241
8,3,2013,237.81
8,3,2014,236.02
8,3,2015,223.91
8,3,2016,213.81
8,3,2017,212
8,3,2018,207.08
8,3,2019,205.38
8,3,2020,196.36
8,3,2021,201.24
8,3,2022,200.56
8,3,2023,215.01
10,3,1980,588
10,3,1981,609.24
10,3,1982,622.07
10,3,1983,654.03
10,3,1984,669.63
10,3,1985,688.41
10,3,1986,706.42
10,3,1987,729.79
10,3,1988,742.56
10,3,1989,749.67
10,3,1990,764.05
10,3,1991,772.6
10,3,1992,784.62
10,3,1993,791.26
10,3,1994,812.97
10,3,1995,832.59
10,3,1996,842.61
10,3,1997,853.75
10,3,1998,850.11
10,3,1999,771.66
10,3,2000,705.19
10,3,2001,656.71
10,3,2002,616.35
10,3,2003,571.74
10,3,2004,548.68
10,3,2005,528.66
10,3,2006,507.05
10,3,2007,506.88
10,3,2008,497.98
10,3,2009,495.71
10,3,2010,498.64
10,3,2011,493
10,3,2012,502.97
10,3,2013,493.04
10,3,2014,482.23
10,3,2015,479.05
10,3,2016,474.41
10,3,2017,460.11
10,3,2018,455.5
10,3,2019,451.97
10,3,2020,444.06
10,3,2021,450.64
10,3,2022,476.21
10,3,2023,475.16
11,3,1980,3010.04
11,3,1981,3042.37
11,3,1982,3090.71
11,3,1983,3141.87
11,3,1984,3157.95
11,3,1985,3216.55
11,3,1986,3279.45
11,3,1987,3372.86
11,3,1988,3425.31
11,3,1989,3459.25
11,3,1990,3507.77
11,3,1991,3513.13
11,3,1992,3547.51
11,3,1993,3609.38
11,3,1994,3634.41
11,3,1995,3670.58
11,3,1996,3703.03
11,3,1997,4131.1
11,3,1998,3891.74
11,3,1999,4956.26
11,3,2000,4518.14
11,3,2001,4702.59
11,3,2002,4166.83
11,3,2003,4141.78
11,3,2004,4196.74
11,3,2005,4119.46
11,3,2006,4102.54
11,3,2007,4044.81
11,3,2008,3909.08
11,3,2009,3817.27
11,3,2010,3730.5
11,3,2011,3615.85
11,3,2012,3519.62
11,3,2013,3430.51
11,3,2014,3352.99
11,3,2015,3368.68
11,3,2016,3417.67
11,3,2017,3431
11,3,2018,3444.62
11,3,2019,3471.33
11,3,2020,3578.27
11,3,2021,3862.41
11,3,2022,3606.88
11,3,2023,3518.57
12,3,1980,403.31
12,3,1981,408.93
12,3,1982,418.02
12,3,1983,424.8
12,3,1984,428.18
12,3,1985,433.7
12,3,1986,439.36
12,3,1987,450.55
12,3,1988,461.86
12,3,1989,467.22
12,3,1990,477.25
12,3,1991,491.74
12,3,1992,500.98
12,3,1993,516.51
12,3,1994,531.55
12,3,1995,544.34
12,3,1996,549.73
12,3,1997,562.57
12,3,1998,585.48
12,3,1999,580.35
12,3,2000,576.88
12,3,2001,588.15
12,3,2002,584.46
12,3,2003,567.26
12,3,2004,544.91
12,3,2005,534.67
12,3,2006,520.6
12,3,2007,505.24
12,3,2008,490.63
12,3,2009,492.41
12,3,2010,486.23
12,3,2011,469.7
12,3,2012,466.68
12,3,2013,461.26
12,3,2014,461.17
12,3,2015,473.04
12,3,2016,470.42
12,3,2017,468.06
12,3,2018,464.21
12,3,2019,469.83
12,3,2020,472.66
12,3,2021,492.7
12,3,2022,479.77
12,3,2023,470.42
13,3,1980,378.15
13,3,1981,372.15
13,3,1982,361.3
13,3,1983,346.93
13,3,1984,320.66
13,3,1985,303.26
13,3,1986,282.8
13,3,1987,281.64
13,3,1988,282.6
13,3,1989,284.91
13,3,1990,297.33
13,3,1991,310.35
13,3,1992,325.23
13,3,1993,341.99
13,3,1994,370.22
13,3,1995,418.27
13,3,1996,454.1
13,3,1997,482.67
13,3,1998,508.96
13,3,1999,550.03
13,3,2000,550.82
13,3,2001,570.26
13,3,2002,598.4
13,3,2003,630.31
13,3,2004,640.89
13,3,2005,646.16
13,3,2006,643.63
13,3,2007,647.41
13,3,2008,670.74
13,3,2009,703.46
13,3,2010,730.13
13,3,2011,739.05
13,3,2012,744.25
13,3,2013,748.4
13,3,2014,752.74
13,3,2015,754
13,3,2016,831.77
13,3,2017,743.48
13,3,2018,724.61
13,3,2019,670.61
13,3,2020,621.69
13,3,2021,622.36
13,3,2022,651.23
13,3,2023,547.25
14,3,1980,3.99
14,3,1981,3.96
14,3,1982,3.95
14,3,1983,3.84
14,3,1984,3.63
14,3,1985,3.49
14,3,1986,3.51
14,3,1987,3.47
14,3,1988,3.24
14,3,1989,3.12
14,3,1990,2.84
14,3,1991,2.89
14,3,1992,2.93
14,3,1993,2.96
14,3,1994,2.99
14,3,1995,3.06
14,3,1996,3.42
14,3,1997,3.71
14,3,1998,4.02
14,3,1999,4.58
14,3,2000,4.95
14,3,2001,5.38
14,3,2002,5.58
14,3,2003,5.37
14,3,2004,5.22
14,3,2005,5.17
14,3,2006,5.15
14,3,2007,5.13
14,3,2008,5.51
14,3,2009,5.98
14,3,2010,6.41
14,3,2011,6.71
14,3,2012,7.02
14,3,2013,7.18
14,3,2014,7.29
14,3,2015,7.35
14,3,2016,7.42
14,3,2017,7.26
14,3,2018,7.05
14,3,2019,6.93
14,3,2020,7.12
14,3,2021,6.59
14,3,2022,6.94
14,3,2023,7.28
15,3,1980,1159.55
15,3,1981,1172.79
15,3,1982,1190.18
15,3,1983,1219.36
15,3,1984,1243.69
15,3,1985,1267.64
15,3,1986,1312.97
15,3,1987,1356.1
15,3,1988,1401.68
15,3,1989,1442.69
15,3,1990,1761.81
15,3,1991,1968.33
15,3,1992,1637.04
15,3,1993,1691.52
15,3,1994,1732.27
15,3,1995,2817.19
15,3,1996,1752.85
15,3,1997,1618.14
15,3,1998,1685.21
15,3,1999,1515.62
15,3,2000,1496.98
15,3,2001,1407.25
15,3,2002,1279.61
15,3,2003,1235.09
15,3,2004,1187.58
15,3,2005,1276.79
15,3,2006,1127.01
15,3,2007,1125.04
15,3,2008,1055.7
15,3,2009,1029.37
15,3,2010,1001.75
15,3,2011,988.78
15,3,2012,1126.56
15,3,2013,1076.73
15,3,2014,1063.09
15,3,2015,1078.27
15,3,2016,1136.75
15,3,2017,1089.2
15,3,2018,1050.84
15,3,2019,1042.67
15,3,2020,1066.01
15,3,2021,1108.26
15,3,2022,1083.96
15,3,2023,1053.79
16,3,1980,9270.28
16,3,1981,9296.5
16,3,1982,9879.83
16,3,1983,10557.47
16,3,1984,10967.29
16,3,1985,11699.54
16,3,1986,12134.89
16,3,1987,12331.27
16,3,1988,12424.57
16,3,1989,12295.43
16,3,1990,12233.87
16,3,1991,12233.25
16,3,1992,12477.48
16,3,1993,12653.77
16,3,1994,12656.24
16,3,1995,12698.74
16,3,1996,13116.25
16,3,1997,13405.28
16,3,1998,14022.47
16,3,1999,14109.07
16,3,2000,14651.49
16,3,2001,15258.2
16,3,2002,15489.26
16,3,2003,15320.57
16,3,2004,15117.84
16,3,2005,14993.96
16,3,2006,14626.59
16,3,2007,14038.28
16,3,2008,13678.59
16,3,2009,13551.72
16,3,2010,13323.55
16,3,2011,12972.62
16,3,2012,12671.58
16,3,2013,12350.16
16,3,2014,12182.23
16,3,2015,12518.88
16,3,2016,12747.18
16,3,2017,12782.36
16,3,2018,11403.37
16,3,2019,10727.36
16,3,2020,9968.28
16,3,2021,9998.33
16,3,2022,9176.57
16,3,2023,9326.91
17,3,1980,1026.23
17,3,1981,1084.82
17,3,1982,1187.83
17,3,1983,1336.97
17,3,1984,1395.97
17,3,1985,1413.34
17,3,1986,1380.9
17,3,1987,1320.34
17,3,1988,1233.11
17,3,1989,1497.62
17,3,1990,1118.85
17,3,1991,989.36
17,3,1992,946.08
17,3,1993,908.07
17,3,1994,995.87
17,3,1995,1077.1
17,3,1996,1181.32
17,3,1997,1248.68
17,3,1998,1223.13
17,3,1999,1206.87
17,3,2000,1217.02
17,3,2001,1150.85
17,3,2002,1084.05
17,3,2003,1033.55
17,3,2004,1052.69
17,3,2005,1022.36
17,3,2006,1030.48
17,3,2007,880.86
17,3,2008,842.11
17,3,2009,734.68
17,3,2010,635.08
17,3,2011,579.14
17,3,2012,518.11
17,3,2013,468.46
17,3,2014,425.51
17,3,2015,411.77
17,3,2016,398.74
17,3,2017,385.05
17,3,2018,369.37
17,3,2019,358.17
17,3,2020,313.66
17,3,2021,293.18
17,3,2022,383.92
17,3,2023,384.46
18,3,1980,4465.45
18,3,1981,4538.9
18,3,1982,4502.72
18,3,1983,4411.52
18,3,1984,4067.38
18,3,1985,3821.83
18,3,1986,3670.25
18,3,1987,3672.48
18,3,1988,3761.67
18,3,1989,3994.88
18,3,1990,4178.59
18,3,1991,4322.45
18,3,1992,4485.58
18,3,1993,4694.84
18,3,1994,5073.78
18,3,1995,5296.82
18,3,1996,5070.25
18,3,1997,4530.47
18,3,1998,4473.58
18,3,1999,4810.56
18,3,2000,5211.83
18,3,2001,5427.74
18,3,2002,5580.64
18,3,2003,5610.71
18,3,2004,5464.79
18,3,2005,5207.7
18,3,2006,5240.34
18,3,2007,5168.25
18,3,2008,5048.3
18,3,2009,5099.74
18,3,2010,5209.2
18,3,2011,4946.68
18,3,2012,4812.3
18,3,2013,4595.4
18,3,2014,4411.34
18,3,2015,4243.82
18,3,2016,4064.32
18,3,2017,3793.27
18,3,2018,3619.56
18,3,2019,3603.71
18,3,2020,3629.36
18,3,2021,3654.6
18,3,2022,3726.99
18,3,2023,3586.44
19,3,1980,34.72
19,3,1981,34.74
19,3,1982,34.54
19,3,1983,34.97
19,3,1984,35.28
19,3,1985,35.48
19,3,1986,35.77
19,3,1987,36.23
19,3,1988,36.76
19,3,1989,37.06
19,3,1990,37.25
19,3,1991,36.62
19,3,1992,36.56
19,3,1993,36.23
19,3,1994,35.07
19,3,1995,33.88
19,3,1996,32.84
19,3,1997,31.38
19,3,1998,31.09
19,3,1999,30.38
19,3,2000,30.78
19,3,2001,30.39
19,3,2002,28.65
19,3,2003,29.7
19,3,2004,26.43
19,3,2005,29.56
19,3,2006,30.52
19,3,2007,32.03
19,3,2008,30.83
19,3,2009,31.22
19,3,2010,31.71
19,3,2011,34.68
19,3,2012,36.77
19,3,2013,37.75
19,3,2014,38.62
19,3,2015,39.72
19,3,2016,41.51
19,3,2017,42.52
19,3,2018,44.02
19,3,2019,44.64
19,3,2020,45.85
19,3,2021,47.37
19,3,2022,48.08
19,3,2023,48.39
20,3,1980,1531.03
20,3,1981,1546.56
20,3,1982,1567.72
20,3,1983,1589.26
20,3,1984,1596.48
20,3,1985,1621.69
20,3,1986,1645.75
20,3,1987,1689.66
20,3,1988,1691.43
20,3,1989,1707.86
20,3,1990,1752.45
20,3,1991,1784.2
20,3,1992,1794.25
20,3,1993,1817.64
20,3,1994,1844.16
20,3,1995,1846.66
20,3,1996,1839.43
20,3,1997,1846.46
20,3,1998,1864.48
20,3,1999,1814.48
20,3,2000,1788.76
20,3,2001,1789.5
20,3,2002,1802.45
20,3,2003,1821.02
20,3,2004,1811.17
20,3,2005,1802.96
20,3,2006,1839.67
20,3,2007,1858.07
20,3,2008,1886.73
20,3,2009,1924.83
20,3,2010,1943.04
20,3,2011,1898.9
20,3,2012,1907.48
20,3,2013,1900.03
20,3,2014,1854.91
20,3,2015,1870.56
20,3,2016,1813.11
20,3,2017,1772.59
20,3,2018,1735.45
20,3,2019,1772.39
20,3,2020,1674.16
20,3,2021,1588.67
20,3,2022,1655.99
20,3,2023,1617.32
22,3,1980,15.98
22,3,1981,17.29
22,3,1982,17.65
22,3,1983,18.16
22,3,1984,18.63
22,3,1985,19.68
22,3,1986,20.16
22,3,1987,20.75
22,3,1988,21.72
22,3,1989,21.94
22,3,1990,22.3
22,3,1991,22.22
22,3,1992,22.51
22,3,1993,22.68
22,3,1994,24.04
22,3,1995,25.25
22,3,1996,26.87
22,3,1997,28.42
22,3,1998,30.09
22,3,1999,32.3
22,3,2000,35.26
22,3,2001,36.61
22,3,2002,37.81
22,3,2003,35.87
22,3,2004,33.84
22,3,2005,34.62
22,3,2006,34.34
22,3,2007,34.2
22,3,2008,34.28
22,3,2009,33.47
22,3,2010,33.91
22,3,2011,33.59
22,3,2012,33.5
22,3,2013,33.1
22,3,2014,32.15
22,3,2015,31.34
22,3,2016,31.03
22,3,2017,30.18
22,3,2018,29.05
22,3,2019,28.94
22,3,2020,29.44
22,3,2021,30.86
22,3,2022,28.35
22,3,2023,27.29
23,3,1980,1.53
23,3,1981,1.6
23,3,1982,1.72
23,3,1983,1.81
23,3,1984,1.91
23,3,1985,2.08
23,3,1986,2.46
23,3,1987,1.86
23,3,1988,1.43
23,3,1989,1.16
23,3,1990,0.96
23,3,1991,0.79
23,3,1992,0.63
23,3,1993,0.62
23,3,1994,0.72
23,3,1995,0.83
23,3,1996,0.8
23,3,1997,0.8
23,3,1998,0.77
23,3,1999,0.77
23,3,2000,0.77
23,3,2001,0.77
23,3,2002,0.78
23,3,2003,0.78
23,3,2004,0.78
23,3,2005,0.78
23,3,2006,0.8
23,3,2007,0.8
23,3,2008,0.81
23,3,2009,0.84
23,3,2010,0.82
23,3,2011,0.81
23,3,2012,0.8
23,3,2013,0.79
23,3,2014,0.79
23,3,2015,0.79
23,3,2016,0.77
23,3,2017,0.77
23,3,2018,0.78
23,3,2019,0.79
23,3,2020,0.81
23,3,2021,0.85
23,3,2022,0.8
23,3,2023,0.79
24,3,1980,2.21
24,3,1981,2.28
24,3,1982,2.34
24,3,1983,2.55
24,3,1984,2.61
24,3,1985,2.68
24,3,1986,2.75
24,3,1987,2.82
24,3,1988,2.91
24,3,1989,3.01
24,3,1990,3.14
24,3,1991,3.3
24,3,1992,3.05
24,3,1993,3.01
24,3,1994,2.81
24,3,1995,2.92
24,3,1996,3.01
24,3,1997,3.09
24,3,1998,3.23
24,3,1999,3.31
24,3,2000,3.36
24,3,2001,3.41
24,3,2002,3.45
24,3,2003,3.48
24,3,2004,3.52
24,3,2005,3.53
24,3,2006,3.51
24,3,2007,3.44
24,3,2008,3.36
24,3,2009,3.27
24,3,2010,3.19
24,3,2011,3.07
24,3,2012,2.98
24,3,2013,2.89
24,3,2014,2.79
24,3,2015,2.7
24,3,2016,2.64
24,3,2017,2.54
24,3,2018,2.45
24,3,2019,2.33
24,3,2020,2.28
24,3,2021,2.26
24,3,2022,2.04
24,3,2023,1.91
25,3,1980,5.92
25,3,1981,5.96
25,3,1982,6.03
25,3,1983,6.14
25,3,1984,6.28
25,3,1985,6.38
25,3,1986,6.45
25,3,1987,6.51
25,3,1988,6.6
25,3,1989,6.55
25,3,1990,6.63
25,3,1991,6.66
25,3,1992,6.66
25,3,1993,6.66
25,3,1994,6.73
25,3,1995,6.74
25,3,1996,6.75
25,3,1997,6.78
25,3,1998,6.82
25,3,1999,6.79
25,3,2000,6.83
25,3,2001,6.81
25,3,2002,6.8
25,3,2003,6.95
25,3,2004,7.01
25,3,2005,7.05
25,3,2006,7.01
25,3,2007,6.96
25,3,2008,6.89
25,3,2009,6.9
25,3,2010,6.84
25,3,2011,6.82
25,3,2012,6.79
25,3,2013,6.84
25,3,2014,6.9
25,3,2015,6.82
25,3,2016,7.02
25,3,2017,7.1
25,3,2018,6.85
25,3,2019,7.15
25,3,2020,7.68
25,3,2021,8.25
25,3,2022,8.04
25,3,2023,7.67
26,3,1980,172.51
26,3,1981,177.56
26,3,1982,177.71
26,3,1983,183.25
26,3,1984,186.72
26,3,1985,191.79
26,3,1986,196.91
26,3,1987,198.54
26,3,1988,201.71
26,3,1989,205.83
26,3,1990,210.91
26,3,1991,216.25
26,3,1992,219.49
26,3,1993,222.3
26,3,1994,225.41
26,3,1995,229.77
26,3,1996,236.81
26,3,1997,239.55
26,3,1998,251.43
26,3,1999,319.6
26,3,2000,277.22
26,3,2001,333.48
26,3,2002,289.34
26,3,2003,288
26,3,2004,295.3
26,3,2005,310.08
26,3,2006,321.61
26,3,2007,332.87
26,3,2008,351.25
26,3,2009,364.65
26,3,2010,412.62
26,3,2011,460.6
26,3,2012,573.42
26,3,2013,496.63
26,3,2014,509.87
26,3,2015,537.38
26,3,2016,531.08
26,3,2017,539.42
26,3,2018,546.66
26,3,2019,575.53
26,3,2020,585.01
26,3,2021,705.63
26,3,2022,726.26
26,3,2023,615.46
27,3,1980,7.84
27,3,1981,8.02
27,3,1982,8.27
27,3,1983,8.44
27,3,1984,8.51
27,3,1985,8.71
27,3,1986,8.83
27,3,1987,8.89
27,3,1988,8.99
27,3,1989,9.01
27,3,1990,9.13
27,3,1991,9.23
27,3,1992,9.32
27,3,1993,9.36
27,3,1994,9.46
27,3,1995,9.52
27,3,1996,9.51
27,3,1997,9.55
27,3,1998,9.6
27,3,1999,9.7
27,3,2000,9.81
27,3,2001,9.81
27,3,2002,9.86
27,3,2003,9.64
27,3,2004,9.49
27,3,2005,9.31
27,3,2006,9.07
27,3,2007,8.95
27,3,2008,8.76
27,3,2009,8.79
27,3,2010,8.81
27,3,2011,8.67
27,3,2012,8.82
27,3,2013,8.99
27,3,2014,9.14
27,3,2015,9.31
27,3,2016,9.57
27,3,2017,9.64
27,3,2018,9.73
27,3,2019,9.78
27,3,2020,9.94
27,3,2021,9.94
27,3,2022,9.85
27,3,2023,9.62
28,3,1980,6.77
28,3,1981,6.92
28,3,1982,7.05
28,3,1983,7.33
28,3,1984,7.58
28,3,1985,7.93
28,3,1986,8.4
28,3,1987,8.79
28,3,1988,9.14
28,3,1989,9.6
28,3,1990,9.97
28,3,1991,10.52
28,3,1992,10.66
28,3,1993,11.04
28,3,1994,11.36
28,3,1995,11.64
28,3,1996,11.91
28,3,1997,12.21
28,3,1998,12.64
28,3,1999,13.02
28,3,2000,13.48
28,3,2001,13.86
28,3,2002,14.38
28,3,2003,14.8
28,3,2004,14.98
28,3,2005,15.68
28,3,2006,15.93
28,3,2007,16.24
28,3,2008,16
28,3,2009,16.74
28,3,2010,16.76
28,3,2011,17.67
28,3,2012,18.11
28,3,2013,18.75
28,3,2014,19.7
28,3,2015,20.52
28,3,2016,21.28
28,3,2017,22.28
28,3,2018,23.31
28,3,2019,24.45
28,3,2020,25.69
28,3,2021,31.85
28,3,2022,26.35
28,3,2023,26.22
29,3,1980,5.63
29,3,1981,5.86
29,3,1982,5.92
29,3,1983,6.05
29,3,1984,5.97
29,3,1985,5.94
29,3,1986,5.93
29,3,1987,5.84
29,3,1988,5.81
29,3,1989,5.83
29,3,1990,5.78
29,3,1991,5.6
29,3,1992,5.35
29,3,1993,5.2
29,3,1994,5
29,3,1995,4.68
29,3,1996,4.3
29,3,1997,3.82
29,3,1998,3.34
29,3,1999,2.81
29,3,2000,2.16
29,3,2001,1.62
29,3,2002,1.26
29,3,2003,1.11
29,3,2004,1.13
29,3,2005,1.14
29,3,2006,1.15
29,3,2007,1.16
29,3,2008,1.16
29,3,2009,1.17
29,3,2010,1.18
29,3,2011,1.15
29,3,2012,1.15
29,3,2013,1.16
29,3,2014,1.14
29,3,2015,1.12
29,3,2016,1.11
29,3,2017,1.09
29,3,2018,1.09
29,3,2019,1.08
29,3,2020,1.1
29,3,2021,1.12
29,3,2022,1.06
29,3,2023,1.04
30,3,1980,0.66
30,3,1981,0.67
30,3,1982,0.69
30,3,1983,0.68
30,3,1984,0.68
30,3,1985,0.69
30,3,1986,0.7
30,3,1987,0.7
30,3,1988,0.74
30,3,1989,0.78
30,3,1990,0.78
30,3,1991,0.82
30,3,1992,0.86
30,3,1993,0.88
30,3,1994,0.92
30,3,1995,0.95
30,3,1996,0.98
30,3,1997,1
30,3,1998,1.05
30,3,1999,1.08
30,3,2000,1.1
30,3,2001,1.14
30,3,2002,1.14
30,3,2003,1.13
30,3,2004,1.15
30,3,2005,1.21
30,3,2006,1.22
30,3,2007,1.27
30,3,2008,1.27
30,3,2009,1.27
30,3,2010,1.29
30,3,2011,1.3
30,3,2012,1.3
30,3,2013,1.32
30,3,2014,1.36
30,3,2015,1.39
30,3,2016,1.44
30,3,2017,1.47
30,3,2018,1.5
30,3,2019,1.53
30,3,2020,1.59
30,3,2021,1.71
30,3,2022,1.66
30,3,2023,1.64
33,3,1980,104.46
33,3,1981,105.42
33,3,1982,101.66
33,3,1983,98.31
33,3,1984,84.89
33,3,1985,79.2
33,3,1986,73.39
33,3,1987,76.56
33,3,1988,79.74
33,3,1989,137.64
33,3,1990,220.61
33,3,1991,279.94
33,3,1992,334.91
33,3,1993,401.29
33,3,1994,351.23
33,3,1995,288.04
33,3,1996,250.67
33,3,1997,206.74
33,3,1998,191.84
33,3,1999,169.39
33,3,2000,146.92
33,3,2001,140.32
33,3,2002,130.6
33,3,2003,127.01
33,3,2004,131.58
33,3,2005,147.68
33,3,2006,158.58
33,3,2007,168.41
33,3,2008,155.43
33,3,2009,143.09
33,3,2010,145.19
33,3,2011,139.67
33,3,2012,154.33
33,3,2013,141.21
33,3,2014,133.45
33,3,2015,124.88
33,3,2016,113.83
33,3,2017,96.42
33,3,2018,74.5
33,3,2019,75.15
33,3,2020,74.63
33,3,2021,75.54
33,3,2022,79.25
33,3,2023,73.07
34,3,1980,365.08
34,3,1981,359.35
34,3,1982,339.58
34,3,1983,347.71
34,3,1984,354.93
34,3,1985,364.89
34,3,1986,392.49
34,3,1987,432.92
34,3,1988,508.93
34,3,1989,626.02
34,3,1990,791.35
34,3,1991,1018.93
34,3,1992,1337.06
34,3,1993,1524.01
34,3,1994,1617.28
34,3,1995,1468.79
34,3,1996,1235.99
34,3,1997,1036.21
34,3,1998,877.73
34,3,1999,729.44
34,3,2000,607.79
34,3,2001,520.37
34,3,2002,454.65
34,3,2003,414.61
34,3,2004,392.62
34,3,2005,367.52
34,3,2006,324.61
34,3,2007,277.45
34,3,2008,275.33
34,3,2009,270.87
34,3,2010,276.63
34,3,2011,263.79
34,3,2012,266.99
34,3,2013,264.48
34,3,2014,262.71
34,3,2015,259.82
34,3,2016,257.87
34,3,2017,264.91
34,3,2018,273.3
34,3,2019,278.05
34,3,2020,299.06
34,3,2021,292.94
34,3,2022,301.74
34,3,2023,312.02
35,3,1980,155.9
35,3,1981,158.95
35,3,1982,140.55
35,3,1983,139.2
35,3,1984,127.99
35,3,1985,121.89
35,3,1986,112.51
35,3,1987,124.98
35,3,1988,147.84
35,3,1989,204.82
35,3,1990,219.72
35,3,1991,205.07
35,3,1992,224.05
35,3,1993,208.65
35,3,1994,200.75
35,3,1995,165.48
35,3,1996,184.3
35,3,1997,258.87
35,3,1998,317.03
35,3,1999,269.78
35,3,2000,243.65
35,3,2001,243.01
35,3,2002,214.57
35,3,2003,166.99
35,3,2004,158.82
35,3,2005,137.06
35,3,2006,125.78
35,3,2007,117.44
35,3,2008,114.66
35,3,2009,104.15
35,3,2010,110.63
35,3,2011,107.88
35,3,2012,111.59
35,3,2013,106.52
35,3,2014,112.71
35,3,2015,114.64
35,3,2016,103.39
35,3,2017,92.98
35,3,2018,87.27
35,3,2019,78.35
35,3,2020,80.54
35,3,2021,80.4
35,3,2022,83.25
35,3,2023,80.86
36,3,1980,1521.5
36,3,1981,1596.3
36,3,1982,1553.63
36,3,1983,1514.86
36,3,1984,1221.8
36,3,1985,1163.1
36,3,1986,942.24
36,3,1987,997.57
36,3,1988,1182.92
36,3,1989,1570.78
36,3,1990,1956.9
36,3,1991,2252.23
36,3,1992,2807.09
36,3,1993,3369.57
36,3,1994,3642.73
36,3,1995,3903.63
36,3,1996,3594.99
36,3,1997,3505.42
36,3,1998,3174.75
36,3,1999,2933.46
36,3,2000,3010.53
36,3,2001,2933.48
36,3,2002,2817.4
36,3,2003,2926.08
36,3,2004,3085.45
36,3,2005,2952.21
36,3,2006,2782.9
36,3,2007,2651.97
36,3,2008,2402.94
36,3,2009,2117.78
36,3,2010,2068.96
36,3,2011,1984.24
36,3,2012,1844.67
36,3,2013,1612.17
36,3,2014,1417.74
36,3,2015,1455.33
36,3,2016,1374.92
36,3,2017,1294.26
36,3,2018,1293.13
36,3,2019,1215.78
36,3,2020,1201.73
36,3,2021,1147.19
36,3,2022,1096.34
36,3,2023,1024.47
37,3,1980,337.46
37,3,1981,337.78
37,3,1982,328.48
37,3,1983,316.77
37,3,1984,259.89
37,3,1985,238.74
37,3,1986,187.81
37,3,1987,207.3
37,3,1988,255.44
37,3,1989,354.42
37,3,1990,513.77
37,3,1991,511.24
37,3,1992,635.75
37,3,1993,709.21
37,3,1994,741.57
37,3,1995,691.23
37,3,1996,630.53
37,3,1997,552.67
37,3,1998,491.03
37,3,1999,461.25
37,3,2000,455.13
37,3,2001,431.01
37,3,2002,421.15
37,3,2003,411.12
37,3,2004,438.72
37,3,2005,446.64
37,3,2006,435.59
37,3,2007,416.61
37,3,2008,393.7
37,3,2009,384.36
37,3,2010,400.14
37,3,2011,367.61
37,3,2012,329.58
37,3,2013,300.22
37,3,2014,274.11
37,3,2015,269.44
37,3,2016,242.4
37,3,2017,222.29
37,3,2018,207.7
37,3,2019,188.48
37,3,2020,156.85
37,3,2021,133.53
37,3,2022,139.2
37,3,2023,141.37
38,3,1980,159.39
38,3,1981,165.32
38,3,1982,172.36
38,3,1983,175.72
38,3,1984,173.15
38,3,1985,180.38
38,3,1986,183.91
38,3,1987,182.9
38,3,1988,191.95
38,3,1989,196.55
38,3,1990,204.03
38,3,1991,221.15
38,3,1992,240.86
38,3,1993,255.61
38,3,1994,270.56
38,3,1995,270.48
38,3,1996,265.03
38,3,1997,262.72
38,3,1998,243.64
38,3,1999,228.5
38,3,2000,218.42
38,3,2001,216.28
38,3,2002,222.15
38,3,2003,228.34
38,3,2004,247.25
38,3,2005,250.29
38,3,2006,248.37
38,3,2007,245.06
38,3,2008,225.67
38,3,2009,220.18
38,3,2010,236.27
38,3,2011,254.83
38,3,2012,241.89
38,3,2013,226.64
38,3,2014,220.97
38,3,2015,218.43
38,3,2016,209.51
38,3,2017,215.2
38,3,2018,211.39
38,3,2019,209.37
38,3,2020,203.77
38,3,2021,202.6
38,3,2022,205.17
38,3,2023,196.18
39,3,1980,177.94
39,3,1981,180.08
39,3,1982,181.23
39,3,1983,188.28
39,3,1984,189.68
39,3,1985,195.45
39,3,1986,200.36
39,3,1987,222.88
39,3,1988,259.75
39,3,1989,300.46
39,3,1990,373.34
39,3,1991,451.49
39,3,1992,1121.21
39,3,1993,776.47
39,3,1994,899.95
39,3,1995,875.38
39,3,1996,848.85
39,3,1997,740.35
39,3,1998,612.78
39,3,1999,484.58
39,3,2000,397.07
39,3,2001,318.34
39,3,2002,256
39,3,2003,202.73
39,3,2004,168.19
39,3,2005,136.92
39,3,2006,117.08
39,3,2007,103.58
39,3,2008,101.38
39,3,2009,96.26
39,3,2010,106.53
39,3,2011,111.95
39,3,2012,117.52
39,3,2013,129.05
39,3,2014,135.57
39,3,2015,146.39
39,3,2016,157.53
39,3,2017,157.24
39,3,2018,156.37
39,3,2019,154.99
39,3,2020,181.69
39,3,2021,187.98
39,3,2022,201.35
39,3,2023,199.66
40,3,1980,175.42
40,3,1981,180.77
40,3,1982,158.5
40,3,1983,162.25
40,3,1984,136.04
40,3,1985,135.87
40,3,1986,117.32
40,3,1987,118.42
40,3,1988,150.44
40,3,1989,188.27
40,3,1990,222.43
40,3,1991,241.65
40,3,1992,277.47
40,3,1993,300.84
40,3,1994,288.17
40,3,1995,267.99
40,3,1996,294.72
40,3,1997,308.31
40,3,1998,327.65
40,3,1999,287.97
40,3,2000,233.49
40,3,2001,226.63
40,3,2002,226.73
40,3,2003,227.75
40,3,2004,231.97
40,3,2005,225.67
40,3,2006,209.4
40,3,2007,213.71
40,3,2008,218.26
40,3,2009,216.29
40,3,2010,228.84
40,3,2011,225.96
40,3,2012,212.4
40,3,2013,215.03
40,3,2014,202.33
40,3,2015,197.6
40,3,2016,197.31
40,3,2017,192.12
40,3,2018,191.61
40,3,2019,193.16
40,3,2020,199.27
40,3,2021,191.4
40,3,2022,192.51
40,3,2023,186.93
41,3,1980,810.58
41,3,1981,848.03
41,3,1982,845.8
41,3,1983,842.09
41,3,1984,696.32
41,3,1985,682.17
41,3,1986,593.24
41,3,1987,602.16
41,3,1988,779.98
41,3,1989,1038.84
41,3,1990,1262.1
41,3,1991,1289.65
41,3,1992,1357.73
41,3,1993,1332.64
41,3,1994,1346.91
41,3,1995,1356.38
41,3,1996,1338.14
41,3,1997,1223.6
41,3,1998,1109.14
41,3,1999,1003.67
41,3,2000,992.03
41,3,2001,980.41
41,3,2002,971.83
41,3,2003,875.32
41,3,2004,991.05
41,3,2005,1077.68
41,3,2006,1047.57
41,3,2007,928.28
41,3,2008,794.2
41,3,2009,766.84
41,3,2010,761.58
41,3,2011,718.98
41,3,2012,739.78
41,3,2013,728.87
41,3,2014,676.71
41,3,2015,728.53
41,3,2016,753.18
41,3,2017,670.59
41,3,2018,616.04
41,3,2019,599.57
41,3,2020,634.2
41,3,2021,642.42
41,3,2022,586.44
41,3,2023,569.96
43,3,1980,206.84
43,3,1981,206.68
43,3,1982,213.92
43,3,1983,213.32
43,3,1984,216.57
43,3,1985,218.9
43,3,1986,219.04
43,3,1987,221.37
43,3,1988,229.79
43,3,1989,230.96
43,3,1990,259.25
43,3,1991,292.24
43,3,1992,315.85
43,3,1993,335.82
43,3,1994,353.55
43,3,1995,372.32
43,3,1996,395.8
43,3,1997,439.06
43,3,1998,453.14
43,3,1999,409.49
43,3,2000,354.37
43,3,2001,306.07
43,3,2002,270.44
43,3,2003,242.23
43,3,2004,213.12
43,3,2005,187.01
43,3,2006,167.4
43,3,2007,151.53
43,3,2008,140.86
43,3,2009,131.27
43,3,2010,128.8
43,3,2011,127.75
43,3,2012,126.35
43,3,2013,123.99
43,3,2014,123.81
43,3,2015,118.14
43,3,2016,116.39
43,3,2017,114.49
43,3,2018,112.98
43,3,2019,109.45
43,3,2020,103.24
43,3,2021,103.02
43,3,2022,95.22
43,3,2023,83.34
44,3,1980,150.81
44,3,1981,151.82
44,3,1982,152.8
44,3,1983,151.98
44,3,1984,144.13
44,3,1985,130.35
44,3,1986,126.96
44,3,1987,127.07
44,3,1988,128.67
44,3,1989,129.75
44,3,1990,128.37
44,3,1991,133.75
44,3,1992,135.64
44,3,1993,131.03
44,3,1994,127.82
44,3,1995,116.3
44,3,1996,107.42
44,3,1997,101.49
44,3,1998,93.56
44,3,1999,90.89
44,3,2000,91.74
44,3,2001,86.54
44,3,2002,84.9
44,3,2003,81.1
44,3,2004,76.92
44,3,2005,75.1
44,3,2006,73.1
44,3,2007,73.8
44,3,2008,67.46
44,3,2009,63.97
44,3,2010,59.71
44,3,2011,57.37
44,3,2012,55.35
44,3,2013,54.21
44,3,2014,53.4
44,3,2015,53.28
44,3,2016,52.16
44,3,2017,50.33
44,3,2018,50.48
44,3,2019,50.51
44,3,2020,47.42
44,3,2021,45.38
44,3,2022,44.33
44,3,2023,43.24
45,3,1980,243.17
45,3,1981,270.55
45,3,1982,270.74
45,3,1983,287.95
45,3,1984,299.3
45,3,1985,293.75
45,3,1986,279.83
45,3,1987,262.67
45,3,1988,270.23
45,3,1989,294.55
45,3,1990,358.27
45,3,1991,389.04
45,3,1992,431.86
45,3,1993,441.31
45,3,1994,467.1
45,3,1995,447.19
45,3,1996,444.51
45,3,1997,442.84
45,3,1998,393.04
45,3,1999,348.61
45,3,2000,338.4
45,3,2001,316.44
45,3,2002,298.31
45,3,2003,283.46
45,3,2004,272.69
45,3,2005,247.31
45,3,2006,229.52
45,3,2007,220.99
45,3,2008,204.46
45,3,2009,197.81
45,3,2010,182.63
45,3,2011,172.52
45,3,2012,170.45
45,3,2013,158.36
45,3,2014,156.48
45,3,2015,149.93
45,3,2016,138.79
45,3,2017,132.99
45,3,2018,130.99
45,3,2019,135.4
45,3,2020,140.12
45,3,2021,144.9
45,3,2022,135.52
45,3,2023,126.19
46,3,1980,115.33
46,3,1981,120.19
46,3,1982,123.22
46,3,1983,127.5
46,3,1984,123.79
46,3,1985,117.96
46,3,1986,116.21
46,3,1987,116.42
46,3,1988,115.11
46,3,1989,122.69
46,3,1990,146.22
46,3,1991,158.03
46,3,1992,173.95
46,3,1993,169.96
46,3,1994,161.98
46,3,1995,149.74
46,3,1996,141.54
46,3,1997,149.03
46,3,1998,136.1
46,3,1999,128.49
46,3,2000,115.21
46,3,2001,103.66
46,3,2002,96.67
46,3,2003,94.11
46,3,2004,87.45
46,3,2005,80.69
46,3,2006,81.65
46,3,2007,78.2
46,3,2008,74.69
46,3,2009,67.04
46,3,2010,63.52
46,3,2011,63.05
46,3,2012,62.09
46,3,2013,56.35
46,3,2014,51.61
46,3,2015,49.29
46,3,2016,48.64
46,3,2017,48.91
46,3,2018,45.05
46,3,2019,46.67
46,3,2020,46.9
46,3,2021,44.96
46,3,2022,44.27
46,3,2023,43.37
47,3,1980,175.06
47,3,1981,174.66
47,3,1982,172.12
47,3,1983,175.45
47,3,1984,167.29
47,3,1985,161.13
47,3,1986,163.49
47,3,1987,156.45
47,3,1988,160.37
47,3,1989,179.54
47,3,1990,227.67
47,3,1991,231.5
47,3,1992,245.69
47,3,1993,243.31
47,3,1994,249.91
47,3,1995,230.3
47,3,1996,219.4
47,3,1997,234.75
47,3,1998,214.83
47,3,1999,202.89
47,3,2000,194.86
47,3,2001,179.42
47,3,2002,176.97
47,3,2003,174.4
47,3,2004,164.93
47,3,2005,152.29
47,3,2006,152.65
47,3,2007,146.82
47,3,2008,136.8
47,3,2009,130.38
47,3,2010,122.64
47,3,2011,123.22
47,3,2012,119.02
47,3,2013,111.28
47,3,2014,105.82
47,3,2015,100.42
47,3,2016,91.71
47,3,2017,90.85
47,3,2018,92.03
47,3,2019,98.11
47,3,2020,100.53
47,3,2021,97.12
47,3,2022,96.42
47,3,2023,93.69
48,3,1980,240.9
48,3,1981,252
48,3,1982,252.41
48,3,1983,283.06
48,3,1984,296.53
48,3,1985,287.73
48,3,1986,290.08
48,3,1987,271.92
48,3,1988,275.89
48,3,1989,309.11
48,3,1990,359.2
48,3,1991,389.86
48,3,1992,419.94
48,3,1993,408.37
48,3,1994,398.63
48,3,1995,373.64
48,3,1996,350.38
48,3,1997,371.12
48,3,1998,350.26
48,3,1999,326.7
48,3,2000,296
48,3,2001,276.31
48,3,2002,266.2
48,3,2003,244.81
48,3,2004,234.63
48,3,2005,219.19
48,3,2006,213.47
48,3,2007,209.22
48,3,2008,201.3
48,3,2009,183.94
48,3,2010,172.63
48,3,2011,173.36
48,3,2012,172.06
48,3,2013,156.86
48,3,2014,143.24
48,3,2015,139.61
48,3,2016,132.41
48,3,2017,122.05
48,3,2018,122.44
48,3,2019,121.27
48,3,2020,124.68
48,3,2021,122.66
48,3,2022,123.47
48,3,2023,120.65
49,3,1980,64.61
49,3,1981,65.21
49,3,1982,65.5
49,3,1983,67.68
49,3,1984,66.23
49,3,1985,64.78
49,3,1986,64.26
49,3,1987,65
49,3,1988,65.29
49,3,1989,65.28
49,3,1990,64.8
49,3,1991,62.94
49,3,1992,66.58
49,3,1993,67.79
49,3,1994,69.54
49,3,1995,67.7
49,3,1996,68.71
49,3,1997,71.79
49,3,1998,75.08
49,3,1999,73.09
49,3,2000,69.4
49,3,2001,69.39
49,3,2002,68.42
49,3,2003,64.06
49,3,2004,58.68
49,3,2005,54.22
49,3,2006,52.45
49,3,2007,51.46
49,3,2008,46.97
49,3,2009,44.34
49,3,2010,42.16
49,3,2011,39.08
49,3,2012,38.89
49,3,2013,37.49
49,3,2014,36.94
49,3,2015,35.85
49,3,2016,35.21
49,3,2017,33.24
49,3,2018,33.52
49,3,2019,32.08
49,3,2020,32.91
49,3,2021,31.75
49,3,2022,29.17
49,3,2023,28.46
50,3,1980,27.54
50,3,1981,27.31
50,3,1982,27.94
50,3,1983,28.1
50,3,1984,27.63
50,3,1985,27
50,3,1986,26.46
50,3,1987,26.02
50,3,1988,25.66
50,3,1989,25.22
50,3,1990,25.64
50,3,1991,25.28
50,3,1992,25.91
50,3,1993,26.12
50,3,1994,27.33
50,3,1995,27.1
50,3,1996,27.43
50,3,1997,28.35
50,3,1998,29.3
50,3,1999,30.63
50,3,2000,30.95
50,3,2001,29.8
50,3,2002,28.78
50,3,2003,27.93
50,3,2004,26.56
50,3,2005,25.15
50,3,2006,24.58
50,3,2007,23.1
50,3,2008,21.6
50,3,2009,20.72
50,3,2010,19.46
50,3,2011,18.58
50,3,2012,18.14
50,3,2013,17.66
50,3,2014,17.11
50,3,2015,16.79
50,3,2016,16.55
50,3,2017,15.73
50,3,2018,15.89
50,3,2019,15.02
50,3,2020,14.59
50,3,2021,15.36
50,3,2022,14.87
50,3,2023,14.76
51,3,1980,817.53
51,3,1981,821.61
51,3,1982,847.2
51,3,1983,913.6
51,3,1984,980.69
51,3,1985,924.89
51,3,1986,931.76
51,3,1987,930.82
51,3,1988,992.52
51,3,1989,1145.57
51,3,1990,1371.93
51,3,1991,1450.96
51,3,1992,1494.93
51,3,1993,1421.19
51,3,1994,1498.56
51,3,1995,1464.39
51,3,1996,1390.81
51,3,1997,1412.53
51,3,1998,1304.57
51,3,1999,1299.34
51,3,2000,1194.85
51,3,2001,1063.95
51,3,2002,1048.09
51,3,2003,979.58
51,3,2004,949.07
51,3,2005,938.27
51,3,2006,936.8
51,3,2007,894.88
51,3,2008,845.2
51,3,2009,766.35
51,3,2010,698.87
51,3,2011,725.8
51,3,2012,684
51,3,2013,658.03
51,3,2014,591.99
51,3,2015,543.45
51,3,2016,539.89
51,3,2017,532.88
51,3,2018,534.59
51,3,2019,610.06
51,3,2020,582.52
51,3,2021,532.24
51,3,2022,443.28
51,3,2023,417.49
52,3,1980,797.49
52,3,1981,832.3
52,3,1982,823.56
52,3,1983,871.12
52,3,1984,881.43
52,3,1985,884.77
52,3,1986,919.35
52,3,1987,921.16
52,3,1988,947.28
52,3,1989,1000.93
52,3,1990,1157.3
52,3,1991,1115.42
52,3,1992,1159.43
52,3,1993,1075.07
52,3,1994,1094.22
52,3,1995,1028.23
52,3,1996,979.39
52,3,1997,971.69
52,3,1998,899.44
52,3,1999,903.94
52,3,2000,880.42
52,3,2001,857.43
52,3,2002,861.73
52,3,2003,833.67
52,3,2004,738.85
52,3,2005,646.64
52,3,2006,593.09
52,3,2007,564.39
52,3,2008,562.98
52,3,2009,547.16
52,3,2010,532.17
52,3,2011,477.99
52,3,2012,466.71
52,3,2013,423.2
52,3,2014,408.67
52,3,2015,373.1
52,3,2016,360.91
52,3,2017,337.13
52,3,2018,326.93
52,3,2019,329.42
52,3,2020,315.27
52,3,2021,290.39
52,3,2022,302.51
52,3,2023,287.75
53,3,1980,416.39
53,3,1981,420.82
53,3,1982,421.47
53,3,1983,437.98
53,3,1984,422.88
53,3,1985,405.41
53,3,1986,394.8
53,3,1987,390.84
53,3,1988,384.15
53,3,1989,376.98
53,3,1990,375.09
53,3,1991,367.51
53,3,1992,380.92
53,3,1993,398.43
53,3,1994,435.73
53,3,1995,444.19
53,3,1996,455.45
53,3,1997,458.35
53,3,1998,421.54
53,3,1999,420.68
53,3,2000,429.15
53,3,2001,386.88
53,3,2002,372.26
53,3,2003,351.81
53,3,2004,330.23
53,3,2005,312.52
53,3,2006,294.9
53,3,2007,282.71
53,3,2008,266.12
53,3,2009,249.43
53,3,2010,231.19
53,3,2011,217.83
53,3,2012,212.38
53,3,2013,200.24
53,3,2014,194.01
53,3,2015,190.71
53,3,2016,180.08
53,3,2017,178.77
53,3,2018,173.43
53,3,2019,172.16
53,3,2020,173.75
53,3,2021,169.98
53,3,2022,156.7
53,3,2023,153.95
54,3,1980,188.91
54,3,1981,193.59
54,3,1982,189.96
54,3,1983,193.8
54,3,1984,187.79
54,3,1985,182.83
54,3,1986,181.42
54,3,1987,179.86
54,3,1988,182.64
54,3,1989,190.11
54,3,1990,196.73
54,3,1991,192.57
54,3,1992,194.8
54,3,1993,187.51
54,3,1994,186.76
54,3,1995,183.73
54,3,1996,177.84
54,3,1997,187.73
54,3,1998,191.18
54,3,1999,188.41
54,3,2000,184.06
54,3,2001,176.09
54,3,2002,174.86
54,3,2003,169.23
54,3,2004,161.15
54,3,2005,159.61
54,3,2006,157.67
54,3,2007,155.93
54,3,2008,144.96
54,3,2009,134.11
54,3,2010,122.51
54,3,2011,118.34
54,3,2012,112.86
54,3,2013,106.82
54,3,2014,105.33
54,3,2015,104.47
54,3,2016,97.97
54,3,2017,96.22
54,3,2018,97.06
54,3,2019,93.46
54,3,2020,90.76
54,3,2021,93.04
54,3,2022,91.11
54,3,2023,88.07
55,3,1980,40.2
55,3,1981,41.48
55,3,1982,42.44
55,3,1983,42.5
55,3,1984,40.2
55,3,1985,38.41
55,3,1986,37.11
55,3,1987,36.41
55,3,1988,35.7
55,3,1989,38.5
55,3,1990,43.42
55,3,1991,45.73
55,3,1992,47.15
55,3,1993,45.25
55,3,1994,45.69
55,3,1995,43.8
55,3,1996,42.68
55,3,1997,46.59
55,3,1998,41.55
55,3,1999,39.29
55,3,2000,35.79
55,3,2001,33.86
55,3,2002,33.44
55,3,2003,32.4
55,3,2004,30.56
55,3,2005,26.61
55,3,2006,25.63
55,3,2007,24.37
55,3,2008,21.68
55,3,2009,20.17
55,3,2010,19.08
55,3,2011,19.63
55,3,2012,19.07
55,3,2013,18.35
55,3,2014,16.65
55,3,2015,15.47
55,3,2016,15.31
55,3,2017,15.05
55,3,2018,13.98
55,3,2019,13.98
55,3,2020,14.1
55,3,2021,14.06
55,3,2022,14.4
55,3,2023,14.79
57,3,1980,411.45
57,3,1981,433.17
57,3,1982,470.34
57,3,1983,472
57,3,1984,440.58
57,3,1985,388.43
57,3,1986,355.06
57,3,1987,368.84
57,3,1988,441.41
57,3,1989,563.42
57,3,1990,644.52
57,3,1991,704.74
57,3,1992,890.33
57,3,1993,1077.13
57,3,1994,1154.24
57,3,1995,1260.12
57,3,1996,1227.91
57,3,1997,1307.53
57,3,1998,1354.09
57,3,1999,1367.25
57,3,2000,1341.38
57,3,2001,1375.82
57,3,2002,1553.62
57,3,2003,1462.23
57,3,2004,1409.25
57,3,2005,1294.39
57,3,2006,1185.2
57,3,2007,1152.12
57,3,2008,1258.77
57,3,2009,1189.33
57,3,2010,1040.95
57,3,2011,1106.96
57,3,2012,863.28
57,3,2013,765.74
57,3,2014,695.55
57,3,2015,647.8
57,3,2016,507.81
57,3,2017,387.31
57,3,2018,372.88
57,3,2019,385.24
57,3,2020,423.63
57,3,2021,405.41
57,3,2022,349.75
57,3,2023,350.06
58,3,1980,96.24
58,3,1981,100.21
58,3,1982,99.55
58,3,1983,100.27
58,3,1984,93.41
58,3,1985,82.59
58,3,1986,75.69
58,3,1987,74.9
58,3,1988,90.48
58,3,1989,118.11
58,3,1990,151.37
58,3,1991,182.68
58,3,1992,247.79
58,3,1993,298.93
58,3,1994,330.43
58,3,1995,319.85
58,3,1996,276.74
58,3,1997,258.33
58,3,1998,250.81
58,3,1999,236.26
58,3,2000,224.6
58,3,2001,217.66
58,3,2002,199.69
58,3,2003,180.87
58,3,2004,165.28
58,3,2005,153.76
58,3,2006,138.95
58,3,2007,128.01
58,3,2008,115.21
58,3,2009,103.3
58,3,2010,90.71
58,3,2011,89.99
58,3,2012,80.27
58,3,2013,74
58,3,2014,67.76
58,3,2015,62.91
58,3,2016,58.14
58,3,2017,50.67
58,3,2018,48.66
58,3,2019,46.63
58,3,2020,49.01
58,3,2021,45.4
58,3,2022,45.68
58,3,2023,45.69
59,3,1980,157.1
59,3,1981,167.84
59,3,1982,159.86
59,3,1983,151.34
59,3,1984,143.77
59,3,1985,132.12
59,3,1986,120.62
59,3,1987,125.29
59,3,1988,159.65
59,3,1989,217.59
59,3,1990,270.04
59,3,1991,329.17
59,3,1992,445.87
59,3,1993,572.01
59,3,1994,608.09
59,3,1995,545.16
59,3,1996,450.25
59,3,1997,423.28
59,3,1998,387.92
59,3,1999,371.14
59,3,2000,358.1
59,3,2001,343.1
59,3,2002,331.09
59,3,2003,313.62
59,3,2004,287.94
59,3,2005,275.58
59,3,2006,258.77
59,3,2007,231.37
59,3,2008,214.57
59,3,2009,190.33
59,3,2010,172.83
59,3,2011,167.16
59,3,2012,154.75
59,3,2013,150.02
59,3,2014,145.38
59,3,2015,133.1
59,3,2016,120.86
59,3,2017,109.29
59,3,2018,105.7
59,3,2019,98.61
59,3,2020,94.68
59,3,2021,98.85
59,3,2022,102.2
59,3,2023,98.69
60,3,1980,188.21
60,3,1981,196.39
60,3,1982,199.51
60,3,1983,202.59
60,3,1984,195.22
60,3,1985,174.68
60,3,1986,148.7
60,3,1987,142.9
60,3,1988,168.71
60,3,1989,214.33
60,3,1990,269.32
60,3,1991,321.62
60,3,1992,395.2
60,3,1993,474.81
60,3,1994,512.16
60,3,1995,487.6
60,3,1996,422.21
60,3,1997,401.19
60,3,1998,382.49
60,3,1999,381.78
60,3,2000,402.68
60,3,2001,396.11
60,3,2002,372.4
60,3,2003,379.08
60,3,2004,369.8
60,3,2005,370.81
60,3,2006,348.51
60,3,2007,332.24
60,3,2008,314.18
60,3,2009,268.1
60,3,2010,248.21
60,3,2011,229.48
60,3,2012,203.59
60,3,2013,193.71
60,3,2014,176.97
60,3,2015,169.14
60,3,2016,152.32
60,3,2017,132.03
60,3,2018,124.57
60,3,2019,114.86
60,3,2020,114.05
60,3,2021,103.63
60,3,2022,99.43
60,3,2023,103.27
61,3,1980,373.81
61,3,1981,387.17
61,3,1982,395.32
61,3,1983,412.78
61,3,1984,351.89
61,3,1985,311.96
61,3,1986,270.6
61,3,1987,262.42
61,3,1988,310.92
61,3,1989,375.21
61,3,1990,446.05
61,3,1991,522.98
61,3,1992,651.7
61,3,1993,692.4
61,3,1994,778.28
61,3,1995,784.57
61,3,1996,716.27
61,3,1997,649.88
61,3,1998,611.36
61,3,1999,602.75
61,3,2000,606.1
61,3,2001,542.42
61,3,2002,524.48
61,3,2003,488.4
61,3,2004,453.99
61,3,2005,444.73
61,3,2006,410.73
61,3,2007,397.4
61,3,2008,378.69
61,3,2009,357.19
61,3,2010,344.71
61,3,2011,309.24
61,3,2012,302.25
61,3,2013,295.42
61,3,2014,267.55
61,3,2015,247.22
61,3,2016,227.68
61,3,2017,192.2
61,3,2018,189.38
61,3,2019,191.01
61,3,2020,166.69
61,3,2021,148.72
61,3,2022,161.45
61,3,2023,161.17
62,3,1980,22117.04
62,3,1981,22911.95
62,3,1982,21654.62
62,3,1983,22360.43
62,3,1984,23031.18
62,3,1985,23370.65
62,3,1986,20744.57
62,3,1987,19853.78
62,3,1988,21693.38
62,3,1989,24042.34
62,3,1990,27170.3
62,3,1991,30747.27
62,3,1992,41326.54
62,3,1993,55436.43
62,3,1994,63032.08
62,3,1995,61707.64
62,3,1996,52763.59
62,3,1997,48124.68
62,3,1998,47089.87
62,3,1999,52393.54
62,3,2000,55205.97
62,3,2001,56060.85
62,3,2002,57274.39
62,3,2003,55547.19
62,3,2004,52616.03
62,3,2005,49054.78
62,3,2006,40619.6
62,3,2007,36947
62,3,2008,34741.11
62,3,2009,31049.51
62,3,2010,29980.64
62,3,2011,28022.56
62,3,2012,26489.65
62,3,2013,25618.76
62,3,2014,24599.62
62,3,2015,23752.39
62,3,2016,21816.4
62,3,2017,19719.29
62,3,2018,18412.39
62,3,2019,17839.32
62,3,2020,17716.63
62,3,2021,16835.88
62,3,2022,16625
62,3,2023,16759.91
63,3,1980,2506.24
63,3,1981,2667.69
63,3,1982,2662.17
63,3,1983,2583.71
63,3,1984,2297.18
63,3,1985,2021.26
63,3,1986,1781.99
63,3,1987,1868.77
63,3,1988,2252.13
63,3,1989,2992.39
63,3,1990,3615.51
63,3,1991,4263.84
63,3,1992,5439.87
63,3,1993,6220.46
63,3,1994,7470.35
63,3,1995,8497.15
63,3,1996,8131.33
63,3,1997,7206.01
63,3,1998,6626.21
63,3,1999,6942.56
63,3,2000,7192.46
63,3,2001,6974.7
63,3,2002,6908.78
63,3,2003,6494.87
63,3,2004,6575.74
63,3,2005,7209.93
63,3,2006,6769.14
63,3,2007,6784.87
63,3,2008,6160.7
63,3,2009,5073.86
63,3,2010,4545.07
63,3,2011,4126.49
63,3,2012,3960.06
63,3,2013,4005.77
63,3,2014,4234.98
63,3,2015,3696.91
63,3,2016,3365.21
63,3,2017,3295.71
63,3,2018,3359.45
63,3,2019,3369.1
63,3,2020,3323.5
63,3,2021,3139.73
63,3,2022,2995.93
63,3,2023,2893.97
66,3,1980,3.63
66,3,1981,3.66
66,3,1982,3.75
66,3,1983,3.82
66,3,1984,3.82
66,3,1985,3.87
66,3,1986,3.99
66,3,1987,4.03
66,3,1988,4.09
66,3,1989,4.21
66,3,1990,4.37
66,3,1991,4.44
66,3,1992,4.46
66,3,1993,4.48
66,3,1994,4.53
66,3,1995,4.55
66,3,1996,4.59
66,3,1997,4.48
66,3,1998,4.25
66,3,1999,4.02
66,3,2000,3.84
66,3,2001,3.74
66,3,2002,3.66
66,3,2003,3.57
66,3,2004,3.61
66,3,2005,3.6
66,3,2006,3.49
66,3,2007,3.63
66,3,2008,3.62
66,3,2009,3.68
66,3,2010,3.71
66,3,2011,3.75
66,3,2012,3.8
66,3,2013,3.85
66,3,2014,3.85
66,3,2015,3.89
66,3,2016,3.93
66,3,2017,3.92
66,3,2018,3.95
66,3,2019,3.95
66,3,2020,4.09
66,3,2021,4.21
66,3,2022,4.37
66,3,2023,4.27
67,3,1980,1454.37
67,3,1981,1447.37
67,3,1982,1441.55
67,3,1983,1474.81
67,3,1984,1437.3
67,3,1985,1393.81
67,3,1986,1349.7
67,3,1987,1294.18
67,3,1988,1233.6
67,3,1989,1134.37
67,3,1990,1093.07
67,3,1991,1055.6
67,3,1992,1086.23
67,3,1993,1116.43
67,3,1994,1116.48
67,3,1995,1008.88
67,3,1996,983.49
67,3,1997,1026.13
67,3,1998,1093.58
67,3,1999,1100.79
67,3,2000,1091.83
67,3,2001,1064.54
67,3,2002,1074.65
67,3,2003,1037.36
67,3,2004,1001.51
67,3,2005,929.57
67,3,2006,891.94
67,3,2007,850.16
67,3,2008,822.18
67,3,2009,777.43
67,3,2010,747.56
67,3,2011,697.96
67,3,2012,666.48
67,3,2013,652.25
67,3,2014,660.8
67,3,2015,641.28
67,3,2016,629.55
67,3,2017,609.21
67,3,2018,610.27
67,3,2019,639.76
67,3,2020,574.55
67,3,2021,571.84
67,3,2022,544.84
67,3,2023,597.27
68,3,1980,1511.5
68,3,1981,1393.19
68,3,1982,1375.88
68,3,1983,1355.26
68,3,1984,1230.9
68,3,1985,1170.26
68,3,1986,1122.11
68,3,1987,1116.5
68,3,1988,1082.31
68,3,1989,1095.57
68,3,1990,1083.23
68,3,1991,1051.31
68,3,1992,1036.11
68,3,1993,1021.02
68,3,1994,1068.21
68,3,1995,1042.93
68,3,1996,1067.72
68,3,1997,1110.72
68,3,1998,1155.7
68,3,1999,1144.14
68,3,2000,1161.24
68,3,2001,1184.64
68,3,2002,1207.62
68,3,2003,1229.16
68,3,2004,1225.36
68,3,2005,1168.42
68,3,2006,1127.36
68,3,2007,1090.27
68,3,2008,1050.93
68,3,2009,1004.1
68,3,2010,936.76
68,3,2011,855.86
68,3,2012,787.79
68,3,2013,732.95
68,3,2014,682.13
68,3,2015,639.58
68,3,2016,597.36
68,3,2017,555.96
68,3,2018,533.52
68,3,2019,513.81
68,3,2020,501.44
68,3,2021,489.07
68,3,2022,486.02
68,3,2023,501.68
69,3,1980,79.92
69,3,1981,81.75
69,3,1982,80.25
69,3,1983,83.13
69,3,1984,77.97
69,3,1985,59.47
69,3,1986,47.93
69,3,1987,51.03
69,3,1988,52.87
69,3,1989,54.42
69,3,1990,53.37
69,3,1991,52
69,3,1992,51.37
69,3,1993,55.37
69,3,1994,55.25
69,3,1995,54.65
69,3,1996,57
69,3,1997,61.57
69,3,1998,63.35
69,3,1999,62.09
69,3,2000,63.29
69,3,2001,62.01
69,3,2002,59.89
69,3,2003,59.88
69,3,2004,58.73
69,3,2005,57.83
69,3,2006,56.92
69,3,2007,55.02
69,3,2008,55.41
69,3,2009,51.77
69,3,2010,48.89
69,3,2011,44.1
69,3,2012,41.38
69,3,2013,40.09
69,3,2014,38.79
69,3,2015,37.36
69,3,2016,36.12
69,3,2017,34.1
69,3,2018,31.87
69,3,2019,31.83
69,3,2020,30.08
69,3,2021,29.15
69,3,2022,27.56
69,3,2023,31.6
71,3,1980,297.29
71,3,1981,298.77
71,3,1982,305.96
71,3,1983,309.05
71,3,1984,322.82
71,3,1985,335.28
71,3,1986,333.97
71,3,1987,344.55
71,3,1988,355.05
71,3,1989,351.69
71,3,1990,378.88
71,3,1991,365.02
71,3,1992,343.23
71,3,1993,339.47
71,3,1994,340.28
71,3,1995,333.49
71,3,1996,336.52
71,3,1997,333.31
71,3,1998,330.06
71,3,1999,323.32
71,3,2000,326.37
71,3,2001,320.75
71,3,2002,305.97
71,3,2003,270.02
71,3,2004,222.55
71,3,2005,240.57
71,3,2006,291.31
71,3,2007,301.08
71,3,2008,322.55
71,3,2009,338.96
71,3,2010,320.43
71,3,2011,304.59
71,3,2012,306.45
71,3,2013,294.48
71,3,2014,295.03
71,3,2015,294.97
71,3,2016,272.45
71,3,2017,249.33
71,3,2018,270.02
71,3,2019,285.47
71,3,2020,272.74
71,3,2021,252.73
71,3,2022,259.6
71,3,2023,248.08
72,3,1980,48.78
72,3,1981,50.12
72,3,1982,49.33
72,3,1983,56.14
72,3,1984,54.86
72,3,1985,73.76
72,3,1986,80.92
72,3,1987,78.78
72,3,1988,75.1
72,3,1989,83.96
72,3,1990,86.7
72,3,1991,82.45
72,3,1992,84.61
72,3,1993,70.33
72,3,1994,74.34
72,3,1995,75.04
72,3,1996,73.08
72,3,1997,69.8
72,3,1998,64.37
72,3,1999,60.77
72,3,2000,66.33
72,3,2001,65.68
72,3,2002,71.35
72,3,2003,67.17
72,3,2004,63.76
72,3,2005,73.14
72,3,2006,71.28
72,3,2007,64.66
72,3,2008,64.96
72,3,2009,74.21
72,3,2010,64.19
72,3,2011,61.42
72,3,2012,60.55
72,3,2013,60.28
72,3,2014,55.48
72,3,2015,60.63
72,3,2016,60.62
72,3,2017,54.57
72,3,2018,71.4
72,3,2019,99.33
72,3,2020,96.16
72,3,2021,97.86
72,3,2022,99.13
72,3,2023,102.03
74,3,1980,0.61
74,3,1981,0.66
74,3,1982,0.7
74,3,1983,0.74
74,3,1984,0.75
74,3,1985,0.8
74,3,1986,0.83
74,3,1987,0.86
74,3,1988,0.88
74,3,1989,0.88
74,3,1990,0.96
74,3,1991,1.05
74,3,1992,1.09
74,3,1993,1.1
74,3,1994,1.07
74,3,1995,0.99
74,3,1996,0.95
74,3,1997,0.96
74,3,1998,0.92
74,3,1999,0.87
74,3,2000,0.84
74,3,2001,0.79
74,3,2002,0.78
74,3,2003,0.85
74,3,2004,0.9
74,3,2005,0.89
74,3,2006,0.93
74,3,2007,0.9
74,3,2008,0.85
74,3,2009,0.8
74,3,2010,0.74
74,3,2011,0.68
74,3,2012,0.62
74,3,2013,0.58
74,3,2014,0.59
74,3,2015,0.6
74,3,2016,0.59
74,3,2017,0.59
74,3,2018,0.57
74,3,2019,0.56
74,3,2020,0.58
74,3,2021,0.55
74,3,2022,0.55
74,3,2023,0.55
75,3,1980,114.18
75,3,1981,118.41
75,3,1982,125.39
75,3,1983,127.92
75,3,1984,126.3
75,3,1985,119.83
75,3,1986,113.56
75,3,1987,110.21
75,3,1988,109.52
75,3,1989,111.72
75,3,1990,115.95
75,3,1991,116.42
75,3,1992,120.99
75,3,1993,117.15
75,3,1994,113.54
75,3,1995,103.34
75,3,1996,96.82
75,3,1997,90.14
75,3,1998,88.95
75,3,1999,86.04
75,3,2000,85.57
75,3,2001,85.11
75,3,2002,86.9
75,3,2003,81.67
75,3,2004,81.65
75,3,2005,77.58
75,3,2006,76.48
75,3,2007,74.49
75,3,2008,73.17
75,3,2009,74.99
75,3,2010,72.37
75,3,2011,72.28
75,3,2012,69.79
75,3,2013,67.14
75,3,2014,66.82
75,3,2015,67.96
75,3,2016,64.58
75,3,2017,64.21
75,3,2018,67.06
75,3,2019,65.96
75,3,2020,60.33
75,3,2021,56.84
75,3,2022,57.13
75,3,2023,57.52
76,3,1980,199.72
76,3,1981,200.76
76,3,1982,208.05
76,3,1983,215.53
76,3,1984,214.18
76,3,1985,214.61
76,3,1986,216.86
76,3,1987,203.49
76,3,1988,200.13
76,3,1989,202.21
76,3,1990,205.95
76,3,1991,206.76
76,3,1992,218.19
76,3,1993,222.06
76,3,1994,220.22
76,3,1995,212.64
76,3,1996,206.33
76,3,1997,202.03
76,3,1998,208.5
76,3,1999,215.83
76,3,2000,197.41
76,3,2001,195.71
76,3,2002,195.85
76,3,2003,179.65
76,3,2004,178.78
76,3,2005,170.01
76,3,2006,163.53
76,3,2007,163.18
76,3,2008,156.08
76,3,2009,157.08
76,3,2010,152.38
76,3,2011,161.3
76,3,2012,154.96
76,3,2013,144.96
76,3,2014,144.36
76,3,2015,139.29
76,3,2016,137.43
76,3,2017,136.45
76,3,2018,135.33
76,3,2019,129.77
76,3,2020,123.83
76,3,2021,125.26
76,3,2022,125.16
76,3,2023,121.49
77,3,1980,29.26
77,3,1981,30.21
77,3,1982,29.61
77,3,1983,29.65
77,3,1984,28.15
77,3,1985,27.85
77,3,1986,25.93
77,3,1987,25.2
77,3,1988,24.42
77,3,1989,23.23
77,3,1990,22.25
77,3,1991,22.12
77,3,1992,21.73
77,3,1993,22.19
77,3,1994,22.71
77,3,1995,22.59
77,3,1996,22.97
77,3,1997,22.98
77,3,1998,23.75
77,3,1999,23.69
77,3,2000,23.31
77,3,2001,23.07
77,3,2002,22.76
77,3,2003,22.4
77,3,2004,22.34
77,3,2005,22.87
77,3,2006,22.36
77,3,2007,22.11
77,3,2008,21.7
77,3,2009,21.27
77,3,2010,21.14
77,3,2011,19.73
77,3,2012,19.39
77,3,2013,18.8
77,3,2014,18.58
77,3,2015,18.53
77,3,2016,18.06
77,3,2017,18.18
77,3,2018,18.23
77,3,2019,17.3
77,3,2020,16.62
77,3,2021,16.38
77,3,2022,16.37
77,3,2023,15.45
78,3,1980,74.11
78,3,1981,75.44
78,3,1982,76.94
78,3,1983,80.05
78,3,1984,80.92
78,3,1985,81.64
78,3,1986,80.12
78,3,1987,78.46
78,3,1988,80.77
78,3,1989,84.31
78,3,1990,86.78
78,3,1991,88.89
78,3,1992,90.98
78,3,1993,91.5
78,3,1994,96.22
78,3,1995,91.94
78,3,1996,86.09
78,3,1997,84.28
78,3,1998,79.91
78,3,1999,80.46
78,3,2000,77.64
78,3,2001,74.41
78,3,2002,75.53
78,3,2003,71.71
78,3,2004,68.8
78,3,2005,65.82
78,3,2006,63.44
78,3,2007,62.03
78,3,2008,60.14
78,3,2009,58.85
78,3,2010,55.04
78,3,2011,53.79
78,3,2012,47.73
78,3,2013,44.76
78,3,2014,44.86
78,3,2015,44.27
78,3,2016,43.33
78,3,2017,43.8
78,3,2018,43.33
78,3,2019,41.98
78,3,2020,44.39
78,3,2021,34.68
78,3,2022,34.91
78,3,2023,34.24
79,3,1980,155.58
79,3,1981,148.43
79,3,1982,149.42
79,3,1983,152.62
79,3,1984,155.36
79,3,1985,152.88
79,3,1986,163.11
79,3,1987,157.27
79,3,1988,172.08
79,3,1989,187.56
79,3,1990,191.19
79,3,1991,190.48
79,3,1992,190.81
79,3,1993,185.43
79,3,1994,179.4
79,3,1995,173.87
79,3,1996,166.09
79,3,1997,157.52
79,3,1998,149.08
79,3,1999,154.75
79,3,2000,152.02
79,3,2001,148.14
79,3,2002,144.75
79,3,2003,138.11
79,3,2004,141.11
79,3,2005,131.46
79,3,2006,126.87
79,3,2007,126.93
79,3,2008,128.51
79,3,2009,124.02
79,3,2010,117.33
79,3,2011,114.37
79,3,2012,101.06
79,3,2013,100.54
79,3,2014,95.9
79,3,2015,93.52
79,3,2016,86.67
79,3,2017,84.31
79,3,2018,87.54
79,3,2019,84.94
79,3,2020,88.89
79,3,2021,74.6
79,3,2022,70.09
79,3,2023,71.84
80,3,1980,852.5
80,3,1981,878.42
80,3,1982,949.15
80,3,1983,989.13
80,3,1984,1011.74
80,3,1985,987.67
80,3,1986,935.52
80,3,1987,889.07
80,3,1988,874.27
80,3,1989,918.78
80,3,1990,935.03
80,3,1991,938.19
80,3,1992,941.67
80,3,1993,940.12
80,3,1994,959.38
80,3,1995,925.3
80,3,1996,852.49
80,3,1997,801.59
80,3,1998,731.42
80,3,1999,701.71
80,3,2000,669.12
80,3,2001,667.22
80,3,2002,671.17
80,3,2003,648.74
80,3,2004,611.33
80,3,2005,581.25
80,3,2006,568.73
80,3,2007,549.89
80,3,2008,572.28
80,3,2009,581.26
80,3,2010,558.64
80,3,2011,566.28
80,3,2012,557.61
80,3,2013,529.47
80,3,2014,499.75
80,3,2015,498.68
80,3,2016,480.45
80,3,2017,504.83
80,3,2018,573.24
80,3,2019,597.56
80,3,2020,606.64
80,3,2021,600.66
80,3,2022,652.88
80,3,2023,648.16
81,3,1980,947.95
81,3,1981,983.53
81,3,1982,999.38
81,3,1983,979
81,3,1984,948.91
81,3,1985,924.63
81,3,1986,914.15
81,3,1987,885.98
81,3,1988,894.25
81,3,1989,950.36
81,3,1990,1036.04
81,3,1991,1096.47
81,3,1992,1138.53
81,3,1993,1134.05
81,3,1994,1138.09
81,3,1995,1103.46
81,3,1996,1038.63
81,3,1997,985.18
81,3,1998,951.12
81,3,1999,929.59
81,3,2000,871.06
81,3,2001,828.39
81,3,2002,842.64
81,3,2003,804.61
81,3,2004,760.44
81,3,2005,701.02
81,3,2006,688.47
81,3,2007,668.92
81,3,2008,654.34
81,3,2009,652.35
81,3,2010,631.97
81,3,2011,606.75
81,3,2012,572.09
81,3,2013,550.09
81,3,2014,543.31
81,3,2015,559.59
81,3,2016,546.32
81,3,2017,543.54
81,3,2018,531.2
81,3,2019,482
81,3,2020,344.47
81,3,2021,269.5
81,3,2022,277.15
81,3,2023,304.82
82,3,1980,110.24
82,3,1981,115.17
82,3,1982,118.94
82,3,1983,118.58
82,3,1984,123.79
82,3,1985,126.13
82,3,1986,120.72
82,3,1987,120.8
82,3,1988,125.23
82,3,1989,126.01
82,3,1990,135.31
82,3,1991,142.24
82,3,1992,144.96
82,3,1993,146.49
82,3,1994,146.74
82,3,1995,143.44
82,3,1996,146.48
82,3,1997,144.73
82,3,1998,141.29
82,3,1999,136.87
82,3,2000,130.64
82,3,2001,128.92
82,3,2002,123.68
82,3,2003,125.76
82,3,2004,124.48
82,3,2005,121.2
82,3,2006,118.39
82,3,2007,128.57
82,3,2008,133.82
82,3,2009,136.68
82,3,2010,140.17
82,3,2011,136.64
82,3,2012,131.91
82,3,2013,117.36
82,3,2014,106.2
82,3,2015,96.13
82,3,2016,93.83
82,3,2017,93.04
82,3,2018,118.45
82,3,2019,96.93
82,3,2020,86.95
82,3,2021,85.57
82,3,2022,86.05
82,3,2023,86.25
83,3,1980,2.77
83,3,1981,2.8
83,3,1982,2.89
83,3,1983,2.9
83,3,1984,2.98
83,3,1985,2.98
83,3,1986,2.9
83,3,1987,2.97
83,3,1988,2.94
83,3,1989,3.03
83,3,1990,3.09
83,3,1991,3.16
83,3,1992,3.01
83,3,1993,2.95
83,3,1994,2.86
83,3,1995,2.69
83,3,1996,2.71
83,3,1997,2.64
83,3,1998,2.54
83,3,1999,2.56
83,3,2000,2.54
83,3,2001,2.58
83,3,2002,2.62
83,3,2003,2.54
83,3,2004,2.49
83,3,2005,2.33
83,3,2006,2.34
83,3,2007,2.34
83,3,2008,2.34
83,3,2009,2.39
83,3,2010,2.36
83,3,2011,2.28
83,3,2012,2.27
83,3,2013,2.18
83,3,2014,2.13
83,3,2015,2.1
83,3,2016,2.12
83,3,2017,2.18
83,3,2018,2.21
83,3,2019,2.25
83,3,2020,2.1
83,3,2021,1.88
83,3,2022,1.9
83,3,2023,1.97
84,3,1980,40.25
84,3,1981,42.2
84,3,1982,40.83
84,3,1983,40.75
84,3,1984,40.46
84,3,1985,39.24
84,3,1986,38.74
84,3,1987,39.33
84,3,1988,38.72
84,3,1989,40.49
84,3,1990,40.36
84,3,1991,40.4
84,3,1992,40.32
84,3,1993,40.17
84,3,1994,39.96
84,3,1995,40.58
84,3,1996,39.28
84,3,1997,40.02
84,3,1998,41.34
84,3,1999,43.03
84,3,2000,41.85
84,3,2001,42.62
84,3,2002,43.91
84,3,2003,41.42
84,3,2004,39.62
84,3,2005,37.31
84,3,2006,39.7
84,3,2007,42.17
84,3,2008,41.84
84,3,2009,42.97
84,3,2010,39.35
84,3,2011,37.73
84,3,2012,35.61
84,3,2013,32.45
84,3,2014,30.43
84,3,2015,28.34
84,3,2016,27.01
84,3,2017,26.93
84,3,2018,27.1
84,3,2019,26.08
84,3,2020,23.63
84,3,2021,21.78
84,3,2022,22.51
84,3,2023,22.15
85,3,1980,130.31
85,3,1981,129.86
85,3,1982,131.42
85,3,1983,136.6
85,3,1984,137.59
85,3,1985,143.99
85,3,1986,140.95
85,3,1987,137.44
85,3,1988,139.13
85,3,1989,150.46
85,3,1990,153.94
85,3,1991,155.19
85,3,1992,157.77
85,3,1993,171.54
85,3,1994,174.4
85,3,1995,166.91
85,3,1996,166.99
85,3,1997,161.25
85,3,1998,169.57
85,3,1999,190.49
85,3,2000,208.46
85,3,2001,218.62
85,3,2002,230.21
85,3,2003,237.8
85,3,2004,233.24
85,3,2005,220.47
85,3,2006,210.75
85,3,2007,192.67
85,3,2008,183.29
85,3,2009,197.71
85,3,2010,185.18
85,3,2011,179.84
85,3,2012,174.85
85,3,2013,166.2
85,3,2014,164.09
85,3,2015,164.91
85,3,2016,159
85,3,2017,163.21
85,3,2018,164.32
85,3,2019,172.03
85,3,2020,163.8
85,3,2021,163.52
85,3,2022,168.91
85,3,2023,169.16
86,3,1980,1140.13
86,3,1981,1182.13
86,3,1982,1243.08
86,3,1983,1171.73
86,3,1984,1041.6
86,3,1985,963.37
86,3,1986,906.05
86,3,1987,1045.17
86,3,1988,1211.31
86,3,1989,1403.31
86,3,1990,1618.82
86,3,1991,1620.36
86,3,1992,1384.36
86,3,1993,1135.35
86,3,1994,1040.86
86,3,1995,978.18
86,3,1996,941.27
86,3,1997,864.6
86,3,1998,827.27
86,3,1999,783.66
86,3,2000,715.1
86,3,2001,664.74
86,3,2002,655.92
86,3,2003,691.91
86,3,2004,659.94
86,3,2005,601.38
86,3,2006,593.66
86,3,2007,601.25
86,3,2008,563.13
86,3,2009,548.72
86,3,2010,509.63
86,3,2011,493.95
86,3,2012,484.15
86,3,2013,448.14
86,3,2014,411.96
86,3,2015,416.16
86,3,2016,390.6
86,3,2017,362.49
86,3,2018,376.09
86,3,2019,288.09
86,3,2020,274.73
86,3,2021,287.56
86,3,2022,283.85
86,3,2023,276.12
87,3,1980,7.69
87,3,1981,7.92
87,3,1982,8.44
87,3,1983,8.45
87,3,1984,8.54
87,3,1985,8.39
87,3,1986,8.23
87,3,1987,8.3
87,3,1988,8.38
87,3,1989,8.79
87,3,1990,8.87
87,3,1991,8.77
87,3,1992,8.71
87,3,1993,8.43
87,3,1994,8.32
87,3,1995,7.88
87,3,1996,7.42
87,3,1997,7.14
87,3,1998,6.84
87,3,1999,6.74
87,3,2000,6.6
87,3,2001,6.53
87,3,2002,6.63
87,3,2003,6.39
87,3,2004,6.15
87,3,2005,5.84
87,3,2006,5.69
87,3,2007,5.55
87,3,2008,5.31
87,3,2009,5.31
87,3,2010,5.15
87,3,2011,5.12
87,3,2012,4.91
87,3,2013,4.69
87,3,2014,4.57
87,3,2015,4.43
87,3,2016,4.21
87,3,2017,4.2
87,3,2018,4.23
87,3,2019,4.15
87,3,2020,3.8
87,3,2021,3.3
87,3,2022,3.24
87,3,2023,3.27
88,3,1980,6.33
88,3,1981,6.4
88,3,1982,6.63
88,3,1983,6.58
88,3,1984,6.6
88,3,1985,6.45
88,3,1986,6.13
88,3,1987,6.12
88,3,1988,6.19
88,3,1989,6.29
88,3,1990,6.49
88,3,1991,6.47
88,3,1992,6.54
88,3,1993,6.44
88,3,1994,6.31
88,3,1995,6.1
88,3,1996,6.02
88,3,1997,5.83
88,3,1998,5.83
88,3,1999,5.95
88,3,2000,5.65
88,3,2001,5.8
88,3,2002,5.84
88,3,2003,5.73
88,3,2004,5.72
88,3,2005,5.31
88,3,2006,5.27
88,3,2007,5.33
88,3,2008,5.35
88,3,2009,5.28
88,3,2010,5.2
88,3,2011,5.12
88,3,2012,5.18
88,3,2013,4.88
88,3,2014,4.68
88,3,2015,4.58
88,3,2016,4.51
88,3,2017,4.67
88,3,2018,4.74
88,3,2019,4.75
88,3,2020,4.52
88,3,2021,4.3
88,3,2022,4.36
88,3,2023,4.38
89,3,1980,172.02
89,3,1981,177.54
89,3,1982,187.68
89,3,1983,192.42
89,3,1984,194.87
89,3,1985,192.69
89,3,1986,198.77
89,3,1987,196.74
89,3,1988,199.9
89,3,1989,213.4
89,3,1990,218.42
89,3,1991,226.96
89,3,1992,238.57
89,3,1993,236.37
89,3,1994,230.52
89,3,1995,228.24
89,3,1996,222.82
89,3,1997,222.54
89,3,1998,218.6
89,3,1999,227.03
89,3,2000,221.81
89,3,2001,225.13
89,3,2002,225.48
89,3,2003,216.1
89,3,2004,209.98
89,3,2005,187.69
89,3,2006,171.77
89,3,2007,168.72
89,3,2008,169.6
89,3,2009,168.01
89,3,2010,158.97
89,3,2011,160.52
89,3,2012,154.36
89,3,2013,144.04
89,3,2014,143.59
89,3,2015,135.08
89,3,2016,132.78
89,3,2017,138.2
89,3,2018,134.23
89,3,2019,132.24
89,3,2020,125.36
89,3,2021,119.97
89,3,2022,121.54
89,3,2023,120.01
90,3,1980,58.75
90,3,1981,62.39
90,3,1982,55.8
90,3,1983,57.76
90,3,1984,55.9
90,3,1985,53.55
90,3,1986,66
90,3,1987,64.15
90,3,1988,59.15
90,3,1989,61.22
90,3,1990,59.47
90,3,1991,65.11
90,3,1992,57.59
90,3,1993,50.89
90,3,1994,46.63
90,3,1995,51.46
90,3,1996,51.98
90,3,1997,52
90,3,1998,49.14
90,3,1999,47.27
90,3,2000,52.71
90,3,2001,43.39
90,3,2002,46.14
90,3,2003,49.12
90,3,2004,43.17
90,3,2005,37.8
90,3,2006,42.98
90,3,2007,37.12
90,3,2008,33.18
90,3,2009,34.47
90,3,2010,35.5
90,3,2011,39.5
90,3,2012,38.95
90,3,2013,44.66
90,3,2014,35.31
90,3,2015,28.38
90,3,2016,30.76
90,3,2017,28.32
90,3,2018,26.39
90,3,2019,27.49
90,3,2020,31.8
90,3,2021,28.34
90,3,2022,29.96
90,3,2023,30.75
91,3,1980,202.51
91,3,1981,209.07
91,3,1982,217.78
91,3,1983,234
91,3,1984,280.74
91,3,1985,287.66
91,3,1986,283.94
91,3,1987,294.74
91,3,1988,301.41
91,3,1989,309.8
91,3,1990,318.92
91,3,1991,320.11
91,3,1992,308.15
91,3,1993,300.11
91,3,1994,293.94
91,3,1995,298.24
91,3,1996,294.59
91,3,1997,296.06
91,3,1998,289.99
91,3,1999,286.78
91,3,2000,276.97
91,3,2001,261.89
91,3,2002,250.52
91,3,2003,235.16
91,3,2004,228.54
91,3,2005,195.14
91,3,2006,200.83
91,3,2007,202.53
91,3,2008,208.56
91,3,2009,198.88
91,3,2010,193.76
91,3,2011,178.69
91,3,2012,172.79
91,3,2013,157.81
91,3,2014,145.75
91,3,2015,141.64
91,3,2016,132.83
91,3,2017,130.32
91,3,2018,131.6
91,3,2019,136.51
91,3,2020,134.15
91,3,2021,126.58
91,3,2022,131.61
91,3,2023,134.87
92,3,1980,434.53
92,3,1981,417.22
92,3,1982,419.62
92,3,1983,466.24
92,3,1984,493.2
92,3,1985,502.07
92,3,1986,484.51
92,3,1987,490.29
92,3,1988,460.01
92,3,1989,469.32
92,3,1990,480.38
92,3,1991,472.01
92,3,1992,462.85
92,3,1993,454.12
92,3,1994,452.98
92,3,1995,445.1
92,3,1996,425.18
92,3,1997,410.56
92,3,1998,400.61
92,3,1999,411.45
92,3,2000,432.77
92,3,2001,448.98
92,3,2002,463.57
92,3,2003,476.01
92,3,2004,488.06
92,3,2005,423.27
92,3,2006,401.7
92,3,2007,381.57
92,3,2008,386.11
92,3,2009,374.94
92,3,2010,350.44
92,3,2011,348.39
92,3,2012,328.12
92,3,2013,306.3
92,3,2014,295.57
92,3,2015,282.86
92,3,2016,276.48
92,3,2017,286.28
92,3,2018,279.34
92,3,2019,282.48
92,3,2020,272.66
92,3,2021,255.8
92,3,2022,261.81
92,3,2023,254.56
93,3,1980,144.59
93,3,1981,148.81
93,3,1982,148.9
93,3,1983,148.23
93,3,1984,149.99
93,3,1985,146.48
93,3,1986,152.74
93,3,1987,151.65
93,3,1988,160.44
93,3,1989,168.16
93,3,1990,166.9
93,3,1991,169.69
93,3,1992,165.53
93,3,1993,158.09
93,3,1994,151.2
93,3,1995,143.33
93,3,1996,139.62
93,3,1997,137.16
93,3,1998,134.15
93,3,1999,134.99
93,3,2000,129.99
93,3,2001,127.38
93,3,2002,134.07
93,3,2003,128.2
93,3,2004,129.27
93,3,2005,122.35
93,3,2006,120.3
93,3,2007,124.22
93,3,2008,119.22
93,3,2009,118.27
93,3,2010,115.35
93,3,2011,116.82
93,3,2012,112.12
93,3,2013,112.07
93,3,2014,113.78
93,3,2015,117.05
93,3,2016,115.4
93,3,2017,118.28
93,3,2018,117.15
93,3,2019,115.66
93,3,2020,114.04
93,3,2021,99.8
93,3,2022,98.24
93,3,2023,98.18
94,3,1980,81.34
94,3,1981,86.53
94,3,1982,91.93
94,3,1983,93.05
94,3,1984,89.55
94,3,1985,91.52
94,3,1986,90.3
94,3,1987,93.58
94,3,1988,98.19
94,3,1989,105.02
94,3,1990,111.23
94,3,1991,114.74
94,3,1992,117.56
94,3,1993,117.53
94,3,1994,112.35
94,3,1995,101.43
94,3,1996,93.98
94,3,1997,91.08
94,3,1998,84.25
94,3,1999,82.25
94,3,2000,79.46
94,3,2001,80.23
94,3,2002,80.96
94,3,2003,77.11
94,3,2004,75.71
94,3,2005,69.17
94,3,2006,65.29
94,3,2007,63.45
94,3,2008,61.79
94,3,2009,62.7
94,3,2010,59.21
94,3,2011,59.5
94,3,2012,58.05
94,3,2013,55.78
94,3,2014,52.61
94,3,2015,52.48
94,3,2016,49.3
94,3,2017,49.52
94,3,2018,50.76
94,3,2019,49.48
94,3,2020,47.46
94,3,2021,42.41
94,3,2022,43.66
94,3,2023,41.24
95,3,1980,656.74
95,3,1981,607.71
95,3,1982,684.66
95,3,1983,688.13
95,3,1984,691.13
95,3,1985,682.68
95,3,1986,691.6
95,3,1987,753.95
95,3,1988,786.07
95,3,1989,796.86
95,3,1990,684.76
95,3,1991,670.69
95,3,1992,740.12
95,3,1993,851.58
95,3,1994,865.08
95,3,1995,725.1
95,3,1996,553.02
95,3,1997,485.95
95,3,1998,472
95,3,1999,475.91
95,3,2000,504.93
95,3,2001,547.33
95,3,2002,569.95
95,3,2003,571.44
95,3,2004,558.26
95,3,2005,540.95
95,3,2006,530.64
95,3,2007,512.8
95,3,2008,483.42
95,3,2009,454.65
95,3,2010,430.08
95,3,2011,440.93
95,3,2012,403.42
95,3,2013,377.3
95,3,2014,366.62
95,3,2015,348.45
95,3,2016,333.79
95,3,2017,335.14
95,3,2018,325.74
95,3,2019,307.47
95,3,2020,269.26
95,3,2021,267.68
95,3,2022,254.57
95,3,2023,250.26
97,3,1980,1222.1
97,3,1981,1300.97
97,3,1982,1433.73
97,3,1983,1534.85
97,3,1984,1648.78
97,3,1985,1767.39
97,3,1986,1939.99
97,3,1987,2021.48
97,3,1988,2090.09
97,3,1989,2169.52
97,3,1990,2069.64
97,3,1991,2026.76
97,3,1992,2093.55
97,3,1993,2104.23
97,3,1994,2199.85
97,3,1995,2225.9
97,3,1996,2394.88
97,3,1997,2592.8
97,3,1998,2599.95
97,3,1999,2766.84
97,3,2000,2945.27
97,3,2001,3294.61
97,3,2002,3429.49
97,3,2003,3167.42
97,3,2004,2734.88
97,3,2005,2519.05
97,3,2006,2479.5
97,3,2007,2390.81
97,3,2008,2461.1
97,3,2009,2466.21
97,3,2010,2470.77
97,3,2011,2504.41
97,3,2012,2723.77
97,3,2013,2838.07
97,3,2014,2910.46
97,3,2015,2859.25
97,3,2016,2765.87
97,3,2017,2616.89
97,3,2018,2512.17
97,3,2019,2420.16
97,3,2020,2345.41
97,3,2021,2379.59
97,3,2022,2656.42
97,3,2023,2453.14
98,3,1980,1018.66
98,3,1981,1031.34
98,3,1982,1072.79
98,3,1983,1130.13
98,3,1984,1133.02
98,3,1985,1156.4
98,3,1986,1150.59
98,3,1987,1144.41
98,3,1988,1177.46
98,3,1989,1209.43
98,3,1990,1071.65
98,3,1991,1004.94
98,3,1992,921.34
98,3,1993,858
98,3,1994,825.42
98,3,1995,818.86
98,3,1996,809.55
98,3,1997,801.61
98,3,1998,816.7
98,3,1999,829.32
98,3,2000,890.3
98,3,2001,921.11
98,3,2002,904.23
98,3,2003,899.32
98,3,2004,899.82
98,3,2005,916.4
98,3,2006,895.4
98,3,2007,796.32
98,3,2008,791.02
98,3,2009,847.81
98,3,2010,810.78
98,3,2011,786.45
98,3,2012,761.35
98,3,2013,758.43
98,3,2014,820.2
98,3,2015,808.66
98,3,2016,749.79
98,3,2017,664.04
98,3,2018,591.74
98,3,2019,600.48
98,3,2020,692.8
98,3,2021,626.65
98,3,2022,701.5
98,3,2023,689.56
99,3,1980,112.72
99,3,1981,118.32
99,3,1982,121.94
99,3,1983,117.23
99,3,1984,120.83
99,3,1985,124.57
99,3,1986,137.18
99,3,1987,145.63
99,3,1988,154.32
99,3,1989,169.06
99,3,1990,161.63
99,3,1991,158.28
99,3,1992,155.95
99,3,1993,159.28
99,3,1994,162.2
99,3,1995,162.33
99,3,1996,165.72
99,3,1997,176.05
99,3,1998,187.92
99,3,1999,194.64
99,3,2000,196.71
99,3,2001,200.78
99,3,2002,204.32
99,3,2003,188.63
99,3,2004,176.02
99,3,2005,169.66
99,3,2006,166.83
99,3,2007,162.46
99,3,2008,160.51
99,3,2009,169.63
99,3,2010,180.12
99,3,2011,193.83
99,3,2012,211.76
99,3,2013,211.7
99,3,2014,222.29
99,3,2015,233.01
99,3,2016,236.2
99,3,2017,255.62
99,3,2018,290.94
99,3,2019,299.18
99,3,2020,282.04
99,3,2021,255.08
99,3,2022,292.84
99,3,2023,284.08
101,3,1980,656.23
101,3,1981,680.79
101,3,1982,671.4
101,3,1983,660.28
101,3,1984,642.26
101,3,1985,610.99
101,3,1986,604.01
101,3,1987,623.89
101,3,1988,604.27
101,3,1989,612.17
101,3,1990,652.41
101,3,1991,684.17
101,3,1992,667.76
101,3,1993,632.69
101,3,1994,628.79
101,3,1995,607.31
101,3,1996,603.91
101,3,1997,526.72
101,3,1998,534.02
101,3,1999,522.32
101,3,2000,527.69
101,3,2001,546.05
101,3,2002,538.7
101,3,2003,534.22
101,3,2004,564.85
101,3,2005,604.38
101,3,2006,600.84
101,3,2007,597.82
101,3,2008,617.64
101,3,2009,605.01
101,3,2010,583.3
101,3,2011,552.06
101,3,2012,543.72
101,3,2013,511.29
101,3,2014,498.97
101,3,2015,510.26
101,3,2016,508.08
101,3,2017,518.87
101,3,2018,507.49
101,3,2019,522.22
101,3,2020,633.76
101,3,2021,609.58
101,3,2022,554.98
101,3,2023,540.66
102,3,1980,24914.21
102,3,1981,24375.43
102,3,1982,22871.38
102,3,1983,21271.41
102,3,1984,20872.6
102,3,1985,21104.34
102,3,1986,22416.22
102,3,1987,22541.16
102,3,1988,23126.08
102,3,1989,23793.32
102,3,1990,25522.02
102,3,1991,26437.82
102,3,1992,25831.8
102,3,1993,26080.8
102,3,1994,25355.87
102,3,1995,23943.67
102,3,1996,21559.67
102,3,1997,19709.1
102,3,1998,18641.92
102,3,1999,17867.88
102,3,2000,17621.52
102,3,2001,18126.19
102,3,2002,18475.22
102,3,2003,18337.73
102,3,2004,18248.28
102,3,2005,18932.36
102,3,2006,19496.95
102,3,2007,19180.81
102,3,2008,18602.57
102,3,2009,17744.52
102,3,2010,17024.23
102,3,2011,16894.55
102,3,2012,17199.15
102,3,2013,16481.33
102,3,2014,16602.61
102,3,2015,18348.83
102,3,2016,20071.37
102,3,2017,20473.57
102,3,2018,19662.92
102,3,2019,20417.09
102,3,2020,25002.77
102,3,2021,26793.84
102,3,2022,25932.18
102,3,2023,24528.04
105,3,1980,1.88
105,3,1981,1.84
105,3,1982,1.74
105,3,1983,1.69
105,3,1984,1.79
105,3,1985,1.83
105,3,1986,1.82
105,3,1987,1.76
105,3,1988,1.78
105,3,1989,1.82
105,3,1990,1.93
105,3,1991,2.07
105,3,1992,2.07
105,3,1993,2.17
105,3,1994,2.28
105,3,1995,2.28
105,3,1996,2.26
105,3,1997,2.36
105,3,1998,2.44
105,3,1999,2.37
105,3,2000,2.36
105,3,2001,2.54
105,3,2002,2.65
105,3,2003,2.81
105,3,2004,3.14
105,3,2005,3.75
105,3,2006,3.61
105,3,2007,3.43
105,3,2008,3.56
105,3,2009,4.01
105,3,2010,3.8
105,3,2011,4.03
105,3,2012,3.96
105,3,2013,4.06
105,3,2014,3.97
105,3,2015,3.99
105,3,2016,3.88
105,3,2017,3.73
105,3,2018,3.47
105,3,2019,3.29
105,3,2020,3.31
105,3,2021,3.47
105,3,2022,3.6
105,3,2023,3.64
106,3,1980,34.5
106,3,1981,37.35
106,3,1982,40.27
106,3,1983,42.52
106,3,1984,44.09
106,3,1985,48.29
106,3,1986,46.99
106,3,1987,43.45
106,3,1988,43.53
106,3,1989,45.11
106,3,1990,48.98
106,3,1991,52.91
106,3,1992,54.06
106,3,1993,56.59
106,3,1994,60.31
106,3,1995,58.4
106,3,1996,57.97
106,3,1997,58.1
106,3,1998,59.73
106,3,1999,62.73
106,3,2000,62.75
106,3,2001,64.41
106,3,2002,66.07
106,3,2003,71.55
106,3,2004,78.12
106,3,2005,89.49
106,3,2006,92.38
106,3,2007,97.16
106,3,2008,102.58
106,3,2009,113.87
106,3,2010,114.16
106,3,2011,123.8
106,3,2012,125.79
106,3,2013,128.47
106,3,2014,129.32
106,3,2015,134.75
106,3,2016,136.78
106,3,2017,137.93
106,3,2018,138.58
106,3,2019,142.63
106,3,2020,150.1
106,3,2021,150.57
106,3,2022,151.47
106,3,2023,151.48
107,3,1980,19.26
107,3,1981,18.58
107,3,1982,18.28
107,3,1983,18.48
107,3,1984,18.37
107,3,1985,20.15
107,3,1986,20.57
107,3,1987,21.51
107,3,1988,21.41
107,3,1989,21.92
107,3,1990,23.92
107,3,1991,24.3
107,3,1992,25.2
107,3,1993,26.11
107,3,1994,26.35
107,3,1995,25.79
107,3,1996,25.42
107,3,1997,25.75
107,3,1998,26.85
107,3,1999,26.51
107,3,2000,25.95
107,3,2001,27.14
107,3,2002,27.58
107,3,2003,28.82
107,3,2004,31.55
107,3,2005,35.74
107,3,2006,35.18
107,3,2007,34.56
107,3,2008,37.17
107,3,2009,38.81
107,3,2010,36.68
107,3,2011,37.08
107,3,2012,35.61
107,3,2013,36.43
107,3,2014,36.58
107,3,2015,36.84
107,3,2016,37.41
107,3,2017,37.6
107,3,2018,37.49
107,3,2019,38.24
107,3,2020,37.62
107,3,2021,36.62
107,3,2022,38.4
107,3,2023,39
108,3,1980,10.98
108,3,1981,11.13
108,3,1982,11.23
108,3,1983,10.76
108,3,1984,10.64
108,3,1985,11.35
108,3,1986,12.25
108,3,1987,12.64
108,3,1988,13.53
108,3,1989,14.5
108,3,1990,15.91
108,3,1991,17.13
108,3,1992,18.01
108,3,1993,18.84
108,3,1994,20.24
108,3,1995,20.85
108,3,1996,23.38
108,3,1997,28.71
108,3,1998,34.94
108,3,1999,36.58
108,3,2000,40.39
108,3,2001,43.56
108,3,2002,48.35
108,3,2003,50.83
108,3,2004,53.21
108,3,2005,64.83
108,3,2006,65.97
108,3,2007,67.75
108,3,2008,72.99
108,3,2009,84.31
108,3,2010,85.78
108,3,2011,93.01
108,3,2012,94.45
108,3,2013,93.82
108,3,2014,92.44
108,3,2015,94.17
108,3,2016,94.15
108,3,2017,93.76
108,3,2018,93.9
108,3,2019,101.31
108,3,2020,97.07
108,3,2021,96.52
108,3,2022,102.52
108,3,2023,104.58
109,3,1980,660.34
109,3,1981,668.09
109,3,1982,687.4
109,3,1983,685.54
109,3,1984,705.52
109,3,1985,743.93
109,3,1986,777.69
109,3,1987,800.47
109,3,1988,838.21
109,3,1989,851.32
109,3,1990,866.83
109,3,1991,872.22
109,3,1992,824.4
109,3,1993,876.11
109,3,1994,921.39
109,3,1995,887.82
109,3,1996,828.27
109,3,1997,839.87
109,3,1998,839.44
109,3,1999,730.3
109,3,2000,687.05
109,3,2001,700.67
109,3,2002,716.59
109,3,2003,725.43
109,3,2004,742
109,3,2005,775.77
109,3,2006,707.83
109,3,2007,689.62
109,3,2008,674.18
109,3,2009,712.16
109,3,2010,676.4
109,3,2011,698.12
109,3,2012,737.92
109,3,2013,783.46
109,3,2014,762.39
109,3,2015,780.81
109,3,2016,740.57
109,3,2017,668.32
109,3,2018,632.62
109,3,2019,637.51
109,3,2020,614.11
109,3,2021,702.94
109,3,2022,765.6
109,3,2023,765.1
110,3,1980,3.91
110,3,1981,3.83
110,3,1982,3.72
110,3,1983,3.74
110,3,1984,3.77
110,3,1985,3.89
110,3,1986,4.05
110,3,1987,4.21
110,3,1988,4.31
110,3,1989,4.42
110,3,1990,4.58
110,3,1991,4.65
110,3,1992,4.74
110,3,1993,4.81
110,3,1994,4.82
110,3,1995,4.86
110,3,1996,4.83
110,3,1997,4.79
110,3,1998,4.8
110,3,1999,4.72
110,3,2000,4.57
110,3,2001,4.96
110,3,2002,5.38
110,3,2003,5.67
110,3,2004,5.87
110,3,2005,6.23
110,3,2006,6.47
110,3,2007,6.81
110,3,2008,7.03
110,3,2009,7.45
110,3,2010,7.79
110,3,2011,7.83
110,3,2012,7.9
110,3,2013,7.9
110,3,2014,7.88
110,3,2015,7.85
110,3,2016,12.81
110,3,2017,7.7
110,3,2018,7.56
110,3,2019,7.5
110,3,2020,7.54
110,3,2021,8.08
110,3,2022,8.07
110,3,2023,7.68
111,3,1980,653.04
111,3,1981,655.39
111,3,1982,658.47
111,3,1983,674.16
111,3,1984,683.66
111,3,1985,711.71
111,3,1986,759.21
111,3,1987,819.83
111,3,1988,855.44
111,3,1989,885.89
111,3,1990,916.61
111,3,1991,931.32
111,3,1992,942.31
111,3,1993,959.95
111,3,1994,983.09
111,3,1995,1007.77
111,3,1996,1016.55
111,3,1997,1069.66
111,3,1998,1106.04
111,3,1999,1116.69
111,3,2000,1148.09
111,3,2001,1152.86
111,3,2002,1168.52
111,3,2003,1233.66
111,3,2004,1320.54
111,3,2005,1433.19
111,3,2006,1553.3
111,3,2007,1668.35
111,3,2008,1736.49
111,3,2009,1831.32
111,3,2010,1894.25
111,3,2011,1903.51
111,3,2012,1977.78
111,3,2013,2071.82
111,3,2014,2165.27
111,3,2015,2136.57
111,3,2016,2061.58
111,3,2017,2005.73
111,3,2018,1936.29
111,3,2019,1836.26
111,3,2020,1867.87
111,3,2021,1843.75
111,3,2022,1781.71
111,3,2023,1703.94
112,3,1980,3.35
112,3,1981,3.34
112,3,1982,3.25
112,3,1983,3.16
112,3,1984,3.07
112,3,1985,3.14
112,3,1986,3.17
112,3,1987,3.28
112,3,1988,3.26
112,3,1989,3.25
112,3,1990,3.36
112,3,1991,3.51
112,3,1992,3.58
112,3,1993,3.69
112,3,1994,3.68
112,3,1995,3.61
112,3,1996,3.77
112,3,1997,3.81
112,3,1998,3.89
112,3,1999,3.91
112,3,2000,3.89
112,3,2001,3.81
112,3,2002,4.06
112,3,2003,4.34
112,3,2004,4.68
112,3,2005,5.54
112,3,2006,5.23
112,3,2007,5.13
112,3,2008,5.45
112,3,2009,6.08
112,3,2010,5.76
112,3,2011,6.1
112,3,2012,6.04
112,3,2013,6.21
112,3,2014,6.02
112,3,2015,5.97
112,3,2016,5.88
112,3,2017,5.64
112,3,2018,5.32
112,3,2019,5.37
112,3,2020,5.12
112,3,2021,5
112,3,2022,5.52
112,3,2023,5.55
113,3,1980,58.08
113,3,1981,59.47
113,3,1982,58.65
113,3,1983,58.84
113,3,1984,58.99
113,3,1985,59.4
113,3,1986,65.79
113,3,1987,82.4
113,3,1988,84.18
113,3,1989,91.33
113,3,1990,95.25
113,3,1991,90.23
113,3,1992,89.36
113,3,1993,92.81
113,3,1994,93.64
113,3,1995,97.08
113,3,1996,106.82
113,3,1997,107.53
113,3,1998,108.53
113,3,1999,100.53
113,3,2000,109.99
113,3,2001,117.04
113,3,2002,139.22
113,3,2003,147.67
113,3,2004,142.99
113,3,2005,154.85
113,3,2006,150.58
113,3,2007,140.62
113,3,2008,143.06
113,3,2009,150.33
113,3,2010,148.59
113,3,2011,150.44
113,3,2012,150.04
113,3,2013,159.79
113,3,2014,165.39
113,3,2015,162.77
113,3,2016,156.49
113,3,2017,140.86
113,3,2018,128.23
113,3,2019,131.39
113,3,2020,111.35
113,3,2021,117.1
113,3,2022,125.43
113,3,2023,123.02
114,3,1980,1264.66
114,3,1981,1265.22
114,3,1982,1282.95
114,3,1983,1329.6
114,3,1984,1327.6
114,3,1985,1490.53
114,3,1986,1535.92
114,3,1987,1589.59
114,3,1988,1623.51
114,3,1989,1627.93
114,3,1990,1747.14
114,3,1991,1740.27
114,3,1992,1769.91
114,3,1993,1809.38
114,3,1994,1820.14
114,3,1995,1893.24
114,3,1996,1905.22
114,3,1997,2044.19
114,3,1998,1982.16
114,3,1999,2088.18
114,3,2000,2176.25
114,3,2001,2312.31
114,3,2002,2414.29
114,3,2003,2524.41
114,3,2004,2629.58
114,3,2005,2705.31
114,3,2006,2773.72
114,3,2007,2874.56
114,3,2008,2898.67
114,3,2009,2922.6
114,3,2010,2909.85
114,3,2011,3032.5
114,3,2012,3109.96
114,3,2013,3222.05
114,3,2014,3375.5
114,3,2015,3489.32
114,3,2016,3548.62
114,3,2017,3672.76
114,3,2018,3974.84
114,3,2019,3972.78
114,3,2020,4417.66
114,3,2021,4583.18
114,3,2022,4533.92
114,3,2023,6678.76
115,3,1980,368.07
115,3,1981,377.75
115,3,1982,537.63
115,3,1983,330.11
115,3,1984,290.92
115,3,1985,263.92
115,3,1986,252.08
115,3,1987,265.09
115,3,1988,260.47
115,3,1989,270.26
115,3,1990,270.74
115,3,1991,288.14
115,3,1992,328.88
115,3,1993,367.99
115,3,1994,424.19
115,3,1995,492.61
115,3,1996,546.4
115,3,1997,614.9
115,3,1998,650.54
115,3,1999,661.8
115,3,2000,675.19
115,3,2001,728.52
115,3,2002,693.05
115,3,2003,680.15
115,3,2004,766.27
115,3,2005,817.02
115,3,2006,755.61
115,3,2007,743.67
115,3,2008,659.5
115,3,2009,767.88
115,3,2010,714.96
115,3,2011,772.23
115,3,2012,741.38
115,3,2013,766.25
115,3,2014,823.82
115,3,2015,886.05
115,3,2016,931.59
115,3,2017,972.61
115,3,2018,985.9
115,3,2019,1021.44
115,3,2020,1016.19
115,3,2021,986.44
115,3,2022,986.65
115,3,2023,942.57
116,3,1980,12.19
116,3,1981,12.19
116,3,1982,12.13
116,3,1983,12.23
116,3,1984,12.52
116,3,1985,13.52
116,3,1986,14
116,3,1987,13.75
116,3,1988,14.48
116,3,1989,14.65
116,3,1990,15.57
116,3,1991,16.47
116,3,1992,17.35
116,3,1993,18.23
116,3,1994,18.52
116,3,1995,18.76
116,3,1996,18.83
116,3,1997,19.32
116,3,1998,20.53
116,3,1999,20.97
116,3,2000,21.67
116,3,2001,22.61
116,3,2002,24.93
116,3,2003,26.93
116,3,2004,28.4
116,3,2005,31.61
116,3,2006,29.03
116,3,2007,29.68
116,3,2008,29.83
116,3,2009,35.15
116,3,2010,35.6
116,3,2011,36.76
116,3,2012,36.16
116,3,2013,35.85
116,3,2014,34.76
116,3,2015,34.43
116,3,2016,34.43
116,3,2017,35.97
116,3,2018,34.26
116,3,2019,35.1
116,3,2020,34.34
116,3,2021,32.35
116,3,2022,34.02
116,3,2023,33.83
117,3,1980,10.74
117,3,1981,11.03
117,3,1982,11.1
117,3,1983,10.91
117,3,1984,11.31
117,3,1985,12
117,3,1986,12.69
117,3,1987,12.85
117,3,1988,13
117,3,1989,12.78
117,3,1990,12.96
117,3,1991,13.08
117,3,1992,13.94
117,3,1993,15.6
117,3,1994,16.15
117,3,1995,16.41
117,3,1996,16.45
117,3,1997,16.24
117,3,1998,17.33
117,3,1999,16.85
117,3,2000,16.88
117,3,2001,17.51
117,3,2002,18.51
117,3,2003,19.94
117,3,2004,22.12
117,3,2005,25.08
117,3,2006,23.38
117,3,2007,23.55
117,3,2008,23.76
117,3,2009,26.67
117,3,2010,25.69
117,3,2011,26.63
117,3,2012,26.86
117,3,2013,28.1
117,3,2014,28
117,3,2015,27.82
117,3,2016,27.86
117,3,2017,26.61
117,3,2018,24.35
117,3,2019,23.97
117,3,2020,25.15
117,3,2021,24.52
117,3,2022,24.11
117,3,2023,23.57
118,3,1980,28.32
118,3,1981,26.91
118,3,1982,28.44
118,3,1983,30.24
118,3,1984,31.59
118,3,1985,31.2
118,3,1986,30.35
118,3,1987,29.73
118,3,1988,29.79
118,3,1989,30.65
118,3,1990,31.17
118,3,1991,31.49
118,3,1992,32.7
118,3,1993,35.01
118,3,1994,34.82
118,3,1995,33.08
118,3,1996,33.45
118,3,1997,35.17
118,3,1998,38.13
118,3,1999,39.97
118,3,2000,38.87
118,3,2001,39.21
118,3,2002,42.77
118,3,2003,46.47
118,3,2004,49.5
118,3,2005,51.82
118,3,2006,53.71
118,3,2007,55
118,3,2008,55.78
118,3,2009,57.04
118,3,2010,58.31
118,3,2011,58.73
118,3,2012,58.09
118,3,2013,57.2
118,3,2014,56.59
118,3,2015,56.74
118,3,2016,57.24
118,3,2017,56.08
118,3,2018,55.6
118,3,2019,56.56
118,3,2020,60.3
118,3,2021,64.4
118,3,2022,60.54
118,3,2023,58.63
119,3,1980,97.15
119,3,1981,95.75
119,3,1982,98.23
119,3,1983,101.61
119,3,1984,112.48
119,3,1985,133.73
119,3,1986,132.03
119,3,1987,137.22
119,3,1988,133.42
119,3,1989,131.12
119,3,1990,128.47
119,3,1991,137.52
119,3,1992,147.62
119,3,1993,153.25
119,3,1994,165.52
119,3,1995,164.25
119,3,1996,160.7
119,3,1997,156.44
119,3,1998,162.06
119,3,1999,166.91
119,3,2000,180.84
119,3,2001,203.73
119,3,2002,223.38
119,3,2003,264.8
119,3,2004,306.43
119,3,2005,373.35
119,3,2006,383.95
119,3,2007,402.28
119,3,2008,433.98
119,3,2009,434.79
119,3,2010,413.62
119,3,2011,387.34
119,3,2012,369.62
119,3,2013,368.5
119,3,2014,363.37
119,3,2015,361.66
119,3,2016,374.16
119,3,2017,373.73
119,3,2018,368.46
119,3,2019,368.17
119,3,2020,361.92
119,3,2021,352.26
119,3,2022,358.85
119,3,2023,361.24
121,3,1980,470.68
121,3,1981,467.55
121,3,1982,471.85
121,3,1983,481.61
121,3,1984,478.07
121,3,1985,486.23
121,3,1986,493.54
121,3,1987,506.01
121,3,1988,515.57
121,3,1989,517.88
121,3,1990,524.53
121,3,1991,534.14
121,3,1992,538.74
121,3,1993,552.48
121,3,1994,563.58
121,3,1995,576.09
121,3,1996,575.57
121,3,1997,590.43
121,3,1998,601.7
121,3,1999,599.21
121,3,2000,662.83
121,3,2001,621.91
121,3,2002,636.78
121,3,2003,646.48
121,3,2004,656.72
121,3,2005,665.28
121,3,2006,677.93
121,3,2007,696.99
121,3,2008,707.82
121,3,2009,723.05
121,3,2010,748.9
121,3,2011,737.98
121,3,2012,729.8
121,3,2013,725.14
121,3,2014,719.55
121,3,2015,718.75
121,3,2016,714.87
121,3,2017,709.78
121,3,2018,709.28
121,3,2019,711.58
121,3,2020,913.7
121,3,2021,961.63
121,3,2022,815.42
121,3,2023,776.62
122,3,1980,650.26
122,3,1981,732.11
122,3,1982,782.62
122,3,1983,808.39
122,3,1984,841.72
122,3,1985,881.72
122,3,1986,983.75
122,3,1987,1065.12
122,3,1988,1096.72
122,3,1989,1187.82
122,3,1990,1220.08
122,3,1991,1278.74
122,3,1992,1476.3
122,3,1993,1649.25
122,3,1994,1761.79
122,3,1995,1924.97
122,3,1996,2060.29
122,3,1997,2245.36
122,3,1998,2524.02
122,3,1999,2619.58
122,3,2000,2828.98
122,3,2001,2930.86
122,3,2002,2965.85
122,3,2003,2854.13
122,3,2004,3144.84
122,3,2005,3279.62
122,3,2006,3257.24
122,3,2007,3155.22
122,3,2008,3133.56
122,3,2009,2984.98
122,3,2010,2930.13
122,3,2011,2639.2
122,3,2012,2221.24
122,3,2013,1825.12
122,3,2014,1550.09
122,3,2015,1330.86
122,3,2016,1164.11
122,3,2017,1161.76
122,3,2018,1216.21
122,3,2019,1457.96
122,3,2020,1627.96
122,3,2021,2529.27
122,3,2022,4304.37
122,3,2023,4385.92
123,3,1980,419.5
123,3,1981,405.39
123,3,1982,433.04
123,3,1983,514.56
123,3,1984,565.47
123,3,1985,654.3
123,3,1986,736.15
123,3,1987,807.93
123,3,1988,896.06
123,3,1989,1006.03
123,3,1990,1135.62
123,3,1991,1236.33
123,3,1992,1325.43
123,3,1993,1394.6
123,3,1994,1422.49
123,3,1995,1402.56
123,3,1996,1366.47
123,3,1997,1337.77
123,3,1998,1252.93
123,3,1999,1098.78
123,3,2000,1024.55
123,3,2001,952.22
123,3,2002,940.8
123,3,2003,975.03
123,3,2004,1003.68
123,3,2005,1016.68
123,3,2006,1024.63
123,3,2007,1024.61
123,3,2008,1049.49
123,3,2009,1108.09
123,3,2010,1110.86
123,3,2011,1093.25
123,3,2012,1094.59
123,3,2013,1066.15
123,3,2014,1060.67
123,3,2015,1071.16
123,3,2016,1089.55
123,3,2017,1160.8
123,3,2018,1218
123,3,2019,1218.22
123,3,2020,1260.85
123,3,2021,1327.24
123,3,2022,1478.43
123,3,2023,1871.85
125,3,1980,8858.49
125,3,1981,9494.65
125,3,1982,9781.54
125,3,1983,10030.58
125,3,1984,10778.41
125,3,1985,13231.58
125,3,1986,15157.55
125,3,1987,17229.53
125,3,1988,19396.64
125,3,1989,21884.27
125,3,1990,24596.92
125,3,1991,27745.18
125,3,1992,28932.94
125,3,1993,29176.9
125,3,1994,27319.52
125,3,1995,25603.32
125,3,1996,25306.83
125,3,1997,25768.75
125,3,1998,27252.02
125,3,1999,28793.18
125,3,2000,32408.68
125,3,2001,34124.21
125,3,2002,35610.03
125,3,2003,25790.71
125,3,2004,23233.11
125,3,2005,19945.65
125,3,2006,18861.56
125,3,2007,18054.22
125,3,2008,18461.43
125,3,2009,19650.46
125,3,2010,19257.61
125,3,2011,17896.42
125,3,2012,16804.68
125,3,2013,15537.08
125,3,2014,14197.73
125,3,2015,13584.58
125,3,2016,13234.18
125,3,2017,13316.11
125,3,2018,13747.7
125,3,2019,13965.94
125,3,2020,14054.85
125,3,2021,15851.02
125,3,2022,16044.81
125,3,2023,15959.03
126,3,1980,129.49
126,3,1981,126.57
126,3,1982,122.58
126,3,1983,121.98
126,3,1984,125.94
126,3,1985,133.32
126,3,1986,135.31
126,3,1987,147.44
126,3,1988,151.9
126,3,1989,161.48
126,3,1990,175.74
126,3,1991,188.53
126,3,1992,208.6
126,3,1993,217.52
126,3,1994,235.09
126,3,1995,242.4
126,3,1996,251.24
126,3,1997,267.16
126,3,1998,271.61
126,3,1999,279.14
126,3,2000,284.62
126,3,2001,294.69
126,3,2002,298.11
126,3,2003,308.2
126,3,2004,310.16
126,3,2005,321.65
126,3,2006,342.06
126,3,2007,334.13
126,3,2008,385.47
126,3,2009,418.06
126,3,2010,456.22
126,3,2011,441.63
126,3,2012,422.61
126,3,2013,440.51
126,3,2014,471.3
126,3,2015,513.88
126,3,2016,532.97
126,3,2017,549.65
126,3,2018,553.8
126,3,2019,559.67
126,3,2020,575.01
126,3,2021,616.53
126,3,2022,671.27
126,3,2023,644.16
127,3,1980,4136.12
127,3,1981,4632.17
127,3,1982,4114.37
127,3,1983,3734.57
127,3,1984,3160.8
127,3,1985,2854.06
127,3,1986,2684.02
127,3,1987,2752.38
127,3,1988,2768.88
127,3,1989,2733.44
127,3,1990,2747.33
127,3,1991,2802.75
127,3,1992,2966.01
127,3,1993,3188.93
127,3,1994,3442.31
127,3,1995,3539.92
127,3,1996,3552.42
127,3,1997,3649.04
127,3,1998,3677.45
127,3,1999,3414.7
127,3,2000,3349.38
127,3,2001,3276.35
127,3,2002,3266.51
127,3,2003,3440.88
127,3,2004,3769.54
127,3,2005,3970.17
127,3,2006,4145.27
127,3,2007,4134.3
127,3,2008,4035.69
127,3,2009,4108.47
127,3,2010,3903.27
127,3,2011,3805.31
127,3,2012,6875
127,3,2013,6738.87
127,3,2014,7367.95
127,3,2015,8133.56
127,3,2016,4728.2
127,3,2017,4475.36
127,3,2018,4255.08
127,3,2019,4069.59
127,3,2020,3997.89
127,3,2021,3995.1
127,3,2022,3540.13
127,3,2023,3481.86
128,3,1980,3922.21
128,3,1981,4821.92
128,3,1982,4199.83
128,3,1983,2566.69
128,3,1984,1955.8
128,3,1985,2279.33
128,3,1986,2483.29
128,3,1987,2686.47
128,3,1988,3022.36
128,3,1989,3202.37
128,3,1990,3587.19
128,3,1991,3916.26
128,3,1992,4108.29
128,3,1993,4202.97
128,3,1994,4514.22
128,3,1995,4566.2
128,3,1996,4537.28
128,3,1997,4727.02
128,3,1998,4644.03
128,3,1999,4317.02
128,3,2000,4376.75
128,3,2001,4452.35
128,3,2002,4633.87
128,3,2003,5041.72
128,3,2004,5407.85
128,3,2005,6525.18
128,3,2006,6436.63
128,3,2007,6383.42
128,3,2008,6700.2
128,3,2009,7394.56
128,3,2010,5993.21
128,3,2011,4926.67
128,3,2012,4368.35
128,3,2013,4441.84
128,3,2014,4445.45
128,3,2015,4438.27
128,3,2016,4358.69
128,3,2017,4099.29
128,3,2018,3793.1
128,3,2019,3490.2
128,3,2020,2951.36
128,3,2021,3146.49
128,3,2022,3306.66
128,3,2023,3372.82
129,3,1980,1347.73
129,3,1981,1361.24
129,3,1982,1371.37
129,3,1983,1387.3
129,3,1984,1379.95
129,3,1985,1398.1
129,3,1986,1417.18
129,3,1987,1440.68
129,3,1988,1519.24
129,3,1989,1562.93
129,3,1990,1644.33
129,3,1991,1718.49
129,3,1992,1791.77
129,3,1993,1854.56
129,3,1994,1931.93
129,3,1995,2020.4
129,3,1996,2085.05
129,3,1997,2180.88
129,3,1998,2261.08
129,3,1999,2303.02
129,3,2000,2378.96
129,3,2001,2431.44
129,3,2002,2472.63
129,3,2003,2492.33
129,3,2004,2494.88
129,3,2005,2592.71
129,3,2006,2717.27
129,3,2007,2861.5
129,3,2008,3028.35
129,3,2009,3184.67
129,3,2010,3335.54
129,3,2011,3299.28
129,3,2012,7749.42
129,3,2013,7514.31
129,3,2014,7596.24
129,3,2015,8218.9
129,3,2016,3390.05
129,3,2017,3262.91
129,3,2018,3860.22
129,3,2019,3307.68
129,3,2020,3352.21
129,3,2021,3380.38
129,3,2022,3132.77
129,3,2023,3010.98
130,3,1980,14796.35
130,3,1981,14118.77
130,3,1982,14286.97
130,3,1983,13919.01
130,3,1984,14015.96
130,3,1985,15648.16
130,3,1986,16431.62
130,3,1987,16533.34
130,3,1988,16672.67
130,3,1989,16599.3
130,3,1990,16412.41
130,3,1991,16776
130,3,1992,17225.51
130,3,1993,17277.93
130,3,1994,17183.81
130,3,1995,16806.44
130,3,1996,15971.3
130,3,1997,15197.01
130,3,1998,14961.66
130,3,1999,13680.88
130,3,2000,12591.89
130,3,2001,11942.91
130,3,2002,11860.06
130,3,2003,11770.37
130,3,2004,11313.83
130,3,2005,11733.59
130,3,2006,11851.34
130,3,2007,11660.78
130,3,2008,14948.47
130,3,2009,19247.09
130,3,2010,23237.02
130,3,2011,26208.63
130,3,2012,25667.87
130,3,2013,24060.49
130,3,2014,22487.26
130,3,2015,23456.74
130,3,2016,27167.2
130,3,2017,33132.63
130,3,2018,37294.4
130,3,2019,38490.79
130,3,2020,38587.62
130,3,2021,37786.56
130,3,2022,36992.66
130,3,2023,36444.6
131,3,1980,407.27
131,3,1981,426.6
131,3,1982,452.42
131,3,1983,480.6
131,3,1984,496.31
131,3,1985,515.05
131,3,1986,534.51
131,3,1987,568.28
131,3,1988,515.26
131,3,1989,480.18
131,3,1990,485.01
131,3,1991,505.53
131,3,1992,516.2
131,3,1993,529.51
131,3,1994,549.61
131,3,1995,566.69
131,3,1996,573.43
131,3,1997,572.26
131,3,1998,576.75
131,3,1999,572.61
131,3,2000,588.21
131,3,2001,605.53
131,3,2002,639.53
131,3,2003,681.74
131,3,2004,708.17
131,3,2005,729.5
131,3,2006,716.79
131,3,2007,715.59
131,3,2008,713.09
131,3,2009,703.59
131,3,2010,670.38
131,3,2011,653.78
131,3,2012,643
131,3,2013,628.02
131,3,2014,620.59
131,3,2015,601.55
131,3,2016,604.35
131,3,2017,594.1
131,3,2018,602.09
131,3,2019,591.12
131,3,2020,603.09
131,3,2021,600.94
131,3,2022,569.86
131,3,2023,584.83
132,3,1980,122.48
132,3,1981,127.31
132,3,1982,127.36
132,3,1983,128.15
132,3,1984,135.09
132,3,1985,159.62
132,3,1986,173.96
132,3,1987,196.43
132,3,1988,212.48
132,3,1989,231.37
132,3,1990,232.76
132,3,1991,239.67
132,3,1992,259.08
132,3,1993,297.76
132,3,1994,311.15
132,3,1995,323.26
132,3,1996,316.81
132,3,1997,329.89
132,3,1998,328.92
132,3,1999,329.37
132,3,2000,345.11
132,3,2001,367
132,3,2002,392.12
132,3,2003,385.86
132,3,2004,391.37
132,3,2005,419.14
132,3,2006,454.89
132,3,2007,521.59
132,3,2008,622.79
132,3,2009,717.08
132,3,2010,747.45
132,3,2011,747.7
132,3,2012,729.55
132,3,2013,690
132,3,2014,643.84
132,3,2015,590.42
132,3,2016,549.6
132,3,2017,551.72
132,3,2018,580.54
132,3,2019,622
132,3,2020,664.19
132,3,2021,715.85
132,3,2022,656.6
132,3,2023,668.25
133,3,1980,1834.17
133,3,1981,1774.09
133,3,1982,1914.79
133,3,1983,2054.01
133,3,1984,1894.58
133,3,1985,1775.31
133,3,1986,1685.85
133,3,1987,1824.66
133,3,1988,2080.92
133,3,1989,2569.54
133,3,1990,2957.17
133,3,1991,3331.59
133,3,1992,3812.93
133,3,1993,4316.37
133,3,1994,4855.14
133,3,1995,5059.28
133,3,1996,5186.11
133,3,1997,5029.62
133,3,1998,5439.84
133,3,1999,6555.77
133,3,2000,8101.13
133,3,2001,9117.07
133,3,2002,10465.54
133,3,2003,11603.95
133,3,2004,11204.38
133,3,2005,11309.37
133,3,2006,12223.52
133,3,2007,13364.92
133,3,2008,14278.07
133,3,2009,14489.99
133,3,2010,14164.32
133,3,2011,14141.81
133,3,2012,14844.95
133,3,2013,14675.21
133,3,2014,15588.62
133,3,2015,17086.8
133,3,2016,19048.84
133,3,2017,18247.58
133,3,2018,17288.61
133,3,2019,14876.14
133,3,2020,13840.3
133,3,2021,13294.85
133,3,2022,12621.44
133,3,2023,11582.86
135,3,1980,26214.6
135,3,1981,25712.62
135,3,1982,26235.63
135,3,1983,28297.63
135,3,1984,30757.88
135,3,1985,31887.28
135,3,1986,33719.75
135,3,1987,35099.75
135,3,1988,36309.99
135,3,1989,39056.99
135,3,1990,40191.49
135,3,1991,39946.78
135,3,1992,39604.07
135,3,1993,41824.35
135,3,1994,43272.81
135,3,1995,45424.82
135,3,1996,46875.59
135,3,1997,48546.82
135,3,1998,51052.44
135,3,1999,51844.68
135,3,2000,54116.25
135,3,2001,56657.32
135,3,2002,58627.12
135,3,2003,58861.85
135,3,2004,57149.99
135,3,2005,55912.64
135,3,2006,55535.75
135,3,2007,55947.25
135,3,2008,57389.99
135,3,2009,59037.97
135,3,2010,59169.32
135,3,2011,59481.66
135,3,2012,62176.23
135,3,2013,63284.11
135,3,2014,64974.54
135,3,2015,65875.69
135,3,2016,67858.87
135,3,2017,67376.73
135,3,2018,61782.83
135,3,2019,55744.81
135,3,2020,55080.05
135,3,2021,52952.19
135,3,2022,52420.49
135,3,2023,52229.21
136,3,1980,286.04
136,3,1981,275.38
136,3,1982,265.88
136,3,1983,265.75
136,3,1984,270.77
136,3,1985,266.79
136,3,1986,269.07
136,3,1987,272.16
136,3,1988,281.19
136,3,1989,291.85
136,3,1990,315.23
136,3,1991,331.36
136,3,1992,367.94
136,3,1993,431.38
136,3,1994,520.58
136,3,1995,604.48
136,3,1996,679.94
136,3,1997,737.55
136,3,1998,778.84
136,3,1999,846.98
136,3,2000,898.36
136,3,2001,938.03
136,3,2002,974.88
136,3,2003,999.99
136,3,2004,1006.93
136,3,2005,975.19
136,3,2006,962.16
136,3,2007,921.16
136,3,2008,905.86
136,3,2009,908.91
136,3,2010,869.54
136,3,2011,832.66
136,3,2012,827.51
136,3,2013,815.72
136,3,2014,824.69
136,3,2015,836
136,3,2016,832.86
136,3,2017,807.74
136,3,2018,795.74
136,3,2019,817.38
136,3,2020,820.58
136,3,2021,877.36
136,3,2022,914.02
136,3,2023,902.25
139,3,1980,542.5
139,3,1981,545.15
139,3,1982,532.5
139,3,1983,511.09
139,3,1984,478.4
139,3,1985,460.93
139,3,1986,449.23
139,3,1987,464.6
139,3,1988,480.25
139,3,1989,496.92
139,3,1990,505.96
139,3,1991,499.53
139,3,1992,514.08
139,3,1993,535.42
139,3,1994,586.64
139,3,1995,635.5
139,3,1996,595.24
139,3,1997,878.03
139,3,1998,779.61
139,3,1999,667.81
139,3,2000,671.75
139,3,2001,685.25
139,3,2002,685.75
139,3,2003,675.23
139,3,2004,633.26
139,3,2005,609.85
139,3,2006,599.26
139,3,2007,573.5
139,3,2008,564.86
139,3,2009,558.68
139,3,2010,548.04
139,3,2011,539.99
139,3,2012,529.57
139,3,2013,542.56
139,3,2014,517.45
139,3,2015,507.86
139,3,2016,511.85
139,3,2017,555.28
139,3,2018,561.06
139,3,2019,517.71
139,3,2020,517.15
139,3,2021,506.74
139,3,2022,520.36
139,3,2023,498.52
140,3,1980,4.26
140,3,1981,4.74
140,3,1982,4.97
140,3,1983,5.28
140,3,1984,5.56
140,3,1985,5.64
140,3,1986,5.94
140,3,1987,6.39
140,3,1988,6.57
140,3,1989,6.83
140,3,1990,7.41
140,3,1991,7.67
140,3,1992,7.93
140,3,1993,8.37
140,3,1994,8.82
140,3,1995,9.14
140,3,1996,9.71
140,3,1997,9.8
140,3,1998,11.42
140,3,1999,12.92
140,3,2000,13.96
140,3,2001,15
140,3,2002,16.36
140,3,2003,18.17
140,3,2004,21.33
140,3,2005,23.09
140,3,2006,24.3
140,3,2007,25.27
140,3,2008,27.3
140,3,2009,29
140,3,2010,30.07
140,3,2011,28.53
140,3,2012,28.12
140,3,2013,27.85
140,3,2014,28.37
140,3,2015,26.9
140,3,2016,25.82
140,3,2017,25.03
140,3,2018,23.9
140,3,2019,21.95
140,3,2020,22
140,3,2021,21.25
140,3,2022,20.95
140,3,2023,20.76
141,3,1980,370.98
141,3,1981,378.59
141,3,1982,383.8
141,3,1983,385.61
141,3,1984,387.93
141,3,1985,402.97
141,3,1986,375.25
141,3,1987,337.41
141,3,1988,309.75
141,3,1989,286.69
141,3,1990,258.15
141,3,1991,234.56
141,3,1992,212.75
141,3,1993,204.22
141,3,1994,201.03
141,3,1995,206.73
141,3,1996,206.17
141,3,1997,210.19
141,3,1998,214.18
141,3,1999,219.12
141,3,2000,222.39
141,3,2001,240.06
141,3,2002,266.51
141,3,2003,312.25
141,3,2004,367.65
141,3,2005,429.05
141,3,2006,502.2
141,3,2007,561.62
141,3,2008,625.97
141,3,2009,673.64
141,3,2010,796.8
141,3,2011,938.48
141,3,2012,1116.5
141,3,2013,1261.63
141,3,2014,1290.67
141,3,2015,1358.39
141,3,2016,1453.28
141,3,2017,1444.81
141,3,2018,1441.08
141,3,2019,1381.66
141,3,2020,1394.28
141,3,2021,1402.32
141,3,2022,1073.14
141,3,2023,1073.65
142,3,1980,1319.91
142,3,1981,1390.55
142,3,1982,1428.96
142,3,1983,1508.87
142,3,1984,1558.17
142,3,1985,1629.09
142,3,1986,1672.58
142,3,1987,1744.76
142,3,1988,1800.37
142,3,1989,1842.82
142,3,1990,1876.78
142,3,1991,1868.14
142,3,1992,1810.25
142,3,1993,1831.16
142,3,1994,1827.41
142,3,1995,1818.47
142,3,1996,1811.28
142,3,1997,1826.44
142,3,1998,1872.92
142,3,1999,1888.01
142,3,2000,1883.31
142,3,2001,1923.43
142,3,2002,1931.31
142,3,2003,1966.58
142,3,2004,1968.05
142,3,2005,1950.39
142,3,2006,1960.28
142,3,2007,2020.67
142,3,2008,2112.39
142,3,2009,2191.76
142,3,2010,2342.5
142,3,2011,2311.69
142,3,2012,2361.55
142,3,2013,2418.44
142,3,2014,2454.8
142,3,2015,2537.56
142,3,2016,2554.96
142,3,2017,2547.99
142,3,2018,2515.54
142,3,2019,2451.45
142,3,2020,2493.57
142,3,2021,2595.45
142,3,2022,2432.93
142,3,2023,2365.8
143,3,1980,543.16
143,3,1981,565.56
143,3,1982,575.58
143,3,1983,613.17
143,3,1984,654.05
143,3,1985,704.96
143,3,1986,747.05
143,3,1987,789.03
143,3,1988,818.56
143,3,1989,857.92
143,3,1990,891.55
143,3,1991,956.38
143,3,1992,1334.68
143,3,1993,1174.45
143,3,1994,1854.41
143,3,1995,1905.72
143,3,1996,1465.01
143,3,1997,1693.09
143,3,1998,1445.62
143,3,1999,1488.99
143,3,2000,1654.73
143,3,2001,1652.51
143,3,2002,1888.31
143,3,2003,2255.9
143,3,2004,2717.12
143,3,2005,3041.91
143,3,2006,3522.29
143,3,2007,4054.83
143,3,2008,4176.49
143,3,2009,4483.12
143,3,2010,4964.92
143,3,2011,5037.73
143,3,2012,5312.28
143,3,2013,5487.74
143,3,2014,5866.27
143,3,2015,5798.47
143,3,2016,5724.07
143,3,2017,5747.36
143,3,2018,5909.15
143,3,2019,5897.78
143,3,2020,6980.7
143,3,2021,7029.49
143,3,2022,6541.55
143,3,2023,6418.03
144,3,1980,181.31
144,3,1981,188.56
144,3,1982,201.98
144,3,1983,178.47
144,3,1984,166.55
144,3,1985,155.72
144,3,1986,143.75
144,3,1987,137.15
144,3,1988,129.77
144,3,1989,128.11
144,3,1990,125.44
144,3,1991,126.69
144,3,1992,127.1
144,3,1993,137.02
144,3,1994,144.96
144,3,1995,149.69
144,3,1996,157.11
144,3,1997,159.94
144,3,1998,170.87
144,3,1999,183.16
144,3,2000,194.46
144,3,2001,209.28
144,3,2002,219.49
144,3,2003,227.97
144,3,2004,236.37
144,3,2005,238.87
144,3,2006,237.74
144,3,2007,248.12
144,3,2008,262.86
144,3,2009,261.24
144,3,2010,268.73
144,3,2011,265.8
144,3,2012,282.6
144,3,2013,286.96
144,3,2014,299.59
144,3,2015,319.68
144,3,2016,330.64
144,3,2017,326.42
144,3,2018,322.4
144,3,2019,319.53
144,3,2020,322.57
144,3,2021,324.55
144,3,2022,300.24
144,3,2023,293.32
145,3,1980,9.32
145,3,1981,9.06
145,3,1982,9.99
145,3,1983,12.01
145,3,1984,20.3
145,3,1985,24.38
145,3,1986,15.65
145,3,1987,13.88
145,3,1988,13.43
145,3,1989,14.11
145,3,1990,19.57
145,3,1991,25.16
145,3,1992,25.24
145,3,1993,27.7
145,3,1994,27.74
145,3,1995,31.09
145,3,1996,31.13
145,3,1997,17.87
145,3,1998,19.87
145,3,1999,24.57
145,3,2000,26.27
145,3,2001,29.58
145,3,2002,31.27
145,3,2003,36.05
145,3,2004,52.92
145,3,2005,40.7
145,3,2006,36.64
145,3,2007,28.12
145,3,2008,33.07
145,3,2009,30.02
145,3,2010,32.81
145,3,2011,31.46
145,3,2012,35.07
145,3,2013,41.36
145,3,2014,51.4
145,3,2015,55.1
145,3,2016,52.21
145,3,2017,54.79
145,3,2018,53.57
145,3,2019,40.12
145,3,2020,40.95
145,3,2021,39.4
145,3,2022,41.49
145,3,2023,41.35
146,3,1980,133.59
146,3,1981,138.08
146,3,1982,142.02
146,3,1983,147.33
146,3,1984,149.34
146,3,1985,150.36
146,3,1986,152.45
146,3,1987,146.39
146,3,1988,151.91
146,3,1989,478.56
146,3,1990,1302.46
146,3,1991,184.27
146,3,1992,189.2
146,3,1993,191.61
146,3,1994,207.78
146,3,1995,189.18
146,3,1996,168.83
146,3,1997,159.73
146,3,1998,171.39
146,3,1999,165.27
146,3,2000,155.04
146,3,2001,122.89
146,3,2002,115.75
146,3,2003,106.95
146,3,2004,97.8
146,3,2005,89.6
146,3,2006,81.49
146,3,2007,75.3
146,3,2008,108.39
146,3,2009,65.65
146,3,2010,64.35
146,3,2011,61.85
146,3,2012,115.29
146,3,2013,193.86
146,3,2014,146.6
146,3,2015,199.04
146,3,2016,112.92
146,3,2017,298.18
146,3,2018,79.85
146,3,2019,80.34
146,3,2020,87.83
146,3,2021,69.21
146,3,2022,77.81
146,3,2023,76.71
147,3,1980,86.9
147,3,1981,92.54
147,3,1982,96.72
147,3,1983,100.23
147,3,1984,104.12
147,3,1985,107.95
147,3,1986,109.42
147,3,1987,112.82
147,3,1988,116.13
147,3,1989,117.29
147,3,1990,119.82
147,3,1991,118.39
147,3,1992,119.7
147,3,1993,123
147,3,1994,124.76
147,3,1995,127.72
147,3,1996,130.23
147,3,1997,137.94
147,3,1998,142.96
147,3,1999,150.24
147,3,2000,155.32
147,3,2001,166.56
147,3,2002,175.16
147,3,2003,180.28
147,3,2004,175.07
147,3,2005,170
147,3,2006,156.26
147,3,2007,160.13
147,3,2008,175.35
147,3,2009,171.23
147,3,2010,176.79
147,3,2011,178.33
147,3,2012,549.81
147,3,2013,176.31
147,3,2014,1345.28
147,3,2015,1374.36
147,3,2016,772.24
147,3,2017,869.26
147,3,2018,798.94
147,3,2019,185.93
147,3,2020,204.56
147,3,2021,205.65
147,3,2022,192.44
147,3,2023,174.71
148,3,1980,239.08
148,3,1981,226.33
148,3,1982,206.73
148,3,1983,196.78
148,3,1984,181.1
148,3,1985,170.97
148,3,1986,158.87
148,3,1987,152.91
148,3,1988,143.62
148,3,1989,137.89
148,3,1990,129.57
148,3,1991,131.33
148,3,1992,139.38
148,3,1993,152.01
148,3,1994,171.91
148,3,1995,198.14
148,3,1996,222.84
148,3,1997,260.65
148,3,1998,297.53
148,3,1999,338.12
148,3,2000,369.1
148,3,2001,400.44
148,3,2002,413.34
148,3,2003,426.38
148,3,2004,430.49
148,3,2005,433.08
148,3,2006,434.16
148,3,2007,428.08
148,3,2008,415.76
148,3,2009,408.63
148,3,2010,398.03
148,3,2011,383.66
148,3,2012,372.52
148,3,2013,371.13
148,3,2014,364.84
148,3,2015,374.45
148,3,2016,370.99
148,3,2017,364.91
148,3,2018,352.28
148,3,2019,341.88
148,3,2020,356.93
148,3,2021,338.5
148,3,2022,303.85
148,3,2023,289.37
149,3,1980,37.05
149,3,1981,37.08
149,3,1982,36.45
149,3,1983,37.1
149,3,1984,38.61
149,3,1985,40.48
149,3,1986,41.56
149,3,1987,43
149,3,1988,45.05
149,3,1989,46.75
149,3,1990,48.17
149,3,1991,52.32
149,3,1992,53.13
149,3,1993,54.28
149,3,1994,56.88
149,3,1995,58.67
149,3,1996,62.07
149,3,1997,63.61
149,3,1998,68.68
149,3,1999,75.15
149,3,2000,84.25
149,3,2001,97.85
149,3,2002,114.32
149,3,2003,125.54
149,3,2004,141.31
149,3,2005,153.38
149,3,2006,202.86
149,3,2007,419.05
149,3,2008,218.06
149,3,2009,210.64
149,3,2010,223.09
149,3,2011,234.82
149,3,2012,262.83
149,3,2013,278.27
149,3,2014,288.9
149,3,2015,267.99
149,3,2016,251.75
149,3,2017,235.09
149,3,2018,221.54
149,3,2019,197.2
149,3,2020,183.74
149,3,2021,175.42
149,3,2022,184.12
149,3,2023,179.14
150,3,1980,14.92
150,3,1981,14.39
150,3,1982,14.24
150,3,1983,14.08
150,3,1984,14.12
150,3,1985,14.02
150,3,1986,13.79
150,3,1987,13.92
150,3,1988,14.09
150,3,1989,14.1
150,3,1990,14.24
150,3,1991,13.44
150,3,1992,13.22
150,3,1993,13.48
150,3,1994,14.07
150,3,1995,14.22
150,3,1996,13.94
150,3,1997,13.66
150,3,1998,13.86
150,3,1999,13.87
150,3,2000,13.94
150,3,2001,13.58
150,3,2002,13.8
150,3,2003,14.55
150,3,2004,15.4
150,3,2005,15.6
150,3,2006,16.05
150,3,2007,16.23
150,3,2008,17.12
150,3,2009,17.79
150,3,2010,18.39
150,3,2011,19.45
150,3,2012,21.38
150,3,2013,22.45
150,3,2014,23.46
150,3,2015,24.88
150,3,2016,26.74
150,3,2017,26.6
150,3,2018,25.59
150,3,2019,24.23
150,3,2020,25.89
150,3,2021,27.4
150,3,2022,26.84
150,3,2023,27.6
151,3,1980,3.36
151,3,1981,3.5
151,3,1982,3.53
151,3,1983,3.58
151,3,1984,3.34
151,3,1985,3.19
151,3,1986,3.12
151,3,1987,3.01
151,3,1988,2.82
151,3,1989,2.54
151,3,1990,2.55
151,3,1991,2.51
151,3,1992,2.53
151,3,1993,2.59
151,3,1994,2.78
151,3,1995,2.99
151,3,1996,3.02
151,3,1997,2.93
151,3,1998,2.93
151,3,1999,2.88
151,3,2000,2.88
151,3,2001,3.44
151,3,2002,3.97
151,3,2003,4.59
151,3,2004,5.86
151,3,2005,7.35
151,3,2006,9.1
151,3,2007,10.89
151,3,2008,12.32
151,3,2009,13.42
151,3,2010,14.49
151,3,2011,14.58
151,3,2012,14.91
151,3,2013,15.13
151,3,2014,15.34
151,3,2015,14.76
151,3,2016,13.97
151,3,2017,13.27
151,3,2018,11.82
151,3,2019,10.71
151,3,2020,10.04
151,3,2021,9.61
151,3,2022,10.02
151,3,2023,10.04
152,3,1980,125.17
152,3,1981,129.72
152,3,1982,133.78
152,3,1983,141.72
152,3,1984,152.12
152,3,1985,163.41
152,3,1986,174.93
152,3,1987,189.79
152,3,1988,205.82
152,3,1989,220.51
152,3,1990,234.4
152,3,1991,243.5
152,3,1992,245.58
152,3,1993,256.45
152,3,1994,263.32
152,3,1995,267.43
152,3,1996,274.04
152,3,1997,275.56
152,3,1998,284.93
152,3,1999,292.96
152,3,2000,297.36
152,3,2001,307.06
152,3,2002,317.48
152,3,2003,328
152,3,2004,334.16
152,3,2005,343.51
152,3,2006,353.43
152,3,2007,362.65
152,3,2008,369.49
152,3,2009,380.49
152,3,2010,393.21
152,3,2011,383.68
152,3,2012,385.48
152,3,2013,387.29
152,3,2014,400.04
152,3,2015,401.45
152,3,2016,402.43
152,3,2017,404.24
152,3,2018,397.57
152,3,2019,388.61
152,3,2020,391.87
152,3,2021,374.84
152,3,2022,383.7
152,3,2023,383.33
153,3,1980,284.89
153,3,1981,280.15
153,3,1982,262.52
153,3,1983,256.79
153,3,1984,242.35
153,3,1985,241.38
153,3,1986,234.48
153,3,1987,224.9
153,3,1988,212.32
153,3,1989,207.09
153,3,1990,199.16
153,3,1991,192.6
153,3,1992,186.41
153,3,1993,186.53
153,3,1994,196.62
153,3,1995,213.66
153,3,1996,238.88
153,3,1997,264.69
153,3,1998,312.51
153,3,1999,361.29
153,3,2000,381.62
153,3,2001,398.48
153,3,2002,411.37
153,3,2003,408.69
153,3,2004,424.34
153,3,2005,434.83
153,3,2006,443.99
153,3,2007,449.64
153,3,2008,476.42
153,3,2009,474.08
153,3,2010,485.16
153,3,2011,456.88
153,3,2012,455.14
153,3,2013,624.37
153,3,2014,1429.07
153,3,2015,831.49
153,3,2016,1257.48
153,3,2017,1687.3
153,3,2018,758.9
153,3,2019,472.46
153,3,2020,1070.56
153,3,2021,671.65
153,3,2022,965.23
153,3,2023,879.24
154,3,1980,122.23
154,3,1981,125.02
154,3,1982,125.4
154,3,1983,123.22
154,3,1984,119.92
154,3,1985,119.45
154,3,1986,119.89
154,3,1987,120.59
154,3,1988,121.68
154,3,1989,123.67
154,3,1990,126.08
154,3,1991,125.25
154,3,1992,126.8
154,3,1993,128.15
154,3,1994,129.11
154,3,1995,128.41
154,3,1996,126.59
154,3,1997,127.93
154,3,1998,126.95
154,3,1999,133.27
154,3,2000,137.04
154,3,2001,142.5
154,3,2002,144.07
154,3,2003,146.17
154,3,2004,144.96
154,3,2005,144.73
154,3,2006,146.7
154,3,2007,145.8
154,3,2008,145.1
154,3,2009,145.2
154,3,2010,146.48
154,3,2011,146.29
154,3,2012,149.85
154,3,2013,150.85
154,3,2014,154.37
154,3,2015,173.99
154,3,2016,192.32
154,3,2017,419.48
154,3,2018,365.89
154,3,2019,177.17
154,3,2020,144.61
154,3,2021,128.89
154,3,2022,132.94
154,3,2023,132.33
155,3,1980,2016.21
155,3,1981,2038.27
155,3,1982,1980.43
155,3,1983,2005.83
155,3,1984,2095.04
155,3,1985,2120.77
155,3,1986,2168.29
155,3,1987,2133.45
155,3,1988,2137.46
155,3,1989,2178.92
155,3,1990,2170.79
155,3,1991,2171.93
155,3,1992,2138.83
155,3,1993,2190.5
155,3,1994,2274.85
155,3,1995,2231.72
155,3,1996,2194.68
155,3,1997,2099.64
155,3,1998,2097.45
155,3,1999,2045.45
155,3,2000,1928.84
155,3,2001,1907.03
155,3,2002,1816.44
155,3,2003,1726.72
155,3,2004,1584.11
155,3,2005,1482.08
155,3,2006,1430.17
155,3,2007,1375.45
155,3,2008,1309.77
155,3,2009,1303.15
155,3,2010,1326.69
155,3,2011,1294.73
155,3,2012,1376.48
155,3,2013,1475.35
155,3,2014,1592.61
155,3,2015,1627.45
155,3,2016,1691.65
155,3,2017,1686.46
155,3,2018,1667.19
155,3,2019,1565.86
155,3,2020,1534.9
155,3,2021,1509.71
155,3,2022,1599.16
155,3,2023,1607.42
156,3,1980,24.8
156,3,1981,23.84
156,3,1982,22.49
156,3,1983,21.3
156,3,1984,20.88
156,3,1985,21.14
156,3,1986,20.58
156,3,1987,20.25
156,3,1988,20
156,3,1989,19.79
156,3,1990,20.09
156,3,1991,20.21
156,3,1992,20.59
156,3,1993,21.75
156,3,1994,22.57
156,3,1995,23.05
156,3,1996,23.96
156,3,1997,24.36
156,3,1998,26.17
156,3,1999,27.37
156,3,2000,27.84
156,3,2001,28.38
156,3,2002,29.96
156,3,2003,31.59
156,3,2004,32.64
156,3,2005,37.73
156,3,2006,42.06
156,3,2007,54.04
156,3,2008,63.15
156,3,2009,78.28
156,3,2010,87.37
156,3,2011,85.88
156,3,2012,83.04
156,3,2013,89.29
156,3,2014,88.4
156,3,2015,86.33
156,3,2016,83.15
156,3,2017,78.69
156,3,2018,72.91
156,3,2019,66.93
156,3,2020,62.8
156,3,2021,54.86
156,3,2022,55.4
156,3,2023,55.18
157,3,1980,234.3
157,3,1981,227.39
157,3,1982,223.13
157,3,1983,219.6
157,3,1984,219.92
157,3,1985,219.83
157,3,1986,222.48
157,3,1987,225.51
157,3,1988,228.96
157,3,1989,232.59
157,3,1990,241.05
157,3,1991,245.86
157,3,1992,247.95
157,3,1993,256.35
157,3,1994,263.81
157,3,1995,269.07
157,3,1996,274.65
157,3,1997,282.28
157,3,1998,287.93
157,3,1999,293.76
157,3,2000,308
157,3,2001,314.19
157,3,2002,331.17
157,3,2003,350.06
157,3,2004,373.64
157,3,2005,393.06
157,3,2006,408.3
157,3,2007,431.8
157,3,2008,454.04
157,3,2009,462.95
157,3,2010,465.27
157,3,2011,444.44
157,3,2012,451.63
157,3,2013,451.17
157,3,2014,921.53
157,3,2015,871.41
157,3,2016,1474.33
157,3,2017,934.07
157,3,2018,871.33
157,3,2019,655.9
157,3,2020,1053.79
157,3,2021,763.53
157,3,2022,931.84
157,3,2023,672.6
160,3,1980,1003.27
160,3,1981,909.34
160,3,1982,716.29
160,3,1983,598.3
160,3,1984,571.02
160,3,1985,589.96
160,3,1986,583.17
160,3,1987,579.32
160,3,1988,561.89
160,3,1989,775.64
160,3,1990,625.31
160,3,1991,850.53
160,3,1992,717.55
160,3,1993,802.2
160,3,1994,1142.85
160,3,1995,1296.49
160,3,1996,1630.04
160,3,1997,1296.68
160,3,1998,1451.17
160,3,1999,1375.47
160,3,2000,1415.78
160,3,2001,1408.44
160,3,2002,1495.02
160,3,2003,1633.63
160,3,2004,1636.76
160,3,2005,1562.3
160,3,2006,1627.03
160,3,2007,1580.87
160,3,2008,1543.26
160,3,2009,1486.33
160,3,2010,1646.78
160,3,2011,1552.82
160,3,2012,1500.26
160,3,2013,1563.81
160,3,2014,1595.65
160,3,2015,2235.42
160,3,2016,2185.51
160,3,2017,2286.15
160,3,2018,2572.99
160,3,2019,2004.37
160,3,2020,2344.99
160,3,2021,2543.4
160,3,2022,2389.46
160,3,2023,2269.72
161,3,1980,1661.58
161,3,1981,1763.13
161,3,1982,1920.18
161,3,1983,2138
161,3,1984,2363.44
161,3,1985,2619.27
161,3,1986,2842.98
161,3,1987,3138.77
161,3,1988,3449.41
161,3,1989,3692.04
161,3,1990,3974.46
161,3,1991,4202.25
161,3,1992,4345.35
161,3,1993,4497.17
161,3,1994,4595.88
161,3,1995,4729.78
161,3,1996,4767.05
161,3,1997,4670.33
161,3,1998,4621.63
161,3,1999,4500.43
161,3,2000,4345.06
161,3,2001,4211.96
161,3,2002,4030.54
161,3,2003,3880.94
161,3,2004,3675.5
161,3,2005,3609.45
161,3,2006,3566.44
161,3,2007,3474.39
161,3,2008,3421.61
161,3,2009,3447.01
161,3,2010,3447.94
161,3,2011,3482.64
161,3,2012,3358.06
161,3,2013,3457.86
161,3,2014,3476.4
161,3,2015,3594.3
161,3,2016,3721.02
161,3,2017,3833.59
161,3,2018,3856.8
161,3,2019,3961.75
161,3,2020,3753.51
161,3,2021,3537.41
161,3,2022,3738.23
161,3,2023,3897.29
162,3,1980,10.29
162,3,1981,10.57
162,3,1982,10.68
162,3,1983,10.98
162,3,1984,11.23
162,3,1985,11.68
162,3,1986,12.02
162,3,1987,12.03
162,3,1988,12.55
162,3,1989,12.85
162,3,1990,13.68
162,3,1991,13.74
162,3,1992,14.23
162,3,1993,13.78
162,3,1994,13.07
162,3,1995,13.4
162,3,1996,13.55
162,3,1997,14.01
162,3,1998,14.27
162,3,1999,13.74
162,3,2000,15.02
162,3,2001,14.63
162,3,2002,13.58
162,3,2003,12.09
162,3,2004,11.54
162,3,2005,11.64
162,3,2006,11.3
162,3,2007,10.94
162,3,2008,10.82
162,3,2009,10.84
162,3,2010,10.85
162,3,2011,10.69
162,3,2012,10.52
162,3,2013,10.56
162,3,2014,10.39
162,3,2015,10.19
162,3,2016,10
162,3,2017,9.68
162,3,2018,9.25
162,3,2019,8.95
162,3,2020,8.87
162,3,2021,8.76
162,3,2022,8.78
162,3,2023,8.33
163,3,1980,34859.5
163,3,1981,34765.77
163,3,1982,35310.35
163,3,1983,35910.8
163,3,1984,40931.47
163,3,1985,38127.78
163,3,1986,38828.01
163,3,1987,39835.49
163,3,1988,40126.95
163,3,1989,40611.92
163,3,1990,42011.05
163,3,1991,40535.94
163,3,1992,40883.69
163,3,1993,40830.44
163,3,1994,40702.99
163,3,1995,41379.52
163,3,1996,41984.89
163,3,1997,42886.95
163,3,1998,44643.63
163,3,1999,45370.66
163,3,2000,45581.55
163,3,2001,45588.01
163,3,2002,46936.54
163,3,2003,45019.8
163,3,2004,45105.16
163,3,2005,45425.87
163,3,2006,45707.59
163,3,2007,45778.53
163,3,2008,45934.76
163,3,2009,45920.61
163,3,2010,45098.22
163,3,2011,42941.49
163,3,2012,41147.16
163,3,2013,41282.97
163,3,2014,41104.47
163,3,2015,41484.06
163,3,2016,42361.92
163,3,2017,43520.02
163,3,2018,43383.21
163,3,2019,43480.43
163,3,2020,45472.71
163,3,2021,52305.27
163,3,2022,46760.55
163,3,2023,44288.39
164,3,1980,226.63
164,3,1981,225.72
164,3,1982,230.08
164,3,1983,233.74
164,3,1984,241.4
164,3,1985,249.65
164,3,1986,257.92
164,3,1987,273.23
164,3,1988,288.24
164,3,1989,300.88
164,3,1990,319.06
164,3,1991,338.5
164,3,1992,357.13
164,3,1993,374.66
164,3,1994,393.61
164,3,1995,409.47
164,3,1996,421.45
164,3,1997,427.16
164,3,1998,451.46
164,3,1999,466.99
164,3,2000,479.34
164,3,2001,508.97
164,3,2002,531.61
164,3,2003,550.12
164,3,2004,573.56
164,3,2005,600.85
164,3,2006,612.41
164,3,2007,648.32
164,3,2008,632.2
164,3,2009,654.38
164,3,2010,652.51
164,3,2011,637.58
164,3,2012,630.52
164,3,2013,632.83
164,3,2014,628.59
164,3,2015,622.08
164,3,2016,623.85
164,3,2017,609.12
164,3,2018,590.39
164,3,2019,597.67
164,3,2020,605.64
164,3,2021,587.29
164,3,2022,533.74
164,3,2023,526.75
165,3,1980,2229.58
165,3,1981,2288.11
165,3,1982,2320.12
165,3,1983,2377.76
165,3,1984,2476.99
165,3,1985,2583
165,3,1986,2636.67
165,3,1987,2769.06
165,3,1988,2886.36
165,3,1989,3056.61
165,3,1990,3385.03
165,3,1991,3188.74
165,3,1992,3312.44
165,3,1993,3447.5
165,3,1994,3566.18
165,3,1995,3619.1
165,3,1996,3680.73
165,3,1997,3824.55
165,3,1998,3980.01
165,3,1999,4085.13
165,3,2000,4212.31
165,3,2001,4353.19
165,3,2002,4494.15
165,3,2003,4510.51
165,3,2004,4621.54
165,3,2005,4582.84
165,3,2006,4676.09
165,3,2007,5233.6
165,3,2008,5549.27
165,3,2009,5252.62
165,3,2010,5353.62
165,3,2011,5228.53
165,3,2012,5196.05
165,3,2013,5282.43
165,3,2014,5321.97
165,3,2015,5395.3
165,3,2016,5596.94
165,3,2017,5677.82
165,3,2018,5785.31
165,3,2019,5876.45
165,3,2020,6291.61
165,3,2021,6355.42
165,3,2022,5765.26
165,3,2023,6078.99
168,3,1980,588.62
168,3,1981,614.32
168,3,1982,637.13
168,3,1983,665.01
168,3,1984,674.26
168,3,1985,692.27
168,3,1986,729.77
168,3,1987,754.71
168,3,1988,766.61
168,3,1989,822.85
168,3,1990,814.05
168,3,1991,824.62
168,3,1992,838.58
168,3,1993,887.22
168,3,1994,927.25
168,3,1995,930.86
168,3,1996,866.62
168,3,1997,859.65
168,3,1998,941.06
168,3,1999,966.44
168,3,2000,974.43
168,3,2001,998.46
168,3,2002,1023.15
168,3,2003,1061.26
168,3,2004,1118.84
168,3,2005,1134.29
168,3,2006,1151.49
168,3,2007,1175.02
168,3,2008,1185.44
168,3,2009,1203.92
168,3,2010,1222.76
168,3,2011,1219.44
168,3,2012,1238.31
168,3,2013,1275.31
168,3,2014,1286.19
168,3,2015,1337.61
168,3,2016,1359.45
168,3,2017,1412.74
168,3,2018,1456.79
168,3,2019,1534.44
168,3,2020,1656.57
168,3,2021,1731.6
168,3,2022,1701.3
168,3,2023,1757.55
169,3,1980,231.54
169,3,1981,238.4
169,3,1982,244.33
169,3,1983,243.96
169,3,1984,249.22
169,3,1985,256.64
169,3,1986,277.75
169,3,1987,288.14
169,3,1988,286.65
169,3,1989,292.99
169,3,1990,302.04
169,3,1991,317.86
169,3,1992,325.03
169,3,1993,349.75
169,3,1994,363.75
169,3,1995,367.43
169,3,1996,387.95
169,3,1997,390.17
169,3,1998,411.6
169,3,1999,421.05
169,3,2000,421.44
169,3,2001,431.38
169,3,2002,448.17
169,3,2003,455.93
169,3,2004,462.4
169,3,2005,471.46
169,3,2006,487.27
169,3,2007,498.62
169,3,2008,490.41
169,3,2009,508.02
169,3,2010,536.98
169,3,2011,610.24
169,3,2012,543.86
169,3,2013,952.65
169,3,2014,1683.7
169,3,2015,891.12
169,3,2016,843.3
169,3,2017,1740.6
169,3,2018,1000.05
169,3,2019,720.11
169,3,2020,958.24
169,3,2021,821.14
169,3,2022,803.23
169,3,2023,801.14
170,3,1980,133.63
170,3,1981,126.92
170,3,1982,132.38
170,3,1983,147.37
170,3,1984,142.96
170,3,1985,145.6
170,3,1986,145.21
170,3,1987,157.12
170,3,1988,166.12
170,3,1989,160
170,3,1990,167.47
170,3,1991,169.42
170,3,1992,175.98
170,3,1993,182.21
170,3,1994,206.69
170,3,1995,214.04
170,3,1996,220.9
170,3,1997,242.35
170,3,1998,228.14
170,3,1999,236.56
170,3,2000,236.43
170,3,2001,223.77
170,3,2002,224.06
170,3,2003,236.26
170,3,2004,236.85
170,3,2005,245.69
170,3,2006,247.15
170,3,2007,251.25
170,3,2008,255.54
170,3,2009,258.47
170,3,2010,255.97
170,3,2011,243.54
170,3,2012,243.74
170,3,2013,244.5
170,3,2014,247.91
170,3,2015,254.13
170,3,2016,264.63
170,3,2017,273.96
170,3,2018,285.89
170,3,2019,298.84
170,3,2020,317.85
170,3,2021,344.26
170,3,2022,349.67
170,3,2023,362.06
171,3,1980,1453.76
171,3,1981,1508.78
171,3,1982,1565.47
171,3,1983,1636.65
171,3,1984,1674.92
171,3,1985,1786.12
171,3,1986,1780.95
171,3,1987,1840.55
171,3,1988,1890.19
171,3,1989,1931
171,3,1990,2036.71
171,3,1991,2139.68
171,3,1992,2215.97
171,3,1993,5450.12
171,3,1994,2488.97
171,3,1995,2969.7
171,3,1996,2803.11
171,3,1997,2863.47
171,3,1998,3189.1
171,3,1999,4666.7
171,3,2000,4176.78
171,3,2001,3851.26
171,3,2002,6295.73
171,3,2003,4428.19
171,3,2004,3546.34
171,3,2005,3613.21
171,3,2006,3652.07
171,3,2007,3744.69
171,3,2008,3919.38
171,3,2009,4003.41
171,3,2010,4135
171,3,2011,4242.54
171,3,2012,4548.89
171,3,2013,4624.66
171,3,2014,4832.11
171,3,2015,4663.52
171,3,2016,5452.74
171,3,2017,5551.36
171,3,2018,6583.37
171,3,2019,4999.36
171,3,2020,5886.94
171,3,2021,5788.72
171,3,2022,6034.17
171,3,2023,5225.69
172,3,1980,26.56
172,3,1981,27.43
172,3,1982,27.7
172,3,1983,28.78
172,3,1984,30.22
172,3,1985,31.45
172,3,1986,30.18
172,3,1987,30.72
172,3,1988,35.51
172,3,1989,37.28
172,3,1990,39
172,3,1991,40.72
172,3,1992,41.49
172,3,1993,43.18
172,3,1994,43.78
172,3,1995,46.28
172,3,1996,46.38
172,3,1997,43.11
172,3,1998,41.6
172,3,1999,40.07
172,3,2000,38.64
172,3,2001,36.17
172,3,2002,34.38
172,3,2003,34.01
172,3,2004,33.49
172,3,2005,33.26
172,3,2006,33.64
172,3,2007,33.81
172,3,2008,33.83
172,3,2009,35.52
172,3,2010,37.15
172,3,2011,37.05
172,3,2012,37.13
172,3,2013,38.43
172,3,2014,40.94
172,3,2015,42.74
172,3,2016,47.18
172,3,2017,51.9
172,3,2018,55.6
172,3,2019,60.22
172,3,2020,70.5
172,3,2021,76.09
172,3,2022,76.43
172,3,2023,80.22
173,3,1980,22.34
173,3,1981,24.02
173,3,1982,27.33
173,3,1983,32.35
173,3,1984,32.76
173,3,1985,34.77
173,3,1986,35.71
173,3,1987,38.34
173,3,1988,39.7
173,3,1989,40.94
173,3,1990,40.05
173,3,1991,42.14
173,3,1992,43.01
173,3,1993,41.76
173,3,1994,42.89
173,3,1995,45.84
173,3,1996,45.37
173,3,1997,46.84
173,3,1998,47.86
173,3,1999,46.45
173,3,2000,48.32
173,3,2001,50.62
173,3,2002,53.33
173,3,2003,55.13
173,3,2004,56.28
173,3,2005,59.54
173,3,2006,61.06
173,3,2007,62.92
173,3,2008,63.57
173,3,2009,64.85
173,3,2010,64.2
173,3,2011,63.96
173,3,2012,64.5
173,3,2013,66.02
173,3,2014,68.33
173,3,2015,70.15
173,3,2016,71.08
173,3,2017,71.36
173,3,2018,71.23
173,3,2019,72.48
173,3,2020,74.88
173,3,2021,76.04
173,3,2022,75.57
173,3,2023,76.52
175,3,1980,89.86
175,3,1981,93.87
175,3,1982,98.81
175,3,1983,101
175,3,1984,100.72
175,3,1985,104.78
175,3,1986,106.64
175,3,1987,107.55
175,3,1988,107.15
175,3,1989,107.93
175,3,1990,109.86
175,3,1991,109.87
175,3,1992,111.05
175,3,1993,489.01
175,3,1994,106.74
175,3,1995,105.75
175,3,1996,116.34
175,3,1997,122.85
175,3,1998,114.43
175,3,1999,114.44
175,3,2000,119.13
175,3,2001,119.14
175,3,2002,125.91
175,3,2003,142.82
175,3,2004,156.78
175,3,2005,140.47
175,3,2006,142.75
175,3,2007,160.78
175,3,2008,148.91
175,3,2009,154.95
175,3,2010,164.94
175,3,2011,169.86
175,3,2012,171.85
175,3,2013,174.15
175,3,2014,178.74
175,3,2015,183.1
175,3,2016,184.78
175,3,2017,185.95
175,3,2018,251.27
175,3,2019,225.27
175,3,2020,215.77
175,3,2021,225.29
175,3,2022,233.46
175,3,2023,247.9
176,3,1980,22.57
176,3,1981,23.64
176,3,1982,24.66
176,3,1983,25.36
176,3,1984,26.17
176,3,1985,27.1
176,3,1986,27.66
176,3,1987,29.14
176,3,1988,30.14
176,3,1989,31.34
176,3,1990,33.66
176,3,1991,35.6
176,3,1992,37.47
176,3,1993,39.19
176,3,1994,41.26
176,3,1995,42.88
176,3,1996,44.7
176,3,1997,46.31
176,3,1998,88.08
176,3,1999,48.59
176,3,2000,50.88
176,3,2001,52.62
176,3,2002,55.19
176,3,2003,55.74
176,3,2004,53.94
176,3,2005,56.49
176,3,2006,53.95
176,3,2007,58.85
176,3,2008,59.3
176,3,2009,56.92
176,3,2010,59.41
176,3,2011,59.93
176,3,2012,59.4
176,3,2013,59.82
176,3,2014,63.08
176,3,2015,64.41
176,3,2016,65.28
176,3,2017,66.41
176,3,2018,65.24
176,3,2019,67.39
176,3,2020,69.88
176,3,2021,76.21
176,3,2022,71.96
176,3,2023,73
177,3,1980,18.57
177,3,1981,21.28
177,3,1982,23
177,3,1983,24.18
177,3,1984,25.42
177,3,1985,26.43
177,3,1986,27.54
177,3,1987,30.88
177,3,1988,33.81
177,3,1989,37.07
177,3,1990,41.95
177,3,1991,62.69
177,3,1992,57.34
177,3,1993,64.43
177,3,1994,58.4
177,3,1995,83.99
177,3,1996,70.21
177,3,1997,72.72
177,3,1998,82.84
177,3,1999,89.94
177,3,2000,97.83
177,3,2001,105.8
177,3,2002,115.15
177,3,2003,117.26
177,3,2004,129.88
177,3,2005,133.89
177,3,2006,134.75
177,3,2007,140.25
177,3,2008,142.86
177,3,2009,145.35
177,3,2010,150.82
177,3,2011,153.72
177,3,2012,156.66
177,3,2013,159.42
177,3,2014,156.92
177,3,2015,164.37
177,3,2016,167.92
177,3,2017,173.16
177,3,2018,167.55
177,3,2019,170.8
177,3,2020,170.46
177,3,2021,178.24
177,3,2022,179.7
177,3,2023,184.72
178,3,1980,538.87
178,3,1981,551.89
178,3,1982,564.77
178,3,1983,585.32
178,3,1984,611.24
178,3,1985,626.4
178,3,1986,647.99
178,3,1987,669.06
178,3,1988,683.59
178,3,1989,698.28
178,3,1990,727.66
178,3,1991,743.19
178,3,1992,691.81
178,3,1993,659.17
178,3,1994,689.54
178,3,1995,736.16
178,3,1996,774.89
178,3,1997,812.49
178,3,1998,841.07
178,3,1999,888.75
178,3,2000,959.25
178,3,2001,996.34
178,3,2002,1107.58
178,3,2003,1159.71
178,3,2004,1256.9
178,3,2005,1319.57
178,3,2006,1371.56
178,3,2007,1410.82
178,3,2008,1485.58
178,3,2009,1550.83
178,3,2010,1572.18
178,3,2011,1564.37
178,3,2012,1585.14
178,3,2013,1624.82
178,3,2014,1603.62
178,3,2015,1663.55
178,3,2016,1689.01
178,3,2017,1732.84
178,3,2018,1749.18
178,3,2019,1771.48
178,3,2020,1821.13
178,3,2021,1932.1
178,3,2022,1850.01
178,3,2023,1868.83
179,3,1980,7239.65
179,3,1981,7195.8
179,3,1982,7401.66
179,3,1983,7722.55
179,3,1984,7932.42
179,3,1985,8249.01
179,3,1986,8578.51
179,3,1987,9008.38
179,3,1988,9360.41
179,3,1989,9732.64
179,3,1990,10217.88
179,3,1991,10668.21
179,3,1992,11868.19
179,3,1993,11626.97
179,3,1994,12079.39
179,3,1995,13391.89
179,3,1996,12501.2
179,3,1997,12613.09
179,3,1998,13120.13
179,3,1999,12598.22
179,3,2000,12819.73
179,3,2001,12589.9
179,3,2002,13100.68
179,3,2003,12705.27
179,3,2004,12217.23
179,3,2005,12235.24
179,3,2006,12346.86
179,3,2007,11987.28
179,3,2008,12003.62
179,3,2009,11815.2
179,3,2010,11464.44
179,3,2011,11318.3
179,3,2012,11568.51
179,3,2013,11416.88
179,3,2014,11618.91
179,3,2015,11838.27
179,3,2016,12118.16
179,3,2017,12245.98
179,3,2018,12345.15
179,3,2019,12035.61
179,3,2020,11516.14
179,3,2021,11197.87
179,3,2022,11456.28
179,3,2023,11634.19
180,3,1980,2441.17
180,3,1981,2494.73
180,3,1982,2560.74
180,3,1983,2655.87
180,3,1984,2734.6
180,3,1985,2827.71
180,3,1986,2940.99
180,3,1987,3085.69
180,3,1988,3170.14
180,3,1989,3334.11
180,3,1990,3408.94
180,3,1991,3574.51
180,3,1992,4078.29
180,3,1993,4197.89
180,3,1994,4142.89
180,3,1995,4396.36
180,3,1996,4708.41
180,3,1997,5080.98
180,3,1998,5468.03
180,3,1999,5575.73
180,3,2000,6024.82
180,3,2001,6189.4
180,3,2002,6423.29
180,3,2003,6712.1
180,3,2004,7120.22
180,3,2005,7594.43
180,3,2006,7733.01
180,3,2007,7638.23
180,3,2008,8047.13
180,3,2009,7782.37
180,3,2010,7628.37
180,3,2011,7594.08
180,3,2012,7646.77
180,3,2013,7503.16
180,3,2014,7543.7
180,3,2015,7685.88
180,3,2016,7610.26
180,3,2017,7678.62
180,3,2018,7615.61
180,3,2019,7582.5
180,3,2020,7883.96
180,3,2021,8208.19
180,3,2022,7694
180,3,2023,7698.45
181,3,1980,511.23
181,3,1981,512.45
181,3,1982,529.7
181,3,1983,535.45
181,3,1984,526.81
181,3,1985,523.38
181,3,1986,427.21
181,3,1987,372.64
181,3,1988,327.43
181,3,1989,310.83
181,3,1990,305
181,3,1991,296.33
181,3,1992,302.57
181,3,1993,318.67
181,3,1994,314.56
181,3,1995,332.03
181,3,1996,370.83
181,3,1997,426.92
181,3,1998,511.54
181,3,1999,627.3
181,3,2000,847.35
181,3,2001,846.68
181,3,2002,979.99
181,3,2003,878.1
181,3,2004,846.46
181,3,2005,831.83
181,3,2006,813.22
181,3,2007,799.81
181,3,2008,786.85
181,3,2009,869.76
181,3,2010,784.72
181,3,2011,789.38
181,3,2012,791.46
181,3,2013,793.79
181,3,2014,812.84
181,3,2015,831.4
181,3,2016,840.96
181,3,2017,863.26
181,3,2018,879.1
181,3,2019,897.96
181,3,2020,971.57
181,3,2021,999.33
181,3,2022,940.32
181,3,2023,950.01
182,3,1980,259.59
182,3,1981,266.66
182,3,1982,272.29
182,3,1983,278.81
182,3,1984,274.43
182,3,1985,270.2
182,3,1986,291.13
182,3,1987,316.18
182,3,1988,342.83
182,3,1989,379.32
182,3,1990,419.98
182,3,1991,457.81
182,3,1992,515.88
182,3,1993,575.91
182,3,1994,651.4
182,3,1995,735.16
182,3,1996,853.94
182,3,1997,1057
182,3,1998,1327.69
182,3,1999,1598.52
182,3,2000,1873.95
182,3,2001,2101.8
182,3,2002,2273.03
182,3,2003,2339.14
182,3,2004,2385.05
182,3,2005,2409.39
182,3,2006,2357.19
182,3,2007,2339.92
182,3,2008,2337.85
182,3,2009,2421.93
182,3,2010,2535.25
182,3,2011,2599.68
182,3,2012,2627.04
182,3,2013,2648.5
182,3,2014,2707.68
182,3,2015,2805.78
182,3,2016,2898.92
182,3,2017,2983.68
182,3,2018,3121.95
182,3,2019,3221.91
182,3,2020,3299.74
182,3,2021,3320.32
182,3,2022,3424.5
182,3,2023,3540.43
183,3,1980,87.53
183,3,1981,91.4
183,3,1982,84.79
183,3,1983,49.81
183,3,1984,32.11
183,3,1985,27.79
183,3,1986,29.67
183,3,1987,28.11
183,3,1988,26.43
183,3,1989,28.41
183,3,1990,28.99
183,3,1991,33.25
183,3,1992,32.38
183,3,1993,28.14
183,3,1994,24.19
183,3,1995,22.21
183,3,1996,31.27
183,3,1997,39.14
183,3,1998,41.04
183,3,1999,40.23
183,3,2000,39.49
183,3,2001,40.2
183,3,2002,39.9
183,3,2003,40.31
183,3,2004,39.85
183,3,2005,39.66
183,3,2006,36.4
183,3,2007,33.28
183,3,2008,32.09
183,3,2009,30.57
183,3,2010,31.77
183,3,2011,30.98
183,3,2012,28.89
183,3,2013,28.02
183,3,2014,25.85
183,3,2015,25.24
183,3,2016,25.62
183,3,2017,24.56
183,3,2018,22.38
183,3,2019,20.66
183,3,2020,18.08
183,3,2021,15.58
183,3,2022,14.13
183,3,2023,14.24
184,3,1980,933.26
184,3,1981,935.52
184,3,1982,955.07
184,3,1983,1000.36
184,3,1984,1022.31
184,3,1985,1059.12
184,3,1986,1100.95
184,3,1987,1138.93
184,3,1988,1119.08
184,3,1989,1080.04
184,3,1990,1070.02
184,3,1991,1143.83
184,3,1992,1070.8
184,3,1993,1059.72
184,3,1994,1069.61
184,3,1995,1167.6
184,3,1996,1240.89
184,3,1997,1267.87
184,3,1998,1301.6
184,3,1999,1310.55
184,3,2000,1371.41
184,3,2001,1445.58
184,3,2002,1505.45
184,3,2003,1558.06
184,3,2004,1630.35
184,3,2005,1730.34
184,3,2006,1856.45
184,3,2007,1964.55
184,3,2008,2001.84
184,3,2009,2026.91
184,3,2010,2047.62
184,3,2011,2023.69
184,3,2012,2035.8
184,3,2013,2046.57
184,3,2014,2064.93
184,3,2015,2104.87
184,3,2016,2146.76
184,3,2017,2171.76
184,3,2018,2211.04
184,3,2019,2321.19
184,3,2020,2369.15
184,3,2021,2527
184,3,2022,2455.55
184,3,2023,2519.03
185,3,1980,1045.27
185,3,1981,1052.46
185,3,1982,1080.67
185,3,1983,1129.49
185,3,1984,1170.49
185,3,1985,1238.09
185,3,1986,1303.12
185,3,1987,1405.45
185,3,1988,1505.21
185,3,1989,1599.34
185,3,1990,1704.49
185,3,1991,1779.42
185,3,1992,1863.17
185,3,1993,1959.25
185,3,1994,1868.48
185,3,1995,1433.03
185,3,1996,1181.32
185,3,1997,1365.03
185,3,1998,1348.53
185,3,1999,1220.89
185,3,2000,1076.02
185,3,2001,934.5
185,3,2002,849.62
185,3,2003,797.48
185,3,2004,789.38
185,3,2005,762.75
185,3,2006,748.88
185,3,2007,718.2
185,3,2008,692.26
185,3,2009,672.15
185,3,2010,670.85
185,3,2011,655.06
185,3,2012,654.8
185,3,2013,657.72
185,3,2014,670.88
185,3,2015,677.86
185,3,2016,677.64
185,3,2017,670.59
185,3,2018,672.21
185,3,2019,688.48
185,3,2020,719.94
185,3,2021,753.24
185,3,2022,754.05
185,3,2023,766.55
186,3,1980,3.38
186,3,1981,3.47
186,3,1982,3.56
186,3,1983,3.67
186,3,1984,3.64
186,3,1985,3.61
186,3,1986,3.69
186,3,1987,3.85
186,3,1988,3.96
186,3,1989,4.06
186,3,1990,4.22
186,3,1991,4.21
186,3,1992,4.24
186,3,1993,4.32
186,3,1994,4.56
186,3,1995,4.64
186,3,1996,4.67
186,3,1997,4.73
186,3,1998,4.82
186,3,1999,4.86
186,3,2000,4.93
186,3,2001,5.04
186,3,2002,5.06
186,3,2003,5.02
186,3,2004,4.88
186,3,2005,4.61
186,3,2006,4.48
186,3,2007,4.3
186,3,2008,4.1
186,3,2009,4.08
186,3,2010,4.12
186,3,2011,4.07
186,3,2012,3.92
186,3,2013,3.89
186,3,2014,3.89
186,3,2015,3.79
186,3,2016,3.65
186,3,2017,3.48
186,3,2018,3.39
186,3,2019,3.39
186,3,2020,3.31
186,3,2021,3.5
186,3,2022,3.4
186,3,2023,3.53
187,3,1980,962.17
187,3,1981,1157.18
187,3,1982,1142.79
187,3,1983,1022.8
187,3,1984,1047.73
187,3,1985,1102.02
187,3,1986,1172.86
187,3,1987,1222.78
187,3,1988,1266.81
187,3,1989,1266.62
187,3,1990,1302.9
187,3,1991,1268.91
187,3,1992,4803.23
187,3,1993,1795.51
187,3,1994,1823.77
187,3,1995,1957.42
187,3,1996,2275.95
187,3,1997,2216.03
187,3,1998,2472.86
187,3,1999,2833.54
187,3,2000,2719.05
187,3,2001,2998.58
187,3,2002,3462.02
187,3,2003,3449.32
187,3,2004,3819.01
187,3,2005,3541.39
187,3,2006,3896.41
187,3,2007,3367.12
187,3,2008,3541.66
187,3,2009,4143.81
187,3,2010,3998.88
187,3,2011,3539.77
187,3,2012,3672.99
187,3,2013,3425.68
187,3,2014,3547.29
187,3,2015,3620.16
187,3,2016,3746.72
187,3,2017,3819.22
187,3,2018,3990.99
187,3,2019,4040.09
187,3,2020,4383.62
187,3,2021,4414.39
187,3,2022,4454.83
187,3,2023,4659.02
189,3,1980,2132.38
189,3,1981,2193.12
189,3,1982,2226.71
189,3,1983,2321.32
189,3,1984,2374
189,3,1985,2445.37
189,3,1986,2540.09
189,3,1987,2672.75
189,3,1988,2770.35
189,3,1989,2832.41
189,3,1990,2937.74
189,3,1991,3041.86
189,3,1992,3147.33
189,3,1993,3307.15
189,3,1994,3440.96
189,3,1995,3579.37
189,3,1996,3695.51
189,3,1997,3815.83
189,3,1998,3925.1
189,3,1999,3934.9
189,3,2000,3934.17
189,3,2001,3925.89
189,3,2002,3953.41
189,3,2003,4023.33
189,3,2004,4009.33
189,3,2005,3997.01
189,3,2006,3994.82
189,3,2007,4063.29
189,3,2008,4045.25
189,3,2009,4081.67
189,3,2010,4039.15
189,3,2011,3996.47
189,3,2012,4094.29
189,3,2013,4135.69
189,3,2014,4090.29
189,3,2015,4156.32
189,3,2016,4181.81
189,3,2017,4233.79
189,3,2018,4187.37
189,3,2019,4182.91
189,3,2020,4107.85
189,3,2021,4127.61
189,3,2022,4126.14
189,3,2023,4261.41
190,3,1980,1695.72
190,3,1981,1567
190,3,1982,1925.16
190,3,1983,1978.61
190,3,1984,1982.55
190,3,1985,1951.83
190,3,1986,1923.87
190,3,1987,1986.06
190,3,1988,1957.94
190,3,1989,2213.56
190,3,1990,2373.25
190,3,1991,2587.03
190,3,1992,2725
190,3,1993,2910.79
190,3,1994,3077.53
190,3,1995,3230.47
190,3,1996,3340.78
190,3,1997,3451.18
190,3,1998,3701.5
190,3,1999,3967.62
190,3,2000,4365.4
190,3,2001,3856.06
190,3,2002,3884.01
190,3,2003,4265.82
190,3,2004,3999.38
190,3,2005,4161.69
190,3,2006,4120.32
190,3,2007,4121.37
190,3,2008,4104.18
190,3,2009,4187.6
190,3,2010,4175.88
190,3,2011,4224.38
190,3,2012,4305.01
190,3,2013,4499.95
190,3,2014,4716.87
190,3,2015,4838.34
190,3,2016,5061.77
190,3,2017,5097.96
190,3,2018,5127.83
190,3,2019,5175.43
190,3,2020,5193.99
190,3,2021,5365.32
190,3,2022,5212.46
190,3,2023,5329.76
191,3,1980,667.89
191,3,1981,710.3
191,3,1982,749.57
191,3,1983,806.54
191,3,1984,849.96
191,3,1985,916.33
191,3,1986,973.99
191,3,1987,1055.79
191,3,1988,1104.24
191,3,1989,1162.8
191,3,1990,1231.99
191,3,1991,1327.9
191,3,1992,1464.69
191,3,1993,1572.27
191,3,1994,1717.93
191,3,1995,1870.19
191,3,1996,1980.2
191,3,1997,2080.67
191,3,1998,2208.39
191,3,1999,2255.22
191,3,2000,2227.05
191,3,2001,2228.57
191,3,2002,2222.48
191,3,2003,2166.07
191,3,2004,2138.81
191,3,2005,2175.04
191,3,2006,2159.26
191,3,2007,2186.68
191,3,2008,2252.47
191,3,2009,2310.96
191,3,2010,2377.02
191,3,2011,2386.87
191,3,2012,2409.1
191,3,2013,2459.24
191,3,2014,2512.72
191,3,2015,2579.81
191,3,2016,2668.44
191,3,2017,2756.54
191,3,2018,2833.5
191,3,2019,2920.69
191,3,2020,3010.56
191,3,2021,3229.81
191,3,2022,3136.52
191,3,2023,3231.5
193,3,1980,57.6
193,3,1981,61.26
193,3,1982,68.08
193,3,1983,65.67
193,3,1984,63.91
193,3,1985,58.25
193,3,1986,48.37
193,3,1987,35.25
193,3,1988,25.81
193,3,1989,24.65
193,3,1990,24.36
193,3,1991,24.33
193,3,1992,25.71
193,3,1993,26.95
193,3,1994,29.81
193,3,1995,35.89
193,3,1996,44.14
193,3,1997,60.22
193,3,1998,90.04
193,3,1999,137.73
193,3,2000,208.08
193,3,2001,312.23
193,3,2002,411.43
193,3,2003,429.15
193,3,2004,372.7
193,3,2005,364.9
193,3,2006,348.44
193,3,2007,336.03
193,3,2008,331.7
193,3,2009,330.78
193,3,2010,332.22
193,3,2011,319.88
193,3,2012,311.61
193,3,2013,298.09
193,3,2014,282.03
193,3,2015,285.64
193,3,2016,276.61
193,3,2017,262.15
193,3,2018,260.18
193,3,2019,257.24
193,3,2020,252.33
193,3,2021,258.42
193,3,2022,249.09
193,3,2023,245.24
194,3,1980,215.35
194,3,1981,213.05
194,3,1982,216.5
194,3,1983,221.16
194,3,1984,223.25
194,3,1985,229.99
194,3,1986,231.58
194,3,1987,273.91
194,3,1988,302.79
194,3,1989,390.34
194,3,1990,491.24
194,3,1991,581.98
194,3,1992,667.67
194,3,1993,727.95
194,3,1994,765.58
194,3,1995,771.77
194,3,1996,767.99
194,3,1997,785.71
194,3,1998,819.19
194,3,1999,859.11
194,3,2000,919.46
194,3,2001,1080.47
194,3,2002,1231.22
194,3,2003,1202.3
194,3,2004,1159.07
194,3,2005,1079.53
194,3,2006,956.66
194,3,2007,918.01
194,3,2008,931.18
194,3,2009,952.75
194,3,2010,978.47
194,3,2011,962.37
194,3,2012,970.56
194,3,2013,974.71
194,3,2014,965.79
194,3,2015,962.46
194,3,2016,928.48
194,3,2017,903.77
194,3,2018,895.32
194,3,2019,909.22
194,3,2020,891.27
194,3,2021,902.08
194,3,2022,896.95
194,3,2023,903.81
195,3,1980,405.1
195,3,1981,414.83
195,3,1982,428
195,3,1983,441.31
195,3,1984,451.96
195,3,1985,461.42
195,3,1986,474.8
195,3,1987,488.86
195,3,1988,499.67
195,3,1989,522.58
195,3,1990,552.47
195,3,1991,574.13
195,3,1992,608.54
195,3,1993,628.83
195,3,1994,648.72
195,3,1995,667.9
195,3,1996,678.77
195,3,1997,692.28
195,3,1998,729.47
195,3,1999,739.74
195,3,2000,753.4
195,3,2001,761.88
195,3,2002,793.07
195,3,2003,815.75
195,3,2004,798.03
195,3,2005,797.89
195,3,2006,752.09
195,3,2007,778.42
195,3,2008,776.61
195,3,2009,781.29
195,3,2010,785.16
195,3,2011,770.75
195,3,2012,784.49
195,3,2013,802.68
195,3,2014,799.1
195,3,2015,827.79
195,3,2016,853.48
195,3,2017,852.01
195,3,2018,873.24
195,3,2019,911.22
195,3,2020,940.4
195,3,2021,1014.97
195,3,2022,1042.2
195,3,2023,1065.01
196,3,1980,12725.62
196,3,1981,12839.47
196,3,1982,13147.86
196,3,1983,13420.65
196,3,1984,13354.75
196,3,1985,13485.93
196,3,1986,13435.3
196,3,1987,13235.62
196,3,1988,13205.09
196,3,1989,13421.03
196,3,1990,14572.62
196,3,1991,14314.11
196,3,1992,15027.74
196,3,1993,15763.16
196,3,1994,16881.95
196,3,1995,17117.55
196,3,1996,18043.04
196,3,1997,18914.68
196,3,1998,19780.22
196,3,1999,19451.22
196,3,2000,18911.59
196,3,2001,18983.14
196,3,2002,19599.61
196,3,2003,20270.3
196,3,2004,19645.85
196,3,2005,19591.44
196,3,2006,19811.53
196,3,2007,20506.66
196,3,2008,20508.66
196,3,2009,20650.69
196,3,2010,20775.79
196,3,2011,20456.57
196,3,2012,21046.61
196,3,2013,21309.87
196,3,2014,21733.34
196,3,2015,22406.97
196,3,2016,22706.09
196,3,2017,22207.28
196,3,2018,22040.83
196,3,2019,21970.5
196,3,2020,20461.56
196,3,2021,20636.14
196,3,2022,21703.53
196,3,2023,23066.35
197,3,1980,423.86
197,3,1981,439.71
197,3,1982,463.31
197,3,1983,489.78
197,3,1984,506.55
197,3,1985,536.9
197,3,1986,554.69
197,3,1987,558.31
197,3,1988,545.46
197,3,1989,525.32
197,3,1990,490.03
197,3,1991,471.23
197,3,1992,464.91
197,3,1993,451.1
197,3,1994,447.99
197,3,1995,455.83
197,3,1996,462.18
197,3,1997,461.49
197,3,1998,466.39
197,3,1999,469.34
197,3,2000,473.42
197,3,2001,505.38
197,3,2002,540.64
197,3,2003,594.7
197,3,2004,651.46
197,3,2005,693.28
197,3,2006,696.14
197,3,2007,692.98
197,3,2008,684.62
197,3,2009,678.2
197,3,2010,672.92
197,3,2011,650.04
197,3,2012,626.53
197,3,2013,596.89
197,3,2014,574.28
197,3,2015,560.59
197,3,2016,544
197,3,2017,536.74
197,3,2018,536.07
197,3,2019,535.02
197,3,2020,529.69
197,3,2021,540.04
197,3,2022,525.5
197,3,2023,519.43
198,3,1980,1146.87
198,3,1981,1147.85
198,3,1982,1179.67
198,3,1983,1203.03
198,3,1984,1194.86
198,3,1985,1181.34
198,3,1986,1166.7
198,3,1987,1199.93
198,3,1988,1155.06
198,3,1989,1170.36
198,3,1990,1193.29
198,3,1991,1204.94
198,3,1992,1301.57
198,3,1993,1361.11
198,3,1994,1489.29
198,3,1995,1670.4
198,3,1996,1819.3
198,3,1997,2033.76
198,3,1998,2275.97
198,3,1999,2445.9
198,3,2000,2572.29
198,3,2001,2657.11
198,3,2002,2691.84
198,3,2003,2680.08
198,3,2004,2578.98
198,3,2005,2503.86
198,3,2006,2331.26
198,3,2007,2210.22
198,3,2008,2362.79
198,3,2009,2464.72
198,3,2010,2635.5
198,3,2011,2787.28
198,3,2012,2846.92
198,3,2013,2841.22
198,3,2014,2834.06
198,3,2015,2846.48
198,3,2016,2859.01
198,3,2017,2797.37
198,3,2018,2831.94
198,3,2019,2881.64
198,3,2020,2862.67
198,3,2021,2865.54
198,3,2022,2933.09
198,3,2023,2890.83
200,3,1980,244.28
200,3,1981,252.09
200,3,1982,261.36
200,3,1983,274.59
200,3,1984,285.8
200,3,1985,297.56
200,3,1986,309.18
200,3,1987,326.58
200,3,1988,337.29
200,3,1989,349.13
200,3,1990,368.26
200,3,1991,381.94
200,3,1992,395.81
200,3,1993,412.47
200,3,1994,427.74
200,3,1995,444.37
200,3,1996,459.24
200,3,1997,475.32
200,3,1998,494.93
200,3,1999,499.2
200,3,2000,518.75
200,3,2001,526.87
200,3,2002,535.72
200,3,2003,544.79
200,3,2004,555
200,3,2005,567.87
200,3,2006,584.46
200,3,2007,604.76
200,3,2008,634.39
200,3,2009,677.41
200,3,2010,716.05
200,3,2011,743.7
200,3,2012,772.39
200,3,2013,814.13
200,3,2014,838.83
200,3,2015,861.24
200,3,2016,892.99
200,3,2017,909
200,3,2018,937.63
200,3,2019,967.48
200,3,2020,1017.24
200,3,2021,1073.54
200,3,2022,1054.92
200,3,2023,1066.35
201,3,1980,1186.8
201,3,1981,1184.78
201,3,1982,1191.8
201,3,1983,1222.54
201,3,1984,1245.54
201,3,1985,1262.59
201,3,1986,1265.15
201,3,1987,1292.58
201,3,1988,1278.05
201,3,1989,1271.84
201,3,1990,1291.32
201,3,1991,1286.36
201,3,1992,1295.56
201,3,1993,1334.77
201,3,1994,1344.89
201,3,1995,1378.43
201,3,1996,1412.36
201,3,1997,1433.26
201,3,1998,1470.58
201,3,1999,1487.24
201,3,2000,1548.75
201,3,2001,1571.47
201,3,2002,1604.06
201,3,2003,1619.06
201,3,2004,1643.19
201,3,2005,1673.87
201,3,2006,1656.3
201,3,2007,1620.86
201,3,2008,1594.51
201,3,2009,1596.16
201,3,2010,1590.19
201,3,2011,1570.81
201,3,2012,1599.21
201,3,2013,1626.01
201,3,2014,1666.8
201,3,2015,1731.19
201,3,2016,1836.41
201,3,2017,1878.68
201,3,2018,1928.67
201,3,2019,1944.49
201,3,2020,2075.67
201,3,2021,2093.89
201,3,2022,2083.82
201,3,2023,2068.27
202,3,1980,559.29
202,3,1981,562.73
202,3,1982,559.66
202,3,1983,542.85
202,3,1984,542.87
202,3,1985,561.99
202,3,1986,558.81
202,3,1987,596.46
202,3,1988,617.46
202,3,1989,651.43
202,3,1990,683.09
202,3,1991,769.08
202,3,1992,781.94
202,3,1993,849.02
202,3,1994,871.3
202,3,1995,875.15
202,3,1996,915.68
202,3,1997,958.94
202,3,1998,1062.71
202,3,1999,1037.9
202,3,2000,1086.77
202,3,2001,1115.49
202,3,2002,1163.69
202,3,2003,1195.38
202,3,2004,1226.87
202,3,2005,1279.19
202,3,2006,1340.55
202,3,2007,1214.5
202,3,2008,1269.18
202,3,2009,1329.39
202,3,2010,1390.78
202,3,2011,1414.93
202,3,2012,1432.62
202,3,2013,1464.09
202,3,2014,1506.96
202,3,2015,1558.73
202,3,2016,1648.23
202,3,2017,1777.98
202,3,2018,1784.82
202,3,2019,1850.3
202,3,2020,1871.42
202,3,2021,2011.56
202,3,2022,1975.18
202,3,2023,2300.6
203,3,1980,38.22
203,3,1981,39.13
203,3,1982,39.82
203,3,1983,41.05
203,3,1984,41.81
203,3,1985,42.86
203,3,1986,43.52
203,3,1987,45.12
203,3,1988,45.39
203,3,1989,46.52
203,3,1990,47.91
203,3,1991,48.21
203,3,1992,49.03
203,3,1993,49.46
203,3,1994,49.71
203,3,1995,51.86
203,3,1996,50.72
203,3,1997,51.32
203,3,1998,51.5
203,3,1999,50.94
203,3,2000,51.73
203,3,2001,52.93
203,3,2002,53.92
203,3,2003,55.64
203,3,2004,57.29
203,3,2005,60.12
203,3,2006,61.57
203,3,2007,61.35
203,3,2008,65.22
203,3,2009,67.68
203,3,2010,71.75
203,3,2011,72.75
203,3,2012,72.61
203,3,2013,72.56
203,3,2014,72.05
203,3,2015,71.03
203,3,2016,71.03
203,3,2017,69.59
203,3,2018,66.62
203,3,2019,64.84
203,3,2020,62.7
203,3,2021,62.16
203,3,2022,59.84
203,3,2023,57.94
204,3,1980,454.1
204,3,1981,468.72
204,3,1982,487.47
204,3,1983,503.87
204,3,1984,522.95
204,3,1985,531.59
204,3,1986,538.26
204,3,1987,552.95
204,3,1988,548.69
204,3,1989,560.9
204,3,1990,638.82
204,3,1991,627.08
204,3,1992,647.38
204,3,1993,691.46
204,3,1994,693.58
204,3,1995,709.88
204,3,1996,759.79
204,3,1997,795.28
204,3,1998,838.72
204,3,1999,868.32
204,3,2000,976.66
204,3,2001,946.58
204,3,2002,976.23
204,3,2003,1009.09
204,3,2004,1011.84
204,3,2005,1027.33
204,3,2006,1257.21
204,3,2007,1198.23
204,3,2008,1079.07
204,3,2009,1108.98
204,3,2010,1132.83
204,3,2011,1139.51
204,3,2012,1158.21
204,3,2013,1226.41
204,3,2014,1272.34
204,3,2015,1334.58
204,3,2016,1416.13
204,3,2017,1518.57
204,3,2018,1574.64
204,3,2019,1760.39
204,3,2020,1779.65
204,3,2021,2011.37
204,3,2022,1897.8
204,3,2023,1911.1
205,3,1980,890.75
205,3,1981,929.66
205,3,1982,959.41
205,3,1983,1020.51
205,3,1984,1061.43
205,3,1985,1126.91
205,3,1986,1172.69
205,3,1987,1214.67
205,3,1988,1263.9
205,3,1989,1299.69
205,3,1990,1322.53
205,3,1991,1364.48
205,3,1992,1412.34
205,3,1993,1502.08
205,3,1994,1582.1
205,3,1995,1688.32
205,3,1996,1724.91
205,3,1997,1797.02
205,3,1998,1870.66
205,3,1999,1881.81
205,3,2000,1952.84
205,3,2001,1930.68
205,3,2002,1987.59
205,3,2003,2113.81
205,3,2004,2143.34
205,3,2005,2120
205,3,2006,2042.35
205,3,2007,2088.26
205,3,2008,2090.19
205,3,2009,2063.18
205,3,2010,2032.57
205,3,2011,2065.39
205,3,2012,2164.31
205,3,2013,2315.31
205,3,2014,2396.22
205,3,2015,2498.9
205,3,2016,2658.32
205,3,2017,2730.71
205,3,2018,2814.44
205,3,2019,2929.18
205,3,2020,3075.73
205,3,2021,3187.81
205,3,2022,3235.71
205,3,2023,3341.01
206,3,1980,16.41
206,3,1981,16.27
206,3,1982,15.8
206,3,1983,16.21
206,3,1984,16.31
206,3,1985,16.45
206,3,1986,17.45
206,3,1987,18.68
206,3,1988,20.07
206,3,1989,20.46
206,3,1990,24.53
206,3,1991,25.95
206,3,1992,27.68
206,3,1993,28.36
206,3,1994,28.63
206,3,1995,31.44
206,3,1996,30.79
206,3,1997,31.23
206,3,1998,33.08
206,3,1999,34.22
206,3,2000,34.23
206,3,2001,32.79
206,3,2002,34.94
206,3,2003,27.34
206,3,2004,23.12
206,3,2005,30.49
206,3,2006,35.14
206,3,2007,42.18
206,3,2008,39.19
206,3,2009,57.48
206,3,2010,40.04
206,3,2011,38.59
206,3,2012,39.48
206,3,2013,41.7
206,3,2014,46.88
206,3,2015,47.62
206,3,2016,53.49
206,3,2017,59.9
206,3,2018,61.23
206,3,2019,66.81
206,3,2020,67.08
206,3,2021,68.47
206,3,2022,65.1
206,3,2023,65.07
207,3,1980,1103.76
207,3,1981,1161.24
207,3,1982,1216.44
207,3,1983,1286.39
207,3,1984,1367.84
207,3,1985,1434.35
207,3,1986,1496.73
207,3,1987,1572.88
207,3,1988,1604.9
207,3,1989,1632.31
207,3,1990,1668.44
207,3,1991,1712.01
207,3,1992,1773.75
207,3,1993,1742.69
207,3,1994,3754.9
207,3,1995,1934.47
207,3,1996,1774.47
207,3,1997,1792.8
207,3,1998,1812.89
207,3,1999,1775.99
207,3,2000,1812.88
207,3,2001,1845.2
207,3,2002,1833.6
207,3,2003,1801.71
207,3,2004,1802.54
207,3,2005,1804.97
207,3,2006,1769.46
207,3,2007,1709.94
207,3,2008,1700.12
207,3,2009,1583.37
207,3,2010,1687.97
207,3,2011,1772.01
207,3,2012,1818.1
207,3,2013,1891.61
207,3,2014,1964.38
207,3,2015,2038.08
207,3,2016,2143.81
207,3,2017,2267.67
207,3,2018,2316.88
207,3,2019,2416.85
207,3,2020,2563.14
207,3,2021,2734.82
207,3,2022,2708.6
207,3,2023,2718.38
208,3,1980,381.83
208,3,1981,387.28
208,3,1982,409.42
208,3,1983,405.54
208,3,1984,410.92
208,3,1985,423.58
208,3,1986,448.88
208,3,1987,468.98
208,3,1988,480.28
208,3,1989,493.96
208,3,1990,507.14
208,3,1991,525.72
208,3,1992,557.65
208,3,1993,589.45
208,3,1994,610.75
208,3,1995,634.11
208,3,1996,656.7
208,3,1997,682.01
208,3,1998,695.24
208,3,1999,693.05
208,3,2000,730.54
208,3,2001,725.1
208,3,2002,729.78
208,3,2003,739.44
208,3,2004,776.72
208,3,2005,793.34
208,3,2006,833.59
208,3,2007,843.34
208,3,2008,854.13
208,3,2009,872.38
208,3,2010,908.42
208,3,2011,948.36
208,3,2012,928.71
208,3,2013,1059.48
208,3,2014,995.14
208,3,2015,1020.34
208,3,2016,1054.46
208,3,2017,1082.83
208,3,2018,1109.21
208,3,2019,1143.35
208,3,2020,1254.1
208,3,2021,1245.2
208,3,2022,1208.1
208,3,2023,1214.14
209,3,1980,97.47
209,3,1981,100.15
209,3,1982,101.7
209,3,1983,104.9
209,3,1984,109.46
209,3,1985,113.36
209,3,1986,116.86
209,3,1987,121.85
209,3,1988,124.55
209,3,1989,128.45
209,3,1990,131.98
209,3,1991,133.81
209,3,1992,135.58
209,3,1993,138.05
209,3,1994,139
209,3,1995,141.16
209,3,1996,144.05
209,3,1997,144.08
209,3,1998,145.96
209,3,1999,145.47
209,3,2000,150.72
209,3,2001,155.99
209,3,2002,160.28
209,3,2003,164
209,3,2004,167.96
209,3,2005,172.21
209,3,2006,173.96
209,3,2007,183.34
209,3,2008,189.41
209,3,2009,191.88
209,3,2010,197.3
209,3,2011,198.3
209,3,2012,198.34
209,3,2013,203.54
209,3,2014,210.27
209,3,2015,217.61
209,3,2016,230.5
209,3,2017,237.29
209,3,2018,240.14
209,3,2019,251.88
209,3,2020,265.84
209,3,2021,276.48
209,3,2022,273.37
209,3,2023,279.77
210,3,1980,95.97
210,3,1981,103.54
210,3,1982,112.24
210,3,1983,111.32
210,3,1984,135.85
210,3,1985,174.24
210,3,1986,176.53
210,3,1987,184.28
210,3,1988,181.2
210,3,1989,170.21
210,3,1990,222.13
210,3,1991,447.98
210,3,1992,163.11
210,3,1993,236.28
210,3,1994,632.34
210,3,1995,154.3
210,3,1996,2132.68
210,3,1997,145.29
210,3,1998,166.13
210,3,1999,186.31
210,3,2000,186.81
210,3,2001,180.94
210,3,2002,168.8
210,3,2003,165.28
210,3,2004,164.72
210,3,2005,160.79
210,3,2006,169.95
210,3,2007,182.06
210,3,2008,198.99
210,3,2009,219.06
210,3,2010,231.49
210,3,2011,236.94
210,3,2012,253.74
210,3,2013,264.89
210,3,2014,262
210,3,2015,263.06
210,3,2016,270.31
210,3,2017,275.36
210,3,2018,282.33
210,3,2019,302.42
210,3,2020,303.24
210,3,2021,326.7
210,3,2022,322.52
210,3,2023,328.3
211,3,1980,743.61
211,3,1981,651.43
211,3,1982,733.87
211,3,1983,749.1
211,3,1984,748.46
211,3,1985,761.32
211,3,1986,760.44
211,3,1987,779.24
211,3,1988,789.92
211,3,1989,806.71
211,3,1990,830.49
211,3,1991,844.76
211,3,1992,864.46
211,3,1993,895.3
211,3,1994,934.35
211,3,1995,931.49
211,3,1996,968.9
211,3,1997,1011.68
211,3,1998,1018.3
211,3,1999,1078.44
211,3,2000,1058.15
211,3,2001,1070.56
211,3,2002,1135.05
211,3,2003,1145.63
211,3,2004,1190
211,3,2005,1196.83
211,3,2006,1220.4
211,3,2007,1258.59
211,3,2008,1304.04
211,3,2009,1356.52
211,3,2010,1393.87
211,3,2011,1407.61
211,3,2012,1545.24
211,3,2013,1522.52
211,3,2014,1650.54
211,3,2015,1711.07
211,3,2016,1868.79
211,3,2017,2072.83
211,3,2018,2170.9
211,3,2019,2045.2
211,3,2020,2511.65
211,3,2021,2494.34
211,3,2022,2856.86
211,3,2023,2215.89
212,3,1980,80.67
212,3,1981,84.45
212,3,1982,87.67
212,3,1983,92.58
212,3,1984,100.2
212,3,1985,107.16
212,3,1986,111.79
212,3,1987,121.49
212,3,1988,124.87
212,3,1989,232.76
212,3,1990,136.37
212,3,1991,137.39
212,3,1992,141.4
212,3,1993,144.83
212,3,1994,142.36
212,3,1995,144.56
212,3,1996,151.14
212,3,1997,154.58
212,3,1998,160.36
212,3,1999,156.32
212,3,2000,161.29
212,3,2001,167.16
212,3,2002,170.81
212,3,2003,170.39
212,3,2004,179.69
212,3,2005,184.2
212,3,2006,190
212,3,2007,186
212,3,2008,185.21
212,3,2009,193.1
212,3,2010,196.52
212,3,2011,193.31
212,3,2012,199.86
212,3,2013,205.68
212,3,2014,204.88
212,3,2015,211.78
212,3,2016,216.67
212,3,2017,228.23
212,3,2018,232.64
212,3,2019,247.53
212,3,2020,255.87
212,3,2021,261.25
212,3,2022,258.91
212,3,2023,265.97
213,3,1980,514.53
213,3,1981,525.97
213,3,1982,545.32
213,3,1983,561.77
213,3,1984,591.5
213,3,1985,615.14
213,3,1986,645.69
213,3,1987,680.48
213,3,1988,701.31
213,3,1989,725.29
213,3,1990,768.59
213,3,1991,792.88
213,3,1992,819.81
213,3,1993,870.48
213,3,1994,897.13
213,3,1995,942.91
213,3,1996,981.86
213,3,1997,1036.17
213,3,1998,1060.75
213,3,1999,1089.37
213,3,2000,1140.9
213,3,2001,1186.67
213,3,2002,1226.49
213,3,2003,1257.49
213,3,2004,1281.01
213,3,2005,1364.26
213,3,2006,1406.18
213,3,2007,1440.58
213,3,2008,1455.38
213,3,2009,1564.09
213,3,2010,1595.26
213,3,2011,1675.31
213,3,2012,1745.23
213,3,2013,1890.31
213,3,2014,2004.27
213,3,2015,2085.49
213,3,2016,2223.47
213,3,2017,2323.85
213,3,2018,2398.23
213,3,2019,2477.83
213,3,2020,2608.02
213,3,2021,2833.56
213,3,2022,2802.52
213,3,2023,2919.12
214,3,1980,7229.57
214,3,1981,7403.79
214,3,1982,7617.7
214,3,1983,7946.38
214,3,1984,8305.29
214,3,1985,8631.67
214,3,1986,8981.41
214,3,1987,9549.25
214,3,1988,9842.82
214,3,1989,10265.58
214,3,1990,10782.12
214,3,1991,11544.03
214,3,1992,12361.1
214,3,1993,13012.71
214,3,1994,12109.97
214,3,1995,12458.86
214,3,1996,12894.52
214,3,1997,13758.3
214,3,1998,13974.97
214,3,1999,14875.24
214,3,2000,16295.04
214,3,2001,16463.75
214,3,2002,15025.45
214,3,2003,14763.08
214,3,2004,16236.84
214,3,2005,14360.43
214,3,2006,14167.93
214,3,2007,13783.43
214,3,2008,13584.83
214,3,2009,13460.78
214,3,2010,14280.86
214,3,2011,14547.66
214,3,2012,13805.4
214,3,2013,14632.37
214,3,2014,15486.09
214,3,2015,15171.17
214,3,2016,15753.78
214,3,2017,16219.98
214,3,2018,17437.4
214,3,2019,16185.06
214,3,2020,17000
214,3,2021,18207.09
214,3,2022,18105.46
214,3,2023,18187.61
215,3,1980,4.48
215,3,1981,4.57
215,3,1982,4.54
215,3,1983,4.6
215,3,1984,4.72
215,3,1985,4.77
215,3,1986,4.94
215,3,1987,5.51
215,3,1988,6.7
215,3,1989,7.35
215,3,1990,8.03
215,3,1991,8.45
215,3,1992,8.94
215,3,1993,9.19
215,3,1994,9.2
215,3,1995,8.83
215,3,1996,8.97
215,3,1997,9.11
215,3,1998,9.47
215,3,1999,9.55
215,3,2000,9.54
215,3,2001,9.76
215,3,2002,9.95
215,3,2003,9.99
215,3,2004,9.97
215,3,2005,9.91
215,3,2006,10.67
215,3,2007,10.85
215,3,2008,10.98
215,3,2009,10.98
215,3,2010,11.15
215,3,2011,10.87
215,3,2012,10.72
215,3,2013,10.88
215,3,2014,11.2
215,3,2015,11.36
215,3,2016,11.77
215,3,2017,11.95
215,3,2018,12.18
215,3,2019,12.42
215,3,2020,12.61
215,3,2021,13.21
215,3,2022,12.62
215,3,2023,12.55
216,3,1980,143.04
216,3,1981,143.87
216,3,1982,139.41
216,3,1983,142.72
216,3,1984,145.21
216,3,1985,147.58
216,3,1986,142.48
216,3,1987,146.73
216,3,1988,151.61
216,3,1989,285
216,3,1990,160.53
216,3,1991,160.53
216,3,1992,160.74
216,3,1993,159.36
216,3,1994,160.72
216,3,1995,159.31
216,3,1996,159.78
216,3,1997,158.4
216,3,1998,166.1
216,3,1999,155.32
216,3,2000,146.59
216,3,2001,175.18
216,3,2002,171.46
216,3,2003,159.59
216,3,2004,176.81
216,3,2005,180.12
216,3,2006,302.24
216,3,2007,188.34
216,3,2008,199.57
216,3,2009,207.49
216,3,2010,210.14
216,3,2011,206.76
216,3,2012,198.98
216,3,2013,206.55
216,3,2014,225.1
216,3,2015,228.06
216,3,2016,245.64
216,3,2017,253.06
216,3,2018,265.55
216,3,2019,271.6
216,3,2020,276.84
216,3,2021,275.73
216,3,2022,298.16
216,3,2023,306.87
217,3,1980,95.99
217,3,1981,97.9
217,3,1982,100.08
217,3,1983,102.99
217,3,1984,105.34
217,3,1985,108.58
217,3,1986,110.93
217,3,1987,115.81
217,3,1988,118.02
217,3,1989,118.48
217,3,1990,116.73
217,3,1991,127.28
217,3,1992,117.12
217,3,1993,109.55
217,3,1994,126.94
217,3,1995,142.11
217,3,1996,104.06
217,3,1997,137.93
217,3,1998,101.58
217,3,1999,113.51
217,3,2000,99.99
217,3,2001,103.45
217,3,2002,112.94
217,3,2003,126.11
217,3,2004,139.4
217,3,2005,150.26
217,3,2006,166.46
217,3,2007,189.65
217,3,2008,213.17
217,3,2009,251
217,3,2010,307.52
217,3,2011,363.04
217,3,2012,435.59
217,3,2013,511.17
217,3,2014,587.93
217,3,2015,669.78
217,3,2016,765.64
217,3,2017,832.84
217,3,2018,876.08
217,3,2019,911.52
217,3,2020,905.3
217,3,2021,912.27
217,3,2022,890.16
217,3,2023,893.67
218,3,1980,181.69
218,3,1981,189.99
218,3,1982,198.67
218,3,1983,211.64
218,3,1984,221.55
218,3,1985,233.17
218,3,1986,244.87
218,3,1987,262.75
218,3,1988,273.54
218,3,1989,284.67
218,3,1990,297.41
218,3,1991,338.66
218,3,1992,319.69
218,3,1993,336.06
218,3,1994,346.73
218,3,1995,357.12
218,3,1996,366.83
218,3,1997,376.66
218,3,1998,393.48
218,3,1999,396.14
218,3,2000,411.11
218,3,2001,422.11
218,3,2002,435.82
218,3,2003,444.96
218,3,2004,450.28
218,3,2005,461.73
218,3,2006,473.91
218,3,2007,479.9
218,3,2008,498.15
218,3,2009,526.82
218,3,2010,551.86
218,3,2011,563.94
218,3,2012,560.84
218,3,2013,565.57
218,3,2014,576.74
218,3,2015,595.99
218,3,2016,628.04
218,3,2017,653.63
218,3,2018,668.78
218,3,2019,693.66
218,3,2020,708.2
218,3,2021,722.06
218,3,2022,694.64
218,3,2023,694.87
298,3,1980,1.85
298,3,1981,1.91
298,3,1982,1.97
298,3,1983,2.07
298,3,1984,2.15
298,3,1985,2.24
298,3,1986,2.35
298,3,1987,2.45
298,3,1988,2.57
298,3,1989,2.66
298,3,1990,2.77
298,3,1991,2.87
298,3,1992,2.92
298,3,1993,2.97
298,3,1994,3.04
298,3,1995,3.11
298,3,1996,3.15
298,3,1997,3.17
298,3,1998,3.13
298,3,1999,3.12
298,3,2000,3.14
298,3,2001,3.16
298,3,2002,3.22
298,3,2003,3.05
298,3,2004,2.82
298,3,2005,2.67
298,3,2006,2.52
298,3,2007,2.37
298,3,2008,2.29
298,3,2009,2.23
298,3,2010,2.2
298,3,2011,2.13
298,3,2012,2.11
298,3,2013,2.1
298,3,2014,2.16
298,3,2015,2.21
298,3,2016,2.26
298,3,2017,2.29
298,3,2018,2.33
298,3,2019,2.34
298,3,2020,2.38
298,3,2021,2.49
298,3,2022,2.21
298,3,2023,2.07
305,3,1980,2.15
305,3,1981,2.19
305,3,1982,2.14
305,3,1983,2.13
305,3,1984,2.13
305,3,1985,2.3
305,3,1986,2.4
305,3,1987,2.39
305,3,1988,2.44
305,3,1989,2.32
305,3,1990,2.35
305,3,1991,2.46
305,3,1992,2.37
305,3,1993,2.34
305,3,1994,2.32
305,3,1995,2.17
305,3,1996,2.2
305,3,1997,2.06
305,3,1998,2.04
305,3,1999,1.89
305,3,2000,1.82
305,3,2001,1.81
305,3,2002,1.9
305,3,2003,1.97
305,3,2004,2.16
305,3,2005,2.48
305,3,2006,2.3
305,3,2007,2.29
305,3,2008,2.39
305,3,2009,2.67
305,3,2010,2.67
305,3,2011,2.79
305,3,2012,2.71
305,3,2013,2.75
305,3,2014,2.65
305,3,2015,2.58
305,3,2016,2.51
305,3,2017,2.34
305,3,2018,2.28
305,3,2019,2.26
305,3,2020,2.2
305,3,2021,2.21
305,3,2022,2.26
305,3,2023,2.27
320,3,1980,0.82
320,3,1981,0.82
320,3,1982,0.8
320,3,1983,0.79
320,3,1984,0.77
320,3,1985,0.75
320,3,1986,0.73
320,3,1987,0.72
320,3,1988,0.7
320,3,1989,0.66
320,3,1990,0.67
320,3,1991,0.66
320,3,1992,0.63
320,3,1993,0.61
320,3,1994,0.6
320,3,1995,0.59
320,3,1996,0.57
320,3,1997,0.56
320,3,1998,0.55
320,3,1999,0.53
320,3,2000,0.5
320,3,2001,0.49
320,3,2002,0.48
320,3,2003,0.44
320,3,2004,0.4
320,3,2005,0.39
320,3,2006,0.38
320,3,2007,0.36
320,3,2008,0.34
320,3,2009,0.32
320,3,2010,0.31
320,3,2011,0.29
320,3,2012,0.28
320,3,2013,0.27
320,3,2014,0.27
320,3,2015,0.26
320,3,2016,0.25
320,3,2017,0.24
320,3,2018,0.22
320,3,2019,0.2
320,3,2020,0.19
320,3,2021,0.18
320,3,2022,0.17
320,3,2023,0.15
349,3,1980,15.53
349,3,1981,15.74
349,3,1982,15.77
349,3,1983,15.83
349,3,1984,15.89
349,3,1985,17.12
349,3,1986,16.77
349,3,1987,16.67
349,3,1988,16.74
349,3,1989,15.93
349,3,1990,15.79
349,3,1991,15.17
349,3,1992,14.03
349,3,1993,13.5
349,3,1994,13.18
349,3,1995,12.93
349,3,1996,12.48
349,3,1997,11.89
349,3,1998,11.39
349,3,1999,10.81
349,3,2000,10.22
349,3,2001,9.71
349,3,2002,9.41
349,3,2003,9.21
349,3,2004,8.74
349,3,2005,8.55
349,3,2006,8.09
349,3,2007,7.76
349,3,2008,7.25
349,3,2009,6.95
349,3,2010,7.1
349,3,2011,6.33
349,3,2012,6.36
349,3,2013,6.11
349,3,2014,5.94
349,3,2015,5.69
349,3,2016,5.82
349,3,2017,5.71
349,3,2018,5.51
349,3,2019,5.61
349,3,2020,5.75
349,3,2021,6.12
349,3,2022,5.39
349,3,2023,4.98
351,3,1980,6.81
351,3,1981,6.77
351,3,1982,6.58
351,3,1983,6.66
351,3,1984,6.85
351,3,1985,6.93
351,3,1986,7.21
351,3,1987,7.39
351,3,1988,7.68
351,3,1989,7.89
351,3,1990,8.18
351,3,1991,8.43
351,3,1992,8.51
351,3,1993,8.57
351,3,1994,8.87
351,3,1995,8.48
351,3,1996,8.66
351,3,1997,8.65
351,3,1998,6.43
351,3,1999,5.23
351,3,2000,4.37
351,3,2001,5.55
351,3,2002,5.19
351,3,2003,6.39
351,3,2004,5.98
351,3,2005,5.58
351,3,2006,5.21
351,3,2007,2.84
351,3,2008,4.07
351,3,2009,4.94
351,3,2010,5.66
351,3,2011,5.59
351,3,2012,5.63
351,3,2013,5.56
351,3,2014,7.07
351,3,2015,6.53
351,3,2016,5.57
351,3,2017,5.92
351,3,2018,5.87
351,3,2019,6.5
351,3,2020,7.82
351,3,2021,8.4
351,3,2022,9.38
351,3,2023,9.26
367,3,1980,0.16
367,3,1981,0.16
367,3,1982,0.16
367,3,1983,0.16
367,3,1984,0.16
367,3,1985,0.16
367,3,1986,0.16
367,3,1987,0.16
367,3,1988,0.16
367,3,1989,0.16
367,3,1990,0.16
367,3,1991,0.16
367,3,1992,0.16
367,3,1993,0.16
367,3,1994,0.16
367,3,1995,0.16
367,3,1996,0.16
367,3,1997,0.16
367,3,1998,0.16
367,3,1999,0.16
367,3,2000,0.16
367,3,2001,0.16
367,3,2002,0.17
367,3,2003,0.17
367,3,2004,0.16
367,3,2005,0.16
367,3,2006,0.16
367,3,2007,0.16
367,3,2008,0.15
367,3,2009,0.15
367,3,2010,0.15
367,3,2011,0.15
367,3,2012,0.15
367,3,2013,0.15
367,3,2014,0.15
367,3,2015,0.15
367,3,2016,0.15
367,3,2017,0.15
367,3,2018,0.15
367,3,2019,0.14
367,3,2020,0.14
367,3,2021,0.14
367,3,2022,0.13
367,3,2023,0.13
369,3,1980,0.43
369,3,1981,0.44
369,3,1982,0.45
369,3,1983,0.46
369,3,1984,0.47
369,3,1985,0.48
369,3,1986,0.49
369,3,1987,0.5
369,3,1988,0.52
369,3,1989,0.53
369,3,1990,0.54
369,3,1991,0.57
369,3,1992,0.59
369,3,1993,0.62
369,3,1994,0.65
369,3,1995,0.7
369,3,1996,0.74
369,3,1997,0.79
369,3,1998,0.86
369,3,1999,0.91
369,3,2000,0.95
369,3,2001,1
369,3,2002,1.05
369,3,2003,1.07
369,3,2004,1.08
369,3,2005,1.09
369,3,2006,1.1
369,3,2007,1.1
369,3,2008,1.06
369,3,2009,1.03
369,3,2010,1.01
369,3,2011,0.96
369,3,2012,0.93
369,3,2013,0.91
369,3,2014,0.89
369,3,2015,0.9
369,3,2016,0.91
369,3,2017,0.93
369,3,2018,0.94
369,3,2019,0.95
369,3,2020,1
369,3,2021,1.08
369,3,2022,0.97
369,3,2023,0.94
374,3,1980,0.17
374,3,1981,0.17
374,3,1982,0.16
374,3,1983,0.15
374,3,1984,0.14
374,3,1985,0.13
374,3,1986,0.12
374,3,1987,0.11
374,3,1988,0.11
374,3,1989,0.11
374,3,1990,0.11
374,3,1991,0.11
374,3,1992,0.11
374,3,1993,0.11
374,3,1994,0.11
374,3,1995,0.11
374,3,1996,0.11
374,3,1997,0.11
374,3,1998,0.11
374,3,1999,0.1
374,3,2000,0.1
374,3,2001,0.09
374,3,2002,0.09
374,3,2003,0.09
374,3,2004,0.09
374,3,2005,0.08
374,3,2006,0.08
374,3,2007,0.08
374,3,2008,0.08
374,3,2009,0.07
374,3,2010,0.07
374,3,2011,0.07
374,3,2012,0.07
374,3,2013,0.07
374,3,2014,0.07
374,3,2015,0.07
374,3,2016,0.07
374,3,2017,0.07
374,3,2018,0.07
374,3,2019,0.07
374,3,2020,0.06
374,3,2021,0.07
374,3,2022,0.06
374,3,2023,0.06
376,3,1980,1.17
376,3,1981,1.26
376,3,1982,1.36
376,3,1983,1.51
376,3,1984,1.7
376,3,1985,1.94
376,3,1986,2.23
376,3,1987,2.54
376,3,1988,2.86
376,3,1989,3.12
376,3,1990,3.24
376,3,1991,3.24
376,3,1992,3.15
376,3,1993,3.05
376,3,1994,3.04
376,3,1995,3.14
376,3,1996,3.42
376,3,1997,3.85
376,3,1998,4.37
376,3,1999,4.78
376,3,2000,4.95
376,3,2001,4.74
376,3,2002,4.32
376,3,2003,3.87
376,3,2004,3.56
376,3,2005,3.4
376,3,2006,3.31
376,3,2007,3.25
376,3,2008,3.21
376,3,2009,3.14
376,3,2010,3.01
376,3,2011,2.91
376,3,2012,2.88
376,3,2013,2.9
376,3,2014,2.96
376,3,2015,2.92
376,3,2016,2.99
376,3,2017,3
376,3,2018,3.04
376,3,2019,3.03
376,3,2020,3.16
376,3,2021,3.35
376,3,2022,3.29
376,3,2023,3.24
380,3,1980,1.46
380,3,1981,1.48
380,3,1982,1.5
380,3,1983,1.53
380,3,1984,1.56
380,3,1985,1.59
380,3,1986,1.63
380,3,1987,1.67
380,3,1988,1.69
380,3,1989,1.69
380,3,1990,1.69
380,3,1991,1.7
380,3,1992,1.7
380,3,1993,1.74
380,3,1994,1.76
380,3,1995,1.78
380,3,1996,1.82
380,3,1997,1.85
380,3,1998,1.91
380,3,1999,1.94
380,3,2000,1.98
380,3,2001,2.01
380,3,2002,2.02
380,3,2003,2.01
380,3,2004,2.02
380,3,2005,1.99
380,3,2006,1.93
380,3,2007,1.86
380,3,2008,1.78
380,3,2009,1.73
380,3,2010,1.66
380,3,2011,1.59
380,3,2012,1.54
380,3,2013,1.52
380,3,2014,1.5
380,3,2015,1.48
380,3,2016,1.48
380,3,2017,1.47
380,3,2018,1.43
380,3,2019,1.35
380,3,2020,1.37
380,3,2021,1.42
380,3,2022,1.3
380,3,2023,1.26
385,3,1980,531.32
385,3,1981,542.13
385,3,1982,528.62
385,3,1983,507.83
385,3,1984,530.77
385,3,1985,592.05
385,3,1986,636.85
385,3,1987,614.42
385,3,1988,625.25
385,3,1989,610.62
385,3,1990,697.6
385,3,1991,797.23
385,3,1992,869.07
385,3,1993,928.6
385,3,1994,941.05
385,3,1995,905.36
385,3,1996,861.06
385,3,1997,815.02
385,3,1998,770.92
385,3,1999,691.31
385,3,2000,674.55
385,3,2001,691.66
385,3,2002,691.99
385,3,2003,708.55
385,3,2004,719.49
385,3,2005,764.87
385,3,2006,745.44
385,3,2007,761.27
385,3,2008,810.51
385,3,2009,891.78
385,3,2010,909.77
385,3,2011,936.37
385,3,2012,875.15
385,3,2013,826.52
385,3,2014,754.36
385,3,2015,714.51
385,3,2016,723.8
385,3,2017,721.38
385,3,2018,665
385,3,2019,609.92
385,3,2020,600.42
385,3,2021,626.46
385,3,2022,607.06
385,3,2023,562.75
393,3,1980,5.13
393,3,1981,5.01
393,3,1982,4.78
393,3,1983,4.44
393,3,1984,4.33
393,3,1985,4.66
393,3,1986,4.7
393,3,1987,4.69
393,3,1988,4.75
393,3,1989,4.78
393,3,1990,4.98
393,3,1991,5.07
393,3,1992,4.98
393,3,1993,5.24
393,3,1994,5.61
393,3,1995,5.57
393,3,1996,5.56
393,3,1997,5.82
393,3,1998,5.99
393,3,1999,5.74
393,3,2000,5.71
393,3,2001,6.03
393,3,2002,6.62
393,3,2003,7.53
393,3,2004,8.13
393,3,2005,9.17
393,3,2006,8.79
393,3,2007,9
393,3,2008,9.78
393,3,2009,10.73
393,3,2010,10.52
393,3,2011,11.24
393,3,2012,10.94
393,3,2013,10.93
393,3,2014,10.64
393,3,2015,10.6
393,3,2016,10.29
393,3,2017,9.82
393,3,2018,9.36
393,3,2019,9.12
393,3,2020,8.83
393,3,2021,8.81
393,3,2022,8.7
393,3,2023,8.59
396,3,1980,0.1
396,3,1981,0.1
396,3,1982,0.1
396,3,1983,0.1
396,3,1984,0.09
396,3,1985,0.09
396,3,1986,0.09
396,3,1987,0.09
396,3,1988,0.09
396,3,1989,0.08
396,3,1990,0.08
396,3,1991,0.08
396,3,1992,0.08
396,3,1993,0.08
396,3,1994,0.08
396,3,1995,0.07
396,3,1996,0.07
396,3,1997,0.07
396,3,1998,0.06
396,3,1999,0.06
396,3,2000,0.06
396,3,2001,0.06
396,3,2002,0.06
396,3,2003,0.06
396,3,2004,0.06
396,3,2005,0.06
396,3,2006,0.06
396,3,2007,0.06
396,3,2008,0.06
396,3,2009,0.06
396,3,2010,0.05
396,3,2011,0.06
396,3,2012,0.06
396,3,2013,0.05
396,3,2014,0.05
396,3,2015,0.05
396,3,2016,0.05
396,3,2017,0.05
396,3,2018,0.05
396,3,2019,0.05
396,3,2020,0.05
396,3,2021,0.05
396,3,2022,0.04
396,3,2023,0.05
413,3,1980,0.07
413,3,1981,0.07
413,3,1982,0.07
413,3,1983,0.07
413,3,1984,0.07
413,3,1985,0.08
413,3,1986,0.08
413,3,1987,0.08
413,3,1988,0.07
413,3,1989,0.07
413,3,1990,0.07
413,3,1991,0.07
413,3,1992,0.07
413,3,1993,0.07
413,3,1994,0.07
413,3,1995,0.07
413,3,1996,0.07
413,3,1997,0.06
413,3,1998,0.07
413,3,1999,0.07
413,3,2000,0.07
413,3,2001,0.07
413,3,2002,0.07
413,3,2003,0.07
413,3,2004,0.06
413,3,2005,0.06
413,3,2006,0.06
413,3,2007,0.06
413,3,2008,0.06
413,3,2009,0.06
413,3,2010,0.05
413,3,2011,0.05
413,3,2012,0.05
413,3,2013,0.05
413,3,2014,0.05
413,3,2015,0.05
413,3,2016,0.05
413,3,2017,0.05
413,3,2018,0.05
413,3,2019,0.05
413,3,2020,0.05
413,3,2021,0.05
413,3,2022,0.05
413,3,2023,0.05
416,3,1980,0.65
416,3,1981,0.7
416,3,1982,0.72
416,3,1983,0.75
416,3,1984,0.75
416,3,1985,0.76
416,3,1986,0.75
416,3,1987,0.74
416,3,1988,0.72
416,3,1989,0.7
416,3,1990,0.7
416,3,1991,0.66
416,3,1992,0.64
416,3,1993,0.63
416,3,1994,0.61
416,3,1995,0.61
416,3,1996,0.62
416,3,1997,0.62
416,3,1998,0.63
416,3,1999,0.64
416,3,2000,0.65
416,3,2001,0.66
416,3,2002,0.67
416,3,2003,0.68
416,3,2004,0.68
416,3,2005,0.7
416,3,2006,0.72
416,3,2007,0.74
416,3,2008,0.74
416,3,2009,0.77
416,3,2010,0.8
416,3,2011,0.81
416,3,2012,0.83
416,3,2013,0.85
416,3,2014,0.87
416,3,2015,0.88
416,3,2016,0.92
416,3,2017,0.91
416,3,2018,0.93
416,3,2019,0.93
416,3,2020,0.95
416,3,2021,0.89
416,3,2022,0.8
416,3,2023,0.8
422,3,1980,27.04
422,3,1981,27.25
422,3,1982,27.78
422,3,1983,27.67
422,3,1984,27.09
422,3,1985,27.12
422,3,1986,27.62
422,3,1987,30.52
422,3,1988,32.84
422,3,1989,33.69
422,3,1990,33.93
422,3,1991,33.78
422,3,1992,33.59
422,3,1993,33.49
422,3,1994,33.77
422,3,1995,32.7
422,3,1996,32.85
422,3,1997,33.1
422,3,1998,32.75
422,3,1999,32.06
422,3,2000,31.72
422,3,2001,34.36
422,3,2002,37.57
422,3,2003,37.98
422,3,2004,40.33
422,3,2005,43.37
422,3,2006,44.94
422,3,2007,45.35
422,3,2008,47.85
422,3,2009,52.52
422,3,2010,52.1
422,3,2011,52.98
422,3,2012,51.3
422,3,2013,50.88
422,3,2014,49.43
422,3,2015,48.65
422,3,2016,46.39
422,3,2017,44.95
422,3,2018,43.75
422,3,2019,41.61
422,3,2020,40.52
422,3,2021,41.9
422,3,2022,37.81
422,3,2023,35.66
435,3,1980,439.97
435,3,1981,459.93
435,3,1982,479.2
435,3,1983,509.9
435,3,1984,519.68
435,3,1985,603.97
435,3,1986,642.22
435,3,1987,677.84
435,3,1988,694.43
435,3,1989,726.38
435,3,1990,703.66
435,3,1991,716.79
435,3,1992,762.75
435,3,1993,814.88
435,3,1994,857.24
435,3,1995,950.4
435,3,1996,973.62
435,3,1997,959.68
435,3,1998,1009.32
435,3,1999,1035.15
435,3,2000,1087.92
435,3,2001,1085.01
435,3,2002,1125.9
435,3,2003,1184.49
435,3,2004,1236.41
435,3,2005,1251.66
435,3,2006,1290.92
435,3,2007,1306.43
435,3,2008,1301.51
435,3,2009,1332.98
435,3,2010,1335.12
435,3,2011,2311
435,3,2012,1944.48
435,3,2013,1722.74
435,3,2014,1616.56
435,3,2015,1937.22
435,3,2016,2056.77
435,3,2017,2295.95
435,3,2018,2155.72
435,3,2019,1985.56
435,3,2020,2520.98
435,3,2021,2671.36
435,3,2022,2604.03
435,3,2023,2856.77
522,3,1980,60.15
522,3,1981,61.76
522,3,1982,63.04
522,3,1983,65.2
522,3,1984,68.38
522,3,1985,70.13
522,3,1986,73.76
522,3,1987,77.1
522,3,1988,77.89
522,3,1989,2095.92
522,3,1990,117.86
522,3,1991,1081.32
522,3,1992,1114.17
522,3,1993,4079.73
522,3,1994,239.31
522,3,1995,175.15
522,3,1996,463.61
522,3,1997,727.29
522,3,1998,496.16
522,3,1999,644
522,3,2000,519.26
522,3,2001,219.73
522,3,2002,380.64
522,3,2003,462.75
522,3,2004,580.81
522,3,2005,976.55
522,3,2006,1003.6
522,3,2007,1477.57
522,3,2008,963.17
522,3,2009,2778.13
522,3,2010,1266.05
522,3,2011,1554.59
522,3,2012,616.73
522,3,2013,1878.28
522,3,2014,1507.5
522,3,2015,1446.79
522,3,2016,757.18
522,3,2017,838.57
522,3,2018,626.58
522,3,2019,603.33
522,3,2020,1105.76
522,3,2021,1292.69
522,3,2022,1819.37
522,3,2023,521.53
