location,sex,year,liver_cancer_deaths_rate_age_standardized
6,1,1980,21.45
6,1,1981,20.09
6,1,1982,18.94
6,1,1983,18.01
6,1,1984,17.07
6,1,1985,16.05
6,1,1986,15.24
6,1,1987,14.6
6,1,1988,14.26
6,1,1989,14.1
6,1,1990,13.81
6,1,1991,13.79
6,1,1992,13.79
6,1,1993,13.87
6,1,1994,14.11
6,1,1995,14.32
6,1,1996,14.43
6,1,1997,14.37
6,1,1998,14.27
6,1,1999,14.14
6,1,2000,13.99
6,1,2001,13.82
6,1,2002,13.27
6,1,2003,12.58
6,1,2004,11.92
6,1,2005,11.8
6,1,2006,12.05
6,1,2007,12.33
6,1,2008,12.47
6,1,2009,12.09
6,1,2010,11.59
6,1,2011,11.03
6,1,2012,10.89
6,1,2013,10.69
6,1,2014,10.91
6,1,2015,11.17
6,1,2016,11.49
6,1,2017,11.36
6,1,2018,10.63
6,1,2019,9.67
6,1,2020,9.06
6,1,2021,9.53
6,1,2022,10.11
6,1,2023,9.73
6,2,1980,12.05
6,2,1981,11.17
6,2,1982,10.44
6,2,1983,9.79
6,2,1984,9.08
6,2,1985,8.31
6,2,1986,7.65
6,2,1987,7.16
6,2,1988,6.86
6,2,1989,6.67
6,2,1990,6.45
6,2,1991,6.35
6,2,1992,6.32
6,2,1993,6.29
6,2,1994,6.35
6,2,1995,6.42
6,2,1996,6.4
6,2,1997,6.26
6,2,1998,6.08
6,2,1999,5.91
6,2,2000,5.81
6,2,2001,5.68
6,2,2002,5.34
6,2,2003,4.94
6,2,2004,4.56
6,2,2005,4.44
6,2,2006,4.45
6,2,2007,4.51
6,2,2008,4.56
6,2,2009,4.48
6,2,2010,4.34
6,2,2011,4.14
6,2,2012,4.02
6,2,2013,3.92
6,2,2014,3.95
6,2,2015,3.95
6,2,2016,3.95
6,2,2017,3.82
6,2,2018,3.49
6,2,2019,3.12
6,2,2020,2.89
6,2,2021,2.99
6,2,2022,3.09
6,2,2023,3.2
7,1,1980,17.82
7,1,1981,16.98
7,1,1982,16.22
7,1,1983,15.55
7,1,1984,14.96
7,1,1985,14.42
7,1,1986,13.9
7,1,1987,13.37
7,1,1988,12.99
7,1,1989,12.75
7,1,1990,12.56
7,1,1991,12.35
7,1,1992,12.14
7,1,1993,11.94
7,1,1994,11.76
7,1,1995,11.6
7,1,1996,11.51
7,1,1997,11.46
7,1,1998,11.42
7,1,1999,11.34
7,1,2000,11.2
7,1,2001,11.07
7,1,2002,10.86
7,1,2003,10.68
7,1,2004,10.56
7,1,2005,10.49
7,1,2006,10.44
7,1,2007,10.34
7,1,2008,10.21
7,1,2009,10.09
7,1,2010,10.01
7,1,2011,9.88
7,1,2012,9.84
7,1,2013,9.59
7,1,2014,9.49
7,1,2015,9.39
7,1,2016,9.39
7,1,2017,9.35
7,1,2018,9.4
7,1,2019,9.46
7,1,2020,9.46
7,1,2021,9.51
7,1,2022,9.83
7,1,2023,10.24
7,2,1980,6.93
7,2,1981,6.58
7,2,1982,6.26
7,2,1983,5.98
7,2,1984,5.72
7,2,1985,5.45
7,2,1986,5.2
7,2,1987,4.97
7,2,1988,4.78
7,2,1989,4.65
7,2,1990,4.54
7,2,1991,4.56
7,2,1992,4.57
7,2,1993,4.58
7,2,1994,4.58
7,2,1995,4.58
7,2,1996,4.61
7,2,1997,4.65
7,2,1998,4.73
7,2,1999,4.82
7,2,2000,4.91
7,2,2001,4.93
7,2,2002,4.88
7,2,2003,4.85
7,2,2004,4.84
7,2,2005,4.87
7,2,2006,4.87
7,2,2007,4.84
7,2,2008,4.81
7,2,2009,4.8
7,2,2010,4.82
7,2,2011,4.83
7,2,2012,4.89
7,2,2013,4.86
7,2,2014,4.87
7,2,2015,4.87
7,2,2016,4.89
7,2,2017,4.92
7,2,2018,4.99
7,2,2019,5.05
7,2,2020,5.02
7,2,2021,5.01
7,2,2022,5.22
7,2,2023,5.61
8,1,1980,25.09
8,1,1981,12.05
8,1,1982,9.88
8,1,1983,9.15
8,1,1984,7.63
8,1,1985,6.45
8,1,1986,5.69
8,1,1987,5.29
8,1,1988,4.98
8,1,1989,4.14
8,1,1990,3.52
8,1,1991,3.51
8,1,1992,3.61
8,1,1993,3.03
8,1,1994,3
8,1,1995,2.79
8,1,1996,2.75
8,1,1997,2.75
8,1,1998,3.05
8,1,1999,3.57
8,1,2000,3.58
8,1,2001,4.37
8,1,2002,4.96
8,1,2003,5.26
8,1,2004,4.95
8,1,2005,4.96
8,1,2006,5.45
8,1,2007,6.04
8,1,2008,7.66
8,1,2009,7.72
8,1,2010,7.43
8,1,2011,7.08
8,1,2012,6.93
8,1,2013,7.25
8,1,2014,7.47
8,1,2015,7.81
8,1,2016,9.02
8,1,2017,10.14
8,1,2018,10.01
8,1,2019,9.83
8,1,2020,9.68
8,1,2021,9.89
8,1,2022,10.05
8,1,2023,10.59
8,2,1980,7.24
8,2,1981,3.31
8,2,1982,2.51
8,2,1983,2.49
8,2,1984,2.17
8,2,1985,1.71
8,2,1986,1.52
8,2,1987,1.37
8,2,1988,1.33
8,2,1989,1.24
8,2,1990,1.26
8,2,1991,1.35
8,2,1992,1.47
8,2,1993,1.31
8,2,1994,1.38
8,2,1995,1.31
8,2,1996,1.31
8,2,1997,1.3
8,2,1998,1.4
8,2,1999,1.55
8,2,2000,1.71
8,2,2001,2
8,2,2002,2.18
8,2,2003,2.35
8,2,2004,1.95
8,2,2005,1.95
8,2,2006,2.16
8,2,2007,2.66
8,2,2008,4.11
8,2,2009,4.32
8,2,2010,4.27
8,2,2011,4.16
8,2,2012,4.08
8,2,2013,4.06
8,2,2014,4.3
8,2,2015,4.48
8,2,2016,4.77
8,2,2017,4.82
8,2,2018,4.62
8,2,2019,4.47
8,2,2020,4.26
8,2,2021,4.26
8,2,2022,4.17
8,2,2023,4.41
10,1,1980,10.59
10,1,1981,10.36
10,1,1982,10.14
10,1,1983,9.9
10,1,1984,9.65
10,1,1985,9.43
10,1,1986,9.25
10,1,1987,9.05
10,1,1988,8.88
10,1,1989,8.72
10,1,1990,8.59
10,1,1991,8.66
10,1,1992,8.69
10,1,1993,8.65
10,1,1994,8.64
10,1,1995,8.65
10,1,1996,8.64
10,1,1997,8.61
10,1,1998,8.66
10,1,1999,8.51
10,1,2000,8.33
10,1,2001,8.36
10,1,2002,8.32
10,1,2003,8.15
10,1,2004,8.06
10,1,2005,8.01
10,1,2006,7.82
10,1,2007,7.76
10,1,2008,7.61
10,1,2009,7.47
10,1,2010,7.41
10,1,2011,7.32
10,1,2012,7.31
10,1,2013,7.23
10,1,2014,7.13
10,1,2015,7.07
10,1,2016,7.02
10,1,2017,6.87
10,1,2018,6.79
10,1,2019,6.76
10,1,2020,6.8
10,1,2021,6.38
10,1,2022,6.53
10,1,2023,7.28
10,2,1980,6.26
10,2,1981,6.15
10,2,1982,6.04
10,2,1983,5.9
10,2,1984,5.73
10,2,1985,5.57
10,2,1986,5.4
10,2,1987,5.25
10,2,1988,5.11
10,2,1989,4.99
10,2,1990,4.88
10,2,1991,4.84
10,2,1992,4.8
10,2,1993,4.72
10,2,1994,4.59
10,2,1995,4.47
10,2,1996,4.33
10,2,1997,4.21
10,2,1998,4.16
10,2,1999,4.01
10,2,2000,3.9
10,2,2001,3.86
10,2,2002,3.77
10,2,2003,3.65
10,2,2004,3.58
10,2,2005,3.56
10,2,2006,3.51
10,2,2007,3.55
10,2,2008,3.53
10,2,2009,3.5
10,2,2010,3.5
10,2,2011,3.46
10,2,2012,3.47
10,2,2013,3.47
10,2,2014,3.42
10,2,2015,3.41
10,2,2016,3.39
10,2,2017,3.32
10,2,2018,3.32
10,2,2019,3.35
10,2,2020,3.38
10,2,2021,3.13
10,2,2022,3.24
10,2,2023,3.55
11,1,1980,8.97
11,1,1981,8.58
11,1,1982,8.27
11,1,1983,7.95
11,1,1984,7.63
11,1,1985,7.35
11,1,1986,7.09
11,1,1987,6.8
11,1,1988,6.57
11,1,1989,6.36
11,1,1990,6.15
11,1,1991,6.09
11,1,1992,6.03
11,1,1993,5.99
11,1,1994,5.98
11,1,1995,5.98
11,1,1996,6.03
11,1,1997,6.09
11,1,1998,6.08
11,1,1999,6.08
11,1,2000,6.1
11,1,2001,6.11
11,1,2002,6.14
11,1,2003,6.25
11,1,2004,6.67
11,1,2005,6.54
11,1,2006,6.71
11,1,2007,6.87
11,1,2008,7.02
11,1,2009,7.13
11,1,2010,7.23
11,1,2011,7.36
11,1,2012,7.35
11,1,2013,7.29
11,1,2014,7.25
11,1,2015,7.19
11,1,2016,7.15
11,1,2017,7.17
11,1,2018,7.18
11,1,2019,7.2
11,1,2020,7.54
11,1,2021,8.34
11,1,2022,7.55
11,1,2023,7.91
11,2,1980,2.93
11,2,1981,2.79
11,2,1982,2.67
11,2,1983,2.54
11,2,1984,2.41
11,2,1985,2.29
11,2,1986,2.17
11,2,1987,2.08
11,2,1988,1.99
11,2,1989,1.93
11,2,1990,1.86
11,2,1991,1.83
11,2,1992,1.81
11,2,1993,1.79
11,2,1994,1.76
11,2,1995,1.73
11,2,1996,1.71
11,2,1997,1.69
11,2,1998,1.66
11,2,1999,1.64
11,2,2000,1.63
11,2,2001,1.62
11,2,2002,1.62
11,2,2003,1.65
11,2,2004,1.87
11,2,2005,1.75
11,2,2006,1.79
11,2,2007,1.85
11,2,2008,1.92
11,2,2009,1.98
11,2,2010,2.03
11,2,2011,2.07
11,2,2012,2.07
11,2,2013,2.06
11,2,2014,2.05
11,2,2015,2.05
11,2,2016,2.06
11,2,2017,2.07
11,2,2018,2.08
11,2,2019,2.1
11,2,2020,2.17
11,2,2021,2.3
11,2,2022,2.19
11,2,2023,2.32
12,1,1980,8.92
12,1,1981,8.66
12,1,1982,8.43
12,1,1983,8.22
12,1,1984,8.05
12,1,1985,7.91
12,1,1986,7.75
12,1,1987,7.62
12,1,1988,7.54
12,1,1989,7.49
12,1,1990,7.47
12,1,1991,7.55
12,1,1992,7.65
12,1,1993,7.78
12,1,1994,7.91
12,1,1995,7.93
12,1,1996,8.04
12,1,1997,8.18
12,1,1998,8.32
12,1,1999,8.36
12,1,2000,8.32
12,1,2001,8.34
12,1,2002,8.35
12,1,2003,8.31
12,1,2004,8.27
12,1,2005,8.31
12,1,2006,8.35
12,1,2007,8.41
12,1,2008,8.39
12,1,2009,8.49
12,1,2010,8.61
12,1,2011,8.84
12,1,2012,8.93
12,1,2013,9.09
12,1,2014,9.17
12,1,2015,9.28
12,1,2016,9.24
12,1,2017,9.25
12,1,2018,9.18
12,1,2019,9.18
12,1,2020,9.36
12,1,2021,9.32
12,1,2022,10.06
12,1,2023,10.49
12,2,1980,4.75
12,2,1981,4.57
12,2,1982,4.4
12,2,1983,4.23
12,2,1984,4.06
12,2,1985,3.9
12,2,1986,3.75
12,2,1987,3.63
12,2,1988,3.53
12,2,1989,3.45
12,2,1990,3.39
12,2,1991,3.38
12,2,1992,3.38
12,2,1993,3.4
12,2,1994,3.41
12,2,1995,3.35
12,2,1996,3.35
12,2,1997,3.34
12,2,1998,3.36
12,2,1999,3.34
12,2,2000,3.29
12,2,2001,3.28
12,2,2002,3.26
12,2,2003,3.26
12,2,2004,3.26
12,2,2005,3.29
12,2,2006,3.3
12,2,2007,3.32
12,2,2008,3.32
12,2,2009,3.38
12,2,2010,3.45
12,2,2011,3.55
12,2,2012,3.6
12,2,2013,3.73
12,2,2014,3.82
12,2,2015,3.92
12,2,2016,3.97
12,2,2017,3.98
12,2,2018,3.99
12,2,2019,4.03
12,2,2020,4.11
12,2,2021,4.07
12,2,2022,4.41
12,2,2023,4.69
13,1,1980,15.18
13,1,1981,14.99
13,1,1982,14.8
13,1,1983,14.49
13,1,1984,14.12
13,1,1985,13.74
13,1,1986,13.41
13,1,1987,13.18
13,1,1988,13.06
13,1,1989,13.08
13,1,1990,13.08
13,1,1991,13.16
13,1,1992,13.23
13,1,1993,13.3
13,1,1994,13.5
13,1,1995,13.65
13,1,1996,13.76
13,1,1997,13.78
13,1,1998,14.29
13,1,1999,14.59
13,1,2000,14.73
13,1,2001,14.19
13,1,2002,13.97
13,1,2003,13.69
13,1,2004,13.39
13,1,2005,12.91
13,1,2006,12.66
13,1,2007,12.62
13,1,2008,12.61
13,1,2009,12.58
13,1,2010,12.58
13,1,2011,12.54
13,1,2012,12.46
13,1,2013,12.51
13,1,2014,12.53
13,1,2015,12.63
13,1,2016,12.75
13,1,2017,12.79
13,1,2018,12.78
13,1,2019,12.61
13,1,2020,12.47
13,1,2021,12.57
13,1,2022,14.16
13,1,2023,14
13,2,1980,7.96
13,2,1981,7.67
13,2,1982,7.35
13,2,1983,7.06
13,2,1984,6.83
13,2,1985,6.53
13,2,1986,6.17
13,2,1987,5.92
13,2,1988,5.82
13,2,1989,5.82
13,2,1990,5.84
13,2,1991,5.77
13,2,1992,5.68
13,2,1993,5.65
13,2,1994,5.76
13,2,1995,5.82
13,2,1996,5.93
13,2,1997,6.06
13,2,1998,6.35
13,2,1999,6.62
13,2,2000,6.76
13,2,2001,6.8
13,2,2002,6.83
13,2,2003,6.74
13,2,2004,6.55
13,2,2005,6.27
13,2,2006,5.99
13,2,2007,5.78
13,2,2008,5.61
13,2,2009,5.44
13,2,2010,5.4
13,2,2011,5.31
13,2,2012,5.23
13,2,2013,5.23
13,2,2014,5.15
13,2,2015,5.11
13,2,2016,5.11
13,2,2017,5.14
13,2,2018,5.17
13,2,2019,5
13,2,2020,4.86
13,2,2021,5.24
13,2,2022,5.77
13,2,2023,5.76
14,1,1980,9.4
14,1,1981,9.43
14,1,1982,9.34
14,1,1983,9.16
14,1,1984,9.02
14,1,1985,8.99
14,1,1986,8.86
14,1,1987,8.67
14,1,1988,8.52
14,1,1989,8.45
14,1,1990,8.33
14,1,1991,8.43
14,1,1992,8.47
14,1,1993,8.5
14,1,1994,8.48
14,1,1995,8.52
14,1,1996,8.54
14,1,1997,8.58
14,1,1998,8.61
14,1,1999,8.52
14,1,2000,8.55
14,1,2001,8.65
14,1,2002,8.74
14,1,2003,8.84
14,1,2004,9.15
14,1,2005,9.1
14,1,2006,9.26
14,1,2007,9.37
14,1,2008,9.41
14,1,2009,9.42
14,1,2010,9.46
14,1,2011,9.56
14,1,2012,9.46
14,1,2013,9.44
14,1,2014,9.37
14,1,2015,9.37
14,1,2016,9.41
14,1,2017,9.55
14,1,2018,9.7
14,1,2019,9.99
14,1,2020,10.11
14,1,2021,10.3
14,1,2022,11.18
14,1,2023,12.17
14,2,1980,4.58
14,2,1981,4.46
14,2,1982,4.3
14,2,1983,4.2
14,2,1984,4.09
14,2,1985,3.95
14,2,1986,3.82
14,2,1987,3.68
14,2,1988,3.54
14,2,1989,3.43
14,2,1990,3.3
14,2,1991,3.29
14,2,1992,3.26
14,2,1993,3.19
14,2,1994,3.07
14,2,1995,3
14,2,1996,2.94
14,2,1997,2.87
14,2,1998,2.79
14,2,1999,2.72
14,2,2000,2.68
14,2,2001,2.66
14,2,2002,2.64
14,2,2003,2.63
14,2,2004,2.66
14,2,2005,2.61
14,2,2006,2.61
14,2,2007,2.6
14,2,2008,2.57
14,2,2009,2.54
14,2,2010,2.52
14,2,2011,2.54
14,2,2012,2.51
14,2,2013,2.49
14,2,2014,2.46
14,2,2015,2.47
14,2,2016,2.48
14,2,2017,2.51
14,2,2018,2.58
14,2,2019,2.64
14,2,2020,2.66
14,2,2021,2.81
14,2,2022,2.93
14,2,2023,3.14
15,1,1980,7.7
15,1,1981,7.52
15,1,1982,7.34
15,1,1983,7.18
15,1,1984,7.02
15,1,1985,6.89
15,1,1986,6.82
15,1,1987,6.74
15,1,1988,6.69
15,1,1989,6.68
15,1,1990,6.86
15,1,1991,6.96
15,1,1992,7.01
15,1,1993,7.08
15,1,1994,7.15
15,1,1995,7.27
15,1,1996,7.36
15,1,1997,7.49
15,1,1998,7.65
15,1,1999,7.69
15,1,2000,7.74
15,1,2001,7.77
15,1,2002,7.79
15,1,2003,7.83
15,1,2004,7.89
15,1,2005,8.04
15,1,2006,8.11
15,1,2007,8.13
15,1,2008,8.73
15,1,2009,8.14
15,1,2010,8.24
15,1,2011,8.42
15,1,2012,8.43
15,1,2013,8.6
15,1,2014,8.83
15,1,2015,8.93
15,1,2016,9.1
15,1,2017,9.18
15,1,2018,9.18
15,1,2019,9.34
15,1,2020,9.79
15,1,2021,11
15,1,2022,10.17
15,1,2023,10.36
15,2,1980,3.25
15,2,1981,3.14
15,2,1982,3.02
15,2,1983,2.9
15,2,1984,2.78
15,2,1985,2.66
15,2,1986,2.57
15,2,1987,2.49
15,2,1988,2.44
15,2,1989,2.39
15,2,1990,2.38
15,2,1991,2.38
15,2,1992,2.37
15,2,1993,2.35
15,2,1994,2.32
15,2,1995,2.31
15,2,1996,2.29
15,2,1997,2.29
15,2,1998,2.32
15,2,1999,2.31
15,2,2000,2.32
15,2,2001,2.31
15,2,2002,2.28
15,2,2003,2.27
15,2,2004,2.29
15,2,2005,2.32
15,2,2006,2.33
15,2,2007,2.35
15,2,2008,2.75
15,2,2009,2.41
15,2,2010,2.46
15,2,2011,2.5
15,2,2012,2.5
15,2,2013,2.54
15,2,2014,2.6
15,2,2015,2.63
15,2,2016,2.68
15,2,2017,2.7
15,2,2018,2.72
15,2,2019,2.79
15,2,2020,2.86
15,2,2021,3.09
15,2,2022,3.06
15,2,2023,3.18
16,1,1980,10.1
16,1,1981,10.35
16,1,1982,10.22
16,1,1983,10.15
16,1,1984,10.13
16,1,1985,10.11
16,1,1986,10.01
16,1,1987,9.74
16,1,1988,9.57
16,1,1989,9.46
16,1,1990,9.29
16,1,1991,9.21
16,1,1992,9.32
16,1,1993,9.52
16,1,1994,9.72
16,1,1995,9.8
16,1,1996,9.9
16,1,1997,9.9
16,1,1998,9.93
16,1,1999,9.88
16,1,2000,9.89
16,1,2001,9.98
16,1,2002,9.99
16,1,2003,9.78
16,1,2004,9.7
16,1,2005,9.85
16,1,2006,9.86
16,1,2007,9.68
16,1,2008,9.68
16,1,2009,9.73
16,1,2010,9.64
16,1,2011,9.59
16,1,2012,9.66
16,1,2013,9.67
16,1,2014,9.66
16,1,2015,9.74
16,1,2016,9.79
16,1,2017,9.7
16,1,2018,9.65
16,1,2019,9.42
16,1,2020,8.68
16,1,2021,9.72
16,1,2022,9.08
16,1,2023,8.82
16,2,1980,5.09
16,2,1981,5
16,2,1982,4.79
16,2,1983,4.6
16,2,1984,4.55
16,2,1985,4.48
16,2,1986,4.43
16,2,1987,4.31
16,2,1988,4.14
16,2,1989,3.98
16,2,1990,3.82
16,2,1991,3.75
16,2,1992,3.72
16,2,1993,3.72
16,2,1994,3.73
16,2,1995,3.73
16,2,1996,3.72
16,2,1997,3.63
16,2,1998,3.53
16,2,1999,3.48
16,2,2000,3.44
16,2,2001,3.42
16,2,2002,3.38
16,2,2003,3.24
16,2,2004,3.15
16,2,2005,3.18
16,2,2006,3.17
16,2,2007,3.14
16,2,2008,3.17
16,2,2009,3.23
16,2,2010,3.25
16,2,2011,3.26
16,2,2012,3.34
16,2,2013,3.38
16,2,2014,3.4
16,2,2015,3.45
16,2,2016,3.49
16,2,2017,3.46
16,2,2018,3.46
16,2,2019,3.38
16,2,2020,3.1
16,2,2021,3.41
16,2,2022,3.19
16,2,2023,3.16
17,1,1980,3.31
17,1,1981,3.31
17,1,1982,3.33
17,1,1983,3.41
17,1,1984,3.53
17,1,1985,3.56
17,1,1986,3.55
17,1,1987,3.55
17,1,1988,3.61
17,1,1989,3.54
17,1,1990,3.53
17,1,1991,3.4
17,1,1992,3.35
17,1,1993,3.44
17,1,1994,3.53
17,1,1995,3.61
17,1,1996,3.85
17,1,1997,3.83
17,1,1998,3.99
17,1,1999,4.06
17,1,2000,4.17
17,1,2001,4.3
17,1,2002,4.34
17,1,2003,4.3
17,1,2004,4.61
17,1,2005,4.18
17,1,2006,4.01
17,1,2007,3.94
17,1,2008,3.83
17,1,2009,3.77
17,1,2010,3.65
17,1,2011,3.51
17,1,2012,3.44
17,1,2013,3.45
17,1,2014,3.54
17,1,2015,3.57
17,1,2016,3.56
17,1,2017,3.66
17,1,2018,3.72
17,1,2019,3.71
17,1,2020,3.74
17,1,2021,3.69
17,1,2022,4.54
17,1,2023,4.78
17,2,1980,1.38
17,2,1981,1.34
17,2,1982,1.37
17,2,1983,1.35
17,2,1984,1.35
17,2,1985,1.35
17,2,1986,1.35
17,2,1987,1.32
17,2,1988,1.33
17,2,1989,1.32
17,2,1990,1.33
17,2,1991,1.34
17,2,1992,1.34
17,2,1993,1.35
17,2,1994,1.37
17,2,1995,1.38
17,2,1996,1.44
17,2,1997,1.44
17,2,1998,1.48
17,2,1999,1.49
17,2,2000,1.49
17,2,2001,1.51
17,2,2002,1.49
17,2,2003,1.42
17,2,2004,1.63
17,2,2005,1.36
17,2,2006,1.29
17,2,2007,1.23
17,2,2008,1.19
17,2,2009,1.14
17,2,2010,1.11
17,2,2011,1.08
17,2,2012,1.06
17,2,2013,1.06
17,2,2014,1.06
17,2,2015,1.08
17,2,2016,1.1
17,2,2017,1.13
17,2,2018,1.15
17,2,2019,1.13
17,2,2020,1.15
17,2,2021,1.19
17,2,2022,1.37
17,2,2023,1.44
18,1,1980,21.74
18,1,1981,20.98
18,1,1982,20.2
18,1,1983,19.23
18,1,1984,17.97
18,1,1985,17.3
18,1,1986,17.28
18,1,1987,17.88
18,1,1988,18.61
18,1,1989,19.41
18,1,1990,20.03
18,1,1991,21.01
18,1,1992,21.97
18,1,1993,22.53
18,1,1994,23.28
18,1,1995,23.6
18,1,1996,21.73
18,1,1997,18.62
18,1,1998,18.46
18,1,1999,20.98
18,1,2000,22.15
18,1,2001,22.4
18,1,2002,22.2
18,1,2003,21.95
18,1,2004,21.97
18,1,2005,21.65
18,1,2006,20.79
18,1,2007,20.07
18,1,2008,19.37
18,1,2009,18.67
18,1,2010,18.66
18,1,2011,18.38
18,1,2012,17.94
18,1,2013,17.63
18,1,2014,17.36
18,1,2015,17.29
18,1,2016,17.13
18,1,2017,16.13
18,1,2018,15.4
18,1,2019,15.67
18,1,2020,15.73
18,1,2021,16.19
18,1,2022,17.09
18,1,2023,17.06
18,2,1980,9.47
18,2,1981,8.91
18,2,1982,8.63
18,2,1983,8.19
18,2,1984,7.56
18,2,1985,7.2
18,2,1986,7.16
18,2,1987,7.28
18,2,1988,7.41
18,2,1989,7.6
18,2,1990,7.73
18,2,1991,7.95
18,2,1992,8.21
18,2,1993,8.31
18,2,1994,8.45
18,2,1995,8.43
18,2,1996,7.77
18,2,1997,7.04
18,2,1998,7.3
18,2,1999,8.04
18,2,2000,8.3
18,2,2001,8.3
18,2,2002,8.12
18,2,2003,7.94
18,2,2004,7.88
18,2,2005,7.69
18,2,2006,7.29
18,2,2007,7.04
18,2,2008,6.75
18,2,2009,6.43
18,2,2010,6.36
18,2,2011,6.13
18,2,2012,5.81
18,2,2013,5.63
18,2,2014,5.45
18,2,2015,5.32
18,2,2016,5.17
18,2,2017,4.78
18,2,2018,4.55
18,2,2019,4.61
18,2,2020,4.55
18,2,2021,4.59
18,2,2022,4.92
18,2,2023,4.89
19,1,1980,7.47
19,1,1981,7.32
19,1,1982,7.17
19,1,1983,7
19,1,1984,6.84
19,1,1985,6.72
19,1,1986,6.57
19,1,1987,6.42
19,1,1988,6.23
19,1,1989,6.08
19,1,1990,5.96
19,1,1991,5.92
19,1,1992,5.91
19,1,1993,5.92
19,1,1994,5.92
19,1,1995,5.93
19,1,1996,5.99
19,1,1997,6.02
19,1,1998,6.05
19,1,1999,5.97
19,1,2000,6.01
19,1,2001,5.96
19,1,2002,5.83
19,1,2003,5.88
19,1,2004,5.64
19,1,2005,5.68
19,1,2006,5.61
19,1,2007,5.55
19,1,2008,5.37
19,1,2009,5.42
19,1,2010,5.37
19,1,2011,5.61
19,1,2012,5.68
19,1,2013,5.61
19,1,2014,5.52
19,1,2015,5.47
19,1,2016,5.44
19,1,2017,5.45
19,1,2018,5.42
19,1,2019,5.4
19,1,2020,5.55
19,1,2021,5.45
19,1,2022,5.46
19,1,2023,5.78
19,2,1980,4.66
19,2,1981,4.52
19,2,1982,4.35
19,2,1983,4.18
19,2,1984,4
19,2,1985,3.82
19,2,1986,3.65
19,2,1987,3.48
19,2,1988,3.35
19,2,1989,3.23
19,2,1990,3.13
19,2,1991,3.08
19,2,1992,3.06
19,2,1993,3.04
19,2,1994,2.99
19,2,1995,2.95
19,2,1996,2.92
19,2,1997,2.88
19,2,1998,2.87
19,2,1999,2.81
19,2,2000,2.83
19,2,2001,2.79
19,2,2002,2.71
19,2,2003,2.73
19,2,2004,2.61
19,2,2005,2.63
19,2,2006,2.61
19,2,2007,2.62
19,2,2008,2.57
19,2,2009,2.66
19,2,2010,2.69
19,2,2011,2.87
19,2,2012,2.93
19,2,2013,2.9
19,2,2014,2.86
19,2,2015,2.85
19,2,2016,2.86
19,2,2017,2.88
19,2,2018,2.88
19,2,2019,2.89
19,2,2020,2.95
19,2,2021,2.89
19,2,2022,2.92
19,2,2023,3.15
20,1,1980,29.5
20,1,1981,28.16
20,1,1982,26.92
20,1,1983,25.63
20,1,1984,24.46
20,1,1985,23.48
20,1,1986,22.72
20,1,1987,22.14
20,1,1988,21.63
20,1,1989,21.14
20,1,1990,20.6
20,1,1991,20.59
20,1,1992,20.55
20,1,1993,21.04
20,1,1994,21.39
20,1,1995,21.58
20,1,1996,22.41
20,1,1997,21.97
20,1,1998,21.73
20,1,1999,21.21
20,1,2000,20.71
20,1,2001,20.09
20,1,2002,19.38
20,1,2003,18.43
20,1,2004,17.49
20,1,2005,16.58
20,1,2006,15.82
20,1,2007,15.23
20,1,2008,14.79
20,1,2009,14.46
20,1,2010,14.14
20,1,2011,14.24
20,1,2012,14.23
20,1,2013,14.17
20,1,2014,14.2
20,1,2015,14.16
20,1,2016,14.14
20,1,2017,14.01
20,1,2018,13.88
20,1,2019,13.81
20,1,2020,13.78
20,1,2021,13.23
20,1,2022,13.67
20,1,2023,15.03
20,2,1980,7.64
20,2,1981,7.28
20,2,1982,6.94
20,2,1983,6.58
20,2,1984,6.24
20,2,1985,5.96
20,2,1986,5.72
20,2,1987,5.5
20,2,1988,5.31
20,2,1989,5.14
20,2,1990,4.98
20,2,1991,4.9
20,2,1992,4.76
20,2,1993,4.79
20,2,1994,4.78
20,2,1995,4.76
20,2,1996,4.78
20,2,1997,4.54
20,2,1998,4.36
20,2,1999,4.16
20,2,2000,4.03
20,2,2001,3.95
20,2,2002,3.85
20,2,2003,3.71
20,2,2004,3.55
20,2,2005,3.41
20,2,2006,3.29
20,2,2007,3.19
20,2,2008,3.12
20,2,2009,3.08
20,2,2010,3.04
20,2,2011,3.06
20,2,2012,3.05
20,2,2013,3.03
20,2,2014,3.02
20,2,2015,3
20,2,2016,3
20,2,2017,2.96
20,2,2018,2.93
20,2,2019,2.91
20,2,2020,2.89
20,2,2021,2.79
20,2,2022,2.86
20,2,2023,3.17
22,1,1980,5.46
22,1,1981,5.35
22,1,1982,5.42
22,1,1983,5.46
22,1,1984,5.49
22,1,1985,5.37
22,1,1986,5.31
22,1,1987,5.34
22,1,1988,5.39
22,1,1989,5.45
22,1,1990,5.48
22,1,1991,5.52
22,1,1992,5.56
22,1,1993,5.56
22,1,1994,5.56
22,1,1995,5.57
22,1,1996,5.58
22,1,1997,5.62
22,1,1998,5.77
22,1,1999,5.79
22,1,2000,5.83
22,1,2001,5.95
22,1,2002,6.07
22,1,2003,6.53
22,1,2004,7.03
22,1,2005,7.12
22,1,2006,7.37
22,1,2007,7.46
22,1,2008,7.55
22,1,2009,7.61
22,1,2010,7.67
22,1,2011,7.82
22,1,2012,7.69
22,1,2013,7.79
22,1,2014,7.9
22,1,2015,7.98
22,1,2016,7.97
22,1,2017,7.9
22,1,2018,7.89
22,1,2019,7.83
22,1,2020,7.91
22,1,2021,8.19
22,1,2022,8.6
22,1,2023,9.08
22,2,1980,3.49
22,2,1981,3.32
22,2,1982,3.3
22,2,1983,3.28
22,2,1984,3.25
22,2,1985,3.09
22,2,1986,2.95
22,2,1987,2.93
22,2,1988,2.91
22,2,1989,2.9
22,2,1990,2.9
22,2,1991,2.93
22,2,1992,2.97
22,2,1993,2.97
22,2,1994,2.97
22,2,1995,2.98
22,2,1996,2.97
22,2,1997,2.98
22,2,1998,3.08
22,2,1999,3.12
22,2,2000,3.15
22,2,2001,3.25
22,2,2002,3.25
22,2,2003,3.72
22,2,2004,3.94
22,2,2005,3.84
22,2,2006,3.87
22,2,2007,3.89
22,2,2008,3.82
22,2,2009,3.91
22,2,2010,3.93
22,2,2011,3.95
22,2,2012,4.02
22,2,2013,3.94
22,2,2014,3.89
22,2,2015,3.87
22,2,2016,3.85
22,2,2017,3.81
22,2,2018,3.82
22,2,2019,3.81
22,2,2020,3.83
22,2,2021,3.82
22,2,2022,4.08
22,2,2023,4.33
23,1,1980,4.91
23,1,1981,4.83
23,1,1982,4.74
23,1,1983,4.65
23,1,1984,4.56
23,1,1985,4.49
23,1,1986,4.42
23,1,1987,4.38
23,1,1988,4.34
23,1,1989,4.31
23,1,1990,4.29
23,1,1991,4.3
23,1,1992,4.28
23,1,1993,4.29
23,1,1994,4.32
23,1,1995,4.33
23,1,1996,4.34
23,1,1997,4.35
23,1,1998,4.35
23,1,1999,4.35
23,1,2000,4.41
23,1,2001,4.41
23,1,2002,4.46
23,1,2003,4.53
23,1,2004,4.58
23,1,2005,4.61
23,1,2006,4.56
23,1,2007,4.46
23,1,2008,4.37
23,1,2009,4.29
23,1,2010,4.24
23,1,2011,4.27
23,1,2012,4.34
23,1,2013,4.43
23,1,2014,4.5
23,1,2015,4.56
23,1,2016,4.53
23,1,2017,4.43
23,1,2018,4.56
23,1,2019,4.27
23,1,2020,4.31
23,1,2021,4.59
23,1,2022,4.61
23,1,2023,4.89
23,2,1980,3.45
23,2,1981,3.39
23,2,1982,3.32
23,2,1983,3.24
23,2,1984,3.16
23,2,1985,3.1
23,2,1986,3.03
23,2,1987,2.95
23,2,1988,2.88
23,2,1989,2.83
23,2,1990,2.79
23,2,1991,2.76
23,2,1992,2.72
23,2,1993,2.72
23,2,1994,2.71
23,2,1995,2.71
23,2,1996,2.73
23,2,1997,2.72
23,2,1998,2.75
23,2,1999,2.77
23,2,2000,2.79
23,2,2001,2.81
23,2,2002,2.83
23,2,2003,2.85
23,2,2004,2.87
23,2,2005,2.9
23,2,2006,2.91
23,2,2007,2.94
23,2,2008,2.97
23,2,2009,2.99
23,2,2010,3.01
23,2,2011,3
23,2,2012,2.96
23,2,2013,2.92
23,2,2014,2.88
23,2,2015,2.87
23,2,2016,2.88
23,2,2017,2.89
23,2,2018,2.98
23,2,2019,2.92
23,2,2020,2.95
23,2,2021,3.08
23,2,2022,3.27
23,2,2023,3.38
24,1,1980,22.24
24,1,1981,21.76
24,1,1982,21.4
24,1,1983,20.49
24,1,1984,20.07
24,1,1985,19.82
24,1,1986,19.43
24,1,1987,19.09
24,1,1988,18.69
24,1,1989,18.3
24,1,1990,17.96
24,1,1991,17.91
24,1,1992,17.84
24,1,1993,17.85
24,1,1994,18.31
24,1,1995,18.25
24,1,1996,18.18
24,1,1997,18.03
24,1,1998,17.93
24,1,1999,17.71
24,1,2000,17.93
24,1,2001,17.74
24,1,2002,18.02
24,1,2003,18.39
24,1,2004,18.73
24,1,2005,18.97
24,1,2006,18.98
24,1,2007,18.77
24,1,2008,18.46
24,1,2009,18.26
24,1,2010,18.32
24,1,2011,18.65
24,1,2012,19.11
24,1,2013,19.65
24,1,2014,20.05
24,1,2015,20.26
24,1,2016,20.34
24,1,2017,20.17
24,1,2018,19.8
24,1,2019,19.33
24,1,2020,19.68
24,1,2021,21.39
24,1,2022,20.49
24,1,2023,21.69
24,2,1980,10.75
24,2,1981,10.5
24,2,1982,10.26
24,2,1983,9.98
24,2,1984,9.68
24,2,1985,9.44
24,2,1986,9.13
24,2,1987,8.81
24,2,1988,8.49
24,2,1989,8.26
24,2,1990,8.04
24,2,1991,7.94
24,2,1992,7.85
24,2,1993,7.78
24,2,1994,7.72
24,2,1995,7.69
24,2,1996,7.71
24,2,1997,7.79
24,2,1998,7.92
24,2,1999,8
24,2,2000,8.27
24,2,2001,8.21
24,2,2002,8.34
24,2,2003,8.47
24,2,2004,8.64
24,2,2005,8.79
24,2,2006,8.92
24,2,2007,9.08
24,2,2008,9.24
24,2,2009,9.45
24,2,2010,9.66
24,2,2011,9.83
24,2,2012,9.98
24,2,2013,10.13
24,2,2014,10.21
24,2,2015,10.3
24,2,2016,10.47
24,2,2017,10.65
24,2,2018,10.81
24,2,2019,10.9
24,2,2020,11.16
24,2,2021,11.82
24,2,2022,11.96
24,2,2023,12.85
25,1,1980,8.65
25,1,1981,8.31
25,1,1982,8.03
25,1,1983,7.78
25,1,1984,7.58
25,1,1985,7.34
25,1,1986,7.11
25,1,1987,6.88
25,1,1988,6.69
25,1,1989,6.42
25,1,1990,6.16
25,1,1991,6.06
25,1,1992,5.94
25,1,1993,5.85
25,1,1994,5.78
25,1,1995,5.7
25,1,1996,5.64
25,1,1997,5.56
25,1,1998,5.5
25,1,1999,5.41
25,1,2000,5.53
25,1,2001,5.34
25,1,2002,5.36
25,1,2003,5.42
25,1,2004,5.44
25,1,2005,5.45
25,1,2006,5.41
25,1,2007,5.29
25,1,2008,5.13
25,1,2009,5
25,1,2010,4.92
25,1,2011,4.93
25,1,2012,4.95
25,1,2013,4.99
25,1,2014,4.98
25,1,2015,4.88
25,1,2016,4.75
25,1,2017,4.6
25,1,2018,4.36
25,1,2019,4.39
25,1,2020,4.48
25,1,2021,4.95
25,1,2022,4.26
25,1,2023,4.38
25,2,1980,3.28
25,2,1981,3.15
25,2,1982,3.02
25,2,1983,2.92
25,2,1984,2.81
25,2,1985,2.68
25,2,1986,2.57
25,2,1987,2.47
25,2,1988,2.39
25,2,1989,2.32
25,2,1990,2.26
25,2,1991,2.23
25,2,1992,2.19
25,2,1993,2.18
25,2,1994,2.16
25,2,1995,2.16
25,2,1996,2.17
25,2,1997,2.18
25,2,1998,2.21
25,2,1999,2.22
25,2,2000,2.35
25,2,2001,2.27
25,2,2002,2.3
25,2,2003,2.33
25,2,2004,2.36
25,2,2005,2.38
25,2,2006,2.38
25,2,2007,2.35
25,2,2008,2.31
25,2,2009,2.28
25,2,2010,2.25
25,2,2011,2.24
25,2,2012,2.22
25,2,2013,2.19
25,2,2014,2.16
25,2,2015,2.14
25,2,2016,2.12
25,2,2017,2.11
25,2,2018,2.08
25,2,2019,2.1
25,2,2020,2.15
25,2,2021,2.31
25,2,2022,2.19
25,2,2023,2.3
26,1,1980,19.67
26,1,1981,18.78
26,1,1982,17.94
26,1,1983,17.14
26,1,1984,16.41
26,1,1985,15.75
26,1,1986,15.1
26,1,1987,14.47
26,1,1988,13.93
26,1,1989,13.55
26,1,1990,13.17
26,1,1991,13.04
26,1,1992,12.87
26,1,1993,12.76
26,1,1994,12.65
26,1,1995,12.48
26,1,1996,12.48
26,1,1997,12.26
26,1,1998,12.04
26,1,1999,11.99
26,1,2000,11.8
26,1,2001,11.45
26,1,2002,11.24
26,1,2003,10.94
26,1,2004,10.64
26,1,2005,10.42
26,1,2006,10.17
26,1,2007,10.15
26,1,2008,9.89
26,1,2009,9.58
26,1,2010,9.72
26,1,2011,9.7
26,1,2012,9.57
26,1,2013,9.2
26,1,2014,9.11
26,1,2015,9.16
26,1,2016,8.85
26,1,2017,8.79
26,1,2018,8.67
26,1,2019,8.84
26,1,2020,8.76
26,1,2021,8.87
26,1,2022,9.54
26,1,2023,10.33
26,2,1980,16.56
26,2,1981,15.66
26,2,1982,14.68
26,2,1983,13.87
26,2,1984,13.03
26,2,1985,12.22
26,2,1986,11.53
26,2,1987,10.91
26,2,1988,10.36
26,2,1989,9.97
26,2,1990,9.63
26,2,1991,9.61
26,2,1992,9.61
26,2,1993,9.6
26,2,1994,9.56
26,2,1995,9.45
26,2,1996,9.45
26,2,1997,9.24
26,2,1998,8.98
26,2,1999,8.97
26,2,2000,8.82
26,2,2001,8.51
26,2,2002,8.31
26,2,2003,8.01
26,2,2004,7.73
26,2,2005,7.54
26,2,2006,7.38
26,2,2007,7.48
26,2,2008,7.41
26,2,2009,7.28
26,2,2010,7.56
26,2,2011,7.68
26,2,2012,7.66
26,2,2013,7.38
26,2,2014,7.43
26,2,2015,7.62
26,2,2016,7.35
26,2,2017,7.3
26,2,2018,7.18
26,2,2019,7.39
26,2,2020,7.21
26,2,2021,7.06
26,2,2022,8.18
26,2,2023,8.83
27,1,1980,4.81
27,1,1981,4.72
27,1,1982,4.61
27,1,1983,4.52
27,1,1984,4.43
27,1,1985,4.37
27,1,1986,4.32
27,1,1987,4.28
27,1,1988,4.25
27,1,1989,4.23
27,1,1990,4.22
27,1,1991,4.27
27,1,1992,4.31
27,1,1993,4.36
27,1,1994,4.42
27,1,1995,4.5
27,1,1996,4.58
27,1,1997,4.66
27,1,1998,4.76
27,1,1999,4.85
27,1,2000,4.93
27,1,2001,5.02
27,1,2002,5.14
27,1,2003,5.25
27,1,2004,5.34
27,1,2005,5.4
27,1,2006,5.39
27,1,2007,5.33
27,1,2008,5.27
27,1,2009,5.26
27,1,2010,5.22
27,1,2011,5.28
27,1,2012,5.37
27,1,2013,5.5
27,1,2014,5.59
27,1,2015,5.65
27,1,2016,5.65
27,1,2017,5.55
27,1,2018,5.43
27,1,2019,5.5
27,1,2020,5.49
27,1,2021,6.1
27,1,2022,6.12
27,1,2023,6.52
27,2,1980,1.83
27,2,1981,1.78
27,2,1982,1.72
27,2,1983,1.64
27,2,1984,1.47
27,2,1985,1.42
27,2,1986,1.37
27,2,1987,1.33
27,2,1988,1.3
27,2,1989,1.27
27,2,1990,1.25
27,2,1991,1.26
27,2,1992,1.27
27,2,1993,1.27
27,2,1994,1.28
27,2,1995,1.31
27,2,1996,1.32
27,2,1997,1.33
27,2,1998,1.35
27,2,1999,1.37
27,2,2000,1.38
27,2,2001,1.41
27,2,2002,1.43
27,2,2003,1.45
27,2,2004,1.46
27,2,2005,1.46
27,2,2006,1.46
27,2,2007,1.47
27,2,2008,1.48
27,2,2009,1.5
27,2,2010,1.49
27,2,2011,1.49
27,2,2012,1.48
27,2,2013,1.46
27,2,2014,1.44
27,2,2015,1.43
27,2,2016,1.43
27,2,2017,1.44
27,2,2018,1.45
27,2,2019,1.52
27,2,2020,1.5
27,2,2021,1.62
27,2,2022,1.71
27,2,2023,1.85
28,1,1980,18.18
28,1,1981,17.54
28,1,1982,17.05
28,1,1983,16.52
28,1,1984,16.03
28,1,1985,15.63
28,1,1986,15.29
28,1,1987,14.92
28,1,1988,14.49
28,1,1989,14.3
28,1,1990,13.86
28,1,1991,13.98
28,1,1992,13.45
28,1,1993,13.33
28,1,1994,13.27
28,1,1995,12.94
28,1,1996,12.88
28,1,1997,12.98
28,1,1998,12.93
28,1,1999,12.71
28,1,2000,12.8
28,1,2001,12.45
28,1,2002,12.2
28,1,2003,12.09
28,1,2004,11.82
28,1,2005,12
28,1,2006,11.95
28,1,2007,11.38
28,1,2008,10.77
28,1,2009,11.07
28,1,2010,10.8
28,1,2011,11.76
28,1,2012,12.1
28,1,2013,12.34
28,1,2014,12.75
28,1,2015,12.72
28,1,2016,12.36
28,1,2017,12.19
28,1,2018,11.88
28,1,2019,11.81
28,1,2020,11.99
28,1,2021,12.26
28,1,2022,12.77
28,1,2023,13.63
28,2,1980,7.74
28,2,1981,7.45
28,2,1982,7.19
28,2,1983,6.92
28,2,1984,6.46
28,2,1985,6.18
28,2,1986,5.98
28,2,1987,5.75
28,2,1988,5.49
28,2,1989,5.36
28,2,1990,5.18
28,2,1991,5.18
28,2,1992,4.99
28,2,1993,4.92
28,2,1994,4.89
28,2,1995,4.72
28,2,1996,4.69
28,2,1997,4.78
28,2,1998,4.78
28,2,1999,4.68
28,2,2000,4.78
28,2,2001,4.6
28,2,2002,4.5
28,2,2003,4.39
28,2,2004,4.29
28,2,2005,4.37
28,2,2006,4.41
28,2,2007,4.24
28,2,2008,4.11
28,2,2009,4.4
28,2,2010,4.29
28,2,2011,4.75
28,2,2012,4.87
28,2,2013,4.92
28,2,2014,5.1
28,2,2015,5.03
28,2,2016,4.81
28,2,2017,4.81
28,2,2018,4.76
28,2,2019,4.88
28,2,2020,4.98
28,2,2021,4.95
28,2,2022,5.51
28,2,2023,6
29,1,1980,53.33
29,1,1981,50.87
29,1,1982,48.41
29,1,1983,46.34
29,1,1984,43.64
29,1,1985,41.41
29,1,1986,39.5
29,1,1987,38.01
29,1,1988,37.05
29,1,1989,36.56
29,1,1990,35.98
29,1,1991,36.08
29,1,1992,36.09
29,1,1993,35.97
29,1,1994,35.78
29,1,1995,35.61
29,1,1996,35.36
29,1,1997,35.03
29,1,1998,34.4
29,1,1999,33.99
29,1,2000,34.03
29,1,2001,34.27
29,1,2002,34.34
29,1,2003,34.44
29,1,2004,34.98
29,1,2005,35.66
29,1,2006,35.73
29,1,2007,34.96
29,1,2008,33.95
29,1,2009,35.6
29,1,2010,33.06
29,1,2011,33.2
29,1,2012,33.5
29,1,2013,33.78
29,1,2014,33.79
29,1,2015,33.7
29,1,2016,33.52
29,1,2017,32.94
29,1,2018,32.28
29,1,2019,31.94
29,1,2020,33.12
29,1,2021,37.31
29,1,2022,36.34
29,1,2023,37.14
29,2,1980,16.65
29,2,1981,15.96
29,2,1982,15.21
29,2,1983,14.52
29,2,1984,13.53
29,2,1985,12.72
29,2,1986,11.99
29,2,1987,11.43
29,2,1988,11.07
29,2,1989,10.85
29,2,1990,10.67
29,2,1991,10.54
29,2,1992,10.42
29,2,1993,10.31
29,2,1994,10.18
29,2,1995,10.15
29,2,1996,10.12
29,2,1997,10.06
29,2,1998,10.1
29,2,1999,10.17
29,2,2000,10.25
29,2,2001,10.27
29,2,2002,10.27
29,2,2003,10.35
29,2,2004,10.53
29,2,2005,10.53
29,2,2006,10.54
29,2,2007,10.51
29,2,2008,10.52
29,2,2009,11.01
29,2,2010,10.66
29,2,2011,10.71
29,2,2012,10.67
29,2,2013,10.59
29,2,2014,10.48
29,2,2015,10.44
29,2,2016,10.5
29,2,2017,10.53
29,2,2018,10.57
29,2,2019,10.64
29,2,2020,11.09
29,2,2021,12.35
29,2,2022,12.06
29,2,2023,12.61
30,1,1980,9.36
30,1,1981,9.06
30,1,1982,8.92
30,1,1983,8.46
30,1,1984,8.19
30,1,1985,8
30,1,1986,7.83
30,1,1987,7.64
30,1,1988,7.54
30,1,1989,7.42
30,1,1990,7.41
30,1,1991,7.61
30,1,1992,7.71
30,1,1993,7.72
30,1,1994,7.95
30,1,1995,7.7
30,1,1996,7.73
30,1,1997,7.63
30,1,1998,7.55
30,1,1999,7.53
30,1,2000,7.17
30,1,2001,7.31
30,1,2002,6.91
30,1,2003,6.65
30,1,2004,6.72
30,1,2005,7.11
30,1,2006,7.18
30,1,2007,7.23
30,1,2008,7.16
30,1,2009,6.95
30,1,2010,6.9
30,1,2011,7.17
30,1,2012,7.37
30,1,2013,7.65
30,1,2014,7.87
30,1,2015,7.96
30,1,2016,7.92
30,1,2017,7.73
30,1,2018,7.47
30,1,2019,7.22
30,1,2020,7.16
30,1,2021,7.21
30,1,2022,7.37
30,1,2023,7.69
30,2,1980,4.57
30,2,1981,4.42
30,2,1982,4.31
30,2,1983,4.05
30,2,1984,3.86
30,2,1985,3.69
30,2,1986,3.56
30,2,1987,3.45
30,2,1988,3.38
30,2,1989,3.32
30,2,1990,3.29
30,2,1991,3.42
30,2,1992,3.49
30,2,1993,3.52
30,2,1994,3.72
30,2,1995,3.53
30,2,1996,3.59
30,2,1997,3.57
30,2,1998,3.57
30,2,1999,3.62
30,2,2000,3.34
30,2,2001,3.41
30,2,2002,3.03
30,2,2003,2.78
30,2,2004,2.77
30,2,2005,2.98
30,2,2006,3.05
30,2,2007,3.23
30,2,2008,3.34
30,2,2009,3.31
30,2,2010,3.34
30,2,2011,3.5
30,2,2012,3.54
30,2,2013,3.59
30,2,2014,3.63
30,2,2015,3.63
30,2,2016,3.63
30,2,2017,3.62
30,2,2018,3.61
30,2,2019,3.58
30,2,2020,3.57
30,2,2021,3.43
30,2,2022,3.67
30,2,2023,3.97
33,1,1980,8.62
33,1,1981,8.54
33,1,1982,8.56
33,1,1983,8.61
33,1,1984,8.68
33,1,1985,8.76
33,1,1986,8.92
33,1,1987,9.19
33,1,1988,9.66
33,1,1989,10.22
33,1,1990,10.82
33,1,1991,11.58
33,1,1992,11.99
33,1,1993,12.06
33,1,1994,11.92
33,1,1995,12.14
33,1,1996,12.03
33,1,1997,11.74
33,1,1998,11.49
33,1,1999,11.47
33,1,2000,11.61
33,1,2001,11.87
33,1,2002,12.2
33,1,2003,12.53
33,1,2004,12.8
33,1,2005,12.88
33,1,2006,13.02
33,1,2007,14.12
33,1,2008,14.72
33,1,2009,13.71
33,1,2010,13.47
33,1,2011,12.84
33,1,2012,12
33,1,2013,11.86
33,1,2014,11.18
33,1,2015,10.42
33,1,2016,6.97
33,1,2017,7.54
33,1,2018,7.46
33,1,2019,7.62
33,1,2020,7.32
33,1,2021,6.6
33,1,2022,5.95
33,1,2023,5.41
33,2,1980,6.25
33,2,1981,6.2
33,2,1982,6.24
33,2,1983,6.27
33,2,1984,6.37
33,2,1985,6.52
33,2,1986,6.71
33,2,1987,6.87
33,2,1988,7.18
33,2,1989,7.26
33,2,1990,7.46
33,2,1991,7.96
33,2,1992,8.33
33,2,1993,8.55
33,2,1994,8.51
33,2,1995,8.36
33,2,1996,8.19
33,2,1997,8.08
33,2,1998,7.91
33,2,1999,7.97
33,2,2000,8.02
33,2,2001,8.06
33,2,2002,8.32
33,2,2003,8.42
33,2,2004,8.58
33,2,2005,8.57
33,2,2006,8.66
33,2,2007,9.08
33,2,2008,9.06
33,2,2009,8.7
33,2,2010,8.09
33,2,2011,7.77
33,2,2012,7.56
33,2,2013,7.43
33,2,2014,6.82
33,2,2015,5.77
33,2,2016,3.94
33,2,2017,4.12
33,2,2018,4.11
33,2,2019,4.25
33,2,2020,4.2
33,2,2021,3.63
33,2,2022,3.15
33,2,2023,2.77
34,1,1980,10.26
34,1,1981,9.96
34,1,1982,9.77
34,1,1983,9.76
34,1,1984,9.84
34,1,1985,9.85
34,1,1986,9.85
34,1,1987,9.82
34,1,1988,9.69
34,1,1989,9.52
34,1,1990,9.42
34,1,1991,9.62
34,1,1992,9.81
34,1,1993,10.21
34,1,1994,10.28
34,1,1995,10.41
34,1,1996,10.19
34,1,1997,9.89
34,1,1998,9.68
34,1,1999,9.52
34,1,2000,9.39
34,1,2001,9.36
34,1,2002,9.38
34,1,2003,9.59
34,1,2004,9.68
34,1,2005,9.82
34,1,2006,9.85
34,1,2007,9.66
34,1,2008,9.56
34,1,2009,9.41
34,1,2010,9.35
34,1,2011,9.25
34,1,2012,9.16
34,1,2013,8.94
34,1,2014,8.72
34,1,2015,8.58
34,1,2016,8.55
34,1,2017,8.54
34,1,2018,8.55
34,1,2019,8.94
34,1,2020,9.55
34,1,2021,8.89
34,1,2022,8.16
34,1,2023,8.53
34,2,1980,5.49
34,2,1981,5.44
34,2,1982,5.46
34,2,1983,5.56
34,2,1984,5.6
34,2,1985,5.62
34,2,1986,5.61
34,2,1987,5.59
34,2,1988,5.48
34,2,1989,5.34
34,2,1990,5.24
34,2,1991,5.35
34,2,1992,5.62
34,2,1993,5.88
34,2,1994,6
34,2,1995,6.07
34,2,1996,6.13
34,2,1997,6.22
34,2,1998,6.36
34,2,1999,6.54
34,2,2000,6.59
34,2,2001,6.56
34,2,2002,6.64
34,2,2003,6.68
34,2,2004,6.63
34,2,2005,6.66
34,2,2006,6.65
34,2,2007,6.48
34,2,2008,6.44
34,2,2009,6.37
34,2,2010,6.3
34,2,2011,6.19
34,2,2012,6.11
34,2,2013,6.08
34,2,2014,6.05
34,2,2015,5.92
34,2,2016,5.85
34,2,2017,5.73
34,2,2018,5.6
34,2,2019,5.78
34,2,2020,6.16
34,2,2021,6.22
34,2,2022,5.19
34,2,2023,5.35
35,1,1980,7.63
35,1,1981,7.52
35,1,1982,7.49
35,1,1983,7.51
35,1,1984,7.54
35,1,1985,7.55
35,1,1986,7.57
35,1,1987,7.62
35,1,1988,7.8
35,1,1989,7.96
35,1,1990,8.02
35,1,1991,8.13
35,1,1992,8.12
35,1,1993,8.04
35,1,1994,8.14
35,1,1995,7.98
35,1,1996,7.79
35,1,1997,7.83
35,1,1998,7.92
35,1,1999,8.14
35,1,2000,8.37
35,1,2001,7.75
35,1,2002,4.8
35,1,2003,3.31
35,1,2004,3.11
35,1,2005,2.95
35,1,2006,3.07
35,1,2007,3.24
35,1,2008,3.41
35,1,2009,3.46
35,1,2010,3.88
35,1,2011,4.83
35,1,2012,5.2
35,1,2013,6.32
35,1,2014,5.6
35,1,2015,5.78
35,1,2016,6.17
35,1,2017,6.65
35,1,2018,6.62
35,1,2019,6.86
35,1,2020,7.21
35,1,2021,6.73
35,1,2022,6.62
35,1,2023,6.65
35,2,1980,2.96
35,2,1981,2.97
35,2,1982,2.98
35,2,1983,3.01
35,2,1984,3.03
35,2,1985,3.08
35,2,1986,3.1
35,2,1987,3.1
35,2,1988,3.13
35,2,1989,3.17
35,2,1990,3.14
35,2,1991,3.16
35,2,1992,3.15
35,2,1993,3.05
35,2,1994,3.05
35,2,1995,2.93
35,2,1996,2.87
35,2,1997,2.92
35,2,1998,3
35,2,1999,3.13
35,2,2000,3.22
35,2,2001,3.06
35,2,2002,2.08
35,2,2003,1.5
35,2,2004,1.38
35,2,2005,1.25
35,2,2006,1.23
35,2,2007,1.25
35,2,2008,1.38
35,2,2009,1.53
35,2,2010,1.66
35,2,2011,1.84
35,2,2012,1.91
35,2,2013,2.27
35,2,2014,2.06
35,2,2015,1.95
35,2,2016,1.76
35,2,2017,1.83
35,2,2018,1.83
35,2,2019,1.86
35,2,2020,1.8
35,2,2021,1.72
35,2,2022,1.64
35,2,2023,1.61
36,1,1980,14.95
36,1,1981,14.63
36,1,1982,14.69
36,1,1983,14.95
36,1,1984,15.25
36,1,1985,15.18
36,1,1986,15.15
36,1,1987,15.22
36,1,1988,15.76
36,1,1989,16.27
36,1,1990,16.92
36,1,1991,17.61
36,1,1992,17.36
36,1,1993,17.26
36,1,1994,17.4
36,1,1995,17.04
36,1,1996,17.52
36,1,1997,17.01
36,1,1998,16.29
36,1,1999,16.2
36,1,2000,16
36,1,2001,15.58
36,1,2002,14.53
36,1,2003,13.91
36,1,2004,12.78
36,1,2005,11.81
36,1,2006,11.52
36,1,2007,11.19
36,1,2008,11.15
36,1,2009,11.03
36,1,2010,11.2
36,1,2011,10.58
36,1,2012,9.77
36,1,2013,8.89
36,1,2014,8.08
36,1,2015,7.27
36,1,2016,5.74
36,1,2017,6.51
36,1,2018,5.78
36,1,2019,6.01
36,1,2020,6.14
36,1,2021,5.77
36,1,2022,5.18
36,1,2023,5.52
36,2,1980,5.2
36,2,1981,5.09
36,2,1982,5.15
36,2,1983,5.23
36,2,1984,5.33
36,2,1985,5.37
36,2,1986,5.44
36,2,1987,5.51
36,2,1988,5.67
36,2,1989,5.74
36,2,1990,5.92
36,2,1991,6.19
36,2,1992,6.53
36,2,1993,6.2
36,2,1994,5.87
36,2,1995,6.01
36,2,1996,6.07
36,2,1997,6.05
36,2,1998,6.04
36,2,1999,5.66
36,2,2000,5.59
36,2,2001,5.66
36,2,2002,5.57
36,2,2003,5.41
36,2,2004,5.39
36,2,2005,5.35
36,2,2006,5.25
36,2,2007,5.14
36,2,2008,5.31
36,2,2009,4.91
36,2,2010,5.05
36,2,2011,4.97
36,2,2012,4.79
36,2,2013,4.12
36,2,2014,3.49
36,2,2015,3.15
36,2,2016,2.4
36,2,2017,2.75
36,2,2018,2.28
36,2,2019,2.27
36,2,2020,2.36
36,2,2021,2.35
36,2,2022,1.9
36,2,2023,1.98
37,1,1980,3.24
37,1,1981,3.18
37,1,1982,3.22
37,1,1983,3.29
37,1,1984,3.3
37,1,1985,3.24
37,1,1986,3.18
37,1,1987,3.15
37,1,1988,3.21
37,1,1989,3.32
37,1,1990,3.41
37,1,1991,3.48
37,1,1992,3.66
37,1,1993,4.27
37,1,1994,4.82
37,1,1995,4.95
37,1,1996,4.9
37,1,1997,4.79
37,1,1998,4.69
37,1,1999,4.65
37,1,2000,4.79
37,1,2001,4.22
37,1,2002,3.7
37,1,2003,3.79
37,1,2004,3.57
37,1,2005,3.34
37,1,2006,3.52
37,1,2007,3.6
37,1,2008,3.82
37,1,2009,3.63
37,1,2010,3.67
37,1,2011,3.75
37,1,2012,3.71
37,1,2013,3.6
37,1,2014,3.36
37,1,2015,3.32
37,1,2016,3.23
37,1,2017,3.49
37,1,2018,4.17
37,1,2019,4.66
37,1,2020,4.23
37,1,2021,4.21
37,1,2022,4.14
37,1,2023,4.48
37,2,1980,1.75
37,2,1981,1.75
37,2,1982,1.76
37,2,1983,1.79
37,2,1984,1.79
37,2,1985,1.78
37,2,1986,1.78
37,2,1987,1.78
37,2,1988,1.78
37,2,1989,1.79
37,2,1990,1.8
37,2,1991,1.83
37,2,1992,1.9
37,2,1993,2.02
37,2,1994,2.1
37,2,1995,2.1
37,2,1996,2.07
37,2,1997,2.03
37,2,1998,2
37,2,1999,2.01
37,2,2000,2.03
37,2,2001,1.98
37,2,2002,1.88
37,2,2003,1.73
37,2,2004,1.67
37,2,2005,1.66
37,2,2006,1.69
37,2,2007,1.74
37,2,2008,1.97
37,2,2009,1.89
37,2,2010,1.83
37,2,2011,1.82
37,2,2012,1.9
37,2,2013,1.81
37,2,2014,1.78
37,2,2015,1.79
37,2,2016,1.68
37,2,2017,1.78
37,2,2018,1.87
37,2,2019,2.01
37,2,2020,1.8
37,2,2021,2.02
37,2,2022,2.03
37,2,2023,2.29
38,1,1980,93.32
38,1,1981,94.57
38,1,1982,94.14
38,1,1983,93.09
38,1,1984,90.84
38,1,1985,87.7
38,1,1986,85.34
38,1,1987,85.02
38,1,1988,83.66
38,1,1989,85.15
38,1,1990,87.56
38,1,1991,90.26
38,1,1992,91.42
38,1,1993,91.39
38,1,1994,91.38
38,1,1995,91.83
38,1,1996,91.77
38,1,1997,90.86
38,1,1998,89.57
38,1,1999,89.65
38,1,2000,91.76
38,1,2001,96.23
38,1,2002,102.7
38,1,2003,107.77
38,1,2004,110.61
38,1,2005,112.47
38,1,2006,113.05
38,1,2007,113.31
38,1,2008,116.78
38,1,2009,120.74
38,1,2010,125.78
38,1,2011,120.57
38,1,2012,118.2
38,1,2013,114.52
38,1,2014,110.69
38,1,2015,104.63
38,1,2016,99.79
38,1,2017,97.55
38,1,2018,94.45
38,1,2019,88.5
38,1,2020,84.42
38,1,2021,89.94
38,1,2022,90.77
38,1,2023,87.48
38,2,1980,65.45
38,2,1981,64.22
38,2,1982,62
38,2,1983,59.75
38,2,1984,56.75
38,2,1985,53.4
38,2,1986,49.83
38,2,1987,47.06
38,2,1988,45.06
38,2,1989,45.25
38,2,1990,44.76
38,2,1991,46.38
38,2,1992,47.13
38,2,1993,46.56
38,2,1994,46.05
38,2,1995,47.04
38,2,1996,48.67
38,2,1997,49.2
38,2,1998,49.47
38,2,1999,49.86
38,2,2000,51.13
38,2,2001,53.17
38,2,2002,55.92
38,2,2003,60.38
38,2,2004,64.42
38,2,2005,68.55
38,2,2006,73.78
38,2,2007,80.11
38,2,2008,86.86
38,2,2009,92.63
38,2,2010,95.48
38,2,2011,94.78
38,2,2012,92.96
38,2,2013,90.22
38,2,2014,86.64
38,2,2015,82.94
38,2,2016,78.33
38,2,2017,74.41
38,2,2018,70.99
38,2,2019,64.73
38,2,2020,60.68
38,2,2021,65.45
38,2,2022,59.95
38,2,2023,56.79
39,1,1980,4.7
39,1,1981,4.66
39,1,1982,4.69
39,1,1983,4.75
39,1,1984,4.75
39,1,1985,4.73
39,1,1986,4.72
39,1,1987,4.71
39,1,1988,4.68
39,1,1989,4.8
39,1,1990,4.91
39,1,1991,5.2
39,1,1992,5.44
39,1,1993,5.79
39,1,1994,5.83
39,1,1995,5.61
39,1,1996,5.29
39,1,1997,5
39,1,1998,4.77
39,1,1999,4.68
39,1,2000,4.65
39,1,2001,4.71
39,1,2002,4.83
39,1,2003,4.96
39,1,2004,5.04
39,1,2005,5.01
39,1,2006,4.85
39,1,2007,4.69
39,1,2008,4.57
39,1,2009,4.53
39,1,2010,4.54
39,1,2011,4.41
39,1,2012,4.41
39,1,2013,4.44
39,1,2014,4.59
39,1,2015,4.86
39,1,2016,5.13
39,1,2017,5.15
39,1,2018,5.04
39,1,2019,5.24
39,1,2020,4.65
39,1,2021,4.94
39,1,2022,5.82
39,1,2023,6.06
39,2,1980,4.85
39,2,1981,4.95
39,2,1982,5.19
39,2,1983,5.39
39,2,1984,5.38
39,2,1985,5.24
39,2,1986,5.08
39,2,1987,4.88
39,2,1988,4.75
39,2,1989,4.69
39,2,1990,4.66
39,2,1991,5.02
39,2,1992,5.13
39,2,1993,5.57
39,2,1994,5.53
39,2,1995,5.3
39,2,1996,5.02
39,2,1997,4.79
39,2,1998,4.72
39,2,1999,4.76
39,2,2000,4.86
39,2,2001,4.99
39,2,2002,5.04
39,2,2003,5.15
39,2,2004,5.1
39,2,2005,4.93
39,2,2006,4.74
39,2,2007,4.6
39,2,2008,4.51
39,2,2009,4.48
39,2,2010,4.49
39,2,2011,4.41
39,2,2012,4.4
39,2,2013,4.38
39,2,2014,4.47
39,2,2015,4.64
39,2,2016,4.83
39,2,2017,4.89
39,2,2018,4.86
39,2,2019,5.09
39,2,2020,4.97
39,2,2021,5.31
39,2,2022,6.05
39,2,2023,6.37
40,1,1980,8.24
40,1,1981,8.19
40,1,1982,8.24
40,1,1983,8.17
40,1,1984,8.18
40,1,1985,8.2
40,1,1986,8.36
40,1,1987,8.45
40,1,1988,8.55
40,1,1989,8.71
40,1,1990,8.94
40,1,1991,9.16
40,1,1992,8.31
40,1,1993,7.56
40,1,1994,6.9
40,1,1995,6.18
40,1,1996,5.85
40,1,1997,5.76
40,1,1998,5.7
40,1,1999,5.75
40,1,2000,7.12
40,1,2001,7.44
40,1,2002,6.89
40,1,2003,6.81
40,1,2004,6.47
40,1,2005,6.18
40,1,2006,6.08
40,1,2007,5.94
40,1,2008,6.45
40,1,2009,6.83
40,1,2010,7.22
40,1,2011,7.15
40,1,2012,6.69
40,1,2013,6.38
40,1,2014,6.61
40,1,2015,6.87
40,1,2016,6.95
40,1,2017,7.01
40,1,2018,7.05
40,1,2019,7.15
40,1,2020,7.31
40,1,2021,7.45
40,1,2022,7.32
40,1,2023,7.34
40,2,1980,2.94
40,2,1981,2.91
40,2,1982,2.9
40,2,1983,2.87
40,2,1984,2.85
40,2,1985,2.87
40,2,1986,2.86
40,2,1987,2.87
40,2,1988,2.89
40,2,1989,2.91
40,2,1990,2.95
40,2,1991,3.04
40,2,1992,3.01
40,2,1993,2.92
40,2,1994,2.88
40,2,1995,2.91
40,2,1996,2.98
40,2,1997,3.01
40,2,1998,3.01
40,2,1999,3.05
40,2,2000,3.77
40,2,2001,4.01
40,2,2002,4
40,2,2003,3.86
40,2,2004,3.75
40,2,2005,3.83
40,2,2006,3.68
40,2,2007,3.57
40,2,2008,3.96
40,2,2009,3.81
40,2,2010,3.87
40,2,2011,3.81
40,2,2012,3.75
40,2,2013,3.61
40,2,2014,3.6
40,2,2015,3.68
40,2,2016,3.68
40,2,2017,3.74
40,2,2018,3.75
40,2,2019,3.79
40,2,2020,3.82
40,2,2021,3.94
40,2,2022,3.88
40,2,2023,4.02
41,1,1980,5.58
41,1,1981,5.58
41,1,1982,5.51
41,1,1983,5.47
41,1,1984,5.48
41,1,1985,5.43
41,1,1986,5.48
41,1,1987,5.51
41,1,1988,5.61
41,1,1989,5.79
41,1,1990,5.92
41,1,1991,6.02
41,1,1992,6.19
41,1,1993,6.28
41,1,1994,6.36
41,1,1995,6.39
41,1,1996,6.36
41,1,1997,6.38
41,1,1998,6.38
41,1,1999,6.34
41,1,2000,6.3
41,1,2001,6.31
41,1,2002,6.32
41,1,2003,6.35
41,1,2004,6.45
41,1,2005,6.31
41,1,2006,6.55
41,1,2007,6.62
41,1,2008,6.66
41,1,2009,6.63
41,1,2010,6.71
41,1,2011,6.53
41,1,2012,6.5
41,1,2013,6.32
41,1,2014,6.45
41,1,2015,6.57
41,1,2016,6.38
41,1,2017,6.55
41,1,2018,6.54
41,1,2019,6.65
41,1,2020,6.59
41,1,2021,6.39
41,1,2022,6.64
41,1,2023,6.82
41,2,1980,3.74
41,2,1981,3.74
41,2,1982,3.74
41,2,1983,3.69
41,2,1984,3.65
41,2,1985,3.64
41,2,1986,3.65
41,2,1987,3.66
41,2,1988,3.66
41,2,1989,3.73
41,2,1990,3.8
41,2,1991,3.92
41,2,1992,4.09
41,2,1993,4.19
41,2,1994,4.22
41,2,1995,4.23
41,2,1996,4.18
41,2,1997,4.13
41,2,1998,4.08
41,2,1999,4.03
41,2,2000,3.97
41,2,2001,3.97
41,2,2002,3.96
41,2,2003,3.94
41,2,2004,3.96
41,2,2005,3.88
41,2,2006,4
41,2,2007,4.03
41,2,2008,4.05
41,2,2009,4.01
41,2,2010,3.91
41,2,2011,3.89
41,2,2012,3.92
41,2,2013,3.95
41,2,2014,4.2
41,2,2015,4.14
41,2,2016,3.99
41,2,2017,4
41,2,2018,3.9
41,2,2019,3.87
41,2,2020,3.71
41,2,2021,3.5
41,2,2022,3.62
41,2,2023,3.87
43,1,1980,15.7
43,1,1981,15.87
43,1,1982,16.18
43,1,1983,16.44
43,1,1984,16.81
43,1,1985,17.26
43,1,1986,17.57
43,1,1987,17.61
43,1,1988,17.7
43,1,1989,17.35
43,1,1990,17.34
43,1,1991,17.09
43,1,1992,17.01
43,1,1993,16.81
43,1,1994,16.81
43,1,1995,16.87
43,1,1996,16.94
43,1,1997,16.2
43,1,1998,15.39
43,1,1999,14.83
43,1,2000,14.42
43,1,2001,13.86
43,1,2002,13.3
43,1,2003,12.72
43,1,2004,11.96
43,1,2005,11.04
43,1,2006,10.28
43,1,2007,9.67
43,1,2008,9.32
43,1,2009,9.11
43,1,2010,9.08
43,1,2011,8.99
43,1,2012,9.08
43,1,2013,9.22
43,1,2014,9.38
43,1,2015,9.6
43,1,2016,9.75
43,1,2017,9.88
43,1,2018,10.03
43,1,2019,10.43
43,1,2020,10.29
43,1,2021,10.6
43,1,2022,10.69
43,1,2023,10.3
43,2,1980,8.72
43,2,1981,8.76
43,2,1982,8.88
43,2,1983,9.04
43,2,1984,9.24
43,2,1985,9.48
43,2,1986,9.54
43,2,1987,9.59
43,2,1988,9.57
43,2,1989,9.39
43,2,1990,9.26
43,2,1991,9.07
43,2,1992,8.94
43,2,1993,8.83
43,2,1994,8.76
43,2,1995,8.43
43,2,1996,8.08
43,2,1997,7.71
43,2,1998,7.33
43,2,1999,6.95
43,2,2000,6.6
43,2,2001,6.18
43,2,2002,5.83
43,2,2003,5.47
43,2,2004,5
43,2,2005,4.49
43,2,2006,4.13
43,2,2007,3.82
43,2,2008,3.66
43,2,2009,3.56
43,2,2010,3.55
43,2,2011,3.5
43,2,2012,3.53
43,2,2013,3.6
43,2,2014,3.69
43,2,2015,3.77
43,2,2016,3.83
43,2,2017,3.89
43,2,2018,3.89
43,2,2019,3.96
43,2,2020,3.88
43,2,2021,3.92
43,2,2022,4.11
43,2,2023,4.05
44,1,1980,10.98
44,1,1981,11.16
44,1,1982,11.33
44,1,1983,11.29
44,1,1984,11.11
44,1,1985,11.02
44,1,1986,10.68
44,1,1987,10.52
44,1,1988,10.45
44,1,1989,10.47
44,1,1990,10.72
44,1,1991,10.47
44,1,1992,10.28
44,1,1993,10.17
44,1,1994,10
44,1,1995,9.9
44,1,1996,9.91
44,1,1997,9.91
44,1,1998,9.84
44,1,1999,9.8
44,1,2000,9.63
44,1,2001,9.49
44,1,2002,9.3
44,1,2003,9.24
44,1,2004,9.23
44,1,2005,9.18
44,1,2006,9.15
44,1,2007,9.09
44,1,2008,9.05
44,1,2009,9.01
44,1,2010,9.03
44,1,2011,8.96
44,1,2012,9.03
44,1,2013,9.04
44,1,2014,9.09
44,1,2015,9.19
44,1,2016,9.24
44,1,2017,9.29
44,1,2018,9.22
44,1,2019,9.3
44,1,2020,9
44,1,2021,8.87
44,1,2022,8.64
44,1,2023,8.37
44,2,1980,6.33
44,2,1981,6.42
44,2,1982,6.47
44,2,1983,6.43
44,2,1984,6.37
44,2,1985,6.37
44,2,1986,6.21
44,2,1987,6.07
44,2,1988,5.98
44,2,1989,5.85
44,2,1990,5.84
44,2,1991,5.62
44,2,1992,5.37
44,2,1993,5.18
44,2,1994,5.07
44,2,1995,5.05
44,2,1996,5.13
44,2,1997,5.28
44,2,1998,5.43
44,2,1999,5.51
44,2,2000,5.54
44,2,2001,5.49
44,2,2002,5.38
44,2,2003,5.31
44,2,2004,5.27
44,2,2005,5.25
44,2,2006,5.17
44,2,2007,5.14
44,2,2008,5.13
44,2,2009,5.16
44,2,2010,5.13
44,2,2011,5.09
44,2,2012,5.01
44,2,2013,4.94
44,2,2014,4.94
44,2,2015,4.97
44,2,2016,4.93
44,2,2017,4.91
44,2,2018,4.84
44,2,2019,4.8
44,2,2020,4.71
44,2,2021,4.5
44,2,2022,4.46
44,2,2023,4.4
45,1,1980,9.16
45,1,1981,9.18
45,1,1982,9.08
45,1,1983,9.09
45,1,1984,9.01
45,1,1985,8.96
45,1,1986,9.02
45,1,1987,9.08
45,1,1988,9.06
45,1,1989,8.96
45,1,1990,9.05
45,1,1991,8.95
45,1,1992,8.53
45,1,1993,8.94
45,1,1994,9.06
45,1,1995,9.16
45,1,1996,8.63
45,1,1997,8.46
45,1,1998,8.34
45,1,1999,8.3
45,1,2000,7.88
45,1,2001,8.06
45,1,2002,7.83
45,1,2003,7.87
45,1,2004,8.21
45,1,2005,8.36
45,1,2006,8.72
45,1,2007,8.47
45,1,2008,8.13
45,1,2009,7.89
45,1,2010,7.32
45,1,2011,6.97
45,1,2012,6.2
45,1,2013,4.62
45,1,2014,4.37
45,1,2015,4.02
45,1,2016,4.24
45,1,2017,4.16
45,1,2018,4.1
45,1,2019,4.08
45,1,2020,4.06
45,1,2021,3.96
45,1,2022,3.82
45,1,2023,3.78
45,2,1980,5.83
45,2,1981,5.78
45,2,1982,5.65
45,2,1983,5.57
45,2,1984,5.35
45,2,1985,5.27
45,2,1986,5.27
45,2,1987,5.26
45,2,1988,5.16
45,2,1989,5.13
45,2,1990,5.11
45,2,1991,4.88
45,2,1992,4.83
45,2,1993,4.82
45,2,1994,4.69
45,2,1995,4.68
45,2,1996,4.21
45,2,1997,4.11
45,2,1998,3.85
45,2,1999,3.79
45,2,2000,3.71
45,2,2001,3.6
45,2,2002,3.58
45,2,2003,3.51
45,2,2004,3.36
45,2,2005,3.58
45,2,2006,3.73
45,2,2007,3.59
45,2,2008,3.25
45,2,2009,3.1
45,2,2010,2.93
45,2,2011,2.74
45,2,2012,2.32
45,2,2013,1.7
45,2,2014,1.7
45,2,2015,1.66
45,2,2016,1.78
45,2,2017,1.74
45,2,2018,1.77
45,2,2019,1.71
45,2,2020,1.68
45,2,2021,1.62
45,2,2022,1.55
45,2,2023,1.52
46,1,1980,2.64
46,1,1981,2.7
46,1,1982,2.8
46,1,1983,2.88
46,1,1984,2.97
46,1,1985,3.02
46,1,1986,3.08
46,1,1987,3.03
46,1,1988,3.01
46,1,1989,3.05
46,1,1990,3.01
46,1,1991,3
46,1,1992,2.98
46,1,1993,3.03
46,1,1994,3.11
46,1,1995,3.15
46,1,1996,3.08
46,1,1997,2.95
46,1,1998,2.88
46,1,1999,2.77
46,1,2000,2.81
46,1,2001,2.96
46,1,2002,2.97
46,1,2003,3.29
46,1,2004,3.28
46,1,2005,3.23
46,1,2006,3.52
46,1,2007,3.95
46,1,2008,4.46
46,1,2009,4.8
46,1,2010,5.03
46,1,2011,4.9
46,1,2012,5.28
46,1,2013,5.23
46,1,2014,4.96
46,1,2015,4.99
46,1,2016,5.49
46,1,2017,5.35
46,1,2018,5.41
46,1,2019,5.15
46,1,2020,4.87
46,1,2021,4.71
46,1,2022,4.74
46,1,2023,4.7
46,2,1980,1.7
46,2,1981,1.73
46,2,1982,1.77
46,2,1983,1.81
46,2,1984,1.84
46,2,1985,1.87
46,2,1986,1.85
46,2,1987,1.79
46,2,1988,1.81
46,2,1989,1.8
46,2,1990,1.81
46,2,1991,1.81
46,2,1992,1.86
46,2,1993,1.87
46,2,1994,1.89
46,2,1995,1.92
46,2,1996,1.8
46,2,1997,1.57
46,2,1998,1.44
46,2,1999,1.29
46,2,2000,1.31
46,2,2001,1.31
46,2,2002,1.3
46,2,2003,1.36
46,2,2004,1.33
46,2,2005,1.28
46,2,2006,1.35
46,2,2007,1.45
46,2,2008,1.48
46,2,2009,1.51
46,2,2010,1.49
46,2,2011,1.6
46,2,2012,1.55
46,2,2013,1.64
46,2,2014,1.69
46,2,2015,1.59
46,2,2016,1.6
46,2,2017,1.59
46,2,2018,1.51
46,2,2019,1.51
46,2,2020,1.54
46,2,2021,1.53
46,2,2022,1.55
46,2,2023,1.49
47,1,1980,3.8
47,1,1981,3.83
47,1,1982,3.88
47,1,1983,3.93
47,1,1984,4.02
47,1,1985,4.88
47,1,1986,5.82
47,1,1987,5.79
47,1,1988,5.83
47,1,1989,6.09
47,1,1990,6
47,1,1991,6
47,1,1992,5.71
47,1,1993,5.17
47,1,1994,4.63
47,1,1995,4.78
47,1,1996,4.84
47,1,1997,4.66
47,1,1998,4.39
47,1,1999,4.1
47,1,2000,3.99
47,1,2001,3.98
47,1,2002,4.13
47,1,2003,4.13
47,1,2004,3.97
47,1,2005,3.75
47,1,2006,3.84
47,1,2007,3.73
47,1,2008,3.82
47,1,2009,3.77
47,1,2010,4
47,1,2011,3.72
47,1,2012,3.64
47,1,2013,3.89
47,1,2014,4.03
47,1,2015,3.9
47,1,2016,4.07
47,1,2017,4.33
47,1,2018,4.32
47,1,2019,4.26
47,1,2020,4.24
47,1,2021,4.05
47,1,2022,3.95
47,1,2023,3.82
47,2,1980,1.55
47,2,1981,1.55
47,2,1982,1.56
47,2,1983,1.57
47,2,1984,1.79
47,2,1985,2.33
47,2,1986,2.95
47,2,1987,2.91
47,2,1988,2.94
47,2,1989,2.84
47,2,1990,2.89
47,2,1991,2.89
47,2,1992,2.84
47,2,1993,2.61
47,2,1994,2.28
47,2,1995,2.18
47,2,1996,2.08
47,2,1997,1.94
47,2,1998,1.72
47,2,1999,1.67
47,2,2000,1.59
47,2,2001,1.58
47,2,2002,1.6
47,2,2003,1.6
47,2,2004,1.53
47,2,2005,1.43
47,2,2006,1.42
47,2,2007,1.46
47,2,2008,1.39
47,2,2009,1.4
47,2,2010,1.34
47,2,2011,1.36
47,2,2012,1.39
47,2,2013,1.43
47,2,2014,1.38
47,2,2015,1.35
47,2,2016,1.44
47,2,2017,1.56
47,2,2018,1.51
47,2,2019,1.46
47,2,2020,1.44
47,2,2021,1.39
47,2,2022,1.35
47,2,2023,1.3
48,1,1980,3.43
48,1,1981,3.48
48,1,1982,3.55
48,1,1983,3.56
48,1,1984,3.62
48,1,1985,3.68
48,1,1986,3.72
48,1,1987,3.76
48,1,1988,3.8
48,1,1989,3.82
48,1,1990,3.89
48,1,1991,3.95
48,1,1992,3.95
48,1,1993,3.99
48,1,1994,3.98
48,1,1995,3.99
48,1,1996,4.03
48,1,1997,3.8
48,1,1998,3.44
48,1,1999,3.15
48,1,2000,3.32
48,1,2001,3.21
48,1,2002,3.27
48,1,2003,3.39
48,1,2004,3.17
48,1,2005,2.45
48,1,2006,2.2
48,1,2007,2.31
48,1,2008,2.3
48,1,2009,2.36
48,1,2010,2.37
48,1,2011,2.3
48,1,2012,2.46
48,1,2013,2.7
48,1,2014,2.75
48,1,2015,2.83
48,1,2016,3.03
48,1,2017,3.03
48,1,2018,3.03
48,1,2019,2.96
48,1,2020,2.81
48,1,2021,2.78
48,1,2022,2.77
48,1,2023,2.78
48,2,1980,1.77
48,2,1981,1.77
48,2,1982,1.81
48,2,1983,1.8
48,2,1984,1.82
48,2,1985,1.84
48,2,1986,1.87
48,2,1987,1.87
48,2,1988,1.88
48,2,1989,1.87
48,2,1990,1.9
48,2,1991,1.92
48,2,1992,1.92
48,2,1993,1.92
48,2,1994,1.94
48,2,1995,1.95
48,2,1996,1.98
48,2,1997,1.7
48,2,1998,1.57
48,2,1999,1.43
48,2,2000,1.37
48,2,2001,1.3
48,2,2002,1.24
48,2,2003,1.21
48,2,2004,1.09
48,2,2005,0.94
48,2,2006,0.91
48,2,2007,0.89
48,2,2008,0.92
48,2,2009,0.9
48,2,2010,0.86
48,2,2011,0.9
48,2,2012,0.88
48,2,2013,0.94
48,2,2014,0.99
48,2,2015,0.95
48,2,2016,1.02
48,2,2017,1.07
48,2,2018,1.07
48,2,2019,1.07
48,2,2020,1.04
48,2,2021,0.97
48,2,2022,0.98
48,2,2023,0.97
49,1,1980,9.58
49,1,1981,9.54
49,1,1982,9.62
49,1,1983,9.77
49,1,1984,10.15
49,1,1985,10.44
49,1,1986,10.67
49,1,1987,10.85
49,1,1988,11
49,1,1989,11.1
49,1,1990,11.26
49,1,1991,11.54
49,1,1992,11.63
49,1,1993,11.7
49,1,1994,11.56
49,1,1995,11.64
49,1,1996,11.52
49,1,1997,11.29
49,1,1998,10.85
49,1,1999,10.47
49,1,2000,10.38
49,1,2001,10.14
49,1,2002,9.83
49,1,2003,9.49
49,1,2004,9.15
49,1,2005,9.1
49,1,2006,9.16
49,1,2007,9.16
49,1,2008,9.1
49,1,2009,9.07
49,1,2010,9.15
49,1,2011,9.01
49,1,2012,9
49,1,2013,8.99
49,1,2014,8.89
49,1,2015,8.95
49,1,2016,8.84
49,1,2017,8.86
49,1,2018,8.92
49,1,2019,9.33
49,1,2020,8.84
49,1,2021,8.58
49,1,2022,8.78
49,1,2023,8.58
49,2,1980,6.82
49,2,1981,6.8
49,2,1982,6.89
49,2,1983,6.82
49,2,1984,6.99
49,2,1985,7.11
49,2,1986,7.19
49,2,1987,7.28
49,2,1988,7.4
49,2,1989,7.44
49,2,1990,7.6
49,2,1991,7.77
49,2,1992,7.67
49,2,1993,7.6
49,2,1994,7.46
49,2,1995,7.37
49,2,1996,7.17
49,2,1997,6.86
49,2,1998,6.47
49,2,1999,6.26
49,2,2000,6.02
49,2,2001,5.7
49,2,2002,5.37
49,2,2003,5.11
49,2,2004,4.94
49,2,2005,4.98
49,2,2006,5.04
49,2,2007,5.13
49,2,2008,5.18
49,2,2009,5.18
49,2,2010,5.15
49,2,2011,5.06
49,2,2012,4.97
49,2,2013,4.89
49,2,2014,4.8
49,2,2015,4.79
49,2,2016,4.77
49,2,2017,4.79
49,2,2018,4.85
49,2,2019,4.99
49,2,2020,4.81
49,2,2021,4.66
49,2,2022,4.81
49,2,2023,4.71
50,1,1980,6.78
50,1,1981,6.87
50,1,1982,6.99
50,1,1983,7.12
50,1,1984,7.28
50,1,1985,7.34
50,1,1986,7.43
50,1,1987,7.46
50,1,1988,7.45
50,1,1989,7.44
50,1,1990,7.37
50,1,1991,7.36
50,1,1992,7.37
50,1,1993,7.38
50,1,1994,7.42
50,1,1995,7.41
50,1,1996,7.47
50,1,1997,7.53
50,1,1998,7.53
50,1,1999,7.45
50,1,2000,7.43
50,1,2001,7.41
50,1,2002,7.47
50,1,2003,7.58
50,1,2004,7.66
50,1,2005,7.72
50,1,2006,7.69
50,1,2007,7.65
50,1,2008,7.63
50,1,2009,7.56
50,1,2010,7.59
50,1,2011,7.51
50,1,2012,7.51
50,1,2013,7.55
50,1,2014,7.56
50,1,2015,7.69
50,1,2016,7.69
50,1,2017,7.57
50,1,2018,7.41
50,1,2019,7.3
50,1,2020,7.49
50,1,2021,7.65
50,1,2022,7.75
50,1,2023,7.74
50,2,1980,4.36
50,2,1981,4.4
50,2,1982,4.44
50,2,1983,4.46
50,2,1984,4.48
50,2,1985,4.5
50,2,1986,4.5
50,2,1987,4.46
50,2,1988,4.42
50,2,1989,4.39
50,2,1990,4.37
50,2,1991,4.36
50,2,1992,4.29
50,2,1993,4.25
50,2,1994,4.25
50,2,1995,4.24
50,2,1996,4.27
50,2,1997,4.28
50,2,1998,4.25
50,2,1999,4.23
50,2,2000,4.27
50,2,2001,4.3
50,2,2002,4.32
50,2,2003,4.29
50,2,2004,4.24
50,2,2005,4.22
50,2,2006,4.22
50,2,2007,4.23
50,2,2008,4.2
50,2,2009,4.18
50,2,2010,4.21
50,2,2011,4.21
50,2,2012,4.21
50,2,2013,4.23
50,2,2014,4.25
50,2,2015,4.29
50,2,2016,4.27
50,2,2017,4.25
50,2,2018,4.17
50,2,2019,4.14
50,2,2020,4.1
50,2,2021,3.81
50,2,2022,3.96
50,2,2023,4.17
51,1,1980,0.48
51,1,1981,0.49
51,1,1982,0.49
51,1,1983,0.51
51,1,1984,0.52
51,1,1985,0.53
51,1,1986,0.54
51,1,1987,0.54
51,1,1988,0.54
51,1,1989,0.54
51,1,1990,0.55
51,1,1991,0.55
51,1,1992,0.55
51,1,1993,0.55
51,1,1994,0.55
51,1,1995,0.55
51,1,1996,0.56
51,1,1997,0.56
51,1,1998,0.55
51,1,1999,0.55
51,1,2000,0.62
51,1,2001,0.69
51,1,2002,0.71
51,1,2003,0.7
51,1,2004,0.75
51,1,2005,0.78
51,1,2006,0.93
51,1,2007,1.11
51,1,2008,1.21
51,1,2009,1.45
51,1,2010,1.6
51,1,2011,1.58
51,1,2012,1.62
51,1,2013,1.71
51,1,2014,1.82
51,1,2015,2.07
51,1,2016,2.48
51,1,2017,2.75
51,1,2018,2.73
51,1,2019,2.64
51,1,2020,2.68
51,1,2021,2.49
51,1,2022,2.47
51,1,2023,2.43
51,2,1980,0.51
51,2,1981,0.51
51,2,1982,0.52
51,2,1983,0.53
51,2,1984,0.54
51,2,1985,0.54
51,2,1986,0.54
51,2,1987,0.54
51,2,1988,0.54
51,2,1989,0.54
51,2,1990,0.54
51,2,1991,0.54
51,2,1992,0.54
51,2,1993,0.55
51,2,1994,0.54
51,2,1995,0.54
51,2,1996,0.54
51,2,1997,0.54
51,2,1998,0.53
51,2,1999,0.53
51,2,2000,0.51
51,2,2001,0.53
51,2,2002,0.52
51,2,2003,0.52
51,2,2004,0.5
51,2,2005,0.52
51,2,2006,0.6
51,2,2007,0.72
51,2,2008,0.8
51,2,2009,0.82
51,2,2010,0.86
51,2,2011,0.82
51,2,2012,0.78
51,2,2013,0.82
51,2,2014,0.84
51,2,2015,0.9
51,2,2016,1.11
51,2,2017,1.29
51,2,2018,1.27
51,2,2019,1.15
51,2,2020,1.15
51,2,2021,1.04
51,2,2022,0.98
51,2,2023,0.97
52,1,1980,2.22
52,1,1981,2.19
52,1,1982,2.2
52,1,1983,2.2
52,1,1984,2.22
52,1,1985,2.25
52,1,1986,2.27
52,1,1987,2.27
52,1,1988,2.25
52,1,1989,2.22
52,1,1990,2.17
52,1,1991,2.23
52,1,1992,2.23
52,1,1993,2.22
52,1,1994,2.19
52,1,1995,2.17
52,1,1996,2.17
52,1,1997,2.15
52,1,1998,2.15
52,1,1999,2.17
52,1,2000,2.44
52,1,2001,2.33
52,1,2002,2.28
52,1,2003,2.36
52,1,2004,2.46
52,1,2005,2.63
52,1,2006,2.85
52,1,2007,2.88
52,1,2008,3.19
52,1,2009,3.59
52,1,2010,3.65
52,1,2011,3.68
52,1,2012,3.77
52,1,2013,3.89
52,1,2014,4.12
52,1,2015,4.11
52,1,2016,4.18
52,1,2017,4.28
52,1,2018,4.54
52,1,2019,4.38
52,1,2020,4.37
52,1,2021,4.32
52,1,2022,4.6
52,1,2023,4.54
52,2,1980,1.13
52,2,1981,1.1
52,2,1982,1.08
52,2,1983,1.07
52,2,1984,1.08
52,2,1985,1.08
52,2,1986,1.09
52,2,1987,1.07
52,2,1988,1.04
52,2,1989,0.99
52,2,1990,0.96
52,2,1991,0.97
52,2,1992,0.96
52,2,1993,0.95
52,2,1994,0.93
52,2,1995,0.92
52,2,1996,0.92
52,2,1997,0.9
52,2,1998,0.89
52,2,1999,0.89
52,2,2000,1.1
52,2,2001,1.03
52,2,2002,0.97
52,2,2003,0.95
52,2,2004,0.98
52,2,2005,1.06
52,2,2006,1.18
52,2,2007,1.21
52,2,2008,1.31
52,2,2009,1.4
52,2,2010,1.43
52,2,2011,1.45
52,2,2012,1.45
52,2,2013,1.49
52,2,2014,1.58
52,2,2015,1.59
52,2,2016,1.62
52,2,2017,1.63
52,2,2018,1.7
52,2,2019,1.69
52,2,2020,1.66
52,2,2021,1.71
52,2,2022,1.69
52,2,2023,1.68
53,1,1980,8.21
53,1,1981,8.23
53,1,1982,8.33
53,1,1983,8.38
53,1,1984,8.56
53,1,1985,8.65
53,1,1986,8.6
53,1,1987,8.64
53,1,1988,8.63
53,1,1989,8.58
53,1,1990,8.58
53,1,1991,8.58
53,1,1992,8.64
53,1,1993,8.6
53,1,1994,8.58
53,1,1995,8.66
53,1,1996,8.83
53,1,1997,9
53,1,1998,9.2
53,1,1999,9.21
53,1,2000,9.26
53,1,2001,9.22
53,1,2002,9.11
53,1,2003,8.92
53,1,2004,8.8
53,1,2005,8.73
53,1,2006,8.7
53,1,2007,8.61
53,1,2008,8.58
53,1,2009,8.46
53,1,2010,8.27
53,1,2011,7.93
53,1,2012,7.71
53,1,2013,7.54
53,1,2014,7.37
53,1,2015,7.2
53,1,2016,7.27
53,1,2017,7.21
53,1,2018,7.14
53,1,2019,7.2
53,1,2020,7.12
53,1,2021,7.12
53,1,2022,7.16
53,1,2023,7.33
53,2,1980,4.8
53,2,1981,4.78
53,2,1982,4.78
53,2,1983,4.79
53,2,1984,4.79
53,2,1985,4.8
53,2,1986,4.77
53,2,1987,4.77
53,2,1988,4.79
53,2,1989,4.79
53,2,1990,4.85
53,2,1991,4.97
53,2,1992,5
53,2,1993,5.04
53,2,1994,5.12
53,2,1995,5.2
53,2,1996,5.33
53,2,1997,5.44
53,2,1998,5.57
53,2,1999,5.55
53,2,2000,5.54
53,2,2001,5.47
53,2,2002,5.36
53,2,2003,5.21
53,2,2004,5.15
53,2,2005,5.06
53,2,2006,5.01
53,2,2007,4.98
53,2,2008,4.94
53,2,2009,4.8
53,2,2010,4.68
53,2,2011,4.6
53,2,2012,4.53
53,2,2013,4.45
53,2,2014,4.33
53,2,2015,4.24
53,2,2016,4.25
53,2,2017,4.23
53,2,2018,4.18
53,2,2019,4.19
53,2,2020,4.15
53,2,2021,4.16
53,2,2022,4.12
53,2,2023,4.2
54,1,1980,6.14
54,1,1981,6.21
54,1,1982,6.44
54,1,1983,6.67
54,1,1984,6.91
54,1,1985,7.08
54,1,1986,7.27
54,1,1987,7.47
54,1,1988,7.76
54,1,1989,8.04
54,1,1990,8.26
54,1,1991,8.39
54,1,1992,8.41
54,1,1993,8.37
54,1,1994,8.26
54,1,1995,8.17
54,1,1996,8.19
54,1,1997,8.15
54,1,1998,8.11
54,1,1999,7.94
54,1,2000,7.73
54,1,2001,7.55
54,1,2002,7.3
54,1,2003,7.18
54,1,2004,7.07
54,1,2005,7
54,1,2006,6.94
54,1,2007,6.8
54,1,2008,6.53
54,1,2009,6.27
54,1,2010,6.01
54,1,2011,5.77
54,1,2012,5.58
54,1,2013,5.55
54,1,2014,5.45
54,1,2015,5.47
54,1,2016,5.47
54,1,2017,5.41
54,1,2018,5.26
54,1,2019,5.14
54,1,2020,5.04
54,1,2021,5.01
54,1,2022,4.97
54,1,2023,4.77
54,2,1980,3.58
54,2,1981,3.57
54,2,1982,3.64
54,2,1983,3.66
54,2,1984,3.75
54,2,1985,3.81
54,2,1986,3.9
54,2,1987,3.97
54,2,1988,4.08
54,2,1989,4.22
54,2,1990,4.35
54,2,1991,4.44
54,2,1992,4.52
54,2,1993,4.56
54,2,1994,4.53
54,2,1995,4.44
54,2,1996,4.25
54,2,1997,4.04
54,2,1998,3.84
54,2,1999,3.62
54,2,2000,3.48
54,2,2001,3.34
54,2,2002,3.23
54,2,2003,3.13
54,2,2004,3.04
54,2,2005,2.96
54,2,2006,2.86
54,2,2007,2.74
54,2,2008,2.62
54,2,2009,2.48
54,2,2010,2.36
54,2,2011,2.26
54,2,2012,2.17
54,2,2013,2.13
54,2,2014,2.09
54,2,2015,2.1
54,2,2016,2.09
54,2,2017,2.09
54,2,2018,2.06
54,2,2019,2.04
54,2,2020,2.04
54,2,2021,2.05
54,2,2022,2.02
54,2,2023,1.98
55,1,1980,4.71
55,1,1981,4.83
55,1,1982,5.48
55,1,1983,6.15
55,1,1984,7.47
55,1,1985,8.92
55,1,1986,9.42
55,1,1987,9.04
55,1,1988,8.59
55,1,1989,8.94
55,1,1990,9.01
55,1,1991,9.19
55,1,1992,9.19
55,1,1993,8.85
55,1,1994,8.34
55,1,1995,7.58
55,1,1996,7.4
55,1,1997,7.5
55,1,1998,7.52
55,1,1999,7.13
55,1,2000,7.51
55,1,2001,7.19
55,1,2002,7.19
55,1,2003,7.1
55,1,2004,6.95
55,1,2005,6.81
55,1,2006,6.96
55,1,2007,7.24
55,1,2008,7.5
55,1,2009,7.64
55,1,2010,7.57
55,1,2011,7.52
55,1,2012,7.7
55,1,2013,7.95
55,1,2014,7.63
55,1,2015,7.55
55,1,2016,8.25
55,1,2017,8.5
55,1,2018,8.09
55,1,2019,7.85
55,1,2020,8.07
55,1,2021,8.12
55,1,2022,8.19
55,1,2023,7.89
55,2,1980,2.96
55,2,1981,2.91
55,2,1982,2.79
55,2,1983,2.95
55,2,1984,3.86
55,2,1985,5.02
55,2,1986,5.18
55,2,1987,4.89
55,2,1988,4.62
55,2,1989,4.69
55,2,1990,4.61
55,2,1991,4.49
55,2,1992,4.52
55,2,1993,4.44
55,2,1994,4.3
55,2,1995,3.87
55,2,1996,3.57
55,2,1997,3.37
55,2,1998,2.88
55,2,1999,2.51
55,2,2000,2.4
55,2,2001,2.44
55,2,2002,2.5
55,2,2003,2.48
55,2,2004,2.23
55,2,2005,2.08
55,2,2006,2.3
55,2,2007,2.37
55,2,2008,2.31
55,2,2009,2.15
55,2,2010,2.16
55,2,2011,2.21
55,2,2012,2.21
55,2,2013,2.32
55,2,2014,2.39
55,2,2015,2.34
55,2,2016,2.43
55,2,2017,2.44
55,2,2018,2.43
55,2,2019,2.47
55,2,2020,2.31
55,2,2021,2.21
55,2,2022,2.26
55,2,2023,2.21
57,1,1980,2.75
57,1,1981,2.77
57,1,1982,2.81
57,1,1983,2.89
57,1,1984,2.9
57,1,1985,2.92
57,1,1986,3
57,1,1987,3.04
57,1,1988,3.38
57,1,1989,3.52
57,1,1990,3.68
57,1,1991,3.81
57,1,1992,4.01
57,1,1993,4.44
57,1,1994,4.66
57,1,1995,4.77
57,1,1996,4.86
57,1,1997,4.67
57,1,1998,3.97
57,1,1999,3.82
57,1,2000,3.94
57,1,2001,4.05
57,1,2002,4.26
57,1,2003,4.32
57,1,2004,4.52
57,1,2005,4.75
57,1,2006,4.54
57,1,2007,4.36
57,1,2008,4.51
57,1,2009,4.6
57,1,2010,4.73
57,1,2011,4.74
57,1,2012,4.68
57,1,2013,4.56
57,1,2014,4.57
57,1,2015,4.65
57,1,2016,4.63
57,1,2017,4.58
57,1,2018,4.65
57,1,2019,4.77
57,1,2020,4.81
57,1,2021,4.9
57,1,2022,5.17
57,1,2023,5.28
57,2,1980,1.33
57,2,1981,1.35
57,2,1982,1.36
57,2,1983,1.38
57,2,1984,1.38
57,2,1985,1.38
57,2,1986,1.43
57,2,1987,1.45
57,2,1988,1.59
57,2,1989,1.64
57,2,1990,1.68
57,2,1991,1.71
57,2,1992,1.77
57,2,1993,1.92
57,2,1994,1.98
57,2,1995,1.99
57,2,1996,2
57,2,1997,1.93
57,2,1998,1.7
57,2,1999,1.66
57,2,2000,1.68
57,2,2001,1.64
57,2,2002,1.63
57,2,2003,1.56
57,2,2004,1.66
57,2,2005,1.8
57,2,2006,1.71
57,2,2007,1.65
57,2,2008,1.73
57,2,2009,1.84
57,2,2010,1.8
57,2,2011,1.8
57,2,2012,1.68
57,2,2013,1.55
57,2,2014,1.62
57,2,2015,1.61
57,2,2016,1.49
57,2,2017,1.37
57,2,2018,1.36
57,2,2019,1.38
57,2,2020,1.33
57,2,2021,1.34
57,2,2022,1.44
57,2,2023,1.54
58,1,1980,3.08
58,1,1981,3.09
58,1,1982,3.26
58,1,1983,3.44
58,1,1984,3.68
58,1,1985,3.76
58,1,1986,3.85
58,1,1987,3.76
58,1,1988,3.97
58,1,1989,4.06
58,1,1990,4.57
58,1,1991,5.1
58,1,1992,5.06
58,1,1993,5.1
58,1,1994,5.44
58,1,1995,5.77
58,1,1996,5.83
58,1,1997,6.17
58,1,1998,5.76
58,1,1999,5.63
58,1,2000,5.71
58,1,2001,5.14
58,1,2002,5.21
58,1,2003,5.09
58,1,2004,5.35
58,1,2005,5.57
58,1,2006,5.4
58,1,2007,5.3
58,1,2008,5.29
58,1,2009,4.86
58,1,2010,4.83
58,1,2011,4.95
58,1,2012,5.11
58,1,2013,5.46
58,1,2014,5.49
58,1,2015,6.02
58,1,2016,6.35
58,1,2017,6.37
58,1,2018,6.24
58,1,2019,6.24
58,1,2020,6.19
58,1,2021,6.23
58,1,2022,6.23
58,1,2023,6.29
58,2,1980,1.52
58,2,1981,1.51
58,2,1982,1.56
58,2,1983,1.53
58,2,1984,1.62
58,2,1985,1.69
58,2,1986,1.79
58,2,1987,1.83
58,2,1988,2
58,2,1989,2.13
58,2,1990,2.21
58,2,1991,2.28
58,2,1992,2.17
58,2,1993,2.36
58,2,1994,2.38
58,2,1995,2.36
58,2,1996,2.46
58,2,1997,2.59
58,2,1998,2.44
58,2,1999,2.43
58,2,2000,2.38
58,2,2001,2.19
58,2,2002,2.2
58,2,2003,2.2
58,2,2004,2.2
58,2,2005,2.27
58,2,2006,2.28
58,2,2007,2.2
58,2,2008,2.16
58,2,2009,1.99
58,2,2010,1.93
58,2,2011,2.05
58,2,2012,2.14
58,2,2013,2.2
58,2,2014,2.26
58,2,2015,2.27
58,2,2016,2.37
58,2,2017,2.34
58,2,2018,2.3
58,2,2019,2.32
58,2,2020,2.32
58,2,2021,2.34
58,2,2022,2.41
58,2,2023,2.43
59,1,1980,2.62
59,1,1981,2.61
59,1,1982,2.67
59,1,1983,2.69
59,1,1984,2.71
59,1,1985,2.75
59,1,1986,2.83
59,1,1987,2.87
59,1,1988,2.95
59,1,1989,3.15
59,1,1990,3.67
59,1,1991,4.15
59,1,1992,4.36
59,1,1993,4.62
59,1,1994,4.75
59,1,1995,4.61
59,1,1996,4.56
59,1,1997,4.62
59,1,1998,4.57
59,1,1999,4.6
59,1,2000,4.72
59,1,2001,4.39
59,1,2002,4.49
59,1,2003,4.67
59,1,2004,5.14
59,1,2005,5.08
59,1,2006,5.21
59,1,2007,4.73
59,1,2008,3.63
59,1,2009,3.72
59,1,2010,3.88
59,1,2011,4.18
59,1,2012,4.24
59,1,2013,4.21
59,1,2014,4.39
59,1,2015,4.38
59,1,2016,4.77
59,1,2017,5.22
59,1,2018,5.14
59,1,2019,5.31
59,1,2020,5.4
59,1,2021,5.44
59,1,2022,5.71
59,1,2023,5.73
59,2,1980,1.34
59,2,1981,1.33
59,2,1982,1.36
59,2,1983,1.38
59,2,1984,1.4
59,2,1985,1.41
59,2,1986,1.46
59,2,1987,1.49
59,2,1988,1.52
59,2,1989,1.54
59,2,1990,1.57
59,2,1991,1.62
59,2,1992,1.76
59,2,1993,1.85
59,2,1994,1.95
59,2,1995,1.98
59,2,1996,2.08
59,2,1997,2.09
59,2,1998,2
59,2,1999,1.83
59,2,2000,1.82
59,2,2001,1.73
59,2,2002,1.8
59,2,2003,1.86
59,2,2004,1.8
59,2,2005,1.98
59,2,2006,1.99
59,2,2007,1.9
59,2,2008,1.58
59,2,2009,1.64
59,2,2010,1.7
59,2,2011,1.84
59,2,2012,1.92
59,2,2013,1.81
59,2,2014,1.93
59,2,2015,1.82
59,2,2016,1.78
59,2,2017,1.93
59,2,2018,1.99
59,2,2019,2.01
59,2,2020,1.94
59,2,2021,2.05
59,2,2022,2.04
59,2,2023,2
60,1,1980,1.74
60,1,1981,1.68
60,1,1982,1.84
60,1,1983,1.88
60,1,1984,2.03
60,1,1985,2.08
60,1,1986,2.37
60,1,1987,2.43
60,1,1988,2.64
60,1,1989,2.55
60,1,1990,2.92
60,1,1991,3.27
60,1,1992,3.33
60,1,1993,3.37
60,1,1994,3.58
60,1,1995,4.18
60,1,1996,4.22
60,1,1997,3.97
60,1,1998,4.08
60,1,1999,3.73
60,1,2000,3.86
60,1,2001,3.42
60,1,2002,3.32
60,1,2003,3.5
60,1,2004,3.61
60,1,2005,3.85
60,1,2006,4.09
60,1,2007,4.22
60,1,2008,4.02
60,1,2009,4.05
60,1,2010,4.34
60,1,2011,4.51
60,1,2012,4.61
60,1,2013,4.42
60,1,2014,4.73
60,1,2015,4.9
60,1,2016,5.26
60,1,2017,5.47
60,1,2018,5.55
60,1,2019,5.94
60,1,2020,6.11
60,1,2021,6.11
60,1,2022,6.15
60,1,2023,6.31
60,2,1980,0.92
60,2,1981,0.95
60,2,1982,0.97
60,2,1983,1
60,2,1984,0.99
60,2,1985,1.03
60,2,1986,1.05
60,2,1987,1.11
60,2,1988,1.17
60,2,1989,1.23
60,2,1990,1.22
60,2,1991,1.19
60,2,1992,1.23
60,2,1993,1.32
60,2,1994,1.55
60,2,1995,1.66
60,2,1996,1.71
60,2,1997,1.71
60,2,1998,1.69
60,2,1999,1.39
60,2,2000,1.36
60,2,2001,1.2
60,2,2002,1.17
60,2,2003,1.23
60,2,2004,1.35
60,2,2005,1.49
60,2,2006,1.47
60,2,2007,1.47
60,2,2008,1.47
60,2,2009,1.53
60,2,2010,1.57
60,2,2011,1.7
60,2,2012,1.76
60,2,2013,1.64
60,2,2014,1.77
60,2,2015,1.77
60,2,2016,1.77
60,2,2017,1.87
60,2,2018,1.87
60,2,2019,1.91
60,2,2020,1.85
60,2,2021,1.8
60,2,2022,1.92
60,2,2023,1.89
61,1,1980,4.1
61,1,1981,4.16
61,1,1982,4.3
61,1,1983,4.44
61,1,1984,4.54
61,1,1985,4.49
61,1,1986,4.44
61,1,1987,4.37
61,1,1988,4.34
61,1,1989,4.47
61,1,1990,4.63
61,1,1991,4.85
61,1,1992,4.38
61,1,1993,3.94
61,1,1994,4.01
61,1,1995,4.58
61,1,1996,6.49
61,1,1997,6.85
61,1,1998,6.97
61,1,1999,6.65
61,1,2000,6.63
61,1,2001,6.75
61,1,2002,7.31
61,1,2003,7.18
61,1,2004,8.02
61,1,2005,8.08
61,1,2006,7.03
61,1,2007,3.7
61,1,2008,3.35
61,1,2009,3.31
61,1,2010,3.38
61,1,2011,4.01
61,1,2012,3.91
61,1,2013,4.07
61,1,2014,4.22
61,1,2015,4.09
61,1,2016,4.28
61,1,2017,4.45
61,1,2018,4.31
61,1,2019,4.17
61,1,2020,3.96
61,1,2021,3.91
61,1,2022,4.26
61,1,2023,4.47
61,2,1980,2.09
61,2,1981,2.1
61,2,1982,2.14
61,2,1983,2.17
61,2,1984,2.22
61,2,1985,2.18
61,2,1986,2.12
61,2,1987,2.05
61,2,1988,2.01
61,2,1989,2.02
61,2,1990,2.03
61,2,1991,2.08
61,2,1992,2.02
61,2,1993,1.89
61,2,1994,1.87
61,2,1995,2.08
61,2,1996,2.63
61,2,1997,2.82
61,2,1998,2.61
61,2,1999,2.39
61,2,2000,2.33
61,2,2001,2.35
61,2,2002,2.56
61,2,2003,2.67
61,2,2004,2.88
61,2,2005,2.78
61,2,2006,2.6
61,2,2007,1.72
61,2,2008,1.53
61,2,2009,1.54
61,2,2010,1.58
61,2,2011,1.8
61,2,2012,1.83
61,2,2013,1.84
61,2,2014,1.9
61,2,2015,1.8
61,2,2016,1.75
61,2,2017,1.8
61,2,2018,1.72
61,2,2019,1.61
61,2,2020,1.43
61,2,2021,1.31
61,2,2022,1.38
61,2,2023,1.56
62,1,1980,2.35
62,1,1981,2.34
62,1,1982,2.33
62,1,1983,2.41
62,1,1984,2.59
62,1,1985,2.65
62,1,1986,2.55
62,1,1987,2.58
62,1,1988,2.67
62,1,1989,2.75
62,1,1990,2.82
62,1,1991,2.82
62,1,1992,2.83
62,1,1993,2.96
62,1,1994,2.97
62,1,1995,2.86
62,1,1996,2.78
62,1,1997,2.75
62,1,1998,2.7
62,1,1999,2.79
62,1,2000,2.81
62,1,2001,2.55
62,1,2002,2.64
62,1,2003,2.71
62,1,2004,2.72
62,1,2005,2.78
62,1,2006,2.79
62,1,2007,2.86
62,1,2008,3.02
62,1,2009,3.15
62,1,2010,3.3
62,1,2011,3.5
62,1,2012,3.61
62,1,2013,3.72
62,1,2014,3.92
62,1,2015,4.09
62,1,2016,4.07
62,1,2017,3.99
62,1,2018,4.03
62,1,2019,4.04
62,1,2020,4.09
62,1,2021,4.05
62,1,2022,3.91
62,1,2023,4.27
62,2,1980,1.03
62,2,1981,1.03
62,2,1982,1.03
62,2,1983,1.06
62,2,1984,1.12
62,2,1985,1.16
62,2,1986,1.14
62,2,1987,1.15
62,2,1988,1.17
62,2,1989,1.17
62,2,1990,1.2
62,2,1991,1.21
62,2,1992,1.22
62,2,1993,1.26
62,2,1994,1.27
62,2,1995,1.23
62,2,1996,1.2
62,2,1997,1.19
62,2,1998,1.16
62,2,1999,1.15
62,2,2000,1.15
62,2,2001,1.05
62,2,2002,1.07
62,2,2003,1.11
62,2,2004,1.14
62,2,2005,1.15
62,2,2006,1.17
62,2,2007,1.19
62,2,2008,1.26
62,2,2009,1.31
62,2,2010,1.39
62,2,2011,1.48
62,2,2012,1.54
62,2,2013,1.62
62,2,2014,1.74
62,2,2015,1.75
62,2,2016,1.71
62,2,2017,1.67
62,2,2018,1.65
62,2,2019,1.65
62,2,2020,1.66
62,2,2021,1.67
62,2,2022,1.59
62,2,2023,1.7
63,1,1980,2.15
63,1,1981,2.16
63,1,1982,2.18
63,1,1983,2.24
63,1,1984,2.29
63,1,1985,2.29
63,1,1986,2.29
63,1,1987,2.28
63,1,1988,2.35
63,1,1989,2.4
63,1,1990,2.51
63,1,1991,2.62
63,1,1992,2.7
63,1,1993,2.82
63,1,1994,2.9
63,1,1995,3
63,1,1996,3.05
63,1,1997,3.06
63,1,1998,3.06
63,1,1999,3.21
63,1,2000,3.37
63,1,2001,3.49
63,1,2002,3.7
63,1,2003,3.9
63,1,2004,4.04
63,1,2005,4.25
63,1,2006,4.22
63,1,2007,4.07
63,1,2008,4.04
63,1,2009,3.93
63,1,2010,3.93
63,1,2011,3.97
63,1,2012,4.03
63,1,2013,2.89
63,1,2014,3.16
63,1,2015,2.24
63,1,2016,2.15
63,1,2017,2.28
63,1,2018,2.32
63,1,2019,2.42
63,1,2020,2.64
63,1,2021,2.61
63,1,2022,2.59
63,1,2023,2.63
63,2,1980,1.12
63,2,1981,1.12
63,2,1982,1.13
63,2,1983,1.15
63,2,1984,1.16
63,2,1985,1.16
63,2,1986,1.16
63,2,1987,1.15
63,2,1988,1.16
63,2,1989,1.16
63,2,1990,1.18
63,2,1991,1.22
63,2,1992,1.25
63,2,1993,1.3
63,2,1994,1.33
63,2,1995,1.35
63,2,1996,1.36
63,2,1997,1.36
63,2,1998,1.36
63,2,1999,1.4
63,2,2000,1.43
63,2,2001,1.47
63,2,2002,1.51
63,2,2003,1.59
63,2,2004,1.62
63,2,2005,1.7
63,2,2006,1.69
63,2,2007,1.66
63,2,2008,1.64
63,2,2009,1.65
63,2,2010,1.65
63,2,2011,1.7
63,2,2012,1.72
63,2,2013,1.16
63,2,2014,1.31
63,2,2015,0.88
63,2,2016,0.8
63,2,2017,0.82
63,2,2018,0.82
63,2,2019,0.82
63,2,2020,0.87
63,2,2021,0.8
63,2,2022,0.81
63,2,2023,0.85
66,1,1980,26.3
66,1,1981,25.73
66,1,1982,24.91
66,1,1983,24.2
66,1,1984,23.35
66,1,1985,22.55
66,1,1986,21.46
66,1,1987,20.62
66,1,1988,19.87
66,1,1989,19.3
66,1,1990,18.86
66,1,1991,18.65
66,1,1992,18.51
66,1,1993,18.29
66,1,1994,18.14
66,1,1995,18.03
66,1,1996,17.9
66,1,1997,17.94
66,1,1998,17.95
66,1,1999,17.67
66,1,2000,17.41
66,1,2001,17.18
66,1,2002,16.96
66,1,2003,16.59
66,1,2004,16.15
66,1,2005,15.94
66,1,2006,15.78
66,1,2007,15.33
66,1,2008,15.07
66,1,2009,14.84
66,1,2010,14.5
66,1,2011,14.27
66,1,2012,14.12
66,1,2013,13.69
66,1,2014,13.28
66,1,2015,12.94
66,1,2016,12.43
66,1,2017,12.07
66,1,2018,11.85
66,1,2019,11.81
66,1,2020,11.95
66,1,2021,11.99
66,1,2022,11.78
66,1,2023,12.33
66,2,1980,14.52
66,2,1981,14.1
66,2,1982,13.42
66,2,1983,12.78
66,2,1984,12.18
66,2,1985,11.6
66,2,1986,10.95
66,2,1987,10.38
66,2,1988,9.93
66,2,1989,9.54
66,2,1990,9.28
66,2,1991,9.15
66,2,1992,9.1
66,2,1993,9.05
66,2,1994,8.96
66,2,1995,8.93
66,2,1996,8.84
66,2,1997,8.9
66,2,1998,8.97
66,2,1999,8.9
66,2,2000,8.84
66,2,2001,8.85
66,2,2002,8.8
66,2,2003,8.64
66,2,2004,8.46
66,2,2005,8.38
66,2,2006,8.23
66,2,2007,8.07
66,2,2008,7.99
66,2,2009,7.79
66,2,2010,7.61
66,2,2011,7.41
66,2,2012,7.24
66,2,2013,7.07
66,2,2014,6.82
66,2,2015,6.57
66,2,2016,6.31
66,2,2017,6.12
66,2,2018,6.01
66,2,2019,6.07
66,2,2020,6.08
66,2,2021,6.05
66,2,2022,5.96
66,2,2023,6.02
67,1,1980,13.68
67,1,1981,14.19
67,1,1982,14.93
67,1,1983,16.07
67,1,1984,16.75
67,1,1985,17.34
67,1,1986,17.89
67,1,1987,18.47
67,1,1988,19.21
67,1,1989,19.48
67,1,1990,20.02
67,1,1991,20.13
67,1,1992,20.49
67,1,1993,20.83
67,1,1994,21.82
67,1,1995,26.3
67,1,1996,26.89
67,1,1997,26.73
67,1,1998,26.55
67,1,1999,26.27
67,1,2000,25.17
67,1,2001,24.38
67,1,2002,23.6
67,1,2003,22.84
67,1,2004,22.13
67,1,2005,21.57
67,1,2006,20.43
67,1,2007,19.65
67,1,2008,19.1
67,1,2009,18.01
67,1,2010,17.54
67,1,2011,16.73
67,1,2012,15.85
67,1,2013,15.17
67,1,2014,14.46
67,1,2015,13.97
67,1,2016,13.33
67,1,2017,12.71
67,1,2018,12.07
67,1,2019,11.65
67,1,2020,11.15
67,1,2021,10.76
67,1,2022,10.69
67,1,2023,11.39
67,2,1980,4.32
67,2,1981,4.38
67,2,1982,4.4
67,2,1983,4.55
67,2,1984,4.62
67,2,1985,4.74
67,2,1986,4.76
67,2,1987,4.81
67,2,1988,5.02
67,2,1989,5.11
67,2,1990,5.38
67,2,1991,5.45
67,2,1992,5.6
67,2,1993,5.75
67,2,1994,6.11
67,2,1995,7.84
67,2,1996,8.25
67,2,1997,8.31
67,2,1998,8.36
67,2,1999,8.51
67,2,2000,8.15
67,2,2001,8
67,2,2002,7.76
67,2,2003,7.53
67,2,2004,7.38
67,2,2005,7.22
67,2,2006,6.93
67,2,2007,6.74
67,2,2008,6.55
67,2,2009,6.15
67,2,2010,6.03
67,2,2011,5.72
67,2,2012,5.41
67,2,2013,5.14
67,2,2014,4.93
67,2,2015,4.68
67,2,2016,4.49
67,2,2017,4.18
67,2,2018,3.94
67,2,2019,3.73
67,2,2020,3.6
67,2,2021,3.47
67,2,2022,3.42
67,2,2023,3.57
68,1,1980,78.99
68,1,1981,69.74
68,1,1982,67.99
68,1,1983,70.13
68,1,1984,64.09
68,1,1985,62.09
68,1,1986,59.84
68,1,1987,56.9
68,1,1988,52.48
68,1,1989,50.14
68,1,1990,48.83
68,1,1991,47.21
68,1,1992,44.36
68,1,1993,43.05
68,1,1994,43.11
68,1,1995,41.74
68,1,1996,40.57
68,1,1997,40.38
68,1,1998,43.01
68,1,1999,43.82
68,1,2000,43.26
68,1,2001,42.18
68,1,2002,41.48
68,1,2003,40.41
68,1,2004,39.78
68,1,2005,38.66
68,1,2006,37.35
68,1,2007,36.13
68,1,2008,35.24
68,1,2009,34.02
68,1,2010,33.43
68,1,2011,32
68,1,2012,30.96
68,1,2013,29.2
68,1,2014,27.71
68,1,2015,26.76
68,1,2016,25.41
68,1,2017,24.07
68,1,2018,23.42
68,1,2019,22.25
68,1,2020,22.09
68,1,2021,21.57
68,1,2022,22.63
68,1,2023,21.89
68,2,1980,21.44
68,2,1981,18.64
68,2,1982,18.25
68,2,1983,19.04
68,2,1984,17.64
68,2,1985,16.8
68,2,1986,16.14
68,2,1987,15.47
68,2,1988,14.38
68,2,1989,13.71
68,2,1990,13.55
68,2,1991,13.43
68,2,1992,12.8
68,2,1993,12.38
68,2,1994,12.42
68,2,1995,12.04
68,2,1996,11.7
68,2,1997,11.6
68,2,1998,12.33
68,2,1999,12.69
68,2,2000,12.63
68,2,2001,12.29
68,2,2002,12.3
68,2,2003,11.92
68,2,2004,11.55
68,2,2005,11.22
68,2,2006,10.79
68,2,2007,10.36
68,2,2008,9.81
68,2,2009,9.32
68,2,2010,9.05
68,2,2011,8.55
68,2,2012,8.31
68,2,2013,7.88
68,2,2014,7.44
68,2,2015,7.26
68,2,2016,6.95
68,2,2017,6.59
68,2,2018,6.4
68,2,2019,6.02
68,2,2020,5.93
68,2,2021,5.76
68,2,2022,6.18
68,2,2023,6.19
69,1,1980,9.32
69,1,1981,9.71
69,1,1982,10.9
69,1,1983,11.63
69,1,1984,12.15
69,1,1985,12.52
69,1,1986,12.34
69,1,1987,13.09
69,1,1988,12.64
69,1,1989,12.58
69,1,1990,12.33
69,1,1991,11.92
69,1,1992,12.21
69,1,1993,12.78
69,1,1994,14.14
69,1,1995,15.24
69,1,1996,15.57
69,1,1997,15.06
69,1,1998,15.14
69,1,1999,15.9
69,1,2000,16.51
69,1,2001,16.71
69,1,2002,17.29
69,1,2003,17
69,1,2004,16.61
69,1,2005,16.29
69,1,2006,16.23
69,1,2007,15.92
69,1,2008,15.08
69,1,2009,14.24
69,1,2010,13.86
69,1,2011,13.66
69,1,2012,13.27
69,1,2013,12.68
69,1,2014,12.65
69,1,2015,12.01
69,1,2016,11.72
69,1,2017,10.64
69,1,2018,9.62
69,1,2019,8.85
69,1,2020,8.18
69,1,2021,7.69
69,1,2022,7.29
69,1,2023,8.12
69,2,1980,2.81
69,2,1981,2.81
69,2,1982,2.89
69,2,1983,3.19
69,2,1984,3.33
69,2,1985,3.64
69,2,1986,3.89
69,2,1987,3.87
69,2,1988,3.63
69,2,1989,3.63
69,2,1990,3.93
69,2,1991,3.6
69,2,1992,3.5
69,2,1993,4
69,2,1994,3.92
69,2,1995,4.39
69,2,1996,4.65
69,2,1997,4.88
69,2,1998,5.06
69,2,1999,5.07
69,2,2000,5.24
69,2,2001,5.54
69,2,2002,5.57
69,2,2003,5.48
69,2,2004,5.38
69,2,2005,5.42
69,2,2006,5.23
69,2,2007,5.16
69,2,2008,5.33
69,2,2009,5.09
69,2,2010,4.87
69,2,2011,4.92
69,2,2012,4.74
69,2,2013,4.66
69,2,2014,4.43
69,2,2015,4.13
69,2,2016,4.08
69,2,2017,3.89
69,2,2018,3.37
69,2,2019,3.05
69,2,2020,2.83
69,2,2021,2.74
69,2,2022,2.63
69,2,2023,2.68
71,1,1980,1.84
71,1,1981,2.33
71,1,1982,1.98
71,1,1983,2.11
71,1,1984,2.31
71,1,1985,2.51
71,1,1986,2.34
71,1,1987,2.74
71,1,1988,2.71
71,1,1989,2.84
71,1,1990,2.87
71,1,1991,2.91
71,1,1992,3.21
71,1,1993,3.48
71,1,1994,3.63
71,1,1995,3.75
71,1,1996,3.82
71,1,1997,4
71,1,1998,3.98
71,1,1999,4.19
71,1,2000,4.46
71,1,2001,4.62
71,1,2002,4.67
71,1,2003,4.75
71,1,2004,4.68
71,1,2005,4.63
71,1,2006,4.91
71,1,2007,5.05
71,1,2008,5.44
71,1,2009,5.64
71,1,2010,5.8
71,1,2011,6.04
71,1,2012,6.09
71,1,2013,6.32
71,1,2014,6.64
71,1,2015,7.01
71,1,2016,7.03
71,1,2017,6.98
71,1,2018,7.33
71,1,2019,7.45
71,1,2020,7.18
71,1,2021,7.1
71,1,2022,7.2
71,1,2023,7.13
71,2,1980,0.7
71,2,1981,0.86
71,2,1982,0.8
71,2,1983,0.86
71,2,1984,1.03
71,2,1985,1
71,2,1986,0.98
71,2,1987,1.13
71,2,1988,1.15
71,2,1989,1.07
71,2,1990,1.03
71,2,1991,1.12
71,2,1992,1.13
71,2,1993,1.29
71,2,1994,1.48
71,2,1995,1.5
71,2,1996,1.51
71,2,1997,1.56
71,2,1998,1.49
71,2,1999,1.66
71,2,2000,1.66
71,2,2001,1.7
71,2,2002,1.9
71,2,2003,1.88
71,2,2004,2.04
71,2,2005,2.07
71,2,2006,2.1
71,2,2007,2.12
71,2,2008,2.31
71,2,2009,2.31
71,2,2010,2.34
71,2,2011,2.42
71,2,2012,2.61
71,2,2013,2.77
71,2,2014,2.93
71,2,2015,2.97
71,2,2016,3
71,2,2017,3.04
71,2,2018,3.11
71,2,2019,3.17
71,2,2020,3.06
71,2,2021,3.25
71,2,2022,3.3
71,2,2023,3.25
72,1,1980,2.15
72,1,1981,2.38
72,1,1982,2.2
72,1,1983,2.1
72,1,1984,2.64
72,1,1985,2.62
72,1,1986,2.62
72,1,1987,3.3
72,1,1988,3.39
72,1,1989,3.2
72,1,1990,3.07
72,1,1991,2.99
72,1,1992,3.16
72,1,1993,3.41
72,1,1994,3.35
72,1,1995,3.7
72,1,1996,3.37
72,1,1997,3.62
72,1,1998,3.79
72,1,1999,3.93
72,1,2000,4.14
72,1,2001,3.76
72,1,2002,4.05
72,1,2003,4.29
72,1,2004,4.51
72,1,2005,4.26
72,1,2006,4.82
72,1,2007,5.01
72,1,2008,4.71
72,1,2009,4.69
72,1,2010,4.99
72,1,2011,5.33
72,1,2012,5.28
72,1,2013,5.46
72,1,2014,5.28
72,1,2015,5.67
72,1,2016,5.59
72,1,2017,5.45
72,1,2018,5.56
72,1,2019,5.37
72,1,2020,5.23
72,1,2021,5.31
72,1,2022,5.48
72,1,2023,5.84
72,2,1980,1.06
72,2,1981,1.07
72,2,1982,1.18
72,2,1983,1.18
72,2,1984,1.17
72,2,1985,0.88
72,2,1986,0.85
72,2,1987,0.87
72,2,1988,1.16
72,2,1989,1.16
72,2,1990,1.17
72,2,1991,1.39
72,2,1992,1.17
72,2,1993,1.21
72,2,1994,1.27
72,2,1995,1.67
72,2,1996,1.62
72,2,1997,1.6
72,2,1998,1.43
72,2,1999,1.39
72,2,2000,1.54
72,2,2001,1.5
72,2,2002,1.83
72,2,2003,1.73
72,2,2004,1.72
72,2,2005,1.69
72,2,2006,2.1
72,2,2007,1.89
72,2,2008,1.92
72,2,2009,1.99
72,2,2010,1.9
72,2,2011,2.04
72,2,2012,2.1
72,2,2013,2.04
72,2,2014,2.26
72,2,2015,2.33
72,2,2016,2.22
72,2,2017,2.43
72,2,2018,2.23
72,2,2019,2.16
72,2,2020,2.08
72,2,2021,2.15
72,2,2022,2.25
72,2,2023,2.39
74,1,1980,11.1
74,1,1981,10.91
74,1,1982,10.71
74,1,1983,10.51
74,1,1984,10.35
74,1,1985,10.14
74,1,1986,10.02
74,1,1987,9.89
74,1,1988,9.78
74,1,1989,9.68
74,1,1990,9.44
74,1,1991,9.34
74,1,1992,9.26
74,1,1993,9.31
74,1,1994,9.32
74,1,1995,9.35
74,1,1996,9.41
74,1,1997,9.45
74,1,1998,9.49
74,1,1999,9.48
74,1,2000,9.48
74,1,2001,9.32
74,1,2002,9.28
74,1,2003,9.09
74,1,2004,8.96
74,1,2005,8.99
74,1,2006,8.96
74,1,2007,8.95
74,1,2008,8.91
74,1,2009,8.91
74,1,2010,9.06
74,1,2011,9.06
74,1,2012,9.12
74,1,2013,9.12
74,1,2014,9.06
74,1,2015,8.96
74,1,2016,8.92
74,1,2017,8.95
74,1,2018,9.01
74,1,2019,9.08
74,1,2020,9.24
74,1,2021,9.35
74,1,2022,9.53
74,1,2023,9.56
74,2,1980,4.42
74,2,1981,4.36
74,2,1982,4.29
74,2,1983,4.22
74,2,1984,4.16
74,2,1985,4.08
74,2,1986,4.01
74,2,1987,3.94
74,2,1988,3.86
74,2,1989,3.8
74,2,1990,3.7
74,2,1991,3.66
74,2,1992,3.64
74,2,1993,3.65
74,2,1994,3.64
74,2,1995,3.66
74,2,1996,3.7
74,2,1997,3.73
74,2,1998,3.77
74,2,1999,3.8
74,2,2000,3.84
74,2,2001,3.85
74,2,2002,3.86
74,2,2003,3.78
74,2,2004,3.76
74,2,2005,3.75
74,2,2006,3.74
74,2,2007,3.75
74,2,2008,3.76
74,2,2009,3.77
74,2,2010,3.82
74,2,2011,3.82
74,2,2012,3.86
74,2,2013,3.88
74,2,2014,3.86
74,2,2015,3.85
74,2,2016,3.85
74,2,2017,3.86
74,2,2018,3.9
74,2,2019,3.97
74,2,2020,3.89
74,2,2021,3.96
74,2,2022,4.08
74,2,2023,4.17
75,1,1980,4.81
75,1,1981,4.9
75,1,1982,4.95
75,1,1983,5.03
75,1,1984,5.06
75,1,1985,5.05
75,1,1986,5.03
75,1,1987,4.6
75,1,1988,4.08
75,1,1989,4.07
75,1,1990,4.72
75,1,1991,5.18
75,1,1992,5.12
75,1,1993,5.37
75,1,1994,5.35
75,1,1995,5.55
75,1,1996,5.97
75,1,1997,6.22
75,1,1998,6.02
75,1,1999,6.18
75,1,2000,6.17
75,1,2001,6.38
75,1,2002,6.82
75,1,2003,7.14
75,1,2004,7.41
75,1,2005,7.51
75,1,2006,7.57
75,1,2007,7.3
75,1,2008,7.42
75,1,2009,7.78
75,1,2010,7.98
75,1,2011,7.74
75,1,2012,8.03
75,1,2013,8.21
75,1,2014,8.16
75,1,2015,8.17
75,1,2016,7.81
75,1,2017,7.91
75,1,2018,7.84
75,1,2019,7.82
75,1,2020,7.73
75,1,2021,7.63
75,1,2022,7.82
75,1,2023,7.72
75,2,1980,2.12
75,2,1981,2.11
75,2,1982,1.99
75,2,1983,1.95
75,2,1984,1.86
75,2,1985,1.8
75,2,1986,1.77
75,2,1987,1.75
75,2,1988,1.51
75,2,1989,1.42
75,2,1990,1.46
75,2,1991,1.57
75,2,1992,1.59
75,2,1993,1.54
75,2,1994,1.63
75,2,1995,1.66
75,2,1996,1.68
75,2,1997,1.74
75,2,1998,1.74
75,2,1999,1.83
75,2,2000,1.88
75,2,2001,1.98
75,2,2002,2.16
75,2,2003,2.25
75,2,2004,2.32
75,2,2005,2.38
75,2,2006,2.46
75,2,2007,2.41
75,2,2008,2.4
75,2,2009,2.48
75,2,2010,2.52
75,2,2011,2.49
75,2,2012,2.68
75,2,2013,2.65
75,2,2014,2.63
75,2,2015,2.55
75,2,2016,2.28
75,2,2017,2.45
75,2,2018,2.35
75,2,2019,2.28
75,2,2020,2.21
75,2,2021,2.21
75,2,2022,2.27
75,2,2023,2.26
76,1,1980,3.36
76,1,1981,3.13
76,1,1982,2.93
76,1,1983,3.01
76,1,1984,3.11
76,1,1985,3.01
76,1,1986,3.05
76,1,1987,2.73
76,1,1988,2.76
76,1,1989,2.84
76,1,1990,2.86
76,1,1991,2.99
76,1,1992,3.6
76,1,1993,4.28
76,1,1994,4.55
76,1,1995,4.72
76,1,1996,4.95
76,1,1997,4.85
76,1,1998,4.9
76,1,1999,4.95
76,1,2000,4.53
76,1,2001,4.36
76,1,2002,4.5
76,1,2003,4.36
76,1,2004,4.51
76,1,2005,4.6
76,1,2006,4.56
76,1,2007,4.77
76,1,2008,4.96
76,1,2009,5.02
76,1,2010,5.37
76,1,2011,5.51
76,1,2012,5.6
76,1,2013,5.66
76,1,2014,5.65
76,1,2015,5.8
76,1,2016,5.74
76,1,2017,5.72
76,1,2018,5.77
76,1,2019,5.59
76,1,2020,5.47
76,1,2021,5.54
76,1,2022,5.64
76,1,2023,5.47
76,2,1980,2.37
76,2,1981,2.18
76,2,1982,2.14
76,2,1983,2.16
76,2,1984,1.96
76,2,1985,1.95
76,2,1986,1.77
76,2,1987,1.67
76,2,1988,1.69
76,2,1989,1.75
76,2,1990,1.75
76,2,1991,1.79
76,2,1992,1.95
76,2,1993,2.1
76,2,1994,2.21
76,2,1995,2.39
76,2,1996,2.58
76,2,1997,2.65
76,2,1998,2.81
76,2,1999,2.75
76,2,2000,2.4
76,2,2001,2.33
76,2,2002,2.34
76,2,2003,2.41
76,2,2004,2.41
76,2,2005,2.39
76,2,2006,2.45
76,2,2007,2.47
76,2,2008,2.55
76,2,2009,2.64
76,2,2010,2.71
76,2,2011,2.74
76,2,2012,2.75
76,2,2013,2.81
76,2,2014,2.72
76,2,2015,2.71
76,2,2016,2.61
76,2,2017,2.66
76,2,2018,2.63
76,2,2019,2.7
76,2,2020,2.62
76,2,2021,2.57
76,2,2022,2.77
76,2,2023,2.69
77,1,1980,5.26
77,1,1981,5.23
77,1,1982,5.12
77,1,1983,5.06
77,1,1984,5
77,1,1985,4.93
77,1,1986,4.95
77,1,1987,4.96
77,1,1988,4.96
77,1,1989,4.88
77,1,1990,4.77
77,1,1991,4.72
77,1,1992,4.67
77,1,1993,4.62
77,1,1994,4.58
77,1,1995,4.6
77,1,1996,4.65
77,1,1997,4.69
77,1,1998,4.72
77,1,1999,4.68
77,1,2000,4.68
77,1,2001,4.6
77,1,2002,4.53
77,1,2003,4.52
77,1,2004,4.54
77,1,2005,4.68
77,1,2006,4.72
77,1,2007,4.81
77,1,2008,4.84
77,1,2009,4.9
77,1,2010,5.03
77,1,2011,5.11
77,1,2012,5.2
77,1,2013,5.23
77,1,2014,5.23
77,1,2015,5.27
77,1,2016,5.3
77,1,2017,5.34
77,1,2018,5.41
77,1,2019,5.53
77,1,2020,5.63
77,1,2021,5.65
77,1,2022,5.53
77,1,2023,5.5
77,2,1980,3.01
77,2,1981,2.92
77,2,1982,2.83
77,2,1983,2.79
77,2,1984,2.72
77,2,1985,2.63
77,2,1986,2.55
77,2,1987,2.46
77,2,1988,2.43
77,2,1989,2.4
77,2,1990,2.37
77,2,1991,2.33
77,2,1992,2.32
77,2,1993,2.32
77,2,1994,2.32
77,2,1995,2.31
77,2,1996,2.29
77,2,1997,2.33
77,2,1998,2.33
77,2,1999,2.27
77,2,2000,2.2
77,2,2001,2.16
77,2,2002,2.12
77,2,2003,2.15
77,2,2004,2.17
77,2,2005,2.22
77,2,2006,2.27
77,2,2007,2.35
77,2,2008,2.37
77,2,2009,2.37
77,2,2010,2.41
77,2,2011,2.45
77,2,2012,2.46
77,2,2013,2.46
77,2,2014,2.49
77,2,2015,2.51
77,2,2016,2.53
77,2,2017,2.53
77,2,2018,2.53
77,2,2019,2.57
77,2,2020,2.66
77,2,2021,2.71
77,2,2022,2.61
77,2,2023,2.55
78,1,1980,0.98
78,1,1981,0.97
78,1,1982,0.98
78,1,1983,0.97
78,1,1984,0.93
78,1,1985,0.9
78,1,1986,0.93
78,1,1987,0.91
78,1,1988,0.93
78,1,1989,0.98
78,1,1990,1.04
78,1,1991,1.08
78,1,1992,1.17
78,1,1993,1.39
78,1,1994,2.14
78,1,1995,2.54
78,1,1996,2.32
78,1,1997,2.38
78,1,1998,2.53
78,1,1999,2.64
78,1,2000,2.75
78,1,2001,2.92
78,1,2002,2.85
78,1,2003,2.71
78,1,2004,2.83
78,1,2005,3.16
78,1,2006,3.32
78,1,2007,3.28
78,1,2008,3.48
78,1,2009,3.65
78,1,2010,3.98
78,1,2011,4.26
78,1,2012,4.36
78,1,2013,4.51
78,1,2014,4.62
78,1,2015,4.6
78,1,2016,4.49
78,1,2017,4.52
78,1,2018,4.66
78,1,2019,4.71
78,1,2020,4.59
78,1,2021,5.05
78,1,2022,5.07
78,1,2023,5.11
78,2,1980,0.78
78,2,1981,0.73
78,2,1982,0.7
78,2,1983,0.65
78,2,1984,0.6
78,2,1985,0.57
78,2,1986,0.55
78,2,1987,0.54
78,2,1988,0.54
78,2,1989,0.56
78,2,1990,0.59
78,2,1991,0.62
78,2,1992,0.66
78,2,1993,0.75
78,2,1994,1.05
78,2,1995,1.09
78,2,1996,1.13
78,2,1997,1.2
78,2,1998,1.23
78,2,1999,1.3
78,2,2000,1.27
78,2,2001,1.29
78,2,2002,1.24
78,2,2003,1.19
78,2,2004,1.16
78,2,2005,1.29
78,2,2006,1.32
78,2,2007,1.35
78,2,2008,1.42
78,2,2009,1.5
78,2,2010,1.67
78,2,2011,1.69
78,2,2012,1.78
78,2,2013,1.76
78,2,2014,1.76
78,2,2015,1.81
78,2,2016,1.74
78,2,2017,1.78
78,2,2018,1.84
78,2,2019,1.85
78,2,2020,1.82
78,2,2021,1.97
78,2,2022,2.01
78,2,2023,1.93
79,1,1980,4.16
79,1,1981,4.04
79,1,1982,4.21
79,1,1983,4.37
79,1,1984,4.74
79,1,1985,4.87
79,1,1986,4.87
79,1,1987,4.71
79,1,1988,4.91
79,1,1989,4.82
79,1,1990,4.88
79,1,1991,5.05
79,1,1992,5.02
79,1,1993,4.81
79,1,1994,4.94
79,1,1995,4.9
79,1,1996,4.49
79,1,1997,4.22
79,1,1998,4.59
79,1,1999,4.62
79,1,2000,4.59
79,1,2001,4.84
79,1,2002,4.82
79,1,2003,4.95
79,1,2004,4.95
79,1,2005,5.05
79,1,2006,5.28
79,1,2007,5.32
79,1,2008,5.37
79,1,2009,5.61
79,1,2010,5.54
79,1,2011,5.52
79,1,2012,5.74
79,1,2013,5.53
79,1,2014,5.76
79,1,2015,5.96
79,1,2016,6.33
79,1,2017,6.42
79,1,2018,6.5
79,1,2019,6.67
79,1,2020,6.61
79,1,2021,6.77
79,1,2022,6.65
79,1,2023,7.05
79,2,1980,2.07
79,2,1981,2.17
79,2,1982,2.17
79,2,1983,2.14
79,2,1984,2.22
79,2,1985,2.37
79,2,1986,2.36
79,2,1987,2.56
79,2,1988,2.53
79,2,1989,2.56
79,2,1990,2.56
79,2,1991,2.54
79,2,1992,2.47
79,2,1993,2.59
79,2,1994,2.4
79,2,1995,2.19
79,2,1996,2.17
79,2,1997,2.3
79,2,1998,2.2
79,2,1999,2.45
79,2,2000,2.53
79,2,2001,2.48
79,2,2002,2.4
79,2,2003,2.35
79,2,2004,2.31
79,2,2005,2.3
79,2,2006,2.38
79,2,2007,2.38
79,2,2008,2.49
79,2,2009,2.62
79,2,2010,2.57
79,2,2011,2.5
79,2,2012,2.51
79,2,2013,2.55
79,2,2014,2.56
79,2,2015,2.56
79,2,2016,2.7
79,2,2017,2.83
79,2,2018,2.79
79,2,2019,2.8
79,2,2020,2.76
79,2,2021,3.01
79,2,2022,3.03
79,2,2023,3.18
80,1,1980,5.08
80,1,1981,5.51
80,1,1982,5.78
80,1,1983,6.18
80,1,1984,6.47
80,1,1985,7.17
80,1,1986,7.8
80,1,1987,8.07
80,1,1988,8.3
80,1,1989,8.6
80,1,1990,8.89
80,1,1991,9.36
80,1,1992,9.72
80,1,1993,10.13
80,1,1994,10.84
80,1,1995,11.07
80,1,1996,11.72
80,1,1997,11.65
80,1,1998,11.74
80,1,1999,11.65
80,1,2000,11.07
80,1,2001,10.8
80,1,2002,10.69
80,1,2003,10.78
80,1,2004,10.43
80,1,2005,10.56
80,1,2006,10.52
80,1,2007,10.39
80,1,2008,10.41
80,1,2009,10.47
80,1,2010,10.83
80,1,2011,10.71
80,1,2012,10.85
80,1,2013,10.67
80,1,2014,10.41
80,1,2015,10.6
80,1,2016,10.33
80,1,2017,9.95
80,1,2018,9.8
80,1,2019,9.66
80,1,2020,9.43
80,1,2021,9.07
80,1,2022,9.81
80,1,2023,10.1
80,2,1980,1.78
80,2,1981,1.8
80,2,1982,1.78
80,2,1983,1.86
80,2,1984,1.82
80,2,1985,1.88
80,2,1986,1.84
80,2,1987,1.81
80,2,1988,1.8
80,2,1989,1.83
80,2,1990,1.85
80,2,1991,1.91
80,2,1992,1.93
80,2,1993,2.04
80,2,1994,2.16
80,2,1995,2.22
80,2,1996,2.35
80,2,1997,2.42
80,2,1998,2.48
80,2,1999,2.54
80,2,2000,2.39
80,2,2001,2.41
80,2,2002,2.5
80,2,2003,2.56
80,2,2004,2.44
80,2,2005,2.53
80,2,2006,2.51
80,2,2007,2.54
80,2,2008,2.67
80,2,2009,2.68
80,2,2010,2.79
80,2,2011,2.82
80,2,2012,2.88
80,2,2013,2.88
80,2,2014,2.82
80,2,2015,2.89
80,2,2016,2.92
80,2,2017,2.85
80,2,2018,2.81
80,2,2019,2.8
80,2,2020,2.79
80,2,2021,2.65
80,2,2022,2.9
80,2,2023,2.98
81,1,1980,3.77
81,1,1981,3.75
81,1,1982,3.76
81,1,1983,3.79
81,1,1984,3.81
81,1,1985,3.88
81,1,1986,3.9
81,1,1987,3.9
81,1,1988,3.94
81,1,1989,3.97
81,1,1990,3.98
81,1,1991,3.99
81,1,1992,4
81,1,1993,4.09
81,1,1994,4.08
81,1,1995,4.16
81,1,1996,4.19
81,1,1997,4.09
81,1,1998,4.14
81,1,1999,4.22
81,1,2000,4.48
81,1,2001,4.5
81,1,2002,4.6
81,1,2003,4.79
81,1,2004,4.97
81,1,2005,5.15
81,1,2006,5.38
81,1,2007,5.47
81,1,2008,5.6
81,1,2009,5.79
81,1,2010,5.94
81,1,2011,5.95
81,1,2012,5.98
81,1,2013,6.01
81,1,2014,6.01
81,1,2015,6.24
81,1,2016,6.27
81,1,2017,6.22
81,1,2018,6.29
81,1,2019,6.38
81,1,2020,6.47
81,1,2021,6.4
81,1,2022,6.46
81,1,2023,6.63
81,2,1980,1.63
81,2,1981,1.62
81,2,1982,1.61
81,2,1983,1.63
81,2,1984,1.62
81,2,1985,1.64
81,2,1986,1.66
81,2,1987,1.65
81,2,1988,1.66
81,2,1989,1.66
81,2,1990,1.67
81,2,1991,1.68
81,2,1992,1.67
81,2,1993,1.7
81,2,1994,1.71
81,2,1995,1.74
81,2,1996,1.74
81,2,1997,1.71
81,2,1998,1.62
81,2,1999,1.65
81,2,2000,1.68
81,2,2001,1.68
81,2,2002,1.77
81,2,2003,1.84
81,2,2004,1.9
81,2,2005,1.99
81,2,2006,2.07
81,2,2007,2.08
81,2,2008,2.2
81,2,2009,2.23
81,2,2010,2.25
81,2,2011,2.23
81,2,2012,2.21
81,2,2013,2.23
81,2,2014,2.19
81,2,2015,2.33
81,2,2016,2.36
81,2,2017,2.41
81,2,2018,2.45
81,2,2019,2.45
81,2,2020,2.51
81,2,2021,2.49
81,2,2022,2.62
81,2,2023,2.65
82,1,1980,2.44
82,1,1981,2.45
82,1,1982,2.45
82,1,1983,2.46
82,1,1984,2.45
82,1,1985,2.48
82,1,1986,2.52
82,1,1987,2.55
82,1,1988,3.09
82,1,1989,2.75
82,1,1990,2.46
82,1,1991,2.52
82,1,1992,2.81
82,1,1993,3.05
82,1,1994,3.16
82,1,1995,3.22
82,1,1996,3.14
82,1,1997,3.22
82,1,1998,3.61
82,1,1999,4
82,1,2000,4.09
82,1,2001,4.02
82,1,2002,3.99
82,1,2003,4.11
82,1,2004,4.04
82,1,2005,4.07
82,1,2006,3.92
82,1,2007,3.86
82,1,2008,3.69
82,1,2009,3.7
82,1,2010,3.8
82,1,2011,4.52
82,1,2012,5.3
82,1,2013,5.38
82,1,2014,5.53
82,1,2015,5.61
82,1,2016,5.58
82,1,2017,5.54
82,1,2018,5.5
82,1,2019,5.46
82,1,2020,5.22
82,1,2021,5.23
82,1,2022,5.22
82,1,2023,5.35
82,2,1980,1.8
82,2,1981,1.74
82,2,1982,1.7
82,2,1983,1.7
82,2,1984,1.66
82,2,1985,1.66
82,2,1986,1.66
82,2,1987,1.67
82,2,1988,1.78
82,2,1989,1.71
82,2,1990,1.61
82,2,1991,1.6
82,2,1992,1.7
82,2,1993,1.75
82,2,1994,1.78
82,2,1995,1.78
82,2,1996,1.86
82,2,1997,1.95
82,2,1998,1.94
82,2,1999,1.99
82,2,2000,1.97
82,2,2001,2.04
82,2,2002,2.03
82,2,2003,1.99
82,2,2004,1.96
82,2,2005,1.95
82,2,2006,1.94
82,2,2007,1.92
82,2,2008,1.85
82,2,2009,1.86
82,2,2010,1.88
82,2,2011,2.09
82,2,2012,2.34
82,2,2013,2.34
82,2,2014,2.37
82,2,2015,2.35
82,2,2016,2.37
82,2,2017,2.38
82,2,2018,2.3
82,2,2019,2.33
82,2,2020,2.31
82,2,2021,2.37
82,2,2022,2.31
82,2,2023,2.34
83,1,1980,2.99
83,1,1981,3.22
83,1,1982,3.26
83,1,1983,3.28
83,1,1984,2.96
83,1,1985,2.83
83,1,1986,2.92
83,1,1987,2.9
83,1,1988,3.04
83,1,1989,3.1
83,1,1990,3.22
83,1,1991,3.31
83,1,1992,3.33
83,1,1993,3.44
83,1,1994,3.62
83,1,1995,3.8
83,1,1996,4.03
83,1,1997,3.95
83,1,1998,4
83,1,1999,3.97
83,1,2000,3.87
83,1,2001,3.86
83,1,2002,3.79
83,1,2003,3.73
83,1,2004,3.85
83,1,2005,3.88
83,1,2006,4
83,1,2007,4.03
83,1,2008,4.06
83,1,2009,4.21
83,1,2010,4.49
83,1,2011,4.67
83,1,2012,4.94
83,1,2013,4.94
83,1,2014,5.05
83,1,2015,4.84
83,1,2016,4.81
83,1,2017,4.79
83,1,2018,4.76
83,1,2019,4.68
83,1,2020,4.47
83,1,2021,4.67
83,1,2022,5.74
83,1,2023,5.95
83,2,1980,1.92
83,2,1981,1.85
83,2,1982,1.84
83,2,1983,1.75
83,2,1984,1.58
83,2,1985,1.43
83,2,1986,1.35
83,2,1987,1.34
83,2,1988,1.32
83,2,1989,1.39
83,2,1990,1.43
83,2,1991,1.45
83,2,1992,1.49
83,2,1993,1.53
83,2,1994,1.61
83,2,1995,1.55
83,2,1996,1.67
83,2,1997,1.63
83,2,1998,1.63
83,2,1999,1.72
83,2,2000,1.64
83,2,2001,1.62
83,2,2002,1.61
83,2,2003,1.57
83,2,2004,1.6
83,2,2005,1.65
83,2,2006,1.75
83,2,2007,1.82
83,2,2008,1.87
83,2,2009,1.95
83,2,2010,1.98
83,2,2011,2.01
83,2,2012,2.01
83,2,2013,2.08
83,2,2014,2.08
83,2,2015,2.09
83,2,2016,2.05
83,2,2017,2.01
83,2,2018,2
83,2,2019,1.97
83,2,2020,1.93
83,2,2021,2.02
83,2,2022,2.39
83,2,2023,2.37
84,1,1980,2.25
84,1,1981,2.25
84,1,1982,2.39
84,1,1983,2.34
84,1,1984,2.39
84,1,1985,2.36
84,1,1986,2.41
84,1,1987,2.3
84,1,1988,2.31
84,1,1989,2.43
84,1,1990,2.48
84,1,1991,2.69
84,1,1992,2.72
84,1,1993,2.87
84,1,1994,2.95
84,1,1995,2.91
84,1,1996,2.94
84,1,1997,2.94
84,1,1998,2.98
84,1,1999,3.3
84,1,2000,3.46
84,1,2001,3.45
84,1,2002,3.37
84,1,2003,3.4
84,1,2004,3.41
84,1,2005,3.51
84,1,2006,3.78
84,1,2007,3.98
84,1,2008,4.07
84,1,2009,4.48
84,1,2010,4.58
84,1,2011,4.63
84,1,2012,4.82
84,1,2013,5.14
84,1,2014,4.97
84,1,2015,5.07
84,1,2016,5.27
84,1,2017,5.43
84,1,2018,5.25
84,1,2019,5.51
84,1,2020,5.37
84,1,2021,5.13
84,1,2022,5.61
84,1,2023,5.79
84,2,1980,2.38
84,2,1981,2.18
84,2,1982,2.08
84,2,1983,1.95
84,2,1984,1.84
84,2,1985,1.71
84,2,1986,1.71
84,2,1987,1.62
84,2,1988,1.55
84,2,1989,1.59
84,2,1990,1.69
84,2,1991,1.8
84,2,1992,1.76
84,2,1993,1.8
84,2,1994,1.87
84,2,1995,1.82
84,2,1996,1.92
84,2,1997,2.06
84,2,1998,2.05
84,2,1999,2.14
84,2,2000,2.2
84,2,2001,2.3
84,2,2002,2.42
84,2,2003,2.36
84,2,2004,2.44
84,2,2005,2.52
84,2,2006,2.69
84,2,2007,2.63
84,2,2008,2.54
84,2,2009,2.64
84,2,2010,2.69
84,2,2011,2.79
84,2,2012,2.74
84,2,2013,2.96
84,2,2014,2.97
84,2,2015,2.8
84,2,2016,2.87
84,2,2017,3.06
84,2,2018,3.11
84,2,2019,3.07
84,2,2020,2.94
84,2,2021,2.77
84,2,2022,3.06
84,2,2023,3.2
85,1,1980,2.65
85,1,1981,2.62
85,1,1982,2.66
85,1,1983,2.72
85,1,1984,2.75
85,1,1985,2.77
85,1,1986,2.81
85,1,1987,2.84
85,1,1988,2.82
85,1,1989,2.8
85,1,1990,2.8
85,1,1991,2.84
85,1,1992,2.87
85,1,1993,2.86
85,1,1994,2.86
85,1,1995,2.92
85,1,1996,3.12
85,1,1997,3.15
85,1,1998,2.87
85,1,1999,3.04
85,1,2000,2.97
85,1,2001,3.13
85,1,2002,3.32
85,1,2003,3.16
85,1,2004,3.3
85,1,2005,3.34
85,1,2006,3.41
85,1,2007,3.43
85,1,2008,3.17
85,1,2009,3.18
85,1,2010,3.29
85,1,2011,3.43
85,1,2012,3.55
85,1,2013,3.47
85,1,2014,3.41
85,1,2015,3.4
85,1,2016,3.34
85,1,2017,3.28
85,1,2018,3.28
85,1,2019,3.28
85,1,2020,3.19
85,1,2021,3.12
85,1,2022,3.19
85,1,2023,3.19
85,2,1980,1.73
85,2,1981,1.72
85,2,1982,1.73
85,2,1983,1.74
85,2,1984,1.73
85,2,1985,1.75
85,2,1986,1.75
85,2,1987,1.75
85,2,1988,1.76
85,2,1989,1.75
85,2,1990,1.76
85,2,1991,1.78
85,2,1992,1.8
85,2,1993,1.8
85,2,1994,1.81
85,2,1995,1.82
85,2,1996,1.89
85,2,1997,1.93
85,2,1998,1.68
85,2,1999,1.64
85,2,2000,1.56
85,2,2001,1.64
85,2,2002,1.63
85,2,2003,1.61
85,2,2004,1.64
85,2,2005,1.71
85,2,2006,1.77
85,2,2007,1.81
85,2,2008,1.72
85,2,2009,1.73
85,2,2010,1.72
85,2,2011,1.74
85,2,2012,1.82
85,2,2013,1.76
85,2,2014,1.8
85,2,2015,1.79
85,2,2016,1.72
85,2,2017,1.66
85,2,2018,1.66
85,2,2019,1.65
85,2,2020,1.56
85,2,2021,1.58
85,2,2022,1.58
85,2,2023,1.55
86,1,1980,6.91
86,1,1981,6.99
86,1,1982,7.4
86,1,1983,8.21
86,1,1984,7.9
86,1,1985,7.22
86,1,1986,7.48
86,1,1987,8.48
86,1,1988,9.03
86,1,1989,9.69
86,1,1990,9.93
86,1,1991,10.2
86,1,1992,10.66
86,1,1993,11.43
86,1,1994,11.44
86,1,1995,10.28
86,1,1996,10.15
86,1,1997,9.58
86,1,1998,9.34
86,1,1999,10
86,1,2000,9.94
86,1,2001,9.39
86,1,2002,8.87
86,1,2003,7.62
86,1,2004,7.1
86,1,2005,7.07
86,1,2006,7.14
86,1,2007,7.1
86,1,2008,7.06
86,1,2009,7.52
86,1,2010,7.82
86,1,2011,8.38
86,1,2012,8.74
86,1,2013,8.47
86,1,2014,8.18
86,1,2015,7.61
86,1,2016,5.79
86,1,2017,6.68
86,1,2018,6.8
86,1,2019,6.76
86,1,2020,6.82
86,1,2021,6.62
86,1,2022,6.71
86,1,2023,6.59
86,2,1980,3.92
86,2,1981,3.77
86,2,1982,3.82
86,2,1983,4.05
86,2,1984,3.66
86,2,1985,3.29
86,2,1986,3.22
86,2,1987,3.51
86,2,1988,3.45
86,2,1989,3.65
86,2,1990,3.7
86,2,1991,3.77
86,2,1992,3.7
86,2,1993,3.83
86,2,1994,3.83
86,2,1995,3.32
86,2,1996,3.26
86,2,1997,3.17
86,2,1998,3.16
86,2,1999,3.38
86,2,2000,3.32
86,2,2001,3.23
86,2,2002,3.12
86,2,2003,2.75
86,2,2004,2.56
86,2,2005,2.51
86,2,2006,2.47
86,2,2007,2.47
86,2,2008,2.5
86,2,2009,2.61
86,2,2010,2.69
86,2,2011,2.84
86,2,2012,2.99
86,2,2013,2.87
86,2,2014,2.78
86,2,2015,2.69
86,2,2016,2.14
86,2,2017,2.37
86,2,2018,2.38
86,2,2019,2.37
86,2,2020,2.35
86,2,2021,2.31
86,2,2022,2.35
86,2,2023,2.33
87,1,1980,5.34
87,1,1981,5.3
87,1,1982,5.58
87,1,1983,5.34
87,1,1984,4.93
87,1,1985,4.84
87,1,1986,4.69
87,1,1987,5.05
87,1,1988,5.12
87,1,1989,5.3
87,1,1990,4.89
87,1,1991,4.73
87,1,1992,5.39
87,1,1993,5.81
87,1,1994,6.04
87,1,1995,5.79
87,1,1996,5.7
87,1,1997,5.71
87,1,1998,5.28
87,1,1999,5.28
87,1,2000,5.11
87,1,2001,5.01
87,1,2002,5.04
87,1,2003,4.97
87,1,2004,5.07
87,1,2005,5.12
87,1,2006,5.29
87,1,2007,5.26
87,1,2008,5.32
87,1,2009,5.52
87,1,2010,6.18
87,1,2011,6.42
87,1,2012,6.47
87,1,2013,6.54
87,1,2014,6.44
87,1,2015,6.18
87,1,2016,5.84
87,1,2017,5.69
87,1,2018,5.58
87,1,2019,5.78
87,1,2020,5.52
87,1,2021,5.55
87,1,2022,6.13
87,1,2023,6.46
87,2,1980,3.82
87,2,1981,3.66
87,2,1982,3.29
87,2,1983,3.04
87,2,1984,2.74
87,2,1985,2.56
87,2,1986,2.42
87,2,1987,2.34
87,2,1988,2.33
87,2,1989,2.21
87,2,1990,2.24
87,2,1991,2.24
87,2,1992,2.33
87,2,1993,2.42
87,2,1994,2.42
87,2,1995,2.32
87,2,1996,2.41
87,2,1997,2.45
87,2,1998,2.28
87,2,1999,2.33
87,2,2000,2.32
87,2,2001,2.37
87,2,2002,2.4
87,2,2003,2.33
87,2,2004,2.34
87,2,2005,2.37
87,2,2006,2.48
87,2,2007,2.53
87,2,2008,2.52
87,2,2009,2.66
87,2,2010,2.7
87,2,2011,2.8
87,2,2012,2.88
87,2,2013,2.94
87,2,2014,2.76
87,2,2015,2.7
87,2,2016,2.69
87,2,2017,2.62
87,2,2018,2.59
87,2,2019,2.58
87,2,2020,2.45
87,2,2021,2.44
87,2,2022,2.73
87,2,2023,2.91
88,1,1980,3.46
88,1,1981,3.47
88,1,1982,3.41
88,1,1983,3.25
88,1,1984,3.19
88,1,1985,2.89
88,1,1986,2.68
88,1,1987,2.53
88,1,1988,2.76
88,1,1989,2.91
88,1,1990,2.93
88,1,1991,3
88,1,1992,3.03
88,1,1993,2.97
88,1,1994,3.04
88,1,1995,3.08
88,1,1996,3.29
88,1,1997,3.41
88,1,1998,3.58
88,1,1999,3.69
88,1,2000,3.57
88,1,2001,3.48
88,1,2002,3.51
88,1,2003,3.44
88,1,2004,3.41
88,1,2005,3.46
88,1,2006,3.68
88,1,2007,3.78
88,1,2008,3.66
88,1,2009,3.76
88,1,2010,3.86
88,1,2011,3.92
88,1,2012,3.96
88,1,2013,3.94
88,1,2014,3.92
88,1,2015,3.87
88,1,2016,3.9
88,1,2017,4.01
88,1,2018,4.1
88,1,2019,4.2
88,1,2020,3.97
88,1,2021,3.78
88,1,2022,3.78
88,1,2023,3.67
88,2,1980,2.32
88,2,1981,2.11
88,2,1982,2.12
88,2,1983,1.88
88,2,1984,1.69
88,2,1985,1.58
88,2,1986,1.38
88,2,1987,1.26
88,2,1988,1.25
88,2,1989,1.26
88,2,1990,1.3
88,2,1991,1.34
88,2,1992,1.34
88,2,1993,1.28
88,2,1994,1.28
88,2,1995,1.29
88,2,1996,1.33
88,2,1997,1.35
88,2,1998,1.37
88,2,1999,1.42
88,2,2000,1.41
88,2,2001,1.44
88,2,2002,1.47
88,2,2003,1.45
88,2,2004,1.46
88,2,2005,1.45
88,2,2006,1.46
88,2,2007,1.47
88,2,2008,1.46
88,2,2009,1.49
88,2,2010,1.51
88,2,2011,1.57
88,2,2012,1.59
88,2,2013,1.57
88,2,2014,1.55
88,2,2015,1.52
88,2,2016,1.49
88,2,2017,1.5
88,2,2018,1.55
88,2,2019,1.57
88,2,2020,1.45
88,2,2021,1.54
88,2,2022,1.53
88,2,2023,1.5
89,1,1980,1.9
89,1,1981,1.79
89,1,1982,1.94
89,1,1983,1.88
89,1,1984,1.83
89,1,1985,1.87
89,1,1986,1.88
89,1,1987,1.84
89,1,1988,1.92
89,1,1989,1.97
89,1,1990,1.88
89,1,1991,1.87
89,1,1992,1.96
89,1,1993,2.18
89,1,1994,2.26
89,1,1995,2.47
89,1,1996,2.35
89,1,1997,2.34
89,1,1998,2.39
89,1,1999,2.58
89,1,2000,2.6
89,1,2001,2.62
89,1,2002,2.71
89,1,2003,2.71
89,1,2004,2.65
89,1,2005,2.64
89,1,2006,2.66
89,1,2007,2.82
89,1,2008,2.87
89,1,2009,3.16
89,1,2010,3.34
89,1,2011,3.33
89,1,2012,3.39
89,1,2013,3.23
89,1,2014,3.38
89,1,2015,3.59
89,1,2016,3.75
89,1,2017,3.78
89,1,2018,3.7
89,1,2019,3.81
89,1,2020,3.93
89,1,2021,4.02
89,1,2022,4.21
89,1,2023,4.18
89,2,1980,1.34
89,2,1981,1.13
89,2,1982,1.1
89,2,1983,1.11
89,2,1984,1.06
89,2,1985,1.08
89,2,1986,1.1
89,2,1987,1.07
89,2,1988,1.05
89,2,1989,1.05
89,2,1990,1.1
89,2,1991,1.15
89,2,1992,1.15
89,2,1993,1.19
89,2,1994,1.25
89,2,1995,1.37
89,2,1996,1.36
89,2,1997,1.43
89,2,1998,1.45
89,2,1999,1.49
89,2,2000,1.54
89,2,2001,1.55
89,2,2002,1.55
89,2,2003,1.52
89,2,2004,1.57
89,2,2005,1.58
89,2,2006,1.59
89,2,2007,1.65
89,2,2008,1.73
89,2,2009,1.8
89,2,2010,1.87
89,2,2011,1.91
89,2,2012,1.97
89,2,2013,1.87
89,2,2014,1.94
89,2,2015,2.03
89,2,2016,2.17
89,2,2017,2.18
89,2,2018,2.29
89,2,2019,2.33
89,2,2020,2.4
89,2,2021,2.51
89,2,2022,2.61
89,2,2023,2.55
90,1,1980,1.94
90,1,1981,1.81
90,1,1982,2.17
90,1,1983,1.97
90,1,1984,1.8
90,1,1985,2.14
90,1,1986,2.08
90,1,1987,2.05
90,1,1988,1.84
90,1,1989,1.64
90,1,1990,1.55
90,1,1991,1.6
90,1,1992,1.5
90,1,1993,1.58
90,1,1994,1.54
90,1,1995,1.54
90,1,1996,1.79
90,1,1997,1.76
90,1,1998,2.09
90,1,1999,2.28
90,1,2000,2.31
90,1,2001,2.14
90,1,2002,1.94
90,1,2003,1.9
90,1,2004,1.98
90,1,2005,2.2
90,1,2006,2.19
90,1,2007,2.44
90,1,2008,2.63
90,1,2009,2.67
90,1,2010,2.87
90,1,2011,3.09
90,1,2012,3.19
90,1,2013,3.42
90,1,2014,3.37
90,1,2015,3.84
90,1,2016,4.31
90,1,2017,4.3
90,1,2018,4.44
90,1,2019,4.33
90,1,2020,4.45
90,1,2021,4.35
90,1,2022,4.26
90,1,2023,4.42
90,2,1980,1.12
90,2,1981,1.23
90,2,1982,1.1
90,2,1983,1.14
90,2,1984,1.25
90,2,1985,1.44
90,2,1986,1.28
90,2,1987,1.16
90,2,1988,1.15
90,2,1989,1.06
90,2,1990,1.05
90,2,1991,1.11
90,2,1992,0.98
90,2,1993,0.99
90,2,1994,1.02
90,2,1995,0.93
90,2,1996,0.98
90,2,1997,0.93
90,2,1998,1
90,2,1999,1.28
90,2,2000,1.29
90,2,2001,1.31
90,2,2002,1.05
90,2,2003,0.89
90,2,2004,1.26
90,2,2005,1.33
90,2,2006,1.32
90,2,2007,1.56
90,2,2008,1.72
90,2,2009,1.76
90,2,2010,1.8
90,2,2011,1.83
90,2,2012,1.98
90,2,2013,1.92
90,2,2014,1.82
90,2,2015,1.96
90,2,2016,2.05
90,2,2017,2.34
90,2,2018,2.45
90,2,2019,2.58
90,2,2020,2.39
90,2,2021,2.27
90,2,2022,2.41
90,2,2023,2.52
91,1,1980,2.2
91,1,1981,2.11
91,1,1982,2.2
91,1,1983,2.24
91,1,1984,2.24
91,1,1985,2.14
91,1,1986,2.14
91,1,1987,2.22
91,1,1988,2.53
91,1,1989,2.95
91,1,1990,3.07
91,1,1991,3.29
91,1,1992,3.73
91,1,1993,4.03
91,1,1994,4.36
91,1,1995,4.72
91,1,1996,5.19
91,1,1997,5.07
91,1,1998,5.03
91,1,1999,5.43
91,1,2000,5.65
91,1,2001,5.94
91,1,2002,5.38
91,1,2003,5.41
91,1,2004,5.52
91,1,2005,5.77
91,1,2006,6.2
91,1,2007,6.31
91,1,2008,6.42
91,1,2009,6.75
91,1,2010,7.09
91,1,2011,7.4
91,1,2012,7.71
91,1,2013,7.85
91,1,2014,7.85
91,1,2015,8.06
91,1,2016,8.25
91,1,2017,8.53
91,1,2018,8.5
91,1,2019,8.48
91,1,2020,8.49
91,1,2021,8.25
91,1,2022,8.61
91,1,2023,8.5
91,2,1980,1.49
91,2,1981,1.56
91,2,1982,1.44
91,2,1983,1.29
91,2,1984,1.29
91,2,1985,1.23
91,2,1986,1.16
91,2,1987,1.16
91,2,1988,1.14
91,2,1989,1.25
91,2,1990,1.36
91,2,1991,1.46
91,2,1992,1.47
91,2,1993,1.57
91,2,1994,1.65
91,2,1995,1.77
91,2,1996,1.83
91,2,1997,1.83
91,2,1998,1.78
91,2,1999,1.86
91,2,2000,1.85
91,2,2001,2.01
91,2,2002,1.77
91,2,2003,1.73
91,2,2004,1.69
91,2,2005,1.66
91,2,2006,1.65
91,2,2007,1.77
91,2,2008,1.83
91,2,2009,1.93
91,2,2010,2.04
91,2,2011,2.01
91,2,2012,2.08
91,2,2013,2.09
91,2,2014,2.08
91,2,2015,2.06
91,2,2016,2.12
91,2,2017,2.1
91,2,2018,2.13
91,2,2019,2.14
91,2,2020,2.13
91,2,2021,2
91,2,2022,2.17
91,2,2023,2.11
92,1,1980,11.32
92,1,1981,10.7
92,1,1982,9.97
92,1,1983,7.47
92,1,1984,4.62
92,1,1985,3.87
92,1,1986,4.18
92,1,1987,4.63
92,1,1988,5.09
92,1,1989,5.53
92,1,1990,5.89
92,1,1991,6.33
92,1,1992,6.53
92,1,1993,6.88
92,1,1994,7.01
92,1,1995,7.39
92,1,1996,7.51
92,1,1997,7.55
92,1,1998,7.85
92,1,1999,8.51
92,1,2000,8.62
92,1,2001,8.77
92,1,2002,8.94
92,1,2003,8.88
92,1,2004,8.7
92,1,2005,8.66
92,1,2006,8.33
92,1,2007,8.33
92,1,2008,8.18
92,1,2009,8.22
92,1,2010,8.49
92,1,2011,8.63
92,1,2012,8.81
92,1,2013,8.67
92,1,2014,8.6
92,1,2015,8.75
92,1,2016,8.48
92,1,2017,8.53
92,1,2018,8.64
92,1,2019,8.39
92,1,2020,8.06
92,1,2021,7.78
92,1,2022,8.18
92,1,2023,8
92,2,1980,8.08
92,2,1981,7.27
92,2,1982,6.32
92,2,1983,4.5
92,2,1984,2.39
92,2,1985,1.94
92,2,1986,1.91
92,2,1987,2.08
92,2,1988,2.26
92,2,1989,2.36
92,2,1990,2.47
92,2,1991,2.47
92,2,1992,2.56
92,2,1993,2.59
92,2,1994,2.65
92,2,1995,2.73
92,2,1996,2.8
92,2,1997,2.78
92,2,1998,2.89
92,2,1999,3.17
92,2,2000,3.16
92,2,2001,3.17
92,2,2002,3.21
92,2,2003,3.19
92,2,2004,3.13
92,2,2005,3.06
92,2,2006,2.91
92,2,2007,2.86
92,2,2008,2.89
92,2,2009,2.93
92,2,2010,2.93
92,2,2011,2.9
92,2,2012,2.98
92,2,2013,2.93
92,2,2014,2.88
92,2,2015,2.86
92,2,2016,2.77
92,2,2017,2.78
92,2,2018,2.77
92,2,2019,2.75
92,2,2020,2.77
92,2,2021,2.64
92,2,2022,2.81
92,2,2023,2.77
93,1,1980,4.12
93,1,1981,3.99
93,1,1982,3.71
93,1,1983,3.39
93,1,1984,3.36
93,1,1985,3.17
93,1,1986,2.91
93,1,1987,2.81
93,1,1988,2.8
93,1,1989,2.9
93,1,1990,3.05
93,1,1991,3.05
93,1,1992,2.93
93,1,1993,2.99
93,1,1994,3.27
93,1,1995,3.42
93,1,1996,3.15
93,1,1997,2.32
93,1,1998,2.01
93,1,1999,2.01
93,1,2000,2.01
93,1,2001,2.04
93,1,2002,2.19
93,1,2003,2.15
93,1,2004,2.28
93,1,2005,2.4
93,1,2006,2.49
93,1,2007,2.45
93,1,2008,2.58
93,1,2009,2.81
93,1,2010,2.99
93,1,2011,2.97
93,1,2012,3.28
93,1,2013,3.38
93,1,2014,3.49
93,1,2015,3.5
93,1,2016,3.61
93,1,2017,3.69
93,1,2018,3.66
93,1,2019,3.83
93,1,2020,3.97
93,1,2021,3.99
93,1,2022,4.09
93,1,2023,4.22
93,2,1980,2.51
93,2,1981,2.28
93,2,1982,2.04
93,2,1983,1.88
93,2,1984,1.84
93,2,1985,1.78
93,2,1986,1.63
93,2,1987,1.64
93,2,1988,1.7
93,2,1989,1.64
93,2,1990,1.71
93,2,1991,1.58
93,2,1992,1.67
93,2,1993,1.76
93,2,1994,1.79
93,2,1995,1.76
93,2,1996,1.73
93,2,1997,1.36
93,2,1998,1.24
93,2,1999,1.18
93,2,2000,1.19
93,2,2001,1.26
93,2,2002,1.29
93,2,2003,1.28
93,2,2004,1.27
93,2,2005,1.28
93,2,2006,1.41
93,2,2007,1.4
93,2,2008,1.44
93,2,2009,1.5
93,2,2010,1.54
93,2,2011,1.59
93,2,2012,1.72
93,2,2013,1.83
93,2,2014,1.79
93,2,2015,1.78
93,2,2016,1.75
93,2,2017,1.83
93,2,2018,1.8
93,2,2019,1.79
93,2,2020,1.81
93,2,2021,1.91
93,2,2022,2.06
93,2,2023,2.09
94,1,1980,5.93
94,1,1981,5.97
94,1,1982,5.96
94,1,1983,5.99
94,1,1984,5.92
94,1,1985,5.91
94,1,1986,5.92
94,1,1987,5.9
94,1,1988,5.91
94,1,1989,5.92
94,1,1990,5.96
94,1,1991,5.96
94,1,1992,5.97
94,1,1993,6.01
94,1,1994,6.02
94,1,1995,6.11
94,1,1996,6.42
94,1,1997,6.55
94,1,1998,6.61
94,1,1999,6.68
94,1,2000,6.62
94,1,2001,6.64
94,1,2002,6.52
94,1,2003,6.29
94,1,2004,6.28
94,1,2005,6.28
94,1,2006,6.57
94,1,2007,6.72
94,1,2008,6.76
94,1,2009,6.65
94,1,2010,6.54
94,1,2011,6.66
94,1,2012,7.01
94,1,2013,7.03
94,1,2014,6.88
94,1,2015,7.08
94,1,2016,6.94
94,1,2017,6.72
94,1,2018,6.46
94,1,2019,6.24
94,1,2020,5.97
94,1,2021,5.83
94,1,2022,6.16
94,1,2023,5.66
94,2,1980,1.71
94,2,1981,1.71
94,2,1982,1.69
94,2,1983,1.7
94,2,1984,1.67
94,2,1985,1.68
94,2,1986,1.68
94,2,1987,1.67
94,2,1988,1.65
94,2,1989,1.65
94,2,1990,1.66
94,2,1991,1.66
94,2,1992,1.63
94,2,1993,1.64
94,2,1994,1.67
94,2,1995,1.71
94,2,1996,1.83
94,2,1997,1.89
94,2,1998,1.8
94,2,1999,1.79
94,2,2000,1.86
94,2,2001,1.86
94,2,2002,1.93
94,2,2003,1.99
94,2,2004,2
94,2,2005,1.92
94,2,2006,1.97
94,2,2007,2.06
94,2,2008,2.03
94,2,2009,2.05
94,2,2010,2.06
94,2,2011,2.07
94,2,2012,2.17
94,2,2013,2.27
94,2,2014,2.26
94,2,2015,2.2
94,2,2016,2.12
94,2,2017,2.18
94,2,2018,2.16
94,2,2019,2.07
94,2,2020,1.96
94,2,2021,1.86
94,2,2022,1.99
94,2,2023,1.83
95,1,1980,2
95,1,1981,2.01
95,1,1982,1.98
95,1,1983,1.99
95,1,1984,2.13
95,1,1985,2.19
95,1,1986,2.31
95,1,1987,2.36
95,1,1988,2.47
95,1,1989,2.49
95,1,1990,2.51
95,1,1991,2.59
95,1,1992,2.58
95,1,1993,2.37
95,1,1994,2.32
95,1,1995,2.4
95,1,1996,2.49
95,1,1997,2.65
95,1,1998,2.75
95,1,1999,2.87
95,1,2000,3.09
95,1,2001,3.26
95,1,2002,3.49
95,1,2003,3.74
95,1,2004,3.88
95,1,2005,4.11
95,1,2006,4.37
95,1,2007,4.53
95,1,2008,4.74
95,1,2009,4.89
95,1,2010,5.13
95,1,2011,5.33
95,1,2012,5.65
95,1,2013,5.97
95,1,2014,6.07
95,1,2015,6.29
95,1,2016,6.48
95,1,2017,6.69
95,1,2018,6.81
95,1,2019,6.72
95,1,2020,6.95
95,1,2021,6.75
95,1,2022,6.79
95,1,2023,7.34
95,2,1980,1.01
95,2,1981,1.01
95,2,1982,1.05
95,2,1983,1.02
95,2,1984,1.07
95,2,1985,1.16
95,2,1986,1.2
95,2,1987,1.25
95,2,1988,1.31
95,2,1989,1.36
95,2,1990,1.37
95,2,1991,1.47
95,2,1992,1.49
95,2,1993,1.38
95,2,1994,1.37
95,2,1995,1.41
95,2,1996,1.45
95,2,1997,1.53
95,2,1998,1.6
95,2,1999,1.66
95,2,2000,1.73
95,2,2001,1.86
95,2,2002,1.94
95,2,2003,1.99
95,2,2004,2.08
95,2,2005,2.2
95,2,2006,2.29
95,2,2007,2.45
95,2,2008,2.56
95,2,2009,2.67
95,2,2010,2.84
95,2,2011,2.99
95,2,2012,3.22
95,2,2013,3.31
95,2,2014,3.38
95,2,2015,3.55
95,2,2016,3.64
95,2,2017,3.74
95,2,2018,3.76
95,2,2019,3.84
95,2,2020,3.95
95,2,2021,3.89
95,2,2022,3.85
95,2,2023,4.15
97,1,1980,0.72
97,1,1981,0.72
97,1,1982,0.69
97,1,1983,0.72
97,1,1984,0.75
97,1,1985,0.74
97,1,1986,0.75
97,1,1987,0.78
97,1,1988,0.8
97,1,1989,0.81
97,1,1990,0.82
97,1,1991,0.82
97,1,1992,0.84
97,1,1993,0.85
97,1,1994,0.84
97,1,1995,0.86
97,1,1996,0.86
97,1,1997,0.88
97,1,1998,0.85
97,1,1999,0.87
97,1,2000,0.97
97,1,2001,1.03
97,1,2002,1.1
97,1,2003,1.17
97,1,2004,1.23
97,1,2005,1.26
97,1,2006,1.31
97,1,2007,1.45
97,1,2008,1.48
97,1,2009,1.48
97,1,2010,1.6
97,1,2011,1.74
97,1,2012,1.8
97,1,2013,1.8
97,1,2014,1.77
97,1,2015,1.71
97,1,2016,1.62
97,1,2017,1.56
97,1,2018,1.71
97,1,2019,1.85
97,1,2020,1.8
97,1,2021,1.87
97,1,2022,2.09
97,1,2023,1.94
97,2,1980,0.37
97,2,1981,0.36
97,2,1982,0.35
97,2,1983,0.36
97,2,1984,0.37
97,2,1985,0.37
97,2,1986,0.36
97,2,1987,0.37
97,2,1988,0.38
97,2,1989,0.37
97,2,1990,0.38
97,2,1991,0.37
97,2,1992,0.38
97,2,1993,0.39
97,2,1994,0.38
97,2,1995,0.39
97,2,1996,0.39
97,2,1997,0.39
97,2,1998,0.39
97,2,1999,0.42
97,2,2000,0.46
97,2,2001,0.48
97,2,2002,0.51
97,2,2003,0.53
97,2,2004,0.51
97,2,2005,0.49
97,2,2006,0.54
97,2,2007,0.58
97,2,2008,0.58
97,2,2009,0.6
97,2,2010,0.66
97,2,2011,0.72
97,2,2012,0.74
97,2,2013,0.74
97,2,2014,0.75
97,2,2015,0.73
97,2,2016,0.69
97,2,2017,0.67
97,2,2018,0.71
97,2,2019,0.77
97,2,2020,0.8
97,2,2021,0.81
97,2,2022,0.87
97,2,2023,0.83
98,1,1980,1.92
98,1,1981,1.9
98,1,1982,1.91
98,1,1983,1.96
98,1,1984,1.98
98,1,1985,2.01
98,1,1986,2
98,1,1987,2
98,1,1988,2.04
98,1,1989,2.1
98,1,1990,2.16
98,1,1991,2.15
98,1,1992,2.16
98,1,1993,2.19
98,1,1994,2.21
98,1,1995,2.25
98,1,1996,2.27
98,1,1997,2.26
98,1,1998,2.48
98,1,1999,2.27
98,1,2000,2.37
98,1,2001,2.4
98,1,2002,2.52
98,1,2003,2.7
98,1,2004,2.75
98,1,2005,2.86
98,1,2006,2.87
98,1,2007,2.78
98,1,2008,2.97
98,1,2009,3.07
98,1,2010,3.11
98,1,2011,3.44
98,1,2012,3.75
98,1,2013,3.75
98,1,2014,3.86
98,1,2015,4.11
98,1,2016,3.91
98,1,2017,3.99
98,1,2018,4.36
98,1,2019,4.57
98,1,2020,4.49
98,1,2021,4.35
98,1,2022,4.51
98,1,2023,4.45
98,2,1980,1.14
98,2,1981,1.13
98,2,1982,1.12
98,2,1983,1.14
98,2,1984,1.14
98,2,1985,1.15
98,2,1986,1.14
98,2,1987,1.14
98,2,1988,1.15
98,2,1989,1.16
98,2,1990,1.2
98,2,1991,1.21
98,2,1992,1.21
98,2,1993,1.22
98,2,1994,1.22
98,2,1995,1.24
98,2,1996,1.25
98,2,1997,1.23
98,2,1998,1.18
98,2,1999,1.24
98,2,2000,1.27
98,2,2001,1.32
98,2,2002,1.37
98,2,2003,1.37
98,2,2004,1.32
98,2,2005,1.31
98,2,2006,1.47
98,2,2007,1.63
98,2,2008,1.6
98,2,2009,1.57
98,2,2010,1.69
98,2,2011,1.89
98,2,2012,2.14
98,2,2013,2.09
98,2,2014,2.23
98,2,2015,2.33
98,2,2016,2.29
98,2,2017,2.38
98,2,2018,2.54
98,2,2019,2.8
98,2,2020,2.62
98,2,2021,2.45
98,2,2022,2.54
98,2,2023,2.58
99,1,1980,1.4
99,1,1981,1.4
99,1,1982,1.4
99,1,1983,1.43
99,1,1984,1.45
99,1,1985,1.45
99,1,1986,1.47
99,1,1987,1.5
99,1,1988,1.53
99,1,1989,1.54
99,1,1990,1.53
99,1,1991,1.53
99,1,1992,1.55
99,1,1993,1.59
99,1,1994,1.6
99,1,1995,1.63
99,1,1996,1.64
99,1,1997,1.66
99,1,1998,1.7
99,1,1999,1.72
99,1,2000,1.96
99,1,2001,2.01
99,1,2002,1.99
99,1,2003,2.28
99,1,2004,2.33
99,1,2005,2.49
99,1,2006,2.56
99,1,2007,2.62
99,1,2008,2.72
99,1,2009,2.82
99,1,2010,3.05
99,1,2011,3.3
99,1,2012,3.51
99,1,2013,3.38
99,1,2014,3.6
99,1,2015,3.48
99,1,2016,3.6
99,1,2017,3.86
99,1,2018,3.98
99,1,2019,4.18
99,1,2020,4.11
99,1,2021,4.44
99,1,2022,5.07
99,1,2023,4.67
99,2,1980,0.52
99,2,1981,0.51
99,2,1982,0.51
99,2,1983,0.52
99,2,1984,0.52
99,2,1985,0.52
99,2,1986,0.52
99,2,1987,0.53
99,2,1988,0.53
99,2,1989,0.53
99,2,1990,0.52
99,2,1991,0.52
99,2,1992,0.53
99,2,1993,0.53
99,2,1994,0.53
99,2,1995,0.54
99,2,1996,0.54
99,2,1997,0.54
99,2,1998,0.53
99,2,1999,0.53
99,2,2000,0.58
99,2,2001,0.62
99,2,2002,0.64
99,2,2003,0.66
99,2,2004,0.64
99,2,2005,0.64
99,2,2006,0.7
99,2,2007,0.72
99,2,2008,0.79
99,2,2009,0.81
99,2,2010,0.84
99,2,2011,0.96
99,2,2012,1.07
99,2,2013,1.05
99,2,2014,1.12
99,2,2015,1.2
99,2,2016,1.11
99,2,2017,1.09
99,2,2018,1.27
99,2,2019,1.4
99,2,2020,1.42
99,2,2021,1.55
99,2,2022,1.75
99,2,2023,1.68
101,1,1980,1.89
101,1,1981,2.05
101,1,1982,2.11
101,1,1983,1.92
101,1,1984,2.11
101,1,1985,2.13
101,1,1986,2.33
101,1,1987,2.46
101,1,1988,2.66
101,1,1989,2.65
101,1,1990,2.44
101,1,1991,2.43
101,1,1992,2.54
101,1,1993,2.69
101,1,1994,2.82
101,1,1995,2.85
101,1,1996,3.02
101,1,1997,3.16
101,1,1998,3.33
101,1,1999,3.4
101,1,2000,3.56
101,1,2001,3.73
101,1,2002,3.81
101,1,2003,3.93
101,1,2004,3.95
101,1,2005,4.21
101,1,2006,4.25
101,1,2007,4.44
101,1,2008,4.58
101,1,2009,4.68
101,1,2010,4.89
101,1,2011,5.1
101,1,2012,5.37
101,1,2013,5.47
101,1,2014,5.64
101,1,2015,5.88
101,1,2016,6
101,1,2017,6.08
101,1,2018,6.18
101,1,2019,6.21
101,1,2020,6.24
101,1,2021,6.28
101,1,2022,6.22
101,1,2023,6.39
101,2,1980,1.09
101,2,1981,1.18
101,2,1982,1.15
101,2,1983,1.06
101,2,1984,1.11
101,2,1985,1.15
101,2,1986,1.17
101,2,1987,1.19
101,2,1988,1.24
101,2,1989,1.25
101,2,1990,1.25
101,2,1991,1.19
101,2,1992,1.21
101,2,1993,1.26
101,2,1994,1.29
101,2,1995,1.31
101,2,1996,1.32
101,2,1997,1.35
101,2,1998,1.46
101,2,1999,1.54
101,2,2000,1.67
101,2,2001,1.68
101,2,2002,1.75
101,2,2003,1.79
101,2,2004,1.8
101,2,2005,1.88
101,2,2006,1.97
101,2,2007,2.04
101,2,2008,2.06
101,2,2009,2.13
101,2,2010,2.22
101,2,2011,2.35
101,2,2012,2.48
101,2,2013,2.63
101,2,2014,2.63
101,2,2015,2.72
101,2,2016,2.78
101,2,2017,2.84
101,2,2018,2.86
101,2,2019,2.87
101,2,2020,2.98
101,2,2021,3.01
101,2,2022,3.06
101,2,2023,3.12
102,1,1980,2.01
102,1,1981,2.1
102,1,1982,2.18
102,1,1983,2.32
102,1,1984,2.4
102,1,1985,2.47
102,1,1986,2.52
102,1,1987,2.58
102,1,1988,2.7
102,1,1989,2.79
102,1,1990,2.96
102,1,1991,3.02
102,1,1992,3.17
102,1,1993,3.32
102,1,1994,3.41
102,1,1995,3.55
102,1,1996,3.67
102,1,1997,3.74
102,1,1998,3.83
102,1,1999,3.96
102,1,2000,4.13
102,1,2001,4.23
102,1,2002,4.34
102,1,2003,4.48
102,1,2004,4.49
102,1,2005,4.62
102,1,2006,4.65
102,1,2007,4.76
102,1,2008,5
102,1,2009,5.14
102,1,2010,5.32
102,1,2011,5.44
102,1,2012,5.53
102,1,2013,5.64
102,1,2014,5.64
102,1,2015,5.79
102,1,2016,5.97
102,1,2017,6.07
102,1,2018,6.1
102,1,2019,6.08
102,1,2020,6.11
102,1,2021,6.08
102,1,2022,6.05
102,1,2023,6.08
102,2,1980,1.04
102,2,1981,1
102,2,1982,1.01
102,2,1983,1.06
102,2,1984,1.1
102,2,1985,1.14
102,2,1986,1.14
102,2,1987,1.16
102,2,1988,1.19
102,2,1989,1.23
102,2,1990,1.3
102,2,1991,1.35
102,2,1992,1.4
102,2,1993,1.46
102,2,1994,1.48
102,2,1995,1.55
102,2,1996,1.58
102,2,1997,1.62
102,2,1998,1.65
102,2,1999,1.75
102,2,2000,1.8
102,2,2001,1.81
102,2,2002,1.86
102,2,2003,1.9
102,2,2004,1.89
102,2,2005,1.91
102,2,2006,1.95
102,2,2007,1.96
102,2,2008,2.01
102,2,2009,2.07
102,2,2010,2.15
102,2,2011,2.22
102,2,2012,2.26
102,2,2013,2.3
102,2,2014,2.33
102,2,2015,2.42
102,2,2016,2.53
102,2,2017,2.59
102,2,2018,2.61
102,2,2019,2.63
102,2,2020,2.74
102,2,2021,2.77
102,2,2022,2.82
102,2,2023,2.81
105,1,1980,3.52
105,1,1981,3.56
105,1,1982,3.62
105,1,1983,3.67
105,1,1984,3.49
105,1,1985,3.45
105,1,1986,3.43
105,1,1987,3.41
105,1,1988,3.46
105,1,1989,3.52
105,1,1990,3.58
105,1,1991,3.54
105,1,1992,3.49
105,1,1993,3.43
105,1,1994,3.46
105,1,1995,3.51
105,1,1996,3.7
105,1,1997,3.87
105,1,1998,3.66
105,1,1999,3.95
105,1,2000,3.57
105,1,2001,3.46
105,1,2002,3.41
105,1,2003,3.42
105,1,2004,2.98
105,1,2005,2.85
105,1,2006,2.81
105,1,2007,2.79
105,1,2008,2.94
105,1,2009,3
105,1,2010,2.93
105,1,2011,2.98
105,1,2012,2.88
105,1,2013,2.99
105,1,2014,2.86
105,1,2015,3.2
105,1,2016,3.29
105,1,2017,3.03
105,1,2018,2.97
105,1,2019,2.88
105,1,2020,2.72
105,1,2021,2.45
105,1,2022,2.49
105,1,2023,2.66
105,2,1980,2.68
105,2,1981,2.68
105,2,1982,2.68
105,2,1983,2.71
105,2,1984,2.68
105,2,1985,2.67
105,2,1986,2.65
105,2,1987,2.63
105,2,1988,2.59
105,2,1989,2.57
105,2,1990,2.48
105,2,1991,2.42
105,2,1992,2.34
105,2,1993,2.27
105,2,1994,2.26
105,2,1995,2.29
105,2,1996,2.37
105,2,1997,2.38
105,2,1998,2.36
105,2,1999,2.35
105,2,2000,2.09
105,2,2001,1.87
105,2,2002,1.9
105,2,2003,1.87
105,2,2004,1.78
105,2,2005,1.75
105,2,2006,1.63
105,2,2007,1.65
105,2,2008,1.62
105,2,2009,1.66
105,2,2010,1.7
105,2,2011,1.79
105,2,2012,1.77
105,2,2013,1.67
105,2,2014,1.6
105,2,2015,1.58
105,2,2016,1.68
105,2,2017,1.64
105,2,2018,1.64
105,2,2019,1.61
105,2,2020,1.62
105,2,2021,1.58
105,2,2022,1.65
105,2,2023,1.76
106,1,1980,3.32
106,1,1981,3.35
106,1,1982,3.39
106,1,1983,3.43
106,1,1984,3.5
106,1,1985,3.43
106,1,1986,3.49
106,1,1987,3.59
106,1,1988,3.75
106,1,1989,3.93
106,1,1990,4.03
106,1,1991,4.13
106,1,1992,4.23
106,1,1993,4.31
106,1,1994,4.38
106,1,1995,4.42
106,1,1996,4.4
106,1,1997,4.49
106,1,1998,4.57
106,1,1999,4.66
106,1,2000,4.24
106,1,2001,4.19
106,1,2002,4.07
106,1,2003,4.24
106,1,2004,3.75
106,1,2005,3.6
106,1,2006,3.62
106,1,2007,3.5
106,1,2008,3.69
106,1,2009,3.95
106,1,2010,3.89
106,1,2011,3.93
106,1,2012,3.78
106,1,2013,3.91
106,1,2014,3.75
106,1,2015,4.09
106,1,2016,4.16
106,1,2017,4.24
106,1,2018,4.32
106,1,2019,4.59
106,1,2020,4.89
106,1,2021,6.17
106,1,2022,5.07
106,1,2023,4.91
106,2,1980,2.22
106,2,1981,2.22
106,2,1982,2.26
106,2,1983,2.32
106,2,1984,2.29
106,2,1985,2.15
106,2,1986,2.08
106,2,1987,2.03
106,2,1988,2.05
106,2,1989,2.1
106,2,1990,2.16
106,2,1991,2.17
106,2,1992,2.19
106,2,1993,2.22
106,2,1994,2.26
106,2,1995,2.26
106,2,1996,2.28
106,2,1997,2.28
106,2,1998,2.32
106,2,1999,2.37
106,2,2000,2.14
106,2,2001,1.92
106,2,2002,1.96
106,2,2003,2.01
106,2,2004,1.9
106,2,2005,1.92
106,2,2006,1.82
106,2,2007,1.88
106,2,2008,1.93
106,2,2009,2.03
106,2,2010,2.05
106,2,2011,2.17
106,2,2012,2.06
106,2,2013,1.96
106,2,2014,1.88
106,2,2015,1.79
106,2,2016,1.82
106,2,2017,1.84
106,2,2018,1.86
106,2,2019,2
106,2,2020,1.96
106,2,2021,2.36
106,2,2022,2.05
106,2,2023,2.03
107,1,1980,1.98
107,1,1981,2.04
107,1,1982,2.05
107,1,1983,2.03
107,1,1984,2.04
107,1,1985,2.06
107,1,1986,2.12
107,1,1987,2.14
107,1,1988,2.17
107,1,1989,2.22
107,1,1990,2.26
107,1,1991,2.31
107,1,1992,2.33
107,1,1993,2.34
107,1,1994,2.35
107,1,1995,2.35
107,1,1996,2.37
107,1,1997,2.43
107,1,1998,2.5
107,1,1999,2.53
107,1,2000,2.53
107,1,2001,2.49
107,1,2002,2.5
107,1,2003,2.59
107,1,2004,2.37
107,1,2005,2.3
107,1,2006,2.23
107,1,2007,2.2
107,1,2008,2.32
107,1,2009,2.41
107,1,2010,2.33
107,1,2011,2.33
107,1,2012,2.18
107,1,2013,2.32
107,1,2014,2.36
107,1,2015,2.39
107,1,2016,2.45
107,1,2017,2.51
107,1,2018,2.55
107,1,2019,2.61
107,1,2020,2.75
107,1,2021,2.91
107,1,2022,3.06
107,1,2023,3.15
107,2,1980,1.59
107,2,1981,1.61
107,2,1982,1.6
107,2,1983,1.6
107,2,1984,1.6
107,2,1985,1.58
107,2,1986,1.59
107,2,1987,1.57
107,2,1988,1.6
107,2,1989,1.62
107,2,1990,1.67
107,2,1991,1.68
107,2,1992,1.72
107,2,1993,1.73
107,2,1994,1.77
107,2,1995,1.8
107,2,1996,1.81
107,2,1997,1.81
107,2,1998,1.76
107,2,1999,1.74
107,2,2000,1.75
107,2,2001,1.63
107,2,2002,1.67
107,2,2003,1.66
107,2,2004,1.63
107,2,2005,1.6
107,2,2006,1.5
107,2,2007,1.56
107,2,2008,1.56
107,2,2009,1.59
107,2,2010,1.61
107,2,2011,1.68
107,2,2012,1.62
107,2,2013,1.63
107,2,2014,1.66
107,2,2015,1.69
107,2,2016,1.72
107,2,2017,1.74
107,2,2018,1.77
107,2,2019,1.81
107,2,2020,1.88
107,2,2021,1.98
107,2,2022,2.05
107,2,2023,2.12
108,1,1980,2.43
108,1,1981,2.45
108,1,1982,2.48
108,1,1983,2.52
108,1,1984,2.52
108,1,1985,2.54
108,1,1986,2.57
108,1,1987,2.67
108,1,1988,2.64
108,1,1989,2.62
108,1,1990,2.73
108,1,1991,2.7
108,1,1992,2.66
108,1,1993,2.67
108,1,1994,2.78
108,1,1995,2.84
108,1,1996,2.88
108,1,1997,2.84
108,1,1998,2.8
108,1,1999,3.18
108,1,2000,3.08
108,1,2001,3
108,1,2002,2.93
108,1,2003,2.92
108,1,2004,2.54
108,1,2005,2.35
108,1,2006,2.3
108,1,2007,2.28
108,1,2008,2.38
108,1,2009,2.55
108,1,2010,2.47
108,1,2011,2.49
108,1,2012,2.37
108,1,2013,2.44
108,1,2014,2.4
108,1,2015,2.66
108,1,2016,2.81
108,1,2017,2.79
108,1,2018,2.79
108,1,2019,2.81
108,1,2020,2.82
108,1,2021,2.88
108,1,2022,2.78
108,1,2023,2.91
108,2,1980,2.51
108,2,1981,2.43
108,2,1982,2.39
108,2,1983,2.37
108,2,1984,2.39
108,2,1985,2.4
108,2,1986,2.41
108,2,1987,2.46
108,2,1988,2.49
108,2,1989,2.48
108,2,1990,2.43
108,2,1991,2.4
108,2,1992,2.37
108,2,1993,2.39
108,2,1994,2.41
108,2,1995,2.43
108,2,1996,2.45
108,2,1997,2.46
108,2,1998,2.5
108,2,1999,2.68
108,2,2000,2.44
108,2,2001,2.24
108,2,2002,2.32
108,2,2003,2.26
108,2,2004,2.16
108,2,2005,2.15
108,2,2006,2.07
108,2,2007,2.11
108,2,2008,2.1
108,2,2009,2.17
108,2,2010,2.2
108,2,2011,2.29
108,2,2012,2.22
108,2,2013,2.06
108,2,2014,1.94
108,2,2015,1.92
108,2,2016,2.14
108,2,2017,2.12
108,2,2018,2.12
108,2,2019,2.13
108,2,2020,2.14
108,2,2021,2.16
108,2,2022,2.09
108,2,2023,2.18
109,1,1980,1.7
109,1,1981,1.71
109,1,1982,1.73
109,1,1983,1.74
109,1,1984,1.75
109,1,1985,1.77
109,1,1986,1.79
109,1,1987,1.82
109,1,1988,1.82
109,1,1989,1.86
109,1,1990,1.87
109,1,1991,1.9
109,1,1992,1.93
109,1,1993,1.97
109,1,1994,1.98
109,1,1995,2.02
109,1,1996,2.08
109,1,1997,2.11
109,1,1998,2.04
109,1,1999,2.13
109,1,2000,1.85
109,1,2001,1.67
109,1,2002,1.6
109,1,2003,1.61
109,1,2004,1.44
109,1,2005,1.44
109,1,2006,1.44
109,1,2007,1.4
109,1,2008,1.43
109,1,2009,1.52
109,1,2010,1.43
109,1,2011,1.46
109,1,2012,1.39
109,1,2013,1.52
109,1,2014,1.54
109,1,2015,1.69
109,1,2016,1.74
109,1,2017,1.7
109,1,2018,1.72
109,1,2019,1.75
109,1,2020,1.63
109,1,2021,1.68
109,1,2022,1.4
109,1,2023,1.5
109,2,1980,1.51
109,2,1981,1.53
109,2,1982,1.55
109,2,1983,1.57
109,2,1984,1.56
109,2,1985,1.55
109,2,1986,1.57
109,2,1987,1.57
109,2,1988,1.57
109,2,1989,1.62
109,2,1990,1.62
109,2,1991,1.65
109,2,1992,1.69
109,2,1993,1.7
109,2,1994,1.72
109,2,1995,1.75
109,2,1996,1.79
109,2,1997,1.81
109,2,1998,1.85
109,2,1999,1.91
109,2,2000,1.62
109,2,2001,1.34
109,2,2002,1.25
109,2,2003,1.17
109,2,2004,1.17
109,2,2005,1.25
109,2,2006,1.22
109,2,2007,1.23
109,2,2008,1.23
109,2,2009,1.23
109,2,2010,1.25
109,2,2011,1.32
109,2,2012,1.22
109,2,2013,1.17
109,2,2014,1.14
109,2,2015,1.13
109,2,2016,1.24
109,2,2017,1.24
109,2,2018,1.2
109,2,2019,1.14
109,2,2020,1.14
109,2,2021,1.27
109,2,2022,1.06
109,2,2023,1.12
110,1,1980,2.47
110,1,1981,2.49
110,1,1982,2.51
110,1,1983,2.53
110,1,1984,2.52
110,1,1985,2.51
110,1,1986,2.5
110,1,1987,2.48
110,1,1988,2.48
110,1,1989,2.49
110,1,1990,2.52
110,1,1991,2.56
110,1,1992,2.62
110,1,1993,2.68
110,1,1994,2.73
110,1,1995,2.77
110,1,1996,2.82
110,1,1997,2.81
110,1,1998,2.87
110,1,1999,2.85
110,1,2000,2.83
110,1,2001,2.82
110,1,2002,2.79
110,1,2003,2.78
110,1,2004,2.73
110,1,2005,2.7
110,1,2006,2.68
110,1,2007,2.67
110,1,2008,2.7
110,1,2009,2.74
110,1,2010,2.8
110,1,2011,2.82
110,1,2012,2.84
110,1,2013,2.86
110,1,2014,2.87
110,1,2015,2.88
110,1,2016,2.9
110,1,2017,2.9
110,1,2018,2.9
110,1,2019,2.94
110,1,2020,3.08
110,1,2021,3.09
110,1,2022,3.01
110,1,2023,3.15
110,2,1980,1.57
110,2,1981,1.57
110,2,1982,1.57
110,2,1983,1.58
110,2,1984,1.59
110,2,1985,1.6
110,2,1986,1.61
110,2,1987,1.62
110,2,1988,1.64
110,2,1989,1.65
110,2,1990,1.67
110,2,1991,1.68
110,2,1992,1.68
110,2,1993,1.69
110,2,1994,1.69
110,2,1995,1.69
110,2,1996,1.69
110,2,1997,1.68
110,2,1998,1.68
110,2,1999,1.67
110,2,2000,1.65
110,2,2001,1.63
110,2,2002,1.63
110,2,2003,1.65
110,2,2004,1.66
110,2,2005,1.65
110,2,2006,1.65
110,2,2007,1.65
110,2,2008,1.67
110,2,2009,1.68
110,2,2010,1.7
110,2,2011,1.7
110,2,2012,1.69
110,2,2013,1.67
110,2,2014,1.66
110,2,2015,1.64
110,2,2016,1.66
110,2,2017,1.65
110,2,2018,1.63
110,2,2019,1.64
110,2,2020,1.69
110,2,2021,1.66
110,2,2022,1.64
110,2,2023,1.73
111,1,1980,3.1
111,1,1981,3.02
111,1,1982,2.92
111,1,1983,2.85
111,1,1984,2.76
111,1,1985,2.68
111,1,1986,2.65
111,1,1987,2.57
111,1,1988,2.51
111,1,1989,2.49
111,1,1990,2.44
111,1,1991,2.42
111,1,1992,2.38
111,1,1993,2.34
111,1,1994,2.29
111,1,1995,2.24
111,1,1996,2.21
111,1,1997,2.16
111,1,1998,2.11
111,1,1999,2.06
111,1,2000,2
111,1,2001,1.92
111,1,2002,1.81
111,1,2003,1.77
111,1,2004,1.75
111,1,2005,1.75
111,1,2006,1.77
111,1,2007,1.8
111,1,2008,1.85
111,1,2009,1.89
111,1,2010,1.95
111,1,2011,2.03
111,1,2012,2.07
111,1,2013,2.09
111,1,2014,2.08
111,1,2015,2.19
111,1,2016,2.3
111,1,2017,2.42
111,1,2018,2.56
111,1,2019,2.69
111,1,2020,3.04
111,1,2021,3.1
111,1,2022,3.18
111,1,2023,3.28
111,2,1980,2.02
111,2,1981,1.94
111,2,1982,1.89
111,2,1983,1.84
111,2,1984,1.77
111,2,1985,1.73
111,2,1986,1.69
111,2,1987,1.63
111,2,1988,1.56
111,2,1989,1.53
111,2,1990,1.5
111,2,1991,1.45
111,2,1992,1.4
111,2,1993,1.35
111,2,1994,1.32
111,2,1995,1.29
111,2,1996,1.28
111,2,1997,1.26
111,2,1998,1.25
111,2,1999,1.25
111,2,2000,1.25
111,2,2001,1.25
111,2,2002,1.22
111,2,2003,1.2
111,2,2004,1.2
111,2,2005,1.2
111,2,2006,1.2
111,2,2007,1.23
111,2,2008,1.26
111,2,2009,1.3
111,2,2010,1.34
111,2,2011,1.38
111,2,2012,1.41
111,2,2013,1.42
111,2,2014,1.44
111,2,2015,1.5
111,2,2016,1.56
111,2,2017,1.63
111,2,2018,1.68
111,2,2019,1.71
111,2,2020,1.72
111,2,2021,1.8
111,2,2022,1.86
111,2,2023,1.94
112,1,1980,2.1
112,1,1981,2.11
112,1,1982,2.11
112,1,1983,2.1
112,1,1984,2.11
112,1,1985,2.1
112,1,1986,2.12
112,1,1987,2.16
112,1,1988,2.17
112,1,1989,2.1
112,1,1990,2.13
112,1,1991,2.08
112,1,1992,2.04
112,1,1993,2
112,1,1994,2.03
112,1,1995,2.08
112,1,1996,2.14
112,1,1997,2.19
112,1,1998,2.23
112,1,1999,2.23
112,1,2000,2.24
112,1,2001,2.27
112,1,2002,2.19
112,1,2003,2.3
112,1,2004,2
112,1,2005,1.91
112,1,2006,1.86
112,1,2007,1.78
112,1,2008,1.89
112,1,2009,1.94
112,1,2010,1.87
112,1,2011,1.87
112,1,2012,1.79
112,1,2013,1.88
112,1,2014,1.82
112,1,2015,1.97
112,1,2016,2.06
112,1,2017,1.99
112,1,2018,2.04
112,1,2019,2.02
112,1,2020,1.88
112,1,2021,1.8
112,1,2022,1.66
112,1,2023,1.7
112,2,1980,1.33
112,2,1981,1.33
112,2,1982,1.33
112,2,1983,1.33
112,2,1984,1.32
112,2,1985,1.32
112,2,1986,1.33
112,2,1987,1.33
112,2,1988,1.33
112,2,1989,1.44
112,2,1990,1.37
112,2,1991,1.34
112,2,1992,1.34
112,2,1993,1.34
112,2,1994,1.35
112,2,1995,1.38
112,2,1996,1.44
112,2,1997,1.45
112,2,1998,1.48
112,2,1999,1.55
112,2,2000,1.57
112,2,2001,1.58
112,2,2002,1.66
112,2,2003,1.62
112,2,2004,1.56
112,2,2005,1.53
112,2,2006,1.45
112,2,2007,1.49
112,2,2008,1.5
112,2,2009,1.55
112,2,2010,1.59
112,2,2011,1.66
112,2,2012,1.58
112,2,2013,1.46
112,2,2014,1.38
112,2,2015,1.32
112,2,2016,1.43
112,2,2017,1.38
112,2,2018,1.39
112,2,2019,1.42
112,2,2020,1.4
112,2,2021,1.41
112,2,2022,1.47
112,2,2023,1.55
113,1,1980,2.28
113,1,1981,2.3
113,1,1982,2.31
113,1,1983,2.32
113,1,1984,2.3
113,1,1985,2.35
113,1,1986,2.35
113,1,1987,2.36
113,1,1988,2.42
113,1,1989,2.33
113,1,1990,2.49
113,1,1991,2.58
113,1,1992,2.65
113,1,1993,2.74
113,1,1994,2.84
113,1,1995,2.75
113,1,1996,2.87
113,1,1997,2.91
113,1,1998,2.59
113,1,1999,2.89
113,1,2000,3.04
113,1,2001,2.77
113,1,2002,2.72
113,1,2003,2.8
113,1,2004,2.52
113,1,2005,2.35
113,1,2006,2.34
113,1,2007,2.34
113,1,2008,2.62
113,1,2009,2.89
113,1,2010,2.67
113,1,2011,2.66
113,1,2012,2.54
113,1,2013,2.67
113,1,2014,2.63
113,1,2015,2.73
113,1,2016,2.83
113,1,2017,2.65
113,1,2018,2.56
113,1,2019,2.58
113,1,2020,3.08
113,1,2021,3.18
113,1,2022,3.3
113,1,2023,4.01
113,2,1980,2.34
113,2,1981,2.33
113,2,1982,2.32
113,2,1983,2.28
113,2,1984,2.25
113,2,1985,2.24
113,2,1986,2.2
113,2,1987,2.16
113,2,1988,2.19
113,2,1989,2.16
113,2,1990,2.27
113,2,1991,2.32
113,2,1992,2.35
113,2,1993,2.38
113,2,1994,2.43
113,2,1995,2.39
113,2,1996,2.47
113,2,1997,2.5
113,2,1998,2.25
113,2,1999,2.42
113,2,2000,2.41
113,2,2001,2.07
113,2,2002,2.11
113,2,2003,2.07
113,2,2004,1.96
113,2,2005,1.97
113,2,2006,1.86
113,2,2007,1.91
113,2,2008,1.98
113,2,2009,2.09
113,2,2010,2.01
113,2,2011,2.2
113,2,2012,2.15
113,2,2013,1.93
113,2,2014,1.88
113,2,2015,1.82
113,2,2016,1.88
113,2,2017,1.75
113,2,2018,1.81
113,2,2019,1.94
113,2,2020,2.24
113,2,2021,2.32
113,2,2022,2.4
113,2,2023,2.77
114,1,1980,1.93
114,1,1981,1.92
114,1,1982,1.92
114,1,1983,1.92
114,1,1984,1.89
114,1,1985,1.94
114,1,1986,1.95
114,1,1987,1.95
114,1,1988,1.96
114,1,1989,1.96
114,1,1990,2
114,1,1991,1.98
114,1,1992,2.05
114,1,1993,2.1
114,1,1994,2.05
114,1,1995,2.08
114,1,1996,2.1
114,1,1997,2.17
114,1,1998,2.08
114,1,1999,2.11
114,1,2000,2.09
114,1,2001,2.12
114,1,2002,2.11
114,1,2003,2.11
114,1,2004,2.13
114,1,2005,2.11
114,1,2006,2.12
114,1,2007,2.14
114,1,2008,2.14
114,1,2009,2.14
114,1,2010,2.16
114,1,2011,2.21
114,1,2012,2.24
114,1,2013,2.29
114,1,2014,2.29
114,1,2015,2.3
114,1,2016,2.34
114,1,2017,2.34
114,1,2018,2.38
114,1,2019,2.44
114,1,2020,2.47
114,1,2021,2.57
114,1,2022,2.66
114,1,2023,2.78
114,2,1980,2.39
114,2,1981,2.37
114,2,1982,2.35
114,2,1983,2.34
114,2,1984,2.27
114,2,1985,2.28
114,2,1986,2.22
114,2,1987,2.16
114,2,1988,2.09
114,2,1989,2.02
114,2,1990,1.99
114,2,1991,1.91
114,2,1992,1.94
114,2,1993,1.93
114,2,1994,1.86
114,2,1995,1.87
114,2,1996,1.86
114,2,1997,1.9
114,2,1998,1.82
114,2,1999,1.85
114,2,2000,1.84
114,2,2001,1.85
114,2,2002,1.83
114,2,2003,1.83
114,2,2004,1.84
114,2,2005,1.82
114,2,2006,1.82
114,2,2007,1.85
114,2,2008,1.85
114,2,2009,1.86
114,2,2010,1.86
114,2,2011,1.9
114,2,2012,1.94
114,2,2013,2
114,2,2014,2.01
114,2,2015,2.02
114,2,2016,2.05
114,2,2017,2.07
114,2,2018,2.11
114,2,2019,2.16
114,2,2020,2.12
114,2,2021,2.21
114,2,2022,2.35
114,2,2023,2.46
115,1,1980,1.49
115,1,1981,1.42
115,1,1982,1.47
115,1,1983,1.41
115,1,1984,1.41
115,1,1985,1.46
115,1,1986,1.51
115,1,1987,1.41
115,1,1988,1.54
115,1,1989,1.51
115,1,1990,1.54
115,1,1991,1.66
115,1,1992,1.65
115,1,1993,1.69
115,1,1994,1.74
115,1,1995,1.75
115,1,1996,1.62
115,1,1997,1.6
115,1,1998,1.67
115,1,1999,1.7
115,1,2000,1.78
115,1,2001,1.79
115,1,2002,1.83
115,1,2003,1.88
115,1,2004,1.63
115,1,2005,1.52
115,1,2006,1.4
115,1,2007,1.5
115,1,2008,1.86
115,1,2009,1.77
115,1,2010,1.82
115,1,2011,1.71
115,1,2012,1.71
115,1,2013,1.85
115,1,2014,1.84
115,1,2015,1.97
115,1,2016,2.09
115,1,2017,2.16
115,1,2018,2.21
115,1,2019,2.25
115,1,2020,2.32
115,1,2021,2.46
115,1,2022,2.4
115,1,2023,2.35
115,2,1980,1.22
115,2,1981,1.18
115,2,1982,1.17
115,2,1983,1.17
115,2,1984,1.14
115,2,1985,1.15
115,2,1986,1.17
115,2,1987,1.14
115,2,1988,1.14
115,2,1989,1.14
115,2,1990,1.15
115,2,1991,1.18
115,2,1992,1.17
115,2,1993,1.18
115,2,1994,1.19
115,2,1995,1.21
115,2,1996,1.2
115,2,1997,1.21
115,2,1998,1.24
115,2,1999,1.27
115,2,2000,1.3
115,2,2001,1.23
115,2,2002,1.31
115,2,2003,1.31
115,2,2004,1.24
115,2,2005,1.22
115,2,2006,1.04
115,2,2007,1.08
115,2,2008,1.2
115,2,2009,1.22
115,2,2010,1.25
115,2,2011,1.37
115,2,2012,1.4
115,2,2013,1.31
115,2,2014,1.31
115,2,2015,1.33
115,2,2016,1.35
115,2,2017,1.35
115,2,2018,1.35
115,2,2019,1.36
115,2,2020,1.37
115,2,2021,1.43
115,2,2022,1.43
115,2,2023,1.48
116,1,1980,2.37
116,1,1981,2.33
116,1,1982,2.29
116,1,1983,2.23
116,1,1984,2.24
116,1,1985,2.2
116,1,1986,2.22
116,1,1987,2.19
116,1,1988,2.16
116,1,1989,2.17
116,1,1990,2.18
116,1,1991,2.17
116,1,1992,2.16
116,1,1993,2.17
116,1,1994,2.2
116,1,1995,2.24
116,1,1996,2.27
116,1,1997,2.26
116,1,1998,2.11
116,1,1999,2.26
116,1,2000,2.19
116,1,2001,2.12
116,1,2002,2.02
116,1,2003,2.13
116,1,2004,1.85
116,1,2005,1.77
116,1,2006,1.77
116,1,2007,1.8
116,1,2008,1.84
116,1,2009,1.89
116,1,2010,1.82
116,1,2011,1.83
116,1,2012,1.72
116,1,2013,1.82
116,1,2014,1.75
116,1,2015,1.88
116,1,2016,1.92
116,1,2017,1.82
116,1,2018,1.77
116,1,2019,1.75
116,1,2020,1.68
116,1,2021,1.76
116,1,2022,1.71
116,1,2023,1.79
116,2,1980,1.77
116,2,1981,1.79
116,2,1982,1.76
116,2,1983,1.72
116,2,1984,1.68
116,2,1985,1.56
116,2,1986,1.55
116,2,1987,1.55
116,2,1988,1.56
116,2,1989,1.56
116,2,1990,1.57
116,2,1991,1.56
116,2,1992,1.55
116,2,1993,1.55
116,2,1994,1.59
116,2,1995,1.63
116,2,1996,1.68
116,2,1997,1.7
116,2,1998,1.64
116,2,1999,1.67
116,2,2000,1.5
116,2,2001,1.36
116,2,2002,1.37
116,2,2003,1.33
116,2,2004,1.27
116,2,2005,1.26
116,2,2006,1.19
116,2,2007,1.18
116,2,2008,1.19
116,2,2009,1.19
116,2,2010,1.21
116,2,2011,1.27
116,2,2012,1.21
116,2,2013,1.12
116,2,2014,1.11
116,2,2015,1.06
116,2,2016,1.12
116,2,2017,1.05
116,2,2018,1.02
116,2,2019,0.99
116,2,2020,1
116,2,2021,1.05
116,2,2022,1.07
116,2,2023,1.13
117,1,1980,3.07
117,1,1981,3.09
117,1,1982,3.11
117,1,1983,3.05
117,1,1984,3.06
117,1,1985,3.11
117,1,1986,3.1
117,1,1987,3.14
117,1,1988,3.25
117,1,1989,3.38
117,1,1990,3.48
117,1,1991,3.6
117,1,1992,3.69
117,1,1993,3.66
117,1,1994,3.71
117,1,1995,3.76
117,1,1996,3.72
117,1,1997,3.75
117,1,1998,3.54
117,1,1999,3.82
117,1,2000,3.59
117,1,2001,3.51
117,1,2002,3.41
117,1,2003,3.53
117,1,2004,3.1
117,1,2005,2.94
117,1,2006,2.86
117,1,2007,2.82
117,1,2008,2.93
117,1,2009,3.02
117,1,2010,3
117,1,2011,3.17
117,1,2012,3.06
117,1,2013,3.22
117,1,2014,3.01
117,1,2015,3.28
117,1,2016,3.45
117,1,2017,3.37
117,1,2018,3.34
117,1,2019,3.31
117,1,2020,3.01
117,1,2021,2.6
117,1,2022,2.63
117,1,2023,2.79
117,2,1980,1.8
117,2,1981,1.79
117,2,1982,1.78
117,2,1983,1.74
117,2,1984,1.71
117,2,1985,1.67
117,2,1986,1.63
117,2,1987,1.6
117,2,1988,1.62
117,2,1989,1.62
117,2,1990,1.64
117,2,1991,1.7
117,2,1992,1.75
117,2,1993,1.75
117,2,1994,1.78
117,2,1995,1.76
117,2,1996,1.79
117,2,1997,1.83
117,2,1998,1.81
117,2,1999,1.88
117,2,2000,1.72
117,2,2001,1.53
117,2,2002,1.55
117,2,2003,1.52
117,2,2004,1.46
117,2,2005,1.45
117,2,2006,1.36
117,2,2007,1.36
117,2,2008,1.36
117,2,2009,1.45
117,2,2010,1.48
117,2,2011,1.61
117,2,2012,1.55
117,2,2013,1.44
117,2,2014,1.36
117,2,2015,1.34
117,2,2016,1.43
117,2,2017,1.34
117,2,2018,1.32
117,2,2019,1.33
117,2,2020,1.26
117,2,2021,1.15
117,2,2022,1.19
117,2,2023,1.27
118,1,1980,3.43
118,1,1981,3.49
118,1,1982,3.45
118,1,1983,3.43
118,1,1984,3.39
118,1,1985,3.42
118,1,1986,3.56
118,1,1987,3.61
118,1,1988,3.56
118,1,1989,3.38
118,1,1990,3.38
118,1,1991,3.38
118,1,1992,3.4
118,1,1993,3.27
118,1,1994,3.39
118,1,1995,3.7
118,1,1996,3.79
118,1,1997,3.75
118,1,1998,3.65
118,1,1999,3.63
118,1,2000,3.48
118,1,2001,3.48
118,1,2002,3.47
118,1,2003,3.42
118,1,2004,3.39
118,1,2005,3.42
118,1,2006,3.45
118,1,2007,3.49
118,1,2008,3.51
118,1,2009,3.54
118,1,2010,3.54
118,1,2011,3.56
118,1,2012,3.58
118,1,2013,3.58
118,1,2014,3.58
118,1,2015,3.53
118,1,2016,3.55
118,1,2017,3.56
118,1,2018,3.53
118,1,2019,3.55
118,1,2020,3.6
118,1,2021,4.01
118,1,2022,3.48
118,1,2023,3.53
118,2,1980,1.83
118,2,1981,1.82
118,2,1982,1.84
118,2,1983,1.86
118,2,1984,1.86
118,2,1985,1.84
118,2,1986,1.84
118,2,1987,1.83
118,2,1988,1.8
118,2,1989,1.74
118,2,1990,1.71
118,2,1991,1.71
118,2,1992,1.72
118,2,1993,1.71
118,2,1994,1.73
118,2,1995,1.77
118,2,1996,1.82
118,2,1997,1.83
118,2,1998,1.82
118,2,1999,1.81
118,2,2000,1.69
118,2,2001,1.64
118,2,2002,1.66
118,2,2003,1.65
118,2,2004,1.65
118,2,2005,1.65
118,2,2006,1.65
118,2,2007,1.67
118,2,2008,1.68
118,2,2009,1.71
118,2,2010,1.74
118,2,2011,1.78
118,2,2012,1.78
118,2,2013,1.77
118,2,2014,1.75
118,2,2015,1.75
118,2,2016,1.75
118,2,2017,1.74
118,2,2018,1.73
118,2,2019,1.74
118,2,2020,1.75
118,2,2021,1.88
118,2,2022,1.77
118,2,2023,1.8
119,1,1980,2.08
119,1,1981,2.15
119,1,1982,2.09
119,1,1983,2.15
119,1,1984,2.17
119,1,1985,2.2
119,1,1986,2.29
119,1,1987,2.29
119,1,1988,2.36
119,1,1989,2.36
119,1,1990,2.44
119,1,1991,2.5
119,1,1992,2.48
119,1,1993,2.47
119,1,1994,2.5
119,1,1995,2.61
119,1,1996,2.59
119,1,1997,2.69
119,1,1998,2.68
119,1,1999,2.7
119,1,2000,2.48
119,1,2001,2.44
119,1,2002,2.4
119,1,2003,2.48
119,1,2004,2.17
119,1,2005,2.05
119,1,2006,2.07
119,1,2007,1.97
119,1,2008,2.09
119,1,2009,2.23
119,1,2010,2.2
119,1,2011,2.2
119,1,2012,1.99
119,1,2013,2.01
119,1,2014,2.05
119,1,2015,2.11
119,1,2016,2.16
119,1,2017,2.21
119,1,2018,2.27
119,1,2019,2.35
119,1,2020,2.48
119,1,2021,2.86
119,1,2022,2.84
119,1,2023,2.81
119,2,1980,2.19
119,2,1981,2.21
119,2,1982,2.18
119,2,1983,2.25
119,2,1984,2.22
119,2,1985,2.2
119,2,1986,2.23
119,2,1987,2.23
119,2,1988,2.19
119,2,1989,2.21
119,2,1990,2.3
119,2,1991,2.32
119,2,1992,2.35
119,2,1993,2.3
119,2,1994,2.3
119,2,1995,2.33
119,2,1996,2.37
119,2,1997,2.4
119,2,1998,2.36
119,2,1999,2.39
119,2,2000,2.16
119,2,2001,1.94
119,2,2002,1.92
119,2,2003,1.85
119,2,2004,1.82
119,2,2005,1.79
119,2,2006,1.72
119,2,2007,1.74
119,2,2008,1.76
119,2,2009,1.86
119,2,2010,1.83
119,2,2011,1.89
119,2,2012,1.79
119,2,2013,1.82
119,2,2014,1.86
119,2,2015,1.88
119,2,2016,1.89
119,2,2017,1.92
119,2,2018,1.95
119,2,2019,1.98
119,2,2020,2.03
119,2,2021,2.17
119,2,2022,2.21
119,2,2023,2.32
121,1,1980,1.86
121,1,1981,1.85
121,1,1982,1.85
121,1,1983,1.83
121,1,1984,1.85
121,1,1985,1.86
121,1,1986,1.88
121,1,1987,1.89
121,1,1988,1.9
121,1,1989,1.94
121,1,1990,1.98
121,1,1991,2.03
121,1,1992,2.08
121,1,1993,2.13
121,1,1994,2.19
121,1,1995,2.24
121,1,1996,2.32
121,1,1997,2.37
121,1,1998,2.43
121,1,1999,2.48
121,1,2000,2.54
121,1,2001,2.59
121,1,2002,2.64
121,1,2003,2.7
121,1,2004,2.77
121,1,2005,2.84
121,1,2006,2.91
121,1,2007,2.97
121,1,2008,3.03
121,1,2009,3.07
121,1,2010,3.12
121,1,2011,3.2
121,1,2012,3.26
121,1,2013,3.31
121,1,2014,3.32
121,1,2015,3.36
121,1,2016,3.43
121,1,2017,3.49
121,1,2018,3.58
121,1,2019,3.67
121,1,2020,5.46
121,1,2021,5.07
121,1,2022,4.2
121,1,2023,4.24
121,2,1980,1.8
121,2,1981,1.77
121,2,1982,1.74
121,2,1983,1.71
121,2,1984,1.69
121,2,1985,1.66
121,2,1986,1.64
121,2,1987,1.61
121,2,1988,1.6
121,2,1989,1.6
121,2,1990,1.59
121,2,1991,1.6
121,2,1992,1.61
121,2,1993,1.61
121,2,1994,1.62
121,2,1995,1.65
121,2,1996,1.69
121,2,1997,1.73
121,2,1998,1.77
121,2,1999,1.82
121,2,2000,1.87
121,2,2001,1.92
121,2,2002,1.94
121,2,2003,1.99
121,2,2004,2.05
121,2,2005,2.1
121,2,2006,2.15
121,2,2007,2.19
121,2,2008,2.22
121,2,2009,2.25
121,2,2010,2.3
121,2,2011,2.36
121,2,2012,2.4
121,2,2013,2.43
121,2,2014,2.42
121,2,2015,2.46
121,2,2016,2.52
121,2,2017,2.55
121,2,2018,2.61
121,2,2019,2.65
121,2,2020,2.63
121,2,2021,2.52
121,2,2022,2.66
121,2,2023,2.72
122,1,1980,2.01
122,1,1981,2.09
122,1,1982,2.12
122,1,1983,2.11
122,1,1984,2.15
122,1,1985,2.18
122,1,1986,2.25
122,1,1987,2.24
122,1,1988,2.27
122,1,1989,2.36
122,1,1990,2.45
122,1,1991,2.54
122,1,1992,2.64
122,1,1993,2.71
122,1,1994,2.82
122,1,1995,2.89
122,1,1996,3
122,1,1997,2.53
122,1,1998,2.68
122,1,1999,2.28
122,1,2000,2.53
122,1,2001,2.81
122,1,2002,3.02
122,1,2003,2.98
122,1,2004,3.14
122,1,2005,2.57
122,1,2006,2.61
122,1,2007,2.5
122,1,2008,2.47
122,1,2009,2.37
122,1,2010,2.46
122,1,2011,2.36
122,1,2012,2.31
122,1,2013,2.59
122,1,2014,2.59
122,1,2015,2.67
122,1,2016,2.62
122,1,2017,2.45
122,1,2018,2.42
122,1,2019,2.59
122,1,2020,2.44
122,1,2021,2.61
122,1,2022,2.53
122,1,2023,2.7
122,2,1980,2.26
122,2,1981,2.3
122,2,1982,2.33
122,2,1983,2.31
122,2,1984,2.37
122,2,1985,2.41
122,2,1986,2.4
122,2,1987,2.45
122,2,1988,2.49
122,2,1989,2.61
122,2,1990,2.66
122,2,1991,2.76
122,2,1992,2.81
122,2,1993,2.89
122,2,1994,3.01
122,2,1995,3.08
122,2,1996,3.21
122,2,1997,2.81
122,2,1998,2.61
122,2,1999,2.29
122,2,2000,2.73
122,2,2001,2.98
122,2,2002,3.29
122,2,2003,3.2
122,2,2004,3.29
122,2,2005,3.13
122,2,2006,3.02
122,2,2007,2.9
122,2,2008,2.8
122,2,2009,2.72
122,2,2010,2.58
122,2,2011,2.5
122,2,2012,2.31
122,2,2013,2.35
122,2,2014,2.38
122,2,2015,2.59
122,2,2016,2.76
122,2,2017,2.56
122,2,2018,2.58
122,2,2019,2.72
122,2,2020,2.43
122,2,2021,2.38
122,2,2022,2.27
122,2,2023,2.38
123,1,1980,1.52
123,1,1981,1.49
123,1,1982,1.53
123,1,1983,1.54
123,1,1984,1.65
123,1,1985,1.63
123,1,1986,1.61
123,1,1987,1.55
123,1,1988,1.44
123,1,1989,1.35
123,1,1990,1.21
123,1,1991,1.29
123,1,1992,1.35
123,1,1993,1.42
123,1,1994,1.5
123,1,1995,1.58
123,1,1996,1.66
123,1,1997,1.66
123,1,1998,1.62
123,1,1999,1.59
123,1,2000,1.7
123,1,2001,1.8
123,1,2002,1.92
123,1,2003,2.06
123,1,2004,2.09
123,1,2005,1.96
123,1,2006,1.85
123,1,2007,1.82
123,1,2008,1.85
123,1,2009,1.85
123,1,2010,1.86
123,1,2011,1.84
123,1,2012,1.81
123,1,2013,1.8
123,1,2014,1.77
123,1,2015,1.76
123,1,2016,1.82
123,1,2017,2
123,1,2018,2.15
123,1,2019,2.26
123,1,2020,2.48
123,1,2021,2.8
123,1,2022,2.54
123,1,2023,2.67
123,2,1980,1.69
123,2,1981,1.57
123,2,1982,1.63
123,2,1983,1.71
123,2,1984,1.75
123,2,1985,1.71
123,2,1986,1.69
123,2,1987,1.61
123,2,1988,1.5
123,2,1989,1.43
123,2,1990,1.36
123,2,1991,1.39
123,2,1992,1.41
123,2,1993,1.48
123,2,1994,1.55
123,2,1995,1.63
123,2,1996,1.72
123,2,1997,1.72
123,2,1998,1.71
123,2,1999,1.68
123,2,2000,1.81
123,2,2001,1.93
123,2,2002,2.06
123,2,2003,2.23
123,2,2004,2.27
123,2,2005,2.11
123,2,2006,1.99
123,2,2007,1.97
123,2,2008,1.97
123,2,2009,1.94
123,2,2010,1.91
123,2,2011,1.87
123,2,2012,1.84
123,2,2013,1.82
123,2,2014,1.8
123,2,2015,1.8
123,2,2016,1.9
123,2,2017,2.09
123,2,2018,2.23
123,2,2019,2.3
123,2,2020,2.26
123,2,2021,2.89
123,2,2022,2.66
123,2,2023,2.73
125,1,1980,2.89
125,1,1981,2.94
125,1,1982,2.63
125,1,1983,2.8
125,1,1984,2.67
125,1,1985,2.68
125,1,1986,2.82
125,1,1987,2.85
125,1,1988,2.78
125,1,1989,2.29
125,1,1990,2.46
125,1,1991,2.59
125,1,1992,2.67
125,1,1993,2.38
125,1,1994,2.47
125,1,1995,2.66
125,1,1996,2.51
125,1,1997,1.86
125,1,1998,1.9
125,1,1999,1.73
125,1,2000,1.67
125,1,2001,1.69
125,1,2002,1.72
125,1,2003,1.81
125,1,2004,1.83
125,1,2005,1.88
125,1,2006,1.95
125,1,2007,1.96
125,1,2008,1.93
125,1,2009,1.95
125,1,2010,1.99
125,1,2011,1.95
125,1,2012,2.11
125,1,2013,2.41
125,1,2014,2.48
125,1,2015,2.5
125,1,2016,2.46
125,1,2017,2.46
125,1,2018,2.49
125,1,2019,2.5
125,1,2020,2.5
125,1,2021,2.48
125,1,2022,2.56
125,1,2023,2.62
125,2,1980,3.38
125,2,1981,3.09
125,2,1982,2.85
125,2,1983,2.81
125,2,1984,2.73
125,2,1985,2.81
125,2,1986,2.92
125,2,1987,3
125,2,1988,3.11
125,2,1989,2.8
125,2,1990,2.93
125,2,1991,2.9
125,2,1992,2.96
125,2,1993,2.6
125,2,1994,2.57
125,2,1995,2.74
125,2,1996,2.69
125,2,1997,2.04
125,2,1998,2.05
125,2,1999,1.91
125,2,2000,1.83
125,2,2001,1.85
125,2,2002,1.93
125,2,2003,1.95
125,2,2004,1.94
125,2,2005,1.9
125,2,2006,2.04
125,2,2007,2
125,2,2008,2.02
125,2,2009,1.95
125,2,2010,1.85
125,2,2011,1.83
125,2,2012,1.91
125,2,2013,2.12
125,2,2014,2.18
125,2,2015,2.17
125,2,2016,2.12
125,2,2017,2.06
125,2,2018,2.01
125,2,2019,1.96
125,2,2020,1.89
125,2,2021,2.01
125,2,2022,1.88
125,2,2023,1.95
126,1,1980,2.96
126,1,1981,3.1
126,1,1982,3.06
126,1,1983,3.16
126,1,1984,3.12
126,1,1985,3.25
126,1,1986,3.39
126,1,1987,3.32
126,1,1988,3.34
126,1,1989,3.25
126,1,1990,3.39
126,1,1991,3.56
126,1,1992,3.8
126,1,1993,3.68
126,1,1994,3.68
126,1,1995,3.8
126,1,1996,3.95
126,1,1997,3.97
126,1,1998,4.21
126,1,1999,3.89
126,1,2000,4.07
126,1,2001,4.19
126,1,2002,4.51
126,1,2003,4.71
126,1,2004,4.74
126,1,2005,4.38
126,1,2006,4.4
126,1,2007,4.56
126,1,2008,4.6
126,1,2009,4.84
126,1,2010,5.26
126,1,2011,5.63
126,1,2012,5.74
126,1,2013,6.25
126,1,2014,6.11
126,1,2015,6.22
126,1,2016,6.45
126,1,2017,6.38
126,1,2018,6.35
126,1,2019,6.11
126,1,2020,5.55
126,1,2021,5.55
126,1,2022,5.97
126,1,2023,6.57
126,2,1980,2.29
126,2,1981,2.31
126,2,1982,2.35
126,2,1983,2.32
126,2,1984,2.31
126,2,1985,2.39
126,2,1986,2.48
126,2,1987,2.48
126,2,1988,2.64
126,2,1989,2.57
126,2,1990,2.65
126,2,1991,2.68
126,2,1992,2.86
126,2,1993,2.71
126,2,1994,2.7
126,2,1995,2.74
126,2,1996,2.83
126,2,1997,2.91
126,2,1998,2.94
126,2,1999,2.92
126,2,2000,2.91
126,2,2001,3.02
126,2,2002,3.14
126,2,2003,3.18
126,2,2004,3.06
126,2,2005,3.03
126,2,2006,2.94
126,2,2007,2.79
126,2,2008,2.83
126,2,2009,3.16
126,2,2010,3.24
126,2,2011,3.25
126,2,2012,3.54
126,2,2013,3.57
126,2,2014,3.6
126,2,2015,3.7
126,2,2016,3.76
126,2,2017,3.83
126,2,2018,3.82
126,2,2019,3.69
126,2,2020,3.26
126,2,2021,3.32
126,2,2022,3.63
126,2,2023,3.93
127,1,1980,1.22
127,1,1981,1.09
127,1,1982,1.13
127,1,1983,1.1
127,1,1984,1.09
127,1,1985,1.07
127,1,1986,1.07
127,1,1987,1.06
127,1,1988,1.07
127,1,1989,1.1
127,1,1990,1.12
127,1,1991,1.16
127,1,1992,1.17
127,1,1993,1.16
127,1,1994,1.15
127,1,1995,1.14
127,1,1996,1.16
127,1,1997,1.17
127,1,1998,1.16
127,1,1999,1.19
127,1,2000,1.18
127,1,2001,1.19
127,1,2002,1.22
127,1,2003,1.22
127,1,2004,1.23
127,1,2005,1.25
127,1,2006,1.28
127,1,2007,1.31
127,1,2008,1.36
127,1,2009,1.38
127,1,2010,1.43
127,1,2011,1.43
127,1,2012,1.63
127,1,2013,1.71
127,1,2014,1.81
127,1,2015,1.89
127,1,2016,1.91
127,1,2017,2
127,1,2018,2.05
127,1,2019,2.14
127,1,2020,2.25
127,1,2021,2.42
127,1,2022,2.34
127,1,2023,2.36
127,2,1980,1.09
127,2,1981,1.07
127,2,1982,1.08
127,2,1983,1.06
127,2,1984,1.05
127,2,1985,1.04
127,2,1986,1.02
127,2,1987,1
127,2,1988,1
127,2,1989,1.03
127,2,1990,1.02
127,2,1991,1.05
127,2,1992,1.05
127,2,1993,1.05
127,2,1994,1.06
127,2,1995,1.08
127,2,1996,1.09
127,2,1997,1.09
127,2,1998,1.08
127,2,1999,1.07
127,2,2000,1.07
127,2,2001,1.09
127,2,2002,1.09
127,2,2003,1.11
127,2,2004,1.13
127,2,2005,1.14
127,2,2006,1.17
127,2,2007,1.21
127,2,2008,1.25
127,2,2009,1.28
127,2,2010,1.32
127,2,2011,1.35
127,2,2012,1.45
127,2,2013,1.51
127,2,2014,1.57
127,2,2015,1.62
127,2,2016,1.61
127,2,2017,1.62
127,2,2018,1.64
127,2,2019,1.67
127,2,2020,1.7
127,2,2021,1.83
127,2,2022,1.88
127,2,2023,1.94
128,1,1980,2.17
128,1,1981,2.45
128,1,1982,2.47
128,1,1983,2.7
128,1,1984,2.97
128,1,1985,2.95
128,1,1986,3.06
128,1,1987,3.05
128,1,1988,3.09
128,1,1989,3.14
128,1,1990,3.24
128,1,1991,3.41
128,1,1992,3.53
128,1,1993,3.57
128,1,1994,3.65
128,1,1995,3.45
128,1,1996,3.34
128,1,1997,3.32
128,1,1998,3.52
128,1,1999,3.29
128,1,2000,2.19
128,1,2001,1.97
128,1,2002,2
128,1,2003,2.04
128,1,2004,2.09
128,1,2005,2.33
128,1,2006,2.35
128,1,2007,2.44
128,1,2008,2.72
128,1,2009,3.21
128,1,2010,3.51
128,1,2011,3.6
128,1,2012,3.87
128,1,2013,4.06
128,1,2014,4.07
128,1,2015,4.32
128,1,2016,4.66
128,1,2017,4.73
128,1,2018,5.1
128,1,2019,5.02
128,1,2020,5.12
128,1,2021,5.5
128,1,2022,5.59
128,1,2023,5.38
128,2,1980,2.38
128,2,1981,2.55
128,2,1982,2.53
128,2,1983,2.47
128,2,1984,2.63
128,2,1985,2.73
128,2,1986,2.94
128,2,1987,2.89
128,2,1988,3.03
128,2,1989,3.08
128,2,1990,3.03
128,2,1991,3.16
128,2,1992,3.36
128,2,1993,3.27
128,2,1994,3.15
128,2,1995,3.13
128,2,1996,2.97
128,2,1997,2.77
128,2,1998,2.81
128,2,1999,2.63
128,2,2000,1.9
128,2,2001,1.74
128,2,2002,1.72
128,2,2003,1.78
128,2,2004,1.84
128,2,2005,2.08
128,2,2006,2.24
128,2,2007,2.31
128,2,2008,2.69
128,2,2009,3.01
128,2,2010,3.39
128,2,2011,3.49
128,2,2012,3.62
128,2,2013,3.55
128,2,2014,3.67
128,2,2015,3.82
128,2,2016,3.96
128,2,2017,4.11
128,2,2018,4.31
128,2,2019,4.32
128,2,2020,4.13
128,2,2021,4.38
128,2,2022,4.46
128,2,2023,4.33
129,1,1980,1.96
129,1,1981,1.85
129,1,1982,1.77
129,1,1983,1.75
129,1,1984,1.71
129,1,1985,1.65
129,1,1986,1.64
129,1,1987,1.63
129,1,1988,1.57
129,1,1989,1.59
129,1,1990,1.58
129,1,1991,1.62
129,1,1992,1.66
129,1,1993,1.69
129,1,1994,1.72
129,1,1995,1.74
129,1,1996,1.76
129,1,1997,1.81
129,1,1998,1.84
129,1,1999,1.87
129,1,2000,1.89
129,1,2001,1.91
129,1,2002,1.92
129,1,2003,1.93
129,1,2004,1.93
129,1,2005,1.92
129,1,2006,1.92
129,1,2007,1.91
129,1,2008,1.9
129,1,2009,1.88
129,1,2010,1.87
129,1,2011,1.86
129,1,2012,1.97
129,1,2013,1.97
129,1,2014,1.98
129,1,2015,1.99
129,1,2016,1.95
129,1,2017,1.96
129,1,2018,1.99
129,1,2019,2.04
129,1,2020,1.98
129,1,2021,2.15
129,1,2022,2.22
129,1,2023,2.3
129,2,1980,3.05
129,2,1981,2.74
129,2,1982,2.6
129,2,1983,2.56
129,2,1984,2.43
129,2,1985,2.31
129,2,1986,2.2
129,2,1987,2.24
129,2,1988,2.21
129,2,1989,2.17
129,2,1990,2.19
129,2,1991,2.25
129,2,1992,2.25
129,2,1993,2.29
129,2,1994,2.31
129,2,1995,2.29
129,2,1996,2.38
129,2,1997,2.4
129,2,1998,2.43
129,2,1999,2.47
129,2,2000,2.52
129,2,2001,2.55
129,2,2002,2.58
129,2,2003,2.6
129,2,2004,2.59
129,2,2005,2.58
129,2,2006,2.55
129,2,2007,2.54
129,2,2008,2.53
129,2,2009,2.52
129,2,2010,2.52
129,2,2011,2.53
129,2,2012,2.54
129,2,2013,2.53
129,2,2014,2.52
129,2,2015,2.52
129,2,2016,2.49
129,2,2017,2.47
129,2,2018,2.48
129,2,2019,2.5
129,2,2020,2.38
129,2,2021,2.57
129,2,2022,2.67
129,2,2023,2.74
130,1,1980,1.33
130,1,1981,1.44
130,1,1982,1.57
130,1,1983,1.64
130,1,1984,1.85
130,1,1985,1.91
130,1,1986,1.9
130,1,1987,1.88
130,1,1988,2.02
130,1,1989,2.25
130,1,1990,2.22
130,1,1991,2.17
130,1,1992,2.22
130,1,1993,2.18
130,1,1994,2.21
130,1,1995,2.27
130,1,1996,2.33
130,1,1997,2.61
130,1,1998,2.79
130,1,1999,2.87
130,1,2000,2.83
130,1,2001,2.8
130,1,2002,3.01
130,1,2003,3.15
130,1,2004,3.11
130,1,2005,3.03
130,1,2006,2.93
130,1,2007,2.86
130,1,2008,2.94
130,1,2009,2.94
130,1,2010,3.07
130,1,2011,3.11
130,1,2012,3.18
130,1,2013,3.17
130,1,2014,3.15
130,1,2015,3.24
130,1,2016,3.28
130,1,2017,3.34
130,1,2018,3.29
130,1,2019,3.2
130,1,2020,2.95
130,1,2021,2.92
130,1,2022,2.79
130,1,2023,2.75
130,2,1980,1.58
130,2,1981,1.69
130,2,1982,1.77
130,2,1983,1.77
130,2,1984,1.82
130,2,1985,2
130,2,1986,2.06
130,2,1987,2.02
130,2,1988,2.29
130,2,1989,2.33
130,2,1990,2.22
130,2,1991,2.13
130,2,1992,2.4
130,2,1993,2.28
130,2,1994,2.21
130,2,1995,2.3
130,2,1996,2.46
130,2,1997,2.61
130,2,1998,2.63
130,2,1999,2.75
130,2,2000,2.91
130,2,2001,2.87
130,2,2002,3
130,2,2003,3.09
130,2,2004,3.06
130,2,2005,3.05
130,2,2006,3.06
130,2,2007,2.98
130,2,2008,3.09
130,2,2009,3
130,2,2010,3.08
130,2,2011,3.1
130,2,2012,3.04
130,2,2013,3.07
130,2,2014,2.88
130,2,2015,2.92
130,2,2016,2.91
130,2,2017,2.95
130,2,2018,2.84
130,2,2019,2.78
130,2,2020,2.59
130,2,2021,2.6
130,2,2022,2.43
130,2,2023,2.44
131,1,1980,3.01
131,1,1981,2.99
131,1,1982,2.94
131,1,1983,2.88
131,1,1984,2.82
131,1,1985,2.75
131,1,1986,2.65
131,1,1987,2.48
131,1,1988,2.5
131,1,1989,2.5
131,1,1990,2.43
131,1,1991,2.37
131,1,1992,2.46
131,1,1993,2.54
131,1,1994,2.6
131,1,1995,2.63
131,1,1996,2.61
131,1,1997,2.58
131,1,1998,2.71
131,1,1999,2.52
131,1,2000,2.55
131,1,2001,2.56
131,1,2002,2.63
131,1,2003,2.72
131,1,2004,2.82
131,1,2005,2.89
131,1,2006,3
131,1,2007,3.09
131,1,2008,3.22
131,1,2009,3.41
131,1,2010,3.59
131,1,2011,3.74
131,1,2012,3.92
131,1,2013,4.06
131,1,2014,4.26
131,1,2015,4.45
131,1,2016,4.5
131,1,2017,4.66
131,1,2018,4.91
131,1,2019,5.4
131,1,2020,5.63
131,1,2021,5.67
131,1,2022,4.98
131,1,2023,4.43
131,2,1980,3.09
131,2,1981,2.97
131,2,1982,2.82
131,2,1983,2.77
131,2,1984,2.68
131,2,1985,2.58
131,2,1986,2.49
131,2,1987,2.37
131,2,1988,2.29
131,2,1989,2.24
131,2,1990,2.21
131,2,1991,2.16
131,2,1992,2.15
131,2,1993,2.17
131,2,1994,2.15
131,2,1995,2.13
131,2,1996,2.08
131,2,1997,2.01
131,2,1998,2.21
131,2,1999,1.98
131,2,2000,2.01
131,2,2001,2.08
131,2,2002,2.17
131,2,2003,2.26
131,2,2004,2.31
131,2,2005,2.36
131,2,2006,2.42
131,2,2007,2.52
131,2,2008,2.64
131,2,2009,2.75
131,2,2010,2.85
131,2,2011,2.93
131,2,2012,3.01
131,2,2013,3.1
131,2,2014,3.23
131,2,2015,3.31
131,2,2016,3.36
131,2,2017,3.41
131,2,2018,3.51
131,2,2019,3.75
131,2,2020,3.73
131,2,2021,3.93
131,2,2022,3.63
131,2,2023,3.24
132,1,1980,1.4
132,1,1981,1.55
132,1,1982,1.57
132,1,1983,1.66
132,1,1984,1.65
132,1,1985,1.65
132,1,1986,1.66
132,1,1987,1.72
132,1,1988,1.83
132,1,1989,1.83
132,1,1990,1.88
132,1,1991,1.92
132,1,1992,1.92
132,1,1993,1.75
132,1,1994,1.73
132,1,1995,1.75
132,1,1996,1.8
132,1,1997,1.76
132,1,1998,1.87
132,1,1999,1.84
132,1,2000,1.91
132,1,2001,1.91
132,1,2002,2.02
132,1,2003,2.08
132,1,2004,2.18
132,1,2005,2.1
132,1,2006,2.1
132,1,2007,2.13
132,1,2008,2.15
132,1,2009,2.27
132,1,2010,2.41
132,1,2011,2.56
132,1,2012,2.64
132,1,2013,2.65
132,1,2014,2.63
132,1,2015,2.74
132,1,2016,2.83
132,1,2017,2.86
132,1,2018,3.02
132,1,2019,3.1
132,1,2020,2.9
132,1,2021,2.48
132,1,2022,2.57
132,1,2023,2.73
132,2,1980,1.58
132,2,1981,1.55
132,2,1982,1.56
132,2,1983,1.56
132,2,1984,1.53
132,2,1985,1.65
132,2,1986,1.72
132,2,1987,1.71
132,2,1988,1.84
132,2,1989,1.82
132,2,1990,1.8
132,2,1991,1.81
132,2,1992,1.78
132,2,1993,1.69
132,2,1994,1.67
132,2,1995,1.68
132,2,1996,1.72
132,2,1997,1.68
132,2,1998,1.74
132,2,1999,1.79
132,2,2000,1.81
132,2,2001,1.82
132,2,2002,1.9
132,2,2003,1.96
132,2,2004,2
132,2,2005,2.02
132,2,2006,2.02
132,2,2007,1.97
132,2,2008,2.03
132,2,2009,2.11
132,2,2010,2.08
132,2,2011,2.17
132,2,2012,2.28
132,2,2013,2.33
132,2,2014,2.35
132,2,2015,2.41
132,2,2016,2.38
132,2,2017,2.55
132,2,2018,2.55
132,2,2019,2.55
132,2,2020,2.37
132,2,2021,2.23
132,2,2022,2.29
132,2,2023,2.38
133,1,1980,1.73
133,1,1981,2.1
133,1,1982,2.22
133,1,1983,2.41
133,1,1984,2.33
133,1,1985,2.24
133,1,1986,2.23
133,1,1987,2.18
133,1,1988,2.23
133,1,1989,2.18
133,1,1990,2.2
133,1,1991,2.26
133,1,1992,2.3
133,1,1993,2.16
133,1,1994,2.12
133,1,1995,1.99
133,1,1996,1.86
133,1,1997,1.87
133,1,1998,1.93
133,1,1999,1.94
133,1,2000,1.94
133,1,2001,1.83
133,1,2002,1.91
133,1,2003,1.97
133,1,2004,1.93
133,1,2005,1.94
133,1,2006,1.88
133,1,2007,1.94
133,1,2008,1.92
133,1,2009,1.94
133,1,2010,1.98
133,1,2011,2.04
133,1,2012,2.1
133,1,2013,2.11
133,1,2014,2.16
133,1,2015,2.33
133,1,2016,2.32
133,1,2017,2.41
133,1,2018,2.6
133,1,2019,2.9
133,1,2020,3.06
133,1,2021,3.18
133,1,2022,3.16
133,1,2023,3.13
133,2,1980,1.73
133,2,1981,1.79
133,2,1982,1.79
133,2,1983,1.84
133,2,1984,1.77
133,2,1985,1.68
133,2,1986,1.76
133,2,1987,1.75
133,2,1988,1.78
133,2,1989,1.79
133,2,1990,1.81
133,2,1991,1.78
133,2,1992,1.74
133,2,1993,1.64
133,2,1994,1.61
133,2,1995,1.55
133,2,1996,1.47
133,2,1997,1.39
133,2,1998,1.34
133,2,1999,1.51
133,2,2000,1.27
133,2,2001,1.36
133,2,2002,1.41
133,2,2003,1.5
133,2,2004,1.52
133,2,2005,1.43
133,2,2006,1.34
133,2,2007,1.39
133,2,2008,1.36
133,2,2009,1.41
133,2,2010,1.45
133,2,2011,1.47
133,2,2012,1.49
133,2,2013,1.49
133,2,2014,1.47
133,2,2015,1.51
133,2,2016,1.55
133,2,2017,1.57
133,2,2018,1.69
133,2,2019,1.85
133,2,2020,1.92
133,2,2021,1.94
133,2,2022,2.02
133,2,2023,2.05
135,1,1980,2.27
135,1,1981,2.05
135,1,1982,1.81
135,1,1983,1.85
135,1,1984,1.9
135,1,1985,2.14
135,1,1986,2.31
135,1,1987,2.13
135,1,1988,2.06
135,1,1989,2
135,1,1990,1.94
135,1,1991,1.86
135,1,1992,1.89
135,1,1993,1.84
135,1,1994,1.78
135,1,1995,1.82
135,1,1996,1.84
135,1,1997,1.77
135,1,1998,1.72
135,1,1999,1.72
135,1,2000,1.78
135,1,2001,1.85
135,1,2002,1.98
135,1,2003,2.03
135,1,2004,2.14
135,1,2005,2.09
135,1,2006,2.2
135,1,2007,2.2
135,1,2008,2.25
135,1,2009,2.31
135,1,2010,2.43
135,1,2011,2.49
135,1,2012,2.54
135,1,2013,2.5
135,1,2014,2.53
135,1,2015,2.61
135,1,2016,2.61
135,1,2017,2.54
135,1,2018,2.5
135,1,2019,2.38
135,1,2020,2.28
135,1,2021,2.3
135,1,2022,2.35
135,1,2023,2.4
135,2,1980,1.86
135,2,1981,1.71
135,2,1982,1.5
135,2,1983,1.5
135,2,1984,1.54
135,2,1985,1.76
135,2,1986,1.81
135,2,1987,1.67
135,2,1988,1.64
135,2,1989,1.61
135,2,1990,1.48
135,2,1991,1.41
135,2,1992,1.38
135,2,1993,1.31
135,2,1994,1.26
135,2,1995,1.29
135,2,1996,1.21
135,2,1997,1.16
135,2,1998,1.16
135,2,1999,1.18
135,2,2000,1.17
135,2,2001,1.21
135,2,2002,1.24
135,2,2003,1.28
135,2,2004,1.27
135,2,2005,1.27
135,2,2006,1.3
135,2,2007,1.3
135,2,2008,1.32
135,2,2009,1.37
135,2,2010,1.38
135,2,2011,1.44
135,2,2012,1.46
135,2,2013,1.45
135,2,2014,1.44
135,2,2015,1.46
135,2,2016,1.45
135,2,2017,1.39
135,2,2018,1.35
135,2,2019,1.34
135,2,2020,1.32
135,2,2021,1.32
135,2,2022,1.34
135,2,2023,1.34
136,1,1980,1.49
136,1,1981,1.47
136,1,1982,1.47
136,1,1983,1.43
136,1,1984,1.42
136,1,1985,1.43
136,1,1986,1.41
136,1,1987,1.37
136,1,1988,1.35
136,1,1989,1.33
136,1,1990,1.32
136,1,1991,1.36
136,1,1992,1.37
136,1,1993,1.39
136,1,1994,1.42
136,1,1995,1.44
136,1,1996,1.44
136,1,1997,1.47
136,1,1998,1.51
136,1,1999,1.54
136,1,2000,1.61
136,1,2001,1.69
136,1,2002,1.8
136,1,2003,1.93
136,1,2004,2.15
136,1,2005,2.3
136,1,2006,2.44
136,1,2007,2.59
136,1,2008,2.71
136,1,2009,2.84
136,1,2010,2.99
136,1,2011,3.07
136,1,2012,3.12
136,1,2013,3.14
136,1,2014,3.19
136,1,2015,3.23
136,1,2016,3.28
136,1,2017,3.3
136,1,2018,3.28
136,1,2019,3.29
136,1,2020,3.29
136,1,2021,3.37
136,1,2022,3.03
136,1,2023,3.08
136,2,1980,1.48
136,2,1981,1.47
136,2,1982,1.43
136,2,1983,1.41
136,2,1984,1.39
136,2,1985,1.37
136,2,1986,1.36
136,2,1987,1.32
136,2,1988,1.27
136,2,1989,1.26
136,2,1990,1.23
136,2,1991,1.23
136,2,1992,1.23
136,2,1993,1.23
136,2,1994,1.23
136,2,1995,1.22
136,2,1996,1.19
136,2,1997,1.18
136,2,1998,1.18
136,2,1999,1.19
136,2,2000,1.21
136,2,2001,1.25
136,2,2002,1.31
136,2,2003,1.4
136,2,2004,1.52
136,2,2005,1.64
136,2,2006,1.72
136,2,2007,1.8
136,2,2008,1.84
136,2,2009,1.88
136,2,2010,1.93
136,2,2011,1.97
136,2,2012,1.99
136,2,2013,1.99
136,2,2014,2.02
136,2,2015,2.04
136,2,2016,2.04
136,2,2017,2.04
136,2,2018,2.02
136,2,2019,2.02
136,2,2020,1.99
136,2,2021,2.05
136,2,2022,1.89
136,2,2023,1.97
139,1,1980,1.7
139,1,1981,1.66
139,1,1982,1.62
139,1,1983,1.61
139,1,1984,1.57
139,1,1985,1.57
139,1,1986,1.54
139,1,1987,1.49
139,1,1988,1.48
139,1,1989,1.48
139,1,1990,1.46
139,1,1991,1.48
139,1,1992,1.47
139,1,1993,1.46
139,1,1994,1.46
139,1,1995,1.46
139,1,1996,1.46
139,1,1997,1.46
139,1,1998,1.46
139,1,1999,1.46
139,1,2000,1.46
139,1,2001,1.45
139,1,2002,1.44
139,1,2003,1.43
139,1,2004,1.43
139,1,2005,1.44
139,1,2006,1.44
139,1,2007,1.42
139,1,2008,1.42
139,1,2009,1.41
139,1,2010,1.39
139,1,2011,1.43
139,1,2012,1.46
139,1,2013,1.49
139,1,2014,1.51
139,1,2015,1.55
139,1,2016,1.59
139,1,2017,1.65
139,1,2018,1.7
139,1,2019,1.75
139,1,2020,1.72
139,1,2021,1.75
139,1,2022,1.84
139,1,2023,1.93
139,2,1980,1.87
139,2,1981,1.78
139,2,1982,1.71
139,2,1983,1.67
139,2,1984,1.65
139,2,1985,1.63
139,2,1986,1.58
139,2,1987,1.51
139,2,1988,1.46
139,2,1989,1.42
139,2,1990,1.39
139,2,1991,1.33
139,2,1992,1.31
139,2,1993,1.31
139,2,1994,1.3
139,2,1995,1.3
139,2,1996,1.3
139,2,1997,1.31
139,2,1998,1.32
139,2,1999,1.33
139,2,2000,1.35
139,2,2001,1.36
139,2,2002,1.37
139,2,2003,1.37
139,2,2004,1.38
139,2,2005,1.38
139,2,2006,1.38
139,2,2007,1.38
139,2,2008,1.37
139,2,2009,1.37
139,2,2010,1.37
139,2,2011,1.41
139,2,2012,1.44
139,2,2013,1.46
139,2,2014,1.47
139,2,2015,1.49
139,2,2016,1.5
139,2,2017,1.54
139,2,2018,1.59
139,2,2019,1.64
139,2,2020,1.57
139,2,2021,1.56
139,2,2022,1.6
139,2,2023,1.66
140,1,1980,9.11
140,1,1981,9.12
140,1,1982,9.22
140,1,1983,9.4
140,1,1984,9.66
140,1,1985,10.07
140,1,1986,10.59
140,1,1987,9.86
140,1,1988,9.37
140,1,1989,8.98
140,1,1990,8.58
140,1,1991,8.17
140,1,1992,7.99
140,1,1993,7.87
140,1,1994,7.73
140,1,1995,7.79
140,1,1996,7.96
140,1,1997,8.09
140,1,1998,8.21
140,1,1999,8.15
140,1,2000,8.43
140,1,2001,8.53
140,1,2002,8.35
140,1,2003,7.67
140,1,2004,6.72
140,1,2005,6.13
140,1,2006,5.74
140,1,2007,5.4
140,1,2008,5.12
140,1,2009,4.9
140,1,2010,4.75
140,1,2011,4.61
140,1,2012,4.53
140,1,2013,4.62
140,1,2014,4.77
140,1,2015,4.64
140,1,2016,4.68
140,1,2017,4.69
140,1,2018,4.63
140,1,2019,4.73
140,1,2020,4.77
140,1,2021,4.99
140,1,2022,5.15
140,1,2023,5.41
140,2,1980,5.95
140,2,1981,5.88
140,2,1982,5.87
140,2,1983,5.92
140,2,1984,6.05
140,2,1985,6.26
140,2,1986,6.53
140,2,1987,6.35
140,2,1988,6.18
140,2,1989,6.03
140,2,1990,5.91
140,2,1991,5.68
140,2,1992,5.59
140,2,1993,5.47
140,2,1994,5.33
140,2,1995,5.36
140,2,1996,5.44
140,2,1997,5.53
140,2,1998,5.48
140,2,1999,5.28
140,2,2000,5.27
140,2,2001,5.36
140,2,2002,5.25
140,2,2003,4.89
140,2,2004,4.33
140,2,2005,3.99
140,2,2006,3.72
140,2,2007,3.52
140,2,2008,3.38
140,2,2009,3.28
140,2,2010,3.25
140,2,2011,3.19
140,2,2012,3.23
140,2,2013,3.25
140,2,2014,3.2
140,2,2015,3.13
140,2,2016,3.1
140,2,2017,3.05
140,2,2018,2.93
140,2,2019,2.8
140,2,2020,2.66
140,2,2021,2.67
140,2,2022,2.56
140,2,2023,2.73
141,1,1980,35.59
141,1,1981,36
141,1,1982,35.93
141,1,1983,34.93
141,1,1984,34.71
141,1,1985,35.81
141,1,1986,36.99
141,1,1987,35.87
141,1,1988,33.74
141,1,1989,32.37
141,1,1990,31.02
141,1,1991,29.88
141,1,1992,29.14
141,1,1993,29.31
141,1,1994,28.91
141,1,1995,28.02
141,1,1996,26.77
141,1,1997,26.24
141,1,1998,26.18
141,1,1999,26.26
141,1,2000,26.73
141,1,2001,27.59
141,1,2002,28.38
141,1,2003,28.58
141,1,2004,27.98
141,1,2005,27.36
141,1,2006,27.35
141,1,2007,27.34
141,1,2008,27.46
141,1,2009,27.84
141,1,2010,27.89
141,1,2011,28.82
141,1,2012,28.93
141,1,2013,26.74
141,1,2014,26.88
141,1,2015,27.73
141,1,2016,27.49
141,1,2017,26.63
141,1,2018,26.04
141,1,2019,25.25
141,1,2020,25.76
141,1,2021,26.41
141,1,2022,30.43
141,1,2023,31.52
141,2,1980,36.8
141,2,1981,35.54
141,2,1982,35.31
141,2,1983,34.26
141,2,1984,33.51
141,2,1985,33.58
141,2,1986,34.28
141,2,1987,33.03
141,2,1988,31.1
141,2,1989,29.32
141,2,1990,27.72
141,2,1991,25.71
141,2,1992,24.12
141,2,1993,23.1
141,2,1994,21.71
141,2,1995,20.36
141,2,1996,18.97
141,2,1997,17.95
141,2,1998,17.39
141,2,1999,16.69
141,2,2000,16.48
141,2,2001,17.11
141,2,2002,18.05
141,2,2003,18.48
141,2,2004,18.44
141,2,2005,18.23
141,2,2006,18.26
141,2,2007,17.92
141,2,2008,17.68
141,2,2009,17.46
141,2,2010,17.06
141,2,2011,17.16
141,2,2012,16.89
141,2,2013,15.24
141,2,2014,15.05
141,2,2015,15.41
141,2,2016,14.93
141,2,2017,14.47
141,2,2018,14.01
141,2,2019,13.51
141,2,2020,13.69
141,2,2021,14.64
141,2,2022,17.62
141,2,2023,18.46
142,1,1980,11.26
142,1,1981,11.71
142,1,1982,11.15
142,1,1983,10.23
142,1,1984,9.44
142,1,1985,8.8
142,1,1986,8.12
142,1,1987,7.51
142,1,1988,7.07
142,1,1989,6.71
142,1,1990,6.39
142,1,1991,6.19
142,1,1992,6.09
142,1,1993,6.02
142,1,1994,5.97
142,1,1995,5.93
142,1,1996,5.92
142,1,1997,5.89
142,1,1998,5.87
142,1,1999,5.83
142,1,2000,5.81
142,1,2001,5.77
142,1,2002,5.69
142,1,2003,5.63
142,1,2004,5.27
142,1,2005,5.11
142,1,2006,4.98
142,1,2007,4.89
142,1,2008,4.82
142,1,2009,4.78
142,1,2010,4.77
142,1,2011,4.74
142,1,2012,4.72
142,1,2013,4.7
142,1,2014,4.65
142,1,2015,4.57
142,1,2016,4.36
142,1,2017,3.94
142,1,2018,4.04
142,1,2019,4.1
142,1,2020,4.22
142,1,2021,3.98
142,1,2022,3.99
142,1,2023,4.08
142,2,1980,11.84
142,2,1981,12.49
142,2,1982,11.65
142,2,1983,10.33
142,2,1984,9.2
142,2,1985,8.25
142,2,1986,7.3
142,2,1987,6.53
142,2,1988,6
142,2,1989,5.62
142,2,1990,5.28
142,2,1991,5.02
142,2,1992,4.92
142,2,1993,4.83
142,2,1994,4.73
142,2,1995,4.66
142,2,1996,4.63
142,2,1997,4.59
142,2,1998,4.58
142,2,1999,4.57
142,2,2000,4.61
142,2,2001,4.61
142,2,2002,4.52
142,2,2003,4.54
142,2,2004,4.05
142,2,2005,3.87
142,2,2006,3.71
142,2,2007,3.6
142,2,2008,3.52
142,2,2009,3.47
142,2,2010,3.45
142,2,2011,3.43
142,2,2012,3.4
142,2,2013,3.41
142,2,2014,3.38
142,2,2015,3.37
142,2,2016,3.29
142,2,2017,3.02
142,2,2018,3.15
142,2,2019,3.24
142,2,2020,3.28
142,2,2021,3.1
142,2,2022,3.06
142,2,2023,3.13
143,1,1980,7.06
143,1,1981,6.99
143,1,1982,7.01
143,1,1983,6.99
143,1,1984,6.96
143,1,1985,7.14
143,1,1986,7.27
143,1,1987,7.32
143,1,1988,7.38
143,1,1989,7.41
143,1,1990,7.5
143,1,1991,7.54
143,1,1992,7.64
143,1,1993,7.72
143,1,1994,7.79
143,1,1995,7.82
143,1,1996,7.89
143,1,1997,7.94
143,1,1998,8.03
143,1,1999,8.09
143,1,2000,8.15
143,1,2001,8.22
143,1,2002,8.26
143,1,2003,8.27
143,1,2004,8.37
143,1,2005,8.54
143,1,2006,8.72
143,1,2007,8.93
143,1,2008,9.2
143,1,2009,9.4
143,1,2010,9.79
143,1,2011,10.29
143,1,2012,10.8
143,1,2013,11.18
143,1,2014,11.54
143,1,2015,11.39
143,1,2016,11.35
143,1,2017,11.35
143,1,2018,11.46
143,1,2019,11.77
143,1,2020,12.51
143,1,2021,12.5
143,1,2022,13.01
143,1,2023,13.36
143,2,1980,6
143,2,1981,5.86
143,2,1982,5.78
143,2,1983,5.7
143,2,1984,5.69
143,2,1985,5.61
143,2,1986,5.56
143,2,1987,5.48
143,2,1988,5.38
143,2,1989,5.26
143,2,1990,5.22
143,2,1991,5.17
143,2,1992,5.22
143,2,1993,5.22
143,2,1994,5.2
143,2,1995,5.18
143,2,1996,5.13
143,2,1997,5.02
143,2,1998,4.92
143,2,1999,4.87
143,2,2000,4.93
143,2,2001,5.04
143,2,2002,5.13
143,2,2003,5.17
143,2,2004,5.3
143,2,2005,5.43
143,2,2006,5.59
143,2,2007,5.77
143,2,2008,5.94
143,2,2009,6.07
143,2,2010,6.3
143,2,2011,6.62
143,2,2012,6.95
143,2,2013,7.21
143,2,2014,7.4
143,2,2015,7.42
143,2,2016,7.34
143,2,2017,7.28
143,2,2018,7.32
143,2,2019,7.53
143,2,2020,7.46
143,2,2021,7.73
143,2,2022,8.27
143,2,2023,8.59
144,1,1980,2.68
144,1,1981,2.57
144,1,1982,2.48
144,1,1983,2.44
144,1,1984,2.41
144,1,1985,2.39
144,1,1986,2.37
144,1,1987,2.37
144,1,1988,2.39
144,1,1989,2.39
144,1,1990,2.4
144,1,1991,2.41
144,1,1992,2.41
144,1,1993,2.4
144,1,1994,2.4
144,1,1995,2.39
144,1,1996,2.38
144,1,1997,2.37
144,1,1998,2.37
144,1,1999,2.38
144,1,2000,2.36
144,1,2001,2.32
144,1,2002,2.28
144,1,2003,2.25
144,1,2004,2.2
144,1,2005,2.13
144,1,2006,2.02
144,1,2007,1.92
144,1,2008,1.85
144,1,2009,1.83
144,1,2010,1.79
144,1,2011,1.8
144,1,2012,1.82
144,1,2013,1.84
144,1,2014,1.86
144,1,2015,1.88
144,1,2016,1.89
144,1,2017,1.88
144,1,2018,1.89
144,1,2019,1.89
144,1,2020,1.97
144,1,2021,2.08
144,1,2022,2.01
144,1,2023,2.08
144,2,1980,2.25
144,2,1981,2.07
144,2,1982,1.93
144,2,1983,1.82
144,2,1984,1.74
144,2,1985,1.63
144,2,1986,1.48
144,2,1987,1.46
144,2,1988,1.43
144,2,1989,1.44
144,2,1990,1.44
144,2,1991,1.46
144,2,1992,1.49
144,2,1993,1.49
144,2,1994,1.51
144,2,1995,1.52
144,2,1996,1.53
144,2,1997,1.55
144,2,1998,1.57
144,2,1999,1.6
144,2,2000,1.64
144,2,2001,1.68
144,2,2002,1.68
144,2,2003,1.59
144,2,2004,1.59
144,2,2005,1.63
144,2,2006,1.62
144,2,2007,1.5
144,2,2008,1.41
144,2,2009,1.39
144,2,2010,1.38
144,2,2011,1.39
144,2,2012,1.4
144,2,2013,1.42
144,2,2014,1.42
144,2,2015,1.42
144,2,2016,1.42
144,2,2017,1.42
144,2,2018,1.44
144,2,2019,1.44
144,2,2020,1.48
144,2,2021,1.59
144,2,2022,1.46
144,2,2023,1.49
145,1,1980,1.38
145,1,1981,1.66
145,1,1982,3.32
145,1,1983,4.87
145,1,1984,7.91
145,1,1985,8.34
145,1,1986,7.18
145,1,1987,6.65
145,1,1988,5.84
145,1,1989,3.57
145,1,1990,2.81
145,1,1991,2.93
145,1,1992,3.39
145,1,1993,3.71
145,1,1994,3.15
145,1,1995,1.79
145,1,1996,1.57
145,1,1997,1.82
145,1,1998,1.99
145,1,1999,1.81
145,1,2000,2.06
145,1,2001,2.94
145,1,2002,3.23
145,1,2003,2.75
145,1,2004,1.51
145,1,2005,1.15
145,1,2006,1.03
145,1,2007,1.01
145,1,2008,1.07
145,1,2009,1.13
145,1,2010,1.17
145,1,2011,1.17
145,1,2012,1.25
145,1,2013,1.52
145,1,2014,1.59
145,1,2015,1.53
145,1,2016,1.41
145,1,2017,1.26
145,1,2018,1.22
145,1,2019,1.25
145,1,2020,1.13
145,1,2021,1.14
145,1,2022,1.27
145,1,2023,1.23
145,2,1980,1.54
145,2,1981,1.7
145,2,1982,2.75
145,2,1983,3.46
145,2,1984,4.54
145,2,1985,5.29
145,2,1986,4.73
145,2,1987,4.46
145,2,1988,3.97
145,2,1989,2.9
145,2,1990,2.54
145,2,1991,2.39
145,2,1992,1.99
145,2,1993,1.96
145,2,1994,1.75
145,2,1995,1.22
145,2,1996,1.24
145,2,1997,1.73
145,2,1998,1.83
145,2,1999,1.48
145,2,2000,1.54
145,2,2001,2.59
145,2,2002,2.74
145,2,2003,2.32
145,2,2004,1.21
145,2,2005,0.95
145,2,2006,0.83
145,2,2007,0.8
145,2,2008,0.87
145,2,2009,0.89
145,2,2010,0.88
145,2,2011,0.87
145,2,2012,1
145,2,2013,1.25
145,2,2014,1.27
145,2,2015,1.28
145,2,2016,1.09
145,2,2017,0.99
145,2,2018,0.97
145,2,2019,0.96
145,2,2020,0.94
145,2,2021,0.94
145,2,2022,0.97
145,2,2023,0.97
146,1,1980,3.15
146,1,1981,3.12
146,1,1982,3.12
146,1,1983,3.11
146,1,1984,3.1
146,1,1985,3.07
146,1,1986,3.04
146,1,1987,3.01
146,1,1988,2.97
146,1,1989,2.94
146,1,1990,2.98
146,1,1991,3.06
146,1,1992,3.08
146,1,1993,3.09
146,1,1994,3.11
146,1,1995,3.17
146,1,1996,3.18
146,1,1997,3.2
146,1,1998,3.25
146,1,1999,3.16
146,1,2000,3.1
146,1,2001,3.02
146,1,2002,2.91
146,1,2003,2.87
146,1,2004,2.93
146,1,2005,3.03
146,1,2006,3.19
146,1,2007,3.36
146,1,2008,3.49
146,1,2009,3.6
146,1,2010,3.7
146,1,2011,4.04
146,1,2012,4.44
146,1,2013,4.82
146,1,2014,5.04
146,1,2015,4.88
146,1,2016,4.42
146,1,2017,4.23
146,1,2018,4.71
146,1,2019,6.24
146,1,2020,8.25
146,1,2021,5.18
146,1,2022,5.4
146,1,2023,5.57
146,2,1980,1.99
146,2,1981,1.99
146,2,1982,2.01
146,2,1983,2.03
146,2,1984,2.03
146,2,1985,2.01
146,2,1986,1.99
146,2,1987,1.95
146,2,1988,1.91
146,2,1989,1.89
146,2,1990,1.87
146,2,1991,1.79
146,2,1992,1.77
146,2,1993,1.74
146,2,1994,1.73
146,2,1995,1.72
146,2,1996,1.72
146,2,1997,1.7
146,2,1998,1.7
146,2,1999,1.66
146,2,2000,1.62
146,2,2001,1.59
146,2,2002,1.55
146,2,2003,1.53
146,2,2004,1.54
146,2,2005,1.55
146,2,2006,1.59
146,2,2007,1.65
146,2,2008,1.72
146,2,2009,1.78
146,2,2010,1.83
146,2,2011,1.99
146,2,2012,2.18
146,2,2013,2.37
146,2,2014,2.45
146,2,2015,2.36
146,2,2016,2.14
146,2,2017,2.07
146,2,2018,2.26
146,2,2019,2.81
146,2,2020,3.37
146,2,2021,2.05
146,2,2022,2.46
146,2,2023,2.54
147,1,1980,6.71
147,1,1981,6.48
147,1,1982,6.3
147,1,1983,6.17
147,1,1984,5.96
147,1,1985,5.78
147,1,1986,5.58
147,1,1987,5.39
147,1,1988,5.25
147,1,1989,5.15
147,1,1990,5.07
147,1,1991,5.06
147,1,1992,5.05
147,1,1993,5.01
147,1,1994,4.97
147,1,1995,4.93
147,1,1996,4.93
147,1,1997,4.87
147,1,1998,4.87
147,1,1999,4.89
147,1,2000,4.85
147,1,2001,4.82
147,1,2002,4.79
147,1,2003,4.8
147,1,2004,4.85
147,1,2005,4.94
147,1,2006,5.06
147,1,2007,5.07
147,1,2008,5.01
147,1,2009,5.01
147,1,2010,4.99
147,1,2011,5.13
147,1,2012,5.24
147,1,2013,5.09
147,1,2014,5.05
147,1,2015,4.98
147,1,2016,4.85
147,1,2017,4.9
147,1,2018,4.92
147,1,2019,5.05
147,1,2020,5.3
147,1,2021,5.65
147,1,2022,5.26
147,1,2023,5.4
147,2,1980,7.16
147,2,1981,6.93
147,2,1982,6.65
147,2,1983,6.39
147,2,1984,6.1
147,2,1985,5.83
147,2,1986,5.63
147,2,1987,5.42
147,2,1988,5.25
147,2,1989,5.13
147,2,1990,5.01
147,2,1991,5.05
147,2,1992,5.08
147,2,1993,5.05
147,2,1994,4.96
147,2,1995,4.84
147,2,1996,4.71
147,2,1997,4.52
147,2,1998,4.39
147,2,1999,4.32
147,2,2000,4.26
147,2,2001,4.28
147,2,2002,4.29
147,2,2003,4.34
147,2,2004,4.45
147,2,2005,4.6
147,2,2006,4.71
147,2,2007,4.79
147,2,2008,4.82
147,2,2009,4.89
147,2,2010,4.94
147,2,2011,5.12
147,2,2012,5.34
147,2,2013,5.34
147,2,2014,5.47
147,2,2015,5.38
147,2,2016,5.15
147,2,2017,5.15
147,2,2018,5.19
147,2,2019,5.27
147,2,2020,5.55
147,2,2021,6.14
147,2,2022,5.44
147,2,2023,5.56
148,1,1980,6.28
148,1,1981,6.13
148,1,1982,6.05
148,1,1983,5.95
148,1,1984,5.85
148,1,1985,5.74
148,1,1986,5.64
148,1,1987,5.51
148,1,1988,5.41
148,1,1989,5.33
148,1,1990,5.3
148,1,1991,5.31
148,1,1992,5.3
148,1,1993,5.29
148,1,1994,5.32
148,1,1995,5.35
148,1,1996,5.39
148,1,1997,5.4
148,1,1998,5.42
148,1,1999,5.43
148,1,2000,5.43
148,1,2001,5.43
148,1,2002,5.43
148,1,2003,5.39
148,1,2004,5.38
148,1,2005,5.39
148,1,2006,5.41
148,1,2007,5.43
148,1,2008,5.44
148,1,2009,5.46
148,1,2010,5.5
148,1,2011,5.59
148,1,2012,5.71
148,1,2013,5.89
148,1,2014,5.97
148,1,2015,6.04
148,1,2016,6.16
148,1,2017,6.24
148,1,2018,6.45
148,1,2019,6.68
148,1,2020,6.82
148,1,2021,7.14
148,1,2022,7.6
148,1,2023,7.8
148,2,1980,6.18
148,2,1981,6.05
148,2,1982,6.05
148,2,1983,5.92
148,2,1984,5.85
148,2,1985,5.75
148,2,1986,5.56
148,2,1987,5.44
148,2,1988,5.27
148,2,1989,5.15
148,2,1990,5.06
148,2,1991,5.03
148,2,1992,4.96
148,2,1993,4.9
148,2,1994,4.82
148,2,1995,4.74
148,2,1996,4.69
148,2,1997,4.57
148,2,1998,4.5
148,2,1999,4.41
148,2,2000,4.39
148,2,2001,4.39
148,2,2002,4.35
148,2,2003,4.4
148,2,2004,4.43
148,2,2005,4.48
148,2,2006,4.53
148,2,2007,4.6
148,2,2008,4.68
148,2,2009,4.81
148,2,2010,4.92
148,2,2011,5.12
148,2,2012,5.38
148,2,2013,5.71
148,2,2014,5.98
148,2,2015,6.17
148,2,2016,6.36
148,2,2017,6.47
148,2,2018,6.72
148,2,2019,6.99
148,2,2020,7.33
148,2,2021,7.68
148,2,2022,8
148,2,2023,8.15
149,1,1980,7.37
149,1,1981,7.22
149,1,1982,7.1
149,1,1983,7.06
149,1,1984,7.04
149,1,1985,7.02
149,1,1986,6.96
149,1,1987,6.89
149,1,1988,6.85
149,1,1989,6.83
149,1,1990,6.79
149,1,1991,6.85
149,1,1992,6.95
149,1,1993,7.05
149,1,1994,7.18
149,1,1995,7.31
149,1,1996,7.45
149,1,1997,7.61
149,1,1998,7.76
149,1,1999,7.86
149,1,2000,7.89
149,1,2001,7.84
149,1,2002,7.72
149,1,2003,7.52
149,1,2004,7.31
149,1,2005,7.15
149,1,2006,6.99
149,1,2007,6.88
149,1,2008,6.81
149,1,2009,6.79
149,1,2010,6.81
149,1,2011,6.87
149,1,2012,6.84
149,1,2013,6.83
149,1,2014,6.76
149,1,2015,6.71
149,1,2016,6.64
149,1,2017,6.57
149,1,2018,6.38
149,1,2019,6.21
149,1,2020,5.93
149,1,2021,6.09
149,1,2022,6.35
149,1,2023,6.67
149,2,1980,5.75
149,2,1981,5.6
149,2,1982,5.5
149,2,1983,5.42
149,2,1984,5.39
149,2,1985,5.31
149,2,1986,5.24
149,2,1987,5.17
149,2,1988,5.13
149,2,1989,5.14
149,2,1990,5.13
149,2,1991,5.15
149,2,1992,5.22
149,2,1993,5.3
149,2,1994,5.41
149,2,1995,5.51
149,2,1996,5.62
149,2,1997,5.71
149,2,1998,5.79
149,2,1999,5.85
149,2,2000,5.9
149,2,2001,5.9
149,2,2002,5.83
149,2,2003,5.64
149,2,2004,5.45
149,2,2005,5.31
149,2,2006,5.18
149,2,2007,5.08
149,2,2008,5.03
149,2,2009,5.06
149,2,2010,5.13
149,2,2011,5.15
149,2,2012,5.11
149,2,2013,5.09
149,2,2014,5.04
149,2,2015,4.93
149,2,2016,4.81
149,2,2017,4.73
149,2,2018,4.62
149,2,2019,4.53
149,2,2020,4.39
149,2,2021,4.53
149,2,2022,4.66
149,2,2023,4.85
150,1,1980,13.06
150,1,1981,12.76
150,1,1982,12.49
150,1,1983,12.24
150,1,1984,12.04
150,1,1985,11.92
150,1,1986,11.83
150,1,1987,11.77
150,1,1988,11.78
150,1,1989,11.84
150,1,1990,11.87
150,1,1991,11.82
150,1,1992,12.01
150,1,1993,12.18
150,1,1994,12.31
150,1,1995,12.35
150,1,1996,12.2
150,1,1997,12.06
150,1,1998,12.01
150,1,1999,11.86
150,1,2000,11.7
150,1,2001,11.51
150,1,2002,11.35
150,1,2003,11.49
150,1,2004,11.6
150,1,2005,11.51
150,1,2006,11.65
150,1,2007,11.67
150,1,2008,12.16
150,1,2009,12.36
150,1,2010,12.44
150,1,2011,12.65
150,1,2012,12.97
150,1,2013,13.11
150,1,2014,13.42
150,1,2015,13.38
150,1,2016,13.33
150,1,2017,13.17
150,1,2018,12.9
150,1,2019,12.67
150,1,2020,14.21
150,1,2021,14.91
150,1,2022,13.12
150,1,2023,12.74
150,2,1980,6.12
150,2,1981,5.95
150,2,1982,5.75
150,2,1983,5.52
150,2,1984,5.3
150,2,1985,5.13
150,2,1986,4.96
150,2,1987,4.82
150,2,1988,4.72
150,2,1989,4.68
150,2,1990,4.63
150,2,1991,4.46
150,2,1992,4.45
150,2,1993,4.38
150,2,1994,4.38
150,2,1995,4.33
150,2,1996,4.25
150,2,1997,4.19
150,2,1998,4.17
150,2,1999,4.15
150,2,2000,4.16
150,2,2001,4.14
150,2,2002,4.17
150,2,2003,4.1
150,2,2004,4.01
150,2,2005,3.95
150,2,2006,3.98
150,2,2007,3.95
150,2,2008,4.07
150,2,2009,4.18
150,2,2010,4.27
150,2,2011,4.33
150,2,2012,4.34
150,2,2013,4.45
150,2,2014,4.51
150,2,2015,4.48
150,2,2016,4.45
150,2,2017,4.42
150,2,2018,4.33
150,2,2019,4.25
150,2,2020,4.26
150,2,2021,4.57
150,2,2022,4.44
150,2,2023,4.55
151,1,1980,16.53
151,1,1981,15.98
151,1,1982,15.34
151,1,1983,14.53
151,1,1984,14.06
151,1,1985,13.07
151,1,1986,12.07
151,1,1987,11.38
151,1,1988,11
151,1,1989,10.69
151,1,1990,10.4
151,1,1991,10.31
151,1,1992,10.46
151,1,1993,10.63
151,1,1994,11.12
151,1,1995,11.53
151,1,1996,11.22
151,1,1997,10.89
151,1,1998,10.96
151,1,1999,10.96
151,1,2000,10.93
151,1,2001,11
151,1,2002,10.99
151,1,2003,10.66
151,1,2004,10.11
151,1,2005,9.46
151,1,2006,8.97
151,1,2007,8.59
151,1,2008,8.22
151,1,2009,7.89
151,1,2010,7.67
151,1,2011,7.42
151,1,2012,7.15
151,1,2013,6.98
151,1,2014,7
151,1,2015,6.57
151,1,2016,6.49
151,1,2017,6.37
151,1,2018,6.35
151,1,2019,6.67
151,1,2020,6.76
151,1,2021,6.58
151,1,2022,6.36
151,1,2023,6.41
151,2,1980,13.23
151,2,1981,12.65
151,2,1982,12.09
151,2,1983,11.4
151,2,1984,10.85
151,2,1985,10.36
151,2,1986,9.95
151,2,1987,9.64
151,2,1988,9.4
151,2,1989,9.24
151,2,1990,9.06
151,2,1991,9.05
151,2,1992,9.19
151,2,1993,9.31
151,2,1994,9.43
151,2,1995,9.47
151,2,1996,9.25
151,2,1997,9.13
151,2,1998,9.14
151,2,1999,9.35
151,2,2000,9.71
151,2,2001,9.93
151,2,2002,9.99
151,2,2003,9.6
151,2,2004,8.99
151,2,2005,8.4
151,2,2006,7.96
151,2,2007,7.49
151,2,2008,7.12
151,2,2009,6.88
151,2,2010,6.67
151,2,2011,6.39
151,2,2012,6.06
151,2,2013,5.82
151,2,2014,5.73
151,2,2015,5.5
151,2,2016,5.22
151,2,2017,5.01
151,2,2018,4.79
151,2,2019,4.72
151,2,2020,4.66
151,2,2021,4.42
151,2,2022,4.28
151,2,2023,4.62
152,1,1980,25.69
152,1,1981,24.88
152,1,1982,23.57
152,1,1983,22.18
152,1,1984,20.94
152,1,1985,19.76
152,1,1986,18.77
152,1,1987,17.91
152,1,1988,17.13
152,1,1989,16.54
152,1,1990,16.04
152,1,1991,15.62
152,1,1992,15.21
152,1,1993,14.95
152,1,1994,14.68
152,1,1995,14.43
152,1,1996,14.26
152,1,1997,13.86
152,1,1998,13.59
152,1,1999,13.32
152,1,2000,13.17
152,1,2001,12.9
152,1,2002,12.64
152,1,2003,12.27
152,1,2004,11.98
152,1,2005,11.74
152,1,2006,11.68
152,1,2007,11.67
152,1,2008,11.61
152,1,2009,11.52
152,1,2010,11.42
152,1,2011,11.12
152,1,2012,10.74
152,1,2013,10.42
152,1,2014,10.44
152,1,2015,9.93
152,1,2016,10.09
152,1,2017,10.16
152,1,2018,10.27
152,1,2019,10.66
152,1,2020,11.74
152,1,2021,11.46
152,1,2022,11.48
152,1,2023,11.77
152,2,1980,10.35
152,2,1981,9.53
152,2,1982,8.68
152,2,1983,7.87
152,2,1984,7.15
152,2,1985,6.57
152,2,1986,6.03
152,2,1987,5.55
152,2,1988,5.1
152,2,1989,4.8
152,2,1990,4.59
152,2,1991,4.37
152,2,1992,4.18
152,2,1993,4.03
152,2,1994,3.92
152,2,1995,3.79
152,2,1996,3.71
152,2,1997,3.66
152,2,1998,3.63
152,2,1999,3.63
152,2,2000,3.68
152,2,2001,3.73
152,2,2002,3.79
152,2,2003,3.83
152,2,2004,3.84
152,2,2005,3.91
152,2,2006,4.03
152,2,2007,4.19
152,2,2008,4.36
152,2,2009,4.48
152,2,2010,4.59
152,2,2011,4.6
152,2,2012,4.53
152,2,2013,4.44
152,2,2014,4.46
152,2,2015,4.34
152,2,2016,4.37
152,2,2017,4.44
152,2,2018,4.48
152,2,2019,4.67
152,2,2020,5.21
152,2,2021,5.46
152,2,2022,5.56
152,2,2023,5.47
153,1,1980,6.86
153,1,1981,6.87
153,1,1982,6.85
153,1,1983,6.84
153,1,1984,6.83
153,1,1985,6.91
153,1,1986,6.91
153,1,1987,6.89
153,1,1988,6.88
153,1,1989,6.88
153,1,1990,6.88
153,1,1991,6.94
153,1,1992,7.05
153,1,1993,7.13
153,1,1994,7.24
153,1,1995,7.34
153,1,1996,7.44
153,1,1997,7.55
153,1,1998,7.66
153,1,1999,7.77
153,1,2000,8.08
153,1,2001,8.35
153,1,2002,8.27
153,1,2003,7.95
153,1,2004,7.33
153,1,2005,6.73
153,1,2006,6.24
153,1,2007,5.9
153,1,2008,5.75
153,1,2009,5.67
153,1,2010,5.61
153,1,2011,5.65
153,1,2012,5.64
153,1,2013,5.61
153,1,2014,5.67
153,1,2015,5.77
153,1,2016,5.89
153,1,2017,6.03
153,1,2018,6.1
153,1,2019,6.23
153,1,2020,6.2
153,1,2021,6.16
153,1,2022,6.65
153,1,2023,6.76
153,2,1980,4.94
153,2,1981,4.88
153,2,1982,4.83
153,2,1983,4.75
153,2,1984,4.81
153,2,1985,4.64
153,2,1986,4.63
153,2,1987,4.65
153,2,1988,4.7
153,2,1989,4.76
153,2,1990,4.8
153,2,1991,4.93
153,2,1992,5.09
153,2,1993,5.23
153,2,1994,5.34
153,2,1995,5.45
153,2,1996,5.59
153,2,1997,5.68
153,2,1998,5.67
153,2,1999,5.84
153,2,2000,6.24
153,2,2001,6.7
153,2,2002,6.72
153,2,2003,6.48
153,2,2004,5.94
153,2,2005,5.48
153,2,2006,5.07
153,2,2007,4.82
153,2,2008,4.73
153,2,2009,4.63
153,2,2010,4.55
153,2,2011,4.57
153,2,2012,4.47
153,2,2013,4.35
153,2,2014,4.28
153,2,2015,4.26
153,2,2016,4.28
153,2,2017,4.33
153,2,2018,4.35
153,2,2019,4.4
153,2,2020,4.38
153,2,2021,4.3
153,2,2022,4.56
153,2,2023,4.6
154,1,1980,3.27
154,1,1981,3.24
154,1,1982,3.14
154,1,1983,3.12
154,1,1984,3.11
154,1,1985,3.1
154,1,1986,3.06
154,1,1987,3.06
154,1,1988,3.08
154,1,1989,3.13
154,1,1990,3.16
154,1,1991,3.18
154,1,1992,3.18
154,1,1993,3.19
154,1,1994,3.22
154,1,1995,3.22
154,1,1996,3.25
154,1,1997,3.28
154,1,1998,3.31
154,1,1999,3.34
154,1,2000,3.34
154,1,2001,3.34
154,1,2002,3.32
154,1,2003,3.32
154,1,2004,3.31
154,1,2005,3.3
154,1,2006,3.31
154,1,2007,3.31
154,1,2008,3.3
154,1,2009,3.29
154,1,2010,3.28
154,1,2011,3.29
154,1,2012,3.31
154,1,2013,3.29
154,1,2014,3.26
154,1,2015,3.25
154,1,2016,3.25
154,1,2017,3.25
154,1,2018,3.24
154,1,2019,3.32
154,1,2020,3.16
154,1,2021,2.96
154,1,2022,3.28
154,1,2023,3.78
154,2,1980,2.63
154,2,1981,2.48
154,2,1982,2.4
154,2,1983,2.31
154,2,1984,2.22
154,2,1985,2.14
154,2,1986,2.04
154,2,1987,1.98
154,2,1988,1.92
154,2,1989,1.87
154,2,1990,1.81
154,2,1991,1.76
154,2,1992,1.7
154,2,1993,1.65
154,2,1994,1.6
154,2,1995,1.54
154,2,1996,1.51
154,2,1997,1.5
154,2,1998,1.5
154,2,1999,1.5
154,2,2000,1.48
154,2,2001,1.48
154,2,2002,1.48
154,2,2003,1.48
154,2,2004,1.49
154,2,2005,1.48
154,2,2006,1.46
154,2,2007,1.46
154,2,2008,1.45
154,2,2009,1.45
154,2,2010,1.44
154,2,2011,1.44
154,2,2012,1.43
154,2,2013,1.42
154,2,2014,1.41
154,2,2015,1.41
154,2,2016,1.41
154,2,2017,1.42
154,2,2018,1.42
154,2,2019,1.46
154,2,2020,1.4
154,2,2021,1.29
154,2,2022,1.5
154,2,2023,1.81
155,1,1980,5.02
155,1,1981,4.91
155,1,1982,4.63
155,1,1983,4.39
155,1,1984,4.33
155,1,1985,4.23
155,1,1986,4.08
155,1,1987,3.95
155,1,1988,3.97
155,1,1989,4.12
155,1,1990,4.11
155,1,1991,4.08
155,1,1992,4.11
155,1,1993,4.13
155,1,1994,4.17
155,1,1995,4.18
155,1,1996,4.12
155,1,1997,4.12
155,1,1998,4.14
155,1,1999,4.04
155,1,2000,3.99
155,1,2001,3.91
155,1,2002,3.9
155,1,2003,3.85
155,1,2004,3.86
155,1,2005,3.98
155,1,2006,4.15
155,1,2007,4.17
155,1,2008,4
155,1,2009,3.59
155,1,2010,3.53
155,1,2011,3.68
155,1,2012,3.77
155,1,2013,3.97
155,1,2014,4.07
155,1,2015,4.13
155,1,2016,4.2
155,1,2017,4.19
155,1,2018,4.13
155,1,2019,4.17
155,1,2020,4.43
155,1,2021,4.55
155,1,2022,4.5
155,1,2023,4.57
155,2,1980,2.42
155,2,1981,2.48
155,2,1982,2.45
155,2,1983,2.38
155,2,1984,2.3
155,2,1985,2.22
155,2,1986,2.16
155,2,1987,2.08
155,2,1988,2.05
155,2,1989,2.08
155,2,1990,2.06
155,2,1991,2.01
155,2,1992,1.98
155,2,1993,1.96
155,2,1994,1.93
155,2,1995,1.92
155,2,1996,1.88
155,2,1997,1.89
155,2,1998,1.91
155,2,1999,1.85
155,2,2000,1.89
155,2,2001,1.85
155,2,2002,1.85
155,2,2003,1.78
155,2,2004,1.71
155,2,2005,1.72
155,2,2006,1.75
155,2,2007,1.71
155,2,2008,1.58
155,2,2009,1.4
155,2,2010,1.36
155,2,2011,1.41
155,2,2012,1.44
155,2,2013,1.54
155,2,2014,1.61
155,2,2015,1.64
155,2,2016,1.67
155,2,2017,1.67
155,2,2018,1.64
155,2,2019,1.65
155,2,2020,1.7
155,2,2021,1.81
155,2,2022,1.77
155,2,2023,1.74
156,1,1980,11.63
156,1,1981,11.18
156,1,1982,10.53
156,1,1983,9.84
156,1,1984,9.27
156,1,1985,8.68
156,1,1986,8.07
156,1,1987,7.56
156,1,1988,7.1
156,1,1989,6.76
156,1,1990,6.86
156,1,1991,6.78
156,1,1992,6.62
156,1,1993,6.54
156,1,1994,6.54
156,1,1995,6.46
156,1,1996,6.46
156,1,1997,6.28
156,1,1998,6.41
156,1,1999,6.31
156,1,2000,6.23
156,1,2001,6.11
156,1,2002,6.07
156,1,2003,6.05
156,1,2004,5.81
156,1,2005,5.88
156,1,2006,5.84
156,1,2007,5.5
156,1,2008,5.16
156,1,2009,4.84
156,1,2010,4.67
156,1,2011,4.44
156,1,2012,4.24
156,1,2013,4.16
156,1,2014,4.13
156,1,2015,4.09
156,1,2016,4.33
156,1,2017,4.39
156,1,2018,4.44
156,1,2019,4.74
156,1,2020,4.18
156,1,2021,4.09
156,1,2022,4.33
156,1,2023,4.74
156,2,1980,10.69
156,2,1981,10.16
156,2,1982,9.38
156,2,1983,8.59
156,2,1984,7.93
156,2,1985,7.29
156,2,1986,6.63
156,2,1987,6.11
156,2,1988,5.67
156,2,1989,5.29
156,2,1990,5.01
156,2,1991,4.76
156,2,1992,4.47
156,2,1993,4.34
156,2,1994,4.18
156,2,1995,3.91
156,2,1996,3.78
156,2,1997,3.78
156,2,1998,3.92
156,2,1999,3.96
156,2,2000,4.18
156,2,2001,4.2
156,2,2002,3.99
156,2,2003,3.83
156,2,2004,4.02
156,2,2005,4.23
156,2,2006,4.11
156,2,2007,4.02
156,2,2008,3.94
156,2,2009,3.81
156,2,2010,3.7
156,2,2011,3.63
156,2,2012,3.59
156,2,2013,3.71
156,2,2014,3.84
156,2,2015,3.82
156,2,2016,3.81
156,2,2017,3.87
156,2,2018,3.98
156,2,2019,4.3
156,2,2020,4.38
156,2,2021,4.24
156,2,2022,3.98
156,2,2023,4.16
157,1,1980,11.03
157,1,1981,10.8
157,1,1982,10.64
157,1,1983,10.5
157,1,1984,10.33
157,1,1985,10.16
157,1,1986,9.95
157,1,1987,9.68
157,1,1988,9.44
157,1,1989,9.21
157,1,1990,9.01
157,1,1991,8.83
157,1,1992,8.65
157,1,1993,8.45
157,1,1994,8.34
157,1,1995,8.2
157,1,1996,8.1
157,1,1997,8
157,1,1998,7.87
157,1,1999,7.87
157,1,2000,7.83
157,1,2001,7.67
157,1,2002,7.53
157,1,2003,7.34
157,1,2004,7.25
157,1,2005,7.15
157,1,2006,7.07
157,1,2007,6.9
157,1,2008,6.88
157,1,2009,6.76
157,1,2010,6.55
157,1,2011,6.48
157,1,2012,6.24
157,1,2013,6.33
157,1,2014,6.38
157,1,2015,6.31
157,1,2016,6.2
157,1,2017,6.03
157,1,2018,5.89
157,1,2019,6.09
157,1,2020,6.57
157,1,2021,6.33
157,1,2022,6.49
157,1,2023,6.92
157,2,1980,12.12
157,2,1981,11.84
157,2,1982,11.59
157,2,1983,11.32
157,2,1984,10.99
157,2,1985,10.61
157,2,1986,10.26
157,2,1987,9.85
157,2,1988,9.4
157,2,1989,8.95
157,2,1990,8.51
157,2,1991,7.93
157,2,1992,7.47
157,2,1993,7.04
157,2,1994,6.72
157,2,1995,6.46
157,2,1996,6.3
157,2,1997,6.18
157,2,1998,6.05
157,2,1999,6.04
157,2,2000,5.98
157,2,2001,5.81
157,2,2002,5.58
157,2,2003,5.38
157,2,2004,5.28
157,2,2005,5.19
157,2,2006,5.12
157,2,2007,5.04
157,2,2008,5.08
157,2,2009,5.01
157,2,2010,4.86
157,2,2011,4.85
157,2,2012,4.67
157,2,2013,4.67
157,2,2014,4.64
157,2,2015,4.57
157,2,2016,4.49
157,2,2017,4.43
157,2,2018,4.33
157,2,2019,4.4
157,2,2020,4.41
157,2,2021,4.36
157,2,2022,4.66
157,2,2023,5.03
160,1,1980,4.26
160,1,1981,4.33
160,1,1982,4.43
160,1,1983,4.49
160,1,1984,4.49
160,1,1985,4.5
160,1,1986,4.52
160,1,1987,4.51
160,1,1988,4.49
160,1,1989,4.48
160,1,1990,4.46
160,1,1991,4.4
160,1,1992,4.35
160,1,1993,4.35
160,1,1994,4.27
160,1,1995,4.24
160,1,1996,4.22
160,1,1997,4.24
160,1,1998,4.22
160,1,1999,4.25
160,1,2000,4.24
160,1,2001,4.23
160,1,2002,4.11
160,1,2003,4.1
160,1,2004,4.14
160,1,2005,4.15
160,1,2006,4.16
160,1,2007,4.19
160,1,2008,4.22
160,1,2009,4.25
160,1,2010,4.27
160,1,2011,4.18
160,1,2012,4.13
160,1,2013,4.09
160,1,2014,4.04
160,1,2015,4.09
160,1,2016,4.08
160,1,2017,4.13
160,1,2018,4.15
160,1,2019,4.26
160,1,2020,4.46
160,1,2021,4.65
160,1,2022,4.64
160,1,2023,4.79
160,2,1980,3.81
160,2,1981,3.91
160,2,1982,4.04
160,2,1983,4.13
160,2,1984,4.16
160,2,1985,4.17
160,2,1986,4.19
160,2,1987,4.19
160,2,1988,4.15
160,2,1989,4.1
160,2,1990,4.04
160,2,1991,3.96
160,2,1992,3.91
160,2,1993,3.9
160,2,1994,3.8
160,2,1995,3.74
160,2,1996,3.68
160,2,1997,3.64
160,2,1998,3.56
160,2,1999,3.59
160,2,2000,3.58
160,2,2001,3.56
160,2,2002,3.45
160,2,2003,3.45
160,2,2004,3.51
160,2,2005,3.55
160,2,2006,3.58
160,2,2007,3.63
160,2,2008,3.7
160,2,2009,3.78
160,2,2010,3.83
160,2,2011,3.81
160,2,2012,3.77
160,2,2013,3.78
160,2,2014,3.78
160,2,2015,3.81
160,2,2016,3.79
160,2,2017,3.8
160,2,2018,3.79
160,2,2019,3.85
160,2,2020,3.96
160,2,2021,4.17
160,2,2022,4.12
160,2,2023,4.22
161,1,1980,3.71
161,1,1981,3.63
161,1,1982,3.55
161,1,1983,3.47
161,1,1984,3.41
161,1,1985,3.29
161,1,1986,3.24
161,1,1987,3.28
161,1,1988,3.32
161,1,1989,3.38
161,1,1990,3.33
161,1,1991,3.62
161,1,1992,3.51
161,1,1993,3.54
161,1,1994,3.61
161,1,1995,3.67
161,1,1996,3.78
161,1,1997,3.88
161,1,1998,4
161,1,1999,4.11
161,1,2000,4.14
161,1,2001,4.18
161,1,2002,4.19
161,1,2003,4.15
161,1,2004,4.08
161,1,2005,4.05
161,1,2006,4
161,1,2007,3.99
161,1,2008,3.98
161,1,2009,4.05
161,1,2010,4.11
161,1,2011,4.08
161,1,2012,4.09
161,1,2013,4.18
161,1,2014,4.17
161,1,2015,4.23
161,1,2016,4.26
161,1,2017,4.29
161,1,2018,4.31
161,1,2019,4.4
161,1,2020,4.43
161,1,2021,4.63
161,1,2022,4.79
161,1,2023,4.97
161,2,1980,1.7
161,2,1981,1.67
161,2,1982,1.64
161,2,1983,1.55
161,2,1984,1.53
161,2,1985,1.49
161,2,1986,1.5
161,2,1987,1.53
161,2,1988,1.59
161,2,1989,1.65
161,2,1990,1.65
161,2,1991,1.9
161,2,1992,1.81
161,2,1993,1.86
161,2,1994,1.89
161,2,1995,1.91
161,2,1996,2
161,2,1997,2.05
161,2,1998,2.14
161,2,1999,2.2
161,2,2000,2.22
161,2,2001,2.21
161,2,2002,2.2
161,2,2003,2.15
161,2,2004,2.06
161,2,2005,2.02
161,2,2006,2
161,2,2007,1.99
161,2,2008,1.96
161,2,2009,1.97
161,2,2010,1.97
161,2,2011,1.93
161,2,2012,1.92
161,2,2013,1.96
161,2,2014,1.99
161,2,2015,2.03
161,2,2016,2.06
161,2,2017,2.11
161,2,2018,2.16
161,2,2019,2.24
161,2,2020,2.3
161,2,2021,2.49
161,2,2022,2.57
161,2,2023,2.79
162,1,1980,3.73
162,1,1981,3.63
162,1,1982,3.56
162,1,1983,3.48
162,1,1984,3.4
162,1,1985,3.34
162,1,1986,3.3
162,1,1987,3.26
162,1,1988,3.25
162,1,1989,3.27
162,1,1990,3.25
162,1,1991,3.39
162,1,1992,3.54
162,1,1993,3.66
162,1,1994,3.72
162,1,1995,3.88
162,1,1996,4.02
162,1,1997,4.16
162,1,1998,4.13
162,1,1999,4.14
162,1,2000,4.15
162,1,2001,4.24
162,1,2002,4.3
162,1,2003,4.32
162,1,2004,4.32
162,1,2005,4.3
162,1,2006,4.26
162,1,2007,4.23
162,1,2008,4.16
162,1,2009,4.07
162,1,2010,4.03
162,1,2011,3.98
162,1,2012,3.92
162,1,2013,3.89
162,1,2014,3.85
162,1,2015,3.84
162,1,2016,3.84
162,1,2017,3.87
162,1,2018,3.87
162,1,2019,3.88
162,1,2020,3.94
162,1,2021,3.94
162,1,2022,4
162,1,2023,4.17
162,2,1980,2.58
162,2,1981,2.51
162,2,1982,2.44
162,2,1983,2.37
162,2,1984,2.29
162,2,1985,2.21
162,2,1986,2.15
162,2,1987,2
162,2,1988,1.97
162,2,1989,1.96
162,2,1990,2.07
162,2,1991,2.12
162,2,1992,2.15
162,2,1993,2.2
162,2,1994,2.2
162,2,1995,2.28
162,2,1996,2.34
162,2,1997,2.45
162,2,1998,2.42
162,2,1999,2.41
162,2,2000,2.48
162,2,2001,2.59
162,2,2002,2.67
162,2,2003,2.75
162,2,2004,2.79
162,2,2005,2.79
162,2,2006,2.76
162,2,2007,2.75
162,2,2008,2.71
162,2,2009,2.65
162,2,2010,2.63
162,2,2011,2.6
162,2,2012,2.58
162,2,2013,2.54
162,2,2014,2.51
162,2,2015,2.51
162,2,2016,2.52
162,2,2017,2.53
162,2,2018,2.53
162,2,2019,2.53
162,2,2020,2.58
162,2,2021,2.58
162,2,2022,2.62
162,2,2023,2.8
163,1,1980,2.37
163,1,1981,2.32
163,1,1982,2.3
163,1,1983,2.3
163,1,1984,2.31
163,1,1985,2.34
163,1,1986,2.41
163,1,1987,2.49
163,1,1988,2.57
163,1,1989,2.63
163,1,1990,2.67
163,1,1991,2.72
163,1,1992,2.71
163,1,1993,2.73
163,1,1994,2.73
163,1,1995,2.76
163,1,1996,2.91
163,1,1997,3.09
163,1,1998,3.19
163,1,1999,3.22
163,1,2000,3.23
163,1,2001,3.28
163,1,2002,3.35
163,1,2003,3.31
163,1,2004,3.22
163,1,2005,3.32
163,1,2006,3.47
163,1,2007,3.61
163,1,2008,3.57
163,1,2009,3.52
163,1,2010,3.52
163,1,2011,3.52
163,1,2012,3.49
163,1,2013,3.41
163,1,2014,3.2
163,1,2015,3.21
163,1,2016,3.29
163,1,2017,3.39
163,1,2018,3.37
163,1,2019,3.34
163,1,2020,3.49
163,1,2021,3.94
163,1,2022,3.62
163,1,2023,3.79
163,2,1980,1.18
163,2,1981,1.14
163,2,1982,1.13
163,2,1983,1.14
163,2,1984,1.16
163,2,1985,1.18
163,2,1986,1.21
163,2,1987,1.23
163,2,1988,1.25
163,2,1989,1.27
163,2,1990,1.28
163,2,1991,1.3
163,2,1992,1.27
163,2,1993,1.23
163,2,1994,1.2
163,2,1995,1.21
163,2,1996,1.3
163,2,1997,1.38
163,2,1998,1.42
163,2,1999,1.42
163,2,2000,1.42
163,2,2001,1.46
163,2,2002,1.51
163,2,2003,1.52
163,2,2004,1.53
163,2,2005,1.61
163,2,2006,1.64
163,2,2007,1.71
163,2,2008,1.68
163,2,2009,1.63
163,2,2010,1.61
163,2,2011,1.56
163,2,2012,1.53
163,2,2013,1.55
163,2,2014,1.53
163,2,2015,1.55
163,2,2016,1.57
163,2,2017,1.58
163,2,2018,1.58
163,2,2019,1.58
163,2,2020,1.6
163,2,2021,1.63
163,2,2022,1.68
163,2,2023,1.78
164,1,1980,1.62
164,1,1981,1.6
164,1,1982,1.59
164,1,1983,1.57
164,1,1984,1.55
164,1,1985,1.55
164,1,1986,1.55
164,1,1987,1.56
164,1,1988,1.58
164,1,1989,1.61
164,1,1990,1.64
164,1,1991,1.71
164,1,1992,1.78
164,1,1993,1.82
164,1,1994,1.9
164,1,1995,1.97
164,1,1996,2.06
164,1,1997,2.14
164,1,1998,2.22
164,1,1999,2.3
164,1,2000,2.35
164,1,2001,2.39
164,1,2002,2.42
164,1,2003,2.41
164,1,2004,2.39
164,1,2005,2.36
164,1,2006,2.32
164,1,2007,2.3
164,1,2008,2.28
164,1,2009,2.29
164,1,2010,2.27
164,1,2011,2.23
164,1,2012,2.19
164,1,2013,2.2
164,1,2014,2.21
164,1,2015,2.21
164,1,2016,2.24
164,1,2017,2.27
164,1,2018,2.29
164,1,2019,2.33
164,1,2020,2.41
164,1,2021,2.66
164,1,2022,2.66
164,1,2023,2.88
164,2,1980,0.76
164,2,1981,0.75
164,2,1982,0.74
164,2,1983,0.73
164,2,1984,0.72
164,2,1985,0.71
164,2,1986,0.7
164,2,1987,0.7
164,2,1988,0.7
164,2,1989,0.7
164,2,1990,0.71
164,2,1991,0.73
164,2,1992,0.74
164,2,1993,0.75
164,2,1994,0.76
164,2,1995,0.78
164,2,1996,0.81
164,2,1997,0.84
164,2,1998,0.87
164,2,1999,0.89
164,2,2000,0.91
164,2,2001,0.92
164,2,2002,0.92
164,2,2003,0.9
164,2,2004,0.89
164,2,2005,0.87
164,2,2006,0.86
164,2,2007,0.85
164,2,2008,0.83
164,2,2009,0.83
164,2,2010,0.82
164,2,2011,0.81
164,2,2012,0.81
164,2,2013,0.82
164,2,2014,0.84
164,2,2015,0.84
164,2,2016,0.86
164,2,2017,0.88
164,2,2018,0.89
164,2,2019,0.91
164,2,2020,0.93
164,2,2021,1.01
164,2,2022,1.06
164,2,2023,1.15
165,1,1980,3
165,1,1981,2.91
165,1,1982,2.82
165,1,1983,2.73
165,1,1984,2.66
165,1,1985,2.61
165,1,1986,2.57
165,1,1987,2.53
165,1,1988,2.49
165,1,1989,2.49
165,1,1990,2.5
165,1,1991,2.52
165,1,1992,2.51
165,1,1993,2.51
165,1,1994,2.49
165,1,1995,2.49
165,1,1996,2.52
165,1,1997,2.47
165,1,1998,2.44
165,1,1999,2.4
165,1,2000,2.35
165,1,2001,2.39
165,1,2002,2.4
165,1,2003,2.4
165,1,2004,2.41
165,1,2005,2.49
165,1,2006,2.47
165,1,2007,2.52
165,1,2008,2.55
165,1,2009,2.59
165,1,2010,2.62
165,1,2011,2.62
165,1,2012,2.61
165,1,2013,2.65
165,1,2014,2.65
165,1,2015,2.67
165,1,2016,2.65
165,1,2017,2.64
165,1,2018,2.6
165,1,2019,2.61
165,1,2020,2.82
165,1,2021,2.95
165,1,2022,2.89
165,1,2023,2.95
165,2,1980,3.3
165,2,1981,3.23
165,2,1982,3.15
165,2,1983,3.05
165,2,1984,2.94
165,2,1985,2.82
165,2,1986,2.71
165,2,1987,2.61
165,2,1988,2.52
165,2,1989,2.46
165,2,1990,2.41
165,2,1991,2.41
165,2,1992,2.38
165,2,1993,2.35
165,2,1994,2.28
165,2,1995,2.24
165,2,1996,2.22
165,2,1997,2.12
165,2,1998,2.06
165,2,1999,1.99
165,2,2000,1.95
165,2,2001,2
165,2,2002,2.04
165,2,2003,2.07
165,2,2004,2.12
165,2,2005,2.25
165,2,2006,2.2
165,2,2007,2.27
165,2,2008,2.34
165,2,2009,2.42
165,2,2010,2.48
165,2,2011,2.51
165,2,2012,2.56
165,2,2013,2.67
165,2,2014,2.73
165,2,2015,2.75
165,2,2016,2.72
165,2,2017,2.64
165,2,2018,2.53
165,2,2019,2.5
165,2,2020,2.59
165,2,2021,2.78
165,2,2022,2.74
165,2,2023,2.77
168,1,1980,43.93
168,1,1981,42.25
168,1,1982,40.66
168,1,1983,39.03
168,1,1984,37.19
168,1,1985,35.73
168,1,1986,34.44
168,1,1987,32.8
168,1,1988,31.26
168,1,1989,30.36
168,1,1990,28.73
168,1,1991,27.99
168,1,1992,27.3
168,1,1993,27.05
168,1,1994,26.86
168,1,1995,26.15
168,1,1996,24.42
168,1,1997,23.99
168,1,1998,25.17
168,1,1999,25.42
168,1,2000,25.24
168,1,2001,25.27
168,1,2002,25.69
168,1,2003,25.74
168,1,2004,25.52
168,1,2005,25.71
168,1,2006,26.36
168,1,2007,26.28
168,1,2008,26.34
168,1,2009,26.22
168,1,2010,26.12
168,1,2011,25.87
168,1,2012,25.28
168,1,2013,24.86
168,1,2014,24.58
168,1,2015,24.18
168,1,2016,23.65
168,1,2017,23.52
168,1,2018,23.23
168,1,2019,22.99
168,1,2020,23.26
168,1,2021,23.5
168,1,2022,23.4
168,1,2023,27.03
168,2,1980,16.93
168,2,1981,16.46
168,2,1982,16
168,2,1983,15.5
168,2,1984,14.77
168,2,1985,14.16
168,2,1986,13.67
168,2,1987,12.95
168,2,1988,12.21
168,2,1989,11.85
168,2,1990,11
168,2,1991,10.63
168,2,1992,10.32
168,2,1993,10.18
168,2,1994,10.04
168,2,1995,9.55
168,2,1996,8.57
168,2,1997,8.2
168,2,1998,8.59
168,2,1999,8.63
168,2,2000,8.42
168,2,2001,8.35
168,2,2002,8.22
168,2,2003,8.05
168,2,2004,7.96
168,2,2005,7.9
168,2,2006,8.24
168,2,2007,8.32
168,2,2008,8.41
168,2,2009,8.51
168,2,2010,8.54
168,2,2011,8.51
168,2,2012,8.4
168,2,2013,8.5
168,2,2014,8.65
168,2,2015,8.43
168,2,2016,7.94
168,2,2017,7.59
168,2,2018,7.41
168,2,2019,7.37
168,2,2020,7.2
168,2,2021,7.28
168,2,2022,7.89
168,2,2023,8.7
169,1,1980,19.62
169,1,1981,19.09
169,1,1982,18.63
169,1,1983,17.85
169,1,1984,17.23
169,1,1985,16.55
169,1,1986,16.22
169,1,1987,15.67
169,1,1988,14.85
169,1,1989,14.38
169,1,1990,14.08
169,1,1991,14.42
169,1,1992,14.55
169,1,1993,15.22
169,1,1994,15.45
169,1,1995,15.29
169,1,1996,15.53
169,1,1997,15.08
169,1,1998,15.06
169,1,1999,14.74
169,1,2000,14.1
169,1,2001,13.62
169,1,2002,13.26
169,1,2003,12.66
169,1,2004,12.2
169,1,2005,11.83
169,1,2006,11.56
169,1,2007,11.11
169,1,2008,10.62
169,1,2009,10.43
169,1,2010,10.69
169,1,2011,10.85
169,1,2012,10.7
169,1,2013,10.69
169,1,2014,10.5
169,1,2015,10.35
169,1,2016,10.21
169,1,2017,10.15
169,1,2018,9.98
169,1,2019,9.97
169,1,2020,10.33
169,1,2021,10.28
169,1,2022,11.58
169,1,2023,12.4
169,2,1980,17.27
169,2,1981,17.03
169,2,1982,16.8
169,2,1983,15.9
169,2,1984,15.56
169,2,1985,15.03
169,2,1986,14.76
169,2,1987,14.13
169,2,1988,13.02
169,2,1989,12.39
169,2,1990,11.64
169,2,1991,11.82
169,2,1992,11.75
169,2,1993,11.91
169,2,1994,11.79
169,2,1995,11.39
169,2,1996,11.53
169,2,1997,11.16
169,2,1998,11.24
169,2,1999,11.24
169,2,2000,10.87
169,2,2001,10.65
169,2,2002,10.52
169,2,2003,10.16
169,2,2004,9.91
169,2,2005,9.7
169,2,2006,9.52
169,2,2007,9.16
169,2,2008,8.75
169,2,2009,8.71
169,2,2010,9.07
169,2,2011,9.31
169,2,2012,9.23
169,2,2013,9.33
169,2,2014,9.27
169,2,2015,9.31
169,2,2016,9.39
169,2,2017,9.5
169,2,2018,9.38
169,2,2019,9.46
169,2,2020,9.35
169,2,2021,9.21
169,2,2022,10.46
169,2,2023,11.48
170,1,1980,21.47
170,1,1981,19.41
170,1,1982,18.23
170,1,1983,17.43
170,1,1984,15.82
170,1,1985,14.75
170,1,1986,13.7
170,1,1987,13.1
170,1,1988,12.43
170,1,1989,11.49
170,1,1990,10.93
170,1,1991,10.77
170,1,1992,10.64
170,1,1993,10.48
170,1,1994,10.92
170,1,1995,10.58
170,1,1996,10.48
170,1,1997,10.87
170,1,1998,10.16
170,1,1999,10.28
170,1,2000,10.22
170,1,2001,9.7
170,1,2002,9.73
170,1,2003,9.87
170,1,2004,9.85
170,1,2005,10.22
170,1,2006,10.45
170,1,2007,10.6
170,1,2008,10.79
170,1,2009,10.93
170,1,2010,10.87
170,1,2011,10.4
170,1,2012,10.46
170,1,2013,10.43
170,1,2014,10.46
170,1,2015,10.57
170,1,2016,10.43
170,1,2017,10.24
170,1,2018,10.12
170,1,2019,10.28
170,1,2020,10.54
170,1,2021,10.57
170,1,2022,11.07
170,1,2023,12.03
170,2,1980,18.99
170,2,1981,16.9
170,2,1982,15.74
170,2,1983,14.98
170,2,1984,13.24
170,2,1985,12.09
170,2,1986,10.87
170,2,1987,10.12
170,2,1988,9.22
170,2,1989,8.1
170,2,1990,7.41
170,2,1991,7.05
170,2,1992,6.97
170,2,1993,6.69
170,2,1994,6.99
170,2,1995,6.68
170,2,1996,6.44
170,2,1997,6.68
170,2,1998,6.07
170,2,1999,6.12
170,2,2000,6.07
170,2,2001,5.7
170,2,2002,5.7
170,2,2003,5.85
170,2,2004,5.84
170,2,2005,6.08
170,2,2006,6.21
170,2,2007,6.32
170,2,2008,6.47
170,2,2009,6.57
170,2,2010,6.48
170,2,2011,6.39
170,2,2012,6.47
170,2,2013,6.44
170,2,2014,6.41
170,2,2015,6.51
170,2,2016,6.49
170,2,2017,6.37
170,2,2018,6.29
170,2,2019,6.42
170,2,2020,6.39
170,2,2021,6.28
170,2,2022,7.08
170,2,2023,8
171,1,1980,43.93
171,1,1981,42.6
171,1,1982,41.46
171,1,1983,40.24
171,1,1984,38.95
171,1,1985,38.1
171,1,1986,36.29
171,1,1987,34.93
171,1,1988,33.6
171,1,1989,32.33
171,1,1990,31.52
171,1,1991,31.62
171,1,1992,31.31
171,1,1993,30.89
171,1,1994,30.1
171,1,1995,29.76
171,1,1996,29.79
171,1,1997,30.21
171,1,1998,31.41
171,1,1999,32.43
171,1,2000,32.93
171,1,2001,32.86
171,1,2002,33.16
171,1,2003,32.73
171,1,2004,32.59
171,1,2005,32.57
171,1,2006,32.54
171,1,2007,31.92
171,1,2008,31.4
171,1,2009,30.75
171,1,2010,30.05
171,1,2011,29.25
171,1,2012,28.25
171,1,2013,27.39
171,1,2014,26.54
171,1,2015,25.47
171,1,2016,24.82
171,1,2017,24.28
171,1,2018,24.08
171,1,2019,23.86
171,1,2020,25.58
171,1,2021,24.55
171,1,2022,25.66
171,1,2023,27.08
171,2,1980,28.34
171,2,1981,27.7
171,2,1982,27.08
171,2,1983,26.45
171,2,1984,25.62
171,2,1985,25.01
171,2,1986,23.52
171,2,1987,22.33
171,2,1988,21.19
171,2,1989,20.03
171,2,1990,19.21
171,2,1991,18.99
171,2,1992,18.5
171,2,1993,18.05
171,2,1994,17.33
171,2,1995,16.95
171,2,1996,16.67
171,2,1997,16.69
171,2,1998,16.97
171,2,1999,17.53
171,2,2000,17.78
171,2,2001,17.73
171,2,2002,18
171,2,2003,18.06
171,2,2004,18.24
171,2,2005,18.52
171,2,2006,18.69
171,2,2007,18.43
171,2,2008,18.13
171,2,2009,17.82
171,2,2010,17.57
171,2,2011,17.32
171,2,2012,17.01
171,2,2013,16.78
171,2,2014,16.64
171,2,2015,16.33
171,2,2016,16.18
171,2,2017,16.12
171,2,2018,16.3
171,2,2019,16.39
171,2,2020,16.44
171,2,2021,15.91
171,2,2022,17.99
171,2,2023,19.83
172,1,1980,11.63
172,1,1981,11.39
172,1,1982,11.06
172,1,1983,10.76
172,1,1984,10.38
172,1,1985,10.13
172,1,1986,9.63
172,1,1987,9.33
172,1,1988,9.35
172,1,1989,9.11
172,1,1990,8.86
172,1,1991,8.85
172,1,1992,8.78
172,1,1993,8.79
172,1,1994,8.6
172,1,1995,8.63
172,1,1996,8.79
172,1,1997,9.3
172,1,1998,9.6
172,1,1999,10
172,1,2000,10.42
172,1,2001,10.75
172,1,2002,11
172,1,2003,11.05
172,1,2004,11.4
172,1,2005,12.02
172,1,2006,12.17
172,1,2007,12.32
172,1,2008,12.64
172,1,2009,13.54
172,1,2010,14.26
172,1,2011,13.91
172,1,2012,13.3
172,1,2013,13.28
172,1,2014,13.34
172,1,2015,12.96
172,1,2016,12.89
172,1,2017,13.04
172,1,2018,13.13
172,1,2019,13.12
172,1,2020,13.81
172,1,2021,14.95
172,1,2022,16.51
172,1,2023,17.86
172,2,1980,10.38
172,2,1981,10.25
172,2,1982,9.98
172,2,1983,9.59
172,2,1984,9.24
172,2,1985,8.93
172,2,1986,8.23
172,2,1987,7.76
172,2,1988,7.71
172,2,1989,7.43
172,2,1990,7.12
172,2,1991,7.03
172,2,1992,6.88
172,2,1993,6.69
172,2,1994,6.27
172,2,1995,6.17
172,2,1996,5.99
172,2,1997,6.14
172,2,1998,6.09
172,2,1999,6.15
172,2,2000,6.22
172,2,2001,6.18
172,2,2002,6.01
172,2,2003,5.83
172,2,2004,5.8
172,2,2005,5.99
172,2,2006,6.04
172,2,2007,6.15
172,2,2008,6.38
172,2,2009,6.65
172,2,2010,6.44
172,2,2011,6.34
172,2,2012,6.78
172,2,2013,6.96
172,2,2014,7.29
172,2,2015,6.97
172,2,2016,6.87
172,2,2017,7.39
172,2,2018,7.49
172,2,2019,7.37
172,2,2020,7.23
172,2,2021,7.93
172,2,2022,8.94
172,2,2023,9.74
173,1,1980,19.98
173,1,1981,19.02
173,1,1982,18.55
173,1,1983,18.24
173,1,1984,17.02
173,1,1985,16.24
173,1,1986,15.74
173,1,1987,15.27
173,1,1988,14.37
173,1,1989,13.72
173,1,1990,12.73
173,1,1991,12.95
173,1,1992,12.76
173,1,1993,12.25
173,1,1994,12.15
173,1,1995,12.27
173,1,1996,12.18
173,1,1997,12.49
173,1,1998,12.58
173,1,1999,12.27
173,1,2000,12.29
173,1,2001,12.29
173,1,2002,12.53
173,1,2003,12.48
173,1,2004,12.65
173,1,2005,13.22
173,1,2006,13.36
173,1,2007,13.37
173,1,2008,13.02
173,1,2009,12.74
173,1,2010,12.5
173,1,2011,12.37
173,1,2012,12.31
173,1,2013,12.45
173,1,2014,12.63
173,1,2015,12.75
173,1,2016,12.61
173,1,2017,12.49
173,1,2018,12.38
173,1,2019,12.36
173,1,2020,12.35
173,1,2021,12.3
173,1,2022,13.41
173,1,2023,15.02
173,2,1980,22.92
173,2,1981,21.86
173,2,1982,21.27
173,2,1983,21.01
173,2,1984,19.24
173,2,1985,18.09
173,2,1986,16.97
173,2,1987,16.18
173,2,1988,15.12
173,2,1989,14.23
173,2,1990,13.09
173,2,1991,13.08
173,2,1992,12.8
173,2,1993,11.87
173,2,1994,11.58
173,2,1995,11.68
173,2,1996,11.29
173,2,1997,11.45
173,2,1998,11.38
173,2,1999,10.91
173,2,2000,11
173,2,2001,11.02
173,2,2002,11.18
173,2,2003,11.08
173,2,2004,11.15
173,2,2005,11.67
173,2,2006,11.69
173,2,2007,11.29
173,2,2008,10.77
173,2,2009,10.49
173,2,2010,10.18
173,2,2011,10.12
173,2,2012,10.58
173,2,2013,11.36
173,2,2014,11.72
173,2,2015,11.81
173,2,2016,11.54
173,2,2017,11.23
173,2,2018,10.92
173,2,2019,10.8
173,2,2020,10.86
173,2,2021,10.95
173,2,2022,12.18
173,2,2023,13.19
175,1,1980,5.36
175,1,1981,5.32
175,1,1982,5.28
175,1,1983,5.25
175,1,1984,5.22
175,1,1985,5.19
175,1,1986,5.15
175,1,1987,5.1
175,1,1988,5.03
175,1,1989,4.97
175,1,1990,4.94
175,1,1991,4.9
175,1,1992,4.85
175,1,1993,4.84
175,1,1994,4.79
175,1,1995,4.74
175,1,1996,4.76
175,1,1997,4.78
175,1,1998,4.74
175,1,1999,4.7
175,1,2000,4.68
175,1,2001,4.63
175,1,2002,4.57
175,1,2003,4.5
175,1,2004,4.54
175,1,2005,4.62
175,1,2006,4.72
175,1,2007,4.85
175,1,2008,5
175,1,2009,5.05
175,1,2010,5.09
175,1,2011,5.14
175,1,2012,5.19
175,1,2013,5.19
175,1,2014,5.23
175,1,2015,5.25
175,1,2016,5.22
175,1,2017,5.2
175,1,2018,5.14
175,1,2019,5.14
175,1,2020,5.31
175,1,2021,6.06
175,1,2022,5.57
175,1,2023,6.01
175,2,1980,4.93
175,2,1981,4.92
175,2,1982,4.94
175,2,1983,4.96
175,2,1984,4.95
175,2,1985,4.9
175,2,1986,4.8
175,2,1987,4.67
175,2,1988,4.51
175,2,1989,4.33
175,2,1990,4.18
175,2,1991,4.03
175,2,1992,3.91
175,2,1993,3.84
175,2,1994,3.69
175,2,1995,3.59
175,2,1996,3.53
175,2,1997,3.49
175,2,1998,3.4
175,2,1999,3.34
175,2,2000,3.33
175,2,2001,3.28
175,2,2002,3.24
175,2,2003,3.19
175,2,2004,3.25
175,2,2005,3.34
175,2,2006,3.42
175,2,2007,3.53
175,2,2008,3.67
175,2,2009,3.71
175,2,2010,3.75
175,2,2011,3.84
175,2,2012,3.93
175,2,2013,3.92
175,2,2014,3.96
175,2,2015,4.01
175,2,2016,4.01
175,2,2017,4.03
175,2,2018,4.01
175,2,2019,4.06
175,2,2020,4.03
175,2,2021,4.44
175,2,2022,4.52
175,2,2023,4.88
176,1,1980,5.34
176,1,1981,5.1
176,1,1982,4.85
176,1,1983,4.6
176,1,1984,4.35
176,1,1985,4.13
176,1,1986,3.93
176,1,1987,3.75
176,1,1988,3.58
176,1,1989,3.45
176,1,1990,3.32
176,1,1991,3.3
176,1,1992,3.26
176,1,1993,3.2
176,1,1994,3.13
176,1,1995,3.03
176,1,1996,3.08
176,1,1997,2.89
176,1,1998,2.89
176,1,1999,2.8
176,1,2000,2.9
176,1,2001,2.83
176,1,2002,2.9
176,1,2003,2.85
176,1,2004,2.68
176,1,2005,2.8
176,1,2006,2.64
176,1,2007,2.83
176,1,2008,2.76
176,1,2009,2.69
176,1,2010,2.58
176,1,2011,2.63
176,1,2012,2.56
176,1,2013,2.55
176,1,2014,2.67
176,1,2015,2.62
176,1,2016,2.58
176,1,2017,2.53
176,1,2018,2.44
176,1,2019,2.47
176,1,2020,2.83
176,1,2021,3.54
176,1,2022,2.8
176,1,2023,2.94
176,2,1980,4.23
176,2,1981,4.06
176,2,1982,3.87
176,2,1983,3.66
176,2,1984,3.45
176,2,1985,3.23
176,2,1986,3.04
176,2,1987,2.88
176,2,1988,2.71
176,2,1989,2.58
176,2,1990,2.45
176,2,1991,2.46
176,2,1992,2.44
176,2,1993,2.41
176,2,1994,2.36
176,2,1995,2.27
176,2,1996,2.27
176,2,1997,2.17
176,2,1998,2.19
176,2,1999,2.1
176,2,2000,2.19
176,2,2001,2.1
176,2,2002,2.17
176,2,2003,2.11
176,2,2004,1.97
176,2,2005,2.07
176,2,2006,1.94
176,2,2007,2.13
176,2,2008,2.1
176,2,2009,1.99
176,2,2010,1.93
176,2,2011,1.93
176,2,2012,1.86
176,2,2013,1.82
176,2,2014,1.92
176,2,2015,1.87
176,2,2016,1.84
176,2,2017,1.81
176,2,2018,1.73
176,2,2019,1.75
176,2,2020,1.75
176,2,2021,1.84
176,2,2022,1.77
176,2,2023,1.89
177,1,1980,8.66
177,1,1981,8.42
177,1,1982,8.23
177,1,1983,8.07
177,1,1984,7.89
177,1,1985,7.74
177,1,1986,7.52
177,1,1987,7.37
177,1,1988,7.2
177,1,1989,7.04
177,1,1990,6.77
177,1,1991,6.4
177,1,1992,6.26
177,1,1993,6.83
177,1,1994,6.09
177,1,1995,6.27
177,1,1996,6.14
177,1,1997,5.92
177,1,1998,5.9
177,1,1999,5.74
177,1,2000,5.63
177,1,2001,5.54
177,1,2002,5.48
177,1,2003,5.21
177,1,2004,5.39
177,1,2005,5.37
177,1,2006,5.45
177,1,2007,5.5
177,1,2008,5.54
177,1,2009,5.49
177,1,2010,5.53
177,1,2011,5.54
177,1,2012,5.56
177,1,2013,5.55
177,1,2014,5.42
177,1,2015,5.54
177,1,2016,5.56
177,1,2017,5.62
177,1,2018,5.45
177,1,2019,5.58
177,1,2020,5.6
177,1,2021,6.12
177,1,2022,5.73
177,1,2023,6.33
177,2,1980,5.6
177,2,1981,5.54
177,2,1982,5.52
177,2,1983,5.48
177,2,1984,5.43
177,2,1985,5.38
177,2,1986,5.25
177,2,1987,5.2
177,2,1988,5.08
177,2,1989,4.98
177,2,1990,4.79
177,2,1991,4.52
177,2,1992,4.47
177,2,1993,5
177,2,1994,4.3
177,2,1995,4.41
177,2,1996,4.22
177,2,1997,3.99
177,2,1998,3.92
177,2,1999,3.76
177,2,2000,3.67
177,2,2001,3.59
177,2,2002,3.54
177,2,2003,3.36
177,2,2004,3.52
177,2,2005,3.53
177,2,2006,3.56
177,2,2007,3.62
177,2,2008,3.66
177,2,2009,3.6
177,2,2010,3.66
177,2,2011,3.68
177,2,2012,3.73
177,2,2013,3.77
177,2,2014,3.7
177,2,2015,3.83
177,2,2016,3.84
177,2,2017,3.97
177,2,2018,3.88
177,2,2019,3.95
177,2,2020,3.74
177,2,2021,3.78
177,2,2022,3.98
177,2,2023,4.39
178,1,1980,8.29
178,1,1981,8.03
178,1,1982,7.79
178,1,1983,7.54
178,1,1984,7.24
178,1,1985,6.91
178,1,1986,6.64
178,1,1987,6.34
178,1,1988,6.04
178,1,1989,5.76
178,1,1990,5.51
178,1,1991,5.37
178,1,1992,5.29
178,1,1993,5.16
178,1,1994,5
178,1,1995,4.8
178,1,1996,4.79
178,1,1997,4.79
178,1,1998,4.77
178,1,1999,4.76
178,1,2000,4.72
178,1,2001,4.61
178,1,2002,4.66
178,1,2003,4.59
178,1,2004,4.58
178,1,2005,4.55
178,1,2006,4.54
178,1,2007,4.51
178,1,2008,4.48
178,1,2009,4.44
178,1,2010,4.4
178,1,2011,4.4
178,1,2012,4.45
178,1,2013,4.47
178,1,2014,4.47
178,1,2015,4.48
178,1,2016,4.49
178,1,2017,4.49
178,1,2018,4.51
178,1,2019,4.53
178,1,2020,4.67
178,1,2021,4.56
178,1,2022,5.37
178,1,2023,5.47
178,2,1980,6.36
178,2,1981,6.26
178,2,1982,6.17
178,2,1983,6.02
178,2,1984,5.83
178,2,1985,5.64
178,2,1986,5.49
178,2,1987,5.35
178,2,1988,5.2
178,2,1989,5.04
178,2,1990,4.92
178,2,1991,4.84
178,2,1992,4.81
178,2,1993,4.73
178,2,1994,4.63
178,2,1995,4.58
178,2,1996,4.54
178,2,1997,4.54
178,2,1998,4.51
178,2,1999,4.5
178,2,2000,4.5
178,2,2001,4.39
178,2,2002,4.4
178,2,2003,4.29
178,2,2004,4.26
178,2,2005,4.22
178,2,2006,4.23
178,2,2007,4.27
178,2,2008,4.3
178,2,2009,4.33
178,2,2010,4.33
178,2,2011,4.36
178,2,2012,4.39
178,2,2013,4.38
178,2,2014,4.34
178,2,2015,4.38
178,2,2016,4.39
178,2,2017,4.43
178,2,2018,4.49
178,2,2019,4.53
178,2,2020,4.48
178,2,2021,4.27
178,2,2022,4.85
178,2,2023,5.16
179,1,1980,3.23
179,1,1981,3.17
179,1,1982,3.12
179,1,1983,3.06
179,1,1984,3.02
179,1,1985,3.01
179,1,1986,3.02
179,1,1987,3.03
179,1,1988,3.04
179,1,1989,3.07
179,1,1990,3.07
179,1,1991,3.12
179,1,1992,3.19
179,1,1993,3.24
179,1,1994,3.3
179,1,1995,3.34
179,1,1996,3.42
179,1,1997,3.47
179,1,1998,3.5
179,1,1999,3.5
179,1,2000,3.48
179,1,2001,3.47
179,1,2002,3.43
179,1,2003,3.37
179,1,2004,3.35
179,1,2005,3.4
179,1,2006,3.47
179,1,2007,3.56
179,1,2008,3.67
179,1,2009,3.72
179,1,2010,3.79
179,1,2011,3.86
179,1,2012,3.87
179,1,2013,3.86
179,1,2014,3.86
179,1,2015,3.88
179,1,2016,3.92
179,1,2017,3.96
179,1,2018,4.04
179,1,2019,4.11
179,1,2020,4.16
179,1,2021,4.53
179,1,2022,4.49
179,1,2023,4.97
179,2,1980,3.59
179,2,1981,3.57
179,2,1982,3.55
179,2,1983,3.5
179,2,1984,3.46
179,2,1985,3.45
179,2,1986,3.42
179,2,1987,3.41
179,2,1988,3.4
179,2,1989,3.38
179,2,1990,3.36
179,2,1991,3.36
179,2,1992,3.38
179,2,1993,3.39
179,2,1994,3.39
179,2,1995,3.4
179,2,1996,3.46
179,2,1997,3.53
179,2,1998,3.59
179,2,1999,3.62
179,2,2000,3.67
179,2,2001,3.69
179,2,2002,3.68
179,2,2003,3.66
179,2,2004,3.68
179,2,2005,3.8
179,2,2006,3.95
179,2,2007,4.1
179,2,2008,4.25
179,2,2009,4.3
179,2,2010,4.38
179,2,2011,4.44
179,2,2012,4.39
179,2,2013,4.49
179,2,2014,4.57
179,2,2015,4.62
179,2,2016,4.64
179,2,2017,4.66
179,2,2018,4.71
179,2,2019,4.78
179,2,2020,4.62
179,2,2021,4.69
179,2,2022,5.51
179,2,2023,5.96
180,1,1980,9.46
180,1,1981,9.03
180,1,1982,8.63
180,1,1983,8.25
180,1,1984,7.91
180,1,1985,7.57
180,1,1986,7.25
180,1,1987,6.92
180,1,1988,6.68
180,1,1989,6.47
180,1,1990,6.31
180,1,1991,6.31
180,1,1992,6.37
180,1,1993,6.49
180,1,1994,6.67
180,1,1995,6.86
180,1,1996,7.06
180,1,1997,7.23
180,1,1998,7.32
180,1,1999,7.37
180,1,2000,7.39
180,1,2001,7.37
180,1,2002,7.36
180,1,2003,7.07
180,1,2004,7.03
180,1,2005,6.84
180,1,2006,6.58
180,1,2007,6.23
180,1,2008,6
180,1,2009,5.8
180,1,2010,5.59
180,1,2011,5.54
180,1,2012,5.43
180,1,2013,5.3
180,1,2014,5.11
180,1,2015,5.04
180,1,2016,4.94
180,1,2017,4.87
180,1,2018,4.79
180,1,2019,4.72
180,1,2020,5.31
180,1,2021,5.99
180,1,2022,4.82
180,1,2023,5.16
180,2,1980,7.2
180,2,1981,6.94
180,2,1982,6.69
180,2,1983,6.44
180,2,1984,6.18
180,2,1985,5.92
180,2,1986,5.64
180,2,1987,5.36
180,2,1988,5.11
180,2,1989,4.85
180,2,1990,4.64
180,2,1991,4.59
180,2,1992,4.56
180,2,1993,4.57
180,2,1994,4.56
180,2,1995,4.56
180,2,1996,4.59
180,2,1997,4.64
180,2,1998,4.69
180,2,1999,4.71
180,2,2000,4.79
180,2,2001,4.71
180,2,2002,4.72
180,2,2003,4.5
180,2,2004,4.45
180,2,2005,4.35
180,2,2006,4.25
180,2,2007,4.08
180,2,2008,3.98
180,2,2009,3.88
180,2,2010,3.79
180,2,2011,3.81
180,2,2012,3.77
180,2,2013,3.69
180,2,2014,3.54
180,2,2015,3.58
180,2,2016,3.57
180,2,2017,3.6
180,2,2018,3.6
180,2,2019,3.58
180,2,2020,3.47
180,2,2021,3.74
180,2,2022,3.72
180,2,2023,3.99
181,1,1980,20.12
181,1,1981,19.64
181,1,1982,18.31
181,1,1983,18.19
181,1,1984,17.55
181,1,1985,17.16
181,1,1986,16.45
181,1,1987,15.8
181,1,1988,15.76
181,1,1989,15.28
181,1,1990,15.02
181,1,1991,15.15
181,1,1992,15.28
181,1,1993,14.9
181,1,1994,15.04
181,1,1995,14.72
181,1,1996,14.4
181,1,1997,14.15
181,1,1998,13.71
181,1,1999,13.53
181,1,2000,13.29
181,1,2001,12.91
181,1,2002,12.29
181,1,2003,11.52
181,1,2004,11.03
181,1,2005,10.64
181,1,2006,10.56
181,1,2007,10.57
181,1,2008,10.62
181,1,2009,10.52
181,1,2010,10.44
181,1,2011,10.36
181,1,2012,10.27
181,1,2013,10.1
181,1,2014,9.9
181,1,2015,9.76
181,1,2016,9.68
181,1,2017,9.62
181,1,2018,9.63
181,1,2019,9.57
181,1,2020,9.66
181,1,2021,10.44
181,1,2022,10.7
181,1,2023,11.25
181,2,1980,12.66
181,2,1981,12.27
181,2,1982,11.99
181,2,1983,11.55
181,2,1984,11.37
181,2,1985,11.04
181,2,1986,10.57
181,2,1987,10.38
181,2,1988,10.24
181,2,1989,9.97
181,2,1990,9.99
181,2,1991,9.99
181,2,1992,9.95
181,2,1993,9.74
181,2,1994,9.72
181,2,1995,9.21
181,2,1996,8.94
181,2,1997,8.5
181,2,1998,8.11
181,2,1999,7.96
181,2,2000,7.74
181,2,2001,7.53
181,2,2002,7.18
181,2,2003,6.85
181,2,2004,6.59
181,2,2005,6.46
181,2,2006,6.45
181,2,2007,6.51
181,2,2008,6.59
181,2,2009,6.59
181,2,2010,6.58
181,2,2011,6.54
181,2,2012,6.49
181,2,2013,6.4
181,2,2014,6.27
181,2,2015,6.22
181,2,2016,6.2
181,2,2017,6.2
181,2,2018,6.27
181,2,2019,6.27
181,2,2020,5.82
181,2,2021,5.97
181,2,2022,7.01
181,2,2023,7.7
182,1,1980,8.28
182,1,1981,8.23
182,1,1982,8.13
182,1,1983,8.07
182,1,1984,8
182,1,1985,7.95
182,1,1986,7.9
182,1,1987,7.78
182,1,1988,7.59
182,1,1989,7.33
182,1,1990,7.07
182,1,1991,6.99
182,1,1992,6.92
182,1,1993,6.92
182,1,1994,6.85
182,1,1995,6.95
182,1,1996,7.02
182,1,1997,7.15
182,1,1998,7.26
182,1,1999,7.35
182,1,2000,7.64
182,1,2001,7.66
182,1,2002,7.73
182,1,2003,7.58
182,1,2004,7.62
182,1,2005,7.45
182,1,2006,6.83
182,1,2007,6.31
182,1,2008,5.99
182,1,2009,5.84
182,1,2010,6.12
182,1,2011,6.21
182,1,2012,6.2
182,1,2013,6.12
182,1,2014,6.09
182,1,2015,6.12
182,1,2016,6.05
182,1,2017,6.03
182,1,2018,5.98
182,1,2019,5.95
182,1,2020,6.05
182,1,2021,9.25
182,1,2022,6.65
182,1,2023,7.34
182,2,1980,4.56
182,2,1981,4.62
182,2,1982,4.68
182,2,1983,4.72
182,2,1984,4.75
182,2,1985,4.77
182,2,1986,4.74
182,2,1987,4.66
182,2,1988,4.5
182,2,1989,4.28
182,2,1990,4.04
182,2,1991,3.95
182,2,1992,3.86
182,2,1993,3.79
182,2,1994,3.66
182,2,1995,3.63
182,2,1996,3.57
182,2,1997,3.56
182,2,1998,3.55
182,2,1999,3.52
182,2,2000,3.64
182,2,2001,3.68
182,2,2002,3.76
182,2,2003,3.69
182,2,2004,3.71
182,2,2005,3.63
182,2,2006,3.42
182,2,2007,3.26
182,2,2008,3.21
182,2,2009,3.22
182,2,2010,3.39
182,2,2011,3.47
182,2,2012,3.48
182,2,2013,3.41
182,2,2014,3.36
182,2,2015,3.36
182,2,2016,3.34
182,2,2017,3.38
182,2,2018,3.41
182,2,2019,3.42
182,2,2020,3.28
182,2,2021,3.82
182,2,2022,3.77
182,2,2023,4.2
183,1,1980,0.06
183,1,1981,1.46
183,1,1982,2.8
183,1,1983,4.05
183,1,1984,3.59
183,1,1985,3.92
183,1,1986,4.25
183,1,1987,5.5
183,1,1988,4.48
183,1,1989,4.68
183,1,1990,4.36
183,1,1991,1.07
183,1,1992,0.74
183,1,1993,0.72
183,1,1994,0.38
183,1,1995,0.4
183,1,1996,0.48
183,1,1997,1.04
183,1,1998,1.34
183,1,1999,1.42
183,1,2000,1.73
183,1,2001,1.77
183,1,2002,1.74
183,1,2003,1.71
183,1,2004,1.79
183,1,2005,1.81
183,1,2006,1.81
183,1,2007,1.83
183,1,2008,1.74
183,1,2009,1.63
183,1,2010,1.68
183,1,2011,1.7
183,1,2012,1.68
183,1,2013,1.67
183,1,2014,1.61
183,1,2015,1.64
183,1,2016,1.61
183,1,2017,1.54
183,1,2018,1.7
183,1,2019,1.61
183,1,2020,1.42
183,1,2021,1.22
183,1,2022,1.33
183,1,2023,1.44
183,2,1980,0.03
183,2,1981,1.51
183,2,1982,3.7
183,2,1983,3.31
183,2,1984,2.51
183,2,1985,3.77
183,2,1986,3.25
183,2,1987,3.21
183,2,1988,3.47
183,2,1989,3.4
183,2,1990,2.81
183,2,1991,1.01
183,2,1992,0.69
183,2,1993,0.38
183,2,1994,0.2
183,2,1995,0.31
183,2,1996,0.31
183,2,1997,0.74
183,2,1998,0.95
183,2,1999,1.16
183,2,2000,1.23
183,2,2001,1.2
183,2,2002,1.2
183,2,2003,1.16
183,2,2004,1.27
183,2,2005,1.25
183,2,2006,1.05
183,2,2007,0.97
183,2,2008,0.88
183,2,2009,0.87
183,2,2010,0.87
183,2,2011,0.93
183,2,2012,0.94
183,2,2013,0.94
183,2,2014,0.91
183,2,2015,0.92
183,2,2016,0.93
183,2,2017,0.92
183,2,2018,1.04
183,2,2019,0.99
183,2,2020,0.84
183,2,2021,0.68
183,2,2022,0.74
183,2,2023,0.79
184,1,1980,24.21
184,1,1981,23.68
184,1,1982,23.14
184,1,1983,22.7
184,1,1984,22.05
184,1,1985,21.47
184,1,1986,21.19
184,1,1987,20.7
184,1,1988,20.2
184,1,1989,19.66
184,1,1990,19.28
184,1,1991,19.45
184,1,1992,19.64
184,1,1993,19.79
184,1,1994,20.03
184,1,1995,20.48
184,1,1996,20.97
184,1,1997,21.41
184,1,1998,21.92
184,1,1999,22.31
184,1,2000,22.84
184,1,2001,22.63
184,1,2002,23.14
184,1,2003,22.76
184,1,2004,22.68
184,1,2005,22.57
184,1,2006,22.23
184,1,2007,21.45
184,1,2008,20.96
184,1,2009,20.04
184,1,2010,19.22
184,1,2011,18.85
184,1,2012,19.09
184,1,2013,19.03
184,1,2014,18.37
184,1,2015,18.03
184,1,2016,18.04
184,1,2017,17.76
184,1,2018,17.8
184,1,2019,18.27
184,1,2020,18.38
184,1,2021,20.3
184,1,2022,18.4
184,1,2023,20.66
184,2,1980,10.88
184,2,1981,10.77
184,2,1982,10.65
184,2,1983,10.51
184,2,1984,10.36
184,2,1985,10.09
184,2,1986,10.05
184,2,1987,9.87
184,2,1988,9.69
184,2,1989,9.45
184,2,1990,9.33
184,2,1991,9.15
184,2,1992,9.12
184,2,1993,9.09
184,2,1994,9.1
184,2,1995,9.18
184,2,1996,9.22
184,2,1997,9.27
184,2,1998,9.39
184,2,1999,9.52
184,2,2000,9.69
184,2,2001,9.51
184,2,2002,9.67
184,2,2003,9.4
184,2,2004,9.29
184,2,2005,9.18
184,2,2006,9.19
184,2,2007,9.04
184,2,2008,9.17
184,2,2009,8.87
184,2,2010,8.57
184,2,2011,8.31
184,2,2012,8.25
184,2,2013,8.13
184,2,2014,7.86
184,2,2015,7.86
184,2,2016,7.78
184,2,2017,7.71
184,2,2018,7.64
184,2,2019,7.73
184,2,2020,7.59
184,2,2021,7.13
184,2,2022,7.61
184,2,2023,8.41
185,1,1980,12.7
185,1,1981,12.49
185,1,1982,12.28
185,1,1983,12.01
185,1,1984,11.76
185,1,1985,11.49
185,1,1986,11.24
185,1,1987,10.97
185,1,1988,10.75
185,1,1989,10.57
185,1,1990,10.49
185,1,1991,10.65
185,1,1992,10.76
185,1,1993,10.79
185,1,1994,12.27
185,1,1995,10.81
185,1,1996,10.67
185,1,1997,10.43
185,1,1998,10.18
185,1,1999,9.97
185,1,2000,9.71
185,1,2001,9.34
185,1,2002,9.19
185,1,2003,9.04
185,1,2004,9.22
185,1,2005,9.26
185,1,2006,9.4
185,1,2007,9.28
185,1,2008,9.08
185,1,2009,8.91
185,1,2010,8.77
185,1,2011,8.73
185,1,2012,8.74
185,1,2013,8.82
185,1,2014,8.76
185,1,2015,8.67
185,1,2016,8.5
185,1,2017,8.44
185,1,2018,8.41
185,1,2019,8.46
185,1,2020,8.47
185,1,2021,8.99
185,1,2022,9.14
185,1,2023,10.47
185,2,1980,6.69
185,2,1981,6.65
185,2,1982,6.62
185,2,1983,6.56
185,2,1984,6.46
185,2,1985,6.32
185,2,1986,6.14
185,2,1987,5.97
185,2,1988,5.83
185,2,1989,5.69
185,2,1990,5.64
185,2,1991,5.7
185,2,1992,5.79
185,2,1993,5.81
185,2,1994,6.84
185,2,1995,5.5
185,2,1996,5.28
185,2,1997,5.11
185,2,1998,4.89
185,2,1999,4.68
185,2,2000,4.49
185,2,2001,4.26
185,2,2002,4.14
185,2,2003,4.02
185,2,2004,4.07
185,2,2005,4.18
185,2,2006,4.33
185,2,2007,4.32
185,2,2008,4.26
185,2,2009,4.23
185,2,2010,4.17
185,2,2011,4.17
185,2,2012,4.17
185,2,2013,4.25
185,2,2014,4.24
185,2,2015,4.19
185,2,2016,4.11
185,2,2017,4.1
185,2,2018,4.13
185,2,2019,4.2
185,2,2020,4.16
185,2,2021,4.15
185,2,2022,4.64
185,2,2023,5.23
186,1,1980,11.14
186,1,1981,10.77
186,1,1982,10.54
186,1,1983,10.75
186,1,1984,10.99
186,1,1985,11.14
186,1,1986,11.49
186,1,1987,11.99
186,1,1988,11.64
186,1,1989,11.39
186,1,1990,11.27
186,1,1991,11.49
186,1,1992,11.46
186,1,1993,11.26
186,1,1994,10.71
186,1,1995,10.27
186,1,1996,9.84
186,1,1997,9.47
186,1,1998,9.14
186,1,1999,8.86
186,1,2000,8.73
186,1,2001,8.6
186,1,2002,8.41
186,1,2003,8.34
186,1,2004,8.32
186,1,2005,8.3
186,1,2006,8.22
186,1,2007,8.21
186,1,2008,8.17
186,1,2009,8.08
186,1,2010,7.97
186,1,2011,7.86
186,1,2012,7.8
186,1,2013,7.71
186,1,2014,7.56
186,1,2015,7.36
186,1,2016,7.16
186,1,2017,6.89
186,1,2018,6.55
186,1,2019,6.39
186,1,2020,6.28
186,1,2021,6.6
186,1,2022,6.18
186,1,2023,7.3
186,2,1980,6.78
186,2,1981,6.51
186,2,1982,6.31
186,2,1983,5.91
186,2,1984,5.56
186,2,1985,5.32
186,2,1986,4.95
186,2,1987,4.66
186,2,1988,4.47
186,2,1989,4.29
186,2,1990,4.08
186,2,1991,3.91
186,2,1992,3.68
186,2,1993,3.44
186,2,1994,3.18
186,2,1995,2.94
186,2,1996,2.75
186,2,1997,2.59
186,2,1998,2.48
186,2,1999,2.4
186,2,2000,2.36
186,2,2001,2.33
186,2,2002,2.3
186,2,2003,2.27
186,2,2004,2.27
186,2,2005,2.23
186,2,2006,2.15
186,2,2007,2.11
186,2,2008,2.06
186,2,2009,2.03
186,2,2010,1.98
186,2,2011,1.94
186,2,2012,1.89
186,2,2013,1.86
186,2,2014,1.8
186,2,2015,1.76
186,2,2016,1.75
186,2,2017,1.68
186,2,2018,1.64
186,2,2019,1.65
186,2,2020,1.57
186,2,2021,1.77
186,2,2022,1.74
186,2,2023,1.92
187,1,1980,7.27
187,1,1981,7.34
187,1,1982,7.38
187,1,1983,7.76
187,1,1984,8.16
187,1,1985,8.37
187,1,1986,8.51
187,1,1987,8.38
187,1,1988,8.28
187,1,1989,8.21
187,1,1990,8.11
187,1,1991,8.12
187,1,1992,8.22
187,1,1993,8.05
187,1,1994,8.12
187,1,1995,7.91
187,1,1996,7.91
187,1,1997,7.94
187,1,1998,7.97
187,1,1999,7.95
187,1,2000,8.1
187,1,2001,8.04
187,1,2002,7.99
187,1,2003,7.84
187,1,2004,7.84
187,1,2005,7.84
187,1,2006,7.63
187,1,2007,7.46
187,1,2008,7.19
187,1,2009,7.02
187,1,2010,6.84
187,1,2011,6.74
187,1,2012,6.62
187,1,2013,6.54
187,1,2014,6.46
187,1,2015,6.35
187,1,2016,6.29
187,1,2017,6.19
187,1,2018,6.1
187,1,2019,6.1
187,1,2020,6.43
187,1,2021,8.51
187,1,2022,6.53
187,1,2023,6.64
187,2,1980,3.86
187,2,1981,4.03
187,2,1982,4.16
187,2,1983,4.51
187,2,1984,4.91
187,2,1985,5.14
187,2,1986,5.33
187,2,1987,5.31
187,2,1988,5.26
187,2,1989,5.22
187,2,1990,5.17
187,2,1991,5.13
187,2,1992,5.24
187,2,1993,5.07
187,2,1994,5.11
187,2,1995,4.95
187,2,1996,4.93
187,2,1997,4.95
187,2,1998,4.97
187,2,1999,4.99
187,2,2000,5.13
187,2,2001,5.1
187,2,2002,5.09
187,2,2003,5.01
187,2,2004,5.02
187,2,2005,5.02
187,2,2006,4.87
187,2,2007,4.78
187,2,2008,4.62
187,2,2009,4.53
187,2,2010,4.43
187,2,2011,4.37
187,2,2012,4.29
187,2,2013,4.22
187,2,2014,4.2
187,2,2015,4.16
187,2,2016,4.15
187,2,2017,4.11
187,2,2018,4.08
187,2,2019,4.1
187,2,2020,3.72
187,2,2021,4.13
187,2,2022,4.21
187,2,2023,4.29
189,1,1980,7.69
189,1,1981,7.49
189,1,1982,7.27
189,1,1983,7.12
189,1,1984,6.94
189,1,1985,6.76
189,1,1986,6.58
189,1,1987,6.43
189,1,1988,6.3
189,1,1989,6.19
189,1,1990,6.1
189,1,1991,6.2
189,1,1992,6.32
189,1,1993,6.34
189,1,1994,6.39
189,1,1995,6.41
189,1,1996,6.45
189,1,1997,6.5
189,1,1998,6.45
189,1,1999,6.29
189,1,2000,6.2
189,1,2001,6.08
189,1,2002,6.04
189,1,2003,5.97
189,1,2004,5.92
189,1,2005,5.82
189,1,2006,5.78
189,1,2007,5.79
189,1,2008,5.77
189,1,2009,5.72
189,1,2010,5.67
189,1,2011,5.71
189,1,2012,5.82
189,1,2013,5.82
189,1,2014,5.7
189,1,2015,5.62
189,1,2016,5.56
189,1,2017,5.51
189,1,2018,5.37
189,1,2019,5.23
189,1,2020,5.27
189,1,2021,5.73
189,1,2022,4.98
189,1,2023,5.4
189,2,1980,3.6
189,2,1981,3.53
189,2,1982,3.46
189,2,1983,3.39
189,2,1984,3.29
189,2,1985,3.19
189,2,1986,3.1
189,2,1987,3.03
189,2,1988,2.97
189,2,1989,2.88
189,2,1990,2.81
189,2,1991,2.79
189,2,1992,2.82
189,2,1993,2.79
189,2,1994,2.77
189,2,1995,2.75
189,2,1996,2.75
189,2,1997,2.82
189,2,1998,2.84
189,2,1999,2.83
189,2,2000,2.84
189,2,2001,2.84
189,2,2002,2.88
189,2,2003,2.9
189,2,2004,2.93
189,2,2005,2.92
189,2,2006,2.9
189,2,2007,2.88
189,2,2008,2.83
189,2,2009,2.77
189,2,2010,2.73
189,2,2011,2.72
189,2,2012,2.73
189,2,2013,2.69
189,2,2014,2.62
189,2,2015,2.56
189,2,2016,2.5
189,2,2017,2.45
189,2,2018,2.38
189,2,2019,2.32
189,2,2020,2.31
189,2,2021,2.59
189,2,2022,2.18
189,2,2023,2.38
190,1,1980,10.13
190,1,1981,9.54
190,1,1982,10.22
190,1,1983,10.18
190,1,1984,10.06
190,1,1985,9.95
190,1,1986,9.91
190,1,1987,10.03
190,1,1988,10.08
190,1,1989,10.5
190,1,1990,10.59
190,1,1991,11.01
190,1,1992,11.01
190,1,1993,11.12
190,1,1994,11.24
190,1,1995,11.12
190,1,1996,11.05
190,1,1997,10.88
190,1,1998,10.83
190,1,1999,10.7
190,1,2000,10.74
190,1,2001,10.56
190,1,2002,10.39
190,1,2003,10.07
190,1,2004,9.95
190,1,2005,9.83
190,1,2006,9.91
190,1,2007,10.03
190,1,2008,10.05
190,1,2009,10
190,1,2010,9.78
190,1,2011,9.67
190,1,2012,9.54
190,1,2013,9.29
190,1,2014,9.12
190,1,2015,8.92
190,1,2016,8.63
190,1,2017,8.39
190,1,2018,8.16
190,1,2019,7.96
190,1,2020,7.9
190,1,2021,9.27
190,1,2022,8.45
190,1,2023,9.13
190,2,1980,6.77
190,2,1981,6.35
190,2,1982,6.96
190,2,1983,6.86
190,2,1984,6.64
190,2,1985,6.38
190,2,1986,6.19
190,2,1987,6.07
190,2,1988,5.93
190,2,1989,6.08
190,2,1990,6.08
190,2,1991,6.26
190,2,1992,6.2
190,2,1993,6.29
190,2,1994,6.34
190,2,1995,6.29
190,2,1996,6.27
190,2,1997,6.2
190,2,1998,6.17
190,2,1999,6.07
190,2,2000,6.13
190,2,2001,6.11
190,2,2002,6.13
190,2,2003,6.08
190,2,2004,6.11
190,2,2005,6.19
190,2,2006,6.31
190,2,2007,6.31
190,2,2008,6.3
190,2,2009,6.21
190,2,2010,6
190,2,2011,5.94
190,2,2012,6
190,2,2013,6.01
190,2,2014,5.83
190,2,2015,5.73
190,2,2016,5.57
190,2,2017,5.51
190,2,2018,5.49
190,2,2019,5.47
190,2,2020,5.38
190,2,2021,5.87
190,2,2022,6.03
190,2,2023,6.48
191,1,1980,4.62
191,1,1981,4.45
191,1,1982,4.27
191,1,1983,4.14
191,1,1984,4.02
191,1,1985,3.94
191,1,1986,3.86
191,1,1987,3.83
191,1,1988,3.82
191,1,1989,3.82
191,1,1990,3.85
191,1,1991,3.96
191,1,1992,4.08
191,1,1993,4.19
191,1,1994,4.32
191,1,1995,4.44
191,1,1996,4.56
191,1,1997,4.64
191,1,1998,4.68
191,1,1999,4.69
191,1,2000,4.67
191,1,2001,4.76
191,1,2002,4.62
191,1,2003,4.4
191,1,2004,4.23
191,1,2005,4.18
191,1,2006,4.17
191,1,2007,4.07
191,1,2008,4.05
191,1,2009,4.08
191,1,2010,4.11
191,1,2011,4.2
191,1,2012,4.21
191,1,2013,4.19
191,1,2014,4.18
191,1,2015,4.21
191,1,2016,4.22
191,1,2017,4.19
191,1,2018,4.13
191,1,2019,4.11
191,1,2020,4.37
191,1,2021,5.3
191,1,2022,4.2
191,1,2023,4.55
191,2,1980,4.09
191,2,1981,3.99
191,2,1982,3.89
191,2,1983,3.82
191,2,1984,3.73
191,2,1985,3.66
191,2,1986,3.56
191,2,1987,3.46
191,2,1988,3.35
191,2,1989,3.22
191,2,1990,3.11
191,2,1991,3.07
191,2,1992,3.03
191,2,1993,2.99
191,2,1994,2.94
191,2,1995,2.91
191,2,1996,2.92
191,2,1997,2.93
191,2,1998,2.95
191,2,1999,2.97
191,2,2000,3
191,2,2001,3.11
191,2,2002,3
191,2,2003,2.93
191,2,2004,2.92
191,2,2005,2.94
191,2,2006,2.96
191,2,2007,2.93
191,2,2008,2.99
191,2,2009,3.02
191,2,2010,3.02
191,2,2011,3.03
191,2,2012,2.99
191,2,2013,2.94
191,2,2014,2.9
191,2,2015,2.91
191,2,2016,2.93
191,2,2017,2.94
191,2,2018,2.91
191,2,2019,2.93
191,2,2020,2.95
191,2,2021,3.19
191,2,2022,3.23
191,2,2023,3.51
193,1,1980,6
193,1,1981,5.66
193,1,1982,5.35
193,1,1983,5.06
193,1,1984,4.8
193,1,1985,4.6
193,1,1986,4.43
193,1,1987,4.31
193,1,1988,4.1
193,1,1989,4.14
193,1,1990,4.23
193,1,1991,4.36
193,1,1992,4.57
193,1,1993,4.8
193,1,1994,5.21
193,1,1995,5.73
193,1,1996,6.36
193,1,1997,7.19
193,1,1998,8.09
193,1,1999,8.8
193,1,2000,9.32
193,1,2001,9.55
193,1,2002,8.88
193,1,2003,7.53
193,1,2004,6.29
193,1,2005,5.69
193,1,2006,5.76
193,1,2007,5.25
193,1,2008,5.11
193,1,2009,4.98
193,1,2010,4.9
193,1,2011,4.95
193,1,2012,5.03
193,1,2013,5.13
193,1,2014,5.18
193,1,2015,5.31
193,1,2016,5.49
193,1,2017,5.53
193,1,2018,5.67
193,1,2019,5.86
193,1,2020,6.01
193,1,2021,6.56
193,1,2022,6.66
193,1,2023,7.16
193,2,1980,5
193,2,1981,4.71
193,2,1982,4.47
193,2,1983,4.23
193,2,1984,3.99
193,2,1985,3.77
193,2,1986,3.55
193,2,1987,3.34
193,2,1988,3.01
193,2,1989,2.82
193,2,1990,2.6
193,2,1991,2.42
193,2,1992,2.28
193,2,1993,2.15
193,2,1994,2.11
193,2,1995,2.11
193,2,1996,2.18
193,2,1997,2.32
193,2,1998,2.55
193,2,1999,2.82
193,2,2000,3.12
193,2,2001,3.3
193,2,2002,3.21
193,2,2003,2.87
193,2,2004,2.53
193,2,2005,2.42
193,2,2006,2.81
193,2,2007,2.34
193,2,2008,2.3
193,2,2009,2.31
193,2,2010,2.26
193,2,2011,2.23
193,2,2012,2.24
193,2,2013,2.24
193,2,2014,2.26
193,2,2015,2.33
193,2,2016,2.43
193,2,2017,2.48
193,2,2018,2.56
193,2,2019,2.63
193,2,2020,2.7
193,2,2021,3.2
193,2,2022,3.05
193,2,2023,3.21
194,1,1980,12.87
194,1,1981,12.56
194,1,1982,12.3
194,1,1983,12.03
194,1,1984,11.77
194,1,1985,11.52
194,1,1986,11.31
194,1,1987,11.06
194,1,1988,10.83
194,1,1989,10.57
194,1,1990,10.28
194,1,1991,10.1
194,1,1992,9.9
194,1,1993,9.86
194,1,1994,9.85
194,1,1995,10.09
194,1,1996,10.57
194,1,1997,11.12
194,1,1998,11.72
194,1,1999,12.42
194,1,2000,13.44
194,1,2001,15.85
194,1,2002,17.75
194,1,2003,17.15
194,1,2004,16.31
194,1,2005,14.12
194,1,2006,11.12
194,1,2007,9.19
194,1,2008,8.48
194,1,2009,8.6
194,1,2010,8.96
194,1,2011,9.28
194,1,2012,9.72
194,1,2013,10.31
194,1,2014,11.04
194,1,2015,11.33
194,1,2016,10.53
194,1,2017,9.7
194,1,2018,9.4
194,1,2019,9.37
194,1,2020,9.05
194,1,2021,9.6
194,1,2022,10.9
194,1,2023,11.76
194,2,1980,8.59
194,2,1981,8.39
194,2,1982,8.22
194,2,1983,8.04
194,2,1984,7.85
194,2,1985,7.63
194,2,1986,7.44
194,2,1987,7.25
194,2,1988,7.05
194,2,1989,6.83
194,2,1990,6.62
194,2,1991,6.52
194,2,1992,6.38
194,2,1993,6.27
194,2,1994,6.15
194,2,1995,6.07
194,2,1996,6.16
194,2,1997,6.29
194,2,1998,6.27
194,2,1999,6.26
194,2,2000,6.29
194,2,2001,7.41
194,2,2002,8.3
194,2,2003,7.37
194,2,2004,6.6
194,2,2005,5.51
194,2,2006,4.56
194,2,2007,4.08
194,2,2008,4.03
194,2,2009,4.21
194,2,2010,4.33
194,2,2011,4.47
194,2,2012,4.51
194,2,2013,4.55
194,2,2014,4.58
194,2,2015,4.6
194,2,2016,4.58
194,2,2017,4.58
194,2,2018,4.57
194,2,2019,4.56
194,2,2020,4.44
194,2,2021,4.87
194,2,2022,5.29
194,2,2023,5.54
195,1,1980,4.54
195,1,1981,4.39
195,1,1982,4.22
195,1,1983,4.07
195,1,1984,3.94
195,1,1985,3.82
195,1,1986,3.73
195,1,1987,3.64
195,1,1988,3.56
195,1,1989,3.51
195,1,1990,3.47
195,1,1991,3.49
195,1,1992,3.49
195,1,1993,3.45
195,1,1994,3.4
195,1,1995,3.3
195,1,1996,3.23
195,1,1997,3.23
195,1,1998,3.23
195,1,1999,3.26
195,1,2000,3.28
195,1,2001,3.25
195,1,2002,3.27
195,1,2003,3.26
195,1,2004,3.12
195,1,2005,3
195,1,2006,2.88
195,1,2007,2.88
195,1,2008,2.92
195,1,2009,2.97
195,1,2010,2.98
195,1,2011,3.09
195,1,2012,3.16
195,1,2013,3.18
195,1,2014,3.13
195,1,2015,3.14
195,1,2016,3.15
195,1,2017,3.08
195,1,2018,3
195,1,2019,3.07
195,1,2020,3.12
195,1,2021,3.87
195,1,2022,3.35
195,1,2023,3.47
195,2,1980,2.72
195,2,1981,2.64
195,2,1982,2.56
195,2,1983,2.48
195,2,1984,2.41
195,2,1985,2.34
195,2,1986,2.28
195,2,1987,2.22
195,2,1988,2.18
195,2,1989,2.15
195,2,1990,2.12
195,2,1991,2.11
195,2,1992,2.07
195,2,1993,1.98
195,2,1994,1.9
195,2,1995,1.79
195,2,1996,1.71
195,2,1997,1.66
195,2,1998,1.63
195,2,1999,1.63
195,2,2000,1.64
195,2,2001,1.62
195,2,2002,1.67
195,2,2003,1.66
195,2,2004,1.58
195,2,2005,1.54
195,2,2006,1.53
195,2,2007,1.59
195,2,2008,1.67
195,2,2009,1.69
195,2,2010,1.67
195,2,2011,1.71
195,2,2012,1.75
195,2,2013,1.75
195,2,2014,1.67
195,2,2015,1.65
195,2,2016,1.64
195,2,2017,1.64
195,2,2018,1.69
195,2,2019,1.74
195,2,2020,1.7
195,2,2021,1.84
195,2,2022,1.84
195,2,2023,1.94
196,1,1980,8.88
196,1,1981,8.7
196,1,1982,8.69
196,1,1983,8.56
196,1,1984,8.42
196,1,1985,8.1
196,1,1986,8.13
196,1,1987,8.17
196,1,1988,8.08
196,1,1989,8.14
196,1,1990,8.17
196,1,1991,8.17
196,1,1992,8.36
196,1,1993,8.99
196,1,1994,9.64
196,1,1995,9.76
196,1,1996,10.74
196,1,1997,11.04
196,1,1998,11.33
196,1,1999,11.24
196,1,2000,10.74
196,1,2001,10.45
196,1,2002,10.09
196,1,2003,9.68
196,1,2004,8.99
196,1,2005,8.62
196,1,2006,8.59
196,1,2007,8.56
196,1,2008,8.52
196,1,2009,8.75
196,1,2010,8.89
196,1,2011,9.1
196,1,2012,9.18
196,1,2013,9.21
196,1,2014,9.29
196,1,2015,9.24
196,1,2016,9.04
196,1,2017,8.88
196,1,2018,8.8
196,1,2019,8.51
196,1,2020,8.15
196,1,2021,8.67
196,1,2022,8.81
196,1,2023,9.28
196,2,1980,3.89
196,2,1981,3.8
196,2,1982,3.72
196,2,1983,3.6
196,2,1984,3.45
196,2,1985,3.46
196,2,1986,3.23
196,2,1987,3.1
196,2,1988,3.16
196,2,1989,3.09
196,2,1990,3.2
196,2,1991,3.27
196,2,1992,3.25
196,2,1993,3.55
196,2,1994,3.7
196,2,1995,3.9
196,2,1996,4.22
196,2,1997,4.18
196,2,1998,4.3
196,2,1999,4.23
196,2,2000,4.13
196,2,2001,4.04
196,2,2002,3.92
196,2,2003,3.72
196,2,2004,3.47
196,2,2005,3.47
196,2,2006,3.54
196,2,2007,3.62
196,2,2008,3.73
196,2,2009,3.93
196,2,2010,4.06
196,2,2011,4.17
196,2,2012,4.19
196,2,2013,4.25
196,2,2014,4.3
196,2,2015,4.31
196,2,2016,4.27
196,2,2017,4.24
196,2,2018,4.27
196,2,2019,4.1
196,2,2020,3.73
196,2,2021,3.79
196,2,2022,4.08
196,2,2023,4.44
197,1,1980,6.94
197,1,1981,6.7
197,1,1982,6.5
197,1,1983,6.31
197,1,1984,6.16
197,1,1985,6.01
197,1,1986,5.88
197,1,1987,5.74
197,1,1988,5.64
197,1,1989,5.57
197,1,1990,5.53
197,1,1991,5.55
197,1,1992,5.62
197,1,1993,5.66
197,1,1994,5.65
197,1,1995,5.59
197,1,1996,5.55
197,1,1997,5.69
197,1,1998,5.8
197,1,1999,6.07
197,1,2000,6.42
197,1,2001,6.97
197,1,2002,7.39
197,1,2003,7.93
197,1,2004,8.45
197,1,2005,8.39
197,1,2006,7.65
197,1,2007,7.04
197,1,2008,6.9
197,1,2009,6.76
197,1,2010,6.36
197,1,2011,5.94
197,1,2012,5.63
197,1,2013,5.25
197,1,2014,4.78
197,1,2015,4.35
197,1,2016,4.07
197,1,2017,4.04
197,1,2018,4.17
197,1,2019,4.23
197,1,2020,4.45
197,1,2021,4.71
197,1,2022,4.54
197,1,2023,4.74
197,2,1980,8.87
197,2,1981,8.52
197,2,1982,8.19
197,2,1983,7.84
197,2,1984,7.52
197,2,1985,7.2
197,2,1986,6.88
197,2,1987,6.58
197,2,1988,6.33
197,2,1989,6.12
197,2,1990,5.93
197,2,1991,5.89
197,2,1992,5.85
197,2,1993,5.63
197,2,1994,5.31
197,2,1995,4.86
197,2,1996,4.43
197,2,1997,4.05
197,2,1998,3.74
197,2,1999,3.55
197,2,2000,3.47
197,2,2001,3.62
197,2,2002,3.67
197,2,2003,3.97
197,2,2004,4.33
197,2,2005,4.56
197,2,2006,4.56
197,2,2007,4.32
197,2,2008,4.18
197,2,2009,4.16
197,2,2010,4.15
197,2,2011,4.12
197,2,2012,4.02
197,2,2013,3.88
197,2,2014,3.72
197,2,2015,3.54
197,2,2016,3.48
197,2,2017,3.5
197,2,2018,3.54
197,2,2019,3.58
197,2,2020,3.94
197,2,2021,4.13
197,2,2022,3.99
197,2,2023,4.09
198,1,1980,22.82
198,1,1981,21.75
198,1,1982,20.48
198,1,1983,19.12
198,1,1984,17.9
198,1,1985,16.71
198,1,1986,15.76
198,1,1987,15.11
198,1,1988,14.59
198,1,1989,14.47
198,1,1990,14.56
198,1,1991,15.48
198,1,1992,17.88
198,1,1993,19.42
198,1,1994,21.6
198,1,1995,23.25
198,1,1996,25.05
198,1,1997,26.48
198,1,1998,26.78
198,1,1999,26.39
198,1,2000,25.49
198,1,2001,25.22
198,1,2002,24.69
198,1,2003,24.03
198,1,2004,22.44
198,1,2005,20.35
198,1,2006,18.62
198,1,2007,16.62
198,1,2008,16.3
198,1,2009,15.91
198,1,2010,15.25
198,1,2011,15.41
198,1,2012,15.45
198,1,2013,15.1
198,1,2014,14.36
198,1,2015,13.99
198,1,2016,13.89
198,1,2017,13.39
198,1,2018,13.05
198,1,2019,12.76
198,1,2020,12.65
198,1,2021,15.9
198,1,2022,12.33
198,1,2023,12.81
198,2,1980,14.09
198,2,1981,13.08
198,2,1982,11.98
198,2,1983,10.84
198,2,1984,9.78
198,2,1985,8.7
198,2,1986,7.68
198,2,1987,6.71
198,2,1988,5.86
198,2,1989,5.15
198,2,1990,4.62
198,2,1991,4.51
198,2,1992,5.11
198,2,1993,5.37
198,2,1994,5.97
198,2,1995,6.42
198,2,1996,6.91
198,2,1997,7.4
198,2,1998,7.7
198,2,1999,7.87
198,2,2000,7.91
198,2,2001,8.07
198,2,2002,8.26
198,2,2003,8.34
198,2,2004,8.08
198,2,2005,7.55
198,2,2006,7.05
198,2,2007,6.45
198,2,2008,6.54
198,2,2009,6.42
198,2,2010,6.24
198,2,2011,6.55
198,2,2012,6.52
198,2,2013,6.28
198,2,2014,5.99
198,2,2015,5.9
198,2,2016,5.77
198,2,2017,5.48
198,2,2018,5.36
198,2,2019,5.23
198,2,2020,5.08
198,2,2021,5.81
198,2,2022,5.05
198,2,2023,5.33
200,1,1980,14.21
200,1,1981,13.77
200,1,1982,13.43
200,1,1983,13.09
200,1,1984,12.72
200,1,1985,12.41
200,1,1986,12.12
200,1,1987,11.88
200,1,1988,11.59
200,1,1989,11.27
200,1,1990,10.96
200,1,1991,11.13
200,1,1992,11.18
200,1,1993,11.26
200,1,1994,11.22
200,1,1995,11.2
200,1,1996,11.23
200,1,1997,11.28
200,1,1998,11.32
200,1,1999,11.15
200,1,2000,11.13
200,1,2001,10.64
200,1,2002,10.31
200,1,2003,9.86
200,1,2004,9.37
200,1,2005,9.16
200,1,2006,9.15
200,1,2007,8.88
200,1,2008,9.07
200,1,2009,9.18
200,1,2010,9.15
200,1,2011,9.13
200,1,2012,8.89
200,1,2013,8.85
200,1,2014,8.54
200,1,2015,8.25
200,1,2016,7.98
200,1,2017,7.76
200,1,2018,7.53
200,1,2019,7.6
200,1,2020,7.55
200,1,2021,7.4
200,1,2022,7.36
200,1,2023,8.35
200,2,1980,2.2
200,2,1981,2.19
200,2,1982,2.18
200,2,1983,2.18
200,2,1984,2.16
200,2,1985,2.14
200,2,1986,2.12
200,2,1987,2.1
200,2,1988,2.09
200,2,1989,2.05
200,2,1990,2.01
200,2,1991,2.04
200,2,1992,2.03
200,2,1993,2.04
200,2,1994,2.02
200,2,1995,1.99
200,2,1996,1.98
200,2,1997,1.96
200,2,1998,1.95
200,2,1999,1.91
200,2,2000,1.92
200,2,2001,1.84
200,2,2002,1.8
200,2,2003,1.72
200,2,2004,1.66
200,2,2005,1.65
200,2,2006,1.66
200,2,2007,1.63
200,2,2008,1.72
200,2,2009,1.81
200,2,2010,1.83
200,2,2011,1.86
200,2,2012,1.86
200,2,2013,1.89
200,2,2014,1.87
200,2,2015,1.88
200,2,2016,1.87
200,2,2017,1.87
200,2,2018,1.86
200,2,2019,1.92
200,2,2020,1.92
200,2,2021,1.86
200,2,2022,1.86
200,2,2023,1.99
201,1,1980,36
201,1,1981,35.03
201,1,1982,34.38
201,1,1983,33.84
201,1,1984,33.59
201,1,1985,33.09
201,1,1986,32.36
201,1,1987,31.36
201,1,1988,30.48
201,1,1989,29.89
201,1,1990,29.19
201,1,1991,28.99
201,1,1992,28.64
201,1,1993,28.42
201,1,1994,27.81
201,1,1995,27.39
201,1,1996,26.99
201,1,1997,26.3
201,1,1998,25.96
201,1,1999,25.03
201,1,2000,24.44
201,1,2001,23.41
201,1,2002,22.9
201,1,2003,21.7
201,1,2004,21.15
201,1,2005,20.76
201,1,2006,20.39
201,1,2007,19.05
201,1,2008,17.91
201,1,2009,16.79
201,1,2010,15.85
201,1,2011,14.97
201,1,2012,14.25
201,1,2013,13.95
201,1,2014,13.35
201,1,2015,13.16
201,1,2016,12.82
201,1,2017,12.55
201,1,2018,12.12
201,1,2019,11.83
201,1,2020,11.2
201,1,2021,10.82
201,1,2022,12.11
201,1,2023,13.71
201,2,1980,28.05
201,2,1981,27.65
201,2,1982,27.47
201,2,1983,27.43
201,2,1984,27.17
201,2,1985,26.66
201,2,1986,25.75
201,2,1987,24.4
201,2,1988,23
201,2,1989,21.81
201,2,1990,20.9
201,2,1991,19.39
201,2,1992,18.29
201,2,1993,17.53
201,2,1994,16.6
201,2,1995,15.91
201,2,1996,15.29
201,2,1997,14.63
201,2,1998,14.09
201,2,1999,13.47
201,2,2000,13.21
201,2,2001,12.41
201,2,2002,12.27
201,2,2003,11.33
201,2,2004,11.06
201,2,2005,11.04
201,2,2006,11.11
201,2,2007,10.45
201,2,2008,10.06
201,2,2009,9.58
201,2,2010,9.12
201,2,2011,8.82
201,2,2012,8.48
201,2,2013,8.22
201,2,2014,7.73
201,2,2015,7.69
201,2,2016,7.38
201,2,2017,7.12
201,2,2018,6.74
201,2,2019,6.43
201,2,2020,5.83
201,2,2021,5.39
201,2,2022,6.31
201,2,2023,7.41
202,1,1980,66.52
202,1,1981,64.24
202,1,1982,61.5
202,1,1983,58.27
202,1,1984,55.36
202,1,1985,52.85
202,1,1986,49.62
202,1,1987,46.76
202,1,1988,44.24
202,1,1989,41.93
202,1,1990,39.25
202,1,1991,37.62
202,1,1992,35.57
202,1,1993,33.91
202,1,1994,32.45
202,1,1995,31.35
202,1,1996,30.58
202,1,1997,29.78
202,1,1998,29.35
202,1,1999,28.61
202,1,2000,28.3
202,1,2001,26.87
202,1,2002,26.04
202,1,2003,24.38
202,1,2004,23.04
202,1,2005,22.17
202,1,2006,21.98
202,1,2007,21.16
202,1,2008,21.24
202,1,2009,21.31
202,1,2010,21.44
202,1,2011,21.36
202,1,2012,20.98
202,1,2013,20.81
202,1,2014,20.4
202,1,2015,20.26
202,1,2016,19.74
202,1,2017,19.33
202,1,2018,19.27
202,1,2019,19.13
202,1,2020,19.39
202,1,2021,19.74
202,1,2022,20.54
202,1,2023,22.76
202,2,1980,31.88
202,2,1981,30.78
202,2,1982,29.47
202,2,1983,27.82
202,2,1984,26.42
202,2,1985,25.2
202,2,1986,23.58
202,2,1987,22.28
202,2,1988,21.03
202,2,1989,19.77
202,2,1990,18.5
202,2,1991,17.49
202,2,1992,16.49
202,2,1993,15.56
202,2,1994,14.56
202,2,1995,13.68
202,2,1996,13.07
202,2,1997,12.5
202,2,1998,12.1
202,2,1999,11.64
202,2,2000,11.52
202,2,2001,10.71
202,2,2002,10.31
202,2,2003,9.52
202,2,2004,8.98
202,2,2005,8.64
202,2,2006,8.63
202,2,2007,8.3
202,2,2008,8.43
202,2,2009,8.56
202,2,2010,8.66
202,2,2011,8.63
202,2,2012,8.53
202,2,2013,8.4
202,2,2014,8.04
202,2,2015,7.97
202,2,2016,7.79
202,2,2017,7.66
202,2,2018,7.67
202,2,2019,7.58
202,2,2020,7.63
202,2,2021,7.66
202,2,2022,7.99
202,2,2023,8.76
203,1,1980,20.98
203,1,1981,20.61
203,1,1982,20.18
203,1,1983,19.8
203,1,1984,19.46
203,1,1985,19.18
203,1,1986,18.65
203,1,1987,17.96
203,1,1988,17.38
203,1,1989,16.86
203,1,1990,16.31
203,1,1991,16.43
203,1,1992,16.44
203,1,1993,16.23
203,1,1994,16.37
203,1,1995,17.91
203,1,1996,15.22
203,1,1997,14.65
203,1,1998,14.17
203,1,1999,13.82
203,1,2000,13.46
203,1,2001,13.37
203,1,2002,13.25
203,1,2003,13.15
203,1,2004,13.1
203,1,2005,13.22
203,1,2006,13.46
203,1,2007,13.74
203,1,2008,13.55
203,1,2009,13.5
203,1,2010,13.39
203,1,2011,13.16
203,1,2012,13.01
203,1,2013,13.32
203,1,2014,13.36
203,1,2015,12.98
203,1,2016,12.79
203,1,2017,12.3
203,1,2018,12.64
203,1,2019,12.23
203,1,2020,12.09
203,1,2021,12.16
203,1,2022,12.6
203,1,2023,13.33
203,2,1980,18.45
203,2,1981,18.15
203,2,1982,17.2
203,2,1983,16.75
203,2,1984,16.07
203,2,1985,15.35
203,2,1986,14.57
203,2,1987,13.8
203,2,1988,13.03
203,2,1989,12.39
203,2,1990,11.86
203,2,1991,11.61
203,2,1992,11.32
203,2,1993,10.97
203,2,1994,10.97
203,2,1995,12.68
203,2,1996,10.04
203,2,1997,9.73
203,2,1998,9.43
203,2,1999,9.16
203,2,2000,8.92
203,2,2001,8.74
203,2,2002,8.54
203,2,2003,8.4
203,2,2004,8.27
203,2,2005,8.24
203,2,2006,8.21
203,2,2007,8.19
203,2,2008,8.09
203,2,2009,8.04
203,2,2010,7.93
203,2,2011,7.87
203,2,2012,7.94
203,2,2013,8.09
203,2,2014,8.28
203,2,2015,8.29
203,2,2016,8.38
203,2,2017,8.17
203,2,2018,8.33
203,2,2019,8.19
203,2,2020,7.61
203,2,2021,7.43
203,2,2022,8.69
203,2,2023,9.63
204,1,1980,60.78
204,1,1981,59.84
204,1,1982,59.06
204,1,1983,58.47
204,1,1984,57.92
204,1,1985,57.26
204,1,1986,55.87
204,1,1987,54.75
204,1,1988,53.23
204,1,1989,51.73
204,1,1990,50.89
204,1,1991,50.15
204,1,1992,48.82
204,1,1993,48.14
204,1,1994,45.71
204,1,1995,43.83
204,1,1996,42.64
204,1,1997,40.75
204,1,1998,38.68
204,1,1999,36.6
204,1,2000,35.53
204,1,2001,34.96
204,1,2002,34.58
204,1,2003,33.86
204,1,2004,33.52
204,1,2005,33.39
204,1,2006,32.38
204,1,2007,31.15
204,1,2008,29.77
204,1,2009,28.73
204,1,2010,28.38
204,1,2011,28.19
204,1,2012,27.9
204,1,2013,27.9
204,1,2014,27.59
204,1,2015,26.89
204,1,2016,26.24
204,1,2017,25.37
204,1,2018,24.76
204,1,2019,24.35
204,1,2020,25.55
204,1,2021,24.17
204,1,2022,27.52
204,1,2023,28.98
204,2,1980,16.46
204,2,1981,16.51
204,2,1982,16.58
204,2,1983,16.6
204,2,1984,16.55
204,2,1985,16.25
204,2,1986,15.86
204,2,1987,15.43
204,2,1988,14.86
204,2,1989,14.27
204,2,1990,14.07
204,2,1991,13.85
204,2,1992,13.42
204,2,1993,13.28
204,2,1994,12.52
204,2,1995,11.85
204,2,1996,11.55
204,2,1997,11.11
204,2,1998,10.52
204,2,1999,10
204,2,2000,9.8
204,2,2001,9.63
204,2,2002,9.47
204,2,2003,9.18
204,2,2004,9.05
204,2,2005,9
204,2,2006,8.84
204,2,2007,8.74
204,2,2008,8.61
204,2,2009,8.58
204,2,2010,8.65
204,2,2011,8.59
204,2,2012,8.37
204,2,2013,8.26
204,2,2014,8.05
204,2,2015,7.91
204,2,2016,7.85
204,2,2017,7.77
204,2,2018,7.77
204,2,2019,7.76
204,2,2020,7.59
204,2,2021,7.24
204,2,2022,8.15
204,2,2023,8.7
205,1,1980,18.66
205,1,1981,17.89
205,1,1982,16.86
205,1,1983,15.97
205,1,1984,15.01
205,1,1985,14.29
205,1,1986,13.46
205,1,1987,12.52
205,1,1988,11.75
205,1,1989,10.88
205,1,1990,10.11
205,1,1991,9.9
205,1,1992,9.65
205,1,1993,9.51
205,1,1994,9.34
205,1,1995,9.19
205,1,1996,9.18
205,1,1997,9.25
205,1,1998,9.21
205,1,1999,9.07
205,1,2000,9.05
205,1,2001,8.64
205,1,2002,8.5
205,1,2003,8.27
205,1,2004,8.18
205,1,2005,8.17
205,1,2006,8.23
205,1,2007,8.1
205,1,2008,8.17
205,1,2009,8.08
205,1,2010,7.76
205,1,2011,7.81
205,1,2012,8.45
205,1,2013,8.86
205,1,2014,8.94
205,1,2015,9.11
205,1,2016,9.23
205,1,2017,9.17
205,1,2018,9.14
205,1,2019,9.05
205,1,2020,9.16
205,1,2021,9.13
205,1,2022,10.21
205,1,2023,11.04
205,2,1980,15.03
205,2,1981,14.54
205,2,1982,13.93
205,2,1983,13.4
205,2,1984,12.84
205,2,1985,12.34
205,2,1986,11.66
205,2,1987,10.79
205,2,1988,10.03
205,2,1989,9.24
205,2,1990,8.58
205,2,1991,8.2
205,2,1992,7.99
205,2,1993,7.81
205,2,1994,7.65
205,2,1995,7.45
205,2,1996,7.38
205,2,1997,7.33
205,2,1998,7.22
205,2,1999,7.04
205,2,2000,7
205,2,2001,6.54
205,2,2002,6.44
205,2,2003,6.04
205,2,2004,5.95
205,2,2005,5.91
205,2,2006,6.03
205,2,2007,5.89
205,2,2008,5.98
205,2,2009,5.92
205,2,2010,5.78
205,2,2011,5.74
205,2,2012,5.94
205,2,2013,6.23
205,2,2014,6.27
205,2,2015,6.5
205,2,2016,6.64
205,2,2017,6.61
205,2,2018,6.52
205,2,2019,6.24
205,2,2020,6.16
205,2,2021,5.97
205,2,2022,6.88
205,2,2023,7.59
206,1,1980,33.83
206,1,1981,32.48
206,1,1982,31.06
206,1,1983,29.68
206,1,1984,28.41
206,1,1985,27.29
206,1,1986,26.43
206,1,1987,25.45
206,1,1988,24.57
206,1,1989,24.55
206,1,1990,25.38
206,1,1991,25.99
206,1,1992,27.26
206,1,1993,26.58
206,1,1994,25.75
206,1,1995,28.4
206,1,1996,26.37
206,1,1997,25.85
206,1,1998,26.56
206,1,1999,27.6
206,1,2000,25.19
206,1,2001,23.37
206,1,2002,23.25
206,1,2003,23.22
206,1,2004,24.96
206,1,2005,25.46
206,1,2006,24.49
206,1,2007,24.21
206,1,2008,22.95
206,1,2009,23.35
206,1,2010,22.7
206,1,2011,20.3
206,1,2012,19.71
206,1,2013,20.08
206,1,2014,21.08
206,1,2015,20.09
206,1,2016,21.19
206,1,2017,22.81
206,1,2018,22.28
206,1,2019,23.62
206,1,2020,24.34
206,1,2021,25.31
206,1,2022,26.45
206,1,2023,28.25
206,2,1980,11.88
206,2,1981,11.42
206,2,1982,10.92
206,2,1983,10.42
206,2,1984,9.94
206,2,1985,9.44
206,2,1986,9.12
206,2,1987,8.65
206,2,1988,8.26
206,2,1989,8.16
206,2,1990,8.41
206,2,1991,8.52
206,2,1992,8.9
206,2,1993,8.6
206,2,1994,8.16
206,2,1995,9.3
206,2,1996,8.42
206,2,1997,8.12
206,2,1998,8.4
206,2,1999,8.91
206,2,2000,7.99
206,2,2001,7.48
206,2,2002,7.62
206,2,2003,7.81
206,2,2004,8.78
206,2,2005,9.25
206,2,2006,9.06
206,2,2007,9.14
206,2,2008,8.79
206,2,2009,9.2
206,2,2010,8.99
206,2,2011,8.05
206,2,2012,8.06
206,2,2013,8.13
206,2,2014,8.7
206,2,2015,8.28
206,2,2016,8.86
206,2,2017,10.01
206,2,2018,9.85
206,2,2019,10.67
206,2,2020,10.25
206,2,2021,10.74
206,2,2022,12.07
206,2,2023,12.88
207,1,1980,37.87
207,1,1981,36.12
207,1,1982,34.45
207,1,1983,32.76
207,1,1984,31.28
207,1,1985,29.87
207,1,1986,28.63
207,1,1987,27.3
207,1,1988,26.06
207,1,1989,24.83
207,1,1990,23.64
207,1,1991,23.38
207,1,1992,23.24
207,1,1993,23.14
207,1,1994,22.98
207,1,1995,22.55
207,1,1996,22.11
207,1,1997,21.78
207,1,1998,21.54
207,1,1999,20.94
207,1,2000,20.73
207,1,2001,19.6
207,1,2002,18.56
207,1,2003,17.13
207,1,2004,16.11
207,1,2005,15.43
207,1,2006,14.99
207,1,2007,14.28
207,1,2008,14.37
207,1,2009,14.37
207,1,2010,14.27
207,1,2011,14.31
207,1,2012,14.15
207,1,2013,14.27
207,1,2014,14.08
207,1,2015,13.83
207,1,2016,13.85
207,1,2017,13.81
207,1,2018,13.83
207,1,2019,14.04
207,1,2020,14.02
207,1,2021,14.19
207,1,2022,14.56
207,1,2023,16.15
207,2,1980,16.12
207,2,1981,15.45
207,2,1982,14.83
207,2,1983,14.19
207,2,1984,13.58
207,2,1985,12.98
207,2,1986,12.41
207,2,1987,11.76
207,2,1988,11.15
207,2,1989,10.56
207,2,1990,9.99
207,2,1991,9.73
207,2,1992,9.57
207,2,1993,9.44
207,2,1994,9.31
207,2,1995,8.92
207,2,1996,8.64
207,2,1997,8.41
207,2,1998,8.24
207,2,1999,7.94
207,2,2000,7.85
207,2,2001,6.88
207,2,2002,6.03
207,2,2003,5.01
207,2,2004,4.32
207,2,2005,3.88
207,2,2006,3.6
207,2,2007,3.26
207,2,2008,3.33
207,2,2009,3.34
207,2,2010,3.34
207,2,2011,3.41
207,2,2012,3.37
207,2,2013,3.33
207,2,2014,3.25
207,2,2015,3.23
207,2,2016,3.27
207,2,2017,3.3
207,2,2018,3.37
207,2,2019,3.45
207,2,2020,3.43
207,2,2021,3.44
207,2,2022,3.79
207,2,2023,4.27
208,1,1980,36.6
208,1,1981,36.27
208,1,1982,36.31
208,1,1983,35.13
208,1,1984,34.82
208,1,1985,34.6
208,1,1986,34.58
208,1,1987,33.95
208,1,1988,33.42
208,1,1989,32.77
208,1,1990,32.06
208,1,1991,32.42
208,1,1992,32.86
208,1,1993,32.51
208,1,1994,32.83
208,1,1995,33.13
208,1,1996,32.78
208,1,1997,32.56
208,1,1998,32.38
208,1,1999,31.93
208,1,2000,31.41
208,1,2001,31.21
208,1,2002,31.08
208,1,2003,30.67
208,1,2004,30.17
208,1,2005,29.95
208,1,2006,30.03
208,1,2007,29.5
208,1,2008,29.36
208,1,2009,29.29
208,1,2010,29.09
208,1,2011,28.92
208,1,2012,28.68
208,1,2013,28.54
208,1,2014,28.21
208,1,2015,27.77
208,1,2016,27.62
208,1,2017,27.29
208,1,2018,27.12
208,1,2019,27.45
208,1,2020,27.4
208,1,2021,27.99
208,1,2022,30.87
208,1,2023,34.71
208,2,1980,16.32
208,2,1981,16.34
208,2,1982,16.53
208,2,1983,16.1
208,2,1984,15.97
208,2,1985,15.92
208,2,1986,15.95
208,2,1987,15.62
208,2,1988,15.25
208,2,1989,14.91
208,2,1990,14.57
208,2,1991,14.66
208,2,1992,14.73
208,2,1993,14.65
208,2,1994,14.79
208,2,1995,14.92
208,2,1996,14.79
208,2,1997,14.61
208,2,1998,14.45
208,2,1999,14.28
208,2,2000,14.23
208,2,2001,14.13
208,2,2002,14.26
208,2,2003,14.26
208,2,2004,14.11
208,2,2005,14.12
208,2,2006,14.23
208,2,2007,13.91
208,2,2008,13.76
208,2,2009,13.66
208,2,2010,13.49
208,2,2011,13.16
208,2,2012,12.79
208,2,2013,12.41
208,2,2014,12.09
208,2,2015,11.95
208,2,2016,11.95
208,2,2017,11.89
208,2,2018,11.93
208,2,2019,12.31
208,2,2020,12.08
208,2,2021,12.11
208,2,2022,14.16
208,2,2023,14.65
209,1,1980,31.86
209,1,1981,31.11
209,1,1982,30.27
209,1,1983,29.39
209,1,1984,28.7
209,1,1985,27.84
209,1,1986,27.12
209,1,1987,26.36
209,1,1988,25.65
209,1,1989,25.15
209,1,1990,24.54
209,1,1991,24.54
209,1,1992,24.37
209,1,1993,24.23
209,1,1994,24.37
209,1,1995,23.8
209,1,1996,25.63
209,1,1997,24.54
209,1,1998,22.32
209,1,1999,21.09
209,1,2000,20.44
209,1,2001,20.23
209,1,2002,20.17
209,1,2003,19.94
209,1,2004,19.76
209,1,2005,20.55
209,1,2006,19.53
209,1,2007,18.88
209,1,2008,18.68
209,1,2009,17.77
209,1,2010,17.41
209,1,2011,17.05
209,1,2012,16.68
209,1,2013,16.44
209,1,2014,16.26
209,1,2015,16.16
209,1,2016,16.21
209,1,2017,16.06
209,1,2018,15.84
209,1,2019,16.19
209,1,2020,16.87
209,1,2021,16.32
209,1,2022,18.17
209,1,2023,19.28
209,2,1980,11.25
209,2,1981,11.14
209,2,1982,10.95
209,2,1983,10.71
209,2,1984,10.51
209,2,1985,10.18
209,2,1986,9.88
209,2,1987,9.55
209,2,1988,9.21
209,2,1989,8.93
209,2,1990,8.62
209,2,1991,8.57
209,2,1992,8.48
209,2,1993,8.35
209,2,1994,8.33
209,2,1995,7.89
209,2,1996,8.56
209,2,1997,7.84
209,2,1998,6.62
209,2,1999,6.13
209,2,2000,5.81
209,2,2001,5.74
209,2,2002,5.67
209,2,2003,5.57
209,2,2004,5.55
209,2,2005,5.85
209,2,2006,5.49
209,2,2007,5.34
209,2,2008,5.42
209,2,2009,5.22
209,2,2010,5.21
209,2,2011,5.23
209,2,2012,5.32
209,2,2013,5.43
209,2,2014,5.41
209,2,2015,5.44
209,2,2016,5.54
209,2,2017,5.59
209,2,2018,5.65
209,2,2019,5.8
209,2,2020,5.44
209,2,2021,5.22
209,2,2022,6.13
209,2,2023,6.23
210,1,1980,68.69
210,1,1981,67.82
210,1,1982,67.12
210,1,1983,66.36
210,1,1984,65.17
210,1,1985,63.43
210,1,1986,61.5
210,1,1987,59.03
210,1,1988,56.45
210,1,1989,53.37
210,1,1990,52.95
210,1,1991,54.34
210,1,1992,52.34
210,1,1993,50.98
210,1,1994,50.72
210,1,1995,48.18
210,1,1996,50.3
210,1,1997,45.87
210,1,1998,44.97
210,1,1999,43.58
210,1,2000,42.37
210,1,2001,40.41
210,1,2002,39.22
210,1,2003,37.61
210,1,2004,37.1
210,1,2005,36.05
210,1,2006,36.3
210,1,2007,35.54
210,1,2008,35.4
210,1,2009,35.56
210,1,2010,35.67
210,1,2011,35.05
210,1,2012,36.07
210,1,2013,36.27
210,1,2014,34.51
210,1,2015,33.36
210,1,2016,32.32
210,1,2017,31.47
210,1,2018,31.04
210,1,2019,31.57
210,1,2020,34.09
210,1,2021,38.12
210,1,2022,35.06
210,1,2023,36.7
210,2,1980,15
210,2,1981,14.99
210,2,1982,15.03
210,2,1983,15
210,2,1984,14.79
210,2,1985,14.41
210,2,1986,14
210,2,1987,13.39
210,2,1988,12.66
210,2,1989,11.76
210,2,1990,11.63
210,2,1991,11.57
210,2,1992,10.98
210,2,1993,10.65
210,2,1994,10.44
210,2,1995,9.98
210,2,1996,10.31
210,2,1997,9.5
210,2,1998,9.5
210,2,1999,9.31
210,2,2000,9.32
210,2,2001,8.84
210,2,2002,8.77
210,2,2003,8.31
210,2,2004,8.28
210,2,2005,8.12
210,2,2006,8.43
210,2,2007,8.1
210,2,2008,8.17
210,2,2009,8.23
210,2,2010,8.26
210,2,2011,8.13
210,2,2012,8.4
210,2,2013,8.49
210,2,2014,8.02
210,2,2015,7.82
210,2,2016,7.52
210,2,2017,7.4
210,2,2018,7.36
210,2,2019,7.56
210,2,2020,7.46
210,2,2021,8.36
210,2,2022,8.95
210,2,2023,9.23
211,1,1980,20.43
211,1,1981,19.23
211,1,1982,20.05
211,1,1983,19.89
211,1,1984,19.76
211,1,1985,19.72
211,1,1986,19.78
211,1,1987,19.55
211,1,1988,19.51
211,1,1989,19.61
211,1,1990,19.59
211,1,1991,19.8
211,1,1992,19.9
211,1,1993,20
211,1,1994,19.95
211,1,1995,20.12
211,1,1996,20.36
211,1,1997,20.31
211,1,1998,20.37
211,1,1999,20.11
211,1,2000,19.8
211,1,2001,18.97
211,1,2002,18.16
211,1,2003,17.18
211,1,2004,16.5
211,1,2005,15.96
211,1,2006,15.78
211,1,2007,15.58
211,1,2008,15.37
211,1,2009,15.29
211,1,2010,15.02
211,1,2011,14.63
211,1,2012,13.77
211,1,2013,13.8
211,1,2014,13.5
211,1,2015,13.61
211,1,2016,13.81
211,1,2017,13.93
211,1,2018,13.88
211,1,2019,13.72
211,1,2020,13.44
211,1,2021,14.01
211,1,2022,14.63
211,1,2023,15.43
211,2,1980,8.06
211,2,1981,7.53
211,2,1982,8.05
211,2,1983,8.04
211,2,1984,8.03
211,2,1985,8.07
211,2,1986,8.05
211,2,1987,7.9
211,2,1988,7.75
211,2,1989,7.69
211,2,1990,7.6
211,2,1991,7.57
211,2,1992,7.56
211,2,1993,7.55
211,2,1994,7.49
211,2,1995,7.49
211,2,1996,7.45
211,2,1997,7.2
211,2,1998,7.01
211,2,1999,6.76
211,2,2000,6.6
211,2,2001,6.35
211,2,2002,6.25
211,2,2003,6.06
211,2,2004,5.96
211,2,2005,5.85
211,2,2006,5.87
211,2,2007,5.87
211,2,2008,5.88
211,2,2009,5.91
211,2,2010,5.86
211,2,2011,5.78
211,2,2012,5.47
211,2,2013,5.48
211,2,2014,5.44
211,2,2015,5.7
211,2,2016,5.96
211,2,2017,6.06
211,2,2018,6.1
211,2,2019,6.09
211,2,2020,5.74
211,2,2021,5.94
211,2,2022,6.69
211,2,2023,7.29
212,1,1980,65.1
212,1,1981,62.4
212,1,1982,59.71
212,1,1983,56.85
212,1,1984,55.67
212,1,1985,53.79
212,1,1986,52.37
212,1,1987,50.32
212,1,1988,48.75
212,1,1989,46.8
212,1,1990,44.86
212,1,1991,44.1
212,1,1992,43.95
212,1,1993,44.19
212,1,1994,41.66
212,1,1995,40.83
212,1,1996,41.09
212,1,1997,41.1
212,1,1998,42.05
212,1,1999,40.45
212,1,2000,40.62
212,1,2001,40.09
212,1,2002,39.82
212,1,2003,38.22
212,1,2004,38.55
212,1,2005,37.91
212,1,2006,38.44
212,1,2007,36.12
212,1,2008,34.4
212,1,2009,34.81
212,1,2010,33.73
212,1,2011,32.6
212,1,2012,32.15
212,1,2013,32.21
212,1,2014,30.21
212,1,2015,28.59
212,1,2016,27.13
212,1,2017,27.16
212,1,2018,26.13
212,1,2019,26.87
212,1,2020,27.64
212,1,2021,29.39
212,1,2022,31.57
212,1,2023,33.99
212,2,1980,20.41
212,2,1981,19.59
212,2,1982,18.76
212,2,1983,17.6
212,2,1984,17.4
212,2,1985,16.75
212,2,1986,16.13
212,2,1987,15.45
212,2,1988,14.92
212,2,1989,14.08
212,2,1990,13.36
212,2,1991,12.78
212,2,1992,12.55
212,2,1993,12.49
212,2,1994,11.43
212,2,1995,11.07
212,2,1996,11.19
212,2,1997,11.21
212,2,1998,11.57
212,2,1999,11.07
212,2,2000,11.28
212,2,2001,11.2
212,2,2002,11.13
212,2,2003,10.44
212,2,2004,10.6
212,2,2005,10.46
212,2,2006,10.86
212,2,2007,10.18
212,2,2008,9.74
212,2,2009,10.15
212,2,2010,9.85
212,2,2011,9.51
212,2,2012,9.6
212,2,2013,9.54
212,2,2014,8.85
212,2,2015,8.53
212,2,2016,8.05
212,2,2017,8.37
212,2,2018,8.17
212,2,2019,8.66
212,2,2020,7.99
212,2,2021,8.43
212,2,2022,9.72
212,2,2023,10.81
213,1,1980,13.31
213,1,1981,13.03
213,1,1982,12.87
213,1,1983,12.74
213,1,1984,12.53
213,1,1985,12.44
213,1,1986,12.29
213,1,1987,12.09
213,1,1988,12.12
213,1,1989,12.09
213,1,1990,12.04
213,1,1991,12.49
213,1,1992,12.67
213,1,1993,12.91
213,1,1994,13.04
213,1,1995,13.13
213,1,1996,13.11
213,1,1997,12.99
213,1,1998,12.77
213,1,1999,12.26
213,1,2000,12.25
213,1,2001,11.94
213,1,2002,12.16
213,1,2003,11.99
213,1,2004,11.95
213,1,2005,11.77
213,1,2006,11.85
213,1,2007,11.4
213,1,2008,11.17
213,1,2009,10.8
213,1,2010,10.38
213,1,2011,10.12
213,1,2012,9.97
213,1,2013,10.04
213,1,2014,9.76
213,1,2015,9.42
213,1,2016,9.17
213,1,2017,8.98
213,1,2018,8.72
213,1,2019,8.59
213,1,2020,8.69
213,1,2021,8.78
213,1,2022,9.35
213,1,2023,9.9
213,2,1980,4.44
213,2,1981,4.43
213,2,1982,4.46
213,2,1983,4.46
213,2,1984,4.45
213,2,1985,4.42
213,2,1986,4.36
213,2,1987,4.32
213,2,1988,4.3
213,2,1989,4.26
213,2,1990,4.2
213,2,1991,4.2
213,2,1992,4.19
213,2,1993,4.18
213,2,1994,4.15
213,2,1995,4.12
213,2,1996,4.11
213,2,1997,4.07
213,2,1998,4.04
213,2,1999,3.92
213,2,2000,3.96
213,2,2001,3.85
213,2,2002,3.91
213,2,2003,3.81
213,2,2004,3.77
213,2,2005,3.72
213,2,2006,3.79
213,2,2007,3.65
213,2,2008,3.58
213,2,2009,3.49
213,2,2010,3.36
213,2,2011,3.27
213,2,2012,3.21
213,2,2013,3.2
213,2,2014,3.13
213,2,2015,3.1
213,2,2016,3.05
213,2,2017,3.06
213,2,2018,3.02
213,2,2019,3.02
213,2,2020,2.86
213,2,2021,2.9
213,2,2022,3.14
213,2,2023,3.18
214,1,1980,52.33
214,1,1981,50.2
214,1,1982,48.55
214,1,1983,47.11
214,1,1984,45.56
214,1,1985,43.98
214,1,1986,42.49
214,1,1987,41.17
214,1,1988,39.91
214,1,1989,39.04
214,1,1990,38
214,1,1991,38.13
214,1,1992,36.58
214,1,1993,35.78
214,1,1994,34.99
214,1,1995,34.55
214,1,1996,34.74
214,1,1997,34.83
214,1,1998,35.13
214,1,1999,34.9
214,1,2000,34.93
214,1,2001,34.04
214,1,2002,33.41
214,1,2003,31.79
214,1,2004,30.79
214,1,2005,30
214,1,2006,29.21
214,1,2007,28.16
214,1,2008,27.41
214,1,2009,26.97
214,1,2010,26.92
214,1,2011,26.14
214,1,2012,25.51
214,1,2013,25.33
214,1,2014,24.62
214,1,2015,23.58
214,1,2016,23.22
214,1,2017,22.81
214,1,2018,22.33
214,1,2019,21.83
214,1,2020,22.13
214,1,2021,22.26
214,1,2022,23.65
214,1,2023,25.37
214,2,1980,3.55
214,2,1981,3.44
214,2,1982,3.37
214,2,1983,3.31
214,2,1984,3.24
214,2,1985,3.15
214,2,1986,3.07
214,2,1987,2.99
214,2,1988,2.92
214,2,1989,2.84
214,2,1990,2.77
214,2,1991,2.75
214,2,1992,2.63
214,2,1993,2.57
214,2,1994,2.5
214,2,1995,2.45
214,2,1996,2.46
214,2,1997,2.5
214,2,1998,2.56
214,2,1999,2.58
214,2,2000,2.63
214,2,2001,2.59
214,2,2002,2.56
214,2,2003,2.38
214,2,2004,2.27
214,2,2005,2.19
214,2,2006,2.1
214,2,2007,2.03
214,2,2008,1.86
214,2,2009,1.75
214,2,2010,1.68
214,2,2011,1.61
214,2,2012,1.35
214,2,2013,1.18
214,2,2014,1.11
214,2,2015,1.2
214,2,2016,1.33
214,2,2017,1.27
214,2,2018,1.23
214,2,2019,1.2
214,2,2020,1.18
214,2,2021,1.17
214,2,2022,1.29
214,2,2023,1.38
215,1,1980,32.46
215,1,1981,31.24
215,1,1982,29.79
215,1,1983,28.84
215,1,1984,28.31
215,1,1985,28.19
215,1,1986,27.93
215,1,1987,28.05
215,1,1988,27.69
215,1,1989,27.51
215,1,1990,27.39
215,1,1991,27.04
215,1,1992,27.14
215,1,1993,27.15
215,1,1994,27.34
215,1,1995,26.36
215,1,1996,26.69
215,1,1997,27.21
215,1,1998,27.72
215,1,1999,28.34
215,1,2000,27.24
215,1,2001,26.99
215,1,2002,26.11
215,1,2003,24.68
215,1,2004,23.62
215,1,2005,23.9
215,1,2006,23.82
215,1,2007,23.71
215,1,2008,23.28
215,1,2009,22.72
215,1,2010,23.08
215,1,2011,22.37
215,1,2012,21.37
215,1,2013,20.89
215,1,2014,20.85
215,1,2015,20.56
215,1,2016,20.58
215,1,2017,20.64
215,1,2018,20.46
215,1,2019,20.36
215,1,2020,22.61
215,1,2021,22.44
215,1,2022,20.91
215,1,2023,21.58
215,2,1980,8.69
215,2,1981,8.43
215,2,1982,8.2
215,2,1983,7.99
215,2,1984,7.89
215,2,1985,7.77
215,2,1986,7.59
215,2,1987,7.54
215,2,1988,7.37
215,2,1989,7.15
215,2,1990,6.97
215,2,1991,6.66
215,2,1992,6.52
215,2,1993,6.37
215,2,1994,6.17
215,2,1995,5.68
215,2,1996,5.52
215,2,1997,5.43
215,2,1998,5.49
215,2,1999,5.56
215,2,2000,5.2
215,2,2001,5.24
215,2,2002,5.16
215,2,2003,4.99
215,2,2004,4.89
215,2,2005,5.03
215,2,2006,5.16
215,2,2007,5.15
215,2,2008,5.06
215,2,2009,5.06
215,2,2010,5.22
215,2,2011,5.06
215,2,2012,4.85
215,2,2013,4.82
215,2,2014,4.98
215,2,2015,4.92
215,2,2016,4.9
215,2,2017,4.92
215,2,2018,4.88
215,2,2019,4.86
215,2,2020,5.13
215,2,2021,5.03
215,2,2022,4.9
215,2,2023,5.14
216,1,1980,27.68
216,1,1981,26.74
216,1,1982,25.79
216,1,1983,25.11
216,1,1984,24.44
216,1,1985,23.93
216,1,1986,22.86
216,1,1987,21.96
216,1,1988,21.42
216,1,1989,21.61
216,1,1990,20.26
216,1,1991,20.36
216,1,1992,20.11
216,1,1993,19.69
216,1,1994,19.37
216,1,1995,18.69
216,1,1996,18.83
216,1,1997,18.17
216,1,1998,17.97
216,1,1999,17.52
216,1,2000,16.53
216,1,2001,19.74
216,1,2002,19.06
216,1,2003,16.73
216,1,2004,16.64
216,1,2005,16.12
216,1,2006,15.36
216,1,2007,15.08
216,1,2008,14.9
216,1,2009,14.88
216,1,2010,13.69
216,1,2011,13.5
216,1,2012,12.68
216,1,2013,12.89
216,1,2014,13.02
216,1,2015,12.13
216,1,2016,12.35
216,1,2017,11.92
216,1,2018,11.39
216,1,2019,12
216,1,2020,11.62
216,1,2021,12.09
216,1,2022,13.17
216,1,2023,15.63
216,2,1980,6.99
216,2,1981,6.78
216,2,1982,6.58
216,2,1983,6.44
216,2,1984,6.33
216,2,1985,6.17
216,2,1986,5.86
216,2,1987,5.61
216,2,1988,5.46
216,2,1989,5.52
216,2,1990,5.13
216,2,1991,5.14
216,2,1992,5.07
216,2,1993,4.96
216,2,1994,4.83
216,2,1995,4.57
216,2,1996,4.55
216,2,1997,4.3
216,2,1998,4.2
216,2,1999,4.08
216,2,2000,3.77
216,2,2001,4.83
216,2,2002,4.66
216,2,2003,4.03
216,2,2004,4.06
216,2,2005,3.93
216,2,2006,3.75
216,2,2007,3.77
216,2,2008,3.84
216,2,2009,3.93
216,2,2010,3.59
216,2,2011,3.56
216,2,2012,3.31
216,2,2013,3.35
216,2,2014,3.44
216,2,2015,3.21
216,2,2016,3.35
216,2,2017,3.29
216,2,2018,3.17
216,2,2019,3.46
216,2,2020,3.21
216,2,2021,3.14
216,2,2022,3.95
216,2,2023,4.55
217,1,1980,38.71
217,1,1981,37.87
217,1,1982,37.26
217,1,1983,36.74
217,1,1984,36.2
217,1,1985,35.83
217,1,1986,35.24
217,1,1987,34.65
217,1,1988,33.95
217,1,1989,33.08
217,1,1990,32.44
217,1,1991,32.31
217,1,1992,32.3
217,1,1993,31.88
217,1,1994,31.76
217,1,1995,31.18
217,1,1996,30.17
217,1,1997,28.43
217,1,1998,27.59
217,1,1999,26.35
217,1,2000,25.64
217,1,2001,24.59
217,1,2002,23.9
217,1,2003,23.19
217,1,2004,22.53
217,1,2005,22.32
217,1,2006,22.38
217,1,2007,21.8
217,1,2008,20.76
217,1,2009,20.32
217,1,2010,20.41
217,1,2011,20.34
217,1,2012,20.97
217,1,2013,21.18
217,1,2014,20.92
217,1,2015,20.64
217,1,2016,20.04
217,1,2017,19.77
217,1,2018,19.27
217,1,2019,19.24
217,1,2020,19.3
217,1,2021,18.54
217,1,2022,19.2
217,1,2023,21.84
217,2,1980,11.91
217,2,1981,11.85
217,2,1982,11.85
217,2,1983,11.85
217,2,1984,11.88
217,2,1985,11.81
217,2,1986,11.65
217,2,1987,11.39
217,2,1988,11.06
217,2,1989,10.72
217,2,1990,10.38
217,2,1991,10.25
217,2,1992,10.33
217,2,1993,10.23
217,2,1994,10.13
217,2,1995,9.79
217,2,1996,9.26
217,2,1997,8.58
217,2,1998,8.25
217,2,1999,7.69
217,2,2000,7.45
217,2,2001,6.91
217,2,2002,6.69
217,2,2003,6.42
217,2,2004,6.22
217,2,2005,6.18
217,2,2006,6.24
217,2,2007,5.95
217,2,2008,5.69
217,2,2009,5.54
217,2,2010,5.6
217,2,2011,5.6
217,2,2012,5.76
217,2,2013,5.8
217,2,2014,5.73
217,2,2015,5.68
217,2,2016,5.53
217,2,2017,5.56
217,2,2018,5.49
217,2,2019,5.54
217,2,2020,5.38
217,2,2021,5.23
217,2,2022,5.42
217,2,2023,6.33
218,1,1980,37.35
218,1,1981,35.6
218,1,1982,34.08
218,1,1983,32.65
218,1,1984,31.42
218,1,1985,30.27
218,1,1986,29.28
218,1,1987,28
218,1,1988,27.05
218,1,1989,26.01
218,1,1990,24.95
218,1,1991,24.62
218,1,1992,24.1
218,1,1993,23.35
218,1,1994,22.72
218,1,1995,22.17
218,1,1996,21.54
218,1,1997,20.82
218,1,1998,20.25
218,1,1999,19.47
218,1,2000,19.15
218,1,2001,18.32
218,1,2002,17.54
218,1,2003,16.32
218,1,2004,15.63
218,1,2005,15.13
218,1,2006,14.84
218,1,2007,13.92
218,1,2008,13.77
218,1,2009,13.69
218,1,2010,13.63
218,1,2011,13.53
218,1,2012,13.06
218,1,2013,12.74
218,1,2014,12.42
218,1,2015,12.42
218,1,2016,12.44
218,1,2017,12.5
218,1,2018,12.32
218,1,2019,12.49
218,1,2020,12.52
218,1,2021,13.25
218,1,2022,14.79
218,1,2023,15.82
218,2,1980,12.87
218,2,1981,12.32
218,2,1982,11.86
218,2,1983,11.44
218,2,1984,10.98
218,2,1985,10.6
218,2,1986,10.16
218,2,1987,9.67
218,2,1988,9.26
218,2,1989,8.79
218,2,1990,8.4
218,2,1991,8.26
218,2,1992,8.12
218,2,1993,7.9
218,2,1994,7.6
218,2,1995,7.33
218,2,1996,7.01
218,2,1997,6.63
218,2,1998,6.37
218,2,1999,6.01
218,2,2000,5.92
218,2,2001,5.7
218,2,2002,5.57
218,2,2003,5.31
218,2,2004,5.16
218,2,2005,5.03
218,2,2006,5.01
218,2,2007,4.76
218,2,2008,4.85
218,2,2009,4.95
218,2,2010,5
218,2,2011,4.95
218,2,2012,4.74
218,2,2013,4.55
218,2,2014,4.31
218,2,2015,4.27
218,2,2016,4.33
218,2,2017,4.48
218,2,2018,4.49
218,2,2019,4.58
218,2,2020,4.48
218,2,2021,4.67
218,2,2022,5.19
218,2,2023,5.44
298,1,1980,6.21
298,1,1981,6.12
298,1,1982,6.04
298,1,1983,5.96
298,1,1984,5.9
298,1,1985,5.88
298,1,1986,5.86
298,1,1987,5.89
298,1,1988,5.95
298,1,1989,6.05
298,1,1990,6.11
298,1,1991,6.17
298,1,1992,6.23
298,1,1993,6.35
298,1,1994,6.42
298,1,1995,6.46
298,1,1996,6.5
298,1,1997,6.46
298,1,1998,6.81
298,1,1999,6.84
298,1,2000,7.02
298,1,2001,7.1
298,1,2002,7.27
298,1,2003,7.66
298,1,2004,7.94
298,1,2005,8.02
298,1,2006,8.11
298,1,2007,7.97
298,1,2008,7.87
298,1,2009,7.84
298,1,2010,7.82
298,1,2011,8
298,1,2012,8.13
298,1,2013,8.61
298,1,2014,8.83
298,1,2015,9.05
298,1,2016,9.18
298,1,2017,8.99
298,1,2018,8.79
298,1,2019,8.66
298,1,2020,8.91
298,1,2021,10.33
298,1,2022,9.31
298,1,2023,9.53
298,2,1980,3.79
298,2,1981,3.75
298,2,1982,3.71
298,2,1983,3.64
298,2,1984,3.58
298,2,1985,3.53
298,2,1986,3.49
298,2,1987,3.47
298,2,1988,3.46
298,2,1989,3.48
298,2,1990,3.48
298,2,1991,3.47
298,2,1992,3.45
298,2,1993,3.45
298,2,1994,3.48
298,2,1995,3.52
298,2,1996,3.53
298,2,1997,3.45
298,2,1998,4.17
298,2,1999,4.28
298,2,2000,4.43
298,2,2001,4.81
298,2,2002,4.94
298,2,2003,5.46
298,2,2004,5.69
298,2,2005,5.51
298,2,2006,5.5
298,2,2007,5.53
298,2,2008,5.48
298,2,2009,5.49
298,2,2010,5.34
298,2,2011,5.21
298,2,2012,5.13
298,2,2013,4.85
298,2,2014,4.75
298,2,2015,4.6
298,2,2016,4.57
298,2,2017,4.58
298,2,2018,4.36
298,2,2019,4.16
298,2,2020,4.09
298,2,2021,4.3
298,2,2022,4.19
298,2,2023,4.44
305,1,1980,2.34
305,1,1981,2.28
305,1,1982,2.12
305,1,1983,2.11
305,1,1984,2.17
305,1,1985,2.19
305,1,1986,2.22
305,1,1987,2.27
305,1,1988,2.35
305,1,1989,2.4
305,1,1990,2.49
305,1,1991,2.65
305,1,1992,2.8
305,1,1993,3
305,1,1994,3.17
305,1,1995,3.31
305,1,1996,3.44
305,1,1997,3.64
305,1,1998,3.44
305,1,1999,3.62
305,1,2000,3.39
305,1,2001,3.19
305,1,2002,3.04
305,1,2003,3.13
305,1,2004,2.66
305,1,2005,2.49
305,1,2006,2.4
305,1,2007,2.28
305,1,2008,2.41
305,1,2009,2.49
305,1,2010,2.46
305,1,2011,2.38
305,1,2012,2.26
305,1,2013,2.42
305,1,2014,2.24
305,1,2015,2.49
305,1,2016,2.57
305,1,2017,2.52
305,1,2018,2.59
305,1,2019,2.67
305,1,2020,2.78
305,1,2021,2.82
305,1,2022,2.81
305,1,2023,2.94
305,2,1980,1.77
305,2,1981,1.74
305,2,1982,1.66
305,2,1983,1.64
305,2,1984,1.64
305,2,1985,1.61
305,2,1986,1.59
305,2,1987,1.57
305,2,1988,1.62
305,2,1989,1.63
305,2,1990,1.61
305,2,1991,1.65
305,2,1992,1.69
305,2,1993,1.73
305,2,1994,1.8
305,2,1995,1.88
305,2,1996,1.95
305,2,1997,2.02
305,2,1998,1.99
305,2,1999,2.02
305,2,2000,1.78
305,2,2001,1.58
305,2,2002,1.6
305,2,2003,1.51
305,2,2004,1.44
305,2,2005,1.39
305,2,2006,1.28
305,2,2007,1.29
305,2,2008,1.26
305,2,2009,1.27
305,2,2010,1.32
305,2,2011,1.35
305,2,2012,1.27
305,2,2013,1.18
305,2,2014,1.08
305,2,2015,1.04
305,2,2016,1.11
305,2,2017,1.05
305,2,2018,1.07
305,2,2019,1.12
305,2,2020,1.21
305,2,2021,1.32
305,2,2022,1.41
305,2,2023,1.47
320,1,1980,15.03
320,1,1981,14.42
320,1,1982,13.86
320,1,1983,13.4
320,1,1984,12.97
320,1,1985,12.59
320,1,1986,12.33
320,1,1987,12.18
320,1,1988,12.15
320,1,1989,12.14
320,1,1990,12.46
320,1,1991,12.89
320,1,1992,13.04
320,1,1993,13.23
320,1,1994,13.38
320,1,1995,13.47
320,1,1996,13.55
320,1,1997,13.91
320,1,1998,13.84
320,1,1999,13.83
320,1,2000,13.97
320,1,2001,13.91
320,1,2002,13.71
320,1,2003,14.47
320,1,2004,15.15
320,1,2005,15.3
320,1,2006,15.76
320,1,2007,15.86
320,1,2008,15.96
320,1,2009,16.07
320,1,2010,16.23
320,1,2011,16.91
320,1,2012,17.21
320,1,2013,18
320,1,2014,18.47
320,1,2015,18.86
320,1,2016,19.03
320,1,2017,18.97
320,1,2018,18.94
320,1,2019,19.06
320,1,2020,19.6
320,1,2021,21.52
320,1,2022,20.58
320,1,2023,21.99
320,2,1980,10.19
320,2,1981,9.73
320,2,1982,9.22
320,2,1983,8.81
320,2,1984,8.37
320,2,1985,7.95
320,2,1986,7.57
320,2,1987,7.27
320,2,1988,7.18
320,2,1989,7.11
320,2,1990,7.02
320,2,1991,7.22
320,2,1992,7.26
320,2,1993,7.32
320,2,1994,7.37
320,2,1995,7.43
320,2,1996,7.48
320,2,1997,7.79
320,2,1998,7.66
320,2,1999,7.64
320,2,2000,7.59
320,2,2001,7.87
320,2,2002,7.93
320,2,2003,8.78
320,2,2004,9.48
320,2,2005,9.33
320,2,2006,9.49
320,2,2007,9.53
320,2,2008,9.19
320,2,2009,8.98
320,2,2010,8.71
320,2,2011,8.48
320,2,2012,8.29
320,2,2013,7.81
320,2,2014,7.59
320,2,2015,7.41
320,2,2016,7.24
320,2,2017,7.52
320,2,2018,7.54
320,2,2019,7.3
320,2,2020,7.25
320,2,2021,8.77
320,2,2022,8.67
320,2,2023,9.15
349,1,1980,5.43
349,1,1981,5.6
349,1,1982,5.77
349,1,1983,5.92
349,1,1984,6.12
349,1,1985,6.24
349,1,1986,6.45
349,1,1987,6.68
349,1,1988,6.88
349,1,1989,7.05
349,1,1990,7.09
349,1,1991,7.14
349,1,1992,7.17
349,1,1993,7.14
349,1,1994,7.05
349,1,1995,6.79
349,1,1996,6.79
349,1,1997,7.04
349,1,1998,7.35
349,1,1999,7.55
349,1,2000,7.95
349,1,2001,8.17
349,1,2002,8.27
349,1,2003,8.32
349,1,2004,8.23
349,1,2005,8.11
349,1,2006,8.13
349,1,2007,8.03
349,1,2008,8.05
349,1,2009,8.11
349,1,2010,8.26
349,1,2011,8.27
349,1,2012,8.16
349,1,2013,7.99
349,1,2014,7.82
349,1,2015,7.71
349,1,2016,7.67
349,1,2017,7.56
349,1,2018,7.45
349,1,2019,7.29
349,1,2020,7.77
349,1,2021,7.79
349,1,2022,7.16
349,1,2023,6.88
349,2,1980,2.83
349,2,1981,2.87
349,2,1982,2.91
349,2,1983,2.94
349,2,1984,2.99
349,2,1985,3.06
349,2,1986,3.14
349,2,1987,3.25
349,2,1988,3.35
349,2,1989,3.45
349,2,1990,3.52
349,2,1991,3.57
349,2,1992,3.63
349,2,1993,3.69
349,2,1994,3.74
349,2,1995,3.77
349,2,1996,3.85
349,2,1997,3.94
349,2,1998,4.11
349,2,1999,4.31
349,2,2000,4.41
349,2,2001,4.53
349,2,2002,4.47
349,2,2003,4.54
349,2,2004,4.5
349,2,2005,4.44
349,2,2006,4.38
349,2,2007,4.46
349,2,2008,4.52
349,2,2009,4.56
349,2,2010,4.6
349,2,2011,4.66
349,2,2012,4.66
349,2,2013,4.67
349,2,2014,4.65
349,2,2015,4.56
349,2,2016,4.52
349,2,2017,4.46
349,2,2018,4.42
349,2,2019,4.35
349,2,2020,4.7
349,2,2021,4.65
349,2,2022,4.4
349,2,2023,4.19
351,1,1980,2.6
351,1,1981,2.59
351,1,1982,2.57
351,1,1983,2.55
351,1,1984,2.54
351,1,1985,2.51
351,1,1986,2.51
351,1,1987,2.49
351,1,1988,2.47
351,1,1989,2.47
351,1,1990,2.46
351,1,1991,2.43
351,1,1992,2.41
351,1,1993,2.39
351,1,1994,2.41
351,1,1995,3.2
351,1,1996,3.38
351,1,1997,4.36
351,1,1998,6.47
351,1,1999,5.06
351,1,2000,6.53
351,1,2001,5.93
351,1,2002,5.68
351,1,2003,6.6
351,1,2004,7.46
351,1,2005,6.98
351,1,2006,7.93
351,1,2007,7.75
351,1,2008,8.3
351,1,2009,7.89
351,1,2010,7.24
351,1,2011,9.36
351,1,2012,8.06
351,1,2013,10.52
351,1,2014,11.23
351,1,2015,11.1
351,1,2016,11.46
351,1,2017,9.91
351,1,2018,7.57
351,1,2019,10.11
351,1,2020,10.61
351,1,2021,10.42
351,1,2022,6.73
351,1,2023,6.85
351,2,1980,0.48
351,2,1981,0.47
351,2,1982,0.47
351,2,1983,0.46
351,2,1984,0.46
351,2,1985,0.45
351,2,1986,0.44
351,2,1987,0.44
351,2,1988,0.44
351,2,1989,0.44
351,2,1990,0.44
351,2,1991,0.43
351,2,1992,0.43
351,2,1993,0.42
351,2,1994,0.42
351,2,1995,1.96
351,2,1996,2.06
351,2,1997,0.68
351,2,1998,2.08
351,2,1999,1.46
351,2,2000,1.3
351,2,2001,1.57
351,2,2002,1.21
351,2,2003,2.18
351,2,2004,2.45
351,2,2005,1.65
351,2,2006,1.75
351,2,2007,1.81
351,2,2008,1.4
351,2,2009,1.55
351,2,2010,1.47
351,2,2011,1.51
351,2,2012,1.76
351,2,2013,1.26
351,2,2014,1.19
351,2,2015,1.14
351,2,2016,1.42
351,2,2017,2.61
351,2,2018,3.39
351,2,2019,4.24
351,2,2020,4.47
351,2,2021,4.53
351,2,2022,5.29
351,2,2023,5.43
367,1,1980,6.37
367,1,1981,6.3
367,1,1982,6.16
367,1,1983,6.1
367,1,1984,6.13
367,1,1985,6.18
367,1,1986,6.28
367,1,1987,6.3
367,1,1988,6.37
367,1,1989,6.4
367,1,1990,6.38
367,1,1991,6.48
367,1,1992,6.58
367,1,1993,6.77
367,1,1994,7.02
367,1,1995,7.3
367,1,1996,7.72
367,1,1997,8.17
367,1,1998,8.79
367,1,1999,9.51
367,1,2000,10.27
367,1,2001,11
367,1,2002,11.73
367,1,2003,12.11
367,1,2004,12.39
367,1,2005,12.69
367,1,2006,12.81
367,1,2007,13.03
367,1,2008,13.32
367,1,2009,13.39
367,1,2010,13.56
367,1,2011,13.53
367,1,2012,13.61
367,1,2013,13.83
367,1,2014,13.95
367,1,2015,14.06
367,1,2016,13.88
367,1,2017,13.59
367,1,2018,13.37
367,1,2019,13.39
367,1,2020,13.7
367,1,2021,14.23
367,1,2022,14.43
367,1,2023,14.6
367,2,1980,2.45
367,2,1981,2.39
367,2,1982,2.33
367,2,1983,2.28
367,2,1984,2.26
367,2,1985,2.25
367,2,1986,2.25
367,2,1987,2.26
367,2,1988,2.27
367,2,1989,2.28
367,2,1990,2.28
367,2,1991,2.29
367,2,1992,2.29
367,2,1993,2.32
367,2,1994,2.38
367,2,1995,2.46
367,2,1996,2.55
367,2,1997,2.64
367,2,1998,2.77
367,2,1999,2.93
367,2,2000,3.08
367,2,2001,3.23
367,2,2002,3.39
367,2,2003,3.48
367,2,2004,3.56
367,2,2005,3.62
367,2,2006,3.67
367,2,2007,3.74
367,2,2008,3.84
367,2,2009,3.9
367,2,2010,3.97
367,2,2011,3.99
367,2,2012,4
367,2,2013,4.03
367,2,2014,4.02
367,2,2015,4
367,2,2016,3.97
367,2,2017,3.89
367,2,2018,3.82
367,2,2019,3.82
367,2,2020,3.89
367,2,2021,4.2
367,2,2022,4.53
367,2,2023,4.71
369,1,1980,20.02
369,1,1981,19.69
369,1,1982,19.47
369,1,1983,19.2
369,1,1984,19
369,1,1985,18.77
369,1,1986,18.6
369,1,1987,18.41
369,1,1988,18.29
369,1,1989,18.24
369,1,1990,18.14
369,1,1991,17.9
369,1,1992,17.56
369,1,1993,17.3
369,1,1994,17.07
369,1,1995,16.87
369,1,1996,16.67
369,1,1997,16.55
369,1,1998,16.56
369,1,1999,16.5
369,1,2000,16.5
369,1,2001,16.59
369,1,2002,16.69
369,1,2003,16.87
369,1,2004,17.04
369,1,2005,17.28
369,1,2006,17.28
369,1,2007,17.08
369,1,2008,16.82
369,1,2009,16.73
369,1,2010,16.85
369,1,2011,17.16
369,1,2012,17.56
369,1,2013,18.01
369,1,2014,18.39
369,1,2015,18.66
369,1,2016,18.8
369,1,2017,18.65
369,1,2018,18.38
369,1,2019,18.21
369,1,2020,18.94
369,1,2021,21.56
369,1,2022,20.32
369,1,2023,21.01
369,2,1980,10.87
369,2,1981,10.7
369,2,1982,10.52
369,2,1983,10.28
369,2,1984,10.05
369,2,1985,9.83
369,2,1986,9.63
369,2,1987,9.45
369,2,1988,9.32
369,2,1989,9.22
369,2,1990,9.13
369,2,1991,9.05
369,2,1992,8.97
369,2,1993,8.9
369,2,1994,8.78
369,2,1995,8.65
369,2,1996,8.57
369,2,1997,8.53
369,2,1998,8.58
369,2,1999,8.61
369,2,2000,8.63
369,2,2001,8.61
369,2,2002,8.59
369,2,2003,8.57
369,2,2004,8.61
369,2,2005,8.63
369,2,2006,8.63
369,2,2007,8.61
369,2,2008,8.65
369,2,2009,8.74
369,2,2010,8.87
369,2,2011,8.94
369,2,2012,8.96
369,2,2013,8.99
369,2,2014,9
369,2,2015,9.03
369,2,2016,9.11
369,2,2017,9.13
369,2,2018,9.18
369,2,2019,9.25
369,2,2020,9.65
369,2,2021,10.73
369,2,2022,10.26
369,2,2023,10.62
374,1,1980,10.81
374,1,1981,10.5
374,1,1982,10.22
374,1,1983,9.94
374,1,1984,9.67
374,1,1985,9.48
374,1,1986,9.29
374,1,1987,9.1
374,1,1988,8.92
374,1,1989,8.75
374,1,1990,8.57
374,1,1991,8.52
374,1,1992,8.47
374,1,1993,8.46
374,1,1994,8.42
374,1,1995,8.34
374,1,1996,8.31
374,1,1997,8.33
374,1,1998,8.41
374,1,1999,8.47
374,1,2000,8.51
374,1,2001,8.55
374,1,2002,8.6
374,1,2003,8.63
374,1,2004,8.69
374,1,2005,8.76
374,1,2006,8.74
374,1,2007,8.61
374,1,2008,8.46
374,1,2009,8.39
374,1,2010,8.42
374,1,2011,8.5
374,1,2012,8.61
374,1,2013,8.74
374,1,2014,8.81
374,1,2015,8.83
374,1,2016,8.81
374,1,2017,8.75
374,1,2018,8.62
374,1,2019,8.38
374,1,2020,7.77
374,1,2021,8.2
374,1,2022,8.36
374,1,2023,9
374,2,1980,5.27
374,2,1981,5.05
374,2,1982,4.84
374,2,1983,4.6
374,2,1984,4.36
374,2,1985,4.16
374,2,1986,3.96
374,2,1987,3.79
374,2,1988,3.65
374,2,1989,3.5
374,2,1990,3.38
374,2,1991,3.32
374,2,1992,3.27
374,2,1993,3.24
374,2,1994,3.21
374,2,1995,3.17
374,2,1996,3.17
374,2,1997,3.2
374,2,1998,3.25
374,2,1999,3.29
374,2,2000,3.31
374,2,2001,3.33
374,2,2002,3.33
374,2,2003,3.34
374,2,2004,3.33
374,2,2005,3.37
374,2,2006,3.35
374,2,2007,3.33
374,2,2008,3.32
374,2,2009,3.35
374,2,2010,3.37
374,2,2011,3.39
374,2,2012,3.4
374,2,2013,3.41
374,2,2014,3.42
374,2,2015,3.42
374,2,2016,3.43
374,2,2017,3.45
374,2,2018,3.45
374,2,2019,3.39
374,2,2020,2.77
374,2,2021,2.81
374,2,2022,3.28
374,2,2023,3.53
376,1,1980,10.73
376,1,1981,10.35
376,1,1982,10.01
376,1,1983,9.69
376,1,1984,9.39
376,1,1985,9.11
376,1,1986,8.87
376,1,1987,8.64
376,1,1988,8.47
376,1,1989,8.37
376,1,1990,8.22
376,1,1991,8.19
376,1,1992,8.16
376,1,1993,8.17
376,1,1994,8.2
376,1,1995,8.22
376,1,1996,8.27
376,1,1997,8.31
376,1,1998,8.48
376,1,1999,7.69
376,1,2000,7.96
376,1,2001,8.16
376,1,2002,8.33
376,1,2003,8.64
376,1,2004,8.97
376,1,2005,9.26
376,1,2006,9.44
376,1,2007,9.5
376,1,2008,9.49
376,1,2009,9.5
376,1,2010,9.44
376,1,2011,9.53
376,1,2012,9.69
376,1,2013,9.88
376,1,2014,10.02
376,1,2015,9.96
376,1,2016,9.89
376,1,2017,9.7
376,1,2018,9.46
376,1,2019,9.25
376,1,2020,9.86
376,1,2021,10.25
376,1,2022,8.84
376,1,2023,8.86
376,2,1980,5.94
376,2,1981,5.73
376,2,1982,5.51
376,2,1983,5.29
376,2,1984,5.04
376,2,1985,4.81
376,2,1986,4.6
376,2,1987,4.41
376,2,1988,4.27
376,2,1989,4.18
376,2,1990,4.15
376,2,1991,4.18
376,2,1992,4.22
376,2,1993,4.27
376,2,1994,4.3
376,2,1995,4.35
376,2,1996,4.4
376,2,1997,4.46
376,2,1998,4.66
376,2,1999,4.02
376,2,2000,4.08
376,2,2001,4.04
376,2,2002,3.91
376,2,2003,3.84
376,2,2004,3.76
376,2,2005,3.64
376,2,2006,3.73
376,2,2007,3.82
376,2,2008,3.89
376,2,2009,3.96
376,2,2010,4.04
376,2,2011,4.15
376,2,2012,4.31
376,2,2013,4.5
376,2,2014,4.72
376,2,2015,5.07
376,2,2016,5.54
376,2,2017,6.04
376,2,2018,6.47
376,2,2019,6.81
376,2,2020,7.44
376,2,2021,8.61
376,2,2022,8.67
376,2,2023,8.59
380,1,1980,11.69
380,1,1981,11.37
380,1,1982,11.08
380,1,1983,10.81
380,1,1984,10.56
380,1,1985,10.31
380,1,1986,10.06
380,1,1987,10.04
380,1,1988,9.88
380,1,1989,9.82
380,1,1990,9.55
380,1,1991,9.52
380,1,1992,9.5
380,1,1993,9.46
380,1,1994,9.75
380,1,1995,9.83
380,1,1996,9.92
380,1,1997,9.95
380,1,1998,10.04
380,1,1999,10.04
380,1,2000,10.04
380,1,2001,10.13
380,1,2002,10.24
380,1,2003,10.34
380,1,2004,10.38
380,1,2005,10.18
380,1,2006,10.12
380,1,2007,9.92
380,1,2008,9.68
380,1,2009,9.5
380,1,2010,9.44
380,1,2011,9.49
380,1,2012,9.63
380,1,2013,10.08
380,1,2014,10.25
380,1,2015,10.36
380,1,2016,10.52
380,1,2017,10.4
380,1,2018,10.21
380,1,2019,8.41
380,1,2020,8.65
380,1,2021,9.51
380,1,2022,9.1
380,1,2023,9.24
380,2,1980,4.54
380,2,1981,4.42
380,2,1982,4.31
380,2,1983,4.2
380,2,1984,4.06
380,2,1985,3.92
380,2,1986,3.79
380,2,1987,3.64
380,2,1988,3.54
380,2,1989,3.47
380,2,1990,3.47
380,2,1991,3.46
380,2,1992,3.46
380,2,1993,3.46
380,2,1994,3.47
380,2,1995,3.48
380,2,1996,3.53
380,2,1997,3.57
380,2,1998,3.64
380,2,1999,3.68
380,2,2000,3.71
380,2,2001,3.73
380,2,2002,3.75
380,2,2003,3.76
380,2,2004,3.78
380,2,2005,3.78
380,2,2006,3.76
380,2,2007,3.73
380,2,2008,3.71
380,2,2009,3.71
380,2,2010,3.71
380,2,2011,3.7
380,2,2012,3.71
380,2,2013,3.62
380,2,2014,3.62
380,2,2015,3.62
380,2,2016,3.63
380,2,2017,3.61
380,2,2018,3.63
380,2,2019,4.06
380,2,2020,4.22
380,2,2021,4.55
380,2,2022,4.34
380,2,2023,4.49
385,1,1980,2.28
385,1,1981,2.29
385,1,1982,2.32
385,1,1983,2.4
385,1,1984,2.45
385,1,1985,2.46
385,1,1986,2.54
385,1,1987,2.69
385,1,1988,2.8
385,1,1989,2.95
385,1,1990,3.14
385,1,1991,3.38
385,1,1992,3.5
385,1,1993,3.54
385,1,1994,3.66
385,1,1995,3.68
385,1,1996,3.74
385,1,1997,3.81
385,1,1998,3.82
385,1,1999,4.4
385,1,2000,4.32
385,1,2001,4.21
385,1,2002,4.02
385,1,2003,4.04
385,1,2004,3.67
385,1,2005,3.45
385,1,2006,3.55
385,1,2007,3.54
385,1,2008,3.84
385,1,2009,3.79
385,1,2010,3.6
385,1,2011,3.75
385,1,2012,3.67
385,1,2013,3.67
385,1,2014,3.51
385,1,2015,3.68
385,1,2016,3.75
385,1,2017,3.55
385,1,2018,3.43
385,1,2019,3.46
385,1,2020,3.31
385,1,2021,3.17
385,1,2022,3.54
385,1,2023,3.72
385,2,1980,1.16
385,2,1981,1.17
385,2,1982,1.15
385,2,1983,1.18
385,2,1984,1.19
385,2,1985,1.2
385,2,1986,1.22
385,2,1987,1.28
385,2,1988,1.3
385,2,1989,1.35
385,2,1990,1.43
385,2,1991,1.6
385,2,1992,1.67
385,2,1993,1.7
385,2,1994,1.84
385,2,1995,1.93
385,2,1996,1.78
385,2,1997,1.79
385,2,1998,1.67
385,2,1999,1.81
385,2,2000,1.7
385,2,2001,1.56
385,2,2002,1.59
385,2,2003,1.59
385,2,2004,1.49
385,2,2005,1.47
385,2,2006,1.45
385,2,2007,1.5
385,2,2008,1.53
385,2,2009,1.49
385,2,2010,1.57
385,2,2011,1.67
385,2,2012,1.6
385,2,2013,1.49
385,2,2014,1.39
385,2,2015,1.29
385,2,2016,1.39
385,2,2017,1.3
385,2,2018,1.25
385,2,2019,1.2
385,2,2020,1.3
385,2,2021,1.3
385,2,2022,1.49
385,2,2023,1.63
393,1,1980,4.58
393,1,1981,4.71
393,1,1982,4.68
393,1,1983,4.24
393,1,1984,4.05
393,1,1985,3.98
393,1,1986,4
393,1,1987,4.05
393,1,1988,4.11
393,1,1989,4.12
393,1,1990,4.19
393,1,1991,4.21
393,1,1992,4.25
393,1,1993,4.24
393,1,1994,4.21
393,1,1995,4.3
393,1,1996,4.46
393,1,1997,4.56
393,1,1998,4.69
393,1,1999,5.17
393,1,2000,4.99
393,1,2001,4.76
393,1,2002,4.58
393,1,2003,4.61
393,1,2004,4.13
393,1,2005,3.97
393,1,2006,3.93
393,1,2007,3.94
393,1,2008,4.03
393,1,2009,4.22
393,1,2010,4.05
393,1,2011,4.01
393,1,2012,3.78
393,1,2013,3.93
393,1,2014,3.82
393,1,2015,4.19
393,1,2016,4.27
393,1,2017,4.27
393,1,2018,4.28
393,1,2019,4.37
393,1,2020,4.59
393,1,2021,4.86
393,1,2022,4.7
393,1,2023,4.91
393,2,1980,2.76
393,2,1981,2.81
393,2,1982,2.8
393,2,1983,2.75
393,2,1984,2.56
393,2,1985,2.41
393,2,1986,2.3
393,2,1987,2.35
393,2,1988,2.32
393,2,1989,2.28
393,2,1990,2.35
393,2,1991,2.4
393,2,1992,2.4
393,2,1993,2.4
393,2,1994,2.44
393,2,1995,2.35
393,2,1996,2.38
393,2,1997,2.42
393,2,1998,2.47
393,2,1999,2.48
393,2,2000,2.22
393,2,2001,1.97
393,2,2002,2.05
393,2,2003,1.96
393,2,2004,1.88
393,2,2005,1.93
393,2,2006,1.85
393,2,2007,1.82
393,2,2008,1.81
393,2,2009,1.88
393,2,2010,1.9
393,2,2011,2.02
393,2,2012,2.03
393,2,2013,1.82
393,2,2014,1.69
393,2,2015,1.62
393,2,2016,1.77
393,2,2017,1.79
393,2,2018,1.81
393,2,2019,1.85
393,2,2020,1.92
393,2,2021,1.94
393,2,2022,1.94
393,2,2023,2.04
396,1,1980,4.68
396,1,1981,4.64
396,1,1982,4.6
396,1,1983,4.54
396,1,1984,4.5
396,1,1985,4.45
396,1,1986,4.43
396,1,1987,4.37
396,1,1988,4.31
396,1,1989,4.24
396,1,1990,4.14
396,1,1991,4.06
396,1,1992,3.96
396,1,1993,3.89
396,1,1994,3.87
396,1,1995,3.86
396,1,1996,3.87
396,1,1997,3.89
396,1,1998,3.89
396,1,1999,3.86
396,1,2000,3.83
396,1,2001,3.81
396,1,2002,3.77
396,1,2003,3.76
396,1,2004,3.73
396,1,2005,3.71
396,1,2006,3.7
396,1,2007,3.67
396,1,2008,3.59
396,1,2009,3.5
396,1,2010,3.45
396,1,2011,3.36
396,1,2012,3.25
396,1,2013,3.12
396,1,2014,2.99
396,1,2015,2.89
396,1,2016,2.82
396,1,2017,2.68
396,1,2018,2.59
396,1,2019,2.61
396,1,2020,2.53
396,1,2021,2.49
396,1,2022,2.72
396,1,2023,3.09
396,2,1980,1
396,2,1981,1
396,2,1982,0.99
396,2,1983,0.98
396,2,1984,0.95
396,2,1985,0.92
396,2,1986,0.88
396,2,1987,0.84
396,2,1988,0.8
396,2,1989,0.76
396,2,1990,0.72
396,2,1991,0.69
396,2,1992,0.67
396,2,1993,0.65
396,2,1994,0.64
396,2,1995,0.65
396,2,1996,0.66
396,2,1997,0.67
396,2,1998,0.69
396,2,1999,0.7
396,2,2000,0.71
396,2,2001,0.72
396,2,2002,0.72
396,2,2003,0.74
396,2,2004,0.72
396,2,2005,0.73
396,2,2006,0.72
396,2,2007,0.72
396,2,2008,0.71
396,2,2009,0.69
396,2,2010,0.68
396,2,2011,0.67
396,2,2012,0.65
396,2,2013,0.63
396,2,2014,0.62
396,2,2015,0.62
396,2,2016,0.62
396,2,2017,0.62
396,2,2018,0.62
396,2,2019,0.63
396,2,2020,0.6
396,2,2021,0.58
396,2,2022,0.6
396,2,2023,0.68
413,1,1980,8.32
413,1,1981,8.05
413,1,1982,7.85
413,1,1983,7.6
413,1,1984,7.37
413,1,1985,7.16
413,1,1986,6.98
413,1,1987,6.82
413,1,1988,6.7
413,1,1989,6.62
413,1,1990,6.55
413,1,1991,6.56
413,1,1992,6.55
413,1,1993,6.55
413,1,1994,6.55
413,1,1995,6.57
413,1,1996,6.61
413,1,1997,6.68
413,1,1998,6.73
413,1,1999,6.75
413,1,2000,6.78
413,1,2001,6.83
413,1,2002,6.9
413,1,2003,6.95
413,1,2004,7.03
413,1,2005,7.1
413,1,2006,7.1
413,1,2007,6.98
413,1,2008,6.84
413,1,2009,6.73
413,1,2010,6.71
413,1,2011,6.76
413,1,2012,6.85
413,1,2013,6.97
413,1,2014,7.05
413,1,2015,7.11
413,1,2016,7.11
413,1,2017,7.03
413,1,2018,6.91
413,1,2019,6.72
413,1,2020,5.99
413,1,2021,6.57
413,1,2022,6.89
413,1,2023,7.31
413,2,1980,5.11
413,2,1981,4.85
413,2,1982,4.62
413,2,1983,4.38
413,2,1984,4.14
413,2,1985,3.93
413,2,1986,3.75
413,2,1987,3.61
413,2,1988,3.5
413,2,1989,3.42
413,2,1990,3.35
413,2,1991,3.37
413,2,1992,3.39
413,2,1993,3.42
413,2,1994,3.43
413,2,1995,3.46
413,2,1996,3.5
413,2,1997,3.58
413,2,1998,3.65
413,2,1999,3.7
413,2,2000,3.74
413,2,2001,3.76
413,2,2002,3.77
413,2,2003,3.75
413,2,2004,3.78
413,2,2005,3.79
413,2,2006,3.79
413,2,2007,3.77
413,2,2008,3.75
413,2,2009,3.75
413,2,2010,3.77
413,2,2011,3.76
413,2,2012,3.76
413,2,2013,3.77
413,2,2014,3.77
413,2,2015,3.77
413,2,2016,3.78
413,2,2017,3.78
413,2,2018,3.77
413,2,2019,3.7
413,2,2020,3.03
413,2,2021,3.03
413,2,2022,3.6
413,2,2023,3.87
416,1,1980,13.79
416,1,1981,13.7
416,1,1982,13.68
416,1,1983,13.58
416,1,1984,13.42
416,1,1985,13.3
416,1,1986,13.06
416,1,1987,12.75
416,1,1988,12.43
416,1,1989,12.23
416,1,1990,12.2
416,1,1991,12.49
416,1,1992,12.61
416,1,1993,12.8
416,1,1994,13
416,1,1995,13.12
416,1,1996,13.24
416,1,1997,13.35
416,1,1998,13.52
416,1,1999,13.66
416,1,2000,13.99
416,1,2001,14.1
416,1,2002,14.39
416,1,2003,14.61
416,1,2004,14.86
416,1,2005,15.06
416,1,2006,15.13
416,1,2007,15.04
416,1,2008,14.77
416,1,2009,14.61
416,1,2010,14.58
416,1,2011,14.8
416,1,2012,15.17
416,1,2013,15.62
416,1,2014,15.93
416,1,2015,16.08
416,1,2016,16.15
416,1,2017,15.99
416,1,2018,15.74
416,1,2019,15.49
416,1,2020,15.75
416,1,2021,17.33
416,1,2022,16.26
416,1,2023,16.96
416,2,1980,7.02
416,2,1981,6.88
416,2,1982,6.76
416,2,1983,6.56
416,2,1984,6.31
416,2,1985,6.08
416,2,1986,5.78
416,2,1987,5.49
416,2,1988,5.21
416,2,1989,5.01
416,2,1990,4.9
416,2,1991,4.96
416,2,1992,4.96
416,2,1993,5.01
416,2,1994,5.07
416,2,1995,5.09
416,2,1996,5.14
416,2,1997,5.24
416,2,1998,5.39
416,2,1999,5.51
416,2,2000,5.62
416,2,2001,5.7
416,2,2002,5.78
416,2,2003,5.8
416,2,2004,5.84
416,2,2005,5.88
416,2,2006,5.94
416,2,2007,5.97
416,2,2008,5.98
416,2,2009,5.99
416,2,2010,5.97
416,2,2011,5.93
416,2,2012,5.89
416,2,2013,5.86
416,2,2014,5.8
416,2,2015,5.74
416,2,2016,5.76
416,2,2017,5.75
416,2,2018,5.75
416,2,2019,5.75
416,2,2020,5.85
416,2,2021,6.18
416,2,2022,6.04
416,2,2023,6.26
422,1,1980,2.64
422,1,1981,2.63
422,1,1982,2.6
422,1,1983,2.61
422,1,1984,2.62
422,1,1985,2.64
422,1,1986,2.66
422,1,1987,2.69
422,1,1988,2.71
422,1,1989,2.76
422,1,1990,2.8
422,1,1991,2.84
422,1,1992,2.89
422,1,1993,2.93
422,1,1994,2.96
422,1,1995,2.98
422,1,1996,2.99
422,1,1997,3
422,1,1998,2.85
422,1,1999,3.1
422,1,2000,2.93
422,1,2001,2.83
422,1,2002,2.75
422,1,2003,2.71
422,1,2004,2.38
422,1,2005,2.22
422,1,2006,2.19
422,1,2007,2.16
422,1,2008,2.23
422,1,2009,2.32
422,1,2010,2.29
422,1,2011,2.33
422,1,2012,2.23
422,1,2013,2.23
422,1,2014,2.33
422,1,2015,2.36
422,1,2016,2.34
422,1,2017,2.22
422,1,2018,2.14
422,1,2019,1.98
422,1,2020,1.95
422,1,2021,2.01
422,1,2022,2.52
422,1,2023,2.76
422,2,1980,1.91
422,2,1981,1.94
422,2,1982,1.97
422,2,1983,2
422,2,1984,2.03
422,2,1985,2.04
422,2,1986,2.07
422,2,1987,2.17
422,2,1988,2.22
422,2,1989,2.22
422,2,1990,2.22
422,2,1991,2.25
422,2,1992,2.25
422,2,1993,2.24
422,2,1994,2.22
422,2,1995,2.18
422,2,1996,2.09
422,2,1997,1.91
422,2,1998,1.82
422,2,1999,1.8
422,2,2000,1.56
422,2,2001,1.37
422,2,2002,1.36
422,2,2003,1.31
422,2,2004,1.24
422,2,2005,1.21
422,2,2006,1.17
422,2,2007,1.18
422,2,2008,1.16
422,2,2009,1.17
422,2,2010,1.19
422,2,2011,1.29
422,2,2012,1.2
422,2,2013,1.13
422,2,2014,0.99
422,2,2015,0.93
422,2,2016,0.99
422,2,2017,0.92
422,2,2018,0.89
422,2,2019,0.88
422,2,2020,0.85
422,2,2021,0.88
422,2,2022,1.21
422,2,2023,1.39
435,1,1980,14.12
435,1,1981,13.93
435,1,1982,13.71
435,1,1983,13.47
435,1,1984,13.17
435,1,1985,13.73
435,1,1986,13.63
435,1,1987,13.39
435,1,1988,13.05
435,1,1989,12.92
435,1,1990,12.45
435,1,1991,12.13
435,1,1992,12.1
435,1,1993,11.97
435,1,1994,11.85
435,1,1995,12.08
435,1,1996,11.88
435,1,1997,11.28
435,1,1998,11.31
435,1,1999,11.1
435,1,2000,11.11
435,1,2001,10.71
435,1,2002,10.62
435,1,2003,10.8
435,1,2004,10.93
435,1,2005,10.88
435,1,2006,11.31
435,1,2007,11.34
435,1,2008,11.28
435,1,2009,11.44
435,1,2010,11.51
435,1,2011,11.48
435,1,2012,11.48
435,1,2013,11.52
435,1,2014,11.56
435,1,2015,11.49
435,1,2016,11.51
435,1,2017,11.44
435,1,2018,11.41
435,1,2019,11.3
435,1,2020,11.69
435,1,2021,11.29
435,1,2022,12.49
435,1,2023,13.76
435,2,1980,7.26
435,2,1981,7.26
435,2,1982,7.36
435,2,1983,7.35
435,2,1984,7.24
435,2,1985,7.75
435,2,1986,7.77
435,2,1987,7.69
435,2,1988,7.52
435,2,1989,7.47
435,2,1990,7.26
435,2,1991,7.13
435,2,1992,7.15
435,2,1993,7.08
435,2,1994,7.01
435,2,1995,7.04
435,2,1996,6.87
435,2,1997,6.41
435,2,1998,6.45
435,2,1999,6.4
435,2,2000,6.49
435,2,2001,6.22
435,2,2002,6.2
435,2,2003,6.39
435,2,2004,6.56
435,2,2005,6.56
435,2,2006,6.92
435,2,2007,6.91
435,2,2008,6.86
435,2,2009,6.93
435,2,2010,6.99
435,2,2011,7.04
435,2,2012,7.1
435,2,2013,7.21
435,2,2014,7.34
435,2,2015,7.43
435,2,2016,7.43
435,2,2017,7.28
435,2,2018,7.26
435,2,2019,7.26
435,2,2020,7.08
435,2,2021,6.85
435,2,2022,8.29
435,2,2023,8.87
522,1,1980,13.08
522,1,1981,12.7
522,1,1982,12.35
522,1,1983,12.03
522,1,1984,11.74
522,1,1985,11.5
522,1,1986,11.3
522,1,1987,11.04
522,1,1988,10.84
522,1,1989,10.65
522,1,1990,10.49
522,1,1991,10.55
522,1,1992,10.54
522,1,1993,10.66
522,1,1994,10.6
522,1,1995,10.72
522,1,1996,10.86
522,1,1997,10.89
522,1,1998,10.95
522,1,1999,10.78
522,1,2000,10.82
522,1,2001,10.77
522,1,2002,10.72
522,1,2003,10.45
522,1,2004,10.31
522,1,2005,10.07
522,1,2006,9.93
522,1,2007,9.7
522,1,2008,9.53
522,1,2009,9.37
522,1,2010,9.15
522,1,2011,8.96
522,1,2012,8.8
522,1,2013,8.86
522,1,2014,8.94
522,1,2015,8.73
522,1,2016,8.63
522,1,2017,8.59
522,1,2018,8.56
522,1,2019,8.69
522,1,2020,9.17
522,1,2021,9.18
522,1,2022,9.49
522,1,2023,10.06
522,2,1980,10.46
522,2,1981,10.24
522,2,1982,9.94
522,2,1983,9.6
522,2,1984,9.4
522,2,1985,9.15
522,2,1986,8.95
522,2,1987,8.7
522,2,1988,8.42
522,2,1989,8.2
522,2,1990,7.98
522,2,1991,7.91
522,2,1992,7.82
522,2,1993,7.81
522,2,1994,7.61
522,2,1995,7.54
522,2,1996,7.5
522,2,1997,7.48
522,2,1998,7.55
522,2,1999,7.44
522,2,2000,7.4
522,2,2001,7.33
522,2,2002,7.24
522,2,2003,7.08
522,2,2004,6.98
522,2,2005,6.82
522,2,2006,6.73
522,2,2007,6.62
522,2,2008,6.56
522,2,2009,6.54
522,2,2010,6.43
522,2,2011,6.3
522,2,2012,6.15
522,2,2013,6.13
522,2,2014,6.09
522,2,2015,6.03
522,2,2016,6.02
522,2,2017,6
522,2,2018,5.95
522,2,2019,6.04
522,2,2020,6.3
522,2,2021,6.39
522,2,2022,6.53
522,2,2023,6.89
