location,sex,year,self_harm_deaths_number_all_ages
6,3,1980,178139.6
6,3,1981,183713.26
6,3,1982,184825.02
6,3,1983,187004.06
6,3,1984,189532.25
6,3,1985,193665.25
6,3,1986,198111.93
6,3,1987,206096.89
6,3,1988,213404.62
6,3,1989,221933
6,3,1990,224893.77
6,3,1991,232886.63
6,3,1992,237462.65
6,3,1993,240136.45
6,3,1994,241533.94
6,3,1995,239264.35
6,3,1996,233581.66
6,3,1997,227477.67
6,3,1998,222999.8
6,3,1999,218494.33
6,3,2000,213802.7
6,3,2001,204524.25
6,3,2002,197282.22
6,3,2003,190636.8
6,3,2004,186415.05
6,3,2005,175968.45
6,3,2006,162421.59
6,3,2007,151478.92
6,3,2008,142134.53
6,3,2009,133554.29
6,3,2010,125596.63
6,3,2011,118108.1
6,3,2012,112441.48
6,3,2013,106228.63
6,3,2014,104025.01
6,3,2015,102135.05
6,3,2016,101854
6,3,2017,101445.75
6,3,2018,101748.93
6,3,2019,101910.6
6,3,2020,101370.94
6,3,2021,104197.71
6,3,2022,103483.8
6,3,2023,95462.17
7,3,1980,1603.49
7,3,1981,1636.73
7,3,1982,1668.56
7,3,1983,1702.53
7,3,1984,1735.37
7,3,1985,1763.15
7,3,1986,1791.55
7,3,1987,1815.56
7,3,1988,1846.77
7,3,1989,1887.7
7,3,1990,1929.12
7,3,1991,1973.61
7,3,1992,2014.78
7,3,1993,2056.66
7,3,1994,2093.91
7,3,1995,2112.53
7,3,1996,2129.52
7,3,1997,2144.38
7,3,1998,2161.91
7,3,1999,2182.28
7,3,2000,2196.26
7,3,2001,2204.8
7,3,2002,2219.77
7,3,2003,2202.75
7,3,2004,2205.68
7,3,2005,2208.43
7,3,2006,2217.63
7,3,2007,2228.74
7,3,2008,2259.29
7,3,2009,2273.97
7,3,2010,2302.75
7,3,2011,2311.79
7,3,2012,2339.52
7,3,2013,2334.11
7,3,2014,2342.13
7,3,2015,2360
7,3,2016,2392.73
7,3,2017,2409.57
7,3,2018,2445.37
7,3,2019,2478.24
7,3,2020,2463.39
7,3,2021,2524.64
7,3,2022,2392.39
7,3,2023,2279.5
8,3,1980,1980.41
8,3,1981,2147
8,3,1982,2290.83
8,3,1983,2309.34
8,3,1984,2257.76
8,3,1985,2339.37
8,3,1986,2273.81
8,3,1987,2021.05
8,3,1988,1893.09
8,3,1989,1718.23
8,3,1990,1621.17
8,3,1991,1688.65
8,3,1992,1695.42
8,3,1993,1699.19
8,3,1994,1900.18
8,3,1995,2095.42
8,3,1996,2341.34
8,3,1997,2544.85
8,3,1998,2687.35
8,3,1999,2818.09
8,3,2000,3030.32
8,3,2001,3316.02
8,3,2002,3607.89
8,3,2003,3840.59
8,3,2004,4107.97
8,3,2005,4536.9
8,3,2006,4628.25
8,3,2007,4436.58
8,3,2008,4300.66
8,3,2009,4176.76
8,3,2010,4016.43
8,3,2011,3857.66
8,3,2012,3848.02
8,3,2013,3773.12
8,3,2014,3792.53
8,3,2015,3815.8
8,3,2016,3906.86
8,3,2017,3919.73
8,3,2018,3903.87
8,3,2019,3905.8
8,3,2020,3793.59
8,3,2021,3962.44
8,3,2022,3999.87
8,3,2023,4443.01
10,3,1980,340.82
10,3,1981,349.17
10,3,1982,356.96
10,3,1983,365.95
10,3,1984,374.12
10,3,1985,382.1
10,3,1986,387.92
10,3,1987,395.56
10,3,1988,406.52
10,3,1989,416.46
10,3,1990,425.14
10,3,1991,436.72
10,3,1992,450.49
10,3,1993,464.57
10,3,1994,478.88
10,3,1995,493.33
10,3,1996,498.89
10,3,1997,503.92
10,3,1998,512.56
10,3,1999,509.64
10,3,2000,506.19
10,3,2001,515.4
10,3,2002,522.09
10,3,2003,513.2
10,3,2004,518.72
10,3,2005,522.95
10,3,2006,516.22
10,3,2007,526.83
10,3,2008,528.98
10,3,2009,534.55
10,3,2010,541.96
10,3,2011,550.83
10,3,2012,567.62
10,3,2013,574.14
10,3,2014,579.59
10,3,2015,584.66
10,3,2016,588.13
10,3,2017,586.96
10,3,2018,591.68
10,3,2019,598.39
10,3,2020,600.86
10,3,2021,592.98
10,3,2022,672.59
10,3,2023,680.05
11,3,1980,2024.47
11,3,1981,2102.16
11,3,1982,2169.56
11,3,1983,2233.97
11,3,1984,2308.44
11,3,1985,2377.12
11,3,1986,2454.35
11,3,1987,2543.61
11,3,1988,2632.45
11,3,1989,2727.7
11,3,1990,2824.02
11,3,1991,2898.7
11,3,1992,2988.09
11,3,1993,3091.39
11,3,1994,3189.12
11,3,1995,3283.67
11,3,1996,3387.86
11,3,1997,3510.95
11,3,1998,3632.95
11,3,1999,3749.82
11,3,2000,3871.59
11,3,2001,3982.39
11,3,2002,4158.83
11,3,2003,4158.65
11,3,2004,4231.35
11,3,2005,4245.82
11,3,2006,4308.06
11,3,2007,4334.84
11,3,2008,4417.75
11,3,2009,4503.92
11,3,2010,4593.1
11,3,2011,4737.68
11,3,2012,4716.51
11,3,2013,4675.03
11,3,2014,4647.78
11,3,2015,4670.76
11,3,2016,4754.44
11,3,2017,4861.45
11,3,2018,4963.13
11,3,2019,5069.59
11,3,2020,5028.45
11,3,2021,4851.7
11,3,2022,5414.19
11,3,2023,5364.18
12,3,1980,148.45
12,3,1981,152.69
12,3,1982,157.44
12,3,1983,160.83
12,3,1984,163.75
12,3,1985,166.28
12,3,1986,169.27
12,3,1987,173.2
12,3,1988,178.53
12,3,1989,183.11
12,3,1990,188.15
12,3,1991,194.31
12,3,1992,201.36
12,3,1993,209.48
12,3,1994,217.19
12,3,1995,224.39
12,3,1996,228.6
12,3,1997,233.13
12,3,1998,239.29
12,3,1999,242.18
12,3,2000,240.88
12,3,2001,246.31
12,3,2002,247.56
12,3,2003,247.72
12,3,2004,247.88
12,3,2005,250.16
12,3,2006,251.25
12,3,2007,253.68
12,3,2008,257.97
12,3,2009,265.63
12,3,2010,270.06
12,3,2011,278.96
12,3,2012,282.64
12,3,2013,292.27
12,3,2014,299.9
12,3,2015,310.21
12,3,2016,314.27
12,3,2017,318.46
12,3,2018,320.65
12,3,2019,326.45
12,3,2020,336.06
12,3,2021,350.93
12,3,2022,347.52
12,3,2023,348.51
13,3,1980,464.54
13,3,1981,487.01
13,3,1982,510.91
13,3,1983,528.15
13,3,1984,545.59
13,3,1985,564.99
13,3,1986,573.91
13,3,1987,585.67
13,3,1988,602.33
13,3,1989,617.61
13,3,1990,641.02
13,3,1991,665.44
13,3,1992,695.59
13,3,1993,727.02
13,3,1994,769.89
13,3,1995,839.57
13,3,1996,878.09
13,3,1997,911.63
13,3,1998,925.76
13,3,1999,994.51
13,3,2000,973.92
13,3,2001,993.83
13,3,2002,1027.94
13,3,2003,1091.97
13,3,2004,1122.34
13,3,2005,1130.63
13,3,2006,1129.13
13,3,2007,1129.2
13,3,2008,1162.16
13,3,2009,1193.7
13,3,2010,1224.03
13,3,2011,1255.38
13,3,2012,1278.34
13,3,2013,1307.52
13,3,2014,1335.82
13,3,2015,1362.27
13,3,2016,1390.91
13,3,2017,1414.65
13,3,2018,1412.59
13,3,2019,1387.04
13,3,2020,1328.43
13,3,2021,1312.98
13,3,2022,1449.84
13,3,2023,1214.84
14,3,1980,4.94
14,3,1981,5
14,3,1982,5.04
14,3,1983,4.98
14,3,1984,4.94
14,3,1985,4.97
14,3,1986,5.1
14,3,1987,5.21
14,3,1988,5.33
14,3,1989,5.49
14,3,1990,5.59
14,3,1991,5.68
14,3,1992,5.84
14,3,1993,5.95
14,3,1994,6.08
14,3,1995,6.3
14,3,1996,6.51
14,3,1997,6.6
14,3,1998,6.8
14,3,1999,7.38
14,3,2000,7.53
14,3,2001,7.63
14,3,2002,7.73
14,3,2003,7.82
14,3,2004,7.89
14,3,2005,7.94
14,3,2006,8.1
14,3,2007,8.29
14,3,2008,8.51
14,3,2009,8.79
14,3,2010,9.15
14,3,2011,9.52
14,3,2012,9.91
14,3,2013,10.31
14,3,2014,10.67
14,3,2015,11.09
14,3,2016,11.45
14,3,2017,11.85
14,3,2018,12.27
14,3,2019,12.77
14,3,2020,12.87
14,3,2021,11.52
14,3,2022,12.57
14,3,2023,13.48
15,3,1980,1636.27
15,3,1981,1678.93
15,3,1982,1722.81
15,3,1983,1770.23
15,3,1984,1815.15
15,3,1985,1855.19
15,3,1986,1910.52
15,3,1987,1967.13
15,3,1988,2034.46
15,3,1989,2106.66
15,3,1990,2213.41
15,3,1991,2311.41
15,3,1992,2385.35
15,3,1993,2465.8
15,3,1994,2526.27
15,3,1995,2594.87
15,3,1996,2641.08
15,3,1997,2676.8
15,3,1998,2726.39
15,3,1999,2739.96
15,3,2000,2774.41
15,3,2001,2795.22
15,3,2002,2813.05
15,3,2003,2805.83
15,3,2004,2819.75
15,3,2005,2812.83
15,3,2006,2786.14
15,3,2007,2728.87
15,3,2008,2717.27
15,3,2009,2633.51
15,3,2010,2574.42
15,3,2011,2588.16
15,3,2012,2582.88
15,3,2013,2622.81
15,3,2014,2652.86
15,3,2015,2638.7
15,3,2016,2645.44
15,3,2017,2657.7
15,3,2018,2676.5
15,3,2019,2727.1
15,3,2020,2787.03
15,3,2021,2789.63
15,3,2022,3088.2
15,3,2023,3086.73
16,3,1980,1747.32
16,3,1981,1785.87
16,3,1982,1928.37
16,3,1983,2055.67
16,3,1984,2158.3
16,3,1985,2297.5
16,3,1986,2371.77
16,3,1987,2378.56
16,3,1988,2402.88
16,3,1989,2428.71
16,3,1990,2436.22
16,3,1991,2449.47
16,3,1992,2499.78
16,3,1993,2528.74
16,3,1994,2537.8
16,3,1995,2538.07
16,3,1996,2590.56
16,3,1997,2591.11
16,3,1998,2602.77
16,3,1999,2600.89
16,3,2000,2659.11
16,3,2001,2726.24
16,3,2002,2755.36
16,3,2003,2777.32
16,3,2004,2822.08
16,3,2005,2896.2
16,3,2006,2943.94
16,3,2007,2968.84
16,3,2008,3059.18
16,3,2009,3161.03
16,3,2010,3236.02
16,3,2011,3328.16
16,3,2012,3401.09
16,3,2013,3453.76
16,3,2014,3559.09
16,3,2015,3783.99
16,3,2016,3953.85
16,3,2017,3986.82
16,3,2018,4016.67
16,3,2019,4097.8
16,3,2020,4101.68
16,3,2021,4401.58
16,3,2022,4220.49
16,3,2023,4335.52
17,3,1980,3759.82
17,3,1981,3792.97
17,3,1982,3936.75
17,3,1983,4251.13
17,3,1984,4534.6
17,3,1985,4695.07
17,3,1986,4834.32
17,3,1987,5030.47
17,3,1988,5214.12
17,3,1989,5704.69
17,3,1990,5660.7
17,3,1991,5539.46
17,3,1992,5566.54
17,3,1993,5504.22
17,3,1994,5893.98
17,3,1995,6400.77
17,3,1996,6926.91
17,3,1997,7189.52
17,3,1998,6915.43
17,3,1999,6748.85
17,3,2000,6556.24
17,3,2001,6067.7
17,3,2002,5586.13
17,3,2003,5244.17
17,3,2004,4899.18
17,3,2005,4670.91
17,3,2006,4359.49
17,3,2007,4122.38
17,3,2008,4165.44
17,3,2009,3887.64
17,3,2010,3702.58
17,3,2011,3616.2
17,3,2012,3494.85
17,3,2013,3406.78
17,3,2014,3299.29
17,3,2015,3334.77
17,3,2016,3319.66
17,3,2017,3341.94
17,3,2018,3306.79
17,3,2019,3297.14
17,3,2020,2950.65
17,3,2021,2728.16
17,3,2022,3672.48
17,3,2023,3383.13
18,3,1980,4005.01
18,3,1981,4194.92
18,3,1982,4282.4
18,3,1983,4295.89
18,3,1984,4091.32
18,3,1985,3954.91
18,3,1986,3885.68
18,3,1987,3948.17
18,3,1988,4161.16
18,3,1989,4569.43
18,3,1990,4923.99
18,3,1991,5304.26
18,3,1992,5768.19
18,3,1993,6271.01
18,3,1994,6986.35
18,3,1995,7585.29
18,3,1996,7724.46
18,3,1997,7287.65
18,3,1998,7223.91
18,3,1999,7743.62
18,3,2000,8099.64
18,3,2001,8096.01
18,3,2002,8058.63
18,3,2003,7852.48
18,3,2004,7613.38
18,3,2005,7309.68
18,3,2006,7225.95
18,3,2007,7117.08
18,3,2008,7043.58
18,3,2009,7072.44
18,3,2010,7261.73
18,3,2011,7209.69
18,3,2012,7127.91
18,3,2013,7151.01
18,3,2014,7237.71
18,3,2015,7336.31
18,3,2016,7441.07
18,3,2017,7410.92
18,3,2018,7474.22
18,3,2019,7719.29
18,3,2020,7908.9
18,3,2021,8082.56
18,3,2022,8441.43
18,3,2023,8203.69
19,3,1980,28.55
19,3,1981,29.11
19,3,1982,29.58
19,3,1983,29.92
19,3,1984,30.5
19,3,1985,30.93
19,3,1986,31.51
19,3,1987,32.16
19,3,1988,33.02
19,3,1989,33.84
19,3,1990,34.65
19,3,1991,34.89
19,3,1992,35.58
19,3,1993,36.27
19,3,1994,36.32
19,3,1995,36.1
19,3,1996,35.75
19,3,1997,34.94
19,3,1998,34.57
19,3,1999,34.01
19,3,2000,34.33
19,3,2001,33.87
19,3,2002,31.9
19,3,2003,32.66
19,3,2004,30.26
19,3,2005,30.85
19,3,2006,31.22
19,3,2007,32.01
19,3,2008,32.48
19,3,2009,34.09
19,3,2010,35.03
19,3,2011,39.25
19,3,2012,42.3
19,3,2013,43.85
19,3,2014,45.22
19,3,2015,46.39
19,3,2016,47.49
19,3,2017,48.63
19,3,2018,49.69
19,3,2019,50.67
19,3,2020,51.87
19,3,2021,54.42
19,3,2022,59.22
19,3,2023,59.48
20,3,1980,3725.43
20,3,1981,3800.7
20,3,1982,3876.64
20,3,1983,3950.94
20,3,1984,4028.71
20,3,1985,4117.18
20,3,1986,4207.77
20,3,1987,4304.71
20,3,1988,4417.11
20,3,1989,4548.36
20,3,1990,4696.7
20,3,1991,4846.33
20,3,1992,4996.47
20,3,1993,5145.64
20,3,1994,5291.64
20,3,1995,5416.85
20,3,1996,5528.6
20,3,1997,5655.8
20,3,1998,5806.57
20,3,1999,5897.34
20,3,2000,5995.96
20,3,2001,6149.8
20,3,2002,6343.81
20,3,2003,6528.73
20,3,2004,6721
20,3,2005,6882.82
20,3,2006,7052.9
20,3,2007,7198.82
20,3,2008,7408.7
20,3,2009,7663.45
20,3,2010,7900.54
20,3,2011,8119.99
20,3,2012,8300.54
20,3,2013,8503.24
20,3,2014,8579.28
20,3,2015,8819.8
20,3,2016,8901.14
20,3,2017,9045.81
20,3,2018,9191.94
20,3,2019,9384.76
20,3,2020,9499.23
20,3,2021,8919.59
20,3,2022,9857.19
20,3,2023,9950.76
22,3,1980,54.84
22,3,1981,58.08
22,3,1982,58.53
22,3,1983,59.17
22,3,1984,59.85
22,3,1985,62.58
22,3,1986,64.12
22,3,1987,64.67
22,3,1988,65.29
22,3,1989,65.9
22,3,1990,66.64
22,3,1991,67.67
22,3,1992,68.14
22,3,1993,68.7
22,3,1994,68.74
22,3,1995,68.85
22,3,1996,69.78
22,3,1997,70.64
22,3,1998,69.58
22,3,1999,70.67
22,3,2000,72.13
22,3,2001,71.68
22,3,2002,70.66
22,3,2003,73.78
22,3,2004,72.99
22,3,2005,74.51
22,3,2006,74.99
22,3,2007,75.78
22,3,2008,78.97
22,3,2009,79.51
22,3,2010,81.16
22,3,2011,82.4
22,3,2012,83.37
22,3,2013,82.98
22,3,2014,82.58
22,3,2015,82.59
22,3,2016,82.12
22,3,2017,81.31
22,3,2018,80.17
22,3,2019,81.38
22,3,2020,81.36
22,3,2021,80.81
22,3,2022,80.2
22,3,2023,79.03
23,3,1980,8.51
23,3,1981,8.68
23,3,1982,8.79
23,3,1983,8.9
23,3,1984,9.01
23,3,1985,9.15
23,3,1986,9.3
23,3,1987,9.58
23,3,1988,9.85
23,3,1989,10.15
23,3,1990,10.37
23,3,1991,10.53
23,3,1992,10.56
23,3,1993,10.83
23,3,1994,10.67
23,3,1995,10.46
23,3,1996,10.58
23,3,1997,10.66
23,3,1998,10.75
23,3,1999,10.92
23,3,2000,11.18
23,3,2001,11.35
23,3,2002,11.55
23,3,2003,11.79
23,3,2004,12.02
23,3,2005,12.33
23,3,2006,12.66
23,3,2007,13.02
23,3,2008,13.35
23,3,2009,13.63
23,3,2010,13.8
23,3,2011,13.91
23,3,2012,13.98
23,3,2013,14.04
23,3,2014,14.11
23,3,2015,14.2
23,3,2016,14.3
23,3,2017,14.45
23,3,2018,14.73
23,3,2019,14.82
23,3,2020,14.85
23,3,2021,14.63
23,3,2022,15.03
23,3,2023,14.98
24,3,1980,3.81
24,3,1981,3.95
24,3,1982,4.09
24,3,1983,4.42
24,3,1984,4.56
24,3,1985,4.69
24,3,1986,4.81
24,3,1987,4.95
24,3,1988,5.13
24,3,1989,5.35
24,3,1990,5.58
24,3,1991,5.76
24,3,1992,5.98
24,3,1993,6.14
24,3,1994,6.07
24,3,1995,6.23
24,3,1996,6.32
24,3,1997,6.44
24,3,1998,6.53
24,3,1999,6.62
24,3,2000,6.71
24,3,2001,6.81
24,3,2002,6.91
24,3,2003,6.97
24,3,2004,7.03
24,3,2005,7.06
24,3,2006,7.06
24,3,2007,7.01
24,3,2008,6.93
24,3,2009,6.86
24,3,2010,6.78
24,3,2011,6.71
24,3,2012,6.61
24,3,2013,6.51
24,3,2014,6.37
24,3,2015,6.22
24,3,2016,6.05
24,3,2017,5.9
24,3,2018,5.73
24,3,2019,5.57
24,3,2020,5.36
24,3,2021,5.12
24,3,2022,5.04
24,3,2023,4.87
25,3,1980,11.07
25,3,1981,11.38
25,3,1982,11.72
25,3,1983,12.07
25,3,1984,12.37
25,3,1985,12.67
25,3,1986,12.88
25,3,1987,13.12
25,3,1988,13.39
25,3,1989,13.44
25,3,1990,13.83
25,3,1991,14.11
25,3,1992,14.34
25,3,1993,14.58
25,3,1994,14.79
25,3,1995,14.89
25,3,1996,14.95
25,3,1997,14.98
25,3,1998,14.95
25,3,1999,14.92
25,3,2000,14.91
25,3,2001,14.8
25,3,2002,14.79
25,3,2003,14.68
25,3,2004,14.63
25,3,2005,14.58
25,3,2006,14.49
25,3,2007,14.34
25,3,2008,14.22
25,3,2009,14.1
25,3,2010,14.07
25,3,2011,14.16
25,3,2012,14.22
25,3,2013,14.26
25,3,2014,14.25
25,3,2015,13.86
25,3,2016,14.05
25,3,2017,14.07
25,3,2018,13.48
25,3,2019,13.63
25,3,2020,13.72
25,3,2021,13.44
25,3,2022,13.4
25,3,2023,13.24
26,3,1980,75.15
26,3,1981,78.2
26,3,1982,79.38
26,3,1983,81.62
26,3,1984,83.64
26,3,1985,85.86
26,3,1986,87.95
26,3,1987,89.24
26,3,1988,91.25
26,3,1989,94.13
26,3,1990,96.89
26,3,1991,100.12
26,3,1992,103.22
26,3,1993,106.63
26,3,1994,110.01
26,3,1995,112.45
26,3,1996,116.31
26,3,1997,117.99
26,3,1998,121.59
26,3,1999,125.91
26,3,2000,128.9
26,3,2001,131.53
26,3,2002,134.69
26,3,2003,136.07
26,3,2004,138.45
26,3,2005,143.71
26,3,2006,148.6
26,3,2007,156.61
26,3,2008,161.14
26,3,2009,162.12
26,3,2010,175.18
26,3,2011,187.4
26,3,2012,194.89
26,3,2013,194.21
26,3,2014,202.52
26,3,2015,215.48
26,3,2016,215.58
26,3,2017,222.13
26,3,2018,226.45
26,3,2019,241.46
26,3,2020,244.06
26,3,2021,273.63
26,3,2022,275.02
26,3,2023,272.06
27,3,1980,16.74
27,3,1981,17.11
27,3,1982,17.47
27,3,1983,17.77
27,3,1984,17.9
27,3,1985,18.1
27,3,1986,18.17
27,3,1987,18.23
27,3,1988,18.32
27,3,1989,18.48
27,3,1990,18.63
27,3,1991,18.81
27,3,1992,19.02
27,3,1993,19.2
27,3,1994,19.37
27,3,1995,19.49
27,3,1996,19.5
27,3,1997,19.45
27,3,1998,19.38
27,3,1999,19.37
27,3,2000,19.24
27,3,2001,19.02
27,3,2002,18.84
27,3,2003,18.52
27,3,2004,18.38
27,3,2005,18.27
27,3,2006,18.11
27,3,2007,17.96
27,3,2008,17.87
27,3,2009,18
27,3,2010,18.08
27,3,2011,18.22
27,3,2012,18.47
27,3,2013,18.7
27,3,2014,18.86
27,3,2015,18.93
27,3,2016,19.16
27,3,2017,19.17
27,3,2018,19.1
27,3,2019,19.07
27,3,2020,18.72
27,3,2021,17.76
27,3,2022,18.74
27,3,2023,18.62
28,3,1980,25.1
28,3,1981,26.01
28,3,1982,26.64
28,3,1983,27.71
28,3,1984,28.64
28,3,1985,29.71
28,3,1986,31.08
28,3,1987,32.45
28,3,1988,33.53
28,3,1989,35.13
28,3,1990,36.6
28,3,1991,38.52
28,3,1992,39.6
28,3,1993,41.27
28,3,1994,42.72
28,3,1995,43.93
28,3,1996,45.14
28,3,1997,46.43
28,3,1998,47.67
28,3,1999,49.18
28,3,2000,49.72
28,3,2001,49.74
28,3,2002,50.54
28,3,2003,51.2
28,3,2004,51.65
28,3,2005,52.41
28,3,2006,53.68
28,3,2007,54.67
28,3,2008,54.78
28,3,2009,57.96
28,3,2010,58.68
28,3,2011,63.44
28,3,2012,66.3
28,3,2013,69.28
28,3,2014,73.12
28,3,2015,76.06
28,3,2016,78
28,3,2017,81.33
28,3,2018,84.48
28,3,2019,87.98
28,3,2020,90.59
28,3,2021,91.32
28,3,2022,93.21
28,3,2023,93.58
29,3,1980,3.44
29,3,1981,3.47
29,3,1982,3.46
29,3,1983,3.46
29,3,1984,3.46
29,3,1985,3.46
29,3,1986,3.45
29,3,1987,3.46
29,3,1988,3.48
29,3,1989,3.51
29,3,1990,3.53
29,3,1991,3.56
29,3,1992,3.53
29,3,1993,3.57
29,3,1994,3.62
29,3,1995,3.62
29,3,1996,3.64
29,3,1997,3.69
29,3,1998,3.78
29,3,1999,3.92
29,3,2000,3.98
29,3,2001,3.97
29,3,2002,3.96
29,3,2003,3.97
29,3,2004,4.02
29,3,2005,4.02
29,3,2006,4
29,3,2007,4.04
29,3,2008,4.01
29,3,2009,4.02
29,3,2010,4.03
29,3,2011,4.03
29,3,2012,4.01
29,3,2013,4.03
29,3,2014,4
29,3,2015,3.97
29,3,2016,3.96
29,3,2017,3.93
29,3,2018,3.92
29,3,2019,3.91
29,3,2020,3.79
29,3,2021,3.6
29,3,2022,3.68
29,3,2023,3.62
30,3,1980,12.36
30,3,1981,12.61
30,3,1982,13.19
30,3,1983,12.84
30,3,1984,13.03
30,3,1985,13.28
30,3,1986,13.57
30,3,1987,13.78
30,3,1988,14.11
30,3,1989,14.33
30,3,1990,14.86
30,3,1991,15.96
30,3,1992,16.91
30,3,1993,17.61
30,3,1994,18.6
30,3,1995,18.77
30,3,1996,19.3
30,3,1997,19.66
30,3,1998,20.11
30,3,1999,20.8
30,3,2000,20.72
30,3,2001,21.37
30,3,2002,20.83
30,3,2003,20.5
30,3,2004,20.87
30,3,2005,22.14
30,3,2006,22.65
30,3,2007,23.54
30,3,2008,24.1
30,3,2009,24.42
30,3,2010,24.87
30,3,2011,25.67
30,3,2012,26.15
30,3,2013,26.72
30,3,2014,27.37
30,3,2015,27.9
30,3,2016,28.57
30,3,2017,29.18
30,3,2018,29.67
30,3,2019,30.15
30,3,2020,30.46
30,3,2021,31.49
30,3,2022,32.11
30,3,2023,32.14
33,3,1980,127.95
33,3,1981,127.07
33,3,1982,120.5
33,3,1983,119.63
33,3,1984,118.42
33,3,1985,117.68
33,3,1986,107.88
33,3,1987,106.66
33,3,1988,100.18
33,3,1989,127.5
33,3,1990,143.76
33,3,1991,149.13
33,3,1992,168.47
33,3,1993,184.78
33,3,1994,190.52
33,3,1995,196.29
33,3,1996,186.23
33,3,1997,168.84
33,3,1998,149.44
33,3,1999,141.68
33,3,2000,135.34
33,3,2001,139.53
33,3,2002,142.44
33,3,2003,141.21
33,3,2004,156.35
33,3,2005,205.02
33,3,2006,230.72
33,3,2007,240.18
33,3,2008,231.28
33,3,2009,222.41
33,3,2010,225.81
33,3,2011,234.66
33,3,2012,248.32
33,3,2013,241.11
33,3,2014,231.36
33,3,2015,226.11
33,3,2016,216.94
33,3,2017,185.06
33,3,2018,149.25
33,3,2019,155.09
33,3,2020,146.2
33,3,2021,149.87
33,3,2022,151.29
33,3,2023,140.81
34,3,1980,234.74
34,3,1981,236.8
34,3,1982,231.56
34,3,1983,229.68
34,3,1984,232.32
34,3,1985,231.41
34,3,1986,230.89
34,3,1987,230.99
34,3,1988,231.41
34,3,1989,230.36
34,3,1990,229.68
34,3,1991,234.46
34,3,1992,244.2
34,3,1993,242.92
34,3,1994,241.57
34,3,1995,235.3
34,3,1996,228.85
34,3,1997,224.01
34,3,1998,219.78
34,3,1999,221.14
34,3,2000,227.5
34,3,2001,242.97
34,3,2002,254.22
34,3,2003,272.13
34,3,2004,289.65
34,3,2005,303.73
34,3,2006,312.77
34,3,2007,321.72
34,3,2008,318.64
34,3,2009,316.75
34,3,2010,317.48
34,3,2011,316.87
34,3,2012,314.18
34,3,2013,313.41
34,3,2014,310.53
34,3,2015,306.18
34,3,2016,305.57
34,3,2017,312.4
34,3,2018,319.29
34,3,2019,332.15
34,3,2020,348.83
34,3,2021,335.15
34,3,2022,352.15
34,3,2023,358.59
35,3,1980,330.61
35,3,1981,332.2
35,3,1982,303.54
35,3,1983,301.46
35,3,1984,292.81
35,3,1985,287.85
35,3,1986,274.29
35,3,1987,272.83
35,3,1988,281.75
35,3,1989,312.19
35,3,1990,316.61
35,3,1991,307.21
35,3,1992,304.84
35,3,1993,298.9
35,3,1994,294.28
35,3,1995,333.32
35,3,1996,339.78
35,3,1997,359.5
35,3,1998,372.03
35,3,1999,373.4
35,3,2000,327.64
35,3,2001,310.74
35,3,2002,307.02
35,3,2003,307.69
35,3,2004,310.16
35,3,2005,253.29
35,3,2006,237.75
35,3,2007,251.47
35,3,2008,282.09
35,3,2009,303.65
35,3,2010,302.68
35,3,2011,309.9
35,3,2012,306.04
35,3,2013,322.77
35,3,2014,338.65
35,3,2015,341.72
35,3,2016,322.1
35,3,2017,321.4
35,3,2018,322.79
35,3,2019,311.22
35,3,2020,281.25
35,3,2021,268.6
35,3,2022,279.45
35,3,2023,274.33
36,3,1980,3464.41
36,3,1981,3549.13
36,3,1982,3523.45
36,3,1983,3427.69
36,3,1984,3288.57
36,3,1985,3166.6
36,3,1986,2558.44
36,3,1987,2490.61
36,3,1988,2651.12
36,3,1989,2991.69
36,3,1990,3152.99
36,3,1991,3278.37
36,3,1992,3696.42
36,3,1993,4545.11
36,3,1994,4964.15
36,3,1995,5576.97
36,3,1996,5784.49
36,3,1997,5589.82
36,3,1998,5212.63
36,3,1999,4899.3
36,3,2000,5207.94
36,3,2001,5290.78
36,3,2002,5274.65
36,3,2003,5531.39
36,3,2004,5880.5
36,3,2005,5816.2
36,3,2006,5755.92
36,3,2007,5721.05
36,3,2008,5385.02
36,3,2009,5042.17
36,3,2010,4936.54
36,3,2011,4710.54
36,3,2012,4549.74
36,3,2013,4349.1
36,3,2014,4059.56
36,3,2015,3935.48
36,3,2016,3708.55
36,3,2017,3628.72
36,3,2018,3480.26
36,3,2019,3447.54
36,3,2020,3444.81
36,3,2021,3487.81
36,3,2022,3349.39
36,3,2023,3146.04
37,3,1980,587.41
37,3,1981,602.53
37,3,1982,608.39
37,3,1983,598.16
37,3,1984,566.33
37,3,1985,528.42
37,3,1986,465.17
37,3,1987,482.67
37,3,1988,494.61
37,3,1989,539.65
37,3,1990,559.99
37,3,1991,574.62
37,3,1992,585.7
37,3,1993,645.79
37,3,1994,686.17
37,3,1995,708.21
37,3,1996,669.18
37,3,1997,651.66
37,3,1998,651.56
37,3,1999,674.03
37,3,2000,676.99
37,3,2001,683.94
37,3,2002,680.8
37,3,2003,659.88
37,3,2004,655.21
37,3,2005,657.27
37,3,2006,655.17
37,3,2007,656.56
37,3,2008,639.37
37,3,2009,623.42
37,3,2010,640.01
37,3,2011,647.39
37,3,2012,659.71
37,3,2013,621.21
37,3,2014,616.32
37,3,2015,594.88
37,3,2016,579.75
37,3,2017,561.27
37,3,2018,535.04
37,3,2019,513.04
37,3,2020,442.67
37,3,2021,377.81
37,3,2022,393.37
37,3,2023,401.81
38,3,1980,198.82
38,3,1981,205.56
38,3,1982,211.86
38,3,1983,218.65
38,3,1984,224.18
38,3,1985,232.04
38,3,1986,233.34
38,3,1987,234.06
38,3,1988,247.79
38,3,1989,249.71
38,3,1990,262.91
38,3,1991,292.23
38,3,1992,315.64
38,3,1993,337.3
38,3,1994,347.73
38,3,1995,368.33
38,3,1996,388.29
38,3,1997,390.91
38,3,1998,380.82
38,3,1999,375.45
38,3,2000,375.47
38,3,2001,377.38
38,3,2002,393.11
38,3,2003,417.19
38,3,2004,451.86
38,3,2005,471.52
38,3,2006,478.52
38,3,2007,477.72
38,3,2008,460.55
38,3,2009,470.66
38,3,2010,511.89
38,3,2011,568.9
38,3,2012,558.39
38,3,2013,518.62
38,3,2014,510.89
38,3,2015,505.13
38,3,2016,496.1
38,3,2017,496.62
38,3,2018,491.12
38,3,2019,495.23
38,3,2020,493.4
38,3,2021,494.27
38,3,2022,513.67
38,3,2023,501.51
39,3,1980,241.28
39,3,1981,250.25
39,3,1982,259.5
39,3,1983,262.88
39,3,1984,265.02
39,3,1985,264.1
39,3,1986,260.9
39,3,1987,262.25
39,3,1988,267.31
39,3,1989,274.23
39,3,1990,279.45
39,3,1991,286.18
39,3,1992,315.91
39,3,1993,323.51
39,3,1994,346.33
39,3,1995,340
39,3,1996,334.31
39,3,1997,316.49
39,3,1998,298.16
39,3,1999,282.13
39,3,2000,274.29
39,3,2001,266.91
39,3,2002,265.48
39,3,2003,263.63
39,3,2004,268.45
39,3,2005,269.91
39,3,2006,270.47
39,3,2007,269.79
39,3,2008,269.72
39,3,2009,272.02
39,3,2010,274.36
39,3,2011,276.47
39,3,2012,284.22
39,3,2013,290.45
39,3,2014,300.85
39,3,2015,307.83
39,3,2016,317.07
39,3,2017,319.36
39,3,2018,322.76
39,3,2019,329.81
39,3,2020,394.31
39,3,2021,415.61
39,3,2022,476.43
39,3,2023,486.79
40,3,1980,270.92
40,3,1981,274.57
40,3,1982,259.01
40,3,1983,265.38
40,3,1984,275.24
40,3,1985,278.99
40,3,1986,269.61
40,3,1987,256.56
40,3,1988,254.32
40,3,1989,267.82
40,3,1990,288.8
40,3,1991,309.35
40,3,1992,307.31
40,3,1993,302.45
40,3,1994,308.06
40,3,1995,329.7
40,3,1996,370.42
40,3,1997,415.87
40,3,1998,467.13
40,3,1999,522.38
40,3,2000,529.04
40,3,2001,558.88
40,3,2002,571.78
40,3,2003,577.82
40,3,2004,596.06
40,3,2005,623
40,3,2006,625.4
40,3,2007,583.98
40,3,2008,542.26
40,3,2009,491.92
40,3,2010,488.66
40,3,2011,473.61
40,3,2012,473.44
40,3,2013,469.23
40,3,2014,469.29
40,3,2015,480.08
40,3,2016,475.92
40,3,2017,480.26
40,3,2018,486.2
40,3,2019,491.66
40,3,2020,527.28
40,3,2021,511.02
40,3,2022,515.6
40,3,2023,502.79
41,3,1980,1375
41,3,1981,1427.07
41,3,1982,1426.78
41,3,1983,1495.65
41,3,1984,1666.74
41,3,1985,1692.43
41,3,1986,1532.75
41,3,1987,1456.55
41,3,1988,1434.87
41,3,1989,1570.45
41,3,1990,1627.32
41,3,1991,1616.26
41,3,1992,1606.33
41,3,1993,1694.27
41,3,1994,1795.21
41,3,1995,1940.94
41,3,1996,2191.65
41,3,1997,2190.71
41,3,1998,2220.66
41,3,1999,2309.3
41,3,2000,2414.03
41,3,2001,2396.24
41,3,2002,2212.98
41,3,2003,2105.01
41,3,2004,2112.03
41,3,2005,2141.96
41,3,2006,2123.51
41,3,2007,2183.98
41,3,2008,2173.2
41,3,2009,2123.99
41,3,2010,2233.39
41,3,2011,2360.97
41,3,2012,2567.53
41,3,2013,2703.01
41,3,2014,2923.72
41,3,2015,3163.12
41,3,2016,3273.99
41,3,2017,3271.45
41,3,2018,3178.17
41,3,2019,3147.22
41,3,2020,3364.71
41,3,2021,3424.42
41,3,2022,3115.97
41,3,2023,3034.43
43,3,1980,120.54
43,3,1981,122.5
43,3,1982,125.41
43,3,1983,128.04
43,3,1984,131.29
43,3,1985,131.89
43,3,1986,132.15
43,3,1987,135.14
43,3,1988,136.61
43,3,1989,138.63
43,3,1990,140.81
43,3,1991,147.5
43,3,1992,145.32
43,3,1993,144.06
43,3,1994,139.36
43,3,1995,145.37
43,3,1996,151.09
43,3,1997,156.8
43,3,1998,163.84
43,3,1999,162.1
43,3,2000,160.54
43,3,2001,157.3
43,3,2002,158.43
43,3,2003,160.51
43,3,2004,159.28
43,3,2005,156.66
43,3,2006,152.4
43,3,2007,144.68
43,3,2008,145.54
43,3,2009,141.22
43,3,2010,142.7
43,3,2011,144.59
43,3,2012,145.01
43,3,2013,145.41
43,3,2014,145.93
43,3,2015,146.56
43,3,2016,147.73
43,3,2017,148.64
43,3,2018,147.59
43,3,2019,149.23
43,3,2020,140.88
43,3,2021,142.7
43,3,2022,138.13
43,3,2023,120.68
44,3,1980,728.01
44,3,1981,743.95
44,3,1982,754.18
44,3,1983,774.81
44,3,1984,758.05
44,3,1985,702.52
44,3,1986,695.55
44,3,1987,696.34
44,3,1988,700.31
44,3,1989,710.38
44,3,1990,699.73
44,3,1991,751.34
44,3,1992,745.94
44,3,1993,727.75
44,3,1994,703.04
44,3,1995,663.97
44,3,1996,635.44
44,3,1997,606.27
44,3,1998,573.16
44,3,1999,573.06
44,3,2000,574.81
44,3,2001,559.1
44,3,2002,541.27
44,3,2003,515.28
44,3,2004,498.33
44,3,2005,500.09
44,3,2006,484.19
44,3,2007,492.93
44,3,2008,465.13
44,3,2009,458.72
44,3,2010,444.75
44,3,2011,433.44
44,3,2012,419.77
44,3,2013,416.84
44,3,2014,408.14
44,3,2015,405.13
44,3,2016,398.47
44,3,2017,392.74
44,3,2018,385.36
44,3,2019,394.95
44,3,2020,378.79
44,3,2021,364.69
44,3,2022,369.21
44,3,2023,367.28
45,3,1980,1255.19
45,3,1981,1285.51
45,3,1982,1361.52
45,3,1983,1380.24
45,3,1984,1526.07
45,3,1985,1549.76
45,3,1986,1527.45
45,3,1987,1556.65
45,3,1988,1544.81
45,3,1989,1535.18
45,3,1990,1520.3
45,3,1991,1564.03
45,3,1992,1655.62
45,3,1993,1645.09
45,3,1994,1666.81
45,3,1995,1659.26
45,3,1996,1688.07
45,3,1997,1689.31
45,3,1998,1673.22
45,3,1999,1559.32
45,3,2000,1586.72
45,3,2001,1532.74
45,3,2002,1482.06
45,3,2003,1347.58
45,3,2004,1258.99
45,3,2005,1187.56
45,3,2006,1160.56
45,3,2007,1112.85
45,3,2008,1106.74
45,3,2009,1074.62
45,3,2010,1066.23
45,3,2011,1024.87
45,3,2012,1032.52
45,3,2013,948.56
45,3,2014,929.04
45,3,2015,888.5
45,3,2016,859.31
45,3,2017,858.3
45,3,2018,828.23
45,3,2019,808.65
45,3,2020,844.68
45,3,2021,832.14
45,3,2022,774.21
45,3,2023,723.96
46,3,1980,1073.45
46,3,1981,1108.96
46,3,1982,1136.84
46,3,1983,1196.92
46,3,1984,1199.02
46,3,1985,1161.85
46,3,1986,1162.59
46,3,1987,1207.55
46,3,1988,1164.89
46,3,1989,1122.06
46,3,1990,1138.25
46,3,1991,1127.84
46,3,1992,1144.36
46,3,1993,1122
46,3,1994,1108.82
46,3,1995,1025.22
46,3,1996,1026.52
46,3,1997,1004.93
46,3,1998,1002.25
46,3,1999,988.34
46,3,2000,950.88
46,3,2001,923.53
46,3,2002,907.35
46,3,2003,905.76
46,3,2004,882.85
46,3,2005,878.86
46,3,2006,825.75
46,3,2007,803.52
46,3,2008,807.25
46,3,2009,805.15
46,3,2010,802.12
46,3,2011,770.65
46,3,2012,792.58
46,3,2013,751.26
46,3,2014,746.79
46,3,2015,742.49
46,3,2016,698.04
46,3,2017,672.58
46,3,2018,668.48
46,3,2019,635.82
46,3,2020,614.18
46,3,2021,633.8
46,3,2022,626.04
46,3,2023,623.67
47,3,1980,2283.08
47,3,1981,2256.3
47,3,1982,2230.12
47,3,1983,2284.13
47,3,1984,2270.85
47,3,1985,2251.14
47,3,1986,2256.2
47,3,1987,2147.39
47,3,1988,2139.11
47,3,1989,2136.71
47,3,1990,2189.6
47,3,1991,2121.45
47,3,1992,2130.5
47,3,1993,2074.31
47,3,1994,1993.38
47,3,1995,1856.13
47,3,1996,1765.82
47,3,1997,1794.57
47,3,1998,1752.28
47,3,1999,1754.2
47,3,2000,1782.96
47,3,2001,1771
47,3,2002,1747.94
47,3,2003,1824.5
47,3,2004,1786.73
47,3,2005,1745.22
47,3,2006,1660
47,3,2007,1623.62
47,3,2008,1629.78
47,3,2009,1677.6
47,3,2010,1718.99
47,3,2011,1756.74
47,3,2012,1764.14
47,3,2013,1696.78
47,3,2014,1608.69
47,3,2015,1524.95
47,3,2016,1478.74
47,3,2017,1482.93
47,3,2018,1465.18
47,3,2019,1421.52
47,3,2020,1457.14
47,3,2021,1480.48
47,3,2022,1481.82
47,3,2023,1452.21
48,3,1980,4597.98
48,3,1981,4706.65
48,3,1982,4667.88
48,3,1983,4864.89
48,3,1984,4876.86
48,3,1985,4786.14
48,3,1986,4778.46
48,3,1987,4682.42
48,3,1988,4399.4
48,3,1989,4336.96
48,3,1990,4139.68
48,3,1991,4013.63
48,3,1992,3980.67
48,3,1993,3807.7
48,3,1994,3663.12
48,3,1995,3500.84
48,3,1996,3428
48,3,1997,3325.43
48,3,1998,3333.96
48,3,1999,3365.47
48,3,2000,3251.97
48,3,2001,3070.21
48,3,2002,2955.35
48,3,2003,2887.53
48,3,2004,2801.85
48,3,2005,2729.74
48,3,2006,2607.88
48,3,2007,2584.64
48,3,2008,2575.86
48,3,2009,2586.69
48,3,2010,2577.13
48,3,2011,2522.75
48,3,2012,2433.61
48,3,2013,2245.66
48,3,2014,2092.04
48,3,2015,2002.09
48,3,2016,1917.37
48,3,2017,1802.08
48,3,2018,1766.09
48,3,2019,1729.41
48,3,2020,1785.83
48,3,2021,1763.92
48,3,2022,1786.11
48,3,2023,1759.74
49,3,1980,132.2
49,3,1981,136.89
49,3,1982,139.62
49,3,1983,151.07
49,3,1984,150.73
49,3,1985,150.37
49,3,1986,152.18
49,3,1987,156.42
49,3,1988,158.94
49,3,1989,162.46
49,3,1990,160.72
49,3,1991,162.03
49,3,1992,170
49,3,1993,173.05
49,3,1994,174.8
49,3,1995,177.47
49,3,1996,180.26
49,3,1997,184.31
49,3,1998,187.32
49,3,1999,188.48
49,3,2000,188.89
49,3,2001,188.84
49,3,2002,191.53
49,3,2003,188.54
49,3,2004,183.77
49,3,2005,181.67
49,3,2006,183.09
49,3,2007,185.16
49,3,2008,177.68
49,3,2009,177.85
49,3,2010,176.47
49,3,2011,171.27
49,3,2012,173.05
49,3,2013,168.46
49,3,2014,167.66
49,3,2015,165.73
49,3,2016,165.1
49,3,2017,159.29
49,3,2018,157.15
49,3,2019,161.39
49,3,2020,163.31
49,3,2021,155.72
49,3,2022,152
49,3,2023,151.96
50,3,1980,88.25
50,3,1981,90.07
50,3,1982,93.87
50,3,1983,99.13
50,3,1984,100.05
50,3,1985,98.95
50,3,1986,98.44
50,3,1987,98.42
50,3,1988,98.07
50,3,1989,98.14
50,3,1990,98.7
50,3,1991,99.8
50,3,1992,100.82
50,3,1993,100.44
50,3,1994,101.65
50,3,1995,101.96
50,3,1996,102.88
50,3,1997,106.49
50,3,1998,109.9
50,3,1999,112.85
50,3,2000,111.49
50,3,2001,109.8
50,3,2002,110.41
50,3,2003,110.44
50,3,2004,111.2
50,3,2005,110.04
50,3,2006,112.08
50,3,2007,108.41
50,3,2008,105.72
50,3,2009,108.59
50,3,2010,104.83
50,3,2011,103.82
50,3,2012,102.54
50,3,2013,101.87
50,3,2014,98.66
50,3,2015,98.01
50,3,2016,97.56
50,3,2017,93.1
50,3,2018,93.51
50,3,2019,87.89
50,3,2020,86.37
50,3,2021,87.11
50,3,2022,94.37
50,3,2023,93.38
51,3,1980,5641.5
51,3,1981,5499.33
51,3,1982,5644.06
51,3,1983,6133.11
51,3,1984,6623.88
51,3,1985,6569.31
51,3,1986,6483.25
51,3,1987,6408.55
51,3,1988,6138.56
51,3,1989,6059.01
51,3,1990,6534.47
51,3,1991,7110.52
51,3,1992,7375.54
51,3,1993,7305.44
51,3,1994,7229.04
51,3,1995,7292.35
51,3,1996,7292.62
51,3,1997,7450.78
51,3,1998,7366.12
51,3,1999,7461.33
51,3,2000,7462.35
51,3,2001,7515.27
51,3,2002,7527.36
51,3,2003,7499.95
51,3,2004,7635.18
51,3,2005,7668.51
51,3,2006,7542.49
51,3,2007,7282.44
51,3,2008,7522.49
51,3,2009,7883.2
51,3,2010,7776.84
51,3,2011,7571.08
51,3,2012,7450.88
51,3,2013,7105.84
51,3,2014,6710.76
51,3,2015,6443.5
51,3,2016,6159.95
51,3,2017,6083.7
51,3,2018,6121.86
51,3,2019,6131.27
51,3,2020,6139.16
51,3,2021,5964.36
51,3,2022,5881.47
51,3,2023,5576.73
52,3,1980,2196.1
52,3,1981,2268.58
52,3,1982,2247.62
52,3,1983,2311.69
52,3,1984,2356.2
52,3,1985,2416.71
52,3,1986,2469.27
52,3,1987,2514.87
52,3,1988,2539.33
52,3,1989,2526.31
52,3,1990,2323.92
52,3,1991,2382.79
52,3,1992,2691.12
52,3,1993,2854.42
52,3,1994,2942.78
52,3,1995,2950.09
52,3,1996,2971.79
52,3,1997,2958.28
52,3,1998,2919.53
52,3,1999,2880.19
52,3,2000,2908.01
52,3,2001,2926.8
52,3,2002,3046.56
52,3,2003,2998.53
52,3,2004,2865.47
52,3,2005,2800.55
52,3,2006,2780.95
52,3,2007,2642.98
52,3,2008,2671.4
52,3,2009,2764.48
52,3,2010,2863.57
52,3,2011,2729.24
52,3,2012,2678.1
52,3,2013,2541.87
52,3,2014,2472.23
52,3,2015,2373.54
52,3,2016,2215.49
52,3,2017,2132.13
52,3,2018,2090.26
52,3,2019,1968.59
52,3,2020,1856.47
52,3,2021,1819.46
52,3,2022,1916.79
52,3,2023,1837.8
53,3,1980,1932.91
53,3,1981,1973.41
53,3,1982,2008.78
53,3,1983,2142.44
53,3,1984,2121.25
53,3,1985,2077.8
53,3,1986,2034.92
53,3,1987,2046.2
53,3,1988,2038.94
53,3,1989,2068.34
53,3,1990,2068.3
53,3,1991,2069.99
53,3,1992,2074.52
53,3,1993,2132.84
53,3,1994,2210.04
53,3,1995,2273.34
53,3,1996,2331.8
53,3,1997,2381.26
53,3,1998,2220.81
53,3,1999,2242.41
53,3,2000,2283.76
53,3,2001,2149.67
53,3,2002,2144.3
53,3,2003,2120.94
53,3,2004,2086.14
53,3,2005,2085.05
53,3,2006,2006.94
53,3,2007,1956.26
53,3,2008,1917.19
53,3,2009,1865.88
53,3,2010,1796.19
53,3,2011,1753.14
53,3,2012,1715.82
53,3,2013,1640.49
53,3,2014,1606.64
53,3,2015,1595.23
53,3,2016,1507.03
53,3,2017,1503.03
53,3,2018,1440.49
53,3,2019,1459.3
53,3,2020,1451.67
53,3,2021,1395.74
53,3,2022,1371.27
53,3,2023,1364.14
54,3,1980,720.82
54,3,1981,739.09
54,3,1982,739.42
54,3,1983,767.85
54,3,1984,776.04
54,3,1985,775.48
54,3,1986,773.77
54,3,1987,787.9
54,3,1988,797.63
54,3,1989,832.23
54,3,1990,864.46
54,3,1991,857.84
54,3,1992,850.56
54,3,1993,825.46
54,3,1994,801.08
54,3,1995,798.46
54,3,1996,782.58
54,3,1997,807.54
54,3,1998,826.74
54,3,1999,825.65
54,3,2000,819.76
54,3,2001,822.93
54,3,2002,835.07
54,3,2003,839.75
54,3,2004,824.61
54,3,2005,843.26
54,3,2006,841.78
54,3,2007,846.95
54,3,2008,838.83
54,3,2009,814.07
54,3,2010,794.98
54,3,2011,783.9
54,3,2012,764.01
54,3,2013,740.69
54,3,2014,727.63
54,3,2015,730.93
54,3,2016,692.45
54,3,2017,684.76
54,3,2018,681.49
54,3,2019,662.35
54,3,2020,650.62
54,3,2021,660.95
54,3,2022,676.72
54,3,2023,649.68
55,3,1980,654.09
55,3,1981,665.64
55,3,1982,693.84
55,3,1983,709.43
55,3,1984,702.76
55,3,1985,685.83
55,3,1986,677.66
55,3,1987,683.19
55,3,1988,649.09
55,3,1989,646.02
55,3,1990,603.67
55,3,1991,618.66
55,3,1992,605.1
55,3,1993,608.17
55,3,1994,601.23
55,3,1995,585.83
55,3,1996,600.98
55,3,1997,596.3
55,3,1998,601.65
55,3,1999,601.15
55,3,2000,595.25
55,3,2001,592.94
55,3,2002,581.65
55,3,2003,576.12
55,3,2004,544.34
55,3,2005,517.46
55,3,2006,516.51
55,3,2007,464.18
55,3,2008,442.82
55,3,2009,452.33
55,3,2010,449.47
55,3,2011,446.69
55,3,2012,449.72
55,3,2013,441.83
55,3,2014,411.49
55,3,2015,409.29
55,3,2016,387.92
55,3,2017,385.25
55,3,2018,362.85
55,3,2019,373.77
55,3,2020,365.7
55,3,2021,370.97
55,3,2022,377.15
55,3,2023,387.11
57,3,1980,1901.93
57,3,1981,1937.16
57,3,1982,2031.3
57,3,1983,1990.53
57,3,1984,1901.12
57,3,1985,1736.76
57,3,1986,1438.25
57,3,1987,1454.03
57,3,1988,1475.94
57,3,1989,1694.43
57,3,1990,1812.57
57,3,1991,1992.24
57,3,1992,2270.41
57,3,1993,2767.17
57,3,1994,3024.43
57,3,1995,3278.41
57,3,1996,3454.11
57,3,1997,3739.59
57,3,1998,3908.67
57,3,1999,3946.53
57,3,2000,3924.77
57,3,2001,3957.6
57,3,2002,4154.96
57,3,2003,4204.56
57,3,2004,4069.3
57,3,2005,3925.95
57,3,2006,3740.22
57,3,2007,3554.94
57,3,2008,3749.12
57,3,2009,3696.41
57,3,2010,3356.28
57,3,2011,3332.73
57,3,2012,2817.02
57,3,2013,2572.52
57,3,2014,2365.2
57,3,2015,2246.48
57,3,2016,2089.86
57,3,2017,1908.84
57,3,2018,1896.63
57,3,2019,1915.95
57,3,2020,2059.91
57,3,2021,2004.12
57,3,2022,1733.47
57,3,2023,1740.22
58,3,1980,401.32
58,3,1981,411.12
58,3,1982,397.33
58,3,1983,399.57
58,3,1984,393.47
58,3,1985,379.03
58,3,1986,334.58
58,3,1987,320.29
58,3,1988,318.48
58,3,1989,346.1
58,3,1990,381.65
58,3,1991,416.75
58,3,1992,464.87
58,3,1993,534.02
58,3,1994,583.07
58,3,1995,589.34
58,3,1996,567.37
58,3,1997,548.21
58,3,1998,523.48
58,3,1999,488.89
58,3,2000,446.95
58,3,2001,436.1
58,3,2002,406.39
58,3,2003,385.99
58,3,2004,363.84
58,3,2005,335.64
58,3,2006,314.83
58,3,2007,306.87
58,3,2008,289.93
58,3,2009,294.77
58,3,2010,267.63
58,3,2011,259.73
58,3,2012,257.05
58,3,2013,241.36
58,3,2014,236.43
58,3,2015,220.76
58,3,2016,217.01
58,3,2017,214.96
58,3,2018,206.03
58,3,2019,200.41
58,3,2020,199.5
58,3,2021,195.26
58,3,2022,199.35
58,3,2023,201.83
59,3,1980,744.31
59,3,1981,768.8
59,3,1982,761.38
59,3,1983,759.86
59,3,1984,749.53
59,3,1985,686.37
59,3,1986,595.48
59,3,1987,572.67
59,3,1988,583.78
59,3,1989,656.21
59,3,1990,734.77
59,3,1991,818.9
59,3,1992,973.18
59,3,1993,1158.91
59,3,1994,1221.51
59,3,1995,1176.41
59,3,1996,1048.96
59,3,1997,993.26
59,3,1998,937.29
59,3,1999,868.18
59,3,2000,833.02
59,3,2001,791.48
59,3,2002,751.03
59,3,2003,712.9
59,3,2004,663.66
59,3,2005,627.65
59,3,2006,579.57
59,3,2007,545.75
59,3,2008,575.97
59,3,2009,573.8
59,3,2010,541.26
59,3,2011,513.05
59,3,2012,503.6
59,3,2013,475.8
59,3,2014,450.72
59,3,2015,444.81
59,3,2016,425.89
59,3,2017,409.83
59,3,2018,383.89
59,3,2019,363.02
59,3,2020,351.52
59,3,2021,340.95
59,3,2022,351.92
59,3,2023,341.55
60,3,1980,1087.85
60,3,1981,1105.27
60,3,1982,1124.94
60,3,1983,1130.07
60,3,1984,1135.63
60,3,1985,1079.72
60,3,1986,907.85
60,3,1987,942.61
60,3,1988,923.11
60,3,1989,982.4
60,3,1990,1027.73
60,3,1991,1157.13
60,3,1992,1311.9
60,3,1993,1585.33
60,3,1994,1751.88
60,3,1995,1794.26
60,3,1996,1802.75
60,3,1997,1749.15
60,3,1998,1693.59
60,3,1999,1668.97
60,3,2000,1675.08
60,3,2001,1643.53
60,3,2002,1615.65
60,3,2003,1569.32
60,3,2004,1501.57
60,3,2005,1455.58
60,3,2006,1319.16
60,3,2007,1268.23
60,3,2008,1293.28
60,3,2009,1279.68
60,3,2010,1259.08
60,3,2011,1227.25
60,3,2012,1166.92
60,3,2013,1171.25
60,3,2014,1076.87
60,3,2015,1027.51
60,3,2016,972.66
60,3,2017,886.21
60,3,2018,831.32
60,3,2019,789.67
60,3,2020,751.96
60,3,2021,699.25
60,3,2022,673.35
60,3,2023,703.08
61,3,1980,843.25
61,3,1981,855.37
61,3,1982,906.17
61,3,1983,971.28
61,3,1984,935.36
61,3,1985,890.41
61,3,1986,777.63
61,3,1987,714.76
61,3,1988,712.7
61,3,1989,731.14
61,3,1990,748.83
61,3,1991,805.82
61,3,1992,831.44
61,3,1993,872.72
61,3,1994,918.26
61,3,1995,925.9
61,3,1996,916.88
61,3,1997,864.63
61,3,1998,828.55
61,3,1999,832.81
61,3,2000,810.69
61,3,2001,811.34
61,3,2002,812.03
61,3,2003,827.95
61,3,2004,814.66
61,3,2005,838.53
61,3,2006,827.29
61,3,2007,793.86
61,3,2008,803.31
61,3,2009,814.27
61,3,2010,802.81
61,3,2011,712.63
61,3,2012,712.26
61,3,2013,709.33
61,3,2014,702.42
61,3,2015,669.98
61,3,2016,641.64
61,3,2017,603.6
61,3,2018,579.45
61,3,2019,579.87
61,3,2020,503.23
61,3,2021,456.72
61,3,2022,497.5
61,3,2023,500.85
62,3,1980,51224.89
62,3,1981,51116.48
62,3,1982,49999.94
62,3,1983,50635.08
62,3,1984,51290.62
62,3,1985,44421.58
62,3,1986,37475.5
62,3,1987,37550.73
62,3,1988,39308
62,3,1989,42632.39
62,3,1990,45260.88
62,3,1991,47701.47
62,3,1992,56318.98
62,3,1993,70831.81
62,3,1994,79769.86
62,3,1995,77898.16
62,3,1996,73354.01
62,3,1997,68625.19
62,3,1998,67372.98
62,3,1999,73164.15
62,3,2000,74617.67
62,3,2001,73256.17
62,3,2002,71298.74
62,3,2003,69602.14
62,3,2004,67111.82
62,3,2005,65065.89
62,3,2006,59409.78
62,3,2007,56303.46
62,3,2008,54334.23
62,3,2009,51897.44
62,3,2010,50661.12
62,3,2011,48630.6
62,3,2012,47637.36
62,3,2013,47003.47
62,3,2014,46687.5
62,3,2015,45178.21
62,3,2016,42875.93
62,3,2017,39530.06
62,3,2018,37892.33
62,3,2019,36855.02
62,3,2020,36776.26
62,3,2021,35954.46
62,3,2022,35498.76
62,3,2023,36095.36
63,3,1980,9315.72
63,3,1981,9460.72
63,3,1982,9764.33
63,3,1983,9483.36
63,3,1984,9095.26
63,3,1985,8456.6
63,3,1986,7137.42
63,3,1987,7242.59
63,3,1988,7424.98
63,3,1989,8281.88
63,3,1990,8871.18
63,3,1991,9666.32
63,3,1992,10934.14
63,3,1993,12429.92
63,3,1994,14226.21
63,3,1995,16146.31
63,3,1996,16480.13
63,3,1997,15967.79
63,3,1998,15351.39
63,3,1999,15750.84
63,3,2000,16270.04
63,3,2001,15486.07
63,3,2002,15271.76
63,3,2003,15084.38
63,3,2004,14623.22
63,3,2005,15104.71
63,3,2006,14311.29
63,3,2007,14048.41
63,3,2008,13565.42
63,3,2009,12518.59
63,3,2010,11863.18
63,3,2011,11545.5
63,3,2012,11532.48
63,3,2013,11585.79
63,3,2014,10824.87
63,3,2015,9951.84
63,3,2016,9401.33
63,3,2017,9392.27
63,3,2018,9685.9
63,3,2019,9687.98
63,3,2020,9435.41
63,3,2021,9043.67
63,3,2022,8594.75
63,3,2023,8368.67
66,3,1980,7.57
66,3,1981,7.88
66,3,1982,8.21
66,3,1983,8.5
66,3,1984,8.7
66,3,1985,8.83
66,3,1986,9.03
66,3,1987,8.95
66,3,1988,9.04
66,3,1989,9.34
66,3,1990,9.62
66,3,1991,9.83
66,3,1992,10
66,3,1993,10.14
66,3,1994,10.28
66,3,1995,10.43
66,3,1996,10.6
66,3,1997,10.64
66,3,1998,10.65
66,3,1999,10.56
66,3,2000,10.59
66,3,2001,10.81
66,3,2002,11.22
66,3,2003,11.83
66,3,2004,12.28
66,3,2005,12.76
66,3,2006,13.11
66,3,2007,13.62
66,3,2008,13.79
66,3,2009,13.96
66,3,2010,14.28
66,3,2011,14.86
66,3,2012,15.39
66,3,2013,15.9
66,3,2014,16.2
66,3,2015,16.47
66,3,2016,16.68
66,3,2017,16.96
66,3,2018,17.46
66,3,2019,17.8
66,3,2020,18.47
66,3,2021,18.76
66,3,2022,19.23
66,3,2023,20.01
67,3,1980,22716.83
67,3,1981,22658.91
67,3,1982,23436.05
67,3,1983,26127.89
67,3,1984,26481.1
67,3,1985,26207.4
67,3,1986,27004.11
67,3,1987,25940.46
67,3,1988,25008
67,3,1989,23579.32
67,3,1990,22716.61
67,3,1991,22446.5
67,3,1992,22863.85
67,3,1993,22930.76
67,3,1994,23046.66
67,3,1995,23284.74
67,3,1996,24021.6
67,3,1997,26008.89
67,3,1998,31068.4
67,3,1999,32547.72
67,3,2000,32018.98
67,3,2001,31658
67,3,2002,32113.95
67,3,2003,33334.38
67,3,2004,32658.29
67,3,2005,32638.49
67,3,2006,32256.53
67,3,2007,32559.4
67,3,2008,32338.15
67,3,2009,32331.94
67,3,2010,31869.97
67,3,2011,30905.52
67,3,2012,29191.24
67,3,2013,28200.7
67,3,2014,26756.65
67,3,2015,25465
67,3,2016,24091.48
67,3,2017,23502.18
67,3,2018,23077.58
67,3,2019,22806.99
67,3,2020,23084.19
67,3,2021,23336.92
67,3,2022,24222.34
67,3,2023,26749.11
68,3,1980,5948.67
68,3,1981,5597.5
68,3,1982,5718.2
68,3,1983,5930.44
68,3,1984,5709.97
68,3,1985,5714.53
68,3,1986,5710.08
68,3,1987,5699.1
68,3,1988,5583.28
68,3,1989,5573.51
68,3,1990,5554.95
68,3,1991,5570.16
68,3,1992,5575.1
68,3,1993,5722.23
68,3,1994,6081.82
68,3,1995,6426.31
68,3,1996,6959.83
68,3,1997,7569.12
68,3,1998,8131.38
68,3,1999,8519.91
68,3,2000,8992.92
68,3,2001,9487.62
68,3,2002,10263.69
68,3,2003,11242.94
68,3,2004,12028.11
68,3,2005,12683.9
68,3,2006,13175.72
68,3,2007,13891.14
68,3,2008,14633.06
68,3,2009,15307.63
68,3,2010,15636.23
68,3,2011,15506.98
68,3,2012,15318.73
68,3,2013,15062.86
68,3,2014,14777.43
68,3,2015,14569.8
68,3,2016,14320.72
68,3,2017,14076.67
68,3,2018,14140.94
68,3,2019,14019.69
68,3,2020,14103.8
68,3,2021,13962.6
68,3,2022,14023.47
68,3,2023,14541.99
69,3,1980,422.49
69,3,1981,419.78
69,3,1982,415.1
69,3,1983,447.59
69,3,1984,454.76
69,3,1985,449.09
69,3,1986,422.97
69,3,1987,434.76
69,3,1988,446.86
69,3,1989,450.94
69,3,1990,441.65
69,3,1991,436.77
69,3,1992,440.02
69,3,1993,426.45
69,3,1994,433.26
69,3,1995,443.23
69,3,1996,437.14
69,3,1997,469.12
69,3,1998,502.36
69,3,1999,492.93
69,3,2000,506.53
69,3,2001,507.95
69,3,2002,517.57
69,3,2003,515.95
69,3,2004,519.36
69,3,2005,513.69
69,3,2006,522.57
69,3,2007,523.42
69,3,2008,533.04
69,3,2009,538.51
69,3,2010,535.88
69,3,2011,526.85
69,3,2012,539.14
69,3,2013,532.66
69,3,2014,517.04
69,3,2015,498.43
69,3,2016,487.7
69,3,2017,473.28
69,3,2018,476.19
69,3,2019,476.9
69,3,2020,480.77
69,3,2021,455.87
69,3,2022,466.5
69,3,2023,537.39
71,3,1980,1746.61
71,3,1981,1773.45
71,3,1982,1817.72
71,3,1983,1831.76
71,3,1984,1900.13
71,3,1985,2003.26
71,3,1986,2163.81
71,3,1987,2318.92
71,3,1988,2320.28
71,3,1989,2302.25
71,3,1990,2363.99
71,3,1991,2420.96
71,3,1992,2388.47
71,3,1993,2284.17
71,3,1994,2400.69
71,3,1995,2458.89
71,3,1996,2624.85
71,3,1997,2775.28
71,3,1998,2782.88
71,3,1999,2678.73
71,3,2000,2557.64
71,3,2001,2514.41
71,3,2002,2405.94
71,3,2003,2309.41
71,3,2004,2271.53
71,3,2005,2256.16
71,3,2006,2327.06
71,3,2007,2448.97
71,3,2008,2574.01
71,3,2009,2583.77
71,3,2010,2646.79
71,3,2011,2628.43
71,3,2012,2716.3
71,3,2013,2798.71
71,3,2014,2999.84
71,3,2015,3125.62
71,3,2016,3107.57
71,3,2017,3283.85
71,3,2018,3310.79
71,3,2019,3384.94
71,3,2020,3324.9
71,3,2021,3317.28
71,3,2022,3439.03
71,3,2023,3311.88
72,3,1980,345.68
72,3,1981,341.87
72,3,1982,356.93
72,3,1983,365.43
72,3,1984,386.58
72,3,1985,383.54
72,3,1986,425.66
72,3,1987,458.69
72,3,1988,472.68
72,3,1989,471.15
72,3,1990,464.4
72,3,1991,491.05
72,3,1992,498.55
72,3,1993,488.37
72,3,1994,524.08
72,3,1995,553.3
72,3,1996,571.56
72,3,1997,581.93
72,3,1998,579.58
72,3,1999,546.33
72,3,2000,510.8
72,3,2001,523.07
72,3,2002,510.9
72,3,2003,526.28
72,3,2004,531.74
72,3,2005,538.52
72,3,2006,546.03
72,3,2007,525.06
72,3,2008,526.74
72,3,2009,521.62
72,3,2010,540.92
72,3,2011,532.43
72,3,2012,545.24
72,3,2013,540.7
72,3,2014,545.72
72,3,2015,552.13
72,3,2016,577.63
72,3,2017,599.18
72,3,2018,622.43
72,3,2019,631.8
72,3,2020,611.73
72,3,2021,624.55
72,3,2022,637.4
72,3,2023,663.39
74,3,1980,4.07
74,3,1981,4.35
74,3,1982,4.63
74,3,1983,4.91
74,3,1984,5.21
74,3,1985,5.48
74,3,1986,5.76
74,3,1987,5.98
74,3,1988,6.26
74,3,1989,6.34
74,3,1990,6.8
74,3,1991,7.38
74,3,1992,7.8
74,3,1993,8.34
74,3,1994,8.33
74,3,1995,8.23
74,3,1996,8.31
74,3,1997,8.41
74,3,1998,8.44
74,3,1999,8.37
74,3,2000,8.28
74,3,2001,8.17
74,3,2002,8.17
74,3,2003,8.75
74,3,2004,9.26
74,3,2005,9.38
74,3,2006,9.62
74,3,2007,9.72
74,3,2008,9.85
74,3,2009,9.8
74,3,2010,9.73
74,3,2011,8.63
74,3,2012,8.11
74,3,2013,8.01
74,3,2014,8
74,3,2015,7.94
74,3,2016,7.81
74,3,2017,7.79
74,3,2018,7.63
74,3,2019,7.54
74,3,2020,7.39
74,3,2021,7.14
74,3,2022,7.15
74,3,2023,7.34
75,3,1980,2099.56
75,3,1981,2139.94
75,3,1982,2155.89
75,3,1983,2134.32
75,3,1984,2141.53
75,3,1985,2156.36
75,3,1986,2134.04
75,3,1987,2056.97
75,3,1988,1937.11
75,3,1989,1911.29
75,3,1990,1847.08
75,3,1991,1814.74
75,3,1992,1800.47
75,3,1993,1772.18
75,3,1994,1784.36
75,3,1995,1785.06
75,3,1996,1763.27
75,3,1997,1653.55
75,3,1998,1614.53
75,3,1999,1585.2
75,3,2000,1581.34
75,3,2001,1544.08
75,3,2002,1560.56
75,3,2003,1510.53
75,3,2004,1478.67
75,3,2005,1460.16
75,3,2006,1423.67
75,3,2007,1391.44
75,3,2008,1391.03
75,3,2009,1411.29
75,3,2010,1430.42
75,3,2011,1452.3
75,3,2012,1469.28
75,3,2013,1476.46
75,3,2014,1480.95
75,3,2015,1489.36
75,3,2016,1472.13
75,3,2017,1473.41
75,3,2018,1465.1
75,3,2019,1430.19
75,3,2020,1419.26
75,3,2021,1460.26
75,3,2022,1468.96
75,3,2023,1473.3
76,3,1980,2403.01
76,3,1981,2408.06
76,3,1982,2425.63
76,3,1983,2454.87
76,3,1984,2491.59
76,3,1985,2429.74
76,3,1986,2381.39
76,3,1987,2324.46
76,3,1988,2169.79
76,3,1989,2110.23
76,3,1990,2063.38
76,3,1991,2058.21
76,3,1992,2147.98
76,3,1993,2268.56
76,3,1994,2275.51
76,3,1995,2275.87
76,3,1996,2243.62
76,3,1997,2255.02
76,3,1998,2248.81
76,3,1999,2202.89
76,3,2000,2225.01
76,3,2001,2227.63
76,3,2002,2193.59
76,3,2003,2176.48
76,3,2004,2118.22
76,3,2005,2128.35
76,3,2006,2070.8
76,3,2007,2043.36
76,3,2008,2112.78
76,3,2009,2159.95
76,3,2010,2212.09
76,3,2011,2259.21
76,3,2012,2270.06
76,3,2013,2212.5
76,3,2014,2167.94
76,3,2015,2144.68
76,3,2016,2144.93
76,3,2017,2093.64
76,3,2018,2109.6
76,3,2019,2101.15
76,3,2020,2090.51
76,3,2021,2152.31
76,3,2022,2169.83
76,3,2023,2118.1
77,3,1980,36.6
77,3,1981,36.6
77,3,1982,37.13
77,3,1983,38.91
77,3,1984,37.64
77,3,1985,38.5
77,3,1986,35.79
77,3,1987,36.25
77,3,1988,36.32
77,3,1989,35.82
77,3,1990,35.88
77,3,1991,37.34
77,3,1992,38.92
77,3,1993,39.59
77,3,1994,41.09
77,3,1995,42.67
77,3,1996,44.22
77,3,1997,45.55
77,3,1998,47.3
77,3,1999,46.45
77,3,2000,47.46
77,3,2001,46.59
77,3,2002,47.88
77,3,2003,48.27
77,3,2004,49.21
77,3,2005,51.58
77,3,2006,51.36
77,3,2007,52.57
77,3,2008,52.45
77,3,2009,52.93
77,3,2010,53.7
77,3,2011,53.97
77,3,2012,55.71
77,3,2013,56.22
77,3,2014,56.99
77,3,2015,58.44
77,3,2016,57.22
77,3,2017,60.13
77,3,2018,60.54
77,3,2019,60.97
77,3,2020,58.34
77,3,2021,58.78
77,3,2022,61.58
77,3,2023,59.25
78,3,1980,1609.72
78,3,1981,1583.85
78,3,1982,1553.44
78,3,1983,1551.2
78,3,1984,1549.25
78,3,1985,1525.78
78,3,1986,1512.57
78,3,1987,1501.26
78,3,1988,1461.22
78,3,1989,1469.42
78,3,1990,1402.08
78,3,1991,1344.66
78,3,1992,1331.04
78,3,1993,1322.03
78,3,1994,1224.94
78,3,1995,1145.6
78,3,1996,1095.92
78,3,1997,1031.39
78,3,1998,979.17
78,3,1999,932.53
78,3,2000,902.18
78,3,2001,883.27
78,3,2002,846.03
78,3,2003,812.9
78,3,2004,803.03
78,3,2005,802.03
78,3,2006,795.57
78,3,2007,766.96
78,3,2008,757.04
78,3,2009,761.42
78,3,2010,738.74
78,3,2011,746.88
78,3,2012,766.73
78,3,2013,747.66
78,3,2014,734.64
78,3,2015,706.16
78,3,2016,692.82
78,3,2017,699.76
78,3,2018,716.36
78,3,2019,714.42
78,3,2020,697.06
78,3,2021,699.56
78,3,2022,707.27
78,3,2023,697.24
79,3,1980,1282.58
79,3,1981,1246.78
79,3,1982,1241.12
79,3,1983,1267.18
79,3,1984,1309.17
79,3,1985,1342.94
79,3,1986,1397.88
79,3,1987,1442.7
79,3,1988,1484.06
79,3,1989,1518.24
79,3,1990,1561.05
79,3,1991,1543.12
79,3,1992,1516.08
79,3,1993,1475.25
79,3,1994,1435.39
79,3,1995,1424.8
79,3,1996,1346.4
79,3,1997,1343.29
79,3,1998,1296.77
79,3,1999,1274.53
79,3,2000,1247.08
79,3,2001,1228.6
79,3,2002,1170.8
79,3,2003,1138.44
79,3,2004,1105.63
79,3,2005,1087.28
79,3,2006,1098.3
79,3,2007,1076.25
79,3,2008,1087.31
79,3,2009,1073.69
79,3,2010,1035.59
79,3,2011,1006.18
79,3,2012,973.45
79,3,2013,955.9
79,3,2014,917.05
79,3,2015,884.13
79,3,2016,888.17
79,3,2017,895.92
79,3,2018,895.58
79,3,2019,858.8
79,3,2020,860.64
79,3,2021,864.72
79,3,2022,849.94
79,3,2023,881.87
80,3,1980,12481.64
80,3,1981,12767.54
80,3,1982,13424.14
80,3,1983,13992.51
80,3,1984,14302.93
80,3,1985,14567.6
80,3,1986,14527.88
80,3,1987,14140.4
80,3,1988,13734.87
80,3,1989,13745.96
80,3,1990,13674.58
80,3,1991,13732.49
80,3,1992,13901.14
80,3,1993,14241.47
80,3,1994,14227.13
80,3,1995,14001.31
80,3,1996,13582.2
80,3,1997,13156.35
80,3,1998,12795.83
80,3,1999,12470.36
80,3,2000,12060.86
80,3,2001,11884.24
80,3,2002,11948.87
80,3,2003,11997.88
80,3,2004,11683.77
80,3,2005,11602.7
80,3,2006,11343.58
80,3,2007,11159.91
80,3,2008,11303.82
80,3,2009,11489.47
80,3,2010,11598.21
80,3,2011,11488.02
80,3,2012,11198.94
80,3,2013,10946.72
80,3,2014,10381.72
80,3,2015,10372.27
80,3,2016,10025.27
80,3,2017,9991.17
80,3,2018,10280.64
80,3,2019,10456.37
80,3,2020,10458.23
80,3,2021,10400.42
80,3,2022,11281.56
80,3,2023,11236.32
81,3,1980,14657.52
81,3,1981,14932.73
81,3,1982,14891.24
81,3,1983,14668.43
81,3,1984,14162.26
81,3,1985,13914.55
81,3,1986,13328.19
81,3,1987,13155.27
81,3,1988,13061.82
81,3,1989,14633.54
81,3,1990,14988.42
81,3,1991,14999.59
81,3,1992,14508.85
81,3,1993,14077.86
81,3,1994,14028.92
81,3,1995,14317.77
81,3,1996,14110.79
81,3,1997,13848.57
81,3,1998,13280.42
81,3,1999,12883.31
81,3,2000,12761.23
81,3,2001,12683.47
81,3,2002,12665.09
81,3,2003,12572.71
81,3,2004,12177.81
81,3,2005,11753.52
81,3,2006,11333.91
81,3,2007,11019.57
81,3,2008,11073.74
81,3,2009,11233.21
81,3,2010,11428.31
81,3,2011,11391.9
81,3,2012,11280.81
81,3,2013,11449.85
81,3,2014,11486.48
81,3,2015,11593.32
81,3,2016,11482.67
81,3,2017,11274
81,3,2018,11338.64
81,3,2019,11177.96
81,3,2020,11062.31
81,3,2021,10960.5
81,3,2022,11862.99
81,3,2023,12664.26
82,3,1980,350.52
82,3,1981,365.18
82,3,1982,375.41
82,3,1983,391.32
82,3,1984,411.68
82,3,1985,422.6
82,3,1986,424.64
82,3,1987,437.31
82,3,1988,428.81
82,3,1989,420.62
82,3,1990,405.07
82,3,1991,411.94
82,3,1992,412.89
82,3,1993,429.73
82,3,1994,411.98
82,3,1995,408.42
82,3,1996,405.48
82,3,1997,414.78
82,3,1998,428.74
82,3,1999,426.77
82,3,2000,420.09
82,3,2001,399.56
82,3,2002,388.37
82,3,2003,398.98
82,3,2004,395.89
82,3,2005,408.68
82,3,2006,408.53
82,3,2007,394.52
82,3,2008,409.99
82,3,2009,424.71
82,3,2010,441.87
82,3,2011,482.5
82,3,2012,506.66
82,3,2013,517.33
82,3,2014,527.01
82,3,2015,513.31
82,3,2016,507.11
82,3,2017,522.03
82,3,2018,533.47
82,3,2019,527.87
82,3,2020,483.8
82,3,2021,481.2
82,3,2022,485.46
82,3,2023,493.51
83,3,1980,32.43
83,3,1981,33.26
83,3,1982,34.58
83,3,1983,36.76
83,3,1984,38.46
83,3,1985,38.56
83,3,1986,38.58
83,3,1987,37.4
83,3,1988,37.55
83,3,1989,37.43
83,3,1990,37.84
83,3,1991,37.63
83,3,1992,36.96
83,3,1993,36.3
83,3,1994,36.32
83,3,1995,36.6
83,3,1996,37.1
83,3,1997,37.14
83,3,1998,36.43
83,3,1999,35.77
83,3,2000,35.93
83,3,2001,34.77
83,3,2002,33.92
83,3,2003,34.6
83,3,2004,35.04
83,3,2005,35.2
83,3,2006,35.46
83,3,2007,36.91
83,3,2008,38.38
83,3,2009,38.66
83,3,2010,38.76
83,3,2011,38.28
83,3,2012,38.95
83,3,2013,40.69
83,3,2014,41.18
83,3,2015,41.01
83,3,2016,41.24
83,3,2017,40.62
83,3,2018,41.56
83,3,2019,43.39
83,3,2020,44.06
83,3,2021,44.82
83,3,2022,48.69
83,3,2023,50.28
84,3,1980,357.41
84,3,1981,360.63
84,3,1982,368.64
84,3,1983,384.59
84,3,1984,382.67
84,3,1985,398.63
84,3,1986,403.2
84,3,1987,388.85
84,3,1988,389.12
84,3,1989,404.84
84,3,1990,418.28
84,3,1991,431.42
84,3,1992,434.78
84,3,1993,434.14
84,3,1994,453.41
84,3,1995,470.2
84,3,1996,488.74
84,3,1997,519.6
84,3,1998,538.03
84,3,1999,529.06
84,3,2000,536.19
84,3,2001,543.83
84,3,2002,532.03
84,3,2003,526.98
84,3,2004,523.14
84,3,2005,517.5
84,3,2006,514.44
84,3,2007,523.88
84,3,2008,547.32
84,3,2009,570.78
84,3,2010,567.51
84,3,2011,574.99
84,3,2012,562.79
84,3,2013,541.12
84,3,2014,517.41
84,3,2015,485.04
84,3,2016,470.18
84,3,2017,455.47
84,3,2018,470.11
84,3,2019,466.85
84,3,2020,474.35
84,3,2021,425.13
84,3,2022,446.76
84,3,2023,444.24
85,3,1980,292.95
85,3,1981,285.16
85,3,1982,290.02
85,3,1983,311.25
85,3,1984,319.52
85,3,1985,332.99
85,3,1986,352.98
85,3,1987,366.47
85,3,1988,380.78
85,3,1989,395.24
85,3,1990,398.78
85,3,1991,439.19
85,3,1992,458.79
85,3,1993,439.12
85,3,1994,455.31
85,3,1995,482.45
85,3,1996,517.42
85,3,1997,564.91
85,3,1998,553.66
85,3,1999,527.24
85,3,2000,511.89
85,3,2001,503.69
85,3,2002,497.19
85,3,2003,508.39
85,3,2004,500.53
85,3,2005,509.49
85,3,2006,486.36
85,3,2007,475.97
85,3,2008,481.87
85,3,2009,505.43
85,3,2010,527.48
85,3,2011,523.22
85,3,2012,530.67
85,3,2013,510.13
85,3,2014,510
85,3,2015,504.6
85,3,2016,515.02
85,3,2017,525.5
85,3,2018,539.16
85,3,2019,538.51
85,3,2020,546.52
85,3,2021,549.7
85,3,2022,574.02
85,3,2023,586.77
86,3,1980,4279.09
86,3,1981,4223.29
86,3,1982,4392.55
86,3,1983,4554.21
86,3,1984,4705.12
86,3,1985,4931.89
86,3,1986,4941.67
86,3,1987,4836.37
86,3,1988,4752.12
86,3,1989,4708.03
86,3,1990,4741.28
86,3,1991,4820.07
86,3,1992,4875.78
86,3,1993,4956.35
86,3,1994,4911.34
86,3,1995,5004.51
86,3,1996,5149.63
86,3,1997,5137.51
86,3,1998,4947.39
86,3,1999,4674.25
86,3,2000,4593.71
86,3,2001,4507.45
86,3,2002,4451.3
86,3,2003,4370.19
86,3,2004,4175.03
86,3,2005,4020.35
86,3,2006,3979.42
86,3,2007,4031.43
86,3,2008,4145.01
86,3,2009,4229.89
86,3,2010,4275.25
86,3,2011,4381.72
86,3,2012,4497.92
86,3,2013,4500.25
86,3,2014,4391.54
86,3,2015,4324.83
86,3,2016,4218.23
86,3,2017,4233.82
86,3,2018,4120.89
86,3,2019,4115.93
86,3,2020,4136.7
86,3,2021,4166.04
86,3,2022,4203.65
86,3,2023,4096.49
87,3,1980,73.04
87,3,1981,75.9
87,3,1982,79.44
87,3,1983,80.36
87,3,1984,79.47
87,3,1985,77.88
87,3,1986,77.42
87,3,1987,79.76
87,3,1988,79.69
87,3,1989,79.96
87,3,1990,77.58
87,3,1991,76.81
87,3,1992,73.16
87,3,1993,73.83
87,3,1994,74.48
87,3,1995,73.19
87,3,1996,73.7
87,3,1997,73.34
87,3,1998,70.25
87,3,1999,67.83
87,3,2000,65.35
87,3,2001,64.45
87,3,2002,64.71
87,3,2003,61.08
87,3,2004,61
87,3,2005,59.46
87,3,2006,60.26
87,3,2007,60.83
87,3,2008,58.38
87,3,2009,58.73
87,3,2010,60.3
87,3,2011,60.64
87,3,2012,60.9
87,3,2013,60.72
87,3,2014,62.74
87,3,2015,62.11
87,3,2016,59.53
87,3,2017,58.71
87,3,2018,58.65
87,3,2019,61.46
87,3,2020,59.7
87,3,2021,55.62
87,3,2022,58.53
87,3,2023,59.38
88,3,1980,20.34
88,3,1981,20.63
88,3,1982,20.78
88,3,1983,21.24
88,3,1984,21.68
88,3,1985,21.27
88,3,1986,20.21
88,3,1987,20.1
88,3,1988,20.65
88,3,1989,21.54
88,3,1990,21.04
88,3,1991,20.86
88,3,1992,21.4
88,3,1993,21.44
88,3,1994,21.72
88,3,1995,21.56
88,3,1996,21.48
88,3,1997,21.76
88,3,1998,21.94
88,3,1999,22.71
88,3,2000,22.46
88,3,2001,22.39
88,3,2002,21.86
88,3,2003,22.11
88,3,2004,22.31
88,3,2005,22.49
88,3,2006,23.04
88,3,2007,23.17
88,3,2008,23.07
88,3,2009,24.68
88,3,2010,24.66
88,3,2011,24.58
88,3,2012,24.93
88,3,2013,25.22
88,3,2014,25.37
88,3,2015,25.3
88,3,2016,24.54
88,3,2017,24.78
88,3,2018,25.45
88,3,2019,26.83
88,3,2020,25.55
88,3,2021,24.76
88,3,2022,25.35
88,3,2023,25.66
89,3,1980,1674.5
89,3,1981,1705.53
89,3,1982,1793.57
89,3,1983,1909.85
89,3,1984,1947.38
89,3,1985,1900.47
89,3,1986,1866.18
89,3,1987,1847.43
89,3,1988,1788.03
89,3,1989,1794.16
89,3,1990,1757.03
89,3,1991,1811.44
89,3,1992,1803.04
89,3,1993,1807.57
89,3,1994,1804.67
89,3,1995,1781.69
89,3,1996,1794.79
89,3,1997,1776.49
89,3,1998,1770.24
89,3,1999,1766.22
89,3,2000,1761.1
89,3,2001,1763.95
89,3,2002,1792.78
89,3,2003,1775.44
89,3,2004,1779.84
89,3,2005,1768.02
89,3,2006,1722.5
89,3,2007,1633.24
89,3,2008,1666.75
89,3,2009,1730.3
89,3,2010,1802.72
89,3,2011,1851.62
89,3,2012,1942.11
89,3,2013,2035.03
89,3,2014,2039.19
89,3,2015,2072.62
89,3,2016,2090.43
89,3,2017,2092.37
89,3,2018,2056.84
89,3,2019,2060.03
89,3,2020,2064.18
89,3,2021,2118.35
89,3,2022,2202.93
89,3,2023,2183.29
90,3,1980,588.33
90,3,1981,619.7
90,3,1982,642.98
90,3,1983,663.57
90,3,1984,671.39
90,3,1985,660.95
90,3,1986,660.84
90,3,1987,707.46
90,3,1988,744.08
90,3,1989,721.97
90,3,1990,710.43
90,3,1991,722.87
90,3,1992,693.62
90,3,1993,660.81
90,3,1994,625.62
90,3,1995,609.15
90,3,1996,590.86
90,3,1997,591.75
90,3,1998,598.44
90,3,1999,615.03
90,3,2000,595.15
90,3,2001,584.55
90,3,2002,552.71
90,3,2003,552.61
90,3,2004,560.65
90,3,2005,567.72
90,3,2006,567.56
90,3,2007,554.92
90,3,2008,562.7
90,3,2009,597.25
90,3,2010,606.54
90,3,2011,625.18
90,3,2012,602.2
90,3,2013,605.76
90,3,2014,610.96
90,3,2015,638.19
90,3,2016,649.63
90,3,2017,657.05
90,3,2018,684.39
90,3,2019,674.52
90,3,2020,641.55
90,3,2021,606.17
90,3,2022,597.1
90,3,2023,607.93
91,3,1980,522.7
91,3,1981,557.56
91,3,1982,650.39
91,3,1983,796.4
91,3,1984,1379.25
91,3,1985,1612.52
91,3,1986,1674.22
91,3,1987,1704.92
91,3,1988,1663.36
91,3,1989,1591.7
91,3,1990,1640.78
91,3,1991,1657.27
91,3,1992,1619.27
91,3,1993,1546.28
91,3,1994,1490.31
91,3,1995,1473.45
91,3,1996,1468.93
91,3,1997,1438.1
91,3,1998,1371.43
91,3,1999,1370.78
91,3,2000,1409.33
91,3,2001,1402.63
91,3,2002,1410.51
91,3,2003,1395.97
91,3,2004,1408.07
91,3,2005,1287.21
91,3,2006,1293.71
91,3,2007,1391.17
91,3,2008,1443.37
91,3,2009,1451.04
91,3,2010,1478.6
91,3,2011,1434.33
91,3,2012,1462.26
91,3,2013,1440.78
91,3,2014,1449.93
91,3,2015,1392.54
91,3,2016,1328.74
91,3,2017,1331.51
91,3,2018,1337.26
91,3,2019,1359.97
91,3,2020,1333.18
91,3,2021,1285.97
91,3,2022,1355
91,3,2023,1403.57
92,3,1980,1931.13
92,3,1981,2028.14
92,3,1982,2187.03
92,3,1983,2487.16
92,3,1984,2769.66
92,3,1985,2989.03
92,3,1986,3060.38
92,3,1987,3100.39
92,3,1988,3205.14
92,3,1989,3268.78
92,3,1990,3276.3
92,3,1991,3242.13
92,3,1992,3190.17
92,3,1993,3272.39
92,3,1994,3360.96
92,3,1995,3420.36
92,3,1996,3528.81
92,3,1997,3505.29
92,3,1998,3446.59
92,3,1999,3469.03
92,3,2000,3496.69
92,3,2001,3444.85
92,3,2002,3539.37
92,3,2003,3639.35
92,3,2004,3645.62
92,3,2005,3600.96
92,3,2006,3492.5
92,3,2007,3518.76
92,3,2008,3622.01
92,3,2009,3599.58
92,3,2010,3501.68
92,3,2011,3522.28
92,3,2012,3742.3
92,3,2013,3904.03
92,3,2014,3914.77
92,3,2015,3804.77
92,3,2016,3714.45
92,3,2017,3757.67
92,3,2018,3809.68
92,3,2019,4041.84
92,3,2020,3897.23
92,3,2021,4029.09
92,3,2022,4105.98
92,3,2023,4023.07
93,3,1980,2051.59
93,3,1981,1967.14
93,3,1982,1981.65
93,3,1983,1986.18
93,3,1984,2012.79
93,3,1985,1990.66
93,3,1986,1976.55
93,3,1987,1988.26
93,3,1988,1984.93
93,3,1989,1956.57
93,3,1990,1910.98
93,3,1991,1896.08
93,3,1992,1814.58
93,3,1993,1787.57
93,3,1994,1726.2
93,3,1995,1730.93
93,3,1996,1650.52
93,3,1997,1514.47
93,3,1998,1474.28
93,3,1999,1437.13
93,3,2000,1386.4
93,3,2001,1406.8
93,3,2002,1396.52
93,3,2003,1348.34
93,3,2004,1369.43
93,3,2005,1408.75
93,3,2006,1396.15
93,3,2007,1372.69
93,3,2008,1393.14
93,3,2009,1424.08
93,3,2010,1407.4
93,3,2011,1395.76
93,3,2012,1423.05
93,3,2013,1461.39
93,3,2014,1444.93
93,3,2015,1444.15
93,3,2016,1431.64
93,3,2017,1454.75
93,3,2018,1478.42
93,3,2019,1485.61
93,3,2020,1451.21
93,3,2021,1434.53
93,3,2022,1487.44
93,3,2023,1498.5
94,3,1980,1725.28
94,3,1981,1692.99
94,3,1982,1727.21
94,3,1983,1757.73
94,3,1984,1752.83
94,3,1985,1751
94,3,1986,1701.56
94,3,1987,1735.57
94,3,1988,1716.5
94,3,1989,1748.54
94,3,1990,1774.67
94,3,1991,1834.49
94,3,1992,1808.35
94,3,1993,1789.62
94,3,1994,1751.38
94,3,1995,1634.17
94,3,1996,1572.56
94,3,1997,1498.82
94,3,1998,1485
94,3,1999,1452.89
94,3,2000,1467.86
94,3,2001,1463.02
94,3,2002,1477.59
94,3,2003,1396.88
94,3,2004,1371.24
94,3,2005,1363.33
94,3,2006,1361.12
94,3,2007,1367.22
94,3,2008,1329.9
94,3,2009,1236.18
94,3,2010,1179.96
94,3,2011,1168.95
94,3,2012,1182.24
94,3,2013,1198.71
94,3,2014,1193.52
94,3,2015,1207.74
94,3,2016,1192.21
94,3,2017,1192.03
94,3,2018,1179.52
94,3,2019,1204.57
94,3,2020,1161.7
94,3,2021,1224.69
94,3,2022,1204.08
94,3,2023,1138.48
95,3,1980,6679.94
95,3,1981,6601.24
95,3,1982,6369.64
95,3,1983,6299.79
95,3,1984,6344.74
95,3,1985,6496.31
95,3,1986,6404.16
95,3,1987,6322.02
95,3,1988,6465.3
95,3,1989,6262.92
95,3,1990,6359.08
95,3,1991,6343.8
95,3,1992,6290.93
95,3,1993,6114.34
95,3,1994,5950.51
95,3,1995,6036.43
95,3,1996,5982.28
95,3,1997,5955.03
95,3,1998,6177.07
95,3,1999,6196.1
95,3,2000,5988.72
95,3,2001,5683.58
95,3,2002,5494.98
95,3,2003,5341.7
95,3,2004,5299.73
95,3,2005,5241.17
95,3,2006,5264.58
95,3,2007,5244.72
95,3,2008,5411.92
95,3,2009,5435.7
95,3,2010,5461.07
95,3,2011,5548.73
95,3,2012,5621.24
95,3,2013,5794.67
95,3,2014,5767.98
95,3,2015,5849.01
95,3,2016,5772.14
95,3,2017,5800.67
95,3,2018,6092.98
95,3,2019,6313.03
95,3,2020,6323.43
95,3,2021,6499.86
95,3,2022,6605.88
95,3,2023,6493.22
97,3,1980,2243.22
97,3,1981,2318.5
97,3,1982,2222.31
97,3,1983,2222.02
97,3,1984,2231.97
97,3,1985,2300.4
97,3,1986,2495.19
97,3,1987,2635.6
97,3,1988,2709.64
97,3,1989,2704.73
97,3,1990,2774.17
97,3,1991,2832.45
97,3,1992,3054.19
97,3,1993,3161.77
97,3,1994,3282.31
97,3,1995,3375.23
97,3,1996,3546.08
97,3,1997,3909.98
97,3,1998,4024.69
97,3,1999,4158.32
97,3,2000,4329.98
97,3,2001,4545.46
97,3,2002,4595.78
97,3,2003,4296.54
97,3,2004,4043.32
97,3,2005,4015.68
97,3,2006,4076.77
97,3,2007,4248.4
97,3,2008,4437.62
97,3,2009,4407.37
97,3,2010,4432.6
97,3,2011,4519.69
97,3,2012,4653.34
97,3,2013,4712.07
97,3,2014,4790.59
97,3,2015,4720.38
97,3,2016,4937.42
97,3,2017,5153.09
97,3,2018,5338.77
97,3,2019,5311.31
97,3,2020,4989.2
97,3,2021,5234.1
97,3,2022,5852.26
97,3,2023,5451.21
98,3,1980,1770.56
98,3,1981,1797.3
98,3,1982,1842.68
98,3,1983,1959.31
98,3,1984,2000.41
98,3,1985,2005.42
98,3,1986,1980.9
98,3,1987,1990.66
98,3,1988,2105.54
98,3,1989,2320.26
98,3,1990,2677.02
98,3,1991,2599.04
98,3,1992,2481.18
98,3,1993,2462.89
98,3,1994,2327.06
98,3,1995,2261.24
98,3,1996,2163.41
98,3,1997,2050.36
98,3,1998,2056.68
98,3,1999,2015.74
98,3,2000,1850.86
98,3,2001,1784.05
98,3,2002,1716.35
98,3,2003,1722.2
98,3,2004,1763.09
98,3,2005,1777.52
98,3,2006,1835.81
98,3,2007,1928.43
98,3,2008,2052.22
98,3,2009,2091.74
98,3,2010,2061.58
98,3,2011,2024.96
98,3,2012,1926.48
98,3,2013,1850.9
98,3,2014,1878.08
98,3,2015,1915.23
98,3,2016,1960.37
98,3,2017,1999.27
98,3,2018,1978.4
98,3,2019,1986.64
98,3,2020,1798.82
98,3,2021,1738.72
98,3,2022,2077.5
98,3,2023,2075.57
99,3,1980,322.46
99,3,1981,329.14
99,3,1982,346.38
99,3,1983,355.52
99,3,1984,349.39
99,3,1985,330.13
99,3,1986,324.83
99,3,1987,330.87
99,3,1988,344.53
99,3,1989,372.06
99,3,1990,383.37
99,3,1991,389.37
99,3,1992,425.9
99,3,1993,449.77
99,3,1994,449.72
99,3,1995,455.45
99,3,1996,458.96
99,3,1997,497.06
99,3,1998,533.58
99,3,1999,534.96
99,3,2000,571.16
99,3,2001,571.01
99,3,2002,614.36
99,3,2003,575.58
99,3,2004,556.19
99,3,2005,540.61
99,3,2006,548.05
99,3,2007,570.6
99,3,2008,563.41
99,3,2009,559.37
99,3,2010,574.95
99,3,2011,598.79
99,3,2012,609.43
99,3,2013,593.83
99,3,2014,616.49
99,3,2015,648.9
99,3,2016,693.81
99,3,2017,704.16
99,3,2018,723.99
99,3,2019,735.29
99,3,2020,718.72
99,3,2021,668.28
99,3,2022,782.63
99,3,2023,765.27
101,3,1980,3689.36
101,3,1981,3733.63
101,3,1982,3836.51
101,3,1983,3891.12
101,3,1984,3797.16
101,3,1985,3764.39
101,3,1986,4073.61
101,3,1987,4119.4
101,3,1988,4053.95
101,3,1989,3968.43
101,3,1990,3931.78
101,3,1991,4022.27
101,3,1992,4149.2
101,3,1993,4239.36
101,3,1994,4295.56
101,3,1995,4428.27
101,3,1996,4485.24
101,3,1997,4365.55
101,3,1998,4331.98
101,3,1999,4376.99
101,3,2000,4191.33
101,3,2001,4183.08
101,3,2002,4195.92
101,3,2003,4263.02
101,3,2004,4218.16
101,3,2005,4254.24
101,3,2006,4173.03
101,3,2007,4203.29
101,3,2008,4293.66
101,3,2009,4390.16
101,3,2010,4460.57
101,3,2011,4385.9
101,3,2012,4514.25
101,3,2013,4650.43
101,3,2014,4799.89
101,3,2015,4893.43
101,3,2016,4741.99
101,3,2017,4749.8
101,3,2018,4709.39
101,3,2019,4810.7
101,3,2020,4994.01
101,3,2021,4916.59
101,3,2022,4895.14
101,3,2023,4796.81
102,3,1980,30349.86
102,3,1981,30860.26
102,3,1982,31087.57
102,3,1983,31297.72
102,3,1984,32175.09
102,3,1985,32973.91
102,3,1986,34213.15
102,3,1987,34401.84
102,3,1988,34137.9
102,3,1989,33769.38
102,3,1990,33386.65
102,3,1991,33738.6
102,3,1992,34030.77
102,3,1993,35035.26
102,3,1994,35458.28
102,3,1995,35860.89
102,3,1996,35111.24
102,3,1997,34235.5
102,3,1998,33770.78
102,3,1999,32874.41
102,3,2000,32944.61
102,3,2001,33869.82
102,3,2002,34871.52
102,3,2003,35184.24
102,3,2004,35374.91
102,3,2005,36229.34
102,3,2006,37157.66
102,3,2007,38187.67
102,3,2008,39567.51
102,3,2009,40719.37
102,3,2010,41766.72
102,3,2011,43117.79
102,3,2012,44006.75
102,3,2013,44844.84
102,3,2014,46244.97
102,3,2015,48080.89
102,3,2016,50267.93
102,3,2017,51742.75
102,3,2018,51409.97
102,3,2019,50683.1
102,3,2020,52343.17
102,3,2021,53263.22
102,3,2022,53616.39
102,3,2023,51257.83
105,3,1980,0.72
105,3,1981,0.72
105,3,1982,0.71
105,3,1983,0.71
105,3,1984,0.7
105,3,1985,0.66
105,3,1986,0.67
105,3,1987,0.67
105,3,1988,0.69
105,3,1989,0.72
105,3,1990,0.76
105,3,1991,0.75
105,3,1992,0.75
105,3,1993,0.77
105,3,1994,0.75
105,3,1995,0.75
105,3,1996,0.77
105,3,1997,0.82
105,3,1998,0.83
105,3,1999,0.86
105,3,2000,0.85
105,3,2001,0.85
105,3,2002,0.84
105,3,2003,0.86
105,3,2004,0.88
105,3,2005,0.86
105,3,2006,0.86
105,3,2007,0.84
105,3,2008,0.85
105,3,2009,0.87
105,3,2010,0.88
105,3,2011,0.9
105,3,2012,0.91
105,3,2013,0.93
105,3,2014,0.94
105,3,2015,0.94
105,3,2016,0.93
105,3,2017,0.96
105,3,2018,0.95
105,3,2019,0.89
105,3,2020,0.9
105,3,2021,0.92
105,3,2022,0.95
105,3,2023,0.97
106,3,1980,5.03
106,3,1981,5.18
106,3,1982,5.29
106,3,1983,5.38
106,3,1984,5.55
106,3,1985,5.4
106,3,1986,5.64
106,3,1987,5.76
106,3,1988,5.82
106,3,1989,5.95
106,3,1990,6.21
106,3,1991,6.48
106,3,1992,6.72
106,3,1993,7.09
106,3,1994,6.9
106,3,1995,6.88
106,3,1996,6.96
106,3,1997,6.99
106,3,1998,7.38
106,3,1999,8
106,3,2000,8.03
106,3,2001,8.02
106,3,2002,7.98
106,3,2003,8.02
106,3,2004,8.22
106,3,2005,7.86
106,3,2006,8.03
106,3,2007,7.96
106,3,2008,8.33
106,3,2009,8.69
106,3,2010,8.93
106,3,2011,9.14
106,3,2012,9.06
106,3,2013,9.15
106,3,2014,9.43
106,3,2015,9.63
106,3,2016,9.99
106,3,2017,10.17
106,3,2018,10.38
106,3,2019,10.65
106,3,2020,11.29
106,3,2021,11.06
106,3,2022,11.18
106,3,2023,11.26
107,3,1980,9.76
107,3,1981,10.03
107,3,1982,9.96
107,3,1983,10.25
107,3,1984,9.7
107,3,1985,9.79
107,3,1986,10.19
107,3,1987,10.49
107,3,1988,11.36
107,3,1989,11.91
107,3,1990,12.37
107,3,1991,12.59
107,3,1992,13.02
107,3,1993,13.32
107,3,1994,12.84
107,3,1995,12.94
107,3,1996,12.98
107,3,1997,12.89
107,3,1998,12.25
107,3,1999,11.89
107,3,2000,11.9
107,3,2001,11.51
107,3,2002,11.48
107,3,2003,11.79
107,3,2004,11.95
107,3,2005,11.42
107,3,2006,11.24
107,3,2007,10.95
107,3,2008,11.34
107,3,2009,11.58
107,3,2010,11.87
107,3,2011,12.09
107,3,2012,12.21
107,3,2013,12.69
107,3,2014,12.92
107,3,2015,13.14
107,3,2016,13.44
107,3,2017,13.77
107,3,2018,14.17
107,3,2019,14.79
107,3,2020,14.7
107,3,2021,14.56
107,3,2022,15.19
107,3,2023,15.86
108,3,1980,5.3
108,3,1981,5.53
108,3,1982,5.58
108,3,1983,5.74
108,3,1984,5.75
108,3,1985,5.94
108,3,1986,6.24
108,3,1987,6.61
108,3,1988,6.88
108,3,1989,7.23
108,3,1990,7.68
108,3,1991,7.91
108,3,1992,8.47
108,3,1993,8.91
108,3,1994,9.63
108,3,1995,10.44
108,3,1996,10.99
108,3,1997,11.67
108,3,1998,13.43
108,3,1999,15.17
108,3,2000,15.67
108,3,2001,16.28
108,3,2002,15.92
108,3,2003,16.37
108,3,2004,17.63
108,3,2005,16.86
108,3,2006,16.97
108,3,2007,17.32
108,3,2008,18.21
108,3,2009,18.88
108,3,2010,19.72
108,3,2011,20.82
108,3,2012,20.8
108,3,2013,21.25
108,3,2014,21.93
108,3,2015,22.24
108,3,2016,21.74
108,3,2017,22.17
108,3,2018,22.49
108,3,2019,23.42
108,3,2020,22.91
108,3,2021,22.47
108,3,2022,24.37
108,3,2023,25.73
109,3,1980,1702.93
109,3,1981,1755.65
109,3,1982,1796.85
109,3,1983,1817.21
109,3,1984,1846.52
109,3,1985,1906.65
109,3,1986,1966.88
109,3,1987,2025.67
109,3,1988,2132.4
109,3,1989,2175.91
109,3,1990,2227.72
109,3,1991,2283.12
109,3,1992,2383.58
109,3,1993,2414.55
109,3,1994,2346.45
109,3,1995,2281.63
109,3,1996,2178.66
109,3,1997,2180.08
109,3,1998,2185.72
109,3,1999,2154.21
109,3,2000,1994.21
109,3,2001,1859.76
109,3,2002,1751.63
109,3,2003,1688.1
109,3,2004,1656.79
109,3,2005,1603.81
109,3,2006,1546.79
109,3,2007,1530.48
109,3,2008,1580.95
109,3,2009,1659.55
109,3,2010,1723.34
109,3,2011,1689.89
109,3,2012,1696.99
109,3,2013,1699.18
109,3,2014,1688.94
109,3,2015,1718.53
109,3,2016,1696.71
109,3,2017,1773.67
109,3,2018,1749.7
109,3,2019,1743.45
109,3,2020,1826.01
109,3,2021,2078.73
109,3,2022,2364.81
109,3,2023,2391.14
110,3,1980,1.7
110,3,1981,1.71
110,3,1982,1.72
110,3,1983,1.75
110,3,1984,1.8
110,3,1985,1.86
110,3,1986,1.93
110,3,1987,1.99
110,3,1988,2.06
110,3,1989,2.16
110,3,1990,2.24
110,3,1991,2.29
110,3,1992,2.33
110,3,1993,2.38
110,3,1994,2.41
110,3,1995,2.43
110,3,1996,2.45
110,3,1997,2.44
110,3,1998,2.46
110,3,1999,2.48
110,3,2000,2.47
110,3,2001,2.48
110,3,2002,2.5
110,3,2003,2.5
110,3,2004,2.51
110,3,2005,2.49
110,3,2006,2.5
110,3,2007,2.51
110,3,2008,2.53
110,3,2009,2.54
110,3,2010,2.6
110,3,2011,2.64
110,3,2012,2.66
110,3,2013,2.67
110,3,2014,2.71
110,3,2015,2.74
110,3,2016,2.78
110,3,2017,2.8
110,3,2018,2.81
110,3,2019,2.84
110,3,2020,2.79
110,3,2021,2.85
110,3,2022,3.17
110,3,2023,3.18
111,3,1980,296.8
111,3,1981,309
111,3,1982,320.62
111,3,1983,329.07
111,3,1984,334.98
111,3,1985,341.11
111,3,1986,352.14
111,3,1987,366.28
111,3,1988,374.67
111,3,1989,378.4
111,3,1990,381.06
111,3,1991,380.96
111,3,1992,382.41
111,3,1993,387.85
111,3,1994,395.97
111,3,1995,408.53
111,3,1996,426.58
111,3,1997,447.41
111,3,1998,468.93
111,3,1999,491.36
111,3,2000,511.45
111,3,2001,537.28
111,3,2002,572.47
111,3,2003,599.23
111,3,2004,623.64
111,3,2005,641.48
111,3,2006,660.18
111,3,2007,672.07
111,3,2008,682.3
111,3,2009,686.24
111,3,2010,691.28
111,3,2011,693.45
111,3,2012,711.35
111,3,2013,736.61
111,3,2014,758.78
111,3,2015,776.11
111,3,2016,794.67
111,3,2017,813.62
111,3,2018,833.63
111,3,2019,845.68
111,3,2020,857.02
111,3,2021,874.33
111,3,2022,879.51
111,3,2023,898.96
112,3,1980,2.83
112,3,1981,2.88
112,3,1982,2.91
112,3,1983,2.92
112,3,1984,2.97
112,3,1985,2.97
112,3,1986,3.08
112,3,1987,3.25
112,3,1988,3.35
112,3,1989,3.36
112,3,1990,3.4
112,3,1991,3.29
112,3,1992,3.37
112,3,1993,3.42
112,3,1994,3.34
112,3,1995,3.27
112,3,1996,3.29
112,3,1997,3.37
112,3,1998,3.47
112,3,1999,3.61
112,3,2000,3.69
112,3,2001,3.73
112,3,2002,3.74
112,3,2003,3.95
112,3,2004,3.94
112,3,2005,3.8
112,3,2006,3.68
112,3,2007,3.63
112,3,2008,3.8
112,3,2009,3.71
112,3,2010,3.74
112,3,2011,3.82
112,3,2012,3.84
112,3,2013,3.84
112,3,2014,3.83
112,3,2015,3.78
112,3,2016,3.71
112,3,2017,3.83
112,3,2018,3.89
112,3,2019,3.84
112,3,2020,3.92
112,3,2021,3.93
112,3,2022,4.31
112,3,2023,4.44
113,3,1980,101.61
113,3,1981,104.25
113,3,1982,103.25
113,3,1983,103.04
113,3,1984,105.32
113,3,1985,105.07
113,3,1986,113.52
113,3,1987,134.49
113,3,1988,137.57
113,3,1989,152.45
113,3,1990,161.25
113,3,1991,162.53
113,3,1992,156.71
113,3,1993,160.44
113,3,1994,155.73
113,3,1995,158.06
113,3,1996,164.02
113,3,1997,166.82
113,3,1998,207.03
113,3,1999,229.95
113,3,2000,245.5
113,3,2001,232.4
113,3,2002,218.67
113,3,2003,216.59
113,3,2004,216.27
113,3,2005,198.23
113,3,2006,202.38
113,3,2007,201.1
113,3,2008,199.18
113,3,2009,204.82
113,3,2010,216.75
113,3,2011,213.37
113,3,2012,219.83
113,3,2013,224.43
113,3,2014,229.03
113,3,2015,225.92
113,3,2016,222.67
113,3,2017,223.88
113,3,2018,205.52
113,3,2019,198.22
113,3,2020,166.19
113,3,2021,180
113,3,2022,200.35
113,3,2023,207.04
114,3,1980,239.22
114,3,1981,244.36
114,3,1982,249.21
114,3,1983,255.68
114,3,1984,257.55
114,3,1985,285.12
114,3,1986,292.96
114,3,1987,300.11
114,3,1988,307.77
114,3,1989,310.5
114,3,1990,330.79
114,3,1991,324.92
114,3,1992,340.18
114,3,1993,348.94
114,3,1994,348.58
114,3,1995,359.76
114,3,1996,361.54
114,3,1997,375.99
114,3,1998,360.27
114,3,1999,377.56
114,3,2000,383.06
114,3,2001,394.8
114,3,2002,400.27
114,3,2003,409.79
114,3,2004,423
114,3,2005,426.91
114,3,2006,432.58
114,3,2007,445.74
114,3,2008,450.92
114,3,2009,455.03
114,3,2010,459.91
114,3,2011,475.12
114,3,2012,493.41
114,3,2013,511.25
114,3,2014,529.31
114,3,2015,541.08
114,3,2016,549.62
114,3,2017,564.2
114,3,2018,585.7
114,3,2019,605.85
114,3,2020,651.63
114,3,2021,677.64
114,3,2022,676.21
114,3,2023,681.39
115,3,1980,17.1
115,3,1981,17.75
115,3,1982,16.71
115,3,1983,19.67
115,3,1984,19.72
115,3,1985,19.63
115,3,1986,18.9
115,3,1987,20.18
115,3,1988,18.43
115,3,1989,17.96
115,3,1990,17.97
115,3,1991,17.52
115,3,1992,18.51
115,3,1993,19.27
115,3,1994,19.97
115,3,1995,21.41
115,3,1996,24.67
115,3,1997,26.9
115,3,1998,28.43
115,3,1999,30.21
115,3,2000,29.66
115,3,2001,29.85
115,3,2002,28.16
115,3,2003,26.25
115,3,2004,24.88
115,3,2005,24.28
115,3,2006,22.64
115,3,2007,23.29
115,3,2008,22.16
115,3,2009,28.38
115,3,2010,29.83
115,3,2011,35.86
115,3,2012,36.01
115,3,2013,38.34
115,3,2014,42.73
115,3,2015,45.42
115,3,2016,48.23
115,3,2017,50.26
115,3,2018,51.79
115,3,2019,53.46
115,3,2020,53.52
115,3,2021,51.96
115,3,2022,51.76
115,3,2023,49.93
116,3,1980,6.66
116,3,1981,6.73
116,3,1982,7.22
116,3,1983,7.83
116,3,1984,7.77
116,3,1985,7.39
116,3,1986,7.47
116,3,1987,7.89
116,3,1988,8.01
116,3,1989,8.3
116,3,1990,8.52
116,3,1991,8.71
116,3,1992,9.1
116,3,1993,9.15
116,3,1994,8.9
116,3,1995,9.13
116,3,1996,9.16
116,3,1997,9.39
116,3,1998,9.69
116,3,1999,10.05
116,3,2000,9.89
116,3,2001,10.03
116,3,2002,9.99
116,3,2003,10.2
116,3,2004,10.3
116,3,2005,9.83
116,3,2006,9.67
116,3,2007,9.86
116,3,2008,10.02
116,3,2009,10.53
116,3,2010,10.75
116,3,2011,11.05
116,3,2012,11.07
116,3,2013,11.3
116,3,2014,11.54
116,3,2015,11.53
116,3,2016,11.34
116,3,2017,11.54
116,3,2018,11.38
116,3,2019,11.23
116,3,2020,11.33
116,3,2021,10.59
116,3,2022,11.3
116,3,2023,11.57
117,3,1980,3.42
117,3,1981,3.52
117,3,1982,3.64
117,3,1983,3.72
117,3,1984,3.68
117,3,1985,3.72
117,3,1986,3.79
117,3,1987,4
117,3,1988,4.28
117,3,1989,4.74
117,3,1990,5.07
117,3,1991,5.19
117,3,1992,5.27
117,3,1993,5.24
117,3,1994,5.33
117,3,1995,5.43
117,3,1996,5.45
117,3,1997,5.46
117,3,1998,5.78
117,3,1999,5.91
117,3,2000,5.79
117,3,2001,5.88
117,3,2002,5.8
117,3,2003,5.84
117,3,2004,5.87
117,3,2005,5.65
117,3,2006,5.61
117,3,2007,5.72
117,3,2008,5.7
117,3,2009,5.79
117,3,2010,6.07
117,3,2011,6.17
117,3,2012,6.39
117,3,2013,6.32
117,3,2014,6.34
117,3,2015,6.35
117,3,2016,6.24
117,3,2017,6.46
117,3,2018,6.53
117,3,2019,6.18
117,3,2020,6.1
117,3,2021,5.91
117,3,2022,5.71
117,3,2023,5.66
118,3,1980,67.61
118,3,1981,64.69
118,3,1982,66.54
118,3,1983,67.73
118,3,1984,69.35
118,3,1985,68.76
118,3,1986,66.89
118,3,1987,66.31
118,3,1988,69.07
118,3,1989,74.25
118,3,1990,76.8
118,3,1991,79.4
118,3,1992,82.52
118,3,1993,88.51
118,3,1994,87.1
118,3,1995,80.51
118,3,1996,81.09
118,3,1997,84.23
118,3,1998,90.03
118,3,1999,95.08
118,3,2000,93.59
118,3,2001,95.12
118,3,2002,102.24
118,3,2003,108.68
118,3,2004,113.66
118,3,2005,116.37
118,3,2006,120.8
118,3,2007,125.51
118,3,2008,129.12
118,3,2009,131.17
118,3,2010,135.07
118,3,2011,136.81
118,3,2012,136.58
118,3,2013,138.35
118,3,2014,139.66
118,3,2015,143.54
118,3,2016,145.95
118,3,2017,145.38
118,3,2018,148.21
118,3,2019,153.27
118,3,2020,155.66
118,3,2021,143.31
118,3,2022,163.42
118,3,2023,170.35
119,3,1980,117.99
119,3,1981,118.38
119,3,1982,125.53
119,3,1983,127.68
119,3,1984,124.08
119,3,1985,120.75
119,3,1986,136.75
119,3,1987,148.48
119,3,1988,164.71
119,3,1989,177.63
119,3,1990,181.88
119,3,1991,174.08
119,3,1992,179.17
119,3,1993,181.76
119,3,1994,175.15
119,3,1995,176.06
119,3,1996,172.47
119,3,1997,174.73
119,3,1998,182.99
119,3,1999,180.46
119,3,2000,179.02
119,3,2001,181.57
119,3,2002,177.87
119,3,2003,174.33
119,3,2004,178.84
119,3,2005,167.47
119,3,2006,165.71
119,3,2007,167.59
119,3,2008,183.49
119,3,2009,176.46
119,3,2010,176.19
119,3,2011,171.82
119,3,2012,168.29
119,3,2013,173.22
119,3,2014,176.47
119,3,2015,179.3
119,3,2016,188.88
119,3,2017,192.2
119,3,2018,195.32
119,3,2019,198.03
119,3,2020,200.1
119,3,2021,193.17
119,3,2022,197.7
119,3,2023,208.9
121,3,1980,246.27
121,3,1981,251.42
121,3,1982,257.06
121,3,1983,263.65
121,3,1984,266.25
121,3,1985,271.08
121,3,1986,275.56
121,3,1987,282.08
121,3,1988,291.13
121,3,1989,297.35
121,3,1990,305.48
121,3,1991,315.9
121,3,1992,327.51
121,3,1993,343.09
121,3,1994,358.28
121,3,1995,377.06
121,3,1996,392.11
121,3,1997,410.51
121,3,1998,427.86
121,3,1999,445.5
121,3,2000,462.75
121,3,2001,478.23
121,3,2002,495.17
121,3,2003,506.1
121,3,2004,518.16
121,3,2005,530.84
121,3,2006,541.88
121,3,2007,555.47
121,3,2008,567.11
121,3,2009,578.84
121,3,2010,590.17
121,3,2011,602.62
121,3,2012,613.24
121,3,2013,625.31
121,3,2014,630.4
121,3,2015,636.27
121,3,2016,642.37
121,3,2017,649.4
121,3,2018,661.01
121,3,2019,668.35
121,3,2020,661.43
121,3,2021,684.28
121,3,2022,757.99
121,3,2023,768.72
122,3,1980,285.25
122,3,1981,340.75
122,3,1982,376.6
122,3,1983,384.71
122,3,1984,390.51
122,3,1985,402.61
122,3,1986,396.7
122,3,1987,411.18
122,3,1988,446.03
122,3,1989,457.34
122,3,1990,489.4
122,3,1991,545.39
122,3,1992,595.43
122,3,1993,648.37
122,3,1994,708.34
122,3,1995,757.02
122,3,1996,901.03
122,3,1997,939.61
122,3,1998,935.65
122,3,1999,1013.31
122,3,2000,1002.1
122,3,2001,1040.79
122,3,2002,1030.89
122,3,2003,1095.05
122,3,2004,1183.13
122,3,2005,1302.31
122,3,2006,1320.9
122,3,2007,1351.6
122,3,2008,1334.29
122,3,2009,1349.3
122,3,2010,1331.51
122,3,2011,1334.59
122,3,2012,1305.63
122,3,2013,1178.83
122,3,2014,1211.92
122,3,2015,1271.36
122,3,2016,1342.61
122,3,2017,1339.54
122,3,2018,1317.13
122,3,2019,1362.83
122,3,2020,1375.85
122,3,2021,1476.83
122,3,2022,1490.7
122,3,2023,1533.97
123,3,1980,310.99
123,3,1981,336.06
123,3,1982,340.32
123,3,1983,364.47
123,3,1984,385.22
123,3,1985,420.29
123,3,1986,436.7
123,3,1987,436.28
123,3,1988,456.76
123,3,1989,474.32
123,3,1990,503.38
123,3,1991,512.8
123,3,1992,566.06
123,3,1993,608.13
123,3,1994,651.49
123,3,1995,683.96
123,3,1996,725.55
123,3,1997,760.51
123,3,1998,776.4
123,3,1999,783.05
123,3,2000,777.04
123,3,2001,753.41
123,3,2002,753.92
123,3,2003,765.67
123,3,2004,769.56
123,3,2005,769.19
123,3,2006,765.38
123,3,2007,765.09
123,3,2008,772.07
123,3,2009,795.71
123,3,2010,803.57
123,3,2011,804.18
123,3,2012,791.35
123,3,2013,770.25
123,3,2014,753.61
123,3,2015,752.28
123,3,2016,777.01
123,3,2017,844.9
123,3,2018,916
123,3,2019,1000.79
123,3,2020,939.81
123,3,2021,1029.99
123,3,2022,1209.44
123,3,2023,1467.81
125,3,1980,1120.21
125,3,1981,1225.21
125,3,1982,1258.68
125,3,1983,1223.83
125,3,1984,1311.9
125,3,1985,1496.78
125,3,1986,1499.74
125,3,1987,1518.18
125,3,1988,1464.85
125,3,1989,1369.43
125,3,1990,1242.16
125,3,1991,1263.17
125,3,1992,1272.75
125,3,1993,1340.18
125,3,1994,1563.29
125,3,1995,1917.15
125,3,1996,2070.74
125,3,1997,2084.36
125,3,1998,2157.49
125,3,1999,2283.98
125,3,2000,2361.39
125,3,2001,2365.02
125,3,2002,2332.51
125,3,2003,2439.84
125,3,2004,2493.41
125,3,2005,2434.53
125,3,2006,2478.27
125,3,2007,2476.5
125,3,2008,2589.01
125,3,2009,2556.99
125,3,2010,2517.15
125,3,2011,2486.05
125,3,2012,2498.91
125,3,2013,2449.43
125,3,2014,2505.12
125,3,2015,2649.05
125,3,2016,2808.77
125,3,2017,3036.61
125,3,2018,3191.47
125,3,2019,3240.41
125,3,2020,3229.03
125,3,2021,3558.87
125,3,2022,3613.08
125,3,2023,3650.38
126,3,1980,108.12
126,3,1981,106.33
126,3,1982,105.71
126,3,1983,116.47
126,3,1984,114.54
126,3,1985,124.32
126,3,1986,130.77
126,3,1987,131.46
126,3,1988,143.81
126,3,1989,157.79
126,3,1990,160.32
126,3,1991,156.1
126,3,1992,165.4
126,3,1993,174.79
126,3,1994,190.02
126,3,1995,220.7
126,3,1996,235.84
126,3,1997,242.88
126,3,1998,257.37
126,3,1999,271.37
126,3,2000,273.39
126,3,2001,273.26
126,3,2002,297.39
126,3,2003,318.23
126,3,2004,330.59
126,3,2005,316.03
126,3,2006,333.24
126,3,2007,307.9
126,3,2008,306.38
126,3,2009,310.6
126,3,2010,326.51
126,3,2011,334.99
126,3,2012,338.92
126,3,2013,350.88
126,3,2014,343.2
126,3,2015,358.92
126,3,2016,372.79
126,3,2017,377.03
126,3,2018,408.04
126,3,2019,423.35
126,3,2020,430.99
126,3,2021,463.62
126,3,2022,499.74
126,3,2023,484.93
127,3,1980,691.72
127,3,1981,795.37
127,3,1982,719.77
127,3,1983,669.61
127,3,1984,596.96
127,3,1985,549.89
127,3,1986,531.75
127,3,1987,544.24
127,3,1988,558.84
127,3,1989,555.47
127,3,1990,552.98
127,3,1991,540.55
127,3,1992,536.73
127,3,1993,541.64
127,3,1994,551.08
127,3,1995,549.95
127,3,1996,543.94
127,3,1997,550.11
127,3,1998,559.21
127,3,1999,545.5
127,3,2000,545.26
127,3,2001,542.42
127,3,2002,532.63
127,3,2003,544.59
127,3,2004,556.96
127,3,2005,564.72
127,3,2006,571.34
127,3,2007,571.81
127,3,2008,568.16
127,3,2009,574.01
127,3,2010,555.65
127,3,2011,553.64
127,3,2012,532.77
127,3,2013,540.59
127,3,2014,570.45
127,3,2015,614.76
127,3,2016,598.68
127,3,2017,579.61
127,3,2018,560.67
127,3,2019,553.7
127,3,2020,540.46
127,3,2021,525.47
127,3,2022,542.79
127,3,2023,547.77
128,3,1980,156.03
128,3,1981,195.09
128,3,1982,210.43
128,3,1983,240.42
128,3,1984,245.53
128,3,1985,286.39
128,3,1986,310.33
128,3,1987,318.66
128,3,1988,328.23
128,3,1989,351.28
128,3,1990,404.75
128,3,1991,444.61
128,3,1992,476.81
128,3,1993,491.03
128,3,1994,514.45
128,3,1995,537.77
128,3,1996,505.43
128,3,1997,499.41
128,3,1998,533.05
128,3,1999,637.25
128,3,2000,940.68
128,3,2001,1023.65
128,3,2002,1017.36
128,3,2003,1020.62
128,3,2004,1060.31
128,3,2005,944.84
128,3,2006,991.49
128,3,2007,941.38
128,3,2008,895.18
128,3,2009,764.11
128,3,2010,726.57
128,3,2011,579.33
128,3,2012,555.03
128,3,2013,571.76
128,3,2014,602.72
128,3,2015,627.51
128,3,2016,660.54
128,3,2017,674.62
128,3,2018,714.48
128,3,2019,724.15
128,3,2020,737.69
128,3,2021,831.43
128,3,2022,808.3
128,3,2023,834.46
129,3,1980,133.87
129,3,1981,140.37
129,3,1982,144.63
129,3,1983,149.05
129,3,1984,154.74
129,3,1985,160.16
129,3,1986,165.42
129,3,1987,167.83
129,3,1988,175.1
129,3,1989,181.14
129,3,1990,189.49
129,3,1991,196.09
129,3,1992,203.83
129,3,1993,210.06
129,3,1994,215.39
129,3,1995,222.18
129,3,1996,229.35
129,3,1997,235.37
129,3,1998,244.43
129,3,1999,250.2
129,3,2000,257.37
129,3,2001,267.04
129,3,2002,277.12
129,3,2003,288.9
129,3,2004,297.2
129,3,2005,303.73
129,3,2006,308.02
129,3,2007,311.7
129,3,2008,316.1
129,3,2009,317.97
129,3,2010,322.52
129,3,2011,328.83
129,3,2012,330.57
129,3,2013,338.35
129,3,2014,348.71
129,3,2015,356.96
129,3,2016,365.04
129,3,2017,372.77
129,3,2018,379.86
129,3,2019,388.71
129,3,2020,361.17
129,3,2021,336.57
129,3,2022,393.83
129,3,2023,395.43
130,3,1980,1727.71
130,3,1981,1488.58
130,3,1982,1414.53
130,3,1983,1335.55
130,3,1984,1430.96
130,3,1985,1903.46
130,3,1986,2129.41
130,3,1987,2198.61
130,3,1988,2296.17
130,3,1989,2458.91
130,3,1990,2644.09
130,3,1991,2825.17
130,3,1992,3015.84
130,3,1993,3151.88
130,3,1994,3397.18
130,3,1995,3673.27
130,3,1996,3890.7
130,3,1997,4105.21
130,3,1998,4109.28
130,3,1999,4088.47
130,3,2000,4094.08
130,3,2001,4262.39
130,3,2002,4451.99
130,3,2003,4612.82
130,3,2004,4747.89
130,3,2005,4896.06
130,3,2006,4902.03
130,3,2007,4953.87
130,3,2008,5357.77
130,3,2009,5727.06
130,3,2010,6017
130,3,2011,6544.95
130,3,2012,6455.11
130,3,2013,6630.95
130,3,2014,6918.78
130,3,2015,7067.55
130,3,2016,7305.9
130,3,2017,7667.64
130,3,2018,8012.14
130,3,2019,8438.59
130,3,2020,8970.06
130,3,2021,9419.68
130,3,2022,9678.34
130,3,2023,9701.05
131,3,1980,190.83
131,3,1981,198.92
131,3,1982,207.9
131,3,1983,217.9
131,3,1984,229.96
131,3,1985,237.57
131,3,1986,246.27
131,3,1987,253.25
131,3,1988,233.49
131,3,1989,221.61
131,3,1990,223.75
131,3,1991,240.93
131,3,1992,251.79
131,3,1993,268.47
131,3,1994,291.15
131,3,1995,322.76
131,3,1996,352.09
131,3,1997,377.69
131,3,1998,408.3
131,3,1999,425.82
131,3,2000,442.05
131,3,2001,451.44
131,3,2002,465.14
131,3,2003,475.74
131,3,2004,482.05
131,3,2005,487.98
131,3,2006,480.24
131,3,2007,489.32
131,3,2008,500.34
131,3,2009,502.58
131,3,2010,498.57
131,3,2011,505.16
131,3,2012,512.27
131,3,2013,519.93
131,3,2014,530.38
131,3,2015,527.83
131,3,2016,543.8
131,3,2017,550.29
131,3,2018,561.04
131,3,2019,566.79
131,3,2020,594.93
131,3,2021,598.96
131,3,2022,590.76
131,3,2023,588.01
132,3,1980,54.55
132,3,1981,54.91
132,3,1982,54.31
132,3,1983,54.07
132,3,1984,54.7
132,3,1985,65.36
132,3,1986,74.75
132,3,1987,78.04
132,3,1988,83.37
132,3,1989,92.08
132,3,1990,92.05
132,3,1991,96.05
132,3,1992,105.39
132,3,1993,125.19
132,3,1994,133.8
132,3,1995,141.02
132,3,1996,140.54
132,3,1997,147.73
132,3,1998,155.67
132,3,1999,157.23
132,3,2000,158.22
132,3,2001,165.23
132,3,2002,166.83
132,3,2003,180.22
132,3,2004,183.45
132,3,2005,181.54
132,3,2006,189.67
132,3,2007,185.49
132,3,2008,191.8
132,3,2009,191.57
132,3,2010,187.99
132,3,2011,188.09
132,3,2012,190.18
132,3,2013,190.29
132,3,2014,196.98
132,3,2015,196.81
132,3,2016,196.54
132,3,2017,202.93
132,3,2018,214.14
132,3,2019,224.88
132,3,2020,242.52
132,3,2021,246.93
132,3,2022,248.6
132,3,2023,254.92
133,3,1980,677.18
133,3,1981,668.02
133,3,1982,683.76
133,3,1983,718.21
133,3,1984,744.83
133,3,1985,779.68
133,3,1986,798.2
133,3,1987,815.37
133,3,1988,888.15
133,3,1989,966.16
133,3,1990,1024.39
133,3,1991,1078.14
133,3,1992,1138.98
133,3,1993,1216.56
133,3,1994,1334.68
133,3,1995,1469.81
133,3,1996,1578.63
133,3,1997,1642.16
133,3,1998,1756.06
133,3,1999,1889.51
133,3,2000,1880.36
133,3,2001,1981.1
133,3,2002,2055.86
133,3,2003,2077.83
133,3,2004,2023.38
133,3,2005,1955.21
133,3,2006,1979
133,3,2007,2015.69
133,3,2008,2082.88
133,3,2009,2144.05
133,3,2010,2171.38
133,3,2011,2220.57
133,3,2012,2277.79
133,3,2013,2260.05
133,3,2014,2255.45
133,3,2015,2383.62
133,3,2016,2600.93
133,3,2017,2608.1
133,3,2018,2513.57
133,3,2019,2197.78
133,3,2020,2139.15
133,3,2021,2124.93
133,3,2022,2056.06
133,3,2023,1918.21
135,3,1980,7713.12
135,3,1981,7526.59
135,3,1982,7388.7
135,3,1983,7887.11
135,3,1984,8083.12
135,3,1985,8180.77
135,3,1986,8432.32
135,3,1987,8527.47
135,3,1988,8567.3
135,3,1989,8376.21
135,3,1990,8053.85
135,3,1991,8340.49
135,3,1992,8689.69
135,3,1993,9167.96
135,3,1994,9448.92
135,3,1995,9546.87
135,3,1996,9456.33
135,3,1997,9489
135,3,1998,9714.87
135,3,1999,9539.54
135,3,2000,9679.92
135,3,2001,10130.76
135,3,2002,10261.74
135,3,2003,10347.61
135,3,2004,10546.04
135,3,2005,10767.91
135,3,2006,10894
135,3,2007,11253.97
135,3,2008,11616.85
135,3,2009,11806.58
135,3,2010,11813.55
135,3,2011,12188.6
135,3,2012,12510.7
135,3,2013,12749.29
135,3,2014,12944.16
135,3,2015,13441.8
135,3,2016,14191.96
135,3,2017,14884.14
135,3,2018,15569.38
135,3,2019,16645.33
135,3,2020,17301.32
135,3,2021,18448.04
135,3,2022,19762.59
135,3,2023,20129.2
136,3,1980,116.74
136,3,1981,115.96
136,3,1982,116.21
136,3,1983,119.9
136,3,1984,122.81
136,3,1985,122.68
136,3,1986,123.67
136,3,1987,126.58
136,3,1988,130.55
136,3,1989,135.8
136,3,1990,145.54
136,3,1991,148.09
136,3,1992,163.66
136,3,1993,178.7
136,3,1994,190.76
136,3,1995,203.66
136,3,1996,215.27
136,3,1997,220.12
136,3,1998,229.74
136,3,1999,244.04
136,3,2000,255.07
136,3,2001,264.62
136,3,2002,279.46
136,3,2003,299.68
136,3,2004,320.56
136,3,2005,328.83
136,3,2006,343.31
136,3,2007,350.59
136,3,2008,365.55
136,3,2009,388.75
136,3,2010,399.33
136,3,2011,404.33
136,3,2012,414.48
136,3,2013,439.7
136,3,2014,457.06
136,3,2015,482.06
136,3,2016,513.69
136,3,2017,513.71
136,3,2018,537.46
136,3,2019,571.91
136,3,2020,583.32
136,3,2021,616.05
136,3,2022,648.64
136,3,2023,642.42
139,3,1980,868.47
139,3,1981,891.82
139,3,1982,901.25
139,3,1983,891.56
139,3,1984,882.5
139,3,1985,861.25
139,3,1986,863.32
139,3,1987,895.26
139,3,1988,936.87
139,3,1989,980.51
139,3,1990,1013.88
139,3,1991,1032.07
139,3,1992,1066.16
139,3,1993,1102.46
139,3,1994,1149.11
139,3,1995,1182.36
139,3,1996,1215.35
139,3,1997,1251.14
139,3,1998,1278.92
139,3,1999,1320.18
139,3,2000,1346.33
139,3,2001,1369.99
139,3,2002,1383.68
139,3,2003,1367.85
139,3,2004,1383.17
139,3,2005,1389.73
139,3,2006,1385.82
139,3,2007,1378.48
139,3,2008,1369.53
139,3,2009,1363.67
139,3,2010,1368.36
139,3,2011,1386.31
139,3,2012,1396.22
139,3,2013,1412.78
139,3,2014,1422.73
139,3,2015,1426.11
139,3,2016,1412.23
139,3,2017,1407.37
139,3,2018,1417.88
139,3,2019,1421.58
139,3,2020,1439.5
139,3,2021,1476.54
139,3,2022,1623.09
139,3,2023,1590.18
140,3,1980,19.59
140,3,1981,20.56
140,3,1982,21.3
140,3,1983,22.14
140,3,1984,22.56
140,3,1985,22.29
140,3,1986,23.01
140,3,1987,24.31
140,3,1988,24.71
140,3,1989,26.14
140,3,1990,28.26
140,3,1991,30.12
140,3,1992,31.85
140,3,1993,33.68
140,3,1994,35.76
140,3,1995,37.28
140,3,1996,38.77
140,3,1997,39.91
140,3,1998,42.59
140,3,1999,47.22
140,3,2000,52.24
140,3,2001,56.97
140,3,2002,59.31
140,3,2003,61.68
140,3,2004,64.5
140,3,2005,65.86
140,3,2006,65.55
140,3,2007,62.49
140,3,2008,61.51
140,3,2009,60.94
140,3,2010,60.01
140,3,2011,59.73
140,3,2012,60.75
140,3,2013,60.6
140,3,2014,61.53
140,3,2015,60.83
140,3,2016,60.9
140,3,2017,62.31
140,3,2018,62.38
140,3,2019,60.59
140,3,2020,57.66
140,3,2021,53.28
140,3,2022,62.67
140,3,2023,63.69
141,3,1980,498.74
141,3,1981,521.28
141,3,1982,536.4
141,3,1983,551.89
141,3,1984,562.9
141,3,1985,619.19
141,3,1986,621.51
141,3,1987,615.3
141,3,1988,611.58
141,3,1989,634.94
141,3,1990,640.44
141,3,1991,631.9
141,3,1992,630.11
141,3,1993,666.23
141,3,1994,700.02
141,3,1995,713.44
141,3,1996,740.25
141,3,1997,759.5
141,3,1998,753.4
141,3,1999,757.18
141,3,2000,749.72
141,3,2001,777.01
141,3,2002,795.82
141,3,2003,804.58
141,3,2004,802.85
141,3,2005,804.09
141,3,2006,817.2
141,3,2007,814.55
141,3,2008,825.26
141,3,2009,848.5
141,3,2010,871.24
141,3,2011,923.26
141,3,2012,973.35
141,3,2013,986.63
141,3,2014,1022.12
141,3,2015,1054.35
141,3,2016,1056
141,3,2017,1041.88
141,3,2018,1040.61
141,3,2019,1050.68
141,3,2020,1053.36
141,3,2021,1085.72
141,3,2022,931.9
141,3,2023,953.5
142,3,1980,1816.25
142,3,1981,1905.89
142,3,1982,2037.44
142,3,1983,2178.37
142,3,1984,2303.64
142,3,1985,2428.81
142,3,1986,2577.73
142,3,1987,2739.8
142,3,1988,2911.52
142,3,1989,3079.58
142,3,1990,3207.55
142,3,1991,3318.44
142,3,1992,3434.75
142,3,1993,3502.85
142,3,1994,3524.27
142,3,1995,3549.04
142,3,1996,3612.84
142,3,1997,3686.29
142,3,1998,3773.61
142,3,1999,3869.09
142,3,2000,3971.09
142,3,2001,4084.6
142,3,2002,4141.18
142,3,2003,4168.79
142,3,2004,4113.79
142,3,2005,4071.24
142,3,2006,4061.97
142,3,2007,4163.82
142,3,2008,4281.31
142,3,2009,4409.46
142,3,2010,4539.18
142,3,2011,4589.81
142,3,2012,4613.2
142,3,2013,4635.74
142,3,2014,4655.18
142,3,2015,4654.52
142,3,2016,4804.56
142,3,2017,4970.87
142,3,2018,4958.41
142,3,2019,4972.83
142,3,2020,3942.24
142,3,2021,4083.63
142,3,2022,4745.35
142,3,2023,4839.92
143,3,1980,464.05
143,3,1981,489.72
143,3,1982,519.8
143,3,1983,551.41
143,3,1984,588.96
143,3,1985,631.32
143,3,1986,671.42
143,3,1987,709.1
143,3,1988,745.5
143,3,1989,795.42
143,3,1990,841.73
143,3,1991,886.32
143,3,1992,923.03
143,3,1993,975.7
143,3,1994,1051.11
143,3,1995,1123.1
143,3,1996,1159.82
143,3,1997,1168.46
143,3,1998,1162.17
143,3,1999,1162.56
143,3,2000,1182.47
143,3,2001,1214.35
143,3,2002,1247.77
143,3,2003,1298.47
143,3,2004,1341.82
143,3,2005,1381.37
143,3,2006,1410.55
143,3,2007,1399.29
143,3,2008,1352.86
143,3,2009,1431.38
143,3,2010,1528.02
143,3,2011,1653.62
143,3,2012,1796.09
143,3,2013,1993.2
143,3,2014,2119.66
143,3,2015,2196.86
143,3,2016,2214.42
143,3,2017,2248.95
143,3,2018,2318.02
143,3,2019,2368.64
143,3,2020,2443.67
143,3,2021,2558.27
143,3,2022,2723.68
143,3,2023,2746.22
144,3,1980,48.63
144,3,1981,50.34
144,3,1982,53.19
144,3,1983,55.07
144,3,1984,57.05
144,3,1985,58.91
144,3,1986,60.73
144,3,1987,62.21
144,3,1988,63.11
144,3,1989,65.12
144,3,1990,66.25
144,3,1991,68.31
144,3,1992,70.31
144,3,1993,73.97
144,3,1994,76.58
144,3,1995,79.35
144,3,1996,81.53
144,3,1997,82.69
144,3,1998,83.87
144,3,1999,86.37
144,3,2000,88.62
144,3,2001,90.03
144,3,2002,91.55
144,3,2003,91.8
144,3,2004,93.15
144,3,2005,90.03
144,3,2006,86.11
144,3,2007,84.82
144,3,2008,84.54
144,3,2009,84.49
144,3,2010,85.91
144,3,2011,90.53
144,3,2012,97.24
144,3,2013,102.12
144,3,2014,110.49
144,3,2015,120.74
144,3,2016,127.16
144,3,2017,130.93
144,3,2018,130.26
144,3,2019,133.1
144,3,2020,123.41
144,3,2021,118.06
144,3,2022,130.65
144,3,2023,137.3
145,3,1980,9.94
145,3,1981,9.01
145,3,1982,7.19
145,3,1983,8.72
145,3,1984,14.31
145,3,1985,18.54
145,3,1986,22.02
145,3,1987,22.57
145,3,1988,21.86
145,3,1989,22.94
145,3,1990,23.75
145,3,1991,23.66
145,3,1992,23.89
145,3,1993,25.75
145,3,1994,27.85
145,3,1995,31.49
145,3,1996,32.58
145,3,1997,30.16
145,3,1998,33.61
145,3,1999,44.64
145,3,2000,49.96
145,3,2001,66.2
145,3,2002,69.67
145,3,2003,67.61
145,3,2004,67.01
145,3,2005,63.6
145,3,2006,54.74
145,3,2007,35.82
145,3,2008,33.72
145,3,2009,37.71
145,3,2010,39.67
145,3,2011,40.19
145,3,2012,46.98
145,3,2013,49.24
145,3,2014,55.44
145,3,2015,73.67
145,3,2016,84.36
145,3,2017,102.08
145,3,2018,106.26
145,3,2019,118.06
145,3,2020,119.89
145,3,2021,116.16
145,3,2022,122.47
145,3,2023,122.63
146,3,1980,41.86
146,3,1981,42.81
146,3,1982,43.16
146,3,1983,44.13
146,3,1984,44.18
146,3,1985,44.51
146,3,1986,45.06
146,3,1987,46.16
146,3,1988,47.4
146,3,1989,48.65
146,3,1990,48.44
146,3,1991,47.95
146,3,1992,49.16
146,3,1993,50.46
146,3,1994,50.58
146,3,1995,50.6
146,3,1996,50.9
146,3,1997,51.59
146,3,1998,51.99
146,3,1999,51.87
146,3,2000,52.02
146,3,2001,52.06
146,3,2002,51.55
146,3,2003,49.94
146,3,2004,49.07
146,3,2005,49.32
146,3,2006,49.42
146,3,2007,49.97
146,3,2008,50.93
146,3,2009,51.95
146,3,2010,52.97
146,3,2011,55.43
146,3,2012,56.96
146,3,2013,59.38
146,3,2014,66.39
146,3,2015,73.48
146,3,2016,73.24
146,3,2017,70.08
146,3,2018,70.68
146,3,2019,77.4
146,3,2020,80.49
146,3,2021,63.78
146,3,2022,73.09
146,3,2023,73.54
147,3,1980,96.53
147,3,1981,103.74
147,3,1982,110.9
147,3,1983,118.18
147,3,1984,124.82
147,3,1985,129.7
147,3,1986,133.37
147,3,1987,137.12
147,3,1988,141.43
147,3,1989,146.9
147,3,1990,152.08
147,3,1991,156.92
147,3,1992,162.04
147,3,1993,167.45
147,3,1994,172.7
147,3,1995,178.27
147,3,1996,182.16
147,3,1997,193.79
147,3,1998,201.93
147,3,1999,210.33
147,3,2000,222.08
147,3,2001,235.31
147,3,2002,248.34
147,3,2003,258.03
147,3,2004,258.67
147,3,2005,261.49
147,3,2006,252
147,3,2007,266.51
147,3,2008,291.57
147,3,2009,307.21
147,3,2010,322.08
147,3,2011,335.62
147,3,2012,332.02
147,3,2013,330.51
147,3,2014,335.44
147,3,2015,329.2
147,3,2016,329.59
147,3,2017,332.85
147,3,2018,330.02
147,3,2019,332.81
147,3,2020,304.49
147,3,2021,288.18
147,3,2022,325.76
147,3,2023,329.56
148,3,1980,807.24
148,3,1981,834.81
148,3,1982,838.39
148,3,1983,858.14
148,3,1984,871.54
148,3,1985,890.92
148,3,1986,915.82
148,3,1987,942.14
148,3,1988,970.26
148,3,1989,1004.18
148,3,1990,1022.72
148,3,1991,1063.65
148,3,1992,1103.02
148,3,1993,1149.62
148,3,1994,1175.9
148,3,1995,1198.94
148,3,1996,1214.84
148,3,1997,1238.14
148,3,1998,1248.11
148,3,1999,1269.05
148,3,2000,1277.22
148,3,2001,1298.96
148,3,2002,1309.75
148,3,2003,1326.31
148,3,2004,1339.63
148,3,2005,1348.1
148,3,2006,1355.88
148,3,2007,1366.46
148,3,2008,1377.5
148,3,2009,1388.19
148,3,2010,1397.3
148,3,2011,1410.89
148,3,2012,1427.71
148,3,2013,1477.09
148,3,2014,1488.08
148,3,2015,1569.4
148,3,2016,1583.02
148,3,2017,1574.65
148,3,2018,1591.4
148,3,2019,1562.4
148,3,2020,1559.06
148,3,2021,1507.75
148,3,2022,1456.94
148,3,2023,1412.48
149,3,1980,10.1
149,3,1981,10.33
149,3,1982,10.51
149,3,1983,10.82
149,3,1984,11.2
149,3,1985,11.59
149,3,1986,11.97
149,3,1987,12.39
149,3,1988,12.91
149,3,1989,13.48
149,3,1990,14.02
149,3,1991,14.62
149,3,1992,15.31
149,3,1993,16
149,3,1994,16.73
149,3,1995,17.46
149,3,1996,18.71
149,3,1997,20.82
149,3,1998,23.42
149,3,1999,26.09
149,3,2000,27.97
149,3,2001,29.28
149,3,2002,30.35
149,3,2003,31.76
149,3,2004,32.65
149,3,2005,33.01
149,3,2006,33.11
149,3,2007,33.09
149,3,2008,32.92
149,3,2009,32.59
149,3,2010,32.11
149,3,2011,33.66
149,3,2012,35.21
149,3,2013,37.01
149,3,2014,39.02
149,3,2015,38.2
149,3,2016,38.42
149,3,2017,39.3
149,3,2018,39.33
149,3,2019,38.81
149,3,2020,36.86
149,3,2021,35.97
149,3,2022,41.42
149,3,2023,41.43
150,3,1980,15.61
150,3,1981,16.06
150,3,1982,16.71
150,3,1983,17.23
150,3,1984,17.78
150,3,1985,18.38
150,3,1986,19.04
150,3,1987,19.89
150,3,1988,20.86
150,3,1989,21.98
150,3,1990,22.9
150,3,1991,22.82
150,3,1992,23.78
150,3,1993,24.5
150,3,1994,26.1
150,3,1995,26.89
150,3,1996,27.26
150,3,1997,27.55
150,3,1998,27.98
150,3,1999,28.44
150,3,2000,28.85
150,3,2001,29.24
150,3,2002,29.55
150,3,2003,29.93
150,3,2004,30.24
150,3,2005,30.22
150,3,2006,31.22
150,3,2007,29.32
150,3,2008,30.86
150,3,2009,31.88
150,3,2010,33.99
150,3,2011,36.61
150,3,2012,40.07
150,3,2013,43.15
150,3,2014,46.15
150,3,2015,48.89
150,3,2016,52.59
150,3,2017,53.33
150,3,2018,52.76
150,3,2019,52.99
150,3,2020,48.68
150,3,2021,47.2
150,3,2022,62.2
150,3,2023,65.47
151,3,1980,16.92
151,3,1981,18.03
151,3,1982,19.09
151,3,1983,19.91
151,3,1984,19.14
151,3,1985,19
151,3,1986,19.51
151,3,1987,20.07
151,3,1988,20.37
151,3,1989,20.63
151,3,1990,20.89
151,3,1991,21.44
151,3,1992,22.15
151,3,1993,22.83
151,3,1994,24.55
151,3,1995,26.02
151,3,1996,27.18
151,3,1997,27.79
151,3,1998,28.81
151,3,1999,30.31
151,3,2000,32.17
151,3,2001,35.2
151,3,2002,36.66
151,3,2003,38.07
151,3,2004,42.12
151,3,2005,46.94
151,3,2006,51.67
151,3,2007,56.16
151,3,2008,61.92
151,3,2009,68.64
151,3,2010,73.93
151,3,2011,76.5
151,3,2012,78.84
151,3,2013,82.43
151,3,2014,86.54
151,3,2015,89.03
151,3,2016,92.68
151,3,2017,94.23
151,3,2018,89.66
151,3,2019,87.45
151,3,2020,85.21
151,3,2021,87.01
151,3,2022,92.93
151,3,2023,90.96
152,3,1980,464.38
152,3,1981,491.58
152,3,1982,522.48
152,3,1983,554.78
152,3,1984,592.22
152,3,1985,632.34
152,3,1986,678.76
152,3,1987,726.96
152,3,1988,800.49
152,3,1989,880.56
152,3,1990,942.91
152,3,1991,1005.96
152,3,1992,1070.8
152,3,1993,1130.99
152,3,1994,1188.21
152,3,1995,1234.74
152,3,1996,1281.96
152,3,1997,1326.41
152,3,1998,1375.56
152,3,1999,1433.62
152,3,2000,1509.09
152,3,2001,1605.48
152,3,2002,1698.97
152,3,2003,1757.43
152,3,2004,1795.79
152,3,2005,1834.37
152,3,2006,1865.1
152,3,2007,1877.8
152,3,2008,1905.73
152,3,2009,1928.96
152,3,2010,1949.12
152,3,2011,1932.58
152,3,2012,1907.04
152,3,2013,1878.98
152,3,2014,1850.41
152,3,2015,1746.19
152,3,2016,1650.86
152,3,2017,1556.87
152,3,2018,1448.8
152,3,2019,1354.39
152,3,2020,1194.75
152,3,2021,1116.59
152,3,2022,1146.64
152,3,2023,1181.35
153,3,1980,110.23
153,3,1981,113.44
153,3,1982,116.05
153,3,1983,121.21
153,3,1984,120.15
153,3,1985,128.78
153,3,1986,134.87
153,3,1987,140.75
153,3,1988,147.05
153,3,1989,154.92
153,3,1990,162.77
153,3,1991,169.53
153,3,1992,178.94
153,3,1993,181.71
153,3,1994,187.81
153,3,1995,193.32
153,3,1996,198.86
153,3,1997,204.17
153,3,1998,211.84
153,3,1999,218.75
153,3,2000,221.84
153,3,2001,218.83
153,3,2002,219.36
153,3,2003,209.47
153,3,2004,206.76
153,3,2005,201.31
153,3,2006,195.7
153,3,2007,189.7
153,3,2008,194.65
153,3,2009,194.81
153,3,2010,198.57
153,3,2011,207.28
153,3,2012,210.76
153,3,2013,209.34
153,3,2014,198.8
153,3,2015,185.68
153,3,2016,178.84
153,3,2017,176.04
153,3,2018,172.29
153,3,2019,172.07
153,3,2020,158.93
153,3,2021,151.93
153,3,2022,167.15
153,3,2023,167.77
154,3,1980,195.3
154,3,1981,200.13
154,3,1982,203.14
154,3,1983,205.34
154,3,1984,206.92
154,3,1985,207.94
154,3,1986,212.72
154,3,1987,217.11
154,3,1988,222.92
154,3,1989,231.31
154,3,1990,240.25
154,3,1991,249.88
154,3,1992,257.52
154,3,1993,264.43
154,3,1994,268.58
154,3,1995,278.76
154,3,1996,284.53
154,3,1997,291.64
154,3,1998,300.19
154,3,1999,307.87
154,3,2000,316.03
154,3,2001,322.99
154,3,2002,327.61
154,3,2003,322.06
154,3,2004,317.96
154,3,2005,316.07
154,3,2006,314.41
154,3,2007,312.22
154,3,2008,309.9
154,3,2009,308.28
154,3,2010,307.22
154,3,2011,307.39
154,3,2012,307.63
154,3,2013,307.61
154,3,2014,306.4
154,3,2015,304.81
154,3,2016,300.31
154,3,2017,298.72
154,3,2018,298.12
154,3,2019,298.86
154,3,2020,254.7
154,3,2021,224.9
154,3,2022,277.23
154,3,2023,292.28
155,3,1980,1138.5
155,3,1981,1148.87
155,3,1982,1162.61
155,3,1983,1198.83
155,3,1984,1265.5
155,3,1985,1313.46
155,3,1986,1366.06
155,3,1987,1400.7
155,3,1988,1436.95
155,3,1989,1493.63
155,3,1990,1539.38
155,3,1991,1584.46
155,3,1992,1632.24
155,3,1993,1678.02
155,3,1994,1719.64
155,3,1995,1734.63
155,3,1996,1711.42
155,3,1997,1679.01
155,3,1998,1642.38
155,3,1999,1606.84
155,3,2000,1549.91
155,3,2001,1510.68
155,3,2002,1473.09
155,3,2003,1577.82
155,3,2004,1603.03
155,3,2005,1633.13
155,3,2006,1674.7
155,3,2007,1666.92
155,3,2008,1634.44
155,3,2009,1651.97
155,3,2010,1679.43
155,3,2011,1757.43
155,3,2012,1881.68
155,3,2013,2064.25
155,3,2014,2281.94
155,3,2015,2500.78
155,3,2016,2775.11
155,3,2017,3079.03
155,3,2018,3324.7
155,3,2019,3493.52
155,3,2020,3486.15
155,3,2021,3542.42
155,3,2022,3886.23
155,3,2023,3825.55
156,3,1980,40.42
156,3,1981,43.2
156,3,1982,45.93
156,3,1983,48.37
156,3,1984,51.83
156,3,1985,57.16
156,3,1986,61.51
156,3,1987,66
156,3,1988,69.78
156,3,1989,74.38
156,3,1990,79.48
156,3,1991,85.98
156,3,1992,93.38
156,3,1993,101.59
156,3,1994,109.46
156,3,1995,116.47
156,3,1996,121.99
156,3,1997,125.37
156,3,1998,129.55
156,3,1999,134.56
156,3,2000,137.93
156,3,2001,139.04
156,3,2002,143.39
156,3,2003,148.5
156,3,2004,154.74
156,3,2005,163.21
156,3,2006,166.65
156,3,2007,174.88
156,3,2008,189.8
156,3,2009,219.62
156,3,2010,246.84
156,3,2011,255.5
156,3,2012,258.09
156,3,2013,289.6
156,3,2014,293.81
156,3,2015,290.11
156,3,2016,290.27
156,3,2017,279.41
156,3,2018,266.11
156,3,2019,261.31
156,3,2020,243.75
156,3,2021,228.49
156,3,2022,246.56
156,3,2023,257.81
157,3,1980,297.62
157,3,1981,300.65
157,3,1982,304.55
157,3,1983,312.18
157,3,1984,319.68
157,3,1985,325.25
157,3,1986,332.98
157,3,1987,340.14
157,3,1988,348.36
157,3,1989,362.83
157,3,1990,378.19
157,3,1991,395.93
157,3,1992,413.92
157,3,1993,433.6
157,3,1994,451.49
157,3,1995,467.3
157,3,1996,484.61
157,3,1997,503.31
157,3,1998,520.89
157,3,1999,542.67
157,3,2000,567.11
157,3,2001,586.13
157,3,2002,613.25
157,3,2003,633.18
157,3,2004,665.64
157,3,2005,688.38
157,3,2006,708.78
157,3,2007,730.18
157,3,2008,773.03
157,3,2009,778.19
157,3,2010,761.16
157,3,2011,779.78
157,3,2012,787.92
157,3,2013,820.43
157,3,2014,845.84
157,3,2015,880.43
157,3,2016,906.82
157,3,2017,927.91
157,3,2018,950.98
157,3,2019,995.52
157,3,2020,990.52
157,3,2021,1046.3
157,3,2022,1094.91
157,3,2023,1125.57
160,3,1980,288.31
160,3,1981,278.23
160,3,1982,244.94
160,3,1983,215.73
160,3,1984,209.89
160,3,1985,210.83
160,3,1986,210.28
160,3,1987,204.36
160,3,1988,199.18
160,3,1989,199.55
160,3,1990,205.21
160,3,1991,203.24
160,3,1992,202.18
160,3,1993,226.39
160,3,1994,263
160,3,1995,288.53
160,3,1996,302.38
160,3,1997,309.64
160,3,1998,313.28
160,3,1999,323.09
160,3,2000,335.2
160,3,2001,334.45
160,3,2002,307.27
160,3,2003,337.66
160,3,2004,376.75
160,3,2005,391.19
160,3,2006,399.46
160,3,2007,413.18
160,3,2008,417.5
160,3,2009,425.02
160,3,2010,439.22
160,3,2011,447.42
160,3,2012,465.54
160,3,2013,480.29
160,3,2014,497.01
160,3,2015,526.84
160,3,2016,544.69
160,3,2017,561.63
160,3,2018,576.74
160,3,2019,604.22
160,3,2020,606.37
160,3,2021,582.66
160,3,2022,683.59
160,3,2023,667.92
161,3,1980,4046.13
161,3,1981,4393.73
161,3,1982,4812.07
161,3,1983,5397.09
161,3,1984,5933.13
161,3,1985,6519.81
161,3,1986,7073.05
161,3,1987,7746.21
161,3,1988,8459.23
161,3,1989,9018.61
161,3,1990,9607.88
161,3,1991,10099.4
161,3,1992,10154.84
161,3,1993,10267.19
161,3,1994,10284.6
161,3,1995,10365.52
161,3,1996,10307.3
161,3,1997,10149.9
161,3,1998,10018.32
161,3,1999,9822.85
161,3,2000,9570.76
161,3,2001,9353.79
161,3,2002,9023.5
161,3,2003,8646.73
161,3,2004,8336.9
161,3,2005,8212.89
161,3,2006,8023.17
161,3,2007,7830.21
161,3,2008,7497.71
161,3,2009,7410.01
161,3,2010,7249.51
161,3,2011,6937.65
161,3,2012,6760.09
161,3,2013,6745.98
161,3,2014,6683.6
161,3,2015,6824.02
161,3,2016,7023.65
161,3,2017,7274.09
161,3,2018,7401.06
161,3,2019,7593.9
161,3,2020,7049.97
161,3,2021,6439.33
161,3,2022,7769.07
161,3,2023,7859.21
162,3,1980,24.18
162,3,1981,24.83
162,3,1982,25.62
162,3,1983,26.38
162,3,1984,26.96
162,3,1985,27.84
162,3,1986,28.68
162,3,1987,28.93
162,3,1988,30.29
162,3,1989,31.92
162,3,1990,34.69
162,3,1991,36.27
162,3,1992,38.28
162,3,1993,37.64
162,3,1994,36.66
162,3,1995,37.56
162,3,1996,38.02
162,3,1997,39.47
162,3,1998,39.82
162,3,1999,39.83
162,3,2000,41.78
162,3,2001,42.63
162,3,2002,43.46
162,3,2003,44.62
162,3,2004,45.14
162,3,2005,45.81
162,3,2006,45.97
162,3,2007,46.23
162,3,2008,46.68
162,3,2009,47.51
162,3,2010,48.81
162,3,2011,50.27
162,3,2012,51.55
162,3,2013,53.28
162,3,2014,54.41
162,3,2015,55.71
162,3,2016,56.8
162,3,2017,58.12
162,3,2018,59.01
162,3,2019,59.69
162,3,2020,59.57
162,3,2021,61.04
162,3,2022,62.36
162,3,2023,60.8
163,3,1980,68641.88
163,3,1981,70060.82
163,3,1982,72404.45
163,3,1983,75264.62
163,3,1984,78649.04
163,3,1985,82403.92
163,3,1986,86036.51
163,3,1987,90030.54
163,3,1988,94459.08
163,3,1989,99624.06
163,3,1990,105233.24
163,3,1991,112735.93
163,3,1992,120128.33
163,3,1993,126487.68
163,3,1994,133280.54
163,3,1995,140647.47
163,3,1996,148080.87
163,3,1997,156562.48
163,3,1998,165426.09
163,3,1999,171013.8
163,3,2000,175497.03
163,3,2001,179287.72
163,3,2002,183689.97
163,3,2003,186110.9
163,3,2004,191020.88
163,3,2005,196043.3
163,3,2006,199480.07
163,3,2007,198369.66
163,3,2008,194725.33
163,3,2009,190701.67
163,3,2010,190885.47
163,3,2011,191730.79
163,3,2012,193098.81
163,3,2013,192099.02
163,3,2014,188430.35
163,3,2015,185963.18
163,3,2016,185580.02
163,3,2017,188264.14
163,3,2018,186845.53
163,3,2019,187558.73
163,3,2020,187572.01
163,3,2021,205876.34
163,3,2022,201395.4
163,3,2023,200060.47
164,3,1980,2034.35
164,3,1981,2092.75
164,3,1982,2148.6
164,3,1983,2195.2
164,3,1984,2235.69
164,3,1985,2273.15
164,3,1986,2315.03
164,3,1987,2364.44
164,3,1988,2420.94
164,3,1989,2490.51
164,3,1990,2555.1
164,3,1991,2612.09
164,3,1992,2663.21
164,3,1993,2709.44
164,3,1994,2753.05
164,3,1995,2779.54
164,3,1996,2815.79
164,3,1997,2896.15
164,3,1998,2978.81
164,3,1999,3056.11
164,3,2000,3114.36
164,3,2001,3152.11
164,3,2002,3198.54
164,3,2003,3260.15
164,3,2004,3324.01
164,3,2005,3423.63
164,3,2006,3550.33
164,3,2007,3664.66
164,3,2008,3788.09
164,3,2009,3928.3
164,3,2010,4027.78
164,3,2011,4096.21
164,3,2012,4122.55
164,3,2013,4180.81
164,3,2014,4234.9
164,3,2015,4298.01
164,3,2016,4404.25
164,3,2017,4484.38
164,3,2018,4528.56
164,3,2019,4601.86
164,3,2020,4605.61
164,3,2021,4253.89
164,3,2022,4683.98
164,3,2023,4763.91
165,3,1980,4081.01
165,3,1981,4250.99
165,3,1982,4420.07
165,3,1983,4591.52
165,3,1984,4777.71
165,3,1985,4973.39
165,3,1986,5190.39
165,3,1987,5425.3
165,3,1988,5692.78
165,3,1989,5995.75
165,3,1990,6327.15
165,3,1991,6625.09
165,3,1992,6920.04
165,3,1993,7230.44
165,3,1994,7528.97
165,3,1995,7857.43
165,3,1996,8147.34
165,3,1997,8440.44
165,3,1998,8722.71
165,3,1999,9038.33
165,3,2000,9400.1
165,3,2001,9773.02
165,3,2002,10096.8
165,3,2003,10343.71
165,3,2004,10604.16
165,3,2005,10882.8
165,3,2006,11069.8
165,3,2007,11332.4
165,3,2008,11706.57
165,3,2009,12079.8
165,3,2010,12359.18
165,3,2011,12609.05
165,3,2012,12897.77
165,3,2013,13401.32
165,3,2014,13828.33
165,3,2015,14294.67
165,3,2016,14743.75
165,3,2017,15252.88
165,3,2018,15556.74
165,3,2019,16065.77
165,3,2020,15833.74
165,3,2021,15510.76
165,3,2022,16357.72
165,3,2023,16574.99
168,3,1980,835.04
168,3,1981,869.61
168,3,1982,902.82
168,3,1983,929.54
168,3,1984,940.16
168,3,1985,962.39
168,3,1986,1004.51
168,3,1987,1026.81
168,3,1988,1049.48
168,3,1989,1125.42
168,3,1990,1119.46
168,3,1991,1138.59
168,3,1992,1164.19
168,3,1993,1218.69
168,3,1994,1269.54
168,3,1995,1275.15
168,3,1996,1204.7
168,3,1997,1211.7
168,3,1998,1318.54
168,3,1999,1382.06
168,3,2000,1405.75
168,3,2001,1447.63
168,3,2002,1489.07
168,3,2003,1547.3
168,3,2004,1624.76
168,3,2005,1667.26
168,3,2006,1746.96
168,3,2007,1807.56
168,3,2008,1859.53
168,3,2009,1930.05
168,3,2010,1996.65
168,3,2011,2085.36
168,3,2012,2198.48
168,3,2013,2320.28
168,3,2014,2391.56
168,3,2015,2471.64
168,3,2016,2529.91
168,3,2017,2636.34
168,3,2018,2718.16
168,3,2019,2810.02
168,3,2020,2876.64
168,3,2021,2928.22
168,3,2022,3092.17
168,3,2023,3198.62
169,3,1980,273.54
169,3,1981,279.31
169,3,1982,283.57
169,3,1983,276.7
169,3,1984,282.95
169,3,1985,288.29
169,3,1986,305.58
169,3,1987,311.21
169,3,1988,311.38
169,3,1989,318.3
169,3,1990,321.98
169,3,1991,339.58
169,3,1992,349.75
169,3,1993,373.84
169,3,1994,390.47
169,3,1995,396.37
169,3,1996,414.32
169,3,1997,413.22
169,3,1998,426.6
169,3,1999,437.54
169,3,2000,434.5
169,3,2001,439.36
169,3,2002,448.03
169,3,2003,449.59
169,3,2004,453.42
169,3,2005,460.4
169,3,2006,473.95
169,3,2007,479.98
169,3,2008,478.75
169,3,2009,491.08
169,3,2010,519.6
169,3,2011,541.65
169,3,2012,554.26
169,3,2013,585.06
169,3,2014,601.58
169,3,2015,606.68
169,3,2016,608.42
169,3,2017,619.7
169,3,2018,632.47
169,3,2019,650.35
169,3,2020,682
169,3,2021,730.37
169,3,2022,719.15
169,3,2023,729.94
170,3,1980,215.76
170,3,1981,210.3
170,3,1982,221.8
170,3,1983,243.91
170,3,1984,241.33
170,3,1985,247.41
170,3,1986,246.09
170,3,1987,260.96
170,3,1988,274.01
170,3,1989,268.56
170,3,1990,281.12
170,3,1991,285.19
170,3,1992,296.24
170,3,1993,304.67
170,3,1994,337.04
170,3,1995,344.4
170,3,1996,352.99
170,3,1997,379.21
170,3,1998,358.28
170,3,1999,373.04
170,3,2000,373.52
170,3,2001,355.14
170,3,2002,354.15
170,3,2003,366.55
170,3,2004,368.84
170,3,2005,382.75
170,3,2006,391.77
170,3,2007,401.89
170,3,2008,413.42
170,3,2009,423.41
170,3,2010,425.16
170,3,2011,419.86
170,3,2012,427.52
170,3,2013,433.54
170,3,2014,443.21
170,3,2015,451.54
170,3,2016,465.48
170,3,2017,478
170,3,2018,491.04
170,3,2019,509.87
170,3,2020,515.6
170,3,2021,540.52
170,3,2022,568.58
170,3,2023,589.61
171,3,1980,2895.1
171,3,1981,2999.92
171,3,1982,3102.17
171,3,1983,3188.27
171,3,1984,3282.16
171,3,1985,3465.36
171,3,1986,3440.33
171,3,1987,3509.34
171,3,1988,3616.8
171,3,1989,3716.07
171,3,1990,3866.18
171,3,1991,4018.91
171,3,1992,4124.38
171,3,1993,4192.55
171,3,1994,4209.14
171,3,1995,4350.37
171,3,1996,4464.25
171,3,1997,4470.06
171,3,1998,4588.82
171,3,1999,4735.37
171,3,2000,4880.47
171,3,2001,4997.72
171,3,2002,5109.7
171,3,2003,5272.5
171,3,2004,5355.16
171,3,2005,5492.62
171,3,2006,5664.04
171,3,2007,5807.87
171,3,2008,5980.58
171,3,2009,6158.8
171,3,2010,6376.28
171,3,2011,6624.74
171,3,2012,6904.35
171,3,2013,7282.9
171,3,2014,7641.84
171,3,2015,7727.96
171,3,2016,7995.7
171,3,2017,8227.16
171,3,2018,8528.68
171,3,2019,8809.57
171,3,2020,8834
171,3,2021,9336.81
171,3,2022,9385.64
171,3,2023,9642.79
172,3,1980,47.26
172,3,1981,48.29
172,3,1982,48.42
172,3,1983,49.3
172,3,1984,50.91
172,3,1985,52.14
172,3,1986,49.52
172,3,1987,49.25
172,3,1988,55.22
172,3,1989,57.6
172,3,1990,59.65
172,3,1991,61.67
172,3,1992,62.84
172,3,1993,64.91
172,3,1994,65.59
172,3,1995,68.67
172,3,1996,70.34
172,3,1997,70.57
172,3,1998,71.1
172,3,1999,72.71
172,3,2000,73.85
172,3,2001,74.03
172,3,2002,74.2
172,3,2003,76.17
172,3,2004,78.44
172,3,2005,81.3
172,3,2006,84.3
172,3,2007,87.23
172,3,2008,91.05
172,3,2009,97.5
172,3,2010,103.54
172,3,2011,105.53
172,3,2012,107.61
172,3,2013,111.39
172,3,2014,117.05
172,3,2015,119.21
172,3,2016,125.34
172,3,2017,133.3
172,3,2018,138.07
172,3,2019,145.13
172,3,2020,158.96
172,3,2021,169.02
172,3,2022,175.47
172,3,2023,186.27
173,3,1980,72.61
173,3,1981,77.75
173,3,1982,86.74
173,3,1983,98.69
173,3,1984,100.52
173,3,1985,105.92
173,3,1986,107.82
173,3,1987,112.76
173,3,1988,116.91
173,3,1989,121.59
173,3,1990,121.47
173,3,1991,127.66
173,3,1992,131.44
173,3,1993,129.83
173,3,1994,134.23
173,3,1995,141.79
173,3,1996,142.15
173,3,1997,145.36
173,3,1998,146.83
173,3,1999,144.4
173,3,2000,147.92
173,3,2001,152.44
173,3,2002,157.66
173,3,2003,161.96
173,3,2004,167.67
173,3,2005,178.17
173,3,2006,183.59
173,3,2007,187.83
173,3,2008,189.91
173,3,2009,193.21
173,3,2010,193.15
173,3,2011,197.16
173,3,2012,202.1
173,3,2013,208.88
173,3,2014,216.85
173,3,2015,222.05
173,3,2016,224.83
173,3,2017,227.83
173,3,2018,230.64
173,3,2019,234.62
173,3,2020,230.9
173,3,2021,234.25
173,3,2022,239.89
173,3,2023,247.61
175,3,1980,679.48
175,3,1981,708.39
175,3,1982,736.93
175,3,1983,754.73
175,3,1984,772.4
175,3,1985,783.02
175,3,1986,791.12
175,3,1987,797.51
175,3,1988,805.29
175,3,1989,815.67
175,3,1990,827.66
175,3,1991,843.92
175,3,1992,861.41
175,3,1993,878.26
175,3,1994,836.36
175,3,1995,835.21
175,3,1996,882.62
175,3,1997,859.14
175,3,1998,829.44
175,3,1999,818.2
175,3,2000,817.49
175,3,2001,802.41
175,3,2002,797.04
175,3,2003,790.98
175,3,2004,796.1
175,3,2005,800.72
175,3,2006,807.33
175,3,2007,812.03
175,3,2008,820.6
175,3,2009,843.92
175,3,2010,887.8
175,3,2011,931.43
175,3,2012,957.37
175,3,2013,982.73
175,3,2014,1024.16
175,3,2015,1065.52
175,3,2016,1093.87
175,3,2017,1121.82
175,3,2018,1158.3
175,3,2019,1212.61
175,3,2020,1216.98
175,3,2021,1210.7
175,3,2022,1330.14
175,3,2023,1401.96
176,3,1980,26.5
176,3,1981,27.53
176,3,1982,28.23
176,3,1983,28.75
176,3,1984,29.5
176,3,1985,30.13
176,3,1986,30.46
176,3,1987,31.37
176,3,1988,32.04
176,3,1989,33.03
176,3,1990,34.41
176,3,1991,35.71
176,3,1992,36.85
176,3,1993,37.74
176,3,1994,38.53
176,3,1995,38.98
176,3,1996,39.76
176,3,1997,39.57
176,3,1998,39.86
176,3,1999,39.45
176,3,2000,40.21
176,3,2001,40.24
176,3,2002,41.08
176,3,2003,40.7
176,3,2004,39.23
176,3,2005,40.77
176,3,2006,39.48
176,3,2007,42.65
176,3,2008,43.77
176,3,2009,43.13
176,3,2010,45.7
176,3,2011,47.15
176,3,2012,47.63
176,3,2013,48.4
176,3,2014,49.98
176,3,2015,50.56
176,3,2016,51.62
176,3,2017,52.56
176,3,2018,52.6
176,3,2019,54.47
176,3,2020,52.41
176,3,2021,51.57
176,3,2022,57.1
176,3,2023,59.61
177,3,1980,20.62
177,3,1981,23.14
177,3,1982,24.85
177,3,1983,25.84
177,3,1984,27.24
177,3,1985,28.15
177,3,1986,28.95
177,3,1987,30.99
177,3,1988,32.41
177,3,1989,33.87
177,3,1990,36.23
177,3,1991,40.2
177,3,1992,46.24
177,3,1993,50.92
177,3,1994,46.51
177,3,1995,51.55
177,3,1996,52.33
177,3,1997,52.17
177,3,1998,55.86
177,3,1999,57.99
177,3,2000,60.29
177,3,2001,62.31
177,3,2002,64.98
177,3,2003,65.41
177,3,2004,71.24
177,3,2005,73.98
177,3,2006,76.11
177,3,2007,80.06
177,3,2008,82.84
177,3,2009,85.14
177,3,2010,89.84
177,3,2011,94.22
177,3,2012,99.08
177,3,2013,103.64
177,3,2014,105.74
177,3,2015,111.99
177,3,2016,116.65
177,3,2017,122.62
177,3,2018,123.79
177,3,2019,128.78
177,3,2020,126.61
177,3,2021,126.74
177,3,2022,143.24
177,3,2023,153.28
178,3,1980,371.44
178,3,1981,380.93
178,3,1982,391.64
178,3,1983,402.33
178,3,1984,413.41
178,3,1985,423.83
178,3,1986,430.98
178,3,1987,438.12
178,3,1988,445.1
178,3,1989,455.27
178,3,1990,465.94
178,3,1991,475.88
178,3,1992,453.32
178,3,1993,433.08
178,3,1994,454.04
178,3,1995,482.25
178,3,1996,507.18
178,3,1997,528.22
178,3,1998,539.02
178,3,1999,560.14
178,3,2000,578.01
178,3,2001,582.78
178,3,2002,623.43
178,3,2003,644.97
178,3,2004,685.44
178,3,2005,719.99
178,3,2006,743.18
178,3,2007,764.01
178,3,2008,782.74
178,3,2009,809.21
178,3,2010,823.5
178,3,2011,843.09
178,3,2012,871.4
178,3,2013,891.91
178,3,2014,903.4
178,3,2015,918.74
178,3,2016,931.98
178,3,2017,950.43
178,3,2018,970.29
178,3,2019,990.94
178,3,2020,990.38
178,3,2021,1054.55
178,3,2022,1006.75
178,3,2023,1067.54
179,3,1980,4154.16
179,3,1981,4199.48
179,3,1982,4363.73
179,3,1983,4554.77
179,3,1984,4712.53
179,3,1985,4899.2
179,3,1986,5046
179,3,1987,5212.99
179,3,1988,5418.02
179,3,1989,5637.53
179,3,1990,5843.72
179,3,1991,6014.85
179,3,1992,6271.51
179,3,1993,6502.45
179,3,1994,6650.69
179,3,1995,6796.44
179,3,1996,6918.84
179,3,1997,7034.45
179,3,1998,7105.8
179,3,1999,7170.67
179,3,2000,7219.07
179,3,2001,7263.92
179,3,2002,7293.01
179,3,2003,7311.48
179,3,2004,7316.93
179,3,2005,7429.27
179,3,2006,7559.33
179,3,2007,7724.13
179,3,2008,7887
179,3,2009,7984.88
179,3,2010,8092.23
179,3,2011,8270.62
179,3,2012,8390.84
179,3,2013,8350.92
179,3,2014,8405.16
179,3,2015,8527.99
179,3,2016,8698.35
179,3,2017,8937.12
179,3,2018,9126.8
179,3,2019,9428.44
179,3,2020,8929.05
179,3,2021,8492.31
179,3,2022,9639.58
179,3,2023,10181.7
180,3,1980,1161.89
180,3,1981,1204.85
180,3,1982,1247.77
180,3,1983,1291.82
180,3,1984,1342.85
180,3,1985,1395.29
180,3,1986,1450.62
180,3,1987,1508.91
180,3,1988,1570.87
180,3,1989,1645
180,3,1990,1717.49
180,3,1991,1796.39
180,3,1992,1886.13
180,3,1993,1986.82
180,3,1994,2095.61
180,3,1995,2205.42
180,3,1996,2327.49
180,3,1997,2470.25
180,3,1998,2631.44
180,3,1999,2787.79
180,3,2000,2950.69
180,3,2001,3056.18
180,3,2002,3199.49
180,3,2003,3338.96
180,3,2004,3479.26
180,3,2005,3636.1
180,3,2006,3650.4
180,3,2007,3671.2
180,3,2008,3644
180,3,2009,3662.05
180,3,2010,3718.35
180,3,2011,3749.5
180,3,2012,3807.61
180,3,2013,3854.55
180,3,2014,3888.05
180,3,2015,3963.15
180,3,2016,4038.4
180,3,2017,4120
180,3,2018,4184.63
180,3,2019,4233.15
180,3,2020,4232.56
180,3,2021,4386.66
180,3,2022,4518.3
180,3,2023,4652.3
181,3,1980,1060.15
181,3,1981,1089.69
181,3,1982,1157.44
181,3,1983,1189.59
181,3,1984,1239.16
181,3,1985,1284
181,3,1986,1350.41
181,3,1987,1416.45
181,3,1988,1459.62
181,3,1989,1503.2
181,3,1990,1558.61
181,3,1991,1606.82
181,3,1992,1649.64
181,3,1993,1710.78
181,3,1994,1715.18
181,3,1995,1693.54
181,3,1996,1711.79
181,3,1997,1719.11
181,3,1998,1733.1
181,3,1999,1734.96
181,3,2000,1745.39
181,3,2001,1760.07
181,3,2002,1789
181,3,2003,1811.5
181,3,2004,1828.87
181,3,2005,1856.87
181,3,2006,1891.51
181,3,2007,1942.55
181,3,2008,1994.41
181,3,2009,2044.5
181,3,2010,2099.23
181,3,2011,2163.8
181,3,2012,2239.96
181,3,2013,2307.18
181,3,2014,2384.76
181,3,2015,2467.75
181,3,2016,2540.06
181,3,2017,2613.69
181,3,2018,2681.72
181,3,2019,2760.64
181,3,2020,2872.51
181,3,2021,2855.76
181,3,2022,2945.48
181,3,2023,3073.79
182,3,1980,782.08
182,3,1981,821.24
182,3,1982,869.65
182,3,1983,922.41
182,3,1984,978.46
182,3,1985,1039.09
182,3,1986,1098.96
182,3,1987,1150.81
182,3,1988,1205.51
182,3,1989,1258.57
182,3,1990,1282.66
182,3,1991,1307.5
182,3,1992,1327.1
182,3,1993,1353.59
182,3,1994,1358.19
182,3,1995,1330.32
182,3,1996,1312.32
182,3,1997,1331.29
182,3,1998,1354.93
182,3,1999,1373.76
182,3,2000,1401.89
182,3,2001,1409.93
182,3,2002,1434.84
182,3,2003,1459.63
182,3,2004,1512.57
182,3,2005,1530.29
182,3,2006,1514.29
182,3,2007,1508.54
182,3,2008,1521.28
182,3,2009,1565.39
182,3,2010,1627.31
182,3,2011,1673.78
182,3,2012,1727.06
182,3,2013,1759.91
182,3,2014,1804.09
182,3,2015,1854.1
182,3,2016,1900.9
182,3,2017,1961.13
182,3,2018,2031.39
182,3,2019,2109.96
182,3,2020,2146.78
182,3,2021,1975.05
182,3,2022,2219.92
182,3,2023,2321.34
183,3,1980,44.65
183,3,1981,49.34
183,3,1982,83.42
183,3,1983,103.59
183,3,1984,140.05
183,3,1985,139.53
183,3,1986,111.2
183,3,1987,148.71
183,3,1988,171.55
183,3,1989,166.96
183,3,1990,170.28
183,3,1991,164.99
183,3,1992,166.59
183,3,1993,161.97
183,3,1994,158.3
183,3,1995,169.41
183,3,1996,173.01
183,3,1997,171.71
183,3,1998,171.25
183,3,1999,170.62
183,3,2000,151.92
183,3,2001,137.21
183,3,2002,135.45
183,3,2003,124.29
183,3,2004,124.34
183,3,2005,122.2
183,3,2006,121.67
183,3,2007,121.65
183,3,2008,114.84
183,3,2009,121.25
183,3,2010,119.25
183,3,2011,125.74
183,3,2012,124.67
183,3,2013,120.99
183,3,2014,122.86
183,3,2015,119.77
183,3,2016,121.33
183,3,2017,124.73
183,3,2018,129.45
183,3,2019,138.2
183,3,2020,155.32
183,3,2021,152.01
183,3,2022,134.48
183,3,2023,137.53
184,3,1980,854.89
184,3,1981,867.26
184,3,1982,878.66
184,3,1983,894.59
184,3,1984,911.69
184,3,1985,926.58
184,3,1986,946.66
184,3,1987,955.71
184,3,1988,952.22
184,3,1989,943.81
184,3,1990,945.77
184,3,1991,953.08
184,3,1992,967.54
184,3,1993,977.43
184,3,1994,990.8
184,3,1995,1040.61
184,3,1996,1090.73
184,3,1997,1120.12
184,3,1998,1146.12
184,3,1999,1170.58
184,3,2000,1202.62
184,3,2001,1218.42
184,3,2002,1262.53
184,3,2003,1286.24
184,3,2004,1316.64
184,3,2005,1350.83
184,3,2006,1387.24
184,3,2007,1417.01
184,3,2008,1454.99
184,3,2009,1472.73
184,3,2010,1480.32
184,3,2011,1479.93
184,3,2012,1488.83
184,3,2013,1496.79
184,3,2014,1495.68
184,3,2015,1505.07
184,3,2016,1515.17
184,3,2017,1538.95
184,3,2018,1557.33
184,3,2019,1603.09
184,3,2020,1637.59
184,3,2021,1793.93
184,3,2022,1700.54
184,3,2023,1776.87
185,3,1980,738.29
185,3,1981,750.68
185,3,1982,768.4
185,3,1983,795.73
185,3,1984,827.05
185,3,1985,863.01
185,3,1986,896.18
185,3,1987,936.92
185,3,1988,997.23
185,3,1989,1076.19
185,3,1990,1165.35
185,3,1991,1243.69
185,3,1992,1340.71
185,3,1993,1461.35
185,3,1994,1534.04
185,3,1995,1263.16
185,3,1996,1085.97
185,3,1997,1217.29
185,3,1998,1324.36
185,3,1999,1286.68
185,3,2000,1208.86
185,3,2001,1122.11
185,3,2002,1056.51
185,3,2003,997.31
185,3,2004,971.09
185,3,2005,955.48
185,3,2006,949.71
185,3,2007,935.26
185,3,2008,921.84
185,3,2009,913.23
185,3,2010,918.16
185,3,2011,933.51
185,3,2012,961.14
185,3,2013,990.38
185,3,2014,1024.13
185,3,2015,1056.07
185,3,2016,1074.82
185,3,2017,1100.53
185,3,2018,1136.02
185,3,2019,1178.17
185,3,2020,1215.26
185,3,2021,1236.88
185,3,2022,1303.51
185,3,2023,1347.59
186,3,1980,2.87
186,3,1981,2.92
186,3,1982,3.34
186,3,1983,3.63
186,3,1984,3.9
186,3,1985,4.22
186,3,1986,4.37
186,3,1987,4.72
186,3,1988,4.88
186,3,1989,5.1
186,3,1990,5.38
186,3,1991,5.52
186,3,1992,5.72
186,3,1993,5.89
186,3,1994,6.2
186,3,1995,6.26
186,3,1996,6.33
186,3,1997,6.42
186,3,1998,6.5
186,3,1999,6.58
186,3,2000,6.65
186,3,2001,6.73
186,3,2002,6.81
186,3,2003,6.83
186,3,2004,6.75
186,3,2005,6.56
186,3,2006,6.57
186,3,2007,6.55
186,3,2008,6.51
186,3,2009,6.62
186,3,2010,6.79
186,3,2011,6.85
186,3,2012,6.85
186,3,2013,6.98
186,3,2014,7.19
186,3,2015,7.3
186,3,2016,7.33
186,3,2017,7.24
186,3,2018,7.37
186,3,2019,7.58
186,3,2020,7.44
186,3,2021,7.33
186,3,2022,8.05
186,3,2023,8.35
187,3,1980,503
187,3,1981,584.97
187,3,1982,582.54
187,3,1983,542.39
187,3,1984,555.43
187,3,1985,565.99
187,3,1986,583.26
187,3,1987,600.85
187,3,1988,619.05
187,3,1989,633.83
187,3,1990,636.49
187,3,1991,645.4
187,3,1992,655.9
187,3,1993,652.79
187,3,1994,670.51
187,3,1995,700.27
187,3,1996,724.95
187,3,1997,753.31
187,3,1998,782.26
187,3,1999,812.75
187,3,2000,852.05
187,3,2001,885.1
187,3,2002,915.46
187,3,2003,941.19
187,3,2004,979.1
187,3,2005,1018.85
187,3,2006,1046.02
187,3,2007,1076.34
187,3,2008,1103.81
187,3,2009,1133.69
187,3,2010,1155.53
187,3,2011,1180.04
187,3,2012,1194.43
187,3,2013,1217.96
187,3,2014,1253.64
187,3,2015,1286.57
187,3,2016,1319.27
187,3,2017,1352.58
187,3,2018,1403.23
187,3,2019,1450.39
187,3,2020,1474.08
187,3,2021,1403.84
187,3,2022,1591.97
187,3,2023,1665.81
189,3,1980,1641.07
189,3,1981,1699.67
189,3,1982,1735.27
189,3,1983,1787.75
189,3,1984,1840.1
189,3,1985,1886.58
189,3,1986,1928.96
189,3,1987,1967.67
189,3,1988,2014.17
189,3,1989,2066.55
189,3,1990,2121.58
189,3,1991,2187.54
189,3,1992,2255.62
189,3,1993,2331.32
189,3,1994,2404.97
189,3,1995,2471.52
189,3,1996,2536.14
189,3,1997,2603.7
189,3,1998,2661.15
189,3,1999,2690.47
189,3,2000,2732.36
189,3,2001,2749.91
189,3,2002,2694.63
189,3,2003,2644.6
189,3,2004,2558.38
189,3,2005,2640.18
189,3,2006,2716.2
189,3,2007,2812.33
189,3,2008,2875.25
189,3,2009,2919.42
189,3,2010,2951.81
189,3,2011,3008.86
189,3,2012,3143.17
189,3,2013,3257.15
189,3,2014,3314.92
189,3,2015,3394.91
189,3,2016,3469.07
189,3,2017,3562.35
189,3,2018,3606.73
189,3,2019,3654.16
189,3,2020,3539.07
189,3,2021,3455.47
189,3,2022,3779.15
189,3,2023,3978.4
190,3,1980,996.66
190,3,1981,935.08
190,3,1982,1105.63
190,3,1983,1122.38
190,3,1984,1127.22
190,3,1985,1104.48
190,3,1986,1085.21
190,3,1987,1099.66
190,3,1988,1100.48
190,3,1989,1228.26
190,3,1990,1310.62
190,3,1991,1488.45
190,3,1992,1621.64
190,3,1993,1781.1
190,3,1994,1932.25
190,3,1995,2040.73
190,3,1996,2129.02
190,3,1997,2187.15
190,3,1998,2263.03
190,3,1999,2318.32
190,3,2000,2402.94
190,3,2001,2455.36
190,3,2002,2485.15
190,3,2003,2527.71
190,3,2004,2613.89
190,3,2005,2690.88
190,3,2006,2709.43
190,3,2007,2689.97
190,3,2008,2662.11
190,3,2009,2655.62
190,3,2010,2666.3
190,3,2011,2722.07
190,3,2012,2780.36
190,3,2013,2866.8
190,3,2014,2954.61
190,3,2015,3010.34
190,3,2016,3076.52
190,3,2017,3120.74
190,3,2018,3153.96
190,3,2019,3218.91
190,3,2020,3248.01
190,3,2021,3136.43
190,3,2022,3380.3
190,3,2023,3524.6
191,3,1980,590.11
191,3,1981,620.75
191,3,1982,646.83
191,3,1983,675.45
191,3,1984,708.5
191,3,1985,753.2
191,3,1986,786.94
191,3,1987,818.18
191,3,1988,850.83
191,3,1989,887.08
191,3,1990,919.77
191,3,1991,960.1
191,3,1992,1000.86
191,3,1993,1041.3
191,3,1994,1080.59
191,3,1995,1115.77
191,3,1996,1138.14
191,3,1997,1145.79
191,3,1998,1147.23
191,3,1999,1146.34
191,3,2000,1153.19
191,3,2001,1173.03
191,3,2002,1187.38
191,3,2003,1195.97
191,3,2004,1214.09
191,3,2005,1244.07
191,3,2006,1276
191,3,2007,1308.11
191,3,2008,1368.05
191,3,2009,1431.77
191,3,2010,1498.75
191,3,2011,1564.59
191,3,2012,1634.65
191,3,2013,1709.29
191,3,2014,1784.12
191,3,2015,1840.12
191,3,2016,1880.54
191,3,2017,1947.81
191,3,2018,1989.71
191,3,2019,2047.28
191,3,2020,2047.11
191,3,2021,2032.57
191,3,2022,2217.35
191,3,2023,2335.62
193,3,1980,98.67
193,3,1981,102.44
193,3,1982,106.21
193,3,1983,110.5
193,3,1984,115.3
193,3,1985,120.52
193,3,1986,125.85
193,3,1987,131.86
193,3,1988,129.75
193,3,1989,138.38
193,3,1990,145.82
193,3,1991,147.9
193,3,1992,150.27
193,3,1993,152.9
193,3,1994,158.87
193,3,1995,167.7
193,3,1996,179.51
193,3,1997,195.63
193,3,1998,215.4
193,3,1999,234.62
193,3,2000,251.83
193,3,2001,264.08
193,3,2002,261.99
193,3,2003,244.15
193,3,2004,228.83
193,3,2005,225.62
193,3,2006,232.33
193,3,2007,226.91
193,3,2008,229.3
193,3,2009,232.03
193,3,2010,234.36
193,3,2011,235.96
193,3,2012,234.09
193,3,2013,233.6
193,3,2014,233.7
193,3,2015,237.76
193,3,2016,239.59
193,3,2017,240.48
193,3,2018,243.94
193,3,2019,247.98
193,3,2020,249.99
193,3,2021,249.58
193,3,2022,258.48
193,3,2023,261.46
194,3,1980,189.39
194,3,1981,194.41
194,3,1982,199.67
194,3,1983,204.47
194,3,1984,209.7
194,3,1985,214.3
194,3,1986,219.45
194,3,1987,222.93
194,3,1988,227.64
194,3,1989,228.77
194,3,1990,229.53
194,3,1991,227.25
194,3,1992,225.47
194,3,1993,225.64
194,3,1994,227.17
194,3,1995,230.39
194,3,1996,237.5
194,3,1997,247.26
194,3,1998,259.71
194,3,1999,275.56
194,3,2000,301.47
194,3,2001,358.7
194,3,2002,405.07
194,3,2003,392.69
194,3,2004,381.74
194,3,2005,354.64
194,3,2006,321.31
194,3,2007,308.15
194,3,2008,318.73
194,3,2009,333.84
194,3,2010,347.64
194,3,2011,358.78
194,3,2012,366.65
194,3,2013,375.22
194,3,2014,380.96
194,3,2015,380.92
194,3,2016,372.88
194,3,2017,370.95
194,3,2018,373.31
194,3,2019,375.2
194,3,2020,379.06
194,3,2021,377.88
194,3,2022,393.4
194,3,2023,399.21
195,3,1980,123.66
195,3,1981,127.95
195,3,1982,132.47
195,3,1983,135.89
195,3,1984,139.43
195,3,1985,143.37
195,3,1986,147.02
195,3,1987,149.23
195,3,1988,153.39
195,3,1989,159.83
195,3,1990,167.87
195,3,1991,177.32
195,3,1992,186.56
195,3,1993,194.88
195,3,1994,202.35
195,3,1995,207.2
195,3,1996,211.32
195,3,1997,215.09
195,3,1998,219.4
195,3,1999,225.42
195,3,2000,232.61
195,3,2001,234.06
195,3,2002,240.61
195,3,2003,242.98
195,3,2004,239.8
195,3,2005,239.22
195,3,2006,237.8
195,3,2007,242.22
195,3,2008,248.56
195,3,2009,252.36
195,3,2010,257.02
195,3,2011,265.06
195,3,2012,273.87
195,3,2013,282.3
195,3,2014,290.07
195,3,2015,296.85
195,3,2016,304.56
195,3,2017,311.32
195,3,2018,317.15
195,3,2019,327.67
195,3,2020,332.22
195,3,2021,318.88
195,3,2022,373.87
195,3,2023,390
196,3,1980,4493.14
196,3,1981,4610.51
196,3,1982,4691.09
196,3,1983,4748.37
196,3,1984,4785.38
196,3,1985,4830.19
196,3,1986,4867.48
196,3,1987,4867.66
196,3,1988,4936.18
196,3,1989,5041.45
196,3,1990,5129.2
196,3,1991,5192.47
196,3,1992,5335.46
196,3,1993,5512.36
196,3,1994,5933.9
196,3,1995,6048.72
196,3,1996,6377.23
196,3,1997,6617.51
196,3,1998,6807.79
196,3,1999,6644
196,3,2000,6576.22
196,3,2001,6496.3
196,3,2002,6660.43
196,3,2003,6838.68
196,3,2004,6663.51
196,3,2005,6675
196,3,2006,6951.05
196,3,2007,7269.45
196,3,2008,7472.03
196,3,2009,7719.36
196,3,2010,7829.36
196,3,2011,7966.58
196,3,2012,8329.24
196,3,2013,8588.88
196,3,2014,8825.58
196,3,2015,8970.38
196,3,2016,9035.92
196,3,2017,8935.68
196,3,2018,8964.28
196,3,2019,9137.19
196,3,2020,8655.86
196,3,2021,8934.98
196,3,2022,9471.23
196,3,2023,9923.82
197,3,1980,83.36
197,3,1981,85.74
197,3,1982,88.03
197,3,1983,90.08
197,3,1984,93.05
197,3,1985,95.6
197,3,1986,98.55
197,3,1987,101.89
197,3,1988,106.36
197,3,1989,111.73
197,3,1990,118.52
197,3,1991,125.69
197,3,1992,132.61
197,3,1993,140.03
197,3,1994,148.16
197,3,1995,154.82
197,3,1996,159.35
197,3,1997,161.33
197,3,1998,162.46
197,3,1999,164.79
197,3,2000,170.13
197,3,2001,180.18
197,3,2002,191.42
197,3,2003,204.19
197,3,2004,215.64
197,3,2005,225.13
197,3,2006,228.63
197,3,2007,227.19
197,3,2008,227.3
197,3,2009,228.24
197,3,2010,227.86
197,3,2011,226.29
197,3,2012,221.97
197,3,2013,217.21
197,3,2014,211.18
197,3,2015,204.26
197,3,2016,199.16
197,3,2017,199.59
197,3,2018,200.39
197,3,2019,199.2
197,3,2020,195.39
197,3,2021,193.2
197,3,2022,200.46
197,3,2023,202.05
198,3,1980,497.38
198,3,1981,512.67
198,3,1982,529.24
198,3,1983,543.28
198,3,1984,556.23
198,3,1985,563.87
198,3,1986,566.23
198,3,1987,562.07
198,3,1988,553.99
198,3,1989,548.8
198,3,1990,549.11
198,3,1991,546.19
198,3,1992,556.05
198,3,1993,580
198,3,1994,622.47
198,3,1995,673.03
198,3,1996,694.19
198,3,1997,720.1
198,3,1998,738.35
198,3,1999,746.43
198,3,2000,748.18
198,3,2001,742.69
198,3,2002,734.06
198,3,2003,726.81
198,3,2004,710.29
198,3,2005,697.49
198,3,2006,688.33
198,3,2007,677.31
198,3,2008,705.89
198,3,2009,732.07
198,3,2010,765.77
198,3,2011,816.68
198,3,2012,848.12
198,3,2013,867.16
198,3,2014,874.46
198,3,2015,879.49
198,3,2016,886.41
198,3,2017,883.87
198,3,2018,884.38
198,3,2019,889.31
198,3,2020,859.91
198,3,2021,825.42
198,3,2022,894.85
198,3,2023,906.92
200,3,1980,198.24
200,3,1981,204.1
200,3,1982,210.68
200,3,1983,217.34
200,3,1984,224.41
200,3,1985,231.25
200,3,1986,237.55
200,3,1987,244.01
200,3,1988,252.14
200,3,1989,261.25
200,3,1990,273.7
200,3,1991,288.39
200,3,1992,302.16
200,3,1993,317.3
200,3,1994,332.79
200,3,1995,347.38
200,3,1996,362.37
200,3,1997,376.84
200,3,1998,391.64
200,3,1999,402.68
200,3,2000,419.65
200,3,2001,427.52
200,3,2002,441.8
200,3,2003,453.37
200,3,2004,465.65
200,3,2005,481.8
200,3,2006,501.65
200,3,2007,523.84
200,3,2008,558.78
200,3,2009,594.93
200,3,2010,623.07
200,3,2011,654.96
200,3,2012,681.78
200,3,2013,716.49
200,3,2014,739.92
200,3,2015,746.76
200,3,2016,769.5
200,3,2017,789.99
200,3,2018,803.97
200,3,2019,840.07
200,3,2020,874.82
200,3,2021,930.31
200,3,2022,990.03
200,3,2023,1024.2
201,3,1980,607.05
201,3,1981,615.84
201,3,1982,626.23
201,3,1983,636.2
201,3,1984,645.29
201,3,1985,651.65
201,3,1986,657.59
201,3,1987,660.55
201,3,1988,665.48
201,3,1989,672.7
201,3,1990,685.39
201,3,1991,692.72
201,3,1992,704.94
201,3,1993,725.53
201,3,1994,743.38
201,3,1995,764.19
201,3,1996,781.34
201,3,1997,799.23
201,3,1998,823.54
201,3,1999,840.5
201,3,2000,868.55
201,3,2001,891.93
201,3,2002,921.35
201,3,2003,947.73
201,3,2004,985.06
201,3,2005,1017.18
201,3,2006,1039.26
201,3,2007,1044.05
201,3,2008,1065.17
201,3,2009,1090.53
201,3,2010,1116.12
201,3,2011,1126.55
201,3,2012,1178.8
201,3,2013,1227.12
201,3,2014,1262.21
201,3,2015,1302.93
201,3,2016,1342.47
201,3,2017,1363.26
201,3,2018,1381.4
201,3,2019,1412.48
201,3,2020,1365.4
201,3,2021,1399.77
201,3,2022,1480.37
201,3,2023,1547.42
202,3,1980,609.91
202,3,1981,625.61
202,3,1982,632.79
202,3,1983,626.29
202,3,1984,638.65
202,3,1985,665.16
202,3,1986,670.76
202,3,1987,708.84
202,3,1988,740.73
202,3,1989,782.94
202,3,1990,815.48
202,3,1991,860.78
202,3,1992,903.73
202,3,1993,949.11
202,3,1994,986.75
202,3,1995,1024
202,3,1996,1065.33
202,3,1997,1109.51
202,3,1998,1161.02
202,3,1999,1210.64
202,3,2000,1270.76
202,3,2001,1314.25
202,3,2002,1372.54
202,3,2003,1423.98
202,3,2004,1485.53
202,3,2005,1552.28
202,3,2006,1613.1
202,3,2007,1677.24
202,3,2008,1751.64
202,3,2009,1835.74
202,3,2010,1920.64
202,3,2011,1999.89
202,3,2012,2054.76
202,3,2013,2117.28
202,3,2014,2182.77
202,3,2015,2256.42
202,3,2016,2362.61
202,3,2017,2471.93
202,3,2018,2581.6
202,3,2019,2673.7
202,3,2020,2661.35
202,3,2021,2726.88
202,3,2022,2974.46
202,3,2023,3152.24
203,3,1980,19.78
203,3,1981,20.38
203,3,1982,21.11
203,3,1983,21.78
203,3,1984,22.5
203,3,1985,23.01
203,3,1986,23.89
203,3,1987,24.69
203,3,1988,25.59
203,3,1989,26.87
203,3,1990,28.11
203,3,1991,29.6
203,3,1992,30.94
203,3,1993,32.49
203,3,1994,34.08
203,3,1995,36.2
203,3,1996,36.5
203,3,1997,38.38
203,3,1998,39.86
203,3,1999,41.66
203,3,2000,43.2
203,3,2001,44.76
203,3,2002,46.89
203,3,2003,48.85
203,3,2004,51.05
203,3,2005,53.87
203,3,2006,55.51
203,3,2007,57.38
203,3,2008,58.52
203,3,2009,59.82
203,3,2010,61.19
203,3,2011,62.32
203,3,2012,64.12
203,3,2013,66.66
203,3,2014,68.65
203,3,2015,68.86
203,3,2016,69.54
203,3,2017,68.48
203,3,2018,71.03
203,3,2019,69.93
203,3,2020,58.71
203,3,2021,55.8
203,3,2022,63.29
203,3,2023,65.28
204,3,1980,384.57
204,3,1981,394.42
204,3,1982,404.76
204,3,1983,411.84
204,3,1984,422.55
204,3,1985,429.72
204,3,1986,430.14
204,3,1987,438.07
204,3,1988,441.92
204,3,1989,458.91
204,3,1990,502.48
204,3,1991,507.36
204,3,1992,530.77
204,3,1993,562.14
204,3,1994,572.05
204,3,1995,584.56
204,3,1996,623.07
204,3,1997,659.93
204,3,1998,696.66
204,3,1999,734.44
204,3,2000,769.9
204,3,2001,804.37
204,3,2002,833.65
204,3,2003,867.16
204,3,2004,890.22
204,3,2005,922.1
204,3,2006,950.65
204,3,2007,989.21
204,3,2008,1021.23
204,3,2009,1054.26
204,3,2010,1094.94
204,3,2011,1128.37
204,3,2012,1155.48
204,3,2013,1185.43
204,3,2014,1216.44
204,3,2015,1244.57
204,3,2016,1291.72
204,3,2017,1332.21
204,3,2018,1381.37
204,3,2019,1435.51
204,3,2020,1456.9
204,3,2021,1567.99
204,3,2022,1536.66
204,3,2023,1586.11
205,3,1980,584.83
205,3,1981,608.35
205,3,1982,632.37
205,3,1983,664.76
205,3,1984,690.15
205,3,1985,727.35
205,3,1986,753.23
205,3,1987,768.01
205,3,1988,804.33
205,3,1989,832.62
205,3,1990,848.96
205,3,1991,881.59
205,3,1992,917.37
205,3,1993,972.25
205,3,1994,1025.99
205,3,1995,1074.63
205,3,1996,1121.77
205,3,1997,1163.94
205,3,1998,1202.39
205,3,1999,1231.92
205,3,2000,1258.92
205,3,2001,1264.35
205,3,2002,1280.84
205,3,2003,1295.41
205,3,2004,1311.53
205,3,2005,1348.76
205,3,2006,1397.81
205,3,2007,1435.34
205,3,2008,1472.42
205,3,2009,1480.28
205,3,2010,1459.19
205,3,2011,1496.86
205,3,2012,1636.22
205,3,2013,1775.09
205,3,2014,1870.6
205,3,2015,1953.7
205,3,2016,2057.2
205,3,2017,2176.5
205,3,2018,2293.14
205,3,2019,2413.42
205,3,2020,2500.77
205,3,2021,2596.83
205,3,2022,2730.51
205,3,2023,2888.01
206,3,1980,31.74
206,3,1981,32.39
206,3,1982,32.89
206,3,1983,33.75
206,3,1984,34.72
206,3,1985,35.47
206,3,1986,37.56
206,3,1987,39.54
206,3,1988,42.23
206,3,1989,43.88
206,3,1990,50.37
206,3,1991,53.72
206,3,1992,57.83
206,3,1993,59.72
206,3,1994,61
206,3,1995,67.44
206,3,1996,66.62
206,3,1997,67.94
206,3,1998,72.12
206,3,1999,76.76
206,3,2000,75.08
206,3,2001,74.7
206,3,2002,76.45
206,3,2003,80
206,3,2004,87.49
206,3,2005,91.03
206,3,2006,91.23
206,3,2007,92.95
206,3,2008,91.56
206,3,2009,95.11
206,3,2010,97.66
206,3,2011,96.93
206,3,2012,100.57
206,3,2013,105.86
206,3,2014,114.6
206,3,2015,114.16
206,3,2016,123.25
206,3,2017,133.78
206,3,2018,136.24
206,3,2019,144.66
206,3,2020,132.35
206,3,2021,130.21
206,3,2022,140.56
206,3,2023,146.81
207,3,1980,743.75
207,3,1981,768.02
207,3,1982,793.68
207,3,1983,815.92
207,3,1984,852.2
207,3,1985,881.62
207,3,1986,914.36
207,3,1987,949.28
207,3,1988,983.85
207,3,1989,1016.99
207,3,1990,1051.08
207,3,1991,1082.83
207,3,1992,1115.93
207,3,1993,1144.23
207,3,1994,1173.88
207,3,1995,1196.87
207,3,1996,1213.19
207,3,1997,1243.05
207,3,1998,1267.13
207,3,1999,1288.84
207,3,2000,1325.59
207,3,2001,1377.04
207,3,2002,1437.91
207,3,2003,1504.32
207,3,2004,1575.39
207,3,2005,1641.83
207,3,2006,1708.7
207,3,2007,1751.31
207,3,2008,1819.32
207,3,2009,1919.7
207,3,2010,1999.14
207,3,2011,2100
207,3,2012,2171.32
207,3,2013,2268.38
207,3,2014,2348.37
207,3,2015,2374.98
207,3,2016,2455.14
207,3,2017,2531
207,3,2018,2608.91
207,3,2019,2723.71
207,3,2020,2856.38
207,3,2021,2984.42
207,3,2022,3036.48
207,3,2023,3100.54
208,3,1980,278.9
208,3,1981,286.57
208,3,1982,303.44
208,3,1983,297.74
208,3,1984,303.51
208,3,1985,311.18
208,3,1986,328.73
208,3,1987,338.4
208,3,1988,348.99
208,3,1989,360.98
208,3,1990,370.42
208,3,1991,387.87
208,3,1992,412.87
208,3,1993,436.83
208,3,1994,458.61
208,3,1995,479.82
208,3,1996,499.95
208,3,1997,519.97
208,3,1998,536.83
208,3,1999,551.53
208,3,2000,563.58
208,3,2001,583.27
208,3,2002,592.65
208,3,2003,599.69
208,3,2004,615.11
208,3,2005,626.83
208,3,2006,649.13
208,3,2007,662.44
208,3,2008,674.56
208,3,2009,692.57
208,3,2010,713.46
208,3,2011,731.13
208,3,2012,751.1
208,3,2013,775.09
208,3,2014,794.41
208,3,2015,802.18
208,3,2016,818.09
208,3,2017,835.52
208,3,2018,860.48
208,3,2019,888.98
208,3,2020,922.16
208,3,2021,946.75
208,3,2022,947.56
208,3,2023,972.31
209,3,1980,59.25
209,3,1981,60.58
209,3,1982,61.44
209,3,1983,62.23
209,3,1984,64.26
209,3,1985,65.21
209,3,1986,66.46
209,3,1987,67.79
209,3,1988,69.18
209,3,1989,71.39
209,3,1990,73.1
209,3,1991,74.82
209,3,1992,76.37
209,3,1993,77.94
209,3,1994,79.48
209,3,1995,80.21
209,3,1996,82.95
209,3,1997,83.29
209,3,1998,82.98
209,3,1999,83.57
209,3,2000,85.16
209,3,2001,87.54
209,3,2002,89.73
209,3,2003,91.84
209,3,2004,94.48
209,3,2005,97.76
209,3,2006,99.29
209,3,2007,103.26
209,3,2008,108.4
209,3,2009,111.92
209,3,2010,116.19
209,3,2011,120.5
209,3,2012,123.96
209,3,2013,127.96
209,3,2014,132.13
209,3,2015,136.71
209,3,2016,143.48
209,3,2017,147.88
209,3,2018,151.77
209,3,2019,160.03
209,3,2020,160.22
209,3,2021,166.6
209,3,2022,171.38
209,3,2023,180.83
210,3,1980,124.43
210,3,1981,128.81
210,3,1982,133.54
210,3,1983,138.28
210,3,1984,143.26
210,3,1985,148.17
210,3,1986,152.97
210,3,1987,158.57
210,3,1988,163.85
210,3,1989,169.89
210,3,1990,179.91
210,3,1991,162.09
210,3,1992,144.17
210,3,1993,159.19
210,3,1994,170.02
210,3,1995,159.64
210,3,1996,169.71
210,3,1997,168.76
210,3,1998,182.47
210,3,1999,198.29
210,3,2000,206.58
210,3,2001,211.07
210,3,2002,216.85
210,3,2003,220.52
210,3,2004,223.59
210,3,2005,224.19
210,3,2006,237.47
210,3,2007,252.51
210,3,2008,269.01
210,3,2009,287.91
210,3,2010,304.07
210,3,2011,315.92
210,3,2012,341.89
210,3,2013,362.37
210,3,2014,367.93
210,3,2015,375.06
210,3,2016,388.35
210,3,2017,402.21
210,3,2018,416.16
210,3,2019,439.57
210,3,2020,411.34
210,3,2021,404.42
210,3,2022,467.58
210,3,2023,488.48
211,3,1980,393.91
211,3,1981,353.24
211,3,1982,400.77
211,3,1983,403.6
211,3,1984,406.35
211,3,1985,413.84
211,3,1986,415.07
211,3,1987,416.89
211,3,1988,427.19
211,3,1989,435.31
211,3,1990,444.99
211,3,1991,454.83
211,3,1992,467.12
211,3,1993,478.47
211,3,1994,488.47
211,3,1995,500.61
211,3,1996,515.09
211,3,1997,525.03
211,3,1998,535.35
211,3,1999,543.83
211,3,2000,559.41
211,3,2001,573.29
211,3,2002,596.68
211,3,2003,615.36
211,3,2004,638.48
211,3,2005,662.69
211,3,2006,691.57
211,3,2007,728.27
211,3,2008,760.56
211,3,2009,793.93
211,3,2010,824.46
211,3,2011,852.57
211,3,2012,879.2
211,3,2013,925.52
211,3,2014,955.83
211,3,2015,996.45
211,3,2016,1052.76
211,3,2017,1097.34
211,3,2018,1132.51
211,3,2019,1162
211,3,2020,1140.1
211,3,2021,1146.26
211,3,2022,1212.29
211,3,2023,1251.04
212,3,1980,78.22
212,3,1981,81.93
212,3,1982,86.07
212,3,1983,88.65
212,3,1984,96.32
212,3,1985,101.89
212,3,1986,105.97
212,3,1987,110.72
212,3,1988,115.74
212,3,1989,119.99
212,3,1990,124.54
212,3,1991,126.69
212,3,1992,130.8
212,3,1993,135.42
212,3,1994,135.54
212,3,1995,137.79
212,3,1996,142.52
212,3,1997,144.97
212,3,1998,149.37
212,3,1999,148.35
212,3,2000,152.14
212,3,2001,155.67
212,3,2002,159.33
212,3,2003,159.73
212,3,2004,167.24
212,3,2005,171.71
212,3,2006,180.47
212,3,2007,180.53
212,3,2008,181.95
212,3,2009,191.85
212,3,2010,195.57
212,3,2011,199.05
212,3,2012,207.98
212,3,2013,216.75
212,3,2014,219.05
212,3,2015,223.19
212,3,2016,228.18
212,3,2017,240.34
212,3,2018,247.06
212,3,2019,261.77
212,3,2020,247.84
212,3,2021,250.93
212,3,2022,259.85
212,3,2023,276.36
213,3,1980,287.14
213,3,1981,297.11
213,3,1982,306.37
213,3,1983,314.64
213,3,1984,324.09
213,3,1985,333.86
213,3,1986,344.11
213,3,1987,355.61
213,3,1988,367.56
213,3,1989,380.12
213,3,1990,392.96
213,3,1991,407.75
213,3,1992,425.25
213,3,1993,447.5
213,3,1994,465.38
213,3,1995,486.35
213,3,1996,503.1
213,3,1997,524.02
213,3,1998,543.79
213,3,1999,561.96
213,3,2000,587.62
213,3,2001,609.61
213,3,2002,632.73
213,3,2003,653.41
213,3,2004,668.59
213,3,2005,701.33
213,3,2006,733.99
213,3,2007,769.86
213,3,2008,797.67
213,3,2009,844.42
213,3,2010,876.96
213,3,2011,922.28
213,3,2012,974.53
213,3,2013,1031.9
213,3,2014,1079.17
213,3,2015,1106.69
213,3,2016,1152.18
213,3,2017,1204.54
213,3,2018,1246.63
213,3,2019,1300.68
213,3,2020,1312.62
213,3,2021,1379.39
213,3,2022,1453.76
213,3,2023,1495.37
214,3,1980,2590.65
214,3,1981,2685.76
214,3,1982,2749.73
214,3,1983,2835.14
214,3,1984,2918.38
214,3,1985,2999.24
214,3,1986,3074.47
214,3,1987,3188.24
214,3,1988,3278.32
214,3,1989,3416.41
214,3,1990,3534.32
214,3,1991,3679.36
214,3,1992,3796.69
214,3,1993,3924.63
214,3,1994,4040.16
214,3,1995,4178
214,3,1996,4332.12
214,3,1997,4512.61
214,3,1998,4718.73
214,3,1999,4896.19
214,3,2000,5087.91
214,3,2001,5233.33
214,3,2002,5400.82
214,3,2003,5496.48
214,3,2004,5602.65
214,3,2005,5698.1
214,3,2006,5739.77
214,3,2007,5719.37
214,3,2008,5702.57
214,3,2009,5757.96
214,3,2010,5844.73
214,3,2011,5875.99
214,3,2012,5940.36
214,3,2013,6075.38
214,3,2014,6178.12
214,3,2015,6190.74
214,3,2016,6407.24
214,3,2017,6530.56
214,3,2018,6709.69
214,3,2019,6900.46
214,3,2020,6912.99
214,3,2021,7271.91
214,3,2022,7369.15
214,3,2023,7511.09
215,3,1980,1.29
215,3,1981,1.32
215,3,1982,1.34
215,3,1983,1.36
215,3,1984,1.38
215,3,1985,1.42
215,3,1986,1.4
215,3,1987,1.46
215,3,1988,1.54
215,3,1989,1.6
215,3,1990,1.65
215,3,1991,1.67
215,3,1992,1.68
215,3,1993,1.71
215,3,1994,1.71
215,3,1995,1.64
215,3,1996,1.66
215,3,1997,1.68
215,3,1998,1.72
215,3,1999,1.75
215,3,2000,1.75
215,3,2001,1.8
215,3,2002,1.86
215,3,2003,1.92
215,3,2004,1.96
215,3,2005,2
215,3,2006,2.14
215,3,2007,2.21
215,3,2008,2.28
215,3,2009,2.37
215,3,2010,2.51
215,3,2011,2.58
215,3,2012,2.67
215,3,2013,2.8
215,3,2014,2.96
215,3,2015,3.12
215,3,2016,3.3
215,3,2017,3.46
215,3,2018,3.57
215,3,2019,3.68
215,3,2020,3.41
215,3,2021,3.52
215,3,2022,3.73
215,3,2023,3.89
216,3,1980,292.68
216,3,1981,298.29
216,3,1982,300.65
216,3,1983,306.22
216,3,1984,314.91
216,3,1985,326.02
216,3,1986,330.47
216,3,1987,342.97
216,3,1988,365.91
216,3,1989,407.92
216,3,1990,413.68
216,3,1991,434.42
216,3,1992,453.64
216,3,1993,471.23
216,3,1994,495.69
216,3,1995,507.95
216,3,1996,527.48
216,3,1997,536.86
216,3,1998,551.75
216,3,1999,561.66
216,3,2000,550.44
216,3,2001,639.38
216,3,2002,646.22
216,3,2003,625.7
216,3,2004,664.8
216,3,2005,678.96
216,3,2006,681.39
216,3,2007,711.11
216,3,2008,740.19
216,3,2009,772.63
216,3,2010,755.67
216,3,2011,783.52
216,3,2012,783.61
216,3,2013,832.12
216,3,2014,889.79
216,3,2015,894.93
216,3,2016,953.46
216,3,2017,978.76
216,3,2018,992.27
216,3,2019,1071.6
216,3,2020,999.66
216,3,2021,957.11
216,3,2022,1143.61
216,3,2023,1214.25
217,3,1980,273.68
217,3,1981,280.67
217,3,1982,287.9
217,3,1983,294.91
217,3,1984,302.22
217,3,1985,308.86
217,3,1986,315.93
217,3,1987,324.19
217,3,1988,330.91
217,3,1989,336.72
217,3,1990,344.47
217,3,1991,358.98
217,3,1992,365.6
217,3,1993,358.75
217,3,1994,359.04
217,3,1995,365.53
217,3,1996,366.63
217,3,1997,367.85
217,3,1998,376.11
217,3,1999,375.79
217,3,2000,374.11
217,3,2001,382.58
217,3,2002,406.75
217,3,2003,428.74
217,3,2004,449.26
217,3,2005,469.47
217,3,2006,491.33
217,3,2007,509.41
217,3,2008,520.25
217,3,2009,541.42
217,3,2010,570.98
217,3,2011,589.1
217,3,2012,622.86
217,3,2013,647.77
217,3,2014,666.6
217,3,2015,679.8
217,3,2016,697.08
217,3,2017,715.13
217,3,2018,723.08
217,3,2019,745.37
217,3,2020,734.7
217,3,2021,766.79
217,3,2022,771.53
217,3,2023,794.27
218,3,1980,136.78
218,3,1981,142.32
218,3,1982,148.75
218,3,1983,155.27
218,3,1984,161.32
218,3,1985,168.03
218,3,1986,174.53
218,3,1987,182.66
218,3,1988,190.21
218,3,1989,198.76
218,3,1990,208.35
218,3,1991,218.45
218,3,1992,228.44
218,3,1993,238.86
218,3,1994,248.64
218,3,1995,257.82
218,3,1996,267.32
218,3,1997,277
218,3,1998,288.83
218,3,1999,297.36
218,3,2000,310.67
218,3,2001,321.77
218,3,2002,334.46
218,3,2003,346.61
218,3,2004,357.42
218,3,2005,370.77
218,3,2006,382.36
218,3,2007,390.78
218,3,2008,410.93
218,3,2009,437.69
218,3,2010,463.7
218,3,2011,483.75
218,3,2012,492.32
218,3,2013,501.35
218,3,2014,512.23
218,3,2015,527.24
218,3,2016,554.66
218,3,2017,578.89
218,3,2018,598.45
218,3,2019,625.07
218,3,2020,633.86
218,3,2021,651.16
218,3,2022,650.96
218,3,2023,665.85
298,3,1980,1.72
298,3,1981,1.78
298,3,1982,1.84
298,3,1983,1.91
298,3,1984,1.98
298,3,1985,2.06
298,3,1986,2.13
298,3,1987,2.2
298,3,1988,2.29
298,3,1989,2.38
298,3,1990,2.48
298,3,1991,2.58
298,3,1992,2.66
298,3,1993,2.71
298,3,1994,2.78
298,3,1995,2.83
298,3,1996,2.87
298,3,1997,2.9
298,3,1998,2.86
298,3,1999,2.82
298,3,2000,2.88
298,3,2001,2.91
298,3,2002,2.85
298,3,2003,2.85
298,3,2004,2.78
298,3,2005,2.71
298,3,2006,2.68
298,3,2007,2.65
298,3,2008,2.7
298,3,2009,2.71
298,3,2010,2.73
298,3,2011,2.76
298,3,2012,2.79
298,3,2013,2.85
298,3,2014,2.93
298,3,2015,3
298,3,2016,3.05
298,3,2017,3.04
298,3,2018,3.03
298,3,2019,3.03
298,3,2020,2.9
298,3,2021,2.75
298,3,2022,2.77
298,3,2023,2.68
305,3,1980,3.34
305,3,1981,3.45
305,3,1982,3.42
305,3,1983,3.43
305,3,1984,3.42
305,3,1985,3.41
305,3,1986,3.51
305,3,1987,3.54
305,3,1988,3.63
305,3,1989,3.77
305,3,1990,3.91
305,3,1991,3.75
305,3,1992,3.75
305,3,1993,3.7
305,3,1994,3.45
305,3,1995,3.24
305,3,1996,3.22
305,3,1997,3.18
305,3,1998,3.26
305,3,1999,3.26
305,3,2000,3.02
305,3,2001,2.89
305,3,2002,2.81
305,3,2003,2.75
305,3,2004,2.7
305,3,2005,2.56
305,3,2006,2.47
305,3,2007,2.41
305,3,2008,2.49
305,3,2009,2.55
305,3,2010,2.64
305,3,2011,2.6
305,3,2012,2.6
305,3,2013,2.6
305,3,2014,2.58
305,3,2015,2.55
305,3,2016,2.52
305,3,2017,2.57
305,3,2018,2.58
305,3,2019,2.61
305,3,2020,2.57
305,3,2021,2.61
305,3,2022,2.65
305,3,2023,2.71
320,3,1980,3.62
320,3,1981,3.66
320,3,1982,3.69
320,3,1983,3.69
320,3,1984,3.66
320,3,1985,3.63
320,3,1986,3.57
320,3,1987,3.55
320,3,1988,3.5
320,3,1989,3.46
320,3,1990,3.58
320,3,1991,3.64
320,3,1992,3.64
320,3,1993,3.65
320,3,1994,3.64
320,3,1995,3.59
320,3,1996,3.53
320,3,1997,3.53
320,3,1998,3.5
320,3,1999,3.43
320,3,2000,3.37
320,3,2001,3.29
320,3,2002,3.24
320,3,2003,3.26
320,3,2004,3.27
320,3,2005,3.32
320,3,2006,3.3
320,3,2007,3.28
320,3,2008,3.28
320,3,2009,3.2
320,3,2010,3.19
320,3,2011,3.18
320,3,2012,3.16
320,3,2013,3.09
320,3,2014,3.06
320,3,2015,3.06
320,3,2016,2.93
320,3,2017,2.76
320,3,2018,2.59
320,3,2019,2.45
320,3,2020,2.26
320,3,2021,2
320,3,2022,1.98
320,3,2023,1.87
349,3,1980,58.2
349,3,1981,60.91
349,3,1982,62.77
349,3,1983,64.11
349,3,1984,65.42
349,3,1985,66.39
349,3,1986,67
349,3,1987,67.47
349,3,1988,68.1
349,3,1989,68.42
349,3,1990,67.64
349,3,1991,66.01
349,3,1992,64.45
349,3,1993,63
349,3,1994,62.06
349,3,1995,61.67
349,3,1996,60.46
349,3,1997,59.69
349,3,1998,58.67
349,3,1999,57.62
349,3,2000,56.79
349,3,2001,56.21
349,3,2002,56.26
349,3,2003,55.46
349,3,2004,56
349,3,2005,56.04
349,3,2006,55.38
349,3,2007,54.85
349,3,2008,54.5
349,3,2009,53.66
349,3,2010,53.78
349,3,2011,53.25
349,3,2012,52.51
349,3,2013,51.36
349,3,2014,50.28
349,3,2015,49.1
349,3,2016,48.05
349,3,2017,46.98
349,3,2018,46.03
349,3,2019,45.13
349,3,2020,43.95
349,3,2021,44.74
349,3,2022,43.57
349,3,2023,42.78
351,3,1980,19.46
351,3,1981,19.07
351,3,1982,18.79
351,3,1983,19.09
351,3,1984,19.38
351,3,1985,19.57
351,3,1986,20.02
351,3,1987,20.33
351,3,1988,20.7
351,3,1989,21.14
351,3,1990,21.8
351,3,1991,22.31
351,3,1992,22.59
351,3,1993,22.92
351,3,1994,23.5
351,3,1995,25.82
351,3,1996,26.63
351,3,1997,25.25
351,3,1998,23.75
351,3,1999,20.76
351,3,2000,25.03
351,3,2001,26.4
351,3,2002,23.08
351,3,2003,24.16
351,3,2004,21.79
351,3,2005,22.85
351,3,2006,21.54
351,3,2007,23.36
351,3,2008,27.48
351,3,2009,27.1
351,3,2010,27.47
351,3,2011,27.65
351,3,2012,27.31
351,3,2013,25.44
351,3,2014,27.94
351,3,2015,34.16
351,3,2016,39.48
351,3,2017,37.02
351,3,2018,35.67
351,3,2019,34.84
351,3,2020,34.21
351,3,2021,30.65
351,3,2022,31.72
351,3,2023,31.42
367,3,1980,6.03
367,3,1981,6.04
367,3,1982,6.08
367,3,1983,6.04
367,3,1984,6.05
367,3,1985,6.05
367,3,1986,6.05
367,3,1987,5.89
367,3,1988,5.97
367,3,1989,6.01
367,3,1990,6.03
367,3,1991,6.07
367,3,1992,6.1
367,3,1993,6.13
367,3,1994,6.17
367,3,1995,6.18
367,3,1996,6.17
367,3,1997,6.08
367,3,1998,5.98
367,3,1999,5.89
367,3,2000,5.79
367,3,2001,5.71
367,3,2002,5.69
367,3,2003,5.73
367,3,2004,5.79
367,3,2005,5.94
367,3,2006,5.96
367,3,2007,6.04
367,3,2008,6.2
367,3,2009,6.31
367,3,2010,6.44
367,3,2011,6.53
367,3,2012,6.65
367,3,2013,6.84
367,3,2014,6.91
367,3,2015,7.12
367,3,2016,7.09
367,3,2017,7.07
367,3,2018,7.15
367,3,2019,7.18
367,3,2020,6.81
367,3,2021,6.94
367,3,2022,6.84
367,3,2023,6.89
369,3,1980,1.68
369,3,1981,1.7
369,3,1982,1.73
369,3,1983,1.74
369,3,1984,1.76
369,3,1985,1.73
369,3,1986,1.75
369,3,1987,1.76
369,3,1988,1.77
369,3,1989,1.79
369,3,1990,1.79
369,3,1991,1.81
369,3,1992,1.8
369,3,1993,1.83
369,3,1994,1.85
369,3,1995,1.9
369,3,1996,1.91
369,3,1997,1.95
369,3,1998,1.98
369,3,1999,2
369,3,2000,2.01
369,3,2001,2.01
369,3,2002,1.99
369,3,2003,1.97
369,3,2004,1.96
369,3,2005,1.95
369,3,2006,1.92
369,3,2007,1.91
369,3,2008,1.88
369,3,2009,1.85
369,3,2010,1.83
369,3,2011,1.81
369,3,2012,1.81
369,3,2013,1.83
369,3,2014,1.85
369,3,2015,1.87
369,3,2016,1.89
369,3,2017,1.94
369,3,2018,1.95
369,3,2019,1.98
369,3,2020,1.97
369,3,2021,1.93
369,3,2022,1.98
369,3,2023,1.98
374,3,1980,0.45
374,3,1981,0.44
374,3,1982,0.43
374,3,1983,0.41
374,3,1984,0.39
374,3,1985,0.36
374,3,1986,0.34
374,3,1987,0.32
374,3,1988,0.32
374,3,1989,0.32
374,3,1990,0.32
374,3,1991,0.32
374,3,1992,0.33
374,3,1993,0.33
374,3,1994,0.33
374,3,1995,0.33
374,3,1996,0.32
374,3,1997,0.32
374,3,1998,0.31
374,3,1999,0.3
374,3,2000,0.28
374,3,2001,0.27
374,3,2002,0.26
374,3,2003,0.25
374,3,2004,0.24
374,3,2005,0.24
374,3,2006,0.23
374,3,2007,0.23
374,3,2008,0.22
374,3,2009,0.22
374,3,2010,0.22
374,3,2011,0.22
374,3,2012,0.22
374,3,2013,0.22
374,3,2014,0.21
374,3,2015,0.21
374,3,2016,0.21
374,3,2017,0.21
374,3,2018,0.2
374,3,2019,0.2
374,3,2020,0.18
374,3,2021,0.17
374,3,2022,0.18
374,3,2023,0.17
376,3,1980,2.78
376,3,1981,3.08
376,3,1982,3.45
376,3,1983,3.84
376,3,1984,4.29
376,3,1985,4.78
376,3,1986,5.32
376,3,1987,5.97
376,3,1988,6.75
376,3,1989,7.64
376,3,1990,8.3
376,3,1991,8.64
376,3,1992,8.64
376,3,1993,8.48
376,3,1994,8.34
376,3,1995,8.39
376,3,1996,8.74
376,3,1997,9.47
376,3,1998,10.51
376,3,1999,11.41
376,3,2000,12.12
376,3,2001,11.89
376,3,2002,11.2
376,3,2003,10.45
376,3,2004,9.84
376,3,2005,9.46
376,3,2006,9.32
376,3,2007,9.3
376,3,2008,9.29
376,3,2009,9.18
376,3,2010,8.95
376,3,2011,8.65
376,3,2012,8.5
376,3,2013,8.4
376,3,2014,8.34
376,3,2015,8.18
376,3,2016,8.19
376,3,2017,8.26
376,3,2018,8.35
376,3,2019,8.32
376,3,2020,8.33
376,3,2021,8.09
376,3,2022,8.3
376,3,2023,8.15
380,3,1980,1.64
380,3,1981,1.66
380,3,1982,1.69
380,3,1983,1.72
380,3,1984,1.75
380,3,1985,1.78
380,3,1986,1.81
380,3,1987,1.92
380,3,1988,1.97
380,3,1989,2.03
380,3,1990,2.09
380,3,1991,2.16
380,3,1992,2.23
380,3,1993,2.31
380,3,1994,2.38
380,3,1995,2.45
380,3,1996,2.52
380,3,1997,2.6
380,3,1998,2.68
380,3,1999,2.75
380,3,2000,2.79
380,3,2001,2.83
380,3,2002,2.85
380,3,2003,2.85
380,3,2004,2.87
380,3,2005,2.85
380,3,2006,2.79
380,3,2007,2.72
380,3,2008,2.65
380,3,2009,2.58
380,3,2010,2.5
380,3,2011,2.32
380,3,2012,2.29
380,3,2013,2.28
380,3,2014,2.27
380,3,2015,2.25
380,3,2016,2.25
380,3,2017,2.24
380,3,2018,2.2
380,3,2019,2.1
380,3,2020,2.05
380,3,2021,1.96
380,3,2022,1.94
380,3,2023,1.9
385,3,1980,282.05
385,3,1981,288.05
385,3,1982,295.81
385,3,1983,303.65
385,3,1984,296.31
385,3,1985,288.99
385,3,1986,304.71
385,3,1987,307.97
385,3,1988,336.08
385,3,1989,356.13
385,3,1990,379.09
385,3,1991,374.09
385,3,1992,368.79
385,3,1993,377.49
385,3,1994,366.71
385,3,1995,346.91
385,3,1996,341.25
385,3,1997,316.46
385,3,1998,326.07
385,3,1999,316.63
385,3,2000,310.17
385,3,2001,296.42
385,3,2002,271.55
385,3,2003,275.47
385,3,2004,281.53
385,3,2005,277.06
385,3,2006,268.3
385,3,2007,269.53
385,3,2008,281.91
385,3,2009,294.79
385,3,2010,276.96
385,3,2011,264.41
385,3,2012,249.32
385,3,2013,251.72
385,3,2014,247.53
385,3,2015,247.28
385,3,2016,236.36
385,3,2017,253.22
385,3,2018,242.06
385,3,2019,221.44
385,3,2020,215.75
385,3,2021,214.05
385,3,2022,210.55
385,3,2023,206.44
393,3,1980,1.85
393,3,1981,1.85
393,3,1982,1.83
393,3,1983,1.78
393,3,1984,1.67
393,3,1985,1.63
393,3,1986,1.65
393,3,1987,1.64
393,3,1988,1.68
393,3,1989,1.71
393,3,1990,1.71
393,3,1991,1.65
393,3,1992,1.66
393,3,1993,1.67
393,3,1994,1.62
393,3,1995,1.62
393,3,1996,1.66
393,3,1997,1.71
393,3,1998,1.75
393,3,1999,1.76
393,3,2000,1.72
393,3,2001,1.7
393,3,2002,1.66
393,3,2003,1.65
393,3,2004,1.68
393,3,2005,1.64
393,3,2006,1.6
393,3,2007,1.59
393,3,2008,1.62
393,3,2009,1.66
393,3,2010,1.7
393,3,2011,1.72
393,3,2012,1.72
393,3,2013,1.7
393,3,2014,1.67
393,3,2015,1.66
393,3,2016,1.57
393,3,2017,1.54
393,3,2018,1.52
393,3,2019,1.5
393,3,2020,1.45
393,3,2021,1.46
393,3,2022,1.46
393,3,2023,1.48
396,3,1980,2.42
396,3,1981,2.41
396,3,1982,2.4
396,3,1983,2.42
396,3,1984,2.39
396,3,1985,2.38
396,3,1986,2.36
396,3,1987,2.33
396,3,1988,2.33
396,3,1989,2.34
396,3,1990,2.37
396,3,1991,2.41
396,3,1992,2.45
396,3,1993,2.48
396,3,1994,2.55
396,3,1995,2.58
396,3,1996,2.58
396,3,1997,2.6
396,3,1998,2.6
396,3,1999,2.59
396,3,2000,2.59
396,3,2001,2.58
396,3,2002,2.57
396,3,2003,2.59
396,3,2004,2.56
396,3,2005,2.55
396,3,2006,2.54
396,3,2007,2.54
396,3,2008,2.54
396,3,2009,2.6
396,3,2010,2.63
396,3,2011,2.66
396,3,2012,2.71
396,3,2013,2.69
396,3,2014,2.65
396,3,2015,2.62
396,3,2016,2.61
396,3,2017,2.6
396,3,2018,2.55
396,3,2019,2.51
396,3,2020,2.18
396,3,2021,2.2
396,3,2022,2.11
396,3,2023,2.58
413,3,1980,0.16
413,3,1981,0.17
413,3,1982,0.17
413,3,1983,0.17
413,3,1984,0.17
413,3,1985,0.18
413,3,1986,0.18
413,3,1987,0.17
413,3,1988,0.17
413,3,1989,0.17
413,3,1990,0.16
413,3,1991,0.16
413,3,1992,0.16
413,3,1993,0.16
413,3,1994,0.16
413,3,1995,0.16
413,3,1996,0.16
413,3,1997,0.16
413,3,1998,0.16
413,3,1999,0.16
413,3,2000,0.16
413,3,2001,0.16
413,3,2002,0.16
413,3,2003,0.15
413,3,2004,0.15
413,3,2005,0.15
413,3,2006,0.15
413,3,2007,0.15
413,3,2008,0.15
413,3,2009,0.14
413,3,2010,0.14
413,3,2011,0.14
413,3,2012,0.14
413,3,2013,0.14
413,3,2014,0.14
413,3,2015,0.14
413,3,2016,0.14
413,3,2017,0.14
413,3,2018,0.14
413,3,2019,0.13
413,3,2020,0.12
413,3,2021,0.12
413,3,2022,0.12
413,3,2023,0.12
416,3,1980,1.16
416,3,1981,1.21
416,3,1982,1.24
416,3,1983,1.26
416,3,1984,1.26
416,3,1985,1.26
416,3,1986,1.26
416,3,1987,1.25
416,3,1988,1.23
416,3,1989,1.23
416,3,1990,1.23
416,3,1991,1.19
416,3,1992,1.18
416,3,1993,1.16
416,3,1994,1.15
416,3,1995,1.15
416,3,1996,1.15
416,3,1997,1.15
416,3,1998,1.15
416,3,1999,1.16
416,3,2000,1.16
416,3,2001,1.16
416,3,2002,1.16
416,3,2003,1.17
416,3,2004,1.18
416,3,2005,1.21
416,3,2006,1.23
416,3,2007,1.27
416,3,2008,1.29
416,3,2009,1.34
416,3,2010,1.38
416,3,2011,1.43
416,3,2012,1.47
416,3,2013,1.5
416,3,2014,1.52
416,3,2015,1.54
416,3,2016,1.61
416,3,2017,1.58
416,3,2018,1.61
416,3,2019,1.66
416,3,2020,1.63
416,3,2021,1.4
416,3,2022,1.37
416,3,2023,1.42
422,3,1980,6.97
422,3,1981,7.17
422,3,1982,7.4
422,3,1983,7.37
422,3,1984,7.37
422,3,1985,7.37
422,3,1986,7.37
422,3,1987,7.18
422,3,1988,7.13
422,3,1989,7.32
422,3,1990,7.42
422,3,1991,7.56
422,3,1992,7.74
422,3,1993,7.91
422,3,1994,8.15
422,3,1995,8.07
422,3,1996,8.11
422,3,1997,8.12
422,3,1998,8.49
422,3,1999,8.69
422,3,2000,8.45
422,3,2001,8.37
422,3,2002,8.11
422,3,2003,8.43
422,3,2004,8.27
422,3,2005,7.81
422,3,2006,7.79
422,3,2007,7.68
422,3,2008,7.64
422,3,2009,7.75
422,3,2010,7.86
422,3,2011,7.93
422,3,2012,7.87
422,3,2013,7.72
422,3,2014,7.31
422,3,2015,7.12
422,3,2016,6.9
422,3,2017,7.18
422,3,2018,7.05
422,3,2019,6.59
422,3,2020,6.54
422,3,2021,6.49
422,3,2022,6.33
422,3,2023,6.3
435,3,1980,509.23
435,3,1981,519.36
435,3,1982,532.99
435,3,1983,548.01
435,3,1984,548.41
435,3,1985,618.97
435,3,1986,636.31
435,3,1987,645.42
435,3,1988,647.61
435,3,1989,672.05
435,3,1990,648.31
435,3,1991,656.89
435,3,1992,681.19
435,3,1993,702.71
435,3,1994,721.06
435,3,1995,763.72
435,3,1996,767.61
435,3,1997,739.32
435,3,1998,755.12
435,3,1999,762.76
435,3,2000,779.34
435,3,2001,758.9
435,3,2002,761.95
435,3,2003,789.61
435,3,2004,813.3
435,3,2005,816.34
435,3,2006,844.66
435,3,2007,856.14
435,3,2008,859.2
435,3,2009,876.47
435,3,2010,887.23
435,3,2011,899.44
435,3,2012,934.82
435,3,2013,976.67
435,3,2014,1015.93
435,3,2015,1030.58
435,3,2016,1040.03
435,3,2017,1030.99
435,3,2018,989.42
435,3,2019,977.07
435,3,2020,1017.98
435,3,2021,1069.25
435,3,2022,1047.47
435,3,2023,1057.35
522,3,1980,525.67
522,3,1981,543.33
522,3,1982,564.06
522,3,1983,584.98
522,3,1984,608.23
522,3,1985,630.04
522,3,1986,656.26
522,3,1987,679.76
522,3,1988,693.72
522,3,1989,712.94
522,3,1990,739.59
522,3,1991,779.64
522,3,1992,817.69
522,3,1993,854.93
522,3,1994,876.1
522,3,1995,901.73
522,3,1996,923.63
522,3,1997,931.47
522,3,1998,944.87
522,3,1999,961.82
522,3,2000,982.85
522,3,2001,1003.23
522,3,2002,1018.35
522,3,2003,1016.74
522,3,2004,1025.63
522,3,2005,1019.36
522,3,2006,1025.59
522,3,2007,1041.15
522,3,2008,1069.97
522,3,2009,1103.67
522,3,2010,1121.75
522,3,2011,1137.64
522,3,2012,1161.31
522,3,2013,1189.01
522,3,2014,1220.72
522,3,2015,1233.42
522,3,2016,1263.44
522,3,2017,1289.37
522,3,2018,1327.85
522,3,2019,1375.69
522,3,2020,1441.38
522,3,2021,1446.01
522,3,2022,1491.1
522,3,2023,1488.33
